
╭──────────────────────────────────────────────────────────────────────────────────────────────────────────────────────╮
├──────────────────────────────────────────────────── Metric Table ────────────────────────────────────────────────────┤
│ Global Step:    1/250 │ Progress: ░░░░░░░░░░░░░░░░░░░░░░░░░░░░░░░░░░░░░░░░ │   0.4%                                  │
│ Elapsed: 02:09 │ ETA: 08:57:35 │ Step Time: 129.541s                                                                 │
├──────────────────────────────────────────────────────── Time ────────────────────────────────────────────────────────┤
│                                                                                                                      │
│actor/actor/compute_adv=3.85e-05       │actor/actor/recv_traj=127.8            │actor/actor/sync_model_to_rollout=1.2…│
│cal_adv_and_returns=0.0034             │env/compute_bootstrap_rewards=0.0023   │env/env/bootstrap_step=32.376         │
│env/env/send_rollout_trajectories=0.443│env/env_interact_step=87.331           │env/interact=127.7                    │
│env/run_interact_once=127.1            │generate_rollouts=127.9                │rollout/generate_one_epoch=126.6      │
│rollout/rollout/generate=126.6         │step=129.5                             │sync_weights=1.638                    │
│                                                                                                                      │
├──────────────────────────────────────────────────── Environment ─────────────────────────────────────────────────────┤
│                                                                                                                      │
│episode_len=200.0                      │num_trajectories=8                     │return=1.25                           │
│reward=0.00625                         │success_once=0.125                     │                                      │
│                                                                                                                      │
├─────────────────────────────────────────────────── Replay Buffer ────────────────────────────────────────────────────┤
│                                                                                                                      │
│cache_size=75.500                      │num_trajectories=75.500                │total_samples=75.500                  │
│                                                                                                                      │
├─────────────────────────────────────────────────── Training/Other ───────────────────────────────────────────────────┤
│                                                                                                                      │
│replay/actor_switch_rate=0.0000        │replay/done_rate=0.053                 │replay/intervention_rate=0.0000       │
│replay/intervention_requested_rate=0.0…│replay/record_transition_rate=1.000    │replay/reward_mean=0.0070             │
│replay/reward_positive_rate=0.0070     │replay/transition_count=75.500         │rlt/actor_updates_run=0.0000          │
│rlt/critic_updates_run=0.0000          │rlt/desired_total_updates=0.0000       │rlt/global_min_replay_size=71.000     │
│rlt/global_total_transitions_added=151…│rlt/global_transitions_since_train=151…│rlt/max_updates_per_train_step=1600.0 │
│rlt/min_replay_buffer_size=10000.0     │rlt/pending_update_budget=0.0000       │rlt/ready_for_online=0.0000           │
│rlt/should_train=0.0000                │rlt/skip_reason=1.000                  │rlt/train_every_episodes=0.0000       │
│rlt/train_every_transitions=1.000      │rlt/update_epoch=5.000                 │rlt/update_step=0.0000                │
│rlt/updates_scheduled=0.0000           │rlt/updates_to_run=0.0000              │rlt/warmup_required_updates=3.00e+04  │
│                                                                                                                      │
╰──────────────────────────────────────────────────────────────────────────────────────────────────────────────────────╯


╭──────────────────────────────────────────────────────────────────────────────────────────────────────────────────────╮
├──────────────────────────────────────────────────── Metric Table ────────────────────────────────────────────────────┤
│ Global Step:    2/250 │ Progress: ░░░░░░░░░░░░░░░░░░░░░░░░░░░░░░░░░░░░░░░░ │   0.8%                                  │
│ Elapsed: 04:02 │ ETA: 08:20:45 │ Step Time: 121.153s                                                                 │
├──────────────────────────────────────────────────────── Time ────────────────────────────────────────────────────────┤
│                                                                                                                      │
│actor/actor/compute_adv=2.91e-05       │actor/actor/recv_traj=112.1            │actor/actor/sync_model_to_rollout=0.0…│
│cal_adv_and_returns=0.0034             │env/compute_bootstrap_rewards=0.0022   │env/env/bootstrap_step=31.950         │
│env/env/send_rollout_trajectories=0.445│env/env_interact_step=72.775           │env/interact=112.1                    │
│env/run_interact_once=111.4            │generate_rollouts=112.3                │rollout/generate_one_epoch=110.9      │
│rollout/rollout/generate=110.9         │step=112.7                             │sync_weights=0.486                    │
│                                                                                                                      │
├──────────────────────────────────────────────────── Environment ─────────────────────────────────────────────────────┤
│                                                                                                                      │
│episode_len=200.0                      │num_trajectories=8                     │return=2.375                          │
│reward=0.011875                        │success_once=0.25                      │                                      │
│                                                                                                                      │
├─────────────────────────────────────────────────── Replay Buffer ────────────────────────────────────────────────────┤
│                                                                                                                      │
│cache_size=147.0                       │num_trajectories=147.0                 │total_samples=147.0                   │
│                                                                                                                      │
├─────────────────────────────────────────────────── Training/Other ───────────────────────────────────────────────────┤
│                                                                                                                      │
│replay/actor_switch_rate=0.0000        │replay/done_rate=0.056                 │replay/intervention_rate=0.0000       │
│replay/intervention_requested_rate=0.0…│replay/record_transition_rate=1.000    │replay/reward_mean=0.014              │
│replay/reward_positive_rate=0.014      │replay/transition_count=71.500         │rlt/actor_updates_run=0.0000          │
│rlt/critic_updates_run=0.0000          │rlt/desired_total_updates=0.0000       │rlt/global_min_replay_size=143.0      │
│rlt/global_total_transitions_added=294…│rlt/global_transitions_since_train=294…│rlt/max_updates_per_train_step=1600.0 │
│rlt/min_replay_buffer_size=10000.0     │rlt/pending_update_budget=0.0000       │rlt/ready_for_online=0.0000           │
│rlt/should_train=0.0000                │rlt/skip_reason=1.000                  │rlt/train_every_episodes=0.0000       │
│rlt/train_every_transitions=1.000      │rlt/update_epoch=5.000                 │rlt/update_step=0.0000                │
│rlt/updates_scheduled=0.0000           │rlt/updates_to_run=0.0000              │rlt/warmup_required_updates=3.00e+04  │
│                                                                                                                      │
╰──────────────────────────────────────────────────────────────────────────────────────────────────────────────────────╯


╭──────────────────────────────────────────────────────────────────────────────────────────────────────────────────────╮
├──────────────────────────────────────────────────── Metric Table ────────────────────────────────────────────────────┤
│ Global Step:    3/250 │ Progress: ░░░░░░░░░░░░░░░░░░░░░░░░░░░░░░░░░░░░░░░░ │   1.2%                                  │
│ Elapsed: 06:10 │ ETA: 08:28:47 │ Step Time: 123.591s                                                                 │
├──────────────────────────────────────────────────────── Time ────────────────────────────────────────────────────────┤
│                                                                                                                      │
│actor/actor/compute_adv=3.42e-05       │actor/actor/recv_traj=127.9            │actor/actor/sync_model_to_rollout=0.0…│
│cal_adv_and_returns=0.0029             │env/compute_bootstrap_rewards=0.0019   │env/env/bootstrap_step=32.238         │
│env/env/send_rollout_trajectories=0.429│env/env_interact_step=87.769           │env/interact=127.9                    │
│env/run_interact_once=127.2            │generate_rollouts=128.0                │rollout/generate_one_epoch=126.8      │
│rollout/rollout/generate=126.8         │step=128.5                             │sync_weights=0.470                    │
│                                                                                                                      │
├──────────────────────────────────────────────────── Environment ─────────────────────────────────────────────────────┤
│                                                                                                                      │
│episode_len=200.0                      │num_trajectories=8                     │return=1.25                           │
│reward=0.00625                         │success_once=0.125                     │                                      │
│                                                                                                                      │
├─────────────────────────────────────────────────── Replay Buffer ────────────────────────────────────────────────────┤
│                                                                                                                      │
│cache_size=222.5                       │num_trajectories=222.5                 │total_samples=222.5                   │
│                                                                                                                      │
├─────────────────────────────────────────────────── Training/Other ───────────────────────────────────────────────────┤
│                                                                                                                      │
│replay/actor_switch_rate=0.0000        │replay/done_rate=0.053                 │replay/intervention_rate=0.0000       │
│replay/intervention_requested_rate=0.0…│replay/record_transition_rate=1.000    │replay/reward_mean=0.0070             │
│replay/reward_positive_rate=0.0070     │replay/transition_count=75.500         │rlt/actor_updates_run=0.0000          │
│rlt/critic_updates_run=0.0000          │rlt/desired_total_updates=0.0000       │rlt/global_min_replay_size=222.0      │
│rlt/global_total_transitions_added=445…│rlt/global_transitions_since_train=445…│rlt/max_updates_per_train_step=1600.0 │
│rlt/min_replay_buffer_size=10000.0     │rlt/pending_update_budget=0.0000       │rlt/ready_for_online=0.0000           │
│rlt/should_train=0.0000                │rlt/skip_reason=1.000                  │rlt/train_every_episodes=0.0000       │
│rlt/train_every_transitions=1.000      │rlt/update_epoch=5.000                 │rlt/update_step=0.0000                │
│rlt/updates_scheduled=0.0000           │rlt/updates_to_run=0.0000              │rlt/warmup_required_updates=3.00e+04  │
│                                                                                                                      │
╰──────────────────────────────────────────────────────────────────────────────────────────────────────────────────────╯


╭──────────────────────────────────────────────────────────────────────────────────────────────────────────────────────╮
├──────────────────────────────────────────────────── Metric Table ────────────────────────────────────────────────────┤
│ Global Step:    4/250 │ Progress: ░░░░░░░░░░░░░░░░░░░░░░░░░░░░░░░░░░░░░░░░ │   1.6%                                  │
│ Elapsed: 08:03 │ ETA: 08:15:06 │ Step Time: 120.758s                                                                 │
├──────────────────────────────────────────────────────── Time ────────────────────────────────────────────────────────┤
│                                                                                                                      │
│actor/actor/compute_adv=1.12e-05       │actor/actor/recv_traj=111.7            │actor/actor/sync_model_to_rollout=0.0…│
│cal_adv_and_returns=0.0026             │env/compute_bootstrap_rewards=0.0018   │env/env/bootstrap_step=32.116         │
│env/env/send_rollout_trajectories=0.433│env/env_interact_step=72.788           │env/interact=111.7                    │
│env/run_interact_once=111.1            │generate_rollouts=111.8                │rollout/generate_one_epoch=110.7      │
│rollout/rollout/generate=110.7         │step=112.2                             │sync_weights=0.441                    │
│                                                                                                                      │
├──────────────────────────────────────────────────── Environment ─────────────────────────────────────────────────────┤
│                                                                                                                      │
│episode_len=200.0                      │num_trajectories=8                     │return=3.75                           │
│reward=0.01875                         │success_once=0.375                     │                                      │
│                                                                                                                      │
├─────────────────────────────────────────────────── Replay Buffer ────────────────────────────────────────────────────┤
│                                                                                                                      │
│cache_size=289.0                       │num_trajectories=289.0                 │total_samples=289.0                   │
│                                                                                                                      │
├─────────────────────────────────────────────────── Training/Other ───────────────────────────────────────────────────┤
│                                                                                                                      │
│replay/actor_switch_rate=0.0000        │replay/done_rate=0.060                 │replay/intervention_rate=0.0000       │
│replay/intervention_requested_rate=0.0…│replay/record_transition_rate=1.000    │replay/reward_mean=0.023              │
│replay/reward_positive_rate=0.023      │replay/transition_count=66.500         │rlt/actor_updates_run=0.0000          │
│rlt/critic_updates_run=0.0000          │rlt/desired_total_updates=0.0000       │rlt/global_min_replay_size=285.0      │
│rlt/global_total_transitions_added=578…│rlt/global_transitions_since_train=578…│rlt/max_updates_per_train_step=1600.0 │
│rlt/min_replay_buffer_size=10000.0     │rlt/pending_update_budget=0.0000       │rlt/ready_for_online=0.0000           │
│rlt/should_train=0.0000                │rlt/skip_reason=1.000                  │rlt/train_every_episodes=0.0000       │
│rlt/train_every_transitions=1.000      │rlt/update_epoch=5.000                 │rlt/update_step=0.0000                │
│rlt/updates_scheduled=0.0000           │rlt/updates_to_run=0.0000              │rlt/warmup_required_updates=3.00e+04  │
│                                                                                                                      │
╰──────────────────────────────────────────────────────────────────────────────────────────────────────────────────────╯


╭──────────────────────────────────────────────────────────────────────────────────────────────────────────────────────╮
├──────────────────────────────────────────────────── Metric Table ────────────────────────────────────────────────────┤
│ Global Step:    5/250 │ Progress: ░░░░░░░░░░░░░░░░░░░░░░░░░░░░░░░░░░░░░░░░ │   2.0%                                  │
│ Elapsed: 09:56 │ ETA: 08:07:19 │ Step Time: 119.344s                                                                 │
├──────────────────────────────────────────────────────── Time ────────────────────────────────────────────────────────┤
│                                                                                                                      │
│actor/actor/compute_adv=1.74e-05       │actor/actor/recv_traj=113.1            │actor/actor/sync_model_to_rollout=0.0…│
│cal_adv_and_returns=0.0026             │env/compute_bootstrap_rewards=0.0016   │env/env/bootstrap_step=32.583         │
│env/env/send_rollout_trajectories=0.427│env/env_interact_step=73.302           │env/interact=113.1                    │
│env/run_interact_once=112.5            │generate_rollouts=113.2                │rollout/generate_one_epoch=112.0      │
│rollout/rollout/generate=112.0         │step=113.7                             │sync_weights=0.478                    │
│                                                                                                                      │
├──────────────────────────────────────────────────── Environment ─────────────────────────────────────────────────────┤
│                                                                                                                      │
│episode_len=200.0                      │num_trajectories=8                     │return=3.0                            │
│reward=0.015000001                     │success_once=0.375                     │                                      │
│                                                                                                                      │
├─────────────────────────────────────────────────── Replay Buffer ────────────────────────────────────────────────────┤
│                                                                                                                      │
│cache_size=358.5                       │num_trajectories=358.5                 │total_samples=358.5                   │
│                                                                                                                      │
├─────────────────────────────────────────────────── Training/Other ───────────────────────────────────────────────────┤
│                                                                                                                      │
│replay/actor_switch_rate=0.0000        │replay/done_rate=0.058                 │replay/intervention_rate=0.0000       │
│replay/intervention_requested_rate=0.0…│replay/record_transition_rate=1.000    │replay/reward_mean=0.022              │
│replay/reward_positive_rate=0.022      │replay/transition_count=69.500         │rlt/actor_updates_run=0.0000          │
│rlt/critic_updates_run=0.0000          │rlt/desired_total_updates=0.0000       │rlt/global_min_replay_size=356.0      │
│rlt/global_total_transitions_added=717…│rlt/global_transitions_since_train=717…│rlt/max_updates_per_train_step=1600.0 │
│rlt/min_replay_buffer_size=10000.0     │rlt/pending_update_budget=0.0000       │rlt/ready_for_online=0.0000           │
│rlt/should_train=0.0000                │rlt/skip_reason=1.000                  │rlt/train_every_episodes=0.0000       │
│rlt/train_every_transitions=1.000      │rlt/update_epoch=5.000                 │rlt/update_step=0.0000                │
│rlt/updates_scheduled=0.0000           │rlt/updates_to_run=0.0000              │rlt/warmup_required_updates=3.00e+04  │
│                                                                                                                      │
╰──────────────────────────────────────────────────────────────────────────────────────────────────────────────────────╯


╭──────────────────────────────────────────────────────────────────────────────────────────────────────────────────────╮
├──────────────────────────────────────────────────── Metric Table ────────────────────────────────────────────────────┤
│ Global Step:    6/250 │ Progress: ░░░░░░░░░░░░░░░░░░░░░░░░░░░░░░░░░░░░░░░░ │   2.4%                                  │
│ Elapsed: 12:02 │ ETA: 08:09:46 │ Step Time: 120.438s                                                                 │
├──────────────────────────────────────────────────────── Time ────────────────────────────────────────────────────────┤
│                                                                                                                      │
│actor/actor/compute_adv=3.51e-05       │actor/actor/recv_traj=125.3            │actor/actor/sync_model_to_rollout=0.0…│
│cal_adv_and_returns=0.0031             │env/compute_bootstrap_rewards=0.0016   │env/env/bootstrap_step=32.026         │
│env/env/send_rollout_trajectories=0.439│env/env_interact_step=86.056           │env/interact=125.3                    │
│env/run_interact_once=124.8            │generate_rollouts=125.4                │rollout/generate_one_epoch=124.3      │
│rollout/rollout/generate=124.3         │step=125.9                             │sync_weights=0.444                    │
│                                                                                                                      │
├──────────────────────────────────────────────────── Environment ─────────────────────────────────────────────────────┤
│                                                                                                                      │
│episode_len=200.0                      │num_trajectories=8                     │return=0.0                            │
│reward=0.0                             │success_once=0.0                       │                                      │
│                                                                                                                      │
├─────────────────────────────────────────────────── Replay Buffer ────────────────────────────────────────────────────┤
│                                                                                                                      │
│cache_size=438.5                       │num_trajectories=438.5                 │total_samples=438.5                   │
│                                                                                                                      │
├─────────────────────────────────────────────────── Training/Other ───────────────────────────────────────────────────┤
│                                                                                                                      │
│replay/actor_switch_rate=0.0000        │replay/done_rate=0.050                 │replay/intervention_rate=0.0000       │
│replay/intervention_requested_rate=0.0…│replay/record_transition_rate=1.000    │replay/reward_mean=0.0000             │
│replay/reward_positive_rate=0.0000     │replay/transition_count=80.000         │rlt/actor_updates_run=0.0000          │
│rlt/critic_updates_run=0.0000          │rlt/desired_total_updates=0.0000       │rlt/global_min_replay_size=436.0      │
│rlt/global_total_transitions_added=877…│rlt/global_transitions_since_train=877…│rlt/max_updates_per_train_step=1600.0 │
│rlt/min_replay_buffer_size=10000.0     │rlt/pending_update_budget=0.0000       │rlt/ready_for_online=0.0000           │
│rlt/should_train=0.0000                │rlt/skip_reason=1.000                  │rlt/train_every_episodes=0.0000       │
│rlt/train_every_transitions=1.000      │rlt/update_epoch=5.000                 │rlt/update_step=0.0000                │
│rlt/updates_scheduled=0.0000           │rlt/updates_to_run=0.0000              │rlt/warmup_required_updates=3.00e+04  │
│                                                                                                                      │
╰──────────────────────────────────────────────────────────────────────────────────────────────────────────────────────╯


╭──────────────────────────────────────────────────────────────────────────────────────────────────────────────────────╮
├──────────────────────────────────────────────────── Metric Table ────────────────────────────────────────────────────┤
│ Global Step:    7/250 │ Progress: █░░░░░░░░░░░░░░░░░░░░░░░░░░░░░░░░░░░░░░░ │   2.8%                                  │
│ Elapsed: 14:04 │ ETA: 08:08:41 │ Step Time: 120.664s                                                                 │
├──────────────────────────────────────────────────────── Time ────────────────────────────────────────────────────────┤
│                                                                                                                      │
│actor/actor/compute_adv=2.67e-05       │actor/actor/recv_traj=121.4            │actor/actor/sync_model_to_rollout=0.0…│
│cal_adv_and_returns=0.0030             │env/compute_bootstrap_rewards=0.0016   │env/env/bootstrap_step=32.222         │
│env/env/send_rollout_trajectories=0.400│env/env_interact_step=81.829           │env/interact=121.4                    │
│env/run_interact_once=120.8            │generate_rollouts=121.5                │rollout/generate_one_epoch=120.3      │
│rollout/rollout/generate=120.3         │step=122.0                             │sync_weights=0.484                    │
│                                                                                                                      │
├──────────────────────────────────────────────────── Environment ─────────────────────────────────────────────────────┤
│                                                                                                                      │
│episode_len=200.0                      │num_trajectories=8                     │return=0.0                            │
│reward=0.0                             │success_once=0.0                       │                                      │
│                                                                                                                      │
├─────────────────────────────────────────────────── Replay Buffer ────────────────────────────────────────────────────┤
│                                                                                                                      │
│cache_size=518.5                       │num_trajectories=518.5                 │total_samples=518.5                   │
│                                                                                                                      │
├─────────────────────────────────────────────────── Training/Other ───────────────────────────────────────────────────┤
│                                                                                                                      │
│replay/actor_switch_rate=0.0000        │replay/done_rate=0.050                 │replay/intervention_rate=0.0000       │
│replay/intervention_requested_rate=0.0…│replay/record_transition_rate=1.000    │replay/reward_mean=0.0000             │
│replay/reward_positive_rate=0.0000     │replay/transition_count=80.000         │rlt/actor_updates_run=0.0000          │
│rlt/critic_updates_run=0.0000          │rlt/desired_total_updates=0.0000       │rlt/global_min_replay_size=516.0      │
│rlt/global_total_transitions_added=103…│rlt/global_transitions_since_train=103…│rlt/max_updates_per_train_step=1600.0 │
│rlt/min_replay_buffer_size=10000.0     │rlt/pending_update_budget=0.0000       │rlt/ready_for_online=0.0000           │
│rlt/should_train=0.0000                │rlt/skip_reason=1.000                  │rlt/train_every_episodes=0.0000       │
│rlt/train_every_transitions=1.000      │rlt/update_epoch=5.000                 │rlt/update_step=0.0000                │
│rlt/updates_scheduled=0.0000           │rlt/updates_to_run=0.0000              │rlt/warmup_required_updates=3.00e+04  │
│                                                                                                                      │
╰──────────────────────────────────────────────────────────────────────────────────────────────────────────────────────╯


╭──────────────────────────────────────────────────────────────────────────────────────────────────────────────────────╮
├──────────────────────────────────────────────────── Metric Table ────────────────────────────────────────────────────┤
│ Global Step:    8/250 │ Progress: █░░░░░░░░░░░░░░░░░░░░░░░░░░░░░░░░░░░░░░░ │   3.2%                                  │
│ Elapsed: 16:12 │ ETA: 08:10:24 │ Step Time: 121.587s                                                                 │
├──────────────────────────────────────────────────────── Time ────────────────────────────────────────────────────────┤
│                                                                                                                      │
│actor/actor/compute_adv=3.01e-05       │actor/actor/recv_traj=127.6            │actor/actor/sync_model_to_rollout=0.0…│
│cal_adv_and_returns=0.0031             │env/compute_bootstrap_rewards=0.0016   │env/env/bootstrap_step=32.119         │
│env/env/send_rollout_trajectories=0.430│env/env_interact_step=88.496           │env/interact=127.5                    │
│env/run_interact_once=126.9            │generate_rollouts=127.7                │rollout/generate_one_epoch=126.4      │
│rollout/rollout/generate=126.4         │step=128.0                             │sync_weights=0.363                    │
│                                                                                                                      │
├──────────────────────────────────────────────────── Environment ─────────────────────────────────────────────────────┤
│                                                                                                                      │
│episode_len=200.0                      │num_trajectories=8                     │return=1.375                          │
│reward=0.006875                        │success_once=0.125                     │                                      │
│                                                                                                                      │
├─────────────────────────────────────────────────── Replay Buffer ────────────────────────────────────────────────────┤
│                                                                                                                      │
│cache_size=593.5                       │num_trajectories=593.5                 │total_samples=593.5                   │
│                                                                                                                      │
├─────────────────────────────────────────────────── Training/Other ───────────────────────────────────────────────────┤
│                                                                                                                      │
│replay/actor_switch_rate=0.0000        │replay/done_rate=0.054                 │replay/intervention_rate=0.0000       │
│replay/intervention_requested_rate=0.0…│replay/record_transition_rate=1.000    │replay/reward_mean=0.0071             │
│replay/reward_positive_rate=0.0071     │replay/transition_count=75.000         │rlt/actor_updates_run=0.0000          │
│rlt/critic_updates_run=0.0000          │rlt/desired_total_updates=0.0000       │rlt/global_min_replay_size=591.0      │
│rlt/global_total_transitions_added=118…│rlt/global_transitions_since_train=118…│rlt/max_updates_per_train_step=1600.0 │
│rlt/min_replay_buffer_size=10000.0     │rlt/pending_update_budget=0.0000       │rlt/ready_for_online=0.0000           │
│rlt/should_train=0.0000                │rlt/skip_reason=1.000                  │rlt/train_every_episodes=0.0000       │
│rlt/train_every_transitions=1.000      │rlt/update_epoch=5.000                 │rlt/update_step=0.0000                │
│rlt/updates_scheduled=0.0000           │rlt/updates_to_run=0.0000              │rlt/warmup_required_updates=3.00e+04  │
│                                                                                                                      │
╰──────────────────────────────────────────────────────────────────────────────────────────────────────────────────────╯


╭──────────────────────────────────────────────────────────────────────────────────────────────────────────────────────╮
├──────────────────────────────────────────────────── Metric Table ────────────────────────────────────────────────────┤
│ Global Step:    9/250 │ Progress: █░░░░░░░░░░░░░░░░░░░░░░░░░░░░░░░░░░░░░░░ │   3.6%                                  │
│ Elapsed: 18:14 │ ETA: 08:08:19 │ Step Time: 121.575s                                                                 │
├──────────────────────────────────────────────────────── Time ────────────────────────────────────────────────────────┤
│                                                                                                                      │
│actor/actor/compute_adv=2.45e-05       │actor/actor/recv_traj=120.9            │actor/actor/sync_model_to_rollout=0.0…│
│cal_adv_and_returns=0.0025             │env/compute_bootstrap_rewards=0.0016   │env/env/bootstrap_step=32.405         │
│env/env/send_rollout_trajectories=0.431│env/env_interact_step=81.230           │env/interact=120.9                    │
│env/run_interact_once=120.2            │generate_rollouts=121.0                │rollout/generate_one_epoch=119.7      │
│rollout/rollout/generate=119.7         │step=121.5                             │sync_weights=0.475                    │
│                                                                                                                      │
├──────────────────────────────────────────────────── Environment ─────────────────────────────────────────────────────┤
│                                                                                                                      │
│episode_len=200.0                      │num_trajectories=8                     │return=2.375                          │
│reward=0.011875                        │success_once=0.25                      │                                      │
│                                                                                                                      │
├─────────────────────────────────────────────────── Replay Buffer ────────────────────────────────────────────────────┤
│                                                                                                                      │
│cache_size=665.0                       │num_trajectories=665.0                 │total_samples=665.0                   │
│                                                                                                                      │
├─────────────────────────────────────────────────── Training/Other ───────────────────────────────────────────────────┤
│                                                                                                                      │
│replay/actor_switch_rate=0.0000        │replay/done_rate=0.057                 │replay/intervention_rate=0.0000       │
│replay/intervention_requested_rate=0.0…│replay/record_transition_rate=1.000    │replay/reward_mean=0.016              │
│replay/reward_positive_rate=0.016      │replay/transition_count=71.500         │rlt/actor_updates_run=0.0000          │
│rlt/critic_updates_run=0.0000          │rlt/desired_total_updates=0.0000       │rlt/global_min_replay_size=659.0      │
│rlt/global_total_transitions_added=133…│rlt/global_transitions_since_train=133…│rlt/max_updates_per_train_step=1600.0 │
│rlt/min_replay_buffer_size=10000.0     │rlt/pending_update_budget=0.0000       │rlt/ready_for_online=0.0000           │
│rlt/should_train=0.0000                │rlt/skip_reason=1.000                  │rlt/train_every_episodes=0.0000       │
│rlt/train_every_transitions=1.000      │rlt/update_epoch=5.000                 │rlt/update_step=0.0000                │
│rlt/updates_scheduled=0.0000           │rlt/updates_to_run=0.0000              │rlt/warmup_required_updates=3.00e+04  │
│                                                                                                                      │
╰──────────────────────────────────────────────────────────────────────────────────────────────────────────────────────╯


╭──────────────────────────────────────────────────────────────────────────────────────────────────────────────────────╮
├──────────────────────────────────────────────────── Metric Table ────────────────────────────────────────────────────┤
│ Global Step:   10/250 │ Progress: █░░░░░░░░░░░░░░░░░░░░░░░░░░░░░░░░░░░░░░░ │   4.0%                                  │
│ Elapsed: 20:16 │ ETA: 08:06:45 │ Step Time: 121.691s                                                                 │
├──────────────────────────────────────────────────────── Time ────────────────────────────────────────────────────────┤
│                                                                                                                      │
│actor/actor/compute_adv=1.58e-05       │actor/actor/recv_traj=122.1            │actor/actor/sync_model_to_rollout=0.0…│
│cal_adv_and_returns=0.0029             │env/compute_bootstrap_rewards=0.0016   │env/env/bootstrap_step=32.139         │
│env/env/send_rollout_trajectories=0.441│env/env_interact_step=83.306           │env/interact=122.1                    │
│env/run_interact_once=121.4            │generate_rollouts=122.2                │rollout/generate_one_epoch=120.9      │
│rollout/rollout/generate=120.9         │step=122.7                             │sync_weights=0.485                    │
│                                                                                                                      │
├──────────────────────────────────────────────────── Environment ─────────────────────────────────────────────────────┤
│                                                                                                                      │
│episode_len=200.0                      │num_trajectories=8                     │return=0.0                            │
│reward=0.0                             │success_once=0.0                       │                                      │
│                                                                                                                      │
├─────────────────────────────────────────────────── Replay Buffer ────────────────────────────────────────────────────┤
│                                                                                                                      │
│cache_size=745.0                       │num_trajectories=745.0                 │total_samples=745.0                   │
│                                                                                                                      │
├─────────────────────────────────────────────────── Training/Other ───────────────────────────────────────────────────┤
│                                                                                                                      │
│replay/actor_switch_rate=0.0000        │replay/done_rate=0.050                 │replay/intervention_rate=0.0000       │
│replay/intervention_requested_rate=0.0…│replay/record_transition_rate=1.000    │replay/reward_mean=0.0000             │
│replay/reward_positive_rate=0.0000     │replay/transition_count=80.000         │rlt/actor_updates_run=0.0000          │
│rlt/critic_updates_run=0.0000          │rlt/desired_total_updates=0.0000       │rlt/global_min_replay_size=739.0      │
│rlt/global_total_transitions_added=149…│rlt/global_transitions_since_train=149…│rlt/max_updates_per_train_step=1600.0 │
│rlt/min_replay_buffer_size=10000.0     │rlt/pending_update_budget=0.0000       │rlt/ready_for_online=0.0000           │
│rlt/should_train=0.0000                │rlt/skip_reason=1.000                  │rlt/train_every_episodes=0.0000       │
│rlt/train_every_transitions=1.000      │rlt/update_epoch=5.000                 │rlt/update_step=0.0000                │
│rlt/updates_scheduled=0.0000           │rlt/updates_to_run=0.0000              │rlt/warmup_required_updates=3.00e+04  │
│                                                                                                                      │
╰──────────────────────────────────────────────────────────────────────────────────────────────────────────────────────╯


╭──────────────────────────────────────────────────────────────────────────────────────────────────────────────────────╮
├──────────────────────────────────────────────────── Metric Table ────────────────────────────────────────────────────┤
│ Global Step:   11/250 │ Progress: █░░░░░░░░░░░░░░░░░░░░░░░░░░░░░░░░░░░░░░░ │   4.4%                                  │
│ Elapsed: 22:09 │ ETA: 08:01:24 │ Step Time: 120.856s                                                                 │
├──────────────────────────────────────────────────────── Time ────────────────────────────────────────────────────────┤
│                                                                                                                      │
│actor/actor/compute_adv=1.24e-05       │actor/actor/recv_traj=112.0            │actor/actor/sync_model_to_rollout=0.0…│
│cal_adv_and_returns=0.0026             │env/compute_bootstrap_rewards=0.0017   │env/env/bootstrap_step=32.241         │
│env/env/send_rollout_trajectories=0.442│env/env_interact_step=72.646           │env/interact=111.9                    │
│env/run_interact_once=111.2            │generate_rollouts=112.0                │rollout/generate_one_epoch=110.7      │
│rollout/rollout/generate=110.7         │step=112.5                             │sync_weights=0.463                    │
│                                                                                                                      │
├──────────────────────────────────────────────────── Environment ─────────────────────────────────────────────────────┤
│                                                                                                                      │
│episode_len=200.0                      │num_trajectories=8                     │return=2.375                          │
│reward=0.011875                        │success_once=0.25                      │                                      │
│                                                                                                                      │
├─────────────────────────────────────────────────── Replay Buffer ────────────────────────────────────────────────────┤
│                                                                                                                      │
│cache_size=816.5                       │num_trajectories=816.5                 │total_samples=816.5                   │
│                                                                                                                      │
├─────────────────────────────────────────────────── Training/Other ───────────────────────────────────────────────────┤
│                                                                                                                      │
│replay/actor_switch_rate=0.0000        │replay/done_rate=0.056                 │replay/intervention_rate=0.0000       │
│replay/intervention_requested_rate=0.0…│replay/record_transition_rate=1.000    │replay/reward_mean=0.014              │
│replay/reward_positive_rate=0.014      │replay/transition_count=71.500         │rlt/actor_updates_run=0.0000          │
│rlt/critic_updates_run=0.0000          │rlt/desired_total_updates=0.0000       │rlt/global_min_replay_size=810.0      │
│rlt/global_total_transitions_added=163…│rlt/global_transitions_since_train=163…│rlt/max_updates_per_train_step=1600.0 │
│rlt/min_replay_buffer_size=10000.0     │rlt/pending_update_budget=0.0000       │rlt/ready_for_online=0.0000           │
│rlt/should_train=0.0000                │rlt/skip_reason=1.000                  │rlt/train_every_episodes=0.0000       │
│rlt/train_every_transitions=1.000      │rlt/update_epoch=5.000                 │rlt/update_step=0.0000                │
│rlt/updates_scheduled=0.0000           │rlt/updates_to_run=0.0000              │rlt/warmup_required_updates=3.00e+04  │
│                                                                                                                      │
╰──────────────────────────────────────────────────────────────────────────────────────────────────────────────────────╯


╭──────────────────────────────────────────────────────────────────────────────────────────────────────────────────────╮
├──────────────────────────────────────────────────── Metric Table ────────────────────────────────────────────────────┤
│ Global Step:   12/250 │ Progress: █░░░░░░░░░░░░░░░░░░░░░░░░░░░░░░░░░░░░░░░ │   4.8%                                  │
│ Elapsed: 24:01 │ ETA: 07:56:29 │ Step Time: 120.123s                                                                 │
├──────────────────────────────────────────────────────── Time ────────────────────────────────────────────────────────┤
│                                                                                                                      │
│actor/actor/compute_adv=3.57e-05       │actor/actor/recv_traj=111.5            │actor/actor/sync_model_to_rollout=0.0…│
│cal_adv_and_returns=0.0028             │env/compute_bootstrap_rewards=0.0015   │env/env/bootstrap_step=32.081         │
│env/env/send_rollout_trajectories=0.433│env/env_interact_step=71.848           │env/interact=111.5                    │
│env/run_interact_once=110.8            │generate_rollouts=111.6                │rollout/generate_one_epoch=110.3      │
│rollout/rollout/generate=110.3         │step=112.0                             │sync_weights=0.473                    │
│                                                                                                                      │
├──────────────────────────────────────────────────── Environment ─────────────────────────────────────────────────────┤
│                                                                                                                      │
│episode_len=200.0                      │num_trajectories=8                     │return=2.5                            │
│reward=0.0125                          │success_once=0.25                      │                                      │
│                                                                                                                      │
├─────────────────────────────────────────────────── Replay Buffer ────────────────────────────────────────────────────┤
│                                                                                                                      │
│cache_size=887.5                       │num_trajectories=887.5                 │total_samples=887.5                   │
│                                                                                                                      │
├─────────────────────────────────────────────────── Training/Other ───────────────────────────────────────────────────┤
│                                                                                                                      │
│replay/actor_switch_rate=0.0000        │replay/done_rate=0.056                 │replay/intervention_rate=0.0000       │
│replay/intervention_requested_rate=0.0…│replay/record_transition_rate=1.000    │replay/reward_mean=0.014              │
│replay/reward_positive_rate=0.014      │replay/transition_count=71.000         │rlt/actor_updates_run=0.0000          │
│rlt/critic_updates_run=0.0000          │rlt/desired_total_updates=0.0000       │rlt/global_min_replay_size=880.0      │
│rlt/global_total_transitions_added=177…│rlt/global_transitions_since_train=177…│rlt/max_updates_per_train_step=1600.0 │
│rlt/min_replay_buffer_size=10000.0     │rlt/pending_update_budget=0.0000       │rlt/ready_for_online=0.0000           │
│rlt/should_train=0.0000                │rlt/skip_reason=1.000                  │rlt/train_every_episodes=0.0000       │
│rlt/train_every_transitions=1.000      │rlt/update_epoch=5.000                 │rlt/update_step=0.0000                │
│rlt/updates_scheduled=0.0000           │rlt/updates_to_run=0.0000              │rlt/warmup_required_updates=3.00e+04  │
│                                                                                                                      │
╰──────────────────────────────────────────────────────────────────────────────────────────────────────────────────────╯


╭──────────────────────────────────────────────────────────────────────────────────────────────────────────────────────╮
├──────────────────────────────────────────────────── Metric Table ────────────────────────────────────────────────────┤
│ Global Step:   13/250 │ Progress: ██░░░░░░░░░░░░░░░░░░░░░░░░░░░░░░░░░░░░░░ │   5.2%                                  │
│ Elapsed: 26:06 │ ETA: 07:56:02 │ Step Time: 120.516s                                                                 │
├──────────────────────────────────────────────────────── Time ────────────────────────────────────────────────────────┤
│                                                                                                                      │
│actor/actor/compute_adv=2.39e-05       │actor/actor/recv_traj=124.6            │actor/actor/sync_model_to_rollout=0.0…│
│cal_adv_and_returns=0.0028             │env/compute_bootstrap_rewards=0.0019   │env/env/bootstrap_step=32.085         │
│env/env/send_rollout_trajectories=0.431│env/env_interact_step=84.638           │env/interact=124.6                    │
│env/run_interact_once=123.9            │generate_rollouts=124.7                │rollout/generate_one_epoch=123.5      │
│rollout/rollout/generate=123.5         │step=125.2                             │sync_weights=0.478                    │
│                                                                                                                      │
├──────────────────────────────────────────────────── Environment ─────────────────────────────────────────────────────┤
│                                                                                                                      │
│episode_len=200.0                      │num_trajectories=8                     │return=1.25                           │
│reward=0.00625                         │success_once=0.125                     │                                      │
│                                                                                                                      │
├─────────────────────────────────────────────────── Replay Buffer ────────────────────────────────────────────────────┤
│                                                                                                                      │
│cache_size=963.0                       │num_trajectories=963.0                 │total_samples=963.0                   │
│                                                                                                                      │
├─────────────────────────────────────────────────── Training/Other ───────────────────────────────────────────────────┤
│                                                                                                                      │
│replay/actor_switch_rate=0.0000        │replay/done_rate=0.053                 │replay/intervention_rate=0.0000       │
│replay/intervention_requested_rate=0.0…│replay/record_transition_rate=1.000    │replay/reward_mean=0.0070             │
│replay/reward_positive_rate=0.0070     │replay/transition_count=75.500         │rlt/actor_updates_run=0.0000          │
│rlt/critic_updates_run=0.0000          │rlt/desired_total_updates=0.0000       │rlt/global_min_replay_size=951.0      │
│rlt/global_total_transitions_added=192…│rlt/global_transitions_since_train=192…│rlt/max_updates_per_train_step=1600.0 │
│rlt/min_replay_buffer_size=10000.0     │rlt/pending_update_budget=0.0000       │rlt/ready_for_online=0.0000           │
│rlt/should_train=0.0000                │rlt/skip_reason=1.000                  │rlt/train_every_episodes=0.0000       │
│rlt/train_every_transitions=1.000      │rlt/update_epoch=5.000                 │rlt/update_step=0.0000                │
│rlt/updates_scheduled=0.0000           │rlt/updates_to_run=0.0000              │rlt/warmup_required_updates=3.00e+04  │
│                                                                                                                      │
╰──────────────────────────────────────────────────────────────────────────────────────────────────────────────────────╯


╭──────────────────────────────────────────────────────────────────────────────────────────────────────────────────────╮
├──────────────────────────────────────────────────── Metric Table ────────────────────────────────────────────────────┤
│ Global Step:   14/250 │ Progress: ██░░░░░░░░░░░░░░░░░░░░░░░░░░░░░░░░░░░░░░ │   5.6%                                  │
│ Elapsed: 28:12 │ ETA: 07:55:25 │ Step Time: 120.871s                                                                 │
├──────────────────────────────────────────────────────── Time ────────────────────────────────────────────────────────┤
│                                                                                                                      │
│actor/actor/compute_adv=4.09e-05       │actor/actor/recv_traj=125.0            │actor/actor/sync_model_to_rollout=0.0…│
│cal_adv_and_returns=0.0032             │env/compute_bootstrap_rewards=0.0018   │env/env/bootstrap_step=32.249         │
│env/env/send_rollout_trajectories=0.426│env/env_interact_step=86.186           │env/interact=125.0                    │
│env/run_interact_once=124.4            │generate_rollouts=125.1                │rollout/generate_one_epoch=123.9      │
│rollout/rollout/generate=123.9         │step=125.5                             │sync_weights=0.389                    │
│                                                                                                                      │
├──────────────────────────────────────────────────── Environment ─────────────────────────────────────────────────────┤
│                                                                                                                      │
│episode_len=200.0                      │num_trajectories=8                     │return=2.25                           │
│reward=0.01125                         │success_once=0.25                      │                                      │
│                                                                                                                      │
├─────────────────────────────────────────────────── Replay Buffer ────────────────────────────────────────────────────┤
│                                                                                                                      │
│cache_size=1035.0                      │num_trajectories=1035.0                │total_samples=1035.0                  │
│                                                                                                                      │
├─────────────────────────────────────────────────── Training/Other ───────────────────────────────────────────────────┤
│                                                                                                                      │
│replay/actor_switch_rate=0.0000        │replay/done_rate=0.056                 │replay/intervention_rate=0.0000       │
│replay/intervention_requested_rate=0.0…│replay/record_transition_rate=1.000    │replay/reward_mean=0.016              │
│replay/reward_positive_rate=0.016      │replay/transition_count=72.000         │rlt/actor_updates_run=0.0000          │
│rlt/critic_updates_run=0.0000          │rlt/desired_total_updates=0.0000       │rlt/global_min_replay_size=1015.0     │
│rlt/global_total_transitions_added=207…│rlt/global_transitions_since_train=207…│rlt/max_updates_per_train_step=1600.0 │
│rlt/min_replay_buffer_size=10000.0     │rlt/pending_update_budget=0.0000       │rlt/ready_for_online=0.0000           │
│rlt/should_train=0.0000                │rlt/skip_reason=1.000                  │rlt/train_every_episodes=0.0000       │
│rlt/train_every_transitions=1.000      │rlt/update_epoch=5.000                 │rlt/update_step=0.0000                │
│rlt/updates_scheduled=0.0000           │rlt/updates_to_run=0.0000              │rlt/warmup_required_updates=3.00e+04  │
│                                                                                                                      │
╰──────────────────────────────────────────────────────────────────────────────────────────────────────────────────────╯


╭──────────────────────────────────────────────────────────────────────────────────────────────────────────────────────╮
├──────────────────────────────────────────────────── Metric Table ────────────────────────────────────────────────────┤
│ Global Step:   15/250 │ Progress: ██░░░░░░░░░░░░░░░░░░░░░░░░░░░░░░░░░░░░░░ │   6.0%                                  │
│ Elapsed: 30:16 │ ETA: 07:54:13 │ Step Time: 121.078s                                                                 │
├──────────────────────────────────────────────────────── Time ────────────────────────────────────────────────────────┤
│                                                                                                                      │
│actor/actor/compute_adv=3.02e-05       │actor/actor/recv_traj=123.4            │actor/actor/sync_model_to_rollout=0.0…│
│cal_adv_and_returns=0.0029             │env/compute_bootstrap_rewards=0.0016   │env/env/bootstrap_step=32.168         │
│env/env/send_rollout_trajectories=0.424│env/env_interact_step=84.108           │env/interact=123.4                    │
│env/run_interact_once=122.8            │generate_rollouts=123.5                │rollout/generate_one_epoch=122.3      │
│rollout/rollout/generate=122.3         │step=124.0                             │sync_weights=0.477                    │
│                                                                                                                      │
├──────────────────────────────────────────────────── Environment ─────────────────────────────────────────────────────┤
│                                                                                                                      │
│episode_len=200.0                      │num_trajectories=8                     │return=1.25                           │
│reward=0.00625                         │success_once=0.125                     │                                      │
│                                                                                                                      │
├─────────────────────────────────────────────────── Replay Buffer ────────────────────────────────────────────────────┤
│                                                                                                                      │
│cache_size=1110.5                      │num_trajectories=1110.5                │total_samples=1110.5                  │
│                                                                                                                      │
├─────────────────────────────────────────────────── Training/Other ───────────────────────────────────────────────────┤
│                                                                                                                      │
│replay/actor_switch_rate=0.0000        │replay/done_rate=0.053                 │replay/intervention_rate=0.0000       │
│replay/intervention_requested_rate=0.0…│replay/record_transition_rate=1.000    │replay/reward_mean=0.0070             │
│replay/reward_positive_rate=0.0070     │replay/transition_count=75.500         │rlt/actor_updates_run=0.0000          │
│rlt/critic_updates_run=0.0000          │rlt/desired_total_updates=0.0000       │rlt/global_min_replay_size=1086.0     │
│rlt/global_total_transitions_added=222…│rlt/global_transitions_since_train=222…│rlt/max_updates_per_train_step=1600.0 │
│rlt/min_replay_buffer_size=10000.0     │rlt/pending_update_budget=0.0000       │rlt/ready_for_online=0.0000           │
│rlt/should_train=0.0000                │rlt/skip_reason=1.000                  │rlt/train_every_episodes=0.0000       │
│rlt/train_every_transitions=1.000      │rlt/update_epoch=5.000                 │rlt/update_step=0.0000                │
│rlt/updates_scheduled=0.0000           │rlt/updates_to_run=0.0000              │rlt/warmup_required_updates=3.00e+04  │
│                                                                                                                      │
╰──────────────────────────────────────────────────────────────────────────────────────────────────────────────────────╯


╭──────────────────────────────────────────────────────────────────────────────────────────────────────────────────────╮
├──────────────────────────────────────────────────── Metric Table ────────────────────────────────────────────────────┤
│ Global Step:   16/250 │ Progress: ██░░░░░░░░░░░░░░░░░░░░░░░░░░░░░░░░░░░░░░ │   6.4%                                  │
│ Elapsed: 32:21 │ ETA: 07:53:14 │ Step Time: 121.343s                                                                 │
├──────────────────────────────────────────────────────── Time ────────────────────────────────────────────────────────┤
│                                                                                                                      │
│actor/actor/compute_adv=5.65e-05       │actor/actor/recv_traj=124.7            │actor/actor/sync_model_to_rollout=0.0…│
│cal_adv_and_returns=0.0032             │env/compute_bootstrap_rewards=0.0017   │env/env/bootstrap_step=32.442         │
│env/env/send_rollout_trajectories=0.495│env/env_interact_step=84.720           │env/interact=124.7                    │
│env/run_interact_once=124.0            │generate_rollouts=124.8                │rollout/generate_one_epoch=123.6      │
│rollout/rollout/generate=123.6         │step=125.3                             │sync_weights=0.470                    │
│                                                                                                                      │
├──────────────────────────────────────────────────── Environment ─────────────────────────────────────────────────────┤
│                                                                                                                      │
│episode_len=200.0                      │num_trajectories=8                     │return=0.0                            │
│reward=0.0                             │success_once=0.0                       │                                      │
│                                                                                                                      │
├─────────────────────────────────────────────────── Replay Buffer ────────────────────────────────────────────────────┤
│                                                                                                                      │
│cache_size=1190.5                      │num_trajectories=1190.5                │total_samples=1190.5                  │
│                                                                                                                      │
├─────────────────────────────────────────────────── Training/Other ───────────────────────────────────────────────────┤
│                                                                                                                      │
│replay/actor_switch_rate=0.0000        │replay/done_rate=0.050                 │replay/intervention_rate=0.0000       │
│replay/intervention_requested_rate=0.0…│replay/record_transition_rate=1.000    │replay/reward_mean=0.0000             │
│replay/reward_positive_rate=0.0000     │replay/transition_count=80.000         │rlt/actor_updates_run=0.0000          │
│rlt/critic_updates_run=0.0000          │rlt/desired_total_updates=0.0000       │rlt/global_min_replay_size=1166.0     │
│rlt/global_total_transitions_added=238…│rlt/global_transitions_since_train=238…│rlt/max_updates_per_train_step=1600.0 │
│rlt/min_replay_buffer_size=10000.0     │rlt/pending_update_budget=0.0000       │rlt/ready_for_online=0.0000           │
│rlt/should_train=0.0000                │rlt/skip_reason=1.000                  │rlt/train_every_episodes=0.0000       │
│rlt/train_every_transitions=1.000      │rlt/update_epoch=5.000                 │rlt/update_step=0.0000                │
│rlt/updates_scheduled=0.0000           │rlt/updates_to_run=0.0000              │rlt/warmup_required_updates=3.00e+04  │
│                                                                                                                      │
╰──────────────────────────────────────────────────────────────────────────────────────────────────────────────────────╯


╭──────────────────────────────────────────────────────────────────────────────────────────────────────────────────────╮
├──────────────────────────────────────────────────── Metric Table ────────────────────────────────────────────────────┤
│ Global Step:   17/250 │ Progress: ██░░░░░░░░░░░░░░░░░░░░░░░░░░░░░░░░░░░░░░ │   6.8%                                  │
│ Elapsed: 34:25 │ ETA: 07:51:52 │ Step Time: 121.513s                                                                 │
├──────────────────────────────────────────────────────── Time ────────────────────────────────────────────────────────┤
│                                                                                                                      │
│actor/actor/compute_adv=3.00e-05       │actor/actor/recv_traj=123.6            │actor/actor/sync_model_to_rollout=0.0…│
│cal_adv_and_returns=0.0033             │env/compute_bootstrap_rewards=0.0017   │env/env/bootstrap_step=31.646         │
│env/env/send_rollout_trajectories=0.437│env/env_interact_step=84.449           │env/interact=123.6                    │
│env/run_interact_once=122.9            │generate_rollouts=123.7                │rollout/generate_one_epoch=122.4      │
│rollout/rollout/generate=122.4         │step=124.2                             │sync_weights=0.499                    │
│                                                                                                                      │
├──────────────────────────────────────────────────── Environment ─────────────────────────────────────────────────────┤
│                                                                                                                      │
│episode_len=200.0                      │num_trajectories=8                     │return=1.25                           │
│reward=0.00625                         │success_once=0.125                     │                                      │
│                                                                                                                      │
├─────────────────────────────────────────────────── Replay Buffer ────────────────────────────────────────────────────┤
│                                                                                                                      │
│cache_size=1266.0                      │num_trajectories=1266.0                │total_samples=1266.0                  │
│                                                                                                                      │
├─────────────────────────────────────────────────── Training/Other ───────────────────────────────────────────────────┤
│                                                                                                                      │
│replay/actor_switch_rate=0.0000        │replay/done_rate=0.053                 │replay/intervention_rate=0.0000       │
│replay/intervention_requested_rate=0.0…│replay/record_transition_rate=1.000    │replay/reward_mean=0.0070             │
│replay/reward_positive_rate=0.0070     │replay/transition_count=75.500         │rlt/actor_updates_run=0.0000          │
│rlt/critic_updates_run=0.0000          │rlt/desired_total_updates=0.0000       │rlt/global_min_replay_size=1237.0     │
│rlt/global_total_transitions_added=253…│rlt/global_transitions_since_train=253…│rlt/max_updates_per_train_step=1600.0 │
│rlt/min_replay_buffer_size=10000.0     │rlt/pending_update_budget=0.0000       │rlt/ready_for_online=0.0000           │
│rlt/should_train=0.0000                │rlt/skip_reason=1.000                  │rlt/train_every_episodes=0.0000       │
│rlt/train_every_transitions=1.000      │rlt/update_epoch=5.000                 │rlt/update_step=0.0000                │
│rlt/updates_scheduled=0.0000           │rlt/updates_to_run=0.0000              │rlt/warmup_required_updates=3.00e+04  │
│                                                                                                                      │
╰──────────────────────────────────────────────────────────────────────────────────────────────────────────────────────╯


╭──────────────────────────────────────────────────────────────────────────────────────────────────────────────────────╮
├──────────────────────────────────────────────────── Metric Table ────────────────────────────────────────────────────┤
│ Global Step:   18/250 │ Progress: ██░░░░░░░░░░░░░░░░░░░░░░░░░░░░░░░░░░░░░░ │   7.2%                                  │
│ Elapsed: 36:25 │ ETA: 07:49:27 │ Step Time: 121.411s                                                                 │
├──────────────────────────────────────────────────────── Time ────────────────────────────────────────────────────────┤
│                                                                                                                      │
│actor/actor/compute_adv=2.61e-05       │actor/actor/recv_traj=119.1            │actor/actor/sync_model_to_rollout=0.0…│
│cal_adv_and_returns=0.0027             │env/compute_bootstrap_rewards=0.0016   │env/env/bootstrap_step=32.050         │
│env/env/send_rollout_trajectories=0.432│env/env_interact_step=79.750           │env/interact=119.1                    │
│env/run_interact_once=118.4            │generate_rollouts=119.2                │rollout/generate_one_epoch=117.9      │
│rollout/rollout/generate=117.9         │step=119.7                             │sync_weights=0.474                    │
│                                                                                                                      │
├──────────────────────────────────────────────────── Environment ─────────────────────────────────────────────────────┤
│                                                                                                                      │
│episode_len=200.0                      │num_trajectories=8                     │return=1.375                          │
│reward=0.006875                        │success_once=0.125                     │                                      │
│                                                                                                                      │
├─────────────────────────────────────────────────── Replay Buffer ────────────────────────────────────────────────────┤
│                                                                                                                      │
│cache_size=1341.0                      │num_trajectories=1341.0                │total_samples=1341.0                  │
│                                                                                                                      │
├─────────────────────────────────────────────────── Training/Other ───────────────────────────────────────────────────┤
│                                                                                                                      │
│replay/actor_switch_rate=0.0000        │replay/done_rate=0.054                 │replay/intervention_rate=0.0000       │
│replay/intervention_requested_rate=0.0…│replay/record_transition_rate=1.000    │replay/reward_mean=0.0071             │
│replay/reward_positive_rate=0.0071     │replay/transition_count=75.000         │rlt/actor_updates_run=0.0000          │
│rlt/critic_updates_run=0.0000          │rlt/desired_total_updates=0.0000       │rlt/global_min_replay_size=1317.0     │
│rlt/global_total_transitions_added=268…│rlt/global_transitions_since_train=268…│rlt/max_updates_per_train_step=1600.0 │
│rlt/min_replay_buffer_size=10000.0     │rlt/pending_update_budget=0.0000       │rlt/ready_for_online=0.0000           │
│rlt/should_train=0.0000                │rlt/skip_reason=1.000                  │rlt/train_every_episodes=0.0000       │
│rlt/train_every_transitions=1.000      │rlt/update_epoch=5.000                 │rlt/update_step=0.0000                │
│rlt/updates_scheduled=0.0000           │rlt/updates_to_run=0.0000              │rlt/warmup_required_updates=3.00e+04  │
│                                                                                                                      │
╰──────────────────────────────────────────────────────────────────────────────────────────────────────────────────────╯


╭──────────────────────────────────────────────────────────────────────────────────────────────────────────────────────╮
├──────────────────────────────────────────────────── Metric Table ────────────────────────────────────────────────────┤
│ Global Step:   19/250 │ Progress: ███░░░░░░░░░░░░░░░░░░░░░░░░░░░░░░░░░░░░░ │   7.6%                                  │
│ Elapsed: 38:20 │ ETA: 07:46:06 │ Step Time: 121.067s                                                                 │
├──────────────────────────────────────────────────────── Time ────────────────────────────────────────────────────────┤
│                                                                                                                      │
│actor/actor/compute_adv=1.32e-05       │actor/actor/recv_traj=114.3            │actor/actor/sync_model_to_rollout=0.0…│
│cal_adv_and_returns=0.0032             │env/compute_bootstrap_rewards=0.0016   │env/env/bootstrap_step=32.145         │
│env/env/send_rollout_trajectories=0.424│env/env_interact_step=75.201           │env/interact=114.3                    │
│env/run_interact_once=113.8            │generate_rollouts=114.4                │rollout/generate_one_epoch=113.3      │
│rollout/rollout/generate=113.3         │step=114.9                             │sync_weights=0.427                    │
│                                                                                                                      │
├──────────────────────────────────────────────────── Environment ─────────────────────────────────────────────────────┤
│                                                                                                                      │
│episode_len=200.0                      │num_trajectories=8                     │return=2.5                            │
│reward=0.0125                          │success_once=0.25                      │                                      │
│                                                                                                                      │
├─────────────────────────────────────────────────── Replay Buffer ────────────────────────────────────────────────────┤
│                                                                                                                      │
│cache_size=1412.0                      │num_trajectories=1412.0                │total_samples=1412.0                  │
│                                                                                                                      │
├─────────────────────────────────────────────────── Training/Other ───────────────────────────────────────────────────┤
│                                                                                                                      │
│replay/actor_switch_rate=0.0000        │replay/done_rate=0.056                 │replay/intervention_rate=0.0000       │
│replay/intervention_requested_rate=0.0…│replay/record_transition_rate=1.000    │replay/reward_mean=0.014              │
│replay/reward_positive_rate=0.014      │replay/transition_count=71.000         │rlt/actor_updates_run=0.0000          │
│rlt/critic_updates_run=0.0000          │rlt/desired_total_updates=0.0000       │rlt/global_min_replay_size=1388.0     │
│rlt/global_total_transitions_added=282…│rlt/global_transitions_since_train=282…│rlt/max_updates_per_train_step=1600.0 │
│rlt/min_replay_buffer_size=10000.0     │rlt/pending_update_budget=0.0000       │rlt/ready_for_online=0.0000           │
│rlt/should_train=0.0000                │rlt/skip_reason=1.000                  │rlt/train_every_episodes=0.0000       │
│rlt/train_every_transitions=1.000      │rlt/update_epoch=5.000                 │rlt/update_step=0.0000                │
│rlt/updates_scheduled=0.0000           │rlt/updates_to_run=0.0000              │rlt/warmup_required_updates=3.00e+04  │
│                                                                                                                      │
╰──────────────────────────────────────────────────────────────────────────────────────────────────────────────────────╯


╭──────────────────────────────────────────────────────────────────────────────────────────────────────────────────────╮
├──────────────────────────────────────────────────── Metric Table ────────────────────────────────────────────────────┤
│ Global Step:   20/250 │ Progress: ███░░░░░░░░░░░░░░░░░░░░░░░░░░░░░░░░░░░░░ │   8.0%                                  │
│ Elapsed: 40:24 │ ETA: 07:44:42 │ Step Time: 121.226s                                                                 │
├──────────────────────────────────────────────────────── Time ────────────────────────────────────────────────────────┤
│                                                                                                                      │
│actor/actor/compute_adv=2.70e-05       │actor/actor/recv_traj=123.7            │actor/actor/sync_model_to_rollout=0.0…│
│cal_adv_and_returns=0.0032             │env/compute_bootstrap_rewards=0.0016   │env/env/bootstrap_step=32.321         │
│env/env/send_rollout_trajectories=0.444│env/env_interact_step=83.882           │env/interact=123.6                    │
│env/run_interact_once=122.9            │generate_rollouts=123.8                │rollout/generate_one_epoch=122.4      │
│rollout/rollout/generate=122.4         │step=124.2                             │sync_weights=0.465                    │
│                                                                                                                      │
├──────────────────────────────────────────────────── Environment ─────────────────────────────────────────────────────┤
│                                                                                                                      │
│episode_len=200.0                      │num_trajectories=8                     │return=0.0                            │
│reward=0.0                             │success_once=0.0                       │                                      │
│                                                                                                                      │
├─────────────────────────────────────────────────── Replay Buffer ────────────────────────────────────────────────────┤
│                                                                                                                      │
│cache_size=1492.0                      │num_trajectories=1492.0                │total_samples=1492.0                  │
│                                                                                                                      │
├─────────────────────────────────────────────────── Training/Other ───────────────────────────────────────────────────┤
│                                                                                                                      │
│replay/actor_switch_rate=0.0000        │replay/done_rate=0.050                 │replay/intervention_rate=0.0000       │
│replay/intervention_requested_rate=0.0…│replay/record_transition_rate=1.000    │replay/reward_mean=0.0000             │
│replay/reward_positive_rate=0.0000     │replay/transition_count=80.000         │rlt/actor_updates_run=0.0000          │
│rlt/critic_updates_run=0.0000          │rlt/desired_total_updates=0.0000       │rlt/global_min_replay_size=1468.0     │
│rlt/global_total_transitions_added=298…│rlt/global_transitions_since_train=298…│rlt/max_updates_per_train_step=1600.0 │
│rlt/min_replay_buffer_size=10000.0     │rlt/pending_update_budget=0.0000       │rlt/ready_for_online=0.0000           │
│rlt/should_train=0.0000                │rlt/skip_reason=1.000                  │rlt/train_every_episodes=0.0000       │
│rlt/train_every_transitions=1.000      │rlt/update_epoch=5.000                 │rlt/update_step=0.0000                │
│rlt/updates_scheduled=0.0000           │rlt/updates_to_run=0.0000              │rlt/warmup_required_updates=3.00e+04  │
│                                                                                                                      │
╰──────────────────────────────────────────────────────────────────────────────────────────────────────────────────────╯


╭──────────────────────────────────────────────────────────────────────────────────────────────────────────────────────╮
├──────────────────────────────────────────────────── Metric Table ────────────────────────────────────────────────────┤
│ Global Step:   21/250 │ Progress: ███░░░░░░░░░░░░░░░░░░░░░░░░░░░░░░░░░░░░░ │   8.4%                                  │
│ Elapsed: 42:34 │ ETA: 07:44:19 │ Step Time: 121.657s                                                                 │
├──────────────────────────────────────────────────────── Time ────────────────────────────────────────────────────────┤
│                                                                                                                      │
│actor/actor/compute_adv=3.11e-05       │actor/actor/recv_traj=129.7            │actor/actor/sync_model_to_rollout=0.0…│
│cal_adv_and_returns=0.0034             │env/compute_bootstrap_rewards=0.0016   │env/env/bootstrap_step=31.897         │
│env/env/send_rollout_trajectories=0.430│env/env_interact_step=89.647           │env/interact=129.7                    │
│env/run_interact_once=129.1            │generate_rollouts=129.8                │rollout/generate_one_epoch=128.6      │
│rollout/rollout/generate=128.6         │step=130.3                             │sync_weights=0.465                    │
│                                                                                                                      │
├──────────────────────────────────────────────────── Environment ─────────────────────────────────────────────────────┤
│                                                                                                                      │
│episode_len=200.0                      │num_trajectories=8                     │return=3.375                          │
│reward=0.016874999                     │success_once=0.375                     │                                      │
│                                                                                                                      │
├─────────────────────────────────────────────────── Replay Buffer ────────────────────────────────────────────────────┤
│                                                                                                                      │
│cache_size=1560.0                      │num_trajectories=1560.0                │total_samples=1560.0                  │
│                                                                                                                      │
├─────────────────────────────────────────────────── Training/Other ───────────────────────────────────────────────────┤
│                                                                                                                      │
│replay/actor_switch_rate=0.0000        │replay/done_rate=0.061                 │replay/intervention_rate=0.0000       │
│replay/intervention_requested_rate=0.0…│replay/record_transition_rate=1.000    │replay/reward_mean=0.027              │
│replay/reward_positive_rate=0.027      │replay/transition_count=68.000         │rlt/actor_updates_run=0.0000          │
│rlt/critic_updates_run=0.0000          │rlt/desired_total_updates=0.0000       │rlt/global_min_replay_size=1548.0     │
│rlt/global_total_transitions_added=312…│rlt/global_transitions_since_train=312…│rlt/max_updates_per_train_step=1600.0 │
│rlt/min_replay_buffer_size=10000.0     │rlt/pending_update_budget=0.0000       │rlt/ready_for_online=0.0000           │
│rlt/should_train=0.0000                │rlt/skip_reason=1.000                  │rlt/train_every_episodes=0.0000       │
│rlt/train_every_transitions=1.000      │rlt/update_epoch=5.000                 │rlt/update_step=0.0000                │
│rlt/updates_scheduled=0.0000           │rlt/updates_to_run=0.0000              │rlt/warmup_required_updates=3.00e+04  │
│                                                                                                                      │
╰──────────────────────────────────────────────────────────────────────────────────────────────────────────────────────╯


╭──────────────────────────────────────────────────────────────────────────────────────────────────────────────────────╮
├──────────────────────────────────────────────────── Metric Table ────────────────────────────────────────────────────┤
│ Global Step:   22/250 │ Progress: ███░░░░░░░░░░░░░░░░░░░░░░░░░░░░░░░░░░░░░ │   8.8%                                  │
│ Elapsed: 44:25 │ ETA: 07:40:25 │ Step Time: 121.163s                                                                 │
├──────────────────────────────────────────────────────── Time ────────────────────────────────────────────────────────┤
│                                                                                                                      │
│actor/actor/compute_adv=1.24e-05       │actor/actor/recv_traj=110.2            │actor/actor/sync_model_to_rollout=0.0…│
│cal_adv_and_returns=0.0027             │env/compute_bootstrap_rewards=0.0015   │env/env/bootstrap_step=31.883         │
│env/env/send_rollout_trajectories=0.438│env/env_interact_step=71.671           │env/interact=110.2                    │
│env/run_interact_once=109.5            │generate_rollouts=110.3                │rollout/generate_one_epoch=109.0      │
│rollout/rollout/generate=109.0         │step=110.8                             │sync_weights=0.461                    │
│                                                                                                                      │
├──────────────────────────────────────────────────── Environment ─────────────────────────────────────────────────────┤
│                                                                                                                      │
│episode_len=200.0                      │num_trajectories=8                     │return=2.625                          │
│reward=0.0131250005                    │success_once=0.25                      │                                      │
│                                                                                                                      │
├─────────────────────────────────────────────────── Replay Buffer ────────────────────────────────────────────────────┤
│                                                                                                                      │
│cache_size=1630.5                      │num_trajectories=1630.5                │total_samples=1630.5                  │
│                                                                                                                      │
├─────────────────────────────────────────────────── Training/Other ───────────────────────────────────────────────────┤
│                                                                                                                      │
│replay/actor_switch_rate=0.0000        │replay/done_rate=0.057                 │replay/intervention_rate=0.0000       │
│replay/intervention_requested_rate=0.0…│replay/record_transition_rate=1.000    │replay/reward_mean=0.014              │
│replay/reward_positive_rate=0.014      │replay/transition_count=70.500         │rlt/actor_updates_run=0.0000          │
│rlt/critic_updates_run=0.0000          │rlt/desired_total_updates=0.0000       │rlt/global_min_replay_size=1619.0     │
│rlt/global_total_transitions_added=326…│rlt/global_transitions_since_train=326…│rlt/max_updates_per_train_step=1600.0 │
│rlt/min_replay_buffer_size=10000.0     │rlt/pending_update_budget=0.0000       │rlt/ready_for_online=0.0000           │
│rlt/should_train=0.0000                │rlt/skip_reason=1.000                  │rlt/train_every_episodes=0.0000       │
│rlt/train_every_transitions=1.000      │rlt/update_epoch=5.000                 │rlt/update_step=0.0000                │
│rlt/updates_scheduled=0.0000           │rlt/updates_to_run=0.0000              │rlt/warmup_required_updates=3.00e+04  │
│                                                                                                                      │
╰──────────────────────────────────────────────────────────────────────────────────────────────────────────────────────╯


╭──────────────────────────────────────────────────────────────────────────────────────────────────────────────────────╮
├──────────────────────────────────────────────────── Metric Table ────────────────────────────────────────────────────┤
│ Global Step:   23/250 │ Progress: ███░░░░░░░░░░░░░░░░░░░░░░░░░░░░░░░░░░░░░ │   9.2%                                  │
│ Elapsed: 46:31 │ ETA: 07:39:14 │ Step Time: 121.385s                                                                 │
├──────────────────────────────────────────────────────── Time ────────────────────────────────────────────────────────┤
│                                                                                                                      │
│actor/actor/compute_adv=2.32e-05       │actor/actor/recv_traj=125.7            │actor/actor/sync_model_to_rollout=0.0…│
│cal_adv_and_returns=0.0031             │env/compute_bootstrap_rewards=0.0016   │env/env/bootstrap_step=32.133         │
│env/env/send_rollout_trajectories=0.431│env/env_interact_step=86.202           │env/interact=125.7                    │
│env/run_interact_once=125.0            │generate_rollouts=125.8                │rollout/generate_one_epoch=124.5      │
│rollout/rollout/generate=124.5         │step=126.3                             │sync_weights=0.491                    │
│                                                                                                                      │
├──────────────────────────────────────────────────── Environment ─────────────────────────────────────────────────────┤
│                                                                                                                      │
│episode_len=200.0                      │num_trajectories=8                     │return=1.25                           │
│reward=0.00625                         │success_once=0.125                     │                                      │
│                                                                                                                      │
├─────────────────────────────────────────────────── Replay Buffer ────────────────────────────────────────────────────┤
│                                                                                                                      │
│cache_size=1706.0                      │num_trajectories=1706.0                │total_samples=1706.0                  │
│                                                                                                                      │
├─────────────────────────────────────────────────── Training/Other ───────────────────────────────────────────────────┤
│                                                                                                                      │
│replay/actor_switch_rate=0.0000        │replay/done_rate=0.053                 │replay/intervention_rate=0.0000       │
│replay/intervention_requested_rate=0.0…│replay/record_transition_rate=1.000    │replay/reward_mean=0.0070             │
│replay/reward_positive_rate=0.0070     │replay/transition_count=75.500         │rlt/actor_updates_run=0.0000          │
│rlt/critic_updates_run=0.0000          │rlt/desired_total_updates=0.0000       │rlt/global_min_replay_size=1690.0     │
│rlt/global_total_transitions_added=341…│rlt/global_transitions_since_train=341…│rlt/max_updates_per_train_step=1600.0 │
│rlt/min_replay_buffer_size=10000.0     │rlt/pending_update_budget=0.0000       │rlt/ready_for_online=0.0000           │
│rlt/should_train=0.0000                │rlt/skip_reason=1.000                  │rlt/train_every_episodes=0.0000       │
│rlt/train_every_transitions=1.000      │rlt/update_epoch=5.000                 │rlt/update_step=0.0000                │
│rlt/updates_scheduled=0.0000           │rlt/updates_to_run=0.0000              │rlt/warmup_required_updates=3.00e+04  │
│                                                                                                                      │
╰──────────────────────────────────────────────────────────────────────────────────────────────────────────────────────╯


╭──────────────────────────────────────────────────────────────────────────────────────────────────────────────────────╮
├──────────────────────────────────────────────────── Metric Table ────────────────────────────────────────────────────┤
│ Global Step:   24/250 │ Progress: ███░░░░░░░░░░░░░░░░░░░░░░░░░░░░░░░░░░░░░ │   9.6%                                  │
│ Elapsed: 48:28 │ ETA: 07:36:29 │ Step Time: 121.194s                                                                 │
├──────────────────────────────────────────────────────── Time ────────────────────────────────────────────────────────┤
│                                                                                                                      │
│actor/actor/compute_adv=2.57e-05       │actor/actor/recv_traj=116.2            │actor/actor/sync_model_to_rollout=0.0…│
│cal_adv_and_returns=0.0029             │env/compute_bootstrap_rewards=0.0017   │env/env/bootstrap_step=32.555         │
│env/env/send_rollout_trajectories=0.428│env/env_interact_step=76.073           │env/interact=116.2                    │
│env/run_interact_once=115.5            │generate_rollouts=116.3                │rollout/generate_one_epoch=115.0      │
│rollout/rollout/generate=115.0         │step=116.8                             │sync_weights=0.484                    │
│                                                                                                                      │
├──────────────────────────────────────────────────── Environment ─────────────────────────────────────────────────────┤
│                                                                                                                      │
│episode_len=200.0                      │num_trajectories=8                     │return=2.25                           │
│reward=0.01125                         │success_once=0.25                      │                                      │
│                                                                                                                      │
├─────────────────────────────────────────────────── Replay Buffer ────────────────────────────────────────────────────┤
│                                                                                                                      │
│cache_size=1778.0                      │num_trajectories=1778.0                │total_samples=1778.0                  │
│                                                                                                                      │
├─────────────────────────────────────────────────── Training/Other ───────────────────────────────────────────────────┤
│                                                                                                                      │
│replay/actor_switch_rate=0.0000        │replay/done_rate=0.056                 │replay/intervention_rate=0.0000       │
│replay/intervention_requested_rate=0.0…│replay/record_transition_rate=1.000    │replay/reward_mean=0.014              │
│replay/reward_positive_rate=0.014      │replay/transition_count=72.000         │rlt/actor_updates_run=0.0000          │
│rlt/critic_updates_run=0.0000          │rlt/desired_total_updates=0.0000       │rlt/global_min_replay_size=1762.0     │
│rlt/global_total_transitions_added=355…│rlt/global_transitions_since_train=355…│rlt/max_updates_per_train_step=1600.0 │
│rlt/min_replay_buffer_size=10000.0     │rlt/pending_update_budget=0.0000       │rlt/ready_for_online=0.0000           │
│rlt/should_train=0.0000                │rlt/skip_reason=1.000                  │rlt/train_every_episodes=0.0000       │
│rlt/train_every_transitions=1.000      │rlt/update_epoch=5.000                 │rlt/update_step=0.0000                │
│rlt/updates_scheduled=0.0000           │rlt/updates_to_run=0.0000              │rlt/warmup_required_updates=3.00e+04  │
│                                                                                                                      │
╰──────────────────────────────────────────────────────────────────────────────────────────────────────────────────────╯


╭──────────────────────────────────────────────────────────────────────────────────────────────────────────────────────╮
├──────────────────────────────────────────────────── Metric Table ────────────────────────────────────────────────────┤
│ Global Step:   25/250 │ Progress: ████░░░░░░░░░░░░░░░░░░░░░░░░░░░░░░░░░░░░ │  10.0%                                  │
│ Elapsed: 55:06 │ ETA: 08:15:55 │ Step Time: 132.248s                                                                 │
├──────────────────────────────────────────────────────── Time ────────────────────────────────────────────────────────┤
│                                                                                                                      │
│actor/actor/compute_adv=1.23e-05       │actor/actor/recv_traj=119.2            │actor/actor/sync_model_to_rollout=0.0…│
│cal_adv_and_returns=0.0030             │env/compute_bootstrap_rewards=0.0016   │env/env/bootstrap_step=31.782         │
│env/env/send_rollout_trajectories=0.434│env/env_interact_step=80.268           │env/interact=119.3                    │
│env/run_interact_once=118.6            │eval=272.8                             │generate_rollouts=119.3               │
│rollout/generate_one_epoch=118.2       │rollout/rollout/generate=118.2         │step=397.5                            │
│sync_weights=0.463                     │                                       │                                      │
│                                                                                                                      │
├──────────────────────────────────────────────────── Environment ─────────────────────────────────────────────────────┤
│                                                                                                                      │
│episode_len=200.0                      │num_trajectories=8                     │return=1.0                            │
│reward=0.005                           │success_once=0.125                     │                                      │
│                                                                                                                      │
├───────────────────────────────────────────────────── Evaluation ─────────────────────────────────────────────────────┤
│                                                                                                                      │
│episode_len=200.0                      │num_trajectories=20                    │return=0.0                            │
│reward=0.0                             │success_at_end=0.0                     │success_once=0.0                      │
│                                                                                                                      │
├─────────────────────────────────────────────────── Replay Buffer ────────────────────────────────────────────────────┤
│                                                                                                                      │
│cache_size=1854.5                      │num_trajectories=1854.5                │total_samples=1854.5                  │
│                                                                                                                      │
├─────────────────────────────────────────────────── Training/Other ───────────────────────────────────────────────────┤
│                                                                                                                      │
│replay/actor_switch_rate=0.0000        │replay/done_rate=0.052                 │replay/intervention_rate=0.0000       │
│replay/intervention_requested_rate=0.0…│replay/record_transition_rate=1.000    │replay/reward_mean=0.0068             │
│replay/reward_positive_rate=0.0068     │replay/transition_count=76.500         │rlt/actor_updates_run=0.0000          │
│rlt/critic_updates_run=0.0000          │rlt/desired_total_updates=0.0000       │rlt/global_min_replay_size=1835.0     │
│rlt/global_total_transitions_added=370…│rlt/global_transitions_since_train=370…│rlt/max_updates_per_train_step=1600.0 │
│rlt/min_replay_buffer_size=10000.0     │rlt/pending_update_budget=0.0000       │rlt/ready_for_online=0.0000           │
│rlt/should_train=0.0000                │rlt/skip_reason=1.000                  │rlt/train_every_episodes=0.0000       │
│rlt/train_every_transitions=1.000      │rlt/update_epoch=5.000                 │rlt/update_step=0.0000                │
│rlt/updates_scheduled=0.0000           │rlt/updates_to_run=0.0000              │rlt/warmup_required_updates=3.00e+04  │
│                                                                                                                      │
╰──────────────────────────────────────────────────────────────────────────────────────────────────────────────────────╯


╭──────────────────────────────────────────────────────────────────────────────────────────────────────────────────────╮
├──────────────────────────────────────────────────── Metric Table ────────────────────────────────────────────────────┤
│ Global Step:   26/250 │ Progress: ████░░░░░░░░░░░░░░░░░░░░░░░░░░░░░░░░░░░░ │  10.4%                                  │
│ Elapsed: 57:03 │ ETA: 08:11:36 │ Step Time: 131.683s                                                                 │
├──────────────────────────────────────────────────────── Time ────────────────────────────────────────────────────────┤
│                                                                                                                      │
│actor/actor/compute_adv=2.65e-05       │actor/actor/recv_traj=117.0            │actor/actor/sync_model_to_rollout=0.0…│
│cal_adv_and_returns=0.0032             │env/compute_bootstrap_rewards=0.0016   │env/env/bootstrap_step=30.614         │
│env/env/send_rollout_trajectories=0.425│env/env_interact_step=79.094           │env/interact=116.9                    │
│env/run_interact_once=116.5            │generate_rollouts=117.1                │rollout/generate_one_epoch=116.1      │
│rollout/rollout/generate=116.1         │step=117.5                             │sync_weights=0.487                    │
│                                                                                                                      │
├──────────────────────────────────────────────────── Environment ─────────────────────────────────────────────────────┤
│                                                                                                                      │
│episode_len=200.0                      │num_trajectories=8                     │return=2.625                          │
│reward=0.0131250005                    │success_once=0.25                      │                                      │
│                                                                                                                      │
├─────────────────────────────────────────────────── Replay Buffer ────────────────────────────────────────────────────┤
│                                                                                                                      │
│cache_size=1925.0                      │num_trajectories=1925.0                │total_samples=1925.0                  │
│                                                                                                                      │
├─────────────────────────────────────────────────── Training/Other ───────────────────────────────────────────────────┤
│                                                                                                                      │
│replay/actor_switch_rate=0.0000        │replay/done_rate=0.057                 │replay/intervention_rate=0.0000       │
│replay/intervention_requested_rate=0.0…│replay/record_transition_rate=1.000    │replay/reward_mean=0.014              │
│replay/reward_positive_rate=0.014      │replay/transition_count=70.500         │rlt/actor_updates_run=0.0000          │
│rlt/critic_updates_run=0.0000          │rlt/desired_total_updates=0.0000       │rlt/global_min_replay_size=1905.0     │
│rlt/global_total_transitions_added=385…│rlt/global_transitions_since_train=385…│rlt/max_updates_per_train_step=1600.0 │
│rlt/min_replay_buffer_size=10000.0     │rlt/pending_update_budget=0.0000       │rlt/ready_for_online=0.0000           │
│rlt/should_train=0.0000                │rlt/skip_reason=1.000                  │rlt/train_every_episodes=0.0000       │
│rlt/train_every_transitions=1.000      │rlt/update_epoch=5.000                 │rlt/update_step=0.0000                │
│rlt/updates_scheduled=0.0000           │rlt/updates_to_run=0.0000              │rlt/warmup_required_updates=3.00e+04  │
│                                                                                                                      │
╰──────────────────────────────────────────────────────────────────────────────────────────────────────────────────────╯


╭──────────────────────────────────────────────────────────────────────────────────────────────────────────────────────╮
├──────────────────────────────────────────────────── Metric Table ────────────────────────────────────────────────────┤
│ Global Step:   27/250 │ Progress: ████░░░░░░░░░░░░░░░░░░░░░░░░░░░░░░░░░░░░ │  10.8%                                  │
│ Elapsed: 58:58 │ ETA: 08:07:01 │ Step Time: 131.038s                                                                 │
├──────────────────────────────────────────────────────── Time ────────────────────────────────────────────────────────┤
│                                                                                                                      │
│actor/actor/compute_adv=2.43e-05       │actor/actor/recv_traj=113.7            │actor/actor/sync_model_to_rollout=0.0…│
│cal_adv_and_returns=0.0030             │env/compute_bootstrap_rewards=0.0015   │env/env/bootstrap_step=30.430         │
│env/env/send_rollout_trajectories=0.425│env/env_interact_step=76.284           │env/interact=113.7                    │
│env/run_interact_once=113.3            │generate_rollouts=113.8                │rollout/generate_one_epoch=112.8      │
│rollout/rollout/generate=112.8         │step=114.2                             │sync_weights=0.462                    │
│                                                                                                                      │
├──────────────────────────────────────────────────── Environment ─────────────────────────────────────────────────────┤
│                                                                                                                      │
│episode_len=200.0                      │num_trajectories=8                     │return=2.5                            │
│reward=0.0125                          │success_once=0.25                      │                                      │
│                                                                                                                      │
├─────────────────────────────────────────────────── Replay Buffer ────────────────────────────────────────────────────┤
│                                                                                                                      │
│cache_size=1996.0                      │num_trajectories=1996.0                │total_samples=1996.0                  │
│                                                                                                                      │
├─────────────────────────────────────────────────── Training/Other ───────────────────────────────────────────────────┤
│                                                                                                                      │
│replay/actor_switch_rate=0.0000        │replay/done_rate=0.056                 │replay/intervention_rate=0.0000       │
│replay/intervention_requested_rate=0.0…│replay/record_transition_rate=1.000    │replay/reward_mean=0.014              │
│replay/reward_positive_rate=0.014      │replay/transition_count=71.000         │rlt/actor_updates_run=0.0000          │
│rlt/critic_updates_run=0.0000          │rlt/desired_total_updates=0.0000       │rlt/global_min_replay_size=1976.0     │
│rlt/global_total_transitions_added=399…│rlt/global_transitions_since_train=399…│rlt/max_updates_per_train_step=1600.0 │
│rlt/min_replay_buffer_size=10000.0     │rlt/pending_update_budget=0.0000       │rlt/ready_for_online=0.0000           │
│rlt/should_train=0.0000                │rlt/skip_reason=1.000                  │rlt/train_every_episodes=0.0000       │
│rlt/train_every_transitions=1.000      │rlt/update_epoch=5.000                 │rlt/update_step=0.0000                │
│rlt/updates_scheduled=0.0000           │rlt/updates_to_run=0.0000              │rlt/warmup_required_updates=3.00e+04  │
│                                                                                                                      │
╰──────────────────────────────────────────────────────────────────────────────────────────────────────────────────────╯


╭──────────────────────────────────────────────────────────────────────────────────────────────────────────────────────╮
├──────────────────────────────────────────────────── Metric Table ────────────────────────────────────────────────────┤
│ Global Step:   28/250 │ Progress: ████░░░░░░░░░░░░░░░░░░░░░░░░░░░░░░░░░░░░ │  11.2%                                  │
│ Elapsed: 01:01:02 │ ETA: 08:03:56 │ Step Time: 130.793s                                                              │
├──────────────────────────────────────────────────────── Time ────────────────────────────────────────────────────────┤
│                                                                                                                      │
│actor/actor/compute_adv=1.11e-05       │actor/actor/recv_traj=123.6            │actor/actor/sync_model_to_rollout=0.0…│
│cal_adv_and_returns=0.0031             │env/compute_bootstrap_rewards=0.0016   │env/env/bootstrap_step=30.309         │
│env/env/send_rollout_trajectories=0.432│env/env_interact_step=86.542           │env/interact=123.6                    │
│env/run_interact_once=123.2            │generate_rollouts=123.7                │rollout/generate_one_epoch=122.7      │
│rollout/rollout/generate=122.7         │step=124.2                             │sync_weights=0.439                    │
│                                                                                                                      │
├──────────────────────────────────────────────────── Environment ─────────────────────────────────────────────────────┤
│                                                                                                                      │
│episode_len=200.0                      │num_trajectories=8                     │return=0.0                            │
│reward=0.0                             │success_once=0.0                       │                                      │
│                                                                                                                      │
├─────────────────────────────────────────────────── Replay Buffer ────────────────────────────────────────────────────┤
│                                                                                                                      │
│cache_size=2076.0                      │num_trajectories=2076.0                │total_samples=2076.0                  │
│                                                                                                                      │
├─────────────────────────────────────────────────── Training/Other ───────────────────────────────────────────────────┤
│                                                                                                                      │
│replay/actor_switch_rate=0.0000        │replay/done_rate=0.050                 │replay/intervention_rate=0.0000       │
│replay/intervention_requested_rate=0.0…│replay/record_transition_rate=1.000    │replay/reward_mean=0.0000             │
│replay/reward_positive_rate=0.0000     │replay/transition_count=80.000         │rlt/actor_updates_run=0.0000          │
│rlt/critic_updates_run=0.0000          │rlt/desired_total_updates=0.0000       │rlt/global_min_replay_size=2056.0     │
│rlt/global_total_transitions_added=415…│rlt/global_transitions_since_train=415…│rlt/max_updates_per_train_step=1600.0 │
│rlt/min_replay_buffer_size=10000.0     │rlt/pending_update_budget=0.0000       │rlt/ready_for_online=0.0000           │
│rlt/should_train=0.0000                │rlt/skip_reason=1.000                  │rlt/train_every_episodes=0.0000       │
│rlt/train_every_transitions=1.000      │rlt/update_epoch=5.000                 │rlt/update_step=0.0000                │
│rlt/updates_scheduled=0.0000           │rlt/updates_to_run=0.0000              │rlt/warmup_required_updates=3.00e+04  │
│                                                                                                                      │
╰──────────────────────────────────────────────────────────────────────────────────────────────────────────────────────╯


╭──────────────────────────────────────────────────────────────────────────────────────────────────────────────────────╮
├──────────────────────────────────────────────────── Metric Table ────────────────────────────────────────────────────┤
│ Global Step:   29/250 │ Progress: ████░░░░░░░░░░░░░░░░░░░░░░░░░░░░░░░░░░░░ │  11.6%                                  │
│ Elapsed: 01:03:05 │ ETA: 08:00:45 │ Step Time: 130.524s                                                              │
├──────────────────────────────────────────────────────── Time ────────────────────────────────────────────────────────┤
│                                                                                                                      │
│actor/actor/compute_adv=2.46e-05       │actor/actor/recv_traj=122.4            │actor/actor/sync_model_to_rollout=0.0…│
│cal_adv_and_returns=0.0028             │env/compute_bootstrap_rewards=0.0016   │env/env/bootstrap_step=30.213         │
│env/env/send_rollout_trajectories=0.441│env/env_interact_step=85.912           │env/interact=122.4                    │
│env/run_interact_once=122.0            │generate_rollouts=122.5                │rollout/generate_one_epoch=121.5      │
│rollout/rollout/generate=121.5         │step=123.0                             │sync_weights=0.456                    │
│                                                                                                                      │
├──────────────────────────────────────────────────── Environment ─────────────────────────────────────────────────────┤
│                                                                                                                      │
│episode_len=200.0                      │num_trajectories=8                     │return=0.0                            │
│reward=0.0                             │success_once=0.0                       │                                      │
│                                                                                                                      │
├─────────────────────────────────────────────────── Replay Buffer ────────────────────────────────────────────────────┤
│                                                                                                                      │
│cache_size=2156.0                      │num_trajectories=2156.0                │total_samples=2156.0                  │
│                                                                                                                      │
├─────────────────────────────────────────────────── Training/Other ───────────────────────────────────────────────────┤
│                                                                                                                      │
│replay/actor_switch_rate=0.0000        │replay/done_rate=0.050                 │replay/intervention_rate=0.0000       │
│replay/intervention_requested_rate=0.0…│replay/record_transition_rate=1.000    │replay/reward_mean=0.0000             │
│replay/reward_positive_rate=0.0000     │replay/transition_count=80.000         │rlt/actor_updates_run=0.0000          │
│rlt/critic_updates_run=0.0000          │rlt/desired_total_updates=0.0000       │rlt/global_min_replay_size=2136.0     │
│rlt/global_total_transitions_added=431…│rlt/global_transitions_since_train=431…│rlt/max_updates_per_train_step=1600.0 │
│rlt/min_replay_buffer_size=10000.0     │rlt/pending_update_budget=0.0000       │rlt/ready_for_online=0.0000           │
│rlt/should_train=0.0000                │rlt/skip_reason=1.000                  │rlt/train_every_episodes=0.0000       │
│rlt/train_every_transitions=1.000      │rlt/update_epoch=5.000                 │rlt/update_step=0.0000                │
│rlt/updates_scheduled=0.0000           │rlt/updates_to_run=0.0000              │rlt/warmup_required_updates=3.00e+04  │
│                                                                                                                      │
╰──────────────────────────────────────────────────────────────────────────────────────────────────────────────────────╯


╭──────────────────────────────────────────────────────────────────────────────────────────────────────────────────────╮
├──────────────────────────────────────────────────── Metric Table ────────────────────────────────────────────────────┤
│ Global Step:   30/250 │ Progress: ████░░░░░░░░░░░░░░░░░░░░░░░░░░░░░░░░░░░░ │  12.0%                                  │
│ Elapsed: 01:05:00 │ ETA: 07:56:44 │ Step Time: 130.022s                                                              │
├──────────────────────────────────────────────────────── Time ────────────────────────────────────────────────────────┤
│                                                                                                                      │
│actor/actor/compute_adv=3.41e-05       │actor/actor/recv_traj=115.0            │actor/actor/sync_model_to_rollout=0.0…│
│cal_adv_and_returns=0.0031             │env/compute_bootstrap_rewards=0.0016   │env/env/bootstrap_step=30.582         │
│env/env/send_rollout_trajectories=0.437│env/env_interact_step=77.071           │env/interact=115.0                    │
│env/run_interact_once=114.6            │generate_rollouts=115.1                │rollout/generate_one_epoch=114.1      │
│rollout/rollout/generate=114.1         │step=115.5                             │sync_weights=0.356                    │
│                                                                                                                      │
├──────────────────────────────────────────────────── Environment ─────────────────────────────────────────────────────┤
│                                                                                                                      │
│episode_len=200.0                      │num_trajectories=8                     │return=3.625                          │
│reward=0.018125                        │success_once=0.375                     │                                      │
│                                                                                                                      │
├─────────────────────────────────────────────────── Replay Buffer ────────────────────────────────────────────────────┤
│                                                                                                                      │
│cache_size=2223.0                      │num_trajectories=2223.0                │total_samples=2223.0                  │
│                                                                                                                      │
├─────────────────────────────────────────────────── Training/Other ───────────────────────────────────────────────────┤
│                                                                                                                      │
│replay/actor_switch_rate=0.0000        │replay/done_rate=0.060                 │replay/intervention_rate=0.0000       │
│replay/intervention_requested_rate=0.0…│replay/record_transition_rate=1.000    │replay/reward_mean=0.023              │
│replay/reward_positive_rate=0.023      │replay/transition_count=67.000         │rlt/actor_updates_run=0.0000          │
│rlt/critic_updates_run=0.0000          │rlt/desired_total_updates=0.0000       │rlt/global_min_replay_size=2208.0     │
│rlt/global_total_transitions_added=444…│rlt/global_transitions_since_train=444…│rlt/max_updates_per_train_step=1600.0 │
│rlt/min_replay_buffer_size=10000.0     │rlt/pending_update_budget=0.0000       │rlt/ready_for_online=0.0000           │
│rlt/should_train=0.0000                │rlt/skip_reason=1.000                  │rlt/train_every_episodes=0.0000       │
│rlt/train_every_transitions=1.000      │rlt/update_epoch=5.000                 │rlt/update_step=0.0000                │
│rlt/updates_scheduled=0.0000           │rlt/updates_to_run=0.0000              │rlt/warmup_required_updates=3.00e+04  │
│                                                                                                                      │
╰──────────────────────────────────────────────────────────────────────────────────────────────────────────────────────╯


╭──────────────────────────────────────────────────────────────────────────────────────────────────────────────────────╮
├──────────────────────────────────────────────────── Metric Table ────────────────────────────────────────────────────┤
│ Global Step:   31/250 │ Progress: ████░░░░░░░░░░░░░░░░░░░░░░░░░░░░░░░░░░░░ │  12.4%                                  │
│ Elapsed: 01:07:02 │ ETA: 07:53:37 │ Step Time: 129.762s                                                              │
├──────────────────────────────────────────────────────── Time ────────────────────────────────────────────────────────┤
│                                                                                                                      │
│actor/actor/compute_adv=2.64e-05       │actor/actor/recv_traj=121.4            │actor/actor/sync_model_to_rollout=0.0…│
│cal_adv_and_returns=0.0032             │env/compute_bootstrap_rewards=0.0017   │env/env/bootstrap_step=29.996         │
│env/env/send_rollout_trajectories=0.438│env/env_interact_step=84.588           │env/interact=121.4                    │
│env/run_interact_once=121.0            │generate_rollouts=121.5                │rollout/generate_one_epoch=120.5      │
│rollout/rollout/generate=120.5         │step=121.9                             │sync_weights=0.450                    │
│                                                                                                                      │
├──────────────────────────────────────────────────── Environment ─────────────────────────────────────────────────────┤
│                                                                                                                      │
│episode_len=200.0                      │num_trajectories=8                     │return=0.0                            │
│reward=0.0                             │success_once=0.0                       │                                      │
│                                                                                                                      │
├─────────────────────────────────────────────────── Replay Buffer ────────────────────────────────────────────────────┤
│                                                                                                                      │
│cache_size=2303.0                      │num_trajectories=2303.0                │total_samples=2303.0                  │
│                                                                                                                      │
├─────────────────────────────────────────────────── Training/Other ───────────────────────────────────────────────────┤
│                                                                                                                      │
│replay/actor_switch_rate=0.0000        │replay/done_rate=0.050                 │replay/intervention_rate=0.0000       │
│replay/intervention_requested_rate=0.0…│replay/record_transition_rate=1.000    │replay/reward_mean=0.0000             │
│replay/reward_positive_rate=0.0000     │replay/transition_count=80.000         │rlt/actor_updates_run=0.0000          │
│rlt/critic_updates_run=0.0000          │rlt/desired_total_updates=0.0000       │rlt/global_min_replay_size=2288.0     │
│rlt/global_total_transitions_added=460…│rlt/global_transitions_since_train=460…│rlt/max_updates_per_train_step=1600.0 │
│rlt/min_replay_buffer_size=10000.0     │rlt/pending_update_budget=0.0000       │rlt/ready_for_online=0.0000           │
│rlt/should_train=0.0000                │rlt/skip_reason=1.000                  │rlt/train_every_episodes=0.0000       │
│rlt/train_every_transitions=1.000      │rlt/update_epoch=5.000                 │rlt/update_step=0.0000                │
│rlt/updates_scheduled=0.0000           │rlt/updates_to_run=0.0000              │rlt/warmup_required_updates=3.00e+04  │
│                                                                                                                      │
╰──────────────────────────────────────────────────────────────────────────────────────────────────────────────────────╯


╭──────────────────────────────────────────────────────────────────────────────────────────────────────────────────────╮
├──────────────────────────────────────────────────── Metric Table ────────────────────────────────────────────────────┤
│ Global Step:   32/250 │ Progress: █████░░░░░░░░░░░░░░░░░░░░░░░░░░░░░░░░░░░ │  12.8%                                  │
│ Elapsed: 01:09:05 │ ETA: 07:50:41 │ Step Time: 129.549s                                                              │
├──────────────────────────────────────────────────────── Time ────────────────────────────────────────────────────────┤
│                                                                                                                      │
│actor/actor/compute_adv=3.03e-05       │actor/actor/recv_traj=122.4            │actor/actor/sync_model_to_rollout=0.0…│
│cal_adv_and_returns=0.0037             │env/compute_bootstrap_rewards=0.0016   │env/env/bootstrap_step=30.622         │
│env/env/send_rollout_trajectories=0.436│env/env_interact_step=86.030           │env/interact=122.4                    │
│env/run_interact_once=122.0            │generate_rollouts=122.6                │rollout/generate_one_epoch=121.5      │
│rollout/rollout/generate=121.5         │step=123.0                             │sync_weights=0.391                    │
│                                                                                                                      │
├──────────────────────────────────────────────────── Environment ─────────────────────────────────────────────────────┤
│                                                                                                                      │
│episode_len=200.0                      │num_trajectories=8                     │return=0.0                            │
│reward=0.0                             │success_once=0.0                       │                                      │
│                                                                                                                      │
├─────────────────────────────────────────────────── Replay Buffer ────────────────────────────────────────────────────┤
│                                                                                                                      │
│cache_size=2383.0                      │num_trajectories=2383.0                │total_samples=2383.0                  │
│                                                                                                                      │
├─────────────────────────────────────────────────── Training/Other ───────────────────────────────────────────────────┤
│                                                                                                                      │
│replay/actor_switch_rate=0.0000        │replay/done_rate=0.050                 │replay/intervention_rate=0.0000       │
│replay/intervention_requested_rate=0.0…│replay/record_transition_rate=1.000    │replay/reward_mean=0.0000             │
│replay/reward_positive_rate=0.0000     │replay/transition_count=80.000         │rlt/actor_updates_run=0.0000          │
│rlt/critic_updates_run=0.0000          │rlt/desired_total_updates=0.0000       │rlt/global_min_replay_size=2368.0     │
│rlt/global_total_transitions_added=476…│rlt/global_transitions_since_train=476…│rlt/max_updates_per_train_step=1600.0 │
│rlt/min_replay_buffer_size=10000.0     │rlt/pending_update_budget=0.0000       │rlt/ready_for_online=0.0000           │
│rlt/should_train=0.0000                │rlt/skip_reason=1.000                  │rlt/train_every_episodes=0.0000       │
│rlt/train_every_transitions=1.000      │rlt/update_epoch=5.000                 │rlt/update_step=0.0000                │
│rlt/updates_scheduled=0.0000           │rlt/updates_to_run=0.0000              │rlt/warmup_required_updates=3.00e+04  │
│                                                                                                                      │
╰──────────────────────────────────────────────────────────────────────────────────────────────────────────────────────╯


╭──────────────────────────────────────────────────────────────────────────────────────────────────────────────────────╮
├──────────────────────────────────────────────────── Metric Table ────────────────────────────────────────────────────┤
│ Global Step:   33/250 │ Progress: █████░░░░░░░░░░░░░░░░░░░░░░░░░░░░░░░░░░░ │  13.2%                                  │
│ Elapsed: 01:11:06 │ ETA: 07:47:34 │ Step Time: 129.284s                                                              │
├──────────────────────────────────────────────────────── Time ────────────────────────────────────────────────────────┤
│                                                                                                                      │
│actor/actor/compute_adv=1.02e-05       │actor/actor/recv_traj=120.2            │actor/actor/sync_model_to_rollout=0.0…│
│cal_adv_and_returns=0.0029             │env/compute_bootstrap_rewards=0.0015   │env/env/bootstrap_step=30.482         │
│env/env/send_rollout_trajectories=0.431│env/env_interact_step=82.857           │env/interact=120.2                    │
│env/run_interact_once=119.7            │generate_rollouts=120.3                │rollout/generate_one_epoch=119.3      │
│rollout/rollout/generate=119.3         │step=120.8                             │sync_weights=0.477                    │
│                                                                                                                      │
├──────────────────────────────────────────────────── Environment ─────────────────────────────────────────────────────┤
│                                                                                                                      │
│episode_len=200.0                      │num_trajectories=8                     │return=0.0                            │
│reward=0.0                             │success_once=0.0                       │                                      │
│                                                                                                                      │
├─────────────────────────────────────────────────── Replay Buffer ────────────────────────────────────────────────────┤
│                                                                                                                      │
│cache_size=2463.0                      │num_trajectories=2463.0                │total_samples=2463.0                  │
│                                                                                                                      │
├─────────────────────────────────────────────────── Training/Other ───────────────────────────────────────────────────┤
│                                                                                                                      │
│replay/actor_switch_rate=0.0000        │replay/done_rate=0.050                 │replay/intervention_rate=0.0000       │
│replay/intervention_requested_rate=0.0…│replay/record_transition_rate=1.000    │replay/reward_mean=0.0000             │
│replay/reward_positive_rate=0.0000     │replay/transition_count=80.000         │rlt/actor_updates_run=0.0000          │
│rlt/critic_updates_run=0.0000          │rlt/desired_total_updates=0.0000       │rlt/global_min_replay_size=2448.0     │
│rlt/global_total_transitions_added=492…│rlt/global_transitions_since_train=492…│rlt/max_updates_per_train_step=1600.0 │
│rlt/min_replay_buffer_size=10000.0     │rlt/pending_update_budget=0.0000       │rlt/ready_for_online=0.0000           │
│rlt/should_train=0.0000                │rlt/skip_reason=1.000                  │rlt/train_every_episodes=0.0000       │
│rlt/train_every_transitions=1.000      │rlt/update_epoch=5.000                 │rlt/update_step=0.0000                │
│rlt/updates_scheduled=0.0000           │rlt/updates_to_run=0.0000              │rlt/warmup_required_updates=3.00e+04  │
│                                                                                                                      │
╰──────────────────────────────────────────────────────────────────────────────────────────────────────────────────────╯


╭──────────────────────────────────────────────────────────────────────────────────────────────────────────────────────╮
├──────────────────────────────────────────────────── Metric Table ────────────────────────────────────────────────────┤
│ Global Step:   34/250 │ Progress: █████░░░░░░░░░░░░░░░░░░░░░░░░░░░░░░░░░░░ │  13.6%                                  │
│ Elapsed: 01:13:07 │ ETA: 07:44:34 │ Step Time: 129.049s                                                              │
├──────────────────────────────────────────────────────── Time ────────────────────────────────────────────────────────┤
│                                                                                                                      │
│actor/actor/compute_adv=2.57e-05       │actor/actor/recv_traj=120.6            │actor/actor/sync_model_to_rollout=0.0…│
│cal_adv_and_returns=0.0033             │env/compute_bootstrap_rewards=0.0017   │env/env/bootstrap_step=30.500         │
│env/env/send_rollout_trajectories=0.440│env/env_interact_step=82.954           │env/interact=120.6                    │
│env/run_interact_once=120.1            │generate_rollouts=120.7                │rollout/generate_one_epoch=119.7      │
│rollout/rollout/generate=119.7         │step=121.3                             │sync_weights=0.576                    │
│                                                                                                                      │
├──────────────────────────────────────────────────── Environment ─────────────────────────────────────────────────────┤
│                                                                                                                      │
│episode_len=200.0                      │num_trajectories=8                     │return=1.25                           │
│reward=0.00625                         │success_once=0.125                     │                                      │
│                                                                                                                      │
├─────────────────────────────────────────────────── Replay Buffer ────────────────────────────────────────────────────┤
│                                                                                                                      │
│cache_size=2538.5                      │num_trajectories=2538.5                │total_samples=2538.5                  │
│                                                                                                                      │
├─────────────────────────────────────────────────── Training/Other ───────────────────────────────────────────────────┤
│                                                                                                                      │
│replay/actor_switch_rate=0.0000        │replay/done_rate=0.053                 │replay/intervention_rate=0.0000       │
│replay/intervention_requested_rate=0.0…│replay/record_transition_rate=1.000    │replay/reward_mean=0.0070             │
│replay/reward_positive_rate=0.0070     │replay/transition_count=75.500         │rlt/actor_updates_run=0.0000          │
│rlt/critic_updates_run=0.0000          │rlt/desired_total_updates=0.0000       │rlt/global_min_replay_size=2519.0     │
│rlt/global_total_transitions_added=507…│rlt/global_transitions_since_train=507…│rlt/max_updates_per_train_step=1600.0 │
│rlt/min_replay_buffer_size=10000.0     │rlt/pending_update_budget=0.0000       │rlt/ready_for_online=0.0000           │
│rlt/should_train=0.0000                │rlt/skip_reason=1.000                  │rlt/train_every_episodes=0.0000       │
│rlt/train_every_transitions=1.000      │rlt/update_epoch=5.000                 │rlt/update_step=0.0000                │
│rlt/updates_scheduled=0.0000           │rlt/updates_to_run=0.0000              │rlt/warmup_required_updates=3.00e+04  │
│                                                                                                                      │
╰──────────────────────────────────────────────────────────────────────────────────────────────────────────────────────╯


╭──────────────────────────────────────────────────────────────────────────────────────────────────────────────────────╮
├──────────────────────────────────────────────────── Metric Table ────────────────────────────────────────────────────┤
│ Global Step:   35/250 │ Progress: █████░░░░░░░░░░░░░░░░░░░░░░░░░░░░░░░░░░░ │  14.0%                                  │
│ Elapsed: 01:15:13 │ ETA: 07:42:03 │ Step Time: 128.948s                                                              │
├──────────────────────────────────────────────────────── Time ────────────────────────────────────────────────────────┤
│                                                                                                                      │
│actor/actor/compute_adv=3.18e-05       │actor/actor/recv_traj=124.9            │actor/actor/sync_model_to_rollout=0.0…│
│cal_adv_and_returns=0.0034             │env/compute_bootstrap_rewards=0.0016   │env/env/bootstrap_step=30.508         │
│env/env/send_rollout_trajectories=0.434│env/env_interact_step=87.305           │env/interact=124.9                    │
│env/run_interact_once=124.4            │generate_rollouts=125.0                │rollout/generate_one_epoch=123.9      │
│rollout/rollout/generate=123.9         │step=125.5                             │sync_weights=0.510                    │
│                                                                                                                      │
├──────────────────────────────────────────────────── Environment ─────────────────────────────────────────────────────┤
│                                                                                                                      │
│episode_len=200.0                      │num_trajectories=8                     │return=0.0                            │
│reward=0.0                             │success_once=0.0                       │                                      │
│                                                                                                                      │
├─────────────────────────────────────────────────── Replay Buffer ────────────────────────────────────────────────────┤
│                                                                                                                      │
│cache_size=2618.5                      │num_trajectories=2618.5                │total_samples=2618.5                  │
│                                                                                                                      │
├─────────────────────────────────────────────────── Training/Other ───────────────────────────────────────────────────┤
│                                                                                                                      │
│replay/actor_switch_rate=0.0000        │replay/done_rate=0.050                 │replay/intervention_rate=0.0000       │
│replay/intervention_requested_rate=0.0…│replay/record_transition_rate=1.000    │replay/reward_mean=0.0000             │
│replay/reward_positive_rate=0.0000     │replay/transition_count=80.000         │rlt/actor_updates_run=0.0000          │
│rlt/critic_updates_run=0.0000          │rlt/desired_total_updates=0.0000       │rlt/global_min_replay_size=2599.0     │
│rlt/global_total_transitions_added=523…│rlt/global_transitions_since_train=523…│rlt/max_updates_per_train_step=1600.0 │
│rlt/min_replay_buffer_size=10000.0     │rlt/pending_update_budget=0.0000       │rlt/ready_for_online=0.0000           │
│rlt/should_train=0.0000                │rlt/skip_reason=1.000                  │rlt/train_every_episodes=0.0000       │
│rlt/train_every_transitions=1.000      │rlt/update_epoch=5.000                 │rlt/update_step=0.0000                │
│rlt/updates_scheduled=0.0000           │rlt/updates_to_run=0.0000              │rlt/warmup_required_updates=3.00e+04  │
│                                                                                                                      │
╰──────────────────────────────────────────────────────────────────────────────────────────────────────────────────────╯


╭──────────────────────────────────────────────────────────────────────────────────────────────────────────────────────╮
├──────────────────────────────────────────────────── Metric Table ────────────────────────────────────────────────────┤
│ Global Step:   36/250 │ Progress: █████░░░░░░░░░░░░░░░░░░░░░░░░░░░░░░░░░░░ │  14.4%                                  │
│ Elapsed: 01:17:06 │ ETA: 07:38:20 │ Step Time: 128.505s                                                              │
├──────────────────────────────────────────────────────── Time ────────────────────────────────────────────────────────┤
│                                                                                                                      │
│actor/actor/compute_adv=1.03e-05       │actor/actor/recv_traj=112.3            │actor/actor/sync_model_to_rollout=0.0…│
│cal_adv_and_returns=0.0029             │env/compute_bootstrap_rewards=0.0019   │env/env/bootstrap_step=30.706         │
│env/env/send_rollout_trajectories=0.444│env/env_interact_step=74.645           │env/interact=112.3                    │
│env/run_interact_once=111.9            │generate_rollouts=112.4                │rollout/generate_one_epoch=111.4      │
│rollout/rollout/generate=111.4         │step=113.0                             │sync_weights=0.537                    │
│                                                                                                                      │
├──────────────────────────────────────────────────── Environment ─────────────────────────────────────────────────────┤
│                                                                                                                      │
│episode_len=200.0                      │num_trajectories=8                     │return=2.75                           │
│reward=0.01375                         │success_once=0.25                      │                                      │
│                                                                                                                      │
├─────────────────────────────────────────────────── Replay Buffer ────────────────────────────────────────────────────┤
│                                                                                                                      │
│cache_size=2688.5                      │num_trajectories=2688.5                │total_samples=2688.5                  │
│                                                                                                                      │
├─────────────────────────────────────────────────── Training/Other ───────────────────────────────────────────────────┤
│                                                                                                                      │
│replay/actor_switch_rate=0.0000        │replay/done_rate=0.057                 │replay/intervention_rate=0.0000       │
│replay/intervention_requested_rate=0.0…│replay/record_transition_rate=1.000    │replay/reward_mean=0.014              │
│replay/reward_positive_rate=0.014      │replay/transition_count=70.000         │rlt/actor_updates_run=0.0000          │
│rlt/critic_updates_run=0.0000          │rlt/desired_total_updates=0.0000       │rlt/global_min_replay_size=2669.0     │
│rlt/global_total_transitions_added=537…│rlt/global_transitions_since_train=537…│rlt/max_updates_per_train_step=1600.0 │
│rlt/min_replay_buffer_size=10000.0     │rlt/pending_update_budget=0.0000       │rlt/ready_for_online=0.0000           │
│rlt/should_train=0.0000                │rlt/skip_reason=1.000                  │rlt/train_every_episodes=0.0000       │
│rlt/train_every_transitions=1.000      │rlt/update_epoch=5.000                 │rlt/update_step=0.0000                │
│rlt/updates_scheduled=0.0000           │rlt/updates_to_run=0.0000              │rlt/warmup_required_updates=3.00e+04  │
│                                                                                                                      │
╰──────────────────────────────────────────────────────────────────────────────────────────────────────────────────────╯


╭──────────────────────────────────────────────────────────────────────────────────────────────────────────────────────╮
├──────────────────────────────────────────────────── Metric Table ────────────────────────────────────────────────────┤
│ Global Step:   37/250 │ Progress: █████░░░░░░░░░░░░░░░░░░░░░░░░░░░░░░░░░░░ │  14.8%                                  │
│ Elapsed: 01:19:03 │ ETA: 07:35:06 │ Step Time: 128.200s                                                              │
├──────────────────────────────────────────────────────── Time ────────────────────────────────────────────────────────┤
│                                                                                                                      │
│actor/actor/compute_adv=2.46e-05       │actor/actor/recv_traj=116.6            │actor/actor/sync_model_to_rollout=0.0…│
│cal_adv_and_returns=0.0029             │env/compute_bootstrap_rewards=0.0017   │env/env/bootstrap_step=30.561         │
│env/env/send_rollout_trajectories=0.430│env/env_interact_step=79.750           │env/interact=116.6                    │
│env/run_interact_once=116.2            │generate_rollouts=116.7                │rollout/generate_one_epoch=115.7      │
│rollout/rollout/generate=115.7         │step=117.2                             │sync_weights=0.482                    │
│                                                                                                                      │
├──────────────────────────────────────────────────── Environment ─────────────────────────────────────────────────────┤
│                                                                                                                      │
│episode_len=200.0                      │num_trajectories=8                     │return=1.25                           │
│reward=0.00625                         │success_once=0.125                     │                                      │
│                                                                                                                      │
├─────────────────────────────────────────────────── Replay Buffer ────────────────────────────────────────────────────┤
│                                                                                                                      │
│cache_size=2764.0                      │num_trajectories=2764.0                │total_samples=2764.0                  │
│                                                                                                                      │
├─────────────────────────────────────────────────── Training/Other ───────────────────────────────────────────────────┤
│                                                                                                                      │
│replay/actor_switch_rate=0.0000        │replay/done_rate=0.053                 │replay/intervention_rate=0.0000       │
│replay/intervention_requested_rate=0.0…│replay/record_transition_rate=1.000    │replay/reward_mean=0.0070             │
│replay/reward_positive_rate=0.0070     │replay/transition_count=75.500         │rlt/actor_updates_run=0.0000          │
│rlt/critic_updates_run=0.0000          │rlt/desired_total_updates=0.0000       │rlt/global_min_replay_size=2749.0     │
│rlt/global_total_transitions_added=552…│rlt/global_transitions_since_train=552…│rlt/max_updates_per_train_step=1600.0 │
│rlt/min_replay_buffer_size=10000.0     │rlt/pending_update_budget=0.0000       │rlt/ready_for_online=0.0000           │
│rlt/should_train=0.0000                │rlt/skip_reason=1.000                  │rlt/train_every_episodes=0.0000       │
│rlt/train_every_transitions=1.000      │rlt/update_epoch=5.000                 │rlt/update_step=0.0000                │
│rlt/updates_scheduled=0.0000           │rlt/updates_to_run=0.0000              │rlt/warmup_required_updates=3.00e+04  │
│                                                                                                                      │
╰──────────────────────────────────────────────────────────────────────────────────────────────────────────────────────╯


╭──────────────────────────────────────────────────────────────────────────────────────────────────────────────────────╮
├──────────────────────────────────────────────────── Metric Table ────────────────────────────────────────────────────┤
│ Global Step:   38/250 │ Progress: ██████░░░░░░░░░░░░░░░░░░░░░░░░░░░░░░░░░░ │  15.2%                                  │
│ Elapsed: 01:21:08 │ ETA: 07:32:42 │ Step Time: 128.126s                                                              │
├──────────────────────────────────────────────────────── Time ────────────────────────────────────────────────────────┤
│                                                                                                                      │
│actor/actor/compute_adv=3.92e-05       │actor/actor/recv_traj=124.8            │actor/actor/sync_model_to_rollout=0.0…│
│cal_adv_and_returns=0.0029             │env/compute_bootstrap_rewards=0.0017   │env/env/bootstrap_step=30.360         │
│env/env/send_rollout_trajectories=0.432│env/env_interact_step=87.745           │env/interact=124.7                    │
│env/run_interact_once=124.4            │generate_rollouts=124.9                │rollout/generate_one_epoch=123.9      │
│rollout/rollout/generate=123.9         │step=125.4                             │sync_weights=0.472                    │
│                                                                                                                      │
├──────────────────────────────────────────────────── Environment ─────────────────────────────────────────────────────┤
│                                                                                                                      │
│episode_len=200.0                      │num_trajectories=8                     │return=2.5                            │
│reward=0.0125                          │success_once=0.25                      │                                      │
│                                                                                                                      │
├─────────────────────────────────────────────────── Replay Buffer ────────────────────────────────────────────────────┤
│                                                                                                                      │
│cache_size=2835.0                      │num_trajectories=2835.0                │total_samples=2835.0                  │
│                                                                                                                      │
├─────────────────────────────────────────────────── Training/Other ───────────────────────────────────────────────────┤
│                                                                                                                      │
│replay/actor_switch_rate=0.0000        │replay/done_rate=0.057                 │replay/intervention_rate=0.0000       │
│replay/intervention_requested_rate=0.0…│replay/record_transition_rate=1.000    │replay/reward_mean=0.016              │
│replay/reward_positive_rate=0.016      │replay/transition_count=71.000         │rlt/actor_updates_run=0.0000          │
│rlt/critic_updates_run=0.0000          │rlt/desired_total_updates=0.0000       │rlt/global_min_replay_size=2829.0     │
│rlt/global_total_transitions_added=567…│rlt/global_transitions_since_train=567…│rlt/max_updates_per_train_step=1600.0 │
│rlt/min_replay_buffer_size=10000.0     │rlt/pending_update_budget=0.0000       │rlt/ready_for_online=0.0000           │
│rlt/should_train=0.0000                │rlt/skip_reason=1.000                  │rlt/train_every_episodes=0.0000       │
│rlt/train_every_transitions=1.000      │rlt/update_epoch=5.000                 │rlt/update_step=0.0000                │
│rlt/updates_scheduled=0.0000           │rlt/updates_to_run=0.0000              │rlt/warmup_required_updates=3.00e+04  │
│                                                                                                                      │
╰──────────────────────────────────────────────────────────────────────────────────────────────────────────────────────╯


╭──────────────────────────────────────────────────────────────────────────────────────────────────────────────────────╮
├──────────────────────────────────────────────────── Metric Table ────────────────────────────────────────────────────┤
│ Global Step:   39/250 │ Progress: ██████░░░░░░░░░░░░░░░░░░░░░░░░░░░░░░░░░░ │  15.6%                                  │
│ Elapsed: 01:23:05 │ ETA: 07:29:30 │ Step Time: 127.823s                                                              │
├──────────────────────────────────────────────────────── Time ────────────────────────────────────────────────────────┤
│                                                                                                                      │
│actor/actor/compute_adv=3.47e-05       │actor/actor/recv_traj=115.8            │actor/actor/sync_model_to_rollout=0.0…│
│cal_adv_and_returns=0.0031             │env/compute_bootstrap_rewards=0.0017   │env/env/bootstrap_step=30.180         │
│env/env/send_rollout_trajectories=0.432│env/env_interact_step=78.043           │env/interact=115.7                    │
│env/run_interact_once=115.3            │generate_rollouts=115.8                │rollout/generate_one_epoch=114.9      │
│rollout/rollout/generate=114.9         │step=116.3                             │sync_weights=0.473                    │
│                                                                                                                      │
├──────────────────────────────────────────────────── Environment ─────────────────────────────────────────────────────┤
│                                                                                                                      │
│episode_len=200.0                      │num_trajectories=8                     │return=2.375                          │
│reward=0.011875                        │success_once=0.25                      │                                      │
│                                                                                                                      │
├─────────────────────────────────────────────────── Replay Buffer ────────────────────────────────────────────────────┤
│                                                                                                                      │
│cache_size=2906.5                      │num_trajectories=2906.5                │total_samples=2906.5                  │
│                                                                                                                      │
├─────────────────────────────────────────────────── Training/Other ───────────────────────────────────────────────────┤
│                                                                                                                      │
│replay/actor_switch_rate=0.0000        │replay/done_rate=0.056                 │replay/intervention_rate=0.0000       │
│replay/intervention_requested_rate=0.0…│replay/record_transition_rate=1.000    │replay/reward_mean=0.014              │
│replay/reward_positive_rate=0.014      │replay/transition_count=71.500         │rlt/actor_updates_run=0.0000          │
│rlt/critic_updates_run=0.0000          │rlt/desired_total_updates=0.0000       │rlt/global_min_replay_size=2900.0     │
│rlt/global_total_transitions_added=581…│rlt/global_transitions_since_train=581…│rlt/max_updates_per_train_step=1600.0 │
│rlt/min_replay_buffer_size=10000.0     │rlt/pending_update_budget=0.0000       │rlt/ready_for_online=0.0000           │
│rlt/should_train=0.0000                │rlt/skip_reason=1.000                  │rlt/train_every_episodes=0.0000       │
│rlt/train_every_transitions=1.000      │rlt/update_epoch=5.000                 │rlt/update_step=0.0000                │
│rlt/updates_scheduled=0.0000           │rlt/updates_to_run=0.0000              │rlt/warmup_required_updates=3.00e+04  │
│                                                                                                                      │
╰──────────────────────────────────────────────────────────────────────────────────────────────────────────────────────╯


╭──────────────────────────────────────────────────────────────────────────────────────────────────────────────────────╮
├──────────────────────────────────────────────────── Metric Table ────────────────────────────────────────────────────┤
│ Global Step:   40/250 │ Progress: ██████░░░░░░░░░░░░░░░░░░░░░░░░░░░░░░░░░░ │  16.0%                                  │
│ Elapsed: 01:25:06 │ ETA: 07:26:50 │ Step Time: 127.668s                                                              │
├──────────────────────────────────────────────────────── Time ────────────────────────────────────────────────────────┤
│                                                                                                                      │
│actor/actor/compute_adv=2.62e-05       │actor/actor/recv_traj=121.0            │actor/actor/sync_model_to_rollout=0.0…│
│cal_adv_and_returns=0.0033             │env/compute_bootstrap_rewards=0.0016   │env/env/bootstrap_step=30.573         │
│env/env/send_rollout_trajectories=0.435│env/env_interact_step=83.411           │env/interact=121.0                    │
│env/run_interact_once=120.5            │generate_rollouts=121.1                │rollout/generate_one_epoch=120.1      │
│rollout/rollout/generate=120.1         │step=121.6                             │sync_weights=0.497                    │
│                                                                                                                      │
├──────────────────────────────────────────────────── Environment ─────────────────────────────────────────────────────┤
│                                                                                                                      │
│episode_len=200.0                      │num_trajectories=8                     │return=1.25                           │
│reward=0.00625                         │success_once=0.125                     │                                      │
│                                                                                                                      │
├─────────────────────────────────────────────────── Replay Buffer ────────────────────────────────────────────────────┤
│                                                                                                                      │
│cache_size=2982.0                      │num_trajectories=2982.0                │total_samples=2982.0                  │
│                                                                                                                      │
├─────────────────────────────────────────────────── Training/Other ───────────────────────────────────────────────────┤
│                                                                                                                      │
│replay/actor_switch_rate=0.0000        │replay/done_rate=0.053                 │replay/intervention_rate=0.0000       │
│replay/intervention_requested_rate=0.0…│replay/record_transition_rate=1.000    │replay/reward_mean=0.0070             │
│replay/reward_positive_rate=0.0070     │replay/transition_count=75.500         │rlt/actor_updates_run=0.0000          │
│rlt/critic_updates_run=0.0000          │rlt/desired_total_updates=0.0000       │rlt/global_min_replay_size=2980.0     │
│rlt/global_total_transitions_added=596…│rlt/global_transitions_since_train=596…│rlt/max_updates_per_train_step=1600.0 │
│rlt/min_replay_buffer_size=10000.0     │rlt/pending_update_budget=0.0000       │rlt/ready_for_online=0.0000           │
│rlt/should_train=0.0000                │rlt/skip_reason=1.000                  │rlt/train_every_episodes=0.0000       │
│rlt/train_every_transitions=1.000      │rlt/update_epoch=5.000                 │rlt/update_step=0.0000                │
│rlt/updates_scheduled=0.0000           │rlt/updates_to_run=0.0000              │rlt/warmup_required_updates=3.00e+04  │
│                                                                                                                      │
╰──────────────────────────────────────────────────────────────────────────────────────────────────────────────────────╯


╭──────────────────────────────────────────────────────────────────────────────────────────────────────────────────────╮
├──────────────────────────────────────────────────── Metric Table ────────────────────────────────────────────────────┤
│ Global Step:   41/250 │ Progress: ██████░░░░░░░░░░░░░░░░░░░░░░░░░░░░░░░░░░ │  16.4%                                  │
│ Elapsed: 01:27:12 │ ETA: 07:24:32 │ Step Time: 127.620s                                                              │
├──────────────────────────────────────────────────────── Time ────────────────────────────────────────────────────────┤
│                                                                                                                      │
│actor/actor/compute_adv=3.71e-05       │actor/actor/recv_traj=125.1            │actor/actor/sync_model_to_rollout=0.0…│
│cal_adv_and_returns=0.0035             │env/compute_bootstrap_rewards=0.0016   │env/env/bootstrap_step=30.221         │
│env/env/send_rollout_trajectories=0.469│env/env_interact_step=87.231           │env/interact=125.1                    │
│env/run_interact_once=124.7            │generate_rollouts=125.2                │rollout/generate_one_epoch=124.1      │
│rollout/rollout/generate=124.1         │step=125.7                             │sync_weights=0.447                    │
│                                                                                                                      │
├──────────────────────────────────────────────────── Environment ─────────────────────────────────────────────────────┤
│                                                                                                                      │
│episode_len=200.0                      │num_trajectories=8                     │return=1.25                           │
│reward=0.00625                         │success_once=0.125                     │                                      │
│                                                                                                                      │
├─────────────────────────────────────────────────── Replay Buffer ────────────────────────────────────────────────────┤
│                                                                                                                      │
│cache_size=3057.5                      │num_trajectories=3057.5                │total_samples=3057.5                  │
│                                                                                                                      │
├─────────────────────────────────────────────────── Training/Other ───────────────────────────────────────────────────┤
│                                                                                                                      │
│replay/actor_switch_rate=0.0000        │replay/done_rate=0.053                 │replay/intervention_rate=0.0000       │
│replay/intervention_requested_rate=0.0…│replay/record_transition_rate=1.000    │replay/reward_mean=0.0070             │
│replay/reward_positive_rate=0.0070     │replay/transition_count=75.500         │rlt/actor_updates_run=0.0000          │
│rlt/critic_updates_run=0.0000          │rlt/desired_total_updates=0.0000       │rlt/global_min_replay_size=3055.0     │
│rlt/global_total_transitions_added=611…│rlt/global_transitions_since_train=611…│rlt/max_updates_per_train_step=1600.0 │
│rlt/min_replay_buffer_size=10000.0     │rlt/pending_update_budget=0.0000       │rlt/ready_for_online=0.0000           │
│rlt/should_train=0.0000                │rlt/skip_reason=1.000                  │rlt/train_every_episodes=0.0000       │
│rlt/train_every_transitions=1.000      │rlt/update_epoch=5.000                 │rlt/update_step=0.0000                │
│rlt/updates_scheduled=0.0000           │rlt/updates_to_run=0.0000              │rlt/warmup_required_updates=3.00e+04  │
│                                                                                                                      │
╰──────────────────────────────────────────────────────────────────────────────────────────────────────────────────────╯


╭──────────────────────────────────────────────────────────────────────────────────────────────────────────────────────╮
├──────────────────────────────────────────────────── Metric Table ────────────────────────────────────────────────────┤
│ Global Step:   42/250 │ Progress: ██████░░░░░░░░░░░░░░░░░░░░░░░░░░░░░░░░░░ │  16.8%                                  │
│ Elapsed: 01:29:11 │ ETA: 07:21:42 │ Step Time: 127.418s                                                              │
├──────────────────────────────────────────────────────── Time ────────────────────────────────────────────────────────┤
│                                                                                                                      │
│actor/actor/compute_adv=1.73e-05       │actor/actor/recv_traj=118.6            │actor/actor/sync_model_to_rollout=0.0…│
│cal_adv_and_returns=0.0031             │env/compute_bootstrap_rewards=0.0016   │env/env/bootstrap_step=30.024         │
│env/env/send_rollout_trajectories=0.536│env/env_interact_step=81.420           │env/interact=118.5                    │
│env/run_interact_once=118.0            │generate_rollouts=118.7                │rollout/generate_one_epoch=117.5      │
│rollout/rollout/generate=117.5         │step=119.1                             │sync_weights=0.450                    │
│                                                                                                                      │
├──────────────────────────────────────────────────── Environment ─────────────────────────────────────────────────────┤
│                                                                                                                      │
│episode_len=200.0                      │num_trajectories=8                     │return=1.25                           │
│reward=0.00625                         │success_once=0.125                     │                                      │
│                                                                                                                      │
├─────────────────────────────────────────────────── Replay Buffer ────────────────────────────────────────────────────┤
│                                                                                                                      │
│cache_size=3133.0                      │num_trajectories=3133.0                │total_samples=3133.0                  │
│                                                                                                                      │
├─────────────────────────────────────────────────── Training/Other ───────────────────────────────────────────────────┤
│                                                                                                                      │
│replay/actor_switch_rate=0.0000        │replay/done_rate=0.053                 │replay/intervention_rate=0.0000       │
│replay/intervention_requested_rate=0.0…│replay/record_transition_rate=1.000    │replay/reward_mean=0.0070             │
│replay/reward_positive_rate=0.0070     │replay/transition_count=75.500         │rlt/actor_updates_run=0.0000          │
│rlt/critic_updates_run=0.0000          │rlt/desired_total_updates=0.0000       │rlt/global_min_replay_size=3131.0     │
│rlt/global_total_transitions_added=626…│rlt/global_transitions_since_train=626…│rlt/max_updates_per_train_step=1600.0 │
│rlt/min_replay_buffer_size=10000.0     │rlt/pending_update_budget=0.0000       │rlt/ready_for_online=0.0000           │
│rlt/should_train=0.0000                │rlt/skip_reason=1.000                  │rlt/train_every_episodes=0.0000       │
│rlt/train_every_transitions=1.000      │rlt/update_epoch=5.000                 │rlt/update_step=0.0000                │
│rlt/updates_scheduled=0.0000           │rlt/updates_to_run=0.0000              │rlt/warmup_required_updates=3.00e+04  │
│                                                                                                                      │
╰──────────────────────────────────────────────────────────────────────────────────────────────────────────────────────╯


╭──────────────────────────────────────────────────────────────────────────────────────────────────────────────────────╮
├──────────────────────────────────────────────────── Metric Table ────────────────────────────────────────────────────┤
│ Global Step:   43/250 │ Progress: ██████░░░░░░░░░░░░░░░░░░░░░░░░░░░░░░░░░░ │  17.2%                                  │
│ Elapsed: 01:31:15 │ ETA: 07:19:16 │ Step Time: 127.327s                                                              │
├──────────────────────────────────────────────────────── Time ────────────────────────────────────────────────────────┤
│                                                                                                                      │
│actor/actor/compute_adv=1.26e-05       │actor/actor/recv_traj=123.0            │actor/actor/sync_model_to_rollout=0.0…│
│cal_adv_and_returns=0.0029             │env/compute_bootstrap_rewards=0.0018   │env/env/bootstrap_step=30.911         │
│env/env/send_rollout_trajectories=0.660│env/env_interact_step=85.127           │env/interact=123.0                    │
│env/run_interact_once=122.5            │generate_rollouts=123.1                │rollout/generate_one_epoch=121.9      │
│rollout/rollout/generate=121.9         │step=123.5                             │sync_weights=0.437                    │
│                                                                                                                      │
├──────────────────────────────────────────────────── Environment ─────────────────────────────────────────────────────┤
│                                                                                                                      │
│episode_len=200.0                      │num_trajectories=8                     │return=1.125                          │
│reward=0.005625                        │success_once=0.125                     │                                      │
│                                                                                                                      │
├─────────────────────────────────────────────────── Replay Buffer ────────────────────────────────────────────────────┤
│                                                                                                                      │
│cache_size=3209.0                      │num_trajectories=3209.0                │total_samples=3209.0                  │
│                                                                                                                      │
├─────────────────────────────────────────────────── Training/Other ───────────────────────────────────────────────────┤
│                                                                                                                      │
│replay/actor_switch_rate=0.0000        │replay/done_rate=0.053                 │replay/intervention_rate=0.0000       │
│replay/intervention_requested_rate=0.0…│replay/record_transition_rate=1.000    │replay/reward_mean=0.0069             │
│replay/reward_positive_rate=0.0069     │replay/transition_count=76.000         │rlt/actor_updates_run=0.0000          │
│rlt/critic_updates_run=0.0000          │rlt/desired_total_updates=0.0000       │rlt/global_min_replay_size=3203.0     │
│rlt/global_total_transitions_added=641…│rlt/global_transitions_since_train=641…│rlt/max_updates_per_train_step=1600.0 │
│rlt/min_replay_buffer_size=10000.0     │rlt/pending_update_budget=0.0000       │rlt/ready_for_online=0.0000           │
│rlt/should_train=0.0000                │rlt/skip_reason=1.000                  │rlt/train_every_episodes=0.0000       │
│rlt/train_every_transitions=1.000      │rlt/update_epoch=5.000                 │rlt/update_step=0.0000                │
│rlt/updates_scheduled=0.0000           │rlt/updates_to_run=0.0000              │rlt/warmup_required_updates=3.00e+04  │
│                                                                                                                      │
╰──────────────────────────────────────────────────────────────────────────────────────────────────────────────────────╯


╭──────────────────────────────────────────────────────────────────────────────────────────────────────────────────────╮
├──────────────────────────────────────────────────── Metric Table ────────────────────────────────────────────────────┤
│ Global Step:   44/250 │ Progress: ███████░░░░░░░░░░░░░░░░░░░░░░░░░░░░░░░░░ │  17.6%                                  │
│ Elapsed: 01:33:16 │ ETA: 07:16:40 │ Step Time: 127.188s                                                              │
├──────────────────────────────────────────────────────── Time ────────────────────────────────────────────────────────┤
│                                                                                                                      │
│actor/actor/compute_adv=1.01e-05       │actor/actor/recv_traj=120.7            │actor/actor/sync_model_to_rollout=0.0…│
│cal_adv_and_returns=0.0025             │env/compute_bootstrap_rewards=0.0017   │env/env/bootstrap_step=30.035         │
│env/env/send_rollout_trajectories=0.641│env/env_interact_step=83.160           │env/interact=120.7                    │
│env/run_interact_once=120.3            │generate_rollouts=120.8                │rollout/generate_one_epoch=119.6      │
│rollout/rollout/generate=119.6         │step=121.2                             │sync_weights=0.415                    │
│                                                                                                                      │
├──────────────────────────────────────────────────── Environment ─────────────────────────────────────────────────────┤
│                                                                                                                      │
│episode_len=200.0                      │num_trajectories=8                     │return=1.25                           │
│reward=0.00625                         │success_once=0.125                     │                                      │
│                                                                                                                      │
├─────────────────────────────────────────────────── Replay Buffer ────────────────────────────────────────────────────┤
│                                                                                                                      │
│cache_size=3284.5                      │num_trajectories=3284.5                │total_samples=3284.5                  │
│                                                                                                                      │
├─────────────────────────────────────────────────── Training/Other ───────────────────────────────────────────────────┤
│                                                                                                                      │
│replay/actor_switch_rate=0.0000        │replay/done_rate=0.053                 │replay/intervention_rate=0.0000       │
│replay/intervention_requested_rate=0.0…│replay/record_transition_rate=1.000    │replay/reward_mean=0.0070             │
│replay/reward_positive_rate=0.0070     │replay/transition_count=75.500         │rlt/actor_updates_run=0.0000          │
│rlt/critic_updates_run=0.0000          │rlt/desired_total_updates=0.0000       │rlt/global_min_replay_size=3283.0     │
│rlt/global_total_transitions_added=656…│rlt/global_transitions_since_train=656…│rlt/max_updates_per_train_step=1600.0 │
│rlt/min_replay_buffer_size=10000.0     │rlt/pending_update_budget=0.0000       │rlt/ready_for_online=0.0000           │
│rlt/should_train=0.0000                │rlt/skip_reason=1.000                  │rlt/train_every_episodes=0.0000       │
│rlt/train_every_transitions=1.000      │rlt/update_epoch=5.000                 │rlt/update_step=0.0000                │
│rlt/updates_scheduled=0.0000           │rlt/updates_to_run=0.0000              │rlt/warmup_required_updates=3.00e+04  │
│                                                                                                                      │
╰──────────────────────────────────────────────────────────────────────────────────────────────────────────────────────╯


╭──────────────────────────────────────────────────────────────────────────────────────────────────────────────────────╮
├──────────────────────────────────────────────────── Metric Table ────────────────────────────────────────────────────┤
│ Global Step:   45/250 │ Progress: ███████░░░░░░░░░░░░░░░░░░░░░░░░░░░░░░░░░ │  18.0%                                  │
│ Elapsed: 01:35:17 │ ETA: 07:14:07 │ Step Time: 127.061s                                                              │
├──────────────────────────────────────────────────────── Time ────────────────────────────────────────────────────────┤
│                                                                                                                      │
│actor/actor/compute_adv=2.84e-05       │actor/actor/recv_traj=120.9            │actor/actor/sync_model_to_rollout=0.0…│
│cal_adv_and_returns=0.0033             │env/compute_bootstrap_rewards=0.0017   │env/env/bootstrap_step=30.558         │
│env/env/send_rollout_trajectories=0.585│env/env_interact_step=83.186           │env/interact=120.9                    │
│env/run_interact_once=120.4            │generate_rollouts=121.0                │rollout/generate_one_epoch=119.8      │
│rollout/rollout/generate=119.8         │step=121.5                             │sync_weights=0.432                    │
│                                                                                                                      │
├──────────────────────────────────────────────────── Environment ─────────────────────────────────────────────────────┤
│                                                                                                                      │
│episode_len=200.0                      │num_trajectories=8                     │return=1.375                          │
│reward=0.006875                        │success_once=0.125                     │                                      │
│                                                                                                                      │
├─────────────────────────────────────────────────── Replay Buffer ────────────────────────────────────────────────────┤
│                                                                                                                      │
│cache_size=3359.5                      │num_trajectories=3359.5                │total_samples=3359.5                  │
│                                                                                                                      │
├─────────────────────────────────────────────────── Training/Other ───────────────────────────────────────────────────┤
│                                                                                                                      │
│replay/actor_switch_rate=0.0000        │replay/done_rate=0.054                 │replay/intervention_rate=0.0000       │
│replay/intervention_requested_rate=0.0…│replay/record_transition_rate=1.000    │replay/reward_mean=0.0071             │
│replay/reward_positive_rate=0.0071     │replay/transition_count=75.000         │rlt/actor_updates_run=0.0000          │
│rlt/critic_updates_run=0.0000          │rlt/desired_total_updates=0.0000       │rlt/global_min_replay_size=3356.0     │
│rlt/global_total_transitions_added=671…│rlt/global_transitions_since_train=671…│rlt/max_updates_per_train_step=1600.0 │
│rlt/min_replay_buffer_size=10000.0     │rlt/pending_update_budget=0.0000       │rlt/ready_for_online=0.0000           │
│rlt/should_train=0.0000                │rlt/skip_reason=1.000                  │rlt/train_every_episodes=0.0000       │
│rlt/train_every_transitions=1.000      │rlt/update_epoch=5.000                 │rlt/update_step=0.0000                │
│rlt/updates_scheduled=0.0000           │rlt/updates_to_run=0.0000              │rlt/warmup_required_updates=3.00e+04  │
│                                                                                                                      │
╰──────────────────────────────────────────────────────────────────────────────────────────────────────────────────────╯


╭──────────────────────────────────────────────────────────────────────────────────────────────────────────────────────╮
├──────────────────────────────────────────────────── Metric Table ────────────────────────────────────────────────────┤
│ Global Step:   46/250 │ Progress: ███████░░░░░░░░░░░░░░░░░░░░░░░░░░░░░░░░░ │  18.4%                                  │
│ Elapsed: 01:37:14 │ ETA: 07:11:15 │ Step Time: 126.842s                                                              │
├──────────────────────────────────────────────────────── Time ────────────────────────────────────────────────────────┤
│                                                                                                                      │
│actor/actor/compute_adv=2.31e-05       │actor/actor/recv_traj=116.5            │actor/actor/sync_model_to_rollout=0.0…│
│cal_adv_and_returns=0.0023             │env/compute_bootstrap_rewards=0.0017   │env/env/bootstrap_step=30.830         │
│env/env/send_rollout_trajectories=0.454│env/env_interact_step=78.738           │env/interact=116.4                    │
│env/run_interact_once=116.0            │generate_rollouts=116.6                │rollout/generate_one_epoch=115.5      │
│rollout/rollout/generate=115.5         │step=117.0                             │sync_weights=0.391                    │
│                                                                                                                      │
├──────────────────────────────────────────────────── Environment ─────────────────────────────────────────────────────┤
│                                                                                                                      │
│episode_len=200.0                      │num_trajectories=8                     │return=2.375                          │
│reward=0.011875                        │success_once=0.25                      │                                      │
│                                                                                                                      │
├─────────────────────────────────────────────────── Replay Buffer ────────────────────────────────────────────────────┤
│                                                                                                                      │
│cache_size=3431.0                      │num_trajectories=3431.0                │total_samples=3431.0                  │
│                                                                                                                      │
├─────────────────────────────────────────────────── Training/Other ───────────────────────────────────────────────────┤
│                                                                                                                      │
│replay/actor_switch_rate=0.0000        │replay/done_rate=0.056                 │replay/intervention_rate=0.0000       │
│replay/intervention_requested_rate=0.0…│replay/record_transition_rate=1.000    │replay/reward_mean=0.014              │
│replay/reward_positive_rate=0.014      │replay/transition_count=71.500         │rlt/actor_updates_run=0.0000          │
│rlt/critic_updates_run=0.0000          │rlt/desired_total_updates=0.0000       │rlt/global_min_replay_size=3427.0     │
│rlt/global_total_transitions_added=686…│rlt/global_transitions_since_train=686…│rlt/max_updates_per_train_step=1600.0 │
│rlt/min_replay_buffer_size=10000.0     │rlt/pending_update_budget=0.0000       │rlt/ready_for_online=0.0000           │
│rlt/should_train=0.0000                │rlt/skip_reason=1.000                  │rlt/train_every_episodes=0.0000       │
│rlt/train_every_transitions=1.000      │rlt/update_epoch=5.000                 │rlt/update_step=0.0000                │
│rlt/updates_scheduled=0.0000           │rlt/updates_to_run=0.0000              │rlt/warmup_required_updates=3.00e+04  │
│                                                                                                                      │
╰──────────────────────────────────────────────────────────────────────────────────────────────────────────────────────╯


╭──────────────────────────────────────────────────────────────────────────────────────────────────────────────────────╮
├──────────────────────────────────────────────────── Metric Table ────────────────────────────────────────────────────┤
│ Global Step:   47/250 │ Progress: ███████░░░░░░░░░░░░░░░░░░░░░░░░░░░░░░░░░ │  18.8%                                  │
│ Elapsed: 01:39:18 │ ETA: 07:08:56 │ Step Time: 126.781s                                                              │
├──────────────────────────────────────────────────────── Time ────────────────────────────────────────────────────────┤
│                                                                                                                      │
│actor/actor/compute_adv=2.42e-05       │actor/actor/recv_traj=123.4            │actor/actor/sync_model_to_rollout=0.0…│
│cal_adv_and_returns=0.0036             │env/compute_bootstrap_rewards=0.0016   │env/env/bootstrap_step=30.538         │
│env/env/send_rollout_trajectories=0.469│env/env_interact_step=85.189           │env/interact=123.4                    │
│env/run_interact_once=123.0            │generate_rollouts=123.5                │rollout/generate_one_epoch=122.5      │
│rollout/rollout/generate=122.5         │step=124.0                             │sync_weights=0.446                    │
│                                                                                                                      │
├──────────────────────────────────────────────────── Environment ─────────────────────────────────────────────────────┤
│                                                                                                                      │
│episode_len=200.0                      │num_trajectories=8                     │return=1.375                          │
│reward=0.006875                        │success_once=0.125                     │                                      │
│                                                                                                                      │
├─────────────────────────────────────────────────── Replay Buffer ────────────────────────────────────────────────────┤
│                                                                                                                      │
│cache_size=3506.0                      │num_trajectories=3506.0                │total_samples=3506.0                  │
│                                                                                                                      │
├─────────────────────────────────────────────────── Training/Other ───────────────────────────────────────────────────┤
│                                                                                                                      │
│replay/actor_switch_rate=0.0000        │replay/done_rate=0.054                 │replay/intervention_rate=0.0000       │
│replay/intervention_requested_rate=0.0…│replay/record_transition_rate=1.000    │replay/reward_mean=0.0071             │
│replay/reward_positive_rate=0.0071     │replay/transition_count=75.000         │rlt/actor_updates_run=0.0000          │
│rlt/critic_updates_run=0.0000          │rlt/desired_total_updates=0.0000       │rlt/global_min_replay_size=3497.0     │
│rlt/global_total_transitions_added=701…│rlt/global_transitions_since_train=701…│rlt/max_updates_per_train_step=1600.0 │
│rlt/min_replay_buffer_size=10000.0     │rlt/pending_update_budget=0.0000       │rlt/ready_for_online=0.0000           │
│rlt/should_train=0.0000                │rlt/skip_reason=1.000                  │rlt/train_every_episodes=0.0000       │
│rlt/train_every_transitions=1.000      │rlt/update_epoch=5.000                 │rlt/update_step=0.0000                │
│rlt/updates_scheduled=0.0000           │rlt/updates_to_run=0.0000              │rlt/warmup_required_updates=3.00e+04  │
│                                                                                                                      │
╰──────────────────────────────────────────────────────────────────────────────────────────────────────────────────────╯


╭──────────────────────────────────────────────────────────────────────────────────────────────────────────────────────╮
├──────────────────────────────────────────────────── Metric Table ────────────────────────────────────────────────────┤
│ Global Step:   48/250 │ Progress: ███████░░░░░░░░░░░░░░░░░░░░░░░░░░░░░░░░░ │  19.2%                                  │
│ Elapsed: 01:41:09 │ ETA: 07:05:41 │ Step Time: 126.442s                                                              │
├──────────────────────────────────────────────────────── Time ────────────────────────────────────────────────────────┤
│                                                                                                                      │
│actor/actor/compute_adv=2.51e-05       │actor/actor/recv_traj=110.0            │actor/actor/sync_model_to_rollout=0.0…│
│cal_adv_and_returns=0.0035             │env/compute_bootstrap_rewards=0.0016   │env/env/bootstrap_step=30.868         │
│env/env/send_rollout_trajectories=0.428│env/env_interact_step=72.532           │env/interact=110.0                    │
│env/run_interact_once=109.6            │generate_rollouts=110.1                │rollout/generate_one_epoch=109.1      │
│rollout/rollout/generate=109.1         │step=110.5                             │sync_weights=0.381                    │
│                                                                                                                      │
├──────────────────────────────────────────────────── Environment ─────────────────────────────────────────────────────┤
│                                                                                                                      │
│episode_len=200.0                      │num_trajectories=8                     │return=3.625                          │
│reward=0.018125                        │success_once=0.375                     │                                      │
│                                                                                                                      │
├─────────────────────────────────────────────────── Replay Buffer ────────────────────────────────────────────────────┤
│                                                                                                                      │
│cache_size=3573.0                      │num_trajectories=3573.0                │total_samples=3573.0                  │
│                                                                                                                      │
├─────────────────────────────────────────────────── Training/Other ───────────────────────────────────────────────────┤
│                                                                                                                      │
│replay/actor_switch_rate=0.0000        │replay/done_rate=0.060                 │replay/intervention_rate=0.0000       │
│replay/intervention_requested_rate=0.0…│replay/record_transition_rate=1.000    │replay/reward_mean=0.023              │
│replay/reward_positive_rate=0.023      │replay/transition_count=67.000         │rlt/actor_updates_run=0.0000          │
│rlt/critic_updates_run=0.0000          │rlt/desired_total_updates=0.0000       │rlt/global_min_replay_size=3560.0     │
│rlt/global_total_transitions_added=714…│rlt/global_transitions_since_train=714…│rlt/max_updates_per_train_step=1600.0 │
│rlt/min_replay_buffer_size=10000.0     │rlt/pending_update_budget=0.0000       │rlt/ready_for_online=0.0000           │
│rlt/should_train=0.0000                │rlt/skip_reason=1.000                  │rlt/train_every_episodes=0.0000       │
│rlt/train_every_transitions=1.000      │rlt/update_epoch=5.000                 │rlt/update_step=0.0000                │
│rlt/updates_scheduled=0.0000           │rlt/updates_to_run=0.0000              │rlt/warmup_required_updates=3.00e+04  │
│                                                                                                                      │
╰──────────────────────────────────────────────────────────────────────────────────────────────────────────────────────╯


╭──────────────────────────────────────────────────────────────────────────────────────────────────────────────────────╮
├──────────────────────────────────────────────────── Metric Table ────────────────────────────────────────────────────┤
│ Global Step:   49/250 │ Progress: ███████░░░░░░░░░░░░░░░░░░░░░░░░░░░░░░░░░ │  19.6%                                  │
│ Elapsed: 01:43:10 │ ETA: 07:03:12 │ Step Time: 126.329s                                                              │
├──────────────────────────────────────────────────────── Time ────────────────────────────────────────────────────────┤
│                                                                                                                      │
│actor/actor/compute_adv=2.82e-05       │actor/actor/recv_traj=120.3            │actor/actor/sync_model_to_rollout=0.0…│
│cal_adv_and_returns=0.0032             │env/compute_bootstrap_rewards=0.0016   │env/env/bootstrap_step=30.795         │
│env/env/send_rollout_trajectories=0.437│env/env_interact_step=82.923           │env/interact=120.3                    │
│env/run_interact_once=119.9            │generate_rollouts=120.4                │rollout/generate_one_epoch=119.4      │
│rollout/rollout/generate=119.4         │step=120.9                             │sync_weights=0.453                    │
│                                                                                                                      │
├──────────────────────────────────────────────────── Environment ─────────────────────────────────────────────────────┤
│                                                                                                                      │
│episode_len=200.0                      │num_trajectories=8                     │return=0.0                            │
│reward=0.0                             │success_once=0.0                       │                                      │
│                                                                                                                      │
├─────────────────────────────────────────────────── Replay Buffer ────────────────────────────────────────────────────┤
│                                                                                                                      │
│cache_size=3653.0                      │num_trajectories=3653.0                │total_samples=3653.0                  │
│                                                                                                                      │
├─────────────────────────────────────────────────── Training/Other ───────────────────────────────────────────────────┤
│                                                                                                                      │
│replay/actor_switch_rate=0.0000        │replay/done_rate=0.050                 │replay/intervention_rate=0.0000       │
│replay/intervention_requested_rate=0.0…│replay/record_transition_rate=1.000    │replay/reward_mean=0.0000             │
│replay/reward_positive_rate=0.0000     │replay/transition_count=80.000         │rlt/actor_updates_run=0.0000          │
│rlt/critic_updates_run=0.0000          │rlt/desired_total_updates=0.0000       │rlt/global_min_replay_size=3640.0     │
│rlt/global_total_transitions_added=730…│rlt/global_transitions_since_train=730…│rlt/max_updates_per_train_step=1600.0 │
│rlt/min_replay_buffer_size=10000.0     │rlt/pending_update_budget=0.0000       │rlt/ready_for_online=0.0000           │
│rlt/should_train=0.0000                │rlt/skip_reason=1.000                  │rlt/train_every_episodes=0.0000       │
│rlt/train_every_transitions=1.000      │rlt/update_epoch=5.000                 │rlt/update_step=0.0000                │
│rlt/updates_scheduled=0.0000           │rlt/updates_to_run=0.0000              │rlt/warmup_required_updates=3.00e+04  │
│                                                                                                                      │
╰──────────────────────────────────────────────────────────────────────────────────────────────────────────────────────╯


╭──────────────────────────────────────────────────────────────────────────────────────────────────────────────────────╮
├──────────────────────────────────────────────────── Metric Table ────────────────────────────────────────────────────┤
│ Global Step:   50/250 │ Progress: ████████░░░░░░░░░░░░░░░░░░░░░░░░░░░░░░░░ │  20.0%                                  │
│ Elapsed: 01:49:49 │ ETA: 07:19:18 │ Step Time: 131.794s                                                              │
├──────────────────────────────────────────────────────── Time ────────────────────────────────────────────────────────┤
│                                                                                                                      │
│actor/actor/compute_adv=2.83e-05       │actor/actor/recv_traj=120.9            │actor/actor/sync_model_to_rollout=0.0…│
│cal_adv_and_returns=0.0021             │env/compute_bootstrap_rewards=0.0016   │env/env/bootstrap_step=30.261         │
│env/env/send_rollout_trajectories=0.439│env/env_interact_step=84.290           │env/interact=120.9                    │
│env/run_interact_once=120.5            │eval=266.2                             │generate_rollouts=121.0               │
│rollout/generate_one_epoch=120.1       │rollout/rollout/generate=120.1         │step=399.5                            │
│sync_weights=0.465                     │                                       │                                      │
│                                                                                                                      │
├──────────────────────────────────────────────────── Environment ─────────────────────────────────────────────────────┤
│                                                                                                                      │
│episode_len=200.0                      │num_trajectories=8                     │return=2.25                           │
│reward=0.01125                         │success_once=0.25                      │                                      │
│                                                                                                                      │
├───────────────────────────────────────────────────── Evaluation ─────────────────────────────────────────────────────┤
│                                                                                                                      │
│episode_len=200.0                      │num_trajectories=20                    │return=0.0                            │
│reward=0.0                             │success_at_end=0.0                     │success_once=0.0                      │
│                                                                                                                      │
├─────────────────────────────────────────────────── Replay Buffer ────────────────────────────────────────────────────┤
│                                                                                                                      │
│cache_size=3725.0                      │num_trajectories=3725.0                │total_samples=3725.0                  │
│                                                                                                                      │
├─────────────────────────────────────────────────── Training/Other ───────────────────────────────────────────────────┤
│                                                                                                                      │
│replay/actor_switch_rate=0.0000        │replay/done_rate=0.056                 │replay/intervention_rate=0.0000       │
│replay/intervention_requested_rate=0.0…│replay/record_transition_rate=1.000    │replay/reward_mean=0.016              │
│replay/reward_positive_rate=0.016      │replay/transition_count=72.000         │rlt/actor_updates_run=0.0000          │
│rlt/critic_updates_run=0.0000          │rlt/desired_total_updates=0.0000       │rlt/global_min_replay_size=3704.0     │
│rlt/global_total_transitions_added=745…│rlt/global_transitions_since_train=745…│rlt/max_updates_per_train_step=1600.0 │
│rlt/min_replay_buffer_size=10000.0     │rlt/pending_update_budget=0.0000       │rlt/ready_for_online=0.0000           │
│rlt/should_train=0.0000                │rlt/skip_reason=1.000                  │rlt/train_every_episodes=0.0000       │
│rlt/train_every_transitions=1.000      │rlt/update_epoch=5.000                 │rlt/update_step=0.0000                │
│rlt/updates_scheduled=0.0000           │rlt/updates_to_run=0.0000              │rlt/warmup_required_updates=3.00e+04  │
│                                                                                                                      │
╰──────────────────────────────────────────────────────────────────────────────────────────────────────────────────────╯


╭──────────────────────────────────────────────────────────────────────────────────────────────────────────────────────╮
├──────────────────────────────────────────────────── Metric Table ────────────────────────────────────────────────────┤
│ Global Step:   51/250 │ Progress: ████████░░░░░░░░░░░░░░░░░░░░░░░░░░░░░░░░ │  20.4%                                  │
│ Elapsed: 01:51:48 │ ETA: 07:16:14 │ Step Time: 131.530s                                                              │
├──────────────────────────────────────────────────────── Time ────────────────────────────────────────────────────────┤
│                                                                                                                      │
│actor/actor/compute_adv=9.51e-06       │actor/actor/recv_traj=117.7            │actor/actor/sync_model_to_rollout=0.0…│
│cal_adv_and_returns=0.0028             │env/compute_bootstrap_rewards=0.0016   │env/env/bootstrap_step=30.863         │
│env/env/send_rollout_trajectories=0.432│env/env_interact_step=79.266           │env/interact=117.7                    │
│env/run_interact_once=117.2            │generate_rollouts=117.8                │rollout/generate_one_epoch=116.8      │
│rollout/rollout/generate=116.8         │step=118.3                             │sync_weights=0.479                    │
│                                                                                                                      │
├──────────────────────────────────────────────────── Environment ─────────────────────────────────────────────────────┤
│                                                                                                                      │
│episode_len=200.0                      │num_trajectories=8                     │return=0.0                            │
│reward=0.0                             │success_once=0.0                       │                                      │
│                                                                                                                      │
├─────────────────────────────────────────────────── Replay Buffer ────────────────────────────────────────────────────┤
│                                                                                                                      │
│cache_size=3805.0                      │num_trajectories=3805.0                │total_samples=3805.0                  │
│                                                                                                                      │
├─────────────────────────────────────────────────── Training/Other ───────────────────────────────────────────────────┤
│                                                                                                                      │
│replay/actor_switch_rate=0.0000        │replay/done_rate=0.050                 │replay/intervention_rate=0.0000       │
│replay/intervention_requested_rate=0.0…│replay/record_transition_rate=1.000    │replay/reward_mean=0.0000             │
│replay/reward_positive_rate=0.0000     │replay/transition_count=80.000         │rlt/actor_updates_run=0.0000          │
│rlt/critic_updates_run=0.0000          │rlt/desired_total_updates=0.0000       │rlt/global_min_replay_size=3784.0     │
│rlt/global_total_transitions_added=761…│rlt/global_transitions_since_train=761…│rlt/max_updates_per_train_step=1600.0 │
│rlt/min_replay_buffer_size=10000.0     │rlt/pending_update_budget=0.0000       │rlt/ready_for_online=0.0000           │
│rlt/should_train=0.0000                │rlt/skip_reason=1.000                  │rlt/train_every_episodes=0.0000       │
│rlt/train_every_transitions=1.000      │rlt/update_epoch=5.000                 │rlt/update_step=0.0000                │
│rlt/updates_scheduled=0.0000           │rlt/updates_to_run=0.0000              │rlt/warmup_required_updates=3.00e+04  │
│                                                                                                                      │
╰──────────────────────────────────────────────────────────────────────────────────────────────────────────────────────╯


╭──────────────────────────────────────────────────────────────────────────────────────────────────────────────────────╮
├──────────────────────────────────────────────────── Metric Table ────────────────────────────────────────────────────┤
│ Global Step:   52/250 │ Progress: ████████░░░░░░░░░░░░░░░░░░░░░░░░░░░░░░░░ │  20.8%                                  │
│ Elapsed: 01:53:47 │ ETA: 07:13:18 │ Step Time: 131.305s                                                              │
├──────────────────────────────────────────────────────── Time ────────────────────────────────────────────────────────┤
│                                                                                                                      │
│actor/actor/compute_adv=2.32e-05       │actor/actor/recv_traj=119.3            │actor/actor/sync_model_to_rollout=0.0…│
│cal_adv_and_returns=0.0030             │env/compute_bootstrap_rewards=0.0015   │env/env/bootstrap_step=30.419         │
│env/env/send_rollout_trajectories=0.435│env/env_interact_step=81.482           │env/interact=119.2                    │
│env/run_interact_once=118.8            │generate_rollouts=119.4                │rollout/generate_one_epoch=118.3      │
│rollout/rollout/generate=118.3         │step=119.8                             │sync_weights=0.465                    │
│                                                                                                                      │
├──────────────────────────────────────────────────── Environment ─────────────────────────────────────────────────────┤
│                                                                                                                      │
│episode_len=200.0                      │num_trajectories=8                     │return=1.25                           │
│reward=0.00625                         │success_once=0.125                     │                                      │
│                                                                                                                      │
├─────────────────────────────────────────────────── Replay Buffer ────────────────────────────────────────────────────┤
│                                                                                                                      │
│cache_size=3880.5                      │num_trajectories=3880.5                │total_samples=3880.5                  │
│                                                                                                                      │
├─────────────────────────────────────────────────── Training/Other ───────────────────────────────────────────────────┤
│                                                                                                                      │
│replay/actor_switch_rate=0.0000        │replay/done_rate=0.053                 │replay/intervention_rate=0.0000       │
│replay/intervention_requested_rate=0.0…│replay/record_transition_rate=1.000    │replay/reward_mean=0.0070             │
│replay/reward_positive_rate=0.0070     │replay/transition_count=75.500         │rlt/actor_updates_run=0.0000          │
│rlt/critic_updates_run=0.0000          │rlt/desired_total_updates=0.0000       │rlt/global_min_replay_size=3864.0     │
│rlt/global_total_transitions_added=776…│rlt/global_transitions_since_train=776…│rlt/max_updates_per_train_step=1600.0 │
│rlt/min_replay_buffer_size=10000.0     │rlt/pending_update_budget=0.0000       │rlt/ready_for_online=0.0000           │
│rlt/should_train=0.0000                │rlt/skip_reason=1.000                  │rlt/train_every_episodes=0.0000       │
│rlt/train_every_transitions=1.000      │rlt/update_epoch=5.000                 │rlt/update_step=0.0000                │
│rlt/updates_scheduled=0.0000           │rlt/updates_to_run=0.0000              │rlt/warmup_required_updates=3.00e+04  │
│                                                                                                                      │
╰──────────────────────────────────────────────────────────────────────────────────────────────────────────────────────╯


╭──────────────────────────────────────────────────────────────────────────────────────────────────────────────────────╮
├──────────────────────────────────────────────────── Metric Table ────────────────────────────────────────────────────┤
│ Global Step:   53/250 │ Progress: ████████░░░░░░░░░░░░░░░░░░░░░░░░░░░░░░░░ │  21.2%                                  │
│ Elapsed: 01:55:44 │ ETA: 07:10:12 │ Step Time: 131.027s                                                              │
├──────────────────────────────────────────────────────── Time ────────────────────────────────────────────────────────┤
│                                                                                                                      │
│actor/actor/compute_adv=2.90e-05       │actor/actor/recv_traj=116.0            │actor/actor/sync_model_to_rollout=0.0…│
│cal_adv_and_returns=0.0031             │env/compute_bootstrap_rewards=0.0015   │env/env/bootstrap_step=30.484         │
│env/env/send_rollout_trajectories=0.428│env/env_interact_step=78.086           │env/interact=116.0                    │
│env/run_interact_once=115.6            │generate_rollouts=116.1                │rollout/generate_one_epoch=115.1      │
│rollout/rollout/generate=115.1         │step=116.6                             │sync_weights=0.445                    │
│                                                                                                                      │
├──────────────────────────────────────────────────── Environment ─────────────────────────────────────────────────────┤
│                                                                                                                      │
│episode_len=200.0                      │num_trajectories=8                     │return=2.625                          │
│reward=0.0131250005                    │success_once=0.25                      │                                      │
│                                                                                                                      │
├─────────────────────────────────────────────────── Replay Buffer ────────────────────────────────────────────────────┤
│                                                                                                                      │
│cache_size=3951.0                      │num_trajectories=3951.0                │total_samples=3951.0                  │
│                                                                                                                      │
├─────────────────────────────────────────────────── Training/Other ───────────────────────────────────────────────────┤
│                                                                                                                      │
│replay/actor_switch_rate=0.0000        │replay/done_rate=0.057                 │replay/intervention_rate=0.0000       │
│replay/intervention_requested_rate=0.0…│replay/record_transition_rate=1.000    │replay/reward_mean=0.014              │
│replay/reward_positive_rate=0.014      │replay/transition_count=70.500         │rlt/actor_updates_run=0.0000          │
│rlt/critic_updates_run=0.0000          │rlt/desired_total_updates=0.0000       │rlt/global_min_replay_size=3934.0     │
│rlt/global_total_transitions_added=790…│rlt/global_transitions_since_train=790…│rlt/max_updates_per_train_step=1600.0 │
│rlt/min_replay_buffer_size=10000.0     │rlt/pending_update_budget=0.0000       │rlt/ready_for_online=0.0000           │
│rlt/should_train=0.0000                │rlt/skip_reason=1.000                  │rlt/train_every_episodes=0.0000       │
│rlt/train_every_transitions=1.000      │rlt/update_epoch=5.000                 │rlt/update_step=0.0000                │
│rlt/updates_scheduled=0.0000           │rlt/updates_to_run=0.0000              │rlt/warmup_required_updates=3.00e+04  │
│                                                                                                                      │
╰──────────────────────────────────────────────────────────────────────────────────────────────────────────────────────╯


╭──────────────────────────────────────────────────────────────────────────────────────────────────────────────────────╮
├──────────────────────────────────────────────────── Metric Table ────────────────────────────────────────────────────┤
│ Global Step:   54/250 │ Progress: ████████░░░░░░░░░░░░░░░░░░░░░░░░░░░░░░░░ │  21.6%                                  │
│ Elapsed: 01:57:47 │ ETA: 07:07:34 │ Step Time: 130.888s                                                              │
├──────────────────────────────────────────────────────── Time ────────────────────────────────────────────────────────┤
│                                                                                                                      │
│actor/actor/compute_adv=3.18e-05       │actor/actor/recv_traj=122.9            │actor/actor/sync_model_to_rollout=0.0…│
│cal_adv_and_returns=0.0031             │env/compute_bootstrap_rewards=0.0015   │env/env/bootstrap_step=30.487         │
│env/env/send_rollout_trajectories=0.426│env/env_interact_step=85.956           │env/interact=122.9                    │
│env/run_interact_once=122.6            │generate_rollouts=123.0                │rollout/generate_one_epoch=122.1      │
│rollout/rollout/generate=122.1         │step=123.5                             │sync_weights=0.447                    │
│                                                                                                                      │
├──────────────────────────────────────────────────── Environment ─────────────────────────────────────────────────────┤
│                                                                                                                      │
│episode_len=200.0                      │num_trajectories=8                     │return=0.0                            │
│reward=0.0                             │success_once=0.0                       │                                      │
│                                                                                                                      │
├─────────────────────────────────────────────────── Replay Buffer ────────────────────────────────────────────────────┤
│                                                                                                                      │
│cache_size=4031.0                      │num_trajectories=4031.0                │total_samples=4031.0                  │
│                                                                                                                      │
├─────────────────────────────────────────────────── Training/Other ───────────────────────────────────────────────────┤
│                                                                                                                      │
│replay/actor_switch_rate=0.0000        │replay/done_rate=0.050                 │replay/intervention_rate=0.0000       │
│replay/intervention_requested_rate=0.0…│replay/record_transition_rate=1.000    │replay/reward_mean=0.0000             │
│replay/reward_positive_rate=0.0000     │replay/transition_count=80.000         │rlt/actor_updates_run=0.0000          │
│rlt/critic_updates_run=0.0000          │rlt/desired_total_updates=0.0000       │rlt/global_min_replay_size=4014.0     │
│rlt/global_total_transitions_added=806…│rlt/global_transitions_since_train=806…│rlt/max_updates_per_train_step=1600.0 │
│rlt/min_replay_buffer_size=10000.0     │rlt/pending_update_budget=0.0000       │rlt/ready_for_online=0.0000           │
│rlt/should_train=0.0000                │rlt/skip_reason=1.000                  │rlt/train_every_episodes=0.0000       │
│rlt/train_every_transitions=1.000      │rlt/update_epoch=5.000                 │rlt/update_step=0.0000                │
│rlt/updates_scheduled=0.0000           │rlt/updates_to_run=0.0000              │rlt/warmup_required_updates=3.00e+04  │
│                                                                                                                      │
╰──────────────────────────────────────────────────────────────────────────────────────────────────────────────────────╯


╭──────────────────────────────────────────────────────────────────────────────────────────────────────────────────────╮
├──────────────────────────────────────────────────── Metric Table ────────────────────────────────────────────────────┤
│ Global Step:   55/250 │ Progress: ████████░░░░░░░░░░░░░░░░░░░░░░░░░░░░░░░░ │  22.0%                                  │
│ Elapsed: 01:59:44 │ ETA: 07:04:33 │ Step Time: 130.633s                                                              │
├──────────────────────────────────────────────────────── Time ────────────────────────────────────────────────────────┤
│                                                                                                                      │
│actor/actor/compute_adv=2.04e-05       │actor/actor/recv_traj=116.3            │actor/actor/sync_model_to_rollout=0.0…│
│cal_adv_and_returns=0.0029             │env/compute_bootstrap_rewards=0.0015   │env/env/bootstrap_step=30.283         │
│env/env/send_rollout_trajectories=0.452│env/env_interact_step=78.719           │env/interact=116.3                    │
│env/run_interact_once=115.8            │generate_rollouts=116.4                │rollout/generate_one_epoch=115.3      │
│rollout/rollout/generate=115.3         │step=116.8                             │sync_weights=0.435                    │
│                                                                                                                      │
├──────────────────────────────────────────────────── Environment ─────────────────────────────────────────────────────┤
│                                                                                                                      │
│episode_len=200.0                      │num_trajectories=8                     │return=1.125                          │
│reward=0.005625                        │success_once=0.125                     │                                      │
│                                                                                                                      │
├─────────────────────────────────────────────────── Replay Buffer ────────────────────────────────────────────────────┤
│                                                                                                                      │
│cache_size=4107.0                      │num_trajectories=4107.0                │total_samples=4107.0                  │
│                                                                                                                      │
├─────────────────────────────────────────────────── Training/Other ───────────────────────────────────────────────────┤
│                                                                                                                      │
│replay/actor_switch_rate=0.0000        │replay/done_rate=0.053                 │replay/intervention_rate=0.0000       │
│replay/intervention_requested_rate=0.0…│replay/record_transition_rate=1.000    │replay/reward_mean=0.0069             │
│replay/reward_positive_rate=0.0069     │replay/transition_count=76.000         │rlt/actor_updates_run=0.0000          │
│rlt/critic_updates_run=0.0000          │rlt/desired_total_updates=0.0000       │rlt/global_min_replay_size=4094.0     │
│rlt/global_total_transitions_added=821…│rlt/global_transitions_since_train=821…│rlt/max_updates_per_train_step=1600.0 │
│rlt/min_replay_buffer_size=10000.0     │rlt/pending_update_budget=0.0000       │rlt/ready_for_online=0.0000           │
│rlt/should_train=0.0000                │rlt/skip_reason=1.000                  │rlt/train_every_episodes=0.0000       │
│rlt/train_every_transitions=1.000      │rlt/update_epoch=5.000                 │rlt/update_step=0.0000                │
│rlt/updates_scheduled=0.0000           │rlt/updates_to_run=0.0000              │rlt/warmup_required_updates=3.00e+04  │
│                                                                                                                      │
╰──────────────────────────────────────────────────────────────────────────────────────────────────────────────────────╯


╭──────────────────────────────────────────────────────────────────────────────────────────────────────────────────────╮
├──────────────────────────────────────────────────── Metric Table ────────────────────────────────────────────────────┤
│ Global Step:   56/250 │ Progress: ████████░░░░░░░░░░░░░░░░░░░░░░░░░░░░░░░░ │  22.4%                                  │
│ Elapsed: 02:01:41 │ ETA: 07:01:32 │ Step Time: 130.375s                                                              │
├──────────────────────────────────────────────────────── Time ────────────────────────────────────────────────────────┤
│                                                                                                                      │
│actor/actor/compute_adv=2.62e-05       │actor/actor/recv_traj=115.6            │actor/actor/sync_model_to_rollout=0.0…│
│cal_adv_and_returns=0.0030             │env/compute_bootstrap_rewards=0.0015   │env/env/bootstrap_step=31.216         │
│env/env/send_rollout_trajectories=0.431│env/env_interact_step=77.286           │env/interact=115.6                    │
│env/run_interact_once=115.3            │generate_rollouts=115.7                │rollout/generate_one_epoch=114.8      │
│rollout/rollout/generate=114.8         │step=116.2                             │sync_weights=0.468                    │
│                                                                                                                      │
├──────────────────────────────────────────────────── Environment ─────────────────────────────────────────────────────┤
│                                                                                                                      │
│episode_len=200.0                      │num_trajectories=8                     │return=2.375                          │
│reward=0.011875                        │success_once=0.25                      │                                      │
│                                                                                                                      │
├─────────────────────────────────────────────────── Replay Buffer ────────────────────────────────────────────────────┤
│                                                                                                                      │
│cache_size=4178.5                      │num_trajectories=4178.5                │total_samples=4178.5                  │
│                                                                                                                      │
├─────────────────────────────────────────────────── Training/Other ───────────────────────────────────────────────────┤
│                                                                                                                      │
│replay/actor_switch_rate=0.0000        │replay/done_rate=0.056                 │replay/intervention_rate=0.0000       │
│replay/intervention_requested_rate=0.0…│replay/record_transition_rate=1.000    │replay/reward_mean=0.014              │
│replay/reward_positive_rate=0.014      │replay/transition_count=71.500         │rlt/actor_updates_run=0.0000          │
│rlt/critic_updates_run=0.0000          │rlt/desired_total_updates=0.0000       │rlt/global_min_replay_size=4166.0     │
│rlt/global_total_transitions_added=835…│rlt/global_transitions_since_train=835…│rlt/max_updates_per_train_step=1600.0 │
│rlt/min_replay_buffer_size=10000.0     │rlt/pending_update_budget=0.0000       │rlt/ready_for_online=0.0000           │
│rlt/should_train=0.0000                │rlt/skip_reason=1.000                  │rlt/train_every_episodes=0.0000       │
│rlt/train_every_transitions=1.000      │rlt/update_epoch=5.000                 │rlt/update_step=0.0000                │
│rlt/updates_scheduled=0.0000           │rlt/updates_to_run=0.0000              │rlt/warmup_required_updates=3.00e+04  │
│                                                                                                                      │
╰──────────────────────────────────────────────────────────────────────────────────────────────────────────────────────╯


╭──────────────────────────────────────────────────────────────────────────────────────────────────────────────────────╮
├──────────────────────────────────────────────────── Metric Table ────────────────────────────────────────────────────┤
│ Global Step:   57/250 │ Progress: █████████░░░░░░░░░░░░░░░░░░░░░░░░░░░░░░░ │  22.8%                                  │
│ Elapsed: 02:03:33 │ ETA: 06:58:21 │ Step Time: 130.061s                                                              │
├──────────────────────────────────────────────────────── Time ────────────────────────────────────────────────────────┤
│                                                                                                                      │
│actor/actor/compute_adv=2.03e-05       │actor/actor/recv_traj=111.9            │actor/actor/sync_model_to_rollout=0.0…│
│cal_adv_and_returns=0.0033             │env/compute_bootstrap_rewards=0.0016   │env/env/bootstrap_step=30.641         │
│env/env/send_rollout_trajectories=0.448│env/env_interact_step=74.352           │env/interact=111.9                    │
│env/run_interact_once=111.4            │generate_rollouts=112.0                │rollout/generate_one_epoch=110.9      │
│rollout/rollout/generate=110.9         │step=112.5                             │sync_weights=0.462                    │
│                                                                                                                      │
├──────────────────────────────────────────────────── Environment ─────────────────────────────────────────────────────┤
│                                                                                                                      │
│episode_len=200.0                      │num_trajectories=8                     │return=2.375                          │
│reward=0.011875                        │success_once=0.25                      │                                      │
│                                                                                                                      │
├─────────────────────────────────────────────────── Replay Buffer ────────────────────────────────────────────────────┤
│                                                                                                                      │
│cache_size=4250.0                      │num_trajectories=4250.0                │total_samples=4250.0                  │
│                                                                                                                      │
├─────────────────────────────────────────────────── Training/Other ───────────────────────────────────────────────────┤
│                                                                                                                      │
│replay/actor_switch_rate=0.0000        │replay/done_rate=0.056                 │replay/intervention_rate=0.0000       │
│replay/intervention_requested_rate=0.0…│replay/record_transition_rate=1.000    │replay/reward_mean=0.014              │
│replay/reward_positive_rate=0.014      │replay/transition_count=71.500         │rlt/actor_updates_run=0.0000          │
│rlt/critic_updates_run=0.0000          │rlt/desired_total_updates=0.0000       │rlt/global_min_replay_size=4237.0     │
│rlt/global_total_transitions_added=850…│rlt/global_transitions_since_train=850…│rlt/max_updates_per_train_step=1600.0 │
│rlt/min_replay_buffer_size=10000.0     │rlt/pending_update_budget=0.0000       │rlt/ready_for_online=0.0000           │
│rlt/should_train=0.0000                │rlt/skip_reason=1.000                  │rlt/train_every_episodes=0.0000       │
│rlt/train_every_transitions=1.000      │rlt/update_epoch=5.000                 │rlt/update_step=0.0000                │
│rlt/updates_scheduled=0.0000           │rlt/updates_to_run=0.0000              │rlt/warmup_required_updates=3.00e+04  │
│                                                                                                                      │
╰──────────────────────────────────────────────────────────────────────────────────────────────────────────────────────╯


╭──────────────────────────────────────────────────────────────────────────────────────────────────────────────────────╮
├──────────────────────────────────────────────────── Metric Table ────────────────────────────────────────────────────┤
│ Global Step:   58/250 │ Progress: █████████░░░░░░░░░░░░░░░░░░░░░░░░░░░░░░░ │  23.2%                                  │
│ Elapsed: 02:05:29 │ ETA: 06:55:24 │ Step Time: 129.816s                                                              │
├──────────────────────────────────────────────────────── Time ────────────────────────────────────────────────────────┤
│                                                                                                                      │
│actor/actor/compute_adv=1.28e-05       │actor/actor/recv_traj=115.4            │actor/actor/sync_model_to_rollout=0.0…│
│cal_adv_and_returns=0.0032             │env/compute_bootstrap_rewards=0.0017   │env/env/bootstrap_step=30.183         │
│env/env/send_rollout_trajectories=0.447│env/env_interact_step=77.691           │env/interact=115.3                    │
│env/run_interact_once=114.9            │generate_rollouts=115.4                │rollout/generate_one_epoch=114.4      │
│rollout/rollout/generate=114.4         │step=115.8                             │sync_weights=0.383                    │
│                                                                                                                      │
├──────────────────────────────────────────────────── Environment ─────────────────────────────────────────────────────┤
│                                                                                                                      │
│episode_len=200.0                      │num_trajectories=8                     │return=2.25                           │
│reward=0.01125                         │success_once=0.25                      │                                      │
│                                                                                                                      │
├─────────────────────────────────────────────────── Replay Buffer ────────────────────────────────────────────────────┤
│                                                                                                                      │
│cache_size=4322.0                      │num_trajectories=4322.0                │total_samples=4322.0                  │
│                                                                                                                      │
├─────────────────────────────────────────────────── Training/Other ───────────────────────────────────────────────────┤
│                                                                                                                      │
│replay/actor_switch_rate=0.0000        │replay/done_rate=0.056                 │replay/intervention_rate=0.0000       │
│replay/intervention_requested_rate=0.0…│replay/record_transition_rate=1.000    │replay/reward_mean=0.014              │
│replay/reward_positive_rate=0.014      │replay/transition_count=72.000         │rlt/actor_updates_run=0.0000          │
│rlt/critic_updates_run=0.0000          │rlt/desired_total_updates=0.0000       │rlt/global_min_replay_size=4308.0     │
│rlt/global_total_transitions_added=864…│rlt/global_transitions_since_train=864…│rlt/max_updates_per_train_step=1600.0 │
│rlt/min_replay_buffer_size=10000.0     │rlt/pending_update_budget=0.0000       │rlt/ready_for_online=0.0000           │
│rlt/should_train=0.0000                │rlt/skip_reason=1.000                  │rlt/train_every_episodes=0.0000       │
│rlt/train_every_transitions=1.000      │rlt/update_epoch=5.000                 │rlt/update_step=0.0000                │
│rlt/updates_scheduled=0.0000           │rlt/updates_to_run=0.0000              │rlt/warmup_required_updates=3.00e+04  │
│                                                                                                                      │
╰──────────────────────────────────────────────────────────────────────────────────────────────────────────────────────╯


╭──────────────────────────────────────────────────────────────────────────────────────────────────────────────────────╮
├──────────────────────────────────────────────────── Metric Table ────────────────────────────────────────────────────┤
│ Global Step:   59/250 │ Progress: █████████░░░░░░░░░░░░░░░░░░░░░░░░░░░░░░░ │  23.6%                                  │
│ Elapsed: 02:07:31 │ ETA: 06:52:49 │ Step Time: 129.684s                                                              │
├──────────────────────────────────────────────────────── Time ────────────────────────────────────────────────────────┤
│                                                                                                                      │
│actor/actor/compute_adv=1.09e-05       │actor/actor/recv_traj=121.5            │actor/actor/sync_model_to_rollout=0.0…│
│cal_adv_and_returns=0.0028             │env/compute_bootstrap_rewards=0.0018   │env/env/bootstrap_step=30.136         │
│env/env/send_rollout_trajectories=0.452│env/env_interact_step=83.739           │env/interact=121.5                    │
│env/run_interact_once=121.0            │generate_rollouts=121.6                │rollout/generate_one_epoch=120.5      │
│rollout/rollout/generate=120.5         │step=122.0                             │sync_weights=0.456                    │
│                                                                                                                      │
├──────────────────────────────────────────────────── Environment ─────────────────────────────────────────────────────┤
│                                                                                                                      │
│episode_len=200.0                      │num_trajectories=8                     │return=1.125                          │
│reward=0.005625                        │success_once=0.125                     │                                      │
│                                                                                                                      │
├─────────────────────────────────────────────────── Replay Buffer ────────────────────────────────────────────────────┤
│                                                                                                                      │
│cache_size=4398.0                      │num_trajectories=4398.0                │total_samples=4398.0                  │
│                                                                                                                      │
├─────────────────────────────────────────────────── Training/Other ───────────────────────────────────────────────────┤
│                                                                                                                      │
│replay/actor_switch_rate=0.0000        │replay/done_rate=0.053                 │replay/intervention_rate=0.0000       │
│replay/intervention_requested_rate=0.0…│replay/record_transition_rate=1.000    │replay/reward_mean=0.0069             │
│replay/reward_positive_rate=0.0069     │replay/transition_count=76.000         │rlt/actor_updates_run=0.0000          │
│rlt/critic_updates_run=0.0000          │rlt/desired_total_updates=0.0000       │rlt/global_min_replay_size=4380.0     │
│rlt/global_total_transitions_added=879…│rlt/global_transitions_since_train=879…│rlt/max_updates_per_train_step=1600.0 │
│rlt/min_replay_buffer_size=10000.0     │rlt/pending_update_budget=0.0000       │rlt/ready_for_online=0.0000           │
│rlt/should_train=0.0000                │rlt/skip_reason=1.000                  │rlt/train_every_episodes=0.0000       │
│rlt/train_every_transitions=1.000      │rlt/update_epoch=5.000                 │rlt/update_step=0.0000                │
│rlt/updates_scheduled=0.0000           │rlt/updates_to_run=0.0000              │rlt/warmup_required_updates=3.00e+04  │
│                                                                                                                      │
╰──────────────────────────────────────────────────────────────────────────────────────────────────────────────────────╯


╭──────────────────────────────────────────────────────────────────────────────────────────────────────────────────────╮
├──────────────────────────────────────────────────── Metric Table ────────────────────────────────────────────────────┤
│ Global Step:   60/250 │ Progress: █████████░░░░░░░░░░░░░░░░░░░░░░░░░░░░░░░ │  24.0%                                  │
│ Elapsed: 02:09:36 │ ETA: 06:50:25 │ Step Time: 129.608s                                                              │
├──────────────────────────────────────────────────────── Time ────────────────────────────────────────────────────────┤
│                                                                                                                      │
│actor/actor/compute_adv=2.54e-05       │actor/actor/recv_traj=124.6            │actor/actor/sync_model_to_rollout=0.0…│
│cal_adv_and_returns=0.0034             │env/compute_bootstrap_rewards=0.0016   │env/env/bootstrap_step=30.376         │
│env/env/send_rollout_trajectories=0.437│env/env_interact_step=87.203           │env/interact=124.6                    │
│env/run_interact_once=124.2            │generate_rollouts=124.7                │rollout/generate_one_epoch=123.7      │
│rollout/rollout/generate=123.7         │step=125.1                             │sync_weights=0.360                    │
│                                                                                                                      │
├──────────────────────────────────────────────────── Environment ─────────────────────────────────────────────────────┤
│                                                                                                                      │
│episode_len=200.0                      │num_trajectories=8                     │return=1.125                          │
│reward=0.005625                        │success_once=0.125                     │                                      │
│                                                                                                                      │
├─────────────────────────────────────────────────── Replay Buffer ────────────────────────────────────────────────────┤
│                                                                                                                      │
│cache_size=4474.0                      │num_trajectories=4474.0                │total_samples=4474.0                  │
│                                                                                                                      │
├─────────────────────────────────────────────────── Training/Other ───────────────────────────────────────────────────┤
│                                                                                                                      │
│replay/actor_switch_rate=0.0000        │replay/done_rate=0.053                 │replay/intervention_rate=0.0000       │
│replay/intervention_requested_rate=0.0…│replay/record_transition_rate=1.000    │replay/reward_mean=0.0069             │
│replay/reward_positive_rate=0.0069     │replay/transition_count=76.000         │rlt/actor_updates_run=0.0000          │
│rlt/critic_updates_run=0.0000          │rlt/desired_total_updates=0.0000       │rlt/global_min_replay_size=4452.0     │
│rlt/global_total_transitions_added=894…│rlt/global_transitions_since_train=894…│rlt/max_updates_per_train_step=1600.0 │
│rlt/min_replay_buffer_size=10000.0     │rlt/pending_update_budget=0.0000       │rlt/ready_for_online=0.0000           │
│rlt/should_train=0.0000                │rlt/skip_reason=1.000                  │rlt/train_every_episodes=0.0000       │
│rlt/train_every_transitions=1.000      │rlt/update_epoch=5.000                 │rlt/update_step=0.0000                │
│rlt/updates_scheduled=0.0000           │rlt/updates_to_run=0.0000              │rlt/warmup_required_updates=3.00e+04  │
│                                                                                                                      │
╰──────────────────────────────────────────────────────────────────────────────────────────────────────────────────────╯


╭──────────────────────────────────────────────────────────────────────────────────────────────────────────────────────╮
├──────────────────────────────────────────────────── Metric Table ────────────────────────────────────────────────────┤
│ Global Step:   61/250 │ Progress: █████████░░░░░░░░░░░░░░░░░░░░░░░░░░░░░░░ │  24.4%                                  │
│ Elapsed: 02:11:43 │ ETA: 06:48:08 │ Step Time: 129.569s                                                              │
├──────────────────────────────────────────────────────── Time ────────────────────────────────────────────────────────┤
│                                                                                                                      │
│actor/actor/compute_adv=1.13e-05       │actor/actor/recv_traj=126.6            │actor/actor/sync_model_to_rollout=0.0…│
│cal_adv_and_returns=0.0026             │env/compute_bootstrap_rewards=0.0016   │env/env/bootstrap_step=30.713         │
│env/env/send_rollout_trajectories=0.429│env/env_interact_step=88.098           │env/interact=126.6                    │
│env/run_interact_once=126.2            │generate_rollouts=126.7                │rollout/generate_one_epoch=125.7      │
│rollout/rollout/generate=125.7         │step=127.2                             │sync_weights=0.461                    │
│                                                                                                                      │
├──────────────────────────────────────────────────── Environment ─────────────────────────────────────────────────────┤
│                                                                                                                      │
│episode_len=200.0                      │num_trajectories=8                     │return=1.25                           │
│reward=0.00625                         │success_once=0.125                     │                                      │
│                                                                                                                      │
├─────────────────────────────────────────────────── Replay Buffer ────────────────────────────────────────────────────┤
│                                                                                                                      │
│cache_size=4549.5                      │num_trajectories=4549.5                │total_samples=4549.5                  │
│                                                                                                                      │
├─────────────────────────────────────────────────── Training/Other ───────────────────────────────────────────────────┤
│                                                                                                                      │
│replay/actor_switch_rate=0.0000        │replay/done_rate=0.053                 │replay/intervention_rate=0.0000       │
│replay/intervention_requested_rate=0.0…│replay/record_transition_rate=1.000    │replay/reward_mean=0.0070             │
│replay/reward_positive_rate=0.0070     │replay/transition_count=75.500         │rlt/actor_updates_run=0.0000          │
│rlt/critic_updates_run=0.0000          │rlt/desired_total_updates=0.0000       │rlt/global_min_replay_size=4523.0     │
│rlt/global_total_transitions_added=909…│rlt/global_transitions_since_train=909…│rlt/max_updates_per_train_step=1600.0 │
│rlt/min_replay_buffer_size=10000.0     │rlt/pending_update_budget=0.0000       │rlt/ready_for_online=0.0000           │
│rlt/should_train=0.0000                │rlt/skip_reason=1.000                  │rlt/train_every_episodes=0.0000       │
│rlt/train_every_transitions=1.000      │rlt/update_epoch=5.000                 │rlt/update_step=0.0000                │
│rlt/updates_scheduled=0.0000           │rlt/updates_to_run=0.0000              │rlt/warmup_required_updates=3.00e+04  │
│                                                                                                                      │
╰──────────────────────────────────────────────────────────────────────────────────────────────────────────────────────╯


╭──────────────────────────────────────────────────────────────────────────────────────────────────────────────────────╮
├──────────────────────────────────────────────────── Metric Table ────────────────────────────────────────────────────┤
│ Global Step:   62/250 │ Progress: █████████░░░░░░░░░░░░░░░░░░░░░░░░░░░░░░░ │  24.8%                                  │
│ Elapsed: 02:13:47 │ ETA: 06:45:41 │ Step Time: 129.478s                                                              │
├──────────────────────────────────────────────────────── Time ────────────────────────────────────────────────────────┤
│                                                                                                                      │
│actor/actor/compute_adv=2.16e-05       │actor/actor/recv_traj=123.4            │actor/actor/sync_model_to_rollout=0.0…│
│cal_adv_and_returns=0.0029             │env/compute_bootstrap_rewards=0.0017   │env/env/bootstrap_step=30.359         │
│env/env/send_rollout_trajectories=0.433│env/env_interact_step=85.979           │env/interact=123.4                    │
│env/run_interact_once=123.0            │generate_rollouts=123.5                │rollout/generate_one_epoch=122.5      │
│rollout/rollout/generate=122.5         │step=123.9                             │sync_weights=0.382                    │
│                                                                                                                      │
├──────────────────────────────────────────────────── Environment ─────────────────────────────────────────────────────┤
│                                                                                                                      │
│episode_len=200.0                      │num_trajectories=8                     │return=1.125                          │
│reward=0.005625                        │success_once=0.125                     │                                      │
│                                                                                                                      │
├─────────────────────────────────────────────────── Replay Buffer ────────────────────────────────────────────────────┤
│                                                                                                                      │
│cache_size=4625.5                      │num_trajectories=4625.5                │total_samples=4625.5                  │
│                                                                                                                      │
├─────────────────────────────────────────────────── Training/Other ───────────────────────────────────────────────────┤
│                                                                                                                      │
│replay/actor_switch_rate=0.0000        │replay/done_rate=0.053                 │replay/intervention_rate=0.0000       │
│replay/intervention_requested_rate=0.0…│replay/record_transition_rate=1.000    │replay/reward_mean=0.0069             │
│replay/reward_positive_rate=0.0069     │replay/transition_count=76.000         │rlt/actor_updates_run=0.0000          │
│rlt/critic_updates_run=0.0000          │rlt/desired_total_updates=0.0000       │rlt/global_min_replay_size=4603.0     │
│rlt/global_total_transitions_added=925…│rlt/global_transitions_since_train=925…│rlt/max_updates_per_train_step=1600.0 │
│rlt/min_replay_buffer_size=10000.0     │rlt/pending_update_budget=0.0000       │rlt/ready_for_online=0.0000           │
│rlt/should_train=0.0000                │rlt/skip_reason=1.000                  │rlt/train_every_episodes=0.0000       │
│rlt/train_every_transitions=1.000      │rlt/update_epoch=5.000                 │rlt/update_step=0.0000                │
│rlt/updates_scheduled=0.0000           │rlt/updates_to_run=0.0000              │rlt/warmup_required_updates=3.00e+04  │
│                                                                                                                      │
╰──────────────────────────────────────────────────────────────────────────────────────────────────────────────────────╯


╭──────────────────────────────────────────────────────────────────────────────────────────────────────────────────────╮
├──────────────────────────────────────────────────── Metric Table ────────────────────────────────────────────────────┤
│ Global Step:   63/250 │ Progress: ██████████░░░░░░░░░░░░░░░░░░░░░░░░░░░░░░ │  25.2%                                  │
│ Elapsed: 02:15:50 │ ETA: 06:43:12 │ Step Time: 129.371s                                                              │
├──────────────────────────────────────────────────────── Time ────────────────────────────────────────────────────────┤
│                                                                                                                      │
│actor/actor/compute_adv=2.72e-05       │actor/actor/recv_traj=122.2            │actor/actor/sync_model_to_rollout=0.0…│
│cal_adv_and_returns=0.0030             │env/compute_bootstrap_rewards=0.0015   │env/env/bootstrap_step=29.853         │
│env/env/send_rollout_trajectories=0.478│env/env_interact_step=85.080           │env/interact=122.2                    │
│env/run_interact_once=121.8            │generate_rollouts=122.3                │rollout/generate_one_epoch=121.2      │
│rollout/rollout/generate=121.2         │step=122.8                             │sync_weights=0.445                    │
│                                                                                                                      │
├──────────────────────────────────────────────────── Environment ─────────────────────────────────────────────────────┤
│                                                                                                                      │
│episode_len=200.0                      │num_trajectories=8                     │return=0.0                            │
│reward=0.0                             │success_once=0.0                       │                                      │
│                                                                                                                      │
├─────────────────────────────────────────────────── Replay Buffer ────────────────────────────────────────────────────┤
│                                                                                                                      │
│cache_size=4705.5                      │num_trajectories=4705.5                │total_samples=4705.5                  │
│                                                                                                                      │
├─────────────────────────────────────────────────── Training/Other ───────────────────────────────────────────────────┤
│                                                                                                                      │
│replay/actor_switch_rate=0.0000        │replay/done_rate=0.050                 │replay/intervention_rate=0.0000       │
│replay/intervention_requested_rate=0.0…│replay/record_transition_rate=1.000    │replay/reward_mean=0.0000             │
│replay/reward_positive_rate=0.0000     │replay/transition_count=80.000         │rlt/actor_updates_run=0.0000          │
│rlt/critic_updates_run=0.0000          │rlt/desired_total_updates=0.0000       │rlt/global_min_replay_size=4683.0     │
│rlt/global_total_transitions_added=941…│rlt/global_transitions_since_train=941…│rlt/max_updates_per_train_step=1600.0 │
│rlt/min_replay_buffer_size=10000.0     │rlt/pending_update_budget=0.0000       │rlt/ready_for_online=0.0000           │
│rlt/should_train=0.0000                │rlt/skip_reason=1.000                  │rlt/train_every_episodes=0.0000       │
│rlt/train_every_transitions=1.000      │rlt/update_epoch=5.000                 │rlt/update_step=0.0000                │
│rlt/updates_scheduled=0.0000           │rlt/updates_to_run=0.0000              │rlt/warmup_required_updates=3.00e+04  │
│                                                                                                                      │
╰──────────────────────────────────────────────────────────────────────────────────────────────────────────────────────╯


╭──────────────────────────────────────────────────────────────────────────────────────────────────────────────────────╮
├──────────────────────────────────────────────────── Metric Table ────────────────────────────────────────────────────┤
│ Global Step:   64/250 │ Progress: ██████████░░░░░░░░░░░░░░░░░░░░░░░░░░░░░░ │  25.6%                                  │
│ Elapsed: 02:17:49 │ ETA: 06:40:33 │ Step Time: 129.213s                                                              │
├──────────────────────────────────────────────────────── Time ────────────────────────────────────────────────────────┤
│                                                                                                                      │
│actor/actor/compute_adv=1.53e-05       │actor/actor/recv_traj=118.7            │actor/actor/sync_model_to_rollout=0.0…│
│cal_adv_and_returns=0.0029             │env/compute_bootstrap_rewards=0.0016   │env/env/bootstrap_step=30.419         │
│env/env/send_rollout_trajectories=0.432│env/env_interact_step=81.366           │env/interact=118.7                    │
│env/run_interact_once=118.3            │generate_rollouts=118.8                │rollout/generate_one_epoch=117.8      │
│rollout/rollout/generate=117.8         │step=119.2                             │sync_weights=0.447                    │
│                                                                                                                      │
├──────────────────────────────────────────────────── Environment ─────────────────────────────────────────────────────┤
│                                                                                                                      │
│episode_len=200.0                      │num_trajectories=8                     │return=1.0                            │
│reward=0.005                           │success_once=0.125                     │                                      │
│                                                                                                                      │
├─────────────────────────────────────────────────── Replay Buffer ────────────────────────────────────────────────────┤
│                                                                                                                      │
│cache_size=4782.0                      │num_trajectories=4782.0                │total_samples=4782.0                  │
│                                                                                                                      │
├─────────────────────────────────────────────────── Training/Other ───────────────────────────────────────────────────┤
│                                                                                                                      │
│replay/actor_switch_rate=0.0000        │replay/done_rate=0.052                 │replay/intervention_rate=0.0000       │
│replay/intervention_requested_rate=0.0…│replay/record_transition_rate=1.000    │replay/reward_mean=0.0068             │
│replay/reward_positive_rate=0.0068     │replay/transition_count=76.500         │rlt/actor_updates_run=0.0000          │
│rlt/critic_updates_run=0.0000          │rlt/desired_total_updates=0.0000       │rlt/global_min_replay_size=4763.0     │
│rlt/global_total_transitions_added=956…│rlt/global_transitions_since_train=956…│rlt/max_updates_per_train_step=1600.0 │
│rlt/min_replay_buffer_size=10000.0     │rlt/pending_update_budget=0.0000       │rlt/ready_for_online=0.0000           │
│rlt/should_train=0.0000                │rlt/skip_reason=1.000                  │rlt/train_every_episodes=0.0000       │
│rlt/train_every_transitions=1.000      │rlt/update_epoch=5.000                 │rlt/update_step=0.0000                │
│rlt/updates_scheduled=0.0000           │rlt/updates_to_run=0.0000              │rlt/warmup_required_updates=3.00e+04  │
│                                                                                                                      │
╰──────────────────────────────────────────────────────────────────────────────────────────────────────────────────────╯


╭──────────────────────────────────────────────────────────────────────────────────────────────────────────────────────╮
├──────────────────────────────────────────────────── Metric Table ────────────────────────────────────────────────────┤
│ Global Step:   65/250 │ Progress: ██████████░░░░░░░░░░░░░░░░░░░░░░░░░░░░░░ │  26.0%                                  │
│ Elapsed: 02:19:49 │ ETA: 06:37:57 │ Step Time: 129.065s                                                              │
├──────────────────────────────────────────────────────── Time ────────────────────────────────────────────────────────┤
│                                                                                                                      │
│actor/actor/compute_adv=2.07e-05       │actor/actor/recv_traj=119.0            │actor/actor/sync_model_to_rollout=0.0…│
│cal_adv_and_returns=0.0025             │env/compute_bootstrap_rewards=0.0046   │env/env/bootstrap_step=30.577         │
│env/env/send_rollout_trajectories=0.467│env/env_interact_step=81.539           │env/interact=119.0                    │
│env/run_interact_once=118.6            │generate_rollouts=119.1                │rollout/generate_one_epoch=118.1      │
│rollout/rollout/generate=118.1         │step=119.6                             │sync_weights=0.476                    │
│                                                                                                                      │
├──────────────────────────────────────────────────── Environment ─────────────────────────────────────────────────────┤
│                                                                                                                      │
│episode_len=200.0                      │num_trajectories=8                     │return=1.0                            │
│reward=0.005                           │success_once=0.125                     │                                      │
│                                                                                                                      │
├─────────────────────────────────────────────────── Replay Buffer ────────────────────────────────────────────────────┤
│                                                                                                                      │
│cache_size=4858.5                      │num_trajectories=4858.5                │total_samples=4858.5                  │
│                                                                                                                      │
├─────────────────────────────────────────────────── Training/Other ───────────────────────────────────────────────────┤
│                                                                                                                      │
│replay/actor_switch_rate=0.0000        │replay/done_rate=0.052                 │replay/intervention_rate=0.0000       │
│replay/intervention_requested_rate=0.0…│replay/record_transition_rate=1.000    │replay/reward_mean=0.0068             │
│replay/reward_positive_rate=0.0068     │replay/transition_count=76.500         │rlt/actor_updates_run=0.0000          │
│rlt/critic_updates_run=0.0000          │rlt/desired_total_updates=0.0000       │rlt/global_min_replay_size=4836.0     │
│rlt/global_total_transitions_added=971…│rlt/global_transitions_since_train=971…│rlt/max_updates_per_train_step=1600.0 │
│rlt/min_replay_buffer_size=10000.0     │rlt/pending_update_budget=0.0000       │rlt/ready_for_online=0.0000           │
│rlt/should_train=0.0000                │rlt/skip_reason=1.000                  │rlt/train_every_episodes=0.0000       │
│rlt/train_every_transitions=1.000      │rlt/update_epoch=5.000                 │rlt/update_step=0.0000                │
│rlt/updates_scheduled=0.0000           │rlt/updates_to_run=0.0000              │rlt/warmup_required_updates=3.00e+04  │
│                                                                                                                      │
╰──────────────────────────────────────────────────────────────────────────────────────────────────────────────────────╯


╭──────────────────────────────────────────────────────────────────────────────────────────────────────────────────────╮
├──────────────────────────────────────────────────── Metric Table ────────────────────────────────────────────────────┤
│ Global Step:   66/250 │ Progress: ██████████░░░░░░░░░░░░░░░░░░░░░░░░░░░░░░ │  26.4%                                  │
│ Elapsed: 02:21:48 │ ETA: 06:35:21 │ Step Time: 128.918s                                                              │
├──────────────────────────────────────────────────────── Time ────────────────────────────────────────────────────────┤
│                                                                                                                      │
│actor/actor/compute_adv=2.37e-05       │actor/actor/recv_traj=118.8            │actor/actor/sync_model_to_rollout=0.0…│
│cal_adv_and_returns=0.0025             │env/compute_bootstrap_rewards=0.0018   │env/env/bootstrap_step=29.557         │
│env/env/send_rollout_trajectories=0.729│env/env_interact_step=82.021           │env/interact=118.8                    │
│env/run_interact_once=118.4            │generate_rollouts=118.9                │rollout/generate_one_epoch=117.9      │
│rollout/rollout/generate=117.9         │step=119.4                             │sync_weights=0.462                    │
│                                                                                                                      │
├──────────────────────────────────────────────────── Environment ─────────────────────────────────────────────────────┤
│                                                                                                                      │
│episode_len=200.0                      │num_trajectories=8                     │return=1.25                           │
│reward=0.00625                         │success_once=0.125                     │                                      │
│                                                                                                                      │
├─────────────────────────────────────────────────── Replay Buffer ────────────────────────────────────────────────────┤
│                                                                                                                      │
│cache_size=4934.0                      │num_trajectories=4934.0                │total_samples=4934.0                  │
│                                                                                                                      │
├─────────────────────────────────────────────────── Training/Other ───────────────────────────────────────────────────┤
│                                                                                                                      │
│replay/actor_switch_rate=0.0000        │replay/done_rate=0.053                 │replay/intervention_rate=0.0000       │
│replay/intervention_requested_rate=0.0…│replay/record_transition_rate=1.000    │replay/reward_mean=0.0070             │
│replay/reward_positive_rate=0.0070     │replay/transition_count=75.500         │rlt/actor_updates_run=0.0000          │
│rlt/critic_updates_run=0.0000          │rlt/desired_total_updates=0.0000       │rlt/global_min_replay_size=4907.0     │
│rlt/global_total_transitions_added=986…│rlt/global_transitions_since_train=986…│rlt/max_updates_per_train_step=1600.0 │
│rlt/min_replay_buffer_size=10000.0     │rlt/pending_update_budget=0.0000       │rlt/ready_for_online=0.0000           │
│rlt/should_train=0.0000                │rlt/skip_reason=1.000                  │rlt/train_every_episodes=0.0000       │
│rlt/train_every_transitions=1.000      │rlt/update_epoch=5.000                 │rlt/update_step=0.0000                │
│rlt/updates_scheduled=0.0000           │rlt/updates_to_run=0.0000              │rlt/warmup_required_updates=3.00e+04  │
│                                                                                                                      │
╰──────────────────────────────────────────────────────────────────────────────────────────────────────────────────────╯


╭──────────────────────────────────────────────────────────────────────────────────────────────────────────────────────╮
├──────────────────────────────────────────────────── Metric Table ────────────────────────────────────────────────────┤
│ Global Step:   67/250 │ Progress: ██████████░░░░░░░░░░░░░░░░░░░░░░░░░░░░░░ │  26.8%                                  │
│ Elapsed: 02:23:51 │ ETA: 06:32:56 │ Step Time: 128.834s                                                              │
├──────────────────────────────────────────────────────── Time ────────────────────────────────────────────────────────┤
│                                                                                                                      │
│actor/actor/compute_adv=2.63e-05       │actor/actor/recv_traj=122.8            │actor/actor/sync_model_to_rollout=0.0…│
│cal_adv_and_returns=0.0033             │env/compute_bootstrap_rewards=0.0018   │env/env/bootstrap_step=31.244         │
│env/env/send_rollout_trajectories=0.452│env/env_interact_step=85.963           │env/interact=122.8                    │
│env/run_interact_once=122.4            │generate_rollouts=122.9                │rollout/generate_one_epoch=121.9      │
│rollout/rollout/generate=121.9         │step=123.3                             │sync_weights=0.352                    │
│                                                                                                                      │
├──────────────────────────────────────────────────── Environment ─────────────────────────────────────────────────────┤
│                                                                                                                      │
│episode_len=200.0                      │num_trajectories=8                     │return=2.625                          │
│reward=0.0131250005                    │success_once=0.25                      │                                      │
│                                                                                                                      │
├─────────────────────────────────────────────────── Replay Buffer ────────────────────────────────────────────────────┤
│                                                                                                                      │
│cache_size=5004.5                      │num_trajectories=5004.5                │total_samples=5004.5                  │
│                                                                                                                      │
├─────────────────────────────────────────────────── Training/Other ───────────────────────────────────────────────────┤
│                                                                                                                      │
│replay/actor_switch_rate=0.0000        │replay/done_rate=0.058                 │replay/intervention_rate=0.0000       │
│replay/intervention_requested_rate=0.0…│replay/record_transition_rate=1.000    │replay/reward_mean=0.016              │
│replay/reward_positive_rate=0.016      │replay/transition_count=70.500         │rlt/actor_updates_run=0.0000          │
│rlt/critic_updates_run=0.0000          │rlt/desired_total_updates=0.0000       │rlt/global_min_replay_size=4987.0     │
│rlt/global_total_transitions_added=1.0…│rlt/global_transitions_since_train=1.0…│rlt/max_updates_per_train_step=1600.0 │
│rlt/min_replay_buffer_size=10000.0     │rlt/pending_update_budget=0.0000       │rlt/ready_for_online=0.0000           │
│rlt/should_train=0.0000                │rlt/skip_reason=1.000                  │rlt/train_every_episodes=0.0000       │
│rlt/train_every_transitions=1.000      │rlt/update_epoch=5.000                 │rlt/update_step=0.0000                │
│rlt/updates_scheduled=0.0000           │rlt/updates_to_run=0.0000              │rlt/warmup_required_updates=3.00e+04  │
│                                                                                                                      │
╰──────────────────────────────────────────────────────────────────────────────────────────────────────────────────────╯


╭──────────────────────────────────────────────────────────────────────────────────────────────────────────────────────╮
├──────────────────────────────────────────────────── Metric Table ────────────────────────────────────────────────────┤
│ Global Step:   68/250 │ Progress: ██████████░░░░░░░░░░░░░░░░░░░░░░░░░░░░░░ │  27.2%                                  │
│ Elapsed: 02:25:54 │ ETA: 06:30:31 │ Step Time: 128.742s                                                              │
├──────────────────────────────────────────────────────── Time ────────────────────────────────────────────────────────┤
│                                                                                                                      │
│actor/actor/compute_adv=2.63e-05       │actor/actor/recv_traj=122.0            │actor/actor/sync_model_to_rollout=0.0…│
│cal_adv_and_returns=0.0033             │env/compute_bootstrap_rewards=0.0017   │env/env/bootstrap_step=30.529         │
│env/env/send_rollout_trajectories=0.452│env/env_interact_step=84.025           │env/interact=122.0                    │
│env/run_interact_once=121.5            │generate_rollouts=122.1                │rollout/generate_one_epoch=121.0      │
│rollout/rollout/generate=121.0         │step=122.5                             │sync_weights=0.461                    │
│                                                                                                                      │
├──────────────────────────────────────────────────── Environment ─────────────────────────────────────────────────────┤
│                                                                                                                      │
│episode_len=200.0                      │num_trajectories=8                     │return=2.25                           │
│reward=0.01125                         │success_once=0.25                      │                                      │
│                                                                                                                      │
├─────────────────────────────────────────────────── Replay Buffer ────────────────────────────────────────────────────┤
│                                                                                                                      │
│cache_size=5076.5                      │num_trajectories=5076.5                │total_samples=5076.5                  │
│                                                                                                                      │
├─────────────────────────────────────────────────── Training/Other ───────────────────────────────────────────────────┤
│                                                                                                                      │
│replay/actor_switch_rate=0.0000        │replay/done_rate=0.056                 │replay/intervention_rate=0.0000       │
│replay/intervention_requested_rate=0.0…│replay/record_transition_rate=1.000    │replay/reward_mean=0.016              │
│replay/reward_positive_rate=0.016      │replay/transition_count=72.000         │rlt/actor_updates_run=0.0000          │
│rlt/critic_updates_run=0.0000          │rlt/desired_total_updates=0.0000       │rlt/global_min_replay_size=5067.0     │
│rlt/global_total_transitions_added=1.0…│rlt/global_transitions_since_train=1.0…│rlt/max_updates_per_train_step=1600.0 │
│rlt/min_replay_buffer_size=10000.0     │rlt/pending_update_budget=0.0000       │rlt/ready_for_online=0.0000           │
│rlt/should_train=0.0000                │rlt/skip_reason=1.000                  │rlt/train_every_episodes=0.0000       │
│rlt/train_every_transitions=1.000      │rlt/update_epoch=5.000                 │rlt/update_step=0.0000                │
│rlt/updates_scheduled=0.0000           │rlt/updates_to_run=0.0000              │rlt/warmup_required_updates=3.00e+04  │
│                                                                                                                      │
╰──────────────────────────────────────────────────────────────────────────────────────────────────────────────────────╯


╭──────────────────────────────────────────────────────────────────────────────────────────────────────────────────────╮
├──────────────────────────────────────────────────── Metric Table ────────────────────────────────────────────────────┤
│ Global Step:   69/250 │ Progress: ███████████░░░░░░░░░░░░░░░░░░░░░░░░░░░░░ │  27.6%                                  │
│ Elapsed: 02:28:00 │ ETA: 06:28:15 │ Step Time: 128.704s                                                              │
├──────────────────────────────────────────────────────── Time ────────────────────────────────────────────────────────┤
│                                                                                                                      │
│actor/actor/compute_adv=2.57e-05       │actor/actor/recv_traj=125.6            │actor/actor/sync_model_to_rollout=0.0…│
│cal_adv_and_returns=0.0030             │env/compute_bootstrap_rewards=0.0017   │env/env/bootstrap_step=30.611         │
│env/env/send_rollout_trajectories=0.446│env/env_interact_step=87.728           │env/interact=125.6                    │
│env/run_interact_once=125.1            │generate_rollouts=125.7                │rollout/generate_one_epoch=124.6      │
│rollout/rollout/generate=124.6         │step=126.1                             │sync_weights=0.366                    │
│                                                                                                                      │
├──────────────────────────────────────────────────── Environment ─────────────────────────────────────────────────────┤
│                                                                                                                      │
│episode_len=200.0                      │num_trajectories=8                     │return=0.0                            │
│reward=0.0                             │success_once=0.0                       │                                      │
│                                                                                                                      │
├─────────────────────────────────────────────────── Replay Buffer ────────────────────────────────────────────────────┤
│                                                                                                                      │
│cache_size=5156.5                      │num_trajectories=5156.5                │total_samples=5156.5                  │
│                                                                                                                      │
├─────────────────────────────────────────────────── Training/Other ───────────────────────────────────────────────────┤
│                                                                                                                      │
│replay/actor_switch_rate=0.0000        │replay/done_rate=0.050                 │replay/intervention_rate=0.0000       │
│replay/intervention_requested_rate=0.0…│replay/record_transition_rate=1.000    │replay/reward_mean=0.0000             │
│replay/reward_positive_rate=0.0000     │replay/transition_count=80.000         │rlt/actor_updates_run=0.0000          │
│rlt/critic_updates_run=0.0000          │rlt/desired_total_updates=0.0000       │rlt/global_min_replay_size=5147.0     │
│rlt/global_total_transitions_added=1.0…│rlt/global_transitions_since_train=1.0…│rlt/max_updates_per_train_step=1600.0 │
│rlt/min_replay_buffer_size=10000.0     │rlt/pending_update_budget=0.0000       │rlt/ready_for_online=0.0000           │
│rlt/should_train=0.0000                │rlt/skip_reason=1.000                  │rlt/train_every_episodes=0.0000       │
│rlt/train_every_transitions=1.000      │rlt/update_epoch=5.000                 │rlt/update_step=0.0000                │
│rlt/updates_scheduled=0.0000           │rlt/updates_to_run=0.0000              │rlt/warmup_required_updates=3.00e+04  │
│                                                                                                                      │
╰──────────────────────────────────────────────────────────────────────────────────────────────────────────────────────╯


╭──────────────────────────────────────────────────────────────────────────────────────────────────────────────────────╮
├──────────────────────────────────────────────────── Metric Table ────────────────────────────────────────────────────┤
│ Global Step:   70/250 │ Progress: ███████████░░░░░░░░░░░░░░░░░░░░░░░░░░░░░ │  28.0%                                  │
│ Elapsed: 02:30:02 │ ETA: 06:25:48 │ Step Time: 128.605s                                                              │
├──────────────────────────────────────────────────────── Time ────────────────────────────────────────────────────────┤
│                                                                                                                      │
│actor/actor/compute_adv=1.34e-05       │actor/actor/recv_traj=121.2            │actor/actor/sync_model_to_rollout=0.0…│
│cal_adv_and_returns=0.0033             │env/compute_bootstrap_rewards=0.0017   │env/env/bootstrap_step=31.112         │
│env/env/send_rollout_trajectories=0.438│env/env_interact_step=84.105           │env/interact=121.2                    │
│env/run_interact_once=120.8            │generate_rollouts=121.3                │rollout/generate_one_epoch=120.3      │
│rollout/rollout/generate=120.3         │step=121.7                             │sync_weights=0.458                    │
│                                                                                                                      │
├──────────────────────────────────────────────────── Environment ─────────────────────────────────────────────────────┤
│                                                                                                                      │
│episode_len=200.0                      │num_trajectories=8                     │return=0.0                            │
│reward=0.0                             │success_once=0.0                       │                                      │
│                                                                                                                      │
├─────────────────────────────────────────────────── Replay Buffer ────────────────────────────────────────────────────┤
│                                                                                                                      │
│cache_size=5236.5                      │num_trajectories=5236.5                │total_samples=5236.5                  │
│                                                                                                                      │
├─────────────────────────────────────────────────── Training/Other ───────────────────────────────────────────────────┤
│                                                                                                                      │
│replay/actor_switch_rate=0.0000        │replay/done_rate=0.050                 │replay/intervention_rate=0.0000       │
│replay/intervention_requested_rate=0.0…│replay/record_transition_rate=1.000    │replay/reward_mean=0.0000             │
│replay/reward_positive_rate=0.0000     │replay/transition_count=80.000         │rlt/actor_updates_run=0.0000          │
│rlt/critic_updates_run=0.0000          │rlt/desired_total_updates=0.0000       │rlt/global_min_replay_size=5227.0     │
│rlt/global_total_transitions_added=1.0…│rlt/global_transitions_since_train=1.0…│rlt/max_updates_per_train_step=1600.0 │
│rlt/min_replay_buffer_size=10000.0     │rlt/pending_update_budget=0.0000       │rlt/ready_for_online=0.0000           │
│rlt/should_train=0.0000                │rlt/skip_reason=1.000                  │rlt/train_every_episodes=0.0000       │
│rlt/train_every_transitions=1.000      │rlt/update_epoch=5.000                 │rlt/update_step=0.0000                │
│rlt/updates_scheduled=0.0000           │rlt/updates_to_run=0.0000              │rlt/warmup_required_updates=3.00e+04  │
│                                                                                                                      │
╰──────────────────────────────────────────────────────────────────────────────────────────────────────────────────────╯


╭──────────────────────────────────────────────────────────────────────────────────────────────────────────────────────╮
├──────────────────────────────────────────────────── Metric Table ────────────────────────────────────────────────────┤
│ Global Step:   71/250 │ Progress: ███████████░░░░░░░░░░░░░░░░░░░░░░░░░░░░░ │  28.4%                                  │
│ Elapsed: 02:32:06 │ ETA: 06:23:29 │ Step Time: 128.544s                                                              │
├──────────────────────────────────────────────────────── Time ────────────────────────────────────────────────────────┤
│                                                                                                                      │
│actor/actor/compute_adv=1.14e-05       │actor/actor/recv_traj=123.7            │actor/actor/sync_model_to_rollout=0.0…│
│cal_adv_and_returns=0.0027             │env/compute_bootstrap_rewards=0.0017   │env/env/bootstrap_step=31.002         │
│env/env/send_rollout_trajectories=0.441│env/env_interact_step=85.136           │env/interact=123.7                    │
│env/run_interact_once=123.2            │generate_rollouts=123.8                │rollout/generate_one_epoch=122.7      │
│rollout/rollout/generate=122.7         │step=124.3                             │sync_weights=0.459                    │
│                                                                                                                      │
├──────────────────────────────────────────────────── Environment ─────────────────────────────────────────────────────┤
│                                                                                                                      │
│episode_len=200.0                      │num_trajectories=8                     │return=1.0                            │
│reward=0.005                           │success_once=0.125                     │                                      │
│                                                                                                                      │
├─────────────────────────────────────────────────── Replay Buffer ────────────────────────────────────────────────────┤
│                                                                                                                      │
│cache_size=5313.0                      │num_trajectories=5313.0                │total_samples=5313.0                  │
│                                                                                                                      │
├─────────────────────────────────────────────────── Training/Other ───────────────────────────────────────────────────┤
│                                                                                                                      │
│replay/actor_switch_rate=0.0000        │replay/done_rate=0.052                 │replay/intervention_rate=0.0000       │
│replay/intervention_requested_rate=0.0…│replay/record_transition_rate=1.000    │replay/reward_mean=0.0068             │
│replay/reward_positive_rate=0.0068     │replay/transition_count=76.500         │rlt/actor_updates_run=0.0000          │
│rlt/critic_updates_run=0.0000          │rlt/desired_total_updates=0.0000       │rlt/global_min_replay_size=5300.0     │
│rlt/global_total_transitions_added=1.0…│rlt/global_transitions_since_train=1.0…│rlt/max_updates_per_train_step=1600.0 │
│rlt/min_replay_buffer_size=10000.0     │rlt/pending_update_budget=0.0000       │rlt/ready_for_online=0.0000           │
│rlt/should_train=0.0000                │rlt/skip_reason=1.000                  │rlt/train_every_episodes=0.0000       │
│rlt/train_every_transitions=1.000      │rlt/update_epoch=5.000                 │rlt/update_step=0.0000                │
│rlt/updates_scheduled=0.0000           │rlt/updates_to_run=0.0000              │rlt/warmup_required_updates=3.00e+04  │
│                                                                                                                      │
╰──────────────────────────────────────────────────────────────────────────────────────────────────────────────────────╯


╭──────────────────────────────────────────────────────────────────────────────────────────────────────────────────────╮
├──────────────────────────────────────────────────── Metric Table ────────────────────────────────────────────────────┤
│ Global Step:   72/250 │ Progress: ███████████░░░░░░░░░░░░░░░░░░░░░░░░░░░░░ │  28.8%                                  │
│ Elapsed: 02:34:09 │ ETA: 06:21:06 │ Step Time: 128.466s                                                              │
├──────────────────────────────────────────────────────── Time ────────────────────────────────────────────────────────┤
│                                                                                                                      │
│actor/actor/compute_adv=3.77e-05       │actor/actor/recv_traj=122.3            │actor/actor/sync_model_to_rollout=0.0…│
│cal_adv_and_returns=0.0032             │env/compute_bootstrap_rewards=0.0015   │env/env/bootstrap_step=30.362         │
│env/env/send_rollout_trajectories=0.438│env/env_interact_step=84.914           │env/interact=122.3                    │
│env/run_interact_once=121.8            │generate_rollouts=122.4                │rollout/generate_one_epoch=121.4      │
│rollout/rollout/generate=121.4         │step=122.9                             │sync_weights=0.462                    │
│                                                                                                                      │
├──────────────────────────────────────────────────── Environment ─────────────────────────────────────────────────────┤
│                                                                                                                      │
│episode_len=200.0                      │num_trajectories=8                     │return=1.0                            │
│reward=0.005                           │success_once=0.125                     │                                      │
│                                                                                                                      │
├─────────────────────────────────────────────────── Replay Buffer ────────────────────────────────────────────────────┤
│                                                                                                                      │
│cache_size=5389.5                      │num_trajectories=5389.5                │total_samples=5389.5                  │
│                                                                                                                      │
├─────────────────────────────────────────────────── Training/Other ───────────────────────────────────────────────────┤
│                                                                                                                      │
│replay/actor_switch_rate=0.0000        │replay/done_rate=0.052                 │replay/intervention_rate=0.0000       │
│replay/intervention_requested_rate=0.0…│replay/record_transition_rate=1.000    │replay/reward_mean=0.0068             │
│replay/reward_positive_rate=0.0068     │replay/transition_count=76.500         │rlt/actor_updates_run=0.0000          │
│rlt/critic_updates_run=0.0000          │rlt/desired_total_updates=0.0000       │rlt/global_min_replay_size=5373.0     │
│rlt/global_total_transitions_added=1.0…│rlt/global_transitions_since_train=1.0…│rlt/max_updates_per_train_step=1600.0 │
│rlt/min_replay_buffer_size=10000.0     │rlt/pending_update_budget=0.0000       │rlt/ready_for_online=0.0000           │
│rlt/should_train=0.0000                │rlt/skip_reason=1.000                  │rlt/train_every_episodes=0.0000       │
│rlt/train_every_transitions=1.000      │rlt/update_epoch=5.000                 │rlt/update_step=0.0000                │
│rlt/updates_scheduled=0.0000           │rlt/updates_to_run=0.0000              │rlt/warmup_required_updates=3.00e+04  │
│                                                                                                                      │
╰──────────────────────────────────────────────────────────────────────────────────────────────────────────────────────╯


╭──────────────────────────────────────────────────────────────────────────────────────────────────────────────────────╮
├──────────────────────────────────────────────────── Metric Table ────────────────────────────────────────────────────┤
│ Global Step:   73/250 │ Progress: ███████████░░░░░░░░░░░░░░░░░░░░░░░░░░░░░ │  29.2%                                  │
│ Elapsed: 02:36:12 │ ETA: 06:18:44 │ Step Time: 128.390s                                                              │
├──────────────────────────────────────────────────────── Time ────────────────────────────────────────────────────────┤
│                                                                                                                      │
│actor/actor/compute_adv=1.15e-05       │actor/actor/recv_traj=122.3            │actor/actor/sync_model_to_rollout=0.0…│
│cal_adv_and_returns=0.0029             │env/compute_bootstrap_rewards=0.0017   │env/env/bootstrap_step=30.575         │
│env/env/send_rollout_trajectories=0.448│env/env_interact_step=84.581           │env/interact=122.3                    │
│env/run_interact_once=121.8            │generate_rollouts=122.4                │rollout/generate_one_epoch=121.3      │
│rollout/rollout/generate=121.3         │step=122.9                             │sync_weights=0.494                    │
│                                                                                                                      │
├──────────────────────────────────────────────────── Environment ─────────────────────────────────────────────────────┤
│                                                                                                                      │
│episode_len=200.0                      │num_trajectories=8                     │return=1.125                          │
│reward=0.005625                        │success_once=0.125                     │                                      │
│                                                                                                                      │
├─────────────────────────────────────────────────── Replay Buffer ────────────────────────────────────────────────────┤
│                                                                                                                      │
│cache_size=5465.5                      │num_trajectories=5465.5                │total_samples=5465.5                  │
│                                                                                                                      │
├─────────────────────────────────────────────────── Training/Other ───────────────────────────────────────────────────┤
│                                                                                                                      │
│replay/actor_switch_rate=0.0000        │replay/done_rate=0.053                 │replay/intervention_rate=0.0000       │
│replay/intervention_requested_rate=0.0…│replay/record_transition_rate=1.000    │replay/reward_mean=0.0069             │
│replay/reward_positive_rate=0.0069     │replay/transition_count=76.000         │rlt/actor_updates_run=0.0000          │
│rlt/critic_updates_run=0.0000          │rlt/desired_total_updates=0.0000       │rlt/global_min_replay_size=5445.0     │
│rlt/global_total_transitions_added=1.0…│rlt/global_transitions_since_train=1.0…│rlt/max_updates_per_train_step=1600.0 │
│rlt/min_replay_buffer_size=10000.0     │rlt/pending_update_budget=0.0000       │rlt/ready_for_online=0.0000           │
│rlt/should_train=0.0000                │rlt/skip_reason=1.000                  │rlt/train_every_episodes=0.0000       │
│rlt/train_every_transitions=1.000      │rlt/update_epoch=5.000                 │rlt/update_step=0.0000                │
│rlt/updates_scheduled=0.0000           │rlt/updates_to_run=0.0000              │rlt/warmup_required_updates=3.00e+04  │
│                                                                                                                      │
╰──────────────────────────────────────────────────────────────────────────────────────────────────────────────────────╯


╭──────────────────────────────────────────────────────────────────────────────────────────────────────────────────────╮
├──────────────────────────────────────────────────── Metric Table ────────────────────────────────────────────────────┤
│ Global Step:   74/250 │ Progress: ███████████░░░░░░░░░░░░░░░░░░░░░░░░░░░░░ │  29.6%                                  │
│ Elapsed: 02:38:09 │ ETA: 06:16:08 │ Step Time: 128.230s                                                              │
├──────────────────────────────────────────────────────── Time ────────────────────────────────────────────────────────┤
│                                                                                                                      │
│actor/actor/compute_adv=3.44e-05       │actor/actor/recv_traj=116.1            │actor/actor/sync_model_to_rollout=0.0…│
│cal_adv_and_returns=0.0025             │env/compute_bootstrap_rewards=0.0017   │env/env/bootstrap_step=30.416         │
│env/env/send_rollout_trajectories=0.440│env/env_interact_step=78.271           │env/interact=116.0                    │
│env/run_interact_once=115.6            │generate_rollouts=116.1                │rollout/generate_one_epoch=115.1      │
│rollout/rollout/generate=115.1         │step=116.6                             │sync_weights=0.452                    │
│                                                                                                                      │
├──────────────────────────────────────────────────── Environment ─────────────────────────────────────────────────────┤
│                                                                                                                      │
│episode_len=200.0                      │num_trajectories=8                     │return=3.875                          │
│reward=0.019375                        │success_once=0.375                     │                                      │
│                                                                                                                      │
├─────────────────────────────────────────────────── Replay Buffer ────────────────────────────────────────────────────┤
│                                                                                                                      │
│cache_size=5531.5                      │num_trajectories=5531.5                │total_samples=5531.5                  │
│                                                                                                                      │
├─────────────────────────────────────────────────── Training/Other ───────────────────────────────────────────────────┤
│                                                                                                                      │
│replay/actor_switch_rate=0.0000        │replay/done_rate=0.061                 │replay/intervention_rate=0.0000       │
│replay/intervention_requested_rate=0.0…│replay/record_transition_rate=1.000    │replay/reward_mean=0.023              │
│replay/reward_positive_rate=0.023      │replay/transition_count=66.000         │rlt/actor_updates_run=0.0000          │
│rlt/critic_updates_run=0.0000          │rlt/desired_total_updates=0.0000       │rlt/global_min_replay_size=5515.0     │
│rlt/global_total_transitions_added=1.1…│rlt/global_transitions_since_train=1.1…│rlt/max_updates_per_train_step=1600.0 │
│rlt/min_replay_buffer_size=10000.0     │rlt/pending_update_budget=0.0000       │rlt/ready_for_online=0.0000           │
│rlt/should_train=0.0000                │rlt/skip_reason=1.000                  │rlt/train_every_episodes=0.0000       │
│rlt/train_every_transitions=1.000      │rlt/update_epoch=5.000                 │rlt/update_step=0.0000                │
│rlt/updates_scheduled=0.0000           │rlt/updates_to_run=0.0000              │rlt/warmup_required_updates=3.00e+04  │
│                                                                                                                      │
╰──────────────────────────────────────────────────────────────────────────────────────────────────────────────────────╯


╭──────────────────────────────────────────────────────────────────────────────────────────────────────────────────────╮
├──────────────────────────────────────────────────── Metric Table ────────────────────────────────────────────────────┤
│ Global Step:   75/250 │ Progress: ████████████░░░░░░░░░░░░░░░░░░░░░░░░░░░░ │  30.0%                                  │
│ Elapsed: 02:44:59 │ ETA: 06:24:59 │ Step Time: 131.997s                                                              │
├──────────────────────────────────────────────────────── Time ────────────────────────────────────────────────────────┤
│                                                                                                                      │
│actor/actor/compute_adv=1.29e-05       │actor/actor/recv_traj=122.0            │actor/actor/sync_model_to_rollout=0.0…│
│cal_adv_and_returns=0.0030             │env/compute_bootstrap_rewards=0.0017   │env/env/bootstrap_step=30.026         │
│env/env/send_rollout_trajectories=0.439│env/env_interact_step=84.906           │env/interact=122.0                    │
│env/run_interact_once=121.6            │eval=269.9                             │generate_rollouts=122.1               │
│rollout/generate_one_epoch=121.1       │rollout/rollout/generate=121.1         │step=410.8                            │
│sync_weights=0.469                     │                                       │                                      │
│                                                                                                                      │
├──────────────────────────────────────────────────── Environment ─────────────────────────────────────────────────────┤
│                                                                                                                      │
│episode_len=200.0                      │num_trajectories=8                     │return=0.0                            │
│reward=0.0                             │success_once=0.0                       │                                      │
│                                                                                                                      │
├───────────────────────────────────────────────────── Evaluation ─────────────────────────────────────────────────────┤
│                                                                                                                      │
│episode_len=200.0                      │num_trajectories=20                    │return=0.0                            │
│reward=0.0                             │success_at_end=0.0                     │success_once=0.0                      │
│                                                                                                                      │
├─────────────────────────────────────────────────── Replay Buffer ────────────────────────────────────────────────────┤
│                                                                                                                      │
│cache_size=5611.5                      │num_trajectories=5611.5                │total_samples=5611.5                  │
│                                                                                                                      │
├─────────────────────────────────────────────────── Training/Other ───────────────────────────────────────────────────┤
│                                                                                                                      │
│replay/actor_switch_rate=0.0000        │replay/done_rate=0.050                 │replay/intervention_rate=0.0000       │
│replay/intervention_requested_rate=0.0…│replay/record_transition_rate=1.000    │replay/reward_mean=0.0000             │
│replay/reward_positive_rate=0.0000     │replay/transition_count=80.000         │rlt/actor_updates_run=0.0000          │
│rlt/critic_updates_run=0.0000          │rlt/desired_total_updates=0.0000       │rlt/global_min_replay_size=5595.0     │
│rlt/global_total_transitions_added=1.1…│rlt/global_transitions_since_train=1.1…│rlt/max_updates_per_train_step=1600.0 │
│rlt/min_replay_buffer_size=10000.0     │rlt/pending_update_budget=0.0000       │rlt/ready_for_online=0.0000           │
│rlt/should_train=0.0000                │rlt/skip_reason=1.000                  │rlt/train_every_episodes=0.0000       │
│rlt/train_every_transitions=1.000      │rlt/update_epoch=5.000                 │rlt/update_step=0.0000                │
│rlt/updates_scheduled=0.0000           │rlt/updates_to_run=0.0000              │rlt/warmup_required_updates=3.00e+04  │
│                                                                                                                      │
╰──────────────────────────────────────────────────────────────────────────────────────────────────────────────────────╯


╭──────────────────────────────────────────────────────────────────────────────────────────────────────────────────────╮
├──────────────────────────────────────────────────── Metric Table ────────────────────────────────────────────────────┤
│ Global Step:   76/250 │ Progress: ████████████░░░░░░░░░░░░░░░░░░░░░░░░░░░░ │  30.4%                                  │
│ Elapsed: 02:47:09 │ ETA: 06:22:42 │ Step Time: 131.968s                                                              │
├──────────────────────────────────────────────────────── Time ────────────────────────────────────────────────────────┤
│                                                                                                                      │
│actor/actor/compute_adv=1.83e-05       │actor/actor/recv_traj=129.2            │actor/actor/sync_model_to_rollout=0.0…│
│cal_adv_and_returns=0.0028             │env/compute_bootstrap_rewards=0.0016   │env/env/bootstrap_step=31.668         │
│env/env/send_rollout_trajectories=0.465│env/env_interact_step=90.474           │env/interact=129.1                    │
│env/run_interact_once=128.7            │generate_rollouts=129.3                │rollout/generate_one_epoch=128.2      │
│rollout/rollout/generate=128.2         │step=129.8                             │sync_weights=0.465                    │
│                                                                                                                      │
├──────────────────────────────────────────────────── Environment ─────────────────────────────────────────────────────┤
│                                                                                                                      │
│episode_len=200.0                      │num_trajectories=8                     │return=1.125                          │
│reward=0.005625                        │success_once=0.125                     │                                      │
│                                                                                                                      │
├─────────────────────────────────────────────────── Replay Buffer ────────────────────────────────────────────────────┤
│                                                                                                                      │
│cache_size=5687.5                      │num_trajectories=5687.5                │total_samples=5687.5                  │
│                                                                                                                      │
├─────────────────────────────────────────────────── Training/Other ───────────────────────────────────────────────────┤
│                                                                                                                      │
│replay/actor_switch_rate=0.0000        │replay/done_rate=0.053                 │replay/intervention_rate=0.0000       │
│replay/intervention_requested_rate=0.0…│replay/record_transition_rate=1.000    │replay/reward_mean=0.0069             │
│replay/reward_positive_rate=0.0069     │replay/transition_count=76.000         │rlt/actor_updates_run=0.0000          │
│rlt/critic_updates_run=0.0000          │rlt/desired_total_updates=0.0000       │rlt/global_min_replay_size=5667.0     │
│rlt/global_total_transitions_added=1.1…│rlt/global_transitions_since_train=1.1…│rlt/max_updates_per_train_step=1600.0 │
│rlt/min_replay_buffer_size=10000.0     │rlt/pending_update_budget=0.0000       │rlt/ready_for_online=0.0000           │
│rlt/should_train=0.0000                │rlt/skip_reason=1.000                  │rlt/train_every_episodes=0.0000       │
│rlt/train_every_transitions=1.000      │rlt/update_epoch=5.000                 │rlt/update_step=0.0000                │
│rlt/updates_scheduled=0.0000           │rlt/updates_to_run=0.0000              │rlt/warmup_required_updates=3.00e+04  │
│                                                                                                                      │
╰──────────────────────────────────────────────────────────────────────────────────────────────────────────────────────╯


╭──────────────────────────────────────────────────────────────────────────────────────────────────────────────────────╮
├──────────────────────────────────────────────────── Metric Table ────────────────────────────────────────────────────┤
│ Global Step:   77/250 │ Progress: ████████████░░░░░░░░░░░░░░░░░░░░░░░░░░░░ │  30.8%                                  │
│ Elapsed: 02:49:11 │ ETA: 06:20:07 │ Step Time: 131.837s                                                              │
├──────────────────────────────────────────────────────── Time ────────────────────────────────────────────────────────┤
│                                                                                                                      │
│actor/actor/compute_adv=1.62e-05       │actor/actor/recv_traj=121.3            │actor/actor/sync_model_to_rollout=0.0…│
│cal_adv_and_returns=0.0034             │env/compute_bootstrap_rewards=0.0016   │env/env/bootstrap_step=30.266         │
│env/env/send_rollout_trajectories=0.442│env/env_interact_step=84.967           │env/interact=121.3                    │
│env/run_interact_once=120.9            │generate_rollouts=121.4                │rollout/generate_one_epoch=120.4      │
│rollout/rollout/generate=120.4         │step=121.8                             │sync_weights=0.435                    │
│                                                                                                                      │
├──────────────────────────────────────────────────── Environment ─────────────────────────────────────────────────────┤
│                                                                                                                      │
│episode_len=200.0                      │num_trajectories=8                     │return=0.0                            │
│reward=0.0                             │success_once=0.0                       │                                      │
│                                                                                                                      │
├─────────────────────────────────────────────────── Replay Buffer ────────────────────────────────────────────────────┤
│                                                                                                                      │
│cache_size=5767.5                      │num_trajectories=5767.5                │total_samples=5767.5                  │
│                                                                                                                      │
├─────────────────────────────────────────────────── Training/Other ───────────────────────────────────────────────────┤
│                                                                                                                      │
│replay/actor_switch_rate=0.0000        │replay/done_rate=0.050                 │replay/intervention_rate=0.0000       │
│replay/intervention_requested_rate=0.0…│replay/record_transition_rate=1.000    │replay/reward_mean=0.0000             │
│replay/reward_positive_rate=0.0000     │replay/transition_count=80.000         │rlt/actor_updates_run=0.0000          │
│rlt/critic_updates_run=0.0000          │rlt/desired_total_updates=0.0000       │rlt/global_min_replay_size=5747.0     │
│rlt/global_total_transitions_added=1.1…│rlt/global_transitions_since_train=1.1…│rlt/max_updates_per_train_step=1600.0 │
│rlt/min_replay_buffer_size=10000.0     │rlt/pending_update_budget=0.0000       │rlt/ready_for_online=0.0000           │
│rlt/should_train=0.0000                │rlt/skip_reason=1.000                  │rlt/train_every_episodes=0.0000       │
│rlt/train_every_transitions=1.000      │rlt/update_epoch=5.000                 │rlt/update_step=0.0000                │
│rlt/updates_scheduled=0.0000           │rlt/updates_to_run=0.0000              │rlt/warmup_required_updates=3.00e+04  │
│                                                                                                                      │
╰──────────────────────────────────────────────────────────────────────────────────────────────────────────────────────╯


╭──────────────────────────────────────────────────────────────────────────────────────────────────────────────────────╮
├──────────────────────────────────────────────────── Metric Table ────────────────────────────────────────────────────┤
│ Global Step:   78/250 │ Progress: ████████████░░░░░░░░░░░░░░░░░░░░░░░░░░░░ │  31.2%                                  │
│ Elapsed: 02:51:13 │ ETA: 06:17:34 │ Step Time: 131.713s                                                              │
├──────────────────────────────────────────────────────── Time ────────────────────────────────────────────────────────┤
│                                                                                                                      │
│actor/actor/compute_adv=3.35e-05       │actor/actor/recv_traj=121.6            │actor/actor/sync_model_to_rollout=0.0…│
│cal_adv_and_returns=0.0035             │env/compute_bootstrap_rewards=0.0016   │env/env/bootstrap_step=30.439         │
│env/env/send_rollout_trajectories=0.446│env/env_interact_step=84.150           │env/interact=121.6                    │
│env/run_interact_once=121.2            │generate_rollouts=121.7                │rollout/generate_one_epoch=120.7      │
│rollout/rollout/generate=120.7         │step=122.2                             │sync_weights=0.458                    │
│                                                                                                                      │
├──────────────────────────────────────────────────── Environment ─────────────────────────────────────────────────────┤
│                                                                                                                      │
│episode_len=200.0                      │num_trajectories=8                     │return=1.125                          │
│reward=0.005625                        │success_once=0.125                     │                                      │
│                                                                                                                      │
├─────────────────────────────────────────────────── Replay Buffer ────────────────────────────────────────────────────┤
│                                                                                                                      │
│cache_size=5843.5                      │num_trajectories=5843.5                │total_samples=5843.5                  │
│                                                                                                                      │
├─────────────────────────────────────────────────── Training/Other ───────────────────────────────────────────────────┤
│                                                                                                                      │
│replay/actor_switch_rate=0.0000        │replay/done_rate=0.053                 │replay/intervention_rate=0.0000       │
│replay/intervention_requested_rate=0.0…│replay/record_transition_rate=1.000    │replay/reward_mean=0.0069             │
│replay/reward_positive_rate=0.0069     │replay/transition_count=76.000         │rlt/actor_updates_run=0.0000          │
│rlt/critic_updates_run=0.0000          │rlt/desired_total_updates=0.0000       │rlt/global_min_replay_size=5819.0     │
│rlt/global_total_transitions_added=1.1…│rlt/global_transitions_since_train=1.1…│rlt/max_updates_per_train_step=1600.0 │
│rlt/min_replay_buffer_size=10000.0     │rlt/pending_update_budget=0.0000       │rlt/ready_for_online=0.0000           │
│rlt/should_train=0.0000                │rlt/skip_reason=1.000                  │rlt/train_every_episodes=0.0000       │
│rlt/train_every_transitions=1.000      │rlt/update_epoch=5.000                 │rlt/update_step=0.0000                │
│rlt/updates_scheduled=0.0000           │rlt/updates_to_run=0.0000              │rlt/warmup_required_updates=3.00e+04  │
│                                                                                                                      │
╰──────────────────────────────────────────────────────────────────────────────────────────────────────────────────────╯


╭──────────────────────────────────────────────────────────────────────────────────────────────────────────────────────╮
├──────────────────────────────────────────────────── Metric Table ────────────────────────────────────────────────────┤
│ Global Step:   79/250 │ Progress: ████████████░░░░░░░░░░░░░░░░░░░░░░░░░░░░ │  31.6%                                  │
│ Elapsed: 02:53:18 │ ETA: 06:15:08 │ Step Time: 131.628s                                                              │
├──────────────────────────────────────────────────────── Time ────────────────────────────────────────────────────────┤
│                                                                                                                      │
│actor/actor/compute_adv=1.24e-05       │actor/actor/recv_traj=124.4            │actor/actor/sync_model_to_rollout=0.0…│
│cal_adv_and_returns=0.0030             │env/compute_bootstrap_rewards=0.0016   │env/env/bootstrap_step=30.156         │
│env/env/send_rollout_trajectories=0.445│env/env_interact_step=87.642           │env/interact=124.4                    │
│env/run_interact_once=123.9            │generate_rollouts=124.5                │rollout/generate_one_epoch=123.4      │
│rollout/rollout/generate=123.4         │step=125.0                             │sync_weights=0.466                    │
│                                                                                                                      │
├──────────────────────────────────────────────────── Environment ─────────────────────────────────────────────────────┤
│                                                                                                                      │
│episode_len=200.0                      │num_trajectories=8                     │return=0.0                            │
│reward=0.0                             │success_once=0.0                       │                                      │
│                                                                                                                      │
├─────────────────────────────────────────────────── Replay Buffer ────────────────────────────────────────────────────┤
│                                                                                                                      │
│cache_size=5923.5                      │num_trajectories=5923.5                │total_samples=5923.5                  │
│                                                                                                                      │
├─────────────────────────────────────────────────── Training/Other ───────────────────────────────────────────────────┤
│                                                                                                                      │
│replay/actor_switch_rate=0.0000        │replay/done_rate=0.050                 │replay/intervention_rate=0.0000       │
│replay/intervention_requested_rate=0.0…│replay/record_transition_rate=1.000    │replay/reward_mean=0.0000             │
│replay/reward_positive_rate=0.0000     │replay/transition_count=80.000         │rlt/actor_updates_run=0.0000          │
│rlt/critic_updates_run=0.0000          │rlt/desired_total_updates=0.0000       │rlt/global_min_replay_size=5899.0     │
│rlt/global_total_transitions_added=1.1…│rlt/global_transitions_since_train=1.1…│rlt/max_updates_per_train_step=1600.0 │
│rlt/min_replay_buffer_size=10000.0     │rlt/pending_update_budget=0.0000       │rlt/ready_for_online=0.0000           │
│rlt/should_train=0.0000                │rlt/skip_reason=1.000                  │rlt/train_every_episodes=0.0000       │
│rlt/train_every_transitions=1.000      │rlt/update_epoch=5.000                 │rlt/update_step=0.0000                │
│rlt/updates_scheduled=0.0000           │rlt/updates_to_run=0.0000              │rlt/warmup_required_updates=3.00e+04  │
│                                                                                                                      │
╰──────────────────────────────────────────────────────────────────────────────────────────────────────────────────────╯


╭──────────────────────────────────────────────────────────────────────────────────────────────────────────────────────╮
├──────────────────────────────────────────────────── Metric Table ────────────────────────────────────────────────────┤
│ Global Step:   80/250 │ Progress: ████████████░░░░░░░░░░░░░░░░░░░░░░░░░░░░ │  32.0%                                  │
│ Elapsed: 02:55:25 │ ETA: 06:12:45 │ Step Time: 131.563s                                                              │
├──────────────────────────────────────────────────────── Time ────────────────────────────────────────────────────────┤
│                                                                                                                      │
│actor/actor/compute_adv=3.44e-05       │actor/actor/recv_traj=125.8            │actor/actor/sync_model_to_rollout=0.0…│
│cal_adv_and_returns=0.0038             │env/compute_bootstrap_rewards=0.0017   │env/env/bootstrap_step=30.358         │
│env/env/send_rollout_trajectories=0.445│env/env_interact_step=88.645           │env/interact=125.8                    │
│env/run_interact_once=125.4            │generate_rollouts=125.9                │rollout/generate_one_epoch=124.9      │
│rollout/rollout/generate=124.9         │step=126.4                             │sync_weights=0.461                    │
│                                                                                                                      │
├──────────────────────────────────────────────────── Environment ─────────────────────────────────────────────────────┤
│                                                                                                                      │
│episode_len=200.0                      │num_trajectories=8                     │return=0.0                            │
│reward=0.0                             │success_once=0.0                       │                                      │
│                                                                                                                      │
├─────────────────────────────────────────────────── Replay Buffer ────────────────────────────────────────────────────┤
│                                                                                                                      │
│cache_size=6003.5                      │num_trajectories=6003.5                │total_samples=6003.5                  │
│                                                                                                                      │
├─────────────────────────────────────────────────── Training/Other ───────────────────────────────────────────────────┤
│                                                                                                                      │
│replay/actor_switch_rate=0.0000        │replay/done_rate=0.050                 │replay/intervention_rate=0.0000       │
│replay/intervention_requested_rate=0.0…│replay/record_transition_rate=1.000    │replay/reward_mean=0.0000             │
│replay/reward_positive_rate=0.0000     │replay/transition_count=80.000         │rlt/actor_updates_run=0.0000          │
│rlt/critic_updates_run=0.0000          │rlt/desired_total_updates=0.0000       │rlt/global_min_replay_size=5979.0     │
│rlt/global_total_transitions_added=1.2…│rlt/global_transitions_since_train=1.2…│rlt/max_updates_per_train_step=1600.0 │
│rlt/min_replay_buffer_size=10000.0     │rlt/pending_update_budget=0.0000       │rlt/ready_for_online=0.0000           │
│rlt/should_train=0.0000                │rlt/skip_reason=1.000                  │rlt/train_every_episodes=0.0000       │
│rlt/train_every_transitions=1.000      │rlt/update_epoch=5.000                 │rlt/update_step=0.0000                │
│rlt/updates_scheduled=0.0000           │rlt/updates_to_run=0.0000              │rlt/warmup_required_updates=3.00e+04  │
│                                                                                                                      │
╰──────────────────────────────────────────────────────────────────────────────────────────────────────────────────────╯


╭──────────────────────────────────────────────────────────────────────────────────────────────────────────────────────╮
├──────────────────────────────────────────────────── Metric Table ────────────────────────────────────────────────────┤
│ Global Step:   81/250 │ Progress: ████████████░░░░░░░░░░░░░░░░░░░░░░░░░░░░ │  32.4%                                  │
│ Elapsed: 02:57:22 │ ETA: 06:10:04 │ Step Time: 131.385s                                                              │
├──────────────────────────────────────────────────────── Time ────────────────────────────────────────────────────────┤
│                                                                                                                      │
│actor/actor/compute_adv=3.42e-05       │actor/actor/recv_traj=116.5            │actor/actor/sync_model_to_rollout=0.0…│
│cal_adv_and_returns=0.0033             │env/compute_bootstrap_rewards=0.0018   │env/env/bootstrap_step=30.458         │
│env/env/send_rollout_trajectories=0.443│env/env_interact_step=78.921           │env/interact=116.5                    │
│env/run_interact_once=116.1            │generate_rollouts=116.6                │rollout/generate_one_epoch=115.6      │
│rollout/rollout/generate=115.6         │step=117.1                             │sync_weights=0.487                    │
│                                                                                                                      │
├──────────────────────────────────────────────────── Environment ─────────────────────────────────────────────────────┤
│                                                                                                                      │
│episode_len=200.0                      │num_trajectories=8                     │return=2.5                            │
│reward=0.0125                          │success_once=0.25                      │                                      │
│                                                                                                                      │
├─────────────────────────────────────────────────── Replay Buffer ────────────────────────────────────────────────────┤
│                                                                                                                      │
│cache_size=6074.5                      │num_trajectories=6074.5                │total_samples=6074.5                  │
│                                                                                                                      │
├─────────────────────────────────────────────────── Training/Other ───────────────────────────────────────────────────┤
│                                                                                                                      │
│replay/actor_switch_rate=0.0000        │replay/done_rate=0.056                 │replay/intervention_rate=0.0000       │
│replay/intervention_requested_rate=0.0…│replay/record_transition_rate=1.000    │replay/reward_mean=0.014              │
│replay/reward_positive_rate=0.014      │replay/transition_count=71.000         │rlt/actor_updates_run=0.0000          │
│rlt/critic_updates_run=0.0000          │rlt/desired_total_updates=0.0000       │rlt/global_min_replay_size=6049.0     │
│rlt/global_total_transitions_added=1.2…│rlt/global_transitions_since_train=1.2…│rlt/max_updates_per_train_step=1600.0 │
│rlt/min_replay_buffer_size=10000.0     │rlt/pending_update_budget=0.0000       │rlt/ready_for_online=0.0000           │
│rlt/should_train=0.0000                │rlt/skip_reason=1.000                  │rlt/train_every_episodes=0.0000       │
│rlt/train_every_transitions=1.000      │rlt/update_epoch=5.000                 │rlt/update_step=0.0000                │
│rlt/updates_scheduled=0.0000           │rlt/updates_to_run=0.0000              │rlt/warmup_required_updates=3.00e+04  │
│                                                                                                                      │
╰──────────────────────────────────────────────────────────────────────────────────────────────────────────────────────╯


╭──────────────────────────────────────────────────────────────────────────────────────────────────────────────────────╮
├──────────────────────────────────────────────────── Metric Table ────────────────────────────────────────────────────┤
│ Global Step:   82/250 │ Progress: █████████████░░░░░░░░░░░░░░░░░░░░░░░░░░░ │  32.8%                                  │
│ Elapsed: 02:59:25 │ ETA: 06:07:35 │ Step Time: 131.282s                                                              │
├──────────────────────────────────────────────────────── Time ────────────────────────────────────────────────────────┤
│                                                                                                                      │
│actor/actor/compute_adv=3.42e-05       │actor/actor/recv_traj=122.4            │actor/actor/sync_model_to_rollout=0.0…│
│cal_adv_and_returns=0.0037             │env/compute_bootstrap_rewards=0.0016   │env/env/bootstrap_step=30.643         │
│env/env/send_rollout_trajectories=0.418│env/env_interact_step=84.348           │env/interact=122.3                    │
│env/run_interact_once=121.9            │generate_rollouts=122.5                │rollout/generate_one_epoch=121.6      │
│rollout/rollout/generate=121.6         │step=122.9                             │sync_weights=0.433                    │
│                                                                                                                      │
├──────────────────────────────────────────────────── Environment ─────────────────────────────────────────────────────┤
│                                                                                                                      │
│episode_len=200.0                      │num_trajectories=8                     │return=1.25                           │
│reward=0.00625                         │success_once=0.125                     │                                      │
│                                                                                                                      │
├─────────────────────────────────────────────────── Replay Buffer ────────────────────────────────────────────────────┤
│                                                                                                                      │
│cache_size=6150.0                      │num_trajectories=6150.0                │total_samples=6150.0                  │
│                                                                                                                      │
├─────────────────────────────────────────────────── Training/Other ───────────────────────────────────────────────────┤
│                                                                                                                      │
│replay/actor_switch_rate=0.0000        │replay/done_rate=0.053                 │replay/intervention_rate=0.0000       │
│replay/intervention_requested_rate=0.0…│replay/record_transition_rate=1.000    │replay/reward_mean=0.0070             │
│replay/reward_positive_rate=0.0070     │replay/transition_count=75.500         │rlt/actor_updates_run=0.0000          │
│rlt/critic_updates_run=0.0000          │rlt/desired_total_updates=0.0000       │rlt/global_min_replay_size=6120.0     │
│rlt/global_total_transitions_added=1.2…│rlt/global_transitions_since_train=1.2…│rlt/max_updates_per_train_step=1600.0 │
│rlt/min_replay_buffer_size=10000.0     │rlt/pending_update_budget=0.0000       │rlt/ready_for_online=0.0000           │
│rlt/should_train=0.0000                │rlt/skip_reason=1.000                  │rlt/train_every_episodes=0.0000       │
│rlt/train_every_transitions=1.000      │rlt/update_epoch=5.000                 │rlt/update_step=0.0000                │
│rlt/updates_scheduled=0.0000           │rlt/updates_to_run=0.0000              │rlt/warmup_required_updates=3.00e+04  │
│                                                                                                                      │
╰──────────────────────────────────────────────────────────────────────────────────────────────────────────────────────╯


╭──────────────────────────────────────────────────────────────────────────────────────────────────────────────────────╮
├──────────────────────────────────────────────────── Metric Table ────────────────────────────────────────────────────┤
│ Global Step:   83/250 │ Progress: █████████████░░░░░░░░░░░░░░░░░░░░░░░░░░░ │  33.2%                                  │
│ Elapsed: 03:01:34 │ ETA: 06:05:20 │ Step Time: 131.260s                                                              │
├──────────────────────────────────────────────────────── Time ────────────────────────────────────────────────────────┤
│                                                                                                                      │
│actor/actor/compute_adv=2.63e-05       │actor/actor/recv_traj=128.9            │actor/actor/sync_model_to_rollout=0.0…│
│cal_adv_and_returns=0.0038             │env/compute_bootstrap_rewards=0.0016   │env/env/bootstrap_step=30.890         │
│env/env/send_rollout_trajectories=0.446│env/env_interact_step=91.900           │env/interact=128.9                    │
│env/run_interact_once=128.5            │generate_rollouts=129.0                │rollout/generate_one_epoch=128.0      │
│rollout/rollout/generate=128.0         │step=129.5                             │sync_weights=0.455                    │
│                                                                                                                      │
├──────────────────────────────────────────────────── Environment ─────────────────────────────────────────────────────┤
│                                                                                                                      │
│episode_len=200.0                      │num_trajectories=8                     │return=0.0                            │
│reward=0.0                             │success_once=0.0                       │                                      │
│                                                                                                                      │
├─────────────────────────────────────────────────── Replay Buffer ────────────────────────────────────────────────────┤
│                                                                                                                      │
│cache_size=6230.0                      │num_trajectories=6230.0                │total_samples=6230.0                  │
│                                                                                                                      │
├─────────────────────────────────────────────────── Training/Other ───────────────────────────────────────────────────┤
│                                                                                                                      │
│replay/actor_switch_rate=0.0000        │replay/done_rate=0.050                 │replay/intervention_rate=0.0000       │
│replay/intervention_requested_rate=0.0…│replay/record_transition_rate=1.000    │replay/reward_mean=0.0000             │
│replay/reward_positive_rate=0.0000     │replay/transition_count=80.000         │rlt/actor_updates_run=0.0000          │
│rlt/critic_updates_run=0.0000          │rlt/desired_total_updates=0.0000       │rlt/global_min_replay_size=6200.0     │
│rlt/global_total_transitions_added=1.2…│rlt/global_transitions_since_train=1.2…│rlt/max_updates_per_train_step=1600.0 │
│rlt/min_replay_buffer_size=10000.0     │rlt/pending_update_budget=0.0000       │rlt/ready_for_online=0.0000           │
│rlt/should_train=0.0000                │rlt/skip_reason=1.000                  │rlt/train_every_episodes=0.0000       │
│rlt/train_every_transitions=1.000      │rlt/update_epoch=5.000                 │rlt/update_step=0.0000                │
│rlt/updates_scheduled=0.0000           │rlt/updates_to_run=0.0000              │rlt/warmup_required_updates=3.00e+04  │
│                                                                                                                      │
╰──────────────────────────────────────────────────────────────────────────────────────────────────────────────────────╯


╭──────────────────────────────────────────────────────────────────────────────────────────────────────────────────────╮
├──────────────────────────────────────────────────── Metric Table ────────────────────────────────────────────────────┤
│ Global Step:   84/250 │ Progress: █████████████░░░░░░░░░░░░░░░░░░░░░░░░░░░ │  33.6%                                  │
│ Elapsed: 03:03:37 │ ETA: 06:02:53 │ Step Time: 131.164s                                                              │
├──────────────────────────────────────────────────────── Time ────────────────────────────────────────────────────────┤
│                                                                                                                      │
│actor/actor/compute_adv=2.19e-05       │actor/actor/recv_traj=122.6            │actor/actor/sync_model_to_rollout=0.0…│
│cal_adv_and_returns=0.0033             │env/compute_bootstrap_rewards=0.0016   │env/env/bootstrap_step=31.455         │
│env/env/send_rollout_trajectories=0.439│env/env_interact_step=84.641           │env/interact=122.6                    │
│env/run_interact_once=122.2            │generate_rollouts=122.7                │rollout/generate_one_epoch=121.7      │
│rollout/rollout/generate=121.7         │step=123.2                             │sync_weights=0.473                    │
│                                                                                                                      │
├──────────────────────────────────────────────────── Environment ─────────────────────────────────────────────────────┤
│                                                                                                                      │
│episode_len=200.0                      │num_trajectories=8                     │return=0.0                            │
│reward=0.0                             │success_once=0.0                       │                                      │
│                                                                                                                      │
├─────────────────────────────────────────────────── Replay Buffer ────────────────────────────────────────────────────┤
│                                                                                                                      │
│cache_size=6310.0                      │num_trajectories=6310.0                │total_samples=6310.0                  │
│                                                                                                                      │
├─────────────────────────────────────────────────── Training/Other ───────────────────────────────────────────────────┤
│                                                                                                                      │
│replay/actor_switch_rate=0.0000        │replay/done_rate=0.050                 │replay/intervention_rate=0.0000       │
│replay/intervention_requested_rate=0.0…│replay/record_transition_rate=1.000    │replay/reward_mean=0.0000             │
│replay/reward_positive_rate=0.0000     │replay/transition_count=80.000         │rlt/actor_updates_run=0.0000          │
│rlt/critic_updates_run=0.0000          │rlt/desired_total_updates=0.0000       │rlt/global_min_replay_size=6280.0     │
│rlt/global_total_transitions_added=1.2…│rlt/global_transitions_since_train=1.2…│rlt/max_updates_per_train_step=1600.0 │
│rlt/min_replay_buffer_size=10000.0     │rlt/pending_update_budget=0.0000       │rlt/ready_for_online=0.0000           │
│rlt/should_train=0.0000                │rlt/skip_reason=1.000                  │rlt/train_every_episodes=0.0000       │
│rlt/train_every_transitions=1.000      │rlt/update_epoch=5.000                 │rlt/update_step=0.0000                │
│rlt/updates_scheduled=0.0000           │rlt/updates_to_run=0.0000              │rlt/warmup_required_updates=3.00e+04  │
│                                                                                                                      │
╰──────────────────────────────────────────────────────────────────────────────────────────────────────────────────────╯


╭──────────────────────────────────────────────────────────────────────────────────────────────────────────────────────╮
├──────────────────────────────────────────────────── Metric Table ────────────────────────────────────────────────────┤
│ Global Step:   85/250 │ Progress: █████████████░░░░░░░░░░░░░░░░░░░░░░░░░░░ │  34.0%                                  │
│ Elapsed: 03:05:35 │ ETA: 06:00:16 │ Step Time: 131.008s                                                              │
├──────────────────────────────────────────────────────── Time ────────────────────────────────────────────────────────┤
│                                                                                                                      │
│actor/actor/compute_adv=1.44e-05       │actor/actor/recv_traj=117.3            │actor/actor/sync_model_to_rollout=0.0…│
│cal_adv_and_returns=0.0033             │env/compute_bootstrap_rewards=0.0016   │env/env/bootstrap_step=30.456         │
│env/env/send_rollout_trajectories=0.482│env/env_interact_step=80.188           │env/interact=117.3                    │
│env/run_interact_once=116.9            │generate_rollouts=117.4                │rollout/generate_one_epoch=116.5      │
│rollout/rollout/generate=116.5         │step=117.9                             │sync_weights=0.459                    │
│                                                                                                                      │
├──────────────────────────────────────────────────── Environment ─────────────────────────────────────────────────────┤
│                                                                                                                      │
│episode_len=200.0                      │num_trajectories=8                     │return=1.125                          │
│reward=0.005625                        │success_once=0.125                     │                                      │
│                                                                                                                      │
├─────────────────────────────────────────────────── Replay Buffer ────────────────────────────────────────────────────┤
│                                                                                                                      │
│cache_size=6386.0                      │num_trajectories=6386.0                │total_samples=6386.0                  │
│                                                                                                                      │
├─────────────────────────────────────────────────── Training/Other ───────────────────────────────────────────────────┤
│                                                                                                                      │
│replay/actor_switch_rate=0.0000        │replay/done_rate=0.053                 │replay/intervention_rate=0.0000       │
│replay/intervention_requested_rate=0.0…│replay/record_transition_rate=1.000    │replay/reward_mean=0.0069             │
│replay/reward_positive_rate=0.0069     │replay/transition_count=76.000         │rlt/actor_updates_run=0.0000          │
│rlt/critic_updates_run=0.0000          │rlt/desired_total_updates=0.0000       │rlt/global_min_replay_size=6352.0     │
│rlt/global_total_transitions_added=1.2…│rlt/global_transitions_since_train=1.2…│rlt/max_updates_per_train_step=1600.0 │
│rlt/min_replay_buffer_size=10000.0     │rlt/pending_update_budget=0.0000       │rlt/ready_for_online=0.0000           │
│rlt/should_train=0.0000                │rlt/skip_reason=1.000                  │rlt/train_every_episodes=0.0000       │
│rlt/train_every_transitions=1.000      │rlt/update_epoch=5.000                 │rlt/update_step=0.0000                │
│rlt/updates_scheduled=0.0000           │rlt/updates_to_run=0.0000              │rlt/warmup_required_updates=3.00e+04  │
│                                                                                                                      │
╰──────────────────────────────────────────────────────────────────────────────────────────────────────────────────────╯


╭──────────────────────────────────────────────────────────────────────────────────────────────────────────────────────╮
├──────────────────────────────────────────────────── Metric Table ────────────────────────────────────────────────────┤
│ Global Step:   86/250 │ Progress: █████████████░░░░░░░░░░░░░░░░░░░░░░░░░░░ │  34.4%                                  │
│ Elapsed: 03:07:34 │ ETA: 05:57:42 │ Step Time: 130.869s                                                              │
├──────────────────────────────────────────────────────── Time ────────────────────────────────────────────────────────┤
│                                                                                                                      │
│actor/actor/compute_adv=2.09e-05       │actor/actor/recv_traj=118.5            │actor/actor/sync_model_to_rollout=0.0…│
│cal_adv_and_returns=0.0033             │env/compute_bootstrap_rewards=0.0015   │env/env/bootstrap_step=30.845         │
│env/env/send_rollout_trajectories=0.448│env/env_interact_step=80.820           │env/interact=118.5                    │
│env/run_interact_once=118.0            │generate_rollouts=118.6                │rollout/generate_one_epoch=117.6      │
│rollout/rollout/generate=117.6         │step=119.0                             │sync_weights=0.389                    │
│                                                                                                                      │
├──────────────────────────────────────────────────── Environment ─────────────────────────────────────────────────────┤
│                                                                                                                      │
│episode_len=200.0                      │num_trajectories=8                     │return=0.0                            │
│reward=0.0                             │success_once=0.0                       │                                      │
│                                                                                                                      │
├─────────────────────────────────────────────────── Replay Buffer ────────────────────────────────────────────────────┤
│                                                                                                                      │
│cache_size=6466.0                      │num_trajectories=6466.0                │total_samples=6466.0                  │
│                                                                                                                      │
├─────────────────────────────────────────────────── Training/Other ───────────────────────────────────────────────────┤
│                                                                                                                      │
│replay/actor_switch_rate=0.0000        │replay/done_rate=0.050                 │replay/intervention_rate=0.0000       │
│replay/intervention_requested_rate=0.0…│replay/record_transition_rate=1.000    │replay/reward_mean=0.0000             │
│replay/reward_positive_rate=0.0000     │replay/transition_count=80.000         │rlt/actor_updates_run=0.0000          │
│rlt/critic_updates_run=0.0000          │rlt/desired_total_updates=0.0000       │rlt/global_min_replay_size=6432.0     │
│rlt/global_total_transitions_added=1.2…│rlt/global_transitions_since_train=1.2…│rlt/max_updates_per_train_step=1600.0 │
│rlt/min_replay_buffer_size=10000.0     │rlt/pending_update_budget=0.0000       │rlt/ready_for_online=0.0000           │
│rlt/should_train=0.0000                │rlt/skip_reason=1.000                  │rlt/train_every_episodes=0.0000       │
│rlt/train_every_transitions=1.000      │rlt/update_epoch=5.000                 │rlt/update_step=0.0000                │
│rlt/updates_scheduled=0.0000           │rlt/updates_to_run=0.0000              │rlt/warmup_required_updates=3.00e+04  │
│                                                                                                                      │
╰──────────────────────────────────────────────────────────────────────────────────────────────────────────────────────╯


╭──────────────────────────────────────────────────────────────────────────────────────────────────────────────────────╮
├──────────────────────────────────────────────────── Metric Table ────────────────────────────────────────────────────┤
│ Global Step:   87/250 │ Progress: █████████████░░░░░░░░░░░░░░░░░░░░░░░░░░░ │  34.8%                                  │
│ Elapsed: 03:09:38 │ ETA: 05:55:18 │ Step Time: 130.791s                                                              │
├──────────────────────────────────────────────────────── Time ────────────────────────────────────────────────────────┤
│                                                                                                                      │
│actor/actor/compute_adv=1.79e-05       │actor/actor/recv_traj=123.6            │actor/actor/sync_model_to_rollout=0.0…│
│cal_adv_and_returns=0.0031             │env/compute_bootstrap_rewards=0.0017   │env/env/bootstrap_step=30.174         │
│env/env/send_rollout_trajectories=0.443│env/env_interact_step=86.670           │env/interact=123.5                    │
│env/run_interact_once=123.1            │generate_rollouts=123.7                │rollout/generate_one_epoch=122.7      │
│rollout/rollout/generate=122.7         │step=124.1                             │sync_weights=0.450                    │
│                                                                                                                      │
├──────────────────────────────────────────────────── Environment ─────────────────────────────────────────────────────┤
│                                                                                                                      │
│episode_len=200.0                      │num_trajectories=8                     │return=1.25                           │
│reward=0.00625                         │success_once=0.125                     │                                      │
│                                                                                                                      │
├─────────────────────────────────────────────────── Replay Buffer ────────────────────────────────────────────────────┤
│                                                                                                                      │
│cache_size=6541.5                      │num_trajectories=6541.5                │total_samples=6541.5                  │
│                                                                                                                      │
├─────────────────────────────────────────────────── Training/Other ───────────────────────────────────────────────────┤
│                                                                                                                      │
│replay/actor_switch_rate=0.0000        │replay/done_rate=0.053                 │replay/intervention_rate=0.0000       │
│replay/intervention_requested_rate=0.0…│replay/record_transition_rate=1.000    │replay/reward_mean=0.0070             │
│replay/reward_positive_rate=0.0070     │replay/transition_count=75.500         │rlt/actor_updates_run=0.0000          │
│rlt/critic_updates_run=0.0000          │rlt/desired_total_updates=0.0000       │rlt/global_min_replay_size=6503.0     │
│rlt/global_total_transitions_added=1.3…│rlt/global_transitions_since_train=1.3…│rlt/max_updates_per_train_step=1600.0 │
│rlt/min_replay_buffer_size=10000.0     │rlt/pending_update_budget=0.0000       │rlt/ready_for_online=0.0000           │
│rlt/should_train=0.0000                │rlt/skip_reason=1.000                  │rlt/train_every_episodes=0.0000       │
│rlt/train_every_transitions=1.000      │rlt/update_epoch=5.000                 │rlt/update_step=0.0000                │
│rlt/updates_scheduled=0.0000           │rlt/updates_to_run=0.0000              │rlt/warmup_required_updates=3.00e+04  │
│                                                                                                                      │
╰──────────────────────────────────────────────────────────────────────────────────────────────────────────────────────╯


╭──────────────────────────────────────────────────────────────────────────────────────────────────────────────────────╮
├──────────────────────────────────────────────────── Metric Table ────────────────────────────────────────────────────┤
│ Global Step:   88/250 │ Progress: ██████████████░░░░░░░░░░░░░░░░░░░░░░░░░░ │  35.2%                                  │
│ Elapsed: 03:11:39 │ ETA: 05:52:50 │ Step Time: 130.680s                                                              │
├──────────────────────────────────────────────────────── Time ────────────────────────────────────────────────────────┤
│                                                                                                                      │
│actor/actor/compute_adv=2.89e-05       │actor/actor/recv_traj=120.4            │actor/actor/sync_model_to_rollout=0.0…│
│cal_adv_and_returns=0.0033             │env/compute_bootstrap_rewards=0.0016   │env/env/bootstrap_step=30.354         │
│env/env/send_rollout_trajectories=0.446│env/env_interact_step=83.290           │env/interact=120.4                    │
│env/run_interact_once=120.0            │generate_rollouts=120.6                │rollout/generate_one_epoch=119.5      │
│rollout/rollout/generate=119.5         │step=121.0                             │sync_weights=0.466                    │
│                                                                                                                      │
├──────────────────────────────────────────────────── Environment ─────────────────────────────────────────────────────┤
│                                                                                                                      │
│episode_len=200.0                      │num_trajectories=8                     │return=1.25                           │
│reward=0.00625                         │success_once=0.125                     │                                      │
│                                                                                                                      │
├─────────────────────────────────────────────────── Replay Buffer ────────────────────────────────────────────────────┤
│                                                                                                                      │
│cache_size=6617.0                      │num_trajectories=6617.0                │total_samples=6617.0                  │
│                                                                                                                      │
├─────────────────────────────────────────────────── Training/Other ───────────────────────────────────────────────────┤
│                                                                                                                      │
│replay/actor_switch_rate=0.0000        │replay/done_rate=0.053                 │replay/intervention_rate=0.0000       │
│replay/intervention_requested_rate=0.0…│replay/record_transition_rate=1.000    │replay/reward_mean=0.0070             │
│replay/reward_positive_rate=0.0070     │replay/transition_count=75.500         │rlt/actor_updates_run=0.0000          │
│rlt/critic_updates_run=0.0000          │rlt/desired_total_updates=0.0000       │rlt/global_min_replay_size=6574.0     │
│rlt/global_total_transitions_added=1.3…│rlt/global_transitions_since_train=1.3…│rlt/max_updates_per_train_step=1600.0 │
│rlt/min_replay_buffer_size=10000.0     │rlt/pending_update_budget=0.0000       │rlt/ready_for_online=0.0000           │
│rlt/should_train=0.0000                │rlt/skip_reason=1.000                  │rlt/train_every_episodes=0.0000       │
│rlt/train_every_transitions=1.000      │rlt/update_epoch=5.000                 │rlt/update_step=0.0000                │
│rlt/updates_scheduled=0.0000           │rlt/updates_to_run=0.0000              │rlt/warmup_required_updates=3.00e+04  │
│                                                                                                                      │
╰──────────────────────────────────────────────────────────────────────────────────────────────────────────────────────╯


╭──────────────────────────────────────────────────────────────────────────────────────────────────────────────────────╮
├──────────────────────────────────────────────────── Metric Table ────────────────────────────────────────────────────┤
│ Global Step:   89/250 │ Progress: ██████████████░░░░░░░░░░░░░░░░░░░░░░░░░░ │  35.6%                                  │
│ Elapsed: 03:13:37 │ ETA: 05:50:16 │ Step Time: 130.538s                                                              │
├──────────────────────────────────────────────────────── Time ────────────────────────────────────────────────────────┤
│                                                                                                                      │
│actor/actor/compute_adv=3.71e-05       │actor/actor/recv_traj=117.4            │actor/actor/sync_model_to_rollout=0.0…│
│cal_adv_and_returns=0.0037             │env/compute_bootstrap_rewards=0.0016   │env/env/bootstrap_step=30.000         │
│env/env/send_rollout_trajectories=0.434│env/env_interact_step=80.500           │env/interact=117.4                    │
│env/run_interact_once=116.9            │generate_rollouts=117.5                │rollout/generate_one_epoch=116.5      │
│rollout/rollout/generate=116.5         │step=118.0                             │sync_weights=0.468                    │
│                                                                                                                      │
├──────────────────────────────────────────────────── Environment ─────────────────────────────────────────────────────┤
│                                                                                                                      │
│episode_len=200.0                      │num_trajectories=8                     │return=2.5                            │
│reward=0.0125                          │success_once=0.25                      │                                      │
│                                                                                                                      │
├─────────────────────────────────────────────────── Replay Buffer ────────────────────────────────────────────────────┤
│                                                                                                                      │
│cache_size=6688.0                      │num_trajectories=6688.0                │total_samples=6688.0                  │
│                                                                                                                      │
├─────────────────────────────────────────────────── Training/Other ───────────────────────────────────────────────────┤
│                                                                                                                      │
│replay/actor_switch_rate=0.0000        │replay/done_rate=0.056                 │replay/intervention_rate=0.0000       │
│replay/intervention_requested_rate=0.0…│replay/record_transition_rate=1.000    │replay/reward_mean=0.014              │
│replay/reward_positive_rate=0.014      │replay/transition_count=71.000         │rlt/actor_updates_run=0.0000          │
│rlt/critic_updates_run=0.0000          │rlt/desired_total_updates=0.0000       │rlt/global_min_replay_size=6645.0     │
│rlt/global_total_transitions_added=1.3…│rlt/global_transitions_since_train=1.3…│rlt/max_updates_per_train_step=1600.0 │
│rlt/min_replay_buffer_size=10000.0     │rlt/pending_update_budget=0.0000       │rlt/ready_for_online=0.0000           │
│rlt/should_train=0.0000                │rlt/skip_reason=1.000                  │rlt/train_every_episodes=0.0000       │
│rlt/train_every_transitions=1.000      │rlt/update_epoch=5.000                 │rlt/update_step=0.0000                │
│rlt/updates_scheduled=0.0000           │rlt/updates_to_run=0.0000              │rlt/warmup_required_updates=3.00e+04  │
│                                                                                                                      │
╰──────────────────────────────────────────────────────────────────────────────────────────────────────────────────────╯


╭──────────────────────────────────────────────────────────────────────────────────────────────────────────────────────╮
├──────────────────────────────────────────────────── Metric Table ────────────────────────────────────────────────────┤
│ Global Step:   90/250 │ Progress: ██████████████░░░░░░░░░░░░░░░░░░░░░░░░░░ │  36.0%                                  │
│ Elapsed: 03:15:39 │ ETA: 05:47:49 │ Step Time: 130.437s                                                              │
├──────────────────────────────────────────────────────── Time ────────────────────────────────────────────────────────┤
│                                                                                                                      │
│actor/actor/compute_adv=2.52e-05       │actor/actor/recv_traj=120.9            │actor/actor/sync_model_to_rollout=0.0…│
│cal_adv_and_returns=0.0036             │env/compute_bootstrap_rewards=0.0016   │env/env/bootstrap_step=30.410         │
│env/env/send_rollout_trajectories=0.435│env/env_interact_step=83.885           │env/interact=120.9                    │
│env/run_interact_once=120.4            │generate_rollouts=121.0                │rollout/generate_one_epoch=119.9      │
│rollout/rollout/generate=119.9         │step=121.5                             │sync_weights=0.466                    │
│                                                                                                                      │
├──────────────────────────────────────────────────── Environment ─────────────────────────────────────────────────────┤
│                                                                                                                      │
│episode_len=200.0                      │num_trajectories=8                     │return=1.0                            │
│reward=0.005                           │success_once=0.125                     │                                      │
│                                                                                                                      │
├─────────────────────────────────────────────────── Replay Buffer ────────────────────────────────────────────────────┤
│                                                                                                                      │
│cache_size=6764.5                      │num_trajectories=6764.5                │total_samples=6764.5                  │
│                                                                                                                      │
├─────────────────────────────────────────────────── Training/Other ───────────────────────────────────────────────────┤
│                                                                                                                      │
│replay/actor_switch_rate=0.0000        │replay/done_rate=0.052                 │replay/intervention_rate=0.0000       │
│replay/intervention_requested_rate=0.0…│replay/record_transition_rate=1.000    │replay/reward_mean=0.0068             │
│replay/reward_positive_rate=0.0068     │replay/transition_count=76.500         │rlt/actor_updates_run=0.0000          │
│rlt/critic_updates_run=0.0000          │rlt/desired_total_updates=0.0000       │rlt/global_min_replay_size=6718.0     │
│rlt/global_total_transitions_added=1.3…│rlt/global_transitions_since_train=1.3…│rlt/max_updates_per_train_step=1600.0 │
│rlt/min_replay_buffer_size=10000.0     │rlt/pending_update_budget=0.0000       │rlt/ready_for_online=0.0000           │
│rlt/should_train=0.0000                │rlt/skip_reason=1.000                  │rlt/train_every_episodes=0.0000       │
│rlt/train_every_transitions=1.000      │rlt/update_epoch=5.000                 │rlt/update_step=0.0000                │
│rlt/updates_scheduled=0.0000           │rlt/updates_to_run=0.0000              │rlt/warmup_required_updates=3.00e+04  │
│                                                                                                                      │
╰──────────────────────────────────────────────────────────────────────────────────────────────────────────────────────╯


╭──────────────────────────────────────────────────────────────────────────────────────────────────────────────────────╮
├──────────────────────────────────────────────────── Metric Table ────────────────────────────────────────────────────┤
│ Global Step:   91/250 │ Progress: ██████████████░░░░░░░░░░░░░░░░░░░░░░░░░░ │  36.4%                                  │
│ Elapsed: 03:17:46 │ ETA: 05:45:33 │ Step Time: 130.399s                                                              │
├──────────────────────────────────────────────────────── Time ────────────────────────────────────────────────────────┤
│                                                                                                                      │
│actor/actor/compute_adv=3.63e-05       │actor/actor/recv_traj=126.4            │actor/actor/sync_model_to_rollout=0.0…│
│cal_adv_and_returns=0.0029             │env/compute_bootstrap_rewards=0.0018   │env/env/bootstrap_step=29.776         │
│env/env/send_rollout_trajectories=0.442│env/env_interact_step=89.625           │env/interact=126.4                    │
│env/run_interact_once=126.0            │generate_rollouts=126.5                │rollout/generate_one_epoch=125.5      │
│rollout/rollout/generate=125.5         │step=127.0                             │sync_weights=0.410                    │
│                                                                                                                      │
├──────────────────────────────────────────────────── Environment ─────────────────────────────────────────────────────┤
│                                                                                                                      │
│episode_len=200.0                      │num_trajectories=8                     │return=1.25                           │
│reward=0.00625                         │success_once=0.125                     │                                      │
│                                                                                                                      │
├─────────────────────────────────────────────────── Replay Buffer ────────────────────────────────────────────────────┤
│                                                                                                                      │
│cache_size=6840.0                      │num_trajectories=6840.0                │total_samples=6840.0                  │
│                                                                                                                      │
├─────────────────────────────────────────────────── Training/Other ───────────────────────────────────────────────────┤
│                                                                                                                      │
│replay/actor_switch_rate=0.0000        │replay/done_rate=0.053                 │replay/intervention_rate=0.0000       │
│replay/intervention_requested_rate=0.0…│replay/record_transition_rate=1.000    │replay/reward_mean=0.0070             │
│replay/reward_positive_rate=0.0070     │replay/transition_count=75.500         │rlt/actor_updates_run=0.0000          │
│rlt/critic_updates_run=0.0000          │rlt/desired_total_updates=0.0000       │rlt/global_min_replay_size=6789.0     │
│rlt/global_total_transitions_added=1.3…│rlt/global_transitions_since_train=1.3…│rlt/max_updates_per_train_step=1600.0 │
│rlt/min_replay_buffer_size=10000.0     │rlt/pending_update_budget=0.0000       │rlt/ready_for_online=0.0000           │
│rlt/should_train=0.0000                │rlt/skip_reason=1.000                  │rlt/train_every_episodes=0.0000       │
│rlt/train_every_transitions=1.000      │rlt/update_epoch=5.000                 │rlt/update_step=0.0000                │
│rlt/updates_scheduled=0.0000           │rlt/updates_to_run=0.0000              │rlt/warmup_required_updates=3.00e+04  │
│                                                                                                                      │
╰──────────────────────────────────────────────────────────────────────────────────────────────────────────────────────╯


╭──────────────────────────────────────────────────────────────────────────────────────────────────────────────────────╮
├──────────────────────────────────────────────────── Metric Table ────────────────────────────────────────────────────┤
│ Global Step:   92/250 │ Progress: ██████████████░░░░░░░░░░░░░░░░░░░░░░░░░░ │  36.8%                                  │
│ Elapsed: 03:19:46 │ ETA: 05:43:05 │ Step Time: 130.286s                                                              │
├──────────────────────────────────────────────────────── Time ────────────────────────────────────────────────────────┤
│                                                                                                                      │
│actor/actor/compute_adv=2.66e-05       │actor/actor/recv_traj=119.5            │actor/actor/sync_model_to_rollout=0.0…│
│cal_adv_and_returns=0.0033             │env/compute_bootstrap_rewards=0.0017   │env/env/bootstrap_step=30.326         │
│env/env/send_rollout_trajectories=0.443│env/env_interact_step=82.365           │env/interact=119.4                    │
│env/run_interact_once=119.0            │generate_rollouts=119.6                │rollout/generate_one_epoch=118.5      │
│rollout/rollout/generate=118.5         │step=120.0                             │sync_weights=0.444                    │
│                                                                                                                      │
├──────────────────────────────────────────────────── Environment ─────────────────────────────────────────────────────┤
│                                                                                                                      │
│episode_len=200.0                      │num_trajectories=8                     │return=1.375                          │
│reward=0.006875                        │success_once=0.125                     │                                      │
│                                                                                                                      │
├─────────────────────────────────────────────────── Replay Buffer ────────────────────────────────────────────────────┤
│                                                                                                                      │
│cache_size=6915.0                      │num_trajectories=6915.0                │total_samples=6915.0                  │
│                                                                                                                      │
├─────────────────────────────────────────────────── Training/Other ───────────────────────────────────────────────────┤
│                                                                                                                      │
│replay/actor_switch_rate=0.0000        │replay/done_rate=0.054                 │replay/intervention_rate=0.0000       │
│replay/intervention_requested_rate=0.0…│replay/record_transition_rate=1.000    │replay/reward_mean=0.0071             │
│replay/reward_positive_rate=0.0071     │replay/transition_count=75.000         │rlt/actor_updates_run=0.0000          │
│rlt/critic_updates_run=0.0000          │rlt/desired_total_updates=0.0000       │rlt/global_min_replay_size=6859.0     │
│rlt/global_total_transitions_added=1.3…│rlt/global_transitions_since_train=1.3…│rlt/max_updates_per_train_step=1600.0 │
│rlt/min_replay_buffer_size=10000.0     │rlt/pending_update_budget=0.0000       │rlt/ready_for_online=0.0000           │
│rlt/should_train=0.0000                │rlt/skip_reason=1.000                  │rlt/train_every_episodes=0.0000       │
│rlt/train_every_transitions=1.000      │rlt/update_epoch=5.000                 │rlt/update_step=0.0000                │
│rlt/updates_scheduled=0.0000           │rlt/updates_to_run=0.0000              │rlt/warmup_required_updates=3.00e+04  │
│                                                                                                                      │
╰──────────────────────────────────────────────────────────────────────────────────────────────────────────────────────╯


╭──────────────────────────────────────────────────────────────────────────────────────────────────────────────────────╮
├──────────────────────────────────────────────────── Metric Table ────────────────────────────────────────────────────┤
│ Global Step:   93/250 │ Progress: ██████████████░░░░░░░░░░░░░░░░░░░░░░░░░░ │  37.2%                                  │
│ Elapsed: 03:21:55 │ ETA: 05:40:53 │ Step Time: 130.277s                                                              │
├──────────────────────────────────────────────────────── Time ────────────────────────────────────────────────────────┤
│                                                                                                                      │
│actor/actor/compute_adv=3.17e-05       │actor/actor/recv_traj=128.8            │actor/actor/sync_model_to_rollout=0.0…│
│cal_adv_and_returns=0.0038             │env/compute_bootstrap_rewards=0.0016   │env/env/bootstrap_step=30.511         │
│env/env/send_rollout_trajectories=0.444│env/env_interact_step=91.182           │env/interact=128.8                    │
│env/run_interact_once=128.4            │generate_rollouts=128.9                │rollout/generate_one_epoch=127.9      │
│rollout/rollout/generate=127.9         │step=129.4                             │sync_weights=0.465                    │
│                                                                                                                      │
├──────────────────────────────────────────────────── Environment ─────────────────────────────────────────────────────┤
│                                                                                                                      │
│episode_len=200.0                      │num_trajectories=8                     │return=0.0                            │
│reward=0.0                             │success_once=0.0                       │                                      │
│                                                                                                                      │
├─────────────────────────────────────────────────── Replay Buffer ────────────────────────────────────────────────────┤
│                                                                                                                      │
│cache_size=6995.0                      │num_trajectories=6995.0                │total_samples=6995.0                  │
│                                                                                                                      │
├─────────────────────────────────────────────────── Training/Other ───────────────────────────────────────────────────┤
│                                                                                                                      │
│replay/actor_switch_rate=0.0000        │replay/done_rate=0.050                 │replay/intervention_rate=0.0000       │
│replay/intervention_requested_rate=0.0…│replay/record_transition_rate=1.000    │replay/reward_mean=0.0000             │
│replay/reward_positive_rate=0.0000     │replay/transition_count=80.000         │rlt/actor_updates_run=0.0000          │
│rlt/critic_updates_run=0.0000          │rlt/desired_total_updates=0.0000       │rlt/global_min_replay_size=6939.0     │
│rlt/global_total_transitions_added=1.4…│rlt/global_transitions_since_train=1.4…│rlt/max_updates_per_train_step=1600.0 │
│rlt/min_replay_buffer_size=10000.0     │rlt/pending_update_budget=0.0000       │rlt/ready_for_online=0.0000           │
│rlt/should_train=0.0000                │rlt/skip_reason=1.000                  │rlt/train_every_episodes=0.0000       │
│rlt/train_every_transitions=1.000      │rlt/update_epoch=5.000                 │rlt/update_step=0.0000                │
│rlt/updates_scheduled=0.0000           │rlt/updates_to_run=0.0000              │rlt/warmup_required_updates=3.00e+04  │
│                                                                                                                      │
╰──────────────────────────────────────────────────────────────────────────────────────────────────────────────────────╯


╭──────────────────────────────────────────────────────────────────────────────────────────────────────────────────────╮
├──────────────────────────────────────────────────── Metric Table ────────────────────────────────────────────────────┤
│ Global Step:   94/250 │ Progress: ███████████████░░░░░░░░░░░░░░░░░░░░░░░░░ │  37.6%                                  │
│ Elapsed: 03:24:03 │ ETA: 05:38:38 │ Step Time: 130.247s                                                              │
├──────────────────────────────────────────────────────── Time ────────────────────────────────────────────────────────┤
│                                                                                                                      │
│actor/actor/compute_adv=3.04e-05       │actor/actor/recv_traj=126.8            │actor/actor/sync_model_to_rollout=0.0…│
│cal_adv_and_returns=0.0031             │env/compute_bootstrap_rewards=0.0016   │env/env/bootstrap_step=30.184         │
│env/env/send_rollout_trajectories=0.443│env/env_interact_step=89.666           │env/interact=126.8                    │
│env/run_interact_once=126.4            │generate_rollouts=126.9                │rollout/generate_one_epoch=125.9      │
│rollout/rollout/generate=125.9         │step=127.4                             │sync_weights=0.472                    │
│                                                                                                                      │
├──────────────────────────────────────────────────── Environment ─────────────────────────────────────────────────────┤
│                                                                                                                      │
│episode_len=200.0                      │num_trajectories=8                     │return=0.0                            │
│reward=0.0                             │success_once=0.0                       │                                      │
│                                                                                                                      │
├─────────────────────────────────────────────────── Replay Buffer ────────────────────────────────────────────────────┤
│                                                                                                                      │
│cache_size=7075.0                      │num_trajectories=7075.0                │total_samples=7075.0                  │
│                                                                                                                      │
├─────────────────────────────────────────────────── Training/Other ───────────────────────────────────────────────────┤
│                                                                                                                      │
│replay/actor_switch_rate=0.0000        │replay/done_rate=0.050                 │replay/intervention_rate=0.0000       │
│replay/intervention_requested_rate=0.0…│replay/record_transition_rate=1.000    │replay/reward_mean=0.0000             │
│replay/reward_positive_rate=0.0000     │replay/transition_count=80.000         │rlt/actor_updates_run=0.0000          │
│rlt/critic_updates_run=0.0000          │rlt/desired_total_updates=0.0000       │rlt/global_min_replay_size=7019.0     │
│rlt/global_total_transitions_added=1.4…│rlt/global_transitions_since_train=1.4…│rlt/max_updates_per_train_step=1600.0 │
│rlt/min_replay_buffer_size=10000.0     │rlt/pending_update_budget=0.0000       │rlt/ready_for_online=0.0000           │
│rlt/should_train=0.0000                │rlt/skip_reason=1.000                  │rlt/train_every_episodes=0.0000       │
│rlt/train_every_transitions=1.000      │rlt/update_epoch=5.000                 │rlt/update_step=0.0000                │
│rlt/updates_scheduled=0.0000           │rlt/updates_to_run=0.0000              │rlt/warmup_required_updates=3.00e+04  │
│                                                                                                                      │
╰──────────────────────────────────────────────────────────────────────────────────────────────────────────────────────╯


╭──────────────────────────────────────────────────────────────────────────────────────────────────────────────────────╮
├──────────────────────────────────────────────────── Metric Table ────────────────────────────────────────────────────┤
│ Global Step:   95/250 │ Progress: ███████████████░░░░░░░░░░░░░░░░░░░░░░░░░ │  38.0%                                  │
│ Elapsed: 03:26:06 │ ETA: 05:36:17 │ Step Time: 130.179s                                                              │
├──────────────────────────────────────────────────────── Time ────────────────────────────────────────────────────────┤
│                                                                                                                      │
│actor/actor/compute_adv=2.43e-05       │actor/actor/recv_traj=123.3            │actor/actor/sync_model_to_rollout=0.0…│
│cal_adv_and_returns=0.0031             │env/compute_bootstrap_rewards=0.0016   │env/env/bootstrap_step=29.620         │
│env/env/send_rollout_trajectories=0.478│env/env_interact_step=86.851           │env/interact=123.3                    │
│env/run_interact_once=122.9            │generate_rollouts=123.4                │rollout/generate_one_epoch=122.3      │
│rollout/rollout/generate=122.3         │step=123.8                             │sync_weights=0.355                    │
│                                                                                                                      │
├──────────────────────────────────────────────────── Environment ─────────────────────────────────────────────────────┤
│                                                                                                                      │
│episode_len=200.0                      │num_trajectories=8                     │return=1.125                          │
│reward=0.005625                        │success_once=0.125                     │                                      │
│                                                                                                                      │
├─────────────────────────────────────────────────── Replay Buffer ────────────────────────────────────────────────────┤
│                                                                                                                      │
│cache_size=7151.0                      │num_trajectories=7151.0                │total_samples=7151.0                  │
│                                                                                                                      │
├─────────────────────────────────────────────────── Training/Other ───────────────────────────────────────────────────┤
│                                                                                                                      │
│replay/actor_switch_rate=0.0000        │replay/done_rate=0.053                 │replay/intervention_rate=0.0000       │
│replay/intervention_requested_rate=0.0…│replay/record_transition_rate=1.000    │replay/reward_mean=0.0069             │
│replay/reward_positive_rate=0.0069     │replay/transition_count=76.000         │rlt/actor_updates_run=0.0000          │
│rlt/critic_updates_run=0.0000          │rlt/desired_total_updates=0.0000       │rlt/global_min_replay_size=7091.0     │
│rlt/global_total_transitions_added=1.4…│rlt/global_transitions_since_train=1.4…│rlt/max_updates_per_train_step=1600.0 │
│rlt/min_replay_buffer_size=10000.0     │rlt/pending_update_budget=0.0000       │rlt/ready_for_online=0.0000           │
│rlt/should_train=0.0000                │rlt/skip_reason=1.000                  │rlt/train_every_episodes=0.0000       │
│rlt/train_every_transitions=1.000      │rlt/update_epoch=5.000                 │rlt/update_step=0.0000                │
│rlt/updates_scheduled=0.0000           │rlt/updates_to_run=0.0000              │rlt/warmup_required_updates=3.00e+04  │
│                                                                                                                      │
╰──────────────────────────────────────────────────────────────────────────────────────────────────────────────────────╯


╭──────────────────────────────────────────────────────────────────────────────────────────────────────────────────────╮
├──────────────────────────────────────────────────── Metric Table ────────────────────────────────────────────────────┤
│ Global Step:   96/250 │ Progress: ███████████████░░░░░░░░░░░░░░░░░░░░░░░░░ │  38.4%                                  │
│ Elapsed: 03:28:07 │ ETA: 05:33:52 │ Step Time: 130.078s                                                              │
├──────────────────────────────────────────────────────── Time ────────────────────────────────────────────────────────┤
│                                                                                                                      │
│actor/actor/compute_adv=1.62e-05       │actor/actor/recv_traj=120.0            │actor/actor/sync_model_to_rollout=0.0…│
│cal_adv_and_returns=0.0034             │env/compute_bootstrap_rewards=0.0016   │env/env/bootstrap_step=30.375         │
│env/env/send_rollout_trajectories=0.451│env/env_interact_step=83.157           │env/interact=120.0                    │
│env/run_interact_once=119.6            │generate_rollouts=120.1                │rollout/generate_one_epoch=119.1      │
│rollout/rollout/generate=119.1         │step=120.5                             │sync_weights=0.469                    │
│                                                                                                                      │
├──────────────────────────────────────────────────── Environment ─────────────────────────────────────────────────────┤
│                                                                                                                      │
│episode_len=200.0                      │num_trajectories=8                     │return=1.375                          │
│reward=0.006875                        │success_once=0.125                     │                                      │
│                                                                                                                      │
├─────────────────────────────────────────────────── Replay Buffer ────────────────────────────────────────────────────┤
│                                                                                                                      │
│cache_size=7226.0                      │num_trajectories=7226.0                │total_samples=7226.0                  │
│                                                                                                                      │
├─────────────────────────────────────────────────── Training/Other ───────────────────────────────────────────────────┤
│                                                                                                                      │
│replay/actor_switch_rate=0.0000        │replay/done_rate=0.054                 │replay/intervention_rate=0.0000       │
│replay/intervention_requested_rate=0.0…│replay/record_transition_rate=1.000    │replay/reward_mean=0.0071             │
│replay/reward_positive_rate=0.0071     │replay/transition_count=75.000         │rlt/actor_updates_run=0.0000          │
│rlt/critic_updates_run=0.0000          │rlt/desired_total_updates=0.0000       │rlt/global_min_replay_size=7161.0     │
│rlt/global_total_transitions_added=1.4…│rlt/global_transitions_since_train=1.4…│rlt/max_updates_per_train_step=1600.0 │
│rlt/min_replay_buffer_size=10000.0     │rlt/pending_update_budget=0.0000       │rlt/ready_for_online=0.0000           │
│rlt/should_train=0.0000                │rlt/skip_reason=1.000                  │rlt/train_every_episodes=0.0000       │
│rlt/train_every_transitions=1.000      │rlt/update_epoch=5.000                 │rlt/update_step=0.0000                │
│rlt/updates_scheduled=0.0000           │rlt/updates_to_run=0.0000              │rlt/warmup_required_updates=3.00e+04  │
│                                                                                                                      │
╰──────────────────────────────────────────────────────────────────────────────────────────────────────────────────────╯


╭──────────────────────────────────────────────────────────────────────────────────────────────────────────────────────╮
├──────────────────────────────────────────────────── Metric Table ────────────────────────────────────────────────────┤
│ Global Step:   97/250 │ Progress: ███████████████░░░░░░░░░░░░░░░░░░░░░░░░░ │  38.8%                                  │
│ Elapsed: 03:30:10 │ ETA: 05:31:30 │ Step Time: 130.005s                                                              │
├──────────────────────────────────────────────────────── Time ────────────────────────────────────────────────────────┤
│                                                                                                                      │
│actor/actor/compute_adv=5.48e-05       │actor/actor/recv_traj=122.4            │actor/actor/sync_model_to_rollout=0.0…│
│cal_adv_and_returns=0.0036             │env/compute_bootstrap_rewards=0.0016   │env/env/bootstrap_step=29.403         │
│env/env/send_rollout_trajectories=0.345│env/env_interact_step=86.122           │env/interact=122.4                    │
│env/run_interact_once=122.0            │generate_rollouts=122.5                │rollout/generate_one_epoch=121.7      │
│rollout/rollout/generate=121.7         │step=123.0                             │sync_weights=0.442                    │
│                                                                                                                      │
├──────────────────────────────────────────────────── Environment ─────────────────────────────────────────────────────┤
│                                                                                                                      │
│episode_len=200.0                      │num_trajectories=8                     │return=1.375                          │
│reward=0.006875                        │success_once=0.125                     │                                      │
│                                                                                                                      │
├─────────────────────────────────────────────────── Replay Buffer ────────────────────────────────────────────────────┤
│                                                                                                                      │
│cache_size=7301.0                      │num_trajectories=7301.0                │total_samples=7301.0                  │
│                                                                                                                      │
├─────────────────────────────────────────────────── Training/Other ───────────────────────────────────────────────────┤
│                                                                                                                      │
│replay/actor_switch_rate=0.0000        │replay/done_rate=0.054                 │replay/intervention_rate=0.0000       │
│replay/intervention_requested_rate=0.0…│replay/record_transition_rate=1.000    │replay/reward_mean=0.0071             │
│replay/reward_positive_rate=0.0071     │replay/transition_count=75.000         │rlt/actor_updates_run=0.0000          │
│rlt/critic_updates_run=0.0000          │rlt/desired_total_updates=0.0000       │rlt/global_min_replay_size=7231.0     │
│rlt/global_total_transitions_added=1.4…│rlt/global_transitions_since_train=1.4…│rlt/max_updates_per_train_step=1600.0 │
│rlt/min_replay_buffer_size=10000.0     │rlt/pending_update_budget=0.0000       │rlt/ready_for_online=0.0000           │
│rlt/should_train=0.0000                │rlt/skip_reason=1.000                  │rlt/train_every_episodes=0.0000       │
│rlt/train_every_transitions=1.000      │rlt/update_epoch=5.000                 │rlt/update_step=0.0000                │
│rlt/updates_scheduled=0.0000           │rlt/updates_to_run=0.0000              │rlt/warmup_required_updates=3.00e+04  │
│                                                                                                                      │
╰──────────────────────────────────────────────────────────────────────────────────────────────────────────────────────╯


╭──────────────────────────────────────────────────────────────────────────────────────────────────────────────────────╮
├──────────────────────────────────────────────────── Metric Table ────────────────────────────────────────────────────┤
│ Global Step:   98/250 │ Progress: ███████████████░░░░░░░░░░░░░░░░░░░░░░░░░ │  39.2%                                  │
│ Elapsed: 03:32:20 │ ETA: 05:29:20 │ Step Time: 130.001s                                                              │
├──────────────────────────────────────────────────────── Time ────────────────────────────────────────────────────────┤
│                                                                                                                      │
│actor/actor/compute_adv=2.48e-05       │actor/actor/recv_traj=129.0            │actor/actor/sync_model_to_rollout=0.0…│
│cal_adv_and_returns=0.0034             │env/compute_bootstrap_rewards=0.0016   │env/env/bootstrap_step=30.096         │
│env/env/send_rollout_trajectories=0.439│env/env_interact_step=91.534           │env/interact=129.0                    │
│env/run_interact_once=128.6            │generate_rollouts=129.1                │rollout/generate_one_epoch=128.1      │
│rollout/rollout/generate=128.1         │step=129.5                             │sync_weights=0.435                    │
│                                                                                                                      │
├──────────────────────────────────────────────────── Environment ─────────────────────────────────────────────────────┤
│                                                                                                                      │
│episode_len=200.0                      │num_trajectories=8                     │return=4.0                            │
│reward=0.02                            │success_once=0.375                     │                                      │
│                                                                                                                      │
├─────────────────────────────────────────────────── Replay Buffer ────────────────────────────────────────────────────┤
│                                                                                                                      │
│cache_size=7366.5                      │num_trajectories=7366.5                │total_samples=7366.5                  │
│                                                                                                                      │
├─────────────────────────────────────────────────── Training/Other ───────────────────────────────────────────────────┤
│                                                                                                                      │
│replay/actor_switch_rate=0.0000        │replay/done_rate=0.064                 │replay/intervention_rate=0.0000       │
│replay/intervention_requested_rate=0.0…│replay/record_transition_rate=1.000    │replay/reward_mean=0.029              │
│replay/reward_positive_rate=0.029      │replay/transition_count=65.500         │rlt/actor_updates_run=0.0000          │
│rlt/critic_updates_run=0.0000          │rlt/desired_total_updates=0.0000       │rlt/global_min_replay_size=7282.0     │
│rlt/global_total_transitions_added=1.4…│rlt/global_transitions_since_train=1.4…│rlt/max_updates_per_train_step=1600.0 │
│rlt/min_replay_buffer_size=10000.0     │rlt/pending_update_budget=0.0000       │rlt/ready_for_online=0.0000           │
│rlt/should_train=0.0000                │rlt/skip_reason=1.000                  │rlt/train_every_episodes=0.0000       │
│rlt/train_every_transitions=1.000      │rlt/update_epoch=5.000                 │rlt/update_step=0.0000                │
│rlt/updates_scheduled=0.0000           │rlt/updates_to_run=0.0000              │rlt/warmup_required_updates=3.00e+04  │
│                                                                                                                      │
╰──────────────────────────────────────────────────────────────────────────────────────────────────────────────────────╯


╭──────────────────────────────────────────────────────────────────────────────────────────────────────────────────────╮
├──────────────────────────────────────────────────── Metric Table ────────────────────────────────────────────────────┤
│ Global Step:   99/250 │ Progress: ███████████████░░░░░░░░░░░░░░░░░░░░░░░░░ │  39.6%                                  │
│ Elapsed: 03:34:08 │ ETA: 05:26:37 │ Step Time: 129.786s                                                              │
├──────────────────────────────────────────────────────── Time ────────────────────────────────────────────────────────┤
│                                                                                                                      │
│actor/actor/compute_adv=1.13e-05       │actor/actor/recv_traj=108.2            │actor/actor/sync_model_to_rollout=0.0…│
│cal_adv_and_returns=0.0028             │env/compute_bootstrap_rewards=0.0016   │env/env/bootstrap_step=29.515         │
│env/env/send_rollout_trajectories=0.450│env/env_interact_step=71.715           │env/interact=108.2                    │
│env/run_interact_once=107.8            │generate_rollouts=108.3                │rollout/generate_one_epoch=107.3      │
│rollout/rollout/generate=107.3         │step=108.7                             │sync_weights=0.359                    │
│                                                                                                                      │
├──────────────────────────────────────────────────── Environment ─────────────────────────────────────────────────────┤
│                                                                                                                      │
│episode_len=200.0                      │num_trajectories=8                     │return=3.875                          │
│reward=0.019375                        │success_once=0.375                     │                                      │
│                                                                                                                      │
├─────────────────────────────────────────────────── Replay Buffer ────────────────────────────────────────────────────┤
│                                                                                                                      │
│cache_size=7432.5                      │num_trajectories=7432.5                │total_samples=7432.5                  │
│                                                                                                                      │
├─────────────────────────────────────────────────── Training/Other ───────────────────────────────────────────────────┤
│                                                                                                                      │
│replay/actor_switch_rate=0.0000        │replay/done_rate=0.061                 │replay/intervention_rate=0.0000       │
│replay/intervention_requested_rate=0.0…│replay/record_transition_rate=1.000    │replay/reward_mean=0.023              │
│replay/reward_positive_rate=0.023      │replay/transition_count=66.000         │rlt/actor_updates_run=0.0000          │
│rlt/critic_updates_run=0.0000          │rlt/desired_total_updates=0.0000       │rlt/global_min_replay_size=7353.0     │
│rlt/global_total_transitions_added=1.4…│rlt/global_transitions_since_train=1.4…│rlt/max_updates_per_train_step=1600.0 │
│rlt/min_replay_buffer_size=10000.0     │rlt/pending_update_budget=0.0000       │rlt/ready_for_online=0.0000           │
│rlt/should_train=0.0000                │rlt/skip_reason=1.000                  │rlt/train_every_episodes=0.0000       │
│rlt/train_every_transitions=1.000      │rlt/update_epoch=5.000                 │rlt/update_step=0.0000                │
│rlt/updates_scheduled=0.0000           │rlt/updates_to_run=0.0000              │rlt/warmup_required_updates=3.00e+04  │
│                                                                                                                      │
╰──────────────────────────────────────────────────────────────────────────────────────────────────────────────────────╯


╭──────────────────────────────────────────────────────────────────────────────────────────────────────────────────────╮
├──────────────────────────────────────────────────── Metric Table ────────────────────────────────────────────────────┤
│ Global Step:  100/250 │ Progress: ████████████████░░░░░░░░░░░░░░░░░░░░░░░░ │  40.0%                                  │
│ Elapsed: 03:41:05 │ ETA: 05:31:38 │ Step Time: 132.658s                                                              │
├──────────────────────────────────────────────────────── Time ────────────────────────────────────────────────────────┤
│                                                                                                                      │
│actor/actor/compute_adv=1.16e-05       │actor/actor/recv_traj=124.9            │actor/actor/sync_model_to_rollout=0.0…│
│cal_adv_and_returns=0.0030             │env/compute_bootstrap_rewards=0.0016   │env/env/bootstrap_step=29.371         │
│env/env/send_rollout_trajectories=0.452│env/env_interact_step=88.739           │env/interact=124.9                    │
│env/run_interact_once=124.5            │eval=267.8                             │generate_rollouts=125.0               │
│rollout/generate_one_epoch=124.2       │rollout/rollout/generate=124.2         │step=417.0                            │
│sync_weights=0.461                     │                                       │                                      │
│                                                                                                                      │
├──────────────────────────────────────────────────── Environment ─────────────────────────────────────────────────────┤
│                                                                                                                      │
│episode_len=200.0                      │num_trajectories=8                     │return=0.0                            │
│reward=0.0                             │success_once=0.0                       │                                      │
│                                                                                                                      │
├───────────────────────────────────────────────────── Evaluation ─────────────────────────────────────────────────────┤
│                                                                                                                      │
│episode_len=200.0                      │num_trajectories=20                    │return=0.0                            │
│reward=0.0                             │success_at_end=0.0                     │success_once=0.0                      │
│                                                                                                                      │
├─────────────────────────────────────────────────── Replay Buffer ────────────────────────────────────────────────────┤
│                                                                                                                      │
│cache_size=7512.5                      │num_trajectories=7512.5                │total_samples=7512.5                  │
│                                                                                                                      │
├─────────────────────────────────────────────────── Training/Other ───────────────────────────────────────────────────┤
│                                                                                                                      │
│replay/actor_switch_rate=0.0000        │replay/done_rate=0.050                 │replay/intervention_rate=0.0000       │
│replay/intervention_requested_rate=0.0…│replay/record_transition_rate=1.000    │replay/reward_mean=0.0000             │
│replay/reward_positive_rate=0.0000     │replay/transition_count=80.000         │rlt/actor_updates_run=0.0000          │
│rlt/critic_updates_run=0.0000          │rlt/desired_total_updates=0.0000       │rlt/global_min_replay_size=7433.0     │
│rlt/global_total_transitions_added=1.5…│rlt/global_transitions_since_train=1.5…│rlt/max_updates_per_train_step=1600.0 │
│rlt/min_replay_buffer_size=10000.0     │rlt/pending_update_budget=0.0000       │rlt/ready_for_online=0.0000           │
│rlt/should_train=0.0000                │rlt/skip_reason=1.000                  │rlt/train_every_episodes=0.0000       │
│rlt/train_every_transitions=1.000      │rlt/update_epoch=5.000                 │rlt/update_step=0.0000                │
│rlt/updates_scheduled=0.0000           │rlt/updates_to_run=0.0000              │rlt/warmup_required_updates=3.00e+04  │
│                                                                                                                      │
╰──────────────────────────────────────────────────────────────────────────────────────────────────────────────────────╯


╭──────────────────────────────────────────────────────────────────────────────────────────────────────────────────────╮
├──────────────────────────────────────────────────── Metric Table ────────────────────────────────────────────────────┤
│ Global Step:  101/250 │ Progress: ████████████████░░░░░░░░░░░░░░░░░░░░░░░░ │  40.4%                                  │
│ Elapsed: 03:43:01 │ ETA: 05:29:01 │ Step Time: 132.492s                                                              │
├──────────────────────────────────────────────────────── Time ────────────────────────────────────────────────────────┤
│                                                                                                                      │
│actor/actor/compute_adv=3.83e-05       │actor/actor/recv_traj=115.3            │actor/actor/sync_model_to_rollout=0.0…│
│cal_adv_and_returns=0.0035             │env/compute_bootstrap_rewards=0.0016   │env/env/bootstrap_step=30.652         │
│env/env/send_rollout_trajectories=0.455│env/env_interact_step=77.941           │env/interact=115.3                    │
│env/run_interact_once=114.9            │generate_rollouts=115.4                │rollout/generate_one_epoch=114.4      │
│rollout/rollout/generate=114.4         │step=115.9                             │sync_weights=0.486                    │
│                                                                                                                      │
├──────────────────────────────────────────────────── Environment ─────────────────────────────────────────────────────┤
│                                                                                                                      │
│episode_len=200.0                      │num_trajectories=8                     │return=2.375                          │
│reward=0.011875                        │success_once=0.25                      │                                      │
│                                                                                                                      │
├─────────────────────────────────────────────────── Replay Buffer ────────────────────────────────────────────────────┤
│                                                                                                                      │
│cache_size=7584.0                      │num_trajectories=7584.0                │total_samples=7584.0                  │
│                                                                                                                      │
├─────────────────────────────────────────────────── Training/Other ───────────────────────────────────────────────────┤
│                                                                                                                      │
│replay/actor_switch_rate=0.0000        │replay/done_rate=0.056                 │replay/intervention_rate=0.0000       │
│replay/intervention_requested_rate=0.0…│replay/record_transition_rate=1.000    │replay/reward_mean=0.014              │
│replay/reward_positive_rate=0.014      │replay/transition_count=71.500         │rlt/actor_updates_run=0.0000          │
│rlt/critic_updates_run=0.0000          │rlt/desired_total_updates=0.0000       │rlt/global_min_replay_size=7504.0     │
│rlt/global_total_transitions_added=1.5…│rlt/global_transitions_since_train=1.5…│rlt/max_updates_per_train_step=1600.0 │
│rlt/min_replay_buffer_size=10000.0     │rlt/pending_update_budget=0.0000       │rlt/ready_for_online=0.0000           │
│rlt/should_train=0.0000                │rlt/skip_reason=1.000                  │rlt/train_every_episodes=0.0000       │
│rlt/train_every_transitions=1.000      │rlt/update_epoch=5.000                 │rlt/update_step=0.0000                │
│rlt/updates_scheduled=0.0000           │rlt/updates_to_run=0.0000              │rlt/warmup_required_updates=3.00e+04  │
│                                                                                                                      │
╰──────────────────────────────────────────────────────────────────────────────────────────────────────────────────────╯


╭──────────────────────────────────────────────────────────────────────────────────────────────────────────────────────╮
├──────────────────────────────────────────────────── Metric Table ────────────────────────────────────────────────────┤
│ Global Step:  102/250 │ Progress: ████████████████░░░░░░░░░░░░░░░░░░░░░░░░ │  40.8%                                  │
│ Elapsed: 03:45:04 │ ETA: 05:26:35 │ Step Time: 132.402s                                                              │
├──────────────────────────────────────────────────────── Time ────────────────────────────────────────────────────────┤
│                                                                                                                      │
│actor/actor/compute_adv=9.21e-06       │actor/actor/recv_traj=122.7            │actor/actor/sync_model_to_rollout=0.0…│
│cal_adv_and_returns=0.0026             │env/compute_bootstrap_rewards=0.0016   │env/env/bootstrap_step=29.874         │
│env/env/send_rollout_trajectories=0.436│env/env_interact_step=85.775           │env/interact=122.7                    │
│env/run_interact_once=122.3            │generate_rollouts=122.8                │rollout/generate_one_epoch=121.8      │
│rollout/rollout/generate=121.8         │step=123.2                             │sync_weights=0.458                    │
│                                                                                                                      │
├──────────────────────────────────────────────────── Environment ─────────────────────────────────────────────────────┤
│                                                                                                                      │
│episode_len=200.0                      │num_trajectories=8                     │return=1.25                           │
│reward=0.00625                         │success_once=0.125                     │                                      │
│                                                                                                                      │
├─────────────────────────────────────────────────── Replay Buffer ────────────────────────────────────────────────────┤
│                                                                                                                      │
│cache_size=7659.5                      │num_trajectories=7659.5                │total_samples=7659.5                  │
│                                                                                                                      │
├─────────────────────────────────────────────────── Training/Other ───────────────────────────────────────────────────┤
│                                                                                                                      │
│replay/actor_switch_rate=0.0000        │replay/done_rate=0.053                 │replay/intervention_rate=0.0000       │
│replay/intervention_requested_rate=0.0…│replay/record_transition_rate=1.000    │replay/reward_mean=0.0070             │
│replay/reward_positive_rate=0.0070     │replay/transition_count=75.500         │rlt/actor_updates_run=0.0000          │
│rlt/critic_updates_run=0.0000          │rlt/desired_total_updates=0.0000       │rlt/global_min_replay_size=7575.0     │
│rlt/global_total_transitions_added=1.5…│rlt/global_transitions_since_train=1.5…│rlt/max_updates_per_train_step=1600.0 │
│rlt/min_replay_buffer_size=10000.0     │rlt/pending_update_budget=0.0000       │rlt/ready_for_online=0.0000           │
│rlt/should_train=0.0000                │rlt/skip_reason=1.000                  │rlt/train_every_episodes=0.0000       │
│rlt/train_every_transitions=1.000      │rlt/update_epoch=5.000                 │rlt/update_step=0.0000                │
│rlt/updates_scheduled=0.0000           │rlt/updates_to_run=0.0000              │rlt/warmup_required_updates=3.00e+04  │
│                                                                                                                      │
╰──────────────────────────────────────────────────────────────────────────────────────────────────────────────────────╯


╭──────────────────────────────────────────────────────────────────────────────────────────────────────────────────────╮
├──────────────────────────────────────────────────── Metric Table ────────────────────────────────────────────────────┤
│ Global Step:  103/250 │ Progress: ████████████████░░░░░░░░░░░░░░░░░░░░░░░░ │  41.2%                                  │
│ Elapsed: 03:47:07 │ ETA: 05:24:08 │ Step Time: 132.306s                                                              │
├──────────────────────────────────────────────────────── Time ────────────────────────────────────────────────────────┤
│                                                                                                                      │
│actor/actor/compute_adv=9.50e-06       │actor/actor/recv_traj=122.0            │actor/actor/sync_model_to_rollout=0.0…│
│cal_adv_and_returns=0.0030             │env/compute_bootstrap_rewards=0.0016   │env/env/bootstrap_step=30.073         │
│env/env/send_rollout_trajectories=0.362│env/env_interact_step=85.227           │env/interact=122.0                    │
│env/run_interact_once=121.6            │generate_rollouts=122.1                │rollout/generate_one_epoch=121.2      │
│rollout/rollout/generate=121.2         │step=122.5                             │sync_weights=0.346                    │
│                                                                                                                      │
├──────────────────────────────────────────────────── Environment ─────────────────────────────────────────────────────┤
│                                                                                                                      │
│episode_len=200.0                      │num_trajectories=8                     │return=1.125                          │
│reward=0.005625                        │success_once=0.125                     │                                      │
│                                                                                                                      │
├─────────────────────────────────────────────────── Replay Buffer ────────────────────────────────────────────────────┤
│                                                                                                                      │
│cache_size=7735.5                      │num_trajectories=7735.5                │total_samples=7735.5                  │
│                                                                                                                      │
├─────────────────────────────────────────────────── Training/Other ───────────────────────────────────────────────────┤
│                                                                                                                      │
│replay/actor_switch_rate=0.0000        │replay/done_rate=0.053                 │replay/intervention_rate=0.0000       │
│replay/intervention_requested_rate=0.0…│replay/record_transition_rate=1.000    │replay/reward_mean=0.0069             │
│replay/reward_positive_rate=0.0069     │replay/transition_count=76.000         │rlt/actor_updates_run=0.0000          │
│rlt/critic_updates_run=0.0000          │rlt/desired_total_updates=0.0000       │rlt/global_min_replay_size=7647.0     │
│rlt/global_total_transitions_added=1.5…│rlt/global_transitions_since_train=1.5…│rlt/max_updates_per_train_step=1600.0 │
│rlt/min_replay_buffer_size=10000.0     │rlt/pending_update_budget=0.0000       │rlt/ready_for_online=0.0000           │
│rlt/should_train=0.0000                │rlt/skip_reason=1.000                  │rlt/train_every_episodes=0.0000       │
│rlt/train_every_transitions=1.000      │rlt/update_epoch=5.000                 │rlt/update_step=0.0000                │
│rlt/updates_scheduled=0.0000           │rlt/updates_to_run=0.0000              │rlt/warmup_required_updates=3.00e+04  │
│                                                                                                                      │
╰──────────────────────────────────────────────────────────────────────────────────────────────────────────────────────╯


╭──────────────────────────────────────────────────────────────────────────────────────────────────────────────────────╮
├──────────────────────────────────────────────────── Metric Table ────────────────────────────────────────────────────┤
│ Global Step:  104/250 │ Progress: ████████████████░░░░░░░░░░░░░░░░░░░░░░░░ │  41.6%                                  │
│ Elapsed: 03:49:14 │ ETA: 05:21:48 │ Step Time: 132.250s                                                              │
├──────────────────────────────────────────────────────── Time ────────────────────────────────────────────────────────┤
│                                                                                                                      │
│actor/actor/compute_adv=2.40e-05       │actor/actor/recv_traj=126.0            │actor/actor/sync_model_to_rollout=0.0…│
│cal_adv_and_returns=0.0028             │env/compute_bootstrap_rewards=0.0016   │env/env/bootstrap_step=29.369         │
│env/env/send_rollout_trajectories=0.440│env/env_interact_step=88.760           │env/interact=126.0                    │
│env/run_interact_once=125.6            │generate_rollouts=126.1                │rollout/generate_one_epoch=125.2      │
│rollout/rollout/generate=125.2         │step=126.5                             │sync_weights=0.451                    │
│                                                                                                                      │
├──────────────────────────────────────────────────── Environment ─────────────────────────────────────────────────────┤
│                                                                                                                      │
│episode_len=200.0                      │num_trajectories=8                     │return=4.75                           │
│reward=0.02375                         │success_once=0.5                       │                                      │
│                                                                                                                      │
├─────────────────────────────────────────────────── Replay Buffer ────────────────────────────────────────────────────┤
│                                                                                                                      │
│cache_size=7798.5                      │num_trajectories=7798.5                │total_samples=7798.5                  │
│                                                                                                                      │
├─────────────────────────────────────────────────── Training/Other ───────────────────────────────────────────────────┤
│                                                                                                                      │
│replay/actor_switch_rate=0.0000        │replay/done_rate=0.068                 │replay/intervention_rate=0.0000       │
│replay/intervention_requested_rate=0.0…│replay/record_transition_rate=1.000    │replay/reward_mean=0.043              │
│replay/reward_positive_rate=0.043      │replay/transition_count=63.000         │rlt/actor_updates_run=0.0000          │
│rlt/critic_updates_run=0.0000          │rlt/desired_total_updates=0.0000       │rlt/global_min_replay_size=7693.0     │
│rlt/global_total_transitions_added=1.5…│rlt/global_transitions_since_train=1.5…│rlt/max_updates_per_train_step=1600.0 │
│rlt/min_replay_buffer_size=10000.0     │rlt/pending_update_budget=0.0000       │rlt/ready_for_online=0.0000           │
│rlt/should_train=0.0000                │rlt/skip_reason=1.000                  │rlt/train_every_episodes=0.0000       │
│rlt/train_every_transitions=1.000      │rlt/update_epoch=5.000                 │rlt/update_step=0.0000                │
│rlt/updates_scheduled=0.0000           │rlt/updates_to_run=0.0000              │rlt/warmup_required_updates=3.00e+04  │
│                                                                                                                      │
╰──────────────────────────────────────────────────────────────────────────────────────────────────────────────────────╯


╭──────────────────────────────────────────────────────────────────────────────────────────────────────────────────────╮
├──────────────────────────────────────────────────── Metric Table ────────────────────────────────────────────────────┤
│ Global Step:  105/250 │ Progress: ████████████████░░░░░░░░░░░░░░░░░░░░░░░░ │  42.0%                                  │
│ Elapsed: 03:51:07 │ ETA: 05:19:10 │ Step Time: 132.070s                                                              │
├──────────────────────────────────────────────────────── Time ────────────────────────────────────────────────────────┤
│                                                                                                                      │
│actor/actor/compute_adv=1.19e-05       │actor/actor/recv_traj=112.8            │actor/actor/sync_model_to_rollout=0.0…│
│cal_adv_and_returns=0.0030             │env/compute_bootstrap_rewards=0.0015   │env/env/bootstrap_step=30.041         │
│env/env/send_rollout_trajectories=0.445│env/env_interact_step=75.860           │env/interact=112.8                    │
│env/run_interact_once=112.4            │generate_rollouts=112.9                │rollout/generate_one_epoch=111.9      │
│rollout/rollout/generate=111.9         │step=113.3                             │sync_weights=0.426                    │
│                                                                                                                      │
├──────────────────────────────────────────────────── Environment ─────────────────────────────────────────────────────┤
│                                                                                                                      │
│episode_len=200.0                      │num_trajectories=8                     │return=2.625                          │
│reward=0.0131250005                    │success_once=0.25                      │                                      │
│                                                                                                                      │
├─────────────────────────────────────────────────── Replay Buffer ────────────────────────────────────────────────────┤
│                                                                                                                      │
│cache_size=7869.0                      │num_trajectories=7869.0                │total_samples=7869.0                  │
│                                                                                                                      │
├─────────────────────────────────────────────────── Training/Other ───────────────────────────────────────────────────┤
│                                                                                                                      │
│replay/actor_switch_rate=0.0000        │replay/done_rate=0.057                 │replay/intervention_rate=0.0000       │
│replay/intervention_requested_rate=0.0…│replay/record_transition_rate=1.000    │replay/reward_mean=0.014              │
│replay/reward_positive_rate=0.014      │replay/transition_count=70.500         │rlt/actor_updates_run=0.0000          │
│rlt/critic_updates_run=0.0000          │rlt/desired_total_updates=0.0000       │rlt/global_min_replay_size=7763.0     │
│rlt/global_total_transitions_added=1.5…│rlt/global_transitions_since_train=1.5…│rlt/max_updates_per_train_step=1600.0 │
│rlt/min_replay_buffer_size=10000.0     │rlt/pending_update_budget=0.0000       │rlt/ready_for_online=0.0000           │
│rlt/should_train=0.0000                │rlt/skip_reason=1.000                  │rlt/train_every_episodes=0.0000       │
│rlt/train_every_transitions=1.000      │rlt/update_epoch=5.000                 │rlt/update_step=0.0000                │
│rlt/updates_scheduled=0.0000           │rlt/updates_to_run=0.0000              │rlt/warmup_required_updates=3.00e+04  │
│                                                                                                                      │
╰──────────────────────────────────────────────────────────────────────────────────────────────────────────────────────╯


╭──────────────────────────────────────────────────────────────────────────────────────────────────────────────────────╮
├──────────────────────────────────────────────────── Metric Table ────────────────────────────────────────────────────┤
│ Global Step:  106/250 │ Progress: ████████████████░░░░░░░░░░░░░░░░░░░░░░░░ │  42.4%                                  │
│ Elapsed: 03:53:02 │ ETA: 05:16:35 │ Step Time: 131.911s                                                              │
├──────────────────────────────────────────────────────── Time ────────────────────────────────────────────────────────┤
│                                                                                                                      │
│actor/actor/compute_adv=2.41e-05       │actor/actor/recv_traj=114.6            │actor/actor/sync_model_to_rollout=0.0…│
│cal_adv_and_returns=0.0030             │env/compute_bootstrap_rewards=0.0015   │env/env/bootstrap_step=29.854         │
│env/env/send_rollout_trajectories=0.342│env/env_interact_step=77.724           │env/interact=114.6                    │
│env/run_interact_once=114.2            │generate_rollouts=114.7                │rollout/generate_one_epoch=113.8      │
│rollout/rollout/generate=113.8         │step=115.2                             │sync_weights=0.467                    │
│                                                                                                                      │
├──────────────────────────────────────────────────── Environment ─────────────────────────────────────────────────────┤
│                                                                                                                      │
│episode_len=200.0                      │num_trajectories=8                     │return=5.125                          │
│reward=0.025625                        │success_once=0.5                       │                                      │
│                                                                                                                      │
├─────────────────────────────────────────────────── Replay Buffer ────────────────────────────────────────────────────┤
│                                                                                                                      │
│cache_size=7930.5                      │num_trajectories=7930.5                │total_samples=7930.5                  │
│                                                                                                                      │
├─────────────────────────────────────────────────── Training/Other ───────────────────────────────────────────────────┤
│                                                                                                                      │
│replay/actor_switch_rate=0.0000        │replay/done_rate=0.065                 │replay/intervention_rate=0.0000       │
│replay/intervention_requested_rate=0.0…│replay/record_transition_rate=1.000    │replay/reward_mean=0.033              │
│replay/reward_positive_rate=0.033      │replay/transition_count=61.500         │rlt/actor_updates_run=0.0000          │
│rlt/critic_updates_run=0.0000          │rlt/desired_total_updates=0.0000       │rlt/global_min_replay_size=7824.0     │
│rlt/global_total_transitions_added=1.5…│rlt/global_transitions_since_train=1.5…│rlt/max_updates_per_train_step=1600.0 │
│rlt/min_replay_buffer_size=10000.0     │rlt/pending_update_budget=0.0000       │rlt/ready_for_online=0.0000           │
│rlt/should_train=0.0000                │rlt/skip_reason=1.000                  │rlt/train_every_episodes=0.0000       │
│rlt/train_every_transitions=1.000      │rlt/update_epoch=5.000                 │rlt/update_step=0.0000                │
│rlt/updates_scheduled=0.0000           │rlt/updates_to_run=0.0000              │rlt/warmup_required_updates=3.00e+04  │
│                                                                                                                      │
╰──────────────────────────────────────────────────────────────────────────────────────────────────────────────────────╯


╭──────────────────────────────────────────────────────────────────────────────────────────────────────────────────────╮
├──────────────────────────────────────────────────── Metric Table ────────────────────────────────────────────────────┤
│ Global Step:  107/250 │ Progress: █████████████████░░░░░░░░░░░░░░░░░░░░░░░ │  42.8%                                  │
│ Elapsed: 03:55:08 │ ETA: 05:14:15 │ Step Time: 131.857s                                                              │
├──────────────────────────────────────────────────────── Time ────────────────────────────────────────────────────────┤
│                                                                                                                      │
│actor/actor/compute_adv=1.45e-05       │actor/actor/recv_traj=125.5            │actor/actor/sync_model_to_rollout=0.0…│
│cal_adv_and_returns=0.0029             │env/compute_bootstrap_rewards=0.0016   │env/env/bootstrap_step=29.884         │
│env/env/send_rollout_trajectories=0.438│env/env_interact_step=88.478           │env/interact=125.5                    │
│env/run_interact_once=125.1            │generate_rollouts=125.6                │rollout/generate_one_epoch=124.6      │
│rollout/rollout/generate=124.6         │step=126.1                             │sync_weights=0.474                    │
│                                                                                                                      │
├──────────────────────────────────────────────────── Environment ─────────────────────────────────────────────────────┤
│                                                                                                                      │
│episode_len=200.0                      │num_trajectories=8                     │return=0.0                            │
│reward=0.0                             │success_once=0.0                       │                                      │
│                                                                                                                      │
├─────────────────────────────────────────────────── Replay Buffer ────────────────────────────────────────────────────┤
│                                                                                                                      │
│cache_size=8010.5                      │num_trajectories=8010.5                │total_samples=8010.5                  │
│                                                                                                                      │
├─────────────────────────────────────────────────── Training/Other ───────────────────────────────────────────────────┤
│                                                                                                                      │
│replay/actor_switch_rate=0.0000        │replay/done_rate=0.050                 │replay/intervention_rate=0.0000       │
│replay/intervention_requested_rate=0.0…│replay/record_transition_rate=1.000    │replay/reward_mean=0.0000             │
│replay/reward_positive_rate=0.0000     │replay/transition_count=80.000         │rlt/actor_updates_run=0.0000          │
│rlt/critic_updates_run=0.0000          │rlt/desired_total_updates=0.0000       │rlt/global_min_replay_size=7904.0     │
│rlt/global_total_transitions_added=1.6…│rlt/global_transitions_since_train=1.6…│rlt/max_updates_per_train_step=1600.0 │
│rlt/min_replay_buffer_size=10000.0     │rlt/pending_update_budget=0.0000       │rlt/ready_for_online=0.0000           │
│rlt/should_train=0.0000                │rlt/skip_reason=1.000                  │rlt/train_every_episodes=0.0000       │
│rlt/train_every_transitions=1.000      │rlt/update_epoch=5.000                 │rlt/update_step=0.0000                │
│rlt/updates_scheduled=0.0000           │rlt/updates_to_run=0.0000              │rlt/warmup_required_updates=3.00e+04  │
│                                                                                                                      │
╰──────────────────────────────────────────────────────────────────────────────────────────────────────────────────────╯


╭──────────────────────────────────────────────────────────────────────────────────────────────────────────────────────╮
├──────────────────────────────────────────────────── Metric Table ────────────────────────────────────────────────────┤
│ Global Step:  108/250 │ Progress: █████████████████░░░░░░░░░░░░░░░░░░░░░░░ │  43.2%                                  │
│ Elapsed: 03:57:10 │ ETA: 05:11:50 │ Step Time: 131.765s                                                              │
├──────────────────────────────────────────────────────── Time ────────────────────────────────────────────────────────┤
│                                                                                                                      │
│actor/actor/compute_adv=3.31e-05       │actor/actor/recv_traj=121.3            │actor/actor/sync_model_to_rollout=0.0…│
│cal_adv_and_returns=0.0034             │env/compute_bootstrap_rewards=0.0015   │env/env/bootstrap_step=29.734         │
│env/env/send_rollout_trajectories=0.463│env/env_interact_step=84.832           │env/interact=121.3                    │
│env/run_interact_once=120.9            │generate_rollouts=121.4                │rollout/generate_one_epoch=120.4      │
│rollout/rollout/generate=120.4         │step=121.9                             │sync_weights=0.496                    │
│                                                                                                                      │
├──────────────────────────────────────────────────── Environment ─────────────────────────────────────────────────────┤
│                                                                                                                      │
│episode_len=200.0                      │num_trajectories=8                     │return=0.0                            │
│reward=0.0                             │success_once=0.0                       │                                      │
│                                                                                                                      │
├─────────────────────────────────────────────────── Replay Buffer ────────────────────────────────────────────────────┤
│                                                                                                                      │
│cache_size=8090.5                      │num_trajectories=8090.5                │total_samples=8090.5                  │
│                                                                                                                      │
├─────────────────────────────────────────────────── Training/Other ───────────────────────────────────────────────────┤
│                                                                                                                      │
│replay/actor_switch_rate=0.0000        │replay/done_rate=0.050                 │replay/intervention_rate=0.0000       │
│replay/intervention_requested_rate=0.0…│replay/record_transition_rate=1.000    │replay/reward_mean=0.0000             │
│replay/reward_positive_rate=0.0000     │replay/transition_count=80.000         │rlt/actor_updates_run=0.0000          │
│rlt/critic_updates_run=0.0000          │rlt/desired_total_updates=0.0000       │rlt/global_min_replay_size=7984.0     │
│rlt/global_total_transitions_added=1.6…│rlt/global_transitions_since_train=1.6…│rlt/max_updates_per_train_step=1600.0 │
│rlt/min_replay_buffer_size=10000.0     │rlt/pending_update_budget=0.0000       │rlt/ready_for_online=0.0000           │
│rlt/should_train=0.0000                │rlt/skip_reason=1.000                  │rlt/train_every_episodes=0.0000       │
│rlt/train_every_transitions=1.000      │rlt/update_epoch=5.000                 │rlt/update_step=0.0000                │
│rlt/updates_scheduled=0.0000           │rlt/updates_to_run=0.0000              │rlt/warmup_required_updates=3.00e+04  │
│                                                                                                                      │
╰──────────────────────────────────────────────────────────────────────────────────────────────────────────────────────╯


╭──────────────────────────────────────────────────────────────────────────────────────────────────────────────────────╮
├──────────────────────────────────────────────────── Metric Table ────────────────────────────────────────────────────┤
│ Global Step:  109/250 │ Progress: █████████████████░░░░░░░░░░░░░░░░░░░░░░░ │  43.6%                                  │
│ Elapsed: 03:59:17 │ ETA: 05:09:32 │ Step Time: 131.718s                                                              │
├──────────────────────────────────────────────────────── Time ────────────────────────────────────────────────────────┤
│                                                                                                                      │
│actor/actor/compute_adv=1.24e-05       │actor/actor/recv_traj=126.2            │actor/actor/sync_model_to_rollout=0.0…│
│cal_adv_and_returns=0.0029             │env/compute_bootstrap_rewards=0.0016   │env/env/bootstrap_step=29.638         │
│env/env/send_rollout_trajectories=0.441│env/env_interact_step=89.500           │env/interact=126.1                    │
│env/run_interact_once=125.8            │generate_rollouts=126.3                │rollout/generate_one_epoch=125.3      │
│rollout/rollout/generate=125.3         │step=126.6                             │sync_weights=0.359                    │
│                                                                                                                      │
├──────────────────────────────────────────────────── Environment ─────────────────────────────────────────────────────┤
│                                                                                                                      │
│episode_len=200.0                      │num_trajectories=8                     │return=1.0                            │
│reward=0.005                           │success_once=0.125                     │                                      │
│                                                                                                                      │
├─────────────────────────────────────────────────── Replay Buffer ────────────────────────────────────────────────────┤
│                                                                                                                      │
│cache_size=8167.0                      │num_trajectories=8167.0                │total_samples=8167.0                  │
│                                                                                                                      │
├─────────────────────────────────────────────────── Training/Other ───────────────────────────────────────────────────┤
│                                                                                                                      │
│replay/actor_switch_rate=0.0000        │replay/done_rate=0.052                 │replay/intervention_rate=0.0000       │
│replay/intervention_requested_rate=0.0…│replay/record_transition_rate=1.000    │replay/reward_mean=0.0068             │
│replay/reward_positive_rate=0.0068     │replay/transition_count=76.500         │rlt/actor_updates_run=0.0000          │
│rlt/critic_updates_run=0.0000          │rlt/desired_total_updates=0.0000       │rlt/global_min_replay_size=8057.0     │
│rlt/global_total_transitions_added=1.6…│rlt/global_transitions_since_train=1.6…│rlt/max_updates_per_train_step=1600.0 │
│rlt/min_replay_buffer_size=10000.0     │rlt/pending_update_budget=0.0000       │rlt/ready_for_online=0.0000           │
│rlt/should_train=0.0000                │rlt/skip_reason=1.000                  │rlt/train_every_episodes=0.0000       │
│rlt/train_every_transitions=1.000      │rlt/update_epoch=5.000                 │rlt/update_step=0.0000                │
│rlt/updates_scheduled=0.0000           │rlt/updates_to_run=0.0000              │rlt/warmup_required_updates=3.00e+04  │
│                                                                                                                      │
╰──────────────────────────────────────────────────────────────────────────────────────────────────────────────────────╯


╭──────────────────────────────────────────────────────────────────────────────────────────────────────────────────────╮
├──────────────────────────────────────────────────── Metric Table ────────────────────────────────────────────────────┤
│ Global Step:  110/250 │ Progress: █████████████████░░░░░░░░░░░░░░░░░░░░░░░ │  44.0%                                  │
│ Elapsed: 04:01:19 │ ETA: 05:07:07 │ Step Time: 131.627s                                                              │
├──────────────────────────────────────────────────────── Time ────────────────────────────────────────────────────────┤
│                                                                                                                      │
│actor/actor/compute_adv=2.41e-05       │actor/actor/recv_traj=121.2            │actor/actor/sync_model_to_rollout=0.0…│
│cal_adv_and_returns=0.0030             │env/compute_bootstrap_rewards=0.0016   │env/env/bootstrap_step=30.198         │
│env/env/send_rollout_trajectories=0.444│env/env_interact_step=84.736           │env/interact=121.2                    │
│env/run_interact_once=120.8            │generate_rollouts=121.3                │rollout/generate_one_epoch=120.3      │
│rollout/rollout/generate=120.3         │step=121.8                             │sync_weights=0.467                    │
│                                                                                                                      │
├──────────────────────────────────────────────────── Environment ─────────────────────────────────────────────────────┤
│                                                                                                                      │
│episode_len=200.0                      │num_trajectories=8                     │return=1.25                           │
│reward=0.00625                         │success_once=0.125                     │                                      │
│                                                                                                                      │
├─────────────────────────────────────────────────── Replay Buffer ────────────────────────────────────────────────────┤
│                                                                                                                      │
│cache_size=8242.5                      │num_trajectories=8242.5                │total_samples=8242.5                  │
│                                                                                                                      │
├─────────────────────────────────────────────────── Training/Other ───────────────────────────────────────────────────┤
│                                                                                                                      │
│replay/actor_switch_rate=0.0000        │replay/done_rate=0.053                 │replay/intervention_rate=0.0000       │
│replay/intervention_requested_rate=0.0…│replay/record_transition_rate=1.000    │replay/reward_mean=0.0070             │
│replay/reward_positive_rate=0.0070     │replay/transition_count=75.500         │rlt/actor_updates_run=0.0000          │
│rlt/critic_updates_run=0.0000          │rlt/desired_total_updates=0.0000       │rlt/global_min_replay_size=8128.0     │
│rlt/global_total_transitions_added=1.6…│rlt/global_transitions_since_train=1.6…│rlt/max_updates_per_train_step=1600.0 │
│rlt/min_replay_buffer_size=10000.0     │rlt/pending_update_budget=0.0000       │rlt/ready_for_online=0.0000           │
│rlt/should_train=0.0000                │rlt/skip_reason=1.000                  │rlt/train_every_episodes=0.0000       │
│rlt/train_every_transitions=1.000      │rlt/update_epoch=5.000                 │rlt/update_step=0.0000                │
│rlt/updates_scheduled=0.0000           │rlt/updates_to_run=0.0000              │rlt/warmup_required_updates=3.00e+04  │
│                                                                                                                      │
╰──────────────────────────────────────────────────────────────────────────────────────────────────────────────────────╯


╭──────────────────────────────────────────────────────────────────────────────────────────────────────────────────────╮
├──────────────────────────────────────────────────── Metric Table ────────────────────────────────────────────────────┤
│ Global Step:  111/250 │ Progress: █████████████████░░░░░░░░░░░░░░░░░░░░░░░ │  44.4%                                  │
│ Elapsed: 04:03:14 │ ETA: 05:04:35 │ Step Time: 131.482s                                                              │
├──────────────────────────────────────────────────────── Time ────────────────────────────────────────────────────────┤
│                                                                                                                      │
│actor/actor/compute_adv=1.02e-05       │actor/actor/recv_traj=114.9            │actor/actor/sync_model_to_rollout=0.0…│
│cal_adv_and_returns=0.0027             │env/compute_bootstrap_rewards=0.0016   │env/env/bootstrap_step=29.545         │
│env/env/send_rollout_trajectories=0.423│env/env_interact_step=78.530           │env/interact=114.9                    │
│env/run_interact_once=114.5            │generate_rollouts=115.0                │rollout/generate_one_epoch=114.0      │
│rollout/rollout/generate=114.0         │step=115.5                             │sync_weights=0.452                    │
│                                                                                                                      │
├──────────────────────────────────────────────────── Environment ─────────────────────────────────────────────────────┤
│                                                                                                                      │
│episode_len=200.0                      │num_trajectories=8                     │return=2.25                           │
│reward=0.01125                         │success_once=0.25                      │                                      │
│                                                                                                                      │
├─────────────────────────────────────────────────── Replay Buffer ────────────────────────────────────────────────────┤
│                                                                                                                      │
│cache_size=8314.5                      │num_trajectories=8314.5                │total_samples=8314.5                  │
│                                                                                                                      │
├─────────────────────────────────────────────────── Training/Other ───────────────────────────────────────────────────┤
│                                                                                                                      │
│replay/actor_switch_rate=0.0000        │replay/done_rate=0.056                 │replay/intervention_rate=0.0000       │
│replay/intervention_requested_rate=0.0…│replay/record_transition_rate=1.000    │replay/reward_mean=0.014              │
│replay/reward_positive_rate=0.014      │replay/transition_count=72.000         │rlt/actor_updates_run=0.0000          │
│rlt/critic_updates_run=0.0000          │rlt/desired_total_updates=0.0000       │rlt/global_min_replay_size=8199.0     │
│rlt/global_total_transitions_added=1.6…│rlt/global_transitions_since_train=1.6…│rlt/max_updates_per_train_step=1600.0 │
│rlt/min_replay_buffer_size=10000.0     │rlt/pending_update_budget=0.0000       │rlt/ready_for_online=0.0000           │
│rlt/should_train=0.0000                │rlt/skip_reason=1.000                  │rlt/train_every_episodes=0.0000       │
│rlt/train_every_transitions=1.000      │rlt/update_epoch=5.000                 │rlt/update_step=0.0000                │
│rlt/updates_scheduled=0.0000           │rlt/updates_to_run=0.0000              │rlt/warmup_required_updates=3.00e+04  │
│                                                                                                                      │
╰──────────────────────────────────────────────────────────────────────────────────────────────────────────────────────╯


╭──────────────────────────────────────────────────────────────────────────────────────────────────────────────────────╮
├──────────────────────────────────────────────────── Metric Table ────────────────────────────────────────────────────┤
│ Global Step:  112/250 │ Progress: █████████████████░░░░░░░░░░░░░░░░░░░░░░░ │  44.8%                                  │
│ Elapsed: 04:05:20 │ ETA: 05:02:18 │ Step Time: 131.436s                                                              │
├──────────────────────────────────────────────────────── Time ────────────────────────────────────────────────────────┤
│                                                                                                                      │
│actor/actor/compute_adv=2.51e-05       │actor/actor/recv_traj=125.8            │actor/actor/sync_model_to_rollout=0.0…│
│cal_adv_and_returns=0.0032             │env/compute_bootstrap_rewards=0.0015   │env/env/bootstrap_step=29.690         │
│env/env/send_rollout_trajectories=0.429│env/env_interact_step=89.023           │env/interact=125.8                    │
│env/run_interact_once=125.4            │generate_rollouts=125.9                │rollout/generate_one_epoch=124.9      │
│rollout/rollout/generate=124.9         │step=126.3                             │sync_weights=0.432                    │
│                                                                                                                      │
├──────────────────────────────────────────────────── Environment ─────────────────────────────────────────────────────┤
│                                                                                                                      │
│episode_len=200.0                      │num_trajectories=8                     │return=0.0                            │
│reward=0.0                             │success_once=0.0                       │                                      │
│                                                                                                                      │
├─────────────────────────────────────────────────── Replay Buffer ────────────────────────────────────────────────────┤
│                                                                                                                      │
│cache_size=8394.5                      │num_trajectories=8394.5                │total_samples=8394.5                  │
│                                                                                                                      │
├─────────────────────────────────────────────────── Training/Other ───────────────────────────────────────────────────┤
│                                                                                                                      │
│replay/actor_switch_rate=0.0000        │replay/done_rate=0.050                 │replay/intervention_rate=0.0000       │
│replay/intervention_requested_rate=0.0…│replay/record_transition_rate=1.000    │replay/reward_mean=0.0000             │
│replay/reward_positive_rate=0.0000     │replay/transition_count=80.000         │rlt/actor_updates_run=0.0000          │
│rlt/critic_updates_run=0.0000          │rlt/desired_total_updates=0.0000       │rlt/global_min_replay_size=8279.0     │
│rlt/global_total_transitions_added=1.6…│rlt/global_transitions_since_train=1.6…│rlt/max_updates_per_train_step=1600.0 │
│rlt/min_replay_buffer_size=10000.0     │rlt/pending_update_budget=0.0000       │rlt/ready_for_online=0.0000           │
│rlt/should_train=0.0000                │rlt/skip_reason=1.000                  │rlt/train_every_episodes=0.0000       │
│rlt/train_every_transitions=1.000      │rlt/update_epoch=5.000                 │rlt/update_step=0.0000                │
│rlt/updates_scheduled=0.0000           │rlt/updates_to_run=0.0000              │rlt/warmup_required_updates=3.00e+04  │
│                                                                                                                      │
╰──────────────────────────────────────────────────────────────────────────────────────────────────────────────────────╯


╭──────────────────────────────────────────────────────────────────────────────────────────────────────────────────────╮
├──────────────────────────────────────────────────── Metric Table ────────────────────────────────────────────────────┤
│ Global Step:  113/250 │ Progress: ██████████████████░░░░░░░░░░░░░░░░░░░░░░ │  45.2%                                  │
│ Elapsed: 04:07:28 │ ETA: 05:00:01 │ Step Time: 131.399s                                                              │
├──────────────────────────────────────────────────────── Time ────────────────────────────────────────────────────────┤
│                                                                                                                      │
│actor/actor/compute_adv=1.18e-05       │actor/actor/recv_traj=126.7            │actor/actor/sync_model_to_rollout=0.0…│
│cal_adv_and_returns=0.0030             │env/compute_bootstrap_rewards=0.0017   │env/env/bootstrap_step=30.247         │
│env/env/send_rollout_trajectories=0.459│env/env_interact_step=89.619           │env/interact=126.7                    │
│env/run_interact_once=126.2            │generate_rollouts=126.8                │rollout/generate_one_epoch=125.7      │
│rollout/rollout/generate=125.7         │step=127.3                             │sync_weights=0.472                    │
│                                                                                                                      │
├──────────────────────────────────────────────────── Environment ─────────────────────────────────────────────────────┤
│                                                                                                                      │
│episode_len=200.0                      │num_trajectories=8                     │return=0.0                            │
│reward=0.0                             │success_once=0.0                       │                                      │
│                                                                                                                      │
├─────────────────────────────────────────────────── Replay Buffer ────────────────────────────────────────────────────┤
│                                                                                                                      │
│cache_size=8474.5                      │num_trajectories=8474.5                │total_samples=8474.5                  │
│                                                                                                                      │
├─────────────────────────────────────────────────── Training/Other ───────────────────────────────────────────────────┤
│                                                                                                                      │
│replay/actor_switch_rate=0.0000        │replay/done_rate=0.050                 │replay/intervention_rate=0.0000       │
│replay/intervention_requested_rate=0.0…│replay/record_transition_rate=1.000    │replay/reward_mean=0.0000             │
│replay/reward_positive_rate=0.0000     │replay/transition_count=80.000         │rlt/actor_updates_run=0.0000          │
│rlt/critic_updates_run=0.0000          │rlt/desired_total_updates=0.0000       │rlt/global_min_replay_size=8359.0     │
│rlt/global_total_transitions_added=1.6…│rlt/global_transitions_since_train=1.6…│rlt/max_updates_per_train_step=1600.0 │
│rlt/min_replay_buffer_size=10000.0     │rlt/pending_update_budget=0.0000       │rlt/ready_for_online=0.0000           │
│rlt/should_train=0.0000                │rlt/skip_reason=1.000                  │rlt/train_every_episodes=0.0000       │
│rlt/train_every_transitions=1.000      │rlt/update_epoch=5.000                 │rlt/update_step=0.0000                │
│rlt/updates_scheduled=0.0000           │rlt/updates_to_run=0.0000              │rlt/warmup_required_updates=3.00e+04  │
│                                                                                                                      │
╰──────────────────────────────────────────────────────────────────────────────────────────────────────────────────────╯


╭──────────────────────────────────────────────────────────────────────────────────────────────────────────────────────╮
├──────────────────────────────────────────────────── Metric Table ────────────────────────────────────────────────────┤
│ Global Step:  114/250 │ Progress: ██████████████████░░░░░░░░░░░░░░░░░░░░░░ │  45.6%                                  │
│ Elapsed: 04:09:31 │ ETA: 04:57:40 │ Step Time: 131.327s                                                              │
├──────────────────────────────────────────────────────── Time ────────────────────────────────────────────────────────┤
│                                                                                                                      │
│actor/actor/compute_adv=1.13e-05       │actor/actor/recv_traj=122.6            │actor/actor/sync_model_to_rollout=0.0…│
│cal_adv_and_returns=0.0031             │env/compute_bootstrap_rewards=0.0016   │env/env/bootstrap_step=29.688         │
│env/env/send_rollout_trajectories=0.428│env/env_interact_step=86.181           │env/interact=122.6                    │
│env/run_interact_once=122.2            │generate_rollouts=122.7                │rollout/generate_one_epoch=121.7      │
│rollout/rollout/generate=121.7         │step=123.2                             │sync_weights=0.462                    │
│                                                                                                                      │
├──────────────────────────────────────────────────── Environment ─────────────────────────────────────────────────────┤
│                                                                                                                      │
│episode_len=200.0                      │num_trajectories=8                     │return=1.25                           │
│reward=0.00625                         │success_once=0.125                     │                                      │
│                                                                                                                      │
├─────────────────────────────────────────────────── Replay Buffer ────────────────────────────────────────────────────┤
│                                                                                                                      │
│cache_size=8550.0                      │num_trajectories=8550.0                │total_samples=8550.0                  │
│                                                                                                                      │
├─────────────────────────────────────────────────── Training/Other ───────────────────────────────────────────────────┤
│                                                                                                                      │
│replay/actor_switch_rate=0.0000        │replay/done_rate=0.053                 │replay/intervention_rate=0.0000       │
│replay/intervention_requested_rate=0.0…│replay/record_transition_rate=1.000    │replay/reward_mean=0.0070             │
│replay/reward_positive_rate=0.0070     │replay/transition_count=75.500         │rlt/actor_updates_run=0.0000          │
│rlt/critic_updates_run=0.0000          │rlt/desired_total_updates=0.0000       │rlt/global_min_replay_size=8430.0     │
│rlt/global_total_transitions_added=1.7…│rlt/global_transitions_since_train=1.7…│rlt/max_updates_per_train_step=1600.0 │
│rlt/min_replay_buffer_size=10000.0     │rlt/pending_update_budget=0.0000       │rlt/ready_for_online=0.0000           │
│rlt/should_train=0.0000                │rlt/skip_reason=1.000                  │rlt/train_every_episodes=0.0000       │
│rlt/train_every_transitions=1.000      │rlt/update_epoch=5.000                 │rlt/update_step=0.0000                │
│rlt/updates_scheduled=0.0000           │rlt/updates_to_run=0.0000              │rlt/warmup_required_updates=3.00e+04  │
│                                                                                                                      │
╰──────────────────────────────────────────────────────────────────────────────────────────────────────────────────────╯


╭──────────────────────────────────────────────────────────────────────────────────────────────────────────────────────╮
├──────────────────────────────────────────────────── Metric Table ────────────────────────────────────────────────────┤
│ Global Step:  115/250 │ Progress: ██████████████████░░░░░░░░░░░░░░░░░░░░░░ │  46.0%                                  │
│ Elapsed: 04:11:34 │ ETA: 04:55:20 │ Step Time: 131.260s                                                              │
├──────────────────────────────────────────────────────── Time ────────────────────────────────────────────────────────┤
│                                                                                                                      │
│actor/actor/compute_adv=2.06e-05       │actor/actor/recv_traj=123.0            │actor/actor/sync_model_to_rollout=0.0…│
│cal_adv_and_returns=0.0032             │env/compute_bootstrap_rewards=0.0017   │env/env/bootstrap_step=29.683         │
│env/env/send_rollout_trajectories=0.454│env/env_interact_step=86.144           │env/interact=123.0                    │
│env/run_interact_once=122.6            │generate_rollouts=123.1                │rollout/generate_one_epoch=122.1      │
│rollout/rollout/generate=122.1         │step=123.6                             │sync_weights=0.475                    │
│                                                                                                                      │
├──────────────────────────────────────────────────── Environment ─────────────────────────────────────────────────────┤
│                                                                                                                      │
│episode_len=200.0                      │num_trajectories=8                     │return=0.0                            │
│reward=0.0                             │success_once=0.0                       │                                      │
│                                                                                                                      │
├─────────────────────────────────────────────────── Replay Buffer ────────────────────────────────────────────────────┤
│                                                                                                                      │
│cache_size=8630.0                      │num_trajectories=8630.0                │total_samples=8630.0                  │
│                                                                                                                      │
├─────────────────────────────────────────────────── Training/Other ───────────────────────────────────────────────────┤
│                                                                                                                      │
│replay/actor_switch_rate=0.0000        │replay/done_rate=0.050                 │replay/intervention_rate=0.0000       │
│replay/intervention_requested_rate=0.0…│replay/record_transition_rate=1.000    │replay/reward_mean=0.0000             │
│replay/reward_positive_rate=0.0000     │replay/transition_count=80.000         │rlt/actor_updates_run=0.0000          │
│rlt/critic_updates_run=0.0000          │rlt/desired_total_updates=0.0000       │rlt/global_min_replay_size=8510.0     │
│rlt/global_total_transitions_added=1.7…│rlt/global_transitions_since_train=1.7…│rlt/max_updates_per_train_step=1600.0 │
│rlt/min_replay_buffer_size=10000.0     │rlt/pending_update_budget=0.0000       │rlt/ready_for_online=0.0000           │
│rlt/should_train=0.0000                │rlt/skip_reason=1.000                  │rlt/train_every_episodes=0.0000       │
│rlt/train_every_transitions=1.000      │rlt/update_epoch=5.000                 │rlt/update_step=0.0000                │
│rlt/updates_scheduled=0.0000           │rlt/updates_to_run=0.0000              │rlt/warmup_required_updates=3.00e+04  │
│                                                                                                                      │
╰──────────────────────────────────────────────────────────────────────────────────────────────────────────────────────╯


╭──────────────────────────────────────────────────────────────────────────────────────────────────────────────────────╮
├──────────────────────────────────────────────────── Metric Table ────────────────────────────────────────────────────┤
│ Global Step:  116/250 │ Progress: ██████████████████░░░░░░░░░░░░░░░░░░░░░░ │  46.4%                                  │
│ Elapsed: 04:13:41 │ ETA: 04:53:02 │ Step Time: 131.216s                                                              │
├──────────────────────────────────────────────────────── Time ────────────────────────────────────────────────────────┤
│                                                                                                                      │
│actor/actor/compute_adv=2.44e-05       │actor/actor/recv_traj=125.6            │actor/actor/sync_model_to_rollout=0.0…│
│cal_adv_and_returns=0.0030             │env/compute_bootstrap_rewards=0.0017   │env/env/bootstrap_step=29.752         │
│env/env/send_rollout_trajectories=0.456│env/env_interact_step=89.260           │env/interact=125.6                    │
│env/run_interact_once=125.2            │generate_rollouts=125.7                │rollout/generate_one_epoch=124.7      │
│rollout/rollout/generate=124.7         │step=126.2                             │sync_weights=0.474                    │
│                                                                                                                      │
├──────────────────────────────────────────────────── Environment ─────────────────────────────────────────────────────┤
│                                                                                                                      │
│episode_len=200.0                      │num_trajectories=8                     │return=0.0                            │
│reward=0.0                             │success_once=0.0                       │                                      │
│                                                                                                                      │
├─────────────────────────────────────────────────── Replay Buffer ────────────────────────────────────────────────────┤
│                                                                                                                      │
│cache_size=8710.0                      │num_trajectories=8710.0                │total_samples=8710.0                  │
│                                                                                                                      │
├─────────────────────────────────────────────────── Training/Other ───────────────────────────────────────────────────┤
│                                                                                                                      │
│replay/actor_switch_rate=0.0000        │replay/done_rate=0.050                 │replay/intervention_rate=0.0000       │
│replay/intervention_requested_rate=0.0…│replay/record_transition_rate=1.000    │replay/reward_mean=0.0000             │
│replay/reward_positive_rate=0.0000     │replay/transition_count=80.000         │rlt/actor_updates_run=0.0000          │
│rlt/critic_updates_run=0.0000          │rlt/desired_total_updates=0.0000       │rlt/global_min_replay_size=8590.0     │
│rlt/global_total_transitions_added=1.7…│rlt/global_transitions_since_train=1.7…│rlt/max_updates_per_train_step=1600.0 │
│rlt/min_replay_buffer_size=10000.0     │rlt/pending_update_budget=0.0000       │rlt/ready_for_online=0.0000           │
│rlt/should_train=0.0000                │rlt/skip_reason=1.000                  │rlt/train_every_episodes=0.0000       │
│rlt/train_every_transitions=1.000      │rlt/update_epoch=5.000                 │rlt/update_step=0.0000                │
│rlt/updates_scheduled=0.0000           │rlt/updates_to_run=0.0000              │rlt/warmup_required_updates=3.00e+04  │
│                                                                                                                      │
╰──────────────────────────────────────────────────────────────────────────────────────────────────────────────────────╯


╭──────────────────────────────────────────────────────────────────────────────────────────────────────────────────────╮
├──────────────────────────────────────────────────── Metric Table ────────────────────────────────────────────────────┤
│ Global Step:  117/250 │ Progress: ██████████████████░░░░░░░░░░░░░░░░░░░░░░ │  46.8%                                  │
│ Elapsed: 04:15:49 │ ETA: 04:50:49 │ Step Time: 131.196s                                                              │
├──────────────────────────────────────────────────────── Time ────────────────────────────────────────────────────────┤
│                                                                                                                      │
│actor/actor/compute_adv=2.94e-05       │actor/actor/recv_traj=128.2            │actor/actor/sync_model_to_rollout=0.0…│
│cal_adv_and_returns=0.0036             │env/compute_bootstrap_rewards=0.0016   │env/env/bootstrap_step=29.598         │
│env/env/send_rollout_trajectories=0.439│env/env_interact_step=91.449           │env/interact=128.2                    │
│env/run_interact_once=127.8            │generate_rollouts=128.3                │rollout/generate_one_epoch=127.3      │
│rollout/rollout/generate=127.3         │step=128.8                             │sync_weights=0.479                    │
│                                                                                                                      │
├──────────────────────────────────────────────────── Environment ─────────────────────────────────────────────────────┤
│                                                                                                                      │
│episode_len=200.0                      │num_trajectories=8                     │return=1.125                          │
│reward=0.005625                        │success_once=0.125                     │                                      │
│                                                                                                                      │
├─────────────────────────────────────────────────── Replay Buffer ────────────────────────────────────────────────────┤
│                                                                                                                      │
│cache_size=8786.0                      │num_trajectories=8786.0                │total_samples=8786.0                  │
│                                                                                                                      │
├─────────────────────────────────────────────────── Training/Other ───────────────────────────────────────────────────┤
│                                                                                                                      │
│replay/actor_switch_rate=0.0000        │replay/done_rate=0.053                 │replay/intervention_rate=0.0000       │
│replay/intervention_requested_rate=0.0…│replay/record_transition_rate=1.000    │replay/reward_mean=0.0069             │
│replay/reward_positive_rate=0.0069     │replay/transition_count=76.000         │rlt/actor_updates_run=0.0000          │
│rlt/critic_updates_run=0.0000          │rlt/desired_total_updates=0.0000       │rlt/global_min_replay_size=8670.0     │
│rlt/global_total_transitions_added=1.7…│rlt/global_transitions_since_train=1.7…│rlt/max_updates_per_train_step=1600.0 │
│rlt/min_replay_buffer_size=10000.0     │rlt/pending_update_budget=0.0000       │rlt/ready_for_online=0.0000           │
│rlt/should_train=0.0000                │rlt/skip_reason=1.000                  │rlt/train_every_episodes=0.0000       │
│rlt/train_every_transitions=1.000      │rlt/update_epoch=5.000                 │rlt/update_step=0.0000                │
│rlt/updates_scheduled=0.0000           │rlt/updates_to_run=0.0000              │rlt/warmup_required_updates=3.00e+04  │
│                                                                                                                      │
╰──────────────────────────────────────────────────────────────────────────────────────────────────────────────────────╯


╭──────────────────────────────────────────────────────────────────────────────────────────────────────────────────────╮
├──────────────────────────────────────────────────── Metric Table ────────────────────────────────────────────────────┤
│ Global Step:  118/250 │ Progress: ██████████████████░░░░░░░░░░░░░░░░░░░░░░ │  47.2%                                  │
│ Elapsed: 04:17:47 │ ETA: 04:48:22 │ Step Time: 131.080s                                                              │
├──────────────────────────────────────────────────────── Time ────────────────────────────────────────────────────────┤
│                                                                                                                      │
│actor/actor/compute_adv=1.21e-05       │actor/actor/recv_traj=116.9            │actor/actor/sync_model_to_rollout=0.0…│
│cal_adv_and_returns=0.0031             │env/compute_bootstrap_rewards=0.0016   │env/env/bootstrap_step=29.654         │
│env/env/send_rollout_trajectories=0.457│env/env_interact_step=80.338           │env/interact=116.9                    │
│env/run_interact_once=116.5            │generate_rollouts=117.0                │rollout/generate_one_epoch=116.0      │
│rollout/rollout/generate=116.0         │step=117.5                             │sync_weights=0.480                    │
│                                                                                                                      │
├──────────────────────────────────────────────────── Environment ─────────────────────────────────────────────────────┤
│                                                                                                                      │
│episode_len=200.0                      │num_trajectories=8                     │return=3.375                          │
│reward=0.016875                        │success_once=0.375                     │                                      │
│                                                                                                                      │
├─────────────────────────────────────────────────── Replay Buffer ────────────────────────────────────────────────────┤
│                                                                                                                      │
│cache_size=8854.0                      │num_trajectories=8854.0                │total_samples=8854.0                  │
│                                                                                                                      │
├─────────────────────────────────────────────────── Training/Other ───────────────────────────────────────────────────┤
│                                                                                                                      │
│replay/actor_switch_rate=0.0000        │replay/done_rate=0.059                 │replay/intervention_rate=0.0000       │
│replay/intervention_requested_rate=0.0…│replay/record_transition_rate=1.000    │replay/reward_mean=0.022              │
│replay/reward_positive_rate=0.022      │replay/transition_count=68.000         │rlt/actor_updates_run=0.0000          │
│rlt/critic_updates_run=0.0000          │rlt/desired_total_updates=0.0000       │rlt/global_min_replay_size=8735.0     │
│rlt/global_total_transitions_added=1.7…│rlt/global_transitions_since_train=1.7…│rlt/max_updates_per_train_step=1600.0 │
│rlt/min_replay_buffer_size=10000.0     │rlt/pending_update_budget=0.0000       │rlt/ready_for_online=0.0000           │
│rlt/should_train=0.0000                │rlt/skip_reason=1.000                  │rlt/train_every_episodes=0.0000       │
│rlt/train_every_transitions=1.000      │rlt/update_epoch=5.000                 │rlt/update_step=0.0000                │
│rlt/updates_scheduled=0.0000           │rlt/updates_to_run=0.0000              │rlt/warmup_required_updates=3.00e+04  │
│                                                                                                                      │
╰──────────────────────────────────────────────────────────────────────────────────────────────────────────────────────╯


╭──────────────────────────────────────────────────────────────────────────────────────────────────────────────────────╮
├──────────────────────────────────────────────────── Metric Table ────────────────────────────────────────────────────┤
│ Global Step:  119/250 │ Progress: ███████████████████░░░░░░░░░░░░░░░░░░░░░ │  47.6%                                  │
│ Elapsed: 04:19:47 │ ETA: 04:45:59 │ Step Time: 130.992s                                                              │
├──────────────────────────────────────────────────────── Time ────────────────────────────────────────────────────────┤
│                                                                                                                      │
│actor/actor/compute_adv=1.33e-05       │actor/actor/recv_traj=120.0            │actor/actor/sync_model_to_rollout=0.0…│
│cal_adv_and_returns=0.0030             │env/compute_bootstrap_rewards=0.0016   │env/env/bootstrap_step=29.830         │
│env/env/send_rollout_trajectories=0.450│env/env_interact_step=83.358           │env/interact=119.9                    │
│env/run_interact_once=119.6            │generate_rollouts=120.1                │rollout/generate_one_epoch=119.1      │
│rollout/rollout/generate=119.1         │step=120.6                             │sync_weights=0.464                    │
│                                                                                                                      │
├──────────────────────────────────────────────────── Environment ─────────────────────────────────────────────────────┤
│                                                                                                                      │
│episode_len=200.0                      │num_trajectories=8                     │return=0.0                            │
│reward=0.0                             │success_once=0.0                       │                                      │
│                                                                                                                      │
├─────────────────────────────────────────────────── Replay Buffer ────────────────────────────────────────────────────┤
│                                                                                                                      │
│cache_size=8934.0                      │num_trajectories=8934.0                │total_samples=8934.0                  │
│                                                                                                                      │
├─────────────────────────────────────────────────── Training/Other ───────────────────────────────────────────────────┤
│                                                                                                                      │
│replay/actor_switch_rate=0.0000        │replay/done_rate=0.050                 │replay/intervention_rate=0.0000       │
│replay/intervention_requested_rate=0.0…│replay/record_transition_rate=1.000    │replay/reward_mean=0.0000             │
│replay/reward_positive_rate=0.0000     │replay/transition_count=80.000         │rlt/actor_updates_run=0.0000          │
│rlt/critic_updates_run=0.0000          │rlt/desired_total_updates=0.0000       │rlt/global_min_replay_size=8815.0     │
│rlt/global_total_transitions_added=1.7…│rlt/global_transitions_since_train=1.7…│rlt/max_updates_per_train_step=1600.0 │
│rlt/min_replay_buffer_size=10000.0     │rlt/pending_update_budget=0.0000       │rlt/ready_for_online=0.0000           │
│rlt/should_train=0.0000                │rlt/skip_reason=1.000                  │rlt/train_every_episodes=0.0000       │
│rlt/train_every_transitions=1.000      │rlt/update_epoch=5.000                 │rlt/update_step=0.0000                │
│rlt/updates_scheduled=0.0000           │rlt/updates_to_run=0.0000              │rlt/warmup_required_updates=3.00e+04  │
│                                                                                                                      │
╰──────────────────────────────────────────────────────────────────────────────────────────────────────────────────────╯


╭──────────────────────────────────────────────────────────────────────────────────────────────────────────────────────╮
├──────────────────────────────────────────────────── Metric Table ────────────────────────────────────────────────────┤
│ Global Step:  120/250 │ Progress: ███████████████████░░░░░░░░░░░░░░░░░░░░░ │  48.0%                                  │
│ Elapsed: 04:21:50 │ ETA: 04:43:40 │ Step Time: 130.925s                                                              │
├──────────────────────────────────────────────────────── Time ────────────────────────────────────────────────────────┤
│                                                                                                                      │
│actor/actor/compute_adv=1.11e-05       │actor/actor/recv_traj=122.4            │actor/actor/sync_model_to_rollout=0.0…│
│cal_adv_and_returns=0.0031             │env/compute_bootstrap_rewards=0.0015   │env/env/bootstrap_step=29.474         │
│env/env/send_rollout_trajectories=0.442│env/env_interact_step=86.624           │env/interact=122.4                    │
│env/run_interact_once=122.0            │generate_rollouts=122.5                │rollout/generate_one_epoch=121.6      │
│rollout/rollout/generate=121.6         │step=122.9                             │sync_weights=0.435                    │
│                                                                                                                      │
├──────────────────────────────────────────────────── Environment ─────────────────────────────────────────────────────┤
│                                                                                                                      │
│episode_len=200.0                      │num_trajectories=8                     │return=2.5                            │
│reward=0.0125                          │success_once=0.25                      │                                      │
│                                                                                                                      │
├─────────────────────────────────────────────────── Replay Buffer ────────────────────────────────────────────────────┤
│                                                                                                                      │
│cache_size=9005.0                      │num_trajectories=9005.0                │total_samples=9005.0                  │
│                                                                                                                      │
├─────────────────────────────────────────────────── Training/Other ───────────────────────────────────────────────────┤
│                                                                                                                      │
│replay/actor_switch_rate=0.0000        │replay/done_rate=0.057                 │replay/intervention_rate=0.0000       │
│replay/intervention_requested_rate=0.0…│replay/record_transition_rate=1.000    │replay/reward_mean=0.016              │
│replay/reward_positive_rate=0.016      │replay/transition_count=71.000         │rlt/actor_updates_run=0.0000          │
│rlt/critic_updates_run=0.0000          │rlt/desired_total_updates=0.0000       │rlt/global_min_replay_size=8877.0     │
│rlt/global_total_transitions_added=1.8…│rlt/global_transitions_since_train=1.8…│rlt/max_updates_per_train_step=1600.0 │
│rlt/min_replay_buffer_size=10000.0     │rlt/pending_update_budget=0.0000       │rlt/ready_for_online=0.0000           │
│rlt/should_train=0.0000                │rlt/skip_reason=1.000                  │rlt/train_every_episodes=0.0000       │
│rlt/train_every_transitions=1.000      │rlt/update_epoch=5.000                 │rlt/update_step=0.0000                │
│rlt/updates_scheduled=0.0000           │rlt/updates_to_run=0.0000              │rlt/warmup_required_updates=3.00e+04  │
│                                                                                                                      │
╰──────────────────────────────────────────────────────────────────────────────────────────────────────────────────────╯


╭──────────────────────────────────────────────────────────────────────────────────────────────────────────────────────╮
├──────────────────────────────────────────────────── Metric Table ────────────────────────────────────────────────────┤
│ Global Step:  121/250 │ Progress: ███████████████████░░░░░░░░░░░░░░░░░░░░░ │  48.4%                                  │
│ Elapsed: 04:23:54 │ ETA: 04:41:21 │ Step Time: 130.864s                                                              │
├──────────────────────────────────────────────────────── Time ────────────────────────────────────────────────────────┤
│                                                                                                                      │
│actor/actor/compute_adv=2.49e-05       │actor/actor/recv_traj=123.1            │actor/actor/sync_model_to_rollout=0.0…│
│cal_adv_and_returns=0.0028             │env/compute_bootstrap_rewards=0.0017   │env/env/bootstrap_step=29.975         │
│env/env/send_rollout_trajectories=0.449│env/env_interact_step=86.118           │env/interact=123.0                    │
│env/run_interact_once=122.6            │generate_rollouts=123.2                │rollout/generate_one_epoch=122.1      │
│rollout/rollout/generate=122.1         │step=123.6                             │sync_weights=0.398                    │
│                                                                                                                      │
├──────────────────────────────────────────────────── Environment ─────────────────────────────────────────────────────┤
│                                                                                                                      │
│episode_len=200.0                      │num_trajectories=8                     │return=0.0                            │
│reward=0.0                             │success_once=0.0                       │                                      │
│                                                                                                                      │
├─────────────────────────────────────────────────── Replay Buffer ────────────────────────────────────────────────────┤
│                                                                                                                      │
│cache_size=9085.0                      │num_trajectories=9085.0                │total_samples=9085.0                  │
│                                                                                                                      │
├─────────────────────────────────────────────────── Training/Other ───────────────────────────────────────────────────┤
│                                                                                                                      │
│replay/actor_switch_rate=0.0000        │replay/done_rate=0.050                 │replay/intervention_rate=0.0000       │
│replay/intervention_requested_rate=0.0…│replay/record_transition_rate=1.000    │replay/reward_mean=0.0000             │
│replay/reward_positive_rate=0.0000     │replay/transition_count=80.000         │rlt/actor_updates_run=0.0000          │
│rlt/critic_updates_run=0.0000          │rlt/desired_total_updates=0.0000       │rlt/global_min_replay_size=8957.0     │
│rlt/global_total_transitions_added=1.8…│rlt/global_transitions_since_train=1.8…│rlt/max_updates_per_train_step=1600.0 │
│rlt/min_replay_buffer_size=10000.0     │rlt/pending_update_budget=0.0000       │rlt/ready_for_online=0.0000           │
│rlt/should_train=0.0000                │rlt/skip_reason=1.000                  │rlt/train_every_episodes=0.0000       │
│rlt/train_every_transitions=1.000      │rlt/update_epoch=5.000                 │rlt/update_step=0.0000                │
│rlt/updates_scheduled=0.0000           │rlt/updates_to_run=0.0000              │rlt/warmup_required_updates=3.00e+04  │
│                                                                                                                      │
╰──────────────────────────────────────────────────────────────────────────────────────────────────────────────────────╯


╭──────────────────────────────────────────────────────────────────────────────────────────────────────────────────────╮
├──────────────────────────────────────────────────── Metric Table ────────────────────────────────────────────────────┤
│ Global Step:  122/250 │ Progress: ███████████████████░░░░░░░░░░░░░░░░░░░░░ │  48.8%                                  │
│ Elapsed: 04:25:58 │ ETA: 04:39:03 │ Step Time: 130.808s                                                              │
├──────────────────────────────────────────────────────── Time ────────────────────────────────────────────────────────┤
│                                                                                                                      │
│actor/actor/compute_adv=1.17e-05       │actor/actor/recv_traj=123.4            │actor/actor/sync_model_to_rollout=0.0…│
│cal_adv_and_returns=0.0035             │env/compute_bootstrap_rewards=0.0016   │env/env/bootstrap_step=29.486         │
│env/env/send_rollout_trajectories=0.452│env/env_interact_step=87.691           │env/interact=123.4                    │
│env/run_interact_once=123.0            │generate_rollouts=123.5                │rollout/generate_one_epoch=122.6      │
│rollout/rollout/generate=122.6         │step=124.0                             │sync_weights=0.479                    │
│                                                                                                                      │
├──────────────────────────────────────────────────── Environment ─────────────────────────────────────────────────────┤
│                                                                                                                      │
│episode_len=200.0                      │num_trajectories=8                     │return=0.0                            │
│reward=0.0                             │success_once=0.0                       │                                      │
│                                                                                                                      │
├─────────────────────────────────────────────────── Replay Buffer ────────────────────────────────────────────────────┤
│                                                                                                                      │
│cache_size=9165.0                      │num_trajectories=9165.0                │total_samples=9165.0                  │
│                                                                                                                      │
├─────────────────────────────────────────────────── Training/Other ───────────────────────────────────────────────────┤
│                                                                                                                      │
│replay/actor_switch_rate=0.0000        │replay/done_rate=0.050                 │replay/intervention_rate=0.0000       │
│replay/intervention_requested_rate=0.0…│replay/record_transition_rate=1.000    │replay/reward_mean=0.0000             │
│replay/reward_positive_rate=0.0000     │replay/transition_count=80.000         │rlt/actor_updates_run=0.0000          │
│rlt/critic_updates_run=0.0000          │rlt/desired_total_updates=0.0000       │rlt/global_min_replay_size=9037.0     │
│rlt/global_total_transitions_added=1.8…│rlt/global_transitions_since_train=1.8…│rlt/max_updates_per_train_step=1600.0 │
│rlt/min_replay_buffer_size=10000.0     │rlt/pending_update_budget=0.0000       │rlt/ready_for_online=0.0000           │
│rlt/should_train=0.0000                │rlt/skip_reason=1.000                  │rlt/train_every_episodes=0.0000       │
│rlt/train_every_transitions=1.000      │rlt/update_epoch=5.000                 │rlt/update_step=0.0000                │
│rlt/updates_scheduled=0.0000           │rlt/updates_to_run=0.0000              │rlt/warmup_required_updates=3.00e+04  │
│                                                                                                                      │
╰──────────────────────────────────────────────────────────────────────────────────────────────────────────────────────╯


╭──────────────────────────────────────────────────────────────────────────────────────────────────────────────────────╮
├──────────────────────────────────────────────────── Metric Table ────────────────────────────────────────────────────┤
│ Global Step:  123/250 │ Progress: ███████████████████░░░░░░░░░░░░░░░░░░░░░ │  49.2%                                  │
│ Elapsed: 04:28:01 │ ETA: 04:36:44 │ Step Time: 130.742s                                                              │
├──────────────────────────────────────────────────────── Time ────────────────────────────────────────────────────────┤
│                                                                                                                      │
│actor/actor/compute_adv=2.29e-05       │actor/actor/recv_traj=122.1            │actor/actor/sync_model_to_rollout=0.0…│
│cal_adv_and_returns=0.0029             │env/compute_bootstrap_rewards=0.0016   │env/env/bootstrap_step=30.295         │
│env/env/send_rollout_trajectories=0.452│env/env_interact_step=85.444           │env/interact=122.1                    │
│env/run_interact_once=121.7            │generate_rollouts=122.2                │rollout/generate_one_epoch=121.2      │
│rollout/rollout/generate=121.2         │step=122.7                             │sync_weights=0.461                    │
│                                                                                                                      │
├──────────────────────────────────────────────────── Environment ─────────────────────────────────────────────────────┤
│                                                                                                                      │
│episode_len=200.0                      │num_trajectories=8                     │return=0.0                            │
│reward=0.0                             │success_once=0.0                       │                                      │
│                                                                                                                      │
├─────────────────────────────────────────────────── Replay Buffer ────────────────────────────────────────────────────┤
│                                                                                                                      │
│cache_size=9245.0                      │num_trajectories=9245.0                │total_samples=9245.0                  │
│                                                                                                                      │
├─────────────────────────────────────────────────── Training/Other ───────────────────────────────────────────────────┤
│                                                                                                                      │
│replay/actor_switch_rate=0.0000        │replay/done_rate=0.050                 │replay/intervention_rate=0.0000       │
│replay/intervention_requested_rate=0.0…│replay/record_transition_rate=1.000    │replay/reward_mean=0.0000             │
│replay/reward_positive_rate=0.0000     │replay/transition_count=80.000         │rlt/actor_updates_run=0.0000          │
│rlt/critic_updates_run=0.0000          │rlt/desired_total_updates=0.0000       │rlt/global_min_replay_size=9117.0     │
│rlt/global_total_transitions_added=1.8…│rlt/global_transitions_since_train=1.8…│rlt/max_updates_per_train_step=1600.0 │
│rlt/min_replay_buffer_size=10000.0     │rlt/pending_update_budget=0.0000       │rlt/ready_for_online=0.0000           │
│rlt/should_train=0.0000                │rlt/skip_reason=1.000                  │rlt/train_every_episodes=0.0000       │
│rlt/train_every_transitions=1.000      │rlt/update_epoch=5.000                 │rlt/update_step=0.0000                │
│rlt/updates_scheduled=0.0000           │rlt/updates_to_run=0.0000              │rlt/warmup_required_updates=3.00e+04  │
│                                                                                                                      │
╰──────────────────────────────────────────────────────────────────────────────────────────────────────────────────────╯


╭──────────────────────────────────────────────────────────────────────────────────────────────────────────────────────╮
├──────────────────────────────────────────────────── Metric Table ────────────────────────────────────────────────────┤
│ Global Step:  124/250 │ Progress: ███████████████████░░░░░░░░░░░░░░░░░░░░░ │  49.6%                                  │
│ Elapsed: 04:30:04 │ ETA: 04:34:25 │ Step Time: 130.680s                                                              │
├──────────────────────────────────────────────────────── Time ────────────────────────────────────────────────────────┤
│                                                                                                                      │
│actor/actor/compute_adv=3.42e-05       │actor/actor/recv_traj=122.5            │actor/actor/sync_model_to_rollout=0.0…│
│cal_adv_and_returns=0.0037             │env/compute_bootstrap_rewards=0.0016   │env/env/bootstrap_step=31.296         │
│env/env/send_rollout_trajectories=0.448│env/env_interact_step=84.186           │env/interact=122.5                    │
│env/run_interact_once=122.1            │generate_rollouts=122.6                │rollout/generate_one_epoch=121.7      │
│rollout/rollout/generate=121.7         │step=123.0                             │sync_weights=0.412                    │
│                                                                                                                      │
├──────────────────────────────────────────────────── Environment ─────────────────────────────────────────────────────┤
│                                                                                                                      │
│episode_len=200.0                      │num_trajectories=8                     │return=1.25                           │
│reward=0.00625                         │success_once=0.125                     │                                      │
│                                                                                                                      │
├─────────────────────────────────────────────────── Replay Buffer ────────────────────────────────────────────────────┤
│                                                                                                                      │
│cache_size=9320.5                      │num_trajectories=9320.5                │total_samples=9320.5                  │
│                                                                                                                      │
├─────────────────────────────────────────────────── Training/Other ───────────────────────────────────────────────────┤
│                                                                                                                      │
│replay/actor_switch_rate=0.0000        │replay/done_rate=0.053                 │replay/intervention_rate=0.0000       │
│replay/intervention_requested_rate=0.0…│replay/record_transition_rate=1.000    │replay/reward_mean=0.0070             │
│replay/reward_positive_rate=0.0070     │replay/transition_count=75.500         │rlt/actor_updates_run=0.0000          │
│rlt/critic_updates_run=0.0000          │rlt/desired_total_updates=0.0000       │rlt/global_min_replay_size=9188.0     │
│rlt/global_total_transitions_added=1.8…│rlt/global_transitions_since_train=1.8…│rlt/max_updates_per_train_step=1600.0 │
│rlt/min_replay_buffer_size=10000.0     │rlt/pending_update_budget=0.0000       │rlt/ready_for_online=0.0000           │
│rlt/should_train=0.0000                │rlt/skip_reason=1.000                  │rlt/train_every_episodes=0.0000       │
│rlt/train_every_transitions=1.000      │rlt/update_epoch=5.000                 │rlt/update_step=0.0000                │
│rlt/updates_scheduled=0.0000           │rlt/updates_to_run=0.0000              │rlt/warmup_required_updates=3.00e+04  │
│                                                                                                                      │
╰──────────────────────────────────────────────────────────────────────────────────────────────────────────────────────╯


╭──────────────────────────────────────────────────────────────────────────────────────────────────────────────────────╮
├──────────────────────────────────────────────────── Metric Table ────────────────────────────────────────────────────┤
│ Global Step:  125/250 │ Progress: ████████████████████░░░░░░░░░░░░░░░░░░░░ │  50.0%                                  │
│ Elapsed: 04:37:03 │ ETA: 04:37:03 │ Step Time: 132.986s                                                              │
├──────────────────────────────────────────────────────── Time ────────────────────────────────────────────────────────┤
│                                                                                                                      │
│actor/actor/compute_adv=1.13e-05       │actor/actor/recv_traj=121.9            │actor/actor/sync_model_to_rollout=0.0…│
│cal_adv_and_returns=0.0028             │env/compute_bootstrap_rewards=0.0016   │env/env/bootstrap_step=29.746         │
│env/env/send_rollout_trajectories=0.447│env/env_interact_step=84.929           │env/interact=121.9                    │
│env/run_interact_once=121.5            │eval=268.2                             │generate_rollouts=122.0               │
│rollout/generate_one_epoch=121.1       │rollout/rollout/generate=121.1         │step=418.9                            │
│sync_weights=0.468                     │                                       │                                      │
│                                                                                                                      │
├──────────────────────────────────────────────────── Environment ─────────────────────────────────────────────────────┤
│                                                                                                                      │
│episode_len=200.0                      │num_trajectories=8                     │return=2.375                          │
│reward=0.011875                        │success_once=0.25                      │                                      │
│                                                                                                                      │
├───────────────────────────────────────────────────── Evaluation ─────────────────────────────────────────────────────┤
│                                                                                                                      │
│episode_len=200.0                      │num_trajectories=20                    │return=0.0                            │
│reward=0.0                             │success_at_end=0.0                     │success_once=0.0                      │
│                                                                                                                      │
├─────────────────────────────────────────────────── Replay Buffer ────────────────────────────────────────────────────┤
│                                                                                                                      │
│cache_size=9392.0                      │num_trajectories=9392.0                │total_samples=9392.0                  │
│                                                                                                                      │
├─────────────────────────────────────────────────── Training/Other ───────────────────────────────────────────────────┤
│                                                                                                                      │
│replay/actor_switch_rate=0.0000        │replay/done_rate=0.057                 │replay/intervention_rate=0.0000       │
│replay/intervention_requested_rate=0.0…│replay/record_transition_rate=1.000    │replay/reward_mean=0.016              │
│replay/reward_positive_rate=0.016      │replay/transition_count=71.500         │rlt/actor_updates_run=0.0000          │
│rlt/critic_updates_run=0.0000          │rlt/desired_total_updates=0.0000       │rlt/global_min_replay_size=9251.0     │
│rlt/global_total_transitions_added=1.8…│rlt/global_transitions_since_train=1.8…│rlt/max_updates_per_train_step=1600.0 │
│rlt/min_replay_buffer_size=10000.0     │rlt/pending_update_budget=0.0000       │rlt/ready_for_online=0.0000           │
│rlt/should_train=0.0000                │rlt/skip_reason=1.000                  │rlt/train_every_episodes=0.0000       │
│rlt/train_every_transitions=1.000      │rlt/update_epoch=5.000                 │rlt/update_step=0.0000                │
│rlt/updates_scheduled=0.0000           │rlt/updates_to_run=0.0000              │rlt/warmup_required_updates=3.00e+04  │
│                                                                                                                      │
╰──────────────────────────────────────────────────────────────────────────────────────────────────────────────────────╯


╭──────────────────────────────────────────────────────────────────────────────────────────────────────────────────────╮
├──────────────────────────────────────────────────── Metric Table ────────────────────────────────────────────────────┤
│ Global Step:  126/250 │ Progress: ████████████████████░░░░░░░░░░░░░░░░░░░░ │  50.4%                                  │
│ Elapsed: 04:39:08 │ ETA: 04:34:42 │ Step Time: 132.924s                                                              │
├──────────────────────────────────────────────────────── Time ────────────────────────────────────────────────────────┤
│                                                                                                                      │
│actor/actor/compute_adv=9.18e-06       │actor/actor/recv_traj=124.6            │actor/actor/sync_model_to_rollout=0.0…│
│cal_adv_and_returns=0.0026             │env/compute_bootstrap_rewards=0.0016   │env/env/bootstrap_step=29.918         │
│env/env/send_rollout_trajectories=0.454│env/env_interact_step=87.554           │env/interact=124.6                    │
│env/run_interact_once=124.2            │generate_rollouts=124.7                │rollout/generate_one_epoch=123.7      │
│rollout/rollout/generate=123.7         │step=125.2                             │sync_weights=0.492                    │
│                                                                                                                      │
├──────────────────────────────────────────────────── Environment ─────────────────────────────────────────────────────┤
│                                                                                                                      │
│episode_len=200.0                      │num_trajectories=8                     │return=1.25                           │
│reward=0.00625                         │success_once=0.125                     │                                      │
│                                                                                                                      │
├─────────────────────────────────────────────────── Replay Buffer ────────────────────────────────────────────────────┤
│                                                                                                                      │
│cache_size=9467.5                      │num_trajectories=9467.5                │total_samples=9467.5                  │
│                                                                                                                      │
├─────────────────────────────────────────────────── Training/Other ───────────────────────────────────────────────────┤
│                                                                                                                      │
│replay/actor_switch_rate=0.0000        │replay/done_rate=0.053                 │replay/intervention_rate=0.0000       │
│replay/intervention_requested_rate=0.0…│replay/record_transition_rate=1.000    │replay/reward_mean=0.0070             │
│replay/reward_positive_rate=0.0070     │replay/transition_count=75.500         │rlt/actor_updates_run=0.0000          │
│rlt/critic_updates_run=0.0000          │rlt/desired_total_updates=0.0000       │rlt/global_min_replay_size=9322.0     │
│rlt/global_total_transitions_added=1.8…│rlt/global_transitions_since_train=1.8…│rlt/max_updates_per_train_step=1600.0 │
│rlt/min_replay_buffer_size=10000.0     │rlt/pending_update_budget=0.0000       │rlt/ready_for_online=0.0000           │
│rlt/should_train=0.0000                │rlt/skip_reason=1.000                  │rlt/train_every_episodes=0.0000       │
│rlt/train_every_transitions=1.000      │rlt/update_epoch=5.000                 │rlt/update_step=0.0000                │
│rlt/updates_scheduled=0.0000           │rlt/updates_to_run=0.0000              │rlt/warmup_required_updates=3.00e+04  │
│                                                                                                                      │
╰──────────────────────────────────────────────────────────────────────────────────────────────────────────────────────╯


╭──────────────────────────────────────────────────────────────────────────────────────────────────────────────────────╮
├──────────────────────────────────────────────────── Metric Table ────────────────────────────────────────────────────┤
│ Global Step:  127/250 │ Progress: ████████████████████░░░░░░░░░░░░░░░░░░░░ │  50.8%                                  │
│ Elapsed: 04:41:09 │ ETA: 04:32:17 │ Step Time: 132.828s                                                              │
├──────────────────────────────────────────────────────── Time ────────────────────────────────────────────────────────┤
│                                                                                                                      │
│actor/actor/compute_adv=1.03e-05       │actor/actor/recv_traj=120.1            │actor/actor/sync_model_to_rollout=0.0…│
│cal_adv_and_returns=0.0027             │env/compute_bootstrap_rewards=0.0017   │env/env/bootstrap_step=29.641         │
│env/env/send_rollout_trajectories=0.447│env/env_interact_step=83.663           │env/interact=120.1                    │
│env/run_interact_once=119.7            │generate_rollouts=120.2                │rollout/generate_one_epoch=119.2      │
│rollout/rollout/generate=119.2         │step=120.7                             │sync_weights=0.431                    │
│                                                                                                                      │
├──────────────────────────────────────────────────── Environment ─────────────────────────────────────────────────────┤
│                                                                                                                      │
│episode_len=200.0                      │num_trajectories=8                     │return=1.125                          │
│reward=0.005625                        │success_once=0.125                     │                                      │
│                                                                                                                      │
├─────────────────────────────────────────────────── Replay Buffer ────────────────────────────────────────────────────┤
│                                                                                                                      │
│cache_size=9543.5                      │num_trajectories=9543.5                │total_samples=9543.5                  │
│                                                                                                                      │
├─────────────────────────────────────────────────── Training/Other ───────────────────────────────────────────────────┤
│                                                                                                                      │
│replay/actor_switch_rate=0.0000        │replay/done_rate=0.053                 │replay/intervention_rate=0.0000       │
│replay/intervention_requested_rate=0.0…│replay/record_transition_rate=1.000    │replay/reward_mean=0.0069             │
│replay/reward_positive_rate=0.0069     │replay/transition_count=76.000         │rlt/actor_updates_run=0.0000          │
│rlt/critic_updates_run=0.0000          │rlt/desired_total_updates=0.0000       │rlt/global_min_replay_size=9394.0     │
│rlt/global_total_transitions_added=1.9…│rlt/global_transitions_since_train=1.9…│rlt/max_updates_per_train_step=1600.0 │
│rlt/min_replay_buffer_size=10000.0     │rlt/pending_update_budget=0.0000       │rlt/ready_for_online=0.0000           │
│rlt/should_train=0.0000                │rlt/skip_reason=1.000                  │rlt/train_every_episodes=0.0000       │
│rlt/train_every_transitions=1.000      │rlt/update_epoch=5.000                 │rlt/update_step=0.0000                │
│rlt/updates_scheduled=0.0000           │rlt/updates_to_run=0.0000              │rlt/warmup_required_updates=3.00e+04  │
│                                                                                                                      │
╰──────────────────────────────────────────────────────────────────────────────────────────────────────────────────────╯


╭──────────────────────────────────────────────────────────────────────────────────────────────────────────────────────╮
├──────────────────────────────────────────────────── Metric Table ────────────────────────────────────────────────────┤
│ Global Step:  128/250 │ Progress: ████████████████████░░░░░░░░░░░░░░░░░░░░ │  51.2%                                  │
│ Elapsed: 04:42:56 │ ETA: 04:29:40 │ Step Time: 132.631s                                                              │
├──────────────────────────────────────────────────────── Time ────────────────────────────────────────────────────────┤
│                                                                                                                      │
│actor/actor/compute_adv=2.29e-05       │actor/actor/recv_traj=107.1            │actor/actor/sync_model_to_rollout=0.0…│
│cal_adv_and_returns=0.0031             │env/compute_bootstrap_rewards=0.0015   │env/env/bootstrap_step=29.355         │
│env/env/send_rollout_trajectories=0.354│env/env_interact_step=71.061           │env/interact=107.1                    │
│env/run_interact_once=106.7            │generate_rollouts=107.2                │rollout/generate_one_epoch=106.3      │
│rollout/rollout/generate=106.3         │step=107.6                             │sync_weights=0.421                    │
│                                                                                                                      │
├──────────────────────────────────────────────────── Environment ─────────────────────────────────────────────────────┤
│                                                                                                                      │
│episode_len=200.0                      │num_trajectories=8                     │return=6.0                            │
│reward=0.030000001                     │success_once=0.625                     │                                      │
│                                                                                                                      │
├─────────────────────────────────────────────────── Replay Buffer ────────────────────────────────────────────────────┤
│                                                                                                                      │
│cache_size=9602.0                      │num_trajectories=9602.0                │total_samples=9602.0                  │
│                                                                                                                      │
├─────────────────────────────────────────────────── Training/Other ───────────────────────────────────────────────────┤
│                                                                                                                      │
│replay/actor_switch_rate=0.0000        │replay/done_rate=0.069                 │replay/intervention_rate=0.0000       │
│replay/intervention_requested_rate=0.0…│replay/record_transition_rate=1.000    │replay/reward_mean=0.043              │
│replay/reward_positive_rate=0.043      │replay/transition_count=58.500         │rlt/actor_updates_run=0.0000          │
│rlt/critic_updates_run=0.0000          │rlt/desired_total_updates=0.0000       │rlt/global_min_replay_size=9449.0     │
│rlt/global_total_transitions_added=1.9…│rlt/global_transitions_since_train=1.9…│rlt/max_updates_per_train_step=1600.0 │
│rlt/min_replay_buffer_size=10000.0     │rlt/pending_update_budget=0.0000       │rlt/ready_for_online=0.0000           │
│rlt/should_train=0.0000                │rlt/skip_reason=1.000                  │rlt/train_every_episodes=0.0000       │
│rlt/train_every_transitions=1.000      │rlt/update_epoch=5.000                 │rlt/update_step=0.0000                │
│rlt/updates_scheduled=0.0000           │rlt/updates_to_run=0.0000              │rlt/warmup_required_updates=3.00e+04  │
│                                                                                                                      │
╰──────────────────────────────────────────────────────────────────────────────────────────────────────────────────────╯


╭──────────────────────────────────────────────────────────────────────────────────────────────────────────────────────╮
├──────────────────────────────────────────────────── Metric Table ────────────────────────────────────────────────────┤
│ Global Step:  129/250 │ Progress: ████████████████████░░░░░░░░░░░░░░░░░░░░ │  51.6%                                  │
│ Elapsed: 04:44:51 │ ETA: 04:27:12 │ Step Time: 132.496s                                                              │
├──────────────────────────────────────────────────────── Time ────────────────────────────────────────────────────────┤
│                                                                                                                      │
│actor/actor/compute_adv=2.52e-05       │actor/actor/recv_traj=114.6            │actor/actor/sync_model_to_rollout=0.0…│
│cal_adv_and_returns=0.0032             │env/compute_bootstrap_rewards=0.0016   │env/env/bootstrap_step=29.066         │
│env/env/send_rollout_trajectories=0.433│env/env_interact_step=78.684           │env/interact=114.6                    │
│env/run_interact_once=114.2            │generate_rollouts=114.7                │rollout/generate_one_epoch=113.8      │
│rollout/rollout/generate=113.8         │step=115.2                             │sync_weights=0.460                    │
│                                                                                                                      │
├──────────────────────────────────────────────────── Environment ─────────────────────────────────────────────────────┤
│                                                                                                                      │
│episode_len=200.0                      │num_trajectories=8                     │return=2.375                          │
│reward=0.011875                        │success_once=0.25                      │                                      │
│                                                                                                                      │
├─────────────────────────────────────────────────── Replay Buffer ────────────────────────────────────────────────────┤
│                                                                                                                      │
│cache_size=9673.5                      │num_trajectories=9673.5                │total_samples=9673.5                  │
│                                                                                                                      │
├─────────────────────────────────────────────────── Training/Other ───────────────────────────────────────────────────┤
│                                                                                                                      │
│replay/actor_switch_rate=0.0000        │replay/done_rate=0.057                 │replay/intervention_rate=0.0000       │
│replay/intervention_requested_rate=0.0…│replay/record_transition_rate=1.000    │replay/reward_mean=0.016              │
│replay/reward_positive_rate=0.016      │replay/transition_count=71.500         │rlt/actor_updates_run=0.0000          │
│rlt/critic_updates_run=0.0000          │rlt/desired_total_updates=0.0000       │rlt/global_min_replay_size=9512.0     │
│rlt/global_total_transitions_added=1.9…│rlt/global_transitions_since_train=1.9…│rlt/max_updates_per_train_step=1600.0 │
│rlt/min_replay_buffer_size=10000.0     │rlt/pending_update_budget=0.0000       │rlt/ready_for_online=0.0000           │
│rlt/should_train=0.0000                │rlt/skip_reason=1.000                  │rlt/train_every_episodes=0.0000       │
│rlt/train_every_transitions=1.000      │rlt/update_epoch=5.000                 │rlt/update_step=0.0000                │
│rlt/updates_scheduled=0.0000           │rlt/updates_to_run=0.0000              │rlt/warmup_required_updates=3.00e+04  │
│                                                                                                                      │
╰──────────────────────────────────────────────────────────────────────────────────────────────────────────────────────╯


╭──────────────────────────────────────────────────────────────────────────────────────────────────────────────────────╮
├──────────────────────────────────────────────────── Metric Table ────────────────────────────────────────────────────┤
│ Global Step:  130/250 │ Progress: ████████████████████░░░░░░░░░░░░░░░░░░░░ │  52.0%                                  │
│ Elapsed: 04:46:48 │ ETA: 04:24:44 │ Step Time: 132.375s                                                              │
├──────────────────────────────────────────────────────── Time ────────────────────────────────────────────────────────┤
│                                                                                                                      │
│actor/actor/compute_adv=1.38e-05       │actor/actor/recv_traj=116.3            │actor/actor/sync_model_to_rollout=0.0…│
│cal_adv_and_returns=0.0031             │env/compute_bootstrap_rewards=0.0016   │env/env/bootstrap_step=29.837         │
│env/env/send_rollout_trajectories=0.439│env/env_interact_step=80.177           │env/interact=116.3                    │
│env/run_interact_once=115.9            │generate_rollouts=116.4                │rollout/generate_one_epoch=115.5      │
│rollout/rollout/generate=115.5         │step=116.8                             │sync_weights=0.347                    │
│                                                                                                                      │
├──────────────────────────────────────────────────── Environment ─────────────────────────────────────────────────────┤
│                                                                                                                      │
│episode_len=200.0                      │num_trajectories=8                     │return=2.375                          │
│reward=0.011875                        │success_once=0.25                      │                                      │
│                                                                                                                      │
├─────────────────────────────────────────────────── Replay Buffer ────────────────────────────────────────────────────┤
│                                                                                                                      │
│cache_size=9745.0                      │num_trajectories=9745.0                │total_samples=9745.0                  │
│                                                                                                                      │
├─────────────────────────────────────────────────── Training/Other ───────────────────────────────────────────────────┤
│                                                                                                                      │
│replay/actor_switch_rate=0.0000        │replay/done_rate=0.056                 │replay/intervention_rate=0.0000       │
│replay/intervention_requested_rate=0.0…│replay/record_transition_rate=1.000    │replay/reward_mean=0.014              │
│replay/reward_positive_rate=0.014      │replay/transition_count=71.500         │rlt/actor_updates_run=0.0000          │
│rlt/critic_updates_run=0.0000          │rlt/desired_total_updates=0.0000       │rlt/global_min_replay_size=9584.0     │
│rlt/global_total_transitions_added=1.9…│rlt/global_transitions_since_train=1.9…│rlt/max_updates_per_train_step=1600.0 │
│rlt/min_replay_buffer_size=10000.0     │rlt/pending_update_budget=0.0000       │rlt/ready_for_online=0.0000           │
│rlt/should_train=0.0000                │rlt/skip_reason=1.000                  │rlt/train_every_episodes=0.0000       │
│rlt/train_every_transitions=1.000      │rlt/update_epoch=5.000                 │rlt/update_step=0.0000                │
│rlt/updates_scheduled=0.0000           │rlt/updates_to_run=0.0000              │rlt/warmup_required_updates=3.00e+04  │
│                                                                                                                      │
╰──────────────────────────────────────────────────────────────────────────────────────────────────────────────────────╯


╭──────────────────────────────────────────────────────────────────────────────────────────────────────────────────────╮
├──────────────────────────────────────────────────── Metric Table ────────────────────────────────────────────────────┤
│ Global Step:  131/250 │ Progress: ████████████████████░░░░░░░░░░░░░░░░░░░░ │  52.4%                                  │
│ Elapsed: 04:48:50 │ ETA: 04:22:23 │ Step Time: 132.295s                                                              │
├──────────────────────────────────────────────────────── Time ────────────────────────────────────────────────────────┤
│                                                                                                                      │
│actor/actor/compute_adv=1.62e-05       │actor/actor/recv_traj=121.3            │actor/actor/sync_model_to_rollout=0.0…│
│cal_adv_and_returns=0.0033             │env/compute_bootstrap_rewards=0.0016   │env/env/bootstrap_step=29.567         │
│env/env/send_rollout_trajectories=0.443│env/env_interact_step=84.755           │env/interact=121.3                    │
│env/run_interact_once=120.9            │generate_rollouts=121.4                │rollout/generate_one_epoch=120.4      │
│rollout/rollout/generate=120.4         │step=121.9                             │sync_weights=0.455                    │
│                                                                                                                      │
├──────────────────────────────────────────────────── Environment ─────────────────────────────────────────────────────┤
│                                                                                                                      │
│episode_len=200.0                      │num_trajectories=8                     │return=0.0                            │
│reward=0.0                             │success_once=0.0                       │                                      │
│                                                                                                                      │
├─────────────────────────────────────────────────── Replay Buffer ────────────────────────────────────────────────────┤
│                                                                                                                      │
│cache_size=9825.0                      │num_trajectories=9825.0                │total_samples=9825.0                  │
│                                                                                                                      │
├─────────────────────────────────────────────────── Training/Other ───────────────────────────────────────────────────┤
│                                                                                                                      │
│replay/actor_switch_rate=0.0000        │replay/done_rate=0.050                 │replay/intervention_rate=0.0000       │
│replay/intervention_requested_rate=0.0…│replay/record_transition_rate=1.000    │replay/reward_mean=0.0000             │
│replay/reward_positive_rate=0.0000     │replay/transition_count=80.000         │rlt/actor_updates_run=0.0000          │
│rlt/critic_updates_run=0.0000          │rlt/desired_total_updates=0.0000       │rlt/global_min_replay_size=9664.0     │
│rlt/global_total_transitions_added=1.9…│rlt/global_transitions_since_train=1.9…│rlt/max_updates_per_train_step=1600.0 │
│rlt/min_replay_buffer_size=10000.0     │rlt/pending_update_budget=0.0000       │rlt/ready_for_online=0.0000           │
│rlt/should_train=0.0000                │rlt/skip_reason=1.000                  │rlt/train_every_episodes=0.0000       │
│rlt/train_every_transitions=1.000      │rlt/update_epoch=5.000                 │rlt/update_step=0.0000                │
│rlt/updates_scheduled=0.0000           │rlt/updates_to_run=0.0000              │rlt/warmup_required_updates=3.00e+04  │
│                                                                                                                      │
╰──────────────────────────────────────────────────────────────────────────────────────────────────────────────────────╯


╭──────────────────────────────────────────────────────────────────────────────────────────────────────────────────────╮
├──────────────────────────────────────────────────── Metric Table ────────────────────────────────────────────────────┤
│ Global Step:  132/250 │ Progress: █████████████████████░░░░░░░░░░░░░░░░░░░ │  52.8%                                  │
│ Elapsed: 04:50:54 │ ETA: 04:20:02 │ Step Time: 132.228s                                                              │
├──────────────────────────────────────────────────────── Time ────────────────────────────────────────────────────────┤
│                                                                                                                      │
│actor/actor/compute_adv=1.15e-05       │actor/actor/recv_traj=122.8            │actor/actor/sync_model_to_rollout=0.0…│
│cal_adv_and_returns=0.0029             │env/compute_bootstrap_rewards=0.0016   │env/env/bootstrap_step=30.397         │
│env/env/send_rollout_trajectories=0.442│env/env_interact_step=85.468           │env/interact=122.9                    │
│env/run_interact_once=122.5            │generate_rollouts=123.0                │rollout/generate_one_epoch=122.0      │
│rollout/rollout/generate=122.0         │step=123.4                             │sync_weights=0.452                    │
│                                                                                                                      │
├──────────────────────────────────────────────────── Environment ─────────────────────────────────────────────────────┤
│                                                                                                                      │
│episode_len=200.0                      │num_trajectories=8                     │return=1.25                           │
│reward=0.00625                         │success_once=0.125                     │                                      │
│                                                                                                                      │
├─────────────────────────────────────────────────── Replay Buffer ────────────────────────────────────────────────────┤
│                                                                                                                      │
│cache_size=9900.5                      │num_trajectories=9900.5                │total_samples=9900.5                  │
│                                                                                                                      │
├─────────────────────────────────────────────────── Training/Other ───────────────────────────────────────────────────┤
│                                                                                                                      │
│replay/actor_switch_rate=0.0000        │replay/done_rate=0.053                 │replay/intervention_rate=0.0000       │
│replay/intervention_requested_rate=0.0…│replay/record_transition_rate=1.000    │replay/reward_mean=0.0070             │
│replay/reward_positive_rate=0.0070     │replay/transition_count=75.500         │rlt/actor_updates_run=0.0000          │
│rlt/critic_updates_run=0.0000          │rlt/desired_total_updates=0.0000       │rlt/global_min_replay_size=9744.0     │
│rlt/global_total_transitions_added=1.9…│rlt/global_transitions_since_train=1.9…│rlt/max_updates_per_train_step=1600.0 │
│rlt/min_replay_buffer_size=10000.0     │rlt/pending_update_budget=0.0000       │rlt/ready_for_online=0.0000           │
│rlt/should_train=0.0000                │rlt/skip_reason=1.000                  │rlt/train_every_episodes=0.0000       │
│rlt/train_every_transitions=1.000      │rlt/update_epoch=5.000                 │rlt/update_step=0.0000                │
│rlt/updates_scheduled=0.0000           │rlt/updates_to_run=0.0000              │rlt/warmup_required_updates=3.00e+04  │
│                                                                                                                      │
╰──────────────────────────────────────────────────────────────────────────────────────────────────────────────────────╯


╭──────────────────────────────────────────────────────────────────────────────────────────────────────────────────────╮
├──────────────────────────────────────────────────── Metric Table ────────────────────────────────────────────────────┤
│ Global Step:  133/250 │ Progress: █████████████████████░░░░░░░░░░░░░░░░░░░ │  53.2%                                  │
│ Elapsed: 04:52:56 │ ETA: 04:17:42 │ Step Time: 132.158s                                                              │
├──────────────────────────────────────────────────────── Time ────────────────────────────────────────────────────────┤
│                                                                                                                      │
│actor/actor/compute_adv=2.60e-05       │actor/actor/recv_traj=122.4            │actor/actor/sync_model_to_rollout=0.0…│
│cal_adv_and_returns=0.0032             │env/compute_bootstrap_rewards=0.0016   │env/env/bootstrap_step=30.095         │
│env/env/send_rollout_trajectories=0.440│env/env_interact_step=84.760           │env/interact=122.3                    │
│env/run_interact_once=121.9            │generate_rollouts=122.5                │rollout/generate_one_epoch=121.5      │
│rollout/rollout/generate=121.5         │step=122.8                             │sync_weights=0.368                    │
│                                                                                                                      │
├──────────────────────────────────────────────────── Environment ─────────────────────────────────────────────────────┤
│                                                                                                                      │
│episode_len=200.0                      │num_trajectories=8                     │return=1.25                           │
│reward=0.00625                         │success_once=0.125                     │                                      │
│                                                                                                                      │
├─────────────────────────────────────────────────── Replay Buffer ────────────────────────────────────────────────────┤
│                                                                                                                      │
│cache_size=9976.0                      │num_trajectories=9976.0                │total_samples=9976.0                  │
│                                                                                                                      │
├─────────────────────────────────────────────────── Training/Other ───────────────────────────────────────────────────┤
│                                                                                                                      │
│replay/actor_switch_rate=0.0000        │replay/done_rate=0.053                 │replay/intervention_rate=0.0000       │
│replay/intervention_requested_rate=0.0…│replay/record_transition_rate=1.000    │replay/reward_mean=0.0070             │
│replay/reward_positive_rate=0.0070     │replay/transition_count=75.500         │rlt/actor_updates_run=0.0000          │
│rlt/critic_updates_run=0.0000          │rlt/desired_total_updates=0.0000       │rlt/global_min_replay_size=9824.0     │
│rlt/global_total_transitions_added=2.0…│rlt/global_transitions_since_train=2.0…│rlt/max_updates_per_train_step=1600.0 │
│rlt/min_replay_buffer_size=10000.0     │rlt/pending_update_budget=0.0000       │rlt/ready_for_online=0.0000           │
│rlt/should_train=0.0000                │rlt/skip_reason=1.000                  │rlt/train_every_episodes=0.0000       │
│rlt/train_every_transitions=1.000      │rlt/update_epoch=5.000                 │rlt/update_step=0.0000                │
│rlt/updates_scheduled=0.0000           │rlt/updates_to_run=0.0000              │rlt/warmup_required_updates=3.00e+04  │
│                                                                                                                      │
╰──────────────────────────────────────────────────────────────────────────────────────────────────────────────────────╯


╭──────────────────────────────────────────────────────────────────────────────────────────────────────────────────────╮
├──────────────────────────────────────────────────── Metric Table ────────────────────────────────────────────────────┤
│ Global Step:  134/250 │ Progress: █████████████████████░░░░░░░░░░░░░░░░░░░ │  53.6%                                  │
│ Elapsed: 04:54:49 │ ETA: 04:15:13 │ Step Time: 132.011s                                                              │
├──────────────────────────────────────────────────────── Time ────────────────────────────────────────────────────────┤
│                                                                                                                      │
│actor/actor/compute_adv=1.89e-05       │actor/actor/recv_traj=112.0            │actor/actor/sync_model_to_rollout=0.0…│
│cal_adv_and_returns=0.0031             │env/compute_bootstrap_rewards=0.0015   │env/env/bootstrap_step=29.968         │
│env/env/send_rollout_trajectories=0.445│env/env_interact_step=75.906           │env/interact=112.0                    │
│env/run_interact_once=111.6            │generate_rollouts=112.1                │rollout/generate_one_epoch=111.2      │
│rollout/rollout/generate=111.2         │step=112.6                             │sync_weights=0.442                    │
│                                                                                                                      │
├──────────────────────────────────────────────────── Environment ─────────────────────────────────────────────────────┤
│                                                                                                                      │
│episode_len=200.0                      │num_trajectories=8                     │return=3.625                          │
│reward=0.018125001                     │success_once=0.375                     │                                      │
│                                                                                                                      │
├─────────────────────────────────────────────────── Replay Buffer ────────────────────────────────────────────────────┤
│                                                                                                                      │
│cache_size=1.00e+04                    │num_trajectories=1.00e+04              │total_samples=1.00e+04                │
│                                                                                                                      │
├─────────────────────────────────────────────────── Training/Other ───────────────────────────────────────────────────┤
│                                                                                                                      │
│replay/actor_switch_rate=0.0000        │replay/done_rate=0.060                 │replay/intervention_rate=0.0000       │
│replay/intervention_requested_rate=0.0…│replay/record_transition_rate=1.000    │replay/reward_mean=0.023              │
│replay/reward_positive_rate=0.023      │replay/transition_count=67.000         │rlt/actor_updates_run=0.0000          │
│rlt/critic_updates_run=0.0000          │rlt/desired_total_updates=0.0000       │rlt/global_min_replay_size=9886.0     │
│rlt/global_total_transitions_added=2.0…│rlt/global_transitions_since_train=2.0…│rlt/max_updates_per_train_step=1600.0 │
│rlt/min_replay_buffer_size=10000.0     │rlt/pending_update_budget=0.0000       │rlt/ready_for_online=0.0000           │
│rlt/should_train=0.0000                │rlt/skip_reason=1.000                  │rlt/train_every_episodes=0.0000       │
│rlt/train_every_transitions=1.000      │rlt/update_epoch=5.000                 │rlt/update_step=0.0000                │
│rlt/updates_scheduled=0.0000           │rlt/updates_to_run=0.0000              │rlt/warmup_required_updates=3.00e+04  │
│                                                                                                                      │
╰──────────────────────────────────────────────────────────────────────────────────────────────────────────────────────╯


╭──────────────────────────────────────────────────────────────────────────────────────────────────────────────────────╮
├──────────────────────────────────────────────────── Metric Table ────────────────────────────────────────────────────┤
│ Global Step:  135/250 │ Progress: █████████████████████░░░░░░░░░░░░░░░░░░░ │  54.0%                                  │
│ Elapsed: 04:56:56 │ ETA: 04:12:56 │ Step Time: 131.974s                                                              │
├──────────────────────────────────────────────────────── Time ────────────────────────────────────────────────────────┤
│                                                                                                                      │
│actor/actor/compute_adv=2.35e-05       │actor/actor/recv_traj=126.4            │actor/actor/sync_model_to_rollout=0.0…│
│cal_adv_and_returns=0.0031             │env/compute_bootstrap_rewards=0.0017   │env/env/bootstrap_step=29.898         │
│env/env/send_rollout_trajectories=0.456│env/env_interact_step=90.007           │env/interact=126.3                    │
│env/run_interact_once=125.9            │generate_rollouts=126.5                │rollout/generate_one_epoch=125.4      │
│rollout/rollout/generate=125.4         │step=126.9                             │sync_weights=0.426                    │
│                                                                                                                      │
├──────────────────────────────────────────────────── Environment ─────────────────────────────────────────────────────┤
│                                                                                                                      │
│episode_len=200.0                      │num_trajectories=8                     │return=0.0                            │
│reward=0.0                             │success_once=0.0                       │                                      │
│                                                                                                                      │
├─────────────────────────────────────────────────── Replay Buffer ────────────────────────────────────────────────────┤
│                                                                                                                      │
│cache_size=1.01e+04                    │num_trajectories=1.01e+04              │total_samples=1.01e+04                │
│                                                                                                                      │
├─────────────────────────────────────────────────── Training/Other ───────────────────────────────────────────────────┤
│                                                                                                                      │
│replay/actor_switch_rate=0.0000        │replay/done_rate=0.050                 │replay/intervention_rate=0.0000       │
│replay/intervention_requested_rate=0.0…│replay/record_transition_rate=1.000    │replay/reward_mean=0.0000             │
│replay/reward_positive_rate=0.0000     │replay/transition_count=80.000         │rlt/actor_updates_run=0.0000          │
│rlt/critic_updates_run=0.0000          │rlt/desired_total_updates=0.0000       │rlt/global_min_replay_size=9966.0     │
│rlt/global_total_transitions_added=2.0…│rlt/global_transitions_since_train=2.0…│rlt/max_updates_per_train_step=1600.0 │
│rlt/min_replay_buffer_size=10000.0     │rlt/pending_update_budget=0.0000       │rlt/ready_for_online=0.0000           │
│rlt/should_train=0.0000                │rlt/skip_reason=1.000                  │rlt/train_every_episodes=0.0000       │
│rlt/train_every_transitions=1.000      │rlt/update_epoch=5.000                 │rlt/update_step=0.0000                │
│rlt/updates_scheduled=0.0000           │rlt/updates_to_run=0.0000              │rlt/warmup_required_updates=3.00e+04  │
│                                                                                                                      │
╰──────────────────────────────────────────────────────────────────────────────────────────────────────────────────────╯


╭──────────────────────────────────────────────────────────────────────────────────────────────────────────────────────╮
├──────────────────────────────────────────────────── Metric Table ────────────────────────────────────────────────────┤
│ Global Step:  136/250 │ Progress: █████████████████████░░░░░░░░░░░░░░░░░░░ │  54.4%                                  │
│ Elapsed: 05:00:41 │ ETA: 04:12:03 │ Step Time: 132.660s                                                              │
├──────────────────────────────────────────────────────── Time ────────────────────────────────────────────────────────┤
│                                                                                                                      │
│actor/actor/compute_adv=1.77e-05       │actor/actor/recv_traj=122.9            │actor/actor/sync_model_to_rollout=0.0…│
│actor/forward_actor=11.979             │actor/forward_critic=27.662            │actor/sample=15.639                   │
│actor/update_one_epoch=101.7           │cal_adv_and_returns=0.0033             │env/compute_bootstrap_rewards=0.0016  │
│env/env/bootstrap_step=30.052          │env/env/send_rollout_trajectories=0.452│env/env_interact_step=85.846          │
│env/interact=122.9                     │env/run_interact_once=122.5            │generate_rollouts=123.0               │
│rollout/generate_one_epoch=122.0       │rollout/rollout/generate=122.0         │step=225.2                            │
│sync_weights=0.468                     │                                       │                                      │
│                                                                                                                      │
├──────────────────────────────────────────────────── Environment ─────────────────────────────────────────────────────┤
│                                                                                                                      │
│episode_len=200.0                      │num_trajectories=8                     │return=1.0                            │
│reward=0.005                           │success_once=0.125                     │                                      │
│                                                                                                                      │
├─────────────────────────────────────────────────── Replay Buffer ────────────────────────────────────────────────────┤
│                                                                                                                      │
│cache_size=1.02e+04                    │num_trajectories=1.02e+04              │total_samples=1.02e+04                │
│                                                                                                                      │
├─────────────────────────────────────────────────── Training/Actor ───────────────────────────────────────────────────┤
│                                                                                                                      │
│actor/action_ref_abs_mean=0.092        │actor/actor_weight_in_warmup=1.000     │actor/actor_weight_ramp_progress=0.00…│
│actor/actor_weight_schedule_enabled=1.…│actor/bc_human_loss=0.0000             │actor/bc_loss=0.037                   │
│actor/bc_ref_loss=0.037                │actor/bc_weight=7.000                  │actor/entropy=-671.4                  │
│actor/grad_norm=0.940                  │actor/human_mask_ratio=0.0000          │actor/lr=1.00e-04                     │
│actor/policy_mask_ratio=1.000          │actor/q_pi=0.0035                      │actor/q_value_0=0.0035                │
│actor/q_value_1=0.0049                 │actor/q_weight=0.050                   │actor/reference_dropout_prob=0.500    │
│actor/weighted_bc=0.256                │actor/weighted_q=1.77e-04              │                                      │
│                                                                                                                      │
├────────────────────────────────────────────────── Training/Critic ───────────────────────────────────────────────────┤
│                                                                                                                      │
│critic/grad_norm=0.790                 │critic/lr=1.00e-04                     │critic/q_data=0.0036                  │
│                                                                                                                      │
├─────────────────────────────────────────────────── Training/Other ───────────────────────────────────────────────────┤
│                                                                                                                      │
│alpha/grad_norm=0.0000                 │replay/actor_switch_rate=0.0000        │replay/done_rate=0.052                │
│replay/intervention_rate=0.0000        │replay/intervention_requested_rate=0.0…│replay/record_transition_rate=1.000   │
│replay/reward_mean=0.0068              │replay/reward_positive_rate=0.0068     │replay/transition_count=76.500        │
│rlt/actor_updates_run=800.0            │rlt/critic_updates_run=1600.0          │rlt/desired_total_updates=3.00e+04    │
│rlt/global_min_replay_size=1.00e+04    │rlt/global_total_transitions_added=2.0…│rlt/global_transitions_since_train=2.…│
│rlt/max_updates_per_train_step=1600.0  │rlt/min_replay_buffer_size=10000.0     │rlt/pending_update_budget=2.84e+04    │
│rlt/ready_for_online=0.0000            │rlt/should_train=1.000                 │rlt/skip_reason=0.0000                │
│rlt/train_every_episodes=0.0000        │rlt/train_every_transitions=1.000      │rlt/update_epoch=5.000                │
│rlt/update_step=0.0000                 │rlt/updates_scheduled=3.00e+04         │rlt/updates_to_run=1600.0             │
│rlt/warmup_required_updates=3.00e+04   │sac/actor_loss=0.256                   │sac/alpha=0.0000                      │
│sac/alpha_loss=0.0000                  │sac/critic_loss=0.0029                 │                                      │
│                                                                                                                      │
╰──────────────────────────────────────────────────────────────────────────────────────────────────────────────────────╯


╭──────────────────────────────────────────────────────────────────────────────────────────────────────────────────────╮
├──────────────────────────────────────────────────── Metric Table ────────────────────────────────────────────────────┤
│ Global Step:  137/250 │ Progress: █████████████████████░░░░░░░░░░░░░░░░░░░ │  54.8%                                  │
│ Elapsed: 05:04:32 │ ETA: 04:11:11 │ Step Time: 133.376s                                                              │
├──────────────────────────────────────────────────────── Time ────────────────────────────────────────────────────────┤
│                                                                                                                      │
│actor/actor/compute_adv=2.77e-05       │actor/actor/recv_traj=128.4            │actor/actor/sync_model_to_rollout=0.0…│
│actor/forward_actor=12.289             │actor/forward_critic=28.288            │actor/sample=14.135                   │
│actor/update_one_epoch=101.6           │cal_adv_and_returns=0.0029             │env/compute_bootstrap_rewards=0.0016  │
│env/env/bootstrap_step=29.566          │env/env/send_rollout_trajectories=0.451│env/env_interact_step=91.968          │
│env/interact=128.4                     │env/run_interact_once=128.0            │generate_rollouts=128.5               │
│rollout/generate_one_epoch=127.5       │rollout/rollout/generate=127.5         │step=230.8                            │
│sync_weights=0.563                     │                                       │                                      │
│                                                                                                                      │
├──────────────────────────────────────────────────── Environment ─────────────────────────────────────────────────────┤
│                                                                                                                      │
│episode_len=200.0                      │num_trajectories=8                     │return=1.125                          │
│reward=0.005625                        │success_once=0.125                     │                                      │
│                                                                                                                      │
├─────────────────────────────────────────────────── Replay Buffer ────────────────────────────────────────────────────┤
│                                                                                                                      │
│cache_size=1.03e+04                    │num_trajectories=1.03e+04              │total_samples=1.03e+04                │
│                                                                                                                      │
├─────────────────────────────────────────────────── Training/Actor ───────────────────────────────────────────────────┤
│                                                                                                                      │
│actor/action_ref_abs_mean=0.055        │actor/actor_weight_in_warmup=1.000     │actor/actor_weight_ramp_progress=0.00…│
│actor/actor_weight_schedule_enabled=1.…│actor/bc_human_loss=0.0000             │actor/bc_loss=0.013                   │
│actor/bc_ref_loss=0.013                │actor/bc_weight=7.000                  │actor/entropy=-671.4                  │
│actor/grad_norm=0.917                  │actor/human_mask_ratio=0.0000          │actor/lr=1.00e-04                     │
│actor/policy_mask_ratio=1.000          │actor/q_pi=0.014                       │actor/q_value_0=0.014                 │
│actor/q_value_1=0.014                  │actor/q_weight=0.050                   │actor/reference_dropout_prob=0.500    │
│actor/weighted_bc=0.089                │actor/weighted_q=6.86e-04              │                                      │
│                                                                                                                      │
├────────────────────────────────────────────────── Training/Critic ───────────────────────────────────────────────────┤
│                                                                                                                      │
│critic/grad_norm=0.781                 │critic/lr=1.00e-04                     │critic/q_data=0.013                   │
│                                                                                                                      │
├─────────────────────────────────────────────────── Training/Other ───────────────────────────────────────────────────┤
│                                                                                                                      │
│alpha/grad_norm=0.0000                 │replay/actor_switch_rate=0.0000        │replay/done_rate=0.053                │
│replay/intervention_rate=0.0000        │replay/intervention_requested_rate=0.0…│replay/record_transition_rate=1.000   │
│replay/reward_mean=0.0069              │replay/reward_positive_rate=0.0069     │replay/transition_count=76.000        │
│rlt/actor_updates_run=800.0            │rlt/critic_updates_run=1600.0          │rlt/desired_total_updates=3.08e+04    │
│rlt/global_min_replay_size=1.01e+04    │rlt/global_total_transitions_added=2.0…│rlt/global_transitions_since_train=15…│
│rlt/max_updates_per_train_step=1600.0  │rlt/min_replay_buffer_size=10000.0     │rlt/pending_update_budget=2.76e+04    │
│rlt/ready_for_online=0.0000            │rlt/should_train=1.000                 │rlt/skip_reason=0.0000                │
│rlt/train_every_episodes=0.0000        │rlt/train_every_transitions=1.000      │rlt/update_epoch=5.000                │
│rlt/update_step=1600.0                 │rlt/updates_scheduled=2.92e+04         │rlt/updates_to_run=1600.0             │
│rlt/warmup_required_updates=3.00e+04   │sac/actor_loss=0.088                   │sac/alpha=0.0000                      │
│sac/alpha_loss=0.0000                  │sac/critic_loss=0.0029                 │                                      │
│                                                                                                                      │
╰──────────────────────────────────────────────────────────────────────────────────────────────────────────────────────╯


╭──────────────────────────────────────────────────────────────────────────────────────────────────────────────────────╮
├──────────────────────────────────────────────────── Metric Table ────────────────────────────────────────────────────┤
│ Global Step:  138/250 │ Progress: ██████████████████████░░░░░░░░░░░░░░░░░░ │  55.2%                                  │
│ Elapsed: 05:08:13 │ ETA: 04:10:09 │ Step Time: 134.010s                                                              │
├──────────────────────────────────────────────────────── Time ────────────────────────────────────────────────────────┤
│                                                                                                                      │
│actor/actor/compute_adv=1.00e-05       │actor/actor/recv_traj=116.9            │actor/actor/sync_model_to_rollout=0.0…│
│actor/forward_actor=12.473             │actor/forward_critic=28.734            │actor/sample=14.381                   │
│actor/update_one_epoch=103.2           │cal_adv_and_returns=0.0023             │env/compute_bootstrap_rewards=0.0016  │
│env/env/bootstrap_step=29.713          │env/env/send_rollout_trajectories=0.456│env/env_interact_step=80.049          │
│env/interact=116.9                     │env/run_interact_once=116.5            │generate_rollouts=117.0               │
│rollout/generate_one_epoch=116.1       │rollout/rollout/generate=116.1         │step=220.8                            │
│sync_weights=0.539                     │                                       │                                      │
│                                                                                                                      │
├──────────────────────────────────────────────────── Environment ─────────────────────────────────────────────────────┤
│                                                                                                                      │
│episode_len=200.0                      │num_trajectories=8                     │return=3.625                          │
│reward=0.018125                        │success_once=0.375                     │                                      │
│                                                                                                                      │
├─────────────────────────────────────────────────── Replay Buffer ────────────────────────────────────────────────────┤
│                                                                                                                      │
│cache_size=1.03e+04                    │num_trajectories=1.03e+04              │total_samples=1.03e+04                │
│                                                                                                                      │
├─────────────────────────────────────────────────── Training/Actor ───────────────────────────────────────────────────┤
│                                                                                                                      │
│actor/action_ref_abs_mean=0.050        │actor/actor_weight_in_warmup=1.000     │actor/actor_weight_ramp_progress=0.00…│
│actor/actor_weight_schedule_enabled=1.…│actor/bc_human_loss=0.0000             │actor/bc_loss=0.011                   │
│actor/bc_ref_loss=0.011                │actor/bc_weight=7.000                  │actor/entropy=-671.4                  │
│actor/grad_norm=0.895                  │actor/human_mask_ratio=0.0000          │actor/lr=1.00e-04                     │
│actor/policy_mask_ratio=1.000          │actor/q_pi=0.020                       │actor/q_value_0=0.020                 │
│actor/q_value_1=0.020                  │actor/q_weight=0.050                   │actor/reference_dropout_prob=0.500    │
│actor/weighted_bc=0.078                │actor/weighted_q=9.95e-04              │                                      │
│                                                                                                                      │
├────────────────────────────────────────────────── Training/Critic ───────────────────────────────────────────────────┤
│                                                                                                                      │
│critic/grad_norm=0.763                 │critic/lr=1.00e-04                     │critic/q_data=0.020                   │
│                                                                                                                      │
├─────────────────────────────────────────────────── Training/Other ───────────────────────────────────────────────────┤
│                                                                                                                      │
│alpha/grad_norm=0.0000                 │replay/actor_switch_rate=0.0000        │replay/done_rate=0.060                │
│replay/intervention_rate=0.0000        │replay/intervention_requested_rate=0.0…│replay/record_transition_rate=1.000   │
│replay/reward_mean=0.023               │replay/reward_positive_rate=0.023      │replay/transition_count=67.000        │
│rlt/actor_updates_run=800.0            │rlt/critic_updates_run=1600.0          │rlt/desired_total_updates=3.14e+04    │
│rlt/global_min_replay_size=1.02e+04    │rlt/global_total_transitions_added=2.0…│rlt/global_transitions_since_train=13…│
│rlt/max_updates_per_train_step=1600.0  │rlt/min_replay_buffer_size=10000.0     │rlt/pending_update_budget=2.66e+04    │
│rlt/ready_for_online=0.0000            │rlt/should_train=1.000                 │rlt/skip_reason=0.0000                │
│rlt/train_every_episodes=0.0000        │rlt/train_every_transitions=1.000      │rlt/update_epoch=5.000                │
│rlt/update_step=3200.0                 │rlt/updates_scheduled=2.82e+04         │rlt/updates_to_run=1600.0             │
│rlt/warmup_required_updates=3.00e+04   │sac/actor_loss=0.077                   │sac/alpha=0.0000                      │
│sac/alpha_loss=0.0000                  │sac/critic_loss=0.0031                 │                                      │
│                                                                                                                      │
╰──────────────────────────────────────────────────────────────────────────────────────────────────────────────────────╯


╭──────────────────────────────────────────────────────────────────────────────────────────────────────────────────────╮
├──────────────────────────────────────────────────── Metric Table ────────────────────────────────────────────────────┤
│ Global Step:  139/250 │ Progress: ██████████████████████░░░░░░░░░░░░░░░░░░ │  55.6%                                  │
│ Elapsed: 05:11:56 │ ETA: 04:09:06 │ Step Time: 134.650s                                                              │
├──────────────────────────────────────────────────────── Time ────────────────────────────────────────────────────────┤
│                                                                                                                      │
│actor/actor/compute_adv=2.12e-05       │actor/actor/recv_traj=121.5            │actor/actor/sync_model_to_rollout=0.0…│
│actor/forward_actor=12.196             │actor/forward_critic=28.050            │actor/sample=13.972                   │
│actor/update_one_epoch=100.8           │cal_adv_and_returns=0.0028             │env/compute_bootstrap_rewards=0.0016  │
│env/env/bootstrap_step=30.113          │env/env/send_rollout_trajectories=0.449│env/env_interact_step=84.495          │
│env/interact=121.5                     │env/run_interact_once=121.1            │generate_rollouts=121.6               │
│rollout/generate_one_epoch=120.6       │rollout/rollout/generate=120.6         │step=223.0                            │
│sync_weights=0.548                     │                                       │                                      │
│                                                                                                                      │
├──────────────────────────────────────────────────── Environment ─────────────────────────────────────────────────────┤
│                                                                                                                      │
│episode_len=200.0                      │num_trajectories=8                     │return=1.125                          │
│reward=0.005625                        │success_once=0.125                     │                                      │
│                                                                                                                      │
├─────────────────────────────────────────────────── Replay Buffer ────────────────────────────────────────────────────┤
│                                                                                                                      │
│cache_size=1.04e+04                    │num_trajectories=1.04e+04              │total_samples=1.04e+04                │
│                                                                                                                      │
├─────────────────────────────────────────────────── Training/Actor ───────────────────────────────────────────────────┤
│                                                                                                                      │
│actor/action_ref_abs_mean=0.048        │actor/actor_weight_in_warmup=1.000     │actor/actor_weight_ramp_progress=0.00…│
│actor/actor_weight_schedule_enabled=1.…│actor/bc_human_loss=0.0000             │actor/bc_loss=0.010                   │
│actor/bc_ref_loss=0.010                │actor/bc_weight=7.000                  │actor/entropy=-671.4                  │
│actor/grad_norm=0.841                  │actor/human_mask_ratio=0.0000          │actor/lr=1.00e-04                     │
│actor/policy_mask_ratio=1.000          │actor/q_pi=0.025                       │actor/q_value_0=0.025                 │
│actor/q_value_1=0.025                  │actor/q_weight=0.050                   │actor/reference_dropout_prob=0.500    │
│actor/weighted_bc=0.073                │actor/weighted_q=0.0013                │                                      │
│                                                                                                                      │
├────────────────────────────────────────────────── Training/Critic ───────────────────────────────────────────────────┤
│                                                                                                                      │
│critic/grad_norm=0.706                 │critic/lr=1.00e-04                     │critic/q_data=0.025                   │
│                                                                                                                      │
├─────────────────────────────────────────────────── Training/Other ───────────────────────────────────────────────────┤
│                                                                                                                      │
│alpha/grad_norm=0.0000                 │replay/actor_switch_rate=0.0000        │replay/done_rate=0.053                │
│replay/intervention_rate=0.0000        │replay/intervention_requested_rate=0.0…│replay/record_transition_rate=1.000   │
│replay/reward_mean=0.0069              │replay/reward_positive_rate=0.0069     │replay/transition_count=76.000        │
│rlt/actor_updates_run=800.0            │rlt/critic_updates_run=1600.0          │rlt/desired_total_updates=3.22e+04    │
│rlt/global_min_replay_size=1.02e+04    │rlt/global_total_transitions_added=2.0…│rlt/global_transitions_since_train=15…│
│rlt/max_updates_per_train_step=1600.0  │rlt/min_replay_buffer_size=10000.0     │rlt/pending_update_budget=2.58e+04    │
│rlt/ready_for_online=0.0000            │rlt/should_train=1.000                 │rlt/skip_reason=0.0000                │
│rlt/train_every_episodes=0.0000        │rlt/train_every_transitions=1.000      │rlt/update_epoch=5.000                │
│rlt/update_step=4800.0                 │rlt/updates_scheduled=2.74e+04         │rlt/updates_to_run=1600.0             │
│rlt/warmup_required_updates=3.00e+04   │sac/actor_loss=0.072                   │sac/alpha=0.0000                      │
│sac/alpha_loss=0.0000                  │sac/critic_loss=0.0027                 │                                      │
│                                                                                                                      │
╰──────────────────────────────────────────────────────────────────────────────────────────────────────────────────────╯


╭──────────────────────────────────────────────────────────────────────────────────────────────────────────────────────╮
├──────────────────────────────────────────────────── Metric Table ────────────────────────────────────────────────────┤
│ Global Step:  140/250 │ Progress: ██████████████████████░░░░░░░░░░░░░░░░░░ │  56.0%                                  │
│ Elapsed: 05:15:39 │ ETA: 04:08:01 │ Step Time: 135.282s                                                              │
├──────────────────────────────────────────────────────── Time ────────────────────────────────────────────────────────┤
│                                                                                                                      │
│actor/actor/compute_adv=9.85e-06       │actor/actor/recv_traj=120.9            │actor/actor/sync_model_to_rollout=0.0…│
│actor/forward_actor=12.312             │actor/forward_critic=28.278            │actor/sample=14.480                   │
│actor/update_one_epoch=101.4           │cal_adv_and_returns=0.0030             │env/compute_bootstrap_rewards=0.0015  │
│env/env/bootstrap_step=29.260          │env/env/send_rollout_trajectories=0.443│env/env_interact_step=84.744          │
│env/interact=120.9                     │env/run_interact_once=120.5            │generate_rollouts=121.0               │
│rollout/generate_one_epoch=120.1       │rollout/rollout/generate=120.1         │step=223.1                            │
│sync_weights=0.542                     │                                       │                                      │
│                                                                                                                      │
├──────────────────────────────────────────────────── Environment ─────────────────────────────────────────────────────┤
│                                                                                                                      │
│episode_len=200.0                      │num_trajectories=8                     │return=2.5                            │
│reward=0.0125                          │success_once=0.25                      │                                      │
│                                                                                                                      │
├─────────────────────────────────────────────────── Replay Buffer ────────────────────────────────────────────────────┤
│                                                                                                                      │
│cache_size=1.05e+04                    │num_trajectories=1.05e+04              │total_samples=1.05e+04                │
│                                                                                                                      │
├─────────────────────────────────────────────────── Training/Actor ───────────────────────────────────────────────────┤
│                                                                                                                      │
│actor/action_ref_abs_mean=0.046        │actor/actor_weight_in_warmup=1.000     │actor/actor_weight_ramp_progress=0.00…│
│actor/actor_weight_schedule_enabled=1.…│actor/bc_human_loss=0.0000             │actor/bc_loss=0.010                   │
│actor/bc_ref_loss=0.010                │actor/bc_weight=7.000                  │actor/entropy=-671.4                  │
│actor/grad_norm=0.872                  │actor/human_mask_ratio=0.0000          │actor/lr=1.00e-04                     │
│actor/policy_mask_ratio=1.000          │actor/q_pi=0.028                       │actor/q_value_0=0.028                 │
│actor/q_value_1=0.028                  │actor/q_weight=0.050                   │actor/reference_dropout_prob=0.500    │
│actor/weighted_bc=0.071                │actor/weighted_q=0.0014                │                                      │
│                                                                                                                      │
├────────────────────────────────────────────────── Training/Critic ───────────────────────────────────────────────────┤
│                                                                                                                      │
│critic/grad_norm=0.742                 │critic/lr=1.00e-04                     │critic/q_data=0.028                   │
│                                                                                                                      │
├─────────────────────────────────────────────────── Training/Other ───────────────────────────────────────────────────┤
│                                                                                                                      │
│alpha/grad_norm=0.0000                 │replay/actor_switch_rate=0.0000        │replay/done_rate=0.057                │
│replay/intervention_rate=0.0000        │replay/intervention_requested_rate=0.0…│replay/record_transition_rate=1.000   │
│replay/reward_mean=0.016               │replay/reward_positive_rate=0.016      │replay/transition_count=71.000        │
│rlt/actor_updates_run=800.0            │rlt/critic_updates_run=1600.0          │rlt/desired_total_updates=3.29e+04    │
│rlt/global_min_replay_size=1.03e+04    │rlt/global_total_transitions_added=2.1…│rlt/global_transitions_since_train=14…│
│rlt/max_updates_per_train_step=1600.0  │rlt/min_replay_buffer_size=10000.0     │rlt/pending_update_budget=2.49e+04    │
│rlt/ready_for_online=0.0000            │rlt/should_train=1.000                 │rlt/skip_reason=0.0000                │
│rlt/train_every_episodes=0.0000        │rlt/train_every_transitions=1.000      │rlt/update_epoch=5.000                │
│rlt/update_step=6400.0                 │rlt/updates_scheduled=2.65e+04         │rlt/updates_to_run=1600.0             │
│rlt/warmup_required_updates=3.00e+04   │sac/actor_loss=0.070                   │sac/alpha=0.0000                      │
│sac/alpha_loss=0.0000                  │sac/critic_loss=0.0024                 │                                      │
│                                                                                                                      │
╰──────────────────────────────────────────────────────────────────────────────────────────────────────────────────────╯


╭──────────────────────────────────────────────────────────────────────────────────────────────────────────────────────╮
├──────────────────────────────────────────────────── Metric Table ────────────────────────────────────────────────────┤
│ Global Step:  141/250 │ Progress: ██████████████████████░░░░░░░░░░░░░░░░░░ │  56.4%                                  │
│ Elapsed: 05:19:24 │ ETA: 04:06:55 │ Step Time: 135.919s                                                              │
├──────────────────────────────────────────────────────── Time ────────────────────────────────────────────────────────┤
│                                                                                                                      │
│actor/actor/compute_adv=2.27e-05       │actor/actor/recv_traj=123.3            │actor/actor/sync_model_to_rollout=0.0…│
│actor/forward_actor=11.986             │actor/forward_critic=27.587            │actor/sample=14.049                   │
│actor/update_one_epoch=101.1           │cal_adv_and_returns=0.0027             │env/compute_bootstrap_rewards=0.0016  │
│env/env/bootstrap_step=29.981          │env/env/send_rollout_trajectories=0.365│env/env_interact_step=87.260          │
│env/interact=123.3                     │env/run_interact_once=122.8            │generate_rollouts=123.3               │
│rollout/generate_one_epoch=122.5       │rollout/rollout/generate=122.5         │step=225.1                            │
│sync_weights=0.547                     │                                       │                                      │
│                                                                                                                      │
├──────────────────────────────────────────────────── Environment ─────────────────────────────────────────────────────┤
│                                                                                                                      │
│episode_len=200.0                      │num_trajectories=8                     │return=0.0                            │
│reward=0.0                             │success_once=0.0                       │                                      │
│                                                                                                                      │
├─────────────────────────────────────────────────── Replay Buffer ────────────────────────────────────────────────────┤
│                                                                                                                      │
│cache_size=1.06e+04                    │num_trajectories=1.06e+04              │total_samples=1.06e+04                │
│                                                                                                                      │
├─────────────────────────────────────────────────── Training/Actor ───────────────────────────────────────────────────┤
│                                                                                                                      │
│actor/action_ref_abs_mean=0.045        │actor/actor_weight_in_warmup=1.000     │actor/actor_weight_ramp_progress=0.00…│
│actor/actor_weight_schedule_enabled=1.…│actor/bc_human_loss=0.0000             │actor/bc_loss=0.0098                  │
│actor/bc_ref_loss=0.0098               │actor/bc_weight=7.000                  │actor/entropy=-671.4                  │
│actor/grad_norm=0.823                  │actor/human_mask_ratio=0.0000          │actor/lr=1.00e-04                     │
│actor/policy_mask_ratio=1.000          │actor/q_pi=0.030                       │actor/q_value_0=0.030                 │
│actor/q_value_1=0.030                  │actor/q_weight=0.050                   │actor/reference_dropout_prob=0.500    │
│actor/weighted_bc=0.069                │actor/weighted_q=0.0015                │                                      │
│                                                                                                                      │
├────────────────────────────────────────────────── Training/Critic ───────────────────────────────────────────────────┤
│                                                                                                                      │
│critic/grad_norm=0.687                 │critic/lr=1.00e-04                     │critic/q_data=0.030                   │
│                                                                                                                      │
├─────────────────────────────────────────────────── Training/Other ───────────────────────────────────────────────────┤
│                                                                                                                      │
│alpha/grad_norm=0.0000                 │replay/actor_switch_rate=0.0000        │replay/done_rate=0.050                │
│replay/intervention_rate=0.0000        │replay/intervention_requested_rate=0.0…│replay/record_transition_rate=1.000   │
│replay/reward_mean=0.0000              │replay/reward_positive_rate=0.0000     │replay/transition_count=80.000        │
│rlt/actor_updates_run=800.0            │rlt/critic_updates_run=1600.0          │rlt/desired_total_updates=3.37e+04    │
│rlt/global_min_replay_size=1.04e+04    │rlt/global_total_transitions_added=2.1…│rlt/global_transitions_since_train=16…│
│rlt/max_updates_per_train_step=1600.0  │rlt/min_replay_buffer_size=10000.0     │rlt/pending_update_budget=2.41e+04    │
│rlt/ready_for_online=0.0000            │rlt/should_train=1.000                 │rlt/skip_reason=0.0000                │
│rlt/train_every_episodes=0.0000        │rlt/train_every_transitions=1.000      │rlt/update_epoch=5.000                │
│rlt/update_step=8000.0                 │rlt/updates_scheduled=2.57e+04         │rlt/updates_to_run=1600.0             │
│rlt/warmup_required_updates=3.00e+04   │sac/actor_loss=0.067                   │sac/alpha=0.0000                      │
│sac/alpha_loss=0.0000                  │sac/critic_loss=0.0021                 │                                      │
│                                                                                                                      │
╰──────────────────────────────────────────────────────────────────────────────────────────────────────────────────────╯


╭──────────────────────────────────────────────────────────────────────────────────────────────────────────────────────╮
├──────────────────────────────────────────────────── Metric Table ────────────────────────────────────────────────────┤
│ Global Step:  142/250 │ Progress: ██████████████████████░░░░░░░░░░░░░░░░░░ │  56.8%                                  │
│ Elapsed: 05:23:11 │ ETA: 04:05:48 │ Step Time: 136.559s                                                              │
├──────────────────────────────────────────────────────── Time ────────────────────────────────────────────────────────┤
│                                                                                                                      │
│actor/actor/compute_adv=9.40e-06       │actor/actor/recv_traj=124.5            │actor/actor/sync_model_to_rollout=0.0…│
│actor/forward_actor=12.230             │actor/forward_critic=28.038            │actor/sample=13.954                   │
│actor/update_one_epoch=101.4           │cal_adv_and_returns=0.0028             │env/compute_bootstrap_rewards=0.0016  │
│env/env/bootstrap_step=29.613          │env/env/send_rollout_trajectories=0.454│env/env_interact_step=88.043          │
│env/interact=124.5                     │env/run_interact_once=124.0            │generate_rollouts=124.6               │
│rollout/generate_one_epoch=123.5       │rollout/rollout/generate=123.5         │step=226.7                            │
│sync_weights=0.546                     │                                       │                                      │
│                                                                                                                      │
├──────────────────────────────────────────────────── Environment ─────────────────────────────────────────────────────┤
│                                                                                                                      │
│episode_len=200.0                      │num_trajectories=8                     │return=1.25                           │
│reward=0.00625                         │success_once=0.125                     │                                      │
│                                                                                                                      │
├─────────────────────────────────────────────────── Replay Buffer ────────────────────────────────────────────────────┤
│                                                                                                                      │
│cache_size=1.06e+04                    │num_trajectories=1.06e+04              │total_samples=1.06e+04                │
│                                                                                                                      │
├─────────────────────────────────────────────────── Training/Actor ───────────────────────────────────────────────────┤
│                                                                                                                      │
│actor/action_ref_abs_mean=0.044        │actor/actor_weight_in_warmup=1.000     │actor/actor_weight_ramp_progress=0.00…│
│actor/actor_weight_schedule_enabled=1.…│actor/bc_human_loss=0.0000             │actor/bc_loss=0.0097                  │
│actor/bc_ref_loss=0.0097               │actor/bc_weight=7.000                  │actor/entropy=-671.4                  │
│actor/grad_norm=0.831                  │actor/human_mask_ratio=0.0000          │actor/lr=1.00e-04                     │
│actor/policy_mask_ratio=1.000          │actor/q_pi=0.031                       │actor/q_value_0=0.031                 │
│actor/q_value_1=0.031                  │actor/q_weight=0.050                   │actor/reference_dropout_prob=0.500    │
│actor/weighted_bc=0.068                │actor/weighted_q=0.0016                │                                      │
│                                                                                                                      │
├────────────────────────────────────────────────── Training/Critic ───────────────────────────────────────────────────┤
│                                                                                                                      │
│critic/grad_norm=0.695                 │critic/lr=1.00e-04                     │critic/q_data=0.032                   │
│                                                                                                                      │
├─────────────────────────────────────────────────── Training/Other ───────────────────────────────────────────────────┤
│                                                                                                                      │
│alpha/grad_norm=0.0000                 │replay/actor_switch_rate=0.0000        │replay/done_rate=0.053                │
│replay/intervention_rate=0.0000        │replay/intervention_requested_rate=0.0…│replay/record_transition_rate=1.000   │
│replay/reward_mean=0.0070              │replay/reward_positive_rate=0.0070     │replay/transition_count=75.500        │
│rlt/actor_updates_run=800.0            │rlt/critic_updates_run=1600.0          │rlt/desired_total_updates=3.45e+04    │
│rlt/global_min_replay_size=1.05e+04    │rlt/global_total_transitions_added=2.1…│rlt/global_transitions_since_train=15…│
│rlt/max_updates_per_train_step=1600.0  │rlt/min_replay_buffer_size=10000.0     │rlt/pending_update_budget=2.33e+04    │
│rlt/ready_for_online=0.0000            │rlt/should_train=1.000                 │rlt/skip_reason=0.0000                │
│rlt/train_every_episodes=0.0000        │rlt/train_every_transitions=1.000      │rlt/update_epoch=5.000                │
│rlt/update_step=9600.0                 │rlt/updates_scheduled=2.49e+04         │rlt/updates_to_run=1600.0             │
│rlt/warmup_required_updates=3.00e+04   │sac/actor_loss=0.066                   │sac/alpha=0.0000                      │
│sac/alpha_loss=0.0000                  │sac/critic_loss=0.0020                 │                                      │
│                                                                                                                      │
╰──────────────────────────────────────────────────────────────────────────────────────────────────────────────────────╯


╭──────────────────────────────────────────────────────────────────────────────────────────────────────────────────────╮
├──────────────────────────────────────────────────── Metric Table ────────────────────────────────────────────────────┤
│ Global Step:  143/250 │ Progress: ██████████████████████░░░░░░░░░░░░░░░░░░ │  57.2%                                  │
│ Elapsed: 05:26:47 │ ETA: 04:04:31 │ Step Time: 137.115s                                                              │
├──────────────────────────────────────────────────────── Time ────────────────────────────────────────────────────────┤
│                                                                                                                      │
│actor/actor/compute_adv=1.15e-05       │actor/actor/recv_traj=114.4            │actor/actor/sync_model_to_rollout=0.0…│
│actor/forward_actor=11.954             │actor/forward_critic=27.603            │actor/sample=14.040                   │
│actor/update_one_epoch=101.0           │cal_adv_and_returns=0.0032             │env/compute_bootstrap_rewards=0.0016  │
│env/env/bootstrap_step=30.513          │env/env/send_rollout_trajectories=0.454│env/env_interact_step=76.656          │
│env/interact=114.3                     │env/run_interact_once=113.8            │generate_rollouts=114.5               │
│rollout/generate_one_epoch=113.3       │rollout/rollout/generate=113.3         │step=216.2                            │
│sync_weights=0.559                     │                                       │                                      │
│                                                                                                                      │
├──────────────────────────────────────────────────── Environment ─────────────────────────────────────────────────────┤
│                                                                                                                      │
│episode_len=200.0                      │num_trajectories=8                     │return=2.375                          │
│reward=0.011875                        │success_once=0.25                      │                                      │
│                                                                                                                      │
├─────────────────────────────────────────────────── Replay Buffer ────────────────────────────────────────────────────┤
│                                                                                                                      │
│cache_size=1.07e+04                    │num_trajectories=1.07e+04              │total_samples=1.07e+04                │
│                                                                                                                      │
├─────────────────────────────────────────────────── Training/Actor ───────────────────────────────────────────────────┤
│                                                                                                                      │
│actor/action_ref_abs_mean=0.043        │actor/actor_weight_in_warmup=1.000     │actor/actor_weight_ramp_progress=0.00…│
│actor/actor_weight_schedule_enabled=1.…│actor/bc_human_loss=0.0000             │actor/bc_loss=0.0095                  │
│actor/bc_ref_loss=0.0095               │actor/bc_weight=7.000                  │actor/entropy=-671.4                  │
│actor/grad_norm=0.799                  │actor/human_mask_ratio=0.0000          │actor/lr=1.00e-04                     │
│actor/policy_mask_ratio=1.000          │actor/q_pi=0.033                       │actor/q_value_0=0.033                 │
│actor/q_value_1=0.033                  │actor/q_weight=0.050                   │actor/reference_dropout_prob=0.500    │
│actor/weighted_bc=0.067                │actor/weighted_q=0.0016                │                                      │
│                                                                                                                      │
├────────────────────────────────────────────────── Training/Critic ───────────────────────────────────────────────────┤
│                                                                                                                      │
│critic/grad_norm=0.659                 │critic/lr=1.00e-04                     │critic/q_data=0.033                   │
│                                                                                                                      │
├─────────────────────────────────────────────────── Training/Other ───────────────────────────────────────────────────┤
│                                                                                                                      │
│alpha/grad_norm=0.0000                 │replay/actor_switch_rate=0.0000        │replay/done_rate=0.056                │
│replay/intervention_rate=0.0000        │replay/intervention_requested_rate=0.0…│replay/record_transition_rate=1.000   │
│replay/reward_mean=0.014               │replay/reward_positive_rate=0.014      │replay/transition_count=71.500        │
│rlt/actor_updates_run=800.0            │rlt/critic_updates_run=1600.0          │rlt/desired_total_updates=3.52e+04    │
│rlt/global_min_replay_size=1.05e+04    │rlt/global_total_transitions_added=2.1…│rlt/global_transitions_since_train=14…│
│rlt/max_updates_per_train_step=1600.0  │rlt/min_replay_buffer_size=10000.0     │rlt/pending_update_budget=2.24e+04    │
│rlt/ready_for_online=0.0000            │rlt/should_train=1.000                 │rlt/skip_reason=0.0000                │
│rlt/train_every_episodes=0.0000        │rlt/train_every_transitions=1.000      │rlt/update_epoch=5.000                │
│rlt/update_step=1.12e+04               │rlt/updates_scheduled=2.40e+04         │rlt/updates_to_run=1600.0             │
│rlt/warmup_required_updates=3.00e+04   │sac/actor_loss=0.065                   │sac/alpha=0.0000                      │
│sac/alpha_loss=0.0000                  │sac/critic_loss=0.0018                 │                                      │
│                                                                                                                      │
╰──────────────────────────────────────────────────────────────────────────────────────────────────────────────────────╯


╭──────────────────────────────────────────────────────────────────────────────────────────────────────────────────────╮
├──────────────────────────────────────────────────── Metric Table ────────────────────────────────────────────────────┤
│ Global Step:  144/250 │ Progress: ███████████████████████░░░░░░░░░░░░░░░░░ │  57.6%                                  │
│ Elapsed: 05:30:33 │ ETA: 04:03:19 │ Step Time: 137.729s                                                              │
├──────────────────────────────────────────────────────── Time ────────────────────────────────────────────────────────┤
│                                                                                                                      │
│actor/actor/compute_adv=1.46e-05       │actor/actor/recv_traj=123.4            │actor/actor/sync_model_to_rollout=0.0…│
│actor/forward_actor=12.410             │actor/forward_critic=28.513            │actor/sample=14.054                   │
│actor/update_one_epoch=101.3           │cal_adv_and_returns=0.0029             │env/compute_bootstrap_rewards=0.0017  │
│env/env/bootstrap_step=30.730          │env/env/send_rollout_trajectories=0.463│env/env_interact_step=85.352          │
│env/interact=123.4                     │env/run_interact_once=123.0            │generate_rollouts=123.5               │
│rollout/generate_one_epoch=122.5       │rollout/rollout/generate=122.5         │step=225.5                            │
│sync_weights=0.558                     │                                       │                                      │
│                                                                                                                      │
├──────────────────────────────────────────────────── Environment ─────────────────────────────────────────────────────┤
│                                                                                                                      │
│episode_len=200.0                      │num_trajectories=8                     │return=0.0                            │
│reward=0.0                             │success_once=0.0                       │                                      │
│                                                                                                                      │
├─────────────────────────────────────────────────── Replay Buffer ────────────────────────────────────────────────────┤
│                                                                                                                      │
│cache_size=1.08e+04                    │num_trajectories=1.08e+04              │total_samples=1.08e+04                │
│                                                                                                                      │
├─────────────────────────────────────────────────── Training/Actor ───────────────────────────────────────────────────┤
│                                                                                                                      │
│actor/action_ref_abs_mean=0.043        │actor/actor_weight_in_warmup=1.000     │actor/actor_weight_ramp_progress=0.00…│
│actor/actor_weight_schedule_enabled=1.…│actor/bc_human_loss=0.0000             │actor/bc_loss=0.0094                  │
│actor/bc_ref_loss=0.0094               │actor/bc_weight=7.000                  │actor/entropy=-671.4                  │
│actor/grad_norm=0.782                  │actor/human_mask_ratio=0.0000          │actor/lr=1.00e-04                     │
│actor/policy_mask_ratio=1.000          │actor/q_pi=0.033                       │actor/q_value_0=0.033                 │
│actor/q_value_1=0.033                  │actor/q_weight=0.050                   │actor/reference_dropout_prob=0.500    │
│actor/weighted_bc=0.066                │actor/weighted_q=0.0017                │                                      │
│                                                                                                                      │
├────────────────────────────────────────────────── Training/Critic ───────────────────────────────────────────────────┤
│                                                                                                                      │
│critic/grad_norm=0.639                 │critic/lr=1.00e-04                     │critic/q_data=0.034                   │
│                                                                                                                      │
├─────────────────────────────────────────────────── Training/Other ───────────────────────────────────────────────────┤
│                                                                                                                      │
│alpha/grad_norm=0.0000                 │replay/actor_switch_rate=0.0000        │replay/done_rate=0.050                │
│replay/intervention_rate=0.0000        │replay/intervention_requested_rate=0.0…│replay/record_transition_rate=1.000   │
│replay/reward_mean=0.0000              │replay/reward_positive_rate=0.0000     │replay/transition_count=80.000        │
│rlt/actor_updates_run=800.0            │rlt/critic_updates_run=1600.0          │rlt/desired_total_updates=3.60e+04    │
│rlt/global_min_replay_size=1.06e+04    │rlt/global_total_transitions_added=2.1…│rlt/global_transitions_since_train=16…│
│rlt/max_updates_per_train_step=1600.0  │rlt/min_replay_buffer_size=10000.0     │rlt/pending_update_budget=2.16e+04    │
│rlt/ready_for_online=0.0000            │rlt/should_train=1.000                 │rlt/skip_reason=0.0000                │
│rlt/train_every_episodes=0.0000        │rlt/train_every_transitions=1.000      │rlt/update_epoch=5.000                │
│rlt/update_step=1.28e+04               │rlt/updates_scheduled=2.32e+04         │rlt/updates_to_run=1600.0             │
│rlt/warmup_required_updates=3.00e+04   │sac/actor_loss=0.064                   │sac/alpha=0.0000                      │
│sac/alpha_loss=0.0000                  │sac/critic_loss=0.0016                 │                                      │
│                                                                                                                      │
╰──────────────────────────────────────────────────────────────────────────────────────────────────────────────────────╯


╭──────────────────────────────────────────────────────────────────────────────────────────────────────────────────────╮
├──────────────────────────────────────────────────── Metric Table ────────────────────────────────────────────────────┤
│ Global Step:  145/250 │ Progress: ███████████████████████░░░░░░░░░░░░░░░░░ │  58.0%                                  │
│ Elapsed: 05:34:11 │ ETA: 04:02:00 │ Step Time: 138.288s                                                              │
├──────────────────────────────────────────────────────── Time ────────────────────────────────────────────────────────┤
│                                                                                                                      │
│actor/actor/compute_adv=9.66e-06       │actor/actor/recv_traj=116.5            │actor/actor/sync_model_to_rollout=0.0…│
│actor/forward_actor=12.346             │actor/forward_critic=28.428            │actor/sample=13.889                   │
│actor/update_one_epoch=101.5           │cal_adv_and_returns=0.0025             │env/compute_bootstrap_rewards=0.0016  │
│env/env/bootstrap_step=30.352          │env/env/send_rollout_trajectories=0.446│env/env_interact_step=78.985          │
│env/interact=116.5                     │env/run_interact_once=116.1            │generate_rollouts=116.6               │
│rollout/generate_one_epoch=115.6       │rollout/rollout/generate=115.6         │step=218.8                            │
│sync_weights=0.514                     │                                       │                                      │
│                                                                                                                      │
├──────────────────────────────────────────────────── Environment ─────────────────────────────────────────────────────┤
│                                                                                                                      │
│episode_len=200.0                      │num_trajectories=8                     │return=1.125                          │
│reward=0.005625                        │success_once=0.125                     │                                      │
│                                                                                                                      │
├─────────────────────────────────────────────────── Replay Buffer ────────────────────────────────────────────────────┤
│                                                                                                                      │
│cache_size=1.09e+04                    │num_trajectories=1.09e+04              │total_samples=1.09e+04                │
│                                                                                                                      │
├─────────────────────────────────────────────────── Training/Actor ───────────────────────────────────────────────────┤
│                                                                                                                      │
│actor/action_ref_abs_mean=0.042        │actor/actor_weight_in_warmup=1.000     │actor/actor_weight_ramp_progress=0.00…│
│actor/actor_weight_schedule_enabled=1.…│actor/bc_human_loss=0.0000             │actor/bc_loss=0.0093                  │
│actor/bc_ref_loss=0.0093               │actor/bc_weight=7.000                  │actor/entropy=-671.4                  │
│actor/grad_norm=0.774                  │actor/human_mask_ratio=0.0000          │actor/lr=1.00e-04                     │
│actor/policy_mask_ratio=1.000          │actor/q_pi=0.034                       │actor/q_value_0=0.034                 │
│actor/q_value_1=0.034                  │actor/q_weight=0.050                   │actor/reference_dropout_prob=0.500    │
│actor/weighted_bc=0.065                │actor/weighted_q=0.0017                │                                      │
│                                                                                                                      │
├────────────────────────────────────────────────── Training/Critic ───────────────────────────────────────────────────┤
│                                                                                                                      │
│critic/grad_norm=0.630                 │critic/lr=1.00e-04                     │critic/q_data=0.034                   │
│                                                                                                                      │
├─────────────────────────────────────────────────── Training/Other ───────────────────────────────────────────────────┤
│                                                                                                                      │
│alpha/grad_norm=0.0000                 │replay/actor_switch_rate=0.0000        │replay/done_rate=0.053                │
│replay/intervention_rate=0.0000        │replay/intervention_requested_rate=0.0…│replay/record_transition_rate=1.000   │
│replay/reward_mean=0.0069              │replay/reward_positive_rate=0.0069     │replay/transition_count=76.000        │
│rlt/actor_updates_run=800.0            │rlt/critic_updates_run=1600.0          │rlt/desired_total_updates=3.67e+04    │
│rlt/global_min_replay_size=1.07e+04    │rlt/global_total_transitions_added=2.1…│rlt/global_transitions_since_train=15…│
│rlt/max_updates_per_train_step=1600.0  │rlt/min_replay_buffer_size=10000.0     │rlt/pending_update_budget=2.07e+04    │
│rlt/ready_for_online=0.0000            │rlt/should_train=1.000                 │rlt/skip_reason=0.0000                │
│rlt/train_every_episodes=0.0000        │rlt/train_every_transitions=1.000      │rlt/update_epoch=5.000                │
│rlt/update_step=1.44e+04               │rlt/updates_scheduled=2.23e+04         │rlt/updates_to_run=1600.0             │
│rlt/warmup_required_updates=3.00e+04   │sac/actor_loss=0.063                   │sac/alpha=0.0000                      │
│sac/alpha_loss=0.0000                  │sac/critic_loss=0.0015                 │                                      │
│                                                                                                                      │
╰──────────────────────────────────────────────────────────────────────────────────────────────────────────────────────╯


╭──────────────────────────────────────────────────────────────────────────────────────────────────────────────────────╮
├──────────────────────────────────────────────────── Metric Table ────────────────────────────────────────────────────┤
│ Global Step:  146/250 │ Progress: ███████████████████████░░░░░░░░░░░░░░░░░ │  58.4%                                  │
│ Elapsed: 05:37:58 │ ETA: 04:00:44 │ Step Time: 138.894s                                                              │
├──────────────────────────────────────────────────────── Time ────────────────────────────────────────────────────────┤
│                                                                                                                      │
│actor/actor/compute_adv=1.28e-05       │actor/actor/recv_traj=125.1            │actor/actor/sync_model_to_rollout=0.0…│
│actor/forward_actor=12.174             │actor/forward_critic=28.037            │actor/sample=13.789                   │
│actor/update_one_epoch=100.9           │cal_adv_and_returns=0.0031             │env/compute_bootstrap_rewards=0.0016  │
│env/env/bootstrap_step=29.876          │env/env/send_rollout_trajectories=0.445│env/env_interact_step=88.186          │
│env/interact=125.1                     │env/run_interact_once=124.6            │generate_rollouts=125.2               │
│rollout/generate_one_epoch=124.2       │rollout/rollout/generate=124.2         │step=226.7                            │
│sync_weights=0.552                     │                                       │                                      │
│                                                                                                                      │
├──────────────────────────────────────────────────── Environment ─────────────────────────────────────────────────────┤
│                                                                                                                      │
│episode_len=200.0                      │num_trajectories=8                     │return=0.0                            │
│reward=0.0                             │success_once=0.0                       │                                      │
│                                                                                                                      │
├─────────────────────────────────────────────────── Replay Buffer ────────────────────────────────────────────────────┤
│                                                                                                                      │
│cache_size=1.10e+04                    │num_trajectories=1.10e+04              │total_samples=1.10e+04                │
│                                                                                                                      │
├─────────────────────────────────────────────────── Training/Actor ───────────────────────────────────────────────────┤
│                                                                                                                      │
│actor/action_ref_abs_mean=0.042        │actor/actor_weight_in_warmup=1.000     │actor/actor_weight_ramp_progress=0.00…│
│actor/actor_weight_schedule_enabled=1.…│actor/bc_human_loss=0.0000             │actor/bc_loss=0.0093                  │
│actor/bc_ref_loss=0.0093               │actor/bc_weight=7.000                  │actor/entropy=-671.4                  │
│actor/grad_norm=0.752                  │actor/human_mask_ratio=0.0000          │actor/lr=1.00e-04                     │
│actor/policy_mask_ratio=1.000          │actor/q_pi=0.033                       │actor/q_value_0=0.033                 │
│actor/q_value_1=0.033                  │actor/q_weight=0.050                   │actor/reference_dropout_prob=0.500    │
│actor/weighted_bc=0.065                │actor/weighted_q=0.0017                │                                      │
│                                                                                                                      │
├────────────────────────────────────────────────── Training/Critic ───────────────────────────────────────────────────┤
│                                                                                                                      │
│critic/grad_norm=0.604                 │critic/lr=1.00e-04                     │critic/q_data=0.033                   │
│                                                                                                                      │
├─────────────────────────────────────────────────── Training/Other ───────────────────────────────────────────────────┤
│                                                                                                                      │
│alpha/grad_norm=0.0000                 │replay/actor_switch_rate=0.0000        │replay/done_rate=0.050                │
│replay/intervention_rate=0.0000        │replay/intervention_requested_rate=0.0…│replay/record_transition_rate=1.000   │
│replay/reward_mean=0.0000              │replay/reward_positive_rate=0.0000     │replay/transition_count=80.000        │
│rlt/actor_updates_run=800.0            │rlt/critic_updates_run=1600.0          │rlt/desired_total_updates=3.75e+04    │
│rlt/global_min_replay_size=1.08e+04    │rlt/global_total_transitions_added=2.1…│rlt/global_transitions_since_train=16…│
│rlt/max_updates_per_train_step=1600.0  │rlt/min_replay_buffer_size=10000.0     │rlt/pending_update_budget=1.99e+04    │
│rlt/ready_for_online=0.0000            │rlt/should_train=1.000                 │rlt/skip_reason=0.0000                │
│rlt/train_every_episodes=0.0000        │rlt/train_every_transitions=1.000      │rlt/update_epoch=5.000                │
│rlt/update_step=1.60e+04               │rlt/updates_scheduled=2.15e+04         │rlt/updates_to_run=1600.0             │
│rlt/warmup_required_updates=3.00e+04   │sac/actor_loss=0.063                   │sac/alpha=0.0000                      │
│sac/alpha_loss=0.0000                  │sac/critic_loss=0.0014                 │                                      │
│                                                                                                                      │
╰──────────────────────────────────────────────────────────────────────────────────────────────────────────────────────╯


╭──────────────────────────────────────────────────────────────────────────────────────────────────────────────────────╮
├──────────────────────────────────────────────────── Metric Table ────────────────────────────────────────────────────┤
│ Global Step:  147/250 │ Progress: ███████████████████████░░░░░░░░░░░░░░░░░ │  58.8%                                  │
│ Elapsed: 05:41:33 │ ETA: 03:59:19 │ Step Time: 139.414s                                                              │
├──────────────────────────────────────────────────────── Time ────────────────────────────────────────────────────────┤
│                                                                                                                      │
│actor/actor/compute_adv=1.87e-05       │actor/actor/recv_traj=113.4            │actor/actor/sync_model_to_rollout=0.0…│
│actor/forward_actor=12.037             │actor/forward_critic=27.777            │actor/sample=13.605                   │
│actor/update_one_epoch=101.2           │cal_adv_and_returns=0.0033             │env/compute_bootstrap_rewards=0.0016  │
│env/env/bootstrap_step=29.652          │env/env/send_rollout_trajectories=0.445│env/env_interact_step=76.949          │
│env/interact=113.4                     │env/run_interact_once=112.9            │generate_rollouts=113.5               │
│rollout/generate_one_epoch=112.5       │rollout/rollout/generate=112.5         │step=215.3                            │
│sync_weights=0.491                     │                                       │                                      │
│                                                                                                                      │
├──────────────────────────────────────────────────── Environment ─────────────────────────────────────────────────────┤
│                                                                                                                      │
│episode_len=200.0                      │num_trajectories=8                     │return=3.625                          │
│reward=0.018125                        │success_once=0.375                     │                                      │
│                                                                                                                      │
├─────────────────────────────────────────────────── Replay Buffer ────────────────────────────────────────────────────┤
│                                                                                                                      │
│cache_size=1.10e+04                    │num_trajectories=1.10e+04              │total_samples=1.10e+04                │
│                                                                                                                      │
├─────────────────────────────────────────────────── Training/Actor ───────────────────────────────────────────────────┤
│                                                                                                                      │
│actor/action_ref_abs_mean=0.042        │actor/actor_weight_in_warmup=1.000     │actor/actor_weight_ramp_progress=0.00…│
│actor/actor_weight_schedule_enabled=1.…│actor/bc_human_loss=0.0000             │actor/bc_loss=0.0092                  │
│actor/bc_ref_loss=0.0092               │actor/bc_weight=7.000                  │actor/entropy=-671.4                  │
│actor/grad_norm=0.755                  │actor/human_mask_ratio=0.0000          │actor/lr=1.00e-04                     │
│actor/policy_mask_ratio=1.000          │actor/q_pi=0.032                       │actor/q_value_0=0.032                 │
│actor/q_value_1=0.033                  │actor/q_weight=0.050                   │actor/reference_dropout_prob=0.500    │
│actor/weighted_bc=0.064                │actor/weighted_q=0.0016                │                                      │
│                                                                                                                      │
├────────────────────────────────────────────────── Training/Critic ───────────────────────────────────────────────────┤
│                                                                                                                      │
│critic/grad_norm=0.607                 │critic/lr=1.00e-04                     │critic/q_data=0.033                   │
│                                                                                                                      │
├─────────────────────────────────────────────────── Training/Other ───────────────────────────────────────────────────┤
│                                                                                                                      │
│alpha/grad_norm=0.0000                 │replay/actor_switch_rate=0.0000        │replay/done_rate=0.060                │
│replay/intervention_rate=0.0000        │replay/intervention_requested_rate=0.0…│replay/record_transition_rate=1.000   │
│replay/reward_mean=0.023               │replay/reward_positive_rate=0.023      │replay/transition_count=67.000        │
│rlt/actor_updates_run=800.0            │rlt/critic_updates_run=1600.0          │rlt/desired_total_updates=3.82e+04    │
│rlt/global_min_replay_size=1.08e+04    │rlt/global_total_transitions_added=2.2…│rlt/global_transitions_since_train=13…│
│rlt/max_updates_per_train_step=1600.0  │rlt/min_replay_buffer_size=10000.0     │rlt/pending_update_budget=1.90e+04    │
│rlt/ready_for_online=0.0000            │rlt/should_train=1.000                 │rlt/skip_reason=0.0000                │
│rlt/train_every_episodes=0.0000        │rlt/train_every_transitions=1.000      │rlt/update_epoch=5.000                │
│rlt/update_step=1.76e+04               │rlt/updates_scheduled=2.06e+04         │rlt/updates_to_run=1600.0             │
│rlt/warmup_required_updates=3.00e+04   │sac/actor_loss=0.063                   │sac/alpha=0.0000                      │
│sac/alpha_loss=0.0000                  │sac/critic_loss=0.0014                 │                                      │
│                                                                                                                      │
╰──────────────────────────────────────────────────────────────────────────────────────────────────────────────────────╯


╭──────────────────────────────────────────────────────────────────────────────────────────────────────────────────────╮
├──────────────────────────────────────────────────── Metric Table ────────────────────────────────────────────────────┤
│ Global Step:  148/250 │ Progress: ███████████████████████░░░░░░░░░░░░░░░░░ │  59.2%                                  │
│ Elapsed: 05:45:19 │ ETA: 03:57:59 │ Step Time: 139.999s                                                              │
├──────────────────────────────────────────────────────── Time ────────────────────────────────────────────────────────┤
│                                                                                                                      │
│actor/actor/compute_adv=1.02e-05       │actor/actor/recv_traj=124.1            │actor/actor/sync_model_to_rollout=0.0…│
│actor/forward_actor=12.429             │actor/forward_critic=28.475            │actor/sample=14.075                   │
│actor/update_one_epoch=101.1           │cal_adv_and_returns=0.0030             │env/compute_bootstrap_rewards=0.0016  │
│env/env/bootstrap_step=29.644          │env/env/send_rollout_trajectories=0.449│env/env_interact_step=87.671          │
│env/interact=124.1                     │env/run_interact_once=123.7            │generate_rollouts=124.2               │
│rollout/generate_one_epoch=123.2       │rollout/rollout/generate=123.2         │step=226.0                            │
│sync_weights=0.544                     │                                       │                                      │
│                                                                                                                      │
├──────────────────────────────────────────────────── Environment ─────────────────────────────────────────────────────┤
│                                                                                                                      │
│episode_len=200.0                      │num_trajectories=8                     │return=1.25                           │
│reward=0.00625                         │success_once=0.125                     │                                      │
│                                                                                                                      │
├─────────────────────────────────────────────────── Replay Buffer ────────────────────────────────────────────────────┤
│                                                                                                                      │
│cache_size=1.11e+04                    │num_trajectories=1.11e+04              │total_samples=1.11e+04                │
│                                                                                                                      │
├─────────────────────────────────────────────────── Training/Actor ───────────────────────────────────────────────────┤
│                                                                                                                      │
│actor/action_ref_abs_mean=0.041        │actor/actor_weight_in_warmup=0.500     │actor/actor_weight_ramp_progress=0.00…│
│actor/actor_weight_schedule_enabled=1.…│actor/bc_human_loss=0.0000             │actor/bc_loss=0.0091                  │
│actor/bc_ref_loss=0.0091               │actor/bc_weight=6.982                  │actor/entropy=-671.4                  │
│actor/grad_norm=0.754                  │actor/human_mask_ratio=0.0000          │actor/lr=1.00e-04                     │
│actor/policy_mask_ratio=1.000          │actor/q_pi=0.031                       │actor/q_value_0=0.031                 │
│actor/q_value_1=0.031                  │actor/q_weight=0.052                   │actor/reference_dropout_prob=0.500    │
│actor/weighted_bc=0.064                │actor/weighted_q=0.0016                │                                      │
│                                                                                                                      │
├────────────────────────────────────────────────── Training/Critic ───────────────────────────────────────────────────┤
│                                                                                                                      │
│critic/grad_norm=0.594                 │critic/lr=1.00e-04                     │critic/q_data=0.031                   │
│                                                                                                                      │
├─────────────────────────────────────────────────── Training/Other ───────────────────────────────────────────────────┤
│                                                                                                                      │
│alpha/grad_norm=0.0000                 │replay/actor_switch_rate=0.0000        │replay/done_rate=0.053                │
│replay/intervention_rate=0.0000        │replay/intervention_requested_rate=0.0…│replay/record_transition_rate=1.000   │
│replay/reward_mean=0.0070              │replay/reward_positive_rate=0.0070     │replay/transition_count=75.500        │
│rlt/actor_updates_run=800.0            │rlt/critic_updates_run=1600.0          │rlt/desired_total_updates=3.90e+04    │
│rlt/global_min_replay_size=1.09e+04    │rlt/global_total_transitions_added=2.2…│rlt/global_transitions_since_train=15…│
│rlt/max_updates_per_train_step=1600.0  │rlt/min_replay_buffer_size=10000.0     │rlt/pending_update_budget=1.82e+04    │
│rlt/ready_for_online=0.0000            │rlt/should_train=1.000                 │rlt/skip_reason=0.0000                │
│rlt/train_every_episodes=0.0000        │rlt/train_every_transitions=1.000      │rlt/update_epoch=5.000                │
│rlt/update_step=1.92e+04               │rlt/updates_scheduled=1.98e+04         │rlt/updates_to_run=1600.0             │
│rlt/warmup_required_updates=3.00e+04   │sac/actor_loss=0.062                   │sac/alpha=0.0000                      │
│sac/alpha_loss=0.0000                  │sac/critic_loss=0.0014                 │                                      │
│                                                                                                                      │
╰──────────────────────────────────────────────────────────────────────────────────────────────────────────────────────╯


╭──────────────────────────────────────────────────────────────────────────────────────────────────────────────────────╮
├──────────────────────────────────────────────────── Metric Table ────────────────────────────────────────────────────┤
│ Global Step:  149/250 │ Progress: ███████████████████████░░░░░░░░░░░░░░░░░ │  59.6%                                  │
│ Elapsed: 05:49:08 │ ETA: 03:56:39 │ Step Time: 140.593s                                                              │
├──────────────────────────────────────────────────────── Time ────────────────────────────────────────────────────────┤
│                                                                                                                      │
│actor/actor/compute_adv=9.98e-06       │actor/actor/recv_traj=126.1            │actor/actor/sync_model_to_rollout=0.0…│
│actor/forward_actor=12.156             │actor/forward_critic=27.938            │actor/sample=13.964                   │
│actor/update_one_epoch=101.6           │cal_adv_and_returns=0.0030             │env/compute_bootstrap_rewards=0.0015  │
│env/env/bootstrap_step=30.140          │env/env/send_rollout_trajectories=0.448│env/env_interact_step=89.115          │
│env/interact=126.1                     │env/run_interact_once=125.7            │generate_rollouts=126.2               │
│rollout/generate_one_epoch=125.3       │rollout/rollout/generate=125.3         │step=228.4                            │
│sync_weights=0.551                     │                                       │                                      │
│                                                                                                                      │
├──────────────────────────────────────────────────── Environment ─────────────────────────────────────────────────────┤
│                                                                                                                      │
│episode_len=200.0                      │num_trajectories=8                     │return=0.0                            │
│reward=0.0                             │success_once=0.0                       │                                      │
│                                                                                                                      │
├─────────────────────────────────────────────────── Replay Buffer ────────────────────────────────────────────────────┤
│                                                                                                                      │
│cache_size=1.12e+04                    │num_trajectories=1.12e+04              │total_samples=1.12e+04                │
│                                                                                                                      │
├─────────────────────────────────────────────────── Training/Actor ───────────────────────────────────────────────────┤
│                                                                                                                      │
│actor/action_ref_abs_mean=0.041        │actor/actor_weight_in_warmup=0.0000    │actor/actor_weight_ramp_progress=0.032│
│actor/actor_weight_schedule_enabled=1.…│actor/bc_human_loss=0.0000             │actor/bc_loss=0.0091                  │
│actor/bc_ref_loss=0.0091               │actor/bc_weight=6.856                  │actor/entropy=-671.4                  │
│actor/grad_norm=0.788                  │actor/human_mask_ratio=0.0000          │actor/lr=1.00e-04                     │
│actor/policy_mask_ratio=1.000          │actor/q_pi=0.030                       │actor/q_value_0=0.030                 │
│actor/q_value_1=0.030                  │actor/q_weight=0.063                   │actor/reference_dropout_prob=0.500    │
│actor/weighted_bc=0.062                │actor/weighted_q=0.0019                │                                      │
│                                                                                                                      │
├────────────────────────────────────────────────── Training/Critic ───────────────────────────────────────────────────┤
│                                                                                                                      │
│critic/grad_norm=0.558                 │critic/lr=1.00e-04                     │critic/q_data=0.030                   │
│                                                                                                                      │
├─────────────────────────────────────────────────── Training/Other ───────────────────────────────────────────────────┤
│                                                                                                                      │
│alpha/grad_norm=0.0000                 │replay/actor_switch_rate=0.0000        │replay/done_rate=0.050                │
│replay/intervention_rate=0.0000        │replay/intervention_requested_rate=0.0…│replay/record_transition_rate=1.000   │
│replay/reward_mean=0.0000              │replay/reward_positive_rate=0.0000     │replay/transition_count=80.000        │
│rlt/actor_updates_run=800.0            │rlt/critic_updates_run=1600.0          │rlt/desired_total_updates=3.98e+04    │
│rlt/global_min_replay_size=1.10e+04    │rlt/global_total_transitions_added=2.2…│rlt/global_transitions_since_train=16…│
│rlt/max_updates_per_train_step=1600.0  │rlt/min_replay_buffer_size=10000.0     │rlt/pending_update_budget=1.74e+04    │
│rlt/ready_for_online=0.0000            │rlt/should_train=1.000                 │rlt/skip_reason=0.0000                │
│rlt/train_every_episodes=0.0000        │rlt/train_every_transitions=1.000      │rlt/update_epoch=5.000                │
│rlt/update_step=2.08e+04               │rlt/updates_scheduled=1.90e+04         │rlt/updates_to_run=1600.0             │
│rlt/warmup_required_updates=3.00e+04   │sac/actor_loss=0.060                   │sac/alpha=0.0000                      │
│sac/alpha_loss=0.0000                  │sac/critic_loss=0.0014                 │                                      │
│                                                                                                                      │
╰──────────────────────────────────────────────────────────────────────────────────────────────────────────────────────╯


╭──────────────────────────────────────────────────────────────────────────────────────────────────────────────────────╮
├──────────────────────────────────────────────────── Metric Table ────────────────────────────────────────────────────┤
│ Global Step:  150/250 │ Progress: ████████████████████████░░░░░░░░░░░░░░░░ │  60.0%                                  │
│ Elapsed: 05:57:45 │ ETA: 03:58:30 │ Step Time: 143.101s                                                              │
├──────────────────────────────────────────────────────── Time ────────────────────────────────────────────────────────┤
│                                                                                                                      │
│actor/actor/compute_adv=1.20e-05       │actor/actor/recv_traj=121.9            │actor/actor/sync_model_to_rollout=0.1…│
│actor/forward_actor=12.011             │actor/forward_critic=27.591            │actor/sample=15.313                   │
│actor/update_one_epoch=101.9           │cal_adv_and_returns=0.0026             │env/compute_bootstrap_rewards=0.0016  │
│env/env/bootstrap_step=30.190          │env/env/send_rollout_trajectories=0.448│env/env_interact_step=84.732          │
│env/interact=121.8                     │env/run_interact_once=121.4            │eval=259.4                            │
│generate_rollouts=122.0                │rollout/generate_one_epoch=120.9       │rollout/rollout/generate=120.9        │
│step=516.8                             │sync_weights=0.538                     │                                      │
│                                                                                                                      │
├──────────────────────────────────────────────────── Environment ─────────────────────────────────────────────────────┤
│                                                                                                                      │
│episode_len=200.0                      │num_trajectories=8                     │return=2.375                          │
│reward=0.011875                        │success_once=0.25                      │                                      │
│                                                                                                                      │
├───────────────────────────────────────────────────── Evaluation ─────────────────────────────────────────────────────┤
│                                                                                                                      │
│episode_len=200.0                      │num_trajectories=20                    │return=0.35                           │
│reward=0.00175                         │success_at_end=0.05                    │success_once=0.05                     │
│                                                                                                                      │
├─────────────────────────────────────────────────── Replay Buffer ────────────────────────────────────────────────────┤
│                                                                                                                      │
│cache_size=1.12e+04                    │num_trajectories=1.12e+04              │total_samples=1.12e+04                │
│                                                                                                                      │
├─────────────────────────────────────────────────── Training/Actor ───────────────────────────────────────────────────┤
│                                                                                                                      │
│actor/action_ref_abs_mean=0.041        │actor/actor_weight_in_warmup=0.0000    │actor/actor_weight_ramp_progress=0.064│
│actor/actor_weight_schedule_enabled=1.…│actor/bc_human_loss=0.0000             │actor/bc_loss=0.0090                  │
│actor/bc_ref_loss=0.0090               │actor/bc_weight=6.712                  │actor/entropy=-671.4                  │
│actor/grad_norm=0.853                  │actor/human_mask_ratio=0.0000          │actor/lr=1.00e-04                     │
│actor/policy_mask_ratio=1.000          │actor/q_pi=0.030                       │actor/q_value_0=0.030                 │
│actor/q_value_1=0.030                  │actor/q_weight=0.076                   │actor/reference_dropout_prob=0.500    │
│actor/weighted_bc=0.061                │actor/weighted_q=0.0023                │                                      │
│                                                                                                                      │
├────────────────────────────────────────────────── Training/Critic ───────────────────────────────────────────────────┤
│                                                                                                                      │
│critic/grad_norm=0.536                 │critic/lr=1.00e-04                     │critic/q_data=0.030                   │
│                                                                                                                      │
├─────────────────────────────────────────────────── Training/Other ───────────────────────────────────────────────────┤
│                                                                                                                      │
│alpha/grad_norm=0.0000                 │replay/actor_switch_rate=0.0000        │replay/done_rate=0.057                │
│replay/intervention_rate=0.0000        │replay/intervention_requested_rate=0.0…│replay/record_transition_rate=1.000   │
│replay/reward_mean=0.016               │replay/reward_positive_rate=0.016      │replay/transition_count=71.500        │
│rlt/actor_updates_run=800.0            │rlt/critic_updates_run=1600.0          │rlt/desired_total_updates=4.05e+04    │
│rlt/global_min_replay_size=1.10e+04    │rlt/global_total_transitions_added=2.2…│rlt/global_transitions_since_train=14…│
│rlt/max_updates_per_train_step=1600.0  │rlt/min_replay_buffer_size=10000.0     │rlt/pending_update_budget=1.65e+04    │
│rlt/ready_for_online=0.0000            │rlt/should_train=1.000                 │rlt/skip_reason=0.0000                │
│rlt/train_every_episodes=0.0000        │rlt/train_every_transitions=1.000      │rlt/update_epoch=5.000                │
│rlt/update_step=2.24e+04               │rlt/updates_scheduled=1.81e+04         │rlt/updates_to_run=1600.0             │
│rlt/warmup_required_updates=3.00e+04   │sac/actor_loss=0.058                   │sac/alpha=0.0000                      │
│sac/alpha_loss=0.0000                  │sac/critic_loss=0.0014                 │                                      │
│                                                                                                                      │
╰──────────────────────────────────────────────────────────────────────────────────────────────────────────────────────╯

