WARNING: All log messages before absl::InitializeLog() is called are written to STDERR
I0000 00:00:1785517566.675490  209565 port.cc:153] oneDNN custom operations are on. You may see slightly different numerical results due to floating-point round-off errors from different computation orders. To turn them off, set the environment variable `TF_ENABLE_ONEDNN_OPTS=0`.
I0000 00:00:1785517566.727722  209565 cpu_feature_guard.cc:227] This TensorFlow binary is optimized to use available CPU instructions in performance-critical operations.
To enable the following instructions: AVX2 AVX512F AVX512_VNNI FMA, in other operations, rebuild TensorFlow with the appropriate compiler flags.
WARNING: All log messages before absl::InitializeLog() is called are written to STDERR
I0000 00:00:1785517568.176623  209565 port.cc:153] oneDNN custom operations are on. You may see slightly different numerical results due to floating-point round-off errors from different computation orders. To turn them off, set the environment variable `TF_ENABLE_ONEDNN_OPTS=0`.
/root/autodl-tmp/RLinf/.venv/lib/python3.11/site-packages/hydra/_internal/hydra.py:119: UserWarning: Future Hydra versions will no longer change working directory at job runtime by default.
See https://hydra.cc/docs/1.2/upgrades/1.1_to_1.2/changes_to_job_working_dir/ for more information.
  ret = run_job(
2026-08-01 01:06:14,500	WARNING utils.py:461 -- Detecting docker specified CPUs. In previous versions of Ray, CPU detection in containers was incorrect. Please ensure that Ray has enough CPUs allocated. As a temporary workaround to revert to the prior behavior, set `RAY_USE_MULTIPROCESSING_CPU_COUNT=1` as an env var before starting Ray. Set the env var: `RAY_DISABLE_DOCKER_CPU_WARNING=1` to mute this warning.
2026-08-01 01:06:16,876	INFO worker.py:2003 -- Started a local Ray instance. View the dashboard at [1m[32mhttp://127.0.0.1:8265 [39m[22m
[INFO 01:06:18 RLinf] RLinf is running on a cluster with 1 node and 2 accelerators. The nodes' details are: 
node_labels: []
node_rank: 0
ray_id: 2d363b3bcdf86d774f68b6a390d8d0a3eca32a1948bfdd2ed48e325f
node_ip: 172.17.0.5
num_cpus: 36
python_interpreter_path: /root/autodl-tmp/RLinf/.venv/bin/python
hardware_resources:
- type: Accelerator
  infos:
  - type: Accelerator
    model: NV_GPU:A800-SXM4-80GB
  - type: Accelerator
    model: NV_GPU:A800-SXM4-80GB
profiler_backends: []

Node groups' details are: 
label: cluster
nodes: '0'
hardware_type: Accelerator
ignore_hardware: false
env_configs: null

label: node
nodes: '0'
hardware_type: null
ignore_hardware: true
env_configs: null

[INFO 01:06:18 FlexiblePlacementStrategy] 
[INFO 01:06:18 FlexiblePlacementStrategy] Using flexible placement with hardware ranks: [[0], [1]], node groups: ['cluster'].
[INFO 01:06:19 FlexiblePlacementStrategy] 
[INFO 01:06:19 FlexiblePlacementStrategy] Using flexible placement with hardware ranks: [[0], [1]], node groups: ['cluster'].
{
  "env": {
    "train": {
      "env_type": "robotwin",
      "total_num_envs": 2,
      "auto_reset": false,
      "ignore_terminations": false,
      "reward_coef": 1.0,
      "use_custom_reward": true,
      "use_rel_reward": true,
      "center_crop": false,
      "seed": 0,
      "group_size": 1,
      "use_fixed_reset_state_ids": false,
      "max_steps_per_rollout_epoch": 200,
      "max_episode_steps": 200,
      "is_eval": false,
      "assets_path": "/root/autodl-tmp/RoboTwin_RLinf",
      "seeds_path": "/root/autodl-tmp/RLinf_qam_pi0_robotwin/rlinf/envs/robotwin/seeds/train_seeds.json",
      "video_cfg": {
        "save_video": true,
        "info_on_video": true,
        "video_base_dir": "/root/autodl-tmp/experiments/qam_formal_resume25_to100_20260801_v3/video/train"
      },
      "enable_offload": false,
      "task_config": {
        "task_name": "adjust_bottle",
        "step_lim": 200,
        "planner_backend": "mplib",
        "render_freq": 0,
        "episode_num": 100,
        "use_seed": false,
        "save_freq": 15,
        "embodiment": [
          "aloha-agilex"
        ],
        "language_num": 100,
        "domain_randomization": {
          "random_background": false,
          "cluttered_table": false,
          "clean_background_rate": 1,
          "random_head_camera_dis": 0,
          "random_table_height": 0,
          "random_light": false,
          "crazy_random_light_rate": 0
        },
        "camera": {
          "head_camera_type": "D435",
          "wrist_camera_type": "D435",
          "collect_head_camera": true,
          "collect_wrist_camera": true
        },
        "data_type": {
          "rgb": true,
          "third_view": false,
          "depth": false,
          "pointcloud": false,
          "observer": false,
          "endpose": false,
          "qpos": true,
          "mesh_segmentation": false,
          "actor_segmentation": false
        },
        "pcd_down_sample_num": 1024,
        "pcd_crop": true,
        "save_path": "./data",
        "clear_cache_freq": 1,
        "collect_data": true,
        "eval_video_log": true
      },
      "rollout_epoch": 1
    },
    "eval": {
      "env_type": "robotwin",
      "total_num_envs": 2,
      "auto_reset": true,
      "ignore_terminations": true,
      "reward_coef": 1.0,
      "use_custom_reward": true,
      "use_rel_reward": true,
      "center_crop": false,
      "seed": 0,
      "group_size": 1,
      "use_fixed_reset_state_ids": true,
      "max_steps_per_rollout_epoch": 200,
      "max_episode_steps": 200,
      "is_eval": true,
      "assets_path": "/root/autodl-tmp/RoboTwin_RLinf",
      "seeds_path": "/root/autodl-tmp/RLinf_qam_pi0_robotwin/rlinf/envs/robotwin/seeds/eval_seeds.json",
      "video_cfg": {
        "save_video": false,
        "info_on_video": true,
        "video_base_dir": "/root/autodl-tmp/experiments/qam_formal_resume25_to100_20260801_v3/video/eval"
      },
      "enable_offload": false,
      "task_config": {
        "task_name": "adjust_bottle",
        "step_lim": 200,
        "planner_backend": "mplib",
        "render_freq": 0,
        "episode_num": 100,
        "use_seed": false,
        "save_freq": 15,
        "embodiment": [
          "aloha-agilex"
        ],
        "language_num": 100,
        "domain_randomization": {
          "random_background": false,
          "cluttered_table": false,
          "clean_background_rate": 1,
          "random_head_camera_dis": 0,
          "random_table_height": 0,
          "random_light": false,
          "crazy_random_light_rate": 0
        },
        "camera": {
          "head_camera_type": "D435",
          "wrist_camera_type": "D435",
          "collect_head_camera": true,
          "collect_wrist_camera": true
        },
        "data_type": {
          "rgb": true,
          "third_view": false,
          "depth": false,
          "pointcloud": false,
          "observer": false,
          "endpose": false,
          "qpos": true,
          "mesh_segmentation": false,
          "actor_segmentation": false
        },
        "pcd_down_sample_num": 1024,
        "pcd_crop": true,
        "save_path": "./data",
        "clear_cache_freq": 1,
        "collect_data": true,
        "eval_video_log": true
      },
      "rollout_epoch": 1
    },
    "group_name": "EnvGroup",
    "enable_offload": false
  },
  "actor": {
    "model": {
      "model_type": "openpi",
      "model_path": "/root/autodl-tmp/models/rlinf/RLinf-Pi0-RoboTwin-SFT-adjust_bottle",
      "precision": null,
      "num_action_chunks": 20,
      "action_dim": 14,
      "is_lora": false,
      "lora_rank": 32,
      "use_proprio": true,
      "num_steps": 10,
      "add_value_head": false,
      "openpi": {
        "config_name": "pi0_aloha_robotwin",
        "num_images_in_input": 3,
        "noise_level": 0.5,
        "action_chunk": 20,
        "num_steps": 10,
        "train_expert_only": true,
        "action_env_dim": 14,
        "noise_method": "flow_ode",
        "add_value_head": false,
        "detach_critic_input": true,
        "use_dsrl": false,
        "dsrl_state_dim": 8,
        "dsrl_action_noise_dim": 32,
        "dsrl_num_q_heads": 10,
        "dsrl_agg_q": "mean",
        "dsrl_image_latent_dim": 64,
        "dsrl_state_latent_dim": 64,
        "dsrl_hidden_dims": [
          128,
          128,
          128
        ],
        "action_horizon": 50,
        "use_rlt": false,
        "use_qam": true,
        "qam_num_image_blocks": 3,
        "qam_projection_version": "pi0-fixed-prefix-active-v1"
      },
      "openpi_data": {
        "repo_id": "physical-intelligence/robotwin",
        "default_prompt": "adjust the bottle",
        "norm_stats_path": "/root/autodl-tmp/models/rlinf/RLinf-Pi0-RoboTwin-SFT-adjust_bottle/physical-intelligence/robotwin/norm_stats.json"
      }
    },
    "fsdp_config": {
      "strategy": "fsdp",
      "sharding_strategy": "full_shard",
      "gradient_checkpointing": false,
      "cpu_offload": false,
      "offload_pin_memory": false,
      "reshard_after_forward": true,
      "enable_gradient_accumulation": true,
      "forward_prefetch": false,
      "limit_all_gathers": false,
      "backward_prefetch": null,
      "use_orig_params": true,
      "use_liger_kernel": false,
      "mixed_precision": {
        "param_dtype": null,
        "reduce_dtype": null,
        "buffer_dtype": null
      },
      "amp_autocast": {
        "enabled": false,
        "precision": "bf16"
      },
      "grad_scaler": {
        "enabled": false,
        "init_scale": null,
        "growth_interval": null
      },
      "save_full_model_weights": false
    },
    "group_name": "ActorGroup",
    "training_backend": "fsdp",
    "micro_batch_size": 32,
    "global_batch_size": 64,
    "seed": 1234,
    "enable_offload": false,
    "optim": {
      "lr": 2e-05,
      "adam_beta1": 0.9,
      "adam_beta2": 0.999,
      "adam_eps": 1e-08,
      "weight_decay": 0.0,
      "clip_grad": 1.0,
      "total_training_steps": 100000,
      "lr_warmup_steps": 0,
      "lr_scheduler": "constant",
      "num_cycles": 0.5,
      "min_lr": 0.0
    }
  },
  "weight_syncer": {
    "type": "patch",
    "patch": {
      "snapshot_device": "cpu",
      "delta_encoding": true,
      "compression": "none",
      "init_sync": {
        "enabled": true,
        "prefixes": null,
        "bucket_size": 134217728
      }
    }
  },
  "cluster": {
    "num_nodes": 1,
    "component_placement": {
      "actor, env, rollout": "0-1"
    }
  },
  "runner": {
    "task_type": "embodied",
    "use_training_pipeline": false,
    "overlap_env_bootstrap": false,
    "weight_sync_interval": 1,
    "logger": {
      "log_path": "/root/autodl-tmp/experiments/qam_formal_resume25_to100_20260801_v3",
      "project_name": "rlinf",
      "experiment_name": "robotwin_adjust_bottle_qam_formal_resume25_to100_20260801_v3",
      "logger_backends": [
        "tensorboard"
      ]
    },
    "max_epochs": 1000,
    "max_steps": 100,
    "only_eval": false,
    "val_check_interval": -1,
    "save_interval": 25,
    "resume_dir": "/root/autodl-tmp/experiments/qam_formal_20260801_v2/robotwin_adjust_bottle_qam_formal_20260801_v2/checkpoints/global_step_25",
    "ckpt_path": null,
    "per_worker_log": false,
    "per_worker_log_path": null
  },
  "algorithm": {
    "loss_type": "embodied_qam",
    "adv_type": "gae",
    "gamma": 0.99,
    "reward_coef": 1.0,
    "qam": {
      "phase": "am_on",
      "online_only": true,
      "task_prompt": "adjust the bottle",
      "flow_steps": 10,
      "gamma_slot": 0.99,
      "rho": 0.5,
      "inv_temp": 1.0,
      "target_tau": 0.005,
      "num_q_heads": 10,
      "critic_hidden_dims": [
        512,
        512,
        512,
        512
      ],
      "critic_lr": 0.0003,
      "critic_adam_beta1": 0.9,
      "critic_adam_beta2": 0.999,
      "critic_adam_eps": 1e-08,
      "critic_grad_clip": 1.0,
      "critic_init_seed": 2726,
      "replay_capacity": 4096,
      "min_replay_per_rank": 32,
      "warmup_global_inserts": 512,
      "q_only_updates_before_am": 512,
      "utd_ratio": 1.0,
      "max_updates_per_step": 32
    }
  },
  "rollout": {
    "group_name": "RolloutGroup",
    "backend": "huggingface",
    "recompute_logprobs": false,
    "enable_offload": false,
    "pipeline_stage_num": 1,
    "collect_transitions": true,
    "collect_prev_infos": false,
    "model": {
      "model_path": "/root/autodl-tmp/models/rlinf/RLinf-Pi0-RoboTwin-SFT-adjust_bottle",
      "precision": null
    }
  },
  "reward": {
    "use_reward_model": false
  },
  "critic": {
    "use_critic_model": false
  }
}
[INFO 01:06:19 FlexiblePlacementStrategy] 
[INFO 01:06:19 FlexiblePlacementStrategy] Using flexible placement with hardware ranks: [[0], [1]], node groups: ['cluster'].
[INFO 01:06:19 FlexiblePlacementStrategy] Generated 2 placements: [Placement(rank=0, cluster_node_rank=0, placement_node_rank=0, local_accelerator_rank=0, accelerator_type='NV_GPU', local_rank=0, local_world_size=2, visible_accelerators=['0'], isolate_accelerator=True, local_hardware_ranks=[0], node_group_label='cluster'), Placement(rank=1, cluster_node_rank=0, placement_node_rank=0, local_accelerator_rank=1, accelerator_type='NV_GPU', local_rank=1, local_world_size=2, visible_accelerators=['1'], isolate_accelerator=True, local_hardware_ranks=[1], node_group_label='cluster')].
[INFO 01:06:19 FlexiblePlacementStrategy] Generated 2 placements: [Placement(rank=0, cluster_node_rank=0, placement_node_rank=0, local_accelerator_rank=0, accelerator_type='NV_GPU', local_rank=0, local_world_size=2, visible_accelerators=['0'], isolate_accelerator=True, local_hardware_ranks=[0], node_group_label='cluster'), Placement(rank=1, cluster_node_rank=0, placement_node_rank=0, local_accelerator_rank=1, accelerator_type='NV_GPU', local_rank=1, local_world_size=2, visible_accelerators=['1'], isolate_accelerator=True, local_hardware_ranks=[1], node_group_label='cluster')].
[INFO 01:06:19 FlexiblePlacementStrategy] Generated 2 placements: [Placement(rank=0, cluster_node_rank=0, placement_node_rank=0, local_accelerator_rank=0, accelerator_type='NV_GPU', local_rank=0, local_world_size=2, visible_accelerators=['0'], isolate_accelerator=True, local_hardware_ranks=[0], node_group_label='cluster'), Placement(rank=1, cluster_node_rank=0, placement_node_rank=0, local_accelerator_rank=1, accelerator_type='NV_GPU', local_rank=1, local_world_size=2, visible_accelerators=['1'], isolate_accelerator=True, local_hardware_ranks=[1], node_group_label='cluster')].
[INFO 01:06:19 NodePlacementStrategy] 
[INFO 01:06:19 NodePlacementStrategy] Using node placement with node ranks: [0], node groups: ['node'].
[INFO 01:06:19 NodePlacementStrategy] Generated 1 placements: [Placement(rank=0, cluster_node_rank=0, placement_node_rank=0, local_accelerator_rank='0', accelerator_type='NV_GPU', local_rank=0, local_world_size=1, visible_accelerators=['0', '1'], isolate_accelerator=True, local_hardware_ranks=[], node_group_label='cluster')].
[INFO 01:06:19 NodePlacementStrategy] 
[INFO 01:06:19 NodePlacementStrategy] Using node placement with node ranks: [0], node groups: ['node'].
[INFO 01:06:19 NodePlacementStrategy] Generated 1 placements: [Placement(rank=0, cluster_node_rank=0, placement_node_rank=0, local_accelerator_rank='0', accelerator_type='NV_GPU', local_rank=0, local_world_size=1, visible_accelerators=['0', '1'], isolate_accelerator=True, local_hardware_ranks=[], node_group_label='cluster')].
[INFO 01:06:19 NodePlacementStrategy] 
[INFO 01:06:19 NodePlacementStrategy] Using node placement with node ranks: [0], node groups: ['node'].
[INFO 01:06:19 NodePlacementStrategy] Generated 1 placements: [Placement(rank=0, cluster_node_rank=0, placement_node_rank=0, local_accelerator_rank='0', accelerator_type='NV_GPU', local_rank=0, local_world_size=1, visible_accelerators=['0', '1'], isolate_accelerator=True, local_hardware_ranks=[], node_group_label='cluster')].
[36m(MultiStepRolloutWorker pid=212798)[0m [INFO 01:06:23 FlexiblePlacementStrategy] 
[36m(MultiStepRolloutWorker pid=212798)[0m [INFO 01:06:23 FlexiblePlacementStrategy] Using flexible placement with hardware ranks: [[0], [1]], node groups: ['cluster'].
[36m(MultiStepRolloutWorker pid=212810)[0m [INFO 01:06:23 FlexiblePlacementStrategy] 
[36m(MultiStepRolloutWorker pid=212810)[0m [INFO 01:06:23 FlexiblePlacementStrategy] Using flexible placement with hardware ranks: [[0], [1]], node groups: ['cluster'].
[36m(pid=212815)[0m WARNING: All log messages before absl::InitializeLog() is called are written to STDERR
[36m(pid=212815)[0m I0000 00:00:1785517583.400913  212815 port.cc:153] oneDNN custom operations are on. You may see slightly different numerical results due to floating-point round-off errors from different computation orders. To turn them off, set the environment variable `TF_ENABLE_ONEDNN_OPTS=0`.
[36m(pid=212820)[0m WARNING: All log messages before absl::InitializeLog() is called are written to STDERR
[36m(pid=212820)[0m I0000 00:00:1785517583.581003  212820 port.cc:153] oneDNN custom operations are on. You may see slightly different numerical results due to floating-point round-off errors from different computation orders. To turn them off, set the environment variable `TF_ENABLE_ONEDNN_OPTS=0`.
[36m(QAMFSDPPolicy pid=212784)[0m [WARNING 01:06:24 ActorGroup-Rank-0][fsdp_model_manager.py:70] Provided there is sufficient GPU memory, set the actor.model.precision parameter to fp32 to allow the optimizer to run in fp32 for better convergence. Meanwhile, setting mixed_precision.param_dtype to 16-bit dtype can help maximize speed, as it will automatically convert fp32 to fp16 during operator execution.
[36m(QAMFSDPPolicy pid=212786)[0m [WARNING 01:06:24 ActorGroup-Rank-1][fsdp_model_manager.py:70] Provided there is sufficient GPU memory, set the actor.model.precision parameter to fp32 to allow the optimizer to run in fp32 for better convergence. Meanwhile, setting mixed_precision.param_dtype to 16-bit dtype can help maximize speed, as it will automatically convert fp32 to fp16 during operator execution.
[36m(pid=212815)[0m WARNING: All log messages before absl::InitializeLog() is called are written to STDERR
[36m(pid=212815)[0m I0000 00:00:1785517584.942727  212815 port.cc:153] oneDNN custom operations are on. You may see slightly different numerical results due to floating-point round-off errors from different computation orders. To turn them off, set the environment variable `TF_ENABLE_ONEDNN_OPTS=0`.
[36m(QAMFSDPPolicy pid=212784)[0m [INFO 01:06:25 ActorGroup-Rank-0][fsdp_model_manager.py:124] [FSDP] AMP is disabled.
[36m(QAMFSDPPolicy pid=212784)[0m [INFO 01:06:25 FlexiblePlacementStrategy] 
[36m(QAMFSDPPolicy pid=212784)[0m [INFO 01:06:25 FlexiblePlacementStrategy] Using flexible placement with hardware ranks: [[0], [1]], node groups: ['cluster'].
[36m(QAMFSDPPolicy pid=212786)[0m [INFO 01:06:25 ActorGroup-Rank-1][fsdp_model_manager.py:124] [FSDP] AMP is disabled.
[36m(QAMFSDPPolicy pid=212786)[0m [INFO 01:06:25 FlexiblePlacementStrategy] 
[36m(QAMFSDPPolicy pid=212786)[0m [INFO 01:06:25 FlexiblePlacementStrategy] Using flexible placement with hardware ranks: [[0], [1]], node groups: ['cluster'].
[36m(RolloutGroup(rank=0) pid=212798)[0m WARNING: All log messages before absl::InitializeLog() is called are written to STDERR
[36m(RolloutGroup(rank=0) pid=212798)[0m I0000 00:00:1785517584.977004  213768 port.cc:153] oneDNN custom operations are on. You may see slightly different numerical results due to floating-point round-off errors from different computation orders. To turn them off, set the environment variable `TF_ENABLE_ONEDNN_OPTS=0`.
[36m(RolloutGroup(rank=1) pid=212810)[0m WARNING: All log messages before absl::InitializeLog() is called are written to STDERR
[36m(RolloutGroup(rank=1) pid=212810)[0m I0000 00:00:1785517584.987163  213769 port.cc:153] oneDNN custom operations are on. You may see slightly different numerical results due to floating-point round-off errors from different computation orders. To turn them off, set the environment variable `TF_ENABLE_ONEDNN_OPTS=0`.
[36m(pid=212820)[0m WARNING: All log messages before absl::InitializeLog() is called are written to STDERR
[36m(pid=212820)[0m I0000 00:00:1785517585.164919  212820 port.cc:153] oneDNN custom operations are on. You may see slightly different numerical results due to floating-point round-off errors from different computation orders. To turn them off, set the environment variable `TF_ENABLE_ONEDNN_OPTS=0`.
[36m(RolloutGroup(rank=1) pid=212810)[0m WARNING: All log messages before absl::InitializeLog() is called are written to STDERR
[36m(RolloutGroup(rank=1) pid=212810)[0m I0000 00:00:1785517586.376991  213769 port.cc:153] oneDNN custom operations are on. You may see slightly different numerical results due to floating-point round-off errors from different computation orders. To turn them off, set the environment variable `TF_ENABLE_ONEDNN_OPTS=0`.
[36m(RolloutGroup(rank=0) pid=212798)[0m WARNING: All log messages before absl::InitializeLog() is called are written to STDERR
[36m(RolloutGroup(rank=0) pid=212798)[0m I0000 00:00:1785517586.441764  213768 port.cc:153] oneDNN custom operations are on. You may see slightly different numerical results due to floating-point round-off errors from different computation orders. To turn them off, set the environment variable `TF_ENABLE_ONEDNN_OPTS=0`.
[36m(EnvWorker pid=212815)[0m [INFO 01:06:26 FlexiblePlacementStrategy] 
[36m(EnvWorker pid=212815)[0m [INFO 01:06:26 FlexiblePlacementStrategy] Using flexible placement with hardware ranks: [[0], [1]], node groups: ['cluster'].
[36m(EnvWorker pid=212820)[0m [INFO 01:06:26 FlexiblePlacementStrategy] 
[36m(EnvWorker pid=212820)[0m [INFO 01:06:26 FlexiblePlacementStrategy] Using flexible placement with hardware ranks: [[0], [1]], node groups: ['cluster'].
[36m(EnvGroup(rank=1) pid=212820)[0m /root/autodl-tmp/RLinf/.venv/lib/python3.11/site-packages/sapien/_vulkan_tricks.py:73: UserWarning: Failed to find Vulkan ICD file. This is probably due to an incorrect or partial installation of the NVIDIA driver. SAPIEN will attempt to provide an ICD file anyway but it may not work.
[36m(EnvGroup(rank=1) pid=212820)[0m   warn(
[36m(RolloutGroup(rank=1) pid=212810)[0m INFO:datasets:PyTorch version 2.6.0 available.
[36m(RolloutGroup(rank=1) pid=212810)[0m INFO:datasets:Polars version 1.41.2 available.
[36m(RolloutGroup(rank=1) pid=212810)[0m INFO:datasets:TensorFlow version 2.21.0 available.
[36m(RolloutGroup(rank=1) pid=212810)[0m INFO:datasets:JAX version 0.5.3 available.
[36m(EnvGroup(rank=0) pid=212815)[0m /root/autodl-tmp/RLinf/.venv/lib/python3.11/site-packages/sapien/_vulkan_tricks.py:73: UserWarning: Failed to find Vulkan ICD file. This is probably due to an incorrect or partial installation of the NVIDIA driver. SAPIEN will attempt to provide an ICD file anyway but it may not work.
[36m(EnvGroup(rank=0) pid=212815)[0m   warn(
[36m(RolloutGroup(rank=0) pid=212798)[0m INFO:datasets:PyTorch version 2.6.0 available.
[36m(RolloutGroup(rank=0) pid=212798)[0m INFO:datasets:Polars version 1.41.2 available.
[36m(RolloutGroup(rank=0) pid=212798)[0m INFO:datasets:TensorFlow version 2.21.0 available.
[36m(RolloutGroup(rank=0) pid=212798)[0m INFO:datasets:JAX version 0.5.3 available.
[36m(EnvGroup(rank=1) pid=212820)[0m [planner.py]: Something wrong happened when importing CuroboPlanner! Please check if Curobo is installed correctly. If the problem still exists, you can install Curobo from https://github.com/NVlabs/curobo manually.
[36m(EnvGroup(rank=1) pid=212820)[0m Exception traceback:
[36m(EnvGroup(rank=1) pid=212820)[0m missing pytorch3d
[36m(EnvGroup(rank=1) pid=212820)[0m Traceback (most recent call last):
[36m(EnvGroup(rank=1) pid=212820)[0m   File "/root/autodl-tmp/RoboTwin_RLinf/envs/robot/planner.py", line 297, in <module>
[36m(EnvGroup(rank=1) pid=212820)[0m     from curobo.types.math import Pose as CuroboPose
[36m(EnvGroup(rank=1) pid=212820)[0m ModuleNotFoundError: No module named 'curobo.types.math'; 'curobo.types' is not a package
[36m(EnvGroup(rank=0) pid=212815)[0m [planner.py]: Something wrong happened when importing CuroboPlanner! Please check if Curobo is installed correctly. If the problem still exists, you can install Curobo from https://github.com/NVlabs/curobo manually.
[36m(EnvGroup(rank=0) pid=212815)[0m Exception traceback:
[36m(EnvGroup(rank=0) pid=212815)[0m missing pytorch3d
[36m(EnvGroup(rank=0) pid=212815)[0m Traceback (most recent call last):
[36m(EnvGroup(rank=0) pid=212815)[0m   File "/root/autodl-tmp/RoboTwin_RLinf/envs/robot/planner.py", line 297, in <module>
[36m(EnvGroup(rank=0) pid=212815)[0m     from curobo.types.math import Pose as CuroboPose
[36m(EnvGroup(rank=0) pid=212815)[0m ModuleNotFoundError: No module named 'curobo.types.math'; 'curobo.types' is not a package
[36m(RolloutGroup(rank=1) pid=212810)[0m [INFO 01:07:21 RolloutGroup-Rank-1][openpi_action_model.py:1825] [FREEZE_VLM] QAM B1 mode: froze the complete base π0; F1 trainable parameters=314,713,120
[36m(RolloutGroup(rank=0) pid=212798)[0m [INFO 01:07:22 RolloutGroup-Rank-0][openpi_action_model.py:1825] [FREEZE_VLM] QAM B1 mode: froze the complete base π0; F1 trainable parameters=314,713,120
[36m(RolloutGroup(rank=1) pid=212810)[0m INFO:root:Loaded norm stats from /root/autodl-tmp/models/rlinf/RLinf-Pi0-RoboTwin-SFT-adjust_bottle/physical-intelligence/robotwin
[36m(RolloutGroup(rank=0) pid=212798)[0m INFO:root:Loaded norm stats from /root/autodl-tmp/models/rlinf/RLinf-Pi0-RoboTwin-SFT-adjust_bottle/physical-intelligence/robotwin
[36m(ActorGroup(rank=1) pid=212786)[0m WARNING: All log messages before absl::InitializeLog() is called are written to STDERR
[36m(ActorGroup(rank=1) pid=212786)[0m I0000 00:00:1785517647.584295  213838 port.cc:153] oneDNN custom operations are on. You may see slightly different numerical results due to floating-point round-off errors from different computation orders. To turn them off, set the environment variable `TF_ENABLE_ONEDNN_OPTS=0`.
[36m(ActorGroup(rank=0) pid=212784)[0m WARNING: All log messages before absl::InitializeLog() is called are written to STDERR
[36m(ActorGroup(rank=0) pid=212784)[0m I0000 00:00:1785517647.633247  213841 port.cc:153] oneDNN custom operations are on. You may see slightly different numerical results due to floating-point round-off errors from different computation orders. To turn them off, set the environment variable `TF_ENABLE_ONEDNN_OPTS=0`.
[36m(ActorGroup(rank=1) pid=212786)[0m WARNING: All log messages before absl::InitializeLog() is called are written to STDERR
[36m(ActorGroup(rank=1) pid=212786)[0m I0000 00:00:1785517648.740012  213838 port.cc:153] oneDNN custom operations are on. You may see slightly different numerical results due to floating-point round-off errors from different computation orders. To turn them off, set the environment variable `TF_ENABLE_ONEDNN_OPTS=0`.
[36m(ActorGroup(rank=0) pid=212784)[0m WARNING: All log messages before absl::InitializeLog() is called are written to STDERR
[36m(ActorGroup(rank=0) pid=212784)[0m I0000 00:00:1785517648.800436  213841 port.cc:153] oneDNN custom operations are on. You may see slightly different numerical results due to floating-point round-off errors from different computation orders. To turn them off, set the environment variable `TF_ENABLE_ONEDNN_OPTS=0`.
[36m(ActorGroup(rank=1) pid=212786)[0m INFO:datasets:PyTorch version 2.6.0 available.
[36m(ActorGroup(rank=1) pid=212786)[0m INFO:datasets:Polars version 1.41.2 available.
[36m(ActorGroup(rank=1) pid=212786)[0m INFO:datasets:TensorFlow version 2.21.0 available.
[36m(ActorGroup(rank=1) pid=212786)[0m INFO:datasets:JAX version 0.5.3 available.
[36m(ActorGroup(rank=0) pid=212784)[0m INFO:datasets:PyTorch version 2.6.0 available.
[36m(ActorGroup(rank=0) pid=212784)[0m INFO:datasets:Polars version 1.41.2 available.
[36m(ActorGroup(rank=0) pid=212784)[0m INFO:datasets:TensorFlow version 2.21.0 available.
[36m(ActorGroup(rank=0) pid=212784)[0m INFO:datasets:JAX version 0.5.3 available.
[36m(ActorGroup(rank=1) pid=212786)[0m [INFO 01:08:24 ActorGroup-Rank-1][openpi_action_model.py:1825] [FREEZE_VLM] QAM B1 mode: froze the complete base π0; F1 trainable parameters=314,713,120
[36m(ActorGroup(rank=1) pid=212786)[0m INFO:root:Loaded norm stats from /root/autodl-tmp/models/rlinf/RLinf-Pi0-RoboTwin-SFT-adjust_bottle/physical-intelligence/robotwin
[36m(ActorGroup(rank=1) pid=212786)[0m [INFO 01:08:27 ActorGroup-Rank-1][fsdp_model_manager.py:282] [FSDP] Gradient checkpointing is disabled
[36m(ActorGroup(rank=0) pid=212784)[0m [INFO 01:08:28 ActorGroup-Rank-0][openpi_action_model.py:1825] [FREEZE_VLM] QAM B1 mode: froze the complete base π0; F1 trainable parameters=314,713,120
[36m(ActorGroup(rank=0) pid=212784)[0m INFO:root:Loaded norm stats from /root/autodl-tmp/models/rlinf/RLinf-Pi0-RoboTwin-SFT-adjust_bottle/physical-intelligence/robotwin
[36m(ActorGroup(rank=0) pid=212784)[0m [INFO 01:08:31 ActorGroup-Rank-0][fsdp_model_manager.py:282] [FSDP] Gradient checkpointing is disabled
[INFO 01:08:32 RLinf] Resuming training from checkpoint directory /root/autodl-tmp/experiments/qam_formal_20260801_v2/robotwin_adjust_bottle_qam_formal_20260801_v2/checkpoints/global_step_25.
[36m(RolloutGroup(rank=0) pid=212798)[0m Generating Rollout Epochs:   0%|          | 0/1 [00:00<?, ?it/s]
[36m(RolloutGroup(rank=0) pid=212798)[0m Generating Rollout Epochs: 100%|██████████| 1/1 [00:19<00:00, 19.19s/it]Generating Rollout Epochs: 100%|██████████| 1/1 [00:19<00:00, 19.19s/it]

╭──────────────────────────────────────────────────────────────────────────────────────────────────────────────────────╮
├──────────────────────────────────────────────────── Metric Table ────────────────────────────────────────────────────┤
│ Global Step:   26/100 │ Progress: ██████████░░░░░░░░░░░░░░░░░░░░░░░░░░░░░░ │  26.0%                                  │
│ Elapsed: 00:24 │ ETA: 30:13 │ Step Time: 24.511s                                                                     │
├──────────────────────────────────────────────────────── Time ────────────────────────────────────────────────────────┤
│                                                                                                                      │
│actor/actor/recv_traj=20.640           │actor/actor/sync_model_to_rollout=2.741│actor/run_training=0.436              │
│cal_adv_and_returns=0.0030             │env/compute_bootstrap_rewards=9.41e-04 │env/env/bootstrap_step=7.268          │
│env/env/send_rollout_trajectories=0.452│env/env_interact_step=7.844            │env/interact=19.869                   │
│env/run_interact_once=19.869           │generate_rollouts=20.740               │rollout/generate_one_epoch=19.189     │
│rollout/predict=3.434                  │rollout/rollout/generate=19.190        │step=24.493                           │
│sync_weights=3.310                     │                                       │                                      │
│                                                                                                                      │
├──────────────────────────────────────────────────── Environment ─────────────────────────────────────────────────────┤
│                                                                                                                      │
│episode_len=200.0                      │num_trajectories=2                     │return=0.0                            │
│reward=0.0                             │success_once=0.0                       │                                      │
│                                                                                                                      │
├────────────────────────────────────────────────────── Rollout ───────────────────────────────────────────────────────┤
│                                                                                                                      │
│qam/global_inserts=20.000              │qam/global_total_inserts=512.0         │qam/local_inserts=10.000              │
│qam/local_replay_size=256.0            │                                       │                                      │
│                                                                                                                      │
├─────────────────────────────────────────────────── Training/Other ───────────────────────────────────────────────────┤
│                                                                                                                      │
│qam/am_enabled_next_update=0.0000      │qam/am_updates_run=0.0000              │qam/configured_phase=2.000            │
│qam/critic_updates=0.0000              │qam/fine_policy_version=0.0000         │qam/fine_updates=0.0000               │
│qam/global_inserts=20.000              │qam/global_total_inserts=512.0         │qam/local_inserts=10.000              │
│qam/local_replay_size=256.0            │qam/pending_update_credit=0.0000       │qam/phase=1.000                       │
│qam/q_only_anchor_global_inserts=512.0 │qam/replay_ready=1.000                 │qam/updates_run=0.0000                │
│                                                                                                                      │
╰──────────────────────────────────────────────────────────────────────────────────────────────────────────────────────╯

[36m(RolloutGroup(rank=0) pid=212798)[0m Generating Rollout Epochs:   0%|          | 0/1 [00:00<?, ?it/s]
[36m(RolloutGroup(rank=0) pid=212798)[0m Generating Rollout Epochs: 100%|██████████| 1/1 [00:18<00:00, 18.08s/it]Generating Rollout Epochs: 100%|██████████| 1/1 [00:18<00:00, 18.08s/it]

╭──────────────────────────────────────────────────────────────────────────────────────────────────────────────────────╮
├──────────────────────────────────────────────────── Metric Table ────────────────────────────────────────────────────┤
│ Global Step:   27/100 │ Progress: ██████████░░░░░░░░░░░░░░░░░░░░░░░░░░░░░░ │  27.0%                                  │
│ Elapsed: 01:15 │ ETA: 45:59 │ Step Time: 37.808s                                                                     │
├──────────────────────────────────────────────────────── Time ────────────────────────────────────────────────────────┤
│                                                                                                                      │
│actor/actor/recv_traj=19.184           │actor/actor/sync_model_to_rollout=0.419│actor/run_training=30.930             │
│cal_adv_and_returns=0.0023             │env/compute_bootstrap_rewards=8.52e-04 │env/env/bootstrap_step=7.026          │
│env/env/send_rollout_trajectories=0.474│env/env_interact_step=7.689            │env/interact=18.794                   │
│env/run_interact_once=18.794           │generate_rollouts=19.281               │rollout/generate_one_epoch=18.079     │
│rollout/predict=3.016                  │rollout/rollout/generate=18.079        │step=51.085                           │
│sync_weights=0.869                     │                                       │                                      │
│                                                                                                                      │
├──────────────────────────────────────────────────── Environment ─────────────────────────────────────────────────────┤
│                                                                                                                      │
│episode_len=200.0                      │num_trajectories=2                     │return=0.0                            │
│reward=0.0                             │success_once=0.0                       │                                      │
│                                                                                                                      │
├────────────────────────────────────────────────────── Rollout ───────────────────────────────────────────────────────┤
│                                                                                                                      │
│qam/global_inserts=20.000              │qam/global_total_inserts=532.0         │qam/local_inserts=10.000              │
│qam/local_replay_size=266.0            │                                       │                                      │
│                                                                                                                      │
├─────────────────────────────────────────────────── Training/Other ───────────────────────────────────────────────────┤
│                                                                                                                      │
│qam/am_enabled_next_update=0.0000      │qam/am_updates_run=0.0000              │qam/configured_phase=2.000            │
│qam/critic_grad_norm=45.415            │qam/critic_loss=3.870                  │qam/critic_updates=20.000             │
│qam/fine_policy_version=0.0000         │qam/fine_updates=0.0000                │qam/global_inserts=20.000             │
│qam/global_total_inserts=532.0         │qam/local_inserts=10.000               │qam/local_replay_size=266.0           │
│qam/pending_update_credit=0.0000       │qam/phase=1.000                        │qam/q_mean=-2.134                     │
│qam/q_only_anchor_global_inserts=512.0 │qam/q_std_heads=1.008                  │qam/replay_ready=1.000                │
│qam/td_target_mean=-2.074              │qam/updates_run=20.000                 │                                      │
│                                                                                                                      │
╰──────────────────────────────────────────────────────────────────────────────────────────────────────────────────────╯

[36m(RolloutGroup(rank=0) pid=212798)[0m Generating Rollout Epochs:   0%|          | 0/1 [00:00<?, ?it/s]
[36m(RolloutGroup(rank=0) pid=212798)[0m Generating Rollout Epochs: 100%|██████████| 1/1 [00:18<00:00, 18.19s/it]Generating Rollout Epochs: 100%|██████████| 1/1 [00:18<00:00, 18.19s/it]

╭──────────────────────────────────────────────────────────────────────────────────────────────────────────────────────╮
├──────────────────────────────────────────────────── Metric Table ────────────────────────────────────────────────────┤
│ Global Step:   28/100 │ Progress: ███████████░░░░░░░░░░░░░░░░░░░░░░░░░░░░░ │  28.0%                                  │
│ Elapsed: 02:05 │ ETA: 50:22 │ Step Time: 41.975s                                                                     │
├──────────────────────────────────────────────────────── Time ────────────────────────────────────────────────────────┤
│                                                                                                                      │
│actor/actor/recv_traj=19.310           │actor/actor/sync_model_to_rollout=0.406│actor/run_training=30.138             │
│cal_adv_and_returns=0.0029             │env/compute_bootstrap_rewards=9.63e-04 │env/env/bootstrap_step=6.878          │
│env/env/send_rollout_trajectories=0.493│env/env_interact_step=7.906            │env/interact=18.942                   │
│env/run_interact_once=18.942           │generate_rollouts=19.406               │rollout/generate_one_epoch=18.193     │
│rollout/predict=3.058                  │rollout/rollout/generate=18.194        │step=50.292                           │
│sync_weights=0.741                     │                                       │                                      │
│                                                                                                                      │
├──────────────────────────────────────────────────── Environment ─────────────────────────────────────────────────────┤
│                                                                                                                      │
│episode_len=200.0                      │num_trajectories=2                     │return=0.0                            │
│reward=0.0                             │success_once=0.0                       │                                      │
│                                                                                                                      │
├────────────────────────────────────────────────────── Rollout ───────────────────────────────────────────────────────┤
│                                                                                                                      │
│qam/global_inserts=20.000              │qam/global_total_inserts=552.0         │qam/local_inserts=10.000              │
│qam/local_replay_size=276.0            │                                       │                                      │
│                                                                                                                      │
├─────────────────────────────────────────────────── Training/Other ───────────────────────────────────────────────────┤
│                                                                                                                      │
│qam/am_enabled_next_update=0.0000      │qam/am_updates_run=0.0000              │qam/configured_phase=2.000            │
│qam/critic_grad_norm=4.707             │qam/critic_loss=0.220                  │qam/critic_updates=40.000             │
│qam/fine_policy_version=0.0000         │qam/fine_updates=0.0000                │qam/global_inserts=20.000             │
│qam/global_total_inserts=552.0         │qam/local_inserts=10.000               │qam/local_replay_size=276.0           │
│qam/pending_update_credit=0.0000       │qam/phase=1.000                        │qam/q_mean=-2.382                     │
│qam/q_only_anchor_global_inserts=512.0 │qam/q_std_heads=0.199                  │qam/replay_ready=1.000                │
│qam/td_target_mean=-2.383              │qam/updates_run=20.000                 │                                      │
│                                                                                                                      │
╰──────────────────────────────────────────────────────────────────────────────────────────────────────────────────────╯

[36m(RolloutGroup(rank=0) pid=212798)[0m Generating Rollout Epochs:   0%|          | 0/1 [00:00<?, ?it/s]
[36m(RolloutGroup(rank=0) pid=212798)[0m Generating Rollout Epochs: 100%|██████████| 1/1 [00:18<00:00, 18.05s/it]Generating Rollout Epochs: 100%|██████████| 1/1 [00:18<00:00, 18.05s/it]

╭──────────────────────────────────────────────────────────────────────────────────────────────────────────────────────╮
├──────────────────────────────────────────────────── Metric Table ────────────────────────────────────────────────────┤
│ Global Step:   29/100 │ Progress: ███████████░░░░░░░░░░░░░░░░░░░░░░░░░░░░░ │  29.0%                                  │
│ Elapsed: 02:56 │ ETA: 52:08 │ Step Time: 44.065s                                                                     │
├──────────────────────────────────────────────────────── Time ────────────────────────────────────────────────────────┤
│                                                                                                                      │
│actor/actor/recv_traj=19.202           │actor/actor/sync_model_to_rollout=0.412│actor/run_training=30.277             │
│cal_adv_and_returns=0.0027             │env/compute_bootstrap_rewards=0.0011   │env/env/bootstrap_step=6.927          │
│env/env/send_rollout_trajectories=0.487│env/env_interact_step=8.046            │env/interact=18.794                   │
│env/run_interact_once=18.794           │generate_rollouts=19.294               │rollout/generate_one_epoch=18.079     │
│rollout/predict=2.990                  │rollout/rollout/generate=18.079        │step=50.313                           │
│sync_weights=0.737                     │                                       │                                      │
│                                                                                                                      │
├──────────────────────────────────────────────────── Environment ─────────────────────────────────────────────────────┤
│                                                                                                                      │
│episode_len=200.0                      │num_trajectories=2                     │return=0.0                            │
│reward=0.0                             │success_once=0.0                       │                                      │
│                                                                                                                      │
├────────────────────────────────────────────────────── Rollout ───────────────────────────────────────────────────────┤
│                                                                                                                      │
│qam/global_inserts=20.000              │qam/global_total_inserts=572.0         │qam/local_inserts=10.000              │
│qam/local_replay_size=286.0            │                                       │                                      │
│                                                                                                                      │
├─────────────────────────────────────────────────── Training/Other ───────────────────────────────────────────────────┤
│                                                                                                                      │
│qam/am_enabled_next_update=0.0000      │qam/am_updates_run=0.0000              │qam/configured_phase=2.000            │
│qam/critic_grad_norm=3.734             │qam/critic_loss=0.106                  │qam/critic_updates=60.000             │
│qam/fine_policy_version=0.0000         │qam/fine_updates=0.0000                │qam/global_inserts=20.000             │
│qam/global_total_inserts=572.0         │qam/local_inserts=10.000               │qam/local_replay_size=286.0           │
│qam/pending_update_credit=0.0000       │qam/phase=1.000                        │qam/q_mean=-1.716                     │
│qam/q_only_anchor_global_inserts=512.0 │qam/q_std_heads=0.165                  │qam/replay_ready=1.000                │
│qam/td_target_mean=-1.706              │qam/updates_run=20.000                 │                                      │
│                                                                                                                      │
╰──────────────────────────────────────────────────────────────────────────────────────────────────────────────────────╯

[36m(RolloutGroup(rank=0) pid=212798)[0m Generating Rollout Epochs:   0%|          | 0/1 [00:00<?, ?it/s]
[36m(RolloutGroup(rank=0) pid=212798)[0m Generating Rollout Epochs: 100%|██████████| 1/1 [00:18<00:00, 18.02s/it]Generating Rollout Epochs: 100%|██████████| 1/1 [00:18<00:00, 18.02s/it]

╭──────────────────────────────────────────────────────────────────────────────────────────────────────────────────────╮
├──────────────────────────────────────────────────── Metric Table ────────────────────────────────────────────────────┤
│ Global Step:   30/100 │ Progress: ████████████░░░░░░░░░░░░░░░░░░░░░░░░░░░░ │  30.0%                                  │
│ Elapsed: 03:45 │ ETA: 52:30 │ Step Time: 45.007s                                                                     │
├──────────────────────────────────────────────────────── Time ────────────────────────────────────────────────────────┤
│                                                                                                                      │
│actor/actor/recv_traj=19.106           │actor/actor/sync_model_to_rollout=0.399│actor/run_training=28.759             │
│cal_adv_and_returns=0.0028             │env/compute_bootstrap_rewards=8.47e-04 │env/env/bootstrap_step=6.958          │
│env/env/send_rollout_trajectories=0.478│env/env_interact_step=7.534            │env/interact=18.700                   │
│env/run_interact_once=18.700           │generate_rollouts=19.191               │rollout/generate_one_epoch=18.015     │
│rollout/predict=3.153                  │rollout/rollout/generate=18.016        │step=48.756                           │
│sync_weights=0.800                     │                                       │                                      │
│                                                                                                                      │
├──────────────────────────────────────────────────── Environment ─────────────────────────────────────────────────────┤
│                                                                                                                      │
│episode_len=200.0                      │num_trajectories=2                     │return=0.5                            │
│reward=0.0025                          │success_once=0.5                       │                                      │
│                                                                                                                      │
├────────────────────────────────────────────────────── Rollout ───────────────────────────────────────────────────────┤
│                                                                                                                      │
│qam/global_inserts=19.000              │qam/global_total_inserts=591.0         │qam/local_inserts=9.500               │
│qam/local_replay_size=295.5            │                                       │                                      │
│                                                                                                                      │
├─────────────────────────────────────────────────── Training/Other ───────────────────────────────────────────────────┤
│                                                                                                                      │
│qam/am_enabled_next_update=0.0000      │qam/am_updates_run=0.0000              │qam/configured_phase=2.000            │
│qam/critic_grad_norm=2.591             │qam/critic_loss=0.088                  │qam/critic_updates=79.000             │
│qam/fine_policy_version=0.0000         │qam/fine_updates=0.0000                │qam/global_inserts=19.000             │
│qam/global_total_inserts=591.0         │qam/local_inserts=9.500                │qam/local_replay_size=295.5           │
│qam/pending_update_credit=0.0000       │qam/phase=1.000                        │qam/q_mean=-1.552                     │
│qam/q_only_anchor_global_inserts=512.0 │qam/q_std_heads=0.124                  │qam/replay_ready=1.000                │
│qam/td_target_mean=-1.550              │qam/updates_run=19.000                 │                                      │
│                                                                                                                      │
╰──────────────────────────────────────────────────────────────────────────────────────────────────────────────────────╯

[36m(RolloutGroup(rank=0) pid=212798)[0m Generating Rollout Epochs:   0%|          | 0/1 [00:00<?, ?it/s]
[36m(RolloutGroup(rank=0) pid=212798)[0m Generating Rollout Epochs: 100%|██████████| 1/1 [00:18<00:00, 18.53s/it]Generating Rollout Epochs: 100%|██████████| 1/1 [00:18<00:00, 18.53s/it]

╭──────────────────────────────────────────────────────────────────────────────────────────────────────────────────────╮
├──────────────────────────────────────────────────── Metric Table ────────────────────────────────────────────────────┤
│ Global Step:   31/100 │ Progress: ████████████░░░░░░░░░░░░░░░░░░░░░░░░░░░░ │  31.0%                                  │
│ Elapsed: 04:35 │ ETA: 52:53 │ Step Time: 45.986s                                                                     │
├──────────────────────────────────────────────────────── Time ────────────────────────────────────────────────────────┤
│                                                                                                                      │
│actor/actor/recv_traj=19.610           │actor/actor/sync_model_to_rollout=0.408│actor/run_training=30.352             │
│cal_adv_and_returns=0.0027             │env/compute_bootstrap_rewards=8.30e-04 │env/env/bootstrap_step=7.346          │
│env/env/send_rollout_trajectories=0.452│env/env_interact_step=7.780            │env/interact=19.234                   │
│env/run_interact_once=19.234           │generate_rollouts=19.704               │rollout/generate_one_epoch=18.528     │
│rollout/predict=3.056                  │rollout/rollout/generate=18.529        │step=50.864                           │
│sync_weights=0.802                     │                                       │                                      │
│                                                                                                                      │
├──────────────────────────────────────────────────── Environment ─────────────────────────────────────────────────────┤
│                                                                                                                      │
│episode_len=200.0                      │num_trajectories=2                     │return=0.0                            │
│reward=0.0                             │success_once=0.0                       │                                      │
│                                                                                                                      │
├────────────────────────────────────────────────────── Rollout ───────────────────────────────────────────────────────┤
│                                                                                                                      │
│qam/global_inserts=20.000              │qam/global_total_inserts=611.0         │qam/local_inserts=10.000              │
│qam/local_replay_size=305.5            │                                       │                                      │
│                                                                                                                      │
├─────────────────────────────────────────────────── Training/Other ───────────────────────────────────────────────────┤
│                                                                                                                      │
│qam/am_enabled_next_update=0.0000      │qam/am_updates_run=0.0000              │qam/configured_phase=2.000            │
│qam/critic_grad_norm=2.976             │qam/critic_loss=0.110                  │qam/critic_updates=99.000             │
│qam/fine_policy_version=0.0000         │qam/fine_updates=0.0000                │qam/global_inserts=20.000             │
│qam/global_total_inserts=611.0         │qam/local_inserts=10.000               │qam/local_replay_size=305.5           │
│qam/pending_update_credit=0.0000       │qam/phase=1.000                        │qam/q_mean=-1.493                     │
│qam/q_only_anchor_global_inserts=512.0 │qam/q_std_heads=0.116                  │qam/replay_ready=1.000                │
│qam/td_target_mean=-1.481              │qam/updates_run=20.000                 │                                      │
│                                                                                                                      │
╰──────────────────────────────────────────────────────────────────────────────────────────────────────────────────────╯

[36m(RolloutGroup(rank=0) pid=212798)[0m Generating Rollout Epochs:   0%|          | 0/1 [00:00<?, ?it/s]
[36m(RolloutGroup(rank=0) pid=212798)[0m Generating Rollout Epochs: 100%|██████████| 1/1 [00:17<00:00, 17.95s/it]Generating Rollout Epochs: 100%|██████████| 1/1 [00:17<00:00, 17.95s/it]

╭──────────────────────────────────────────────────────────────────────────────────────────────────────────────────────╮
├──────────────────────────────────────────────────── Metric Table ────────────────────────────────────────────────────┤
│ Global Step:   32/100 │ Progress: ████████████░░░░░░░░░░░░░░░░░░░░░░░░░░░░ │  32.0%                                  │
│ Elapsed: 05:26 │ ETA: 52:46 │ Step Time: 46.573s                                                                     │
├──────────────────────────────────────────────────────── Time ────────────────────────────────────────────────────────┤
│                                                                                                                      │
│actor/actor/recv_traj=19.049           │actor/actor/sync_model_to_rollout=0.399│actor/run_training=30.083             │
│cal_adv_and_returns=0.0025             │env/compute_bootstrap_rewards=8.34e-04 │env/env/bootstrap_step=6.981          │
│env/env/send_rollout_trajectories=0.473│env/env_interact_step=7.643            │env/interact=18.693                   │
│env/run_interact_once=18.693           │generate_rollouts=19.139               │rollout/generate_one_epoch=17.952     │
│rollout/predict=3.004                  │rollout/rollout/generate=17.953        │step=50.075                           │
│sync_weights=0.847                     │                                       │                                      │
│                                                                                                                      │
├──────────────────────────────────────────────────── Environment ─────────────────────────────────────────────────────┤
│                                                                                                                      │
│episode_len=200.0                      │num_trajectories=2                     │return=0.0                            │
│reward=0.0                             │success_once=0.0                       │                                      │
│                                                                                                                      │
├────────────────────────────────────────────────────── Rollout ───────────────────────────────────────────────────────┤
│                                                                                                                      │
│qam/global_inserts=20.000              │qam/global_total_inserts=631.0         │qam/local_inserts=10.000              │
│qam/local_replay_size=315.5            │                                       │                                      │
│                                                                                                                      │
├─────────────────────────────────────────────────── Training/Other ───────────────────────────────────────────────────┤
│                                                                                                                      │
│qam/am_enabled_next_update=0.0000      │qam/am_updates_run=0.0000              │qam/configured_phase=2.000            │
│qam/critic_grad_norm=2.226             │qam/critic_loss=0.069                  │qam/critic_updates=119.0              │
│qam/fine_policy_version=0.0000         │qam/fine_updates=0.0000                │qam/global_inserts=20.000             │
│qam/global_total_inserts=631.0         │qam/local_inserts=10.000               │qam/local_replay_size=315.5           │
│qam/pending_update_credit=0.0000       │qam/phase=1.000                        │qam/q_mean=-1.455                     │
│qam/q_only_anchor_global_inserts=512.0 │qam/q_std_heads=0.102                  │qam/replay_ready=1.000                │
│qam/td_target_mean=-1.448              │qam/updates_run=20.000                 │                                      │
│                                                                                                                      │
╰──────────────────────────────────────────────────────────────────────────────────────────────────────────────────────╯

[36m(RolloutGroup(rank=0) pid=212798)[0m Generating Rollout Epochs:   0%|          | 0/1 [00:00<?, ?it/s]
[36m(RolloutGroup(rank=0) pid=212798)[0m Generating Rollout Epochs: 100%|██████████| 1/1 [00:17<00:00, 17.38s/it]Generating Rollout Epochs: 100%|██████████| 1/1 [00:17<00:00, 17.38s/it]

╭──────────────────────────────────────────────────────────────────────────────────────────────────────────────────────╮
├──────────────────────────────────────────────────── Metric Table ────────────────────────────────────────────────────┤
│ Global Step:   33/100 │ Progress: █████████████░░░░░░░░░░░░░░░░░░░░░░░░░░░ │  33.0%                                  │
│ Elapsed: 06:14 │ ETA: 52:19 │ Step Time: 46.862s                                                                     │
├──────────────────────────────────────────────────────── Time ────────────────────────────────────────────────────────┤
│                                                                                                                      │
│actor/actor/recv_traj=19.162           │actor/actor/sync_model_to_rollout=0.399│actor/run_training=28.752             │
│cal_adv_and_returns=0.0027             │env/compute_bootstrap_rewards=8.82e-04 │env/env/bootstrap_step=7.140          │
│env/env/send_rollout_trajectories=0.468│env/env_interact_step=7.649            │env/interact=18.799                   │
│env/run_interact_once=18.799           │generate_rollouts=19.259               │rollout/generate_one_epoch=18.076     │
│rollout/predict=3.118                  │rollout/rollout/generate=18.076        │step=48.869                           │
│sync_weights=0.852                     │                                       │                                      │
│                                                                                                                      │
├──────────────────────────────────────────────────── Environment ─────────────────────────────────────────────────────┤
│                                                                                                                      │
│episode_len=200.0                      │num_trajectories=2                     │return=1.0                            │
│reward=0.005                           │success_once=1.0                       │                                      │
│                                                                                                                      │
├────────────────────────────────────────────────────── Rollout ───────────────────────────────────────────────────────┤
│                                                                                                                      │
│qam/global_inserts=19.000              │qam/global_total_inserts=650.0         │qam/local_inserts=9.500               │
│qam/local_replay_size=325.0            │                                       │                                      │
│                                                                                                                      │
├─────────────────────────────────────────────────── Training/Other ───────────────────────────────────────────────────┤
│                                                                                                                      │
│qam/am_enabled_next_update=0.0000      │qam/am_updates_run=0.0000              │qam/configured_phase=2.000            │
│qam/critic_grad_norm=2.679             │qam/critic_loss=0.081                  │qam/critic_updates=138.0              │
│qam/fine_policy_version=0.0000         │qam/fine_updates=0.0000                │qam/global_inserts=19.000             │
│qam/global_total_inserts=650.0         │qam/local_inserts=9.500                │qam/local_replay_size=325.0           │
│qam/pending_update_credit=0.0000       │qam/phase=1.000                        │qam/q_mean=-1.385                     │
│qam/q_only_anchor_global_inserts=512.0 │qam/q_std_heads=0.111                  │qam/replay_ready=1.000                │
│qam/td_target_mean=-1.388              │qam/updates_run=19.000                 │                                      │
│                                                                                                                      │
╰──────────────────────────────────────────────────────────────────────────────────────────────────────────────────────╯

[36m(RolloutGroup(rank=0) pid=212798)[0m Generating Rollout Epochs:   0%|          | 0/1 [00:00<?, ?it/s]
[36m(RolloutGroup(rank=0) pid=212798)[0m Generating Rollout Epochs: 100%|██████████| 1/1 [00:17<00:00, 17.96s/it]Generating Rollout Epochs: 100%|██████████| 1/1 [00:17<00:00, 17.96s/it]

╭──────────────────────────────────────────────────────────────────────────────────────────────────────────────────────╮
├──────────────────────────────────────────────────── Metric Table ────────────────────────────────────────────────────┤
│ Global Step:   34/100 │ Progress: █████████████░░░░░░░░░░░░░░░░░░░░░░░░░░░ │  34.0%                                  │
│ Elapsed: 07:05 │ ETA: 52:02 │ Step Time: 47.304s                                                                     │
├──────────────────────────────────────────────────────── Time ────────────────────────────────────────────────────────┤
│                                                                                                                      │
│actor/actor/recv_traj=19.489           │actor/actor/sync_model_to_rollout=0.404│actor/run_training=30.368             │
│cal_adv_and_returns=0.0025             │env/compute_bootstrap_rewards=8.15e-04 │env/env/bootstrap_step=6.983          │
│env/env/send_rollout_trajectories=0.446│env/env_interact_step=8.051            │env/interact=19.108                   │
│env/run_interact_once=19.108           │generate_rollouts=19.587               │rollout/generate_one_epoch=18.419     │
│rollout/predict=3.120                  │rollout/rollout/generate=18.419        │step=50.817                           │
│sync_weights=0.855                     │                                       │                                      │
│                                                                                                                      │
├──────────────────────────────────────────────────── Environment ─────────────────────────────────────────────────────┤
│                                                                                                                      │
│episode_len=200.0                      │num_trajectories=2                     │return=0.0                            │
│reward=0.0                             │success_once=0.0                       │                                      │
│                                                                                                                      │
├────────────────────────────────────────────────────── Rollout ───────────────────────────────────────────────────────┤
│                                                                                                                      │
│qam/global_inserts=20.000              │qam/global_total_inserts=670.0         │qam/local_inserts=10.000              │
│qam/local_replay_size=335.0            │                                       │                                      │
│                                                                                                                      │
├─────────────────────────────────────────────────── Training/Other ───────────────────────────────────────────────────┤
│                                                                                                                      │
│qam/am_enabled_next_update=0.0000      │qam/am_updates_run=0.0000              │qam/configured_phase=2.000            │
│qam/critic_grad_norm=1.913             │qam/critic_loss=0.074                  │qam/critic_updates=158.0              │
│qam/fine_policy_version=0.0000         │qam/fine_updates=0.0000                │qam/global_inserts=20.000             │
│qam/global_total_inserts=670.0         │qam/local_inserts=10.000               │qam/local_replay_size=335.0           │
│qam/pending_update_credit=0.0000       │qam/phase=1.000                        │qam/q_mean=-1.363                     │
│qam/q_only_anchor_global_inserts=512.0 │qam/q_std_heads=0.089                  │qam/replay_ready=1.000                │
│qam/td_target_mean=-1.365              │qam/updates_run=20.000                 │                                      │
│                                                                                                                      │
╰──────────────────────────────────────────────────────────────────────────────────────────────────────────────────────╯

[36m(RolloutGroup(rank=0) pid=212798)[0m Generating Rollout Epochs:   0%|          | 0/1 [00:00<?, ?it/s]
[36m(RolloutGroup(rank=0) pid=212798)[0m Generating Rollout Epochs: 100%|██████████| 1/1 [00:18<00:00, 18.19s/it]Generating Rollout Epochs: 100%|██████████| 1/1 [00:18<00:00, 18.19s/it]

╭──────────────────────────────────────────────────────────────────────────────────────────────────────────────────────╮
├──────────────────────────────────────────────────── Metric Table ────────────────────────────────────────────────────┤
│ Global Step:   35/100 │ Progress: ██████████████░░░░░░░░░░░░░░░░░░░░░░░░░░ │  35.0%                                  │
│ Elapsed: 07:55 │ ETA: 51:33 │ Step Time: 47.591s                                                                     │
├──────────────────────────────────────────────────────── Time ────────────────────────────────────────────────────────┤
│                                                                                                                      │
│actor/actor/recv_traj=19.321           │actor/actor/sync_model_to_rollout=0.408│actor/run_training=29.933             │
│cal_adv_and_returns=0.0028             │env/compute_bootstrap_rewards=7.67e-04 │env/env/bootstrap_step=6.996          │
│env/env/send_rollout_trajectories=0.475│env/env_interact_step=7.838            │env/interact=18.956                   │
│env/run_interact_once=18.956           │generate_rollouts=19.416               │rollout/generate_one_epoch=18.191     │
│rollout/predict=3.030                  │rollout/rollout/generate=18.192        │step=50.152                           │
│sync_weights=0.798                     │                                       │                                      │
│                                                                                                                      │
├──────────────────────────────────────────────────── Environment ─────────────────────────────────────────────────────┤
│                                                                                                                      │
│episode_len=200.0                      │num_trajectories=2                     │return=0.0                            │
│reward=0.0                             │success_once=0.0                       │                                      │
│                                                                                                                      │
├────────────────────────────────────────────────────── Rollout ───────────────────────────────────────────────────────┤
│                                                                                                                      │
│qam/global_inserts=20.000              │qam/global_total_inserts=690.0         │qam/local_inserts=10.000              │
│qam/local_replay_size=345.0            │                                       │                                      │
│                                                                                                                      │
├─────────────────────────────────────────────────── Training/Other ───────────────────────────────────────────────────┤
│                                                                                                                      │
│qam/am_enabled_next_update=0.0000      │qam/am_updates_run=0.0000              │qam/configured_phase=2.000            │
│qam/critic_grad_norm=1.873             │qam/critic_loss=0.068                  │qam/critic_updates=178.0              │
│qam/fine_policy_version=0.0000         │qam/fine_updates=0.0000                │qam/global_inserts=20.000             │
│qam/global_total_inserts=690.0         │qam/local_inserts=10.000               │qam/local_replay_size=345.0           │
│qam/pending_update_credit=0.0000       │qam/phase=1.000                        │qam/q_mean=-1.312                     │
│qam/q_only_anchor_global_inserts=512.0 │qam/q_std_heads=0.095                  │qam/replay_ready=1.000                │
│qam/td_target_mean=-1.312              │qam/updates_run=20.000                 │                                      │
│                                                                                                                      │
╰──────────────────────────────────────────────────────────────────────────────────────────────────────────────────────╯

[36m(RolloutGroup(rank=0) pid=212798)[0m Generating Rollout Epochs:   0%|          | 0/1 [00:00<?, ?it/s]
[36m(RolloutGroup(rank=0) pid=212798)[0m Generating Rollout Epochs: 100%|██████████| 1/1 [00:17<00:00, 17.82s/it]Generating Rollout Epochs: 100%|██████████| 1/1 [00:17<00:00, 17.82s/it]

╭──────────────────────────────────────────────────────────────────────────────────────────────────────────────────────╮
├──────────────────────────────────────────────────── Metric Table ────────────────────────────────────────────────────┤
│ Global Step:   36/100 │ Progress: ██████████████░░░░░░░░░░░░░░░░░░░░░░░░░░ │  36.0%                                  │
│ Elapsed: 08:45 │ ETA: 50:59 │ Step Time: 47.804s                                                                     │
├──────────────────────────────────────────────────────── Time ────────────────────────────────────────────────────────┤
│                                                                                                                      │
│actor/actor/recv_traj=18.962           │actor/actor/sync_model_to_rollout=0.396│actor/run_training=30.082             │
│cal_adv_and_returns=0.0027             │env/compute_bootstrap_rewards=8.47e-04 │env/env/bootstrap_step=6.961          │
│env/env/send_rollout_trajectories=0.476│env/env_interact_step=7.455            │env/interact=18.596                   │
│env/run_interact_once=18.596           │generate_rollouts=19.056               │rollout/generate_one_epoch=17.818     │
│rollout/predict=3.041                  │rollout/rollout/generate=17.818        │step=49.923                           │
│sync_weights=0.779                     │                                       │                                      │
│                                                                                                                      │
├──────────────────────────────────────────────────── Environment ─────────────────────────────────────────────────────┤
│                                                                                                                      │
│episode_len=200.0                      │num_trajectories=2                     │return=0.0                            │
│reward=0.0                             │success_once=0.0                       │                                      │
│                                                                                                                      │
├────────────────────────────────────────────────────── Rollout ───────────────────────────────────────────────────────┤
│                                                                                                                      │
│qam/global_inserts=20.000              │qam/global_total_inserts=710.0         │qam/local_inserts=10.000              │
│qam/local_replay_size=355.0            │                                       │                                      │
│                                                                                                                      │
├─────────────────────────────────────────────────── Training/Other ───────────────────────────────────────────────────┤
│                                                                                                                      │
│qam/am_enabled_next_update=0.0000      │qam/am_updates_run=0.0000              │qam/configured_phase=2.000            │
│qam/critic_grad_norm=1.679             │qam/critic_loss=0.056                  │qam/critic_updates=198.0              │
│qam/fine_policy_version=0.0000         │qam/fine_updates=0.0000                │qam/global_inserts=20.000             │
│qam/global_total_inserts=710.0         │qam/local_inserts=10.000               │qam/local_replay_size=355.0           │
│qam/pending_update_credit=0.0000       │qam/phase=1.000                        │qam/q_mean=-1.319                     │
│qam/q_only_anchor_global_inserts=512.0 │qam/q_std_heads=0.086                  │qam/replay_ready=1.000                │
│qam/td_target_mean=-1.316              │qam/updates_run=20.000                 │                                      │
│                                                                                                                      │
╰──────────────────────────────────────────────────────────────────────────────────────────────────────────────────────╯

[36m(RolloutGroup(rank=0) pid=212798)[0m Generating Rollout Epochs:   0%|          | 0/1 [00:00<?, ?it/s]
[36m(RolloutGroup(rank=0) pid=212798)[0m Generating Rollout Epochs: 100%|██████████| 1/1 [00:17<00:00, 17.65s/it]Generating Rollout Epochs: 100%|██████████| 1/1 [00:17<00:00, 17.65s/it]

╭──────────────────────────────────────────────────────────────────────────────────────────────────────────────────────╮
├──────────────────────────────────────────────────── Metric Table ────────────────────────────────────────────────────┤
│ Global Step:   37/100 │ Progress: ██████████████░░░░░░░░░░░░░░░░░░░░░░░░░░ │  37.0%                                  │
│ Elapsed: 09:34 │ ETA: 50:15 │ Step Time: 47.864s                                                                     │
├──────────────────────────────────────────────────────── Time ────────────────────────────────────────────────────────┤
│                                                                                                                      │
│actor/actor/recv_traj=18.750           │actor/actor/sync_model_to_rollout=0.396│actor/run_training=28.815             │
│cal_adv_and_returns=0.0027             │env/compute_bootstrap_rewards=7.67e-04 │env/env/bootstrap_step=6.949          │
│env/env/send_rollout_trajectories=0.456│env/env_interact_step=7.441            │env/interact=18.360                   │
│env/run_interact_once=18.360           │generate_rollouts=18.841               │rollout/generate_one_epoch=17.650     │
│rollout/predict=2.918                  │rollout/rollout/generate=17.650        │step=48.494                           │
│sync_weights=0.833                     │                                       │                                      │
│                                                                                                                      │
├──────────────────────────────────────────────────── Environment ─────────────────────────────────────────────────────┤
│                                                                                                                      │
│episode_len=200.0                      │num_trajectories=2                     │return=0.5                            │
│reward=0.0025                          │success_once=0.5                       │                                      │
│                                                                                                                      │
├────────────────────────────────────────────────────── Rollout ───────────────────────────────────────────────────────┤
│                                                                                                                      │
│qam/global_inserts=19.000              │qam/global_total_inserts=729.0         │qam/local_inserts=9.500               │
│qam/local_replay_size=364.5            │                                       │                                      │
│                                                                                                                      │
├─────────────────────────────────────────────────── Training/Other ───────────────────────────────────────────────────┤
│                                                                                                                      │
│qam/am_enabled_next_update=0.0000      │qam/am_updates_run=0.0000              │qam/configured_phase=2.000            │
│qam/critic_grad_norm=2.190             │qam/critic_loss=0.066                  │qam/critic_updates=217.0              │
│qam/fine_policy_version=0.0000         │qam/fine_updates=0.0000                │qam/global_inserts=19.000             │
│qam/global_total_inserts=729.0         │qam/local_inserts=9.500                │qam/local_replay_size=364.5           │
│qam/pending_update_credit=0.0000       │qam/phase=1.000                        │qam/q_mean=-1.266                     │
│qam/q_only_anchor_global_inserts=512.0 │qam/q_std_heads=0.100                  │qam/replay_ready=1.000                │
│qam/td_target_mean=-1.265              │qam/updates_run=19.000                 │                                      │
│                                                                                                                      │
╰──────────────────────────────────────────────────────────────────────────────────────────────────────────────────────╯

[36m(RolloutGroup(rank=0) pid=212798)[0m Generating Rollout Epochs:   0%|          | 0/1 [00:00<?, ?it/s]
[36m(RolloutGroup(rank=0) pid=212798)[0m Generating Rollout Epochs: 100%|██████████| 1/1 [00:17<00:00, 17.50s/it]Generating Rollout Epochs: 100%|██████████| 1/1 [00:17<00:00, 17.50s/it]

╭──────────────────────────────────────────────────────────────────────────────────────────────────────────────────────╮
├──────────────────────────────────────────────────── Metric Table ────────────────────────────────────────────────────┤
│ Global Step:   38/100 │ Progress: ███████████████░░░░░░░░░░░░░░░░░░░░░░░░░ │  38.0%                                  │
│ Elapsed: 10:23 │ ETA: 49:31 │ Step Time: 47.924s                                                                     │
├──────────────────────────────────────────────────────── Time ────────────────────────────────────────────────────────┤
│                                                                                                                      │
│actor/actor/recv_traj=18.815           │actor/actor/sync_model_to_rollout=0.410│actor/run_training=28.955             │
│cal_adv_and_returns=0.0028             │env/compute_bootstrap_rewards=8.39e-04 │env/env/bootstrap_step=7.039          │
│env/env/send_rollout_trajectories=0.476│env/env_interact_step=7.305            │env/interact=18.419                   │
│env/run_interact_once=18.419           │generate_rollouts=18.908               │rollout/generate_one_epoch=17.769     │
│rollout/predict=3.085                  │rollout/rollout/generate=17.769        │step=48.627                           │
│sync_weights=0.759                     │                                       │                                      │
│                                                                                                                      │
├──────────────────────────────────────────────────── Environment ─────────────────────────────────────────────────────┤
│                                                                                                                      │
│episode_len=200.0                      │num_trajectories=2                     │return=0.5                            │
│reward=0.0025                          │success_once=0.5                       │                                      │
│                                                                                                                      │
├────────────────────────────────────────────────────── Rollout ───────────────────────────────────────────────────────┤
│                                                                                                                      │
│qam/global_inserts=19.000              │qam/global_total_inserts=748.0         │qam/local_inserts=9.500               │
│qam/local_replay_size=374.0            │                                       │                                      │
│                                                                                                                      │
├─────────────────────────────────────────────────── Training/Other ───────────────────────────────────────────────────┤
│                                                                                                                      │
│qam/am_enabled_next_update=0.0000      │qam/am_updates_run=0.0000              │qam/configured_phase=2.000            │
│qam/critic_grad_norm=2.344             │qam/critic_loss=0.076                  │qam/critic_updates=236.0              │
│qam/fine_policy_version=0.0000         │qam/fine_updates=0.0000                │qam/global_inserts=19.000             │
│qam/global_total_inserts=748.0         │qam/local_inserts=9.500                │qam/local_replay_size=374.0           │
│qam/pending_update_credit=0.0000       │qam/phase=1.000                        │qam/q_mean=-1.215                     │
│qam/q_only_anchor_global_inserts=512.0 │qam/q_std_heads=0.110                  │qam/replay_ready=1.000                │
│qam/td_target_mean=-1.225              │qam/updates_run=19.000                 │                                      │
│                                                                                                                      │
╰──────────────────────────────────────────────────────────────────────────────────────────────────────────────────────╯

[36m(RolloutGroup(rank=0) pid=212798)[0m Generating Rollout Epochs:   0%|          | 0/1 [00:00<?, ?it/s]
[36m(RolloutGroup(rank=0) pid=212798)[0m Generating Rollout Epochs: 100%|██████████| 1/1 [00:18<00:00, 18.41s/it]Generating Rollout Epochs: 100%|██████████| 1/1 [00:18<00:00, 18.41s/it]

╭──────────────────────────────────────────────────────────────────────────────────────────────────────────────────────╮
├──────────────────────────────────────────────────── Metric Table ────────────────────────────────────────────────────┤
│ Global Step:   39/100 │ Progress: ███████████████░░░░░░░░░░░░░░░░░░░░░░░░░ │  39.0%                                  │
│ Elapsed: 11:13 │ ETA: 48:54 │ Step Time: 48.102s                                                                     │
├──────────────────────────────────────────────────────── Time ────────────────────────────────────────────────────────┤
│                                                                                                                      │
│actor/actor/recv_traj=19.539           │actor/actor/sync_model_to_rollout=0.410│actor/run_training=29.921             │
│cal_adv_and_returns=0.0028             │env/compute_bootstrap_rewards=7.98e-04 │env/env/bootstrap_step=6.962          │
│env/env/send_rollout_trajectories=0.481│env/env_interact_step=7.924            │env/interact=19.173                   │
│env/run_interact_once=19.173           │generate_rollouts=19.631               │rollout/generate_one_epoch=18.412     │
│rollout/predict=3.178                  │rollout/rollout/generate=18.413        │step=50.404                           │
│sync_weights=0.846                     │                                       │                                      │
│                                                                                                                      │
├──────────────────────────────────────────────────── Environment ─────────────────────────────────────────────────────┤
│                                                                                                                      │
│episode_len=200.0                      │num_trajectories=2                     │return=0.0                            │
│reward=0.0                             │success_once=0.0                       │                                      │
│                                                                                                                      │
├────────────────────────────────────────────────────── Rollout ───────────────────────────────────────────────────────┤
│                                                                                                                      │
│qam/global_inserts=20.000              │qam/global_total_inserts=768.0         │qam/local_inserts=10.000              │
│qam/local_replay_size=384.0            │                                       │                                      │
│                                                                                                                      │
├─────────────────────────────────────────────────── Training/Other ───────────────────────────────────────────────────┤
│                                                                                                                      │
│qam/am_enabled_next_update=0.0000      │qam/am_updates_run=0.0000              │qam/configured_phase=2.000            │
│qam/critic_grad_norm=2.629             │qam/critic_loss=0.087                  │qam/critic_updates=256.0              │
│qam/fine_policy_version=0.0000         │qam/fine_updates=0.0000                │qam/global_inserts=20.000             │
│qam/global_total_inserts=768.0         │qam/local_inserts=10.000               │qam/local_replay_size=384.0           │
│qam/pending_update_credit=0.0000       │qam/phase=1.000                        │qam/q_mean=-1.176                     │
│qam/q_only_anchor_global_inserts=512.0 │qam/q_std_heads=0.117                  │qam/replay_ready=1.000                │
│qam/td_target_mean=-1.187              │qam/updates_run=20.000                 │                                      │
│                                                                                                                      │
╰──────────────────────────────────────────────────────────────────────────────────────────────────────────────────────╯

[36m(RolloutGroup(rank=0) pid=212798)[0m Generating Rollout Epochs:   0%|          | 0/1 [00:00<?, ?it/s]
[36m(RolloutGroup(rank=0) pid=212798)[0m Generating Rollout Epochs: 100%|██████████| 1/1 [00:18<00:00, 18.27s/it]Generating Rollout Epochs: 100%|██████████| 1/1 [00:18<00:00, 18.27s/it]

╭──────────────────────────────────────────────────────────────────────────────────────────────────────────────────────╮
├──────────────────────────────────────────────────── Metric Table ────────────────────────────────────────────────────┤
│ Global Step:   40/100 │ Progress: ████████████████░░░░░░░░░░░░░░░░░░░░░░░░ │  40.0%                                  │
│ Elapsed: 12:03 │ ETA: 48:15 │ Step Time: 48.258s                                                                     │
├──────────────────────────────────────────────────────── Time ────────────────────────────────────────────────────────┤
│                                                                                                                      │
│actor/actor/recv_traj=19.411           │actor/actor/sync_model_to_rollout=0.408│actor/run_training=30.042             │
│cal_adv_and_returns=0.0028             │env/compute_bootstrap_rewards=8.27e-04 │env/env/bootstrap_step=7.096          │
│env/env/send_rollout_trajectories=0.467│env/env_interact_step=7.837            │env/interact=19.043                   │
│env/run_interact_once=19.043           │generate_rollouts=19.507               │rollout/generate_one_epoch=18.271     │
│rollout/predict=3.000                  │rollout/rollout/generate=18.272        │step=50.424                           │
│sync_weights=0.869                     │                                       │                                      │
│                                                                                                                      │
├──────────────────────────────────────────────────── Environment ─────────────────────────────────────────────────────┤
│                                                                                                                      │
│episode_len=200.0                      │num_trajectories=2                     │return=0.0                            │
│reward=0.0                             │success_once=0.0                       │                                      │
│                                                                                                                      │
├────────────────────────────────────────────────────── Rollout ───────────────────────────────────────────────────────┤
│                                                                                                                      │
│qam/global_inserts=20.000              │qam/global_total_inserts=788.0         │qam/local_inserts=10.000              │
│qam/local_replay_size=394.0            │                                       │                                      │
│                                                                                                                      │
├─────────────────────────────────────────────────── Training/Other ───────────────────────────────────────────────────┤
│                                                                                                                      │
│qam/am_enabled_next_update=0.0000      │qam/am_updates_run=0.0000              │qam/configured_phase=2.000            │
│qam/critic_grad_norm=1.577             │qam/critic_loss=0.050                  │qam/critic_updates=276.0              │
│qam/fine_policy_version=0.0000         │qam/fine_updates=0.0000                │qam/global_inserts=20.000             │
│qam/global_total_inserts=788.0         │qam/local_inserts=10.000               │qam/local_replay_size=394.0           │
│qam/pending_update_credit=0.0000       │qam/phase=1.000                        │qam/q_mean=-1.183                     │
│qam/q_only_anchor_global_inserts=512.0 │qam/q_std_heads=0.082                  │qam/replay_ready=1.000                │
│qam/td_target_mean=-1.187              │qam/updates_run=20.000                 │                                      │
│                                                                                                                      │
╰──────────────────────────────────────────────────────────────────────────────────────────────────────────────────────╯

[36m(RolloutGroup(rank=0) pid=212798)[0m Generating Rollout Epochs:   0%|          | 0/1 [00:00<?, ?it/s]
[36m(RolloutGroup(rank=0) pid=212798)[0m Generating Rollout Epochs: 100%|██████████| 1/1 [00:18<00:00, 18.16s/it]Generating Rollout Epochs: 100%|██████████| 1/1 [00:18<00:00, 18.16s/it]

╭──────────────────────────────────────────────────────────────────────────────────────────────────────────────────────╮
├──────────────────────────────────────────────────── Metric Table ────────────────────────────────────────────────────┤
│ Global Step:   41/100 │ Progress: ████████████████░░░░░░░░░░░░░░░░░░░░░░░░ │  41.0%                                  │
│ Elapsed: 12:54 │ ETA: 47:35 │ Step Time: 48.392s                                                                     │
├──────────────────────────────────────────────────────── Time ────────────────────────────────────────────────────────┤
│                                                                                                                      │
│actor/actor/recv_traj=19.361           │actor/actor/sync_model_to_rollout=0.411│actor/run_training=30.176             │
│cal_adv_and_returns=0.0025             │env/compute_bootstrap_rewards=8.20e-04 │env/env/bootstrap_step=7.064          │
│env/env/send_rollout_trajectories=0.480│env/env_interact_step=7.870            │env/interact=18.939                   │
│env/run_interact_once=18.939           │generate_rollouts=19.404               │rollout/generate_one_epoch=18.159     │
│rollout/predict=3.052                  │rollout/rollout/generate=18.160        │step=50.374                           │
│sync_weights=0.789                     │                                       │                                      │
│                                                                                                                      │
├──────────────────────────────────────────────────── Environment ─────────────────────────────────────────────────────┤
│                                                                                                                      │
│episode_len=200.0                      │num_trajectories=2                     │return=0.0                            │
│reward=0.0                             │success_once=0.0                       │                                      │
│                                                                                                                      │
├────────────────────────────────────────────────────── Rollout ───────────────────────────────────────────────────────┤
│                                                                                                                      │
│qam/global_inserts=20.000              │qam/global_total_inserts=808.0         │qam/local_inserts=10.000              │
│qam/local_replay_size=404.0            │                                       │                                      │
│                                                                                                                      │
├─────────────────────────────────────────────────── Training/Other ───────────────────────────────────────────────────┤
│                                                                                                                      │
│qam/am_enabled_next_update=0.0000      │qam/am_updates_run=0.0000              │qam/configured_phase=2.000            │
│qam/critic_grad_norm=1.631             │qam/critic_loss=0.054                  │qam/critic_updates=296.0              │
│qam/fine_policy_version=0.0000         │qam/fine_updates=0.0000                │qam/global_inserts=20.000             │
│qam/global_total_inserts=808.0         │qam/local_inserts=10.000               │qam/local_replay_size=404.0           │
│qam/pending_update_credit=0.0000       │qam/phase=1.000                        │qam/q_mean=-1.130                     │
│qam/q_only_anchor_global_inserts=512.0 │qam/q_std_heads=0.092                  │qam/replay_ready=1.000                │
│qam/td_target_mean=-1.138              │qam/updates_run=20.000                 │                                      │
│                                                                                                                      │
╰──────────────────────────────────────────────────────────────────────────────────────────────────────────────────────╯

[36m(RolloutGroup(rank=0) pid=212798)[0m Generating Rollout Epochs:   0%|          | 0/1 [00:00<?, ?it/s]
[36m(RolloutGroup(rank=0) pid=212798)[0m Generating Rollout Epochs: 100%|██████████| 1/1 [00:18<00:00, 18.24s/it]Generating Rollout Epochs: 100%|██████████| 1/1 [00:18<00:00, 18.24s/it]

╭──────────────────────────────────────────────────────────────────────────────────────────────────────────────────────╮
├──────────────────────────────────────────────────── Metric Table ────────────────────────────────────────────────────┤
│ Global Step:   42/100 │ Progress: ████████████████░░░░░░░░░░░░░░░░░░░░░░░░ │  42.0%                                  │
│ Elapsed: 13:44 │ ETA: 46:54 │ Step Time: 48.517s                                                                     │
├──────────────────────────────────────────────────────── Time ────────────────────────────────────────────────────────┤
│                                                                                                                      │
│actor/actor/recv_traj=19.259           │actor/actor/sync_model_to_rollout=0.405│actor/run_training=30.314             │
│cal_adv_and_returns=0.0027             │env/compute_bootstrap_rewards=8.26e-04 │env/env/bootstrap_step=7.251          │
│env/env/send_rollout_trajectories=0.455│env/env_interact_step=7.639            │env/interact=18.894                   │
│env/run_interact_once=18.894           │generate_rollouts=19.350               │rollout/generate_one_epoch=18.243     │
│rollout/predict=3.037                  │rollout/rollout/generate=18.244        │step=50.501                           │
│sync_weights=0.831                     │                                       │                                      │
│                                                                                                                      │
├──────────────────────────────────────────────────── Environment ─────────────────────────────────────────────────────┤
│                                                                                                                      │
│episode_len=200.0                      │num_trajectories=2                     │return=0.0                            │
│reward=0.0                             │success_once=0.0                       │                                      │
│                                                                                                                      │
├────────────────────────────────────────────────────── Rollout ───────────────────────────────────────────────────────┤
│                                                                                                                      │
│qam/global_inserts=20.000              │qam/global_total_inserts=828.0         │qam/local_inserts=10.000              │
│qam/local_replay_size=414.0            │                                       │                                      │
│                                                                                                                      │
├─────────────────────────────────────────────────── Training/Other ───────────────────────────────────────────────────┤
│                                                                                                                      │
│qam/am_enabled_next_update=0.0000      │qam/am_updates_run=0.0000              │qam/configured_phase=2.000            │
│qam/critic_grad_norm=1.764             │qam/critic_loss=0.045                  │qam/critic_updates=316.0              │
│qam/fine_policy_version=0.0000         │qam/fine_updates=0.0000                │qam/global_inserts=20.000             │
│qam/global_total_inserts=828.0         │qam/local_inserts=10.000               │qam/local_replay_size=414.0           │
│qam/pending_update_credit=0.0000       │qam/phase=1.000                        │qam/q_mean=-1.169                     │
│qam/q_only_anchor_global_inserts=512.0 │qam/q_std_heads=0.073                  │qam/replay_ready=1.000                │
│qam/td_target_mean=-1.142              │qam/updates_run=20.000                 │                                      │
│                                                                                                                      │
╰──────────────────────────────────────────────────────────────────────────────────────────────────────────────────────╯

[36m(RolloutGroup(rank=0) pid=212798)[0m Generating Rollout Epochs:   0%|          | 0/1 [00:00<?, ?it/s]
[36m(RolloutGroup(rank=0) pid=212798)[0m Generating Rollout Epochs: 100%|██████████| 1/1 [00:17<00:00, 17.74s/it]Generating Rollout Epochs: 100%|██████████| 1/1 [00:17<00:00, 17.74s/it]

╭──────────────────────────────────────────────────────────────────────────────────────────────────────────────────────╮
├──────────────────────────────────────────────────── Metric Table ────────────────────────────────────────────────────┤
│ Global Step:   43/100 │ Progress: █████████████████░░░░░░░░░░░░░░░░░░░░░░░ │  43.0%                                  │
│ Elapsed: 14:35 │ ETA: 46:12 │ Step Time: 48.636s                                                                     │
├──────────────────────────────────────────────────────── Time ────────────────────────────────────────────────────────┤
│                                                                                                                      │
│actor/actor/recv_traj=19.730           │actor/actor/sync_model_to_rollout=0.400│actor/run_training=30.043             │
│cal_adv_and_returns=0.0029             │env/compute_bootstrap_rewards=8.09e-04 │env/env/bootstrap_step=7.449          │
│env/env/send_rollout_trajectories=0.446│env/env_interact_step=7.868            │env/interact=19.311                   │
│env/run_interact_once=19.311           │generate_rollouts=19.829               │rollout/generate_one_epoch=18.613     │
│rollout/predict=3.015                  │rollout/rollout/generate=18.613        │step=50.634                           │
│sync_weights=0.756                     │                                       │                                      │
│                                                                                                                      │
├──────────────────────────────────────────────────── Environment ─────────────────────────────────────────────────────┤
│                                                                                                                      │
│episode_len=200.0                      │num_trajectories=2                     │return=0.0                            │
│reward=0.0                             │success_once=0.0                       │                                      │
│                                                                                                                      │
├────────────────────────────────────────────────────── Rollout ───────────────────────────────────────────────────────┤
│                                                                                                                      │
│qam/global_inserts=20.000              │qam/global_total_inserts=848.0         │qam/local_inserts=10.000              │
│qam/local_replay_size=424.0            │                                       │                                      │
│                                                                                                                      │
├─────────────────────────────────────────────────── Training/Other ───────────────────────────────────────────────────┤
│                                                                                                                      │
│qam/am_enabled_next_update=0.0000      │qam/am_updates_run=0.0000              │qam/configured_phase=2.000            │
│qam/critic_grad_norm=2.235             │qam/critic_loss=0.070                  │qam/critic_updates=336.0              │
│qam/fine_policy_version=0.0000         │qam/fine_updates=0.0000                │qam/global_inserts=20.000             │
│qam/global_total_inserts=848.0         │qam/local_inserts=10.000               │qam/local_replay_size=424.0           │
│qam/pending_update_credit=0.0000       │qam/phase=1.000                        │qam/q_mean=-1.056                     │
│qam/q_only_anchor_global_inserts=512.0 │qam/q_std_heads=0.109                  │qam/replay_ready=1.000                │
│qam/td_target_mean=-1.099              │qam/updates_run=20.000                 │                                      │
│                                                                                                                      │
╰──────────────────────────────────────────────────────────────────────────────────────────────────────────────────────╯

[36m(RolloutGroup(rank=0) pid=212798)[0m Generating Rollout Epochs:   0%|          | 0/1 [00:00<?, ?it/s]
[36m(RolloutGroup(rank=0) pid=212798)[0m Generating Rollout Epochs: 100%|██████████| 1/1 [00:17<00:00, 17.62s/it]Generating Rollout Epochs: 100%|██████████| 1/1 [00:17<00:00, 17.62s/it]

╭──────────────────────────────────────────────────────────────────────────────────────────────────────────────────────╮
├──────────────────────────────────────────────────── Metric Table ────────────────────────────────────────────────────┤
│ Global Step:   44/100 │ Progress: █████████████████░░░░░░░░░░░░░░░░░░░░░░░ │  44.0%                                  │
│ Elapsed: 15:25 │ ETA: 45:27 │ Step Time: 48.698s                                                                     │
├──────────────────────────────────────────────────────── Time ────────────────────────────────────────────────────────┤
│                                                                                                                      │
│actor/actor/recv_traj=18.691           │actor/actor/sync_model_to_rollout=0.400│actor/run_training=30.166             │
│cal_adv_and_returns=0.0025             │env/compute_bootstrap_rewards=7.79e-04 │env/env/bootstrap_step=6.833          │
│env/env/send_rollout_trajectories=0.381│env/env_interact_step=7.592            │env/interact=18.313                   │
│env/run_interact_once=18.313           │generate_rollouts=18.786               │rollout/generate_one_epoch=17.703     │
│rollout/predict=3.096                  │rollout/rollout/generate=17.703        │step=49.803                           │
│sync_weights=0.844                     │                                       │                                      │
│                                                                                                                      │
├──────────────────────────────────────────────────── Environment ─────────────────────────────────────────────────────┤
│                                                                                                                      │
│episode_len=200.0                      │num_trajectories=2                     │return=0.0                            │
│reward=0.0                             │success_once=0.0                       │                                      │
│                                                                                                                      │
├────────────────────────────────────────────────────── Rollout ───────────────────────────────────────────────────────┤
│                                                                                                                      │
│qam/global_inserts=20.000              │qam/global_total_inserts=868.0         │qam/local_inserts=10.000              │
│qam/local_replay_size=434.0            │                                       │                                      │
│                                                                                                                      │
├─────────────────────────────────────────────────── Training/Other ───────────────────────────────────────────────────┤
│                                                                                                                      │
│qam/am_enabled_next_update=0.0000      │qam/am_updates_run=0.0000              │qam/configured_phase=2.000            │
│qam/critic_grad_norm=1.503             │qam/critic_loss=0.042                  │qam/critic_updates=356.0              │
│qam/fine_policy_version=0.0000         │qam/fine_updates=0.0000                │qam/global_inserts=20.000             │
│qam/global_total_inserts=868.0         │qam/local_inserts=10.000               │qam/local_replay_size=434.0           │
│qam/pending_update_credit=0.0000       │qam/phase=1.000                        │qam/q_mean=-1.104                     │
│qam/q_only_anchor_global_inserts=512.0 │qam/q_std_heads=0.098                  │qam/replay_ready=1.000                │
│qam/td_target_mean=-1.099              │qam/updates_run=20.000                 │                                      │
│                                                                                                                      │
╰──────────────────────────────────────────────────────────────────────────────────────────────────────────────────────╯

[36m(RolloutGroup(rank=0) pid=212798)[0m Generating Rollout Epochs:   0%|          | 0/1 [00:00<?, ?it/s]
[36m(RolloutGroup(rank=0) pid=212798)[0m Generating Rollout Epochs: 100%|██████████| 1/1 [00:18<00:00, 18.47s/it]Generating Rollout Epochs: 100%|██████████| 1/1 [00:18<00:00, 18.47s/it]

╭──────────────────────────────────────────────────────────────────────────────────────────────────────────────────────╮
├──────────────────────────────────────────────────── Metric Table ────────────────────────────────────────────────────┤
│ Global Step:   45/100 │ Progress: ██████████████████░░░░░░░░░░░░░░░░░░░░░░ │  45.0%                                  │
│ Elapsed: 16:15 │ ETA: 44:43 │ Step Time: 48.795s                                                                     │
├──────────────────────────────────────────────────────── Time ────────────────────────────────────────────────────────┤
│                                                                                                                      │
│actor/actor/recv_traj=19.497           │actor/actor/sync_model_to_rollout=0.392│actor/run_training=30.288             │
│cal_adv_and_returns=0.0030             │env/compute_bootstrap_rewards=8.02e-04 │env/env/bootstrap_step=7.016          │
│env/env/send_rollout_trajectories=0.433│env/env_interact_step=8.004            │env/interact=19.120                   │
│env/run_interact_once=19.120           │generate_rollouts=19.593               │rollout/generate_one_epoch=18.470     │
│rollout/predict=3.102                  │rollout/rollout/generate=18.470        │step=50.616                           │
│sync_weights=0.729                     │                                       │                                      │
│                                                                                                                      │
├──────────────────────────────────────────────────── Environment ─────────────────────────────────────────────────────┤
│                                                                                                                      │
│episode_len=200.0                      │num_trajectories=2                     │return=0.0                            │
│reward=0.0                             │success_once=0.0                       │                                      │
│                                                                                                                      │
├────────────────────────────────────────────────────── Rollout ───────────────────────────────────────────────────────┤
│                                                                                                                      │
│qam/global_inserts=20.000              │qam/global_total_inserts=888.0         │qam/local_inserts=10.000              │
│qam/local_replay_size=444.0            │                                       │                                      │
│                                                                                                                      │
├─────────────────────────────────────────────────── Training/Other ───────────────────────────────────────────────────┤
│                                                                                                                      │
│qam/am_enabled_next_update=0.0000      │qam/am_updates_run=0.0000              │qam/configured_phase=2.000            │
│qam/critic_grad_norm=1.098             │qam/critic_loss=0.030                  │qam/critic_updates=376.0              │
│qam/fine_policy_version=0.0000         │qam/fine_updates=0.0000                │qam/global_inserts=20.000             │
│qam/global_total_inserts=888.0         │qam/local_inserts=10.000               │qam/local_replay_size=444.0           │
│qam/pending_update_credit=0.0000       │qam/phase=1.000                        │qam/q_mean=-1.095                     │
│qam/q_only_anchor_global_inserts=512.0 │qam/q_std_heads=0.070                  │qam/replay_ready=1.000                │
│qam/td_target_mean=-1.103              │qam/updates_run=20.000                 │                                      │
│                                                                                                                      │
╰──────────────────────────────────────────────────────────────────────────────────────────────────────────────────────╯

[36m(RolloutGroup(rank=0) pid=212798)[0m Generating Rollout Epochs:   0%|          | 0/1 [00:00<?, ?it/s]
[36m(RolloutGroup(rank=0) pid=212798)[0m Generating Rollout Epochs: 100%|██████████| 1/1 [00:18<00:00, 18.32s/it]Generating Rollout Epochs: 100%|██████████| 1/1 [00:18<00:00, 18.32s/it]

╭──────────────────────────────────────────────────────────────────────────────────────────────────────────────────────╮
├──────────────────────────────────────────────────── Metric Table ────────────────────────────────────────────────────┤
│ Global Step:   46/100 │ Progress: ██████████████████░░░░░░░░░░░░░░░░░░░░░░ │  46.0%                                  │
│ Elapsed: 17:06 │ ETA: 43:59 │ Step Time: 48.881s                                                                     │
├──────────────────────────────────────────────────────── Time ────────────────────────────────────────────────────────┤
│                                                                                                                      │
│actor/actor/recv_traj=19.479           │actor/actor/sync_model_to_rollout=0.418│actor/run_training=30.105             │
│cal_adv_and_returns=0.0028             │env/compute_bootstrap_rewards=7.51e-04 │env/env/bootstrap_step=7.106          │
│env/env/send_rollout_trajectories=0.457│env/env_interact_step=7.889            │env/interact=19.097                   │
│env/run_interact_once=19.097           │generate_rollouts=19.573               │rollout/generate_one_epoch=18.320     │
│rollout/predict=2.991                  │rollout/rollout/generate=18.320        │step=50.568                           │
│sync_weights=0.883                     │                                       │                                      │
│                                                                                                                      │
├──────────────────────────────────────────────────── Environment ─────────────────────────────────────────────────────┤
│                                                                                                                      │
│episode_len=200.0                      │num_trajectories=2                     │return=0.0                            │
│reward=0.0                             │success_once=0.0                       │                                      │
│                                                                                                                      │
├────────────────────────────────────────────────────── Rollout ───────────────────────────────────────────────────────┤
│                                                                                                                      │
│qam/global_inserts=20.000              │qam/global_total_inserts=908.0         │qam/local_inserts=10.000              │
│qam/local_replay_size=454.0            │                                       │                                      │
│                                                                                                                      │
├─────────────────────────────────────────────────── Training/Other ───────────────────────────────────────────────────┤
│                                                                                                                      │
│qam/am_enabled_next_update=0.0000      │qam/am_updates_run=0.0000              │qam/configured_phase=2.000            │
│qam/critic_grad_norm=1.367             │qam/critic_loss=0.034                  │qam/critic_updates=396.0              │
│qam/fine_policy_version=0.0000         │qam/fine_updates=0.0000                │qam/global_inserts=20.000             │
│qam/global_total_inserts=908.0         │qam/local_inserts=10.000               │qam/local_replay_size=454.0           │
│qam/pending_update_credit=0.0000       │qam/phase=1.000                        │qam/q_mean=-1.059                     │
│qam/q_only_anchor_global_inserts=512.0 │qam/q_std_heads=0.083                  │qam/replay_ready=1.000                │
│qam/td_target_mean=-1.058              │qam/updates_run=20.000                 │                                      │
│                                                                                                                      │
╰──────────────────────────────────────────────────────────────────────────────────────────────────────────────────────╯

[36m(RolloutGroup(rank=0) pid=212798)[0m Generating Rollout Epochs:   0%|          | 0/1 [00:00<?, ?it/s]
[36m(RolloutGroup(rank=0) pid=212798)[0m Generating Rollout Epochs: 100%|██████████| 1/1 [00:17<00:00, 17.74s/it]Generating Rollout Epochs: 100%|██████████| 1/1 [00:17<00:00, 17.74s/it]

╭──────────────────────────────────────────────────────────────────────────────────────────────────────────────────────╮
├──────────────────────────────────────────────────── Metric Table ────────────────────────────────────────────────────┤
│ Global Step:   47/100 │ Progress: ██████████████████░░░░░░░░░░░░░░░░░░░░░░ │  47.0%                                  │
│ Elapsed: 17:56 │ ETA: 43:13 │ Step Time: 48.926s                                                                     │
├──────────────────────────────────────────────────────── Time ────────────────────────────────────────────────────────┤
│                                                                                                                      │
│actor/actor/recv_traj=18.886           │actor/actor/sync_model_to_rollout=0.394│actor/run_training=30.072             │
│cal_adv_and_returns=0.0028             │env/compute_bootstrap_rewards=8.21e-04 │env/env/bootstrap_step=6.856          │
│env/env/send_rollout_trajectories=0.477│env/env_interact_step=7.681            │env/interact=18.507                   │
│env/run_interact_once=18.507           │generate_rollouts=18.980               │rollout/generate_one_epoch=17.737     │
│rollout/predict=2.940                  │rollout/rollout/generate=17.737        │step=49.855                           │
│sync_weights=0.797                     │                                       │                                      │
│                                                                                                                      │
├──────────────────────────────────────────────────── Environment ─────────────────────────────────────────────────────┤
│                                                                                                                      │
│episode_len=200.0                      │num_trajectories=2                     │return=0.0                            │
│reward=0.0                             │success_once=0.0                       │                                      │
│                                                                                                                      │
├────────────────────────────────────────────────────── Rollout ───────────────────────────────────────────────────────┤
│                                                                                                                      │
│qam/global_inserts=20.000              │qam/global_total_inserts=928.0         │qam/local_inserts=10.000              │
│qam/local_replay_size=464.0            │                                       │                                      │
│                                                                                                                      │
├─────────────────────────────────────────────────── Training/Other ───────────────────────────────────────────────────┤
│                                                                                                                      │
│qam/am_enabled_next_update=0.0000      │qam/am_updates_run=0.0000              │qam/configured_phase=2.000            │
│qam/critic_grad_norm=1.436             │qam/critic_loss=0.034                  │qam/critic_updates=416.0              │
│qam/fine_policy_version=0.0000         │qam/fine_updates=0.0000                │qam/global_inserts=20.000             │
│qam/global_total_inserts=928.0         │qam/local_inserts=10.000               │qam/local_replay_size=464.0           │
│qam/pending_update_credit=0.0000       │qam/phase=1.000                        │qam/q_mean=-1.040                     │
│qam/q_only_anchor_global_inserts=512.0 │qam/q_std_heads=0.087                  │qam/replay_ready=1.000                │
│qam/td_target_mean=-1.039              │qam/updates_run=20.000                 │                                      │
│                                                                                                                      │
╰──────────────────────────────────────────────────────────────────────────────────────────────────────────────────────╯

[36m(RolloutGroup(rank=0) pid=212798)[0m Generating Rollout Epochs:   0%|          | 0/1 [00:00<?, ?it/s]
[36m(RolloutGroup(rank=0) pid=212798)[0m Generating Rollout Epochs: 100%|██████████| 1/1 [00:17<00:00, 17.62s/it]Generating Rollout Epochs: 100%|██████████| 1/1 [00:17<00:00, 17.62s/it]

╭──────────────────────────────────────────────────────────────────────────────────────────────────────────────────────╮
├──────────────────────────────────────────────────── Metric Table ────────────────────────────────────────────────────┤
│ Global Step:   48/100 │ Progress: ███████████████████░░░░░░░░░░░░░░░░░░░░░ │  48.0%                                  │
│ Elapsed: 18:46 │ ETA: 42:25 │ Step Time: 48.961s                                                                     │
├──────────────────────────────────────────────────────── Time ────────────────────────────────────────────────────────┤
│                                                                                                                      │
│actor/actor/recv_traj=18.766           │actor/actor/sync_model_to_rollout=0.403│actor/run_training=30.026             │
│cal_adv_and_returns=0.0033             │env/compute_bootstrap_rewards=7.63e-04 │env/env/bootstrap_step=6.800          │
│env/env/send_rollout_trajectories=0.417│env/env_interact_step=7.526            │env/interact=18.378                   │
│env/run_interact_once=18.378           │generate_rollouts=18.857               │rollout/generate_one_epoch=17.709     │
│rollout/predict=3.015                  │rollout/rollout/generate=17.709        │step=49.722                           │
│sync_weights=0.833                     │                                       │                                      │
│                                                                                                                      │
├──────────────────────────────────────────────────── Environment ─────────────────────────────────────────────────────┤
│                                                                                                                      │
│episode_len=200.0                      │num_trajectories=2                     │return=0.0                            │
│reward=0.0                             │success_once=0.0                       │                                      │
│                                                                                                                      │
├────────────────────────────────────────────────────── Rollout ───────────────────────────────────────────────────────┤
│                                                                                                                      │
│qam/global_inserts=20.000              │qam/global_total_inserts=948.0         │qam/local_inserts=10.000              │
│qam/local_replay_size=474.0            │                                       │                                      │
│                                                                                                                      │
├─────────────────────────────────────────────────── Training/Other ───────────────────────────────────────────────────┤
│                                                                                                                      │
│qam/am_enabled_next_update=0.0000      │qam/am_updates_run=0.0000              │qam/configured_phase=2.000            │
│qam/critic_grad_norm=0.910             │qam/critic_loss=0.026                  │qam/critic_updates=436.0              │
│qam/fine_policy_version=0.0000         │qam/fine_updates=0.0000                │qam/global_inserts=20.000             │
│qam/global_total_inserts=948.0         │qam/local_inserts=10.000               │qam/local_replay_size=474.0           │
│qam/pending_update_credit=0.0000       │qam/phase=1.000                        │qam/q_mean=-1.028                     │
│qam/q_only_anchor_global_inserts=512.0 │qam/q_std_heads=0.065                  │qam/replay_ready=1.000                │
│qam/td_target_mean=-1.029              │qam/updates_run=20.000                 │                                      │
│                                                                                                                      │
╰──────────────────────────────────────────────────────────────────────────────────────────────────────────────────────╯

[36m(RolloutGroup(rank=0) pid=212798)[0m Generating Rollout Epochs:   0%|          | 0/1 [00:00<?, ?it/s]
[36m(RolloutGroup(rank=0) pid=212798)[0m Generating Rollout Epochs: 100%|██████████| 1/1 [00:18<00:00, 18.16s/it]Generating Rollout Epochs: 100%|██████████| 1/1 [00:18<00:00, 18.16s/it]

╭──────────────────────────────────────────────────────────────────────────────────────────────────────────────────────╮
├──────────────────────────────────────────────────── Metric Table ────────────────────────────────────────────────────┤
│ Global Step:   49/100 │ Progress: ███████████████████░░░░░░░░░░░░░░░░░░░░░ │  49.0%                                  │
│ Elapsed: 19:36 │ ETA: 41:40 │ Step Time: 49.026s                                                                     │
├──────────────────────────────────────────────────────── Time ────────────────────────────────────────────────────────┤
│                                                                                                                      │
│actor/actor/recv_traj=19.313           │actor/actor/sync_model_to_rollout=0.403│actor/run_training=30.325             │
│cal_adv_and_returns=0.0027             │env/compute_bootstrap_rewards=7.72e-04 │env/env/bootstrap_step=7.032          │
│env/env/send_rollout_trajectories=0.474│env/env_interact_step=8.016            │env/interact=18.920                   │
│env/run_interact_once=18.920           │generate_rollouts=19.405               │rollout/generate_one_epoch=18.275     │
│rollout/predict=3.075                  │rollout/rollout/generate=18.275        │step=50.489                           │
│sync_weights=0.752                     │                                       │                                      │
│                                                                                                                      │
├──────────────────────────────────────────────────── Environment ─────────────────────────────────────────────────────┤
│                                                                                                                      │
│episode_len=200.0                      │num_trajectories=2                     │return=0.0                            │
│reward=0.0                             │success_once=0.0                       │                                      │
│                                                                                                                      │
├────────────────────────────────────────────────────── Rollout ───────────────────────────────────────────────────────┤
│                                                                                                                      │
│qam/global_inserts=20.000              │qam/global_total_inserts=968.0         │qam/local_inserts=10.000              │
│qam/local_replay_size=484.0            │                                       │                                      │
│                                                                                                                      │
├─────────────────────────────────────────────────── Training/Other ───────────────────────────────────────────────────┤
│                                                                                                                      │
│qam/am_enabled_next_update=0.0000      │qam/am_updates_run=0.0000              │qam/configured_phase=2.000            │
│qam/critic_grad_norm=1.162             │qam/critic_loss=0.032                  │qam/critic_updates=456.0              │
│qam/fine_policy_version=0.0000         │qam/fine_updates=0.0000                │qam/global_inserts=20.000             │
│qam/global_total_inserts=968.0         │qam/local_inserts=10.000               │qam/local_replay_size=484.0           │
│qam/pending_update_credit=0.0000       │qam/phase=1.000                        │qam/q_mean=-1.001                     │
│qam/q_only_anchor_global_inserts=512.0 │qam/q_std_heads=0.053                  │qam/replay_ready=1.000                │
│qam/td_target_mean=-1.003              │qam/updates_run=20.000                 │                                      │
│                                                                                                                      │
╰──────────────────────────────────────────────────────────────────────────────────────────────────────────────────────╯

[36m(RolloutGroup(rank=0) pid=212798)[0m Generating Rollout Epochs:   0%|          | 0/1 [00:00<?, ?it/s]
[36m(RolloutGroup(rank=0) pid=212798)[0m Generating Rollout Epochs: 100%|██████████| 1/1 [00:18<00:00, 18.36s/it]Generating Rollout Epochs: 100%|██████████| 1/1 [00:18<00:00, 18.36s/it]
[INFO 01:29:07 RLinf] Saving checkpoint at step 50.

╭──────────────────────────────────────────────────────────────────────────────────────────────────────────────────────╮
├──────────────────────────────────────────────────── Metric Table ────────────────────────────────────────────────────┤
│ Global Step:   50/100 │ Progress: ████████████████████░░░░░░░░░░░░░░░░░░░░ │  50.0%                                  │
│ Elapsed: 20:46 │ ETA: 41:32 │ Step Time: 49.849s                                                                     │
├──────────────────────────────────────────────────────── Time ────────────────────────────────────────────────────────┤
│                                                                                                                      │
│actor/actor/recv_traj=19.521           │actor/actor/sync_model_to_rollout=0.407│actor/run_training=30.412             │
│cal_adv_and_returns=0.0028             │env/compute_bootstrap_rewards=7.72e-04 │env/env/bootstrap_step=7.084          │
│env/env/send_rollout_trajectories=0.418│env/env_interact_step=7.911            │env/interact=19.112                   │
│env/run_interact_once=19.112           │generate_rollouts=19.615               │rollout/generate_one_epoch=18.359     │
│rollout/predict=3.019                  │rollout/rollout/generate=18.360        │step=69.600                           │
│sync_weights=0.804                     │                                       │                                      │
│                                                                                                                      │
├──────────────────────────────────────────────────── Environment ─────────────────────────────────────────────────────┤
│                                                                                                                      │
│episode_len=200.0                      │num_trajectories=2                     │return=0.0                            │
│reward=0.0                             │success_once=0.0                       │                                      │
│                                                                                                                      │
├────────────────────────────────────────────────────── Rollout ───────────────────────────────────────────────────────┤
│                                                                                                                      │
│qam/global_inserts=20.000              │qam/global_total_inserts=988.0         │qam/local_inserts=10.000              │
│qam/local_replay_size=494.0            │                                       │                                      │
│                                                                                                                      │
├─────────────────────────────────────────────────── Training/Other ───────────────────────────────────────────────────┤
│                                                                                                                      │
│qam/am_enabled_next_update=0.0000      │qam/am_updates_run=0.0000              │qam/configured_phase=2.000            │
│qam/critic_grad_norm=1.478             │qam/critic_loss=0.043                  │qam/critic_updates=476.0              │
│qam/fine_policy_version=0.0000         │qam/fine_updates=0.0000                │qam/global_inserts=20.000             │
│qam/global_total_inserts=988.0         │qam/local_inserts=10.000               │qam/local_replay_size=494.0           │
│qam/pending_update_credit=0.0000       │qam/phase=1.000                        │qam/q_mean=-0.998                     │
│qam/q_only_anchor_global_inserts=512.0 │qam/q_std_heads=0.086                  │qam/replay_ready=1.000                │
│qam/td_target_mean=-0.995              │qam/updates_run=20.000                 │                                      │
│                                                                                                                      │
╰──────────────────────────────────────────────────────────────────────────────────────────────────────────────────────╯

[36m(RolloutGroup(rank=0) pid=212798)[0m Generating Rollout Epochs:   0%|          | 0/1 [00:00<?, ?it/s]
[36m(RolloutGroup(rank=0) pid=212798)[0m Generating Rollout Epochs: 100%|██████████| 1/1 [00:18<00:00, 18.15s/it]Generating Rollout Epochs: 100%|██████████| 1/1 [00:18<00:00, 18.15s/it]

╭──────────────────────────────────────────────────────────────────────────────────────────────────────────────────────╮
├──────────────────────────────────────────────────── Metric Table ────────────────────────────────────────────────────┤
│ Global Step:   51/100 │ Progress: ████████████████████░░░░░░░░░░░░░░░░░░░░ │  51.0%                                  │
│ Elapsed: 21:34 │ ETA: 40:40 │ Step Time: 49.806s                                                                     │
├──────────────────────────────────────────────────────── Time ────────────────────────────────────────────────────────┤
│                                                                                                                      │
│actor/actor/recv_traj=19.257           │actor/actor/sync_model_to_rollout=0.372│actor/run_training=28.577             │
│cal_adv_and_returns=0.0028             │env/compute_bootstrap_rewards=7.58e-04 │env/env/bootstrap_step=7.088          │
│env/env/send_rollout_trajectories=0.408│env/env_interact_step=7.914            │env/interact=18.890                   │
│env/run_interact_once=18.890           │generate_rollouts=19.353               │rollout/generate_one_epoch=18.154     │
│rollout/predict=3.015                  │rollout/rollout/generate=18.155        │step=48.704                           │
│sync_weights=0.768                     │                                       │                                      │
│                                                                                                                      │
├──────────────────────────────────────────────────── Environment ─────────────────────────────────────────────────────┤
│                                                                                                                      │
│episode_len=200.0                      │num_trajectories=2                     │return=0.5                            │
│reward=0.0025                          │success_once=0.5                       │                                      │
│                                                                                                                      │
├────────────────────────────────────────────────────── Rollout ───────────────────────────────────────────────────────┤
│                                                                                                                      │
│qam/global_inserts=19.000              │qam/global_total_inserts=1007.0        │qam/local_inserts=9.500               │
│qam/local_replay_size=503.5            │                                       │                                      │
│                                                                                                                      │
├─────────────────────────────────────────────────── Training/Other ───────────────────────────────────────────────────┤
│                                                                                                                      │
│qam/am_enabled_next_update=0.0000      │qam/am_updates_run=0.0000              │qam/configured_phase=2.000            │
│qam/critic_grad_norm=1.032             │qam/critic_loss=0.025                  │qam/critic_updates=495.0              │
│qam/fine_policy_version=0.0000         │qam/fine_updates=0.0000                │qam/global_inserts=19.000             │
│qam/global_total_inserts=1007.0        │qam/local_inserts=9.500                │qam/local_replay_size=503.5           │
│qam/pending_update_credit=0.0000       │qam/phase=1.000                        │qam/q_mean=-0.954                     │
│qam/q_only_anchor_global_inserts=512.0 │qam/q_std_heads=0.072                  │qam/replay_ready=1.000                │
│qam/td_target_mean=-0.955              │qam/updates_run=19.000                 │                                      │
│                                                                                                                      │
╰──────────────────────────────────────────────────────────────────────────────────────────────────────────────────────╯

[36m(RolloutGroup(rank=0) pid=212798)[0m Generating Rollout Epochs:   0%|          | 0/1 [00:00<?, ?it/s]
[36m(RolloutGroup(rank=0) pid=212798)[0m Generating Rollout Epochs: 100%|██████████| 1/1 [00:18<00:00, 18.33s/it]Generating Rollout Epochs: 100%|██████████| 1/1 [00:18<00:00, 18.34s/it]

╭──────────────────────────────────────────────────────────────────────────────────────────────────────────────────────╮
├──────────────────────────────────────────────────── Metric Table ────────────────────────────────────────────────────┤
│ Global Step:   52/100 │ Progress: ████████████████████░░░░░░░░░░░░░░░░░░░░ │  52.0%                                  │
│ Elapsed: 22:41 │ ETA: 40:21 │ Step Time: 50.439s                                                                     │
├──────────────────────────────────────────────────────── Time ────────────────────────────────────────────────────────┤
│                                                                                                                      │
│actor/actor/recv_traj=19.339           │actor/actor/sync_model_to_rollout=0.406│actor/run_training=46.661             │
│cal_adv_and_returns=0.0029             │env/compute_bootstrap_rewards=7.79e-04 │env/env/bootstrap_step=6.991          │
│env/env/send_rollout_trajectories=0.474│env/env_interact_step=7.822            │env/interact=18.999                   │
│env/run_interact_once=18.999           │generate_rollouts=19.434               │rollout/generate_one_epoch=18.335     │
│rollout/predict=3.166                  │rollout/rollout/generate=18.335        │step=66.868                           │
│sync_weights=0.766                     │                                       │                                      │
│                                                                                                                      │
├──────────────────────────────────────────────────── Environment ─────────────────────────────────────────────────────┤
│                                                                                                                      │
│episode_len=200.0                      │num_trajectories=2                     │return=0.0                            │
│reward=0.0                             │success_once=0.0                       │                                      │
│                                                                                                                      │
├────────────────────────────────────────────────────── Rollout ───────────────────────────────────────────────────────┤
│                                                                                                                      │
│qam/global_inserts=20.000              │qam/global_total_inserts=1027.0        │qam/local_inserts=10.000              │
│qam/local_replay_size=513.5            │                                       │                                      │
│                                                                                                                      │
├─────────────────────────────────────────────────── Training/Other ───────────────────────────────────────────────────┤
│                                                                                                                      │
│qam/am_enabled_next_update=1.000       │qam/am_loss=97.490                     │qam/am_updates_run=3.000              │
│qam/configured_phase=2.000             │qam/critic_grad_norm=1.082             │qam/critic_loss=0.023                 │
│qam/critic_updates=515.0               │qam/fine_grad_norm=1.95e+04            │qam/fine_lr=2.00e-05                  │
│qam/fine_policy_version=3.000          │qam/fine_updates=3.000                 │qam/global_inserts=20.000             │
│qam/global_total_inserts=1027.0        │qam/local_inserts=10.000               │qam/local_replay_size=513.5           │
│qam/pending_update_credit=0.0000       │qam/phase=2.000                        │qam/prefix_roundtrip_max_relative_l2=…│
│qam/prefix_roundtrip_mean_abs=0.0086   │qam/prefix_roundtrip_min_cosine=1.000  │qam/q_mean=-0.935                     │
│qam/q_only_anchor_global_inserts=512.0 │qam/q_std_heads=0.053                  │qam/replay_ready=1.000                │
│qam/td_target_mean=-0.938              │qam/terminal_adjoint_norm=0.0094       │qam/updates_run=20.000                │
│                                                                                                                      │
╰──────────────────────────────────────────────────────────────────────────────────────────────────────────────────────╯

[36m(RolloutGroup(rank=0) pid=212798)[0m Generating Rollout Epochs:   0%|          | 0/1 [00:00<?, ?it/s]
[36m(RolloutGroup(rank=0) pid=212798)[0m Generating Rollout Epochs: 100%|██████████| 1/1 [00:18<00:00, 18.36s/it]Generating Rollout Epochs: 100%|██████████| 1/1 [00:18<00:00, 18.36s/it]

╭──────────────────────────────────────────────────────────────────────────────────────────────────────────────────────╮
├──────────────────────────────────────────────────── Metric Table ────────────────────────────────────────────────────┤
│ Global Step:   53/100 │ Progress: █████████████████████░░░░░░░░░░░░░░░░░░░ │  53.0%                                  │
│ Elapsed: 25:23 │ ETA: 42:38 │ Step Time: 54.427s                                                                     │
├──────────────────────────────────────────────────────── Time ────────────────────────────────────────────────────────┤
│                                                                                                                      │
│actor/actor/recv_traj=19.329           │actor/actor/sync_model_to_rollout=0.725│actor/run_training=141.3              │
│cal_adv_and_returns=0.0027             │env/compute_bootstrap_rewards=7.63e-04 │env/env/bootstrap_step=7.243          │
│env/env/send_rollout_trajectories=0.466│env/env_interact_step=7.617            │env/interact=18.996                   │
│env/run_interact_once=18.996           │generate_rollouts=19.444               │rollout/generate_one_epoch=18.355     │
│rollout/predict=3.179                  │rollout/rollout/generate=18.356        │step=162.1                            │
│sync_weights=1.321                     │                                       │                                      │
│                                                                                                                      │
├──────────────────────────────────────────────────── Environment ─────────────────────────────────────────────────────┤
│                                                                                                                      │
│episode_len=200.0                      │num_trajectories=2                     │return=0.5                            │
│reward=0.0025                          │success_once=0.5                       │                                      │
│                                                                                                                      │
├────────────────────────────────────────────────────── Rollout ───────────────────────────────────────────────────────┤
│                                                                                                                      │
│qam/global_inserts=20.000              │qam/global_total_inserts=1047.0        │qam/local_inserts=10.000              │
│qam/local_replay_size=523.5            │                                       │                                      │
│                                                                                                                      │
├─────────────────────────────────────────────────── Training/Other ───────────────────────────────────────────────────┤
│                                                                                                                      │
│qam/am_enabled_next_update=1.000       │qam/am_loss=42.439                     │qam/am_updates_run=20.000             │
│qam/configured_phase=2.000             │qam/critic_grad_norm=1.078             │qam/critic_loss=0.031                 │
│qam/critic_updates=535.0               │qam/fine_grad_norm=1.22e+04            │qam/fine_lr=2.00e-05                  │
│qam/fine_policy_version=23.000         │qam/fine_updates=23.000                │qam/global_inserts=20.000             │
│qam/global_total_inserts=1047.0        │qam/local_inserts=10.000               │qam/local_replay_size=523.5           │
│qam/pending_update_credit=0.0000       │qam/phase=2.000                        │qam/prefix_roundtrip_max_relative_l2=…│
│qam/prefix_roundtrip_mean_abs=0.0085   │qam/prefix_roundtrip_min_cosine=1.000  │qam/q_mean=-0.917                     │
│qam/q_only_anchor_global_inserts=512.0 │qam/q_std_heads=0.055                  │qam/replay_ready=1.000                │
│qam/td_target_mean=-0.914              │qam/terminal_adjoint_norm=0.010        │qam/updates_run=20.000                │
│                                                                                                                      │
╰──────────────────────────────────────────────────────────────────────────────────────────────────────────────────────╯

[36m(RolloutGroup(rank=0) pid=212798)[0m Generating Rollout Epochs:   0%|          | 0/1 [00:00<?, ?it/s]
[36m(RolloutGroup(rank=0) pid=212798)[0m Generating Rollout Epochs: 100%|██████████| 1/1 [00:17<00:00, 17.41s/it]Generating Rollout Epochs: 100%|██████████| 1/1 [00:17<00:00, 17.41s/it]

╭──────────────────────────────────────────────────────────────────────────────────────────────────────────────────────╮
├──────────────────────────────────────────────────── Metric Table ────────────────────────────────────────────────────┤
│ Global Step:   54/100 │ Progress: █████████████████████░░░░░░░░░░░░░░░░░░░ │  54.0%                                  │
│ Elapsed: 27:58 │ ETA: 44:21 │ Step Time: 57.863s                                                                     │
├──────────────────────────────────────────────────────── Time ────────────────────────────────────────────────────────┤
│                                                                                                                      │
│actor/actor/recv_traj=18.617           │actor/actor/sync_model_to_rollout=0.706│actor/run_training=134.0              │
│cal_adv_and_returns=0.0026             │env/compute_bootstrap_rewards=7.72e-04 │env/env/bootstrap_step=6.982          │
│env/env/send_rollout_trajectories=0.486│env/env_interact_step=7.363            │env/interact=18.198                   │
│env/run_interact_once=18.198           │generate_rollouts=18.710               │rollout/generate_one_epoch=17.407     │
│rollout/predict=3.018                  │rollout/rollout/generate=17.408        │step=154.1                            │
│sync_weights=1.313                     │                                       │                                      │
│                                                                                                                      │
├──────────────────────────────────────────────────── Environment ─────────────────────────────────────────────────────┤
│                                                                                                                      │
│episode_len=200.0                      │num_trajectories=2                     │return=0.5                            │
│reward=0.0025                          │success_once=0.5                       │                                      │
│                                                                                                                      │
├────────────────────────────────────────────────────── Rollout ───────────────────────────────────────────────────────┤
│                                                                                                                      │
│qam/global_inserts=19.000              │qam/global_total_inserts=1066.0        │qam/local_inserts=9.500               │
│qam/local_replay_size=533.0            │                                       │                                      │
│                                                                                                                      │
├─────────────────────────────────────────────────── Training/Other ───────────────────────────────────────────────────┤
│                                                                                                                      │
│qam/am_enabled_next_update=1.000       │qam/am_loss=8.990                      │qam/am_updates_run=19.000             │
│qam/configured_phase=2.000             │qam/critic_grad_norm=1.342             │qam/critic_loss=0.041                 │
│qam/critic_updates=554.0               │qam/fine_grad_norm=4725.6              │qam/fine_lr=2.00e-05                  │
│qam/fine_policy_version=42.000         │qam/fine_updates=42.000                │qam/global_inserts=19.000             │
│qam/global_total_inserts=1066.0        │qam/local_inserts=9.500                │qam/local_replay_size=533.0           │
│qam/pending_update_credit=0.0000       │qam/phase=2.000                        │qam/prefix_roundtrip_max_relative_l2=…│
│qam/prefix_roundtrip_mean_abs=0.0085   │qam/prefix_roundtrip_min_cosine=1.000  │qam/q_mean=-0.907                     │
│qam/q_only_anchor_global_inserts=512.0 │qam/q_std_heads=0.069                  │qam/replay_ready=1.000                │
│qam/td_target_mean=-0.901              │qam/terminal_adjoint_norm=0.0097       │qam/updates_run=19.000                │
│                                                                                                                      │
╰──────────────────────────────────────────────────────────────────────────────────────────────────────────────────────╯

[36m(RolloutGroup(rank=0) pid=212798)[0m Generating Rollout Epochs:   0%|          | 0/1 [00:00<?, ?it/s]
[36m(RolloutGroup(rank=0) pid=212798)[0m Generating Rollout Epochs: 100%|██████████| 1/1 [00:17<00:00, 17.54s/it]Generating Rollout Epochs: 100%|██████████| 1/1 [00:17<00:00, 17.54s/it]

╭──────────────────────────────────────────────────────────────────────────────────────────────────────────────────────╮
├──────────────────────────────────────────────────── Metric Table ────────────────────────────────────────────────────┤
│ Global Step:   55/100 │ Progress: ██████████████████████░░░░░░░░░░░░░░░░░░ │  55.0%                                  │
│ Elapsed: 30:32 │ ETA: 45:48 │ Step Time: 61.074s                                                                     │
├──────────────────────────────────────────────────────── Time ────────────────────────────────────────────────────────┤
│                                                                                                                      │
│actor/actor/recv_traj=19.173           │actor/actor/sync_model_to_rollout=0.660│actor/run_training=133.7              │
│cal_adv_and_returns=0.0028             │env/compute_bootstrap_rewards=7.62e-04 │env/env/bootstrap_step=7.080          │
│env/env/send_rollout_trajectories=0.471│env/env_interact_step=7.740            │env/interact=18.745                   │
│env/run_interact_once=18.745           │generate_rollouts=19.264               │rollout/generate_one_epoch=18.014     │
│rollout/predict=3.012                  │rollout/rollout/generate=18.014        │step=154.2                            │
│sync_weights=1.219                     │                                       │                                      │
│                                                                                                                      │
├──────────────────────────────────────────────────── Environment ─────────────────────────────────────────────────────┤
│                                                                                                                      │
│episode_len=200.0                      │num_trajectories=2                     │return=0.5                            │
│reward=0.0025                          │success_once=0.5                       │                                      │
│                                                                                                                      │
├────────────────────────────────────────────────────── Rollout ───────────────────────────────────────────────────────┤
│                                                                                                                      │
│qam/global_inserts=19.000              │qam/global_total_inserts=1085.0        │qam/local_inserts=9.500               │
│qam/local_replay_size=542.5            │                                       │                                      │
│                                                                                                                      │
├─────────────────────────────────────────────────── Training/Other ───────────────────────────────────────────────────┤
│                                                                                                                      │
│qam/am_enabled_next_update=1.000       │qam/am_loss=6.437                      │qam/am_updates_run=19.000             │
│qam/configured_phase=2.000             │qam/critic_grad_norm=1.080             │qam/critic_loss=0.029                 │
│qam/critic_updates=573.0               │qam/fine_grad_norm=4033.8              │qam/fine_lr=2.00e-05                  │
│qam/fine_policy_version=61.000         │qam/fine_updates=61.000                │qam/global_inserts=19.000             │
│qam/global_total_inserts=1085.0        │qam/local_inserts=9.500                │qam/local_replay_size=542.5           │
│qam/pending_update_credit=0.0000       │qam/phase=2.000                        │qam/prefix_roundtrip_max_relative_l2=…│
│qam/prefix_roundtrip_mean_abs=0.0084   │qam/prefix_roundtrip_min_cosine=1.000  │qam/q_mean=-0.876                     │
│qam/q_only_anchor_global_inserts=512.0 │qam/q_std_heads=0.066                  │qam/replay_ready=1.000                │
│qam/td_target_mean=-0.870              │qam/terminal_adjoint_norm=0.010        │qam/updates_run=19.000                │
│                                                                                                                      │
╰──────────────────────────────────────────────────────────────────────────────────────────────────────────────────────╯

[36m(RolloutGroup(rank=0) pid=212798)[0m Generating Rollout Epochs:   0%|          | 0/1 [00:00<?, ?it/s]
[36m(RolloutGroup(rank=0) pid=212798)[0m Generating Rollout Epochs: 100%|██████████| 1/1 [00:18<00:00, 18.45s/it]Generating Rollout Epochs: 100%|██████████| 1/1 [00:18<00:00, 18.45s/it]

╭──────────────────────────────────────────────────────────────────────────────────────────────────────────────────────╮
├──────────────────────────────────────────────────── Metric Table ────────────────────────────────────────────────────┤
│ Global Step:   56/100 │ Progress: ██████████████████████░░░░░░░░░░░░░░░░░░ │  56.0%                                  │
│ Elapsed: 33:14 │ ETA: 47:10 │ Step Time: 64.328s                                                                     │
├──────────────────────────────────────────────────────── Time ────────────────────────────────────────────────────────┤
│                                                                                                                      │
│actor/actor/recv_traj=19.524           │actor/actor/sync_model_to_rollout=0.649│actor/run_training=141.1              │
│cal_adv_and_returns=0.0024             │env/compute_bootstrap_rewards=7.64e-04 │env/env/bootstrap_step=7.309          │
│env/env/send_rollout_trajectories=0.483│env/env_interact_step=7.769            │env/interact=19.148                   │
│env/run_interact_once=19.148           │generate_rollouts=19.617               │rollout/generate_one_epoch=18.447     │
│rollout/predict=3.100                  │rollout/rollout/generate=18.447        │step=161.9                            │
│sync_weights=1.196                     │                                       │                                      │
│                                                                                                                      │
├──────────────────────────────────────────────────── Environment ─────────────────────────────────────────────────────┤
│                                                                                                                      │
│episode_len=200.0                      │num_trajectories=2                     │return=0.0                            │
│reward=0.0                             │success_once=0.0                       │                                      │
│                                                                                                                      │
├────────────────────────────────────────────────────── Rollout ───────────────────────────────────────────────────────┤
│                                                                                                                      │
│qam/global_inserts=20.000              │qam/global_total_inserts=1105.0        │qam/local_inserts=10.000              │
│qam/local_replay_size=552.5            │                                       │                                      │
│                                                                                                                      │
├─────────────────────────────────────────────────── Training/Other ───────────────────────────────────────────────────┤
│                                                                                                                      │
│qam/am_enabled_next_update=1.000       │qam/am_loss=6.558                      │qam/am_updates_run=20.000             │
│qam/configured_phase=2.000             │qam/critic_grad_norm=1.203             │qam/critic_loss=0.028                 │
│qam/critic_updates=593.0               │qam/fine_grad_norm=3710.0              │qam/fine_lr=2.00e-05                  │
│qam/fine_policy_version=81.000         │qam/fine_updates=81.000                │qam/global_inserts=20.000             │
│qam/global_total_inserts=1105.0        │qam/local_inserts=10.000               │qam/local_replay_size=552.5           │
│qam/pending_update_credit=0.0000       │qam/phase=2.000                        │qam/prefix_roundtrip_max_relative_l2=…│
│qam/prefix_roundtrip_mean_abs=0.0084   │qam/prefix_roundtrip_min_cosine=1.000  │qam/q_mean=-0.868                     │
│qam/q_only_anchor_global_inserts=512.0 │qam/q_std_heads=0.070                  │qam/replay_ready=1.000                │
│qam/td_target_mean=-0.868              │qam/terminal_adjoint_norm=0.0096       │qam/updates_run=20.000                │
│                                                                                                                      │
╰──────────────────────────────────────────────────────────────────────────────────────────────────────────────────────╯

[36m(RolloutGroup(rank=0) pid=212798)[0m Generating Rollout Epochs:   0%|          | 0/1 [00:00<?, ?it/s]
[36m(RolloutGroup(rank=0) pid=212798)[0m Generating Rollout Epochs: 100%|██████████| 1/1 [00:18<00:00, 18.80s/it]Generating Rollout Epochs: 100%|██████████| 1/1 [00:18<00:00, 18.80s/it]

╭──────────────────────────────────────────────────────────────────────────────────────────────────────────────────────╮
├──────────────────────────────────────────────────── Metric Table ────────────────────────────────────────────────────┤
│ Global Step:   57/100 │ Progress: ██████████████████████░░░░░░░░░░░░░░░░░░ │  57.0%                                  │
│ Elapsed: 35:55 │ ETA: 48:17 │ Step Time: 67.373s                                                                     │
├──────────────────────────────────────────────────────── Time ────────────────────────────────────────────────────────┤
│                                                                                                                      │
│actor/actor/recv_traj=19.998           │actor/actor/sync_model_to_rollout=0.673│actor/run_training=140.4              │
│cal_adv_and_returns=0.0028             │env/compute_bootstrap_rewards=7.81e-04 │env/env/bootstrap_step=7.513          │
│env/env/send_rollout_trajectories=0.518│env/env_interact_step=7.973            │env/interact=19.625                   │
│env/run_interact_once=19.625           │generate_rollouts=20.093               │rollout/generate_one_epoch=18.799     │
│rollout/predict=3.066                  │rollout/rollout/generate=18.800        │step=161.7                            │
│sync_weights=1.210                     │                                       │                                      │
│                                                                                                                      │
├──────────────────────────────────────────────────── Environment ─────────────────────────────────────────────────────┤
│                                                                                                                      │
│episode_len=200.0                      │num_trajectories=2                     │return=0.0                            │
│reward=0.0                             │success_once=0.0                       │                                      │
│                                                                                                                      │
├────────────────────────────────────────────────────── Rollout ───────────────────────────────────────────────────────┤
│                                                                                                                      │
│qam/global_inserts=20.000              │qam/global_total_inserts=1125.0        │qam/local_inserts=10.000              │
│qam/local_replay_size=562.5            │                                       │                                      │
│                                                                                                                      │
├─────────────────────────────────────────────────── Training/Other ───────────────────────────────────────────────────┤
│                                                                                                                      │
│qam/am_enabled_next_update=1.000       │qam/am_loss=6.334                      │qam/am_updates_run=20.000             │
│qam/configured_phase=2.000             │qam/critic_grad_norm=0.786             │qam/critic_loss=0.019                 │
│qam/critic_updates=613.0               │qam/fine_grad_norm=3859.0              │qam/fine_lr=2.00e-05                  │
│qam/fine_policy_version=101.0          │qam/fine_updates=101.0                 │qam/global_inserts=20.000             │
│qam/global_total_inserts=1125.0        │qam/local_inserts=10.000               │qam/local_replay_size=562.5           │
│qam/pending_update_credit=0.0000       │qam/phase=2.000                        │qam/prefix_roundtrip_max_relative_l2=…│
│qam/prefix_roundtrip_mean_abs=0.0085   │qam/prefix_roundtrip_min_cosine=1.000  │qam/q_mean=-0.860                     │
│qam/q_only_anchor_global_inserts=512.0 │qam/q_std_heads=0.056                  │qam/replay_ready=1.000                │
│qam/td_target_mean=-0.858              │qam/terminal_adjoint_norm=0.0098       │qam/updates_run=20.000                │
│                                                                                                                      │
╰──────────────────────────────────────────────────────────────────────────────────────────────────────────────────────╯

[36m(RolloutGroup(rank=0) pid=212798)[0m Generating Rollout Epochs:   0%|          | 0/1 [00:00<?, ?it/s]
[36m(RolloutGroup(rank=0) pid=212798)[0m Generating Rollout Epochs: 100%|██████████| 1/1 [00:17<00:00, 17.60s/it]Generating Rollout Epochs: 100%|██████████| 1/1 [00:17<00:00, 17.60s/it]

╭──────────────────────────────────────────────────────────────────────────────────────────────────────────────────────╮
├──────────────────────────────────────────────────── Metric Table ────────────────────────────────────────────────────┤
│ Global Step:   58/100 │ Progress: ███████████████████████░░░░░░░░░░░░░░░░░ │  58.0%                                  │
│ Elapsed: 38:37 │ ETA: 49:09 │ Step Time: 70.221s                                                                     │
├──────────────────────────────────────────────────────── Time ────────────────────────────────────────────────────────┤
│                                                                                                                      │
│actor/actor/recv_traj=19.277           │actor/actor/sync_model_to_rollout=0.646│actor/run_training=140.7              │
│cal_adv_and_returns=0.0029             │env/compute_bootstrap_rewards=7.77e-04 │env/env/bootstrap_step=7.061          │
│env/env/send_rollout_trajectories=0.431│env/env_interact_step=7.758            │env/interact=18.885                   │
│env/run_interact_once=18.885           │generate_rollouts=19.374               │rollout/generate_one_epoch=18.199     │
│rollout/predict=3.039                  │rollout/rollout/generate=18.199        │step=161.3                            │
│sync_weights=1.214                     │                                       │                                      │
│                                                                                                                      │
├──────────────────────────────────────────────────── Environment ─────────────────────────────────────────────────────┤
│                                                                                                                      │
│episode_len=200.0                      │num_trajectories=2                     │return=0.0                            │
│reward=0.0                             │success_once=0.0                       │                                      │
│                                                                                                                      │
├────────────────────────────────────────────────────── Rollout ───────────────────────────────────────────────────────┤
│                                                                                                                      │
│qam/global_inserts=20.000              │qam/global_total_inserts=1145.0        │qam/local_inserts=10.000              │
│qam/local_replay_size=572.5            │                                       │                                      │
│                                                                                                                      │
├─────────────────────────────────────────────────── Training/Other ───────────────────────────────────────────────────┤
│                                                                                                                      │
│qam/am_enabled_next_update=1.000       │qam/am_loss=6.294                      │qam/am_updates_run=20.000             │
│qam/configured_phase=2.000             │qam/critic_grad_norm=0.897             │qam/critic_loss=0.018                 │
│qam/critic_updates=633.0               │qam/fine_grad_norm=3979.7              │qam/fine_lr=2.00e-05                  │
│qam/fine_policy_version=121.0          │qam/fine_updates=121.0                 │qam/global_inserts=20.000             │
│qam/global_total_inserts=1145.0        │qam/local_inserts=10.000               │qam/local_replay_size=572.5           │
│qam/pending_update_credit=0.0000       │qam/phase=2.000                        │qam/prefix_roundtrip_max_relative_l2=…│
│qam/prefix_roundtrip_mean_abs=0.0085   │qam/prefix_roundtrip_min_cosine=1.000  │qam/q_mean=-0.837                     │
│qam/q_only_anchor_global_inserts=512.0 │qam/q_std_heads=0.055                  │qam/replay_ready=1.000                │
│qam/td_target_mean=-0.836              │qam/terminal_adjoint_norm=0.0096       │qam/updates_run=20.000                │
│                                                                                                                      │
╰──────────────────────────────────────────────────────────────────────────────────────────────────────────────────────╯

[36m(RolloutGroup(rank=0) pid=212798)[0m Generating Rollout Epochs:   0%|          | 0/1 [00:00<?, ?it/s]
[36m(RolloutGroup(rank=0) pid=212798)[0m Generating Rollout Epochs: 100%|██████████| 1/1 [00:18<00:00, 18.65s/it]Generating Rollout Epochs: 100%|██████████| 1/1 [00:18<00:00, 18.65s/it]

╭──────────────────────────────────────────────────────────────────────────────────────────────────────────────────────╮
├──────────────────────────────────────────────────── Metric Table ────────────────────────────────────────────────────┤
│ Global Step:   59/100 │ Progress: ███████████████████████░░░░░░░░░░░░░░░░░ │  59.0%                                  │
│ Elapsed: 41:19 │ ETA: 49:50 │ Step Time: 72.932s                                                                     │
├──────────────────────────────────────────────────────── Time ────────────────────────────────────────────────────────┤
│                                                                                                                      │
│actor/actor/recv_traj=19.676           │actor/actor/sync_model_to_rollout=0.652│actor/run_training=141.5              │
│cal_adv_and_returns=0.0027             │env/compute_bootstrap_rewards=8.11e-04 │env/env/bootstrap_step=7.327          │
│env/env/send_rollout_trajectories=0.454│env/env_interact_step=7.849            │env/interact=19.295                   │
│env/run_interact_once=19.295           │generate_rollouts=19.768               │rollout/generate_one_epoch=18.651     │
│rollout/predict=3.111                  │rollout/rollout/generate=18.652        │step=162.4                            │
│sync_weights=1.101                     │                                       │                                      │
│                                                                                                                      │
├──────────────────────────────────────────────────── Environment ─────────────────────────────────────────────────────┤
│                                                                                                                      │
│episode_len=200.0                      │num_trajectories=2                     │return=0.0                            │
│reward=0.0                             │success_once=0.0                       │                                      │
│                                                                                                                      │
├────────────────────────────────────────────────────── Rollout ───────────────────────────────────────────────────────┤
│                                                                                                                      │
│qam/global_inserts=20.000              │qam/global_total_inserts=1165.0        │qam/local_inserts=10.000              │
│qam/local_replay_size=582.5            │                                       │                                      │
│                                                                                                                      │
├─────────────────────────────────────────────────── Training/Other ───────────────────────────────────────────────────┤
│                                                                                                                      │
│qam/am_enabled_next_update=1.000       │qam/am_loss=5.784                      │qam/am_updates_run=20.000             │
│qam/configured_phase=2.000             │qam/critic_grad_norm=0.844             │qam/critic_loss=0.015                 │
│qam/critic_updates=653.0               │qam/fine_grad_norm=3929.4              │qam/fine_lr=2.00e-05                  │
│qam/fine_policy_version=141.0          │qam/fine_updates=141.0                 │qam/global_inserts=20.000             │
│qam/global_total_inserts=1165.0        │qam/local_inserts=10.000               │qam/local_replay_size=582.5           │
│qam/pending_update_credit=0.0000       │qam/phase=2.000                        │qam/prefix_roundtrip_max_relative_l2=…│
│qam/prefix_roundtrip_mean_abs=0.0085   │qam/prefix_roundtrip_min_cosine=1.000  │qam/q_mean=-0.812                     │
│qam/q_only_anchor_global_inserts=512.0 │qam/q_std_heads=0.052                  │qam/replay_ready=1.000                │
│qam/td_target_mean=-0.818              │qam/terminal_adjoint_norm=0.0098       │qam/updates_run=20.000                │
│                                                                                                                      │
╰──────────────────────────────────────────────────────────────────────────────────────────────────────────────────────╯

[36m(RolloutGroup(rank=0) pid=212798)[0m Generating Rollout Epochs:   0%|          | 0/1 [00:00<?, ?it/s]
[36m(RolloutGroup(rank=0) pid=212798)[0m Generating Rollout Epochs: 100%|██████████| 1/1 [00:17<00:00, 17.73s/it]Generating Rollout Epochs: 100%|██████████| 1/1 [00:17<00:00, 17.73s/it]

╭──────────────────────────────────────────────────────────────────────────────────────────────────────────────────────╮
├──────────────────────────────────────────────────── Metric Table ────────────────────────────────────────────────────┤
│ Global Step:   60/100 │ Progress: ████████████████████████░░░░░░░░░░░░░░░░ │  60.0%                                  │
│ Elapsed: 43:54 │ ETA: 50:10 │ Step Time: 75.263s                                                                     │
├──────────────────────────────────────────────────────── Time ────────────────────────────────────────────────────────┤
│                                                                                                                      │
│actor/actor/recv_traj=18.827           │actor/actor/sync_model_to_rollout=0.633│actor/run_training=134.4              │
│cal_adv_and_returns=0.0030             │env/compute_bootstrap_rewards=7.73e-04 │env/env/bootstrap_step=6.862          │
│env/env/send_rollout_trajectories=0.444│env/env_interact_step=7.675            │env/interact=18.459                   │
│env/run_interact_once=18.459           │generate_rollouts=18.923               │rollout/generate_one_epoch=17.730     │
│rollout/predict=3.024                  │rollout/rollout/generate=17.730        │step=154.5                            │
│sync_weights=1.161                     │                                       │                                      │
│                                                                                                                      │
├──────────────────────────────────────────────────── Environment ─────────────────────────────────────────────────────┤
│                                                                                                                      │
│episode_len=200.0                      │num_trajectories=2                     │return=0.5                            │
│reward=0.0025                          │success_once=0.5                       │                                      │
│                                                                                                                      │
├────────────────────────────────────────────────────── Rollout ───────────────────────────────────────────────────────┤
│                                                                                                                      │
│qam/global_inserts=19.000              │qam/global_total_inserts=1184.0        │qam/local_inserts=9.500               │
│qam/local_replay_size=592.0            │                                       │                                      │
│                                                                                                                      │
├─────────────────────────────────────────────────── Training/Other ───────────────────────────────────────────────────┤
│                                                                                                                      │
│qam/am_enabled_next_update=1.000       │qam/am_loss=5.653                      │qam/am_updates_run=19.000             │
│qam/configured_phase=2.000             │qam/critic_grad_norm=0.841             │qam/critic_loss=0.017                 │
│qam/critic_updates=672.0               │qam/fine_grad_norm=3796.9              │qam/fine_lr=2.00e-05                  │
│qam/fine_policy_version=160.0          │qam/fine_updates=160.0                 │qam/global_inserts=19.000             │
│qam/global_total_inserts=1184.0        │qam/local_inserts=9.500                │qam/local_replay_size=592.0           │
│qam/pending_update_credit=0.0000       │qam/phase=2.000                        │qam/prefix_roundtrip_max_relative_l2=…│
│qam/prefix_roundtrip_mean_abs=0.0084   │qam/prefix_roundtrip_min_cosine=1.000  │qam/q_mean=-0.806                     │
│qam/q_only_anchor_global_inserts=512.0 │qam/q_std_heads=0.049                  │qam/replay_ready=1.000                │
│qam/td_target_mean=-0.804              │qam/terminal_adjoint_norm=0.0092       │qam/updates_run=19.000                │
│                                                                                                                      │
╰──────────────────────────────────────────────────────────────────────────────────────────────────────────────────────╯

[36m(RolloutGroup(rank=0) pid=212798)[0m Generating Rollout Epochs:   0%|          | 0/1 [00:00<?, ?it/s]
[36m(RolloutGroup(rank=0) pid=212798)[0m Generating Rollout Epochs: 100%|██████████| 1/1 [00:17<00:00, 17.44s/it]Generating Rollout Epochs: 100%|██████████| 1/1 [00:17<00:00, 17.44s/it]

╭──────────────────────────────────────────────────────────────────────────────────────────────────────────────────────╮
├──────────────────────────────────────────────────── Metric Table ────────────────────────────────────────────────────┤
│ Global Step:   61/100 │ Progress: ████████████████████████░░░░░░░░░░░░░░░░ │  61.0%                                  │
│ Elapsed: 46:21 │ ETA: 50:12 │ Step Time: 77.250s                                                                     │
├──────────────────────────────────────────────────────── Time ────────────────────────────────────────────────────────┤
│                                                                                                                      │
│actor/actor/recv_traj=18.543           │actor/actor/sync_model_to_rollout=0.650│actor/run_training=127.0              │
│cal_adv_and_returns=0.0024             │env/compute_bootstrap_rewards=7.99e-04 │env/env/bootstrap_step=6.971          │
│env/env/send_rollout_trajectories=0.457│env/env_interact_step=7.215            │env/interact=18.236                   │
│env/run_interact_once=18.236           │generate_rollouts=18.636               │rollout/generate_one_epoch=17.439     │
│rollout/predict=3.042                  │rollout/rollout/generate=17.440        │step=146.8                            │
│sync_weights=1.115                     │                                       │                                      │
│                                                                                                                      │
├──────────────────────────────────────────────────── Environment ─────────────────────────────────────────────────────┤
│                                                                                                                      │
│episode_len=200.0                      │num_trajectories=2                     │return=1.0                            │
│reward=0.005                           │success_once=1.0                       │                                      │
│                                                                                                                      │
├────────────────────────────────────────────────────── Rollout ───────────────────────────────────────────────────────┤
│                                                                                                                      │
│qam/global_inserts=18.000              │qam/global_total_inserts=1202.0        │qam/local_inserts=9.000               │
│qam/local_replay_size=601.0            │                                       │                                      │
│                                                                                                                      │
├─────────────────────────────────────────────────── Training/Other ───────────────────────────────────────────────────┤
│                                                                                                                      │
│qam/am_enabled_next_update=1.000       │qam/am_loss=5.684                      │qam/am_updates_run=18.000             │
│qam/configured_phase=2.000             │qam/critic_grad_norm=0.837             │qam/critic_loss=0.017                 │
│qam/critic_updates=690.0               │qam/fine_grad_norm=3806.4              │qam/fine_lr=2.00e-05                  │
│qam/fine_policy_version=178.0          │qam/fine_updates=178.0                 │qam/global_inserts=18.000             │
│qam/global_total_inserts=1202.0        │qam/local_inserts=9.000                │qam/local_replay_size=601.0           │
│qam/pending_update_credit=0.0000       │qam/phase=2.000                        │qam/prefix_roundtrip_max_relative_l2=…│
│qam/prefix_roundtrip_mean_abs=0.0085   │qam/prefix_roundtrip_min_cosine=1.000  │qam/q_mean=-0.776                     │
│qam/q_only_anchor_global_inserts=512.0 │qam/q_std_heads=0.056                  │qam/replay_ready=1.000                │
│qam/td_target_mean=-0.774              │qam/terminal_adjoint_norm=0.0099       │qam/updates_run=18.000                │
│                                                                                                                      │
╰──────────────────────────────────────────────────────────────────────────────────────────────────────────────────────╯

[36m(RolloutGroup(rank=0) pid=212798)[0m Generating Rollout Epochs:   0%|          | 0/1 [00:00<?, ?it/s]
[36m(RolloutGroup(rank=0) pid=212798)[0m Generating Rollout Epochs: 100%|██████████| 1/1 [00:18<00:00, 18.02s/it]Generating Rollout Epochs: 100%|██████████| 1/1 [00:18<00:00, 18.02s/it]

╭──────────────────────────────────────────────────────────────────────────────────────────────────────────────────────╮
├──────────────────────────────────────────────────── Metric Table ────────────────────────────────────────────────────┤
│ Global Step:   62/100 │ Progress: ████████████████████████░░░░░░░░░░░░░░░░ │  62.0%                                  │
│ Elapsed: 49:02 │ ETA: 50:21 │ Step Time: 79.522s                                                                     │
├──────────────────────────────────────────────────────── Time ────────────────────────────────────────────────────────┤
│                                                                                                                      │
│actor/actor/recv_traj=19.125           │actor/actor/sync_model_to_rollout=0.626│actor/run_training=141.0              │
│cal_adv_and_returns=0.0027             │env/compute_bootstrap_rewards=7.58e-04 │env/env/bootstrap_step=6.835          │
│env/env/send_rollout_trajectories=0.479│env/env_interact_step=7.837            │env/interact=18.684                   │
│env/run_interact_once=18.684           │generate_rollouts=19.206               │rollout/generate_one_epoch=18.025     │
│rollout/predict=3.127                  │rollout/rollout/generate=18.025        │step=161.3                            │
│sync_weights=1.058                     │                                       │                                      │
│                                                                                                                      │
├──────────────────────────────────────────────────── Environment ─────────────────────────────────────────────────────┤
│                                                                                                                      │
│episode_len=200.0                      │num_trajectories=2                     │return=0.0                            │
│reward=0.0                             │success_once=0.0                       │                                      │
│                                                                                                                      │
├────────────────────────────────────────────────────── Rollout ───────────────────────────────────────────────────────┤
│                                                                                                                      │
│qam/global_inserts=20.000              │qam/global_total_inserts=1222.0        │qam/local_inserts=10.000              │
│qam/local_replay_size=611.0            │                                       │                                      │
│                                                                                                                      │
├─────────────────────────────────────────────────── Training/Other ───────────────────────────────────────────────────┤
│                                                                                                                      │
│qam/am_enabled_next_update=1.000       │qam/am_loss=5.759                      │qam/am_updates_run=20.000             │
│qam/configured_phase=2.000             │qam/critic_grad_norm=0.740             │qam/critic_loss=0.014                 │
│qam/critic_updates=710.0               │qam/fine_grad_norm=3774.2              │qam/fine_lr=2.00e-05                  │
│qam/fine_policy_version=198.0          │qam/fine_updates=198.0                 │qam/global_inserts=20.000             │
│qam/global_total_inserts=1222.0        │qam/local_inserts=10.000               │qam/local_replay_size=611.0           │
│qam/pending_update_credit=0.0000       │qam/phase=2.000                        │qam/prefix_roundtrip_max_relative_l2=…│
│qam/prefix_roundtrip_mean_abs=0.0085   │qam/prefix_roundtrip_min_cosine=1.000  │qam/q_mean=-0.766                     │
│qam/q_only_anchor_global_inserts=512.0 │qam/q_std_heads=0.048                  │qam/replay_ready=1.000                │
│qam/td_target_mean=-0.768              │qam/terminal_adjoint_norm=0.0097       │qam/updates_run=20.000                │
│                                                                                                                      │
╰──────────────────────────────────────────────────────────────────────────────────────────────────────────────────────╯

[36m(RolloutGroup(rank=0) pid=212798)[0m Generating Rollout Epochs:   0%|          | 0/1 [00:00<?, ?it/s]
[36m(RolloutGroup(rank=0) pid=212798)[0m Generating Rollout Epochs: 100%|██████████| 1/1 [00:18<00:00, 18.13s/it]Generating Rollout Epochs: 100%|██████████| 1/1 [00:18<00:00, 18.13s/it]

╭──────────────────────────────────────────────────────────────────────────────────────────────────────────────────────╮
├──────────────────────────────────────────────────── Metric Table ────────────────────────────────────────────────────┤
│ Global Step:   63/100 │ Progress: █████████████████████████░░░░░░░░░░░░░░░ │  63.0%                                  │
│ Elapsed: 51:44 │ ETA: 50:22 │ Step Time: 81.691s                                                                     │
├──────────────────────────────────────────────────────── Time ────────────────────────────────────────────────────────┤
│                                                                                                                      │
│actor/actor/recv_traj=19.291           │actor/actor/sync_model_to_rollout=0.625│actor/run_training=141.4              │
│cal_adv_and_returns=0.0028             │env/compute_bootstrap_rewards=7.17e-04 │env/env/bootstrap_step=7.238          │
│env/env/send_rollout_trajectories=0.468│env/env_interact_step=7.673            │env/interact=18.925                   │
│env/run_interact_once=18.925           │generate_rollouts=19.385               │rollout/generate_one_epoch=18.130     │
│rollout/predict=2.996                  │rollout/rollout/generate=18.131        │step=162.0                            │
│sync_weights=1.194                     │                                       │                                      │
│                                                                                                                      │
├──────────────────────────────────────────────────── Environment ─────────────────────────────────────────────────────┤
│                                                                                                                      │
│episode_len=200.0                      │num_trajectories=2                     │return=0.0                            │
│reward=0.0                             │success_once=0.0                       │                                      │
│                                                                                                                      │
├────────────────────────────────────────────────────── Rollout ───────────────────────────────────────────────────────┤
│                                                                                                                      │
│qam/global_inserts=20.000              │qam/global_total_inserts=1242.0        │qam/local_inserts=10.000              │
│qam/local_replay_size=621.0            │                                       │                                      │
│                                                                                                                      │
├─────────────────────────────────────────────────── Training/Other ───────────────────────────────────────────────────┤
│                                                                                                                      │
│qam/am_enabled_next_update=1.000       │qam/am_loss=5.855                      │qam/am_updates_run=20.000             │
│qam/configured_phase=2.000             │qam/critic_grad_norm=0.660             │qam/critic_loss=0.016                 │
│qam/critic_updates=730.0               │qam/fine_grad_norm=3769.9              │qam/fine_lr=2.00e-05                  │
│qam/fine_policy_version=218.0          │qam/fine_updates=218.0                 │qam/global_inserts=20.000             │
│qam/global_total_inserts=1242.0        │qam/local_inserts=10.000               │qam/local_replay_size=621.0           │
│qam/pending_update_credit=0.0000       │qam/phase=2.000                        │qam/prefix_roundtrip_max_relative_l2=…│
│qam/prefix_roundtrip_mean_abs=0.0085   │qam/prefix_roundtrip_min_cosine=1.000  │qam/q_mean=-0.730                     │
│qam/q_only_anchor_global_inserts=512.0 │qam/q_std_heads=0.039                  │qam/replay_ready=1.000                │
│qam/td_target_mean=-0.729              │qam/terminal_adjoint_norm=0.010        │qam/updates_run=20.000                │
│                                                                                                                      │
╰──────────────────────────────────────────────────────────────────────────────────────────────────────────────────────╯

[36m(RolloutGroup(rank=0) pid=212798)[0m Generating Rollout Epochs:   0%|          | 0/1 [00:00<?, ?it/s]
[36m(RolloutGroup(rank=0) pid=212798)[0m Generating Rollout Epochs: 100%|██████████| 1/1 [00:18<00:00, 18.61s/it]Generating Rollout Epochs: 100%|██████████| 1/1 [00:18<00:00, 18.61s/it]

╭──────────────────────────────────────────────────────────────────────────────────────────────────────────────────────╮
├──────────────────────────────────────────────────── Metric Table ────────────────────────────────────────────────────┤
│ Global Step:   64/100 │ Progress: █████████████████████████░░░░░░░░░░░░░░░ │  64.0%                                  │
│ Elapsed: 54:26 │ ETA: 50:15 │ Step Time: 83.751s                                                                     │
├──────────────────────────────────────────────────────── Time ────────────────────────────────────────────────────────┤
│                                                                                                                      │
│actor/actor/recv_traj=19.752           │actor/actor/sync_model_to_rollout=0.645│actor/run_training=141.1              │
│cal_adv_and_returns=0.0027             │env/compute_bootstrap_rewards=7.83e-04 │env/env/bootstrap_step=7.164          │
│env/env/send_rollout_trajectories=0.456│env/env_interact_step=7.996            │env/interact=19.381                   │
│env/run_interact_once=19.381           │generate_rollouts=19.845               │rollout/generate_one_epoch=18.615     │
│rollout/predict=3.080                  │rollout/rollout/generate=18.615        │step=162.0                            │
│sync_weights=1.092                     │                                       │                                      │
│                                                                                                                      │
├──────────────────────────────────────────────────── Environment ─────────────────────────────────────────────────────┤
│                                                                                                                      │
│episode_len=200.0                      │num_trajectories=2                     │return=0.0                            │
│reward=0.0                             │success_once=0.0                       │                                      │
│                                                                                                                      │
├────────────────────────────────────────────────────── Rollout ───────────────────────────────────────────────────────┤
│                                                                                                                      │
│qam/global_inserts=20.000              │qam/global_total_inserts=1262.0        │qam/local_inserts=10.000              │
│qam/local_replay_size=631.0            │                                       │                                      │
│                                                                                                                      │
├─────────────────────────────────────────────────── Training/Other ───────────────────────────────────────────────────┤
│                                                                                                                      │
│qam/am_enabled_next_update=1.000       │qam/am_loss=6.049                      │qam/am_updates_run=20.000             │
│qam/configured_phase=2.000             │qam/critic_grad_norm=0.656             │qam/critic_loss=0.013                 │
│qam/critic_updates=750.0               │qam/fine_grad_norm=3693.5              │qam/fine_lr=2.00e-05                  │
│qam/fine_policy_version=238.0          │qam/fine_updates=238.0                 │qam/global_inserts=20.000             │
│qam/global_total_inserts=1262.0        │qam/local_inserts=10.000               │qam/local_replay_size=631.0           │
│qam/pending_update_credit=0.0000       │qam/phase=2.000                        │qam/prefix_roundtrip_max_relative_l2=…│
│qam/prefix_roundtrip_mean_abs=0.0084   │qam/prefix_roundtrip_min_cosine=1.000  │qam/q_mean=-0.746                     │
│qam/q_only_anchor_global_inserts=512.0 │qam/q_std_heads=0.039                  │qam/replay_ready=1.000                │
│qam/td_target_mean=-0.748              │qam/terminal_adjoint_norm=0.0097       │qam/updates_run=20.000                │
│                                                                                                                      │
╰──────────────────────────────────────────────────────────────────────────────────────────────────────────────────────╯

[36m(RolloutGroup(rank=0) pid=212798)[0m Generating Rollout Epochs:   0%|          | 0/1 [00:00<?, ?it/s]
[36m(RolloutGroup(rank=0) pid=212798)[0m Generating Rollout Epochs: 100%|██████████| 1/1 [00:17<00:00, 17.60s/it]Generating Rollout Epochs: 100%|██████████| 1/1 [00:17<00:00, 17.60s/it]

╭──────────────────────────────────────────────────────────────────────────────────────────────────────────────────────╮
├──────────────────────────────────────────────────── Metric Table ────────────────────────────────────────────────────┤
│ Global Step:   65/100 │ Progress: ██████████████████████████░░░░░░░░░░░░░░ │  65.0%                                  │
│ Elapsed: 57:07 │ ETA: 49:59 │ Step Time: 85.694s                                                                     │
├──────────────────────────────────────────────────────── Time ────────────────────────────────────────────────────────┤
│                                                                                                                      │
│actor/actor/recv_traj=19.027           │actor/actor/sync_model_to_rollout=0.629│actor/run_training=141.2              │
│cal_adv_and_returns=0.0025             │env/compute_bootstrap_rewards=7.69e-04 │env/env/bootstrap_step=6.939          │
│env/env/send_rollout_trajectories=0.472│env/env_interact_step=7.561            │env/interact=18.643                   │
│env/run_interact_once=18.643           │generate_rollouts=19.122               │rollout/generate_one_epoch=17.904     │
│rollout/predict=3.024                  │rollout/rollout/generate=17.904        │step=161.4                            │
│sync_weights=1.131                     │                                       │                                      │
│                                                                                                                      │
├──────────────────────────────────────────────────── Environment ─────────────────────────────────────────────────────┤
│                                                                                                                      │
│episode_len=200.0                      │num_trajectories=2                     │return=0.0                            │
│reward=0.0                             │success_once=0.0                       │                                      │
│                                                                                                                      │
├────────────────────────────────────────────────────── Rollout ───────────────────────────────────────────────────────┤
│                                                                                                                      │
│qam/global_inserts=20.000              │qam/global_total_inserts=1282.0        │qam/local_inserts=10.000              │
│qam/local_replay_size=641.0            │                                       │                                      │
│                                                                                                                      │
├─────────────────────────────────────────────────── Training/Other ───────────────────────────────────────────────────┤
│                                                                                                                      │
│qam/am_enabled_next_update=1.000       │qam/am_loss=6.275                      │qam/am_updates_run=20.000             │
│qam/configured_phase=2.000             │qam/critic_grad_norm=0.700             │qam/critic_loss=0.014                 │
│qam/critic_updates=770.0               │qam/fine_grad_norm=3572.0              │qam/fine_lr=2.00e-05                  │
│qam/fine_policy_version=258.0          │qam/fine_updates=258.0                 │qam/global_inserts=20.000             │
│qam/global_total_inserts=1282.0        │qam/local_inserts=10.000               │qam/local_replay_size=641.0           │
│qam/pending_update_credit=0.0000       │qam/phase=2.000                        │qam/prefix_roundtrip_max_relative_l2=…│
│qam/prefix_roundtrip_mean_abs=0.0084   │qam/prefix_roundtrip_min_cosine=1.000  │qam/q_mean=-0.698                     │
│qam/q_only_anchor_global_inserts=512.0 │qam/q_std_heads=0.046                  │qam/replay_ready=1.000                │
│qam/td_target_mean=-0.695              │qam/terminal_adjoint_norm=0.0100       │qam/updates_run=20.000                │
│                                                                                                                      │
╰──────────────────────────────────────────────────────────────────────────────────────────────────────────────────────╯

[36m(RolloutGroup(rank=0) pid=212798)[0m Generating Rollout Epochs:   0%|          | 0/1 [00:00<?, ?it/s]
[36m(RolloutGroup(rank=0) pid=212798)[0m Generating Rollout Epochs: 100%|██████████| 1/1 [00:17<00:00, 17.76s/it]Generating Rollout Epochs: 100%|██████████| 1/1 [00:17<00:00, 17.76s/it]

╭──────────────────────────────────────────────────────────────────────────────────────────────────────────────────────╮
├──────────────────────────────────────────────────── Metric Table ────────────────────────────────────────────────────┤
│ Global Step:   66/100 │ Progress: ██████████████████████████░░░░░░░░░░░░░░ │  66.0%                                  │
│ Elapsed: 59:50 │ ETA: 49:37 │ Step Time: 87.583s                                                                     │
├──────────────────────────────────────────────────────── Time ────────────────────────────────────────────────────────┤
│                                                                                                                      │
│actor/actor/recv_traj=19.476           │actor/actor/sync_model_to_rollout=0.644│actor/run_training=142.3              │
│cal_adv_and_returns=0.0025             │env/compute_bootstrap_rewards=7.23e-04 │env/env/bootstrap_step=7.206          │
│env/env/send_rollout_trajectories=0.472│env/env_interact_step=7.715            │env/interact=19.089                   │
│env/run_interact_once=19.089           │generate_rollouts=19.572               │rollout/generate_one_epoch=18.344     │
│rollout/predict=3.059                  │rollout/rollout/generate=18.344        │step=163.1                            │
│sync_weights=1.185                     │                                       │                                      │
│                                                                                                                      │
├──────────────────────────────────────────────────── Environment ─────────────────────────────────────────────────────┤
│                                                                                                                      │
│episode_len=200.0                      │num_trajectories=2                     │return=0.0                            │
│reward=0.0                             │success_once=0.0                       │                                      │
│                                                                                                                      │
├────────────────────────────────────────────────────── Rollout ───────────────────────────────────────────────────────┤
│                                                                                                                      │
│qam/global_inserts=20.000              │qam/global_total_inserts=1302.0        │qam/local_inserts=10.000              │
│qam/local_replay_size=651.0            │                                       │                                      │
│                                                                                                                      │
├─────────────────────────────────────────────────── Training/Other ───────────────────────────────────────────────────┤
│                                                                                                                      │
│qam/am_enabled_next_update=1.000       │qam/am_loss=6.298                      │qam/am_updates_run=20.000             │
│qam/configured_phase=2.000             │qam/critic_grad_norm=0.395             │qam/critic_loss=0.0099                │
│qam/critic_updates=790.0               │qam/fine_grad_norm=3540.6              │qam/fine_lr=2.00e-05                  │
│qam/fine_policy_version=278.0          │qam/fine_updates=278.0                 │qam/global_inserts=20.000             │
│qam/global_total_inserts=1302.0        │qam/local_inserts=10.000               │qam/local_replay_size=651.0           │
│qam/pending_update_credit=0.0000       │qam/phase=2.000                        │qam/prefix_roundtrip_max_relative_l2=…│
│qam/prefix_roundtrip_mean_abs=0.0084   │qam/prefix_roundtrip_min_cosine=1.000  │qam/q_mean=-0.698                     │
│qam/q_only_anchor_global_inserts=512.0 │qam/q_std_heads=0.030                  │qam/replay_ready=1.000                │
│qam/td_target_mean=-0.699              │qam/terminal_adjoint_norm=0.010        │qam/updates_run=20.000                │
│                                                                                                                      │
╰──────────────────────────────────────────────────────────────────────────────────────────────────────────────────────╯

[36m(RolloutGroup(rank=0) pid=212798)[0m Generating Rollout Epochs:   0%|          | 0/1 [00:00<?, ?it/s]
[36m(RolloutGroup(rank=0) pid=212798)[0m Generating Rollout Epochs: 100%|██████████| 1/1 [00:18<00:00, 18.04s/it]Generating Rollout Epochs: 100%|██████████| 1/1 [00:18<00:00, 18.04s/it]

╭──────────────────────────────────────────────────────────────────────────────────────────────────────────────────────╮
├──────────────────────────────────────────────────── Metric Table ────────────────────────────────────────────────────┤
│ Global Step:   67/100 │ Progress: ██████████████████████████░░░░░░░░░░░░░░ │  67.0%                                  │
│ Elapsed: 01:02:32 │ ETA: 49:08 │ Step Time: 89.340s                                                                  │
├──────────────────────────────────────────────────────── Time ────────────────────────────────────────────────────────┤
│                                                                                                                      │
│actor/actor/recv_traj=19.089           │actor/actor/sync_model_to_rollout=0.703│actor/run_training=141.0              │
│cal_adv_and_returns=0.0026             │env/compute_bootstrap_rewards=7.76e-04 │env/env/bootstrap_step=6.841          │
│env/env/send_rollout_trajectories=0.484│env/env_interact_step=7.790            │env/interact=18.719                   │
│env/run_interact_once=18.719           │generate_rollouts=19.184               │rollout/generate_one_epoch=18.037     │
│rollout/predict=3.069                  │rollout/rollout/generate=18.037        │step=161.4                            │
│sync_weights=1.168                     │                                       │                                      │
│                                                                                                                      │
├──────────────────────────────────────────────────── Environment ─────────────────────────────────────────────────────┤
│                                                                                                                      │
│episode_len=200.0                      │num_trajectories=2                     │return=0.5                            │
│reward=0.0025                          │success_once=0.5                       │                                      │
│                                                                                                                      │
├────────────────────────────────────────────────────── Rollout ───────────────────────────────────────────────────────┤
│                                                                                                                      │
│qam/global_inserts=20.000              │qam/global_total_inserts=1322.0        │qam/local_inserts=10.000              │
│qam/local_replay_size=661.0            │                                       │                                      │
│                                                                                                                      │
├─────────────────────────────────────────────────── Training/Other ───────────────────────────────────────────────────┤
│                                                                                                                      │
│qam/am_enabled_next_update=1.000       │qam/am_loss=6.088                      │qam/am_updates_run=20.000             │
│qam/configured_phase=2.000             │qam/critic_grad_norm=0.635             │qam/critic_loss=0.015                 │
│qam/critic_updates=810.0               │qam/fine_grad_norm=3664.3              │qam/fine_lr=2.00e-05                  │
│qam/fine_policy_version=298.0          │qam/fine_updates=298.0                 │qam/global_inserts=20.000             │
│qam/global_total_inserts=1322.0        │qam/local_inserts=10.000               │qam/local_replay_size=661.0           │
│qam/pending_update_credit=0.0000       │qam/phase=2.000                        │qam/prefix_roundtrip_max_relative_l2=…│
│qam/prefix_roundtrip_mean_abs=0.0085   │qam/prefix_roundtrip_min_cosine=1.000  │qam/q_mean=-0.684                     │
│qam/q_only_anchor_global_inserts=512.0 │qam/q_std_heads=0.043                  │qam/replay_ready=1.000                │
│qam/td_target_mean=-0.685              │qam/terminal_adjoint_norm=0.010        │qam/updates_run=20.000                │
│                                                                                                                      │
╰──────────────────────────────────────────────────────────────────────────────────────────────────────────────────────╯

[36m(RolloutGroup(rank=0) pid=212798)[0m Generating Rollout Epochs:   0%|          | 0/1 [00:00<?, ?it/s]
[36m(RolloutGroup(rank=0) pid=212798)[0m Generating Rollout Epochs: 100%|██████████| 1/1 [00:17<00:00, 17.82s/it]Generating Rollout Epochs: 100%|██████████| 1/1 [00:17<00:00, 17.82s/it]

╭──────────────────────────────────────────────────────────────────────────────────────────────────────────────────────╮
├──────────────────────────────────────────────────── Metric Table ────────────────────────────────────────────────────┤
│ Global Step:   68/100 │ Progress: ███████████████████████████░░░░░░░░░░░░░ │  68.0%                                  │
│ Elapsed: 01:05:05 │ ETA: 48:26 │ Step Time: 90.825s                                                                  │
├──────────────────────────────────────────────────────── Time ────────────────────────────────────────────────────────┤
│                                                                                                                      │
│actor/actor/recv_traj=18.897           │actor/actor/sync_model_to_rollout=0.637│actor/run_training=133.0              │
│cal_adv_and_returns=0.0026             │env/compute_bootstrap_rewards=7.50e-04 │env/env/bootstrap_step=6.863          │
│env/env/send_rollout_trajectories=0.481│env/env_interact_step=7.665            │env/interact=18.538                   │
│env/run_interact_once=18.538           │generate_rollouts=18.989               │rollout/generate_one_epoch=17.817     │
│rollout/predict=3.088                  │rollout/rollout/generate=17.818        │step=153.2                            │
│sync_weights=1.196                     │                                       │                                      │
│                                                                                                                      │
├──────────────────────────────────────────────────── Environment ─────────────────────────────────────────────────────┤
│                                                                                                                      │
│episode_len=200.0                      │num_trajectories=2                     │return=0.5                            │
│reward=0.0025                          │success_once=0.5                       │                                      │
│                                                                                                                      │
├────────────────────────────────────────────────────── Rollout ───────────────────────────────────────────────────────┤
│                                                                                                                      │
│qam/global_inserts=19.000              │qam/global_total_inserts=1341.0        │qam/local_inserts=9.500               │
│qam/local_replay_size=670.5            │                                       │                                      │
│                                                                                                                      │
├─────────────────────────────────────────────────── Training/Other ───────────────────────────────────────────────────┤
│                                                                                                                      │
│qam/am_enabled_next_update=1.000       │qam/am_loss=5.672                      │qam/am_updates_run=19.000             │
│qam/configured_phase=2.000             │qam/critic_grad_norm=0.875             │qam/critic_loss=0.016                 │
│qam/critic_updates=829.0               │qam/fine_grad_norm=3661.9              │qam/fine_lr=2.00e-05                  │
│qam/fine_policy_version=317.0          │qam/fine_updates=317.0                 │qam/global_inserts=19.000             │
│qam/global_total_inserts=1341.0        │qam/local_inserts=9.500                │qam/local_replay_size=670.5           │
│qam/pending_update_credit=0.0000       │qam/phase=2.000                        │qam/prefix_roundtrip_max_relative_l2=…│
│qam/prefix_roundtrip_mean_abs=0.0085   │qam/prefix_roundtrip_min_cosine=1.000  │qam/q_mean=-0.670                     │
│qam/q_only_anchor_global_inserts=512.0 │qam/q_std_heads=0.054                  │qam/replay_ready=1.000                │
│qam/td_target_mean=-0.670              │qam/terminal_adjoint_norm=0.0097       │qam/updates_run=19.000                │
│                                                                                                                      │
╰──────────────────────────────────────────────────────────────────────────────────────────────────────────────────────╯

[36m(RolloutGroup(rank=0) pid=212798)[0m Generating Rollout Epochs:   0%|          | 0/1 [00:00<?, ?it/s]
[36m(RolloutGroup(rank=0) pid=212798)[0m Generating Rollout Epochs: 100%|██████████| 1/1 [00:17<00:00, 17.84s/it]Generating Rollout Epochs: 100%|██████████| 1/1 [00:17<00:00, 17.84s/it]

╭──────────────────────────────────────────────────────────────────────────────────────────────────────────────────────╮
├──────────────────────────────────────────────────── Metric Table ────────────────────────────────────────────────────┤
│ Global Step:   69/100 │ Progress: ███████████████████████████░░░░░░░░░░░░░ │  69.0%                                  │
│ Elapsed: 01:07:46 │ ETA: 47:44 │ Step Time: 92.419s                                                                  │
├──────────────────────────────────────────────────────── Time ────────────────────────────────────────────────────────┤
│                                                                                                                      │
│actor/actor/recv_traj=19.210           │actor/actor/sync_model_to_rollout=0.631│actor/run_training=140.4              │
│cal_adv_and_returns=0.0027             │env/compute_bootstrap_rewards=7.52e-04 │env/env/bootstrap_step=7.225          │
│env/env/send_rollout_trajectories=0.423│env/env_interact_step=7.659            │env/interact=18.819                   │
│env/run_interact_once=18.819           │generate_rollouts=19.307               │rollout/generate_one_epoch=18.132     │
│rollout/predict=3.101                  │rollout/rollout/generate=18.133        │step=160.9                            │
│sync_weights=1.186                     │                                       │                                      │
│                                                                                                                      │
├──────────────────────────────────────────────────── Environment ─────────────────────────────────────────────────────┤
│                                                                                                                      │
│episode_len=200.0                      │num_trajectories=2                     │return=0.0                            │
│reward=0.0                             │success_once=0.0                       │                                      │
│                                                                                                                      │
├────────────────────────────────────────────────────── Rollout ───────────────────────────────────────────────────────┤
│                                                                                                                      │
│qam/global_inserts=20.000              │qam/global_total_inserts=1361.0        │qam/local_inserts=10.000              │
│qam/local_replay_size=680.5            │                                       │                                      │
│                                                                                                                      │
├─────────────────────────────────────────────────── Training/Other ───────────────────────────────────────────────────┤
│                                                                                                                      │
│qam/am_enabled_next_update=1.000       │qam/am_loss=5.594                      │qam/am_updates_run=20.000             │
│qam/configured_phase=2.000             │qam/critic_grad_norm=0.604             │qam/critic_loss=0.012                 │
│qam/critic_updates=849.0               │qam/fine_grad_norm=3601.2              │qam/fine_lr=2.00e-05                  │
│qam/fine_policy_version=337.0          │qam/fine_updates=337.0                 │qam/global_inserts=20.000             │
│qam/global_total_inserts=1361.0        │qam/local_inserts=10.000               │qam/local_replay_size=680.5           │
│qam/pending_update_credit=0.0000       │qam/phase=2.000                        │qam/prefix_roundtrip_max_relative_l2=…│
│qam/prefix_roundtrip_mean_abs=0.0085   │qam/prefix_roundtrip_min_cosine=1.000  │qam/q_mean=-0.659                     │
│qam/q_only_anchor_global_inserts=512.0 │qam/q_std_heads=0.040                  │qam/replay_ready=1.000                │
│qam/td_target_mean=-0.657              │qam/terminal_adjoint_norm=0.0098       │qam/updates_run=20.000                │
│                                                                                                                      │
╰──────────────────────────────────────────────────────────────────────────────────────────────────────────────────────╯

[36m(RolloutGroup(rank=0) pid=212798)[0m Generating Rollout Epochs:   0%|          | 0/1 [00:00<?, ?it/s]
[36m(RolloutGroup(rank=0) pid=212798)[0m Generating Rollout Epochs: 100%|██████████| 1/1 [00:18<00:00, 18.05s/it]Generating Rollout Epochs: 100%|██████████| 1/1 [00:18<00:00, 18.05s/it]

╭──────────────────────────────────────────────────────────────────────────────────────────────────────────────────────╮
├──────────────────────────────────────────────────── Metric Table ────────────────────────────────────────────────────┤
│ Global Step:   70/100 │ Progress: ████████████████████████████░░░░░░░░░░░░ │  70.0%                                  │
│ Elapsed: 01:10:27 │ ETA: 46:58 │ Step Time: 93.934s                                                                  │
├──────────────────────────────────────────────────────── Time ────────────────────────────────────────────────────────┤
│                                                                                                                      │
│actor/actor/recv_traj=19.162           │actor/actor/sync_model_to_rollout=0.629│actor/run_training=140.2              │
│cal_adv_and_returns=0.0027             │env/compute_bootstrap_rewards=7.47e-04 │env/env/bootstrap_step=7.315          │
│env/env/send_rollout_trajectories=0.387│env/env_interact_step=7.643            │env/interact=18.763                   │
│env/run_interact_once=18.763           │generate_rollouts=19.258               │rollout/generate_one_epoch=18.097     │
│rollout/predict=3.022                  │rollout/rollout/generate=18.098        │step=160.6                            │
│sync_weights=1.072                     │                                       │                                      │
│                                                                                                                      │
├──────────────────────────────────────────────────── Environment ─────────────────────────────────────────────────────┤
│                                                                                                                      │
│episode_len=200.0                      │num_trajectories=2                     │return=0.0                            │
│reward=0.0                             │success_once=0.0                       │                                      │
│                                                                                                                      │
├────────────────────────────────────────────────────── Rollout ───────────────────────────────────────────────────────┤
│                                                                                                                      │
│qam/global_inserts=20.000              │qam/global_total_inserts=1381.0        │qam/local_inserts=10.000              │
│qam/local_replay_size=690.5            │                                       │                                      │
│                                                                                                                      │
├─────────────────────────────────────────────────── Training/Other ───────────────────────────────────────────────────┤
│                                                                                                                      │
│qam/am_enabled_next_update=1.000       │qam/am_loss=5.721                      │qam/am_updates_run=20.000             │
│qam/configured_phase=2.000             │qam/critic_grad_norm=0.679             │qam/critic_loss=0.010                 │
│qam/critic_updates=869.0               │qam/fine_grad_norm=3554.7              │qam/fine_lr=2.00e-05                  │
│qam/fine_policy_version=357.0          │qam/fine_updates=357.0                 │qam/global_inserts=20.000             │
│qam/global_total_inserts=1381.0        │qam/local_inserts=10.000               │qam/local_replay_size=690.5           │
│qam/pending_update_credit=0.0000       │qam/phase=2.000                        │qam/prefix_roundtrip_max_relative_l2=…│
│qam/prefix_roundtrip_mean_abs=0.0085   │qam/prefix_roundtrip_min_cosine=1.000  │qam/q_mean=-0.640                     │
│qam/q_only_anchor_global_inserts=512.0 │qam/q_std_heads=0.034                  │qam/replay_ready=1.000                │
│qam/td_target_mean=-0.643              │qam/terminal_adjoint_norm=0.0093       │qam/updates_run=20.000                │
│                                                                                                                      │
╰──────────────────────────────────────────────────────────────────────────────────────────────────────────────────────╯

[36m(RolloutGroup(rank=0) pid=212798)[0m Generating Rollout Epochs:   0%|          | 0/1 [00:00<?, ?it/s]
[36m(RolloutGroup(rank=0) pid=212798)[0m Generating Rollout Epochs: 100%|██████████| 1/1 [00:17<00:00, 17.99s/it]Generating Rollout Epochs: 100%|██████████| 1/1 [00:17<00:00, 17.99s/it]

╭──────────────────────────────────────────────────────────────────────────────────────────────────────────────────────╮
├──────────────────────────────────────────────────── Metric Table ────────────────────────────────────────────────────┤
│ Global Step:   71/100 │ Progress: ████████████████████████████░░░░░░░░░░░░ │  71.0%                                  │
│ Elapsed: 01:13:08 │ ETA: 46:06 │ Step Time: 95.395s                                                                  │
├──────────────────────────────────────────────────────── Time ────────────────────────────────────────────────────────┤
│                                                                                                                      │
│actor/actor/recv_traj=19.080           │actor/actor/sync_model_to_rollout=0.626│actor/run_training=140.7              │
│cal_adv_and_returns=0.0033             │env/compute_bootstrap_rewards=7.65e-04 │env/env/bootstrap_step=7.027          │
│env/env/send_rollout_trajectories=0.472│env/env_interact_step=7.716            │env/interact=18.714                   │
│env/run_interact_once=18.714           │generate_rollouts=19.176               │rollout/generate_one_epoch=17.994     │
│rollout/predict=2.890                  │rollout/rollout/generate=17.995        │step=161.1                            │
│sync_weights=1.183                     │                                       │                                      │
│                                                                                                                      │
├──────────────────────────────────────────────────── Environment ─────────────────────────────────────────────────────┤
│                                                                                                                      │
│episode_len=200.0                      │num_trajectories=2                     │return=0.0                            │
│reward=0.0                             │success_once=0.0                       │                                      │
│                                                                                                                      │
├────────────────────────────────────────────────────── Rollout ───────────────────────────────────────────────────────┤
│                                                                                                                      │
│qam/global_inserts=20.000              │qam/global_total_inserts=1401.0        │qam/local_inserts=10.000              │
│qam/local_replay_size=700.5            │                                       │                                      │
│                                                                                                                      │
├─────────────────────────────────────────────────── Training/Other ───────────────────────────────────────────────────┤
│                                                                                                                      │
│qam/am_enabled_next_update=1.000       │qam/am_loss=6.179                      │qam/am_updates_run=20.000             │
│qam/configured_phase=2.000             │qam/critic_grad_norm=0.586             │qam/critic_loss=0.011                 │
│qam/critic_updates=889.0               │qam/fine_grad_norm=3329.3              │qam/fine_lr=2.00e-05                  │
│qam/fine_policy_version=377.0          │qam/fine_updates=377.0                 │qam/global_inserts=20.000             │
│qam/global_total_inserts=1401.0        │qam/local_inserts=10.000               │qam/local_replay_size=700.5           │
│qam/pending_update_credit=0.0000       │qam/phase=2.000                        │qam/prefix_roundtrip_max_relative_l2=…│
│qam/prefix_roundtrip_mean_abs=0.0085   │qam/prefix_roundtrip_min_cosine=1.000  │qam/q_mean=-0.625                     │
│qam/q_only_anchor_global_inserts=512.0 │qam/q_std_heads=0.028                  │qam/replay_ready=1.000                │
│qam/td_target_mean=-0.627              │qam/terminal_adjoint_norm=0.0095       │qam/updates_run=20.000                │
│                                                                                                                      │
╰──────────────────────────────────────────────────────────────────────────────────────────────────────────────────────╯

[36m(RolloutGroup(rank=0) pid=212798)[0m Generating Rollout Epochs:   0%|          | 0/1 [00:00<?, ?it/s]
[36m(RolloutGroup(rank=0) pid=212798)[0m Generating Rollout Epochs: 100%|██████████| 1/1 [00:17<00:00, 17.82s/it]Generating Rollout Epochs: 100%|██████████| 1/1 [00:17<00:00, 17.82s/it]

╭──────────────────────────────────────────────────────────────────────────────────────────────────────────────────────╮
├──────────────────────────────────────────────────── Metric Table ────────────────────────────────────────────────────┤
│ Global Step:   72/100 │ Progress: ████████████████████████████░░░░░░░░░░░░ │  72.0%                                  │
│ Elapsed: 01:15:49 │ ETA: 45:10 │ Step Time: 96.790s                                                                  │
├──────────────────────────────────────────────────────── Time ────────────────────────────────────────────────────────┤
│                                                                                                                      │
│actor/actor/recv_traj=18.908           │actor/actor/sync_model_to_rollout=0.660│actor/run_training=140.8              │
│cal_adv_and_returns=0.0025             │env/compute_bootstrap_rewards=7.51e-04 │env/env/bootstrap_step=7.073          │
│env/env/send_rollout_trajectories=0.435│env/env_interact_step=7.522            │env/interact=18.542                   │
│env/run_interact_once=18.542           │generate_rollouts=19.001               │rollout/generate_one_epoch=17.815     │
│rollout/predict=3.053                  │rollout/rollout/generate=17.816        │step=160.9                            │
│sync_weights=1.120                     │                                       │                                      │
│                                                                                                                      │
├──────────────────────────────────────────────────── Environment ─────────────────────────────────────────────────────┤
│                                                                                                                      │
│episode_len=200.0                      │num_trajectories=2                     │return=0.5                            │
│reward=0.0025                          │success_once=0.5                       │                                      │
│                                                                                                                      │
├────────────────────────────────────────────────────── Rollout ───────────────────────────────────────────────────────┤
│                                                                                                                      │
│qam/global_inserts=20.000              │qam/global_total_inserts=1421.0        │qam/local_inserts=10.000              │
│qam/local_replay_size=710.5            │                                       │                                      │
│                                                                                                                      │
├─────────────────────────────────────────────────── Training/Other ───────────────────────────────────────────────────┤
│                                                                                                                      │
│qam/am_enabled_next_update=1.000       │qam/am_loss=6.082                      │qam/am_updates_run=20.000             │
│qam/configured_phase=2.000             │qam/critic_grad_norm=0.444             │qam/critic_loss=0.015                 │
│qam/critic_updates=909.0               │qam/fine_grad_norm=2837.5              │qam/fine_lr=2.00e-05                  │
│qam/fine_policy_version=397.0          │qam/fine_updates=397.0                 │qam/global_inserts=20.000             │
│qam/global_total_inserts=1421.0        │qam/local_inserts=10.000               │qam/local_replay_size=710.5           │
│qam/pending_update_credit=0.0000       │qam/phase=2.000                        │qam/prefix_roundtrip_max_relative_l2=…│
│qam/prefix_roundtrip_mean_abs=0.0086   │qam/prefix_roundtrip_min_cosine=1.000  │qam/q_mean=-0.622                     │
│qam/q_only_anchor_global_inserts=512.0 │qam/q_std_heads=0.027                  │qam/replay_ready=1.000                │
│qam/td_target_mean=-0.619              │qam/terminal_adjoint_norm=0.0095       │qam/updates_run=20.000                │
│                                                                                                                      │
╰──────────────────────────────────────────────────────────────────────────────────────────────────────────────────────╯

[36m(RolloutGroup(rank=0) pid=212798)[0m Generating Rollout Epochs:   0%|          | 0/1 [00:00<?, ?it/s]
[36m(RolloutGroup(rank=0) pid=212798)[0m Generating Rollout Epochs: 100%|██████████| 1/1 [00:17<00:00, 17.66s/it]Generating Rollout Epochs: 100%|██████████| 1/1 [00:17<00:00, 17.66s/it]

╭──────────────────────────────────────────────────────────────────────────────────────────────────────────────────────╮
├──────────────────────────────────────────────────── Metric Table ────────────────────────────────────────────────────┤
│ Global Step:   73/100 │ Progress: █████████████████████████████░░░░░░░░░░░ │  73.0%                                  │
│ Elapsed: 01:18:29 │ ETA: 44:08 │ Step Time: 98.109s                                                                  │
├──────────────────────────────────────────────────────── Time ────────────────────────────────────────────────────────┤
│                                                                                                                      │
│actor/actor/recv_traj=18.985           │actor/actor/sync_model_to_rollout=0.676│actor/run_training=139.8              │
│cal_adv_and_returns=0.0027             │env/compute_bootstrap_rewards=7.95e-04 │env/env/bootstrap_step=6.853          │
│env/env/send_rollout_trajectories=0.444│env/env_interact_step=7.601            │env/interact=18.593                   │
│env/run_interact_once=18.593           │generate_rollouts=19.079               │rollout/generate_one_epoch=17.845     │
│rollout/predict=3.022                  │rollout/rollout/generate=17.845        │step=160.1                            │
│sync_weights=1.204                     │                                       │                                      │
│                                                                                                                      │
├──────────────────────────────────────────────────── Environment ─────────────────────────────────────────────────────┤
│                                                                                                                      │
│episode_len=200.0                      │num_trajectories=2                     │return=0.0                            │
│reward=0.0                             │success_once=0.0                       │                                      │
│                                                                                                                      │
├────────────────────────────────────────────────────── Rollout ───────────────────────────────────────────────────────┤
│                                                                                                                      │
│qam/global_inserts=20.000              │qam/global_total_inserts=1441.0        │qam/local_inserts=10.000              │
│qam/local_replay_size=720.5            │                                       │                                      │
│                                                                                                                      │
├─────────────────────────────────────────────────── Training/Other ───────────────────────────────────────────────────┤
│                                                                                                                      │
│qam/am_enabled_next_update=1.000       │qam/am_loss=5.464                      │qam/am_updates_run=20.000             │
│qam/configured_phase=2.000             │qam/critic_grad_norm=0.768             │qam/critic_loss=0.025                 │
│qam/critic_updates=929.0               │qam/fine_grad_norm=2539.0              │qam/fine_lr=2.00e-05                  │
│qam/fine_policy_version=417.0          │qam/fine_updates=417.0                 │qam/global_inserts=20.000             │
│qam/global_total_inserts=1441.0        │qam/local_inserts=10.000               │qam/local_replay_size=720.5           │
│qam/pending_update_credit=0.0000       │qam/phase=2.000                        │qam/prefix_roundtrip_max_relative_l2=…│
│qam/prefix_roundtrip_mean_abs=0.0085   │qam/prefix_roundtrip_min_cosine=1.000  │qam/q_mean=-0.609                     │
│qam/q_only_anchor_global_inserts=512.0 │qam/q_std_heads=0.043                  │qam/replay_ready=1.000                │
│qam/td_target_mean=-0.603              │qam/terminal_adjoint_norm=0.0097       │qam/updates_run=20.000                │
│                                                                                                                      │
╰──────────────────────────────────────────────────────────────────────────────────────────────────────────────────────╯

[36m(RolloutGroup(rank=0) pid=212798)[0m Generating Rollout Epochs:   0%|          | 0/1 [00:00<?, ?it/s]
[36m(RolloutGroup(rank=0) pid=212798)[0m Generating Rollout Epochs: 100%|██████████| 1/1 [00:18<00:00, 18.16s/it]Generating Rollout Epochs: 100%|██████████| 1/1 [00:18<00:00, 18.16s/it]

╭──────────────────────────────────────────────────────────────────────────────────────────────────────────────────────╮
├──────────────────────────────────────────────────── Metric Table ────────────────────────────────────────────────────┤
│ Global Step:   74/100 │ Progress: █████████████████████████████░░░░░░░░░░░ │  74.0%                                  │
│ Elapsed: 01:21:10 │ ETA: 43:04 │ Step Time: 99.397s                                                                  │
├──────────────────────────────────────────────────────── Time ────────────────────────────────────────────────────────┤
│                                                                                                                      │
│actor/actor/recv_traj=19.257           │actor/actor/sync_model_to_rollout=0.655│actor/run_training=140.7              │
│cal_adv_and_returns=0.0024             │env/compute_bootstrap_rewards=8.25e-04 │env/env/bootstrap_step=7.069          │
│env/env/send_rollout_trajectories=0.421│env/env_interact_step=7.782            │env/interact=18.892                   │
│env/run_interact_once=18.892           │generate_rollouts=19.351               │rollout/generate_one_epoch=18.163     │
│rollout/predict=2.988                  │rollout/rollout/generate=18.164        │step=161.2                            │
│sync_weights=1.126                     │                                       │                                      │
│                                                                                                                      │
├──────────────────────────────────────────────────── Environment ─────────────────────────────────────────────────────┤
│                                                                                                                      │
│episode_len=200.0                      │num_trajectories=2                     │return=0.0                            │
│reward=0.0                             │success_once=0.0                       │                                      │
│                                                                                                                      │
├────────────────────────────────────────────────────── Rollout ───────────────────────────────────────────────────────┤
│                                                                                                                      │
│qam/global_inserts=20.000              │qam/global_total_inserts=1461.0        │qam/local_inserts=10.000              │
│qam/local_replay_size=730.5            │                                       │                                      │
│                                                                                                                      │
├─────────────────────────────────────────────────── Training/Other ───────────────────────────────────────────────────┤
│                                                                                                                      │
│qam/am_enabled_next_update=1.000       │qam/am_loss=6.740                      │qam/am_updates_run=20.000             │
│qam/configured_phase=2.000             │qam/critic_grad_norm=0.835             │qam/critic_loss=0.015                 │
│qam/critic_updates=949.0               │qam/fine_grad_norm=3630.3              │qam/fine_lr=2.00e-05                  │
│qam/fine_policy_version=437.0          │qam/fine_updates=437.0                 │qam/global_inserts=20.000             │
│qam/global_total_inserts=1461.0        │qam/local_inserts=10.000               │qam/local_replay_size=730.5           │
│qam/pending_update_credit=0.0000       │qam/phase=2.000                        │qam/prefix_roundtrip_max_relative_l2=…│
│qam/prefix_roundtrip_mean_abs=0.0085   │qam/prefix_roundtrip_min_cosine=1.000  │qam/q_mean=-0.583                     │
│qam/q_only_anchor_global_inserts=512.0 │qam/q_std_heads=0.053                  │qam/replay_ready=1.000                │
│qam/td_target_mean=-0.582              │qam/terminal_adjoint_norm=0.0098       │qam/updates_run=20.000                │
│                                                                                                                      │
╰──────────────────────────────────────────────────────────────────────────────────────────────────────────────────────╯

[36m(RolloutGroup(rank=0) pid=212798)[0m Generating Rollout Epochs:   0%|          | 0/1 [00:00<?, ?it/s]
[36m(RolloutGroup(rank=0) pid=212798)[0m Generating Rollout Epochs: 100%|██████████| 1/1 [00:18<00:00, 18.03s/it]Generating Rollout Epochs: 100%|██████████| 1/1 [00:18<00:00, 18.03s/it]
[INFO 02:32:25 RLinf] Saving checkpoint at step 75.

╭──────────────────────────────────────────────────────────────────────────────────────────────────────────────────────╮
├──────────────────────────────────────────────────── Metric Table ────────────────────────────────────────────────────┤
│ Global Step:   75/100 │ Progress: ██████████████████████████████░░░░░░░░░░ │  75.0%                                  │
│ Elapsed: 01:24:03 │ ETA: 42:01 │ Step Time: 100.873s                                                                 │
├──────────────────────────────────────────────────────── Time ────────────────────────────────────────────────────────┤
│                                                                                                                      │
│actor/actor/recv_traj=19.078           │actor/actor/sync_model_to_rollout=0.653│actor/run_training=133.9              │
│cal_adv_and_returns=0.0028             │env/compute_bootstrap_rewards=7.68e-04 │env/env/bootstrap_step=6.952          │
│env/env/send_rollout_trajectories=0.503│env/env_interact_step=7.774            │env/interact=18.716                   │
│env/run_interact_once=18.716           │generate_rollouts=19.169               │rollout/generate_one_epoch=18.028     │
│rollout/predict=2.952                  │rollout/rollout/generate=18.028        │step=173.2                            │
│sync_weights=1.096                     │                                       │                                      │
│                                                                                                                      │
├──────────────────────────────────────────────────── Environment ─────────────────────────────────────────────────────┤
│                                                                                                                      │
│episode_len=200.0                      │num_trajectories=2                     │return=0.5                            │
│reward=0.0025                          │success_once=0.5                       │                                      │
│                                                                                                                      │
├────────────────────────────────────────────────────── Rollout ───────────────────────────────────────────────────────┤
│                                                                                                                      │
│qam/global_inserts=19.000              │qam/global_total_inserts=1480.0        │qam/local_inserts=9.500               │
│qam/local_replay_size=740.0            │                                       │                                      │
│                                                                                                                      │
├─────────────────────────────────────────────────── Training/Other ───────────────────────────────────────────────────┤
│                                                                                                                      │
│qam/am_enabled_next_update=1.000       │qam/am_loss=6.180                      │qam/am_updates_run=19.000             │
│qam/configured_phase=2.000             │qam/critic_grad_norm=0.844             │qam/critic_loss=0.015                 │
│qam/critic_updates=968.0               │qam/fine_grad_norm=3807.0              │qam/fine_lr=2.00e-05                  │
│qam/fine_policy_version=456.0          │qam/fine_updates=456.0                 │qam/global_inserts=19.000             │
│qam/global_total_inserts=1480.0        │qam/local_inserts=9.500                │qam/local_replay_size=740.0           │
│qam/pending_update_credit=0.0000       │qam/phase=2.000                        │qam/prefix_roundtrip_max_relative_l2=…│
│qam/prefix_roundtrip_mean_abs=0.0085   │qam/prefix_roundtrip_min_cosine=1.000  │qam/q_mean=-0.581                     │
│qam/q_only_anchor_global_inserts=512.0 │qam/q_std_heads=0.047                  │qam/replay_ready=1.000                │
│qam/td_target_mean=-0.586              │qam/terminal_adjoint_norm=0.0093       │qam/updates_run=19.000                │
│                                                                                                                      │
╰──────────────────────────────────────────────────────────────────────────────────────────────────────────────────────╯

[36m(RolloutGroup(rank=0) pid=212798)[0m Generating Rollout Epochs:   0%|          | 0/1 [00:00<?, ?it/s]
[36m(RolloutGroup(rank=0) pid=212798)[0m Generating Rollout Epochs: 100%|██████████| 1/1 [00:18<00:00, 18.04s/it]Generating Rollout Epochs: 100%|██████████| 1/1 [00:18<00:00, 18.04s/it]

╭──────────────────────────────────────────────────────────────────────────────────────────────────────────────────────╮
├──────────────────────────────────────────────────── Metric Table ────────────────────────────────────────────────────┤
│ Global Step:   76/100 │ Progress: ██████████████████████████████░░░░░░░░░░ │  76.0%                                  │
│ Elapsed: 01:26:46 │ ETA: 40:50 │ Step Time: 102.092s                                                                 │
├──────────────────────────────────────────────────────── Time ────────────────────────────────────────────────────────┤
│                                                                                                                      │
│actor/actor/recv_traj=19.118           │actor/actor/sync_model_to_rollout=0.563│actor/run_training=142.7              │
│cal_adv_and_returns=0.0023             │env/compute_bootstrap_rewards=8.09e-04 │env/env/bootstrap_step=6.961          │
│env/env/send_rollout_trajectories=0.451│env/env_interact_step=7.744            │env/interact=18.742                   │
│env/run_interact_once=18.742           │generate_rollouts=19.210               │rollout/generate_one_epoch=18.043     │
│rollout/predict=2.975                  │rollout/rollout/generate=18.044        │step=163.0                            │
│sync_weights=1.136                     │                                       │                                      │
│                                                                                                                      │
├──────────────────────────────────────────────────── Environment ─────────────────────────────────────────────────────┤
│                                                                                                                      │
│episode_len=200.0                      │num_trajectories=2                     │return=0.0                            │
│reward=0.0                             │success_once=0.0                       │                                      │
│                                                                                                                      │
├────────────────────────────────────────────────────── Rollout ───────────────────────────────────────────────────────┤
│                                                                                                                      │
│qam/global_inserts=20.000              │qam/global_total_inserts=1500.0        │qam/local_inserts=10.000              │
│qam/local_replay_size=750.0            │                                       │                                      │
│                                                                                                                      │
├─────────────────────────────────────────────────── Training/Other ───────────────────────────────────────────────────┤
│                                                                                                                      │
│qam/am_enabled_next_update=1.000       │qam/am_loss=5.949                      │qam/am_updates_run=20.000             │
│qam/configured_phase=2.000             │qam/critic_grad_norm=0.802             │qam/critic_loss=0.024                 │
│qam/critic_updates=988.0               │qam/fine_grad_norm=3590.5              │qam/fine_lr=2.00e-05                  │
│qam/fine_policy_version=476.0          │qam/fine_updates=476.0                 │qam/global_inserts=20.000             │
│qam/global_total_inserts=1500.0        │qam/local_inserts=10.000               │qam/local_replay_size=750.0           │
│qam/pending_update_credit=0.0000       │qam/phase=2.000                        │qam/prefix_roundtrip_max_relative_l2=…│
│qam/prefix_roundtrip_mean_abs=0.0084   │qam/prefix_roundtrip_min_cosine=1.000  │qam/q_mean=-0.574                     │
│qam/q_only_anchor_global_inserts=512.0 │qam/q_std_heads=0.059                  │qam/replay_ready=1.000                │
│qam/td_target_mean=-0.570              │qam/terminal_adjoint_norm=0.0093       │qam/updates_run=20.000                │
│                                                                                                                      │
╰──────────────────────────────────────────────────────────────────────────────────────────────────────────────────────╯

[36m(RolloutGroup(rank=0) pid=212798)[0m Generating Rollout Epochs:   0%|          | 0/1 [00:00<?, ?it/s]
[36m(RolloutGroup(rank=0) pid=212798)[0m Generating Rollout Epochs: 100%|██████████| 1/1 [00:17<00:00, 17.59s/it]Generating Rollout Epochs: 100%|██████████| 1/1 [00:17<00:00, 17.60s/it]

╭──────────────────────────────────────────────────────────────────────────────────────────────────────────────────────╮
├──────────────────────────────────────────────────── Metric Table ────────────────────────────────────────────────────┤
│ Global Step:   77/100 │ Progress: ██████████████████████████████░░░░░░░░░░ │  77.0%                                  │
│ Elapsed: 01:29:30 │ ETA: 39:35 │ Step Time: 103.272s                                                                 │
├──────────────────────────────────────────────────────── Time ────────────────────────────────────────────────────────┤
│                                                                                                                      │
│actor/actor/recv_traj=19.593           │actor/actor/sync_model_to_rollout=0.634│actor/run_training=142.6              │
│cal_adv_and_returns=0.0028             │env/compute_bootstrap_rewards=7.70e-04 │env/env/bootstrap_step=7.186          │
│env/env/send_rollout_trajectories=0.473│env/env_interact_step=7.921            │env/interact=19.177                   │
│env/run_interact_once=19.177           │generate_rollouts=19.690               │rollout/generate_one_epoch=18.508     │
│rollout/predict=3.036                  │rollout/rollout/generate=18.508        │step=163.4                            │
│sync_weights=1.072                     │                                       │                                      │
│                                                                                                                      │
├──────────────────────────────────────────────────── Environment ─────────────────────────────────────────────────────┤
│                                                                                                                      │
│episode_len=200.0                      │num_trajectories=2                     │return=0.5                            │
│reward=0.0025                          │success_once=0.5                       │                                      │
│                                                                                                                      │
├────────────────────────────────────────────────────── Rollout ───────────────────────────────────────────────────────┤
│                                                                                                                      │
│qam/global_inserts=20.000              │qam/global_total_inserts=1520.0        │qam/local_inserts=10.000              │
│qam/local_replay_size=760.0            │                                       │                                      │
│                                                                                                                      │
├─────────────────────────────────────────────────── Training/Other ───────────────────────────────────────────────────┤
│                                                                                                                      │
│qam/am_enabled_next_update=1.000       │qam/am_loss=5.399                      │qam/am_updates_run=20.000             │
│qam/configured_phase=2.000             │qam/critic_grad_norm=0.784             │qam/critic_loss=0.018                 │
│qam/critic_updates=1008.0              │qam/fine_grad_norm=2386.5              │qam/fine_lr=2.00e-05                  │
│qam/fine_policy_version=496.0          │qam/fine_updates=496.0                 │qam/global_inserts=20.000             │
│qam/global_total_inserts=1520.0        │qam/local_inserts=10.000               │qam/local_replay_size=760.0           │
│qam/pending_update_credit=0.0000       │qam/phase=2.000                        │qam/prefix_roundtrip_max_relative_l2=…│
│qam/prefix_roundtrip_mean_abs=0.0085   │qam/prefix_roundtrip_min_cosine=1.000  │qam/q_mean=-0.555                     │
│qam/q_only_anchor_global_inserts=512.0 │qam/q_std_heads=0.055                  │qam/replay_ready=1.000                │
│qam/td_target_mean=-0.554              │qam/terminal_adjoint_norm=0.0095       │qam/updates_run=20.000                │
│                                                                                                                      │
╰──────────────────────────────────────────────────────────────────────────────────────────────────────────────────────╯

[36m(RolloutGroup(rank=0) pid=212798)[0m Generating Rollout Epochs:   0%|          | 0/1 [00:00<?, ?it/s]
[36m(RolloutGroup(rank=0) pid=212798)[0m Generating Rollout Epochs: 100%|██████████| 1/1 [00:17<00:00, 17.52s/it]Generating Rollout Epochs: 100%|██████████| 1/1 [00:17<00:00, 17.52s/it]

╭──────────────────────────────────────────────────────────────────────────────────────────────────────────────────────╮
├──────────────────────────────────────────────────── Metric Table ────────────────────────────────────────────────────┤
│ Global Step:   78/100 │ Progress: ███████████████████████████████░░░░░░░░░ │  78.0%                                  │
│ Elapsed: 01:32:12 │ ETA: 38:16 │ Step Time: 104.383s                                                                 │
├──────────────────────────────────────────────────────── Time ────────────────────────────────────────────────────────┤
│                                                                                                                      │
│actor/actor/recv_traj=19.343           │actor/actor/sync_model_to_rollout=0.683│actor/run_training=141.5              │
│cal_adv_and_returns=0.0026             │env/compute_bootstrap_rewards=8.30e-04 │env/env/bootstrap_step=7.185          │
│env/env/send_rollout_trajectories=0.458│env/env_interact_step=7.638            │env/interact=18.933                   │
│env/run_interact_once=18.933           │generate_rollouts=19.439               │rollout/generate_one_epoch=18.193     │
│rollout/predict=3.003                  │rollout/rollout/generate=18.194        │step=162.2                            │
│sync_weights=1.191                     │                                       │                                      │
│                                                                                                                      │
├──────────────────────────────────────────────────── Environment ─────────────────────────────────────────────────────┤
│                                                                                                                      │
│episode_len=200.0                      │num_trajectories=2                     │return=0.0                            │
│reward=0.0                             │success_once=0.0                       │                                      │
│                                                                                                                      │
├────────────────────────────────────────────────────── Rollout ───────────────────────────────────────────────────────┤
│                                                                                                                      │
│qam/global_inserts=20.000              │qam/global_total_inserts=1540.0        │qam/local_inserts=10.000              │
│qam/local_replay_size=770.0            │                                       │                                      │
│                                                                                                                      │
├─────────────────────────────────────────────────── Training/Other ───────────────────────────────────────────────────┤
│                                                                                                                      │
│qam/am_enabled_next_update=1.000       │qam/am_loss=6.194                      │qam/am_updates_run=20.000             │
│qam/configured_phase=2.000             │qam/critic_grad_norm=0.739             │qam/critic_loss=0.016                 │
│qam/critic_updates=1028.0              │qam/fine_grad_norm=3346.1              │qam/fine_lr=2.00e-05                  │
│qam/fine_policy_version=516.0          │qam/fine_updates=516.0                 │qam/global_inserts=20.000             │
│qam/global_total_inserts=1540.0        │qam/local_inserts=10.000               │qam/local_replay_size=770.0           │
│qam/pending_update_credit=0.0000       │qam/phase=2.000                        │qam/prefix_roundtrip_max_relative_l2=…│
│qam/prefix_roundtrip_mean_abs=0.0085   │qam/prefix_roundtrip_min_cosine=1.000  │qam/q_mean=-0.537                     │
│qam/q_only_anchor_global_inserts=512.0 │qam/q_std_heads=0.058                  │qam/replay_ready=1.000                │
│qam/td_target_mean=-0.535              │qam/terminal_adjoint_norm=0.0095       │qam/updates_run=20.000                │
│                                                                                                                      │
╰──────────────────────────────────────────────────────────────────────────────────────────────────────────────────────╯

[36m(RolloutGroup(rank=0) pid=212798)[0m Generating Rollout Epochs:   0%|          | 0/1 [00:00<?, ?it/s]
[36m(RolloutGroup(rank=0) pid=212798)[0m Generating Rollout Epochs: 100%|██████████| 1/1 [00:18<00:00, 18.00s/it]Generating Rollout Epochs: 100%|██████████| 1/1 [00:18<00:00, 18.00s/it]

╭──────────────────────────────────────────────────────────────────────────────────────────────────────────────────────╮
├──────────────────────────────────────────────────── Metric Table ────────────────────────────────────────────────────┤
│ Global Step:   79/100 │ Progress: ███████████████████████████████░░░░░░░░░ │  79.0%                                  │
│ Elapsed: 01:34:53 │ ETA: 36:54 │ Step Time: 105.436s                                                                 │
├──────────────────────────────────────────────────────── Time ────────────────────────────────────────────────────────┤
│                                                                                                                      │
│actor/actor/recv_traj=19.167           │actor/actor/sync_model_to_rollout=0.642│actor/run_training=140.8              │
│cal_adv_and_returns=0.0026             │env/compute_bootstrap_rewards=7.61e-04 │env/env/bootstrap_step=6.950          │
│env/env/send_rollout_trajectories=0.446│env/env_interact_step=7.791            │env/interact=18.748                   │
│env/run_interact_once=18.748           │generate_rollouts=19.266               │rollout/generate_one_epoch=18.003     │
│rollout/predict=2.971                  │rollout/rollout/generate=18.004        │step=161.2                            │
│sync_weights=1.164                     │                                       │                                      │
│                                                                                                                      │
├──────────────────────────────────────────────────── Environment ─────────────────────────────────────────────────────┤
│                                                                                                                      │
│episode_len=200.0                      │num_trajectories=2                     │return=0.0                            │
│reward=0.0                             │success_once=0.0                       │                                      │
│                                                                                                                      │
├────────────────────────────────────────────────────── Rollout ───────────────────────────────────────────────────────┤
│                                                                                                                      │
│qam/global_inserts=20.000              │qam/global_total_inserts=1560.0        │qam/local_inserts=10.000              │
│qam/local_replay_size=780.0            │                                       │                                      │
│                                                                                                                      │
├─────────────────────────────────────────────────── Training/Other ───────────────────────────────────────────────────┤
│                                                                                                                      │
│qam/am_enabled_next_update=1.000       │qam/am_loss=6.268                      │qam/am_updates_run=20.000             │
│qam/configured_phase=2.000             │qam/critic_grad_norm=0.736             │qam/critic_loss=0.014                 │
│qam/critic_updates=1048.0              │qam/fine_grad_norm=3751.0              │qam/fine_lr=2.00e-05                  │
│qam/fine_policy_version=536.0          │qam/fine_updates=536.0                 │qam/global_inserts=20.000             │
│qam/global_total_inserts=1560.0        │qam/local_inserts=10.000               │qam/local_replay_size=780.0           │
│qam/pending_update_credit=0.0000       │qam/phase=2.000                        │qam/prefix_roundtrip_max_relative_l2=…│
│qam/prefix_roundtrip_mean_abs=0.0084   │qam/prefix_roundtrip_min_cosine=1.000  │qam/q_mean=-0.536                     │
│qam/q_only_anchor_global_inserts=512.0 │qam/q_std_heads=0.049                  │qam/replay_ready=1.000                │
│qam/td_target_mean=-0.536              │qam/terminal_adjoint_norm=0.0096       │qam/updates_run=20.000                │
│                                                                                                                      │
╰──────────────────────────────────────────────────────────────────────────────────────────────────────────────────────╯

[36m(RolloutGroup(rank=0) pid=212798)[0m Generating Rollout Epochs:   0%|          | 0/1 [00:00<?, ?it/s]
[36m(RolloutGroup(rank=0) pid=212798)[0m Generating Rollout Epochs: 100%|██████████| 1/1 [00:17<00:00, 17.90s/it]Generating Rollout Epochs: 100%|██████████| 1/1 [00:17<00:00, 17.90s/it]

╭──────────────────────────────────────────────────────────────────────────────────────────────────────────────────────╮
├──────────────────────────────────────────────────── Metric Table ────────────────────────────────────────────────────┤
│ Global Step:   80/100 │ Progress: ████████████████████████████████░░░░░░░░ │  80.0%                                  │
│ Elapsed: 01:37:35 │ ETA: 35:29 │ Step Time: 106.461s                                                                 │
├──────────────────────────────────────────────────────── Time ────────────────────────────────────────────────────────┤
│                                                                                                                      │
│actor/actor/recv_traj=19.294           │actor/actor/sync_model_to_rollout=0.637│actor/run_training=141.3              │
│cal_adv_and_returns=0.0025             │env/compute_bootstrap_rewards=7.26e-04 │env/env/bootstrap_step=6.937          │
│env/env/send_rollout_trajectories=0.477│env/env_interact_step=7.942            │env/interact=18.901                   │
│env/run_interact_once=18.901           │generate_rollouts=19.387               │rollout/generate_one_epoch=18.123     │
│rollout/predict=3.024                  │rollout/rollout/generate=18.123        │step=161.8                            │
│sync_weights=1.084                     │                                       │                                      │
│                                                                                                                      │
├──────────────────────────────────────────────────── Environment ─────────────────────────────────────────────────────┤
│                                                                                                                      │
│episode_len=200.0                      │num_trajectories=2                     │return=0.0                            │
│reward=0.0                             │success_once=0.0                       │                                      │
│                                                                                                                      │
├────────────────────────────────────────────────────── Rollout ───────────────────────────────────────────────────────┤
│                                                                                                                      │
│qam/global_inserts=20.000              │qam/global_total_inserts=1580.0        │qam/local_inserts=10.000              │
│qam/local_replay_size=790.0            │                                       │                                      │
│                                                                                                                      │
├─────────────────────────────────────────────────── Training/Other ───────────────────────────────────────────────────┤
│                                                                                                                      │
│qam/am_enabled_next_update=1.000       │qam/am_loss=6.096                      │qam/am_updates_run=20.000             │
│qam/configured_phase=2.000             │qam/critic_grad_norm=0.998             │qam/critic_loss=0.018                 │
│qam/critic_updates=1068.0              │qam/fine_grad_norm=3708.9              │qam/fine_lr=2.00e-05                  │
│qam/fine_policy_version=556.0          │qam/fine_updates=556.0                 │qam/global_inserts=20.000             │
│qam/global_total_inserts=1580.0        │qam/local_inserts=10.000               │qam/local_replay_size=790.0           │
│qam/pending_update_credit=0.0000       │qam/phase=2.000                        │qam/prefix_roundtrip_max_relative_l2=…│
│qam/prefix_roundtrip_mean_abs=0.0084   │qam/prefix_roundtrip_min_cosine=1.000  │qam/q_mean=-0.520                     │
│qam/q_only_anchor_global_inserts=512.0 │qam/q_std_heads=0.045                  │qam/replay_ready=1.000                │
│qam/td_target_mean=-0.523              │qam/terminal_adjoint_norm=0.0097       │qam/updates_run=20.000                │
│                                                                                                                      │
╰──────────────────────────────────────────────────────────────────────────────────────────────────────────────────────╯

[36m(RolloutGroup(rank=0) pid=212798)[0m Generating Rollout Epochs:   0%|          | 0/1 [00:00<?, ?it/s]
[36m(RolloutGroup(rank=0) pid=212798)[0m Generating Rollout Epochs: 100%|██████████| 1/1 [00:17<00:00, 17.82s/it]Generating Rollout Epochs: 100%|██████████| 1/1 [00:17<00:00, 17.82s/it]

╭──────────────────────────────────────────────────────────────────────────────────────────────────────────────────────╮
├──────────────────────────────────────────────────── Metric Table ────────────────────────────────────────────────────┤
│ Global Step:   81/100 │ Progress: ████████████████████████████████░░░░░░░░ │  81.0%                                  │
│ Elapsed: 01:40:10 │ ETA: 33:59 │ Step Time: 107.328s                                                                 │
├──────────────────────────────────────────────────────── Time ────────────────────────────────────────────────────────┤
│                                                                                                                      │
│actor/actor/recv_traj=18.967           │actor/actor/sync_model_to_rollout=0.642│actor/run_training=134.7              │
│cal_adv_and_returns=0.0025             │env/compute_bootstrap_rewards=7.45e-04 │env/env/bootstrap_step=7.131          │
│env/env/send_rollout_trajectories=0.436│env/env_interact_step=7.544            │env/interact=18.562                   │
│env/run_interact_once=18.562           │generate_rollouts=19.059               │rollout/generate_one_epoch=17.824     │
│rollout/predict=2.998                  │rollout/rollout/generate=17.824        │step=155.0                            │
│sync_weights=1.206                     │                                       │                                      │
│                                                                                                                      │
├──────────────────────────────────────────────────── Environment ─────────────────────────────────────────────────────┤
│                                                                                                                      │
│episode_len=200.0                      │num_trajectories=2                     │return=1.0                            │
│reward=0.005                           │success_once=1.0                       │                                      │
│                                                                                                                      │
├────────────────────────────────────────────────────── Rollout ───────────────────────────────────────────────────────┤
│                                                                                                                      │
│qam/global_inserts=19.000              │qam/global_total_inserts=1599.0        │qam/local_inserts=9.500               │
│qam/local_replay_size=799.5            │                                       │                                      │
│                                                                                                                      │
├─────────────────────────────────────────────────── Training/Other ───────────────────────────────────────────────────┤
│                                                                                                                      │
│qam/am_enabled_next_update=1.000       │qam/am_loss=6.189                      │qam/am_updates_run=19.000             │
│qam/configured_phase=2.000             │qam/critic_grad_norm=0.688             │qam/critic_loss=0.0094                │
│qam/critic_updates=1087.0              │qam/fine_grad_norm=3587.9              │qam/fine_lr=2.00e-05                  │
│qam/fine_policy_version=575.0          │qam/fine_updates=575.0                 │qam/global_inserts=19.000             │
│qam/global_total_inserts=1599.0        │qam/local_inserts=9.500                │qam/local_replay_size=799.5           │
│qam/pending_update_credit=0.0000       │qam/phase=2.000                        │qam/prefix_roundtrip_max_relative_l2=…│
│qam/prefix_roundtrip_mean_abs=0.0085   │qam/prefix_roundtrip_min_cosine=1.000  │qam/q_mean=-0.528                     │
│qam/q_only_anchor_global_inserts=512.0 │qam/q_std_heads=0.043                  │qam/replay_ready=1.000                │
│qam/td_target_mean=-0.529              │qam/terminal_adjoint_norm=0.0089       │qam/updates_run=19.000                │
│                                                                                                                      │
╰──────────────────────────────────────────────────────────────────────────────────────────────────────────────────────╯

[36m(RolloutGroup(rank=0) pid=212798)[0m Generating Rollout Epochs:   0%|          | 0/1 [00:00<?, ?it/s]
[36m(RolloutGroup(rank=0) pid=212798)[0m Generating Rollout Epochs: 100%|██████████| 1/1 [00:17<00:00, 17.80s/it]Generating Rollout Epochs: 100%|██████████| 1/1 [00:17<00:00, 17.80s/it]

╭──────────────────────────────────────────────────────────────────────────────────────────────────────────────────────╮
├──────────────────────────────────────────────────── Metric Table ────────────────────────────────────────────────────┤
│ Global Step:   82/100 │ Progress: ████████████████████████████████░░░░░░░░ │  82.0%                                  │
│ Elapsed: 01:42:44 │ ETA: 32:26 │ Step Time: 108.147s                                                                 │
├──────────────────────────────────────────────────────── Time ────────────────────────────────────────────────────────┤
│                                                                                                                      │
│actor/actor/recv_traj=18.890           │actor/actor/sync_model_to_rollout=0.658│actor/run_training=133.8              │
│cal_adv_and_returns=0.0025             │env/compute_bootstrap_rewards=7.97e-04 │env/env/bootstrap_step=6.753          │
│env/env/send_rollout_trajectories=0.466│env/env_interact_step=7.893            │env/interact=18.530                   │
│env/run_interact_once=18.530           │generate_rollouts=18.982               │rollout/generate_one_epoch=17.801     │
│rollout/predict=3.009                  │rollout/rollout/generate=17.801        │step=154.0                            │
│sync_weights=1.199                     │                                       │                                      │
│                                                                                                                      │
├──────────────────────────────────────────────────── Environment ─────────────────────────────────────────────────────┤
│                                                                                                                      │
│episode_len=200.0                      │num_trajectories=2                     │return=0.5                            │
│reward=0.0025                          │success_once=0.5                       │                                      │
│                                                                                                                      │
├────────────────────────────────────────────────────── Rollout ───────────────────────────────────────────────────────┤
│                                                                                                                      │
│qam/global_inserts=19.000              │qam/global_total_inserts=1618.0        │qam/local_inserts=9.500               │
│qam/local_replay_size=809.0            │                                       │                                      │
│                                                                                                                      │
├─────────────────────────────────────────────────── Training/Other ───────────────────────────────────────────────────┤
│                                                                                                                      │
│qam/am_enabled_next_update=1.000       │qam/am_loss=6.245                      │qam/am_updates_run=19.000             │
│qam/configured_phase=2.000             │qam/critic_grad_norm=0.458             │qam/critic_loss=0.0091                │
│qam/critic_updates=1106.0              │qam/fine_grad_norm=3687.6              │qam/fine_lr=2.00e-05                  │
│qam/fine_policy_version=594.0          │qam/fine_updates=594.0                 │qam/global_inserts=19.000             │
│qam/global_total_inserts=1618.0        │qam/local_inserts=9.500                │qam/local_replay_size=809.0           │
│qam/pending_update_credit=0.0000       │qam/phase=2.000                        │qam/prefix_roundtrip_max_relative_l2=…│
│qam/prefix_roundtrip_mean_abs=0.0084   │qam/prefix_roundtrip_min_cosine=1.000  │qam/q_mean=-0.504                     │
│qam/q_only_anchor_global_inserts=512.0 │qam/q_std_heads=0.029                  │qam/replay_ready=1.000                │
│qam/td_target_mean=-0.505              │qam/terminal_adjoint_norm=0.0088       │qam/updates_run=19.000                │
│                                                                                                                      │
╰──────────────────────────────────────────────────────────────────────────────────────────────────────────────────────╯

[36m(RolloutGroup(rank=0) pid=212798)[0m Generating Rollout Epochs:   0%|          | 0/1 [00:00<?, ?it/s]
[36m(RolloutGroup(rank=0) pid=212798)[0m Generating Rollout Epochs: 100%|██████████| 1/1 [00:17<00:00, 17.82s/it]Generating Rollout Epochs: 100%|██████████| 1/1 [00:17<00:00, 17.82s/it]

╭──────────────────────────────────────────────────────────────────────────────────────────────────────────────────────╮
├──────────────────────────────────────────────────── Metric Table ────────────────────────────────────────────────────┤
│ Global Step:   83/100 │ Progress: █████████████████████████████████░░░░░░░ │  83.0%                                  │
│ Elapsed: 01:45:25 │ ETA: 30:54 │ Step Time: 109.062s                                                                 │
├──────────────────────────────────────────────────────── Time ────────────────────────────────────────────────────────┤
│                                                                                                                      │
│actor/actor/recv_traj=18.949           │actor/actor/sync_model_to_rollout=0.659│actor/run_training=141.0              │
│cal_adv_and_returns=0.0028             │env/compute_bootstrap_rewards=7.47e-04 │env/env/bootstrap_step=6.802          │
│env/env/send_rollout_trajectories=0.449│env/env_interact_step=7.830            │env/interact=18.562                   │
│env/run_interact_once=18.562           │generate_rollouts=19.045               │rollout/generate_one_epoch=17.822     │
│rollout/predict=2.998                  │rollout/rollout/generate=17.823        │step=161.2                            │
│sync_weights=1.101                     │                                       │                                      │
│                                                                                                                      │
├──────────────────────────────────────────────────── Environment ─────────────────────────────────────────────────────┤
│                                                                                                                      │
│episode_len=200.0                      │num_trajectories=2                     │return=0.0                            │
│reward=0.0                             │success_once=0.0                       │                                      │
│                                                                                                                      │
├────────────────────────────────────────────────────── Rollout ───────────────────────────────────────────────────────┤
│                                                                                                                      │
│qam/global_inserts=20.000              │qam/global_total_inserts=1638.0        │qam/local_inserts=10.000              │
│qam/local_replay_size=819.0            │                                       │                                      │
│                                                                                                                      │
├─────────────────────────────────────────────────── Training/Other ───────────────────────────────────────────────────┤
│                                                                                                                      │
│qam/am_enabled_next_update=1.000       │qam/am_loss=6.772                      │qam/am_updates_run=20.000             │
│qam/configured_phase=2.000             │qam/critic_grad_norm=0.518             │qam/critic_loss=0.013                 │
│qam/critic_updates=1126.0              │qam/fine_grad_norm=3836.3              │qam/fine_lr=2.00e-05                  │
│qam/fine_policy_version=614.0          │qam/fine_updates=614.0                 │qam/global_inserts=20.000             │
│qam/global_total_inserts=1638.0        │qam/local_inserts=10.000               │qam/local_replay_size=819.0           │
│qam/pending_update_credit=0.0000       │qam/phase=2.000                        │qam/prefix_roundtrip_max_relative_l2=…│
│qam/prefix_roundtrip_mean_abs=0.0085   │qam/prefix_roundtrip_min_cosine=1.000  │qam/q_mean=-0.505                     │
│qam/q_only_anchor_global_inserts=512.0 │qam/q_std_heads=0.027                  │qam/replay_ready=1.000                │
│qam/td_target_mean=-0.497              │qam/terminal_adjoint_norm=0.0089       │qam/updates_run=20.000                │
│                                                                                                                      │
╰──────────────────────────────────────────────────────────────────────────────────────────────────────────────────────╯

[36m(RolloutGroup(rank=0) pid=212798)[0m Generating Rollout Epochs:   0%|          | 0/1 [00:00<?, ?it/s]
[36m(RolloutGroup(rank=0) pid=212798)[0m Generating Rollout Epochs: 100%|██████████| 1/1 [00:17<00:00, 17.75s/it]Generating Rollout Epochs: 100%|██████████| 1/1 [00:17<00:00, 17.75s/it]

╭──────────────────────────────────────────────────────────────────────────────────────────────────────────────────────╮
├──────────────────────────────────────────────────── Metric Table ────────────────────────────────────────────────────┤
│ Global Step:   84/100 │ Progress: █████████████████████████████████░░░░░░░ │  84.0%                                  │
│ Elapsed: 01:48:00 │ ETA: 29:17 │ Step Time: 109.835s                                                                 │
├──────────────────────────────────────────────────────── Time ────────────────────────────────────────────────────────┤
│                                                                                                                      │
│actor/actor/recv_traj=18.789           │actor/actor/sync_model_to_rollout=0.646│actor/run_training=134.5              │
│cal_adv_and_returns=0.0026             │env/compute_bootstrap_rewards=8.33e-04 │env/env/bootstrap_step=7.011          │
│env/env/send_rollout_trajectories=0.485│env/env_interact_step=7.415            │env/interact=18.425                   │
│env/run_interact_once=18.424           │generate_rollouts=18.881               │rollout/generate_one_epoch=17.750     │
│rollout/predict=2.983                  │rollout/rollout/generate=17.750        │step=154.6                            │
│sync_weights=1.197                     │                                       │                                      │
│                                                                                                                      │
├──────────────────────────────────────────────────── Environment ─────────────────────────────────────────────────────┤
│                                                                                                                      │
│episode_len=200.0                      │num_trajectories=2                     │return=0.5                            │
│reward=0.0025                          │success_once=0.5                       │                                      │
│                                                                                                                      │
├────────────────────────────────────────────────────── Rollout ───────────────────────────────────────────────────────┤
│                                                                                                                      │
│qam/global_inserts=19.000              │qam/global_total_inserts=1657.0        │qam/local_inserts=9.500               │
│qam/local_replay_size=828.5            │                                       │                                      │
│                                                                                                                      │
├─────────────────────────────────────────────────── Training/Other ───────────────────────────────────────────────────┤
│                                                                                                                      │
│qam/am_enabled_next_update=1.000       │qam/am_loss=6.552                      │qam/am_updates_run=19.000             │
│qam/configured_phase=2.000             │qam/critic_grad_norm=0.587             │qam/critic_loss=0.011                 │
│qam/critic_updates=1145.0              │qam/fine_grad_norm=3306.3              │qam/fine_lr=2.00e-05                  │
│qam/fine_policy_version=633.0          │qam/fine_updates=633.0                 │qam/global_inserts=19.000             │
│qam/global_total_inserts=1657.0        │qam/local_inserts=9.500                │qam/local_replay_size=828.5           │
│qam/pending_update_credit=0.0000       │qam/phase=2.000                        │qam/prefix_roundtrip_max_relative_l2=…│
│qam/prefix_roundtrip_mean_abs=0.0085   │qam/prefix_roundtrip_min_cosine=1.000  │qam/q_mean=-0.451                     │
│qam/q_only_anchor_global_inserts=512.0 │qam/q_std_heads=0.034                  │qam/replay_ready=1.000                │
│qam/td_target_mean=-0.458              │qam/terminal_adjoint_norm=0.0092       │qam/updates_run=19.000                │
│                                                                                                                      │
╰──────────────────────────────────────────────────────────────────────────────────────────────────────────────────────╯

[36m(RolloutGroup(rank=0) pid=212798)[0m Generating Rollout Epochs:   0%|          | 0/1 [00:00<?, ?it/s]
[36m(RolloutGroup(rank=0) pid=212798)[0m Generating Rollout Epochs: 100%|██████████| 1/1 [00:18<00:00, 18.01s/it]Generating Rollout Epochs: 100%|██████████| 1/1 [00:18<00:00, 18.01s/it]

╭──────────────────────────────────────────────────────────────────────────────────────────────────────────────────────╮
├──────────────────────────────────────────────────── Metric Table ────────────────────────────────────────────────────┤
│ Global Step:   85/100 │ Progress: ██████████████████████████████████░░░░░░ │  85.0%                                  │
│ Elapsed: 01:50:41 │ ETA: 27:40 │ Step Time: 110.694s                                                                 │
├──────────────────────────────────────────────────────── Time ────────────────────────────────────────────────────────┤
│                                                                                                                      │
│actor/actor/recv_traj=19.176           │actor/actor/sync_model_to_rollout=0.660│actor/run_training=140.9              │
│cal_adv_and_returns=0.0027             │env/compute_bootstrap_rewards=7.32e-04 │env/env/bootstrap_step=7.065          │
│env/env/send_rollout_trajectories=0.451│env/env_interact_step=7.738            │env/interact=18.757                   │
│env/run_interact_once=18.757           │generate_rollouts=19.268               │rollout/generate_one_epoch=18.009     │
│rollout/predict=3.017                  │rollout/rollout/generate=18.010        │step=161.4                            │
│sync_weights=1.147                     │                                       │                                      │
│                                                                                                                      │
├──────────────────────────────────────────────────── Environment ─────────────────────────────────────────────────────┤
│                                                                                                                      │
│episode_len=200.0                      │num_trajectories=2                     │return=0.0                            │
│reward=0.0                             │success_once=0.0                       │                                      │
│                                                                                                                      │
├────────────────────────────────────────────────────── Rollout ───────────────────────────────────────────────────────┤
│                                                                                                                      │
│qam/global_inserts=20.000              │qam/global_total_inserts=1677.0        │qam/local_inserts=10.000              │
│qam/local_replay_size=838.5            │                                       │                                      │
│                                                                                                                      │
├─────────────────────────────────────────────────── Training/Other ───────────────────────────────────────────────────┤
│                                                                                                                      │
│qam/am_enabled_next_update=1.000       │qam/am_loss=6.808                      │qam/am_updates_run=20.000             │
│qam/configured_phase=2.000             │qam/critic_grad_norm=0.622             │qam/critic_loss=0.013                 │
│qam/critic_updates=1165.0              │qam/fine_grad_norm=3248.9              │qam/fine_lr=2.00e-05                  │
│qam/fine_policy_version=653.0          │qam/fine_updates=653.0                 │qam/global_inserts=20.000             │
│qam/global_total_inserts=1677.0        │qam/local_inserts=10.000               │qam/local_replay_size=838.5           │
│qam/pending_update_credit=0.0000       │qam/phase=2.000                        │qam/prefix_roundtrip_max_relative_l2=…│
│qam/prefix_roundtrip_mean_abs=0.0084   │qam/prefix_roundtrip_min_cosine=1.000  │qam/q_mean=-0.456                     │
│qam/q_only_anchor_global_inserts=512.0 │qam/q_std_heads=0.031                  │qam/replay_ready=1.000                │
│qam/td_target_mean=-0.456              │qam/terminal_adjoint_norm=0.0091       │qam/updates_run=20.000                │
│                                                                                                                      │
╰──────────────────────────────────────────────────────────────────────────────────────────────────────────────────────╯

[36m(RolloutGroup(rank=0) pid=212798)[0m Generating Rollout Epochs:   0%|          | 0/1 [00:00<?, ?it/s]
[36m(RolloutGroup(rank=0) pid=212798)[0m Generating Rollout Epochs: 100%|██████████| 1/1 [00:17<00:00, 17.90s/it]Generating Rollout Epochs: 100%|██████████| 1/1 [00:17<00:00, 17.90s/it]

╭──────────────────────────────────────────────────────────────────────────────────────────────────────────────────────╮
├──────────────────────────────────────────────────── Metric Table ────────────────────────────────────────────────────┤
│ Global Step:   86/100 │ Progress: ██████████████████████████████████░░░░░░ │  86.0%                                  │
│ Elapsed: 01:53:22 │ ETA: 26:01 │ Step Time: 111.520s                                                                 │
├──────────────────────────────────────────────────────── Time ────────────────────────────────────────────────────────┤
│                                                                                                                      │
│actor/actor/recv_traj=19.115           │actor/actor/sync_model_to_rollout=0.654│actor/run_training=140.7              │
│cal_adv_and_returns=0.0030             │env/compute_bootstrap_rewards=7.91e-04 │env/env/bootstrap_step=7.075          │
│env/env/send_rollout_trajectories=0.435│env/env_interact_step=7.628            │env/interact=18.725                   │
│env/run_interact_once=18.724           │generate_rollouts=19.206               │rollout/generate_one_epoch=18.025     │
│rollout/predict=3.009                  │rollout/rollout/generate=18.025        │step=161.0                            │
│sync_weights=1.101                     │                                       │                                      │
│                                                                                                                      │
├──────────────────────────────────────────────────── Environment ─────────────────────────────────────────────────────┤
│                                                                                                                      │
│episode_len=200.0                      │num_trajectories=2                     │return=0.0                            │
│reward=0.0                             │success_once=0.0                       │                                      │
│                                                                                                                      │
├────────────────────────────────────────────────────── Rollout ───────────────────────────────────────────────────────┤
│                                                                                                                      │
│qam/global_inserts=20.000              │qam/global_total_inserts=1697.0        │qam/local_inserts=10.000              │
│qam/local_replay_size=848.5            │                                       │                                      │
│                                                                                                                      │
├─────────────────────────────────────────────────── Training/Other ───────────────────────────────────────────────────┤
│                                                                                                                      │
│qam/am_enabled_next_update=1.000       │qam/am_loss=6.472                      │qam/am_updates_run=20.000             │
│qam/configured_phase=2.000             │qam/critic_grad_norm=0.458             │qam/critic_loss=0.0084                │
│qam/critic_updates=1185.0              │qam/fine_grad_norm=3627.8              │qam/fine_lr=2.00e-05                  │
│qam/fine_policy_version=673.0          │qam/fine_updates=673.0                 │qam/global_inserts=20.000             │
│qam/global_total_inserts=1697.0        │qam/local_inserts=10.000               │qam/local_replay_size=848.5           │
│qam/pending_update_credit=0.0000       │qam/phase=2.000                        │qam/prefix_roundtrip_max_relative_l2=…│
│qam/prefix_roundtrip_mean_abs=0.0086   │qam/prefix_roundtrip_min_cosine=1.000  │qam/q_mean=-0.451                     │
│qam/q_only_anchor_global_inserts=512.0 │qam/q_std_heads=0.034                  │qam/replay_ready=1.000                │
│qam/td_target_mean=-0.448              │qam/terminal_adjoint_norm=0.0094       │qam/updates_run=20.000                │
│                                                                                                                      │
╰──────────────────────────────────────────────────────────────────────────────────────────────────────────────────────╯

[36m(RolloutGroup(rank=0) pid=212798)[0m Generating Rollout Epochs:   0%|          | 0/1 [00:00<?, ?it/s]
[36m(RolloutGroup(rank=0) pid=212798)[0m Generating Rollout Epochs: 100%|██████████| 1/1 [00:18<00:00, 18.28s/it]Generating Rollout Epochs: 100%|██████████| 1/1 [00:18<00:00, 18.28s/it]

╭──────────────────────────────────────────────────────────────────────────────────────────────────────────────────────╮
├──────────────────────────────────────────────────── Metric Table ────────────────────────────────────────────────────┤
│ Global Step:   87/100 │ Progress: ██████████████████████████████████░░░░░░ │  87.0%                                  │
│ Elapsed: 01:55:57 │ ETA: 24:18 │ Step Time: 112.222s                                                                 │
├──────────────────────────────────────────────────────── Time ────────────────────────────────────────────────────────┤
│                                                                                                                      │
│actor/actor/recv_traj=19.427           │actor/actor/sync_model_to_rollout=0.647│actor/run_training=134.3              │
│cal_adv_and_returns=0.0031             │env/compute_bootstrap_rewards=7.56e-04 │env/env/bootstrap_step=6.856          │
│env/env/send_rollout_trajectories=0.474│env/env_interact_step=7.930            │env/interact=19.044                   │
│env/run_interact_once=19.044           │generate_rollouts=19.521               │rollout/generate_one_epoch=18.276     │
│rollout/predict=3.134                  │rollout/rollout/generate=18.277        │step=155.0                            │
│sync_weights=1.207                     │                                       │                                      │
│                                                                                                                      │
├──────────────────────────────────────────────────── Environment ─────────────────────────────────────────────────────┤
│                                                                                                                      │
│episode_len=200.0                      │num_trajectories=2                     │return=0.5                            │
│reward=0.0025                          │success_once=0.5                       │                                      │
│                                                                                                                      │
├────────────────────────────────────────────────────── Rollout ───────────────────────────────────────────────────────┤
│                                                                                                                      │
│qam/global_inserts=19.000              │qam/global_total_inserts=1716.0        │qam/local_inserts=9.500               │
│qam/local_replay_size=858.0            │                                       │                                      │
│                                                                                                                      │
├─────────────────────────────────────────────────── Training/Other ───────────────────────────────────────────────────┤
│                                                                                                                      │
│qam/am_enabled_next_update=1.000       │qam/am_loss=6.186                      │qam/am_updates_run=19.000             │
│qam/configured_phase=2.000             │qam/critic_grad_norm=0.336             │qam/critic_loss=0.0079                │
│qam/critic_updates=1204.0              │qam/fine_grad_norm=3609.0              │qam/fine_lr=2.00e-05                  │
│qam/fine_policy_version=692.0          │qam/fine_updates=692.0                 │qam/global_inserts=19.000             │
│qam/global_total_inserts=1716.0        │qam/local_inserts=9.500                │qam/local_replay_size=858.0           │
│qam/pending_update_credit=0.0000       │qam/phase=2.000                        │qam/prefix_roundtrip_max_relative_l2=…│
│qam/prefix_roundtrip_mean_abs=0.0085   │qam/prefix_roundtrip_min_cosine=1.000  │qam/q_mean=-0.450                     │
│qam/q_only_anchor_global_inserts=512.0 │qam/q_std_heads=0.020                  │qam/replay_ready=1.000                │
│qam/td_target_mean=-0.456              │qam/terminal_adjoint_norm=0.0083       │qam/updates_run=19.000                │
│                                                                                                                      │
╰──────────────────────────────────────────────────────────────────────────────────────────────────────────────────────╯

[36m(RolloutGroup(rank=0) pid=212798)[0m Generating Rollout Epochs:   0%|          | 0/1 [00:00<?, ?it/s]
[36m(RolloutGroup(rank=0) pid=212798)[0m Generating Rollout Epochs: 100%|██████████| 1/1 [00:17<00:00, 17.52s/it]Generating Rollout Epochs: 100%|██████████| 1/1 [00:17<00:00, 17.52s/it]

╭──────────────────────────────────────────────────────────────────────────────────────────────────────────────────────╮
├──────────────────────────────────────────────────── Metric Table ────────────────────────────────────────────────────┤
│ Global Step:   88/100 │ Progress: ███████████████████████████████████░░░░░ │  88.0%                                  │
│ Elapsed: 01:58:39 │ ETA: 22:36 │ Step Time: 113.002s                                                                 │
├──────────────────────────────────────────────────────── Time ────────────────────────────────────────────────────────┤
│                                                                                                                      │
│actor/actor/recv_traj=19.279           │actor/actor/sync_model_to_rollout=0.637│actor/run_training=140.9              │
│cal_adv_and_returns=0.0032             │env/compute_bootstrap_rewards=7.64e-04 │env/env/bootstrap_step=7.117          │
│env/env/send_rollout_trajectories=0.468│env/env_interact_step=7.856            │env/interact=18.894                   │
│env/run_interact_once=18.894           │generate_rollouts=19.373               │rollout/generate_one_epoch=18.218     │
│rollout/predict=3.120                  │rollout/rollout/generate=18.218        │step=161.3                            │
│sync_weights=1.091                     │                                       │                                      │
│                                                                                                                      │
├──────────────────────────────────────────────────── Environment ─────────────────────────────────────────────────────┤
│                                                                                                                      │
│episode_len=200.0                      │num_trajectories=2                     │return=0.0                            │
│reward=0.0                             │success_once=0.0                       │                                      │
│                                                                                                                      │
├────────────────────────────────────────────────────── Rollout ───────────────────────────────────────────────────────┤
│                                                                                                                      │
│qam/global_inserts=20.000              │qam/global_total_inserts=1736.0        │qam/local_inserts=10.000              │
│qam/local_replay_size=868.0            │                                       │                                      │
│                                                                                                                      │
├─────────────────────────────────────────────────── Training/Other ───────────────────────────────────────────────────┤
│                                                                                                                      │
│qam/am_enabled_next_update=1.000       │qam/am_loss=6.839                      │qam/am_updates_run=20.000             │
│qam/configured_phase=2.000             │qam/critic_grad_norm=0.553             │qam/critic_loss=0.0095                │
│qam/critic_updates=1224.0              │qam/fine_grad_norm=3691.0              │qam/fine_lr=2.00e-05                  │
│qam/fine_policy_version=712.0          │qam/fine_updates=712.0                 │qam/global_inserts=20.000             │
│qam/global_total_inserts=1736.0        │qam/local_inserts=10.000               │qam/local_replay_size=868.0           │
│qam/pending_update_credit=0.0000       │qam/phase=2.000                        │qam/prefix_roundtrip_max_relative_l2=…│
│qam/prefix_roundtrip_mean_abs=0.0085   │qam/prefix_roundtrip_min_cosine=1.000  │qam/q_mean=-0.437                     │
│qam/q_only_anchor_global_inserts=512.0 │qam/q_std_heads=0.029                  │qam/replay_ready=1.000                │
│qam/td_target_mean=-0.435              │qam/terminal_adjoint_norm=0.0089       │qam/updates_run=20.000                │
│                                                                                                                      │
╰──────────────────────────────────────────────────────────────────────────────────────────────────────────────────────╯

[36m(RolloutGroup(rank=0) pid=212798)[0m Generating Rollout Epochs:   0%|          | 0/1 [00:00<?, ?it/s]
[36m(RolloutGroup(rank=0) pid=212798)[0m Generating Rollout Epochs: 100%|██████████| 1/1 [00:18<00:00, 18.21s/it]Generating Rollout Epochs: 100%|██████████| 1/1 [00:18<00:00, 18.21s/it]

╭──────────────────────────────────────────────────────────────────────────────────────────────────────────────────────╮
├──────────────────────────────────────────────────── Metric Table ────────────────────────────────────────────────────┤
│ Global Step:   89/100 │ Progress: ███████████████████████████████████░░░░░ │  89.0%                                  │
│ Elapsed: 02:01:20 │ ETA: 20:51 │ Step Time: 113.765s                                                                 │
├──────────────────────────────────────────────────────── Time ────────────────────────────────────────────────────────┤
│                                                                                                                      │
│actor/actor/recv_traj=19.392           │actor/actor/sync_model_to_rollout=0.665│actor/run_training=141.1              │
│cal_adv_and_returns=0.0022             │env/compute_bootstrap_rewards=7.86e-04 │env/env/bootstrap_step=7.142          │
│env/env/send_rollout_trajectories=0.438│env/env_interact_step=7.793            │env/interact=18.996                   │
│env/run_interact_once=18.996           │generate_rollouts=19.488               │rollout/generate_one_epoch=18.255     │
│rollout/predict=3.092                  │rollout/rollout/generate=18.255        │step=161.8                            │
│sync_weights=1.219                     │                                       │                                      │
│                                                                                                                      │
├──────────────────────────────────────────────────── Environment ─────────────────────────────────────────────────────┤
│                                                                                                                      │
│episode_len=200.0                      │num_trajectories=2                     │return=0.0                            │
│reward=0.0                             │success_once=0.0                       │                                      │
│                                                                                                                      │
├────────────────────────────────────────────────────── Rollout ───────────────────────────────────────────────────────┤
│                                                                                                                      │
│qam/global_inserts=20.000              │qam/global_total_inserts=1756.0        │qam/local_inserts=10.000              │
│qam/local_replay_size=878.0            │                                       │                                      │
│                                                                                                                      │
├─────────────────────────────────────────────────── Training/Other ───────────────────────────────────────────────────┤
│                                                                                                                      │
│qam/am_enabled_next_update=1.000       │qam/am_loss=7.364                      │qam/am_updates_run=20.000             │
│qam/configured_phase=2.000             │qam/critic_grad_norm=0.757             │qam/critic_loss=0.015                 │
│qam/critic_updates=1244.0              │qam/fine_grad_norm=3426.5              │qam/fine_lr=2.00e-05                  │
│qam/fine_policy_version=732.0          │qam/fine_updates=732.0                 │qam/global_inserts=20.000             │
│qam/global_total_inserts=1756.0        │qam/local_inserts=10.000               │qam/local_replay_size=878.0           │
│qam/pending_update_credit=0.0000       │qam/phase=2.000                        │qam/prefix_roundtrip_max_relative_l2=…│
│qam/prefix_roundtrip_mean_abs=0.0084   │qam/prefix_roundtrip_min_cosine=1.000  │qam/q_mean=-0.424                     │
│qam/q_only_anchor_global_inserts=512.0 │qam/q_std_heads=0.043                  │qam/replay_ready=1.000                │
│qam/td_target_mean=-0.420              │qam/terminal_adjoint_norm=0.0088       │qam/updates_run=20.000                │
│                                                                                                                      │
╰──────────────────────────────────────────────────────────────────────────────────────────────────────────────────────╯

[36m(RolloutGroup(rank=0) pid=212798)[0m Generating Rollout Epochs:   0%|          | 0/1 [00:00<?, ?it/s]
[36m(RolloutGroup(rank=0) pid=212798)[0m Generating Rollout Epochs: 100%|██████████| 1/1 [00:17<00:00, 17.73s/it]Generating Rollout Epochs: 100%|██████████| 1/1 [00:17<00:00, 17.73s/it]

╭──────────────────────────────────────────────────────────────────────────────────────────────────────────────────────╮
├──────────────────────────────────────────────────── Metric Table ────────────────────────────────────────────────────┤
│ Global Step:   90/100 │ Progress: ████████████████████████████████████░░░░ │  90.0%                                  │
│ Elapsed: 02:04:02 │ ETA: 19:04 │ Step Time: 114.499s                                                                 │
├──────────────────────────────────────────────────────── Time ────────────────────────────────────────────────────────┤
│                                                                                                                      │
│actor/actor/recv_traj=18.966           │actor/actor/sync_model_to_rollout=0.659│actor/run_training=141.2              │
│cal_adv_and_returns=0.0025             │env/compute_bootstrap_rewards=8.23e-04 │env/env/bootstrap_step=6.942          │
│env/env/send_rollout_trajectories=0.487│env/env_interact_step=7.657            │env/interact=18.569                   │
│env/run_interact_once=18.569           │generate_rollouts=19.059               │rollout/generate_one_epoch=17.770     │
│rollout/predict=3.001                  │rollout/rollout/generate=17.770        │step=161.4                            │
│sync_weights=1.107                     │                                       │                                      │
│                                                                                                                      │
├──────────────────────────────────────────────────── Environment ─────────────────────────────────────────────────────┤
│                                                                                                                      │
│episode_len=200.0                      │num_trajectories=2                     │return=0.0                            │
│reward=0.0                             │success_once=0.0                       │                                      │
│                                                                                                                      │
├────────────────────────────────────────────────────── Rollout ───────────────────────────────────────────────────────┤
│                                                                                                                      │
│qam/global_inserts=20.000              │qam/global_total_inserts=1776.0        │qam/local_inserts=10.000              │
│qam/local_replay_size=888.0            │                                       │                                      │
│                                                                                                                      │
├─────────────────────────────────────────────────── Training/Other ───────────────────────────────────────────────────┤
│                                                                                                                      │
│qam/am_enabled_next_update=1.000       │qam/am_loss=6.418                      │qam/am_updates_run=20.000             │
│qam/configured_phase=2.000             │qam/critic_grad_norm=0.791             │qam/critic_loss=0.013                 │
│qam/critic_updates=1264.0              │qam/fine_grad_norm=3529.5              │qam/fine_lr=2.00e-05                  │
│qam/fine_policy_version=752.0          │qam/fine_updates=752.0                 │qam/global_inserts=20.000             │
│qam/global_total_inserts=1776.0        │qam/local_inserts=10.000               │qam/local_replay_size=888.0           │
│qam/pending_update_credit=0.0000       │qam/phase=2.000                        │qam/prefix_roundtrip_max_relative_l2=…│
│qam/prefix_roundtrip_mean_abs=0.0085   │qam/prefix_roundtrip_min_cosine=1.000  │qam/q_mean=-0.418                     │
│qam/q_only_anchor_global_inserts=512.0 │qam/q_std_heads=0.041                  │qam/replay_ready=1.000                │
│qam/td_target_mean=-0.418              │qam/terminal_adjoint_norm=0.0080       │qam/updates_run=20.000                │
│                                                                                                                      │
╰──────────────────────────────────────────────────────────────────────────────────────────────────────────────────────╯

[36m(RolloutGroup(rank=0) pid=212798)[0m Generating Rollout Epochs:   0%|          | 0/1 [00:00<?, ?it/s]
[36m(RolloutGroup(rank=0) pid=212798)[0m Generating Rollout Epochs: 100%|██████████| 1/1 [00:17<00:00, 17.88s/it]Generating Rollout Epochs: 100%|██████████| 1/1 [00:17<00:00, 17.88s/it]

╭──────────────────────────────────────────────────────────────────────────────────────────────────────────────────────╮
├──────────────────────────────────────────────────── Metric Table ────────────────────────────────────────────────────┤
│ Global Step:   91/100 │ Progress: ████████████████████████████████████░░░░ │  91.0%                                  │
│ Elapsed: 02:06:43 │ ETA: 17:16 │ Step Time: 115.205s                                                                 │
├──────────────────────────────────────────────────────── Time ────────────────────────────────────────────────────────┤
│                                                                                                                      │
│actor/actor/recv_traj=19.014           │actor/actor/sync_model_to_rollout=0.638│actor/run_training=140.9              │
│cal_adv_and_returns=0.0026             │env/compute_bootstrap_rewards=8.08e-04 │env/env/bootstrap_step=6.878          │
│env/env/send_rollout_trajectories=0.424│env/env_interact_step=7.826            │env/interact=18.629                   │
│env/run_interact_once=18.629           │generate_rollouts=19.110               │rollout/generate_one_epoch=17.921     │
│rollout/predict=3.058                  │rollout/rollout/generate=17.921        │step=161.1                            │
│sync_weights=1.095                     │                                       │                                      │
│                                                                                                                      │
├──────────────────────────────────────────────────── Environment ─────────────────────────────────────────────────────┤
│                                                                                                                      │
│episode_len=200.0                      │num_trajectories=2                     │return=0.0                            │
│reward=0.0                             │success_once=0.0                       │                                      │
│                                                                                                                      │
├────────────────────────────────────────────────────── Rollout ───────────────────────────────────────────────────────┤
│                                                                                                                      │
│qam/global_inserts=20.000              │qam/global_total_inserts=1796.0        │qam/local_inserts=10.000              │
│qam/local_replay_size=898.0            │                                       │                                      │
│                                                                                                                      │
├─────────────────────────────────────────────────── Training/Other ───────────────────────────────────────────────────┤
│                                                                                                                      │
│qam/am_enabled_next_update=1.000       │qam/am_loss=6.354                      │qam/am_updates_run=20.000             │
│qam/configured_phase=2.000             │qam/critic_grad_norm=0.444             │qam/critic_loss=0.0088                │
│qam/critic_updates=1284.0              │qam/fine_grad_norm=3659.9              │qam/fine_lr=2.00e-05                  │
│qam/fine_policy_version=772.0          │qam/fine_updates=772.0                 │qam/global_inserts=20.000             │
│qam/global_total_inserts=1796.0        │qam/local_inserts=10.000               │qam/local_replay_size=898.0           │
│qam/pending_update_credit=0.0000       │qam/phase=2.000                        │qam/prefix_roundtrip_max_relative_l2=…│
│qam/prefix_roundtrip_mean_abs=0.0085   │qam/prefix_roundtrip_min_cosine=1.000  │qam/q_mean=-0.409                     │
│qam/q_only_anchor_global_inserts=512.0 │qam/q_std_heads=0.027                  │qam/replay_ready=1.000                │
│qam/td_target_mean=-0.410              │qam/terminal_adjoint_norm=0.0081       │qam/updates_run=20.000                │
│                                                                                                                      │
╰──────────────────────────────────────────────────────────────────────────────────────────────────────────────────────╯

[36m(RolloutGroup(rank=0) pid=212798)[0m Generating Rollout Epochs:   0%|          | 0/1 [00:00<?, ?it/s]
[36m(RolloutGroup(rank=0) pid=212798)[0m Generating Rollout Epochs: 100%|██████████| 1/1 [00:17<00:00, 17.65s/it]Generating Rollout Epochs: 100%|██████████| 1/1 [00:17<00:00, 17.65s/it]

╭──────────────────────────────────────────────────────────────────────────────────────────────────────────────────────╮
├──────────────────────────────────────────────────── Metric Table ────────────────────────────────────────────────────┤
│ Global Step:   92/100 │ Progress: ████████████████████████████████████░░░░ │  92.0%                                  │
│ Elapsed: 02:09:25 │ ETA: 15:27 │ Step Time: 115.904s                                                                 │
├──────────────────────────────────────────────────────── Time ────────────────────────────────────────────────────────┤
│                                                                                                                      │
│actor/actor/recv_traj=19.129           │actor/actor/sync_model_to_rollout=0.630│actor/run_training=141.6              │
│cal_adv_and_returns=0.0026             │env/compute_bootstrap_rewards=6.69e-04 │env/env/bootstrap_step=6.902          │
│env/env/send_rollout_trajectories=0.466│env/env_interact_step=7.748            │env/interact=18.711                   │
│env/run_interact_once=18.711           │generate_rollouts=19.225               │rollout/generate_one_epoch=17.935     │
│rollout/predict=3.104                  │rollout/rollout/generate=17.935        │step=162.0                            │
│sync_weights=1.184                     │                                       │                                      │
│                                                                                                                      │
├──────────────────────────────────────────────────── Environment ─────────────────────────────────────────────────────┤
│                                                                                                                      │
│episode_len=200.0                      │num_trajectories=2                     │return=0.0                            │
│reward=0.0                             │success_once=0.0                       │                                      │
│                                                                                                                      │
├────────────────────────────────────────────────────── Rollout ───────────────────────────────────────────────────────┤
│                                                                                                                      │
│qam/global_inserts=20.000              │qam/global_total_inserts=1816.0        │qam/local_inserts=10.000              │
│qam/local_replay_size=908.0            │                                       │                                      │
│                                                                                                                      │
├─────────────────────────────────────────────────── Training/Other ───────────────────────────────────────────────────┤
│                                                                                                                      │
│qam/am_enabled_next_update=1.000       │qam/am_loss=6.309                      │qam/am_updates_run=20.000             │
│qam/configured_phase=2.000             │qam/critic_grad_norm=0.661             │qam/critic_loss=0.012                 │
│qam/critic_updates=1304.0              │qam/fine_grad_norm=3641.7              │qam/fine_lr=2.00e-05                  │
│qam/fine_policy_version=792.0          │qam/fine_updates=792.0                 │qam/global_inserts=20.000             │
│qam/global_total_inserts=1816.0        │qam/local_inserts=10.000               │qam/local_replay_size=908.0           │
│qam/pending_update_credit=0.0000       │qam/phase=2.000                        │qam/prefix_roundtrip_max_relative_l2=…│
│qam/prefix_roundtrip_mean_abs=0.0084   │qam/prefix_roundtrip_min_cosine=1.000  │qam/q_mean=-0.394                     │
│qam/q_only_anchor_global_inserts=512.0 │qam/q_std_heads=0.027                  │qam/replay_ready=1.000                │
│qam/td_target_mean=-0.394              │qam/terminal_adjoint_norm=0.0085       │qam/updates_run=20.000                │
│                                                                                                                      │
╰──────────────────────────────────────────────────────────────────────────────────────────────────────────────────────╯

[36m(RolloutGroup(rank=0) pid=212798)[0m Generating Rollout Epochs:   0%|          | 0/1 [00:00<?, ?it/s]
[36m(RolloutGroup(rank=0) pid=212798)[0m Generating Rollout Epochs: 100%|██████████| 1/1 [00:18<00:00, 18.32s/it]Generating Rollout Epochs: 100%|██████████| 1/1 [00:18<00:00, 18.32s/it]

╭──────────────────────────────────────────────────────────────────────────────────────────────────────────────────────╮
├──────────────────────────────────────────────────── Metric Table ────────────────────────────────────────────────────┤
│ Global Step:   93/100 │ Progress: █████████████████████████████████████░░░ │  93.0%                                  │
│ Elapsed: 02:12:07 │ ETA: 13:36 │ Step Time: 116.576s                                                                 │
├──────────────────────────────────────────────────────── Time ────────────────────────────────────────────────────────┤
│                                                                                                                      │
│actor/actor/recv_traj=19.541           │actor/actor/sync_model_to_rollout=0.636│actor/run_training=140.9              │
│cal_adv_and_returns=0.0029             │env/compute_bootstrap_rewards=7.46e-04 │env/env/bootstrap_step=7.222          │
│env/env/send_rollout_trajectories=0.461│env/env_interact_step=7.727            │env/interact=19.148                   │
│env/run_interact_once=19.148           │generate_rollouts=19.634               │rollout/generate_one_epoch=18.318     │
│rollout/predict=3.010                  │rollout/rollout/generate=18.319        │step=161.6                            │
│sync_weights=1.094                     │                                       │                                      │
│                                                                                                                      │
├──────────────────────────────────────────────────── Environment ─────────────────────────────────────────────────────┤
│                                                                                                                      │
│episode_len=200.0                      │num_trajectories=2                     │return=0.0                            │
│reward=0.0                             │success_once=0.0                       │                                      │
│                                                                                                                      │
├────────────────────────────────────────────────────── Rollout ───────────────────────────────────────────────────────┤
│                                                                                                                      │
│qam/global_inserts=20.000              │qam/global_total_inserts=1836.0        │qam/local_inserts=10.000              │
│qam/local_replay_size=918.0            │                                       │                                      │
│                                                                                                                      │
├─────────────────────────────────────────────────── Training/Other ───────────────────────────────────────────────────┤
│                                                                                                                      │
│qam/am_enabled_next_update=1.000       │qam/am_loss=6.208                      │qam/am_updates_run=20.000             │
│qam/configured_phase=2.000             │qam/critic_grad_norm=0.684             │qam/critic_loss=0.012                 │
│qam/critic_updates=1324.0              │qam/fine_grad_norm=3648.7              │qam/fine_lr=2.00e-05                  │
│qam/fine_policy_version=812.0          │qam/fine_updates=812.0                 │qam/global_inserts=20.000             │
│qam/global_total_inserts=1836.0        │qam/local_inserts=10.000               │qam/local_replay_size=918.0           │
│qam/pending_update_credit=0.0000       │qam/phase=2.000                        │qam/prefix_roundtrip_max_relative_l2=…│
│qam/prefix_roundtrip_mean_abs=0.0085   │qam/prefix_roundtrip_min_cosine=1.000  │qam/q_mean=-0.395                     │
│qam/q_only_anchor_global_inserts=512.0 │qam/q_std_heads=0.036                  │qam/replay_ready=1.000                │
│qam/td_target_mean=-0.392              │qam/terminal_adjoint_norm=0.0075       │qam/updates_run=20.000                │
│                                                                                                                      │
╰──────────────────────────────────────────────────────────────────────────────────────────────────────────────────────╯

[36m(RolloutGroup(rank=0) pid=212798)[0m Generating Rollout Epochs:   0%|          | 0/1 [00:00<?, ?it/s]
[36m(RolloutGroup(rank=0) pid=212798)[0m Generating Rollout Epochs: 100%|██████████| 1/1 [00:17<00:00, 17.94s/it]Generating Rollout Epochs: 100%|██████████| 1/1 [00:17<00:00, 17.94s/it]

╭──────────────────────────────────────────────────────────────────────────────────────────────────────────────────────╮
├──────────────────────────────────────────────────── Metric Table ────────────────────────────────────────────────────┤
│ Global Step:   94/100 │ Progress: █████████████████████████████████████░░░ │  94.0%                                  │
│ Elapsed: 02:14:48 │ ETA: 11:43 │ Step Time: 117.231s                                                                 │
├──────────────────────────────────────────────────────── Time ────────────────────────────────────────────────────────┤
│                                                                                                                      │
│actor/actor/recv_traj=19.130           │actor/actor/sync_model_to_rollout=0.622│actor/run_training=141.3              │
│cal_adv_and_returns=0.0031             │env/compute_bootstrap_rewards=7.53e-04 │env/env/bootstrap_step=6.959          │
│env/env/send_rollout_trajectories=0.476│env/env_interact_step=7.826            │env/interact=18.766                   │
│env/run_interact_once=18.766           │generate_rollouts=19.226               │rollout/generate_one_epoch=17.936     │
│rollout/predict=3.084                  │rollout/rollout/generate=17.937        │step=161.7                            │
│sync_weights=1.159                     │                                       │                                      │
│                                                                                                                      │
├──────────────────────────────────────────────────── Environment ─────────────────────────────────────────────────────┤
│                                                                                                                      │
│episode_len=200.0                      │num_trajectories=2                     │return=0.0                            │
│reward=0.0                             │success_once=0.0                       │                                      │
│                                                                                                                      │
├────────────────────────────────────────────────────── Rollout ───────────────────────────────────────────────────────┤
│                                                                                                                      │
│qam/global_inserts=20.000              │qam/global_total_inserts=1856.0        │qam/local_inserts=10.000              │
│qam/local_replay_size=928.0            │                                       │                                      │
│                                                                                                                      │
├─────────────────────────────────────────────────── Training/Other ───────────────────────────────────────────────────┤
│                                                                                                                      │
│qam/am_enabled_next_update=1.000       │qam/am_loss=6.107                      │qam/am_updates_run=20.000             │
│qam/configured_phase=2.000             │qam/critic_grad_norm=0.509             │qam/critic_loss=0.0078                │
│qam/critic_updates=1344.0              │qam/fine_grad_norm=3670.1              │qam/fine_lr=2.00e-05                  │
│qam/fine_policy_version=832.0          │qam/fine_updates=832.0                 │qam/global_inserts=20.000             │
│qam/global_total_inserts=1856.0        │qam/local_inserts=10.000               │qam/local_replay_size=928.0           │
│qam/pending_update_credit=0.0000       │qam/phase=2.000                        │qam/prefix_roundtrip_max_relative_l2=…│
│qam/prefix_roundtrip_mean_abs=0.0084   │qam/prefix_roundtrip_min_cosine=1.000  │qam/q_mean=-0.381                     │
│qam/q_only_anchor_global_inserts=512.0 │qam/q_std_heads=0.029                  │qam/replay_ready=1.000                │
│qam/td_target_mean=-0.383              │qam/terminal_adjoint_norm=0.0080       │qam/updates_run=20.000                │
│                                                                                                                      │
╰──────────────────────────────────────────────────────────────────────────────────────────────────────────────────────╯

[36m(RolloutGroup(rank=0) pid=212798)[0m Generating Rollout Epochs:   0%|          | 0/1 [00:00<?, ?it/s]
[36m(RolloutGroup(rank=0) pid=212798)[0m Generating Rollout Epochs: 100%|██████████| 1/1 [00:17<00:00, 17.69s/it]Generating Rollout Epochs: 100%|██████████| 1/1 [00:17<00:00, 17.69s/it]

╭──────────────────────────────────────────────────────────────────────────────────────────────────────────────────────╮
├──────────────────────────────────────────────────── Metric Table ────────────────────────────────────────────────────┤
│ Global Step:   95/100 │ Progress: ██████████████████████████████████████░░ │  95.0%                                  │
│ Elapsed: 02:17:30 │ ETA: 09:49 │ Step Time: 117.861s                                                                 │
├──────────────────────────────────────────────────────── Time ────────────────────────────────────────────────────────┤
│                                                                                                                      │
│actor/actor/recv_traj=18.814           │actor/actor/sync_model_to_rollout=0.648│actor/run_training=141.3              │
│cal_adv_and_returns=0.0030             │env/compute_bootstrap_rewards=7.34e-04 │env/env/bootstrap_step=6.792          │
│env/env/send_rollout_trajectories=0.483│env/env_interact_step=7.402            │env/interact=18.446                   │
│env/run_interact_once=18.446           │generate_rollouts=18.913               │rollout/generate_one_epoch=17.693     │
│rollout/predict=3.150                  │rollout/rollout/generate=17.693        │step=161.3                            │
│sync_weights=1.102                     │                                       │                                      │
│                                                                                                                      │
├──────────────────────────────────────────────────── Environment ─────────────────────────────────────────────────────┤
│                                                                                                                      │
│episode_len=200.0                      │num_trajectories=2                     │return=0.0                            │
│reward=0.0                             │success_once=0.0                       │                                      │
│                                                                                                                      │
├────────────────────────────────────────────────────── Rollout ───────────────────────────────────────────────────────┤
│                                                                                                                      │
│qam/global_inserts=20.000              │qam/global_total_inserts=1876.0        │qam/local_inserts=10.000              │
│qam/local_replay_size=938.0            │                                       │                                      │
│                                                                                                                      │
├─────────────────────────────────────────────────── Training/Other ───────────────────────────────────────────────────┤
│                                                                                                                      │
│qam/am_enabled_next_update=1.000       │qam/am_loss=6.112                      │qam/am_updates_run=20.000             │
│qam/configured_phase=2.000             │qam/critic_grad_norm=0.465             │qam/critic_loss=0.0078                │
│qam/critic_updates=1364.0              │qam/fine_grad_norm=3552.5              │qam/fine_lr=2.00e-05                  │
│qam/fine_policy_version=852.0          │qam/fine_updates=852.0                 │qam/global_inserts=20.000             │
│qam/global_total_inserts=1876.0        │qam/local_inserts=10.000               │qam/local_replay_size=938.0           │
│qam/pending_update_credit=0.0000       │qam/phase=2.000                        │qam/prefix_roundtrip_max_relative_l2=…│
│qam/prefix_roundtrip_mean_abs=0.0085   │qam/prefix_roundtrip_min_cosine=1.000  │qam/q_mean=-0.374                     │
│qam/q_only_anchor_global_inserts=512.0 │qam/q_std_heads=0.023                  │qam/replay_ready=1.000                │
│qam/td_target_mean=-0.370              │qam/terminal_adjoint_norm=0.0083       │qam/updates_run=20.000                │
│                                                                                                                      │
╰──────────────────────────────────────────────────────────────────────────────────────────────────────────────────────╯

[36m(RolloutGroup(rank=0) pid=212798)[0m Generating Rollout Epochs:   0%|          | 0/1 [00:00<?, ?it/s]
[36m(RolloutGroup(rank=0) pid=212798)[0m Generating Rollout Epochs: 100%|██████████| 1/1 [00:18<00:00, 18.12s/it]Generating Rollout Epochs: 100%|██████████| 1/1 [00:18<00:00, 18.12s/it]

╭──────────────────────────────────────────────────────────────────────────────────────────────────────────────────────╮
├──────────────────────────────────────────────────── Metric Table ────────────────────────────────────────────────────┤
│ Global Step:   96/100 │ Progress: ██████████████████████████████████████░░ │  96.0%                                  │
│ Elapsed: 02:20:04 │ ETA: 07:53 │ Step Time: 118.379s                                                                 │
├──────────────────────────────────────────────────────── Time ────────────────────────────────────────────────────────┤
│                                                                                                                      │
│actor/actor/recv_traj=19.312           │actor/actor/sync_model_to_rollout=0.627│actor/run_training=134.1              │
│cal_adv_and_returns=0.0029             │env/compute_bootstrap_rewards=7.55e-04 │env/env/bootstrap_step=7.127          │
│env/env/send_rollout_trajectories=0.466│env/env_interact_step=7.839            │env/interact=18.943                   │
│env/run_interact_once=18.943           │generate_rollouts=19.402               │rollout/generate_one_epoch=18.124     │
│rollout/predict=3.142                  │rollout/rollout/generate=18.125        │step=154.6                            │
│sync_weights=1.125                     │                                       │                                      │
│                                                                                                                      │
├──────────────────────────────────────────────────── Environment ─────────────────────────────────────────────────────┤
│                                                                                                                      │
│episode_len=200.0                      │num_trajectories=2                     │return=0.5                            │
│reward=0.0025                          │success_once=0.5                       │                                      │
│                                                                                                                      │
├────────────────────────────────────────────────────── Rollout ───────────────────────────────────────────────────────┤
│                                                                                                                      │
│qam/global_inserts=19.000              │qam/global_total_inserts=1895.0        │qam/local_inserts=9.500               │
│qam/local_replay_size=947.5            │                                       │                                      │
│                                                                                                                      │
├─────────────────────────────────────────────────── Training/Other ───────────────────────────────────────────────────┤
│                                                                                                                      │
│qam/am_enabled_next_update=1.000       │qam/am_loss=6.621                      │qam/am_updates_run=19.000             │
│qam/configured_phase=2.000             │qam/critic_grad_norm=0.558             │qam/critic_loss=0.011                 │
│qam/critic_updates=1383.0              │qam/fine_grad_norm=3613.1              │qam/fine_lr=2.00e-05                  │
│qam/fine_policy_version=871.0          │qam/fine_updates=871.0                 │qam/global_inserts=19.000             │
│qam/global_total_inserts=1895.0        │qam/local_inserts=9.500                │qam/local_replay_size=947.5           │
│qam/pending_update_credit=0.0000       │qam/phase=2.000                        │qam/prefix_roundtrip_max_relative_l2=…│
│qam/prefix_roundtrip_mean_abs=0.0086   │qam/prefix_roundtrip_min_cosine=1.000  │qam/q_mean=-0.360                     │
│qam/q_only_anchor_global_inserts=512.0 │qam/q_std_heads=0.028                  │qam/replay_ready=1.000                │
│qam/td_target_mean=-0.357              │qam/terminal_adjoint_norm=0.0076       │qam/updates_run=19.000                │
│                                                                                                                      │
╰──────────────────────────────────────────────────────────────────────────────────────────────────────────────────────╯

[36m(RolloutGroup(rank=0) pid=212798)[0m Generating Rollout Epochs:   0%|          | 0/1 [00:00<?, ?it/s]
[36m(RolloutGroup(rank=0) pid=212798)[0m Generating Rollout Epochs: 100%|██████████| 1/1 [00:17<00:00, 17.75s/it]Generating Rollout Epochs: 100%|██████████| 1/1 [00:17<00:00, 17.75s/it]

╭──────────────────────────────────────────────────────────────────────────────────────────────────────────────────────╮
├──────────────────────────────────────────────────── Metric Table ────────────────────────────────────────────────────┤
│ Global Step:   97/100 │ Progress: ██████████████████████████████████████░░ │  97.0%                                  │
│ Elapsed: 02:22:45 │ ETA: 05:56 │ Step Time: 118.966s                                                                 │
├──────────────────────────────────────────────────────── Time ────────────────────────────────────────────────────────┤
│                                                                                                                      │
│actor/actor/recv_traj=18.882           │actor/actor/sync_model_to_rollout=0.662│actor/run_training=140.4              │
│cal_adv_and_returns=0.0029             │env/compute_bootstrap_rewards=7.32e-04 │env/env/bootstrap_step=6.837          │
│env/env/send_rollout_trajectories=0.436│env/env_interact_step=7.614            │env/interact=18.453                   │
│env/run_interact_once=18.453           │generate_rollouts=18.975               │rollout/generate_one_epoch=17.749     │
│rollout/predict=3.056                  │rollout/rollout/generate=17.749        │step=160.7                            │
│sync_weights=1.230                     │                                       │                                      │
│                                                                                                                      │
├──────────────────────────────────────────────────── Environment ─────────────────────────────────────────────────────┤
│                                                                                                                      │
│episode_len=200.0                      │num_trajectories=2                     │return=0.0                            │
│reward=0.0                             │success_once=0.0                       │                                      │
│                                                                                                                      │
├────────────────────────────────────────────────────── Rollout ───────────────────────────────────────────────────────┤
│                                                                                                                      │
│qam/global_inserts=20.000              │qam/global_total_inserts=1915.0        │qam/local_inserts=10.000              │
│qam/local_replay_size=957.5            │                                       │                                      │
│                                                                                                                      │
├─────────────────────────────────────────────────── Training/Other ───────────────────────────────────────────────────┤
│                                                                                                                      │
│qam/am_enabled_next_update=1.000       │qam/am_loss=6.458                      │qam/am_updates_run=20.000             │
│qam/configured_phase=2.000             │qam/critic_grad_norm=0.606             │qam/critic_loss=0.010                 │
│qam/critic_updates=1403.0              │qam/fine_grad_norm=3663.8              │qam/fine_lr=2.00e-05                  │
│qam/fine_policy_version=891.0          │qam/fine_updates=891.0                 │qam/global_inserts=20.000             │
│qam/global_total_inserts=1915.0        │qam/local_inserts=10.000               │qam/local_replay_size=957.5           │
│qam/pending_update_credit=0.0000       │qam/phase=2.000                        │qam/prefix_roundtrip_max_relative_l2=…│
│qam/prefix_roundtrip_mean_abs=0.0085   │qam/prefix_roundtrip_min_cosine=1.000  │qam/q_mean=-0.341                     │
│qam/q_only_anchor_global_inserts=512.0 │qam/q_std_heads=0.036                  │qam/replay_ready=1.000                │
│qam/td_target_mean=-0.347              │qam/terminal_adjoint_norm=0.0086       │qam/updates_run=20.000                │
│                                                                                                                      │
╰──────────────────────────────────────────────────────────────────────────────────────────────────────────────────────╯

[36m(RolloutGroup(rank=0) pid=212798)[0m Generating Rollout Epochs:   0%|          | 0/1 [00:00<?, ?it/s]
[36m(RolloutGroup(rank=0) pid=212798)[0m Generating Rollout Epochs: 100%|██████████| 1/1 [00:17<00:00, 17.28s/it]Generating Rollout Epochs: 100%|██████████| 1/1 [00:17<00:00, 17.28s/it]

╭──────────────────────────────────────────────────────────────────────────────────────────────────────────────────────╮
├──────────────────────────────────────────────────── Metric Table ────────────────────────────────────────────────────┤
│ Global Step:   98/100 │ Progress: ███████████████████████████████████████░ │  98.0%                                  │
│ Elapsed: 02:25:20 │ ETA: 03:58 │ Step Time: 119.462s                                                                 │
├──────────────────────────────────────────────────────── Time ────────────────────────────────────────────────────────┤
│                                                                                                                      │
│actor/actor/recv_traj=19.492           │actor/actor/sync_model_to_rollout=0.631│actor/run_training=134.4              │
│cal_adv_and_returns=0.0028             │env/compute_bootstrap_rewards=7.53e-04 │env/env/bootstrap_step=7.136          │
│env/env/send_rollout_trajectories=0.449│env/env_interact_step=7.816            │env/interact=19.106                   │
│env/run_interact_once=19.106           │generate_rollouts=19.584               │rollout/generate_one_epoch=18.351     │
│rollout/predict=3.021                  │rollout/rollout/generate=18.351        │step=155.1                            │
│sync_weights=1.153                     │                                       │                                      │
│                                                                                                                      │
├──────────────────────────────────────────────────── Environment ─────────────────────────────────────────────────────┤
│                                                                                                                      │
│episode_len=200.0                      │num_trajectories=2                     │return=0.5                            │
│reward=0.0025                          │success_once=0.5                       │                                      │
│                                                                                                                      │
├────────────────────────────────────────────────────── Rollout ───────────────────────────────────────────────────────┤
│                                                                                                                      │
│qam/global_inserts=19.000              │qam/global_total_inserts=1934.0        │qam/local_inserts=9.500               │
│qam/local_replay_size=967.0            │                                       │                                      │
│                                                                                                                      │
├─────────────────────────────────────────────────── Training/Other ───────────────────────────────────────────────────┤
│                                                                                                                      │
│qam/am_enabled_next_update=1.000       │qam/am_loss=6.440                      │qam/am_updates_run=19.000             │
│qam/configured_phase=2.000             │qam/critic_grad_norm=0.495             │qam/critic_loss=0.0074                │
│qam/critic_updates=1422.0              │qam/fine_grad_norm=3557.6              │qam/fine_lr=2.00e-05                  │
│qam/fine_policy_version=910.0          │qam/fine_updates=910.0                 │qam/global_inserts=19.000             │
│qam/global_total_inserts=1934.0        │qam/local_inserts=9.500                │qam/local_replay_size=967.0           │
│qam/pending_update_credit=0.0000       │qam/phase=2.000                        │qam/prefix_roundtrip_max_relative_l2=…│
│qam/prefix_roundtrip_mean_abs=0.0084   │qam/prefix_roundtrip_min_cosine=1.000  │qam/q_mean=-0.365                     │
│qam/q_only_anchor_global_inserts=512.0 │qam/q_std_heads=0.029                  │qam/replay_ready=1.000                │
│qam/td_target_mean=-0.363              │qam/terminal_adjoint_norm=0.0082       │qam/updates_run=19.000                │
│                                                                                                                      │
╰──────────────────────────────────────────────────────────────────────────────────────────────────────────────────────╯

[36m(RolloutGroup(rank=0) pid=212798)[0m Generating Rollout Epochs:   0%|          | 0/1 [00:00<?, ?it/s]
[36m(RolloutGroup(rank=0) pid=212798)[0m Generating Rollout Epochs: 100%|██████████| 1/1 [00:18<00:00, 18.31s/it]Generating Rollout Epochs: 100%|██████████| 1/1 [00:18<00:00, 18.31s/it]

╭──────────────────────────────────────────────────────────────────────────────────────────────────────────────────────╮
├──────────────────────────────────────────────────── Metric Table ────────────────────────────────────────────────────┤
│ Global Step:   99/100 │ Progress: ███████████████████████████████████████░ │  99.0%                                  │
│ Elapsed: 02:28:02 │ ETA: 02:00 │ Step Time: 120.033s                                                                 │
├──────────────────────────────────────────────────────── Time ────────────────────────────────────────────────────────┤
│                                                                                                                      │
│actor/actor/recv_traj=19.508           │actor/actor/sync_model_to_rollout=0.648│actor/run_training=140.9              │
│cal_adv_and_returns=0.0029             │env/compute_bootstrap_rewards=7.64e-04 │env/env/bootstrap_step=7.092          │
│env/env/send_rollout_trajectories=0.469│env/env_interact_step=7.953            │env/interact=19.145                   │
│env/run_interact_once=19.145           │generate_rollouts=19.605               │rollout/generate_one_epoch=18.314     │
│rollout/predict=3.118                  │rollout/rollout/generate=18.315        │step=161.7                            │
│sync_weights=1.179                     │                                       │                                      │
│                                                                                                                      │
├──────────────────────────────────────────────────── Environment ─────────────────────────────────────────────────────┤
│                                                                                                                      │
│episode_len=200.0                      │num_trajectories=2                     │return=0.0                            │
│reward=0.0                             │success_once=0.0                       │                                      │
│                                                                                                                      │
├────────────────────────────────────────────────────── Rollout ───────────────────────────────────────────────────────┤
│                                                                                                                      │
│qam/global_inserts=20.000              │qam/global_total_inserts=1954.0        │qam/local_inserts=10.000              │
│qam/local_replay_size=977.0            │                                       │                                      │
│                                                                                                                      │
├─────────────────────────────────────────────────── Training/Other ───────────────────────────────────────────────────┤
│                                                                                                                      │
│qam/am_enabled_next_update=1.000       │qam/am_loss=6.452                      │qam/am_updates_run=20.000             │
│qam/configured_phase=2.000             │qam/critic_grad_norm=0.416             │qam/critic_loss=0.0072                │
│qam/critic_updates=1442.0              │qam/fine_grad_norm=3675.3              │qam/fine_lr=2.00e-05                  │
│qam/fine_policy_version=930.0          │qam/fine_updates=930.0                 │qam/global_inserts=20.000             │
│qam/global_total_inserts=1954.0        │qam/local_inserts=10.000               │qam/local_replay_size=977.0           │
│qam/pending_update_credit=0.0000       │qam/phase=2.000                        │qam/prefix_roundtrip_max_relative_l2=…│
│qam/prefix_roundtrip_mean_abs=0.0086   │qam/prefix_roundtrip_min_cosine=1.000  │qam/q_mean=-0.339                     │
│qam/q_only_anchor_global_inserts=512.0 │qam/q_std_heads=0.028                  │qam/replay_ready=1.000                │
│qam/td_target_mean=-0.336              │qam/terminal_adjoint_norm=0.0076       │qam/updates_run=20.000                │
│                                                                                                                      │
╰──────────────────────────────────────────────────────────────────────────────────────────────────────────────────────╯

[36m(RolloutGroup(rank=0) pid=212798)[0m Generating Rollout Epochs:   0%|          | 0/1 [00:00<?, ?it/s]
[36m(RolloutGroup(rank=0) pid=212798)[0m Generating Rollout Epochs: 100%|██████████| 1/1 [00:18<00:00, 18.24s/it]Generating Rollout Epochs: 100%|██████████| 1/1 [00:18<00:00, 18.24s/it]
[INFO 03:39:24 RLinf] Saving checkpoint at step 100.

╭──────────────────────────────────────────────────────────────────────────────────────────────────────────────────────╮
├──────────────────────────────────────────────────── Metric Table ────────────────────────────────────────────────────┤
│ Global Step:  100/100 │ Progress: ████████████████████████████████████████ │ 100.0%                                  │
│ Elapsed: 02:31:05 │ ETA: 00:00 │ Step Time: 120.868s                                                                 │
├──────────────────────────────────────────────────────── Time ────────────────────────────────────────────────────────┤
│                                                                                                                      │
│actor/actor/recv_traj=19.291           │actor/actor/sync_model_to_rollout=0.628│actor/run_training=141.5              │
│cal_adv_and_returns=0.0026             │env/compute_bootstrap_rewards=7.19e-04 │env/env/bootstrap_step=6.887          │
│env/env/send_rollout_trajectories=0.421│env/env_interact_step=7.916            │env/interact=18.924                   │
│env/run_interact_once=18.924           │generate_rollouts=19.385               │rollout/generate_one_epoch=18.236     │
│rollout/predict=3.089                  │rollout/rollout/generate=18.237        │step=182.6                            │
│sync_weights=1.135                     │                                       │                                      │
│                                                                                                                      │
├──────────────────────────────────────────────────── Environment ─────────────────────────────────────────────────────┤
│                                                                                                                      │
│episode_len=200.0                      │num_trajectories=2                     │return=0.0                            │
│reward=0.0                             │success_once=0.0                       │                                      │
│                                                                                                                      │
├────────────────────────────────────────────────────── Rollout ───────────────────────────────────────────────────────┤
│                                                                                                                      │
│qam/global_inserts=20.000              │qam/global_total_inserts=1974.0        │qam/local_inserts=10.000              │
│qam/local_replay_size=987.0            │                                       │                                      │
│                                                                                                                      │
├─────────────────────────────────────────────────── Training/Other ───────────────────────────────────────────────────┤
│                                                                                                                      │
│qam/am_enabled_next_update=1.000       │qam/am_loss=6.128                      │qam/am_updates_run=20.000             │
│qam/configured_phase=2.000             │qam/critic_grad_norm=0.270             │qam/critic_loss=0.0057                │
│qam/critic_updates=1462.0              │qam/fine_grad_norm=3544.6              │qam/fine_lr=2.00e-05                  │
│qam/fine_policy_version=950.0          │qam/fine_updates=950.0                 │qam/global_inserts=20.000             │
│qam/global_total_inserts=1974.0        │qam/local_inserts=10.000               │qam/local_replay_size=987.0           │
│qam/pending_update_credit=0.0000       │qam/phase=2.000                        │qam/prefix_roundtrip_max_relative_l2=…│
│qam/prefix_roundtrip_mean_abs=0.0085   │qam/prefix_roundtrip_min_cosine=1.000  │qam/q_mean=-0.328                     │
│qam/q_only_anchor_global_inserts=512.0 │qam/q_std_heads=0.021                  │qam/replay_ready=1.000                │
│qam/td_target_mean=-0.329              │qam/terminal_adjoint_norm=0.0074       │qam/updates_run=20.000                │
│                                                                                                                      │
╰──────────────────────────────────────────────────────────────────────────────────────────────────────────────────────╯

