
╭──────────────────────────────────────────────────────────────────────────────────────────────────────────────────────╮
├──────────────────────────────────────────────────── Metric Table ────────────────────────────────────────────────────┤
│ Global Step:    1/100 │ Progress: ░░░░░░░░░░░░░░░░░░░░░░░░░░░░░░░░░░░░░░░░ │   1.0%                                  │
│ Elapsed: 25:47 │ ETA: 42:32:56 │ Step Time: 1547.240s                                                                │
├──────────────────────────────────────────────────────── Time ────────────────────────────────────────────────────────┤
│                                                                                                                      │
│actor/actor/compute_adv=0.020          │actor/actor/recv_traj=1501.4           │actor/actor/sync_model_to_rollout=11.…│
│actor/run_training=33.997              │cal_adv_and_returns=0.024              │env/compute_bootstrap_rewards=0.0067  │
│env/env/bootstrap_step=863.9           │env/env/send_rollout_trajectories=1.206│env/env_interact_step=607.6           │
│env/interact=1500.8                    │env/run_interact_once=1499.9           │generate_rollouts=1501.5              │
│rollout/generate_one_epoch=1499.1      │rollout/predict=27.150                 │rollout/rollout/generate=1499.2       │
│step=1547.2                            │sync_weights=11.699                    │                                      │
│                                                                                                                      │
├──────────────────────────────────────────────────── Environment ─────────────────────────────────────────────────────┤
│                                                                                                                      │
│episode_len=200.0                      │num_trajectories=256                   │return=0.82421875                     │
│reward=0.0041210935                    │success_once=0.82421875                │                                      │
│                                                                                                                      │
├────────────────────────────────────────────────────── Rollout ───────────────────────────────────────────────────────┤
│                                                                                                                      │
│advantages_max=2.475                   │advantages_mean=-0.116                 │advantages_min=-2.475                 │
│rewards=0.0044                         │                                       │                                      │
│                                                                                                                      │
├─────────────────────────────────────────────────── Training/Actor ───────────────────────────────────────────────────┤
│                                                                                                                      │
│actor/approx_kl=0.122                  │actor/clip_fraction=0.150              │actor/clipped_ratio=0.977             │
│actor/dual_cliped_ratio=0.0000         │actor/dvac_current_mean=-4.424         │actor/dvac_current_std=0.640          │
│actor/dvac_history_mean=0.0000         │actor/dvac_history_std=0.0000          │actor/dvac_warmup=1.000               │
│actor/dvac_weight_mean_rank_local=1.000│actor/entropy_loss=0.0000              │actor/grad_norm=39.272                │
│actor/lr=5.60e-06                      │actor/policy_loss=0.011                │actor/policy_loss_abs=0.461           │
│actor/ratio=1.005                      │actor/ratio_abs=0.250                  │actor/total_loss=0.0013               │
│                                                                                                                      │
╰──────────────────────────────────────────────────────────────────────────────────────────────────────────────────────╯


╭──────────────────────────────────────────────────────────────────────────────────────────────────────────────────────╮
├──────────────────────────────────────────────────── Metric Table ────────────────────────────────────────────────────┤
│ Global Step:    2/100 │ Progress: ░░░░░░░░░░░░░░░░░░░░░░░░░░░░░░░░░░░░░░░░ │   2.0%                                  │
│ Elapsed: 50:53 │ ETA: 41:33:33 │ Step Time: 1526.664s                                                                │
├──────────────────────────────────────────────────────── Time ────────────────────────────────────────────────────────┤
│                                                                                                                      │
│actor/actor/compute_adv=0.0040         │actor/actor/recv_traj=1470.7           │actor/actor/sync_model_to_rollout=0.9…│
│actor/run_training=33.663              │cal_adv_and_returns=0.0074             │env/compute_bootstrap_rewards=0.0059  │
│env/env/bootstrap_step=857.7           │env/env/send_rollout_trajectories=0.764│env/env_interact_step=577.6           │
│env/interact=1470.0                    │env/run_interact_once=1469.0           │generate_rollouts=1470.8              │
│rollout/generate_one_epoch=1468.2      │rollout/predict=26.147                 │rollout/rollout/generate=1468.2       │
│step=1506.1                            │sync_weights=1.545                     │                                      │
│                                                                                                                      │
├──────────────────────────────────────────────────── Environment ─────────────────────────────────────────────────────┤
│                                                                                                                      │
│episode_len=200.0                      │num_trajectories=256                   │return=0.76171875                     │
│reward=0.0038085936                    │success_once=0.76171875                │                                      │
│                                                                                                                      │
├────────────────────────────────────────────────────── Rollout ───────────────────────────────────────────────────────┤
│                                                                                                                      │
│advantages_max=1.620                   │advantages_mean=-0.113                 │advantages_min=-2.475                 │
│rewards=0.0045                         │                                       │                                      │
│                                                                                                                      │
├─────────────────────────────────────────────────── Training/Actor ───────────────────────────────────────────────────┤
│                                                                                                                      │
│actor/approx_kl=0.044                  │actor/clip_fraction=0.134              │actor/clipped_ratio=0.988             │
│actor/dual_cliped_ratio=0.0000         │actor/dvac_current_mean=-4.390         │actor/dvac_current_std=0.654          │
│actor/dvac_history_mean=-4.424         │actor/dvac_history_std=0.640           │actor/dvac_warmup=0.0000              │
│actor/dvac_weight_mean_rank_local=0.989│actor/entropy_loss=0.0000              │actor/grad_norm=38.011                │
│actor/lr=5.60e-06                      │actor/policy_loss=0.0053               │actor/policy_loss_abs=0.479           │
│actor/ratio=1.011                      │actor/ratio_abs=0.174                  │actor/total_loss=6.57e-04             │
│                                                                                                                      │
╰──────────────────────────────────────────────────────────────────────────────────────────────────────────────────────╯


╭──────────────────────────────────────────────────────────────────────────────────────────────────────────────────────╮
├──────────────────────────────────────────────────── Metric Table ────────────────────────────────────────────────────┤
│ Global Step:    3/100 │ Progress: █░░░░░░░░░░░░░░░░░░░░░░░░░░░░░░░░░░░░░░░ │   3.0%                                  │
│ Elapsed: 01:16:08 │ ETA: 41:01:43 │ Step Time: 1522.720s                                                             │
├──────────────────────────────────────────────────────── Time ────────────────────────────────────────────────────────┤
│                                                                                                                      │
│actor/actor/compute_adv=0.0060         │actor/actor/recv_traj=1479.7           │actor/actor/sync_model_to_rollout=0.7…│
│actor/run_training=33.722              │cal_adv_and_returns=0.0094             │env/compute_bootstrap_rewards=0.0059  │
│env/env/bootstrap_step=842.9           │env/env/send_rollout_trajectories=0.782│env/env_interact_step=602.6           │
│env/interact=1478.9                    │env/run_interact_once=1478.2           │generate_rollouts=1479.8              │
│rollout/generate_one_epoch=1477.3      │rollout/predict=26.025                 │rollout/rollout/generate=1477.3       │
│step=1514.8                            │sync_weights=1.321                     │                                      │
│                                                                                                                      │
├──────────────────────────────────────────────────── Environment ─────────────────────────────────────────────────────┤
│                                                                                                                      │
│episode_len=200.0                      │num_trajectories=256                   │return=0.7890625                      │
│reward=0.003945312                     │success_once=0.7890625                 │                                      │
│                                                                                                                      │
├────────────────────────────────────────────────────── Rollout ───────────────────────────────────────────────────────┤
│                                                                                                                      │
│advantages_max=2.475                   │advantages_mean=-0.116                 │advantages_min=-2.475                 │
│rewards=0.0041                         │                                       │                                      │
│                                                                                                                      │
├─────────────────────────────────────────────────── Training/Actor ───────────────────────────────────────────────────┤
│                                                                                                                      │
│actor/approx_kl=0.051                  │actor/clip_fraction=0.156              │actor/clipped_ratio=0.982             │
│actor/dual_cliped_ratio=0.0000         │actor/dvac_current_mean=-4.390         │actor/dvac_current_std=0.689          │
│actor/dvac_history_mean=-4.407         │actor/dvac_history_std=0.647           │actor/dvac_warmup=0.0000              │
│actor/dvac_weight_mean_rank_local=0.991│actor/entropy_loss=0.0000              │actor/grad_norm=44.164                │
│actor/lr=5.60e-06                      │actor/policy_loss=0.0071               │actor/policy_loss_abs=0.494           │
│actor/ratio=0.995                      │actor/ratio_abs=0.187                  │actor/total_loss=8.92e-04             │
│                                                                                                                      │
╰──────────────────────────────────────────────────────────────────────────────────────────────────────────────────────╯


╭──────────────────────────────────────────────────────────────────────────────────────────────────────────────────────╮
├──────────────────────────────────────────────────── Metric Table ────────────────────────────────────────────────────┤
│ Global Step:    4/100 │ Progress: █░░░░░░░░░░░░░░░░░░░░░░░░░░░░░░░░░░░░░░░ │   4.0%                                  │
│ Elapsed: 01:41:29 │ ETA: 40:35:56 │ Step Time: 1522.461s                                                             │
├──────────────────────────────────────────────────────── Time ────────────────────────────────────────────────────────┤
│                                                                                                                      │
│actor/actor/compute_adv=0.0032         │actor/actor/recv_traj=1486.7           │actor/actor/sync_model_to_rollout=0.7…│
│actor/run_training=33.613              │cal_adv_and_returns=0.0065             │env/compute_bootstrap_rewards=0.0061  │
│env/env/bootstrap_step=856.9           │env/env/send_rollout_trajectories=0.727│env/env_interact_step=593.9           │
│env/interact=1485.9                    │env/run_interact_once=1485.1           │generate_rollouts=1486.8              │
│rollout/generate_one_epoch=1484.4      │rollout/predict=26.028                 │rollout/rollout/generate=1484.4       │
│step=1521.7                            │sync_weights=1.278                     │                                      │
│                                                                                                                      │
├──────────────────────────────────────────────────── Environment ─────────────────────────────────────────────────────┤
│                                                                                                                      │
│episode_len=200.0                      │num_trajectories=256                   │return=0.8125                         │
│reward=0.0040625                       │success_once=0.8125                    │                                      │
│                                                                                                                      │
├────────────────────────────────────────────────────── Rollout ───────────────────────────────────────────────────────┤
│                                                                                                                      │
│advantages_max=1.620                   │advantages_mean=-0.116                 │advantages_min=-2.475                 │
│rewards=0.0043                         │                                       │                                      │
│                                                                                                                      │
├─────────────────────────────────────────────────── Training/Actor ───────────────────────────────────────────────────┤
│                                                                                                                      │
│actor/approx_kl=0.032                  │actor/clip_fraction=0.127              │actor/clipped_ratio=0.989             │
│actor/dual_cliped_ratio=0.0000         │actor/dvac_current_mean=-4.374         │actor/dvac_current_std=0.668          │
│actor/dvac_history_mean=-4.401         │actor/dvac_history_std=0.661           │actor/dvac_warmup=0.0000              │
│actor/dvac_weight_mean_rank_local=0.997│actor/entropy_loss=0.0000              │actor/grad_norm=46.177                │
│actor/lr=5.60e-06                      │actor/policy_loss=0.0057               │actor/policy_loss_abs=0.500           │
│actor/ratio=1.000                      │actor/ratio_abs=0.154                  │actor/total_loss=7.14e-04             │
│                                                                                                                      │
╰──────────────────────────────────────────────────────────────────────────────────────────────────────────────────────╯


╭──────────────────────────────────────────────────────────────────────────────────────────────────────────────────────╮
├──────────────────────────────────────────────────── Metric Table ────────────────────────────────────────────────────┤
│ Global Step:    5/100 │ Progress: ██░░░░░░░░░░░░░░░░░░░░░░░░░░░░░░░░░░░░░░ │   5.0%                                  │
│ Elapsed: 02:06:28 │ ETA: 40:02:52 │ Step Time: 1517.604s                                                             │
├──────────────────────────────────────────────────────── Time ────────────────────────────────────────────────────────┤
│                                                                                                                      │
│actor/actor/compute_adv=0.0027         │actor/actor/recv_traj=1463.0           │actor/actor/sync_model_to_rollout=0.6…│
│actor/run_training=33.623              │cal_adv_and_returns=0.0062             │env/compute_bootstrap_rewards=0.0057  │
│env/env/bootstrap_step=852.6           │env/env/send_rollout_trajectories=0.773│env/env_interact_step=573.8           │
│env/interact=1462.3                    │env/run_interact_once=1461.4           │generate_rollouts=1463.1              │
│rollout/generate_one_epoch=1460.7      │rollout/predict=26.857                 │rollout/rollout/generate=1460.7       │
│step=1498.2                            │sync_weights=1.394                     │                                      │
│                                                                                                                      │
├──────────────────────────────────────────────────── Environment ─────────────────────────────────────────────────────┤
│                                                                                                                      │
│episode_len=200.0                      │num_trajectories=256                   │return=0.8203125                      │
│reward=0.0041015623                    │success_once=0.8203125                 │                                      │
│                                                                                                                      │
├────────────────────────────────────────────────────── Rollout ───────────────────────────────────────────────────────┤
│                                                                                                                      │
│advantages_max=1.208                   │advantages_mean=-0.111                 │advantages_min=-2.475                 │
│rewards=0.0045                         │                                       │                                      │
│                                                                                                                      │
├─────────────────────────────────────────────────── Training/Actor ───────────────────────────────────────────────────┤
│                                                                                                                      │
│actor/approx_kl=0.021                  │actor/clip_fraction=0.137              │actor/clipped_ratio=0.996             │
│actor/dual_cliped_ratio=0.0000         │actor/dvac_current_mean=-4.381         │actor/dvac_current_std=0.635          │
│actor/dvac_history_mean=-4.394         │actor/dvac_history_std=0.663           │actor/dvac_warmup=0.0000              │
│actor/dvac_weight_mean_rank_local=0.989│actor/entropy_loss=0.0000              │actor/grad_norm=29.716                │
│actor/lr=5.60e-06                      │actor/policy_loss=-4.83e-04            │actor/policy_loss_abs=0.414           │
│actor/ratio=1.016                      │actor/ratio_abs=0.155                  │actor/total_loss=-6.04e-05            │
│                                                                                                                      │
╰──────────────────────────────────────────────────────────────────────────────────────────────────────────────────────╯


╭──────────────────────────────────────────────────────────────────────────────────────────────────────────────────────╮
├──────────────────────────────────────────────────── Metric Table ────────────────────────────────────────────────────┤
│ Global Step:    6/100 │ Progress: ██░░░░░░░░░░░░░░░░░░░░░░░░░░░░░░░░░░░░░░ │   6.0%                                  │
│ Elapsed: 02:30:59 │ ETA: 39:25:32 │ Step Time: 1509.915s                                                             │
├──────────────────────────────────────────────────────── Time ────────────────────────────────────────────────────────┤
│                                                                                                                      │
│actor/actor/compute_adv=0.0035         │actor/actor/recv_traj=1436.3           │actor/actor/sync_model_to_rollout=0.6…│
│actor/run_training=33.643              │cal_adv_and_returns=0.0071             │env/compute_bootstrap_rewards=0.0059  │
│env/env/bootstrap_step=847.5           │env/env/send_rollout_trajectories=0.765│env/env_interact_step=553.5           │
│env/interact=1435.6                    │env/run_interact_once=1434.6           │generate_rollouts=1436.4              │
│rollout/generate_one_epoch=1433.8      │rollout/predict=26.798                 │rollout/rollout/generate=1433.8       │
│step=1471.4                            │sync_weights=1.424                     │                                      │
│                                                                                                                      │
├──────────────────────────────────────────────────── Environment ─────────────────────────────────────────────────────┤
│                                                                                                                      │
│episode_len=200.0                      │num_trajectories=256                   │return=0.9140625                      │
│reward=0.004570312                     │success_once=0.9140625                 │                                      │
│                                                                                                                      │
├────────────────────────────────────────────────────── Rollout ───────────────────────────────────────────────────────┤
│                                                                                                                      │
│advantages_max=0.935                   │advantages_mean=-0.110                 │advantages_min=-2.475                 │
│rewards=0.0050                         │                                       │                                      │
│                                                                                                                      │
├─────────────────────────────────────────────────── Training/Actor ───────────────────────────────────────────────────┤
│                                                                                                                      │
│actor/approx_kl=0.044                  │actor/clip_fraction=0.110              │actor/clipped_ratio=0.989             │
│actor/dual_cliped_ratio=0.0000         │actor/dvac_current_mean=-4.409         │actor/dvac_current_std=0.618          │
│actor/dvac_history_mean=-4.392         │actor/dvac_history_std=0.658           │actor/dvac_warmup=0.0000              │
│actor/dvac_weight_mean_rank_local=0.982│actor/entropy_loss=0.0000              │actor/grad_norm=29.378                │
│actor/lr=5.60e-06                      │actor/policy_loss=7.66e-04             │actor/policy_loss_abs=0.299           │
│actor/ratio=0.994                      │actor/ratio_abs=0.152                  │actor/total_loss=9.58e-05             │
│                                                                                                                      │
╰──────────────────────────────────────────────────────────────────────────────────────────────────────────────────────╯


╭──────────────────────────────────────────────────────────────────────────────────────────────────────────────────────╮
├──────────────────────────────────────────────────── Metric Table ────────────────────────────────────────────────────┤
│ Global Step:    7/100 │ Progress: ██░░░░░░░░░░░░░░░░░░░░░░░░░░░░░░░░░░░░░░ │   7.0%                                  │
│ Elapsed: 02:55:48 │ ETA: 38:55:41 │ Step Time: 1506.901s                                                             │
├──────────────────────────────────────────────────────── Time ────────────────────────────────────────────────────────┤
│                                                                                                                      │
│actor/actor/compute_adv=0.0045         │actor/actor/recv_traj=1453.8           │actor/actor/sync_model_to_rollout=0.6…│
│actor/run_training=33.695              │cal_adv_and_returns=0.0075             │env/compute_bootstrap_rewards=0.0058  │
│env/env/bootstrap_step=848.9           │env/env/send_rollout_trajectories=0.758│env/env_interact_step=568.0           │
│env/interact=1453.0                    │env/run_interact_once=1452.2           │generate_rollouts=1453.9              │
│rollout/generate_one_epoch=1451.5      │rollout/predict=27.085                 │rollout/rollout/generate=1451.5       │
│step=1488.8                            │sync_weights=1.223                     │                                      │
│                                                                                                                      │
├──────────────────────────────────────────────────── Environment ─────────────────────────────────────────────────────┤
│                                                                                                                      │
│episode_len=200.0                      │num_trajectories=256                   │return=0.828125                       │
│reward=0.004140625                     │success_once=0.828125                  │                                      │
│                                                                                                                      │
├────────────────────────────────────────────────────── Rollout ───────────────────────────────────────────────────────┤
│                                                                                                                      │
│advantages_max=0.935                   │advantages_mean=-0.115                 │advantages_min=-2.475                 │
│rewards=0.0046                         │                                       │                                      │
│                                                                                                                      │
├─────────────────────────────────────────────────── Training/Actor ───────────────────────────────────────────────────┤
│                                                                                                                      │
│actor/approx_kl=0.030                  │actor/clip_fraction=0.129              │actor/clipped_ratio=0.986             │
│actor/dual_cliped_ratio=0.0000         │actor/dvac_current_mean=-4.373         │actor/dvac_current_std=0.638          │
│actor/dvac_history_mean=-4.389         │actor/dvac_history_std=0.653           │actor/dvac_warmup=0.0000              │
│actor/dvac_weight_mean_rank_local=0.998│actor/entropy_loss=0.0000              │actor/grad_norm=33.815                │
│actor/lr=5.60e-06                      │actor/policy_loss=0.0029               │actor/policy_loss_abs=0.414           │
│actor/ratio=1.001                      │actor/ratio_abs=0.152                  │actor/total_loss=3.62e-04             │
│                                                                                                                      │
╰──────────────────────────────────────────────────────────────────────────────────────────────────────────────────────╯


╭──────────────────────────────────────────────────────────────────────────────────────────────────────────────────────╮
├──────────────────────────────────────────────────── Metric Table ────────────────────────────────────────────────────┤
│ Global Step:    8/100 │ Progress: ███░░░░░░░░░░░░░░░░░░░░░░░░░░░░░░░░░░░░░ │   8.0%                                  │
│ Elapsed: 03:20:28 │ ETA: 38:25:22 │ Step Time: 1503.502s                                                             │
├──────────────────────────────────────────────────────── Time ────────────────────────────────────────────────────────┤
│                                                                                                                      │
│actor/actor/compute_adv=0.0035         │actor/actor/recv_traj=1444.7           │actor/actor/sync_model_to_rollout=0.6…│
│actor/run_training=33.685              │cal_adv_and_returns=0.0077             │env/compute_bootstrap_rewards=0.0061  │
│env/env/bootstrap_step=847.0           │env/env/send_rollout_trajectories=0.740│env/env_interact_step=562.6           │
│env/interact=1443.9                    │env/run_interact_once=1443.0           │generate_rollouts=1444.8              │
│rollout/generate_one_epoch=1442.2      │rollout/predict=26.646                 │rollout/rollout/generate=1442.2       │
│step=1479.7                            │sync_weights=1.201                     │                                      │
│                                                                                                                      │
├──────────────────────────────────────────────────── Environment ─────────────────────────────────────────────────────┤
│                                                                                                                      │
│episode_len=200.0                      │num_trajectories=256                   │return=0.81640625                     │
│reward=0.004082031                     │success_once=0.81640625                │                                      │
│                                                                                                                      │
├────────────────────────────────────────────────────── Rollout ───────────────────────────────────────────────────────┤
│                                                                                                                      │
│advantages_max=1.620                   │advantages_mean=-0.118                 │advantages_min=-2.475                 │
│rewards=0.0042                         │                                       │                                      │
│                                                                                                                      │
├─────────────────────────────────────────────────── Training/Actor ───────────────────────────────────────────────────┤
│                                                                                                                      │
│actor/approx_kl=0.016                  │actor/clip_fraction=0.106              │actor/clipped_ratio=0.996             │
│actor/dual_cliped_ratio=0.0000         │actor/dvac_current_mean=-4.347         │actor/dvac_current_std=0.642          │
│actor/dvac_history_mean=-4.385         │actor/dvac_history_std=0.650           │actor/dvac_warmup=0.0000              │
│actor/dvac_weight_mean_rank_local=1.006│actor/entropy_loss=0.0000              │actor/grad_norm=27.993                │
│actor/lr=5.60e-06                      │actor/policy_loss=-0.0054              │actor/policy_loss_abs=0.384           │
│actor/ratio=1.004                      │actor/ratio_abs=0.119                  │actor/total_loss=-6.79e-04            │
│                                                                                                                      │
╰──────────────────────────────────────────────────────────────────────────────────────────────────────────────────────╯


╭──────────────────────────────────────────────────────────────────────────────────────────────────────────────────────╮
├──────────────────────────────────────────────────── Metric Table ────────────────────────────────────────────────────┤
│ Global Step:    9/100 │ Progress: ███░░░░░░░░░░░░░░░░░░░░░░░░░░░░░░░░░░░░░ │   9.0%                                  │
│ Elapsed: 03:45:42 │ ETA: 38:02:12 │ Step Time: 1504.747s                                                             │
├──────────────────────────────────────────────────────── Time ────────────────────────────────────────────────────────┤
│                                                                                                                      │
│actor/actor/compute_adv=0.0033         │actor/actor/recv_traj=1479.6           │actor/actor/sync_model_to_rollout=0.6…│
│actor/run_training=33.717              │cal_adv_and_returns=0.0067             │env/compute_bootstrap_rewards=0.0060  │
│env/env/bootstrap_step=850.6           │env/env/send_rollout_trajectories=0.772│env/env_interact_step=596.1           │
│env/interact=1478.8                    │env/run_interact_once=1478.0           │generate_rollouts=1479.7              │
│rollout/generate_one_epoch=1477.2      │rollout/predict=26.556                 │rollout/rollout/generate=1477.2       │
│step=1514.7                            │sync_weights=1.238                     │                                      │
│                                                                                                                      │
├──────────────────────────────────────────────────── Environment ─────────────────────────────────────────────────────┤
│                                                                                                                      │
│episode_len=200.0                      │num_trajectories=256                   │return=0.80078125                     │
│reward=0.004003906                     │success_once=0.80078125                │                                      │
│                                                                                                                      │
├────────────────────────────────────────────────────── Rollout ───────────────────────────────────────────────────────┤
│                                                                                                                      │
│advantages_max=1.208                   │advantages_mean=-0.119                 │advantages_min=-2.475                 │
│rewards=0.0042                         │                                       │                                      │
│                                                                                                                      │
├─────────────────────────────────────────────────── Training/Actor ───────────────────────────────────────────────────┤
│                                                                                                                      │
│actor/approx_kl=0.039                  │actor/clip_fraction=0.142              │actor/clipped_ratio=0.988             │
│actor/dual_cliped_ratio=0.0000         │actor/dvac_current_mean=-4.311         │actor/dvac_current_std=0.616          │
│actor/dvac_history_mean=-4.377         │actor/dvac_history_std=0.641           │actor/dvac_warmup=0.0000              │
│actor/dvac_weight_mean_rank_local=1.002│actor/entropy_loss=0.0000              │actor/grad_norm=44.476                │
│actor/lr=5.60e-06                      │actor/policy_loss=0.0035               │actor/policy_loss_abs=0.498           │
│actor/ratio=0.993                      │actor/ratio_abs=0.160                  │actor/total_loss=4.36e-04             │
│                                                                                                                      │
╰──────────────────────────────────────────────────────────────────────────────────────────────────────────────────────╯


╭──────────────────────────────────────────────────────────────────────────────────────────────────────────────────────╮
├──────────────────────────────────────────────────── Metric Table ────────────────────────────────────────────────────┤
│ Global Step:   10/100 │ Progress: ████░░░░░░░░░░░░░░░░░░░░░░░░░░░░░░░░░░░░ │  10.0%                                  │
│ Elapsed: 04:10:44 │ ETA: 37:36:42 │ Step Time: 1504.471s                                                             │
├──────────────────────────────────────────────────────── Time ────────────────────────────────────────────────────────┤
│                                                                                                                      │
│actor/actor/compute_adv=0.0035         │actor/actor/recv_traj=1451.2           │actor/actor/sync_model_to_rollout=0.6…│
│actor/run_training=33.719              │cal_adv_and_returns=0.0071             │env/compute_bootstrap_rewards=0.0060  │
│env/env/bootstrap_step=846.1           │env/env/send_rollout_trajectories=0.790│env/env_interact_step=568.4           │
│env/interact=1450.3                    │env/run_interact_once=1449.2           │generate_rollouts=1451.3              │
│rollout/generate_one_epoch=1448.5      │rollout/predict=26.806                 │rollout/rollout/generate=1448.5       │
│step=1502.0                            │sync_weights=1.191                     │                                      │
│                                                                                                                      │
├──────────────────────────────────────────────────── Environment ─────────────────────────────────────────────────────┤
│                                                                                                                      │
│episode_len=200.0                      │num_trajectories=256                   │return=0.84765625                     │
│reward=0.004238281                     │success_once=0.84765625                │                                      │
│                                                                                                                      │
├────────────────────────────────────────────────────── Rollout ───────────────────────────────────────────────────────┤
│                                                                                                                      │
│advantages_max=2.475                   │advantages_mean=-0.109                 │advantages_min=-2.475                 │
│rewards=0.0046                         │                                       │                                      │
│                                                                                                                      │
├─────────────────────────────────────────────────── Training/Actor ───────────────────────────────────────────────────┤
│                                                                                                                      │
│actor/approx_kl=0.030                  │actor/clip_fraction=0.118              │actor/clipped_ratio=0.990             │
│actor/dual_cliped_ratio=0.0000         │actor/dvac_current_mean=-4.321         │actor/dvac_current_std=0.589          │
│actor/dvac_history_mean=-4.364         │actor/dvac_history_std=0.631           │actor/dvac_warmup=0.0000              │
│actor/dvac_weight_mean_rank_local=1.003│actor/entropy_loss=0.0000              │actor/grad_norm=33.865                │
│actor/lr=5.60e-06                      │actor/policy_loss=0.0082               │actor/policy_loss_abs=0.417           │
│actor/ratio=0.998                      │actor/ratio_abs=0.144                  │actor/total_loss=0.0010               │
│                                                                                                                      │
╰──────────────────────────────────────────────────────────────────────────────────────────────────────────────────────╯


╭──────────────────────────────────────────────────────────────────────────────────────────────────────────────────────╮
├──────────────────────────────────────────────────── Metric Table ────────────────────────────────────────────────────┤
│ Global Step:   11/100 │ Progress: ████░░░░░░░░░░░░░░░░░░░░░░░░░░░░░░░░░░░░ │  11.0%                                  │
│ Elapsed: 04:35:10 │ ETA: 37:06:24 │ Step Time: 1500.944s                                                             │
├──────────────────────────────────────────────────────── Time ────────────────────────────────────────────────────────┤
│                                                                                                                      │
│actor/actor/compute_adv=0.0062         │actor/actor/recv_traj=1430.7           │actor/actor/sync_model_to_rollout=0.5…│
│actor/run_training=33.727              │cal_adv_and_returns=0.0088             │env/compute_bootstrap_rewards=0.0054  │
│env/env/bootstrap_step=844.0           │env/env/send_rollout_trajectories=0.740│env/env_interact_step=551.2           │
│env/interact=1430.0                    │env/run_interact_once=1429.2           │generate_rollouts=1430.8              │
│rollout/generate_one_epoch=1428.4      │rollout/predict=27.090                 │rollout/rollout/generate=1428.4       │
│step=1465.7                            │sync_weights=1.124                     │                                      │
│                                                                                                                      │
├──────────────────────────────────────────────────── Environment ─────────────────────────────────────────────────────┤
│                                                                                                                      │
│episode_len=200.0                      │num_trajectories=256                   │return=0.94921875                     │
│reward=0.004746093                     │success_once=0.94921875                │                                      │
│                                                                                                                      │
├────────────────────────────────────────────────────── Rollout ───────────────────────────────────────────────────────┤
│                                                                                                                      │
│advantages_max=0.725                   │advantages_mean=-0.112                 │advantages_min=-2.475                 │
│rewards=0.0050                         │                                       │                                      │
│                                                                                                                      │
├─────────────────────────────────────────────────── Training/Actor ───────────────────────────────────────────────────┤
│                                                                                                                      │
│actor/approx_kl=0.020                  │actor/clip_fraction=0.083              │actor/clipped_ratio=0.998             │
│actor/dual_cliped_ratio=0.0000         │actor/dvac_current_mean=-4.331         │actor/dvac_current_std=0.601          │
│actor/dvac_history_mean=-4.352         │actor/dvac_history_std=0.622           │actor/dvac_warmup=0.0000              │
│actor/dvac_weight_mean_rank_local=1.003│actor/entropy_loss=0.0000              │actor/grad_norm=21.699                │
│actor/lr=5.60e-06                      │actor/policy_loss=-0.0028              │actor/policy_loss_abs=0.176           │
│actor/ratio=1.001                      │actor/ratio_abs=0.112                  │actor/total_loss=-3.51e-04            │
│                                                                                                                      │
╰──────────────────────────────────────────────────────────────────────────────────────────────────────────────────────╯


╭──────────────────────────────────────────────────────────────────────────────────────────────────────────────────────╮
├──────────────────────────────────────────────────── Metric Table ────────────────────────────────────────────────────┤
│ Global Step:   12/100 │ Progress: ████░░░░░░░░░░░░░░░░░░░░░░░░░░░░░░░░░░░░ │  12.0%                                  │
│ Elapsed: 05:00:48 │ ETA: 36:45:58 │ Step Time: 1504.076s                                                             │
├──────────────────────────────────────────────────────── Time ────────────────────────────────────────────────────────┤
│                                                                                                                      │
│actor/actor/compute_adv=0.0034         │actor/actor/recv_traj=1503.4           │actor/actor/sync_model_to_rollout=0.6…│
│actor/run_training=33.812              │cal_adv_and_returns=0.0067             │env/compute_bootstrap_rewards=0.0059  │
│env/env/bootstrap_step=847.7           │env/env/send_rollout_trajectories=0.768│env/env_interact_step=618.8           │
│env/interact=1502.6                    │env/run_interact_once=1501.7           │generate_rollouts=1503.5              │
│rollout/generate_one_epoch=1500.9      │rollout/predict=26.889                 │rollout/rollout/generate=1500.9       │
│step=1538.5                            │sync_weights=1.178                     │                                      │
│                                                                                                                      │
├──────────────────────────────────────────────────── Environment ─────────────────────────────────────────────────────┤
│                                                                                                                      │
│episode_len=200.0                      │num_trajectories=256                   │return=0.74609375                     │
│reward=0.0037304687                    │success_once=0.74609375                │                                      │
│                                                                                                                      │
├────────────────────────────────────────────────────── Rollout ───────────────────────────────────────────────────────┤
│                                                                                                                      │
│advantages_max=2.475                   │advantages_mean=-0.119                 │advantages_min=-2.475                 │
│rewards=0.0042                         │                                       │                                      │
│                                                                                                                      │
├─────────────────────────────────────────────────── Training/Actor ───────────────────────────────────────────────────┤
│                                                                                                                      │
│actor/approx_kl=0.051                  │actor/clip_fraction=0.157              │actor/clipped_ratio=0.982             │
│actor/dual_cliped_ratio=0.0000         │actor/dvac_current_mean=-4.200         │actor/dvac_current_std=0.647          │
│actor/dvac_history_mean=-4.337         │actor/dvac_history_std=0.618           │actor/dvac_warmup=0.0000              │
│actor/dvac_weight_mean_rank_local=1.013│actor/entropy_loss=0.0000              │actor/grad_norm=46.899                │
│actor/lr=5.60e-06                      │actor/policy_loss=0.013                │actor/policy_loss_abs=0.550           │
│actor/ratio=0.990                      │actor/ratio_abs=0.178                  │actor/total_loss=0.0017               │
│                                                                                                                      │
╰──────────────────────────────────────────────────────────────────────────────────────────────────────────────────────╯


╭──────────────────────────────────────────────────────────────────────────────────────────────────────────────────────╮
├──────────────────────────────────────────────────── Metric Table ────────────────────────────────────────────────────┤
│ Global Step:   13/100 │ Progress: █████░░░░░░░░░░░░░░░░░░░░░░░░░░░░░░░░░░░ │  13.0%                                  │
│ Elapsed: 05:25:46 │ ETA: 36:20:12 │ Step Time: 1503.589s                                                             │
├──────────────────────────────────────────────────────── Time ────────────────────────────────────────────────────────┤
│                                                                                                                      │
│actor/actor/compute_adv=0.0028         │actor/actor/recv_traj=1462.4           │actor/actor/sync_model_to_rollout=0.6…│
│actor/run_training=34.031              │cal_adv_and_returns=0.0065             │env/compute_bootstrap_rewards=0.0060  │
│env/env/bootstrap_step=853.6           │env/env/send_rollout_trajectories=0.771│env/env_interact_step=571.8           │
│env/interact=1461.6                    │env/run_interact_once=1460.7           │generate_rollouts=1462.5              │
│rollout/generate_one_epoch=1459.9      │rollout/predict=26.904                 │rollout/rollout/generate=1459.9       │
│step=1497.7                            │sync_weights=1.167                     │                                      │
│                                                                                                                      │
├──────────────────────────────────────────────────── Environment ─────────────────────────────────────────────────────┤
│                                                                                                                      │
│episode_len=200.0                      │num_trajectories=256                   │return=0.78125                        │
│reward=0.00390625                      │success_once=0.78125                   │                                      │
│                                                                                                                      │
├────────────────────────────────────────────────────── Rollout ───────────────────────────────────────────────────────┤
│                                                                                                                      │
│advantages_max=2.475                   │advantages_mean=-0.111                 │advantages_min=-2.475                 │
│rewards=0.0036                         │                                       │                                      │
│                                                                                                                      │
├─────────────────────────────────────────────────── Training/Actor ───────────────────────────────────────────────────┤
│                                                                                                                      │
│actor/approx_kl=0.0095                 │actor/clip_fraction=0.125              │actor/clipped_ratio=1.001             │
│actor/dual_cliped_ratio=0.0000         │actor/dvac_current_mean=-4.182         │actor/dvac_current_std=0.622          │
│actor/dvac_history_mean=-4.302         │actor/dvac_history_std=0.621           │actor/dvac_warmup=0.0000              │
│actor/dvac_weight_mean_rank_local=1.027│actor/entropy_loss=0.0000              │actor/grad_norm=37.165                │
│actor/lr=5.60e-06                      │actor/policy_loss=-7.78e-04            │actor/policy_loss_abs=0.425           │
│actor/ratio=1.018                      │actor/ratio_abs=0.149                  │actor/total_loss=-9.72e-05            │
│                                                                                                                      │
╰──────────────────────────────────────────────────────────────────────────────────────────────────────────────────────╯


╭──────────────────────────────────────────────────────────────────────────────────────────────────────────────────────╮
├──────────────────────────────────────────────────── Metric Table ────────────────────────────────────────────────────┤
│ Global Step:   14/100 │ Progress: █████░░░░░░░░░░░░░░░░░░░░░░░░░░░░░░░░░░░ │  14.0%                                  │
│ Elapsed: 05:50:29 │ ETA: 35:53:01 │ Step Time: 1502.108s                                                             │
├──────────────────────────────────────────────────────── Time ────────────────────────────────────────────────────────┤
│                                                                                                                      │
│actor/actor/compute_adv=0.0031         │actor/actor/recv_traj=1447.7           │actor/actor/sync_model_to_rollout=0.6…│
│actor/run_training=33.837              │cal_adv_and_returns=0.0067             │env/compute_bootstrap_rewards=0.0057  │
│env/env/bootstrap_step=855.7           │env/env/send_rollout_trajectories=0.763│env/env_interact_step=556.8           │
│env/interact=1447.0                    │env/run_interact_once=1446.1           │generate_rollouts=1447.8              │
│rollout/generate_one_epoch=1445.3      │rollout/predict=25.982                 │rollout/rollout/generate=1445.3       │
│step=1482.8                            │sync_weights=1.200                     │                                      │
│                                                                                                                      │
├──────────────────────────────────────────────────── Environment ─────────────────────────────────────────────────────┤
│                                                                                                                      │
│episode_len=200.0                      │num_trajectories=256                   │return=0.84375                        │
│reward=0.0042187497                    │success_once=0.84375                   │                                      │
│                                                                                                                      │
├────────────────────────────────────────────────────── Rollout ───────────────────────────────────────────────────────┤
│                                                                                                                      │
│advantages_max=2.475                   │advantages_mean=-0.112                 │advantages_min=-2.475                 │
│rewards=0.0044                         │                                       │                                      │
│                                                                                                                      │
├─────────────────────────────────────────────────── Training/Actor ───────────────────────────────────────────────────┤
│                                                                                                                      │
│actor/approx_kl=0.026                  │actor/clip_fraction=0.116              │actor/clipped_ratio=0.991             │
│actor/dual_cliped_ratio=0.0000         │actor/dvac_current_mean=-4.208         │actor/dvac_current_std=0.583          │
│actor/dvac_history_mean=-4.269         │actor/dvac_history_std=0.619           │actor/dvac_warmup=0.0000              │
│actor/dvac_weight_mean_rank_local=1.013│actor/entropy_loss=0.0000              │actor/grad_norm=35.004                │
│actor/lr=5.60e-06                      │actor/policy_loss=-0.0027              │actor/policy_loss_abs=0.407           │
│actor/ratio=1.008                      │actor/ratio_abs=0.141                  │actor/total_loss=-3.32e-04            │
│                                                                                                                      │
╰──────────────────────────────────────────────────────────────────────────────────────────────────────────────────────╯


╭──────────────────────────────────────────────────────────────────────────────────────────────────────────────────────╮
├──────────────────────────────────────────────────── Metric Table ────────────────────────────────────────────────────┤
│ Global Step:   15/100 │ Progress: ██████░░░░░░░░░░░░░░░░░░░░░░░░░░░░░░░░░░ │  15.0%                                  │
│ Elapsed: 06:15:18 │ ETA: 35:26:45 │ Step Time: 1501.245s                                                             │
├──────────────────────────────────────────────────────── Time ────────────────────────────────────────────────────────┤
│                                                                                                                      │
│actor/actor/compute_adv=0.0030         │actor/actor/recv_traj=1453.9           │actor/actor/sync_model_to_rollout=0.6…│
│actor/run_training=34.010              │cal_adv_and_returns=0.0066             │env/compute_bootstrap_rewards=0.0058  │
│env/env/bootstrap_step=848.6           │env/env/send_rollout_trajectories=0.785│env/env_interact_step=577.9           │
│env/interact=1453.2                    │env/run_interact_once=1452.4           │generate_rollouts=1454.0              │
│rollout/generate_one_epoch=1451.6      │rollout/predict=26.841                 │rollout/rollout/generate=1451.6       │
│step=1489.1                            │sync_weights=1.168                     │                                      │
│                                                                                                                      │
├──────────────────────────────────────────────────── Environment ─────────────────────────────────────────────────────┤
│                                                                                                                      │
│episode_len=200.0                      │num_trajectories=256                   │return=0.79296875                     │
│reward=0.003964843                     │success_once=0.79296875                │                                      │
│                                                                                                                      │
├────────────────────────────────────────────────────── Rollout ───────────────────────────────────────────────────────┤
│                                                                                                                      │
│advantages_max=2.475                   │advantages_mean=-0.115                 │advantages_min=-2.475                 │
│rewards=0.0039                         │                                       │                                      │
│                                                                                                                      │
├─────────────────────────────────────────────────── Training/Actor ───────────────────────────────────────────────────┤
│                                                                                                                      │
│actor/approx_kl=0.061                  │actor/clip_fraction=0.114              │actor/clipped_ratio=0.978             │
│actor/dual_cliped_ratio=0.0000         │actor/dvac_current_mean=-4.179         │actor/dvac_current_std=0.591          │
│actor/dvac_history_mean=-4.248         │actor/dvac_history_std=0.612           │actor/dvac_warmup=0.0000              │
│actor/dvac_weight_mean_rank_local=1.011│actor/entropy_loss=0.0000              │actor/grad_norm=34.818                │
│actor/lr=5.60e-06                      │actor/policy_loss=0.0079               │actor/policy_loss_abs=0.446           │
│actor/ratio=0.976                      │actor/ratio_abs=0.148                  │actor/total_loss=9.83e-04             │
│                                                                                                                      │
╰──────────────────────────────────────────────────────────────────────────────────────────────────────────────────────╯


╭──────────────────────────────────────────────────────────────────────────────────────────────────────────────────────╮
├──────────────────────────────────────────────────── Metric Table ────────────────────────────────────────────────────┤
│ Global Step:   16/100 │ Progress: ██████░░░░░░░░░░░░░░░░░░░░░░░░░░░░░░░░░░ │  16.0%                                  │
│ Elapsed: 06:40:17 │ ETA: 35:01:34 │ Step Time: 1501.122s                                                             │
├──────────────────────────────────────────────────────── Time ────────────────────────────────────────────────────────┤
│                                                                                                                      │
│actor/actor/compute_adv=0.0051         │actor/actor/recv_traj=1463.7           │actor/actor/sync_model_to_rollout=0.6…│
│actor/run_training=34.198              │cal_adv_and_returns=0.0082             │env/compute_bootstrap_rewards=0.0059  │
│env/env/bootstrap_step=845.6           │env/env/send_rollout_trajectories=0.806│env/env_interact_step=583.1           │
│env/interact=1463.0                    │env/run_interact_once=1462.2           │generate_rollouts=1463.8              │
│rollout/generate_one_epoch=1461.3      │rollout/predict=26.923                 │rollout/rollout/generate=1461.3       │
│step=1499.3                            │sync_weights=1.201                     │                                      │
│                                                                                                                      │
├──────────────────────────────────────────────────── Environment ─────────────────────────────────────────────────────┤
│                                                                                                                      │
│episode_len=200.0                      │num_trajectories=256                   │return=0.80078125                     │
│reward=0.004003906                     │success_once=0.80078125                │                                      │
│                                                                                                                      │
├────────────────────────────────────────────────────── Rollout ───────────────────────────────────────────────────────┤
│                                                                                                                      │
│advantages_max=1.208                   │advantages_mean=-0.118                 │advantages_min=-2.475                 │
│rewards=0.0044                         │                                       │                                      │
│                                                                                                                      │
├─────────────────────────────────────────────────── Training/Actor ───────────────────────────────────────────────────┤
│                                                                                                                      │
│actor/approx_kl=0.019                  │actor/clip_fraction=0.134              │actor/clipped_ratio=0.995             │
│actor/dual_cliped_ratio=0.0000         │actor/dvac_current_mean=-4.176         │actor/dvac_current_std=0.608          │
│actor/dvac_history_mean=-4.220         │actor/dvac_history_std=0.612           │actor/dvac_warmup=0.0000              │
│actor/dvac_weight_mean_rank_local=0.994│actor/entropy_loss=0.0000              │actor/grad_norm=34.959                │
│actor/lr=5.60e-06                      │actor/policy_loss=4.88e-04             │actor/policy_loss_abs=0.455           │
│actor/ratio=1.016                      │actor/ratio_abs=0.152                  │actor/total_loss=6.10e-05             │
│                                                                                                                      │
╰──────────────────────────────────────────────────────────────────────────────────────────────────────────────────────╯


╭──────────────────────────────────────────────────────────────────────────────────────────────────────────────────────╮
├──────────────────────────────────────────────────── Metric Table ────────────────────────────────────────────────────┤
│ Global Step:   17/100 │ Progress: ██████░░░░░░░░░░░░░░░░░░░░░░░░░░░░░░░░░░ │  17.0%                                  │
│ Elapsed: 07:05:01 │ ETA: 34:35:07 │ Step Time: 1500.095s                                                             │
├──────────────────────────────────────────────────────── Time ────────────────────────────────────────────────────────┤
│                                                                                                                      │
│actor/actor/compute_adv=0.0032         │actor/actor/recv_traj=1448.5           │actor/actor/sync_model_to_rollout=0.6…│
│actor/run_training=33.878              │cal_adv_and_returns=0.0069             │env/compute_bootstrap_rewards=0.0057  │
│env/env/bootstrap_step=851.1           │env/env/send_rollout_trajectories=0.776│env/env_interact_step=562.1           │
│env/interact=1447.7                    │env/run_interact_once=1446.9           │generate_rollouts=1448.6              │
│rollout/generate_one_epoch=1446.0      │rollout/predict=26.729                 │rollout/rollout/generate=1446.0       │
│step=1483.6                            │sync_weights=1.175                     │                                      │
│                                                                                                                      │
├──────────────────────────────────────────────────── Environment ─────────────────────────────────────────────────────┤
│                                                                                                                      │
│episode_len=200.0                      │num_trajectories=256                   │return=0.85546875                     │
│reward=0.0042773434                    │success_once=0.85546875                │                                      │
│                                                                                                                      │
├────────────────────────────────────────────────────── Rollout ───────────────────────────────────────────────────────┤
│                                                                                                                      │
│advantages_max=0.725                   │advantages_mean=-0.113                 │advantages_min=-2.475                 │
│rewards=0.0050                         │                                       │                                      │
│                                                                                                                      │
├─────────────────────────────────────────────────── Training/Actor ───────────────────────────────────────────────────┤
│                                                                                                                      │
│actor/approx_kl=0.053                  │actor/clip_fraction=0.139              │actor/clipped_ratio=0.978             │
│actor/dual_cliped_ratio=0.0000         │actor/dvac_current_mean=-4.179         │actor/dvac_current_std=0.601          │
│actor/dvac_history_mean=-4.189         │actor/dvac_history_std=0.611           │actor/dvac_warmup=0.0000              │
│actor/dvac_weight_mean_rank_local=0.981│actor/entropy_loss=0.0000              │actor/grad_norm=22.663                │
│actor/lr=5.60e-06                      │actor/policy_loss=-0.0018              │actor/policy_loss_abs=0.176           │
│actor/ratio=0.984                      │actor/ratio_abs=0.170                  │actor/total_loss=-2.20e-04            │
│                                                                                                                      │
╰──────────────────────────────────────────────────────────────────────────────────────────────────────────────────────╯


╭──────────────────────────────────────────────────────────────────────────────────────────────────────────────────────╮
├──────────────────────────────────────────────────── Metric Table ────────────────────────────────────────────────────┤
│ Global Step:   18/100 │ Progress: ███████░░░░░░░░░░░░░░░░░░░░░░░░░░░░░░░░░ │  18.0%                                  │
│ Elapsed: 07:30:25 │ ETA: 34:11:58 │ Step Time: 1501.441s                                                             │
├──────────────────────────────────────────────────────── Time ────────────────────────────────────────────────────────┤
│                                                                                                                      │
│actor/actor/compute_adv=0.0038         │actor/actor/recv_traj=1489.2           │actor/actor/sync_model_to_rollout=0.6…│
│actor/run_training=33.855              │cal_adv_and_returns=0.0067             │env/compute_bootstrap_rewards=0.0056  │
│env/env/bootstrap_step=849.9           │env/env/send_rollout_trajectories=0.770│env/env_interact_step=605.0           │
│env/interact=1488.4                    │env/run_interact_once=1487.7           │generate_rollouts=1489.3              │
│rollout/generate_one_epoch=1486.9      │rollout/predict=27.332                 │rollout/rollout/generate=1486.9       │
│step=1524.3                            │sync_weights=1.169                     │                                      │
│                                                                                                                      │
├──────────────────────────────────────────────────── Environment ─────────────────────────────────────────────────────┤
│                                                                                                                      │
│episode_len=200.0                      │num_trajectories=256                   │return=0.78125                        │
│reward=0.0039062498                    │success_once=0.78125                   │                                      │
│                                                                                                                      │
├────────────────────────────────────────────────────── Rollout ───────────────────────────────────────────────────────┤
│                                                                                                                      │
│advantages_max=2.475                   │advantages_mean=-0.120                 │advantages_min=-2.475                 │
│rewards=0.0039                         │                                       │                                      │
│                                                                                                                      │
├─────────────────────────────────────────────────── Training/Actor ───────────────────────────────────────────────────┤
│                                                                                                                      │
│actor/approx_kl=0.032                  │actor/clip_fraction=0.143              │actor/clipped_ratio=0.993             │
│actor/dual_cliped_ratio=0.0000         │actor/dvac_current_mean=-4.179         │actor/dvac_current_std=0.604          │
│actor/dvac_history_mean=-4.185         │actor/dvac_history_std=0.601           │actor/dvac_warmup=0.0000              │
│actor/dvac_weight_mean_rank_local=0.988│actor/entropy_loss=0.0000              │actor/grad_norm=42.792                │
│actor/lr=5.60e-06                      │actor/policy_loss=0.0054               │actor/policy_loss_abs=0.499           │
│actor/ratio=1.011                      │actor/ratio_abs=0.176                  │actor/total_loss=6.79e-04             │
│                                                                                                                      │
╰──────────────────────────────────────────────────────────────────────────────────────────────────────────────────────╯


╭──────────────────────────────────────────────────────────────────────────────────────────────────────────────────────╮
├──────────────────────────────────────────────────── Metric Table ────────────────────────────────────────────────────┤
│ Global Step:   19/100 │ Progress: ███████░░░░░░░░░░░░░░░░░░░░░░░░░░░░░░░░░ │  19.0%                                  │
│ Elapsed: 07:55:41 │ ETA: 33:47:56 │ Step Time: 1502.178s                                                             │
├──────────────────────────────────────────────────────── Time ────────────────────────────────────────────────────────┤
│                                                                                                                      │
│actor/actor/compute_adv=0.0060         │actor/actor/recv_traj=1480.1           │actor/actor/sync_model_to_rollout=0.6…│
│actor/run_training=34.052              │cal_adv_and_returns=0.0086             │env/compute_bootstrap_rewards=0.0060  │
│env/env/bootstrap_step=854.6           │env/env/send_rollout_trajectories=0.774│env/env_interact_step=589.9           │
│env/interact=1479.3                    │env/run_interact_once=1478.5           │generate_rollouts=1480.2              │
│rollout/generate_one_epoch=1477.6      │rollout/predict=26.448                 │rollout/rollout/generate=1477.6       │
│step=1515.4                            │sync_weights=1.162                     │                                      │
│                                                                                                                      │
├──────────────────────────────────────────────────── Environment ─────────────────────────────────────────────────────┤
│                                                                                                                      │
│episode_len=200.0                      │num_trajectories=256                   │return=0.796875                       │
│reward=0.003984375                     │success_once=0.796875                  │                                      │
│                                                                                                                      │
├────────────────────────────────────────────────────── Rollout ───────────────────────────────────────────────────────┤
│                                                                                                                      │
│advantages_max=2.475                   │advantages_mean=-0.114                 │advantages_min=-2.475                 │
│rewards=0.0035                         │                                       │                                      │
│                                                                                                                      │
├─────────────────────────────────────────────────── Training/Actor ───────────────────────────────────────────────────┤
│                                                                                                                      │
│actor/approx_kl=0.043                  │actor/clip_fraction=0.102              │actor/clipped_ratio=0.985             │
│actor/dual_cliped_ratio=0.0000         │actor/dvac_current_mean=-4.159         │actor/dvac_current_std=0.567          │
│actor/dvac_history_mean=-4.184         │actor/dvac_history_std=0.598           │actor/dvac_warmup=0.0000              │
│actor/dvac_weight_mean_rank_local=1.000│actor/entropy_loss=0.0000              │actor/grad_norm=36.251                │
│actor/lr=5.60e-06                      │actor/policy_loss=0.0078               │actor/policy_loss_abs=0.383           │
│actor/ratio=0.988                      │actor/ratio_abs=0.150                  │actor/total_loss=9.80e-04             │
│                                                                                                                      │
╰──────────────────────────────────────────────────────────────────────────────────────────────────────────────────────╯


╭──────────────────────────────────────────────────────────────────────────────────────────────────────────────────────╮
├──────────────────────────────────────────────────── Metric Table ────────────────────────────────────────────────────┤
│ Global Step:   20/100 │ Progress: ████████░░░░░░░░░░░░░░░░░░░░░░░░░░░░░░░░ │  20.0%                                  │
│ Elapsed: 08:20:57 │ ETA: 33:23:51 │ Step Time: 1502.898s                                                             │
├──────────────────────────────────────────────────────── Time ────────────────────────────────────────────────────────┤
│                                                                                                                      │
│actor/actor/compute_adv=0.0034         │actor/actor/recv_traj=1465.9           │actor/actor/sync_model_to_rollout=0.6…│
│actor/run_training=34.031              │cal_adv_and_returns=0.0063             │env/compute_bootstrap_rewards=0.0059  │
│env/env/bootstrap_step=848.5           │env/env/send_rollout_trajectories=0.833│env/env_interact_step=582.7           │
│env/interact=1465.2                    │env/run_interact_once=1464.4           │generate_rollouts=1466.0              │
│rollout/generate_one_epoch=1463.6      │rollout/predict=25.889                 │rollout/rollout/generate=1463.6       │
│step=1516.6                            │sync_weights=1.182                     │                                      │
│                                                                                                                      │
├──────────────────────────────────────────────────── Environment ─────────────────────────────────────────────────────┤
│                                                                                                                      │
│episode_len=200.0                      │num_trajectories=256                   │return=0.87109375                     │
│reward=0.0043554683                    │success_once=0.87109375                │                                      │
│                                                                                                                      │
├────────────────────────────────────────────────────── Rollout ───────────────────────────────────────────────────────┤
│                                                                                                                      │
│advantages_max=0.935                   │advantages_mean=-0.126                 │advantages_min=-2.475                 │
│rewards=0.0039                         │                                       │                                      │
│                                                                                                                      │
├─────────────────────────────────────────────────── Training/Actor ───────────────────────────────────────────────────┤
│                                                                                                                      │
│actor/approx_kl=0.039                  │actor/clip_fraction=0.134              │actor/clipped_ratio=0.987             │
│actor/dual_cliped_ratio=0.0000         │actor/dvac_current_mean=-4.210         │actor/dvac_current_std=0.548          │
│actor/dvac_history_mean=-4.174         │actor/dvac_history_std=0.594           │actor/dvac_warmup=0.0000              │
│actor/dvac_weight_mean_rank_local=0.984│actor/entropy_loss=0.0000              │actor/grad_norm=31.599                │
│actor/lr=5.60e-06                      │actor/policy_loss=0.0075               │actor/policy_loss_abs=0.313           │
│actor/ratio=1.000                      │actor/ratio_abs=0.174                  │actor/total_loss=9.40e-04             │
│                                                                                                                      │
╰──────────────────────────────────────────────────────────────────────────────────────────────────────────────────────╯


╭──────────────────────────────────────────────────────────────────────────────────────────────────────────────────────╮
├──────────────────────────────────────────────────── Metric Table ────────────────────────────────────────────────────┤
│ Global Step:   21/100 │ Progress: ████████░░░░░░░░░░░░░░░░░░░░░░░░░░░░░░░░ │  21.0%                                  │
│ Elapsed: 08:45:53 │ ETA: 32:58:22 │ Step Time: 1502.561s                                                             │
├──────────────────────────────────────────────────────── Time ────────────────────────────────────────────────────────┤
│                                                                                                                      │
│actor/actor/compute_adv=0.0032         │actor/actor/recv_traj=1460.6           │actor/actor/sync_model_to_rollout=0.5…│
│actor/run_training=33.984              │cal_adv_and_returns=0.0070             │env/compute_bootstrap_rewards=0.0064  │
│env/env/bootstrap_step=860.5           │env/env/send_rollout_trajectories=0.822│env/env_interact_step=581.1           │
│env/interact=1459.9                    │env/run_interact_once=1458.9           │generate_rollouts=1460.7              │
│rollout/generate_one_epoch=1458.0      │rollout/predict=26.918                 │rollout/rollout/generate=1458.0       │
│step=1495.8                            │sync_weights=1.129                     │                                      │
│                                                                                                                      │
├──────────────────────────────────────────────────── Environment ─────────────────────────────────────────────────────┤
│                                                                                                                      │
│episode_len=200.0                      │num_trajectories=256                   │return=0.80859375                     │
│reward=0.0040429686                    │success_once=0.80859375                │                                      │
│                                                                                                                      │
├────────────────────────────────────────────────────── Rollout ───────────────────────────────────────────────────────┤
│                                                                                                                      │
│advantages_max=1.208                   │advantages_mean=-0.117                 │advantages_min=-2.475                 │
│rewards=0.0042                         │                                       │                                      │
│                                                                                                                      │
├─────────────────────────────────────────────────── Training/Actor ───────────────────────────────────────────────────┤
│                                                                                                                      │
│actor/approx_kl=0.030                  │actor/clip_fraction=0.129              │actor/clipped_ratio=0.988             │
│actor/dual_cliped_ratio=0.0000         │actor/dvac_current_mean=-4.125         │actor/dvac_current_std=0.602          │
│actor/dvac_history_mean=-4.181         │actor/dvac_history_std=0.586           │actor/dvac_warmup=0.0000              │
│actor/dvac_weight_mean_rank_local=1.006│actor/entropy_loss=0.0000              │actor/grad_norm=36.368                │
│actor/lr=5.60e-06                      │actor/policy_loss=-2.72e-04            │actor/policy_loss_abs=0.410           │
│actor/ratio=1.005                      │actor/ratio_abs=0.158                  │actor/total_loss=-3.41e-05            │
│                                                                                                                      │
╰──────────────────────────────────────────────────────────────────────────────────────────────────────────────────────╯


╭──────────────────────────────────────────────────────────────────────────────────────────────────────────────────────╮
├──────────────────────────────────────────────────── Metric Table ────────────────────────────────────────────────────┤
│ Global Step:   22/100 │ Progress: ████████░░░░░░░░░░░░░░░░░░░░░░░░░░░░░░░░ │  22.0%                                  │
│ Elapsed: 09:10:25 │ ETA: 32:31:29 │ Step Time: 1501.143s                                                             │
├──────────────────────────────────────────────────────── Time ────────────────────────────────────────────────────────┤
│                                                                                                                      │
│actor/actor/compute_adv=0.0055         │actor/actor/recv_traj=1435.9           │actor/actor/sync_model_to_rollout=0.6…│
│actor/run_training=34.115              │cal_adv_and_returns=0.0089             │env/compute_bootstrap_rewards=0.0060  │
│env/env/bootstrap_step=851.0           │env/env/send_rollout_trajectories=0.772│env/env_interact_step=550.3           │
│env/interact=1435.1                    │env/run_interact_once=1434.3           │generate_rollouts=1436.0              │
│rollout/generate_one_epoch=1433.5      │rollout/predict=26.857                 │rollout/rollout/generate=1433.5       │
│step=1471.3                            │sync_weights=1.228                     │                                      │
│                                                                                                                      │
├──────────────────────────────────────────────────── Environment ─────────────────────────────────────────────────────┤
│                                                                                                                      │
│episode_len=200.0                      │num_trajectories=256                   │return=0.87109375                     │
│reward=0.0043554683                    │success_once=0.87109375                │                                      │
│                                                                                                                      │
├────────────────────────────────────────────────────── Rollout ───────────────────────────────────────────────────────┤
│                                                                                                                      │
│advantages_max=1.208                   │advantages_mean=-0.119                 │advantages_min=-2.475                 │
│rewards=0.0044                         │                                       │                                      │
│                                                                                                                      │
├─────────────────────────────────────────────────── Training/Actor ───────────────────────────────────────────────────┤
│                                                                                                                      │
│actor/approx_kl=0.045                  │actor/clip_fraction=0.115              │actor/clipped_ratio=0.984             │
│actor/dual_cliped_ratio=0.0000         │actor/dvac_current_mean=-4.139         │actor/dvac_current_std=0.530          │
│actor/dvac_history_mean=-4.170         │actor/dvac_history_std=0.586           │actor/dvac_warmup=0.0000              │
│actor/dvac_weight_mean_rank_local=1.008│actor/entropy_loss=0.0000              │actor/grad_norm=34.295                │
│actor/lr=5.60e-06                      │actor/policy_loss=0.0033               │actor/policy_loss_abs=0.358           │
│actor/ratio=0.990                      │actor/ratio_abs=0.149                  │actor/total_loss=4.15e-04             │
│                                                                                                                      │
╰──────────────────────────────────────────────────────────────────────────────────────────────────────────────────────╯


╭──────────────────────────────────────────────────────────────────────────────────────────────────────────────────────╮
├──────────────────────────────────────────────────── Metric Table ────────────────────────────────────────────────────┤
│ Global Step:   23/100 │ Progress: █████████░░░░░░░░░░░░░░░░░░░░░░░░░░░░░░░ │  23.0%                                  │
│ Elapsed: 09:35:29 │ ETA: 32:06:37 │ Step Time: 1501.262s                                                             │
├──────────────────────────────────────────────────────── Time ────────────────────────────────────────────────────────┤
│                                                                                                                      │
│actor/actor/compute_adv=0.0069         │actor/actor/recv_traj=1468.6           │actor/actor/sync_model_to_rollout=0.6…│
│actor/run_training=33.960              │cal_adv_and_returns=0.011              │env/compute_bootstrap_rewards=0.0058  │
│env/env/bootstrap_step=848.3           │env/env/send_rollout_trajectories=0.805│env/env_interact_step=584.1           │
│env/interact=1467.8                    │env/run_interact_once=1466.9           │generate_rollouts=1468.7              │
│rollout/generate_one_epoch=1466.0      │rollout/predict=26.425                 │rollout/rollout/generate=1466.0       │
│step=1503.9                            │sync_weights=1.206                     │                                      │
│                                                                                                                      │
├──────────────────────────────────────────────────── Environment ─────────────────────────────────────────────────────┤
│                                                                                                                      │
│episode_len=200.0                      │num_trajectories=256                   │return=0.8671875                      │
│reward=0.004335937                     │success_once=0.8671875                 │                                      │
│                                                                                                                      │
├────────────────────────────────────────────────────── Rollout ───────────────────────────────────────────────────────┤
│                                                                                                                      │
│advantages_max=1.620                   │advantages_mean=-0.118                 │advantages_min=-2.475                 │
│rewards=0.0040                         │                                       │                                      │
│                                                                                                                      │
├─────────────────────────────────────────────────── Training/Actor ───────────────────────────────────────────────────┤
│                                                                                                                      │
│actor/approx_kl=0.032                  │actor/clip_fraction=0.146              │actor/clipped_ratio=0.990             │
│actor/dual_cliped_ratio=0.0000         │actor/dvac_current_mean=-4.111         │actor/dvac_current_std=0.540          │
│actor/dvac_history_mean=-4.163         │actor/dvac_history_std=0.572           │actor/dvac_warmup=0.0000              │
│actor/dvac_weight_mean_rank_local=1.007│actor/entropy_loss=0.0000              │actor/grad_norm=35.571                │
│actor/lr=5.60e-06                      │actor/policy_loss=0.0038               │actor/policy_loss_abs=0.314           │
│actor/ratio=0.999                      │actor/ratio_abs=0.157                  │actor/total_loss=4.77e-04             │
│                                                                                                                      │
╰──────────────────────────────────────────────────────────────────────────────────────────────────────────────────────╯


╭──────────────────────────────────────────────────────────────────────────────────────────────────────────────────────╮
├──────────────────────────────────────────────────── Metric Table ────────────────────────────────────────────────────┤
│ Global Step:   24/100 │ Progress: █████████░░░░░░░░░░░░░░░░░░░░░░░░░░░░░░░ │  24.0%                                  │
│ Elapsed: 10:00:40 │ ETA: 31:42:09 │ Step Time: 1501.703s                                                             │
├──────────────────────────────────────────────────────── Time ────────────────────────────────────────────────────────┤
│                                                                                                                      │
│actor/actor/compute_adv=0.0095         │actor/actor/recv_traj=1476.3           │actor/actor/sync_model_to_rollout=0.6…│
│actor/run_training=34.168              │cal_adv_and_returns=0.016              │env/compute_bootstrap_rewards=0.0060  │
│env/env/bootstrap_step=858.4           │env/env/send_rollout_trajectories=0.800│env/env_interact_step=583.1           │
│env/interact=1475.4                    │env/run_interact_once=1474.4           │generate_rollouts=1476.4              │
│rollout/generate_one_epoch=1473.6      │rollout/predict=26.836                 │rollout/rollout/generate=1473.6       │
│step=1511.8                            │sync_weights=1.189                     │                                      │
│                                                                                                                      │
├──────────────────────────────────────────────────── Environment ─────────────────────────────────────────────────────┤
│                                                                                                                      │
│episode_len=200.0                      │num_trajectories=256                   │return=0.81640625                     │
│reward=0.004082031                     │success_once=0.81640625                │                                      │
│                                                                                                                      │
├────────────────────────────────────────────────────── Rollout ───────────────────────────────────────────────────────┤
│                                                                                                                      │
│advantages_max=2.475                   │advantages_mean=-0.114                 │advantages_min=-2.475                 │
│rewards=0.0039                         │                                       │                                      │
│                                                                                                                      │
├─────────────────────────────────────────────────── Training/Actor ───────────────────────────────────────────────────┤
│                                                                                                                      │
│actor/approx_kl=0.054                  │actor/clip_fraction=0.188              │actor/clipped_ratio=0.979             │
│actor/dual_cliped_ratio=0.0000         │actor/dvac_current_mean=-4.104         │actor/dvac_current_std=0.555          │
│actor/dvac_history_mean=-4.149         │actor/dvac_history_std=0.559           │actor/dvac_warmup=0.0000              │
│actor/dvac_weight_mean_rank_local=1.001│actor/entropy_loss=0.0000              │actor/grad_norm=26.470                │
│actor/lr=5.60e-06                      │actor/policy_loss=0.0017               │actor/policy_loss_abs=0.265           │
│actor/ratio=0.988                      │actor/ratio_abs=0.183                  │actor/total_loss=2.15e-04             │
│                                                                                                                      │
╰──────────────────────────────────────────────────────────────────────────────────────────────────────────────────────╯


╭──────────────────────────────────────────────────────────────────────────────────────────────────────────────────────╮
├──────────────────────────────────────────────────── Metric Table ────────────────────────────────────────────────────┤
│ Global Step:   25/100 │ Progress: ██████████░░░░░░░░░░░░░░░░░░░░░░░░░░░░░░ │  25.0%                                  │
│ Elapsed: 10:25:28 │ ETA: 31:16:26 │ Step Time: 1501.150s                                                             │
├──────────────────────────────────────────────────────── Time ────────────────────────────────────────────────────────┤
│                                                                                                                      │
│actor/actor/compute_adv=0.0041         │actor/actor/recv_traj=1451.9           │actor/actor/sync_model_to_rollout=1.1…│
│actor/run_training=34.147              │cal_adv_and_returns=0.0077             │env/compute_bootstrap_rewards=0.0061  │
│env/env/bootstrap_step=846.1           │env/env/send_rollout_trajectories=0.831│env/env_interact_step=570.7           │
│env/interact=1451.1                    │env/run_interact_once=1450.3           │generate_rollouts=1452.0              │
│rollout/generate_one_epoch=1449.4      │rollout/predict=26.706                 │rollout/rollout/generate=1449.4       │
│step=1487.8                            │sync_weights=1.688                     │                                      │
│                                                                                                                      │
├──────────────────────────────────────────────────── Environment ─────────────────────────────────────────────────────┤
│                                                                                                                      │
│episode_len=200.0                      │num_trajectories=256                   │return=0.9453125                      │
│reward=0.0047265617                    │success_once=0.9453125                 │                                      │
│                                                                                                                      │
├────────────────────────────────────────────────────── Rollout ───────────────────────────────────────────────────────┤
│                                                                                                                      │
│advantages_max=1.208                   │advantages_mean=-0.102                 │advantages_min=-2.475                 │
│rewards=0.0052                         │                                       │                                      │
│                                                                                                                      │
├─────────────────────────────────────────────────── Training/Actor ───────────────────────────────────────────────────┤
│                                                                                                                      │
│actor/approx_kl=0.028                  │actor/clip_fraction=0.156              │actor/clipped_ratio=0.954             │
│actor/dual_cliped_ratio=0.0000         │actor/dvac_current_mean=-4.118         │actor/dvac_current_std=0.509          │
│actor/dvac_history_mean=-4.138         │actor/dvac_history_std=0.557           │actor/dvac_warmup=0.0000              │
│actor/dvac_weight_mean_rank_local=1.004│actor/entropy_loss=0.0000              │actor/grad_norm=23.655                │
│actor/lr=5.60e-06                      │actor/policy_loss=-0.0018              │actor/policy_loss_abs=0.199           │
│actor/ratio=0.968                      │actor/ratio_abs=0.154                  │actor/total_loss=-2.30e-04            │
│                                                                                                                      │
╰──────────────────────────────────────────────────────────────────────────────────────────────────────────────────────╯


╭──────────────────────────────────────────────────────────────────────────────────────────────────────────────────────╮
├──────────────────────────────────────────────────── Metric Table ────────────────────────────────────────────────────┤
│ Global Step:   26/100 │ Progress: ██████████░░░░░░░░░░░░░░░░░░░░░░░░░░░░░░ │  26.0%                                  │
│ Elapsed: 10:50:36 │ ETA: 30:51:45 │ Step Time: 1501.422s                                                             │
├──────────────────────────────────────────────────────── Time ────────────────────────────────────────────────────────┤
│                                                                                                                      │
│actor/actor/compute_adv=0.0033         │actor/actor/recv_traj=1472.6           │actor/actor/sync_model_to_rollout=0.6…│
│actor/run_training=34.277              │cal_adv_and_returns=0.0067             │env/compute_bootstrap_rewards=0.0060  │
│env/env/bootstrap_step=846.8           │env/env/send_rollout_trajectories=0.827│env/env_interact_step=591.0           │
│env/interact=1471.9                    │env/run_interact_once=1471.0           │generate_rollouts=1472.7              │
│rollout/generate_one_epoch=1470.2      │rollout/predict=26.818                 │rollout/rollout/generate=1470.2       │
│step=1508.2                            │sync_weights=1.183                     │                                      │
│                                                                                                                      │
├──────────────────────────────────────────────────── Environment ─────────────────────────────────────────────────────┤
│                                                                                                                      │
│episode_len=200.0                      │num_trajectories=256                   │return=0.8515625                      │
│reward=0.004257812                     │success_once=0.8515625                 │                                      │
│                                                                                                                      │
├────────────────────────────────────────────────────── Rollout ───────────────────────────────────────────────────────┤
│                                                                                                                      │
│advantages_max=1.208                   │advantages_mean=-0.120                 │advantages_min=-2.475                 │
│rewards=0.0043                         │                                       │                                      │
│                                                                                                                      │
├─────────────────────────────────────────────────── Training/Actor ───────────────────────────────────────────────────┤
│                                                                                                                      │
│actor/approx_kl=0.038                  │actor/clip_fraction=0.144              │actor/clipped_ratio=0.990             │
│actor/dual_cliped_ratio=0.0000         │actor/dvac_current_mean=-4.101         │actor/dvac_current_std=0.518          │
│actor/dvac_history_mean=-4.120         │actor/dvac_history_std=0.548           │actor/dvac_warmup=0.0000              │
│actor/dvac_weight_mean_rank_local=0.996│actor/entropy_loss=0.0000              │actor/grad_norm=40.565                │
│actor/lr=5.60e-06                      │actor/policy_loss=0.011                │actor/policy_loss_abs=0.393           │
│actor/ratio=1.006                      │actor/ratio_abs=0.178                  │actor/total_loss=0.0014               │
│                                                                                                                      │
╰──────────────────────────────────────────────────────────────────────────────────────────────────────────────────────╯


╭──────────────────────────────────────────────────────────────────────────────────────────────────────────────────────╮
├──────────────────────────────────────────────────── Metric Table ────────────────────────────────────────────────────┤
│ Global Step:   27/100 │ Progress: ██████████░░░░░░░░░░░░░░░░░░░░░░░░░░░░░░ │  27.0%                                  │
│ Elapsed: 11:15:32 │ ETA: 30:26:28 │ Step Time: 1501.211s                                                             │
├──────────────────────────────────────────────────────── Time ────────────────────────────────────────────────────────┤
│                                                                                                                      │
│actor/actor/compute_adv=0.0044         │actor/actor/recv_traj=1460.5           │actor/actor/sync_model_to_rollout=0.6…│
│actor/run_training=33.866              │cal_adv_and_returns=0.0081             │env/compute_bootstrap_rewards=0.0055  │
│env/env/bootstrap_step=848.9           │env/env/send_rollout_trajectories=0.804│env/env_interact_step=576.6           │
│env/interact=1459.8                    │env/run_interact_once=1458.8           │generate_rollouts=1460.6              │
│rollout/generate_one_epoch=1458.0      │rollout/predict=26.867                 │rollout/rollout/generate=1458.0       │
│step=1495.7                            │sync_weights=1.189                     │                                      │
│                                                                                                                      │
├──────────────────────────────────────────────────── Environment ─────────────────────────────────────────────────────┤
│                                                                                                                      │
│episode_len=200.0                      │num_trajectories=256                   │return=0.90234375                     │
│reward=0.004511718                     │success_once=0.90234375                │                                      │
│                                                                                                                      │
├────────────────────────────────────────────────────── Rollout ───────────────────────────────────────────────────────┤
│                                                                                                                      │
│advantages_max=0.935                   │advantages_mean=-0.113                 │advantages_min=-2.475                 │
│rewards=0.0048                         │                                       │                                      │
│                                                                                                                      │
├─────────────────────────────────────────────────── Training/Actor ───────────────────────────────────────────────────┤
│                                                                                                                      │
│actor/approx_kl=0.047                  │actor/clip_fraction=0.122              │actor/clipped_ratio=0.982             │
│actor/dual_cliped_ratio=0.0000         │actor/dvac_current_mean=-4.082         │actor/dvac_current_std=0.506          │
│actor/dvac_history_mean=-4.115         │actor/dvac_history_std=0.531           │actor/dvac_warmup=0.0000              │
│actor/dvac_weight_mean_rank_local=1.003│actor/entropy_loss=0.0000              │actor/grad_norm=33.378                │
│actor/lr=5.60e-06                      │actor/policy_loss=0.0018               │actor/policy_loss_abs=0.311           │
│actor/ratio=0.983                      │actor/ratio_abs=0.147                  │actor/total_loss=2.24e-04             │
│                                                                                                                      │
╰──────────────────────────────────────────────────────────────────────────────────────────────────────────────────────╯


╭──────────────────────────────────────────────────────────────────────────────────────────────────────────────────────╮
├──────────────────────────────────────────────────── Metric Table ────────────────────────────────────────────────────┤
│ Global Step:   28/100 │ Progress: ███████████░░░░░░░░░░░░░░░░░░░░░░░░░░░░░ │  28.0%                                  │
│ Elapsed: 11:40:22 │ ETA: 30:00:58 │ Step Time: 1500.817s                                                             │
├──────────────────────────────────────────────────────── Time ────────────────────────────────────────────────────────┤
│                                                                                                                      │
│actor/actor/compute_adv=0.0033         │actor/actor/recv_traj=1455.0           │actor/actor/sync_model_to_rollout=0.6…│
│actor/run_training=33.837              │cal_adv_and_returns=0.0065             │env/compute_bootstrap_rewards=0.0062  │
│env/env/bootstrap_step=852.6           │env/env/send_rollout_trajectories=0.823│env/env_interact_step=567.1           │
│env/interact=1454.1                    │env/run_interact_once=1453.3           │generate_rollouts=1455.1              │
│rollout/generate_one_epoch=1452.4      │rollout/predict=27.050                 │rollout/rollout/generate=1452.4       │
│step=1490.2                            │sync_weights=1.210                     │                                      │
│                                                                                                                      │
├──────────────────────────────────────────────────── Environment ─────────────────────────────────────────────────────┤
│                                                                                                                      │
│episode_len=200.0                      │num_trajectories=256                   │return=0.8984375                      │
│reward=0.004492187                     │success_once=0.8984375                 │                                      │
│                                                                                                                      │
├────────────────────────────────────────────────────── Rollout ───────────────────────────────────────────────────────┤
│                                                                                                                      │
│advantages_max=1.208                   │advantages_mean=-0.123                 │advantages_min=-2.475                 │
│rewards=0.0043                         │                                       │                                      │
│                                                                                                                      │
├─────────────────────────────────────────────────── Training/Actor ───────────────────────────────────────────────────┤
│                                                                                                                      │
│actor/approx_kl=0.035                  │actor/clip_fraction=0.198              │actor/clipped_ratio=0.997             │
│actor/dual_cliped_ratio=0.0000         │actor/dvac_current_mean=-4.035         │actor/dvac_current_std=0.525          │
│actor/dvac_history_mean=-4.103         │actor/dvac_history_std=0.526           │actor/dvac_warmup=0.0000              │
│actor/dvac_weight_mean_rank_local=1.003│actor/entropy_loss=0.0000              │actor/grad_norm=29.385                │
│actor/lr=5.60e-06                      │actor/policy_loss=-0.0017              │actor/policy_loss_abs=0.274           │
│actor/ratio=1.024                      │actor/ratio_abs=0.207                  │actor/total_loss=-2.16e-04            │
│                                                                                                                      │
╰──────────────────────────────────────────────────────────────────────────────────────────────────────────────────────╯


╭──────────────────────────────────────────────────────────────────────────────────────────────────────────────────────╮
├──────────────────────────────────────────────────── Metric Table ────────────────────────────────────────────────────┤
│ Global Step:   29/100 │ Progress: ███████████░░░░░░░░░░░░░░░░░░░░░░░░░░░░░ │  29.0%                                  │
│ Elapsed: 12:05:20 │ ETA: 29:35:51 │ Step Time: 1500.720s                                                             │
├──────────────────────────────────────────────────────── Time ────────────────────────────────────────────────────────┤
│                                                                                                                      │
│actor/actor/compute_adv=0.0035         │actor/actor/recv_traj=1463.0           │actor/actor/sync_model_to_rollout=0.6…│
│actor/run_training=33.722              │cal_adv_and_returns=0.0064             │env/compute_bootstrap_rewards=0.0062  │
│env/env/bootstrap_step=849.2           │env/env/send_rollout_trajectories=0.813│env/env_interact_step=582.2           │
│env/interact=1462.2                    │env/run_interact_once=1461.4           │generate_rollouts=1463.1              │
│rollout/generate_one_epoch=1460.6      │rollout/predict=26.531                 │rollout/rollout/generate=1460.6       │
│step=1498.0                            │sync_weights=1.171                     │                                      │
│                                                                                                                      │
├──────────────────────────────────────────────────── Environment ─────────────────────────────────────────────────────┤
│                                                                                                                      │
│episode_len=200.0                      │num_trajectories=256                   │return=0.9140625                      │
│reward=0.004570312                     │success_once=0.9140625                 │                                      │
│                                                                                                                      │
├────────────────────────────────────────────────────── Rollout ───────────────────────────────────────────────────────┤
│                                                                                                                      │
│advantages_max=1.208                   │advantages_mean=-0.111                 │advantages_min=-2.475                 │
│rewards=0.0049                         │                                       │                                      │
│                                                                                                                      │
├─────────────────────────────────────────────────── Training/Actor ───────────────────────────────────────────────────┤
│                                                                                                                      │
│actor/approx_kl=0.025                  │actor/clip_fraction=0.137              │actor/clipped_ratio=0.987             │
│actor/dual_cliped_ratio=0.0000         │actor/dvac_current_mean=-4.036         │actor/dvac_current_std=0.507          │
│actor/dvac_history_mean=-4.088         │actor/dvac_history_std=0.524           │actor/dvac_warmup=0.0000              │
│actor/dvac_weight_mean_rank_local=1.016│actor/entropy_loss=0.0000              │actor/grad_norm=36.831                │
│actor/lr=5.60e-06                      │actor/policy_loss=0.0036               │actor/policy_loss_abs=0.285           │
│actor/ratio=1.015                      │actor/ratio_abs=0.176                  │actor/total_loss=4.44e-04             │
│                                                                                                                      │
╰──────────────────────────────────────────────────────────────────────────────────────────────────────────────────────╯


╭──────────────────────────────────────────────────────────────────────────────────────────────────────────────────────╮
├──────────────────────────────────────────────────── Metric Table ────────────────────────────────────────────────────┤
│ Global Step:   30/100 │ Progress: ████████████░░░░░░░░░░░░░░░░░░░░░░░░░░░░ │  30.0%                                  │
│ Elapsed: 12:30:03 │ ETA: 29:10:08 │ Step Time: 1500.127s                                                             │
├──────────────────────────────────────────────────────── Time ────────────────────────────────────────────────────────┤
│                                                                                                                      │
│actor/actor/compute_adv=0.0036         │actor/actor/recv_traj=1432.8           │actor/actor/sync_model_to_rollout=0.6…│
│actor/run_training=33.778              │cal_adv_and_returns=0.0072             │env/compute_bootstrap_rewards=0.0060  │
│env/env/bootstrap_step=842.8           │env/env/send_rollout_trajectories=0.836│env/env_interact_step=553.6           │
│env/interact=1432.0                    │env/run_interact_once=1430.8           │generate_rollouts=1432.9              │
│rollout/generate_one_epoch=1430.0      │rollout/predict=26.193                 │rollout/rollout/generate=1430.0       │
│step=1482.9                            │sync_weights=1.213                     │                                      │
│                                                                                                                      │
├──────────────────────────────────────────────────── Environment ─────────────────────────────────────────────────────┤
│                                                                                                                      │
│episode_len=200.0                      │num_trajectories=256                   │return=0.9453125                      │
│reward=0.0047265617                    │success_once=0.9453125                 │                                      │
│                                                                                                                      │
├────────────────────────────────────────────────────── Rollout ───────────────────────────────────────────────────────┤
│                                                                                                                      │
│advantages_max=0.935                   │advantages_mean=-0.103                 │advantages_min=-2.475                 │
│rewards=0.0048                         │                                       │                                      │
│                                                                                                                      │
├─────────────────────────────────────────────────── Training/Actor ───────────────────────────────────────────────────┤
│                                                                                                                      │
│actor/approx_kl=0.011                  │actor/clip_fraction=0.091              │actor/clipped_ratio=0.996             │
│actor/dual_cliped_ratio=0.0000         │actor/dvac_current_mean=-4.026         │actor/dvac_current_std=0.499          │
│actor/dvac_history_mean=-4.074         │actor/dvac_history_std=0.514           │actor/dvac_warmup=0.0000              │
│actor/dvac_weight_mean_rank_local=1.023│actor/entropy_loss=0.0000              │actor/grad_norm=26.245                │
│actor/lr=5.60e-06                      │actor/policy_loss=0.0030               │actor/policy_loss_abs=0.183           │
│actor/ratio=1.016                      │actor/ratio_abs=0.137                  │actor/total_loss=3.73e-04             │
│                                                                                                                      │
╰──────────────────────────────────────────────────────────────────────────────────────────────────────────────────────╯


╭──────────────────────────────────────────────────────────────────────────────────────────────────────────────────────╮
├──────────────────────────────────────────────────── Metric Table ────────────────────────────────────────────────────┤
│ Global Step:   31/100 │ Progress: ████████████░░░░░░░░░░░░░░░░░░░░░░░░░░░░ │  31.0%                                  │
│ Elapsed: 12:54:48 │ ETA: 28:44:33 │ Step Time: 1499.617s                                                             │
├──────────────────────────────────────────────────────── Time ────────────────────────────────────────────────────────┤
│                                                                                                                      │
│actor/actor/compute_adv=0.0034         │actor/actor/recv_traj=1449.3           │actor/actor/sync_model_to_rollout=0.5…│
│actor/run_training=33.752              │cal_adv_and_returns=0.0070             │env/compute_bootstrap_rewards=0.0063  │
│env/env/bootstrap_step=845.0           │env/env/send_rollout_trajectories=0.863│env/env_interact_step=569.1           │
│env/interact=1448.6                    │env/run_interact_once=1447.8           │generate_rollouts=1449.4              │
│rollout/generate_one_epoch=1446.8      │rollout/predict=27.087                 │rollout/rollout/generate=1446.8       │
│step=1484.3                            │sync_weights=1.151                     │                                      │
│                                                                                                                      │
├──────────────────────────────────────────────────── Environment ─────────────────────────────────────────────────────┤
│                                                                                                                      │
│episode_len=200.0                      │num_trajectories=256                   │return=0.9140625                      │
│reward=0.004570312                     │success_once=0.9140625                 │                                      │
│                                                                                                                      │
├────────────────────────────────────────────────────── Rollout ───────────────────────────────────────────────────────┤
│                                                                                                                      │
│advantages_max=0.935                   │advantages_mean=-0.113                 │advantages_min=-2.475                 │
│rewards=0.0048                         │                                       │                                      │
│                                                                                                                      │
├─────────────────────────────────────────────────── Training/Actor ───────────────────────────────────────────────────┤
│                                                                                                                      │
│actor/approx_kl=0.045                  │actor/clip_fraction=0.152              │actor/clipped_ratio=0.986             │
│actor/dual_cliped_ratio=0.0000         │actor/dvac_current_mean=-4.045         │actor/dvac_current_std=0.490          │
│actor/dvac_history_mean=-4.056         │actor/dvac_history_std=0.512           │actor/dvac_warmup=0.0000              │
│actor/dvac_weight_mean_rank_local=0.987│actor/entropy_loss=0.0000              │actor/grad_norm=27.526                │
│actor/lr=5.60e-06                      │actor/policy_loss=-0.0024              │actor/policy_loss_abs=0.265           │
│actor/ratio=1.001                      │actor/ratio_abs=0.176                  │actor/total_loss=-2.96e-04            │
│                                                                                                                      │
╰──────────────────────────────────────────────────────────────────────────────────────────────────────────────────────╯


╭──────────────────────────────────────────────────────────────────────────────────────────────────────────────────────╮
├──────────────────────────────────────────────────── Metric Table ────────────────────────────────────────────────────┤
│ Global Step:   32/100 │ Progress: ████████████░░░░░░░░░░░░░░░░░░░░░░░░░░░░ │  32.0%                                  │
│ Elapsed: 13:19:23 │ ETA: 28:18:41 │ Step Time: 1498.845s                                                             │
├──────────────────────────────────────────────────────── Time ────────────────────────────────────────────────────────┤
│                                                                                                                      │
│actor/actor/compute_adv=0.0032         │actor/actor/recv_traj=1439.8           │actor/actor/sync_model_to_rollout=0.6…│
│actor/run_training=33.809              │cal_adv_and_returns=0.0065             │env/compute_bootstrap_rewards=0.0063  │
│env/env/bootstrap_step=846.0           │env/env/send_rollout_trajectories=0.838│env/env_interact_step=558.5           │
│env/interact=1439.0                    │env/run_interact_once=1438.1           │generate_rollouts=1439.9              │
│rollout/generate_one_epoch=1437.2      │rollout/predict=26.733                 │rollout/rollout/generate=1437.2       │
│step=1474.9                            │sync_weights=1.155                     │                                      │
│                                                                                                                      │
├──────────────────────────────────────────────────── Environment ─────────────────────────────────────────────────────┤
│                                                                                                                      │
│episode_len=200.0                      │num_trajectories=256                   │return=0.953125                       │
│reward=0.004765624                     │success_once=0.953125                  │                                      │
│                                                                                                                      │
├────────────────────────────────────────────────────── Rollout ───────────────────────────────────────────────────────┤
│                                                                                                                      │
│advantages_max=0.935                   │advantages_mean=-0.118                 │advantages_min=-2.475                 │
│rewards=0.0046                         │                                       │                                      │
│                                                                                                                      │
├─────────────────────────────────────────────────── Training/Actor ───────────────────────────────────────────────────┤
│                                                                                                                      │
│actor/approx_kl=0.031                  │actor/clip_fraction=0.152              │actor/clipped_ratio=0.997             │
│actor/dual_cliped_ratio=0.0000         │actor/dvac_current_mean=-4.028         │actor/dvac_current_std=0.454          │
│actor/dvac_history_mean=-4.045         │actor/dvac_history_std=0.506           │actor/dvac_warmup=0.0000              │
│actor/dvac_weight_mean_rank_local=0.992│actor/entropy_loss=0.0000              │actor/grad_norm=20.350                │
│actor/lr=5.60e-06                      │actor/policy_loss=3.29e-04             │actor/policy_loss_abs=0.142           │
│actor/ratio=1.005                      │actor/ratio_abs=0.161                  │actor/total_loss=4.11e-05             │
│                                                                                                                      │
╰──────────────────────────────────────────────────────────────────────────────────────────────────────────────────────╯


╭──────────────────────────────────────────────────────────────────────────────────────────────────────────────────────╮
├──────────────────────────────────────────────────── Metric Table ────────────────────────────────────────────────────┤
│ Global Step:   33/100 │ Progress: █████████████░░░░░░░░░░░░░░░░░░░░░░░░░░░ │  33.0%                                  │
│ Elapsed: 13:44:00 │ ETA: 27:52:58 │ Step Time: 1498.189s                                                             │
├──────────────────────────────────────────────────────── Time ────────────────────────────────────────────────────────┤
│                                                                                                                      │
│actor/actor/compute_adv=0.0028         │actor/actor/recv_traj=1441.9           │actor/actor/sync_model_to_rollout=0.6…│
│actor/run_training=33.996              │cal_adv_and_returns=0.0063             │env/compute_bootstrap_rewards=0.0062  │
│env/env/bootstrap_step=850.2           │env/env/send_rollout_trajectories=0.874│env/env_interact_step=559.6           │
│env/interact=1441.1                    │env/run_interact_once=1440.2           │generate_rollouts=1442.0              │
│rollout/generate_one_epoch=1439.3      │rollout/predict=27.116                 │rollout/rollout/generate=1439.3       │
│step=1477.2                            │sync_weights=1.180                     │                                      │
│                                                                                                                      │
├──────────────────────────────────────────────────── Environment ─────────────────────────────────────────────────────┤
│                                                                                                                      │
│episode_len=200.0                      │num_trajectories=256                   │return=0.9140625                      │
│reward=0.004570312                     │success_once=0.9140625                 │                                      │
│                                                                                                                      │
├────────────────────────────────────────────────────── Rollout ───────────────────────────────────────────────────────┤
│                                                                                                                      │
│advantages_max=2.475                   │advantages_mean=-0.107                 │advantages_min=-2.475                 │
│rewards=0.0046                         │                                       │                                      │
│                                                                                                                      │
├─────────────────────────────────────────────────── Training/Actor ───────────────────────────────────────────────────┤
│                                                                                                                      │
│actor/approx_kl=0.037                  │actor/clip_fraction=0.176              │actor/clipped_ratio=0.990             │
│actor/dual_cliped_ratio=0.0000         │actor/dvac_current_mean=-4.018         │actor/dvac_current_std=0.486          │
│actor/dvac_history_mean=-4.034         │actor/dvac_history_std=0.496           │actor/dvac_warmup=0.0000              │
│actor/dvac_weight_mean_rank_local=0.981│actor/entropy_loss=0.0000              │actor/grad_norm=27.220                │
│actor/lr=5.60e-06                      │actor/policy_loss=-0.0021              │actor/policy_loss_abs=0.233           │
│actor/ratio=1.017                      │actor/ratio_abs=0.199                  │actor/total_loss=-2.66e-04            │
│                                                                                                                      │
╰──────────────────────────────────────────────────────────────────────────────────────────────────────────────────────╯


╭──────────────────────────────────────────────────────────────────────────────────────────────────────────────────────╮
├──────────────────────────────────────────────────── Metric Table ────────────────────────────────────────────────────┤
│ Global Step:   34/100 │ Progress: █████████████░░░░░░░░░░░░░░░░░░░░░░░░░░░ │  34.0%                                  │
│ Elapsed: 14:08:44 │ ETA: 27:27:32 │ Step Time: 1497.767s                                                             │
├──────────────────────────────────────────────────────── Time ────────────────────────────────────────────────────────┤
│                                                                                                                      │
│actor/actor/compute_adv=0.0033         │actor/actor/recv_traj=1448.3           │actor/actor/sync_model_to_rollout=0.6…│
│actor/run_training=34.301              │cal_adv_and_returns=0.0066             │env/compute_bootstrap_rewards=0.0060  │
│env/env/bootstrap_step=851.9           │env/env/send_rollout_trajectories=0.819│env/env_interact_step=560.3           │
│env/interact=1447.5                    │env/run_interact_once=1446.6           │generate_rollouts=1448.4              │
│rollout/generate_one_epoch=1445.7      │rollout/predict=27.034                 │rollout/rollout/generate=1445.7       │
│step=1483.8                            │sync_weights=1.176                     │                                      │
│                                                                                                                      │
├──────────────────────────────────────────────────── Environment ─────────────────────────────────────────────────────┤
│                                                                                                                      │
│episode_len=200.0                      │num_trajectories=256                   │return=0.9140625                      │
│reward=0.004570312                     │success_once=0.9140625                 │                                      │
│                                                                                                                      │
├────────────────────────────────────────────────────── Rollout ───────────────────────────────────────────────────────┤
│                                                                                                                      │
│advantages_max=1.208                   │advantages_mean=-0.118                 │advantages_min=-2.475                 │
│rewards=0.0042                         │                                       │                                      │
│                                                                                                                      │
├─────────────────────────────────────────────────── Training/Actor ───────────────────────────────────────────────────┤
│                                                                                                                      │
│actor/approx_kl=0.054                  │actor/clip_fraction=0.172              │actor/clipped_ratio=0.979             │
│actor/dual_cliped_ratio=0.0000         │actor/dvac_current_mean=-4.028         │actor/dvac_current_std=0.517          │
│actor/dvac_history_mean=-4.031         │actor/dvac_history_std=0.488           │actor/dvac_warmup=0.0000              │
│actor/dvac_weight_mean_rank_local=0.975│actor/entropy_loss=0.0000              │actor/grad_norm=22.965                │
│actor/lr=5.60e-06                      │actor/policy_loss=-0.0017              │actor/policy_loss_abs=0.211           │
│actor/ratio=0.990                      │actor/ratio_abs=0.185                  │actor/total_loss=-2.07e-04            │
│                                                                                                                      │
╰──────────────────────────────────────────────────────────────────────────────────────────────────────────────────────╯


╭──────────────────────────────────────────────────────────────────────────────────────────────────────────────────────╮
├──────────────────────────────────────────────────── Metric Table ────────────────────────────────────────────────────┤
│ Global Step:   35/100 │ Progress: ██████████████░░░░░░░░░░░░░░░░░░░░░░░░░░ │  35.0%                                  │
│ Elapsed: 14:33:32 │ ETA: 27:02:16 │ Step Time: 1497.491s                                                             │
├──────────────────────────────────────────────────────── Time ────────────────────────────────────────────────────────┤
│                                                                                                                      │
│actor/actor/compute_adv=0.0028         │actor/actor/recv_traj=1452.7           │actor/actor/sync_model_to_rollout=0.6…│
│actor/run_training=34.069              │cal_adv_and_returns=0.0066             │env/compute_bootstrap_rewards=0.0062  │
│env/env/bootstrap_step=850.0           │env/env/send_rollout_trajectories=0.919│env/env_interact_step=573.0           │
│env/interact=1452.0                    │env/run_interact_once=1451.1           │generate_rollouts=1452.8              │
│rollout/generate_one_epoch=1450.1      │rollout/predict=27.172                 │rollout/rollout/generate=1450.1       │
│step=1488.1                            │sync_weights=1.180                     │                                      │
│                                                                                                                      │
├──────────────────────────────────────────────────── Environment ─────────────────────────────────────────────────────┤
│                                                                                                                      │
│episode_len=200.0                      │num_trajectories=256                   │return=0.89453125                     │
│reward=0.0044726557                    │success_once=0.89453125                │                                      │
│                                                                                                                      │
├────────────────────────────────────────────────────── Rollout ───────────────────────────────────────────────────────┤
│                                                                                                                      │
│advantages_max=1.620                   │advantages_mean=-0.119                 │advantages_min=-2.475                 │
│rewards=0.0040                         │                                       │                                      │
│                                                                                                                      │
├─────────────────────────────────────────────────── Training/Actor ───────────────────────────────────────────────────┤
│                                                                                                                      │
│actor/approx_kl=0.037                  │actor/clip_fraction=0.166              │actor/clipped_ratio=0.985             │
│actor/dual_cliped_ratio=0.0000         │actor/dvac_current_mean=-4.021         │actor/dvac_current_std=0.507          │
│actor/dvac_history_mean=-4.029         │actor/dvac_history_std=0.490           │actor/dvac_warmup=0.0000              │
│actor/dvac_weight_mean_rank_local=0.987│actor/entropy_loss=0.0000              │actor/grad_norm=33.225                │
│actor/lr=5.60e-06                      │actor/policy_loss=0.0057               │actor/policy_loss_abs=0.245           │
│actor/ratio=0.999                      │actor/ratio_abs=0.176                  │actor/total_loss=7.18e-04             │
│                                                                                                                      │
╰──────────────────────────────────────────────────────────────────────────────────────────────────────────────────────╯


╭──────────────────────────────────────────────────────────────────────────────────────────────────────────────────────╮
├──────────────────────────────────────────────────── Metric Table ────────────────────────────────────────────────────┤
│ Global Step:   36/100 │ Progress: ██████████████░░░░░░░░░░░░░░░░░░░░░░░░░░ │  36.0%                                  │
│ Elapsed: 14:57:49 │ ETA: 26:36:07 │ Step Time: 1496.364s                                                             │
├──────────────────────────────────────────────────────── Time ────────────────────────────────────────────────────────┤
│                                                                                                                      │
│actor/actor/compute_adv=0.0032         │actor/actor/recv_traj=1421.7           │actor/actor/sync_model_to_rollout=0.6…│
│actor/run_training=33.845              │cal_adv_and_returns=0.0067             │env/compute_bootstrap_rewards=0.0059  │
│env/env/bootstrap_step=851.1           │env/env/send_rollout_trajectories=0.881│env/env_interact_step=537.2           │
│env/interact=1420.9                    │env/run_interact_once=1420.0           │generate_rollouts=1421.8              │
│rollout/generate_one_epoch=1419.1      │rollout/predict=26.971                 │rollout/rollout/generate=1419.1       │
│step=1456.9                            │sync_weights=1.206                     │                                      │
│                                                                                                                      │
├──────────────────────────────────────────────────── Environment ─────────────────────────────────────────────────────┤
│                                                                                                                      │
│episode_len=200.0                      │num_trajectories=256                   │return=0.95703125                     │
│reward=0.0047851554                    │success_once=0.95703125                │                                      │
│                                                                                                                      │
├────────────────────────────────────────────────────── Rollout ───────────────────────────────────────────────────────┤
│                                                                                                                      │
│advantages_max=0.725                   │advantages_mean=-0.112                 │advantages_min=-2.475                 │
│rewards=0.0050                         │                                       │                                      │
│                                                                                                                      │
├─────────────────────────────────────────────────── Training/Actor ───────────────────────────────────────────────────┤
│                                                                                                                      │
│actor/approx_kl=0.021                  │actor/clip_fraction=0.128              │actor/clipped_ratio=0.995             │
│actor/dual_cliped_ratio=0.0000         │actor/dvac_current_mean=-4.010         │actor/dvac_current_std=0.458          │
│actor/dvac_history_mean=-4.028         │actor/dvac_history_std=0.491           │actor/dvac_warmup=0.0000              │
│actor/dvac_weight_mean_rank_local=0.976│actor/entropy_loss=0.0000              │actor/grad_norm=18.606                │
│actor/lr=5.60e-06                      │actor/policy_loss=3.79e-04             │actor/policy_loss_abs=0.155           │
│actor/ratio=1.010                      │actor/ratio_abs=0.145                  │actor/total_loss=4.74e-05             │
│                                                                                                                      │
╰──────────────────────────────────────────────────────────────────────────────────────────────────────────────────────╯


╭──────────────────────────────────────────────────────────────────────────────────────────────────────────────────────╮
├──────────────────────────────────────────────────── Metric Table ────────────────────────────────────────────────────┤
│ Global Step:   37/100 │ Progress: ██████████████░░░░░░░░░░░░░░░░░░░░░░░░░░ │  37.0%                                  │
│ Elapsed: 15:22:37 │ ETA: 26:10:58 │ Step Time: 1496.159s                                                             │
├──────────────────────────────────────────────────────── Time ────────────────────────────────────────────────────────┤
│                                                                                                                      │
│actor/actor/compute_adv=0.0053         │actor/actor/recv_traj=1453.6           │actor/actor/sync_model_to_rollout=0.6…│
│actor/run_training=34.004              │cal_adv_and_returns=0.0091             │env/compute_bootstrap_rewards=0.0062  │
│env/env/bootstrap_step=850.0           │env/env/send_rollout_trajectories=0.891│env/env_interact_step=568.0           │
│env/interact=1452.9                    │env/run_interact_once=1451.9           │generate_rollouts=1453.7              │
│rollout/generate_one_epoch=1451.0      │rollout/predict=26.660                 │rollout/rollout/generate=1451.0       │
│step=1488.8                            │sync_weights=1.091                     │                                      │
│                                                                                                                      │
├──────────────────────────────────────────────────── Environment ─────────────────────────────────────────────────────┤
│                                                                                                                      │
│episode_len=200.0                      │num_trajectories=256                   │return=0.9609375                      │
│reward=0.0048046866                    │success_once=0.9609375                 │                                      │
│                                                                                                                      │
├────────────────────────────────────────────────────── Rollout ───────────────────────────────────────────────────────┤
│                                                                                                                      │
│advantages_max=0.935                   │advantages_mean=-0.107                 │advantages_min=-2.475                 │
│rewards=0.0049                         │                                       │                                      │
│                                                                                                                      │
├─────────────────────────────────────────────────── Training/Actor ───────────────────────────────────────────────────┤
│                                                                                                                      │
│actor/approx_kl=0.033                  │actor/clip_fraction=0.167              │actor/clipped_ratio=0.985             │
│actor/dual_cliped_ratio=0.0000         │actor/dvac_current_mean=-4.000         │actor/dvac_current_std=0.503          │
│actor/dvac_history_mean=-4.021         │actor/dvac_history_std=0.485           │actor/dvac_warmup=0.0000              │
│actor/dvac_weight_mean_rank_local=0.987│actor/entropy_loss=0.0000              │actor/grad_norm=21.438                │
│actor/lr=5.60e-06                      │actor/policy_loss=0.0017               │actor/policy_loss_abs=0.129           │
│actor/ratio=1.023                      │actor/ratio_abs=0.207                  │actor/total_loss=2.13e-04             │
│                                                                                                                      │
╰──────────────────────────────────────────────────────────────────────────────────────────────────────────────────────╯


╭──────────────────────────────────────────────────────────────────────────────────────────────────────────────────────╮
├──────────────────────────────────────────────────── Metric Table ────────────────────────────────────────────────────┤
│ Global Step:   38/100 │ Progress: ███████████████░░░░░░░░░░░░░░░░░░░░░░░░░ │  38.0%                                  │
│ Elapsed: 15:47:09 │ ETA: 25:45:22 │ Step Time: 1495.524s                                                             │
├──────────────────────────────────────────────────────── Time ────────────────────────────────────────────────────────┤
│                                                                                                                      │
│actor/actor/compute_adv=0.0029         │actor/actor/recv_traj=1436.7           │actor/actor/sync_model_to_rollout=0.6…│
│actor/run_training=34.008              │cal_adv_and_returns=0.0064             │env/compute_bootstrap_rewards=0.011   │
│env/env/bootstrap_step=852.5           │env/env/send_rollout_trajectories=0.885│env/env_interact_step=548.5           │
│env/interact=1435.9                    │env/run_interact_once=1434.9           │generate_rollouts=1436.8              │
│rollout/generate_one_epoch=1434.0      │rollout/predict=26.669                 │rollout/rollout/generate=1434.0       │
│step=1472.0                            │sync_weights=1.176                     │                                      │
│                                                                                                                      │
├──────────────────────────────────────────────────── Environment ─────────────────────────────────────────────────────┤
│                                                                                                                      │
│episode_len=200.0                      │num_trajectories=256                   │return=0.9609375                      │
│reward=0.004804687                     │success_once=0.9609375                 │                                      │
│                                                                                                                      │
├────────────────────────────────────────────────────── Rollout ───────────────────────────────────────────────────────┤
│                                                                                                                      │
│advantages_max=0.725                   │advantages_mean=-0.108                 │advantages_min=-2.475                 │
│rewards=0.0052                         │                                       │                                      │
│                                                                                                                      │
├─────────────────────────────────────────────────── Training/Actor ───────────────────────────────────────────────────┤
│                                                                                                                      │
│actor/approx_kl=0.0075                 │actor/clip_fraction=0.166              │actor/clipped_ratio=0.962             │
│actor/dual_cliped_ratio=0.0000         │actor/dvac_current_mean=-4.006         │actor/dvac_current_std=0.467          │
│actor/dvac_history_mean=-4.016         │actor/dvac_history_std=0.495           │actor/dvac_warmup=0.0000              │
│actor/dvac_weight_mean_rank_local=0.992│actor/entropy_loss=0.0000              │actor/grad_norm=20.680                │
│actor/lr=5.60e-06                      │actor/policy_loss=-0.0017              │actor/policy_loss_abs=0.149           │
│actor/ratio=0.988                      │actor/ratio_abs=0.153                  │actor/total_loss=-2.10e-04            │
│                                                                                                                      │
╰──────────────────────────────────────────────────────────────────────────────────────────────────────────────────────╯


╭──────────────────────────────────────────────────────────────────────────────────────────────────────────────────────╮
├──────────────────────────────────────────────────── Metric Table ────────────────────────────────────────────────────┤
│ Global Step:   39/100 │ Progress: ███████████████░░░░░░░░░░░░░░░░░░░░░░░░░ │  39.0%                                  │
│ Elapsed: 16:11:40 │ ETA: 25:19:48 │ Step Time: 1494.892s                                                             │
├──────────────────────────────────────────────────────── Time ────────────────────────────────────────────────────────┤
│                                                                                                                      │
│actor/actor/compute_adv=0.0027         │actor/actor/recv_traj=1435.5           │actor/actor/sync_model_to_rollout=0.6…│
│actor/run_training=34.028              │cal_adv_and_returns=0.0060             │env/compute_bootstrap_rewards=0.0064  │
│env/env/bootstrap_step=851.2           │env/env/send_rollout_trajectories=0.882│env/env_interact_step=557.9           │
│env/interact=1434.7                    │env/run_interact_once=1433.8           │generate_rollouts=1435.6              │
│rollout/generate_one_epoch=1432.8      │rollout/predict=26.630                 │rollout/rollout/generate=1432.8       │
│step=1470.9                            │sync_weights=1.208                     │                                      │
│                                                                                                                      │
├──────────────────────────────────────────────────── Environment ─────────────────────────────────────────────────────┤
│                                                                                                                      │
│episode_len=200.0                      │num_trajectories=256                   │return=0.90234375                     │
│reward=0.004511718                     │success_once=0.90234375                │                                      │
│                                                                                                                      │
├────────────────────────────────────────────────────── Rollout ───────────────────────────────────────────────────────┤
│                                                                                                                      │
│advantages_max=0.540                   │advantages_mean=-0.110                 │advantages_min=-2.475                 │
│rewards=0.0052                         │                                       │                                      │
│                                                                                                                      │
├─────────────────────────────────────────────────── Training/Actor ───────────────────────────────────────────────────┤
│                                                                                                                      │
│actor/approx_kl=0.053                  │actor/clip_fraction=0.169              │actor/clipped_ratio=0.990             │
│actor/dual_cliped_ratio=0.0000         │actor/dvac_current_mean=-3.971         │actor/dvac_current_std=0.511          │
│actor/dvac_history_mean=-4.013         │actor/dvac_history_std=0.491           │actor/dvac_warmup=0.0000              │
│actor/dvac_weight_mean_rank_local=0.987│actor/entropy_loss=0.0000              │actor/grad_norm=31.009                │
│actor/lr=5.60e-06                      │actor/policy_loss=0.0032               │actor/policy_loss_abs=0.255           │
│actor/ratio=1.003                      │actor/ratio_abs=0.200                  │actor/total_loss=4.02e-04             │
│                                                                                                                      │
╰──────────────────────────────────────────────────────────────────────────────────────────────────────────────────────╯


╭──────────────────────────────────────────────────────────────────────────────────────────────────────────────────────╮
├──────────────────────────────────────────────────── Metric Table ────────────────────────────────────────────────────┤
│ Global Step:   40/100 │ Progress: ████████████████░░░░░░░░░░░░░░░░░░░░░░░░ │  40.0%                                  │
│ Elapsed: 16:36:23 │ ETA: 24:54:34 │ Step Time: 1494.578s                                                             │
├──────────────────────────────────────────────────────── Time ────────────────────────────────────────────────────────┤
│                                                                                                                      │
│actor/actor/compute_adv=0.0029         │actor/actor/recv_traj=1432.0           │actor/actor/sync_model_to_rollout=0.6…│
│actor/run_training=34.063              │cal_adv_and_returns=0.0061             │env/compute_bootstrap_rewards=0.0057  │
│env/env/bootstrap_step=858.5           │env/env/send_rollout_trajectories=0.836│env/env_interact_step=553.3           │
│env/interact=1431.2                    │env/run_interact_once=1430.3           │generate_rollouts=1432.1              │
│rollout/generate_one_epoch=1429.4      │rollout/predict=26.372                 │rollout/rollout/generate=1429.4       │
│step=1482.3                            │sync_weights=1.203                     │                                      │
│                                                                                                                      │
├──────────────────────────────────────────────────── Environment ─────────────────────────────────────────────────────┤
│                                                                                                                      │
│episode_len=200.0                      │num_trajectories=256                   │return=0.9140625                      │
│reward=0.004570312                     │success_once=0.9140625                 │                                      │
│                                                                                                                      │
├────────────────────────────────────────────────────── Rollout ───────────────────────────────────────────────────────┤
│                                                                                                                      │
│advantages_max=1.620                   │advantages_mean=-0.109                 │advantages_min=-2.475                 │
│rewards=0.0046                         │                                       │                                      │
│                                                                                                                      │
├─────────────────────────────────────────────────── Training/Actor ───────────────────────────────────────────────────┤
│                                                                                                                      │
│actor/approx_kl=0.047                  │actor/clip_fraction=0.089              │actor/clipped_ratio=0.992             │
│actor/dual_cliped_ratio=0.0000         │actor/dvac_current_mean=-3.958         │actor/dvac_current_std=0.475          │
│actor/dvac_history_mean=-4.002         │actor/dvac_history_std=0.490           │actor/dvac_warmup=0.0000              │
│actor/dvac_weight_mean_rank_local=0.998│actor/entropy_loss=0.0000              │actor/grad_norm=26.973                │
│actor/lr=5.60e-06                      │actor/policy_loss=0.0014               │actor/policy_loss_abs=0.244           │
│actor/ratio=0.989                      │actor/ratio_abs=0.137                  │actor/total_loss=1.73e-04             │
│                                                                                                                      │
╰──────────────────────────────────────────────────────────────────────────────────────────────────────────────────────╯


╭──────────────────────────────────────────────────────────────────────────────────────────────────────────────────────╮
├──────────────────────────────────────────────────── Metric Table ────────────────────────────────────────────────────┤
│ Global Step:   41/100 │ Progress: ████████████████░░░░░░░░░░░░░░░░░░░░░░░░ │  41.0%                                  │
│ Elapsed: 17:01:38 │ ETA: 24:30:09 │ Step Time: 1495.077s                                                             │
├──────────────────────────────────────────────────────── Time ────────────────────────────────────────────────────────┤
│                                                                                                                      │
│actor/actor/compute_adv=0.0033         │actor/actor/recv_traj=1479.6           │actor/actor/sync_model_to_rollout=0.5…│
│actor/run_training=34.209              │cal_adv_and_returns=0.0066             │env/compute_bootstrap_rewards=0.0061  │
│env/env/bootstrap_step=850.3           │env/env/send_rollout_trajectories=0.899│env/env_interact_step=593.5           │
│env/interact=1478.8                    │env/run_interact_once=1477.7           │generate_rollouts=1479.7              │
│rollout/generate_one_epoch=1476.8      │rollout/predict=26.152                 │rollout/rollout/generate=1476.8       │
│step=1515.0                            │sync_weights=1.129                     │                                      │
│                                                                                                                      │
├──────────────────────────────────────────────────── Environment ─────────────────────────────────────────────────────┤
│                                                                                                                      │
│episode_len=200.0                      │num_trajectories=256                   │return=0.8984375                      │
│reward=0.004492187                     │success_once=0.8984375                 │                                      │
│                                                                                                                      │
├────────────────────────────────────────────────────── Rollout ───────────────────────────────────────────────────────┤
│                                                                                                                      │
│advantages_max=1.208                   │advantages_mean=-0.113                 │advantages_min=-2.475                 │
│rewards=0.0046                         │                                       │                                      │
│                                                                                                                      │
├─────────────────────────────────────────────────── Training/Actor ───────────────────────────────────────────────────┤
│                                                                                                                      │
│actor/approx_kl=0.048                  │actor/clip_fraction=0.190              │actor/clipped_ratio=0.981             │
│actor/dual_cliped_ratio=0.0000         │actor/dvac_current_mean=-3.977         │actor/dvac_current_std=0.462          │
│actor/dvac_history_mean=-3.989         │actor/dvac_history_std=0.483           │actor/dvac_warmup=0.0000              │
│actor/dvac_weight_mean_rank_local=0.977│actor/entropy_loss=0.0000              │actor/grad_norm=30.458                │
│actor/lr=5.60e-06                      │actor/policy_loss=2.24e-04             │actor/policy_loss_abs=0.289           │
│actor/ratio=1.003                      │actor/ratio_abs=0.204                  │actor/total_loss=2.80e-05             │
│                                                                                                                      │
╰──────────────────────────────────────────────────────────────────────────────────────────────────────────────────────╯


╭──────────────────────────────────────────────────────────────────────────────────────────────────────────────────────╮
├──────────────────────────────────────────────────── Metric Table ────────────────────────────────────────────────────┤
│ Global Step:   42/100 │ Progress: ████████████████░░░░░░░░░░░░░░░░░░░░░░░░ │  42.0%                                  │
│ Elapsed: 17:26:05 │ ETA: 24:04:36 │ Step Time: 1494.414s                                                             │
├──────────────────────────────────────────────────────── Time ────────────────────────────────────────────────────────┤
│                                                                                                                      │
│actor/actor/compute_adv=0.0029         │actor/actor/recv_traj=1431.4           │actor/actor/sync_model_to_rollout=0.6…│
│actor/run_training=34.556              │cal_adv_and_returns=0.0054             │env/compute_bootstrap_rewards=0.0061  │
│env/env/bootstrap_step=853.6           │env/env/send_rollout_trajectories=0.839│env/env_interact_step=551.4           │
│env/interact=1430.5                    │env/run_interact_once=1429.6           │generate_rollouts=1431.5              │
│rollout/generate_one_epoch=1428.8      │rollout/predict=26.808                 │rollout/rollout/generate=1428.8       │
│step=1467.2                            │sync_weights=1.193                     │                                      │
│                                                                                                                      │
├──────────────────────────────────────────────────── Environment ─────────────────────────────────────────────────────┤
│                                                                                                                      │
│episode_len=200.0                      │num_trajectories=256                   │return=0.90625                        │
│reward=0.0045312494                    │success_once=0.90625                   │                                      │
│                                                                                                                      │
├────────────────────────────────────────────────────── Rollout ───────────────────────────────────────────────────────┤
│                                                                                                                      │
│advantages_max=0.935                   │advantages_mean=-0.121                 │advantages_min=-2.475                 │
│rewards=0.0042                         │                                       │                                      │
│                                                                                                                      │
├─────────────────────────────────────────────────── Training/Actor ───────────────────────────────────────────────────┤
│                                                                                                                      │
│actor/approx_kl=0.032                  │actor/clip_fraction=0.136              │actor/clipped_ratio=0.985             │
│actor/dual_cliped_ratio=0.0000         │actor/dvac_current_mean=-3.966         │actor/dvac_current_std=0.473          │
│actor/dvac_history_mean=-3.982         │actor/dvac_history_std=0.484           │actor/dvac_warmup=0.0000              │
│actor/dvac_weight_mean_rank_local=0.998│actor/entropy_loss=0.0000              │actor/grad_norm=26.613                │
│actor/lr=5.60e-06                      │actor/policy_loss=4.37e-04             │actor/policy_loss_abs=0.246           │
│actor/ratio=0.994                      │actor/ratio_abs=0.142                  │actor/total_loss=5.46e-05             │
│                                                                                                                      │
╰──────────────────────────────────────────────────────────────────────────────────────────────────────────────────────╯


╭──────────────────────────────────────────────────────────────────────────────────────────────────────────────────────╮
├──────────────────────────────────────────────────── Metric Table ────────────────────────────────────────────────────┤
│ Global Step:   43/100 │ Progress: █████████████████░░░░░░░░░░░░░░░░░░░░░░░ │  43.0%                                  │
│ Elapsed: 17:51:06 │ ETA: 23:39:50 │ Step Time: 1494.573s                                                             │
├──────────────────────────────────────────────────────── Time ────────────────────────────────────────────────────────┤
│                                                                                                                      │
│actor/actor/compute_adv=0.0033         │actor/actor/recv_traj=1465.9           │actor/actor/sync_model_to_rollout=0.6…│
│actor/run_training=34.020              │cal_adv_and_returns=0.0067             │env/compute_bootstrap_rewards=0.0062  │
│env/env/bootstrap_step=852.8           │env/env/send_rollout_trajectories=0.894│env/env_interact_step=577.7           │
│env/interact=1465.1                    │env/run_interact_once=1464.2           │generate_rollouts=1466.0              │
│rollout/generate_one_epoch=1463.2      │rollout/predict=26.291                 │rollout/rollout/generate=1463.2       │
│step=1501.2                            │sync_weights=1.171                     │                                      │
│                                                                                                                      │
├──────────────────────────────────────────────────── Environment ─────────────────────────────────────────────────────┤
│                                                                                                                      │
│episode_len=200.0                      │num_trajectories=256                   │return=0.9140625                      │
│reward=0.004570312                     │success_once=0.9140625                 │                                      │
│                                                                                                                      │
├────────────────────────────────────────────────────── Rollout ───────────────────────────────────────────────────────┤
│                                                                                                                      │
│advantages_max=2.475                   │advantages_mean=-0.110                 │advantages_min=-2.475                 │
│rewards=0.0042                         │                                       │                                      │
│                                                                                                                      │
├─────────────────────────────────────────────────── Training/Actor ───────────────────────────────────────────────────┤
│                                                                                                                      │
│actor/approx_kl=0.040                  │actor/clip_fraction=0.178              │actor/clipped_ratio=0.987             │
│actor/dual_cliped_ratio=0.0000         │actor/dvac_current_mean=-3.936         │actor/dvac_current_std=0.491          │
│actor/dvac_history_mean=-3.976         │actor/dvac_history_std=0.478           │actor/dvac_warmup=0.0000              │
│actor/dvac_weight_mean_rank_local=0.991│actor/entropy_loss=0.0000              │actor/grad_norm=26.015                │
│actor/lr=5.60e-06                      │actor/policy_loss=6.25e-04             │actor/policy_loss_abs=0.199           │
│actor/ratio=1.004                      │actor/ratio_abs=0.181                  │actor/total_loss=7.81e-05             │
│                                                                                                                      │
╰──────────────────────────────────────────────────────────────────────────────────────────────────────────────────────╯


╭──────────────────────────────────────────────────────────────────────────────────────────────────────────────────────╮
├──────────────────────────────────────────────────── Metric Table ────────────────────────────────────────────────────┤
│ Global Step:   44/100 │ Progress: █████████████████░░░░░░░░░░░░░░░░░░░░░░░ │  44.0%                                  │
│ Elapsed: 18:16:06 │ ETA: 23:15:03 │ Step Time: 1494.697s                                                             │
├──────────────────────────────────────────────────────── Time ────────────────────────────────────────────────────────┤
│                                                                                                                      │
│actor/actor/compute_adv=0.0027         │actor/actor/recv_traj=1464.7           │actor/actor/sync_model_to_rollout=0.6…│
│actor/run_training=34.062              │cal_adv_and_returns=0.0056             │env/compute_bootstrap_rewards=0.0060  │
│env/env/bootstrap_step=862.8           │env/env/send_rollout_trajectories=0.869│env/env_interact_step=576.6           │
│env/interact=1463.9                    │env/run_interact_once=1462.9           │generate_rollouts=1464.7              │
│rollout/generate_one_epoch=1462.0      │rollout/predict=26.689                 │rollout/rollout/generate=1462.0       │
│step=1500.0                            │sync_weights=1.177                     │                                      │
│                                                                                                                      │
├──────────────────────────────────────────────────── Environment ─────────────────────────────────────────────────────┤
│                                                                                                                      │
│episode_len=200.0                      │num_trajectories=256                   │return=0.84375                        │
│reward=0.0042187497                    │success_once=0.84375                   │                                      │
│                                                                                                                      │
├────────────────────────────────────────────────────── Rollout ───────────────────────────────────────────────────────┤
│                                                                                                                      │
│advantages_max=2.475                   │advantages_mean=-0.103                 │advantages_min=-2.475                 │
│rewards=0.0040                         │                                       │                                      │
│                                                                                                                      │
├─────────────────────────────────────────────────── Training/Actor ───────────────────────────────────────────────────┤
│                                                                                                                      │
│actor/approx_kl=0.049                  │actor/clip_fraction=0.157              │actor/clipped_ratio=0.983             │
│actor/dual_cliped_ratio=0.0000         │actor/dvac_current_mean=-3.896         │actor/dvac_current_std=0.502          │
│actor/dvac_history_mean=-3.962         │actor/dvac_history_std=0.483           │actor/dvac_warmup=0.0000              │
│actor/dvac_weight_mean_rank_local=0.998│actor/entropy_loss=0.0000              │actor/grad_norm=24.380                │
│actor/lr=5.60e-06                      │actor/policy_loss=-0.0015              │actor/policy_loss_abs=0.191           │
│actor/ratio=0.982                      │actor/ratio_abs=0.159                  │actor/total_loss=-1.88e-04            │
│                                                                                                                      │
╰──────────────────────────────────────────────────────────────────────────────────────────────────────────────────────╯


╭──────────────────────────────────────────────────────────────────────────────────────────────────────────────────────╮
├──────────────────────────────────────────────────── Metric Table ────────────────────────────────────────────────────┤
│ Global Step:   45/100 │ Progress: ██████████████████░░░░░░░░░░░░░░░░░░░░░░ │  45.0%                                  │
│ Elapsed: 18:40:40 │ ETA: 22:49:42 │ Step Time: 1494.232s                                                             │
├──────────────────────────────────────────────────────── Time ────────────────────────────────────────────────────────┤
│                                                                                                                      │
│actor/actor/compute_adv=0.0028         │actor/actor/recv_traj=1438.3           │actor/actor/sync_model_to_rollout=0.6…│
│actor/run_training=34.151              │cal_adv_and_returns=0.0064             │env/compute_bootstrap_rewards=0.0063  │
│env/env/bootstrap_step=854.4           │env/env/send_rollout_trajectories=0.865│env/env_interact_step=551.9           │
│env/interact=1437.6                    │env/run_interact_once=1436.6           │generate_rollouts=1438.4              │
│rollout/generate_one_epoch=1435.7      │rollout/predict=26.677                 │rollout/rollout/generate=1435.7       │
│step=1473.8                            │sync_weights=1.168                     │                                      │
│                                                                                                                      │
├──────────────────────────────────────────────────── Environment ─────────────────────────────────────────────────────┤
│                                                                                                                      │
│episode_len=200.0                      │num_trajectories=256                   │return=0.91796875                     │
│reward=0.004589843                     │success_once=0.91796875                │                                      │
│                                                                                                                      │
├────────────────────────────────────────────────────── Rollout ───────────────────────────────────────────────────────┤
│                                                                                                                      │
│advantages_max=1.620                   │advantages_mean=-0.111                 │advantages_min=-2.475                 │
│rewards=0.0040                         │                                       │                                      │
│                                                                                                                      │
├─────────────────────────────────────────────────── Training/Actor ───────────────────────────────────────────────────┤
│                                                                                                                      │
│actor/approx_kl=0.091                  │actor/clip_fraction=0.135              │actor/clipped_ratio=0.971             │
│actor/dual_cliped_ratio=0.0000         │actor/dvac_current_mean=-3.929         │actor/dvac_current_std=0.479          │
│actor/dvac_history_mean=-3.947         │actor/dvac_history_std=0.482           │actor/dvac_warmup=0.0000              │
│actor/dvac_weight_mean_rank_local=0.991│actor/entropy_loss=0.0000              │actor/grad_norm=20.109                │
│actor/lr=5.60e-06                      │actor/policy_loss=0.0029               │actor/policy_loss_abs=0.177           │
│actor/ratio=0.965                      │actor/ratio_abs=0.177                  │actor/total_loss=3.57e-04             │
│                                                                                                                      │
╰──────────────────────────────────────────────────────────────────────────────────────────────────────────────────────╯


╭──────────────────────────────────────────────────────────────────────────────────────────────────────────────────────╮
├──────────────────────────────────────────────────── Metric Table ────────────────────────────────────────────────────┤
│ Global Step:   46/100 │ Progress: ██████████████████░░░░░░░░░░░░░░░░░░░░░░ │  46.0%                                  │
│ Elapsed: 19:05:32 │ ETA: 22:24:46 │ Step Time: 1494.189s                                                             │
├──────────────────────────────────────────────────────── Time ────────────────────────────────────────────────────────┤
│                                                                                                                      │
│actor/actor/compute_adv=0.0060         │actor/actor/recv_traj=1456.7           │actor/actor/sync_model_to_rollout=0.6…│
│actor/run_training=34.224              │cal_adv_and_returns=0.0088             │env/compute_bootstrap_rewards=0.0059  │
│env/env/bootstrap_step=852.5           │env/env/send_rollout_trajectories=0.900│env/env_interact_step=568.5           │
│env/interact=1455.9                    │env/run_interact_once=1454.8           │generate_rollouts=1456.8              │
│rollout/generate_one_epoch=1453.9      │rollout/predict=26.472                 │rollout/rollout/generate=1453.9       │
│step=1492.2                            │sync_weights=1.171                     │                                      │
│                                                                                                                      │
├──────────────────────────────────────────────────── Environment ─────────────────────────────────────────────────────┤
│                                                                                                                      │
│episode_len=200.0                      │num_trajectories=256                   │return=0.9296875                      │
│reward=0.004648437                     │success_once=0.9296875                 │                                      │
│                                                                                                                      │
├────────────────────────────────────────────────────── Rollout ───────────────────────────────────────────────────────┤
│                                                                                                                      │
│advantages_max=1.620                   │advantages_mean=-0.104                 │advantages_min=-2.475                 │
│rewards=0.0048                         │                                       │                                      │
│                                                                                                                      │
├─────────────────────────────────────────────────── Training/Actor ───────────────────────────────────────────────────┤
│                                                                                                                      │
│actor/approx_kl=0.055                  │actor/clip_fraction=0.190              │actor/clipped_ratio=0.993             │
│actor/dual_cliped_ratio=0.0000         │actor/dvac_current_mean=-3.906         │actor/dvac_current_std=0.463          │
│actor/dvac_history_mean=-3.941         │actor/dvac_history_std=0.482           │actor/dvac_warmup=0.0000              │
│actor/dvac_weight_mean_rank_local=0.999│actor/entropy_loss=0.0000              │actor/grad_norm=27.792                │
│actor/lr=5.60e-06                      │actor/policy_loss=0.0013               │actor/policy_loss_abs=0.205           │
│actor/ratio=1.013                      │actor/ratio_abs=0.227                  │actor/total_loss=1.60e-04             │
│                                                                                                                      │
╰──────────────────────────────────────────────────────────────────────────────────────────────────────────────────────╯


╭──────────────────────────────────────────────────────────────────────────────────────────────────────────────────────╮
├──────────────────────────────────────────────────── Metric Table ────────────────────────────────────────────────────┤
│ Global Step:   47/100 │ Progress: ██████████████████░░░░░░░░░░░░░░░░░░░░░░ │  47.0%                                  │
│ Elapsed: 19:30:22 │ ETA: 21:59:47 │ Step Time: 1494.095s                                                             │
├──────────────────────────────────────────────────────── Time ────────────────────────────────────────────────────────┤
│                                                                                                                      │
│actor/actor/compute_adv=0.0033         │actor/actor/recv_traj=1454.3           │actor/actor/sync_model_to_rollout=0.6…│
│actor/run_training=34.147              │cal_adv_and_returns=0.0064             │env/compute_bootstrap_rewards=0.0058  │
│env/env/bootstrap_step=850.1           │env/env/send_rollout_trajectories=0.825│env/env_interact_step=569.6           │
│env/interact=1453.6                    │env/run_interact_once=1452.8           │generate_rollouts=1454.4              │
│rollout/generate_one_epoch=1451.9      │rollout/predict=26.276                 │rollout/rollout/generate=1452.0       │
│step=1489.8                            │sync_weights=1.189                     │                                      │
│                                                                                                                      │
├──────────────────────────────────────────────────── Environment ─────────────────────────────────────────────────────┤
│                                                                                                                      │
│episode_len=200.0                      │num_trajectories=256                   │return=0.90625                        │
│reward=0.0045312494                    │success_once=0.90625                   │                                      │
│                                                                                                                      │
├────────────────────────────────────────────────────── Rollout ───────────────────────────────────────────────────────┤
│                                                                                                                      │
│advantages_max=0.935                   │advantages_mean=-0.119                 │advantages_min=-2.475                 │
│rewards=0.0046                         │                                       │                                      │
│                                                                                                                      │
├─────────────────────────────────────────────────── Training/Actor ───────────────────────────────────────────────────┤
│                                                                                                                      │
│actor/approx_kl=0.018                  │actor/clip_fraction=0.130              │actor/clipped_ratio=0.993             │
│actor/dual_cliped_ratio=0.0000         │actor/dvac_current_mean=-3.912         │actor/dvac_current_std=0.471          │
│actor/dvac_history_mean=-3.927         │actor/dvac_history_std=0.482           │actor/dvac_warmup=0.0000              │
│actor/dvac_weight_mean_rank_local=0.995│actor/entropy_loss=0.0000              │actor/grad_norm=35.173                │
│actor/lr=5.60e-06                      │actor/policy_loss=0.0013               │actor/policy_loss_abs=0.286           │
│actor/ratio=1.018                      │actor/ratio_abs=0.163                  │actor/total_loss=1.60e-04             │
│                                                                                                                      │
╰──────────────────────────────────────────────────────────────────────────────────────────────────────────────────────╯


╭──────────────────────────────────────────────────────────────────────────────────────────────────────────────────────╮
├──────────────────────────────────────────────────── Metric Table ────────────────────────────────────────────────────┤
│ Global Step:   48/100 │ Progress: ███████████████████░░░░░░░░░░░░░░░░░░░░░ │  48.0%                                  │
│ Elapsed: 19:54:52 │ ETA: 21:34:27 │ Step Time: 1493.600s                                                             │
├──────────────────────────────────────────────────────── Time ────────────────────────────────────────────────────────┤
│                                                                                                                      │
│actor/actor/compute_adv=0.0035         │actor/actor/recv_traj=1434.9           │actor/actor/sync_model_to_rollout=0.6…│
│actor/run_training=34.112              │cal_adv_and_returns=0.0071             │env/compute_bootstrap_rewards=0.0064  │
│env/env/bootstrap_step=855.2           │env/env/send_rollout_trajectories=0.851│env/env_interact_step=551.3           │
│env/interact=1434.1                    │env/run_interact_once=1433.3           │generate_rollouts=1435.0              │
│rollout/generate_one_epoch=1432.4      │rollout/predict=27.018                 │rollout/rollout/generate=1432.4       │
│step=1470.3                            │sync_weights=1.175                     │                                      │
│                                                                                                                      │
├──────────────────────────────────────────────────── Environment ─────────────────────────────────────────────────────┤
│                                                                                                                      │
│episode_len=200.0                      │num_trajectories=256                   │return=0.90625                        │
│reward=0.0045312494                    │success_once=0.90625                   │                                      │
│                                                                                                                      │
├────────────────────────────────────────────────────── Rollout ───────────────────────────────────────────────────────┤
│                                                                                                                      │
│advantages_max=0.935                   │advantages_mean=-0.115                 │advantages_min=-2.475                 │
│rewards=0.0046                         │                                       │                                      │
│                                                                                                                      │
├─────────────────────────────────────────────────── Training/Actor ───────────────────────────────────────────────────┤
│                                                                                                                      │
│actor/approx_kl=0.033                  │actor/clip_fraction=0.185              │actor/clipped_ratio=0.998             │
│actor/dual_cliped_ratio=0.0000         │actor/dvac_current_mean=-3.915         │actor/dvac_current_std=0.490          │
│actor/dvac_history_mean=-3.916         │actor/dvac_history_std=0.482           │actor/dvac_warmup=0.0000              │
│actor/dvac_weight_mean_rank_local=0.992│actor/entropy_loss=0.0000              │actor/grad_norm=17.625                │
│actor/lr=5.60e-06                      │actor/policy_loss=-2.94e-04            │actor/policy_loss_abs=0.091           │
│actor/ratio=1.013                      │actor/ratio_abs=0.210                  │actor/total_loss=-3.68e-05            │
│                                                                                                                      │
╰──────────────────────────────────────────────────────────────────────────────────────────────────────────────────────╯


╭──────────────────────────────────────────────────────────────────────────────────────────────────────────────────────╮
├──────────────────────────────────────────────────── Metric Table ────────────────────────────────────────────────────┤
│ Global Step:   49/100 │ Progress: ███████████████████░░░░░░░░░░░░░░░░░░░░░ │  49.0%                                  │
│ Elapsed: 20:19:30 │ ETA: 21:09:17 │ Step Time: 1493.279s                                                             │
├──────────────────────────────────────────────────────── Time ────────────────────────────────────────────────────────┤
│                                                                                                                      │
│actor/actor/compute_adv=0.0029         │actor/actor/recv_traj=1442.5           │actor/actor/sync_model_to_rollout=0.6…│
│actor/run_training=34.041              │cal_adv_and_returns=0.0064             │env/compute_bootstrap_rewards=0.0058  │
│env/env/bootstrap_step=859.1           │env/env/send_rollout_trajectories=0.938│env/env_interact_step=567.4           │
│env/interact=1441.7                    │env/run_interact_once=1440.7           │generate_rollouts=1442.6              │
│rollout/generate_one_epoch=1439.8      │rollout/predict=26.929                 │rollout/rollout/generate=1439.8       │
│step=1477.9                            │sync_weights=1.185                     │                                      │
│                                                                                                                      │
├──────────────────────────────────────────────────── Environment ─────────────────────────────────────────────────────┤
│                                                                                                                      │
│episode_len=200.0                      │num_trajectories=256                   │return=0.92578125                     │
│reward=0.0046289056                    │success_once=0.92578125                │                                      │
│                                                                                                                      │
├────────────────────────────────────────────────────── Rollout ───────────────────────────────────────────────────────┤
│                                                                                                                      │
│advantages_max=2.475                   │advantages_mean=-0.105                 │advantages_min=-2.475                 │
│rewards=0.0043                         │                                       │                                      │
│                                                                                                                      │
├─────────────────────────────────────────────────── Training/Actor ───────────────────────────────────────────────────┤
│                                                                                                                      │
│actor/approx_kl=0.021                  │actor/clip_fraction=0.149              │actor/clipped_ratio=0.994             │
│actor/dual_cliped_ratio=0.0000         │actor/dvac_current_mean=-3.914         │actor/dvac_current_std=0.485          │
│actor/dvac_history_mean=-3.912         │actor/dvac_history_std=0.481           │actor/dvac_warmup=0.0000              │
│actor/dvac_weight_mean_rank_local=1.004│actor/entropy_loss=0.0000              │actor/grad_norm=19.922                │
│actor/lr=5.60e-06                      │actor/policy_loss=-0.0032              │actor/policy_loss_abs=0.168           │
│actor/ratio=1.010                      │actor/ratio_abs=0.158                  │actor/total_loss=-4.05e-04            │
│                                                                                                                      │
╰──────────────────────────────────────────────────────────────────────────────────────────────────────────────────────╯


╭──────────────────────────────────────────────────────────────────────────────────────────────────────────────────────╮
├──────────────────────────────────────────────────── Metric Table ────────────────────────────────────────────────────┤
│ Global Step:   50/100 │ Progress: ████████████████████░░░░░░░░░░░░░░░░░░░░ │  50.0%                                  │
│ Elapsed: 20:44:34 │ ETA: 20:44:34 │ Step Time: 1493.492s                                                             │
├──────────────────────────────────────────────────────── Time ────────────────────────────────────────────────────────┤
│                                                                                                                      │
│actor/actor/compute_adv=0.0033         │actor/actor/recv_traj=1453.1           │actor/actor/sync_model_to_rollout=0.6…│
│actor/run_training=34.230              │cal_adv_and_returns=0.0067             │env/compute_bootstrap_rewards=0.0060  │
│env/env/bootstrap_step=855.0           │env/env/send_rollout_trajectories=0.881│env/env_interact_step=562.9           │
│env/interact=1452.4                    │env/run_interact_once=1451.5           │generate_rollouts=1453.2              │
│rollout/generate_one_epoch=1450.5      │rollout/predict=26.601                 │rollout/rollout/generate=1450.5       │
│step=1503.9                            │sync_weights=1.207                     │                                      │
│                                                                                                                      │
├──────────────────────────────────────────────────── Environment ─────────────────────────────────────────────────────┤
│                                                                                                                      │
│episode_len=200.0                      │num_trajectories=256                   │return=0.94140625                     │
│reward=0.0047070305                    │success_once=0.94140625                │                                      │
│                                                                                                                      │
├────────────────────────────────────────────────────── Rollout ───────────────────────────────────────────────────────┤
│                                                                                                                      │
│advantages_max=0.935                   │advantages_mean=-0.115                 │advantages_min=-2.475                 │
│rewards=0.0047                         │                                       │                                      │
│                                                                                                                      │
├─────────────────────────────────────────────────── Training/Actor ───────────────────────────────────────────────────┤
│                                                                                                                      │
│actor/approx_kl=0.026                  │actor/clip_fraction=0.206              │actor/clipped_ratio=0.996             │
│actor/dual_cliped_ratio=0.0000         │actor/dvac_current_mean=-3.939         │actor/dvac_current_std=0.441          │
│actor/dvac_history_mean=-3.915         │actor/dvac_history_std=0.478           │actor/dvac_warmup=0.0000              │
│actor/dvac_weight_mean_rank_local=0.950│actor/entropy_loss=0.0000              │actor/grad_norm=25.274                │
│actor/lr=5.60e-06                      │actor/policy_loss=0.0013               │actor/policy_loss_abs=0.181           │
│actor/ratio=1.043                      │actor/ratio_abs=0.230                  │actor/total_loss=1.65e-04             │
│                                                                                                                      │
╰──────────────────────────────────────────────────────────────────────────────────────────────────────────────────────╯


╭──────────────────────────────────────────────────────────────────────────────────────────────────────────────────────╮
├──────────────────────────────────────────────────── Metric Table ────────────────────────────────────────────────────┤
│ Global Step:   51/100 │ Progress: ████████████████████░░░░░░░░░░░░░░░░░░░░ │  51.0%                                  │
│ Elapsed: 21:09:02 │ ETA: 20:19:16 │ Step Time: 1492.985s                                                             │
├──────────────────────────────────────────────────────── Time ────────────────────────────────────────────────────────┤
│                                                                                                                      │
│actor/actor/compute_adv=0.0031         │actor/actor/recv_traj=1432.4           │actor/actor/sync_model_to_rollout=0.6…│
│actor/run_training=33.985              │cal_adv_and_returns=0.0064             │env/compute_bootstrap_rewards=0.0055  │
│env/env/bootstrap_step=850.0           │env/env/send_rollout_trajectories=0.876│env/env_interact_step=547.1           │
│env/interact=1431.7                    │env/run_interact_once=1430.9           │generate_rollouts=1432.5              │
│rollout/generate_one_epoch=1430.0      │rollout/predict=27.457                 │rollout/rollout/generate=1430.0       │
│step=1467.6                            │sync_weights=1.143                     │                                      │
│                                                                                                                      │
├──────────────────────────────────────────────────── Environment ─────────────────────────────────────────────────────┤
│                                                                                                                      │
│episode_len=200.0                      │num_trajectories=256                   │return=0.94140625                     │
│reward=0.0047070305                    │success_once=0.94140625                │                                      │
│                                                                                                                      │
├────────────────────────────────────────────────────── Rollout ───────────────────────────────────────────────────────┤
│                                                                                                                      │
│advantages_max=0.725                   │advantages_mean=-0.107                 │advantages_min=-2.475                 │
│rewards=0.0052                         │                                       │                                      │
│                                                                                                                      │
├─────────────────────────────────────────────────── Training/Actor ───────────────────────────────────────────────────┤
│                                                                                                                      │
│actor/approx_kl=0.024                  │actor/clip_fraction=0.132              │actor/clipped_ratio=0.992             │
│actor/dual_cliped_ratio=0.0000         │actor/dvac_current_mean=-3.952         │actor/dvac_current_std=0.455          │
│actor/dvac_history_mean=-3.917         │actor/dvac_history_std=0.470           │actor/dvac_warmup=0.0000              │
│actor/dvac_weight_mean_rank_local=0.951│actor/entropy_loss=0.0000              │actor/grad_norm=29.407                │
│actor/lr=5.60e-06                      │actor/policy_loss=6.22e-04             │actor/policy_loss_abs=0.230           │
│actor/ratio=1.009                      │actor/ratio_abs=0.155                  │actor/total_loss=7.77e-05             │
│                                                                                                                      │
╰──────────────────────────────────────────────────────────────────────────────────────────────────────────────────────╯

