
╭──────────────────────────────────────────────────────────────────────────────────────────────────────────────────────╮
├──────────────────────────────────────────────────── Metric Table ────────────────────────────────────────────────────┤
│ Global Step:    1/250 │ Progress: ░░░░░░░░░░░░░░░░░░░░░░░░░░░░░░░░░░░░░░░░ │   0.4%                                  │
│ Elapsed: 02:09 │ ETA: 08:57:35 │ Step Time: 129.541s                                                                 │
├──────────────────────────────────────────────────────── Time ────────────────────────────────────────────────────────┤
│                                                                                                                      │
│actor/actor/compute_adv=3.85e-05       │actor/actor/recv_traj=127.8            │actor/actor/sync_model_to_rollout=1.2…│
│cal_adv_and_returns=0.0034             │env/compute_bootstrap_rewards=0.0023   │env/env/bootstrap_step=32.376         │
│env/env/send_rollout_trajectories=0.443│env/env_interact_step=87.331           │env/interact=127.7                    │
│env/run_interact_once=127.1            │generate_rollouts=127.9                │rollout/generate_one_epoch=126.6      │
│rollout/rollout/generate=126.6         │step=129.5                             │sync_weights=1.638                    │
│                                                                                                                      │
├──────────────────────────────────────────────────── Environment ─────────────────────────────────────────────────────┤
│                                                                                                                      │
│episode_len=200.0                      │num_trajectories=8                     │return=1.25                           │
│reward=0.00625                         │success_once=0.125                     │                                      │
│                                                                                                                      │
├─────────────────────────────────────────────────── Replay Buffer ────────────────────────────────────────────────────┤
│                                                                                                                      │
│cache_size=75.500                      │num_trajectories=75.500                │total_samples=75.500                  │
│                                                                                                                      │
├─────────────────────────────────────────────────── Training/Other ───────────────────────────────────────────────────┤
│                                                                                                                      │
│replay/actor_switch_rate=0.0000        │replay/done_rate=0.053                 │replay/intervention_rate=0.0000       │
│replay/intervention_requested_rate=0.0…│replay/record_transition_rate=1.000    │replay/reward_mean=0.0070             │
│replay/reward_positive_rate=0.0070     │replay/transition_count=75.500         │rlt/actor_updates_run=0.0000          │
│rlt/critic_updates_run=0.0000          │rlt/desired_total_updates=0.0000       │rlt/global_min_replay_size=71.000     │
│rlt/global_total_transitions_added=151…│rlt/global_transitions_since_train=151…│rlt/max_updates_per_train_step=1600.0 │
│rlt/min_replay_buffer_size=10000.0     │rlt/pending_update_budget=0.0000       │rlt/ready_for_online=0.0000           │
│rlt/should_train=0.0000                │rlt/skip_reason=1.000                  │rlt/train_every_episodes=0.0000       │
│rlt/train_every_transitions=1.000      │rlt/update_epoch=5.000                 │rlt/update_step=0.0000                │
│rlt/updates_scheduled=0.0000           │rlt/updates_to_run=0.0000              │rlt/warmup_required_updates=3.00e+04  │
│                                                                                                                      │
╰──────────────────────────────────────────────────────────────────────────────────────────────────────────────────────╯


╭──────────────────────────────────────────────────────────────────────────────────────────────────────────────────────╮
├──────────────────────────────────────────────────── Metric Table ────────────────────────────────────────────────────┤
│ Global Step:    2/250 │ Progress: ░░░░░░░░░░░░░░░░░░░░░░░░░░░░░░░░░░░░░░░░ │   0.8%                                  │
│ Elapsed: 04:02 │ ETA: 08:20:45 │ Step Time: 121.153s                                                                 │
├──────────────────────────────────────────────────────── Time ────────────────────────────────────────────────────────┤
│                                                                                                                      │
│actor/actor/compute_adv=2.91e-05       │actor/actor/recv_traj=112.1            │actor/actor/sync_model_to_rollout=0.0…│
│cal_adv_and_returns=0.0034             │env/compute_bootstrap_rewards=0.0022   │env/env/bootstrap_step=31.950         │
│env/env/send_rollout_trajectories=0.445│env/env_interact_step=72.775           │env/interact=112.1                    │
│env/run_interact_once=111.4            │generate_rollouts=112.3                │rollout/generate_one_epoch=110.9      │
│rollout/rollout/generate=110.9         │step=112.7                             │sync_weights=0.486                    │
│                                                                                                                      │
├──────────────────────────────────────────────────── Environment ─────────────────────────────────────────────────────┤
│                                                                                                                      │
│episode_len=200.0                      │num_trajectories=8                     │return=2.375                          │
│reward=0.011875                        │success_once=0.25                      │                                      │
│                                                                                                                      │
├─────────────────────────────────────────────────── Replay Buffer ────────────────────────────────────────────────────┤
│                                                                                                                      │
│cache_size=147.0                       │num_trajectories=147.0                 │total_samples=147.0                   │
│                                                                                                                      │
├─────────────────────────────────────────────────── Training/Other ───────────────────────────────────────────────────┤
│                                                                                                                      │
│replay/actor_switch_rate=0.0000        │replay/done_rate=0.056                 │replay/intervention_rate=0.0000       │
│replay/intervention_requested_rate=0.0…│replay/record_transition_rate=1.000    │replay/reward_mean=0.014              │
│replay/reward_positive_rate=0.014      │replay/transition_count=71.500         │rlt/actor_updates_run=0.0000          │
│rlt/critic_updates_run=0.0000          │rlt/desired_total_updates=0.0000       │rlt/global_min_replay_size=143.0      │
│rlt/global_total_transitions_added=294…│rlt/global_transitions_since_train=294…│rlt/max_updates_per_train_step=1600.0 │
│rlt/min_replay_buffer_size=10000.0     │rlt/pending_update_budget=0.0000       │rlt/ready_for_online=0.0000           │
│rlt/should_train=0.0000                │rlt/skip_reason=1.000                  │rlt/train_every_episodes=0.0000       │
│rlt/train_every_transitions=1.000      │rlt/update_epoch=5.000                 │rlt/update_step=0.0000                │
│rlt/updates_scheduled=0.0000           │rlt/updates_to_run=0.0000              │rlt/warmup_required_updates=3.00e+04  │
│                                                                                                                      │
╰──────────────────────────────────────────────────────────────────────────────────────────────────────────────────────╯


╭──────────────────────────────────────────────────────────────────────────────────────────────────────────────────────╮
├──────────────────────────────────────────────────── Metric Table ────────────────────────────────────────────────────┤
│ Global Step:    3/250 │ Progress: ░░░░░░░░░░░░░░░░░░░░░░░░░░░░░░░░░░░░░░░░ │   1.2%                                  │
│ Elapsed: 06:10 │ ETA: 08:28:47 │ Step Time: 123.591s                                                                 │
├──────────────────────────────────────────────────────── Time ────────────────────────────────────────────────────────┤
│                                                                                                                      │
│actor/actor/compute_adv=3.42e-05       │actor/actor/recv_traj=127.9            │actor/actor/sync_model_to_rollout=0.0…│
│cal_adv_and_returns=0.0029             │env/compute_bootstrap_rewards=0.0019   │env/env/bootstrap_step=32.238         │
│env/env/send_rollout_trajectories=0.429│env/env_interact_step=87.769           │env/interact=127.9                    │
│env/run_interact_once=127.2            │generate_rollouts=128.0                │rollout/generate_one_epoch=126.8      │
│rollout/rollout/generate=126.8         │step=128.5                             │sync_weights=0.470                    │
│                                                                                                                      │
├──────────────────────────────────────────────────── Environment ─────────────────────────────────────────────────────┤
│                                                                                                                      │
│episode_len=200.0                      │num_trajectories=8                     │return=1.25                           │
│reward=0.00625                         │success_once=0.125                     │                                      │
│                                                                                                                      │
├─────────────────────────────────────────────────── Replay Buffer ────────────────────────────────────────────────────┤
│                                                                                                                      │
│cache_size=222.5                       │num_trajectories=222.5                 │total_samples=222.5                   │
│                                                                                                                      │
├─────────────────────────────────────────────────── Training/Other ───────────────────────────────────────────────────┤
│                                                                                                                      │
│replay/actor_switch_rate=0.0000        │replay/done_rate=0.053                 │replay/intervention_rate=0.0000       │
│replay/intervention_requested_rate=0.0…│replay/record_transition_rate=1.000    │replay/reward_mean=0.0070             │
│replay/reward_positive_rate=0.0070     │replay/transition_count=75.500         │rlt/actor_updates_run=0.0000          │
│rlt/critic_updates_run=0.0000          │rlt/desired_total_updates=0.0000       │rlt/global_min_replay_size=222.0      │
│rlt/global_total_transitions_added=445…│rlt/global_transitions_since_train=445…│rlt/max_updates_per_train_step=1600.0 │
│rlt/min_replay_buffer_size=10000.0     │rlt/pending_update_budget=0.0000       │rlt/ready_for_online=0.0000           │
│rlt/should_train=0.0000                │rlt/skip_reason=1.000                  │rlt/train_every_episodes=0.0000       │
│rlt/train_every_transitions=1.000      │rlt/update_epoch=5.000                 │rlt/update_step=0.0000                │
│rlt/updates_scheduled=0.0000           │rlt/updates_to_run=0.0000              │rlt/warmup_required_updates=3.00e+04  │
│                                                                                                                      │
╰──────────────────────────────────────────────────────────────────────────────────────────────────────────────────────╯


╭──────────────────────────────────────────────────────────────────────────────────────────────────────────────────────╮
├──────────────────────────────────────────────────── Metric Table ────────────────────────────────────────────────────┤
│ Global Step:    4/250 │ Progress: ░░░░░░░░░░░░░░░░░░░░░░░░░░░░░░░░░░░░░░░░ │   1.6%                                  │
│ Elapsed: 08:03 │ ETA: 08:15:06 │ Step Time: 120.758s                                                                 │
├──────────────────────────────────────────────────────── Time ────────────────────────────────────────────────────────┤
│                                                                                                                      │
│actor/actor/compute_adv=1.12e-05       │actor/actor/recv_traj=111.7            │actor/actor/sync_model_to_rollout=0.0…│
│cal_adv_and_returns=0.0026             │env/compute_bootstrap_rewards=0.0018   │env/env/bootstrap_step=32.116         │
│env/env/send_rollout_trajectories=0.433│env/env_interact_step=72.788           │env/interact=111.7                    │
│env/run_interact_once=111.1            │generate_rollouts=111.8                │rollout/generate_one_epoch=110.7      │
│rollout/rollout/generate=110.7         │step=112.2                             │sync_weights=0.441                    │
│                                                                                                                      │
├──────────────────────────────────────────────────── Environment ─────────────────────────────────────────────────────┤
│                                                                                                                      │
│episode_len=200.0                      │num_trajectories=8                     │return=3.75                           │
│reward=0.01875                         │success_once=0.375                     │                                      │
│                                                                                                                      │
├─────────────────────────────────────────────────── Replay Buffer ────────────────────────────────────────────────────┤
│                                                                                                                      │
│cache_size=289.0                       │num_trajectories=289.0                 │total_samples=289.0                   │
│                                                                                                                      │
├─────────────────────────────────────────────────── Training/Other ───────────────────────────────────────────────────┤
│                                                                                                                      │
│replay/actor_switch_rate=0.0000        │replay/done_rate=0.060                 │replay/intervention_rate=0.0000       │
│replay/intervention_requested_rate=0.0…│replay/record_transition_rate=1.000    │replay/reward_mean=0.023              │
│replay/reward_positive_rate=0.023      │replay/transition_count=66.500         │rlt/actor_updates_run=0.0000          │
│rlt/critic_updates_run=0.0000          │rlt/desired_total_updates=0.0000       │rlt/global_min_replay_size=285.0      │
│rlt/global_total_transitions_added=578…│rlt/global_transitions_since_train=578…│rlt/max_updates_per_train_step=1600.0 │
│rlt/min_replay_buffer_size=10000.0     │rlt/pending_update_budget=0.0000       │rlt/ready_for_online=0.0000           │
│rlt/should_train=0.0000                │rlt/skip_reason=1.000                  │rlt/train_every_episodes=0.0000       │
│rlt/train_every_transitions=1.000      │rlt/update_epoch=5.000                 │rlt/update_step=0.0000                │
│rlt/updates_scheduled=0.0000           │rlt/updates_to_run=0.0000              │rlt/warmup_required_updates=3.00e+04  │
│                                                                                                                      │
╰──────────────────────────────────────────────────────────────────────────────────────────────────────────────────────╯


╭──────────────────────────────────────────────────────────────────────────────────────────────────────────────────────╮
├──────────────────────────────────────────────────── Metric Table ────────────────────────────────────────────────────┤
│ Global Step:    5/250 │ Progress: ░░░░░░░░░░░░░░░░░░░░░░░░░░░░░░░░░░░░░░░░ │   2.0%                                  │
│ Elapsed: 09:56 │ ETA: 08:07:19 │ Step Time: 119.344s                                                                 │
├──────────────────────────────────────────────────────── Time ────────────────────────────────────────────────────────┤
│                                                                                                                      │
│actor/actor/compute_adv=1.74e-05       │actor/actor/recv_traj=113.1            │actor/actor/sync_model_to_rollout=0.0…│
│cal_adv_and_returns=0.0026             │env/compute_bootstrap_rewards=0.0016   │env/env/bootstrap_step=32.583         │
│env/env/send_rollout_trajectories=0.427│env/env_interact_step=73.302           │env/interact=113.1                    │
│env/run_interact_once=112.5            │generate_rollouts=113.2                │rollout/generate_one_epoch=112.0      │
│rollout/rollout/generate=112.0         │step=113.7                             │sync_weights=0.478                    │
│                                                                                                                      │
├──────────────────────────────────────────────────── Environment ─────────────────────────────────────────────────────┤
│                                                                                                                      │
│episode_len=200.0                      │num_trajectories=8                     │return=3.0                            │
│reward=0.015000001                     │success_once=0.375                     │                                      │
│                                                                                                                      │
├─────────────────────────────────────────────────── Replay Buffer ────────────────────────────────────────────────────┤
│                                                                                                                      │
│cache_size=358.5                       │num_trajectories=358.5                 │total_samples=358.5                   │
│                                                                                                                      │
├─────────────────────────────────────────────────── Training/Other ───────────────────────────────────────────────────┤
│                                                                                                                      │
│replay/actor_switch_rate=0.0000        │replay/done_rate=0.058                 │replay/intervention_rate=0.0000       │
│replay/intervention_requested_rate=0.0…│replay/record_transition_rate=1.000    │replay/reward_mean=0.022              │
│replay/reward_positive_rate=0.022      │replay/transition_count=69.500         │rlt/actor_updates_run=0.0000          │
│rlt/critic_updates_run=0.0000          │rlt/desired_total_updates=0.0000       │rlt/global_min_replay_size=356.0      │
│rlt/global_total_transitions_added=717…│rlt/global_transitions_since_train=717…│rlt/max_updates_per_train_step=1600.0 │
│rlt/min_replay_buffer_size=10000.0     │rlt/pending_update_budget=0.0000       │rlt/ready_for_online=0.0000           │
│rlt/should_train=0.0000                │rlt/skip_reason=1.000                  │rlt/train_every_episodes=0.0000       │
│rlt/train_every_transitions=1.000      │rlt/update_epoch=5.000                 │rlt/update_step=0.0000                │
│rlt/updates_scheduled=0.0000           │rlt/updates_to_run=0.0000              │rlt/warmup_required_updates=3.00e+04  │
│                                                                                                                      │
╰──────────────────────────────────────────────────────────────────────────────────────────────────────────────────────╯


╭──────────────────────────────────────────────────────────────────────────────────────────────────────────────────────╮
├──────────────────────────────────────────────────── Metric Table ────────────────────────────────────────────────────┤
│ Global Step:    6/250 │ Progress: ░░░░░░░░░░░░░░░░░░░░░░░░░░░░░░░░░░░░░░░░ │   2.4%                                  │
│ Elapsed: 12:02 │ ETA: 08:09:46 │ Step Time: 120.438s                                                                 │
├──────────────────────────────────────────────────────── Time ────────────────────────────────────────────────────────┤
│                                                                                                                      │
│actor/actor/compute_adv=3.51e-05       │actor/actor/recv_traj=125.3            │actor/actor/sync_model_to_rollout=0.0…│
│cal_adv_and_returns=0.0031             │env/compute_bootstrap_rewards=0.0016   │env/env/bootstrap_step=32.026         │
│env/env/send_rollout_trajectories=0.439│env/env_interact_step=86.056           │env/interact=125.3                    │
│env/run_interact_once=124.8            │generate_rollouts=125.4                │rollout/generate_one_epoch=124.3      │
│rollout/rollout/generate=124.3         │step=125.9                             │sync_weights=0.444                    │
│                                                                                                                      │
├──────────────────────────────────────────────────── Environment ─────────────────────────────────────────────────────┤
│                                                                                                                      │
│episode_len=200.0                      │num_trajectories=8                     │return=0.0                            │
│reward=0.0                             │success_once=0.0                       │                                      │
│                                                                                                                      │
├─────────────────────────────────────────────────── Replay Buffer ────────────────────────────────────────────────────┤
│                                                                                                                      │
│cache_size=438.5                       │num_trajectories=438.5                 │total_samples=438.5                   │
│                                                                                                                      │
├─────────────────────────────────────────────────── Training/Other ───────────────────────────────────────────────────┤
│                                                                                                                      │
│replay/actor_switch_rate=0.0000        │replay/done_rate=0.050                 │replay/intervention_rate=0.0000       │
│replay/intervention_requested_rate=0.0…│replay/record_transition_rate=1.000    │replay/reward_mean=0.0000             │
│replay/reward_positive_rate=0.0000     │replay/transition_count=80.000         │rlt/actor_updates_run=0.0000          │
│rlt/critic_updates_run=0.0000          │rlt/desired_total_updates=0.0000       │rlt/global_min_replay_size=436.0      │
│rlt/global_total_transitions_added=877…│rlt/global_transitions_since_train=877…│rlt/max_updates_per_train_step=1600.0 │
│rlt/min_replay_buffer_size=10000.0     │rlt/pending_update_budget=0.0000       │rlt/ready_for_online=0.0000           │
│rlt/should_train=0.0000                │rlt/skip_reason=1.000                  │rlt/train_every_episodes=0.0000       │
│rlt/train_every_transitions=1.000      │rlt/update_epoch=5.000                 │rlt/update_step=0.0000                │
│rlt/updates_scheduled=0.0000           │rlt/updates_to_run=0.0000              │rlt/warmup_required_updates=3.00e+04  │
│                                                                                                                      │
╰──────────────────────────────────────────────────────────────────────────────────────────────────────────────────────╯


╭──────────────────────────────────────────────────────────────────────────────────────────────────────────────────────╮
├──────────────────────────────────────────────────── Metric Table ────────────────────────────────────────────────────┤
│ Global Step:    7/250 │ Progress: █░░░░░░░░░░░░░░░░░░░░░░░░░░░░░░░░░░░░░░░ │   2.8%                                  │
│ Elapsed: 14:04 │ ETA: 08:08:41 │ Step Time: 120.664s                                                                 │
├──────────────────────────────────────────────────────── Time ────────────────────────────────────────────────────────┤
│                                                                                                                      │
│actor/actor/compute_adv=2.67e-05       │actor/actor/recv_traj=121.4            │actor/actor/sync_model_to_rollout=0.0…│
│cal_adv_and_returns=0.0030             │env/compute_bootstrap_rewards=0.0016   │env/env/bootstrap_step=32.222         │
│env/env/send_rollout_trajectories=0.400│env/env_interact_step=81.829           │env/interact=121.4                    │
│env/run_interact_once=120.8            │generate_rollouts=121.5                │rollout/generate_one_epoch=120.3      │
│rollout/rollout/generate=120.3         │step=122.0                             │sync_weights=0.484                    │
│                                                                                                                      │
├──────────────────────────────────────────────────── Environment ─────────────────────────────────────────────────────┤
│                                                                                                                      │
│episode_len=200.0                      │num_trajectories=8                     │return=0.0                            │
│reward=0.0                             │success_once=0.0                       │                                      │
│                                                                                                                      │
├─────────────────────────────────────────────────── Replay Buffer ────────────────────────────────────────────────────┤
│                                                                                                                      │
│cache_size=518.5                       │num_trajectories=518.5                 │total_samples=518.5                   │
│                                                                                                                      │
├─────────────────────────────────────────────────── Training/Other ───────────────────────────────────────────────────┤
│                                                                                                                      │
│replay/actor_switch_rate=0.0000        │replay/done_rate=0.050                 │replay/intervention_rate=0.0000       │
│replay/intervention_requested_rate=0.0…│replay/record_transition_rate=1.000    │replay/reward_mean=0.0000             │
│replay/reward_positive_rate=0.0000     │replay/transition_count=80.000         │rlt/actor_updates_run=0.0000          │
│rlt/critic_updates_run=0.0000          │rlt/desired_total_updates=0.0000       │rlt/global_min_replay_size=516.0      │
│rlt/global_total_transitions_added=103…│rlt/global_transitions_since_train=103…│rlt/max_updates_per_train_step=1600.0 │
│rlt/min_replay_buffer_size=10000.0     │rlt/pending_update_budget=0.0000       │rlt/ready_for_online=0.0000           │
│rlt/should_train=0.0000                │rlt/skip_reason=1.000                  │rlt/train_every_episodes=0.0000       │
│rlt/train_every_transitions=1.000      │rlt/update_epoch=5.000                 │rlt/update_step=0.0000                │
│rlt/updates_scheduled=0.0000           │rlt/updates_to_run=0.0000              │rlt/warmup_required_updates=3.00e+04  │
│                                                                                                                      │
╰──────────────────────────────────────────────────────────────────────────────────────────────────────────────────────╯


╭──────────────────────────────────────────────────────────────────────────────────────────────────────────────────────╮
├──────────────────────────────────────────────────── Metric Table ────────────────────────────────────────────────────┤
│ Global Step:    8/250 │ Progress: █░░░░░░░░░░░░░░░░░░░░░░░░░░░░░░░░░░░░░░░ │   3.2%                                  │
│ Elapsed: 16:12 │ ETA: 08:10:24 │ Step Time: 121.587s                                                                 │
├──────────────────────────────────────────────────────── Time ────────────────────────────────────────────────────────┤
│                                                                                                                      │
│actor/actor/compute_adv=3.01e-05       │actor/actor/recv_traj=127.6            │actor/actor/sync_model_to_rollout=0.0…│
│cal_adv_and_returns=0.0031             │env/compute_bootstrap_rewards=0.0016   │env/env/bootstrap_step=32.119         │
│env/env/send_rollout_trajectories=0.430│env/env_interact_step=88.496           │env/interact=127.5                    │
│env/run_interact_once=126.9            │generate_rollouts=127.7                │rollout/generate_one_epoch=126.4      │
│rollout/rollout/generate=126.4         │step=128.0                             │sync_weights=0.363                    │
│                                                                                                                      │
├──────────────────────────────────────────────────── Environment ─────────────────────────────────────────────────────┤
│                                                                                                                      │
│episode_len=200.0                      │num_trajectories=8                     │return=1.375                          │
│reward=0.006875                        │success_once=0.125                     │                                      │
│                                                                                                                      │
├─────────────────────────────────────────────────── Replay Buffer ────────────────────────────────────────────────────┤
│                                                                                                                      │
│cache_size=593.5                       │num_trajectories=593.5                 │total_samples=593.5                   │
│                                                                                                                      │
├─────────────────────────────────────────────────── Training/Other ───────────────────────────────────────────────────┤
│                                                                                                                      │
│replay/actor_switch_rate=0.0000        │replay/done_rate=0.054                 │replay/intervention_rate=0.0000       │
│replay/intervention_requested_rate=0.0…│replay/record_transition_rate=1.000    │replay/reward_mean=0.0071             │
│replay/reward_positive_rate=0.0071     │replay/transition_count=75.000         │rlt/actor_updates_run=0.0000          │
│rlt/critic_updates_run=0.0000          │rlt/desired_total_updates=0.0000       │rlt/global_min_replay_size=591.0      │
│rlt/global_total_transitions_added=118…│rlt/global_transitions_since_train=118…│rlt/max_updates_per_train_step=1600.0 │
│rlt/min_replay_buffer_size=10000.0     │rlt/pending_update_budget=0.0000       │rlt/ready_for_online=0.0000           │
│rlt/should_train=0.0000                │rlt/skip_reason=1.000                  │rlt/train_every_episodes=0.0000       │
│rlt/train_every_transitions=1.000      │rlt/update_epoch=5.000                 │rlt/update_step=0.0000                │
│rlt/updates_scheduled=0.0000           │rlt/updates_to_run=0.0000              │rlt/warmup_required_updates=3.00e+04  │
│                                                                                                                      │
╰──────────────────────────────────────────────────────────────────────────────────────────────────────────────────────╯


╭──────────────────────────────────────────────────────────────────────────────────────────────────────────────────────╮
├──────────────────────────────────────────────────── Metric Table ────────────────────────────────────────────────────┤
│ Global Step:    9/250 │ Progress: █░░░░░░░░░░░░░░░░░░░░░░░░░░░░░░░░░░░░░░░ │   3.6%                                  │
│ Elapsed: 18:14 │ ETA: 08:08:19 │ Step Time: 121.575s                                                                 │
├──────────────────────────────────────────────────────── Time ────────────────────────────────────────────────────────┤
│                                                                                                                      │
│actor/actor/compute_adv=2.45e-05       │actor/actor/recv_traj=120.9            │actor/actor/sync_model_to_rollout=0.0…│
│cal_adv_and_returns=0.0025             │env/compute_bootstrap_rewards=0.0016   │env/env/bootstrap_step=32.405         │
│env/env/send_rollout_trajectories=0.431│env/env_interact_step=81.230           │env/interact=120.9                    │
│env/run_interact_once=120.2            │generate_rollouts=121.0                │rollout/generate_one_epoch=119.7      │
│rollout/rollout/generate=119.7         │step=121.5                             │sync_weights=0.475                    │
│                                                                                                                      │
├──────────────────────────────────────────────────── Environment ─────────────────────────────────────────────────────┤
│                                                                                                                      │
│episode_len=200.0                      │num_trajectories=8                     │return=2.375                          │
│reward=0.011875                        │success_once=0.25                      │                                      │
│                                                                                                                      │
├─────────────────────────────────────────────────── Replay Buffer ────────────────────────────────────────────────────┤
│                                                                                                                      │
│cache_size=665.0                       │num_trajectories=665.0                 │total_samples=665.0                   │
│                                                                                                                      │
├─────────────────────────────────────────────────── Training/Other ───────────────────────────────────────────────────┤
│                                                                                                                      │
│replay/actor_switch_rate=0.0000        │replay/done_rate=0.057                 │replay/intervention_rate=0.0000       │
│replay/intervention_requested_rate=0.0…│replay/record_transition_rate=1.000    │replay/reward_mean=0.016              │
│replay/reward_positive_rate=0.016      │replay/transition_count=71.500         │rlt/actor_updates_run=0.0000          │
│rlt/critic_updates_run=0.0000          │rlt/desired_total_updates=0.0000       │rlt/global_min_replay_size=659.0      │
│rlt/global_total_transitions_added=133…│rlt/global_transitions_since_train=133…│rlt/max_updates_per_train_step=1600.0 │
│rlt/min_replay_buffer_size=10000.0     │rlt/pending_update_budget=0.0000       │rlt/ready_for_online=0.0000           │
│rlt/should_train=0.0000                │rlt/skip_reason=1.000                  │rlt/train_every_episodes=0.0000       │
│rlt/train_every_transitions=1.000      │rlt/update_epoch=5.000                 │rlt/update_step=0.0000                │
│rlt/updates_scheduled=0.0000           │rlt/updates_to_run=0.0000              │rlt/warmup_required_updates=3.00e+04  │
│                                                                                                                      │
╰──────────────────────────────────────────────────────────────────────────────────────────────────────────────────────╯


╭──────────────────────────────────────────────────────────────────────────────────────────────────────────────────────╮
├──────────────────────────────────────────────────── Metric Table ────────────────────────────────────────────────────┤
│ Global Step:   10/250 │ Progress: █░░░░░░░░░░░░░░░░░░░░░░░░░░░░░░░░░░░░░░░ │   4.0%                                  │
│ Elapsed: 20:16 │ ETA: 08:06:45 │ Step Time: 121.691s                                                                 │
├──────────────────────────────────────────────────────── Time ────────────────────────────────────────────────────────┤
│                                                                                                                      │
│actor/actor/compute_adv=1.58e-05       │actor/actor/recv_traj=122.1            │actor/actor/sync_model_to_rollout=0.0…│
│cal_adv_and_returns=0.0029             │env/compute_bootstrap_rewards=0.0016   │env/env/bootstrap_step=32.139         │
│env/env/send_rollout_trajectories=0.441│env/env_interact_step=83.306           │env/interact=122.1                    │
│env/run_interact_once=121.4            │generate_rollouts=122.2                │rollout/generate_one_epoch=120.9      │
│rollout/rollout/generate=120.9         │step=122.7                             │sync_weights=0.485                    │
│                                                                                                                      │
├──────────────────────────────────────────────────── Environment ─────────────────────────────────────────────────────┤
│                                                                                                                      │
│episode_len=200.0                      │num_trajectories=8                     │return=0.0                            │
│reward=0.0                             │success_once=0.0                       │                                      │
│                                                                                                                      │
├─────────────────────────────────────────────────── Replay Buffer ────────────────────────────────────────────────────┤
│                                                                                                                      │
│cache_size=745.0                       │num_trajectories=745.0                 │total_samples=745.0                   │
│                                                                                                                      │
├─────────────────────────────────────────────────── Training/Other ───────────────────────────────────────────────────┤
│                                                                                                                      │
│replay/actor_switch_rate=0.0000        │replay/done_rate=0.050                 │replay/intervention_rate=0.0000       │
│replay/intervention_requested_rate=0.0…│replay/record_transition_rate=1.000    │replay/reward_mean=0.0000             │
│replay/reward_positive_rate=0.0000     │replay/transition_count=80.000         │rlt/actor_updates_run=0.0000          │
│rlt/critic_updates_run=0.0000          │rlt/desired_total_updates=0.0000       │rlt/global_min_replay_size=739.0      │
│rlt/global_total_transitions_added=149…│rlt/global_transitions_since_train=149…│rlt/max_updates_per_train_step=1600.0 │
│rlt/min_replay_buffer_size=10000.0     │rlt/pending_update_budget=0.0000       │rlt/ready_for_online=0.0000           │
│rlt/should_train=0.0000                │rlt/skip_reason=1.000                  │rlt/train_every_episodes=0.0000       │
│rlt/train_every_transitions=1.000      │rlt/update_epoch=5.000                 │rlt/update_step=0.0000                │
│rlt/updates_scheduled=0.0000           │rlt/updates_to_run=0.0000              │rlt/warmup_required_updates=3.00e+04  │
│                                                                                                                      │
╰──────────────────────────────────────────────────────────────────────────────────────────────────────────────────────╯


╭──────────────────────────────────────────────────────────────────────────────────────────────────────────────────────╮
├──────────────────────────────────────────────────── Metric Table ────────────────────────────────────────────────────┤
│ Global Step:   11/250 │ Progress: █░░░░░░░░░░░░░░░░░░░░░░░░░░░░░░░░░░░░░░░ │   4.4%                                  │
│ Elapsed: 22:09 │ ETA: 08:01:24 │ Step Time: 120.856s                                                                 │
├──────────────────────────────────────────────────────── Time ────────────────────────────────────────────────────────┤
│                                                                                                                      │
│actor/actor/compute_adv=1.24e-05       │actor/actor/recv_traj=112.0            │actor/actor/sync_model_to_rollout=0.0…│
│cal_adv_and_returns=0.0026             │env/compute_bootstrap_rewards=0.0017   │env/env/bootstrap_step=32.241         │
│env/env/send_rollout_trajectories=0.442│env/env_interact_step=72.646           │env/interact=111.9                    │
│env/run_interact_once=111.2            │generate_rollouts=112.0                │rollout/generate_one_epoch=110.7      │
│rollout/rollout/generate=110.7         │step=112.5                             │sync_weights=0.463                    │
│                                                                                                                      │
├──────────────────────────────────────────────────── Environment ─────────────────────────────────────────────────────┤
│                                                                                                                      │
│episode_len=200.0                      │num_trajectories=8                     │return=2.375                          │
│reward=0.011875                        │success_once=0.25                      │                                      │
│                                                                                                                      │
├─────────────────────────────────────────────────── Replay Buffer ────────────────────────────────────────────────────┤
│                                                                                                                      │
│cache_size=816.5                       │num_trajectories=816.5                 │total_samples=816.5                   │
│                                                                                                                      │
├─────────────────────────────────────────────────── Training/Other ───────────────────────────────────────────────────┤
│                                                                                                                      │
│replay/actor_switch_rate=0.0000        │replay/done_rate=0.056                 │replay/intervention_rate=0.0000       │
│replay/intervention_requested_rate=0.0…│replay/record_transition_rate=1.000    │replay/reward_mean=0.014              │
│replay/reward_positive_rate=0.014      │replay/transition_count=71.500         │rlt/actor_updates_run=0.0000          │
│rlt/critic_updates_run=0.0000          │rlt/desired_total_updates=0.0000       │rlt/global_min_replay_size=810.0      │
│rlt/global_total_transitions_added=163…│rlt/global_transitions_since_train=163…│rlt/max_updates_per_train_step=1600.0 │
│rlt/min_replay_buffer_size=10000.0     │rlt/pending_update_budget=0.0000       │rlt/ready_for_online=0.0000           │
│rlt/should_train=0.0000                │rlt/skip_reason=1.000                  │rlt/train_every_episodes=0.0000       │
│rlt/train_every_transitions=1.000      │rlt/update_epoch=5.000                 │rlt/update_step=0.0000                │
│rlt/updates_scheduled=0.0000           │rlt/updates_to_run=0.0000              │rlt/warmup_required_updates=3.00e+04  │
│                                                                                                                      │
╰──────────────────────────────────────────────────────────────────────────────────────────────────────────────────────╯


╭──────────────────────────────────────────────────────────────────────────────────────────────────────────────────────╮
├──────────────────────────────────────────────────── Metric Table ────────────────────────────────────────────────────┤
│ Global Step:   12/250 │ Progress: █░░░░░░░░░░░░░░░░░░░░░░░░░░░░░░░░░░░░░░░ │   4.8%                                  │
│ Elapsed: 24:01 │ ETA: 07:56:29 │ Step Time: 120.123s                                                                 │
├──────────────────────────────────────────────────────── Time ────────────────────────────────────────────────────────┤
│                                                                                                                      │
│actor/actor/compute_adv=3.57e-05       │actor/actor/recv_traj=111.5            │actor/actor/sync_model_to_rollout=0.0…│
│cal_adv_and_returns=0.0028             │env/compute_bootstrap_rewards=0.0015   │env/env/bootstrap_step=32.081         │
│env/env/send_rollout_trajectories=0.433│env/env_interact_step=71.848           │env/interact=111.5                    │
│env/run_interact_once=110.8            │generate_rollouts=111.6                │rollout/generate_one_epoch=110.3      │
│rollout/rollout/generate=110.3         │step=112.0                             │sync_weights=0.473                    │
│                                                                                                                      │
├──────────────────────────────────────────────────── Environment ─────────────────────────────────────────────────────┤
│                                                                                                                      │
│episode_len=200.0                      │num_trajectories=8                     │return=2.5                            │
│reward=0.0125                          │success_once=0.25                      │                                      │
│                                                                                                                      │
├─────────────────────────────────────────────────── Replay Buffer ────────────────────────────────────────────────────┤
│                                                                                                                      │
│cache_size=887.5                       │num_trajectories=887.5                 │total_samples=887.5                   │
│                                                                                                                      │
├─────────────────────────────────────────────────── Training/Other ───────────────────────────────────────────────────┤
│                                                                                                                      │
│replay/actor_switch_rate=0.0000        │replay/done_rate=0.056                 │replay/intervention_rate=0.0000       │
│replay/intervention_requested_rate=0.0…│replay/record_transition_rate=1.000    │replay/reward_mean=0.014              │
│replay/reward_positive_rate=0.014      │replay/transition_count=71.000         │rlt/actor_updates_run=0.0000          │
│rlt/critic_updates_run=0.0000          │rlt/desired_total_updates=0.0000       │rlt/global_min_replay_size=880.0      │
│rlt/global_total_transitions_added=177…│rlt/global_transitions_since_train=177…│rlt/max_updates_per_train_step=1600.0 │
│rlt/min_replay_buffer_size=10000.0     │rlt/pending_update_budget=0.0000       │rlt/ready_for_online=0.0000           │
│rlt/should_train=0.0000                │rlt/skip_reason=1.000                  │rlt/train_every_episodes=0.0000       │
│rlt/train_every_transitions=1.000      │rlt/update_epoch=5.000                 │rlt/update_step=0.0000                │
│rlt/updates_scheduled=0.0000           │rlt/updates_to_run=0.0000              │rlt/warmup_required_updates=3.00e+04  │
│                                                                                                                      │
╰──────────────────────────────────────────────────────────────────────────────────────────────────────────────────────╯


╭──────────────────────────────────────────────────────────────────────────────────────────────────────────────────────╮
├──────────────────────────────────────────────────── Metric Table ────────────────────────────────────────────────────┤
│ Global Step:   13/250 │ Progress: ██░░░░░░░░░░░░░░░░░░░░░░░░░░░░░░░░░░░░░░ │   5.2%                                  │
│ Elapsed: 26:06 │ ETA: 07:56:02 │ Step Time: 120.516s                                                                 │
├──────────────────────────────────────────────────────── Time ────────────────────────────────────────────────────────┤
│                                                                                                                      │
│actor/actor/compute_adv=2.39e-05       │actor/actor/recv_traj=124.6            │actor/actor/sync_model_to_rollout=0.0…│
│cal_adv_and_returns=0.0028             │env/compute_bootstrap_rewards=0.0019   │env/env/bootstrap_step=32.085         │
│env/env/send_rollout_trajectories=0.431│env/env_interact_step=84.638           │env/interact=124.6                    │
│env/run_interact_once=123.9            │generate_rollouts=124.7                │rollout/generate_one_epoch=123.5      │
│rollout/rollout/generate=123.5         │step=125.2                             │sync_weights=0.478                    │
│                                                                                                                      │
├──────────────────────────────────────────────────── Environment ─────────────────────────────────────────────────────┤
│                                                                                                                      │
│episode_len=200.0                      │num_trajectories=8                     │return=1.25                           │
│reward=0.00625                         │success_once=0.125                     │                                      │
│                                                                                                                      │
├─────────────────────────────────────────────────── Replay Buffer ────────────────────────────────────────────────────┤
│                                                                                                                      │
│cache_size=963.0                       │num_trajectories=963.0                 │total_samples=963.0                   │
│                                                                                                                      │
├─────────────────────────────────────────────────── Training/Other ───────────────────────────────────────────────────┤
│                                                                                                                      │
│replay/actor_switch_rate=0.0000        │replay/done_rate=0.053                 │replay/intervention_rate=0.0000       │
│replay/intervention_requested_rate=0.0…│replay/record_transition_rate=1.000    │replay/reward_mean=0.0070             │
│replay/reward_positive_rate=0.0070     │replay/transition_count=75.500         │rlt/actor_updates_run=0.0000          │
│rlt/critic_updates_run=0.0000          │rlt/desired_total_updates=0.0000       │rlt/global_min_replay_size=951.0      │
│rlt/global_total_transitions_added=192…│rlt/global_transitions_since_train=192…│rlt/max_updates_per_train_step=1600.0 │
│rlt/min_replay_buffer_size=10000.0     │rlt/pending_update_budget=0.0000       │rlt/ready_for_online=0.0000           │
│rlt/should_train=0.0000                │rlt/skip_reason=1.000                  │rlt/train_every_episodes=0.0000       │
│rlt/train_every_transitions=1.000      │rlt/update_epoch=5.000                 │rlt/update_step=0.0000                │
│rlt/updates_scheduled=0.0000           │rlt/updates_to_run=0.0000              │rlt/warmup_required_updates=3.00e+04  │
│                                                                                                                      │
╰──────────────────────────────────────────────────────────────────────────────────────────────────────────────────────╯


╭──────────────────────────────────────────────────────────────────────────────────────────────────────────────────────╮
├──────────────────────────────────────────────────── Metric Table ────────────────────────────────────────────────────┤
│ Global Step:   14/250 │ Progress: ██░░░░░░░░░░░░░░░░░░░░░░░░░░░░░░░░░░░░░░ │   5.6%                                  │
│ Elapsed: 28:12 │ ETA: 07:55:25 │ Step Time: 120.871s                                                                 │
├──────────────────────────────────────────────────────── Time ────────────────────────────────────────────────────────┤
│                                                                                                                      │
│actor/actor/compute_adv=4.09e-05       │actor/actor/recv_traj=125.0            │actor/actor/sync_model_to_rollout=0.0…│
│cal_adv_and_returns=0.0032             │env/compute_bootstrap_rewards=0.0018   │env/env/bootstrap_step=32.249         │
│env/env/send_rollout_trajectories=0.426│env/env_interact_step=86.186           │env/interact=125.0                    │
│env/run_interact_once=124.4            │generate_rollouts=125.1                │rollout/generate_one_epoch=123.9      │
│rollout/rollout/generate=123.9         │step=125.5                             │sync_weights=0.389                    │
│                                                                                                                      │
├──────────────────────────────────────────────────── Environment ─────────────────────────────────────────────────────┤
│                                                                                                                      │
│episode_len=200.0                      │num_trajectories=8                     │return=2.25                           │
│reward=0.01125                         │success_once=0.25                      │                                      │
│                                                                                                                      │
├─────────────────────────────────────────────────── Replay Buffer ────────────────────────────────────────────────────┤
│                                                                                                                      │
│cache_size=1035.0                      │num_trajectories=1035.0                │total_samples=1035.0                  │
│                                                                                                                      │
├─────────────────────────────────────────────────── Training/Other ───────────────────────────────────────────────────┤
│                                                                                                                      │
│replay/actor_switch_rate=0.0000        │replay/done_rate=0.056                 │replay/intervention_rate=0.0000       │
│replay/intervention_requested_rate=0.0…│replay/record_transition_rate=1.000    │replay/reward_mean=0.016              │
│replay/reward_positive_rate=0.016      │replay/transition_count=72.000         │rlt/actor_updates_run=0.0000          │
│rlt/critic_updates_run=0.0000          │rlt/desired_total_updates=0.0000       │rlt/global_min_replay_size=1015.0     │
│rlt/global_total_transitions_added=207…│rlt/global_transitions_since_train=207…│rlt/max_updates_per_train_step=1600.0 │
│rlt/min_replay_buffer_size=10000.0     │rlt/pending_update_budget=0.0000       │rlt/ready_for_online=0.0000           │
│rlt/should_train=0.0000                │rlt/skip_reason=1.000                  │rlt/train_every_episodes=0.0000       │
│rlt/train_every_transitions=1.000      │rlt/update_epoch=5.000                 │rlt/update_step=0.0000                │
│rlt/updates_scheduled=0.0000           │rlt/updates_to_run=0.0000              │rlt/warmup_required_updates=3.00e+04  │
│                                                                                                                      │
╰──────────────────────────────────────────────────────────────────────────────────────────────────────────────────────╯


╭──────────────────────────────────────────────────────────────────────────────────────────────────────────────────────╮
├──────────────────────────────────────────────────── Metric Table ────────────────────────────────────────────────────┤
│ Global Step:   15/250 │ Progress: ██░░░░░░░░░░░░░░░░░░░░░░░░░░░░░░░░░░░░░░ │   6.0%                                  │
│ Elapsed: 30:16 │ ETA: 07:54:13 │ Step Time: 121.078s                                                                 │
├──────────────────────────────────────────────────────── Time ────────────────────────────────────────────────────────┤
│                                                                                                                      │
│actor/actor/compute_adv=3.02e-05       │actor/actor/recv_traj=123.4            │actor/actor/sync_model_to_rollout=0.0…│
│cal_adv_and_returns=0.0029             │env/compute_bootstrap_rewards=0.0016   │env/env/bootstrap_step=32.168         │
│env/env/send_rollout_trajectories=0.424│env/env_interact_step=84.108           │env/interact=123.4                    │
│env/run_interact_once=122.8            │generate_rollouts=123.5                │rollout/generate_one_epoch=122.3      │
│rollout/rollout/generate=122.3         │step=124.0                             │sync_weights=0.477                    │
│                                                                                                                      │
├──────────────────────────────────────────────────── Environment ─────────────────────────────────────────────────────┤
│                                                                                                                      │
│episode_len=200.0                      │num_trajectories=8                     │return=1.25                           │
│reward=0.00625                         │success_once=0.125                     │                                      │
│                                                                                                                      │
├─────────────────────────────────────────────────── Replay Buffer ────────────────────────────────────────────────────┤
│                                                                                                                      │
│cache_size=1110.5                      │num_trajectories=1110.5                │total_samples=1110.5                  │
│                                                                                                                      │
├─────────────────────────────────────────────────── Training/Other ───────────────────────────────────────────────────┤
│                                                                                                                      │
│replay/actor_switch_rate=0.0000        │replay/done_rate=0.053                 │replay/intervention_rate=0.0000       │
│replay/intervention_requested_rate=0.0…│replay/record_transition_rate=1.000    │replay/reward_mean=0.0070             │
│replay/reward_positive_rate=0.0070     │replay/transition_count=75.500         │rlt/actor_updates_run=0.0000          │
│rlt/critic_updates_run=0.0000          │rlt/desired_total_updates=0.0000       │rlt/global_min_replay_size=1086.0     │
│rlt/global_total_transitions_added=222…│rlt/global_transitions_since_train=222…│rlt/max_updates_per_train_step=1600.0 │
│rlt/min_replay_buffer_size=10000.0     │rlt/pending_update_budget=0.0000       │rlt/ready_for_online=0.0000           │
│rlt/should_train=0.0000                │rlt/skip_reason=1.000                  │rlt/train_every_episodes=0.0000       │
│rlt/train_every_transitions=1.000      │rlt/update_epoch=5.000                 │rlt/update_step=0.0000                │
│rlt/updates_scheduled=0.0000           │rlt/updates_to_run=0.0000              │rlt/warmup_required_updates=3.00e+04  │
│                                                                                                                      │
╰──────────────────────────────────────────────────────────────────────────────────────────────────────────────────────╯


╭──────────────────────────────────────────────────────────────────────────────────────────────────────────────────────╮
├──────────────────────────────────────────────────── Metric Table ────────────────────────────────────────────────────┤
│ Global Step:   16/250 │ Progress: ██░░░░░░░░░░░░░░░░░░░░░░░░░░░░░░░░░░░░░░ │   6.4%                                  │
│ Elapsed: 32:21 │ ETA: 07:53:14 │ Step Time: 121.343s                                                                 │
├──────────────────────────────────────────────────────── Time ────────────────────────────────────────────────────────┤
│                                                                                                                      │
│actor/actor/compute_adv=5.65e-05       │actor/actor/recv_traj=124.7            │actor/actor/sync_model_to_rollout=0.0…│
│cal_adv_and_returns=0.0032             │env/compute_bootstrap_rewards=0.0017   │env/env/bootstrap_step=32.442         │
│env/env/send_rollout_trajectories=0.495│env/env_interact_step=84.720           │env/interact=124.7                    │
│env/run_interact_once=124.0            │generate_rollouts=124.8                │rollout/generate_one_epoch=123.6      │
│rollout/rollout/generate=123.6         │step=125.3                             │sync_weights=0.470                    │
│                                                                                                                      │
├──────────────────────────────────────────────────── Environment ─────────────────────────────────────────────────────┤
│                                                                                                                      │
│episode_len=200.0                      │num_trajectories=8                     │return=0.0                            │
│reward=0.0                             │success_once=0.0                       │                                      │
│                                                                                                                      │
├─────────────────────────────────────────────────── Replay Buffer ────────────────────────────────────────────────────┤
│                                                                                                                      │
│cache_size=1190.5                      │num_trajectories=1190.5                │total_samples=1190.5                  │
│                                                                                                                      │
├─────────────────────────────────────────────────── Training/Other ───────────────────────────────────────────────────┤
│                                                                                                                      │
│replay/actor_switch_rate=0.0000        │replay/done_rate=0.050                 │replay/intervention_rate=0.0000       │
│replay/intervention_requested_rate=0.0…│replay/record_transition_rate=1.000    │replay/reward_mean=0.0000             │
│replay/reward_positive_rate=0.0000     │replay/transition_count=80.000         │rlt/actor_updates_run=0.0000          │
│rlt/critic_updates_run=0.0000          │rlt/desired_total_updates=0.0000       │rlt/global_min_replay_size=1166.0     │
│rlt/global_total_transitions_added=238…│rlt/global_transitions_since_train=238…│rlt/max_updates_per_train_step=1600.0 │
│rlt/min_replay_buffer_size=10000.0     │rlt/pending_update_budget=0.0000       │rlt/ready_for_online=0.0000           │
│rlt/should_train=0.0000                │rlt/skip_reason=1.000                  │rlt/train_every_episodes=0.0000       │
│rlt/train_every_transitions=1.000      │rlt/update_epoch=5.000                 │rlt/update_step=0.0000                │
│rlt/updates_scheduled=0.0000           │rlt/updates_to_run=0.0000              │rlt/warmup_required_updates=3.00e+04  │
│                                                                                                                      │
╰──────────────────────────────────────────────────────────────────────────────────────────────────────────────────────╯


╭──────────────────────────────────────────────────────────────────────────────────────────────────────────────────────╮
├──────────────────────────────────────────────────── Metric Table ────────────────────────────────────────────────────┤
│ Global Step:   17/250 │ Progress: ██░░░░░░░░░░░░░░░░░░░░░░░░░░░░░░░░░░░░░░ │   6.8%                                  │
│ Elapsed: 34:25 │ ETA: 07:51:52 │ Step Time: 121.513s                                                                 │
├──────────────────────────────────────────────────────── Time ────────────────────────────────────────────────────────┤
│                                                                                                                      │
│actor/actor/compute_adv=3.00e-05       │actor/actor/recv_traj=123.6            │actor/actor/sync_model_to_rollout=0.0…│
│cal_adv_and_returns=0.0033             │env/compute_bootstrap_rewards=0.0017   │env/env/bootstrap_step=31.646         │
│env/env/send_rollout_trajectories=0.437│env/env_interact_step=84.449           │env/interact=123.6                    │
│env/run_interact_once=122.9            │generate_rollouts=123.7                │rollout/generate_one_epoch=122.4      │
│rollout/rollout/generate=122.4         │step=124.2                             │sync_weights=0.499                    │
│                                                                                                                      │
├──────────────────────────────────────────────────── Environment ─────────────────────────────────────────────────────┤
│                                                                                                                      │
│episode_len=200.0                      │num_trajectories=8                     │return=1.25                           │
│reward=0.00625                         │success_once=0.125                     │                                      │
│                                                                                                                      │
├─────────────────────────────────────────────────── Replay Buffer ────────────────────────────────────────────────────┤
│                                                                                                                      │
│cache_size=1266.0                      │num_trajectories=1266.0                │total_samples=1266.0                  │
│                                                                                                                      │
├─────────────────────────────────────────────────── Training/Other ───────────────────────────────────────────────────┤
│                                                                                                                      │
│replay/actor_switch_rate=0.0000        │replay/done_rate=0.053                 │replay/intervention_rate=0.0000       │
│replay/intervention_requested_rate=0.0…│replay/record_transition_rate=1.000    │replay/reward_mean=0.0070             │
│replay/reward_positive_rate=0.0070     │replay/transition_count=75.500         │rlt/actor_updates_run=0.0000          │
│rlt/critic_updates_run=0.0000          │rlt/desired_total_updates=0.0000       │rlt/global_min_replay_size=1237.0     │
│rlt/global_total_transitions_added=253…│rlt/global_transitions_since_train=253…│rlt/max_updates_per_train_step=1600.0 │
│rlt/min_replay_buffer_size=10000.0     │rlt/pending_update_budget=0.0000       │rlt/ready_for_online=0.0000           │
│rlt/should_train=0.0000                │rlt/skip_reason=1.000                  │rlt/train_every_episodes=0.0000       │
│rlt/train_every_transitions=1.000      │rlt/update_epoch=5.000                 │rlt/update_step=0.0000                │
│rlt/updates_scheduled=0.0000           │rlt/updates_to_run=0.0000              │rlt/warmup_required_updates=3.00e+04  │
│                                                                                                                      │
╰──────────────────────────────────────────────────────────────────────────────────────────────────────────────────────╯


╭──────────────────────────────────────────────────────────────────────────────────────────────────────────────────────╮
├──────────────────────────────────────────────────── Metric Table ────────────────────────────────────────────────────┤
│ Global Step:   18/250 │ Progress: ██░░░░░░░░░░░░░░░░░░░░░░░░░░░░░░░░░░░░░░ │   7.2%                                  │
│ Elapsed: 36:25 │ ETA: 07:49:27 │ Step Time: 121.411s                                                                 │
├──────────────────────────────────────────────────────── Time ────────────────────────────────────────────────────────┤
│                                                                                                                      │
│actor/actor/compute_adv=2.61e-05       │actor/actor/recv_traj=119.1            │actor/actor/sync_model_to_rollout=0.0…│
│cal_adv_and_returns=0.0027             │env/compute_bootstrap_rewards=0.0016   │env/env/bootstrap_step=32.050         │
│env/env/send_rollout_trajectories=0.432│env/env_interact_step=79.750           │env/interact=119.1                    │
│env/run_interact_once=118.4            │generate_rollouts=119.2                │rollout/generate_one_epoch=117.9      │
│rollout/rollout/generate=117.9         │step=119.7                             │sync_weights=0.474                    │
│                                                                                                                      │
├──────────────────────────────────────────────────── Environment ─────────────────────────────────────────────────────┤
│                                                                                                                      │
│episode_len=200.0                      │num_trajectories=8                     │return=1.375                          │
│reward=0.006875                        │success_once=0.125                     │                                      │
│                                                                                                                      │
├─────────────────────────────────────────────────── Replay Buffer ────────────────────────────────────────────────────┤
│                                                                                                                      │
│cache_size=1341.0                      │num_trajectories=1341.0                │total_samples=1341.0                  │
│                                                                                                                      │
├─────────────────────────────────────────────────── Training/Other ───────────────────────────────────────────────────┤
│                                                                                                                      │
│replay/actor_switch_rate=0.0000        │replay/done_rate=0.054                 │replay/intervention_rate=0.0000       │
│replay/intervention_requested_rate=0.0…│replay/record_transition_rate=1.000    │replay/reward_mean=0.0071             │
│replay/reward_positive_rate=0.0071     │replay/transition_count=75.000         │rlt/actor_updates_run=0.0000          │
│rlt/critic_updates_run=0.0000          │rlt/desired_total_updates=0.0000       │rlt/global_min_replay_size=1317.0     │
│rlt/global_total_transitions_added=268…│rlt/global_transitions_since_train=268…│rlt/max_updates_per_train_step=1600.0 │
│rlt/min_replay_buffer_size=10000.0     │rlt/pending_update_budget=0.0000       │rlt/ready_for_online=0.0000           │
│rlt/should_train=0.0000                │rlt/skip_reason=1.000                  │rlt/train_every_episodes=0.0000       │
│rlt/train_every_transitions=1.000      │rlt/update_epoch=5.000                 │rlt/update_step=0.0000                │
│rlt/updates_scheduled=0.0000           │rlt/updates_to_run=0.0000              │rlt/warmup_required_updates=3.00e+04  │
│                                                                                                                      │
╰──────────────────────────────────────────────────────────────────────────────────────────────────────────────────────╯


╭──────────────────────────────────────────────────────────────────────────────────────────────────────────────────────╮
├──────────────────────────────────────────────────── Metric Table ────────────────────────────────────────────────────┤
│ Global Step:   19/250 │ Progress: ███░░░░░░░░░░░░░░░░░░░░░░░░░░░░░░░░░░░░░ │   7.6%                                  │
│ Elapsed: 38:20 │ ETA: 07:46:06 │ Step Time: 121.067s                                                                 │
├──────────────────────────────────────────────────────── Time ────────────────────────────────────────────────────────┤
│                                                                                                                      │
│actor/actor/compute_adv=1.32e-05       │actor/actor/recv_traj=114.3            │actor/actor/sync_model_to_rollout=0.0…│
│cal_adv_and_returns=0.0032             │env/compute_bootstrap_rewards=0.0016   │env/env/bootstrap_step=32.145         │
│env/env/send_rollout_trajectories=0.424│env/env_interact_step=75.201           │env/interact=114.3                    │
│env/run_interact_once=113.8            │generate_rollouts=114.4                │rollout/generate_one_epoch=113.3      │
│rollout/rollout/generate=113.3         │step=114.9                             │sync_weights=0.427                    │
│                                                                                                                      │
├──────────────────────────────────────────────────── Environment ─────────────────────────────────────────────────────┤
│                                                                                                                      │
│episode_len=200.0                      │num_trajectories=8                     │return=2.5                            │
│reward=0.0125                          │success_once=0.25                      │                                      │
│                                                                                                                      │
├─────────────────────────────────────────────────── Replay Buffer ────────────────────────────────────────────────────┤
│                                                                                                                      │
│cache_size=1412.0                      │num_trajectories=1412.0                │total_samples=1412.0                  │
│                                                                                                                      │
├─────────────────────────────────────────────────── Training/Other ───────────────────────────────────────────────────┤
│                                                                                                                      │
│replay/actor_switch_rate=0.0000        │replay/done_rate=0.056                 │replay/intervention_rate=0.0000       │
│replay/intervention_requested_rate=0.0…│replay/record_transition_rate=1.000    │replay/reward_mean=0.014              │
│replay/reward_positive_rate=0.014      │replay/transition_count=71.000         │rlt/actor_updates_run=0.0000          │
│rlt/critic_updates_run=0.0000          │rlt/desired_total_updates=0.0000       │rlt/global_min_replay_size=1388.0     │
│rlt/global_total_transitions_added=282…│rlt/global_transitions_since_train=282…│rlt/max_updates_per_train_step=1600.0 │
│rlt/min_replay_buffer_size=10000.0     │rlt/pending_update_budget=0.0000       │rlt/ready_for_online=0.0000           │
│rlt/should_train=0.0000                │rlt/skip_reason=1.000                  │rlt/train_every_episodes=0.0000       │
│rlt/train_every_transitions=1.000      │rlt/update_epoch=5.000                 │rlt/update_step=0.0000                │
│rlt/updates_scheduled=0.0000           │rlt/updates_to_run=0.0000              │rlt/warmup_required_updates=3.00e+04  │
│                                                                                                                      │
╰──────────────────────────────────────────────────────────────────────────────────────────────────────────────────────╯


╭──────────────────────────────────────────────────────────────────────────────────────────────────────────────────────╮
├──────────────────────────────────────────────────── Metric Table ────────────────────────────────────────────────────┤
│ Global Step:   20/250 │ Progress: ███░░░░░░░░░░░░░░░░░░░░░░░░░░░░░░░░░░░░░ │   8.0%                                  │
│ Elapsed: 40:24 │ ETA: 07:44:42 │ Step Time: 121.226s                                                                 │
├──────────────────────────────────────────────────────── Time ────────────────────────────────────────────────────────┤
│                                                                                                                      │
│actor/actor/compute_adv=2.70e-05       │actor/actor/recv_traj=123.7            │actor/actor/sync_model_to_rollout=0.0…│
│cal_adv_and_returns=0.0032             │env/compute_bootstrap_rewards=0.0016   │env/env/bootstrap_step=32.321         │
│env/env/send_rollout_trajectories=0.444│env/env_interact_step=83.882           │env/interact=123.6                    │
│env/run_interact_once=122.9            │generate_rollouts=123.8                │rollout/generate_one_epoch=122.4      │
│rollout/rollout/generate=122.4         │step=124.2                             │sync_weights=0.465                    │
│                                                                                                                      │
├──────────────────────────────────────────────────── Environment ─────────────────────────────────────────────────────┤
│                                                                                                                      │
│episode_len=200.0                      │num_trajectories=8                     │return=0.0                            │
│reward=0.0                             │success_once=0.0                       │                                      │
│                                                                                                                      │
├─────────────────────────────────────────────────── Replay Buffer ────────────────────────────────────────────────────┤
│                                                                                                                      │
│cache_size=1492.0                      │num_trajectories=1492.0                │total_samples=1492.0                  │
│                                                                                                                      │
├─────────────────────────────────────────────────── Training/Other ───────────────────────────────────────────────────┤
│                                                                                                                      │
│replay/actor_switch_rate=0.0000        │replay/done_rate=0.050                 │replay/intervention_rate=0.0000       │
│replay/intervention_requested_rate=0.0…│replay/record_transition_rate=1.000    │replay/reward_mean=0.0000             │
│replay/reward_positive_rate=0.0000     │replay/transition_count=80.000         │rlt/actor_updates_run=0.0000          │
│rlt/critic_updates_run=0.0000          │rlt/desired_total_updates=0.0000       │rlt/global_min_replay_size=1468.0     │
│rlt/global_total_transitions_added=298…│rlt/global_transitions_since_train=298…│rlt/max_updates_per_train_step=1600.0 │
│rlt/min_replay_buffer_size=10000.0     │rlt/pending_update_budget=0.0000       │rlt/ready_for_online=0.0000           │
│rlt/should_train=0.0000                │rlt/skip_reason=1.000                  │rlt/train_every_episodes=0.0000       │
│rlt/train_every_transitions=1.000      │rlt/update_epoch=5.000                 │rlt/update_step=0.0000                │
│rlt/updates_scheduled=0.0000           │rlt/updates_to_run=0.0000              │rlt/warmup_required_updates=3.00e+04  │
│                                                                                                                      │
╰──────────────────────────────────────────────────────────────────────────────────────────────────────────────────────╯


╭──────────────────────────────────────────────────────────────────────────────────────────────────────────────────────╮
├──────────────────────────────────────────────────── Metric Table ────────────────────────────────────────────────────┤
│ Global Step:   21/250 │ Progress: ███░░░░░░░░░░░░░░░░░░░░░░░░░░░░░░░░░░░░░ │   8.4%                                  │
│ Elapsed: 42:34 │ ETA: 07:44:19 │ Step Time: 121.657s                                                                 │
├──────────────────────────────────────────────────────── Time ────────────────────────────────────────────────────────┤
│                                                                                                                      │
│actor/actor/compute_adv=3.11e-05       │actor/actor/recv_traj=129.7            │actor/actor/sync_model_to_rollout=0.0…│
│cal_adv_and_returns=0.0034             │env/compute_bootstrap_rewards=0.0016   │env/env/bootstrap_step=31.897         │
│env/env/send_rollout_trajectories=0.430│env/env_interact_step=89.647           │env/interact=129.7                    │
│env/run_interact_once=129.1            │generate_rollouts=129.8                │rollout/generate_one_epoch=128.6      │
│rollout/rollout/generate=128.6         │step=130.3                             │sync_weights=0.465                    │
│                                                                                                                      │
├──────────────────────────────────────────────────── Environment ─────────────────────────────────────────────────────┤
│                                                                                                                      │
│episode_len=200.0                      │num_trajectories=8                     │return=3.375                          │
│reward=0.016874999                     │success_once=0.375                     │                                      │
│                                                                                                                      │
├─────────────────────────────────────────────────── Replay Buffer ────────────────────────────────────────────────────┤
│                                                                                                                      │
│cache_size=1560.0                      │num_trajectories=1560.0                │total_samples=1560.0                  │
│                                                                                                                      │
├─────────────────────────────────────────────────── Training/Other ───────────────────────────────────────────────────┤
│                                                                                                                      │
│replay/actor_switch_rate=0.0000        │replay/done_rate=0.061                 │replay/intervention_rate=0.0000       │
│replay/intervention_requested_rate=0.0…│replay/record_transition_rate=1.000    │replay/reward_mean=0.027              │
│replay/reward_positive_rate=0.027      │replay/transition_count=68.000         │rlt/actor_updates_run=0.0000          │
│rlt/critic_updates_run=0.0000          │rlt/desired_total_updates=0.0000       │rlt/global_min_replay_size=1548.0     │
│rlt/global_total_transitions_added=312…│rlt/global_transitions_since_train=312…│rlt/max_updates_per_train_step=1600.0 │
│rlt/min_replay_buffer_size=10000.0     │rlt/pending_update_budget=0.0000       │rlt/ready_for_online=0.0000           │
│rlt/should_train=0.0000                │rlt/skip_reason=1.000                  │rlt/train_every_episodes=0.0000       │
│rlt/train_every_transitions=1.000      │rlt/update_epoch=5.000                 │rlt/update_step=0.0000                │
│rlt/updates_scheduled=0.0000           │rlt/updates_to_run=0.0000              │rlt/warmup_required_updates=3.00e+04  │
│                                                                                                                      │
╰──────────────────────────────────────────────────────────────────────────────────────────────────────────────────────╯


╭──────────────────────────────────────────────────────────────────────────────────────────────────────────────────────╮
├──────────────────────────────────────────────────── Metric Table ────────────────────────────────────────────────────┤
│ Global Step:   22/250 │ Progress: ███░░░░░░░░░░░░░░░░░░░░░░░░░░░░░░░░░░░░░ │   8.8%                                  │
│ Elapsed: 44:25 │ ETA: 07:40:25 │ Step Time: 121.163s                                                                 │
├──────────────────────────────────────────────────────── Time ────────────────────────────────────────────────────────┤
│                                                                                                                      │
│actor/actor/compute_adv=1.24e-05       │actor/actor/recv_traj=110.2            │actor/actor/sync_model_to_rollout=0.0…│
│cal_adv_and_returns=0.0027             │env/compute_bootstrap_rewards=0.0015   │env/env/bootstrap_step=31.883         │
│env/env/send_rollout_trajectories=0.438│env/env_interact_step=71.671           │env/interact=110.2                    │
│env/run_interact_once=109.5            │generate_rollouts=110.3                │rollout/generate_one_epoch=109.0      │
│rollout/rollout/generate=109.0         │step=110.8                             │sync_weights=0.461                    │
│                                                                                                                      │
├──────────────────────────────────────────────────── Environment ─────────────────────────────────────────────────────┤
│                                                                                                                      │
│episode_len=200.0                      │num_trajectories=8                     │return=2.625                          │
│reward=0.0131250005                    │success_once=0.25                      │                                      │
│                                                                                                                      │
├─────────────────────────────────────────────────── Replay Buffer ────────────────────────────────────────────────────┤
│                                                                                                                      │
│cache_size=1630.5                      │num_trajectories=1630.5                │total_samples=1630.5                  │
│                                                                                                                      │
├─────────────────────────────────────────────────── Training/Other ───────────────────────────────────────────────────┤
│                                                                                                                      │
│replay/actor_switch_rate=0.0000        │replay/done_rate=0.057                 │replay/intervention_rate=0.0000       │
│replay/intervention_requested_rate=0.0…│replay/record_transition_rate=1.000    │replay/reward_mean=0.014              │
│replay/reward_positive_rate=0.014      │replay/transition_count=70.500         │rlt/actor_updates_run=0.0000          │
│rlt/critic_updates_run=0.0000          │rlt/desired_total_updates=0.0000       │rlt/global_min_replay_size=1619.0     │
│rlt/global_total_transitions_added=326…│rlt/global_transitions_since_train=326…│rlt/max_updates_per_train_step=1600.0 │
│rlt/min_replay_buffer_size=10000.0     │rlt/pending_update_budget=0.0000       │rlt/ready_for_online=0.0000           │
│rlt/should_train=0.0000                │rlt/skip_reason=1.000                  │rlt/train_every_episodes=0.0000       │
│rlt/train_every_transitions=1.000      │rlt/update_epoch=5.000                 │rlt/update_step=0.0000                │
│rlt/updates_scheduled=0.0000           │rlt/updates_to_run=0.0000              │rlt/warmup_required_updates=3.00e+04  │
│                                                                                                                      │
╰──────────────────────────────────────────────────────────────────────────────────────────────────────────────────────╯


╭──────────────────────────────────────────────────────────────────────────────────────────────────────────────────────╮
├──────────────────────────────────────────────────── Metric Table ────────────────────────────────────────────────────┤
│ Global Step:   23/250 │ Progress: ███░░░░░░░░░░░░░░░░░░░░░░░░░░░░░░░░░░░░░ │   9.2%                                  │
│ Elapsed: 46:31 │ ETA: 07:39:14 │ Step Time: 121.385s                                                                 │
├──────────────────────────────────────────────────────── Time ────────────────────────────────────────────────────────┤
│                                                                                                                      │
│actor/actor/compute_adv=2.32e-05       │actor/actor/recv_traj=125.7            │actor/actor/sync_model_to_rollout=0.0…│
│cal_adv_and_returns=0.0031             │env/compute_bootstrap_rewards=0.0016   │env/env/bootstrap_step=32.133         │
│env/env/send_rollout_trajectories=0.431│env/env_interact_step=86.202           │env/interact=125.7                    │
│env/run_interact_once=125.0            │generate_rollouts=125.8                │rollout/generate_one_epoch=124.5      │
│rollout/rollout/generate=124.5         │step=126.3                             │sync_weights=0.491                    │
│                                                                                                                      │
├──────────────────────────────────────────────────── Environment ─────────────────────────────────────────────────────┤
│                                                                                                                      │
│episode_len=200.0                      │num_trajectories=8                     │return=1.25                           │
│reward=0.00625                         │success_once=0.125                     │                                      │
│                                                                                                                      │
├─────────────────────────────────────────────────── Replay Buffer ────────────────────────────────────────────────────┤
│                                                                                                                      │
│cache_size=1706.0                      │num_trajectories=1706.0                │total_samples=1706.0                  │
│                                                                                                                      │
├─────────────────────────────────────────────────── Training/Other ───────────────────────────────────────────────────┤
│                                                                                                                      │
│replay/actor_switch_rate=0.0000        │replay/done_rate=0.053                 │replay/intervention_rate=0.0000       │
│replay/intervention_requested_rate=0.0…│replay/record_transition_rate=1.000    │replay/reward_mean=0.0070             │
│replay/reward_positive_rate=0.0070     │replay/transition_count=75.500         │rlt/actor_updates_run=0.0000          │
│rlt/critic_updates_run=0.0000          │rlt/desired_total_updates=0.0000       │rlt/global_min_replay_size=1690.0     │
│rlt/global_total_transitions_added=341…│rlt/global_transitions_since_train=341…│rlt/max_updates_per_train_step=1600.0 │
│rlt/min_replay_buffer_size=10000.0     │rlt/pending_update_budget=0.0000       │rlt/ready_for_online=0.0000           │
│rlt/should_train=0.0000                │rlt/skip_reason=1.000                  │rlt/train_every_episodes=0.0000       │
│rlt/train_every_transitions=1.000      │rlt/update_epoch=5.000                 │rlt/update_step=0.0000                │
│rlt/updates_scheduled=0.0000           │rlt/updates_to_run=0.0000              │rlt/warmup_required_updates=3.00e+04  │
│                                                                                                                      │
╰──────────────────────────────────────────────────────────────────────────────────────────────────────────────────────╯


╭──────────────────────────────────────────────────────────────────────────────────────────────────────────────────────╮
├──────────────────────────────────────────────────── Metric Table ────────────────────────────────────────────────────┤
│ Global Step:   24/250 │ Progress: ███░░░░░░░░░░░░░░░░░░░░░░░░░░░░░░░░░░░░░ │   9.6%                                  │
│ Elapsed: 48:28 │ ETA: 07:36:29 │ Step Time: 121.194s                                                                 │
├──────────────────────────────────────────────────────── Time ────────────────────────────────────────────────────────┤
│                                                                                                                      │
│actor/actor/compute_adv=2.57e-05       │actor/actor/recv_traj=116.2            │actor/actor/sync_model_to_rollout=0.0…│
│cal_adv_and_returns=0.0029             │env/compute_bootstrap_rewards=0.0017   │env/env/bootstrap_step=32.555         │
│env/env/send_rollout_trajectories=0.428│env/env_interact_step=76.073           │env/interact=116.2                    │
│env/run_interact_once=115.5            │generate_rollouts=116.3                │rollout/generate_one_epoch=115.0      │
│rollout/rollout/generate=115.0         │step=116.8                             │sync_weights=0.484                    │
│                                                                                                                      │
├──────────────────────────────────────────────────── Environment ─────────────────────────────────────────────────────┤
│                                                                                                                      │
│episode_len=200.0                      │num_trajectories=8                     │return=2.25                           │
│reward=0.01125                         │success_once=0.25                      │                                      │
│                                                                                                                      │
├─────────────────────────────────────────────────── Replay Buffer ────────────────────────────────────────────────────┤
│                                                                                                                      │
│cache_size=1778.0                      │num_trajectories=1778.0                │total_samples=1778.0                  │
│                                                                                                                      │
├─────────────────────────────────────────────────── Training/Other ───────────────────────────────────────────────────┤
│                                                                                                                      │
│replay/actor_switch_rate=0.0000        │replay/done_rate=0.056                 │replay/intervention_rate=0.0000       │
│replay/intervention_requested_rate=0.0…│replay/record_transition_rate=1.000    │replay/reward_mean=0.014              │
│replay/reward_positive_rate=0.014      │replay/transition_count=72.000         │rlt/actor_updates_run=0.0000          │
│rlt/critic_updates_run=0.0000          │rlt/desired_total_updates=0.0000       │rlt/global_min_replay_size=1762.0     │
│rlt/global_total_transitions_added=355…│rlt/global_transitions_since_train=355…│rlt/max_updates_per_train_step=1600.0 │
│rlt/min_replay_buffer_size=10000.0     │rlt/pending_update_budget=0.0000       │rlt/ready_for_online=0.0000           │
│rlt/should_train=0.0000                │rlt/skip_reason=1.000                  │rlt/train_every_episodes=0.0000       │
│rlt/train_every_transitions=1.000      │rlt/update_epoch=5.000                 │rlt/update_step=0.0000                │
│rlt/updates_scheduled=0.0000           │rlt/updates_to_run=0.0000              │rlt/warmup_required_updates=3.00e+04  │
│                                                                                                                      │
╰──────────────────────────────────────────────────────────────────────────────────────────────────────────────────────╯


╭──────────────────────────────────────────────────────────────────────────────────────────────────────────────────────╮
├──────────────────────────────────────────────────── Metric Table ────────────────────────────────────────────────────┤
│ Global Step:   25/250 │ Progress: ████░░░░░░░░░░░░░░░░░░░░░░░░░░░░░░░░░░░░ │  10.0%                                  │
│ Elapsed: 55:06 │ ETA: 08:15:55 │ Step Time: 132.248s                                                                 │
├──────────────────────────────────────────────────────── Time ────────────────────────────────────────────────────────┤
│                                                                                                                      │
│actor/actor/compute_adv=1.23e-05       │actor/actor/recv_traj=119.2            │actor/actor/sync_model_to_rollout=0.0…│
│cal_adv_and_returns=0.0030             │env/compute_bootstrap_rewards=0.0016   │env/env/bootstrap_step=31.782         │
│env/env/send_rollout_trajectories=0.434│env/env_interact_step=80.268           │env/interact=119.3                    │
│env/run_interact_once=118.6            │eval=272.8                             │generate_rollouts=119.3               │
│rollout/generate_one_epoch=118.2       │rollout/rollout/generate=118.2         │step=397.5                            │
│sync_weights=0.463                     │                                       │                                      │
│                                                                                                                      │
├──────────────────────────────────────────────────── Environment ─────────────────────────────────────────────────────┤
│                                                                                                                      │
│episode_len=200.0                      │num_trajectories=8                     │return=1.0                            │
│reward=0.005                           │success_once=0.125                     │                                      │
│                                                                                                                      │
├───────────────────────────────────────────────────── Evaluation ─────────────────────────────────────────────────────┤
│                                                                                                                      │
│episode_len=200.0                      │num_trajectories=20                    │return=0.0                            │
│reward=0.0                             │success_at_end=0.0                     │success_once=0.0                      │
│                                                                                                                      │
├─────────────────────────────────────────────────── Replay Buffer ────────────────────────────────────────────────────┤
│                                                                                                                      │
│cache_size=1854.5                      │num_trajectories=1854.5                │total_samples=1854.5                  │
│                                                                                                                      │
├─────────────────────────────────────────────────── Training/Other ───────────────────────────────────────────────────┤
│                                                                                                                      │
│replay/actor_switch_rate=0.0000        │replay/done_rate=0.052                 │replay/intervention_rate=0.0000       │
│replay/intervention_requested_rate=0.0…│replay/record_transition_rate=1.000    │replay/reward_mean=0.0068             │
│replay/reward_positive_rate=0.0068     │replay/transition_count=76.500         │rlt/actor_updates_run=0.0000          │
│rlt/critic_updates_run=0.0000          │rlt/desired_total_updates=0.0000       │rlt/global_min_replay_size=1835.0     │
│rlt/global_total_transitions_added=370…│rlt/global_transitions_since_train=370…│rlt/max_updates_per_train_step=1600.0 │
│rlt/min_replay_buffer_size=10000.0     │rlt/pending_update_budget=0.0000       │rlt/ready_for_online=0.0000           │
│rlt/should_train=0.0000                │rlt/skip_reason=1.000                  │rlt/train_every_episodes=0.0000       │
│rlt/train_every_transitions=1.000      │rlt/update_epoch=5.000                 │rlt/update_step=0.0000                │
│rlt/updates_scheduled=0.0000           │rlt/updates_to_run=0.0000              │rlt/warmup_required_updates=3.00e+04  │
│                                                                                                                      │
╰──────────────────────────────────────────────────────────────────────────────────────────────────────────────────────╯


╭──────────────────────────────────────────────────────────────────────────────────────────────────────────────────────╮
├──────────────────────────────────────────────────── Metric Table ────────────────────────────────────────────────────┤
│ Global Step:   26/250 │ Progress: ████░░░░░░░░░░░░░░░░░░░░░░░░░░░░░░░░░░░░ │  10.4%                                  │
│ Elapsed: 57:03 │ ETA: 08:11:36 │ Step Time: 131.683s                                                                 │
├──────────────────────────────────────────────────────── Time ────────────────────────────────────────────────────────┤
│                                                                                                                      │
│actor/actor/compute_adv=2.65e-05       │actor/actor/recv_traj=117.0            │actor/actor/sync_model_to_rollout=0.0…│
│cal_adv_and_returns=0.0032             │env/compute_bootstrap_rewards=0.0016   │env/env/bootstrap_step=30.614         │
│env/env/send_rollout_trajectories=0.425│env/env_interact_step=79.094           │env/interact=116.9                    │
│env/run_interact_once=116.5            │generate_rollouts=117.1                │rollout/generate_one_epoch=116.1      │
│rollout/rollout/generate=116.1         │step=117.5                             │sync_weights=0.487                    │
│                                                                                                                      │
├──────────────────────────────────────────────────── Environment ─────────────────────────────────────────────────────┤
│                                                                                                                      │
│episode_len=200.0                      │num_trajectories=8                     │return=2.625                          │
│reward=0.0131250005                    │success_once=0.25                      │                                      │
│                                                                                                                      │
├─────────────────────────────────────────────────── Replay Buffer ────────────────────────────────────────────────────┤
│                                                                                                                      │
│cache_size=1925.0                      │num_trajectories=1925.0                │total_samples=1925.0                  │
│                                                                                                                      │
├─────────────────────────────────────────────────── Training/Other ───────────────────────────────────────────────────┤
│                                                                                                                      │
│replay/actor_switch_rate=0.0000        │replay/done_rate=0.057                 │replay/intervention_rate=0.0000       │
│replay/intervention_requested_rate=0.0…│replay/record_transition_rate=1.000    │replay/reward_mean=0.014              │
│replay/reward_positive_rate=0.014      │replay/transition_count=70.500         │rlt/actor_updates_run=0.0000          │
│rlt/critic_updates_run=0.0000          │rlt/desired_total_updates=0.0000       │rlt/global_min_replay_size=1905.0     │
│rlt/global_total_transitions_added=385…│rlt/global_transitions_since_train=385…│rlt/max_updates_per_train_step=1600.0 │
│rlt/min_replay_buffer_size=10000.0     │rlt/pending_update_budget=0.0000       │rlt/ready_for_online=0.0000           │
│rlt/should_train=0.0000                │rlt/skip_reason=1.000                  │rlt/train_every_episodes=0.0000       │
│rlt/train_every_transitions=1.000      │rlt/update_epoch=5.000                 │rlt/update_step=0.0000                │
│rlt/updates_scheduled=0.0000           │rlt/updates_to_run=0.0000              │rlt/warmup_required_updates=3.00e+04  │
│                                                                                                                      │
╰──────────────────────────────────────────────────────────────────────────────────────────────────────────────────────╯


╭──────────────────────────────────────────────────────────────────────────────────────────────────────────────────────╮
├──────────────────────────────────────────────────── Metric Table ────────────────────────────────────────────────────┤
│ Global Step:   27/250 │ Progress: ████░░░░░░░░░░░░░░░░░░░░░░░░░░░░░░░░░░░░ │  10.8%                                  │
│ Elapsed: 58:58 │ ETA: 08:07:01 │ Step Time: 131.038s                                                                 │
├──────────────────────────────────────────────────────── Time ────────────────────────────────────────────────────────┤
│                                                                                                                      │
│actor/actor/compute_adv=2.43e-05       │actor/actor/recv_traj=113.7            │actor/actor/sync_model_to_rollout=0.0…│
│cal_adv_and_returns=0.0030             │env/compute_bootstrap_rewards=0.0015   │env/env/bootstrap_step=30.430         │
│env/env/send_rollout_trajectories=0.425│env/env_interact_step=76.284           │env/interact=113.7                    │
│env/run_interact_once=113.3            │generate_rollouts=113.8                │rollout/generate_one_epoch=112.8      │
│rollout/rollout/generate=112.8         │step=114.2                             │sync_weights=0.462                    │
│                                                                                                                      │
├──────────────────────────────────────────────────── Environment ─────────────────────────────────────────────────────┤
│                                                                                                                      │
│episode_len=200.0                      │num_trajectories=8                     │return=2.5                            │
│reward=0.0125                          │success_once=0.25                      │                                      │
│                                                                                                                      │
├─────────────────────────────────────────────────── Replay Buffer ────────────────────────────────────────────────────┤
│                                                                                                                      │
│cache_size=1996.0                      │num_trajectories=1996.0                │total_samples=1996.0                  │
│                                                                                                                      │
├─────────────────────────────────────────────────── Training/Other ───────────────────────────────────────────────────┤
│                                                                                                                      │
│replay/actor_switch_rate=0.0000        │replay/done_rate=0.056                 │replay/intervention_rate=0.0000       │
│replay/intervention_requested_rate=0.0…│replay/record_transition_rate=1.000    │replay/reward_mean=0.014              │
│replay/reward_positive_rate=0.014      │replay/transition_count=71.000         │rlt/actor_updates_run=0.0000          │
│rlt/critic_updates_run=0.0000          │rlt/desired_total_updates=0.0000       │rlt/global_min_replay_size=1976.0     │
│rlt/global_total_transitions_added=399…│rlt/global_transitions_since_train=399…│rlt/max_updates_per_train_step=1600.0 │
│rlt/min_replay_buffer_size=10000.0     │rlt/pending_update_budget=0.0000       │rlt/ready_for_online=0.0000           │
│rlt/should_train=0.0000                │rlt/skip_reason=1.000                  │rlt/train_every_episodes=0.0000       │
│rlt/train_every_transitions=1.000      │rlt/update_epoch=5.000                 │rlt/update_step=0.0000                │
│rlt/updates_scheduled=0.0000           │rlt/updates_to_run=0.0000              │rlt/warmup_required_updates=3.00e+04  │
│                                                                                                                      │
╰──────────────────────────────────────────────────────────────────────────────────────────────────────────────────────╯


╭──────────────────────────────────────────────────────────────────────────────────────────────────────────────────────╮
├──────────────────────────────────────────────────── Metric Table ────────────────────────────────────────────────────┤
│ Global Step:   28/250 │ Progress: ████░░░░░░░░░░░░░░░░░░░░░░░░░░░░░░░░░░░░ │  11.2%                                  │
│ Elapsed: 01:01:02 │ ETA: 08:03:56 │ Step Time: 130.793s                                                              │
├──────────────────────────────────────────────────────── Time ────────────────────────────────────────────────────────┤
│                                                                                                                      │
│actor/actor/compute_adv=1.11e-05       │actor/actor/recv_traj=123.6            │actor/actor/sync_model_to_rollout=0.0…│
│cal_adv_and_returns=0.0031             │env/compute_bootstrap_rewards=0.0016   │env/env/bootstrap_step=30.309         │
│env/env/send_rollout_trajectories=0.432│env/env_interact_step=86.542           │env/interact=123.6                    │
│env/run_interact_once=123.2            │generate_rollouts=123.7                │rollout/generate_one_epoch=122.7      │
│rollout/rollout/generate=122.7         │step=124.2                             │sync_weights=0.439                    │
│                                                                                                                      │
├──────────────────────────────────────────────────── Environment ─────────────────────────────────────────────────────┤
│                                                                                                                      │
│episode_len=200.0                      │num_trajectories=8                     │return=0.0                            │
│reward=0.0                             │success_once=0.0                       │                                      │
│                                                                                                                      │
├─────────────────────────────────────────────────── Replay Buffer ────────────────────────────────────────────────────┤
│                                                                                                                      │
│cache_size=2076.0                      │num_trajectories=2076.0                │total_samples=2076.0                  │
│                                                                                                                      │
├─────────────────────────────────────────────────── Training/Other ───────────────────────────────────────────────────┤
│                                                                                                                      │
│replay/actor_switch_rate=0.0000        │replay/done_rate=0.050                 │replay/intervention_rate=0.0000       │
│replay/intervention_requested_rate=0.0…│replay/record_transition_rate=1.000    │replay/reward_mean=0.0000             │
│replay/reward_positive_rate=0.0000     │replay/transition_count=80.000         │rlt/actor_updates_run=0.0000          │
│rlt/critic_updates_run=0.0000          │rlt/desired_total_updates=0.0000       │rlt/global_min_replay_size=2056.0     │
│rlt/global_total_transitions_added=415…│rlt/global_transitions_since_train=415…│rlt/max_updates_per_train_step=1600.0 │
│rlt/min_replay_buffer_size=10000.0     │rlt/pending_update_budget=0.0000       │rlt/ready_for_online=0.0000           │
│rlt/should_train=0.0000                │rlt/skip_reason=1.000                  │rlt/train_every_episodes=0.0000       │
│rlt/train_every_transitions=1.000      │rlt/update_epoch=5.000                 │rlt/update_step=0.0000                │
│rlt/updates_scheduled=0.0000           │rlt/updates_to_run=0.0000              │rlt/warmup_required_updates=3.00e+04  │
│                                                                                                                      │
╰──────────────────────────────────────────────────────────────────────────────────────────────────────────────────────╯


╭──────────────────────────────────────────────────────────────────────────────────────────────────────────────────────╮
├──────────────────────────────────────────────────── Metric Table ────────────────────────────────────────────────────┤
│ Global Step:   29/250 │ Progress: ████░░░░░░░░░░░░░░░░░░░░░░░░░░░░░░░░░░░░ │  11.6%                                  │
│ Elapsed: 01:03:05 │ ETA: 08:00:45 │ Step Time: 130.524s                                                              │
├──────────────────────────────────────────────────────── Time ────────────────────────────────────────────────────────┤
│                                                                                                                      │
│actor/actor/compute_adv=2.46e-05       │actor/actor/recv_traj=122.4            │actor/actor/sync_model_to_rollout=0.0…│
│cal_adv_and_returns=0.0028             │env/compute_bootstrap_rewards=0.0016   │env/env/bootstrap_step=30.213         │
│env/env/send_rollout_trajectories=0.441│env/env_interact_step=85.912           │env/interact=122.4                    │
│env/run_interact_once=122.0            │generate_rollouts=122.5                │rollout/generate_one_epoch=121.5      │
│rollout/rollout/generate=121.5         │step=123.0                             │sync_weights=0.456                    │
│                                                                                                                      │
├──────────────────────────────────────────────────── Environment ─────────────────────────────────────────────────────┤
│                                                                                                                      │
│episode_len=200.0                      │num_trajectories=8                     │return=0.0                            │
│reward=0.0                             │success_once=0.0                       │                                      │
│                                                                                                                      │
├─────────────────────────────────────────────────── Replay Buffer ────────────────────────────────────────────────────┤
│                                                                                                                      │
│cache_size=2156.0                      │num_trajectories=2156.0                │total_samples=2156.0                  │
│                                                                                                                      │
├─────────────────────────────────────────────────── Training/Other ───────────────────────────────────────────────────┤
│                                                                                                                      │
│replay/actor_switch_rate=0.0000        │replay/done_rate=0.050                 │replay/intervention_rate=0.0000       │
│replay/intervention_requested_rate=0.0…│replay/record_transition_rate=1.000    │replay/reward_mean=0.0000             │
│replay/reward_positive_rate=0.0000     │replay/transition_count=80.000         │rlt/actor_updates_run=0.0000          │
│rlt/critic_updates_run=0.0000          │rlt/desired_total_updates=0.0000       │rlt/global_min_replay_size=2136.0     │
│rlt/global_total_transitions_added=431…│rlt/global_transitions_since_train=431…│rlt/max_updates_per_train_step=1600.0 │
│rlt/min_replay_buffer_size=10000.0     │rlt/pending_update_budget=0.0000       │rlt/ready_for_online=0.0000           │
│rlt/should_train=0.0000                │rlt/skip_reason=1.000                  │rlt/train_every_episodes=0.0000       │
│rlt/train_every_transitions=1.000      │rlt/update_epoch=5.000                 │rlt/update_step=0.0000                │
│rlt/updates_scheduled=0.0000           │rlt/updates_to_run=0.0000              │rlt/warmup_required_updates=3.00e+04  │
│                                                                                                                      │
╰──────────────────────────────────────────────────────────────────────────────────────────────────────────────────────╯


╭──────────────────────────────────────────────────────────────────────────────────────────────────────────────────────╮
├──────────────────────────────────────────────────── Metric Table ────────────────────────────────────────────────────┤
│ Global Step:   30/250 │ Progress: ████░░░░░░░░░░░░░░░░░░░░░░░░░░░░░░░░░░░░ │  12.0%                                  │
│ Elapsed: 01:05:00 │ ETA: 07:56:44 │ Step Time: 130.022s                                                              │
├──────────────────────────────────────────────────────── Time ────────────────────────────────────────────────────────┤
│                                                                                                                      │
│actor/actor/compute_adv=3.41e-05       │actor/actor/recv_traj=115.0            │actor/actor/sync_model_to_rollout=0.0…│
│cal_adv_and_returns=0.0031             │env/compute_bootstrap_rewards=0.0016   │env/env/bootstrap_step=30.582         │
│env/env/send_rollout_trajectories=0.437│env/env_interact_step=77.071           │env/interact=115.0                    │
│env/run_interact_once=114.6            │generate_rollouts=115.1                │rollout/generate_one_epoch=114.1      │
│rollout/rollout/generate=114.1         │step=115.5                             │sync_weights=0.356                    │
│                                                                                                                      │
├──────────────────────────────────────────────────── Environment ─────────────────────────────────────────────────────┤
│                                                                                                                      │
│episode_len=200.0                      │num_trajectories=8                     │return=3.625                          │
│reward=0.018125                        │success_once=0.375                     │                                      │
│                                                                                                                      │
├─────────────────────────────────────────────────── Replay Buffer ────────────────────────────────────────────────────┤
│                                                                                                                      │
│cache_size=2223.0                      │num_trajectories=2223.0                │total_samples=2223.0                  │
│                                                                                                                      │
├─────────────────────────────────────────────────── Training/Other ───────────────────────────────────────────────────┤
│                                                                                                                      │
│replay/actor_switch_rate=0.0000        │replay/done_rate=0.060                 │replay/intervention_rate=0.0000       │
│replay/intervention_requested_rate=0.0…│replay/record_transition_rate=1.000    │replay/reward_mean=0.023              │
│replay/reward_positive_rate=0.023      │replay/transition_count=67.000         │rlt/actor_updates_run=0.0000          │
│rlt/critic_updates_run=0.0000          │rlt/desired_total_updates=0.0000       │rlt/global_min_replay_size=2208.0     │
│rlt/global_total_transitions_added=444…│rlt/global_transitions_since_train=444…│rlt/max_updates_per_train_step=1600.0 │
│rlt/min_replay_buffer_size=10000.0     │rlt/pending_update_budget=0.0000       │rlt/ready_for_online=0.0000           │
│rlt/should_train=0.0000                │rlt/skip_reason=1.000                  │rlt/train_every_episodes=0.0000       │
│rlt/train_every_transitions=1.000      │rlt/update_epoch=5.000                 │rlt/update_step=0.0000                │
│rlt/updates_scheduled=0.0000           │rlt/updates_to_run=0.0000              │rlt/warmup_required_updates=3.00e+04  │
│                                                                                                                      │
╰──────────────────────────────────────────────────────────────────────────────────────────────────────────────────────╯


╭──────────────────────────────────────────────────────────────────────────────────────────────────────────────────────╮
├──────────────────────────────────────────────────── Metric Table ────────────────────────────────────────────────────┤
│ Global Step:   31/250 │ Progress: ████░░░░░░░░░░░░░░░░░░░░░░░░░░░░░░░░░░░░ │  12.4%                                  │
│ Elapsed: 01:07:02 │ ETA: 07:53:37 │ Step Time: 129.762s                                                              │
├──────────────────────────────────────────────────────── Time ────────────────────────────────────────────────────────┤
│                                                                                                                      │
│actor/actor/compute_adv=2.64e-05       │actor/actor/recv_traj=121.4            │actor/actor/sync_model_to_rollout=0.0…│
│cal_adv_and_returns=0.0032             │env/compute_bootstrap_rewards=0.0017   │env/env/bootstrap_step=29.996         │
│env/env/send_rollout_trajectories=0.438│env/env_interact_step=84.588           │env/interact=121.4                    │
│env/run_interact_once=121.0            │generate_rollouts=121.5                │rollout/generate_one_epoch=120.5      │
│rollout/rollout/generate=120.5         │step=121.9                             │sync_weights=0.450                    │
│                                                                                                                      │
├──────────────────────────────────────────────────── Environment ─────────────────────────────────────────────────────┤
│                                                                                                                      │
│episode_len=200.0                      │num_trajectories=8                     │return=0.0                            │
│reward=0.0                             │success_once=0.0                       │                                      │
│                                                                                                                      │
├─────────────────────────────────────────────────── Replay Buffer ────────────────────────────────────────────────────┤
│                                                                                                                      │
│cache_size=2303.0                      │num_trajectories=2303.0                │total_samples=2303.0                  │
│                                                                                                                      │
├─────────────────────────────────────────────────── Training/Other ───────────────────────────────────────────────────┤
│                                                                                                                      │
│replay/actor_switch_rate=0.0000        │replay/done_rate=0.050                 │replay/intervention_rate=0.0000       │
│replay/intervention_requested_rate=0.0…│replay/record_transition_rate=1.000    │replay/reward_mean=0.0000             │
│replay/reward_positive_rate=0.0000     │replay/transition_count=80.000         │rlt/actor_updates_run=0.0000          │
│rlt/critic_updates_run=0.0000          │rlt/desired_total_updates=0.0000       │rlt/global_min_replay_size=2288.0     │
│rlt/global_total_transitions_added=460…│rlt/global_transitions_since_train=460…│rlt/max_updates_per_train_step=1600.0 │
│rlt/min_replay_buffer_size=10000.0     │rlt/pending_update_budget=0.0000       │rlt/ready_for_online=0.0000           │
│rlt/should_train=0.0000                │rlt/skip_reason=1.000                  │rlt/train_every_episodes=0.0000       │
│rlt/train_every_transitions=1.000      │rlt/update_epoch=5.000                 │rlt/update_step=0.0000                │
│rlt/updates_scheduled=0.0000           │rlt/updates_to_run=0.0000              │rlt/warmup_required_updates=3.00e+04  │
│                                                                                                                      │
╰──────────────────────────────────────────────────────────────────────────────────────────────────────────────────────╯


╭──────────────────────────────────────────────────────────────────────────────────────────────────────────────────────╮
├──────────────────────────────────────────────────── Metric Table ────────────────────────────────────────────────────┤
│ Global Step:   32/250 │ Progress: █████░░░░░░░░░░░░░░░░░░░░░░░░░░░░░░░░░░░ │  12.8%                                  │
│ Elapsed: 01:09:05 │ ETA: 07:50:41 │ Step Time: 129.549s                                                              │
├──────────────────────────────────────────────────────── Time ────────────────────────────────────────────────────────┤
│                                                                                                                      │
│actor/actor/compute_adv=3.03e-05       │actor/actor/recv_traj=122.4            │actor/actor/sync_model_to_rollout=0.0…│
│cal_adv_and_returns=0.0037             │env/compute_bootstrap_rewards=0.0016   │env/env/bootstrap_step=30.622         │
│env/env/send_rollout_trajectories=0.436│env/env_interact_step=86.030           │env/interact=122.4                    │
│env/run_interact_once=122.0            │generate_rollouts=122.6                │rollout/generate_one_epoch=121.5      │
│rollout/rollout/generate=121.5         │step=123.0                             │sync_weights=0.391                    │
│                                                                                                                      │
├──────────────────────────────────────────────────── Environment ─────────────────────────────────────────────────────┤
│                                                                                                                      │
│episode_len=200.0                      │num_trajectories=8                     │return=0.0                            │
│reward=0.0                             │success_once=0.0                       │                                      │
│                                                                                                                      │
├─────────────────────────────────────────────────── Replay Buffer ────────────────────────────────────────────────────┤
│                                                                                                                      │
│cache_size=2383.0                      │num_trajectories=2383.0                │total_samples=2383.0                  │
│                                                                                                                      │
├─────────────────────────────────────────────────── Training/Other ───────────────────────────────────────────────────┤
│                                                                                                                      │
│replay/actor_switch_rate=0.0000        │replay/done_rate=0.050                 │replay/intervention_rate=0.0000       │
│replay/intervention_requested_rate=0.0…│replay/record_transition_rate=1.000    │replay/reward_mean=0.0000             │
│replay/reward_positive_rate=0.0000     │replay/transition_count=80.000         │rlt/actor_updates_run=0.0000          │
│rlt/critic_updates_run=0.0000          │rlt/desired_total_updates=0.0000       │rlt/global_min_replay_size=2368.0     │
│rlt/global_total_transitions_added=476…│rlt/global_transitions_since_train=476…│rlt/max_updates_per_train_step=1600.0 │
│rlt/min_replay_buffer_size=10000.0     │rlt/pending_update_budget=0.0000       │rlt/ready_for_online=0.0000           │
│rlt/should_train=0.0000                │rlt/skip_reason=1.000                  │rlt/train_every_episodes=0.0000       │
│rlt/train_every_transitions=1.000      │rlt/update_epoch=5.000                 │rlt/update_step=0.0000                │
│rlt/updates_scheduled=0.0000           │rlt/updates_to_run=0.0000              │rlt/warmup_required_updates=3.00e+04  │
│                                                                                                                      │
╰──────────────────────────────────────────────────────────────────────────────────────────────────────────────────────╯


╭──────────────────────────────────────────────────────────────────────────────────────────────────────────────────────╮
├──────────────────────────────────────────────────── Metric Table ────────────────────────────────────────────────────┤
│ Global Step:   33/250 │ Progress: █████░░░░░░░░░░░░░░░░░░░░░░░░░░░░░░░░░░░ │  13.2%                                  │
│ Elapsed: 01:11:06 │ ETA: 07:47:34 │ Step Time: 129.284s                                                              │
├──────────────────────────────────────────────────────── Time ────────────────────────────────────────────────────────┤
│                                                                                                                      │
│actor/actor/compute_adv=1.02e-05       │actor/actor/recv_traj=120.2            │actor/actor/sync_model_to_rollout=0.0…│
│cal_adv_and_returns=0.0029             │env/compute_bootstrap_rewards=0.0015   │env/env/bootstrap_step=30.482         │
│env/env/send_rollout_trajectories=0.431│env/env_interact_step=82.857           │env/interact=120.2                    │
│env/run_interact_once=119.7            │generate_rollouts=120.3                │rollout/generate_one_epoch=119.3      │
│rollout/rollout/generate=119.3         │step=120.8                             │sync_weights=0.477                    │
│                                                                                                                      │
├──────────────────────────────────────────────────── Environment ─────────────────────────────────────────────────────┤
│                                                                                                                      │
│episode_len=200.0                      │num_trajectories=8                     │return=0.0                            │
│reward=0.0                             │success_once=0.0                       │                                      │
│                                                                                                                      │
├─────────────────────────────────────────────────── Replay Buffer ────────────────────────────────────────────────────┤
│                                                                                                                      │
│cache_size=2463.0                      │num_trajectories=2463.0                │total_samples=2463.0                  │
│                                                                                                                      │
├─────────────────────────────────────────────────── Training/Other ───────────────────────────────────────────────────┤
│                                                                                                                      │
│replay/actor_switch_rate=0.0000        │replay/done_rate=0.050                 │replay/intervention_rate=0.0000       │
│replay/intervention_requested_rate=0.0…│replay/record_transition_rate=1.000    │replay/reward_mean=0.0000             │
│replay/reward_positive_rate=0.0000     │replay/transition_count=80.000         │rlt/actor_updates_run=0.0000          │
│rlt/critic_updates_run=0.0000          │rlt/desired_total_updates=0.0000       │rlt/global_min_replay_size=2448.0     │
│rlt/global_total_transitions_added=492…│rlt/global_transitions_since_train=492…│rlt/max_updates_per_train_step=1600.0 │
│rlt/min_replay_buffer_size=10000.0     │rlt/pending_update_budget=0.0000       │rlt/ready_for_online=0.0000           │
│rlt/should_train=0.0000                │rlt/skip_reason=1.000                  │rlt/train_every_episodes=0.0000       │
│rlt/train_every_transitions=1.000      │rlt/update_epoch=5.000                 │rlt/update_step=0.0000                │
│rlt/updates_scheduled=0.0000           │rlt/updates_to_run=0.0000              │rlt/warmup_required_updates=3.00e+04  │
│                                                                                                                      │
╰──────────────────────────────────────────────────────────────────────────────────────────────────────────────────────╯


╭──────────────────────────────────────────────────────────────────────────────────────────────────────────────────────╮
├──────────────────────────────────────────────────── Metric Table ────────────────────────────────────────────────────┤
│ Global Step:   34/250 │ Progress: █████░░░░░░░░░░░░░░░░░░░░░░░░░░░░░░░░░░░ │  13.6%                                  │
│ Elapsed: 01:13:07 │ ETA: 07:44:34 │ Step Time: 129.049s                                                              │
├──────────────────────────────────────────────────────── Time ────────────────────────────────────────────────────────┤
│                                                                                                                      │
│actor/actor/compute_adv=2.57e-05       │actor/actor/recv_traj=120.6            │actor/actor/sync_model_to_rollout=0.0…│
│cal_adv_and_returns=0.0033             │env/compute_bootstrap_rewards=0.0017   │env/env/bootstrap_step=30.500         │
│env/env/send_rollout_trajectories=0.440│env/env_interact_step=82.954           │env/interact=120.6                    │
│env/run_interact_once=120.1            │generate_rollouts=120.7                │rollout/generate_one_epoch=119.7      │
│rollout/rollout/generate=119.7         │step=121.3                             │sync_weights=0.576                    │
│                                                                                                                      │
├──────────────────────────────────────────────────── Environment ─────────────────────────────────────────────────────┤
│                                                                                                                      │
│episode_len=200.0                      │num_trajectories=8                     │return=1.25                           │
│reward=0.00625                         │success_once=0.125                     │                                      │
│                                                                                                                      │
├─────────────────────────────────────────────────── Replay Buffer ────────────────────────────────────────────────────┤
│                                                                                                                      │
│cache_size=2538.5                      │num_trajectories=2538.5                │total_samples=2538.5                  │
│                                                                                                                      │
├─────────────────────────────────────────────────── Training/Other ───────────────────────────────────────────────────┤
│                                                                                                                      │
│replay/actor_switch_rate=0.0000        │replay/done_rate=0.053                 │replay/intervention_rate=0.0000       │
│replay/intervention_requested_rate=0.0…│replay/record_transition_rate=1.000    │replay/reward_mean=0.0070             │
│replay/reward_positive_rate=0.0070     │replay/transition_count=75.500         │rlt/actor_updates_run=0.0000          │
│rlt/critic_updates_run=0.0000          │rlt/desired_total_updates=0.0000       │rlt/global_min_replay_size=2519.0     │
│rlt/global_total_transitions_added=507…│rlt/global_transitions_since_train=507…│rlt/max_updates_per_train_step=1600.0 │
│rlt/min_replay_buffer_size=10000.0     │rlt/pending_update_budget=0.0000       │rlt/ready_for_online=0.0000           │
│rlt/should_train=0.0000                │rlt/skip_reason=1.000                  │rlt/train_every_episodes=0.0000       │
│rlt/train_every_transitions=1.000      │rlt/update_epoch=5.000                 │rlt/update_step=0.0000                │
│rlt/updates_scheduled=0.0000           │rlt/updates_to_run=0.0000              │rlt/warmup_required_updates=3.00e+04  │
│                                                                                                                      │
╰──────────────────────────────────────────────────────────────────────────────────────────────────────────────────────╯


╭──────────────────────────────────────────────────────────────────────────────────────────────────────────────────────╮
├──────────────────────────────────────────────────── Metric Table ────────────────────────────────────────────────────┤
│ Global Step:   35/250 │ Progress: █████░░░░░░░░░░░░░░░░░░░░░░░░░░░░░░░░░░░ │  14.0%                                  │
│ Elapsed: 01:15:13 │ ETA: 07:42:03 │ Step Time: 128.948s                                                              │
├──────────────────────────────────────────────────────── Time ────────────────────────────────────────────────────────┤
│                                                                                                                      │
│actor/actor/compute_adv=3.18e-05       │actor/actor/recv_traj=124.9            │actor/actor/sync_model_to_rollout=0.0…│
│cal_adv_and_returns=0.0034             │env/compute_bootstrap_rewards=0.0016   │env/env/bootstrap_step=30.508         │
│env/env/send_rollout_trajectories=0.434│env/env_interact_step=87.305           │env/interact=124.9                    │
│env/run_interact_once=124.4            │generate_rollouts=125.0                │rollout/generate_one_epoch=123.9      │
│rollout/rollout/generate=123.9         │step=125.5                             │sync_weights=0.510                    │
│                                                                                                                      │
├──────────────────────────────────────────────────── Environment ─────────────────────────────────────────────────────┤
│                                                                                                                      │
│episode_len=200.0                      │num_trajectories=8                     │return=0.0                            │
│reward=0.0                             │success_once=0.0                       │                                      │
│                                                                                                                      │
├─────────────────────────────────────────────────── Replay Buffer ────────────────────────────────────────────────────┤
│                                                                                                                      │
│cache_size=2618.5                      │num_trajectories=2618.5                │total_samples=2618.5                  │
│                                                                                                                      │
├─────────────────────────────────────────────────── Training/Other ───────────────────────────────────────────────────┤
│                                                                                                                      │
│replay/actor_switch_rate=0.0000        │replay/done_rate=0.050                 │replay/intervention_rate=0.0000       │
│replay/intervention_requested_rate=0.0…│replay/record_transition_rate=1.000    │replay/reward_mean=0.0000             │
│replay/reward_positive_rate=0.0000     │replay/transition_count=80.000         │rlt/actor_updates_run=0.0000          │
│rlt/critic_updates_run=0.0000          │rlt/desired_total_updates=0.0000       │rlt/global_min_replay_size=2599.0     │
│rlt/global_total_transitions_added=523…│rlt/global_transitions_since_train=523…│rlt/max_updates_per_train_step=1600.0 │
│rlt/min_replay_buffer_size=10000.0     │rlt/pending_update_budget=0.0000       │rlt/ready_for_online=0.0000           │
│rlt/should_train=0.0000                │rlt/skip_reason=1.000                  │rlt/train_every_episodes=0.0000       │
│rlt/train_every_transitions=1.000      │rlt/update_epoch=5.000                 │rlt/update_step=0.0000                │
│rlt/updates_scheduled=0.0000           │rlt/updates_to_run=0.0000              │rlt/warmup_required_updates=3.00e+04  │
│                                                                                                                      │
╰──────────────────────────────────────────────────────────────────────────────────────────────────────────────────────╯


╭──────────────────────────────────────────────────────────────────────────────────────────────────────────────────────╮
├──────────────────────────────────────────────────── Metric Table ────────────────────────────────────────────────────┤
│ Global Step:   36/250 │ Progress: █████░░░░░░░░░░░░░░░░░░░░░░░░░░░░░░░░░░░ │  14.4%                                  │
│ Elapsed: 01:17:06 │ ETA: 07:38:20 │ Step Time: 128.505s                                                              │
├──────────────────────────────────────────────────────── Time ────────────────────────────────────────────────────────┤
│                                                                                                                      │
│actor/actor/compute_adv=1.03e-05       │actor/actor/recv_traj=112.3            │actor/actor/sync_model_to_rollout=0.0…│
│cal_adv_and_returns=0.0029             │env/compute_bootstrap_rewards=0.0019   │env/env/bootstrap_step=30.706         │
│env/env/send_rollout_trajectories=0.444│env/env_interact_step=74.645           │env/interact=112.3                    │
│env/run_interact_once=111.9            │generate_rollouts=112.4                │rollout/generate_one_epoch=111.4      │
│rollout/rollout/generate=111.4         │step=113.0                             │sync_weights=0.537                    │
│                                                                                                                      │
├──────────────────────────────────────────────────── Environment ─────────────────────────────────────────────────────┤
│                                                                                                                      │
│episode_len=200.0                      │num_trajectories=8                     │return=2.75                           │
│reward=0.01375                         │success_once=0.25                      │                                      │
│                                                                                                                      │
├─────────────────────────────────────────────────── Replay Buffer ────────────────────────────────────────────────────┤
│                                                                                                                      │
│cache_size=2688.5                      │num_trajectories=2688.5                │total_samples=2688.5                  │
│                                                                                                                      │
├─────────────────────────────────────────────────── Training/Other ───────────────────────────────────────────────────┤
│                                                                                                                      │
│replay/actor_switch_rate=0.0000        │replay/done_rate=0.057                 │replay/intervention_rate=0.0000       │
│replay/intervention_requested_rate=0.0…│replay/record_transition_rate=1.000    │replay/reward_mean=0.014              │
│replay/reward_positive_rate=0.014      │replay/transition_count=70.000         │rlt/actor_updates_run=0.0000          │
│rlt/critic_updates_run=0.0000          │rlt/desired_total_updates=0.0000       │rlt/global_min_replay_size=2669.0     │
│rlt/global_total_transitions_added=537…│rlt/global_transitions_since_train=537…│rlt/max_updates_per_train_step=1600.0 │
│rlt/min_replay_buffer_size=10000.0     │rlt/pending_update_budget=0.0000       │rlt/ready_for_online=0.0000           │
│rlt/should_train=0.0000                │rlt/skip_reason=1.000                  │rlt/train_every_episodes=0.0000       │
│rlt/train_every_transitions=1.000      │rlt/update_epoch=5.000                 │rlt/update_step=0.0000                │
│rlt/updates_scheduled=0.0000           │rlt/updates_to_run=0.0000              │rlt/warmup_required_updates=3.00e+04  │
│                                                                                                                      │
╰──────────────────────────────────────────────────────────────────────────────────────────────────────────────────────╯


╭──────────────────────────────────────────────────────────────────────────────────────────────────────────────────────╮
├──────────────────────────────────────────────────── Metric Table ────────────────────────────────────────────────────┤
│ Global Step:   37/250 │ Progress: █████░░░░░░░░░░░░░░░░░░░░░░░░░░░░░░░░░░░ │  14.8%                                  │
│ Elapsed: 01:19:03 │ ETA: 07:35:06 │ Step Time: 128.200s                                                              │
├──────────────────────────────────────────────────────── Time ────────────────────────────────────────────────────────┤
│                                                                                                                      │
│actor/actor/compute_adv=2.46e-05       │actor/actor/recv_traj=116.6            │actor/actor/sync_model_to_rollout=0.0…│
│cal_adv_and_returns=0.0029             │env/compute_bootstrap_rewards=0.0017   │env/env/bootstrap_step=30.561         │
│env/env/send_rollout_trajectories=0.430│env/env_interact_step=79.750           │env/interact=116.6                    │
│env/run_interact_once=116.2            │generate_rollouts=116.7                │rollout/generate_one_epoch=115.7      │
│rollout/rollout/generate=115.7         │step=117.2                             │sync_weights=0.482                    │
│                                                                                                                      │
├──────────────────────────────────────────────────── Environment ─────────────────────────────────────────────────────┤
│                                                                                                                      │
│episode_len=200.0                      │num_trajectories=8                     │return=1.25                           │
│reward=0.00625                         │success_once=0.125                     │                                      │
│                                                                                                                      │
├─────────────────────────────────────────────────── Replay Buffer ────────────────────────────────────────────────────┤
│                                                                                                                      │
│cache_size=2764.0                      │num_trajectories=2764.0                │total_samples=2764.0                  │
│                                                                                                                      │
├─────────────────────────────────────────────────── Training/Other ───────────────────────────────────────────────────┤
│                                                                                                                      │
│replay/actor_switch_rate=0.0000        │replay/done_rate=0.053                 │replay/intervention_rate=0.0000       │
│replay/intervention_requested_rate=0.0…│replay/record_transition_rate=1.000    │replay/reward_mean=0.0070             │
│replay/reward_positive_rate=0.0070     │replay/transition_count=75.500         │rlt/actor_updates_run=0.0000          │
│rlt/critic_updates_run=0.0000          │rlt/desired_total_updates=0.0000       │rlt/global_min_replay_size=2749.0     │
│rlt/global_total_transitions_added=552…│rlt/global_transitions_since_train=552…│rlt/max_updates_per_train_step=1600.0 │
│rlt/min_replay_buffer_size=10000.0     │rlt/pending_update_budget=0.0000       │rlt/ready_for_online=0.0000           │
│rlt/should_train=0.0000                │rlt/skip_reason=1.000                  │rlt/train_every_episodes=0.0000       │
│rlt/train_every_transitions=1.000      │rlt/update_epoch=5.000                 │rlt/update_step=0.0000                │
│rlt/updates_scheduled=0.0000           │rlt/updates_to_run=0.0000              │rlt/warmup_required_updates=3.00e+04  │
│                                                                                                                      │
╰──────────────────────────────────────────────────────────────────────────────────────────────────────────────────────╯


╭──────────────────────────────────────────────────────────────────────────────────────────────────────────────────────╮
├──────────────────────────────────────────────────── Metric Table ────────────────────────────────────────────────────┤
│ Global Step:   38/250 │ Progress: ██████░░░░░░░░░░░░░░░░░░░░░░░░░░░░░░░░░░ │  15.2%                                  │
│ Elapsed: 01:21:08 │ ETA: 07:32:42 │ Step Time: 128.126s                                                              │
├──────────────────────────────────────────────────────── Time ────────────────────────────────────────────────────────┤
│                                                                                                                      │
│actor/actor/compute_adv=3.92e-05       │actor/actor/recv_traj=124.8            │actor/actor/sync_model_to_rollout=0.0…│
│cal_adv_and_returns=0.0029             │env/compute_bootstrap_rewards=0.0017   │env/env/bootstrap_step=30.360         │
│env/env/send_rollout_trajectories=0.432│env/env_interact_step=87.745           │env/interact=124.7                    │
│env/run_interact_once=124.4            │generate_rollouts=124.9                │rollout/generate_one_epoch=123.9      │
│rollout/rollout/generate=123.9         │step=125.4                             │sync_weights=0.472                    │
│                                                                                                                      │
├──────────────────────────────────────────────────── Environment ─────────────────────────────────────────────────────┤
│                                                                                                                      │
│episode_len=200.0                      │num_trajectories=8                     │return=2.5                            │
│reward=0.0125                          │success_once=0.25                      │                                      │
│                                                                                                                      │
├─────────────────────────────────────────────────── Replay Buffer ────────────────────────────────────────────────────┤
│                                                                                                                      │
│cache_size=2835.0                      │num_trajectories=2835.0                │total_samples=2835.0                  │
│                                                                                                                      │
├─────────────────────────────────────────────────── Training/Other ───────────────────────────────────────────────────┤
│                                                                                                                      │
│replay/actor_switch_rate=0.0000        │replay/done_rate=0.057                 │replay/intervention_rate=0.0000       │
│replay/intervention_requested_rate=0.0…│replay/record_transition_rate=1.000    │replay/reward_mean=0.016              │
│replay/reward_positive_rate=0.016      │replay/transition_count=71.000         │rlt/actor_updates_run=0.0000          │
│rlt/critic_updates_run=0.0000          │rlt/desired_total_updates=0.0000       │rlt/global_min_replay_size=2829.0     │
│rlt/global_total_transitions_added=567…│rlt/global_transitions_since_train=567…│rlt/max_updates_per_train_step=1600.0 │
│rlt/min_replay_buffer_size=10000.0     │rlt/pending_update_budget=0.0000       │rlt/ready_for_online=0.0000           │
│rlt/should_train=0.0000                │rlt/skip_reason=1.000                  │rlt/train_every_episodes=0.0000       │
│rlt/train_every_transitions=1.000      │rlt/update_epoch=5.000                 │rlt/update_step=0.0000                │
│rlt/updates_scheduled=0.0000           │rlt/updates_to_run=0.0000              │rlt/warmup_required_updates=3.00e+04  │
│                                                                                                                      │
╰──────────────────────────────────────────────────────────────────────────────────────────────────────────────────────╯


╭──────────────────────────────────────────────────────────────────────────────────────────────────────────────────────╮
├──────────────────────────────────────────────────── Metric Table ────────────────────────────────────────────────────┤
│ Global Step:   39/250 │ Progress: ██████░░░░░░░░░░░░░░░░░░░░░░░░░░░░░░░░░░ │  15.6%                                  │
│ Elapsed: 01:23:05 │ ETA: 07:29:30 │ Step Time: 127.823s                                                              │
├──────────────────────────────────────────────────────── Time ────────────────────────────────────────────────────────┤
│                                                                                                                      │
│actor/actor/compute_adv=3.47e-05       │actor/actor/recv_traj=115.8            │actor/actor/sync_model_to_rollout=0.0…│
│cal_adv_and_returns=0.0031             │env/compute_bootstrap_rewards=0.0017   │env/env/bootstrap_step=30.180         │
│env/env/send_rollout_trajectories=0.432│env/env_interact_step=78.043           │env/interact=115.7                    │
│env/run_interact_once=115.3            │generate_rollouts=115.8                │rollout/generate_one_epoch=114.9      │
│rollout/rollout/generate=114.9         │step=116.3                             │sync_weights=0.473                    │
│                                                                                                                      │
├──────────────────────────────────────────────────── Environment ─────────────────────────────────────────────────────┤
│                                                                                                                      │
│episode_len=200.0                      │num_trajectories=8                     │return=2.375                          │
│reward=0.011875                        │success_once=0.25                      │                                      │
│                                                                                                                      │
├─────────────────────────────────────────────────── Replay Buffer ────────────────────────────────────────────────────┤
│                                                                                                                      │
│cache_size=2906.5                      │num_trajectories=2906.5                │total_samples=2906.5                  │
│                                                                                                                      │
├─────────────────────────────────────────────────── Training/Other ───────────────────────────────────────────────────┤
│                                                                                                                      │
│replay/actor_switch_rate=0.0000        │replay/done_rate=0.056                 │replay/intervention_rate=0.0000       │
│replay/intervention_requested_rate=0.0…│replay/record_transition_rate=1.000    │replay/reward_mean=0.014              │
│replay/reward_positive_rate=0.014      │replay/transition_count=71.500         │rlt/actor_updates_run=0.0000          │
│rlt/critic_updates_run=0.0000          │rlt/desired_total_updates=0.0000       │rlt/global_min_replay_size=2900.0     │
│rlt/global_total_transitions_added=581…│rlt/global_transitions_since_train=581…│rlt/max_updates_per_train_step=1600.0 │
│rlt/min_replay_buffer_size=10000.0     │rlt/pending_update_budget=0.0000       │rlt/ready_for_online=0.0000           │
│rlt/should_train=0.0000                │rlt/skip_reason=1.000                  │rlt/train_every_episodes=0.0000       │
│rlt/train_every_transitions=1.000      │rlt/update_epoch=5.000                 │rlt/update_step=0.0000                │
│rlt/updates_scheduled=0.0000           │rlt/updates_to_run=0.0000              │rlt/warmup_required_updates=3.00e+04  │
│                                                                                                                      │
╰──────────────────────────────────────────────────────────────────────────────────────────────────────────────────────╯


╭──────────────────────────────────────────────────────────────────────────────────────────────────────────────────────╮
├──────────────────────────────────────────────────── Metric Table ────────────────────────────────────────────────────┤
│ Global Step:   40/250 │ Progress: ██████░░░░░░░░░░░░░░░░░░░░░░░░░░░░░░░░░░ │  16.0%                                  │
│ Elapsed: 01:25:06 │ ETA: 07:26:50 │ Step Time: 127.668s                                                              │
├──────────────────────────────────────────────────────── Time ────────────────────────────────────────────────────────┤
│                                                                                                                      │
│actor/actor/compute_adv=2.62e-05       │actor/actor/recv_traj=121.0            │actor/actor/sync_model_to_rollout=0.0…│
│cal_adv_and_returns=0.0033             │env/compute_bootstrap_rewards=0.0016   │env/env/bootstrap_step=30.573         │
│env/env/send_rollout_trajectories=0.435│env/env_interact_step=83.411           │env/interact=121.0                    │
│env/run_interact_once=120.5            │generate_rollouts=121.1                │rollout/generate_one_epoch=120.1      │
│rollout/rollout/generate=120.1         │step=121.6                             │sync_weights=0.497                    │
│                                                                                                                      │
├──────────────────────────────────────────────────── Environment ─────────────────────────────────────────────────────┤
│                                                                                                                      │
│episode_len=200.0                      │num_trajectories=8                     │return=1.25                           │
│reward=0.00625                         │success_once=0.125                     │                                      │
│                                                                                                                      │
├─────────────────────────────────────────────────── Replay Buffer ────────────────────────────────────────────────────┤
│                                                                                                                      │
│cache_size=2982.0                      │num_trajectories=2982.0                │total_samples=2982.0                  │
│                                                                                                                      │
├─────────────────────────────────────────────────── Training/Other ───────────────────────────────────────────────────┤
│                                                                                                                      │
│replay/actor_switch_rate=0.0000        │replay/done_rate=0.053                 │replay/intervention_rate=0.0000       │
│replay/intervention_requested_rate=0.0…│replay/record_transition_rate=1.000    │replay/reward_mean=0.0070             │
│replay/reward_positive_rate=0.0070     │replay/transition_count=75.500         │rlt/actor_updates_run=0.0000          │
│rlt/critic_updates_run=0.0000          │rlt/desired_total_updates=0.0000       │rlt/global_min_replay_size=2980.0     │
│rlt/global_total_transitions_added=596…│rlt/global_transitions_since_train=596…│rlt/max_updates_per_train_step=1600.0 │
│rlt/min_replay_buffer_size=10000.0     │rlt/pending_update_budget=0.0000       │rlt/ready_for_online=0.0000           │
│rlt/should_train=0.0000                │rlt/skip_reason=1.000                  │rlt/train_every_episodes=0.0000       │
│rlt/train_every_transitions=1.000      │rlt/update_epoch=5.000                 │rlt/update_step=0.0000                │
│rlt/updates_scheduled=0.0000           │rlt/updates_to_run=0.0000              │rlt/warmup_required_updates=3.00e+04  │
│                                                                                                                      │
╰──────────────────────────────────────────────────────────────────────────────────────────────────────────────────────╯


╭──────────────────────────────────────────────────────────────────────────────────────────────────────────────────────╮
├──────────────────────────────────────────────────── Metric Table ────────────────────────────────────────────────────┤
│ Global Step:   41/250 │ Progress: ██████░░░░░░░░░░░░░░░░░░░░░░░░░░░░░░░░░░ │  16.4%                                  │
│ Elapsed: 01:27:12 │ ETA: 07:24:32 │ Step Time: 127.620s                                                              │
├──────────────────────────────────────────────────────── Time ────────────────────────────────────────────────────────┤
│                                                                                                                      │
│actor/actor/compute_adv=3.71e-05       │actor/actor/recv_traj=125.1            │actor/actor/sync_model_to_rollout=0.0…│
│cal_adv_and_returns=0.0035             │env/compute_bootstrap_rewards=0.0016   │env/env/bootstrap_step=30.221         │
│env/env/send_rollout_trajectories=0.469│env/env_interact_step=87.231           │env/interact=125.1                    │
│env/run_interact_once=124.7            │generate_rollouts=125.2                │rollout/generate_one_epoch=124.1      │
│rollout/rollout/generate=124.1         │step=125.7                             │sync_weights=0.447                    │
│                                                                                                                      │
├──────────────────────────────────────────────────── Environment ─────────────────────────────────────────────────────┤
│                                                                                                                      │
│episode_len=200.0                      │num_trajectories=8                     │return=1.25                           │
│reward=0.00625                         │success_once=0.125                     │                                      │
│                                                                                                                      │
├─────────────────────────────────────────────────── Replay Buffer ────────────────────────────────────────────────────┤
│                                                                                                                      │
│cache_size=3057.5                      │num_trajectories=3057.5                │total_samples=3057.5                  │
│                                                                                                                      │
├─────────────────────────────────────────────────── Training/Other ───────────────────────────────────────────────────┤
│                                                                                                                      │
│replay/actor_switch_rate=0.0000        │replay/done_rate=0.053                 │replay/intervention_rate=0.0000       │
│replay/intervention_requested_rate=0.0…│replay/record_transition_rate=1.000    │replay/reward_mean=0.0070             │
│replay/reward_positive_rate=0.0070     │replay/transition_count=75.500         │rlt/actor_updates_run=0.0000          │
│rlt/critic_updates_run=0.0000          │rlt/desired_total_updates=0.0000       │rlt/global_min_replay_size=3055.0     │
│rlt/global_total_transitions_added=611…│rlt/global_transitions_since_train=611…│rlt/max_updates_per_train_step=1600.0 │
│rlt/min_replay_buffer_size=10000.0     │rlt/pending_update_budget=0.0000       │rlt/ready_for_online=0.0000           │
│rlt/should_train=0.0000                │rlt/skip_reason=1.000                  │rlt/train_every_episodes=0.0000       │
│rlt/train_every_transitions=1.000      │rlt/update_epoch=5.000                 │rlt/update_step=0.0000                │
│rlt/updates_scheduled=0.0000           │rlt/updates_to_run=0.0000              │rlt/warmup_required_updates=3.00e+04  │
│                                                                                                                      │
╰──────────────────────────────────────────────────────────────────────────────────────────────────────────────────────╯


╭──────────────────────────────────────────────────────────────────────────────────────────────────────────────────────╮
├──────────────────────────────────────────────────── Metric Table ────────────────────────────────────────────────────┤
│ Global Step:   42/250 │ Progress: ██████░░░░░░░░░░░░░░░░░░░░░░░░░░░░░░░░░░ │  16.8%                                  │
│ Elapsed: 01:29:11 │ ETA: 07:21:42 │ Step Time: 127.418s                                                              │
├──────────────────────────────────────────────────────── Time ────────────────────────────────────────────────────────┤
│                                                                                                                      │
│actor/actor/compute_adv=1.73e-05       │actor/actor/recv_traj=118.6            │actor/actor/sync_model_to_rollout=0.0…│
│cal_adv_and_returns=0.0031             │env/compute_bootstrap_rewards=0.0016   │env/env/bootstrap_step=30.024         │
│env/env/send_rollout_trajectories=0.536│env/env_interact_step=81.420           │env/interact=118.5                    │
│env/run_interact_once=118.0            │generate_rollouts=118.7                │rollout/generate_one_epoch=117.5      │
│rollout/rollout/generate=117.5         │step=119.1                             │sync_weights=0.450                    │
│                                                                                                                      │
├──────────────────────────────────────────────────── Environment ─────────────────────────────────────────────────────┤
│                                                                                                                      │
│episode_len=200.0                      │num_trajectories=8                     │return=1.25                           │
│reward=0.00625                         │success_once=0.125                     │                                      │
│                                                                                                                      │
├─────────────────────────────────────────────────── Replay Buffer ────────────────────────────────────────────────────┤
│                                                                                                                      │
│cache_size=3133.0                      │num_trajectories=3133.0                │total_samples=3133.0                  │
│                                                                                                                      │
├─────────────────────────────────────────────────── Training/Other ───────────────────────────────────────────────────┤
│                                                                                                                      │
│replay/actor_switch_rate=0.0000        │replay/done_rate=0.053                 │replay/intervention_rate=0.0000       │
│replay/intervention_requested_rate=0.0…│replay/record_transition_rate=1.000    │replay/reward_mean=0.0070             │
│replay/reward_positive_rate=0.0070     │replay/transition_count=75.500         │rlt/actor_updates_run=0.0000          │
│rlt/critic_updates_run=0.0000          │rlt/desired_total_updates=0.0000       │rlt/global_min_replay_size=3131.0     │
│rlt/global_total_transitions_added=626…│rlt/global_transitions_since_train=626…│rlt/max_updates_per_train_step=1600.0 │
│rlt/min_replay_buffer_size=10000.0     │rlt/pending_update_budget=0.0000       │rlt/ready_for_online=0.0000           │
│rlt/should_train=0.0000                │rlt/skip_reason=1.000                  │rlt/train_every_episodes=0.0000       │
│rlt/train_every_transitions=1.000      │rlt/update_epoch=5.000                 │rlt/update_step=0.0000                │
│rlt/updates_scheduled=0.0000           │rlt/updates_to_run=0.0000              │rlt/warmup_required_updates=3.00e+04  │
│                                                                                                                      │
╰──────────────────────────────────────────────────────────────────────────────────────────────────────────────────────╯


╭──────────────────────────────────────────────────────────────────────────────────────────────────────────────────────╮
├──────────────────────────────────────────────────── Metric Table ────────────────────────────────────────────────────┤
│ Global Step:   43/250 │ Progress: ██████░░░░░░░░░░░░░░░░░░░░░░░░░░░░░░░░░░ │  17.2%                                  │
│ Elapsed: 01:31:15 │ ETA: 07:19:16 │ Step Time: 127.327s                                                              │
├──────────────────────────────────────────────────────── Time ────────────────────────────────────────────────────────┤
│                                                                                                                      │
│actor/actor/compute_adv=1.26e-05       │actor/actor/recv_traj=123.0            │actor/actor/sync_model_to_rollout=0.0…│
│cal_adv_and_returns=0.0029             │env/compute_bootstrap_rewards=0.0018   │env/env/bootstrap_step=30.911         │
│env/env/send_rollout_trajectories=0.660│env/env_interact_step=85.127           │env/interact=123.0                    │
│env/run_interact_once=122.5            │generate_rollouts=123.1                │rollout/generate_one_epoch=121.9      │
│rollout/rollout/generate=121.9         │step=123.5                             │sync_weights=0.437                    │
│                                                                                                                      │
├──────────────────────────────────────────────────── Environment ─────────────────────────────────────────────────────┤
│                                                                                                                      │
│episode_len=200.0                      │num_trajectories=8                     │return=1.125                          │
│reward=0.005625                        │success_once=0.125                     │                                      │
│                                                                                                                      │
├─────────────────────────────────────────────────── Replay Buffer ────────────────────────────────────────────────────┤
│                                                                                                                      │
│cache_size=3209.0                      │num_trajectories=3209.0                │total_samples=3209.0                  │
│                                                                                                                      │
├─────────────────────────────────────────────────── Training/Other ───────────────────────────────────────────────────┤
│                                                                                                                      │
│replay/actor_switch_rate=0.0000        │replay/done_rate=0.053                 │replay/intervention_rate=0.0000       │
│replay/intervention_requested_rate=0.0…│replay/record_transition_rate=1.000    │replay/reward_mean=0.0069             │
│replay/reward_positive_rate=0.0069     │replay/transition_count=76.000         │rlt/actor_updates_run=0.0000          │
│rlt/critic_updates_run=0.0000          │rlt/desired_total_updates=0.0000       │rlt/global_min_replay_size=3203.0     │
│rlt/global_total_transitions_added=641…│rlt/global_transitions_since_train=641…│rlt/max_updates_per_train_step=1600.0 │
│rlt/min_replay_buffer_size=10000.0     │rlt/pending_update_budget=0.0000       │rlt/ready_for_online=0.0000           │
│rlt/should_train=0.0000                │rlt/skip_reason=1.000                  │rlt/train_every_episodes=0.0000       │
│rlt/train_every_transitions=1.000      │rlt/update_epoch=5.000                 │rlt/update_step=0.0000                │
│rlt/updates_scheduled=0.0000           │rlt/updates_to_run=0.0000              │rlt/warmup_required_updates=3.00e+04  │
│                                                                                                                      │
╰──────────────────────────────────────────────────────────────────────────────────────────────────────────────────────╯


╭──────────────────────────────────────────────────────────────────────────────────────────────────────────────────────╮
├──────────────────────────────────────────────────── Metric Table ────────────────────────────────────────────────────┤
│ Global Step:   44/250 │ Progress: ███████░░░░░░░░░░░░░░░░░░░░░░░░░░░░░░░░░ │  17.6%                                  │
│ Elapsed: 01:33:16 │ ETA: 07:16:40 │ Step Time: 127.188s                                                              │
├──────────────────────────────────────────────────────── Time ────────────────────────────────────────────────────────┤
│                                                                                                                      │
│actor/actor/compute_adv=1.01e-05       │actor/actor/recv_traj=120.7            │actor/actor/sync_model_to_rollout=0.0…│
│cal_adv_and_returns=0.0025             │env/compute_bootstrap_rewards=0.0017   │env/env/bootstrap_step=30.035         │
│env/env/send_rollout_trajectories=0.641│env/env_interact_step=83.160           │env/interact=120.7                    │
│env/run_interact_once=120.3            │generate_rollouts=120.8                │rollout/generate_one_epoch=119.6      │
│rollout/rollout/generate=119.6         │step=121.2                             │sync_weights=0.415                    │
│                                                                                                                      │
├──────────────────────────────────────────────────── Environment ─────────────────────────────────────────────────────┤
│                                                                                                                      │
│episode_len=200.0                      │num_trajectories=8                     │return=1.25                           │
│reward=0.00625                         │success_once=0.125                     │                                      │
│                                                                                                                      │
├─────────────────────────────────────────────────── Replay Buffer ────────────────────────────────────────────────────┤
│                                                                                                                      │
│cache_size=3284.5                      │num_trajectories=3284.5                │total_samples=3284.5                  │
│                                                                                                                      │
├─────────────────────────────────────────────────── Training/Other ───────────────────────────────────────────────────┤
│                                                                                                                      │
│replay/actor_switch_rate=0.0000        │replay/done_rate=0.053                 │replay/intervention_rate=0.0000       │
│replay/intervention_requested_rate=0.0…│replay/record_transition_rate=1.000    │replay/reward_mean=0.0070             │
│replay/reward_positive_rate=0.0070     │replay/transition_count=75.500         │rlt/actor_updates_run=0.0000          │
│rlt/critic_updates_run=0.0000          │rlt/desired_total_updates=0.0000       │rlt/global_min_replay_size=3283.0     │
│rlt/global_total_transitions_added=656…│rlt/global_transitions_since_train=656…│rlt/max_updates_per_train_step=1600.0 │
│rlt/min_replay_buffer_size=10000.0     │rlt/pending_update_budget=0.0000       │rlt/ready_for_online=0.0000           │
│rlt/should_train=0.0000                │rlt/skip_reason=1.000                  │rlt/train_every_episodes=0.0000       │
│rlt/train_every_transitions=1.000      │rlt/update_epoch=5.000                 │rlt/update_step=0.0000                │
│rlt/updates_scheduled=0.0000           │rlt/updates_to_run=0.0000              │rlt/warmup_required_updates=3.00e+04  │
│                                                                                                                      │
╰──────────────────────────────────────────────────────────────────────────────────────────────────────────────────────╯


╭──────────────────────────────────────────────────────────────────────────────────────────────────────────────────────╮
├──────────────────────────────────────────────────── Metric Table ────────────────────────────────────────────────────┤
│ Global Step:   45/250 │ Progress: ███████░░░░░░░░░░░░░░░░░░░░░░░░░░░░░░░░░ │  18.0%                                  │
│ Elapsed: 01:35:17 │ ETA: 07:14:07 │ Step Time: 127.061s                                                              │
├──────────────────────────────────────────────────────── Time ────────────────────────────────────────────────────────┤
│                                                                                                                      │
│actor/actor/compute_adv=2.84e-05       │actor/actor/recv_traj=120.9            │actor/actor/sync_model_to_rollout=0.0…│
│cal_adv_and_returns=0.0033             │env/compute_bootstrap_rewards=0.0017   │env/env/bootstrap_step=30.558         │
│env/env/send_rollout_trajectories=0.585│env/env_interact_step=83.186           │env/interact=120.9                    │
│env/run_interact_once=120.4            │generate_rollouts=121.0                │rollout/generate_one_epoch=119.8      │
│rollout/rollout/generate=119.8         │step=121.5                             │sync_weights=0.432                    │
│                                                                                                                      │
├──────────────────────────────────────────────────── Environment ─────────────────────────────────────────────────────┤
│                                                                                                                      │
│episode_len=200.0                      │num_trajectories=8                     │return=1.375                          │
│reward=0.006875                        │success_once=0.125                     │                                      │
│                                                                                                                      │
├─────────────────────────────────────────────────── Replay Buffer ────────────────────────────────────────────────────┤
│                                                                                                                      │
│cache_size=3359.5                      │num_trajectories=3359.5                │total_samples=3359.5                  │
│                                                                                                                      │
├─────────────────────────────────────────────────── Training/Other ───────────────────────────────────────────────────┤
│                                                                                                                      │
│replay/actor_switch_rate=0.0000        │replay/done_rate=0.054                 │replay/intervention_rate=0.0000       │
│replay/intervention_requested_rate=0.0…│replay/record_transition_rate=1.000    │replay/reward_mean=0.0071             │
│replay/reward_positive_rate=0.0071     │replay/transition_count=75.000         │rlt/actor_updates_run=0.0000          │
│rlt/critic_updates_run=0.0000          │rlt/desired_total_updates=0.0000       │rlt/global_min_replay_size=3356.0     │
│rlt/global_total_transitions_added=671…│rlt/global_transitions_since_train=671…│rlt/max_updates_per_train_step=1600.0 │
│rlt/min_replay_buffer_size=10000.0     │rlt/pending_update_budget=0.0000       │rlt/ready_for_online=0.0000           │
│rlt/should_train=0.0000                │rlt/skip_reason=1.000                  │rlt/train_every_episodes=0.0000       │
│rlt/train_every_transitions=1.000      │rlt/update_epoch=5.000                 │rlt/update_step=0.0000                │
│rlt/updates_scheduled=0.0000           │rlt/updates_to_run=0.0000              │rlt/warmup_required_updates=3.00e+04  │
│                                                                                                                      │
╰──────────────────────────────────────────────────────────────────────────────────────────────────────────────────────╯


╭──────────────────────────────────────────────────────────────────────────────────────────────────────────────────────╮
├──────────────────────────────────────────────────── Metric Table ────────────────────────────────────────────────────┤
│ Global Step:   46/250 │ Progress: ███████░░░░░░░░░░░░░░░░░░░░░░░░░░░░░░░░░ │  18.4%                                  │
│ Elapsed: 01:37:14 │ ETA: 07:11:15 │ Step Time: 126.842s                                                              │
├──────────────────────────────────────────────────────── Time ────────────────────────────────────────────────────────┤
│                                                                                                                      │
│actor/actor/compute_adv=2.31e-05       │actor/actor/recv_traj=116.5            │actor/actor/sync_model_to_rollout=0.0…│
│cal_adv_and_returns=0.0023             │env/compute_bootstrap_rewards=0.0017   │env/env/bootstrap_step=30.830         │
│env/env/send_rollout_trajectories=0.454│env/env_interact_step=78.738           │env/interact=116.4                    │
│env/run_interact_once=116.0            │generate_rollouts=116.6                │rollout/generate_one_epoch=115.5      │
│rollout/rollout/generate=115.5         │step=117.0                             │sync_weights=0.391                    │
│                                                                                                                      │
├──────────────────────────────────────────────────── Environment ─────────────────────────────────────────────────────┤
│                                                                                                                      │
│episode_len=200.0                      │num_trajectories=8                     │return=2.375                          │
│reward=0.011875                        │success_once=0.25                      │                                      │
│                                                                                                                      │
├─────────────────────────────────────────────────── Replay Buffer ────────────────────────────────────────────────────┤
│                                                                                                                      │
│cache_size=3431.0                      │num_trajectories=3431.0                │total_samples=3431.0                  │
│                                                                                                                      │
├─────────────────────────────────────────────────── Training/Other ───────────────────────────────────────────────────┤
│                                                                                                                      │
│replay/actor_switch_rate=0.0000        │replay/done_rate=0.056                 │replay/intervention_rate=0.0000       │
│replay/intervention_requested_rate=0.0…│replay/record_transition_rate=1.000    │replay/reward_mean=0.014              │
│replay/reward_positive_rate=0.014      │replay/transition_count=71.500         │rlt/actor_updates_run=0.0000          │
│rlt/critic_updates_run=0.0000          │rlt/desired_total_updates=0.0000       │rlt/global_min_replay_size=3427.0     │
│rlt/global_total_transitions_added=686…│rlt/global_transitions_since_train=686…│rlt/max_updates_per_train_step=1600.0 │
│rlt/min_replay_buffer_size=10000.0     │rlt/pending_update_budget=0.0000       │rlt/ready_for_online=0.0000           │
│rlt/should_train=0.0000                │rlt/skip_reason=1.000                  │rlt/train_every_episodes=0.0000       │
│rlt/train_every_transitions=1.000      │rlt/update_epoch=5.000                 │rlt/update_step=0.0000                │
│rlt/updates_scheduled=0.0000           │rlt/updates_to_run=0.0000              │rlt/warmup_required_updates=3.00e+04  │
│                                                                                                                      │
╰──────────────────────────────────────────────────────────────────────────────────────────────────────────────────────╯


╭──────────────────────────────────────────────────────────────────────────────────────────────────────────────────────╮
├──────────────────────────────────────────────────── Metric Table ────────────────────────────────────────────────────┤
│ Global Step:   47/250 │ Progress: ███████░░░░░░░░░░░░░░░░░░░░░░░░░░░░░░░░░ │  18.8%                                  │
│ Elapsed: 01:39:18 │ ETA: 07:08:56 │ Step Time: 126.781s                                                              │
├──────────────────────────────────────────────────────── Time ────────────────────────────────────────────────────────┤
│                                                                                                                      │
│actor/actor/compute_adv=2.42e-05       │actor/actor/recv_traj=123.4            │actor/actor/sync_model_to_rollout=0.0…│
│cal_adv_and_returns=0.0036             │env/compute_bootstrap_rewards=0.0016   │env/env/bootstrap_step=30.538         │
│env/env/send_rollout_trajectories=0.469│env/env_interact_step=85.189           │env/interact=123.4                    │
│env/run_interact_once=123.0            │generate_rollouts=123.5                │rollout/generate_one_epoch=122.5      │
│rollout/rollout/generate=122.5         │step=124.0                             │sync_weights=0.446                    │
│                                                                                                                      │
├──────────────────────────────────────────────────── Environment ─────────────────────────────────────────────────────┤
│                                                                                                                      │
│episode_len=200.0                      │num_trajectories=8                     │return=1.375                          │
│reward=0.006875                        │success_once=0.125                     │                                      │
│                                                                                                                      │
├─────────────────────────────────────────────────── Replay Buffer ────────────────────────────────────────────────────┤
│                                                                                                                      │
│cache_size=3506.0                      │num_trajectories=3506.0                │total_samples=3506.0                  │
│                                                                                                                      │
├─────────────────────────────────────────────────── Training/Other ───────────────────────────────────────────────────┤
│                                                                                                                      │
│replay/actor_switch_rate=0.0000        │replay/done_rate=0.054                 │replay/intervention_rate=0.0000       │
│replay/intervention_requested_rate=0.0…│replay/record_transition_rate=1.000    │replay/reward_mean=0.0071             │
│replay/reward_positive_rate=0.0071     │replay/transition_count=75.000         │rlt/actor_updates_run=0.0000          │
│rlt/critic_updates_run=0.0000          │rlt/desired_total_updates=0.0000       │rlt/global_min_replay_size=3497.0     │
│rlt/global_total_transitions_added=701…│rlt/global_transitions_since_train=701…│rlt/max_updates_per_train_step=1600.0 │
│rlt/min_replay_buffer_size=10000.0     │rlt/pending_update_budget=0.0000       │rlt/ready_for_online=0.0000           │
│rlt/should_train=0.0000                │rlt/skip_reason=1.000                  │rlt/train_every_episodes=0.0000       │
│rlt/train_every_transitions=1.000      │rlt/update_epoch=5.000                 │rlt/update_step=0.0000                │
│rlt/updates_scheduled=0.0000           │rlt/updates_to_run=0.0000              │rlt/warmup_required_updates=3.00e+04  │
│                                                                                                                      │
╰──────────────────────────────────────────────────────────────────────────────────────────────────────────────────────╯


╭──────────────────────────────────────────────────────────────────────────────────────────────────────────────────────╮
├──────────────────────────────────────────────────── Metric Table ────────────────────────────────────────────────────┤
│ Global Step:   48/250 │ Progress: ███████░░░░░░░░░░░░░░░░░░░░░░░░░░░░░░░░░ │  19.2%                                  │
│ Elapsed: 01:41:09 │ ETA: 07:05:41 │ Step Time: 126.442s                                                              │
├──────────────────────────────────────────────────────── Time ────────────────────────────────────────────────────────┤
│                                                                                                                      │
│actor/actor/compute_adv=2.51e-05       │actor/actor/recv_traj=110.0            │actor/actor/sync_model_to_rollout=0.0…│
│cal_adv_and_returns=0.0035             │env/compute_bootstrap_rewards=0.0016   │env/env/bootstrap_step=30.868         │
│env/env/send_rollout_trajectories=0.428│env/env_interact_step=72.532           │env/interact=110.0                    │
│env/run_interact_once=109.6            │generate_rollouts=110.1                │rollout/generate_one_epoch=109.1      │
│rollout/rollout/generate=109.1         │step=110.5                             │sync_weights=0.381                    │
│                                                                                                                      │
├──────────────────────────────────────────────────── Environment ─────────────────────────────────────────────────────┤
│                                                                                                                      │
│episode_len=200.0                      │num_trajectories=8                     │return=3.625                          │
│reward=0.018125                        │success_once=0.375                     │                                      │
│                                                                                                                      │
├─────────────────────────────────────────────────── Replay Buffer ────────────────────────────────────────────────────┤
│                                                                                                                      │
│cache_size=3573.0                      │num_trajectories=3573.0                │total_samples=3573.0                  │
│                                                                                                                      │
├─────────────────────────────────────────────────── Training/Other ───────────────────────────────────────────────────┤
│                                                                                                                      │
│replay/actor_switch_rate=0.0000        │replay/done_rate=0.060                 │replay/intervention_rate=0.0000       │
│replay/intervention_requested_rate=0.0…│replay/record_transition_rate=1.000    │replay/reward_mean=0.023              │
│replay/reward_positive_rate=0.023      │replay/transition_count=67.000         │rlt/actor_updates_run=0.0000          │
│rlt/critic_updates_run=0.0000          │rlt/desired_total_updates=0.0000       │rlt/global_min_replay_size=3560.0     │
│rlt/global_total_transitions_added=714…│rlt/global_transitions_since_train=714…│rlt/max_updates_per_train_step=1600.0 │
│rlt/min_replay_buffer_size=10000.0     │rlt/pending_update_budget=0.0000       │rlt/ready_for_online=0.0000           │
│rlt/should_train=0.0000                │rlt/skip_reason=1.000                  │rlt/train_every_episodes=0.0000       │
│rlt/train_every_transitions=1.000      │rlt/update_epoch=5.000                 │rlt/update_step=0.0000                │
│rlt/updates_scheduled=0.0000           │rlt/updates_to_run=0.0000              │rlt/warmup_required_updates=3.00e+04  │
│                                                                                                                      │
╰──────────────────────────────────────────────────────────────────────────────────────────────────────────────────────╯


╭──────────────────────────────────────────────────────────────────────────────────────────────────────────────────────╮
├──────────────────────────────────────────────────── Metric Table ────────────────────────────────────────────────────┤
│ Global Step:   49/250 │ Progress: ███████░░░░░░░░░░░░░░░░░░░░░░░░░░░░░░░░░ │  19.6%                                  │
│ Elapsed: 01:43:10 │ ETA: 07:03:12 │ Step Time: 126.329s                                                              │
├──────────────────────────────────────────────────────── Time ────────────────────────────────────────────────────────┤
│                                                                                                                      │
│actor/actor/compute_adv=2.82e-05       │actor/actor/recv_traj=120.3            │actor/actor/sync_model_to_rollout=0.0…│
│cal_adv_and_returns=0.0032             │env/compute_bootstrap_rewards=0.0016   │env/env/bootstrap_step=30.795         │
│env/env/send_rollout_trajectories=0.437│env/env_interact_step=82.923           │env/interact=120.3                    │
│env/run_interact_once=119.9            │generate_rollouts=120.4                │rollout/generate_one_epoch=119.4      │
│rollout/rollout/generate=119.4         │step=120.9                             │sync_weights=0.453                    │
│                                                                                                                      │
├──────────────────────────────────────────────────── Environment ─────────────────────────────────────────────────────┤
│                                                                                                                      │
│episode_len=200.0                      │num_trajectories=8                     │return=0.0                            │
│reward=0.0                             │success_once=0.0                       │                                      │
│                                                                                                                      │
├─────────────────────────────────────────────────── Replay Buffer ────────────────────────────────────────────────────┤
│                                                                                                                      │
│cache_size=3653.0                      │num_trajectories=3653.0                │total_samples=3653.0                  │
│                                                                                                                      │
├─────────────────────────────────────────────────── Training/Other ───────────────────────────────────────────────────┤
│                                                                                                                      │
│replay/actor_switch_rate=0.0000        │replay/done_rate=0.050                 │replay/intervention_rate=0.0000       │
│replay/intervention_requested_rate=0.0…│replay/record_transition_rate=1.000    │replay/reward_mean=0.0000             │
│replay/reward_positive_rate=0.0000     │replay/transition_count=80.000         │rlt/actor_updates_run=0.0000          │
│rlt/critic_updates_run=0.0000          │rlt/desired_total_updates=0.0000       │rlt/global_min_replay_size=3640.0     │
│rlt/global_total_transitions_added=730…│rlt/global_transitions_since_train=730…│rlt/max_updates_per_train_step=1600.0 │
│rlt/min_replay_buffer_size=10000.0     │rlt/pending_update_budget=0.0000       │rlt/ready_for_online=0.0000           │
│rlt/should_train=0.0000                │rlt/skip_reason=1.000                  │rlt/train_every_episodes=0.0000       │
│rlt/train_every_transitions=1.000      │rlt/update_epoch=5.000                 │rlt/update_step=0.0000                │
│rlt/updates_scheduled=0.0000           │rlt/updates_to_run=0.0000              │rlt/warmup_required_updates=3.00e+04  │
│                                                                                                                      │
╰──────────────────────────────────────────────────────────────────────────────────────────────────────────────────────╯


╭──────────────────────────────────────────────────────────────────────────────────────────────────────────────────────╮
├──────────────────────────────────────────────────── Metric Table ────────────────────────────────────────────────────┤
│ Global Step:   50/250 │ Progress: ████████░░░░░░░░░░░░░░░░░░░░░░░░░░░░░░░░ │  20.0%                                  │
│ Elapsed: 01:49:49 │ ETA: 07:19:18 │ Step Time: 131.794s                                                              │
├──────────────────────────────────────────────────────── Time ────────────────────────────────────────────────────────┤
│                                                                                                                      │
│actor/actor/compute_adv=2.83e-05       │actor/actor/recv_traj=120.9            │actor/actor/sync_model_to_rollout=0.0…│
│cal_adv_and_returns=0.0021             │env/compute_bootstrap_rewards=0.0016   │env/env/bootstrap_step=30.261         │
│env/env/send_rollout_trajectories=0.439│env/env_interact_step=84.290           │env/interact=120.9                    │
│env/run_interact_once=120.5            │eval=266.2                             │generate_rollouts=121.0               │
│rollout/generate_one_epoch=120.1       │rollout/rollout/generate=120.1         │step=399.5                            │
│sync_weights=0.465                     │                                       │                                      │
│                                                                                                                      │
├──────────────────────────────────────────────────── Environment ─────────────────────────────────────────────────────┤
│                                                                                                                      │
│episode_len=200.0                      │num_trajectories=8                     │return=2.25                           │
│reward=0.01125                         │success_once=0.25                      │                                      │
│                                                                                                                      │
├───────────────────────────────────────────────────── Evaluation ─────────────────────────────────────────────────────┤
│                                                                                                                      │
│episode_len=200.0                      │num_trajectories=20                    │return=0.0                            │
│reward=0.0                             │success_at_end=0.0                     │success_once=0.0                      │
│                                                                                                                      │
├─────────────────────────────────────────────────── Replay Buffer ────────────────────────────────────────────────────┤
│                                                                                                                      │
│cache_size=3725.0                      │num_trajectories=3725.0                │total_samples=3725.0                  │
│                                                                                                                      │
├─────────────────────────────────────────────────── Training/Other ───────────────────────────────────────────────────┤
│                                                                                                                      │
│replay/actor_switch_rate=0.0000        │replay/done_rate=0.056                 │replay/intervention_rate=0.0000       │
│replay/intervention_requested_rate=0.0…│replay/record_transition_rate=1.000    │replay/reward_mean=0.016              │
│replay/reward_positive_rate=0.016      │replay/transition_count=72.000         │rlt/actor_updates_run=0.0000          │
│rlt/critic_updates_run=0.0000          │rlt/desired_total_updates=0.0000       │rlt/global_min_replay_size=3704.0     │
│rlt/global_total_transitions_added=745…│rlt/global_transitions_since_train=745…│rlt/max_updates_per_train_step=1600.0 │
│rlt/min_replay_buffer_size=10000.0     │rlt/pending_update_budget=0.0000       │rlt/ready_for_online=0.0000           │
│rlt/should_train=0.0000                │rlt/skip_reason=1.000                  │rlt/train_every_episodes=0.0000       │
│rlt/train_every_transitions=1.000      │rlt/update_epoch=5.000                 │rlt/update_step=0.0000                │
│rlt/updates_scheduled=0.0000           │rlt/updates_to_run=0.0000              │rlt/warmup_required_updates=3.00e+04  │
│                                                                                                                      │
╰──────────────────────────────────────────────────────────────────────────────────────────────────────────────────────╯


╭──────────────────────────────────────────────────────────────────────────────────────────────────────────────────────╮
├──────────────────────────────────────────────────── Metric Table ────────────────────────────────────────────────────┤
│ Global Step:   51/250 │ Progress: ████████░░░░░░░░░░░░░░░░░░░░░░░░░░░░░░░░ │  20.4%                                  │
│ Elapsed: 01:51:48 │ ETA: 07:16:14 │ Step Time: 131.530s                                                              │
├──────────────────────────────────────────────────────── Time ────────────────────────────────────────────────────────┤
│                                                                                                                      │
│actor/actor/compute_adv=9.51e-06       │actor/actor/recv_traj=117.7            │actor/actor/sync_model_to_rollout=0.0…│
│cal_adv_and_returns=0.0028             │env/compute_bootstrap_rewards=0.0016   │env/env/bootstrap_step=30.863         │
│env/env/send_rollout_trajectories=0.432│env/env_interact_step=79.266           │env/interact=117.7                    │
│env/run_interact_once=117.2            │generate_rollouts=117.8                │rollout/generate_one_epoch=116.8      │
│rollout/rollout/generate=116.8         │step=118.3                             │sync_weights=0.479                    │
│                                                                                                                      │
├──────────────────────────────────────────────────── Environment ─────────────────────────────────────────────────────┤
│                                                                                                                      │
│episode_len=200.0                      │num_trajectories=8                     │return=0.0                            │
│reward=0.0                             │success_once=0.0                       │                                      │
│                                                                                                                      │
├─────────────────────────────────────────────────── Replay Buffer ────────────────────────────────────────────────────┤
│                                                                                                                      │
│cache_size=3805.0                      │num_trajectories=3805.0                │total_samples=3805.0                  │
│                                                                                                                      │
├─────────────────────────────────────────────────── Training/Other ───────────────────────────────────────────────────┤
│                                                                                                                      │
│replay/actor_switch_rate=0.0000        │replay/done_rate=0.050                 │replay/intervention_rate=0.0000       │
│replay/intervention_requested_rate=0.0…│replay/record_transition_rate=1.000    │replay/reward_mean=0.0000             │
│replay/reward_positive_rate=0.0000     │replay/transition_count=80.000         │rlt/actor_updates_run=0.0000          │
│rlt/critic_updates_run=0.0000          │rlt/desired_total_updates=0.0000       │rlt/global_min_replay_size=3784.0     │
│rlt/global_total_transitions_added=761…│rlt/global_transitions_since_train=761…│rlt/max_updates_per_train_step=1600.0 │
│rlt/min_replay_buffer_size=10000.0     │rlt/pending_update_budget=0.0000       │rlt/ready_for_online=0.0000           │
│rlt/should_train=0.0000                │rlt/skip_reason=1.000                  │rlt/train_every_episodes=0.0000       │
│rlt/train_every_transitions=1.000      │rlt/update_epoch=5.000                 │rlt/update_step=0.0000                │
│rlt/updates_scheduled=0.0000           │rlt/updates_to_run=0.0000              │rlt/warmup_required_updates=3.00e+04  │
│                                                                                                                      │
╰──────────────────────────────────────────────────────────────────────────────────────────────────────────────────────╯


╭──────────────────────────────────────────────────────────────────────────────────────────────────────────────────────╮
├──────────────────────────────────────────────────── Metric Table ────────────────────────────────────────────────────┤
│ Global Step:   52/250 │ Progress: ████████░░░░░░░░░░░░░░░░░░░░░░░░░░░░░░░░ │  20.8%                                  │
│ Elapsed: 01:53:47 │ ETA: 07:13:18 │ Step Time: 131.305s                                                              │
├──────────────────────────────────────────────────────── Time ────────────────────────────────────────────────────────┤
│                                                                                                                      │
│actor/actor/compute_adv=2.32e-05       │actor/actor/recv_traj=119.3            │actor/actor/sync_model_to_rollout=0.0…│
│cal_adv_and_returns=0.0030             │env/compute_bootstrap_rewards=0.0015   │env/env/bootstrap_step=30.419         │
│env/env/send_rollout_trajectories=0.435│env/env_interact_step=81.482           │env/interact=119.2                    │
│env/run_interact_once=118.8            │generate_rollouts=119.4                │rollout/generate_one_epoch=118.3      │
│rollout/rollout/generate=118.3         │step=119.8                             │sync_weights=0.465                    │
│                                                                                                                      │
├──────────────────────────────────────────────────── Environment ─────────────────────────────────────────────────────┤
│                                                                                                                      │
│episode_len=200.0                      │num_trajectories=8                     │return=1.25                           │
│reward=0.00625                         │success_once=0.125                     │                                      │
│                                                                                                                      │
├─────────────────────────────────────────────────── Replay Buffer ────────────────────────────────────────────────────┤
│                                                                                                                      │
│cache_size=3880.5                      │num_trajectories=3880.5                │total_samples=3880.5                  │
│                                                                                                                      │
├─────────────────────────────────────────────────── Training/Other ───────────────────────────────────────────────────┤
│                                                                                                                      │
│replay/actor_switch_rate=0.0000        │replay/done_rate=0.053                 │replay/intervention_rate=0.0000       │
│replay/intervention_requested_rate=0.0…│replay/record_transition_rate=1.000    │replay/reward_mean=0.0070             │
│replay/reward_positive_rate=0.0070     │replay/transition_count=75.500         │rlt/actor_updates_run=0.0000          │
│rlt/critic_updates_run=0.0000          │rlt/desired_total_updates=0.0000       │rlt/global_min_replay_size=3864.0     │
│rlt/global_total_transitions_added=776…│rlt/global_transitions_since_train=776…│rlt/max_updates_per_train_step=1600.0 │
│rlt/min_replay_buffer_size=10000.0     │rlt/pending_update_budget=0.0000       │rlt/ready_for_online=0.0000           │
│rlt/should_train=0.0000                │rlt/skip_reason=1.000                  │rlt/train_every_episodes=0.0000       │
│rlt/train_every_transitions=1.000      │rlt/update_epoch=5.000                 │rlt/update_step=0.0000                │
│rlt/updates_scheduled=0.0000           │rlt/updates_to_run=0.0000              │rlt/warmup_required_updates=3.00e+04  │
│                                                                                                                      │
╰──────────────────────────────────────────────────────────────────────────────────────────────────────────────────────╯


╭──────────────────────────────────────────────────────────────────────────────────────────────────────────────────────╮
├──────────────────────────────────────────────────── Metric Table ────────────────────────────────────────────────────┤
│ Global Step:   53/250 │ Progress: ████████░░░░░░░░░░░░░░░░░░░░░░░░░░░░░░░░ │  21.2%                                  │
│ Elapsed: 01:55:44 │ ETA: 07:10:12 │ Step Time: 131.027s                                                              │
├──────────────────────────────────────────────────────── Time ────────────────────────────────────────────────────────┤
│                                                                                                                      │
│actor/actor/compute_adv=2.90e-05       │actor/actor/recv_traj=116.0            │actor/actor/sync_model_to_rollout=0.0…│
│cal_adv_and_returns=0.0031             │env/compute_bootstrap_rewards=0.0015   │env/env/bootstrap_step=30.484         │
│env/env/send_rollout_trajectories=0.428│env/env_interact_step=78.086           │env/interact=116.0                    │
│env/run_interact_once=115.6            │generate_rollouts=116.1                │rollout/generate_one_epoch=115.1      │
│rollout/rollout/generate=115.1         │step=116.6                             │sync_weights=0.445                    │
│                                                                                                                      │
├──────────────────────────────────────────────────── Environment ─────────────────────────────────────────────────────┤
│                                                                                                                      │
│episode_len=200.0                      │num_trajectories=8                     │return=2.625                          │
│reward=0.0131250005                    │success_once=0.25                      │                                      │
│                                                                                                                      │
├─────────────────────────────────────────────────── Replay Buffer ────────────────────────────────────────────────────┤
│                                                                                                                      │
│cache_size=3951.0                      │num_trajectories=3951.0                │total_samples=3951.0                  │
│                                                                                                                      │
├─────────────────────────────────────────────────── Training/Other ───────────────────────────────────────────────────┤
│                                                                                                                      │
│replay/actor_switch_rate=0.0000        │replay/done_rate=0.057                 │replay/intervention_rate=0.0000       │
│replay/intervention_requested_rate=0.0…│replay/record_transition_rate=1.000    │replay/reward_mean=0.014              │
│replay/reward_positive_rate=0.014      │replay/transition_count=70.500         │rlt/actor_updates_run=0.0000          │
│rlt/critic_updates_run=0.0000          │rlt/desired_total_updates=0.0000       │rlt/global_min_replay_size=3934.0     │
│rlt/global_total_transitions_added=790…│rlt/global_transitions_since_train=790…│rlt/max_updates_per_train_step=1600.0 │
│rlt/min_replay_buffer_size=10000.0     │rlt/pending_update_budget=0.0000       │rlt/ready_for_online=0.0000           │
│rlt/should_train=0.0000                │rlt/skip_reason=1.000                  │rlt/train_every_episodes=0.0000       │
│rlt/train_every_transitions=1.000      │rlt/update_epoch=5.000                 │rlt/update_step=0.0000                │
│rlt/updates_scheduled=0.0000           │rlt/updates_to_run=0.0000              │rlt/warmup_required_updates=3.00e+04  │
│                                                                                                                      │
╰──────────────────────────────────────────────────────────────────────────────────────────────────────────────────────╯


╭──────────────────────────────────────────────────────────────────────────────────────────────────────────────────────╮
├──────────────────────────────────────────────────── Metric Table ────────────────────────────────────────────────────┤
│ Global Step:   54/250 │ Progress: ████████░░░░░░░░░░░░░░░░░░░░░░░░░░░░░░░░ │  21.6%                                  │
│ Elapsed: 01:57:47 │ ETA: 07:07:34 │ Step Time: 130.888s                                                              │
├──────────────────────────────────────────────────────── Time ────────────────────────────────────────────────────────┤
│                                                                                                                      │
│actor/actor/compute_adv=3.18e-05       │actor/actor/recv_traj=122.9            │actor/actor/sync_model_to_rollout=0.0…│
│cal_adv_and_returns=0.0031             │env/compute_bootstrap_rewards=0.0015   │env/env/bootstrap_step=30.487         │
│env/env/send_rollout_trajectories=0.426│env/env_interact_step=85.956           │env/interact=122.9                    │
│env/run_interact_once=122.6            │generate_rollouts=123.0                │rollout/generate_one_epoch=122.1      │
│rollout/rollout/generate=122.1         │step=123.5                             │sync_weights=0.447                    │
│                                                                                                                      │
├──────────────────────────────────────────────────── Environment ─────────────────────────────────────────────────────┤
│                                                                                                                      │
│episode_len=200.0                      │num_trajectories=8                     │return=0.0                            │
│reward=0.0                             │success_once=0.0                       │                                      │
│                                                                                                                      │
├─────────────────────────────────────────────────── Replay Buffer ────────────────────────────────────────────────────┤
│                                                                                                                      │
│cache_size=4031.0                      │num_trajectories=4031.0                │total_samples=4031.0                  │
│                                                                                                                      │
├─────────────────────────────────────────────────── Training/Other ───────────────────────────────────────────────────┤
│                                                                                                                      │
│replay/actor_switch_rate=0.0000        │replay/done_rate=0.050                 │replay/intervention_rate=0.0000       │
│replay/intervention_requested_rate=0.0…│replay/record_transition_rate=1.000    │replay/reward_mean=0.0000             │
│replay/reward_positive_rate=0.0000     │replay/transition_count=80.000         │rlt/actor_updates_run=0.0000          │
│rlt/critic_updates_run=0.0000          │rlt/desired_total_updates=0.0000       │rlt/global_min_replay_size=4014.0     │
│rlt/global_total_transitions_added=806…│rlt/global_transitions_since_train=806…│rlt/max_updates_per_train_step=1600.0 │
│rlt/min_replay_buffer_size=10000.0     │rlt/pending_update_budget=0.0000       │rlt/ready_for_online=0.0000           │
│rlt/should_train=0.0000                │rlt/skip_reason=1.000                  │rlt/train_every_episodes=0.0000       │
│rlt/train_every_transitions=1.000      │rlt/update_epoch=5.000                 │rlt/update_step=0.0000                │
│rlt/updates_scheduled=0.0000           │rlt/updates_to_run=0.0000              │rlt/warmup_required_updates=3.00e+04  │
│                                                                                                                      │
╰──────────────────────────────────────────────────────────────────────────────────────────────────────────────────────╯


╭──────────────────────────────────────────────────────────────────────────────────────────────────────────────────────╮
├──────────────────────────────────────────────────── Metric Table ────────────────────────────────────────────────────┤
│ Global Step:   55/250 │ Progress: ████████░░░░░░░░░░░░░░░░░░░░░░░░░░░░░░░░ │  22.0%                                  │
│ Elapsed: 01:59:44 │ ETA: 07:04:33 │ Step Time: 130.633s                                                              │
├──────────────────────────────────────────────────────── Time ────────────────────────────────────────────────────────┤
│                                                                                                                      │
│actor/actor/compute_adv=2.04e-05       │actor/actor/recv_traj=116.3            │actor/actor/sync_model_to_rollout=0.0…│
│cal_adv_and_returns=0.0029             │env/compute_bootstrap_rewards=0.0015   │env/env/bootstrap_step=30.283         │
│env/env/send_rollout_trajectories=0.452│env/env_interact_step=78.719           │env/interact=116.3                    │
│env/run_interact_once=115.8            │generate_rollouts=116.4                │rollout/generate_one_epoch=115.3      │
│rollout/rollout/generate=115.3         │step=116.8                             │sync_weights=0.435                    │
│                                                                                                                      │
├──────────────────────────────────────────────────── Environment ─────────────────────────────────────────────────────┤
│                                                                                                                      │
│episode_len=200.0                      │num_trajectories=8                     │return=1.125                          │
│reward=0.005625                        │success_once=0.125                     │                                      │
│                                                                                                                      │
├─────────────────────────────────────────────────── Replay Buffer ────────────────────────────────────────────────────┤
│                                                                                                                      │
│cache_size=4107.0                      │num_trajectories=4107.0                │total_samples=4107.0                  │
│                                                                                                                      │
├─────────────────────────────────────────────────── Training/Other ───────────────────────────────────────────────────┤
│                                                                                                                      │
│replay/actor_switch_rate=0.0000        │replay/done_rate=0.053                 │replay/intervention_rate=0.0000       │
│replay/intervention_requested_rate=0.0…│replay/record_transition_rate=1.000    │replay/reward_mean=0.0069             │
│replay/reward_positive_rate=0.0069     │replay/transition_count=76.000         │rlt/actor_updates_run=0.0000          │
│rlt/critic_updates_run=0.0000          │rlt/desired_total_updates=0.0000       │rlt/global_min_replay_size=4094.0     │
│rlt/global_total_transitions_added=821…│rlt/global_transitions_since_train=821…│rlt/max_updates_per_train_step=1600.0 │
│rlt/min_replay_buffer_size=10000.0     │rlt/pending_update_budget=0.0000       │rlt/ready_for_online=0.0000           │
│rlt/should_train=0.0000                │rlt/skip_reason=1.000                  │rlt/train_every_episodes=0.0000       │
│rlt/train_every_transitions=1.000      │rlt/update_epoch=5.000                 │rlt/update_step=0.0000                │
│rlt/updates_scheduled=0.0000           │rlt/updates_to_run=0.0000              │rlt/warmup_required_updates=3.00e+04  │
│                                                                                                                      │
╰──────────────────────────────────────────────────────────────────────────────────────────────────────────────────────╯


╭──────────────────────────────────────────────────────────────────────────────────────────────────────────────────────╮
├──────────────────────────────────────────────────── Metric Table ────────────────────────────────────────────────────┤
│ Global Step:   56/250 │ Progress: ████████░░░░░░░░░░░░░░░░░░░░░░░░░░░░░░░░ │  22.4%                                  │
│ Elapsed: 02:01:41 │ ETA: 07:01:32 │ Step Time: 130.375s                                                              │
├──────────────────────────────────────────────────────── Time ────────────────────────────────────────────────────────┤
│                                                                                                                      │
│actor/actor/compute_adv=2.62e-05       │actor/actor/recv_traj=115.6            │actor/actor/sync_model_to_rollout=0.0…│
│cal_adv_and_returns=0.0030             │env/compute_bootstrap_rewards=0.0015   │env/env/bootstrap_step=31.216         │
│env/env/send_rollout_trajectories=0.431│env/env_interact_step=77.286           │env/interact=115.6                    │
│env/run_interact_once=115.3            │generate_rollouts=115.7                │rollout/generate_one_epoch=114.8      │
│rollout/rollout/generate=114.8         │step=116.2                             │sync_weights=0.468                    │
│                                                                                                                      │
├──────────────────────────────────────────────────── Environment ─────────────────────────────────────────────────────┤
│                                                                                                                      │
│episode_len=200.0                      │num_trajectories=8                     │return=2.375                          │
│reward=0.011875                        │success_once=0.25                      │                                      │
│                                                                                                                      │
├─────────────────────────────────────────────────── Replay Buffer ────────────────────────────────────────────────────┤
│                                                                                                                      │
│cache_size=4178.5                      │num_trajectories=4178.5                │total_samples=4178.5                  │
│                                                                                                                      │
├─────────────────────────────────────────────────── Training/Other ───────────────────────────────────────────────────┤
│                                                                                                                      │
│replay/actor_switch_rate=0.0000        │replay/done_rate=0.056                 │replay/intervention_rate=0.0000       │
│replay/intervention_requested_rate=0.0…│replay/record_transition_rate=1.000    │replay/reward_mean=0.014              │
│replay/reward_positive_rate=0.014      │replay/transition_count=71.500         │rlt/actor_updates_run=0.0000          │
│rlt/critic_updates_run=0.0000          │rlt/desired_total_updates=0.0000       │rlt/global_min_replay_size=4166.0     │
│rlt/global_total_transitions_added=835…│rlt/global_transitions_since_train=835…│rlt/max_updates_per_train_step=1600.0 │
│rlt/min_replay_buffer_size=10000.0     │rlt/pending_update_budget=0.0000       │rlt/ready_for_online=0.0000           │
│rlt/should_train=0.0000                │rlt/skip_reason=1.000                  │rlt/train_every_episodes=0.0000       │
│rlt/train_every_transitions=1.000      │rlt/update_epoch=5.000                 │rlt/update_step=0.0000                │
│rlt/updates_scheduled=0.0000           │rlt/updates_to_run=0.0000              │rlt/warmup_required_updates=3.00e+04  │
│                                                                                                                      │
╰──────────────────────────────────────────────────────────────────────────────────────────────────────────────────────╯


╭──────────────────────────────────────────────────────────────────────────────────────────────────────────────────────╮
├──────────────────────────────────────────────────── Metric Table ────────────────────────────────────────────────────┤
│ Global Step:   57/250 │ Progress: █████████░░░░░░░░░░░░░░░░░░░░░░░░░░░░░░░ │  22.8%                                  │
│ Elapsed: 02:03:33 │ ETA: 06:58:21 │ Step Time: 130.061s                                                              │
├──────────────────────────────────────────────────────── Time ────────────────────────────────────────────────────────┤
│                                                                                                                      │
│actor/actor/compute_adv=2.03e-05       │actor/actor/recv_traj=111.9            │actor/actor/sync_model_to_rollout=0.0…│
│cal_adv_and_returns=0.0033             │env/compute_bootstrap_rewards=0.0016   │env/env/bootstrap_step=30.641         │
│env/env/send_rollout_trajectories=0.448│env/env_interact_step=74.352           │env/interact=111.9                    │
│env/run_interact_once=111.4            │generate_rollouts=112.0                │rollout/generate_one_epoch=110.9      │
│rollout/rollout/generate=110.9         │step=112.5                             │sync_weights=0.462                    │
│                                                                                                                      │
├──────────────────────────────────────────────────── Environment ─────────────────────────────────────────────────────┤
│                                                                                                                      │
│episode_len=200.0                      │num_trajectories=8                     │return=2.375                          │
│reward=0.011875                        │success_once=0.25                      │                                      │
│                                                                                                                      │
├─────────────────────────────────────────────────── Replay Buffer ────────────────────────────────────────────────────┤
│                                                                                                                      │
│cache_size=4250.0                      │num_trajectories=4250.0                │total_samples=4250.0                  │
│                                                                                                                      │
├─────────────────────────────────────────────────── Training/Other ───────────────────────────────────────────────────┤
│                                                                                                                      │
│replay/actor_switch_rate=0.0000        │replay/done_rate=0.056                 │replay/intervention_rate=0.0000       │
│replay/intervention_requested_rate=0.0…│replay/record_transition_rate=1.000    │replay/reward_mean=0.014              │
│replay/reward_positive_rate=0.014      │replay/transition_count=71.500         │rlt/actor_updates_run=0.0000          │
│rlt/critic_updates_run=0.0000          │rlt/desired_total_updates=0.0000       │rlt/global_min_replay_size=4237.0     │
│rlt/global_total_transitions_added=850…│rlt/global_transitions_since_train=850…│rlt/max_updates_per_train_step=1600.0 │
│rlt/min_replay_buffer_size=10000.0     │rlt/pending_update_budget=0.0000       │rlt/ready_for_online=0.0000           │
│rlt/should_train=0.0000                │rlt/skip_reason=1.000                  │rlt/train_every_episodes=0.0000       │
│rlt/train_every_transitions=1.000      │rlt/update_epoch=5.000                 │rlt/update_step=0.0000                │
│rlt/updates_scheduled=0.0000           │rlt/updates_to_run=0.0000              │rlt/warmup_required_updates=3.00e+04  │
│                                                                                                                      │
╰──────────────────────────────────────────────────────────────────────────────────────────────────────────────────────╯


╭──────────────────────────────────────────────────────────────────────────────────────────────────────────────────────╮
├──────────────────────────────────────────────────── Metric Table ────────────────────────────────────────────────────┤
│ Global Step:   58/250 │ Progress: █████████░░░░░░░░░░░░░░░░░░░░░░░░░░░░░░░ │  23.2%                                  │
│ Elapsed: 02:05:29 │ ETA: 06:55:24 │ Step Time: 129.816s                                                              │
├──────────────────────────────────────────────────────── Time ────────────────────────────────────────────────────────┤
│                                                                                                                      │
│actor/actor/compute_adv=1.28e-05       │actor/actor/recv_traj=115.4            │actor/actor/sync_model_to_rollout=0.0…│
│cal_adv_and_returns=0.0032             │env/compute_bootstrap_rewards=0.0017   │env/env/bootstrap_step=30.183         │
│env/env/send_rollout_trajectories=0.447│env/env_interact_step=77.691           │env/interact=115.3                    │
│env/run_interact_once=114.9            │generate_rollouts=115.4                │rollout/generate_one_epoch=114.4      │
│rollout/rollout/generate=114.4         │step=115.8                             │sync_weights=0.383                    │
│                                                                                                                      │
├──────────────────────────────────────────────────── Environment ─────────────────────────────────────────────────────┤
│                                                                                                                      │
│episode_len=200.0                      │num_trajectories=8                     │return=2.25                           │
│reward=0.01125                         │success_once=0.25                      │                                      │
│                                                                                                                      │
├─────────────────────────────────────────────────── Replay Buffer ────────────────────────────────────────────────────┤
│                                                                                                                      │
│cache_size=4322.0                      │num_trajectories=4322.0                │total_samples=4322.0                  │
│                                                                                                                      │
├─────────────────────────────────────────────────── Training/Other ───────────────────────────────────────────────────┤
│                                                                                                                      │
│replay/actor_switch_rate=0.0000        │replay/done_rate=0.056                 │replay/intervention_rate=0.0000       │
│replay/intervention_requested_rate=0.0…│replay/record_transition_rate=1.000    │replay/reward_mean=0.014              │
│replay/reward_positive_rate=0.014      │replay/transition_count=72.000         │rlt/actor_updates_run=0.0000          │
│rlt/critic_updates_run=0.0000          │rlt/desired_total_updates=0.0000       │rlt/global_min_replay_size=4308.0     │
│rlt/global_total_transitions_added=864…│rlt/global_transitions_since_train=864…│rlt/max_updates_per_train_step=1600.0 │
│rlt/min_replay_buffer_size=10000.0     │rlt/pending_update_budget=0.0000       │rlt/ready_for_online=0.0000           │
│rlt/should_train=0.0000                │rlt/skip_reason=1.000                  │rlt/train_every_episodes=0.0000       │
│rlt/train_every_transitions=1.000      │rlt/update_epoch=5.000                 │rlt/update_step=0.0000                │
│rlt/updates_scheduled=0.0000           │rlt/updates_to_run=0.0000              │rlt/warmup_required_updates=3.00e+04  │
│                                                                                                                      │
╰──────────────────────────────────────────────────────────────────────────────────────────────────────────────────────╯


╭──────────────────────────────────────────────────────────────────────────────────────────────────────────────────────╮
├──────────────────────────────────────────────────── Metric Table ────────────────────────────────────────────────────┤
│ Global Step:   59/250 │ Progress: █████████░░░░░░░░░░░░░░░░░░░░░░░░░░░░░░░ │  23.6%                                  │
│ Elapsed: 02:07:31 │ ETA: 06:52:49 │ Step Time: 129.684s                                                              │
├──────────────────────────────────────────────────────── Time ────────────────────────────────────────────────────────┤
│                                                                                                                      │
│actor/actor/compute_adv=1.09e-05       │actor/actor/recv_traj=121.5            │actor/actor/sync_model_to_rollout=0.0…│
│cal_adv_and_returns=0.0028             │env/compute_bootstrap_rewards=0.0018   │env/env/bootstrap_step=30.136         │
│env/env/send_rollout_trajectories=0.452│env/env_interact_step=83.739           │env/interact=121.5                    │
│env/run_interact_once=121.0            │generate_rollouts=121.6                │rollout/generate_one_epoch=120.5      │
│rollout/rollout/generate=120.5         │step=122.0                             │sync_weights=0.456                    │
│                                                                                                                      │
├──────────────────────────────────────────────────── Environment ─────────────────────────────────────────────────────┤
│                                                                                                                      │
│episode_len=200.0                      │num_trajectories=8                     │return=1.125                          │
│reward=0.005625                        │success_once=0.125                     │                                      │
│                                                                                                                      │
├─────────────────────────────────────────────────── Replay Buffer ────────────────────────────────────────────────────┤
│                                                                                                                      │
│cache_size=4398.0                      │num_trajectories=4398.0                │total_samples=4398.0                  │
│                                                                                                                      │
├─────────────────────────────────────────────────── Training/Other ───────────────────────────────────────────────────┤
│                                                                                                                      │
│replay/actor_switch_rate=0.0000        │replay/done_rate=0.053                 │replay/intervention_rate=0.0000       │
│replay/intervention_requested_rate=0.0…│replay/record_transition_rate=1.000    │replay/reward_mean=0.0069             │
│replay/reward_positive_rate=0.0069     │replay/transition_count=76.000         │rlt/actor_updates_run=0.0000          │
│rlt/critic_updates_run=0.0000          │rlt/desired_total_updates=0.0000       │rlt/global_min_replay_size=4380.0     │
│rlt/global_total_transitions_added=879…│rlt/global_transitions_since_train=879…│rlt/max_updates_per_train_step=1600.0 │
│rlt/min_replay_buffer_size=10000.0     │rlt/pending_update_budget=0.0000       │rlt/ready_for_online=0.0000           │
│rlt/should_train=0.0000                │rlt/skip_reason=1.000                  │rlt/train_every_episodes=0.0000       │
│rlt/train_every_transitions=1.000      │rlt/update_epoch=5.000                 │rlt/update_step=0.0000                │
│rlt/updates_scheduled=0.0000           │rlt/updates_to_run=0.0000              │rlt/warmup_required_updates=3.00e+04  │
│                                                                                                                      │
╰──────────────────────────────────────────────────────────────────────────────────────────────────────────────────────╯


╭──────────────────────────────────────────────────────────────────────────────────────────────────────────────────────╮
├──────────────────────────────────────────────────── Metric Table ────────────────────────────────────────────────────┤
│ Global Step:   60/250 │ Progress: █████████░░░░░░░░░░░░░░░░░░░░░░░░░░░░░░░ │  24.0%                                  │
│ Elapsed: 02:09:36 │ ETA: 06:50:25 │ Step Time: 129.608s                                                              │
├──────────────────────────────────────────────────────── Time ────────────────────────────────────────────────────────┤
│                                                                                                                      │
│actor/actor/compute_adv=2.54e-05       │actor/actor/recv_traj=124.6            │actor/actor/sync_model_to_rollout=0.0…│
│cal_adv_and_returns=0.0034             │env/compute_bootstrap_rewards=0.0016   │env/env/bootstrap_step=30.376         │
│env/env/send_rollout_trajectories=0.437│env/env_interact_step=87.203           │env/interact=124.6                    │
│env/run_interact_once=124.2            │generate_rollouts=124.7                │rollout/generate_one_epoch=123.7      │
│rollout/rollout/generate=123.7         │step=125.1                             │sync_weights=0.360                    │
│                                                                                                                      │
├──────────────────────────────────────────────────── Environment ─────────────────────────────────────────────────────┤
│                                                                                                                      │
│episode_len=200.0                      │num_trajectories=8                     │return=1.125                          │
│reward=0.005625                        │success_once=0.125                     │                                      │
│                                                                                                                      │
├─────────────────────────────────────────────────── Replay Buffer ────────────────────────────────────────────────────┤
│                                                                                                                      │
│cache_size=4474.0                      │num_trajectories=4474.0                │total_samples=4474.0                  │
│                                                                                                                      │
├─────────────────────────────────────────────────── Training/Other ───────────────────────────────────────────────────┤
│                                                                                                                      │
│replay/actor_switch_rate=0.0000        │replay/done_rate=0.053                 │replay/intervention_rate=0.0000       │
│replay/intervention_requested_rate=0.0…│replay/record_transition_rate=1.000    │replay/reward_mean=0.0069             │
│replay/reward_positive_rate=0.0069     │replay/transition_count=76.000         │rlt/actor_updates_run=0.0000          │
│rlt/critic_updates_run=0.0000          │rlt/desired_total_updates=0.0000       │rlt/global_min_replay_size=4452.0     │
│rlt/global_total_transitions_added=894…│rlt/global_transitions_since_train=894…│rlt/max_updates_per_train_step=1600.0 │
│rlt/min_replay_buffer_size=10000.0     │rlt/pending_update_budget=0.0000       │rlt/ready_for_online=0.0000           │
│rlt/should_train=0.0000                │rlt/skip_reason=1.000                  │rlt/train_every_episodes=0.0000       │
│rlt/train_every_transitions=1.000      │rlt/update_epoch=5.000                 │rlt/update_step=0.0000                │
│rlt/updates_scheduled=0.0000           │rlt/updates_to_run=0.0000              │rlt/warmup_required_updates=3.00e+04  │
│                                                                                                                      │
╰──────────────────────────────────────────────────────────────────────────────────────────────────────────────────────╯


╭──────────────────────────────────────────────────────────────────────────────────────────────────────────────────────╮
├──────────────────────────────────────────────────── Metric Table ────────────────────────────────────────────────────┤
│ Global Step:   61/250 │ Progress: █████████░░░░░░░░░░░░░░░░░░░░░░░░░░░░░░░ │  24.4%                                  │
│ Elapsed: 02:11:43 │ ETA: 06:48:08 │ Step Time: 129.569s                                                              │
├──────────────────────────────────────────────────────── Time ────────────────────────────────────────────────────────┤
│                                                                                                                      │
│actor/actor/compute_adv=1.13e-05       │actor/actor/recv_traj=126.6            │actor/actor/sync_model_to_rollout=0.0…│
│cal_adv_and_returns=0.0026             │env/compute_bootstrap_rewards=0.0016   │env/env/bootstrap_step=30.713         │
│env/env/send_rollout_trajectories=0.429│env/env_interact_step=88.098           │env/interact=126.6                    │
│env/run_interact_once=126.2            │generate_rollouts=126.7                │rollout/generate_one_epoch=125.7      │
│rollout/rollout/generate=125.7         │step=127.2                             │sync_weights=0.461                    │
│                                                                                                                      │
├──────────────────────────────────────────────────── Environment ─────────────────────────────────────────────────────┤
│                                                                                                                      │
│episode_len=200.0                      │num_trajectories=8                     │return=1.25                           │
│reward=0.00625                         │success_once=0.125                     │                                      │
│                                                                                                                      │
├─────────────────────────────────────────────────── Replay Buffer ────────────────────────────────────────────────────┤
│                                                                                                                      │
│cache_size=4549.5                      │num_trajectories=4549.5                │total_samples=4549.5                  │
│                                                                                                                      │
├─────────────────────────────────────────────────── Training/Other ───────────────────────────────────────────────────┤
│                                                                                                                      │
│replay/actor_switch_rate=0.0000        │replay/done_rate=0.053                 │replay/intervention_rate=0.0000       │
│replay/intervention_requested_rate=0.0…│replay/record_transition_rate=1.000    │replay/reward_mean=0.0070             │
│replay/reward_positive_rate=0.0070     │replay/transition_count=75.500         │rlt/actor_updates_run=0.0000          │
│rlt/critic_updates_run=0.0000          │rlt/desired_total_updates=0.0000       │rlt/global_min_replay_size=4523.0     │
│rlt/global_total_transitions_added=909…│rlt/global_transitions_since_train=909…│rlt/max_updates_per_train_step=1600.0 │
│rlt/min_replay_buffer_size=10000.0     │rlt/pending_update_budget=0.0000       │rlt/ready_for_online=0.0000           │
│rlt/should_train=0.0000                │rlt/skip_reason=1.000                  │rlt/train_every_episodes=0.0000       │
│rlt/train_every_transitions=1.000      │rlt/update_epoch=5.000                 │rlt/update_step=0.0000                │
│rlt/updates_scheduled=0.0000           │rlt/updates_to_run=0.0000              │rlt/warmup_required_updates=3.00e+04  │
│                                                                                                                      │
╰──────────────────────────────────────────────────────────────────────────────────────────────────────────────────────╯


╭──────────────────────────────────────────────────────────────────────────────────────────────────────────────────────╮
├──────────────────────────────────────────────────── Metric Table ────────────────────────────────────────────────────┤
│ Global Step:   62/250 │ Progress: █████████░░░░░░░░░░░░░░░░░░░░░░░░░░░░░░░ │  24.8%                                  │
│ Elapsed: 02:13:47 │ ETA: 06:45:41 │ Step Time: 129.478s                                                              │
├──────────────────────────────────────────────────────── Time ────────────────────────────────────────────────────────┤
│                                                                                                                      │
│actor/actor/compute_adv=2.16e-05       │actor/actor/recv_traj=123.4            │actor/actor/sync_model_to_rollout=0.0…│
│cal_adv_and_returns=0.0029             │env/compute_bootstrap_rewards=0.0017   │env/env/bootstrap_step=30.359         │
│env/env/send_rollout_trajectories=0.433│env/env_interact_step=85.979           │env/interact=123.4                    │
│env/run_interact_once=123.0            │generate_rollouts=123.5                │rollout/generate_one_epoch=122.5      │
│rollout/rollout/generate=122.5         │step=123.9                             │sync_weights=0.382                    │
│                                                                                                                      │
├──────────────────────────────────────────────────── Environment ─────────────────────────────────────────────────────┤
│                                                                                                                      │
│episode_len=200.0                      │num_trajectories=8                     │return=1.125                          │
│reward=0.005625                        │success_once=0.125                     │                                      │
│                                                                                                                      │
├─────────────────────────────────────────────────── Replay Buffer ────────────────────────────────────────────────────┤
│                                                                                                                      │
│cache_size=4625.5                      │num_trajectories=4625.5                │total_samples=4625.5                  │
│                                                                                                                      │
├─────────────────────────────────────────────────── Training/Other ───────────────────────────────────────────────────┤
│                                                                                                                      │
│replay/actor_switch_rate=0.0000        │replay/done_rate=0.053                 │replay/intervention_rate=0.0000       │
│replay/intervention_requested_rate=0.0…│replay/record_transition_rate=1.000    │replay/reward_mean=0.0069             │
│replay/reward_positive_rate=0.0069     │replay/transition_count=76.000         │rlt/actor_updates_run=0.0000          │
│rlt/critic_updates_run=0.0000          │rlt/desired_total_updates=0.0000       │rlt/global_min_replay_size=4603.0     │
│rlt/global_total_transitions_added=925…│rlt/global_transitions_since_train=925…│rlt/max_updates_per_train_step=1600.0 │
│rlt/min_replay_buffer_size=10000.0     │rlt/pending_update_budget=0.0000       │rlt/ready_for_online=0.0000           │
│rlt/should_train=0.0000                │rlt/skip_reason=1.000                  │rlt/train_every_episodes=0.0000       │
│rlt/train_every_transitions=1.000      │rlt/update_epoch=5.000                 │rlt/update_step=0.0000                │
│rlt/updates_scheduled=0.0000           │rlt/updates_to_run=0.0000              │rlt/warmup_required_updates=3.00e+04  │
│                                                                                                                      │
╰──────────────────────────────────────────────────────────────────────────────────────────────────────────────────────╯


╭──────────────────────────────────────────────────────────────────────────────────────────────────────────────────────╮
├──────────────────────────────────────────────────── Metric Table ────────────────────────────────────────────────────┤
│ Global Step:   63/250 │ Progress: ██████████░░░░░░░░░░░░░░░░░░░░░░░░░░░░░░ │  25.2%                                  │
│ Elapsed: 02:15:50 │ ETA: 06:43:12 │ Step Time: 129.371s                                                              │
├──────────────────────────────────────────────────────── Time ────────────────────────────────────────────────────────┤
│                                                                                                                      │
│actor/actor/compute_adv=2.72e-05       │actor/actor/recv_traj=122.2            │actor/actor/sync_model_to_rollout=0.0…│
│cal_adv_and_returns=0.0030             │env/compute_bootstrap_rewards=0.0015   │env/env/bootstrap_step=29.853         │
│env/env/send_rollout_trajectories=0.478│env/env_interact_step=85.080           │env/interact=122.2                    │
│env/run_interact_once=121.8            │generate_rollouts=122.3                │rollout/generate_one_epoch=121.2      │
│rollout/rollout/generate=121.2         │step=122.8                             │sync_weights=0.445                    │
│                                                                                                                      │
├──────────────────────────────────────────────────── Environment ─────────────────────────────────────────────────────┤
│                                                                                                                      │
│episode_len=200.0                      │num_trajectories=8                     │return=0.0                            │
│reward=0.0                             │success_once=0.0                       │                                      │
│                                                                                                                      │
├─────────────────────────────────────────────────── Replay Buffer ────────────────────────────────────────────────────┤
│                                                                                                                      │
│cache_size=4705.5                      │num_trajectories=4705.5                │total_samples=4705.5                  │
│                                                                                                                      │
├─────────────────────────────────────────────────── Training/Other ───────────────────────────────────────────────────┤
│                                                                                                                      │
│replay/actor_switch_rate=0.0000        │replay/done_rate=0.050                 │replay/intervention_rate=0.0000       │
│replay/intervention_requested_rate=0.0…│replay/record_transition_rate=1.000    │replay/reward_mean=0.0000             │
│replay/reward_positive_rate=0.0000     │replay/transition_count=80.000         │rlt/actor_updates_run=0.0000          │
│rlt/critic_updates_run=0.0000          │rlt/desired_total_updates=0.0000       │rlt/global_min_replay_size=4683.0     │
│rlt/global_total_transitions_added=941…│rlt/global_transitions_since_train=941…│rlt/max_updates_per_train_step=1600.0 │
│rlt/min_replay_buffer_size=10000.0     │rlt/pending_update_budget=0.0000       │rlt/ready_for_online=0.0000           │
│rlt/should_train=0.0000                │rlt/skip_reason=1.000                  │rlt/train_every_episodes=0.0000       │
│rlt/train_every_transitions=1.000      │rlt/update_epoch=5.000                 │rlt/update_step=0.0000                │
│rlt/updates_scheduled=0.0000           │rlt/updates_to_run=0.0000              │rlt/warmup_required_updates=3.00e+04  │
│                                                                                                                      │
╰──────────────────────────────────────────────────────────────────────────────────────────────────────────────────────╯


╭──────────────────────────────────────────────────────────────────────────────────────────────────────────────────────╮
├──────────────────────────────────────────────────── Metric Table ────────────────────────────────────────────────────┤
│ Global Step:   64/250 │ Progress: ██████████░░░░░░░░░░░░░░░░░░░░░░░░░░░░░░ │  25.6%                                  │
│ Elapsed: 02:17:49 │ ETA: 06:40:33 │ Step Time: 129.213s                                                              │
├──────────────────────────────────────────────────────── Time ────────────────────────────────────────────────────────┤
│                                                                                                                      │
│actor/actor/compute_adv=1.53e-05       │actor/actor/recv_traj=118.7            │actor/actor/sync_model_to_rollout=0.0…│
│cal_adv_and_returns=0.0029             │env/compute_bootstrap_rewards=0.0016   │env/env/bootstrap_step=30.419         │
│env/env/send_rollout_trajectories=0.432│env/env_interact_step=81.366           │env/interact=118.7                    │
│env/run_interact_once=118.3            │generate_rollouts=118.8                │rollout/generate_one_epoch=117.8      │
│rollout/rollout/generate=117.8         │step=119.2                             │sync_weights=0.447                    │
│                                                                                                                      │
├──────────────────────────────────────────────────── Environment ─────────────────────────────────────────────────────┤
│                                                                                                                      │
│episode_len=200.0                      │num_trajectories=8                     │return=1.0                            │
│reward=0.005                           │success_once=0.125                     │                                      │
│                                                                                                                      │
├─────────────────────────────────────────────────── Replay Buffer ────────────────────────────────────────────────────┤
│                                                                                                                      │
│cache_size=4782.0                      │num_trajectories=4782.0                │total_samples=4782.0                  │
│                                                                                                                      │
├─────────────────────────────────────────────────── Training/Other ───────────────────────────────────────────────────┤
│                                                                                                                      │
│replay/actor_switch_rate=0.0000        │replay/done_rate=0.052                 │replay/intervention_rate=0.0000       │
│replay/intervention_requested_rate=0.0…│replay/record_transition_rate=1.000    │replay/reward_mean=0.0068             │
│replay/reward_positive_rate=0.0068     │replay/transition_count=76.500         │rlt/actor_updates_run=0.0000          │
│rlt/critic_updates_run=0.0000          │rlt/desired_total_updates=0.0000       │rlt/global_min_replay_size=4763.0     │
│rlt/global_total_transitions_added=956…│rlt/global_transitions_since_train=956…│rlt/max_updates_per_train_step=1600.0 │
│rlt/min_replay_buffer_size=10000.0     │rlt/pending_update_budget=0.0000       │rlt/ready_for_online=0.0000           │
│rlt/should_train=0.0000                │rlt/skip_reason=1.000                  │rlt/train_every_episodes=0.0000       │
│rlt/train_every_transitions=1.000      │rlt/update_epoch=5.000                 │rlt/update_step=0.0000                │
│rlt/updates_scheduled=0.0000           │rlt/updates_to_run=0.0000              │rlt/warmup_required_updates=3.00e+04  │
│                                                                                                                      │
╰──────────────────────────────────────────────────────────────────────────────────────────────────────────────────────╯


╭──────────────────────────────────────────────────────────────────────────────────────────────────────────────────────╮
├──────────────────────────────────────────────────── Metric Table ────────────────────────────────────────────────────┤
│ Global Step:   65/250 │ Progress: ██████████░░░░░░░░░░░░░░░░░░░░░░░░░░░░░░ │  26.0%                                  │
│ Elapsed: 02:19:49 │ ETA: 06:37:57 │ Step Time: 129.065s                                                              │
├──────────────────────────────────────────────────────── Time ────────────────────────────────────────────────────────┤
│                                                                                                                      │
│actor/actor/compute_adv=2.07e-05       │actor/actor/recv_traj=119.0            │actor/actor/sync_model_to_rollout=0.0…│
│cal_adv_and_returns=0.0025             │env/compute_bootstrap_rewards=0.0046   │env/env/bootstrap_step=30.577         │
│env/env/send_rollout_trajectories=0.467│env/env_interact_step=81.539           │env/interact=119.0                    │
│env/run_interact_once=118.6            │generate_rollouts=119.1                │rollout/generate_one_epoch=118.1      │
│rollout/rollout/generate=118.1         │step=119.6                             │sync_weights=0.476                    │
│                                                                                                                      │
├──────────────────────────────────────────────────── Environment ─────────────────────────────────────────────────────┤
│                                                                                                                      │
│episode_len=200.0                      │num_trajectories=8                     │return=1.0                            │
│reward=0.005                           │success_once=0.125                     │                                      │
│                                                                                                                      │
├─────────────────────────────────────────────────── Replay Buffer ────────────────────────────────────────────────────┤
│                                                                                                                      │
│cache_size=4858.5                      │num_trajectories=4858.5                │total_samples=4858.5                  │
│                                                                                                                      │
├─────────────────────────────────────────────────── Training/Other ───────────────────────────────────────────────────┤
│                                                                                                                      │
│replay/actor_switch_rate=0.0000        │replay/done_rate=0.052                 │replay/intervention_rate=0.0000       │
│replay/intervention_requested_rate=0.0…│replay/record_transition_rate=1.000    │replay/reward_mean=0.0068             │
│replay/reward_positive_rate=0.0068     │replay/transition_count=76.500         │rlt/actor_updates_run=0.0000          │
│rlt/critic_updates_run=0.0000          │rlt/desired_total_updates=0.0000       │rlt/global_min_replay_size=4836.0     │
│rlt/global_total_transitions_added=971…│rlt/global_transitions_since_train=971…│rlt/max_updates_per_train_step=1600.0 │
│rlt/min_replay_buffer_size=10000.0     │rlt/pending_update_budget=0.0000       │rlt/ready_for_online=0.0000           │
│rlt/should_train=0.0000                │rlt/skip_reason=1.000                  │rlt/train_every_episodes=0.0000       │
│rlt/train_every_transitions=1.000      │rlt/update_epoch=5.000                 │rlt/update_step=0.0000                │
│rlt/updates_scheduled=0.0000           │rlt/updates_to_run=0.0000              │rlt/warmup_required_updates=3.00e+04  │
│                                                                                                                      │
╰──────────────────────────────────────────────────────────────────────────────────────────────────────────────────────╯


╭──────────────────────────────────────────────────────────────────────────────────────────────────────────────────────╮
├──────────────────────────────────────────────────── Metric Table ────────────────────────────────────────────────────┤
│ Global Step:   66/250 │ Progress: ██████████░░░░░░░░░░░░░░░░░░░░░░░░░░░░░░ │  26.4%                                  │
│ Elapsed: 02:21:48 │ ETA: 06:35:21 │ Step Time: 128.918s                                                              │
├──────────────────────────────────────────────────────── Time ────────────────────────────────────────────────────────┤
│                                                                                                                      │
│actor/actor/compute_adv=2.37e-05       │actor/actor/recv_traj=118.8            │actor/actor/sync_model_to_rollout=0.0…│
│cal_adv_and_returns=0.0025             │env/compute_bootstrap_rewards=0.0018   │env/env/bootstrap_step=29.557         │
│env/env/send_rollout_trajectories=0.729│env/env_interact_step=82.021           │env/interact=118.8                    │
│env/run_interact_once=118.4            │generate_rollouts=118.9                │rollout/generate_one_epoch=117.9      │
│rollout/rollout/generate=117.9         │step=119.4                             │sync_weights=0.462                    │
│                                                                                                                      │
├──────────────────────────────────────────────────── Environment ─────────────────────────────────────────────────────┤
│                                                                                                                      │
│episode_len=200.0                      │num_trajectories=8                     │return=1.25                           │
│reward=0.00625                         │success_once=0.125                     │                                      │
│                                                                                                                      │
├─────────────────────────────────────────────────── Replay Buffer ────────────────────────────────────────────────────┤
│                                                                                                                      │
│cache_size=4934.0                      │num_trajectories=4934.0                │total_samples=4934.0                  │
│                                                                                                                      │
├─────────────────────────────────────────────────── Training/Other ───────────────────────────────────────────────────┤
│                                                                                                                      │
│replay/actor_switch_rate=0.0000        │replay/done_rate=0.053                 │replay/intervention_rate=0.0000       │
│replay/intervention_requested_rate=0.0…│replay/record_transition_rate=1.000    │replay/reward_mean=0.0070             │
│replay/reward_positive_rate=0.0070     │replay/transition_count=75.500         │rlt/actor_updates_run=0.0000          │
│rlt/critic_updates_run=0.0000          │rlt/desired_total_updates=0.0000       │rlt/global_min_replay_size=4907.0     │
│rlt/global_total_transitions_added=986…│rlt/global_transitions_since_train=986…│rlt/max_updates_per_train_step=1600.0 │
│rlt/min_replay_buffer_size=10000.0     │rlt/pending_update_budget=0.0000       │rlt/ready_for_online=0.0000           │
│rlt/should_train=0.0000                │rlt/skip_reason=1.000                  │rlt/train_every_episodes=0.0000       │
│rlt/train_every_transitions=1.000      │rlt/update_epoch=5.000                 │rlt/update_step=0.0000                │
│rlt/updates_scheduled=0.0000           │rlt/updates_to_run=0.0000              │rlt/warmup_required_updates=3.00e+04  │
│                                                                                                                      │
╰──────────────────────────────────────────────────────────────────────────────────────────────────────────────────────╯


╭──────────────────────────────────────────────────────────────────────────────────────────────────────────────────────╮
├──────────────────────────────────────────────────── Metric Table ────────────────────────────────────────────────────┤
│ Global Step:   67/250 │ Progress: ██████████░░░░░░░░░░░░░░░░░░░░░░░░░░░░░░ │  26.8%                                  │
│ Elapsed: 02:23:51 │ ETA: 06:32:56 │ Step Time: 128.834s                                                              │
├──────────────────────────────────────────────────────── Time ────────────────────────────────────────────────────────┤
│                                                                                                                      │
│actor/actor/compute_adv=2.63e-05       │actor/actor/recv_traj=122.8            │actor/actor/sync_model_to_rollout=0.0…│
│cal_adv_and_returns=0.0033             │env/compute_bootstrap_rewards=0.0018   │env/env/bootstrap_step=31.244         │
│env/env/send_rollout_trajectories=0.452│env/env_interact_step=85.963           │env/interact=122.8                    │
│env/run_interact_once=122.4            │generate_rollouts=122.9                │rollout/generate_one_epoch=121.9      │
│rollout/rollout/generate=121.9         │step=123.3                             │sync_weights=0.352                    │
│                                                                                                                      │
├──────────────────────────────────────────────────── Environment ─────────────────────────────────────────────────────┤
│                                                                                                                      │
│episode_len=200.0                      │num_trajectories=8                     │return=2.625                          │
│reward=0.0131250005                    │success_once=0.25                      │                                      │
│                                                                                                                      │
├─────────────────────────────────────────────────── Replay Buffer ────────────────────────────────────────────────────┤
│                                                                                                                      │
│cache_size=5004.5                      │num_trajectories=5004.5                │total_samples=5004.5                  │
│                                                                                                                      │
├─────────────────────────────────────────────────── Training/Other ───────────────────────────────────────────────────┤
│                                                                                                                      │
│replay/actor_switch_rate=0.0000        │replay/done_rate=0.058                 │replay/intervention_rate=0.0000       │
│replay/intervention_requested_rate=0.0…│replay/record_transition_rate=1.000    │replay/reward_mean=0.016              │
│replay/reward_positive_rate=0.016      │replay/transition_count=70.500         │rlt/actor_updates_run=0.0000          │
│rlt/critic_updates_run=0.0000          │rlt/desired_total_updates=0.0000       │rlt/global_min_replay_size=4987.0     │
│rlt/global_total_transitions_added=1.0…│rlt/global_transitions_since_train=1.0…│rlt/max_updates_per_train_step=1600.0 │
│rlt/min_replay_buffer_size=10000.0     │rlt/pending_update_budget=0.0000       │rlt/ready_for_online=0.0000           │
│rlt/should_train=0.0000                │rlt/skip_reason=1.000                  │rlt/train_every_episodes=0.0000       │
│rlt/train_every_transitions=1.000      │rlt/update_epoch=5.000                 │rlt/update_step=0.0000                │
│rlt/updates_scheduled=0.0000           │rlt/updates_to_run=0.0000              │rlt/warmup_required_updates=3.00e+04  │
│                                                                                                                      │
╰──────────────────────────────────────────────────────────────────────────────────────────────────────────────────────╯


╭──────────────────────────────────────────────────────────────────────────────────────────────────────────────────────╮
├──────────────────────────────────────────────────── Metric Table ────────────────────────────────────────────────────┤
│ Global Step:   68/250 │ Progress: ██████████░░░░░░░░░░░░░░░░░░░░░░░░░░░░░░ │  27.2%                                  │
│ Elapsed: 02:25:54 │ ETA: 06:30:31 │ Step Time: 128.742s                                                              │
├──────────────────────────────────────────────────────── Time ────────────────────────────────────────────────────────┤
│                                                                                                                      │
│actor/actor/compute_adv=2.63e-05       │actor/actor/recv_traj=122.0            │actor/actor/sync_model_to_rollout=0.0…│
│cal_adv_and_returns=0.0033             │env/compute_bootstrap_rewards=0.0017   │env/env/bootstrap_step=30.529         │
│env/env/send_rollout_trajectories=0.452│env/env_interact_step=84.025           │env/interact=122.0                    │
│env/run_interact_once=121.5            │generate_rollouts=122.1                │rollout/generate_one_epoch=121.0      │
│rollout/rollout/generate=121.0         │step=122.5                             │sync_weights=0.461                    │
│                                                                                                                      │
├──────────────────────────────────────────────────── Environment ─────────────────────────────────────────────────────┤
│                                                                                                                      │
│episode_len=200.0                      │num_trajectories=8                     │return=2.25                           │
│reward=0.01125                         │success_once=0.25                      │                                      │
│                                                                                                                      │
├─────────────────────────────────────────────────── Replay Buffer ────────────────────────────────────────────────────┤
│                                                                                                                      │
│cache_size=5076.5                      │num_trajectories=5076.5                │total_samples=5076.5                  │
│                                                                                                                      │
├─────────────────────────────────────────────────── Training/Other ───────────────────────────────────────────────────┤
│                                                                                                                      │
│replay/actor_switch_rate=0.0000        │replay/done_rate=0.056                 │replay/intervention_rate=0.0000       │
│replay/intervention_requested_rate=0.0…│replay/record_transition_rate=1.000    │replay/reward_mean=0.016              │
│replay/reward_positive_rate=0.016      │replay/transition_count=72.000         │rlt/actor_updates_run=0.0000          │
│rlt/critic_updates_run=0.0000          │rlt/desired_total_updates=0.0000       │rlt/global_min_replay_size=5067.0     │
│rlt/global_total_transitions_added=1.0…│rlt/global_transitions_since_train=1.0…│rlt/max_updates_per_train_step=1600.0 │
│rlt/min_replay_buffer_size=10000.0     │rlt/pending_update_budget=0.0000       │rlt/ready_for_online=0.0000           │
│rlt/should_train=0.0000                │rlt/skip_reason=1.000                  │rlt/train_every_episodes=0.0000       │
│rlt/train_every_transitions=1.000      │rlt/update_epoch=5.000                 │rlt/update_step=0.0000                │
│rlt/updates_scheduled=0.0000           │rlt/updates_to_run=0.0000              │rlt/warmup_required_updates=3.00e+04  │
│                                                                                                                      │
╰──────────────────────────────────────────────────────────────────────────────────────────────────────────────────────╯

