
╭──────────────────────────────────────────────────────────────────────────────────────────────────────────────────────╮
├──────────────────────────────────────────────────── Metric Table ────────────────────────────────────────────────────┤
│ Global Step:    1/100 │ Progress: ░░░░░░░░░░░░░░░░░░░░░░░░░░░░░░░░░░░░░░░░ │   1.0%                                  │
│ Elapsed: 26:40 │ ETA: 44:01:13 │ Step Time: 1600.741s                                                                │
├──────────────────────────────────────────────────────── Time ────────────────────────────────────────────────────────┤
│                                                                                                                      │
│actor/actor/compute_adv=0.021          │actor/actor/recv_traj=1555.3           │actor/actor/sync_model_to_rollout=10.…│
│actor/run_training=34.087              │cal_adv_and_returns=0.024              │env/compute_bootstrap_rewards=0.0070  │
│env/env/bootstrap_step=858.6           │env/env/send_rollout_trajectories=0.834│env/env_interact_step=661.8           │
│env/interact=1554.7                    │env/run_interact_once=1553.9           │generate_rollouts=1555.4              │
│rollout/generate_one_epoch=1553.1      │rollout/predict=26.379                 │rollout/rollout/generate=1553.1       │
│step=1600.7                            │sync_weights=11.228                    │                                      │
│                                                                                                                      │
├──────────────────────────────────────────────────── Environment ─────────────────────────────────────────────────────┤
│                                                                                                                      │
│episode_len=200.0                      │num_trajectories=256                   │return=0.7734375                      │
│reward=0.0038671875                    │success_once=0.7734375                 │                                      │
│                                                                                                                      │
├────────────────────────────────────────────────────── Rollout ───────────────────────────────────────────────────────┤
│                                                                                                                      │
│advantages_max=2.475                   │advantages_mean=-0.117                 │advantages_min=-2.475                 │
│rewards=0.0040                         │                                       │                                      │
│                                                                                                                      │
├─────────────────────────────────────────────────── Training/Actor ───────────────────────────────────────────────────┤
│                                                                                                                      │
│actor/approx_kl=0.142                  │actor/clip_fraction=0.168              │actor/clipped_ratio=0.980             │
│actor/dual_cliped_ratio=0.0000         │actor/dvac_current_mean=-4.413         │actor/dvac_current_std=0.646          │
│actor/dvac_history_mean=0.0000         │actor/dvac_history_std=0.0000          │actor/dvac_warmup=1.000               │
│actor/dvac_weight_mean_rank_local=1.000│actor/entropy_loss=0.0000              │actor/grad_norm=47.493                │
│actor/lr=5.60e-06                      │actor/policy_loss=0.019                │actor/policy_loss_abs=0.524           │
│actor/ratio=0.990                      │actor/ratio_abs=0.246                  │actor/total_loss=0.0023               │
│                                                                                                                      │
╰──────────────────────────────────────────────────────────────────────────────────────────────────────────────────────╯


╭──────────────────────────────────────────────────────────────────────────────────────────────────────────────────────╮
├──────────────────────────────────────────────────── Metric Table ────────────────────────────────────────────────────┤
│ Global Step:    2/100 │ Progress: ░░░░░░░░░░░░░░░░░░░░░░░░░░░░░░░░░░░░░░░░ │   2.0%                                  │
│ Elapsed: 51:58 │ ETA: 42:26:46 │ Step Time: 1559.251s                                                                │
├──────────────────────────────────────────────────────── Time ────────────────────────────────────────────────────────┤
│                                                                                                                      │
│actor/actor/compute_adv=0.0030         │actor/actor/recv_traj=1482.1           │actor/actor/sync_model_to_rollout=0.8…│
│actor/run_training=34.028              │cal_adv_and_returns=0.0068             │env/compute_bootstrap_rewards=0.0067  │
│env/env/bootstrap_step=856.7           │env/env/send_rollout_trajectories=0.730│env/env_interact_step=591.1           │
│env/interact=1481.3                    │env/run_interact_once=1480.6           │generate_rollouts=1482.2              │
│rollout/generate_one_epoch=1479.8      │rollout/predict=26.036                 │rollout/rollout/generate=1479.8       │
│step=1517.7                            │sync_weights=1.497                     │                                      │
│                                                                                                                      │
├──────────────────────────────────────────────────── Environment ─────────────────────────────────────────────────────┤
│                                                                                                                      │
│episode_len=200.0                      │num_trajectories=256                   │return=0.7421875                      │
│reward=0.0037109375                    │success_once=0.7421875                 │                                      │
│                                                                                                                      │
├────────────────────────────────────────────────────── Rollout ───────────────────────────────────────────────────────┤
│                                                                                                                      │
│advantages_max=2.475                   │advantages_mean=-0.109                 │advantages_min=-2.475                 │
│rewards=0.0040                         │                                       │                                      │
│                                                                                                                      │
├─────────────────────────────────────────────────── Training/Actor ───────────────────────────────────────────────────┤
│                                                                                                                      │
│actor/approx_kl=0.047                  │actor/clip_fraction=0.151              │actor/clipped_ratio=0.989             │
│actor/dual_cliped_ratio=0.0000         │actor/dvac_current_mean=-4.412         │actor/dvac_current_std=0.672          │
│actor/dvac_history_mean=-4.413         │actor/dvac_history_std=0.646           │actor/dvac_warmup=0.0000              │
│actor/dvac_weight_mean_rank_local=1.017│actor/entropy_loss=0.0000              │actor/grad_norm=36.139                │
│actor/lr=5.60e-06                      │actor/policy_loss=0.0022               │actor/policy_loss_abs=0.487           │
│actor/ratio=0.999                      │actor/ratio_abs=0.176                  │actor/total_loss=2.74e-04             │
│                                                                                                                      │
╰──────────────────────────────────────────────────────────────────────────────────────────────────────────────────────╯


╭──────────────────────────────────────────────────────────────────────────────────────────────────────────────────────╮
├──────────────────────────────────────────────────── Metric Table ────────────────────────────────────────────────────┤
│ Global Step:    3/100 │ Progress: █░░░░░░░░░░░░░░░░░░░░░░░░░░░░░░░░░░░░░░░ │   3.0%                                  │
│ Elapsed: 01:16:59 │ ETA: 41:29:14 │ Step Time: 1539.742s                                                             │
├──────────────────────────────────────────────────────── Time ────────────────────────────────────────────────────────┤
│                                                                                                                      │
│actor/actor/compute_adv=0.0042         │actor/actor/recv_traj=1465.4           │actor/actor/sync_model_to_rollout=0.7…│
│actor/run_training=33.916              │cal_adv_and_returns=0.0076             │env/compute_bootstrap_rewards=0.0067  │
│env/env/bootstrap_step=848.2           │env/env/send_rollout_trajectories=0.734│env/env_interact_step=583.3           │
│env/interact=1464.7                    │env/run_interact_once=1463.9           │generate_rollouts=1465.5              │
│rollout/generate_one_epoch=1463.1      │rollout/predict=25.793                 │rollout/rollout/generate=1463.1       │
│step=1500.7                            │sync_weights=1.299                     │                                      │
│                                                                                                                      │
├──────────────────────────────────────────────────── Environment ─────────────────────────────────────────────────────┤
│                                                                                                                      │
│episode_len=200.0                      │num_trajectories=256                   │return=0.765625                       │
│reward=0.0038281248                    │success_once=0.765625                  │                                      │
│                                                                                                                      │
├────────────────────────────────────────────────────── Rollout ───────────────────────────────────────────────────────┤
│                                                                                                                      │
│advantages_max=1.208                   │advantages_mean=-0.116                 │advantages_min=-2.475                 │
│rewards=0.0046                         │                                       │                                      │
│                                                                                                                      │
├─────────────────────────────────────────────────── Training/Actor ───────────────────────────────────────────────────┤
│                                                                                                                      │
│actor/approx_kl=0.038                  │actor/clip_fraction=0.153              │actor/clipped_ratio=0.988             │
│actor/dual_cliped_ratio=0.0000         │actor/dvac_current_mean=-4.401         │actor/dvac_current_std=0.710          │
│actor/dvac_history_mean=-4.412         │actor/dvac_history_std=0.659           │actor/dvac_warmup=0.0000              │
│actor/dvac_weight_mean_rank_local=1.019│actor/entropy_loss=0.0000              │actor/grad_norm=41.996                │
│actor/lr=5.60e-06                      │actor/policy_loss=0.0040               │actor/policy_loss_abs=0.506           │
│actor/ratio=1.008                      │actor/ratio_abs=0.186                  │actor/total_loss=4.98e-04             │
│                                                                                                                      │
╰──────────────────────────────────────────────────────────────────────────────────────────────────────────────────────╯


╭──────────────────────────────────────────────────────────────────────────────────────────────────────────────────────╮
├──────────────────────────────────────────────────── Metric Table ────────────────────────────────────────────────────┤
│ Global Step:    4/100 │ Progress: █░░░░░░░░░░░░░░░░░░░░░░░░░░░░░░░░░░░░░░░ │   4.0%                                  │
│ Elapsed: 01:41:58 │ ETA: 40:47:16 │ Step Time: 1529.542s                                                             │
├──────────────────────────────────────────────────────── Time ────────────────────────────────────────────────────────┤
│                                                                                                                      │
│actor/actor/compute_adv=0.0031         │actor/actor/recv_traj=1463.2           │actor/actor/sync_model_to_rollout=0.7…│
│actor/run_training=34.313              │cal_adv_and_returns=0.0061             │env/compute_bootstrap_rewards=0.0065  │
│env/env/bootstrap_step=861.5           │env/env/send_rollout_trajectories=0.711│env/env_interact_step=574.4           │
│env/interact=1462.4                    │env/run_interact_once=1461.5           │generate_rollouts=1463.3              │
│rollout/generate_one_epoch=1460.7      │rollout/predict=26.249                 │rollout/rollout/generate=1460.7       │
│step=1498.9                            │sync_weights=1.270                     │                                      │
│                                                                                                                      │
├──────────────────────────────────────────────────── Environment ─────────────────────────────────────────────────────┤
│                                                                                                                      │
│episode_len=200.0                      │num_trajectories=256                   │return=0.77734375                     │
│reward=0.0038867188                    │success_once=0.77734375                │                                      │
│                                                                                                                      │
├────────────────────────────────────────────────────── Rollout ───────────────────────────────────────────────────────┤
│                                                                                                                      │
│advantages_max=1.620                   │advantages_mean=-0.117                 │advantages_min=-2.475                 │
│rewards=0.0039                         │                                       │                                      │
│                                                                                                                      │
├─────────────────────────────────────────────────── Training/Actor ───────────────────────────────────────────────────┤
│                                                                                                                      │
│actor/approx_kl=0.043                  │actor/clip_fraction=0.133              │actor/clipped_ratio=0.992             │
│actor/dual_cliped_ratio=0.0000         │actor/dvac_current_mean=-4.382         │actor/dvac_current_std=0.673          │
│actor/dvac_history_mean=-4.408         │actor/dvac_history_std=0.676           │actor/dvac_warmup=0.0000              │
│actor/dvac_weight_mean_rank_local=1.021│actor/entropy_loss=0.0000              │actor/grad_norm=32.910                │
│actor/lr=5.60e-06                      │actor/policy_loss=0.0058               │actor/policy_loss_abs=0.439           │
│actor/ratio=1.008                      │actor/ratio_abs=0.176                  │actor/total_loss=7.29e-04             │
│                                                                                                                      │
╰──────────────────────────────────────────────────────────────────────────────────────────────────────────────────────╯


╭──────────────────────────────────────────────────────────────────────────────────────────────────────────────────────╮
├──────────────────────────────────────────────────── Metric Table ────────────────────────────────────────────────────┤
│ Global Step:    5/100 │ Progress: ██░░░░░░░░░░░░░░░░░░░░░░░░░░░░░░░░░░░░░░ │   5.0%                                  │
│ Elapsed: 02:06:50 │ ETA: 40:10:07 │ Step Time: 1522.189s                                                             │
├──────────────────────────────────────────────────────── Time ────────────────────────────────────────────────────────┤
│                                                                                                                      │
│actor/actor/compute_adv=0.0034         │actor/actor/recv_traj=1457.0           │actor/actor/sync_model_to_rollout=0.7…│
│actor/run_training=34.258              │cal_adv_and_returns=0.0077             │env/compute_bootstrap_rewards=0.0064  │
│env/env/bootstrap_step=856.6           │env/env/send_rollout_trajectories=0.721│env/env_interact_step=569.3           │
│env/interact=1456.1                    │env/run_interact_once=1455.3           │generate_rollouts=1457.1              │
│rollout/generate_one_epoch=1454.6      │rollout/predict=26.439                 │rollout/rollout/generate=1454.6       │
│step=1492.8                            │sync_weights=1.397                     │                                      │
│                                                                                                                      │
├──────────────────────────────────────────────────── Environment ─────────────────────────────────────────────────────┤
│                                                                                                                      │
│episode_len=200.0                      │num_trajectories=256                   │return=0.8046875                      │
│reward=0.004023437                     │success_once=0.8046875                 │                                      │
│                                                                                                                      │
├────────────────────────────────────────────────────── Rollout ───────────────────────────────────────────────────────┤
│                                                                                                                      │
│advantages_max=1.620                   │advantages_mean=-0.118                 │advantages_min=-2.475                 │
│rewards=0.0043                         │                                       │                                      │
│                                                                                                                      │
├─────────────────────────────────────────────────── Training/Actor ───────────────────────────────────────────────────┤
│                                                                                                                      │
│actor/approx_kl=0.026                  │actor/clip_fraction=0.125              │actor/clipped_ratio=0.995             │
│actor/dual_cliped_ratio=0.0000         │actor/dvac_current_mean=-4.407         │actor/dvac_current_std=0.633          │
│actor/dvac_history_mean=-4.402         │actor/dvac_history_std=0.676           │actor/dvac_warmup=0.0000              │
│actor/dvac_weight_mean_rank_local=1.017│actor/entropy_loss=0.0000              │actor/grad_norm=33.736                │
│actor/lr=5.60e-06                      │actor/policy_loss=-0.0051              │actor/policy_loss_abs=0.502           │
│actor/ratio=1.001                      │actor/ratio_abs=0.136                  │actor/total_loss=-6.37e-04            │
│                                                                                                                      │
╰──────────────────────────────────────────────────────────────────────────────────────────────────────────────────────╯


╭──────────────────────────────────────────────────────────────────────────────────────────────────────────────────────╮
├──────────────────────────────────────────────────── Metric Table ────────────────────────────────────────────────────┤
│ Global Step:    6/100 │ Progress: ██░░░░░░░░░░░░░░░░░░░░░░░░░░░░░░░░░░░░░░ │   6.0%                                  │
│ Elapsed: 02:31:21 │ ETA: 39:31:19 │ Step Time: 1513.611s                                                             │
├──────────────────────────────────────────────────────── Time ────────────────────────────────────────────────────────┤
│                                                                                                                      │
│actor/actor/compute_adv=0.0038         │actor/actor/recv_traj=1434.8           │actor/actor/sync_model_to_rollout=0.6…│
│actor/run_training=34.334              │cal_adv_and_returns=0.0078             │env/compute_bootstrap_rewards=0.0066  │
│env/env/bootstrap_step=854.4           │env/env/send_rollout_trajectories=0.747│env/env_interact_step=546.2           │
│env/interact=1434.0                    │env/run_interact_once=1433.2           │generate_rollouts=1434.9              │
│rollout/generate_one_epoch=1432.4      │rollout/predict=25.999                 │rollout/rollout/generate=1432.4       │
│step=1470.7                            │sync_weights=1.451                     │                                      │
│                                                                                                                      │
├──────────────────────────────────────────────────── Environment ─────────────────────────────────────────────────────┤
│                                                                                                                      │
│episode_len=200.0                      │num_trajectories=256                   │return=0.84765625                     │
│reward=0.004238281                     │success_once=0.84765625                │                                      │
│                                                                                                                      │
├────────────────────────────────────────────────────── Rollout ───────────────────────────────────────────────────────┤
│                                                                                                                      │
│advantages_max=1.208                   │advantages_mean=-0.115                 │advantages_min=-2.475                 │
│rewards=0.0047                         │                                       │                                      │
│                                                                                                                      │
├─────────────────────────────────────────────────── Training/Actor ───────────────────────────────────────────────────┤
│                                                                                                                      │
│actor/approx_kl=0.050                  │actor/clip_fraction=0.160              │actor/clipped_ratio=0.985             │
│actor/dual_cliped_ratio=0.0000         │actor/dvac_current_mean=-4.439         │actor/dvac_current_std=0.647          │
│actor/dvac_history_mean=-4.403         │actor/dvac_history_std=0.667           │actor/dvac_warmup=0.0000              │
│actor/dvac_weight_mean_rank_local=1.016│actor/entropy_loss=0.0000              │actor/grad_norm=38.711                │
│actor/lr=5.60e-06                      │actor/policy_loss=-2.97e-04            │actor/policy_loss_abs=0.453           │
│actor/ratio=0.996                      │actor/ratio_abs=0.179                  │actor/total_loss=-3.71e-05            │
│                                                                                                                      │
╰──────────────────────────────────────────────────────────────────────────────────────────────────────────────────────╯


╭──────────────────────────────────────────────────────────────────────────────────────────────────────────────────────╮
├──────────────────────────────────────────────────── Metric Table ────────────────────────────────────────────────────┤
│ Global Step:    7/100 │ Progress: ██░░░░░░░░░░░░░░░░░░░░░░░░░░░░░░░░░░░░░░ │   7.0%                                  │
│ Elapsed: 02:56:29 │ ETA: 39:04:51 │ Step Time: 1512.808s                                                             │
├──────────────────────────────────────────────────────── Time ────────────────────────────────────────────────────────┤
│                                                                                                                      │
│actor/actor/compute_adv=0.0033         │actor/actor/recv_traj=1472.4           │actor/actor/sync_model_to_rollout=0.6…│
│actor/run_training=34.263              │cal_adv_and_returns=0.0077             │env/compute_bootstrap_rewards=0.0063  │
│env/env/bootstrap_step=851.2           │env/env/send_rollout_trajectories=0.739│env/env_interact_step=587.0           │
│env/interact=1471.5                    │env/run_interact_once=1470.7           │generate_rollouts=1472.5              │
│rollout/generate_one_epoch=1469.9      │rollout/predict=25.878                 │rollout/rollout/generate=1469.9       │
│step=1508.0                            │sync_weights=1.234                     │                                      │
│                                                                                                                      │
├──────────────────────────────────────────────────── Environment ─────────────────────────────────────────────────────┤
│                                                                                                                      │
│episode_len=200.0                      │num_trajectories=256                   │return=0.7890625                      │
│reward=0.0039453125                    │success_once=0.7890625                 │                                      │
│                                                                                                                      │
├────────────────────────────────────────────────────── Rollout ───────────────────────────────────────────────────────┤
│                                                                                                                      │
│advantages_max=1.620                   │advantages_mean=-0.120                 │advantages_min=-2.475                 │
│rewards=0.0040                         │                                       │                                      │
│                                                                                                                      │
├─────────────────────────────────────────────────── Training/Actor ───────────────────────────────────────────────────┤
│                                                                                                                      │
│actor/approx_kl=0.069                  │actor/clip_fraction=0.173              │actor/clipped_ratio=0.972             │
│actor/dual_cliped_ratio=0.0000         │actor/dvac_current_mean=-4.405         │actor/dvac_current_std=0.642          │
│actor/dvac_history_mean=-4.408         │actor/dvac_history_std=0.668           │actor/dvac_warmup=0.0000              │
│actor/dvac_weight_mean_rank_local=1.018│actor/entropy_loss=0.0000              │actor/grad_norm=43.568                │
│actor/lr=5.60e-06                      │actor/policy_loss=0.011                │actor/policy_loss_abs=0.416           │
│actor/ratio=0.975                      │actor/ratio_abs=0.192                  │actor/total_loss=0.0014               │
│                                                                                                                      │
╰──────────────────────────────────────────────────────────────────────────────────────────────────────────────────────╯


╭──────────────────────────────────────────────────────────────────────────────────────────────────────────────────────╮
├──────────────────────────────────────────────────── Metric Table ────────────────────────────────────────────────────┤
│ Global Step:    8/100 │ Progress: ███░░░░░░░░░░░░░░░░░░░░░░░░░░░░░░░░░░░░░ │   8.0%                                  │
│ Elapsed: 03:21:07 │ ETA: 38:32:51 │ Step Time: 1508.386s                                                             │
├──────────────────────────────────────────────────────── Time ────────────────────────────────────────────────────────┤
│                                                                                                                      │
│actor/actor/compute_adv=0.0042         │actor/actor/recv_traj=1441.9           │actor/actor/sync_model_to_rollout=0.6…│
│actor/run_training=34.236              │cal_adv_and_returns=0.0074             │env/compute_bootstrap_rewards=0.011   │
│env/env/bootstrap_step=855.3           │env/env/send_rollout_trajectories=0.765│env/env_interact_step=558.7           │
│env/interact=1441.1                    │env/run_interact_once=1440.4           │generate_rollouts=1442.0              │
│rollout/generate_one_epoch=1439.6      │rollout/predict=26.227                 │rollout/rollout/generate=1439.6       │
│step=1477.4                            │sync_weights=1.202                     │                                      │
│                                                                                                                      │
├──────────────────────────────────────────────────── Environment ─────────────────────────────────────────────────────┤
│                                                                                                                      │
│episode_len=200.0                      │num_trajectories=256                   │return=0.83203125                     │
│reward=0.004160156                     │success_once=0.83203125                │                                      │
│                                                                                                                      │
├────────────────────────────────────────────────────── Rollout ───────────────────────────────────────────────────────┤
│                                                                                                                      │
│advantages_max=1.620                   │advantages_mean=-0.113                 │advantages_min=-2.475                 │
│rewards=0.0043                         │                                       │                                      │
│                                                                                                                      │
├─────────────────────────────────────────────────── Training/Actor ───────────────────────────────────────────────────┤
│                                                                                                                      │
│actor/approx_kl=0.033                  │actor/clip_fraction=0.122              │actor/clipped_ratio=0.989             │
│actor/dual_cliped_ratio=0.0000         │actor/dvac_current_mean=-4.370         │actor/dvac_current_std=0.644          │
│actor/dvac_history_mean=-4.407         │actor/dvac_history_std=0.662           │actor/dvac_warmup=0.0000              │
│actor/dvac_weight_mean_rank_local=1.024│actor/entropy_loss=0.0000              │actor/grad_norm=36.144                │
│actor/lr=5.60e-06                      │actor/policy_loss=0.0022               │actor/policy_loss_abs=0.415           │
│actor/ratio=1.001                      │actor/ratio_abs=0.151                  │actor/total_loss=2.73e-04             │
│                                                                                                                      │
╰──────────────────────────────────────────────────────────────────────────────────────────────────────────────────────╯


╭──────────────────────────────────────────────────────────────────────────────────────────────────────────────────────╮
├──────────────────────────────────────────────────── Metric Table ────────────────────────────────────────────────────┤
│ Global Step:    9/100 │ Progress: ███░░░░░░░░░░░░░░░░░░░░░░░░░░░░░░░░░░░░░ │   9.0%                                  │
│ Elapsed: 03:46:02 │ ETA: 38:05:34 │ Step Time: 1506.974s                                                             │
├──────────────────────────────────────────────────────── Time ────────────────────────────────────────────────────────┤
│                                                                                                                      │
│actor/actor/compute_adv=0.0057         │actor/actor/recv_traj=1460.2           │actor/actor/sync_model_to_rollout=0.6…│
│actor/run_training=34.134              │cal_adv_and_returns=0.0094             │env/compute_bootstrap_rewards=0.0062  │
│env/env/bootstrap_step=855.8           │env/env/send_rollout_trajectories=0.746│env/env_interact_step=569.9           │
│env/interact=1459.5                    │env/run_interact_once=1458.5           │generate_rollouts=1460.3              │
│rollout/generate_one_epoch=1457.7      │rollout/predict=26.233                 │rollout/rollout/generate=1457.7       │
│step=1495.7                            │sync_weights=1.187                     │                                      │
│                                                                                                                      │
├──────────────────────────────────────────────────── Environment ─────────────────────────────────────────────────────┤
│                                                                                                                      │
│episode_len=200.0                      │num_trajectories=256                   │return=0.86328125                     │
│reward=0.004316406                     │success_once=0.86328125                │                                      │
│                                                                                                                      │
├────────────────────────────────────────────────────── Rollout ───────────────────────────────────────────────────────┤
│                                                                                                                      │
│advantages_max=1.208                   │advantages_mean=-0.113                 │advantages_min=-2.475                 │
│rewards=0.0044                         │                                       │                                      │
│                                                                                                                      │
├─────────────────────────────────────────────────── Training/Actor ───────────────────────────────────────────────────┤
│                                                                                                                      │
│actor/approx_kl=0.043                  │actor/clip_fraction=0.134              │actor/clipped_ratio=0.984             │
│actor/dual_cliped_ratio=0.0000         │actor/dvac_current_mean=-4.349         │actor/dvac_current_std=0.620          │
│actor/dvac_history_mean=-4.401         │actor/dvac_history_std=0.648           │actor/dvac_warmup=0.0000              │
│actor/dvac_weight_mean_rank_local=1.027│actor/entropy_loss=0.0000              │actor/grad_norm=34.438                │
│actor/lr=5.60e-06                      │actor/policy_loss=4.84e-04             │actor/policy_loss_abs=0.363           │
│actor/ratio=0.987                      │actor/ratio_abs=0.154                  │actor/total_loss=6.05e-05             │
│                                                                                                                      │
╰──────────────────────────────────────────────────────────────────────────────────────────────────────────────────────╯


╭──────────────────────────────────────────────────────────────────────────────────────────────────────────────────────╮
├──────────────────────────────────────────────────── Metric Table ────────────────────────────────────────────────────┤
│ Global Step:   10/100 │ Progress: ████░░░░░░░░░░░░░░░░░░░░░░░░░░░░░░░░░░░░ │  10.0%                                  │
│ Elapsed: 04:10:56 │ ETA: 37:38:31 │ Step Time: 1505.685s                                                             │
├──────────────────────────────────────────────────────── Time ────────────────────────────────────────────────────────┤
│                                                                                                                      │
│actor/actor/compute_adv=0.0037         │actor/actor/recv_traj=1443.2           │actor/actor/sync_model_to_rollout=0.6…│
│actor/run_training=33.977              │cal_adv_and_returns=0.0076             │env/compute_bootstrap_rewards=0.0065  │
│env/env/bootstrap_step=850.0           │env/env/send_rollout_trajectories=0.769│env/env_interact_step=560.2           │
│env/interact=1442.4                    │env/run_interact_once=1441.5           │generate_rollouts=1443.3              │
│rollout/generate_one_epoch=1440.7      │rollout/predict=25.947                 │rollout/rollout/generate=1440.7       │
│step=1494.1                            │sync_weights=1.170                     │                                      │
│                                                                                                                      │
├──────────────────────────────────────────────────── Environment ─────────────────────────────────────────────────────┤
│                                                                                                                      │
│episode_len=200.0                      │num_trajectories=256                   │return=0.78515625                     │
│reward=0.003925781                     │success_once=0.78515625                │                                      │
│                                                                                                                      │
├────────────────────────────────────────────────────── Rollout ───────────────────────────────────────────────────────┤
│                                                                                                                      │
│advantages_max=1.620                   │advantages_mean=-0.120                 │advantages_min=-2.475                 │
│rewards=0.0039                         │                                       │                                      │
│                                                                                                                      │
├─────────────────────────────────────────────────── Training/Actor ───────────────────────────────────────────────────┤
│                                                                                                                      │
│actor/approx_kl=0.025                  │actor/clip_fraction=0.100              │actor/clipped_ratio=0.991             │
│actor/dual_cliped_ratio=0.0000         │actor/dvac_current_mean=-4.313         │actor/dvac_current_std=0.646          │
│actor/dvac_history_mean=-4.394         │actor/dvac_history_std=0.638           │actor/dvac_warmup=0.0000              │
│actor/dvac_weight_mean_rank_local=1.032│actor/entropy_loss=0.0000              │actor/grad_norm=33.054                │
│actor/lr=5.60e-06                      │actor/policy_loss=0.0069               │actor/policy_loss_abs=0.422           │
│actor/ratio=1.003                      │actor/ratio_abs=0.137                  │actor/total_loss=8.64e-04             │
│                                                                                                                      │
╰──────────────────────────────────────────────────────────────────────────────────────────────────────────────────────╯


╭──────────────────────────────────────────────────────────────────────────────────────────────────────────────────────╮
├──────────────────────────────────────────────────── Metric Table ────────────────────────────────────────────────────┤
│ Global Step:   11/100 │ Progress: ████░░░░░░░░░░░░░░░░░░░░░░░░░░░░░░░░░░░░ │  11.0%                                  │
│ Elapsed: 04:35:21 │ ETA: 37:07:55 │ Step Time: 1501.977s                                                             │
├──────────────────────────────────────────────────────── Time ────────────────────────────────────────────────────────┤
│                                                                                                                      │
│actor/actor/compute_adv=0.0048         │actor/actor/recv_traj=1429.6           │actor/actor/sync_model_to_rollout=0.5…│
│actor/run_training=34.093              │cal_adv_and_returns=0.0079             │env/compute_bootstrap_rewards=0.0063  │
│env/env/bootstrap_step=848.2           │env/env/send_rollout_trajectories=0.753│env/env_interact_step=551.3           │
│env/interact=1428.9                    │env/run_interact_once=1428.1           │generate_rollouts=1429.6              │
│rollout/generate_one_epoch=1427.3      │rollout/predict=25.843                 │rollout/rollout/generate=1427.3       │
│step=1464.9                            │sync_weights=1.136                     │                                      │
│                                                                                                                      │
├──────────────────────────────────────────────────── Environment ─────────────────────────────────────────────────────┤
│                                                                                                                      │
│episode_len=200.0                      │num_trajectories=256                   │return=0.87890625                     │
│reward=0.004394531                     │success_once=0.87890625                │                                      │
│                                                                                                                      │
├────────────────────────────────────────────────────── Rollout ───────────────────────────────────────────────────────┤
│                                                                                                                      │
│advantages_max=1.208                   │advantages_mean=-0.117                 │advantages_min=-2.475                 │
│rewards=0.0047                         │                                       │                                      │
│                                                                                                                      │
├─────────────────────────────────────────────────── Training/Actor ───────────────────────────────────────────────────┤
│                                                                                                                      │
│actor/approx_kl=0.033                  │actor/clip_fraction=0.139              │actor/clipped_ratio=0.985             │
│actor/dual_cliped_ratio=0.0000         │actor/dvac_current_mean=-4.367         │actor/dvac_current_std=0.615          │
│actor/dvac_history_mean=-4.376         │actor/dvac_history_std=0.641           │actor/dvac_warmup=0.0000              │
│actor/dvac_weight_mean_rank_local=1.019│actor/entropy_loss=0.0000              │actor/grad_norm=28.825                │
│actor/lr=5.60e-06                      │actor/policy_loss=-0.0033              │actor/policy_loss_abs=0.366           │
│actor/ratio=1.007                      │actor/ratio_abs=0.165                  │actor/total_loss=-4.13e-04            │
│                                                                                                                      │
╰──────────────────────────────────────────────────────────────────────────────────────────────────────────────────────╯


╭──────────────────────────────────────────────────────────────────────────────────────────────────────────────────────╮
├──────────────────────────────────────────────────── Metric Table ────────────────────────────────────────────────────┤
│ Global Step:   12/100 │ Progress: ████░░░░░░░░░░░░░░░░░░░░░░░░░░░░░░░░░░░░ │  12.0%                                  │
│ Elapsed: 05:00:27 │ ETA: 36:43:20 │ Step Time: 1502.282s                                                             │
├──────────────────────────────────────────────────────── Time ────────────────────────────────────────────────────────┤
│                                                                                                                      │
│actor/actor/compute_adv=0.0032         │actor/actor/recv_traj=1470.2           │actor/actor/sync_model_to_rollout=0.6…│
│actor/run_training=34.074              │cal_adv_and_returns=0.0066             │env/compute_bootstrap_rewards=0.0064  │
│env/env/bootstrap_step=854.2           │env/env/send_rollout_trajectories=0.741│env/env_interact_step=583.7           │
│env/interact=1469.4                    │env/run_interact_once=1468.6           │generate_rollouts=1470.3              │
│rollout/generate_one_epoch=1467.8      │rollout/predict=25.905                 │rollout/rollout/generate=1467.8       │
│step=1505.6                            │sync_weights=1.226                     │                                      │
│                                                                                                                      │
├──────────────────────────────────────────────────── Environment ─────────────────────────────────────────────────────┤
│                                                                                                                      │
│episode_len=200.0                      │num_trajectories=256                   │return=0.77734375                     │
│reward=0.0038867188                    │success_once=0.77734375                │                                      │
│                                                                                                                      │
├────────────────────────────────────────────────────── Rollout ───────────────────────────────────────────────────────┤
│                                                                                                                      │
│advantages_max=2.475                   │advantages_mean=-0.116                 │advantages_min=-2.475                 │
│rewards=0.0043                         │                                       │                                      │
│                                                                                                                      │
├─────────────────────────────────────────────────── Training/Actor ───────────────────────────────────────────────────┤
│                                                                                                                      │
│actor/approx_kl=0.024                  │actor/clip_fraction=0.115              │actor/clipped_ratio=0.993             │
│actor/dual_cliped_ratio=0.0000         │actor/dvac_current_mean=-4.267         │actor/dvac_current_std=0.617          │
│actor/dvac_history_mean=-4.361         │actor/dvac_history_std=0.634           │actor/dvac_warmup=0.0000              │
│actor/dvac_weight_mean_rank_local=1.030│actor/entropy_loss=0.0000              │actor/grad_norm=36.776                │
│actor/lr=5.60e-06                      │actor/policy_loss=-0.0029              │actor/policy_loss_abs=0.491           │
│actor/ratio=1.000                      │actor/ratio_abs=0.129                  │actor/total_loss=-3.57e-04            │
│                                                                                                                      │
╰──────────────────────────────────────────────────────────────────────────────────────────────────────────────────────╯


╭──────────────────────────────────────────────────────────────────────────────────────────────────────────────────────╮
├──────────────────────────────────────────────────── Metric Table ────────────────────────────────────────────────────┤
│ Global Step:   13/100 │ Progress: █████░░░░░░░░░░░░░░░░░░░░░░░░░░░░░░░░░░░ │  13.0%                                  │
│ Elapsed: 05:25:38 │ ETA: 36:19:16 │ Step Time: 1502.943s                                                             │
├──────────────────────────────────────────────────────── Time ────────────────────────────────────────────────────────┤
│                                                                                                                      │
│actor/actor/compute_adv=0.0032         │actor/actor/recv_traj=1475.5           │actor/actor/sync_model_to_rollout=0.6…│
│actor/run_training=34.058              │cal_adv_and_returns=0.0068             │env/compute_bootstrap_rewards=0.0067  │
│env/env/bootstrap_step=859.6           │env/env/send_rollout_trajectories=0.789│env/env_interact_step=581.5           │
│env/interact=1474.8                    │env/run_interact_once=1473.8           │generate_rollouts=1475.6              │
│rollout/generate_one_epoch=1473.0      │rollout/predict=25.948                 │rollout/rollout/generate=1473.0       │
│step=1510.9                            │sync_weights=1.173                     │                                      │
│                                                                                                                      │
├──────────────────────────────────────────────────── Environment ─────────────────────────────────────────────────────┤
│                                                                                                                      │
│episode_len=200.0                      │num_trajectories=256                   │return=0.765625                       │
│reward=0.0038281248                    │success_once=0.765625                  │                                      │
│                                                                                                                      │
├────────────────────────────────────────────────────── Rollout ───────────────────────────────────────────────────────┤
│                                                                                                                      │
│advantages_max=2.475                   │advantages_mean=-0.113                 │advantages_min=-2.475                 │
│rewards=0.0035                         │                                       │                                      │
│                                                                                                                      │
├─────────────────────────────────────────────────── Training/Actor ───────────────────────────────────────────────────┤
│                                                                                                                      │
│actor/approx_kl=0.042                  │actor/clip_fraction=0.140              │actor/clipped_ratio=0.990             │
│actor/dual_cliped_ratio=0.0000         │actor/dvac_current_mean=-4.254         │actor/dvac_current_std=0.642          │
│actor/dvac_history_mean=-4.333         │actor/dvac_history_std=0.630           │actor/dvac_warmup=0.0000              │
│actor/dvac_weight_mean_rank_local=1.030│actor/entropy_loss=0.0000              │actor/grad_norm=41.789                │
│actor/lr=5.60e-06                      │actor/policy_loss=0.0032               │actor/policy_loss_abs=0.386           │
│actor/ratio=0.994                      │actor/ratio_abs=0.158                  │actor/total_loss=4.05e-04             │
│                                                                                                                      │
╰──────────────────────────────────────────────────────────────────────────────────────────────────────────────────────╯


╭──────────────────────────────────────────────────────────────────────────────────────────────────────────────────────╮
├──────────────────────────────────────────────────── Metric Table ────────────────────────────────────────────────────┤
│ Global Step:   14/100 │ Progress: █████░░░░░░░░░░░░░░░░░░░░░░░░░░░░░░░░░░░ │  14.0%                                  │
│ Elapsed: 05:50:31 │ ETA: 35:53:11 │ Step Time: 1502.224s                                                             │
├──────────────────────────────────────────────────────── Time ────────────────────────────────────────────────────────┤
│                                                                                                                      │
│actor/actor/compute_adv=0.0029         │actor/actor/recv_traj=1457.5           │actor/actor/sync_model_to_rollout=0.6…│
│actor/run_training=34.014              │cal_adv_and_returns=0.0066             │env/compute_bootstrap_rewards=0.0066  │
│env/env/bootstrap_step=862.8           │env/env/send_rollout_trajectories=0.754│env/env_interact_step=562.8           │
│env/interact=1456.8                    │env/run_interact_once=1456.0           │generate_rollouts=1457.6              │
│rollout/generate_one_epoch=1455.2      │rollout/predict=26.205                 │rollout/rollout/generate=1455.2       │
│step=1492.9                            │sync_weights=1.194                     │                                      │
│                                                                                                                      │
├──────────────────────────────────────────────────── Environment ─────────────────────────────────────────────────────┤
│                                                                                                                      │
│episode_len=200.0                      │num_trajectories=256                   │return=0.80078125                     │
│reward=0.004003906                     │success_once=0.80078125                │                                      │
│                                                                                                                      │
├────────────────────────────────────────────────────── Rollout ───────────────────────────────────────────────────────┤
│                                                                                                                      │
│advantages_max=2.475                   │advantages_mean=-0.117                 │advantages_min=-2.475                 │
│rewards=0.0042                         │                                       │                                      │
│                                                                                                                      │
├─────────────────────────────────────────────────── Training/Actor ───────────────────────────────────────────────────┤
│                                                                                                                      │
│actor/approx_kl=0.051                  │actor/clip_fraction=0.127              │actor/clipped_ratio=0.988             │
│actor/dual_cliped_ratio=0.0000         │actor/dvac_current_mean=-4.284         │actor/dvac_current_std=0.614          │
│actor/dvac_history_mean=-4.310         │actor/dvac_history_std=0.630           │actor/dvac_warmup=0.0000              │
│actor/dvac_weight_mean_rank_local=1.025│actor/entropy_loss=0.0000              │actor/grad_norm=38.995                │
│actor/lr=5.60e-06                      │actor/policy_loss=0.0085               │actor/policy_loss_abs=0.496           │
│actor/ratio=0.983                      │actor/ratio_abs=0.155                  │actor/total_loss=0.0011               │
│                                                                                                                      │
╰──────────────────────────────────────────────────────────────────────────────────────────────────────────────────────╯


╭──────────────────────────────────────────────────────────────────────────────────────────────────────────────────────╮
├──────────────────────────────────────────────────── Metric Table ────────────────────────────────────────────────────┤
│ Global Step:   15/100 │ Progress: ██████░░░░░░░░░░░░░░░░░░░░░░░░░░░░░░░░░░ │  15.0%                                  │
│ Elapsed: 06:15:28 │ ETA: 35:27:42 │ Step Time: 1501.913s                                                             │
├──────────────────────────────────────────────────────── Time ────────────────────────────────────────────────────────┤
│                                                                                                                      │
│actor/actor/compute_adv=0.0030         │actor/actor/recv_traj=1462.2           │actor/actor/sync_model_to_rollout=0.6…│
│actor/run_training=34.036              │cal_adv_and_returns=0.0062             │env/compute_bootstrap_rewards=0.0072  │
│env/env/bootstrap_step=849.5           │env/env/send_rollout_trajectories=0.754│env/env_interact_step=580.9           │
│env/interact=1461.5                    │env/run_interact_once=1460.6           │generate_rollouts=1462.3              │
│rollout/generate_one_epoch=1459.8      │rollout/predict=25.931                 │rollout/rollout/generate=1459.8       │
│step=1497.5                            │sync_weights=1.164                     │                                      │
│                                                                                                                      │
├──────────────────────────────────────────────────── Environment ─────────────────────────────────────────────────────┤
│                                                                                                                      │
│episode_len=200.0                      │num_trajectories=256                   │return=0.81640625                     │
│reward=0.004082031                     │success_once=0.81640625                │                                      │
│                                                                                                                      │
├────────────────────────────────────────────────────── Rollout ───────────────────────────────────────────────────────┤
│                                                                                                                      │
│advantages_max=2.475                   │advantages_mean=-0.113                 │advantages_min=-2.475                 │
│rewards=0.0041                         │                                       │                                      │
│                                                                                                                      │
├─────────────────────────────────────────────────── Training/Actor ───────────────────────────────────────────────────┤
│                                                                                                                      │
│actor/approx_kl=0.043                  │actor/clip_fraction=0.136              │actor/clipped_ratio=0.982             │
│actor/dual_cliped_ratio=0.0000         │actor/dvac_current_mean=-4.241         │actor/dvac_current_std=0.601          │
│actor/dvac_history_mean=-4.297         │actor/dvac_history_std=0.628           │actor/dvac_warmup=0.0000              │
│actor/dvac_weight_mean_rank_local=1.029│actor/entropy_loss=0.0000              │actor/grad_norm=35.456                │
│actor/lr=5.60e-06                      │actor/policy_loss=0.0037               │actor/policy_loss_abs=0.344           │
│actor/ratio=0.988                      │actor/ratio_abs=0.154                  │actor/total_loss=4.61e-04             │
│                                                                                                                      │
╰──────────────────────────────────────────────────────────────────────────────────────────────────────────────────────╯


╭──────────────────────────────────────────────────────────────────────────────────────────────────────────────────────╮
├──────────────────────────────────────────────────── Metric Table ────────────────────────────────────────────────────┤
│ Global Step:   16/100 │ Progress: ██████░░░░░░░░░░░░░░░░░░░░░░░░░░░░░░░░░░ │  16.0%                                  │
│ Elapsed: 06:39:57 │ ETA: 34:59:44 │ Step Time: 1499.821s                                                             │
├──────────────────────────────────────────────────────── Time ────────────────────────────────────────────────────────┤
│                                                                                                                      │
│actor/actor/compute_adv=0.0040         │actor/actor/recv_traj=1433.0           │actor/actor/sync_model_to_rollout=0.6…│
│actor/run_training=34.191              │cal_adv_and_returns=0.0072             │env/compute_bootstrap_rewards=0.0071  │
│env/env/bootstrap_step=852.5           │env/env/send_rollout_trajectories=0.777│env/env_interact_step=545.7           │
│env/interact=1432.2                    │env/run_interact_once=1431.3           │generate_rollouts=1433.0              │
│rollout/generate_one_epoch=1430.5      │rollout/predict=26.237                 │rollout/rollout/generate=1430.5       │
│step=1468.4                            │sync_weights=1.181                     │                                      │
│                                                                                                                      │
├──────────────────────────────────────────────────── Environment ─────────────────────────────────────────────────────┤
│                                                                                                                      │
│episode_len=200.0                      │num_trajectories=256                   │return=0.84375                        │
│reward=0.0042187497                    │success_once=0.84375                   │                                      │
│                                                                                                                      │
├────────────────────────────────────────────────────── Rollout ───────────────────────────────────────────────────────┤
│                                                                                                                      │
│advantages_max=2.475                   │advantages_mean=-0.113                 │advantages_min=-2.475                 │
│rewards=0.0040                         │                                       │                                      │
│                                                                                                                      │
├─────────────────────────────────────────────────── Training/Actor ───────────────────────────────────────────────────┤
│                                                                                                                      │
│actor/approx_kl=0.031                  │actor/clip_fraction=0.084              │actor/clipped_ratio=0.985             │
│actor/dual_cliped_ratio=0.0000         │actor/dvac_current_mean=-4.241         │actor/dvac_current_std=0.596          │
│actor/dvac_history_mean=-4.283         │actor/dvac_history_std=0.620           │actor/dvac_warmup=0.0000              │
│actor/dvac_weight_mean_rank_local=1.030│actor/entropy_loss=0.0000              │actor/grad_norm=31.225                │
│actor/lr=5.60e-06                      │actor/policy_loss=-0.0026              │actor/policy_loss_abs=0.347           │
│actor/ratio=0.991                      │actor/ratio_abs=0.118                  │actor/total_loss=-3.25e-04            │
│                                                                                                                      │
╰──────────────────────────────────────────────────────────────────────────────────────────────────────────────────────╯


╭──────────────────────────────────────────────────────────────────────────────────────────────────────────────────────╮
├──────────────────────────────────────────────────── Metric Table ────────────────────────────────────────────────────┤
│ Global Step:   17/100 │ Progress: ██████░░░░░░░░░░░░░░░░░░░░░░░░░░░░░░░░░░ │  17.0%                                  │
│ Elapsed: 07:04:50 │ ETA: 34:34:14 │ Step Time: 1499.454s                                                             │
├──────────────────────────────────────────────────────── Time ────────────────────────────────────────────────────────┤
│                                                                                                                      │
│actor/actor/compute_adv=0.0038         │actor/actor/recv_traj=1458.3           │actor/actor/sync_model_to_rollout=0.6…│
│actor/run_training=33.977              │cal_adv_and_returns=0.0071             │env/compute_bootstrap_rewards=0.0066  │
│env/env/bootstrap_step=848.1           │env/env/send_rollout_trajectories=0.811│env/env_interact_step=575.7           │
│env/interact=1457.5                    │env/run_interact_once=1456.6           │generate_rollouts=1458.4              │
│rollout/generate_one_epoch=1455.8      │rollout/predict=26.092                 │rollout/rollout/generate=1455.8       │
│step=1493.6                            │sync_weights=1.189                     │                                      │
│                                                                                                                      │
├──────────────────────────────────────────────────── Environment ─────────────────────────────────────────────────────┤
│                                                                                                                      │
│episode_len=200.0                      │num_trajectories=256                   │return=0.80859375                     │
│reward=0.004042968                     │success_once=0.80859375                │                                      │
│                                                                                                                      │
├────────────────────────────────────────────────────── Rollout ───────────────────────────────────────────────────────┤
│                                                                                                                      │
│advantages_max=2.475                   │advantages_mean=-0.108                 │advantages_min=-2.475                 │
│rewards=0.0041                         │                                       │                                      │
│                                                                                                                      │
├─────────────────────────────────────────────────── Training/Actor ───────────────────────────────────────────────────┤
│                                                                                                                      │
│actor/approx_kl=0.036                  │actor/clip_fraction=0.128              │actor/clipped_ratio=0.989             │
│actor/dual_cliped_ratio=0.0000         │actor/dvac_current_mean=-4.201         │actor/dvac_current_std=0.613          │
│actor/dvac_history_mean=-4.257         │actor/dvac_history_std=0.614           │actor/dvac_warmup=0.0000              │
│actor/dvac_weight_mean_rank_local=1.026│actor/entropy_loss=0.0000              │actor/grad_norm=31.449                │
│actor/lr=5.60e-06                      │actor/policy_loss=3.40e-05             │actor/policy_loss_abs=0.349           │
│actor/ratio=1.004                      │actor/ratio_abs=0.160                  │actor/total_loss=4.25e-06             │
│                                                                                                                      │
╰──────────────────────────────────────────────────────────────────────────────────────────────────────────────────────╯


╭──────────────────────────────────────────────────────────────────────────────────────────────────────────────────────╮
├──────────────────────────────────────────────────── Metric Table ────────────────────────────────────────────────────┤
│ Global Step:   18/100 │ Progress: ███████░░░░░░░░░░░░░░░░░░░░░░░░░░░░░░░░░ │  18.0%                                  │
│ Elapsed: 07:29:19 │ ETA: 34:06:56 │ Step Time: 1497.758s                                                             │
├──────────────────────────────────────────────────────── Time ────────────────────────────────────────────────────────┤
│                                                                                                                      │
│actor/actor/compute_adv=0.0032         │actor/actor/recv_traj=1433.7           │actor/actor/sync_model_to_rollout=0.6…│
│actor/run_training=33.904              │cal_adv_and_returns=0.0061             │env/compute_bootstrap_rewards=0.0066  │
│env/env/bootstrap_step=857.4           │env/env/send_rollout_trajectories=0.748│env/env_interact_step=542.0           │
│env/interact=1432.9                    │env/run_interact_once=1432.2           │generate_rollouts=1433.8              │
│rollout/generate_one_epoch=1431.4      │rollout/predict=26.224                 │rollout/rollout/generate=1431.4       │
│step=1468.9                            │sync_weights=1.195                     │                                      │
│                                                                                                                      │
├──────────────────────────────────────────────────── Environment ─────────────────────────────────────────────────────┤
│                                                                                                                      │
│episode_len=200.0                      │num_trajectories=256                   │return=0.8984375                      │
│reward=0.004492187                     │success_once=0.8984375                 │                                      │
│                                                                                                                      │
├────────────────────────────────────────────────────── Rollout ───────────────────────────────────────────────────────┤
│                                                                                                                      │
│advantages_max=1.620                   │advantages_mean=-0.116                 │advantages_min=-2.475                 │
│rewards=0.0041                         │                                       │                                      │
│                                                                                                                      │
├─────────────────────────────────────────────────── Training/Actor ───────────────────────────────────────────────────┤
│                                                                                                                      │
│actor/approx_kl=0.033                  │actor/clip_fraction=0.150              │actor/clipped_ratio=0.993             │
│actor/dual_cliped_ratio=0.0000         │actor/dvac_current_mean=-4.248         │actor/dvac_current_std=0.570          │
│actor/dvac_history_mean=-4.244         │actor/dvac_history_std=0.614           │actor/dvac_warmup=0.0000              │
│actor/dvac_weight_mean_rank_local=1.016│actor/entropy_loss=0.0000              │actor/grad_norm=24.328                │
│actor/lr=5.60e-06                      │actor/policy_loss=0.0012               │actor/policy_loss_abs=0.235           │
│actor/ratio=1.001                      │actor/ratio_abs=0.164                  │actor/total_loss=1.49e-04             │
│                                                                                                                      │
╰──────────────────────────────────────────────────────────────────────────────────────────────────────────────────────╯


╭──────────────────────────────────────────────────────────────────────────────────────────────────────────────────────╮
├──────────────────────────────────────────────────── Metric Table ────────────────────────────────────────────────────┤
│ Global Step:   19/100 │ Progress: ███████░░░░░░░░░░░░░░░░░░░░░░░░░░░░░░░░░ │  19.0%                                  │
│ Elapsed: 07:54:06 │ ETA: 33:41:12 │ Step Time: 1497.195s                                                             │
├──────────────────────────────────────────────────────── Time ────────────────────────────────────────────────────────┤
│                                                                                                                      │
│actor/actor/compute_adv=0.0036         │actor/actor/recv_traj=1451.8           │actor/actor/sync_model_to_rollout=0.6…│
│actor/run_training=33.923              │cal_adv_and_returns=0.0070             │env/compute_bootstrap_rewards=0.0069  │
│env/env/bootstrap_step=856.0           │env/env/send_rollout_trajectories=0.810│env/env_interact_step=561.3           │
│env/interact=1451.0                    │env/run_interact_once=1450.1           │generate_rollouts=1451.9              │
│rollout/generate_one_epoch=1449.3      │rollout/predict=25.774                 │rollout/rollout/generate=1449.3       │
│step=1487.0                            │sync_weights=1.165                     │                                      │
│                                                                                                                      │
├──────────────────────────────────────────────────── Environment ─────────────────────────────────────────────────────┤
│                                                                                                                      │
│episode_len=200.0                      │num_trajectories=256                   │return=0.890625                       │
│reward=0.0044531245                    │success_once=0.890625                  │                                      │
│                                                                                                                      │
├────────────────────────────────────────────────────── Rollout ───────────────────────────────────────────────────────┤
│                                                                                                                      │
│advantages_max=1.620                   │advantages_mean=-0.112                 │advantages_min=-2.475                 │
│rewards=0.0046                         │                                       │                                      │
│                                                                                                                      │
├─────────────────────────────────────────────────── Training/Actor ───────────────────────────────────────────────────┤
│                                                                                                                      │
│actor/approx_kl=0.040                  │actor/clip_fraction=0.147              │actor/clipped_ratio=0.993             │
│actor/dual_cliped_ratio=0.0000         │actor/dvac_current_mean=-4.221         │actor/dvac_current_std=0.551          │
│actor/dvac_history_mean=-4.243         │actor/dvac_history_std=0.600           │actor/dvac_warmup=0.0000              │
│actor/dvac_weight_mean_rank_local=1.019│actor/entropy_loss=0.0000              │actor/grad_norm=43.251                │
│actor/lr=5.60e-06                      │actor/policy_loss=0.010                │actor/policy_loss_abs=0.316           │
│actor/ratio=1.009                      │actor/ratio_abs=0.192                  │actor/total_loss=0.0013               │
│                                                                                                                      │
╰──────────────────────────────────────────────────────────────────────────────────────────────────────────────────────╯


╭──────────────────────────────────────────────────────────────────────────────────────────────────────────────────────╮
├──────────────────────────────────────────────────── Metric Table ────────────────────────────────────────────────────┤
│ Global Step:   20/100 │ Progress: ████████░░░░░░░░░░░░░░░░░░░░░░░░░░░░░░░░ │  20.0%                                  │
│ Elapsed: 08:19:09 │ ETA: 33:16:38 │ Step Time: 1497.480s                                                             │
├──────────────────────────────────────────────────────── Time ────────────────────────────────────────────────────────┤
│                                                                                                                      │
│actor/actor/compute_adv=0.0060         │actor/actor/recv_traj=1452.2           │actor/actor/sync_model_to_rollout=0.6…│
│actor/run_training=34.057              │cal_adv_and_returns=0.0094             │env/compute_bootstrap_rewards=0.0066  │
│env/env/bootstrap_step=850.5           │env/env/send_rollout_trajectories=0.802│env/env_interact_step=567.5           │
│env/interact=1451.5                    │env/run_interact_once=1450.6           │generate_rollouts=1452.3              │
│rollout/generate_one_epoch=1449.8      │rollout/predict=25.850                 │rollout/rollout/generate=1449.9       │
│step=1502.9                            │sync_weights=1.217                     │                                      │
│                                                                                                                      │
├──────────────────────────────────────────────────── Environment ─────────────────────────────────────────────────────┤
│                                                                                                                      │
│episode_len=200.0                      │num_trajectories=256                   │return=0.92578125                     │
│reward=0.0046289056                    │success_once=0.92578125                │                                      │
│                                                                                                                      │
├────────────────────────────────────────────────────── Rollout ───────────────────────────────────────────────────────┤
│                                                                                                                      │
│advantages_max=1.208                   │advantages_mean=-0.116                 │advantages_min=-2.475                 │
│rewards=0.0045                         │                                       │                                      │
│                                                                                                                      │
├─────────────────────────────────────────────────── Training/Actor ───────────────────────────────────────────────────┤
│                                                                                                                      │
│actor/approx_kl=0.051                  │actor/clip_fraction=0.147              │actor/clipped_ratio=0.988             │
│actor/dual_cliped_ratio=0.0000         │actor/dvac_current_mean=-4.258         │actor/dvac_current_std=0.553          │
│actor/dvac_history_mean=-4.230         │actor/dvac_history_std=0.587           │actor/dvac_warmup=0.0000              │
│actor/dvac_weight_mean_rank_local=1.027│actor/entropy_loss=0.0000              │actor/grad_norm=30.946                │
│actor/lr=5.60e-06                      │actor/policy_loss=0.0071               │actor/policy_loss_abs=0.210           │
│actor/ratio=0.998                      │actor/ratio_abs=0.181                  │actor/total_loss=8.83e-04             │
│                                                                                                                      │
╰──────────────────────────────────────────────────────────────────────────────────────────────────────────────────────╯


╭──────────────────────────────────────────────────────────────────────────────────────────────────────────────────────╮
├──────────────────────────────────────────────────── Metric Table ────────────────────────────────────────────────────┤
│ Global Step:   21/100 │ Progress: ████████░░░░░░░░░░░░░░░░░░░░░░░░░░░░░░░░ │  21.0%                                  │
│ Elapsed: 08:43:47 │ ETA: 32:50:25 │ Step Time: 1496.526s                                                             │
├──────────────────────────────────────────────────────── Time ────────────────────────────────────────────────────────┤
│                                                                                                                      │
│actor/actor/compute_adv=0.0036         │actor/actor/recv_traj=1442.0           │actor/actor/sync_model_to_rollout=0.6…│
│actor/run_training=34.185              │cal_adv_and_returns=0.0074             │env/compute_bootstrap_rewards=0.0062  │
│env/env/bootstrap_step=860.8           │env/env/send_rollout_trajectories=0.828│env/env_interact_step=559.9           │
│env/interact=1441.3                    │env/run_interact_once=1440.3           │generate_rollouts=1442.1              │
│rollout/generate_one_epoch=1439.5      │rollout/predict=26.036                 │rollout/rollout/generate=1439.5       │
│step=1477.4                            │sync_weights=1.170                     │                                      │
│                                                                                                                      │
├──────────────────────────────────────────────────── Environment ─────────────────────────────────────────────────────┤
│                                                                                                                      │
│episode_len=200.0                      │num_trajectories=256                   │return=0.875                          │
│reward=0.0043749996                    │success_once=0.875                     │                                      │
│                                                                                                                      │
├────────────────────────────────────────────────────── Rollout ───────────────────────────────────────────────────────┤
│                                                                                                                      │
│advantages_max=1.208                   │advantages_mean=-0.117                 │advantages_min=-2.475                 │
│rewards=0.0043                         │                                       │                                      │
│                                                                                                                      │
├─────────────────────────────────────────────────── Training/Actor ───────────────────────────────────────────────────┤
│                                                                                                                      │
│actor/approx_kl=0.035                  │actor/clip_fraction=0.113              │actor/clipped_ratio=0.994             │
│actor/dual_cliped_ratio=0.0000         │actor/dvac_current_mean=-4.176         │actor/dvac_current_std=0.574          │
│actor/dvac_history_mean=-4.234         │actor/dvac_history_std=0.578           │actor/dvac_warmup=0.0000              │
│actor/dvac_weight_mean_rank_local=1.027│actor/entropy_loss=0.0000              │actor/grad_norm=39.593                │
│actor/lr=5.60e-06                      │actor/policy_loss=0.0081               │actor/policy_loss_abs=0.337           │
│actor/ratio=1.000                      │actor/ratio_abs=0.151                  │actor/total_loss=0.0010               │
│                                                                                                                      │
╰──────────────────────────────────────────────────────────────────────────────────────────────────────────────────────╯


╭──────────────────────────────────────────────────────────────────────────────────────────────────────────────────────╮
├──────────────────────────────────────────────────── Metric Table ────────────────────────────────────────────────────┤
│ Global Step:   22/100 │ Progress: ████████░░░░░░░░░░░░░░░░░░░░░░░░░░░░░░░░ │  22.0%                                  │
│ Elapsed: 09:08:31 │ ETA: 32:24:44 │ Step Time: 1495.960s                                                             │
├──────────────────────────────────────────────────────── Time ────────────────────────────────────────────────────────┤
│                                                                                                                      │
│actor/actor/compute_adv=0.0038         │actor/actor/recv_traj=1448.8           │actor/actor/sync_model_to_rollout=0.6…│
│actor/run_training=33.917              │cal_adv_and_returns=0.0069             │env/compute_bootstrap_rewards=0.0063  │
│env/env/bootstrap_step=849.4           │env/env/send_rollout_trajectories=0.768│env/env_interact_step=565.9           │
│env/interact=1448.2                    │env/run_interact_once=1447.3           │generate_rollouts=1449.0              │
│rollout/generate_one_epoch=1446.5      │rollout/predict=25.974                 │rollout/rollout/generate=1446.5       │
│step=1484.1                            │sync_weights=1.169                     │                                      │
│                                                                                                                      │
├──────────────────────────────────────────────────── Environment ─────────────────────────────────────────────────────┤
│                                                                                                                      │
│episode_len=200.0                      │num_trajectories=256                   │return=0.8984375                      │
│reward=0.004492187                     │success_once=0.8984375                 │                                      │
│                                                                                                                      │
├────────────────────────────────────────────────────── Rollout ───────────────────────────────────────────────────────┤
│                                                                                                                      │
│advantages_max=1.620                   │advantages_mean=-0.111                 │advantages_min=-2.475                 │
│rewards=0.0046                         │                                       │                                      │
│                                                                                                                      │
├─────────────────────────────────────────────────── Training/Actor ───────────────────────────────────────────────────┤
│                                                                                                                      │
│actor/approx_kl=0.064                  │actor/clip_fraction=0.142              │actor/clipped_ratio=0.977             │
│actor/dual_cliped_ratio=0.0000         │actor/dvac_current_mean=-4.232         │actor/dvac_current_std=0.532          │
│actor/dvac_history_mean=-4.221         │actor/dvac_history_std=0.574           │actor/dvac_warmup=0.0000              │
│actor/dvac_weight_mean_rank_local=1.015│actor/entropy_loss=0.0000              │actor/grad_norm=31.486                │
│actor/lr=5.60e-06                      │actor/policy_loss=1.72e-04             │actor/policy_loss_abs=0.282           │
│actor/ratio=0.985                      │actor/ratio_abs=0.182                  │actor/total_loss=2.15e-05             │
│                                                                                                                      │
╰──────────────────────────────────────────────────────────────────────────────────────────────────────────────────────╯


╭──────────────────────────────────────────────────────────────────────────────────────────────────────────────────────╮
├──────────────────────────────────────────────────── Metric Table ────────────────────────────────────────────────────┤
│ Global Step:   23/100 │ Progress: █████████░░░░░░░░░░░░░░░░░░░░░░░░░░░░░░░ │  23.0%                                  │
│ Elapsed: 09:33:13 │ ETA: 31:59:02 │ Step Time: 1495.356s                                                             │
├──────────────────────────────────────────────────────── Time ────────────────────────────────────────────────────────┤
│                                                                                                                      │
│actor/actor/compute_adv=0.0031         │actor/actor/recv_traj=1447.0           │actor/actor/sync_model_to_rollout=0.6…│
│actor/run_training=33.709              │cal_adv_and_returns=0.0065             │env/compute_bootstrap_rewards=0.0067  │
│env/env/bootstrap_step=852.7           │env/env/send_rollout_trajectories=0.849│env/env_interact_step=560.3           │
│env/interact=1446.3                    │env/run_interact_once=1445.4           │generate_rollouts=1447.1              │
│rollout/generate_one_epoch=1444.5      │rollout/predict=26.152                 │rollout/rollout/generate=1444.5       │
│step=1482.0                            │sync_weights=1.180                     │                                      │
│                                                                                                                      │
├──────────────────────────────────────────────────── Environment ─────────────────────────────────────────────────────┤
│                                                                                                                      │
│episode_len=200.0                      │num_trajectories=256                   │return=0.87109375                     │
│reward=0.0043554683                    │success_once=0.87109375                │                                      │
│                                                                                                                      │
├────────────────────────────────────────────────────── Rollout ───────────────────────────────────────────────────────┤
│                                                                                                                      │
│advantages_max=1.208                   │advantages_mean=-0.121                 │advantages_min=-2.475                 │
│rewards=0.0041                         │                                       │                                      │
│                                                                                                                      │
├─────────────────────────────────────────────────── Training/Actor ───────────────────────────────────────────────────┤
│                                                                                                                      │
│actor/approx_kl=0.049                  │actor/clip_fraction=0.172              │actor/clipped_ratio=0.985             │
│actor/dual_cliped_ratio=0.0000         │actor/dvac_current_mean=-4.170         │actor/dvac_current_std=0.538          │
│actor/dvac_history_mean=-4.227         │actor/dvac_history_std=0.557           │actor/dvac_warmup=0.0000              │
│actor/dvac_weight_mean_rank_local=1.027│actor/entropy_loss=0.0000              │actor/grad_norm=38.412                │
│actor/lr=5.60e-06                      │actor/policy_loss=0.0048               │actor/policy_loss_abs=0.326           │
│actor/ratio=0.991                      │actor/ratio_abs=0.179                  │actor/total_loss=6.04e-04             │
│                                                                                                                      │
╰──────────────────────────────────────────────────────────────────────────────────────────────────────────────────────╯


╭──────────────────────────────────────────────────────────────────────────────────────────────────────────────────────╮
├──────────────────────────────────────────────────── Metric Table ────────────────────────────────────────────────────┤
│ Global Step:   24/100 │ Progress: █████████░░░░░░░░░░░░░░░░░░░░░░░░░░░░░░░ │  24.0%                                  │
│ Elapsed: 09:58:25 │ ETA: 31:35:00 │ Step Time: 1496.059s                                                             │
├──────────────────────────────────────────────────────── Time ────────────────────────────────────────────────────────┤
│                                                                                                                      │
│actor/actor/compute_adv=0.0040         │actor/actor/recv_traj=1477.0           │actor/actor/sync_model_to_rollout=0.6…│
│actor/run_training=33.951              │cal_adv_and_returns=0.0073             │env/compute_bootstrap_rewards=0.0064  │
│env/env/bootstrap_step=860.6           │env/env/send_rollout_trajectories=0.839│env/env_interact_step=581.9           │
│env/interact=1476.2                    │env/run_interact_once=1475.3           │generate_rollouts=1477.1              │
│rollout/generate_one_epoch=1474.4      │rollout/predict=26.425                 │rollout/rollout/generate=1474.4       │
│step=1512.2                            │sync_weights=1.189                     │                                      │
│                                                                                                                      │
├──────────────────────────────────────────────────── Environment ─────────────────────────────────────────────────────┤
│                                                                                                                      │
│episode_len=200.0                      │num_trajectories=256                   │return=0.78515625                     │
│reward=0.0039257808                    │success_once=0.78515625                │                                      │
│                                                                                                                      │
├────────────────────────────────────────────────────── Rollout ───────────────────────────────────────────────────────┤
│                                                                                                                      │
│advantages_max=1.208                   │advantages_mean=-0.116                 │advantages_min=-2.475                 │
│rewards=0.0045                         │                                       │                                      │
│                                                                                                                      │
├─────────────────────────────────────────────────── Training/Actor ───────────────────────────────────────────────────┤
│                                                                                                                      │
│actor/approx_kl=0.045                  │actor/clip_fraction=0.129              │actor/clipped_ratio=0.993             │
│actor/dual_cliped_ratio=0.0000         │actor/dvac_current_mean=-4.165         │actor/dvac_current_std=0.562          │
│actor/dvac_history_mean=-4.211         │actor/dvac_history_std=0.551           │actor/dvac_warmup=0.0000              │
│actor/dvac_weight_mean_rank_local=1.020│actor/entropy_loss=0.0000              │actor/grad_norm=33.519                │
│actor/lr=5.60e-06                      │actor/policy_loss=0.0092               │actor/policy_loss_abs=0.423           │
│actor/ratio=1.002                      │actor/ratio_abs=0.179                  │actor/total_loss=0.0012               │
│                                                                                                                      │
╰──────────────────────────────────────────────────────────────────────────────────────────────────────────────────────╯


╭──────────────────────────────────────────────────────────────────────────────────────────────────────────────────────╮
├──────────────────────────────────────────────────── Metric Table ────────────────────────────────────────────────────┤
│ Global Step:   25/100 │ Progress: ██████████░░░░░░░░░░░░░░░░░░░░░░░░░░░░░░ │  25.0%                                  │
│ Elapsed: 10:22:46 │ ETA: 31:08:20 │ Step Time: 1494.673s                                                             │
├──────────────────────────────────────────────────────── Time ────────────────────────────────────────────────────────┤
│                                                                                                                      │
│actor/actor/compute_adv=0.0055         │actor/actor/recv_traj=1425.8           │actor/actor/sync_model_to_rollout=0.6…│
│actor/run_training=34.307              │cal_adv_and_returns=0.0091             │env/compute_bootstrap_rewards=0.0064  │
│env/env/bootstrap_step=859.3           │env/env/send_rollout_trajectories=0.859│env/env_interact_step=544.4           │
│env/interact=1425.0                    │env/run_interact_once=1424.1           │generate_rollouts=1425.9              │
│rollout/generate_one_epoch=1423.2      │rollout/predict=26.077                 │rollout/rollout/generate=1423.2       │
│step=1461.4                            │sync_weights=1.198                     │                                      │
│                                                                                                                      │
├──────────────────────────────────────────────────── Environment ─────────────────────────────────────────────────────┤
│                                                                                                                      │
│episode_len=200.0                      │num_trajectories=256                   │return=0.90234375                     │
│reward=0.004511718                     │success_once=0.90234375                │                                      │
│                                                                                                                      │
├────────────────────────────────────────────────────── Rollout ───────────────────────────────────────────────────────┤
│                                                                                                                      │
│advantages_max=1.620                   │advantages_mean=-0.112                 │advantages_min=-2.475                 │
│rewards=0.0045                         │                                       │                                      │
│                                                                                                                      │
├─────────────────────────────────────────────────── Training/Actor ───────────────────────────────────────────────────┤
│                                                                                                                      │
│actor/approx_kl=0.0079                 │actor/clip_fraction=0.188              │actor/clipped_ratio=1.006             │
│actor/dual_cliped_ratio=0.0000         │actor/dvac_current_mean=-4.184         │actor/dvac_current_std=0.526          │
│actor/dvac_history_mean=-4.200         │actor/dvac_history_std=0.553           │actor/dvac_warmup=0.0000              │
│actor/dvac_weight_mean_rank_local=1.021│actor/entropy_loss=0.0000              │actor/grad_norm=35.307                │
│actor/lr=5.60e-06                      │actor/policy_loss=0.0036               │actor/policy_loss_abs=0.277           │
│actor/ratio=1.041                      │actor/ratio_abs=0.201                  │actor/total_loss=4.49e-04             │
│                                                                                                                      │
╰──────────────────────────────────────────────────────────────────────────────────────────────────────────────────────╯


╭──────────────────────────────────────────────────────────────────────────────────────────────────────────────────────╮
├──────────────────────────────────────────────────── Metric Table ────────────────────────────────────────────────────┤
│ Global Step:   26/100 │ Progress: ██████████░░░░░░░░░░░░░░░░░░░░░░░░░░░░░░ │  26.0%                                  │
│ Elapsed: 10:47:15 │ ETA: 30:42:12 │ Step Time: 1493.686s                                                             │
├──────────────────────────────────────────────────────── Time ────────────────────────────────────────────────────────┤
│                                                                                                                      │
│actor/actor/compute_adv=0.0043         │actor/actor/recv_traj=1433.7           │actor/actor/sync_model_to_rollout=0.6…│
│actor/run_training=34.032              │cal_adv_and_returns=0.0079             │env/compute_bootstrap_rewards=0.0063  │
│env/env/bootstrap_step=855.3           │env/env/send_rollout_trajectories=0.803│env/env_interact_step=548.8           │
│env/interact=1432.9                    │env/run_interact_once=1432.1           │generate_rollouts=1433.8              │
│rollout/generate_one_epoch=1431.3      │rollout/predict=26.468                 │rollout/rollout/generate=1431.3       │
│step=1469.0                            │sync_weights=1.200                     │                                      │
│                                                                                                                      │
├──────────────────────────────────────────────────── Environment ─────────────────────────────────────────────────────┤
│                                                                                                                      │
│episode_len=200.0                      │num_trajectories=256                   │return=0.89453125                     │
│reward=0.0044726557                    │success_once=0.89453125                │                                      │
│                                                                                                                      │
├────────────────────────────────────────────────────── Rollout ───────────────────────────────────────────────────────┤
│                                                                                                                      │
│advantages_max=1.620                   │advantages_mean=-0.112                 │advantages_min=-2.475                 │
│rewards=0.0047                         │                                       │                                      │
│                                                                                                                      │
├─────────────────────────────────────────────────── Training/Actor ───────────────────────────────────────────────────┤
│                                                                                                                      │
│actor/approx_kl=0.041                  │actor/clip_fraction=0.120              │actor/clipped_ratio=0.990             │
│actor/dual_cliped_ratio=0.0000         │actor/dvac_current_mean=-4.173         │actor/dvac_current_std=0.522          │
│actor/dvac_history_mean=-4.185         │actor/dvac_history_std=0.547           │actor/dvac_warmup=0.0000              │
│actor/dvac_weight_mean_rank_local=1.022│actor/entropy_loss=0.0000              │actor/grad_norm=36.625                │
│actor/lr=5.60e-06                      │actor/policy_loss=0.0011               │actor/policy_loss_abs=0.315           │
│actor/ratio=0.983                      │actor/ratio_abs=0.133                  │actor/total_loss=1.38e-04             │
│                                                                                                                      │
╰──────────────────────────────────────────────────────────────────────────────────────────────────────────────────────╯


╭──────────────────────────────────────────────────────────────────────────────────────────────────────────────────────╮
├──────────────────────────────────────────────────── Metric Table ────────────────────────────────────────────────────┤
│ Global Step:   27/100 │ Progress: ██████████░░░░░░░░░░░░░░░░░░░░░░░░░░░░░░ │  27.0%                                  │
│ Elapsed: 11:12:06 │ ETA: 30:17:10 │ Step Time: 1493.571s                                                             │
├──────────────────────────────────────────────────────── Time ────────────────────────────────────────────────────────┤
│                                                                                                                      │
│actor/actor/compute_adv=0.0039         │actor/actor/recv_traj=1455.1           │actor/actor/sync_model_to_rollout=0.6…│
│actor/run_training=34.075              │cal_adv_and_returns=0.0075             │env/compute_bootstrap_rewards=0.0061  │
│env/env/bootstrap_step=856.1           │env/env/send_rollout_trajectories=0.930│env/env_interact_step=564.8           │
│env/interact=1454.4                    │env/run_interact_once=1453.5           │generate_rollouts=1455.2              │
│rollout/generate_one_epoch=1452.7      │rollout/predict=26.300                 │rollout/rollout/generate=1452.7       │
│step=1490.5                            │sync_weights=1.211                     │                                      │
│                                                                                                                      │
├──────────────────────────────────────────────────── Environment ─────────────────────────────────────────────────────┤
│                                                                                                                      │
│episode_len=200.0                      │num_trajectories=256                   │return=0.9296875                      │
│reward=0.004648437                     │success_once=0.9296875                 │                                      │
│                                                                                                                      │
├────────────────────────────────────────────────────── Rollout ───────────────────────────────────────────────────────┤
│                                                                                                                      │
│advantages_max=0.540                   │advantages_mean=-0.106                 │advantages_min=-2.475                 │
│rewards=0.0052                         │                                       │                                      │
│                                                                                                                      │
├─────────────────────────────────────────────────── Training/Actor ───────────────────────────────────────────────────┤
│                                                                                                                      │
│actor/approx_kl=0.044                  │actor/clip_fraction=0.148              │actor/clipped_ratio=0.986             │
│actor/dual_cliped_ratio=0.0000         │actor/dvac_current_mean=-4.149         │actor/dvac_current_std=0.528          │
│actor/dvac_history_mean=-4.185         │actor/dvac_history_std=0.536           │actor/dvac_warmup=0.0000              │
│actor/dvac_weight_mean_rank_local=1.025│actor/entropy_loss=0.0000              │actor/grad_norm=35.880                │
│actor/lr=5.60e-06                      │actor/policy_loss=0.0034               │actor/policy_loss_abs=0.272           │
│actor/ratio=1.001                      │actor/ratio_abs=0.191                  │actor/total_loss=4.22e-04             │
│                                                                                                                      │
╰──────────────────────────────────────────────────────────────────────────────────────────────────────────────────────╯


╭──────────────────────────────────────────────────────────────────────────────────────────────────────────────────────╮
├──────────────────────────────────────────────────── Metric Table ────────────────────────────────────────────────────┤
│ Global Step:   28/100 │ Progress: ███████████░░░░░░░░░░░░░░░░░░░░░░░░░░░░░ │  28.0%                                  │
│ Elapsed: 11:37:09 │ ETA: 29:52:42 │ Step Time: 1493.918s                                                             │
├──────────────────────────────────────────────────────── Time ────────────────────────────────────────────────────────┤
│                                                                                                                      │
│actor/actor/compute_adv=0.0051         │actor/actor/recv_traj=1467.8           │actor/actor/sync_model_to_rollout=0.6…│
│actor/run_training=34.139              │cal_adv_and_returns=0.0090             │env/compute_bootstrap_rewards=0.0058  │
│env/env/bootstrap_step=858.8           │env/env/send_rollout_trajectories=0.858│env/env_interact_step=575.1           │
│env/interact=1467.0                    │env/run_interact_once=1466.1           │generate_rollouts=1467.9              │
│rollout/generate_one_epoch=1465.2      │rollout/predict=25.709                 │rollout/rollout/generate=1465.2       │
│step=1503.3                            │sync_weights=1.193                     │                                      │
│                                                                                                                      │
├──────────────────────────────────────────────────── Environment ─────────────────────────────────────────────────────┤
│                                                                                                                      │
│episode_len=200.0                      │num_trajectories=256                   │return=0.84765625                     │
│reward=0.004238281                     │success_once=0.84765625                │                                      │
│                                                                                                                      │
├────────────────────────────────────────────────────── Rollout ───────────────────────────────────────────────────────┤
│                                                                                                                      │
│advantages_max=1.620                   │advantages_mean=-0.116                 │advantages_min=-2.475                 │
│rewards=0.0045                         │                                       │                                      │
│                                                                                                                      │
├─────────────────────────────────────────────────── Training/Actor ───────────────────────────────────────────────────┤
│                                                                                                                      │
│actor/approx_kl=0.033                  │actor/clip_fraction=0.137              │actor/clipped_ratio=0.990             │
│actor/dual_cliped_ratio=0.0000         │actor/dvac_current_mean=-4.108         │actor/dvac_current_std=0.536          │
│actor/dvac_history_mean=-4.168         │actor/dvac_history_std=0.535           │actor/dvac_warmup=0.0000              │
│actor/dvac_weight_mean_rank_local=1.022│actor/entropy_loss=0.0000              │actor/grad_norm=42.279                │
│actor/lr=5.60e-06                      │actor/policy_loss=0.0074               │actor/policy_loss_abs=0.418           │
│actor/ratio=1.012                      │actor/ratio_abs=0.177                  │actor/total_loss=9.20e-04             │
│                                                                                                                      │
╰──────────────────────────────────────────────────────────────────────────────────────────────────────────────────────╯


╭──────────────────────────────────────────────────────────────────────────────────────────────────────────────────────╮
├──────────────────────────────────────────────────── Metric Table ────────────────────────────────────────────────────┤
│ Global Step:   29/100 │ Progress: ███████████░░░░░░░░░░░░░░░░░░░░░░░░░░░░░ │  29.0%                                  │
│ Elapsed: 12:01:28 │ ETA: 29:26:22 │ Step Time: 1492.709s                                                             │
├──────────────────────────────────────────────────────── Time ────────────────────────────────────────────────────────┤
│                                                                                                                      │
│actor/actor/compute_adv=0.0040         │actor/actor/recv_traj=1423.5           │actor/actor/sync_model_to_rollout=0.6…│
│actor/run_training=34.048              │cal_adv_and_returns=0.0087             │env/compute_bootstrap_rewards=0.011   │
│env/env/bootstrap_step=856.8           │env/env/send_rollout_trajectories=0.805│env/env_interact_step=533.2           │
│env/interact=1422.7                    │env/run_interact_once=1421.9           │generate_rollouts=1423.6              │
│rollout/generate_one_epoch=1421.1      │rollout/predict=25.560                 │rollout/rollout/generate=1421.1       │
│step=1458.9                            │sync_weights=1.171                     │                                      │
│                                                                                                                      │
├──────────────────────────────────────────────────── Environment ─────────────────────────────────────────────────────┤
│                                                                                                                      │
│episode_len=200.0                      │num_trajectories=256                   │return=0.91015625                     │
│reward=0.0045507806                    │success_once=0.91015625                │                                      │
│                                                                                                                      │
├────────────────────────────────────────────────────── Rollout ───────────────────────────────────────────────────────┤
│                                                                                                                      │
│advantages_max=1.208                   │advantages_mean=-0.120                 │advantages_min=-2.475                 │
│rewards=0.0041                         │                                       │                                      │
│                                                                                                                      │
├─────────────────────────────────────────────────── Training/Actor ───────────────────────────────────────────────────┤
│                                                                                                                      │
│actor/approx_kl=0.027                  │actor/clip_fraction=0.151              │actor/clipped_ratio=0.992             │
│actor/dual_cliped_ratio=0.0000         │actor/dvac_current_mean=-4.134         │actor/dvac_current_std=0.522          │
│actor/dvac_history_mean=-4.156         │actor/dvac_history_std=0.535           │actor/dvac_warmup=0.0000              │
│actor/dvac_weight_mean_rank_local=1.023│actor/entropy_loss=0.0000              │actor/grad_norm=23.851                │
│actor/lr=5.60e-06                      │actor/policy_loss=8.65e-05             │actor/policy_loss_abs=0.222           │
│actor/ratio=1.021                      │actor/ratio_abs=0.191                  │actor/total_loss=1.08e-05             │
│                                                                                                                      │
╰──────────────────────────────────────────────────────────────────────────────────────────────────────────────────────╯


╭──────────────────────────────────────────────────────────────────────────────────────────────────────────────────────╮
├──────────────────────────────────────────────────── Metric Table ────────────────────────────────────────────────────┤
│ Global Step:   30/100 │ Progress: ████████████░░░░░░░░░░░░░░░░░░░░░░░░░░░░ │  30.0%                                  │
│ Elapsed: 12:26:11 │ ETA: 29:01:06 │ Step Time: 1492.381s                                                             │
├──────────────────────────────────────────────────────── Time ────────────────────────────────────────────────────────┤
│                                                                                                                      │
│actor/actor/compute_adv=0.0045         │actor/actor/recv_traj=1432.7           │actor/actor/sync_model_to_rollout=0.6…│
│actor/run_training=34.078              │cal_adv_and_returns=0.0081             │env/compute_bootstrap_rewards=0.0058  │
│env/env/bootstrap_step=853.2           │env/env/send_rollout_trajectories=0.851│env/env_interact_step=551.6           │
│env/interact=1431.9                    │env/run_interact_once=1431.0           │generate_rollouts=1432.8              │
│rollout/generate_one_epoch=1430.2      │rollout/predict=25.651                 │rollout/rollout/generate=1430.2       │
│step=1482.8                            │sync_weights=1.076                     │                                      │
│                                                                                                                      │
├──────────────────────────────────────────────────── Environment ─────────────────────────────────────────────────────┤
│                                                                                                                      │
│episode_len=200.0                      │num_trajectories=256                   │return=0.9140625                      │
│reward=0.004570312                     │success_once=0.9140625                 │                                      │
│                                                                                                                      │
├────────────────────────────────────────────────────── Rollout ───────────────────────────────────────────────────────┤
│                                                                                                                      │
│advantages_max=1.208                   │advantages_mean=-0.110                 │advantages_min=-2.475                 │
│rewards=0.0049                         │                                       │                                      │
│                                                                                                                      │
├─────────────────────────────────────────────────── Training/Actor ───────────────────────────────────────────────────┤
│                                                                                                                      │
│actor/approx_kl=0.053                  │actor/clip_fraction=0.142              │actor/clipped_ratio=0.979             │
│actor/dual_cliped_ratio=0.0000         │actor/dvac_current_mean=-4.137         │actor/dvac_current_std=0.531          │
│actor/dvac_history_mean=-4.149         │actor/dvac_history_std=0.527           │actor/dvac_warmup=0.0000              │
│actor/dvac_weight_mean_rank_local=1.023│actor/entropy_loss=0.0000              │actor/grad_norm=32.558                │
│actor/lr=5.60e-06                      │actor/policy_loss=0.0035               │actor/policy_loss_abs=0.278           │
│actor/ratio=0.992                      │actor/ratio_abs=0.181                  │actor/total_loss=4.38e-04             │
│                                                                                                                      │
╰──────────────────────────────────────────────────────────────────────────────────────────────────────────────────────╯


╭──────────────────────────────────────────────────────────────────────────────────────────────────────────────────────╮
├──────────────────────────────────────────────────── Metric Table ────────────────────────────────────────────────────┤
│ Global Step:   31/100 │ Progress: ████████████░░░░░░░░░░░░░░░░░░░░░░░░░░░░ │  31.0%                                  │
│ Elapsed: 12:50:33 │ ETA: 28:35:06 │ Step Time: 1491.403s                                                             │
├──────────────────────────────────────────────────────── Time ────────────────────────────────────────────────────────┤
│                                                                                                                      │
│actor/actor/compute_adv=0.0036         │actor/actor/recv_traj=1426.6           │actor/actor/sync_model_to_rollout=0.6…│
│actor/run_training=34.160              │cal_adv_and_returns=0.0071             │env/compute_bootstrap_rewards=0.0059  │
│env/env/bootstrap_step=855.2           │env/env/send_rollout_trajectories=0.859│env/env_interact_step=546.3           │
│env/interact=1425.8                    │env/run_interact_once=1425.0           │generate_rollouts=1426.7              │
│rollout/generate_one_epoch=1424.1      │rollout/predict=26.149                 │rollout/rollout/generate=1424.1       │
│step=1462.0                            │sync_weights=1.213                     │                                      │
│                                                                                                                      │
├──────────────────────────────────────────────────── Environment ─────────────────────────────────────────────────────┤
│                                                                                                                      │
│episode_len=200.0                      │num_trajectories=256                   │return=0.91796875                     │
│reward=0.004589843                     │success_once=0.91796875                │                                      │
│                                                                                                                      │
├────────────────────────────────────────────────────── Rollout ───────────────────────────────────────────────────────┤
│                                                                                                                      │
│advantages_max=1.208                   │advantages_mean=-0.118                 │advantages_min=-2.475                 │
│rewards=0.0045                         │                                       │                                      │
│                                                                                                                      │
├─────────────────────────────────────────────────── Training/Actor ───────────────────────────────────────────────────┤
│                                                                                                                      │
│actor/approx_kl=0.028                  │actor/clip_fraction=0.127              │actor/clipped_ratio=0.991             │
│actor/dual_cliped_ratio=0.0000         │actor/dvac_current_mean=-4.172         │actor/dvac_current_std=0.509          │
│actor/dvac_history_mean=-4.140         │actor/dvac_history_std=0.528           │actor/dvac_warmup=0.0000              │
│actor/dvac_weight_mean_rank_local=1.014│actor/entropy_loss=0.0000              │actor/grad_norm=28.796                │
│actor/lr=5.60e-06                      │actor/policy_loss=0.0018               │actor/policy_loss_abs=0.237           │
│actor/ratio=1.006                      │actor/ratio_abs=0.154                  │actor/total_loss=2.26e-04             │
│                                                                                                                      │
╰──────────────────────────────────────────────────────────────────────────────────────────────────────────────────────╯


╭──────────────────────────────────────────────────────────────────────────────────────────────────────────────────────╮
├──────────────────────────────────────────────────── Metric Table ────────────────────────────────────────────────────┤
│ Global Step:   32/100 │ Progress: ████████████░░░░░░░░░░░░░░░░░░░░░░░░░░░░ │  32.0%                                  │
│ Elapsed: 13:14:34 │ ETA: 28:08:29 │ Step Time: 1489.841s                                                             │
├──────────────────────────────────────────────────────── Time ────────────────────────────────────────────────────────┤
│                                                                                                                      │
│actor/actor/compute_adv=0.0040         │actor/actor/recv_traj=1405.8           │actor/actor/sync_model_to_rollout=0.6…│
│actor/run_training=34.255              │cal_adv_and_returns=0.0070             │env/compute_bootstrap_rewards=0.0059  │
│env/env/bootstrap_step=851.2           │env/env/send_rollout_trajectories=0.851│env/env_interact_step=528.1           │
│env/interact=1405.0                    │env/run_interact_once=1404.1           │generate_rollouts=1405.9              │
│rollout/generate_one_epoch=1403.2      │rollout/predict=25.904                 │rollout/rollout/generate=1403.2       │
│step=1441.4                            │sync_weights=1.225                     │                                      │
│                                                                                                                      │
├──────────────────────────────────────────────────── Environment ─────────────────────────────────────────────────────┤
│                                                                                                                      │
│episode_len=200.0                      │num_trajectories=256                   │return=0.9375                         │
│reward=0.0046874993                    │success_once=0.9375                    │                                      │
│                                                                                                                      │
├────────────────────────────────────────────────────── Rollout ───────────────────────────────────────────────────────┤
│                                                                                                                      │
│advantages_max=0.935                   │advantages_mean=-0.118                 │advantages_min=-2.475                 │
│rewards=0.0043                         │                                       │                                      │
│                                                                                                                      │
├─────────────────────────────────────────────────── Training/Actor ───────────────────────────────────────────────────┤
│                                                                                                                      │
│actor/approx_kl=0.018                  │actor/clip_fraction=0.149              │actor/clipped_ratio=1.001             │
│actor/dual_cliped_ratio=0.0000         │actor/dvac_current_mean=-4.130         │actor/dvac_current_std=0.496          │
│actor/dvac_history_mean=-4.140         │actor/dvac_history_std=0.526           │actor/dvac_warmup=0.0000              │
│actor/dvac_weight_mean_rank_local=1.025│actor/entropy_loss=0.0000              │actor/grad_norm=21.837                │
│actor/lr=5.60e-06                      │actor/policy_loss=-1.52e-04            │actor/policy_loss_abs=0.168           │
│actor/ratio=1.015                      │actor/ratio_abs=0.150                  │actor/total_loss=-1.90e-05            │
│                                                                                                                      │
╰──────────────────────────────────────────────────────────────────────────────────────────────────────────────────────╯


╭──────────────────────────────────────────────────────────────────────────────────────────────────────────────────────╮
├──────────────────────────────────────────────────── Metric Table ────────────────────────────────────────────────────┤
│ Global Step:   33/100 │ Progress: █████████████░░░░░░░░░░░░░░░░░░░░░░░░░░░ │  33.0%                                  │
│ Elapsed: 13:39:39 │ ETA: 27:44:08 │ Step Time: 1490.281s                                                             │
├──────────────────────────────────────────────────────── Time ────────────────────────────────────────────────────────┤
│                                                                                                                      │
│actor/actor/compute_adv=0.0032         │actor/actor/recv_traj=1468.7           │actor/actor/sync_model_to_rollout=0.6…│
│actor/run_training=34.357              │cal_adv_and_returns=0.0065             │env/compute_bootstrap_rewards=0.0058  │
│env/env/bootstrap_step=851.6           │env/env/send_rollout_trajectories=0.794│env/env_interact_step=584.8           │
│env/interact=1467.9                    │env/run_interact_once=1467.0           │generate_rollouts=1468.8              │
│rollout/generate_one_epoch=1466.3      │rollout/predict=26.117                 │rollout/rollout/generate=1466.3       │
│step=1504.4                            │sync_weights=1.205                     │                                      │
│                                                                                                                      │
├──────────────────────────────────────────────────── Environment ─────────────────────────────────────────────────────┤
│                                                                                                                      │
│episode_len=200.0                      │num_trajectories=256                   │return=0.84765625                     │
│reward=0.004238281                     │success_once=0.84765625                │                                      │
│                                                                                                                      │
├────────────────────────────────────────────────────── Rollout ───────────────────────────────────────────────────────┤
│                                                                                                                      │
│advantages_max=0.935                   │advantages_mean=-0.121                 │advantages_min=-2.475                 │
│rewards=0.0044                         │                                       │                                      │
│                                                                                                                      │
├─────────────────────────────────────────────────── Training/Actor ───────────────────────────────────────────────────┤
│                                                                                                                      │
│actor/approx_kl=0.044                  │actor/clip_fraction=0.160              │actor/clipped_ratio=0.990             │
│actor/dual_cliped_ratio=0.0000         │actor/dvac_current_mean=-4.113         │actor/dvac_current_std=0.525          │
│actor/dvac_history_mean=-4.136         │actor/dvac_history_std=0.519           │actor/dvac_warmup=0.0000              │
│actor/dvac_weight_mean_rank_local=1.016│actor/entropy_loss=0.0000              │actor/grad_norm=37.129                │
│actor/lr=5.60e-06                      │actor/policy_loss=0.012                │actor/policy_loss_abs=0.342           │
│actor/ratio=1.008                      │actor/ratio_abs=0.206                  │actor/total_loss=0.0015               │
│                                                                                                                      │
╰──────────────────────────────────────────────────────────────────────────────────────────────────────────────────────╯


╭──────────────────────────────────────────────────────────────────────────────────────────────────────────────────────╮
├──────────────────────────────────────────────────── Metric Table ────────────────────────────────────────────────────┤
│ Global Step:   34/100 │ Progress: █████████████░░░░░░░░░░░░░░░░░░░░░░░░░░░ │  34.0%                                  │
│ Elapsed: 14:04:12 │ ETA: 27:18:46 │ Step Time: 1489.790s                                                             │
├──────────────────────────────────────────────────────── Time ────────────────────────────────────────────────────────┤
│                                                                                                                      │
│actor/actor/compute_adv=0.0053         │actor/actor/recv_traj=1438.2           │actor/actor/sync_model_to_rollout=0.6…│
│actor/run_training=34.114              │cal_adv_and_returns=0.0091             │env/compute_bootstrap_rewards=0.0060  │
│env/env/bootstrap_step=856.3           │env/env/send_rollout_trajectories=0.912│env/env_interact_step=553.4           │
│env/interact=1437.4                    │env/run_interact_once=1436.5           │generate_rollouts=1438.2              │
│rollout/generate_one_epoch=1435.6      │rollout/predict=25.889                 │rollout/rollout/generate=1435.6       │
│step=1473.6                            │sync_weights=1.184                     │                                      │
│                                                                                                                      │
├──────────────────────────────────────────────────── Environment ─────────────────────────────────────────────────────┤
│                                                                                                                      │
│episode_len=200.0                      │num_trajectories=256                   │return=0.85546875                     │
│reward=0.0042773434                    │success_once=0.85546875                │                                      │
│                                                                                                                      │
├────────────────────────────────────────────────────── Rollout ───────────────────────────────────────────────────────┤
│                                                                                                                      │
│advantages_max=2.475                   │advantages_mean=-0.115                 │advantages_min=-2.475                 │
│rewards=0.0042                         │                                       │                                      │
│                                                                                                                      │
├─────────────────────────────────────────────────── Training/Actor ───────────────────────────────────────────────────┤
│                                                                                                                      │
│actor/approx_kl=0.031                  │actor/clip_fraction=0.108              │actor/clipped_ratio=0.990             │
│actor/dual_cliped_ratio=0.0000         │actor/dvac_current_mean=-4.088         │actor/dvac_current_std=0.561          │
│actor/dvac_history_mean=-4.137         │actor/dvac_history_std=0.517           │actor/dvac_warmup=0.0000              │
│actor/dvac_weight_mean_rank_local=1.028│actor/entropy_loss=0.0000              │actor/grad_norm=35.660                │
│actor/lr=5.60e-06                      │actor/policy_loss=0.0013               │actor/policy_loss_abs=0.352           │
│actor/ratio=0.994                      │actor/ratio_abs=0.136                  │actor/total_loss=1.63e-04             │
│                                                                                                                      │
╰──────────────────────────────────────────────────────────────────────────────────────────────────────────────────────╯


╭──────────────────────────────────────────────────────────────────────────────────────────────────────────────────────╮
├──────────────────────────────────────────────────── Metric Table ────────────────────────────────────────────────────┤
│ Global Step:   35/100 │ Progress: ██████████████░░░░░░░░░░░░░░░░░░░░░░░░░░ │  35.0%                                  │
│ Elapsed: 14:28:37 │ ETA: 26:53:10 │ Step Time: 1489.080s                                                             │
├──────────────────────────────────────────────────────── Time ────────────────────────────────────────────────────────┤
│                                                                                                                      │
│actor/actor/compute_adv=0.0030         │actor/actor/recv_traj=1429.5           │actor/actor/sync_model_to_rollout=0.6…│
│actor/run_training=34.082              │cal_adv_and_returns=0.0067             │env/compute_bootstrap_rewards=0.0058  │
│env/env/bootstrap_step=854.1           │env/env/send_rollout_trajectories=0.930│env/env_interact_step=543.5           │
│env/interact=1428.7                    │env/run_interact_once=1427.9           │generate_rollouts=1429.6              │
│rollout/generate_one_epoch=1427.0      │rollout/predict=25.961                 │rollout/rollout/generate=1427.0       │
│step=1464.9                            │sync_weights=1.188                     │                                      │
│                                                                                                                      │
├──────────────────────────────────────────────────── Environment ─────────────────────────────────────────────────────┤
│                                                                                                                      │
│episode_len=200.0                      │num_trajectories=256                   │return=0.9140625                      │
│reward=0.004570312                     │success_once=0.9140625                 │                                      │
│                                                                                                                      │
├────────────────────────────────────────────────────── Rollout ───────────────────────────────────────────────────────┤
│                                                                                                                      │
│advantages_max=0.935                   │advantages_mean=-0.109                 │advantages_min=-2.475                 │
│rewards=0.0050                         │                                       │                                      │
│                                                                                                                      │
├─────────────────────────────────────────────────── Training/Actor ───────────────────────────────────────────────────┤
│                                                                                                                      │
│actor/approx_kl=0.060                  │actor/clip_fraction=0.170              │actor/clipped_ratio=0.980             │
│actor/dual_cliped_ratio=0.0000         │actor/dvac_current_mean=-4.114         │actor/dvac_current_std=0.543          │
│actor/dvac_history_mean=-4.128         │actor/dvac_history_std=0.526           │actor/dvac_warmup=0.0000              │
│actor/dvac_weight_mean_rank_local=1.018│actor/entropy_loss=0.0000              │actor/grad_norm=33.641                │
│actor/lr=5.60e-06                      │actor/policy_loss=6.12e-04             │actor/policy_loss_abs=0.189           │
│actor/ratio=0.987                      │actor/ratio_abs=0.190                  │actor/total_loss=7.65e-05             │
│                                                                                                                      │
╰──────────────────────────────────────────────────────────────────────────────────────────────────────────────────────╯


╭──────────────────────────────────────────────────────────────────────────────────────────────────────────────────────╮
├──────────────────────────────────────────────────── Metric Table ────────────────────────────────────────────────────┤
│ Global Step:   36/100 │ Progress: ██████████████░░░░░░░░░░░░░░░░░░░░░░░░░░ │  36.0%                                  │
│ Elapsed: 14:52:52 │ ETA: 26:27:19 │ Step Time: 1488.115s                                                             │
├──────────────────────────────────────────────────────── Time ────────────────────────────────────────────────────────┤
│                                                                                                                      │
│actor/actor/compute_adv=0.0030         │actor/actor/recv_traj=1418.9           │actor/actor/sync_model_to_rollout=0.6…│
│actor/run_training=34.119              │cal_adv_and_returns=0.0067             │env/compute_bootstrap_rewards=0.0059  │
│env/env/bootstrap_step=863.3           │env/env/send_rollout_trajectories=0.907│env/env_interact_step=539.3           │
│env/interact=1418.1                    │env/run_interact_once=1417.3           │generate_rollouts=1419.0              │
│rollout/generate_one_epoch=1416.4      │rollout/predict=25.758                 │rollout/rollout/generate=1416.4       │
│step=1454.3                            │sync_weights=1.170                     │                                      │
│                                                                                                                      │
├──────────────────────────────────────────────────── Environment ─────────────────────────────────────────────────────┤
│                                                                                                                      │
│episode_len=200.0                      │num_trajectories=256                   │return=0.93359375                     │
│reward=0.004667968                     │success_once=0.93359375                │                                      │
│                                                                                                                      │
├────────────────────────────────────────────────────── Rollout ───────────────────────────────────────────────────────┤
│                                                                                                                      │
│advantages_max=0.935                   │advantages_mean=-0.127                 │advantages_min=-1.620                 │
│rewards=0.0042                         │                                       │                                      │
│                                                                                                                      │
├─────────────────────────────────────────────────── Training/Actor ───────────────────────────────────────────────────┤
│                                                                                                                      │
│actor/approx_kl=0.049                  │actor/clip_fraction=0.170              │actor/clipped_ratio=0.986             │
│actor/dual_cliped_ratio=0.0000         │actor/dvac_current_mean=-4.135         │actor/dvac_current_std=0.479          │
│actor/dvac_history_mean=-4.124         │actor/dvac_history_std=0.528           │actor/dvac_warmup=0.0000              │
│actor/dvac_weight_mean_rank_local=1.009│actor/entropy_loss=0.0000              │actor/grad_norm=22.736                │
│actor/lr=5.60e-06                      │actor/policy_loss=0.0011               │actor/policy_loss_abs=0.180           │
│actor/ratio=0.998                      │actor/ratio_abs=0.190                  │actor/total_loss=1.43e-04             │
│                                                                                                                      │
╰──────────────────────────────────────────────────────────────────────────────────────────────────────────────────────╯


╭──────────────────────────────────────────────────────────────────────────────────────────────────────────────────────╮
├──────────────────────────────────────────────────── Metric Table ────────────────────────────────────────────────────┤
│ Global Step:   37/100 │ Progress: ██████████████░░░░░░░░░░░░░░░░░░░░░░░░░░ │  37.0%                                  │
│ Elapsed: 15:17:30 │ ETA: 26:02:15 │ Step Time: 1487.858s                                                             │
├──────────────────────────────────────────────────────── Time ────────────────────────────────────────────────────────┤
│                                                                                                                      │
│actor/actor/compute_adv=0.0040         │actor/actor/recv_traj=1443.0           │actor/actor/sync_model_to_rollout=0.6…│
│actor/run_training=34.242              │cal_adv_and_returns=0.0076             │env/compute_bootstrap_rewards=0.0061  │
│env/env/bootstrap_step=854.0           │env/env/send_rollout_trajectories=0.862│env/env_interact_step=556.9           │
│env/interact=1442.2                    │env/run_interact_once=1441.2           │generate_rollouts=1443.1              │
│rollout/generate_one_epoch=1440.3      │rollout/predict=26.067                 │rollout/rollout/generate=1440.3       │
│step=1478.6                            │sync_weights=1.265                     │                                      │
│                                                                                                                      │
├──────────────────────────────────────────────────── Environment ─────────────────────────────────────────────────────┤
│                                                                                                                      │
│episode_len=200.0                      │num_trajectories=256                   │return=0.91015625                     │
│reward=0.0045507806                    │success_once=0.91015625                │                                      │
│                                                                                                                      │
├────────────────────────────────────────────────────── Rollout ───────────────────────────────────────────────────────┤
│                                                                                                                      │
│advantages_max=0.935                   │advantages_mean=-0.114                 │advantages_min=-2.475                 │
│rewards=0.0048                         │                                       │                                      │
│                                                                                                                      │
├─────────────────────────────────────────────────── Training/Actor ───────────────────────────────────────────────────┤
│                                                                                                                      │
│actor/approx_kl=0.023                  │actor/clip_fraction=0.188              │actor/clipped_ratio=0.997             │
│actor/dual_cliped_ratio=0.0000         │actor/dvac_current_mean=-4.095         │actor/dvac_current_std=0.530          │
│actor/dvac_history_mean=-4.116         │actor/dvac_history_std=0.522           │actor/dvac_warmup=0.0000              │
│actor/dvac_weight_mean_rank_local=1.021│actor/entropy_loss=0.0000              │actor/grad_norm=36.771                │
│actor/lr=5.60e-06                      │actor/policy_loss=0.0040               │actor/policy_loss_abs=0.293           │
│actor/ratio=1.028                      │actor/ratio_abs=0.206                  │actor/total_loss=5.06e-04             │
│                                                                                                                      │
╰──────────────────────────────────────────────────────────────────────────────────────────────────────────────────────╯


╭──────────────────────────────────────────────────────────────────────────────────────────────────────────────────────╮
├──────────────────────────────────────────────────── Metric Table ────────────────────────────────────────────────────┤
│ Global Step:   38/100 │ Progress: ███████████████░░░░░░░░░░░░░░░░░░░░░░░░░ │  38.0%                                  │
│ Elapsed: 15:41:34 │ ETA: 25:36:15 │ Step Time: 1486.705s                                                             │
├──────────────────────────────────────────────────────── Time ────────────────────────────────────────────────────────┤
│                                                                                                                      │
│actor/actor/compute_adv=0.0030         │actor/actor/recv_traj=1408.5           │actor/actor/sync_model_to_rollout=0.6…│
│actor/run_training=34.220              │cal_adv_and_returns=0.0069             │env/compute_bootstrap_rewards=0.0057  │
│env/env/bootstrap_step=851.2           │env/env/send_rollout_trajectories=0.865│env/env_interact_step=528.5           │
│env/interact=1407.7                    │env/run_interact_once=1406.7           │generate_rollouts=1408.6              │
│rollout/generate_one_epoch=1405.8      │rollout/predict=26.001                 │rollout/rollout/generate=1405.8       │
│step=1444.0                            │sync_weights=1.208                     │                                      │
│                                                                                                                      │
├──────────────────────────────────────────────────── Environment ─────────────────────────────────────────────────────┤
│                                                                                                                      │
│episode_len=200.0                      │num_trajectories=256                   │return=0.92578125                     │
│reward=0.0046289056                    │success_once=0.92578125                │                                      │
│                                                                                                                      │
├────────────────────────────────────────────────────── Rollout ───────────────────────────────────────────────────────┤
│                                                                                                                      │
│advantages_max=0.935                   │advantages_mean=-0.116                 │advantages_min=-2.475                 │
│rewards=0.0042                         │                                       │                                      │
│                                                                                                                      │
├─────────────────────────────────────────────────── Training/Actor ───────────────────────────────────────────────────┤
│                                                                                                                      │
│actor/approx_kl=0.041                  │actor/clip_fraction=0.126              │actor/clipped_ratio=0.990             │
│actor/dual_cliped_ratio=0.0000         │actor/dvac_current_mean=-4.110         │actor/dvac_current_std=0.508          │
│actor/dvac_history_mean=-4.109         │actor/dvac_history_std=0.529           │actor/dvac_warmup=0.0000              │
│actor/dvac_weight_mean_rank_local=1.014│actor/entropy_loss=0.0000              │actor/grad_norm=28.633                │
│actor/lr=5.60e-06                      │actor/policy_loss=-0.0015              │actor/policy_loss_abs=0.196           │
│actor/ratio=0.991                      │actor/ratio_abs=0.155                  │actor/total_loss=-1.84e-04            │
│                                                                                                                      │
╰──────────────────────────────────────────────────────────────────────────────────────────────────────────────────────╯


╭──────────────────────────────────────────────────────────────────────────────────────────────────────────────────────╮
├──────────────────────────────────────────────────── Metric Table ────────────────────────────────────────────────────┤
│ Global Step:   39/100 │ Progress: ███████████████░░░░░░░░░░░░░░░░░░░░░░░░░ │  39.0%                                  │
│ Elapsed: 16:06:03 │ ETA: 25:11:01 │ Step Time: 1486.251s                                                             │
├──────────────────────────────────────────────────────── Time ────────────────────────────────────────────────────────┤
│                                                                                                                      │
│actor/actor/compute_adv=0.0057         │actor/actor/recv_traj=1433.6           │actor/actor/sync_model_to_rollout=0.6…│
│actor/run_training=34.117              │cal_adv_and_returns=0.0095             │env/compute_bootstrap_rewards=0.0061  │
│env/env/bootstrap_step=849.7           │env/env/send_rollout_trajectories=0.850│env/env_interact_step=549.4           │
│env/interact=1432.8                    │env/run_interact_once=1431.9           │generate_rollouts=1433.7              │
│rollout/generate_one_epoch=1431.0      │rollout/predict=26.153                 │rollout/rollout/generate=1431.0       │
│step=1469.0                            │sync_weights=1.192                     │                                      │
│                                                                                                                      │
├──────────────────────────────────────────────────── Environment ─────────────────────────────────────────────────────┤
│                                                                                                                      │
│episode_len=200.0                      │num_trajectories=256                   │return=0.8984375                      │
│reward=0.004492187                     │success_once=0.8984375                 │                                      │
│                                                                                                                      │
├────────────────────────────────────────────────────── Rollout ───────────────────────────────────────────────────────┤
│                                                                                                                      │
│advantages_max=2.475                   │advantages_mean=-0.112                 │advantages_min=-2.475                 │
│rewards=0.0038                         │                                       │                                      │
│                                                                                                                      │
├─────────────────────────────────────────────────── Training/Actor ───────────────────────────────────────────────────┤
│                                                                                                                      │
│actor/approx_kl=0.054                  │actor/clip_fraction=0.241              │actor/clipped_ratio=0.987             │
│actor/dual_cliped_ratio=0.0000         │actor/dvac_current_mean=-4.088         │actor/dvac_current_std=0.536          │
│actor/dvac_history_mean=-4.108         │actor/dvac_history_std=0.525           │actor/dvac_warmup=0.0000              │
│actor/dvac_weight_mean_rank_local=1.026│actor/entropy_loss=0.0000              │actor/grad_norm=27.365                │
│actor/lr=5.60e-06                      │actor/policy_loss=-0.0010              │actor/policy_loss_abs=0.210           │
│actor/ratio=1.007                      │actor/ratio_abs=0.227                  │actor/total_loss=-1.28e-04            │
│                                                                                                                      │
╰──────────────────────────────────────────────────────────────────────────────────────────────────────────────────────╯

