/data/chenyiteng/projects/rlinf-shenzhen/worktrees/pi0-dvac-grpo-current/examples/embodiment/train_embodied_agent.py:35: Hydra14MigrationWarning: 
version_base="1.1" selects Hydra 1.1 compatibility behavior.
Hydra 1.4 will remove this compatibility behavior.
Before upgrading to Hydra 1.4, set version_base="1.3" and test your application.
See https://hydra.cc/docs/upgrades/1.3_to_1.4/prepare_for_1_4/ for preparation instructions.
  @hydra.main(
/home/chenyiteng/venvs/rlinf-7d07-openpi-robotwin/lib/python3.11/site-packages/hydra/_internal/defaults_list.py:251: UserWarning: In 'robotwin_adjust_bottle_grpo_openpi': Defaults list is missing `_self_`. See https://hydra.cc/docs/1.2/upgrades/1.0_to_1.1/default_composition_order for more information
  warnings.warn(msg, UserWarning)
/home/chenyiteng/venvs/rlinf-7d07-openpi-robotwin/lib/python3.11/site-packages/hydra/_internal/hydra.py:119: UserWarning: Future Hydra versions will no longer change working directory at job runtime by default.
See https://hydra.cc/docs/1.2/upgrades/1.1_to_1.2/changes_to_job_working_dir/ for more information.
  ret = run_job(
[INFO 09:58:50 RLinf] RLinf Ray code sync is enabled (py_modules=('/data/chenyiteng/projects/rlinf-shenzhen/worktrees/pi0-dvac-grpo-current/rlinf',)); workers receive only the rlinf package from the launch node. Disable with RLINF_CODE_WORKING_DIR=0.
2026-08-25 09:58:50,350	INFO worker.py:1683 -- Using address 172.17.0.1:6389 set in the environment variable RAY_ADDRESS
2026-08-25 09:58:50,356	INFO worker.py:1833 -- Connecting to existing Ray cluster at address: 172.17.0.1:6389...
2026-08-25 09:58:50,438	INFO worker.py:2015 -- Connected to Ray cluster. View the dashboard at [1m[32mhttp://127.0.0.1:8266 [39m[22m
2026-08-25 09:58:50,491	INFO packaging.py:734 -- Creating a file package for local module '/data/chenyiteng/projects/rlinf-shenzhen/worktrees/pi0-dvac-grpo-current/rlinf'.
2026-08-25 09:58:50,573	INFO packaging.py:434 -- Pushing file package 'gcs://_ray_pkg_3e190109132f9fb7.zip' (10.14MiB) to Ray cluster...
2026-08-25 09:58:50,612	INFO packaging.py:447 -- Successfully pushed file package 'gcs://_ray_pkg_3e190109132f9fb7.zip'.
[INFO 09:58:53 RLinf] RLinf is running on a cluster with 1 node and 8 accelerators. The nodes' details are: 
node_labels: []
node_rank: 0
ray_id: 2730f38e60da6b4c0f68d8779893624a0917240589c544541c894c54
node_ip: 172.17.0.1
num_cpus: 128
python_interpreter_path: /home/chenyiteng/venvs/rlinf-7d07-openpi-robotwin/bin/python
hardware_resources:
- type: Accelerator
  infos:
  - type: Accelerator
    model: NV_GPU:H100 80GB HBM3
  - type: Accelerator
    model: NV_GPU:H100 80GB HBM3
  - type: Accelerator
    model: NV_GPU:H100 80GB HBM3
  - type: Accelerator
    model: NV_GPU:H100 80GB HBM3
  - type: Accelerator
    model: NV_GPU:H100 80GB HBM3
  - type: Accelerator
    model: NV_GPU:H100 80GB HBM3
  - type: Accelerator
    model: NV_GPU:H100 80GB HBM3
  - type: Accelerator
    model: NV_GPU:H100 80GB HBM3
profiler_backends: []

Node groups' details are: 
label: cluster
nodes: '0'
hardware_type: Accelerator
ignore_hardware: false
env_configs: null

label: node
nodes: '0'
hardware_type: null
ignore_hardware: true
env_configs: null

[36m(_RemoteNodeProbe pid=1509902)[0m /data/chenyiteng/projects/rlinf-shenzhen/worktrees/pi0-dvac-grpo-current/rlinf/scheduler/cluster/node.py:532: UserWarning: Python interpreter used to launch Ray on node with IP 172.17.0.1 is different from that on the head node /home/chenyiteng/venvs/rlinf-7d07-openpi-robotwin/bin/python. Keep using the current interpreter /home/chenyiteng/venvs/rlinf-7d07-openpi-robotwin/bin/python3 on this node.
[36m(_RemoteNodeProbe pid=1509902)[0m   warnings.warn(
[INFO 09:58:53 FlexiblePlacementStrategy] 
[INFO 09:58:53 FlexiblePlacementStrategy] Using flexible placement with hardware ranks: [[4], [5], [6], [7]], node groups: ['cluster'].
[INFO 09:58:53 FlexiblePlacementStrategy] 
[INFO 09:58:53 FlexiblePlacementStrategy] Using flexible placement with hardware ranks: [[4], [5], [6], [7]], node groups: ['cluster'].
{
  "env": {
    "train": {
      "env_type": "robotwin",
      "total_num_envs": 128,
      "auto_reset": false,
      "ignore_terminations": false,
      "reward_coef": 1.0,
      "use_custom_reward": true,
      "use_rel_reward": true,
      "center_crop": false,
      "seed": 0,
      "group_size": 8,
      "use_fixed_reset_state_ids": false,
      "max_steps_per_rollout_epoch": 200,
      "max_episode_steps": 200,
      "is_eval": false,
      "assets_path": "/data/chenyiteng/projects/rlinf-shenzhen/RoboTwin-RLinf-support",
      "seeds_path": "/data/chenyiteng/projects/rlinf-shenzhen/worktrees/pi0-dvac-grpo-current/rlinf/envs/robotwin/seeds/train_seeds.json",
      "video_cfg": {
        "save_video": true,
        "info_on_video": true,
        "video_base_dir": "/data/chenyiteng/results/rlinf-shenzhen/grpo/runs/dvac-global-z-w0to5-formal100-grpo-matched-4gpu128x4-b2048-eval5-phys4567-v1/video/train"
      },
      "enable_offload": false,
      "task_config": {
        "task_name": "adjust_bottle",
        "step_lim": 200,
        "planner_backend": "mplib",
        "render_freq": 0,
        "episode_num": 100,
        "use_seed": false,
        "save_freq": 15,
        "embodiment": [
          "aloha-agilex"
        ],
        "language_num": 100,
        "domain_randomization": {
          "random_background": false,
          "cluttered_table": false,
          "clean_background_rate": 1,
          "random_head_camera_dis": 0,
          "random_table_height": 0,
          "random_light": false,
          "crazy_random_light_rate": 0
        },
        "camera": {
          "head_camera_type": "D435",
          "wrist_camera_type": "D435",
          "collect_head_camera": true,
          "collect_wrist_camera": true
        },
        "data_type": {
          "rgb": true,
          "third_view": false,
          "depth": false,
          "pointcloud": false,
          "observer": false,
          "endpose": false,
          "qpos": true,
          "mesh_segmentation": false,
          "actor_segmentation": false
        },
        "pcd_down_sample_num": 1024,
        "pcd_crop": true,
        "save_path": "/data/chenyiteng/results/rlinf-shenzhen/grpo/runs/dvac-global-z-w0to5-formal100-grpo-matched-4gpu128x4-b2048-eval5-phys4567-v1/robotwin_data/train",
        "clear_cache_freq": 1,
        "collect_data": true,
        "eval_video_log": true
      },
      "rollout_epoch": 4
    },
    "eval": {
      "env_type": "robotwin",
      "total_num_envs": 64,
      "auto_reset": true,
      "ignore_terminations": true,
      "reward_coef": 1.0,
      "use_custom_reward": true,
      "use_rel_reward": true,
      "center_crop": false,
      "seed": 0,
      "group_size": 1,
      "use_fixed_reset_state_ids": true,
      "max_steps_per_rollout_epoch": 200,
      "max_episode_steps": 200,
      "is_eval": true,
      "assets_path": "/data/chenyiteng/projects/rlinf-shenzhen/RoboTwin-RLinf-support",
      "seeds_path": "/data/chenyiteng/projects/rlinf-shenzhen/worktrees/pi0-dvac-grpo-current/rlinf/envs/robotwin/seeds/eval_seeds.json",
      "video_cfg": {
        "save_video": true,
        "info_on_video": true,
        "video_base_dir": "/data/chenyiteng/results/rlinf-shenzhen/grpo/runs/dvac-global-z-w0to5-formal100-grpo-matched-4gpu128x4-b2048-eval5-phys4567-v1/video/eval"
      },
      "enable_offload": false,
      "task_config": {
        "task_name": "adjust_bottle",
        "step_lim": 200,
        "planner_backend": "mplib",
        "render_freq": 0,
        "episode_num": 100,
        "use_seed": false,
        "save_freq": 15,
        "embodiment": [
          "aloha-agilex"
        ],
        "language_num": 100,
        "domain_randomization": {
          "random_background": false,
          "cluttered_table": false,
          "clean_background_rate": 1,
          "random_head_camera_dis": 0,
          "random_table_height": 0,
          "random_light": false,
          "crazy_random_light_rate": 0
        },
        "camera": {
          "head_camera_type": "D435",
          "wrist_camera_type": "D435",
          "collect_head_camera": true,
          "collect_wrist_camera": true
        },
        "data_type": {
          "rgb": true,
          "third_view": false,
          "depth": false,
          "pointcloud": false,
          "observer": false,
          "endpose": false,
          "qpos": true,
          "mesh_segmentation": false,
          "actor_segmentation": false
        },
        "pcd_down_sample_num": 1024,
        "pcd_crop": true,
        "save_path": "/data/chenyiteng/results/rlinf-shenzhen/grpo/runs/dvac-global-z-w0to5-formal100-grpo-matched-4gpu128x4-b2048-eval5-phys4567-v1/robotwin_data/eval",
        "clear_cache_freq": 1,
        "collect_data": true,
        "eval_video_log": true
      },
      "rollout_epoch": 1
    },
    "group_name": "EnvGroup",
    "enable_offload": true
  },
  "actor": {
    "model": {
      "model_type": "openpi",
      "model_path": "/data/chenyiteng/models/rlinf/RLinf-Pi0-RoboTwin-SFT-adjust_bottle@92684e50",
      "precision": null,
      "num_action_chunks": 50,
      "action_dim": 14,
      "is_lora": false,
      "lora_rank": 32,
      "use_proprio": true,
      "num_steps": 4,
      "add_value_head": false,
      "openpi": {
        "config_name": "pi0_aloha_robotwin",
        "num_images_in_input": 3,
        "noise_level": 0.5,
        "action_chunk": 50,
        "num_steps": 4,
        "train_expert_only": true,
        "action_env_dim": 14,
        "noise_method": "flow_sde",
        "add_value_head": false,
        "detach_critic_input": false,
        "use_dsrl": false,
        "dsrl_state_dim": 8,
        "dsrl_action_noise_dim": 32,
        "dsrl_num_q_heads": 10,
        "dsrl_agg_q": "mean",
        "dsrl_image_latent_dim": 64,
        "dsrl_state_latent_dim": 64,
        "dsrl_hidden_dims": [
          128,
          128,
          128
        ]
      }
    },
    "fsdp_config": {
      "strategy": "fsdp",
      "sharding_strategy": "full_shard",
      "gradient_checkpointing": false,
      "cpu_offload": false,
      "offload_pin_memory": false,
      "reshard_after_forward": true,
      "enable_gradient_accumulation": true,
      "forward_prefetch": false,
      "limit_all_gathers": false,
      "backward_prefetch": null,
      "use_orig_params": false,
      "use_liger_kernel": false,
      "mixed_precision": {
        "param_dtype": null,
        "reduce_dtype": null,
        "buffer_dtype": null
      },
      "amp_autocast": {
        "enabled": false,
        "precision": "bf16"
      },
      "grad_scaler": {
        "enabled": false,
        "init_scale": null,
        "growth_interval": null
      }
    },
    "group_name": "ActorGroup",
    "training_backend": "fsdp",
    "micro_batch_size": 32,
    "global_batch_size": 2048,
    "seed": 1234,
    "enable_offload": true,
    "optim": {
      "lr": 5.6e-06,
      "value_lr": 0.00011,
      "adam_beta1": 0.9,
      "adam_beta2": 0.95,
      "adam_eps": 1e-08,
      "weight_decay": 0.01,
      "clip_grad": 1.0,
      "critic_warmup_steps": 0
    }
  },
  "weight_syncer": {
    "type": "patch",
    "patch": {
      "snapshot_device": "cpu",
      "delta_encoding": true,
      "compression": "none",
      "init_sync": {
        "enabled": true,
        "prefixes": null,
        "bucket_size": 134217728
      }
    }
  },
  "cluster": {
    "num_nodes": 1,
    "component_placement": {
      "actor, env, rollout": "4,5,6,7"
    },
    "tracer": {
      "enable": false
    }
  },
  "runner": {
    "task_type": "embodied",
    "logger": {
      "log_path": "/data/chenyiteng/results/rlinf-shenzhen/grpo/runs/dvac-global-z-w0to5-formal100-grpo-matched-4gpu128x4-b2048-eval5-phys4567-v1",
      "project_name": "rlinf",
      "experiment_name": "robotwin_grpo_openpi_dvac_global_z_w0to5_matched_eval5",
      "logger_backends": [
        "tensorboard"
      ]
    },
    "max_epochs": 1000,
    "max_steps": 100,
    "only_eval": false,
    "val_check_interval": 5,
    "save_interval": 10,
    "resume_dir": null,
    "ckpt_path": null,
    "per_worker_log": false,
    "per_worker_log_path": null,
    "weight_sync_interval": 1,
    "overlap_env_bootstrap": false
  },
  "algorithm": {
    "normalize_advantages": true,
    "kl_penalty": "kl",
    "group_size": 8,
    "reward_coef": 1.0,
    "reward_type": "chunk_level",
    "logprob_type": "chunk_level",
    "entropy_type": "token_level",
    "update_epoch": 2,
    "adv_type": "grpo",
    "loss_type": "actor",
    "loss_agg_func": "token-mean",
    "kl_beta": 0.0,
    "entropy_bonus": 0,
    "clip_ratio_high": 0.2,
    "clip_ratio_low": 0.2,
    "clip_ratio_c": 3.0,
    "value_clip": 0.2,
    "huber_delta": 10.0,
    "gamma": 0.99,
    "gae_lambda": 0.95,
    "filter_rewards": true,
    "rewards_lower_bound": 0.1,
    "rewards_upper_bound": 0.9,
    "dvac_gradient_weighting": {
      "mode": "apply",
      "selected_l": 3,
      "warmup_steps": 1,
      "window_steps": 5,
      "log_eps": 1e-12,
      "std_floor": 1e-06,
      "z_clip": 2.0,
      "strength": 0.5,
      "weight_min": 0.0,
      "weight_max": 5.0,
      "save_step_tensors": true,
      "output_dir": "/data/chenyiteng/results/rlinf-shenzhen/grpo/runs/dvac-global-z-w0to5-formal100-grpo-matched-4gpu128x4-b2048-eval5-phys4567-v1/robotwin_grpo_openpi_dvac_global_z_w0to5_matched_eval5/dvac_train"
    }
  },
  "rollout": {
    "group_name": "RolloutGroup",
    "backend": "huggingface",
    "recompute_logprobs": false,
    "enable_offload": true,
    "pipeline_stage_num": 1,
    "model": {
      "model_path": "/data/chenyiteng/models/rlinf/RLinf-Pi0-RoboTwin-SFT-adjust_bottle@92684e50",
      "precision": null
    }
  },
  "reward": {
    "use_reward_model": false
  },
  "critic": {
    "use_critic_model": false
  }
}
[INFO 09:58:53 FlexiblePlacementStrategy] 
[INFO 09:58:53 FlexiblePlacementStrategy] Using flexible placement with hardware ranks: [[4], [5], [6], [7]], node groups: ['cluster'].
[INFO 09:58:53 FlexiblePlacementStrategy] Generated 4 placements: [Placement(rank=0, cluster_node_rank=0, placement_node_rank=0, local_accelerator_rank=4, accelerator_type='NV_GPU', local_rank=0, local_world_size=4, visible_accelerators=['4'], isolate_accelerator=True, local_hardware_ranks=[4], node_group_label='cluster'), Placement(rank=1, cluster_node_rank=0, placement_node_rank=0, local_accelerator_rank=5, accelerator_type='NV_GPU', local_rank=1, local_world_size=4, visible_accelerators=['5'], isolate_accelerator=True, local_hardware_ranks=[5], node_group_label='cluster'), Placement(rank=2, cluster_node_rank=0, placement_node_rank=0, local_accelerator_rank=6, accelerator_type='NV_GPU', local_rank=2, local_world_size=4, visible_accelerators=['6'], isolate_accelerator=True, local_hardware_ranks=[6], node_group_label='cluster'), Placement(rank=3, cluster_node_rank=0, placement_node_rank=0, local_accelerator_rank=7, accelerator_type='NV_GPU', local_rank=3, local_world_size=4, visible_accelerators=['7'], isolate_accelerator=True, local_hardware_ranks=[7], node_group_label='cluster')].
[INFO 09:58:54 FlexiblePlacementStrategy] Generated 4 placements: [Placement(rank=0, cluster_node_rank=0, placement_node_rank=0, local_accelerator_rank=4, accelerator_type='NV_GPU', local_rank=0, local_world_size=4, visible_accelerators=['4'], isolate_accelerator=True, local_hardware_ranks=[4], node_group_label='cluster'), Placement(rank=1, cluster_node_rank=0, placement_node_rank=0, local_accelerator_rank=5, accelerator_type='NV_GPU', local_rank=1, local_world_size=4, visible_accelerators=['5'], isolate_accelerator=True, local_hardware_ranks=[5], node_group_label='cluster'), Placement(rank=2, cluster_node_rank=0, placement_node_rank=0, local_accelerator_rank=6, accelerator_type='NV_GPU', local_rank=2, local_world_size=4, visible_accelerators=['6'], isolate_accelerator=True, local_hardware_ranks=[6], node_group_label='cluster'), Placement(rank=3, cluster_node_rank=0, placement_node_rank=0, local_accelerator_rank=7, accelerator_type='NV_GPU', local_rank=3, local_world_size=4, visible_accelerators=['7'], isolate_accelerator=True, local_hardware_ranks=[7], node_group_label='cluster')].
[INFO 09:58:54 FlexiblePlacementStrategy] Generated 4 placements: [Placement(rank=0, cluster_node_rank=0, placement_node_rank=0, local_accelerator_rank=4, accelerator_type='NV_GPU', local_rank=0, local_world_size=4, visible_accelerators=['4'], isolate_accelerator=True, local_hardware_ranks=[4], node_group_label='cluster'), Placement(rank=1, cluster_node_rank=0, placement_node_rank=0, local_accelerator_rank=5, accelerator_type='NV_GPU', local_rank=1, local_world_size=4, visible_accelerators=['5'], isolate_accelerator=True, local_hardware_ranks=[5], node_group_label='cluster'), Placement(rank=2, cluster_node_rank=0, placement_node_rank=0, local_accelerator_rank=6, accelerator_type='NV_GPU', local_rank=2, local_world_size=4, visible_accelerators=['6'], isolate_accelerator=True, local_hardware_ranks=[6], node_group_label='cluster'), Placement(rank=3, cluster_node_rank=0, placement_node_rank=0, local_accelerator_rank=7, accelerator_type='NV_GPU', local_rank=3, local_world_size=4, visible_accelerators=['7'], isolate_accelerator=True, local_hardware_ranks=[7], node_group_label='cluster')].
[INFO 09:58:54 NodePlacementStrategy] 
[INFO 09:58:54 NodePlacementStrategy] Using node placement with node ranks: [0], node groups: ['node'].
[INFO 09:58:54 NodePlacementStrategy] Generated 1 placements: [Placement(rank=0, cluster_node_rank=0, placement_node_rank=0, local_accelerator_rank='0', accelerator_type='NV_GPU', local_rank=0, local_world_size=1, visible_accelerators=['0', '1', '2', '3', '4', '5', '6', '7'], isolate_accelerator=True, local_hardware_ranks=[], node_group_label='cluster')].
[INFO 09:58:54 NodePlacementStrategy] 
[INFO 09:58:54 NodePlacementStrategy] Using node placement with node ranks: [0], node groups: ['node'].
[INFO 09:58:54 NodePlacementStrategy] Generated 1 placements: [Placement(rank=0, cluster_node_rank=0, placement_node_rank=0, local_accelerator_rank='0', accelerator_type='NV_GPU', local_rank=0, local_world_size=1, visible_accelerators=['0', '1', '2', '3', '4', '5', '6', '7'], isolate_accelerator=True, local_hardware_ranks=[], node_group_label='cluster')].
[INFO 09:58:54 NodePlacementStrategy] 
[INFO 09:58:54 NodePlacementStrategy] Using node placement with node ranks: [0], node groups: ['node'].
[INFO 09:58:54 NodePlacementStrategy] Generated 1 placements: [Placement(rank=0, cluster_node_rank=0, placement_node_rank=0, local_accelerator_rank='0', accelerator_type='NV_GPU', local_rank=0, local_world_size=1, visible_accelerators=['0', '1', '2', '3', '4', '5', '6', '7'], isolate_accelerator=True, local_hardware_ranks=[], node_group_label='cluster')].
WARNING: All log messages before absl::InitializeLog() is called are written to STDERR
I0000 00:00:1787651935.190839 1509472 port.cc:153] oneDNN custom operations are on. You may see slightly different numerical results due to floating-point round-off errors from different computation orders. To turn them off, set the environment variable `TF_ENABLE_ONEDNN_OPTS=0`.
I0000 00:00:1787651935.247200 1509472 cpu_feature_guard.cc:227] This TensorFlow binary is optimized to use available CPU instructions in performance-critical operations.
To enable the following instructions: AVX2 AVX512F AVX512_VNNI AVX512_BF16 AVX512_FP16 AVX_VNNI AMX_TILE AMX_INT8 AMX_BF16 FMA, in other operations, rebuild TensorFlow with the appropriate compiler flags.
WARNING: All log messages before absl::InitializeLog() is called are written to STDERR
I0000 00:00:1787651937.130919 1509472 port.cc:153] oneDNN custom operations are on. You may see slightly different numerical results due to floating-point round-off errors from different computation orders. To turn them off, set the environment variable `TF_ENABLE_ONEDNN_OPTS=0`.
[36m(EmbodiedFSDPActor pid=1509986)[0m [WARNING 09:59:01 ActorGroup-Rank-0][fsdp_model_manager.py:79] Provided there is sufficient GPU memory, set the actor.model.precision parameter to fp32 to allow the optimizer to run in fp32 for better convergence. Meanwhile, setting mixed_precision.param_dtype to 16-bit dtype can help maximize speed, as it will automatically convert fp32 to fp16 during operator execution.
[36m(EmbodiedFSDPActor pid=1509988)[0m [WARNING 09:59:02 ActorGroup-Rank-1][fsdp_model_manager.py:79] Provided there is sufficient GPU memory, set the actor.model.precision parameter to fp32 to allow the optimizer to run in fp32 for better convergence. Meanwhile, setting mixed_precision.param_dtype to 16-bit dtype can help maximize speed, as it will automatically convert fp32 to fp16 during operator execution.
[36m(EnvWorker pid=1510263)[0m [INFO 09:59:02 FlexiblePlacementStrategy] 
[36m(EnvWorker pid=1510263)[0m [INFO 09:59:02 FlexiblePlacementStrategy] Using flexible placement with hardware ranks: [[4], [5], [6], [7]], node groups: ['cluster'].
[36m(EmbodiedFSDPActor pid=1509989)[0m [WARNING 09:59:02 ActorGroup-Rank-2][fsdp_model_manager.py:79] Provided there is sufficient GPU memory, set the actor.model.precision parameter to fp32 to allow the optimizer to run in fp32 for better convergence. Meanwhile, setting mixed_precision.param_dtype to 16-bit dtype can help maximize speed, as it will automatically convert fp32 to fp16 during operator execution.
[36m(MultiStepRolloutWorker pid=1509994)[0m [INFO 09:59:02 FlexiblePlacementStrategy] 
[36m(MultiStepRolloutWorker pid=1509994)[0m [INFO 09:59:02 FlexiblePlacementStrategy] Using flexible placement with hardware ranks: [[4], [5], [6], [7]], node groups: ['cluster'].
[36m(MultiStepRolloutWorker pid=1509992)[0m [INFO 09:59:02 FlexiblePlacementStrategy] 
[36m(MultiStepRolloutWorker pid=1509992)[0m [INFO 09:59:02 FlexiblePlacementStrategy] Using flexible placement with hardware ranks: [[4], [5], [6], [7]], node groups: ['cluster'].
[36m(MultiStepRolloutWorker pid=1509997)[0m [INFO 09:59:02 FlexiblePlacementStrategy] 
[36m(MultiStepRolloutWorker pid=1509997)[0m [INFO 09:59:02 FlexiblePlacementStrategy] Using flexible placement with hardware ranks: [[4], [5], [6], [7]], node groups: ['cluster'].
[36m(MultiStepRolloutWorker pid=1509995)[0m [INFO 09:59:02 FlexiblePlacementStrategy] 
[36m(MultiStepRolloutWorker pid=1509995)[0m [INFO 09:59:02 FlexiblePlacementStrategy] Using flexible placement with hardware ranks: [[4], [5], [6], [7]], node groups: ['cluster'].
[36m(EnvWorker pid=1510265)[0m [INFO 09:59:02 FlexiblePlacementStrategy] 
[36m(EnvWorker pid=1510265)[0m [INFO 09:59:02 FlexiblePlacementStrategy] Using flexible placement with hardware ranks: [[4], [5], [6], [7]], node groups: ['cluster'].
[36m(EnvWorker pid=1510320)[0m [INFO 09:59:02 FlexiblePlacementStrategy] 
[36m(EnvWorker pid=1510320)[0m [INFO 09:59:02 FlexiblePlacementStrategy] Using flexible placement with hardware ranks: [[4], [5], [6], [7]], node groups: ['cluster'].
[36m(EnvWorker pid=1510264)[0m [INFO 09:59:02 FlexiblePlacementStrategy] 
[36m(EnvWorker pid=1510264)[0m [INFO 09:59:02 FlexiblePlacementStrategy] Using flexible placement with hardware ranks: [[4], [5], [6], [7]], node groups: ['cluster'].
[36m(EmbodiedFSDPActor pid=1509991)[0m [WARNING 09:59:04 ActorGroup-Rank-3][fsdp_model_manager.py:79] Provided there is sufficient GPU memory, set the actor.model.precision parameter to fp32 to allow the optimizer to run in fp32 for better convergence. Meanwhile, setting mixed_precision.param_dtype to 16-bit dtype can help maximize speed, as it will automatically convert fp32 to fp16 during operator execution.
[36m(RolloutGroup(rank=3) pid=1509997)[0m WARNING: All log messages before absl::InitializeLog() is called are written to STDERR
[36m(RolloutGroup(rank=3) pid=1509997)[0m I0000 00:00:1787651944.661889 1511320 port.cc:153] oneDNN custom operations are on. You may see slightly different numerical results due to floating-point round-off errors from different computation orders. To turn them off, set the environment variable `TF_ENABLE_ONEDNN_OPTS=0`.
[36m(RolloutGroup(rank=1) pid=1509994)[0m WARNING: All log messages before absl::InitializeLog() is called are written to STDERR
[36m(RolloutGroup(rank=1) pid=1509994)[0m I0000 00:00:1787651944.698670 1511322 port.cc:153] oneDNN custom operations are on. You may see slightly different numerical results due to floating-point round-off errors from different computation orders. To turn them off, set the environment variable `TF_ENABLE_ONEDNN_OPTS=0`.
[36m(RolloutGroup(rank=0) pid=1509992)[0m WARNING: All log messages before absl::InitializeLog() is called are written to STDERR
[36m(RolloutGroup(rank=0) pid=1509992)[0m I0000 00:00:1787651944.712872 1511330 port.cc:153] oneDNN custom operations are on. You may see slightly different numerical results due to floating-point round-off errors from different computation orders. To turn them off, set the environment variable `TF_ENABLE_ONEDNN_OPTS=0`.
[36m(RolloutGroup(rank=2) pid=1509995)[0m WARNING: All log messages before absl::InitializeLog() is called are written to STDERR
[36m(RolloutGroup(rank=2) pid=1509995)[0m I0000 00:00:1787651944.713970 1511334 port.cc:153] oneDNN custom operations are on. You may see slightly different numerical results due to floating-point round-off errors from different computation orders. To turn them off, set the environment variable `TF_ENABLE_ONEDNN_OPTS=0`.
[36m(RolloutGroup(rank=3) pid=1509997)[0m WARNING: All log messages before absl::InitializeLog() is called are written to STDERR
[36m(RolloutGroup(rank=3) pid=1509997)[0m I0000 00:00:1787651945.708100 1511320 port.cc:153] oneDNN custom operations are on. You may see slightly different numerical results due to floating-point round-off errors from different computation orders. To turn them off, set the environment variable `TF_ENABLE_ONEDNN_OPTS=0`.
[36m(RolloutGroup(rank=1) pid=1509994)[0m WARNING: All log messages before absl::InitializeLog() is called are written to STDERR
[36m(RolloutGroup(rank=1) pid=1509994)[0m I0000 00:00:1787651946.027085 1511322 port.cc:153] oneDNN custom operations are on. You may see slightly different numerical results due to floating-point round-off errors from different computation orders. To turn them off, set the environment variable `TF_ENABLE_ONEDNN_OPTS=0`.
[36m(RolloutGroup(rank=0) pid=1509992)[0m WARNING: All log messages before absl::InitializeLog() is called are written to STDERR
[36m(RolloutGroup(rank=0) pid=1509992)[0m I0000 00:00:1787651946.005975 1511330 port.cc:153] oneDNN custom operations are on. You may see slightly different numerical results due to floating-point round-off errors from different computation orders. To turn them off, set the environment variable `TF_ENABLE_ONEDNN_OPTS=0`.
[36m(RolloutGroup(rank=2) pid=1509995)[0m WARNING: All log messages before absl::InitializeLog() is called are written to STDERR
[36m(RolloutGroup(rank=2) pid=1509995)[0m I0000 00:00:1787651946.027222 1511334 port.cc:153] oneDNN custom operations are on. You may see slightly different numerical results due to floating-point round-off errors from different computation orders. To turn them off, set the environment variable `TF_ENABLE_ONEDNN_OPTS=0`.
[36m(EmbodiedFSDPActor pid=1509986)[0m [W825 09:59:12.436085318 socket.cpp:207] [c10d] The hostname of the client socket cannot be retrieved. err=-3
[36m(EnvGroup(rank=0) pid=1510263)[0m [W825 09:59:12.042305364 socket.cpp:207] [c10d] The hostname of the client socket cannot be retrieved. err=-3
[36m(EmbodiedFSDPActor pid=1509989)[0m [INFO 09:59:13 FlexiblePlacementStrategy] 
[36m(EmbodiedFSDPActor pid=1509989)[0m [INFO 09:59:13 FlexiblePlacementStrategy] Using flexible placement with hardware ranks: [[4], [5], [6], [7]], node groups: ['cluster'].
[36m(EmbodiedFSDPActor pid=1509989)[0m [INFO 09:59:13 ActorGroup-Rank-2][fsdp_model_manager.py:133] [FSDP] AMP is disabled.
[36m(EmbodiedFSDPActor pid=1509988)[0m [INFO 09:59:13 ActorGroup-Rank-1][fsdp_model_manager.py:133] [FSDP] AMP is disabled.
[36m(EmbodiedFSDPActor pid=1509988)[0m [INFO 09:59:13 FlexiblePlacementStrategy] 
[36m(EmbodiedFSDPActor pid=1509988)[0m [INFO 09:59:13 FlexiblePlacementStrategy] Using flexible placement with hardware ranks: [[4], [5], [6], [7]], node groups: ['cluster'].
[36m(EmbodiedFSDPActor pid=1509986)[0m [INFO 09:59:13 ActorGroup-Rank-0][fsdp_model_manager.py:133] [FSDP] AMP is disabled.
[36m(EmbodiedFSDPActor pid=1509986)[0m [INFO 09:59:13 FlexiblePlacementStrategy] 
[36m(EmbodiedFSDPActor pid=1509986)[0m [INFO 09:59:13 FlexiblePlacementStrategy] Using flexible placement with hardware ranks: [[4], [5], [6], [7]], node groups: ['cluster'].
[36m(EmbodiedFSDPActor pid=1509991)[0m [INFO 09:59:13 ActorGroup-Rank-3][fsdp_model_manager.py:133] [FSDP] AMP is disabled.
[36m(EmbodiedFSDPActor pid=1509991)[0m [INFO 09:59:13 FlexiblePlacementStrategy] 
[36m(EmbodiedFSDPActor pid=1509991)[0m [INFO 09:59:13 FlexiblePlacementStrategy] Using flexible placement with hardware ranks: [[4], [5], [6], [7]], node groups: ['cluster'].
[36m(RolloutGroup(rank=3) pid=1509997)[0m INFO:root:Loaded norm stats from /data/chenyiteng/models/rlinf/RLinf-Pi0-RoboTwin-SFT-adjust_bottle@92684e50/physical-intelligence/robotwin
[36m(RolloutGroup(rank=3) pid=1509997)[0m INFO:root:Loaded norm stats from /data/chenyiteng/models/rlinf/RLinf-Pi0-RoboTwin-SFT-adjust_bottle@92684e50/physical-intelligence/robotwin
[36m(RolloutGroup(rank=2) pid=1509995)[0m INFO:root:Loaded norm stats from /data/chenyiteng/models/rlinf/RLinf-Pi0-RoboTwin-SFT-adjust_bottle@92684e50/physical-intelligence/robotwin
[36m(RolloutGroup(rank=2) pid=1509995)[0m INFO:root:Loaded norm stats from /data/chenyiteng/models/rlinf/RLinf-Pi0-RoboTwin-SFT-adjust_bottle@92684e50/physical-intelligence/robotwin
[36m(RolloutGroup(rank=0) pid=1509992)[0m INFO:root:Loaded norm stats from /data/chenyiteng/models/rlinf/RLinf-Pi0-RoboTwin-SFT-adjust_bottle@92684e50/physical-intelligence/robotwin
[36m(RolloutGroup(rank=0) pid=1509992)[0m INFO:root:Loaded norm stats from /data/chenyiteng/models/rlinf/RLinf-Pi0-RoboTwin-SFT-adjust_bottle@92684e50/physical-intelligence/robotwin
[36m(RolloutGroup(rank=1) pid=1509994)[0m INFO:root:Loaded norm stats from /data/chenyiteng/models/rlinf/RLinf-Pi0-RoboTwin-SFT-adjust_bottle@92684e50/physical-intelligence/robotwin
[36m(RolloutGroup(rank=1) pid=1509994)[0m INFO:root:Loaded norm stats from /data/chenyiteng/models/rlinf/RLinf-Pi0-RoboTwin-SFT-adjust_bottle@92684e50/physical-intelligence/robotwin
[36m(ActorGroup(rank=0) pid=1509986)[0m WARNING: All log messages before absl::InitializeLog() is called are written to STDERR
[36m(ActorGroup(rank=0) pid=1509986)[0m I0000 00:00:1787651996.444620 1511316 port.cc:153] oneDNN custom operations are on. You may see slightly different numerical results due to floating-point round-off errors from different computation orders. To turn them off, set the environment variable `TF_ENABLE_ONEDNN_OPTS=0`.
[36m(ActorGroup(rank=1) pid=1509988)[0m WARNING: All log messages before absl::InitializeLog() is called are written to STDERR
[36m(ActorGroup(rank=1) pid=1509988)[0m I0000 00:00:1787651996.444621 1511335 port.cc:153] oneDNN custom operations are on. You may see slightly different numerical results due to floating-point round-off errors from different computation orders. To turn them off, set the environment variable `TF_ENABLE_ONEDNN_OPTS=0`.
[36m(ActorGroup(rank=2) pid=1509989)[0m WARNING: All log messages before absl::InitializeLog() is called are written to STDERR
[36m(ActorGroup(rank=2) pid=1509989)[0m I0000 00:00:1787651996.438857 1511341 port.cc:153] oneDNN custom operations are on. You may see slightly different numerical results due to floating-point round-off errors from different computation orders. To turn them off, set the environment variable `TF_ENABLE_ONEDNN_OPTS=0`.
[36m(ActorGroup(rank=3) pid=1509991)[0m WARNING: All log messages before absl::InitializeLog() is called are written to STDERR
[36m(ActorGroup(rank=3) pid=1509991)[0m I0000 00:00:1787651996.435866 1511400 port.cc:153] oneDNN custom operations are on. You may see slightly different numerical results due to floating-point round-off errors from different computation orders. To turn them off, set the environment variable `TF_ENABLE_ONEDNN_OPTS=0`.
[36m(ActorGroup(rank=0) pid=1509986)[0m WARNING: All log messages before absl::InitializeLog() is called are written to STDERR
[36m(ActorGroup(rank=0) pid=1509986)[0m I0000 00:00:1787651997.840010 1511316 port.cc:153] oneDNN custom operations are on. You may see slightly different numerical results due to floating-point round-off errors from different computation orders. To turn them off, set the environment variable `TF_ENABLE_ONEDNN_OPTS=0`.
[36m(ActorGroup(rank=1) pid=1509988)[0m WARNING: All log messages before absl::InitializeLog() is called are written to STDERR
[36m(ActorGroup(rank=1) pid=1509988)[0m I0000 00:00:1787651997.947768 1511335 port.cc:153] oneDNN custom operations are on. You may see slightly different numerical results due to floating-point round-off errors from different computation orders. To turn them off, set the environment variable `TF_ENABLE_ONEDNN_OPTS=0`.
[36m(ActorGroup(rank=2) pid=1509989)[0m WARNING: All log messages before absl::InitializeLog() is called are written to STDERR
[36m(ActorGroup(rank=2) pid=1509989)[0m I0000 00:00:1787651998.166695 1511341 port.cc:153] oneDNN custom operations are on. You may see slightly different numerical results due to floating-point round-off errors from different computation orders. To turn them off, set the environment variable `TF_ENABLE_ONEDNN_OPTS=0`.
[36m(ActorGroup(rank=3) pid=1509991)[0m WARNING: All log messages before absl::InitializeLog() is called are written to STDERR
[36m(ActorGroup(rank=3) pid=1509991)[0m I0000 00:00:1787651998.149227 1511400 port.cc:153] oneDNN custom operations are on. You may see slightly different numerical results due to floating-point round-off errors from different computation orders. To turn them off, set the environment variable `TF_ENABLE_ONEDNN_OPTS=0`.
[36m(ActorGroup(rank=0) pid=1509986)[0m INFO:root:Loaded norm stats from /data/chenyiteng/models/rlinf/RLinf-Pi0-RoboTwin-SFT-adjust_bottle@92684e50/physical-intelligence/robotwin
[36m(ActorGroup(rank=0) pid=1509986)[0m INFO:root:Loaded norm stats from /data/chenyiteng/models/rlinf/RLinf-Pi0-RoboTwin-SFT-adjust_bottle@92684e50/physical-intelligence/robotwin
[36m(ActorGroup(rank=0) pid=1509986)[0m [INFO 10:00:38 ActorGroup-Rank-0][fsdp_model_manager.py:294] [FSDP] Gradient checkpointing is disabled
[36m(ActorGroup(rank=2) pid=1509989)[0m INFO:root:Loaded norm stats from /data/chenyiteng/models/rlinf/RLinf-Pi0-RoboTwin-SFT-adjust_bottle@92684e50/physical-intelligence/robotwin
[36m(ActorGroup(rank=2) pid=1509989)[0m INFO:root:Loaded norm stats from /data/chenyiteng/models/rlinf/RLinf-Pi0-RoboTwin-SFT-adjust_bottle@92684e50/physical-intelligence/robotwin
[36m(ActorGroup(rank=2) pid=1509989)[0m [INFO 10:00:40 ActorGroup-Rank-2][fsdp_model_manager.py:294] [FSDP] Gradient checkpointing is disabled
[36m(ActorGroup(rank=1) pid=1509988)[0m INFO:root:Loaded norm stats from /data/chenyiteng/models/rlinf/RLinf-Pi0-RoboTwin-SFT-adjust_bottle@92684e50/physical-intelligence/robotwin
[36m(ActorGroup(rank=1) pid=1509988)[0m INFO:root:Loaded norm stats from /data/chenyiteng/models/rlinf/RLinf-Pi0-RoboTwin-SFT-adjust_bottle@92684e50/physical-intelligence/robotwin
[36m(ActorGroup(rank=1) pid=1509988)[0m [INFO 10:00:41 ActorGroup-Rank-1][fsdp_model_manager.py:294] [FSDP] Gradient checkpointing is disabled
[36m(ActorGroup(rank=3) pid=1509991)[0m INFO:root:Loaded norm stats from /data/chenyiteng/models/rlinf/RLinf-Pi0-RoboTwin-SFT-adjust_bottle@92684e50/physical-intelligence/robotwin
[36m(ActorGroup(rank=3) pid=1509991)[0m INFO:root:Loaded norm stats from /data/chenyiteng/models/rlinf/RLinf-Pi0-RoboTwin-SFT-adjust_bottle@92684e50/physical-intelligence/robotwin
[36m(ActorGroup(rank=3) pid=1509991)[0m [INFO 10:00:43 ActorGroup-Rank-3][fsdp_model_manager.py:294] [FSDP] Gradient checkpointing is disabled
[36m(RolloutGroup(rank=0) pid=1509992)[0m Generating Rollout Epochs:   0%|          | 0/4 [00:00<?, ?it/s]
[36m(RolloutGroup(rank=0) pid=1509992)[0m Generating Rollout Epochs:  25%|██▌       | 1/4 [05:47<17:23, 347.83s/it]
[36m(RolloutGroup(rank=0) pid=1509992)[0m Generating Rollout Epochs:  50%|█████     | 2/4 [11:49<11:52, 356.05s/it]
[36m(RolloutGroup(rank=0) pid=1509992)[0m Generating Rollout Epochs:  75%|███████▌  | 3/4 [17:35<05:51, 351.42s/it]
[36m(RolloutGroup(rank=0) pid=1509992)[0m Generating Rollout Epochs: 100%|██████████| 4/4 [23:32<00:00, 353.59s/it]Generating Rollout Epochs: 100%|██████████| 4/4 [23:32<00:00, 353.11s/it]

╭──────────────────────────────────────────────────────────────────────────────────────────────────────────────────────╮
├──────────────────────────────────────────────────── Metric Table ────────────────────────────────────────────────────┤
│ Global Step:    1/100 │ Progress: ░░░░░░░░░░░░░░░░░░░░░░░░░░░░░░░░░░░░░░░░ │   1.0%                                  │
│ Elapsed: 25:24 │ ETA: 41:55:40 │ Step Time: 1524.653s                                                                │
├──────────────────────────────────────────────────────── Time ────────────────────────────────────────────────────────┤
│                                                                                                                      │
│actor/actor/compute_adv=0.044          │actor/actor/recv_traj=1488.9           │actor/actor/sync_model_to_rollout=10.…│
│actor/run_training=25.474              │actor_training=25.479                  │cal_adv_and_returns=0.055             │
│env/compute_bootstrap_rewards=0.0019   │env/env/bootstrap_step=1097.2          │env/env/send_rollout_trajectories=1.1…│
│env/env_interact_step=377.8            │env/interact=1486.9                    │env/run_interact_once=1486.9          │
│generate_rollouts=1489.0               │rollout/generate_one_epoch=1480.6      │rollout/predict=10.845                │
│rollout/rollout/generate=1487.1        │rollout/sync_model_from_actor=9.553    │step=1524.6                           │
│sync_weights=10.041                    │                                       │                                      │
│                                                                                                                      │
├──────────────────────────────────────────────────── Environment ─────────────────────────────────────────────────────┤
│                                                                                                                      │
│episode_len=200.0                      │num_trajectories=512                   │return=0.7324219                      │
│reward=0.0036621084                    │success_once=0.7324219                 │                                      │
│                                                                                                                      │
├────────────────────────────────────────────────────── Rollout ───────────────────────────────────────────────────────┤
│                                                                                                                      │
│advantages_max=1.620                   │advantages_mean=-0.119                 │advantages_min=-2.475                 │
│rewards=0.0042                         │                                       │                                      │
│                                                                                                                      │
├─────────────────────────────────────────────────── Training/Actor ───────────────────────────────────────────────────┤
│                                                                                                                      │
│actor/approx_kl=0.045                  │actor/clip_fraction=0.130              │actor/clipped_ratio=0.991             │
│actor/dual_cliped_ratio=0.0000         │actor/dvac_current_mean=-4.381         │actor/dvac_current_std=0.679          │
│actor/dvac_history_mean=0.0000         │actor/dvac_history_std=0.0000          │actor/dvac_warmup=1.000               │
│actor/dvac_weight_ess_fraction=1.000   │actor/dvac_weight_mean=1.000           │actor/dvac_weight_sq_mean=1.000       │
│actor/dvac_z_high_clip_fraction=0.0000 │actor/dvac_z_low_clip_fraction=0.0000  │actor/entropy_loss=0.0000             │
│actor/grad_norm=22.799                 │actor/lr=5.60e-06                      │actor/policy_loss=-0.0032             │
│actor/policy_loss_abs=0.521            │actor/ratio=1.013                      │actor/ratio_abs=0.145                 │
│actor/total_loss=-2.00e-04             │                                       │                                      │
│                                                                                                                      │
╰──────────────────────────────────────────────────────────────────────────────────────────────────────────────────────╯

[36m(RolloutGroup(rank=0) pid=1509992)[0m Generating Rollout Epochs:   0%|          | 0/4 [00:00<?, ?it/s]
[36m(RolloutGroup(rank=0) pid=1509992)[0m Generating Rollout Epochs:  25%|██▌       | 1/4 [06:04<18:12, 364.21s/it]
[36m(RolloutGroup(rank=0) pid=1509992)[0m Generating Rollout Epochs:  50%|█████     | 2/4 [12:04<12:03, 361.85s/it]
[36m(RolloutGroup(rank=0) pid=1509992)[0m Generating Rollout Epochs:  75%|███████▌  | 3/4 [18:09<06:03, 363.38s/it]
[36m(RolloutGroup(rank=0) pid=1509992)[0m Generating Rollout Epochs: 100%|██████████| 4/4 [24:11<00:00, 362.82s/it]Generating Rollout Epochs: 100%|██████████| 4/4 [24:11<00:00, 362.89s/it]

╭──────────────────────────────────────────────────────────────────────────────────────────────────────────────────────╮
├──────────────────────────────────────────────────── Metric Table ────────────────────────────────────────────────────┤
│ Global Step:    2/100 │ Progress: ░░░░░░░░░░░░░░░░░░░░░░░░░░░░░░░░░░░░░░░░ │   2.0%                                  │
│ Elapsed: 50:41 │ ETA: 41:23:52 │ Step Time: 1520.741s                                                                │
├──────────────────────────────────────────────────────── Time ────────────────────────────────────────────────────────┤
│                                                                                                                      │
│actor/actor/compute_adv=0.013          │actor/actor/recv_traj=1490.7           │actor/actor/sync_model_to_rollout=1.8…│
│actor/run_training=23.417              │actor_training=23.422                  │cal_adv_and_returns=0.021             │
│env/compute_bootstrap_rewards=0.0020   │env/env/bootstrap_step=1068.8          │env/env/send_rollout_trajectories=1.3…│
│env/env_interact_step=390.0            │env/interact=1489.7                    │env/run_interact_once=1489.7          │
│generate_rollouts=1490.8               │rollout/generate_one_epoch=1482.0      │rollout/predict=10.262                │
│rollout/rollout/generate=1488.5        │rollout/sync_model_from_actor=2.559    │step=1516.8                           │
│sync_weights=2.563                     │                                       │                                      │
│                                                                                                                      │
├──────────────────────────────────────────────────── Environment ─────────────────────────────────────────────────────┤
│                                                                                                                      │
│episode_len=200.0                      │num_trajectories=512                   │return=0.75                           │
│reward=0.0037499997                    │success_once=0.75                      │                                      │
│                                                                                                                      │
├────────────────────────────────────────────────────── Rollout ───────────────────────────────────────────────────────┤
│                                                                                                                      │
│advantages_max=2.475                   │advantages_mean=-0.117                 │advantages_min=-2.475                 │
│rewards=0.0038                         │                                       │                                      │
│                                                                                                                      │
├─────────────────────────────────────────────────── Training/Actor ───────────────────────────────────────────────────┤
│                                                                                                                      │
│actor/approx_kl=0.032                  │actor/clip_fraction=0.069              │actor/clipped_ratio=0.994             │
│actor/dual_cliped_ratio=0.0000         │actor/dvac_current_mean=-4.415         │actor/dvac_current_std=0.681          │
│actor/dvac_history_mean=-4.381         │actor/dvac_history_std=0.679           │actor/dvac_warmup=0.0000              │
│actor/dvac_weight_ess_fraction=0.583   │actor/dvac_weight_mean=1.483           │actor/dvac_weight_sq_mean=3.777       │
│actor/dvac_z_high_clip_fraction=0.032  │actor/dvac_z_low_clip_fraction=0.011   │actor/entropy_loss=0.0000             │
│actor/grad_norm=41.531                 │actor/lr=5.60e-06                      │actor/policy_loss=0.0065              │
│actor/policy_loss_abs=0.535            │actor/ratio=1.002                      │actor/ratio_abs=0.100                 │
│actor/total_loss=4.06e-04              │                                       │                                      │
│                                                                                                                      │
╰──────────────────────────────────────────────────────────────────────────────────────────────────────────────────────╯

[36m(RolloutGroup(rank=0) pid=1509992)[0m Generating Rollout Epochs:   0%|          | 0/4 [00:00<?, ?it/s]
[36m(RolloutGroup(rank=0) pid=1509992)[0m Generating Rollout Epochs:  25%|██▌       | 1/4 [05:28<16:24, 328.12s/it]
[36m(RolloutGroup(rank=0) pid=1509992)[0m Generating Rollout Epochs:  50%|█████     | 2/4 [11:21<11:25, 342.84s/it]
[36m(RolloutGroup(rank=0) pid=1509992)[0m Generating Rollout Epochs:  75%|███████▌  | 3/4 [17:00<05:41, 341.14s/it]
[36m(RolloutGroup(rank=0) pid=1509992)[0m Generating Rollout Epochs: 100%|██████████| 4/4 [23:08<00:00, 351.97s/it]Generating Rollout Epochs: 100%|██████████| 4/4 [23:08<00:00, 347.24s/it]

╭──────────────────────────────────────────────────────────────────────────────────────────────────────────────────────╮
├──────────────────────────────────────────────────── Metric Table ────────────────────────────────────────────────────┤
│ Global Step:    3/100 │ Progress: █░░░░░░░░░░░░░░░░░░░░░░░░░░░░░░░░░░░░░░░ │   3.0%                                  │
│ Elapsed: 01:15:06 │ ETA: 40:28:44 │ Step Time: 1502.314s                                                             │
├──────────────────────────────────────────────────────── Time ────────────────────────────────────────────────────────┤
│                                                                                                                      │
│actor/actor/compute_adv=0.0077         │actor/actor/recv_traj=1439.7           │actor/actor/sync_model_to_rollout=1.7…│
│actor/run_training=23.239              │actor_training=23.245                  │cal_adv_and_returns=0.014             │
│env/compute_bootstrap_rewards=0.0019   │env/env/bootstrap_step=1016.1          │env/env/send_rollout_trajectories=1.3…│
│env/env_interact_step=385.5            │env/interact=1438.8                    │env/run_interact_once=1438.8          │
│generate_rollouts=1439.8               │rollout/generate_one_epoch=1431.0      │rollout/predict=10.246                │
│rollout/rollout/generate=1437.6        │rollout/sync_model_from_actor=2.402    │step=1465.4                           │
│sync_weights=2.407                     │                                       │                                      │
│                                                                                                                      │
├──────────────────────────────────────────────────── Environment ─────────────────────────────────────────────────────┤
│                                                                                                                      │
│episode_len=200.0                      │num_trajectories=512                   │return=0.765625                       │
│reward=0.0038281246                    │success_once=0.765625                  │                                      │
│                                                                                                                      │
├────────────────────────────────────────────────────── Rollout ───────────────────────────────────────────────────────┤
│                                                                                                                      │
│advantages_max=1.620                   │advantages_mean=-0.118                 │advantages_min=-2.475                 │
│rewards=0.0039                         │                                       │                                      │
│                                                                                                                      │
├─────────────────────────────────────────────────── Training/Actor ───────────────────────────────────────────────────┤
│                                                                                                                      │
│actor/approx_kl=0.011                  │actor/clip_fraction=0.060              │actor/clipped_ratio=0.999             │
│actor/dual_cliped_ratio=0.0000         │actor/dvac_current_mean=-4.399         │actor/dvac_current_std=0.684          │
│actor/dvac_history_mean=-4.398         │actor/dvac_history_std=0.680           │actor/dvac_warmup=0.0000              │
│actor/dvac_weight_ess_fraction=0.596   │actor/dvac_weight_mean=1.528           │actor/dvac_weight_sq_mean=3.919       │
│actor/dvac_z_high_clip_fraction=0.033  │actor/dvac_z_low_clip_fraction=0.0087  │actor/entropy_loss=0.0000             │
│actor/grad_norm=45.437                 │actor/lr=5.60e-06                      │actor/policy_loss=-5.46e-04           │
│actor/policy_loss_abs=0.539            │actor/ratio=1.005                      │actor/ratio_abs=0.070                 │
│actor/total_loss=-3.41e-05             │                                       │                                      │
│                                                                                                                      │
╰──────────────────────────────────────────────────────────────────────────────────────────────────────────────────────╯

[36m(RolloutGroup(rank=0) pid=1509992)[0m Generating Rollout Epochs:   0%|          | 0/4 [00:00<?, ?it/s]
[36m(RolloutGroup(rank=0) pid=1509992)[0m Generating Rollout Epochs:  25%|██▌       | 1/4 [05:45<17:17, 345.73s/it]
[36m(RolloutGroup(rank=0) pid=1509992)[0m Generating Rollout Epochs:  50%|█████     | 2/4 [11:19<11:17, 338.65s/it]
[36m(RolloutGroup(rank=0) pid=1509992)[0m Generating Rollout Epochs:  75%|███████▌  | 3/4 [17:37<05:56, 356.49s/it]
[36m(RolloutGroup(rank=0) pid=1509992)[0m Generating Rollout Epochs: 100%|██████████| 4/4 [23:38<00:00, 358.29s/it]Generating Rollout Epochs: 100%|██████████| 4/4 [23:38<00:00, 354.55s/it]

╭──────────────────────────────────────────────────────────────────────────────────────────────────────────────────────╮
├──────────────────────────────────────────────────── Metric Table ────────────────────────────────────────────────────┤
│ Global Step:    4/100 │ Progress: █░░░░░░░░░░░░░░░░░░░░░░░░░░░░░░░░░░░░░░░ │   4.0%                                  │
│ Elapsed: 01:39:51 │ ETA: 39:56:42 │ Step Time: 1497.941s                                                             │
├──────────────────────────────────────────────────────── Time ────────────────────────────────────────────────────────┤
│                                                                                                                      │
│actor/actor/compute_adv=0.0099         │actor/actor/recv_traj=1458.7           │actor/actor/sync_model_to_rollout=2.0…│
│actor/run_training=23.145              │actor_training=23.151                  │cal_adv_and_returns=0.016             │
│env/compute_bootstrap_rewards=0.0019   │env/env/bootstrap_step=1044.6          │env/env/send_rollout_trajectories=1.1…│
│env/env_interact_step=388.9            │env/interact=1457.6                    │env/run_interact_once=1457.6          │
│generate_rollouts=1458.7               │rollout/generate_one_epoch=1449.1      │rollout/predict=10.292                │
│rollout/rollout/generate=1456.0        │rollout/sync_model_from_actor=2.877    │step=1484.8                           │
│sync_weights=2.882                     │                                       │                                      │
│                                                                                                                      │
├──────────────────────────────────────────────────── Environment ─────────────────────────────────────────────────────┤
│                                                                                                                      │
│episode_len=200.0                      │num_trajectories=512                   │return=0.8378906                      │
│reward=0.004189453                     │success_once=0.8378906                 │                                      │
│                                                                                                                      │
├────────────────────────────────────────────────────── Rollout ───────────────────────────────────────────────────────┤
│                                                                                                                      │
│advantages_max=1.620                   │advantages_mean=-0.120                 │advantages_min=-2.475                 │
│rewards=0.0043                         │                                       │                                      │
│                                                                                                                      │
├─────────────────────────────────────────────────── Training/Actor ───────────────────────────────────────────────────┤
│                                                                                                                      │
│actor/approx_kl=0.028                  │actor/clip_fraction=0.073              │actor/clipped_ratio=0.990             │
│actor/dual_cliped_ratio=0.0000         │actor/dvac_current_mean=-4.419         │actor/dvac_current_std=0.664          │
│actor/dvac_history_mean=-4.398         │actor/dvac_history_std=0.681           │actor/dvac_warmup=0.0000              │
│actor/dvac_weight_ess_fraction=0.592   │actor/dvac_weight_mean=1.504           │actor/dvac_weight_sq_mean=3.819       │
│actor/dvac_z_high_clip_fraction=0.029  │actor/dvac_z_low_clip_fraction=0.0083  │actor/entropy_loss=0.0000             │
│actor/grad_norm=49.202                 │actor/lr=5.60e-06                      │actor/policy_loss=0.0021              │
│actor/policy_loss_abs=0.428            │actor/ratio=0.996                      │actor/ratio_abs=0.090                 │
│actor/total_loss=1.31e-04              │                                       │                                      │
│                                                                                                                      │
╰──────────────────────────────────────────────────────────────────────────────────────────────────────────────────────╯

[36m(RolloutGroup(rank=0) pid=1509992)[0m Generating Rollout Epochs:   0%|          | 0/4 [00:00<?, ?it/s]
[36m(RolloutGroup(rank=0) pid=1509992)[0m Generating Rollout Epochs:  25%|██▌       | 1/4 [05:43<17:11, 343.78s/it]
[36m(RolloutGroup(rank=0) pid=1509992)[0m Generating Rollout Epochs:  50%|█████     | 2/4 [11:47<11:51, 355.75s/it]
[36m(RolloutGroup(rank=0) pid=1509992)[0m Generating Rollout Epochs:  75%|███████▌  | 3/4 [17:36<05:52, 352.35s/it]
[36m(RolloutGroup(rank=0) pid=1509992)[0m Generating Rollout Epochs: 100%|██████████| 4/4 [23:36<00:00, 355.31s/it]Generating Rollout Epochs: 100%|██████████| 4/4 [23:36<00:00, 354.02s/it]
[36m(RolloutGroup(rank=0) pid=1509992)[0m Evaluating Rollout Epochs:   0%|          | 0/1 [00:00<?, ?it/s]
[36m(RolloutGroup(rank=0) pid=1509992)[0m Evaluating Rollout Epochs: 100%|██████████| 1/1 [02:50<00:00, 170.19s/it]Evaluating Rollout Epochs: 100%|██████████| 1/1 [02:50<00:00, 170.20s/it]

╭──────────────────────────────────────────────────────────────────────────────────────────────────────────────────────╮
├──────────────────────────────────────────────────── Metric Table ────────────────────────────────────────────────────┤
│ Global Step:    5/100 │ Progress: ██░░░░░░░░░░░░░░░░░░░░░░░░░░░░░░░░░░░░░░ │   5.0%                                  │
│ Elapsed: 02:11:03 │ ETA: 41:30:02 │ Step Time: 1572.654s                                                             │
├──────────────────────────────────────────────────────── Time ────────────────────────────────────────────────────────┤
│                                                                                                                      │
│actor/actor/compute_adv=0.010          │actor/actor/recv_traj=1530.0           │actor/actor/sync_model_to_rollout=3.6…│
│actor/run_training=23.220              │actor_training=23.226                  │cal_adv_and_returns=0.017             │
│env/compute_bootstrap_rewards=0.0018   │env/env/bootstrap_step=1079.5          │env/env/send_rollout_trajectories=1.1…│
│env/env_interact_step=411.3            │env/evaluate=313.1                     │env/interact=1529.0                   │
│env/run_interact_once=1529.0           │eval=315.9                             │generate_rollouts=1530.1              │
│rollout/evaluate=179.4                 │rollout/generate_one_epoch=1520.7      │rollout/predict=11.508                │
│rollout/rollout/generate=1528.0        │rollout/sync_model_from_actor=4.837    │step=1871.5                           │
│sync_weights=2.227                     │                                       │                                      │
│                                                                                                                      │
├──────────────────────────────────────────────────── Environment ─────────────────────────────────────────────────────┤
│                                                                                                                      │
│episode_len=200.0                      │num_trajectories=512                   │return=0.796875                       │
│reward=0.003984375                     │success_once=0.796875                  │                                      │
│                                                                                                                      │
├────────────────────────────────────────────────────── Rollout ───────────────────────────────────────────────────────┤
│                                                                                                                      │
│advantages_max=2.475                   │advantages_mean=-0.113                 │advantages_min=-2.475                 │
│rewards=0.0040                         │                                       │                                      │
│                                                                                                                      │
├───────────────────────────────────────────────────── Evaluation ─────────────────────────────────────────────────────┤
│                                                                                                                      │
│episode_len=200.0                      │num_trajectories=64                    │return=0.84375                        │
│reward=0.0042187497                    │success_at_end=0.84375                 │success_once=0.84375                  │
│                                                                                                                      │
├─────────────────────────────────────────────────── Training/Actor ───────────────────────────────────────────────────┤
│                                                                                                                      │
│actor/approx_kl=0.018                  │actor/clip_fraction=0.062              │actor/clipped_ratio=0.992             │
│actor/dual_cliped_ratio=0.0000         │actor/dvac_current_mean=-4.410         │actor/dvac_current_std=0.664          │
│actor/dvac_history_mean=-4.404         │actor/dvac_history_std=0.677           │actor/dvac_warmup=0.0000              │
│actor/dvac_weight_ess_fraction=0.594   │actor/dvac_weight_mean=1.528           │actor/dvac_weight_sq_mean=3.931       │
│actor/dvac_z_high_clip_fraction=0.031  │actor/dvac_z_low_clip_fraction=0.0081  │actor/entropy_loss=0.0000             │
│actor/grad_norm=40.279                 │actor/lr=5.60e-06                      │actor/policy_loss=0.0058              │
│actor/policy_loss_abs=0.469            │actor/ratio=0.997                      │actor/ratio_abs=0.076                 │
│actor/total_loss=3.62e-04              │                                       │                                      │
│                                                                                                                      │
╰──────────────────────────────────────────────────────────────────────────────────────────────────────────────────────╯

[36m(RolloutGroup(rank=0) pid=1509992)[0m Generating Rollout Epochs:   0%|          | 0/4 [00:00<?, ?it/s]
[36m(RolloutGroup(rank=0) pid=1509992)[0m Generating Rollout Epochs:  25%|██▌       | 1/4 [06:11<18:34, 371.49s/it]
[36m(RolloutGroup(rank=0) pid=1509992)[0m Generating Rollout Epochs:  50%|█████     | 2/4 [11:36<11:28, 344.17s/it]
[36m(RolloutGroup(rank=0) pid=1509992)[0m Generating Rollout Epochs:  75%|███████▌  | 3/4 [17:57<06:01, 361.04s/it]
[36m(RolloutGroup(rank=0) pid=1509992)[0m Generating Rollout Epochs: 100%|██████████| 4/4 [24:29<00:00, 373.05s/it]Generating Rollout Epochs: 100%|██████████| 4/4 [24:29<00:00, 367.28s/it]

╭──────────────────────────────────────────────────────────────────────────────────────────────────────────────────────╮
├──────────────────────────────────────────────────── Metric Table ────────────────────────────────────────────────────┤
│ Global Step:    6/100 │ Progress: ██░░░░░░░░░░░░░░░░░░░░░░░░░░░░░░░░░░░░░░ │   6.0%                                  │
│ Elapsed: 02:36:38 │ ETA: 40:53:56 │ Step Time: 1566.349s                                                             │
├──────────────────────────────────────────────────────── Time ────────────────────────────────────────────────────────┤
│                                                                                                                      │
│actor/actor/compute_adv=0.0092         │actor/actor/recv_traj=1509.9           │actor/actor/sync_model_to_rollout=1.7…│
│actor/run_training=23.072              │actor_training=23.078                  │cal_adv_and_returns=0.015             │
│env/compute_bootstrap_rewards=0.0019   │env/env/bootstrap_step=1092.3          │env/env/send_rollout_trajectories=1.1…│
│env/env_interact_step=372.1            │env/interact=1508.9                    │env/run_interact_once=1508.9          │
│generate_rollouts=1509.9               │rollout/generate_one_epoch=1496.3      │rollout/predict=10.341                │
│rollout/rollout/generate=1505.6        │rollout/sync_model_from_actor=1.698    │step=1534.8                           │
│sync_weights=1.733                     │                                       │                                      │
│                                                                                                                      │
├──────────────────────────────────────────────────── Environment ─────────────────────────────────────────────────────┤
│                                                                                                                      │
│episode_len=200.0                      │num_trajectories=512                   │return=0.8769531                      │
│reward=0.0043847654                    │success_once=0.8769531                 │                                      │
│                                                                                                                      │
├────────────────────────────────────────────────────── Rollout ───────────────────────────────────────────────────────┤
│                                                                                                                      │
│advantages_max=1.208                   │advantages_mean=-0.118                 │advantages_min=-2.475                 │
│rewards=0.0045                         │                                       │                                      │
│                                                                                                                      │
├─────────────────────────────────────────────────── Training/Actor ───────────────────────────────────────────────────┤
│                                                                                                                      │
│actor/approx_kl=0.0056                 │actor/clip_fraction=0.056              │actor/clipped_ratio=0.998             │
│actor/dual_cliped_ratio=0.0000         │actor/dvac_current_mean=-4.420         │actor/dvac_current_std=0.649          │
│actor/dvac_history_mean=-4.405         │actor/dvac_history_std=0.674           │actor/dvac_warmup=0.0000              │
│actor/dvac_weight_ess_fraction=0.599   │actor/dvac_weight_mean=1.498           │actor/dvac_weight_sq_mean=3.742       │
│actor/dvac_z_high_clip_fraction=0.028  │actor/dvac_z_low_clip_fraction=0.0070  │actor/entropy_loss=0.0000             │
│actor/grad_norm=31.315                 │actor/lr=5.60e-06                      │actor/policy_loss=-5.69e-05           │
│actor/policy_loss_abs=0.315            │actor/ratio=1.004                      │actor/ratio_abs=0.061                 │
│actor/total_loss=-3.56e-06             │                                       │                                      │
│                                                                                                                      │
╰──────────────────────────────────────────────────────────────────────────────────────────────────────────────────────╯

[36m(RolloutGroup(rank=0) pid=1509992)[0m Generating Rollout Epochs:   0%|          | 0/4 [00:00<?, ?it/s]
[36m(RolloutGroup(rank=0) pid=1509992)[0m Generating Rollout Epochs:  25%|██▌       | 1/4 [06:06<18:19, 366.36s/it]
[36m(RolloutGroup(rank=0) pid=1509992)[0m Generating Rollout Epochs:  50%|█████     | 2/4 [12:29<12:32, 376.39s/it]
[36m(RolloutGroup(rank=0) pid=1509992)[0m Generating Rollout Epochs:  75%|███████▌  | 3/4 [18:44<06:15, 375.57s/it]
[36m(RolloutGroup(rank=0) pid=1509992)[0m Generating Rollout Epochs: 100%|██████████| 4/4 [25:05<00:00, 377.68s/it]Generating Rollout Epochs: 100%|██████████| 4/4 [25:05<00:00, 376.32s/it]

╭──────────────────────────────────────────────────────────────────────────────────────────────────────────────────────╮
├──────────────────────────────────────────────────── Metric Table ────────────────────────────────────────────────────┤
│ Global Step:    7/100 │ Progress: ██░░░░░░░░░░░░░░░░░░░░░░░░░░░░░░░░░░░░░░ │   7.0%                                  │
│ Elapsed: 03:03:34 │ ETA: 40:38:49 │ Step Time: 1573.433s                                                             │
├──────────────────────────────────────────────────────── Time ────────────────────────────────────────────────────────┤
│                                                                                                                      │
│actor/actor/compute_adv=0.012          │actor/actor/recv_traj=1590.2           │actor/actor/sync_model_to_rollout=1.8…│
│actor/run_training=23.243              │actor_training=23.249                  │cal_adv_and_returns=0.018             │
│env/compute_bootstrap_rewards=0.0018   │env/env/bootstrap_step=1146.3          │env/env/send_rollout_trajectories=1.2…│
│env/env_interact_step=394.9            │env/interact=1589.2                    │env/run_interact_once=1589.2          │
│generate_rollouts=1590.2               │rollout/generate_one_epoch=1578.3      │rollout/predict=10.283                │
│rollout/rollout/generate=1584.2        │rollout/sync_model_from_actor=2.397    │step=1615.9                           │
│sync_weights=2.401                     │                                       │                                      │
│                                                                                                                      │
├──────────────────────────────────────────────────── Environment ─────────────────────────────────────────────────────┤
│                                                                                                                      │
│episode_len=200.0                      │num_trajectories=512                   │return=0.796875                       │
│reward=0.0039843745                    │success_once=0.796875                  │                                      │
│                                                                                                                      │
├────────────────────────────────────────────────────── Rollout ───────────────────────────────────────────────────────┤
│                                                                                                                      │
│advantages_max=2.475                   │advantages_mean=-0.115                 │advantages_min=-2.475                 │
│rewards=0.0041                         │                                       │                                      │
│                                                                                                                      │
├─────────────────────────────────────────────────── Training/Actor ───────────────────────────────────────────────────┤
│                                                                                                                      │
│actor/approx_kl=0.014                  │actor/clip_fraction=0.057              │actor/clipped_ratio=0.997             │
│actor/dual_cliped_ratio=0.0000         │actor/dvac_current_mean=-4.358         │actor/dvac_current_std=0.643          │
│actor/dvac_history_mean=-4.413         │actor/dvac_history_std=0.668           │actor/dvac_warmup=0.0000              │
│actor/dvac_weight_ess_fraction=0.616   │actor/dvac_weight_mean=1.623           │actor/dvac_weight_sq_mean=4.280       │
│actor/dvac_z_high_clip_fraction=0.034  │actor/dvac_z_low_clip_fraction=0.0039  │actor/entropy_loss=0.0000             │
│actor/grad_norm=38.684                 │actor/lr=5.60e-06                      │actor/policy_loss=0.0018              │
│actor/policy_loss_abs=0.485            │actor/ratio=1.000                      │actor/ratio_abs=0.070                 │
│actor/total_loss=1.10e-04              │                                       │                                      │
│                                                                                                                      │
╰──────────────────────────────────────────────────────────────────────────────────────────────────────────────────────╯

[36m(RolloutGroup(rank=0) pid=1509992)[0m Generating Rollout Epochs:   0%|          | 0/4 [00:00<?, ?it/s]
[36m(RolloutGroup(rank=0) pid=1509992)[0m Generating Rollout Epochs:  25%|██▌       | 1/4 [06:21<19:05, 381.67s/it]
[36m(RolloutGroup(rank=0) pid=1509992)[0m Generating Rollout Epochs:  50%|█████     | 2/4 [12:39<12:39, 379.51s/it]
[36m(RolloutGroup(rank=0) pid=1509992)[0m Generating Rollout Epochs:  75%|███████▌  | 3/4 [17:53<05:49, 349.57s/it]
[36m(RolloutGroup(rank=0) pid=1509992)[0m Generating Rollout Epochs: 100%|██████████| 4/4 [22:54<00:00, 330.29s/it]Generating Rollout Epochs: 100%|██████████| 4/4 [22:54<00:00, 343.59s/it]

╭──────────────────────────────────────────────────────────────────────────────────────────────────────────────────────╮
├──────────────────────────────────────────────────── Metric Table ────────────────────────────────────────────────────┤
│ Global Step:    8/100 │ Progress: ███░░░░░░░░░░░░░░░░░░░░░░░░░░░░░░░░░░░░░ │   8.0%                                  │
│ Elapsed: 03:28:16 │ ETA: 39:55:11 │ Step Time: 1562.077s                                                             │
├──────────────────────────────────────────────────────── Time ────────────────────────────────────────────────────────┤
│                                                                                                                      │
│actor/actor/compute_adv=0.0074         │actor/actor/recv_traj=1459.4           │actor/actor/sync_model_to_rollout=2.0…│
│actor/run_training=19.931              │actor_training=19.936                  │cal_adv_and_returns=0.012             │
│env/compute_bootstrap_rewards=0.0018   │env/env/bootstrap_step=1043.7          │env/env/send_rollout_trajectories=0.7…│
│env/env_interact_step=384.5            │env/interact=1458.7                    │env/run_interact_once=1458.7          │
│generate_rollouts=1459.4               │rollout/generate_one_epoch=1451.1      │rollout/predict=9.994                 │
│rollout/rollout/generate=1455.0        │rollout/sync_model_from_actor=3.152    │step=1482.5                           │
│sync_weights=3.157                     │                                       │                                      │
│                                                                                                                      │
├──────────────────────────────────────────────────── Environment ─────────────────────────────────────────────────────┤
│                                                                                                                      │
│episode_len=200.0                      │num_trajectories=512                   │return=0.7988281                      │
│reward=0.0039941403                    │success_once=0.7988281                 │                                      │
│                                                                                                                      │
├────────────────────────────────────────────────────── Rollout ───────────────────────────────────────────────────────┤
│                                                                                                                      │
│advantages_max=2.475                   │advantages_mean=-0.119                 │advantages_min=-2.475                 │
│rewards=0.0041                         │                                       │                                      │
│                                                                                                                      │
├─────────────────────────────────────────────────── Training/Actor ───────────────────────────────────────────────────┤
│                                                                                                                      │
│actor/approx_kl=0.012                  │actor/clip_fraction=0.060              │actor/clipped_ratio=0.995             │
│actor/dual_cliped_ratio=0.0000         │actor/dvac_current_mean=-4.331         │actor/dvac_current_std=0.647          │
│actor/dvac_history_mean=-4.401         │actor/dvac_history_std=0.661           │actor/dvac_warmup=0.0000              │
│actor/dvac_weight_ess_fraction=0.617   │actor/dvac_weight_mean=1.656           │actor/dvac_weight_sq_mean=4.445       │
│actor/dvac_z_high_clip_fraction=0.039  │actor/dvac_z_low_clip_fraction=0.0036  │actor/entropy_loss=0.0000             │
│actor/grad_norm=44.114                 │actor/lr=5.60e-06                      │actor/policy_loss=0.0023              │
│actor/policy_loss_abs=0.419            │actor/ratio=1.001                      │actor/ratio_abs=0.071                 │
│actor/total_loss=1.42e-04              │                                       │                                      │
│                                                                                                                      │
╰──────────────────────────────────────────────────────────────────────────────────────────────────────────────────────╯

[36m(RolloutGroup(rank=0) pid=1509992)[0m Generating Rollout Epochs:   0%|          | 0/4 [00:00<?, ?it/s]
[36m(RolloutGroup(rank=0) pid=1509992)[0m Generating Rollout Epochs:  25%|██▌       | 1/4 [04:52<14:36, 292.04s/it]
[36m(RolloutGroup(rank=0) pid=1509992)[0m Generating Rollout Epochs:  50%|█████     | 2/4 [09:43<09:43, 291.91s/it]
[36m(RolloutGroup(rank=0) pid=1509992)[0m Generating Rollout Epochs:  75%|███████▌  | 3/4 [15:47<05:24, 324.81s/it]
[36m(RolloutGroup(rank=0) pid=1509992)[0m Generating Rollout Epochs: 100%|██████████| 4/4 [22:02<00:00, 344.40s/it]Generating Rollout Epochs: 100%|██████████| 4/4 [22:02<00:00, 330.57s/it]

╭──────────────────────────────────────────────────────────────────────────────────────────────────────────────────────╮
├──────────────────────────────────────────────────── Metric Table ────────────────────────────────────────────────────┤
│ Global Step:    9/100 │ Progress: ███░░░░░░░░░░░░░░░░░░░░░░░░░░░░░░░░░░░░░ │   9.0%                                  │
│ Elapsed: 03:52:51 │ ETA: 39:14:27 │ Step Time: 1552.393s                                                             │
├──────────────────────────────────────────────────────── Time ────────────────────────────────────────────────────────┤
│                                                                                                                      │
│actor/actor/compute_adv=0.0086         │actor/actor/recv_traj=1449.2           │actor/actor/sync_model_to_rollout=1.4…│
│actor/run_training=23.685              │actor_training=23.689                  │cal_adv_and_returns=0.016             │
│env/compute_bootstrap_rewards=0.0017   │env/env/bootstrap_step=1005.1          │env/env/send_rollout_trajectories=1.1…│
│env/env_interact_step=400.6            │env/interact=1448.3                    │env/run_interact_once=1448.3          │
│generate_rollouts=1449.2               │rollout/generate_one_epoch=1437.1      │rollout/predict=10.095                │
│rollout/rollout/generate=1444.9        │rollout/sync_model_from_actor=1.946    │step=1474.9                           │
│sync_weights=1.953                     │                                       │                                      │
│                                                                                                                      │
├──────────────────────────────────────────────────── Environment ─────────────────────────────────────────────────────┤
│                                                                                                                      │
│episode_len=200.0                      │num_trajectories=512                   │return=0.8417969                      │
│reward=0.004208984                     │success_once=0.8417969                 │                                      │
│                                                                                                                      │
├────────────────────────────────────────────────────── Rollout ───────────────────────────────────────────────────────┤
│                                                                                                                      │
│advantages_max=2.475                   │advantages_mean=-0.115                 │advantages_min=-2.475                 │
│rewards=0.0042                         │                                       │                                      │
│                                                                                                                      │
├─────────────────────────────────────────────────── Training/Actor ───────────────────────────────────────────────────┤
│                                                                                                                      │
│actor/approx_kl=0.0085                 │actor/clip_fraction=0.057              │actor/clipped_ratio=1.000             │
│actor/dual_cliped_ratio=0.0000         │actor/dvac_current_mean=-4.313         │actor/dvac_current_std=0.635          │
│actor/dvac_history_mean=-4.388         │actor/dvac_history_std=0.654           │actor/dvac_warmup=0.0000              │
│actor/dvac_weight_ess_fraction=0.618   │actor/dvac_weight_mean=1.647           │actor/dvac_weight_sq_mean=4.387       │
│actor/dvac_z_high_clip_fraction=0.040  │actor/dvac_z_low_clip_fraction=0.0027  │actor/entropy_loss=0.0000             │
│actor/grad_norm=42.023                 │actor/lr=5.60e-06                      │actor/policy_loss=0.0015              │
│actor/policy_loss_abs=0.354            │actor/ratio=1.003                      │actor/ratio_abs=0.068                 │
│actor/total_loss=9.45e-05              │                                       │                                      │
│                                                                                                                      │
╰──────────────────────────────────────────────────────────────────────────────────────────────────────────────────────╯

[36m(RolloutGroup(rank=0) pid=1509992)[0m Generating Rollout Epochs:   0%|          | 0/4 [00:00<?, ?it/s]
[36m(RolloutGroup(rank=0) pid=1509992)[0m Generating Rollout Epochs:  25%|██▌       | 1/4 [06:09<18:29, 369.85s/it]
[36m(RolloutGroup(rank=0) pid=1509992)[0m Generating Rollout Epochs:  50%|█████     | 2/4 [12:39<12:43, 381.51s/it]
[36m(RolloutGroup(rank=0) pid=1509992)[0m Generating Rollout Epochs:  75%|███████▌  | 3/4 [19:08<06:24, 384.87s/it]
[36m(RolloutGroup(rank=0) pid=1509992)[0m Generating Rollout Epochs: 100%|██████████| 4/4 [24:54<00:00, 369.49s/it]Generating Rollout Epochs: 100%|██████████| 4/4 [24:54<00:00, 373.58s/it]
[36m(RolloutGroup(rank=0) pid=1509992)[0m Evaluating Rollout Epochs:   0%|          | 0/1 [00:00<?, ?it/s]
[36m(RolloutGroup(rank=0) pid=1509992)[0m Evaluating Rollout Epochs: 100%|██████████| 1/1 [02:23<00:00, 143.90s/it]Evaluating Rollout Epochs: 100%|██████████| 1/1 [02:23<00:00, 143.90s/it]
[INFO 14:24:47 RLinf] Saving checkpoint at step 10.
[36m(ActorGroup(rank=0) pid=1509986)[0m /home/chenyiteng/venvs/rlinf-7d07-openpi-robotwin/lib/python3.11/site-packages/torch/distributed/c10d_logger.py:83: UserWarning: barrier(): using the device under current context. You can specify `device_id` in `init_process_group` to mute this warning.
[36m(ActorGroup(rank=0) pid=1509986)[0m   return func(*args, **kwargs)
[36m(ActorGroup(rank=0) pid=1509986)[0m /home/chenyiteng/venvs/rlinf-7d07-openpi-robotwin/lib/python3.11/site-packages/torch/distributed/fsdp/_optim_utils.py:1173: UserWarning: `_get_pg_default_device` will be deprecated, it only stays for backward-compatibility reason. If you need to find a device for object collectives, please use `_get_object_coll_device`. If you need to query the device types supported by group, please use `_device_capability(group)`. 
[36m(ActorGroup(rank=0) pid=1509986)[0m   device = _get_pg_default_device(group)
[36m(ActorGroup(rank=1) pid=1509988)[0m /home/chenyiteng/venvs/rlinf-7d07-openpi-robotwin/lib/python3.11/site-packages/torch/distributed/fsdp/_optim_utils.py:1173: UserWarning: `_get_pg_default_device` will be deprecated, it only stays for backward-compatibility reason. If you need to find a device for object collectives, please use `_get_object_coll_device`. If you need to query the device types supported by group, please use `_device_capability(group)`. 
[36m(ActorGroup(rank=1) pid=1509988)[0m   device = _get_pg_default_device(group)
[36m(ActorGroup(rank=2) pid=1509989)[0m /home/chenyiteng/venvs/rlinf-7d07-openpi-robotwin/lib/python3.11/site-packages/torch/distributed/fsdp/_optim_utils.py:1173: UserWarning: `_get_pg_default_device` will be deprecated, it only stays for backward-compatibility reason. If you need to find a device for object collectives, please use `_get_object_coll_device`. If you need to query the device types supported by group, please use `_device_capability(group)`. 
[36m(ActorGroup(rank=2) pid=1509989)[0m   device = _get_pg_default_device(group)
[36m(ActorGroup(rank=3) pid=1509991)[0m /home/chenyiteng/venvs/rlinf-7d07-openpi-robotwin/lib/python3.11/site-packages/torch/distributed/fsdp/_optim_utils.py:1173: UserWarning: `_get_pg_default_device` will be deprecated, it only stays for backward-compatibility reason. If you need to find a device for object collectives, please use `_get_object_coll_device`. If you need to query the device types supported by group, please use `_device_capability(group)`. 
[36m(ActorGroup(rank=3) pid=1509991)[0m   device = _get_pg_default_device(group)
[36m(ActorGroup(rank=0) pid=1509986)[0m /home/chenyiteng/venvs/rlinf-7d07-openpi-robotwin/lib/python3.11/site-packages/torch/distributed/c10d_logger.py:83: UserWarning: barrier(): using the device under current context. You can specify `device_id` in `init_process_group` to mute this warning.
[36m(ActorGroup(rank=0) pid=1509986)[0m   return func(*args, **kwargs)
[36m(ActorGroup(rank=0) pid=1509986)[0m /home/chenyiteng/venvs/rlinf-7d07-openpi-robotwin/lib/python3.11/site-packages/torch/distributed/c10d_logger.py:83: UserWarning: barrier(): using the device under current context. You can specify `device_id` in `init_process_group` to mute this warning.
[36m(ActorGroup(rank=0) pid=1509986)[0m   return func(*args, **kwargs)

╭──────────────────────────────────────────────────────────────────────────────────────────────────────────────────────╮
├──────────────────────────────────────────────────── Metric Table ────────────────────────────────────────────────────┤
│ Global Step:   10/100 │ Progress: ████░░░░░░░░░░░░░░░░░░░░░░░░░░░░░░░░░░░░ │  10.0%                                  │
│ Elapsed: 04:24:23 │ ETA: 39:39:28 │ Step Time: 1586.322s                                                             │
├──────────────────────────────────────────────────────── Time ────────────────────────────────────────────────────────┤
│                                                                                                                      │
│actor/actor/compute_adv=0.011          │actor/actor/recv_traj=1533.0           │actor/actor/sync_model_to_rollout=3.7…│
│actor/run_training=22.982              │actor_training=22.987                  │cal_adv_and_returns=0.016             │
│env/compute_bootstrap_rewards=0.0019   │env/env/bootstrap_step=1113.7          │env/env/send_rollout_trajectories=1.2…│
│env/env_interact_step=388.1            │env/evaluate=308.5                     │env/interact=1532.0                   │
│env/run_interact_once=1532.0           │eval=311.1                             │generate_rollouts=1533.0              │
│rollout/evaluate=156.5                 │rollout/generate_one_epoch=1520.2      │rollout/predict=11.425                │
│rollout/rollout/generate=1526.5        │rollout/sync_model_from_actor=4.896    │step=1891.6                           │
│sync_weights=2.348                     │                                       │                                      │
│                                                                                                                      │
├──────────────────────────────────────────────────── Environment ─────────────────────────────────────────────────────┤
│                                                                                                                      │
│episode_len=200.0                      │num_trajectories=512                   │return=0.859375                       │
│reward=0.0042968746                    │success_once=0.859375                  │                                      │
│                                                                                                                      │
├────────────────────────────────────────────────────── Rollout ───────────────────────────────────────────────────────┤
│                                                                                                                      │
│advantages_max=1.620                   │advantages_mean=-0.110                 │advantages_min=-2.475                 │
│rewards=0.0046                         │                                       │                                      │
│                                                                                                                      │
├───────────────────────────────────────────────────── Evaluation ─────────────────────────────────────────────────────┤
│                                                                                                                      │
│episode_len=200.0                      │num_trajectories=64                    │return=0.890625                       │
│reward=0.0044531245                    │success_at_end=0.890625                │success_once=0.890625                 │
│                                                                                                                      │
├─────────────────────────────────────────────────── Training/Actor ───────────────────────────────────────────────────┤
│                                                                                                                      │
│actor/approx_kl=0.013                  │actor/clip_fraction=0.047              │actor/clipped_ratio=0.995             │
│actor/dual_cliped_ratio=0.0000         │actor/dvac_current_mean=-4.330         │actor/dvac_current_std=0.610          │
│actor/dvac_history_mean=-4.366         │actor/dvac_history_std=0.649           │actor/dvac_warmup=0.0000              │
│actor/dvac_weight_ess_fraction=0.614   │actor/dvac_weight_mean=1.584           │actor/dvac_weight_sq_mean=4.083       │
│actor/dvac_z_high_clip_fraction=0.031  │actor/dvac_z_low_clip_fraction=0.0038  │actor/entropy_loss=0.0000             │
│actor/grad_norm=39.352                 │actor/lr=5.60e-06                      │actor/policy_loss=0.0015              │
│actor/policy_loss_abs=0.400            │actor/ratio=0.997                      │actor/ratio_abs=0.063                 │
│actor/total_loss=9.26e-05              │                                       │                                      │
│                                                                                                                      │
╰──────────────────────────────────────────────────────────────────────────────────────────────────────────────────────╯

[36m(RolloutGroup(rank=0) pid=1509992)[0m Generating Rollout Epochs:   0%|          | 0/4 [00:00<?, ?it/s]
[36m(RolloutGroup(rank=0) pid=1509992)[0m Generating Rollout Epochs:  25%|██▌       | 1/4 [06:05<18:17, 365.73s/it]
[36m(RolloutGroup(rank=0) pid=1509992)[0m Generating Rollout Epochs:  50%|█████     | 2/4 [11:26<11:18, 339.35s/it]
[36m(RolloutGroup(rank=0) pid=1509992)[0m Generating Rollout Epochs:  75%|███████▌  | 3/4 [16:39<05:27, 327.44s/it]
[36m(RolloutGroup(rank=0) pid=1509992)[0m Generating Rollout Epochs: 100%|██████████| 4/4 [21:56<00:00, 323.33s/it]Generating Rollout Epochs: 100%|██████████| 4/4 [21:56<00:00, 329.23s/it]

╭──────────────────────────────────────────────────────────────────────────────────────────────────────────────────────╮
├──────────────────────────────────────────────────── Metric Table ────────────────────────────────────────────────────┤
│ Global Step:   11/100 │ Progress: ████░░░░░░░░░░░░░░░░░░░░░░░░░░░░░░░░░░░░ │  11.0%                                  │
│ Elapsed: 04:46:53 │ ETA: 38:41:09 │ Step Time: 1564.823s                                                             │
├──────────────────────────────────────────────────────── Time ────────────────────────────────────────────────────────┤
│                                                                                                                      │
│actor/actor/compute_adv=0.0065         │actor/actor/recv_traj=1328.6           │actor/actor/sync_model_to_rollout=1.3…│
│actor/run_training=19.763              │actor_training=19.767                  │cal_adv_and_returns=0.010             │
│env/compute_bootstrap_rewards=0.0015   │env/env/bootstrap_step=951.7           │env/env/send_rollout_trajectories=0.8…│
│env/env_interact_step=352.1            │env/interact=1328.0                    │env/run_interact_once=1328.0          │
│generate_rollouts=1328.7               │rollout/generate_one_epoch=1319.5      │rollout/predict=9.855                 │
│rollout/rollout/generate=1324.5        │rollout/sync_model_from_actor=1.360    │step=1349.8                           │
│sync_weights=1.376                     │                                       │                                      │
│                                                                                                                      │
├──────────────────────────────────────────────────── Environment ─────────────────────────────────────────────────────┤
│                                                                                                                      │
│episode_len=200.0                      │num_trajectories=512                   │return=0.828125                       │
│reward=0.004140625                     │success_once=0.828125                  │                                      │
│                                                                                                                      │
├────────────────────────────────────────────────────── Rollout ───────────────────────────────────────────────────────┤
│                                                                                                                      │
│advantages_max=1.208                   │advantages_mean=-0.116                 │advantages_min=-2.475                 │
│rewards=0.0045                         │                                       │                                      │
│                                                                                                                      │
├─────────────────────────────────────────────────── Training/Actor ───────────────────────────────────────────────────┤
│                                                                                                                      │
│actor/approx_kl=0.020                  │actor/clip_fraction=0.062              │actor/clipped_ratio=0.992             │
│actor/dual_cliped_ratio=0.0000         │actor/dvac_current_mean=-4.291         │actor/dvac_current_std=0.634          │
│actor/dvac_history_mean=-4.350         │actor/dvac_history_std=0.638           │actor/dvac_warmup=0.0000              │
│actor/dvac_weight_ess_fraction=0.613   │actor/dvac_weight_mean=1.635           │actor/dvac_weight_sq_mean=4.356       │
│actor/dvac_z_high_clip_fraction=0.038  │actor/dvac_z_low_clip_fraction=0.0048  │actor/entropy_loss=0.0000             │
│actor/grad_norm=50.219                 │actor/lr=5.60e-06                      │actor/policy_loss=0.0029              │
│actor/policy_loss_abs=0.479            │actor/ratio=0.995                      │actor/ratio_abs=0.076                 │
│actor/total_loss=1.80e-04              │                                       │                                      │
│                                                                                                                      │
╰──────────────────────────────────────────────────────────────────────────────────────────────────────────────────────╯

[36m(RolloutGroup(rank=0) pid=1509992)[0m Generating Rollout Epochs:   0%|          | 0/4 [00:00<?, ?it/s]
[36m(RolloutGroup(rank=0) pid=1509992)[0m Generating Rollout Epochs:  25%|██▌       | 1/4 [04:51<14:35, 291.76s/it]
[36m(RolloutGroup(rank=0) pid=1509992)[0m Generating Rollout Epochs:  50%|█████     | 2/4 [09:57<10:00, 300.12s/it]
[36m(RolloutGroup(rank=0) pid=1509992)[0m Generating Rollout Epochs:  75%|███████▌  | 3/4 [14:58<05:00, 300.57s/it]
[36m(RolloutGroup(rank=0) pid=1509992)[0m Generating Rollout Epochs: 100%|██████████| 4/4 [19:51<00:00, 297.56s/it]Generating Rollout Epochs: 100%|██████████| 4/4 [19:51<00:00, 297.94s/it]

╭──────────────────────────────────────────────────────────────────────────────────────────────────────────────────────╮
├──────────────────────────────────────────────────── Metric Table ────────────────────────────────────────────────────┤
│ Global Step:   12/100 │ Progress: ████░░░░░░░░░░░░░░░░░░░░░░░░░░░░░░░░░░░░ │  12.0%                                  │
│ Elapsed: 05:07:57 │ ETA: 37:38:21 │ Step Time: 1539.788s                                                             │
├──────────────────────────────────────────────────────── Time ────────────────────────────────────────────────────────┤
│                                                                                                                      │
│actor/actor/compute_adv=0.0075         │actor/actor/recv_traj=1242.6           │actor/actor/sync_model_to_rollout=1.4…│
│actor/run_training=19.865              │actor_training=19.868                  │cal_adv_and_returns=0.011             │
│env/compute_bootstrap_rewards=0.0014   │env/env/bootstrap_step=872.5           │env/env/send_rollout_trajectories=0.7…│
│env/env_interact_step=333.9            │env/interact=1241.9                    │env/run_interact_once=1241.9          │
│generate_rollouts=1242.7               │rollout/generate_one_epoch=1234.3      │rollout/predict=9.580                 │
│rollout/rollout/generate=1238.5        │rollout/sync_model_from_actor=1.827    │step=1264.4                           │
│sync_weights=1.829                     │                                       │                                      │
│                                                                                                                      │
├──────────────────────────────────────────────────── Environment ─────────────────────────────────────────────────────┤
│                                                                                                                      │
│episode_len=200.0                      │num_trajectories=512                   │return=0.7871094                      │
│reward=0.0039355466                    │success_once=0.7871094                 │                                      │
│                                                                                                                      │
├────────────────────────────────────────────────────── Rollout ───────────────────────────────────────────────────────┤
│                                                                                                                      │
│advantages_max=1.620                   │advantages_mean=-0.118                 │advantages_min=-2.475                 │
│rewards=0.0040                         │                                       │                                      │
│                                                                                                                      │
├─────────────────────────────────────────────────── Training/Actor ───────────────────────────────────────────────────┤
│                                                                                                                      │
│actor/approx_kl=0.023                  │actor/clip_fraction=0.065              │actor/clipped_ratio=0.990             │
│actor/dual_cliped_ratio=0.0000         │actor/dvac_current_mean=-4.236         │actor/dvac_current_std=0.627          │
│actor/dvac_history_mean=-4.325         │actor/dvac_history_std=0.634           │actor/dvac_warmup=0.0000              │
│actor/dvac_weight_ess_fraction=0.619   │actor/dvac_weight_mean=1.685           │actor/dvac_weight_sq_mean=4.584       │
│actor/dvac_z_high_clip_fraction=0.043  │actor/dvac_z_low_clip_fraction=0.0030  │actor/entropy_loss=0.0000             │
│actor/grad_norm=44.108                 │actor/lr=5.60e-06                      │actor/policy_loss=0.0037              │
│actor/policy_loss_abs=0.467            │actor/ratio=0.993                      │actor/ratio_abs=0.077                 │
│actor/total_loss=2.29e-04              │                                       │                                      │
│                                                                                                                      │
╰──────────────────────────────────────────────────────────────────────────────────────────────────────────────────────╯

[36m(RolloutGroup(rank=0) pid=1509992)[0m Generating Rollout Epochs:   0%|          | 0/4 [00:00<?, ?it/s]
[36m(RolloutGroup(rank=0) pid=1509992)[0m Generating Rollout Epochs:  25%|██▌       | 1/4 [04:56<14:50, 296.98s/it]
[36m(RolloutGroup(rank=0) pid=1509992)[0m Generating Rollout Epochs:  50%|█████     | 2/4 [10:07<10:10, 305.04s/it]
