
╭──────────────────────────────────────────────────────────────────────────────────────────────────────────────────────╮
├──────────────────────────────────────────────────── Metric Table ────────────────────────────────────────────────────┤
│ Global Step:    1/480 │ Progress: ░░░░░░░░░░░░░░░░░░░░░░░░░░░░░░░░░░░░░░░░ │   0.2%                                  │
│ Elapsed: 03:49 │ ETA: 30:33:44 │ Step Time: 229.697s                                                                 │
├──────────────────────────────────────────────────────── Time ────────────────────────────────────────────────────────┤
│                                                                                                                      │
│actor/actor/compute_adv=2.55e-05       │actor/actor/recv_traj=228.6            │actor/actor/sync_model_to_rollout=0.5…│
│cal_adv_and_returns=0.0029             │env/compute_bootstrap_rewards=0.0026   │env/env/bootstrap_step=62.325         │
│env/env/send_rollout_trajectories=0.446│env/env_interact_step=155.2            │env/interact=228.5                    │
│env/run_interact_once=227.7            │generate_rollouts=228.7                │rollout/generate_one_epoch=227.2      │
│rollout/rollout/generate=227.2         │step=229.7                             │sync_weights=0.943                    │
│                                                                                                                      │
├──────────────────────────────────────────────────── Environment ─────────────────────────────────────────────────────┤
│                                                                                                                      │
│episode_len=200.0                      │num_trajectories=8                     │return=2.375                          │
│reward=0.011875                        │success_once=0.25                      │                                      │
│                                                                                                                      │
├─────────────────────────────────────────────────── Replay Buffer ────────────────────────────────────────────────────┤
│                                                                                                                      │
│cache_size=143.0                       │num_trajectories=143.0                 │total_samples=143.0                   │
│                                                                                                                      │
├─────────────────────────────────────────────────── Training/Other ───────────────────────────────────────────────────┤
│                                                                                                                      │
│replay/actor_switch_rate=0.0000        │replay/done_rate=0.056                 │replay/intervention_rate=0.0000       │
│replay/intervention_requested_rate=0.0…│replay/record_transition_rate=1.000    │replay/reward_mean=0.014              │
│replay/reward_positive_rate=0.014      │replay/transition_count=143.0          │rlt/actor_updates_run=0.0000          │
│rlt/critic_updates_run=0.0000          │rlt/desired_total_updates=0.0000       │rlt/global_min_replay_size=143.0      │
│rlt/global_total_transitions_added=143…│rlt/global_transitions_since_train=143…│rlt/max_updates_per_train_step=1600.0 │
│rlt/min_replay_buffer_size=10000.0     │rlt/pending_update_budget=0.0000       │rlt/ready_for_online=0.0000           │
│rlt/should_train=0.0000                │rlt/skip_reason=1.000                  │rlt/train_every_episodes=0.0000       │
│rlt/train_every_transitions=1.000      │rlt/update_epoch=5.000                 │rlt/update_step=0.0000                │
│rlt/updates_scheduled=0.0000           │rlt/updates_to_run=0.0000              │rlt/warmup_required_updates=3.00e+04  │
│rlt_dvac/enabled=0.0000                │                                       │                                      │
│                                                                                                                      │
╰──────────────────────────────────────────────────────────────────────────────────────────────────────────────────────╯


╭──────────────────────────────────────────────────────────────────────────────────────────────────────────────────────╮
├──────────────────────────────────────────────────── Metric Table ────────────────────────────────────────────────────┤
│ Global Step:    2/480 │ Progress: ░░░░░░░░░░░░░░░░░░░░░░░░░░░░░░░░░░░░░░░░ │   0.4%                                  │
│ Elapsed: 07:40 │ ETA: 30:35:49 │ Step Time: 230.439s                                                                 │
├──────────────────────────────────────────────────────── Time ────────────────────────────────────────────────────────┤
│                                                                                                                      │
│actor/actor/compute_adv=2.62e-05       │actor/actor/recv_traj=230.6            │actor/actor/sync_model_to_rollout=0.0…│
│cal_adv_and_returns=0.0032             │env/compute_bootstrap_rewards=0.0020   │env/env/bootstrap_step=60.924         │
│env/env/send_rollout_trajectories=0.421│env/env_interact_step=159.9            │env/interact=230.6                    │
│env/run_interact_once=229.7            │generate_rollouts=230.7                │rollout/generate_one_epoch=229.3      │
│rollout/rollout/generate=229.3         │step=231.2                             │sync_weights=0.456                    │
│                                                                                                                      │
├──────────────────────────────────────────────────── Environment ─────────────────────────────────────────────────────┤
│                                                                                                                      │
│episode_len=200.0                      │num_trajectories=8                     │return=1.25                           │
│reward=0.00625                         │success_once=0.125                     │                                      │
│                                                                                                                      │
├─────────────────────────────────────────────────── Replay Buffer ────────────────────────────────────────────────────┤
│                                                                                                                      │
│cache_size=294.0                       │num_trajectories=294.0                 │total_samples=294.0                   │
│                                                                                                                      │
├─────────────────────────────────────────────────── Training/Other ───────────────────────────────────────────────────┤
│                                                                                                                      │
│replay/actor_switch_rate=0.0000        │replay/done_rate=0.053                 │replay/intervention_rate=0.0000       │
│replay/intervention_requested_rate=0.0…│replay/record_transition_rate=1.000    │replay/reward_mean=0.0066             │
│replay/reward_positive_rate=0.0066     │replay/transition_count=151.0          │rlt/actor_updates_run=0.0000          │
│rlt/critic_updates_run=0.0000          │rlt/desired_total_updates=0.0000       │rlt/global_min_replay_size=294.0      │
│rlt/global_total_transitions_added=294…│rlt/global_transitions_since_train=294…│rlt/max_updates_per_train_step=1600.0 │
│rlt/min_replay_buffer_size=10000.0     │rlt/pending_update_budget=0.0000       │rlt/ready_for_online=0.0000           │
│rlt/should_train=0.0000                │rlt/skip_reason=1.000                  │rlt/train_every_episodes=0.0000       │
│rlt/train_every_transitions=1.000      │rlt/update_epoch=5.000                 │rlt/update_step=0.0000                │
│rlt/updates_scheduled=0.0000           │rlt/updates_to_run=0.0000              │rlt/warmup_required_updates=3.00e+04  │
│rlt_dvac/enabled=0.0000                │                                       │                                      │
│                                                                                                                      │
╰──────────────────────────────────────────────────────────────────────────────────────────────────────────────────────╯


╭──────────────────────────────────────────────────────────────────────────────────────────────────────────────────────╮
├──────────────────────────────────────────────────── Metric Table ────────────────────────────────────────────────────┤
│ Global Step:    3/480 │ Progress: ░░░░░░░░░░░░░░░░░░░░░░░░░░░░░░░░░░░░░░░░ │   0.6%                                  │
│ Elapsed: 11:35 │ ETA: 30:43:12 │ Step Time: 231.850s                                                                 │
├──────────────────────────────────────────────────────── Time ────────────────────────────────────────────────────────┤
│                                                                                                                      │
│actor/actor/compute_adv=3.09e-05       │actor/actor/recv_traj=234.1            │actor/actor/sync_model_to_rollout=0.0…│
│cal_adv_and_returns=0.0032             │env/compute_bootstrap_rewards=0.0023   │env/env/bootstrap_step=62.838         │
│env/env/send_rollout_trajectories=0.436│env/env_interact_step=161.2            │env/interact=234.0                    │
│env/run_interact_once=233.2            │generate_rollouts=234.2                │rollout/generate_one_epoch=232.8      │
│rollout/rollout/generate=232.8         │step=234.7                             │sync_weights=0.478                    │
│                                                                                                                      │
├──────────────────────────────────────────────────── Environment ─────────────────────────────────────────────────────┤
│                                                                                                                      │
│episode_len=200.0                      │num_trajectories=8                     │return=0.0                            │
│reward=0.0                             │success_once=0.0                       │                                      │
│                                                                                                                      │
├─────────────────────────────────────────────────── Replay Buffer ────────────────────────────────────────────────────┤
│                                                                                                                      │
│cache_size=454.0                       │num_trajectories=454.0                 │total_samples=454.0                   │
│                                                                                                                      │
├─────────────────────────────────────────────────── Training/Other ───────────────────────────────────────────────────┤
│                                                                                                                      │
│replay/actor_switch_rate=0.0000        │replay/done_rate=0.050                 │replay/intervention_rate=0.0000       │
│replay/intervention_requested_rate=0.0…│replay/record_transition_rate=1.000    │replay/reward_mean=0.0000             │
│replay/reward_positive_rate=0.0000     │replay/transition_count=160.0          │rlt/actor_updates_run=0.0000          │
│rlt/critic_updates_run=0.0000          │rlt/desired_total_updates=0.0000       │rlt/global_min_replay_size=454.0      │
│rlt/global_total_transitions_added=454…│rlt/global_transitions_since_train=454…│rlt/max_updates_per_train_step=1600.0 │
│rlt/min_replay_buffer_size=10000.0     │rlt/pending_update_budget=0.0000       │rlt/ready_for_online=0.0000           │
│rlt/should_train=0.0000                │rlt/skip_reason=1.000                  │rlt/train_every_episodes=0.0000       │
│rlt/train_every_transitions=1.000      │rlt/update_epoch=5.000                 │rlt/update_step=0.0000                │
│rlt/updates_scheduled=0.0000           │rlt/updates_to_run=0.0000              │rlt/warmup_required_updates=3.00e+04  │
│rlt_dvac/enabled=0.0000                │                                       │                                      │
│                                                                                                                      │
╰──────────────────────────────────────────────────────────────────────────────────────────────────────────────────────╯


╭──────────────────────────────────────────────────────────────────────────────────────────────────────────────────────╮
├──────────────────────────────────────────────────── Metric Table ────────────────────────────────────────────────────┤
│ Global Step:    4/480 │ Progress: ░░░░░░░░░░░░░░░░░░░░░░░░░░░░░░░░░░░░░░░░ │   0.8%                                  │
│ Elapsed: 15:19 │ ETA: 30:22:47 │ Step Time: 229.763s                                                                 │
├──────────────────────────────────────────────────────── Time ────────────────────────────────────────────────────────┤
│                                                                                                                      │
│actor/actor/compute_adv=1.57e-05       │actor/actor/recv_traj=222.9            │actor/actor/sync_model_to_rollout=0.0…│
│cal_adv_and_returns=0.0029             │env/compute_bootstrap_rewards=0.0021   │env/env/bootstrap_step=62.540         │
│env/env/send_rollout_trajectories=0.433│env/env_interact_step=150.2            │env/interact=222.9                    │
│env/run_interact_once=221.9            │generate_rollouts=223.0                │rollout/generate_one_epoch=221.4      │
│rollout/rollout/generate=221.4         │step=223.5                             │sync_weights=0.468                    │
│                                                                                                                      │
├──────────────────────────────────────────────────── Environment ─────────────────────────────────────────────────────┤
│                                                                                                                      │
│episode_len=200.0                      │num_trajectories=8                     │return=1.125                          │
│reward=0.005625                        │success_once=0.125                     │                                      │
│                                                                                                                      │
├─────────────────────────────────────────────────── Replay Buffer ────────────────────────────────────────────────────┤
│                                                                                                                      │
│cache_size=606.0                       │num_trajectories=606.0                 │total_samples=606.0                   │
│                                                                                                                      │
├─────────────────────────────────────────────────── Training/Other ───────────────────────────────────────────────────┤
│                                                                                                                      │
│replay/actor_switch_rate=0.0000        │replay/done_rate=0.053                 │replay/intervention_rate=0.0000       │
│replay/intervention_requested_rate=0.0…│replay/record_transition_rate=1.000    │replay/reward_mean=0.0066             │
│replay/reward_positive_rate=0.0066     │replay/transition_count=152.0          │rlt/actor_updates_run=0.0000          │
│rlt/critic_updates_run=0.0000          │rlt/desired_total_updates=0.0000       │rlt/global_min_replay_size=606.0      │
│rlt/global_total_transitions_added=606…│rlt/global_transitions_since_train=606…│rlt/max_updates_per_train_step=1600.0 │
│rlt/min_replay_buffer_size=10000.0     │rlt/pending_update_budget=0.0000       │rlt/ready_for_online=0.0000           │
│rlt/should_train=0.0000                │rlt/skip_reason=1.000                  │rlt/train_every_episodes=0.0000       │
│rlt/train_every_transitions=1.000      │rlt/update_epoch=5.000                 │rlt/update_step=0.0000                │
│rlt/updates_scheduled=0.0000           │rlt/updates_to_run=0.0000              │rlt/warmup_required_updates=3.00e+04  │
│rlt_dvac/enabled=0.0000                │                                       │                                      │
│                                                                                                                      │
╰──────────────────────────────────────────────────────────────────────────────────────────────────────────────────────╯


╭──────────────────────────────────────────────────────────────────────────────────────────────────────────────────────╮
├──────────────────────────────────────────────────── Metric Table ────────────────────────────────────────────────────┤
│ Global Step:    5/480 │ Progress: ░░░░░░░░░░░░░░░░░░░░░░░░░░░░░░░░░░░░░░░░ │   1.0%                                  │
│ Elapsed: 19:02 │ ETA: 30:08:29 │ Step Time: 228.440s                                                                 │
├──────────────────────────────────────────────────────── Time ────────────────────────────────────────────────────────┤
│                                                                                                                      │
│actor/actor/compute_adv=3.53e-05       │actor/actor/recv_traj=222.6            │actor/actor/sync_model_to_rollout=0.0…│
│cal_adv_and_returns=0.0036             │env/compute_bootstrap_rewards=0.0021   │env/env/bootstrap_step=62.127         │
│env/env/send_rollout_trajectories=0.426│env/env_interact_step=150.6            │env/interact=222.5                    │
│env/run_interact_once=221.7            │generate_rollouts=222.7                │rollout/generate_one_epoch=221.2      │
│rollout/rollout/generate=221.2         │step=223.1                             │sync_weights=0.457                    │
│                                                                                                                      │
├──────────────────────────────────────────────────── Environment ─────────────────────────────────────────────────────┤
│                                                                                                                      │
│episode_len=200.0                      │num_trajectories=8                     │return=1.25                           │
│reward=0.00625                         │success_once=0.125                     │                                      │
│                                                                                                                      │
├─────────────────────────────────────────────────── Replay Buffer ────────────────────────────────────────────────────┤
│                                                                                                                      │
│cache_size=757.0                       │num_trajectories=757.0                 │total_samples=757.0                   │
│                                                                                                                      │
├─────────────────────────────────────────────────── Training/Other ───────────────────────────────────────────────────┤
│                                                                                                                      │
│replay/actor_switch_rate=0.0000        │replay/done_rate=0.053                 │replay/intervention_rate=0.0000       │
│replay/intervention_requested_rate=0.0…│replay/record_transition_rate=1.000    │replay/reward_mean=0.0066             │
│replay/reward_positive_rate=0.0066     │replay/transition_count=151.0          │rlt/actor_updates_run=0.0000          │
│rlt/critic_updates_run=0.0000          │rlt/desired_total_updates=0.0000       │rlt/global_min_replay_size=757.0      │
│rlt/global_total_transitions_added=757…│rlt/global_transitions_since_train=757…│rlt/max_updates_per_train_step=1600.0 │
│rlt/min_replay_buffer_size=10000.0     │rlt/pending_update_budget=0.0000       │rlt/ready_for_online=0.0000           │
│rlt/should_train=0.0000                │rlt/skip_reason=1.000                  │rlt/train_every_episodes=0.0000       │
│rlt/train_every_transitions=1.000      │rlt/update_epoch=5.000                 │rlt/update_step=0.0000                │
│rlt/updates_scheduled=0.0000           │rlt/updates_to_run=0.0000              │rlt/warmup_required_updates=3.00e+04  │
│rlt_dvac/enabled=0.0000                │                                       │                                      │
│                                                                                                                      │
╰──────────────────────────────────────────────────────────────────────────────────────────────────────────────────────╯


╭──────────────────────────────────────────────────────────────────────────────────────────────────────────────────────╮
├──────────────────────────────────────────────────── Metric Table ────────────────────────────────────────────────────┤
│ Global Step:    6/480 │ Progress: ░░░░░░░░░░░░░░░░░░░░░░░░░░░░░░░░░░░░░░░░ │   1.2%                                  │
│ Elapsed: 22:48 │ ETA: 30:01:42 │ Step Time: 228.065s                                                                 │
├──────────────────────────────────────────────────────── Time ────────────────────────────────────────────────────────┤
│                                                                                                                      │
│actor/actor/compute_adv=3.46e-05       │actor/actor/recv_traj=225.6            │actor/actor/sync_model_to_rollout=0.0…│
│cal_adv_and_returns=0.0034             │env/compute_bootstrap_rewards=0.0019   │env/env/bootstrap_step=60.879         │
│env/env/send_rollout_trajectories=0.424│env/env_interact_step=154.8            │env/interact=225.5                    │
│env/run_interact_once=224.6            │generate_rollouts=225.7                │rollout/generate_one_epoch=224.2      │
│rollout/rollout/generate=224.2         │step=226.2                             │sync_weights=0.480                    │
│                                                                                                                      │
├──────────────────────────────────────────────────── Environment ─────────────────────────────────────────────────────┤
│                                                                                                                      │
│episode_len=200.0                      │num_trajectories=8                     │return=1.25                           │
│reward=0.00625                         │success_once=0.125                     │                                      │
│                                                                                                                      │
├─────────────────────────────────────────────────── Replay Buffer ────────────────────────────────────────────────────┤
│                                                                                                                      │
│cache_size=908.0                       │num_trajectories=908.0                 │total_samples=908.0                   │
│                                                                                                                      │
├─────────────────────────────────────────────────── Training/Other ───────────────────────────────────────────────────┤
│                                                                                                                      │
│replay/actor_switch_rate=0.0000        │replay/done_rate=0.053                 │replay/intervention_rate=0.0000       │
│replay/intervention_requested_rate=0.0…│replay/record_transition_rate=1.000    │replay/reward_mean=0.0066             │
│replay/reward_positive_rate=0.0066     │replay/transition_count=151.0          │rlt/actor_updates_run=0.0000          │
│rlt/critic_updates_run=0.0000          │rlt/desired_total_updates=0.0000       │rlt/global_min_replay_size=908.0      │
│rlt/global_total_transitions_added=908…│rlt/global_transitions_since_train=908…│rlt/max_updates_per_train_step=1600.0 │
│rlt/min_replay_buffer_size=10000.0     │rlt/pending_update_budget=0.0000       │rlt/ready_for_online=0.0000           │
│rlt/should_train=0.0000                │rlt/skip_reason=1.000                  │rlt/train_every_episodes=0.0000       │
│rlt/train_every_transitions=1.000      │rlt/update_epoch=5.000                 │rlt/update_step=0.0000                │
│rlt/updates_scheduled=0.0000           │rlt/updates_to_run=0.0000              │rlt/warmup_required_updates=3.00e+04  │
│rlt_dvac/enabled=0.0000                │                                       │                                      │
│                                                                                                                      │
╰──────────────────────────────────────────────────────────────────────────────────────────────────────────────────────╯


╭──────────────────────────────────────────────────────────────────────────────────────────────────────────────────────╮
├──────────────────────────────────────────────────── Metric Table ────────────────────────────────────────────────────┤
│ Global Step:    7/480 │ Progress: ░░░░░░░░░░░░░░░░░░░░░░░░░░░░░░░░░░░░░░░░ │   1.5%                                  │
│ Elapsed: 26:36 │ ETA: 29:57:28 │ Step Time: 228.009s                                                                 │
├──────────────────────────────────────────────────────── Time ────────────────────────────────────────────────────────┤
│                                                                                                                      │
│actor/actor/compute_adv=1.77e-05       │actor/actor/recv_traj=227.2            │actor/actor/sync_model_to_rollout=0.0…│
│cal_adv_and_returns=0.0033             │env/compute_bootstrap_rewards=0.0018   │env/env/bootstrap_step=61.248         │
│env/env/send_rollout_trajectories=0.436│env/env_interact_step=156.1            │env/interact=227.1                    │
│env/run_interact_once=226.4            │generate_rollouts=227.3                │rollout/generate_one_epoch=225.9      │
│rollout/rollout/generate=225.9         │step=227.7                             │sync_weights=0.387                    │
│                                                                                                                      │
├──────────────────────────────────────────────────── Environment ─────────────────────────────────────────────────────┤
│                                                                                                                      │
│episode_len=200.0                      │num_trajectories=8                     │return=1.125                          │
│reward=0.005625                        │success_once=0.125                     │                                      │
│                                                                                                                      │
├─────────────────────────────────────────────────── Replay Buffer ────────────────────────────────────────────────────┤
│                                                                                                                      │
│cache_size=1060.0                      │num_trajectories=1060.0                │total_samples=1060.0                  │
│                                                                                                                      │
├─────────────────────────────────────────────────── Training/Other ───────────────────────────────────────────────────┤
│                                                                                                                      │
│replay/actor_switch_rate=0.0000        │replay/done_rate=0.053                 │replay/intervention_rate=0.0000       │
│replay/intervention_requested_rate=0.0…│replay/record_transition_rate=1.000    │replay/reward_mean=0.0066             │
│replay/reward_positive_rate=0.0066     │replay/transition_count=152.0          │rlt/actor_updates_run=0.0000          │
│rlt/critic_updates_run=0.0000          │rlt/desired_total_updates=0.0000       │rlt/global_min_replay_size=1060.0     │
│rlt/global_total_transitions_added=106…│rlt/global_transitions_since_train=106…│rlt/max_updates_per_train_step=1600.0 │
│rlt/min_replay_buffer_size=10000.0     │rlt/pending_update_budget=0.0000       │rlt/ready_for_online=0.0000           │
│rlt/should_train=0.0000                │rlt/skip_reason=1.000                  │rlt/train_every_episodes=0.0000       │
│rlt/train_every_transitions=1.000      │rlt/update_epoch=5.000                 │rlt/update_step=0.0000                │
│rlt/updates_scheduled=0.0000           │rlt/updates_to_run=0.0000              │rlt/warmup_required_updates=3.00e+04  │
│rlt_dvac/enabled=0.0000                │                                       │                                      │
│                                                                                                                      │
╰──────────────────────────────────────────────────────────────────────────────────────────────────────────────────────╯


╭──────────────────────────────────────────────────────────────────────────────────────────────────────────────────────╮
├──────────────────────────────────────────────────── Metric Table ────────────────────────────────────────────────────┤
│ Global Step:    8/480 │ Progress: ░░░░░░░░░░░░░░░░░░░░░░░░░░░░░░░░░░░░░░░░ │   1.7%                                  │
│ Elapsed: 30:31 │ ETA: 30:00:51 │ Step Time: 228.922s                                                                 │
├──────────────────────────────────────────────────────── Time ────────────────────────────────────────────────────────┤
│                                                                                                                      │
│actor/actor/compute_adv=2.90e-05       │actor/actor/recv_traj=234.8            │actor/actor/sync_model_to_rollout=0.0…│
│cal_adv_and_returns=0.0033             │env/compute_bootstrap_rewards=0.0020   │env/env/bootstrap_step=62.060         │
│env/env/send_rollout_trajectories=0.429│env/env_interact_step=163.0            │env/interact=234.7                    │
│env/run_interact_once=234.0            │generate_rollouts=234.9                │rollout/generate_one_epoch=233.5      │
│rollout/rollout/generate=233.5         │step=235.3                             │sync_weights=0.422                    │
│                                                                                                                      │
├──────────────────────────────────────────────────── Environment ─────────────────────────────────────────────────────┤
│                                                                                                                      │
│episode_len=200.0                      │num_trajectories=8                     │return=0.0                            │
│reward=0.0                             │success_once=0.0                       │                                      │
│                                                                                                                      │
├─────────────────────────────────────────────────── Replay Buffer ────────────────────────────────────────────────────┤
│                                                                                                                      │
│cache_size=1220.0                      │num_trajectories=1220.0                │total_samples=1220.0                  │
│                                                                                                                      │
├─────────────────────────────────────────────────── Training/Other ───────────────────────────────────────────────────┤
│                                                                                                                      │
│replay/actor_switch_rate=0.0000        │replay/done_rate=0.050                 │replay/intervention_rate=0.0000       │
│replay/intervention_requested_rate=0.0…│replay/record_transition_rate=1.000    │replay/reward_mean=0.0000             │
│replay/reward_positive_rate=0.0000     │replay/transition_count=160.0          │rlt/actor_updates_run=0.0000          │
│rlt/critic_updates_run=0.0000          │rlt/desired_total_updates=0.0000       │rlt/global_min_replay_size=1220.0     │
│rlt/global_total_transitions_added=122…│rlt/global_transitions_since_train=122…│rlt/max_updates_per_train_step=1600.0 │
│rlt/min_replay_buffer_size=10000.0     │rlt/pending_update_budget=0.0000       │rlt/ready_for_online=0.0000           │
│rlt/should_train=0.0000                │rlt/skip_reason=1.000                  │rlt/train_every_episodes=0.0000       │
│rlt/train_every_transitions=1.000      │rlt/update_epoch=5.000                 │rlt/update_step=0.0000                │
│rlt/updates_scheduled=0.0000           │rlt/updates_to_run=0.0000              │rlt/warmup_required_updates=3.00e+04  │
│rlt_dvac/enabled=0.0000                │                                       │                                      │
│                                                                                                                      │
╰──────────────────────────────────────────────────────────────────────────────────────────────────────────────────────╯


╭──────────────────────────────────────────────────────────────────────────────────────────────────────────────────────╮
├──────────────────────────────────────────────────── Metric Table ────────────────────────────────────────────────────┤
│ Global Step:    9/480 │ Progress: ░░░░░░░░░░░░░░░░░░░░░░░░░░░░░░░░░░░░░░░░ │   1.9%                                  │
│ Elapsed: 34:07 │ ETA: 29:45:59 │ Step Time: 227.514s                                                                 │
├──────────────────────────────────────────────────────── Time ────────────────────────────────────────────────────────┤
│                                                                                                                      │
│actor/actor/compute_adv=1.02e-05       │actor/actor/recv_traj=215.7            │actor/actor/sync_model_to_rollout=0.0…│
│cal_adv_and_returns=0.0027             │env/compute_bootstrap_rewards=0.0020   │env/env/bootstrap_step=61.114         │
│env/env/send_rollout_trajectories=0.436│env/env_interact_step=144.5            │env/interact=215.6                    │
│env/run_interact_once=214.7            │generate_rollouts=215.7                │rollout/generate_one_epoch=214.3      │
│rollout/rollout/generate=214.3         │step=216.2                             │sync_weights=0.486                    │
│                                                                                                                      │
├──────────────────────────────────────────────────── Environment ─────────────────────────────────────────────────────┤
│                                                                                                                      │
│episode_len=200.0                      │num_trajectories=8                     │return=2.5                            │
│reward=0.0125                          │success_once=0.25                      │                                      │
│                                                                                                                      │
├─────────────────────────────────────────────────── Replay Buffer ────────────────────────────────────────────────────┤
│                                                                                                                      │
│cache_size=1362.0                      │num_trajectories=1362.0                │total_samples=1362.0                  │
│                                                                                                                      │
├─────────────────────────────────────────────────── Training/Other ───────────────────────────────────────────────────┤
│                                                                                                                      │
│replay/actor_switch_rate=0.0000        │replay/done_rate=0.056                 │replay/intervention_rate=0.0000       │
│replay/intervention_requested_rate=0.0…│replay/record_transition_rate=1.000    │replay/reward_mean=0.014              │
│replay/reward_positive_rate=0.014      │replay/transition_count=142.0          │rlt/actor_updates_run=0.0000          │
│rlt/critic_updates_run=0.0000          │rlt/desired_total_updates=0.0000       │rlt/global_min_replay_size=1362.0     │
│rlt/global_total_transitions_added=136…│rlt/global_transitions_since_train=136…│rlt/max_updates_per_train_step=1600.0 │
│rlt/min_replay_buffer_size=10000.0     │rlt/pending_update_budget=0.0000       │rlt/ready_for_online=0.0000           │
│rlt/should_train=0.0000                │rlt/skip_reason=1.000                  │rlt/train_every_episodes=0.0000       │
│rlt/train_every_transitions=1.000      │rlt/update_epoch=5.000                 │rlt/update_step=0.0000                │
│rlt/updates_scheduled=0.0000           │rlt/updates_to_run=0.0000              │rlt/warmup_required_updates=3.00e+04  │
│rlt_dvac/enabled=0.0000                │                                       │                                      │
│                                                                                                                      │
╰──────────────────────────────────────────────────────────────────────────────────────────────────────────────────────╯


╭──────────────────────────────────────────────────────────────────────────────────────────────────────────────────────╮
├──────────────────────────────────────────────────── Metric Table ────────────────────────────────────────────────────┤
│ Global Step:   10/480 │ Progress: ░░░░░░░░░░░░░░░░░░░░░░░░░░░░░░░░░░░░░░░░ │   2.1%                                  │
│ Elapsed: 37:43 │ ETA: 29:33:05 │ Step Time: 226.352s                                                                 │
├──────────────────────────────────────────────────────── Time ────────────────────────────────────────────────────────┤
│                                                                                                                      │
│actor/actor/compute_adv=2.98e-05       │actor/actor/recv_traj=215.4            │actor/actor/sync_model_to_rollout=0.0…│
│cal_adv_and_returns=0.0036             │env/compute_bootstrap_rewards=0.0017   │env/env/bootstrap_step=61.504         │
│env/env/send_rollout_trajectories=0.438│env/env_interact_step=144.2            │env/interact=215.3                    │
│env/run_interact_once=214.6            │generate_rollouts=215.4                │rollout/generate_one_epoch=214.1      │
│rollout/rollout/generate=214.1         │step=215.9                             │sync_weights=0.434                    │
│                                                                                                                      │
├──────────────────────────────────────────────────── Environment ─────────────────────────────────────────────────────┤
│                                                                                                                      │
│episode_len=200.0                      │num_trajectories=8                     │return=2.375                          │
│reward=0.011875                        │success_once=0.25                      │                                      │
│                                                                                                                      │
├─────────────────────────────────────────────────── Replay Buffer ────────────────────────────────────────────────────┤
│                                                                                                                      │
│cache_size=1505.0                      │num_trajectories=1505.0                │total_samples=1505.0                  │
│                                                                                                                      │
├─────────────────────────────────────────────────── Training/Other ───────────────────────────────────────────────────┤
│                                                                                                                      │
│replay/actor_switch_rate=0.0000        │replay/done_rate=0.056                 │replay/intervention_rate=0.0000       │
│replay/intervention_requested_rate=0.0…│replay/record_transition_rate=1.000    │replay/reward_mean=0.014              │
│replay/reward_positive_rate=0.014      │replay/transition_count=143.0          │rlt/actor_updates_run=0.0000          │
│rlt/critic_updates_run=0.0000          │rlt/desired_total_updates=0.0000       │rlt/global_min_replay_size=1505.0     │
│rlt/global_total_transitions_added=150…│rlt/global_transitions_since_train=150…│rlt/max_updates_per_train_step=1600.0 │
│rlt/min_replay_buffer_size=10000.0     │rlt/pending_update_budget=0.0000       │rlt/ready_for_online=0.0000           │
│rlt/should_train=0.0000                │rlt/skip_reason=1.000                  │rlt/train_every_episodes=0.0000       │
│rlt/train_every_transitions=1.000      │rlt/update_epoch=5.000                 │rlt/update_step=0.0000                │
│rlt/updates_scheduled=0.0000           │rlt/updates_to_run=0.0000              │rlt/warmup_required_updates=3.00e+04  │
│rlt_dvac/enabled=0.0000                │                                       │                                      │
│                                                                                                                      │
╰──────────────────────────────────────────────────────────────────────────────────────────────────────────────────────╯


╭──────────────────────────────────────────────────────────────────────────────────────────────────────────────────────╮
├──────────────────────────────────────────────────── Metric Table ────────────────────────────────────────────────────┤
│ Global Step:   11/480 │ Progress: ░░░░░░░░░░░░░░░░░░░░░░░░░░░░░░░░░░░░░░░░ │   2.3%                                  │
│ Elapsed: 41:21 │ ETA: 29:23:05 │ Step Time: 225.556s                                                                 │
├──────────────────────────────────────────────────────── Time ────────────────────────────────────────────────────────┤
│                                                                                                                      │
│actor/actor/compute_adv=1.10e-05       │actor/actor/recv_traj=217.1            │actor/actor/sync_model_to_rollout=0.0…│
│cal_adv_and_returns=0.0030             │env/compute_bootstrap_rewards=0.0018   │env/env/bootstrap_step=61.353         │
│env/env/send_rollout_trajectories=0.438│env/env_interact_step=145.9            │env/interact=217.0                    │
│env/run_interact_once=216.2            │generate_rollouts=217.2                │rollout/generate_one_epoch=215.7      │
│rollout/rollout/generate=215.7         │step=217.6                             │sync_weights=0.384                    │
│                                                                                                                      │
├──────────────────────────────────────────────────── Environment ─────────────────────────────────────────────────────┤
│                                                                                                                      │
│episode_len=200.0                      │num_trajectories=8                     │return=2.625                          │
│reward=0.0131250005                    │success_once=0.25                      │                                      │
│                                                                                                                      │
├─────────────────────────────────────────────────── Replay Buffer ────────────────────────────────────────────────────┤
│                                                                                                                      │
│cache_size=1646.0                      │num_trajectories=1646.0                │total_samples=1646.0                  │
│                                                                                                                      │
├─────────────────────────────────────────────────── Training/Other ───────────────────────────────────────────────────┤
│                                                                                                                      │
│replay/actor_switch_rate=0.0000        │replay/done_rate=0.057                 │replay/intervention_rate=0.0000       │
│replay/intervention_requested_rate=0.0…│replay/record_transition_rate=1.000    │replay/reward_mean=0.014              │
│replay/reward_positive_rate=0.014      │replay/transition_count=141.0          │rlt/actor_updates_run=0.0000          │
│rlt/critic_updates_run=0.0000          │rlt/desired_total_updates=0.0000       │rlt/global_min_replay_size=1646.0     │
│rlt/global_total_transitions_added=164…│rlt/global_transitions_since_train=164…│rlt/max_updates_per_train_step=1600.0 │
│rlt/min_replay_buffer_size=10000.0     │rlt/pending_update_budget=0.0000       │rlt/ready_for_online=0.0000           │
│rlt/should_train=0.0000                │rlt/skip_reason=1.000                  │rlt/train_every_episodes=0.0000       │
│rlt/train_every_transitions=1.000      │rlt/update_epoch=5.000                 │rlt/update_step=0.0000                │
│rlt/updates_scheduled=0.0000           │rlt/updates_to_run=0.0000              │rlt/warmup_required_updates=3.00e+04  │
│rlt_dvac/enabled=0.0000                │                                       │                                      │
│                                                                                                                      │
╰──────────────────────────────────────────────────────────────────────────────────────────────────────────────────────╯


╭──────────────────────────────────────────────────────────────────────────────────────────────────────────────────────╮
├──────────────────────────────────────────────────── Metric Table ────────────────────────────────────────────────────┤
│ Global Step:   12/480 │ Progress: █░░░░░░░░░░░░░░░░░░░░░░░░░░░░░░░░░░░░░░░ │   2.5%                                  │
│ Elapsed: 45:03 │ ETA: 29:17:09 │ Step Time: 225.277s                                                                 │
├──────────────────────────────────────────────────────── Time ────────────────────────────────────────────────────────┤
│                                                                                                                      │
│actor/actor/compute_adv=2.57e-05       │actor/actor/recv_traj=221.7            │actor/actor/sync_model_to_rollout=0.0…│
│cal_adv_and_returns=0.0032             │env/compute_bootstrap_rewards=0.0019   │env/env/bootstrap_step=61.676         │
│env/env/send_rollout_trajectories=0.431│env/env_interact_step=150.2            │env/interact=221.6                    │
│env/run_interact_once=220.7            │generate_rollouts=221.7                │rollout/generate_one_epoch=220.3      │
│rollout/rollout/generate=220.3         │step=222.2                             │sync_weights=0.472                    │
│                                                                                                                      │
├──────────────────────────────────────────────────── Environment ─────────────────────────────────────────────────────┤
│                                                                                                                      │
│episode_len=200.0                      │num_trajectories=8                     │return=1.375                          │
│reward=0.006875                        │success_once=0.125                     │                                      │
│                                                                                                                      │
├─────────────────────────────────────────────────── Replay Buffer ────────────────────────────────────────────────────┤
│                                                                                                                      │
│cache_size=1796.0                      │num_trajectories=1796.0                │total_samples=1796.0                  │
│                                                                                                                      │
├─────────────────────────────────────────────────── Training/Other ───────────────────────────────────────────────────┤
│                                                                                                                      │
│replay/actor_switch_rate=0.0000        │replay/done_rate=0.053                 │replay/intervention_rate=0.0000       │
│replay/intervention_requested_rate=0.0…│replay/record_transition_rate=1.000    │replay/reward_mean=0.0067             │
│replay/reward_positive_rate=0.0067     │replay/transition_count=150.0          │rlt/actor_updates_run=0.0000          │
│rlt/critic_updates_run=0.0000          │rlt/desired_total_updates=0.0000       │rlt/global_min_replay_size=1796.0     │
│rlt/global_total_transitions_added=179…│rlt/global_transitions_since_train=179…│rlt/max_updates_per_train_step=1600.0 │
│rlt/min_replay_buffer_size=10000.0     │rlt/pending_update_budget=0.0000       │rlt/ready_for_online=0.0000           │
│rlt/should_train=0.0000                │rlt/skip_reason=1.000                  │rlt/train_every_episodes=0.0000       │
│rlt/train_every_transitions=1.000      │rlt/update_epoch=5.000                 │rlt/update_step=0.0000                │
│rlt/updates_scheduled=0.0000           │rlt/updates_to_run=0.0000              │rlt/warmup_required_updates=3.00e+04  │
│rlt_dvac/enabled=0.0000                │                                       │                                      │
│                                                                                                                      │
╰──────────────────────────────────────────────────────────────────────────────────────────────────────────────────────╯


╭──────────────────────────────────────────────────────────────────────────────────────────────────────────────────────╮
├──────────────────────────────────────────────────── Metric Table ────────────────────────────────────────────────────┤
│ Global Step:   13/480 │ Progress: █░░░░░░░░░░░░░░░░░░░░░░░░░░░░░░░░░░░░░░░ │   2.7%                                  │
│ Elapsed: 48:44 │ ETA: 29:10:53 │ Step Time: 224.953s                                                                 │
├──────────────────────────────────────────────────────── Time ────────────────────────────────────────────────────────┤
│                                                                                                                      │
│actor/actor/compute_adv=1.30e-05       │actor/actor/recv_traj=220.6            │actor/actor/sync_model_to_rollout=0.0…│
│cal_adv_and_returns=0.0030             │env/compute_bootstrap_rewards=0.0017   │env/env/bootstrap_step=62.013         │
│env/env/send_rollout_trajectories=0.435│env/env_interact_step=149.0            │env/interact=220.6                    │
│env/run_interact_once=219.7            │generate_rollouts=220.7                │rollout/generate_one_epoch=219.2      │
│rollout/rollout/generate=219.2         │step=221.1                             │sync_weights=0.351                    │
│                                                                                                                      │
├──────────────────────────────────────────────────── Environment ─────────────────────────────────────────────────────┤
│                                                                                                                      │
│episode_len=200.0                      │num_trajectories=8                     │return=2.5                            │
│reward=0.0125                          │success_once=0.25                      │                                      │
│                                                                                                                      │
├─────────────────────────────────────────────────── Replay Buffer ────────────────────────────────────────────────────┤
│                                                                                                                      │
│cache_size=1938.0                      │num_trajectories=1938.0                │total_samples=1938.0                  │
│                                                                                                                      │
├─────────────────────────────────────────────────── Training/Other ───────────────────────────────────────────────────┤
│                                                                                                                      │
│replay/actor_switch_rate=0.0000        │replay/done_rate=0.056                 │replay/intervention_rate=0.0000       │
│replay/intervention_requested_rate=0.0…│replay/record_transition_rate=1.000    │replay/reward_mean=0.014              │
│replay/reward_positive_rate=0.014      │replay/transition_count=142.0          │rlt/actor_updates_run=0.0000          │
│rlt/critic_updates_run=0.0000          │rlt/desired_total_updates=0.0000       │rlt/global_min_replay_size=1938.0     │
│rlt/global_total_transitions_added=193…│rlt/global_transitions_since_train=193…│rlt/max_updates_per_train_step=1600.0 │
│rlt/min_replay_buffer_size=10000.0     │rlt/pending_update_budget=0.0000       │rlt/ready_for_online=0.0000           │
│rlt/should_train=0.0000                │rlt/skip_reason=1.000                  │rlt/train_every_episodes=0.0000       │
│rlt/train_every_transitions=1.000      │rlt/update_epoch=5.000                 │rlt/update_step=0.0000                │
│rlt/updates_scheduled=0.0000           │rlt/updates_to_run=0.0000              │rlt/warmup_required_updates=3.00e+04  │
│rlt_dvac/enabled=0.0000                │                                       │                                      │
│                                                                                                                      │
╰──────────────────────────────────────────────────────────────────────────────────────────────────────────────────────╯


╭──────────────────────────────────────────────────────────────────────────────────────────────────────────────────────╮
├──────────────────────────────────────────────────── Metric Table ────────────────────────────────────────────────────┤
│ Global Step:   14/480 │ Progress: █░░░░░░░░░░░░░░░░░░░░░░░░░░░░░░░░░░░░░░░ │   2.9%                                  │
│ Elapsed: 52:16 │ ETA: 29:00:01 │ Step Time: 224.038s                                                                 │
├──────────────────────────────────────────────────────── Time ────────────────────────────────────────────────────────┤
│                                                                                                                      │
│actor/actor/compute_adv=8.82e-06       │actor/actor/recv_traj=211.6            │actor/actor/sync_model_to_rollout=0.0…│
│cal_adv_and_returns=0.0029             │env/compute_bootstrap_rewards=0.0018   │env/env/bootstrap_step=61.461         │
│env/env/send_rollout_trajectories=0.434│env/env_interact_step=140.3            │env/interact=211.5                    │
│env/run_interact_once=210.7            │generate_rollouts=211.7                │rollout/generate_one_epoch=210.2      │
│rollout/rollout/generate=210.2         │step=212.1                             │sync_weights=0.460                    │
│                                                                                                                      │
├──────────────────────────────────────────────────── Environment ─────────────────────────────────────────────────────┤
│                                                                                                                      │
│episode_len=200.0                      │num_trajectories=8                     │return=3.875                          │
│reward=0.019375                        │success_once=0.375                     │                                      │
│                                                                                                                      │
├─────────────────────────────────────────────────── Replay Buffer ────────────────────────────────────────────────────┤
│                                                                                                                      │
│cache_size=2070.0                      │num_trajectories=2070.0                │total_samples=2070.0                  │
│                                                                                                                      │
├─────────────────────────────────────────────────── Training/Other ───────────────────────────────────────────────────┤
│                                                                                                                      │
│replay/actor_switch_rate=0.0000        │replay/done_rate=0.061                 │replay/intervention_rate=0.0000       │
│replay/intervention_requested_rate=0.0…│replay/record_transition_rate=1.000    │replay/reward_mean=0.023              │
│replay/reward_positive_rate=0.023      │replay/transition_count=132.0          │rlt/actor_updates_run=0.0000          │
│rlt/critic_updates_run=0.0000          │rlt/desired_total_updates=0.0000       │rlt/global_min_replay_size=2070.0     │
│rlt/global_total_transitions_added=207…│rlt/global_transitions_since_train=207…│rlt/max_updates_per_train_step=1600.0 │
│rlt/min_replay_buffer_size=10000.0     │rlt/pending_update_budget=0.0000       │rlt/ready_for_online=0.0000           │
│rlt/should_train=0.0000                │rlt/skip_reason=1.000                  │rlt/train_every_episodes=0.0000       │
│rlt/train_every_transitions=1.000      │rlt/update_epoch=5.000                 │rlt/update_step=0.0000                │
│rlt/updates_scheduled=0.0000           │rlt/updates_to_run=0.0000              │rlt/warmup_required_updates=3.00e+04  │
│rlt_dvac/enabled=0.0000                │                                       │                                      │
│                                                                                                                      │
╰──────────────────────────────────────────────────────────────────────────────────────────────────────────────────────╯


╭──────────────────────────────────────────────────────────────────────────────────────────────────────────────────────╮
├──────────────────────────────────────────────────── Metric Table ────────────────────────────────────────────────────┤
│ Global Step:   15/480 │ Progress: █░░░░░░░░░░░░░░░░░░░░░░░░░░░░░░░░░░░░░░░ │   3.1%                                  │
│ Elapsed: 56:11 │ ETA: 29:02:04 │ Step Time: 224.785s                                                                 │
├──────────────────────────────────────────────────────── Time ────────────────────────────────────────────────────────┤
│                                                                                                                      │
│actor/actor/compute_adv=2.73e-05       │actor/actor/recv_traj=234.7            │actor/actor/sync_model_to_rollout=0.0…│
│cal_adv_and_returns=0.0034             │env/compute_bootstrap_rewards=0.0019   │env/env/bootstrap_step=61.290         │
│env/env/send_rollout_trajectories=0.433│env/env_interact_step=163.6            │env/interact=234.6                    │
│env/run_interact_once=233.8            │generate_rollouts=234.7                │rollout/generate_one_epoch=233.4      │
│rollout/rollout/generate=233.4         │step=235.2                             │sync_weights=0.471                    │
│                                                                                                                      │
├──────────────────────────────────────────────────── Environment ─────────────────────────────────────────────────────┤
│                                                                                                                      │
│episode_len=200.0                      │num_trajectories=8                     │return=0.0                            │
│reward=0.0                             │success_once=0.0                       │                                      │
│                                                                                                                      │
├─────────────────────────────────────────────────── Replay Buffer ────────────────────────────────────────────────────┤
│                                                                                                                      │
│cache_size=2230.0                      │num_trajectories=2230.0                │total_samples=2230.0                  │
│                                                                                                                      │
├─────────────────────────────────────────────────── Training/Other ───────────────────────────────────────────────────┤
│                                                                                                                      │
│replay/actor_switch_rate=0.0000        │replay/done_rate=0.050                 │replay/intervention_rate=0.0000       │
│replay/intervention_requested_rate=0.0…│replay/record_transition_rate=1.000    │replay/reward_mean=0.0000             │
│replay/reward_positive_rate=0.0000     │replay/transition_count=160.0          │rlt/actor_updates_run=0.0000          │
│rlt/critic_updates_run=0.0000          │rlt/desired_total_updates=0.0000       │rlt/global_min_replay_size=2230.0     │
│rlt/global_total_transitions_added=223…│rlt/global_transitions_since_train=223…│rlt/max_updates_per_train_step=1600.0 │
│rlt/min_replay_buffer_size=10000.0     │rlt/pending_update_budget=0.0000       │rlt/ready_for_online=0.0000           │
│rlt/should_train=0.0000                │rlt/skip_reason=1.000                  │rlt/train_every_episodes=0.0000       │
│rlt/train_every_transitions=1.000      │rlt/update_epoch=5.000                 │rlt/update_step=0.0000                │
│rlt/updates_scheduled=0.0000           │rlt/updates_to_run=0.0000              │rlt/warmup_required_updates=3.00e+04  │
│rlt_dvac/enabled=0.0000                │                                       │                                      │
│                                                                                                                      │
╰──────────────────────────────────────────────────────────────────────────────────────────────────────────────────────╯


╭──────────────────────────────────────────────────────────────────────────────────────────────────────────────────────╮
├──────────────────────────────────────────────────── Metric Table ────────────────────────────────────────────────────┤
│ Global Step:   16/480 │ Progress: █░░░░░░░░░░░░░░░░░░░░░░░░░░░░░░░░░░░░░░░ │   3.3%                                  │
│ Elapsed: 59:53 │ ETA: 28:56:59 │ Step Time: 224.611s                                                                 │
├──────────────────────────────────────────────────────── Time ────────────────────────────────────────────────────────┤
│                                                                                                                      │
│actor/actor/compute_adv=2.54e-05       │actor/actor/recv_traj=221.6            │actor/actor/sync_model_to_rollout=0.0…│
│cal_adv_and_returns=0.0031             │env/compute_bootstrap_rewards=0.0018   │env/env/bootstrap_step=61.419         │
│env/env/send_rollout_trajectories=0.433│env/env_interact_step=150.2            │env/interact=221.5                    │
│env/run_interact_once=220.6            │generate_rollouts=221.6                │rollout/generate_one_epoch=220.1      │
│rollout/rollout/generate=220.1         │step=222.0                             │sync_weights=0.350                    │
│                                                                                                                      │
├──────────────────────────────────────────────────── Environment ─────────────────────────────────────────────────────┤
│                                                                                                                      │
│episode_len=200.0                      │num_trajectories=8                     │return=1.25                           │
│reward=0.00625                         │success_once=0.125                     │                                      │
│                                                                                                                      │
├─────────────────────────────────────────────────── Replay Buffer ────────────────────────────────────────────────────┤
│                                                                                                                      │
│cache_size=2381.0                      │num_trajectories=2381.0                │total_samples=2381.0                  │
│                                                                                                                      │
├─────────────────────────────────────────────────── Training/Other ───────────────────────────────────────────────────┤
│                                                                                                                      │
│replay/actor_switch_rate=0.0000        │replay/done_rate=0.053                 │replay/intervention_rate=0.0000       │
│replay/intervention_requested_rate=0.0…│replay/record_transition_rate=1.000    │replay/reward_mean=0.0066             │
│replay/reward_positive_rate=0.0066     │replay/transition_count=151.0          │rlt/actor_updates_run=0.0000          │
│rlt/critic_updates_run=0.0000          │rlt/desired_total_updates=0.0000       │rlt/global_min_replay_size=2381.0     │
│rlt/global_total_transitions_added=238…│rlt/global_transitions_since_train=238…│rlt/max_updates_per_train_step=1600.0 │
│rlt/min_replay_buffer_size=10000.0     │rlt/pending_update_budget=0.0000       │rlt/ready_for_online=0.0000           │
│rlt/should_train=0.0000                │rlt/skip_reason=1.000                  │rlt/train_every_episodes=0.0000       │
│rlt/train_every_transitions=1.000      │rlt/update_epoch=5.000                 │rlt/update_step=0.0000                │
│rlt/updates_scheduled=0.0000           │rlt/updates_to_run=0.0000              │rlt/warmup_required_updates=3.00e+04  │
│rlt_dvac/enabled=0.0000                │                                       │                                      │
│                                                                                                                      │
╰──────────────────────────────────────────────────────────────────────────────────────────────────────────────────────╯


╭──────────────────────────────────────────────────────────────────────────────────────────────────────────────────────╮
├──────────────────────────────────────────────────── Metric Table ────────────────────────────────────────────────────┤
│ Global Step:   17/480 │ Progress: █░░░░░░░░░░░░░░░░░░░░░░░░░░░░░░░░░░░░░░░ │   3.5%                                  │
│ Elapsed: 01:03:31 │ ETA: 28:49:56 │ Step Time: 224.183s                                                              │
├──────────────────────────────────────────────────────── Time ────────────────────────────────────────────────────────┤
│                                                                                                                      │
│actor/actor/compute_adv=2.06e-05       │actor/actor/recv_traj=216.8            │actor/actor/sync_model_to_rollout=0.0…│
│cal_adv_and_returns=0.0037             │env/compute_bootstrap_rewards=0.0018   │env/env/bootstrap_step=61.797         │
│env/env/send_rollout_trajectories=0.435│env/env_interact_step=145.2            │env/interact=216.7                    │
│env/run_interact_once=215.8            │generate_rollouts=216.9                │rollout/generate_one_epoch=215.3      │
│rollout/rollout/generate=215.3         │step=217.3                             │sync_weights=0.449                    │
│                                                                                                                      │
├──────────────────────────────────────────────────── Environment ─────────────────────────────────────────────────────┤
│                                                                                                                      │
│episode_len=200.0                      │num_trajectories=8                     │return=2.625                          │
│reward=0.0131250005                    │success_once=0.25                      │                                      │
│                                                                                                                      │
├─────────────────────────────────────────────────── Replay Buffer ────────────────────────────────────────────────────┤
│                                                                                                                      │
│cache_size=2522.0                      │num_trajectories=2522.0                │total_samples=2522.0                  │
│                                                                                                                      │
├─────────────────────────────────────────────────── Training/Other ───────────────────────────────────────────────────┤
│                                                                                                                      │
│replay/actor_switch_rate=0.0000        │replay/done_rate=0.057                 │replay/intervention_rate=0.0000       │
│replay/intervention_requested_rate=0.0…│replay/record_transition_rate=1.000    │replay/reward_mean=0.014              │
│replay/reward_positive_rate=0.014      │replay/transition_count=141.0          │rlt/actor_updates_run=0.0000          │
│rlt/critic_updates_run=0.0000          │rlt/desired_total_updates=0.0000       │rlt/global_min_replay_size=2522.0     │
│rlt/global_total_transitions_added=252…│rlt/global_transitions_since_train=252…│rlt/max_updates_per_train_step=1600.0 │
│rlt/min_replay_buffer_size=10000.0     │rlt/pending_update_budget=0.0000       │rlt/ready_for_online=0.0000           │
│rlt/should_train=0.0000                │rlt/skip_reason=1.000                  │rlt/train_every_episodes=0.0000       │
│rlt/train_every_transitions=1.000      │rlt/update_epoch=5.000                 │rlt/update_step=0.0000                │
│rlt/updates_scheduled=0.0000           │rlt/updates_to_run=0.0000              │rlt/warmup_required_updates=3.00e+04  │
│rlt_dvac/enabled=0.0000                │                                       │                                      │
│                                                                                                                      │
╰──────────────────────────────────────────────────────────────────────────────────────────────────────────────────────╯


╭──────────────────────────────────────────────────────────────────────────────────────────────────────────────────────╮
├──────────────────────────────────────────────────── Metric Table ────────────────────────────────────────────────────┤
│ Global Step:   18/480 │ Progress: █░░░░░░░░░░░░░░░░░░░░░░░░░░░░░░░░░░░░░░░ │   3.8%                                  │
│ Elapsed: 01:07:18 │ ETA: 28:47:36 │ Step Time: 224.364s                                                              │
├──────────────────────────────────────────────────────── Time ────────────────────────────────────────────────────────┤
│                                                                                                                      │
│actor/actor/compute_adv=2.34e-05       │actor/actor/recv_traj=227.0            │actor/actor/sync_model_to_rollout=0.0…│
│cal_adv_and_returns=0.0033             │env/compute_bootstrap_rewards=0.0019   │env/env/bootstrap_step=62.122         │
│env/env/send_rollout_trajectories=0.431│env/env_interact_step=155.4            │env/interact=226.9                    │
│env/run_interact_once=226.1            │generate_rollouts=227.0                │rollout/generate_one_epoch=225.7      │
│rollout/rollout/generate=225.7         │step=227.4                             │sync_weights=0.373                    │
│                                                                                                                      │
├──────────────────────────────────────────────────── Environment ─────────────────────────────────────────────────────┤
│                                                                                                                      │
│episode_len=200.0                      │num_trajectories=8                     │return=2.0                            │
│reward=0.01                            │success_once=0.25                      │                                      │
│                                                                                                                      │
├─────────────────────────────────────────────────── Replay Buffer ────────────────────────────────────────────────────┤
│                                                                                                                      │
│cache_size=2668.0                      │num_trajectories=2668.0                │total_samples=2668.0                  │
│                                                                                                                      │
├─────────────────────────────────────────────────── Training/Other ───────────────────────────────────────────────────┤
│                                                                                                                      │
│replay/actor_switch_rate=0.0000        │replay/done_rate=0.055                 │replay/intervention_rate=0.0000       │
│replay/intervention_requested_rate=0.0…│replay/record_transition_rate=1.000    │replay/reward_mean=0.014              │
│replay/reward_positive_rate=0.014      │replay/transition_count=146.0          │rlt/actor_updates_run=0.0000          │
│rlt/critic_updates_run=0.0000          │rlt/desired_total_updates=0.0000       │rlt/global_min_replay_size=2668.0     │
│rlt/global_total_transitions_added=266…│rlt/global_transitions_since_train=266…│rlt/max_updates_per_train_step=1600.0 │
│rlt/min_replay_buffer_size=10000.0     │rlt/pending_update_budget=0.0000       │rlt/ready_for_online=0.0000           │
│rlt/should_train=0.0000                │rlt/skip_reason=1.000                  │rlt/train_every_episodes=0.0000       │
│rlt/train_every_transitions=1.000      │rlt/update_epoch=5.000                 │rlt/update_step=0.0000                │
│rlt/updates_scheduled=0.0000           │rlt/updates_to_run=0.0000              │rlt/warmup_required_updates=3.00e+04  │
│rlt_dvac/enabled=0.0000                │                                       │                                      │
│                                                                                                                      │
╰──────────────────────────────────────────────────────────────────────────────────────────────────────────────────────╯


╭──────────────────────────────────────────────────────────────────────────────────────────────────────────────────────╮
├──────────────────────────────────────────────────── Metric Table ────────────────────────────────────────────────────┤
│ Global Step:   19/480 │ Progress: █░░░░░░░░░░░░░░░░░░░░░░░░░░░░░░░░░░░░░░░ │   4.0%                                  │
│ Elapsed: 01:11:04 │ ETA: 28:44:37 │ Step Time: 224.463s                                                              │
├──────────────────────────────────────────────────────── Time ────────────────────────────────────────────────────────┤
│                                                                                                                      │
│actor/actor/compute_adv=1.86e-05       │actor/actor/recv_traj=225.7            │actor/actor/sync_model_to_rollout=0.0…│
│cal_adv_and_returns=0.0037             │env/compute_bootstrap_rewards=0.0019   │env/env/bootstrap_step=61.402         │
│env/env/send_rollout_trajectories=0.463│env/env_interact_step=154.4            │env/interact=225.6                    │
│env/run_interact_once=224.7            │generate_rollouts=225.8                │rollout/generate_one_epoch=224.2      │
│rollout/rollout/generate=224.2         │step=226.2                             │sync_weights=0.444                    │
│                                                                                                                      │
├──────────────────────────────────────────────────── Environment ─────────────────────────────────────────────────────┤
│                                                                                                                      │
│episode_len=200.0                      │num_trajectories=8                     │return=1.375                          │
│reward=0.006875                        │success_once=0.125                     │                                      │
│                                                                                                                      │
├─────────────────────────────────────────────────── Replay Buffer ────────────────────────────────────────────────────┤
│                                                                                                                      │
│cache_size=2818.0                      │num_trajectories=2818.0                │total_samples=2818.0                  │
│                                                                                                                      │
├─────────────────────────────────────────────────── Training/Other ───────────────────────────────────────────────────┤
│                                                                                                                      │
│replay/actor_switch_rate=0.0000        │replay/done_rate=0.053                 │replay/intervention_rate=0.0000       │
│replay/intervention_requested_rate=0.0…│replay/record_transition_rate=1.000    │replay/reward_mean=0.0067             │
│replay/reward_positive_rate=0.0067     │replay/transition_count=150.0          │rlt/actor_updates_run=0.0000          │
│rlt/critic_updates_run=0.0000          │rlt/desired_total_updates=0.0000       │rlt/global_min_replay_size=2818.0     │
│rlt/global_total_transitions_added=281…│rlt/global_transitions_since_train=281…│rlt/max_updates_per_train_step=1600.0 │
│rlt/min_replay_buffer_size=10000.0     │rlt/pending_update_budget=0.0000       │rlt/ready_for_online=0.0000           │
│rlt/should_train=0.0000                │rlt/skip_reason=1.000                  │rlt/train_every_episodes=0.0000       │
│rlt/train_every_transitions=1.000      │rlt/update_epoch=5.000                 │rlt/update_step=0.0000                │
│rlt/updates_scheduled=0.0000           │rlt/updates_to_run=0.0000              │rlt/warmup_required_updates=3.00e+04  │
│rlt_dvac/enabled=0.0000                │                                       │                                      │
│                                                                                                                      │
╰──────────────────────────────────────────────────────────────────────────────────────────────────────────────────────╯


╭──────────────────────────────────────────────────────────────────────────────────────────────────────────────────────╮
├──────────────────────────────────────────────────── Metric Table ────────────────────────────────────────────────────┤
│ Global Step:   20/480 │ Progress: █░░░░░░░░░░░░░░░░░░░░░░░░░░░░░░░░░░░░░░░ │   4.2%                                  │
│ Elapsed: 01:14:43 │ ETA: 28:38:48 │ Step Time: 224.193s                                                              │
├──────────────────────────────────────────────────────── Time ────────────────────────────────────────────────────────┤
│                                                                                                                      │
│actor/actor/compute_adv=9.59e-06       │actor/actor/recv_traj=218.5            │actor/actor/sync_model_to_rollout=0.0…│
│cal_adv_and_returns=0.0029             │env/compute_bootstrap_rewards=0.0019   │env/env/bootstrap_step=60.891         │
│env/env/send_rollout_trajectories=0.450│env/env_interact_step=147.7            │env/interact=218.5                    │
│env/run_interact_once=217.6            │generate_rollouts=218.6                │rollout/generate_one_epoch=217.2      │
│rollout/rollout/generate=217.2         │step=219.1                             │sync_weights=0.468                    │
│                                                                                                                      │
├──────────────────────────────────────────────────── Environment ─────────────────────────────────────────────────────┤
│                                                                                                                      │
│episode_len=200.0                      │num_trajectories=8                     │return=2.5                            │
│reward=0.0125                          │success_once=0.25                      │                                      │
│                                                                                                                      │
├─────────────────────────────────────────────────── Replay Buffer ────────────────────────────────────────────────────┤
│                                                                                                                      │
│cache_size=2960.0                      │num_trajectories=2960.0                │total_samples=2960.0                  │
│                                                                                                                      │
├─────────────────────────────────────────────────── Training/Other ───────────────────────────────────────────────────┤
│                                                                                                                      │
│replay/actor_switch_rate=0.0000        │replay/done_rate=0.056                 │replay/intervention_rate=0.0000       │
│replay/intervention_requested_rate=0.0…│replay/record_transition_rate=1.000    │replay/reward_mean=0.014              │
│replay/reward_positive_rate=0.014      │replay/transition_count=142.0          │rlt/actor_updates_run=0.0000          │
│rlt/critic_updates_run=0.0000          │rlt/desired_total_updates=0.0000       │rlt/global_min_replay_size=2960.0     │
│rlt/global_total_transitions_added=296…│rlt/global_transitions_since_train=296…│rlt/max_updates_per_train_step=1600.0 │
│rlt/min_replay_buffer_size=10000.0     │rlt/pending_update_budget=0.0000       │rlt/ready_for_online=0.0000           │
│rlt/should_train=0.0000                │rlt/skip_reason=1.000                  │rlt/train_every_episodes=0.0000       │
│rlt/train_every_transitions=1.000      │rlt/update_epoch=5.000                 │rlt/update_step=0.0000                │
│rlt/updates_scheduled=0.0000           │rlt/updates_to_run=0.0000              │rlt/warmup_required_updates=3.00e+04  │
│rlt_dvac/enabled=0.0000                │                                       │                                      │
│                                                                                                                      │
╰──────────────────────────────────────────────────────────────────────────────────────────────────────────────────────╯


╭──────────────────────────────────────────────────────────────────────────────────────────────────────────────────────╮
├──────────────────────────────────────────────────── Metric Table ────────────────────────────────────────────────────┤
│ Global Step:   21/480 │ Progress: █░░░░░░░░░░░░░░░░░░░░░░░░░░░░░░░░░░░░░░░ │   4.4%                                  │
│ Elapsed: 01:18:29 │ ETA: 28:35:41 │ Step Time: 224.273s                                                              │
├──────────────────────────────────────────────────────── Time ────────────────────────────────────────────────────────┤
│                                                                                                                      │
│actor/actor/compute_adv=2.54e-05       │actor/actor/recv_traj=225.4            │actor/actor/sync_model_to_rollout=0.0…│
│cal_adv_and_returns=0.0032             │env/compute_bootstrap_rewards=0.0018   │env/env/bootstrap_step=61.140         │
│env/env/send_rollout_trajectories=0.436│env/env_interact_step=154.4            │env/interact=225.3                    │
│env/run_interact_once=224.4            │generate_rollouts=225.4                │rollout/generate_one_epoch=224.0      │
│rollout/rollout/generate=224.0         │step=225.9                             │sync_weights=0.406                    │
│                                                                                                                      │
├──────────────────────────────────────────────────── Environment ─────────────────────────────────────────────────────┤
│                                                                                                                      │
│episode_len=200.0                      │num_trajectories=8                     │return=1.125                          │
│reward=0.005625                        │success_once=0.125                     │                                      │
│                                                                                                                      │
├─────────────────────────────────────────────────── Replay Buffer ────────────────────────────────────────────────────┤
│                                                                                                                      │
│cache_size=3112.0                      │num_trajectories=3112.0                │total_samples=3112.0                  │
│                                                                                                                      │
├─────────────────────────────────────────────────── Training/Other ───────────────────────────────────────────────────┤
│                                                                                                                      │
│replay/actor_switch_rate=0.0000        │replay/done_rate=0.053                 │replay/intervention_rate=0.0000       │
│replay/intervention_requested_rate=0.0…│replay/record_transition_rate=1.000    │replay/reward_mean=0.0066             │
│replay/reward_positive_rate=0.0066     │replay/transition_count=152.0          │rlt/actor_updates_run=0.0000          │
│rlt/critic_updates_run=0.0000          │rlt/desired_total_updates=0.0000       │rlt/global_min_replay_size=3112.0     │
│rlt/global_total_transitions_added=311…│rlt/global_transitions_since_train=311…│rlt/max_updates_per_train_step=1600.0 │
│rlt/min_replay_buffer_size=10000.0     │rlt/pending_update_budget=0.0000       │rlt/ready_for_online=0.0000           │
│rlt/should_train=0.0000                │rlt/skip_reason=1.000                  │rlt/train_every_episodes=0.0000       │
│rlt/train_every_transitions=1.000      │rlt/update_epoch=5.000                 │rlt/update_step=0.0000                │
│rlt/updates_scheduled=0.0000           │rlt/updates_to_run=0.0000              │rlt/warmup_required_updates=3.00e+04  │
│rlt_dvac/enabled=0.0000                │                                       │                                      │
│                                                                                                                      │
╰──────────────────────────────────────────────────────────────────────────────────────────────────────────────────────╯


╭──────────────────────────────────────────────────────────────────────────────────────────────────────────────────────╮
├──────────────────────────────────────────────────── Metric Table ────────────────────────────────────────────────────┤
│ Global Step:   22/480 │ Progress: █░░░░░░░░░░░░░░░░░░░░░░░░░░░░░░░░░░░░░░░ │   4.6%                                  │
│ Elapsed: 01:22:11 │ ETA: 28:31:08 │ Step Time: 224.168s                                                              │
├──────────────────────────────────────────────────────── Time ────────────────────────────────────────────────────────┤
│                                                                                                                      │
│actor/actor/compute_adv=2.25e-05       │actor/actor/recv_traj=221.4            │actor/actor/sync_model_to_rollout=0.0…│
│cal_adv_and_returns=0.0026             │env/compute_bootstrap_rewards=0.0017   │env/env/bootstrap_step=62.221         │
│env/env/send_rollout_trajectories=0.441│env/env_interact_step=149.4            │env/interact=221.3                    │
│env/run_interact_once=220.4            │generate_rollouts=221.5                │rollout/generate_one_epoch=219.9      │
│rollout/rollout/generate=219.9         │step=221.9                             │sync_weights=0.462                    │
│                                                                                                                      │
├──────────────────────────────────────────────────── Environment ─────────────────────────────────────────────────────┤
│                                                                                                                      │
│episode_len=200.0                      │num_trajectories=8                     │return=2.25                           │
│reward=0.01125                         │success_once=0.25                      │                                      │
│                                                                                                                      │
├─────────────────────────────────────────────────── Replay Buffer ────────────────────────────────────────────────────┤
│                                                                                                                      │
│cache_size=3256.0                      │num_trajectories=3256.0                │total_samples=3256.0                  │
│                                                                                                                      │
├─────────────────────────────────────────────────── Training/Other ───────────────────────────────────────────────────┤
│                                                                                                                      │
│replay/actor_switch_rate=0.0000        │replay/done_rate=0.056                 │replay/intervention_rate=0.0000       │
│replay/intervention_requested_rate=0.0…│replay/record_transition_rate=1.000    │replay/reward_mean=0.014              │
│replay/reward_positive_rate=0.014      │replay/transition_count=144.0          │rlt/actor_updates_run=0.0000          │
│rlt/critic_updates_run=0.0000          │rlt/desired_total_updates=0.0000       │rlt/global_min_replay_size=3256.0     │
│rlt/global_total_transitions_added=325…│rlt/global_transitions_since_train=325…│rlt/max_updates_per_train_step=1600.0 │
│rlt/min_replay_buffer_size=10000.0     │rlt/pending_update_budget=0.0000       │rlt/ready_for_online=0.0000           │
│rlt/should_train=0.0000                │rlt/skip_reason=1.000                  │rlt/train_every_episodes=0.0000       │
│rlt/train_every_transitions=1.000      │rlt/update_epoch=5.000                 │rlt/update_step=0.0000                │
│rlt/updates_scheduled=0.0000           │rlt/updates_to_run=0.0000              │rlt/warmup_required_updates=3.00e+04  │
│rlt_dvac/enabled=0.0000                │                                       │                                      │
│                                                                                                                      │
╰──────────────────────────────────────────────────────────────────────────────────────────────────────────────────────╯


╭──────────────────────────────────────────────────────────────────────────────────────────────────────────────────────╮
├──────────────────────────────────────────────────── Metric Table ────────────────────────────────────────────────────┤
│ Global Step:   23/480 │ Progress: █░░░░░░░░░░░░░░░░░░░░░░░░░░░░░░░░░░░░░░░ │   4.8%                                  │
│ Elapsed: 01:25:51 │ ETA: 28:25:50 │ Step Time: 223.962s                                                              │
├──────────────────────────────────────────────────────── Time ────────────────────────────────────────────────────────┤
│                                                                                                                      │
│actor/actor/compute_adv=1.33e-05       │actor/actor/recv_traj=218.9            │actor/actor/sync_model_to_rollout=0.0…│
│cal_adv_and_returns=0.0029             │env/compute_bootstrap_rewards=0.0018   │env/env/bootstrap_step=61.451         │
│env/env/send_rollout_trajectories=0.444│env/env_interact_step=147.6            │env/interact=218.8                    │
│env/run_interact_once=218.1            │generate_rollouts=218.9                │rollout/generate_one_epoch=217.6      │
│rollout/rollout/generate=217.6         │step=219.4                             │sync_weights=0.469                    │
│                                                                                                                      │
├──────────────────────────────────────────────────── Environment ─────────────────────────────────────────────────────┤
│                                                                                                                      │
│episode_len=200.0                      │num_trajectories=8                     │return=2.25                           │
│reward=0.01125                         │success_once=0.25                      │                                      │
│                                                                                                                      │
├─────────────────────────────────────────────────── Replay Buffer ────────────────────────────────────────────────────┤
│                                                                                                                      │
│cache_size=3400.0                      │num_trajectories=3400.0                │total_samples=3400.0                  │
│                                                                                                                      │
├─────────────────────────────────────────────────── Training/Other ───────────────────────────────────────────────────┤
│                                                                                                                      │
│replay/actor_switch_rate=0.0000        │replay/done_rate=0.056                 │replay/intervention_rate=0.0000       │
│replay/intervention_requested_rate=0.0…│replay/record_transition_rate=1.000    │replay/reward_mean=0.014              │
│replay/reward_positive_rate=0.014      │replay/transition_count=144.0          │rlt/actor_updates_run=0.0000          │
│rlt/critic_updates_run=0.0000          │rlt/desired_total_updates=0.0000       │rlt/global_min_replay_size=3400.0     │
│rlt/global_total_transitions_added=340…│rlt/global_transitions_since_train=340…│rlt/max_updates_per_train_step=1600.0 │
│rlt/min_replay_buffer_size=10000.0     │rlt/pending_update_budget=0.0000       │rlt/ready_for_online=0.0000           │
│rlt/should_train=0.0000                │rlt/skip_reason=1.000                  │rlt/train_every_episodes=0.0000       │
│rlt/train_every_transitions=1.000      │rlt/update_epoch=5.000                 │rlt/update_step=0.0000                │
│rlt/updates_scheduled=0.0000           │rlt/updates_to_run=0.0000              │rlt/warmup_required_updates=3.00e+04  │
│rlt_dvac/enabled=0.0000                │                                       │                                      │
│                                                                                                                      │
╰──────────────────────────────────────────────────────────────────────────────────────────────────────────────────────╯


╭──────────────────────────────────────────────────────────────────────────────────────────────────────────────────────╮
├──────────────────────────────────────────────────── Metric Table ────────────────────────────────────────────────────┤
│ Global Step:   24/480 │ Progress: ██░░░░░░░░░░░░░░░░░░░░░░░░░░░░░░░░░░░░░░ │   5.0%                                  │
│ Elapsed: 01:29:35 │ ETA: 28:22:15 │ Step Time: 223.981s                                                              │
├──────────────────────────────────────────────────────── Time ────────────────────────────────────────────────────────┤
│                                                                                                                      │
│actor/actor/compute_adv=1.15e-05       │actor/actor/recv_traj=223.9            │actor/actor/sync_model_to_rollout=0.0…│
│cal_adv_and_returns=0.0026             │env/compute_bootstrap_rewards=0.0018   │env/env/bootstrap_step=62.334         │
│env/env/send_rollout_trajectories=0.439│env/env_interact_step=151.7            │env/interact=223.8                    │
│env/run_interact_once=223.1            │generate_rollouts=224.0                │rollout/generate_one_epoch=222.6      │
│rollout/rollout/generate=222.6         │step=224.4                             │sync_weights=0.422                    │
│                                                                                                                      │
├──────────────────────────────────────────────────── Environment ─────────────────────────────────────────────────────┤
│                                                                                                                      │
│episode_len=200.0                      │num_trajectories=8                     │return=1.25                           │
│reward=0.00625                         │success_once=0.125                     │                                      │
│                                                                                                                      │
├─────────────────────────────────────────────────── Replay Buffer ────────────────────────────────────────────────────┤
│                                                                                                                      │
│cache_size=3551.0                      │num_trajectories=3551.0                │total_samples=3551.0                  │
│                                                                                                                      │
├─────────────────────────────────────────────────── Training/Other ───────────────────────────────────────────────────┤
│                                                                                                                      │
│replay/actor_switch_rate=0.0000        │replay/done_rate=0.053                 │replay/intervention_rate=0.0000       │
│replay/intervention_requested_rate=0.0…│replay/record_transition_rate=1.000    │replay/reward_mean=0.0066             │
│replay/reward_positive_rate=0.0066     │replay/transition_count=151.0          │rlt/actor_updates_run=0.0000          │
│rlt/critic_updates_run=0.0000          │rlt/desired_total_updates=0.0000       │rlt/global_min_replay_size=3551.0     │
│rlt/global_total_transitions_added=355…│rlt/global_transitions_since_train=355…│rlt/max_updates_per_train_step=1600.0 │
│rlt/min_replay_buffer_size=10000.0     │rlt/pending_update_budget=0.0000       │rlt/ready_for_online=0.0000           │
│rlt/should_train=0.0000                │rlt/skip_reason=1.000                  │rlt/train_every_episodes=0.0000       │
│rlt/train_every_transitions=1.000      │rlt/update_epoch=5.000                 │rlt/update_step=0.0000                │
│rlt/updates_scheduled=0.0000           │rlt/updates_to_run=0.0000              │rlt/warmup_required_updates=3.00e+04  │
│rlt_dvac/enabled=0.0000                │                                       │                                      │
│                                                                                                                      │
╰──────────────────────────────────────────────────────────────────────────────────────────────────────────────────────╯


╭──────────────────────────────────────────────────────────────────────────────────────────────────────────────────────╮
├──────────────────────────────────────────────────── Metric Table ────────────────────────────────────────────────────┤
│ Global Step:   25/480 │ Progress: ██░░░░░░░░░░░░░░░░░░░░░░░░░░░░░░░░░░░░░░ │   5.2%                                  │
│ Elapsed: 01:42:27 │ ETA: 31:04:36 │ Step Time: 245.881s                                                              │
├──────────────────────────────────────────────────────── Time ────────────────────────────────────────────────────────┤
│                                                                                                                      │
│actor/actor/compute_adv=1.10e-05       │actor/actor/recv_traj=231.2            │actor/actor/sync_model_to_rollout=0.0…│
│cal_adv_and_returns=0.0027             │env/compute_bootstrap_rewards=0.0018   │env/env/bootstrap_step=62.001         │
│env/env/send_rollout_trajectories=0.442│env/env_interact_step=159.5            │env/interact=231.1                    │
│env/run_interact_once=230.3            │eval=528.6                             │generate_rollouts=231.2               │
│rollout/generate_one_epoch=229.8       │rollout/rollout/generate=229.8         │step=771.5                            │
│sync_weights=0.534                     │                                       │                                      │
│                                                                                                                      │
├──────────────────────────────────────────────────── Environment ─────────────────────────────────────────────────────┤
│                                                                                                                      │
│episode_len=200.0                      │num_trajectories=8                     │return=0.0                            │
│reward=0.0                             │success_once=0.0                       │                                      │
│                                                                                                                      │
├───────────────────────────────────────────────────── Evaluation ─────────────────────────────────────────────────────┤
│                                                                                                                      │
│episode_len=200.0                      │num_trajectories=20                    │return=0.0                            │
│reward=0.0                             │success_at_end=0.0                     │success_once=0.0                      │
│                                                                                                                      │
├─────────────────────────────────────────────────── Replay Buffer ────────────────────────────────────────────────────┤
│                                                                                                                      │
│cache_size=3711.0                      │num_trajectories=3711.0                │total_samples=3711.0                  │
│                                                                                                                      │
├─────────────────────────────────────────────────── Training/Other ───────────────────────────────────────────────────┤
│                                                                                                                      │
│replay/actor_switch_rate=0.0000        │replay/done_rate=0.050                 │replay/intervention_rate=0.0000       │
│replay/intervention_requested_rate=0.0…│replay/record_transition_rate=1.000    │replay/reward_mean=0.0000             │
│replay/reward_positive_rate=0.0000     │replay/transition_count=160.0          │rlt/actor_updates_run=0.0000          │
│rlt/critic_updates_run=0.0000          │rlt/desired_total_updates=0.0000       │rlt/global_min_replay_size=3711.0     │
│rlt/global_total_transitions_added=371…│rlt/global_transitions_since_train=371…│rlt/max_updates_per_train_step=1600.0 │
│rlt/min_replay_buffer_size=10000.0     │rlt/pending_update_budget=0.0000       │rlt/ready_for_online=0.0000           │
│rlt/should_train=0.0000                │rlt/skip_reason=1.000                  │rlt/train_every_episodes=0.0000       │
│rlt/train_every_transitions=1.000      │rlt/update_epoch=5.000                 │rlt/update_step=0.0000                │
│rlt/updates_scheduled=0.0000           │rlt/updates_to_run=0.0000              │rlt/warmup_required_updates=3.00e+04  │
│rlt_dvac/enabled=0.0000                │                                       │                                      │
│                                                                                                                      │
╰──────────────────────────────────────────────────────────────────────────────────────────────────────────────────────╯


╭──────────────────────────────────────────────────────────────────────────────────────────────────────────────────────╮
├──────────────────────────────────────────────────── Metric Table ────────────────────────────────────────────────────┤
│ Global Step:   26/480 │ Progress: ██░░░░░░░░░░░░░░░░░░░░░░░░░░░░░░░░░░░░░░ │   5.4%                                  │
│ Elapsed: 01:46:16 │ ETA: 30:55:41 │ Step Time: 245.245s                                                              │
├──────────────────────────────────────────────────────── Time ────────────────────────────────────────────────────────┤
│                                                                                                                      │
│actor/actor/compute_adv=2.68e-05       │actor/actor/recv_traj=228.8            │actor/actor/sync_model_to_rollout=0.0…│
│cal_adv_and_returns=0.0036             │env/compute_bootstrap_rewards=0.0019   │env/env/bootstrap_step=60.572         │
│env/env/send_rollout_trajectories=0.453│env/env_interact_step=158.5            │env/interact=228.7                    │
│env/run_interact_once=228.1            │generate_rollouts=228.8                │rollout/generate_one_epoch=227.6      │
│rollout/rollout/generate=227.6         │step=229.3                             │sync_weights=0.483                    │
│                                                                                                                      │
├──────────────────────────────────────────────────── Environment ─────────────────────────────────────────────────────┤
│                                                                                                                      │
│episode_len=200.0                      │num_trajectories=8                     │return=1.125                          │
│reward=0.005625                        │success_once=0.125                     │                                      │
│                                                                                                                      │
├─────────────────────────────────────────────────── Replay Buffer ────────────────────────────────────────────────────┤
│                                                                                                                      │
│cache_size=3863.0                      │num_trajectories=3863.0                │total_samples=3863.0                  │
│                                                                                                                      │
├─────────────────────────────────────────────────── Training/Other ───────────────────────────────────────────────────┤
│                                                                                                                      │
│replay/actor_switch_rate=0.0000        │replay/done_rate=0.053                 │replay/intervention_rate=0.0000       │
│replay/intervention_requested_rate=0.0…│replay/record_transition_rate=1.000    │replay/reward_mean=0.0066             │
│replay/reward_positive_rate=0.0066     │replay/transition_count=152.0          │rlt/actor_updates_run=0.0000          │
│rlt/critic_updates_run=0.0000          │rlt/desired_total_updates=0.0000       │rlt/global_min_replay_size=3863.0     │
│rlt/global_total_transitions_added=386…│rlt/global_transitions_since_train=386…│rlt/max_updates_per_train_step=1600.0 │
│rlt/min_replay_buffer_size=10000.0     │rlt/pending_update_budget=0.0000       │rlt/ready_for_online=0.0000           │
│rlt/should_train=0.0000                │rlt/skip_reason=1.000                  │rlt/train_every_episodes=0.0000       │
│rlt/train_every_transitions=1.000      │rlt/update_epoch=5.000                 │rlt/update_step=0.0000                │
│rlt/updates_scheduled=0.0000           │rlt/updates_to_run=0.0000              │rlt/warmup_required_updates=3.00e+04  │
│rlt_dvac/enabled=0.0000                │                                       │                                      │
│                                                                                                                      │
╰──────────────────────────────────────────────────────────────────────────────────────────────────────────────────────╯


╭──────────────────────────────────────────────────────────────────────────────────────────────────────────────────────╮
├──────────────────────────────────────────────────── Metric Table ────────────────────────────────────────────────────┤
│ Global Step:   27/480 │ Progress: ██░░░░░░░░░░░░░░░░░░░░░░░░░░░░░░░░░░░░░░ │   5.6%                                  │
│ Elapsed: 01:49:59 │ ETA: 30:45:18 │ Step Time: 244.411s                                                              │
├──────────────────────────────────────────────────────── Time ────────────────────────────────────────────────────────┤
│                                                                                                                      │
│actor/actor/compute_adv=9.40e-06       │actor/actor/recv_traj=222.2            │actor/actor/sync_model_to_rollout=0.0…│
│cal_adv_and_returns=0.0029             │env/compute_bootstrap_rewards=0.0017   │env/env/bootstrap_step=60.530         │
│env/env/send_rollout_trajectories=0.439│env/env_interact_step=152.1            │env/interact=222.1                    │
│env/run_interact_once=221.6            │generate_rollouts=222.3                │rollout/generate_one_epoch=221.1      │
│rollout/rollout/generate=221.1         │step=222.7                             │sync_weights=0.428                    │
│                                                                                                                      │
├──────────────────────────────────────────────────── Environment ─────────────────────────────────────────────────────┤
│                                                                                                                      │
│episode_len=200.0                      │num_trajectories=8                     │return=1.25                           │
│reward=0.00625                         │success_once=0.125                     │                                      │
│                                                                                                                      │
├─────────────────────────────────────────────────── Replay Buffer ────────────────────────────────────────────────────┤
│                                                                                                                      │
│cache_size=4014.0                      │num_trajectories=4014.0                │total_samples=4014.0                  │
│                                                                                                                      │
├─────────────────────────────────────────────────── Training/Other ───────────────────────────────────────────────────┤
│                                                                                                                      │
│replay/actor_switch_rate=0.0000        │replay/done_rate=0.053                 │replay/intervention_rate=0.0000       │
│replay/intervention_requested_rate=0.0…│replay/record_transition_rate=1.000    │replay/reward_mean=0.0066             │
│replay/reward_positive_rate=0.0066     │replay/transition_count=151.0          │rlt/actor_updates_run=0.0000          │
│rlt/critic_updates_run=0.0000          │rlt/desired_total_updates=0.0000       │rlt/global_min_replay_size=4014.0     │
│rlt/global_total_transitions_added=401…│rlt/global_transitions_since_train=401…│rlt/max_updates_per_train_step=1600.0 │
│rlt/min_replay_buffer_size=10000.0     │rlt/pending_update_budget=0.0000       │rlt/ready_for_online=0.0000           │
│rlt/should_train=0.0000                │rlt/skip_reason=1.000                  │rlt/train_every_episodes=0.0000       │
│rlt/train_every_transitions=1.000      │rlt/update_epoch=5.000                 │rlt/update_step=0.0000                │
│rlt/updates_scheduled=0.0000           │rlt/updates_to_run=0.0000              │rlt/warmup_required_updates=3.00e+04  │
│rlt_dvac/enabled=0.0000                │                                       │                                      │
│                                                                                                                      │
╰──────────────────────────────────────────────────────────────────────────────────────────────────────────────────────╯


╭──────────────────────────────────────────────────────────────────────────────────────────────────────────────────────╮
├──────────────────────────────────────────────────── Metric Table ────────────────────────────────────────────────────┤
│ Global Step:   28/480 │ Progress: ██░░░░░░░░░░░░░░░░░░░░░░░░░░░░░░░░░░░░░░ │   5.8%                                  │
│ Elapsed: 01:53:42 │ ETA: 30:35:40 │ Step Time: 243.674s                                                              │
├──────────────────────────────────────────────────────── Time ────────────────────────────────────────────────────────┤
│                                                                                                                      │
│actor/actor/compute_adv=2.93e-05       │actor/actor/recv_traj=223.3            │actor/actor/sync_model_to_rollout=0.0…│
│cal_adv_and_returns=0.0033             │env/compute_bootstrap_rewards=0.0020   │env/env/bootstrap_step=59.936         │
│env/env/send_rollout_trajectories=0.450│env/env_interact_step=153.9            │env/interact=223.2                    │
│env/run_interact_once=222.6            │generate_rollouts=223.3                │rollout/generate_one_epoch=222.1      │
│rollout/rollout/generate=222.1         │step=223.8                             │sync_weights=0.421                    │
│                                                                                                                      │
├──────────────────────────────────────────────────── Environment ─────────────────────────────────────────────────────┤
│                                                                                                                      │
│episode_len=200.0                      │num_trajectories=8                     │return=0.0                            │
│reward=0.0                             │success_once=0.0                       │                                      │
│                                                                                                                      │
├─────────────────────────────────────────────────── Replay Buffer ────────────────────────────────────────────────────┤
│                                                                                                                      │
│cache_size=4174.0                      │num_trajectories=4174.0                │total_samples=4174.0                  │
│                                                                                                                      │
├─────────────────────────────────────────────────── Training/Other ───────────────────────────────────────────────────┤
│                                                                                                                      │
│replay/actor_switch_rate=0.0000        │replay/done_rate=0.050                 │replay/intervention_rate=0.0000       │
│replay/intervention_requested_rate=0.0…│replay/record_transition_rate=1.000    │replay/reward_mean=0.0000             │
│replay/reward_positive_rate=0.0000     │replay/transition_count=160.0          │rlt/actor_updates_run=0.0000          │
│rlt/critic_updates_run=0.0000          │rlt/desired_total_updates=0.0000       │rlt/global_min_replay_size=4174.0     │
│rlt/global_total_transitions_added=417…│rlt/global_transitions_since_train=417…│rlt/max_updates_per_train_step=1600.0 │
│rlt/min_replay_buffer_size=10000.0     │rlt/pending_update_budget=0.0000       │rlt/ready_for_online=0.0000           │
│rlt/should_train=0.0000                │rlt/skip_reason=1.000                  │rlt/train_every_episodes=0.0000       │
│rlt/train_every_transitions=1.000      │rlt/update_epoch=5.000                 │rlt/update_step=0.0000                │
│rlt/updates_scheduled=0.0000           │rlt/updates_to_run=0.0000              │rlt/warmup_required_updates=3.00e+04  │
│rlt_dvac/enabled=0.0000                │                                       │                                      │
│                                                                                                                      │
╰──────────────────────────────────────────────────────────────────────────────────────────────────────────────────────╯


╭──────────────────────────────────────────────────────────────────────────────────────────────────────────────────────╮
├──────────────────────────────────────────────────── Metric Table ────────────────────────────────────────────────────┤
│ Global Step:   29/480 │ Progress: ██░░░░░░░░░░░░░░░░░░░░░░░░░░░░░░░░░░░░░░ │   6.0%                                  │
│ Elapsed: 01:57:27 │ ETA: 30:26:46 │ Step Time: 243.029s                                                              │
├──────────────────────────────────────────────────────── Time ────────────────────────────────────────────────────────┤
│                                                                                                                      │
│actor/actor/compute_adv=2.38e-05       │actor/actor/recv_traj=224.5            │actor/actor/sync_model_to_rollout=0.0…│
│cal_adv_and_returns=0.0026             │env/compute_bootstrap_rewards=0.0017   │env/env/bootstrap_step=59.560         │
│env/env/send_rollout_trajectories=0.439│env/env_interact_step=155.5            │env/interact=224.4                    │
│env/run_interact_once=223.9            │generate_rollouts=224.5                │rollout/generate_one_epoch=223.4      │
│rollout/rollout/generate=223.4         │step=224.9                             │sync_weights=0.400                    │
│                                                                                                                      │
├──────────────────────────────────────────────────── Environment ─────────────────────────────────────────────────────┤
│                                                                                                                      │
│episode_len=200.0                      │num_trajectories=8                     │return=1.125                          │
│reward=0.005625                        │success_once=0.125                     │                                      │
│                                                                                                                      │
├─────────────────────────────────────────────────── Replay Buffer ────────────────────────────────────────────────────┤
│                                                                                                                      │
│cache_size=4326.0                      │num_trajectories=4326.0                │total_samples=4326.0                  │
│                                                                                                                      │
├─────────────────────────────────────────────────── Training/Other ───────────────────────────────────────────────────┤
│                                                                                                                      │
│replay/actor_switch_rate=0.0000        │replay/done_rate=0.053                 │replay/intervention_rate=0.0000       │
│replay/intervention_requested_rate=0.0…│replay/record_transition_rate=1.000    │replay/reward_mean=0.0066             │
│replay/reward_positive_rate=0.0066     │replay/transition_count=152.0          │rlt/actor_updates_run=0.0000          │
│rlt/critic_updates_run=0.0000          │rlt/desired_total_updates=0.0000       │rlt/global_min_replay_size=4326.0     │
│rlt/global_total_transitions_added=432…│rlt/global_transitions_since_train=432…│rlt/max_updates_per_train_step=1600.0 │
│rlt/min_replay_buffer_size=10000.0     │rlt/pending_update_budget=0.0000       │rlt/ready_for_online=0.0000           │
│rlt/should_train=0.0000                │rlt/skip_reason=1.000                  │rlt/train_every_episodes=0.0000       │
│rlt/train_every_transitions=1.000      │rlt/update_epoch=5.000                 │rlt/update_step=0.0000                │
│rlt/updates_scheduled=0.0000           │rlt/updates_to_run=0.0000              │rlt/warmup_required_updates=3.00e+04  │
│rlt_dvac/enabled=0.0000                │                                       │                                      │
│                                                                                                                      │
╰──────────────────────────────────────────────────────────────────────────────────────────────────────────────────────╯


╭──────────────────────────────────────────────────────────────────────────────────────────────────────────────────────╮
├──────────────────────────────────────────────────── Metric Table ────────────────────────────────────────────────────┤
│ Global Step:   30/480 │ Progress: ██░░░░░░░░░░░░░░░░░░░░░░░░░░░░░░░░░░░░░░ │   6.2%                                  │
│ Elapsed: 02:01:03 │ ETA: 30:15:59 │ Step Time: 242.133s                                                              │
├──────────────────────────────────────────────────────── Time ────────────────────────────────────────────────────────┤
│                                                                                                                      │
│actor/actor/compute_adv=1.38e-05       │actor/actor/recv_traj=215.8            │actor/actor/sync_model_to_rollout=0.0…│
│cal_adv_and_returns=0.0027             │env/compute_bootstrap_rewards=0.0017   │env/env/bootstrap_step=58.233         │
│env/env/send_rollout_trajectories=0.445│env/env_interact_step=148.1            │env/interact=215.7                    │
│env/run_interact_once=215.2            │generate_rollouts=215.8                │rollout/generate_one_epoch=214.7      │
│rollout/rollout/generate=214.7         │step=216.1                             │sync_weights=0.349                    │
│                                                                                                                      │
├──────────────────────────────────────────────────── Environment ─────────────────────────────────────────────────────┤
│                                                                                                                      │
│episode_len=200.0                      │num_trajectories=8                     │return=2.25                           │
│reward=0.01125                         │success_once=0.25                      │                                      │
│                                                                                                                      │
├─────────────────────────────────────────────────── Replay Buffer ────────────────────────────────────────────────────┤
│                                                                                                                      │
│cache_size=4470.0                      │num_trajectories=4470.0                │total_samples=4470.0                  │
│                                                                                                                      │
├─────────────────────────────────────────────────── Training/Other ───────────────────────────────────────────────────┤
│                                                                                                                      │
│replay/actor_switch_rate=0.0000        │replay/done_rate=0.056                 │replay/intervention_rate=0.0000       │
│replay/intervention_requested_rate=0.0…│replay/record_transition_rate=1.000    │replay/reward_mean=0.014              │
│replay/reward_positive_rate=0.014      │replay/transition_count=144.0          │rlt/actor_updates_run=0.0000          │
│rlt/critic_updates_run=0.0000          │rlt/desired_total_updates=0.0000       │rlt/global_min_replay_size=4470.0     │
│rlt/global_total_transitions_added=447…│rlt/global_transitions_since_train=447…│rlt/max_updates_per_train_step=1600.0 │
│rlt/min_replay_buffer_size=10000.0     │rlt/pending_update_budget=0.0000       │rlt/ready_for_online=0.0000           │
│rlt/should_train=0.0000                │rlt/skip_reason=1.000                  │rlt/train_every_episodes=0.0000       │
│rlt/train_every_transitions=1.000      │rlt/update_epoch=5.000                 │rlt/update_step=0.0000                │
│rlt/updates_scheduled=0.0000           │rlt/updates_to_run=0.0000              │rlt/warmup_required_updates=3.00e+04  │
│rlt_dvac/enabled=0.0000                │                                       │                                      │
│                                                                                                                      │
╰──────────────────────────────────────────────────────────────────────────────────────────────────────────────────────╯


╭──────────────────────────────────────────────────────────────────────────────────────────────────────────────────────╮
├──────────────────────────────────────────────────── Metric Table ────────────────────────────────────────────────────┤
│ Global Step:   31/480 │ Progress: ██░░░░░░░░░░░░░░░░░░░░░░░░░░░░░░░░░░░░░░ │   6.5%                                  │
│ Elapsed: 02:04:47 │ ETA: 30:07:27 │ Step Time: 241.532s                                                              │
├──────────────────────────────────────────────────────── Time ────────────────────────────────────────────────────────┤
│                                                                                                                      │
│actor/actor/compute_adv=2.45e-05       │actor/actor/recv_traj=223.0            │actor/actor/sync_model_to_rollout=0.0…│
│cal_adv_and_returns=0.0027             │env/compute_bootstrap_rewards=0.0018   │env/env/bootstrap_step=60.615         │
│env/env/send_rollout_trajectories=0.442│env/env_interact_step=152.8            │env/interact=222.9                    │
│env/run_interact_once=222.3            │generate_rollouts=223.0                │rollout/generate_one_epoch=221.9      │
│rollout/rollout/generate=221.9         │step=223.5                             │sync_weights=0.455                    │
│                                                                                                                      │
├──────────────────────────────────────────────────── Environment ─────────────────────────────────────────────────────┤
│                                                                                                                      │
│episode_len=200.0                      │num_trajectories=8                     │return=1.375                          │
│reward=0.006875                        │success_once=0.125                     │                                      │
│                                                                                                                      │
├─────────────────────────────────────────────────── Replay Buffer ────────────────────────────────────────────────────┤
│                                                                                                                      │
│cache_size=4620.0                      │num_trajectories=4620.0                │total_samples=4620.0                  │
│                                                                                                                      │
├─────────────────────────────────────────────────── Training/Other ───────────────────────────────────────────────────┤
│                                                                                                                      │
│replay/actor_switch_rate=0.0000        │replay/done_rate=0.053                 │replay/intervention_rate=0.0000       │
│replay/intervention_requested_rate=0.0…│replay/record_transition_rate=1.000    │replay/reward_mean=0.0067             │
│replay/reward_positive_rate=0.0067     │replay/transition_count=150.0          │rlt/actor_updates_run=0.0000          │
│rlt/critic_updates_run=0.0000          │rlt/desired_total_updates=0.0000       │rlt/global_min_replay_size=4620.0     │
│rlt/global_total_transitions_added=462…│rlt/global_transitions_since_train=462…│rlt/max_updates_per_train_step=1600.0 │
│rlt/min_replay_buffer_size=10000.0     │rlt/pending_update_budget=0.0000       │rlt/ready_for_online=0.0000           │
│rlt/should_train=0.0000                │rlt/skip_reason=1.000                  │rlt/train_every_episodes=0.0000       │
│rlt/train_every_transitions=1.000      │rlt/update_epoch=5.000                 │rlt/update_step=0.0000                │
│rlt/updates_scheduled=0.0000           │rlt/updates_to_run=0.0000              │rlt/warmup_required_updates=3.00e+04  │
│rlt_dvac/enabled=0.0000                │                                       │                                      │
│                                                                                                                      │
╰──────────────────────────────────────────────────────────────────────────────────────────────────────────────────────╯


╭──────────────────────────────────────────────────────────────────────────────────────────────────────────────────────╮
├──────────────────────────────────────────────────── Metric Table ────────────────────────────────────────────────────┤
│ Global Step:   32/480 │ Progress: ██░░░░░░░░░░░░░░░░░░░░░░░░░░░░░░░░░░░░░░ │   6.7%                                  │
│ Elapsed: 02:08:28 │ ETA: 29:58:40 │ Step Time: 240.895s                                                              │
├──────────────────────────────────────────────────────── Time ────────────────────────────────────────────────────────┤
│                                                                                                                      │
│actor/actor/compute_adv=1.08e-05       │actor/actor/recv_traj=220.7            │actor/actor/sync_model_to_rollout=0.0…│
│cal_adv_and_returns=0.0031             │env/compute_bootstrap_rewards=0.0018   │env/env/bootstrap_step=58.749         │
│env/env/send_rollout_trajectories=0.447│env/env_interact_step=152.4            │env/interact=220.6                    │
│env/run_interact_once=220.1            │generate_rollouts=220.8                │rollout/generate_one_epoch=219.6      │
│rollout/rollout/generate=219.6         │step=221.1                             │sync_weights=0.361                    │
│                                                                                                                      │
├──────────────────────────────────────────────────── Environment ─────────────────────────────────────────────────────┤
│                                                                                                                      │
│episode_len=200.0                      │num_trajectories=8                     │return=1.25                           │
│reward=0.00625                         │success_once=0.125                     │                                      │
│                                                                                                                      │
├─────────────────────────────────────────────────── Replay Buffer ────────────────────────────────────────────────────┤
│                                                                                                                      │
│cache_size=4771.0                      │num_trajectories=4771.0                │total_samples=4771.0                  │
│                                                                                                                      │
├─────────────────────────────────────────────────── Training/Other ───────────────────────────────────────────────────┤
│                                                                                                                      │
│replay/actor_switch_rate=0.0000        │replay/done_rate=0.053                 │replay/intervention_rate=0.0000       │
│replay/intervention_requested_rate=0.0…│replay/record_transition_rate=1.000    │replay/reward_mean=0.0066             │
│replay/reward_positive_rate=0.0066     │replay/transition_count=151.0          │rlt/actor_updates_run=0.0000          │
│rlt/critic_updates_run=0.0000          │rlt/desired_total_updates=0.0000       │rlt/global_min_replay_size=4771.0     │
│rlt/global_total_transitions_added=477…│rlt/global_transitions_since_train=477…│rlt/max_updates_per_train_step=1600.0 │
│rlt/min_replay_buffer_size=10000.0     │rlt/pending_update_budget=0.0000       │rlt/ready_for_online=0.0000           │
│rlt/should_train=0.0000                │rlt/skip_reason=1.000                  │rlt/train_every_episodes=0.0000       │
│rlt/train_every_transitions=1.000      │rlt/update_epoch=5.000                 │rlt/update_step=0.0000                │
│rlt/updates_scheduled=0.0000           │rlt/updates_to_run=0.0000              │rlt/warmup_required_updates=3.00e+04  │
│rlt_dvac/enabled=0.0000                │                                       │                                      │
│                                                                                                                      │
╰──────────────────────────────────────────────────────────────────────────────────────────────────────────────────────╯


╭──────────────────────────────────────────────────────────────────────────────────────────────────────────────────────╮
├──────────────────────────────────────────────────── Metric Table ────────────────────────────────────────────────────┤
│ Global Step:   33/480 │ Progress: ██░░░░░░░░░░░░░░░░░░░░░░░░░░░░░░░░░░░░░░ │   6.9%                                  │
│ Elapsed: 02:12:02 │ ETA: 29:48:33 │ Step Time: 240.075s                                                              │
├──────────────────────────────────────────────────────── Time ────────────────────────────────────────────────────────┤
│                                                                                                                      │
│actor/actor/compute_adv=1.46e-05       │actor/actor/recv_traj=213.3            │actor/actor/sync_model_to_rollout=0.0…│
│cal_adv_and_returns=0.0033             │env/compute_bootstrap_rewards=0.0016   │env/env/bootstrap_step=58.463         │
│env/env/send_rollout_trajectories=0.446│env/env_interact_step=145.7            │env/interact=213.2                    │
│env/run_interact_once=212.7            │generate_rollouts=213.3                │rollout/generate_one_epoch=212.3      │
│rollout/rollout/generate=212.3         │step=213.8                             │sync_weights=0.463                    │
│                                                                                                                      │
├──────────────────────────────────────────────────── Environment ─────────────────────────────────────────────────────┤
│                                                                                                                      │
│episode_len=200.0                      │num_trajectories=8                     │return=2.625                          │
│reward=0.0131250005                    │success_once=0.25                      │                                      │
│                                                                                                                      │
├─────────────────────────────────────────────────── Replay Buffer ────────────────────────────────────────────────────┤
│                                                                                                                      │
│cache_size=4912.0                      │num_trajectories=4912.0                │total_samples=4912.0                  │
│                                                                                                                      │
├─────────────────────────────────────────────────── Training/Other ───────────────────────────────────────────────────┤
│                                                                                                                      │
│replay/actor_switch_rate=0.0000        │replay/done_rate=0.057                 │replay/intervention_rate=0.0000       │
│replay/intervention_requested_rate=0.0…│replay/record_transition_rate=1.000    │replay/reward_mean=0.014              │
│replay/reward_positive_rate=0.014      │replay/transition_count=141.0          │rlt/actor_updates_run=0.0000          │
│rlt/critic_updates_run=0.0000          │rlt/desired_total_updates=0.0000       │rlt/global_min_replay_size=4912.0     │
│rlt/global_total_transitions_added=491…│rlt/global_transitions_since_train=491…│rlt/max_updates_per_train_step=1600.0 │
│rlt/min_replay_buffer_size=10000.0     │rlt/pending_update_budget=0.0000       │rlt/ready_for_online=0.0000           │
│rlt/should_train=0.0000                │rlt/skip_reason=1.000                  │rlt/train_every_episodes=0.0000       │
│rlt/train_every_transitions=1.000      │rlt/update_epoch=5.000                 │rlt/update_step=0.0000                │
│rlt/updates_scheduled=0.0000           │rlt/updates_to_run=0.0000              │rlt/warmup_required_updates=3.00e+04  │
│rlt_dvac/enabled=0.0000                │                                       │                                      │
│                                                                                                                      │
╰──────────────────────────────────────────────────────────────────────────────────────────────────────────────────────╯


╭──────────────────────────────────────────────────────────────────────────────────────────────────────────────────────╮
├──────────────────────────────────────────────────── Metric Table ────────────────────────────────────────────────────┤
│ Global Step:   34/480 │ Progress: ██░░░░░░░░░░░░░░░░░░░░░░░░░░░░░░░░░░░░░░ │   7.1%                                  │
│ Elapsed: 02:15:30 │ ETA: 29:37:34 │ Step Time: 239.135s                                                              │
├──────────────────────────────────────────────────────── Time ────────────────────────────────────────────────────────┤
│                                                                                                                      │
│actor/actor/compute_adv=1.05e-05       │actor/actor/recv_traj=207.7            │actor/actor/sync_model_to_rollout=0.0…│
│cal_adv_and_returns=0.0031             │env/compute_bootstrap_rewards=0.0017   │env/env/bootstrap_step=59.157         │
│env/env/send_rollout_trajectories=0.456│env/env_interact_step=139.2            │env/interact=207.6                    │
│env/run_interact_once=207.1            │generate_rollouts=207.7                │rollout/generate_one_epoch=206.6      │
│rollout/rollout/generate=206.6         │step=208.1                             │sync_weights=0.361                    │
│                                                                                                                      │
├──────────────────────────────────────────────────── Environment ─────────────────────────────────────────────────────┤
│                                                                                                                      │
│episode_len=200.0                      │num_trajectories=8                     │return=3.75                           │
│reward=0.01875                         │success_once=0.375                     │                                      │
│                                                                                                                      │
├─────────────────────────────────────────────────── Replay Buffer ────────────────────────────────────────────────────┤
│                                                                                                                      │
│cache_size=5045.0                      │num_trajectories=5045.0                │total_samples=5045.0                  │
│                                                                                                                      │
├─────────────────────────────────────────────────── Training/Other ───────────────────────────────────────────────────┤
│                                                                                                                      │
│replay/actor_switch_rate=0.0000        │replay/done_rate=0.060                 │replay/intervention_rate=0.0000       │
│replay/intervention_requested_rate=0.0…│replay/record_transition_rate=1.000    │replay/reward_mean=0.023              │
│replay/reward_positive_rate=0.023      │replay/transition_count=133.0          │rlt/actor_updates_run=0.0000          │
│rlt/critic_updates_run=0.0000          │rlt/desired_total_updates=0.0000       │rlt/global_min_replay_size=5045.0     │
│rlt/global_total_transitions_added=504…│rlt/global_transitions_since_train=504…│rlt/max_updates_per_train_step=1600.0 │
│rlt/min_replay_buffer_size=10000.0     │rlt/pending_update_budget=0.0000       │rlt/ready_for_online=0.0000           │
│rlt/should_train=0.0000                │rlt/skip_reason=1.000                  │rlt/train_every_episodes=0.0000       │
│rlt/train_every_transitions=1.000      │rlt/update_epoch=5.000                 │rlt/update_step=0.0000                │
│rlt/updates_scheduled=0.0000           │rlt/updates_to_run=0.0000              │rlt/warmup_required_updates=3.00e+04  │
│rlt_dvac/enabled=0.0000                │                                       │                                      │
│                                                                                                                      │
╰──────────────────────────────────────────────────────────────────────────────────────────────────────────────────────╯


╭──────────────────────────────────────────────────────────────────────────────────────────────────────────────────────╮
├──────────────────────────────────────────────────── Metric Table ────────────────────────────────────────────────────┤
│ Global Step:   35/480 │ Progress: ██░░░░░░░░░░░░░░░░░░░░░░░░░░░░░░░░░░░░░░ │   7.3%                                  │
│ Elapsed: 02:19:12 │ ETA: 29:29:56 │ Step Time: 238.643s                                                              │
├──────────────────────────────────────────────────────── Time ────────────────────────────────────────────────────────┤
│                                                                                                                      │
│actor/actor/compute_adv=2.28e-05       │actor/actor/recv_traj=221.3            │actor/actor/sync_model_to_rollout=0.0…│
│cal_adv_and_returns=0.0032             │env/compute_bootstrap_rewards=0.0018   │env/env/bootstrap_step=59.045         │
│env/env/send_rollout_trajectories=0.445│env/env_interact_step=153.0            │env/interact=221.3                    │
│env/run_interact_once=220.8            │generate_rollouts=221.4                │rollout/generate_one_epoch=220.3      │
│rollout/rollout/generate=220.3         │step=221.9                             │sync_weights=0.471                    │
│                                                                                                                      │
├──────────────────────────────────────────────────── Environment ─────────────────────────────────────────────────────┤
│                                                                                                                      │
│episode_len=200.0                      │num_trajectories=8                     │return=1.25                           │
│reward=0.00625                         │success_once=0.125                     │                                      │
│                                                                                                                      │
├─────────────────────────────────────────────────── Replay Buffer ────────────────────────────────────────────────────┤
│                                                                                                                      │
│cache_size=5196.0                      │num_trajectories=5196.0                │total_samples=5196.0                  │
│                                                                                                                      │
├─────────────────────────────────────────────────── Training/Other ───────────────────────────────────────────────────┤
│                                                                                                                      │
│replay/actor_switch_rate=0.0000        │replay/done_rate=0.053                 │replay/intervention_rate=0.0000       │
│replay/intervention_requested_rate=0.0…│replay/record_transition_rate=1.000    │replay/reward_mean=0.0066             │
│replay/reward_positive_rate=0.0066     │replay/transition_count=151.0          │rlt/actor_updates_run=0.0000          │
│rlt/critic_updates_run=0.0000          │rlt/desired_total_updates=0.0000       │rlt/global_min_replay_size=5196.0     │
│rlt/global_total_transitions_added=519…│rlt/global_transitions_since_train=519…│rlt/max_updates_per_train_step=1600.0 │
│rlt/min_replay_buffer_size=10000.0     │rlt/pending_update_budget=0.0000       │rlt/ready_for_online=0.0000           │
│rlt/should_train=0.0000                │rlt/skip_reason=1.000                  │rlt/train_every_episodes=0.0000       │
│rlt/train_every_transitions=1.000      │rlt/update_epoch=5.000                 │rlt/update_step=0.0000                │
│rlt/updates_scheduled=0.0000           │rlt/updates_to_run=0.0000              │rlt/warmup_required_updates=3.00e+04  │
│rlt_dvac/enabled=0.0000                │                                       │                                      │
│                                                                                                                      │
╰──────────────────────────────────────────────────────────────────────────────────────────────────────────────────────╯


╭──────────────────────────────────────────────────────────────────────────────────────────────────────────────────────╮
├──────────────────────────────────────────────────── Metric Table ────────────────────────────────────────────────────┤
│ Global Step:   36/480 │ Progress: ███░░░░░░░░░░░░░░░░░░░░░░░░░░░░░░░░░░░░░ │   7.5%                                  │
│ Elapsed: 02:23:01 │ ETA: 29:24:00 │ Step Time: 238.380s                                                              │
├──────────────────────────────────────────────────────── Time ────────────────────────────────────────────────────────┤
│                                                                                                                      │
│actor/actor/compute_adv=1.40e-05       │actor/actor/recv_traj=228.7            │actor/actor/sync_model_to_rollout=0.0…│
│cal_adv_and_returns=0.0030             │env/compute_bootstrap_rewards=0.0017   │env/env/bootstrap_step=59.635         │
│env/env/send_rollout_trajectories=0.435│env/env_interact_step=159.6            │env/interact=228.7                    │
│env/run_interact_once=228.2            │generate_rollouts=228.8                │rollout/generate_one_epoch=227.7      │
│rollout/rollout/generate=227.7         │step=229.2                             │sync_weights=0.360                    │
│                                                                                                                      │
├──────────────────────────────────────────────────── Environment ─────────────────────────────────────────────────────┤
│                                                                                                                      │
│episode_len=200.0                      │num_trajectories=8                     │return=0.0                            │
│reward=0.0                             │success_once=0.0                       │                                      │
│                                                                                                                      │
├─────────────────────────────────────────────────── Replay Buffer ────────────────────────────────────────────────────┤
│                                                                                                                      │
│cache_size=5356.0                      │num_trajectories=5356.0                │total_samples=5356.0                  │
│                                                                                                                      │
├─────────────────────────────────────────────────── Training/Other ───────────────────────────────────────────────────┤
│                                                                                                                      │
│replay/actor_switch_rate=0.0000        │replay/done_rate=0.050                 │replay/intervention_rate=0.0000       │
│replay/intervention_requested_rate=0.0…│replay/record_transition_rate=1.000    │replay/reward_mean=0.0000             │
│replay/reward_positive_rate=0.0000     │replay/transition_count=160.0          │rlt/actor_updates_run=0.0000          │
│rlt/critic_updates_run=0.0000          │rlt/desired_total_updates=0.0000       │rlt/global_min_replay_size=5356.0     │
│rlt/global_total_transitions_added=535…│rlt/global_transitions_since_train=535…│rlt/max_updates_per_train_step=1600.0 │
│rlt/min_replay_buffer_size=10000.0     │rlt/pending_update_budget=0.0000       │rlt/ready_for_online=0.0000           │
│rlt/should_train=0.0000                │rlt/skip_reason=1.000                  │rlt/train_every_episodes=0.0000       │
│rlt/train_every_transitions=1.000      │rlt/update_epoch=5.000                 │rlt/update_step=0.0000                │
│rlt/updates_scheduled=0.0000           │rlt/updates_to_run=0.0000              │rlt/warmup_required_updates=3.00e+04  │
│rlt_dvac/enabled=0.0000                │                                       │                                      │
│                                                                                                                      │
╰──────────────────────────────────────────────────────────────────────────────────────────────────────────────────────╯


╭──────────────────────────────────────────────────────────────────────────────────────────────────────────────────────╮
├──────────────────────────────────────────────────── Metric Table ────────────────────────────────────────────────────┤
│ Global Step:   37/480 │ Progress: ███░░░░░░░░░░░░░░░░░░░░░░░░░░░░░░░░░░░░░ │   7.7%                                  │
│ Elapsed: 02:26:45 │ ETA: 29:17:05 │ Step Time: 237.981s                                                              │
├──────────────────────────────────────────────────────── Time ────────────────────────────────────────────────────────┤
│                                                                                                                      │
│actor/actor/compute_adv=2.17e-05       │actor/actor/recv_traj=223.1            │actor/actor/sync_model_to_rollout=0.0…│
│cal_adv_and_returns=0.0029             │env/compute_bootstrap_rewards=0.0016   │env/env/bootstrap_step=59.529         │
│env/env/send_rollout_trajectories=0.445│env/env_interact_step=154.2            │env/interact=223.0                    │
│env/run_interact_once=222.5            │generate_rollouts=223.1                │rollout/generate_one_epoch=222.1      │
│rollout/rollout/generate=222.1         │step=223.6                             │sync_weights=0.454                    │
│                                                                                                                      │
├──────────────────────────────────────────────────── Environment ─────────────────────────────────────────────────────┤
│                                                                                                                      │
│episode_len=200.0                      │num_trajectories=8                     │return=2.5                            │
│reward=0.0125                          │success_once=0.25                      │                                      │
│                                                                                                                      │
├─────────────────────────────────────────────────── Replay Buffer ────────────────────────────────────────────────────┤
│                                                                                                                      │
│cache_size=5498.0                      │num_trajectories=5498.0                │total_samples=5498.0                  │
│                                                                                                                      │
├─────────────────────────────────────────────────── Training/Other ───────────────────────────────────────────────────┤
│                                                                                                                      │
│replay/actor_switch_rate=0.0000        │replay/done_rate=0.056                 │replay/intervention_rate=0.0000       │
│replay/intervention_requested_rate=0.0…│replay/record_transition_rate=1.000    │replay/reward_mean=0.014              │
│replay/reward_positive_rate=0.014      │replay/transition_count=142.0          │rlt/actor_updates_run=0.0000          │
│rlt/critic_updates_run=0.0000          │rlt/desired_total_updates=0.0000       │rlt/global_min_replay_size=5498.0     │
│rlt/global_total_transitions_added=549…│rlt/global_transitions_since_train=549…│rlt/max_updates_per_train_step=1600.0 │
│rlt/min_replay_buffer_size=10000.0     │rlt/pending_update_budget=0.0000       │rlt/ready_for_online=0.0000           │
│rlt/should_train=0.0000                │rlt/skip_reason=1.000                  │rlt/train_every_episodes=0.0000       │
│rlt/train_every_transitions=1.000      │rlt/update_epoch=5.000                 │rlt/update_step=0.0000                │
│rlt/updates_scheduled=0.0000           │rlt/updates_to_run=0.0000              │rlt/warmup_required_updates=3.00e+04  │
│rlt_dvac/enabled=0.0000                │                                       │                                      │
│                                                                                                                      │
╰──────────────────────────────────────────────────────────────────────────────────────────────────────────────────────╯


╭──────────────────────────────────────────────────────────────────────────────────────────────────────────────────────╮
├──────────────────────────────────────────────────── Metric Table ────────────────────────────────────────────────────┤
│ Global Step:   38/480 │ Progress: ███░░░░░░░░░░░░░░░░░░░░░░░░░░░░░░░░░░░░░ │   7.9%                                  │
│ Elapsed: 02:30:28 │ ETA: 29:10:20 │ Step Time: 237.604s                                                              │
├──────────────────────────────────────────────────────── Time ────────────────────────────────────────────────────────┤
│                                                                                                                      │
│actor/actor/compute_adv=2.66e-05       │actor/actor/recv_traj=223.2            │actor/actor/sync_model_to_rollout=0.0…│
│cal_adv_and_returns=0.0032             │env/compute_bootstrap_rewards=0.0018   │env/env/bootstrap_step=59.768         │
│env/env/send_rollout_trajectories=0.441│env/env_interact_step=153.9            │env/interact=223.1                    │
│env/run_interact_once=222.6            │generate_rollouts=223.3                │rollout/generate_one_epoch=222.1      │
│rollout/rollout/generate=222.1         │step=223.6                             │sync_weights=0.360                    │
│                                                                                                                      │
├──────────────────────────────────────────────────── Environment ─────────────────────────────────────────────────────┤
│                                                                                                                      │
│episode_len=200.0                      │num_trajectories=8                     │return=1.25                           │
│reward=0.00625                         │success_once=0.125                     │                                      │
│                                                                                                                      │
├─────────────────────────────────────────────────── Replay Buffer ────────────────────────────────────────────────────┤
│                                                                                                                      │
│cache_size=5649.0                      │num_trajectories=5649.0                │total_samples=5649.0                  │
│                                                                                                                      │
├─────────────────────────────────────────────────── Training/Other ───────────────────────────────────────────────────┤
│                                                                                                                      │
│replay/actor_switch_rate=0.0000        │replay/done_rate=0.053                 │replay/intervention_rate=0.0000       │
│replay/intervention_requested_rate=0.0…│replay/record_transition_rate=1.000    │replay/reward_mean=0.0066             │
│replay/reward_positive_rate=0.0066     │replay/transition_count=151.0          │rlt/actor_updates_run=0.0000          │
│rlt/critic_updates_run=0.0000          │rlt/desired_total_updates=0.0000       │rlt/global_min_replay_size=5649.0     │
│rlt/global_total_transitions_added=564…│rlt/global_transitions_since_train=564…│rlt/max_updates_per_train_step=1600.0 │
│rlt/min_replay_buffer_size=10000.0     │rlt/pending_update_budget=0.0000       │rlt/ready_for_online=0.0000           │
│rlt/should_train=0.0000                │rlt/skip_reason=1.000                  │rlt/train_every_episodes=0.0000       │
│rlt/train_every_transitions=1.000      │rlt/update_epoch=5.000                 │rlt/update_step=0.0000                │
│rlt/updates_scheduled=0.0000           │rlt/updates_to_run=0.0000              │rlt/warmup_required_updates=3.00e+04  │
│rlt_dvac/enabled=0.0000                │                                       │                                      │
│                                                                                                                      │
╰──────────────────────────────────────────────────────────────────────────────────────────────────────────────────────╯


╭──────────────────────────────────────────────────────────────────────────────────────────────────────────────────────╮
├──────────────────────────────────────────────────── Metric Table ────────────────────────────────────────────────────┤
│ Global Step:   39/480 │ Progress: ███░░░░░░░░░░░░░░░░░░░░░░░░░░░░░░░░░░░░░ │   8.1%                                  │
│ Elapsed: 02:34:14 │ ETA: 29:04:04 │ Step Time: 237.289s                                                              │
├──────────────────────────────────────────────────────── Time ────────────────────────────────────────────────────────┤
│                                                                                                                      │
│actor/actor/compute_adv=2.58e-05       │actor/actor/recv_traj=224.8            │actor/actor/sync_model_to_rollout=0.0…│
│cal_adv_and_returns=0.0033             │env/compute_bootstrap_rewards=0.0016   │env/env/bootstrap_step=58.848         │
│env/env/send_rollout_trajectories=0.407│env/env_interact_step=156.3            │env/interact=224.7                    │
│env/run_interact_once=224.2            │generate_rollouts=224.8                │rollout/generate_one_epoch=223.8      │
│rollout/rollout/generate=223.8         │step=225.3                             │sync_weights=0.466                    │
│                                                                                                                      │
├──────────────────────────────────────────────────── Environment ─────────────────────────────────────────────────────┤
│                                                                                                                      │
│episode_len=200.0                      │num_trajectories=8                     │return=1.125                          │
│reward=0.005625                        │success_once=0.125                     │                                      │
│                                                                                                                      │
├─────────────────────────────────────────────────── Replay Buffer ────────────────────────────────────────────────────┤
│                                                                                                                      │
│cache_size=5801.0                      │num_trajectories=5801.0                │total_samples=5801.0                  │
│                                                                                                                      │
├─────────────────────────────────────────────────── Training/Other ───────────────────────────────────────────────────┤
│                                                                                                                      │
│replay/actor_switch_rate=0.0000        │replay/done_rate=0.053                 │replay/intervention_rate=0.0000       │
│replay/intervention_requested_rate=0.0…│replay/record_transition_rate=1.000    │replay/reward_mean=0.0066             │
│replay/reward_positive_rate=0.0066     │replay/transition_count=152.0          │rlt/actor_updates_run=0.0000          │
│rlt/critic_updates_run=0.0000          │rlt/desired_total_updates=0.0000       │rlt/global_min_replay_size=5801.0     │
│rlt/global_total_transitions_added=580…│rlt/global_transitions_since_train=580…│rlt/max_updates_per_train_step=1600.0 │
│rlt/min_replay_buffer_size=10000.0     │rlt/pending_update_budget=0.0000       │rlt/ready_for_online=0.0000           │
│rlt/should_train=0.0000                │rlt/skip_reason=1.000                  │rlt/train_every_episodes=0.0000       │
│rlt/train_every_transitions=1.000      │rlt/update_epoch=5.000                 │rlt/update_step=0.0000                │
│rlt/updates_scheduled=0.0000           │rlt/updates_to_run=0.0000              │rlt/warmup_required_updates=3.00e+04  │
│rlt_dvac/enabled=0.0000                │                                       │                                      │
│                                                                                                                      │
╰──────────────────────────────────────────────────────────────────────────────────────────────────────────────────────╯


╭──────────────────────────────────────────────────────────────────────────────────────────────────────────────────────╮
├──────────────────────────────────────────────────── Metric Table ────────────────────────────────────────────────────┤
│ Global Step:   40/480 │ Progress: ███░░░░░░░░░░░░░░░░░░░░░░░░░░░░░░░░░░░░░ │   8.3%                                  │
│ Elapsed: 02:37:55 │ ETA: 28:57:15 │ Step Time: 236.899s                                                              │
├──────────────────────────────────────────────────────── Time ────────────────────────────────────────────────────────┤
│                                                                                                                      │
│actor/actor/compute_adv=1.52e-05       │actor/actor/recv_traj=221.2            │actor/actor/sync_model_to_rollout=0.0…│
│cal_adv_and_returns=0.0028             │env/compute_bootstrap_rewards=0.0018   │env/env/bootstrap_step=58.954         │
│env/env/send_rollout_trajectories=0.449│env/env_interact_step=152.5            │env/interact=221.2                    │
│env/run_interact_once=220.7            │generate_rollouts=221.3                │rollout/generate_one_epoch=220.2      │
│rollout/rollout/generate=220.2         │step=221.7                             │sync_weights=0.356                    │
│                                                                                                                      │
├──────────────────────────────────────────────────── Environment ─────────────────────────────────────────────────────┤
│                                                                                                                      │
│episode_len=200.0                      │num_trajectories=8                     │return=1.125                          │
│reward=0.005625                        │success_once=0.125                     │                                      │
│                                                                                                                      │
├─────────────────────────────────────────────────── Replay Buffer ────────────────────────────────────────────────────┤
│                                                                                                                      │
│cache_size=5953.0                      │num_trajectories=5953.0                │total_samples=5953.0                  │
│                                                                                                                      │
├─────────────────────────────────────────────────── Training/Other ───────────────────────────────────────────────────┤
│                                                                                                                      │
│replay/actor_switch_rate=0.0000        │replay/done_rate=0.053                 │replay/intervention_rate=0.0000       │
│replay/intervention_requested_rate=0.0…│replay/record_transition_rate=1.000    │replay/reward_mean=0.0066             │
│replay/reward_positive_rate=0.0066     │replay/transition_count=152.0          │rlt/actor_updates_run=0.0000          │
│rlt/critic_updates_run=0.0000          │rlt/desired_total_updates=0.0000       │rlt/global_min_replay_size=5953.0     │
│rlt/global_total_transitions_added=595…│rlt/global_transitions_since_train=595…│rlt/max_updates_per_train_step=1600.0 │
│rlt/min_replay_buffer_size=10000.0     │rlt/pending_update_budget=0.0000       │rlt/ready_for_online=0.0000           │
│rlt/should_train=0.0000                │rlt/skip_reason=1.000                  │rlt/train_every_episodes=0.0000       │
│rlt/train_every_transitions=1.000      │rlt/update_epoch=5.000                 │rlt/update_step=0.0000                │
│rlt/updates_scheduled=0.0000           │rlt/updates_to_run=0.0000              │rlt/warmup_required_updates=3.00e+04  │
│rlt_dvac/enabled=0.0000                │                                       │                                      │
│                                                                                                                      │
╰──────────────────────────────────────────────────────────────────────────────────────────────────────────────────────╯


╭──────────────────────────────────────────────────────────────────────────────────────────────────────────────────────╮
├──────────────────────────────────────────────────── Metric Table ────────────────────────────────────────────────────┤
│ Global Step:   41/480 │ Progress: ███░░░░░░░░░░░░░░░░░░░░░░░░░░░░░░░░░░░░░ │   8.5%                                  │
│ Elapsed: 02:41:37 │ ETA: 28:50:37 │ Step Time: 236.531s                                                              │
├──────────────────────────────────────────────────────── Time ────────────────────────────────────────────────────────┤
│                                                                                                                      │
│actor/actor/compute_adv=2.49e-05       │actor/actor/recv_traj=221.3            │actor/actor/sync_model_to_rollout=0.0…│
│cal_adv_and_returns=0.0032             │env/compute_bootstrap_rewards=0.0017   │env/env/bootstrap_step=59.834         │
│env/env/send_rollout_trajectories=0.449│env/env_interact_step=152.1            │env/interact=221.2                    │
│env/run_interact_once=220.7            │generate_rollouts=221.3                │rollout/generate_one_epoch=220.2      │
│rollout/rollout/generate=220.3         │step=221.8                             │sync_weights=0.466                    │
│                                                                                                                      │
├──────────────────────────────────────────────────── Environment ─────────────────────────────────────────────────────┤
│                                                                                                                      │
│episode_len=200.0                      │num_trajectories=8                     │return=1.25                           │
│reward=0.00625                         │success_once=0.125                     │                                      │
│                                                                                                                      │
├─────────────────────────────────────────────────── Replay Buffer ────────────────────────────────────────────────────┤
│                                                                                                                      │
│cache_size=6104.0                      │num_trajectories=6104.0                │total_samples=6104.0                  │
│                                                                                                                      │
├─────────────────────────────────────────────────── Training/Other ───────────────────────────────────────────────────┤
│                                                                                                                      │
│replay/actor_switch_rate=0.0000        │replay/done_rate=0.053                 │replay/intervention_rate=0.0000       │
│replay/intervention_requested_rate=0.0…│replay/record_transition_rate=1.000    │replay/reward_mean=0.0066             │
│replay/reward_positive_rate=0.0066     │replay/transition_count=151.0          │rlt/actor_updates_run=0.0000          │
│rlt/critic_updates_run=0.0000          │rlt/desired_total_updates=0.0000       │rlt/global_min_replay_size=6104.0     │
│rlt/global_total_transitions_added=610…│rlt/global_transitions_since_train=610…│rlt/max_updates_per_train_step=1600.0 │
│rlt/min_replay_buffer_size=10000.0     │rlt/pending_update_budget=0.0000       │rlt/ready_for_online=0.0000           │
│rlt/should_train=0.0000                │rlt/skip_reason=1.000                  │rlt/train_every_episodes=0.0000       │
│rlt/train_every_transitions=1.000      │rlt/update_epoch=5.000                 │rlt/update_step=0.0000                │
│rlt/updates_scheduled=0.0000           │rlt/updates_to_run=0.0000              │rlt/warmup_required_updates=3.00e+04  │
│rlt_dvac/enabled=0.0000                │                                       │                                      │
│                                                                                                                      │
╰──────────────────────────────────────────────────────────────────────────────────────────────────────────────────────╯


╭──────────────────────────────────────────────────────────────────────────────────────────────────────────────────────╮
├──────────────────────────────────────────────────── Metric Table ────────────────────────────────────────────────────┤
│ Global Step:   42/480 │ Progress: ███░░░░░░░░░░░░░░░░░░░░░░░░░░░░░░░░░░░░░ │   8.8%                                  │
│ Elapsed: 02:45:23 │ ETA: 28:44:52 │ Step Time: 236.285s                                                              │
├──────────────────────────────────────────────────────── Time ────────────────────────────────────────────────────────┤
│                                                                                                                      │
│actor/actor/compute_adv=2.27e-05       │actor/actor/recv_traj=225.7            │actor/actor/sync_model_to_rollout=0.0…│
│cal_adv_and_returns=0.0029             │env/compute_bootstrap_rewards=0.0019   │env/env/bootstrap_step=59.429         │
│env/env/send_rollout_trajectories=0.448│env/env_interact_step=156.8            │env/interact=225.7                    │
│env/run_interact_once=225.2            │generate_rollouts=225.8                │rollout/generate_one_epoch=224.7      │
│rollout/rollout/generate=224.7         │step=226.2                             │sync_weights=0.364                    │
│                                                                                                                      │
├──────────────────────────────────────────────────── Environment ─────────────────────────────────────────────────────┤
│                                                                                                                      │
│episode_len=200.0                      │num_trajectories=8                     │return=0.0                            │
│reward=0.0                             │success_once=0.0                       │                                      │
│                                                                                                                      │
├─────────────────────────────────────────────────── Replay Buffer ────────────────────────────────────────────────────┤
│                                                                                                                      │
│cache_size=6264.0                      │num_trajectories=6264.0                │total_samples=6264.0                  │
│                                                                                                                      │
├─────────────────────────────────────────────────── Training/Other ───────────────────────────────────────────────────┤
│                                                                                                                      │
│replay/actor_switch_rate=0.0000        │replay/done_rate=0.050                 │replay/intervention_rate=0.0000       │
│replay/intervention_requested_rate=0.0…│replay/record_transition_rate=1.000    │replay/reward_mean=0.0000             │
│replay/reward_positive_rate=0.0000     │replay/transition_count=160.0          │rlt/actor_updates_run=0.0000          │
│rlt/critic_updates_run=0.0000          │rlt/desired_total_updates=0.0000       │rlt/global_min_replay_size=6264.0     │
│rlt/global_total_transitions_added=626…│rlt/global_transitions_since_train=626…│rlt/max_updates_per_train_step=1600.0 │
│rlt/min_replay_buffer_size=10000.0     │rlt/pending_update_budget=0.0000       │rlt/ready_for_online=0.0000           │
│rlt/should_train=0.0000                │rlt/skip_reason=1.000                  │rlt/train_every_episodes=0.0000       │
│rlt/train_every_transitions=1.000      │rlt/update_epoch=5.000                 │rlt/update_step=0.0000                │
│rlt/updates_scheduled=0.0000           │rlt/updates_to_run=0.0000              │rlt/warmup_required_updates=3.00e+04  │
│rlt_dvac/enabled=0.0000                │                                       │                                      │
│                                                                                                                      │
╰──────────────────────────────────────────────────────────────────────────────────────────────────────────────────────╯


╭──────────────────────────────────────────────────────────────────────────────────────────────────────────────────────╮
├──────────────────────────────────────────────────── Metric Table ────────────────────────────────────────────────────┤
│ Global Step:   43/480 │ Progress: ███░░░░░░░░░░░░░░░░░░░░░░░░░░░░░░░░░░░░░ │   9.0%                                  │
│ Elapsed: 02:49:14 │ ETA: 28:40:02 │ Step Time: 236.161s                                                              │
├──────────────────────────────────────────────────────── Time ────────────────────────────────────────────────────────┤
│                                                                                                                      │
│actor/actor/compute_adv=1.32e-05       │actor/actor/recv_traj=230.4            │actor/actor/sync_model_to_rollout=0.0…│
│cal_adv_and_returns=0.0031             │env/compute_bootstrap_rewards=0.0017   │env/env/bootstrap_step=58.882         │
│env/env/send_rollout_trajectories=0.442│env/env_interact_step=162.1            │env/interact=230.3                    │
│env/run_interact_once=229.8            │generate_rollouts=230.5                │rollout/generate_one_epoch=229.4      │
│rollout/rollout/generate=229.4         │step=230.9                             │sync_weights=0.474                    │
│                                                                                                                      │
├──────────────────────────────────────────────────── Environment ─────────────────────────────────────────────────────┤
│                                                                                                                      │
│episode_len=200.0                      │num_trajectories=8                     │return=0.0                            │
│reward=0.0                             │success_once=0.0                       │                                      │
│                                                                                                                      │
├─────────────────────────────────────────────────── Replay Buffer ────────────────────────────────────────────────────┤
│                                                                                                                      │
│cache_size=6424.0                      │num_trajectories=6424.0                │total_samples=6424.0                  │
│                                                                                                                      │
├─────────────────────────────────────────────────── Training/Other ───────────────────────────────────────────────────┤
│                                                                                                                      │
│replay/actor_switch_rate=0.0000        │replay/done_rate=0.050                 │replay/intervention_rate=0.0000       │
│replay/intervention_requested_rate=0.0…│replay/record_transition_rate=1.000    │replay/reward_mean=0.0000             │
│replay/reward_positive_rate=0.0000     │replay/transition_count=160.0          │rlt/actor_updates_run=0.0000          │
│rlt/critic_updates_run=0.0000          │rlt/desired_total_updates=0.0000       │rlt/global_min_replay_size=6424.0     │
│rlt/global_total_transitions_added=642…│rlt/global_transitions_since_train=642…│rlt/max_updates_per_train_step=1600.0 │
│rlt/min_replay_buffer_size=10000.0     │rlt/pending_update_budget=0.0000       │rlt/ready_for_online=0.0000           │
│rlt/should_train=0.0000                │rlt/skip_reason=1.000                  │rlt/train_every_episodes=0.0000       │
│rlt/train_every_transitions=1.000      │rlt/update_epoch=5.000                 │rlt/update_step=0.0000                │
│rlt/updates_scheduled=0.0000           │rlt/updates_to_run=0.0000              │rlt/warmup_required_updates=3.00e+04  │
│rlt_dvac/enabled=0.0000                │                                       │                                      │
│                                                                                                                      │
╰──────────────────────────────────────────────────────────────────────────────────────────────────────────────────────╯


╭──────────────────────────────────────────────────────────────────────────────────────────────────────────────────────╮
├──────────────────────────────────────────────────── Metric Table ────────────────────────────────────────────────────┤
│ Global Step:   44/480 │ Progress: ███░░░░░░░░░░░░░░░░░░░░░░░░░░░░░░░░░░░░░ │   9.2%                                  │
│ Elapsed: 02:52:52 │ ETA: 28:33:05 │ Step Time: 235.746s                                                              │
├──────────────────────────────────────────────────────── Time ────────────────────────────────────────────────────────┤
│                                                                                                                      │
│actor/actor/compute_adv=3.01e-05       │actor/actor/recv_traj=217.5            │actor/actor/sync_model_to_rollout=0.0…│
│cal_adv_and_returns=0.0033             │env/compute_bootstrap_rewards=0.0017   │env/env/bootstrap_step=58.144         │
│env/env/send_rollout_trajectories=0.447│env/env_interact_step=149.9            │env/interact=217.4                    │
│env/run_interact_once=216.9            │generate_rollouts=217.5                │rollout/generate_one_epoch=216.4      │
│rollout/rollout/generate=216.4         │step=217.9                             │sync_weights=0.355                    │
│                                                                                                                      │
├──────────────────────────────────────────────────── Environment ─────────────────────────────────────────────────────┤
│                                                                                                                      │
│episode_len=200.0                      │num_trajectories=8                     │return=2.25                           │
│reward=0.01125                         │success_once=0.25                      │                                      │
│                                                                                                                      │
├─────────────────────────────────────────────────── Replay Buffer ────────────────────────────────────────────────────┤
│                                                                                                                      │
│cache_size=6568.0                      │num_trajectories=6568.0                │total_samples=6568.0                  │
│                                                                                                                      │
├─────────────────────────────────────────────────── Training/Other ───────────────────────────────────────────────────┤
│                                                                                                                      │
│replay/actor_switch_rate=0.0000        │replay/done_rate=0.056                 │replay/intervention_rate=0.0000       │
│replay/intervention_requested_rate=0.0…│replay/record_transition_rate=1.000    │replay/reward_mean=0.014              │
│replay/reward_positive_rate=0.014      │replay/transition_count=144.0          │rlt/actor_updates_run=0.0000          │
│rlt/critic_updates_run=0.0000          │rlt/desired_total_updates=0.0000       │rlt/global_min_replay_size=6568.0     │
│rlt/global_total_transitions_added=656…│rlt/global_transitions_since_train=656…│rlt/max_updates_per_train_step=1600.0 │
│rlt/min_replay_buffer_size=10000.0     │rlt/pending_update_budget=0.0000       │rlt/ready_for_online=0.0000           │
│rlt/should_train=0.0000                │rlt/skip_reason=1.000                  │rlt/train_every_episodes=0.0000       │
│rlt/train_every_transitions=1.000      │rlt/update_epoch=5.000                 │rlt/update_step=0.0000                │
│rlt/updates_scheduled=0.0000           │rlt/updates_to_run=0.0000              │rlt/warmup_required_updates=3.00e+04  │
│rlt_dvac/enabled=0.0000                │                                       │                                      │
│                                                                                                                      │
╰──────────────────────────────────────────────────────────────────────────────────────────────────────────────────────╯


╭──────────────────────────────────────────────────────────────────────────────────────────────────────────────────────╮
├──────────────────────────────────────────────────── Metric Table ────────────────────────────────────────────────────┤
│ Global Step:   45/480 │ Progress: ███░░░░░░░░░░░░░░░░░░░░░░░░░░░░░░░░░░░░░ │   9.4%                                  │
│ Elapsed: 02:56:25 │ ETA: 28:25:27 │ Step Time: 235.235s                                                              │
├──────────────────────────────────────────────────────── Time ────────────────────────────────────────────────────────┤
│                                                                                                                      │
│actor/actor/compute_adv=2.35e-05       │actor/actor/recv_traj=212.2            │actor/actor/sync_model_to_rollout=0.0…│
│cal_adv_and_returns=0.0028             │env/compute_bootstrap_rewards=0.0017   │env/env/bootstrap_step=58.123         │
│env/env/send_rollout_trajectories=0.449│env/env_interact_step=144.4            │env/interact=212.1                    │
│env/run_interact_once=211.6            │generate_rollouts=212.3                │rollout/generate_one_epoch=211.2      │
│rollout/rollout/generate=211.2         │step=212.7                             │sync_weights=0.465                    │
│                                                                                                                      │
├──────────────────────────────────────────────────── Environment ─────────────────────────────────────────────────────┤
│                                                                                                                      │
│episode_len=200.0                      │num_trajectories=8                     │return=2.375                          │
│reward=0.011875                        │success_once=0.25                      │                                      │
│                                                                                                                      │
├─────────────────────────────────────────────────── Replay Buffer ────────────────────────────────────────────────────┤
│                                                                                                                      │
│cache_size=6711.0                      │num_trajectories=6711.0                │total_samples=6711.0                  │
│                                                                                                                      │
├─────────────────────────────────────────────────── Training/Other ───────────────────────────────────────────────────┤
│                                                                                                                      │
│replay/actor_switch_rate=0.0000        │replay/done_rate=0.056                 │replay/intervention_rate=0.0000       │
│replay/intervention_requested_rate=0.0…│replay/record_transition_rate=1.000    │replay/reward_mean=0.014              │
│replay/reward_positive_rate=0.014      │replay/transition_count=143.0          │rlt/actor_updates_run=0.0000          │
│rlt/critic_updates_run=0.0000          │rlt/desired_total_updates=0.0000       │rlt/global_min_replay_size=6711.0     │
│rlt/global_total_transitions_added=671…│rlt/global_transitions_since_train=671…│rlt/max_updates_per_train_step=1600.0 │
│rlt/min_replay_buffer_size=10000.0     │rlt/pending_update_budget=0.0000       │rlt/ready_for_online=0.0000           │
│rlt/should_train=0.0000                │rlt/skip_reason=1.000                  │rlt/train_every_episodes=0.0000       │
│rlt/train_every_transitions=1.000      │rlt/update_epoch=5.000                 │rlt/update_step=0.0000                │
│rlt/updates_scheduled=0.0000           │rlt/updates_to_run=0.0000              │rlt/warmup_required_updates=3.00e+04  │
│rlt_dvac/enabled=0.0000                │                                       │                                      │
│                                                                                                                      │
╰──────────────────────────────────────────────────────────────────────────────────────────────────────────────────────╯


╭──────────────────────────────────────────────────────────────────────────────────────────────────────────────────────╮
├──────────────────────────────────────────────────── Metric Table ────────────────────────────────────────────────────┤
│ Global Step:   46/480 │ Progress: ███░░░░░░░░░░░░░░░░░░░░░░░░░░░░░░░░░░░░░ │   9.6%                                  │
│ Elapsed: 03:00:08 │ ETA: 28:19:34 │ Step Time: 234.965s                                                              │
├──────────────────────────────────────────────────────── Time ────────────────────────────────────────────────────────┤
│                                                                                                                      │
│actor/actor/compute_adv=1.53e-05       │actor/actor/recv_traj=222.4            │actor/actor/sync_model_to_rollout=0.0…│
│cal_adv_and_returns=0.0028             │env/compute_bootstrap_rewards=0.0017   │env/env/bootstrap_step=58.629         │
│env/env/send_rollout_trajectories=0.444│env/env_interact_step=154.2            │env/interact=222.3                    │
│env/run_interact_once=221.8            │generate_rollouts=222.4                │rollout/generate_one_epoch=221.3      │
│rollout/rollout/generate=221.3         │step=222.8                             │sync_weights=0.363                    │
│                                                                                                                      │
├──────────────────────────────────────────────────── Environment ─────────────────────────────────────────────────────┤
│                                                                                                                      │
│episode_len=200.0                      │num_trajectories=8                     │return=1.25                           │
│reward=0.00625                         │success_once=0.125                     │                                      │
│                                                                                                                      │
├─────────────────────────────────────────────────── Replay Buffer ────────────────────────────────────────────────────┤
│                                                                                                                      │
│cache_size=6862.0                      │num_trajectories=6862.0                │total_samples=6862.0                  │
│                                                                                                                      │
├─────────────────────────────────────────────────── Training/Other ───────────────────────────────────────────────────┤
│                                                                                                                      │
│replay/actor_switch_rate=0.0000        │replay/done_rate=0.053                 │replay/intervention_rate=0.0000       │
│replay/intervention_requested_rate=0.0…│replay/record_transition_rate=1.000    │replay/reward_mean=0.0066             │
│replay/reward_positive_rate=0.0066     │replay/transition_count=151.0          │rlt/actor_updates_run=0.0000          │
│rlt/critic_updates_run=0.0000          │rlt/desired_total_updates=0.0000       │rlt/global_min_replay_size=6862.0     │
│rlt/global_total_transitions_added=686…│rlt/global_transitions_since_train=686…│rlt/max_updates_per_train_step=1600.0 │
│rlt/min_replay_buffer_size=10000.0     │rlt/pending_update_budget=0.0000       │rlt/ready_for_online=0.0000           │
│rlt/should_train=0.0000                │rlt/skip_reason=1.000                  │rlt/train_every_episodes=0.0000       │
│rlt/train_every_transitions=1.000      │rlt/update_epoch=5.000                 │rlt/update_step=0.0000                │
│rlt/updates_scheduled=0.0000           │rlt/updates_to_run=0.0000              │rlt/warmup_required_updates=3.00e+04  │
│rlt_dvac/enabled=0.0000                │                                       │                                      │
│                                                                                                                      │
╰──────────────────────────────────────────────────────────────────────────────────────────────────────────────────────╯


╭──────────────────────────────────────────────────────────────────────────────────────────────────────────────────────╮
├──────────────────────────────────────────────────── Metric Table ────────────────────────────────────────────────────┤
│ Global Step:   47/480 │ Progress: ███░░░░░░░░░░░░░░░░░░░░░░░░░░░░░░░░░░░░░ │   9.8%                                  │
│ Elapsed: 03:03:55 │ ETA: 28:14:29 │ Step Time: 234.803s                                                              │
├──────────────────────────────────────────────────────── Time ────────────────────────────────────────────────────────┤
│                                                                                                                      │
│actor/actor/compute_adv=1.41e-05       │actor/actor/recv_traj=226.8            │actor/actor/sync_model_to_rollout=0.0…│
│cal_adv_and_returns=0.0030             │env/compute_bootstrap_rewards=0.0017   │env/env/bootstrap_step=59.324         │
│env/env/send_rollout_trajectories=0.450│env/env_interact_step=157.8            │env/interact=226.7                    │
│env/run_interact_once=226.3            │generate_rollouts=226.9                │rollout/generate_one_epoch=225.8      │
│rollout/rollout/generate=225.8         │step=227.4                             │sync_weights=0.470                    │
│                                                                                                                      │
├──────────────────────────────────────────────────── Environment ─────────────────────────────────────────────────────┤
│                                                                                                                      │
│episode_len=200.0                      │num_trajectories=8                     │return=0.0                            │
│reward=0.0                             │success_once=0.0                       │                                      │
│                                                                                                                      │
├─────────────────────────────────────────────────── Replay Buffer ────────────────────────────────────────────────────┤
│                                                                                                                      │
│cache_size=7022.0                      │num_trajectories=7022.0                │total_samples=7022.0                  │
│                                                                                                                      │
├─────────────────────────────────────────────────── Training/Other ───────────────────────────────────────────────────┤
│                                                                                                                      │
│replay/actor_switch_rate=0.0000        │replay/done_rate=0.050                 │replay/intervention_rate=0.0000       │
│replay/intervention_requested_rate=0.0…│replay/record_transition_rate=1.000    │replay/reward_mean=0.0000             │
│replay/reward_positive_rate=0.0000     │replay/transition_count=160.0          │rlt/actor_updates_run=0.0000          │
│rlt/critic_updates_run=0.0000          │rlt/desired_total_updates=0.0000       │rlt/global_min_replay_size=7022.0     │
│rlt/global_total_transitions_added=702…│rlt/global_transitions_since_train=702…│rlt/max_updates_per_train_step=1600.0 │
│rlt/min_replay_buffer_size=10000.0     │rlt/pending_update_budget=0.0000       │rlt/ready_for_online=0.0000           │
│rlt/should_train=0.0000                │rlt/skip_reason=1.000                  │rlt/train_every_episodes=0.0000       │
│rlt/train_every_transitions=1.000      │rlt/update_epoch=5.000                 │rlt/update_step=0.0000                │
│rlt/updates_scheduled=0.0000           │rlt/updates_to_run=0.0000              │rlt/warmup_required_updates=3.00e+04  │
│rlt_dvac/enabled=0.0000                │                                       │                                      │
│                                                                                                                      │
╰──────────────────────────────────────────────────────────────────────────────────────────────────────────────────────╯


╭──────────────────────────────────────────────────────────────────────────────────────────────────────────────────────╮
├──────────────────────────────────────────────────── Metric Table ────────────────────────────────────────────────────┤
│ Global Step:   48/480 │ Progress: ████░░░░░░░░░░░░░░░░░░░░░░░░░░░░░░░░░░░░ │  10.0%                                  │
│ Elapsed: 03:07:38 │ ETA: 28:08:44 │ Step Time: 234.547s                                                              │
├──────────────────────────────────────────────────────── Time ────────────────────────────────────────────────────────┤
│                                                                                                                      │
│actor/actor/compute_adv=5.30e-05       │actor/actor/recv_traj=222.0            │actor/actor/sync_model_to_rollout=0.0…│
│cal_adv_and_returns=0.0035             │env/compute_bootstrap_rewards=0.0017   │env/env/bootstrap_step=59.048         │
│env/env/send_rollout_trajectories=0.452│env/env_interact_step=153.3            │env/interact=222.0                    │
│env/run_interact_once=221.3            │generate_rollouts=222.1                │rollout/generate_one_epoch=220.9      │
│rollout/rollout/generate=220.9         │step=222.5                             │sync_weights=0.393                    │
│                                                                                                                      │
├──────────────────────────────────────────────────── Environment ─────────────────────────────────────────────────────┤
│                                                                                                                      │
│episode_len=200.0                      │num_trajectories=8                     │return=1.375                          │
│reward=0.006875                        │success_once=0.125                     │                                      │
│                                                                                                                      │
├─────────────────────────────────────────────────── Replay Buffer ────────────────────────────────────────────────────┤
│                                                                                                                      │
│cache_size=7172.0                      │num_trajectories=7172.0                │total_samples=7172.0                  │
│                                                                                                                      │
├─────────────────────────────────────────────────── Training/Other ───────────────────────────────────────────────────┤
│                                                                                                                      │
│replay/actor_switch_rate=0.0000        │replay/done_rate=0.053                 │replay/intervention_rate=0.0000       │
│replay/intervention_requested_rate=0.0…│replay/record_transition_rate=1.000    │replay/reward_mean=0.0067             │
│replay/reward_positive_rate=0.0067     │replay/transition_count=150.0          │rlt/actor_updates_run=0.0000          │
│rlt/critic_updates_run=0.0000          │rlt/desired_total_updates=0.0000       │rlt/global_min_replay_size=7172.0     │
│rlt/global_total_transitions_added=717…│rlt/global_transitions_since_train=717…│rlt/max_updates_per_train_step=1600.0 │
│rlt/min_replay_buffer_size=10000.0     │rlt/pending_update_budget=0.0000       │rlt/ready_for_online=0.0000           │
│rlt/should_train=0.0000                │rlt/skip_reason=1.000                  │rlt/train_every_episodes=0.0000       │
│rlt/train_every_transitions=1.000      │rlt/update_epoch=5.000                 │rlt/update_step=0.0000                │
│rlt/updates_scheduled=0.0000           │rlt/updates_to_run=0.0000              │rlt/warmup_required_updates=3.00e+04  │
│rlt_dvac/enabled=0.0000                │                                       │                                      │
│                                                                                                                      │
╰──────────────────────────────────────────────────────────────────────────────────────────────────────────────────────╯


╭──────────────────────────────────────────────────────────────────────────────────────────────────────────────────────╮
├──────────────────────────────────────────────────── Metric Table ────────────────────────────────────────────────────┤
│ Global Step:   49/480 │ Progress: ████░░░░░░░░░░░░░░░░░░░░░░░░░░░░░░░░░░░░ │  10.2%                                  │
│ Elapsed: 03:11:23 │ ETA: 28:03:31 │ Step Time: 234.365s                                                              │
├──────────────────────────────────────────────────────── Time ────────────────────────────────────────────────────────┤
│                                                                                                                      │
│actor/actor/compute_adv=6.55e-05       │actor/actor/recv_traj=225.0            │actor/actor/sync_model_to_rollout=0.0…│
│cal_adv_and_returns=0.0037             │env/compute_bootstrap_rewards=0.0018   │env/env/bootstrap_step=58.998         │
│env/env/send_rollout_trajectories=0.450│env/env_interact_step=156.8            │env/interact=225.0                    │
│env/run_interact_once=224.5            │generate_rollouts=225.1                │rollout/generate_one_epoch=224.0      │
│rollout/rollout/generate=224.0         │step=225.6                             │sync_weights=0.484                    │
│                                                                                                                      │
├──────────────────────────────────────────────────── Environment ─────────────────────────────────────────────────────┤
│                                                                                                                      │
│episode_len=200.0                      │num_trajectories=8                     │return=0.0                            │
│reward=0.0                             │success_once=0.0                       │                                      │
│                                                                                                                      │
├─────────────────────────────────────────────────── Replay Buffer ────────────────────────────────────────────────────┤
│                                                                                                                      │
│cache_size=7332.0                      │num_trajectories=7332.0                │total_samples=7332.0                  │
│                                                                                                                      │
├─────────────────────────────────────────────────── Training/Other ───────────────────────────────────────────────────┤
│                                                                                                                      │
│replay/actor_switch_rate=0.0000        │replay/done_rate=0.050                 │replay/intervention_rate=0.0000       │
│replay/intervention_requested_rate=0.0…│replay/record_transition_rate=1.000    │replay/reward_mean=0.0000             │
│replay/reward_positive_rate=0.0000     │replay/transition_count=160.0          │rlt/actor_updates_run=0.0000          │
│rlt/critic_updates_run=0.0000          │rlt/desired_total_updates=0.0000       │rlt/global_min_replay_size=7332.0     │
│rlt/global_total_transitions_added=733…│rlt/global_transitions_since_train=733…│rlt/max_updates_per_train_step=1600.0 │
│rlt/min_replay_buffer_size=10000.0     │rlt/pending_update_budget=0.0000       │rlt/ready_for_online=0.0000           │
│rlt/should_train=0.0000                │rlt/skip_reason=1.000                  │rlt/train_every_episodes=0.0000       │
│rlt/train_every_transitions=1.000      │rlt/update_epoch=5.000                 │rlt/update_step=0.0000                │
│rlt/updates_scheduled=0.0000           │rlt/updates_to_run=0.0000              │rlt/warmup_required_updates=3.00e+04  │
│rlt_dvac/enabled=0.0000                │                                       │                                      │
│                                                                                                                      │
╰──────────────────────────────────────────────────────────────────────────────────────────────────────────────────────╯


╭──────────────────────────────────────────────────────────────────────────────────────────────────────────────────────╮
├──────────────────────────────────────────────────── Metric Table ────────────────────────────────────────────────────┤
│ Global Step:   50/480 │ Progress: ████░░░░░░░░░░░░░░░░░░░░░░░░░░░░░░░░░░░░ │  10.4%                                  │
│ Elapsed: 03:24:17 │ ETA: 29:16:53 │ Step Time: 245.147s                                                              │
├──────────────────────────────────────────────────────── Time ────────────────────────────────────────────────────────┤
│                                                                                                                      │
│actor/actor/compute_adv=2.89e-05       │actor/actor/recv_traj=226.0            │actor/actor/sync_model_to_rollout=0.0…│
│cal_adv_and_returns=0.0032             │env/compute_bootstrap_rewards=0.0015   │env/env/bootstrap_step=58.556         │
│env/env/send_rollout_trajectories=0.447│env/env_interact_step=158.3            │env/interact=226.0                    │
│env/run_interact_once=225.5            │eval=523.6                             │generate_rollouts=226.1               │
│rollout/generate_one_epoch=225.0       │rollout/rollout/generate=225.0         │step=773.4                            │
│sync_weights=0.391                     │                                       │                                      │
│                                                                                                                      │
├──────────────────────────────────────────────────── Environment ─────────────────────────────────────────────────────┤
│                                                                                                                      │
│episode_len=200.0                      │num_trajectories=8                     │return=0.0                            │
│reward=0.0                             │success_once=0.0                       │                                      │
│                                                                                                                      │
├───────────────────────────────────────────────────── Evaluation ─────────────────────────────────────────────────────┤
│                                                                                                                      │
│episode_len=200.0                      │num_trajectories=20                    │return=0.0                            │
│reward=0.0                             │success_at_end=0.0                     │success_once=0.0                      │
│                                                                                                                      │
├─────────────────────────────────────────────────── Replay Buffer ────────────────────────────────────────────────────┤
│                                                                                                                      │
│cache_size=7492.0                      │num_trajectories=7492.0                │total_samples=7492.0                  │
│                                                                                                                      │
├─────────────────────────────────────────────────── Training/Other ───────────────────────────────────────────────────┤
│                                                                                                                      │
│replay/actor_switch_rate=0.0000        │replay/done_rate=0.050                 │replay/intervention_rate=0.0000       │
│replay/intervention_requested_rate=0.0…│replay/record_transition_rate=1.000    │replay/reward_mean=0.0000             │
│replay/reward_positive_rate=0.0000     │replay/transition_count=160.0          │rlt/actor_updates_run=0.0000          │
│rlt/critic_updates_run=0.0000          │rlt/desired_total_updates=0.0000       │rlt/global_min_replay_size=7492.0     │
│rlt/global_total_transitions_added=749…│rlt/global_transitions_since_train=749…│rlt/max_updates_per_train_step=1600.0 │
│rlt/min_replay_buffer_size=10000.0     │rlt/pending_update_budget=0.0000       │rlt/ready_for_online=0.0000           │
│rlt/should_train=0.0000                │rlt/skip_reason=1.000                  │rlt/train_every_episodes=0.0000       │
│rlt/train_every_transitions=1.000      │rlt/update_epoch=5.000                 │rlt/update_step=0.0000                │
│rlt/updates_scheduled=0.0000           │rlt/updates_to_run=0.0000              │rlt/warmup_required_updates=3.00e+04  │
│rlt_dvac/enabled=0.0000                │                                       │                                      │
│                                                                                                                      │
╰──────────────────────────────────────────────────────────────────────────────────────────────────────────────────────╯


╭──────────────────────────────────────────────────────────────────────────────────────────────────────────────────────╮
├──────────────────────────────────────────────────── Metric Table ────────────────────────────────────────────────────┤
│ Global Step:   51/480 │ Progress: ████░░░░░░░░░░░░░░░░░░░░░░░░░░░░░░░░░░░░ │  10.6%                                  │
│ Elapsed: 03:28:04 │ ETA: 29:10:19 │ Step Time: 244.800s                                                              │
├──────────────────────────────────────────────────────── Time ────────────────────────────────────────────────────────┤
│                                                                                                                      │
│actor/actor/compute_adv=1.26e-05       │actor/actor/recv_traj=226.9            │actor/actor/sync_model_to_rollout=0.0…│
│cal_adv_and_returns=0.0029             │env/compute_bootstrap_rewards=0.0017   │env/env/bootstrap_step=59.505         │
│env/env/send_rollout_trajectories=0.454│env/env_interact_step=157.9            │env/interact=226.8                    │
│env/run_interact_once=226.3            │generate_rollouts=227.0                │rollout/generate_one_epoch=225.8      │
│rollout/rollout/generate=225.8         │step=227.5                             │sync_weights=0.482                    │
│                                                                                                                      │
├──────────────────────────────────────────────────── Environment ─────────────────────────────────────────────────────┤
│                                                                                                                      │
│episode_len=200.0                      │num_trajectories=8                     │return=1.25                           │
│reward=0.00625                         │success_once=0.125                     │                                      │
│                                                                                                                      │
├─────────────────────────────────────────────────── Replay Buffer ────────────────────────────────────────────────────┤
│                                                                                                                      │
│cache_size=7643.0                      │num_trajectories=7643.0                │total_samples=7643.0                  │
│                                                                                                                      │
├─────────────────────────────────────────────────── Training/Other ───────────────────────────────────────────────────┤
│                                                                                                                      │
│replay/actor_switch_rate=0.0000        │replay/done_rate=0.053                 │replay/intervention_rate=0.0000       │
│replay/intervention_requested_rate=0.0…│replay/record_transition_rate=1.000    │replay/reward_mean=0.0066             │
│replay/reward_positive_rate=0.0066     │replay/transition_count=151.0          │rlt/actor_updates_run=0.0000          │
│rlt/critic_updates_run=0.0000          │rlt/desired_total_updates=0.0000       │rlt/global_min_replay_size=7643.0     │
│rlt/global_total_transitions_added=764…│rlt/global_transitions_since_train=764…│rlt/max_updates_per_train_step=1600.0 │
│rlt/min_replay_buffer_size=10000.0     │rlt/pending_update_budget=0.0000       │rlt/ready_for_online=0.0000           │
│rlt/should_train=0.0000                │rlt/skip_reason=1.000                  │rlt/train_every_episodes=0.0000       │
│rlt/train_every_transitions=1.000      │rlt/update_epoch=5.000                 │rlt/update_step=0.0000                │
│rlt/updates_scheduled=0.0000           │rlt/updates_to_run=0.0000              │rlt/warmup_required_updates=3.00e+04  │
│rlt_dvac/enabled=0.0000                │                                       │                                      │
│                                                                                                                      │
╰──────────────────────────────────────────────────────────────────────────────────────────────────────────────────────╯


╭──────────────────────────────────────────────────────────────────────────────────────────────────────────────────────╮
├──────────────────────────────────────────────────── Metric Table ────────────────────────────────────────────────────┤
│ Global Step:   52/480 │ Progress: ████░░░░░░░░░░░░░░░░░░░░░░░░░░░░░░░░░░░░ │  10.8%                                  │
│ Elapsed: 03:31:55 │ ETA: 29:04:20 │ Step Time: 244.534s                                                              │
├──────────────────────────────────────────────────────── Time ────────────────────────────────────────────────────────┤
│                                                                                                                      │
│actor/actor/compute_adv=2.28e-05       │actor/actor/recv_traj=230.4            │actor/actor/sync_model_to_rollout=0.0…│
│cal_adv_and_returns=0.0030             │env/compute_bootstrap_rewards=0.0017   │env/env/bootstrap_step=58.888         │
│env/env/send_rollout_trajectories=0.446│env/env_interact_step=162.0            │env/interact=230.3                    │
│env/run_interact_once=229.8            │generate_rollouts=230.5                │rollout/generate_one_epoch=229.3      │
│rollout/rollout/generate=229.3         │step=230.9                             │sync_weights=0.441                    │
│                                                                                                                      │
├──────────────────────────────────────────────────── Environment ─────────────────────────────────────────────────────┤
│                                                                                                                      │
│episode_len=200.0                      │num_trajectories=8                     │return=0.0                            │
│reward=0.0                             │success_once=0.0                       │                                      │
│                                                                                                                      │
├─────────────────────────────────────────────────── Replay Buffer ────────────────────────────────────────────────────┤
│                                                                                                                      │
│cache_size=7803.0                      │num_trajectories=7803.0                │total_samples=7803.0                  │
│                                                                                                                      │
├─────────────────────────────────────────────────── Training/Other ───────────────────────────────────────────────────┤
│                                                                                                                      │
│replay/actor_switch_rate=0.0000        │replay/done_rate=0.050                 │replay/intervention_rate=0.0000       │
│replay/intervention_requested_rate=0.0…│replay/record_transition_rate=1.000    │replay/reward_mean=0.0000             │
│replay/reward_positive_rate=0.0000     │replay/transition_count=160.0          │rlt/actor_updates_run=0.0000          │
│rlt/critic_updates_run=0.0000          │rlt/desired_total_updates=0.0000       │rlt/global_min_replay_size=7803.0     │
│rlt/global_total_transitions_added=780…│rlt/global_transitions_since_train=780…│rlt/max_updates_per_train_step=1600.0 │
│rlt/min_replay_buffer_size=10000.0     │rlt/pending_update_budget=0.0000       │rlt/ready_for_online=0.0000           │
│rlt/should_train=0.0000                │rlt/skip_reason=1.000                  │rlt/train_every_episodes=0.0000       │
│rlt/train_every_transitions=1.000      │rlt/update_epoch=5.000                 │rlt/update_step=0.0000                │
│rlt/updates_scheduled=0.0000           │rlt/updates_to_run=0.0000              │rlt/warmup_required_updates=3.00e+04  │
│rlt_dvac/enabled=0.0000                │                                       │                                      │
│                                                                                                                      │
╰──────────────────────────────────────────────────────────────────────────────────────────────────────────────────────╯


╭──────────────────────────────────────────────────────────────────────────────────────────────────────────────────────╮
├──────────────────────────────────────────────────── Metric Table ────────────────────────────────────────────────────┤
│ Global Step:   53/480 │ Progress: ████░░░░░░░░░░░░░░░░░░░░░░░░░░░░░░░░░░░░ │  11.0%                                  │
│ Elapsed: 03:35:31 │ ETA: 28:56:21 │ Step Time: 243.985s                                                              │
├──────────────────────────────────────────────────────── Time ────────────────────────────────────────────────────────┤
│                                                                                                                      │
│actor/actor/compute_adv=1.35e-05       │actor/actor/recv_traj=215.0            │actor/actor/sync_model_to_rollout=0.0…│
│cal_adv_and_returns=0.0028             │env/compute_bootstrap_rewards=0.0016   │env/env/bootstrap_step=58.890         │
│env/env/send_rollout_trajectories=0.451│env/env_interact_step=146.8            │env/interact=214.9                    │
│env/run_interact_once=214.4            │generate_rollouts=215.0                │rollout/generate_one_epoch=213.9      │
│rollout/rollout/generate=213.9         │step=215.4                             │sync_weights=0.366                    │
│                                                                                                                      │
├──────────────────────────────────────────────────── Environment ─────────────────────────────────────────────────────┤
│                                                                                                                      │
│episode_len=200.0                      │num_trajectories=8                     │return=2.625                          │
│reward=0.0131250005                    │success_once=0.25                      │                                      │
│                                                                                                                      │
├─────────────────────────────────────────────────── Replay Buffer ────────────────────────────────────────────────────┤
│                                                                                                                      │
│cache_size=7944.0                      │num_trajectories=7944.0                │total_samples=7944.0                  │
│                                                                                                                      │
├─────────────────────────────────────────────────── Training/Other ───────────────────────────────────────────────────┤
│                                                                                                                      │
│replay/actor_switch_rate=0.0000        │replay/done_rate=0.057                 │replay/intervention_rate=0.0000       │
│replay/intervention_requested_rate=0.0…│replay/record_transition_rate=1.000    │replay/reward_mean=0.014              │
│replay/reward_positive_rate=0.014      │replay/transition_count=141.0          │rlt/actor_updates_run=0.0000          │
│rlt/critic_updates_run=0.0000          │rlt/desired_total_updates=0.0000       │rlt/global_min_replay_size=7944.0     │
│rlt/global_total_transitions_added=794…│rlt/global_transitions_since_train=794…│rlt/max_updates_per_train_step=1600.0 │
│rlt/min_replay_buffer_size=10000.0     │rlt/pending_update_budget=0.0000       │rlt/ready_for_online=0.0000           │
│rlt/should_train=0.0000                │rlt/skip_reason=1.000                  │rlt/train_every_episodes=0.0000       │
│rlt/train_every_transitions=1.000      │rlt/update_epoch=5.000                 │rlt/update_step=0.0000                │
│rlt/updates_scheduled=0.0000           │rlt/updates_to_run=0.0000              │rlt/warmup_required_updates=3.00e+04  │
│rlt_dvac/enabled=0.0000                │                                       │                                      │
│                                                                                                                      │
╰──────────────────────────────────────────────────────────────────────────────────────────────────────────────────────╯


╭──────────────────────────────────────────────────────────────────────────────────────────────────────────────────────╮
├──────────────────────────────────────────────────── Metric Table ────────────────────────────────────────────────────┤
│ Global Step:   54/480 │ Progress: ████░░░░░░░░░░░░░░░░░░░░░░░░░░░░░░░░░░░░ │  11.2%                                  │
│ Elapsed: 03:39:14 │ ETA: 28:49:32 │ Step Time: 243.597s                                                              │
├──────────────────────────────────────────────────────── Time ────────────────────────────────────────────────────────┤
│                                                                                                                      │
│actor/actor/compute_adv=3.11e-05       │actor/actor/recv_traj=222.5            │actor/actor/sync_model_to_rollout=0.0…│
│cal_adv_and_returns=0.0029             │env/compute_bootstrap_rewards=0.0016   │env/env/bootstrap_step=57.978         │
│env/env/send_rollout_trajectories=0.417│env/env_interact_step=155.3            │env/interact=222.4                    │
│env/run_interact_once=221.9            │generate_rollouts=222.6                │rollout/generate_one_epoch=221.5      │
│rollout/rollout/generate=221.5         │step=223.0                             │sync_weights=0.456                    │
│                                                                                                                      │
├──────────────────────────────────────────────────── Environment ─────────────────────────────────────────────────────┤
│                                                                                                                      │
│episode_len=200.0                      │num_trajectories=8                     │return=1.125                          │
│reward=0.005625                        │success_once=0.125                     │                                      │
│                                                                                                                      │
├─────────────────────────────────────────────────── Replay Buffer ────────────────────────────────────────────────────┤
│                                                                                                                      │
│cache_size=8096.0                      │num_trajectories=8096.0                │total_samples=8096.0                  │
│                                                                                                                      │
├─────────────────────────────────────────────────── Training/Other ───────────────────────────────────────────────────┤
│                                                                                                                      │
│replay/actor_switch_rate=0.0000        │replay/done_rate=0.053                 │replay/intervention_rate=0.0000       │
│replay/intervention_requested_rate=0.0…│replay/record_transition_rate=1.000    │replay/reward_mean=0.0066             │
│replay/reward_positive_rate=0.0066     │replay/transition_count=152.0          │rlt/actor_updates_run=0.0000          │
│rlt/critic_updates_run=0.0000          │rlt/desired_total_updates=0.0000       │rlt/global_min_replay_size=8096.0     │
│rlt/global_total_transitions_added=809…│rlt/global_transitions_since_train=809…│rlt/max_updates_per_train_step=1600.0 │
│rlt/min_replay_buffer_size=10000.0     │rlt/pending_update_budget=0.0000       │rlt/ready_for_online=0.0000           │
│rlt/should_train=0.0000                │rlt/skip_reason=1.000                  │rlt/train_every_episodes=0.0000       │
│rlt/train_every_transitions=1.000      │rlt/update_epoch=5.000                 │rlt/update_step=0.0000                │
│rlt/updates_scheduled=0.0000           │rlt/updates_to_run=0.0000              │rlt/warmup_required_updates=3.00e+04  │
│rlt_dvac/enabled=0.0000                │                                       │                                      │
│                                                                                                                      │
╰──────────────────────────────────────────────────────────────────────────────────────────────────────────────────────╯


╭──────────────────────────────────────────────────────────────────────────────────────────────────────────────────────╮
├──────────────────────────────────────────────────── Metric Table ────────────────────────────────────────────────────┤
│ Global Step:   55/480 │ Progress: ████░░░░░░░░░░░░░░░░░░░░░░░░░░░░░░░░░░░░ │  11.5%                                  │
│ Elapsed: 03:43:00 │ ETA: 28:43:16 │ Step Time: 243.286s                                                              │
├──────────────────────────────────────────────────────── Time ────────────────────────────────────────────────────────┤
│                                                                                                                      │
│actor/actor/compute_adv=2.00e-05       │actor/actor/recv_traj=225.9            │actor/actor/sync_model_to_rollout=0.0…│
│cal_adv_and_returns=0.0029             │env/compute_bootstrap_rewards=0.0016   │env/env/bootstrap_step=58.662         │
│env/env/send_rollout_trajectories=0.457│env/env_interact_step=157.7            │env/interact=225.9                    │
│env/run_interact_once=225.4            │generate_rollouts=226.0                │rollout/generate_one_epoch=224.9      │
│rollout/rollout/generate=224.9         │step=226.5                             │sync_weights=0.474                    │
│                                                                                                                      │
├──────────────────────────────────────────────────── Environment ─────────────────────────────────────────────────────┤
│                                                                                                                      │
│episode_len=200.0                      │num_trajectories=8                     │return=1.125                          │
│reward=0.005625                        │success_once=0.125                     │                                      │
│                                                                                                                      │
├─────────────────────────────────────────────────── Replay Buffer ────────────────────────────────────────────────────┤
│                                                                                                                      │
│cache_size=8248.0                      │num_trajectories=8248.0                │total_samples=8248.0                  │
│                                                                                                                      │
├─────────────────────────────────────────────────── Training/Other ───────────────────────────────────────────────────┤
│                                                                                                                      │
│replay/actor_switch_rate=0.0000        │replay/done_rate=0.053                 │replay/intervention_rate=0.0000       │
│replay/intervention_requested_rate=0.0…│replay/record_transition_rate=1.000    │replay/reward_mean=0.0066             │
│replay/reward_positive_rate=0.0066     │replay/transition_count=152.0          │rlt/actor_updates_run=0.0000          │
│rlt/critic_updates_run=0.0000          │rlt/desired_total_updates=0.0000       │rlt/global_min_replay_size=8248.0     │
│rlt/global_total_transitions_added=824…│rlt/global_transitions_since_train=824…│rlt/max_updates_per_train_step=1600.0 │
│rlt/min_replay_buffer_size=10000.0     │rlt/pending_update_budget=0.0000       │rlt/ready_for_online=0.0000           │
│rlt/should_train=0.0000                │rlt/skip_reason=1.000                  │rlt/train_every_episodes=0.0000       │
│rlt/train_every_transitions=1.000      │rlt/update_epoch=5.000                 │rlt/update_step=0.0000                │
│rlt/updates_scheduled=0.0000           │rlt/updates_to_run=0.0000              │rlt/warmup_required_updates=3.00e+04  │
│rlt_dvac/enabled=0.0000                │                                       │                                      │
│                                                                                                                      │
╰──────────────────────────────────────────────────────────────────────────────────────────────────────────────────────╯


╭──────────────────────────────────────────────────────────────────────────────────────────────────────────────────────╮
├──────────────────────────────────────────────────── Metric Table ────────────────────────────────────────────────────┤
│ Global Step:   56/480 │ Progress: ████░░░░░░░░░░░░░░░░░░░░░░░░░░░░░░░░░░░░ │  11.7%                                  │
│ Elapsed: 03:46:47 │ ETA: 28:37:04 │ Step Time: 242.983s                                                              │
├──────────────────────────────────────────────────────── Time ────────────────────────────────────────────────────────┤
│                                                                                                                      │
│actor/actor/compute_adv=2.65e-05       │actor/actor/recv_traj=225.9            │actor/actor/sync_model_to_rollout=0.0…│
│cal_adv_and_returns=0.0032             │env/compute_bootstrap_rewards=0.0017   │env/env/bootstrap_step=58.794         │
│env/env/send_rollout_trajectories=0.451│env/env_interact_step=157.6            │env/interact=225.8                    │
│env/run_interact_once=225.3            │generate_rollouts=225.9                │rollout/generate_one_epoch=224.8      │
│rollout/rollout/generate=224.8         │step=226.3                             │sync_weights=0.349                    │
│                                                                                                                      │
├──────────────────────────────────────────────────── Environment ─────────────────────────────────────────────────────┤
│                                                                                                                      │
│episode_len=200.0                      │num_trajectories=8                     │return=0.0                            │
│reward=0.0                             │success_once=0.0                       │                                      │
│                                                                                                                      │
├─────────────────────────────────────────────────── Replay Buffer ────────────────────────────────────────────────────┤
│                                                                                                                      │
│cache_size=8408.0                      │num_trajectories=8408.0                │total_samples=8408.0                  │
│                                                                                                                      │
├─────────────────────────────────────────────────── Training/Other ───────────────────────────────────────────────────┤
│                                                                                                                      │
│replay/actor_switch_rate=0.0000        │replay/done_rate=0.050                 │replay/intervention_rate=0.0000       │
│replay/intervention_requested_rate=0.0…│replay/record_transition_rate=1.000    │replay/reward_mean=0.0000             │
│replay/reward_positive_rate=0.0000     │replay/transition_count=160.0          │rlt/actor_updates_run=0.0000          │
│rlt/critic_updates_run=0.0000          │rlt/desired_total_updates=0.0000       │rlt/global_min_replay_size=8408.0     │
│rlt/global_total_transitions_added=840…│rlt/global_transitions_since_train=840…│rlt/max_updates_per_train_step=1600.0 │
│rlt/min_replay_buffer_size=10000.0     │rlt/pending_update_budget=0.0000       │rlt/ready_for_online=0.0000           │
│rlt/should_train=0.0000                │rlt/skip_reason=1.000                  │rlt/train_every_episodes=0.0000       │
│rlt/train_every_transitions=1.000      │rlt/update_epoch=5.000                 │rlt/update_step=0.0000                │
│rlt/updates_scheduled=0.0000           │rlt/updates_to_run=0.0000              │rlt/warmup_required_updates=3.00e+04  │
│rlt_dvac/enabled=0.0000                │                                       │                                      │
│                                                                                                                      │
╰──────────────────────────────────────────────────────────────────────────────────────────────────────────────────────╯


╭──────────────────────────────────────────────────────────────────────────────────────────────────────────────────────╮
├──────────────────────────────────────────────────── Metric Table ────────────────────────────────────────────────────┤
│ Global Step:   57/480 │ Progress: ████░░░░░░░░░░░░░░░░░░░░░░░░░░░░░░░░░░░░ │  11.9%                                  │
│ Elapsed: 03:50:22 │ ETA: 28:29:38 │ Step Time: 242.502s                                                              │
├──────────────────────────────────────────────────────── Time ────────────────────────────────────────────────────────┤
│                                                                                                                      │
│actor/actor/compute_adv=1.65e-05       │actor/actor/recv_traj=215.0            │actor/actor/sync_model_to_rollout=0.0…│
│cal_adv_and_returns=0.0034             │env/compute_bootstrap_rewards=0.0016   │env/env/bootstrap_step=58.874         │
│env/env/send_rollout_trajectories=0.448│env/env_interact_step=146.9            │env/interact=215.0                    │
│env/run_interact_once=214.5            │generate_rollouts=215.1                │rollout/generate_one_epoch=214.0      │
│rollout/rollout/generate=214.0         │step=215.6                             │sync_weights=0.462                    │
│                                                                                                                      │
├──────────────────────────────────────────────────── Environment ─────────────────────────────────────────────────────┤
│                                                                                                                      │
│episode_len=200.0                      │num_trajectories=8                     │return=2.5                            │
│reward=0.0125                          │success_once=0.25                      │                                      │
│                                                                                                                      │
├─────────────────────────────────────────────────── Replay Buffer ────────────────────────────────────────────────────┤
│                                                                                                                      │
│cache_size=8550.0                      │num_trajectories=8550.0                │total_samples=8550.0                  │
│                                                                                                                      │
├─────────────────────────────────────────────────── Training/Other ───────────────────────────────────────────────────┤
│                                                                                                                      │
│replay/actor_switch_rate=0.0000        │replay/done_rate=0.056                 │replay/intervention_rate=0.0000       │
│replay/intervention_requested_rate=0.0…│replay/record_transition_rate=1.000    │replay/reward_mean=0.014              │
│replay/reward_positive_rate=0.014      │replay/transition_count=142.0          │rlt/actor_updates_run=0.0000          │
│rlt/critic_updates_run=0.0000          │rlt/desired_total_updates=0.0000       │rlt/global_min_replay_size=8550.0     │
│rlt/global_total_transitions_added=855…│rlt/global_transitions_since_train=855…│rlt/max_updates_per_train_step=1600.0 │
│rlt/min_replay_buffer_size=10000.0     │rlt/pending_update_budget=0.0000       │rlt/ready_for_online=0.0000           │
│rlt/should_train=0.0000                │rlt/skip_reason=1.000                  │rlt/train_every_episodes=0.0000       │
│rlt/train_every_transitions=1.000      │rlt/update_epoch=5.000                 │rlt/update_step=0.0000                │
│rlt/updates_scheduled=0.0000           │rlt/updates_to_run=0.0000              │rlt/warmup_required_updates=3.00e+04  │
│rlt_dvac/enabled=0.0000                │                                       │                                      │
│                                                                                                                      │
╰──────────────────────────────────────────────────────────────────────────────────────────────────────────────────────╯


╭──────────────────────────────────────────────────────────────────────────────────────────────────────────────────────╮
├──────────────────────────────────────────────────── Metric Table ────────────────────────────────────────────────────┤
│ Global Step:   58/480 │ Progress: ████░░░░░░░░░░░░░░░░░░░░░░░░░░░░░░░░░░░░ │  12.1%                                  │
│ Elapsed: 03:54:01 │ ETA: 28:22:41 │ Step Time: 242.088s                                                              │
├──────────────────────────────────────────────────────── Time ────────────────────────────────────────────────────────┤
│                                                                                                                      │
│actor/actor/compute_adv=3.20e-05       │actor/actor/recv_traj=217.9            │actor/actor/sync_model_to_rollout=0.0…│
│cal_adv_and_returns=0.0033             │env/compute_bootstrap_rewards=0.0016   │env/env/bootstrap_step=58.302         │
│env/env/send_rollout_trajectories=0.454│env/env_interact_step=150.2            │env/interact=217.9                    │
│env/run_interact_once=217.4            │generate_rollouts=218.0                │rollout/generate_one_epoch=216.9      │
│rollout/rollout/generate=216.9         │step=218.5                             │sync_weights=0.460                    │
│                                                                                                                      │
├──────────────────────────────────────────────────── Environment ─────────────────────────────────────────────────────┤
│                                                                                                                      │
│episode_len=200.0                      │num_trajectories=8                     │return=2.0                            │
│reward=0.01                            │success_once=0.25                      │                                      │
│                                                                                                                      │
├─────────────────────────────────────────────────── Replay Buffer ────────────────────────────────────────────────────┤
│                                                                                                                      │
│cache_size=8696.0                      │num_trajectories=8696.0                │total_samples=8696.0                  │
│                                                                                                                      │
├─────────────────────────────────────────────────── Training/Other ───────────────────────────────────────────────────┤
│                                                                                                                      │
│replay/actor_switch_rate=0.0000        │replay/done_rate=0.055                 │replay/intervention_rate=0.0000       │
│replay/intervention_requested_rate=0.0…│replay/record_transition_rate=1.000    │replay/reward_mean=0.014              │
│replay/reward_positive_rate=0.014      │replay/transition_count=146.0          │rlt/actor_updates_run=0.0000          │
│rlt/critic_updates_run=0.0000          │rlt/desired_total_updates=0.0000       │rlt/global_min_replay_size=8696.0     │
│rlt/global_total_transitions_added=869…│rlt/global_transitions_since_train=869…│rlt/max_updates_per_train_step=1600.0 │
│rlt/min_replay_buffer_size=10000.0     │rlt/pending_update_budget=0.0000       │rlt/ready_for_online=0.0000           │
│rlt/should_train=0.0000                │rlt/skip_reason=1.000                  │rlt/train_every_episodes=0.0000       │
│rlt/train_every_transitions=1.000      │rlt/update_epoch=5.000                 │rlt/update_step=0.0000                │
│rlt/updates_scheduled=0.0000           │rlt/updates_to_run=0.0000              │rlt/warmup_required_updates=3.00e+04  │
│rlt_dvac/enabled=0.0000                │                                       │                                      │
│                                                                                                                      │
╰──────────────────────────────────────────────────────────────────────────────────────────────────────────────────────╯


╭──────────────────────────────────────────────────────────────────────────────────────────────────────────────────────╮
├──────────────────────────────────────────────────── Metric Table ────────────────────────────────────────────────────┤
│ Global Step:   59/480 │ Progress: ████░░░░░░░░░░░░░░░░░░░░░░░░░░░░░░░░░░░░ │  12.3%                                  │
│ Elapsed: 03:57:40 │ ETA: 28:15:57 │ Step Time: 241.705s                                                              │
├──────────────────────────────────────────────────────── Time ────────────────────────────────────────────────────────┤
│                                                                                                                      │
│actor/actor/compute_adv=2.50e-05       │actor/actor/recv_traj=219.1            │actor/actor/sync_model_to_rollout=0.0…│
│cal_adv_and_returns=0.0031             │env/compute_bootstrap_rewards=0.0017   │env/env/bootstrap_step=58.417         │
│env/env/send_rollout_trajectories=0.455│env/env_interact_step=151.2            │env/interact=219.0                    │
│env/run_interact_once=218.5            │generate_rollouts=219.2                │rollout/generate_one_epoch=218.0      │
│rollout/rollout/generate=218.0         │step=219.5                             │sync_weights=0.345                    │
│                                                                                                                      │
├──────────────────────────────────────────────────── Environment ─────────────────────────────────────────────────────┤
│                                                                                                                      │
│episode_len=200.0                      │num_trajectories=8                     │return=1.125                          │
│reward=0.005625                        │success_once=0.125                     │                                      │
│                                                                                                                      │
├─────────────────────────────────────────────────── Replay Buffer ────────────────────────────────────────────────────┤
│                                                                                                                      │
│cache_size=8848.0                      │num_trajectories=8848.0                │total_samples=8848.0                  │
│                                                                                                                      │
├─────────────────────────────────────────────────── Training/Other ───────────────────────────────────────────────────┤
│                                                                                                                      │
│replay/actor_switch_rate=0.0000        │replay/done_rate=0.053                 │replay/intervention_rate=0.0000       │
│replay/intervention_requested_rate=0.0…│replay/record_transition_rate=1.000    │replay/reward_mean=0.0066             │
│replay/reward_positive_rate=0.0066     │replay/transition_count=152.0          │rlt/actor_updates_run=0.0000          │
│rlt/critic_updates_run=0.0000          │rlt/desired_total_updates=0.0000       │rlt/global_min_replay_size=8848.0     │
│rlt/global_total_transitions_added=884…│rlt/global_transitions_since_train=884…│rlt/max_updates_per_train_step=1600.0 │
│rlt/min_replay_buffer_size=10000.0     │rlt/pending_update_budget=0.0000       │rlt/ready_for_online=0.0000           │
│rlt/should_train=0.0000                │rlt/skip_reason=1.000                  │rlt/train_every_episodes=0.0000       │
│rlt/train_every_transitions=1.000      │rlt/update_epoch=5.000                 │rlt/update_step=0.0000                │
│rlt/updates_scheduled=0.0000           │rlt/updates_to_run=0.0000              │rlt/warmup_required_updates=3.00e+04  │
│rlt_dvac/enabled=0.0000                │                                       │                                      │
│                                                                                                                      │
╰──────────────────────────────────────────────────────────────────────────────────────────────────────────────────────╯


╭──────────────────────────────────────────────────────────────────────────────────────────────────────────────────────╮
├──────────────────────────────────────────────────── Metric Table ────────────────────────────────────────────────────┤
│ Global Step:   60/480 │ Progress: █████░░░░░░░░░░░░░░░░░░░░░░░░░░░░░░░░░░░ │  12.5%                                  │
│ Elapsed: 04:01:18 │ ETA: 28:09:06 │ Step Time: 241.300s                                                              │
├──────────────────────────────────────────────────────── Time ────────────────────────────────────────────────────────┤
│                                                                                                                      │
│actor/actor/compute_adv=2.66e-05       │actor/actor/recv_traj=216.8            │actor/actor/sync_model_to_rollout=0.0…│
│cal_adv_and_returns=0.0037             │env/compute_bootstrap_rewards=0.0019   │env/env/bootstrap_step=58.504         │
│env/env/send_rollout_trajectories=0.451│env/env_interact_step=148.8            │env/interact=216.8                    │
│env/run_interact_once=216.3            │generate_rollouts=216.9                │rollout/generate_one_epoch=215.8      │
│rollout/rollout/generate=215.8         │step=217.4                             │sync_weights=0.472                    │
│                                                                                                                      │
├──────────────────────────────────────────────────── Environment ─────────────────────────────────────────────────────┤
│                                                                                                                      │
│episode_len=200.0                      │num_trajectories=8                     │return=2.5                            │
│reward=0.0125                          │success_once=0.25                      │                                      │
│                                                                                                                      │
├─────────────────────────────────────────────────── Replay Buffer ────────────────────────────────────────────────────┤
│                                                                                                                      │
│cache_size=8990.0                      │num_trajectories=8990.0                │total_samples=8990.0                  │
│                                                                                                                      │
├─────────────────────────────────────────────────── Training/Other ───────────────────────────────────────────────────┤
│                                                                                                                      │
│replay/actor_switch_rate=0.0000        │replay/done_rate=0.056                 │replay/intervention_rate=0.0000       │
│replay/intervention_requested_rate=0.0…│replay/record_transition_rate=1.000    │replay/reward_mean=0.014              │
│replay/reward_positive_rate=0.014      │replay/transition_count=142.0          │rlt/actor_updates_run=0.0000          │
│rlt/critic_updates_run=0.0000          │rlt/desired_total_updates=0.0000       │rlt/global_min_replay_size=8990.0     │
│rlt/global_total_transitions_added=899…│rlt/global_transitions_since_train=899…│rlt/max_updates_per_train_step=1600.0 │
│rlt/min_replay_buffer_size=10000.0     │rlt/pending_update_budget=0.0000       │rlt/ready_for_online=0.0000           │
│rlt/should_train=0.0000                │rlt/skip_reason=1.000                  │rlt/train_every_episodes=0.0000       │
│rlt/train_every_transitions=1.000      │rlt/update_epoch=5.000                 │rlt/update_step=0.0000                │
│rlt/updates_scheduled=0.0000           │rlt/updates_to_run=0.0000              │rlt/warmup_required_updates=3.00e+04  │
│rlt_dvac/enabled=0.0000                │                                       │                                      │
│                                                                                                                      │
╰──────────────────────────────────────────────────────────────────────────────────────────────────────────────────────╯


╭──────────────────────────────────────────────────────────────────────────────────────────────────────────────────────╮
├──────────────────────────────────────────────────── Metric Table ────────────────────────────────────────────────────┤
│ Global Step:   61/480 │ Progress: █████░░░░░░░░░░░░░░░░░░░░░░░░░░░░░░░░░░░ │  12.7%                                  │
│ Elapsed: 04:05:02 │ ETA: 28:03:07 │ Step Time: 241.019s                                                              │
├──────────────────────────────────────────────────────── Time ────────────────────────────────────────────────────────┤
│                                                                                                                      │
│actor/actor/compute_adv=2.77e-05       │actor/actor/recv_traj=223.6            │actor/actor/sync_model_to_rollout=0.0…│
│cal_adv_and_returns=0.0031             │env/compute_bootstrap_rewards=0.0016   │env/env/bootstrap_step=57.990         │
│env/env/send_rollout_trajectories=0.450│env/env_interact_step=156.3            │env/interact=223.5                    │
│env/run_interact_once=223.0            │generate_rollouts=223.6                │rollout/generate_one_epoch=222.5      │
│rollout/rollout/generate=222.5         │step=224.1                             │sync_weights=0.487                    │
│                                                                                                                      │
├──────────────────────────────────────────────────── Environment ─────────────────────────────────────────────────────┤
│                                                                                                                      │
│episode_len=200.0                      │num_trajectories=8                     │return=0.625                          │
│reward=0.003125                        │success_once=0.125                     │                                      │
│                                                                                                                      │
├─────────────────────────────────────────────────── Replay Buffer ────────────────────────────────────────────────────┤
│                                                                                                                      │
│cache_size=9146.0                      │num_trajectories=9146.0                │total_samples=9146.0                  │
│                                                                                                                      │
├─────────────────────────────────────────────────── Training/Other ───────────────────────────────────────────────────┤
│                                                                                                                      │
│replay/actor_switch_rate=0.0000        │replay/done_rate=0.051                 │replay/intervention_rate=0.0000       │
│replay/intervention_requested_rate=0.0…│replay/record_transition_rate=1.000    │replay/reward_mean=0.0064             │
│replay/reward_positive_rate=0.0064     │replay/transition_count=156.0          │rlt/actor_updates_run=0.0000          │
│rlt/critic_updates_run=0.0000          │rlt/desired_total_updates=0.0000       │rlt/global_min_replay_size=9146.0     │
│rlt/global_total_transitions_added=914…│rlt/global_transitions_since_train=914…│rlt/max_updates_per_train_step=1600.0 │
│rlt/min_replay_buffer_size=10000.0     │rlt/pending_update_budget=0.0000       │rlt/ready_for_online=0.0000           │
│rlt/should_train=0.0000                │rlt/skip_reason=1.000                  │rlt/train_every_episodes=0.0000       │
│rlt/train_every_transitions=1.000      │rlt/update_epoch=5.000                 │rlt/update_step=0.0000                │
│rlt/updates_scheduled=0.0000           │rlt/updates_to_run=0.0000              │rlt/warmup_required_updates=3.00e+04  │
│rlt_dvac/enabled=0.0000                │                                       │                                      │
│                                                                                                                      │
╰──────────────────────────────────────────────────────────────────────────────────────────────────────────────────────╯


╭──────────────────────────────────────────────────────────────────────────────────────────────────────────────────────╮
├──────────────────────────────────────────────────── Metric Table ────────────────────────────────────────────────────┤
│ Global Step:   62/480 │ Progress: █████░░░░░░░░░░░░░░░░░░░░░░░░░░░░░░░░░░░ │  12.9%                                  │
│ Elapsed: 04:08:39 │ ETA: 27:56:26 │ Step Time: 240.638s                                                              │
├──────────────────────────────────────────────────────── Time ────────────────────────────────────────────────────────┤
│                                                                                                                      │
│actor/actor/compute_adv=9.92e-06       │actor/actor/recv_traj=216.9            │actor/actor/sync_model_to_rollout=0.0…│
│cal_adv_and_returns=0.0028             │env/compute_bootstrap_rewards=0.0015   │env/env/bootstrap_step=58.837         │
│env/env/send_rollout_trajectories=0.445│env/env_interact_step=148.7            │env/interact=216.9                    │
│env/run_interact_once=216.4            │generate_rollouts=217.0                │rollout/generate_one_epoch=215.9      │
│rollout/rollout/generate=215.9         │step=217.4                             │sync_weights=0.349                    │
│                                                                                                                      │
├──────────────────────────────────────────────────── Environment ─────────────────────────────────────────────────────┤
│                                                                                                                      │
│episode_len=200.0                      │num_trajectories=8                     │return=2.125                          │
│reward=0.010625                        │success_once=0.25                      │                                      │
│                                                                                                                      │
├─────────────────────────────────────────────────── Replay Buffer ────────────────────────────────────────────────────┤
│                                                                                                                      │
│cache_size=9291.0                      │num_trajectories=9291.0                │total_samples=9291.0                  │
│                                                                                                                      │
├─────────────────────────────────────────────────── Training/Other ───────────────────────────────────────────────────┤
│                                                                                                                      │
│replay/actor_switch_rate=0.0000        │replay/done_rate=0.055                 │replay/intervention_rate=0.0000       │
│replay/intervention_requested_rate=0.0…│replay/record_transition_rate=1.000    │replay/reward_mean=0.014              │
│replay/reward_positive_rate=0.014      │replay/transition_count=145.0          │rlt/actor_updates_run=0.0000          │
│rlt/critic_updates_run=0.0000          │rlt/desired_total_updates=0.0000       │rlt/global_min_replay_size=9291.0     │
│rlt/global_total_transitions_added=929…│rlt/global_transitions_since_train=929…│rlt/max_updates_per_train_step=1600.0 │
│rlt/min_replay_buffer_size=10000.0     │rlt/pending_update_budget=0.0000       │rlt/ready_for_online=0.0000           │
│rlt/should_train=0.0000                │rlt/skip_reason=1.000                  │rlt/train_every_episodes=0.0000       │
│rlt/train_every_transitions=1.000      │rlt/update_epoch=5.000                 │rlt/update_step=0.0000                │
│rlt/updates_scheduled=0.0000           │rlt/updates_to_run=0.0000              │rlt/warmup_required_updates=3.00e+04  │
│rlt_dvac/enabled=0.0000                │                                       │                                      │
│                                                                                                                      │
╰──────────────────────────────────────────────────────────────────────────────────────────────────────────────────────╯


╭──────────────────────────────────────────────────────────────────────────────────────────────────────────────────────╮
├──────────────────────────────────────────────────── Metric Table ────────────────────────────────────────────────────┤
│ Global Step:   63/480 │ Progress: █████░░░░░░░░░░░░░░░░░░░░░░░░░░░░░░░░░░░ │  13.1%                                  │
│ Elapsed: 04:12:04 │ ETA: 27:48:32 │ Step Time: 240.077s                                                              │
├──────────────────────────────────────────────────────── Time ────────────────────────────────────────────────────────┤
│                                                                                                                      │
│actor/actor/compute_adv=1.47e-05       │actor/actor/recv_traj=204.7            │actor/actor/sync_model_to_rollout=0.0…│
│cal_adv_and_returns=0.0030             │env/compute_bootstrap_rewards=0.0016   │env/env/bootstrap_step=58.163         │
│env/env/send_rollout_trajectories=0.445│env/env_interact_step=137.2            │env/interact=204.7                    │
│env/run_interact_once=204.2            │generate_rollouts=204.8                │rollout/generate_one_epoch=203.8      │
│rollout/rollout/generate=203.8         │step=205.3                             │sync_weights=0.469                    │
│                                                                                                                      │
├──────────────────────────────────────────────────── Environment ─────────────────────────────────────────────────────┤
│                                                                                                                      │
│episode_len=200.0                      │num_trajectories=8                     │return=3.875                          │
│reward=0.019375                        │success_once=0.375                     │                                      │
│                                                                                                                      │
├─────────────────────────────────────────────────── Replay Buffer ────────────────────────────────────────────────────┤
│                                                                                                                      │
│cache_size=9423.0                      │num_trajectories=9423.0                │total_samples=9423.0                  │
│                                                                                                                      │
├─────────────────────────────────────────────────── Training/Other ───────────────────────────────────────────────────┤
│                                                                                                                      │
│replay/actor_switch_rate=0.0000        │replay/done_rate=0.061                 │replay/intervention_rate=0.0000       │
│replay/intervention_requested_rate=0.0…│replay/record_transition_rate=1.000    │replay/reward_mean=0.023              │
│replay/reward_positive_rate=0.023      │replay/transition_count=132.0          │rlt/actor_updates_run=0.0000          │
│rlt/critic_updates_run=0.0000          │rlt/desired_total_updates=0.0000       │rlt/global_min_replay_size=9423.0     │
│rlt/global_total_transitions_added=942…│rlt/global_transitions_since_train=942…│rlt/max_updates_per_train_step=1600.0 │
│rlt/min_replay_buffer_size=10000.0     │rlt/pending_update_budget=0.0000       │rlt/ready_for_online=0.0000           │
│rlt/should_train=0.0000                │rlt/skip_reason=1.000                  │rlt/train_every_episodes=0.0000       │
│rlt/train_every_transitions=1.000      │rlt/update_epoch=5.000                 │rlt/update_step=0.0000                │
│rlt/updates_scheduled=0.0000           │rlt/updates_to_run=0.0000              │rlt/warmup_required_updates=3.00e+04  │
│rlt_dvac/enabled=0.0000                │                                       │                                      │
│                                                                                                                      │
╰──────────────────────────────────────────────────────────────────────────────────────────────────────────────────────╯


╭──────────────────────────────────────────────────────────────────────────────────────────────────────────────────────╮
├──────────────────────────────────────────────────── Metric Table ────────────────────────────────────────────────────┤
│ Global Step:   64/480 │ Progress: █████░░░░░░░░░░░░░░░░░░░░░░░░░░░░░░░░░░░ │  13.3%                                  │
│ Elapsed: 04:15:44 │ ETA: 27:42:17 │ Step Time: 239.754s                                                              │
├──────────────────────────────────────────────────────── Time ────────────────────────────────────────────────────────┤
│                                                                                                                      │
│actor/actor/compute_adv=2.55e-05       │actor/actor/recv_traj=218.9            │actor/actor/sync_model_to_rollout=0.0…│
│cal_adv_and_returns=0.0032             │env/compute_bootstrap_rewards=0.0016   │env/env/bootstrap_step=58.521         │
│env/env/send_rollout_trajectories=0.451│env/env_interact_step=150.9            │env/interact=218.8                    │
│env/run_interact_once=218.3            │generate_rollouts=218.9                │rollout/generate_one_epoch=217.8      │
│rollout/rollout/generate=217.8         │step=219.4                             │sync_weights=0.455                    │
│                                                                                                                      │
├──────────────────────────────────────────────────── Environment ─────────────────────────────────────────────────────┤
│                                                                                                                      │
│episode_len=200.0                      │num_trajectories=8                     │return=1.125                          │
│reward=0.005625                        │success_once=0.125                     │                                      │
│                                                                                                                      │
├─────────────────────────────────────────────────── Replay Buffer ────────────────────────────────────────────────────┤
│                                                                                                                      │
│cache_size=9575.0                      │num_trajectories=9575.0                │total_samples=9575.0                  │
│                                                                                                                      │
├─────────────────────────────────────────────────── Training/Other ───────────────────────────────────────────────────┤
│                                                                                                                      │
│replay/actor_switch_rate=0.0000        │replay/done_rate=0.053                 │replay/intervention_rate=0.0000       │
│replay/intervention_requested_rate=0.0…│replay/record_transition_rate=1.000    │replay/reward_mean=0.0066             │
│replay/reward_positive_rate=0.0066     │replay/transition_count=152.0          │rlt/actor_updates_run=0.0000          │
│rlt/critic_updates_run=0.0000          │rlt/desired_total_updates=0.0000       │rlt/global_min_replay_size=9575.0     │
│rlt/global_total_transitions_added=957…│rlt/global_transitions_since_train=957…│rlt/max_updates_per_train_step=1600.0 │
│rlt/min_replay_buffer_size=10000.0     │rlt/pending_update_budget=0.0000       │rlt/ready_for_online=0.0000           │
│rlt/should_train=0.0000                │rlt/skip_reason=1.000                  │rlt/train_every_episodes=0.0000       │
│rlt/train_every_transitions=1.000      │rlt/update_epoch=5.000                 │rlt/update_step=0.0000                │
│rlt/updates_scheduled=0.0000           │rlt/updates_to_run=0.0000              │rlt/warmup_required_updates=3.00e+04  │
│rlt_dvac/enabled=0.0000                │                                       │                                      │
│                                                                                                                      │
╰──────────────────────────────────────────────────────────────────────────────────────────────────────────────────────╯


╭──────────────────────────────────────────────────────────────────────────────────────────────────────────────────────╮
├──────────────────────────────────────────────────── Metric Table ────────────────────────────────────────────────────┤
│ Global Step:   65/480 │ Progress: █████░░░░░░░░░░░░░░░░░░░░░░░░░░░░░░░░░░░ │  13.5%                                  │
│ Elapsed: 04:19:12 │ ETA: 27:34:59 │ Step Time: 239.275s                                                              │
├──────────────────────────────────────────────────────── Time ────────────────────────────────────────────────────────┤
│                                                                                                                      │
│actor/actor/compute_adv=1.53e-05       │actor/actor/recv_traj=208.2            │actor/actor/sync_model_to_rollout=0.0…│
│cal_adv_and_returns=0.0027             │env/compute_bootstrap_rewards=0.0016   │env/env/bootstrap_step=58.347         │
│env/env/send_rollout_trajectories=0.442│env/env_interact_step=140.2            │env/interact=208.1                    │
│env/run_interact_once=207.7            │generate_rollouts=208.3                │rollout/generate_one_epoch=207.2      │
│rollout/rollout/generate=207.2         │step=208.6                             │sync_weights=0.353                    │
│                                                                                                                      │
├──────────────────────────────────────────────────── Environment ─────────────────────────────────────────────────────┤
│                                                                                                                      │
│episode_len=200.0                      │num_trajectories=8                     │return=3.5                            │
│reward=0.0175                          │success_once=0.375                     │                                      │
│                                                                                                                      │
├─────────────────────────────────────────────────── Replay Buffer ────────────────────────────────────────────────────┤
│                                                                                                                      │
│cache_size=9710.0                      │num_trajectories=9710.0                │total_samples=9710.0                  │
│                                                                                                                      │
├─────────────────────────────────────────────────── Training/Other ───────────────────────────────────────────────────┤
│                                                                                                                      │
│replay/actor_switch_rate=0.0000        │replay/done_rate=0.059                 │replay/intervention_rate=0.0000       │
│replay/intervention_requested_rate=0.0…│replay/record_transition_rate=1.000    │replay/reward_mean=0.022              │
│replay/reward_positive_rate=0.022      │replay/transition_count=135.0          │rlt/actor_updates_run=0.0000          │
│rlt/critic_updates_run=0.0000          │rlt/desired_total_updates=0.0000       │rlt/global_min_replay_size=9710.0     │
│rlt/global_total_transitions_added=971…│rlt/global_transitions_since_train=971…│rlt/max_updates_per_train_step=1600.0 │
│rlt/min_replay_buffer_size=10000.0     │rlt/pending_update_budget=0.0000       │rlt/ready_for_online=0.0000           │
│rlt/should_train=0.0000                │rlt/skip_reason=1.000                  │rlt/train_every_episodes=0.0000       │
│rlt/train_every_transitions=1.000      │rlt/update_epoch=5.000                 │rlt/update_step=0.0000                │
│rlt/updates_scheduled=0.0000           │rlt/updates_to_run=0.0000              │rlt/warmup_required_updates=3.00e+04  │
│rlt_dvac/enabled=0.0000                │                                       │                                      │
│                                                                                                                      │
╰──────────────────────────────────────────────────────────────────────────────────────────────────────────────────────╯


╭──────────────────────────────────────────────────────────────────────────────────────────────────────────────────────╮
├──────────────────────────────────────────────────── Metric Table ────────────────────────────────────────────────────┤
│ Global Step:   66/480 │ Progress: █████░░░░░░░░░░░░░░░░░░░░░░░░░░░░░░░░░░░ │  13.8%                                  │
│ Elapsed: 04:23:02 │ ETA: 27:30:01 │ Step Time: 239.134s                                                              │
├──────────────────────────────────────────────────────── Time ────────────────────────────────────────────────────────┤
│                                                                                                                      │
│actor/actor/compute_adv=3.02e-05       │actor/actor/recv_traj=229.4            │actor/actor/sync_model_to_rollout=0.0…│
│cal_adv_and_returns=0.0036             │env/compute_bootstrap_rewards=0.0016   │env/env/bootstrap_step=58.045         │
│env/env/send_rollout_trajectories=0.462│env/env_interact_step=161.8            │env/interact=229.3                    │
│env/run_interact_once=228.8            │generate_rollouts=229.4                │rollout/generate_one_epoch=228.3      │
│rollout/rollout/generate=228.3         │step=229.9                             │sync_weights=0.467                    │
│                                                                                                                      │
├──────────────────────────────────────────────────── Environment ─────────────────────────────────────────────────────┤
│                                                                                                                      │
│episode_len=200.0                      │num_trajectories=8                     │return=0.0                            │
│reward=0.0                             │success_once=0.0                       │                                      │
│                                                                                                                      │
├─────────────────────────────────────────────────── Replay Buffer ────────────────────────────────────────────────────┤
│                                                                                                                      │
│cache_size=9870.0                      │num_trajectories=9870.0                │total_samples=9870.0                  │
│                                                                                                                      │
├─────────────────────────────────────────────────── Training/Other ───────────────────────────────────────────────────┤
│                                                                                                                      │
│replay/actor_switch_rate=0.0000        │replay/done_rate=0.050                 │replay/intervention_rate=0.0000       │
│replay/intervention_requested_rate=0.0…│replay/record_transition_rate=1.000    │replay/reward_mean=0.0000             │
│replay/reward_positive_rate=0.0000     │replay/transition_count=160.0          │rlt/actor_updates_run=0.0000          │
│rlt/critic_updates_run=0.0000          │rlt/desired_total_updates=0.0000       │rlt/global_min_replay_size=9870.0     │
│rlt/global_total_transitions_added=987…│rlt/global_transitions_since_train=987…│rlt/max_updates_per_train_step=1600.0 │
│rlt/min_replay_buffer_size=10000.0     │rlt/pending_update_budget=0.0000       │rlt/ready_for_online=0.0000           │
│rlt/should_train=0.0000                │rlt/skip_reason=1.000                  │rlt/train_every_episodes=0.0000       │
│rlt/train_every_transitions=1.000      │rlt/update_epoch=5.000                 │rlt/update_step=0.0000                │
│rlt/updates_scheduled=0.0000           │rlt/updates_to_run=0.0000              │rlt/warmup_required_updates=3.00e+04  │
│rlt_dvac/enabled=0.0000                │                                       │                                      │
│                                                                                                                      │
╰──────────────────────────────────────────────────────────────────────────────────────────────────────────────────────╯


╭──────────────────────────────────────────────────────────────────────────────────────────────────────────────────────╮
├──────────────────────────────────────────────────── Metric Table ────────────────────────────────────────────────────┤
│ Global Step:   67/480 │ Progress: █████░░░░░░░░░░░░░░░░░░░░░░░░░░░░░░░░░░░ │  14.0%                                  │
│ Elapsed: 04:29:40 │ ETA: 27:42:17 │ Step Time: 241.494s                                                              │
├──────────────────────────────────────────────────────── Time ────────────────────────────────────────────────────────┤
│                                                                                                                      │
│actor/actor/compute_adv=1.74e-05       │actor/actor/recv_traj=218.8            │actor/actor/sync_model_to_rollout=0.0…│
│actor/forward_actor=26.261             │actor/forward_critic=48.601            │actor/sample=26.569                   │
│actor/update_one_epoch=177.9           │cal_adv_and_returns=0.0028             │env/compute_bootstrap_rewards=0.0017  │
│env/env/bootstrap_step=60.231          │env/env/send_rollout_trajectories=0.457│env/env_interact_step=149.0           │
│env/interact=218.7                     │env/run_interact_once=218.1            │generate_rollouts=218.8               │
│rollout/generate_one_epoch=217.6       │rollout/rollout/generate=217.6         │step=397.3                            │
│sync_weights=0.351                     │                                       │                                      │
│                                                                                                                      │
├──────────────────────────────────────────────────── Environment ─────────────────────────────────────────────────────┤
│                                                                                                                      │
│episode_len=200.0                      │num_trajectories=8                     │return=1.375                          │
│reward=0.006875                        │success_once=0.125                     │                                      │
│                                                                                                                      │
├─────────────────────────────────────────────────── Replay Buffer ────────────────────────────────────────────────────┤
│                                                                                                                      │
│cache_size=1.00e+04                    │num_trajectories=1.00e+04              │total_samples=1.00e+04                │
│                                                                                                                      │
├─────────────────────────────────────────────────── Training/Actor ───────────────────────────────────────────────────┤
│                                                                                                                      │
│actor/action_ref_abs_mean=0.093        │actor/actor_weight_in_warmup=1.000     │actor/actor_weight_ramp_progress=0.00…│
│actor/actor_weight_schedule_enabled=1.…│actor/bc_human_loss=0.0000             │actor/bc_loss=0.037                   │
│actor/bc_ref_loss=0.037                │actor/bc_unweighted_loss=0.037         │actor/bc_weight=7.000                 │
│actor/entropy=-671.4                   │actor/grad_norm=0.942                  │actor/human_mask_ratio=0.0000         │
│actor/lr=1.00e-04                      │actor/policy_mask_ratio=1.000          │actor/q_pi=0.039                      │
│actor/q_value_0=0.039                  │actor/q_value_1=0.039                  │actor/q_weight=0.050                  │
│actor/reference_dropout_prob=0.500     │actor/rlt_dvac/enabled=0.0000          │actor/rlt_dvac_bc/executed_target_rat…│
│actor/rlt_dvac_bc/success_action_count…│actor/rlt_dvac_bc/success_executed_ref…│actor/rlt_dvac_bc/success_query_count…│
│actor/rlt_dvac_bc/success_unweighted_l…│actor/rlt_dvac_bc/success_weight_ess_r…│actor/rlt_dvac_bc/success_weight_mean…│
│actor/rlt_dvac_bc/success_weighted_los…│actor/weighted_bc=0.259                │actor/weighted_q=0.0019               │
│                                                                                                                      │
├────────────────────────────────────────────────── Training/Critic ───────────────────────────────────────────────────┤
│                                                                                                                      │
│critic/grad_norm=0.791                 │critic/lr=1.00e-04                     │critic/q_data=0.038                   │
│                                                                                                                      │
├─────────────────────────────────────────────────── Training/Other ───────────────────────────────────────────────────┤
│                                                                                                                      │
│alpha/grad_norm=0.0000                 │replay/actor_switch_rate=0.0000        │replay/done_rate=0.053                │
│replay/intervention_rate=0.0000        │replay/intervention_requested_rate=0.0…│replay/record_transition_rate=1.000   │
│replay/reward_mean=0.0067              │replay/reward_positive_rate=0.0067     │replay/transition_count=150.0         │
│rlt/actor_updates_run=800.0            │rlt/critic_updates_run=1600.0          │rlt/desired_total_updates=3.00e+04    │
│rlt/global_min_replay_size=1.00e+04    │rlt/global_total_transitions_added=1.0…│rlt/global_transitions_since_train=1.…│
│rlt/max_updates_per_train_step=1600.0  │rlt/min_replay_buffer_size=10000.0     │rlt/pending_update_budget=2.84e+04    │
│rlt/ready_for_online=0.0000            │rlt/should_train=1.000                 │rlt/skip_reason=0.0000                │
│rlt/train_every_episodes=0.0000        │rlt/train_every_transitions=1.000      │rlt/update_epoch=5.000                │
│rlt/update_step=0.0000                 │rlt/updates_scheduled=3.00e+04         │rlt/updates_to_run=1600.0             │
│rlt/warmup_required_updates=3.00e+04   │rlt_dvac/enabled=0.0000                │sac/actor_loss=0.257                  │
│sac/alpha=0.0000                       │sac/alpha_loss=0.0000                  │sac/critic_loss=0.0025                │
│                                                                                                                      │
╰──────────────────────────────────────────────────────────────────────────────────────────────────────────────────────╯


╭──────────────────────────────────────────────────────────────────────────────────────────────────────────────────────╮
├──────────────────────────────────────────────────── Metric Table ────────────────────────────────────────────────────┤
│ Global Step:   68/480 │ Progress: █████░░░░░░░░░░░░░░░░░░░░░░░░░░░░░░░░░░░ │  14.2%                                  │
│ Elapsed: 04:36:31 │ ETA: 27:55:25 │ Step Time: 243.995s                                                              │
├──────────────────────────────────────────────────────── Time ────────────────────────────────────────────────────────┤
│                                                                                                                      │
│actor/actor/compute_adv=1.29e-05       │actor/actor/recv_traj=221.9            │actor/actor/sync_model_to_rollout=0.1…│
│actor/forward_actor=27.793             │actor/forward_critic=50.557            │actor/sample=27.917                   │
│actor/update_one_epoch=188.8           │cal_adv_and_returns=0.0027             │env/compute_bootstrap_rewards=0.0017  │
│env/env/bootstrap_step=60.392          │env/env/send_rollout_trajectories=0.466│env/env_interact_step=151.9           │
│env/interact=221.9                     │env/run_interact_once=221.3            │generate_rollouts=222.0               │
│rollout/generate_one_epoch=220.8       │rollout/rollout/generate=220.8         │step=411.5                            │
│sync_weights=0.568                     │                                       │                                      │
│                                                                                                                      │
├──────────────────────────────────────────────────── Environment ─────────────────────────────────────────────────────┤
│                                                                                                                      │
│episode_len=200.0                      │num_trajectories=8                     │return=1.125                          │
│reward=0.005625                        │success_once=0.125                     │                                      │
│                                                                                                                      │
├─────────────────────────────────────────────────── Replay Buffer ────────────────────────────────────────────────────┤
│                                                                                                                      │
│cache_size=1.02e+04                    │num_trajectories=1.02e+04              │total_samples=1.02e+04                │
│                                                                                                                      │
├─────────────────────────────────────────────────── Training/Actor ───────────────────────────────────────────────────┤
│                                                                                                                      │
│actor/action_ref_abs_mean=0.056        │actor/actor_weight_in_warmup=1.000     │actor/actor_weight_ramp_progress=0.00…│
│actor/actor_weight_schedule_enabled=1.…│actor/bc_human_loss=0.0000             │actor/bc_loss=0.013                   │
│actor/bc_ref_loss=0.013                │actor/bc_unweighted_loss=0.013         │actor/bc_weight=7.000                 │
│actor/entropy=-671.4                   │actor/grad_norm=0.891                  │actor/human_mask_ratio=0.0000         │
│actor/lr=1.00e-04                      │actor/policy_mask_ratio=1.000          │actor/q_pi=0.054                      │
│actor/q_value_0=0.054                  │actor/q_value_1=0.054                  │actor/q_weight=0.050                  │
│actor/reference_dropout_prob=0.500     │actor/rlt_dvac/enabled=0.0000          │actor/rlt_dvac_bc/executed_target_rat…│
│actor/rlt_dvac_bc/success_action_count…│actor/rlt_dvac_bc/success_executed_ref…│actor/rlt_dvac_bc/success_query_count…│
│actor/rlt_dvac_bc/success_unweighted_l…│actor/rlt_dvac_bc/success_weight_ess_r…│actor/rlt_dvac_bc/success_weight_mean…│
│actor/rlt_dvac_bc/success_weighted_los…│actor/weighted_bc=0.092                │actor/weighted_q=0.0027               │
│                                                                                                                      │
├────────────────────────────────────────────────── Training/Critic ───────────────────────────────────────────────────┤
│                                                                                                                      │
│critic/grad_norm=0.749                 │critic/lr=1.00e-04                     │critic/q_data=0.053                   │
│                                                                                                                      │
├─────────────────────────────────────────────────── Training/Other ───────────────────────────────────────────────────┤
│                                                                                                                      │
│alpha/grad_norm=0.0000                 │replay/actor_switch_rate=0.0000        │replay/done_rate=0.053                │
│replay/intervention_rate=0.0000        │replay/intervention_requested_rate=0.0…│replay/record_transition_rate=1.000   │
│replay/reward_mean=0.0066              │replay/reward_positive_rate=0.0066     │replay/transition_count=152.0         │
│rlt/actor_updates_run=800.0            │rlt/critic_updates_run=1600.0          │rlt/desired_total_updates=3.08e+04    │
│rlt/global_min_replay_size=1.02e+04    │rlt/global_total_transitions_added=1.0…│rlt/global_transitions_since_train=15…│
│rlt/max_updates_per_train_step=1600.0  │rlt/min_replay_buffer_size=10000.0     │rlt/pending_update_budget=2.76e+04    │
│rlt/ready_for_online=0.0000            │rlt/should_train=1.000                 │rlt/skip_reason=0.0000                │
│rlt/train_every_episodes=0.0000        │rlt/train_every_transitions=1.000      │rlt/update_epoch=5.000                │
│rlt/update_step=1600.0                 │rlt/updates_scheduled=2.92e+04         │rlt/updates_to_run=1600.0             │
│rlt/warmup_required_updates=3.00e+04   │rlt_dvac/enabled=0.0000                │sac/actor_loss=0.090                  │
│sac/alpha=0.0000                       │sac/alpha_loss=0.0000                  │sac/critic_loss=0.0024                │
│                                                                                                                      │
╰──────────────────────────────────────────────────────────────────────────────────────────────────────────────────────╯


╭──────────────────────────────────────────────────────────────────────────────────────────────────────────────────────╮
├──────────────────────────────────────────────────── Metric Table ────────────────────────────────────────────────────┤
│ Global Step:   69/480 │ Progress: █████░░░░░░░░░░░░░░░░░░░░░░░░░░░░░░░░░░░ │  14.4%                                  │
│ Elapsed: 04:43:26 │ ETA: 28:08:16 │ Step Time: 246.464s                                                              │
├──────────────────────────────────────────────────────── Time ────────────────────────────────────────────────────────┤
│                                                                                                                      │
│actor/actor/compute_adv=3.13e-05       │actor/actor/recv_traj=224.6            │actor/actor/sync_model_to_rollout=0.0…│
│actor/forward_actor=27.511             │actor/forward_critic=49.970            │actor/sample=29.446                   │
│actor/update_one_epoch=188.9           │cal_adv_and_returns=0.0032             │env/compute_bootstrap_rewards=0.0016  │
│env/env/bootstrap_step=58.965          │env/env/send_rollout_trajectories=0.453│env/env_interact_step=156.0           │
│env/interact=224.5                     │env/run_interact_once=224.0            │generate_rollouts=224.7               │
│rollout/generate_one_epoch=223.5       │rollout/rollout/generate=223.5         │step=414.4                            │
│sync_weights=0.635                     │                                       │                                      │
│                                                                                                                      │
├──────────────────────────────────────────────────── Environment ─────────────────────────────────────────────────────┤
│                                                                                                                      │
│episode_len=200.0                      │num_trajectories=8                     │return=1.125                          │
│reward=0.005625                        │success_once=0.125                     │                                      │
│                                                                                                                      │
├─────────────────────────────────────────────────── Replay Buffer ────────────────────────────────────────────────────┤
│                                                                                                                      │
│cache_size=1.03e+04                    │num_trajectories=1.03e+04              │total_samples=1.03e+04                │
│                                                                                                                      │
├─────────────────────────────────────────────────── Training/Actor ───────────────────────────────────────────────────┤
│                                                                                                                      │
│actor/action_ref_abs_mean=0.051        │actor/actor_weight_in_warmup=1.000     │actor/actor_weight_ramp_progress=0.00…│
│actor/actor_weight_schedule_enabled=1.…│actor/bc_human_loss=0.0000             │actor/bc_loss=0.011                   │
│actor/bc_ref_loss=0.011                │actor/bc_unweighted_loss=0.011         │actor/bc_weight=7.000                 │
│actor/entropy=-671.4                   │actor/grad_norm=0.900                  │actor/human_mask_ratio=0.0000         │
│actor/lr=1.00e-04                      │actor/policy_mask_ratio=1.000          │actor/q_pi=0.051                      │
│actor/q_value_0=0.051                  │actor/q_value_1=0.050                  │actor/q_weight=0.050                  │
│actor/reference_dropout_prob=0.500     │actor/rlt_dvac/enabled=0.0000          │actor/rlt_dvac_bc/executed_target_rat…│
│actor/rlt_dvac_bc/success_action_count…│actor/rlt_dvac_bc/success_executed_ref…│actor/rlt_dvac_bc/success_query_count…│
│actor/rlt_dvac_bc/success_unweighted_l…│actor/rlt_dvac_bc/success_weight_ess_r…│actor/rlt_dvac_bc/success_weight_mean…│
│actor/rlt_dvac_bc/success_weighted_los…│actor/weighted_bc=0.080                │actor/weighted_q=0.0025               │
│                                                                                                                      │
├────────────────────────────────────────────────── Training/Critic ───────────────────────────────────────────────────┤
│                                                                                                                      │
│critic/grad_norm=0.771                 │critic/lr=1.00e-04                     │critic/q_data=0.049                   │
│                                                                                                                      │
├─────────────────────────────────────────────────── Training/Other ───────────────────────────────────────────────────┤
│                                                                                                                      │
│alpha/grad_norm=0.0000                 │replay/actor_switch_rate=0.0000        │replay/done_rate=0.053                │
│replay/intervention_rate=0.0000        │replay/intervention_requested_rate=0.0…│replay/record_transition_rate=1.000   │
│replay/reward_mean=0.0066              │replay/reward_positive_rate=0.0066     │replay/transition_count=152.0         │
│rlt/actor_updates_run=800.0            │rlt/critic_updates_run=1600.0          │rlt/desired_total_updates=3.15e+04    │
│rlt/global_min_replay_size=1.03e+04    │rlt/global_total_transitions_added=1.0…│rlt/global_transitions_since_train=15…│
│rlt/max_updates_per_train_step=1600.0  │rlt/min_replay_buffer_size=10000.0     │rlt/pending_update_budget=2.67e+04    │
│rlt/ready_for_online=0.0000            │rlt/should_train=1.000                 │rlt/skip_reason=0.0000                │
│rlt/train_every_episodes=0.0000        │rlt/train_every_transitions=1.000      │rlt/update_epoch=5.000                │
│rlt/update_step=3200.0                 │rlt/updates_scheduled=2.83e+04         │rlt/updates_to_run=1600.0             │
│rlt/warmup_required_updates=3.00e+04   │rlt_dvac/enabled=0.0000                │sac/actor_loss=0.078                  │
│sac/alpha=0.0000                       │sac/alpha_loss=0.0000                  │sac/critic_loss=0.0023                │
│                                                                                                                      │
╰──────────────────────────────────────────────────────────────────────────────────────────────────────────────────────╯


╭──────────────────────────────────────────────────────────────────────────────────────────────────────────────────────╮
├──────────────────────────────────────────────────── Metric Table ────────────────────────────────────────────────────┤
│ Global Step:   70/480 │ Progress: █████░░░░░░░░░░░░░░░░░░░░░░░░░░░░░░░░░░░ │  14.6%                                  │
│ Elapsed: 04:50:22 │ ETA: 28:20:44 │ Step Time: 248.888s                                                              │
├──────────────────────────────────────────────────────── Time ────────────────────────────────────────────────────────┤
│                                                                                                                      │
│actor/actor/compute_adv=1.01e-05       │actor/actor/recv_traj=219.6            │actor/actor/sync_model_to_rollout=0.0…│
│actor/forward_actor=28.493             │actor/forward_critic=51.531            │actor/sample=30.224                   │
│actor/update_one_epoch=195.7           │cal_adv_and_returns=0.0027             │env/compute_bootstrap_rewards=0.0016  │
│env/env/bootstrap_step=59.809          │env/env/send_rollout_trajectories=0.453│env/env_interact_step=150.2           │
│env/interact=219.5                     │env/run_interact_once=219.0            │generate_rollouts=219.6               │
│rollout/generate_one_epoch=218.5       │rollout/rollout/generate=218.5         │step=416.1                            │
│sync_weights=0.701                     │                                       │                                      │
│                                                                                                                      │
├──────────────────────────────────────────────────── Environment ─────────────────────────────────────────────────────┤
│                                                                                                                      │
│episode_len=200.0                      │num_trajectories=8                     │return=2.375                          │
│reward=0.011875                        │success_once=0.25                      │                                      │
│                                                                                                                      │
├─────────────────────────────────────────────────── Replay Buffer ────────────────────────────────────────────────────┤
│                                                                                                                      │
│cache_size=1.05e+04                    │num_trajectories=1.05e+04              │total_samples=1.05e+04                │
│                                                                                                                      │
├─────────────────────────────────────────────────── Training/Actor ───────────────────────────────────────────────────┤
│                                                                                                                      │
│actor/action_ref_abs_mean=0.048        │actor/actor_weight_in_warmup=1.000     │actor/actor_weight_ramp_progress=0.00…│
│actor/actor_weight_schedule_enabled=1.…│actor/bc_human_loss=0.0000             │actor/bc_loss=0.011                   │
│actor/bc_ref_loss=0.011                │actor/bc_unweighted_loss=0.011         │actor/bc_weight=7.000                 │
│actor/entropy=-671.4                   │actor/grad_norm=0.865                  │actor/human_mask_ratio=0.0000         │
│actor/lr=1.00e-04                      │actor/policy_mask_ratio=1.000          │actor/q_pi=0.045                      │
│actor/q_value_0=0.045                  │actor/q_value_1=0.045                  │actor/q_weight=0.050                  │
│actor/reference_dropout_prob=0.500     │actor/rlt_dvac/enabled=0.0000          │actor/rlt_dvac_bc/executed_target_rat…│
│actor/rlt_dvac_bc/success_action_count…│actor/rlt_dvac_bc/success_executed_ref…│actor/rlt_dvac_bc/success_query_count…│
│actor/rlt_dvac_bc/success_unweighted_l…│actor/rlt_dvac_bc/success_weight_ess_r…│actor/rlt_dvac_bc/success_weight_mean…│
│actor/rlt_dvac_bc/success_weighted_los…│actor/weighted_bc=0.075                │actor/weighted_q=0.0022               │
│                                                                                                                      │
├────────────────────────────────────────────────── Training/Critic ───────────────────────────────────────────────────┤
│                                                                                                                      │
│critic/grad_norm=0.735                 │critic/lr=1.00e-04                     │critic/q_data=0.043                   │
│                                                                                                                      │
├─────────────────────────────────────────────────── Training/Other ───────────────────────────────────────────────────┤
│                                                                                                                      │
│alpha/grad_norm=0.0000                 │replay/actor_switch_rate=0.0000        │replay/done_rate=0.056                │
│replay/intervention_rate=0.0000        │replay/intervention_requested_rate=0.0…│replay/record_transition_rate=1.000   │
│replay/reward_mean=0.014               │replay/reward_positive_rate=0.014      │replay/transition_count=143.0         │
│rlt/actor_updates_run=800.0            │rlt/critic_updates_run=1600.0          │rlt/desired_total_updates=3.22e+04    │
│rlt/global_min_replay_size=1.05e+04    │rlt/global_total_transitions_added=1.0…│rlt/global_transitions_since_train=14…│
│rlt/max_updates_per_train_step=1600.0  │rlt/min_replay_buffer_size=10000.0     │rlt/pending_update_budget=2.58e+04    │
│rlt/ready_for_online=0.0000            │rlt/should_train=1.000                 │rlt/skip_reason=0.0000                │
│rlt/train_every_episodes=0.0000        │rlt/train_every_transitions=1.000      │rlt/update_epoch=5.000                │
│rlt/update_step=4800.0                 │rlt/updates_scheduled=2.74e+04         │rlt/updates_to_run=1600.0             │
│rlt/warmup_required_updates=3.00e+04   │rlt_dvac/enabled=0.0000                │sac/actor_loss=0.072                  │
│sac/alpha=0.0000                       │sac/alpha_loss=0.0000                  │sac/critic_loss=0.0020                │
│                                                                                                                      │
╰──────────────────────────────────────────────────────────────────────────────────────────────────────────────────────╯


╭──────────────────────────────────────────────────────────────────────────────────────────────────────────────────────╮
├──────────────────────────────────────────────────── Metric Table ────────────────────────────────────────────────────┤
│ Global Step:   71/480 │ Progress: █████░░░░░░░░░░░░░░░░░░░░░░░░░░░░░░░░░░░ │  14.8%                                  │
│ Elapsed: 04:57:19 │ ETA: 28:32:43 │ Step Time: 251.255s                                                              │
├──────────────────────────────────────────────────────── Time ────────────────────────────────────────────────────────┤
│                                                                                                                      │
│actor/actor/compute_adv=1.13e-05       │actor/actor/recv_traj=223.0            │actor/actor/sync_model_to_rollout=0.0…│
│actor/forward_actor=28.973             │actor/forward_critic=52.922            │actor/sample=26.582                   │
│actor/update_one_epoch=193.1           │cal_adv_and_returns=0.0024             │env/compute_bootstrap_rewards=0.0016  │
│env/env/bootstrap_step=60.080          │env/env/send_rollout_trajectories=0.452│env/env_interact_step=153.4           │
│env/interact=222.9                     │env/run_interact_once=222.4            │generate_rollouts=223.1               │
│rollout/generate_one_epoch=222.0       │rollout/rollout/generate=222.0         │step=416.9                            │
│sync_weights=0.566                     │                                       │                                      │
│                                                                                                                      │
├──────────────────────────────────────────────────── Environment ─────────────────────────────────────────────────────┤
│                                                                                                                      │
│episode_len=200.0                      │num_trajectories=8                     │return=1.25                           │
│reward=0.00625                         │success_once=0.125                     │                                      │
│                                                                                                                      │
├─────────────────────────────────────────────────── Replay Buffer ────────────────────────────────────────────────────┤
│                                                                                                                      │
│cache_size=1.06e+04                    │num_trajectories=1.06e+04              │total_samples=1.06e+04                │
│                                                                                                                      │
├─────────────────────────────────────────────────── Training/Actor ───────────────────────────────────────────────────┤
│                                                                                                                      │
│actor/action_ref_abs_mean=0.046        │actor/actor_weight_in_warmup=1.000     │actor/actor_weight_ramp_progress=0.00…│
│actor/actor_weight_schedule_enabled=1.…│actor/bc_human_loss=0.0000             │actor/bc_loss=0.010                   │
│actor/bc_ref_loss=0.010                │actor/bc_unweighted_loss=0.010         │actor/bc_weight=7.000                 │
│actor/entropy=-671.4                   │actor/grad_norm=0.846                  │actor/human_mask_ratio=0.0000         │
│actor/lr=1.00e-04                      │actor/policy_mask_ratio=1.000          │actor/q_pi=0.042                      │
│actor/q_value_0=0.042                  │actor/q_value_1=0.042                  │actor/q_weight=0.050                  │
│actor/reference_dropout_prob=0.500     │actor/rlt_dvac/enabled=0.0000          │actor/rlt_dvac_bc/executed_target_rat…│
│actor/rlt_dvac_bc/success_action_count…│actor/rlt_dvac_bc/success_executed_ref…│actor/rlt_dvac_bc/success_query_count…│
│actor/rlt_dvac_bc/success_unweighted_l…│actor/rlt_dvac_bc/success_weight_ess_r…│actor/rlt_dvac_bc/success_weight_mean…│
│actor/rlt_dvac_bc/success_weighted_los…│actor/weighted_bc=0.072                │actor/weighted_q=0.0021               │
│                                                                                                                      │
├────────────────────────────────────────────────── Training/Critic ───────────────────────────────────────────────────┤
│                                                                                                                      │
│critic/grad_norm=0.718                 │critic/lr=1.00e-04                     │critic/q_data=0.040                   │
│                                                                                                                      │
├─────────────────────────────────────────────────── Training/Other ───────────────────────────────────────────────────┤
│                                                                                                                      │
│alpha/grad_norm=0.0000                 │replay/actor_switch_rate=0.0000        │replay/done_rate=0.053                │
│replay/intervention_rate=0.0000        │replay/intervention_requested_rate=0.0…│replay/record_transition_rate=1.000   │
│replay/reward_mean=0.0066              │replay/reward_positive_rate=0.0066     │replay/transition_count=151.0         │
│rlt/actor_updates_run=800.0            │rlt/critic_updates_run=1600.0          │rlt/desired_total_updates=3.30e+04    │
│rlt/global_min_replay_size=1.06e+04    │rlt/global_total_transitions_added=1.0…│rlt/global_transitions_since_train=15…│
│rlt/max_updates_per_train_step=1600.0  │rlt/min_replay_buffer_size=10000.0     │rlt/pending_update_budget=2.50e+04    │
│rlt/ready_for_online=0.0000            │rlt/should_train=1.000                 │rlt/skip_reason=0.0000                │
│rlt/train_every_episodes=0.0000        │rlt/train_every_transitions=1.000      │rlt/update_epoch=5.000                │
│rlt/update_step=6400.0                 │rlt/updates_scheduled=2.66e+04         │rlt/updates_to_run=1600.0             │
│rlt/warmup_required_updates=3.00e+04   │rlt_dvac/enabled=0.0000                │sac/actor_loss=0.070                  │
│sac/alpha=0.0000                       │sac/alpha_loss=0.0000                  │sac/critic_loss=0.0017                │
│                                                                                                                      │
╰──────────────────────────────────────────────────────────────────────────────────────────────────────────────────────╯


╭──────────────────────────────────────────────────────────────────────────────────────────────────────────────────────╮
├──────────────────────────────────────────────────── Metric Table ────────────────────────────────────────────────────┤
│ Global Step:   72/480 │ Progress: ██████░░░░░░░░░░░░░░░░░░░░░░░░░░░░░░░░░░ │  15.0%                                  │
│ Elapsed: 05:04:03 │ ETA: 28:43:02 │ Step Time: 253.388s                                                              │
├──────────────────────────────────────────────────────── Time ────────────────────────────────────────────────────────┤
│                                                                                                                      │
│actor/actor/compute_adv=1.13e-05       │actor/actor/recv_traj=214.3            │actor/actor/sync_model_to_rollout=0.0…│
│actor/forward_actor=29.087             │actor/forward_critic=53.403            │actor/sample=24.262                   │
│actor/update_one_epoch=189.8           │cal_adv_and_returns=0.0029             │env/compute_bootstrap_rewards=0.0016  │
│env/env/bootstrap_step=59.421          │env/env/send_rollout_trajectories=0.448│env/env_interact_step=145.5           │
│env/interact=214.2                     │env/run_interact_once=213.7            │generate_rollouts=214.4               │
│rollout/generate_one_epoch=213.2       │rollout/rollout/generate=213.2         │step=404.8                            │
│sync_weights=0.540                     │                                       │                                      │
│                                                                                                                      │
├──────────────────────────────────────────────────── Environment ─────────────────────────────────────────────────────┤
│                                                                                                                      │
│episode_len=200.0                      │num_trajectories=8                     │return=2.5                            │
│reward=0.0125                          │success_once=0.25                      │                                      │
│                                                                                                                      │
├─────────────────────────────────────────────────── Replay Buffer ────────────────────────────────────────────────────┤
│                                                                                                                      │
│cache_size=1.08e+04                    │num_trajectories=1.08e+04              │total_samples=1.08e+04                │
│                                                                                                                      │
├─────────────────────────────────────────────────── Training/Actor ───────────────────────────────────────────────────┤
│                                                                                                                      │
│actor/action_ref_abs_mean=0.045        │actor/actor_weight_in_warmup=1.000     │actor/actor_weight_ramp_progress=0.00…│
│actor/actor_weight_schedule_enabled=1.…│actor/bc_human_loss=0.0000             │actor/bc_loss=0.0100                  │
│actor/bc_ref_loss=0.0100               │actor/bc_unweighted_loss=0.0100        │actor/bc_weight=7.000                 │
│actor/entropy=-671.4                   │actor/grad_norm=0.857                  │actor/human_mask_ratio=0.0000         │
│actor/lr=1.00e-04                      │actor/policy_mask_ratio=1.000          │actor/q_pi=0.041                      │
│actor/q_value_0=0.041                  │actor/q_value_1=0.040                  │actor/q_weight=0.050                  │
│actor/reference_dropout_prob=0.500     │actor/rlt_dvac/enabled=0.0000          │actor/rlt_dvac_bc/executed_target_rat…│
│actor/rlt_dvac_bc/success_action_count…│actor/rlt_dvac_bc/success_executed_ref…│actor/rlt_dvac_bc/success_query_count…│
│actor/rlt_dvac_bc/success_unweighted_l…│actor/rlt_dvac_bc/success_weight_ess_r…│actor/rlt_dvac_bc/success_weight_mean…│
│actor/rlt_dvac_bc/success_weighted_los…│actor/weighted_bc=0.070                │actor/weighted_q=0.0021               │
│                                                                                                                      │
├────────────────────────────────────────────────── Training/Critic ───────────────────────────────────────────────────┤
│                                                                                                                      │
│critic/grad_norm=0.729                 │critic/lr=1.00e-04                     │critic/q_data=0.039                   │
│                                                                                                                      │
├─────────────────────────────────────────────────── Training/Other ───────────────────────────────────────────────────┤
│                                                                                                                      │
│alpha/grad_norm=0.0000                 │replay/actor_switch_rate=0.0000        │replay/done_rate=0.056                │
│replay/intervention_rate=0.0000        │replay/intervention_requested_rate=0.0…│replay/record_transition_rate=1.000   │
│replay/reward_mean=0.014               │replay/reward_positive_rate=0.014      │replay/transition_count=142.0         │
│rlt/actor_updates_run=800.0            │rlt/critic_updates_run=1600.0          │rlt/desired_total_updates=3.37e+04    │
│rlt/global_min_replay_size=1.08e+04    │rlt/global_total_transitions_added=1.0…│rlt/global_transitions_since_train=14…│
│rlt/max_updates_per_train_step=1600.0  │rlt/min_replay_buffer_size=10000.0     │rlt/pending_update_budget=2.41e+04    │
│rlt/ready_for_online=0.0000            │rlt/should_train=1.000                 │rlt/skip_reason=0.0000                │
│rlt/train_every_episodes=0.0000        │rlt/train_every_transitions=1.000      │rlt/update_epoch=5.000                │
│rlt/update_step=8000.0                 │rlt/updates_scheduled=2.57e+04         │rlt/updates_to_run=1600.0             │
│rlt/warmup_required_updates=3.00e+04   │rlt_dvac/enabled=0.0000                │sac/actor_loss=0.068                  │
│sac/alpha=0.0000                       │sac/alpha_loss=0.0000                  │sac/critic_loss=0.0016                │
│                                                                                                                      │
╰──────────────────────────────────────────────────────────────────────────────────────────────────────────────────────╯


╭──────────────────────────────────────────────────────────────────────────────────────────────────────────────────────╮
├──────────────────────────────────────────────────── Metric Table ────────────────────────────────────────────────────┤
│ Global Step:   73/480 │ Progress: ██████░░░░░░░░░░░░░░░░░░░░░░░░░░░░░░░░░░ │  15.2%                                  │
│ Elapsed: 05:11:00 │ ETA: 28:53:57 │ Step Time: 255.620s                                                              │
├──────────────────────────────────────────────────────── Time ────────────────────────────────────────────────────────┤
│                                                                                                                      │
│actor/actor/compute_adv=1.89e-05       │actor/actor/recv_traj=225.0            │actor/actor/sync_model_to_rollout=0.0…│
│actor/forward_actor=29.197             │actor/forward_critic=53.574            │actor/sample=24.421                   │
│actor/update_one_epoch=190.6           │cal_adv_and_returns=0.0031             │env/compute_bootstrap_rewards=0.0016  │
│env/env/bootstrap_step=58.672          │env/env/send_rollout_trajectories=0.472│env/env_interact_step=156.8           │
│env/interact=224.9                     │env/run_interact_once=224.4            │generate_rollouts=225.0               │
│rollout/generate_one_epoch=223.9       │rollout/rollout/generate=223.9         │step=416.3                            │
│sync_weights=0.503                     │                                       │                                      │
│                                                                                                                      │
├──────────────────────────────────────────────────── Environment ─────────────────────────────────────────────────────┤
│                                                                                                                      │
│episode_len=200.0                      │num_trajectories=8                     │return=1.125                          │
│reward=0.005625                        │success_once=0.125                     │                                      │
│                                                                                                                      │
├─────────────────────────────────────────────────── Replay Buffer ────────────────────────────────────────────────────┤
│                                                                                                                      │
│cache_size=1.09e+04                    │num_trajectories=1.09e+04              │total_samples=1.09e+04                │
│                                                                                                                      │
├─────────────────────────────────────────────────── Training/Actor ───────────────────────────────────────────────────┤
│                                                                                                                      │
│actor/action_ref_abs_mean=0.044        │actor/actor_weight_in_warmup=1.000     │actor/actor_weight_ramp_progress=0.00…│
│actor/actor_weight_schedule_enabled=1.…│actor/bc_human_loss=0.0000             │actor/bc_loss=0.0097                  │
│actor/bc_ref_loss=0.0097               │actor/bc_unweighted_loss=0.0097        │actor/bc_weight=7.000                 │
│actor/entropy=-671.4                   │actor/grad_norm=0.809                  │actor/human_mask_ratio=0.0000         │
│actor/lr=1.00e-04                      │actor/policy_mask_ratio=1.000          │actor/q_pi=0.040                      │
│actor/q_value_0=0.040                  │actor/q_value_1=0.039                  │actor/q_weight=0.050                  │
│actor/reference_dropout_prob=0.500     │actor/rlt_dvac/enabled=0.0000          │actor/rlt_dvac_bc/executed_target_rat…│
│actor/rlt_dvac_bc/success_action_count…│actor/rlt_dvac_bc/success_executed_ref…│actor/rlt_dvac_bc/success_query_count…│
│actor/rlt_dvac_bc/success_unweighted_l…│actor/rlt_dvac_bc/success_weight_ess_r…│actor/rlt_dvac_bc/success_weight_mean…│
│actor/rlt_dvac_bc/success_weighted_los…│actor/weighted_bc=0.068                │actor/weighted_q=0.0020               │
│                                                                                                                      │
├────────────────────────────────────────────────── Training/Critic ───────────────────────────────────────────────────┤
│                                                                                                                      │
│critic/grad_norm=0.676                 │critic/lr=1.00e-04                     │critic/q_data=0.037                   │
│                                                                                                                      │
├─────────────────────────────────────────────────── Training/Other ───────────────────────────────────────────────────┤
│                                                                                                                      │
│alpha/grad_norm=0.0000                 │replay/actor_switch_rate=0.0000        │replay/done_rate=0.053                │
│replay/intervention_rate=0.0000        │replay/intervention_requested_rate=0.0…│replay/record_transition_rate=1.000   │
│replay/reward_mean=0.0066              │replay/reward_positive_rate=0.0066     │replay/transition_count=152.0         │
│rlt/actor_updates_run=800.0            │rlt/critic_updates_run=1600.0          │rlt/desired_total_updates=3.45e+04    │
│rlt/global_min_replay_size=1.09e+04    │rlt/global_total_transitions_added=1.0…│rlt/global_transitions_since_train=15…│
│rlt/max_updates_per_train_step=1600.0  │rlt/min_replay_buffer_size=10000.0     │rlt/pending_update_budget=2.33e+04    │
│rlt/ready_for_online=0.0000            │rlt/should_train=1.000                 │rlt/skip_reason=0.0000                │
│rlt/train_every_episodes=0.0000        │rlt/train_every_transitions=1.000      │rlt/update_epoch=5.000                │
│rlt/update_step=9600.0                 │rlt/updates_scheduled=2.49e+04         │rlt/updates_to_run=1600.0             │
│rlt/warmup_required_updates=3.00e+04   │rlt_dvac/enabled=0.0000                │sac/actor_loss=0.066                  │
│sac/alpha=0.0000                       │sac/alpha_loss=0.0000                  │sac/critic_loss=0.0015                │
│                                                                                                                      │
╰──────────────────────────────────────────────────────────────────────────────────────────────────────────────────────╯


╭──────────────────────────────────────────────────────────────────────────────────────────────────────────────────────╮
├──────────────────────────────────────────────────── Metric Table ────────────────────────────────────────────────────┤
│ Global Step:   74/480 │ Progress: ██████░░░░░░░░░░░░░░░░░░░░░░░░░░░░░░░░░░ │  15.4%                                  │
│ Elapsed: 05:17:59 │ ETA: 29:04:39 │ Step Time: 257.831s                                                              │
├──────────────────────────────────────────────────────── Time ────────────────────────────────────────────────────────┤
│                                                                                                                      │
│actor/actor/compute_adv=9.82e-06       │actor/actor/recv_traj=227.8            │actor/actor/sync_model_to_rollout=0.0…│
│actor/forward_actor=28.975             │actor/forward_critic=53.029            │actor/sample=25.221                   │
│actor/update_one_epoch=190.7           │cal_adv_and_returns=0.0028             │env/compute_bootstrap_rewards=0.0016  │
│env/env/bootstrap_step=57.644          │env/env/send_rollout_trajectories=0.455│env/env_interact_step=160.6           │
│env/interact=227.7                     │env/run_interact_once=227.2            │generate_rollouts=227.8               │
│rollout/generate_one_epoch=226.7       │rollout/rollout/generate=226.7         │step=419.2                            │
│sync_weights=0.549                     │                                       │                                      │
│                                                                                                                      │
├──────────────────────────────────────────────────── Environment ─────────────────────────────────────────────────────┤
│                                                                                                                      │
│episode_len=200.0                      │num_trajectories=8                     │return=0.0                            │
│reward=0.0                             │success_once=0.0                       │                                      │
│                                                                                                                      │
├─────────────────────────────────────────────────── Replay Buffer ────────────────────────────────────────────────────┤
│                                                                                                                      │
│cache_size=1.11e+04                    │num_trajectories=1.11e+04              │total_samples=1.11e+04                │
│                                                                                                                      │
├─────────────────────────────────────────────────── Training/Actor ───────────────────────────────────────────────────┤
│                                                                                                                      │
│actor/action_ref_abs_mean=0.043        │actor/actor_weight_in_warmup=1.000     │actor/actor_weight_ramp_progress=0.00…│
│actor/actor_weight_schedule_enabled=1.…│actor/bc_human_loss=0.0000             │actor/bc_loss=0.0096                  │
│actor/bc_ref_loss=0.0096               │actor/bc_unweighted_loss=0.0096        │actor/bc_weight=7.000                 │
│actor/entropy=-671.4                   │actor/grad_norm=0.799                  │actor/human_mask_ratio=0.0000         │
│actor/lr=1.00e-04                      │actor/policy_mask_ratio=1.000          │actor/q_pi=0.037                      │
│actor/q_value_0=0.037                  │actor/q_value_1=0.036                  │actor/q_weight=0.050                  │
│actor/reference_dropout_prob=0.500     │actor/rlt_dvac/enabled=0.0000          │actor/rlt_dvac_bc/executed_target_rat…│
│actor/rlt_dvac_bc/success_action_count…│actor/rlt_dvac_bc/success_executed_ref…│actor/rlt_dvac_bc/success_query_count…│
│actor/rlt_dvac_bc/success_unweighted_l…│actor/rlt_dvac_bc/success_weight_ess_r…│actor/rlt_dvac_bc/success_weight_mean…│
│actor/rlt_dvac_bc/success_weighted_los…│actor/weighted_bc=0.067                │actor/weighted_q=0.0019               │
│                                                                                                                      │
├────────────────────────────────────────────────── Training/Critic ───────────────────────────────────────────────────┤
│                                                                                                                      │
│critic/grad_norm=0.663                 │critic/lr=1.00e-04                     │critic/q_data=0.035                   │
│                                                                                                                      │
├─────────────────────────────────────────────────── Training/Other ───────────────────────────────────────────────────┤
│                                                                                                                      │
│alpha/grad_norm=0.0000                 │replay/actor_switch_rate=0.0000        │replay/done_rate=0.050                │
│replay/intervention_rate=0.0000        │replay/intervention_requested_rate=0.0…│replay/record_transition_rate=1.000   │
│replay/reward_mean=0.0000              │replay/reward_positive_rate=0.0000     │replay/transition_count=160.0         │
│rlt/actor_updates_run=800.0            │rlt/critic_updates_run=1600.0          │rlt/desired_total_updates=3.53e+04    │
│rlt/global_min_replay_size=1.11e+04    │rlt/global_total_transitions_added=1.1…│rlt/global_transitions_since_train=16…│
│rlt/max_updates_per_train_step=1600.0  │rlt/min_replay_buffer_size=10000.0     │rlt/pending_update_budget=2.25e+04    │
│rlt/ready_for_online=0.0000            │rlt/should_train=1.000                 │rlt/skip_reason=0.0000                │
│rlt/train_every_episodes=0.0000        │rlt/train_every_transitions=1.000      │rlt/update_epoch=5.000                │
│rlt/update_step=1.12e+04               │rlt/updates_scheduled=2.41e+04         │rlt/updates_to_run=1600.0             │
│rlt/warmup_required_updates=3.00e+04   │rlt_dvac/enabled=0.0000                │sac/actor_loss=0.065                  │
│sac/alpha=0.0000                       │sac/alpha_loss=0.0000                  │sac/critic_loss=0.0014                │
│                                                                                                                      │
╰──────────────────────────────────────────────────────────────────────────────────────────────────────────────────────╯


╭──────────────────────────────────────────────────────────────────────────────────────────────────────────────────────╮
├──────────────────────────────────────────────────── Metric Table ────────────────────────────────────────────────────┤
│ Global Step:   75/480 │ Progress: ██████░░░░░░░░░░░░░░░░░░░░░░░░░░░░░░░░░░ │  15.6%                                  │
│ Elapsed: 05:34:13 │ ETA: 30:04:49 │ Step Time: 267.380s                                                              │
├──────────────────────────────────────────────────────── Time ────────────────────────────────────────────────────────┤
│                                                                                                                      │
│actor/actor/compute_adv=1.19e-05       │actor/actor/recv_traj=217.2            │actor/actor/sync_model_to_rollout=0.1…│
│actor/forward_actor=29.681             │actor/forward_critic=54.327            │actor/sample=25.335                   │
│actor/update_one_epoch=196.3           │cal_adv_and_returns=0.0030             │env/compute_bootstrap_rewards=0.0016  │
│env/env/bootstrap_step=58.955          │env/env/send_rollout_trajectories=0.462│env/env_interact_step=148.8           │
│env/interact=217.1                     │env/run_interact_once=216.6            │eval=523.8                            │
│generate_rollouts=217.3                │rollout/generate_one_epoch=216.1       │rollout/rollout/generate=216.1        │
│step=974.0                             │sync_weights=0.520                     │                                      │
│                                                                                                                      │
├──────────────────────────────────────────────────── Environment ─────────────────────────────────────────────────────┤
│                                                                                                                      │
│episode_len=200.0                      │num_trajectories=8                     │return=2.5                            │
│reward=0.0125                          │success_once=0.25                      │                                      │
│                                                                                                                      │
├───────────────────────────────────────────────────── Evaluation ─────────────────────────────────────────────────────┤
│                                                                                                                      │
│episode_len=200.0                      │num_trajectories=20                    │return=0.0                            │
│reward=0.0                             │success_at_end=0.0                     │success_once=0.0                      │
│                                                                                                                      │
├─────────────────────────────────────────────────── Replay Buffer ────────────────────────────────────────────────────┤
│                                                                                                                      │
│cache_size=1.12e+04                    │num_trajectories=1.12e+04              │total_samples=1.12e+04                │
│                                                                                                                      │
├─────────────────────────────────────────────────── Training/Actor ───────────────────────────────────────────────────┤
│                                                                                                                      │
│actor/action_ref_abs_mean=0.043        │actor/actor_weight_in_warmup=1.000     │actor/actor_weight_ramp_progress=0.00…│
│actor/actor_weight_schedule_enabled=1.…│actor/bc_human_loss=0.0000             │actor/bc_loss=0.0095                  │
│actor/bc_ref_loss=0.0095               │actor/bc_unweighted_loss=0.0095        │actor/bc_weight=7.000                 │
│actor/entropy=-671.4                   │actor/grad_norm=0.817                  │actor/human_mask_ratio=0.0000         │
│actor/lr=1.00e-04                      │actor/policy_mask_ratio=1.000          │actor/q_pi=0.037                      │
│actor/q_value_0=0.037                  │actor/q_value_1=0.036                  │actor/q_weight=0.050                  │
│actor/reference_dropout_prob=0.500     │actor/rlt_dvac/enabled=0.0000          │actor/rlt_dvac_bc/executed_target_rat…│
│actor/rlt_dvac_bc/success_action_count…│actor/rlt_dvac_bc/success_executed_ref…│actor/rlt_dvac_bc/success_query_count…│
│actor/rlt_dvac_bc/success_unweighted_l…│actor/rlt_dvac_bc/success_weight_ess_r…│actor/rlt_dvac_bc/success_weight_mean…│
│actor/rlt_dvac_bc/success_weighted_los…│actor/weighted_bc=0.066                │actor/weighted_q=0.0018               │
│                                                                                                                      │
├────────────────────────────────────────────────── Training/Critic ───────────────────────────────────────────────────┤
│                                                                                                                      │
│critic/grad_norm=0.684                 │critic/lr=1.00e-04                     │critic/q_data=0.035                   │
│                                                                                                                      │
├─────────────────────────────────────────────────── Training/Other ───────────────────────────────────────────────────┤
│                                                                                                                      │
│alpha/grad_norm=0.0000                 │replay/actor_switch_rate=0.0000        │replay/done_rate=0.056                │
│replay/intervention_rate=0.0000        │replay/intervention_requested_rate=0.0…│replay/record_transition_rate=1.000   │
│replay/reward_mean=0.014               │replay/reward_positive_rate=0.014      │replay/transition_count=142.0         │
│rlt/actor_updates_run=800.0            │rlt/critic_updates_run=1600.0          │rlt/desired_total_updates=3.60e+04    │
│rlt/global_min_replay_size=1.12e+04    │rlt/global_total_transitions_added=1.1…│rlt/global_transitions_since_train=14…│
│rlt/max_updates_per_train_step=1600.0  │rlt/min_replay_buffer_size=10000.0     │rlt/pending_update_budget=2.16e+04    │
│rlt/ready_for_online=0.0000            │rlt/should_train=1.000                 │rlt/skip_reason=0.0000                │
│rlt/train_every_episodes=0.0000        │rlt/train_every_transitions=1.000      │rlt/update_epoch=5.000                │
│rlt/update_step=1.28e+04               │rlt/updates_scheduled=2.32e+04         │rlt/updates_to_run=1600.0             │
│rlt/warmup_required_updates=3.00e+04   │rlt_dvac/enabled=0.0000                │sac/actor_loss=0.065                  │
│sac/alpha=0.0000                       │sac/alpha_loss=0.0000                  │sac/critic_loss=0.0014                │
│                                                                                                                      │
╰──────────────────────────────────────────────────────────────────────────────────────────────────────────────────────╯


╭──────────────────────────────────────────────────────────────────────────────────────────────────────────────────────╮
├──────────────────────────────────────────────────── Metric Table ────────────────────────────────────────────────────┤
│ Global Step:   76/480 │ Progress: ██████░░░░░░░░░░░░░░░░░░░░░░░░░░░░░░░░░░ │  15.8%                                  │
│ Elapsed: 05:41:04 │ ETA: 30:13:05 │ Step Time: 269.271s                                                              │
├──────────────────────────────────────────────────────── Time ────────────────────────────────────────────────────────┤
│                                                                                                                      │
│actor/actor/compute_adv=8.73e-06       │actor/actor/recv_traj=219.1            │actor/actor/sync_model_to_rollout=0.0…│
│actor/forward_actor=29.087             │actor/forward_critic=53.153            │actor/sample=24.980                   │
│actor/update_one_epoch=191.0           │cal_adv_and_returns=0.0024             │env/compute_bootstrap_rewards=0.0016  │
│env/env/bootstrap_step=59.915          │env/env/send_rollout_trajectories=0.487│env/env_interact_step=149.8           │
│env/interact=219.3                     │env/run_interact_once=218.6            │generate_rollouts=219.4               │
│rollout/generate_one_epoch=218.1       │rollout/rollout/generate=218.1         │step=411.0                            │
│sync_weights=0.461                     │                                       │                                      │
│                                                                                                                      │
├──────────────────────────────────────────────────── Environment ─────────────────────────────────────────────────────┤
│                                                                                                                      │
│episode_len=200.0                      │num_trajectories=8                     │return=2.625                          │
│reward=0.0131250005                    │success_once=0.25                      │                                      │
│                                                                                                                      │
├─────────────────────────────────────────────────── Replay Buffer ────────────────────────────────────────────────────┤
│                                                                                                                      │
│cache_size=1.14e+04                    │num_trajectories=1.14e+04              │total_samples=1.14e+04                │
│                                                                                                                      │
├─────────────────────────────────────────────────── Training/Actor ───────────────────────────────────────────────────┤
│                                                                                                                      │
│actor/action_ref_abs_mean=0.042        │actor/actor_weight_in_warmup=1.000     │actor/actor_weight_ramp_progress=0.00…│
│actor/actor_weight_schedule_enabled=1.…│actor/bc_human_loss=0.0000             │actor/bc_loss=0.0094                  │
│actor/bc_ref_loss=0.0094               │actor/bc_unweighted_loss=0.0094        │actor/bc_weight=7.000                 │
│actor/entropy=-671.4                   │actor/grad_norm=0.765                  │actor/human_mask_ratio=0.0000         │
│actor/lr=1.00e-04                      │actor/policy_mask_ratio=1.000          │actor/q_pi=0.037                      │
│actor/q_value_0=0.037                  │actor/q_value_1=0.036                  │actor/q_weight=0.050                  │
│actor/reference_dropout_prob=0.500     │actor/rlt_dvac/enabled=0.0000          │actor/rlt_dvac_bc/executed_target_rat…│
│actor/rlt_dvac_bc/success_action_count…│actor/rlt_dvac_bc/success_executed_ref…│actor/rlt_dvac_bc/success_query_count…│
│actor/rlt_dvac_bc/success_unweighted_l…│actor/rlt_dvac_bc/success_weight_ess_r…│actor/rlt_dvac_bc/success_weight_mean…│
│actor/rlt_dvac_bc/success_weighted_los…│actor/weighted_bc=0.066                │actor/weighted_q=0.0018               │
│                                                                                                                      │
├────────────────────────────────────────────────── Training/Critic ───────────────────────────────────────────────────┤
│                                                                                                                      │
│critic/grad_norm=0.628                 │critic/lr=1.00e-04                     │critic/q_data=0.035                   │
│                                                                                                                      │
├─────────────────────────────────────────────────── Training/Other ───────────────────────────────────────────────────┤
│                                                                                                                      │
│alpha/grad_norm=0.0000                 │replay/actor_switch_rate=0.0000        │replay/done_rate=0.057                │
│replay/intervention_rate=0.0000        │replay/intervention_requested_rate=0.0…│replay/record_transition_rate=1.000   │
│replay/reward_mean=0.014               │replay/reward_positive_rate=0.014      │replay/transition_count=141.0         │
│rlt/actor_updates_run=800.0            │rlt/critic_updates_run=1600.0          │rlt/desired_total_updates=3.67e+04    │
│rlt/global_min_replay_size=1.14e+04    │rlt/global_total_transitions_added=1.1…│rlt/global_transitions_since_train=14…│
│rlt/max_updates_per_train_step=1600.0  │rlt/min_replay_buffer_size=10000.0     │rlt/pending_update_budget=2.07e+04    │
│rlt/ready_for_online=0.0000            │rlt/should_train=1.000                 │rlt/skip_reason=0.0000                │
│rlt/train_every_episodes=0.0000        │rlt/train_every_transitions=1.000      │rlt/update_epoch=5.000                │
│rlt/update_step=1.44e+04               │rlt/updates_scheduled=2.23e+04         │rlt/updates_to_run=1600.0             │
│rlt/warmup_required_updates=3.00e+04   │rlt_dvac/enabled=0.0000                │sac/actor_loss=0.064                  │
│sac/alpha=0.0000                       │sac/alpha_loss=0.0000                  │sac/critic_loss=0.0013                │
│                                                                                                                      │
╰──────────────────────────────────────────────────────────────────────────────────────────────────────────────────────╯


╭──────────────────────────────────────────────────────────────────────────────────────────────────────────────────────╮
├──────────────────────────────────────────────────── Metric Table ────────────────────────────────────────────────────┤
│ Global Step:   77/480 │ Progress: ██████░░░░░░░░░░░░░░░░░░░░░░░░░░░░░░░░░░ │  16.0%                                  │
│ Elapsed: 05:47:57 │ ETA: 30:21:10 │ Step Time: 271.142s                                                              │
├──────────────────────────────────────────────────────── Time ────────────────────────────────────────────────────────┤
│                                                                                                                      │
│actor/actor/compute_adv=1.71e-05       │actor/actor/recv_traj=223.5            │actor/actor/sync_model_to_rollout=0.0…│
│actor/forward_actor=28.672             │actor/forward_critic=52.505            │actor/sample=25.068                   │
│actor/update_one_epoch=189.1           │cal_adv_and_returns=0.0028             │env/compute_bootstrap_rewards=0.0016  │
│env/env/bootstrap_step=58.900          │env/env/send_rollout_trajectories=0.476│env/env_interact_step=155.1           │
│env/interact=223.4                     │env/run_interact_once=222.9            │generate_rollouts=223.6               │
│rollout/generate_one_epoch=222.4       │rollout/rollout/generate=222.4         │step=413.3                            │
│sync_weights=0.541                     │                                       │                                      │
│                                                                                                                      │
├──────────────────────────────────────────────────── Environment ─────────────────────────────────────────────────────┤
│                                                                                                                      │
│episode_len=200.0                      │num_trajectories=8                     │return=1.125                          │
│reward=0.005625                        │success_once=0.125                     │                                      │
│                                                                                                                      │
├─────────────────────────────────────────────────── Replay Buffer ────────────────────────────────────────────────────┤
│                                                                                                                      │
│cache_size=1.15e+04                    │num_trajectories=1.15e+04              │total_samples=1.15e+04                │
│                                                                                                                      │
├─────────────────────────────────────────────────── Training/Actor ───────────────────────────────────────────────────┤
│                                                                                                                      │
│actor/action_ref_abs_mean=0.042        │actor/actor_weight_in_warmup=1.000     │actor/actor_weight_ramp_progress=0.00…│
│actor/actor_weight_schedule_enabled=1.…│actor/bc_human_loss=0.0000             │actor/bc_loss=0.0094                  │
│actor/bc_ref_loss=0.0094               │actor/bc_unweighted_loss=0.0094        │actor/bc_weight=7.000                 │
│actor/entropy=-671.4                   │actor/grad_norm=0.768                  │actor/human_mask_ratio=0.0000         │
│actor/lr=1.00e-04                      │actor/policy_mask_ratio=1.000          │actor/q_pi=0.038                      │
│actor/q_value_0=0.038                  │actor/q_value_1=0.037                  │actor/q_weight=0.050                  │
│actor/reference_dropout_prob=0.500     │actor/rlt_dvac/enabled=0.0000          │actor/rlt_dvac_bc/executed_target_rat…│
│actor/rlt_dvac_bc/success_action_count…│actor/rlt_dvac_bc/success_executed_ref…│actor/rlt_dvac_bc/success_query_count…│
│actor/rlt_dvac_bc/success_unweighted_l…│actor/rlt_dvac_bc/success_weight_ess_r…│actor/rlt_dvac_bc/success_weight_mean…│
│actor/rlt_dvac_bc/success_weighted_los…│actor/weighted_bc=0.066                │actor/weighted_q=0.0019               │
│                                                                                                                      │
├────────────────────────────────────────────────── Training/Critic ───────────────────────────────────────────────────┤
│                                                                                                                      │
│critic/grad_norm=0.632                 │critic/lr=1.00e-04                     │critic/q_data=0.036                   │
│                                                                                                                      │
├─────────────────────────────────────────────────── Training/Other ───────────────────────────────────────────────────┤
│                                                                                                                      │
│alpha/grad_norm=0.0000                 │replay/actor_switch_rate=0.0000        │replay/done_rate=0.053                │
│replay/intervention_rate=0.0000        │replay/intervention_requested_rate=0.0…│replay/record_transition_rate=1.000   │
│replay/reward_mean=0.0066              │replay/reward_positive_rate=0.0066     │replay/transition_count=152.0         │
│rlt/actor_updates_run=800.0            │rlt/critic_updates_run=1600.0          │rlt/desired_total_updates=3.74e+04    │
│rlt/global_min_replay_size=1.15e+04    │rlt/global_total_transitions_added=1.1…│rlt/global_transitions_since_train=15…│
│rlt/max_updates_per_train_step=1600.0  │rlt/min_replay_buffer_size=10000.0     │rlt/pending_update_budget=1.98e+04    │
│rlt/ready_for_online=0.0000            │rlt/should_train=1.000                 │rlt/skip_reason=0.0000                │
│rlt/train_every_episodes=0.0000        │rlt/train_every_transitions=1.000      │rlt/update_epoch=5.000                │
│rlt/update_step=1.60e+04               │rlt/updates_scheduled=2.14e+04         │rlt/updates_to_run=1600.0             │
│rlt/warmup_required_updates=3.00e+04   │rlt_dvac/enabled=0.0000                │sac/actor_loss=0.064                  │
│sac/alpha=0.0000                       │sac/alpha_loss=0.0000                  │sac/critic_loss=0.0012                │
│                                                                                                                      │
╰──────────────────────────────────────────────────────────────────────────────────────────────────────────────────────╯


╭──────────────────────────────────────────────────────────────────────────────────────────────────────────────────────╮
├──────────────────────────────────────────────────── Metric Table ────────────────────────────────────────────────────┤
│ Global Step:   78/480 │ Progress: ██████░░░░░░░░░░░░░░░░░░░░░░░░░░░░░░░░░░ │  16.2%                                  │
│ Elapsed: 05:54:56 │ ETA: 30:29:17 │ Step Time: 273.030s                                                              │
├──────────────────────────────────────────────────────── Time ────────────────────────────────────────────────────────┤
│                                                                                                                      │
│actor/actor/compute_adv=1.05e-05       │actor/actor/recv_traj=228.2            │actor/actor/sync_model_to_rollout=0.0…│
│actor/forward_actor=27.174             │actor/forward_critic=49.932            │actor/sample=29.973                   │
│actor/update_one_epoch=189.6           │cal_adv_and_returns=0.0030             │env/compute_bootstrap_rewards=0.0015  │
│env/env/bootstrap_step=58.869          │env/env/send_rollout_trajectories=0.482│env/env_interact_step=159.8           │
│env/interact=228.1                     │env/run_interact_once=227.6            │generate_rollouts=228.3               │
│rollout/generate_one_epoch=227.1       │rollout/rollout/generate=227.1         │step=418.4                            │
│sync_weights=0.424                     │                                       │                                      │
│                                                                                                                      │
├──────────────────────────────────────────────────── Environment ─────────────────────────────────────────────────────┤
│                                                                                                                      │
│episode_len=200.0                      │num_trajectories=8                     │return=1.25                           │
│reward=0.00625                         │success_once=0.125                     │                                      │
│                                                                                                                      │
├─────────────────────────────────────────────────── Replay Buffer ────────────────────────────────────────────────────┤
│                                                                                                                      │
│cache_size=1.17e+04                    │num_trajectories=1.17e+04              │total_samples=1.17e+04                │
│                                                                                                                      │
├─────────────────────────────────────────────────── Training/Actor ───────────────────────────────────────────────────┤
│                                                                                                                      │
│actor/action_ref_abs_mean=0.042        │actor/actor_weight_in_warmup=1.000     │actor/actor_weight_ramp_progress=0.00…│
│actor/actor_weight_schedule_enabled=1.…│actor/bc_human_loss=0.0000             │actor/bc_loss=0.0094                  │
│actor/bc_ref_loss=0.0094               │actor/bc_unweighted_loss=0.0094        │actor/bc_weight=7.000                 │
│actor/entropy=-671.4                   │actor/grad_norm=0.805                  │actor/human_mask_ratio=0.0000         │
│actor/lr=1.00e-04                      │actor/policy_mask_ratio=1.000          │actor/q_pi=0.039                      │
│actor/q_value_0=0.039                  │actor/q_value_1=0.038                  │actor/q_weight=0.050                  │
│actor/reference_dropout_prob=0.500     │actor/rlt_dvac/enabled=0.0000          │actor/rlt_dvac_bc/executed_target_rat…│
│actor/rlt_dvac_bc/success_action_count…│actor/rlt_dvac_bc/success_executed_ref…│actor/rlt_dvac_bc/success_query_count…│
│actor/rlt_dvac_bc/success_unweighted_l…│actor/rlt_dvac_bc/success_weight_ess_r…│actor/rlt_dvac_bc/success_weight_mean…│
│actor/rlt_dvac_bc/success_weighted_los…│actor/weighted_bc=0.066                │actor/weighted_q=0.0020               │
│                                                                                                                      │
├────────────────────────────────────────────────── Training/Critic ───────────────────────────────────────────────────┤
│                                                                                                                      │
│critic/grad_norm=0.675                 │critic/lr=1.00e-04                     │critic/q_data=0.037                   │
│                                                                                                                      │
├─────────────────────────────────────────────────── Training/Other ───────────────────────────────────────────────────┤
│                                                                                                                      │
│alpha/grad_norm=0.0000                 │replay/actor_switch_rate=0.0000        │replay/done_rate=0.053                │
│replay/intervention_rate=0.0000        │replay/intervention_requested_rate=0.0…│replay/record_transition_rate=1.000   │
│replay/reward_mean=0.0066              │replay/reward_positive_rate=0.0066     │replay/transition_count=151.0         │
│rlt/actor_updates_run=800.0            │rlt/critic_updates_run=1600.0          │rlt/desired_total_updates=3.82e+04    │
│rlt/global_min_replay_size=1.17e+04    │rlt/global_total_transitions_added=1.1…│rlt/global_transitions_since_train=15…│
│rlt/max_updates_per_train_step=1600.0  │rlt/min_replay_buffer_size=10000.0     │rlt/pending_update_budget=1.90e+04    │
│rlt/ready_for_online=0.0000            │rlt/should_train=1.000                 │rlt/skip_reason=0.0000                │
│rlt/train_every_episodes=0.0000        │rlt/train_every_transitions=1.000      │rlt/update_epoch=5.000                │
│rlt/update_step=1.76e+04               │rlt/updates_scheduled=2.06e+04         │rlt/updates_to_run=1600.0             │
│rlt/warmup_required_updates=3.00e+04   │rlt_dvac/enabled=0.0000                │sac/actor_loss=0.064                  │
│sac/alpha=0.0000                       │sac/alpha_loss=0.0000                  │sac/critic_loss=0.0011                │
│                                                                                                                      │
╰──────────────────────────────────────────────────────────────────────────────────────────────────────────────────────╯


╭──────────────────────────────────────────────────────────────────────────────────────────────────────────────────────╮
├──────────────────────────────────────────────────── Metric Table ────────────────────────────────────────────────────┤
│ Global Step:   79/480 │ Progress: ██████░░░░░░░░░░░░░░░░░░░░░░░░░░░░░░░░░░ │  16.5%                                  │
│ Elapsed: 06:01:55 │ ETA: 30:37:07 │ Step Time: 274.882s                                                              │
├──────────────────────────────────────────────────────── Time ────────────────────────────────────────────────────────┤
│                                                                                                                      │
│actor/actor/compute_adv=8.82e-06       │actor/actor/recv_traj=231.7            │actor/actor/sync_model_to_rollout=0.0…│
│actor/forward_actor=26.791             │actor/forward_critic=49.331            │actor/sample=29.967                   │
│actor/update_one_epoch=186.9           │cal_adv_and_returns=0.0028             │env/compute_bootstrap_rewards=0.0016  │
│env/env/bootstrap_step=59.462          │env/env/send_rollout_trajectories=0.357│env/env_interact_step=162.9           │
│env/interact=231.6                     │env/run_interact_once=231.1            │generate_rollouts=231.8               │
│rollout/generate_one_epoch=230.7       │rollout/rollout/generate=230.7         │step=419.3                            │
│sync_weights=0.550                     │                                       │                                      │
│                                                                                                                      │
├──────────────────────────────────────────────────── Environment ─────────────────────────────────────────────────────┤
│                                                                                                                      │
│episode_len=200.0                      │num_trajectories=8                     │return=0.0                            │
│reward=0.0                             │success_once=0.0                       │                                      │
│                                                                                                                      │
├─────────────────────────────────────────────────── Replay Buffer ────────────────────────────────────────────────────┤
│                                                                                                                      │
│cache_size=1.18e+04                    │num_trajectories=1.18e+04              │total_samples=1.18e+04                │
│                                                                                                                      │
├─────────────────────────────────────────────────── Training/Actor ───────────────────────────────────────────────────┤
│                                                                                                                      │
│actor/action_ref_abs_mean=0.041        │actor/actor_weight_in_warmup=0.500     │actor/actor_weight_ramp_progress=0.00…│
│actor/actor_weight_schedule_enabled=1.…│actor/bc_human_loss=0.0000             │actor/bc_loss=0.0092                  │
│actor/bc_ref_loss=0.0092               │actor/bc_unweighted_loss=0.0092        │actor/bc_weight=6.982                 │
│actor/entropy=-671.4                   │actor/grad_norm=0.762                  │actor/human_mask_ratio=0.0000         │
│actor/lr=1.00e-04                      │actor/policy_mask_ratio=1.000          │actor/q_pi=0.040                      │
│actor/q_value_0=0.040                  │actor/q_value_1=0.039                  │actor/q_weight=0.052                  │
│actor/reference_dropout_prob=0.500     │actor/rlt_dvac/enabled=0.0000          │actor/rlt_dvac_bc/executed_target_rat…│
│actor/rlt_dvac_bc/success_action_count…│actor/rlt_dvac_bc/success_executed_ref…│actor/rlt_dvac_bc/success_query_count…│
│actor/rlt_dvac_bc/success_unweighted_l…│actor/rlt_dvac_bc/success_weight_ess_r…│actor/rlt_dvac_bc/success_weight_mean…│
│actor/rlt_dvac_bc/success_weighted_los…│actor/weighted_bc=0.065                │actor/weighted_q=0.0021               │
│                                                                                                                      │
├────────────────────────────────────────────────── Training/Critic ───────────────────────────────────────────────────┤
│                                                                                                                      │
│critic/grad_norm=0.618                 │critic/lr=1.00e-04                     │critic/q_data=0.038                   │
│                                                                                                                      │
├─────────────────────────────────────────────────── Training/Other ───────────────────────────────────────────────────┤
│                                                                                                                      │
│alpha/grad_norm=0.0000                 │replay/actor_switch_rate=0.0000        │replay/done_rate=0.050                │
│replay/intervention_rate=0.0000        │replay/intervention_requested_rate=0.0…│replay/record_transition_rate=1.000   │
│replay/reward_mean=0.0000              │replay/reward_positive_rate=0.0000     │replay/transition_count=160.0         │
│rlt/actor_updates_run=800.0            │rlt/critic_updates_run=1600.0          │rlt/desired_total_updates=3.90e+04    │
│rlt/global_min_replay_size=1.18e+04    │rlt/global_total_transitions_added=1.1…│rlt/global_transitions_since_train=16…│
│rlt/max_updates_per_train_step=1600.0  │rlt/min_replay_buffer_size=10000.0     │rlt/pending_update_budget=1.82e+04    │
│rlt/ready_for_online=0.0000            │rlt/should_train=1.000                 │rlt/skip_reason=0.0000                │
│rlt/train_every_episodes=0.0000        │rlt/train_every_transitions=1.000      │rlt/update_epoch=5.000                │
│rlt/update_step=1.92e+04               │rlt/updates_scheduled=1.98e+04         │rlt/updates_to_run=1600.0             │
│rlt/warmup_required_updates=3.00e+04   │rlt_dvac/enabled=0.0000                │sac/actor_loss=0.062                  │
│sac/alpha=0.0000                       │sac/alpha_loss=0.0000                  │sac/critic_loss=9.59e-04              │
│                                                                                                                      │
╰──────────────────────────────────────────────────────────────────────────────────────────────────────────────────────╯


╭──────────────────────────────────────────────────────────────────────────────────────────────────────────────────────╮
├──────────────────────────────────────────────────── Metric Table ────────────────────────────────────────────────────┤
│ Global Step:   80/480 │ Progress: ██████░░░░░░░░░░░░░░░░░░░░░░░░░░░░░░░░░░ │  16.7%                                  │
│ Elapsed: 06:08:30 │ ETA: 30:42:32 │ Step Time: 276.380s                                                              │
├──────────────────────────────────────────────────────── Time ────────────────────────────────────────────────────────┤
│                                                                                                                      │
│actor/actor/compute_adv=1.04e-05       │actor/actor/recv_traj=222.8            │actor/actor/sync_model_to_rollout=0.0…│
│actor/forward_actor=25.492             │actor/forward_critic=46.592            │actor/sample=26.895                   │
│actor/update_one_epoch=171.3           │cal_adv_and_returns=0.0027             │env/compute_bootstrap_rewards=0.0015  │
│env/env/bootstrap_step=59.881          │env/env/send_rollout_trajectories=0.491│env/env_interact_step=153.3           │
│env/interact=222.7                     │env/run_interact_once=222.1            │generate_rollouts=222.8               │
│rollout/generate_one_epoch=221.6       │rollout/rollout/generate=221.6         │step=394.7                            │
│sync_weights=0.527                     │                                       │                                      │
│                                                                                                                      │
├──────────────────────────────────────────────────── Environment ─────────────────────────────────────────────────────┤
│                                                                                                                      │
│episode_len=200.0                      │num_trajectories=8                     │return=1.25                           │
│reward=0.00625                         │success_once=0.125                     │                                      │
│                                                                                                                      │
├─────────────────────────────────────────────────── Replay Buffer ────────────────────────────────────────────────────┤
│                                                                                                                      │
│cache_size=1.20e+04                    │num_trajectories=1.20e+04              │total_samples=1.20e+04                │
│                                                                                                                      │
├─────────────────────────────────────────────────── Training/Actor ───────────────────────────────────────────────────┤
│                                                                                                                      │
│actor/action_ref_abs_mean=0.041        │actor/actor_weight_in_warmup=0.0000    │actor/actor_weight_ramp_progress=0.032│
│actor/actor_weight_schedule_enabled=1.…│actor/bc_human_loss=0.0000             │actor/bc_loss=0.0092                  │
│actor/bc_ref_loss=0.0092               │actor/bc_unweighted_loss=0.0092        │actor/bc_weight=6.856                 │
│actor/entropy=-671.4                   │actor/grad_norm=0.772                  │actor/human_mask_ratio=0.0000         │
│actor/lr=1.00e-04                      │actor/policy_mask_ratio=1.000          │actor/q_pi=0.042                      │
│actor/q_value_0=0.042                  │actor/q_value_1=0.041                  │actor/q_weight=0.063                  │
│actor/reference_dropout_prob=0.500     │actor/rlt_dvac/enabled=0.0000          │actor/rlt_dvac_bc/executed_target_rat…│
│actor/rlt_dvac_bc/success_action_count…│actor/rlt_dvac_bc/success_executed_ref…│actor/rlt_dvac_bc/success_query_count…│
│actor/rlt_dvac_bc/success_unweighted_l…│actor/rlt_dvac_bc/success_weight_ess_r…│actor/rlt_dvac_bc/success_weight_mean…│
│actor/rlt_dvac_bc/success_weighted_los…│actor/weighted_bc=0.063                │actor/weighted_q=0.0026               │
│                                                                                                                      │
├────────────────────────────────────────────────── Training/Critic ───────────────────────────────────────────────────┤
│                                                                                                                      │
│critic/grad_norm=0.559                 │critic/lr=1.00e-04                     │critic/q_data=0.040                   │
│                                                                                                                      │
├─────────────────────────────────────────────────── Training/Other ───────────────────────────────────────────────────┤
│                                                                                                                      │
│alpha/grad_norm=0.0000                 │replay/actor_switch_rate=0.0000        │replay/done_rate=0.053                │
│replay/intervention_rate=0.0000        │replay/intervention_requested_rate=0.0…│replay/record_transition_rate=1.000   │
│replay/reward_mean=0.0066              │replay/reward_positive_rate=0.0066     │replay/transition_count=151.0         │
│rlt/actor_updates_run=800.0            │rlt/critic_updates_run=1600.0          │rlt/desired_total_updates=3.97e+04    │
│rlt/global_min_replay_size=1.20e+04    │rlt/global_total_transitions_added=1.2…│rlt/global_transitions_since_train=15…│
│rlt/max_updates_per_train_step=1600.0  │rlt/min_replay_buffer_size=10000.0     │rlt/pending_update_budget=1.73e+04    │
│rlt/ready_for_online=0.0000            │rlt/should_train=1.000                 │rlt/skip_reason=0.0000                │
│rlt/train_every_episodes=0.0000        │rlt/train_every_transitions=1.000      │rlt/update_epoch=5.000                │
│rlt/update_step=2.08e+04               │rlt/updates_scheduled=1.89e+04         │rlt/updates_to_run=1600.0             │
│rlt/warmup_required_updates=3.00e+04   │rlt_dvac/enabled=0.0000                │sac/actor_loss=0.060                  │
│sac/alpha=0.0000                       │sac/alpha_loss=0.0000                  │sac/critic_loss=8.86e-04              │
│                                                                                                                      │
╰──────────────────────────────────────────────────────────────────────────────────────────────────────────────────────╯


╭──────────────────────────────────────────────────────────────────────────────────────────────────────────────────────╮
├──────────────────────────────────────────────────── Metric Table ────────────────────────────────────────────────────┤
│ Global Step:   81/480 │ Progress: ██████░░░░░░░░░░░░░░░░░░░░░░░░░░░░░░░░░░ │  16.9%                                  │
│ Elapsed: 06:15:21 │ ETA: 30:48:58 │ Step Time: 278.041s                                                              │
├──────────────────────────────────────────────────────── Time ────────────────────────────────────────────────────────┤
│                                                                                                                      │
│actor/actor/compute_adv=1.11e-05       │actor/actor/recv_traj=221.7            │actor/actor/sync_model_to_rollout=0.0…│
│actor/forward_actor=28.673             │actor/forward_critic=52.485            │actor/sample=25.243                   │
│actor/update_one_epoch=188.5           │cal_adv_and_returns=0.0030             │env/compute_bootstrap_rewards=0.0016  │
│env/env/bootstrap_step=60.949          │env/env/send_rollout_trajectories=0.471│env/env_interact_step=151.0           │
│env/interact=221.6                     │env/run_interact_once=221.1            │generate_rollouts=221.7               │
│rollout/generate_one_epoch=220.6       │rollout/rollout/generate=220.6         │step=410.9                            │
│sync_weights=0.522                     │                                       │                                      │
│                                                                                                                      │
├──────────────────────────────────────────────────── Environment ─────────────────────────────────────────────────────┤
│                                                                                                                      │
│episode_len=200.0                      │num_trajectories=8                     │return=2.5                            │
│reward=0.0125                          │success_once=0.25                      │                                      │
│                                                                                                                      │
├─────────────────────────────────────────────────── Replay Buffer ────────────────────────────────────────────────────┤
│                                                                                                                      │
│cache_size=1.21e+04                    │num_trajectories=1.21e+04              │total_samples=1.21e+04                │
│                                                                                                                      │
├─────────────────────────────────────────────────── Training/Actor ───────────────────────────────────────────────────┤
│                                                                                                                      │
│actor/action_ref_abs_mean=0.041        │actor/actor_weight_in_warmup=0.0000    │actor/actor_weight_ramp_progress=0.064│
│actor/actor_weight_schedule_enabled=1.…│actor/bc_human_loss=0.0000             │actor/bc_loss=0.0091                  │
│actor/bc_ref_loss=0.0091               │actor/bc_unweighted_loss=0.0091        │actor/bc_weight=6.712                 │
│actor/entropy=-671.4                   │actor/grad_norm=0.848                  │actor/human_mask_ratio=0.0000         │
│actor/lr=1.00e-04                      │actor/policy_mask_ratio=1.000          │actor/q_pi=0.045                      │
│actor/q_value_0=0.045                  │actor/q_value_1=0.044                  │actor/q_weight=0.076                  │
│actor/reference_dropout_prob=0.500     │actor/rlt_dvac/enabled=0.0000          │actor/rlt_dvac_bc/executed_target_rat…│
│actor/rlt_dvac_bc/success_action_count…│actor/rlt_dvac_bc/success_executed_ref…│actor/rlt_dvac_bc/success_query_count…│
│actor/rlt_dvac_bc/success_unweighted_l…│actor/rlt_dvac_bc/success_weight_ess_r…│actor/rlt_dvac_bc/success_weight_mean…│
│actor/rlt_dvac_bc/success_weighted_los…│actor/weighted_bc=0.061                │actor/weighted_q=0.0034               │
│                                                                                                                      │
├────────────────────────────────────────────────── Training/Critic ───────────────────────────────────────────────────┤
│                                                                                                                      │
│critic/grad_norm=0.564                 │critic/lr=1.00e-04                     │critic/q_data=0.042                   │
│                                                                                                                      │
├─────────────────────────────────────────────────── Training/Other ───────────────────────────────────────────────────┤
│                                                                                                                      │
│alpha/grad_norm=0.0000                 │replay/actor_switch_rate=0.0000        │replay/done_rate=0.056                │
│replay/intervention_rate=0.0000        │replay/intervention_requested_rate=0.0…│replay/record_transition_rate=1.000   │
│replay/reward_mean=0.014               │replay/reward_positive_rate=0.014      │replay/transition_count=142.0         │
│rlt/actor_updates_run=800.0            │rlt/critic_updates_run=1600.0          │rlt/desired_total_updates=4.05e+04    │
│rlt/global_min_replay_size=1.21e+04    │rlt/global_total_transitions_added=1.2…│rlt/global_transitions_since_train=14…│
│rlt/max_updates_per_train_step=1600.0  │rlt/min_replay_buffer_size=10000.0     │rlt/pending_update_budget=1.65e+04    │
│rlt/ready_for_online=0.0000            │rlt/should_train=1.000                 │rlt/skip_reason=0.0000                │
│rlt/train_every_episodes=0.0000        │rlt/train_every_transitions=1.000      │rlt/update_epoch=5.000                │
│rlt/update_step=2.24e+04               │rlt/updates_scheduled=1.81e+04         │rlt/updates_to_run=1600.0             │
│rlt/warmup_required_updates=3.00e+04   │rlt_dvac/enabled=0.0000                │sac/actor_loss=0.058                  │
│sac/alpha=0.0000                       │sac/alpha_loss=0.0000                  │sac/critic_loss=8.03e-04              │
│                                                                                                                      │
╰──────────────────────────────────────────────────────────────────────────────────────────────────────────────────────╯


╭──────────────────────────────────────────────────────────────────────────────────────────────────────────────────────╮
├──────────────────────────────────────────────────── Metric Table ────────────────────────────────────────────────────┤
│ Global Step:   82/480 │ Progress: ██████░░░░░░░░░░░░░░░░░░░░░░░░░░░░░░░░░░ │  17.1%                                  │
│ Elapsed: 06:21:57 │ ETA: 30:53:55 │ Step Time: 279.486s                                                              │
├──────────────────────────────────────────────────────── Time ────────────────────────────────────────────────────────┤
│                                                                                                                      │
│actor/actor/compute_adv=1.07e-05       │actor/actor/recv_traj=210.5            │actor/actor/sync_model_to_rollout=0.0…│
│actor/forward_actor=27.369             │actor/forward_critic=49.468            │actor/sample=28.442                   │
│actor/update_one_epoch=185.3           │cal_adv_and_returns=0.0055             │env/compute_bootstrap_rewards=0.0016  │
│env/env/bootstrap_step=59.623          │env/env/send_rollout_trajectories=0.473│env/env_interact_step=141.2           │
│env/interact=210.5                     │env/run_interact_once=209.9            │generate_rollouts=210.6               │
│rollout/generate_one_epoch=209.4       │rollout/rollout/generate=209.4         │step=396.6                            │
│sync_weights=0.560                     │                                       │                                      │
│                                                                                                                      │
├──────────────────────────────────────────────────── Environment ─────────────────────────────────────────────────────┤
│                                                                                                                      │
│episode_len=200.0                      │num_trajectories=8                     │return=4.0                            │
│reward=0.02                            │success_once=0.375                     │                                      │
│                                                                                                                      │
├─────────────────────────────────────────────────── Replay Buffer ────────────────────────────────────────────────────┤
│                                                                                                                      │
│cache_size=1.22e+04                    │num_trajectories=1.22e+04              │total_samples=1.22e+04                │
│                                                                                                                      │
├─────────────────────────────────────────────────── Training/Actor ───────────────────────────────────────────────────┤
│                                                                                                                      │
│actor/action_ref_abs_mean=0.041        │actor/actor_weight_in_warmup=0.0000    │actor/actor_weight_ramp_progress=0.096│
│actor/actor_weight_schedule_enabled=1.…│actor/bc_human_loss=0.0000             │actor/bc_loss=0.0090                  │
│actor/bc_ref_loss=0.0090               │actor/bc_unweighted_loss=0.0090        │actor/bc_weight=6.568                 │
│actor/entropy=-671.4                   │actor/grad_norm=0.912                  │actor/human_mask_ratio=0.0000         │
│actor/lr=1.00e-04                      │actor/policy_mask_ratio=1.000          │actor/q_pi=0.048                      │
│actor/q_value_0=0.048                  │actor/q_value_1=0.047                  │actor/q_weight=0.088                  │
│actor/reference_dropout_prob=0.500     │actor/rlt_dvac/enabled=0.0000          │actor/rlt_dvac_bc/executed_target_rat…│
│actor/rlt_dvac_bc/success_action_count…│actor/rlt_dvac_bc/success_executed_ref…│actor/rlt_dvac_bc/success_query_count…│
│actor/rlt_dvac_bc/success_unweighted_l…│actor/rlt_dvac_bc/success_weight_ess_r…│actor/rlt_dvac_bc/success_weight_mean…│
│actor/rlt_dvac_bc/success_weighted_los…│actor/weighted_bc=0.059                │actor/weighted_q=0.0042               │
│                                                                                                                      │
├────────────────────────────────────────────────── Training/Critic ───────────────────────────────────────────────────┤
│                                                                                                                      │
│critic/grad_norm=0.553                 │critic/lr=1.00e-04                     │critic/q_data=0.045                   │
│                                                                                                                      │
├─────────────────────────────────────────────────── Training/Other ───────────────────────────────────────────────────┤
│                                                                                                                      │
│alpha/grad_norm=0.0000                 │replay/actor_switch_rate=0.0000        │replay/done_rate=0.061                │
│replay/intervention_rate=0.0000        │replay/intervention_requested_rate=0.0…│replay/record_transition_rate=1.000   │
│replay/reward_mean=0.023               │replay/reward_positive_rate=0.023      │replay/transition_count=131.0         │
│rlt/actor_updates_run=800.0            │rlt/critic_updates_run=1600.0          │rlt/desired_total_updates=4.11e+04    │
│rlt/global_min_replay_size=1.22e+04    │rlt/global_total_transitions_added=1.2…│rlt/global_transitions_since_train=13…│
│rlt/max_updates_per_train_step=1600.0  │rlt/min_replay_buffer_size=10000.0     │rlt/pending_update_budget=1.55e+04    │
│rlt/ready_for_online=0.0000            │rlt/should_train=1.000                 │rlt/skip_reason=0.0000                │
│rlt/train_every_episodes=0.0000        │rlt/train_every_transitions=1.000      │rlt/update_epoch=5.000                │
│rlt/update_step=2.40e+04               │rlt/updates_scheduled=1.71e+04         │rlt/updates_to_run=1600.0             │
│rlt/warmup_required_updates=3.00e+04   │rlt_dvac/enabled=0.0000                │sac/actor_loss=0.055                  │
│sac/alpha=0.0000                       │sac/alpha_loss=0.0000                  │sac/critic_loss=7.12e-04              │
│                                                                                                                      │
╰──────────────────────────────────────────────────────────────────────────────────────────────────────────────────────╯


╭──────────────────────────────────────────────────────────────────────────────────────────────────────────────────────╮
├──────────────────────────────────────────────────── Metric Table ────────────────────────────────────────────────────┤
│ Global Step:   83/480 │ Progress: ██████░░░░░░░░░░░░░░░░░░░░░░░░░░░░░░░░░░ │  17.3%                                  │
│ Elapsed: 06:28:54 │ ETA: 31:00:13 │ Step Time: 281.142s                                                              │
├──────────────────────────────────────────────────────── Time ────────────────────────────────────────────────────────┤
│                                                                                                                      │
│actor/actor/compute_adv=1.29e-05       │actor/actor/recv_traj=227.8            │actor/actor/sync_model_to_rollout=0.0…│
│actor/forward_actor=27.552             │actor/forward_critic=49.978            │actor/sample=28.935                   │
│actor/update_one_epoch=188.4           │cal_adv_and_returns=0.0025             │env/compute_bootstrap_rewards=0.0017  │
│env/env/bootstrap_step=60.646          │env/env/send_rollout_trajectories=0.474│env/env_interact_step=157.4           │
│env/interact=227.7                     │env/run_interact_once=227.2            │generate_rollouts=227.9               │
│rollout/generate_one_epoch=226.7       │rollout/rollout/generate=226.7         │step=416.9                            │
│sync_weights=0.466                     │                                       │                                      │
│                                                                                                                      │
├──────────────────────────────────────────────────── Environment ─────────────────────────────────────────────────────┤
│                                                                                                                      │
│episode_len=200.0                      │num_trajectories=8                     │return=1.25                           │
│reward=0.00625                         │success_once=0.125                     │                                      │
│                                                                                                                      │
├─────────────────────────────────────────────────── Replay Buffer ────────────────────────────────────────────────────┤
│                                                                                                                      │
│cache_size=1.24e+04                    │num_trajectories=1.24e+04              │total_samples=1.24e+04                │
│                                                                                                                      │
├─────────────────────────────────────────────────── Training/Actor ───────────────────────────────────────────────────┤
│                                                                                                                      │
│actor/action_ref_abs_mean=0.041        │actor/actor_weight_in_warmup=0.0000    │actor/actor_weight_ramp_progress=0.128│
│actor/actor_weight_schedule_enabled=1.…│actor/bc_human_loss=0.0000             │actor/bc_loss=0.0090                  │
│actor/bc_ref_loss=0.0090               │actor/bc_unweighted_loss=0.0090        │actor/bc_weight=6.424                 │
│actor/entropy=-671.4                   │actor/grad_norm=0.967                  │actor/human_mask_ratio=0.0000         │
│actor/lr=1.00e-04                      │actor/policy_mask_ratio=1.000          │actor/q_pi=0.048                      │
│actor/q_value_0=0.048                  │actor/q_value_1=0.047                  │actor/q_weight=0.101                  │
│actor/reference_dropout_prob=0.500     │actor/rlt_dvac/enabled=0.0000          │actor/rlt_dvac_bc/executed_target_rat…│
│actor/rlt_dvac_bc/success_action_count…│actor/rlt_dvac_bc/success_executed_ref…│actor/rlt_dvac_bc/success_query_count…│
│actor/rlt_dvac_bc/success_unweighted_l…│actor/rlt_dvac_bc/success_weight_ess_r…│actor/rlt_dvac_bc/success_weight_mean…│
│actor/rlt_dvac_bc/success_weighted_los…│actor/weighted_bc=0.058                │actor/weighted_q=0.0048               │
│                                                                                                                      │
├────────────────────────────────────────────────── Training/Critic ───────────────────────────────────────────────────┤
│                                                                                                                      │
│critic/grad_norm=0.516                 │critic/lr=1.00e-04                     │critic/q_data=0.045                   │
│                                                                                                                      │
├─────────────────────────────────────────────────── Training/Other ───────────────────────────────────────────────────┤
│                                                                                                                      │
│alpha/grad_norm=0.0000                 │replay/actor_switch_rate=0.0000        │replay/done_rate=0.053                │
│replay/intervention_rate=0.0000        │replay/intervention_requested_rate=0.0…│replay/record_transition_rate=1.000   │
│replay/reward_mean=0.0066              │replay/reward_positive_rate=0.0066     │replay/transition_count=151.0         │
│rlt/actor_updates_run=800.0            │rlt/critic_updates_run=1600.0          │rlt/desired_total_updates=4.19e+04    │
│rlt/global_min_replay_size=1.24e+04    │rlt/global_total_transitions_added=1.2…│rlt/global_transitions_since_train=15…│
│rlt/max_updates_per_train_step=1600.0  │rlt/min_replay_buffer_size=10000.0     │rlt/pending_update_budget=1.47e+04    │
│rlt/ready_for_online=0.0000            │rlt/should_train=1.000                 │rlt/skip_reason=0.0000                │
│rlt/train_every_episodes=0.0000        │rlt/train_every_transitions=1.000      │rlt/update_epoch=5.000                │
│rlt/update_step=2.56e+04               │rlt/updates_scheduled=1.63e+04         │rlt/updates_to_run=1600.0             │
│rlt/warmup_required_updates=3.00e+04   │rlt_dvac/enabled=0.0000                │sac/actor_loss=0.053                  │
│sac/alpha=0.0000                       │sac/alpha_loss=0.0000                  │sac/critic_loss=6.52e-04              │
│                                                                                                                      │
╰──────────────────────────────────────────────────────────────────────────────────────────────────────────────────────╯


╭──────────────────────────────────────────────────────────────────────────────────────────────────────────────────────╮
├──────────────────────────────────────────────────── Metric Table ────────────────────────────────────────────────────┤
│ Global Step:   84/480 │ Progress: ███████░░░░░░░░░░░░░░░░░░░░░░░░░░░░░░░░░ │  17.5%                                  │
│ Elapsed: 06:35:56 │ ETA: 31:06:36 │ Step Time: 282.820s                                                              │
├──────────────────────────────────────────────────────── Time ────────────────────────────────────────────────────────┤
│                                                                                                                      │
│actor/actor/compute_adv=1.00e-05       │actor/actor/recv_traj=234.1            │actor/actor/sync_model_to_rollout=0.0…│
│actor/forward_actor=27.297             │actor/forward_critic=49.893            │actor/sample=29.179                   │
│actor/update_one_epoch=187.3           │cal_adv_and_returns=0.0026             │env/compute_bootstrap_rewards=0.0017  │
│env/env/bootstrap_step=58.624          │env/env/send_rollout_trajectories=0.455│env/env_interact_step=165.8           │
│env/interact=234.0                     │env/run_interact_once=233.5            │generate_rollouts=234.2               │
│rollout/generate_one_epoch=233.0       │rollout/rollout/generate=233.0         │step=422.1                            │
│sync_weights=0.511                     │                                       │                                      │
│                                                                                                                      │
├──────────────────────────────────────────────────── Environment ─────────────────────────────────────────────────────┤
│                                                                                                                      │
│episode_len=200.0                      │num_trajectories=8                     │return=0.0                            │
│reward=0.0                             │success_once=0.0                       │                                      │
│                                                                                                                      │
├─────────────────────────────────────────────────── Replay Buffer ────────────────────────────────────────────────────┤
│                                                                                                                      │
│cache_size=1.26e+04                    │num_trajectories=1.26e+04              │total_samples=1.26e+04                │
│                                                                                                                      │
├─────────────────────────────────────────────────── Training/Actor ───────────────────────────────────────────────────┤
│                                                                                                                      │
│actor/action_ref_abs_mean=0.041        │actor/actor_weight_in_warmup=0.0000    │actor/actor_weight_ramp_progress=0.160│
│actor/actor_weight_schedule_enabled=1.…│actor/bc_human_loss=0.0000             │actor/bc_loss=0.0090                  │
│actor/bc_ref_loss=0.0090               │actor/bc_unweighted_loss=0.0090        │actor/bc_weight=6.280                 │
│actor/entropy=-671.4                   │actor/grad_norm=1.052                  │actor/human_mask_ratio=0.0000         │
│actor/lr=1.00e-04                      │actor/policy_mask_ratio=1.000          │actor/q_pi=0.047                      │
│actor/q_value_0=0.047                  │actor/q_value_1=0.046                  │actor/q_weight=0.114                  │
│actor/reference_dropout_prob=0.500     │actor/rlt_dvac/enabled=0.0000          │actor/rlt_dvac_bc/executed_target_rat…│
│actor/rlt_dvac_bc/success_action_count…│actor/rlt_dvac_bc/success_executed_ref…│actor/rlt_dvac_bc/success_query_count…│
│actor/rlt_dvac_bc/success_unweighted_l…│actor/rlt_dvac_bc/success_weight_ess_r…│actor/rlt_dvac_bc/success_weight_mean…│
│actor/rlt_dvac_bc/success_weighted_los…│actor/weighted_bc=0.057                │actor/weighted_q=0.0053               │
│                                                                                                                      │
├────────────────────────────────────────────────── Training/Critic ───────────────────────────────────────────────────┤
│                                                                                                                      │
│critic/grad_norm=0.515                 │critic/lr=1.00e-04                     │critic/q_data=0.044                   │
│                                                                                                                      │
├─────────────────────────────────────────────────── Training/Other ───────────────────────────────────────────────────┤
│                                                                                                                      │
│alpha/grad_norm=0.0000                 │replay/actor_switch_rate=0.0000        │replay/done_rate=0.050                │
│replay/intervention_rate=0.0000        │replay/intervention_requested_rate=0.0…│replay/record_transition_rate=1.000   │
│replay/reward_mean=0.0000              │replay/reward_positive_rate=0.0000     │replay/transition_count=160.0         │
│rlt/actor_updates_run=800.0            │rlt/critic_updates_run=1600.0          │rlt/desired_total_updates=4.27e+04    │
│rlt/global_min_replay_size=1.26e+04    │rlt/global_total_transitions_added=1.2…│rlt/global_transitions_since_train=16…│
│rlt/max_updates_per_train_step=1600.0  │rlt/min_replay_buffer_size=10000.0     │rlt/pending_update_budget=1.39e+04    │
│rlt/ready_for_online=0.0000            │rlt/should_train=1.000                 │rlt/skip_reason=0.0000                │
│rlt/train_every_episodes=0.0000        │rlt/train_every_transitions=1.000      │rlt/update_epoch=5.000                │
│rlt/update_step=2.72e+04               │rlt/updates_scheduled=1.55e+04         │rlt/updates_to_run=1600.0             │
│rlt/warmup_required_updates=3.00e+04   │rlt_dvac/enabled=0.0000                │sac/actor_loss=0.051                  │
│sac/alpha=0.0000                       │sac/alpha_loss=0.0000                  │sac/critic_loss=5.59e-04              │
│                                                                                                                      │
╰──────────────────────────────────────────────────────────────────────────────────────────────────────────────────────╯


╭──────────────────────────────────────────────────────────────────────────────────────────────────────────────────────╮
├──────────────────────────────────────────────────── Metric Table ────────────────────────────────────────────────────┤
│ Global Step:   85/480 │ Progress: ███████░░░░░░░░░░░░░░░░░░░░░░░░░░░░░░░░░ │  17.7%                                  │
│ Elapsed: 06:42:54 │ ETA: 31:12:20 │ Step Time: 284.406s                                                              │
├──────────────────────────────────────────────────────── Time ────────────────────────────────────────────────────────┤
│                                                                                                                      │
│actor/actor/compute_adv=9.84e-06       │actor/actor/recv_traj=228.9            │actor/actor/sync_model_to_rollout=0.0…│
│actor/forward_actor=28.680             │actor/forward_critic=52.531            │actor/sample=24.242                   │
│actor/update_one_epoch=188.0           │cal_adv_and_returns=0.0028             │env/compute_bootstrap_rewards=0.0016  │
│env/env/bootstrap_step=58.927          │env/env/send_rollout_trajectories=0.465│env/env_interact_step=160.3           │
│env/interact=228.9                     │env/run_interact_once=228.3            │generate_rollouts=229.0               │
│rollout/generate_one_epoch=227.8       │rollout/rollout/generate=227.8         │step=417.6                            │
│sync_weights=0.476                     │                                       │                                      │
│                                                                                                                      │
├──────────────────────────────────────────────────── Environment ─────────────────────────────────────────────────────┤
│                                                                                                                      │
│episode_len=200.0                      │num_trajectories=8                     │return=1.125                          │
│reward=0.005625                        │success_once=0.125                     │                                      │
│                                                                                                                      │
├─────────────────────────────────────────────────── Replay Buffer ────────────────────────────────────────────────────┤
│                                                                                                                      │
│cache_size=1.27e+04                    │num_trajectories=1.27e+04              │total_samples=1.27e+04                │
│                                                                                                                      │
├─────────────────────────────────────────────────── Training/Actor ───────────────────────────────────────────────────┤
│                                                                                                                      │
│actor/action_ref_abs_mean=0.041        │actor/actor_weight_in_warmup=0.0000    │actor/actor_weight_ramp_progress=0.192│
│actor/actor_weight_schedule_enabled=1.…│actor/bc_human_loss=0.0000             │actor/bc_loss=0.0090                  │
│actor/bc_ref_loss=0.0090               │actor/bc_unweighted_loss=0.0090        │actor/bc_weight=6.136                 │
│actor/entropy=-671.4                   │actor/grad_norm=1.119                  │actor/human_mask_ratio=0.0000         │
│actor/lr=1.00e-04                      │actor/policy_mask_ratio=1.000          │actor/q_pi=0.046                      │
│actor/q_value_0=0.046                  │actor/q_value_1=0.046                  │actor/q_weight=0.127                  │
│actor/reference_dropout_prob=0.500     │actor/rlt_dvac/enabled=0.0000          │actor/rlt_dvac_bc/executed_target_rat…│
│actor/rlt_dvac_bc/success_action_count…│actor/rlt_dvac_bc/success_executed_ref…│actor/rlt_dvac_bc/success_query_count…│
│actor/rlt_dvac_bc/success_unweighted_l…│actor/rlt_dvac_bc/success_weight_ess_r…│actor/rlt_dvac_bc/success_weight_mean…│
│actor/rlt_dvac_bc/success_weighted_los…│actor/weighted_bc=0.055                │actor/weighted_q=0.0059               │
│                                                                                                                      │
├────────────────────────────────────────────────── Training/Critic ───────────────────────────────────────────────────┤
│                                                                                                                      │
│critic/grad_norm=0.476                 │critic/lr=1.00e-04                     │critic/q_data=0.043                   │
│                                                                                                                      │
├─────────────────────────────────────────────────── Training/Other ───────────────────────────────────────────────────┤
│                                                                                                                      │
│alpha/grad_norm=0.0000                 │replay/actor_switch_rate=0.0000        │replay/done_rate=0.053                │
│replay/intervention_rate=0.0000        │replay/intervention_requested_rate=0.0…│replay/record_transition_rate=1.000   │
│replay/reward_mean=0.0066              │replay/reward_positive_rate=0.0066     │replay/transition_count=152.0         │
│rlt/actor_updates_run=800.0            │rlt/critic_updates_run=1600.0          │rlt/desired_total_updates=4.34e+04    │
│rlt/global_min_replay_size=1.27e+04    │rlt/global_total_transitions_added=1.2…│rlt/global_transitions_since_train=15…│
│rlt/max_updates_per_train_step=1600.0  │rlt/min_replay_buffer_size=10000.0     │rlt/pending_update_budget=1.30e+04    │
│rlt/ready_for_online=0.0000            │rlt/should_train=1.000                 │rlt/skip_reason=0.0000                │
│rlt/train_every_episodes=0.0000        │rlt/train_every_transitions=1.000      │rlt/update_epoch=5.000                │
│rlt/update_step=2.88e+04               │rlt/updates_scheduled=1.46e+04         │rlt/updates_to_run=1600.0             │
│rlt/warmup_required_updates=3.00e+04   │rlt_dvac/enabled=0.0000                │sac/actor_loss=0.049                  │
│sac/alpha=0.0000                       │sac/alpha_loss=0.0000                  │sac/critic_loss=4.84e-04              │
│                                                                                                                      │
╰──────────────────────────────────────────────────────────────────────────────────────────────────────────────────────╯


╭──────────────────────────────────────────────────────────────────────────────────────────────────────────────────────╮
├──────────────────────────────────────────────────── Metric Table ────────────────────────────────────────────────────┤
│ Global Step:   86/480 │ Progress: ███████░░░░░░░░░░░░░░░░░░░░░░░░░░░░░░░░░ │  17.9%                                  │
│ Elapsed: 06:49:45 │ ETA: 31:17:17 │ Step Time: 285.881s                                                              │
├──────────────────────────────────────────────────────── Time ────────────────────────────────────────────────────────┤
│                                                                                                                      │
│actor/actor/compute_adv=1.05e-05       │actor/actor/recv_traj=222.7            │actor/actor/sync_model_to_rollout=0.0…│
│actor/forward_actor=28.786             │actor/forward_critic=52.663            │actor/sample=24.277                   │
│actor/update_one_epoch=187.8           │cal_adv_and_returns=0.0026             │env/compute_bootstrap_rewards=0.0016  │
│env/env/bootstrap_step=59.300          │env/env/send_rollout_trajectories=0.475│env/env_interact_step=154.0           │
│env/interact=222.6                     │env/run_interact_once=222.1            │generate_rollouts=222.7               │
│rollout/generate_one_epoch=221.6       │rollout/rollout/generate=221.6         │step=411.2                            │
│sync_weights=0.509                     │                                       │                                      │
│                                                                                                                      │
├──────────────────────────────────────────────────── Environment ─────────────────────────────────────────────────────┤
│                                                                                                                      │
│episode_len=200.0                      │num_trajectories=8                     │return=0.0                            │
│reward=0.0                             │success_once=0.0                       │                                      │
│                                                                                                                      │
├─────────────────────────────────────────────────── Replay Buffer ────────────────────────────────────────────────────┤
│                                                                                                                      │
│cache_size=1.29e+04                    │num_trajectories=1.29e+04              │total_samples=1.29e+04                │
│                                                                                                                      │
├─────────────────────────────────────────────────── Training/Actor ───────────────────────────────────────────────────┤
│                                                                                                                      │
│actor/action_ref_abs_mean=0.041        │actor/actor_weight_in_warmup=0.0000    │actor/actor_weight_ramp_progress=0.224│
│actor/actor_weight_schedule_enabled=1.…│actor/bc_human_loss=0.0000             │actor/bc_loss=0.0090                  │
│actor/bc_ref_loss=0.0090               │actor/bc_unweighted_loss=0.0090        │actor/bc_weight=5.992                 │
│actor/entropy=-671.4                   │actor/grad_norm=1.194                  │actor/human_mask_ratio=0.0000         │
│actor/lr=1.00e-04                      │actor/policy_mask_ratio=1.000          │actor/q_pi=0.046                      │
│actor/q_value_0=0.046                  │actor/q_value_1=0.045                  │actor/q_weight=0.140                  │
│actor/reference_dropout_prob=0.500     │actor/rlt_dvac/enabled=0.0000          │actor/rlt_dvac_bc/executed_target_rat…│
│actor/rlt_dvac_bc/success_action_count…│actor/rlt_dvac_bc/success_executed_ref…│actor/rlt_dvac_bc/success_query_count…│
│actor/rlt_dvac_bc/success_unweighted_l…│actor/rlt_dvac_bc/success_weight_ess_r…│actor/rlt_dvac_bc/success_weight_mean…│
│actor/rlt_dvac_bc/success_weighted_los…│actor/weighted_bc=0.054                │actor/weighted_q=0.0064               │
│                                                                                                                      │
├────────────────────────────────────────────────── Training/Critic ───────────────────────────────────────────────────┤
│                                                                                                                      │
│critic/grad_norm=0.447                 │critic/lr=1.00e-04                     │critic/q_data=0.043                   │
│                                                                                                                      │
├─────────────────────────────────────────────────── Training/Other ───────────────────────────────────────────────────┤
│                                                                                                                      │
│alpha/grad_norm=0.0000                 │replay/actor_switch_rate=1.000         │replay/done_rate=0.050                │
│replay/intervention_rate=0.0000        │replay/intervention_requested_rate=0.0…│replay/record_transition_rate=1.000   │
│replay/reward_mean=0.0000              │replay/reward_positive_rate=0.0000     │replay/transition_count=160.0         │
│rlt/actor_updates_run=800.0            │rlt/critic_updates_run=1600.0          │rlt/desired_total_updates=4.42e+04    │
│rlt/global_min_replay_size=1.29e+04    │rlt/global_total_transitions_added=1.2…│rlt/global_transitions_since_train=16…│
│rlt/max_updates_per_train_step=1600.0  │rlt/min_replay_buffer_size=10000.0     │rlt/pending_update_budget=1.22e+04    │
│rlt/ready_for_online=1.000             │rlt/should_train=1.000                 │rlt/skip_reason=0.0000                │
│rlt/train_every_episodes=0.0000        │rlt/train_every_transitions=1.000      │rlt/update_epoch=5.000                │
│rlt/update_step=3.04e+04               │rlt/updates_scheduled=1.38e+04         │rlt/updates_to_run=1600.0             │
│rlt/warmup_required_updates=3.00e+04   │rlt_dvac/enabled=0.0000                │sac/actor_loss=0.048                  │
│sac/alpha=0.0000                       │sac/alpha_loss=0.0000                  │sac/critic_loss=4.51e-04              │
│                                                                                                                      │
╰──────────────────────────────────────────────────────────────────────────────────────────────────────────────────────╯


╭──────────────────────────────────────────────────────────────────────────────────────────────────────────────────────╮
├──────────────────────────────────────────────────── Metric Table ────────────────────────────────────────────────────┤
│ Global Step:   87/480 │ Progress: ███████░░░░░░░░░░░░░░░░░░░░░░░░░░░░░░░░░ │  18.1%                                  │
│ Elapsed: 06:56:34 │ ETA: 31:21:48 │ Step Time: 287.299s                                                              │
├──────────────────────────────────────────────────────── Time ────────────────────────────────────────────────────────┤
│                                                                                                                      │
│actor/actor/compute_adv=9.34e-06       │actor/actor/recv_traj=219.5            │actor/actor/sync_model_to_rollout=0.0…│
│actor/forward_actor=28.965             │actor/forward_critic=52.890            │actor/sample=24.500                   │
│actor/update_one_epoch=188.9           │cal_adv_and_returns=0.0027             │env/compute_bootstrap_rewards=0.0015  │
│env/env/bootstrap_step=59.902          │env/env/send_rollout_trajectories=0.476│env/env_interact_step=150.2           │
│env/interact=219.5                     │env/run_interact_once=218.9            │generate_rollouts=219.6               │
│rollout/generate_one_epoch=218.4       │rollout/rollout/generate=218.4         │step=409.2                            │
│sync_weights=0.525                     │                                       │                                      │
│                                                                                                                      │
├──────────────────────────────────────────────────── Environment ─────────────────────────────────────────────────────┤
│                                                                                                                      │
│episode_len=200.0                      │num_trajectories=8                     │return=0.0                            │
│reward=0.0                             │success_once=0.0                       │                                      │
│                                                                                                                      │
├─────────────────────────────────────────────────── Replay Buffer ────────────────────────────────────────────────────┤
│                                                                                                                      │
│cache_size=1.30e+04                    │num_trajectories=1.30e+04              │total_samples=1.30e+04                │
│                                                                                                                      │
├─────────────────────────────────────────────────── Training/Actor ───────────────────────────────────────────────────┤
│                                                                                                                      │
│actor/action_ref_abs_mean=0.041        │actor/actor_weight_in_warmup=0.0000    │actor/actor_weight_ramp_progress=0.256│
│actor/actor_weight_schedule_enabled=1.…│actor/bc_human_loss=0.0000             │actor/bc_loss=0.0091                  │
│actor/bc_ref_loss=0.0091               │actor/bc_unweighted_loss=0.0091        │actor/bc_weight=5.848                 │
│actor/entropy=-671.4                   │actor/grad_norm=1.286                  │actor/human_mask_ratio=0.0000         │
│actor/lr=1.00e-04                      │actor/policy_mask_ratio=1.000          │actor/q_pi=0.045                      │
│actor/q_value_0=0.045                  │actor/q_value_1=0.045                  │actor/q_weight=0.152                  │
│actor/reference_dropout_prob=0.500     │actor/rlt_dvac/enabled=0.0000          │actor/rlt_dvac_bc/executed_target_rat…│
│actor/rlt_dvac_bc/success_action_count…│actor/rlt_dvac_bc/success_executed_ref…│actor/rlt_dvac_bc/success_query_count…│
│actor/rlt_dvac_bc/success_unweighted_l…│actor/rlt_dvac_bc/success_weight_ess_r…│actor/rlt_dvac_bc/success_weight_mean…│
│actor/rlt_dvac_bc/success_weighted_los…│actor/weighted_bc=0.053                │actor/weighted_q=0.0069               │
│                                                                                                                      │
├────────────────────────────────────────────────── Training/Critic ───────────────────────────────────────────────────┤
│                                                                                                                      │
│critic/grad_norm=0.456                 │critic/lr=1.00e-04                     │critic/q_data=0.042                   │
│                                                                                                                      │
├─────────────────────────────────────────────────── Training/Other ───────────────────────────────────────────────────┤
│                                                                                                                      │
│alpha/grad_norm=0.0000                 │replay/actor_switch_rate=1.000         │replay/done_rate=0.050                │
│replay/intervention_rate=0.0000        │replay/intervention_requested_rate=0.0…│replay/record_transition_rate=1.000   │
│replay/reward_mean=0.0000              │replay/reward_positive_rate=0.0000     │replay/transition_count=160.0         │
│rlt/actor_updates_run=800.0            │rlt/critic_updates_run=1600.0          │rlt/desired_total_updates=4.50e+04    │
│rlt/global_min_replay_size=1.30e+04    │rlt/global_total_transitions_added=1.3…│rlt/global_transitions_since_train=16…│
│rlt/max_updates_per_train_step=1600.0  │rlt/min_replay_buffer_size=10000.0     │rlt/pending_update_budget=1.14e+04    │
│rlt/ready_for_online=1.000             │rlt/should_train=1.000                 │rlt/skip_reason=0.0000                │
│rlt/train_every_episodes=0.0000        │rlt/train_every_transitions=1.000      │rlt/update_epoch=5.000                │
│rlt/update_step=3.20e+04               │rlt/updates_scheduled=1.30e+04         │rlt/updates_to_run=1600.0             │
│rlt/warmup_required_updates=3.00e+04   │rlt_dvac/enabled=0.0000                │sac/actor_loss=0.046                  │
│sac/alpha=0.0000                       │sac/alpha_loss=0.0000                  │sac/critic_loss=4.23e-04              │
│                                                                                                                      │
╰──────────────────────────────────────────────────────────────────────────────────────────────────────────────────────╯


╭──────────────────────────────────────────────────────────────────────────────────────────────────────────────────────╮
├──────────────────────────────────────────────────── Metric Table ────────────────────────────────────────────────────┤
│ Global Step:   88/480 │ Progress: ███████░░░░░░░░░░░░░░░░░░░░░░░░░░░░░░░░░ │  18.3%                                  │
│ Elapsed: 07:03:17 │ ETA: 31:25:36 │ Step Time: 288.613s                                                              │
├──────────────────────────────────────────────────────── Time ────────────────────────────────────────────────────────┤
│                                                                                                                      │
│actor/actor/compute_adv=1.17e-05       │actor/actor/recv_traj=215.7            │actor/actor/sync_model_to_rollout=0.0…│
│actor/forward_actor=28.501             │actor/forward_critic=52.144            │actor/sample=24.551                   │
│actor/update_one_epoch=186.4           │cal_adv_and_returns=0.0043             │env/compute_bootstrap_rewards=0.0014  │
│env/env/bootstrap_step=59.657          │env/env/send_rollout_trajectories=0.473│env/env_interact_step=146.6           │
│env/interact=215.6                     │env/run_interact_once=215.1            │generate_rollouts=215.8               │
│rollout/generate_one_epoch=214.6       │rollout/rollout/generate=214.6         │step=402.9                            │
│sync_weights=0.524                     │                                       │                                      │
│                                                                                                                      │
├──────────────────────────────────────────────────── Environment ─────────────────────────────────────────────────────┤
│                                                                                                                      │
│episode_len=200.0                      │num_trajectories=8                     │return=0.625                          │
│reward=0.003125                        │success_once=0.125                     │                                      │
│                                                                                                                      │
├─────────────────────────────────────────────────── Replay Buffer ────────────────────────────────────────────────────┤
│                                                                                                                      │
│cache_size=1.32e+04                    │num_trajectories=1.32e+04              │total_samples=1.32e+04                │
│                                                                                                                      │
├─────────────────────────────────────────────────── Training/Actor ───────────────────────────────────────────────────┤
│                                                                                                                      │
│actor/action_ref_abs_mean=0.041        │actor/actor_weight_in_warmup=0.0000    │actor/actor_weight_ramp_progress=0.288│
│actor/actor_weight_schedule_enabled=1.…│actor/bc_human_loss=0.0000             │actor/bc_loss=0.0090                  │
│actor/bc_ref_loss=0.0090               │actor/bc_unweighted_loss=0.0090        │actor/bc_weight=5.704                 │
│actor/entropy=-671.4                   │actor/grad_norm=1.369                  │actor/human_mask_ratio=0.0000         │
│actor/lr=1.00e-04                      │actor/policy_mask_ratio=1.000          │actor/q_pi=0.044                      │
│actor/q_value_0=0.044                  │actor/q_value_1=0.043                  │actor/q_weight=0.165                  │
│actor/reference_dropout_prob=0.500     │actor/rlt_dvac/enabled=0.0000          │actor/rlt_dvac_bc/executed_target_rat…│
│actor/rlt_dvac_bc/success_action_count…│actor/rlt_dvac_bc/success_executed_ref…│actor/rlt_dvac_bc/success_query_count…│
│actor/rlt_dvac_bc/success_unweighted_l…│actor/rlt_dvac_bc/success_weight_ess_r…│actor/rlt_dvac_bc/success_weight_mean…│
│actor/rlt_dvac_bc/success_weighted_los…│actor/weighted_bc=0.052                │actor/weighted_q=0.0072               │
│                                                                                                                      │
├────────────────────────────────────────────────── Training/Critic ───────────────────────────────────────────────────┤
│                                                                                                                      │
│critic/grad_norm=0.422                 │critic/lr=1.00e-04                     │critic/q_data=0.040                   │
│                                                                                                                      │
├─────────────────────────────────────────────────── Training/Other ───────────────────────────────────────────────────┤
│                                                                                                                      │
│alpha/grad_norm=0.0000                 │replay/actor_switch_rate=1.000         │replay/done_rate=0.051                │
│replay/intervention_rate=0.0000        │replay/intervention_requested_rate=0.0…│replay/record_transition_rate=1.000   │
│replay/reward_mean=0.0064              │replay/reward_positive_rate=0.0064     │replay/transition_count=156.0         │
│rlt/actor_updates_run=800.0            │rlt/critic_updates_run=1600.0          │rlt/desired_total_updates=4.58e+04    │
│rlt/global_min_replay_size=1.32e+04    │rlt/global_total_transitions_added=1.3…│rlt/global_transitions_since_train=15…│
│rlt/max_updates_per_train_step=1600.0  │rlt/min_replay_buffer_size=10000.0     │rlt/pending_update_budget=1.06e+04    │
│rlt/ready_for_online=1.000             │rlt/should_train=1.000                 │rlt/skip_reason=0.0000                │
│rlt/train_every_episodes=0.0000        │rlt/train_every_transitions=1.000      │rlt/update_epoch=5.000                │
│rlt/update_step=3.36e+04               │rlt/updates_scheduled=1.22e+04         │rlt/updates_to_run=1600.0             │
│rlt/warmup_required_updates=3.00e+04   │rlt_dvac/enabled=0.0000                │sac/actor_loss=0.044                  │
│sac/alpha=0.0000                       │sac/alpha_loss=0.0000                  │sac/critic_loss=4.08e-04              │
│                                                                                                                      │
╰──────────────────────────────────────────────────────────────────────────────────────────────────────────────────────╯


╭──────────────────────────────────────────────────────────────────────────────────────────────────────────────────────╮
├──────────────────────────────────────────────────── Metric Table ────────────────────────────────────────────────────┤
│ Global Step:   89/480 │ Progress: ███████░░░░░░░░░░░░░░░░░░░░░░░░░░░░░░░░░ │  18.5%                                  │
│ Elapsed: 07:10:03 │ ETA: 31:29:20 │ Step Time: 289.923s                                                              │
├──────────────────────────────────────────────────────── Time ────────────────────────────────────────────────────────┤
│                                                                                                                      │
│actor/actor/compute_adv=9.45e-06       │actor/actor/recv_traj=226.3            │actor/actor/sync_model_to_rollout=0.0…│
│actor/forward_actor=27.503             │actor/forward_critic=50.482            │actor/sample=23.422                   │
│actor/update_one_epoch=178.3           │cal_adv_and_returns=0.0032             │env/compute_bootstrap_rewards=0.0016  │
│env/env/bootstrap_step=59.417          │env/env/send_rollout_trajectories=0.476│env/env_interact_step=157.4           │
│env/interact=226.2                     │env/run_interact_once=225.7            │generate_rollouts=226.3               │
│rollout/generate_one_epoch=225.2       │rollout/rollout/generate=225.2         │step=405.3                            │
│sync_weights=0.509                     │                                       │                                      │
│                                                                                                                      │
├──────────────────────────────────────────────────── Environment ─────────────────────────────────────────────────────┤
│                                                                                                                      │
│episode_len=200.0                      │num_trajectories=8                     │return=0.0                            │
│reward=0.0                             │success_once=0.0                       │                                      │
│                                                                                                                      │
├─────────────────────────────────────────────────── Replay Buffer ────────────────────────────────────────────────────┤
│                                                                                                                      │
│cache_size=1.33e+04                    │num_trajectories=1.33e+04              │total_samples=1.33e+04                │
│                                                                                                                      │
├─────────────────────────────────────────────────── Training/Actor ───────────────────────────────────────────────────┤
│                                                                                                                      │
│actor/action_ref_abs_mean=0.041        │actor/actor_weight_in_warmup=0.0000    │actor/actor_weight_ramp_progress=0.320│
│actor/actor_weight_schedule_enabled=1.…│actor/bc_human_loss=0.0000             │actor/bc_loss=0.0090                  │
│actor/bc_ref_loss=0.0090               │actor/bc_unweighted_loss=0.0090        │actor/bc_weight=5.560                 │
│actor/entropy=-671.4                   │actor/grad_norm=1.459                  │actor/human_mask_ratio=0.0000         │
│actor/lr=1.00e-04                      │actor/policy_mask_ratio=1.000          │actor/q_pi=0.043                      │
│actor/q_value_0=0.043                  │actor/q_value_1=0.041                  │actor/q_weight=0.178                  │
│actor/reference_dropout_prob=0.500     │actor/rlt_dvac/enabled=0.0000          │actor/rlt_dvac_bc/executed_target_rat…│
│actor/rlt_dvac_bc/success_action_count…│actor/rlt_dvac_bc/success_executed_ref…│actor/rlt_dvac_bc/success_query_count…│
│actor/rlt_dvac_bc/success_unweighted_l…│actor/rlt_dvac_bc/success_weight_ess_r…│actor/rlt_dvac_bc/success_weight_mean…│
│actor/rlt_dvac_bc/success_weighted_los…│actor/weighted_bc=0.050                │actor/weighted_q=0.0076               │
│                                                                                                                      │
├────────────────────────────────────────────────── Training/Critic ───────────────────────────────────────────────────┤
│                                                                                                                      │
│critic/grad_norm=0.416                 │critic/lr=1.00e-04                     │critic/q_data=0.039                   │
│                                                                                                                      │
├─────────────────────────────────────────────────── Training/Other ───────────────────────────────────────────────────┤
│                                                                                                                      │
│alpha/grad_norm=0.0000                 │replay/actor_switch_rate=1.000         │replay/done_rate=0.050                │
│replay/intervention_rate=0.0000        │replay/intervention_requested_rate=0.0…│replay/record_transition_rate=1.000   │
│replay/reward_mean=0.0000              │replay/reward_positive_rate=0.0000     │replay/transition_count=160.0         │
│rlt/actor_updates_run=800.0            │rlt/critic_updates_run=1600.0          │rlt/desired_total_updates=4.66e+04    │
│rlt/global_min_replay_size=1.33e+04    │rlt/global_total_transitions_added=1.3…│rlt/global_transitions_since_train=16…│
│rlt/max_updates_per_train_step=1600.0  │rlt/min_replay_buffer_size=10000.0     │rlt/pending_update_budget=9805.0      │
│rlt/ready_for_online=1.000             │rlt/should_train=1.000                 │rlt/skip_reason=0.0000                │
│rlt/train_every_episodes=0.0000        │rlt/train_every_transitions=1.000      │rlt/update_epoch=5.000                │
│rlt/update_step=3.52e+04               │rlt/updates_scheduled=1.14e+04         │rlt/updates_to_run=1600.0             │
│rlt/warmup_required_updates=3.00e+04   │rlt_dvac/enabled=0.0000                │sac/actor_loss=0.043                  │
│sac/alpha=0.0000                       │sac/alpha_loss=0.0000                  │sac/critic_loss=3.66e-04              │
│                                                                                                                      │
╰──────────────────────────────────────────────────────────────────────────────────────────────────────────────────────╯


╭──────────────────────────────────────────────────────────────────────────────────────────────────────────────────────╮
├──────────────────────────────────────────────────── Metric Table ────────────────────────────────────────────────────┤
│ Global Step:   90/480 │ Progress: ███████░░░░░░░░░░░░░░░░░░░░░░░░░░░░░░░░░ │  18.8%                                  │
│ Elapsed: 07:16:59 │ ETA: 31:33:39 │ Step Time: 291.333s                                                              │
├──────────────────────────────────────────────────────── Time ────────────────────────────────────────────────────────┤
│                                                                                                                      │
│actor/actor/compute_adv=1.09e-05       │actor/actor/recv_traj=225.3            │actor/actor/sync_model_to_rollout=0.0…│
│actor/forward_actor=29.101             │actor/forward_critic=53.199            │actor/sample=24.825                   │
│actor/update_one_epoch=190.7           │cal_adv_and_returns=0.0032             │env/compute_bootstrap_rewards=0.0014  │
│env/env/bootstrap_step=60.131          │env/env/send_rollout_trajectories=0.475│env/env_interact_step=155.8           │
│env/interact=225.2                     │env/run_interact_once=224.7            │generate_rollouts=225.4               │
│rollout/generate_one_epoch=224.2       │rollout/rollout/generate=224.2         │step=416.7                            │
│sync_weights=0.540                     │                                       │                                      │
│                                                                                                                      │
├──────────────────────────────────────────────────── Environment ─────────────────────────────────────────────────────┤
│                                                                                                                      │
│episode_len=200.0                      │num_trajectories=8                     │return=0.0                            │
│reward=0.0                             │success_once=0.0                       │                                      │
│                                                                                                                      │
├─────────────────────────────────────────────────── Replay Buffer ────────────────────────────────────────────────────┤
│                                                                                                                      │
│cache_size=1.35e+04                    │num_trajectories=1.35e+04              │total_samples=1.35e+04                │
│                                                                                                                      │
├─────────────────────────────────────────────────── Training/Actor ───────────────────────────────────────────────────┤
│                                                                                                                      │
│actor/action_ref_abs_mean=0.041        │actor/actor_weight_in_warmup=0.0000    │actor/actor_weight_ramp_progress=0.352│
│actor/actor_weight_schedule_enabled=1.…│actor/bc_human_loss=0.0000             │actor/bc_loss=0.0090                  │
│actor/bc_ref_loss=0.0090               │actor/bc_unweighted_loss=0.0090        │actor/bc_weight=5.416                 │
│actor/entropy=-671.4                   │actor/grad_norm=1.545                  │actor/human_mask_ratio=0.0000         │
│actor/lr=1.00e-04                      │actor/policy_mask_ratio=1.000          │actor/q_pi=0.041                      │
│actor/q_value_0=0.041                  │actor/q_value_1=0.039                  │actor/q_weight=0.191                  │
│actor/reference_dropout_prob=0.500     │actor/rlt_dvac/enabled=0.0000          │actor/rlt_dvac_bc/executed_target_rat…│
│actor/rlt_dvac_bc/success_action_count…│actor/rlt_dvac_bc/success_executed_ref…│actor/rlt_dvac_bc/success_query_count…│
│actor/rlt_dvac_bc/success_unweighted_l…│actor/rlt_dvac_bc/success_weight_ess_r…│actor/rlt_dvac_bc/success_weight_mean…│
│actor/rlt_dvac_bc/success_weighted_los…│actor/weighted_bc=0.049                │actor/weighted_q=0.0078               │
│                                                                                                                      │
├────────────────────────────────────────────────── Training/Critic ───────────────────────────────────────────────────┤
│                                                                                                                      │
│critic/grad_norm=0.394                 │critic/lr=1.00e-04                     │critic/q_data=0.037                   │
│                                                                                                                      │
├─────────────────────────────────────────────────── Training/Other ───────────────────────────────────────────────────┤
│                                                                                                                      │
│alpha/grad_norm=0.0000                 │replay/actor_switch_rate=1.000         │replay/done_rate=0.050                │
│replay/intervention_rate=0.0000        │replay/intervention_requested_rate=0.0…│replay/record_transition_rate=1.000   │
│replay/reward_mean=0.0000              │replay/reward_positive_rate=0.0000     │replay/transition_count=160.0         │
│rlt/actor_updates_run=800.0            │rlt/critic_updates_run=1600.0          │rlt/desired_total_updates=4.74e+04    │
│rlt/global_min_replay_size=1.35e+04    │rlt/global_total_transitions_added=1.3…│rlt/global_transitions_since_train=16…│
│rlt/max_updates_per_train_step=1600.0  │rlt/min_replay_buffer_size=10000.0     │rlt/pending_update_budget=9005.0      │
│rlt/ready_for_online=1.000             │rlt/should_train=1.000                 │rlt/skip_reason=0.0000                │
│rlt/train_every_episodes=0.0000        │rlt/train_every_transitions=1.000      │rlt/update_epoch=5.000                │
│rlt/update_step=3.68e+04               │rlt/updates_scheduled=1.06e+04         │rlt/updates_to_run=1600.0             │
│rlt/warmup_required_updates=3.00e+04   │rlt_dvac/enabled=0.0000                │sac/actor_loss=0.041                  │
│sac/alpha=0.0000                       │sac/alpha_loss=0.0000                  │sac/critic_loss=3.98e-04              │
│                                                                                                                      │
╰──────────────────────────────────────────────────────────────────────────────────────────────────────────────────────╯


╭──────────────────────────────────────────────────────────────────────────────────────────────────────────────────────╮
├──────────────────────────────────────────────────── Metric Table ────────────────────────────────────────────────────┤
│ Global Step:   91/480 │ Progress: ███████░░░░░░░░░░░░░░░░░░░░░░░░░░░░░░░░░ │  19.0%                                  │
│ Elapsed: 07:23:54 │ ETA: 31:37:33 │ Step Time: 292.683s                                                              │
├──────────────────────────────────────────────────────── Time ────────────────────────────────────────────────────────┤
│                                                                                                                      │
│actor/actor/compute_adv=1.01e-05       │actor/actor/recv_traj=224.0            │actor/actor/sync_model_to_rollout=0.0…│
│actor/forward_actor=28.892             │actor/forward_critic=52.874            │actor/sample=24.705                   │
│actor/update_one_epoch=189.4           │cal_adv_and_returns=0.0029             │env/compute_bootstrap_rewards=0.0015  │
│env/env/bootstrap_step=58.084          │env/env/send_rollout_trajectories=0.477│env/env_interact_step=156.4           │
│env/interact=223.9                     │env/run_interact_once=223.4            │generate_rollouts=224.1               │
│rollout/generate_one_epoch=222.9       │rollout/rollout/generate=222.9         │step=414.1                            │
│sync_weights=0.533                     │                                       │                                      │
│                                                                                                                      │
├──────────────────────────────────────────────────── Environment ─────────────────────────────────────────────────────┤
│                                                                                                                      │
│episode_len=200.0                      │num_trajectories=8                     │return=0.0                            │
│reward=0.0                             │success_once=0.0                       │                                      │
│                                                                                                                      │
├─────────────────────────────────────────────────── Replay Buffer ────────────────────────────────────────────────────┤
│                                                                                                                      │
│cache_size=1.37e+04                    │num_trajectories=1.37e+04              │total_samples=1.37e+04                │
│                                                                                                                      │
├─────────────────────────────────────────────────── Training/Actor ───────────────────────────────────────────────────┤
│                                                                                                                      │
│actor/action_ref_abs_mean=0.041        │actor/actor_weight_in_warmup=0.0000    │actor/actor_weight_ramp_progress=0.384│
│actor/actor_weight_schedule_enabled=1.…│actor/bc_human_loss=0.0000             │actor/bc_loss=0.0090                  │
│actor/bc_ref_loss=0.0090               │actor/bc_unweighted_loss=0.0090        │actor/bc_weight=5.272                 │
│actor/entropy=-671.4                   │actor/grad_norm=1.633                  │actor/human_mask_ratio=0.0000         │
│actor/lr=1.00e-04                      │actor/policy_mask_ratio=1.000          │actor/q_pi=0.038                      │
│actor/q_value_0=0.038                  │actor/q_value_1=0.036                  │actor/q_weight=0.204                  │
│actor/reference_dropout_prob=0.500     │actor/rlt_dvac/enabled=0.0000          │actor/rlt_dvac_bc/executed_target_rat…│
│actor/rlt_dvac_bc/success_action_count…│actor/rlt_dvac_bc/success_executed_ref…│actor/rlt_dvac_bc/success_query_count…│
│actor/rlt_dvac_bc/success_unweighted_l…│actor/rlt_dvac_bc/success_weight_ess_r…│actor/rlt_dvac_bc/success_weight_mean…│
│actor/rlt_dvac_bc/success_weighted_los…│actor/weighted_bc=0.047                │actor/weighted_q=0.0077               │
│                                                                                                                      │
├────────────────────────────────────────────────── Training/Critic ───────────────────────────────────────────────────┤
│                                                                                                                      │
│critic/grad_norm=0.400                 │critic/lr=1.00e-04                     │critic/q_data=0.034                   │
│                                                                                                                      │
├─────────────────────────────────────────────────── Training/Other ───────────────────────────────────────────────────┤
│                                                                                                                      │
│alpha/grad_norm=0.0000                 │replay/actor_switch_rate=1.000         │replay/done_rate=0.050                │
│replay/intervention_rate=0.0000        │replay/intervention_requested_rate=0.0…│replay/record_transition_rate=1.000   │
│replay/reward_mean=0.0000              │replay/reward_positive_rate=0.0000     │replay/transition_count=160.0         │
│rlt/actor_updates_run=800.0            │rlt/critic_updates_run=1600.0          │rlt/desired_total_updates=4.82e+04    │
│rlt/global_min_replay_size=1.37e+04    │rlt/global_total_transitions_added=1.3…│rlt/global_transitions_since_train=16…│
│rlt/max_updates_per_train_step=1600.0  │rlt/min_replay_buffer_size=10000.0     │rlt/pending_update_budget=8205.0      │
│rlt/ready_for_online=1.000             │rlt/should_train=1.000                 │rlt/skip_reason=0.0000                │
│rlt/train_every_episodes=0.0000        │rlt/train_every_transitions=1.000      │rlt/update_epoch=5.000                │
│rlt/update_step=3.84e+04               │rlt/updates_scheduled=9805.0           │rlt/updates_to_run=1600.0             │
│rlt/warmup_required_updates=3.00e+04   │rlt_dvac/enabled=0.0000                │sac/actor_loss=0.040                  │
│sac/alpha=0.0000                       │sac/alpha_loss=0.0000                  │sac/critic_loss=3.59e-04              │
│                                                                                                                      │
╰──────────────────────────────────────────────────────────────────────────────────────────────────────────────────────╯


╭──────────────────────────────────────────────────────────────────────────────────────────────────────────────────────╮
├──────────────────────────────────────────────────── Metric Table ────────────────────────────────────────────────────┤
│ Global Step:   92/480 │ Progress: ███████░░░░░░░░░░░░░░░░░░░░░░░░░░░░░░░░░ │  19.2%                                  │
│ Elapsed: 07:30:43 │ ETA: 31:40:53 │ Step Time: 293.953s                                                              │
├──────────────────────────────────────────────────────── Time ────────────────────────────────────────────────────────┤
│                                                                                                                      │
│actor/actor/compute_adv=1.24e-05       │actor/actor/recv_traj=219.4            │actor/actor/sync_model_to_rollout=0.0…│
│actor/forward_actor=28.865             │actor/forward_critic=52.814            │actor/sample=24.563                   │
│actor/update_one_epoch=189.4           │cal_adv_and_returns=0.0030             │env/compute_bootstrap_rewards=0.0015  │
│env/env/bootstrap_step=58.576          │env/env/send_rollout_trajectories=0.477│env/env_interact_step=151.4           │
│env/interact=219.4                     │env/run_interact_once=218.9            │generate_rollouts=219.5               │
│rollout/generate_one_epoch=218.4       │rollout/rollout/generate=218.4         │step=409.6                            │
│sync_weights=0.527                     │                                       │                                      │
│                                                                                                                      │
├──────────────────────────────────────────────────── Environment ─────────────────────────────────────────────────────┤
│                                                                                                                      │
│episode_len=200.0                      │num_trajectories=8                     │return=1.25                           │
│reward=0.00625                         │success_once=0.25                      │                                      │
│                                                                                                                      │
├─────────────────────────────────────────────────── Replay Buffer ────────────────────────────────────────────────────┤
│                                                                                                                      │
│cache_size=1.38e+04                    │num_trajectories=1.38e+04              │total_samples=1.38e+04                │
│                                                                                                                      │
├─────────────────────────────────────────────────── Training/Actor ───────────────────────────────────────────────────┤
│                                                                                                                      │
│actor/action_ref_abs_mean=0.041        │actor/actor_weight_in_warmup=0.0000    │actor/actor_weight_ramp_progress=0.416│
│actor/actor_weight_schedule_enabled=1.…│actor/bc_human_loss=0.0000             │actor/bc_loss=0.0090                  │
│actor/bc_ref_loss=0.0090               │actor/bc_unweighted_loss=0.0090        │actor/bc_weight=5.128                 │
│actor/entropy=-671.4                   │actor/grad_norm=1.714                  │actor/human_mask_ratio=0.0000         │
│actor/lr=1.00e-04                      │actor/policy_mask_ratio=1.000          │actor/q_pi=0.036                      │
│actor/q_value_0=0.036                  │actor/q_value_1=0.034                  │actor/q_weight=0.216                  │
│actor/reference_dropout_prob=0.500     │actor/rlt_dvac/enabled=0.0000          │actor/rlt_dvac_bc/executed_target_rat…│
│actor/rlt_dvac_bc/success_action_count…│actor/rlt_dvac_bc/success_executed_ref…│actor/rlt_dvac_bc/success_query_count…│
│actor/rlt_dvac_bc/success_unweighted_l…│actor/rlt_dvac_bc/success_weight_ess_r…│actor/rlt_dvac_bc/success_weight_mean…│
│actor/rlt_dvac_bc/success_weighted_los…│actor/weighted_bc=0.046                │actor/weighted_q=0.0079               │
│                                                                                                                      │
├────────────────────────────────────────────────── Training/Critic ───────────────────────────────────────────────────┤
│                                                                                                                      │
│critic/grad_norm=0.366                 │critic/lr=1.00e-04                     │critic/q_data=0.032                   │
│                                                                                                                      │
├─────────────────────────────────────────────────── Training/Other ───────────────────────────────────────────────────┤
│                                                                                                                      │
│alpha/grad_norm=0.0000                 │replay/actor_switch_rate=1.000         │replay/done_rate=0.053                │
│replay/intervention_rate=0.0000        │replay/intervention_requested_rate=0.0…│replay/record_transition_rate=1.000   │
│replay/reward_mean=0.013               │replay/reward_positive_rate=0.013      │replay/transition_count=152.0         │
│rlt/actor_updates_run=800.0            │rlt/critic_updates_run=1600.0          │rlt/desired_total_updates=4.90e+04    │
│rlt/global_min_replay_size=1.38e+04    │rlt/global_total_transitions_added=1.3…│rlt/global_transitions_since_train=15…│
│rlt/max_updates_per_train_step=1600.0  │rlt/min_replay_buffer_size=10000.0     │rlt/pending_update_budget=7365.0      │
│rlt/ready_for_online=1.000             │rlt/should_train=1.000                 │rlt/skip_reason=0.0000                │
│rlt/train_every_episodes=0.0000        │rlt/train_every_transitions=1.000      │rlt/update_epoch=5.000                │
│rlt/update_step=4.00e+04               │rlt/updates_scheduled=8965.0           │rlt/updates_to_run=1600.0             │
│rlt/warmup_required_updates=3.00e+04   │rlt_dvac/enabled=0.0000                │sac/actor_loss=0.038                  │
│sac/alpha=0.0000                       │sac/alpha_loss=0.0000                  │sac/critic_loss=4.16e-04              │
│                                                                                                                      │
╰──────────────────────────────────────────────────────────────────────────────────────────────────────────────────────╯


╭──────────────────────────────────────────────────────────────────────────────────────────────────────────────────────╮
├──────────────────────────────────────────────────── Metric Table ────────────────────────────────────────────────────┤
│ Global Step:   93/480 │ Progress: ███████░░░░░░░░░░░░░░░░░░░░░░░░░░░░░░░░░ │  19.4%                                  │
│ Elapsed: 07:37:40 │ ETA: 31:44:30 │ Step Time: 295.273s                                                              │
├──────────────────────────────────────────────────────── Time ────────────────────────────────────────────────────────┤
│                                                                                                                      │
│actor/actor/compute_adv=9.32e-06       │actor/actor/recv_traj=225.9            │actor/actor/sync_model_to_rollout=0.0…│
│actor/forward_actor=28.960             │actor/forward_critic=52.999            │actor/sample=24.946                   │
│actor/update_one_epoch=190.1           │cal_adv_and_returns=0.0025             │env/compute_bootstrap_rewards=0.0016  │
│env/env/bootstrap_step=58.581          │env/env/send_rollout_trajectories=0.467│env/env_interact_step=157.6           │
│env/interact=225.8                     │env/run_interact_once=225.3            │generate_rollouts=226.0               │
│rollout/generate_one_epoch=224.8       │rollout/rollout/generate=224.8         │step=416.7                            │
│sync_weights=0.536                     │                                       │                                      │
│                                                                                                                      │
├──────────────────────────────────────────────────── Environment ─────────────────────────────────────────────────────┤
│                                                                                                                      │
│episode_len=200.0                      │num_trajectories=8                     │return=0.75                           │
│reward=0.00375                         │success_once=0.125                     │                                      │
│                                                                                                                      │
├─────────────────────────────────────────────────── Replay Buffer ────────────────────────────────────────────────────┤
│                                                                                                                      │
│cache_size=1.40e+04                    │num_trajectories=1.40e+04              │total_samples=1.40e+04                │
│                                                                                                                      │
├─────────────────────────────────────────────────── Training/Actor ───────────────────────────────────────────────────┤
│                                                                                                                      │
│actor/action_ref_abs_mean=0.041        │actor/actor_weight_in_warmup=0.0000    │actor/actor_weight_ramp_progress=0.448│
│actor/actor_weight_schedule_enabled=1.…│actor/bc_human_loss=0.0000             │actor/bc_loss=0.0090                  │
│actor/bc_ref_loss=0.0090               │actor/bc_unweighted_loss=0.0090        │actor/bc_weight=4.984                 │
│actor/entropy=-671.4                   │actor/grad_norm=1.795                  │actor/human_mask_ratio=0.0000         │
│actor/lr=1.00e-04                      │actor/policy_mask_ratio=1.000          │actor/q_pi=0.033                      │
│actor/q_value_0=0.033                  │actor/q_value_1=0.030                  │actor/q_weight=0.229                  │
│actor/reference_dropout_prob=0.500     │actor/rlt_dvac/enabled=0.0000          │actor/rlt_dvac_bc/executed_target_rat…│
│actor/rlt_dvac_bc/success_action_count…│actor/rlt_dvac_bc/success_executed_ref…│actor/rlt_dvac_bc/success_query_count…│
│actor/rlt_dvac_bc/success_unweighted_l…│actor/rlt_dvac_bc/success_weight_ess_r…│actor/rlt_dvac_bc/success_weight_mean…│
│actor/rlt_dvac_bc/success_weighted_los…│actor/weighted_bc=0.045                │actor/weighted_q=0.0076               │
│                                                                                                                      │
├────────────────────────────────────────────────── Training/Critic ───────────────────────────────────────────────────┤
│                                                                                                                      │
│critic/grad_norm=0.347                 │critic/lr=1.00e-04                     │critic/q_data=0.029                   │
│                                                                                                                      │
├─────────────────────────────────────────────────── Training/Other ───────────────────────────────────────────────────┤
│                                                                                                                      │
│alpha/grad_norm=0.0000                 │replay/actor_switch_rate=1.000         │replay/done_rate=0.052                │
│replay/intervention_rate=0.0000        │replay/intervention_requested_rate=0.0…│replay/record_transition_rate=1.000   │
│replay/reward_mean=0.0065              │replay/reward_positive_rate=0.0065     │replay/transition_count=155.0         │
│rlt/actor_updates_run=800.0            │rlt/critic_updates_run=1600.0          │rlt/desired_total_updates=4.97e+04    │
│rlt/global_min_replay_size=1.40e+04    │rlt/global_total_transitions_added=1.4…│rlt/global_transitions_since_train=15…│
│rlt/max_updates_per_train_step=1600.0  │rlt/min_replay_buffer_size=10000.0     │rlt/pending_update_budget=6540.0      │
│rlt/ready_for_online=1.000             │rlt/should_train=1.000                 │rlt/skip_reason=0.0000                │
│rlt/train_every_episodes=0.0000        │rlt/train_every_transitions=1.000      │rlt/update_epoch=5.000                │
│rlt/update_step=4.16e+04               │rlt/updates_scheduled=8140.0           │rlt/updates_to_run=1600.0             │
│rlt/warmup_required_updates=3.00e+04   │rlt_dvac/enabled=0.0000                │sac/actor_loss=0.037                  │
│sac/alpha=0.0000                       │sac/alpha_loss=0.0000                  │sac/critic_loss=3.66e-04              │
│                                                                                                                      │
╰──────────────────────────────────────────────────────────────────────────────────────────────────────────────────────╯


╭──────────────────────────────────────────────────────────────────────────────────────────────────────────────────────╮
├──────────────────────────────────────────────────── Metric Table ────────────────────────────────────────────────────┤
│ Global Step:   94/480 │ Progress: ███████░░░░░░░░░░░░░░░░░░░░░░░░░░░░░░░░░ │  19.6%                                  │
│ Elapsed: 07:44:23 │ ETA: 31:46:57 │ Step Time: 296.418s                                                              │
├──────────────────────────────────────────────────────── Time ────────────────────────────────────────────────────────┤
│                                                                                                                      │
│actor/actor/compute_adv=9.61e-06       │actor/actor/recv_traj=218.4            │actor/actor/sync_model_to_rollout=0.0…│
│actor/forward_actor=28.081             │actor/forward_critic=51.463            │actor/sample=24.326                   │
│actor/update_one_epoch=183.7           │cal_adv_and_returns=0.0027             │env/compute_bootstrap_rewards=0.0015  │
│env/env/bootstrap_step=58.695          │env/env/send_rollout_trajectories=0.469│env/env_interact_step=149.9           │
│env/interact=218.3                     │env/run_interact_once=217.8            │generate_rollouts=218.5               │
│rollout/generate_one_epoch=217.3       │rollout/rollout/generate=217.3         │step=402.9                            │
│sync_weights=0.582                     │                                       │                                      │
│                                                                                                                      │
├──────────────────────────────────────────────────── Environment ─────────────────────────────────────────────────────┤
│                                                                                                                      │
│episode_len=200.0                      │num_trajectories=8                     │return=0.875                          │
│reward=0.004375                        │success_once=0.125                     │                                      │
│                                                                                                                      │
├─────────────────────────────────────────────────── Replay Buffer ────────────────────────────────────────────────────┤
│                                                                                                                      │
│cache_size=1.41e+04                    │num_trajectories=1.41e+04              │total_samples=1.41e+04                │
│                                                                                                                      │
├─────────────────────────────────────────────────── Training/Actor ───────────────────────────────────────────────────┤
│                                                                                                                      │
│actor/action_ref_abs_mean=0.041        │actor/actor_weight_in_warmup=0.0000    │actor/actor_weight_ramp_progress=0.480│
│actor/actor_weight_schedule_enabled=1.…│actor/bc_human_loss=0.0000             │actor/bc_loss=0.0090                  │
│actor/bc_ref_loss=0.0090               │actor/bc_unweighted_loss=0.0090        │actor/bc_weight=4.840                 │
│actor/entropy=-671.4                   │actor/grad_norm=1.876                  │actor/human_mask_ratio=0.0000         │
│actor/lr=1.00e-04                      │actor/policy_mask_ratio=1.000          │actor/q_pi=0.033                      │
│actor/q_value_0=0.033                  │actor/q_value_1=0.030                  │actor/q_weight=0.242                  │
│actor/reference_dropout_prob=0.500     │actor/rlt_dvac/enabled=0.0000          │actor/rlt_dvac_bc/executed_target_rat…│
│actor/rlt_dvac_bc/success_action_count…│actor/rlt_dvac_bc/success_executed_ref…│actor/rlt_dvac_bc/success_query_count…│
│actor/rlt_dvac_bc/success_unweighted_l…│actor/rlt_dvac_bc/success_weight_ess_r…│actor/rlt_dvac_bc/success_weight_mean…│
│actor/rlt_dvac_bc/success_weighted_los…│actor/weighted_bc=0.043                │actor/weighted_q=0.0079               │
│                                                                                                                      │
├────────────────────────────────────────────────── Training/Critic ───────────────────────────────────────────────────┤
│                                                                                                                      │
│critic/grad_norm=0.335                 │critic/lr=1.00e-04                     │critic/q_data=0.028                   │
│                                                                                                                      │
├─────────────────────────────────────────────────── Training/Other ───────────────────────────────────────────────────┤
│                                                                                                                      │
│alpha/grad_norm=0.0000                 │replay/actor_switch_rate=1.000         │replay/done_rate=0.052                │
│replay/intervention_rate=0.0000        │replay/intervention_requested_rate=0.0…│replay/record_transition_rate=1.000   │
│replay/reward_mean=0.0065              │replay/reward_positive_rate=0.0065     │replay/transition_count=154.0         │
│rlt/actor_updates_run=800.0            │rlt/critic_updates_run=1600.0          │rlt/desired_total_updates=5.05e+04    │
│rlt/global_min_replay_size=1.41e+04    │rlt/global_total_transitions_added=1.4…│rlt/global_transitions_since_train=15…│
│rlt/max_updates_per_train_step=1600.0  │rlt/min_replay_buffer_size=10000.0     │rlt/pending_update_budget=5710.0      │
│rlt/ready_for_online=1.000             │rlt/should_train=1.000                 │rlt/skip_reason=0.0000                │
│rlt/train_every_episodes=0.0000        │rlt/train_every_transitions=1.000      │rlt/update_epoch=5.000                │
│rlt/update_step=4.32e+04               │rlt/updates_scheduled=7310.0           │rlt/updates_to_run=1600.0             │
│rlt/warmup_required_updates=3.00e+04   │rlt_dvac/enabled=0.0000                │sac/actor_loss=0.036                  │
│sac/alpha=0.0000                       │sac/alpha_loss=0.0000                  │sac/critic_loss=3.44e-04              │
│                                                                                                                      │
╰──────────────────────────────────────────────────────────────────────────────────────────────────────────────────────╯


╭──────────────────────────────────────────────────────────────────────────────────────────────────────────────────────╮
├──────────────────────────────────────────────────── Metric Table ────────────────────────────────────────────────────┤
│ Global Step:   95/480 │ Progress: ███████░░░░░░░░░░░░░░░░░░░░░░░░░░░░░░░░░ │  19.8%                                  │
│ Elapsed: 07:51:07 │ ETA: 31:49:16 │ Step Time: 297.549s                                                              │
├──────────────────────────────────────────────────────── Time ────────────────────────────────────────────────────────┤
│                                                                                                                      │
│actor/actor/compute_adv=1.08e-05       │actor/actor/recv_traj=216.0            │actor/actor/sync_model_to_rollout=0.0…│
│actor/forward_actor=28.290             │actor/forward_critic=51.667            │actor/sample=24.431                   │
│actor/update_one_epoch=187.2           │cal_adv_and_returns=0.0027             │env/compute_bootstrap_rewards=0.0015  │
│env/env/bootstrap_step=58.338          │env/env/send_rollout_trajectories=0.468│env/env_interact_step=148.1           │
│env/interact=215.9                     │env/run_interact_once=215.4            │generate_rollouts=216.0               │
│rollout/generate_one_epoch=214.9       │rollout/rollout/generate=214.9         │step=403.8                            │
│sync_weights=0.485                     │                                       │                                      │
│                                                                                                                      │
├──────────────────────────────────────────────────── Environment ─────────────────────────────────────────────────────┤
│                                                                                                                      │
│episode_len=200.0                      │num_trajectories=8                     │return=0.875                          │
│reward=0.004375                        │success_once=0.125                     │                                      │
│                                                                                                                      │
├─────────────────────────────────────────────────── Replay Buffer ────────────────────────────────────────────────────┤
│                                                                                                                      │
│cache_size=1.43e+04                    │num_trajectories=1.43e+04              │total_samples=1.43e+04                │
│                                                                                                                      │
├─────────────────────────────────────────────────── Training/Actor ───────────────────────────────────────────────────┤
│                                                                                                                      │
│actor/action_ref_abs_mean=0.041        │actor/actor_weight_in_warmup=0.0000    │actor/actor_weight_ramp_progress=0.512│
│actor/actor_weight_schedule_enabled=1.…│actor/bc_human_loss=0.0000             │actor/bc_loss=0.0090                  │
│actor/bc_ref_loss=0.0090               │actor/bc_unweighted_loss=0.0090        │actor/bc_weight=4.696                 │
│actor/entropy=-671.4                   │actor/grad_norm=1.954                  │actor/human_mask_ratio=0.0000         │
│actor/lr=1.00e-04                      │actor/policy_mask_ratio=1.000          │actor/q_pi=0.034                      │
│actor/q_value_0=0.034                  │actor/q_value_1=0.031                  │actor/q_weight=0.255                  │
│actor/reference_dropout_prob=0.500     │actor/rlt_dvac/enabled=0.0000          │actor/rlt_dvac_bc/executed_target_rat…│
│actor/rlt_dvac_bc/success_action_count…│actor/rlt_dvac_bc/success_executed_ref…│actor/rlt_dvac_bc/success_query_count…│
│actor/rlt_dvac_bc/success_unweighted_l…│actor/rlt_dvac_bc/success_weight_ess_r…│actor/rlt_dvac_bc/success_weight_mean…│
│actor/rlt_dvac_bc/success_weighted_los…│actor/weighted_bc=0.042                │actor/weighted_q=0.0086               │
│                                                                                                                      │
├────────────────────────────────────────────────── Training/Critic ───────────────────────────────────────────────────┤
│                                                                                                                      │
│critic/grad_norm=0.331                 │critic/lr=1.00e-04                     │critic/q_data=0.029                   │
│                                                                                                                      │
├─────────────────────────────────────────────────── Training/Other ───────────────────────────────────────────────────┤
│                                                                                                                      │
│alpha/grad_norm=0.0000                 │replay/actor_switch_rate=1.000         │replay/done_rate=0.052                │
│replay/intervention_rate=0.0000        │replay/intervention_requested_rate=0.0…│replay/record_transition_rate=1.000   │
│replay/reward_mean=0.0065              │replay/reward_positive_rate=0.0065     │replay/transition_count=154.0         │
│rlt/actor_updates_run=800.0            │rlt/critic_updates_run=1600.0          │rlt/desired_total_updates=5.13e+04    │
│rlt/global_min_replay_size=1.43e+04    │rlt/global_total_transitions_added=1.4…│rlt/global_transitions_since_train=15…│
│rlt/max_updates_per_train_step=1600.0  │rlt/min_replay_buffer_size=10000.0     │rlt/pending_update_budget=4880.0      │
│rlt/ready_for_online=1.000             │rlt/should_train=1.000                 │rlt/skip_reason=0.0000                │
│rlt/train_every_episodes=0.0000        │rlt/train_every_transitions=1.000      │rlt/update_epoch=5.000                │
│rlt/update_step=4.48e+04               │rlt/updates_scheduled=6480.0           │rlt/updates_to_run=1600.0             │
│rlt/warmup_required_updates=3.00e+04   │rlt_dvac/enabled=0.0000                │sac/actor_loss=0.033                  │
│sac/alpha=0.0000                       │sac/alpha_loss=0.0000                  │sac/critic_loss=3.31e-04              │
│                                                                                                                      │
╰──────────────────────────────────────────────────────────────────────────────────────────────────────────────────────╯


╭──────────────────────────────────────────────────────────────────────────────────────────────────────────────────────╮
├──────────────────────────────────────────────────── Metric Table ────────────────────────────────────────────────────┤
│ Global Step:   96/480 │ Progress: ████████░░░░░░░░░░░░░░░░░░░░░░░░░░░░░░░░ │  20.0%                                  │
│ Elapsed: 07:57:56 │ ETA: 31:51:45 │ Step Time: 298.712s                                                              │
├──────────────────────────────────────────────────────── Time ────────────────────────────────────────────────────────┤
│                                                                                                                      │
│actor/actor/compute_adv=1.16e-05       │actor/actor/recv_traj=219.1            │actor/actor/sync_model_to_rollout=0.0…│
│actor/forward_actor=28.753             │actor/forward_critic=52.444            │actor/sample=24.835                   │
│actor/update_one_epoch=189.4           │cal_adv_and_returns=0.0029             │env/compute_bootstrap_rewards=0.0015  │
│env/env/bootstrap_step=58.139          │env/env/send_rollout_trajectories=0.465│env/env_interact_step=151.5           │
│env/interact=219.0                     │env/run_interact_once=218.5            │generate_rollouts=219.2               │
│rollout/generate_one_epoch=218.0       │rollout/rollout/generate=218.0         │step=409.2                            │
│sync_weights=0.472                     │                                       │                                      │
│                                                                                                                      │
├──────────────────────────────────────────────────── Environment ─────────────────────────────────────────────────────┤
│                                                                                                                      │
│episode_len=200.0                      │num_trajectories=8                     │return=0.375                          │
│reward=0.001875                        │success_once=0.125                     │                                      │
│                                                                                                                      │
├─────────────────────────────────────────────────── Replay Buffer ────────────────────────────────────────────────────┤
│                                                                                                                      │
│cache_size=1.44e+04                    │num_trajectories=1.44e+04              │total_samples=1.44e+04                │
│                                                                                                                      │
├─────────────────────────────────────────────────── Training/Actor ───────────────────────────────────────────────────┤
│                                                                                                                      │
│actor/action_ref_abs_mean=0.041        │actor/actor_weight_in_warmup=0.0000    │actor/actor_weight_ramp_progress=0.544│
│actor/actor_weight_schedule_enabled=1.…│actor/bc_human_loss=0.0000             │actor/bc_loss=0.0089                  │
│actor/bc_ref_loss=0.0089               │actor/bc_unweighted_loss=0.0089        │actor/bc_weight=4.552                 │
│actor/entropy=-671.4                   │actor/grad_norm=2.036                  │actor/human_mask_ratio=0.0000         │
│actor/lr=1.00e-04                      │actor/policy_mask_ratio=1.000          │actor/q_pi=0.035                      │
│actor/q_value_0=0.035                  │actor/q_value_1=0.033                  │actor/q_weight=0.268                  │
│actor/reference_dropout_prob=0.500     │actor/rlt_dvac/enabled=0.0000          │actor/rlt_dvac_bc/executed_target_rat…│
│actor/rlt_dvac_bc/success_action_count…│actor/rlt_dvac_bc/success_executed_ref…│actor/rlt_dvac_bc/success_query_count…│
│actor/rlt_dvac_bc/success_unweighted_l…│actor/rlt_dvac_bc/success_weight_ess_r…│actor/rlt_dvac_bc/success_weight_mean…│
│actor/rlt_dvac_bc/success_weighted_los…│actor/weighted_bc=0.041                │actor/weighted_q=0.0094               │
│                                                                                                                      │
├────────────────────────────────────────────────── Training/Critic ───────────────────────────────────────────────────┤
│                                                                                                                      │
│critic/grad_norm=0.322                 │critic/lr=1.00e-04                     │critic/q_data=0.031                   │
│                                                                                                                      │
├─────────────────────────────────────────────────── Training/Other ───────────────────────────────────────────────────┤
│                                                                                                                      │
│alpha/grad_norm=0.0000                 │replay/actor_switch_rate=1.000         │replay/done_rate=0.051                │
│replay/intervention_rate=0.0000        │replay/intervention_requested_rate=0.0…│replay/record_transition_rate=1.000   │
│replay/reward_mean=0.0063              │replay/reward_positive_rate=0.0063     │replay/transition_count=158.0         │
│rlt/actor_updates_run=800.0            │rlt/critic_updates_run=1600.0          │rlt/desired_total_updates=5.21e+04    │
│rlt/global_min_replay_size=1.44e+04    │rlt/global_total_transitions_added=1.4…│rlt/global_transitions_since_train=15…│
│rlt/max_updates_per_train_step=1600.0  │rlt/min_replay_buffer_size=10000.0     │rlt/pending_update_budget=4070.0      │
│rlt/ready_for_online=1.000             │rlt/should_train=1.000                 │rlt/skip_reason=0.0000                │
│rlt/train_every_episodes=0.0000        │rlt/train_every_transitions=1.000      │rlt/update_epoch=5.000                │
│rlt/update_step=4.64e+04               │rlt/updates_scheduled=5670.0           │rlt/updates_to_run=1600.0             │
│rlt/warmup_required_updates=3.00e+04   │rlt_dvac/enabled=0.0000                │sac/actor_loss=0.031                  │
│sac/alpha=0.0000                       │sac/alpha_loss=0.0000                  │sac/critic_loss=4.16e-04              │
│                                                                                                                      │
╰──────────────────────────────────────────────────────────────────────────────────────────────────────────────────────╯


╭──────────────────────────────────────────────────────────────────────────────────────────────────────────────────────╮
├──────────────────────────────────────────────────── Metric Table ────────────────────────────────────────────────────┤
│ Global Step:   97/480 │ Progress: ████████░░░░░░░░░░░░░░░░░░░░░░░░░░░░░░░░ │  20.2%                                  │
│ Elapsed: 08:04:51 │ ETA: 31:54:25 │ Step Time: 299.909s                                                              │
├──────────────────────────────────────────────────────── Time ────────────────────────────────────────────────────────┤
│                                                                                                                      │
│actor/actor/compute_adv=9.82e-06       │actor/actor/recv_traj=221.3            │actor/actor/sync_model_to_rollout=0.0…│
│actor/forward_actor=29.299             │actor/forward_critic=53.234            │actor/sample=25.288                   │
│actor/update_one_epoch=192.8           │cal_adv_and_returns=0.0033             │env/compute_bootstrap_rewards=0.0016  │
│env/env/bootstrap_step=58.054          │env/env/send_rollout_trajectories=0.480│env/env_interact_step=153.6           │
│env/interact=221.2                     │env/run_interact_once=220.7            │generate_rollouts=221.3               │
│rollout/generate_one_epoch=220.2       │rollout/rollout/generate=220.2         │step=414.8                            │
│sync_weights=0.517                     │                                       │                                      │
│                                                                                                                      │
├──────────────────────────────────────────────────── Environment ─────────────────────────────────────────────────────┤
│                                                                                                                      │
│episode_len=200.0                      │num_trajectories=8                     │return=0.0                            │
│reward=0.0                             │success_once=0.0                       │                                      │
│                                                                                                                      │
├─────────────────────────────────────────────────── Replay Buffer ────────────────────────────────────────────────────┤
│                                                                                                                      │
│cache_size=1.46e+04                    │num_trajectories=1.46e+04              │total_samples=1.46e+04                │
│                                                                                                                      │
├─────────────────────────────────────────────────── Training/Actor ───────────────────────────────────────────────────┤
│                                                                                                                      │
│actor/action_ref_abs_mean=0.042        │actor/actor_weight_in_warmup=0.0000    │actor/actor_weight_ramp_progress=0.576│
│actor/actor_weight_schedule_enabled=1.…│actor/bc_human_loss=0.0000             │actor/bc_loss=0.0090                  │
│actor/bc_ref_loss=0.0090               │actor/bc_unweighted_loss=0.0090        │actor/bc_weight=4.408                 │
│actor/entropy=-671.4                   │actor/grad_norm=2.130                  │actor/human_mask_ratio=0.0000         │
│actor/lr=1.00e-04                      │actor/policy_mask_ratio=1.000          │actor/q_pi=0.036                      │
│actor/q_value_0=0.036                  │actor/q_value_1=0.033                  │actor/q_weight=0.280                  │
│actor/reference_dropout_prob=0.500     │actor/rlt_dvac/enabled=0.0000          │actor/rlt_dvac_bc/executed_target_rat…│
│actor/rlt_dvac_bc/success_action_count…│actor/rlt_dvac_bc/success_executed_ref…│actor/rlt_dvac_bc/success_query_count…│
│actor/rlt_dvac_bc/success_unweighted_l…│actor/rlt_dvac_bc/success_weight_ess_r…│actor/rlt_dvac_bc/success_weight_mean…│
│actor/rlt_dvac_bc/success_weighted_los…│actor/weighted_bc=0.040                │actor/weighted_q=0.010                │
│                                                                                                                      │
├────────────────────────────────────────────────── Training/Critic ───────────────────────────────────────────────────┤
│                                                                                                                      │
│critic/grad_norm=0.310                 │critic/lr=1.00e-04                     │critic/q_data=0.031                   │
│                                                                                                                      │
├─────────────────────────────────────────────────── Training/Other ───────────────────────────────────────────────────┤
│                                                                                                                      │
│alpha/grad_norm=0.0000                 │replay/actor_switch_rate=1.000         │replay/done_rate=0.050                │
│replay/intervention_rate=0.0000        │replay/intervention_requested_rate=0.0…│replay/record_transition_rate=1.000   │
│replay/reward_mean=0.0000              │replay/reward_positive_rate=0.0000     │replay/transition_count=160.0         │
│rlt/actor_updates_run=800.0            │rlt/critic_updates_run=1600.0          │rlt/desired_total_updates=5.29e+04    │
│rlt/global_min_replay_size=1.46e+04    │rlt/global_total_transitions_added=1.4…│rlt/global_transitions_since_train=16…│
│rlt/max_updates_per_train_step=1600.0  │rlt/min_replay_buffer_size=10000.0     │rlt/pending_update_budget=3270.0      │
│rlt/ready_for_online=1.000             │rlt/should_train=1.000                 │rlt/skip_reason=0.0000                │
│rlt/train_every_episodes=0.0000        │rlt/train_every_transitions=1.000      │rlt/update_epoch=5.000                │
│rlt/update_step=4.80e+04               │rlt/updates_scheduled=4870.0           │rlt/updates_to_run=1600.0             │
│rlt/warmup_required_updates=3.00e+04   │rlt_dvac/enabled=0.0000                │sac/actor_loss=0.029                  │
│sac/alpha=0.0000                       │sac/alpha_loss=0.0000                  │sac/critic_loss=3.32e-04              │
│                                                                                                                      │
╰──────────────────────────────────────────────────────────────────────────────────────────────────────────────────────╯


╭──────────────────────────────────────────────────────────────────────────────────────────────────────────────────────╮
├──────────────────────────────────────────────────── Metric Table ────────────────────────────────────────────────────┤
│ Global Step:   98/480 │ Progress: ████████░░░░░░░░░░░░░░░░░░░░░░░░░░░░░░░░ │  20.4%                                  │
│ Elapsed: 08:11:41 │ ETA: 31:56:37 │ Step Time: 301.040s                                                              │
├──────────────────────────────────────────────────────── Time ────────────────────────────────────────────────────────┤
│                                                                                                                      │
│actor/actor/compute_adv=1.13e-05       │actor/actor/recv_traj=222.6            │actor/actor/sync_model_to_rollout=0.0…│
│actor/forward_actor=28.506             │actor/forward_critic=52.158            │actor/sample=24.911                   │
│actor/update_one_epoch=187.5           │cal_adv_and_returns=0.0037             │env/compute_bootstrap_rewards=0.0015  │
│env/env/bootstrap_step=58.569          │env/env/send_rollout_trajectories=0.476│env/env_interact_step=154.3           │
│env/interact=222.5                     │env/run_interact_once=222.0            │generate_rollouts=222.7               │
│rollout/generate_one_epoch=221.5       │rollout/rollout/generate=221.5         │step=410.7                            │
│sync_weights=0.508                     │                                       │                                      │
│                                                                                                                      │
├──────────────────────────────────────────────────── Environment ─────────────────────────────────────────────────────┤
│                                                                                                                      │
│episode_len=200.0                      │num_trajectories=8                     │return=1.0                            │
│reward=0.005                           │success_once=0.125                     │                                      │
│                                                                                                                      │
├─────────────────────────────────────────────────── Replay Buffer ────────────────────────────────────────────────────┤
│                                                                                                                      │
│cache_size=1.47e+04                    │num_trajectories=1.47e+04              │total_samples=1.47e+04                │
│                                                                                                                      │
├─────────────────────────────────────────────────── Training/Actor ───────────────────────────────────────────────────┤
│                                                                                                                      │
│actor/action_ref_abs_mean=0.042        │actor/actor_weight_in_warmup=0.0000    │actor/actor_weight_ramp_progress=0.608│
│actor/actor_weight_schedule_enabled=1.…│actor/bc_human_loss=0.0000             │actor/bc_loss=0.0089                  │
│actor/bc_ref_loss=0.0089               │actor/bc_unweighted_loss=0.0089        │actor/bc_weight=4.264                 │
│actor/entropy=-671.4                   │actor/grad_norm=2.215                  │actor/human_mask_ratio=0.0000         │
│actor/lr=1.00e-04                      │actor/policy_mask_ratio=1.000          │actor/q_pi=0.040                      │
│actor/q_value_0=0.040                  │actor/q_value_1=0.037                  │actor/q_weight=0.293                  │
│actor/reference_dropout_prob=0.500     │actor/rlt_dvac/enabled=0.0000          │actor/rlt_dvac_bc/executed_target_rat…│
│actor/rlt_dvac_bc/success_action_count…│actor/rlt_dvac_bc/success_executed_ref…│actor/rlt_dvac_bc/success_query_count…│
│actor/rlt_dvac_bc/success_unweighted_l…│actor/rlt_dvac_bc/success_weight_ess_r…│actor/rlt_dvac_bc/success_weight_mean…│
│actor/rlt_dvac_bc/success_weighted_los…│actor/weighted_bc=0.038                │actor/weighted_q=0.012                │
│                                                                                                                      │
├────────────────────────────────────────────────── Training/Critic ───────────────────────────────────────────────────┤
│                                                                                                                      │
│critic/grad_norm=0.306                 │critic/lr=1.00e-04                     │critic/q_data=0.035                   │
│                                                                                                                      │
├─────────────────────────────────────────────────── Training/Other ───────────────────────────────────────────────────┤
│                                                                                                                      │
│alpha/grad_norm=0.0000                 │replay/actor_switch_rate=1.000         │replay/done_rate=0.052                │
│replay/intervention_rate=0.0000        │replay/intervention_requested_rate=0.0…│replay/record_transition_rate=1.000   │
│replay/reward_mean=0.0065              │replay/reward_positive_rate=0.0065     │replay/transition_count=153.0         │
│rlt/actor_updates_run=800.0            │rlt/critic_updates_run=1600.0          │rlt/desired_total_updates=5.36e+04    │
│rlt/global_min_replay_size=1.47e+04    │rlt/global_total_transitions_added=1.4…│rlt/global_transitions_since_train=15…│
│rlt/max_updates_per_train_step=1600.0  │rlt/min_replay_buffer_size=10000.0     │rlt/pending_update_budget=2435.0      │
│rlt/ready_for_online=1.000             │rlt/should_train=1.000                 │rlt/skip_reason=0.0000                │
│rlt/train_every_episodes=0.0000        │rlt/train_every_transitions=1.000      │rlt/update_epoch=5.000                │
│rlt/update_step=4.96e+04               │rlt/updates_scheduled=4035.0           │rlt/updates_to_run=1600.0             │
│rlt/warmup_required_updates=3.00e+04   │rlt_dvac/enabled=0.0000                │sac/actor_loss=0.027                  │
│sac/alpha=0.0000                       │sac/alpha_loss=0.0000                  │sac/critic_loss=3.25e-04              │
│                                                                                                                      │
╰──────────────────────────────────────────────────────────────────────────────────────────────────────────────────────╯


╭──────────────────────────────────────────────────────────────────────────────────────────────────────────────────────╮
├──────────────────────────────────────────────────── Metric Table ────────────────────────────────────────────────────┤
│ Global Step:   99/480 │ Progress: ████████░░░░░░░░░░░░░░░░░░░░░░░░░░░░░░░░ │  20.6%                                  │
│ Elapsed: 08:18:42 │ ETA: 31:59:16 │ Step Time: 302.249s                                                              │
├──────────────────────────────────────────────────────── Time ────────────────────────────────────────────────────────┤
│                                                                                                                      │
│actor/actor/compute_adv=9.11e-06       │actor/actor/recv_traj=229.4            │actor/actor/sync_model_to_rollout=0.0…│
│actor/forward_actor=28.945             │actor/forward_critic=52.981            │actor/sample=25.190                   │
│actor/update_one_epoch=190.6           │cal_adv_and_returns=0.0027             │env/compute_bootstrap_rewards=0.0017  │
│env/env/bootstrap_step=57.978          │env/env/send_rollout_trajectories=0.477│env/env_interact_step=161.7           │
│env/interact=229.4                     │env/run_interact_once=228.9            │generate_rollouts=229.5               │
│rollout/generate_one_epoch=228.4       │rollout/rollout/generate=228.4         │step=420.7                            │
│sync_weights=0.422                     │                                       │                                      │
│                                                                                                                      │
├──────────────────────────────────────────────────── Environment ─────────────────────────────────────────────────────┤
│                                                                                                                      │
│episode_len=200.0                      │num_trajectories=8                     │return=0.0                            │
│reward=0.0                             │success_once=0.0                       │                                      │
│                                                                                                                      │
├─────────────────────────────────────────────────── Replay Buffer ────────────────────────────────────────────────────┤
│                                                                                                                      │
│cache_size=1.49e+04                    │num_trajectories=1.49e+04              │total_samples=1.49e+04                │
│                                                                                                                      │
├─────────────────────────────────────────────────── Training/Actor ───────────────────────────────────────────────────┤
│                                                                                                                      │
│actor/action_ref_abs_mean=0.042        │actor/actor_weight_in_warmup=0.0000    │actor/actor_weight_ramp_progress=0.640│
│actor/actor_weight_schedule_enabled=1.…│actor/bc_human_loss=0.0000             │actor/bc_loss=0.0089                  │
│actor/bc_ref_loss=0.0089               │actor/bc_unweighted_loss=0.0089        │actor/bc_weight=4.120                 │
│actor/entropy=-671.4                   │actor/grad_norm=2.291                  │actor/human_mask_ratio=0.0000         │
│actor/lr=1.00e-04                      │actor/policy_mask_ratio=1.000          │actor/q_pi=0.046                      │
│actor/q_value_0=0.046                  │actor/q_value_1=0.043                  │actor/q_weight=0.306                  │
│actor/reference_dropout_prob=0.500     │actor/rlt_dvac/enabled=0.0000          │actor/rlt_dvac_bc/executed_target_rat…│
│actor/rlt_dvac_bc/success_action_count…│actor/rlt_dvac_bc/success_executed_ref…│actor/rlt_dvac_bc/success_query_count…│
│actor/rlt_dvac_bc/success_unweighted_l…│actor/rlt_dvac_bc/success_weight_ess_r…│actor/rlt_dvac_bc/success_weight_mean…│
│actor/rlt_dvac_bc/success_weighted_los…│actor/weighted_bc=0.037                │actor/weighted_q=0.014                │
│                                                                                                                      │
├────────────────────────────────────────────────── Training/Critic ───────────────────────────────────────────────────┤
│                                                                                                                      │
│critic/grad_norm=0.288                 │critic/lr=1.00e-04                     │critic/q_data=0.041                   │
│                                                                                                                      │
├─────────────────────────────────────────────────── Training/Other ───────────────────────────────────────────────────┤
│                                                                                                                      │
│alpha/grad_norm=0.0000                 │replay/actor_switch_rate=1.000         │replay/done_rate=0.050                │
│replay/intervention_rate=0.0000        │replay/intervention_requested_rate=0.0…│replay/record_transition_rate=1.000   │
│replay/reward_mean=0.0000              │replay/reward_positive_rate=0.0000     │replay/transition_count=160.0         │
│rlt/actor_updates_run=800.0            │rlt/critic_updates_run=1600.0          │rlt/desired_total_updates=5.44e+04    │
│rlt/global_min_replay_size=1.49e+04    │rlt/global_total_transitions_added=1.4…│rlt/global_transitions_since_train=16…│
│rlt/max_updates_per_train_step=1600.0  │rlt/min_replay_buffer_size=10000.0     │rlt/pending_update_budget=1635.0      │
│rlt/ready_for_online=1.000             │rlt/should_train=1.000                 │rlt/skip_reason=0.0000                │
│rlt/train_every_episodes=0.0000        │rlt/train_every_transitions=1.000      │rlt/update_epoch=5.000                │
│rlt/update_step=5.12e+04               │rlt/updates_scheduled=3235.0           │rlt/updates_to_run=1600.0             │
│rlt/warmup_required_updates=3.00e+04   │rlt_dvac/enabled=0.0000                │sac/actor_loss=0.023                  │
│sac/alpha=0.0000                       │sac/alpha_loss=0.0000                  │sac/critic_loss=3.20e-04              │
│                                                                                                                      │
╰──────────────────────────────────────────────────────────────────────────────────────────────────────────────────────╯


╭──────────────────────────────────────────────────────────────────────────────────────────────────────────────────────╮
├──────────────────────────────────────────────────── Metric Table ────────────────────────────────────────────────────┤
│ Global Step:  100/480 │ Progress: ████████░░░░░░░░░░░░░░░░░░░░░░░░░░░░░░░░ │  20.8%                                  │
│ Elapsed: 08:35:36 │ ETA: 32:39:17 │ Step Time: 309.363s                                                              │
├──────────────────────────────────────────────────────── Time ────────────────────────────────────────────────────────┤
│                                                                                                                      │
│actor/actor/compute_adv=1.43e-05       │actor/actor/recv_traj=221.5            │actor/actor/sync_model_to_rollout=0.1…│
│actor/forward_actor=27.970             │actor/forward_critic=50.437            │actor/sample=29.770                   │
│actor/update_one_epoch=191.4           │cal_adv_and_returns=0.0028             │env/compute_bootstrap_rewards=0.0016  │
│env/env/bootstrap_step=57.954          │env/env/send_rollout_trajectories=0.474│env/env_interact_step=153.9           │
│env/interact=221.5                     │env/run_interact_once=221.0            │eval=551.8                            │
│generate_rollouts=221.6                │rollout/generate_one_epoch=220.5       │rollout/rollout/generate=220.5        │
│step=1013.6                            │sync_weights=0.535                     │                                      │
│                                                                                                                      │
├──────────────────────────────────────────────────── Environment ─────────────────────────────────────────────────────┤
│                                                                                                                      │
│episode_len=200.0                      │num_trajectories=8                     │return=1.125                          │
│reward=0.005625                        │success_once=0.25                      │                                      │
│                                                                                                                      │
├───────────────────────────────────────────────────── Evaluation ─────────────────────────────────────────────────────┤
│                                                                                                                      │
│episode_len=200.0                      │num_trajectories=20                    │return=0.0                            │
│reward=0.0                             │success_at_end=0.0                     │success_once=0.0                      │
│                                                                                                                      │
├─────────────────────────────────────────────────── Replay Buffer ────────────────────────────────────────────────────┤
│                                                                                                                      │
│cache_size=1.51e+04                    │num_trajectories=1.51e+04              │total_samples=1.51e+04                │
│                                                                                                                      │
├─────────────────────────────────────────────────── Training/Actor ───────────────────────────────────────────────────┤
│                                                                                                                      │
│actor/action_ref_abs_mean=0.042        │actor/actor_weight_in_warmup=0.0000    │actor/actor_weight_ramp_progress=0.672│
│actor/actor_weight_schedule_enabled=1.…│actor/bc_human_loss=0.0000             │actor/bc_loss=0.0090                  │
│actor/bc_ref_loss=0.0090               │actor/bc_unweighted_loss=0.0090        │actor/bc_weight=3.976                 │
│actor/entropy=-671.4                   │actor/grad_norm=2.374                  │actor/human_mask_ratio=0.0000         │
│actor/lr=1.00e-04                      │actor/policy_mask_ratio=1.000          │actor/q_pi=0.051                      │
│actor/q_value_0=0.051                  │actor/q_value_1=0.048                  │actor/q_weight=0.319                  │
│actor/reference_dropout_prob=0.500     │actor/rlt_dvac/enabled=0.0000          │actor/rlt_dvac_bc/executed_target_rat…│
│actor/rlt_dvac_bc/success_action_count…│actor/rlt_dvac_bc/success_executed_ref…│actor/rlt_dvac_bc/success_query_count…│
│actor/rlt_dvac_bc/success_unweighted_l…│actor/rlt_dvac_bc/success_weight_ess_r…│actor/rlt_dvac_bc/success_weight_mean…│
│actor/rlt_dvac_bc/success_weighted_los…│actor/weighted_bc=0.036                │actor/weighted_q=0.016                │
│                                                                                                                      │
├────────────────────────────────────────────────── Training/Critic ───────────────────────────────────────────────────┤
│                                                                                                                      │
│critic/grad_norm=0.280                 │critic/lr=1.00e-04                     │critic/q_data=0.046                   │
│                                                                                                                      │
├─────────────────────────────────────────────────── Training/Other ───────────────────────────────────────────────────┤
│                                                                                                                      │
│alpha/grad_norm=0.0000                 │replay/actor_switch_rate=1.000         │replay/done_rate=0.052                │
│replay/intervention_rate=0.0000        │replay/intervention_requested_rate=0.0…│replay/record_transition_rate=1.000   │
│replay/reward_mean=0.013               │replay/reward_positive_rate=0.013      │replay/transition_count=153.0         │
│rlt/actor_updates_run=800.0            │rlt/critic_updates_run=1600.0          │rlt/desired_total_updates=5.52e+04    │
│rlt/global_min_replay_size=1.51e+04    │rlt/global_total_transitions_added=1.5…│rlt/global_transitions_since_train=15…│
│rlt/max_updates_per_train_step=1600.0  │rlt/min_replay_buffer_size=10000.0     │rlt/pending_update_budget=800.0       │
│rlt/ready_for_online=1.000             │rlt/should_train=1.000                 │rlt/skip_reason=0.0000                │
│rlt/train_every_episodes=0.0000        │rlt/train_every_transitions=1.000      │rlt/update_epoch=5.000                │
│rlt/update_step=5.28e+04               │rlt/updates_scheduled=2400.0           │rlt/updates_to_run=1600.0             │
│rlt/warmup_required_updates=3.00e+04   │rlt_dvac/enabled=0.0000                │sac/actor_loss=0.019                  │
│sac/alpha=0.0000                       │sac/alpha_loss=0.0000                  │sac/critic_loss=3.55e-04              │
│                                                                                                                      │
╰──────────────────────────────────────────────────────────────────────────────────────────────────────────────────────╯


╭──────────────────────────────────────────────────────────────────────────────────────────────────────────────────────╮
├──────────────────────────────────────────────────── Metric Table ────────────────────────────────────────────────────┤
│ Global Step:  101/480 │ Progress: ████████░░░░░░░░░░░░░░░░░░░░░░░░░░░░░░░░ │  21.0%                                  │
│ Elapsed: 08:42:17 │ ETA: 32:39:51 │ Step Time: 310.269s                                                              │
├──────────────────────────────────────────────────────── Time ────────────────────────────────────────────────────────┤
│                                                                                                                      │
│actor/actor/compute_adv=9.86e-06       │actor/actor/recv_traj=216.9            │actor/actor/sync_model_to_rollout=0.0…│
│actor/forward_actor=26.722             │actor/forward_critic=48.766            │actor/sample=28.103                   │
│actor/update_one_epoch=183.3           │cal_adv_and_returns=0.0025             │env/compute_bootstrap_rewards=0.0016  │
│env/env/bootstrap_step=59.238          │env/env/send_rollout_trajectories=0.471│env/env_interact_step=147.8           │
│env/interact=216.8                     │env/run_interact_once=216.3            │generate_rollouts=217.0               │
│rollout/generate_one_epoch=215.8       │rollout/rollout/generate=215.8         │step=400.9                            │
│sync_weights=0.475                     │                                       │                                      │
│                                                                                                                      │
├──────────────────────────────────────────────────── Environment ─────────────────────────────────────────────────────┤
│                                                                                                                      │
│episode_len=200.0                      │num_trajectories=8                     │return=1.625                          │
│reward=0.008125                        │success_once=0.25                      │                                      │
│                                                                                                                      │
├─────────────────────────────────────────────────── Replay Buffer ────────────────────────────────────────────────────┤
│                                                                                                                      │
│cache_size=1.52e+04                    │num_trajectories=1.52e+04              │total_samples=1.52e+04                │
│                                                                                                                      │
├─────────────────────────────────────────────────── Training/Actor ───────────────────────────────────────────────────┤
│                                                                                                                      │
│actor/action_ref_abs_mean=0.043        │actor/actor_weight_in_warmup=0.0000    │actor/actor_weight_ramp_progress=0.703│
│actor/actor_weight_schedule_enabled=1.…│actor/bc_human_loss=0.0000             │actor/bc_loss=0.0089                  │
│actor/bc_ref_loss=0.0089               │actor/bc_unweighted_loss=0.0089        │actor/bc_weight=3.834                 │
│actor/entropy=-671.4                   │actor/grad_norm=2.432                  │actor/human_mask_ratio=0.0000         │
│actor/lr=1.00e-04                      │actor/policy_mask_ratio=1.000          │actor/q_pi=0.058                      │
│actor/q_value_0=0.058                  │actor/q_value_1=0.055                  │actor/q_weight=0.331                  │
│actor/reference_dropout_prob=0.500     │actor/rlt_dvac/enabled=0.0000          │actor/rlt_dvac_bc/executed_target_rat…│
│actor/rlt_dvac_bc/success_action_count…│actor/rlt_dvac_bc/success_executed_ref…│actor/rlt_dvac_bc/success_query_count…│
│actor/rlt_dvac_bc/success_unweighted_l…│actor/rlt_dvac_bc/success_weight_ess_r…│actor/rlt_dvac_bc/success_weight_mean…│
│actor/rlt_dvac_bc/success_weighted_los…│actor/weighted_bc=0.034                │actor/weighted_q=0.019                │
│                                                                                                                      │
├────────────────────────────────────────────────── Training/Critic ───────────────────────────────────────────────────┤
│                                                                                                                      │
│critic/grad_norm=0.253                 │critic/lr=1.00e-04                     │critic/q_data=0.052                   │
│                                                                                                                      │
├─────────────────────────────────────────────────── Training/Other ───────────────────────────────────────────────────┤
│                                                                                                                      │
│alpha/grad_norm=0.0000                 │replay/actor_switch_rate=1.000         │replay/done_rate=0.054                │
│replay/intervention_rate=0.0000        │replay/intervention_requested_rate=0.0…│replay/record_transition_rate=1.000   │
│replay/reward_mean=0.013               │replay/reward_positive_rate=0.013      │replay/transition_count=149.0         │
│rlt/actor_updates_run=773.0            │rlt/critic_updates_run=1545.0          │rlt/desired_total_updates=5.59e+04    │
│rlt/global_min_replay_size=1.52e+04    │rlt/global_total_transitions_added=1.5…│rlt/global_transitions_since_train=14…│
│rlt/max_updates_per_train_step=1600.0  │rlt/min_replay_buffer_size=10000.0     │rlt/pending_update_budget=0.0000      │
│rlt/ready_for_online=1.000             │rlt/should_train=1.000                 │rlt/skip_reason=0.0000                │
│rlt/train_every_episodes=0.0000        │rlt/train_every_transitions=1.000      │rlt/update_epoch=5.000                │
│rlt/update_step=5.44e+04               │rlt/updates_scheduled=1545.0           │rlt/updates_to_run=1545.0             │
│rlt/warmup_required_updates=3.00e+04   │rlt_dvac/enabled=0.0000                │sac/actor_loss=0.015                  │
│sac/alpha=0.0000                       │sac/alpha_loss=0.0000                  │sac/critic_loss=3.80e-04              │
│                                                                                                                      │
╰──────────────────────────────────────────────────────────────────────────────────────────────────────────────────────╯


╭──────────────────────────────────────────────────────────────────────────────────────────────────────────────────────╮
├──────────────────────────────────────────────────── Metric Table ────────────────────────────────────────────────────┤
│ Global Step:  102/480 │ Progress: ████████░░░░░░░░░░░░░░░░░░░░░░░░░░░░░░░░ │  21.2%                                  │
│ Elapsed: 08:47:35 │ ETA: 32:35:09 │ Step Time: 310.343s                                                              │
├──────────────────────────────────────────────────────── Time ────────────────────────────────────────────────────────┤
│                                                                                                                      │
│actor/actor/compute_adv=2.41e-05       │actor/actor/recv_traj=225.9            │actor/actor/sync_model_to_rollout=0.0…│
│actor/forward_actor=13.661             │actor/forward_critic=24.770            │actor/sample=13.006                   │
│actor/update_one_epoch=91.232          │cal_adv_and_returns=0.0026             │env/compute_bootstrap_rewards=0.0016  │
│env/env/bootstrap_step=59.785          │env/env/send_rollout_trajectories=0.491│env/env_interact_step=156.6           │
│env/interact=225.9                     │env/run_interact_once=225.3            │generate_rollouts=226.0               │
│rollout/generate_one_epoch=224.8       │rollout/rollout/generate=224.8         │step=317.8                            │
│sync_weights=0.516                     │                                       │                                      │
│                                                                                                                      │
├──────────────────────────────────────────────────── Environment ─────────────────────────────────────────────────────┤
│                                                                                                                      │
│episode_len=200.0                      │num_trajectories=8                     │return=0.75                           │
│reward=0.00375                         │success_once=0.125                     │                                      │
│                                                                                                                      │
├─────────────────────────────────────────────────── Replay Buffer ────────────────────────────────────────────────────┤
│                                                                                                                      │
│cache_size=1.54e+04                    │num_trajectories=1.54e+04              │total_samples=1.54e+04                │
│                                                                                                                      │
├─────────────────────────────────────────────────── Training/Actor ───────────────────────────────────────────────────┤
│                                                                                                                      │
│actor/action_ref_abs_mean=0.044        │actor/actor_weight_in_warmup=0.0000    │actor/actor_weight_ramp_progress=0.727│
│actor/actor_weight_schedule_enabled=1.…│actor/bc_human_loss=0.0000             │actor/bc_loss=0.0090                  │
│actor/bc_ref_loss=0.0090               │actor/bc_unweighted_loss=0.0090        │actor/bc_weight=3.730                 │
│actor/entropy=-671.4                   │actor/grad_norm=2.474                  │actor/human_mask_ratio=0.0000         │
│actor/lr=1.00e-04                      │actor/policy_mask_ratio=1.000          │actor/q_pi=0.064                      │
│actor/q_value_0=0.064                  │actor/q_value_1=0.060                  │actor/q_weight=0.341                  │
│actor/reference_dropout_prob=0.500     │actor/rlt_dvac/enabled=0.0000          │actor/rlt_dvac_bc/executed_target_rat…│
│actor/rlt_dvac_bc/success_action_count…│actor/rlt_dvac_bc/success_executed_ref…│actor/rlt_dvac_bc/success_query_count…│
│actor/rlt_dvac_bc/success_unweighted_l…│actor/rlt_dvac_bc/success_weight_ess_r…│actor/rlt_dvac_bc/success_weight_mean…│
│actor/rlt_dvac_bc/success_weighted_los…│actor/weighted_bc=0.034                │actor/weighted_q=0.022                │
│                                                                                                                      │
├────────────────────────────────────────────────── Training/Critic ───────────────────────────────────────────────────┤
│                                                                                                                      │
│critic/grad_norm=0.266                 │critic/lr=1.00e-04                     │critic/q_data=0.057                   │
│                                                                                                                      │
├─────────────────────────────────────────────────── Training/Other ───────────────────────────────────────────────────┤
│                                                                                                                      │
│alpha/grad_norm=0.0000                 │replay/actor_switch_rate=1.000         │replay/done_rate=0.052                │
│replay/intervention_rate=0.0000        │replay/intervention_requested_rate=0.0…│replay/record_transition_rate=1.000   │
│replay/reward_mean=0.0065              │replay/reward_positive_rate=0.0065     │replay/transition_count=155.0         │
│rlt/actor_updates_run=387.0            │rlt/critic_updates_run=775.0           │rlt/desired_total_updates=5.67e+04    │
│rlt/global_min_replay_size=1.54e+04    │rlt/global_total_transitions_added=1.5…│rlt/global_transitions_since_train=15…│
│rlt/max_updates_per_train_step=1600.0  │rlt/min_replay_buffer_size=10000.0     │rlt/pending_update_budget=0.0000      │
│rlt/ready_for_online=1.000             │rlt/should_train=1.000                 │rlt/skip_reason=0.0000                │
│rlt/train_every_episodes=0.0000        │rlt/train_every_transitions=1.000      │rlt/update_epoch=5.000                │
│rlt/update_step=5.59e+04               │rlt/updates_scheduled=775.0            │rlt/updates_to_run=775.0              │
│rlt/warmup_required_updates=3.00e+04   │rlt_dvac/enabled=0.0000                │sac/actor_loss=0.012                  │
│sac/alpha=0.0000                       │sac/alpha_loss=0.0000                  │sac/critic_loss=4.89e-04              │
│                                                                                                                      │
╰──────────────────────────────────────────────────────────────────────────────────────────────────────────────────────╯


╭──────────────────────────────────────────────────────────────────────────────────────────────────────────────────────╮
├──────────────────────────────────────────────────── Metric Table ────────────────────────────────────────────────────┤
│ Global Step:  103/480 │ Progress: ████████░░░░░░░░░░░░░░░░░░░░░░░░░░░░░░░░ │  21.5%                                  │
│ Elapsed: 08:52:57 │ ETA: 32:30:44 │ Step Time: 310.462s                                                              │
├──────────────────────────────────────────────────────── Time ────────────────────────────────────────────────────────┤
│                                                                                                                      │
│actor/actor/compute_adv=9.48e-06       │actor/actor/recv_traj=231.1            │actor/actor/sync_model_to_rollout=0.0…│
│actor/forward_actor=13.856             │actor/forward_critic=25.160            │actor/sample=12.199                   │
│actor/update_one_epoch=90.833          │cal_adv_and_returns=0.0026             │env/compute_bootstrap_rewards=0.0016  │
│env/env/bootstrap_step=60.864          │env/env/send_rollout_trajectories=0.473│env/env_interact_step=160.5           │
│env/interact=231.0                     │env/run_interact_once=230.5            │generate_rollouts=231.1               │
│rollout/generate_one_epoch=230.0       │rollout/rollout/generate=230.0         │step=322.5                            │
│sync_weights=0.508                     │                                       │                                      │
│                                                                                                                      │
├──────────────────────────────────────────────────── Environment ─────────────────────────────────────────────────────┤
│                                                                                                                      │
│episode_len=200.0                      │num_trajectories=8                     │return=0.75                           │
│reward=0.00375                         │success_once=0.125                     │                                      │
│                                                                                                                      │
├─────────────────────────────────────────────────── Replay Buffer ────────────────────────────────────────────────────┤
│                                                                                                                      │
│cache_size=1.55e+04                    │num_trajectories=1.55e+04              │total_samples=1.55e+04                │
│                                                                                                                      │
├─────────────────────────────────────────────────── Training/Actor ───────────────────────────────────────────────────┤
│                                                                                                                      │
│actor/action_ref_abs_mean=0.044        │actor/actor_weight_in_warmup=0.0000    │actor/actor_weight_ramp_progress=0.742│
│actor/actor_weight_schedule_enabled=1.…│actor/bc_human_loss=0.0000             │actor/bc_loss=0.0091                  │
│actor/bc_ref_loss=0.0091               │actor/bc_unweighted_loss=0.0091        │actor/bc_weight=3.660                 │
│actor/entropy=-671.4                   │actor/grad_norm=2.509                  │actor/human_mask_ratio=0.0000         │
│actor/lr=1.00e-04                      │actor/policy_mask_ratio=1.000          │actor/q_pi=0.067                      │
│actor/q_value_0=0.067                  │actor/q_value_1=0.063                  │actor/q_weight=0.347                  │
│actor/reference_dropout_prob=0.500     │actor/rlt_dvac/enabled=0.0000          │actor/rlt_dvac_bc/executed_target_rat…│
│actor/rlt_dvac_bc/success_action_count…│actor/rlt_dvac_bc/success_executed_ref…│actor/rlt_dvac_bc/success_query_count…│
│actor/rlt_dvac_bc/success_unweighted_l…│actor/rlt_dvac_bc/success_weight_ess_r…│actor/rlt_dvac_bc/success_weight_mean…│
│actor/rlt_dvac_bc/success_weighted_los…│actor/weighted_bc=0.033                │actor/weighted_q=0.023                │
│                                                                                                                      │
├────────────────────────────────────────────────── Training/Critic ───────────────────────────────────────────────────┤
│                                                                                                                      │
│critic/grad_norm=0.259                 │critic/lr=1.00e-04                     │critic/q_data=0.059                   │
│                                                                                                                      │
├─────────────────────────────────────────────────── Training/Other ───────────────────────────────────────────────────┤
│                                                                                                                      │
│alpha/grad_norm=0.0000                 │replay/actor_switch_rate=1.000         │replay/done_rate=0.052                │
│replay/intervention_rate=0.0000        │replay/intervention_requested_rate=0.0…│replay/record_transition_rate=1.000   │
│replay/reward_mean=0.0065              │replay/reward_positive_rate=0.0065     │replay/transition_count=155.0         │
│rlt/actor_updates_run=388.0            │rlt/critic_updates_run=775.0           │rlt/desired_total_updates=5.75e+04    │
│rlt/global_min_replay_size=1.55e+04    │rlt/global_total_transitions_added=1.5…│rlt/global_transitions_since_train=15…│
│rlt/max_updates_per_train_step=1600.0  │rlt/min_replay_buffer_size=10000.0     │rlt/pending_update_budget=0.0000      │
│rlt/ready_for_online=1.000             │rlt/should_train=1.000                 │rlt/skip_reason=0.0000                │
│rlt/train_every_episodes=0.0000        │rlt/train_every_transitions=1.000      │rlt/update_epoch=5.000                │
│rlt/update_step=5.67e+04               │rlt/updates_scheduled=775.0            │rlt/updates_to_run=775.0              │
│rlt/warmup_required_updates=3.00e+04   │rlt_dvac/enabled=0.0000                │sac/actor_loss=0.010                  │
│sac/alpha=0.0000                       │sac/alpha_loss=0.0000                  │sac/critic_loss=6.05e-04              │
│                                                                                                                      │
╰──────────────────────────────────────────────────────────────────────────────────────────────────────────────────────╯


╭──────────────────────────────────────────────────────────────────────────────────────────────────────────────────────╮
├──────────────────────────────────────────────────── Metric Table ────────────────────────────────────────────────────┤
│ Global Step:  104/480 │ Progress: ████████░░░░░░░░░░░░░░░░░░░░░░░░░░░░░░░░ │  21.7%                                  │
│ Elapsed: 08:58:07 │ ETA: 32:25:32 │ Step Time: 310.460s                                                              │
├──────────────────────────────────────────────────────── Time ────────────────────────────────────────────────────────┤
│                                                                                                                      │
│actor/actor/compute_adv=1.06e-05       │actor/actor/recv_traj=221.2            │actor/actor/sync_model_to_rollout=0.0…│
│actor/forward_actor=12.981             │actor/forward_critic=23.445            │actor/sample=13.255                   │
│actor/update_one_epoch=88.434          │cal_adv_and_returns=0.0027             │env/compute_bootstrap_rewards=0.0020  │
│env/env/bootstrap_step=59.160          │env/env/send_rollout_trajectories=0.476│env/env_interact_step=152.3           │
│env/interact=221.1                     │env/run_interact_once=220.6            │generate_rollouts=221.3               │
│rollout/generate_one_epoch=220.1       │rollout/rollout/generate=220.1         │step=310.2                            │
│sync_weights=0.448                     │                                       │                                      │
│                                                                                                                      │
├──────────────────────────────────────────────────── Environment ─────────────────────────────────────────────────────┤
│                                                                                                                      │
│episode_len=200.0                      │num_trajectories=8                     │return=1.625                          │
│reward=0.008125                        │success_once=0.25                      │                                      │
│                                                                                                                      │
├─────────────────────────────────────────────────── Replay Buffer ────────────────────────────────────────────────────┤
│                                                                                                                      │
│cache_size=1.57e+04                    │num_trajectories=1.57e+04              │total_samples=1.57e+04                │
│                                                                                                                      │
├─────────────────────────────────────────────────── Training/Actor ───────────────────────────────────────────────────┤
│                                                                                                                      │
│actor/action_ref_abs_mean=0.044        │actor/actor_weight_in_warmup=0.0000    │actor/actor_weight_ramp_progress=0.757│
│actor/actor_weight_schedule_enabled=1.…│actor/bc_human_loss=0.0000             │actor/bc_loss=0.0090                  │
│actor/bc_ref_loss=0.0090               │actor/bc_unweighted_loss=0.0090        │actor/bc_weight=3.592                 │
│actor/entropy=-671.4                   │actor/grad_norm=2.526                  │actor/human_mask_ratio=0.0000         │
│actor/lr=1.00e-04                      │actor/policy_mask_ratio=1.000          │actor/q_pi=0.070                      │
│actor/q_value_0=0.070                  │actor/q_value_1=0.065                  │actor/q_weight=0.353                  │
│actor/reference_dropout_prob=0.500     │actor/rlt_dvac/enabled=0.0000          │actor/rlt_dvac_bc/executed_target_rat…│
│actor/rlt_dvac_bc/success_action_count…│actor/rlt_dvac_bc/success_executed_ref…│actor/rlt_dvac_bc/success_query_count…│
│actor/rlt_dvac_bc/success_unweighted_l…│actor/rlt_dvac_bc/success_weight_ess_r…│actor/rlt_dvac_bc/success_weight_mean…│
│actor/rlt_dvac_bc/success_weighted_los…│actor/weighted_bc=0.032                │actor/weighted_q=0.025                │
│                                                                                                                      │
├────────────────────────────────────────────────── Training/Critic ───────────────────────────────────────────────────┤
│                                                                                                                      │
│critic/grad_norm=0.226                 │critic/lr=1.00e-04                     │critic/q_data=0.061                   │
│                                                                                                                      │
├─────────────────────────────────────────────────── Training/Other ───────────────────────────────────────────────────┤
│                                                                                                                      │
│alpha/grad_norm=0.0000                 │replay/actor_switch_rate=1.000         │replay/done_rate=0.054                │
│replay/intervention_rate=0.0000        │replay/intervention_requested_rate=0.0…│replay/record_transition_rate=1.000   │
│replay/reward_mean=0.013               │replay/reward_positive_rate=0.013      │replay/transition_count=149.0         │
│rlt/actor_updates_run=372.0            │rlt/critic_updates_run=745.0           │rlt/desired_total_updates=5.82e+04    │
│rlt/global_min_replay_size=1.57e+04    │rlt/global_total_transitions_added=1.5…│rlt/global_transitions_since_train=14…│
│rlt/max_updates_per_train_step=1600.0  │rlt/min_replay_buffer_size=10000.0     │rlt/pending_update_budget=0.0000      │
│rlt/ready_for_online=1.000             │rlt/should_train=1.000                 │rlt/skip_reason=0.0000                │
│rlt/train_every_episodes=0.0000        │rlt/train_every_transitions=1.000      │rlt/update_epoch=5.000                │
│rlt/update_step=5.75e+04               │rlt/updates_scheduled=745.0            │rlt/updates_to_run=745.0              │
│rlt/warmup_required_updates=3.00e+04   │rlt_dvac/enabled=0.0000                │sac/actor_loss=0.0078                 │
│sac/alpha=0.0000                       │sac/alpha_loss=0.0000                  │sac/critic_loss=6.32e-04              │
│                                                                                                                      │
╰──────────────────────────────────────────────────────────────────────────────────────────────────────────────────────╯


╭──────────────────────────────────────────────────────────────────────────────────────────────────────────────────────╮
├──────────────────────────────────────────────────── Metric Table ────────────────────────────────────────────────────┤
│ Global Step:  105/480 │ Progress: ████████░░░░░░░░░░░░░░░░░░░░░░░░░░░░░░░░ │  21.9%                                  │
│ Elapsed: 09:03:27 │ ETA: 32:20:54 │ Step Time: 310.547s                                                              │
├──────────────────────────────────────────────────────── Time ────────────────────────────────────────────────────────┤
│                                                                                                                      │
│actor/actor/compute_adv=1.52e-05       │actor/actor/recv_traj=226.5            │actor/actor/sync_model_to_rollout=0.0…│
│actor/forward_actor=13.790             │actor/forward_critic=24.947            │actor/sample=13.050                   │
│actor/update_one_epoch=92.380          │cal_adv_and_returns=0.0034             │env/compute_bootstrap_rewards=0.0018  │
│env/env/bootstrap_step=59.100          │env/env/send_rollout_trajectories=0.481│env/env_interact_step=157.8           │
│env/interact=226.4                     │env/run_interact_once=225.9            │generate_rollouts=226.6               │
│rollout/generate_one_epoch=225.4       │rollout/rollout/generate=225.4         │step=319.6                            │
│sync_weights=0.538                     │                                       │                                      │
│                                                                                                                      │
├──────────────────────────────────────────────────── Environment ─────────────────────────────────────────────────────┤
│                                                                                                                      │
│episode_len=200.0                      │num_trajectories=8                     │return=0.875                          │
│reward=0.004375                        │success_once=0.125                     │                                      │
│                                                                                                                      │
├─────────────────────────────────────────────────── Replay Buffer ────────────────────────────────────────────────────┤
│                                                                                                                      │
│cache_size=1.58e+04                    │num_trajectories=1.58e+04              │total_samples=1.58e+04                │
│                                                                                                                      │
├─────────────────────────────────────────────────── Training/Actor ───────────────────────────────────────────────────┤
│                                                                                                                      │
│actor/action_ref_abs_mean=0.044        │actor/actor_weight_in_warmup=0.0000    │actor/actor_weight_ramp_progress=0.772│
│actor/actor_weight_schedule_enabled=1.…│actor/bc_human_loss=0.0000             │actor/bc_loss=0.0091                  │
│actor/bc_ref_loss=0.0091               │actor/bc_unweighted_loss=0.0091        │actor/bc_weight=3.524                 │
│actor/entropy=-671.4                   │actor/grad_norm=2.580                  │actor/human_mask_ratio=0.0000         │
│actor/lr=1.00e-04                      │actor/policy_mask_ratio=1.000          │actor/q_pi=0.069                      │
│actor/q_value_0=0.069                  │actor/q_value_1=0.064                  │actor/q_weight=0.359                  │
│actor/reference_dropout_prob=0.500     │actor/rlt_dvac/enabled=0.0000          │actor/rlt_dvac_bc/executed_target_rat…│
│actor/rlt_dvac_bc/success_action_count…│actor/rlt_dvac_bc/success_executed_ref…│actor/rlt_dvac_bc/success_query_count…│
│actor/rlt_dvac_bc/success_unweighted_l…│actor/rlt_dvac_bc/success_weight_ess_r…│actor/rlt_dvac_bc/success_weight_mean…│
│actor/rlt_dvac_bc/success_weighted_los…│actor/weighted_bc=0.032                │actor/weighted_q=0.025                │
│                                                                                                                      │
├────────────────────────────────────────────────── Training/Critic ───────────────────────────────────────────────────┤
│                                                                                                                      │
│critic/grad_norm=0.241                 │critic/lr=1.00e-04                     │critic/q_data=0.061                   │
│                                                                                                                      │
├─────────────────────────────────────────────────── Training/Other ───────────────────────────────────────────────────┤
│                                                                                                                      │
│alpha/grad_norm=0.0000                 │replay/actor_switch_rate=1.000         │replay/done_rate=0.052                │
│replay/intervention_rate=0.0000        │replay/intervention_requested_rate=0.0…│replay/record_transition_rate=1.000   │
│replay/reward_mean=0.0065              │replay/reward_positive_rate=0.0065     │replay/transition_count=154.0         │
│rlt/actor_updates_run=385.0            │rlt/critic_updates_run=770.0           │rlt/desired_total_updates=5.90e+04    │
│rlt/global_min_replay_size=1.58e+04    │rlt/global_total_transitions_added=1.5…│rlt/global_transitions_since_train=15…│
│rlt/max_updates_per_train_step=1600.0  │rlt/min_replay_buffer_size=10000.0     │rlt/pending_update_budget=0.0000      │
│rlt/ready_for_online=1.000             │rlt/should_train=1.000                 │rlt/skip_reason=0.0000                │
│rlt/train_every_episodes=0.0000        │rlt/train_every_transitions=1.000      │rlt/update_epoch=5.000                │
│rlt/update_step=5.82e+04               │rlt/updates_scheduled=770.0            │rlt/updates_to_run=770.0              │
│rlt/warmup_required_updates=3.00e+04   │rlt_dvac/enabled=0.0000                │sac/actor_loss=0.0074                 │
│sac/alpha=0.0000                       │sac/alpha_loss=0.0000                  │sac/critic_loss=5.66e-04              │
│                                                                                                                      │
╰──────────────────────────────────────────────────────────────────────────────────────────────────────────────────────╯


╭──────────────────────────────────────────────────────────────────────────────────────────────────────────────────────╮
├──────────────────────────────────────────────────── Metric Table ────────────────────────────────────────────────────┤
│ Global Step:  106/480 │ Progress: ████████░░░░░░░░░░░░░░░░░░░░░░░░░░░░░░░░ │  22.1%                                  │
│ Elapsed: 09:08:51 │ ETA: 32:16:33 │ Step Time: 310.679s                                                              │
├──────────────────────────────────────────────────────── Time ────────────────────────────────────────────────────────┤
│                                                                                                                      │
│actor/actor/compute_adv=1.02e-05       │actor/actor/recv_traj=232.8            │actor/actor/sync_model_to_rollout=0.0…│
│actor/forward_actor=13.824             │actor/forward_critic=25.200            │actor/sample=12.406                   │
│actor/update_one_epoch=91.168          │cal_adv_and_returns=0.0026             │env/compute_bootstrap_rewards=0.0016  │
│env/env/bootstrap_step=60.823          │env/env/send_rollout_trajectories=0.485│env/env_interact_step=162.2           │
│env/interact=232.7                     │env/run_interact_once=232.2            │generate_rollouts=232.9               │
│rollout/generate_one_epoch=231.6       │rollout/rollout/generate=231.6         │step=324.5                            │
│sync_weights=0.413                     │                                       │                                      │
│                                                                                                                      │
├──────────────────────────────────────────────────── Environment ─────────────────────────────────────────────────────┤
│                                                                                                                      │
│episode_len=200.0                      │num_trajectories=8                     │return=0.625                          │
│reward=0.003125                        │success_once=0.125                     │                                      │
│                                                                                                                      │
├─────────────────────────────────────────────────── Replay Buffer ────────────────────────────────────────────────────┤
│                                                                                                                      │
│cache_size=1.60e+04                    │num_trajectories=1.60e+04              │total_samples=1.60e+04                │
│                                                                                                                      │
├─────────────────────────────────────────────────── Training/Actor ───────────────────────────────────────────────────┤
│                                                                                                                      │
│actor/action_ref_abs_mean=0.045        │actor/actor_weight_in_warmup=0.0000    │actor/actor_weight_ramp_progress=0.788│
│actor/actor_weight_schedule_enabled=1.…│actor/bc_human_loss=0.0000             │actor/bc_loss=0.0092                  │
│actor/bc_ref_loss=0.0092               │actor/bc_unweighted_loss=0.0092        │actor/bc_weight=3.454                 │
│actor/entropy=-671.4                   │actor/grad_norm=2.632                  │actor/human_mask_ratio=0.0000         │
│actor/lr=1.00e-04                      │actor/policy_mask_ratio=1.000          │actor/q_pi=0.068                      │
│actor/q_value_0=0.068                  │actor/q_value_1=0.064                  │actor/q_weight=0.365                  │
│actor/reference_dropout_prob=0.500     │actor/rlt_dvac/enabled=0.0000          │actor/rlt_dvac_bc/executed_target_rat…│
│actor/rlt_dvac_bc/success_action_count…│actor/rlt_dvac_bc/success_executed_ref…│actor/rlt_dvac_bc/success_query_count…│
│actor/rlt_dvac_bc/success_unweighted_l…│actor/rlt_dvac_bc/success_weight_ess_r…│actor/rlt_dvac_bc/success_weight_mean…│
│actor/rlt_dvac_bc/success_weighted_los…│actor/weighted_bc=0.032                │actor/weighted_q=0.025                │
│                                                                                                                      │
├────────────────────────────────────────────────── Training/Critic ───────────────────────────────────────────────────┤
│                                                                                                                      │
│critic/grad_norm=0.256                 │critic/lr=1.00e-04                     │critic/q_data=0.060                   │
│                                                                                                                      │
├─────────────────────────────────────────────────── Training/Other ───────────────────────────────────────────────────┤
│                                                                                                                      │
│alpha/grad_norm=0.0000                 │replay/actor_switch_rate=1.000         │replay/done_rate=0.051                │
│replay/intervention_rate=0.0000        │replay/intervention_requested_rate=0.0…│replay/record_transition_rate=1.000   │
│replay/reward_mean=0.0064              │replay/reward_positive_rate=0.0064     │replay/transition_count=156.0         │
│rlt/actor_updates_run=390.0            │rlt/critic_updates_run=780.0           │rlt/desired_total_updates=5.98e+04    │
│rlt/global_min_replay_size=1.60e+04    │rlt/global_total_transitions_added=1.6…│rlt/global_transitions_since_train=15…│
│rlt/max_updates_per_train_step=1600.0  │rlt/min_replay_buffer_size=10000.0     │rlt/pending_update_budget=0.0000      │
│rlt/ready_for_online=1.000             │rlt/should_train=1.000                 │rlt/skip_reason=0.0000                │
│rlt/train_every_episodes=0.0000        │rlt/train_every_transitions=1.000      │rlt/update_epoch=5.000                │
│rlt/update_step=5.90e+04               │rlt/updates_scheduled=780.0            │rlt/updates_to_run=780.0              │
│rlt/warmup_required_updates=3.00e+04   │rlt_dvac/enabled=0.0000                │sac/actor_loss=0.0069                 │
│sac/alpha=0.0000                       │sac/alpha_loss=0.0000                  │sac/critic_loss=5.29e-04              │
│                                                                                                                      │
╰──────────────────────────────────────────────────────────────────────────────────────────────────────────────────────╯


╭──────────────────────────────────────────────────────────────────────────────────────────────────────────────────────╮
├──────────────────────────────────────────────────── Metric Table ────────────────────────────────────────────────────┤
│ Global Step:  107/480 │ Progress: ████████░░░░░░░░░░░░░░░░░░░░░░░░░░░░░░░░ │  22.3%                                  │
│ Elapsed: 09:14:09 │ ETA: 32:11:47 │ Step Time: 310.743s                                                              │
├──────────────────────────────────────────────────────── Time ────────────────────────────────────────────────────────┤
│                                                                                                                      │
│actor/actor/compute_adv=3.36e-05       │actor/actor/recv_traj=226.3            │actor/actor/sync_model_to_rollout=0.0…│
│actor/forward_actor=13.700             │actor/forward_critic=24.851            │actor/sample=12.242                   │
│actor/update_one_epoch=90.590          │cal_adv_and_returns=0.0026             │env/compute_bootstrap_rewards=0.0017  │
│env/env/bootstrap_step=59.698          │env/env/send_rollout_trajectories=0.483│env/env_interact_step=157.0           │
│env/interact=226.2                     │env/run_interact_once=225.6            │generate_rollouts=226.4               │
│rollout/generate_one_epoch=225.1       │rollout/rollout/generate=225.1         │step=317.5                            │
│sync_weights=0.527                     │                                       │                                      │
│                                                                                                                      │
├──────────────────────────────────────────────────── Environment ─────────────────────────────────────────────────────┤
│                                                                                                                      │
│episode_len=200.0                      │num_trajectories=8                     │return=0.875                          │
│reward=0.004375                        │success_once=0.125                     │                                      │
│                                                                                                                      │
├─────────────────────────────────────────────────── Replay Buffer ────────────────────────────────────────────────────┤
│                                                                                                                      │
│cache_size=1.61e+04                    │num_trajectories=1.61e+04              │total_samples=1.61e+04                │
│                                                                                                                      │
├─────────────────────────────────────────────────── Training/Actor ───────────────────────────────────────────────────┤
│                                                                                                                      │
│actor/action_ref_abs_mean=0.045        │actor/actor_weight_in_warmup=0.0000    │actor/actor_weight_ramp_progress=0.803│
│actor/actor_weight_schedule_enabled=1.…│actor/bc_human_loss=0.0000             │actor/bc_loss=0.0091                  │
│actor/bc_ref_loss=0.0091               │actor/bc_unweighted_loss=0.0091        │actor/bc_weight=3.384                 │
│actor/entropy=-671.4                   │actor/grad_norm=2.671                  │actor/human_mask_ratio=0.0000         │
│actor/lr=1.00e-04                      │actor/policy_mask_ratio=1.000          │actor/q_pi=0.069                      │
│actor/q_value_0=0.069                  │actor/q_value_1=0.064                  │actor/q_weight=0.371                  │
│actor/reference_dropout_prob=0.500     │actor/rlt_dvac/enabled=0.0000          │actor/rlt_dvac_bc/executed_target_rat…│
│actor/rlt_dvac_bc/success_action_count…│actor/rlt_dvac_bc/success_executed_ref…│actor/rlt_dvac_bc/success_query_count…│
│actor/rlt_dvac_bc/success_unweighted_l…│actor/rlt_dvac_bc/success_weight_ess_r…│actor/rlt_dvac_bc/success_weight_mean…│
│actor/rlt_dvac_bc/success_weighted_los…│actor/weighted_bc=0.031                │actor/weighted_q=0.025                │
│                                                                                                                      │
├────────────────────────────────────────────────── Training/Critic ───────────────────────────────────────────────────┤
│                                                                                                                      │
│critic/grad_norm=0.219                 │critic/lr=1.00e-04                     │critic/q_data=0.060                   │
│                                                                                                                      │
├─────────────────────────────────────────────────── Training/Other ───────────────────────────────────────────────────┤
│                                                                                                                      │
│alpha/grad_norm=0.0000                 │replay/actor_switch_rate=1.000         │replay/done_rate=0.052                │
│replay/intervention_rate=0.0000        │replay/intervention_requested_rate=0.0…│replay/record_transition_rate=1.000   │
│replay/reward_mean=0.0065              │replay/reward_positive_rate=0.0065     │replay/transition_count=154.0         │
│rlt/actor_updates_run=385.0            │rlt/critic_updates_run=770.0           │rlt/desired_total_updates=6.06e+04    │
│rlt/global_min_replay_size=1.61e+04    │rlt/global_total_transitions_added=1.6…│rlt/global_transitions_since_train=15…│
│rlt/max_updates_per_train_step=1600.0  │rlt/min_replay_buffer_size=10000.0     │rlt/pending_update_budget=0.0000      │
│rlt/ready_for_online=1.000             │rlt/should_train=1.000                 │rlt/skip_reason=0.0000                │
│rlt/train_every_episodes=0.0000        │rlt/train_every_transitions=1.000      │rlt/update_epoch=5.000                │
│rlt/update_step=5.98e+04               │rlt/updates_scheduled=770.0            │rlt/updates_to_run=770.0              │
│rlt/warmup_required_updates=3.00e+04   │rlt_dvac/enabled=0.0000                │sac/actor_loss=0.0055                 │
│sac/alpha=0.0000                       │sac/alpha_loss=0.0000                  │sac/critic_loss=5.27e-04              │
│                                                                                                                      │
╰──────────────────────────────────────────────────────────────────────────────────────────────────────────────────────╯


╭──────────────────────────────────────────────────────────────────────────────────────────────────────────────────────╮
├──────────────────────────────────────────────────── Metric Table ────────────────────────────────────────────────────┤
│ Global Step:  108/480 │ Progress: █████████░░░░░░░░░░░░░░░░░░░░░░░░░░░░░░░ │  22.5%                                  │
│ Elapsed: 09:19:24 │ ETA: 32:06:50 │ Step Time: 310.782s                                                              │
├──────────────────────────────────────────────────────── Time ────────────────────────────────────────────────────────┤
│                                                                                                                      │
│actor/actor/compute_adv=9.45e-06       │actor/actor/recv_traj=223.3            │actor/actor/sync_model_to_rollout=0.0…│
│actor/forward_actor=13.807             │actor/forward_critic=25.038            │actor/sample=12.262                   │
│actor/update_one_epoch=91.050          │cal_adv_and_returns=0.0031             │env/compute_bootstrap_rewards=0.0015  │
│env/env/bootstrap_step=58.952          │env/env/send_rollout_trajectories=0.485│env/env_interact_step=154.7           │
│env/interact=223.2                     │env/run_interact_once=222.7            │generate_rollouts=223.4               │
│rollout/generate_one_epoch=222.2       │rollout/rollout/generate=222.2         │step=314.9                            │
│sync_weights=0.442                     │                                       │                                      │
│                                                                                                                      │
├──────────────────────────────────────────────────── Environment ─────────────────────────────────────────────────────┤
│                                                                                                                      │
│episode_len=200.0                      │num_trajectories=8                     │return=0.75                           │
│reward=0.00375                         │success_once=0.125                     │                                      │
│                                                                                                                      │
├─────────────────────────────────────────────────── Replay Buffer ────────────────────────────────────────────────────┤
│                                                                                                                      │
│cache_size=1.63e+04                    │num_trajectories=1.63e+04              │total_samples=1.63e+04                │
│                                                                                                                      │
├─────────────────────────────────────────────────── Training/Actor ───────────────────────────────────────────────────┤
│                                                                                                                      │
│actor/action_ref_abs_mean=0.045        │actor/actor_weight_in_warmup=0.0000    │actor/actor_weight_ramp_progress=0.819│
│actor/actor_weight_schedule_enabled=1.…│actor/bc_human_loss=0.0000             │actor/bc_loss=0.0091                  │
│actor/bc_ref_loss=0.0091               │actor/bc_unweighted_loss=0.0091        │actor/bc_weight=3.315                 │
│actor/entropy=-671.4                   │actor/grad_norm=2.737                  │actor/human_mask_ratio=0.0000         │
│actor/lr=1.00e-04                      │actor/policy_mask_ratio=1.000          │actor/q_pi=0.066                      │
│actor/q_value_0=0.066                  │actor/q_value_1=0.062                  │actor/q_weight=0.378                  │
│actor/reference_dropout_prob=0.500     │actor/rlt_dvac/enabled=0.0000          │actor/rlt_dvac_bc/executed_target_rat…│
│actor/rlt_dvac_bc/success_action_count…│actor/rlt_dvac_bc/success_executed_ref…│actor/rlt_dvac_bc/success_query_count…│
│actor/rlt_dvac_bc/success_unweighted_l…│actor/rlt_dvac_bc/success_weight_ess_r…│actor/rlt_dvac_bc/success_weight_mean…│
│actor/rlt_dvac_bc/success_weighted_los…│actor/weighted_bc=0.030                │actor/weighted_q=0.025                │
│                                                                                                                      │
├────────────────────────────────────────────────── Training/Critic ───────────────────────────────────────────────────┤
│                                                                                                                      │
│critic/grad_norm=0.219                 │critic/lr=1.00e-04                     │critic/q_data=0.059                   │
│                                                                                                                      │
├─────────────────────────────────────────────────── Training/Other ───────────────────────────────────────────────────┤
│                                                                                                                      │
│alpha/grad_norm=0.0000                 │replay/actor_switch_rate=1.000         │replay/done_rate=0.052                │
│replay/intervention_rate=0.0000        │replay/intervention_requested_rate=0.0…│replay/record_transition_rate=1.000   │
│replay/reward_mean=0.0065              │replay/reward_positive_rate=0.0065     │replay/transition_count=155.0         │
│rlt/actor_updates_run=388.0            │rlt/critic_updates_run=775.0           │rlt/desired_total_updates=6.13e+04    │
│rlt/global_min_replay_size=1.63e+04    │rlt/global_total_transitions_added=1.6…│rlt/global_transitions_since_train=15…│
│rlt/max_updates_per_train_step=1600.0  │rlt/min_replay_buffer_size=10000.0     │rlt/pending_update_budget=0.0000      │
│rlt/ready_for_online=1.000             │rlt/should_train=1.000                 │rlt/skip_reason=0.0000                │
│rlt/train_every_episodes=0.0000        │rlt/train_every_transitions=1.000      │rlt/update_epoch=5.000                │
│rlt/update_step=6.06e+04               │rlt/updates_scheduled=775.0            │rlt/updates_to_run=775.0              │
│rlt/warmup_required_updates=3.00e+04   │rlt_dvac/enabled=0.0000                │sac/actor_loss=0.0051                 │
│sac/alpha=0.0000                       │sac/alpha_loss=0.0000                  │sac/critic_loss=5.34e-04              │
│                                                                                                                      │
╰──────────────────────────────────────────────────────────────────────────────────────────────────────────────────────╯


╭──────────────────────────────────────────────────────────────────────────────────────────────────────────────────────╮
├──────────────────────────────────────────────────── Metric Table ────────────────────────────────────────────────────┤
│ Global Step:  109/480 │ Progress: █████████░░░░░░░░░░░░░░░░░░░░░░░░░░░░░░░ │  22.7%                                  │
│ Elapsed: 09:24:39 │ ETA: 32:01:54 │ Step Time: 310.820s                                                              │
├──────────────────────────────────────────────────────── Time ────────────────────────────────────────────────────────┤
│                                                                                                                      │
│actor/actor/compute_adv=2.88e-05       │actor/actor/recv_traj=226.6            │actor/actor/sync_model_to_rollout=0.0…│
│actor/forward_actor=13.273             │actor/forward_critic=24.271            │actor/sample=12.230                   │
│actor/update_one_epoch=87.508          │cal_adv_and_returns=0.0036             │env/compute_bootstrap_rewards=0.0016  │
│env/env/bootstrap_step=58.517          │env/env/send_rollout_trajectories=0.479│env/env_interact_step=158.4           │
│env/interact=226.6                     │env/run_interact_once=226.0            │generate_rollouts=226.7               │
│rollout/generate_one_epoch=225.5       │rollout/rollout/generate=225.5         │step=314.8                            │
│sync_weights=0.537                     │                                       │                                      │
│                                                                                                                      │
├──────────────────────────────────────────────────── Environment ─────────────────────────────────────────────────────┤
│                                                                                                                      │
│episode_len=200.0                      │num_trajectories=8                     │return=0.75                           │
│reward=0.00375                         │success_once=0.125                     │                                      │
│                                                                                                                      │
├─────────────────────────────────────────────────── Replay Buffer ────────────────────────────────────────────────────┤
│                                                                                                                      │
│cache_size=1.64e+04                    │num_trajectories=1.64e+04              │total_samples=1.64e+04                │
│                                                                                                                      │
├─────────────────────────────────────────────────── Training/Actor ───────────────────────────────────────────────────┤
│                                                                                                                      │
│actor/action_ref_abs_mean=0.045        │actor/actor_weight_in_warmup=0.0000    │actor/actor_weight_ramp_progress=0.834│
│actor/actor_weight_schedule_enabled=1.…│actor/bc_human_loss=0.0000             │actor/bc_loss=0.0091                  │
│actor/bc_ref_loss=0.0091               │actor/bc_unweighted_loss=0.0091        │actor/bc_weight=3.245                 │
│actor/entropy=-671.4                   │actor/grad_norm=2.789                  │actor/human_mask_ratio=0.0000         │
│actor/lr=1.00e-04                      │actor/policy_mask_ratio=1.000          │actor/q_pi=0.065                      │
│actor/q_value_0=0.065                  │actor/q_value_1=0.061                  │actor/q_weight=0.384                  │
│actor/reference_dropout_prob=0.500     │actor/rlt_dvac/enabled=0.0000          │actor/rlt_dvac_bc/executed_target_rat…│
│actor/rlt_dvac_bc/success_action_count…│actor/rlt_dvac_bc/success_executed_ref…│actor/rlt_dvac_bc/success_query_count…│
│actor/rlt_dvac_bc/success_unweighted_l…│actor/rlt_dvac_bc/success_weight_ess_r…│actor/rlt_dvac_bc/success_weight_mean…│
│actor/rlt_dvac_bc/success_weighted_los…│actor/weighted_bc=0.030                │actor/weighted_q=0.025                │
│                                                                                                                      │
├────────────────────────────────────────────────── Training/Critic ───────────────────────────────────────────────────┤
│                                                                                                                      │
│critic/grad_norm=0.203                 │critic/lr=1.00e-04                     │critic/q_data=0.058                   │
│                                                                                                                      │
├─────────────────────────────────────────────────── Training/Other ───────────────────────────────────────────────────┤
│                                                                                                                      │
│alpha/grad_norm=0.0000                 │replay/actor_switch_rate=1.000         │replay/done_rate=0.052                │
│replay/intervention_rate=0.0000        │replay/intervention_requested_rate=0.0…│replay/record_transition_rate=1.000   │
│replay/reward_mean=0.0065              │replay/reward_positive_rate=0.0065     │replay/transition_count=155.0         │
│rlt/actor_updates_run=387.0            │rlt/critic_updates_run=775.0           │rlt/desired_total_updates=6.21e+04    │
│rlt/global_min_replay_size=1.64e+04    │rlt/global_total_transitions_added=1.6…│rlt/global_transitions_since_train=15…│
│rlt/max_updates_per_train_step=1600.0  │rlt/min_replay_buffer_size=10000.0     │rlt/pending_update_budget=0.0000      │
│rlt/ready_for_online=1.000             │rlt/should_train=1.000                 │rlt/skip_reason=0.0000                │
│rlt/train_every_episodes=0.0000        │rlt/train_every_transitions=1.000      │rlt/update_epoch=5.000                │
│rlt/update_step=6.13e+04               │rlt/updates_scheduled=775.0            │rlt/updates_to_run=775.0              │
│rlt/warmup_required_updates=3.00e+04   │rlt_dvac/enabled=0.0000                │sac/actor_loss=0.0046                 │
│sac/alpha=0.0000                       │sac/alpha_loss=0.0000                  │sac/critic_loss=4.45e-04              │
│                                                                                                                      │
╰──────────────────────────────────────────────────────────────────────────────────────────────────────────────────────╯


╭──────────────────────────────────────────────────────────────────────────────────────────────────────────────────────╮
├──────────────────────────────────────────────────── Metric Table ────────────────────────────────────────────────────┤
│ Global Step:  110/480 │ Progress: █████████░░░░░░░░░░░░░░░░░░░░░░░░░░░░░░░ │  22.9%                                  │
│ Elapsed: 09:29:42 │ ETA: 31:56:18 │ Step Time: 310.753s                                                              │
├──────────────────────────────────────────────────────── Time ────────────────────────────────────────────────────────┤
│                                                                                                                      │
│actor/actor/compute_adv=9.75e-06       │actor/actor/recv_traj=217.1            │actor/actor/sync_model_to_rollout=0.0…│
│actor/forward_actor=13.042             │actor/forward_critic=23.626            │actor/sample=11.685                   │
│actor/update_one_epoch=85.795          │cal_adv_and_returns=0.0028             │env/compute_bootstrap_rewards=0.0015  │
│env/env/bootstrap_step=57.715          │env/env/send_rollout_trajectories=0.475│env/env_interact_step=149.8           │
│env/interact=217.0                     │env/run_interact_once=216.4            │generate_rollouts=217.1               │
│rollout/generate_one_epoch=215.9       │rollout/rollout/generate=215.9         │step=303.4                            │
│sync_weights=0.429                     │                                       │                                      │
│                                                                                                                      │
├──────────────────────────────────────────────────── Environment ─────────────────────────────────────────────────────┤
│                                                                                                                      │
│episode_len=200.0                      │num_trajectories=8                     │return=2.0                            │
│reward=0.01                            │success_once=0.25                      │                                      │
│                                                                                                                      │
├─────────────────────────────────────────────────── Replay Buffer ────────────────────────────────────────────────────┤
│                                                                                                                      │
│cache_size=1.66e+04                    │num_trajectories=1.66e+04              │total_samples=1.66e+04                │
│                                                                                                                      │
├─────────────────────────────────────────────────── Training/Actor ───────────────────────────────────────────────────┤
│                                                                                                                      │
│actor/action_ref_abs_mean=0.045        │actor/actor_weight_in_warmup=0.0000    │actor/actor_weight_ramp_progress=0.850│
│actor/actor_weight_schedule_enabled=1.…│actor/bc_human_loss=0.0000             │actor/bc_loss=0.0092                  │
│actor/bc_ref_loss=0.0092               │actor/bc_unweighted_loss=0.0092        │actor/bc_weight=3.177                 │
│actor/entropy=-671.4                   │actor/grad_norm=2.838                  │actor/human_mask_ratio=0.0000         │
│actor/lr=1.00e-04                      │actor/policy_mask_ratio=1.000          │actor/q_pi=0.064                      │
│actor/q_value_0=0.064                  │actor/q_value_1=0.060                  │actor/q_weight=0.390                  │
│actor/reference_dropout_prob=0.500     │actor/rlt_dvac/enabled=0.0000          │actor/rlt_dvac_bc/executed_target_rat…│
│actor/rlt_dvac_bc/success_action_count…│actor/rlt_dvac_bc/success_executed_ref…│actor/rlt_dvac_bc/success_query_count…│
│actor/rlt_dvac_bc/success_unweighted_l…│actor/rlt_dvac_bc/success_weight_ess_r…│actor/rlt_dvac_bc/success_weight_mean…│
│actor/rlt_dvac_bc/success_weighted_los…│actor/weighted_bc=0.029                │actor/weighted_q=0.025                │
│                                                                                                                      │
├────────────────────────────────────────────────── Training/Critic ───────────────────────────────────────────────────┤
│                                                                                                                      │
│critic/grad_norm=0.218                 │critic/lr=1.00e-04                     │critic/q_data=0.057                   │
│                                                                                                                      │
├─────────────────────────────────────────────────── Training/Other ───────────────────────────────────────────────────┤
│                                                                                                                      │
│alpha/grad_norm=0.0000                 │replay/actor_switch_rate=1.000         │replay/done_rate=0.055                │
│replay/intervention_rate=0.0000        │replay/intervention_requested_rate=0.0…│replay/record_transition_rate=1.000   │
│replay/reward_mean=0.014               │replay/reward_positive_rate=0.014      │replay/transition_count=146.0         │
│rlt/actor_updates_run=365.0            │rlt/critic_updates_run=730.0           │rlt/desired_total_updates=6.28e+04    │
│rlt/global_min_replay_size=1.66e+04    │rlt/global_total_transitions_added=1.6…│rlt/global_transitions_since_train=14…│
│rlt/max_updates_per_train_step=1600.0  │rlt/min_replay_buffer_size=10000.0     │rlt/pending_update_budget=0.0000      │
│rlt/ready_for_online=1.000             │rlt/should_train=1.000                 │rlt/skip_reason=0.0000                │
│rlt/train_every_episodes=0.0000        │rlt/train_every_transitions=1.000      │rlt/update_epoch=5.000                │
│rlt/update_step=6.21e+04               │rlt/updates_scheduled=730.0            │rlt/updates_to_run=730.0              │
│rlt/warmup_required_updates=3.00e+04   │rlt_dvac/enabled=0.0000                │sac/actor_loss=0.0043                 │
│sac/alpha=0.0000                       │sac/alpha_loss=0.0000                  │sac/critic_loss=4.29e-04              │
│                                                                                                                      │
╰──────────────────────────────────────────────────────────────────────────────────────────────────────────────────────╯


╭──────────────────────────────────────────────────────────────────────────────────────────────────────────────────────╮
├──────────────────────────────────────────────────── Metric Table ────────────────────────────────────────────────────┤
│ Global Step:  111/480 │ Progress: █████████░░░░░░░░░░░░░░░░░░░░░░░░░░░░░░░ │  23.1%                                  │
│ Elapsed: 09:34:20 │ ETA: 31:49:18 │ Step Time: 310.458s                                                              │
├──────────────────────────────────────────────────────── Time ────────────────────────────────────────────────────────┤
│                                                                                                                      │
│actor/actor/compute_adv=8.63e-06       │actor/actor/recv_traj=203.1            │actor/actor/sync_model_to_rollout=0.0…│
│actor/forward_actor=10.867             │actor/forward_critic=19.535            │actor/sample=11.748                   │
│actor/update_one_epoch=74.218          │cal_adv_and_returns=0.0029             │env/compute_bootstrap_rewards=0.0016  │
│env/env/bootstrap_step=58.639          │env/env/send_rollout_trajectories=0.482│env/env_interact_step=134.9           │
│env/interact=203.1                     │env/run_interact_once=202.6            │generate_rollouts=203.2               │
│rollout/generate_one_epoch=202.0       │rollout/rollout/generate=202.0         │step=278.0                            │
│sync_weights=0.533                     │                                       │                                      │
│                                                                                                                      │
├──────────────────────────────────────────────────── Environment ─────────────────────────────────────────────────────┤
│                                                                                                                      │
│episode_len=200.0                      │num_trajectories=8                     │return=4.875                          │
│reward=0.024375                        │success_once=0.625                     │                                      │
│                                                                                                                      │
├─────────────────────────────────────────────────── Replay Buffer ────────────────────────────────────────────────────┤
│                                                                                                                      │
│cache_size=1.67e+04                    │num_trajectories=1.67e+04              │total_samples=1.67e+04                │
│                                                                                                                      │
├─────────────────────────────────────────────────── Training/Actor ───────────────────────────────────────────────────┤
│                                                                                                                      │
│actor/action_ref_abs_mean=0.046        │actor/actor_weight_in_warmup=0.0000    │actor/actor_weight_ramp_progress=0.863│
│actor/actor_weight_schedule_enabled=1.…│actor/bc_human_loss=0.0000             │actor/bc_loss=0.0092                  │
│actor/bc_ref_loss=0.0092               │actor/bc_unweighted_loss=0.0092        │actor/bc_weight=3.116                 │
│actor/entropy=-671.4                   │actor/grad_norm=2.873                  │actor/human_mask_ratio=0.0000         │
│actor/lr=1.00e-04                      │actor/policy_mask_ratio=1.000          │actor/q_pi=0.065                      │
│actor/q_value_0=0.065                  │actor/q_value_1=0.060                  │actor/q_weight=0.395                  │
│actor/reference_dropout_prob=0.500     │actor/rlt_dvac/enabled=0.0000          │actor/rlt_dvac_bc/executed_target_rat…│
│actor/rlt_dvac_bc/success_action_count…│actor/rlt_dvac_bc/success_executed_ref…│actor/rlt_dvac_bc/success_query_count…│
│actor/rlt_dvac_bc/success_unweighted_l…│actor/rlt_dvac_bc/success_weight_ess_r…│actor/rlt_dvac_bc/success_weight_mean…│
│actor/rlt_dvac_bc/success_weighted_los…│actor/weighted_bc=0.029                │actor/weighted_q=0.026                │
│                                                                                                                      │
├────────────────────────────────────────────────── Training/Critic ───────────────────────────────────────────────────┤
│                                                                                                                      │
│critic/grad_norm=0.214                 │critic/lr=1.00e-04                     │critic/q_data=0.057                   │
│                                                                                                                      │
├─────────────────────────────────────────────────── Training/Other ───────────────────────────────────────────────────┤
│                                                                                                                      │
│alpha/grad_norm=0.0000                 │replay/actor_switch_rate=1.000         │replay/done_rate=0.063                │
│replay/intervention_rate=0.0000        │replay/intervention_requested_rate=0.0…│replay/record_transition_rate=1.000   │
│replay/reward_mean=0.040               │replay/reward_positive_rate=0.040      │replay/transition_count=126.0         │
│rlt/actor_updates_run=315.0            │rlt/critic_updates_run=630.0           │rlt/desired_total_updates=6.35e+04    │
│rlt/global_min_replay_size=1.67e+04    │rlt/global_total_transitions_added=1.6…│rlt/global_transitions_since_train=12…│
│rlt/max_updates_per_train_step=1600.0  │rlt/min_replay_buffer_size=10000.0     │rlt/pending_update_budget=0.0000      │
│rlt/ready_for_online=1.000             │rlt/should_train=1.000                 │rlt/skip_reason=0.0000                │
│rlt/train_every_episodes=0.0000        │rlt/train_every_transitions=1.000      │rlt/update_epoch=5.000                │
│rlt/update_step=6.28e+04               │rlt/updates_scheduled=630.0            │rlt/updates_to_run=630.0              │
│rlt/warmup_required_updates=3.00e+04   │rlt_dvac/enabled=0.0000                │sac/actor_loss=0.0031                 │
│sac/alpha=0.0000                       │sac/alpha_loss=0.0000                  │sac/critic_loss=5.46e-04              │
│                                                                                                                      │
╰──────────────────────────────────────────────────────────────────────────────────────────────────────────────────────╯

