tag,round,value,wall_time
env/return,1,0.25,1790093952.9649787
env/return,2,0.625,1790094252.738843
env/return,3,0.375,1790094547.5968225
env/return,4,0.625,1790094841.3355246
env/return,5,0.625,1790095406.6653922
env/return,6,0.25,1790095700.0629663
env/return,7,0.625,1790095995.7610695
env/return,8,0.5,1790096287.9793212
env/return,9,0.625,1790096585.3264909
env/return,10,0.625,1790097154.784996
env/return,11,0.625,1790097447.5251575
env/return,12,0.75,1790097742.1549015
env/return,13,0.75,1790098035.167594
env/return,14,0.125,1790098330.3446174
env/return,15,0.625,1790098897.6582375
env/return,16,0.625,1790099190.3856502
env/return,17,0.5,1790099486.9288268
env/return,18,0.5,1790099780.7566125
env/return,19,0.625,1790100077.156801
env/return,20,0.625,1790100642.107957
env/return,21,0.5,1790100932.7104208
env/return,22,0.25,1790101229.3366556
env/return,23,0.375,1790101523.6736996
env/return,24,0.5,1790101815.8587985
env/return,25,0.5,1790102382.610277
env/return,26,0.5,1790102675.0060825
env/return,27,0.875,1790102969.9429977
env/return,28,0.75,1790103263.8607452
env/return,29,0.875,1790103558.2204933
env/return,30,0.5,1790104122.918631
env/return,31,0.75,1790104413.2864976
env/return,32,0.375,1790104710.0667684
env/return,33,0.75,1790105005.1839302
env/return,34,0.875,1790105300.2972097
env/return,35,0.625,1790105865.3373468
env/return,36,0.75,1790106156.0920737
env/return,37,0.5,1790106452.1601548
env/return,38,0.75,1790106746.4852982
env/return,39,0.875,1790107039.340267
env/return,40,0.375,1790107604.3074985
env/return,41,0.875,1790107895.8648884
env/return,42,0.75,1790108190.5840251
env/return,43,0.625,1790108487.2412667
env/return,44,0.75,1790108782.292187
env/return,45,0.625,1790109350.1959708
env/return,46,0.875,1790109642.5677443
env/return,47,0.5,1790109941.816375
env/return,48,1.0,1790110240.616495
env/return,49,0.625,1790110537.8634102
env/return,50,0.75,1790111140.7807174
env/return,51,0.75,1790111434.7870367
env/return,52,1.0,1790111728.8359826
env/return,53,0.875,1790112023.794616
env/return,54,0.75,1790112318.585734
env/return,55,0.625,1790112885.3315613
env/return,56,0.5,1790113176.265285
env/return,57,0.5,1790113470.844931
env/return,58,0.625,1790113765.2255855
env/return,59,0.875,1790114059.5889802
env/return,60,0.5,1790114630.7135196
env/return,61,0.75,1790114922.6071072
env/return,62,0.75,1790115217.0668976
env/return,63,0.75,1790115510.3460603
env/return,64,0.625,1790115805.3492446
env/return,65,0.625,1790116371.027141
env/return,66,0.75,1790116663.700153
env/return,67,0.875,1790116959.7747576
env/return,68,0.625,1790117256.966471
env/return,69,0.75,1790117552.7990088
env/return,70,0.875,1790118123.6035433
env/return,71,0.75,1790118416.1335568
env/return,72,0.5,1790118712.8201761
env/return,73,0.875,1790119006.9675677
env/return,74,0.875,1790119301.3919706
env/return,75,0.75,1790119864.6878078
env/return,76,0.75,1790120156.867937
env/return,77,0.75,1790120450.7205448
env/return,78,0.75,1790120743.7937303
env/return,79,0.625,1790121037.4265754
env/return,80,0.625,1790121597.3281343
env/return,81,0.625,1790121891.3215182
env/return,82,0.875,1790122185.5251052
env/return,83,0.5,1790122482.946659
env/return,84,0.75,1790122776.8057382
env/return,85,0.75,1790123339.1597755
env/return,86,0.75,1790123629.8359208
env/return,87,0.5,1790123924.343469
env/return,88,0.875,1790124215.200174
env/return,89,0.625,1790124508.8853505
env/return,90,0.625,1790125070.9201877
env/return,91,1.0,1790125361.793515
env/return,92,0.875,1790125652.334978
env/return,93,0.75,1790125947.2707622
env/return,94,0.75,1790126240.6617737
env/return,95,0.75,1790126798.6775682
env/return,96,0.75,1790127092.0072412
env/return,97,0.75,1790127386.2337804
env/return,98,0.75,1790127680.458966
env/return,99,0.75,1790127974.9159706
env/return,100,0.625,1790128568.9010742
env/return,101,0.625,1790128860.4455326
env/return,102,1.0,1790129153.1425438
env/return,103,0.625,1790129447.0747278
env/return,104,0.875,1790129741.2298713
env/return,105,1.0,1790130304.844271
env/return,106,0.5,1790130597.462148
env/return,107,0.625,1790130891.807639
env/return,108,0.625,1790131185.7793806
env/return,109,0.75,1790131478.1215763
env/return,110,0.5,1790132046.9357579
env/return,111,0.5,1790132340.9177132
env/return,112,1.0,1790132635.906343
env/return,113,0.75,1790132930.5077014
env/return,114,0.625,1790133224.3926065
env/return,115,0.875,1790133790.3995388
env/return,116,0.625,1790134083.286442
env/return,117,0.75,1790134378.7727451
env/return,118,0.75,1790134673.606548
env/return,119,0.75,1790134966.2115633
env/return,120,0.375,1790135528.1890118
env/return,121,0.625,1790135820.1872141
env/return,122,0.625,1790136117.1731942
env/return,123,0.5,1790136412.5723326
env/return,124,0.75,1790136704.9776852
env/return,125,1.0,1790137270.3428257
env/return,126,0.875,1790137562.6569474
env/return,127,1.0,1790137856.9550753
env/episode_len,1,200.0,1790093952.96502
env/episode_len,2,200.0,1790094252.7388964
env/episode_len,3,200.0,1790094547.596884
env/episode_len,4,200.0,1790094841.33558
env/episode_len,5,200.0,1790095406.6654212
env/episode_len,6,200.0,1790095700.0630097
env/episode_len,7,200.0,1790095995.761134
env/episode_len,8,200.0,1790096287.9793775
env/episode_len,9,200.0,1790096585.326545
env/episode_len,10,200.0,1790097154.7850327
env/episode_len,11,200.0,1790097447.5252032
env/episode_len,12,200.0,1790097742.1549573
env/episode_len,13,200.0,1790098035.1676402
env/episode_len,14,200.0,1790098330.3446624
env/episode_len,15,200.0,1790098897.6582692
env/episode_len,16,200.0,1790099190.385699
env/episode_len,17,200.0,1790099486.9288707
env/episode_len,18,200.0,1790099780.7566576
env/episode_len,19,200.0,1790100077.1568525
env/episode_len,20,200.0,1790100642.1079752
env/episode_len,21,200.0,1790100932.7104697
env/episode_len,22,200.0,1790101229.3367267
env/episode_len,23,200.0,1790101523.6737676
env/episode_len,24,200.0,1790101815.8588538
env/episode_len,25,200.0,1790102382.6103013
env/episode_len,26,200.0,1790102675.006128
env/episode_len,27,200.0,1790102969.9430425
env/episode_len,28,200.0,1790103263.8608098
env/episode_len,29,200.0,1790103558.220552
env/episode_len,30,200.0,1790104122.918657
env/episode_len,31,200.0,1790104413.286557
env/episode_len,32,200.0,1790104710.0668147
env/episode_len,33,200.0,1790105005.1839721
env/episode_len,34,200.0,1790105300.2972345
env/episode_len,35,200.0,1790105865.33737
env/episode_len,36,200.0,1790106156.092115
env/episode_len,37,200.0,1790106452.160198
env/episode_len,38,200.0,1790106746.485343
env/episode_len,39,200.0,1790107039.3403249
env/episode_len,40,200.0,1790107604.3075328
env/episode_len,41,200.0,1790107895.8649375
env/episode_len,42,200.0,1790108190.5840657
env/episode_len,43,200.0,1790108487.2413144
env/episode_len,44,200.0,1790108782.2922528
env/episode_len,45,200.0,1790109350.1959941
env/episode_len,46,200.0,1790109642.5677958
env/episode_len,47,200.0,1790109941.8164203
env/episode_len,48,200.0,1790110240.6165469
env/episode_len,49,200.0,1790110537.8634574
env/episode_len,50,200.0,1790111140.7807536
env/episode_len,51,200.0,1790111434.787081
env/episode_len,52,200.0,1790111728.836025
env/episode_len,53,200.0,1790112023.794661
env/episode_len,54,200.0,1790112318.5857852
env/episode_len,55,200.0,1790112885.331586
env/episode_len,56,200.0,1790113176.2653482
env/episode_len,57,200.0,1790113470.8449755
env/episode_len,58,200.0,1790113765.2256315
env/episode_len,59,200.0,1790114059.5890262
env/episode_len,60,200.0,1790114630.7135398
env/episode_len,61,200.0,1790114922.607161
env/episode_len,62,200.0,1790115217.0669444
env/episode_len,63,200.0,1790115510.3461137
env/episode_len,64,200.0,1790115805.3493118
env/episode_len,65,200.0,1790116371.0271666
env/episode_len,66,200.0,1790116663.7002017
env/episode_len,67,200.0,1790116959.7748077
env/episode_len,68,200.0,1790117256.9665275
env/episode_len,69,200.0,1790117552.799051
env/episode_len,70,200.0,1790118123.6035647
env/episode_len,71,200.0,1790118416.1336071
env/episode_len,72,200.0,1790118712.8202267
env/episode_len,73,200.0,1790119006.9676185
env/episode_len,74,200.0,1790119301.3920193
env/episode_len,75,200.0,1790119864.687828
env/episode_len,76,200.0,1790120156.867994
env/episode_len,77,200.0,1790120450.7205887
env/episode_len,78,200.0,1790120743.7937784
env/episode_len,79,200.0,1790121037.426629
env/episode_len,80,200.0,1790121597.328163
env/episode_len,81,200.0,1790121891.3215652
env/episode_len,82,200.0,1790122185.5251381
env/episode_len,83,200.0,1790122482.9467218
env/episode_len,84,200.0,1790122776.8057883
env/episode_len,85,200.0,1790123339.159803
env/episode_len,86,200.0,1790123629.8359704
env/episode_len,87,200.0,1790123924.3435175
env/episode_len,88,200.0,1790124215.2002234
env/episode_len,89,200.0,1790124508.8853962
env/episode_len,90,200.0,1790125070.9202101
env/episode_len,91,200.0,1790125361.7935622
env/episode_len,92,200.0,1790125652.3350196
env/episode_len,93,200.0,1790125947.270804
env/episode_len,94,200.0,1790126240.6618207
env/episode_len,95,200.0,1790126798.6775994
env/episode_len,96,200.0,1790127092.0072951
env/episode_len,97,200.0,1790127386.233808
env/episode_len,98,200.0,1790127680.4590132
env/episode_len,99,200.0,1790127974.9160156
env/episode_len,100,200.0,1790128568.901104
env/episode_len,101,200.0,1790128860.4455776
env/episode_len,102,200.0,1790129153.1426084
env/episode_len,103,200.0,1790129447.0747836
env/episode_len,104,200.0,1790129741.2299476
env/episode_len,105,200.0,1790130304.8443062
env/episode_len,106,200.0,1790130597.4621992
env/episode_len,107,200.0,1790130891.8076677
env/episode_len,108,200.0,1790131185.7794337
env/episode_len,109,200.0,1790131478.1216276
env/episode_len,110,200.0,1790132046.935781
env/episode_len,111,200.0,1790132340.917755
env/episode_len,112,200.0,1790132635.9063945
env/episode_len,113,200.0,1790132930.5077496
env/episode_len,114,200.0,1790133224.3926458
env/episode_len,115,200.0,1790133790.399565
env/episode_len,116,200.0,1790134083.286495
env/episode_len,117,200.0,1790134378.7728148
env/episode_len,118,200.0,1790134673.6065984
env/episode_len,119,200.0,1790134966.2116039
env/episode_len,120,200.0,1790135528.1890473
env/episode_len,121,200.0,1790135820.1872525
env/episode_len,122,200.0,1790136117.1732605
env/episode_len,123,200.0,1790136412.5723681
env/episode_len,124,200.0,1790136704.9777482
env/episode_len,125,200.0,1790137270.3428502
env/episode_len,126,200.0,1790137562.6569939
env/episode_len,127,200.0,1790137856.95511
env/success_once,1,0.25,1790093952.965031
env/success_once,2,0.625,1790094252.7389095
env/success_once,3,0.375,1790094547.5968962
env/success_once,4,0.625,1790094841.3355906
env/success_once,5,0.625,1790095406.6654327
env/success_once,6,0.25,1790095700.0630162
env/success_once,7,0.625,1790095995.7611465
env/success_once,8,0.5,1790096287.9793856
env/success_once,9,0.625,1790096585.3265533
env/success_once,10,0.625,1790097154.7850416
env/success_once,11,0.625,1790097447.5252116
env/success_once,12,0.75,1790097742.1549675
env/success_once,13,0.75,1790098035.1676488
env/success_once,14,0.125,1790098330.344671
env/success_once,15,0.625,1790098897.6582787
env/success_once,16,0.625,1790099190.3857076
env/success_once,17,0.5,1790099486.9288785
env/success_once,18,0.5,1790099780.7566664
env/success_once,19,0.625,1790100077.1568618
env/success_once,20,0.625,1790100642.1079824
env/success_once,21,0.5,1790100932.7104764
env/success_once,22,0.25,1790101229.3367376
env/success_once,23,0.375,1790101523.6737788
env/success_once,24,0.5,1790101815.8588645
env/success_once,25,0.5,1790102382.6103098
env/success_once,26,0.5,1790102675.0061367
env/success_once,27,0.875,1790102969.9430523
env/success_once,28,0.75,1790103263.8608186
env/success_once,29,0.875,1790103558.2205606
env/success_once,30,0.5,1790104122.9186668
env/success_once,31,0.75,1790104413.2865682
env/success_once,32,0.375,1790104710.0668237
env/success_once,33,0.75,1790105005.1839788
env/success_once,34,0.875,1790105300.2972422
env/success_once,35,0.625,1790105865.337382
env/success_once,36,0.75,1790106156.0921254
env/success_once,37,0.5,1790106452.1602063
env/success_once,38,0.75,1790106746.4853516
env/success_once,39,0.875,1790107039.3403354
env/success_once,40,0.375,1790107604.3075466
env/success_once,41,0.875,1790107895.8649468
env/success_once,42,0.75,1790108190.5840755
env/success_once,43,0.625,1790108487.241325
env/success_once,44,0.75,1790108782.2922652
env/success_once,45,0.625,1790109350.1960022
env/success_once,46,0.875,1790109642.5678048
env/success_once,47,0.5,1790109941.81643
env/success_once,48,1.0,1790110240.6165576
env/success_once,49,0.625,1790110537.8634682
env/success_once,50,0.75,1790111140.7807636
env/success_once,51,0.75,1790111434.7870893
env/success_once,52,1.0,1790111728.8360329
env/success_once,53,0.875,1790112023.7946699
env/success_once,54,0.75,1790112318.5857968
env/success_once,55,0.625,1790112885.3315954
env/success_once,56,0.5,1790113176.2653599
env/success_once,57,0.5,1790113470.8449852
env/success_once,58,0.625,1790113765.2256403
env/success_once,59,0.875,1790114059.5890355
env/success_once,60,0.5,1790114630.713548
env/success_once,61,0.75,1790114922.607172
env/success_once,62,0.75,1790115217.0669534
env/success_once,63,0.75,1790115510.3461232
env/success_once,64,0.625,1790115805.3493245
env/success_once,65,0.625,1790116371.0271764
env/success_once,66,0.75,1790116663.70021
env/success_once,67,0.875,1790116959.7748187
env/success_once,68,0.625,1790117256.9665382
env/success_once,69,0.75,1790117552.7990594
env/success_once,70,0.875,1790118123.6035721
env/success_once,71,0.75,1790118416.133616
env/success_once,72,0.5,1790118712.8202477
env/success_once,73,0.875,1790119006.96763
env/success_once,74,0.875,1790119301.3920293
env/success_once,75,0.75,1790119864.6878347
env/success_once,76,0.75,1790120156.8680034
env/success_once,77,0.75,1790120450.7205966
env/success_once,78,0.75,1790120743.7937868
env/success_once,79,0.625,1790121037.4266376
env/success_once,80,0.625,1790121597.3281732
env/success_once,81,0.625,1790121891.3215733
env/success_once,82,0.875,1790122185.525148
env/success_once,83,0.5,1790122482.9467335
env/success_once,84,0.75,1790122776.8057976
env/success_once,85,0.75,1790123339.1598127
env/success_once,86,0.75,1790123629.8359787
env/success_once,87,0.5,1790123924.3435266
env/success_once,88,0.875,1790124215.20024
env/success_once,89,0.625,1790124508.8854046
env/success_once,90,0.625,1790125070.9202182
env/success_once,91,1.0,1790125361.7935708
env/success_once,92,0.875,1790125652.3350265
env/success_once,93,0.75,1790125947.2708123
env/success_once,94,0.75,1790126240.6618302
env/success_once,95,0.75,1790126798.6776128
env/success_once,96,0.75,1790127092.0073037
env/success_once,97,0.75,1790127386.233816
env/success_once,98,0.75,1790127680.4590235
env/success_once,99,0.75,1790127974.916024
env/success_once,100,0.625,1790128568.9011142
env/success_once,101,0.625,1790128860.4455862
env/success_once,102,1.0,1790129153.1426227
env/success_once,103,0.625,1790129447.0747945
env/success_once,104,0.875,1790129741.229964
env/success_once,105,1.0,1790130304.8443189
env/success_once,106,0.5,1790130597.46221
env/success_once,107,0.625,1790130891.8076737
env/success_once,108,0.625,1790131185.7794418
env/success_once,109,0.75,1790131478.1216378
env/success_once,110,0.5,1790132046.9357903
env/success_once,111,0.5,1790132340.9177668
env/success_once,112,1.0,1790132635.906403
env/success_once,113,0.75,1790132930.5077584
env/success_once,114,0.625,1790133224.3926542
env/success_once,115,0.875,1790133790.399574
env/success_once,116,0.625,1790134083.286506
env/success_once,117,0.75,1790134378.7728283
env/success_once,118,0.75,1790134673.606608
env/success_once,119,0.75,1790134966.2116122
env/success_once,120,0.375,1790135528.1890612
env/success_once,121,0.625,1790135820.1872616
env/success_once,122,0.625,1790136117.1732726
env/success_once,123,0.5,1790136412.5723748
env/success_once,124,0.75,1790136704.9777603
env/success_once,125,1.0,1790137270.34286
env/success_once,126,0.875,1790137562.6570024
env/success_once,127,1.0,1790137856.9551194
env/reward,1,0.0012499999720603228,1790093952.9650378
env/reward,2,0.003124999813735485,1790094252.7389178
env/reward,3,0.0018749999580904841,1790094547.5969045
env/reward,4,0.003124999813735485,1790094841.3355978
env/reward,5,0.003124999813735485,1790095406.6654403
env/reward,6,0.0012499999720603228,1790095700.063021
env/reward,7,0.003124999813735485,1790095995.7611566
env/reward,8,0.0024999999441206455,1790096287.9793913
env/reward,9,0.003124999813735485,1790096585.3265622
env/reward,10,0.003124999813735485,1790097154.7850492
env/reward,11,0.003124999813735485,1790097447.5252178
env/reward,12,0.0037499996833503246,1790097742.1549754
env/reward,13,0.0037499996833503246,1790098035.1676552
env/reward,14,0.0006249999860301614,1790098330.3446777
env/reward,15,0.003124999813735485,1790098897.6582866
env/reward,16,0.003124999813735485,1790099190.3857143
env/reward,17,0.0024999999441206455,1790099486.9288843
env/reward,18,0.0024999999441206455,1790099780.7566729
env/reward,19,0.003124999813735485,1790100077.1568687
env/reward,20,0.003124999813735485,1790100642.107988
env/reward,21,0.0024999999441206455,1790100932.7104816
env/reward,22,0.0012499999720603228,1790101229.336745
env/reward,23,0.0018749999580904841,1790101523.6737874
env/reward,24,0.0024999999441206455,1790101815.8588724
env/reward,25,0.0024999999441206455,1790102382.6103165
env/reward,26,0.0024999999441206455,1790102675.0061433
env/reward,27,0.004374999552965164,1790102969.943059
env/reward,28,0.0037499996833503246,1790103263.860825
env/reward,29,0.004374999552965164,1790103558.2205667
env/reward,30,0.0024999999441206455,1790104122.918675
env/reward,31,0.0037499996833503246,1790104413.2865767
env/reward,32,0.0018749999580904841,1790104710.066831
env/reward,33,0.0037499996833503246,1790105005.1839833
env/reward,34,0.004374999552965164,1790105300.2972484
env/reward,35,0.003124999813735485,1790105865.3373926
env/reward,36,0.0037499996833503246,1790106156.0921314
env/reward,37,0.0024999999441206455,1790106452.1602123
env/reward,38,0.0037499996833503246,1790106746.485359
env/reward,39,0.004374999552965164,1790107039.3403413
env/reward,40,0.0018749999580904841,1790107604.3075554
env/reward,41,0.004374999552965164,1790107895.8649533
env/reward,42,0.0037499996833503246,1790108190.5840826
env/reward,43,0.003124999813735485,1790108487.2413328
env/reward,44,0.0037499996833503246,1790108782.2922726
env/reward,45,0.003124999813735485,1790109350.1960087
env/reward,46,0.004374999552965164,1790109642.5678122
env/reward,47,0.0024999999441206455,1790109941.816437
env/reward,48,0.004999999422580004,1790110240.6165645
env/reward,49,0.003124999813735485,1790110537.8634744
env/reward,50,0.0037499996833503246,1790111140.7807727
env/reward,51,0.0037499996833503246,1790111434.7870955
env/reward,52,0.004999999422580004,1790111728.8360403
env/reward,53,0.004374999552965164,1790112023.7946758
env/reward,54,0.0037499996833503246,1790112318.585806
env/reward,55,0.003124999813735485,1790112885.3316047
env/reward,56,0.0024999999441206455,1790113176.265369
env/reward,57,0.0024999999441206455,1790113470.8449917
env/reward,58,0.003124999813735485,1790113765.2256477
env/reward,59,0.004374999552965164,1790114059.5890422
env/reward,60,0.0024999999441206455,1790114630.713555
env/reward,61,0.0037499996833503246,1790114922.607181
env/reward,62,0.0037499996833503246,1790115217.0669599
env/reward,63,0.0037499996833503246,1790115510.3461304
env/reward,64,0.003124999813735485,1790115805.349334
env/reward,65,0.003124999813735485,1790116371.0271864
env/reward,66,0.0037499996833503246,1790116663.7002163
env/reward,67,0.004374999552965164,1790116959.7748253
env/reward,68,0.003124999813735485,1790117256.9665468
env/reward,69,0.0037499996833503246,1790117552.7990663
env/reward,70,0.004374999552965164,1790118123.60358
env/reward,71,0.0037499996833503246,1790118416.1336215
env/reward,72,0.0024999999441206455,1790118712.820256
env/reward,73,0.004374999552965164,1790119006.9676375
env/reward,74,0.004374999552965164,1790119301.3920357
env/reward,75,0.0037499996833503246,1790119864.68784
env/reward,76,0.0037499996833503246,1790120156.8680103
env/reward,77,0.0037499996833503246,1790120450.7206032
env/reward,78,0.0037499996833503246,1790120743.7937927
env/reward,79,0.003124999813735485,1790121037.426644
env/reward,80,0.003124999813735485,1790121597.3281808
env/reward,81,0.003124999813735485,1790121891.3215792
env/reward,82,0.004374999552965164,1790122185.5251558
env/reward,83,0.0024999999441206455,1790122482.9467425
env/reward,84,0.0037499996833503246,1790122776.805805
env/reward,85,0.0037499996833503246,1790123339.15982
env/reward,86,0.0037499996833503246,1790123629.835985
env/reward,87,0.0024999999441206455,1790123924.3435352
env/reward,88,0.004374999552965164,1790124215.2002482
env/reward,89,0.003124999813735485,1790124508.8854117
env/reward,90,0.003124999813735485,1790125070.9202247
env/reward,91,0.004999999422580004,1790125361.7935765
env/reward,92,0.004374999552965164,1790125652.3350313
env/reward,93,0.0037499996833503246,1790125947.2708192
env/reward,94,0.0037499996833503246,1790126240.6618373
env/reward,95,0.0037499996833503246,1790126798.6776235
env/reward,96,0.0037499996833503246,1790127092.00731
env/reward,97,0.0037499996833503246,1790127386.2338219
env/reward,98,0.0037499996833503246,1790127680.4590316
env/reward,99,0.0037499996833503246,1790127974.9160304
env/reward,100,0.003124999813735485,1790128568.9011214
env/reward,101,0.003124999813735485,1790128860.445592
env/reward,102,0.004999999422580004,1790129153.1426303
env/reward,103,0.003124999813735485,1790129447.0748038
env/reward,104,0.004374999552965164,1790129741.229975
env/reward,105,0.004999999422580004,1790130304.8443294
env/reward,106,0.0024999999441206455,1790130597.4622183
env/reward,107,0.003124999813735485,1790130891.8076782
env/reward,108,0.003124999813735485,1790131185.7794478
env/reward,109,0.0037499996833503246,1790131478.121645
env/reward,110,0.0024999999441206455,1790132046.9357986
env/reward,111,0.0024999999441206455,1790132340.917776
env/reward,112,0.004999999422580004,1790132635.9064095
env/reward,113,0.0037499996833503246,1790132930.5077648
env/reward,114,0.003124999813735485,1790133224.3926601
env/reward,115,0.004374999552965164,1790133790.3995812
env/reward,116,0.003124999813735485,1790134083.2865138
env/reward,117,0.0037499996833503246,1790134378.77284
env/reward,118,0.0037499996833503246,1790134673.606615
env/reward,119,0.0037499996833503246,1790134966.211618
env/reward,120,0.0018749999580904841,1790135528.1890726
env/reward,121,0.003124999813735485,1790135820.1872678
env/reward,122,0.003124999813735485,1790136117.1732812
env/reward,123,0.0024999999441206455,1790136412.5723798
env/reward,124,0.0037499996833503246,1790136704.9777682
env/reward,125,0.004999999422580004,1790137270.3428683
env/reward,126,0.004374999552965164,1790137562.6570098
env/reward,127,0.004999999422580004,1790137856.9551265
env/num_trajectories,1,8.0,1790093952.9650667
env/num_trajectories,2,8.0,1790094252.7389503
env/num_trajectories,3,8.0,1790094547.5969424
env/num_trajectories,4,8.0,1790094841.3356247
env/num_trajectories,5,8.0,1790095406.665456
env/num_trajectories,6,8.0,1790095700.0630448
env/num_trajectories,7,8.0,1790095995.7611928
env/num_trajectories,8,8.0,1790096287.9794176
env/num_trajectories,9,8.0,1790096585.3265924
env/num_trajectories,10,8.0,1790097154.785064
env/num_trajectories,11,8.0,1790097447.525246
env/num_trajectories,12,8.0,1790097742.1550093
env/num_trajectories,13,8.0,1790098035.1676831
env/num_trajectories,14,8.0,1790098330.3447056
env/num_trajectories,15,8.0,1790098897.6583009
env/num_trajectories,16,8.0,1790099190.3857417
env/num_trajectories,17,8.0,1790099486.9289112
env/num_trajectories,18,8.0,1790099780.756701
env/num_trajectories,19,8.0,1790100077.1568966
env/num_trajectories,20,8.0,1790100642.1080003
env/num_trajectories,21,8.0,1790100932.7105064
env/num_trajectories,22,8.0,1790101229.3367794
env/num_trajectories,23,8.0,1790101523.6738205
env/num_trajectories,24,8.0,1790101815.858894
env/num_trajectories,25,8.0,1790102382.6103308
env/num_trajectories,26,8.0,1790102675.00617
env/num_trajectories,27,8.0,1790102969.943088
env/num_trajectories,28,8.0,1790103263.860852
env/num_trajectories,29,8.0,1790103558.2205946
env/num_trajectories,30,8.0,1790104122.9186895
env/num_trajectories,31,8.0,1790104413.2866104
env/num_trajectories,32,8.0,1790104710.0668569
env/num_trajectories,33,8.0,1790105005.1840062
env/num_trajectories,34,8.0,1790105300.297264
env/num_trajectories,35,8.0,1790105865.3374097
env/num_trajectories,36,8.0,1790106156.0921574
env/num_trajectories,37,8.0,1790106452.160242
env/num_trajectories,38,8.0,1790106746.4853897
env/num_trajectories,39,8.0,1790107039.3403676
env/num_trajectories,40,8.0,1790107604.3075738
env/num_trajectories,41,8.0,1790107895.8649797
env/num_trajectories,42,8.0,1790108190.5841115
env/num_trajectories,43,8.0,1790108487.2413642
env/num_trajectories,44,8.0,1790108782.292306
env/num_trajectories,45,8.0,1790109350.196021
env/num_trajectories,46,8.0,1790109642.5678427
env/num_trajectories,47,8.0,1790109941.8164606
env/num_trajectories,48,8.0,1790110240.616593
env/num_trajectories,49,8.0,1790110537.8635037
env/num_trajectories,50,8.0,1790111140.78079
env/num_trajectories,51,8.0,1790111434.7871225
env/num_trajectories,52,8.0,1790111728.836059
env/num_trajectories,53,8.0,1790112023.794704
env/num_trajectories,54,8.0,1790112318.5858297
env/num_trajectories,55,8.0,1790112885.3316212
env/num_trajectories,56,8.0,1790113176.2654064
env/num_trajectories,57,8.0,1790113470.8450215
env/num_trajectories,58,8.0,1790113765.2256763
env/num_trajectories,59,8.0,1790114059.589067
env/num_trajectories,60,8.0,1790114630.7135673
env/num_trajectories,61,8.0,1790114922.6072128
env/num_trajectories,62,8.0,1790115217.0669782
env/num_trajectories,63,8.0,1790115510.3461614
env/num_trajectories,64,8.0,1790115805.349369
env/num_trajectories,65,8.0,1790116371.0272024
env/num_trajectories,66,8.0,1790116663.7002513
env/num_trajectories,67,8.0,1790116959.774854
env/num_trajectories,68,8.0,1790117256.9665806
env/num_trajectories,69,8.0,1790117552.7990894
env/num_trajectories,70,8.0,1790118123.6035914
env/num_trajectories,71,8.0,1790118416.1336489
env/num_trajectories,72,8.0,1790118712.8202841
env/num_trajectories,73,8.0,1790119006.9676735
env/num_trajectories,74,8.0,1790119301.3920631
env/num_trajectories,75,8.0,1790119864.6878505
env/num_trajectories,76,8.0,1790120156.8680398
env/num_trajectories,77,8.0,1790120450.7206268
env/num_trajectories,78,8.0,1790120743.793819
env/num_trajectories,79,8.0,1790121037.4266696
env/num_trajectories,80,8.0,1790121597.3281982
env/num_trajectories,81,8.0,1790121891.3216114
env/num_trajectories,82,8.0,1790122185.5251799
env/num_trajectories,83,8.0,1790122482.9467747
env/num_trajectories,84,8.0,1790122776.8058348
env/num_trajectories,85,8.0,1790123339.1598353
env/num_trajectories,86,8.0,1790123629.8360023
env/num_trajectories,87,8.0,1790123924.343564
env/num_trajectories,88,8.0,1790124215.2002804
env/num_trajectories,89,8.0,1790124508.8854382
env/num_trajectories,90,8.0,1790125070.920243
env/num_trajectories,91,8.0,1790125361.7936044
env/num_trajectories,92,8.0,1790125652.3350546
env/num_trajectories,93,8.0,1790125947.2708452
env/num_trajectories,94,8.0,1790126240.6618648
env/num_trajectories,95,8.0,1790126798.677646
env/num_trajectories,96,8.0,1790127092.0073326
env/num_trajectories,97,8.0,1790127386.2338402
env/num_trajectories,98,8.0,1790127680.4590602
env/num_trajectories,99,8.0,1790127974.9160578
env/num_trajectories,100,8.0,1790128568.9011393
env/num_trajectories,101,8.0,1790128860.4456193
env/num_trajectories,102,8.0,1790129153.1426651
env/num_trajectories,103,8.0,1790129447.074837
env/num_trajectories,104,8.0,1790129741.2300224
env/num_trajectories,105,8.0,1790130304.8443499
env/num_trajectories,106,8.0,1790130597.4622405
env/num_trajectories,107,8.0,1790130891.8077033
env/num_trajectories,108,8.0,1790131185.7794757
env/num_trajectories,109,8.0,1790131478.1216667
env/num_trajectories,110,8.0,1790132046.9358141
env/num_trajectories,111,8.0,1790132340.9178004
env/num_trajectories,112,8.0,1790132635.9064407
env/num_trajectories,113,8.0,1790132930.5077932
env/num_trajectories,114,8.0,1790133224.392679
env/num_trajectories,115,8.0,1790133790.399595
env/num_trajectories,116,8.0,1790134083.286549
env/num_trajectories,117,8.0,1790134378.7728796
env/num_trajectories,118,8.0,1790134673.6066453
env/num_trajectories,119,8.0,1790134966.2116325
env/num_trajectories,120,8.0,1790135528.1890936
env/num_trajectories,121,8.0,1790135820.1872835
env/num_trajectories,122,8.0,1790136117.1733162
env/num_trajectories,123,8.0,1790136412.5724063
env/num_trajectories,124,8.0,1790136704.9778032
env/num_trajectories,125,8.0,1790137270.3428836
env/num_trajectories,126,8.0,1790137562.6570394
env/num_trajectories,127,8.0,1790137856.9551506
time/sync_weights,1,6.4591450691223145,1790093952.9650824
time/sync_weights,2,6.763906478881836,1790094252.7389677
time/sync_weights,3,5.754148006439209,1790094547.5969605
time/sync_weights,4,5.1682562828063965,1790094841.3356395
time/sync_weights,5,5.005825996398926,1790095406.6654704
time/sync_weights,6,1.8590853214263916,1790095700.0630574
time/sync_weights,7,4.807573318481445,1790095995.7612112
time/sync_weights,8,5.146058082580566,1790096287.9794295
time/sync_weights,9,4.899091720581055,1790096585.3266068
time/sync_weights,10,4.78868293762207,1790097154.7850766
time/sync_weights,11,2.078087091445923,1790097447.5252585
time/sync_weights,12,4.695741176605225,1790097742.1550245
time/sync_weights,13,4.950491905212402,1790098035.167695
time/sync_weights,14,5.190433502197266,1790098330.3447182
time/sync_weights,15,4.893573760986328,1790098897.6583157
time/sync_weights,16,1.7523458003997803,1790099190.3857536
time/sync_weights,17,4.936339378356934,1790099486.9289238
time/sync_weights,18,4.749412536621094,1790099780.7567155
time/sync_weights,19,4.779904842376709,1790100077.15691
time/sync_weights,20,5.253032684326172,1790100642.1080108
time/sync_weights,21,1.7400436401367188,1790100932.710517
time/sync_weights,22,4.726372718811035,1790101229.3367925
time/sync_weights,23,4.735706329345703,1790101523.6738358
time/sync_weights,24,4.786204814910889,1790101815.8589072
time/sync_weights,25,5.059267520904541,1790102382.6103435
time/sync_weights,26,1.7169129848480225,1790102675.0061824
time/sync_weights,27,5.177281856536865,1790102969.9430988
time/sync_weights,28,5.158923625946045,1790103263.8608654
time/sync_weights,29,4.913997173309326,1790103558.2206073
time/sync_weights,30,5.037283897399902,1790104122.9187036
time/sync_weights,31,1.9141685962677002,1790104413.2866268
time/sync_weights,32,5.024050712585449,1790104710.06687
time/sync_weights,33,5.085330963134766,1790105005.1840162
time/sync_weights,34,4.910940170288086,1790105300.2972736
time/sync_weights,35,5.0137200355529785,1790105865.3374262
time/sync_weights,36,1.7411434650421143,1790106156.0921705
time/sync_weights,37,4.977947235107422,1790106452.1602545
time/sync_weights,38,5.116394519805908,1790106746.4854043
time/sync_weights,39,5.106359481811523,1790107039.3403788
time/sync_weights,40,5.11721134185791,1790107604.3075902
time/sync_weights,41,1.9477567672729492,1790107895.8649907
time/sync_weights,42,5.334580421447754,1790108190.5841243
time/sync_weights,43,5.141674995422363,1790108487.241377
time/sync_weights,44,5.353219032287598,1790108782.2923212
time/sync_weights,45,5.796401023864746,1790109350.1960325
time/sync_weights,46,1.795278787612915,1790109642.5678566
time/sync_weights,47,4.943354606628418,1790109941.816474
time/sync_weights,48,5.0619916915893555,1790110240.6166062
time/sync_weights,49,5.279566764831543,1790110537.8635166
time/sync_weights,50,5.051952362060547,1790111140.7808025
time/sync_weights,51,1.4923338890075684,1790111434.7871342
time/sync_weights,52,4.980649948120117,1790111728.8360705
time/sync_weights,53,4.9629316329956055,1790112023.794716
time/sync_weights,54,4.897731781005859,1790112318.5858448
time/sync_weights,55,4.821932792663574,1790112885.3316348
time/sync_weights,56,1.747579574584961,1790113176.2654228
time/sync_weights,57,4.89125394821167,1790113470.8450325
time/sync_weights,58,4.909575462341309,1790113765.2256892
time/sync_weights,59,4.915513038635254,1790114059.5890796
time/sync_weights,60,4.821824073791504,1790114630.7135792
time/sync_weights,61,1.7129087448120117,1790114922.6072266
time/sync_weights,62,5.38026237487793,1790115217.0669885
time/sync_weights,63,4.964916229248047,1790115510.3461742
time/sync_weights,64,5.15507698059082,1790115805.3493867
time/sync_weights,65,4.861669540405273,1790116371.0272145
time/sync_weights,66,1.7267005443572998,1790116663.700262
time/sync_weights,67,5.205530166625977,1790116959.7748666
time/sync_weights,68,5.141958236694336,1790117256.966597
time/sync_weights,69,5.323145866394043,1790117552.799102
time/sync_weights,70,4.986650466918945,1790118123.6036024
time/sync_weights,71,1.663991928100586,1790118416.1336617
time/sync_weights,72,5.171365261077881,1790118712.8202968
time/sync_weights,73,4.8820881843566895,1790119006.9676895
time/sync_weights,74,4.888904571533203,1790119301.3920765
time/sync_weights,75,5.032705307006836,1790119864.6878603
time/sync_weights,76,1.7972967624664307,1790120156.868054
time/sync_weights,77,4.951962471008301,1790120450.7206392
time/sync_weights,78,4.885273456573486,1790120743.7938325
time/sync_weights,79,5.158188343048096,1790121037.4266813
time/sync_weights,80,5.313610076904297,1790121597.3282099
time/sync_weights,81,2.0448696613311768,1790121891.3216224
time/sync_weights,82,5.083369255065918,1790122185.5251925
time/sync_weights,83,5.312885284423828,1790122482.946791
time/sync_weights,84,5.122042655944824,1790122776.8058488
time/sync_weights,85,5.077827453613281,1790123339.1598487
time/sync_weights,86,1.8653786182403564,1790123629.8360136
time/sync_weights,87,4.738656044006348,1790123924.3435779
time/sync_weights,88,5.025826454162598,1790124215.2002943
time/sync_weights,89,5.307532787322998,1790124508.885451
time/sync_weights,90,5.244855880737305,1790125070.920255
time/sync_weights,91,1.7414193153381348,1790125361.7936172
time/sync_weights,92,5.251265525817871,1790125652.3350637
time/sync_weights,93,5.056280136108398,1790125947.2708576
time/sync_weights,94,4.964899063110352,1790126240.6618783
time/sync_weights,95,4.94087028503418,1790126798.6776667
time/sync_weights,96,1.7915129661560059,1790127092.0073452
time/sync_weights,97,5.299752712249756,1790127386.23385
time/sync_weights,98,5.380743026733398,1790127680.4590747
time/sync_weights,99,5.13255500793457,1790127974.9160707
time/sync_weights,100,4.878171920776367,1790128568.9011538
time/sync_weights,101,1.460350751876831,1790128860.4456325
time/sync_weights,102,4.895909309387207,1790129153.1426818
time/sync_weights,103,5.0357465744018555,1790129447.0748534
time/sync_weights,104,5.362849235534668,1790129741.2300444
time/sync_weights,105,5.20092248916626,1790130304.84437
time/sync_weights,106,1.7235169410705566,1790130597.4622555
time/sync_weights,107,5.210588455200195,1790130891.8077123
time/sync_weights,108,5.138562202453613,1790131185.779488
time/sync_weights,109,5.222067832946777,1790131478.1216805
time/sync_weights,110,5.078808784484863,1790132046.9358287
time/sync_weights,111,1.5830600261688232,1790132340.9178154
time/sync_weights,112,4.949808120727539,1790132635.9064536
time/sync_weights,113,4.900707244873047,1790132930.5078053
time/sync_weights,114,5.022306442260742,1790133224.3926888
time/sync_weights,115,4.95130729675293,1790133790.3996081
time/sync_weights,116,1.7361335754394531,1790134083.2865636
time/sync_weights,117,5.268162727355957,1790134378.7728977
time/sync_weights,118,5.036839962005615,1790134673.6066606
time/sync_weights,119,5.191803455352783,1790134966.211644
time/sync_weights,120,5.155515670776367,1790135528.1891134
time/sync_weights,121,1.7802045345306396,1790135820.1872942
time/sync_weights,122,4.9601240158081055,1790136117.173333
time/sync_weights,123,4.904743194580078,1790136412.5724158
time/sync_weights,124,5.267814636230469,1790136704.977819
time/sync_weights,125,4.874109745025635,1790137270.3428974
time/sync_weights,126,1.7002909183502197,1790137562.6570523
time/sync_weights,127,5.363302230834961,1790137856.9551642
time/generate_rollouts,1,80.73927307128906,1790093952.9650912
time/generate_rollouts,2,72.79737091064453,1790094252.7389762
time/generate_rollouts,3,69.11368560791016,1790094547.5969694
time/generate_rollouts,4,68.8386459350586,1790094841.3356483
time/generate_rollouts,5,70.02859497070312,1790095406.6654794
time/generate_rollouts,6,71.32010650634766,1790095700.0630643
time/generate_rollouts,7,70.78048706054688,1790095995.7612212
time/generate_rollouts,8,67.63713836669922,1790096287.9794352
time/generate_rollouts,9,73.22770690917969,1790096585.3266134
time/generate_rollouts,10,68.59197235107422,1790097154.785085
time/generate_rollouts,11,70.72193908691406,1790097447.5252652
time/generate_rollouts,12,69.66521453857422,1790097742.1550322
time/generate_rollouts,13,68.3302230834961,1790098035.167702
time/generate_rollouts,14,70.32831573486328,1790098330.3447247
time/generate_rollouts,15,69.84925079345703,1790098897.6583238
time/generate_rollouts,16,70.7752685546875,1790099190.3857603
time/generate_rollouts,17,70.88751983642578,1790099486.9289303
time/generate_rollouts,18,68.68014526367188,1790099780.7567222
time/generate_rollouts,19,70.67365264892578,1790100077.156917
time/generate_rollouts,20,70.97528839111328,1790100642.1080167
time/generate_rollouts,21,68.65347290039062,1790100932.710522
time/generate_rollouts,22,71.3441162109375,1790101229.336801
time/generate_rollouts,23,69.41533660888672,1790101523.6738443
time/generate_rollouts,24,67.36671447753906,1790101815.8589146
time/generate_rollouts,25,68.6365966796875,1790102382.610351
time/generate_rollouts,26,70.15703582763672,1790102675.0061889
time/generate_rollouts,27,69.08570861816406,1790102969.9431055
time/generate_rollouts,28,68.66716003417969,1790103263.860872
time/generate_rollouts,29,69.4861068725586,1790103558.220614
time/generate_rollouts,30,68.73391723632812,1790104122.918712
time/generate_rollouts,31,68.71321105957031,1790104413.286636
time/generate_rollouts,32,71.16439056396484,1790104710.066877
time/generate_rollouts,33,69.99662780761719,1790105005.1840215
time/generate_rollouts,34,69.6254653930664,1790105300.2972798
time/generate_rollouts,35,70.05030822753906,1790105865.3374376
time/generate_rollouts,36,69.08922576904297,1790106156.0921772
time/generate_rollouts,37,70.13508605957031,1790106452.160261
time/generate_rollouts,38,69.14704132080078,1790106746.4854105
time/generate_rollouts,39,67.22978210449219,1790107039.3403854
time/generate_rollouts,40,68.49756622314453,1790107604.3076012
time/generate_rollouts,41,69.5976333618164,1790107895.8649967
time/generate_rollouts,42,68.78133392333984,1790108190.5841336
time/generate_rollouts,43,71.45132446289062,1790108487.241384
time/generate_rollouts,44,69.11329650878906,1790108782.2923295
time/generate_rollouts,45,69.04791259765625,1790109350.19604
time/generate_rollouts,46,69.0339126586914,1790109642.5678647
time/generate_rollouts,47,72.10941314697266,1790109941.8164816
time/generate_rollouts,48,72.42527770996094,1790110240.6166139
time/generate_rollouts,49,70.97245025634766,1790110537.8635232
time/generate_rollouts,50,73.67993927001953,1790111140.7808108
time/generate_rollouts,51,71.70440673828125,1790111434.7871406
time/generate_rollouts,52,68.81208801269531,1790111728.8360786
time/generate_rollouts,53,69.96546936035156,1790112023.7947223
time/generate_rollouts,54,69.93112182617188,1790112318.585853
time/generate_rollouts,55,68.5864486694336,1790112885.3316426
time/generate_rollouts,56,69.3051528930664,1790113176.2654321
time/generate_rollouts,57,69.2332992553711,1790113470.84504
time/generate_rollouts,58,69.36167907714844,1790113765.225696
time/generate_rollouts,59,69.00663757324219,1790114059.589087
time/generate_rollouts,60,70.02423858642578,1790114630.7135863
time/generate_rollouts,61,70.17310333251953,1790114922.6072378
time/generate_rollouts,62,68.50338745117188,1790115217.0669954
time/generate_rollouts,63,68.22506713867188,1790115510.3461814
time/generate_rollouts,64,69.64385223388672,1790115805.349396
time/generate_rollouts,65,69.54203033447266,1790116371.0272229
time/generate_rollouts,66,70.3799819946289,1790116663.700269
time/generate_rollouts,67,70.02005767822266,1790116959.7748742
time/generate_rollouts,68,72.04344940185547,1790117256.966606
time/generate_rollouts,69,70.50718688964844,1790117552.799109
time/generate_rollouts,70,69.89828491210938,1790118123.603609
time/generate_rollouts,71,70.47930145263672,1790118416.133668
time/generate_rollouts,72,70.35890197753906,1790118712.8203032
time/generate_rollouts,73,69.23451232910156,1790119006.967698
time/generate_rollouts,74,68.83721923828125,1790119301.3920846
time/generate_rollouts,75,68.22213745117188,1790119864.6878667
time/generate_rollouts,76,70.19110107421875,1790120156.8680623
time/generate_rollouts,77,68.2303237915039,1790120450.720646
time/generate_rollouts,78,67.71794891357422,1790120743.7938387
time/generate_rollouts,79,67.66812896728516,1790121037.4266877
time/generate_rollouts,80,66.19581604003906,1790121597.3282177
time/generate_rollouts,81,71.18452453613281,1790121891.3216286
time/generate_rollouts,82,68.19386291503906,1790122185.525199
time/generate_rollouts,83,71.42764282226562,1790122482.9468005
time/generate_rollouts,84,68.55647277832031,1790122776.805856
time/generate_rollouts,85,67.71713256835938,1790123339.1598575
time/generate_rollouts,86,68.05579376220703,1790123629.83602
time/generate_rollouts,87,68.81449890136719,1790123924.3435843
time/generate_rollouts,88,65.22081756591797,1790124215.2003021
time/generate_rollouts,89,67.70506286621094,1790124508.8854575
time/generate_rollouts,90,66.83882141113281,1790125070.9202623
time/generate_rollouts,91,68.64656829833984,1790125361.7936234
time/generate_rollouts,92,64.47169494628906,1790125652.335069
time/generate_rollouts,93,68.8128433227539,1790125947.2708645
time/generate_rollouts,94,67.67571258544922,1790126240.661886
time/generate_rollouts,95,65.43963623046875,1790126798.6776783
time/generate_rollouts,96,70.23442077636719,1790127092.007353
time/generate_rollouts,97,68.26168060302734,1790127386.2338567
time/generate_rollouts,98,67.80433654785156,1790127680.4590826
time/generate_rollouts,99,68.69702911376953,1790127974.9160774
time/generate_rollouts,100,71.23768615722656,1790128568.9011633
time/generate_rollouts,101,69.19646453857422,1790128860.4456391
time/generate_rollouts,102,67.46498107910156,1790129153.1426904
time/generate_rollouts,103,68.14797973632812,1790129447.0748618
time/generate_rollouts,104,68.05487060546875,1790129741.2300572
time/generate_rollouts,105,68.34581756591797,1790130304.844381
time/generate_rollouts,106,70.32264709472656,1790130597.462265
time/generate_rollouts,107,68.61153411865234,1790130891.807717
time/generate_rollouts,108,68.19197845458984,1790131185.7794948
time/generate_rollouts,109,66.13204956054688,1790131478.1216881
time/generate_rollouts,110,70.63236236572266,1790132046.935837
time/generate_rollouts,111,71.54645538330078,1790132340.917825
time/generate_rollouts,112,69.12708282470703,1790132635.9064605
time/generate_rollouts,113,69.4496841430664,1790132930.5078123
time/generate_rollouts,114,68.36235046386719,1790133224.3926952
time/generate_rollouts,115,68.16900634765625,1790133790.3996162
time/generate_rollouts,116,70.19136810302734,1790134083.286572
time/generate_rollouts,117,69.39183807373047,1790134378.7729087
time/generate_rollouts,118,69.07353973388672,1790134673.6066697
time/generate_rollouts,119,66.93572998046875,1790134966.2116504
time/generate_rollouts,120,69.84413146972656,1790135528.189127
time/generate_rollouts,121,69.74602508544922,1790135820.1873002
time/generate_rollouts,122,71.4542236328125,1790136117.1733427
time/generate_rollouts,123,69.69026184082031,1790136412.5724218
time/generate_rollouts,124,66.51547241210938,1790136704.977828
time/generate_rollouts,125,69.26515197753906,1790137270.3429067
time/generate_rollouts,126,69.5228271484375,1790137562.657059
time/generate_rollouts,127,67.09431457519531,1790137856.9551713
time/cal_adv_and_returns,1,0.003621816635131836,1790093952.965113
time/cal_adv_and_returns,2,0.0027647018432617188,1790094252.738984
time/cal_adv_and_returns,3,0.0034296512603759766,1790094547.5969782
time/cal_adv_and_returns,4,0.0033648014068603516,1790094841.3356555
time/cal_adv_and_returns,5,0.003045320510864258,1790095406.6654873
time/cal_adv_and_returns,6,0.0034210681915283203,1790095700.063071
time/cal_adv_and_returns,7,0.0032258033752441406,1790095995.7612307
time/cal_adv_and_returns,8,0.0026121139526367188,1790096287.9794407
time/cal_adv_and_returns,9,0.00252532958984375,1790096585.3266203
time/cal_adv_and_returns,10,0.003222227096557617,1790097154.7850924
time/cal_adv_and_returns,11,0.003271818161010742,1790097447.525271
time/cal_adv_and_returns,12,0.0036389827728271484,1790097742.15504
time/cal_adv_and_returns,13,0.002732992172241211,1790098035.1677086
time/cal_adv_and_returns,14,0.002959728240966797,1790098330.3447309
time/cal_adv_and_returns,15,0.003584146499633789,1790098897.6583316
time/cal_adv_and_returns,16,0.0031137466430664062,1790099190.385766
time/cal_adv_and_returns,17,0.0031981468200683594,1790099486.9289365
time/cal_adv_and_returns,18,0.0036628246307373047,1790099780.7567291
time/cal_adv_and_returns,19,0.003937721252441406,1790100077.156924
time/cal_adv_and_returns,20,0.003991127014160156,1790100642.1080227
time/cal_adv_and_returns,21,0.003432750701904297,1790100932.7105267
time/cal_adv_and_returns,22,0.003376483917236328,1790101229.3368084
time/cal_adv_and_returns,23,0.0030851364135742188,1790101523.673852
time/cal_adv_and_returns,24,0.0032188892364501953,1790101815.8589218
time/cal_adv_and_returns,25,0.002774953842163086,1790102382.6103585
time/cal_adv_and_returns,26,0.0029397010803222656,1790102675.0061955
time/cal_adv_and_returns,27,0.0034275054931640625,1790102969.9431124
time/cal_adv_and_returns,28,0.003231525421142578,1790103263.860878
time/cal_adv_and_returns,29,0.0032863616943359375,1790103558.2206204
time/cal_adv_and_returns,30,0.0028047561645507812,1790104122.9187198
time/cal_adv_and_returns,31,0.003179311752319336,1790104413.286645
time/cal_adv_and_returns,32,0.003184080123901367,1790104710.0668836
time/cal_adv_and_returns,33,0.00394892692565918,1790105005.1840265
time/cal_adv_and_returns,34,0.0034096240997314453,1790105300.2972856
time/cal_adv_and_returns,35,0.0030701160430908203,1790105865.3374474
time/cal_adv_and_returns,36,0.0036597251892089844,1790106156.0921834
time/cal_adv_and_returns,37,0.0032134056091308594,1790106452.1602676
time/cal_adv_and_returns,38,0.003175497055053711,1790106746.4854167
time/cal_adv_and_returns,39,0.0029654502868652344,1790107039.3403916
time/cal_adv_and_returns,40,0.0027666091918945312,1790107604.3076103
time/cal_adv_and_returns,41,0.0030896663665771484,1790107895.8650024
time/cal_adv_and_returns,42,0.003155946731567383,1790108190.5841408
time/cal_adv_and_returns,43,0.0021185874938964844,1790108487.2413898
time/cal_adv_and_returns,44,0.002637147903442383,1790108782.2923372
time/cal_adv_and_returns,45,0.003450155258178711,1790109350.196047
time/cal_adv_and_returns,46,0.0039119720458984375,1790109642.5678723
time/cal_adv_and_returns,47,0.0029845237731933594,1790109941.8164892
time/cal_adv_and_returns,48,0.0038573741912841797,1790110240.616621
time/cal_adv_and_returns,49,0.004094600677490234,1790110537.8635292
time/cal_adv_and_returns,50,0.0031402111053466797,1790111140.780818
time/cal_adv_and_returns,51,0.0034990310668945312,1790111434.7871473
time/cal_adv_and_returns,52,0.0036416053771972656,1790111728.8360841
time/cal_adv_and_returns,53,0.004252433776855469,1790112023.7947285
time/cal_adv_and_returns,54,0.0035140514373779297,1790112318.5858624
time/cal_adv_and_returns,55,0.0036535263061523438,1790112885.331651
time/cal_adv_and_returns,56,0.004072427749633789,1790113176.2654407
time/cal_adv_and_returns,57,0.003414154052734375,1790113470.8450465
time/cal_adv_and_returns,58,0.0033097267150878906,1790113765.2257023
time/cal_adv_and_returns,59,0.0032575130462646484,1790114059.5890937
time/cal_adv_and_returns,60,0.0038614273071289062,1790114630.7135932
time/cal_adv_and_returns,61,0.003745555877685547,1790114922.6072488
time/cal_adv_and_returns,62,0.003653287887573242,1790115217.067002
time/cal_adv_and_returns,63,0.003575563430786133,1790115510.346189
time/cal_adv_and_returns,64,0.003000020980834961,1790115805.3494053
time/cal_adv_and_returns,65,0.0034456253051757812,1790116371.0272307
time/cal_adv_and_returns,66,0.003170013427734375,1790116663.700275
time/cal_adv_and_returns,67,0.0033500194549560547,1790116959.7748814
time/cal_adv_and_returns,68,0.003437042236328125,1790117256.9666138
time/cal_adv_and_returns,69,0.002985239028930664,1790117552.7991147
time/cal_adv_and_returns,70,0.003240346908569336,1790118123.603615
time/cal_adv_and_returns,71,0.0030701160430908203,1790118416.1336737
time/cal_adv_and_returns,72,0.0038077831268310547,1790118712.82031
time/cal_adv_and_returns,73,0.003361225128173828,1790119006.967707
time/cal_adv_and_returns,74,0.0032646656036376953,1790119301.3920918
time/cal_adv_and_returns,75,0.003494739532470703,1790119864.6878722
time/cal_adv_and_returns,76,0.0032110214233398438,1790120156.8680723
time/cal_adv_and_returns,77,0.004561185836791992,1790120450.7206519
time/cal_adv_and_returns,78,0.0031228065490722656,1790120743.7938445
time/cal_adv_and_returns,79,0.0032346248626708984,1790121037.4266937
time/cal_adv_and_returns,80,0.0031337738037109375,1790121597.3282259
time/cal_adv_and_returns,81,0.0032379627227783203,1790121891.3216348
time/cal_adv_and_returns,82,0.003211498260498047,1790122185.5252056
time/cal_adv_and_returns,83,0.002628803253173828,1790122482.9468093
time/cal_adv_and_returns,84,0.0030426979064941406,1790122776.8058639
time/cal_adv_and_returns,85,0.003499746322631836,1790123339.1598654
time/cal_adv_and_returns,86,0.0035772323608398438,1790123629.8360262
time/cal_adv_and_returns,87,0.002892017364501953,1790123924.3435905
time/cal_adv_and_returns,88,0.003563404083251953,1790124215.2003088
time/cal_adv_and_returns,89,0.003314971923828125,1790124508.8854644
time/cal_adv_and_returns,90,0.0032012462615966797,1790125070.920269
time/cal_adv_and_returns,91,0.0031914710998535156,1790125361.7936294
time/cal_adv_and_returns,92,0.0038573741912841797,1790125652.3350737
time/cal_adv_and_returns,93,0.002920389175415039,1790125947.2708702
time/cal_adv_and_returns,94,0.0032422542572021484,1790126240.661893
time/cal_adv_and_returns,95,0.003355264663696289,1790126798.6776893
time/cal_adv_and_returns,96,0.003106832504272461,1790127092.0073612
time/cal_adv_and_returns,97,0.0030641555786132812,1790127386.2338634
time/cal_adv_and_returns,98,0.003322124481201172,1790127680.4590902
time/cal_adv_and_returns,99,0.003374338150024414,1790127974.9160838
time/cal_adv_and_returns,100,0.003516674041748047,1790128568.9011717
time/cal_adv_and_returns,101,0.002760648727416992,1790128860.4456456
time/cal_adv_and_returns,102,0.004041194915771484,1790129153.1426985
time/cal_adv_and_returns,103,0.0031883716583251953,1790129447.07487
time/cal_adv_and_returns,104,0.003643035888671875,1790129741.230069
time/cal_adv_and_returns,105,0.0034770965576171875,1790130304.8443918
time/cal_adv_and_returns,106,0.003438711166381836,1790130597.4622736
time/cal_adv_and_returns,107,0.0035924911499023438,1790130891.807723
time/cal_adv_and_returns,108,0.0033135414123535156,1790131185.7795005
time/cal_adv_and_returns,109,0.003339529037475586,1790131478.1216955
time/cal_adv_and_returns,110,0.003387928009033203,1790132046.9358451
time/cal_adv_and_returns,111,0.0037059783935546875,1790132340.917834
time/cal_adv_and_returns,112,0.003042936325073242,1790132635.906469
time/cal_adv_and_returns,113,0.0036363601684570312,1790132930.5078187
time/cal_adv_and_returns,114,0.0031211376190185547,1790133224.3927011
time/cal_adv_and_returns,115,0.003773927688598633,1790133790.399623
time/cal_adv_and_returns,116,0.0030951499938964844,1790134083.2865796
time/cal_adv_and_returns,117,0.003655672073364258,1790134378.772919
time/cal_adv_and_returns,118,0.0032939910888671875,1790134673.6066768
time/cal_adv_and_returns,119,0.0034754276275634766,1790134966.2116559
time/cal_adv_and_returns,120,0.003346681594848633,1790135528.1891387
time/cal_adv_and_returns,121,0.0031473636627197266,1790135820.1873062
time/cal_adv_and_returns,122,0.0032014846801757812,1790136117.1733515
time/cal_adv_and_returns,123,0.0034117698669433594,1790136412.572427
time/cal_adv_and_returns,124,0.0034008026123046875,1790136704.9778366
time/cal_adv_and_returns,125,0.003587961196899414,1790137270.342915
time/cal_adv_and_returns,126,0.003093242645263672,1790137562.6570652
time/cal_adv_and_returns,127,0.0036470890045166016,1790137856.9551806
time/actor_training,1,221.7894287109375,1790093952.9651237
time/actor_training,2,220.18704223632812,1790094252.7389941
time/actor_training,3,219.96261596679688,1790094547.5969863
time/actor_training,4,219.7083740234375,1790094841.3356626
time/actor_training,5,220.1021728515625,1790095406.6654952
time/actor_training,6,220.19400024414062,1790095700.0630758
time/actor_training,7,220.0832061767578,1790095995.76124
time/actor_training,8,219.40869140625,1790096287.9794464
time/actor_training,9,219.1918487548828,1790096585.3266268
time/actor_training,10,220.02166748046875,1790097154.785103
time/actor_training,11,219.91610717773438,1790097447.5252779
time/actor_training,12,220.2388916015625,1790097742.155047
time/actor_training,13,219.70721435546875,1790098035.1677148
time/actor_training,14,219.6376953125,1790098330.3447373
time/actor_training,15,219.97645568847656,1790098897.658339
time/actor_training,16,220.1759490966797,1790099190.3857722
time/actor_training,17,220.69808959960938,1790099486.928942
time/actor_training,18,220.37135314941406,1790099780.756736
time/actor_training,19,220.92225646972656,1790100077.1569304
time/actor_training,20,219.98228454589844,1790100642.1080284
time/actor_training,21,220.1871337890625,1790100932.710531
time/actor_training,22,220.5275115966797,1790101229.3368158
time/actor_training,23,220.16241455078125,1790101523.67386
time/actor_training,24,220.0038604736328,1790101815.8589287
time/actor_training,25,220.12664794921875,1790102382.6103656
time/actor_training,26,220.5006866455078,1790102675.006201
time/actor_training,27,220.6500701904297,1790102969.943119
time/actor_training,28,220.0692138671875,1790103263.8608847
time/actor_training,29,219.93505859375,1790103558.2206259
time/actor_training,30,220.07965087890625,1790104122.918728
time/actor_training,31,219.71755981445312,1790104413.2866533
time/actor_training,32,220.56748962402344,1790104710.0668905
time/actor_training,33,220.0130615234375,1790105005.1840317
time/actor_training,34,220.5558319091797,1790105300.2972913
time/actor_training,35,220.27671813964844,1790105865.337456
time/actor_training,36,219.90196228027344,1790106156.0921898
time/actor_training,37,220.93296813964844,1790106452.160275
time/actor_training,38,220.04022216796875,1790106746.4854224
time/actor_training,39,220.49742126464844,1790107039.340398
time/actor_training,40,220.1307830810547,1790107604.3076203
time/actor_training,41,219.99070739746094,1790107895.8650084
time/actor_training,42,220.5780487060547,1790108190.5841477
time/actor_training,43,220.0421142578125,1790108487.2413962
time/actor_training,44,220.5592803955078,1790108782.292345
time/actor_training,45,222.13768005371094,1790109350.196054
time/actor_training,46,221.5157012939453,1790109642.5678797
time/actor_training,47,222.16893005371094,1790109941.8164961
time/actor_training,48,221.28749084472656,1790110240.616628
time/actor_training,49,220.96441650390625,1790110537.863536
time/actor_training,50,221.78892517089844,1790111140.7808256
time/actor_training,51,220.78341674804688,1790111434.787153
time/actor_training,52,220.2315673828125,1790111728.8360906
time/actor_training,53,220.0033416748047,1790112023.7947354
time/actor_training,54,219.93893432617188,1790112318.5858705
time/actor_training,55,220.0041961669922,1790112885.331659
time/actor_training,56,219.8579559326172,1790113176.26545
time/actor_training,57,220.43310546875,1790113470.845053
time/actor_training,58,220.0836944580078,1790113765.2257092
time/actor_training,59,220.41648864746094,1790114059.5891006
time/actor_training,60,220.38865661621094,1790114630.7136
time/actor_training,61,219.9833221435547,1790114922.6072588
time/actor_training,62,220.55316162109375,1790115217.067008
time/actor_training,63,220.0635986328125,1790115510.346196
time/actor_training,64,220.1824493408203,1790115805.3494139
time/actor_training,65,220.76318359375,1790116371.0272386
time/actor_training,66,220.5407257080078,1790116663.7002814
time/actor_training,67,220.82508850097656,1790116959.774888
time/actor_training,68,219.9796905517578,1790117256.9666216
time/actor_training,69,219.9761505126953,1790117552.799121
time/actor_training,70,220.48428344726562,1790118123.6036205
time/actor_training,71,220.36378479003906,1790118416.1336796
time/actor_training,72,221.1311798095703,1790118712.8203166
time/actor_training,73,220.00791931152344,1790119006.9677145
time/actor_training,74,220.67453002929688,1790119301.392098
time/actor_training,75,220.83349609375,1790119864.6878777
time/actor_training,76,220.16915893554688,1790120156.8680782
time/actor_training,77,220.646484375,1790120450.7206573
time/actor_training,78,220.4469451904297,1790120743.7938504
time/actor_training,79,220.78297424316406,1790121037.4266992
time/actor_training,80,220.55499267578125,1790121597.3282452
time/actor_training,81,220.74169921875,1790121891.3216424
time/actor_training,82,220.9036865234375,1790122185.525211
time/actor_training,83,220.65504455566406,1790122482.946818
time/actor_training,84,220.15643310546875,1790122776.8058708
time/actor_training,85,220.753662109375,1790123339.1598732
time/actor_training,86,220.7289581298828,1790123629.8360322
time/actor_training,87,220.93312072753906,1790123924.3435972
time/actor_training,88,220.58441162109375,1790124215.2003155
time/actor_training,89,220.64508056640625,1790124508.8854702
time/actor_training,90,221.01528930664062,1790125070.9202762
time/actor_training,91,220.46226501464844,1790125361.7936354
time/actor_training,92,220.79356384277344,1790125652.3350782
time/actor_training,93,221.04391479492188,1790125947.2708762
time/actor_training,94,220.72618103027344,1790126240.6618998
time/actor_training,95,220.96763610839844,1790126798.6777003
time/actor_training,96,221.2775115966797,1790127092.007368
time/actor_training,97,220.6427764892578,1790127386.2338696
time/actor_training,98,221.01573181152344,1790127680.4590986
time/actor_training,99,220.60089111328125,1790127974.9160895
time/actor_training,100,221.27174377441406,1790128568.9011793
time/actor_training,101,220.86158752441406,1790128860.4456518
time/actor_training,102,220.3107452392578,1790129153.142706
time/actor_training,103,220.72567749023438,1790129447.0748792
time/actor_training,104,220.7123565673828,1790129741.2300806
time/actor_training,105,221.13961791992188,1790130304.8444033
time/actor_training,106,220.54786682128906,1790130597.4622812
time/actor_training,107,220.5006866455078,1790130891.8077278
time/actor_training,108,220.6202850341797,1790131185.7795062
time/actor_training,109,220.95822143554688,1790131478.1217027
time/actor_training,110,220.8541717529297,1790132046.9358528
time/actor_training,111,220.8258056640625,1790132340.9178429
time/actor_training,112,220.88858032226562,1790132635.9064772
time/actor_training,113,220.2244110107422,1790132930.5078263
time/actor_training,114,220.47879028320312,1790133224.392707
time/actor_training,115,220.9107208251953,1790133790.3996298
time/actor_training,116,220.93553161621094,1790134083.2865875
time/actor_training,117,220.79721069335938,1790134378.7729292
time/actor_training,118,220.6981964111328,1790134673.606684
time/actor_training,119,220.45216369628906,1790134966.211662
time/actor_training,120,220.40077209472656,1790135528.1891506
time/actor_training,121,220.44744873046875,1790135820.187312
time/actor_training,122,220.55093383789062,1790136117.1733603
time/actor_training,123,220.7779083251953,1790136412.572432
time/actor_training,124,220.59707641601562,1790136704.977845
time/actor_training,125,220.79901123046875,1790137270.342923
time/actor_training,126,221.06834411621094,1790137562.6570716
time/actor_training,127,221.81739807128906,1790137856.9551895
time/step,1,308.9924621582031,1790093952.9651325
time/step,2,299.75250244140625,1790094252.7390022
time/step,3,294.83563232421875,1790094547.5969968
time/step,4,293.719482421875,1790094841.3356705
time/step,5,565.3104858398438,1790095406.665511
time/step,6,293.3783264160156,1790095700.063081
time/step,7,295.67559814453125,1790095995.76125
time/step,8,292.1962585449219,1790096287.9794521
time/step,9,297.32269287109375,1790096585.3266332
time/step,10,569.4366455078125,1790097154.785119
time/step,11,292.720947265625,1790097447.5252838
time/step,12,294.60552978515625,1790097742.1550539
time/step,13,292.9923400878906,1790098035.167721
time/step,14,295.1612243652344,1790098330.3447435
time/step,15,567.2947998046875,1790098897.6583552
time/step,16,292.7085266113281,1790099190.3857787
time/step,17,296.52630615234375,1790099486.9289477
time/step,18,293.80645751953125,1790099780.7567427
time/step,19,296.3806457519531,1790100077.1569393
time/step,20,564.937744140625,1790100642.1080408
time/step,21,290.585693359375,1790100932.7105362
time/step,22,296.6030578613281,1790101229.336823
time/step,23,294.3174743652344,1790101523.673869
time/step,24,292.1613464355469,1790101815.858936
time/step,25,566.7330322265625,1790102382.6103806
time/step,26,292.3787841796875,1790102675.0062072
time/step,27,294.9181823730469,1790102969.9431255
time/step,28,293.8999328613281,1790103263.860891
time/step,29,294.3395690917969,1790103558.2206323
time/step,30,564.681640625,1790104122.9187453
time/step,31,290.349853515625,1790104413.2866616
time/step,32,296.76055908203125,1790104710.0668972
time/step,33,295.1006164550781,1790105005.1840365
time/step,34,295.0965270996094,1790105300.297298
time/step,35,565.0233764648438,1790105865.3374715
time/step,36,290.73773193359375,1790106156.0921965
time/step,37,296.0507507324219,1790106452.160283
time/step,38,294.30841064453125,1790106746.4854286
time/step,39,292.8381652832031,1790107039.3404043
time/step,40,564.9525146484375,1790107604.3076394
time/step,41,291.54083251953125,1790107895.8650148
time/step,42,294.69866943359375,1790108190.5841563
time/step,43,296.6388244628906,1790108487.2414024
time/step,44,295.0301208496094,1790108782.292353
time/step,45,567.873779296875,1790109350.196069
time/step,46,292.349609375,1790109642.567887
time/step,47,299.2255554199219,1790109941.8165033
time/step,48,298.77960205078125,1790110240.6166346
time/step,49,297.22247314453125,1790110537.863542
time/step,50,602.9010620117188,1790111140.7808392
time/step,51,293.98541259765625,1790111434.7871592
time/step,52,294.0293273925781,1790111728.8360968
time/step,53,294.9380187988281,1790112023.7947419
time/step,54,294.7726745605469,1790112318.585879
time/step,55,566.7276000976562,1790112885.3316753
time/step,56,290.915771484375,1790113176.2654593
time/step,57,294.56280517578125,1790113470.8450592
time/step,58,294.35992431640625,1790113765.2257156
time/step,59,294.3426818847656,1790114059.5891078
time/step,60,571.1043090820312,1790114630.7136137
time/step,61,291.8740234375,1790114922.6072683
time/step,62,294.44146728515625,1790115217.0670145
time/step,63,293.2589416503906,1790115510.3462029
time/step,64,294.9851989746094,1790115805.3494236
time/step,65,565.6588745117188,1790116371.027255
time/step,66,292.6521911621094,1790116663.7002876
time/step,67,296.0557556152344,1790116959.7748957
time/step,68,297.17047119140625,1790117256.9666312
time/step,69,295.8109130859375,1790117552.7991285
time/step,70,570.7887573242188,1790118123.603633
time/step,71,292.5118408203125,1790118416.1336854
time/step,72,296.6669921875,1790118712.820323
time/step,73,294.1289978027344,1790119006.9677224
time/step,74,294.4047546386719,1790119301.392105
time/step,75,563.2771606445312,1790119864.6878889
time/step,76,292.1623840332031,1790120156.8680851
time/step,77,293.8348693847656,1790120450.7206633
time/step,78,293.0549621582031,1790120743.7938566
time/step,79,293.6142578125,1790121037.4267054
time/step,80,559.882568359375,1790121597.3282628
time/step,81,293.9759216308594,1790121891.321649
time/step,82,294.185302734375,1790122185.5252173
time/step,83,297.3996887207031,1790122482.9468272
time/step,84,293.83990478515625,1790122776.805878
time/step,85,562.3345947265625,1790123339.1598907
time/step,86,290.655029296875,1790123629.8360386
time/step,87,294.49072265625,1790123924.3436034
time/step,88,290.8363952636719,1790124215.2003222
time/step,89,293.6627197265625,1790124508.885477
time/step,90,562.016845703125,1790125070.9202902
time/step,91,290.8554992675781,1790125361.7936416
time/step,92,290.52142333984375,1790125652.3350835
time/step,93,294.9170227050781,1790125947.2708821
time/step,94,293.3708801269531,1790126240.6619072
time/step,95,557.9951171875,1790126798.6777234
time/step,96,293.30810546875,1790127092.0073743
time/step,97,294.208251953125,1790127386.2338755
time/step,98,294.2056579589844,1790127680.459107
time/step,99,294.4356384277344,1790127974.916096
time/step,100,593.9674072265625,1790128568.9011953
time/step,101,291.5230407714844,1790128860.4456573
time/step,102,292.677734375,1790129153.1427133
time/step,103,293.9134826660156,1790129447.0748868
time/step,104,294.1354064941406,1790129741.230092
time/step,105,563.594482421875,1790130304.8444276
time/step,106,292.5987854003906,1790130597.4622893
time/step,107,294.3277282714844,1790130891.8077328
time/step,108,293.9554748535156,1790131185.7795124
time/step,109,292.31707763671875,1790131478.1217103
time/step,110,568.7947998046875,1790132046.9358692
time/step,111,293.96014404296875,1790132340.9178524
time/step,112,294.9701232910156,1790132635.9064875
time/step,113,294.5802917480469,1790132930.507833
time/step,114,293.867431640625,1790133224.3927133
time/step,115,565.988525390625,1790133790.3996437
time/step,116,292.8677978515625,1790134083.286595
time/step,117,295.4620361328125,1790134378.7729387
time/step,118,294.81353759765625,1790134673.606691
time/step,119,292.58447265625,1790134966.211668
time/step,120,561.9557495117188,1790135528.1891744
time/step,121,291.9782409667969,1790135820.1873183
time/step,122,296.9696044921875,1790136117.1733694
time/step,123,295.3780212402344,1790136412.5724373
time/step,124,292.38543701171875,1790136704.9778538
time/step,125,565.3473510742188,1790137270.3429399
time/step,126,292.2962646484375,1790137562.6570783
time/step,127,294.27947998046875,1790137856.9551983
time/env/env/bootstrap_step,1,54.703670501708984,1790093952.965145
time/env/env/bootstrap_step,2,49.48353576660156,1790094252.7390132
time/env/env/bootstrap_step,3,45.82876205444336,1790094547.597006
time/env/env/bootstrap_step,4,46.266841888427734,1790094841.335678
time/env/env/bootstrap_step,5,47.264808654785156,1790095406.666
time/env/env/bootstrap_step,6,47.9383659362793,1790095700.0630863
time/env/env/bootstrap_step,7,48.249725341796875,1790095995.7612603
time/env/env/bootstrap_step,8,45.42378234863281,1790096287.9794583
time/env/env/bootstrap_step,9,50.474456787109375,1790096585.32664
time/env/env/bootstrap_step,10,45.825347900390625,1790097154.7856185
time/env/env/bootstrap_step,11,47.86304473876953,1790097447.5252903
time/env/env/bootstrap_step,12,47.433204650878906,1790097742.1550615
time/env/env/bootstrap_step,13,46.5825309753418,1790098035.1677277
time/env/env/bootstrap_step,14,46.795509338378906,1790098330.3447506
time/env/env/bootstrap_step,15,47.32355880737305,1790098897.6588151
time/env/env/bootstrap_step,16,48.53038024902344,1790099190.3857856
time/env/env/bootstrap_step,17,47.74823760986328,1790099486.9289546
time/env/env/bootstrap_step,18,46.258262634277344,1790099780.7567499
time/env/env/bootstrap_step,19,47.816566467285156,1790100077.156947
time/env/env/bootstrap_step,20,48.88851547241211,1790100642.1082554
time/env/env/bootstrap_step,21,46.06149673461914,1790100932.7105412
time/env/env/bootstrap_step,22,48.232421875,1790101229.3368318
time/env/env/bootstrap_step,23,46.14823532104492,1790101523.6738782
time/env/env/bootstrap_step,24,44.574012756347656,1790101815.8589442
time/env/env/bootstrap_step,25,46.20560073852539,1790102382.6105716
time/env/env/bootstrap_step,26,46.95072937011719,1790102675.0062141
time/env/env/bootstrap_step,27,46.79143524169922,1790102969.9431324
time/env/env/bootstrap_step,28,46.67912673950195,1790103263.8608983
time/env/env/bootstrap_step,29,47.7910041809082,1790103558.2206395
time/env/env/bootstrap_step,30,46.245391845703125,1790104122.918944
time/env/env/bootstrap_step,31,46.9680061340332,1790104413.2866707
time/env/env/bootstrap_step,32,48.00574493408203,1790104710.0669045
time/env/env/bootstrap_step,33,47.889610290527344,1790105005.1840434
time/env/env/bootstrap_step,34,47.22999572753906,1790105300.2973044
time/env/env/bootstrap_step,35,47.349674224853516,1790105865.3376718
time/env/env/bootstrap_step,36,46.895790100097656,1790106156.0922027
time/env/env/bootstrap_step,37,46.94490432739258,1790106452.1602905
time/env/env/bootstrap_step,38,46.40285110473633,1790106746.4854352
time/env/env/bootstrap_step,39,45.88103485107422,1790107039.3404107
time/env/env/bootstrap_step,40,45.362857818603516,1790107604.3078985
time/env/env/bootstrap_step,41,47.405982971191406,1790107895.8650215
time/env/env/bootstrap_step,42,46.46107864379883,1790108190.584164
time/env/env/bootstrap_step,43,48.72814178466797,1790108487.2414088
time/env/env/bootstrap_step,44,47.288814544677734,1790108782.292362
time/env/env/bootstrap_step,45,46.808963775634766,1790109350.196592
time/env/env/bootstrap_step,46,47.29228973388672,1790109642.5678954
time/env/env/bootstrap_step,47,49.08478927612305,1790109941.816511
time/env/env/bootstrap_step,48,50.51948547363281,1790110240.616642
time/env/env/bootstrap_step,49,48.51707077026367,1790110537.8635488
time/env/env/bootstrap_step,50,51.58366775512695,1790111140.7814457
time/env/env/bootstrap_step,51,49.458152770996094,1790111434.7871659
time/env/env/bootstrap_step,52,47.975990295410156,1790111728.8361037
time/env/env/bootstrap_step,53,48.21401596069336,1790112023.7947488
time/env/env/bootstrap_step,54,47.98023986816406,1790112318.585888
time/env/env/bootstrap_step,55,46.24006271362305,1790112885.332014
time/env/env/bootstrap_step,56,46.44442367553711,1790113176.2654686
time/env/env/bootstrap_step,57,46.8753776550293,1790113470.845066
time/env/env/bootstrap_step,58,46.97941970825195,1790113765.2257226
time/env/env/bootstrap_step,59,47.37479019165039,1790114059.5891156
time/env/env/bootstrap_step,60,46.265281677246094,1790114630.7140522
time/env/env/bootstrap_step,61,47.761470794677734,1790114922.6072776
time/env/env/bootstrap_step,62,46.73372268676758,1790115217.0670214
time/env/env/bootstrap_step,63,46.5511360168457,1790115510.3462107
time/env/env/bootstrap_step,64,47.12907028198242,1790115805.3494356
time/env/env/bootstrap_step,65,47.39253616333008,1790116371.0277634
time/env/env/bootstrap_step,66,48.18386459350586,1790116663.7002943
time/env/env/bootstrap_step,67,48.065040588378906,1790116959.7749026
time/env/env/bootstrap_step,68,49.253170013427734,1790117256.9666398
time/env/env/bootstrap_step,69,48.773216247558594,1790117552.7991352
time/env/env/bootstrap_step,70,47.916656494140625,1790118123.6038444
time/env/env/bootstrap_step,71,48.32133102416992,1790118416.1336918
time/env/env/bootstrap_step,72,47.53447723388672,1790118712.82033
time/env/env/bootstrap_step,73,47.0325927734375,1790119006.9677305
time/env/env/bootstrap_step,74,46.369224548339844,1790119301.3921127
time/env/env/bootstrap_step,75,46.112525939941406,1790119864.6882734
time/env/env/bootstrap_step,76,47.716270446777344,1790120156.8680923
time/env/env/bootstrap_step,77,46.132164001464844,1790120450.72067
time/env/env/bootstrap_step,78,45.62440490722656,1790120743.7938638
time/env/env/bootstrap_step,79,45.46721649169922,1790121037.4267123
time/env/env/bootstrap_step,80,44.04661178588867,1790121597.3287778
time/env/env/bootstrap_step,81,48.79735565185547,1790121891.3216562
time/env/env/bootstrap_step,82,46.341339111328125,1790122185.5252242
time/env/env/bootstrap_step,83,48.24837875366211,1790122482.9468367
time/env/env/bootstrap_step,84,46.43402099609375,1790122776.8058856
time/env/env/bootstrap_step,85,46.22352981567383,1790123339.1603334
time/env/env/bootstrap_step,86,46.41379165649414,1790123629.8360455
time/env/env/bootstrap_step,87,46.096343994140625,1790123924.34361
time/env/env/bootstrap_step,88,43.6254997253418,1790124215.2003295
time/env/env/bootstrap_step,89,44.97565460205078,1790124508.8854837
time/env/env/bootstrap_step,90,44.64629364013672,1790125070.9207516
time/env/env/bootstrap_step,91,47.64740753173828,1790125361.793649
time/env/env/bootstrap_step,92,43.16044616699219,1790125652.3350887
time/env/env/bootstrap_step,93,46.345741271972656,1790125947.2708888
time/env/env/bootstrap_step,94,45.013954162597656,1790126240.6619146
time/env/env/bootstrap_step,95,43.33574295043945,1790126798.677966
time/env/env/bootstrap_step,96,48.22003936767578,1790127092.0073807
time/env/env/bootstrap_step,97,46.50997543334961,1790127386.2338827
time/env/env/bootstrap_step,98,45.76778030395508,1790127680.4591148
time/env/env/bootstrap_step,99,46.45618438720703,1790127974.9161031
time/env/env/bootstrap_step,100,48.59516143798828,1790128568.9018373
time/env/env/bootstrap_step,101,46.64836883544922,1790128860.4456642
time/env/env/bootstrap_step,102,46.5228385925293,1790129153.1427221
time/env/env/bootstrap_step,103,45.83334732055664,1790129447.0748956
time/env/env/bootstrap_step,104,46.8797492980957,1790129741.2301047
time/env/env/bootstrap_step,105,47.064613342285156,1790130304.84474
time/env/env/bootstrap_step,106,47.534950256347656,1790130597.4622989
time/env/env/bootstrap_step,107,46.58146667480469,1790130891.807738
time/env/env/bootstrap_step,108,45.558319091796875,1790131185.779519
time/env/env/bootstrap_step,109,44.16234588623047,1790131478.1217186
time/env/env/bootstrap_step,110,47.734169006347656,1790132046.9362924
time/env/env/bootstrap_step,111,48.32991409301758,1790132340.9178624
time/env/env/bootstrap_step,112,47.75678253173828,1790132635.9064944
time/env/env/bootstrap_step,113,46.50308609008789,1790132930.50784
time/env/env/bootstrap_step,114,46.074371337890625,1790133224.3927236
time/env/env/bootstrap_step,115,46.48866653442383,1790133790.400098
time/env/env/bootstrap_step,116,48.21522903442383,1790134083.2866037
time/env/env/bootstrap_step,117,47.83147048950195,1790134378.7729495
time/env/env/bootstrap_step,118,46.83396911621094,1790134673.606699
time/env/env/bootstrap_step,119,44.83289337158203,1790134966.2116752
time/env/env/bootstrap_step,120,46.2230110168457,1790135528.18968
time/env/env/bootstrap_step,121,47.62531280517578,1790135820.187325
time/env/env/bootstrap_step,122,49.26997375488281,1790136117.1733794
time/env/env/bootstrap_step,123,46.460086822509766,1790136412.5724425
time/env/env/bootstrap_step,124,44.377811431884766,1790136704.977862
time/env/env/bootstrap_step,125,47.14116668701172,1790137270.3431442
time/env/env/bootstrap_step,126,47.64073944091797,1790137562.6570852
time/env/env/bootstrap_step,127,45.8274040222168,1790137856.955206
time/env/compute_bootstrap_rewards,1,0.00024792691692709923,1790093952.966049
time/env/compute_bootstrap_rewards,2,0.00022895820438861847,1790094252.7394574
time/env/compute_bootstrap_rewards,3,0.00020613009110093117,1790094547.5979335
time/env/compute_bootstrap_rewards,4,0.0003169742412865162,1790094841.3361
time/env/compute_bootstrap_rewards,5,0.00021371012553572655,1790095406.6660097
time/env/compute_bootstrap_rewards,6,0.00027467217296361923,1790095700.0635028
time/env/compute_bootstrap_rewards,7,0.0004217172972857952,1790095995.7617888
time/env/compute_bootstrap_rewards,8,0.00029985280707478523,1790096287.9798934
time/env/compute_bootstrap_rewards,9,0.000248221680521965,1790096585.327037
time/env/compute_bootstrap_rewards,10,0.000306903850287199,1790097154.7856314
time/env/compute_bootstrap_rewards,11,0.00023607956245541573,1790097447.5261238
time/env/compute_bootstrap_rewards,12,0.00025205081328749657,1790097742.1556952
time/env/compute_bootstrap_rewards,13,0.0002454156056046486,1790098035.1682093
time/env/compute_bootstrap_rewards,14,0.000293034128844738,1790098330.3451493
time/env/compute_bootstrap_rewards,15,0.0002914825454354286,1790098897.6588247
time/env/compute_bootstrap_rewards,16,0.0003063897602260113,1790099190.3867304
time/env/compute_bootstrap_rewards,17,0.00030705053359270096,1790099486.9297593
time/env/compute_bootstrap_rewards,18,0.0003085699863731861,1790099780.7571564
time/env/compute_bootstrap_rewards,19,0.00032440386712551117,1790100077.1572878
time/env/compute_bootstrap_rewards,20,0.00032381201162934303,1790100642.1082623
time/env/compute_bootstrap_rewards,21,0.00034241797402501106,1790100932.7110357
time/env/compute_bootstrap_rewards,22,0.0002341289073228836,1790101229.3376873
time/env/compute_bootstrap_rewards,23,0.00028528040274977684,1790101523.6742837
time/env/compute_bootstrap_rewards,24,0.000310488510876894,1790101815.8594074
time/env/compute_bootstrap_rewards,25,0.0003404463641345501,1790102382.610579
time/env/compute_bootstrap_rewards,26,0.00023886468261480331,1790102675.006683
time/env/compute_bootstrap_rewards,27,0.0002559209242463112,1790102969.943454
time/env/compute_bootstrap_rewards,28,0.0002758186310529709,1790103263.8618333
time/env/compute_bootstrap_rewards,29,0.0002812943421304226,1790103558.2210727
time/env/compute_bootstrap_rewards,30,0.0002483939751982689,1790104122.9189522
time/env/compute_bootstrap_rewards,31,0.00029080547392368317,1790104413.2871337
time/env/compute_bootstrap_rewards,32,0.000328749418258667,1790104710.0673892
time/env/compute_bootstrap_rewards,33,0.00039188098162412643,1790105005.1845667
time/env/compute_bootstrap_rewards,34,0.00022872071713209152,1790105300.2975855
time/env/compute_bootstrap_rewards,35,0.0002815714105963707,1790105865.337681
time/env/compute_bootstrap_rewards,36,0.00022033927962183952,1790106156.0929127
time/env/compute_bootstrap_rewards,37,0.00023674778640270233,1790106452.1609597
time/env/compute_bootstrap_rewards,38,0.0002721683122217655,1790106746.4863925
time/env/compute_bootstrap_rewards,39,0.00031645921990275383,1790107039.3407445
time/env/compute_bootstrap_rewards,40,0.00023141875863075256,1790107604.3079069
time/env/compute_bootstrap_rewards,41,0.00031500402837991714,1790107895.8653476
time/env/compute_bootstrap_rewards,42,0.00026872148737311363,1790108190.5848143
time/env/compute_bootstrap_rewards,43,0.00027888407930731773,1790108487.242002
time/env/compute_bootstrap_rewards,44,0.00024491455405950546,1790108782.293315
time/env/compute_bootstrap_rewards,45,0.0002680444158613682,1790109350.196601
time/env/compute_bootstrap_rewards,46,0.00021603284403681755,1790109642.5682833
time/env/compute_bootstrap_rewards,47,0.0002597840502858162,1790109941.81737
time/env/compute_bootstrap_rewards,48,0.0002572811208665371,1790110240.6175907
time/env/compute_bootstrap_rewards,49,0.00033608125522732735,1790110537.8640802
time/env/compute_bootstrap_rewards,50,0.00025694631040096283,1790111140.7814543
time/env/compute_bootstrap_rewards,51,0.00027489522472023964,1790111434.7880983
time/env/compute_bootstrap_rewards,52,0.00028017209842801094,1790111728.8364875
time/env/compute_bootstrap_rewards,53,0.0002775900065898895,1790112023.7952247
time/env/compute_bootstrap_rewards,54,0.0003318479284644127,1790112318.586735
time/env/compute_bootstrap_rewards,55,0.0002779541537165642,1790112885.3320248
time/env/compute_bootstrap_rewards,56,0.0002996162511408329,1790113176.2658722
time/env/compute_bootstrap_rewards,57,0.00034815026447176933,1790113470.8459313
time/env/compute_bootstrap_rewards,58,0.0002755294553935528,1790113765.2266781
time/env/compute_bootstrap_rewards,59,0.000273117795586586,1790114059.5899885
time/env/compute_bootstrap_rewards,60,0.00031212298199534416,1790114630.7140617
time/env/compute_bootstrap_rewards,61,0.0003321724943816662,1790114922.6082509
time/env/compute_bootstrap_rewards,62,0.0002234191633760929,1790115217.0678837
time/env/compute_bootstrap_rewards,63,0.0002788715064525604,1790115510.3471153
time/env/compute_bootstrap_rewards,64,0.00023729680106043816,1790115805.3503916
time/env/compute_bootstrap_rewards,65,0.00023585231974720955,1790116371.027773
time/env/compute_bootstrap_rewards,66,0.00031319307163357735,1790116663.7011802
time/env/compute_bootstrap_rewards,67,0.0002896036021411419,1790116959.7758358
time/env/compute_bootstrap_rewards,68,0.0002610250376164913,1790117256.9670372
time/env/compute_bootstrap_rewards,69,0.0002654828131198883,1790117552.7995837
time/env/compute_bootstrap_rewards,70,0.00027883192524313927,1790118123.6038535
time/env/compute_bootstrap_rewards,71,0.000261661596596241,1790118416.134475
time/env/compute_bootstrap_rewards,72,0.00021240487694740295,1790118712.8212917
time/env/compute_bootstrap_rewards,73,0.00019004056230187416,1790119006.9683013
time/env/compute_bootstrap_rewards,74,0.0002973247319459915,1790119301.3928392
time/env/compute_bootstrap_rewards,75,0.00022408878430724144,1790119864.6882796
time/env/compute_bootstrap_rewards,76,0.0002656755968928337,1790120156.8688364
time/env/compute_bootstrap_rewards,77,0.00023886840790510178,1790120450.721555
time/env/compute_bootstrap_rewards,78,0.00022066058591008186,1790120743.794805
time/env/compute_bootstrap_rewards,79,0.00026428326964378357,1790121037.42765
time/env/compute_bootstrap_rewards,80,0.00032635126262903214,1790121597.3287883
time/env/compute_bootstrap_rewards,81,0.00023226672783493996,1790121891.3225746
time/env/compute_bootstrap_rewards,82,0.00031468644738197327,1790122185.5258973
time/env/compute_bootstrap_rewards,83,0.00019003311172127724,1790122482.9478
time/env/compute_bootstrap_rewards,84,0.00021450454369187355,1790122776.8068242
time/env/compute_bootstrap_rewards,85,0.00028606364503502846,1790123339.1603427
time/env/compute_bootstrap_rewards,86,0.00035718921571969986,1790123629.836372
time/env/compute_bootstrap_rewards,87,0.00024356413632631302,1790123924.3446062
time/env/compute_bootstrap_rewards,88,0.0003345906734466553,1790124215.20128
time/env/compute_bootstrap_rewards,89,0.00018610339611768723,1790124508.8864477
time/env/compute_bootstrap_rewards,90,0.0003268239088356495,1790125070.9207604
time/env/compute_bootstrap_rewards,91,0.0003545628860592842,1790125361.7946274
time/env/compute_bootstrap_rewards,92,0.00033524399623274803,1790125652.3360035
time/env/compute_bootstrap_rewards,93,0.0002656267024576664,1790125947.2713118
time/env/compute_bootstrap_rewards,94,0.00020267348736524582,1790126240.6627922
time/env/compute_bootstrap_rewards,95,0.00029454659670591354,1790126798.677979
time/env/compute_bootstrap_rewards,96,0.000337749719619751,1790127092.008284
time/env/compute_bootstrap_rewards,97,0.00019937288016080856,1790127386.23424
time/env/compute_bootstrap_rewards,98,0.00021659769117832184,1790127680.4599469
time/env/compute_bootstrap_rewards,99,0.0004236707463860512,1790127974.91704
time/env/compute_bootstrap_rewards,100,0.0002819797955453396,1790128568.9018464
time/env/compute_bootstrap_rewards,101,0.00028172601014375687,1790128860.4462173
time/env/compute_bootstrap_rewards,102,0.00018801772966980934,1790129153.1436877
time/env/compute_bootstrap_rewards,103,0.0003379746340215206,1790129447.0753896
time/env/compute_bootstrap_rewards,104,0.000286908820271492,1790129741.2310293
time/env/compute_bootstrap_rewards,105,0.00026075029745697975,1790130304.8447526
time/env/compute_bootstrap_rewards,106,0.0004035336896777153,1790130597.4632215
time/env/compute_bootstrap_rewards,107,0.00037604430690407753,1790130891.8085675
time/env/compute_bootstrap_rewards,108,0.0002785706892609596,1790131185.7799814
time/env/compute_bootstrap_rewards,109,0.0002807844430208206,1790131478.122587
time/env/compute_bootstrap_rewards,110,0.0002699405886232853,1790132046.9363008
time/env/compute_bootstrap_rewards,111,0.00026811379939317703,1790132340.918559
time/env/compute_bootstrap_rewards,112,0.00033101998269557953,1790132635.9074652
time/env/compute_bootstrap_rewards,113,0.00034200260415673256,1790132930.5082545
time/env/compute_bootstrap_rewards,114,0.0003502708859741688,1790133224.3935387
time/env/compute_bootstrap_rewards,115,0.0003275829367339611,1790133790.4001055
time/env/compute_bootstrap_rewards,116,0.0002705557271838188,1790134083.2874491
time/env/compute_bootstrap_rewards,117,0.0002965838648378849,1790134378.7738557
time/env/compute_bootstrap_rewards,118,0.0003001755103468895,1790134673.6076272
time/env/compute_bootstrap_rewards,119,0.0002545560710132122,1790134966.2122414
time/env/compute_bootstrap_rewards,120,0.0003529912792146206,1790135528.1896932
time/env/compute_bootstrap_rewards,121,0.00021951738744974136,1790135820.187914
time/env/compute_bootstrap_rewards,122,0.0002713315188884735,1790136117.17433
time/env/compute_bootstrap_rewards,123,0.00027689291164278984,1790136412.5732653
time/env/compute_bootstrap_rewards,124,0.00028679007664322853,1790136704.9783995
time/env/compute_bootstrap_rewards,125,0.00019717775285243988,1790137270.343154
time/env/compute_bootstrap_rewards,126,0.0002738814800977707,1790137562.658061
time/env/compute_bootstrap_rewards,127,0.00025543151423335075,1790137856.955542
time/env/env_interact_step,1,19.444486618041992,1790093952.9660573
time/env/env_interact_step,2,18.433368682861328,1790094252.7394989
time/env/env_interact_step,3,18.818178176879883,1790094547.597943
time/env/env_interact_step,4,17.960023880004883,1790094841.3361084
time/env/env_interact_step,5,18.18239402770996,1790095406.6660178
time/env/env_interact_step,6,19.41164779663086,1790095700.0635085
time/env/env_interact_step,7,17.98145294189453,1790095995.761803
time/env/env_interact_step,8,18.07103729248047,1790096287.9798996
time/env/env_interact_step,9,18.195154190063477,1790096585.3270452
time/env/env_interact_step,10,18.475261688232422,1790097154.7856405
time/env/env_interact_step,11,18.588645935058594,1790097447.5261304
time/env/env_interact_step,12,17.927661895751953,1790097742.155703
time/env/env_interact_step,13,17.432222366333008,1790098035.1682162
time/env/env_interact_step,14,19.117599487304688,1790098330.3451552
time/env/env_interact_step,15,18.16118049621582,1790098897.6588326
time/env/env_interact_step,16,18.141807556152344,1790099190.386737
time/env/env_interact_step,17,18.78798484802246,1790099486.9297662
time/env/env_interact_step,18,18.11245346069336,1790099780.7571638
time/env/env_interact_step,19,18.613706588745117,1790100077.1572955
time/env/env_interact_step,20,17.650283813476562,1790100642.1082687
time/env/env_interact_step,21,18.449419021606445,1790100932.7110407
time/env/env_interact_step,22,18.73137855529785,1790101229.3376958
time/env/env_interact_step,23,18.830183029174805,1790101523.6742923
time/env/env_interact_step,24,18.536836624145508,1790101815.8594155
time/env/env_interact_step,25,18.29840850830078,1790102382.6105864
time/env/env_interact_step,26,18.825084686279297,1790102675.0066898
time/env/env_interact_step,27,17.89105987548828,1790102969.9434612
time/env/env_interact_step,28,17.728740692138672,1790103263.8618405
time/env/env_interact_step,29,17.432525634765625,1790103558.221079
time/env/env_interact_step,30,18.178813934326172,1790104122.91896
time/env/env_interact_step,31,17.386728286743164,1790104413.2871442
time/env/env_interact_step,32,18.802053451538086,1790104710.067397
time/env/env_interact_step,33,17.767189025878906,1790105005.1845725
time/env/env_interact_step,34,17.877004623413086,1790105300.297592
time/env/env_interact_step,35,18.363353729248047,1790105865.3376894
time/env/env_interact_step,36,17.93796730041504,1790106156.0929196
time/env/env_interact_step,37,18.641618728637695,1790106452.1609664
time/env/env_interact_step,38,18.171531677246094,1790106746.4863997
time/env/env_interact_step,39,17.016887664794922,1790107039.3407514
time/env/env_interact_step,40,18.912586212158203,1790107604.3079145
time/env/env_interact_step,41,17.46695899963379,1790107895.8653548
time/env/env_interact_step,42,17.722936630249023,1790108190.584823
time/env/env_interact_step,43,18.495115280151367,1790108487.2420094
time/env/env_interact_step,44,17.829843521118164,1790108782.2933235
time/env/env_interact_step,45,18.022045135498047,1790109350.196608
time/env/env_interact_step,46,17.50469398498535,1790109642.568292
time/env/env_interact_step,47,18.700904846191406,1790109941.817378
time/env/env_interact_step,48,17.4697322845459,1790110240.6175995
time/env/env_interact_step,49,18.18608283996582,1790110537.8640869
time/env/env_interact_step,50,17.75292205810547,1790111140.781461
time/env/env_interact_step,51,17.869840621948242,1790111434.7881048
time/env/env_interact_step,52,16.715925216674805,1790111728.8364944
time/env/env_interact_step,53,17.254528045654297,1790112023.7952309
time/env/env_interact_step,54,17.672523498535156,1790112318.5867422
time/env/env_interact_step,55,18.024559020996094,1790112885.3320336
time/env/env_interact_step,56,18.56597328186035,1790113176.265882
time/env/env_interact_step,57,17.990921020507812,1790113470.8459387
time/env/env_interact_step,58,18.151752471923828,1790113765.226685
time/env/env_interact_step,59,17.354013442993164,1790114059.5899968
time/env/env_interact_step,60,19.476776123046875,1790114630.7140694
time/env/env_interact_step,61,17.869848251342773,1790114922.6082623
time/env/env_interact_step,62,17.618579864501953,1790115217.0678906
time/env/env_interact_step,63,17.375411987304688,1790115510.3471231
time/env/env_interact_step,64,18.30840492248535,1790115805.3504055
time/env/env_interact_step,65,17.977907180786133,1790116371.0277805
time/env/env_interact_step,66,17.666587829589844,1790116663.701187
time/env/env_interact_step,67,17.581920623779297,1790116959.7758434
time/env/env_interact_step,68,18.417821884155273,1790117256.9670434
time/env/env_interact_step,69,17.5198917388916,1790117552.7995903
time/env/env_interact_step,70,17.59359359741211,1790118123.6038623
time/env/env_interact_step,71,18.21742820739746,1790118416.134482
time/env/env_interact_step,72,18.66982078552246,1790118712.8212986
time/env/env_interact_step,73,18.220369338989258,1790119006.9683182
time/env/env_interact_step,74,18.14106559753418,1790119301.392847
time/env/env_interact_step,75,18.18668556213379,1790119864.6882856
time/env/env_interact_step,76,18.19828224182129,1790120156.8688436
time/env/env_interact_step,77,17.848514556884766,1790120450.7215612
time/env/env_interact_step,78,17.924522399902344,1790120743.7948115
time/env/env_interact_step,79,17.75467872619629,1790121037.4276567
time/env/env_interact_step,80,18.14384651184082,1790121597.3287961
time/env/env_interact_step,81,17.960317611694336,1790121891.3225815
time/env/env_interact_step,82,17.70930290222168,1790122185.5259042
time/env/env_interact_step,83,18.947078704833984,1790122482.947809
time/env/env_interact_step,84,17.761995315551758,1790122776.8068314
time/env/env_interact_step,85,17.406036376953125,1790123339.1603515
time/env/env_interact_step,86,17.455036163330078,1790123629.8363788
time/env/env_interact_step,87,18.32521629333496,1790123924.3446136
time/env/env_interact_step,88,17.38448715209961,1790124215.2012875
time/env/env_interact_step,89,18.324237823486328,1790124508.8864546
time/env/env_interact_step,90,17.89205551147461,1790125070.9207673
time/env/env_interact_step,91,17.03487777709961,1790125361.7946346
time/env/env_interact_step,92,17.06568145751953,1790125652.3360095
time/env/env_interact_step,93,18.177391052246094,1790125947.2713182
time/env/env_interact_step,94,18.454957962036133,1790126240.6628015
time/env/env_interact_step,95,18.057130813598633,1790126798.6779902
time/env/env_interact_step,96,17.65399932861328,1790127092.008291
time/env/env_interact_step,97,17.402620315551758,1790127386.2342477
time/env/env_interact_step,98,17.746437072753906,1790127680.4599552
time/env/env_interact_step,99,18.016103744506836,1790127974.9170468
time/env/env_interact_step,100,18.40105628967285,1790128568.9018576
time/env/env_interact_step,101,18.154417037963867,1790128860.4462242
time/env/env_interact_step,102,16.758888244628906,1790129153.1437
time/env/env_interact_step,103,18.104948043823242,1790129447.0753963
time/env/env_interact_step,104,17.1896915435791,1790129741.2310407
time/env/env_interact_step,105,17.0614070892334,1790130304.8447647
time/env/env_interact_step,106,18.390348434448242,1790130597.4632301
time/env/env_interact_step,107,18.001081466674805,1790130891.8085732
time/env/env_interact_step,108,18.437355041503906,1790131185.779988
time/env/env_interact_step,109,17.842042922973633,1790131478.1225948
time/env/env_interact_step,110,18.679197311401367,1790132046.9363093
time/env/env_interact_step,111,18.9044189453125,1790132340.9185693
time/env/env_interact_step,112,17.255046844482422,1790132635.9074724
time/env/env_interact_step,113,18.516435623168945,1790132930.5082612
time/env/env_interact_step,114,17.983980178833008,1790133224.3935459
time/env/env_interact_step,115,17.39983367919922,1790133790.4001122
time/env/env_interact_step,116,17.698997497558594,1790134083.287458
time/env/env_interact_step,117,17.363536834716797,1790134378.773866
time/env/env_interact_step,118,17.7043514251709,1790134673.6076345
time/env/env_interact_step,119,17.60260581970215,1790134966.2122486
time/env/env_interact_step,120,19.096914291381836,1790135528.1897047
time/env/env_interact_step,121,17.8885498046875,1790135820.187921
time/env/env_interact_step,122,17.76176643371582,1790136117.1743429
time/env/env_interact_step,123,18.77667236328125,1790136412.5732715
time/env/env_interact_step,124,17.613426208496094,1790136704.9784083
time/env/env_interact_step,125,17.596853256225586,1790137270.343162
time/env/env_interact_step,126,17.137895584106445,1790137562.6580682
time/env/env_interact_step,127,16.76970863342285,1790137856.9555495
time/env/run_interact_once,1,77.03103637695312,1790093952.9660633
time/env/run_interact_once,2,69.3862075805664,1790094252.739519
time/env/run_interact_once,3,66.10844421386719,1790094547.5979517
time/env/run_interact_once,4,65.7271957397461,1790094841.3361154
time/env/run_interact_once,5,66.89659118652344,1790095406.6660252
time/env/run_interact_once,6,68.65605163574219,1790095700.0635133
time/env/run_interact_once,7,67.72425079345703,1790095995.7618134
time/env/run_interact_once,8,64.93965911865234,1790096287.9799047
time/env/run_interact_once,9,70.12696075439453,1790096585.327051
time/env/run_interact_once,10,65.75552368164062,1790097154.7856486
time/env/run_interact_once,11,67.90266418457031,1790097447.5261364
time/env/run_interact_once,12,66.82106018066406,1790097742.1557107
time/env/run_interact_once,13,65.4643325805664,1790098035.1682222
time/env/run_interact_once,14,67.37303924560547,1790098330.3451612
time/env/run_interact_once,15,66.93622589111328,1790098897.6588402
time/env/run_interact_once,16,68.05908966064453,1790099190.3867435
time/env/run_interact_once,17,67.95426177978516,1790099486.9297721
time/env/run_interact_once,18,65.79496765136719,1790099780.7571695
time/env/run_interact_once,19,67.86373138427734,1790100077.1573024
time/env/run_interact_once,20,67.99819946289062,1790100642.108275
time/env/run_interact_once,21,65.96875762939453,1790100932.7110453
time/env/run_interact_once,22,68.45968627929688,1790101229.3377035
time/env/run_interact_once,23,66.42577362060547,1790101523.6743004
time/env/run_interact_once,24,64.5506362915039,1790101815.8594227
time/env/run_interact_once,25,65.89653778076172,1790102382.6105933
time/env/run_interact_once,26,67.2200927734375,1790102675.0066957
time/env/run_interact_once,27,66.1712875366211,1790102969.9434676
time/env/run_interact_once,28,65.8663330078125,1790103263.8618462
time/env/run_interact_once,29,66.60819244384766,1790103558.2210848
time/env/run_interact_once,30,65.89034271240234,1790104122.9189677
time/env/run_interact_once,31,65.79413604736328,1790104413.287153
time/env/run_interact_once,32,68.23243713378906,1790104710.0674036
time/env/run_interact_once,33,67.08519744873047,1790105005.1845772
time/env/run_interact_once,34,66.57685852050781,1790105300.2975974
time/env/run_interact_once,35,67.16351318359375,1790105865.337698
time/env/run_interact_once,36,66.27780151367188,1790106156.0929255
time/env/run_interact_once,37,67.09297943115234,1790106452.1609735
time/env/run_interact_once,38,66.04784393310547,1790106746.4864056
time/env/run_interact_once,39,64.36442565917969,1790107039.3407571
time/env/run_interact_once,40,65.6586685180664,1790107604.3079221
time/env/run_interact_once,41,66.30436706542969,1790107895.8653612
time/env/run_interact_once,42,65.62824249267578,1790108190.5848298
time/env/run_interact_once,43,68.60636901855469,1790108487.2420158
time/env/run_interact_once,44,66.40140533447266,1790108782.2933316
time/env/run_interact_once,45,66.18938446044922,1790109350.196615
time/env/run_interact_once,46,66.21160888671875,1790109642.5682993
time/env/run_interact_once,47,69.23529815673828,1790109941.8173852
time/env/run_interact_once,48,69.44547271728516,1790110240.6176064
time/env/run_interact_once,49,68.09893035888672,1790110537.8640926
time/env/run_interact_once,50,70.71249389648438,1790111140.7814682
time/env/run_interact_once,51,68.77156066894531,1790111434.7881105
time/env/run_interact_once,52,66.14655303955078,1790111728.8365002
time/env/run_interact_once,53,66.9231948852539,1790112023.795237
time/env/run_interact_once,54,67.1002426147461,1790112318.5867486
time/env/run_interact_once,55,65.67206573486328,1790112885.3320415
time/env/run_interact_once,56,66.44843292236328,1790113176.265891
time/env/run_interact_once,57,66.3138427734375,1790113470.8459466
time/env/run_interact_once,58,66.55076599121094,1790113765.226691
time/env/run_interact_once,59,66.17080688476562,1790114059.590004
time/env/run_interact_once,60,67.17740631103516,1790114630.7140765
time/env/run_interact_once,61,67.13350677490234,1790114922.608272
time/env/run_interact_once,62,65.72383880615234,1790115217.067897
time/env/run_interact_once,63,65.35694122314453,1790115510.34713
time/env/run_interact_once,64,66.87907409667969,1790115805.350415
time/env/run_interact_once,65,66.77759552001953,1790116371.0277889
time/env/run_interact_once,66,67.3848648071289,1790116663.7011924
time/env/run_interact_once,67,67.10840606689453,1790116959.7758503
time/env/run_interact_once,68,69.13224029541016,1790117256.967049
time/env/run_interact_once,69,67.69857025146484,1790117552.799596
time/env/run_interact_once,70,66.9587631225586,1790118123.6038702
time/env/run_interact_once,71,67.8444595336914,1790118416.1344883
time/env/run_interact_once,72,67.60717010498047,1790118712.8213048
time/env/run_interact_once,73,66.65347290039062,1790119006.9683278
time/env/run_interact_once,74,65.95797729492188,1790119301.3928542
time/env/run_interact_once,75,65.6396484375,1790119864.6882915
time/env/run_interact_once,76,67.31558227539062,1790120156.868849
time/env/run_interact_once,77,65.4494400024414,1790120450.721567
time/env/run_interact_once,78,64.97664642333984,1790120743.7948172
time/env/run_interact_once,79,64.6678695678711,1790121037.4276626
time/env/run_interact_once,80,63.61189270019531,1790121597.3288043
time/env/run_interact_once,81,68.206787109375,1790121891.3225873
time/env/run_interact_once,82,65.4605941772461,1790122185.52591
time/env/run_interact_once,83,68.56024932861328,1790122482.947818
time/env/run_interact_once,84,65.64749908447266,1790122776.8068385
time/env/run_interact_once,85,65.0160140991211,1790123339.160359
time/env/run_interact_once,86,65.27660369873047,1790123629.8363845
time/env/run_interact_once,87,65.90178680419922,1790123924.3446193
time/env/run_interact_once,88,62.42414474487305,1790124215.2012951
time/env/run_interact_once,89,64.67205047607422,1790124508.8864603
time/env/run_interact_once,90,63.98617935180664,1790125070.9207742
time/env/run_interact_once,91,66.06119537353516,1790125361.7946403
time/env/run_interact_once,92,61.66616439819336,1790125652.3360138
time/env/run_interact_once,93,65.95389556884766,1790125947.271324
time/env/run_interact_once,94,64.91880798339844,1790126240.6628087
time/env/run_interact_once,95,62.80243682861328,1790126798.6780012
time/env/run_interact_once,96,67.2791976928711,1790127092.0082967
time/env/run_interact_once,97,65.2869644165039,1790127386.2342536
time/env/run_interact_once,98,64.93779754638672,1790127680.4599636
time/env/run_interact_once,99,65.91472625732422,1790127974.917053
time/env/run_interact_once,100,68.44815063476562,1790128568.9018652
time/env/run_interact_once,101,66.29236602783203,1790128860.44623
time/env/run_interact_once,102,64.6709976196289,1790129153.1437092
time/env/run_interact_once,103,65.33673858642578,1790129447.0754023
time/env/run_interact_once,104,65.50242614746094,1790129741.2310526
time/env/run_interact_once,105,65.5718994140625,1790130304.8447762
time/env/run_interact_once,106,67.37799835205078,1790130597.4632387
time/env/run_interact_once,107,65.9962387084961,1790130891.808578
time/env/run_interact_once,108,65.4624252319336,1790131185.7799938
time/env/run_interact_once,109,63.42166519165039,1790131478.122602
time/env/run_interact_once,110,67.88784790039062,1790132046.936317
time/env/run_interact_once,111,68.69109344482422,1790132340.918578
time/env/run_interact_once,112,66.3697509765625,1790132635.9074788
time/env/run_interact_once,113,66.46380615234375,1790132930.508267
time/env/run_interact_once,114,65.45773315429688,1790133224.393552
time/env/run_interact_once,115,65.3302230834961,1790133790.4001188
time/env/run_interact_once,116,67.32807922363281,1790134083.287466
time/env/run_interact_once,117,66.64117431640625,1790134378.773876
time/env/run_interact_once,118,65.99293518066406,1790134673.6076415
time/env/run_interact_once,119,63.83049011230469,1790134966.2122562
time/env/run_interact_once,120,66.75343322753906,1790135528.189717
time/env/run_interact_once,121,66.89817810058594,1790135820.1879268
time/env/run_interact_once,122,68.49545288085938,1790136117.1743526
time/env/run_interact_once,123,66.68189239501953,1790136412.5732768
time/env/run_interact_once,124,63.38608169555664,1790136704.9784172
time/env/run_interact_once,125,66.18177795410156,1790137270.3431702
time/env/run_interact_once,126,66.234619140625,1790137562.6580744
time/env/run_interact_once,127,64.02719116210938,1790137856.9555564
time/env/interact,1,77.03111267089844,1790093952.9660695
time/env/interact,2,69.38623809814453,1790094252.7395372
time/env/interact,3,66.10848999023438,1790094547.5979602
time/env/interact,4,65.727294921875,1790094841.3361223
time/env/interact,5,66.89663696289062,1790095406.6660337
time/env/interact,6,68.65611267089844,1790095700.0635185
time/env/interact,7,67.72431945800781,1790095995.761823
time/env/interact,8,64.93975067138672,1790096287.9799101
time/env/interact,9,70.12700653076172,1790096585.3270571
time/env/interact,10,65.75559997558594,1790097154.7856567
time/env/interact,11,67.9027328491211,1790097447.5261421
time/env/interact,12,66.82110595703125,1790097742.155718
time/env/interact,13,65.46438598632812,1790098035.1682289
time/env/interact,14,67.37310791015625,1790098330.3451674
time/env/interact,15,66.93626403808594,1790098897.6588483
time/env/interact,16,68.05915069580078,1790099190.3867497
time/env/interact,17,67.95429992675781,1790099486.929778
time/env/interact,18,65.79501342773438,1790099780.7571752
time/env/interact,19,67.86380004882812,1790100077.1573088
time/env/interact,20,67.99823760986328,1790100642.108281
time/env/interact,21,65.96881103515625,1790100932.71105
time/env/interact,22,68.45976257324219,1790101229.3377125
time/env/interact,23,66.42581176757812,1790101523.6743083
time/env/interact,24,64.5506820678711,1790101815.859431
time/env/interact,25,65.89659881591797,1790102382.6106002
time/env/interact,26,67.22014617919922,1790102675.0067017
time/env/interact,27,66.17137908935547,1790102969.9434736
time/env/interact,28,65.86640930175781,1790103263.8618522
time/env/interact,29,66.60823822021484,1790103558.2210908
time/env/interact,30,65.8904037475586,1790104122.918976
time/env/interact,31,65.7942123413086,1790104413.287161
time/env/interact,32,68.23249816894531,1790104710.0674107
time/env/interact,33,67.08527374267578,1790105005.1845822
time/env/interact,34,66.576904296875,1790105300.297604
time/env/interact,35,67.1635513305664,1790105865.3377066
time/env/interact,36,66.27786254882812,1790106156.0929313
time/env/interact,37,67.093017578125,1790106452.1609795
time/env/interact,38,66.04788970947266,1790106746.4864118
time/env/interact,39,64.36446380615234,1790107039.340763
time/env/interact,40,65.65872192382812,1790107604.3079302
time/env/interact,41,66.304443359375,1790107895.8653677
time/env/interact,42,65.6282958984375,1790108190.584837
time/env/interact,43,68.60643768310547,1790108487.2420216
time/env/interact,44,66.40145111083984,1790108782.2933397
time/env/interact,45,66.18943786621094,1790109350.1966217
time/env/interact,46,66.211669921875,1790109642.5683067
time/env/interact,47,69.23538208007812,1790109941.817392
time/env/interact,48,69.445556640625,1790110240.6176133
time/env/interact,49,68.09900665283203,1790110537.8640983
time/env/interact,50,70.71253967285156,1790111140.7814746
time/env/interact,51,68.77163696289062,1790111434.7881167
time/env/interact,52,66.14659881591797,1790111728.8365066
time/env/interact,53,66.92325592041016,1790112023.795243
time/env/interact,54,67.10030364990234,1790112318.5867543
time/env/interact,55,65.672119140625,1790112885.3320496
time/env/interact,56,66.4485092163086,1790113176.2658997
time/env/interact,57,66.31388854980469,1790113470.845953
time/env/interact,58,66.5508041381836,1790113765.2266977
time/env/interact,59,66.17086791992188,1790114059.5900106
time/env/interact,60,67.1774673461914,1790114630.714083
time/env/interact,61,67.13357543945312,1790114922.608281
time/env/interact,62,65.72388458251953,1790115217.0679033
time/env/interact,63,65.35700225830078,1790115510.3471367
time/env/interact,64,66.87913513183594,1790115805.3504248
time/env/interact,65,66.7776870727539,1790116371.027797
time/env/interact,66,67.38492584228516,1790116663.7011986
time/env/interact,67,67.10848999023438,1790116959.775857
time/env/interact,68,69.13231658935547,1790117256.9670548
time/env/interact,69,67.6986312866211,1790117552.7996023
time/env/interact,70,66.95885467529297,1790118123.6038787
time/env/interact,71,67.84452819824219,1790118416.1344943
time/env/interact,72,67.60723114013672,1790118712.8213115
time/env/interact,73,66.65352630615234,1790119006.9683363
time/env/interact,74,65.95803833007812,1790119301.3928623
time/env/interact,75,65.63972473144531,1790119864.6882975
time/env/interact,76,67.31565856933594,1790120156.8688552
time/env/interact,77,65.44947814941406,1790120450.7215734
time/env/interact,78,64.97669219970703,1790120743.7948232
time/env/interact,79,64.66792297363281,1790121037.427669
time/env/interact,80,63.611961364746094,1790121597.3288128
time/env/interact,81,68.20684051513672,1790121891.3225932
time/env/interact,82,65.46063995361328,1790122185.5259166
time/env/interact,83,68.56029510498047,1790122482.9478273
time/env/interact,84,65.64756774902344,1790122776.8068454
time/env/interact,85,65.01607513427734,1790123339.1603668
time/env/interact,86,65.27667236328125,1790123629.8363903
time/env/interact,87,65.9018325805664,1790123924.3446255
time/env/interact,88,62.424190521240234,1790124215.2013023
time/env/interact,89,64.67208862304688,1790124508.8864663
time/env/interact,90,63.98625564575195,1790125070.9207811
time/env/interact,91,66.06127166748047,1790125361.7946467
time/env/interact,92,61.66621017456055,1790125652.3360193
time/env/interact,93,65.95394134521484,1790125947.2713296
time/env/interact,94,64.9188461303711,1790126240.6628156
time/env/interact,95,62.80252456665039,1790126798.6780112
time/env/interact,96,67.27926635742188,1790127092.0083027
time/env/interact,97,65.28699493408203,1790127386.2342596
time/env/interact,98,64.93782806396484,1790127680.4599714
time/env/interact,99,65.91481018066406,1790127974.9170587
time/env/interact,100,68.44824981689453,1790128568.901873
time/env/interact,101,66.29247283935547,1790128860.4462361
time/env/interact,102,64.6710205078125,1790129153.1437173
time/env/interact,103,65.33686828613281,1790129447.075409
time/env/interact,104,65.50247955322266,1790129741.2310634
time/env/interact,105,65.57196044921875,1790130304.844787
time/env/interact,106,67.37806701660156,1790130597.4632466
time/env/interact,107,65.99629211425781,1790130891.8085823
time/env/interact,108,65.46247863769531,1790131185.7799997
time/env/interact,109,63.42169952392578,1790131478.1226096
time/env/interact,110,67.88799285888672,1790132046.9363244
time/env/interact,111,68.69115447998047,1790132340.9185867
time/env/interact,112,66.36978912353516,1790132635.9074852
time/env/interact,113,66.46385192871094,1790132930.5082731
time/env/interact,114,65.4577865600586,1790133224.3935585
time/env/interact,115,65.33026885986328,1790133790.4001257
time/env/interact,116,67.32814025878906,1790134083.2874742
time/env/interact,117,66.64122009277344,1790134378.7738857
time/env/interact,118,65.99299621582031,1790134673.6076484
time/env/interact,119,63.830535888671875,1790134966.2122622
time/env/interact,120,66.75347137451172,1790135528.1897292
time/env/interact,121,66.89823913574219,1790135820.1879332
time/env/interact,122,68.49553680419922,1790136117.174362
time/env/interact,123,66.68193817138672,1790136412.5732818
time/env/interact,124,63.386138916015625,1790136704.9784253
time/env/interact,125,66.18180847167969,1790137270.3431783
time/env/interact,126,66.23468017578125,1790137562.6580806
time/env/interact,127,64.0272216796875,1790137856.955563
time/rollout/sync_model_from_actor,1,3.303248882293701,1790093952.9660754
time/rollout/sync_model_from_actor,2,6.76170015335083,1790094252.7395537
time/rollout/sync_model_from_actor,3,5.751866817474365,1790094547.597969
time/rollout/sync_model_from_actor,4,5.165864944458008,1790094841.3361292
time/rollout/sync_model_from_actor,5,9.889404296875,1790095406.6660492
time/rollout/sync_model_from_actor,6,1.5388121604919434,1790095700.0635233
time/rollout/sync_model_from_actor,7,4.8056864738464355,1790095995.761833
time/rollout/sync_model_from_actor,8,5.1439433097839355,1790096287.9799159
time/rollout/sync_model_from_actor,9,4.897325038909912,1790096585.3270628
time/rollout/sync_model_from_actor,10,9.754485130310059,1790097154.7856722
time/rollout/sync_model_from_actor,11,1.8543815612792969,1790097447.5261483
time/rollout/sync_model_from_actor,12,4.693631172180176,1790097742.1557255
time/rollout/sync_model_from_actor,13,4.94824743270874,1790098035.1682453
time/rollout/sync_model_from_actor,14,5.188121795654297,1790098330.345173
time/rollout/sync_model_from_actor,15,10.233626365661621,1790098897.6588638
time/rollout/sync_model_from_actor,16,1.5344080924987793,1790099190.3867552
time/rollout/sync_model_from_actor,17,4.934325218200684,1790099486.9297843
time/rollout/sync_model_from_actor,18,4.747254371643066,1790099780.757181
time/rollout/sync_model_from_actor,19,4.777794361114502,1790100077.1573155
time/rollout/sync_model_from_actor,20,10.524017333984375,1790100642.108292
time/rollout/sync_model_from_actor,21,1.42667818069458,1790100932.7110546
time/rollout/sync_model_from_actor,22,4.724361419677734,1790101229.3377209
time/rollout/sync_model_from_actor,23,4.733665466308594,1790101523.674316
time/rollout/sync_model_from_actor,24,4.784201145172119,1790101815.8594387
time/rollout/sync_model_from_actor,25,10.008414268493652,1790102382.6106145
time/rollout/sync_model_from_actor,26,1.434570074081421,1790102675.0067077
time/rollout/sync_model_from_actor,27,5.175002574920654,1790102969.9434807
time/rollout/sync_model_from_actor,28,5.157444953918457,1790103263.8618577
time/rollout/sync_model_from_actor,29,4.912237167358398,1790103558.2210968
time/rollout/sync_model_from_actor,30,10.085627555847168,1790104122.9189913
time/rollout/sync_model_from_actor,31,1.6741169691085815,1790104413.287169
time/rollout/sync_model_from_actor,32,5.021852970123291,1790104710.067417
time/rollout/sync_model_from_actor,33,5.083255767822266,1790105005.1845868
time/rollout/sync_model_from_actor,34,4.90905237197876,1790105300.29761
time/rollout/sync_model_from_actor,35,10.070226669311523,1790105865.3377218
time/rollout/sync_model_from_actor,36,1.5336496829986572,1790106156.0929377
time/rollout/sync_model_from_actor,37,4.976263046264648,1790106452.160986
time/rollout/sync_model_from_actor,38,5.114296913146973,1790106746.4864182
time/rollout/sync_model_from_actor,39,5.104263782501221,1790107039.3407693
time/rollout/sync_model_from_actor,40,9.965970039367676,1790107604.3079462
time/rollout/sync_model_from_actor,41,1.687057375907898,1790107895.8653738
time/rollout/sync_model_from_actor,42,5.3324103355407715,1790108190.5848436
time/rollout/sync_model_from_actor,43,5.139625549316406,1790108487.2420275
time/rollout/sync_model_from_actor,44,5.351020336151123,1790108782.2933471
time/rollout/sync_model_from_actor,45,11.137667655944824,1790109350.1966352
time/rollout/sync_model_from_actor,46,1.5111624002456665,1790109642.5683138
time/rollout/sync_model_from_actor,47,4.9410319328308105,1790109941.817399
time/rollout/sync_model_from_actor,48,5.059842586517334,1790110240.6176205
time/rollout/sync_model_from_actor,49,5.277539253234863,1790110537.8641043
time/rollout/sync_model_from_actor,50,9.918641090393066,1790111140.7814887
time/rollout/sync_model_from_actor,51,1.2936410903930664,1790111434.7881227
time/rollout/sync_model_from_actor,52,4.978512287139893,1790111728.8365128
time/rollout/sync_model_from_actor,53,4.960659503936768,1790112023.7952497
time/rollout/sync_model_from_actor,54,4.89580774307251,1790112318.586761
time/rollout/sync_model_from_actor,55,9.85778522491455,1790112885.3320658
time/rollout/sync_model_from_actor,56,1.5017340183258057,1790113176.2659085
time/rollout/sync_model_from_actor,57,4.889237880706787,1790113470.8459597
time/rollout/sync_model_from_actor,58,4.907609939575195,1790113765.2267041
time/rollout/sync_model_from_actor,59,4.913411617279053,1790114059.5900176
time/rollout/sync_model_from_actor,60,9.780510902404785,1790114630.7140968
time/rollout/sync_model_from_actor,61,1.491379976272583,1790114922.6082885
time/rollout/sync_model_from_actor,62,5.378196716308594,1790115217.0679088
time/rollout/sync_model_from_actor,63,4.962810516357422,1790115510.3471441
time/rollout/sync_model_from_actor,64,5.1529951095581055,1790115805.3504338
time/rollout/sync_model_from_actor,65,9.609935760498047,1790116371.0278122
time/rollout/sync_model_from_actor,66,1.4926655292510986,1790116663.7012048
time/rollout/sync_model_from_actor,67,5.203165054321289,1790116959.7758644
time/rollout/sync_model_from_actor,68,5.139951229095459,1790117256.967061
time/rollout/sync_model_from_actor,69,5.320843696594238,1790117552.7996082
time/rollout/sync_model_from_actor,70,9.83102798461914,1790118123.6038942
time/rollout/sync_model_from_actor,71,1.4047164916992188,1790118416.1345003
time/rollout/sync_model_from_actor,72,5.169206142425537,1790118712.821318
time/rollout/sync_model_from_actor,73,4.880262851715088,1790119006.968344
time/rollout/sync_model_from_actor,74,4.88665246963501,1790119301.3928688
time/rollout/sync_model_from_actor,75,9.90976619720459,1790119864.6883085
time/rollout/sync_model_from_actor,76,1.5014740228652954,1790120156.868861
time/rollout/sync_model_from_actor,77,4.9499006271362305,1790120450.7215796
time/rollout/sync_model_from_actor,78,4.883143901824951,1790120743.7948291
time/rollout/sync_model_from_actor,79,5.156065464019775,1790121037.4276752
time/rollout/sync_model_from_actor,80,10.128203392028809,1790121597.3288288
time/rollout/sync_model_from_actor,81,1.746405839920044,1790121891.3225992
time/rollout/sync_model_from_actor,82,5.081204414367676,1790122185.525923
time/rollout/sync_model_from_actor,83,5.311095237731934,1790122482.9478364
time/rollout/sync_model_from_actor,84,5.119960784912109,1790122776.8068519
time/rollout/sync_model_from_actor,85,10.175992965698242,1790123339.1603827
time/rollout/sync_model_from_actor,86,1.5843608379364014,1790123629.8363955
time/rollout/sync_model_from_actor,87,4.736762523651123,1790123924.3446312
time/rollout/sync_model_from_actor,88,5.023176670074463,1790124215.201309
time/rollout/sync_model_from_actor,89,5.305109977722168,1790124508.8864722
time/rollout/sync_model_from_actor,90,10.190486907958984,1790125070.920795
time/rollout/sync_model_from_actor,91,1.5069531202316284,1790125361.7946525
time/rollout/sync_model_from_actor,92,5.24940824508667,1790125652.3360236
time/rollout/sync_model_from_actor,93,5.054448127746582,1790125947.2713354
time/rollout/sync_model_from_actor,94,4.963037490844727,1790126240.6628225
time/rollout/sync_model_from_actor,95,9.958487510681152,1790126798.6780317
time/rollout/sync_model_from_actor,96,1.5459710359573364,1790127092.0083084
time/rollout/sync_model_from_actor,97,5.297442436218262,1790127386.234266
time/rollout/sync_model_from_actor,98,5.378598690032959,1790127680.4599788
time/rollout/sync_model_from_actor,99,5.129868984222412,1790127974.9170647
time/rollout/sync_model_from_actor,100,10.0115966796875,1790128568.9018896
time/rollout/sync_model_from_actor,101,1.2934486865997314,1790128860.446242
time/rollout/sync_model_from_actor,102,4.8937859535217285,1790129153.1437252
time/rollout/sync_model_from_actor,103,5.0336503982543945,1790129447.0754144
time/rollout/sync_model_from_actor,104,5.360941410064697,1790129741.2310736
time/rollout/sync_model_from_actor,105,10.169952392578125,1790130304.8448079
time/rollout/sync_model_from_actor,106,1.4624518156051636,1790130597.4632542
time/rollout/sync_model_from_actor,107,5.208683013916016,1790130891.8085868
time/rollout/sync_model_from_actor,108,5.136693954467773,1790131185.7800057
time/rollout/sync_model_from_actor,109,5.220060348510742,1790131478.1226168
time/rollout/sync_model_from_actor,110,10.049779891967773,1790132046.9363408
time/rollout/sync_model_from_actor,111,1.3661214113235474,1790132340.9185953
time/rollout/sync_model_from_actor,112,4.947549343109131,1790132635.907492
time/rollout/sync_model_from_actor,113,4.898438930511475,1790132930.5082788
time/rollout/sync_model_from_actor,114,5.020432949066162,1790133224.3935645
time/rollout/sync_model_from_actor,115,10.006608963012695,1790133790.4001393
time/rollout/sync_model_from_actor,116,1.4780292510986328,1790134083.2874823
time/rollout/sync_model_from_actor,117,5.2659993171691895,1790134378.7738953
time/rollout/sync_model_from_actor,118,5.034704208374023,1790134673.6076553
time/rollout/sync_model_from_actor,119,5.189867973327637,1790134966.212268
time/rollout/sync_model_from_actor,120,10.3799467086792,1790135528.189753
time/rollout/sync_model_from_actor,121,1.5236643552780151,1790135820.1879392
time/rollout/sync_model_from_actor,122,4.958173751831055,1790136117.1743708
time/rollout/sync_model_from_actor,123,4.902710914611816,1790136412.573287
time/rollout/sync_model_from_actor,124,5.266050338745117,1790136704.9784331
time/rollout/sync_model_from_actor,125,9.715813636779785,1790137270.3431947
time/rollout/sync_model_from_actor,126,1.4554423093795776,1790137562.6580865
time/rollout/sync_model_from_actor,127,5.361197471618652,1790137856.955572
time/rollout/predict,1,1.7272661924362183,1790093952.9660816
time/rollout/predict,2,1.2164833545684814,1790094252.739569
time/rollout/predict,3,1.1962498426437378,1790094547.5979774
time/rollout/predict,4,1.2281516790390015,1790094841.3361359
time/rollout/predict,5,5.831452369689941,1790095406.6660576
time/rollout/predict,6,1.0381544828414917,1790095700.0635276
time/rollout/predict,7,1.2318165302276611,1790095995.7618425
time/rollout/predict,8,1.1573972702026367,1790096287.979921
time/rollout/predict,9,1.200388789176941,1790096585.3270683
time/rollout/predict,10,5.852314472198486,1790097154.78568
time/rollout/predict,11,1.2117352485656738,1790097447.5261543
time/rollout/predict,12,1.2069885730743408,1790097742.1557324
time/rollout/predict,13,1.2119724750518799,1790098035.1682522
time/rollout/predict,14,1.2174056768417358,1790098330.3451805
time/rollout/predict,15,5.963928699493408,1790098897.658872
time/rollout/predict,16,1.153782844543457,1790099190.3867617
time/rollout/predict,17,1.1674035787582397,1790099486.9297903
time/rollout/predict,18,1.1936613321304321,1790099780.757187
time/rollout/predict,19,1.175085186958313,1790100077.1573226
time/rollout/predict,20,5.989473819732666,1790100642.108298
time/rollout/predict,21,1.2042714357376099,1790100932.7110596
time/rollout/predict,22,1.2582628726959229,1790101229.3377283
time/rollout/predict,23,1.1937211751937866,1790101523.674324
time/rollout/predict,24,1.1969072818756104,1790101815.8594468
time/rollout/predict,25,5.844959735870361,1790102382.6106212
time/rollout/predict,26,1.198480486869812,1790102675.0067134
time/rollout/predict,27,1.2244503498077393,1790102969.9434874
time/rollout/predict,28,1.1941395998001099,1790103263.8618631
time/rollout/predict,29,1.1096404790878296,1790103558.2211022
time/rollout/predict,30,5.872647285461426,1790104122.9189992
time/rollout/predict,31,1.197587490081787,1790104413.2871773
time/rollout/predict,32,1.1798343658447266,1790104710.0674233
time/rollout/predict,33,1.1752506494522095,1790105005.1845913
time/rollout/predict,34,1.2168155908584595,1790105300.2976155
time/rollout/predict,35,5.987040996551514,1790105865.3377304
time/rollout/predict,36,1.1972496509552002,1790106156.0929434
time/rollout/predict,37,1.250859260559082,1790106452.1609917
time/rollout/predict,38,1.229264259338379,1790106746.486424
time/rollout/predict,39,1.2105886936187744,1790107039.340775
time/rollout/predict,40,5.893860340118408,1790107604.3079545
time/rollout/predict,41,1.1689906120300293,1790107895.86538
time/rollout/predict,42,1.2059811353683472,1790108190.5848505
time/rollout/predict,43,1.1202629804611206,1790108487.2420335
time/rollout/predict,44,1.0409228801727295,1790108782.293355
time/rollout/predict,45,5.64545202255249,1790109350.1966422
time/rollout/predict,46,1.1565171480178833,1790109642.5683215
time/rollout/predict,47,1.198041558265686,1790109941.817406
time/rollout/predict,48,1.194083333015442,1790110240.6176274
time/rollout/predict,49,1.140559434890747,1790110537.8641107
time/rollout/predict,50,5.7877116203308105,1790111140.7814958
time/rollout/predict,51,1.1915854215621948,1790111434.7881286
time/rollout/predict,52,1.1959145069122314,1790111728.836519
time/rollout/predict,53,1.1879936456680298,1790112023.7952557
time/rollout/predict,54,1.1816166639328003,1790112318.5867672
time/rollout/predict,55,5.804291248321533,1790112885.3320737
time/rollout/predict,56,1.1834732294082642,1790113176.2659173
time/rollout/predict,57,1.1799882650375366,1790113470.8459663
time/rollout/predict,58,1.183623194694519,1790113765.2267106
time/rollout/predict,59,1.1877459287643433,1790114059.5900245
time/rollout/predict,60,5.808189392089844,1790114630.7141037
time/rollout/predict,61,1.2470993995666504,1790114922.6082962
time/rollout/predict,62,1.1200809478759766,1790115217.0679152
time/rollout/predict,63,1.1481046676635742,1790115510.3471508
time/rollout/predict,64,1.1741944551467896,1790115805.3504426
time/rollout/predict,65,5.938674449920654,1790116371.0278203
time/rollout/predict,66,1.2841256856918335,1790116663.7012103
time/rollout/predict,67,1.2045725584030151,1790116959.7758715
time/rollout/predict,68,1.202617883682251,1790117256.9670663
time/rollout/predict,69,1.1559712886810303,1790117552.799614
time/rollout/predict,70,5.936197757720947,1790118123.6039026
time/rollout/predict,71,1.0617990493774414,1790118416.1345062
time/rollout/predict,72,1.1559782028198242,1790118712.8213236
time/rollout/predict,73,1.1501197814941406,1790119006.968351
time/rollout/predict,74,1.189650058746338,1790119301.3928757
time/rollout/predict,75,5.8606791496276855,1790119864.6883142
time/rollout/predict,76,1.1641079187393188,1790120156.8688672
time/rollout/predict,77,1.2098255157470703,1790120450.7215855
time/rollout/predict,78,1.1868329048156738,1790120743.7948346
time/rollout/predict,79,1.189624547958374,1790121037.4276812
time/rollout/predict,80,5.901027202606201,1790121597.3288367
time/rollout/predict,81,1.2027714252471924,1790121891.3226073
time/rollout/predict,82,1.148874044418335,1790122185.525929
time/rollout/predict,83,1.1147531270980835,1790122482.9478452
time/rollout/predict,84,1.1937576532363892,1790122776.8068583
time/rollout/predict,85,5.846048831939697,1790123339.1603913
time/rollout/predict,86,1.1526756286621094,1790123629.8364015
time/rollout/predict,87,1.2107013463974,1790123924.3446372
time/rollout/predict,88,1.1554474830627441,1790124215.2013152
time/rollout/predict,89,1.1373151540756226,1790124508.8864791
time/rollout/predict,90,5.896026134490967,1790125070.9208019
time/rollout/predict,91,1.1165614128112793,1790125361.7946584
time/rollout/predict,92,1.1864354610443115,1790125652.336028
time/rollout/predict,93,1.1802682876586914,1790125947.2713413
time/rollout/predict,94,1.1943445205688477,1790126240.6628292
time/rollout/predict,95,5.692732334136963,1790126798.6780422
time/rollout/predict,96,1.1590498685836792,1790127092.0083148
time/rollout/predict,97,1.1421232223510742,1790127386.234273
time/rollout/predict,98,1.158573865890503,1790127680.4599862
time/rollout/predict,99,1.1775994300842285,1790127974.9170706
time/rollout/predict,100,5.747133731842041,1790128568.9018972
time/rollout/predict,101,1.2286975383758545,1790128860.4462476
time/rollout/predict,102,1.150944709777832,1790129153.1437335
time/rollout/predict,103,1.1430548429489136,1790129447.0754204
time/rollout/predict,104,1.146916151046753,1790129741.2310843
time/rollout/predict,105,5.833798885345459,1790130304.8448184
time/rollout/predict,106,1.1866495609283447,1790130597.4632623
time/rollout/predict,107,1.1475229263305664,1790130891.8085914
time/rollout/predict,108,1.1872731447219849,1790131185.7800112
time/rollout/predict,109,1.1759265661239624,1790131478.122624
time/rollout/predict,110,5.685476303100586,1790132046.9363484
time/rollout/predict,111,1.2033843994140625,1790132340.9186041
time/rollout/predict,112,1.1038762331008911,1790132635.9074993
time/rollout/predict,113,1.200903296470642,1790132930.5082846
time/rollout/predict,114,1.1235623359680176,1790133224.3935704
time/rollout/predict,115,5.862766265869141,1790133790.4001462
time/rollout/predict,116,1.1553388833999634,1790134083.2874906
time/rollout/predict,117,1.2016496658325195,1790134378.7739046
time/rollout/predict,118,1.2254416942596436,1790134673.6076627
time/rollout/predict,119,1.1505829095840454,1790134966.2122738
time/rollout/predict,120,5.9756035804748535,1790135528.189765
time/rollout/predict,121,1.1469788551330566,1790135820.187945
time/rollout/predict,122,1.2115516662597656,1790136117.17438
time/rollout/predict,123,1.1956613063812256,1790136412.573292
time/rollout/predict,124,1.1422061920166016,1790136704.9784408
time/rollout/predict,125,5.819766521453857,1790137270.3432026
time/rollout/predict,126,1.195264458656311,1790137562.658093
time/rollout/predict,127,1.1899722814559937,1790137856.9555786
time/rollout/generate_one_epoch,1,75.8815689086914,1790093952.9660876
time/rollout/generate_one_epoch,2,67.56024169921875,1790094252.7395864
time/rollout/generate_one_epoch,3,63.68791961669922,1790094547.597986
time/rollout/generate_one_epoch,4,63.47173309326172,1790094841.336143
time/rollout/generate_one_epoch,5,65.03596496582031,1790095406.6660655
time/rollout/generate_one_epoch,6,67.58769989013672,1790095700.0635324
time/rollout/generate_one_epoch,7,66.4602279663086,1790095995.7618518
time/rollout/generate_one_epoch,8,63.64742660522461,1790096287.9799263
time/rollout/generate_one_epoch,9,68.9201431274414,1790096585.327074
time/rollout/generate_one_epoch,10,64.50300598144531,1790097154.7856874
time/rollout/generate_one_epoch,11,66.8824691772461,1790097447.5261605
time/rollout/generate_one_epoch,12,65.17696380615234,1790097742.1557395
time/rollout/generate_one_epoch,13,64.13151550292969,1790098035.1682582
time/rollout/generate_one_epoch,14,66.29580688476562,1790098330.3451862
time/rollout/generate_one_epoch,15,65.3198471069336,1790098897.6588795
time/rollout/generate_one_epoch,16,66.88087463378906,1790099190.3867676
time/rollout/generate_one_epoch,17,66.68672943115234,1790099486.9297965
time/rollout/generate_one_epoch,18,64.64908599853516,1790099780.7571929
time/rollout/generate_one_epoch,19,66.22679138183594,1790100077.1573293
time/rollout/generate_one_epoch,20,66.59334564208984,1790100642.1083035
time/rollout/generate_one_epoch,21,65.03213500976562,1790100932.711064
time/rollout/generate_one_epoch,22,66.90721130371094,1790101229.3377361
time/rollout/generate_one_epoch,23,65.42105102539062,1790101523.6743317
time/rollout/generate_one_epoch,24,63.544593811035156,1790101815.8594542
time/rollout/generate_one_epoch,25,64.74861907958984,1790102382.6106284
time/rollout/generate_one_epoch,26,66.0560302734375,1790102675.0067189
time/rollout/generate_one_epoch,27,64.71625518798828,1790102969.9434936
time/rollout/generate_one_epoch,28,64.71670532226562,1790103263.8618693
time/rollout/generate_one_epoch,29,65.60124206542969,1790103558.2211082
time/rollout/generate_one_epoch,30,64.76146697998047,1790104122.9190073
time/rollout/generate_one_epoch,31,64.90221405029297,1790104413.2871854
time/rollout/generate_one_epoch,32,67.10537719726562,1790104710.0674295
time/rollout/generate_one_epoch,33,65.83414459228516,1790105005.1845958
time/rollout/generate_one_epoch,34,65.55313873291016,1790105300.2976213
time/rollout/generate_one_epoch,35,66.02189636230469,1790105865.337739
time/rollout/generate_one_epoch,36,65.28482818603516,1790106156.0929494
time/rollout/generate_one_epoch,37,65.87854766845703,1790106452.1609976
time/rollout/generate_one_epoch,38,64.35123443603516,1790106746.4864302
time/rollout/generate_one_epoch,39,63.37057113647461,1790107039.340781
time/rollout/generate_one_epoch,40,64.63265991210938,1790107604.307962
time/rollout/generate_one_epoch,41,65.35107421875,1790107895.8653865
time/rollout/generate_one_epoch,42,63.07569122314453,1790108190.5848572
time/rollout/generate_one_epoch,43,66.28973388671875,1790108487.2420394
time/rollout/generate_one_epoch,44,64.67108154296875,1790108782.2933629
time/rollout/generate_one_epoch,45,64.53014373779297,1790109350.196649
time/rollout/generate_one_epoch,46,65.23783111572266,1790109642.5683293
time/rollout/generate_one_epoch,47,67.85005187988281,1790109941.817413
time/rollout/generate_one_epoch,48,67.80457305908203,1790110240.6176345
time/rollout/generate_one_epoch,49,66.60324096679688,1790110537.8641164
time/rollout/generate_one_epoch,50,69.74449157714844,1790111140.7815027
time/rollout/generate_one_epoch,51,67.63558197021484,1790111434.7881343
time/rollout/generate_one_epoch,52,65.14207458496094,1790111728.836525
time/rollout/generate_one_epoch,53,65.29778289794922,1790112023.795263
time/rollout/generate_one_epoch,54,65.85922241210938,1790112318.586773
time/rollout/generate_one_epoch,55,64.28301239013672,1790112885.332082
time/rollout/generate_one_epoch,56,65.57638549804688,1790113176.265926
time/rollout/generate_one_epoch,57,65.05974578857422,1790113470.8459733
time/rollout/generate_one_epoch,58,65.606689453125,1790113765.2267175
time/rollout/generate_one_epoch,59,64.82109069824219,1790114059.5900316
time/rollout/generate_one_epoch,60,66.2193603515625,1790114630.7141106
time/rollout/generate_one_epoch,61,66.17933654785156,1790114922.6083038
time/rollout/generate_one_epoch,62,64.74434661865234,1790115217.0679212
time/rollout/generate_one_epoch,63,63.8505973815918,1790115510.3471584
time/rollout/generate_one_epoch,64,65.90292358398438,1790115805.350452
time/rollout/generate_one_epoch,65,65.2515869140625,1790116371.027828
time/rollout/generate_one_epoch,66,66.31292724609375,1790116663.7012162
time/rollout/generate_one_epoch,67,65.60250854492188,1790116959.775879
time/rollout/generate_one_epoch,68,67.43582153320312,1790117256.967072
time/rollout/generate_one_epoch,69,66.26261138916016,1790117552.7996204
time/rollout/generate_one_epoch,70,65.70079803466797,1790118123.6039102
time/rollout/generate_one_epoch,71,66.62908935546875,1790118416.1345124
time/rollout/generate_one_epoch,72,66.43639373779297,1790118712.82133
time/rollout/generate_one_epoch,73,65.65804290771484,1790119006.9683585
time/rollout/generate_one_epoch,74,64.57149505615234,1790119301.3928826
time/rollout/generate_one_epoch,75,64.60032653808594,1790119864.6883194
time/rollout/generate_one_epoch,76,66.26315307617188,1790120156.8688731
time/rollout/generate_one_epoch,77,64.22444152832031,1790120450.7215915
time/rollout/generate_one_epoch,78,63.51467514038086,1790120743.7948408
time/rollout/generate_one_epoch,79,63.761817932128906,1790121037.4276872
time/rollout/generate_one_epoch,80,62.10960388183594,1790121597.3288445
time/rollout/generate_one_epoch,81,67.2988052368164,1790121891.322613
time/rollout/generate_one_epoch,82,64.45487213134766,1790122185.5259354
time/rollout/generate_one_epoch,83,67.4920654296875,1790122482.9478543
time/rollout/generate_one_epoch,84,64.4127197265625,1790122776.8068655
time/rollout/generate_one_epoch,85,63.86075973510742,1790123339.160399
time/rollout/generate_one_epoch,86,64.24781036376953,1790123629.8364072
time/rollout/generate_one_epoch,87,64.743408203125,1790123924.344643
time/rollout/generate_one_epoch,88,61.25759506225586,1790124215.2013218
time/rollout/generate_one_epoch,89,63.37417221069336,1790124508.8864853
time/rollout/generate_one_epoch,90,62.96233367919922,1790125070.9208088
time/rollout/generate_one_epoch,91,64.7905044555664,1790125361.7946641
time/rollout/generate_one_epoch,92,60.28337097167969,1790125652.3360329
time/rollout/generate_one_epoch,93,64.88139343261719,1790125947.2713475
time/rollout/generate_one_epoch,94,63.84615707397461,1790126240.6628363
time/rollout/generate_one_epoch,95,61.27113342285156,1790126798.678053
time/rollout/generate_one_epoch,96,66.32425689697266,1790127092.0083215
time/rollout/generate_one_epoch,97,64.02800750732422,1790127386.2342796
time/rollout/generate_one_epoch,98,63.45315933227539,1790127680.4599934
time/rollout/generate_one_epoch,99,64.9144287109375,1790127974.917076
time/rollout/generate_one_epoch,100,67.41547393798828,1790128568.901905
time/rollout/generate_one_epoch,101,65.10750579833984,1790128860.4462538
time/rollout/generate_one_epoch,102,63.507694244384766,1790129153.1437411
time/rollout/generate_one_epoch,103,64.1678237915039,1790129447.0754263
time/rollout/generate_one_epoch,104,64.30693817138672,1790129741.2310946
time/rollout/generate_one_epoch,105,64.6203842163086,1790130304.8448293
time/rollout/generate_one_epoch,106,66.219482421875,1790130597.4632704
time/rollout/generate_one_epoch,107,64.9654312133789,1790130891.808596
time/rollout/generate_one_epoch,108,64.38369750976562,1790131185.780017
time/rollout/generate_one_epoch,109,62.18257522583008,1790131478.1226318
time/rollout/generate_one_epoch,110,66.92256927490234,1790132046.9363565
time/rollout/generate_one_epoch,111,67.53358459472656,1790132340.9186127
time/rollout/generate_one_epoch,112,65.0780029296875,1790132635.907506
time/rollout/generate_one_epoch,113,64.99172973632812,1790132930.5082903
time/rollout/generate_one_epoch,114,64.2144546508789,1790133224.3935761
time/rollout/generate_one_epoch,115,64.26172637939453,1790133790.4001534
time/rollout/generate_one_epoch,116,66.42494201660156,1790134083.2874982
time/rollout/generate_one_epoch,117,65.57621765136719,1790134378.7739143
time/rollout/generate_one_epoch,118,64.84187316894531,1790134673.6076696
time/rollout/generate_one_epoch,119,62.75198745727539,1790134966.2122798
time/rollout/generate_one_epoch,120,65.22233581542969,1790135528.1897776
time/rollout/generate_one_epoch,121,65.84471893310547,1790135820.1879508
time/rollout/generate_one_epoch,122,67.26106262207031,1790136117.174389
time/rollout/generate_one_epoch,123,65.00585174560547,1790136412.5732968
time/rollout/generate_one_epoch,124,62.13629150390625,1790136704.9784489
time/rollout/generate_one_epoch,125,64.59650421142578,1790137270.343211
time/rollout/generate_one_epoch,126,65.2105941772461,1790137562.6580994
time/rollout/generate_one_epoch,127,62.70195007324219,1790137856.955586
time/rollout/rollout/generate,1,80.70527648925781,1790093952.9660938
time/rollout/rollout/generate,2,72.77513885498047,1790094252.7396011
time/rollout/rollout/generate,3,69.08938598632812,1790094547.5979948
time/rollout/rollout/generate,4,68.81471252441406,1790094841.3361502
time/rollout/rollout/generate,5,70.00320434570312,1790095406.6660738
time/rollout/rollout/generate,6,71.2961196899414,1790095700.0635371
time/rollout/rollout/generate,7,70.75665283203125,1790095995.7618616
time/rollout/rollout/generate,8,67.61351776123047,1790096287.9799318
time/rollout/rollout/generate,9,73.204833984375,1790096585.3270798
time/rollout/rollout/generate,10,68.56879425048828,1790097154.7856953
time/rollout/rollout/generate,11,70.69630432128906,1790097447.5261662
time/rollout/rollout/generate,12,69.6416015625,1790097742.1557465
time/rollout/rollout/generate,13,68.30537414550781,1790098035.1682642
time/rollout/rollout/generate,14,70.30423736572266,1790098330.345192
time/rollout/rollout/generate,15,69.82527923583984,1790098897.658888
time/rollout/rollout/generate,16,70.75198364257812,1790099190.3867736
time/rollout/rollout/generate,17,70.86276245117188,1790099486.9298027
time/rollout/rollout/generate,18,68.6507568359375,1790099780.757199
time/rollout/rollout/generate,19,70.65021514892578,1790100077.1573362
time/rollout/rollout/generate,20,70.94921112060547,1790100642.1083097
time/rollout/rollout/generate,21,68.62899780273438,1790100932.7110684
time/rollout/rollout/generate,22,71.3261489868164,1790101229.3377433
time/rollout/rollout/generate,23,69.39263916015625,1790101523.6743398
time/rollout/rollout/generate,24,67.34402465820312,1790101815.8594613
time/rollout/rollout/generate,25,68.6158447265625,1790102382.6106348
time/rollout/rollout/generate,26,70.1315689086914,1790102675.006725
time/rollout/rollout/generate,27,69.06298065185547,1790102969.9435
time/rollout/rollout/generate,28,68.64495086669922,1790103263.861875
time/rollout/rollout/generate,29,69.46575164794922,1790103558.2211144
time/rollout/rollout/generate,30,68.71005249023438,1790104122.919015
time/rollout/rollout/generate,31,68.6884765625,1790104413.2871933
time/rollout/rollout/generate,32,71.14073944091797,1790104710.0674362
time/rollout/rollout/generate,33,69.9718017578125,1790105005.1846004
time/rollout/rollout/generate,34,69.60084533691406,1790105300.2976267
time/rollout/rollout/generate,35,70.02728271484375,1790105865.337747
time/rollout/rollout/generate,36,69.06798553466797,1790106156.0929554
time/rollout/rollout/generate,37,70.11540222167969,1790106452.1610034
time/rollout/rollout/generate,38,69.12326049804688,1790106746.4864361
time/rollout/rollout/generate,39,67.20651245117188,1790107039.3407867
time/rollout/rollout/generate,40,68.47199249267578,1790107604.307969
time/rollout/rollout/generate,41,69.5714111328125,1790107895.8653927
time/rollout/rollout/generate,42,68.75485229492188,1790108190.5848641
time/rollout/rollout/generate,43,71.4272232055664,1790108487.2420454
time/rollout/rollout/generate,44,69.0896987915039,1790108782.29337
time/rollout/rollout/generate,45,69.02425384521484,1790109350.1966555
time/rollout/rollout/generate,46,69.00939178466797,1790109642.568337
time/rollout/rollout/generate,47,72.08680725097656,1790109941.81742
time/rollout/rollout/generate,48,72.40119171142578,1790110240.6176417
time/rollout/rollout/generate,49,70.95177459716797,1790110537.8641224
time/rollout/rollout/generate,50,73.6552505493164,1790111140.7815096
time/rollout/rollout/generate,51,71.68094635009766,1790111434.78814
time/rollout/rollout/generate,52,68.78821563720703,1790111728.836531
time/rollout/rollout/generate,53,69.9415054321289,1790112023.7952685
time/rollout/rollout/generate,54,69.9071044921875,1790112318.5867794
time/rollout/rollout/generate,55,68.56150817871094,1790112885.33209
time/rollout/rollout/generate,56,69.28156280517578,1790113176.2659347
time/rollout/rollout/generate,57,69.2082748413086,1790113470.8459795
time/rollout/rollout/generate,58,69.33981323242188,1790113765.226724
time/rollout/rollout/generate,59,68.98464965820312,1790114059.5900385
time/rollout/rollout/generate,60,70.0008773803711,1790114630.7141175
time/rollout/rollout/generate,61,70.14820098876953,1790114922.6083117
time/rollout/rollout/generate,62,68.4825439453125,1790115217.0679276
time/rollout/rollout/generate,63,68.20135498046875,1790115510.3471653
time/rollout/rollout/generate,64,69.62386322021484,1790115805.350461
time/rollout/rollout/generate,65,69.51863098144531,1790116371.0278351
time/rollout/rollout/generate,66,70.35745239257812,1790116663.7012227
time/rollout/rollout/generate,67,69.99747467041016,1790116959.775885
time/rollout/rollout/generate,68,72.01953887939453,1790117256.967078
time/rollout/rollout/generate,69,70.48273468017578,1790117552.7996259
time/rollout/rollout/generate,70,69.87393188476562,1790118123.6039178
time/rollout/rollout/generate,71,70.45479583740234,1790118416.1345184
time/rollout/rollout/generate,72,70.33583068847656,1790118712.8213363
time/rollout/rollout/generate,73,69.21033477783203,1790119006.9683657
time/rollout/rollout/generate,74,68.81317901611328,1790119301.3928897
time/rollout/rollout/generate,75,68.19779968261719,1790119864.6883252
time/rollout/rollout/generate,76,70.16529083251953,1790120156.868879
time/rollout/rollout/generate,77,68.20598602294922,1790120450.7215977
time/rollout/rollout/generate,78,67.69640350341797,1790120743.7948465
time/rollout/rollout/generate,79,67.64161682128906,1790121037.4276934
time/rollout/rollout/generate,80,66.17247009277344,1790121597.3288524
time/rollout/rollout/generate,81,71.16060638427734,1790121891.322619
time/rollout/rollout/generate,82,68.17588806152344,1790122185.5259411
time/rollout/rollout/generate,83,71.40122985839844,1790122482.947863
time/rollout/rollout/generate,84,68.53215026855469,1790122776.8068724
time/rollout/rollout/generate,85,67.6924819946289,1790123339.1604066
time/rollout/rollout/generate,86,68.02983093261719,1790123629.8364131
time/rollout/rollout/generate,87,68.79019165039062,1790123924.3446486
time/rollout/rollout/generate,88,65.19796752929688,1790124215.2013283
time/rollout/rollout/generate,89,67.68180847167969,1790124508.886491
time/rollout/rollout/generate,90,66.81414031982422,1790125070.9208155
time/rollout/rollout/generate,91,68.62442779541016,1790125361.79467
time/rollout/rollout/generate,92,64.4471435546875,1790125652.3360374
time/rollout/rollout/generate,93,68.79060363769531,1790125947.271354
time/rollout/rollout/generate,94,67.65156555175781,1790126240.6628425
time/rollout/rollout/generate,95,65.41613006591797,1790126798.6780634
time/rollout/rollout/generate,96,70.20813751220703,1790127092.0083277
time/rollout/rollout/generate,97,68.2380599975586,1790127386.234287
time/rollout/rollout/generate,98,67.78263092041016,1790127680.4600005
time/rollout/rollout/generate,99,68.67236328125,1790127974.917082
time/rollout/rollout/generate,100,71.2145004272461,1790128568.901913
time/rollout/rollout/generate,101,69.1701431274414,1790128860.4462602
time/rollout/rollout/generate,102,67.44084167480469,1790129153.1437485
time/rollout/rollout/generate,103,68.12396240234375,1790129447.0754316
time/rollout/rollout/generate,104,68.03152465820312,1790129741.231105
time/rollout/rollout/generate,105,68.3232650756836,1790130304.8448405
time/rollout/rollout/generate,106,70.2998046875,1790130597.463278
time/rollout/rollout/generate,107,68.58828735351562,1790130891.8086004
time/rollout/rollout/generate,108,68.16995239257812,1790131185.7800229
time/rollout/rollout/generate,109,66.10782623291016,1790131478.1226387
time/rollout/rollout/generate,110,70.61267852783203,1790132046.9363637
time/rollout/rollout/generate,111,71.52136993408203,1790132340.9186213
time/rollout/rollout/generate,112,69.10311889648438,1790132635.907512
time/rollout/rollout/generate,113,69.42622375488281,1790132930.5082965
time/rollout/rollout/generate,114,68.33644104003906,1790133224.393582
time/rollout/rollout/generate,115,68.14546966552734,1790133790.40016
time/rollout/rollout/generate,116,70.16800689697266,1790134083.2875059
time/rollout/rollout/generate,117,69.36910247802734,1790134378.773924
time/rollout/rollout/generate,118,69.04933166503906,1790134673.6076765
time/rollout/rollout/generate,119,66.91048431396484,1790134966.212288
time/rollout/rollout/generate,120,69.82098388671875,1790135528.1897895
time/rollout/rollout/generate,121,69.72034454345703,1790135820.1879568
time/rollout/rollout/generate,122,71.42969512939453,1790136117.174398
time/rollout/rollout/generate,123,69.66619110107422,1790136412.573302
time/rollout/rollout/generate,124,66.49348449707031,1790136704.9784565
time/rollout/rollout/generate,125,69.24006652832031,1790137270.3432193
time/rollout/rollout/generate,126,69.49163818359375,1790137562.6581059
time/rollout/rollout/generate,127,67.07048797607422,1790137856.9555929
time/actor/actor/sync_model_to_rollout,1,6.456230163574219,1790093952.9660995
time/actor/actor/sync_model_to_rollout,2,2.9994959831237793,1790094252.7396162
time/actor/actor/sync_model_to_rollout,3,2.453357458114624,1790094547.5980062
time/actor/actor/sync_model_to_rollout,4,2.3112869262695312,1790094841.336157
time/actor/actor/sync_model_to_rollout,5,4.465445041656494,1790095406.6664937
time/actor/actor/sync_model_to_rollout,6,1.8569464683532715,1790095700.0635417
time/actor/actor/sync_model_to_rollout,7,2.293381452560425,1790095995.761873
time/actor/actor/sync_model_to_rollout,8,2.4781672954559326,1790096287.9799368
time/actor/actor/sync_model_to_rollout,9,2.305511236190796,1790096585.3270855
time/actor/actor/sync_model_to_rollout,10,4.471406936645508,1790097154.7862105
time/actor/actor/sync_model_to_rollout,11,2.075190305709839,1790097447.526172
time/actor/actor/sync_model_to_rollout,12,2.1903345584869385,1790097742.1557531
time/actor/actor/sync_model_to_rollout,13,2.2197186946868896,1790098035.1682699
time/actor/actor/sync_model_to_rollout,14,2.384930372238159,1790098330.3451977
time/actor/actor/sync_model_to_rollout,15,4.797279357910156,1790098897.659397
time/actor/actor/sync_model_to_rollout,16,1.7499769926071167,1790099190.3867795
time/actor/actor/sync_model_to_rollout,17,2.266724109649658,1790099486.9298086
time/actor/actor/sync_model_to_rollout,18,2.2564985752105713,1790099780.7572052
time/actor/actor/sync_model_to_rollout,19,2.266023635864258,1790100077.157345
time/actor/actor/sync_model_to_rollout,20,4.711065292358398,1790100642.1086454
time/actor/actor/sync_model_to_rollout,21,1.7379543781280518,1790100932.7110724
time/actor/actor/sync_model_to_rollout,22,2.2135276794433594,1790101229.3377504
time/actor/actor/sync_model_to_rollout,23,2.3303139209747314,1790101523.6743479
time/actor/actor/sync_model_to_rollout,24,2.1445508003234863,1790101815.8594687
time/actor/actor/sync_model_to_rollout,25,4.833906173706055,1790102382.610798
time/actor/actor/sync_model_to_rollout,26,1.7144712209701538,1790102675.0067308
time/actor/actor/sync_model_to_rollout,27,2.377310276031494,1790102969.943506
time/actor/actor/sync_model_to_rollout,28,2.512312889099121,1790103263.8618805
time/actor/actor/sync_model_to_rollout,29,2.410935640335083,1790103558.22112
time/actor/actor/sync_model_to_rollout,30,4.943923473358154,1790104122.91921
time/actor/actor/sync_model_to_rollout,31,1.9120800495147705,1790104413.2872012
time/actor/actor/sync_model_to_rollout,32,2.611727476119995,1790104710.0674427
time/actor/actor/sync_model_to_rollout,33,2.3950984477996826,1790105005.184605
time/actor/actor/sync_model_to_rollout,34,2.3513381481170654,1790105300.2976322
time/actor/actor/sync_model_to_rollout,35,4.626180171966553,1790105865.3379574
time/actor/actor/sync_model_to_rollout,36,1.7383108139038086,1790106156.092961
time/actor/actor/sync_model_to_rollout,37,2.26520037651062,1790106452.161009
time/actor/actor/sync_model_to_rollout,38,2.5325136184692383,1790106746.4864438
time/actor/actor/sync_model_to_rollout,39,2.383063316345215,1790107039.3407927
time/actor/actor/sync_model_to_rollout,40,4.809982776641846,1790107604.308193
time/actor/actor/sync_model_to_rollout,41,1.9455097913742065,1790107895.8653982
time/actor/actor/sync_model_to_rollout,42,2.5034852027893066,1790108190.5848715
time/actor/actor/sync_model_to_rollout,43,2.5298526287078857,1790108487.242051
time/actor/actor/sync_model_to_rollout,44,2.2819271087646484,1790108782.2933776
time/actor/actor/sync_model_to_rollout,45,6.0471343994140625,1790109350.1971433
time/actor/actor/sync_model_to_rollout,46,1.7927067279815674,1790109642.568344
time/actor/actor/sync_model_to_rollout,47,2.352654218673706,1790109941.8174267
time/actor/actor/sync_model_to_rollout,48,2.4813950061798096,1790110240.6176486
time/actor/actor/sync_model_to_rollout,49,2.615370750427246,1790110537.864128
time/actor/actor/sync_model_to_rollout,50,4.861041069030762,1790111140.7819505
time/actor/actor/sync_model_to_rollout,51,1.4901925325393677,1790111434.7881453
time/actor/actor/sync_model_to_rollout,52,2.29734468460083,1790111728.8365366
time/actor/actor/sync_model_to_rollout,53,2.432877540588379,1790112023.7952745
time/actor/actor/sync_model_to_rollout,54,2.243683338165283,1790112318.5867856
time/actor/actor/sync_model_to_rollout,55,5.038535118103027,1790112885.3324306
time/actor/actor/sync_model_to_rollout,56,1.7453281879425049,1790113176.2659438
time/actor/actor/sync_model_to_rollout,57,2.400132179260254,1790113470.8459861
time/actor/actor/sync_model_to_rollout,58,2.3158271312713623,1790113765.2267299
time/actor/actor/sync_model_to_rollout,59,2.457303762435913,1790114059.5900455
time/actor/actor/sync_model_to_rollout,60,4.840036869049072,1790114630.714595
time/actor/actor/sync_model_to_rollout,61,1.7107629776000977,1790114922.6083195
time/actor/actor/sync_model_to_rollout,62,2.429978609085083,1790115217.0679338
time/actor/actor/sync_model_to_rollout,63,2.562920093536377,1790115510.3471725
time/actor/actor/sync_model_to_rollout,64,2.6065101623535156,1790115805.35047
time/actor/actor/sync_model_to_rollout,65,4.873044490814209,1790116371.0283525
time/actor/actor/sync_model_to_rollout,66,1.724175214767456,1790116663.7012286
time/actor/actor/sync_model_to_rollout,67,2.3624536991119385,1790116959.7758918
time/actor/actor/sync_model_to_rollout,68,2.3545045852661133,1790117256.9670835
time/actor/actor/sync_model_to_rollout,69,2.609632730484009,1790117552.7996333
time/actor/actor/sync_model_to_rollout,70,4.5421977043151855,1790118123.6042106
time/actor/actor/sync_model_to_rollout,71,1.6619151830673218,1790118416.1345243
time/actor/actor/sync_model_to_rollout,72,2.43845796585083,1790118712.8213427
time/actor/actor/sync_model_to_rollout,73,2.263049602508545,1790119006.9683728
time/actor/actor/sync_model_to_rollout,74,2.313718318939209,1790119301.3928964
time/actor/actor/sync_model_to_rollout,75,4.629960536956787,1790119864.6886961
time/actor/actor/sync_model_to_rollout,76,1.795209288597107,1790120156.868885
time/actor/actor/sync_model_to_rollout,77,2.3375232219696045,1790120450.7216039
time/actor/actor/sync_model_to_rollout,78,2.211327314376831,1790120743.7948523
time/actor/actor/sync_model_to_rollout,79,2.427722215652466,1790121037.4276986
time/actor/actor/sync_model_to_rollout,80,5.060593605041504,1790121597.329371
time/actor/actor/sync_model_to_rollout,81,2.0425665378570557,1790121891.3226254
time/actor/actor/sync_model_to_rollout,82,2.5224344730377197,1790122185.5259473
time/actor/actor/sync_model_to_rollout,83,2.5236315727233887,1790122482.9478717
time/actor/actor/sync_model_to_rollout,84,2.565986394882202,1790122776.80688
time/actor/actor/sync_model_to_rollout,85,4.774740695953369,1790123339.1608217
time/actor/actor/sync_model_to_rollout,86,1.86283278465271,1790123629.8364189
time/actor/actor/sync_model_to_rollout,87,2.2923099994659424,1790123924.3446543
time/actor/actor/sync_model_to_rollout,88,2.38718581199646,1790124215.2013352
time/actor/actor/sync_model_to_rollout,89,2.404606342315674,1790124508.886497
time/actor/actor/sync_model_to_rollout,90,4.874600887298584,1790125070.9217389
time/actor/actor/sync_model_to_rollout,91,1.7388969659805298,1790125361.794676
time/actor/actor/sync_model_to_rollout,92,2.3441057205200195,1790125652.336042
time/actor/actor/sync_model_to_rollout,93,2.280336856842041,1790125947.27136
time/actor/actor/sync_model_to_rollout,94,2.3153188228607178,1790126240.6628494
time/actor/actor/sync_model_to_rollout,95,4.744724273681641,1790126798.6783266
time/actor/actor/sync_model_to_rollout,96,1.7890585660934448,1790127092.0083332
time/actor/actor/sync_model_to_rollout,97,2.6193885803222656,1790127386.2342956
time/actor/actor/sync_model_to_rollout,98,2.750957489013672,1790127680.4600084
time/actor/actor/sync_model_to_rollout,99,2.5658106803894043,1790127974.9170885
time/actor/actor/sync_model_to_rollout,100,4.757698059082031,1790128568.9024224
time/actor/actor/sync_model_to_rollout,101,1.458205223083496,1790128860.4462662
time/actor/actor/sync_model_to_rollout,102,2.391120433807373,1790129153.1437562
time/actor/actor/sync_model_to_rollout,103,2.348276376724243,1790129447.0754373
time/actor/actor/sync_model_to_rollout,104,2.4502649307250977,1790129741.231116
time/actor/actor/sync_model_to_rollout,105,4.8770880699157715,1790130304.845127
time/actor/actor/sync_model_to_rollout,106,1.7211461067199707,1790130597.463286
time/actor/actor/sync_model_to_rollout,107,2.4758193492889404,1790130891.8086045
time/actor/actor/sync_model_to_rollout,108,2.233278751373291,1790131185.7800283
time/actor/actor/sync_model_to_rollout,109,2.4498672485351562,1790131478.1226456
time/actor/actor/sync_model_to_rollout,110,4.539372444152832,1790132046.9367282
time/actor/actor/sync_model_to_rollout,111,1.5805824995040894,1790132340.9186296
time/actor/actor/sync_model_to_rollout,112,2.57241153717041,1790132635.907518
time/actor/actor/sync_model_to_rollout,113,2.490666151046753,1790132930.5083027
time/actor/actor/sync_model_to_rollout,114,2.456068515777588,1790133224.3935878
time/actor/actor/sync_model_to_rollout,115,5.17612886428833,1790133790.400623
time/actor/actor/sync_model_to_rollout,116,1.7334601879119873,1790134083.2875135
time/actor/actor/sync_model_to_rollout,117,2.3641111850738525,1790134378.7739315
time/actor/actor/sync_model_to_rollout,118,2.4821267127990723,1790134673.607684
time/actor/actor/sync_model_to_rollout,119,2.5810117721557617,1790134966.2122943
time/actor/actor/sync_model_to_rollout,120,5.088820457458496,1790135528.1903105
time/actor/actor/sync_model_to_rollout,121,1.7777611017227173,1790135820.1879623
time/actor/actor/sync_model_to_rollout,122,2.4113309383392334,1790136117.174407
time/actor/actor/sync_model_to_rollout,123,2.3490679264068604,1790136412.5733066
time/actor/actor/sync_model_to_rollout,124,2.369568347930908,1790136704.9784648
time/actor/actor/sync_model_to_rollout,125,4.697935581207275,1790137270.3433938
time/actor/actor/sync_model_to_rollout,126,1.6980339288711548,1790137562.6581125
time/actor/actor/sync_model_to_rollout,127,2.6931910514831543,1790137856.9555998
time/actor/actor/recv_traj,1,77.51323699951172,1790093952.9661055
time/actor/actor/recv_traj,2,69.53521728515625,1790094252.7396312
time/actor/actor/recv_traj,3,66.19629669189453,1790094547.5980155
time/actor/actor/recv_traj,4,65.86288452148438,1790094841.336164
time/actor/actor/recv_traj,5,67.01614379882812,1790095406.666503
time/actor/actor/recv_traj,6,68.7141342163086,1790095700.063546
time/actor/actor/recv_traj,7,67.85205078125,1790095995.7618825
time/actor/actor/recv_traj,8,65.0367431640625,1790096287.9799418
time/actor/actor/recv_traj,9,70.25032043457031,1790096585.3270912
time/actor/actor/recv_traj,10,65.88365936279297,1790097154.7862196
time/actor/actor/recv_traj,11,68.03699493408203,1790097447.5261784
time/actor/actor/recv_traj,12,66.96475982666016,1790097742.15576
time/actor/actor/recv_traj,13,65.62940216064453,1790098035.168275
time/actor/actor/recv_traj,14,67.41148376464844,1790098330.345203
time/actor/actor/recv_traj,15,67.06847381591797,1790098897.6594048
time/actor/actor/recv_traj,16,68.19021606445312,1790099190.3867855
time/actor/actor/recv_traj,17,68.0587158203125,1790099486.9298148
time/actor/actor/recv_traj,18,65.88866424560547,1790099780.757211
time/actor/actor/recv_traj,19,67.99983978271484,1790100077.157352
time/actor/actor/recv_traj,20,68.1246566772461,1790100642.1086516
time/actor/actor/recv_traj,21,66.0844955444336,1790100932.711077
time/actor/actor/recv_traj,22,68.52235412597656,1790101229.3377576
time/actor/actor/recv_traj,23,66.52034759521484,1790101523.6743562
time/actor/actor/recv_traj,24,64.66383361816406,1790101815.8594754
time/actor/actor/recv_traj,25,66.01139068603516,1790102382.610805
time/actor/actor/recv_traj,26,67.3358154296875,1790102675.0067358
time/actor/actor/recv_traj,27,66.38221740722656,1790102969.943512
time/actor/actor/recv_traj,28,66.02410125732422,1790103263.861886
time/actor/actor/recv_traj,29,66.78412628173828,1790103558.2211256
time/actor/actor/recv_traj,30,65.98152923583984,1790104122.9192188
time/actor/actor/recv_traj,31,65.95445251464844,1790104413.2872095
time/actor/actor/recv_traj,32,68.30872344970703,1790104710.0674493
time/actor/actor/recv_traj,33,67.2396469116211,1790105005.18461
time/actor/actor/recv_traj,34,66.7556381225586,1790105300.2976382
time/actor/actor/recv_traj,35,67.28519439697266,1790105865.337966
time/actor/actor/recv_traj,36,66.42796325683594,1790106156.0929673
time/actor/actor/recv_traj,37,67.19009399414062,1790106452.1610146
time/actor/actor/recv_traj,38,66.18383026123047,1790106746.4864497
time/actor/actor/recv_traj,39,64.53300476074219,1790107039.3407981
time/actor/actor/recv_traj,40,65.74095153808594,1790107604.3082013
time/actor/actor/recv_traj,41,66.47988891601562,1790107895.865404
time/actor/actor/recv_traj,42,65.7594985961914,1790108190.584878
time/actor/actor/recv_traj,43,68.73918914794922,1790108487.2420566
time/actor/actor/recv_traj,44,66.55180358886719,1790108782.2933855
time/actor/actor/recv_traj,45,66.2951889038086,1790109350.1971505
time/actor/actor/recv_traj,46,66.390869140625,1790109642.5683515
time/actor/actor/recv_traj,47,69.34471130371094,1790109941.8174334
time/actor/actor/recv_traj,48,69.65193176269531,1790110240.6176555
time/actor/actor/recv_traj,49,68.21946716308594,1790110537.864134
time/actor/actor/recv_traj,50,70.87702178955078,1790111140.781958
time/actor/actor/recv_traj,51,68.89363861083984,1790111434.788151
time/actor/actor/recv_traj,52,66.35309600830078,1790111728.8365426
time/actor/actor/recv_traj,53,67.0879135131836,1790112023.7952802
time/actor/actor/recv_traj,54,67.25318908691406,1790112318.5867918
time/actor/actor/recv_traj,55,65.79820251464844,1790112885.3324385
time/actor/actor/recv_traj,56,66.55119323730469,1790113176.2659528
time/actor/actor/recv_traj,57,66.40795135498047,1790113470.8459933
time/actor/actor/recv_traj,58,66.67891693115234,1790113765.2267363
time/actor/actor/recv_traj,59,66.33373260498047,1790114059.5900521
time/actor/actor/recv_traj,60,67.29385375976562,1790114630.714602
time/actor/actor/recv_traj,61,67.2901840209961,1790114922.6083255
time/actor/actor/recv_traj,62,65.85678100585938,1790115217.0679395
time/actor/actor/recv_traj,63,65.5068588256836,1790115510.3471792
time/actor/actor/recv_traj,64,67.0066146850586,1790115805.3504791
time/actor/actor/recv_traj,65,66.89328002929688,1790116371.0283606
time/actor/actor/recv_traj,66,67.55520629882812,1790116663.7012343
time/actor/actor/recv_traj,67,67.29261779785156,1790116959.7758987
time/actor/actor/recv_traj,68,69.25806427001953,1790117256.9670887
time/actor/actor/recv_traj,69,67.85365295410156,1790117552.7996392
time/actor/actor/recv_traj,70,67.14170837402344,1790118123.604219
time/actor/actor/recv_traj,71,68.00172424316406,1790118416.1345298
time/actor/actor/recv_traj,72,67.71849822998047,1790118712.821349
time/actor/actor/recv_traj,73,66.84321594238281,1790119006.96838
time/actor/actor/recv_traj,74,66.14691162109375,1790119301.3929036
time/actor/actor/recv_traj,75,65.8042221069336,1790119864.6887014
time/actor/actor/recv_traj,76,67.46852111816406,1790120156.8688905
time/actor/actor/recv_traj,77,65.60206604003906,1790120450.721609
time/actor/actor/recv_traj,78,65.12364959716797,1790120743.794859
time/actor/actor/recv_traj,79,64.7879867553711,1790121037.4277046
time/actor/actor/recv_traj,80,63.741275787353516,1790121597.329379
time/actor/actor/recv_traj,81,68.34207916259766,1790121891.3226306
time/actor/actor/recv_traj,82,65.67445373535156,1790122185.525953
time/actor/actor/recv_traj,83,68.66329956054688,1790122482.9478805
time/actor/actor/recv_traj,84,65.79679107666016,1790122776.8068867
time/actor/actor/recv_traj,85,65.154541015625,1790123339.16083
time/actor/actor/recv_traj,86,65.4354476928711,1790123629.8364246
time/actor/actor/recv_traj,87,65.9889907836914,1790123924.3446603
time/actor/actor/recv_traj,88,62.6110954284668,1790124215.2013419
time/actor/actor/recv_traj,89,64.80232238769531,1790124508.886503
time/actor/actor/recv_traj,90,64.11680603027344,1790125070.9217467
time/actor/actor/recv_traj,91,66.27873229980469,1790125361.7946815
time/actor/actor/recv_traj,92,61.802330017089844,1790125652.3360462
time/actor/actor/recv_traj,93,66.10025024414062,1790125947.2713654
time/actor/actor/recv_traj,94,65.05266571044922,1790126240.6628563
time/actor/actor/recv_traj,95,62.965362548828125,1790126798.6783378
time/actor/actor/recv_traj,96,67.42845916748047,1790127092.0083394
time/actor/actor/recv_traj,97,65.4333724975586,1790127386.2343042
time/actor/actor/recv_traj,98,65.07515716552734,1790127680.4600158
time/actor/actor/recv_traj,99,66.06001281738281,1790127974.9170945
time/actor/actor/recv_traj,100,68.5962142944336,1790128568.9024308
time/actor/actor/recv_traj,101,66.40694427490234,1790128860.4462717
time/actor/actor/recv_traj,102,64.8597412109375,1790129153.1437638
time/actor/actor/recv_traj,103,65.44715118408203,1790129447.075443
time/actor/actor/recv_traj,104,65.6787109375,1790129741.2311265
time/actor/actor/recv_traj,105,65.77835845947266,1790130304.8451395
time/actor/actor/recv_traj,106,67.48477935791016,1790130597.4632947
time/actor/actor/recv_traj,107,66.13297271728516,1790130891.808609
time/actor/actor/recv_traj,108,65.59757995605469,1790131185.780034
time/actor/actor/recv_traj,109,63.57038879394531,1790131478.1226528
time/actor/actor/recv_traj,110,67.98680114746094,1790132046.9367363
time/actor/actor/recv_traj,111,68.82567596435547,1790132340.918638
time/actor/actor/recv_traj,112,66.60059356689453,1790132635.9075239
time/actor/actor/recv_traj,113,66.63671875,1790132930.5083082
time/actor/actor/recv_traj,114,65.60060119628906,1790133224.3935933
time/actor/actor/recv_traj,115,65.52447509765625,1790133790.4006305
time/actor/actor/recv_traj,116,67.45793914794922,1790134083.2875214
time/actor/actor/recv_traj,117,66.80181884765625,1790134378.7739377
time/actor/actor/recv_traj,118,66.14051818847656,1790134673.6076906
time/actor/actor/recv_traj,119,63.97224807739258,1790134966.2123008
time/actor/actor/recv_traj,120,66.8399658203125,1790135528.1903226
time/actor/actor/recv_traj,121,67.03272247314453,1790135820.1879678
time/actor/actor/recv_traj,122,68.63377380371094,1790136117.1744158
time/actor/actor/recv_traj,123,66.78370666503906,1790136412.5733116
time/actor/actor/recv_traj,124,63.54216766357422,1790136704.9784732
time/actor/actor/recv_traj,125,66.41326904296875,1790137270.3434021
time/actor/actor/recv_traj,126,66.4336166381836,1790137562.6581185
time/actor/actor/recv_traj,127,64.22638702392578,1790137856.9556067
time/actor/actor/compute_adv,1,5.030632019042969e-05,1790093952.9666152
time/actor/actor/compute_adv,2,1.3640150427818298e-05,1790094252.739836
time/actor/actor/compute_adv,3,2.8235837817192078e-05,1790094547.5985718
time/actor/actor/compute_adv,4,2.5822781026363373e-05,1790094841.336387
time/actor/actor/compute_adv,5,2.7200207114219666e-05,1790095406.6665106
time/actor/actor/compute_adv,6,2.1331943571567535e-05,1790095700.063733
time/actor/actor/compute_adv,7,4.71603125333786e-05,1790095995.7621572
time/actor/actor/compute_adv,8,1.689419150352478e-05,1790096287.980156
time/actor/actor/compute_adv,9,1.1854805052280426e-05,1790096585.3272967
time/actor/actor/compute_adv,10,2.6801135390996933e-05,1790097154.7862272
time/actor/actor/compute_adv,11,1.902179792523384e-05,1790097447.5266752
time/actor/actor/compute_adv,12,2.657901495695114e-05,1790097742.1560817
time/actor/actor/compute_adv,13,2.667820081114769e-05,1790098035.168509
time/actor/actor/compute_adv,14,1.9226688891649246e-05,1790098330.345414
time/actor/actor/compute_adv,15,3.1698960810899734e-05,1790098897.6594124
time/actor/actor/compute_adv,16,1.3884156942367554e-05,1790099190.3873055
time/actor/actor/compute_adv,17,2.9633287340402603e-05,1790099486.9303029
time/actor/actor/compute_adv,18,4.3804291635751724e-05,1790099780.7574065
time/actor/actor/compute_adv,19,0.00011026998981833458,1790100077.1575165
time/actor/actor/compute_adv,20,8.234288543462753e-05,1790100642.1086578
time/actor/actor/compute_adv,21,8.43261368572712e-05,1790100932.7113388
time/actor/actor/compute_adv,22,3.9260368794202805e-05,1790101229.3382163
time/actor/actor/compute_adv,23,5.466490983963013e-05,1790101523.674544
time/actor/actor/compute_adv,24,2.825399860739708e-05,1790101815.8597362
time/actor/actor/compute_adv,25,2.8273090720176697e-05,1790102382.610812
time/actor/actor/compute_adv,26,1.3296026736497879e-05,1790102675.0069954
time/actor/actor/compute_adv,27,2.7684029191732407e-05,1790102969.94368
time/actor/actor/compute_adv,28,2.8411857783794403e-05,1790103263.862384
time/actor/actor/compute_adv,29,1.808302477002144e-05,1790103558.221343
time/actor/actor/compute_adv,30,1.3425946235656738e-05,1790104122.9192262
time/actor/actor/compute_adv,31,2.8959941118955612e-05,1790104413.2874787
time/actor/actor/compute_adv,32,3.474997356534004e-05,1790104710.0677066
time/actor/actor/compute_adv,33,8.56257975101471e-05,1790105005.184861
time/actor/actor/compute_adv,34,3.0602794140577316e-05,1790105300.2978346
time/actor/actor/compute_adv,35,2.752896398305893e-05,1790105865.3379755
time/actor/actor/compute_adv,36,3.713322803378105e-05,1790106156.0933838
time/actor/actor/compute_adv,37,3.30386683344841e-05,1790106452.1614275
time/actor/actor/compute_adv,38,2.7987174689769745e-05,1790106746.4869545
time/actor/actor/compute_adv,39,3.0250288546085358e-05,1790107039.3410013
time/actor/actor/compute_adv,40,2.6123132556676865e-05,1790107604.308209
time/actor/actor/compute_adv,41,2.9756687581539154e-05,1790107895.865553
time/actor/actor/compute_adv,42,2.8506852686405182e-05,1790108190.5852609
time/actor/actor/compute_adv,43,1.2960750609636307e-05,1790108487.2424064
time/actor/actor/compute_adv,44,2.622092142701149e-05,1790108782.293868
time/actor/actor/compute_adv,45,4.905415698885918e-05,1790109350.1971574
time/actor/actor/compute_adv,46,8.514616638422012e-05,1790109642.568549
time/actor/actor/compute_adv,47,3.8220081478357315e-05,1790109941.8179445
time/actor/actor/compute_adv,48,2.7935951948165894e-05,1790110240.618147
time/actor/actor/compute_adv,49,4.0106941014528275e-05,1790110537.8644242
time/actor/actor/compute_adv,50,8.047698065638542e-05,1790111140.7819653
time/actor/actor/compute_adv,51,2.9408838599920273e-05,1790111434.788828
time/actor/actor/compute_adv,52,3.128964453935623e-05,1790111728.8367245
time/actor/actor/compute_adv,53,1.8003396689891815e-05,1790112023.7955518
time/actor/actor/compute_adv,54,7.884018123149872e-05,1790112318.5874662
time/actor/actor/compute_adv,55,3.978423774242401e-05,1790112885.3324473
time/actor/actor/compute_adv,56,4.809722304344177e-05,1790113176.2661679
time/actor/actor/compute_adv,57,1.7358921468257904e-05,1790113470.8464267
time/actor/actor/compute_adv,58,2.7969013899564743e-05,1790113765.2272623
time/actor/actor/compute_adv,59,3.11071053147316e-05,1790114059.5905821
time/actor/actor/compute_adv,60,3.270898014307022e-05,1790114630.7146087
time/actor/actor/compute_adv,61,2.8824899345636368e-05,1790114922.608869
time/actor/actor/compute_adv,62,2.7670059353113174e-05,1790115217.0684721
time/actor/actor/compute_adv,63,2.698320895433426e-05,1790115510.3477092
time/actor/actor/compute_adv,64,2.930033951997757e-05,1790115805.3510063
time/actor/actor/compute_adv,65,2.6215799152851105e-05,1790116371.0283687
time/actor/actor/compute_adv,66,2.7762725949287415e-05,1790116663.7017527
time/actor/actor/compute_adv,67,2.7644913643598557e-05,1790116959.7764506
time/actor/actor/compute_adv,68,3.0003953725099564e-05,1790117256.9672933
time/actor/actor/compute_adv,69,6.564659997820854e-05,1790117552.799907
time/actor/actor/compute_adv,70,2.8880778700113297e-05,1790118123.6042268
time/actor/actor/compute_adv,71,8.421391248703003e-05,1790118416.134956
time/actor/actor/compute_adv,72,4.0446873754262924e-05,1790118712.8217657
time/actor/actor/compute_adv,73,2.8642825782299042e-05,1790119006.9686852
time/actor/actor/compute_adv,74,2.8656795620918274e-05,1790119301.393276
time/actor/actor/compute_adv,75,2.6756897568702698e-05,1790119864.688707
time/actor/actor/compute_adv,76,3.011990338563919e-05,1790120156.869259
time/actor/actor/compute_adv,77,4.166737198829651e-05,1790120450.7221434
time/actor/actor/compute_adv,78,3.1915027648210526e-05,1790120743.7953706
time/actor/actor/compute_adv,79,1.7391983419656754e-05,1790121037.4282234
time/actor/actor/compute_adv,80,2.0026229321956635e-05,1790121597.329387
time/actor/actor/compute_adv,81,2.824794501066208e-05,1790121891.323154
time/actor/actor/compute_adv,82,6.293365731835365e-05,1790122185.5266223
time/actor/actor/compute_adv,83,1.3357028365135193e-05,1790122482.9483857
time/actor/actor/compute_adv,84,1.4551915228366852e-05,1790122776.8074045
time/actor/actor/compute_adv,85,3.174319863319397e-05,1790123339.1608381
time/actor/actor/compute_adv,86,3.513600677251816e-05,1790123629.8365765
time/actor/actor/compute_adv,87,2.9375776648521423e-05,1790123924.3451962
time/actor/actor/compute_adv,88,2.8517097234725952e-05,1790124215.2018387
time/actor/actor/compute_adv,89,2.683699131011963e-05,1790124508.8869932
time/actor/actor/compute_adv,90,3.037974238395691e-05,1790125070.9217536
time/actor/actor/compute_adv,91,3.111036494374275e-05,1790125361.7953713
time/actor/actor/compute_adv,92,3.866991028189659e-05,1790125652.3365004
time/actor/actor/compute_adv,93,2.987915650010109e-05,1790125947.2716157
time/actor/actor/compute_adv,94,3.4430064260959625e-05,1790126240.6632428
time/actor/actor/compute_adv,95,3.0484050512313843e-05,1790126798.6783485
time/actor/actor/compute_adv,96,2.843094989657402e-05,1790127092.008856
time/actor/actor/compute_adv,97,2.4911947548389435e-05,1790127386.2345011
time/actor/actor/compute_adv,98,2.8721988201141357e-05,1790127680.460469
time/actor/actor/compute_adv,99,2.9553193598985672e-05,1790127974.9176137
time/actor/actor/compute_adv,100,2.9136892408132553e-05,1790128568.9024386
time/actor/actor/compute_adv,101,1.8145423382520676e-05,1790128860.4465547
time/actor/actor/compute_adv,102,3.431597724556923e-05,1790129153.1443233
time/actor/actor/compute_adv,103,1.5310943126678467e-05,1790129447.07567
time/actor/actor/compute_adv,104,2.7692411094903946e-05,1790129741.2316399
time/actor/actor/compute_adv,105,2.8839800506830215e-05,1790130304.8451514
time/actor/actor/compute_adv,106,2.9646791517734528e-05,1790130597.4638197
time/actor/actor/compute_adv,107,2.8716865926980972e-05,1790130891.8091288
time/actor/actor/compute_adv,108,2.9020942747592926e-05,1790131185.7802653
time/actor/actor/compute_adv,109,7.480010390281677e-05,1790131478.1231809
time/actor/actor/compute_adv,110,2.7954112738370895e-05,1790132046.9367442
time/actor/actor/compute_adv,111,2.9023736715316772e-05,1790132340.9191399
time/actor/actor/compute_adv,112,2.756807953119278e-05,1790132635.9080324
time/actor/actor/compute_adv,113,2.8901267796754837e-05,1790132930.5085132
time/actor/actor/compute_adv,114,2.9532238841056824e-05,1790133224.394005
time/actor/actor/compute_adv,115,2.8403010219335556e-05,1790133790.4006376
time/actor/actor/compute_adv,116,3.052176907658577e-05,1790134083.288056
time/actor/actor/compute_adv,117,2.6273075491189957e-05,1790134378.7744637
time/actor/actor/compute_adv,118,3.992486745119095e-05,1790134673.6081352
time/actor/actor/compute_adv,119,3.1754374504089355e-05,1790134966.2127895
time/actor/actor/compute_adv,120,2.8459355235099792e-05,1790135528.1903346
time/actor/actor/compute_adv,121,2.9452145099639893e-05,1790135820.1883433
time/actor/actor/compute_adv,122,3.125285729765892e-05,1790136117.1749485
time/actor/actor/compute_adv,123,2.3650936782360077e-05,1790136412.573846
time/actor/actor/compute_adv,124,3.241607919335365e-05,1790136704.978765
time/actor/actor/compute_adv,125,2.479134127497673e-05,1790137270.3434105
time/actor/actor/compute_adv,126,8.048303425312042e-05,1790137562.6586528
time/actor/actor/compute_adv,127,3.3626798540353775e-05,1790137856.9558136
time/actor/sample,1,1.5622379779815674,1790093952.9666219
time/actor/sample,2,1.6774438619613647,1790094252.739852
time/actor/sample,3,1.5576083660125732,1790094547.5985806
time/actor/sample,4,1.60596764087677,1790094841.3363957
time/actor/sample,5,1.6263720989227295,1790095406.6665187
time/actor/sample,6,1.529896855354309,1790095700.0637379
time/actor/sample,7,1.589085340499878,1790095995.7621675
time/actor/sample,8,1.5773811340332031,1790096287.980162
time/actor/sample,9,1.500961422920227,1790096585.3273032
time/actor/sample,10,1.656454086303711,1790097154.7862346
time/actor/sample,11,1.840523600578308,1790097447.5266826
time/actor/sample,12,1.6630263328552246,1790097742.156089
time/actor/sample,13,1.719809889793396,1790098035.1685147
time/actor/sample,14,1.8467134237289429,1790098330.3454201
time/actor/sample,15,1.8507373332977295,1790098897.6594203
time/actor/sample,16,1.8572286367416382,1790099190.3873127
time/actor/sample,17,1.8480632305145264,1790099486.9303093
time/actor/sample,18,1.7646230459213257,1790099780.7574131
time/actor/sample,19,1.8594423532485962,1790100077.157524
time/actor/sample,20,1.7416293621063232,1790100642.1086633
time/actor/sample,21,1.8124879598617554,1790100932.7113445
time/actor/sample,22,1.9127947092056274,1790101229.3382242
time/actor/sample,23,1.8011847734451294,1790101523.674553
time/actor/sample,24,1.8122329711914062,1790101815.8597443
time/actor/sample,25,1.9025628566741943,1790102382.6108184
time/actor/sample,26,1.946130394935608,1790102675.0070014
time/actor/sample,27,2.0169453620910645,1790102969.9436867
time/actor/sample,28,2.002415657043457,1790103263.8623903
time/actor/sample,29,1.9411842823028564,1790103558.221349
time/actor/sample,30,2.0316953659057617,1790104122.919234
time/actor/sample,31,1.9574183225631714,1790104413.2874882
time/actor/sample,32,2.01751446723938,1790104710.0677137
time/actor/sample,33,1.9536316394805908,1790105005.184866
time/actor/sample,34,2.0759687423706055,1790105300.297841
time/actor/sample,35,1.9671063423156738,1790105865.337984
time/actor/sample,36,2.068934679031372,1790106156.0933907
time/actor/sample,37,2.1189024448394775,1790106452.161434
time/actor/sample,38,2.056748390197754,1790106746.4869611
time/actor/sample,39,2.2490713596343994,1790107039.341008
time/actor/sample,40,2.1181600093841553,1790107604.3082159
time/actor/sample,41,2.0954301357269287,1790107895.8655589
time/actor/sample,42,2.13615083694458,1790108190.5852697
time/actor/sample,43,2.1095337867736816,1790108487.242413
time/actor/sample,44,2.1964662075042725,1790108782.2938743
time/actor/sample,45,2.520695209503174,1790109350.197164
time/actor/sample,46,2.28354549407959,1790109642.5685565
time/actor/sample,47,2.187814235687256,1790109941.8179524
time/actor/sample,48,2.1768593788146973,1790110240.618155
time/actor/sample,49,2.2412941455841064,1790110537.864431
time/actor/sample,50,2.3326804637908936,1790111140.7819724
time/actor/sample,51,2.129676580429077,1790111434.7888348
time/actor/sample,52,2.0018153190612793,1790111728.8367307
time/actor/sample,53,2.0584962368011475,1790112023.795558
time/actor/sample,54,1.9731210470199585,1790112318.5874736
time/actor/sample,55,2.0170438289642334,1790112885.3324552
time/actor/sample,56,1.9660253524780273,1790113176.2661781
time/actor/sample,57,2.1091578006744385,1790113470.8464332
time/actor/sample,58,1.987502098083496,1790113765.2272692
time/actor/sample,59,2.110114336013794,1790114059.59059
time/actor/sample,60,2.0304319858551025,1790114630.7146156
time/actor/sample,61,2.047640800476074,1790114922.6088812
time/actor/sample,62,2.1045188903808594,1790115217.0684795
time/actor/sample,63,2.003528356552124,1790115510.3477166
time/actor/sample,64,2.196835994720459,1790115805.3510203
time/actor/sample,65,2.159684658050537,1790116371.028376
time/actor/sample,66,2.208808660507202,1790116663.7017589
time/actor/sample,67,2.23818302154541,1790116959.7764573
time/actor/sample,68,2.0962750911712646,1790117256.9673
time/actor/sample,69,2.2413277626037598,1790117552.799914
time/actor/sample,70,2.1830427646636963,1790118123.6042418
time/actor/sample,71,2.2820868492126465,1790118416.134963
time/actor/sample,72,2.2095417976379395,1790118712.821772
time/actor/sample,73,2.135815143585205,1790119006.9686997
time/actor/sample,74,2.2123162746429443,1790119301.3932867
time/actor/sample,75,2.2760508060455322,1790119864.6887126
time/actor/sample,76,2.174025297164917,1790120156.8692656
time/actor/sample,77,2.278304100036621,1790120450.7221506
time/actor/sample,78,2.2471024990081787,1790120743.7953775
time/actor/sample,79,2.2823991775512695,1790121037.42823
time/actor/sample,80,2.2772247791290283,1790121597.3293953
time/actor/sample,81,2.248149871826172,1790121891.3231606
time/actor/sample,82,2.36554217338562,1790122185.5266292
time/actor/sample,83,2.191993474960327,1790122482.9483953
time/actor/sample,84,2.1596548557281494,1790122776.8074117
time/actor/sample,85,2.104262590408325,1790123339.1608458
time/actor/sample,86,2.2887654304504395,1790123629.8365827
time/actor/sample,87,2.2441678047180176,1790123924.3452032
time/actor/sample,88,2.3156540393829346,1790124215.2018464
time/actor/sample,89,2.187936305999756,1790124508.8869991
time/actor/sample,90,2.334751844406128,1790125070.9217603
time/actor/sample,91,2.2111246585845947,1790125361.7954247
time/actor/sample,92,2.2428746223449707,1790125652.3365061
time/actor/sample,93,2.257296562194824,1790125947.2716215
time/actor/sample,94,2.19533109664917,1790126240.6632512
time/actor/sample,95,2.1258890628814697,1790126798.6783588
time/actor/sample,96,2.364433526992798,1790127092.0088632
time/actor/sample,97,2.3230972290039062,1790127386.2345078
time/actor/sample,98,2.3779258728027344,1790127680.4604766
time/actor/sample,99,2.46738600730896,1790127974.9176207
time/actor/sample,100,2.346752643585205,1790128568.902446
time/actor/sample,101,2.264934778213501,1790128860.4465609
time/actor/sample,102,2.343273401260376,1790129153.1443315
time/actor/sample,103,2.25698184967041,1790129447.0756767
time/actor/sample,104,2.3190970420837402,1790129741.2316518
time/actor/sample,105,2.3475778102874756,1790130304.8451617
time/actor/sample,106,2.384355306625366,1790130597.4638288
time/actor/sample,107,2.387070655822754,1790130891.8091345
time/actor/sample,108,2.2967333793640137,1790131185.7802715
time/actor/sample,109,2.293987274169922,1790131478.123189
time/actor/sample,110,2.2290966510772705,1790132046.9367523
time/actor/sample,111,2.1875221729278564,1790132340.9191494
time/actor/sample,112,2.4201841354370117,1790132635.9080389
time/actor/sample,113,2.163266658782959,1790132930.5085194
time/actor/sample,114,2.429462194442749,1790133224.394012
time/actor/sample,115,2.4234354496002197,1790133790.4006445
time/actor/sample,116,2.2924084663391113,1790134083.2880645
time/actor/sample,117,2.3992698192596436,1790134378.7744706
time/actor/sample,118,2.5755043029785156,1790134673.6081414
time/actor/sample,119,2.4377496242523193,1790134966.2127964
time/actor/sample,120,2.3923521041870117,1790135528.1903465
time/actor/sample,121,2.403960704803467,1790135820.18835
time/actor/sample,122,2.3724238872528076,1790136117.1749616
time/actor/sample,123,2.3897080421447754,1790136412.5738518
time/actor/sample,124,2.5048165321350098,1790136704.9787734
time/actor/sample,125,2.545189619064331,1790137270.3434193
time/actor/sample,126,2.4046719074249268,1790137562.6586604
time/actor/sample,127,2.500458002090454,1790137856.9558208
time/actor/forward_actor,1,85.00748443603516,1790093952.9666278
time/actor/forward_actor,2,83.47444152832031,1790094252.7398672
time/actor/forward_actor,3,83.5000991821289,1790094547.598589
time/actor/forward_actor,4,83.1256103515625,1790094841.3364031
time/actor/forward_actor,5,83.22838592529297,1790095406.6665263
time/actor/forward_actor,6,83.75434112548828,1790095700.0637424
time/actor/forward_actor,7,83.31513214111328,1790095995.7621772
time/actor/forward_actor,8,83.0516357421875,1790096287.9801674
time/actor/forward_actor,9,82.83808135986328,1790096585.3273094
time/actor/forward_actor,10,83.29379272460938,1790097154.786242
time/actor/forward_actor,11,82.99303436279297,1790097447.5266888
time/actor/forward_actor,12,83.58995056152344,1790097742.156096
time/actor/forward_actor,13,83.07801818847656,1790098035.1685207
time/actor/forward_actor,14,82.8801498413086,1790098330.3454258
time/actor/forward_actor,15,83.17269897460938,1790098897.6594276
time/actor/forward_actor,16,83.33116912841797,1790099190.3873186
time/actor/forward_actor,17,83.77696990966797,1790099486.930315
time/actor/forward_actor,18,83.50897216796875,1790099780.7574198
time/actor/forward_actor,19,83.4988021850586,1790100077.1575315
time/actor/forward_actor,20,83.30865478515625,1790100642.1086693
time/actor/forward_actor,21,83.3719253540039,1790100932.7113495
time/actor/forward_actor,22,83.41716766357422,1790101229.3382318
time/actor/forward_actor,23,83.40409851074219,1790101523.6745608
time/actor/forward_actor,24,83.22677612304688,1790101815.8597515
time/actor/forward_actor,25,83.16553497314453,1790102382.6108253
time/actor/forward_actor,26,83.61843872070312,1790102675.0070083
time/actor/forward_actor,27,83.45291137695312,1790102969.9436932
time/actor/forward_actor,28,83.18177032470703,1790103263.8623962
time/actor/forward_actor,29,83.04263305664062,1790103558.2213547
time/actor/forward_actor,30,83.12764739990234,1790104122.9192414
time/actor/forward_actor,31,82.8432846069336,1790104413.287496
time/actor/forward_actor,32,83.48177337646484,1790104710.0677202
time/actor/forward_actor,33,83.10176086425781,1790105005.1848707
time/actor/forward_actor,34,83.1550521850586,1790105300.2978468
time/actor/forward_actor,35,83.30175018310547,1790105865.3379915
time/actor/forward_actor,36,83.02577209472656,1790106156.0933967
time/actor/forward_actor,37,83.66810607910156,1790106452.1614404
time/actor/forward_actor,38,83.0213851928711,1790106746.4869668
time/actor/forward_actor,39,83.28937530517578,1790107039.341014
time/actor/forward_actor,40,83.11256408691406,1790107604.308223
time/actor/forward_actor,41,83.14923095703125,1790107895.8655646
time/actor/forward_actor,42,83.46183776855469,1790108190.5852766
time/actor/forward_actor,43,82.984375,1790108487.2424195
time/actor/forward_actor,44,83.25350952148438,1790108782.29388
time/actor/forward_actor,45,84.32837677001953,1790109350.197171
time/actor/forward_actor,46,83.36356353759766,1790109642.568564
time/actor/forward_actor,47,83.8668212890625,1790109941.817959
time/actor/forward_actor,48,83.16122436523438,1790110240.6181617
time/actor/forward_actor,49,82.96632385253906,1790110537.8644397
time/actor/forward_actor,50,83.82804870605469,1790111140.7819793
time/actor/forward_actor,51,82.94348907470703,1790111434.7888415
time/actor/forward_actor,52,82.70992279052734,1790111728.8367364
time/actor/forward_actor,53,82.64673614501953,1790112023.7955642
time/actor/forward_actor,54,82.67105865478516,1790112318.5874796
time/actor/forward_actor,55,82.6075668334961,1790112885.3324633
time/actor/forward_actor,56,82.6635513305664,1790113176.2661872
time/actor/forward_actor,57,82.97412109375,1790113470.8464396
time/actor/forward_actor,58,82.7011489868164,1790113765.2272773
time/actor/forward_actor,59,82.923828125,1790114059.5905972
time/actor/forward_actor,60,83.02153015136719,1790114630.7146225
time/actor/forward_actor,61,82.78924560546875,1790114922.6088915
time/actor/forward_actor,62,83.0751953125,1790115217.0684857
time/actor/forward_actor,63,82.82563018798828,1790115510.3477235
time/actor/forward_actor,64,82.54808044433594,1790115805.3510299
time/actor/forward_actor,65,82.62901306152344,1790116371.0283844
time/actor/forward_actor,66,82.80076599121094,1790116663.7017643
time/actor/forward_actor,67,82.91675567626953,1790116959.776464
time/actor/forward_actor,68,82.5276870727539,1790117256.9673057
time/actor/forward_actor,69,82.4047622680664,1790117552.7999198
time/actor/forward_actor,70,82.70169067382812,1790118123.6042511
time/actor/forward_actor,71,82.673095703125,1790118416.1349688
time/actor/forward_actor,72,83.74360656738281,1790118712.8217785
time/actor/forward_actor,73,82.93646240234375,1790119006.9687104
time/actor/forward_actor,74,83.45899200439453,1790119301.3932943
time/actor/forward_actor,75,83.53123474121094,1790119864.6887183
time/actor/forward_actor,76,83.04810333251953,1790120156.8692715
time/actor/forward_actor,77,83.25621795654297,1790120450.722157
time/actor/forward_actor,78,83.22235107421875,1790120743.7953835
time/actor/forward_actor,79,83.35962677001953,1790121037.4282448
time/actor/forward_actor,80,83.23468780517578,1790121597.3294027
time/actor/forward_actor,81,83.50550079345703,1790121891.3231664
time/actor/forward_actor,82,83.45783233642578,1790122185.5266354
time/actor/forward_actor,83,83.24604034423828,1790122482.9484043
time/actor/forward_actor,84,82.85047912597656,1790122776.8074188
time/actor/forward_actor,85,83.64701843261719,1790123339.1608534
time/actor/forward_actor,86,83.3897705078125,1790123629.8365886
time/actor/forward_actor,87,83.44121551513672,1790123924.3452094
time/actor/forward_actor,88,83.15130615234375,1790124215.2018533
time/actor/forward_actor,89,83.39950561523438,1790124508.887007
time/actor/forward_actor,90,83.52896118164062,1790125070.9217672
time/actor/forward_actor,91,83.21017456054688,1790125361.7954547
time/actor/forward_actor,92,83.55104064941406,1790125652.3365107
time/actor/forward_actor,93,83.57232666015625,1790125947.271627
time/actor/forward_actor,94,83.34171295166016,1790126240.663258
time/actor/forward_actor,95,83.68329620361328,1790126798.67837
time/actor/forward_actor,96,83.8617935180664,1790127092.0088696
time/actor/forward_actor,97,83.25944519042969,1790127386.234514
time/actor/forward_actor,98,83.46092224121094,1790127680.4604843
time/actor/forward_actor,99,83.0064468383789,1790127974.9176269
time/actor/forward_actor,100,83.77869415283203,1790128568.9024537
time/actor/forward_actor,101,83.59003448486328,1790128860.4465666
time/actor/forward_actor,102,82.993896484375,1790129153.1443388
time/actor/forward_actor,103,83.30805206298828,1790129447.0756826
time/actor/forward_actor,104,83.36830139160156,1790129741.231663
time/actor/forward_actor,105,83.69002532958984,1790130304.845173
time/actor/forward_actor,106,83.17981719970703,1790130597.4638371
time/actor/forward_actor,107,83.02163696289062,1790130891.8091393
time/actor/forward_actor,108,83.24299621582031,1790131185.7802775
time/actor/forward_actor,109,83.50695037841797,1790131478.1231966
time/actor/forward_actor,110,83.41213989257812,1790132046.9367604
time/actor/forward_actor,111,83.56634521484375,1790132340.919158
time/actor/forward_actor,112,83.41226196289062,1790132635.9080448
time/actor/forward_actor,113,82.9512939453125,1790132930.5085254
time/actor/forward_actor,114,83.05272674560547,1790133224.3940177
time/actor/forward_actor,115,83.36880493164062,1790133790.400651
time/actor/forward_actor,116,83.40494537353516,1790134083.2880723
time/actor/forward_actor,117,83.28424072265625,1790134378.7744768
time/actor/forward_actor,118,83.05671691894531,1790134673.6081471
time/actor/forward_actor,119,82.90556335449219,1790134966.2128031
time/actor/forward_actor,120,82.93175506591797,1790135528.1903574
time/actor/forward_actor,121,82.84213256835938,1790135820.188356
time/actor/forward_actor,122,83.00070190429688,1790136117.1749725
time/actor/forward_actor,123,83.36305236816406,1790136412.5738573
time/actor/forward_actor,124,82.9718246459961,1790136704.9787824
time/actor/forward_actor,125,83.1131591796875,1790137270.343428
time/actor/forward_actor,126,83.44332122802734,1790137562.6586673
time/actor/forward_actor,127,84.19136047363281,1790137856.9558277
time/actor/update_one_epoch,1,220.4869384765625,1790093952.9666333
time/actor/update_one_epoch,2,219.03054809570312,1790094252.7398825
time/actor/update_one_epoch,3,218.8017120361328,1790094547.5985975
time/actor/update_one_epoch,4,218.5366668701172,1790094841.3364098
time/actor/update_one_epoch,5,218.85482788085938,1790095406.6665337
time/actor/update_one_epoch,6,218.9759979248047,1790095700.063747
time/actor/update_one_epoch,7,218.77459716796875,1790095995.762187
time/actor/update_one_epoch,8,218.27578735351562,1790096287.9801726
time/actor/update_one_epoch,9,218.0343780517578,1790096585.327315
time/actor/update_one_epoch,10,218.8562469482422,1790097154.7862494
time/actor/update_one_epoch,11,218.55685424804688,1790097447.5266953
time/actor/update_one_epoch,12,219.0302734375,1790097742.156104
time/actor/update_one_epoch,13,218.54978942871094,1790098035.1685266
time/actor/update_one_epoch,14,218.39810180664062,1790098330.3454323
time/actor/update_one_epoch,15,218.80821228027344,1790098897.6594355
time/actor/update_one_epoch,16,218.90989685058594,1790099190.3873246
time/actor/update_one_epoch,17,219.48765563964844,1790099486.9303212
time/actor/update_one_epoch,18,219.17958068847656,1790099780.7574255
time/actor/update_one_epoch,19,219.63381958007812,1790100077.157538
time/actor/update_one_epoch,20,218.760009765625,1790100642.108675
time/actor/update_one_epoch,21,218.93634033203125,1790100932.7113538
time/actor/update_one_epoch,22,219.1887664794922,1790101229.3382394
time/actor/update_one_epoch,23,218.92849731445312,1790101523.6745682
time/actor/update_one_epoch,24,218.74362182617188,1790101815.8597586
time/actor/update_one_epoch,25,218.8242645263672,1790102382.6108315
time/actor/update_one_epoch,26,219.34371948242188,1790102675.0070138
time/actor/update_one_epoch,27,219.35643005371094,1790102969.9436991
time/actor/update_one_epoch,28,218.8629608154297,1790103263.862402
time/actor/update_one_epoch,29,218.70883178710938,1790103558.221361
time/actor/update_one_epoch,30,218.85923767089844,1790104122.9192493
time/actor/update_one_epoch,31,218.5009765625,1790104413.2875047
time/actor/update_one_epoch,32,219.35520935058594,1790104710.067727
time/actor/update_one_epoch,33,218.7296142578125,1790105005.184875
time/actor/update_one_epoch,34,219.33241271972656,1790105300.2978528
time/actor/update_one_epoch,35,219.0405731201172,1790105865.337999
time/actor/update_one_epoch,36,218.7046661376953,1790106156.0934024
time/actor/update_one_epoch,37,219.7236328125,1790106452.1614466
time/actor/update_one_epoch,38,218.83810424804688,1790106746.4869733
time/actor/update_one_epoch,39,219.27273559570312,1790107039.3410213
time/actor/update_one_epoch,40,218.96295166015625,1790107604.3082306
time/actor/update_one_epoch,41,218.80191040039062,1790107895.8655703
time/actor/update_one_epoch,42,219.45286560058594,1790108190.5852835
time/actor/update_one_epoch,43,218.8546142578125,1790108487.242426
time/actor/update_one_epoch,44,219.2272186279297,1790108782.2938864
time/actor/update_one_epoch,45,220.910888671875,1790109350.1971776
time/actor/update_one_epoch,46,220.1829071044922,1790109642.5685713
time/actor/update_one_epoch,47,220.98373413085938,1790109941.817966
time/actor/update_one_epoch,48,219.7562255859375,1790110240.6181688
time/actor/update_one_epoch,49,219.766357421875,1790110537.8644462
time/actor/update_one_epoch,50,220.563720703125,1790111140.7819862
time/actor/update_one_epoch,51,219.2811279296875,1790111434.7888474
time/actor/update_one_epoch,52,219.07383728027344,1790111728.8367426
time/actor/update_one_epoch,53,218.84840393066406,1790112023.79557
time/actor/update_one_epoch,54,218.77511596679688,1790112318.5874858
time/actor/update_one_epoch,55,218.8037109375,1790112885.3324718
time/actor/update_one_epoch,56,218.65707397460938,1790113176.2661963
time/actor/update_one_epoch,57,219.28106689453125,1790113470.8464458
time/actor/update_one_epoch,58,218.9007568359375,1790113765.2272837
time/actor/update_one_epoch,59,219.1923370361328,1790114059.590604
time/actor/update_one_epoch,60,219.18508911132812,1790114630.7146292
time/actor/update_one_epoch,61,218.8074951171875,1790114922.6089008
time/actor/update_one_epoch,62,219.38897705078125,1790115217.0684912
time/actor/update_one_epoch,63,218.8976287841797,1790115510.3477304
time/actor/update_one_epoch,64,218.93247985839844,1790115805.3510385
time/actor/update_one_epoch,65,219.5559844970703,1790116371.0283926
time/actor/update_one_epoch,66,219.24368286132812,1790116663.7017708
time/actor/update_one_epoch,67,219.61874389648438,1790116959.7764716
time/actor/update_one_epoch,68,218.7885284423828,1790117256.9673114
time/actor/update_one_epoch,69,218.7691192626953,1790117552.7999258
time/actor/update_one_epoch,70,219.2967529296875,1790118123.6042597
time/actor/update_one_epoch,71,219.106689453125,1790118416.1349747
time/actor/update_one_epoch,72,219.8911895751953,1790118712.8217847
time/actor/update_one_epoch,73,218.7938690185547,1790119006.96872
time/actor/update_one_epoch,74,219.47572326660156,1790119301.393301
time/actor/update_one_epoch,75,219.61683654785156,1790119864.6887236
time/actor/update_one_epoch,76,218.98529052734375,1790120156.8692772
time/actor/update_one_epoch,77,219.43722534179688,1790120450.7221627
time/actor/update_one_epoch,78,219.23680114746094,1790120743.7953894
time/actor/update_one_epoch,79,219.51641845703125,1790121037.4282515
time/actor/update_one_epoch,80,219.367919921875,1790121597.3294103
time/actor/update_one_epoch,81,219.5576934814453,1790121891.3231726
time/actor/update_one_epoch,82,219.68991088867188,1790122185.5266414
time/actor/update_one_epoch,83,219.4467010498047,1790122482.948413
time/actor/update_one_epoch,84,218.95262145996094,1790122776.8074262
time/actor/update_one_epoch,85,219.62278747558594,1790123339.160861
time/actor/update_one_epoch,86,219.49679565429688,1790123629.8365943
time/actor/update_one_epoch,87,219.5970001220703,1790123924.345215
time/actor/update_one_epoch,88,219.33677673339844,1790124215.20186
time/actor/update_one_epoch,89,219.36819458007812,1790124508.887013
time/actor/update_one_epoch,90,219.784423828125,1790125070.9217756
time/actor/update_one_epoch,91,219.24176025390625,1790125361.7954795
time/actor/update_one_epoch,92,219.64048767089844,1790125652.3365157
time/actor/update_one_epoch,93,219.8321533203125,1790125947.2716327
time/actor/update_one_epoch,94,219.49244689941406,1790126240.663265
time/actor/update_one_epoch,95,219.73609924316406,1790126798.678383
time/actor/update_one_epoch,96,220.042236328125,1790127092.008876
time/actor/update_one_epoch,97,219.40655517578125,1790127386.2345204
time/actor/update_one_epoch,98,219.7901153564453,1790127680.4604921
time/actor/update_one_epoch,99,219.31698608398438,1790127974.9176328
time/actor/update_one_epoch,100,220.0283966064453,1790128568.9024608
time/actor/update_one_epoch,101,219.59718322753906,1790128860.4465725
time/actor/update_one_epoch,102,219.11740112304688,1790129153.1443467
time/actor/update_one_epoch,103,219.43077087402344,1790129447.0756886
time/actor/update_one_epoch,104,219.49447631835938,1790129741.2316751
time/actor/update_one_epoch,105,219.9171600341797,1790130304.8451834
time/actor/update_one_epoch,106,219.3015594482422,1790130597.4638455
time/actor/update_one_epoch,107,219.27597045898438,1790130891.8091435
time/actor/update_one_epoch,108,219.41717529296875,1790131185.7802835
time/actor/update_one_epoch,109,219.75326538085938,1790131478.1232035
time/actor/update_one_epoch,110,219.65695190429688,1790132046.936768
time/actor/update_one_epoch,111,219.60336303710938,1790132340.9191675
time/actor/update_one_epoch,112,219.66798400878906,1790132635.908051
time/actor/update_one_epoch,113,219.0013427734375,1790132930.508532
time/actor/update_one_epoch,114,219.291015625,1790133224.394024
time/actor/update_one_epoch,115,219.685791015625,1790133790.400658
time/actor/update_one_epoch,116,219.68650817871094,1790134083.2880814
time/actor/update_one_epoch,117,219.59031677246094,1790134378.7744832
time/actor/update_one_epoch,118,219.4811553955078,1790134673.6081536
time/actor/update_one_epoch,119,219.2675018310547,1790134966.2128093
time/actor/update_one_epoch,120,219.14199829101562,1790135528.1903691
time/actor/update_one_epoch,121,219.2378387451172,1790135820.188363
time/actor/update_one_epoch,122,219.27706909179688,1790136117.1749814
time/actor/update_one_epoch,123,219.6226806640625,1790136412.573862
time/actor/update_one_epoch,124,219.3225555419922,1790136704.9787908
time/actor/update_one_epoch,125,219.53076171875,1790137270.3434355
time/actor/update_one_epoch,126,219.80177307128906,1790137562.658674
time/actor/update_one_epoch,127,220.51760864257812,1790137856.9558346
time/actor/run_training,1,443.57171630859375,1790093952.9666388
time/actor/run_training,2,440.3660583496094,1790094252.7398973
time/actor/run_training,3,439.9154357910156,1790094547.5986063
time/actor/run_training,4,439.4076843261719,1790094841.3364167
time/actor/run_training,5,440.1940612792969,1790095406.6665413
time/actor/run_training,6,440.3793029785156,1790095700.0637515
time/actor/run_training,7,440.1566162109375,1790095995.7621963
time/actor/run_training,8,438.80816650390625,1790096287.9801776
time/actor/run_training,9,438.3747253417969,1790096585.3273218
time/actor/run_training,10,440.03570556640625,1790097154.7862568
time/actor/run_training,11,439.824462890625,1790097447.5267012
time/actor/run_training,12,440.468505859375,1790097742.1561117
time/actor/run_training,13,439.4047546386719,1790098035.1685333
time/actor/run_training,14,439.26580810546875,1790098330.345438
time/actor/run_training,15,439.94403076171875,1790098897.6594431
time/actor/run_training,16,440.3426513671875,1790099190.3873305
time/actor/run_training,17,441.3872985839844,1790099486.9303272
time/actor/run_training,18,440.7326965332031,1790099780.7574313
time/actor/run_training,19,441.8356018066406,1790100077.1575449
time/actor/run_training,20,439.95538330078125,1790100642.1086812
time/actor/run_training,21,440.3650207519531,1790100932.7113583
time/actor/run_training,22,441.04534912109375,1790101229.338247
time/actor/run_training,23,440.3149719238281,1790101523.674574
time/actor/run_training,24,439.99725341796875,1790101815.859767
time/actor/run_training,25,440.2425537109375,1790102382.6108384
time/actor/run_training,26,440.99212646484375,1790102675.0070195
time/actor/run_training,27,441.290771484375,1790102969.9437053
time/actor/run_training,28,440.1280822753906,1790103263.8624077
time/actor/run_training,29,439.8616027832031,1790103558.221367
time/actor/run_training,30,440.15093994140625,1790104122.9192574
time/actor/run_training,31,439.4242248535156,1790104413.2875125
time/actor/run_training,32,441.12591552734375,1790104710.0677345
time/actor/run_training,33,440.0160827636719,1790105005.1848795
time/actor/run_training,34,441.1041564941406,1790105300.297859
time/actor/run_training,35,440.54315185546875,1790105865.3380067
time/actor/run_training,36,439.79345703125,1790106156.0934088
time/actor/run_training,37,441.85675048828125,1790106452.1614523
time/actor/run_training,38,440.06939697265625,1790106746.486979
time/actor/run_training,39,440.9866027832031,1790107039.3410268
time/actor/run_training,40,440.2528381347656,1790107604.3082497
time/actor/run_training,41,439.9720764160156,1790107895.8655758
time/actor/run_training,42,441.1482849121094,1790108190.585291
time/actor/run_training,43,440.0746154785156,1790108487.2424316
time/actor/run_training,44,441.10931396484375,1790108782.2938924
time/actor/run_training,45,444.2638854980469,1790109350.1971846
time/actor/run_training,46,443.0188903808594,1790109642.5685787
time/actor/run_training,47,444.3277282714844,1790109941.817973
time/actor/run_training,48,442.5643310546875,1790110240.6181755
time/actor/run_training,49,441.9154968261719,1790110537.8644524
time/actor/run_training,50,443.5680236816406,1790111140.7819934
time/actor/run_training,51,441.5569152832031,1790111434.7888536
time/actor/run_training,52,440.45355224609375,1790111728.8367484
time/actor/run_training,53,439.9990539550781,1790112023.7955756
time/actor/run_training,54,439.86724853515625,1790112318.5874915
time/actor/run_training,55,440.0006408691406,1790112885.3324797
time/actor/run_training,56,439.7061767578125,1790113176.266205
time/actor/run_training,57,440.85943603515625,1790113470.8464525
time/actor/run_training,58,440.1590270996094,1790113765.2272902
time/actor/run_training,59,440.8243713378906,1790114059.590611
time/actor/run_training,60,440.768310546875,1790114630.7146363
time/actor/run_training,61,439.9592590332031,1790114922.60891
time/actor/run_training,62,441.0987548828125,1790115217.0684974
time/actor/run_training,63,440.11944580078125,1790115510.3477373
time/actor/run_training,64,440.35577392578125,1790115805.3510478
time/actor/run_training,65,441.5198059082031,1790116371.0284002
time/actor/run_training,66,441.07135009765625,1790116663.7017763
time/actor/run_training,67,441.6422119140625,1790116959.776478
time/actor/run_training,68,439.9508972167969,1790117256.9673173
time/actor/run_training,69,439.9433288574219,1790117552.7999318
time/actor/run_training,70,440.9585876464844,1790118123.6042676
time/actor/run_training,71,440.7174377441406,1790118416.134981
time/actor/run_training,72,442.25213623046875,1790118712.8217914
time/actor/run_training,73,440.0074157714844,1790119006.968728
time/actor/run_training,74,441.3382568359375,1790119301.393308
time/actor/run_training,75,441.6591491699219,1790119864.6887295
time/actor/run_training,76,440.3292236328125,1790120156.869283
time/actor/run_training,77,441.2831115722656,1790120450.722169
time/actor/run_training,78,440.8858642578125,1790120743.7953954
time/actor/run_training,79,441.55438232421875,1790121037.4282572
time/actor/run_training,80,441.10150146484375,1790121597.329418
time/actor/run_training,81,441.4749755859375,1790121891.3231788
time/actor/run_training,82,441.79986572265625,1790122185.526647
time/actor/run_training,83,441.3015441894531,1790122482.948422
time/actor/run_training,84,440.3025817871094,1790122776.807433
time/actor/run_training,85,441.4976501464844,1790123339.1608691
time/actor/run_training,86,441.4474792480469,1790123629.8366003
time/actor/run_training,87,441.8567810058594,1790123924.3452206
time/actor/run_training,88,441.15771484375,1790124215.201867
time/actor/run_training,89,441.27978515625,1790124508.8870184
time/actor/run_training,90,442.0216064453125,1790125070.9217825
time/actor/run_training,91,440.9155578613281,1790125361.7955022
time/actor/run_training,92,441.5783996582031,1790125652.3365204
time/actor/run_training,93,442.0774230957031,1790125947.271639
time/actor/run_training,94,441.4433288574219,1790126240.6632717
time/actor/run_training,95,441.9276428222656,1790126798.678394
time/actor/run_training,96,442.5460510253906,1790127092.0088823
time/actor/run_training,97,441.27685546875,1790127386.2345269
time/actor/run_training,98,442.02294921875,1790127680.4605
time/actor/run_training,99,441.1907043457031,1790127974.9176385
time/actor/run_training,100,442.5321960449219,1790128568.902469
time/actor/run_training,101,441.71380615234375,1790128860.4465787
time/actor/run_training,102,440.6116638183594,1790129153.1443543
time/actor/run_training,103,441.44183349609375,1790129447.0756946
time/actor/run_training,104,441.414306640625,1790129741.231686
time/actor/run_training,105,442.26934814453125,1790130304.8451936
time/actor/run_training,106,441.0870666503906,1790130597.4638534
time/actor/run_training,107,440.9923095703125,1790130891.809148
time/actor/run_training,108,441.2305603027344,1790131185.7802892
time/actor/run_training,109,441.90679931640625,1790131478.1232116
time/actor/run_training,110,441.70147705078125,1790132046.9367757
time/actor/run_training,111,441.64312744140625,1790132340.919176
time/actor/run_training,112,441.7676086425781,1790132635.9080567
time/actor/run_training,113,440.43988037109375,1790132930.508538
time/actor/run_training,114,440.9505310058594,1790133224.3940299
time/actor/run_training,115,441.8141174316406,1790133790.4006643
time/actor/run_training,116,441.86260986328125,1790134083.2880893
time/actor/run_training,117,441.58587646484375,1790134378.7744892
time/actor/run_training,118,441.3868408203125,1790134673.6081598
time/actor/run_training,119,440.8958435058594,1790134966.2128153
time/actor/run_training,120,440.793212890625,1790135528.1903815
time/actor/run_training,121,440.8872985839844,1790135820.1883686
time/actor/run_training,122,441.09295654296875,1790136117.17499
time/actor/run_training,123,441.5470886230469,1790136412.5738668
time/actor/run_training,124,441.18487548828125,1790136704.9787989
time/actor/run_training,125,441.5877990722656,1790137270.3434436
time/actor/run_training,126,442.1265563964844,1790137562.6586804
time/actor/run_training,127,443.62689208984375,1790137856.9558418
train/actor/grad_norm,1,0.25966548919677734,1790093952.9666467
train/actor/grad_norm,2,0.10870077461004257,1790094252.739919
train/actor/grad_norm,3,0.07626518607139587,1790094547.5986166
train/actor/grad_norm,4,0.0626559853553772,1790094841.3364255
train/actor/grad_norm,5,0.04365525022149086,1790095406.66655
train/actor/grad_norm,6,0.03804890438914299,1790095700.063757
train/actor/grad_norm,7,0.03563745692372322,1790095995.7622077
train/actor/grad_norm,8,0.032879788428545,1790096287.9801838
train/actor/grad_norm,9,0.03167309984564781,1790096585.327328
train/actor/grad_norm,10,0.03355267643928528,1790097154.786266
train/actor/grad_norm,11,0.035033609718084335,1790097447.526708
train/actor/grad_norm,12,0.039874445647001266,1790097742.15612
train/actor/grad_norm,13,0.03526167571544647,1790098035.1685405
train/actor/grad_norm,14,0.0379796139895916,1790098330.345445
train/actor/grad_norm,15,0.038893893361091614,1790098897.659452
train/actor/grad_norm,16,0.03978630155324936,1790099190.3873374
train/actor/grad_norm,17,0.0397549532353878,1790099486.930334
train/actor/grad_norm,18,0.04156454652547836,1790099780.7574382
train/actor/grad_norm,19,0.03763654828071594,1790100077.1575527
train/actor/grad_norm,20,0.045425500720739365,1790100642.1086879
train/actor/grad_norm,21,0.04015490785241127,1790100932.7113636
train/actor/grad_norm,22,0.04077591001987457,1790101229.338256
train/actor/grad_norm,23,0.04175839200615883,1790101523.6745813
train/actor/grad_norm,24,0.03998059034347534,1790101815.8597755
train/actor/grad_norm,25,0.03879231959581375,1790102382.6108463
train/actor/grad_norm,26,0.042501967400312424,1790102675.0070257
train/actor/grad_norm,27,0.04349051043391228,1790102969.9437127
train/actor/grad_norm,28,0.04893496260046959,1790103263.8624148
train/actor/grad_norm,29,0.04449822008609772,1790103558.2213736
train/actor/grad_norm,30,0.044361647218465805,1790104122.9192662
train/actor/grad_norm,31,0.042116399854421616,1790104413.2875218
train/actor/grad_norm,32,0.045688506215810776,1790104710.0677423
train/actor/grad_norm,33,0.042618464678525925,1790105005.1848855
train/actor/grad_norm,34,0.05048014968633652,1790105300.2978654
train/actor/grad_norm,35,0.04563089832663536,1790105865.338016
train/actor/grad_norm,36,0.047061432152986526,1790106156.0934155
train/actor/grad_norm,37,0.046357687562704086,1790106452.16146
train/actor/grad_norm,38,0.04333488270640373,1790106746.4869862
train/actor/grad_norm,39,0.040585219860076904,1790107039.3410337
train/actor/grad_norm,40,0.049965325742959976,1790107604.308258
train/actor/grad_norm,41,0.04900413379073143,1790107895.8655827
train/actor/grad_norm,42,0.04992631450295448,1790108190.5852995
train/actor/grad_norm,43,0.048878662288188934,1790108487.2424386
train/actor/grad_norm,44,0.04701618477702141,1790108782.2938995
train/actor/grad_norm,45,0.04671004042029381,1790109350.1971924
train/actor/grad_norm,46,0.04409446194767952,1790109642.568587
train/actor/grad_norm,47,0.04503724351525307,1790109941.817981
train/actor/grad_norm,48,0.04096054658293724,1790110240.6181834
train/actor/grad_norm,49,0.043640315532684326,1790110537.864459
train/actor/grad_norm,50,0.04290839284658432,1790111140.7820008
train/actor/grad_norm,51,0.05356404557824135,1790111434.788861
train/actor/grad_norm,52,0.04986484348773956,1790111728.8367553
train/actor/grad_norm,53,0.04782717302441597,1790112023.7955823
train/actor/grad_norm,54,0.04745851084589958,1790112318.5875032
train/actor/grad_norm,55,0.043557070195674896,1790112885.3324895
train/actor/grad_norm,56,0.04536474123597145,1790113176.266215
train/actor/grad_norm,57,0.04596427083015442,1790113470.8464592
train/actor/grad_norm,58,0.045900020748376846,1790113765.2272978
train/actor/grad_norm,59,0.04501141607761383,1790114059.5906188
train/actor/grad_norm,60,0.0506104901432991,1790114630.7146442
train/actor/grad_norm,61,0.04721636697649956,1790114922.6089196
train/actor/grad_norm,62,0.04335888847708702,1790115217.068504
train/actor/grad_norm,63,0.04914769530296326,1790115510.347745
train/actor/grad_norm,64,0.0422716960310936,1790115805.3510582
train/actor/grad_norm,65,0.042941369116306305,1790116371.0284088
train/actor/grad_norm,66,0.0459606796503067,1790116663.701784
train/actor/grad_norm,67,0.04420305788516998,1790116959.776485
train/actor/grad_norm,68,0.04361366108059883,1790117256.9673245
train/actor/grad_norm,69,0.04281463474035263,1790117552.7999387
train/actor/grad_norm,70,0.044224515557289124,1790118123.604277
train/actor/grad_norm,71,0.04065089300274849,1790118416.1349878
train/actor/grad_norm,72,0.04299670085310936,1790118712.821798
train/actor/grad_norm,73,0.05131128802895546,1790119006.9687386
train/actor/grad_norm,74,0.04373400658369064,1790119301.3933158
train/actor/grad_norm,75,0.043496765196323395,1790119864.6887355
train/actor/grad_norm,76,0.047459546476602554,1790120156.8692904
train/actor/grad_norm,77,0.04580921679735184,1790120450.722176
train/actor/grad_norm,78,0.04640330374240875,1790120743.7954018
train/actor/grad_norm,79,0.043990448117256165,1790121037.4282637
train/actor/grad_norm,80,0.04676661267876625,1790121597.3294265
train/actor/grad_norm,81,0.045115359127521515,1790121891.3231874
train/actor/grad_norm,82,0.04868612065911293,1790122185.5266547
train/actor/grad_norm,83,0.05765124410390854,1790122482.948432
train/actor/grad_norm,84,0.04991526156663895,1790122776.8074403
train/actor/grad_norm,85,0.04361060634255409,1790123339.160878
train/actor/grad_norm,86,0.03947804495692253,1790123629.8366075
train/actor/grad_norm,87,0.04620921239256859,1790123924.345227
train/actor/grad_norm,88,0.0458536259829998,1790124215.201875
train/actor/grad_norm,89,0.04418964311480522,1790124508.8870254
train/actor/grad_norm,90,0.04773935675621033,1790125070.921791
train/actor/grad_norm,91,0.047221772372722626,1790125361.7955327
train/actor/grad_norm,92,0.05534595623612404,1790125652.336526
train/actor/grad_norm,93,0.04605169966816902,1790125947.2716455
train/actor/grad_norm,94,0.0417494922876358,1790126240.66328
train/actor/grad_norm,95,0.03882008418440819,1790126798.6784065
train/actor/grad_norm,96,0.03573191538453102,1790127092.0088897
train/actor/grad_norm,97,0.04152827709913254,1790127386.2345347
train/actor/grad_norm,98,0.049726031720638275,1790127680.460507
train/actor/grad_norm,99,0.04885578900575638,1790127974.9176452
train/actor/grad_norm,100,0.04855429381132126,1790128568.9024777
train/actor/grad_norm,101,0.04263622686266899,1790128860.4465854
train/actor/grad_norm,102,0.04202235862612724,1790129153.1443632
train/actor/grad_norm,103,0.04380011558532715,1790129447.0757012
train/actor/grad_norm,104,0.04560064896941185,1790129741.2316985
train/actor/grad_norm,105,0.04245256632566452,1790130304.8452063
train/actor/grad_norm,106,0.04812075197696686,1790130597.463862
train/actor/grad_norm,107,0.04705467447638512,1790130891.8091536
train/actor/grad_norm,108,0.05409698933362961,1790131185.780296
train/actor/grad_norm,109,0.04966768994927406,1790131478.1232195
train/actor/grad_norm,110,0.04492826387286186,1790132046.9367852
train/actor/grad_norm,111,0.046574823558330536,1790132340.9191859
train/actor/grad_norm,112,0.04800714924931526,1790132635.908064
train/actor/grad_norm,113,0.04224608466029167,1790132930.5085447
train/actor/grad_norm,114,0.04429975152015686,1790133224.394037
train/actor/grad_norm,115,0.04906459525227547,1790133790.400672
train/actor/grad_norm,116,0.047668762505054474,1790134083.2880983
train/actor/grad_norm,117,0.049982987344264984,1790134378.7744958
train/actor/grad_norm,118,0.05210119113326073,1790134673.6081667
train/actor/grad_norm,119,0.04969166964292526,1790134966.2128224
train/actor/grad_norm,120,0.04824557527899742,1790135528.1903949
train/actor/grad_norm,121,0.04754145070910454,1790135820.188375
train/actor/grad_norm,122,0.04560329392552376,1790136117.175
train/actor/grad_norm,123,0.043351080268621445,1790136412.5738728
train/actor/grad_norm,124,0.04458359256386757,1790136704.9788084
train/actor/grad_norm,125,0.056091323494911194,1790137270.3434522
train/actor/grad_norm,126,0.04958082363009453,1790137562.6586876
train/actor/grad_norm,127,0.04296376556158066,1790137856.9558494
train/actor/lr,1,2.499999936844688e-05,1790093952.966653
train/actor/lr,2,2.499999936844688e-05,1790094252.7399347
train/actor/lr,3,2.499999936844688e-05,1790094547.5986254
train/actor/lr,4,2.499999936844688e-05,1790094841.3364327
train/actor/lr,5,2.499999936844688e-05,1790095406.6665587
train/actor/lr,6,2.499999936844688e-05,1790095700.063762
train/actor/lr,7,2.499999936844688e-05,1790095995.7622173
train/actor/lr,8,2.499999936844688e-05,1790096287.9801893
train/actor/lr,9,2.499999936844688e-05,1790096585.327334
train/actor/lr,10,2.499999936844688e-05,1790097154.7862732
train/actor/lr,11,2.499999936844688e-05,1790097447.526714
train/actor/lr,12,2.499999936844688e-05,1790097742.1561277
train/actor/lr,13,2.499999936844688e-05,1790098035.1685462
train/actor/lr,14,2.499999936844688e-05,1790098330.3454514
train/actor/lr,15,2.499999936844688e-05,1790098897.65946
train/actor/lr,16,2.499999936844688e-05,1790099190.3873446
train/actor/lr,17,2.499999936844688e-05,1790099486.9303408
train/actor/lr,18,2.499999936844688e-05,1790099780.7574441
train/actor/lr,19,2.499999936844688e-05,1790100077.1575594
train/actor/lr,20,2.499999936844688e-05,1790100642.108694
train/actor/lr,21,2.499999936844688e-05,1790100932.7113688
train/actor/lr,22,2.499999936844688e-05,1790101229.3382635
train/actor/lr,23,2.499999936844688e-05,1790101523.6745868
train/actor/lr,24,2.499999936844688e-05,1790101815.859783
train/actor/lr,25,2.499999936844688e-05,1790102382.6108532
train/actor/lr,26,2.499999936844688e-05,1790102675.0070314
train/actor/lr,27,2.499999936844688e-05,1790102969.943719
train/actor/lr,28,2.499999936844688e-05,1790103263.8624208
train/actor/lr,29,2.499999936844688e-05,1790103558.2213798
train/actor/lr,30,2.499999936844688e-05,1790104122.919274
train/actor/lr,31,2.499999936844688e-05,1790104413.2875304
train/actor/lr,32,2.499999936844688e-05,1790104710.067749
train/actor/lr,33,2.499999936844688e-05,1790105005.18489
train/actor/lr,34,2.499999936844688e-05,1790105300.2978714
train/actor/lr,35,2.499999936844688e-05,1790105865.3380246
train/actor/lr,36,2.499999936844688e-05,1790106156.0934215
train/actor/lr,37,2.499999936844688e-05,1790106452.1614664
train/actor/lr,38,2.499999936844688e-05,1790106746.4869924
train/actor/lr,39,2.499999936844688e-05,1790107039.3410397
train/actor/lr,40,2.499999936844688e-05,1790107604.3082654
train/actor/lr,41,2.499999936844688e-05,1790107895.8655887
train/actor/lr,42,2.499999936844688e-05,1790108190.5853064
train/actor/lr,43,2.499999936844688e-05,1790108487.242445
train/actor/lr,44,2.499999936844688e-05,1790108782.293906
train/actor/lr,45,2.499999936844688e-05,1790109350.1971996
train/actor/lr,46,2.499999936844688e-05,1790109642.568595
train/actor/lr,47,2.499999936844688e-05,1790109941.8179893
train/actor/lr,48,2.499999936844688e-05,1790110240.6181903
train/actor/lr,49,2.499999936844688e-05,1790110537.8644655
train/actor/lr,50,2.499999936844688e-05,1790111140.7820077
train/actor/lr,51,2.499999936844688e-05,1790111434.788867
train/actor/lr,52,2.499999936844688e-05,1790111728.836761
train/actor/lr,53,2.499999936844688e-05,1790112023.7955883
train/actor/lr,54,2.499999936844688e-05,1790112318.58751
train/actor/lr,55,2.499999936844688e-05,1790112885.3324978
train/actor/lr,56,2.499999936844688e-05,1790113176.2662241
train/actor/lr,57,2.499999936844688e-05,1790113470.8464653
train/actor/lr,58,2.499999936844688e-05,1790113765.2273042
train/actor/lr,59,2.499999936844688e-05,1790114059.590626
train/actor/lr,60,2.499999936844688e-05,1790114630.714651
train/actor/lr,61,2.499999936844688e-05,1790114922.608928
train/actor/lr,62,2.499999936844688e-05,1790115217.06851
train/actor/lr,63,2.499999936844688e-05,1790115510.3477519
train/actor/lr,64,2.499999936844688e-05,1790115805.3510673
train/actor/lr,65,2.499999936844688e-05,1790116371.0284164
train/actor/lr,66,2.499999936844688e-05,1790116663.7017899
train/actor/lr,67,2.499999936844688e-05,1790116959.7764924
train/actor/lr,68,2.499999936844688e-05,1790117256.967331
train/actor/lr,69,2.499999936844688e-05,1790117552.799945
train/actor/lr,70,2.499999936844688e-05,1790118123.604285
train/actor/lr,71,2.499999936844688e-05,1790118416.1349936
train/actor/lr,72,2.499999936844688e-05,1790118712.8218043
train/actor/lr,73,2.499999936844688e-05,1790119006.9687467
train/actor/lr,74,2.499999936844688e-05,1790119301.3933227
train/actor/lr,75,2.499999936844688e-05,1790119864.688741
train/actor/lr,76,2.499999936844688e-05,1790120156.8692966
train/actor/lr,77,2.499999936844688e-05,1790120450.7221818
train/actor/lr,78,2.499999936844688e-05,1790120743.795409
train/actor/lr,79,2.499999936844688e-05,1790121037.4282696
train/actor/lr,80,2.499999936844688e-05,1790121597.3294349
train/actor/lr,81,2.499999936844688e-05,1790121891.323193
train/actor/lr,82,2.499999936844688e-05,1790122185.5266612
train/actor/lr,83,2.499999936844688e-05,1790122482.9484406
train/actor/lr,84,2.499999936844688e-05,1790122776.8074472
train/actor/lr,85,2.499999936844688e-05,1790123339.1608858
train/actor/lr,86,2.499999936844688e-05,1790123629.8366137
train/actor/lr,87,2.499999936844688e-05,1790123924.3452332
train/actor/lr,88,2.499999936844688e-05,1790124215.2018821
train/actor/lr,89,2.499999936844688e-05,1790124508.8870316
train/actor/lr,90,2.499999936844688e-05,1790125070.9217985
train/actor/lr,91,2.499999936844688e-05,1790125361.7955544
train/actor/lr,92,2.499999936844688e-05,1790125652.3365304
train/actor/lr,93,2.499999936844688e-05,1790125947.271651
train/actor/lr,94,2.499999936844688e-05,1790126240.6632879
train/actor/lr,95,2.499999936844688e-05,1790126798.6784184
train/actor/lr,96,2.499999936844688e-05,1790127092.0088954
train/actor/lr,97,2.499999936844688e-05,1790127386.2345405
train/actor/lr,98,2.499999936844688e-05,1790127680.4605129
train/actor/lr,99,2.499999936844688e-05,1790127974.9176512
train/actor/lr,100,2.499999936844688e-05,1790128568.9024858
train/actor/lr,101,2.499999936844688e-05,1790128860.4465911
train/actor/lr,102,2.499999936844688e-05,1790129153.1443717
train/actor/lr,103,2.499999936844688e-05,1790129447.0757077
train/actor/lr,104,2.499999936844688e-05,1790129741.231709
train/actor/lr,105,2.499999936844688e-05,1790130304.8452172
train/actor/lr,106,2.499999936844688e-05,1790130597.4638703
train/actor/lr,107,2.499999936844688e-05,1790130891.809158
train/actor/lr,108,2.499999936844688e-05,1790131185.7803023
train/actor/lr,109,2.499999936844688e-05,1790131478.1232278
train/actor/lr,110,2.499999936844688e-05,1790132046.9367929
train/actor/lr,111,2.499999936844688e-05,1790132340.9191952
train/actor/lr,112,2.499999936844688e-05,1790132635.9080708
train/actor/lr,113,2.499999936844688e-05,1790132930.5085506
train/actor/lr,114,2.499999936844688e-05,1790133224.3940427
train/actor/lr,115,2.499999936844688e-05,1790133790.4006789
train/actor/lr,116,2.499999936844688e-05,1790134083.2881067
train/actor/lr,117,2.499999936844688e-05,1790134378.7745018
train/actor/lr,118,2.499999936844688e-05,1790134673.6081722
train/actor/lr,119,2.499999936844688e-05,1790134966.2128282
train/actor/lr,120,2.499999936844688e-05,1790135528.1904058
train/actor/lr,121,2.499999936844688e-05,1790135820.188381
train/actor/lr,122,2.499999936844688e-05,1790136117.1750095
train/actor/lr,123,2.499999936844688e-05,1790136412.5738783
train/actor/lr,124,2.499999936844688e-05,1790136704.978816
train/actor/lr,125,2.499999936844688e-05,1790137270.34346
train/actor/lr,126,2.499999936844688e-05,1790137562.6586938
train/actor/lr,127,2.499999936844688e-05,1790137856.9558566
train/bc/actor_loss,1,0.007669545244425535,1790093952.9666588
train/bc/actor_loss,2,0.010511208325624466,1790094252.7399492
train/bc/actor_loss,3,0.00948707852512598,1790094547.598635
train/bc/actor_loss,4,0.009643935598433018,1790094841.3364398
train/bc/actor_loss,5,0.008396989665925503,1790095406.6669896
train/bc/actor_loss,6,0.008410084061324596,1790095700.0637667
train/bc/actor_loss,7,0.007755270227789879,1790095995.7622266
train/bc/actor_loss,8,0.0074983807280659676,1790096287.9801948
train/bc/actor_loss,9,0.007372260559350252,1790096585.3273394
train/bc/actor_loss,10,0.006381811574101448,1790097154.7867796
train/bc/actor_loss,11,0.006735405419021845,1790097447.52672
train/bc/actor_loss,12,0.006073923781514168,1790097742.1561344
train/bc/actor_loss,13,0.005794688127934933,1790098035.168552
train/bc/actor_loss,14,0.006385352462530136,1790098330.3454568
train/bc/actor_loss,15,0.005828045308589935,1790098897.6599638
train/bc/actor_loss,16,0.00551445921882987,1790099190.3873506
train/bc/actor_loss,17,0.005834929179400206,1790099486.930347
train/bc/actor_loss,18,0.005575995892286301,1790099780.7574499
train/bc/actor_loss,19,0.005335414316505194,1790100077.1575665
train/bc/actor_loss,20,0.005737640429288149,1790100642.1089394
train/bc/actor_loss,21,0.005279778968542814,1790100932.7113733
train/bc/actor_loss,22,0.005107995122671127,1790101229.3382714
train/bc/actor_loss,23,0.005415691062808037,1790101523.6745927
train/bc/actor_loss,24,0.005025945603847504,1790101815.85979
train/bc/actor_loss,25,0.005072193220257759,1790102382.6110175
train/bc/actor_loss,26,0.00516482861712575,1790102675.0070374
train/bc/actor_loss,27,0.004744310863316059,1790102969.943725
train/bc/actor_loss,28,0.004906350746750832,1790103263.862426
train/bc/actor_loss,29,0.004785771016031504,1790103558.2213857
train/bc/actor_loss,30,0.0047621894627809525,1790104122.9194586
train/bc/actor_loss,31,0.004697731230407953,1790104413.2875388
train/bc/actor_loss,32,0.004572419915348291,1790104710.0677555
train/bc/actor_loss,33,0.004581465385854244,1790105005.1848946
train/bc/actor_loss,34,0.00498029263690114,1790105300.297877
train/bc/actor_loss,35,0.004510283470153809,1790105865.3382225
train/bc/actor_loss,36,0.004289689008146524,1790106156.0934274
train/bc/actor_loss,37,0.004679120611399412,1790106452.161473
train/bc/actor_loss,38,0.004489587154239416,1790106746.4869988
train/bc/actor_loss,39,0.00428733741864562,1790107039.3410463
train/bc/actor_loss,40,0.004589637275785208,1790107604.308471
train/bc/actor_loss,41,0.0044262465089559555,1790107895.8655946
train/bc/actor_loss,42,0.004785963799804449,1790108190.5853133
train/bc/actor_loss,43,0.004288787022233009,1790108487.2424512
train/bc/actor_loss,44,0.00423410115763545,1790108782.2939122
train/bc/actor_loss,45,0.004348405171185732,1790109350.197537
train/bc/actor_loss,46,0.004687991924583912,1790109642.5686023
train/bc/actor_loss,47,0.004302951507270336,1790109941.8179963
train/bc/actor_loss,48,0.004150362219661474,1790110240.6181974
train/bc/actor_loss,49,0.00425112945958972,1790110537.8644712
train/bc/actor_loss,50,0.004272054880857468,1790111140.7824464
train/bc/actor_loss,51,0.00425131106749177,1790111434.7888732
train/bc/actor_loss,52,0.003930286504328251,1790111728.836767
train/bc/actor_loss,53,0.00415188679471612,1790112023.7955945
train/bc/actor_loss,54,0.004084849264472723,1790112318.5875163
train/bc/actor_loss,55,0.003912128508090973,1790112885.332808
train/bc/actor_loss,56,0.003927433863282204,1790113176.2662327
train/bc/actor_loss,57,0.004303362220525742,1790113470.8464713
train/bc/actor_loss,58,0.0038793012499809265,1790113765.2273107
train/bc/actor_loss,59,0.00384007440879941,1790114059.5906327
train/bc/actor_loss,60,0.003731610719114542,1790114630.7152967
train/bc/actor_loss,61,0.004018472041934729,1790114922.6089358
train/bc/actor_loss,62,0.0038775524590164423,1790115217.0685155
train/bc/actor_loss,63,0.003852329682558775,1790115510.3477588
train/bc/actor_loss,64,0.003943729214370251,1790115805.3510766
train/bc/actor_loss,65,0.004213877487927675,1790116371.0289278
train/bc/actor_loss,66,0.003636614652350545,1790116663.7017956
train/bc/actor_loss,67,0.003964641131460667,1790116959.776499
train/bc/actor_loss,68,0.0039063687436282635,1790117256.9673367
train/bc/actor_loss,69,0.003568753134459257,1790117552.7999513
train/bc/actor_loss,70,0.0036659729667007923,1790118123.604534
train/bc/actor_loss,71,0.003913219552487135,1790118416.1349995
train/bc/actor_loss,72,0.0038067956920713186,1790118712.8218102
train/bc/actor_loss,73,0.0036957201082259417,1790119006.9687538
train/bc/actor_loss,74,0.0035895814653486013,1790119301.3933296
train/bc/actor_loss,75,0.004153486806899309,1790119864.6891067
train/bc/actor_loss,76,0.0040339515544474125,1790120156.869303
train/bc/actor_loss,77,0.003545934334397316,1790120450.7221878
train/bc/actor_loss,78,0.0035020788200199604,1790120743.7954147
train/bc/actor_loss,79,0.0037210171576589346,1790121037.4282749
train/bc/actor_loss,80,0.0037612994201481342,1790121597.3299556
train/bc/actor_loss,81,0.0036551165394484997,1790121891.3231995
train/bc/actor_loss,82,0.003965386655181646,1790122185.5266676
train/bc/actor_loss,83,0.003539047436788678,1790122482.9484494
train/bc/actor_loss,84,0.0039031316991895437,1790122776.8074534
train/bc/actor_loss,85,0.0035257802810519934,1790123339.16128
train/bc/actor_loss,86,0.0034431633539497852,1790123629.8366196
train/bc/actor_loss,87,0.003974089398980141,1790123924.345239
train/bc/actor_loss,88,0.0038670601788908243,1790124215.2018886
train/bc/actor_loss,89,0.0038923434913158417,1790124508.8870373
train/bc/actor_loss,90,0.004032093100249767,1790125070.9221098
train/bc/actor_loss,91,0.003668068442493677,1790125361.7955768
train/bc/actor_loss,92,0.003707475494593382,1790125652.336535
train/bc/actor_loss,93,0.00374181498773396,1790125947.2716565
train/bc/actor_loss,94,0.003603530116379261,1790126240.6632946
train/bc/actor_loss,95,0.0032619598787277937,1790126798.6786706
train/bc/actor_loss,96,0.0035470686852931976,1790127092.0089014
train/bc/actor_loss,97,0.0035857867915183306,1790127386.2345462
train/bc/actor_loss,98,0.0042718555778265,1790127680.4605186
train/bc/actor_loss,99,0.0037735409568995237,1790127974.9176574
train/bc/actor_loss,100,0.003451076103374362,1790128568.902974
train/bc/actor_loss,101,0.003683987073600292,1790128860.446597
train/bc/actor_loss,102,0.0033797151409089565,1790129153.1443791
train/bc/actor_loss,103,0.0033959802240133286,1790129447.0757136
train/bc/actor_loss,104,0.003457430051639676,1790129741.2317195
train/bc/actor_loss,105,0.0033512236550450325,1790130304.8454936
train/bc/actor_loss,106,0.003611582098528743,1790130597.4638782
train/bc/actor_loss,107,0.00333185656927526,1790130891.809163
train/bc/actor_loss,108,0.003468756563961506,1790131185.7803082
train/bc/actor_loss,109,0.0033069010823965073,1790131478.1232345
train/bc/actor_loss,110,0.0034577003680169582,1790132046.9371476
train/bc/actor_loss,111,0.0034260752145200968,1790132340.9192038
train/bc/actor_loss,112,0.0033136990386992693,1790132635.908077
train/bc/actor_loss,113,0.0030844700522720814,1790132930.5085564
train/bc/actor_loss,114,0.0033598521258682013,1790133224.3940485
train/bc/actor_loss,115,0.0034815645776689053,1790133790.4010763
train/bc/actor_loss,116,0.0034927884116768837,1790134083.2881157
train/bc/actor_loss,117,0.003604623256251216,1790134378.7745075
train/bc/actor_loss,118,0.0035246419720351696,1790134673.608178
train/bc/actor_loss,119,0.0033441619016230106,1790134966.2128341
train/bc/actor_loss,120,0.0030593443661928177,1790135528.1909177
train/bc/actor_loss,121,0.0032860911451280117,1790135820.188387
train/bc/actor_loss,122,0.0037301178090274334,1790136117.1750185
train/bc/actor_loss,123,0.003623811760917306,1790136412.5738833
train/bc/actor_loss,124,0.003519639605656266,1790136704.978824
train/bc/actor_loss,125,0.0036178550217300653,1790137270.343626
train/bc/actor_loss,126,0.0030463063158094883,1790137562.6587
train/bc/actor_loss,127,0.0033876891247928143,1790137856.9558635
train/dvac_new/alpha_chunk,1,1.0,1790093952.9666646
train/dvac_new/alpha_chunk,2,0.9949748516082764,1790094252.7399633
train/dvac_new/alpha_chunk,3,0.9899497628211975,1790094547.5986435
train/dvac_new/alpha_chunk,4,0.9849246144294739,1790094841.3364468
train/dvac_new/alpha_chunk,5,0.979899525642395,1790095406.6670024
train/dvac_new/alpha_chunk,6,0.9748743772506714,1790095700.0637715
train/dvac_new/alpha_chunk,7,0.9698492288589478,1790095995.7622364
train/dvac_new/alpha_chunk,8,0.9648241400718689,1790096287.9802
train/dvac_new/alpha_chunk,9,0.9597989916801453,1790096585.3273454
train/dvac_new/alpha_chunk,10,0.9547738432884216,1790097154.7867904
train/dvac_new/alpha_chunk,11,0.9497487545013428,1790097447.5267262
train/dvac_new/alpha_chunk,12,0.9447236061096191,1790097742.1561408
train/dvac_new/alpha_chunk,13,0.9396985173225403,1790098035.1685576
train/dvac_new/alpha_chunk,14,0.9346733689308167,1790098330.3454628
train/dvac_new/alpha_chunk,15,0.929648220539093,1790098897.6599724
train/dvac_new/alpha_chunk,16,0.9246231317520142,1790099190.3873558
train/dvac_new/alpha_chunk,17,0.9195979833602905,1790099486.930353
train/dvac_new/alpha_chunk,18,0.9145728349685669,1790099780.7574556
train/dvac_new/alpha_chunk,19,0.909547746181488,1790100077.1575735
train/dvac_new/alpha_chunk,20,0.9045225977897644,1790100642.108946
train/dvac_new/alpha_chunk,21,0.8994975090026855,1790100932.7113776
train/dvac_new/alpha_chunk,22,0.8944723606109619,1790101229.3382792
train/dvac_new/alpha_chunk,23,0.8894472122192383,1790101523.6745985
train/dvac_new/alpha_chunk,24,0.8844221234321594,1790101815.8597977
train/dvac_new/alpha_chunk,25,0.8793969750404358,1790102382.611025
train/dvac_new/alpha_chunk,26,0.8743718862533569,1790102675.007043
train/dvac_new/alpha_chunk,27,0.8693467378616333,1790102969.9437313
train/dvac_new/alpha_chunk,28,0.8643215894699097,1790103263.862432
train/dvac_new/alpha_chunk,29,0.8592965006828308,1790103558.2213917
train/dvac_new/alpha_chunk,30,0.8542713522911072,1790104122.9194665
train/dvac_new/alpha_chunk,31,0.8492462038993835,1790104413.2875469
train/dvac_new/alpha_chunk,32,0.8442211151123047,1790104710.0677614
train/dvac_new/alpha_chunk,33,0.839195966720581,1790105005.1848989
train/dvac_new/alpha_chunk,34,0.8341708779335022,1790105300.2978828
train/dvac_new/alpha_chunk,35,0.8291457295417786,1790105865.338231
train/dvac_new/alpha_chunk,36,0.8241205811500549,1790106156.0934334
train/dvac_new/alpha_chunk,37,0.8190954923629761,1790106452.1614795
train/dvac_new/alpha_chunk,38,0.8140703439712524,1790106746.4870045
train/dvac_new/alpha_chunk,39,0.8090452551841736,1790107039.3410525
train/dvac_new/alpha_chunk,40,0.80402010679245,1790107604.308479
train/dvac_new/alpha_chunk,41,0.7989949584007263,1790107895.8656006
train/dvac_new/alpha_chunk,42,0.7939698696136475,1790108190.5853205
train/dvac_new/alpha_chunk,43,0.7889447212219238,1790108487.2424574
train/dvac_new/alpha_chunk,44,0.7839195728302002,1790108782.2939181
train/dvac_new/alpha_chunk,45,0.7788944840431213,1790109350.1980355
train/dvac_new/alpha_chunk,46,0.7738693356513977,1790109642.5686097
train/dvac_new/alpha_chunk,47,0.7688442468643188,1790109941.818003
train/dvac_new/alpha_chunk,48,0.7638190984725952,1790110240.6182044
train/dvac_new/alpha_chunk,49,0.7587939500808716,1790110537.8644772
train/dvac_new/alpha_chunk,50,0.7537688612937927,1790111140.782454
train/dvac_new/alpha_chunk,51,0.7487437129020691,1790111434.788879
train/dvac_new/alpha_chunk,52,0.7437185645103455,1790111728.836773
train/dvac_new/alpha_chunk,53,0.7386934757232666,1790112023.7956002
train/dvac_new/alpha_chunk,54,0.733668327331543,1790112318.587522
train/dvac_new/alpha_chunk,55,0.7286432385444641,1790112885.3328173
train/dvac_new/alpha_chunk,56,0.7236180901527405,1790113176.2662413
train/dvac_new/alpha_chunk,57,0.7185929417610168,1790113470.8464775
train/dvac_new/alpha_chunk,58,0.713567852973938,1790113765.2273166
train/dvac_new/alpha_chunk,59,0.7085427045822144,1790114059.5906394
train/dvac_new/alpha_chunk,60,0.7035176157951355,1790114630.7153053
train/dvac_new/alpha_chunk,61,0.6984924674034119,1790114922.608943
train/dvac_new/alpha_chunk,62,0.6934673190116882,1790115217.0685222
train/dvac_new/alpha_chunk,63,0.6884422302246094,1790115510.3477652
train/dvac_new/alpha_chunk,64,0.6834170818328857,1790115805.3510857
train/dvac_new/alpha_chunk,65,0.6783919334411621,1790116371.0289364
train/dvac_new/alpha_chunk,66,0.6733668446540833,1790116663.7018015
train/dvac_new/alpha_chunk,67,0.6683416962623596,1790116959.7765057
train/dvac_new/alpha_chunk,68,0.6633166074752808,1790117256.9673424
train/dvac_new/alpha_chunk,69,0.6582914590835571,1790117552.7999568
train/dvac_new/alpha_chunk,70,0.6532663106918335,1790118123.6045427
train/dvac_new/alpha_chunk,71,0.6482412219047546,1790118416.1350052
train/dvac_new/alpha_chunk,72,0.643216073513031,1790118712.8218162
train/dvac_new/alpha_chunk,73,0.6381909251213074,1790119006.9687614
train/dvac_new/alpha_chunk,74,0.6331658363342285,1790119301.3933363
train/dvac_new/alpha_chunk,75,0.6281406879425049,1790119864.6891134
train/dvac_new/alpha_chunk,76,0.623115599155426,1790120156.8693094
train/dvac_new/alpha_chunk,77,0.6180904507637024,1790120450.722194
train/dvac_new/alpha_chunk,78,0.6130653023719788,1790120743.7954204
train/dvac_new/alpha_chunk,79,0.6080402135848999,1790121037.4282806
train/dvac_new/alpha_chunk,80,0.6030150651931763,1790121597.3299644
train/dvac_new/alpha_chunk,81,0.5979899764060974,1790121891.3232052
train/dvac_new/alpha_chunk,82,0.5929648280143738,1790122185.5266733
train/dvac_new/alpha_chunk,83,0.5879396796226501,1790122482.9484584
train/dvac_new/alpha_chunk,84,0.5829145908355713,1790122776.8074598
train/dvac_new/alpha_chunk,85,0.5778894424438477,1790123339.161289
train/dvac_new/alpha_chunk,86,0.572864294052124,1790123629.836625
train/dvac_new/alpha_chunk,87,0.5678392052650452,1790123924.3452454
train/dvac_new/alpha_chunk,88,0.5628140568733215,1790124215.201895
train/dvac_new/alpha_chunk,89,0.5577889680862427,1790124508.8870428
train/dvac_new/alpha_chunk,90,0.552763819694519,1790125070.9221182
train/dvac_new/alpha_chunk,91,0.5477386713027954,1790125361.7956002
train/dvac_new/alpha_chunk,92,0.5427135825157166,1790125652.3365397
train/dvac_new/alpha_chunk,93,0.5376884341239929,1790125947.2716622
train/dvac_new/alpha_chunk,94,0.5326633453369141,1790126240.663302
train/dvac_new/alpha_chunk,95,0.5276381969451904,1790126798.678683
train/dvac_new/alpha_chunk,96,0.5226130485534668,1790127092.008908
train/dvac_new/alpha_chunk,97,0.5175879597663879,1790127386.234552
train/dvac_new/alpha_chunk,98,0.5125628113746643,1790127680.4605243
train/dvac_new/alpha_chunk,99,0.5075376629829407,1790127974.9176633
train/dvac_new/alpha_chunk,100,0.5025125741958618,1790128568.902982
train/dvac_new/alpha_chunk,101,0.4974874258041382,1790128860.446603
train/dvac_new/alpha_chunk,102,0.49246230721473694,1790129153.1443868
train/dvac_new/alpha_chunk,103,0.4874371886253357,1790129447.075719
train/dvac_new/alpha_chunk,104,0.48241207003593445,1790129741.2317302
train/dvac_new/alpha_chunk,105,0.4773869216442108,1790130304.845503
train/dvac_new/alpha_chunk,106,0.47236180305480957,1790130597.463886
train/dvac_new/alpha_chunk,107,0.4673366844654083,1790130891.8091674
train/dvac_new/alpha_chunk,108,0.4623115658760071,1790131185.7803144
train/dvac_new/alpha_chunk,109,0.45728641748428345,1790131478.123242
train/dvac_new/alpha_chunk,110,0.4522612988948822,1790132046.9371557
train/dvac_new/alpha_chunk,111,0.44723618030548096,1790132340.9192128
train/dvac_new/alpha_chunk,112,0.4422110617160797,1790132635.9080832
train/dvac_new/alpha_chunk,113,0.43718594312667847,1790132930.5085618
train/dvac_new/alpha_chunk,114,0.43216079473495483,1790133224.394055
train/dvac_new/alpha_chunk,115,0.4271356761455536,1790133790.4010835
train/dvac_new/alpha_chunk,116,0.42211055755615234,1790134083.2881238
train/dvac_new/alpha_chunk,117,0.4170854389667511,1790134378.7745137
train/dvac_new/alpha_chunk,118,0.41206029057502747,1790134673.6081839
train/dvac_new/alpha_chunk,119,0.4070351719856262,1790134966.2128398
train/dvac_new/alpha_chunk,120,0.402010053396225,1790135528.1909294
train/dvac_new/alpha_chunk,121,0.39698493480682373,1790135820.188393
train/dvac_new/alpha_chunk,122,0.3919597864151001,1790136117.1750274
train/dvac_new/alpha_chunk,123,0.38693466782569885,1790136412.5738883
train/dvac_new/alpha_chunk,124,0.3819095492362976,1790136704.9788318
train/dvac_new/alpha_chunk,125,0.37688443064689636,1790137270.3436344
train/dvac_new/alpha_chunk,126,0.37185928225517273,1790137562.6587062
train/dvac_new/alpha_chunk,127,0.3668341636657715,1790137856.9558704
train/dvac_new/alpha_local,1,1.0,1790093952.9666698
train/dvac_new/alpha_local,2,0.9949748516082764,1790094252.7399783
train/dvac_new/alpha_local,3,0.9899497628211975,1790094547.5986516
train/dvac_new/alpha_local,4,0.9849246144294739,1790094841.3364537
train/dvac_new/alpha_local,5,0.979899525642395,1790095406.667013
train/dvac_new/alpha_local,6,0.9748743772506714,1790095700.063776
train/dvac_new/alpha_local,7,0.9698492288589478,1790095995.7622461
train/dvac_new/alpha_local,8,0.9648241400718689,1790096287.9802048
train/dvac_new/alpha_local,9,0.9597989916801453,1790096585.3273513
train/dvac_new/alpha_local,10,0.9547738432884216,1790097154.786798
train/dvac_new/alpha_local,11,0.9497487545013428,1790097447.526732
train/dvac_new/alpha_local,12,0.9447236061096191,1790097742.1561482
train/dvac_new/alpha_local,13,0.9396985173225403,1790098035.168563
train/dvac_new/alpha_local,14,0.9346733689308167,1790098330.345469
train/dvac_new/alpha_local,15,0.929648220539093,1790098897.6599824
train/dvac_new/alpha_local,16,0.9246231317520142,1790099190.3873618
train/dvac_new/alpha_local,17,0.9195979833602905,1790099486.9303584
train/dvac_new/alpha_local,18,0.9145728349685669,1790099780.7574615
train/dvac_new/alpha_local,19,0.909547746181488,1790100077.1575801
train/dvac_new/alpha_local,20,0.9045225977897644,1790100642.1089523
train/dvac_new/alpha_local,21,0.8994975090026855,1790100932.7113824
train/dvac_new/alpha_local,22,0.8944723606109619,1790101229.3382869
train/dvac_new/alpha_local,23,0.8894472122192383,1790101523.674604
train/dvac_new/alpha_local,24,0.8844221234321594,1790101815.8598049
train/dvac_new/alpha_local,25,0.8793969750404358,1790102382.6110318
train/dvac_new/alpha_local,26,0.8743718862533569,1790102675.0070484
train/dvac_new/alpha_local,27,0.8693467378616333,1790102969.9437373
train/dvac_new/alpha_local,28,0.8643215894699097,1790103263.8624377
train/dvac_new/alpha_local,29,0.8592965006828308,1790103558.2213979
train/dvac_new/alpha_local,30,0.8542713522911072,1790104122.9194741
train/dvac_new/alpha_local,31,0.8492462038993835,1790104413.287555
train/dvac_new/alpha_local,32,0.8442211151123047,1790104710.0677679
train/dvac_new/alpha_local,33,0.839195966720581,1790105005.1849039
train/dvac_new/alpha_local,34,0.8341708779335022,1790105300.2978888
train/dvac_new/alpha_local,35,0.8291457295417786,1790105865.3382397
train/dvac_new/alpha_local,36,0.8241205811500549,1790106156.0934396
train/dvac_new/alpha_local,37,0.8190954923629761,1790106452.1614852
train/dvac_new/alpha_local,38,0.8140703439712524,1790106746.48701
train/dvac_new/alpha_local,39,0.8090452551841736,1790107039.3410583
train/dvac_new/alpha_local,40,0.80402010679245,1790107604.3084888
train/dvac_new/alpha_local,41,0.7989949584007263,1790107895.865606
train/dvac_new/alpha_local,42,0.7939698696136475,1790108190.5853276
train/dvac_new/alpha_local,43,0.7889447212219238,1790108487.2424645
train/dvac_new/alpha_local,44,0.7839195728302002,1790108782.2939243
train/dvac_new/alpha_local,45,0.7788944840431213,1790109350.1980436
train/dvac_new/alpha_local,46,0.7738693356513977,1790109642.568617
train/dvac_new/alpha_local,47,0.7688442468643188,1790109941.8180099
train/dvac_new/alpha_local,48,0.7638190984725952,1790110240.6182113
train/dvac_new/alpha_local,49,0.7587939500808716,1790110537.8644829
train/dvac_new/alpha_local,50,0.7537688612937927,1790111140.7824607
train/dvac_new/alpha_local,51,0.7487437129020691,1790111434.7888844
train/dvac_new/alpha_local,52,0.7437185645103455,1790111728.836781
train/dvac_new/alpha_local,53,0.7386934757232666,1790112023.795606
train/dvac_new/alpha_local,54,0.733668327331543,1790112318.5875285
train/dvac_new/alpha_local,55,0.7286432385444641,1790112885.3328257
train/dvac_new/alpha_local,56,0.7236180901527405,1790113176.2662497
train/dvac_new/alpha_local,57,0.7185929417610168,1790113470.8464835
train/dvac_new/alpha_local,58,0.713567852973938,1790113765.227323
train/dvac_new/alpha_local,59,0.7085427045822144,1790114059.590646
train/dvac_new/alpha_local,60,0.7035176157951355,1790114630.7153122
train/dvac_new/alpha_local,61,0.6984924674034119,1790114922.6089504
train/dvac_new/alpha_local,62,0.6934673190116882,1790115217.068528
train/dvac_new/alpha_local,63,0.6884422302246094,1790115510.3477721
train/dvac_new/alpha_local,64,0.6834170818328857,1790115805.3510945
train/dvac_new/alpha_local,65,0.6783919334411621,1790116371.0289438
train/dvac_new/alpha_local,66,0.6733668446540833,1790116663.701807
train/dvac_new/alpha_local,67,0.6683416962623596,1790116959.7765129
train/dvac_new/alpha_local,68,0.6633166074752808,1790117256.9673483
train/dvac_new/alpha_local,69,0.6582914590835571,1790117552.7999623
train/dvac_new/alpha_local,70,0.6532663106918335,1790118123.6045501
train/dvac_new/alpha_local,71,0.6482412219047546,1790118416.135012
train/dvac_new/alpha_local,72,0.643216073513031,1790118712.8218224
train/dvac_new/alpha_local,73,0.6381909251213074,1790119006.968771
train/dvac_new/alpha_local,74,0.6331658363342285,1790119301.393343
train/dvac_new/alpha_local,75,0.6281406879425049,1790119864.6891189
train/dvac_new/alpha_local,76,0.623115599155426,1790120156.8693151
train/dvac_new/alpha_local,77,0.6180904507637024,1790120450.7222004
train/dvac_new/alpha_local,78,0.6130653023719788,1790120743.7954261
train/dvac_new/alpha_local,79,0.6080402135848999,1790121037.4282863
train/dvac_new/alpha_local,80,0.6030150651931763,1790121597.3299725
train/dvac_new/alpha_local,81,0.5979899764060974,1790121891.3232105
train/dvac_new/alpha_local,82,0.5929648280143738,1790122185.5266795
train/dvac_new/alpha_local,83,0.5879396796226501,1790122482.9484673
train/dvac_new/alpha_local,84,0.5829145908355713,1790122776.8074663
train/dvac_new/alpha_local,85,0.5778894424438477,1790123339.161297
train/dvac_new/alpha_local,86,0.572864294052124,1790123629.8366308
train/dvac_new/alpha_local,87,0.5678392052650452,1790123924.345251
train/dvac_new/alpha_local,88,0.5628140568733215,1790124215.2019012
train/dvac_new/alpha_local,89,0.5577889680862427,1790124508.8870482
train/dvac_new/alpha_local,90,0.552763819694519,1790125070.9221249
train/dvac_new/alpha_local,91,0.5477386713027954,1790125361.7956207
train/dvac_new/alpha_local,92,0.5427135825157166,1790125652.3365445
train/dvac_new/alpha_local,93,0.5376884341239929,1790125947.2716684
train/dvac_new/alpha_local,94,0.5326633453369141,1790126240.6633093
train/dvac_new/alpha_local,95,0.5276381969451904,1790126798.6786945
train/dvac_new/alpha_local,96,0.5226130485534668,1790127092.0089145
train/dvac_new/alpha_local,97,0.5175879597663879,1790127386.2345576
train/dvac_new/alpha_local,98,0.5125628113746643,1790127680.460531
train/dvac_new/alpha_local,99,0.5075376629829407,1790127974.9176688
train/dvac_new/alpha_local,100,0.5025125741958618,1790128568.90299
train/dvac_new/alpha_local,101,0.4974874258041382,1790128860.4466088
train/dvac_new/alpha_local,102,0.49246230721473694,1790129153.144397
train/dvac_new/alpha_local,103,0.4874371886253357,1790129447.075725
train/dvac_new/alpha_local,104,0.48241207003593445,1790129741.2317407
train/dvac_new/alpha_local,105,0.4773869216442108,1790130304.8455124
train/dvac_new/alpha_local,106,0.47236180305480957,1790130597.4638937
train/dvac_new/alpha_local,107,0.4673366844654083,1790130891.809172
train/dvac_new/alpha_local,108,0.4623115658760071,1790131185.7803204
train/dvac_new/alpha_local,109,0.45728641748428345,1790131478.1232486
train/dvac_new/alpha_local,110,0.4522612988948822,1790132046.937164
train/dvac_new/alpha_local,111,0.44723618030548096,1790132340.9192219
train/dvac_new/alpha_local,112,0.4422110617160797,1790132635.9080894
train/dvac_new/alpha_local,113,0.43718594312667847,1790132930.5085673
train/dvac_new/alpha_local,114,0.43216079473495483,1790133224.3940616
train/dvac_new/alpha_local,115,0.4271356761455536,1790133790.40109
train/dvac_new/alpha_local,116,0.42211055755615234,1790134083.2881322
train/dvac_new/alpha_local,117,0.4170854389667511,1790134378.77452
train/dvac_new/alpha_local,118,0.41206029057502747,1790134673.6081893
train/dvac_new/alpha_local,119,0.4070351719856262,1790134966.212846
train/dvac_new/alpha_local,120,0.402010053396225,1790135528.1909413
train/dvac_new/alpha_local,121,0.39698493480682373,1790135820.1883988
train/dvac_new/alpha_local,122,0.3919597864151001,1790136117.1750367
train/dvac_new/alpha_local,123,0.38693466782569885,1790136412.5738933
train/dvac_new/alpha_local,124,0.3819095492362976,1790136704.9788399
train/dvac_new/alpha_local,125,0.37688443064689636,1790137270.3436425
train/dvac_new/alpha_local,126,0.37185928225517273,1790137562.6587124
train/dvac_new/alpha_local,127,0.3668341636657715,1790137856.9558778
train/dvac_new/chunk_std,1,0.141190305352211,1790093952.9670422
train/dvac_new/chunk_std,2,0.08475909382104874,1790094252.7401688
train/dvac_new/chunk_std,3,0.08494406938552856,1790094547.5991457
train/dvac_new/chunk_std,4,0.08483577519655228,1790094841.3366518
train/dvac_new/chunk_std,5,0.06509672850370407,1790095406.6670203
train/dvac_new/chunk_std,6,0.06672875583171844,1790095700.0639396
train/dvac_new/chunk_std,7,0.06664557009935379,1790095995.7624588
train/dvac_new/chunk_std,8,0.0655970424413681,1790096287.9804084
train/dvac_new/chunk_std,9,0.06364958733320236,1790096585.3275423
train/dvac_new/chunk_std,10,0.06407300382852554,1790097154.786806
train/dvac_new/chunk_std,11,0.06354197859764099,1790097447.52721
train/dvac_new/chunk_std,12,0.06323820352554321,1790097742.156687
train/dvac_new/chunk_std,13,0.06419669091701508,1790098035.1687884
train/dvac_new/chunk_std,14,0.06415042281150818,1790098330.3456566
train/dvac_new/chunk_std,15,0.06446008384227753,1790098897.659993
train/dvac_new/chunk_std,16,0.0626472681760788,1790099190.3878412
train/dvac_new/chunk_std,17,0.06176086515188217,1790099486.9307988
train/dvac_new/chunk_std,18,0.0611751526594162,1790099780.7576506
train/dvac_new/chunk_std,19,0.06138629466295242,1790100077.157733
train/dvac_new/chunk_std,20,0.060978345572948456,1790100642.1089582
train/dvac_new/chunk_std,21,0.05997543781995773,1790100932.7116208
train/dvac_new/chunk_std,22,0.059407155960798264,1790101229.3385098
train/dvac_new/chunk_std,23,0.05974769592285156,1790101523.6747763
train/dvac_new/chunk_std,24,0.05998894199728966,1790101815.8601935
train/dvac_new/chunk_std,25,0.05947869271039963,1790102382.611039
train/dvac_new/chunk_std,26,0.06004869192838669,1790102675.0072982
train/dvac_new/chunk_std,27,0.06021019071340561,1790102969.9439008
train/dvac_new/chunk_std,28,0.059167616069316864,1790103263.862941
train/dvac_new/chunk_std,29,0.059157028794288635,1790103558.221593
train/dvac_new/chunk_std,30,0.05938483029603958,1790104122.9194818
train/dvac_new/chunk_std,31,0.057813435792922974,1790104413.287798
train/dvac_new/chunk_std,32,0.05849849432706833,1790104710.068007
train/dvac_new/chunk_std,33,0.05574820190668106,1790105005.1851497
train/dvac_new/chunk_std,34,0.055470723658800125,1790105300.2980733
train/dvac_new/chunk_std,35,0.055873360484838486,1790105865.3382475
train/dvac_new/chunk_std,36,0.053983818739652634,1790106156.0937562
train/dvac_new/chunk_std,37,0.052646536380052567,1790106452.161866
train/dvac_new/chunk_std,38,0.05325605720281601,1790106746.4875348
train/dvac_new/chunk_std,39,0.04526089131832123,1790107039.3412652
train/dvac_new/chunk_std,40,0.04522667080163956,1790107604.3084965
train/dvac_new/chunk_std,41,0.04739157110452652,1790107895.8657858
train/dvac_new/chunk_std,42,0.047084636986255646,1790108190.585492
train/dvac_new/chunk_std,43,0.04307463765144348,1790108487.2427626
train/dvac_new/chunk_std,44,0.04501514509320259,1790108782.2941458
train/dvac_new/chunk_std,45,0.04392191395163536,1790109350.198051
train/dvac_new/chunk_std,46,0.043881066143512726,1790109642.568813
train/dvac_new/chunk_std,47,0.043367087841033936,1790109941.8184912
train/dvac_new/chunk_std,48,0.04459449276328087,1790110240.6186652
train/dvac_new/chunk_std,49,0.04371786490082741,1790110537.8647418
train/dvac_new/chunk_std,50,0.046453315764665604,1790111140.7824676
train/dvac_new/chunk_std,51,0.04214099049568176,1790111434.7893968
train/dvac_new/chunk_std,52,0.04477595165371895,1790111728.836959
train/dvac_new/chunk_std,53,0.04193064570426941,1790112023.7958586
train/dvac_new/chunk_std,54,0.04282262548804283,1790112318.5880306
train/dvac_new/chunk_std,55,0.04289005324244499,1790112885.3328335
train/dvac_new/chunk_std,56,0.040728870779275894,1790113176.2664456
train/dvac_new/chunk_std,57,0.04033559560775757,1790113470.8467047
train/dvac_new/chunk_std,58,0.04099583625793457,1790113765.2277908
train/dvac_new/chunk_std,59,0.04007912799715996,1790114059.5911648
train/dvac_new/chunk_std,60,0.039553768932819366,1790114630.7153192
train/dvac_new/chunk_std,61,0.040072474628686905,1790114922.6094296
train/dvac_new/chunk_std,62,0.0401952899992466,1790115217.0690007
train/dvac_new/chunk_std,63,0.039105124771595,1790115510.3481927
train/dvac_new/chunk_std,64,0.038518406450748444,1790115805.3515763
train/dvac_new/chunk_std,65,0.03950262814760208,1790116371.0289514
train/dvac_new/chunk_std,66,0.038180891424417496,1790116663.7021368
train/dvac_new/chunk_std,67,0.038071371614933014,1790116959.776873
train/dvac_new/chunk_std,68,0.03850215673446655,1790117256.9675364
train/dvac_new/chunk_std,69,0.039085157215595245,1790117552.8002164
train/dvac_new/chunk_std,70,0.03701014816761017,1790118123.6045578
train/dvac_new/chunk_std,71,0.03779617324471474,1790118416.1354108
train/dvac_new/chunk_std,72,0.03804917633533478,1790118712.8220506
train/dvac_new/chunk_std,73,0.038087304681539536,1790119006.969048
train/dvac_new/chunk_std,74,0.03745635598897934,1790119301.3936908
train/dvac_new/chunk_std,75,0.03734370693564415,1790119864.6891246
train/dvac_new/chunk_std,76,0.03590182214975357,1790120156.86967
train/dvac_new/chunk_std,77,0.03604365140199661,1790120450.7226808
train/dvac_new/chunk_std,78,0.03860922157764435,1790120743.7958925
train/dvac_new/chunk_std,79,0.03716457635164261,1790121037.4285119
train/dvac_new/chunk_std,80,0.0358002744615078,1790121597.3299801
train/dvac_new/chunk_std,81,0.03485485911369324,1790121891.3236673
train/dvac_new/chunk_std,82,0.036100126802921295,1790122185.5273678
train/dvac_new/chunk_std,83,0.0347408764064312,1790122482.9486866
train/dvac_new/chunk_std,84,0.03469667583703995,1790122776.807666
train/dvac_new/chunk_std,85,0.034173786640167236,1790123339.1613052
train/dvac_new/chunk_std,86,0.034312669187784195,1790123629.836836
train/dvac_new/chunk_std,87,0.033126264810562134,1790123924.3457687
train/dvac_new/chunk_std,88,0.03274181857705116,1790124215.202362
train/dvac_new/chunk_std,89,0.03228013217449188,1790124508.8872707
train/dvac_new/chunk_std,90,0.033698998391628265,1790125070.922132
train/dvac_new/chunk_std,91,0.03178480267524719,1790125361.7961247
train/dvac_new/chunk_std,92,0.032110460102558136,1790125652.3367846
train/dvac_new/chunk_std,93,0.032040998339653015,1790125947.2718968
train/dvac_new/chunk_std,94,0.03117399662733078,1790126240.6636157
train/dvac_new/chunk_std,95,0.03178529441356659,1790126798.6787062
train/dvac_new/chunk_std,96,0.031114349141716957,1790127092.009384
train/dvac_new/chunk_std,97,0.030967064201831818,1790127386.2347417
train/dvac_new/chunk_std,98,0.030704500153660774,1790127680.4608018
train/dvac_new/chunk_std,99,0.029186198487877846,1790127974.9181411
train/dvac_new/chunk_std,100,0.029456252232193947,1790128568.9029973
train/dvac_new/chunk_std,101,0.030033865943551064,1790128860.4468777
train/dvac_new/chunk_std,102,0.029582029208540916,1790129153.1446087
train/dvac_new/chunk_std,103,0.02910972759127617,1790129447.0759466
train/dvac_new/chunk_std,104,0.028801461681723595,1790129741.232283
train/dvac_new/chunk_std,105,0.02851969748735428,1790130304.8455217
train/dvac_new/chunk_std,106,0.027658261358737946,1790130597.464418
train/dvac_new/chunk_std,107,0.02822989970445633,1790130891.8094192
train/dvac_new/chunk_std,108,0.027344753965735435,1790131185.7805536
train/dvac_new/chunk_std,109,0.027472851797938347,1790131478.1237516
train/dvac_new/chunk_std,110,0.02811640314757824,1790132046.937172
train/dvac_new/chunk_std,111,0.026860443875193596,1790132340.9196746
train/dvac_new/chunk_std,112,0.027254704385995865,1790132635.9085512
train/dvac_new/chunk_std,113,0.02651251293718815,1790132930.5087597
train/dvac_new/chunk_std,114,0.026593031361699104,1790133224.3944135
train/dvac_new/chunk_std,115,0.025752848014235497,1790133790.401096
train/dvac_new/chunk_std,116,0.02496420033276081,1790134083.2884004
train/dvac_new/chunk_std,117,0.024815822020173073,1790134378.7749908
train/dvac_new/chunk_std,118,0.024816451594233513,1790134673.6085951
train/dvac_new/chunk_std,119,0.0248453039675951,1790134966.2132957
train/dvac_new/chunk_std,120,0.023781366646289825,1790135528.1909535
train/dvac_new/chunk_std,121,0.02417798899114132,1790135820.188729
train/dvac_new/chunk_std,122,0.023550255224108696,1790136117.175574
train/dvac_new/chunk_std,123,0.023677224293351173,1790136412.5743604
train/dvac_new/chunk_std,124,0.023194488137960434,1790136704.9791172
train/dvac_new/chunk_std,125,0.022562099620699883,1790137270.34365
train/dvac_new/chunk_std,126,0.022552065551280975,1790137562.659079
train/dvac_new/chunk_std,127,0.022294025868177414,1790137856.9560688
train/dvac_new/coefficient_ess,1,699069.125,1790093952.967049
train/dvac_new/coefficient_ess,2,708140.8125,1790094252.7401874
train/dvac_new/coefficient_ess,3,708134.75,1790094547.5991547
train/dvac_new/coefficient_ess,4,707922.125,1790094841.3366597
train/dvac_new/coefficient_ess,5,709926.3125,1790095406.6670284
train/dvac_new/coefficient_ess,6,709796.625,1790095700.0639448
train/dvac_new/coefficient_ess,7,709792.0625,1790095995.7624707
train/dvac_new/coefficient_ess,8,709906.8125,1790096287.980414
train/dvac_new/coefficient_ess,9,710091.875,1790096585.3275487
train/dvac_new/coefficient_ess,10,710047.0625,1790097154.786814
train/dvac_new/coefficient_ess,11,710105.5625,1790097447.5272167
train/dvac_new/coefficient_ess,12,710138.375,1790097742.1566951
train/dvac_new/coefficient_ess,13,710096.5,1790098035.1687953
train/dvac_new/coefficient_ess,14,710155.75,1790098330.345663
train/dvac_new/coefficient_ess,15,710124.25,1790098897.6600041
train/dvac_new/coefficient_ess,16,710314.75,1790099190.3878484
train/dvac_new/coefficient_ess,17,710440.125,1790099486.9308054
train/dvac_new/coefficient_ess,18,710517.3125,1790099780.757657
train/dvac_new/coefficient_ess,19,710555.3125,1790100077.15774
train/dvac_new/coefficient_ess,20,710625.9375,1790100642.1089637
train/dvac_new/coefficient_ess,21,710760.0,1790100932.7116258
train/dvac_new/coefficient_ess,22,710851.125,1790101229.338515
train/dvac_new/coefficient_ess,23,710845.0625,1790101523.6747832
train/dvac_new/coefficient_ess,24,710870.3125,1790101815.8602657
train/dvac_new/coefficient_ess,25,710937.625,1790102382.6110458
train/dvac_new/coefficient_ess,26,710885.4375,1790102675.0073047
train/dvac_new/coefficient_ess,27,710939.625,1790102969.9439077
train/dvac_new/coefficient_ess,28,711059.8125,1790103263.8629467
train/dvac_new/coefficient_ess,29,711101.875,1790103558.2215989
train/dvac_new/coefficient_ess,30,711114.0625,1790104122.9194894
train/dvac_new/coefficient_ess,31,711272.8125,1790104413.2878106
train/dvac_new/coefficient_ess,32,711259.4375,1790104710.0680134
train/dvac_new/coefficient_ess,33,711530.6875,1790105005.1851554
train/dvac_new/coefficient_ess,34,711557.5,1790105300.2980793
train/dvac_new/coefficient_ess,35,711590.25,1790105865.3382552
train/dvac_new/coefficient_ess,36,711772.4375,1790106156.0937626
train/dvac_new/coefficient_ess,37,711875.375,1790106452.1618724
train/dvac_new/coefficient_ess,38,711885.75,1790106746.4875417
train/dvac_new/coefficient_ess,39,712481.4375,1790107039.3412714
train/dvac_new/coefficient_ess,40,712500.25,1790107604.3085046
train/dvac_new/coefficient_ess,41,712401.6875,1790107895.8657923
train/dvac_new/coefficient_ess,42,712446.4375,1790108190.5855
train/dvac_new/coefficient_ess,43,712771.375,1790108487.2427695
train/dvac_new/coefficient_ess,44,712653.1875,1790108782.2941525
train/dvac_new/coefficient_ess,45,712756.1875,1790109350.198058
train/dvac_new/coefficient_ess,46,712829.3125,1790109642.5688238
train/dvac_new/coefficient_ess,47,712870.4375,1790109941.8184984
train/dvac_new/coefficient_ess,48,712815.3125,1790110240.6186726
train/dvac_new/coefficient_ess,49,712916.125,1790110537.8647485
train/dvac_new/coefficient_ess,50,712759.6875,1790111140.7824755
train/dvac_new/coefficient_ess,51,713074.4375,1790111434.7894034
train/dvac_new/coefficient_ess,52,712932.375,1790111728.8369656
train/dvac_new/coefficient_ess,53,713139.125,1790112023.7958658
train/dvac_new/coefficient_ess,54,713105.0625,1790112318.588037
train/dvac_new/coefficient_ess,55,713130.875,1790112885.3328419
train/dvac_new/coefficient_ess,56,713292.375,1790113176.2664554
train/dvac_new/coefficient_ess,57,713349.375,1790113470.8467114
train/dvac_new/coefficient_ess,58,713337.1875,1790113765.2278
train/dvac_new/coefficient_ess,59,713421.1875,1790114059.5911732
train/dvac_new/coefficient_ess,60,713486.3125,1790114630.7153256
train/dvac_new/coefficient_ess,61,713476.4375,1790114922.6094422
train/dvac_new/coefficient_ess,62,713507.3125,1790115217.0690079
train/dvac_new/coefficient_ess,63,713609.375,1790115510.3482006
train/dvac_new/coefficient_ess,64,713662.8125,1790115805.3515892
train/dvac_new/coefficient_ess,65,713634.4375,1790116371.028959
train/dvac_new/coefficient_ess,66,713734.125,1790116663.7021434
train/dvac_new/coefficient_ess,67,713781.0625,1790116959.77688
train/dvac_new/coefficient_ess,68,713776.0625,1790117256.9675431
train/dvac_new/coefficient_ess,69,713781.625,1790117552.8002229
train/dvac_new/coefficient_ess,70,713911.4375,1790118123.6045668
train/dvac_new/coefficient_ess,71,713904.875,1790118416.1354177
train/dvac_new/coefficient_ess,72,713926.0625,1790118712.822057
train/dvac_new/coefficient_ess,73,713943.125,1790119006.9690635
train/dvac_new/coefficient_ess,74,714019.0625,1790119301.393698
train/dvac_new/coefficient_ess,75,714036.875,1790119864.6891303
train/dvac_new/coefficient_ess,76,714151.4375,1790120156.8696766
train/dvac_new/coefficient_ess,77,714175.4375,1790120450.722687
train/dvac_new/coefficient_ess,78,714059.125,1790120743.795899
train/dvac_new/coefficient_ess,79,714159.0625,1790121037.4285183
train/dvac_new/coefficient_ess,80,714265.1875,1790121597.3299882
train/dvac_new/coefficient_ess,81,714340.125,1790121891.323674
train/dvac_new/coefficient_ess,82,714300.0625,1790122185.5273752
train/dvac_new/coefficient_ess,83,714402.0,1790122482.948696
train/dvac_new/coefficient_ess,84,714417.875,1790122776.807673
train/dvac_new/coefficient_ess,85,714478.9375,1790123339.1613128
train/dvac_new/coefficient_ess,86,714498.0625,1790123629.8368535
train/dvac_new/coefficient_ess,87,714581.3125,1790123924.3457751
train/dvac_new/coefficient_ess,88,714628.1875,1790124215.2023695
train/dvac_new/coefficient_ess,89,714676.75,1790124508.887277
train/dvac_new/coefficient_ess,90,714626.4375,1790125070.922139
train/dvac_new/coefficient_ess,91,714744.9375,1790125361.796147
train/dvac_new/coefficient_ess,92,714747.1875,1790125652.33679
train/dvac_new/coefficient_ess,93,714775.3125,1790125947.2719035
train/dvac_new/coefficient_ess,94,714839.125,1790126240.6636236
train/dvac_new/coefficient_ess,95,714836.1875,1790126798.678717
train/dvac_new/coefficient_ess,96,714885.1875,1790127092.0093908
train/dvac_new/coefficient_ess,97,714914.6875,1790127386.234748
train/dvac_new/coefficient_ess,98,714954.0625,1790127680.4608085
train/dvac_new/coefficient_ess,99,715042.5625,1790127974.9181476
train/dvac_new/coefficient_ess,100,715054.8125,1790128568.903005
train/dvac_new/coefficient_ess,101,715048.875,1790128860.4468844
train/dvac_new/coefficient_ess,102,715095.0,1790129153.1446168
train/dvac_new/coefficient_ess,103,715128.625,1790129447.075953
train/dvac_new/coefficient_ess,104,715161.875,1790129741.2322953
train/dvac_new/coefficient_ess,105,715197.625,1790130304.8455322
train/dvac_new/coefficient_ess,106,715260.9375,1790130597.4644263
train/dvac_new/coefficient_ess,107,715259.8125,1790130891.8094246
train/dvac_new/coefficient_ess,108,715307.75,1790131185.7805605
train/dvac_new/coefficient_ess,109,715328.125,1790131478.1237595
train/dvac_new/coefficient_ess,110,715325.0625,1790132046.937179
train/dvac_new/coefficient_ess,111,715388.5625,1790132340.9196844
train/dvac_new/coefficient_ess,112,715395.1875,1790132635.9085581
train/dvac_new/coefficient_ess,113,715442.875,1790132930.5087662
train/dvac_new/coefficient_ess,114,715454.1875,1790133224.3944206
train/dvac_new/coefficient_ess,115,715511.375,1790133790.401103
train/dvac_new/coefficient_ess,116,715560.125,1790134083.2884073
train/dvac_new/coefficient_ess,117,715581.875,1790134378.7749975
train/dvac_new/coefficient_ess,118,715599.9375,1790134673.6086013
train/dvac_new/coefficient_ess,119,715613.4375,1790134966.213302
train/dvac_new/coefficient_ess,120,715669.0625,1790135528.1909654
train/dvac_new/coefficient_ess,121,715678.3125,1790135820.1887352
train/dvac_new/coefficient_ess,122,715716.875,1790136117.1755877
train/dvac_new/coefficient_ess,123,715726.9375,1790136412.574366
train/dvac_new/coefficient_ess,124,715759.875,1790136704.9791255
train/dvac_new/coefficient_ess,125,715799.625,1790137270.3436584
train/dvac_new/coefficient_ess,126,715821.125,1790137562.6590858
train/dvac_new/coefficient_ess,127,715839.1875,1790137856.9560766
train/dvac_new/coefficient_ess_fraction,1,0.9752638339996338,1790093952.9670553
train/dvac_new/coefficient_ess_fraction,2,0.9879196882247925,1790094252.7402034
train/dvac_new/coefficient_ess_fraction,3,0.9879111647605896,1790094547.599164
train/dvac_new/coefficient_ess_fraction,4,0.987614631652832,1790094841.3366668
train/dvac_new/coefficient_ess_fraction,5,0.990410566329956,1790095406.6670365
train/dvac_new/coefficient_ess_fraction,6,0.9902296662330627,1790095700.0639493
train/dvac_new/coefficient_ess_fraction,7,0.9902232885360718,1790095995.7624805
train/dvac_new/coefficient_ess_fraction,8,0.9903833866119385,1790096287.9804196
train/dvac_new/coefficient_ess_fraction,9,0.9906415343284607,1790096585.3275545
train/dvac_new/coefficient_ess_fraction,10,0.9905790090560913,1790097154.7868218
train/dvac_new/coefficient_ess_fraction,11,0.9906606674194336,1790097447.5272226
train/dvac_new/coefficient_ess_fraction,12,0.9907064437866211,1790097742.1567028
train/dvac_new/coefficient_ess_fraction,13,0.9906480312347412,1790098035.168802
train/dvac_new/coefficient_ess_fraction,14,0.9907307028770447,1790098330.3456693
train/dvac_new/coefficient_ess_fraction,15,0.9906867742538452,1790098897.6600144
train/dvac_new/coefficient_ess_fraction,16,0.9909524917602539,1790099190.3878548
train/dvac_new/coefficient_ess_fraction,17,0.9911273717880249,1790099486.930812
train/dvac_new/coefficient_ess_fraction,18,0.9912350177764893,1790099780.7576632
train/dvac_new/coefficient_ess_fraction,19,0.9912880659103394,1790100077.1577473
train/dvac_new/coefficient_ess_fraction,20,0.9913865923881531,1790100642.1089697
train/dvac_new/coefficient_ess_fraction,21,0.9915736317634583,1790100932.7116306
train/dvac_new/coefficient_ess_fraction,22,0.9917007684707642,1790101229.3385196
train/dvac_new/coefficient_ess_fraction,23,0.991692304611206,1790101523.6747894
train/dvac_new/coefficient_ess_fraction,24,0.9917275309562683,1790101815.8602965
train/dvac_new/coefficient_ess_fraction,25,0.9918214082717896,1790102382.611053
train/dvac_new/coefficient_ess_fraction,26,0.9917486906051636,1790102675.0073109
train/dvac_new/coefficient_ess_fraction,27,0.991824209690094,1790102969.9439144
train/dvac_new/coefficient_ess_fraction,28,0.9919918775558472,1790103263.8629549
train/dvac_new/coefficient_ess_fraction,29,0.9920505881309509,1790103558.2216048
train/dvac_new/coefficient_ess_fraction,30,0.9920676350593567,1790104122.9194975
train/dvac_new/coefficient_ess_fraction,31,0.9922890663146973,1790104413.2878203
train/dvac_new/coefficient_ess_fraction,32,0.9922704100608826,1790104710.0680199
train/dvac_new/coefficient_ess_fraction,33,0.9926488399505615,1790105005.1851602
train/dvac_new/coefficient_ess_fraction,34,0.9926862120628357,1790105300.2980855
train/dvac_new/coefficient_ess_fraction,35,0.9927318692207336,1790105865.3382628
train/dvac_new/coefficient_ess_fraction,36,0.9929860830307007,1790106156.0937693
train/dvac_new/coefficient_ess_fraction,37,0.9931297302246094,1790106452.1618788
train/dvac_new/coefficient_ess_fraction,38,0.993144154548645,1790106746.4875476
train/dvac_new/coefficient_ess_fraction,39,0.9939752817153931,1790107039.3412776
train/dvac_new/coefficient_ess_fraction,40,0.9940015077590942,1790107604.3085124
train/dvac_new/coefficient_ess_fraction,41,0.9938639998435974,1790107895.8657985
train/dvac_new/coefficient_ess_fraction,42,0.9939263463020325,1790108190.5855072
train/dvac_new/coefficient_ess_fraction,43,0.9943796992301941,1790108487.2427764
train/dvac_new/coefficient_ess_fraction,44,0.9942148923873901,1790108782.2941582
train/dvac_new/coefficient_ess_fraction,45,0.9943585395812988,1790109350.1980648
train/dvac_new/coefficient_ess_fraction,46,0.9944605231285095,1790109642.5688329
train/dvac_new/coefficient_ess_fraction,47,0.9945178627967834,1790109941.8185053
train/dvac_new/coefficient_ess_fraction,48,0.994441032409668,1790110240.61868
train/dvac_new/coefficient_ess_fraction,49,0.9945816397666931,1790110537.864755
train/dvac_new/coefficient_ess_fraction,50,0.9943634271621704,1790111140.7824826
train/dvac_new/coefficient_ess_fraction,51,0.9948025345802307,1790111434.78941
train/dvac_new/coefficient_ess_fraction,52,0.9946043491363525,1790111728.836972
train/dvac_new/coefficient_ess_fraction,53,0.9948927760124207,1790112023.795872
train/dvac_new/coefficient_ess_fraction,54,0.9948452711105347,1790112318.5880437
train/dvac_new/coefficient_ess_fraction,55,0.994881272315979,1790112885.3328507
train/dvac_new/coefficient_ess_fraction,56,0.99510657787323,1790113176.2664642
train/dvac_new/coefficient_ess_fraction,57,0.9951860904693604,1790113470.8467176
train/dvac_new/coefficient_ess_fraction,58,0.9951691031455994,1790113765.227811
train/dvac_new/coefficient_ess_fraction,59,0.995286226272583,1790114059.591182
train/dvac_new/coefficient_ess_fraction,60,0.9953771233558655,1790114630.7153327
train/dvac_new/coefficient_ess_fraction,61,0.9953632950782776,1790114922.6094518
train/dvac_new/coefficient_ess_fraction,62,0.9954063892364502,1790115217.0690145
train/dvac_new/coefficient_ess_fraction,63,0.9955487251281738,1790115510.3482075
train/dvac_new/coefficient_ess_fraction,64,0.9956232905387878,1790115805.3515997
train/dvac_new/coefficient_ess_fraction,65,0.9955837726593018,1790116371.0289671
train/dvac_new/coefficient_ess_fraction,66,0.9957228302955627,1790116663.7021499
train/dvac_new/coefficient_ess_fraction,67,0.9957883358001709,1790116959.7768877
train/dvac_new/coefficient_ess_fraction,68,0.9957813620567322,1790117256.9675488
train/dvac_new/coefficient_ess_fraction,69,0.995789110660553,1790117552.800229
train/dvac_new/coefficient_ess_fraction,70,0.9959701895713806,1790118123.6045744
train/dvac_new/coefficient_ess_fraction,71,0.99596107006073,1790118416.1354241
train/dvac_new/coefficient_ess_fraction,72,0.9959905743598938,1790118712.8220634
train/dvac_new/coefficient_ess_fraction,73,0.9960144758224487,1790119006.9690745
train/dvac_new/coefficient_ess_fraction,74,0.9961203932762146,1790119301.3937047
train/dvac_new/coefficient_ess_fraction,75,0.9961451292037964,1790119864.6891363
train/dvac_new/coefficient_ess_fraction,76,0.996304988861084,1790120156.8696835
train/dvac_new/coefficient_ess_fraction,77,0.9963384866714478,1790120450.7226932
train/dvac_new/coefficient_ess_fraction,78,0.9961761832237244,1790120743.7959049
train/dvac_new/coefficient_ess_fraction,79,0.9963156580924988,1790121037.428525
train/dvac_new/coefficient_ess_fraction,80,0.9964637160301208,1790121597.3299963
train/dvac_new/coefficient_ess_fraction,81,0.9965682625770569,1790121891.32368
train/dvac_new/coefficient_ess_fraction,82,0.9965123534202576,1790122185.5273817
train/dvac_new/coefficient_ess_fraction,83,0.9966545701026917,1790122482.9487047
train/dvac_new/coefficient_ess_fraction,84,0.9966767430305481,1790122776.807679
train/dvac_new/coefficient_ess_fraction,85,0.9967619180679321,1790123339.1613204
train/dvac_new/coefficient_ess_fraction,86,0.9967886209487915,1790123629.8368628
train/dvac_new/coefficient_ess_fraction,87,0.9969046711921692,1790123924.3457813
train/dvac_new/coefficient_ess_fraction,88,0.9969701766967773,1790124215.2023761
train/dvac_new/coefficient_ess_fraction,89,0.9970378279685974,1790124508.8872828
train/dvac_new/coefficient_ess_fraction,90,0.9969676733016968,1790125070.9221463
train/dvac_new/coefficient_ess_fraction,91,0.9971330165863037,1790125361.7961695
train/dvac_new/coefficient_ess_fraction,92,0.997136116027832,1790125652.3367946
train/dvac_new/coefficient_ess_fraction,93,0.9971753358840942,1790125947.2719095
train/dvac_new/coefficient_ess_fraction,94,0.9972644448280334,1790126240.6636302
train/dvac_new/coefficient_ess_fraction,95,0.997260332107544,1790126798.6787298
train/dvac_new/coefficient_ess_fraction,96,0.9973286986351013,1790127092.0093968
train/dvac_new/coefficient_ess_fraction,97,0.9973697662353516,1790127386.2347538
train/dvac_new/coefficient_ess_fraction,98,0.9974247217178345,1790127680.4608145
train/dvac_new/coefficient_ess_fraction,99,0.9975481629371643,1790127974.9181538
train/dvac_new/coefficient_ess_fraction,100,0.9975653290748596,1790128568.9030125
train/dvac_new/coefficient_ess_fraction,101,0.9975569844245911,1790128860.4468906
train/dvac_new/coefficient_ess_fraction,102,0.9976214170455933,1790129153.1446245
train/dvac_new/coefficient_ess_fraction,103,0.9976682662963867,1790129447.075959
train/dvac_new/coefficient_ess_fraction,104,0.997714638710022,1790129741.2323067
train/dvac_new/coefficient_ess_fraction,105,0.997764527797699,1790130304.845542
train/dvac_new/coefficient_ess_fraction,106,0.9978528618812561,1790130597.4644344
train/dvac_new/coefficient_ess_fraction,107,0.9978513121604919,1790130891.8094292
train/dvac_new/coefficient_ess_fraction,108,0.9979181289672852,1790131185.7805665
train/dvac_new/coefficient_ess_fraction,109,0.997946560382843,1790131478.123767
train/dvac_new/coefficient_ess_fraction,110,0.9979422688484192,1790132046.9371865
train/dvac_new/coefficient_ess_fraction,111,0.9980309009552002,1790132340.9196944
train/dvac_new/coefficient_ess_fraction,112,0.9980401396751404,1790132635.9085646
train/dvac_new/coefficient_ess_fraction,113,0.9981067180633545,1790132930.5087721
train/dvac_new/coefficient_ess_fraction,114,0.9981224536895752,1790133224.3944266
train/dvac_new/coefficient_ess_fraction,115,0.9982022643089294,1790133790.4011102
train/dvac_new/coefficient_ess_fraction,116,0.9982702732086182,1790134083.2884138
train/dvac_new/coefficient_ess_fraction,117,0.9983006119728088,1790134378.775004
train/dvac_new/coefficient_ess_fraction,118,0.9983258247375488,1790134673.6086078
train/dvac_new/coefficient_ess_fraction,119,0.9983446598052979,1790134966.2133083
train/dvac_new/coefficient_ess_fraction,120,0.9984222650527954,1790135528.190977
train/dvac_new/coefficient_ess_fraction,121,0.9984351396560669,1790135820.188742
train/dvac_new/coefficient_ess_fraction,122,0.9984889626502991,1790136117.1755967
train/dvac_new/coefficient_ess_fraction,123,0.9985029697418213,1790136412.5743718
train/dvac_new/coefficient_ess_fraction,124,0.9985489249229431,1790136704.9791338
train/dvac_new/coefficient_ess_fraction,125,0.998604416847229,1790137270.3436668
train/dvac_new/coefficient_ess_fraction,126,0.998634397983551,1790137562.6590931
train/dvac_new/coefficient_ess_fraction,127,0.9986595511436462,1790137856.9560835
train/dvac_new/coefficient_sum,1,1024.0,1790093952.9670615
train/dvac_new/coefficient_sum,2,1024.0,1790094252.7402186
train/dvac_new/coefficient_sum,3,1024.0001220703125,1790094547.599173
train/dvac_new/coefficient_sum,4,1023.9999389648438,1790094841.3366737
train/dvac_new/coefficient_sum,5,1024.0,1790095406.6670442
train/dvac_new/coefficient_sum,6,1024.0,1790095700.0639539
train/dvac_new/coefficient_sum,7,1024.0,1790095995.7624903
train/dvac_new/coefficient_sum,8,1024.0001220703125,1790096287.980425
train/dvac_new/coefficient_sum,9,1023.9998779296875,1790096585.3275602
train/dvac_new/coefficient_sum,10,1023.9999389648438,1790097154.7868295
train/dvac_new/coefficient_sum,11,1024.0,1790097447.5272284
train/dvac_new/coefficient_sum,12,1024.0,1790097742.1567101
train/dvac_new/coefficient_sum,13,1024.0,1790098035.168808
train/dvac_new/coefficient_sum,14,1023.9999389648438,1790098330.3456752
train/dvac_new/coefficient_sum,15,1024.0,1790098897.6600225
train/dvac_new/coefficient_sum,16,1024.0,1790099190.387861
train/dvac_new/coefficient_sum,17,1024.0,1790099486.9308176
train/dvac_new/coefficient_sum,18,1023.9999389648438,1790099780.7576692
train/dvac_new/coefficient_sum,19,1024.0,1790100077.157754
train/dvac_new/coefficient_sum,20,1024.0,1790100642.1089754
train/dvac_new/coefficient_sum,21,1023.9999389648438,1790100932.711635
train/dvac_new/coefficient_sum,22,1024.0,1790101229.3385246
train/dvac_new/coefficient_sum,23,1023.9999389648438,1790101523.674795
train/dvac_new/coefficient_sum,24,1024.0,1790101815.860319
train/dvac_new/coefficient_sum,25,1023.9999389648438,1790102382.6110601
train/dvac_new/coefficient_sum,26,1024.0,1790102675.0073168
train/dvac_new/coefficient_sum,27,1023.9999389648438,1790102969.9439206
train/dvac_new/coefficient_sum,28,1023.9999389648438,1790103263.8629603
train/dvac_new/coefficient_sum,29,1024.0001220703125,1790103558.2216108
train/dvac_new/coefficient_sum,30,1023.9999389648438,1790104122.9195056
train/dvac_new/coefficient_sum,31,1023.9999389648438,1790104413.2878292
train/dvac_new/coefficient_sum,32,1024.0,1790104710.0680263
train/dvac_new/coefficient_sum,33,1023.9999389648438,1790105005.1851647
train/dvac_new/coefficient_sum,34,1024.0001220703125,1790105300.2980914
train/dvac_new/coefficient_sum,35,1024.0,1790105865.3382707
train/dvac_new/coefficient_sum,36,1024.0,1790106156.093775
train/dvac_new/coefficient_sum,37,1024.0,1790106452.1618853
train/dvac_new/coefficient_sum,38,1024.0,1790106746.4875538
train/dvac_new/coefficient_sum,39,1024.0,1790107039.3412836
train/dvac_new/coefficient_sum,40,1024.0,1790107604.3085206
train/dvac_new/coefficient_sum,41,1023.9999389648438,1790107895.8658042
train/dvac_new/coefficient_sum,42,1024.0,1790108190.585514
train/dvac_new/coefficient_sum,43,1024.0,1790108487.2427824
train/dvac_new/coefficient_sum,44,1023.9999389648438,1790108782.2941642
train/dvac_new/coefficient_sum,45,1024.0,1790109350.1980717
train/dvac_new/coefficient_sum,46,1023.9999389648438,1790109642.5688407
train/dvac_new/coefficient_sum,47,1024.0001220703125,1790109941.8185122
train/dvac_new/coefficient_sum,48,1024.0,1790110240.618687
train/dvac_new/coefficient_sum,49,1024.0,1790110537.8647609
train/dvac_new/coefficient_sum,50,1024.0,1790111140.7824903
train/dvac_new/coefficient_sum,51,1024.0,1790111434.7894158
train/dvac_new/coefficient_sum,52,1023.9999389648438,1790111728.8369777
train/dvac_new/coefficient_sum,53,1024.0,1790112023.7958777
train/dvac_new/coefficient_sum,54,1024.0,1790112318.5880504
train/dvac_new/coefficient_sum,55,1024.0,1790112885.332859
train/dvac_new/coefficient_sum,56,1024.0,1790113176.266473
train/dvac_new/coefficient_sum,57,1023.9998779296875,1790113470.846724
train/dvac_new/coefficient_sum,58,1024.0,1790113765.227818
train/dvac_new/coefficient_sum,59,1024.0,1790114059.5911891
train/dvac_new/coefficient_sum,60,1024.0001220703125,1790114630.7153397
train/dvac_new/coefficient_sum,61,1024.0,1790114922.6094599
train/dvac_new/coefficient_sum,62,1023.9999389648438,1790115217.0690207
train/dvac_new/coefficient_sum,63,1024.0,1790115510.348214
train/dvac_new/coefficient_sum,64,1024.0,1790115805.3516092
train/dvac_new/coefficient_sum,65,1023.9999389648438,1790116371.028975
train/dvac_new/coefficient_sum,66,1024.0,1790116663.7021556
train/dvac_new/coefficient_sum,67,1023.9999389648438,1790116959.7768939
train/dvac_new/coefficient_sum,68,1024.0,1790117256.9675548
train/dvac_new/coefficient_sum,69,1023.9999389648438,1790117552.8002408
train/dvac_new/coefficient_sum,70,1023.9999389648438,1790118123.6045823
train/dvac_new/coefficient_sum,71,1024.0,1790118416.1354303
train/dvac_new/coefficient_sum,72,1024.0,1790118712.8220694
train/dvac_new/coefficient_sum,73,1023.9999389648438,1790119006.9690835
train/dvac_new/coefficient_sum,74,1024.0,1790119301.3937118
train/dvac_new/coefficient_sum,75,1023.9999389648438,1790119864.6891418
train/dvac_new/coefficient_sum,76,1024.0,1790120156.8696902
train/dvac_new/coefficient_sum,77,1024.0,1790120450.7226985
train/dvac_new/coefficient_sum,78,1024.0,1790120743.7959101
train/dvac_new/coefficient_sum,79,1024.0,1790121037.428531
train/dvac_new/coefficient_sum,80,1024.0,1790121597.3300045
train/dvac_new/coefficient_sum,81,1024.0,1790121891.323686
train/dvac_new/coefficient_sum,82,1024.0,1790122185.5273879
train/dvac_new/coefficient_sum,83,1023.9999389648438,1790122482.9487138
train/dvac_new/coefficient_sum,84,1024.0001220703125,1790122776.807685
train/dvac_new/coefficient_sum,85,1024.0,1790123339.161328
train/dvac_new/coefficient_sum,86,1023.9999389648438,1790123629.8368702
train/dvac_new/coefficient_sum,87,1023.9999389648438,1790123924.3457878
train/dvac_new/coefficient_sum,88,1024.0,1790124215.202383
train/dvac_new/coefficient_sum,89,1024.0,1790124508.8872888
train/dvac_new/coefficient_sum,90,1024.0,1790125070.9221532
train/dvac_new/coefficient_sum,91,1023.9999389648438,1790125361.7961922
train/dvac_new/coefficient_sum,92,1023.9999389648438,1790125652.3367987
train/dvac_new/coefficient_sum,93,1024.0,1790125947.271915
train/dvac_new/coefficient_sum,94,1024.0001220703125,1790126240.6636372
train/dvac_new/coefficient_sum,95,1024.0,1790126798.678741
train/dvac_new/coefficient_sum,96,1023.9999389648438,1790127092.0094025
train/dvac_new/coefficient_sum,97,1024.0,1790127386.2347603
train/dvac_new/coefficient_sum,98,1024.0,1790127680.4608207
train/dvac_new/coefficient_sum,99,1023.9998779296875,1790127974.9181597
train/dvac_new/coefficient_sum,100,1024.0,1790128568.9030201
train/dvac_new/coefficient_sum,101,1024.0,1790128860.4468963
train/dvac_new/coefficient_sum,102,1023.9999389648438,1790129153.14463
train/dvac_new/coefficient_sum,103,1024.0,1790129447.075965
train/dvac_new/coefficient_sum,104,1024.0001220703125,1790129741.2323177
train/dvac_new/coefficient_sum,105,1023.9999389648438,1790130304.8455522
train/dvac_new/coefficient_sum,106,1024.0,1790130597.4644423
train/dvac_new/coefficient_sum,107,1024.0001220703125,1790130891.8094342
train/dvac_new/coefficient_sum,108,1023.9999389648438,1790131185.7805727
train/dvac_new/coefficient_sum,109,1024.0,1790131478.123774
train/dvac_new/coefficient_sum,110,1023.9999389648438,1790132046.9371946
train/dvac_new/coefficient_sum,111,1024.0,1790132340.9197028
train/dvac_new/coefficient_sum,112,1024.0001220703125,1790132635.9085705
train/dvac_new/coefficient_sum,113,1024.0,1790132930.508778
train/dvac_new/coefficient_sum,114,1024.0,1790133224.3944328
train/dvac_new/coefficient_sum,115,1023.9999389648438,1790133790.4011168
train/dvac_new/coefficient_sum,116,1024.0,1790134083.2884195
train/dvac_new/coefficient_sum,117,1024.0,1790134378.7750106
train/dvac_new/coefficient_sum,118,1023.9999389648438,1790134673.6086137
train/dvac_new/coefficient_sum,119,1023.9999389648438,1790134966.2133143
train/dvac_new/coefficient_sum,120,1024.0,1790135528.1909883
train/dvac_new/coefficient_sum,121,1024.0,1790135820.1887474
train/dvac_new/coefficient_sum,122,1024.0,1790136117.1756053
train/dvac_new/coefficient_sum,123,1023.9999389648438,1790136412.5743768
train/dvac_new/coefficient_sum,124,1024.0,1790136704.9791424
train/dvac_new/coefficient_sum,125,1024.0,1790137270.343675
train/dvac_new/coefficient_sum,126,1023.9999389648438,1790137562.6590998
train/dvac_new/coefficient_sum,127,1024.0,1790137856.9560905
train/dvac_new/coefficient_sumsq,1,1.499961018562317,1790093952.9670672
train/dvac_new/coefficient_sumsq,2,1.4807449579238892,1790094252.7402523
train/dvac_new/coefficient_sumsq,3,1.4807580709457397,1790094547.5991817
train/dvac_new/coefficient_sumsq,4,1.4812023639678955,1790094841.3366804
train/dvac_new/coefficient_sumsq,5,1.4770210981369019,1790095406.6670518
train/dvac_new/coefficient_sumsq,6,1.4772908687591553,1790095700.0639582
train/dvac_new/coefficient_sumsq,7,1.4773004055023193,1790095995.7624998
train/dvac_new/coefficient_sumsq,8,1.4770617485046387,1790096287.98043
train/dvac_new/coefficient_sumsq,9,1.4766762256622314,1790096585.327566
train/dvac_new/coefficient_sumsq,10,1.4767696857452393,1790097154.7868373
train/dvac_new/coefficient_sumsq,11,1.476648211479187,1790097447.5272348
train/dvac_new/coefficient_sumsq,12,1.4765797853469849,1790097742.156717
train/dvac_new/coefficient_sumsq,13,1.476667046546936,1790098035.1688142
train/dvac_new/coefficient_sumsq,14,1.4765435457229614,1790098330.3456812
train/dvac_new/coefficient_sumsq,15,1.476609230041504,1790098897.6600304
train/dvac_new/coefficient_sumsq,16,1.4762132167816162,1790099190.3878672
train/dvac_new/coefficient_sumsq,17,1.4759527444839478,1790099486.930823
train/dvac_new/coefficient_sumsq,18,1.4757922887802124,1790099780.7576747
train/dvac_new/coefficient_sumsq,19,1.4757136106491089,1790100077.157761
train/dvac_new/coefficient_sumsq,20,1.4755667448043823,1790100642.1089811
train/dvac_new/coefficient_sumsq,21,1.4752882719039917,1790100932.7116396
train/dvac_new/coefficient_sumsq,22,1.4750993251800537,1790101229.3385293
train/dvac_new/coefficient_sumsq,23,1.4751118421554565,1790101523.674801
train/dvac_new/coefficient_sumsq,24,1.4750595092773438,1790101815.860341
train/dvac_new/coefficient_sumsq,25,1.4749196767807007,1790102382.6110692
train/dvac_new/coefficient_sumsq,26,1.475028157234192,1790102675.0073223
train/dvac_new/coefficient_sumsq,27,1.474915623664856,1790102969.9439268
train/dvac_new/coefficient_sumsq,28,1.4746662378311157,1790103263.862966
train/dvac_new/coefficient_sumsq,29,1.4745793342590332,1790103558.2216163
train/dvac_new/coefficient_sumsq,30,1.4745538234710693,1790104122.9195132
train/dvac_new/coefficient_sumsq,31,1.4742248058319092,1790104413.287838
train/dvac_new/coefficient_sumsq,32,1.474252462387085,1790104710.068033
train/dvac_new/coefficient_sumsq,33,1.473690390586853,1790105005.1851695
train/dvac_new/coefficient_sumsq,34,1.473635196685791,1790105300.2980974
train/dvac_new/coefficient_sumsq,35,1.473567247390747,1790105865.3382783
train/dvac_new/coefficient_sumsq,36,1.4731899499893188,1790106156.0937817
train/dvac_new/coefficient_sumsq,37,1.4729770421981812,1790106452.1618917
train/dvac_new/coefficient_sumsq,38,1.472955584526062,1790106746.4875598
train/dvac_new/coefficient_sumsq,39,1.471724033355713,1790107039.3412893
train/dvac_new/coefficient_sumsq,40,1.4716851711273193,1790107604.3085277
train/dvac_new/coefficient_sumsq,41,1.4718886613845825,1790107895.86581
train/dvac_new/coefficient_sumsq,42,1.4717965126037598,1790108190.585521
train/dvac_new/coefficient_sumsq,43,1.4711253643035889,1790108487.242789
train/dvac_new/coefficient_sumsq,44,1.4713692665100098,1790108782.2941706
train/dvac_new/coefficient_sumsq,45,1.4711567163467407,1790109350.1980782
train/dvac_new/coefficient_sumsq,46,1.4710056781768799,1790109642.5688477
train/dvac_new/coefficient_sumsq,47,1.4709211587905884,1790109941.8185189
train/dvac_new/coefficient_sumsq,48,1.4710347652435303,1790110240.6186938
train/dvac_new/coefficient_sumsq,49,1.4708266258239746,1790110537.8647673
train/dvac_new/coefficient_sumsq,50,1.4711496829986572,1790111140.7824972
train/dvac_new/coefficient_sumsq,51,1.470500111579895,1790111434.7894218
train/dvac_new/coefficient_sumsq,52,1.4707930088043213,1790111728.836984
train/dvac_new/coefficient_sumsq,53,1.4703665971755981,1790112023.7958834
train/dvac_new/coefficient_sumsq,54,1.470436930656433,1790112318.588056
train/dvac_new/coefficient_sumsq,55,1.4703837633132935,1790112885.3328674
train/dvac_new/coefficient_sumsq,56,1.4700506925582886,1790113176.2664814
train/dvac_new/coefficient_sumsq,57,1.469933032989502,1790113470.8467302
train/dvac_new/coefficient_sumsq,58,1.4699583053588867,1790113765.2278244
train/dvac_new/coefficient_sumsq,59,1.469785451889038,1790114059.591196
train/dvac_new/coefficient_sumsq,60,1.469651460647583,1790114630.715347
train/dvac_new/coefficient_sumsq,61,1.469671607017517,1790114922.6094677
train/dvac_new/coefficient_sumsq,62,1.4696077108383179,1790115217.0690262
train/dvac_new/coefficient_sumsq,63,1.4693979024887085,1790115510.3482206
train/dvac_new/coefficient_sumsq,64,1.4692877531051636,1790115805.3516212
train/dvac_new/coefficient_sumsq,65,1.4693459272384644,1790116371.0289836
train/dvac_new/coefficient_sumsq,66,1.4691410064697266,1790116663.702162
train/dvac_new/coefficient_sumsq,67,1.4690440893173218,1790116959.7769
train/dvac_new/coefficient_sumsq,68,1.4690548181533813,1790117256.9675605
train/dvac_new/coefficient_sumsq,69,1.4690430164337158,1790117552.800247
train/dvac_new/coefficient_sumsq,70,1.4687758684158325,1790118123.6045902
train/dvac_new/coefficient_sumsq,71,1.4687896966934204,1790118416.1354363
train/dvac_new/coefficient_sumsq,72,1.4687460660934448,1790118712.8220756
train/dvac_new/coefficient_sumsq,73,1.4687106609344482,1790119006.9690921
train/dvac_new/coefficient_sumsq,74,1.4685544967651367,1790119301.3937187
train/dvac_new/coefficient_sumsq,75,1.468517780303955,1790119864.6891472
train/dvac_new/coefficient_sumsq,76,1.468282699584961,1790120156.8696957
train/dvac_new/coefficient_sumsq,77,1.4682331085205078,1790120450.7227044
train/dvac_new/coefficient_sumsq,78,1.4684722423553467,1790120743.7959158
train/dvac_new/coefficient_sumsq,79,1.4682667255401611,1790121037.4285371
train/dvac_new/coefficient_sumsq,80,1.4680485725402832,1790121597.330012
train/dvac_new/coefficient_sumsq,81,1.4678946733474731,1790121891.3236916
train/dvac_new/coefficient_sumsq,82,1.4679769277572632,1790122185.5273938
train/dvac_new/coefficient_sumsq,83,1.4677672386169434,1790122482.9487224
train/dvac_new/coefficient_sumsq,84,1.4677350521087646,1790122776.8076904
train/dvac_new/coefficient_sumsq,85,1.4676092863082886,1790123339.1613357
train/dvac_new/coefficient_sumsq,86,1.4675699472427368,1790123629.8368776
train/dvac_new/coefficient_sumsq,87,1.467399001121521,1790123924.3457937
train/dvac_new/coefficient_sumsq,88,1.4673027992248535,1790124215.2023902
train/dvac_new/coefficient_sumsq,89,1.4672032594680786,1790124508.887295
train/dvac_new/coefficient_sumsq,90,1.4673064947128296,1790125070.9221604
train/dvac_new/coefficient_sumsq,91,1.467063069343567,1790125361.796213
train/dvac_new/coefficient_sumsq,92,1.467058539390564,1790125652.3368034
train/dvac_new/coefficient_sumsq,93,1.467000961303711,1790125947.271921
train/dvac_new/coefficient_sumsq,94,1.4668700695037842,1790126240.6636443
train/dvac_new/coefficient_sumsq,95,1.4668757915496826,1790126798.6787522
train/dvac_new/coefficient_sumsq,96,1.4667752981185913,1790127092.0094085
train/dvac_new/coefficient_sumsq,97,1.4667150974273682,1790127386.234766
train/dvac_new/coefficient_sumsq,98,1.4666341543197632,1790127680.4608266
train/dvac_new/coefficient_sumsq,99,1.4664523601531982,1790127974.9181652
train/dvac_new/coefficient_sumsq,100,1.4664274454116821,1790128568.9030282
train/dvac_new/coefficient_sumsq,101,1.4664397239685059,1790128860.446902
train/dvac_new/coefficient_sumsq,102,1.4663448333740234,1790129153.144636
train/dvac_new/coefficient_sumsq,103,1.4662762880325317,1790129447.0759706
train/dvac_new/coefficient_sumsq,104,1.4662081003189087,1790129741.2323291
train/dvac_new/coefficient_sumsq,105,1.4661344289779663,1790130304.8455625
train/dvac_new/coefficient_sumsq,106,1.4660048484802246,1790130597.4644504
train/dvac_new/coefficient_sumsq,107,1.4660073518753052,1790130891.8094387
train/dvac_new/coefficient_sumsq,108,1.4659087657928467,1790131185.7805784
train/dvac_new/coefficient_sumsq,109,1.465867280960083,1790131478.1237812
train/dvac_new/coefficient_sumsq,110,1.46587336063385,1790132046.9372022
train/dvac_new/coefficient_sumsq,111,1.4657434225082397,1790132340.919711
train/dvac_new/coefficient_sumsq,112,1.4657299518585205,1790132635.9085765
train/dvac_new/coefficient_sumsq,113,1.4656319618225098,1790132930.5087838
train/dvac_new/coefficient_sumsq,114,1.4656089544296265,1790133224.3944392
train/dvac_new/coefficient_sumsq,115,1.465491533279419,1790133790.4011235
train/dvac_new/coefficient_sumsq,116,1.4653918743133545,1790134083.2884262
train/dvac_new/coefficient_sumsq,117,1.4653472900390625,1790134378.7750163
train/dvac_new/coefficient_sumsq,118,1.4653102159500122,1790134673.6086195
train/dvac_new/coefficient_sumsq,119,1.4652825593948364,1790134966.21332
train/dvac_new/coefficient_sumsq,120,1.465168833732605,1790135528.1910005
train/dvac_new/coefficient_sumsq,121,1.4651498794555664,1790135820.1887531
train/dvac_new/coefficient_sumsq,122,1.4650709629058838,1790136117.1756148
train/dvac_new/coefficient_sumsq,123,1.465050220489502,1790136412.5743818
train/dvac_new/coefficient_sumsq,124,1.4649828672409058,1790136704.9791505
train/dvac_new/coefficient_sumsq,125,1.4649016857147217,1790137270.3436825
train/dvac_new/coefficient_sumsq,126,1.4648574590682983,1790137562.6591067
train/dvac_new/coefficient_sumsq,127,1.4648206233978271,1790137856.9560971
train/dvac_new/dropout_fraction,1,0.1923828125,1790093952.967073
train/dvac_new/dropout_fraction,2,0.19882813096046448,1790094252.7402687
train/dvac_new/dropout_fraction,3,0.197265625,1790094547.5991895
train/dvac_new/dropout_fraction,4,0.20703125,1790094841.3366873
train/dvac_new/dropout_fraction,5,0.20722655951976776,1790095406.6670592
train/dvac_new/dropout_fraction,6,0.2041015625,1790095700.063963
train/dvac_new/dropout_fraction,7,0.2021484375,1790095995.7625098
train/dvac_new/dropout_fraction,8,0.20253905653953552,1790096287.9804347
train/dvac_new/dropout_fraction,9,0.19550780951976776,1790096585.3275716
train/dvac_new/dropout_fraction,10,0.19707031548023224,1790097154.786845
train/dvac_new/dropout_fraction,11,0.193359375,1790097447.5272405
train/dvac_new/dropout_fraction,12,0.19746093451976776,1790097742.1567242
train/dvac_new/dropout_fraction,13,0.201171875,1790098035.1688194
train/dvac_new/dropout_fraction,14,0.19980469346046448,1790098330.3456872
train/dvac_new/dropout_fraction,15,0.18125000596046448,1790098897.6600385
train/dvac_new/dropout_fraction,16,0.20449218153953552,1790099190.3878727
train/dvac_new/dropout_fraction,17,0.20175781846046448,1790099486.9308288
train/dvac_new/dropout_fraction,18,0.20136718451976776,1790099780.7576807
train/dvac_new/dropout_fraction,19,0.19453124701976776,1790100077.1577678
train/dvac_new/dropout_fraction,20,0.19960936903953552,1790100642.1089873
train/dvac_new/dropout_fraction,21,0.20566406846046448,1790100932.7116446
train/dvac_new/dropout_fraction,22,0.19941405951976776,1790101229.3385339
train/dvac_new/dropout_fraction,23,0.20332030951976776,1790101523.6748068
train/dvac_new/dropout_fraction,24,0.2041015625,1790101815.8603632
train/dvac_new/dropout_fraction,25,0.19472655653953552,1790102382.611077
train/dvac_new/dropout_fraction,26,0.20683594048023224,1790102675.007328
train/dvac_new/dropout_fraction,27,0.2080078125,1790102969.943933
train/dvac_new/dropout_fraction,28,0.19785156846046448,1790103263.8629715
train/dvac_new/dropout_fraction,29,0.19296875596046448,1790103558.221622
train/dvac_new/dropout_fraction,30,0.19257812201976776,1790104122.9195209
train/dvac_new/dropout_fraction,31,0.19746093451976776,1790104413.2878463
train/dvac_new/dropout_fraction,32,0.20703125,1790104710.0680394
train/dvac_new/dropout_fraction,33,0.19785156846046448,1790105005.1851735
train/dvac_new/dropout_fraction,34,0.19882813096046448,1790105300.2981033
train/dvac_new/dropout_fraction,35,0.20000000298023224,1790105865.3382864
train/dvac_new/dropout_fraction,36,0.19472655653953552,1790106156.0937874
train/dvac_new/dropout_fraction,37,0.20488281548023224,1790106452.1619012
train/dvac_new/dropout_fraction,38,0.2001953125,1790106746.487567
train/dvac_new/dropout_fraction,39,0.19316406548023224,1790107039.3412948
train/dvac_new/dropout_fraction,40,0.19902344048023224,1790107604.3085346
train/dvac_new/dropout_fraction,41,0.18984374403953552,1790107895.8658156
train/dvac_new/dropout_fraction,42,0.2041015625,1790108190.585528
train/dvac_new/dropout_fraction,43,0.19082030653953552,1790108487.2427952
train/dvac_new/dropout_fraction,44,0.19941405951976776,1790108782.2941766
train/dvac_new/dropout_fraction,45,0.19609375298023224,1790109350.1980853
train/dvac_new/dropout_fraction,46,0.19746093451976776,1790109642.5688548
train/dvac_new/dropout_fraction,47,0.2001953125,1790109941.8185263
train/dvac_new/dropout_fraction,48,0.2021484375,1790110240.6187007
train/dvac_new/dropout_fraction,49,0.20468750596046448,1790110537.8647728
train/dvac_new/dropout_fraction,50,0.20253905653953552,1790111140.7825048
train/dvac_new/dropout_fraction,51,0.19707031548023224,1790111434.7894275
train/dvac_new/dropout_fraction,52,0.2001953125,1790111728.836991
train/dvac_new/dropout_fraction,53,0.19355468451976776,1790112023.7958896
train/dvac_new/dropout_fraction,54,0.197265625,1790112318.588062
train/dvac_new/dropout_fraction,55,0.19648437201976776,1790112885.332876
train/dvac_new/dropout_fraction,56,0.19687500596046448,1790113176.2664907
train/dvac_new/dropout_fraction,57,0.208984375,1790113470.8467362
train/dvac_new/dropout_fraction,58,0.20722655951976776,1790113765.227831
train/dvac_new/dropout_fraction,59,0.20078125596046448,1790114059.5912027
train/dvac_new/dropout_fraction,60,0.20585937798023224,1790114630.7153535
train/dvac_new/dropout_fraction,61,0.19648437201976776,1790114922.6094751
train/dvac_new/dropout_fraction,62,0.19179686903953552,1790115217.0690327
train/dvac_new/dropout_fraction,63,0.20234374701976776,1790115510.348227
train/dvac_new/dropout_fraction,64,0.20624999701976776,1790115805.3516312
train/dvac_new/dropout_fraction,65,0.19843749701976776,1790116371.0289915
train/dvac_new/dropout_fraction,66,0.193359375,1790116663.702168
train/dvac_new/dropout_fraction,67,0.20000000298023224,1790116959.7769067
train/dvac_new/dropout_fraction,68,0.18925781548023224,1790117256.9675663
train/dvac_new/dropout_fraction,69,0.19414062798023224,1790117552.8002532
train/dvac_new/dropout_fraction,70,0.19023437798023224,1790118123.6045978
train/dvac_new/dropout_fraction,71,0.20449218153953552,1790118416.1354423
train/dvac_new/dropout_fraction,72,0.20058593153953552,1790118712.8220818
train/dvac_new/dropout_fraction,73,0.19863280653953552,1790119006.969099
train/dvac_new/dropout_fraction,74,0.20957031846046448,1790119301.3937254
train/dvac_new/dropout_fraction,75,0.20722655951976776,1790119864.6891527
train/dvac_new/dropout_fraction,76,0.20039062201976776,1790120156.8697014
train/dvac_new/dropout_fraction,77,0.20136718451976776,1790120450.7227101
train/dvac_new/dropout_fraction,78,0.19882813096046448,1790120743.7959216
train/dvac_new/dropout_fraction,79,0.19570311903953552,1790121037.4285426
train/dvac_new/dropout_fraction,80,0.19570311903953552,1790121597.3300207
train/dvac_new/dropout_fraction,81,0.19746093451976776,1790121891.3236973
train/dvac_new/dropout_fraction,82,0.197265625,1790122185.5274
train/dvac_new/dropout_fraction,83,0.19492188096046448,1790122482.9487345
train/dvac_new/dropout_fraction,84,0.20351561903953552,1790122776.8076966
train/dvac_new/dropout_fraction,85,0.19511719048023224,1790123339.1613433
train/dvac_new/dropout_fraction,86,0.19843749701976776,1790123629.8368847
train/dvac_new/dropout_fraction,87,0.19589844346046448,1790123924.3458
train/dvac_new/dropout_fraction,88,0.21074219048023224,1790124215.202397
train/dvac_new/dropout_fraction,89,0.205078125,1790124508.8873014
train/dvac_new/dropout_fraction,90,0.18964843451976776,1790125070.922167
train/dvac_new/dropout_fraction,91,0.19667968153953552,1790125361.7962525
train/dvac_new/dropout_fraction,92,0.193359375,1790125652.3368077
train/dvac_new/dropout_fraction,93,0.19765624403953552,1790125947.2719262
train/dvac_new/dropout_fraction,94,0.20156249403953552,1790126240.663651
train/dvac_new/dropout_fraction,95,0.19589844346046448,1790126798.6787632
train/dvac_new/dropout_fraction,96,0.20351561903953552,1790127092.0094144
train/dvac_new/dropout_fraction,97,0.19609375298023224,1790127386.2347717
train/dvac_new/dropout_fraction,98,0.21171875298023224,1790127680.4608326
train/dvac_new/dropout_fraction,99,0.19980469346046448,1790127974.918171
train/dvac_new/dropout_fraction,100,0.19199219346046448,1790128568.9030359
train/dvac_new/dropout_fraction,101,0.19492188096046448,1790128860.446908
train/dvac_new/dropout_fraction,102,0.19414062798023224,1790129153.1446419
train/dvac_new/dropout_fraction,103,0.19960936903953552,1790129447.0759764
train/dvac_new/dropout_fraction,104,0.20624999701976776,1790129741.2323403
train/dvac_new/dropout_fraction,105,0.20156249403953552,1790130304.8455715
train/dvac_new/dropout_fraction,106,0.19453124701976776,1790130597.4644582
train/dvac_new/dropout_fraction,107,0.20195312798023224,1790130891.8094432
train/dvac_new/dropout_fraction,108,0.20136718451976776,1790131185.780584
train/dvac_new/dropout_fraction,109,0.1962890625,1790131478.1237888
train/dvac_new/dropout_fraction,110,0.19902344048023224,1790132046.9372096
train/dvac_new/dropout_fraction,111,0.19882813096046448,1790132340.9197202
train/dvac_new/dropout_fraction,112,0.19746093451976776,1790132635.908583
train/dvac_new/dropout_fraction,113,0.2021484375,1790132930.5087898
train/dvac_new/dropout_fraction,114,0.19414062798023224,1790133224.3944466
train/dvac_new/dropout_fraction,115,0.2119140625,1790133790.4011304
train/dvac_new/dropout_fraction,116,0.20156249403953552,1790134083.2884324
train/dvac_new/dropout_fraction,117,0.20273438096046448,1790134378.7750218
train/dvac_new/dropout_fraction,118,0.20390625298023224,1790134673.6086252
train/dvac_new/dropout_fraction,119,0.20195312798023224,1790134966.2133257
train/dvac_new/dropout_fraction,120,0.19980469346046448,1790135528.1910117
train/dvac_new/dropout_fraction,121,0.19296875596046448,1790135820.1887593
train/dvac_new/dropout_fraction,122,0.20820312201976776,1790136117.1756234
train/dvac_new/dropout_fraction,123,0.20332030951976776,1790136412.5743866
train/dvac_new/dropout_fraction,124,0.19374999403953552,1790136704.979158
train/dvac_new/dropout_fraction,125,0.19355468451976776,1790137270.3436906
train/dvac_new/dropout_fraction,126,0.205078125,1790137562.659113
train/dvac_new/dropout_fraction,127,0.2060546875,1790137856.956104
train/dvac_new/final_weight_max,1,1.3124622106552124,1790093952.9670787
train/dvac_new/final_weight_max,2,1.3287768363952637,1790094252.7402835
train/dvac_new/final_weight_max,3,1.317775011062622,1790094547.599198
train/dvac_new/final_weight_max,4,1.402017593383789,1790094841.3366942
train/dvac_new/final_weight_max,5,1.3756543397903442,1790095406.6670668
train/dvac_new/final_weight_max,6,1.3767180442810059,1790095700.0639675
train/dvac_new/final_weight_max,7,1.3865631818771362,1790095995.7625194
train/dvac_new/final_weight_max,8,1.3928972482681274,1790096287.98044
train/dvac_new/final_weight_max,9,1.3901149034500122,1790096585.327577
train/dvac_new/final_weight_max,10,1.3977099657058716,1790097154.7868526
train/dvac_new/final_weight_max,11,1.400750756263733,1790097447.5272462
train/dvac_new/final_weight_max,12,1.400868535041809,1790097742.1567314
train/dvac_new/final_weight_max,13,1.4068114757537842,1790098035.1688251
train/dvac_new/final_weight_max,14,1.4038907289505005,1790098330.3456926
train/dvac_new/final_weight_max,15,1.4030708074569702,1790098897.6600459
train/dvac_new/final_weight_max,16,1.3916581869125366,1790099190.387879
train/dvac_new/final_weight_max,17,1.3910229206085205,1790099486.930835
train/dvac_new/final_weight_max,18,1.3902018070220947,1790099780.7576864
train/dvac_new/final_weight_max,19,1.3912112712860107,1790100077.1577747
train/dvac_new/final_weight_max,20,1.3906242847442627,1790100642.1089933
train/dvac_new/final_weight_max,21,1.3807369470596313,1790100932.7116492
train/dvac_new/final_weight_max,22,1.3872100114822388,1790101229.338538
train/dvac_new/final_weight_max,23,1.3894168138504028,1790101523.6748135
train/dvac_new/final_weight_max,24,1.3846644163131714,1790101815.8603837
train/dvac_new/final_weight_max,25,1.3838096857070923,1790102382.6110845
train/dvac_new/final_weight_max,26,1.3798998594284058,1790102675.0073345
train/dvac_new/final_weight_max,27,1.3830764293670654,1790102969.9439392
train/dvac_new/final_weight_max,28,1.3718332052230835,1790103263.862978
train/dvac_new/final_weight_max,29,1.3811228275299072,1790103558.2216277
train/dvac_new/final_weight_max,30,1.3609580993652344,1790104122.919528
train/dvac_new/final_weight_max,31,1.3720215559005737,1790104413.2878547
train/dvac_new/final_weight_max,32,1.370957374572754,1790104710.068046
train/dvac_new/final_weight_max,33,1.3700571060180664,1790105005.1851783
train/dvac_new/final_weight_max,34,1.3603260517120361,1790105300.2981088
train/dvac_new/final_weight_max,35,1.3639241456985474,1790105865.3382938
train/dvac_new/final_weight_max,36,1.3512277603149414,1790106156.093793
train/dvac_new/final_weight_max,37,1.3384307622909546,1790106452.161908
train/dvac_new/final_weight_max,38,1.3469882011413574,1790106746.487576
train/dvac_new/final_weight_max,39,1.323756456375122,1790107039.3413007
train/dvac_new/final_weight_max,40,1.321288824081421,1790107604.3085425
train/dvac_new/final_weight_max,41,1.3291436433792114,1790107895.8658216
train/dvac_new/final_weight_max,42,1.3253986835479736,1790108190.5855346
train/dvac_new/final_weight_max,43,1.315420389175415,1790108487.2428014
train/dvac_new/final_weight_max,44,1.3158081769943237,1790108782.2941823
train/dvac_new/final_weight_max,45,1.314879298210144,1790109350.1980922
train/dvac_new/final_weight_max,46,1.3147492408752441,1790109642.5688617
train/dvac_new/final_weight_max,47,1.3049921989440918,1790109941.8185334
train/dvac_new/final_weight_max,48,1.311641812324524,1790110240.6187077
train/dvac_new/final_weight_max,49,1.3126705884933472,1790110537.864779
train/dvac_new/final_weight_max,50,1.316680908203125,1790111140.7825124
train/dvac_new/final_weight_max,51,1.300098180770874,1790111434.789433
train/dvac_new/final_weight_max,52,1.314292073249817,1790111728.836997
train/dvac_new/final_weight_max,53,1.3016571998596191,1790112023.7958953
train/dvac_new/final_weight_max,54,1.3054718971252441,1790112318.5880678
train/dvac_new/final_weight_max,55,1.307163953781128,1790112885.3328843
train/dvac_new/final_weight_max,56,1.2900820970535278,1790113176.2664993
train/dvac_new/final_weight_max,57,1.2920417785644531,1790113470.846742
train/dvac_new/final_weight_max,58,1.296144723892212,1790113765.227837
train/dvac_new/final_weight_max,59,1.2852153778076172,1790114059.5912094
train/dvac_new/final_weight_max,60,1.28416907787323,1790114630.7153602
train/dvac_new/final_weight_max,61,1.2883392572402954,1790114922.6094825
train/dvac_new/final_weight_max,62,1.2875860929489136,1790115217.0690384
train/dvac_new/final_weight_max,63,1.285634994506836,1790115510.3482394
train/dvac_new/final_weight_max,64,1.2793394327163696,1790115805.3516405
train/dvac_new/final_weight_max,65,1.275762677192688,1790116371.028999
train/dvac_new/final_weight_max,66,1.2733310461044312,1790116663.7021737
train/dvac_new/final_weight_max,67,1.2772928476333618,1790116959.7769132
train/dvac_new/final_weight_max,68,1.2794170379638672,1790117256.967572
train/dvac_new/final_weight_max,69,1.2808085680007935,1790117552.8002589
train/dvac_new/final_weight_max,70,1.271960973739624,1790118123.6046052
train/dvac_new/final_weight_max,71,1.2729828357696533,1790118416.1354477
train/dvac_new/final_weight_max,72,1.2643659114837646,1790118712.822088
train/dvac_new/final_weight_max,73,1.2686666250228882,1790119006.9691067
train/dvac_new/final_weight_max,74,1.2622990608215332,1790119301.3937323
train/dvac_new/final_weight_max,75,1.2675808668136597,1790119864.6891584
train/dvac_new/final_weight_max,76,1.2603563070297241,1790120156.8697069
train/dvac_new/final_weight_max,77,1.256709098815918,1790120450.722716
train/dvac_new/final_weight_max,78,1.262457251548767,1790120743.7959285
train/dvac_new/final_weight_max,79,1.2567987442016602,1790121037.4285486
train/dvac_new/final_weight_max,80,1.2523664236068726,1790121597.3300285
train/dvac_new/final_weight_max,81,1.2508169412612915,1790121891.323703
train/dvac_new/final_weight_max,82,1.2476979494094849,1790122185.5274065
train/dvac_new/final_weight_max,83,1.2476683855056763,1790122482.9487433
train/dvac_new/final_weight_max,84,1.2416452169418335,1790122776.8077023
train/dvac_new/final_weight_max,85,1.2426749467849731,1790123339.1613517
train/dvac_new/final_weight_max,86,1.2413790225982666,1790123629.8368914
train/dvac_new/final_weight_max,87,1.2345901727676392,1790123924.345806
train/dvac_new/final_weight_max,88,1.236525297164917,1790124215.202404
train/dvac_new/final_weight_max,89,1.231811285018921,1790124508.8873072
train/dvac_new/final_weight_max,90,1.2355482578277588,1790125070.922174
train/dvac_new/final_weight_max,91,1.2326900959014893,1790125361.7962747
train/dvac_new/final_weight_max,92,1.2312730550765991,1790125652.336812
train/dvac_new/final_weight_max,93,1.2286458015441895,1790125947.271932
train/dvac_new/final_weight_max,94,1.226413369178772,1790126240.6636581
train/dvac_new/final_weight_max,95,1.225236415863037,1790126798.6787744
train/dvac_new/final_weight_max,96,1.2225642204284668,1790127092.0094206
train/dvac_new/final_weight_max,97,1.220611810684204,1790127386.2347777
train/dvac_new/final_weight_max,98,1.2205201387405396,1790127680.4608388
train/dvac_new/final_weight_max,99,1.204464316368103,1790127974.9181764
train/dvac_new/final_weight_max,100,1.2092082500457764,1790128568.9030435
train/dvac_new/final_weight_max,101,1.2097508907318115,1790128860.4469135
train/dvac_new/final_weight_max,102,1.2072824239730835,1790129153.1446476
train/dvac_new/final_weight_max,103,1.2033991813659668,1790129447.0759826
train/dvac_new/final_weight_max,104,1.1978665590286255,1790129741.2323518
train/dvac_new/final_weight_max,105,1.2042944431304932,1790130304.845581
train/dvac_new/final_weight_max,106,1.1926319599151611,1790130597.4644656
train/dvac_new/final_weight_max,107,1.196629285812378,1790130891.8094478
train/dvac_new/final_weight_max,108,1.1923476457595825,1790131185.78059
train/dvac_new/final_weight_max,109,1.1931016445159912,1790131478.1237957
train/dvac_new/final_weight_max,110,1.1863421201705933,1790132046.9372172
train/dvac_new/final_weight_max,111,1.1874327659606934,1790132340.9197288
train/dvac_new/final_weight_max,112,1.185961365699768,1790132635.9085896
train/dvac_new/final_weight_max,113,1.182431697845459,1790132930.5087955
train/dvac_new/final_weight_max,114,1.180992841720581,1790133224.3944526
train/dvac_new/final_weight_max,115,1.1821407079696655,1790133790.4011374
train/dvac_new/final_weight_max,116,1.1751827001571655,1790134083.2884386
train/dvac_new/final_weight_max,117,1.1758785247802734,1790134378.7750275
train/dvac_new/final_weight_max,118,1.1685246229171753,1790134673.6086311
train/dvac_new/final_weight_max,119,1.173653483390808,1790134966.2133312
train/dvac_new/final_weight_max,120,1.1689406633377075,1790135528.1910226
train/dvac_new/final_weight_max,121,1.170323133468628,1790135820.1887653
train/dvac_new/final_weight_max,122,1.1676067113876343,1790136117.1756327
train/dvac_new/final_weight_max,123,1.162538766860962,1790136412.5743918
train/dvac_new/final_weight_max,124,1.1575803756713867,1790136704.979166
train/dvac_new/final_weight_max,125,1.1575244665145874,1790137270.3436983
train/dvac_new/final_weight_max,126,1.1560755968093872,1790137562.6591191
train/dvac_new/final_weight_max,127,1.1522455215454102,1790137856.956111
train/dvac_new/final_weight_mean,1,1.00046706199646,1790093952.967084
train/dvac_new/final_weight_mean,2,1.0002745389938354,1790094252.7402973
train/dvac_new/final_weight_mean,3,0.9999060034751892,1790094547.5992072
train/dvac_new/final_weight_mean,4,1.000594139099121,1790094841.336701
train/dvac_new/final_weight_mean,5,1.0005425214767456,1790095406.6674824
train/dvac_new/final_weight_mean,6,1.0000172853469849,1790095700.0639718
train/dvac_new/final_weight_mean,7,0.9998244643211365,1790095995.7625287
train/dvac_new/final_weight_mean,8,1.000000238418579,1790096287.9804454
train/dvac_new/final_weight_mean,9,0.99992835521698,1790096585.3275828
train/dvac_new/final_weight_mean,10,0.9997732639312744,1790097154.7873547
train/dvac_new/final_weight_mean,11,0.9995163679122925,1790097447.5272522
train/dvac_new/final_weight_mean,12,1.0004236698150635,1790097742.156739
train/dvac_new/final_weight_mean,13,1.0003381967544556,1790098035.1688306
train/dvac_new/final_weight_mean,14,1.000076174736023,1790098330.3456986
train/dvac_new/final_weight_mean,15,1.000274896621704,1790098897.660576
train/dvac_new/final_weight_mean,16,1.0003305673599243,1790099190.3878856
train/dvac_new/final_weight_mean,17,1.0001709461212158,1790099486.9308405
train/dvac_new/final_weight_mean,18,0.9997435808181763,1790099780.757692
train/dvac_new/final_weight_mean,19,1.0006687641143799,1790100077.1577814
train/dvac_new/final_weight_mean,20,0.99997478723526,1790100642.1092403
train/dvac_new/final_weight_mean,21,1.0001972913742065,1790100932.7116537
train/dvac_new/final_weight_mean,22,1.0002381801605225,1790101229.338543
train/dvac_new/final_weight_mean,23,1.0000015497207642,1790101523.6748195
train/dvac_new/final_weight_mean,24,0.9993131160736084,1790101815.8604054
train/dvac_new/final_weight_mean,25,0.9999889135360718,1790102382.6112502
train/dvac_new/final_weight_mean,26,0.9997178316116333,1790102675.0073404
train/dvac_new/final_weight_mean,27,1.0001568794250488,1790102969.9439452
train/dvac_new/final_weight_mean,28,1.0001342296600342,1790103263.8629835
train/dvac_new/final_weight_mean,29,0.9997204542160034,1790103558.221634
train/dvac_new/final_weight_mean,30,1.000049114227295,1790104122.9197242
train/dvac_new/final_weight_mean,31,0.9998105764389038,1790104413.2878625
train/dvac_new/final_weight_mean,32,1.0001957416534424,1790104710.068053
train/dvac_new/final_weight_mean,33,0.9997451305389404,1790105005.185183
train/dvac_new/final_weight_mean,34,1.0001753568649292,1790105300.2981148
train/dvac_new/final_weight_mean,35,0.9996643662452698,1790105865.3384855
train/dvac_new/final_weight_mean,36,0.9997603893280029,1790106156.0937989
train/dvac_new/final_weight_mean,37,0.9999373555183411,1790106452.161914
train/dvac_new/final_weight_mean,38,1.0007306337356567,1790106746.4875827
train/dvac_new/final_weight_mean,39,0.9995154738426208,1790107039.341307
train/dvac_new/final_weight_mean,40,1.0001200437545776,1790107604.308754
train/dvac_new/final_weight_mean,41,0.9999645948410034,1790107895.8658276
train/dvac_new/final_weight_mean,42,0.999809980392456,1790108190.5855417
train/dvac_new/final_weight_mean,43,0.9997662305831909,1790108487.2428071
train/dvac_new/final_weight_mean,44,0.9998105764389038,1790108782.2941887
train/dvac_new/final_weight_mean,45,0.999799907207489,1790109350.1983786
train/dvac_new/final_weight_mean,46,0.999797523021698,1790109642.5688684
train/dvac_new/final_weight_mean,47,1.0000957250595093,1790109941.81854
train/dvac_new/final_weight_mean,48,0.9999697804450989,1790110240.6187146
train/dvac_new/final_weight_mean,49,1.0005131959915161,1790110537.864785
train/dvac_new/final_weight_mean,50,0.9997390508651733,1790111140.7829618
train/dvac_new/final_weight_mean,51,1.0002132654190063,1790111434.7894387
train/dvac_new/final_weight_mean,52,0.9999970197677612,1790111728.8370028
train/dvac_new/final_weight_mean,53,1.00045907497406,1790112023.7959008
train/dvac_new/final_weight_mean,54,1.0000091791152954,1790112318.588074
train/dvac_new/final_weight_mean,55,1.000014066696167,1790112885.3331993
train/dvac_new/final_weight_mean,56,1.0000953674316406,1790113176.266508
train/dvac_new/final_weight_mean,57,1.0002317428588867,1790113470.8467479
train/dvac_new/final_weight_mean,58,0.9999542832374573,1790113765.2278435
train/dvac_new/final_weight_mean,59,0.9998457431793213,1790114059.5912163
train/dvac_new/final_weight_mean,60,0.9997844099998474,1790114630.7158597
train/dvac_new/final_weight_mean,61,1.000314474105835,1790114922.6094897
train/dvac_new/final_weight_mean,62,1.0000044107437134,1790115217.0690439
train/dvac_new/final_weight_mean,63,0.9998090863227844,1790115510.3482463
train/dvac_new/final_weight_mean,64,0.999689519405365,1790115805.35165
train/dvac_new/final_weight_mean,65,1.0006942749023438,1790116371.0294864
train/dvac_new/final_weight_mean,66,0.9998127818107605,1790116663.70218
train/dvac_new/final_weight_mean,67,0.9998835325241089,1790116959.7769194
train/dvac_new/final_weight_mean,68,1.0001845359802246,1790117256.9675777
train/dvac_new/final_weight_mean,69,0.9999141693115234,1790117552.800265
train/dvac_new/final_weight_mean,70,1.0002202987670898,1790118123.604853
train/dvac_new/final_weight_mean,71,0.9999234080314636,1790118416.1354537
train/dvac_new/final_weight_mean,72,1.0000278949737549,1790118712.822094
train/dvac_new/final_weight_mean,73,0.9998885989189148,1790119006.9691138
train/dvac_new/final_weight_mean,74,0.9997947216033936,1790119301.3937392
train/dvac_new/final_weight_mean,75,1.0000638961791992,1790119864.6895278
train/dvac_new/final_weight_mean,76,1.0004088878631592,1790120156.8697126
train/dvac_new/final_weight_mean,77,0.9999852776527405,1790120450.722722
train/dvac_new/final_weight_mean,78,1.0000241994857788,1790120743.7959347
train/dvac_new/final_weight_mean,79,0.9999688267707825,1790121037.4285545
train/dvac_new/final_weight_mean,80,1.0001068115234375,1790121597.33045
train/dvac_new/final_weight_mean,81,0.9996928572654724,1790121891.3237092
train/dvac_new/final_weight_mean,82,1.0002567768096924,1790122185.5274122
train/dvac_new/final_weight_mean,83,1.000286340713501,1790122482.9487524
train/dvac_new/final_weight_mean,84,1.0002166032791138,1790122776.8077085
train/dvac_new/final_weight_mean,85,0.9997934699058533,1790123339.1616826
train/dvac_new/final_weight_mean,86,0.9998586773872375,1790123629.8368983
train/dvac_new/final_weight_mean,87,0.9998854398727417,1790123924.3458116
train/dvac_new/final_weight_mean,88,1.000022530555725,1790124215.2024105
train/dvac_new/final_weight_mean,89,1.0003106594085693,1790124508.887313
train/dvac_new/final_weight_mean,90,1.0002585649490356,1790125070.92246
train/dvac_new/final_weight_mean,91,0.9998583197593689,1790125361.7962954
train/dvac_new/final_weight_mean,92,0.9997516870498657,1790125652.3368173
train/dvac_new/final_weight_mean,93,0.9999167919158936,1790125947.2719376
train/dvac_new/final_weight_mean,94,0.9995439648628235,1790126240.663665
train/dvac_new/final_weight_mean,95,0.9999984502792358,1790126798.6790268
train/dvac_new/final_weight_mean,96,1.0001332759857178,1790127092.0094273
train/dvac_new/final_weight_mean,97,1.0001471042633057,1790127386.234784
train/dvac_new/final_weight_mean,98,0.9999536871910095,1790127680.4608443
train/dvac_new/final_weight_mean,99,1.000312328338623,1790127974.9181824
train/dvac_new/final_weight_mean,100,1.0000916719436646,1790128568.9032702
train/dvac_new/final_weight_mean,101,1.0000756978988647,1790128860.4469194
train/dvac_new/final_weight_mean,102,1.0001673698425293,1790129153.144654
train/dvac_new/final_weight_mean,103,0.9998188018798828,1790129447.0759883
train/dvac_new/final_weight_mean,104,1.0002012252807617,1790129741.2323625
train/dvac_new/final_weight_mean,105,0.9998310804367065,1790130304.8458633
train/dvac_new/final_weight_mean,106,1.0001190900802612,1790130597.464473
train/dvac_new/final_weight_mean,107,1.0001411437988281,1790130891.8094523
train/dvac_new/final_weight_mean,108,0.9998981952667236,1790131185.7805955
train/dvac_new/final_weight_mean,109,0.9995660185813904,1790131478.1238027
train/dvac_new/final_weight_mean,110,0.9998093843460083,1790132046.9375641
train/dvac_new/final_weight_mean,111,0.9999269843101501,1790132340.919737
train/dvac_new/final_weight_mean,112,1.0000051259994507,1790132635.9085963
train/dvac_new/final_weight_mean,113,0.9999639391899109,1790132930.508801
train/dvac_new/final_weight_mean,114,0.9998021125793457,1790133224.394458
train/dvac_new/final_weight_mean,115,0.9998999238014221,1790133790.4014723
train/dvac_new/final_weight_mean,116,1.0000847578048706,1790134083.2884448
train/dvac_new/final_weight_mean,117,0.9998820424079895,1790134378.775033
train/dvac_new/final_weight_mean,118,1.0001295804977417,1790134673.6086373
train/dvac_new/final_weight_mean,119,0.9998606443405151,1790134966.213337
train/dvac_new/final_weight_mean,120,1.0001270771026611,1790135528.1915097
train/dvac_new/final_weight_mean,121,0.9999297857284546,1790135820.1887708
train/dvac_new/final_weight_mean,122,0.9999683499336243,1790136117.1756415
train/dvac_new/final_weight_mean,123,1.0001543760299683,1790136412.5743966
train/dvac_new/final_weight_mean,124,1.0002062320709229,1790136704.9791744
train/dvac_new/final_weight_mean,125,1.000105857849121,1790137270.343859
train/dvac_new/final_weight_mean,126,0.999879777431488,1790137562.6591253
train/dvac_new/final_weight_mean,127,1.0000512599945068,1790137856.9561179
train/dvac_new/final_weight_min,1,0.7173898816108704,1790093952.96709
train/dvac_new/final_weight_min,2,0.7429752945899963,1790094252.7403152
train/dvac_new/final_weight_min,3,0.7390299439430237,1790094547.5992155
train/dvac_new/final_weight_min,4,0.6986955404281616,1790094841.3367076
train/dvac_new/final_weight_min,5,0.7290490865707397,1790095406.66754
train/dvac_new/final_weight_min,6,0.7235496044158936,1790095700.0639765
train/dvac_new/final_weight_min,7,0.7181651592254639,1790095995.762538
train/dvac_new/final_weight_min,8,0.7238707542419434,1790096287.9804504
train/dvac_new/final_weight_min,9,0.7248963713645935,1790096585.32759
train/dvac_new/final_weight_min,10,0.7243191599845886,1790097154.7873678
train/dvac_new/final_weight_min,11,0.728365421295166,1790097447.527258
train/dvac_new/final_weight_min,12,0.7094317674636841,1790097742.1567457
train/dvac_new/final_weight_min,13,0.7149749994277954,1790098035.1688364
train/dvac_new/final_weight_min,14,0.7160975933074951,1790098330.345705
train/dvac_new/final_weight_min,15,0.7182739973068237,1790098897.6605854
train/dvac_new/final_weight_min,16,0.7187414169311523,1790099190.3878915
train/dvac_new/final_weight_min,17,0.7197903990745544,1790099486.9308465
train/dvac_new/final_weight_min,18,0.7219457030296326,1790099780.757698
train/dvac_new/final_weight_min,19,0.7250294089317322,1790100077.1577878
train/dvac_new/final_weight_min,20,0.7273117899894714,1790100642.109247
train/dvac_new/final_weight_min,21,0.7302725315093994,1790100932.7116582
train/dvac_new/final_weight_min,22,0.731941819190979,1790101229.3385472
train/dvac_new/final_weight_min,23,0.7356555461883545,1790101523.6748252
train/dvac_new/final_weight_min,24,0.7346348166465759,1790101815.860425
train/dvac_new/final_weight_min,25,0.7367956638336182,1790102382.6112576
train/dvac_new/final_weight_min,26,0.7373943328857422,1790102675.0073462
train/dvac_new/final_weight_min,27,0.7413879632949829,1790102969.9439535
train/dvac_new/final_weight_min,28,0.7423715591430664,1790103263.8629894
train/dvac_new/final_weight_min,29,0.7456096410751343,1790103558.2216399
train/dvac_new/final_weight_min,30,0.7461737990379333,1790104122.9197326
train/dvac_new/final_weight_min,31,0.7493277788162231,1790104413.2878706
train/dvac_new/final_weight_min,32,0.7494624853134155,1790104710.0680592
train/dvac_new/final_weight_min,33,0.7438302040100098,1790105005.1851873
train/dvac_new/final_weight_min,34,0.7501189112663269,1790105300.2981207
train/dvac_new/final_weight_min,35,0.7459694743156433,1790105865.3384929
train/dvac_new/final_weight_min,36,0.7562493085861206,1790106156.093805
train/dvac_new/final_weight_min,37,0.7588289976119995,1790106452.16192
train/dvac_new/final_weight_min,38,0.7614362835884094,1790106746.4875884
train/dvac_new/final_weight_min,39,0.775486171245575,1790107039.3413122
train/dvac_new/final_weight_min,40,0.7766170501708984,1790107604.308762
train/dvac_new/final_weight_min,41,0.7739387154579163,1790107895.865833
train/dvac_new/final_weight_min,42,0.7734025716781616,1790108190.5855486
train/dvac_new/final_weight_min,43,0.7838170528411865,1790108487.2428124
train/dvac_new/final_weight_min,44,0.782708466053009,1790108782.294195
train/dvac_new/final_weight_min,45,0.7832071185112,1790109350.1983867
train/dvac_new/final_weight_min,46,0.783283531665802,1790109642.5688753
train/dvac_new/final_weight_min,47,0.7835354804992676,1790109941.818547
train/dvac_new/final_weight_min,48,0.7826108336448669,1790110240.6187212
train/dvac_new/final_weight_min,49,0.7866281867027283,1790110537.8647907
train/dvac_new/final_weight_min,50,0.7819038033485413,1790111140.7829692
train/dvac_new/final_weight_min,51,0.7918660640716553,1790111434.7894447
train/dvac_new/final_weight_min,52,0.7900020480155945,1790111728.8370082
train/dvac_new/final_weight_min,53,0.7957288026809692,1790112023.7959065
train/dvac_new/final_weight_min,54,0.7944299578666687,1790112318.5880804
train/dvac_new/final_weight_min,55,0.7940965890884399,1790112885.3332078
train/dvac_new/final_weight_min,56,0.799793541431427,1790113176.266517
train/dvac_new/final_weight_min,57,0.7910192012786865,1790113470.846754
train/dvac_new/final_weight_min,58,0.7920622825622559,1790113765.2278497
train/dvac_new/final_weight_min,59,0.7931013703346252,1790114059.5912232
train/dvac_new/final_weight_min,60,0.7907043695449829,1790114630.715868
train/dvac_new/final_weight_min,61,0.799367368221283,1790114922.609497
train/dvac_new/final_weight_min,62,0.7946648001670837,1790115217.0690498
train/dvac_new/final_weight_min,63,0.7988552451133728,1790115510.348253
train/dvac_new/final_weight_min,64,0.7995328903198242,1790115805.3516586
train/dvac_new/final_weight_min,65,0.8042420744895935,1790116371.0294952
train/dvac_new/final_weight_min,66,0.8083140850067139,1790116663.7021856
train/dvac_new/final_weight_min,67,0.8081435561180115,1790116959.7769253
train/dvac_new/final_weight_min,68,0.8036436438560486,1790117256.967583
train/dvac_new/final_weight_min,69,0.803332507610321,1790117552.8002706
train/dvac_new/final_weight_min,70,0.8100621104240417,1790118123.6048625
train/dvac_new/final_weight_min,71,0.813381016254425,1790118416.1354594
train/dvac_new/final_weight_min,72,0.8114102482795715,1790118712.8221
train/dvac_new/final_weight_min,73,0.8103646636009216,1790119006.9691205
train/dvac_new/final_weight_min,74,0.8115043044090271,1790119301.393746
train/dvac_new/final_weight_min,75,0.8130649924278259,1790119864.6895332
train/dvac_new/final_weight_min,76,0.8175185322761536,1790120156.8697186
train/dvac_new/final_weight_min,77,0.8210480809211731,1790120450.7227278
train/dvac_new/final_weight_min,78,0.8169960379600525,1790120743.7959406
train/dvac_new/final_weight_min,79,0.8171678185462952,1790121037.4285605
train/dvac_new/final_weight_min,80,0.8214679956436157,1790121597.330459
train/dvac_new/final_weight_min,81,0.8241024613380432,1790121891.3237147
train/dvac_new/final_weight_min,82,0.8209003806114197,1790122185.5274181
train/dvac_new/final_weight_min,83,0.8280702829360962,1790122482.9487615
train/dvac_new/final_weight_min,84,0.8284471035003662,1790122776.8077137
train/dvac_new/final_weight_min,85,0.8287372589111328,1790123339.161692
train/dvac_new/final_weight_min,86,0.8331425189971924,1790123629.8369052
train/dvac_new/final_weight_min,87,0.8339433670043945,1790123924.3458173
train/dvac_new/final_weight_min,88,0.836636483669281,1790124215.2024176
train/dvac_new/final_weight_min,89,0.8391422629356384,1790124508.887319
train/dvac_new/final_weight_min,90,0.8334833383560181,1790125070.922469
train/dvac_new/final_weight_min,91,0.8397130370140076,1790125361.7963169
train/dvac_new/final_weight_min,92,0.8414760231971741,1790125652.3368218
train/dvac_new/final_weight_min,93,0.8410118222236633,1790125947.2719429
train/dvac_new/final_weight_min,94,0.8421953916549683,1790126240.6636717
train/dvac_new/final_weight_min,95,0.8460942506790161,1790126798.6790385
train/dvac_new/final_weight_min,96,0.8463390469551086,1790127092.009433
train/dvac_new/final_weight_min,97,0.8479571342468262,1790127386.2347906
train/dvac_new/final_weight_min,98,0.848811149597168,1790127680.46085
train/dvac_new/final_weight_min,99,0.8522906303405762,1790127974.9181883
train/dvac_new/final_weight_min,100,0.8524527549743652,1790128568.9032764
train/dvac_new/final_weight_min,101,0.8538869023323059,1790128860.4469264
train/dvac_new/final_weight_min,102,0.85554438829422,1790129153.1446598
train/dvac_new/final_weight_min,103,0.8560908436775208,1790129447.0759935
train/dvac_new/final_weight_min,104,0.8577570915222168,1790129741.2323735
train/dvac_new/final_weight_min,105,0.8542519807815552,1790130304.8458703
train/dvac_new/final_weight_min,106,0.8578532934188843,1790130597.4644818
train/dvac_new/final_weight_min,107,0.8589379191398621,1790130891.8094568
train/dvac_new/final_weight_min,108,0.8611053824424744,1790131185.7806008
train/dvac_new/final_weight_min,109,0.8626497387886047,1790131478.1238098
train/dvac_new/final_weight_min,110,0.8657933473587036,1790132046.9375727
train/dvac_new/final_weight_min,111,0.8635322451591492,1790132340.9197457
train/dvac_new/final_weight_min,112,0.8664743304252625,1790132635.9086018
train/dvac_new/final_weight_min,113,0.8673091530799866,1790132930.5088067
train/dvac_new/final_weight_min,114,0.8670355677604675,1790133224.394464
train/dvac_new/final_weight_min,115,0.8685923218727112,1790133790.4014974
train/dvac_new/final_weight_min,116,0.8713688254356384,1790134083.2884505
train/dvac_new/final_weight_min,117,0.8759892582893372,1790134378.7750387
train/dvac_new/final_weight_min,118,0.8748360872268677,1790134673.6086433
train/dvac_new/final_weight_min,119,0.8784002661705017,1790134966.2133424
train/dvac_new/final_weight_min,120,0.8797957301139832,1790135528.1915216
train/dvac_new/final_weight_min,121,0.8781709671020508,1790135820.1887767
train/dvac_new/final_weight_min,122,0.881294846534729,1790136117.1756504
train/dvac_new/final_weight_min,123,0.8836116790771484,1790136412.5744019
train/dvac_new/final_weight_min,124,0.884028971195221,1790136704.9791837
train/dvac_new/final_weight_min,125,0.8846679329872131,1790137270.3438675
train/dvac_new/final_weight_min,126,0.8871529698371887,1790137562.6591313
train/dvac_new/final_weight_min,127,0.887988269329071,1790137856.9561248
train/dvac_new/local_std,1,0.07286835461854935,1790093952.9670956
train/dvac_new/local_std,2,0.07119627296924591,1790094252.7403297
train/dvac_new/local_std,3,0.0708305686712265,1790094547.599224
train/dvac_new/local_std,4,0.07278259098529816,1790094841.3367145
train/dvac_new/local_std,5,0.07361902296543121,1790095406.6675706
train/dvac_new/local_std,6,0.07338107377290726,1790095700.0639808
train/dvac_new/local_std,7,0.07356210052967072,1790095995.7625482
train/dvac_new/local_std,8,0.07343079149723053,1790096287.9804554
train/dvac_new/local_std,9,0.0733676627278328,1790096585.3275957
train/dvac_new/local_std,10,0.07350783795118332,1790097154.787377
train/dvac_new/local_std,11,0.07335592061281204,1790097447.5272634
train/dvac_new/local_std,12,0.07332147657871246,1790097742.1567523
train/dvac_new/local_std,13,0.0728129893541336,1790098035.168842
train/dvac_new/local_std,14,0.0722876712679863,1790098330.3457105
train/dvac_new/local_std,15,0.07234634459018707,1790098897.660593
train/dvac_new/local_std,16,0.07202798128128052,1790099190.3878975
train/dvac_new/local_std,17,0.07154625654220581,1790099486.930852
train/dvac_new/local_std,18,0.07127746194601059,1790099780.7577043
train/dvac_new/local_std,19,0.070711649954319,1790100077.1577945
train/dvac_new/local_std,20,0.07034730166196823,1790100642.109253
train/dvac_new/local_std,21,0.06986731290817261,1790100932.7116628
train/dvac_new/local_std,22,0.06943107396364212,1790101229.3385518
train/dvac_new/local_std,23,0.06923886388540268,1790101523.6748314
train/dvac_new/local_std,24,0.06875631213188171,1790101815.8604453
train/dvac_new/local_std,25,0.06852051615715027,1790102382.6112647
train/dvac_new/local_std,26,0.06852869689464569,1790102675.0073519
train/dvac_new/local_std,27,0.06782610714435577,1790102969.9439595
train/dvac_new/local_std,28,0.06747661530971527,1790103263.862995
train/dvac_new/local_std,29,0.06708867847919464,1790103558.2216458
train/dvac_new/local_std,30,0.06669563800096512,1790104122.919741
train/dvac_new/local_std,31,0.06644009798765182,1790104413.2878792
train/dvac_new/local_std,32,0.06595057994127274,1790104710.0680652
train/dvac_new/local_std,33,0.06546545773744583,1790105005.185192
train/dvac_new/local_std,34,0.06539036333560944,1790105300.2981262
train/dvac_new/local_std,35,0.06469472497701645,1790105865.3385005
train/dvac_new/local_std,36,0.06428787857294083,1790106156.093811
train/dvac_new/local_std,37,0.06429349631071091,1790106452.1619256
train/dvac_new/local_std,38,0.06363668292760849,1790106746.487594
train/dvac_new/local_std,39,0.06327683478593826,1790107039.341318
train/dvac_new/local_std,40,0.06307166814804077,1790107604.3087692
train/dvac_new/local_std,41,0.06249737739562988,1790107895.8658385
train/dvac_new/local_std,42,0.06224663183093071,1790108190.5855548
train/dvac_new/local_std,43,0.061532147228717804,1790108487.242818
train/dvac_new/local_std,44,0.06143572926521301,1790108782.2942007
train/dvac_new/local_std,45,0.06104658171534538,1790109350.1983936
train/dvac_new/local_std,46,0.06024997681379318,1790109642.5688825
train/dvac_new/local_std,47,0.06013717129826546,1790109941.8185537
train/dvac_new/local_std,48,0.05985471233725548,1790110240.618728
train/dvac_new/local_std,49,0.05935085564851761,1790110537.8647966
train/dvac_new/local_std,50,0.059026118367910385,1790111140.7829766
train/dvac_new/local_std,51,0.05865534767508507,1790111434.7894506
train/dvac_new/local_std,52,0.05826841667294502,1790111728.8370137
train/dvac_new/local_std,53,0.05802338197827339,1790112023.7959123
train/dvac_new/local_std,54,0.05767536163330078,1790112318.5880861
train/dvac_new/local_std,55,0.05733133479952812,1790112885.333216
train/dvac_new/local_std,56,0.05699094757437706,1790113176.2665257
train/dvac_new/local_std,57,0.056563850492239,1790113470.8467598
train/dvac_new/local_std,58,0.05620256066322327,1790113765.227856
train/dvac_new/local_std,59,0.055800486356019974,1790114059.59123
train/dvac_new/local_std,60,0.055402401834726334,1790114630.7158751
train/dvac_new/local_std,61,0.05504777655005455,1790114922.6095045
train/dvac_new/local_std,62,0.05466140806674957,1790115217.0690556
train/dvac_new/local_std,63,0.05416753515601158,1790115510.3482602
train/dvac_new/local_std,64,0.05387721583247185,1790115805.351667
train/dvac_new/local_std,65,0.0535205602645874,1790116371.0295033
train/dvac_new/local_std,66,0.053194791078567505,1790116663.702191
train/dvac_new/local_std,67,0.052634723484516144,1790116959.776932
train/dvac_new/local_std,68,0.05222266912460327,1790117256.9675891
train/dvac_new/local_std,69,0.05184067040681839,1790117552.800276
train/dvac_new/local_std,70,0.051640648394823074,1790118123.6048706
train/dvac_new/local_std,71,0.05112782493233681,1790118416.135465
train/dvac_new/local_std,72,0.050592392683029175,1790118712.8221061
train/dvac_new/local_std,73,0.050369929522275925,1790119006.9691274
train/dvac_new/local_std,74,0.04981106147170067,1790119301.3937528
train/dvac_new/local_std,75,0.049656420946121216,1790119864.6895378
train/dvac_new/local_std,76,0.04909546300768852,1790120156.8697245
train/dvac_new/local_std,77,0.04863547906279564,1790120450.7227335
train/dvac_new/local_std,78,0.04834979027509689,1790120743.7959466
train/dvac_new/local_std,79,0.04801584780216217,1790121037.428566
train/dvac_new/local_std,80,0.04753364622592926,1790121597.3304672
train/dvac_new/local_std,81,0.04710313305258751,1790121891.323721
train/dvac_new/local_std,82,0.046756744384765625,1790122185.5274239
train/dvac_new/local_std,83,0.04628923907876015,1790122482.9487703
train/dvac_new/local_std,84,0.04609878361225128,1790122776.8077195
train/dvac_new/local_std,85,0.045540571212768555,1790123339.1617
train/dvac_new/local_std,86,0.045103833079338074,1790123629.8369122
train/dvac_new/local_std,87,0.04470878466963768,1790123924.3458235
train/dvac_new/local_std,88,0.04428048059344292,1790124215.2024245
train/dvac_new/local_std,89,0.04384160414338112,1790124508.8873243
train/dvac_new/local_std,90,0.04359029605984688,1790125070.9224758
train/dvac_new/local_std,91,0.04312640801072121,1790125361.7963371
train/dvac_new/local_std,92,0.042845193296670914,1790125652.3368266
train/dvac_new/local_std,93,0.04238710552453995,1790125947.2719483
train/dvac_new/local_std,94,0.042016275227069855,1790126240.6636784
train/dvac_new/local_std,95,0.041620347648859024,1790126798.67905
train/dvac_new/local_std,96,0.041293926537036896,1790127092.009439
train/dvac_new/local_std,97,0.04089933633804321,1790127386.2347965
train/dvac_new/local_std,98,0.040414415299892426,1790127680.4608555
train/dvac_new/local_std,99,0.04002659022808075,1790127974.9181943
train/dvac_new/local_std,100,0.03961313143372536,1790128568.9032822
train/dvac_new/local_std,101,0.039273250848054886,1790128860.446932
train/dvac_new/local_std,102,0.03879394754767418,1790129153.144665
train/dvac_new/local_std,103,0.0385415218770504,1790129447.0759995
train/dvac_new/local_std,104,0.03815768286585808,1790129741.232384
train/dvac_new/local_std,105,0.03772680461406708,1790130304.8458762
train/dvac_new/local_std,106,0.03719918429851532,1790130597.464489
train/dvac_new/local_std,107,0.03674978017807007,1790130891.8094614
train/dvac_new/local_std,108,0.0365401916205883,1790131185.7806065
train/dvac_new/local_std,109,0.03602849319577217,1790131478.1238172
train/dvac_new/local_std,110,0.03559316694736481,1790132046.93758
train/dvac_new/local_std,111,0.0353388711810112,1790132340.919754
train/dvac_new/local_std,112,0.03488888591527939,1790132635.908608
train/dvac_new/local_std,113,0.034512005746364594,1790132930.5088124
train/dvac_new/local_std,114,0.03419190272688866,1790133224.3944697
train/dvac_new/local_std,115,0.03368380293250084,1790133790.4015112
train/dvac_new/local_std,116,0.03327260911464691,1790134083.2884564
train/dvac_new/local_std,117,0.032915614545345306,1790134378.7750444
train/dvac_new/local_std,118,0.03251424431800842,1790134673.6086488
train/dvac_new/local_std,119,0.03220142424106598,1790134966.2133482
train/dvac_new/local_std,120,0.031817637383937836,1790135528.1915336
train/dvac_new/local_std,121,0.031284719705581665,1790135820.188783
train/dvac_new/local_std,122,0.03092988021671772,1790136117.175659
train/dvac_new/local_std,123,0.030550874769687653,1790136412.5744069
train/dvac_new/local_std,124,0.030218835920095444,1790136704.9791913
train/dvac_new/local_std,125,0.029765065759420395,1790137270.3438756
train/dvac_new/local_std,126,0.029278045520186424,1790137562.6591377
train/dvac_new/local_std,127,0.02902209758758545,1790137856.9561317
train/dvac_new/runner_round,1,1.0,1790093952.967262
train/dvac_new/runner_round,2,2.0,1790094252.740541
train/dvac_new/runner_round,3,3.0,1790094547.5996554
train/dvac_new/runner_round,4,4.0,1790094841.3369222
train/dvac_new/runner_round,5,5.0,1790095406.6675947
train/dvac_new/runner_round,6,6.0,1790095700.064155
train/dvac_new/runner_round,7,7.0,1790095995.7627506
train/dvac_new/runner_round,8,8.0,1790096287.9806626
train/dvac_new/runner_round,9,9.0,1790096585.3277948
train/dvac_new/runner_round,10,10.0,1790097154.7873857
train/dvac_new/runner_round,11,11.0,1790097447.5277846
train/dvac_new/runner_round,12,12.0,1790097742.157174
train/dvac_new/runner_round,13,13.0,1790098035.1690729
train/dvac_new/runner_round,14,14.0,1790098330.3459225
train/dvac_new/runner_round,15,15.0,1790098897.6606014
train/dvac_new/runner_round,16,16.0,1790099190.3884366
train/dvac_new/runner_round,17,17.0,1790099486.9313126
train/dvac_new/runner_round,18,18.0,1790099780.7578993
train/dvac_new/runner_round,19,19.0,1790100077.1579595
train/dvac_new/runner_round,20,20.0,1790100642.1092596
train/dvac_new/runner_round,21,21.0,1790100932.7119093
train/dvac_new/runner_round,22,22.0,1790101229.3387659
train/dvac_new/runner_round,23,23.0,1790101523.6750078
train/dvac_new/runner_round,24,24.0,1790101815.8607364
train/dvac_new/runner_round,25,25.0,1790102382.6112719
train/dvac_new/runner_round,26,26.0,1790102675.0076165
train/dvac_new/runner_round,27,27.0,1790102969.9441273
train/dvac_new/runner_round,28,28.0,1790103263.8635125
train/dvac_new/runner_round,29,29.0,1790103558.2218509
train/dvac_new/runner_round,30,30.0,1790104122.9197483
train/dvac_new/runner_round,31,31.0,1790104413.2881372
train/dvac_new/runner_round,32,32.0,1790104710.0683389
train/dvac_new/runner_round,33,33.0,1790105005.1855028
train/dvac_new/runner_round,34,34.0,1790105300.298325
train/dvac_new/runner_round,35,35.0,1790105865.3385084
train/dvac_new/runner_round,36,36.0,1790106156.0940418
train/dvac_new/runner_round,37,37.0,1790106452.1621099
train/dvac_new/runner_round,38,38.0,1790106746.4881027
train/dvac_new/runner_round,39,39.0,1790107039.3415205
train/dvac_new/runner_round,40,40.0,1790107604.3087778
train/dvac_new/runner_round,41,41.0,1790107895.8660297
train/dvac_new/runner_round,42,42.0,1790108190.5857193
train/dvac_new/runner_round,43,43.0,1790108487.2430553
train/dvac_new/runner_round,44,44.0,1790108782.2944303
train/dvac_new/runner_round,45,45.0,1790109350.1984007
train/dvac_new/runner_round,46,46.0,1790109642.5690932
train/dvac_new/runner_round,47,47.0,1790109941.81883
train/dvac_new/runner_round,48,48.0,1790110240.6190789
train/dvac_new/runner_round,49,49.0,1790110537.8650649
train/dvac_new/runner_round,50,50.0,1790111140.7829835
train/dvac_new/runner_round,51,51.0,1790111434.789952
train/dvac_new/runner_round,52,52.0,1790111728.8371964
train/dvac_new/runner_round,53,53.0,1790112023.7961905
train/dvac_new/runner_round,54,54.0,1790112318.5886457
train/dvac_new/runner_round,55,55.0,1790112885.3332248
train/dvac_new/runner_round,56,56.0,1790113176.2667332
train/dvac_new/runner_round,57,57.0,1790113470.8469908
train/dvac_new/runner_round,58,58.0,1790113765.2281578
train/dvac_new/runner_round,59,59.0,1790114059.5917332
train/dvac_new/runner_round,60,60.0,1790114630.7158823
train/dvac_new/runner_round,61,61.0,1790114922.609749
train/dvac_new/runner_round,62,62.0,1790115217.0695553
train/dvac_new/runner_round,63,63.0,1790115510.3484418
train/dvac_new/runner_round,64,64.0,1790115805.3521204
train/dvac_new/runner_round,65,65.0,1790116371.029511
train/dvac_new/runner_round,66,66.0,1790116663.7024102
train/dvac_new/runner_round,67,67.0,1790116959.7771575
train/dvac_new/runner_round,68,68.0,1790117256.9677873
train/dvac_new/runner_round,69,69.0,1790117552.8005576
train/dvac_new/runner_round,70,70.0,1790118123.6048782
train/dvac_new/runner_round,71,71.0,1790118416.1358173
train/dvac_new/runner_round,72,72.0,1790118712.822349
train/dvac_new/runner_round,73,73.0,1790119006.969423
train/dvac_new/runner_round,74,74.0,1790119301.3941195
train/dvac_new/runner_round,75,75.0,1790119864.6895423
train/dvac_new/runner_round,76,76.0,1790120156.870096
train/dvac_new/runner_round,77,77.0,1790120450.7232347
train/dvac_new/runner_round,78,78.0,1790120743.79649
train/dvac_new/runner_round,79,79.0,1790121037.428788
train/dvac_new/runner_round,80,80.0,1790121597.330475
train/dvac_new/runner_round,81,81.0,1790121891.3239176
train/dvac_new/runner_round,82,82.0,1790122185.5281096
train/dvac_new/runner_round,83,83.0,1790122482.9490151
train/dvac_new/runner_round,84,84.0,1790122776.8078983
train/dvac_new/runner_round,85,85.0,1790123339.1617074
train/dvac_new/runner_round,86,86.0,1790123629.8370612
train/dvac_new/runner_round,87,87.0,1790123924.346009
train/dvac_new/runner_round,88,88.0,1790124215.2027736
train/dvac_new/runner_round,89,89.0,1790124508.8875422
train/dvac_new/runner_round,90,90.0,1790125070.9224827
train/dvac_new/runner_round,91,91.0,1790125361.7968743
train/dvac_new/runner_round,92,92.0,1790125652.337084
train/dvac_new/runner_round,93,93.0,1790125947.2721894
train/dvac_new/runner_round,94,94.0,1790126240.664005
train/dvac_new/runner_round,95,95.0,1790126798.679061
train/dvac_new/runner_round,96,96.0,1790127092.0099366
train/dvac_new/runner_round,97,97.0,1790127386.234992
train/dvac_new/runner_round,98,98.0,1790127680.461145
train/dvac_new/runner_round,99,99.0,1790127974.918731
train/dvac_new/runner_round,100,100.0,1790128568.903288
train/dvac_new/runner_round,101,101.0,1790128860.4472167
train/dvac_new/runner_round,102,102.0,1790129153.1448576
train/dvac_new/runner_round,103,103.0,1790129447.0762734
train/dvac_new/runner_round,104,104.0,1790129741.2326417
train/dvac_new/runner_round,105,105.0,1790130304.845882
train/dvac_new/runner_round,106,106.0,1790130597.4647343
train/dvac_new/runner_round,107,107.0,1790130891.809712
train/dvac_new/runner_round,108,108.0,1790131185.780828
train/dvac_new/runner_round,109,109.0,1790131478.1243246
train/dvac_new/runner_round,110,110.0,1790132046.9375882
train/dvac_new/runner_round,111,111.0,1790132340.9199667
train/dvac_new/runner_round,112,112.0,1790132635.9087763
train/dvac_new/runner_round,113,113.0,1790132930.509018
train/dvac_new/runner_round,114,114.0,1790133224.3948467
train/dvac_new/runner_round,115,115.0,1790133790.4015234
train/dvac_new/runner_round,116,116.0,1790134083.288674
train/dvac_new/runner_round,117,117.0,1790134378.7755592
train/dvac_new/runner_round,118,118.0,1790134673.609063
train/dvac_new/runner_round,119,119.0,1790134966.213792
train/dvac_new/runner_round,120,120.0,1790135528.191545
train/dvac_new/runner_round,121,121.0,1790135820.1891139
train/dvac_new/runner_round,122,122.0,1790136117.1761894
train/dvac_new/runner_round,123,123.0,1790136412.574851
train/dvac_new/runner_round,124,124.0,1790136704.979487
train/dvac_new/runner_round,125,125.0,1790137270.3438833
train/dvac_new/runner_round,126,126.0,1790137562.6593323
train/dvac_new/runner_round,127,127.0,1790137856.9563556
train/dvac_new/total_query_count,1,1024.0,1790093952.9672687
train/dvac_new/total_query_count,2,1024.0,1790094252.7405493
train/dvac_new/total_query_count,3,1024.0,1790094547.5996642
train/dvac_new/total_query_count,4,1024.0,1790094841.3369308
train/dvac_new/total_query_count,5,1024.0,1790095406.6676192
train/dvac_new/total_query_count,6,1024.0,1790095700.06416
train/dvac_new/total_query_count,7,1024.0,1790095995.7627606
train/dvac_new/total_query_count,8,1024.0,1790096287.980668
train/dvac_new/total_query_count,9,1024.0,1790096585.3278008
train/dvac_new/total_query_count,10,1024.0,1790097154.7873933
train/dvac_new/total_query_count,11,1024.0,1790097447.5277915
train/dvac_new/total_query_count,12,1024.0,1790097742.1571822
train/dvac_new/total_query_count,13,1024.0,1790098035.169079
train/dvac_new/total_query_count,14,1024.0,1790098330.345929
train/dvac_new/total_query_count,15,1024.0,1790098897.6606088
train/dvac_new/total_query_count,16,1024.0,1790099190.3884432
train/dvac_new/total_query_count,17,1024.0,1790099486.9313192
train/dvac_new/total_query_count,18,1024.0,1790099780.757906
train/dvac_new/total_query_count,19,1024.0,1790100077.1579669
train/dvac_new/total_query_count,20,1024.0,1790100642.1092653
train/dvac_new/total_query_count,21,1024.0,1790100932.7119145
train/dvac_new/total_query_count,22,1024.0,1790101229.3387709
train/dvac_new/total_query_count,23,1024.0,1790101523.6750138
train/dvac_new/total_query_count,24,1024.0,1790101815.8607576
train/dvac_new/total_query_count,25,1024.0,1790102382.6112788
train/dvac_new/total_query_count,26,1024.0,1790102675.0076225
train/dvac_new/total_query_count,27,1024.0,1790102969.944134
train/dvac_new/total_query_count,28,1024.0,1790103263.8635194
train/dvac_new/total_query_count,29,1024.0,1790103558.2218566
train/dvac_new/total_query_count,30,1024.0,1790104122.9197562
train/dvac_new/total_query_count,31,1024.0,1790104413.2881472
train/dvac_new/total_query_count,32,1024.0,1790104710.0683455
train/dvac_new/total_query_count,33,1024.0,1790105005.185508
train/dvac_new/total_query_count,34,1024.0,1790105300.2983308
train/dvac_new/total_query_count,35,1024.0,1790105865.3385158
train/dvac_new/total_query_count,36,1024.0,1790106156.0940487
train/dvac_new/total_query_count,37,1024.0,1790106452.1621158
train/dvac_new/total_query_count,38,1024.0,1790106746.4881089
train/dvac_new/total_query_count,39,1024.0,1790107039.3415272
train/dvac_new/total_query_count,40,1024.0,1790107604.308786
train/dvac_new/total_query_count,41,1024.0,1790107895.8660362
train/dvac_new/total_query_count,42,1024.0,1790108190.5857277
train/dvac_new/total_query_count,43,1024.0,1790108487.2430618
train/dvac_new/total_query_count,44,1024.0,1790108782.294436
train/dvac_new/total_query_count,45,1024.0,1790109350.1984076
train/dvac_new/total_query_count,46,1024.0,1790109642.5691047
train/dvac_new/total_query_count,47,1024.0,1790109941.8188372
train/dvac_new/total_query_count,48,1024.0,1790110240.6190863
train/dvac_new/total_query_count,49,1024.0,1790110537.865071
train/dvac_new/total_query_count,50,1024.0,1790111140.7829902
train/dvac_new/total_query_count,51,1024.0,1790111434.7899587
train/dvac_new/total_query_count,52,1024.0,1790111728.8372025
train/dvac_new/total_query_count,53,1024.0,1790112023.7961974
train/dvac_new/total_query_count,54,1024.0,1790112318.5886517
train/dvac_new/total_query_count,55,1024.0,1790112885.3332334
train/dvac_new/total_query_count,56,1024.0,1790113176.2667418
train/dvac_new/total_query_count,57,1024.0,1790113470.846998
train/dvac_new/total_query_count,58,1024.0,1790113765.2281647
train/dvac_new/total_query_count,59,1024.0,1790114059.5917418
train/dvac_new/total_query_count,60,1024.0,1790114630.7158892
train/dvac_new/total_query_count,61,1024.0,1790114922.6097603
train/dvac_new/total_query_count,62,1024.0,1790115217.0695627
train/dvac_new/total_query_count,63,1024.0,1790115510.348447
train/dvac_new/total_query_count,64,1024.0,1790115805.3521316
train/dvac_new/total_query_count,65,1024.0,1790116371.0295184
train/dvac_new/total_query_count,66,1024.0,1790116663.7024167
train/dvac_new/total_query_count,67,1024.0,1790116959.777164
train/dvac_new/total_query_count,68,1024.0,1790117256.9677935
train/dvac_new/total_query_count,69,1024.0,1790117552.8005643
train/dvac_new/total_query_count,70,1024.0,1790118123.6048863
train/dvac_new/total_query_count,71,1024.0,1790118416.135824
train/dvac_new/total_query_count,72,1024.0,1790118712.8223555
train/dvac_new/total_query_count,73,1024.0,1790119006.9694376
train/dvac_new/total_query_count,74,1024.0,1790119301.3941267
train/dvac_new/total_query_count,75,1024.0,1790119864.6895473
train/dvac_new/total_query_count,76,1024.0,1790120156.8701026
train/dvac_new/total_query_count,77,1024.0,1790120450.7232413
train/dvac_new/total_query_count,78,1024.0,1790120743.7964962
train/dvac_new/total_query_count,79,1024.0,1790121037.4287941
train/dvac_new/total_query_count,80,1024.0,1790121597.3304827
train/dvac_new/total_query_count,81,1024.0,1790121891.3239245
train/dvac_new/total_query_count,82,1024.0,1790122185.5281658
train/dvac_new/total_query_count,83,1024.0,1790122482.9490259
train/dvac_new/total_query_count,84,1024.0,1790122776.8079045
train/dvac_new/total_query_count,85,1024.0,1790123339.1617157
train/dvac_new/total_query_count,86,1024.0,1790123629.8370688
train/dvac_new/total_query_count,87,1024.0,1790123924.3460152
train/dvac_new/total_query_count,88,1024.0,1790124215.2027805
train/dvac_new/total_query_count,89,1024.0,1790124508.887549
train/dvac_new/total_query_count,90,1024.0,1790125070.9224896
train/dvac_new/total_query_count,91,1024.0,1790125361.7968986
train/dvac_new/total_query_count,92,1024.0,1790125652.3370895
train/dvac_new/total_query_count,93,1024.0,1790125947.2721963
train/dvac_new/total_query_count,94,1024.0,1790126240.6640122
train/dvac_new/total_query_count,95,1024.0,1790126798.679072
train/dvac_new/total_query_count,96,1024.0,1790127092.0099437
train/dvac_new/total_query_count,97,1024.0,1790127386.2349982
train/dvac_new/total_query_count,98,1024.0,1790127680.4611506
train/dvac_new/total_query_count,99,1024.0,1790127974.9187376
train/dvac_new/total_query_count,100,1024.0,1790128568.9032936
train/dvac_new/total_query_count,101,1024.0,1790128860.4472232
train/dvac_new/total_query_count,102,1024.0,1790129153.144864
train/dvac_new/total_query_count,103,1024.0,1790129447.0762796
train/dvac_new/total_query_count,104,1024.0,1790129741.2326481
train/dvac_new/total_query_count,105,1024.0,1790130304.845888
train/dvac_new/total_query_count,106,1024.0,1790130597.4647405
train/dvac_new/total_query_count,107,1024.0,1790130891.8097172
train/dvac_new/total_query_count,108,1024.0,1790131185.7808347
train/dvac_new/total_query_count,109,1024.0,1790131478.1243324
train/dvac_new/total_query_count,110,1024.0,1790132046.937596
train/dvac_new/total_query_count,111,1024.0,1790132340.9199734
train/dvac_new/total_query_count,112,1024.0,1790132635.908783
train/dvac_new/total_query_count,113,1024.0,1790132930.509024
train/dvac_new/total_query_count,114,1024.0,1790133224.3948534
train/dvac_new/total_query_count,115,1024.0,1790133790.4015367
train/dvac_new/total_query_count,116,1024.0,1790134083.28868
train/dvac_new/total_query_count,117,1024.0,1790134378.7755656
train/dvac_new/total_query_count,118,1024.0,1790134673.6090693
train/dvac_new/total_query_count,119,1024.0,1790134966.213801
train/dvac_new/total_query_count,120,1024.0,1790135528.1915574
train/dvac_new/total_query_count,121,1024.0,1790135820.1891205
train/dvac_new/total_query_count,122,1024.0,1790136117.1762023
train/dvac_new/total_query_count,123,1024.0,1790136412.5748563
train/dvac_new/total_query_count,124,1024.0,1790136704.9794962
train/dvac_new/total_query_count,125,1024.0,1790137270.343891
train/dvac_new/total_query_count,126,1024.0,1790137562.6593394
train/dvac_new/total_query_count,127,1024.0,1790137856.956363
train/dvac_new/valid_action_count,1,51200.0,1790093952.9672742
train/dvac_new/valid_action_count,2,51200.0,1790094252.7405555
train/dvac_new/valid_action_count,3,51200.0,1790094547.5996726
train/dvac_new/valid_action_count,4,51200.0,1790094841.3369374
train/dvac_new/valid_action_count,5,51200.0,1790095406.667641
train/dvac_new/valid_action_count,6,51200.0,1790095700.0641644
train/dvac_new/valid_action_count,7,51200.0,1790095995.7627704
train/dvac_new/valid_action_count,8,51200.0,1790096287.9806733
train/dvac_new/valid_action_count,9,51200.0,1790096585.327807
train/dvac_new/valid_action_count,10,51200.0,1790097154.7874007
train/dvac_new/valid_action_count,11,51200.0,1790097447.527798
train/dvac_new/valid_action_count,12,51200.0,1790097742.1571898
train/dvac_new/valid_action_count,13,51200.0,1790098035.1690857
train/dvac_new/valid_action_count,14,51200.0,1790098330.3459353
train/dvac_new/valid_action_count,15,51200.0,1790098897.6606162
train/dvac_new/valid_action_count,16,51200.0,1790099190.3884487
train/dvac_new/valid_action_count,17,51200.0,1790099486.9313252
train/dvac_new/valid_action_count,18,51200.0,1790099780.7579122
train/dvac_new/valid_action_count,19,51200.0,1790100077.1579738
train/dvac_new/valid_action_count,20,51200.0,1790100642.109271
train/dvac_new/valid_action_count,21,51200.0,1790100932.7119188
train/dvac_new/valid_action_count,22,51200.0,1790101229.3387759
train/dvac_new/valid_action_count,23,51200.0,1790101523.67502
train/dvac_new/valid_action_count,24,51200.0,1790101815.860779
train/dvac_new/valid_action_count,25,51200.0,1790102382.6112857
train/dvac_new/valid_action_count,26,51200.0,1790102675.0076282
train/dvac_new/valid_action_count,27,51200.0,1790102969.944141
train/dvac_new/valid_action_count,28,51200.0,1790103263.8635256
train/dvac_new/valid_action_count,29,51200.0,1790103558.2218623
train/dvac_new/valid_action_count,30,51200.0,1790104122.919764
train/dvac_new/valid_action_count,31,51200.0,1790104413.2881558
train/dvac_new/valid_action_count,32,51200.0,1790104710.068352
train/dvac_new/valid_action_count,33,51200.0,1790105005.1855133
train/dvac_new/valid_action_count,34,51200.0,1790105300.2983367
train/dvac_new/valid_action_count,35,51200.0,1790105865.3385231
train/dvac_new/valid_action_count,36,51200.0,1790106156.094055
train/dvac_new/valid_action_count,37,51200.0,1790106452.1621225
train/dvac_new/valid_action_count,38,51200.0,1790106746.4881144
train/dvac_new/valid_action_count,39,51200.0,1790107039.3415332
train/dvac_new/valid_action_count,40,51200.0,1790107604.3087938
train/dvac_new/valid_action_count,41,51200.0,1790107895.8660424
train/dvac_new/valid_action_count,42,51200.0,1790108190.5857348
train/dvac_new/valid_action_count,43,51200.0,1790108487.2430677
train/dvac_new/valid_action_count,44,51200.0,1790108782.2944422
train/dvac_new/valid_action_count,45,51200.0,1790109350.1984146
train/dvac_new/valid_action_count,46,51200.0,1790109642.569113
train/dvac_new/valid_action_count,47,51200.0,1790109941.818844
train/dvac_new/valid_action_count,48,51200.0,1790110240.6190934
train/dvac_new/valid_action_count,49,51200.0,1790110537.8650773
train/dvac_new/valid_action_count,50,51200.0,1790111140.782997
train/dvac_new/valid_action_count,51,51200.0,1790111434.7899652
train/dvac_new/valid_action_count,52,51200.0,1790111728.8372085
train/dvac_new/valid_action_count,53,51200.0,1790112023.7962036
train/dvac_new/valid_action_count,54,51200.0,1790112318.588658
train/dvac_new/valid_action_count,55,51200.0,1790112885.3332415
train/dvac_new/valid_action_count,56,51200.0,1790113176.2667508
train/dvac_new/valid_action_count,57,51200.0,1790113470.8470042
train/dvac_new/valid_action_count,58,51200.0,1790113765.2281706
train/dvac_new/valid_action_count,59,51200.0,1790114059.5917487
train/dvac_new/valid_action_count,60,51200.0,1790114630.7158961
train/dvac_new/valid_action_count,61,51200.0,1790114922.6097703
train/dvac_new/valid_action_count,62,51200.0,1790115217.0695689
train/dvac_new/valid_action_count,63,51200.0,1790115510.348452
train/dvac_new/valid_action_count,64,51200.0,1790115805.3521414
train/dvac_new/valid_action_count,65,51200.0,1790116371.0295265
train/dvac_new/valid_action_count,66,51200.0,1790116663.7024229
train/dvac_new/valid_action_count,67,51200.0,1790116959.77717
train/dvac_new/valid_action_count,68,51200.0,1790117256.9677997
train/dvac_new/valid_action_count,69,51200.0,1790117552.8005702
train/dvac_new/valid_action_count,70,51200.0,1790118123.6048944
train/dvac_new/valid_action_count,71,51200.0,1790118416.1358306
train/dvac_new/valid_action_count,72,51200.0,1790118712.8223612
train/dvac_new/valid_action_count,73,51200.0,1790119006.9694488
train/dvac_new/valid_action_count,74,51200.0,1790119301.3941338
train/dvac_new/valid_action_count,75,51200.0,1790119864.6895518
train/dvac_new/valid_action_count,76,51200.0,1790120156.870109
train/dvac_new/valid_action_count,77,51200.0,1790120450.7232473
train/dvac_new/valid_action_count,78,51200.0,1790120743.7965026
train/dvac_new/valid_action_count,79,51200.0,1790121037.4288003
train/dvac_new/valid_action_count,80,51200.0,1790121597.3304906
train/dvac_new/valid_action_count,81,51200.0,1790121891.3239307
train/dvac_new/valid_action_count,82,51200.0,1790122185.5282006
train/dvac_new/valid_action_count,83,51200.0,1790122482.949035
train/dvac_new/valid_action_count,84,51200.0,1790122776.807911
train/dvac_new/valid_action_count,85,51200.0,1790123339.1617234
train/dvac_new/valid_action_count,86,51200.0,1790123629.8370762
train/dvac_new/valid_action_count,87,51200.0,1790123924.3460212
train/dvac_new/valid_action_count,88,51200.0,1790124215.202788
train/dvac_new/valid_action_count,89,51200.0,1790124508.8875554
train/dvac_new/valid_action_count,90,51200.0,1790125070.9224968
train/dvac_new/valid_action_count,91,51200.0,1790125361.7969193
train/dvac_new/valid_action_count,92,51200.0,1790125652.3370938
train/dvac_new/valid_action_count,93,51200.0,1790125947.2722027
train/dvac_new/valid_action_count,94,51200.0,1790126240.6640193
train/dvac_new/valid_action_count,95,51200.0,1790126798.6790829
train/dvac_new/valid_action_count,96,51200.0,1790127092.0099504
train/dvac_new/valid_action_count,97,51200.0,1790127386.235004
train/dvac_new/valid_action_count,98,51200.0,1790127680.4611568
train/dvac_new/valid_action_count,99,51200.0,1790127974.9187438
train/dvac_new/valid_action_count,100,51200.0,1790128568.9032996
train/dvac_new/valid_action_count,101,51200.0,1790128860.4472294
train/dvac_new/valid_action_count,102,51200.0,1790129153.1448708
train/dvac_new/valid_action_count,103,51200.0,1790129447.0762863
train/dvac_new/valid_action_count,104,51200.0,1790129741.232654
train/dvac_new/valid_action_count,105,51200.0,1790130304.845894
train/dvac_new/valid_action_count,106,51200.0,1790130597.4647465
train/dvac_new/valid_action_count,107,51200.0,1790130891.8097224
train/dvac_new/valid_action_count,108,51200.0,1790131185.780841
train/dvac_new/valid_action_count,109,51200.0,1790131478.1243398
train/dvac_new/valid_action_count,110,51200.0,1790132046.937604
train/dvac_new/valid_action_count,111,51200.0,1790132340.9199793
train/dvac_new/valid_action_count,112,51200.0,1790132635.9087903
train/dvac_new/valid_action_count,113,51200.0,1790132930.5090299
train/dvac_new/valid_action_count,114,51200.0,1790133224.39486
train/dvac_new/valid_action_count,115,51200.0,1790133790.4015484
train/dvac_new/valid_action_count,116,51200.0,1790134083.2886858
train/dvac_new/valid_action_count,117,51200.0,1790134378.7755723
train/dvac_new/valid_action_count,118,51200.0,1790134673.6090758
train/dvac_new/valid_action_count,119,51200.0,1790134966.21381
train/dvac_new/valid_action_count,120,51200.0,1790135528.1915689
train/dvac_new/valid_action_count,121,51200.0,1790135820.189127
train/dvac_new/valid_action_count,122,51200.0,1790136117.1762116
train/dvac_new/valid_action_count,123,51200.0,1790136412.574861
train/dvac_new/valid_action_count,124,51200.0,1790136704.9795043
train/dvac_new/valid_action_count,125,51200.0,1790137270.3438988
train/dvac_new/valid_action_count,126,51200.0,1790137562.6593459
train/dvac_new/valid_action_count,127,51200.0,1790137856.9563699
train/dvac_new/valid_element_count,1,716800.0,1790093952.96728
train/dvac_new/valid_element_count,2,716800.0,1790094252.7405617
train/dvac_new/valid_element_count,3,716800.0,1790094547.5996816
train/dvac_new/valid_element_count,4,716800.0,1790094841.3369443
train/dvac_new/valid_element_count,5,716800.0,1790095406.6676657
train/dvac_new/valid_element_count,6,716800.0,1790095700.064169
train/dvac_new/valid_element_count,7,716800.0,1790095995.7627802
train/dvac_new/valid_element_count,8,716800.0,1790096287.9806786
train/dvac_new/valid_element_count,9,716800.0,1790096585.3278134
train/dvac_new/valid_element_count,10,716800.0,1790097154.7874084
train/dvac_new/valid_element_count,11,716800.0,1790097447.5278041
train/dvac_new/valid_element_count,12,716800.0,1790097742.157197
train/dvac_new/valid_element_count,13,716800.0,1790098035.1690912
train/dvac_new/valid_element_count,14,716800.0,1790098330.3459408
train/dvac_new/valid_element_count,15,716800.0,1790098897.6606236
train/dvac_new/valid_element_count,16,716800.0,1790099190.388455
train/dvac_new/valid_element_count,17,716800.0,1790099486.9313316
train/dvac_new/valid_element_count,18,716800.0,1790099780.7579181
train/dvac_new/valid_element_count,19,716800.0,1790100077.1579807
train/dvac_new/valid_element_count,20,716800.0,1790100642.1092765
train/dvac_new/valid_element_count,21,716800.0,1790100932.7119236
train/dvac_new/valid_element_count,22,716800.0,1790101229.3387809
train/dvac_new/valid_element_count,23,716800.0,1790101523.6750264
train/dvac_new/valid_element_count,24,716800.0,1790101815.8608003
train/dvac_new/valid_element_count,25,716800.0,1790102382.6112924
train/dvac_new/valid_element_count,26,716800.0,1790102675.0076346
train/dvac_new/valid_element_count,27,716800.0,1790102969.944148
train/dvac_new/valid_element_count,28,716800.0,1790103263.8635314
train/dvac_new/valid_element_count,29,716800.0,1790103558.221868
train/dvac_new/valid_element_count,30,716800.0,1790104122.919774
train/dvac_new/valid_element_count,31,716800.0,1790104413.2881641
train/dvac_new/valid_element_count,32,716800.0,1790104710.0683584
train/dvac_new/valid_element_count,33,716800.0,1790105005.1855183
train/dvac_new/valid_element_count,34,716800.0,1790105300.2983427
train/dvac_new/valid_element_count,35,716800.0,1790105865.3385313
train/dvac_new/valid_element_count,36,716800.0,1790106156.0940616
train/dvac_new/valid_element_count,37,716800.0,1790106452.1621284
train/dvac_new/valid_element_count,38,716800.0,1790106746.4881206
train/dvac_new/valid_element_count,39,716800.0,1790107039.3415391
train/dvac_new/valid_element_count,40,716800.0,1790107604.308801
train/dvac_new/valid_element_count,41,716800.0,1790107895.8660479
train/dvac_new/valid_element_count,42,716800.0,1790108190.5857418
train/dvac_new/valid_element_count,43,716800.0,1790108487.2430737
train/dvac_new/valid_element_count,44,716800.0,1790108782.294448
train/dvac_new/valid_element_count,45,716800.0,1790109350.1984212
train/dvac_new/valid_element_count,46,716800.0,1790109642.5691211
train/dvac_new/valid_element_count,47,716800.0,1790109941.818851
train/dvac_new/valid_element_count,48,716800.0,1790110240.6191003
train/dvac_new/valid_element_count,49,716800.0,1790110537.8650835
train/dvac_new/valid_element_count,50,716800.0,1790111140.7830036
train/dvac_new/valid_element_count,51,716800.0,1790111434.7899709
train/dvac_new/valid_element_count,52,716800.0,1790111728.8372147
train/dvac_new/valid_element_count,53,716800.0,1790112023.7962096
train/dvac_new/valid_element_count,54,716800.0,1790112318.5886648
train/dvac_new/valid_element_count,55,716800.0,1790112885.3332489
train/dvac_new/valid_element_count,56,716800.0,1790113176.2667596
train/dvac_new/valid_element_count,57,716800.0,1790113470.8470101
train/dvac_new/valid_element_count,58,716800.0,1790113765.2281766
train/dvac_new/valid_element_count,59,716800.0,1790114059.5917556
train/dvac_new/valid_element_count,60,716800.0,1790114630.715903
train/dvac_new/valid_element_count,61,716800.0,1790114922.6097813
train/dvac_new/valid_element_count,62,716800.0,1790115217.0695746
train/dvac_new/valid_element_count,63,716800.0,1790115510.3484566
train/dvac_new/valid_element_count,64,716800.0,1790115805.3521502
train/dvac_new/valid_element_count,65,716800.0,1790116371.0295346
train/dvac_new/valid_element_count,66,716800.0,1790116663.7024283
train/dvac_new/valid_element_count,67,716800.0,1790116959.777176
train/dvac_new/valid_element_count,68,716800.0,1790117256.9678056
train/dvac_new/valid_element_count,69,716800.0,1790117552.800576
train/dvac_new/valid_element_count,70,716800.0,1790118123.6049027
train/dvac_new/valid_element_count,71,716800.0,1790118416.1358368
train/dvac_new/valid_element_count,72,716800.0,1790118712.8223672
train/dvac_new/valid_element_count,73,716800.0,1790119006.969459
train/dvac_new/valid_element_count,74,716800.0,1790119301.3941407
train/dvac_new/valid_element_count,75,716800.0,1790119864.689557
train/dvac_new/valid_element_count,76,716800.0,1790120156.8701155
train/dvac_new/valid_element_count,77,716800.0,1790120450.723253
train/dvac_new/valid_element_count,78,716800.0,1790120743.7965083
train/dvac_new/valid_element_count,79,716800.0,1790121037.428806
train/dvac_new/valid_element_count,80,716800.0,1790121597.3304982
train/dvac_new/valid_element_count,81,716800.0,1790121891.3239365
train/dvac_new/valid_element_count,82,716800.0,1790122185.528226
train/dvac_new/valid_element_count,83,716800.0,1790122482.949044
train/dvac_new/valid_element_count,84,716800.0,1790122776.807917
train/dvac_new/valid_element_count,85,716800.0,1790123339.1617312
train/dvac_new/valid_element_count,86,716800.0,1790123629.8370836
train/dvac_new/valid_element_count,87,716800.0,1790123924.346027
train/dvac_new/valid_element_count,88,716800.0,1790124215.202795
train/dvac_new/valid_element_count,89,716800.0,1790124508.8875616
train/dvac_new/valid_element_count,90,716800.0,1790125070.9225035
train/dvac_new/valid_element_count,91,716800.0,1790125361.7969396
train/dvac_new/valid_element_count,92,716800.0,1790125652.3370998
train/dvac_new/valid_element_count,93,716800.0,1790125947.2722085
train/dvac_new/valid_element_count,94,716800.0,1790126240.6640267
train/dvac_new/valid_element_count,95,716800.0,1790126798.6790934
train/dvac_new/valid_element_count,96,716800.0,1790127092.0099568
train/dvac_new/valid_element_count,97,716800.0,1790127386.2350094
train/dvac_new/valid_element_count,98,716800.0,1790127680.4611628
train/dvac_new/valid_element_count,99,716800.0,1790127974.9187503
train/dvac_new/valid_element_count,100,716800.0,1790128568.9033055
train/dvac_new/valid_element_count,101,716800.0,1790128860.447235
train/dvac_new/valid_element_count,102,716800.0,1790129153.1448765
train/dvac_new/valid_element_count,103,716800.0,1790129447.0762918
train/dvac_new/valid_element_count,104,716800.0,1790129741.23266
train/dvac_new/valid_element_count,105,716800.0,1790130304.8459
train/dvac_new/valid_element_count,106,716800.0,1790130597.4647527
train/dvac_new/valid_element_count,107,716800.0,1790130891.809727
train/dvac_new/valid_element_count,108,716800.0,1790131185.780847
train/dvac_new/valid_element_count,109,716800.0,1790131478.124347
train/dvac_new/valid_element_count,110,716800.0,1790132046.937612
train/dvac_new/valid_element_count,111,716800.0,1790132340.919985
train/dvac_new/valid_element_count,112,716800.0,1790132635.9087977
train/dvac_new/valid_element_count,113,716800.0,1790132930.5090358
train/dvac_new/valid_element_count,114,716800.0,1790133224.394866
train/dvac_new/valid_element_count,115,716800.0,1790133790.4015598
train/dvac_new/valid_element_count,116,716800.0,1790134083.2886918
train/dvac_new/valid_element_count,117,716800.0,1790134378.7755787
train/dvac_new/valid_element_count,118,716800.0,1790134673.6090815
train/dvac_new/valid_element_count,119,716800.0,1790134966.2138186
train/dvac_new/valid_element_count,120,716800.0,1790135528.1915822
train/dvac_new/valid_element_count,121,716800.0,1790135820.1891325
train/dvac_new/valid_element_count,122,716800.0,1790136117.17622
train/dvac_new/valid_element_count,123,716800.0,1790136412.5748677
train/dvac_new/valid_element_count,124,716800.0,1790136704.9795132
train/dvac_new/valid_element_count,125,716800.0,1790137270.3439064
train/dvac_new/valid_element_count,126,716800.0,1790137562.6593523
train/dvac_new/valid_element_count,127,716800.0,1790137856.9563773
train/dvac_new/valid_query_count,1,1024.0,1790093952.9672854
train/dvac_new/valid_query_count,2,1024.0,1790094252.7405674
train/dvac_new/valid_query_count,3,1024.0,1790094547.5996897
train/dvac_new/valid_query_count,4,1024.0,1790094841.3369513
train/dvac_new/valid_query_count,5,1024.0,1790095406.6676874
train/dvac_new/valid_query_count,6,1024.0,1790095700.0641742
train/dvac_new/valid_query_count,7,1024.0,1790095995.7627897
train/dvac_new/valid_query_count,8,1024.0,1790096287.980684
train/dvac_new/valid_query_count,9,1024.0,1790096585.3278189
train/dvac_new/valid_query_count,10,1024.0,1790097154.787416
train/dvac_new/valid_query_count,11,1024.0,1790097447.5278103
train/dvac_new/valid_query_count,12,1024.0,1790097742.1572042
train/dvac_new/valid_query_count,13,1024.0,1790098035.1690974
train/dvac_new/valid_query_count,14,1024.0,1790098330.3459466
train/dvac_new/valid_query_count,15,1024.0,1790098897.6606307
train/dvac_new/valid_query_count,16,1024.0,1790099190.388461
train/dvac_new/valid_query_count,17,1024.0,1790099486.9313378
train/dvac_new/valid_query_count,18,1024.0,1790099780.7579248
train/dvac_new/valid_query_count,19,1024.0,1790100077.1579874
train/dvac_new/valid_query_count,20,1024.0,1790100642.1092825
train/dvac_new/valid_query_count,21,1024.0,1790100932.7119284
train/dvac_new/valid_query_count,22,1024.0,1790101229.3387861
train/dvac_new/valid_query_count,23,1024.0,1790101523.6750326
train/dvac_new/valid_query_count,24,1024.0,1790101815.8608215
train/dvac_new/valid_query_count,25,1024.0,1790102382.6112988
train/dvac_new/valid_query_count,26,1024.0,1790102675.007641
train/dvac_new/valid_query_count,27,1024.0,1790102969.944154
train/dvac_new/valid_query_count,28,1024.0,1790103263.863537
train/dvac_new/valid_query_count,29,1024.0,1790103558.221874
train/dvac_new/valid_query_count,30,1024.0,1790104122.9197817
train/dvac_new/valid_query_count,31,1024.0,1790104413.2881722
train/dvac_new/valid_query_count,32,1024.0,1790104710.0683649
train/dvac_new/valid_query_count,33,1024.0,1790105005.1855228
train/dvac_new/valid_query_count,34,1024.0,1790105300.2983482
train/dvac_new/valid_query_count,35,1024.0,1790105865.3385398
train/dvac_new/valid_query_count,36,1024.0,1790106156.0940678
train/dvac_new/valid_query_count,37,1024.0,1790106452.162135
train/dvac_new/valid_query_count,38,1024.0,1790106746.4881268
train/dvac_new/valid_query_count,39,1024.0,1790107039.3415446
train/dvac_new/valid_query_count,40,1024.0,1790107604.3088086
train/dvac_new/valid_query_count,41,1024.0,1790107895.8660533
train/dvac_new/valid_query_count,42,1024.0,1790108190.5857484
train/dvac_new/valid_query_count,43,1024.0,1790108487.2430804
train/dvac_new/valid_query_count,44,1024.0,1790108782.2944539
train/dvac_new/valid_query_count,45,1024.0,1790109350.1984282
train/dvac_new/valid_query_count,46,1024.0,1790109642.5691285
train/dvac_new/valid_query_count,47,1024.0,1790109941.8188577
train/dvac_new/valid_query_count,48,1024.0,1790110240.6191072
train/dvac_new/valid_query_count,49,1024.0,1790110537.86509
train/dvac_new/valid_query_count,50,1024.0,1790111140.7830102
train/dvac_new/valid_query_count,51,1024.0,1790111434.7899766
train/dvac_new/valid_query_count,52,1024.0,1790111728.8372204
train/dvac_new/valid_query_count,53,1024.0,1790112023.7962153
train/dvac_new/valid_query_count,54,1024.0,1790112318.5886707
train/dvac_new/valid_query_count,55,1024.0,1790112885.3332567
train/dvac_new/valid_query_count,56,1024.0,1790113176.2667685
train/dvac_new/valid_query_count,57,1024.0,1790113470.8470159
train/dvac_new/valid_query_count,58,1024.0,1790113765.2281826
train/dvac_new/valid_query_count,59,1024.0,1790114059.591762
train/dvac_new/valid_query_count,60,1024.0,1790114630.71591
train/dvac_new/valid_query_count,61,1024.0,1790114922.6097903
train/dvac_new/valid_query_count,62,1024.0,1790115217.0695806
train/dvac_new/valid_query_count,63,1024.0,1790115510.3484612
train/dvac_new/valid_query_count,64,1024.0,1790115805.3521595
train/dvac_new/valid_query_count,65,1024.0,1790116371.029542
train/dvac_new/valid_query_count,66,1024.0,1790116663.7024348
train/dvac_new/valid_query_count,67,1024.0,1790116959.7771816
train/dvac_new/valid_query_count,68,1024.0,1790117256.9678113
train/dvac_new/valid_query_count,69,1024.0,1790117552.8005817
train/dvac_new/valid_query_count,70,1024.0,1790118123.6049106
train/dvac_new/valid_query_count,71,1024.0,1790118416.1358426
train/dvac_new/valid_query_count,72,1024.0,1790118712.822373
train/dvac_new/valid_query_count,73,1024.0,1790119006.9694674
train/dvac_new/valid_query_count,74,1024.0,1790119301.3941479
train/dvac_new/valid_query_count,75,1024.0,1790119864.6895618
train/dvac_new/valid_query_count,76,1024.0,1790120156.8701215
train/dvac_new/valid_query_count,77,1024.0,1790120450.7232583
train/dvac_new/valid_query_count,78,1024.0,1790120743.7965143
train/dvac_new/valid_query_count,79,1024.0,1790121037.428812
train/dvac_new/valid_query_count,80,1024.0,1790121597.3305056
train/dvac_new/valid_query_count,81,1024.0,1790121891.3239424
train/dvac_new/valid_query_count,82,1024.0,1790122185.528268
train/dvac_new/valid_query_count,83,1024.0,1790122482.9490533
train/dvac_new/valid_query_count,84,1024.0,1790122776.8079228
train/dvac_new/valid_query_count,85,1024.0,1790123339.161739
train/dvac_new/valid_query_count,86,1024.0,1790123629.8370907
train/dvac_new/valid_query_count,87,1024.0,1790123924.3460326
train/dvac_new/valid_query_count,88,1024.0,1790124215.2028022
train/dvac_new/valid_query_count,89,1024.0,1790124508.887567
train/dvac_new/valid_query_count,90,1024.0,1790125070.9225104
train/dvac_new/valid_query_count,91,1024.0,1790125361.79696
train/dvac_new/valid_query_count,92,1024.0,1790125652.3371043
train/dvac_new/valid_query_count,93,1024.0,1790125947.272214
train/dvac_new/valid_query_count,94,1024.0,1790126240.6640337
train/dvac_new/valid_query_count,95,1024.0,1790126798.679104
train/dvac_new/valid_query_count,96,1024.0,1790127092.009963
train/dvac_new/valid_query_count,97,1024.0,1790127386.2350154
train/dvac_new/valid_query_count,98,1024.0,1790127680.4611697
train/dvac_new/valid_query_count,99,1024.0,1790127974.9187558
train/dvac_new/valid_query_count,100,1024.0,1790128568.9033117
train/dvac_new/valid_query_count,101,1024.0,1790128860.4472413
train/dvac_new/valid_query_count,102,1024.0,1790129153.1448832
train/dvac_new/valid_query_count,103,1024.0,1790129447.0762975
train/dvac_new/valid_query_count,104,1024.0,1790129741.2326655
train/dvac_new/valid_query_count,105,1024.0,1790130304.8459058
train/dvac_new/valid_query_count,106,1024.0,1790130597.464759
train/dvac_new/valid_query_count,107,1024.0,1790130891.8097315
train/dvac_new/valid_query_count,108,1024.0,1790131185.7808528
train/dvac_new/valid_query_count,109,1024.0,1790131478.124354
train/dvac_new/valid_query_count,110,1024.0,1790132046.9376194
train/dvac_new/valid_query_count,111,1024.0,1790132340.9199908
train/dvac_new/valid_query_count,112,1024.0,1790132635.9088037
train/dvac_new/valid_query_count,113,1024.0,1790132930.5090415
train/dvac_new/valid_query_count,114,1024.0,1790133224.3948712
train/dvac_new/valid_query_count,115,1024.0,1790133790.4015706
train/dvac_new/valid_query_count,116,1024.0,1790134083.2886975
train/dvac_new/valid_query_count,117,1024.0,1790134378.7755847
train/dvac_new/valid_query_count,118,1024.0,1790134673.6090877
train/dvac_new/valid_query_count,119,1024.0,1790134966.213826
train/dvac_new/valid_query_count,120,1024.0,1790135528.191594
train/dvac_new/valid_query_count,121,1024.0,1790135820.1891384
train/dvac_new/valid_query_count,122,1024.0,1790136117.1762285
train/dvac_new/valid_query_count,123,1024.0,1790136412.574873
train/dvac_new/valid_query_count,124,1024.0,1790136704.9795213
train/dvac_new/valid_query_count,125,1024.0,1790137270.3439138
train/dvac_new/valid_query_count,126,1024.0,1790137562.6593583
train/dvac_new/valid_query_count,127,1024.0,1790137856.9563842
train/dvac_new/weight_max,1,1.3124622106552124,1790093952.967291
train/dvac_new/weight_max,2,1.3287768363952637,1790094252.7405732
train/dvac_new/weight_max,3,1.317775011062622,1790094547.599698
train/dvac_new/weight_max,4,1.402017593383789,1790094841.3369582
train/dvac_new/weight_max,5,1.3756543397903442,1790095406.6677082
train/dvac_new/weight_max,6,1.3767180442810059,1790095700.0641787
train/dvac_new/weight_max,7,1.3865631818771362,1790095995.7627993
train/dvac_new/weight_max,8,1.3928972482681274,1790096287.980689
train/dvac_new/weight_max,9,1.3901149034500122,1790096585.3278244
train/dvac_new/weight_max,10,1.3977099657058716,1790097154.7874238
train/dvac_new/weight_max,11,1.400750756263733,1790097447.5278156
train/dvac_new/weight_max,12,1.400868535041809,1790097742.1572113
train/dvac_new/weight_max,13,1.4068114757537842,1790098035.1691036
train/dvac_new/weight_max,14,1.4038907289505005,1790098330.3459525
train/dvac_new/weight_max,15,1.4030708074569702,1790098897.6606379
train/dvac_new/weight_max,16,1.3916581869125366,1790099190.3884673
train/dvac_new/weight_max,17,1.3910229206085205,1790099486.9313438
train/dvac_new/weight_max,18,1.3902018070220947,1790099780.7579303
train/dvac_new/weight_max,19,1.3912112712860107,1790100077.1579943
train/dvac_new/weight_max,20,1.3906242847442627,1790100642.1092887
train/dvac_new/weight_max,21,1.3807369470596313,1790100932.7119331
train/dvac_new/weight_max,22,1.3872100114822388,1790101229.3387907
train/dvac_new/weight_max,23,1.3894168138504028,1790101523.675038
train/dvac_new/weight_max,24,1.3846644163131714,1790101815.8608437
train/dvac_new/weight_max,25,1.3838096857070923,1790102382.6113055
train/dvac_new/weight_max,26,1.3798998594284058,1790102675.007647
train/dvac_new/weight_max,27,1.3830764293670654,1790102969.9441605
train/dvac_new/weight_max,28,1.3794457912445068,1790103263.8635428
train/dvac_new/weight_max,29,1.3811228275299072,1790103558.2218792
train/dvac_new/weight_max,30,1.370972752571106,1790104122.9197893
train/dvac_new/weight_max,31,1.3794997930526733,1790104413.28818
train/dvac_new/weight_max,32,1.370957374572754,1790104710.068371
train/dvac_new/weight_max,33,1.3700571060180664,1790105005.1855276
train/dvac_new/weight_max,34,1.367148518562317,1790105300.2983537
train/dvac_new/weight_max,35,1.3639241456985474,1790105865.3385477
train/dvac_new/weight_max,36,1.3512277603149414,1790106156.0940735
train/dvac_new/weight_max,37,1.3442729711532593,1790106452.1621406
train/dvac_new/weight_max,38,1.3469882011413574,1790106746.4881327
train/dvac_new/weight_max,39,1.325579047203064,1790107039.3415504
train/dvac_new/weight_max,40,1.3230952024459839,1790107604.3088157
train/dvac_new/weight_max,41,1.3291436433792114,1790107895.866059
train/dvac_new/weight_max,42,1.3253986835479736,1790108190.585755
train/dvac_new/weight_max,43,1.315420389175415,1790108487.2430868
train/dvac_new/weight_max,44,1.3172576427459717,1790108782.2944596
train/dvac_new/weight_max,45,1.3163161277770996,1790109350.198435
train/dvac_new/weight_max,46,1.3147492408752441,1790109642.5691361
train/dvac_new/weight_max,47,1.31023371219635,1790109941.8188648
train/dvac_new/weight_max,48,1.314507007598877,1790110240.6191142
train/dvac_new/weight_max,49,1.314366102218628,1790110537.8650954
train/dvac_new/weight_max,50,1.316680908203125,1790111140.7830172
train/dvac_new/weight_max,51,1.300098180770874,1790111434.7899823
train/dvac_new/weight_max,52,1.314292073249817,1790111728.8372262
train/dvac_new/weight_max,53,1.3016571998596191,1790112023.7962215
train/dvac_new/weight_max,54,1.3054718971252441,1790112318.5886774
train/dvac_new/weight_max,55,1.307163953781128,1790112885.3332653
train/dvac_new/weight_max,56,1.2900820970535278,1790113176.266777
train/dvac_new/weight_max,57,1.2938486337661743,1790113470.847022
train/dvac_new/weight_max,58,1.296144723892212,1790113765.2281888
train/dvac_new/weight_max,59,1.2852153778076172,1790114059.5917695
train/dvac_new/weight_max,60,1.2856491804122925,1790114630.7159166
train/dvac_new/weight_max,61,1.2895872592926025,1790114922.6097982
train/dvac_new/weight_max,62,1.2893184423446655,1790115217.0695865
train/dvac_new/weight_max,63,1.285634994506836,1790115510.348466
train/dvac_new/weight_max,64,1.2793394327163696,1790115805.3521686
train/dvac_new/weight_max,65,1.275762677192688,1790116371.0295491
train/dvac_new/weight_max,66,1.2733310461044312,1790116663.702441
train/dvac_new/weight_max,67,1.278475046157837,1790116959.7771878
train/dvac_new/weight_max,68,1.2794170379638672,1790117256.9678166
train/dvac_new/weight_max,69,1.2819761037826538,1790117552.8005872
train/dvac_new/weight_max,70,1.271960973739624,1790118123.6049178
train/dvac_new/weight_max,71,1.2729828357696533,1790118416.1358488
train/dvac_new/weight_max,72,1.26625394821167,1790118712.8223782
train/dvac_new/weight_max,73,1.272538423538208,1790119006.9694753
train/dvac_new/weight_max,74,1.2695584297180176,1790119301.3941548
train/dvac_new/weight_max,75,1.2675808668136597,1790119864.6895664
train/dvac_new/weight_max,76,1.2603563070297241,1790120156.8701277
train/dvac_new/weight_max,77,1.2585147619247437,1790120450.7232642
train/dvac_new/weight_max,78,1.262457251548767,1790120743.79652
train/dvac_new/weight_max,79,1.2587789297103882,1790121037.428818
train/dvac_new/weight_max,80,1.2523664236068726,1790121597.330513
train/dvac_new/weight_max,81,1.2508169412612915,1790121891.3239477
train/dvac_new/weight_max,82,1.2519818544387817,1790122185.528291
train/dvac_new/weight_max,83,1.2476683855056763,1790122482.949062
train/dvac_new/weight_max,84,1.2416452169418335,1790122776.8079288
train/dvac_new/weight_max,85,1.2431913614273071,1790123339.16175
train/dvac_new/weight_max,86,1.2432488203048706,1790123629.8370981
train/dvac_new/weight_max,87,1.2366924285888672,1790123924.3460386
train/dvac_new/weight_max,88,1.236525297164917,1790124215.2028084
train/dvac_new/weight_max,89,1.2342808246612549,1790124508.8875735
train/dvac_new/weight_max,90,1.2389209270477295,1790125070.9225173
train/dvac_new/weight_max,91,1.2326900959014893,1790125361.7969813
train/dvac_new/weight_max,92,1.2312730550765991,1790125652.3371093
train/dvac_new/weight_max,93,1.2291218042373657,1790125947.2722201
train/dvac_new/weight_max,94,1.226413369178772,1790126240.6640406
train/dvac_new/weight_max,95,1.225236415863037,1790126798.679115
train/dvac_new/weight_max,96,1.224210500717163,1790127092.009969
train/dvac_new/weight_max,97,1.222656011581421,1790127386.2350214
train/dvac_new/weight_max,98,1.2219258546829224,1790127680.4611752
train/dvac_new/weight_max,99,1.2124314308166504,1790127974.918762
train/dvac_new/weight_max,100,1.2111116647720337,1790128568.9033172
train/dvac_new/weight_max,101,1.2120698690414429,1790128860.447247
train/dvac_new/weight_max,102,1.2072824239730835,1790129153.1448894
train/dvac_new/weight_max,103,1.206699013710022,1790129447.0763032
train/dvac_new/weight_max,104,1.2013871669769287,1790129741.2326717
train/dvac_new/weight_max,105,1.2042944431304932,1790130304.8459115
train/dvac_new/weight_max,106,1.1935815811157227,1790130597.4647648
train/dvac_new/weight_max,107,1.1988139152526855,1790130891.8097365
train/dvac_new/weight_max,108,1.1932815313339233,1790131185.7808583
train/dvac_new/weight_max,109,1.1934045553207397,1790131478.1243608
train/dvac_new/weight_max,110,1.1863421201705933,1790132046.9376268
train/dvac_new/weight_max,111,1.1878414154052734,1790132340.9199965
train/dvac_new/weight_max,112,1.185961365699768,1790132635.9088097
train/dvac_new/weight_max,113,1.1831727027893066,1790132930.509047
train/dvac_new/weight_max,114,1.180992841720581,1790133224.3948772
train/dvac_new/weight_max,115,1.1830053329467773,1790133790.401582
train/dvac_new/weight_max,116,1.1765249967575073,1790134083.2887042
train/dvac_new/weight_max,117,1.1758785247802734,1790134378.7755904
train/dvac_new/weight_max,118,1.1712146997451782,1790134673.6090934
train/dvac_new/weight_max,119,1.1756609678268433,1790134966.2138321
train/dvac_new/weight_max,120,1.1689406633377075,1790135528.1916056
train/dvac_new/weight_max,121,1.170323133468628,1790135820.1891441
train/dvac_new/weight_max,122,1.1676067113876343,1790136117.1762428
train/dvac_new/weight_max,123,1.162538766860962,1790136412.5748782
train/dvac_new/weight_max,124,1.1593806743621826,1790136704.9795287
train/dvac_new/weight_max,125,1.1575244665145874,1790137270.3439214
train/dvac_new/weight_max,126,1.157454252243042,1790137562.6593647
train/dvac_new/weight_max,127,1.1549128293991089,1790137856.956391
train/dvac_new/weight_mean,1,1.0000001192092896,1790093952.9672973
train/dvac_new/weight_mean,2,1.0,1790094252.7405796
train/dvac_new/weight_mean,3,1.0000001192092896,1790094547.5997066
train/dvac_new/weight_mean,4,0.9999999403953552,1790094841.3369656
train/dvac_new/weight_mean,5,1.0000001192092896,1790095406.667731
train/dvac_new/weight_mean,6,1.0,1790095700.064183
train/dvac_new/weight_mean,7,1.0,1790095995.762809
train/dvac_new/weight_mean,8,1.0,1790096287.980694
train/dvac_new/weight_mean,9,0.9999999403953552,1790096585.32783
train/dvac_new/weight_mean,10,0.9999999403953552,1790097154.7874317
train/dvac_new/weight_mean,11,1.0,1790097447.5278213
train/dvac_new/weight_mean,12,1.0,1790097742.157219
train/dvac_new/weight_mean,13,1.0,1790098035.1691098
train/dvac_new/weight_mean,14,1.0,1790098330.345958
train/dvac_new/weight_mean,15,0.9999999403953552,1790098897.6606457
train/dvac_new/weight_mean,16,1.0,1790099190.3884733
train/dvac_new/weight_mean,17,0.9999999403953552,1790099486.9313495
train/dvac_new/weight_mean,18,0.9999999403953552,1790099780.7579374
train/dvac_new/weight_mean,19,1.0,1790100077.158001
train/dvac_new/weight_mean,20,1.0,1790100642.1092947
train/dvac_new/weight_mean,21,1.0,1790100932.7119381
train/dvac_new/weight_mean,22,1.0,1790101229.3387954
train/dvac_new/weight_mean,23,1.0,1790101523.675044
train/dvac_new/weight_mean,24,1.0,1790101815.8608634
train/dvac_new/weight_mean,25,0.9999999403953552,1790102382.6113124
train/dvac_new/weight_mean,26,1.0,1790102675.0076525
train/dvac_new/weight_mean,27,1.0,1790102969.944167
train/dvac_new/weight_mean,28,1.0,1790103263.863549
train/dvac_new/weight_mean,29,1.0,1790103558.221885
train/dvac_new/weight_mean,30,1.0,1790104122.9197967
train/dvac_new/weight_mean,31,0.9999999403953552,1790104413.2881885
train/dvac_new/weight_mean,32,1.0,1790104710.0683773
train/dvac_new/weight_mean,33,0.9999999403953552,1790105005.1855323
train/dvac_new/weight_mean,34,1.0,1790105300.2983603
train/dvac_new/weight_mean,35,1.0,1790105865.338556
train/dvac_new/weight_mean,36,0.9999999403953552,1790106156.0940797
train/dvac_new/weight_mean,37,1.0,1790106452.162147
train/dvac_new/weight_mean,38,0.9999999403953552,1790106746.4881387
train/dvac_new/weight_mean,39,1.0000001192092896,1790107039.3415556
train/dvac_new/weight_mean,40,1.0,1790107604.3088233
train/dvac_new/weight_mean,41,0.9999999403953552,1790107895.8660645
train/dvac_new/weight_mean,42,1.0,1790108190.585762
train/dvac_new/weight_mean,43,1.0,1790108487.243093
train/dvac_new/weight_mean,44,0.9999999403953552,1790108782.2944658
train/dvac_new/weight_mean,45,1.0,1790109350.1984417
train/dvac_new/weight_mean,46,1.0,1790109642.5691435
train/dvac_new/weight_mean,47,1.0000001192092896,1790109941.8188717
train/dvac_new/weight_mean,48,1.0,1790110240.619121
train/dvac_new/weight_mean,49,0.9999999403953552,1790110537.8651025
train/dvac_new/weight_mean,50,1.0000001192092896,1790111140.7830238
train/dvac_new/weight_mean,51,1.0,1790111434.789988
train/dvac_new/weight_mean,52,0.9999999403953552,1790111728.837232
train/dvac_new/weight_mean,53,1.0,1790112023.796227
train/dvac_new/weight_mean,54,1.0,1790112318.588683
train/dvac_new/weight_mean,55,1.0000001192092896,1790112885.3332734
train/dvac_new/weight_mean,56,1.0,1790113176.2667859
train/dvac_new/weight_mean,57,0.9999999403953552,1790113470.8470278
train/dvac_new/weight_mean,58,0.9999999403953552,1790113765.2281942
train/dvac_new/weight_mean,59,0.9999999403953552,1790114059.591776
train/dvac_new/weight_mean,60,1.0,1790114630.7159233
train/dvac_new/weight_mean,61,0.9999999403953552,1790114922.6098053
train/dvac_new/weight_mean,62,0.9999999403953552,1790115217.0695918
train/dvac_new/weight_mean,63,1.0,1790115510.3484707
train/dvac_new/weight_mean,64,1.0,1790115805.3521776
train/dvac_new/weight_mean,65,0.9999999403953552,1790116371.0295565
train/dvac_new/weight_mean,66,1.0,1790116663.7024467
train/dvac_new/weight_mean,67,1.0,1790116959.7771935
train/dvac_new/weight_mean,68,1.0,1790117256.967822
train/dvac_new/weight_mean,69,1.0,1790117552.800593
train/dvac_new/weight_mean,70,0.9999999403953552,1790118123.604925
train/dvac_new/weight_mean,71,1.0,1790118416.1358545
train/dvac_new/weight_mean,72,1.0,1790118712.822384
train/dvac_new/weight_mean,73,0.9999999403953552,1790119006.969483
train/dvac_new/weight_mean,74,1.0,1790119301.3941617
train/dvac_new/weight_mean,75,0.9999999403953552,1790119864.6895714
train/dvac_new/weight_mean,76,1.0000001192092896,1790120156.8701339
train/dvac_new/weight_mean,77,1.0,1790120450.72327
train/dvac_new/weight_mean,78,0.9999999403953552,1790120743.7965264
train/dvac_new/weight_mean,79,1.0,1790121037.428826
train/dvac_new/weight_mean,80,1.0,1790121597.3305185
train/dvac_new/weight_mean,81,1.0,1790121891.3239534
train/dvac_new/weight_mean,82,1.0,1790122185.5283136
train/dvac_new/weight_mean,83,0.9999998807907104,1790122482.9490712
train/dvac_new/weight_mean,84,1.0,1790122776.8079348
train/dvac_new/weight_mean,85,1.0,1790123339.1617618
train/dvac_new/weight_mean,86,0.9999999403953552,1790123629.8371055
train/dvac_new/weight_mean,87,1.0,1790123924.346044
train/dvac_new/weight_mean,88,1.0,1790124215.202815
train/dvac_new/weight_mean,89,1.0,1790124508.8875792
train/dvac_new/weight_mean,90,1.0,1790125070.922524
train/dvac_new/weight_mean,91,0.9999999403953552,1790125361.797001
train/dvac_new/weight_mean,92,1.0,1790125652.3371139
train/dvac_new/weight_mean,93,1.0,1790125947.2722259
train/dvac_new/weight_mean,94,1.0,1790126240.664047
train/dvac_new/weight_mean,95,1.0,1790126798.6791258
train/dvac_new/weight_mean,96,0.9999999403953552,1790127092.0099747
train/dvac_new/weight_mean,97,1.0,1790127386.2350268
train/dvac_new/weight_mean,98,1.0,1790127680.4611807
train/dvac_new/weight_mean,99,0.9999999403953552,1790127974.918768
train/dvac_new/weight_mean,100,1.0,1790128568.903324
train/dvac_new/weight_mean,101,1.0,1790128860.447253
train/dvac_new/weight_mean,102,0.9999999403953552,1790129153.1448953
train/dvac_new/weight_mean,103,1.0,1790129447.076309
train/dvac_new/weight_mean,104,1.0000001192092896,1790129741.2326777
train/dvac_new/weight_mean,105,0.9999998807907104,1790130304.8459175
train/dvac_new/weight_mean,106,1.0,1790130597.4647708
train/dvac_new/weight_mean,107,1.0000001192092896,1790130891.809741
train/dvac_new/weight_mean,108,1.0,1790131185.7808642
train/dvac_new/weight_mean,109,0.9999999403953552,1790131478.1243677
train/dvac_new/weight_mean,110,0.9999999403953552,1790132046.9376347
train/dvac_new/weight_mean,111,1.0,1790132340.920002
train/dvac_new/weight_mean,112,1.0,1790132635.9088156
train/dvac_new/weight_mean,113,0.9999999403953552,1790132930.5090528
train/dvac_new/weight_mean,114,1.0,1790133224.394883
train/dvac_new/weight_mean,115,0.9999999403953552,1790133790.4015925
train/dvac_new/weight_mean,116,1.0,1790134083.28871
train/dvac_new/weight_mean,117,1.0000001192092896,1790134378.7755969
train/dvac_new/weight_mean,118,0.9999999403953552,1790134673.6090991
train/dvac_new/weight_mean,119,1.0,1790134966.2138383
train/dvac_new/weight_mean,120,1.0,1790135528.1916168
train/dvac_new/weight_mean,121,0.9999999403953552,1790135820.1891506
train/dvac_new/weight_mean,122,1.0,1790136117.1762514
train/dvac_new/weight_mean,123,0.9999999403953552,1790136412.574883
train/dvac_new/weight_mean,124,1.0,1790136704.9795365
train/dvac_new/weight_mean,125,1.0000001192092896,1790137270.3439293
train/dvac_new/weight_mean,126,0.9999999403953552,1790137562.6593707
train/dvac_new/weight_mean,127,1.0,1790137856.956398
train/dvac_new/weight_min,1,0.7173898816108704,1790093952.9673033
train/dvac_new/weight_min,2,0.7429752945899963,1790094252.7405856
train/dvac_new/weight_min,3,0.7390299439430237,1790094547.5997152
train/dvac_new/weight_min,4,0.6986955404281616,1790094841.3369722
train/dvac_new/weight_min,5,0.7290490865707397,1790095406.6679447
train/dvac_new/weight_min,6,0.7235496044158936,1790095700.0641873
train/dvac_new/weight_min,7,0.7181651592254639,1790095995.7628188
train/dvac_new/weight_min,8,0.7238707542419434,1790096287.980699
train/dvac_new/weight_min,9,0.7248963713645935,1790096585.3278356
train/dvac_new/weight_min,10,0.7243191599845886,1790097154.7877321
train/dvac_new/weight_min,11,0.728365421295166,1790097447.5278273
train/dvac_new/weight_min,12,0.7094317674636841,1790097742.157226
train/dvac_new/weight_min,13,0.7149749994277954,1790098035.1691153
train/dvac_new/weight_min,14,0.7160975933074951,1790098330.345964
train/dvac_new/weight_min,15,0.7182739973068237,1790098897.6611738
train/dvac_new/weight_min,16,0.7175451517105103,1790099190.388479
train/dvac_new/weight_min,17,0.7197903990745544,1790099486.9313555
train/dvac_new/weight_min,18,0.7219457030296326,1790099780.7579434
train/dvac_new/weight_min,19,0.7250294089317322,1790100077.1580079
train/dvac_new/weight_min,20,0.7273117899894714,1790100642.1095517
train/dvac_new/weight_min,21,0.7302725315093994,1790100932.7119427
train/dvac_new/weight_min,22,0.7307484745979309,1790101229.3388002
train/dvac_new/weight_min,23,0.7344627976417542,1790101523.67505
train/dvac_new/weight_min,24,0.7346348166465759,1790101815.860884
train/dvac_new/weight_min,25,0.7367956638336182,1790102382.6114848
train/dvac_new/weight_min,26,0.7373943328857422,1790102675.0076585
train/dvac_new/weight_min,27,0.7413879632949829,1790102969.944173
train/dvac_new/weight_min,28,0.7423715591430664,1790103263.8635547
train/dvac_new/weight_min,29,0.7456096410751343,1790103558.2218904
train/dvac_new/weight_min,30,0.7461737990379333,1790104122.9199967
train/dvac_new/weight_min,31,0.7493277788162231,1790104413.2881968
train/dvac_new/weight_min,32,0.7494624853134155,1790104710.068384
train/dvac_new/weight_min,33,0.7438302040100098,1790105005.185537
train/dvac_new/weight_min,34,0.7449817657470703,1790105300.298366
train/dvac_new/weight_min,35,0.7459694743156433,1790105865.3387556
train/dvac_new/weight_min,36,0.7562493085861206,1790106156.094086
train/dvac_new/weight_min,37,0.7588289976119995,1790106452.1621532
train/dvac_new/weight_min,38,0.76055908203125,1790106746.4881444
train/dvac_new/weight_min,39,0.775486171245575,1790107039.3415618
train/dvac_new/weight_min,40,0.7766170501708984,1790107604.3090408
train/dvac_new/weight_min,41,0.7739387154579163,1790107895.8660705
train/dvac_new/weight_min,42,0.7734025716781616,1790108190.585769
train/dvac_new/weight_min,43,0.7817902565002441,1790108487.2430987
train/dvac_new/weight_min,44,0.7815819978713989,1790108782.2944717
train/dvac_new/weight_min,45,0.7832071185112,1790109350.1987264
train/dvac_new/weight_min,46,0.7819392681121826,1790109642.5691507
train/dvac_new/weight_min,47,0.7835354804992676,1790109941.8188784
train/dvac_new/weight_min,48,0.7826108336448669,1790110240.619128
train/dvac_new/weight_min,49,0.7866281867027283,1790110537.8651085
train/dvac_new/weight_min,50,0.7819038033485413,1790111140.783479
train/dvac_new/weight_min,51,0.7908708453178406,1790111434.789994
train/dvac_new/weight_min,52,0.7879169583320618,1790111728.8372378
train/dvac_new/weight_min,53,0.7957288026809692,1790112023.7962408
train/dvac_new/weight_min,54,0.793841540813446,1790112318.5886893
train/dvac_new/weight_min,55,0.7940965890884399,1790112885.333603
train/dvac_new/weight_min,56,0.7997196912765503,1790113176.2667952
train/dvac_new/weight_min,57,0.7910192012786865,1790113470.847033
train/dvac_new/weight_min,58,0.7920622825622559,1790113765.2282004
train/dvac_new/weight_min,59,0.789975643157959,1790114059.5917828
train/dvac_new/weight_min,60,0.7907043695449829,1790114630.716425
train/dvac_new/weight_min,61,0.799367368221283,1790114922.6098127
train/dvac_new/weight_min,62,0.7930875420570374,1790115217.069598
train/dvac_new/weight_min,63,0.796078622341156,1790115510.3484752
train/dvac_new/weight_min,64,0.7995328903198242,1790115805.3521867
train/dvac_new/weight_min,65,0.801094114780426,1790116371.030073
train/dvac_new/weight_min,66,0.805577278137207,1790116663.7024522
train/dvac_new/weight_min,67,0.8081435561180115,1790116959.7771993
train/dvac_new/weight_min,68,0.8036436438560486,1790117256.967828
train/dvac_new/weight_min,69,0.8018184900283813,1790117552.8005986
train/dvac_new/weight_min,70,0.8072934150695801,1790118123.6051753
train/dvac_new/weight_min,71,0.8117655515670776,1790118416.1358604
train/dvac_new/weight_min,72,0.8092591762542725,1790118712.82239
train/dvac_new/weight_min,73,0.8100219964981079,1790119006.9694903
train/dvac_new/weight_min,74,0.8103492259979248,1790119301.3941686
train/dvac_new/weight_min,75,0.8130649924278259,1790119864.689948
train/dvac_new/weight_min,76,0.8152316212654114,1790120156.8701391
train/dvac_new/weight_min,77,0.8210480809211731,1790120450.7232752
train/dvac_new/weight_min,78,0.8169097900390625,1790120743.7965324
train/dvac_new/weight_min,79,0.816681444644928,1790121037.428832
train/dvac_new/weight_min,80,0.8202046751976013,1790121597.330693
train/dvac_new/weight_min,81,0.8233367204666138,1790121891.323959
train/dvac_new/weight_min,82,0.8209003806114197,1790122185.5283346
train/dvac_new/weight_min,83,0.8265703916549683,1790122482.9490795
train/dvac_new/weight_min,84,0.8273043632507324,1790122776.8079407
train/dvac_new/weight_min,85,0.8287372589111328,1790123339.1619406
train/dvac_new/weight_min,86,0.8315983414649963,1790123629.8371124
train/dvac_new/weight_min,87,0.8328874707221985,1790123924.3460503
train/dvac_new/weight_min,88,0.8362794518470764,1790124215.2028224
train/dvac_new/weight_min,89,0.8365398645401001,1790124508.8875847
train/dvac_new/weight_min,90,0.8334833383560181,1790125070.922822
train/dvac_new/weight_min,91,0.8393774032592773,1790125361.797021
train/dvac_new/weight_min,92,0.8409325480461121,1790125652.3371186
train/dvac_new/weight_min,93,0.8410118222236633,1790125947.2722316
train/dvac_new/weight_min,94,0.8419122695922852,1790126240.664054
train/dvac_new/weight_min,95,0.8460942506790161,1790126798.679383
train/dvac_new/weight_min,96,0.8448041677474976,1790127092.0099804
train/dvac_new/weight_min,97,0.8479571342468262,1790127386.2350326
train/dvac_new/weight_min,98,0.8487890362739563,1790127680.4611866
train/dvac_new/weight_min,99,0.8522732853889465,1790127974.9187737
train/dvac_new/weight_min,100,0.8523714542388916,1790128568.9035037
train/dvac_new/weight_min,101,0.8538405299186707,1790128860.447259
train/dvac_new/weight_min,102,0.85554438829422,1790129153.1449008
train/dvac_new/weight_min,103,0.8560908436775208,1790129447.0763147
train/dvac_new/weight_min,104,0.8574501276016235,1790129741.2326834
train/dvac_new/weight_min,105,0.8542519807815552,1790130304.8462033
train/dvac_new/weight_min,106,0.8560201525688171,1790130597.464777
train/dvac_new/weight_min,107,0.858921229839325,1790130891.8097453
train/dvac_new/weight_min,108,0.8610827326774597,1790131185.78087
train/dvac_new/weight_min,109,0.8626497387886047,1790131478.1243744
train/dvac_new/weight_min,110,0.8621474504470825,1790132046.9378812
train/dvac_new/weight_min,111,0.8635322451591492,1790132340.9200084
train/dvac_new/weight_min,112,0.8626188635826111,1790132635.9088213
train/dvac_new/weight_min,113,0.8667147159576416,1790132930.5090582
train/dvac_new/weight_min,114,0.8670355677604675,1790133224.3948886
train/dvac_new/weight_min,115,0.8664917945861816,1790133790.401876
train/dvac_new/weight_min,116,0.8707937598228455,1790134083.2887158
train/dvac_new/weight_min,117,0.8743446469306946,1790134378.775603
train/dvac_new/weight_min,118,0.8748360872268677,1790134673.609105
train/dvac_new/weight_min,119,0.8784002661705017,1790134966.2138445
train/dvac_new/weight_min,120,0.8787756562232971,1790135528.191906
train/dvac_new/weight_min,121,0.8781709671020508,1790135820.1891565
train/dvac_new/weight_min,122,0.880301833152771,1790136117.1762595
train/dvac_new/weight_min,123,0.8811502456665039,1790136412.5748882
train/dvac_new/weight_min,124,0.8837741017341614,1790136704.9795446
train/dvac_new/weight_min,125,0.8846679329872131,1790137270.3441002
train/dvac_new/weight_min,126,0.8871529698371887,1790137562.6593769
train/dvac_new/weight_min,127,0.887988269329071,1790137856.956405
train/dvac_new/weight_std,1,0.15924814343452454,1790093952.9673088
train/dvac_new/weight_std,2,0.11058005690574646,1790094252.7405918
train/dvac_new/weight_std,3,0.1106162890791893,1790094547.599721
train/dvac_new/weight_std,4,0.11197853833436966,1790094841.3369794
train/dvac_new/weight_std,5,0.09839794039726257,1790095406.6679652
train/dvac_new/weight_std,6,0.09933072328567505,1790095700.0641916
train/dvac_new/weight_std,7,0.09936348348855972,1790095995.7628284
train/dvac_new/weight_std,8,0.09853874146938324,1790096287.9807043
train/dvac_new/weight_std,9,0.09719040244817734,1790096585.3278415
train/dvac_new/weight_std,10,0.09751784801483154,1790097154.787741
train/dvac_new/weight_std,11,0.09707842022180557,1790097447.527833
train/dvac_new/weight_std,12,0.0968523621559143,1790097742.1572335
train/dvac_new/weight_std,13,0.0971534252166748,1790098035.1691208
train/dvac_new/weight_std,14,0.09672553837299347,1790098330.3459697
train/dvac_new/weight_std,15,0.09695519506931305,1790098897.6611843
train/dvac_new/weight_std,16,0.09554999321699142,1790099190.388485
train/dvac_new/weight_std,17,0.09461166709661484,1790099486.9313607
train/dvac_new/weight_std,18,0.09403104335069656,1790099780.757949
train/dvac_new/weight_std,19,0.09374374151229858,1790100077.1580145
train/dvac_new/weight_std,20,0.0932098850607872,1790100642.1095574
train/dvac_new/weight_std,21,0.09218120574951172,1790100932.711947
train/dvac_new/weight_std,22,0.09147471934556961,1790101229.3388047
train/dvac_new/weight_std,23,0.09152579307556152,1790101523.675056
train/dvac_new/weight_std,24,0.0913291797041893,1790101815.860904
train/dvac_new/weight_std,25,0.0908055305480957,1790102382.611492
train/dvac_new/weight_std,26,0.09121163934469223,1790102675.0076644
train/dvac_new/weight_std,27,0.09078966081142426,1790102969.9441798
train/dvac_new/weight_std,28,0.08984626829624176,1790103263.8635607
train/dvac_new/weight_std,29,0.08951463550329208,1790103558.2218964
train/dvac_new/weight_std,30,0.08940263092517853,1790104122.9200044
train/dvac_new/weight_std,31,0.08814451843500137,1790104413.288205
train/dvac_new/weight_std,32,0.08825544267892838,1790104710.0683906
train/dvac_new/weight_std,33,0.08605435490608215,1790105005.1855416
train/dvac_new/weight_std,34,0.08583290129899979,1790105300.2983718
train/dvac_new/weight_std,35,0.0855630487203598,1790105865.3387642
train/dvac_new/weight_std,36,0.08403551578521729,1790106156.094092
train/dvac_new/weight_std,37,0.08317277580499649,1790106452.162159
train/dvac_new/weight_std,38,0.08307507634162903,1790106746.4881504
train/dvac_new/weight_std,39,0.07785128802061081,1790107039.3415675
train/dvac_new/weight_std,40,0.07768197357654572,1790107604.3090494
train/dvac_new/weight_std,41,0.07854511588811874,1790107895.8660765
train/dvac_new/weight_std,42,0.07815462350845337,1790108190.5857756
train/dvac_new/weight_std,43,0.0751785859465599,1790108487.2431047
train/dvac_new/weight_std,44,0.0762646272778511,1790108782.2944775
train/dvac_new/weight_std,45,0.07529910653829575,1790109350.1987345
train/dvac_new/weight_std,46,0.07462022453546524,1790109642.569158
train/dvac_new/weight_std,47,0.0742335394024849,1790109941.8188853
train/dvac_new/weight_std,48,0.07474606484174728,1790110240.619135
train/dvac_new/weight_std,49,0.07379735261201859,1790110537.8651145
train/dvac_new/weight_std,50,0.07525032013654709,1790111140.7834864
train/dvac_new/weight_std,51,0.07227975130081177,1790111434.7899997
train/dvac_new/weight_std,52,0.07361806184053421,1790111728.8372438
train/dvac_new/weight_std,53,0.07164608687162399,1790112023.7962515
train/dvac_new/weight_std,54,0.07195186614990234,1790112318.588695
train/dvac_new/weight_std,55,0.07170801609754562,1790112885.333612
train/dvac_new/weight_std,56,0.07012002915143967,1790113176.2668037
train/dvac_new/weight_std,57,0.06954339891672134,1790113470.847039
train/dvac_new/weight_std,58,0.0696580559015274,1790113765.2282062
train/dvac_new/weight_std,59,0.06880033016204834,1790114059.5917895
train/dvac_new/weight_std,60,0.0681430771946907,1790114630.7164338
train/dvac_new/weight_std,61,0.06821739673614502,1790114922.6098201
train/dvac_new/weight_std,62,0.06792376190423965,1790115217.0696046
train/dvac_new/weight_std,63,0.06686227023601532,1790115510.3484795
train/dvac_new/weight_std,64,0.06629275530576706,1790115805.3521953
train/dvac_new/weight_std,65,0.06659163534641266,1790116371.030081
train/dvac_new/weight_std,66,0.0655376985669136,1790116663.7024581
train/dvac_new/weight_std,67,0.06502309441566467,1790116959.7772052
train/dvac_new/weight_std,68,0.06503798067569733,1790117256.9678333
train/dvac_new/weight_std,69,0.06501595675945282,1790117552.800604
train/dvac_new/weight_std,70,0.06360133737325668,1790118123.605184
train/dvac_new/weight_std,71,0.0636628195643425,1790118416.1358662
train/dvac_new/weight_std,72,0.06341934204101562,1790118712.822395
train/dvac_new/weight_std,73,0.06323390454053879,1790119006.969498
train/dvac_new/weight_std,74,0.06239834800362587,1790119301.3941753
train/dvac_new/weight_std,75,0.06220180168747902,1790119864.6899536
train/dvac_new/weight_std,76,0.06088928133249283,1790120156.8701448
train/dvac_new/weight_std,77,0.060611236840486526,1790120450.7232807
train/dvac_new/weight_std,78,0.061944618821144104,1790120743.796538
train/dvac_new/weight_std,79,0.06079654023051262,1790121037.4288378
train/dvac_new/weight_std,80,0.059566933661699295,1790121597.3306992
train/dvac_new/weight_std,81,0.05866963416337967,1790121891.3239644
train/dvac_new/weight_std,82,0.059148553758859634,1790122185.5283573
train/dvac_new/weight_std,83,0.05793414264917374,1790122482.9490883
train/dvac_new/weight_std,84,0.057742420583963394,1790122776.8079462
train/dvac_new/weight_std,85,0.0569927878677845,1790123339.1619463
train/dvac_new/weight_std,86,0.056747473776340485,1790123629.8371189
train/dvac_new/weight_std,87,0.05570847913622856,1790123924.3460565
train/dvac_new/weight_std,88,0.05512285232543945,1790124215.2028286
train/dvac_new/weight_std,89,0.054498340934515,1790124508.8875904
train/dvac_new/weight_std,90,0.05514657869935036,1790125070.9228296
train/dvac_new/weight_std,91,0.05362037196755409,1790125361.7970407
train/dvac_new/weight_std,92,0.05358808860182762,1790125652.3371232
train/dvac_new/weight_std,93,0.05320263281464577,1790125947.2722461
train/dvac_new/weight_std,94,0.05236886069178581,1790126240.6640606
train/dvac_new/weight_std,95,0.05240955948829651,1790126798.679394
train/dvac_new/weight_std,96,0.0517493300139904,1790127092.0099869
train/dvac_new/weight_std,97,0.0513477586209774,1790127386.2350385
train/dvac_new/weight_std,98,0.05080730468034744,1790127680.4611921
train/dvac_new/weight_std,99,0.04957372322678566,1790127974.9187794
train/dvac_new/weight_std,100,0.04940171167254448,1790128568.90351
train/dvac_new/weight_std,101,0.04948504641652107,1790128860.4472644
train/dvac_new/weight_std,102,0.04882657900452614,1790129153.1449075
train/dvac_new/weight_std,103,0.04834149777889252,1790129447.0763214
train/dvac_new/weight_std,104,0.04785240814089775,1790129741.2326891
train/dvac_new/weight_std,105,0.04733001068234444,1790130304.8462095
train/dvac_new/weight_std,106,0.04638642445206642,1790130597.4647825
train/dvac_new/weight_std,107,0.04638931527733803,1790130891.8097498
train/dvac_new/weight_std,108,0.045671310275793076,1790131185.7808754
train/dvac_new/weight_std,109,0.04535394161939621,1790131478.1243815
train/dvac_new/weight_std,110,0.045401666313409805,1790132046.9378874
train/dvac_new/weight_std,111,0.04441755264997482,1790132340.9200144
train/dvac_new/weight_std,112,0.04431025683879852,1790132635.9088268
train/dvac_new/weight_std,113,0.0435507670044899,1790132930.509064
train/dvac_new/weight_std,114,0.043361712247133255,1790133224.3948944
train/dvac_new/weight_std,115,0.042433880269527435,1790133790.4018915
train/dvac_new/weight_std,116,0.041624508798122406,1790134083.2887213
train/dvac_new/weight_std,117,0.04125431180000305,1790134378.7756085
train/dvac_new/weight_std,118,0.040942657738924026,1790134673.6091113
train/dvac_new/weight_std,119,0.040710534900426865,1790134966.2138503
train/dvac_new/weight_std,120,0.03975021094083786,1790135528.1919122
train/dvac_new/weight_std,121,0.03957950323820114,1790135820.1891623
train/dvac_new/weight_std,122,0.038899634033441544,1790136117.1762679
train/dvac_new/weight_std,123,0.03870301693677902,1790136412.5748932
train/dvac_new/weight_std,124,0.03811853751540184,1790136704.979552
train/dvac_new/weight_std,125,0.03738085925579071,1790137270.3441088
train/dvac_new/weight_std,126,0.036978498101234436,1790137562.659383
train/dvac_new/weight_std,127,0.036630790680646896,1790137856.9564118
train/dvac_new/weight_sumsq,1,734980.875,1790093952.9673145
train/dvac_new/weight_sumsq,2,725565.0625,1790094252.740598
train/dvac_new/weight_sumsq,3,725571.4375,1790094547.599727
train/dvac_new/weight_sumsq,4,725789.1875,1790094841.3369865
train/dvac_new/weight_sumsq,5,723740.3125,1790095406.667987
train/dvac_new/weight_sumsq,6,723872.5,1790095700.0641963
train/dvac_new/weight_sumsq,7,723877.125,1790095995.7628381
train/dvac_new/weight_sumsq,8,723760.25,1790096287.980709
train/dvac_new/weight_sumsq,9,723571.4375,1790096585.3278475
train/dvac_new/weight_sumsq,10,723617.125,1790097154.787749
train/dvac_new/weight_sumsq,11,723557.625,1790097447.5278409
train/dvac_new/weight_sumsq,12,723524.125,1790097742.1572404
train/dvac_new/weight_sumsq,13,723566.875,1790098035.1691267
train/dvac_new/weight_sumsq,14,723506.3125,1790098330.3459759
train/dvac_new/weight_sumsq,15,723538.4375,1790098897.6611958
train/dvac_new/weight_sumsq,16,723344.5,1790099190.388491
train/dvac_new/weight_sumsq,17,723216.8125,1790099486.9313664
train/dvac_new/weight_sumsq,18,723138.1875,1790099780.757955
train/dvac_new/weight_sumsq,19,723099.6875,1790100077.1580215
train/dvac_new/weight_sumsq,20,723027.6875,1790100642.1095634
train/dvac_new/weight_sumsq,21,722891.25,1790100932.7119517
train/dvac_new/weight_sumsq,22,722798.75,1790101229.3388093
train/dvac_new/weight_sumsq,23,722804.8125,1790101523.6750615
train/dvac_new/weight_sumsq,24,722779.1875,1790101815.8609273
train/dvac_new/weight_sumsq,25,722710.6875,1790102382.6114986
train/dvac_new/weight_sumsq,26,722763.8125,1790102675.0076702
train/dvac_new/weight_sumsq,27,722708.625,1790102969.9441855
train/dvac_new/weight_sumsq,28,722586.4375,1790103263.8635662
train/dvac_new/weight_sumsq,29,722543.875,1790103558.2219021
train/dvac_new/weight_sumsq,30,722531.375,1790104122.9200122
train/dvac_new/weight_sumsq,31,722370.1875,1790104413.288213
train/dvac_new/weight_sumsq,32,722383.6875,1790104710.068397
train/dvac_new/weight_sumsq,33,722108.3125,1790105005.1855464
train/dvac_new/weight_sumsq,34,722081.25,1790105300.2983775
train/dvac_new/weight_sumsq,35,722047.9375,1790105865.338772
train/dvac_new/weight_sumsq,36,721863.0625,1790106156.0940983
train/dvac_new/weight_sumsq,37,721758.75,1790106452.162165
train/dvac_new/weight_sumsq,38,721748.1875,1790106746.488156
train/dvac_new/weight_sumsq,39,721144.6875,1790107039.3415732
train/dvac_new/weight_sumsq,40,721125.6875,1790107604.3090565
train/dvac_new/weight_sumsq,41,721225.4375,1790107895.866082
train/dvac_new/weight_sumsq,42,721180.25,1790108190.585784
train/dvac_new/weight_sumsq,43,720851.4375,1790108487.243111
train/dvac_new/weight_sumsq,44,720970.9375,1790108782.2944832
train/dvac_new/weight_sumsq,45,720866.75,1790109350.1987417
train/dvac_new/weight_sumsq,46,720792.75,1790109642.5691655
train/dvac_new/weight_sumsq,47,720751.375,1790109941.8188922
train/dvac_new/weight_sumsq,48,720807.0,1790110240.6191418
train/dvac_new/weight_sumsq,49,720705.0,1790110537.8651204
train/dvac_new/weight_sumsq,50,720863.375,1790111140.7834933
train/dvac_new/weight_sumsq,51,720545.0,1790111434.7900057
train/dvac_new/weight_sumsq,52,720688.5625,1790111728.8372498
train/dvac_new/weight_sumsq,53,720479.6875,1790112023.796258
train/dvac_new/weight_sumsq,54,720514.125,1790112318.588701
train/dvac_new/weight_sumsq,55,720488.0,1790112885.3336196
train/dvac_new/weight_sumsq,56,720324.875,1790113176.266813
train/dvac_new/weight_sumsq,57,720267.125,1790113470.8470454
train/dvac_new/weight_sumsq,58,720279.625,1790113765.2282116
train/dvac_new/weight_sumsq,59,720194.8125,1790114059.5917962
train/dvac_new/weight_sumsq,60,720129.25,1790114630.7164407
train/dvac_new/weight_sumsq,61,720139.125,1790114922.6098273
train/dvac_new/weight_sumsq,62,720107.8125,1790115217.0696106
train/dvac_new/weight_sumsq,63,720005.0,1790115510.348484
train/dvac_new/weight_sumsq,64,719951.0,1790115805.352204
train/dvac_new/weight_sumsq,65,719979.625,1790116371.0300887
train/dvac_new/weight_sumsq,66,719879.0625,1790116663.702464
train/dvac_new/weight_sumsq,67,719831.625,1790116959.7772107
train/dvac_new/weight_sumsq,68,719836.875,1790117256.9678388
train/dvac_new/weight_sumsq,69,719831.0625,1790117552.8006098
train/dvac_new/weight_sumsq,70,719700.1875,1790118123.6051922
train/dvac_new/weight_sumsq,71,719706.9375,1790118416.1358716
train/dvac_new/weight_sumsq,72,719685.5,1790118712.822401
train/dvac_new/weight_sumsq,73,719668.1875,1790119006.9695082
train/dvac_new/weight_sumsq,74,719591.6875,1790119301.3941822
train/dvac_new/weight_sumsq,75,719573.6875,1790119864.6899583
train/dvac_new/weight_sumsq,76,719458.5,1790120156.8701506
train/dvac_new/weight_sumsq,77,719434.1875,1790120450.723286
train/dvac_new/weight_sumsq,78,719551.375,1790120743.7965446
train/dvac_new/weight_sumsq,79,719450.75,1790121037.4288435
train/dvac_new/weight_sumsq,80,719343.8125,1790121597.330705
train/dvac_new/weight_sumsq,81,719268.375,1790121891.3239703
train/dvac_new/weight_sumsq,82,719308.625,1790122185.5283794
train/dvac_new/weight_sumsq,83,719206.0,1790122482.949097
train/dvac_new/weight_sumsq,84,719190.1875,1790122776.807952
train/dvac_new/weight_sumsq,85,719128.5625,1790123339.1619525
train/dvac_new/weight_sumsq,86,719109.3125,1790123629.8371258
train/dvac_new/weight_sumsq,87,719025.5625,1790123924.3460624
train/dvac_new/weight_sumsq,88,718978.3125,1790124215.2028348
train/dvac_new/weight_sumsq,89,718929.5625,1790124508.8875964
train/dvac_new/weight_sumsq,90,718980.1875,1790125070.9228363
train/dvac_new/weight_sumsq,91,718860.875,1790125361.79706
train/dvac_new/weight_sumsq,92,718858.6875,1790125652.3371282
train/dvac_new/weight_sumsq,93,718830.4375,1790125947.2722514
train/dvac_new/weight_sumsq,94,718766.375,1790126240.664067
train/dvac_new/weight_sumsq,95,718769.1875,1790126798.6794047
train/dvac_new/weight_sumsq,96,718719.875,1790127092.0099924
train/dvac_new/weight_sumsq,97,718690.375,1790127386.2350442
train/dvac_new/weight_sumsq,98,718650.75,1790127680.4611979
train/dvac_new/weight_sumsq,99,718561.6875,1790127974.9187853
train/dvac_new/weight_sumsq,100,718549.375,1790128568.9035165
train/dvac_new/weight_sumsq,101,718555.4375,1790128860.4472706
train/dvac_new/weight_sumsq,102,718508.9375,1790129153.1449137
train/dvac_new/weight_sumsq,103,718475.375,1790129447.0763268
train/dvac_new/weight_sumsq,104,718442.0,1790129741.2326965
train/dvac_new/weight_sumsq,105,718405.875,1790130304.8462155
train/dvac_new/weight_sumsq,106,718342.375,1790130597.464789
train/dvac_new/weight_sumsq,107,718343.625,1790130891.8097546
train/dvac_new/weight_sumsq,108,718295.3125,1790131185.7808812
train/dvac_new/weight_sumsq,109,718274.9375,1790131478.1243887
train/dvac_new/weight_sumsq,110,718277.9375,1790132046.9378939
train/dvac_new/weight_sumsq,111,718214.25,1790132340.9200206
train/dvac_new/weight_sumsq,112,718207.6875,1790132635.9088326
train/dvac_new/weight_sumsq,113,718159.6875,1790132930.5090697
train/dvac_new/weight_sumsq,114,718148.375,1790133224.3949
train/dvac_new/weight_sumsq,115,718090.875,1790133790.4019032
train/dvac_new/weight_sumsq,116,718042.0625,1790134083.2887273
train/dvac_new/weight_sumsq,117,718020.1875,1790134378.7756143
train/dvac_new/weight_sumsq,118,718001.9375,1790134673.6091173
train/dvac_new/weight_sumsq,119,717988.375,1790134966.213857
train/dvac_new/weight_sumsq,120,717932.75,1790135528.1919181
train/dvac_new/weight_sumsq,121,717923.5,1790135820.189168
train/dvac_new/weight_sumsq,122,717884.8125,1790136117.176276
train/dvac_new/weight_sumsq,123,717874.625,1790136412.5748985
train/dvac_new/weight_sumsq,124,717841.625,1790136704.9795606
train/dvac_new/weight_sumsq,125,717801.875,1790137270.3441167
train/dvac_new/weight_sumsq,126,717780.125,1790137562.659391
train/dvac_new/weight_sumsq,127,717762.125,1790137856.9564185
train/replay_buffer/filtered_success_episodes,1,1.0,1790093952.9674747
train/replay_buffer/filtered_success_episodes,2,2.0,1790094252.7407768
train/replay_buffer/filtered_success_episodes,3,3.0,1790094547.5998623
train/replay_buffer/filtered_success_episodes,4,3.0,1790094841.3371904
train/replay_buffer/filtered_success_episodes,5,3.0,1790095406.6680079
train/replay_buffer/filtered_success_episodes,6,3.0,1790095700.0643787
train/replay_buffer/filtered_success_episodes,7,3.0,1790095995.763041
train/replay_buffer/filtered_success_episodes,8,3.0,1790096287.9809208
train/replay_buffer/filtered_success_episodes,9,5.0,1790096585.328043
train/replay_buffer/filtered_success_episodes,10,6.0,1790097154.7877574
train/replay_buffer/filtered_success_episodes,11,7.0,1790097447.5283585
train/replay_buffer/filtered_success_episodes,12,7.0,1790097742.157558
train/replay_buffer/filtered_success_episodes,13,7.0,1790098035.1693642
train/replay_buffer/filtered_success_episodes,14,7.0,1790098330.3461845
train/replay_buffer/filtered_success_episodes,15,8.0,1790098897.6612048
train/replay_buffer/filtered_success_episodes,16,8.0,1790099190.3887372
train/replay_buffer/filtered_success_episodes,17,9.0,1790099486.9317899
train/replay_buffer/filtered_success_episodes,18,9.0,1790099780.7581487
train/replay_buffer/filtered_success_episodes,19,10.0,1790100077.1581807
train/replay_buffer/filtered_success_episodes,20,11.0,1790100642.1095695
train/replay_buffer/filtered_success_episodes,21,11.0,1790100932.7122052
train/replay_buffer/filtered_success_episodes,22,11.0,1790101229.3390155
train/replay_buffer/filtered_success_episodes,23,12.0,1790101523.6752365
train/replay_buffer/filtered_success_episodes,24,12.0,1790101815.86119
train/replay_buffer/filtered_success_episodes,25,12.0,1790102382.6115053
train/replay_buffer/filtered_success_episodes,26,13.0,1790102675.007931
train/replay_buffer/filtered_success_episodes,27,15.0,1790102969.9443498
train/replay_buffer/filtered_success_episodes,28,15.0,1790103263.8640645
train/replay_buffer/filtered_success_episodes,29,16.0,1790103558.222116
train/replay_buffer/filtered_success_episodes,30,16.0,1790104122.9200208
train/replay_buffer/filtered_success_episodes,31,18.0,1790104413.288484
train/replay_buffer/filtered_success_episodes,32,18.0,1790104710.0686557
train/replay_buffer/filtered_success_episodes,33,18.0,1790105005.1858048
train/replay_buffer/filtered_success_episodes,34,19.0,1790105300.2985785
train/replay_buffer/filtered_success_episodes,35,19.0,1790105865.3387802
train/replay_buffer/filtered_success_episodes,36,19.0,1790106156.0943255
train/replay_buffer/filtered_success_episodes,37,19.0,1790106452.1623235
train/replay_buffer/filtered_success_episodes,38,20.0,1790106746.4886754
train/replay_buffer/filtered_success_episodes,39,20.0,1790107039.3417842
train/replay_buffer/filtered_success_episodes,40,21.0,1790107604.309065
train/replay_buffer/filtered_success_episodes,41,21.0,1790107895.8662763
train/replay_buffer/filtered_success_episodes,42,22.0,1790108190.5859537
train/replay_buffer/filtered_success_episodes,43,23.0,1790108487.2432733
train/replay_buffer/filtered_success_episodes,44,23.0,1790108782.2947013
train/replay_buffer/filtered_success_episodes,45,24.0,1790109350.1987486
train/replay_buffer/filtered_success_episodes,46,24.0,1790109642.5693572
train/replay_buffer/filtered_success_episodes,47,24.0,1790109941.8190546
train/replay_buffer/filtered_success_episodes,48,25.0,1790110240.6193027
train/replay_buffer/filtered_success_episodes,49,25.0,1790110537.8653102
train/replay_buffer/filtered_success_episodes,50,25.0,1790111140.7835002
train/replay_buffer/filtered_success_episodes,51,26.0,1790111434.7905142
train/replay_buffer/filtered_success_episodes,52,27.0,1790111728.8374395
train/replay_buffer/filtered_success_episodes,53,27.0,1790112023.7965288
train/replay_buffer/filtered_success_episodes,54,28.0,1790112318.5891044
train/replay_buffer/filtered_success_episodes,55,28.0,1790112885.3336282
train/replay_buffer/filtered_success_episodes,56,28.0,1790113176.267017
train/replay_buffer/filtered_success_episodes,57,28.0,1790113470.8472857
train/replay_buffer/filtered_success_episodes,58,28.0,1790113765.2283762
train/replay_buffer/filtered_success_episodes,59,28.0,1790114059.592338
train/replay_buffer/filtered_success_episodes,60,29.0,1790114630.716448
train/replay_buffer/filtered_success_episodes,61,29.0,1790114922.609992
train/replay_buffer/filtered_success_episodes,62,30.0,1790115217.0701098
train/replay_buffer/filtered_success_episodes,63,30.0,1790115510.348644
train/replay_buffer/filtered_success_episodes,64,30.0,1790115805.3523881
train/replay_buffer/filtered_success_episodes,65,30.0,1790116371.0300963
train/replay_buffer/filtered_success_episodes,66,30.0,1790116663.7026486
train/replay_buffer/filtered_success_episodes,67,30.0,1790116959.7773845
train/replay_buffer/filtered_success_episodes,68,30.0,1790117256.9680305
train/replay_buffer/filtered_success_episodes,69,30.0,1790117552.800873
train/replay_buffer/filtered_success_episodes,70,30.0,1790118123.6052003
train/replay_buffer/filtered_success_episodes,71,30.0,1790118416.1360524
train/replay_buffer/filtered_success_episodes,72,30.0,1790118712.82265
train/replay_buffer/filtered_success_episodes,73,30.0,1790119006.969801
train/replay_buffer/filtered_success_episodes,74,30.0,1790119301.3944051
train/replay_buffer/filtered_success_episodes,75,31.0,1790119864.6899636
train/replay_buffer/filtered_success_episodes,76,31.0,1790120156.870523
train/replay_buffer/filtered_success_episodes,77,31.0,1790120450.7237837
train/replay_buffer/filtered_success_episodes,78,31.0,1790120743.79702
train/replay_buffer/filtered_success_episodes,79,31.0,1790121037.429058
train/replay_buffer/filtered_success_episodes,80,31.0,1790121597.3307111
train/replay_buffer/filtered_success_episodes,81,32.0,1790121891.3241394
train/replay_buffer/filtered_success_episodes,82,34.0,1790122185.5289392
train/replay_buffer/filtered_success_episodes,83,36.0,1790122482.9493153
train/replay_buffer/filtered_success_episodes,84,37.0,1790122776.8081353
train/replay_buffer/filtered_success_episodes,85,37.0,1790123339.161959
train/replay_buffer/filtered_success_episodes,86,37.0,1790123629.8372767
train/replay_buffer/filtered_success_episodes,87,37.0,1790123924.346242
train/replay_buffer/filtered_success_episodes,88,37.0,1790124215.2029943
train/replay_buffer/filtered_success_episodes,89,37.0,1790124508.8878152
train/replay_buffer/filtered_success_episodes,90,38.0,1790125070.9228432
train/replay_buffer/filtered_success_episodes,91,38.0,1790125361.7973628
train/replay_buffer/filtered_success_episodes,92,38.0,1790125652.337386
train/replay_buffer/filtered_success_episodes,93,39.0,1790125947.272493
train/replay_buffer/filtered_success_episodes,94,40.0,1790126240.664401
train/replay_buffer/filtered_success_episodes,95,41.0,1790126798.6794157
train/replay_buffer/filtered_success_episodes,96,41.0,1790127092.0104244
train/replay_buffer/filtered_success_episodes,97,41.0,1790127386.2352371
train/replay_buffer/filtered_success_episodes,98,41.0,1790127680.461497
train/replay_buffer/filtered_success_episodes,99,42.0,1790127974.919052
train/replay_buffer/filtered_success_episodes,100,42.0,1790128568.9035223
train/replay_buffer/filtered_success_episodes,101,42.0,1790128860.4475546
train/replay_buffer/filtered_success_episodes,102,42.0,1790129153.1450992
train/replay_buffer/filtered_success_episodes,103,43.0,1790129447.0765402
train/replay_buffer/filtered_success_episodes,104,43.0,1790129741.2328362
train/replay_buffer/filtered_success_episodes,105,44.0,1790130304.846222
train/replay_buffer/filtered_success_episodes,106,44.0,1790130597.4649606
train/replay_buffer/filtered_success_episodes,107,44.0,1790130891.8100033
train/replay_buffer/filtered_success_episodes,108,44.0,1790131185.7811096
train/replay_buffer/filtered_success_episodes,109,44.0,1790131478.1246607
train/replay_buffer/filtered_success_episodes,110,44.0,1790132046.9379
train/replay_buffer/filtered_success_episodes,111,45.0,1790132340.9202096
train/replay_buffer/filtered_success_episodes,112,47.0,1790132635.9089978
train/replay_buffer/filtered_success_episodes,113,48.0,1790132930.5092645
train/replay_buffer/filtered_success_episodes,114,49.0,1790133224.3952844
train/replay_buffer/filtered_success_episodes,115,49.0,1790133790.4019144
train/replay_buffer/filtered_success_episodes,116,49.0,1790134083.2889452
train/replay_buffer/filtered_success_episodes,117,50.0,1790134378.776122
train/replay_buffer/filtered_success_episodes,118,50.0,1790134673.6095088
train/replay_buffer/filtered_success_episodes,119,50.0,1790134966.2143102
train/replay_buffer/filtered_success_episodes,120,50.0,1790135528.1919243
train/replay_buffer/filtered_success_episodes,121,50.0,1790135820.1894996
train/replay_buffer/filtered_success_episodes,122,50.0,1790136117.1764936
train/replay_buffer/filtered_success_episodes,123,50.0,1790136412.5750613
train/replay_buffer/filtered_success_episodes,124,51.0,1790136704.9798503
train/replay_buffer/filtered_success_episodes,125,52.0,1790137270.344125
train/replay_buffer/filtered_success_episodes,126,52.0,1790137562.6595657
train/replay_buffer/filtered_success_episodes,127,53.0,1790137856.956626
train/replay_buffer/query_records,1,3.0,1790093952.9674811
train/replay_buffer/query_records,2,15.0,1790094252.7407837
train/replay_buffer/query_records,3,21.0,1790094547.599869
train/replay_buffer/query_records,4,36.0,1790094841.3371994
train/replay_buffer/query_records,5,51.0,1790095406.6680286
train/replay_buffer/query_records,6,57.0,1790095700.0643842
train/replay_buffer/query_records,7,72.0,1790095995.7630513
train/replay_buffer/query_records,8,84.0,1790096287.9809268
train/replay_buffer/query_records,9,93.0,1790096585.3280497
train/replay_buffer/query_records,10,105.0,1790097154.7877655
train/replay_buffer/query_records,11,117.0,1790097447.5283654
train/replay_buffer/query_records,12,135.0,1790097742.157566
train/replay_buffer/query_records,13,153.0,1790098035.1693707
train/replay_buffer/query_records,14,156.0,1790098330.3461907
train/replay_buffer/query_records,15,168.0,1790098897.6612132
train/replay_buffer/query_records,16,183.0,1790099190.388744
train/replay_buffer/query_records,17,192.0,1790099486.9317977
train/replay_buffer/query_records,18,204.0,1790099780.758155
train/replay_buffer/query_records,19,216.0,1790100077.1581883
train/replay_buffer/query_records,20,228.0,1790100642.109576
train/replay_buffer/query_records,21,240.0,1790100932.7122104
train/replay_buffer/query_records,22,246.0,1790101229.3390207
train/replay_buffer/query_records,23,252.0,1790101523.6752427
train/replay_buffer/query_records,24,264.0,1790101815.8612127
train/replay_buffer/query_records,25,276.0,1790102382.611512
train/replay_buffer/query_records,26,285.0,1790102675.0079372
train/replay_buffer/query_records,27,300.0,1790102969.944357
train/replay_buffer/query_records,28,318.0,1790103263.8640711
train/replay_buffer/query_records,29,336.0,1790103558.2221227
train/replay_buffer/query_records,30,348.0,1790104122.9200287
train/replay_buffer/query_records,31,360.0,1790104413.2884946
train/replay_buffer/query_records,32,369.0,1790104710.0686636
train/replay_buffer/query_records,33,387.0,1790105005.1858103
train/replay_buffer/query_records,34,405.0,1790105300.298585
train/replay_buffer/query_records,35,420.0,1790105865.338788
train/replay_buffer/query_records,36,438.0,1790106156.0943322
train/replay_buffer/query_records,37,450.0,1790106452.1623302
train/replay_buffer/query_records,38,465.0,1790106746.4886827
train/replay_buffer/query_records,39,486.0,1790107039.3417912
train/replay_buffer/query_records,40,492.0,1790107604.3090732
train/replay_buffer/query_records,41,513.0,1790107895.8662827
train/replay_buffer/query_records,42,528.0,1790108190.585963
train/replay_buffer/query_records,43,540.0,1790108487.2432802
train/replay_buffer/query_records,44,558.0,1790108782.2947085
train/replay_buffer/query_records,45,570.0,1790109350.1987557
train/replay_buffer/query_records,46,591.0,1790109642.569365
train/replay_buffer/query_records,47,603.0,1790109941.8190622
train/replay_buffer/query_records,48,624.0,1790110240.6193101
train/replay_buffer/query_records,49,639.0,1790110537.8653173
train/replay_buffer/query_records,50,657.0,1790111140.78351
train/replay_buffer/query_records,51,672.0,1790111434.7905214
train/replay_buffer/query_records,52,693.0,1790111728.8374462
train/replay_buffer/query_records,53,714.0,1790112023.7965355
train/replay_buffer/query_records,54,729.0,1790112318.5891113
train/replay_buffer/query_records,55,744.0,1790112885.3336365
train/replay_buffer/query_records,56,756.0,1790113176.267026
train/replay_buffer/query_records,57,768.0,1790113470.8472927
train/replay_buffer/query_records,58,783.0,1790113765.2283823
train/replay_buffer/query_records,59,804.0,1790114059.5923464
train/replay_buffer/query_records,60,813.0,1790114630.7164555
train/replay_buffer/query_records,61,831.0,1790114922.6100037
train/replay_buffer/query_records,62,846.0,1790115217.0701168
train/replay_buffer/query_records,63,864.0,1790115510.3486495
train/replay_buffer/query_records,64,879.0,1790115805.3524008
train/replay_buffer/query_records,65,894.0,1790116371.0301046
train/replay_buffer/query_records,66,912.0,1790116663.7026558
train/replay_buffer/query_records,67,933.0,1790116959.7773914
train/replay_buffer/query_records,68,948.0,1790117256.9680371
train/replay_buffer/query_records,69,966.0,1790117552.8008802
train/replay_buffer/query_records,70,987.0,1790118123.605209
train/replay_buffer/query_records,71,1005.0,1790118416.136059
train/replay_buffer/query_records,72,1017.0,1790118712.8226569
train/replay_buffer/query_records,73,1038.0,1790119006.969815
train/replay_buffer/query_records,74,1059.0,1790119301.3944125
train/replay_buffer/query_records,75,1074.0,1790119864.6899683
train/replay_buffer/query_records,76,1092.0,1790120156.8705297
train/replay_buffer/query_records,77,1110.0,1790120450.723791
train/replay_buffer/query_records,78,1128.0,1790120743.797027
train/replay_buffer/query_records,79,1143.0,1790121037.4290657
train/replay_buffer/query_records,80,1158.0,1790121597.3307168
train/replay_buffer/query_records,81,1170.0,1790121891.324146
train/replay_buffer/query_records,82,1185.0,1790122185.5289614
train/replay_buffer/query_records,83,1191.0,1790122482.9493246
train/replay_buffer/query_records,84,1206.0,1790122776.8081424
train/replay_buffer/query_records,85,1224.0,1790123339.1619654
train/replay_buffer/query_records,86,1242.0,1790123629.8372846
train/replay_buffer/query_records,87,1254.0,1790123924.346249
train/replay_buffer/query_records,88,1275.0,1790124215.2030027
train/replay_buffer/query_records,89,1290.0,1790124508.887822
train/replay_buffer/query_records,90,1302.0,1790125070.9228501
train/replay_buffer/query_records,91,1326.0,1790125361.797374
train/replay_buffer/query_records,92,1347.0,1790125652.3373916
train/replay_buffer/query_records,93,1362.0,1790125947.2725
train/replay_buffer/query_records,94,1377.0,1790126240.6644096
train/replay_buffer/query_records,95,1392.0,1790126798.6794271
train/replay_buffer/query_records,96,1410.0,1790127092.0104308
train/replay_buffer/query_records,97,1428.0,1790127386.2352445
train/replay_buffer/query_records,98,1446.0,1790127680.461504
train/replay_buffer/query_records,99,1461.0,1790127974.9190588
train/replay_buffer/query_records,100,1476.0,1790128568.903529
train/replay_buffer/query_records,101,1491.0,1790128860.4475615
train/replay_buffer/query_records,102,1515.0,1790129153.145106
train/replay_buffer/query_records,103,1527.0,1790129447.0765462
train/replay_buffer/query_records,104,1548.0,1790129741.2328422
train/replay_buffer/query_records,105,1569.0,1790130304.8462288
train/replay_buffer/query_records,106,1581.0,1790130597.4649668
train/replay_buffer/query_records,107,1596.0,1790130891.8100088
train/replay_buffer/query_records,108,1611.0,1790131185.7811167
train/replay_buffer/query_records,109,1629.0,1790131478.1246684
train/replay_buffer/query_records,110,1641.0,1790132046.9379067
train/replay_buffer/query_records,111,1650.0,1790132340.920216
train/replay_buffer/query_records,112,1668.0,1790132635.9090044
train/replay_buffer/query_records,113,1683.0,1790132930.5092714
train/replay_buffer/query_records,114,1695.0,1790133224.3952913
train/replay_buffer/query_records,115,1716.0,1790133790.4019253
train/replay_buffer/query_records,116,1731.0,1790134083.288952
train/replay_buffer/query_records,117,1746.0,1790134378.7761285
train/replay_buffer/query_records,118,1764.0,1790134673.6095154
train/replay_buffer/query_records,119,1782.0,1790134966.2143168
train/replay_buffer/query_records,120,1791.0,1790135528.1919303
train/replay_buffer/query_records,121,1806.0,1790135820.1895092
train/replay_buffer/query_records,122,1821.0,1790136117.1765049
train/replay_buffer/query_records,123,1833.0,1790136412.5750663
train/replay_buffer/query_records,124,1848.0,1790136704.97986
train/replay_buffer/query_records,125,1869.0,1790137270.3441343
train/replay_buffer/query_records,126,1890.0,1790137562.6595724
train/replay_buffer/query_records,127,1911.0,1790137856.9566336
train/replay_buffer/success_episodes,1,1.0,1790093952.9674873
train/replay_buffer/success_episodes,2,5.0,1790094252.7407897
train/replay_buffer/success_episodes,3,7.0,1790094547.599875
train/replay_buffer/success_episodes,4,12.0,1790094841.3372066
train/replay_buffer/success_episodes,5,17.0,1790095406.6680489
train/replay_buffer/success_episodes,6,19.0,1790095700.0643895
train/replay_buffer/success_episodes,7,24.0,1790095995.7630608
train/replay_buffer/success_episodes,8,28.0,1790096287.9809318
train/replay_buffer/success_episodes,9,31.0,1790096585.3280556
train/replay_buffer/success_episodes,10,35.0,1790097154.7877731
train/replay_buffer/success_episodes,11,39.0,1790097447.5283716
train/replay_buffer/success_episodes,12,45.0,1790097742.1575732
train/replay_buffer/success_episodes,13,51.0,1790098035.1693769
train/replay_buffer/success_episodes,14,52.0,1790098330.3461964
train/replay_buffer/success_episodes,15,56.0,1790098897.661222
train/replay_buffer/success_episodes,16,61.0,1790099190.388751
train/replay_buffer/success_episodes,17,64.0,1790099486.9318042
train/replay_buffer/success_episodes,18,68.0,1790099780.758161
train/replay_buffer/success_episodes,19,72.0,1790100077.1581953
train/replay_buffer/success_episodes,20,76.0,1790100642.1095822
train/replay_buffer/success_episodes,21,80.0,1790100932.7122152
train/replay_buffer/success_episodes,22,82.0,1790101229.339026
train/replay_buffer/success_episodes,23,84.0,1790101523.6752496
train/replay_buffer/success_episodes,24,88.0,1790101815.8612323
train/replay_buffer/success_episodes,25,92.0,1790102382.6115186
train/replay_buffer/success_episodes,26,95.0,1790102675.007943
train/replay_buffer/success_episodes,27,100.0,1790102969.944363
train/replay_buffer/success_episodes,28,106.0,1790103263.8640769
train/replay_buffer/success_episodes,29,112.0,1790103558.2221286
train/replay_buffer/success_episodes,30,116.0,1790104122.9200366
train/replay_buffer/success_episodes,31,120.0,1790104413.2885034
train/replay_buffer/success_episodes,32,123.0,1790104710.06867
train/replay_buffer/success_episodes,33,129.0,1790105005.1858153
train/replay_buffer/success_episodes,34,135.0,1790105300.2985907
train/replay_buffer/success_episodes,35,140.0,1790105865.3387961
train/replay_buffer/success_episodes,36,146.0,1790106156.0943387
train/replay_buffer/success_episodes,37,150.0,1790106452.1623366
train/replay_buffer/success_episodes,38,155.0,1790106746.4886887
train/replay_buffer/success_episodes,39,162.0,1790107039.3417969
train/replay_buffer/success_episodes,40,164.0,1790107604.3090806
train/replay_buffer/success_episodes,41,171.0,1790107895.8662887
train/replay_buffer/success_episodes,42,176.0,1790108190.5859697
train/replay_buffer/success_episodes,43,180.0,1790108487.2432868
train/replay_buffer/success_episodes,44,186.0,1790108782.2947145
train/replay_buffer/success_episodes,45,190.0,1790109350.1987627
train/replay_buffer/success_episodes,46,197.0,1790109642.5693724
train/replay_buffer/success_episodes,47,201.0,1790109941.8190691
train/replay_buffer/success_episodes,48,208.0,1790110240.6193173
train/replay_buffer/success_episodes,49,213.0,1790110537.8653235
train/replay_buffer/success_episodes,50,219.0,1790111140.7835197
train/replay_buffer/success_episodes,51,224.0,1790111434.7905278
train/replay_buffer/success_episodes,52,231.0,1790111728.837452
train/replay_buffer/success_episodes,53,238.0,1790112023.7965417
train/replay_buffer/success_episodes,54,243.0,1790112318.5891173
train/replay_buffer/success_episodes,55,248.0,1790112885.3336446
train/replay_buffer/success_episodes,56,252.0,1790113176.2670348
train/replay_buffer/success_episodes,57,256.0,1790113470.8472986
train/replay_buffer/success_episodes,58,261.0,1790113765.2283883
train/replay_buffer/success_episodes,59,268.0,1790114059.5923533
train/replay_buffer/success_episodes,60,271.0,1790114630.7164621
train/replay_buffer/success_episodes,61,277.0,1790114922.6100128
train/replay_buffer/success_episodes,62,282.0,1790115217.0701234
train/replay_buffer/success_episodes,63,288.0,1790115510.3486543
train/replay_buffer/success_episodes,64,293.0,1790115805.3524106
train/replay_buffer/success_episodes,65,298.0,1790116371.030112
train/replay_buffer/success_episodes,66,304.0,1790116663.7026634
train/replay_buffer/success_episodes,67,311.0,1790116959.7773974
train/replay_buffer/success_episodes,68,316.0,1790117256.9680433
train/replay_buffer/success_episodes,69,322.0,1790117552.800886
train/replay_buffer/success_episodes,70,329.0,1790118123.605217
train/replay_buffer/success_episodes,71,335.0,1790118416.1360652
train/replay_buffer/success_episodes,72,339.0,1790118712.822663
train/replay_buffer/success_episodes,73,346.0,1790119006.969825
train/replay_buffer/success_episodes,74,353.0,1790119301.3944192
train/replay_buffer/success_episodes,75,358.0,1790119864.6899729
train/replay_buffer/success_episodes,76,364.0,1790120156.8705359
train/replay_buffer/success_episodes,77,370.0,1790120450.7237964
train/replay_buffer/success_episodes,78,376.0,1790120743.7970333
train/replay_buffer/success_episodes,79,381.0,1790121037.4290721
train/replay_buffer/success_episodes,80,386.0,1790121597.3307228
train/replay_buffer/success_episodes,81,390.0,1790121891.3241522
train/replay_buffer/success_episodes,82,395.0,1790122185.5289812
train/replay_buffer/success_episodes,83,397.0,1790122482.9493334
train/replay_buffer/success_episodes,84,402.0,1790122776.8081477
train/replay_buffer/success_episodes,85,408.0,1790123339.161971
train/replay_buffer/success_episodes,86,414.0,1790123629.8372917
train/replay_buffer/success_episodes,87,418.0,1790123924.346255
train/replay_buffer/success_episodes,88,425.0,1790124215.2030082
train/replay_buffer/success_episodes,89,430.0,1790124508.8878276
train/replay_buffer/success_episodes,90,434.0,1790125070.922857
train/replay_buffer/success_episodes,91,442.0,1790125361.7973855
train/replay_buffer/success_episodes,92,449.0,1790125652.3373964
train/replay_buffer/success_episodes,93,454.0,1790125947.2725065
train/replay_buffer/success_episodes,94,459.0,1790126240.6644168
train/replay_buffer/success_episodes,95,464.0,1790126798.6794386
train/replay_buffer/success_episodes,96,470.0,1790127092.010437
train/replay_buffer/success_episodes,97,476.0,1790127386.2352524
train/replay_buffer/success_episodes,98,482.0,1790127680.4615102
train/replay_buffer/success_episodes,99,487.0,1790127974.9190652
train/replay_buffer/success_episodes,100,492.0,1790128568.9035351
train/replay_buffer/success_episodes,101,497.0,1790128860.4475677
train/replay_buffer/success_episodes,102,505.0,1790129153.1451132
train/replay_buffer/success_episodes,103,509.0,1790129447.076552
train/replay_buffer/success_episodes,104,516.0,1790129741.232848
train/replay_buffer/success_episodes,105,523.0,1790130304.8462346
train/replay_buffer/success_episodes,106,527.0,1790130597.464973
train/replay_buffer/success_episodes,107,532.0,1790130891.8100135
train/replay_buffer/success_episodes,108,537.0,1790131185.7811222
train/replay_buffer/success_episodes,109,543.0,1790131478.1246758
train/replay_buffer/success_episodes,110,547.0,1790132046.9379122
train/replay_buffer/success_episodes,111,550.0,1790132340.9202223
train/replay_buffer/success_episodes,112,556.0,1790132635.9090104
train/replay_buffer/success_episodes,113,561.0,1790132930.5092769
train/replay_buffer/success_episodes,114,565.0,1790133224.3952975
train/replay_buffer/success_episodes,115,572.0,1790133790.401936
train/replay_buffer/success_episodes,116,577.0,1790134083.2889578
train/replay_buffer/success_episodes,117,582.0,1790134378.7761345
train/replay_buffer/success_episodes,118,588.0,1790134673.6095216
train/replay_buffer/success_episodes,119,594.0,1790134966.214323
train/replay_buffer/success_episodes,120,597.0,1790135528.191936
train/replay_buffer/success_episodes,121,602.0,1790135820.1895173
train/replay_buffer/success_episodes,122,607.0,1790136117.176514
train/replay_buffer/success_episodes,123,611.0,1790136412.5750718
train/replay_buffer/success_episodes,124,616.0,1790136704.979868
train/replay_buffer/success_episodes,125,623.0,1790137270.3441422
train/replay_buffer/success_episodes,126,630.0,1790137562.6595786
train/replay_buffer/success_episodes,127,637.0,1790137856.9566407
eval/return,5,0.375,1790095406.6515396
eval/return,10,0.4375,1790097154.76854
eval/return,15,0.53125,1790098897.6445854
eval/return,20,0.53125,1790100642.099801
eval/return,25,0.53125,1790102382.5989385
eval/return,30,0.5,1790104122.9073482
eval/return,35,0.625,1790105865.3258128
eval/return,40,0.59375,1790107604.296764
eval/return,45,0.6875,1790109350.172609
eval/return,50,0.6875,1790111116.1085715
eval/return,55,0.625,1790112885.3203106
eval/return,60,0.71875,1790114630.7007146
eval/return,65,0.65625,1790116371.015358
eval/return,70,0.65625,1790118123.5936878
eval/return,75,0.6875,1790119864.6758006
eval/return,80,0.59375,1790121597.3151412
eval/return,85,0.59375,1790123339.1467683
eval/return,90,0.65625,1790125070.9085429
eval/return,95,0.59375,1790126798.663516
eval/return,100,0.6875,1790128542.9994082
eval/return,105,0.65625,1790130304.8306856
eval/return,110,0.6875,1790132046.923782
eval/return,115,0.6875,1790133790.387322
eval/return,120,0.65625,1790135528.1738522
eval/return,125,0.625,1790137270.3312714
eval/episode_len,5,200.0,1790095406.6516979
eval/episode_len,10,200.0,1790097154.7686274
eval/episode_len,15,200.0,1790098897.644726
eval/episode_len,20,200.0,1790100642.099854
eval/episode_len,25,200.0,1790102382.5990217
eval/episode_len,30,200.0,1790104122.9074621
eval/episode_len,35,200.0,1790105865.325921
eval/episode_len,40,200.0,1790107604.2969081
eval/episode_len,45,200.0,1790109350.1726649
eval/episode_len,50,200.0,1790111116.1086934
eval/episode_len,55,200.0,1790112885.3204415
eval/episode_len,60,200.0,1790114630.700775
eval/episode_len,65,200.0,1790116371.0154803
eval/episode_len,70,200.0,1790118123.593753
eval/episode_len,75,200.0,1790119864.6758454
eval/episode_len,80,200.0,1790121597.315168
eval/episode_len,85,200.0,1790123339.146909
eval/episode_len,90,200.0,1790125070.9086034
eval/episode_len,95,200.0,1790126798.6636572
eval/episode_len,100,200.0,1790128542.999465
eval/episode_len,105,200.0,1790130304.8308253
eval/episode_len,110,200.0,1790132046.9239147
eval/episode_len,115,200.0,1790133790.3874745
eval/episode_len,120,200.0,1790135528.1739902
eval/episode_len,125,200.0,1790137270.33141
eval/success_once,5,0.375,1790095406.6517286
eval/success_once,10,0.4375,1790097154.7686462
eval/success_once,15,0.53125,1790098897.6447554
eval/success_once,20,0.53125,1790100642.0998633
eval/success_once,25,0.53125,1790102382.599031
eval/success_once,30,0.5,1790104122.907487
eval/success_once,35,0.625,1790105865.3259351
eval/success_once,40,0.59375,1790107604.2969394
eval/success_once,45,0.6875,1790109350.172675
eval/success_once,50,0.6875,1790111116.1087248
eval/success_once,55,0.625,1790112885.3204768
eval/success_once,60,0.71875,1790114630.700785
eval/success_once,65,0.65625,1790116371.0155113
eval/success_once,70,0.65625,1790118123.593763
eval/success_once,75,0.6875,1790119864.6758525
eval/success_once,80,0.59375,1790121597.3151746
eval/success_once,85,0.59375,1790123339.1469405
eval/success_once,90,0.65625,1790125070.9086132
eval/success_once,95,0.59375,1790126798.6636994
eval/success_once,100,0.6875,1790128542.999475
eval/success_once,105,0.65625,1790130304.8308544
eval/success_once,110,0.6875,1790132046.9239442
eval/success_once,115,0.6875,1790133790.3875053
eval/success_once,120,0.65625,1790135528.1740208
eval/success_once,125,0.625,1790137270.3314385
eval/success_at_end,5,0.375,1790095406.65175
eval/success_at_end,10,0.4375,1790097154.7686584
eval/success_at_end,15,0.53125,1790098897.644776
eval/success_at_end,20,0.53125,1790100642.0998704
eval/success_at_end,25,0.53125,1790102382.599038
eval/success_at_end,30,0.5,1790104122.9075058
eval/success_at_end,35,0.625,1790105865.3259444
eval/success_at_end,40,0.59375,1790107604.2969627
eval/success_at_end,45,0.6875,1790109350.1726823
eval/success_at_end,50,0.6875,1790111116.108748
eval/success_at_end,55,0.625,1790112885.3204997
eval/success_at_end,60,0.71875,1790114630.7007918
eval/success_at_end,65,0.65625,1790116371.0155337
eval/success_at_end,70,0.65625,1790118123.5937693
eval/success_at_end,75,0.6875,1790119864.675858
eval/success_at_end,80,0.59375,1790121597.3151796
eval/success_at_end,85,0.59375,1790123339.1469646
eval/success_at_end,90,0.65625,1790125070.90862
eval/success_at_end,95,0.59375,1790126798.663724
eval/success_at_end,100,0.6875,1790128542.9994824
eval/success_at_end,105,0.65625,1790130304.8308754
eval/success_at_end,110,0.6875,1790132046.9239664
eval/success_at_end,115,0.6875,1790133790.387525
eval/success_at_end,120,0.65625,1790135528.1740427
eval/success_at_end,125,0.625,1790137270.3314586
eval/reward,5,0.0018749999580904841,1790095406.6517706
eval/reward,10,0.0021875000093132257,1790097154.768669
eval/reward,15,0.0026562497951090336,1790098897.6447961
eval/reward,20,0.0026562497951090336,1790100642.0998766
eval/reward,25,0.0026562497951090336,1790102382.5990438
eval/reward,30,0.0024999999441206455,1790104122.9075222
eval/reward,35,0.0031250000465661287,1790105865.3259532
eval/reward,40,0.002968749962747097,1790107604.2969832
eval/reward,45,0.0034374999813735485,1790109350.172689
eval/reward,50,0.003437499748542905,1790111116.108769
eval/reward,55,0.003124999813735485,1790112885.320524
eval/reward,60,0.0035937498323619366,1790114630.7007983
eval/reward,65,0.003281249897554517,1790116371.0155535
eval/reward,70,0.0032812501303851604,1790118123.593775
eval/reward,75,0.0034374999813735485,1790119864.6758623
eval/reward,80,0.002968749962747097,1790121597.315184
eval/reward,85,0.002968749962747097,1790123339.146986
eval/reward,90,0.003281249897554517,1790125070.9086268
eval/reward,95,0.002968749962747097,1790126798.663744
eval/reward,100,0.0034374999813735485,1790128542.9994898
eval/reward,105,0.003281249664723873,1790130304.8308957
eval/reward,110,0.0034374999813735485,1790132046.9239857
eval/reward,115,0.0034374999813735485,1790133790.3875446
eval/reward,120,0.0032812501303851604,1790135528.1740627
eval/reward,125,0.003124999813735485,1790137270.3314786
eval/num_trajectories,5,32.0,1790095406.651889
eval/num_trajectories,10,32.0,1790097154.7687407
eval/num_trajectories,15,32.0,1790098897.644917
eval/num_trajectories,20,32.0,1790100642.0999236
eval/num_trajectories,25,32.0,1790102382.599097
eval/num_trajectories,30,32.0,1790104122.9076178
eval/num_trajectories,35,32.0,1790105865.326009
eval/num_trajectories,40,32.0,1790107604.2971077
eval/num_trajectories,45,32.0,1790109350.1727476
eval/num_trajectories,50,32.0,1790111116.1088884
eval/num_trajectories,55,32.0,1790112885.3206518
eval/num_trajectories,60,32.0,1790114630.7008557
eval/num_trajectories,65,32.0,1790116371.0156379
eval/num_trajectories,70,32.0,1790118123.5938232
eval/num_trajectories,75,32.0,1790119864.6759071
eval/num_trajectories,80,32.0,1790121597.3152163
eval/num_trajectories,85,32.0,1790123339.147123
eval/num_trajectories,90,32.0,1790125070.908677
eval/num_trajectories,95,32.0,1790126798.6638708
eval/num_trajectories,100,32.0,1790128542.9995356
eval/num_trajectories,105,32.0,1790130304.8310082
eval/num_trajectories,110,32.0,1790132046.9240794
eval/num_trajectories,115,32.0,1790133790.3876715
eval/num_trajectories,120,32.0,1790135528.1741927
eval/num_trajectories,125,32.0,1790137270.3316054
time/eval,5,270.1688537597656,1790095406.6655028
time/eval,10,276.0291442871094,1790097154.7851117
time/eval,15,272.56976318359375,1790098897.6583467
time/eval,20,268.721923828125,1790100642.1080344
time/eval,25,272.9058532714844,1790102382.610373
time/eval,30,270.8258361816406,1790104122.9187372
time/eval,35,269.67755126953125,1790105865.3374639
time/eval,40,271.2024230957031,1790107604.30763
time/eval,45,270.887451171875,1790109350.196061
time/eval,50,277.7143249511719,1790111140.7808325
time/eval,55,273.3093566894531,1790112885.3316674
time/eval,60,275.8645324707031,1790114630.7136068
time/eval,65,270.4877014160156,1790116371.0272472
time/eval,70,275.41485595703125,1790118123.603627
time/eval,75,269.1844482421875,1790119864.6878836
time/eval,80,267.81329345703125,1790121597.3282547
time/eval,85,268.78045654296875,1790123339.159882
time/eval,90,268.91302490234375,1790125070.920283
time/eval,95,266.6416015625,1790126798.6777117
time/eval,100,270.6834716796875,1790128568.9011874
time/eval,105,268.9026184082031,1790130304.8444147
time/eval,110,272.2248229980469,1790132046.935861
time/eval,115,271.9524230957031,1790133790.3996367
time/eval,120,266.5499267578125,1790135528.1891632
time/eval,125,270.40338134765625,1790137270.3429315
time/env/evaluate,5,265.251708984375,1790095406.6660416
time/env/evaluate,10,271.03302001953125,1790097154.7856646
time/env/evaluate,15,266.80596923828125,1790098897.6588562
time/env/evaluate,20,263.2852783203125,1790100642.1082864
time/env/evaluate,25,267.92315673828125,1790102382.6106074
time/env/evaluate,30,265.7462463378906,1790104122.9189837
time/env/evaluate,35,264.39495849609375,1790105865.3377144
time/env/evaluate,40,266.3215637207031,1790107604.307938
time/env/evaluate,45,265.4333190917969,1790109350.1966286
time/env/evaluate,50,272.5082092285156,1790111140.7814815
time/env/evaluate,55,268.2379150390625,1790112885.332058
time/env/evaluate,60,270.6640625,1790114630.7140899
time/env/evaluate,65,265.12725830078125,1790116371.0278044
time/env/evaluate,70,270.53887939453125,1790118123.6038868
time/env/evaluate,75,264.0385437011719,1790119864.6883028
time/env/evaluate,80,262.1340637207031,1790121597.328821
time/env/evaluate,85,263.4397277832031,1790123339.160375
time/env/evaluate,90,263.93988037109375,1790125070.920788
time/env/evaluate,95,261.589599609375,1790126798.6780214
time/env/evaluate,100,265.517333984375,1790128568.901881
time/env/evaluate,105,263.9023742675781,1790130304.8447976
time/env/evaluate,110,266.8958435058594,1790132046.9363325
time/env/evaluate,115,266.861328125,1790133790.4001324
time/env/evaluate,120,261.29302978515625,1790135528.189741
time/env/evaluate,125,265.52789306640625,1790137270.3431864
time/rollout/evaluate,5,264.7531433105469,1790095406.6664848
time/rollout/evaluate,10,270.3543701171875,1790097154.786198
time/rollout/evaluate,15,267.1961669921875,1790098897.659388
time/rollout/evaluate,20,263.4173583984375,1790100642.108639
time/rollout/evaluate,25,267.3455505371094,1790102382.6107905
time/rollout/evaluate,30,265.4908447265625,1790104122.9192019
time/rollout/evaluate,35,264.592529296875,1790105865.3379486
time/rollout/evaluate,40,265.5414123535156,1790107604.3081846
time/rollout/evaluate,45,265.5158386230469,1790109350.1971352
time/rollout/evaluate,50,272.8202819824219,1790111140.7819417
time/rollout/evaluate,55,268.05133056640625,1790112885.3324218
time/rollout/evaluate,60,270.875,1790114630.7145863
time/rollout/evaluate,65,265.7127685546875,1790116371.0283432
time/rollout/evaluate,70,270.36053466796875,1790118123.6042025
time/rollout/evaluate,75,264.2791442871094,1790119864.68869
time/rollout/evaluate,80,262.9696350097656,1790121597.3293622
time/rollout/evaluate,85,263.6444396972656,1790123339.1608129
time/rollout/evaluate,90,263.85638427734375,1790125070.921729
time/rollout/evaluate,95,261.477783203125,1790126798.6783142
time/rollout/evaluate,100,264.7418518066406,1790128568.9024143
time/rollout/evaluate,105,263.8517761230469,1790130304.8451152
time/rollout/evaluate,110,267.2213134765625,1790132046.9367201
time/rollout/evaluate,115,266.6965637207031,1790133790.4006157
time/rollout/evaluate,120,260.9078369140625,1790135528.1902974
time/rollout/evaluate,125,265.25115966796875,1790137270.3433847
