/data/chenyiteng/projects/rlinf-shenzhen/worktrees/ppo-dvac-action-adv-fix/examples/embodiment/train_embodied_agent.py:35: Hydra14MigrationWarning: 
version_base="1.1" selects Hydra 1.1 compatibility behavior.
Hydra 1.4 will remove this compatibility behavior.
Before upgrading to Hydra 1.4, set version_base="1.3" and test your application.
See https://hydra.cc/docs/upgrades/1.3_to_1.4/prepare_for_1_4/ for preparation instructions.
  @hydra.main(
/home/chenyiteng/venvs/rlinf-7d07-openpi-robotwin/lib/python3.11/site-packages/hydra/_internal/defaults_list.py:251: UserWarning: In 'robotwin_adjust_bottle_ppo_openpi_dvac_action_adv': Defaults list is missing `_self_`. See https://hydra.cc/docs/1.2/upgrades/1.0_to_1.1/default_composition_order for more information
  warnings.warn(msg, UserWarning)
/home/chenyiteng/venvs/rlinf-7d07-openpi-robotwin/lib/python3.11/site-packages/hydra/_internal/hydra.py:119: UserWarning: Future Hydra versions will no longer change working directory at job runtime by default.
See https://hydra.cc/docs/1.2/upgrades/1.1_to_1.2/changes_to_job_working_dir/ for more information.
  ret = run_job(
[INFO 03:53:57 RLinf] RLinf Ray code sync is enabled (py_modules=('/data/chenyiteng/projects/rlinf-shenzhen/worktrees/ppo-dvac-action-adv-fix/rlinf',)); workers receive only the rlinf package from the launch node. Disable with RLINF_CODE_WORKING_DIR=0.
2026-08-31 03:53:57,639	INFO worker.py:1683 -- Using address 172.17.0.1:6389 set in the environment variable RAY_ADDRESS
2026-08-31 03:53:57,646	INFO worker.py:1833 -- Connecting to existing Ray cluster at address: 172.17.0.1:6389...
2026-08-31 03:53:57,721	INFO worker.py:2015 -- Connected to Ray cluster. View the dashboard at [1m[32mhttp://127.0.0.1:8266 [39m[22m
2026-08-31 03:53:57,803	INFO packaging.py:734 -- Creating a file package for local module '/data/chenyiteng/projects/rlinf-shenzhen/worktrees/ppo-dvac-action-adv-fix/rlinf'.
2026-08-31 03:53:57,878	INFO packaging.py:434 -- Pushing file package 'gcs://_ray_pkg_9d94a2ac4b3af57f.zip' (8.80MiB) to Ray cluster...
2026-08-31 03:53:57,911	INFO packaging.py:447 -- Successfully pushed file package 'gcs://_ray_pkg_9d94a2ac4b3af57f.zip'.
[INFO 03:54:00 RLinf] RLinf is running on a cluster with 1 node and 8 accelerators. The nodes' details are: 
node_labels: []
node_rank: 0
ray_id: 2730f38e60da6b4c0f68d8779893624a0917240589c544541c894c54
node_ip: 172.17.0.1
num_cpus: 128
python_interpreter_path: /home/chenyiteng/venvs/rlinf-7d07-openpi-robotwin/bin/python
hardware_resources:
- type: Accelerator
  infos:
  - type: Accelerator
    model: NV_GPU:H100 80GB HBM3
  - type: Accelerator
    model: NV_GPU:H100 80GB HBM3
  - type: Accelerator
    model: NV_GPU:H100 80GB HBM3
  - type: Accelerator
    model: NV_GPU:H100 80GB HBM3
  - type: Accelerator
    model: NV_GPU:H100 80GB HBM3
  - type: Accelerator
    model: NV_GPU:H100 80GB HBM3
  - type: Accelerator
    model: NV_GPU:H100 80GB HBM3
  - type: Accelerator
    model: NV_GPU:H100 80GB HBM3
profiler_backends: []

Node groups' details are: 
label: cluster
nodes: '0'
hardware_type: Accelerator
ignore_hardware: false
env_configs: null

label: node
nodes: '0'
hardware_type: null
ignore_hardware: true
env_configs: null

[36m(_RemoteNodeProbe pid=2513303)[0m /data/chenyiteng/projects/rlinf-shenzhen/worktrees/ppo-dvac-action-adv-fix/rlinf/scheduler/cluster/node.py:532: UserWarning: Python interpreter used to launch Ray on node with IP 172.17.0.1 is different from that on the head node /home/chenyiteng/venvs/rlinf-7d07-openpi-robotwin/bin/python. Keep using the current interpreter /home/chenyiteng/venvs/rlinf-7d07-openpi-robotwin/bin/python3 on this node.
[36m(_RemoteNodeProbe pid=2513303)[0m   warnings.warn(
[INFO 03:54:00 FlexiblePlacementStrategy] 
[INFO 03:54:00 FlexiblePlacementStrategy] Using flexible placement with hardware ranks: [[4], [5]], node groups: ['cluster'].
[INFO 03:54:00 FlexiblePlacementStrategy] 
[INFO 03:54:00 FlexiblePlacementStrategy] Using flexible placement with hardware ranks: [[4], [5]], node groups: ['cluster'].
{
  "env": {
    "train": {
      "env_type": "robotwin",
      "total_num_envs": 64,
      "auto_reset": false,
      "ignore_terminations": false,
      "reward_coef": 1.0,
      "use_custom_reward": true,
      "use_rel_reward": true,
      "center_crop": false,
      "seed": 0,
      "group_size": 1,
      "use_fixed_reset_state_ids": false,
      "max_steps_per_rollout_epoch": 200,
      "max_episode_steps": 200,
      "is_eval": false,
      "assets_path": "/data/chenyiteng/projects/rlinf-shenzhen/RoboTwin-RLinf-support",
      "seeds_path": "/data/chenyiteng/projects/rlinf-shenzhen/worktrees/ppo-dvac-action-adv-fix/rlinf/envs/robotwin/seeds/train_seeds.json",
      "video_cfg": {
        "save_video": true,
        "info_on_video": true,
        "video_base_dir": "/data/chenyiteng/results/rlinf-shenzhen/ppo/runs/ppo-control-formal100-2gpu64x4-b1024-fixed32-eval5-phys45-localshard-v1/video/train"
      },
      "enable_offload": false,
      "task_config": {
        "task_name": "adjust_bottle",
        "step_lim": 200,
        "planner_backend": "mplib",
        "render_freq": 0,
        "episode_num": 100,
        "use_seed": false,
        "save_freq": 15,
        "embodiment": [
          "aloha-agilex"
        ],
        "language_num": 100,
        "domain_randomization": {
          "random_background": false,
          "cluttered_table": false,
          "clean_background_rate": 1,
          "random_head_camera_dis": 0,
          "random_table_height": 0,
          "random_light": false,
          "crazy_random_light_rate": 0
        },
        "camera": {
          "head_camera_type": "D435",
          "wrist_camera_type": "D435",
          "collect_head_camera": true,
          "collect_wrist_camera": true
        },
        "data_type": {
          "rgb": true,
          "third_view": false,
          "depth": false,
          "pointcloud": false,
          "observer": false,
          "endpose": false,
          "qpos": true,
          "mesh_segmentation": false,
          "actor_segmentation": false
        },
        "pcd_down_sample_num": 1024,
        "pcd_crop": true,
        "save_path": "/data/chenyiteng/results/rlinf-shenzhen/ppo/runs/ppo-control-formal100-2gpu64x4-b1024-fixed32-eval5-phys45-localshard-v1/robotwin_data/train",
        "clear_cache_freq": 1,
        "collect_data": true,
        "eval_video_log": true
      },
      "rollout_epoch": 4
    },
    "eval": {
      "env_type": "robotwin",
      "total_num_envs": 32,
      "auto_reset": true,
      "ignore_terminations": true,
      "reward_coef": 1.0,
      "use_custom_reward": true,
      "use_rel_reward": true,
      "center_crop": false,
      "seed": 0,
      "group_size": 1,
      "use_fixed_reset_state_ids": true,
      "max_steps_per_rollout_epoch": 200,
      "max_episode_steps": 200,
      "is_eval": true,
      "assets_path": "/data/chenyiteng/projects/rlinf-shenzhen/RoboTwin-RLinf-support",
      "seeds_path": "/data/chenyiteng/projects/rlinf-shenzhen/worktrees/ppo-dvac-action-adv-fix/rlinf/envs/robotwin/seeds/eval_seeds.json",
      "video_cfg": {
        "save_video": true,
        "info_on_video": true,
        "video_base_dir": "/data/chenyiteng/results/rlinf-shenzhen/ppo/runs/ppo-control-formal100-2gpu64x4-b1024-fixed32-eval5-phys45-localshard-v1/video/eval"
      },
      "enable_offload": false,
      "task_config": {
        "task_name": "adjust_bottle",
        "step_lim": 200,
        "planner_backend": "mplib",
        "render_freq": 0,
        "episode_num": 100,
        "use_seed": false,
        "save_freq": 15,
        "embodiment": [
          "aloha-agilex"
        ],
        "language_num": 100,
        "domain_randomization": {
          "random_background": false,
          "cluttered_table": false,
          "clean_background_rate": 1,
          "random_head_camera_dis": 0,
          "random_table_height": 0,
          "random_light": false,
          "crazy_random_light_rate": 0
        },
        "camera": {
          "head_camera_type": "D435",
          "wrist_camera_type": "D435",
          "collect_head_camera": true,
          "collect_wrist_camera": true
        },
        "data_type": {
          "rgb": true,
          "third_view": false,
          "depth": false,
          "pointcloud": false,
          "observer": false,
          "endpose": false,
          "qpos": true,
          "mesh_segmentation": false,
          "actor_segmentation": false
        },
        "pcd_down_sample_num": 1024,
        "pcd_crop": true,
        "save_path": "/data/chenyiteng/results/rlinf-shenzhen/ppo/runs/ppo-control-formal100-2gpu64x4-b1024-fixed32-eval5-phys45-localshard-v1/robotwin_data/eval",
        "clear_cache_freq": 1,
        "collect_data": true,
        "eval_video_log": true
      },
      "rollout_epoch": 1
    },
    "group_name": "EnvGroup",
    "enable_offload": true
  },
  "actor": {
    "model": {
      "model_type": "openpi",
      "model_path": "/data/chenyiteng/models/rlinf/RLinf-Pi0-RoboTwin-SFT-adjust_bottle@92684e50",
      "precision": null,
      "num_action_chunks": 50,
      "action_dim": 14,
      "is_lora": false,
      "lora_rank": 32,
      "use_proprio": true,
      "num_steps": 4,
      "add_value_head": true,
      "openpi": {
        "config_name": "pi0_aloha_robotwin",
        "num_images_in_input": 3,
        "noise_level": 0.5,
        "action_chunk": 50,
        "num_steps": 4,
        "train_expert_only": true,
        "action_env_dim": 14,
        "noise_method": "flow_sde",
        "add_value_head": true,
        "detach_critic_input": true,
        "use_dsrl": false,
        "dsrl_state_dim": 8,
        "dsrl_action_noise_dim": 32,
        "dsrl_num_q_heads": 10,
        "dsrl_agg_q": "mean",
        "dsrl_image_latent_dim": 64,
        "dsrl_state_latent_dim": 64,
        "dsrl_hidden_dims": [
          128,
          128,
          128
        ]
      }
    },
    "fsdp_config": {
      "strategy": "fsdp",
      "sharding_strategy": "full_shard",
      "gradient_checkpointing": false,
      "cpu_offload": false,
      "offload_pin_memory": false,
      "reshard_after_forward": true,
      "enable_gradient_accumulation": true,
      "forward_prefetch": false,
      "limit_all_gathers": false,
      "backward_prefetch": null,
      "use_orig_params": false,
      "use_liger_kernel": false,
      "mixed_precision": {
        "param_dtype": null,
        "reduce_dtype": null,
        "buffer_dtype": null
      },
      "amp_autocast": {
        "enabled": false,
        "precision": "bf16"
      },
      "grad_scaler": {
        "enabled": false,
        "init_scale": null,
        "growth_interval": null
      },
      "checkpoint_format": "local_shard"
    },
    "group_name": "ActorGroup",
    "training_backend": "fsdp",
    "micro_batch_size": 32,
    "global_batch_size": 1024,
    "seed": 1234,
    "enable_offload": true,
    "optim": {
      "lr": 5.6e-06,
      "value_lr": 0.00011,
      "adam_beta1": 0.9,
      "adam_beta2": 0.95,
      "adam_eps": 1e-08,
      "weight_decay": 0.01,
      "clip_grad": 1.0,
      "critic_warmup_steps": 0
    }
  },
  "weight_syncer": {
    "type": "patch",
    "patch": {
      "snapshot_device": "cpu",
      "delta_encoding": true,
      "compression": "none",
      "init_sync": {
        "enabled": true,
        "prefixes": null,
        "bucket_size": 134217728
      }
    }
  },
  "cluster": {
    "num_nodes": 1,
    "component_placement": {
      "actor, env, rollout": "4,5"
    },
    "tracer": {
      "enable": false
    }
  },
  "runner": {
    "task_type": "embodied",
    "logger": {
      "log_path": "/data/chenyiteng/results/rlinf-shenzhen/ppo/runs/ppo-control-formal100-2gpu64x4-b1024-fixed32-eval5-phys45-localshard-v1",
      "project_name": "rlinf",
      "experiment_name": "robotwin_ppo_control_formal100_2gpu64x4_b1024_fixed32_eval5_phys45_localshard_v1",
      "logger_backends": [
        "tensorboard"
      ]
    },
    "max_epochs": 1000,
    "max_steps": 100,
    "only_eval": false,
    "val_check_interval": 5,
    "save_interval": 10,
    "resume_dir": null,
    "ckpt_path": null,
    "per_worker_log": false,
    "per_worker_log_path": null,
    "weight_sync_interval": 1,
    "overlap_env_bootstrap": false
  },
  "algorithm": {
    "normalize_advantages": true,
    "kl_penalty": "kl",
    "group_size": 1,
    "reward_coef": 1.0,
    "reward_type": "chunk_level",
    "logprob_type": "chunk_level",
    "entropy_type": "token_level",
    "update_epoch": 2,
    "adv_type": "gae",
    "loss_type": "actor_critic",
    "loss_agg_func": "token-mean",
    "kl_beta": 0.0,
    "entropy_bonus": 0,
    "clip_ratio_high": 0.2,
    "clip_ratio_low": 0.2,
    "clip_ratio_c": 3.0,
    "value_clip": 0.2,
    "huber_delta": 10.0,
    "gamma": 0.99,
    "gae_lambda": 0.95,
    "filter_rewards": false,
    "rewards_lower_bound": 0.1,
    "rewards_upper_bound": 0.9,
    "dvac_gradient_weighting": {
      "mode": "off",
      "application": "logprob_st",
      "selected_l": 3,
      "warmup_steps": 1,
      "window_steps": 5,
      "log_eps": 1e-12,
      "std_floor": 1e-06,
      "z_clip": 2.0,
      "strength": 0.5,
      "weight_min": null,
      "weight_max": null,
      "save_step_tensors": true,
      "output_dir": "/data/chenyiteng/results/rlinf-shenzhen/ppo/runs/ppo-control-formal100-2gpu64x4-b1024-fixed32-eval5-phys45-localshard-v1/robotwin_ppo_control_formal100_2gpu64x4_b1024_fixed32_eval5_phys45_localshard_v1/dvac_train"
    }
  },
  "rollout": {
    "group_name": "RolloutGroup",
    "backend": "huggingface",
    "recompute_logprobs": false,
    "enable_offload": true,
    "pipeline_stage_num": 1,
    "model": {
      "model_path": "/data/chenyiteng/models/rlinf/RLinf-Pi0-RoboTwin-SFT-adjust_bottle@92684e50",
      "precision": null
    }
  },
  "reward": {
    "use_reward_model": false
  },
  "critic": {
    "use_critic_model": false
  }
}
[INFO 03:54:00 FlexiblePlacementStrategy] 
[INFO 03:54:00 FlexiblePlacementStrategy] Using flexible placement with hardware ranks: [[4], [5]], node groups: ['cluster'].
[INFO 03:54:00 FlexiblePlacementStrategy] Generated 2 placements: [Placement(rank=0, cluster_node_rank=0, placement_node_rank=0, local_accelerator_rank=4, accelerator_type='NV_GPU', local_rank=0, local_world_size=2, visible_accelerators=['4'], isolate_accelerator=True, local_hardware_ranks=[4], node_group_label='cluster'), Placement(rank=1, cluster_node_rank=0, placement_node_rank=0, local_accelerator_rank=5, accelerator_type='NV_GPU', local_rank=1, local_world_size=2, visible_accelerators=['5'], isolate_accelerator=True, local_hardware_ranks=[5], node_group_label='cluster')].
[INFO 03:54:00 FlexiblePlacementStrategy] Generated 2 placements: [Placement(rank=0, cluster_node_rank=0, placement_node_rank=0, local_accelerator_rank=4, accelerator_type='NV_GPU', local_rank=0, local_world_size=2, visible_accelerators=['4'], isolate_accelerator=True, local_hardware_ranks=[4], node_group_label='cluster'), Placement(rank=1, cluster_node_rank=0, placement_node_rank=0, local_accelerator_rank=5, accelerator_type='NV_GPU', local_rank=1, local_world_size=2, visible_accelerators=['5'], isolate_accelerator=True, local_hardware_ranks=[5], node_group_label='cluster')].
[INFO 03:54:00 FlexiblePlacementStrategy] Generated 2 placements: [Placement(rank=0, cluster_node_rank=0, placement_node_rank=0, local_accelerator_rank=4, accelerator_type='NV_GPU', local_rank=0, local_world_size=2, visible_accelerators=['4'], isolate_accelerator=True, local_hardware_ranks=[4], node_group_label='cluster'), Placement(rank=1, cluster_node_rank=0, placement_node_rank=0, local_accelerator_rank=5, accelerator_type='NV_GPU', local_rank=1, local_world_size=2, visible_accelerators=['5'], isolate_accelerator=True, local_hardware_ranks=[5], node_group_label='cluster')].
[INFO 03:54:01 NodePlacementStrategy] 
[INFO 03:54:01 NodePlacementStrategy] Using node placement with node ranks: [0], node groups: ['node'].
[INFO 03:54:01 NodePlacementStrategy] Generated 1 placements: [Placement(rank=0, cluster_node_rank=0, placement_node_rank=0, local_accelerator_rank='0', accelerator_type='NV_GPU', local_rank=0, local_world_size=1, visible_accelerators=['0', '1', '2', '3', '4', '5', '6', '7'], isolate_accelerator=True, local_hardware_ranks=[], node_group_label='cluster')].
[INFO 03:54:01 NodePlacementStrategy] 
[INFO 03:54:01 NodePlacementStrategy] Using node placement with node ranks: [0], node groups: ['node'].
[INFO 03:54:01 NodePlacementStrategy] Generated 1 placements: [Placement(rank=0, cluster_node_rank=0, placement_node_rank=0, local_accelerator_rank='0', accelerator_type='NV_GPU', local_rank=0, local_world_size=1, visible_accelerators=['0', '1', '2', '3', '4', '5', '6', '7'], isolate_accelerator=True, local_hardware_ranks=[], node_group_label='cluster')].
[INFO 03:54:01 NodePlacementStrategy] 
[INFO 03:54:01 NodePlacementStrategy] Using node placement with node ranks: [0], node groups: ['node'].
[INFO 03:54:01 NodePlacementStrategy] Generated 1 placements: [Placement(rank=0, cluster_node_rank=0, placement_node_rank=0, local_accelerator_rank='0', accelerator_type='NV_GPU', local_rank=0, local_world_size=1, visible_accelerators=['0', '1', '2', '3', '4', '5', '6', '7'], isolate_accelerator=True, local_hardware_ranks=[], node_group_label='cluster')].
WARNING: All log messages before absl::InitializeLog() is called are written to STDERR
I0000 00:00:1788148441.666824 2512251 port.cc:153] oneDNN custom operations are on. You may see slightly different numerical results due to floating-point round-off errors from different computation orders. To turn them off, set the environment variable `TF_ENABLE_ONEDNN_OPTS=0`.
I0000 00:00:1788148441.783574 2512251 cpu_feature_guard.cc:227] This TensorFlow binary is optimized to use available CPU instructions in performance-critical operations.
To enable the following instructions: AVX2 AVX512F AVX512_VNNI AVX512_BF16 AVX512_FP16 AVX_VNNI AMX_TILE AMX_INT8 AMX_BF16 FMA, in other operations, rebuild TensorFlow with the appropriate compiler flags.
WARNING: All log messages before absl::InitializeLog() is called are written to STDERR
I0000 00:00:1788148443.500418 2512251 port.cc:153] oneDNN custom operations are on. You may see slightly different numerical results due to floating-point round-off errors from different computation orders. To turn them off, set the environment variable `TF_ENABLE_ONEDNN_OPTS=0`.
[36m(MultiStepRolloutWorker pid=2513440)[0m [INFO 03:54:09 FlexiblePlacementStrategy] 
[36m(MultiStepRolloutWorker pid=2513440)[0m [INFO 03:54:09 FlexiblePlacementStrategy] Using flexible placement with hardware ranks: [[4], [5]], node groups: ['cluster'].
[36m(EnvWorker pid=2513444)[0m [INFO 03:54:09 FlexiblePlacementStrategy] 
[36m(EnvWorker pid=2513444)[0m [INFO 03:54:09 FlexiblePlacementStrategy] Using flexible placement with hardware ranks: [[4], [5]], node groups: ['cluster'].
[36m(EnvWorker pid=2513447)[0m [INFO 03:54:09 FlexiblePlacementStrategy] 
[36m(EnvWorker pid=2513447)[0m [INFO 03:54:09 FlexiblePlacementStrategy] Using flexible placement with hardware ranks: [[4], [5]], node groups: ['cluster'].
[36m(MultiStepRolloutWorker pid=2513442)[0m [INFO 03:54:09 FlexiblePlacementStrategy] 
[36m(MultiStepRolloutWorker pid=2513442)[0m [INFO 03:54:09 FlexiblePlacementStrategy] Using flexible placement with hardware ranks: [[4], [5]], node groups: ['cluster'].
[36m(EmbodiedFSDPActor pid=2513437)[0m [WARNING 03:54:10 ActorGroup-Rank-0][fsdp_model_manager.py:79] Provided there is sufficient GPU memory, set the actor.model.precision parameter to fp32 to allow the optimizer to run in fp32 for better convergence. Meanwhile, setting mixed_precision.param_dtype to 16-bit dtype can help maximize speed, as it will automatically convert fp32 to fp16 during operator execution.
[36m(EmbodiedFSDPActor pid=2513439)[0m [WARNING 03:54:10 ActorGroup-Rank-1][fsdp_model_manager.py:79] Provided there is sufficient GPU memory, set the actor.model.precision parameter to fp32 to allow the optimizer to run in fp32 for better convergence. Meanwhile, setting mixed_precision.param_dtype to 16-bit dtype can help maximize speed, as it will automatically convert fp32 to fp16 during operator execution.
[36m(RolloutGroup(rank=0) pid=2513440)[0m WARNING: All log messages before absl::InitializeLog() is called are written to STDERR
[36m(RolloutGroup(rank=0) pid=2513440)[0m I0000 00:00:1788148450.864423 2514880 port.cc:153] oneDNN custom operations are on. You may see slightly different numerical results due to floating-point round-off errors from different computation orders. To turn them off, set the environment variable `TF_ENABLE_ONEDNN_OPTS=0`.
[36m(RolloutGroup(rank=1) pid=2513442)[0m WARNING: All log messages before absl::InitializeLog() is called are written to STDERR
[36m(RolloutGroup(rank=1) pid=2513442)[0m I0000 00:00:1788148450.955321 2514900 port.cc:153] oneDNN custom operations are on. You may see slightly different numerical results due to floating-point round-off errors from different computation orders. To turn them off, set the environment variable `TF_ENABLE_ONEDNN_OPTS=0`.
[36m(RolloutGroup(rank=0) pid=2513440)[0m WARNING: All log messages before absl::InitializeLog() is called are written to STDERR
[36m(RolloutGroup(rank=0) pid=2513440)[0m I0000 00:00:1788148451.942102 2514880 port.cc:153] oneDNN custom operations are on. You may see slightly different numerical results due to floating-point round-off errors from different computation orders. To turn them off, set the environment variable `TF_ENABLE_ONEDNN_OPTS=0`.
[36m(RolloutGroup(rank=1) pid=2513442)[0m WARNING: All log messages before absl::InitializeLog() is called are written to STDERR
[36m(RolloutGroup(rank=1) pid=2513442)[0m I0000 00:00:1788148452.307429 2514900 port.cc:153] oneDNN custom operations are on. You may see slightly different numerical results due to floating-point round-off errors from different computation orders. To turn them off, set the environment variable `TF_ENABLE_ONEDNN_OPTS=0`.
[36m(EnvGroup(rank=0) pid=2513444)[0m [W831 03:54:19.665130476 socket.cpp:207] [c10d] The hostname of the client socket cannot be retrieved. err=-3
[36m(EmbodiedFSDPActor pid=2513437)[0m [W831 03:54:20.198124703 socket.cpp:207] [c10d] The hostname of the client socket cannot be retrieved. err=-3
[36m(EmbodiedFSDPActor pid=2513437)[0m [INFO 03:54:21 ActorGroup-Rank-0][fsdp_model_manager.py:133] [FSDP] AMP is disabled.
[36m(EmbodiedFSDPActor pid=2513437)[0m [INFO 03:54:21 FlexiblePlacementStrategy] 
[36m(EmbodiedFSDPActor pid=2513437)[0m [INFO 03:54:21 FlexiblePlacementStrategy] Using flexible placement with hardware ranks: [[4], [5]], node groups: ['cluster'].
[36m(EmbodiedFSDPActor pid=2513439)[0m [INFO 03:54:21 ActorGroup-Rank-1][fsdp_model_manager.py:133] [FSDP] AMP is disabled.
[36m(EmbodiedFSDPActor pid=2513439)[0m [INFO 03:54:21 FlexiblePlacementStrategy] 
[36m(EmbodiedFSDPActor pid=2513439)[0m [INFO 03:54:21 FlexiblePlacementStrategy] Using flexible placement with hardware ranks: [[4], [5]], node groups: ['cluster'].
[36m(RolloutGroup(rank=0) pid=2513440)[0m INFO:root:Loaded norm stats from /data/chenyiteng/models/rlinf/RLinf-Pi0-RoboTwin-SFT-adjust_bottle@92684e50/physical-intelligence/robotwin
[36m(RolloutGroup(rank=0) pid=2513440)[0m INFO:root:Loaded norm stats from /data/chenyiteng/models/rlinf/RLinf-Pi0-RoboTwin-SFT-adjust_bottle@92684e50/physical-intelligence/robotwin
[36m(RolloutGroup(rank=1) pid=2513442)[0m INFO:root:Loaded norm stats from /data/chenyiteng/models/rlinf/RLinf-Pi0-RoboTwin-SFT-adjust_bottle@92684e50/physical-intelligence/robotwin
[36m(RolloutGroup(rank=1) pid=2513442)[0m INFO:root:Loaded norm stats from /data/chenyiteng/models/rlinf/RLinf-Pi0-RoboTwin-SFT-adjust_bottle@92684e50/physical-intelligence/robotwin
[36m(ActorGroup(rank=1) pid=2513439)[0m WARNING: All log messages before absl::InitializeLog() is called are written to STDERR
[36m(ActorGroup(rank=1) pid=2513439)[0m I0000 00:00:1788148504.050536 2514909 port.cc:153] oneDNN custom operations are on. You may see slightly different numerical results due to floating-point round-off errors from different computation orders. To turn them off, set the environment variable `TF_ENABLE_ONEDNN_OPTS=0`.
[36m(ActorGroup(rank=0) pid=2513437)[0m WARNING: All log messages before absl::InitializeLog() is called are written to STDERR
[36m(ActorGroup(rank=0) pid=2513437)[0m I0000 00:00:1788148504.160002 2514978 port.cc:153] oneDNN custom operations are on. You may see slightly different numerical results due to floating-point round-off errors from different computation orders. To turn them off, set the environment variable `TF_ENABLE_ONEDNN_OPTS=0`.
[36m(ActorGroup(rank=0) pid=2513437)[0m WARNING: All log messages before absl::InitializeLog() is called are written to STDERR
[36m(ActorGroup(rank=0) pid=2513437)[0m I0000 00:00:1788148505.441416 2514978 port.cc:153] oneDNN custom operations are on. You may see slightly different numerical results due to floating-point round-off errors from different computation orders. To turn them off, set the environment variable `TF_ENABLE_ONEDNN_OPTS=0`.
[36m(ActorGroup(rank=1) pid=2513439)[0m WARNING: All log messages before absl::InitializeLog() is called are written to STDERR
[36m(ActorGroup(rank=1) pid=2513439)[0m I0000 00:00:1788148505.973966 2514909 port.cc:153] oneDNN custom operations are on. You may see slightly different numerical results due to floating-point round-off errors from different computation orders. To turn them off, set the environment variable `TF_ENABLE_ONEDNN_OPTS=0`.
[36m(ActorGroup(rank=0) pid=2513437)[0m INFO:root:Loaded norm stats from /data/chenyiteng/models/rlinf/RLinf-Pi0-RoboTwin-SFT-adjust_bottle@92684e50/physical-intelligence/robotwin
[36m(ActorGroup(rank=0) pid=2513437)[0m INFO:root:Loaded norm stats from /data/chenyiteng/models/rlinf/RLinf-Pi0-RoboTwin-SFT-adjust_bottle@92684e50/physical-intelligence/robotwin
[36m(ActorGroup(rank=0) pid=2513437)[0m [INFO 03:55:46 ActorGroup-Rank-0][fsdp_model_manager.py:294] [FSDP] Gradient checkpointing is disabled
[36m(ActorGroup(rank=1) pid=2513439)[0m INFO:root:Loaded norm stats from /data/chenyiteng/models/rlinf/RLinf-Pi0-RoboTwin-SFT-adjust_bottle@92684e50/physical-intelligence/robotwin
[36m(ActorGroup(rank=1) pid=2513439)[0m INFO:root:Loaded norm stats from /data/chenyiteng/models/rlinf/RLinf-Pi0-RoboTwin-SFT-adjust_bottle@92684e50/physical-intelligence/robotwin
[36m(ActorGroup(rank=1) pid=2513439)[0m [INFO 03:55:50 ActorGroup-Rank-1][fsdp_model_manager.py:294] [FSDP] Gradient checkpointing is disabled
[36m(RolloutGroup(rank=0) pid=2513440)[0m Generating Rollout Epochs:   0%|          | 0/4 [00:00<?, ?it/s]
[36m(RolloutGroup(rank=0) pid=2513440)[0m Generating Rollout Epochs:  25%|██▌       | 1/4 [05:54<17:44, 354.89s/it]
[36m(RolloutGroup(rank=0) pid=2513440)[0m Generating Rollout Epochs:  50%|█████     | 2/4 [11:58<12:00, 360.03s/it]
[36m(RolloutGroup(rank=0) pid=2513440)[0m Generating Rollout Epochs:  75%|███████▌  | 3/4 [17:48<05:55, 355.63s/it]
[36m(RolloutGroup(rank=0) pid=2513440)[0m Generating Rollout Epochs: 100%|██████████| 4/4 [23:44<00:00, 355.64s/it]Generating Rollout Epochs: 100%|██████████| 4/4 [23:44<00:00, 356.14s/it]

╭──────────────────────────────────────────────────────────────────────────────────────────────────────────────────────╮
├──────────────────────────────────────────────────── Metric Table ────────────────────────────────────────────────────┤
│ Global Step:    1/100 │ Progress: ░░░░░░░░░░░░░░░░░░░░░░░░░░░░░░░░░░░░░░░░ │   1.0%                                  │
│ Elapsed: 24:34 │ ETA: 40:32:44 │ Step Time: 1474.392s                                                                │
├──────────────────────────────────────────────────────── Time ────────────────────────────────────────────────────────┤
│                                                                                                                      │
│actor/actor/compute_adv=0.040          │actor/actor/recv_traj=1442.5           │actor/actor/sync_model_to_rollout=6.6…│
│actor/run_training=24.174              │actor_training=24.180                  │cal_adv_and_returns=0.047             │
│env/compute_bootstrap_rewards=0.0020   │env/env/bootstrap_step=1051.8          │env/env/send_rollout_trajectories=1.0…│
│env/env_interact_step=367.9            │env/interact=1441.3                    │env/run_interact_once=1441.3          │
│generate_rollouts=1443.5               │rollout/generate_one_epoch=1436.6      │rollout/predict=10.889                │
│rollout/rollout/generate=1443.4        │rollout/sync_model_from_actor=5.909    │step=1474.3                           │
│sync_weights=6.644                     │                                       │                                      │
│                                                                                                                      │
├──────────────────────────────────────────────────── Environment ─────────────────────────────────────────────────────┤
│                                                                                                                      │
│episode_len=200.0                      │num_trajectories=256                   │return=0.76171875                     │
│reward=0.0038085938                    │success_once=0.76171875                │                                      │
│                                                                                                                      │
├────────────────────────────────────────────────────── Rollout ───────────────────────────────────────────────────────┤
│                                                                                                                      │
│advantages_max=1.197                   │advantages_mean=1.38e-08               │advantages_min=-2.339                 │
│returns_max=1.000                      │returns_mean=0.689                     │returns_min=0.0000                    │
│rewards=0.0047                         │                                       │                                      │
│                                                                                                                      │
├─────────────────────────────────────────────────── Training/Actor ───────────────────────────────────────────────────┤
│                                                                                                                      │
│actor/approx_kl=0.054                  │actor/clip_fraction=0.091              │actor/clipped_ratio=0.994             │
│actor/dual_cliped_ratio=0.0000         │actor/entropy_loss=0.0000              │actor/grad_norm=32.161                │
│actor/lr=5.60e-06                      │actor/policy_loss=-0.129               │actor/policy_loss_abs=0.811           │
│actor/ratio=1.005                      │actor/ratio_abs=0.117                  │actor/total_loss=-6.12e-04            │
│                                                                                                                      │
├────────────────────────────────────────────────── Training/Critic ───────────────────────────────────────────────────┤
│                                                                                                                      │
│critic/explained_variance=-0.198       │critic/lr=1.10e-04                     │critic/value_clip_ratio=0.106         │
│critic/value_loss=0.119                │                                       │                                      │
│                                                                                                                      │
╰──────────────────────────────────────────────────────────────────────────────────────────────────────────────────────╯

[36m(RolloutGroup(rank=0) pid=2513440)[0m Generating Rollout Epochs:   0%|          | 0/4 [00:00<?, ?it/s]
[36m(RolloutGroup(rank=0) pid=2513440)[0m Generating Rollout Epochs:  25%|██▌       | 1/4 [05:28<16:26, 328.74s/it]
[36m(RolloutGroup(rank=0) pid=2513440)[0m Generating Rollout Epochs:  50%|█████     | 2/4 [11:05<11:07, 333.65s/it]
[36m(RolloutGroup(rank=0) pid=2513440)[0m Generating Rollout Epochs:  75%|███████▌  | 3/4 [16:25<05:27, 327.37s/it]
[36m(RolloutGroup(rank=0) pid=2513440)[0m Generating Rollout Epochs: 100%|██████████| 4/4 [21:38<00:00, 321.50s/it]Generating Rollout Epochs: 100%|██████████| 4/4 [21:38<00:00, 324.56s/it]

╭──────────────────────────────────────────────────────────────────────────────────────────────────────────────────────╮
├──────────────────────────────────────────────────── Metric Table ────────────────────────────────────────────────────┤
│ Global Step:    2/100 │ Progress: ░░░░░░░░░░░░░░░░░░░░░░░░░░░░░░░░░░░░░░░░ │   2.0%                                  │
│ Elapsed: 46:46 │ ETA: 38:11:52 │ Step Time: 1403.186s                                                                │
├──────────────────────────────────────────────────────── Time ────────────────────────────────────────────────────────┤
│                                                                                                                      │
│actor/actor/compute_adv=0.0079         │actor/actor/recv_traj=1305.8           │actor/actor/sync_model_to_rollout=1.9…│
│actor/run_training=23.339              │actor_training=23.344                  │cal_adv_and_returns=0.013             │
│env/compute_bootstrap_rewards=0.0020   │env/env/bootstrap_step=899.0           │env/env/send_rollout_trajectories=1.2…│
│env/env_interact_step=378.0            │env/interact=1304.9                    │env/run_interact_once=1304.9          │
│generate_rollouts=1305.9               │rollout/generate_one_epoch=1298.2      │rollout/predict=10.134                │
│rollout/rollout/generate=1304.5        │rollout/sync_model_from_actor=2.695    │step=1331.9                           │
│sync_weights=2.699                     │                                       │                                      │
│                                                                                                                      │
├──────────────────────────────────────────────────── Environment ─────────────────────────────────────────────────────┤
│                                                                                                                      │
│episode_len=200.0                      │num_trajectories=256                   │return=0.72265625                     │
│reward=0.0036132813                    │success_once=0.72265625                │                                      │
│                                                                                                                      │
├────────────────────────────────────────────────────── Rollout ───────────────────────────────────────────────────────┤
│                                                                                                                      │
│advantages_max=1.110                   │advantages_mean=4.55e-09               │advantages_min=-2.150                 │
│returns_max=1.000                      │returns_mean=0.666                     │returns_min=0.0000                    │
│rewards=0.0044                         │                                       │                                      │
│                                                                                                                      │
├─────────────────────────────────────────────────── Training/Actor ───────────────────────────────────────────────────┤
│                                                                                                                      │
│actor/approx_kl=0.016                  │actor/clip_fraction=0.069              │actor/clipped_ratio=0.997             │
│actor/dual_cliped_ratio=0.0000         │actor/entropy_loss=0.0000              │actor/grad_norm=28.225                │
│actor/lr=5.60e-06                      │actor/policy_loss=-0.132               │actor/policy_loss_abs=0.871           │
│actor/ratio=1.001                      │actor/ratio_abs=0.076                  │actor/total_loss=-0.0027              │
│                                                                                                                      │
├────────────────────────────────────────────────── Training/Critic ───────────────────────────────────────────────────┤
│                                                                                                                      │
│critic/explained_variance=-0.027       │critic/lr=1.10e-04                     │critic/value_clip_ratio=0.0000        │
│critic/value_loss=0.089                │                                       │                                      │
│                                                                                                                      │
╰──────────────────────────────────────────────────────────────────────────────────────────────────────────────────────╯

[36m(RolloutGroup(rank=0) pid=2513440)[0m Generating Rollout Epochs:   0%|          | 0/4 [00:00<?, ?it/s]
[36m(RolloutGroup(rank=0) pid=2513440)[0m Generating Rollout Epochs:  25%|██▌       | 1/4 [05:14<15:43, 314.57s/it]
[36m(RolloutGroup(rank=0) pid=2513440)[0m Generating Rollout Epochs:  50%|█████     | 2/4 [11:18<11:27, 343.53s/it]
[36m(RolloutGroup(rank=0) pid=2513440)[0m Generating Rollout Epochs:  75%|███████▌  | 3/4 [17:03<05:44, 344.38s/it]
[36m(RolloutGroup(rank=0) pid=2513440)[0m Generating Rollout Epochs: 100%|██████████| 4/4 [22:46<00:00, 343.76s/it]Generating Rollout Epochs: 100%|██████████| 4/4 [22:46<00:00, 341.65s/it]

╭──────────────────────────────────────────────────────────────────────────────────────────────────────────────────────╮
├──────────────────────────────────────────────────── Metric Table ────────────────────────────────────────────────────┤
│ Global Step:    3/100 │ Progress: █░░░░░░░░░░░░░░░░░░░░░░░░░░░░░░░░░░░░░░░ │   3.0%                                  │
│ Elapsed: 01:10:05 │ ETA: 37:46:29 │ Step Time: 1401.951s                                                             │
├──────────────────────────────────────────────────────── Time ────────────────────────────────────────────────────────┤
│                                                                                                                      │
│actor/actor/compute_adv=0.0072         │actor/actor/recv_traj=1373.7           │actor/actor/sync_model_to_rollout=2.1…│
│actor/run_training=22.659              │actor_training=22.664                  │cal_adv_and_returns=0.012             │
│env/compute_bootstrap_rewards=0.0021   │env/env/bootstrap_step=954.9           │env/env/send_rollout_trajectories=1.1…│
│env/env_interact_step=386.5            │env/interact=1373.0                    │env/run_interact_once=1373.0          │
│generate_rollouts=1373.8               │rollout/generate_one_epoch=1366.6      │rollout/predict=10.140                │
│rollout/rollout/generate=1372.2        │rollout/sync_model_from_actor=2.994    │step=1399.4                           │
│sync_weights=2.998                     │                                       │                                      │
│                                                                                                                      │
├──────────────────────────────────────────────────── Environment ─────────────────────────────────────────────────────┤
│                                                                                                                      │
│episode_len=200.0                      │num_trajectories=256                   │return=0.7421875                      │
│reward=0.0037109372                    │success_once=0.7421875                 │                                      │
│                                                                                                                      │
├────────────────────────────────────────────────────── Rollout ───────────────────────────────────────────────────────┤
│                                                                                                                      │
│advantages_max=1.010                   │advantages_mean=-1.83e-08              │advantages_min=-2.166                 │
│returns_max=1.000                      │returns_mean=0.683                     │returns_min=0.0000                    │
│rewards=0.0046                         │                                       │                                      │
│                                                                                                                      │
├─────────────────────────────────────────────────── Training/Actor ───────────────────────────────────────────────────┤
│                                                                                                                      │
│actor/approx_kl=0.016                  │actor/clip_fraction=0.079              │actor/clipped_ratio=0.995             │
│actor/dual_cliped_ratio=0.0000         │actor/entropy_loss=0.0000              │actor/grad_norm=37.569                │
│actor/lr=5.60e-06                      │actor/policy_loss=-0.127               │actor/policy_loss_abs=0.860           │
│actor/ratio=1.006                      │actor/ratio_abs=0.089                  │actor/total_loss=-0.0029              │
│                                                                                                                      │
├────────────────────────────────────────────────── Training/Critic ───────────────────────────────────────────────────┤
│                                                                                                                      │
│critic/explained_variance=0.038        │critic/lr=1.10e-04                     │critic/value_clip_ratio=0.0000        │
│critic/value_loss=0.080                │                                       │                                      │
│                                                                                                                      │
╰──────────────────────────────────────────────────────────────────────────────────────────────────────────────────────╯

[36m(RolloutGroup(rank=0) pid=2513440)[0m Generating Rollout Epochs:   0%|          | 0/4 [00:00<?, ?it/s]
[36m(RolloutGroup(rank=0) pid=2513440)[0m Generating Rollout Epochs:  25%|██▌       | 1/4 [05:39<16:58, 339.57s/it]
[36m(RolloutGroup(rank=0) pid=2513440)[0m Generating Rollout Epochs:  50%|█████     | 2/4 [11:27<11:28, 344.26s/it]
[36m(RolloutGroup(rank=0) pid=2513440)[0m Generating Rollout Epochs:  75%|███████▌  | 3/4 [17:21<05:48, 348.87s/it]
[36m(RolloutGroup(rank=0) pid=2513440)[0m Generating Rollout Epochs: 100%|██████████| 4/4 [23:05<00:00, 347.00s/it]Generating Rollout Epochs: 100%|██████████| 4/4 [23:05<00:00, 346.40s/it]

╭──────────────────────────────────────────────────────────────────────────────────────────────────────────────────────╮
├──────────────────────────────────────────────────── Metric Table ────────────────────────────────────────────────────┤
│ Global Step:    4/100 │ Progress: █░░░░░░░░░░░░░░░░░░░░░░░░░░░░░░░░░░░░░░░ │   4.0%                                  │
│ Elapsed: 01:33:54 │ ETA: 37:33:49 │ Step Time: 1408.636s                                                             │
├──────────────────────────────────────────────────────── Time ────────────────────────────────────────────────────────┤
│                                                                                                                      │
│actor/actor/compute_adv=0.0082         │actor/actor/recv_traj=1403.4           │actor/actor/sync_model_to_rollout=1.8…│
│actor/run_training=22.517              │actor_training=22.522                  │cal_adv_and_returns=0.014             │
│env/compute_bootstrap_rewards=0.0022   │env/env/bootstrap_step=970.5           │env/env/send_rollout_trajectories=1.0…│
│env/env_interact_step=399.7            │env/interact=1402.7                    │env/run_interact_once=1402.7          │
│generate_rollouts=1403.5               │rollout/generate_one_epoch=1395.7      │rollout/predict=10.158                │
│rollout/rollout/generate=1402.3        │rollout/sync_model_from_actor=2.628    │step=1428.7                           │
│sync_weights=2.633                     │                                       │                                      │
│                                                                                                                      │
├──────────────────────────────────────────────────── Environment ─────────────────────────────────────────────────────┤
│                                                                                                                      │
│episode_len=200.0                      │num_trajectories=256                   │return=0.65625                        │
│reward=0.0032812497                    │success_once=0.65625                   │                                      │
│                                                                                                                      │
├────────────────────────────────────────────────────── Rollout ───────────────────────────────────────────────────────┤
│                                                                                                                      │
│advantages_max=1.285                   │advantages_mean=1.11e-08               │advantages_min=-1.702                 │
│returns_max=1.000                      │returns_mean=0.593                     │returns_min=0.0000                    │
│rewards=0.0039                         │                                       │                                      │
│                                                                                                                      │
├─────────────────────────────────────────────────── Training/Actor ───────────────────────────────────────────────────┤
│                                                                                                                      │
│actor/approx_kl=0.019                  │actor/clip_fraction=0.090              │actor/clipped_ratio=0.995             │
│actor/dual_cliped_ratio=0.0000         │actor/entropy_loss=0.0000              │actor/grad_norm=40.735                │
│actor/lr=5.60e-06                      │actor/policy_loss=-0.132               │actor/policy_loss_abs=0.940           │
│actor/ratio=1.003                      │actor/ratio_abs=0.091                  │actor/total_loss=-0.0026              │
│                                                                                                                      │
├────────────────────────────────────────────────── Training/Critic ───────────────────────────────────────────────────┤
│                                                                                                                      │
│critic/explained_variance=0.097        │critic/lr=1.10e-04                     │critic/value_clip_ratio=0.0000        │
│critic/value_loss=0.089                │                                       │                                      │
│                                                                                                                      │
╰──────────────────────────────────────────────────────────────────────────────────────────────────────────────────────╯

[36m(RolloutGroup(rank=0) pid=2513440)[0m Generating Rollout Epochs:   0%|          | 0/4 [00:00<?, ?it/s]
[36m(RolloutGroup(rank=0) pid=2513440)[0m Generating Rollout Epochs:  25%|██▌       | 1/4 [06:07<18:22, 367.48s/it]
[36m(RolloutGroup(rank=0) pid=2513440)[0m Generating Rollout Epochs:  50%|█████     | 2/4 [11:34<11:27, 343.97s/it]
[36m(RolloutGroup(rank=0) pid=2513440)[0m Generating Rollout Epochs:  75%|███████▌  | 3/4 [16:36<05:24, 324.55s/it]
[36m(RolloutGroup(rank=0) pid=2513440)[0m Generating Rollout Epochs: 100%|██████████| 4/4 [22:10<00:00, 328.36s/it]Generating Rollout Epochs: 100%|██████████| 4/4 [22:10<00:00, 332.66s/it]
[36m(RolloutGroup(rank=0) pid=2513440)[0m Evaluating Rollout Epochs:   0%|          | 0/1 [00:00<?, ?it/s]
[36m(RolloutGroup(rank=0) pid=2513440)[0m Evaluating Rollout Epochs: 100%|██████████| 1/1 [02:47<00:00, 167.28s/it]Evaluating Rollout Epochs: 100%|██████████| 1/1 [02:47<00:00, 167.28s/it]

╭──────────────────────────────────────────────────────────────────────────────────────────────────────────────────────╮
├──────────────────────────────────────────────────── Metric Table ────────────────────────────────────────────────────┤
│ Global Step:    5/100 │ Progress: ██░░░░░░░░░░░░░░░░░░░░░░░░░░░░░░░░░░░░░░ │   5.0%                                  │
│ Elapsed: 02:01:35 │ ETA: 38:30:06 │ Step Time: 1459.021s                                                             │
├──────────────────────────────────────────────────────── Time ────────────────────────────────────────────────────────┤
│                                                                                                                      │
│actor/actor/compute_adv=0.0090         │actor/actor/recv_traj=1353.9           │actor/actor/sync_model_to_rollout=4.1…│
│actor/run_training=23.030              │actor_training=23.035                  │cal_adv_and_returns=0.015             │
│env/compute_bootstrap_rewards=0.0021   │env/env/bootstrap_step=931.5           │env/env/send_rollout_trajectories=1.0…│
│env/env_interact_step=390.2            │env/evaluate=278.3                     │env/interact=1352.9                   │
│env/run_interact_once=1352.9           │eval=280.9                             │generate_rollouts=1353.9              │
│rollout/evaluate=173.4                 │rollout/generate_one_epoch=1346.5      │rollout/predict=11.274                │
│rollout/rollout/generate=1353.0        │rollout/sync_model_from_actor=5.179    │step=1660.5                           │
│sync_weights=2.695                     │                                       │                                      │
│                                                                                                                      │
├──────────────────────────────────────────────────── Environment ─────────────────────────────────────────────────────┤
│                                                                                                                      │
│episode_len=200.0                      │num_trajectories=256                   │return=0.76953125                     │
│reward=0.0038476563                    │success_once=0.76953125                │                                      │
│                                                                                                                      │
├────────────────────────────────────────────────────── Rollout ───────────────────────────────────────────────────────┤
│                                                                                                                      │
│advantages_max=1.173                   │advantages_mean=-6.92e-09              │advantages_min=-2.184                 │
│returns_max=1.000                      │returns_mean=0.709                     │returns_min=0.0000                    │
│rewards=0.0048                         │                                       │                                      │
│                                                                                                                      │
├───────────────────────────────────────────────────── Evaluation ─────────────────────────────────────────────────────┤
│                                                                                                                      │
│episode_len=200.0                      │num_trajectories=32                    │return=0.84375                        │
│reward=0.00421875                      │success_at_end=0.84375                 │success_once=0.84375                  │
│                                                                                                                      │
├─────────────────────────────────────────────────── Training/Actor ───────────────────────────────────────────────────┤
│                                                                                                                      │
│actor/approx_kl=0.030                  │actor/clip_fraction=0.077              │actor/clipped_ratio=0.990             │
│actor/dual_cliped_ratio=0.0000         │actor/entropy_loss=0.0000              │actor/grad_norm=46.049                │
│actor/lr=5.60e-06                      │actor/policy_loss=-0.112               │actor/policy_loss_abs=0.818           │
│actor/ratio=0.990                      │actor/ratio_abs=0.090                  │actor/total_loss=-0.0026              │
│                                                                                                                      │
├────────────────────────────────────────────────── Training/Critic ───────────────────────────────────────────────────┤
│                                                                                                                      │
│critic/explained_variance=0.139        │critic/lr=1.10e-04                     │critic/value_clip_ratio=0.0000        │
│critic/value_loss=0.070                │                                       │                                      │
│                                                                                                                      │
╰──────────────────────────────────────────────────────────────────────────────────────────────────────────────────────╯

[36m(RolloutGroup(rank=0) pid=2513440)[0m Generating Rollout Epochs:   0%|          | 0/4 [00:00<?, ?it/s]
[36m(RolloutGroup(rank=0) pid=2513440)[0m Generating Rollout Epochs:  25%|██▌       | 1/4 [05:07<15:21, 307.32s/it]
[36m(RolloutGroup(rank=0) pid=2513440)[0m Generating Rollout Epochs:  50%|█████     | 2/4 [10:44<10:50, 325.00s/it]
[36m(RolloutGroup(rank=0) pid=2513440)[0m Generating Rollout Epochs:  75%|███████▌  | 3/4 [17:05<05:50, 350.61s/it]
[36m(RolloutGroup(rank=0) pid=2513440)[0m Generating Rollout Epochs: 100%|██████████| 4/4 [24:12<00:00, 380.76s/it]Generating Rollout Epochs: 100%|██████████| 4/4 [24:12<00:00, 363.19s/it]

╭──────────────────────────────────────────────────────────────────────────────────────────────────────────────────────╮
├──────────────────────────────────────────────────── Metric Table ────────────────────────────────────────────────────┤
│ Global Step:    6/100 │ Progress: ██░░░░░░░░░░░░░░░░░░░░░░░░░░░░░░░░░░░░░░ │   6.0%                                  │
│ Elapsed: 02:26:24 │ ETA: 38:13:40 │ Step Time: 1464.044s                                                             │
├──────────────────────────────────────────────────────── Time ────────────────────────────────────────────────────────┤
│                                                                                                                      │
│actor/actor/compute_adv=0.012          │actor/actor/recv_traj=1463.3           │actor/actor/sync_model_to_rollout=1.8…│
│actor/run_training=23.975              │actor_training=23.979                  │cal_adv_and_returns=0.017             │
│env/compute_bootstrap_rewards=0.0039   │env/env/bootstrap_step=1048.4          │env/env/send_rollout_trajectories=1.2…│
│env/env_interact_step=375.1            │env/interact=1462.3                    │env/run_interact_once=1462.3          │
│generate_rollouts=1463.3               │rollout/generate_one_epoch=1452.8      │rollout/predict=10.292                │
│rollout/rollout/generate=1460.1        │rollout/sync_model_from_actor=1.657    │step=1489.1                           │
│sync_weights=1.826                     │                                       │                                      │
│                                                                                                                      │
├──────────────────────────────────────────────────── Environment ─────────────────────────────────────────────────────┤
│                                                                                                                      │
│episode_len=200.0                      │num_trajectories=256                   │return=0.80078125                     │
│reward=0.004003906                     │success_once=0.80078125                │                                      │
│                                                                                                                      │
├────────────────────────────────────────────────────── Rollout ───────────────────────────────────────────────────────┤
│                                                                                                                      │
│advantages_max=1.403                   │advantages_mean=1.51e-08               │advantages_min=-2.379                 │
│returns_max=1.000                      │returns_mean=0.745                     │returns_min=0.0000                    │
│rewards=0.0050                         │                                       │                                      │
│                                                                                                                      │
├─────────────────────────────────────────────────── Training/Actor ───────────────────────────────────────────────────┤
│                                                                                                                      │
│actor/approx_kl=0.017                  │actor/clip_fraction=0.046              │actor/clipped_ratio=0.990             │
│actor/dual_cliped_ratio=0.0000         │actor/entropy_loss=0.0000              │actor/grad_norm=46.503                │
│actor/lr=5.60e-06                      │actor/policy_loss=-0.111               │actor/policy_loss_abs=0.765           │
│actor/ratio=0.994                      │actor/ratio_abs=0.063                  │actor/total_loss=-0.0031              │
│                                                                                                                      │
├────────────────────────────────────────────────── Training/Critic ───────────────────────────────────────────────────┤
│                                                                                                                      │
│critic/explained_variance=0.155        │critic/lr=1.10e-04                     │critic/value_clip_ratio=0.0000        │
│critic/value_loss=0.061                │                                       │                                      │
│                                                                                                                      │
╰──────────────────────────────────────────────────────────────────────────────────────────────────────────────────────╯

[36m(RolloutGroup(rank=0) pid=2513440)[0m Generating Rollout Epochs:   0%|          | 0/4 [00:00<?, ?it/s]
[36m(RolloutGroup(rank=0) pid=2513440)[0m Generating Rollout Epochs:  25%|██▌       | 1/4 [06:16<18:49, 376.45s/it]
[36m(RolloutGroup(rank=0) pid=2513440)[0m Generating Rollout Epochs:  50%|█████     | 2/4 [12:52<12:56, 388.03s/it]
[36m(RolloutGroup(rank=0) pid=2513440)[0m Generating Rollout Epochs:  75%|███████▌  | 3/4 [18:42<06:10, 370.70s/it]
[36m(RolloutGroup(rank=0) pid=2513440)[0m Generating Rollout Epochs: 100%|██████████| 4/4 [24:02<00:00, 350.81s/it]Generating Rollout Epochs: 100%|██████████| 4/4 [24:02<00:00, 360.75s/it]

╭──────────────────────────────────────────────────────────────────────────────────────────────────────────────────────╮
├──────────────────────────────────────────────────── Metric Table ────────────────────────────────────────────────────┤
│ Global Step:    7/100 │ Progress: ██░░░░░░░░░░░░░░░░░░░░░░░░░░░░░░░░░░░░░░ │   7.0%                                  │
│ Elapsed: 02:51:06 │ ETA: 37:53:16 │ Step Time: 1466.632s                                                             │
├──────────────────────────────────────────────────────── Time ────────────────────────────────────────────────────────┤
│                                                                                                                      │
│actor/actor/compute_adv=0.0089         │actor/actor/recv_traj=1455.7           │actor/actor/sync_model_to_rollout=2.4…│
│actor/run_training=23.449              │actor_training=23.454                  │cal_adv_and_returns=0.015             │
│env/compute_bootstrap_rewards=0.0017   │env/env/bootstrap_step=1055.6          │env/env/send_rollout_trajectories=1.1…│
│env/env_interact_step=362.1            │env/interact=1454.8                    │env/run_interact_once=1454.8          │
│generate_rollouts=1455.7               │rollout/generate_one_epoch=1443.0      │rollout/predict=10.045                │
│rollout/rollout/generate=1451.3        │rollout/sync_model_from_actor=2.945    │step=1482.1                           │
│sync_weights=2.949                     │                                       │                                      │
│                                                                                                                      │
├──────────────────────────────────────────────────── Environment ─────────────────────────────────────────────────────┤
│                                                                                                                      │
│episode_len=200.0                      │num_trajectories=256                   │return=0.70703125                     │
│reward=0.0035351561                    │success_once=0.70703125                │                                      │
│                                                                                                                      │
├────────────────────────────────────────────────────── Rollout ───────────────────────────────────────────────────────┤
│                                                                                                                      │
│advantages_max=1.253                   │advantages_mean=-5.43e-08              │advantages_min=-2.450                 │
│returns_max=1.000                      │returns_mean=0.650                     │returns_min=0.0000                    │
│rewards=0.0043                         │                                       │                                      │
│                                                                                                                      │
├─────────────────────────────────────────────────── Training/Actor ───────────────────────────────────────────────────┤
│                                                                                                                      │
│actor/approx_kl=0.016                  │actor/clip_fraction=0.074              │actor/clipped_ratio=0.994             │
│actor/dual_cliped_ratio=0.0000         │actor/entropy_loss=0.0000              │actor/grad_norm=48.755                │
│actor/lr=5.60e-06                      │actor/policy_loss=-0.122               │actor/policy_loss_abs=0.878           │
│actor/ratio=1.004                      │actor/ratio_abs=0.087                  │actor/total_loss=-0.0026              │
│                                                                                                                      │
├────────────────────────────────────────────────── Training/Critic ───────────────────────────────────────────────────┤
│                                                                                                                      │
│critic/explained_variance=0.194        │critic/lr=1.10e-04                     │critic/value_clip_ratio=0.0000        │
│critic/value_loss=0.080                │                                       │                                      │
│                                                                                                                      │
╰──────────────────────────────────────────────────────────────────────────────────────────────────────────────────────╯

[36m(RolloutGroup(rank=0) pid=2513440)[0m Generating Rollout Epochs:   0%|          | 0/4 [00:00<?, ?it/s]
[36m(RolloutGroup(rank=0) pid=2513440)[0m Generating Rollout Epochs:  25%|██▌       | 1/4 [06:34<19:44, 394.93s/it]
[36m(RolloutGroup(rank=0) pid=2513440)[0m Generating Rollout Epochs:  50%|█████     | 2/4 [13:44<13:50, 415.11s/it]
[36m(RolloutGroup(rank=0) pid=2513440)[0m Generating Rollout Epochs:  75%|███████▌  | 3/4 [21:09<07:08, 428.98s/it]
[36m(RolloutGroup(rank=0) pid=2513440)[0m Generating Rollout Epochs: 100%|██████████| 4/4 [28:01<00:00, 422.29s/it]Generating Rollout Epochs: 100%|██████████| 4/4 [28:01<00:00, 420.42s/it]

╭──────────────────────────────────────────────────────────────────────────────────────────────────────────────────────╮
├──────────────────────────────────────────────────── Metric Table ────────────────────────────────────────────────────┤
│ Global Step:    8/100 │ Progress: ███░░░░░░░░░░░░░░░░░░░░░░░░░░░░░░░░░░░░░ │   8.0%                                  │
│ Elapsed: 03:19:39 │ ETA: 38:16:08 │ Step Time: 1497.479s                                                             │
├──────────────────────────────────────────────────────── Time ────────────────────────────────────────────────────────┤
│                                                                                                                      │
│actor/actor/compute_adv=0.0076         │actor/actor/recv_traj=1690.7           │actor/actor/sync_model_to_rollout=2.0…│
│actor/run_training=20.014              │actor_training=20.017                  │cal_adv_and_returns=0.011             │
│env/compute_bootstrap_rewards=0.0021   │env/env/bootstrap_step=1284.0          │env/env/send_rollout_trajectories=0.8…│
│env/env_interact_step=362.3            │env/interact=1690.0                    │env/run_interact_once=1690.0          │
│generate_rollouts=1690.7               │rollout/generate_one_epoch=1681.7      │rollout/predict=10.182                │
│rollout/rollout/generate=1687.5        │rollout/sync_model_from_actor=2.608    │step=1713.4                           │
│sync_weights=2.612                     │                                       │                                      │
│                                                                                                                      │
├──────────────────────────────────────────────────── Environment ─────────────────────────────────────────────────────┤
│                                                                                                                      │
│episode_len=200.0                      │num_trajectories=256                   │return=0.84375                        │
│reward=0.0042187497                    │success_once=0.84375                   │                                      │
│                                                                                                                      │
├────────────────────────────────────────────────────── Rollout ───────────────────────────────────────────────────────┤
│                                                                                                                      │
│advantages_max=1.477                   │advantages_mean=-7.08e-09              │advantages_min=-3.010                 │
│returns_max=1.000                      │returns_mean=0.797                     │returns_min=0.0000                    │
│rewards=0.0053                         │                                       │                                      │
│                                                                                                                      │
├─────────────────────────────────────────────────── Training/Actor ───────────────────────────────────────────────────┤
│                                                                                                                      │
│actor/approx_kl=0.0045                 │actor/clip_fraction=0.047              │actor/clipped_ratio=0.999             │
│actor/dual_cliped_ratio=0.0000         │actor/entropy_loss=0.0000              │actor/grad_norm=31.485                │
│actor/lr=5.60e-06                      │actor/policy_loss=-0.101               │actor/policy_loss_abs=0.708           │
│actor/ratio=1.004                      │actor/ratio_abs=0.056                  │actor/total_loss=-0.0035              │
│                                                                                                                      │
├────────────────────────────────────────────────── Training/Critic ───────────────────────────────────────────────────┤
│                                                                                                                      │
│critic/explained_variance=0.239        │critic/lr=1.10e-04                     │critic/value_clip_ratio=0.0000        │
│critic/value_loss=0.046                │                                       │                                      │
│                                                                                                                      │
╰──────────────────────────────────────────────────────────────────────────────────────────────────────────────────────╯

[36m(RolloutGroup(rank=0) pid=2513440)[0m Generating Rollout Epochs:   0%|          | 0/4 [00:00<?, ?it/s]
[36m(RolloutGroup(rank=0) pid=2513440)[0m Generating Rollout Epochs:  25%|██▌       | 1/4 [05:07<15:22, 307.55s/it]
[36m(RolloutGroup(rank=0) pid=2513440)[0m Generating Rollout Epochs:  50%|█████     | 2/4 [10:41<10:45, 322.96s/it]
[36m(RolloutGroup(rank=0) pid=2513440)[0m Generating Rollout Epochs:  75%|███████▌  | 3/4 [17:07<05:51, 351.72s/it]
[36m(RolloutGroup(rank=0) pid=2513440)[0m Generating Rollout Epochs: 100%|██████████| 4/4 [23:28<00:00, 363.43s/it]Generating Rollout Epochs: 100%|██████████| 4/4 [23:28<00:00, 352.16s/it]

╭──────────────────────────────────────────────────────────────────────────────────────────────────────────────────────╮
├──────────────────────────────────────────────────── Metric Table ────────────────────────────────────────────────────┤
│ Global Step:    9/100 │ Progress: ███░░░░░░░░░░░░░░░░░░░░░░░░░░░░░░░░░░░░░ │   9.0%                                  │
│ Elapsed: 03:43:46 │ ETA: 37:42:36 │ Step Time: 1491.834s                                                             │
├──────────────────────────────────────────────────────── Time ────────────────────────────────────────────────────────┤
│                                                                                                                      │
│actor/actor/compute_adv=0.010          │actor/actor/recv_traj=1421.1           │actor/actor/sync_model_to_rollout=1.9…│
│actor/run_training=23.310              │actor_training=23.314                  │cal_adv_and_returns=0.015             │
│env/compute_bootstrap_rewards=0.0018   │env/env/bootstrap_step=1026.3          │env/env/send_rollout_trajectories=1.2…│
│env/env_interact_step=361.1            │env/interact=1420.2                    │env/run_interact_once=1420.2          │
│generate_rollouts=1421.2               │rollout/generate_one_epoch=1408.6      │rollout/predict=10.032                │
│rollout/rollout/generate=1416.6        │rollout/sync_model_from_actor=2.138    │step=1446.6                           │
│sync_weights=2.140                     │                                       │                                      │
│                                                                                                                      │
├──────────────────────────────────────────────────── Environment ─────────────────────────────────────────────────────┤
│                                                                                                                      │
│episode_len=200.0                      │num_trajectories=256                   │return=0.84375                        │
│reward=0.0042187497                    │success_once=0.84375                   │                                      │
│                                                                                                                      │
├────────────────────────────────────────────────────── Rollout ───────────────────────────────────────────────────────┤
│                                                                                                                      │
│advantages_max=1.627                   │advantages_mean=5.90e-09               │advantages_min=-2.707                 │
│returns_max=1.000                      │returns_mean=0.797                     │returns_min=0.0000                    │
│rewards=0.0053                         │                                       │                                      │
│                                                                                                                      │
├─────────────────────────────────────────────────── Training/Actor ───────────────────────────────────────────────────┤
│                                                                                                                      │
│actor/approx_kl=0.014                  │actor/clip_fraction=0.061              │actor/clipped_ratio=0.996             │
│actor/dual_cliped_ratio=0.0000         │actor/entropy_loss=0.0000              │actor/grad_norm=33.130                │
│actor/lr=5.60e-06                      │actor/policy_loss=-0.096               │actor/policy_loss_abs=0.702           │
│actor/ratio=1.002                      │actor/ratio_abs=0.076                  │actor/total_loss=-0.0031              │
│                                                                                                                      │
├────────────────────────────────────────────────── Training/Critic ───────────────────────────────────────────────────┤
│                                                                                                                      │
│critic/explained_variance=0.210        │critic/lr=1.10e-04                     │critic/value_clip_ratio=0.0000        │
│critic/value_loss=0.047                │                                       │                                      │
│                                                                                                                      │
╰──────────────────────────────────────────────────────────────────────────────────────────────────────────────────────╯

[36m(RolloutGroup(rank=0) pid=2513440)[0m Generating Rollout Epochs:   0%|          | 0/4 [00:00<?, ?it/s]
[36m(RolloutGroup(rank=0) pid=2513440)[0m Generating Rollout Epochs:  25%|██▌       | 1/4 [05:08<15:26, 308.94s/it]
[36m(RolloutGroup(rank=0) pid=2513440)[0m Generating Rollout Epochs:  50%|█████     | 2/4 [10:59<11:06, 333.27s/it]
[36m(RolloutGroup(rank=0) pid=2513440)[0m Generating Rollout Epochs:  75%|███████▌  | 3/4 [16:09<05:22, 322.81s/it]
[36m(RolloutGroup(rank=0) pid=2513440)[0m Generating Rollout Epochs: 100%|██████████| 4/4 [22:55<00:00, 355.42s/it]Generating Rollout Epochs: 100%|██████████| 4/4 [22:55<00:00, 343.75s/it]
[36m(RolloutGroup(rank=0) pid=2513440)[0m Evaluating Rollout Epochs:   0%|          | 0/1 [00:00<?, ?it/s]
[36m(RolloutGroup(rank=0) pid=2513440)[0m Evaluating Rollout Epochs: 100%|██████████| 1/1 [03:06<00:00, 186.50s/it]Evaluating Rollout Epochs: 100%|██████████| 1/1 [03:06<00:00, 186.50s/it]
[INFO 08:08:37 RLinf] Saving checkpoint at step 10.
[36m(ActorGroup(rank=0) pid=2513437)[0m /home/chenyiteng/venvs/rlinf-7d07-openpi-robotwin/lib/python3.11/site-packages/torch/distributed/c10d_logger.py:83: UserWarning: barrier(): using the device under current context. You can specify `device_id` in `init_process_group` to mute this warning.
[36m(ActorGroup(rank=0) pid=2513437)[0m   return func(*args, **kwargs)
[36m(ActorGroup(rank=0) pid=2513437)[0m /home/chenyiteng/venvs/rlinf-7d07-openpi-robotwin/lib/python3.11/site-packages/torch/distributed/c10d_logger.py:83: UserWarning: barrier(): using the device under current context. You can specify `device_id` in `init_process_group` to mute this warning.
[36m(ActorGroup(rank=0) pid=2513437)[0m   return func(*args, **kwargs)

╭──────────────────────────────────────────────────────────────────────────────────────────────────────────────────────╮
├──────────────────────────────────────────────────── Metric Table ────────────────────────────────────────────────────┤
│ Global Step:   10/100 │ Progress: ████░░░░░░░░░░░░░░░░░░░░░░░░░░░░░░░░░░░░ │  10.0%                                  │
│ Elapsed: 04:13:10 │ ETA: 37:58:38 │ Step Time: 1519.098s                                                             │
├──────────────────────────────────────────────────────── Time ────────────────────────────────────────────────────────┤
│                                                                                                                      │
│actor/actor/compute_adv=0.0091         │actor/actor/recv_traj=1398.0           │actor/actor/sync_model_to_rollout=4.1…│
│actor/run_training=23.379              │actor_training=23.384                  │cal_adv_and_returns=0.014             │
│env/compute_bootstrap_rewards=0.0017   │env/env/bootstrap_step=1034.4          │env/env/send_rollout_trajectories=1.3…│
│env/env_interact_step=327.9            │env/evaluate=308.9                     │env/interact=1397.0                   │
│env/run_interact_once=1397.0           │eval=311.7                             │generate_rollouts=1398.1              │
│rollout/evaluate=192.5                 │rollout/generate_one_epoch=1387.9      │rollout/predict=10.940                │
│rollout/rollout/generate=1394.9        │rollout/sync_model_from_actor=5.404    │step=1764.4                           │
│sync_weights=2.669                     │                                       │                                      │
│                                                                                                                      │
├──────────────────────────────────────────────────── Environment ─────────────────────────────────────────────────────┤
│                                                                                                                      │
│episode_len=200.0                      │num_trajectories=256                   │return=0.7890625                      │
│reward=0.0039453125                    │success_once=0.7890625                 │                                      │
│                                                                                                                      │
├────────────────────────────────────────────────────── Rollout ───────────────────────────────────────────────────────┤
│                                                                                                                      │
│advantages_max=1.689                   │advantages_mean=1.16e-09               │advantages_min=-2.743                 │
│returns_max=1.000                      │returns_mean=0.737                     │returns_min=0.0000                    │
│rewards=0.0049                         │                                       │                                      │
│                                                                                                                      │
├───────────────────────────────────────────────────── Evaluation ─────────────────────────────────────────────────────┤
│                                                                                                                      │
│episode_len=200.0                      │num_trajectories=32                    │return=0.9375                         │
│reward=0.0046874997                    │success_at_end=0.9375                  │success_once=0.9375                   │
│                                                                                                                      │
├─────────────────────────────────────────────────── Training/Actor ───────────────────────────────────────────────────┤
│                                                                                                                      │
│actor/approx_kl=0.0065                 │actor/clip_fraction=0.053              │actor/clipped_ratio=0.998             │
│actor/dual_cliped_ratio=0.0000         │actor/entropy_loss=0.0000              │actor/grad_norm=35.802                │
│actor/lr=5.60e-06                      │actor/policy_loss=-0.113               │actor/policy_loss_abs=0.773           │
│actor/ratio=1.004                      │actor/ratio_abs=0.062                  │actor/total_loss=-0.0037              │
│                                                                                                                      │
├────────────────────────────────────────────────── Training/Critic ───────────────────────────────────────────────────┤
│                                                                                                                      │
│critic/explained_variance=0.302        │critic/lr=1.10e-04                     │critic/value_clip_ratio=0.0000        │
│critic/value_loss=0.054                │                                       │                                      │
│                                                                                                                      │
╰──────────────────────────────────────────────────────────────────────────────────────────────────────────────────────╯

[36m(RolloutGroup(rank=0) pid=2513440)[0m Generating Rollout Epochs:   0%|          | 0/4 [00:00<?, ?it/s]
[36m(RolloutGroup(rank=0) pid=2513440)[0m Generating Rollout Epochs:  25%|██▌       | 1/4 [05:31<16:35, 331.86s/it]
[36m(RolloutGroup(rank=0) pid=2513440)[0m Generating Rollout Epochs:  50%|█████     | 2/4 [11:01<11:01, 330.58s/it]
[36m(RolloutGroup(rank=0) pid=2513440)[0m Generating Rollout Epochs:  75%|███████▌  | 3/4 [17:01<05:44, 344.15s/it]
[36m(RolloutGroup(rank=0) pid=2513440)[0m Generating Rollout Epochs: 100%|██████████| 4/4 [22:50<00:00, 346.04s/it]Generating Rollout Epochs: 100%|██████████| 4/4 [22:50<00:00, 342.70s/it]

╭──────────────────────────────────────────────────────────────────────────────────────────────────────────────────────╮
├──────────────────────────────────────────────────── Metric Table ────────────────────────────────────────────────────┤
│ Global Step:   11/100 │ Progress: ████░░░░░░░░░░░░░░░░░░░░░░░░░░░░░░░░░░░░ │  11.0%                                  │
│ Elapsed: 04:36:37 │ ETA: 37:18:07 │ Step Time: 1508.851s                                                             │
├──────────────────────────────────────────────────────── Time ────────────────────────────────────────────────────────┤
│                                                                                                                      │
│actor/actor/compute_adv=0.0087         │actor/actor/recv_traj=1382.2           │actor/actor/sync_model_to_rollout=1.5…│
│actor/run_training=22.515              │actor_training=22.519                  │cal_adv_and_returns=0.015             │
│env/compute_bootstrap_rewards=0.0019   │env/env/bootstrap_step=922.0           │env/env/send_rollout_trajectories=1.1…│
│env/env_interact_step=413.4            │env/interact=1381.5                    │env/run_interact_once=1381.5          │
│generate_rollouts=1382.3               │rollout/generate_one_epoch=1370.8      │rollout/predict=10.368                │
│rollout/rollout/generate=1377.4        │rollout/sync_model_from_actor=1.426    │step=1406.4                           │
│sync_weights=1.566                     │                                       │                                      │
│                                                                                                                      │
├──────────────────────────────────────────────────── Environment ─────────────────────────────────────────────────────┤
│                                                                                                                      │
│episode_len=200.0                      │num_trajectories=256                   │return=0.828125                       │
│reward=0.004140625                     │success_once=0.828125                  │                                      │
│                                                                                                                      │
├────────────────────────────────────────────────────── Rollout ───────────────────────────────────────────────────────┤
│                                                                                                                      │
│advantages_max=1.555                   │advantages_mean=-1.88e-08              │advantages_min=-2.928                 │
│returns_max=1.000                      │returns_mean=0.779                     │returns_min=0.0000                    │
│rewards=0.0052                         │                                       │                                      │
│                                                                                                                      │
├─────────────────────────────────────────────────── Training/Actor ───────────────────────────────────────────────────┤
│                                                                                                                      │
│actor/approx_kl=0.0066                 │actor/clip_fraction=0.078              │actor/clipped_ratio=0.998             │
│actor/dual_cliped_ratio=0.0000         │actor/entropy_loss=0.0000              │actor/grad_norm=36.929                │
│actor/lr=5.60e-06                      │actor/policy_loss=-0.099               │actor/policy_loss_abs=0.705           │
│actor/ratio=1.007                      │actor/ratio_abs=0.079                  │actor/total_loss=-0.0034              │
│                                                                                                                      │
├────────────────────────────────────────────────── Training/Critic ───────────────────────────────────────────────────┤
│                                                                                                                      │
│critic/explained_variance=0.323        │critic/lr=1.10e-04                     │critic/value_clip_ratio=0.0000        │
│critic/value_loss=0.044                │                                       │                                      │
│                                                                                                                      │
╰──────────────────────────────────────────────────────────────────────────────────────────────────────────────────────╯

[36m(RolloutGroup(rank=0) pid=2513440)[0m Generating Rollout Epochs:   0%|          | 0/4 [00:00<?, ?it/s]
[36m(RolloutGroup(rank=0) pid=2513440)[0m Generating Rollout Epochs:  25%|██▌       | 1/4 [05:32<16:38, 332.95s/it]
[36m(RolloutGroup(rank=0) pid=2513440)[0m Generating Rollout Epochs:  50%|█████     | 2/4 [10:44<10:41, 320.55s/it]
[36m(RolloutGroup(rank=0) pid=2513440)[0m Generating Rollout Epochs:  75%|███████▌  | 3/4 [15:55<05:16, 316.03s/it]
[36m(RolloutGroup(rank=0) pid=2513440)[0m Generating Rollout Epochs: 100%|██████████| 4/4 [20:54<00:00, 309.16s/it]Generating Rollout Epochs: 100%|██████████| 4/4 [20:54<00:00, 313.53s/it]

╭──────────────────────────────────────────────────────────────────────────────────────────────────────────────────────╮
├──────────────────────────────────────────────────── Metric Table ────────────────────────────────────────────────────┤
│ Global Step:   12/100 │ Progress: ████░░░░░░░░░░░░░░░░░░░░░░░░░░░░░░░░░░░░ │  12.0%                                  │
│ Elapsed: 04:58:10 │ ETA: 36:26:35 │ Step Time: 1490.859s                                                             │
├──────────────────────────────────────────────────────── Time ────────────────────────────────────────────────────────┤
│                                                                                                                      │
│actor/actor/compute_adv=0.0067         │actor/actor/recv_traj=1270.4           │actor/actor/sync_model_to_rollout=1.9…│
│actor/run_training=19.960              │actor_training=19.963                  │cal_adv_and_returns=0.012             │
│env/compute_bootstrap_rewards=0.0016   │env/env/bootstrap_step=900.7           │env/env/send_rollout_trajectories=0.7…│
│env/env_interact_step=333.8            │env/interact=1269.7                    │env/run_interact_once=1269.7          │
│generate_rollouts=1270.5               │rollout/generate_one_epoch=1260.4      │rollout/predict=9.891                 │
│rollout/rollout/generate=1266.6        │rollout/sync_model_from_actor=2.473    │step=1292.9                           │
│sync_weights=2.477                     │                                       │                                      │
│                                                                                                                      │
├──────────────────────────────────────────────────── Environment ─────────────────────────────────────────────────────┤
│                                                                                                                      │
│episode_len=200.0                      │num_trajectories=256                   │return=0.9140625                      │
│reward=0.004570312                     │success_once=0.9140625                 │                                      │
│                                                                                                                      │
├────────────────────────────────────────────────────── Rollout ───────────────────────────────────────────────────────┤
│                                                                                                                      │
│advantages_max=2.264                   │advantages_mean=2.90e-08               │advantages_min=-4.271                 │
│returns_max=1.000                      │returns_mean=0.877                     │returns_min=0.0000                    │
│rewards=0.0059                         │                                       │                                      │
│                                                                                                                      │
├─────────────────────────────────────────────────── Training/Actor ───────────────────────────────────────────────────┤
│                                                                                                                      │
│actor/approx_kl=0.0069                 │actor/clip_fraction=0.037              │actor/clipped_ratio=0.996             │
│actor/dual_cliped_ratio=0.0000         │actor/entropy_loss=0.0000              │actor/grad_norm=27.416                │
│actor/lr=5.60e-06                      │actor/policy_loss=-0.075               │actor/policy_loss_abs=0.543           │
│actor/ratio=1.000                      │actor/ratio_abs=0.050                  │actor/total_loss=-0.0031              │
│                                                                                                                      │
├────────────────────────────────────────────────── Training/Critic ───────────────────────────────────────────────────┤
│                                                                                                                      │
│critic/explained_variance=0.335        │critic/lr=1.10e-04                     │critic/value_clip_ratio=0.0000        │
│critic/value_loss=0.026                │                                       │                                      │
│                                                                                                                      │
╰──────────────────────────────────────────────────────────────────────────────────────────────────────────────────────╯

[36m(RolloutGroup(rank=0) pid=2513440)[0m Generating Rollout Epochs:   0%|          | 0/4 [00:00<?, ?it/s]
[36m(RolloutGroup(rank=0) pid=2513440)[0m Generating Rollout Epochs:  25%|██▌       | 1/4 [05:00<15:00, 300.07s/it]
[36m(RolloutGroup(rank=0) pid=2513440)[0m Generating Rollout Epochs:  50%|█████     | 2/4 [09:54<09:53, 296.52s/it]
[36m(RolloutGroup(rank=0) pid=2513440)[0m Generating Rollout Epochs:  75%|███████▌  | 3/4 [15:23<05:11, 311.35s/it]
[36m(RolloutGroup(rank=0) pid=2513440)[0m Generating Rollout Epochs: 100%|██████████| 4/4 [20:43<00:00, 314.97s/it]Generating Rollout Epochs: 100%|██████████| 4/4 [20:43<00:00, 310.90s/it]

╭──────────────────────────────────────────────────────────────────────────────────────────────────────────────────────╮
├──────────────────────────────────────────────────── Metric Table ────────────────────────────────────────────────────┤
│ Global Step:   13/100 │ Progress: █████░░░░░░░░░░░░░░░░░░░░░░░░░░░░░░░░░░░ │  13.0%                                  │
│ Elapsed: 05:19:24 │ ETA: 35:37:33 │ Step Time: 1474.176s                                                             │
├──────────────────────────────────────────────────────── Time ────────────────────────────────────────────────────────┤
│                                                                                                                      │
│actor/actor/compute_adv=0.0063         │actor/actor/recv_traj=1252.3           │actor/actor/sync_model_to_rollout=1.6…│
│actor/run_training=19.666              │actor_training=19.669                  │cal_adv_and_returns=0.011             │
│env/compute_bootstrap_rewards=0.0014   │env/env/bootstrap_step=881.9           │env/env/send_rollout_trajectories=0.9…│
│env/env_interact_step=336.7            │env/interact=1251.5                    │env/run_interact_once=1251.5          │
│generate_rollouts=1252.3               │rollout/generate_one_epoch=1244.1      │rollout/predict=9.702                 │
│rollout/rollout/generate=1248.2        │rollout/sync_model_from_actor=1.953    │step=1274.0                           │
│sync_weights=1.956                     │                                       │                                      │
│                                                                                                                      │
├──────────────────────────────────────────────────── Environment ─────────────────────────────────────────────────────┤
│                                                                                                                      │
│episode_len=200.0                      │num_trajectories=256                   │return=0.83203125                     │
│reward=0.004160156                     │success_once=0.83203125                │                                      │
│                                                                                                                      │
├────────────────────────────────────────────────────── Rollout ───────────────────────────────────────────────────────┤
│                                                                                                                      │
│advantages_max=2.025                   │advantages_mean=-2.23e-08              │advantages_min=-3.085                 │
│returns_max=1.000                      │returns_mean=0.785                     │returns_min=0.0000                    │
│rewards=0.0053                         │                                       │                                      │
│                                                                                                                      │
├─────────────────────────────────────────────────── Training/Actor ───────────────────────────────────────────────────┤
│                                                                                                                      │
│actor/approx_kl=0.012                  │actor/clip_fraction=0.041              │actor/clipped_ratio=0.996             │
│actor/dual_cliped_ratio=0.0000         │actor/entropy_loss=0.0000              │actor/grad_norm=33.770                │
│actor/lr=5.60e-06                      │actor/policy_loss=-0.100               │actor/policy_loss_abs=0.683           │
│actor/ratio=0.998                      │actor/ratio_abs=0.059                  │actor/total_loss=-0.0035              │
│                                                                                                                      │
├────────────────────────────────────────────────── Training/Critic ───────────────────────────────────────────────────┤
│                                                                                                                      │
│critic/explained_variance=0.349        │critic/lr=1.10e-04                     │critic/value_clip_ratio=0.0000        │
│critic/value_loss=0.044                │                                       │                                      │
│                                                                                                                      │
╰──────────────────────────────────────────────────────────────────────────────────────────────────────────────────────╯

[36m(RolloutGroup(rank=0) pid=2513440)[0m Generating Rollout Epochs:   0%|          | 0/4 [00:00<?, ?it/s]
[36m(RolloutGroup(rank=0) pid=2513440)[0m Generating Rollout Epochs:  25%|██▌       | 1/4 [05:07<15:21, 307.15s/it]
[36m(RolloutGroup(rank=0) pid=2513440)[0m Generating Rollout Epochs:  50%|█████     | 2/4 [10:08<10:07, 303.92s/it]
[36m(RolloutGroup(rank=0) pid=2513440)[0m Generating Rollout Epochs:  75%|███████▌  | 3/4 [15:22<05:08, 308.36s/it]
[36m(RolloutGroup(rank=0) pid=2513440)[0m Generating Rollout Epochs: 100%|██████████| 4/4 [20:32<00:00, 308.98s/it]Generating Rollout Epochs: 100%|██████████| 4/4 [20:32<00:00, 308.10s/it]

╭──────────────────────────────────────────────────────────────────────────────────────────────────────────────────────╮
├──────────────────────────────────────────────────── Metric Table ────────────────────────────────────────────────────┤
│ Global Step:   14/100 │ Progress: █████░░░░░░░░░░░░░░░░░░░░░░░░░░░░░░░░░░░ │  14.0%                                  │
│ Elapsed: 05:40:27 │ ETA: 34:51:21 │ Step Time: 1459.084s                                                             │
├──────────────────────────────────────────────────────── Time ────────────────────────────────────────────────────────┤
│                                                                                                                      │
│actor/actor/compute_adv=0.0066         │actor/actor/recv_traj=1241.4           │actor/actor/sync_model_to_rollout=1.5…│
│actor/run_training=19.456              │actor_training=19.460                  │cal_adv_and_returns=0.011             │
│env/compute_bootstrap_rewards=0.0014   │env/env/bootstrap_step=880.8           │env/env/send_rollout_trajectories=0.8…│
│env/env_interact_step=328.3            │env/interact=1240.8                    │env/run_interact_once=1240.8          │
│generate_rollouts=1241.5               │rollout/generate_one_epoch=1232.4      │rollout/predict=9.747                 │
│rollout/rollout/generate=1237.2        │rollout/sync_model_from_actor=1.923    │step=1262.9                           │
│sync_weights=1.925                     │                                       │                                      │
│                                                                                                                      │
├──────────────────────────────────────────────────── Environment ─────────────────────────────────────────────────────┤
│                                                                                                                      │
│episode_len=200.0                      │num_trajectories=256                   │return=0.84375                        │
│reward=0.0042187497                    │success_once=0.84375                   │                                      │
│                                                                                                                      │
├────────────────────────────────────────────────────── Rollout ───────────────────────────────────────────────────────┤
│                                                                                                                      │
│advantages_max=2.068                   │advantages_mean=1.18e-08               │advantages_min=-3.507                 │
│returns_max=1.000                      │returns_mean=0.799                     │returns_min=0.0000                    │
│rewards=0.0053                         │                                       │                                      │
│                                                                                                                      │
├─────────────────────────────────────────────────── Training/Actor ───────────────────────────────────────────────────┤
│                                                                                                                      │
│actor/approx_kl=0.013                  │actor/clip_fraction=0.044              │actor/clipped_ratio=0.997             │
│actor/dual_cliped_ratio=0.0000         │actor/entropy_loss=0.0000              │actor/grad_norm=33.832                │
│actor/lr=5.60e-06                      │actor/policy_loss=-0.093               │actor/policy_loss_abs=0.660           │
│actor/ratio=0.997                      │actor/ratio_abs=0.059                  │actor/total_loss=-0.0033              │
│                                                                                                                      │
├────────────────────────────────────────────────── Training/Critic ───────────────────────────────────────────────────┤
│                                                                                                                      │
│critic/explained_variance=0.345        │critic/lr=1.10e-04                     │critic/value_clip_ratio=0.0000        │
│critic/value_loss=0.040                │                                       │                                      │
│                                                                                                                      │
╰──────────────────────────────────────────────────────────────────────────────────────────────────────────────────────╯

[36m(RolloutGroup(rank=0) pid=2513440)[0m Generating Rollout Epochs:   0%|          | 0/4 [00:00<?, ?it/s]
[36m(RolloutGroup(rank=0) pid=2513440)[0m Generating Rollout Epochs:  25%|██▌       | 1/4 [04:49<14:27, 289.03s/it]
[36m(RolloutGroup(rank=0) pid=2513440)[0m Generating Rollout Epochs:  50%|█████     | 2/4 [09:52<09:55, 297.77s/it]
[36m(RolloutGroup(rank=0) pid=2513440)[0m Generating Rollout Epochs:  75%|███████▌  | 3/4 [14:51<04:58, 298.15s/it]
[36m(RolloutGroup(rank=0) pid=2513440)[0m Generating Rollout Epochs: 100%|██████████| 4/4 [20:04<00:00, 304.05s/it]Generating Rollout Epochs: 100%|██████████| 4/4 [20:04<00:00, 301.16s/it]
[36m(RolloutGroup(rank=0) pid=2513440)[0m Evaluating Rollout Epochs:   0%|          | 0/1 [00:00<?, ?it/s]
[36m(RolloutGroup(rank=0) pid=2513440)[0m Evaluating Rollout Epochs: 100%|██████████| 1/1 [02:18<00:00, 138.10s/it]Evaluating Rollout Epochs: 100%|██████████| 1/1 [02:18<00:00, 138.10s/it]

╭──────────────────────────────────────────────────────────────────────────────────────────────────────────────────────╮
├──────────────────────────────────────────────────── Metric Table ────────────────────────────────────────────────────┤
│ Global Step:   15/100 │ Progress: ██████░░░░░░░░░░░░░░░░░░░░░░░░░░░░░░░░░░ │  15.0%                                  │
│ Elapsed: 06:05:51 │ ETA: 34:33:12 │ Step Time: 1463.440s                                                             │
├──────────────────────────────────────────────────────── Time ────────────────────────────────────────────────────────┤
│                                                                                                                      │
│actor/actor/compute_adv=0.0077         │actor/actor/recv_traj=1241.1           │actor/actor/sync_model_to_rollout=3.0…│
│actor/run_training=19.441              │actor_training=19.444                  │cal_adv_and_returns=0.011             │
│env/compute_bootstrap_rewards=0.0015   │env/env/bootstrap_step=862.2           │env/env/send_rollout_trajectories=0.7…│
│env/env_interact_step=344.6            │env/evaluate=259.9                     │env/interact=1240.4                   │
│env/run_interact_once=1240.4           │eval=262.0                             │generate_rollouts=1241.1              │
│rollout/evaluate=143.3                 │rollout/generate_one_epoch=1233.2      │rollout/predict=10.715                │
│rollout/rollout/generate=1237.6        │rollout/sync_model_from_actor=3.783    │step=1524.4                           │
│sync_weights=1.882                     │                                       │                                      │
│                                                                                                                      │
├──────────────────────────────────────────────────── Environment ─────────────────────────────────────────────────────┤
│                                                                                                                      │
│episode_len=200.0                      │num_trajectories=256                   │return=0.828125                       │
│reward=0.004140625                     │success_once=0.828125                  │                                      │
│                                                                                                                      │
├────────────────────────────────────────────────────── Rollout ───────────────────────────────────────────────────────┤
│                                                                                                                      │
│advantages_max=1.967                   │advantages_mean=-2.35e-09              │advantages_min=-3.153                 │
│returns_max=1.000                      │returns_mean=0.776                     │returns_min=-0.0032                   │
│rewards=0.0052                         │                                       │                                      │
│                                                                                                                      │
├───────────────────────────────────────────────────── Evaluation ─────────────────────────────────────────────────────┤
│                                                                                                                      │
│episode_len=200.0                      │num_trajectories=32                    │return=0.90625                        │
│reward=0.0045312494                    │success_at_end=0.90625                 │success_once=0.90625                  │
│                                                                                                                      │
├─────────────────────────────────────────────────── Training/Actor ───────────────────────────────────────────────────┤
│                                                                                                                      │
│actor/approx_kl=0.013                  │actor/clip_fraction=0.057              │actor/clipped_ratio=0.995             │
│actor/dual_cliped_ratio=0.0000         │actor/entropy_loss=0.0000              │actor/grad_norm=33.838                │
│actor/lr=5.60e-06                      │actor/policy_loss=-0.093               │actor/policy_loss_abs=0.674           │
│actor/ratio=1.002                      │actor/ratio_abs=0.076                  │actor/total_loss=-0.0031              │
│                                                                                                                      │
├────────────────────────────────────────────────── Training/Critic ───────────────────────────────────────────────────┤
│                                                                                                                      │
│critic/explained_variance=0.359        │critic/lr=1.10e-04                     │critic/value_clip_ratio=0.0000        │
│critic/value_loss=0.043                │                                       │                                      │
│                                                                                                                      │
╰──────────────────────────────────────────────────────────────────────────────────────────────────────────────────────╯

[36m(RolloutGroup(rank=0) pid=2513440)[0m Generating Rollout Epochs:   0%|          | 0/4 [00:00<?, ?it/s]
[36m(RolloutGroup(rank=0) pid=2513440)[0m Generating Rollout Epochs:  25%|██▌       | 1/4 [04:47<14:21, 287.21s/it]
[36m(RolloutGroup(rank=0) pid=2513440)[0m Generating Rollout Epochs:  50%|█████     | 2/4 [10:00<10:04, 302.44s/it]
[36m(RolloutGroup(rank=0) pid=2513440)[0m Generating Rollout Epochs:  75%|███████▌  | 3/4 [15:50<05:24, 324.39s/it]
[36m(RolloutGroup(rank=0) pid=2513440)[0m Generating Rollout Epochs: 100%|██████████| 4/4 [21:13<00:00, 323.88s/it]Generating Rollout Epochs: 100%|██████████| 4/4 [21:13<00:00, 318.48s/it]

╭──────────────────────────────────────────────────────────────────────────────────────────────────────────────────────╮
├──────────────────────────────────────────────────── Metric Table ────────────────────────────────────────────────────┤
│ Global Step:   16/100 │ Progress: ██████░░░░░░░░░░░░░░░░░░░░░░░░░░░░░░░░░░ │  16.0%                                  │
│ Elapsed: 06:27:42 │ ETA: 33:55:29 │ Step Time: 1453.923s                                                             │
├──────────────────────────────────────────────────────── Time ────────────────────────────────────────────────────────┤
│                                                                                                                      │
│actor/actor/compute_adv=0.0074         │actor/actor/recv_traj=1289.6           │actor/actor/sync_model_to_rollout=1.7…│
│actor/run_training=19.731              │actor_training=19.735                  │cal_adv_and_returns=0.011             │
│env/compute_bootstrap_rewards=0.0015   │env/env/bootstrap_step=911.2           │env/env/send_rollout_trajectories=0.8…│
│env/env_interact_step=344.2            │env/interact=1288.9                    │env/run_interact_once=1288.9          │
│generate_rollouts=1289.7               │rollout/generate_one_epoch=1280.8      │rollout/predict=9.887                 │
│rollout/rollout/generate=1286.4        │rollout/sync_model_from_actor=1.596    │step=1311.1                           │
│sync_weights=1.737                     │                                       │                                      │
│                                                                                                                      │
├──────────────────────────────────────────────────── Environment ─────────────────────────────────────────────────────┤
│                                                                                                                      │
│episode_len=200.0                      │num_trajectories=256                   │return=0.8515625                      │
│reward=0.004257812                     │success_once=0.8515625                 │                                      │
│                                                                                                                      │
├────────────────────────────────────────────────────── Rollout ───────────────────────────────────────────────────────┤
│                                                                                                                      │
│advantages_max=1.564                   │advantages_mean=-5.32e-09              │advantages_min=-3.036                 │
│returns_max=1.000                      │returns_mean=0.802                     │returns_min=-0.0040                   │
│rewards=0.0054                         │                                       │                                      │
│                                                                                                                      │
├─────────────────────────────────────────────────── Training/Actor ───────────────────────────────────────────────────┤
│                                                                                                                      │
│actor/approx_kl=0.013                  │actor/clip_fraction=0.059              │actor/clipped_ratio=0.995             │
│actor/dual_cliped_ratio=0.0000         │actor/entropy_loss=0.0000              │actor/grad_norm=33.393                │
│actor/lr=5.60e-06                      │actor/policy_loss=-0.095               │actor/policy_loss_abs=0.641           │
│actor/ratio=0.997                      │actor/ratio_abs=0.064                  │actor/total_loss=-0.0037              │
│                                                                                                                      │
├────────────────────────────────────────────────── Training/Critic ───────────────────────────────────────────────────┤
│                                                                                                                      │
│critic/explained_variance=0.396        │critic/lr=1.10e-04                     │critic/value_clip_ratio=0.0000        │
│critic/value_loss=0.036                │                                       │                                      │
│                                                                                                                      │
╰──────────────────────────────────────────────────────────────────────────────────────────────────────────────────────╯

[36m(RolloutGroup(rank=0) pid=2513440)[0m Generating Rollout Epochs:   0%|          | 0/4 [00:00<?, ?it/s]
[36m(RolloutGroup(rank=0) pid=2513440)[0m Generating Rollout Epochs:  25%|██▌       | 1/4 [05:12<15:38, 312.69s/it]
[36m(RolloutGroup(rank=0) pid=2513440)[0m Generating Rollout Epochs:  50%|█████     | 2/4 [10:16<10:15, 307.71s/it]
[36m(RolloutGroup(rank=0) pid=2513440)[0m Generating Rollout Epochs:  75%|███████▌  | 3/4 [15:45<05:17, 317.04s/it]
[36m(RolloutGroup(rank=0) pid=2513440)[0m Generating Rollout Epochs: 100%|██████████| 4/4 [21:48<00:00, 335.42s/it]Generating Rollout Epochs: 100%|██████████| 4/4 [21:48<00:00, 327.16s/it]

╭──────────────────────────────────────────────────────────────────────────────────────────────────────────────────────╮
├──────────────────────────────────────────────────── Metric Table ────────────────────────────────────────────────────┤
│ Global Step:   17/100 │ Progress: ██████░░░░░░░░░░░░░░░░░░░░░░░░░░░░░░░░░░ │  17.0%                                  │
│ Elapsed: 06:51:20 │ ETA: 33:28:19 │ Step Time: 1451.805s                                                             │
├──────────────────────────────────────────────────────── Time ────────────────────────────────────────────────────────┤
│                                                                                                                      │
│actor/actor/compute_adv=0.013          │actor/actor/recv_traj=1392.3           │actor/actor/sync_model_to_rollout=1.5…│
│actor/run_training=23.606              │actor_training=23.611                  │cal_adv_and_returns=0.019             │
│env/compute_bootstrap_rewards=0.0018   │env/env/bootstrap_step=982.1           │env/env/send_rollout_trajectories=1.4…│
│env/env_interact_step=366.1            │env/interact=1391.2                    │env/run_interact_once=1391.2          │
│generate_rollouts=1392.3               │rollout/generate_one_epoch=1380.7      │rollout/predict=10.777                │
│rollout/rollout/generate=1387.3        │rollout/sync_model_from_actor=1.951    │step=1417.9                           │
│sync_weights=1.954                     │                                       │                                      │
│                                                                                                                      │
├──────────────────────────────────────────────────── Environment ─────────────────────────────────────────────────────┤
│                                                                                                                      │
│episode_len=200.0                      │num_trajectories=256                   │return=0.87890625                     │
│reward=0.004394531                     │success_once=0.87890625                │                                      │
│                                                                                                                      │
├────────────────────────────────────────────────────── Rollout ───────────────────────────────────────────────────────┤
│                                                                                                                      │
│advantages_max=2.054                   │advantages_mean=-7.76e-09              │advantages_min=-3.626                 │
│returns_max=1.000                      │returns_mean=0.837                     │returns_min=0.0000                    │
│rewards=0.0056                         │                                       │                                      │
│                                                                                                                      │
├─────────────────────────────────────────────────── Training/Actor ───────────────────────────────────────────────────┤
│                                                                                                                      │
│actor/approx_kl=0.0066                 │actor/clip_fraction=0.069              │actor/clipped_ratio=0.998             │
│actor/dual_cliped_ratio=0.0000         │actor/entropy_loss=0.0000              │actor/grad_norm=37.695                │
│actor/lr=5.60e-06                      │actor/policy_loss=-0.080               │actor/policy_loss_abs=0.601           │
│actor/ratio=1.006                      │actor/ratio_abs=0.071                  │actor/total_loss=-0.0030              │
│                                                                                                                      │
├────────────────────────────────────────────────── Training/Critic ───────────────────────────────────────────────────┤
│                                                                                                                      │
│critic/explained_variance=0.376        │critic/lr=1.10e-04                     │critic/value_clip_ratio=4.88e-04      │
│critic/value_loss=0.031                │                                       │                                      │
│                                                                                                                      │
╰──────────────────────────────────────────────────────────────────────────────────────────────────────────────────────╯

[36m(RolloutGroup(rank=0) pid=2513440)[0m Generating Rollout Epochs:   0%|          | 0/4 [00:00<?, ?it/s]
[36m(RolloutGroup(rank=0) pid=2513440)[0m Generating Rollout Epochs:  25%|██▌       | 1/4 [05:45<17:15, 345.24s/it]
[36m(RolloutGroup(rank=0) pid=2513440)[0m Generating Rollout Epochs:  50%|█████     | 2/4 [12:08<12:15, 367.73s/it]
[36m(RolloutGroup(rank=0) pid=2513440)[0m Generating Rollout Epochs:  75%|███████▌  | 3/4 [18:20<06:09, 369.48s/it]
[36m(RolloutGroup(rank=0) pid=2513440)[0m Generating Rollout Epochs: 100%|██████████| 4/4 [24:24<00:00, 367.37s/it]Generating Rollout Epochs: 100%|██████████| 4/4 [24:24<00:00, 366.10s/it]

╭──────────────────────────────────────────────────────────────────────────────────────────────────────────────────────╮
├──────────────────────────────────────────────────── Metric Table ────────────────────────────────────────────────────┤
│ Global Step:   18/100 │ Progress: ███████░░░░░░░░░░░░░░░░░░░░░░░░░░░░░░░░░ │  18.0%                                  │
│ Elapsed: 07:16:19 │ ETA: 33:07:42 │ Step Time: 1454.417s                                                             │
├──────────────────────────────────────────────────────── Time ────────────────────────────────────────────────────────┤
│                                                                                                                      │
│actor/actor/compute_adv=0.0060         │actor/actor/recv_traj=1476.1           │actor/actor/sync_model_to_rollout=1.9…│
│actor/run_training=20.050              │actor_training=20.053                  │cal_adv_and_returns=0.011             │
│env/compute_bootstrap_rewards=0.0019   │env/env/bootstrap_step=1039.6          │env/env/send_rollout_trajectories=1.0…│
│env/env_interact_step=384.1            │env/interact=1475.4                    │env/run_interact_once=1475.4          │
│generate_rollouts=1476.1               │rollout/generate_one_epoch=1464.4      │rollout/predict=10.208                │
│rollout/rollout/generate=1470.2        │rollout/sync_model_from_actor=2.585    │step=1498.8                           │
│sync_weights=2.589                     │                                       │                                      │
│                                                                                                                      │
├──────────────────────────────────────────────────── Environment ─────────────────────────────────────────────────────┤
│                                                                                                                      │
│episode_len=200.0                      │num_trajectories=256                   │return=0.875                          │
│reward=0.0043749996                    │success_once=0.875                     │                                      │
│                                                                                                                      │
├────────────────────────────────────────────────────── Rollout ───────────────────────────────────────────────────────┤
│                                                                                                                      │
│advantages_max=1.832                   │advantages_mean=3.58e-09               │advantages_min=-3.856                 │
│returns_max=1.002                      │returns_mean=0.837                     │returns_min=0.0000                    │
│rewards=0.0056                         │                                       │                                      │
│                                                                                                                      │
├─────────────────────────────────────────────────── Training/Actor ───────────────────────────────────────────────────┤
│                                                                                                                      │
│actor/approx_kl=0.010                  │actor/clip_fraction=0.057              │actor/clipped_ratio=0.996             │
│actor/dual_cliped_ratio=0.0000         │actor/entropy_loss=0.0000              │actor/grad_norm=45.686                │
│actor/lr=5.60e-06                      │actor/policy_loss=-0.079               │actor/policy_loss_abs=0.608           │
│actor/ratio=1.005                      │actor/ratio_abs=0.075                  │actor/total_loss=-0.0028              │
│                                                                                                                      │
├────────────────────────────────────────────────── Training/Critic ───────────────────────────────────────────────────┤
│                                                                                                                      │
│critic/explained_variance=0.375        │critic/lr=1.10e-04                     │critic/value_clip_ratio=0.0000        │
│critic/value_loss=0.034                │                                       │                                      │
│                                                                                                                      │
╰──────────────────────────────────────────────────────────────────────────────────────────────────────────────────────╯

[36m(RolloutGroup(rank=0) pid=2513440)[0m Generating Rollout Epochs:   0%|          | 0/4 [00:00<?, ?it/s]
[36m(RolloutGroup(rank=0) pid=2513440)[0m Generating Rollout Epochs:  25%|██▌       | 1/4 [05:48<17:25, 348.59s/it]
[36m(RolloutGroup(rank=0) pid=2513440)[0m Generating Rollout Epochs:  50%|█████     | 2/4 [11:51<11:54, 357.24s/it]
[36m(RolloutGroup(rank=0) pid=2513440)[0m Generating Rollout Epochs:  75%|███████▌  | 3/4 [17:28<05:47, 347.94s/it]
[36m(RolloutGroup(rank=0) pid=2513440)[0m Generating Rollout Epochs: 100%|██████████| 4/4 [22:52<00:00, 338.44s/it]Generating Rollout Epochs: 100%|██████████| 4/4 [22:52<00:00, 343.16s/it]

╭──────────────────────────────────────────────────────────────────────────────────────────────────────────────────────╮
├──────────────────────────────────────────────────── Metric Table ────────────────────────────────────────────────────┤
│ Global Step:   19/100 │ Progress: ███████░░░░░░░░░░░░░░░░░░░░░░░░░░░░░░░░░ │  19.0%                                  │
│ Elapsed: 07:40:19 │ ETA: 32:42:24 │ Step Time: 1453.640s                                                             │
├──────────────────────────────────────────────────────── Time ────────────────────────────────────────────────────────┤
│                                                                                                                      │
│actor/actor/compute_adv=0.0092         │actor/actor/recv_traj=1414.5           │actor/actor/sync_model_to_rollout=1.7…│
│actor/run_training=22.950              │actor_training=22.956                  │cal_adv_and_returns=0.015             │
│env/compute_bootstrap_rewards=0.0021   │env/env/bootstrap_step=1010.3          │env/env/send_rollout_trajectories=1.2…│
│env/env_interact_step=365.3            │env/interact=1413.5                    │env/run_interact_once=1413.5          │
│generate_rollouts=1414.5               │rollout/generate_one_epoch=1401.8      │rollout/predict=10.103                │
│rollout/rollout/generate=1409.0        │rollout/sync_model_from_actor=2.104    │step=1439.6                           │
│sync_weights=2.106                     │                                       │                                      │
│                                                                                                                      │
├──────────────────────────────────────────────────── Environment ─────────────────────────────────────────────────────┤
│                                                                                                                      │
│episode_len=200.0                      │num_trajectories=256                   │return=0.85546875                     │
│reward=0.0042773434                    │success_once=0.85546875                │                                      │
│                                                                                                                      │
├────────────────────────────────────────────────────── Rollout ───────────────────────────────────────────────────────┤
│                                                                                                                      │
│advantages_max=1.520                   │advantages_mean=3.55e-08               │advantages_min=-3.611                 │
│returns_max=1.002                      │returns_mean=0.812                     │returns_min=-0.0057                   │
│rewards=0.0054                         │                                       │                                      │
│                                                                                                                      │
├─────────────────────────────────────────────────── Training/Actor ───────────────────────────────────────────────────┤
│                                                                                                                      │
│actor/approx_kl=0.0076                 │actor/clip_fraction=0.072              │actor/clipped_ratio=0.999             │
│actor/dual_cliped_ratio=0.0000         │actor/entropy_loss=0.0000              │actor/grad_norm=39.940                │
│actor/lr=5.60e-06                      │actor/policy_loss=-0.088               │actor/policy_loss_abs=0.623           │
│actor/ratio=1.008                      │actor/ratio_abs=0.078                  │actor/total_loss=-0.0032              │
│                                                                                                                      │
├────────────────────────────────────────────────── Training/Critic ───────────────────────────────────────────────────┤
│                                                                                                                      │
│critic/explained_variance=0.361        │critic/lr=1.10e-04                     │critic/value_clip_ratio=0.0000        │
│critic/value_loss=0.037                │                                       │                                      │
│                                                                                                                      │
╰──────────────────────────────────────────────────────────────────────────────────────────────────────────────────────╯

[36m(RolloutGroup(rank=0) pid=2513440)[0m Generating Rollout Epochs:   0%|          | 0/4 [00:00<?, ?it/s]
[36m(RolloutGroup(rank=0) pid=2513440)[0m Generating Rollout Epochs:  25%|██▌       | 1/4 [05:18<15:54, 318.05s/it]
[36m(RolloutGroup(rank=0) pid=2513440)[0m Generating Rollout Epochs:  50%|█████     | 2/4 [10:38<10:38, 319.25s/it]
[36m(RolloutGroup(rank=0) pid=2513440)[0m Generating Rollout Epochs:  75%|███████▌  | 3/4 [16:33<05:35, 335.95s/it]
[36m(RolloutGroup(rank=0) pid=2513440)[0m Generating Rollout Epochs: 100%|██████████| 4/4 [22:45<00:00, 349.90s/it]Generating Rollout Epochs: 100%|██████████| 4/4 [22:45<00:00, 341.31s/it]
[36m(RolloutGroup(rank=0) pid=2513440)[0m Evaluating Rollout Epochs:   0%|          | 0/1 [00:00<?, ?it/s]
[36m(RolloutGroup(rank=0) pid=2513440)[0m Evaluating Rollout Epochs: 100%|██████████| 1/1 [02:26<00:00, 146.92s/it]Evaluating Rollout Epochs: 100%|██████████| 1/1 [02:26<00:00, 146.92s/it]
[INFO 12:05:02 RLinf] Saving checkpoint at step 20.
[36m(ActorGroup(rank=0) pid=2513437)[0m /home/chenyiteng/venvs/rlinf-7d07-openpi-robotwin/lib/python3.11/site-packages/torch/distributed/c10d_logger.py:83: UserWarning: barrier(): using the device under current context. You can specify `device_id` in `init_process_group` to mute this warning.
[36m(ActorGroup(rank=0) pid=2513437)[0m   return func(*args, **kwargs)
[36m(ActorGroup(rank=0) pid=2513437)[0m /home/chenyiteng/venvs/rlinf-7d07-openpi-robotwin/lib/python3.11/site-packages/torch/distributed/c10d_logger.py:83: UserWarning: barrier(): using the device under current context. You can specify `device_id` in `init_process_group` to mute this warning.
[36m(ActorGroup(rank=0) pid=2513437)[0m   return func(*args, **kwargs)

╭──────────────────────────────────────────────────────────────────────────────────────────────────────────────────────╮
├──────────────────────────────────────────────────── Metric Table ────────────────────────────────────────────────────┤
│ Global Step:   20/100 │ Progress: ████████░░░░░░░░░░░░░░░░░░░░░░░░░░░░░░░░ │  20.0%                                  │
│ Elapsed: 08:09:34 │ ETA: 32:38:17 │ Step Time: 1468.719s                                                             │
├──────────────────────────────────────────────────────── Time ────────────────────────────────────────────────────────┤
│                                                                                                                      │
│actor/actor/compute_adv=0.0091         │actor/actor/recv_traj=1401.4           │actor/actor/sync_model_to_rollout=4.0…│
│actor/run_training=23.271              │actor_training=23.276                  │cal_adv_and_returns=0.015             │
│env/compute_bootstrap_rewards=0.0019   │env/env/bootstrap_step=981.3           │env/env/send_rollout_trajectories=1.3…│
│env/env_interact_step=373.6            │env/evaluate=299.1                     │env/interact=1400.2                   │
│env/run_interact_once=1400.2           │eval=301.7                             │generate_rollouts=1401.4              │
│rollout/evaluate=153.9                 │rollout/generate_one_epoch=1389.2      │rollout/predict=11.291                │
│rollout/rollout/generate=1396.2        │rollout/sync_model_from_actor=4.959    │step=1755.2                           │
│sync_weights=2.431                     │                                       │                                      │
│                                                                                                                      │
├──────────────────────────────────────────────────── Environment ─────────────────────────────────────────────────────┤
│                                                                                                                      │
│episode_len=200.0                      │num_trajectories=256                   │return=0.8984375                      │
│reward=0.004492187                     │success_once=0.8984375                 │                                      │
│                                                                                                                      │
├────────────────────────────────────────────────────── Rollout ───────────────────────────────────────────────────────┤
│                                                                                                                      │
│advantages_max=2.029                   │advantages_mean=-1.44e-08              │advantages_min=-4.065                 │
│returns_max=1.000                      │returns_mean=0.858                     │returns_min=-0.0074                   │
│rewards=0.0058                         │                                       │                                      │
│                                                                                                                      │
├───────────────────────────────────────────────────── Evaluation ─────────────────────────────────────────────────────┤
│                                                                                                                      │
│episode_len=200.0                      │num_trajectories=32                    │return=0.9375                         │
│reward=0.0046874997                    │success_at_end=0.9375                  │success_once=0.9375                   │
│                                                                                                                      │
├─────────────────────────────────────────────────── Training/Actor ───────────────────────────────────────────────────┤
│                                                                                                                      │
│actor/approx_kl=0.020                  │actor/clip_fraction=0.055              │actor/clipped_ratio=0.993             │
│actor/dual_cliped_ratio=0.0000         │actor/entropy_loss=0.0000              │actor/grad_norm=42.304                │
│actor/lr=5.60e-06                      │actor/policy_loss=-0.068               │actor/policy_loss_abs=0.548           │
│actor/ratio=0.994                      │actor/ratio_abs=0.071                  │actor/total_loss=-0.0025              │
│                                                                                                                      │
├────────────────────────────────────────────────── Training/Critic ───────────────────────────────────────────────────┤
│                                                                                                                      │
│critic/explained_variance=0.406        │critic/lr=1.10e-04                     │critic/value_clip_ratio=4.88e-04      │
│critic/value_loss=0.028                │                                       │                                      │
│                                                                                                                      │
╰──────────────────────────────────────────────────────────────────────────────────────────────────────────────────────╯

[36m(RolloutGroup(rank=0) pid=2513440)[0m Generating Rollout Epochs:   0%|          | 0/4 [00:00<?, ?it/s]
[36m(RolloutGroup(rank=0) pid=2513440)[0m Generating Rollout Epochs:  25%|██▌       | 1/4 [06:37<19:52, 397.38s/it]
[36m(RolloutGroup(rank=0) pid=2513440)[0m Generating Rollout Epochs:  50%|█████     | 2/4 [12:08<11:57, 358.53s/it]
[36m(RolloutGroup(rank=0) pid=2513440)[0m Generating Rollout Epochs:  75%|███████▌  | 3/4 [18:24<06:06, 366.25s/it]
[36m(RolloutGroup(rank=0) pid=2513440)[0m Generating Rollout Epochs: 100%|██████████| 4/4 [24:59<00:00, 377.70s/it]Generating Rollout Epochs: 100%|██████████| 4/4 [24:59<00:00, 374.85s/it]

╭──────────────────────────────────────────────────────────────────────────────────────────────────────────────────────╮
├──────────────────────────────────────────────────── Metric Table ────────────────────────────────────────────────────┤
│ Global Step:   21/100 │ Progress: ████████░░░░░░░░░░░░░░░░░░░░░░░░░░░░░░░░ │  21.0%                                  │
│ Elapsed: 08:35:11 │ ETA: 32:18:04 │ Step Time: 1471.956s                                                             │
├──────────────────────────────────────────────────────── Time ────────────────────────────────────────────────────────┤
│                                                                                                                      │
│actor/actor/compute_adv=0.0071         │actor/actor/recv_traj=1513.5           │actor/actor/sync_model_to_rollout=1.5…│
│actor/run_training=21.505              │actor_training=21.509                  │cal_adv_and_returns=0.011             │
│env/compute_bootstrap_rewards=0.0018   │env/env/bootstrap_step=1123.9          │env/env/send_rollout_trajectories=1.0…│
│env/env_interact_step=343.9            │env/interact=1512.7                    │env/run_interact_once=1512.7          │
│generate_rollouts=1513.6               │rollout/generate_one_epoch=1499.4      │rollout/predict=10.001                │
│rollout/rollout/generate=1507.0        │rollout/sync_model_from_actor=1.461    │step=1536.7                           │
│sync_weights=1.600                     │                                       │                                      │
│                                                                                                                      │
├──────────────────────────────────────────────────── Environment ─────────────────────────────────────────────────────┤
│                                                                                                                      │
│episode_len=200.0                      │num_trajectories=256                   │return=0.86328125                     │
│reward=0.004316406                     │success_once=0.86328125                │                                      │
│                                                                                                                      │
├────────────────────────────────────────────────────── Rollout ───────────────────────────────────────────────────────┤
│                                                                                                                      │
│advantages_max=2.114                   │advantages_mean=-4.75e-09              │advantages_min=-3.805                 │
│returns_max=1.000                      │returns_mean=0.817                     │returns_min=-0.0047                   │
│rewards=0.0055                         │                                       │                                      │
│                                                                                                                      │
├─────────────────────────────────────────────────── Training/Actor ───────────────────────────────────────────────────┤
│                                                                                                                      │
│actor/approx_kl=0.0088                 │actor/clip_fraction=0.048              │actor/clipped_ratio=0.996             │
│actor/dual_cliped_ratio=0.0000         │actor/entropy_loss=0.0000              │actor/grad_norm=30.377                │
│actor/lr=5.60e-06                      │actor/policy_loss=-0.080               │actor/policy_loss_abs=0.593           │
│actor/ratio=1.001                      │actor/ratio_abs=0.060                  │actor/total_loss=-0.0030              │
│                                                                                                                      │
├────────────────────────────────────────────────── Training/Critic ───────────────────────────────────────────────────┤
│                                                                                                                      │
│critic/explained_variance=0.431        │critic/lr=1.10e-04                     │critic/value_clip_ratio=9.77e-04      │
│critic/value_loss=0.032                │                                       │                                      │
│                                                                                                                      │
╰──────────────────────────────────────────────────────────────────────────────────────────────────────────────────────╯

[36m(RolloutGroup(rank=0) pid=2513440)[0m Generating Rollout Epochs:   0%|          | 0/4 [00:00<?, ?it/s]
[36m(RolloutGroup(rank=0) pid=2513440)[0m Generating Rollout Epochs:  25%|██▌       | 1/4 [06:36<19:48, 396.22s/it]
[36m(RolloutGroup(rank=0) pid=2513440)[0m Generating Rollout Epochs:  50%|█████     | 2/4 [12:14<12:04, 362.20s/it]
[36m(RolloutGroup(rank=0) pid=2513440)[0m Generating Rollout Epochs:  75%|███████▌  | 3/4 [17:36<05:43, 343.75s/it]
[36m(Actor(rank=0) pid=2513608)[0m [W831 12:52:09.477190232 socket.cpp:207] [c10d] The hostname of the client socket cannot be retrieved. err=-3
[36m(RolloutGroup(rank=0) pid=2513440)[0m Generating Rollout Epochs: 100%|██████████| 4/4 [23:01<00:00, 336.56s/it]Generating Rollout Epochs: 100%|██████████| 4/4 [23:01<00:00, 345.49s/it]

╭──────────────────────────────────────────────────────────────────────────────────────────────────────────────────────╮
├──────────────────────────────────────────────────── Metric Table ────────────────────────────────────────────────────┤
│ Global Step:   22/100 │ Progress: ████████░░░░░░░░░░░░░░░░░░░░░░░░░░░░░░░░ │  22.0%                                  │
│ Elapsed: 08:58:50 │ ETA: 31:50:27 │ Step Time: 1469.579s                                                             │
├──────────────────────────────────────────────────────── Time ────────────────────────────────────────────────────────┤
│                                                                                                                      │
│actor/actor/compute_adv=0.0090         │actor/actor/recv_traj=1394.5           │actor/actor/sync_model_to_rollout=2.0…│
│actor/run_training=22.554              │actor_training=22.558                  │cal_adv_and_returns=0.014             │
│env/compute_bootstrap_rewards=0.0017   │env/env/bootstrap_step=1008.9          │env/env/send_rollout_trajectories=0.8…│
│env/env_interact_step=334.4            │env/interact=1393.7                    │env/run_interact_once=1393.7          │
│generate_rollouts=1394.6               │rollout/generate_one_epoch=1381.9      │rollout/predict=10.090                │
│rollout/rollout/generate=1387.5        │rollout/sync_model_from_actor=2.494    │step=1419.6                           │
│sync_weights=2.498                     │                                       │                                      │
│                                                                                                                      │
├──────────────────────────────────────────────────── Environment ─────────────────────────────────────────────────────┤
│                                                                                                                      │
│episode_len=200.0                      │num_trajectories=256                   │return=0.87109375                     │
│reward=0.0043554683                    │success_once=0.87109375                │                                      │
│                                                                                                                      │
├────────────────────────────────────────────────────── Rollout ───────────────────────────────────────────────────────┤
│                                                                                                                      │
│advantages_max=2.181                   │advantages_mean=-2.08e-08              │advantages_min=-3.755                 │
│returns_max=1.000                      │returns_mean=0.831                     │returns_min=-0.0025                   │
│rewards=0.0056                         │                                       │                                      │
│                                                                                                                      │
├─────────────────────────────────────────────────── Training/Actor ───────────────────────────────────────────────────┤
│                                                                                                                      │
│actor/approx_kl=0.015                  │actor/clip_fraction=0.043              │actor/clipped_ratio=0.995             │
│actor/dual_cliped_ratio=0.0000         │actor/entropy_loss=0.0000              │actor/grad_norm=32.552                │
│actor/lr=5.60e-06                      │actor/policy_loss=-0.081               │actor/policy_loss_abs=0.593           │
│actor/ratio=0.996                      │actor/ratio_abs=0.060                  │actor/total_loss=-0.0031              │
│                                                                                                                      │
├────────────────────────────────────────────────── Training/Critic ───────────────────────────────────────────────────┤
│                                                                                                                      │
│critic/explained_variance=0.433        │critic/lr=1.10e-04                     │critic/value_clip_ratio=0.0000        │
│critic/value_loss=0.031                │                                       │                                      │
│                                                                                                                      │
╰──────────────────────────────────────────────────────────────────────────────────────────────────────────────────────╯

[36m(RolloutGroup(rank=0) pid=2513440)[0m Generating Rollout Epochs:   0%|          | 0/4 [00:00<?, ?it/s]
[36m(RolloutGroup(rank=0) pid=2513440)[0m Generating Rollout Epochs:  25%|██▌       | 1/4 [05:04<15:12, 304.13s/it]
[36m(RolloutGroup(rank=0) pid=2513440)[0m Generating Rollout Epochs:  50%|█████     | 2/4 [10:50<10:58, 329.04s/it]
[36m(RolloutGroup(rank=0) pid=2513440)[0m Generating Rollout Epochs:  75%|███████▌  | 3/4 [16:04<05:21, 321.95s/it]
[36m(RolloutGroup(rank=0) pid=2513440)[0m Generating Rollout Epochs: 100%|██████████| 4/4 [21:14<00:00, 317.29s/it]Generating Rollout Epochs: 100%|██████████| 4/4 [21:14<00:00, 318.57s/it]

╭──────────────────────────────────────────────────────────────────────────────────────────────────────────────────────╮
├──────────────────────────────────────────────────── Metric Table ────────────────────────────────────────────────────┤
│ Global Step:   23/100 │ Progress: █████████░░░░░░░░░░░░░░░░░░░░░░░░░░░░░░░ │  23.0%                                  │
│ Elapsed: 09:21:06 │ ETA: 31:18:30 │ Step Time: 1463.771s                                                             │
├──────────────────────────────────────────────────────── Time ────────────────────────────────────────────────────────┤
│                                                                                                                      │
│actor/actor/compute_adv=0.0073         │actor/actor/recv_traj=1313.5           │actor/actor/sync_model_to_rollout=1.9…│
│actor/run_training=19.977              │actor_training=19.982                  │cal_adv_and_returns=0.013             │
│env/compute_bootstrap_rewards=0.0017   │env/env/bootstrap_step=907.0           │env/env/send_rollout_trajectories=1.3…│
│env/env_interact_step=358.7            │env/interact=1312.4                    │env/run_interact_once=1312.4          │
│generate_rollouts=1313.5               │rollout/generate_one_epoch=1301.1      │rollout/predict=10.205                │
│rollout/rollout/generate=1308.2        │rollout/sync_model_from_actor=2.450    │step=1336.0                           │
│sync_weights=2.455                     │                                       │                                      │
│                                                                                                                      │
├──────────────────────────────────────────────────── Environment ─────────────────────────────────────────────────────┤
│                                                                                                                      │
│episode_len=200.0                      │num_trajectories=256                   │return=0.87890625                     │
│reward=0.004394531                     │success_once=0.87890625                │                                      │
│                                                                                                                      │
├────────────────────────────────────────────────────── Rollout ───────────────────────────────────────────────────────┤
│                                                                                                                      │
│advantages_max=2.502                   │advantages_mean=-1.55e-08              │advantages_min=-5.094                 │
│returns_max=1.000                      │returns_mean=0.837                     │returns_min=-0.0043                   │
│rewards=0.0056                         │                                       │                                      │
│                                                                                                                      │
├─────────────────────────────────────────────────── Training/Actor ───────────────────────────────────────────────────┤
│                                                                                                                      │
│actor/approx_kl=0.0071                 │actor/clip_fraction=0.037              │actor/clipped_ratio=0.999             │
│actor/dual_cliped_ratio=0.0000         │actor/entropy_loss=0.0000              │actor/grad_norm=29.300                │
│actor/lr=5.60e-06                      │actor/policy_loss=-0.074               │actor/policy_loss_abs=0.587           │
│actor/ratio=1.001                      │actor/ratio_abs=0.051                  │actor/total_loss=-0.0028              │
│                                                                                                                      │
├────────────────────────────────────────────────── Training/Critic ───────────────────────────────────────────────────┤
│                                                                                                                      │
│critic/explained_variance=0.408        │critic/lr=1.10e-04                     │critic/value_clip_ratio=0.0000        │
│critic/value_loss=0.030                │                                       │                                      │
│                                                                                                                      │
╰──────────────────────────────────────────────────────────────────────────────────────────────────────────────────────╯

[36m(RolloutGroup(rank=0) pid=2513440)[0m Generating Rollout Epochs:   0%|          | 0/4 [00:00<?, ?it/s]
[36m(RolloutGroup(rank=0) pid=2513440)[0m Generating Rollout Epochs:  25%|██▌       | 1/4 [05:14<15:43, 314.46s/it]
[36m(RolloutGroup(rank=0) pid=2513440)[0m Generating Rollout Epochs:  50%|█████     | 2/4 [10:36<10:37, 318.80s/it]
[36m(RolloutGroup(rank=0) pid=2513440)[0m Generating Rollout Epochs:  75%|███████▌  | 3/4 [16:08<05:24, 324.71s/it]
[36m(RolloutGroup(rank=0) pid=2513440)[0m Generating Rollout Epochs: 100%|██████████| 4/4 [22:02<00:00, 336.41s/it]Generating Rollout Epochs: 100%|██████████| 4/4 [22:02<00:00, 330.60s/it]

╭──────────────────────────────────────────────────────────────────────────────────────────────────────────────────────╮
├──────────────────────────────────────────────────── Metric Table ────────────────────────────────────────────────────┤
│ Global Step:   24/100 │ Progress: █████████░░░░░░░░░░░░░░░░░░░░░░░░░░░░░░░ │  24.0%                                  │
│ Elapsed: 09:43:44 │ ETA: 30:48:31 │ Step Time: 1459.358s                                                             │
├──────────────────────────────────────────────────────── Time ────────────────────────────────────────────────────────┤
│                                                                                                                      │
│actor/actor/compute_adv=0.0092         │actor/actor/recv_traj=1335.6           │actor/actor/sync_model_to_rollout=1.5…│
│actor/run_training=20.230              │actor_training=20.235                  │cal_adv_and_returns=0.015             │
│env/compute_bootstrap_rewards=0.0019   │env/env/bootstrap_step=909.8           │env/env/send_rollout_trajectories=1.2…│
│env/env_interact_step=371.3            │env/interact=1334.6                    │env/run_interact_once=1334.6          │
│generate_rollouts=1335.6               │rollout/generate_one_epoch=1322.4      │rollout/predict=10.339                │
│rollout/rollout/generate=1328.2        │rollout/sync_model_from_actor=1.963    │step=1357.8                           │
│sync_weights=1.966                     │                                       │                                      │
│                                                                                                                      │
├──────────────────────────────────────────────────── Environment ─────────────────────────────────────────────────────┤
│                                                                                                                      │
│episode_len=200.0                      │num_trajectories=256                   │return=0.921875                       │
│reward=0.0046093743                    │success_once=0.921875                  │                                      │
│                                                                                                                      │
├────────────────────────────────────────────────────── Rollout ───────────────────────────────────────────────────────┤
│                                                                                                                      │
│advantages_max=1.644                   │advantages_mean=2.18e-08               │advantages_min=-5.180                 │
│returns_max=1.000                      │returns_mean=0.886                     │returns_min=-0.011                    │
│rewards=0.0060                         │                                       │                                      │
│                                                                                                                      │
├─────────────────────────────────────────────────── Training/Actor ───────────────────────────────────────────────────┤
│                                                                                                                      │
│actor/approx_kl=0.012                  │actor/clip_fraction=0.044              │actor/clipped_ratio=0.998             │
│actor/dual_cliped_ratio=0.0000         │actor/entropy_loss=0.0000              │actor/grad_norm=40.229                │
│actor/lr=5.60e-06                      │actor/policy_loss=-0.063               │actor/policy_loss_abs=0.524           │
│actor/ratio=0.997                      │actor/ratio_abs=0.058                  │actor/total_loss=-0.0026              │
│                                                                                                                      │
├────────────────────────────────────────────────── Training/Critic ───────────────────────────────────────────────────┤
│                                                                                                                      │
│critic/explained_variance=0.425        │critic/lr=1.10e-04                     │critic/value_clip_ratio=0.0015        │
│critic/value_loss=0.021                │                                       │                                      │
│                                                                                                                      │
╰──────────────────────────────────────────────────────────────────────────────────────────────────────────────────────╯

[36m(RolloutGroup(rank=0) pid=2513440)[0m Generating Rollout Epochs:   0%|          | 0/4 [00:00<?, ?it/s]
[36m(RolloutGroup(rank=0) pid=2513440)[0m Generating Rollout Epochs:  25%|██▌       | 1/4 [05:21<16:03, 321.08s/it]
[36m(RolloutGroup(rank=0) pid=2513440)[0m Generating Rollout Epochs:  50%|█████     | 2/4 [10:48<10:49, 324.62s/it]
[36m(RolloutGroup(rank=0) pid=2513440)[0m Generating Rollout Epochs:  75%|███████▌  | 3/4 [16:11<05:23, 323.81s/it]
[36m(RolloutGroup(rank=0) pid=2513440)[0m Generating Rollout Epochs: 100%|██████████| 4/4 [21:36<00:00, 324.35s/it]Generating Rollout Epochs: 100%|██████████| 4/4 [21:36<00:00, 324.05s/it]
[36m(RolloutGroup(rank=0) pid=2513440)[0m Evaluating Rollout Epochs:   0%|          | 0/1 [00:00<?, ?it/s]
[36m(RolloutGroup(rank=0) pid=2513440)[0m Evaluating Rollout Epochs: 100%|██████████| 1/1 [02:47<00:00, 167.53s/it]Evaluating Rollout Epochs: 100%|██████████| 1/1 [02:47<00:00, 167.53s/it]

╭──────────────────────────────────────────────────────────────────────────────────────────────────────────────────────╮
├──────────────────────────────────────────────────── Metric Table ────────────────────────────────────────────────────┤
│ Global Step:   25/100 │ Progress: ██████████░░░░░░░░░░░░░░░░░░░░░░░░░░░░░░ │  25.0%                                  │
│ Elapsed: 10:11:01 │ ETA: 30:33:05 │ Step Time: 1466.469s                                                             │
├──────────────────────────────────────────────────────── Time ────────────────────────────────────────────────────────┤
│                                                                                                                      │
│actor/actor/compute_adv=0.011          │actor/actor/recv_traj=1307.6           │actor/actor/sync_model_to_rollout=3.8…│
│actor/run_training=22.807              │actor_training=22.813                  │cal_adv_and_returns=0.019             │
│env/compute_bootstrap_rewards=0.0018   │env/env/bootstrap_step=889.5           │env/env/send_rollout_trajectories=1.0…│
│env/env_interact_step=370.2            │env/evaluate=301.9                     │env/interact=1306.9                   │
│env/run_interact_once=1306.9           │eval=304.2                             │generate_rollouts=1307.7              │
│rollout/evaluate=173.8                 │rollout/generate_one_epoch=1296.2      │rollout/predict=11.251                │
│rollout/rollout/generate=1300.2        │rollout/sync_model_from_actor=4.718    │step=1637.1                           │
│sync_weights=2.369                     │                                       │                                      │
│                                                                                                                      │
├──────────────────────────────────────────────────── Environment ─────────────────────────────────────────────────────┤
│                                                                                                                      │
│episode_len=200.0                      │num_trajectories=256                   │return=0.890625                       │
│reward=0.0044531245                    │success_once=0.890625                  │                                      │
│                                                                                                                      │
├────────────────────────────────────────────────────── Rollout ───────────────────────────────────────────────────────┤
│                                                                                                                      │
│advantages_max=1.731                   │advantages_mean=3.00e-09               │advantages_min=-4.663                 │
│returns_max=1.000                      │returns_mean=0.853                     │returns_min=-0.0065                   │
│rewards=0.0057                         │                                       │                                      │
│                                                                                                                      │
├───────────────────────────────────────────────────── Evaluation ─────────────────────────────────────────────────────┤
│                                                                                                                      │
│episode_len=200.0                      │num_trajectories=32                    │return=0.9375                         │
│reward=0.0046874997                    │success_at_end=0.9375                  │success_once=0.9375                   │
│                                                                                                                      │
├─────────────────────────────────────────────────── Training/Actor ───────────────────────────────────────────────────┤
│                                                                                                                      │
│actor/approx_kl=0.0079                 │actor/clip_fraction=0.060              │actor/clipped_ratio=0.998             │
│actor/dual_cliped_ratio=0.0000         │actor/entropy_loss=0.0000              │actor/grad_norm=38.461                │
│actor/lr=5.60e-06                      │actor/policy_loss=-0.071               │actor/policy_loss_abs=0.545           │
│actor/ratio=1.006                      │actor/ratio_abs=0.075                  │actor/total_loss=-0.0028              │
│                                                                                                                      │
├────────────────────────────────────────────────── Training/Critic ───────────────────────────────────────────────────┤
│                                                                                                                      │
│critic/explained_variance=0.442        │critic/lr=1.10e-04                     │critic/value_clip_ratio=0.0000        │
│critic/value_loss=0.026                │                                       │                                      │
│                                                                                                                      │
╰──────────────────────────────────────────────────────────────────────────────────────────────────────────────────────╯

[36m(RolloutGroup(rank=0) pid=2513440)[0m Generating Rollout Epochs:   0%|          | 0/4 [00:00<?, ?it/s]
[36m(RolloutGroup(rank=0) pid=2513440)[0m Generating Rollout Epochs:  25%|██▌       | 1/4 [05:17<15:53, 317.71s/it]
[36m(RolloutGroup(rank=0) pid=2513440)[0m Generating Rollout Epochs:  50%|█████     | 2/4 [11:13<11:20, 340.19s/it]
[36m(RolloutGroup(rank=0) pid=2513440)[0m Generating Rollout Epochs:  75%|███████▌  | 3/4 [16:30<05:29, 329.75s/it]
[36m(RolloutGroup(rank=0) pid=2513440)[0m Generating Rollout Epochs: 100%|██████████| 4/4 [21:57<00:00, 328.48s/it]Generating Rollout Epochs: 100%|██████████| 4/4 [21:57<00:00, 329.38s/it]

╭──────────────────────────────────────────────────────────────────────────────────────────────────────────────────────╮
├──────────────────────────────────────────────────── Metric Table ────────────────────────────────────────────────────┤
│ Global Step:   26/100 │ Progress: ██████████░░░░░░░░░░░░░░░░░░░░░░░░░░░░░░ │  26.0%                                  │
│ Elapsed: 10:33:36 │ ETA: 30:03:21 │ Step Time: 1462.185s                                                             │
├──────────────────────────────────────────────────────── Time ────────────────────────────────────────────────────────┤
│                                                                                                                      │
│actor/actor/compute_adv=0.0081         │actor/actor/recv_traj=1331.5           │actor/actor/sync_model_to_rollout=1.7…│
│actor/run_training=21.695              │actor_training=21.700                  │cal_adv_and_returns=0.012             │
│env/compute_bootstrap_rewards=0.0017   │env/env/bootstrap_step=909.1           │env/env/send_rollout_trajectories=1.2…│
│env/env_interact_step=362.2            │env/interact=1330.8                    │env/run_interact_once=1330.8          │
│generate_rollouts=1331.5               │rollout/generate_one_epoch=1317.5      │rollout/predict=10.206                │
│rollout/rollout/generate=1322.8        │rollout/sync_model_from_actor=1.641    │step=1355.1                           │
│sync_weights=1.795                     │                                       │                                      │
│                                                                                                                      │
├──────────────────────────────────────────────────── Environment ─────────────────────────────────────────────────────┤
│                                                                                                                      │
│episode_len=200.0                      │num_trajectories=256                   │return=0.83984375                     │
│reward=0.0041992185                    │success_once=0.83984375                │                                      │
│                                                                                                                      │
├────────────────────────────────────────────────────── Rollout ───────────────────────────────────────────────────────┤
│                                                                                                                      │
│advantages_max=1.760                   │advantages_mean=-1.53e-08              │advantages_min=-3.120                 │
│returns_max=1.000                      │returns_mean=0.795                     │returns_min=-0.0034                   │
│rewards=0.0053                         │                                       │                                      │
│                                                                                                                      │
├─────────────────────────────────────────────────── Training/Actor ───────────────────────────────────────────────────┤
│                                                                                                                      │
│actor/approx_kl=0.011                  │actor/clip_fraction=0.031              │actor/clipped_ratio=0.996             │
│actor/dual_cliped_ratio=0.0000         │actor/entropy_loss=0.0000              │actor/grad_norm=29.410                │
│actor/lr=5.60e-06                      │actor/policy_loss=-0.087               │actor/policy_loss_abs=0.629           │
│actor/ratio=0.998                      │actor/ratio_abs=0.055                  │actor/total_loss=-0.0032              │
│                                                                                                                      │
├────────────────────────────────────────────────── Training/Critic ───────────────────────────────────────────────────┤
│                                                                                                                      │
│critic/explained_variance=0.448        │critic/lr=1.10e-04                     │critic/value_clip_ratio=0.0000        │
│critic/value_loss=0.036                │                                       │                                      │
│                                                                                                                      │
╰──────────────────────────────────────────────────────────────────────────────────────────────────────────────────────╯

[36m(RolloutGroup(rank=0) pid=2513440)[0m Generating Rollout Epochs:   0%|          | 0/4 [00:00<?, ?it/s]
[36m(RolloutGroup(rank=0) pid=2513440)[0m Generating Rollout Epochs:  25%|██▌       | 1/4 [05:27<16:23, 327.80s/it]
[36m(RolloutGroup(rank=0) pid=2513440)[0m Generating Rollout Epochs:  50%|█████     | 2/4 [10:52<10:51, 325.76s/it]
[36m(RolloutGroup(rank=0) pid=2513440)[0m Generating Rollout Epochs:  75%|███████▌  | 3/4 [16:30<05:31, 331.67s/it]
[36m(RolloutGroup(rank=0) pid=2513440)[0m Generating Rollout Epochs: 100%|██████████| 4/4 [21:58<00:00, 330.15s/it]Generating Rollout Epochs: 100%|██████████| 4/4 [21:58<00:00, 329.66s/it]

╭──────────────────────────────────────────────────────────────────────────────────────────────────────────────────────╮
├──────────────────────────────────────────────────── Metric Table ────────────────────────────────────────────────────┤
│ Global Step:   27/100 │ Progress: ██████████░░░░░░░░░░░░░░░░░░░░░░░░░░░░░░ │  27.0%                                  │
│ Elapsed: 10:56:14 │ ETA: 29:34:17 │ Step Time: 1458.316s                                                             │
├──────────────────────────────────────────────────────── Time ────────────────────────────────────────────────────────┤
│                                                                                                                      │
│actor/actor/compute_adv=0.0083         │actor/actor/recv_traj=1333.9           │actor/actor/sync_model_to_rollout=1.9…│
│actor/run_training=21.225              │actor_training=21.230                  │cal_adv_and_returns=0.013             │
│env/compute_bootstrap_rewards=0.0017   │env/env/bootstrap_step=895.3           │env/env/send_rollout_trajectories=1.2…│
│env/env_interact_step=379.4            │env/interact=1333.2                    │env/run_interact_once=1333.2          │
│generate_rollouts=1334.0               │rollout/generate_one_epoch=1318.7      │rollout/predict=10.231                │
│rollout/rollout/generate=1326.3        │rollout/sync_model_from_actor=2.456    │step=1357.7                           │
│sync_weights=2.460                     │                                       │                                      │
│                                                                                                                      │
├──────────────────────────────────────────────────── Environment ─────────────────────────────────────────────────────┤
│                                                                                                                      │
│episode_len=200.0                      │num_trajectories=256                   │return=0.890625                       │
│reward=0.0044531245                    │success_once=0.890625                  │                                      │
│                                                                                                                      │
├────────────────────────────────────────────────────── Rollout ───────────────────────────────────────────────────────┤
│                                                                                                                      │
│advantages_max=1.868                   │advantages_mean=7.19e-09               │advantages_min=-4.296                 │
│returns_max=1.000                      │returns_mean=0.848                     │returns_min=-0.013                    │
│rewards=0.0057                         │                                       │                                      │
│                                                                                                                      │
├─────────────────────────────────────────────────── Training/Actor ───────────────────────────────────────────────────┤
│                                                                                                                      │
│actor/approx_kl=0.018                  │actor/clip_fraction=0.044              │actor/clipped_ratio=0.993             │
│actor/dual_cliped_ratio=0.0000         │actor/entropy_loss=0.0000              │actor/grad_norm=36.986                │
│actor/lr=5.60e-06                      │actor/policy_loss=-0.073               │actor/policy_loss_abs=0.546           │
│actor/ratio=0.992                      │actor/ratio_abs=0.060                  │actor/total_loss=-0.0027              │
│                                                                                                                      │
├────────────────────────────────────────────────── Training/Critic ───────────────────────────────────────────────────┤
│                                                                                                                      │
│critic/explained_variance=0.415        │critic/lr=1.10e-04                     │critic/value_clip_ratio=0.0000        │
│critic/value_loss=0.030                │                                       │                                      │
│                                                                                                                      │
╰──────────────────────────────────────────────────────────────────────────────────────────────────────────────────────╯

[36m(RolloutGroup(rank=0) pid=2513440)[0m Generating Rollout Epochs:   0%|          | 0/4 [00:00<?, ?it/s]
[36m(RolloutGroup(rank=0) pid=2513440)[0m Generating Rollout Epochs:  25%|██▌       | 1/4 [05:15<15:47, 315.89s/it]
[36m(RolloutGroup(rank=0) pid=2513440)[0m Generating Rollout Epochs:  50%|█████     | 2/4 [10:56<11:00, 330.18s/it]
[36m(RolloutGroup(rank=0) pid=2513440)[0m Generating Rollout Epochs:  75%|███████▌  | 3/4 [16:32<05:33, 333.17s/it]
[36m(RolloutGroup(rank=0) pid=2513440)[0m Generating Rollout Epochs: 100%|██████████| 4/4 [22:17<00:00, 337.77s/it]Generating Rollout Epochs: 100%|██████████| 4/4 [22:17<00:00, 334.41s/it]

╭──────────────────────────────────────────────────────────────────────────────────────────────────────────────────────╮
├──────────────────────────────────────────────────── Metric Table ────────────────────────────────────────────────────┤
│ Global Step:   28/100 │ Progress: ███████████░░░░░░░░░░░░░░░░░░░░░░░░░░░░░ │  28.0%                                  │
│ Elapsed: 11:19:17 │ ETA: 29:06:45 │ Step Time: 1455.637s                                                             │
├──────────────────────────────────────────────────────── Time ────────────────────────────────────────────────────────┤
│                                                                                                                      │
│actor/actor/compute_adv=0.0072         │actor/actor/recv_traj=1360.5           │actor/actor/sync_model_to_rollout=1.7…│
│actor/run_training=20.487              │actor_training=20.490                  │cal_adv_and_returns=0.0100            │
│env/compute_bootstrap_rewards=0.0017   │env/env/bootstrap_step=952.0           │env/env/send_rollout_trajectories=0.8…│
│env/env_interact_step=359.4            │env/interact=1359.8                    │env/run_interact_once=1359.8          │
│generate_rollouts=1360.6               │rollout/generate_one_epoch=1349.5      │rollout/predict=10.095                │
│rollout/rollout/generate=1354.9        │rollout/sync_model_from_actor=2.202    │step=1383.3                           │
│sync_weights=2.207                     │                                       │                                      │
│                                                                                                                      │
├──────────────────────────────────────────────────── Environment ─────────────────────────────────────────────────────┤
│                                                                                                                      │
│episode_len=200.0                      │num_trajectories=256                   │return=0.93359375                     │
│reward=0.004667968                     │success_once=0.93359375                │                                      │
│                                                                                                                      │
├────────────────────────────────────────────────────── Rollout ───────────────────────────────────────────────────────┤
│                                                                                                                      │
│advantages_max=2.025                   │advantages_mean=1.52e-08               │advantages_min=-4.987                 │
│returns_max=1.000                      │returns_mean=0.899                     │returns_min=-0.013                    │
│rewards=0.0061                         │                                       │                                      │
│                                                                                                                      │
├─────────────────────────────────────────────────── Training/Actor ───────────────────────────────────────────────────┤
│                                                                                                                      │
│actor/approx_kl=0.0074                 │actor/clip_fraction=0.053              │actor/clipped_ratio=0.998             │
│actor/dual_cliped_ratio=0.0000         │actor/entropy_loss=0.0000              │actor/grad_norm=36.061                │
│actor/lr=5.60e-06                      │actor/policy_loss=-0.054               │actor/policy_loss_abs=0.488           │
│actor/ratio=1.001                      │actor/ratio_abs=0.061                  │actor/total_loss=-0.0022              │
│                                                                                                                      │
├────────────────────────────────────────────────── Training/Critic ───────────────────────────────────────────────────┤
│                                                                                                                      │
│critic/explained_variance=0.451        │critic/lr=1.10e-04                     │critic/value_clip_ratio=0.0000        │
│critic/value_loss=0.019                │                                       │                                      │
│                                                                                                                      │
╰──────────────────────────────────────────────────────────────────────────────────────────────────────────────────────╯

[36m(RolloutGroup(rank=0) pid=2513440)[0m Generating Rollout Epochs:   0%|          | 0/4 [00:00<?, ?it/s]
[36m(RolloutGroup(rank=0) pid=2513440)[0m Generating Rollout Epochs:  25%|██▌       | 1/4 [06:09<18:27, 369.23s/it]
[36m(RolloutGroup(rank=0) pid=2513440)[0m Generating Rollout Epochs:  50%|█████     | 2/4 [12:06<12:04, 362.11s/it]
[36m(RolloutGroup(rank=0) pid=2513440)[0m Generating Rollout Epochs:  75%|███████▌  | 3/4 [18:10<06:03, 363.21s/it]
[36m(RolloutGroup(rank=0) pid=2513440)[0m Generating Rollout Epochs: 100%|██████████| 4/4 [24:40<00:00, 373.60s/it]Generating Rollout Epochs: 100%|██████████| 4/4 [24:40<00:00, 370.10s/it]

╭──────────────────────────────────────────────────────────────────────────────────────────────────────────────────────╮
├──────────────────────────────────────────────────── Metric Table ────────────────────────────────────────────────────┤
│ Global Step:   29/100 │ Progress: ███████████░░░░░░░░░░░░░░░░░░░░░░░░░░░░░ │  29.0%                                  │
│ Elapsed: 11:44:40 │ ETA: 28:45:15 │ Step Time: 1457.964s                                                             │
├──────────────────────────────────────────────────────── Time ────────────────────────────────────────────────────────┤
│                                                                                                                      │
│actor/actor/compute_adv=0.0081         │actor/actor/recv_traj=1500.5           │actor/actor/sync_model_to_rollout=1.8…│
│actor/run_training=20.204              │actor_training=20.207                  │cal_adv_and_returns=0.012             │
│env/compute_bootstrap_rewards=0.0018   │env/env/bootstrap_step=1083.0          │env/env/send_rollout_trajectories=1.3…│
│env/env_interact_step=367.2            │env/interact=1499.8                    │env/run_interact_once=1499.8          │
│generate_rollouts=1500.6               │rollout/generate_one_epoch=1488.7      │rollout/predict=9.995                 │
│rollout/rollout/generate=1495.2        │rollout/sync_model_from_actor=2.318    │step=1523.1                           │
│sync_weights=2.321                     │                                       │                                      │
│                                                                                                                      │
├──────────────────────────────────────────────────── Environment ─────────────────────────────────────────────────────┤
│                                                                                                                      │
│episode_len=200.0                      │num_trajectories=256                   │return=0.86328125                     │
│reward=0.004316406                     │success_once=0.86328125                │                                      │
│                                                                                                                      │
├────────────────────────────────────────────────────── Rollout ───────────────────────────────────────────────────────┤
│                                                                                                                      │
│advantages_max=1.672                   │advantages_mean=2.37e-09               │advantages_min=-3.635                 │
│returns_max=1.002                      │returns_mean=0.823                     │returns_min=-0.0052                   │
│rewards=0.0055                         │                                       │                                      │
│                                                                                                                      │
├─────────────────────────────────────────────────── Training/Actor ───────────────────────────────────────────────────┤
│                                                                                                                      │
│actor/approx_kl=0.012                  │actor/clip_fraction=0.062              │actor/clipped_ratio=0.994             │
│actor/dual_cliped_ratio=0.0000         │actor/entropy_loss=0.0000              │actor/grad_norm=42.745                │
│actor/lr=5.60e-06                      │actor/policy_loss=-0.074               │actor/policy_loss_abs=0.590           │
│actor/ratio=1.002                      │actor/ratio_abs=0.078                  │actor/total_loss=-0.0025              │
│                                                                                                                      │
├────────────────────────────────────────────────── Training/Critic ───────────────────────────────────────────────────┤
│                                                                                                                      │
│critic/explained_variance=0.445        │critic/lr=1.10e-04                     │critic/value_clip_ratio=0.0000        │
│critic/value_loss=0.034                │                                       │                                      │
│                                                                                                                      │
╰──────────────────────────────────────────────────────────────────────────────────────────────────────────────────────╯

[36m(RolloutGroup(rank=0) pid=2513440)[0m Generating Rollout Epochs:   0%|          | 0/4 [00:00<?, ?it/s]
[36m(RolloutGroup(rank=0) pid=2513440)[0m Generating Rollout Epochs:  25%|██▌       | 1/4 [05:34<16:44, 334.87s/it]
[36m(RolloutGroup(rank=0) pid=2513440)[0m Generating Rollout Epochs:  50%|█████     | 2/4 [10:49<10:46, 323.10s/it]
[36m(RolloutGroup(rank=0) pid=2513440)[0m Generating Rollout Epochs:  75%|███████▌  | 3/4 [16:48<05:39, 339.34s/it]
[36m(RolloutGroup(rank=0) pid=2513440)[0m Generating Rollout Epochs: 100%|██████████| 4/4 [22:11<00:00, 332.89s/it]Generating Rollout Epochs: 100%|██████████| 4/4 [22:11<00:00, 332.85s/it]
[36m(RolloutGroup(rank=0) pid=2513440)[0m Evaluating Rollout Epochs:   0%|          | 0/1 [00:00<?, ?it/s]
[36m(RolloutGroup(rank=0) pid=2513440)[0m Evaluating Rollout Epochs: 100%|██████████| 1/1 [02:54<00:00, 174.21s/it]Evaluating Rollout Epochs: 100%|██████████| 1/1 [02:54<00:00, 174.21s/it]
[INFO 16:08:20 RLinf] Saving checkpoint at step 30.
[36m(ActorGroup(rank=0) pid=2513437)[0m /home/chenyiteng/venvs/rlinf-7d07-openpi-robotwin/lib/python3.11/site-packages/torch/distributed/c10d_logger.py:83: UserWarning: barrier(): using the device under current context. You can specify `device_id` in `init_process_group` to mute this warning.
[36m(ActorGroup(rank=0) pid=2513437)[0m   return func(*args, **kwargs)
[36m(ActorGroup(rank=0) pid=2513437)[0m /home/chenyiteng/venvs/rlinf-7d07-openpi-robotwin/lib/python3.11/site-packages/torch/distributed/c10d_logger.py:83: UserWarning: barrier(): using the device under current context. You can specify `device_id` in `init_process_group` to mute this warning.
[36m(ActorGroup(rank=0) pid=2513437)[0m   return func(*args, **kwargs)

╭──────────────────────────────────────────────────────────────────────────────────────────────────────────────────────╮
├──────────────────────────────────────────────────── Metric Table ────────────────────────────────────────────────────┤
│ Global Step:   30/100 │ Progress: ████████████░░░░░░░░░░░░░░░░░░░░░░░░░░░░ │  30.0%                                  │
│ Elapsed: 12:12:56 │ ETA: 28:30:11 │ Step Time: 1465.875s                                                             │
├──────────────────────────────────────────────────────── Time ────────────────────────────────────────────────────────┤
│                                                                                                                      │
│actor/actor/compute_adv=0.0086         │actor/actor/recv_traj=1345.1           │actor/actor/sync_model_to_rollout=3.4…│
│actor/run_training=19.952              │actor_training=19.956                  │cal_adv_and_returns=0.014             │
│env/compute_bootstrap_rewards=0.0017   │env/env/bootstrap_step=941.0           │env/env/send_rollout_trajectories=0.9…│
│env/env_interact_step=361.1            │env/evaluate=295.6                     │env/interact=1344.3                   │
│env/run_interact_once=1344.3           │eval=297.6                             │generate_rollouts=1345.2              │
│rollout/evaluate=180.0                 │rollout/generate_one_epoch=1333.5      │rollout/predict=11.225                │
│rollout/rollout/generate=1339.7        │rollout/sync_model_from_actor=4.266    │step=1695.3                           │
│sync_weights=2.313                     │                                       │                                      │
│                                                                                                                      │
├──────────────────────────────────────────────────── Environment ─────────────────────────────────────────────────────┤
│                                                                                                                      │
│episode_len=200.0                      │num_trajectories=256                   │return=0.84765625                     │
│reward=0.004238281                     │success_once=0.84765625                │                                      │
│                                                                                                                      │
├────────────────────────────────────────────────────── Rollout ───────────────────────────────────────────────────────┤
│                                                                                                                      │
│advantages_max=1.491                   │advantages_mean=-5.32e-09              │advantages_min=-3.332                 │
│returns_max=1.000                      │returns_mean=0.805                     │returns_min=-0.0028                   │
│rewards=0.0054                         │                                       │                                      │
│                                                                                                                      │
├───────────────────────────────────────────────────── Evaluation ─────────────────────────────────────────────────────┤
│                                                                                                                      │
│episode_len=200.0                      │num_trajectories=32                    │return=0.9375                         │
│reward=0.0046874997                    │success_at_end=0.9375                  │success_once=0.9375                   │
│                                                                                                                      │
├─────────────────────────────────────────────────── Training/Actor ───────────────────────────────────────────────────┤
│                                                                                                                      │
│actor/approx_kl=0.016                  │actor/clip_fraction=0.050              │actor/clipped_ratio=0.995             │
│actor/dual_cliped_ratio=0.0000         │actor/entropy_loss=0.0000              │actor/grad_norm=33.751                │
│actor/lr=5.60e-06                      │actor/policy_loss=-0.086               │actor/policy_loss_abs=0.612           │
│actor/ratio=0.999                      │actor/ratio_abs=0.068                  │actor/total_loss=-0.0031              │
│                                                                                                                      │
├────────────────────────────────────────────────── Training/Critic ───────────────────────────────────────────────────┤
│                                                                                                                      │
│critic/explained_variance=0.431        │critic/lr=1.10e-04                     │critic/value_clip_ratio=0.0000        │
│critic/value_loss=0.037                │                                       │                                      │
│                                                                                                                      │
╰──────────────────────────────────────────────────────────────────────────────────────────────────────────────────────╯

[36m(RolloutGroup(rank=0) pid=2513440)[0m Generating Rollout Epochs:   0%|          | 0/4 [00:00<?, ?it/s]
[36m(RolloutGroup(rank=0) pid=2513440)[0m Generating Rollout Epochs:  25%|██▌       | 1/4 [05:13<15:39, 313.06s/it]
[36m(RolloutGroup(rank=0) pid=2513440)[0m Generating Rollout Epochs:  50%|█████     | 2/4 [10:36<10:38, 319.31s/it]
[36m(RolloutGroup(rank=0) pid=2513440)[0m Generating Rollout Epochs:  75%|███████▌  | 3/4 [16:27<05:33, 333.63s/it]
[36m(RolloutGroup(rank=0) pid=2513440)[0m Generating Rollout Epochs: 100%|██████████| 4/4 [22:26<00:00, 343.68s/it]Generating Rollout Epochs: 100%|██████████| 4/4 [22:26<00:00, 336.62s/it]

╭──────────────────────────────────────────────────────────────────────────────────────────────────────────────────────╮
├──────────────────────────────────────────────────── Metric Table ────────────────────────────────────────────────────┤
│ Global Step:   31/100 │ Progress: ████████████░░░░░░░░░░░░░░░░░░░░░░░░░░░░ │  31.0%                                  │
│ Elapsed: 12:36:06 │ ETA: 28:02:55 │ Step Time: 1463.419s                                                             │
├──────────────────────────────────────────────────────── Time ────────────────────────────────────────────────────────┤
│                                                                                                                      │
│actor/actor/compute_adv=0.0067         │actor/actor/recv_traj=1367.9           │actor/actor/sync_model_to_rollout=2.0…│
│actor/run_training=19.707              │actor_training=19.710                  │cal_adv_and_returns=0.0098            │
│env/compute_bootstrap_rewards=0.0017   │env/env/bootstrap_step=957.9           │env/env/send_rollout_trajectories=1.1…│
│env/env_interact_step=362.8            │env/interact=1367.1                    │env/run_interact_once=1367.1          │
│generate_rollouts=1367.9               │rollout/generate_one_epoch=1356.6      │rollout/predict=10.109                │
│rollout/rollout/generate=1362.1        │rollout/sync_model_from_actor=1.798    │step=1389.7                           │
│sync_weights=2.074                     │                                       │                                      │
│                                                                                                                      │
├──────────────────────────────────────────────────── Environment ─────────────────────────────────────────────────────┤
│                                                                                                                      │
│episode_len=200.0                      │num_trajectories=256                   │return=0.91796875                     │
│reward=0.004589843                     │success_once=0.91796875                │                                      │
│                                                                                                                      │
├────────────────────────────────────────────────────── Rollout ───────────────────────────────────────────────────────┤
│                                                                                                                      │
│advantages_max=2.285                   │advantages_mean=-1.15e-08              │advantages_min=-5.279                 │
│returns_max=1.000                      │returns_mean=0.883                     │returns_min=-0.0095                   │
│rewards=0.0059                         │                                       │                                      │
│                                                                                                                      │
├─────────────────────────────────────────────────── Training/Actor ───────────────────────────────────────────────────┤
│                                                                                                                      │
│actor/approx_kl=0.015                  │actor/clip_fraction=0.053              │actor/clipped_ratio=0.995             │
│actor/dual_cliped_ratio=0.0000         │actor/entropy_loss=0.0000              │actor/grad_norm=41.617                │
│actor/lr=5.60e-06                      │actor/policy_loss=-0.057               │actor/policy_loss_abs=0.513           │
│actor/ratio=0.999                      │actor/ratio_abs=0.073                  │actor/total_loss=-0.0021              │
│                                                                                                                      │
├────────────────────────────────────────────────── Training/Critic ───────────────────────────────────────────────────┤
│                                                                                                                      │
│critic/explained_variance=0.385        │critic/lr=1.10e-04                     │critic/value_clip_ratio=0.0000        │
│critic/value_loss=0.024                │                                       │                                      │
│                                                                                                                      │
╰──────────────────────────────────────────────────────────────────────────────────────────────────────────────────────╯

[36m(RolloutGroup(rank=0) pid=2513440)[0m Generating Rollout Epochs:   0%|          | 0/4 [00:00<?, ?it/s]
[36m(RolloutGroup(rank=0) pid=2513440)[0m Generating Rollout Epochs:  25%|██▌       | 1/4 [05:56<17:48, 356.33s/it]
[36m(RolloutGroup(rank=0) pid=2513440)[0m Generating Rollout Epochs:  50%|█████     | 2/4 [11:48<11:47, 353.88s/it]
[36m(RolloutGroup(rank=0) pid=2513440)[0m Generating Rollout Epochs:  75%|███████▌  | 3/4 [18:05<06:04, 364.54s/it]
[36m(RolloutGroup(rank=0) pid=2513440)[0m Generating Rollout Epochs: 100%|██████████| 4/4 [23:51<00:00, 356.98s/it]Generating Rollout Epochs: 100%|██████████| 4/4 [23:51<00:00, 357.78s/it]

╭──────────────────────────────────────────────────────────────────────────────────────────────────────────────────────╮
├──────────────────────────────────────────────────── Metric Table ────────────────────────────────────────────────────┤
│ Global Step:   32/100 │ Progress: ████████████░░░░░░░░░░░░░░░░░░░░░░░░░░░░ │  32.0%                                  │
│ Elapsed: 13:00:32 │ ETA: 27:38:38 │ Step Time: 1463.513s                                                             │
├──────────────────────────────────────────────────────── Time ────────────────────────────────────────────────────────┤
│                                                                                                                      │
│actor/actor/compute_adv=0.0080         │actor/actor/recv_traj=1444.4           │actor/actor/sync_model_to_rollout=1.6…│
│actor/run_training=19.830              │actor_training=19.834                  │cal_adv_and_returns=0.012             │
│env/compute_bootstrap_rewards=0.0017   │env/env/bootstrap_step=1058.0          │env/env/send_rollout_trajectories=1.0…│
│env/env_interact_step=348.3            │env/interact=1443.8                    │env/run_interact_once=1443.8          │
│generate_rollouts=1444.5               │rollout/generate_one_epoch=1431.1      │rollout/predict=10.156                │
│rollout/rollout/generate=1437.1        │rollout/sync_model_from_actor=2.031    │step=1466.4                           │
│sync_weights=2.037                     │                                       │                                      │
│                                                                                                                      │
├──────────────────────────────────────────────────── Environment ─────────────────────────────────────────────────────┤
│                                                                                                                      │
│episode_len=200.0                      │num_trajectories=256                   │return=0.87890625                     │
│reward=0.004394531                     │success_once=0.87890625                │                                      │
│                                                                                                                      │
├────────────────────────────────────────────────────── Rollout ───────────────────────────────────────────────────────┤
│                                                                                                                      │
│advantages_max=1.462                   │advantages_mean=4.77e-09               │advantages_min=-3.747                 │
│returns_max=1.000                      │returns_mean=0.832                     │returns_min=-0.019                    │
│rewards=0.0056                         │                                       │                                      │
│                                                                                                                      │
├─────────────────────────────────────────────────── Training/Actor ───────────────────────────────────────────────────┤
│                                                                                                                      │
│actor/approx_kl=0.0046                 │actor/clip_fraction=0.024              │actor/clipped_ratio=1.000             │
│actor/dual_cliped_ratio=0.0000         │actor/entropy_loss=0.0000              │actor/grad_norm=25.869                │
│actor/lr=5.60e-06                      │actor/policy_loss=-0.077               │actor/policy_loss_abs=0.552           │
│actor/ratio=1.000                      │actor/ratio_abs=0.040                  │actor/total_loss=-0.0029              │
│                                                                                                                      │
├────────────────────────────────────────────────── Training/Critic ───────────────────────────────────────────────────┤
│                                                                                                                      │
│critic/explained_variance=0.436        │critic/lr=1.10e-04                     │critic/value_clip_ratio=9.77e-04      │
│critic/value_loss=0.031                │                                       │                                      │
│                                                                                                                      │
╰──────────────────────────────────────────────────────────────────────────────────────────────────────────────────────╯

[36m(RolloutGroup(rank=0) pid=2513440)[0m Generating Rollout Epochs:   0%|          | 0/4 [00:00<?, ?it/s]
[36m(RolloutGroup(rank=0) pid=2513440)[0m Generating Rollout Epochs:  25%|██▌       | 1/4 [05:30<16:31, 330.52s/it]
[36m(RolloutGroup(rank=0) pid=2513440)[0m Generating Rollout Epochs:  50%|█████     | 2/4 [11:01<11:02, 331.03s/it]
[36m(RolloutGroup(rank=0) pid=2513440)[0m Generating Rollout Epochs:  75%|███████▌  | 3/4 [16:41<05:34, 334.99s/it]
[36m(RolloutGroup(rank=0) pid=2513440)[0m Generating Rollout Epochs: 100%|██████████| 4/4 [22:14<00:00, 334.07s/it]Generating Rollout Epochs: 100%|██████████| 4/4 [22:14<00:00, 333.57s/it]

╭──────────────────────────────────────────────────────────────────────────────────────────────────────────────────────╮
├──────────────────────────────────────────────────── Metric Table ────────────────────────────────────────────────────┤
│ Global Step:   33/100 │ Progress: █████████████░░░░░░░░░░░░░░░░░░░░░░░░░░░ │  33.0%                                  │
│ Elapsed: 13:23:22 │ ETA: 27:11:06 │ Step Time: 1460.689s                                                             │
├──────────────────────────────────────────────────────── Time ────────────────────────────────────────────────────────┤
│                                                                                                                      │
│actor/actor/compute_adv=0.0078         │actor/actor/recv_traj=1346.4           │actor/actor/sync_model_to_rollout=1.5…│
│actor/run_training=21.953              │actor_training=21.957                  │cal_adv_and_returns=0.012             │
│env/compute_bootstrap_rewards=0.0018   │env/env/bootstrap_step=926.9           │env/env/send_rollout_trajectories=1.3…│
│env/env_interact_step=372.8            │env/interact=1345.6                    │env/run_interact_once=1345.6          │
│generate_rollouts=1346.4               │rollout/generate_one_epoch=1334.3      │rollout/predict=10.105                │
│rollout/rollout/generate=1338.4        │rollout/sync_model_from_actor=1.936    │step=1370.3                           │
│sync_weights=1.939                     │                                       │                                      │
│                                                                                                                      │
├──────────────────────────────────────────────────── Environment ─────────────────────────────────────────────────────┤
│                                                                                                                      │
│episode_len=200.0                      │num_trajectories=256                   │return=0.93359375                     │
│reward=0.004667968                     │success_once=0.93359375                │                                      │
│                                                                                                                      │
├────────────────────────────────────────────────────── Rollout ───────────────────────────────────────────────────────┤
│                                                                                                                      │
│advantages_max=2.631                   │advantages_mean=4.85e-09               │advantages_min=-6.166                 │
│returns_max=1.000                      │returns_mean=0.904                     │returns_min=-0.0029                   │
│rewards=0.0061                         │                                       │                                      │
│                                                                                                                      │
├─────────────────────────────────────────────────── Training/Actor ───────────────────────────────────────────────────┤
│                                                                                                                      │
│actor/approx_kl=0.021                  │actor/clip_fraction=0.082              │actor/clipped_ratio=0.992             │
│actor/dual_cliped_ratio=0.0000         │actor/entropy_loss=0.0000              │actor/grad_norm=39.051                │
│actor/lr=5.60e-06                      │actor/policy_loss=-0.051               │actor/policy_loss_abs=0.522           │
│actor/ratio=0.993                      │actor/ratio_abs=0.079                  │actor/total_loss=-0.0019              │
│                                                                                                                      │
├────────────────────────────────────────────────── Training/Critic ───────────────────────────────────────────────────┤
│                                                                                                                      │
│critic/explained_variance=0.341        │critic/lr=1.10e-04                     │critic/value_clip_ratio=4.88e-04      │
│critic/value_loss=0.020                │                                       │                                      │
│                                                                                                                      │
╰──────────────────────────────────────────────────────────────────────────────────────────────────────────────────────╯

[36m(RolloutGroup(rank=0) pid=2513440)[0m Generating Rollout Epochs:   0%|          | 0/4 [00:00<?, ?it/s]
[36m(RolloutGroup(rank=0) pid=2513440)[0m Generating Rollout Epochs:  25%|██▌       | 1/4 [06:27<19:23, 387.94s/it]
[36m(RolloutGroup(rank=0) pid=2513440)[0m Generating Rollout Epochs:  50%|█████     | 2/4 [11:54<11:43, 351.91s/it]
[36m(RolloutGroup(rank=0) pid=2513440)[0m Generating Rollout Epochs:  75%|███████▌  | 3/4 [18:01<05:58, 358.73s/it]
[36m(RolloutGroup(rank=0) pid=2513440)[0m Generating Rollout Epochs: 100%|██████████| 4/4 [23:51<00:00, 355.46s/it]Generating Rollout Epochs: 100%|██████████| 4/4 [23:51<00:00, 357.98s/it]

╭──────────────────────────────────────────────────────────────────────────────────────────────────────────────────────╮
├──────────────────────────────────────────────────── Metric Table ────────────────────────────────────────────────────┤
│ Global Step:   34/100 │ Progress: █████████████░░░░░░░░░░░░░░░░░░░░░░░░░░░ │  34.0%                                  │
│ Elapsed: 13:47:52 │ ETA: 26:47:03 │ Step Time: 1460.962s                                                             │
├──────────────────────────────────────────────────────── Time ────────────────────────────────────────────────────────┤
│                                                                                                                      │
│actor/actor/compute_adv=0.0068         │actor/actor/recv_traj=1447.2           │actor/actor/sync_model_to_rollout=1.8…│
│actor/run_training=20.332              │actor_training=20.337                  │cal_adv_and_returns=0.012             │
│env/compute_bootstrap_rewards=0.0019   │env/env/bootstrap_step=1025.6          │env/env/send_rollout_trajectories=1.6…│
│env/env_interact_step=378.5            │env/interact=1446.3                    │env/run_interact_once=1446.3          │
│generate_rollouts=1447.2               │rollout/generate_one_epoch=1431.9      │rollout/predict=10.230                │
│rollout/rollout/generate=1437.9        │rollout/sync_model_from_actor=2.340    │step=1469.9                           │
│sync_weights=2.344                     │                                       │                                      │
│                                                                                                                      │
├──────────────────────────────────────────────────── Environment ─────────────────────────────────────────────────────┤
│                                                                                                                      │
│episode_len=200.0                      │num_trajectories=256                   │return=0.9140625                      │
│reward=0.004570312                     │success_once=0.9140625                 │                                      │
│                                                                                                                      │
├────────────────────────────────────────────────────── Rollout ───────────────────────────────────────────────────────┤
│                                                                                                                      │
│advantages_max=1.687                   │advantages_mean=1.45e-08               │advantages_min=-4.758                 │
│returns_max=1.001                      │returns_mean=0.886                     │returns_min=-0.0021                   │
│rewards=0.0059                         │                                       │                                      │
│                                                                                                                      │
├─────────────────────────────────────────────────── Training/Actor ───────────────────────────────────────────────────┤
│                                                                                                                      │
│actor/approx_kl=0.020                  │actor/clip_fraction=0.058              │actor/clipped_ratio=0.992             │
│actor/dual_cliped_ratio=0.0000         │actor/entropy_loss=0.0000              │actor/grad_norm=30.471                │
│actor/lr=5.60e-06                      │actor/policy_loss=-0.065               │actor/policy_loss_abs=0.512           │
│actor/ratio=0.993                      │actor/ratio_abs=0.068                  │actor/total_loss=-0.0025              │
│                                                                                                                      │
├────────────────────────────────────────────────── Training/Critic ───────────────────────────────────────────────────┤
│                                                                                                                      │
│critic/explained_variance=0.428        │critic/lr=1.10e-04                     │critic/value_clip_ratio=0.0000        │
│critic/value_loss=0.025                │                                       │                                      │
│                                                                                                                      │
╰──────────────────────────────────────────────────────────────────────────────────────────────────────────────────────╯

[36m(RolloutGroup(rank=0) pid=2513440)[0m Generating Rollout Epochs:   0%|          | 0/4 [00:00<?, ?it/s]
[36m(RolloutGroup(rank=0) pid=2513440)[0m Generating Rollout Epochs:  25%|██▌       | 1/4 [05:13<15:40, 313.56s/it]
[36m(RolloutGroup(rank=0) pid=2513440)[0m Generating Rollout Epochs:  50%|█████     | 2/4 [10:43<10:46, 323.14s/it]
[36m(RolloutGroup(rank=0) pid=2513440)[0m Generating Rollout Epochs:  75%|███████▌  | 3/4 [15:57<05:19, 319.19s/it]
[36m(RolloutGroup(rank=0) pid=2513440)[0m Generating Rollout Epochs: 100%|██████████| 4/4 [21:48<00:00, 331.78s/it]Generating Rollout Epochs: 100%|██████████| 4/4 [21:48<00:00, 327.24s/it]
[36m(RolloutGroup(rank=0) pid=2513440)[0m Evaluating Rollout Epochs:   0%|          | 0/1 [00:00<?, ?it/s]
[36m(RolloutGroup(rank=0) pid=2513440)[0m Evaluating Rollout Epochs: 100%|██████████| 1/1 [02:22<00:00, 142.47s/it]Evaluating Rollout Epochs: 100%|██████████| 1/1 [02:22<00:00, 142.47s/it]

╭──────────────────────────────────────────────────────────────────────────────────────────────────────────────────────╮
├──────────────────────────────────────────────────── Metric Table ────────────────────────────────────────────────────┤
│ Global Step:   35/100 │ Progress: ██████████████░░░░░░░░░░░░░░░░░░░░░░░░░░ │  35.0%                                  │
│ Elapsed: 14:15:03 │ ETA: 26:27:57 │ Step Time: 1465.811s                                                             │
├──────────────────────────────────────────────────────── Time ────────────────────────────────────────────────────────┤
│                                                                                                                      │
│actor/actor/compute_adv=0.0080         │actor/actor/recv_traj=1338.2           │actor/actor/sync_model_to_rollout=3.7…│
│actor/run_training=22.391              │actor_training=22.396                  │cal_adv_and_returns=0.015             │
│env/compute_bootstrap_rewards=0.0019   │env/env/bootstrap_step=902.4           │env/env/send_rollout_trajectories=1.1…│
│env/env_interact_step=380.7            │env/evaluate=265.5                     │env/interact=1337.2                   │
│env/run_interact_once=1337.2           │eval=267.9                             │generate_rollouts=1338.2              │
│rollout/evaluate=147.6                 │rollout/generate_one_epoch=1325.6      │rollout/predict=11.360                │
│rollout/rollout/generate=1331.4        │rollout/sync_model_from_actor=4.451    │step=1630.7                           │
│sync_weights=2.084                     │                                       │                                      │
│                                                                                                                      │
├──────────────────────────────────────────────────── Environment ─────────────────────────────────────────────────────┤
│                                                                                                                      │
│episode_len=200.0                      │num_trajectories=256                   │return=0.91015625                     │
│reward=0.0045507806                    │success_once=0.91015625                │                                      │
│                                                                                                                      │
├────────────────────────────────────────────────────── Rollout ───────────────────────────────────────────────────────┤
│                                                                                                                      │
│advantages_max=2.445                   │advantages_mean=-1.87e-08              │advantages_min=-5.080                 │
│returns_max=1.000                      │returns_mean=0.878                     │returns_min=-0.0061                   │
│rewards=0.0059                         │                                       │                                      │
│                                                                                                                      │
├───────────────────────────────────────────────────── Evaluation ─────────────────────────────────────────────────────┤
│                                                                                                                      │
│episode_len=200.0                      │num_trajectories=32                    │return=0.96875                        │
│reward=0.0048437496                    │success_at_end=0.96875                 │success_once=0.96875                  │
│                                                                                                                      │
├─────────────────────────────────────────────────── Training/Actor ───────────────────────────────────────────────────┤
│                                                                                                                      │
│actor/approx_kl=0.013                  │actor/clip_fraction=0.045              │actor/clipped_ratio=0.994             │
│actor/dual_cliped_ratio=0.0000         │actor/entropy_loss=0.0000              │actor/grad_norm=34.635                │
│actor/lr=5.60e-06                      │actor/policy_loss=-0.066               │actor/policy_loss_abs=0.524           │
│actor/ratio=0.997                      │actor/ratio_abs=0.061                  │actor/total_loss=-0.0027              │
│                                                                                                                      │
├────────────────────────────────────────────────── Training/Critic ───────────────────────────────────────────────────┤
│                                                                                                                      │
│critic/explained_variance=0.446        │critic/lr=1.10e-04                     │critic/value_clip_ratio=0.0000        │
│critic/value_loss=0.022                │                                       │                                      │
│                                                                                                                      │
╰──────────────────────────────────────────────────────────────────────────────────────────────────────────────────────╯

[36m(RolloutGroup(rank=0) pid=2513440)[0m Generating Rollout Epochs:   0%|          | 0/4 [00:00<?, ?it/s]
[36m(RolloutGroup(rank=0) pid=2513440)[0m Generating Rollout Epochs:  25%|██▌       | 1/4 [05:30<16:30, 330.28s/it]
[36m(RolloutGroup(rank=0) pid=2513440)[0m Generating Rollout Epochs:  50%|█████     | 2/4 [10:57<10:56, 328.27s/it]
[36m(RolloutGroup(rank=0) pid=2513440)[0m Generating Rollout Epochs:  75%|███████▌  | 3/4 [16:33<05:32, 332.04s/it]
[36m(RolloutGroup(rank=0) pid=2513440)[0m Generating Rollout Epochs: 100%|██████████| 4/4 [22:24<00:00, 339.60s/it]Generating Rollout Epochs: 100%|██████████| 4/4 [22:24<00:00, 336.21s/it]

╭──────────────────────────────────────────────────────────────────────────────────────────────────────────────────────╮
├──────────────────────────────────────────────────── Metric Table ────────────────────────────────────────────────────┤
│ Global Step:   36/100 │ Progress: ██████████████░░░░░░░░░░░░░░░░░░░░░░░░░░ │  36.0%                                  │
│ Elapsed: 14:38:36 │ ETA: 26:01:57 │ Step Time: 1464.337s                                                             │
├──────────────────────────────────────────────────────── Time ────────────────────────────────────────────────────────┤
│                                                                                                                      │
│actor/actor/compute_adv=0.012          │actor/actor/recv_traj=1387.0           │actor/actor/sync_model_to_rollout=2.0…│
│actor/run_training=23.622              │actor_training=23.627                  │cal_adv_and_returns=0.017             │
│env/compute_bootstrap_rewards=0.0018   │env/env/bootstrap_step=985.0           │env/env/send_rollout_trajectories=1.6…│
│env/env_interact_step=348.5            │env/interact=1385.9                    │env/run_interact_once=1385.9          │
│generate_rollouts=1387.0               │rollout/generate_one_epoch=1372.2      │rollout/predict=10.060                │
│rollout/rollout/generate=1378.4        │rollout/sync_model_from_actor=1.872    │step=1412.7                           │
│sync_weights=2.026                     │                                       │                                      │
│                                                                                                                      │
├──────────────────────────────────────────────────── Environment ─────────────────────────────────────────────────────┤
│                                                                                                                      │
│episode_len=200.0                      │num_trajectories=256                   │return=0.8828125                      │
│reward=0.004414062                     │success_once=0.8828125                 │                                      │
│                                                                                                                      │
├────────────────────────────────────────────────────── Rollout ───────────────────────────────────────────────────────┤
│                                                                                                                      │
│advantages_max=1.821                   │advantages_mean=-1.43e-08              │advantages_min=-4.131                 │
│returns_max=1.000                      │returns_mean=0.839                     │returns_min=-0.011                    │
│rewards=0.0057                         │                                       │                                      │
│                                                                                                                      │
├─────────────────────────────────────────────────── Training/Actor ───────────────────────────────────────────────────┤
│                                                                                                                      │
│actor/approx_kl=0.0070                 │actor/clip_fraction=0.033              │actor/clipped_ratio=0.998             │
│actor/dual_cliped_ratio=0.0000         │actor/entropy_loss=0.0000              │actor/grad_norm=32.132                │
│actor/lr=5.60e-06                      │actor/policy_loss=-0.073               │actor/policy_loss_abs=0.551           │
│actor/ratio=0.999                      │actor/ratio_abs=0.047                  │actor/total_loss=-0.0029              │
│                                                                                                                      │
├────────────────────────────────────────────────── Training/Critic ───────────────────────────────────────────────────┤
│                                                                                                                      │
│critic/explained_variance=0.484        │critic/lr=1.10e-04                     │critic/value_clip_ratio=0.0000        │
│critic/value_loss=0.027                │                                       │                                      │
│                                                                                                                      │
╰──────────────────────────────────────────────────────────────────────────────────────────────────────────────────────╯

[36m(RolloutGroup(rank=0) pid=2513440)[0m Generating Rollout Epochs:   0%|          | 0/4 [00:00<?, ?it/s]
[36m(RolloutGroup(rank=0) pid=2513440)[0m Generating Rollout Epochs:  25%|██▌       | 1/4 [05:09<15:27, 309.02s/it]
[36m(RolloutGroup(rank=0) pid=2513440)[0m Generating Rollout Epochs:  50%|█████     | 2/4 [10:49<10:54, 327.37s/it]
[36m(RolloutGroup(rank=0) pid=2513440)[0m Generating Rollout Epochs:  75%|███████▌  | 3/4 [16:18<05:28, 328.12s/it]
[36m(RolloutGroup(rank=0) pid=2513440)[0m Generating Rollout Epochs: 100%|██████████| 4/4 [21:42<00:00, 326.55s/it]Generating Rollout Epochs: 100%|██████████| 4/4 [21:42<00:00, 325.60s/it]

╭──────────────────────────────────────────────────────────────────────────────────────────────────────────────────────╮
├──────────────────────────────────────────────────── Metric Table ────────────────────────────────────────────────────┤
│ Global Step:   37/100 │ Progress: ██████████████░░░░░░░░░░░░░░░░░░░░░░░░░░ │  37.0%                                  │
│ Elapsed: 15:01:00 │ ETA: 25:34:09 │ Step Time: 1461.098s                                                             │
├──────────────────────────────────────────────────────── Time ────────────────────────────────────────────────────────┤
│                                                                                                                      │
│actor/actor/compute_adv=0.0090         │actor/actor/recv_traj=1318.4           │actor/actor/sync_model_to_rollout=2.0…│
│actor/run_training=23.443              │actor_training=23.449                  │cal_adv_and_returns=0.015             │
│env/compute_bootstrap_rewards=0.0019   │env/env/bootstrap_step=910.9           │env/env/send_rollout_trajectories=1.6…│
│env/env_interact_step=349.6            │env/interact=1317.4                    │env/run_interact_once=1317.4          │
│generate_rollouts=1318.4               │rollout/generate_one_epoch=1302.4      │rollout/predict=10.182                │
│rollout/rollout/generate=1308.9        │rollout/sync_model_from_actor=2.533    │step=1344.4                           │
│sync_weights=2.537                     │                                       │                                      │
│                                                                                                                      │
├──────────────────────────────────────────────────── Environment ─────────────────────────────────────────────────────┤
│                                                                                                                      │
│episode_len=200.0                      │num_trajectories=256                   │return=0.90625                        │
│reward=0.0045312494                    │success_once=0.90625                   │                                      │
│                                                                                                                      │
├────────────────────────────────────────────────────── Rollout ───────────────────────────────────────────────────────┤
│                                                                                                                      │
│advantages_max=1.994                   │advantages_mean=9.63e-09               │advantages_min=-5.151                 │
│returns_max=1.000                      │returns_mean=0.866                     │returns_min=-0.011                    │
│rewards=0.0059                         │                                       │                                      │
│                                                                                                                      │
├─────────────────────────────────────────────────── Training/Actor ───────────────────────────────────────────────────┤
│                                                                                                                      │
│actor/approx_kl=0.0093                 │actor/clip_fraction=0.042              │actor/clipped_ratio=0.994             │
│actor/dual_cliped_ratio=0.0000         │actor/entropy_loss=0.0000              │actor/grad_norm=31.540                │
│actor/lr=5.60e-06                      │actor/policy_loss=-0.066               │actor/policy_loss_abs=0.520           │
│actor/ratio=0.998                      │actor/ratio_abs=0.055                  │actor/total_loss=-0.0027              │
│                                                                                                                      │
├────────────────────────────────────────────────── Training/Critic ───────────────────────────────────────────────────┤
│                                                                                                                      │
│critic/explained_variance=0.451        │critic/lr=1.10e-04                     │critic/value_clip_ratio=0.0000        │
│critic/value_loss=0.023                │                                       │                                      │
│                                                                                                                      │
╰──────────────────────────────────────────────────────────────────────────────────────────────────────────────────────╯

[36m(RolloutGroup(rank=0) pid=2513440)[0m Generating Rollout Epochs:   0%|          | 0/4 [00:00<?, ?it/s]
[36m(RolloutGroup(rank=0) pid=2513440)[0m Generating Rollout Epochs:  25%|██▌       | 1/4 [05:41<17:03, 341.05s/it]
[36m(RolloutGroup(rank=0) pid=2513440)[0m Generating Rollout Epochs:  50%|█████     | 2/4 [11:14<11:13, 336.62s/it]
[36m(RolloutGroup(rank=0) pid=2513440)[0m Generating Rollout Epochs:  75%|███████▌  | 3/4 [16:45<05:34, 334.21s/it]
[36m(RolloutGroup(rank=0) pid=2513440)[0m Generating Rollout Epochs: 100%|██████████| 4/4 [22:22<00:00, 335.03s/it]Generating Rollout Epochs: 100%|██████████| 4/4 [22:22<00:00, 335.55s/it]

╭──────────────────────────────────────────────────────────────────────────────────────────────────────────────────────╮
├──────────────────────────────────────────────────── Metric Table ────────────────────────────────────────────────────┤
│ Global Step:   38/100 │ Progress: ███████████████░░░░░░░░░░░░░░░░░░░░░░░░░ │  38.0%                                  │
│ Elapsed: 15:24:21 │ ETA: 25:08:10 │ Step Time: 1459.521s                                                             │
├──────────────────────────────────────────────────────── Time ────────────────────────────────────────────────────────┤
│                                                                                                                      │
│actor/actor/compute_adv=0.0068         │actor/actor/recv_traj=1378.7           │actor/actor/sync_model_to_rollout=1.9…│
│actor/run_training=20.096              │actor_training=20.099                  │cal_adv_and_returns=0.012             │
│env/compute_bootstrap_rewards=0.0018   │env/env/bootstrap_step=942.4           │env/env/send_rollout_trajectories=1.0…│
│env/env_interact_step=367.2            │env/interact=1377.8                    │env/run_interact_once=1377.8          │
│generate_rollouts=1378.7               │rollout/generate_one_epoch=1342.2      │rollout/predict=10.113                │
│rollout/rollout/generate=1348.4        │rollout/sync_model_from_actor=2.306    │step=1401.2                           │
│sync_weights=2.309                     │                                       │                                      │
│                                                                                                                      │
├──────────────────────────────────────────────────── Environment ─────────────────────────────────────────────────────┤
│                                                                                                                      │
│episode_len=200.0                      │num_trajectories=256                   │return=0.89453125                     │
│reward=0.0044726557                    │success_once=0.89453125                │                                      │
│                                                                                                                      │
├────────────────────────────────────────────────────── Rollout ───────────────────────────────────────────────────────┤
│                                                                                                                      │
│advantages_max=1.667                   │advantages_mean=1.20e-09               │advantages_min=-4.095                 │
│returns_max=1.000                      │returns_mean=0.856                     │returns_min=-0.0045                   │
│rewards=0.0058                         │                                       │                                      │
│                                                                                                                      │
├─────────────────────────────────────────────────── Training/Actor ───────────────────────────────────────────────────┤
│                                                                                                                      │
│actor/approx_kl=0.012                  │actor/clip_fraction=0.045              │actor/clipped_ratio=0.995             │
│actor/dual_cliped_ratio=0.0000         │actor/entropy_loss=0.0000              │actor/grad_norm=28.340                │
│actor/lr=5.60e-06                      │actor/policy_loss=-0.079               │actor/policy_loss_abs=0.527           │
│actor/ratio=0.999                      │actor/ratio_abs=0.063                  │actor/total_loss=-0.0032              │
│                                                                                                                      │
├────────────────────────────────────────────────── Training/Critic ───────────────────────────────────────────────────┤
│                                                                                                                      │
│critic/explained_variance=0.417        │critic/lr=1.10e-04                     │critic/value_clip_ratio=0.0000        │
│critic/value_loss=0.027                │                                       │                                      │
│                                                                                                                      │
╰──────────────────────────────────────────────────────────────────────────────────────────────────────────────────────╯

[36m(RolloutGroup(rank=0) pid=2513440)[0m Generating Rollout Epochs:   0%|          | 0/4 [00:00<?, ?it/s]
[36m(RolloutGroup(rank=0) pid=2513440)[0m Generating Rollout Epochs:  25%|██▌       | 1/4 [05:01<15:04, 301.35s/it]
[36m(RolloutGroup(rank=0) pid=2513440)[0m Generating Rollout Epochs:  50%|█████     | 2/4 [10:38<10:45, 322.57s/it]
[36m(RolloutGroup(rank=0) pid=2513440)[0m Generating Rollout Epochs:  75%|███████▌  | 3/4 [16:02<05:23, 323.33s/it]
[36m(RolloutGroup(rank=0) pid=2513440)[0m Generating Rollout Epochs: 100%|██████████| 4/4 [21:26<00:00, 323.42s/it]Generating Rollout Epochs: 100%|██████████| 4/4 [21:26<00:00, 321.64s/it]

╭──────────────────────────────────────────────────────────────────────────────────────────────────────────────────────╮
├──────────────────────────────────────────────────── Metric Table ────────────────────────────────────────────────────┤
│ Global Step:   39/100 │ Progress: ███████████████░░░░░░░░░░░░░░░░░░░░░░░░░ │  39.0%                                  │
│ Elapsed: 15:46:32 │ ETA: 24:40:29 │ Step Time: 1456.227s                                                             │
├──────────────────────────────────────────────────────── Time ────────────────────────────────────────────────────────┤
│                                                                                                                      │
│actor/actor/compute_adv=0.0083         │actor/actor/recv_traj=1306.8           │actor/actor/sync_model_to_rollout=1.5…│
│actor/run_training=22.175              │actor_training=22.179                  │cal_adv_and_returns=0.013             │
│env/compute_bootstrap_rewards=0.0019   │env/env/bootstrap_step=871.6           │env/env/send_rollout_trajectories=1.1…│
│env/env_interact_step=379.0            │env/interact=1305.9                    │env/run_interact_once=1305.9          │
│generate_rollouts=1306.9               │rollout/generate_one_epoch=1293.2      │rollout/predict=10.231                │
│rollout/rollout/generate=1299.4        │rollout/sync_model_from_actor=1.964    │step=1331.0                           │
│sync_weights=1.966                     │                                       │                                      │
│                                                                                                                      │
├──────────────────────────────────────────────────── Environment ─────────────────────────────────────────────────────┤
│                                                                                                                      │
│episode_len=200.0                      │num_trajectories=256                   │return=0.875                          │
│reward=0.0043749996                    │success_once=0.875                     │                                      │
│                                                                                                                      │
├────────────────────────────────────────────────────── Rollout ───────────────────────────────────────────────────────┤
│                                                                                                                      │
│advantages_max=1.989                   │advantages_mean=-1.79e-09              │advantages_min=-4.332                 │
│returns_max=1.000                      │returns_mean=0.834                     │returns_min=-0.0045                   │
│rewards=0.0056                         │                                       │                                      │
│                                                                                                                      │
├─────────────────────────────────────────────────── Training/Actor ───────────────────────────────────────────────────┤
│                                                                                                                      │
│actor/approx_kl=0.020                  │actor/clip_fraction=0.043              │actor/clipped_ratio=0.995             │
│actor/dual_cliped_ratio=0.0000         │actor/entropy_loss=0.0000              │actor/grad_norm=33.947                │
│actor/lr=5.60e-06                      │actor/policy_loss=-0.073               │actor/policy_loss_abs=0.557           │
│actor/ratio=0.995                      │actor/ratio_abs=0.068                  │actor/total_loss=-0.0026              │
│                                                                                                                      │
├────────────────────────────────────────────────── Training/Critic ───────────────────────────────────────────────────┤
│                                                                                                                      │
│critic/explained_variance=0.421        │critic/lr=1.10e-04                     │critic/value_clip_ratio=0.0000        │
│critic/value_loss=0.030                │                                       │                                      │
│                                                                                                                      │
╰──────────────────────────────────────────────────────────────────────────────────────────────────────────────────────╯

[36m(RolloutGroup(rank=0) pid=2513440)[0m Generating Rollout Epochs:   0%|          | 0/4 [00:00<?, ?it/s]
[36m(RolloutGroup(rank=0) pid=2513440)[0m Generating Rollout Epochs:  25%|██▌       | 1/4 [05:15<15:47, 315.79s/it]
[36m(RolloutGroup(rank=0) pid=2513440)[0m Generating Rollout Epochs:  50%|█████     | 2/4 [10:23<10:22, 311.17s/it]
[36m(RolloutGroup(rank=0) pid=2513440)[0m Generating Rollout Epochs:  75%|███████▌  | 3/4 [16:10<05:27, 327.56s/it]
[36m(RolloutGroup(rank=0) pid=2513440)[0m Generating Rollout Epochs: 100%|██████████| 4/4 [21:39<00:00, 327.97s/it]Generating Rollout Epochs: 100%|██████████| 4/4 [21:39<00:00, 324.85s/it]
[36m(RolloutGroup(rank=0) pid=2513440)[0m Evaluating Rollout Epochs:   0%|          | 0/1 [00:00<?, ?it/s]
[36m(RolloutGroup(rank=0) pid=2513440)[0m Evaluating Rollout Epochs: 100%|██████████| 1/1 [02:54<00:00, 174.53s/it]Evaluating Rollout Epochs: 100%|██████████| 1/1 [02:54<00:00, 174.53s/it]
[INFO 20:09:49 RLinf] Saving checkpoint at step 40.
[36m(ActorGroup(rank=0) pid=2513437)[0m /home/chenyiteng/venvs/rlinf-7d07-openpi-robotwin/lib/python3.11/site-packages/torch/distributed/c10d_logger.py:83: UserWarning: barrier(): using the device under current context. You can specify `device_id` in `init_process_group` to mute this warning.
[36m(ActorGroup(rank=0) pid=2513437)[0m   return func(*args, **kwargs)
[36m(ActorGroup(rank=0) pid=2513437)[0m /home/chenyiteng/venvs/rlinf-7d07-openpi-robotwin/lib/python3.11/site-packages/torch/distributed/c10d_logger.py:83: UserWarning: barrier(): using the device under current context. You can specify `device_id` in `init_process_group` to mute this warning.
[36m(ActorGroup(rank=0) pid=2513437)[0m   return func(*args, **kwargs)

╭──────────────────────────────────────────────────────────────────────────────────────────────────────────────────────╮
├──────────────────────────────────────────────────── Metric Table ────────────────────────────────────────────────────┤
│ Global Step:   40/100 │ Progress: ████████████████░░░░░░░░░░░░░░░░░░░░░░░░ │  40.0%                                  │
│ Elapsed: 16:14:28 │ ETA: 24:21:43 │ Step Time: 1461.719s                                                             │
├──────────────────────────────────────────────────────── Time ────────────────────────────────────────────────────────┤
│                                                                                                                      │
│actor/actor/compute_adv=0.0079         │actor/actor/recv_traj=1313.4           │actor/actor/sync_model_to_rollout=3.8…│
│actor/run_training=22.599              │actor_training=22.604                  │cal_adv_and_returns=0.012             │
│env/compute_bootstrap_rewards=0.0020   │env/env/bootstrap_step=883.3           │env/env/send_rollout_trajectories=0.9…│
│env/env_interact_step=366.6            │env/evaluate=301.4                     │env/interact=1312.4                   │
│env/run_interact_once=1312.4           │eval=303.9                             │generate_rollouts=1313.5              │
│rollout/evaluate=180.8                 │rollout/generate_one_epoch=1299.4      │rollout/predict=11.155                │
│rollout/rollout/generate=1305.2        │rollout/sync_model_from_actor=4.798    │step=1675.9                           │
│sync_weights=2.382                     │                                       │                                      │
│                                                                                                                      │
├──────────────────────────────────────────────────── Environment ─────────────────────────────────────────────────────┤
│                                                                                                                      │
│episode_len=200.0                      │num_trajectories=256                   │return=0.8671875                      │
│reward=0.004335937                     │success_once=0.8671875                 │                                      │
│                                                                                                                      │
├────────────────────────────────────────────────────── Rollout ───────────────────────────────────────────────────────┤
│                                                                                                                      │
│advantages_max=2.201                   │advantages_mean=-9.51e-09              │advantages_min=-3.826                 │
│returns_max=1.000                      │returns_mean=0.823                     │returns_min=-0.0075                   │
│rewards=0.0055                         │                                       │                                      │
│                                                                                                                      │
├───────────────────────────────────────────────────── Evaluation ─────────────────────────────────────────────────────┤
│                                                                                                                      │
│episode_len=200.0                      │num_trajectories=32                    │return=0.9375                         │
│reward=0.0046874997                    │success_at_end=0.9375                  │success_once=0.9375                   │
│                                                                                                                      │
├─────────────────────────────────────────────────── Training/Actor ───────────────────────────────────────────────────┤
│                                                                                                                      │
│actor/approx_kl=0.011                  │actor/clip_fraction=0.063              │actor/clipped_ratio=0.999             │
│actor/dual_cliped_ratio=0.0000         │actor/entropy_loss=0.0000              │actor/grad_norm=38.892                │
│actor/lr=5.60e-06                      │actor/policy_loss=-0.077               │actor/policy_loss_abs=0.573           │
│actor/ratio=1.002                      │actor/ratio_abs=0.072                  │actor/total_loss=-0.0030              │
│                                                                                                                      │
├────────────────────────────────────────────────── Training/Critic ───────────────────────────────────────────────────┤
│                                                                                                                      │
│critic/explained_variance=0.472        │critic/lr=1.10e-04                     │critic/value_clip_ratio=0.0000        │
│critic/value_loss=0.029                │                                       │                                      │
│                                                                                                                      │
╰──────────────────────────────────────────────────────────────────────────────────────────────────────────────────────╯

[36m(RolloutGroup(rank=0) pid=2513440)[0m Generating Rollout Epochs:   0%|          | 0/4 [00:00<?, ?it/s]
[36m(RolloutGroup(rank=0) pid=2513440)[0m Generating Rollout Epochs:  25%|██▌       | 1/4 [05:42<17:06, 342.29s/it]
[36m(RolloutGroup(rank=0) pid=2513440)[0m Generating Rollout Epochs:  50%|█████     | 2/4 [11:20<11:19, 339.85s/it]
[36m(RolloutGroup(rank=0) pid=2513440)[0m Generating Rollout Epochs:  75%|███████▌  | 3/4 [16:44<05:32, 332.73s/it]
[36m(RolloutGroup(rank=0) pid=2513440)[0m Generating Rollout Epochs: 100%|██████████| 4/4 [22:13<00:00, 331.17s/it]Generating Rollout Epochs: 100%|██████████| 4/4 [22:13<00:00, 333.37s/it]

╭──────────────────────────────────────────────────────────────────────────────────────────────────────────────────────╮
├──────────────────────────────────────────────────── Metric Table ────────────────────────────────────────────────────┤
│ Global Step:   41/100 │ Progress: ████████████████░░░░░░░░░░░░░░░░░░░░░░░░ │  41.0%                                  │
│ Elapsed: 16:37:30 │ ETA: 23:55:26 │ Step Time: 1459.779s                                                             │
├──────────────────────────────────────────────────────── Time ────────────────────────────────────────────────────────┤
│                                                                                                                      │
│actor/actor/compute_adv=0.0079         │actor/actor/recv_traj=1358.5           │actor/actor/sync_model_to_rollout=1.7…│
│actor/run_training=21.854              │actor_training=21.859                  │cal_adv_and_returns=0.014             │
│env/compute_bootstrap_rewards=0.0018   │env/env/bootstrap_step=958.1           │env/env/send_rollout_trajectories=1.7…│
│env/env_interact_step=351.7            │env/interact=1357.6                    │env/run_interact_once=1357.6          │
│generate_rollouts=1358.5               │rollout/generate_one_epoch=1344.0      │rollout/predict=10.112                │
│rollout/rollout/generate=1351.5        │rollout/sync_model_from_actor=1.569    │step=1382.2                           │
│sync_weights=1.747                     │                                       │                                      │
│                                                                                                                      │
├──────────────────────────────────────────────────── Environment ─────────────────────────────────────────────────────┤
│                                                                                                                      │
│episode_len=200.0                      │num_trajectories=256                   │return=0.87890625                     │
│reward=0.004394531                     │success_once=0.87890625                │                                      │
│                                                                                                                      │
├────────────────────────────────────────────────────── Rollout ───────────────────────────────────────────────────────┤
│                                                                                                                      │
│advantages_max=1.897                   │advantages_mean=-4.77e-09              │advantages_min=-4.246                 │
│returns_max=1.000                      │returns_mean=0.835                     │returns_min=-0.0070                   │
│rewards=0.0056                         │                                       │                                      │
│                                                                                                                      │
├─────────────────────────────────────────────────── Training/Actor ───────────────────────────────────────────────────┤
│                                                                                                                      │
│actor/approx_kl=0.022                  │actor/clip_fraction=0.061              │actor/clipped_ratio=0.992             │
│actor/dual_cliped_ratio=0.0000         │actor/entropy_loss=0.0000              │actor/grad_norm=42.343                │
│actor/lr=5.60e-06                      │actor/policy_loss=-0.078               │actor/policy_loss_abs=0.566           │
│actor/ratio=0.994                      │actor/ratio_abs=0.073                  │actor/total_loss=-0.0029              │
│                                                                                                                      │
├────────────────────────────────────────────────── Training/Critic ───────────────────────────────────────────────────┤
│                                                                                                                      │
│critic/explained_variance=0.400        │critic/lr=1.10e-04                     │critic/value_clip_ratio=0.0000        │
│critic/value_loss=0.032                │                                       │                                      │
│                                                                                                                      │
╰──────────────────────────────────────────────────────────────────────────────────────────────────────────────────────╯

[36m(RolloutGroup(rank=0) pid=2513440)[0m Generating Rollout Epochs:   0%|          | 0/4 [00:00<?, ?it/s]
[36m(RolloutGroup(rank=0) pid=2513440)[0m Generating Rollout Epochs:  25%|██▌       | 1/4 [05:08<15:25, 308.41s/it]
[36m(RolloutGroup(rank=0) pid=2513440)[0m Generating Rollout Epochs:  50%|█████     | 2/4 [10:28<10:31, 315.56s/it]
[36m(RolloutGroup(rank=0) pid=2513440)[0m Generating Rollout Epochs:  75%|███████▌  | 3/4 [16:24<05:33, 333.93s/it]
[36m(RolloutGroup(rank=0) pid=2513440)[0m Generating Rollout Epochs: 100%|██████████| 4/4 [22:39<00:00, 350.14s/it]Generating Rollout Epochs: 100%|██████████| 4/4 [22:39<00:00, 339.94s/it]

╭──────────────────────────────────────────────────────────────────────────────────────────────────────────────────────╮
├──────────────────────────────────────────────────── Metric Table ────────────────────────────────────────────────────┤
│ Global Step:   42/100 │ Progress: ████████████████░░░░░░░░░░░░░░░░░░░░░░░░ │  42.0%                                  │
│ Elapsed: 17:00:46 │ ETA: 23:29:38 │ Step Time: 1458.255s                                                             │
├──────────────────────────────────────────────────────── Time ────────────────────────────────────────────────────────┤
│                                                                                                                      │
│actor/actor/compute_adv=0.0070         │actor/actor/recv_traj=1373.9           │actor/actor/sync_model_to_rollout=1.7…│
│actor/run_training=19.570              │actor_training=19.574                  │cal_adv_and_returns=0.012             │
│env/compute_bootstrap_rewards=0.0016   │env/env/bootstrap_step=963.7           │env/env/send_rollout_trajectories=1.1…│
│env/env_interact_step=356.6            │env/interact=1373.2                    │env/run_interact_once=1373.2          │
│generate_rollouts=1374.0               │rollout/generate_one_epoch=1359.7      │rollout/predict=9.881                 │
│rollout/rollout/generate=1365.5        │rollout/sync_model_from_actor=2.214    │step=1395.8                           │
│sync_weights=2.217                     │                                       │                                      │
│                                                                                                                      │
├──────────────────────────────────────────────────── Environment ─────────────────────────────────────────────────────┤
│                                                                                                                      │
│episode_len=200.0                      │num_trajectories=256                   │return=0.90625                        │
│reward=0.0045312494                    │success_once=0.90625                   │                                      │
│                                                                                                                      │
├────────────────────────────────────────────────────── Rollout ───────────────────────────────────────────────────────┤
│                                                                                                                      │
│advantages_max=1.700                   │advantages_mean=-7.22e-09              │advantages_min=-4.300                 │
│returns_max=1.000                      │returns_mean=0.870                     │returns_min=-0.0078                   │
│rewards=0.0059                         │                                       │                                      │
│                                                                                                                      │
├─────────────────────────────────────────────────── Training/Actor ───────────────────────────────────────────────────┤
│                                                                                                                      │
│actor/approx_kl=0.010                  │actor/clip_fraction=0.060              │actor/clipped_ratio=0.997             │
│actor/dual_cliped_ratio=0.0000         │actor/entropy_loss=0.0000              │actor/grad_norm=35.924                │
│actor/lr=5.60e-06                      │actor/policy_loss=-0.068               │actor/policy_loss_abs=0.525           │
│actor/ratio=1.002                      │actor/ratio_abs=0.073                  │actor/total_loss=-0.0028              │
│                                                                                                                      │
├────────────────────────────────────────────────── Training/Critic ───────────────────────────────────────────────────┤
│                                                                                                                      │
│critic/explained_variance=0.406        │critic/lr=1.10e-04                     │critic/value_clip_ratio=9.77e-04      │
│critic/value_loss=0.024                │                                       │                                      │
│                                                                                                                      │
╰──────────────────────────────────────────────────────────────────────────────────────────────────────────────────────╯

[36m(RolloutGroup(rank=0) pid=2513440)[0m Generating Rollout Epochs:   0%|          | 0/4 [00:00<?, ?it/s]
[36m(RolloutGroup(rank=0) pid=2513440)[0m Generating Rollout Epochs:  25%|██▌       | 1/4 [05:15<15:45, 315.18s/it]
[36m(RolloutGroup(rank=0) pid=2513440)[0m Generating Rollout Epochs:  50%|█████     | 2/4 [10:55<10:59, 329.70s/it]
[36m(RolloutGroup(rank=0) pid=2513440)[0m Generating Rollout Epochs:  75%|███████▌  | 3/4 [16:05<05:20, 320.90s/it]
[36m(RolloutGroup(rank=0) pid=2513440)[0m Generating Rollout Epochs: 100%|██████████| 4/4 [21:41<00:00, 326.88s/it]Generating Rollout Epochs: 100%|██████████| 4/4 [21:41<00:00, 325.38s/it]

╭──────────────────────────────────────────────────────────────────────────────────────────────────────────────────────╮
├──────────────────────────────────────────────────── Metric Table ────────────────────────────────────────────────────┤
│ Global Step:   43/100 │ Progress: █████████████████░░░░░░░░░░░░░░░░░░░░░░░ │  43.0%                                  │
│ Elapsed: 17:23:03 │ ETA: 23:02:39 │ Step Time: 1455.435s                                                             │
├──────────────────────────────────────────────────────── Time ────────────────────────────────────────────────────────┤
│                                                                                                                      │
│actor/actor/compute_adv=0.0096         │actor/actor/recv_traj=1315.2           │actor/actor/sync_model_to_rollout=1.5…│
│actor/run_training=19.755              │actor_training=19.759                  │cal_adv_and_returns=0.015             │
│env/compute_bootstrap_rewards=0.0018   │env/env/bootstrap_step=893.3           │env/env/send_rollout_trajectories=1.3…│
│env/env_interact_step=366.6            │env/interact=1314.1                    │env/run_interact_once=1314.1          │
│generate_rollouts=1315.2               │rollout/generate_one_epoch=1301.5      │rollout/predict=10.194                │
│rollout/rollout/generate=1308.3        │rollout/sync_model_from_actor=1.936    │step=1337.0                           │
│sync_weights=1.938                     │                                       │                                      │
│                                                                                                                      │
├──────────────────────────────────────────────────── Environment ─────────────────────────────────────────────────────┤
│                                                                                                                      │
│episode_len=200.0                      │num_trajectories=256                   │return=0.92578125                     │
│reward=0.0046289056                    │success_once=0.92578125                │                                      │
│                                                                                                                      │
├────────────────────────────────────────────────────── Rollout ───────────────────────────────────────────────────────┤
│                                                                                                                      │
│advantages_max=1.977                   │advantages_mean=1.03e-08               │advantages_min=-5.771                 │
│returns_max=1.000                      │returns_mean=0.896                     │returns_min=-0.0049                   │
│rewards=0.0060                         │                                       │                                      │
│                                                                                                                      │
├─────────────────────────────────────────────────── Training/Actor ───────────────────────────────────────────────────┤
│                                                                                                                      │
│actor/approx_kl=0.010                  │actor/clip_fraction=0.032              │actor/clipped_ratio=0.995             │
│actor/dual_cliped_ratio=0.0000         │actor/entropy_loss=0.0000              │actor/grad_norm=26.438                │
│actor/lr=5.60e-06                      │actor/policy_loss=-0.059               │actor/policy_loss_abs=0.484           │
│actor/ratio=0.996                      │actor/ratio_abs=0.050                  │actor/total_loss=-0.0026              │
│                                                                                                                      │
├────────────────────────────────────────────────── Training/Critic ───────────────────────────────────────────────────┤
│                                                                                                                      │
│critic/explained_variance=0.485        │critic/lr=1.10e-04                     │critic/value_clip_ratio=0.0000        │
│critic/value_loss=0.017                │                                       │                                      │
│                                                                                                                      │
╰──────────────────────────────────────────────────────────────────────────────────────────────────────────────────────╯

[36m(RolloutGroup(rank=0) pid=2513440)[0m Generating Rollout Epochs:   0%|          | 0/4 [00:00<?, ?it/s]
[36m(RolloutGroup(rank=0) pid=2513440)[0m Generating Rollout Epochs:  25%|██▌       | 1/4 [05:12<15:36, 312.11s/it]
[36m(RolloutGroup(rank=0) pid=2513440)[0m Generating Rollout Epochs:  50%|█████     | 2/4 [10:45<10:49, 324.68s/it]
[36m(RolloutGroup(rank=0) pid=2513440)[0m Generating Rollout Epochs:  75%|███████▌  | 3/4 [16:10<05:24, 324.88s/it]
[36m(RolloutGroup(rank=0) pid=2513440)[0m Generating Rollout Epochs: 100%|██████████| 4/4 [22:04<00:00, 336.48s/it]Generating Rollout Epochs: 100%|██████████| 4/4 [22:04<00:00, 331.25s/it]

╭──────────────────────────────────────────────────────────────────────────────────────────────────────────────────────╮
├──────────────────────────────────────────────────── Metric Table ────────────────────────────────────────────────────┤
│ Global Step:   44/100 │ Progress: █████████████████░░░░░░░░░░░░░░░░░░░░░░░ │  44.0%                                  │
│ Elapsed: 17:46:55 │ ETA: 22:37:54 │ Step Time: 1454.894s                                                             │
├──────────────────────────────────────────────────────── Time ────────────────────────────────────────────────────────┤
│                                                                                                                      │
│actor/actor/compute_adv=0.0064         │actor/actor/recv_traj=1409.1           │actor/actor/sync_model_to_rollout=1.5…│
│actor/run_training=20.540              │actor_training=20.544                  │cal_adv_and_returns=0.012             │
│env/compute_bootstrap_rewards=0.0019   │env/env/bootstrap_step=901.8           │env/env/send_rollout_trajectories=1.1…│
│env/env_interact_step=404.3            │env/interact=1408.3                    │env/run_interact_once=1408.3          │
│generate_rollouts=1409.1               │rollout/generate_one_epoch=1352.0      │rollout/predict=10.212                │
│rollout/rollout/generate=1358.9        │rollout/sync_model_from_actor=1.924    │step=1431.6                           │
│sync_weights=1.927                     │                                       │                                      │
│                                                                                                                      │
├──────────────────────────────────────────────────── Environment ─────────────────────────────────────────────────────┤
│                                                                                                                      │
│episode_len=200.0                      │num_trajectories=256                   │return=0.81640625                     │
│reward=0.004082031                     │success_once=0.81640625                │                                      │
│                                                                                                                      │
├────────────────────────────────────────────────────── Rollout ───────────────────────────────────────────────────────┤
│                                                                                                                      │
│advantages_max=2.012                   │advantages_mean=0.0000                 │advantages_min=-3.282                 │
│returns_max=1.000                      │returns_mean=0.766                     │returns_min=-0.0077                   │
│rewards=0.0051                         │                                       │                                      │
│                                                                                                                      │
├─────────────────────────────────────────────────── Training/Actor ───────────────────────────────────────────────────┤
│                                                                                                                      │
│actor/approx_kl=0.019                  │actor/clip_fraction=0.071              │actor/clipped_ratio=0.993             │
│actor/dual_cliped_ratio=0.0000         │actor/entropy_loss=0.0000              │actor/grad_norm=43.528                │
│actor/lr=5.60e-06                      │actor/policy_loss=-0.080               │actor/policy_loss_abs=0.639           │
│actor/ratio=1.004                      │actor/ratio_abs=0.093                  │actor/total_loss=-0.0025              │
│                                                                                                                      │
├────────────────────────────────────────────────── Training/Critic ───────────────────────────────────────────────────┤
│                                                                                                                      │
│critic/explained_variance=0.439        │critic/lr=1.10e-04                     │critic/value_clip_ratio=0.0000        │
│critic/value_loss=0.040                │                                       │                                      │
│                                                                                                                      │
╰──────────────────────────────────────────────────────────────────────────────────────────────────────────────────────╯

[36m(RolloutGroup(rank=0) pid=2513440)[0m Generating Rollout Epochs:   0%|          | 0/4 [00:00<?, ?it/s]
[36m(RolloutGroup(rank=0) pid=2513440)[0m Generating Rollout Epochs:  25%|██▌       | 1/4 [05:49<17:28, 349.59s/it]
[36m(RolloutGroup(rank=0) pid=2513440)[0m Generating Rollout Epochs:  50%|█████     | 2/4 [11:11<11:07, 333.60s/it]
[36m(RolloutGroup(rank=0) pid=2513440)[0m Generating Rollout Epochs:  75%|███████▌  | 3/4 [16:20<05:21, 321.94s/it]
[36m(RolloutGroup(rank=0) pid=2513440)[0m Generating Rollout Epochs: 100%|██████████| 4/4 [21:46<00:00, 323.74s/it]Generating Rollout Epochs: 100%|██████████| 4/4 [21:46<00:00, 326.64s/it]
[36m(RolloutGroup(rank=0) pid=2513440)[0m Evaluating Rollout Epochs:   0%|          | 0/1 [00:00<?, ?it/s]
[36m(RolloutGroup(rank=0) pid=2513440)[0m Evaluating Rollout Epochs: 100%|██████████| 1/1 [02:33<00:00, 153.86s/it]Evaluating Rollout Epochs: 100%|██████████| 1/1 [02:33<00:00, 153.87s/it]

╭──────────────────────────────────────────────────────────────────────────────────────────────────────────────────────╮
├──────────────────────────────────────────────────── Metric Table ────────────────────────────────────────────────────┤
│ Global Step:   45/100 │ Progress: ██████████████████░░░░░░░░░░░░░░░░░░░░░░ │  45.0%                                  │
│ Elapsed: 18:14:12 │ ETA: 22:17:21 │ Step Time: 1458.936s                                                             │
├──────────────────────────────────────────────────────── Time ────────────────────────────────────────────────────────┤
│                                                                                                                      │
│actor/actor/compute_adv=0.0090         │actor/actor/recv_traj=1327.2           │actor/actor/sync_model_to_rollout=3.5…│
│actor/run_training=22.595              │actor_training=22.602                  │cal_adv_and_returns=0.015             │
│env/compute_bootstrap_rewards=0.0018   │env/env/bootstrap_step=920.1           │env/env/send_rollout_trajectories=1.3…│
│env/env_interact_step=352.2            │env/evaluate=282.1                     │env/interact=1326.1                   │
│env/run_interact_once=1326.1           │eval=284.9                             │generate_rollouts=1327.2              │
│rollout/evaluate=161.5                 │rollout/generate_one_epoch=1313.6      │rollout/predict=11.250                │
│rollout/rollout/generate=1318.4        │rollout/sync_model_from_actor=4.714    │step=1636.7                           │
│sync_weights=1.943                     │                                       │                                      │
│                                                                                                                      │
├──────────────────────────────────────────────────── Environment ─────────────────────────────────────────────────────┤
│                                                                                                                      │
│episode_len=200.0                      │num_trajectories=256                   │return=0.94140625                     │
│reward=0.0047070305                    │success_once=0.94140625                │                                      │
│                                                                                                                      │
├────────────────────────────────────────────────────── Rollout ───────────────────────────────────────────────────────┤
│                                                                                                                      │
│advantages_max=2.088                   │advantages_mean=1.34e-08               │advantages_min=-5.629                 │
│returns_max=1.000                      │returns_mean=0.911                     │returns_min=-0.0095                   │
│rewards=0.0062                         │                                       │                                      │
│                                                                                                                      │
├───────────────────────────────────────────────────── Evaluation ─────────────────────────────────────────────────────┤
│                                                                                                                      │
│episode_len=200.0                      │num_trajectories=32                    │return=0.96875                        │
│reward=0.0048437496                    │success_at_end=0.96875                 │success_once=0.96875                  │
│                                                                                                                      │
├─────────────────────────────────────────────────── Training/Actor ───────────────────────────────────────────────────┤
│                                                                                                                      │
│actor/approx_kl=0.013                  │actor/clip_fraction=0.052              │actor/clipped_ratio=0.996             │
│actor/dual_cliped_ratio=0.0000         │actor/entropy_loss=0.0000              │actor/grad_norm=27.860                │
│actor/lr=5.60e-06                      │actor/policy_loss=-0.055               │actor/policy_loss_abs=0.469           │
│actor/ratio=0.998                      │actor/ratio_abs=0.064                  │actor/total_loss=-0.0024              │
│                                                                                                                      │
├────────────────────────────────────────────────── Training/Critic ───────────────────────────────────────────────────┤
│                                                                                                                      │
│critic/explained_variance=0.455        │critic/lr=1.10e-04                     │critic/value_clip_ratio=0.0000        │
│critic/value_loss=0.017                │                                       │                                      │
│                                                                                                                      │
╰──────────────────────────────────────────────────────────────────────────────────────────────────────────────────────╯

[36m(RolloutGroup(rank=0) pid=2513440)[0m Generating Rollout Epochs:   0%|          | 0/4 [00:00<?, ?it/s]
[36m(RolloutGroup(rank=0) pid=2513440)[0m Generating Rollout Epochs:  25%|██▌       | 1/4 [06:38<19:56, 398.71s/it]
[36m(RolloutGroup(rank=0) pid=2513440)[0m Generating Rollout Epochs:  50%|█████     | 2/4 [12:32<12:24, 372.32s/it]
[36m(RolloutGroup(rank=0) pid=2513440)[0m Generating Rollout Epochs:  75%|███████▌  | 3/4 [18:35<06:07, 367.93s/it]
[36m(RolloutGroup(rank=0) pid=2513440)[0m Generating Rollout Epochs: 100%|██████████| 4/4 [24:58<00:00, 374.11s/it]Generating Rollout Epochs: 100%|██████████| 4/4 [24:58<00:00, 374.71s/it]

╭──────────────────────────────────────────────────────────────────────────────────────────────────────────────────────╮
├──────────────────────────────────────────────────── Metric Table ────────────────────────────────────────────────────┤
│ Global Step:   46/100 │ Progress: ██████████████████░░░░░░░░░░░░░░░░░░░░░░ │  46.0%                                  │
│ Elapsed: 18:39:54 │ ETA: 21:54:40 │ Step Time: 1460.742s                                                             │
├──────────────────────────────────────────────────────── Time ────────────────────────────────────────────────────────┤
│                                                                                                                      │
│actor/actor/compute_adv=0.012          │actor/actor/recv_traj=1516.7           │actor/actor/sync_model_to_rollout=1.8…│
│actor/run_training=23.335              │actor_training=23.341                  │cal_adv_and_returns=0.018             │
│env/compute_bootstrap_rewards=0.0019   │env/env/bootstrap_step=1072.5          │env/env/send_rollout_trajectories=1.3…│
│env/env_interact_step=379.4            │env/interact=1515.6                    │env/run_interact_once=1515.6          │
│generate_rollouts=1516.8               │rollout/generate_one_epoch=1498.8      │rollout/predict=10.285                │
│rollout/rollout/generate=1506.5        │rollout/sync_model_from_actor=1.783    │step=1542.0                           │
│sync_weights=1.850                     │                                       │                                      │
│                                                                                                                      │
├──────────────────────────────────────────────────── Environment ─────────────────────────────────────────────────────┤
│                                                                                                                      │
│episode_len=200.0                      │num_trajectories=256                   │return=0.91796875                     │
│reward=0.004589843                     │success_once=0.91796875                │                                      │
│                                                                                                                      │
├────────────────────────────────────────────────────── Rollout ───────────────────────────────────────────────────────┤
│                                                                                                                      │
│advantages_max=2.014                   │advantages_mean=0.0000                 │advantages_min=-4.947                 │
│returns_max=1.000                      │returns_mean=0.885                     │returns_min=-0.0085                   │
│rewards=0.0060                         │                                       │                                      │
│                                                                                                                      │
├─────────────────────────────────────────────────── Training/Actor ───────────────────────────────────────────────────┤
│                                                                                                                      │
│actor/approx_kl=0.016                  │actor/clip_fraction=0.043              │actor/clipped_ratio=0.996             │
│actor/dual_cliped_ratio=0.0000         │actor/entropy_loss=0.0000              │actor/grad_norm=44.736                │
│actor/lr=5.60e-06                      │actor/policy_loss=-0.065               │actor/policy_loss_abs=0.499           │
│actor/ratio=0.997                      │actor/ratio_abs=0.062                  │actor/total_loss=-0.0028              │
│                                                                                                                      │
├────────────────────────────────────────────────── Training/Critic ───────────────────────────────────────────────────┤
│                                                                                                                      │
│critic/explained_variance=0.421        │critic/lr=1.10e-04                     │critic/value_clip_ratio=9.77e-04      │
│critic/value_loss=0.021                │                                       │                                      │
│                                                                                                                      │
╰──────────────────────────────────────────────────────────────────────────────────────────────────────────────────────╯

[36m(RolloutGroup(rank=0) pid=2513440)[0m Generating Rollout Epochs:   0%|          | 0/4 [00:00<?, ?it/s]
[36m(RolloutGroup(rank=0) pid=2513440)[0m Generating Rollout Epochs:  25%|██▌       | 1/4 [05:24<16:13, 324.60s/it]
[36m(RolloutGroup(rank=0) pid=2513440)[0m Generating Rollout Epochs:  50%|█████     | 2/4 [10:55<10:56, 328.22s/it]
[36m(RolloutGroup(rank=0) pid=2513440)[0m Generating Rollout Epochs:  75%|███████▌  | 3/4 [16:43<05:37, 337.52s/it]
[36m(RolloutGroup(rank=0) pid=2513440)[0m Generating Rollout Epochs: 100%|██████████| 4/4 [22:17<00:00, 335.98s/it]Generating Rollout Epochs: 100%|██████████| 4/4 [22:17<00:00, 334.39s/it]

╭──────────────────────────────────────────────────────────────────────────────────────────────────────────────────────╮
├──────────────────────────────────────────────────── Metric Table ────────────────────────────────────────────────────┤
│ Global Step:   47/100 │ Progress: ██████████████████░░░░░░░░░░░░░░░░░░░░░░ │  47.0%                                  │
│ Elapsed: 19:02:53 │ ETA: 21:28:47 │ Step Time: 1459.003s                                                             │
├──────────────────────────────────────────────────────── Time ────────────────────────────────────────────────────────┤
│                                                                                                                      │
│actor/actor/compute_adv=0.0079         │actor/actor/recv_traj=1353.6           │actor/actor/sync_model_to_rollout=1.8…│
│actor/run_training=22.575              │actor_training=22.579                  │cal_adv_and_returns=0.013             │
│env/compute_bootstrap_rewards=0.0018   │env/env/bootstrap_step=919.7           │env/env/send_rollout_trajectories=1.5…│
│env/env_interact_step=370.6            │env/interact=1352.9                    │env/run_interact_once=1352.9          │
│generate_rollouts=1353.7               │rollout/generate_one_epoch=1337.6      │rollout/predict=10.116                │
│rollout/rollout/generate=1344.3        │rollout/sync_model_from_actor=2.742    │step=1379.0                           │
│sync_weights=2.747                     │                                       │                                      │
│                                                                                                                      │
├──────────────────────────────────────────────────── Environment ─────────────────────────────────────────────────────┤
│                                                                                                                      │
│episode_len=200.0                      │num_trajectories=256                   │return=0.93359375                     │
│reward=0.004667968                     │success_once=0.93359375                │                                      │
│                                                                                                                      │
├────────────────────────────────────────────────────── Rollout ───────────────────────────────────────────────────────┤
│                                                                                                                      │
│advantages_max=1.568                   │advantages_mean=-1.21e-08              │advantages_min=-5.169                 │
│returns_max=1.000                      │returns_mean=0.907                     │returns_min=-0.0025                   │
│rewards=0.0061                         │                                       │                                      │
│                                                                                                                      │
├─────────────────────────────────────────────────── Training/Actor ───────────────────────────────────────────────────┤
│                                                                                                                      │
│actor/approx_kl=0.021                  │actor/clip_fraction=0.075              │actor/clipped_ratio=0.991             │
│actor/dual_cliped_ratio=0.0000         │actor/entropy_loss=0.0000              │actor/grad_norm=38.008                │
│actor/lr=5.60e-06                      │actor/policy_loss=-0.061               │actor/policy_loss_abs=0.464           │
│actor/ratio=0.996                      │actor/ratio_abs=0.085                  │actor/total_loss=-0.0027              │
│                                                                                                                      │
├────────────────────────────────────────────────── Training/Critic ───────────────────────────────────────────────────┤
│                                                                                                                      │
│critic/explained_variance=0.444        │critic/lr=1.10e-04                     │critic/value_clip_ratio=0.0000        │
│critic/value_loss=0.018                │                                       │                                      │
│                                                                                                                      │
╰──────────────────────────────────────────────────────────────────────────────────────────────────────────────────────╯

[36m(RolloutGroup(rank=0) pid=2513440)[0m Generating Rollout Epochs:   0%|          | 0/4 [00:00<?, ?it/s]
[36m(RolloutGroup(rank=0) pid=2513440)[0m Generating Rollout Epochs:  25%|██▌       | 1/4 [05:20<16:00, 320.27s/it]
[36m(RolloutGroup(rank=0) pid=2513440)[0m Generating Rollout Epochs:  50%|█████     | 2/4 [10:37<10:37, 318.72s/it]
[36m(RolloutGroup(rank=0) pid=2513440)[0m Generating Rollout Epochs:  75%|███████▌  | 3/4 [15:52<05:16, 316.66s/it]
[36m(RolloutGroup(rank=0) pid=2513440)[0m Generating Rollout Epochs: 100%|██████████| 4/4 [21:09<00:00, 316.76s/it]Generating Rollout Epochs: 100%|██████████| 4/4 [21:09<00:00, 317.25s/it]

╭──────────────────────────────────────────────────────────────────────────────────────────────────────────────────────╮
├──────────────────────────────────────────────────── Metric Table ────────────────────────────────────────────────────┤
│ Global Step:   48/100 │ Progress: ███████████████████░░░░░░░░░░░░░░░░░░░░░ │  48.0%                                  │
│ Elapsed: 19:24:56 │ ETA: 21:02:01 │ Step Time: 1456.176s                                                             │
├──────────────────────────────────────────────────────── Time ────────────────────────────────────────────────────────┤
│                                                                                                                      │
│actor/actor/compute_adv=0.0072         │actor/actor/recv_traj=1300.7           │actor/actor/sync_model_to_rollout=1.9…│
│actor/run_training=19.555              │actor_training=19.559                  │cal_adv_and_returns=0.012             │
│env/compute_bootstrap_rewards=0.0016   │env/env/bootstrap_step=917.8           │env/env/send_rollout_trajectories=1.1…│
│env/env_interact_step=325.6            │env/interact=1300.0                    │env/run_interact_once=1300.0          │
│generate_rollouts=1300.8               │rollout/generate_one_epoch=1288.3      │rollout/predict=9.865                 │
│rollout/rollout/generate=1293.0        │rollout/sync_model_from_actor=2.896    │step=1323.3                           │
│sync_weights=2.900                     │                                       │                                      │
│                                                                                                                      │
├──────────────────────────────────────────────────── Environment ─────────────────────────────────────────────────────┤
│                                                                                                                      │
│episode_len=200.0                      │num_trajectories=256                   │return=0.93359375                     │
│reward=0.004667968                     │success_once=0.93359375                │                                      │
│                                                                                                                      │
├────────────────────────────────────────────────────── Rollout ───────────────────────────────────────────────────────┤
│                                                                                                                      │
│advantages_max=1.772                   │advantages_mean=-2.13e-09              │advantages_min=-5.391                 │
│returns_max=1.000                      │returns_mean=0.906                     │returns_min=-0.0038                   │
│rewards=0.0061                         │                                       │                                      │
│                                                                                                                      │
├─────────────────────────────────────────────────── Training/Actor ───────────────────────────────────────────────────┤
│                                                                                                                      │
│actor/approx_kl=0.015                  │actor/clip_fraction=0.039              │actor/clipped_ratio=0.994             │
│actor/dual_cliped_ratio=0.0000         │actor/entropy_loss=0.0000              │actor/grad_norm=31.346                │
│actor/lr=5.60e-06                      │actor/policy_loss=-0.056               │actor/policy_loss_abs=0.475           │
│actor/ratio=0.994                      │actor/ratio_abs=0.057                  │actor/total_loss=-0.0025              │
│                                                                                                                      │
├────────────────────────────────────────────────── Training/Critic ───────────────────────────────────────────────────┤
│                                                                                                                      │
│critic/explained_variance=0.472        │critic/lr=1.10e-04                     │critic/value_clip_ratio=0.0000        │
│critic/value_loss=0.016                │                                       │                                      │
│                                                                                                                      │
╰──────────────────────────────────────────────────────────────────────────────────────────────────────────────────────╯

[36m(RolloutGroup(rank=0) pid=2513440)[0m Generating Rollout Epochs:   0%|          | 0/4 [00:00<?, ?it/s]
[36m(RolloutGroup(rank=0) pid=2513440)[0m Generating Rollout Epochs:  25%|██▌       | 1/4 [05:25<16:17, 325.91s/it]
[36m(RolloutGroup(rank=0) pid=2513440)[0m Generating Rollout Epochs:  50%|█████     | 2/4 [11:18<11:23, 341.89s/it]
[36m(RolloutGroup(rank=0) pid=2513440)[0m Generating Rollout Epochs:  75%|███████▌  | 3/4 [17:03<05:43, 343.23s/it]
[36m(RolloutGroup(rank=0) pid=2513440)[0m Generating Rollout Epochs: 100%|██████████| 4/4 [22:21<00:00, 333.14s/it]Generating Rollout Epochs: 100%|██████████| 4/4 [22:21<00:00, 335.37s/it]

╭──────────────────────────────────────────────────────────────────────────────────────────────────────────────────────╮
├──────────────────────────────────────────────────── Metric Table ────────────────────────────────────────────────────┤
│ Global Step:   49/100 │ Progress: ███████████████████░░░░░░░░░░░░░░░░░░░░░ │  49.0%                                  │
│ Elapsed: 19:48:15 │ ETA: 20:36:46 │ Step Time: 1455.020s                                                             │
├──────────────────────────────────────────────────────── Time ────────────────────────────────────────────────────────┤
│                                                                                                                      │
│actor/actor/compute_adv=0.0074         │actor/actor/recv_traj=1377.8           │actor/actor/sync_model_to_rollout=1.6…│
│actor/run_training=19.616              │actor_training=19.619                  │cal_adv_and_returns=0.012             │
│env/compute_bootstrap_rewards=0.0018   │env/env/bootstrap_step=994.1           │env/env/send_rollout_trajectories=1.3…│
│env/env_interact_step=329.7            │env/interact=1377.1                    │env/run_interact_once=1377.1          │
│generate_rollouts=1377.8               │rollout/generate_one_epoch=1365.1      │rollout/predict=9.921                 │
│rollout/rollout/generate=1370.2        │rollout/sync_model_from_actor=2.023    │step=1399.5                           │
│sync_weights=2.027                     │                                       │                                      │
│                                                                                                                      │
├──────────────────────────────────────────────────── Environment ─────────────────────────────────────────────────────┤
│                                                                                                                      │
│episode_len=200.0                      │num_trajectories=256                   │return=0.9453125                      │
│reward=0.0047265617                    │success_once=0.9453125                 │                                      │
│                                                                                                                      │
├────────────────────────────────────────────────────── Rollout ───────────────────────────────────────────────────────┤
│                                                                                                                      │
│advantages_max=2.209                   │advantages_mean=-6.10e-09              │advantages_min=-6.493                 │
│returns_max=1.000                      │returns_mean=0.917                     │returns_min=-0.0057                   │
│rewards=0.0062                         │                                       │                                      │
│                                                                                                                      │
├─────────────────────────────────────────────────── Training/Actor ───────────────────────────────────────────────────┤
│                                                                                                                      │
│actor/approx_kl=0.012                  │actor/clip_fraction=0.042              │actor/clipped_ratio=0.996             │
│actor/dual_cliped_ratio=0.0000         │actor/entropy_loss=0.0000              │actor/grad_norm=33.039                │
│actor/lr=5.60e-06                      │actor/policy_loss=-0.049               │actor/policy_loss_abs=0.458           │
│actor/ratio=0.997                      │actor/ratio_abs=0.061                  │actor/total_loss=-0.0021              │
│                                                                                                                      │
├────────────────────────────────────────────────── Training/Critic ───────────────────────────────────────────────────┤
│                                                                                                                      │
│critic/explained_variance=0.406        │critic/lr=1.10e-04                     │critic/value_clip_ratio=0.0000        │
│critic/value_loss=0.016                │                                       │                                      │
│                                                                                                                      │
╰──────────────────────────────────────────────────────────────────────────────────────────────────────────────────────╯

[36m(RolloutGroup(rank=0) pid=2513440)[0m Generating Rollout Epochs:   0%|          | 0/4 [00:00<?, ?it/s]
[36m(RolloutGroup(rank=0) pid=2513440)[0m Generating Rollout Epochs:  25%|██▌       | 1/4 [05:34<16:42, 334.32s/it]
[36m(RolloutGroup(rank=0) pid=2513440)[0m Generating Rollout Epochs:  50%|█████     | 2/4 [11:07<11:07, 333.60s/it]
[36m(RolloutGroup(rank=0) pid=2513440)[0m Generating Rollout Epochs:  75%|███████▌  | 3/4 [16:18<05:23, 323.18s/it]
[36m(RolloutGroup(rank=0) pid=2513440)[0m Generating Rollout Epochs: 100%|██████████| 4/4 [21:39<00:00, 322.58s/it]Generating Rollout Epochs: 100%|██████████| 4/4 [21:39<00:00, 324.97s/it]
[36m(RolloutGroup(rank=0) pid=2513440)[0m Evaluating Rollout Epochs:   0%|          | 0/1 [00:00<?, ?it/s]
[36m(RolloutGroup(rank=0) pid=2513440)[0m Evaluating Rollout Epochs: 100%|██████████| 1/1 [02:31<00:00, 151.39s/it]Evaluating Rollout Epochs: 100%|██████████| 1/1 [02:31<00:00, 151.39s/it]
[INFO 00:11:44 RLinf] Saving checkpoint at step 50.
[36m(ActorGroup(rank=0) pid=2513437)[0m /home/chenyiteng/venvs/rlinf-7d07-openpi-robotwin/lib/python3.11/site-packages/torch/distributed/c10d_logger.py:83: UserWarning: barrier(): using the device under current context. You can specify `device_id` in `init_process_group` to mute this warning.
[36m(ActorGroup(rank=0) pid=2513437)[0m   return func(*args, **kwargs)
[36m(ActorGroup(rank=0) pid=2513437)[0m /home/chenyiteng/venvs/rlinf-7d07-openpi-robotwin/lib/python3.11/site-packages/torch/distributed/c10d_logger.py:83: UserWarning: barrier(): using the device under current context. You can specify `device_id` in `init_process_group` to mute this warning.
[36m(ActorGroup(rank=0) pid=2513437)[0m   return func(*args, **kwargs)

╭──────────────────────────────────────────────────────────────────────────────────────────────────────────────────────╮
├──────────────────────────────────────────────────── Metric Table ────────────────────────────────────────────────────┤
│ Global Step:   50/100 │ Progress: ████████████████████░░░░░░░░░░░░░░░░░░░░ │  50.0%                                  │
│ Elapsed: 20:16:23 │ ETA: 20:16:23 │ Step Time: 1459.677s                                                             │
├──────────────────────────────────────────────────────── Time ────────────────────────────────────────────────────────┤
│                                                                                                                      │
│actor/actor/compute_adv=0.0074         │actor/actor/recv_traj=1347.5           │actor/actor/sync_model_to_rollout=3.4…│
│actor/run_training=21.877              │actor_training=21.882                  │cal_adv_and_returns=0.013             │
│env/compute_bootstrap_rewards=0.0019   │env/env/bootstrap_step=911.5           │env/env/send_rollout_trajectories=1.0…│
│env/env_interact_step=376.9            │env/evaluate=279.9                     │env/interact=1346.8                   │
│env/run_interact_once=1346.8           │eval=282.4                             │generate_rollouts=1347.5              │
│rollout/evaluate=157.8                 │rollout/generate_one_epoch=1334.1      │rollout/predict=11.269                │
│rollout/rollout/generate=1339.8        │rollout/sync_model_from_actor=4.312    │step=1687.8                           │
│sync_weights=1.944                     │                                       │                                      │
│                                                                                                                      │
├──────────────────────────────────────────────────── Environment ─────────────────────────────────────────────────────┤
│                                                                                                                      │
│episode_len=200.0                      │num_trajectories=256                   │return=0.9453125                      │
│reward=0.0047265617                    │success_once=0.9453125                 │                                      │
│                                                                                                                      │
├────────────────────────────────────────────────────── Rollout ───────────────────────────────────────────────────────┤
│                                                                                                                      │
│advantages_max=2.821                   │advantages_mean=1.10e-08               │advantages_min=-7.081                 │
│returns_max=1.000                      │returns_mean=0.917                     │returns_min=-0.0077                   │
│rewards=0.0062                         │                                       │                                      │
│                                                                                                                      │
├───────────────────────────────────────────────────── Evaluation ─────────────────────────────────────────────────────┤
│                                                                                                                      │
│episode_len=200.0                      │num_trajectories=32                    │return=0.9375                         │
│reward=0.0046874997                    │success_at_end=0.9375                  │success_once=0.9375                   │
│                                                                                                                      │
├─────────────────────────────────────────────────── Training/Actor ───────────────────────────────────────────────────┤
│                                                                                                                      │
│actor/approx_kl=0.014                  │actor/clip_fraction=0.055              │actor/clipped_ratio=0.996             │
│actor/dual_cliped_ratio=0.0000         │actor/entropy_loss=0.0000              │actor/grad_norm=31.217                │
│actor/lr=5.60e-06                      │actor/policy_loss=-0.049               │actor/policy_loss_abs=0.467           │
│actor/ratio=0.996                      │actor/ratio_abs=0.064                  │actor/total_loss=-0.0022              │
│                                                                                                                      │
├────────────────────────────────────────────────── Training/Critic ───────────────────────────────────────────────────┤
│                                                                                                                      │
│critic/explained_variance=0.419        │critic/lr=1.10e-04                     │critic/value_clip_ratio=0.0000        │
│critic/value_loss=0.015                │                                       │                                      │
│                                                                                                                      │
╰──────────────────────────────────────────────────────────────────────────────────────────────────────────────────────╯

[36m(RolloutGroup(rank=0) pid=2513440)[0m Generating Rollout Epochs:   0%|          | 0/4 [00:00<?, ?it/s]
[36m(RolloutGroup(rank=0) pid=2513440)[0m Generating Rollout Epochs:  25%|██▌       | 1/4 [05:15<15:46, 315.62s/it]
[36m(RolloutGroup(rank=0) pid=2513440)[0m Generating Rollout Epochs:  50%|█████     | 2/4 [10:37<10:38, 319.26s/it]
[36m(RolloutGroup(rank=0) pid=2513440)[0m Generating Rollout Epochs:  75%|███████▌  | 3/4 [16:20<05:30, 330.10s/it]
[36m(RolloutGroup(rank=0) pid=2513440)[0m Generating Rollout Epochs: 100%|██████████| 4/4 [22:24<00:00, 343.35s/it]Generating Rollout Epochs: 100%|██████████| 4/4 [22:24<00:00, 336.02s/it]

╭──────────────────────────────────────────────────────────────────────────────────────────────────────────────────────╮
├──────────────────────────────────────────────────── Metric Table ────────────────────────────────────────────────────┤
│ Global Step:   51/100 │ Progress: ████████████████████░░░░░░░░░░░░░░░░░░░░ │  51.0%                                  │
│ Elapsed: 20:40:29 │ ETA: 19:51:51 │ Step Time: 1459.410s                                                             │
├──────────────────────────────────────────────────────── Time ────────────────────────────────────────────────────────┤
│                                                                                                                      │
│actor/actor/compute_adv=0.0087         │actor/actor/recv_traj=1421.5           │actor/actor/sync_model_to_rollout=1.7…│
│actor/run_training=22.708              │actor_training=22.713                  │cal_adv_and_returns=0.013             │
│env/compute_bootstrap_rewards=0.0019   │env/env/bootstrap_step=968.5           │env/env/send_rollout_trajectories=1.1…│
│env/env_interact_step=390.6            │env/interact=1420.7                    │env/run_interact_once=1420.7          │
│generate_rollouts=1421.6               │rollout/generate_one_epoch=1404.5      │rollout/predict=10.107                │
│rollout/rollout/generate=1411.2        │rollout/sync_model_from_actor=1.561    │step=1446.0                           │
│sync_weights=1.759                     │                                       │                                      │
│                                                                                                                      │
├──────────────────────────────────────────────────── Environment ─────────────────────────────────────────────────────┤
│                                                                                                                      │
│episode_len=200.0                      │num_trajectories=256                   │return=0.88671875                     │
│reward=0.0044335932                    │success_once=0.88671875                │                                      │
│                                                                                                                      │
├────────────────────────────────────────────────────── Rollout ───────────────────────────────────────────────────────┤
│                                                                                                                      │
│advantages_max=1.752                   │advantages_mean=6.58e-09               │advantages_min=-4.236                 │
│returns_max=1.000                      │returns_mean=0.850                     │returns_min=-0.0065                   │
│rewards=0.0057                         │                                       │                                      │
│                                                                                                                      │
├─────────────────────────────────────────────────── Training/Actor ───────────────────────────────────────────────────┤
│                                                                                                                      │
│actor/approx_kl=0.011                  │actor/clip_fraction=0.053              │actor/clipped_ratio=0.995             │
│actor/dual_cliped_ratio=0.0000         │actor/entropy_loss=0.0000              │actor/grad_norm=35.719                │
│actor/lr=5.60e-06                      │actor/policy_loss=-0.076               │actor/policy_loss_abs=0.536           │
│actor/ratio=1.000                      │actor/ratio_abs=0.065                  │actor/total_loss=-0.0031              │
│                                                                                                                      │
├────────────────────────────────────────────────── Training/Critic ───────────────────────────────────────────────────┤
│                                                                                                                      │
│critic/explained_variance=0.458        │critic/lr=1.10e-04                     │critic/value_clip_ratio=0.0000        │
│critic/value_loss=0.027                │                                       │                                      │
│                                                                                                                      │
╰──────────────────────────────────────────────────────────────────────────────────────────────────────────────────────╯

[36m(RolloutGroup(rank=0) pid=2513440)[0m Generating Rollout Epochs:   0%|          | 0/4 [00:00<?, ?it/s]
[36m(RolloutGroup(rank=0) pid=2513440)[0m Generating Rollout Epochs:  25%|██▌       | 1/4 [04:58<14:56, 298.92s/it]
[36m(RolloutGroup(rank=0) pid=2513440)[0m Generating Rollout Epochs:  50%|█████     | 2/4 [10:35<10:41, 320.80s/it]
[36m(RolloutGroup(rank=0) pid=2513440)[0m Generating Rollout Epochs:  75%|███████▌  | 3/4 [15:59<05:22, 322.33s/it]
[36m(Env(rank=0) pid=2513500)[0m [W901 00:54:23.940616195 socket.cpp:207] [c10d] The hostname of the client socket cannot be retrieved. err=-3
[36m(RolloutGroup(rank=0) pid=2513440)[0m Generating Rollout Epochs: 100%|██████████| 4/4 [21:25<00:00, 323.86s/it]Generating Rollout Epochs: 100%|██████████| 4/4 [21:25<00:00, 321.35s/it]

╭──────────────────────────────────────────────────────────────────────────────────────────────────────────────────────╮
├──────────────────────────────────────────────────── Metric Table ────────────────────────────────────────────────────┤
│ Global Step:   52/100 │ Progress: ████████████████████░░░░░░░░░░░░░░░░░░░░ │  52.0%                                  │
│ Elapsed: 21:03:31 │ ETA: 19:26:19 │ Step Time: 1457.908s                                                             │
├──────────────────────────────────────────────────────── Time ────────────────────────────────────────────────────────┤
│                                                                                                                      │
│actor/actor/compute_adv=0.0075         │actor/actor/recv_traj=1358.9           │actor/actor/sync_model_to_rollout=1.8…│
│actor/run_training=19.911              │actor_training=19.915                  │cal_adv_and_returns=0.012             │
│env/compute_bootstrap_rewards=0.0018   │env/env/bootstrap_step=941.4           │env/env/send_rollout_trajectories=1.2…│
│env/env_interact_step=349.1            │env/interact=1358.2                    │env/run_interact_once=1358.2          │
│generate_rollouts=1359.0               │rollout/generate_one_epoch=1342.8      │rollout/predict=9.968                 │
│rollout/rollout/generate=1348.2        │rollout/sync_model_from_actor=2.359    │step=1381.3                           │
│sync_weights=2.363                     │                                       │                                      │
│                                                                                                                      │
├──────────────────────────────────────────────────── Environment ─────────────────────────────────────────────────────┤
│                                                                                                                      │
│episode_len=200.0                      │num_trajectories=256                   │return=0.9140625                      │
│reward=0.004570312                     │success_once=0.9140625                 │                                      │
│                                                                                                                      │
├────────────────────────────────────────────────────── Rollout ───────────────────────────────────────────────────────┤
│                                                                                                                      │
│advantages_max=2.041                   │advantages_mean=0.0000                 │advantages_min=-4.656                 │
│returns_max=1.000                      │returns_mean=0.881                     │returns_min=-0.0079                   │
│rewards=0.0059                         │                                       │                                      │
│                                                                                                                      │
├─────────────────────────────────────────────────── Training/Actor ───────────────────────────────────────────────────┤
│                                                                                                                      │
│actor/approx_kl=0.0055                 │actor/clip_fraction=0.054              │actor/clipped_ratio=0.998             │
│actor/dual_cliped_ratio=0.0000         │actor/entropy_loss=0.0000              │actor/grad_norm=34.667                │
│actor/lr=5.60e-06                      │actor/policy_loss=-0.067               │actor/policy_loss_abs=0.495           │
│actor/ratio=1.007                      │actor/ratio_abs=0.070                  │actor/total_loss=-0.0029              │
│                                                                                                                      │
├────────────────────────────────────────────────── Training/Critic ───────────────────────────────────────────────────┤
│                                                                                                                      │
│critic/explained_variance=0.457        │critic/lr=1.10e-04                     │critic/value_clip_ratio=0.0000        │
│critic/value_loss=0.021                │                                       │                                      │
│                                                                                                                      │
╰──────────────────────────────────────────────────────────────────────────────────────────────────────────────────────╯

[36m(RolloutGroup(rank=0) pid=2513440)[0m Generating Rollout Epochs:   0%|          | 0/4 [00:00<?, ?it/s]
[36m(RolloutGroup(rank=0) pid=2513440)[0m Generating Rollout Epochs:  25%|██▌       | 1/4 [04:52<14:38, 292.83s/it]
[36m(RolloutGroup(rank=0) pid=2513440)[0m Generating Rollout Epochs:  50%|█████     | 2/4 [10:04<10:07, 303.82s/it]
[36m(RolloutGroup(rank=0) pid=2513440)[0m Generating Rollout Epochs:  75%|███████▌  | 3/4 [15:20<05:09, 309.66s/it]
[36m(RolloutGroup(rank=0) pid=2513440)[0m Generating Rollout Epochs: 100%|██████████| 4/4 [20:44<00:00, 315.05s/it]Generating Rollout Epochs: 100%|██████████| 4/4 [20:44<00:00, 311.07s/it]

╭──────────────────────────────────────────────────────────────────────────────────────────────────────────────────────╮
├──────────────────────────────────────────────────── Metric Table ────────────────────────────────────────────────────┤
│ Global Step:   53/100 │ Progress: █████████████████████░░░░░░░░░░░░░░░░░░░ │  53.0%                                  │
│ Elapsed: 21:27:03 │ ETA: 19:01:20 │ Step Time: 1457.042s                                                             │
├──────────────────────────────────────────────────────── Time ────────────────────────────────────────────────────────┤
│                                                                                                                      │
│actor/actor/compute_adv=0.0094         │actor/actor/recv_traj=1388.7           │actor/actor/sync_model_to_rollout=1.6…│
│actor/run_training=21.205              │actor_training=21.209                  │cal_adv_and_returns=0.014             │
│env/compute_bootstrap_rewards=0.0016   │env/env/bootstrap_step=966.6           │env/env/send_rollout_trajectories=1.2…│
│env/env_interact_step=356.6            │env/interact=1388.0                    │env/run_interact_once=1388.0          │
│generate_rollouts=1388.8               │rollout/generate_one_epoch=1371.7      │rollout/predict=10.060                │
│rollout/rollout/generate=1377.8        │rollout/sync_model_from_actor=1.988    │step=1412.0                           │
│sync_weights=1.992                     │                                       │                                      │
│                                                                                                                      │
├──────────────────────────────────────────────────── Environment ─────────────────────────────────────────────────────┤
│                                                                                                                      │
│episode_len=200.0                      │num_trajectories=256                   │return=0.90625                        │
│reward=0.0045312494                    │success_once=0.90625                   │                                      │
│                                                                                                                      │
├────────────────────────────────────────────────────── Rollout ───────────────────────────────────────────────────────┤
│                                                                                                                      │
│advantages_max=2.839                   │advantages_mean=-1.32e-08              │advantages_min=-6.460                 │
│returns_max=1.000                      │returns_mean=0.869                     │returns_min=-0.0088                   │
│rewards=0.0059                         │                                       │                                      │
│                                                                                                                      │
├─────────────────────────────────────────────────── Training/Actor ───────────────────────────────────────────────────┤
│                                                                                                                      │
│actor/approx_kl=0.0042                 │actor/clip_fraction=0.039              │actor/clipped_ratio=1.000             │
│actor/dual_cliped_ratio=0.0000         │actor/entropy_loss=0.0000              │actor/grad_norm=34.068                │
│actor/lr=5.60e-06                      │actor/policy_loss=-0.064               │actor/policy_loss_abs=0.543           │
│actor/ratio=1.004                      │actor/ratio_abs=0.054                  │actor/total_loss=-0.0026              │
│                                                                                                                      │
├────────────────────────────────────────────────── Training/Critic ───────────────────────────────────────────────────┤
│                                                                                                                      │
│critic/explained_variance=0.457        │critic/lr=1.10e-04                     │critic/value_clip_ratio=0.0000        │
│critic/value_loss=0.022                │                                       │                                      │
│                                                                                                                      │
╰──────────────────────────────────────────────────────────────────────────────────────────────────────────────────────╯

[36m(RolloutGroup(rank=0) pid=2513440)[0m Generating Rollout Epochs:   0%|          | 0/4 [00:00<?, ?it/s]
[36m(RolloutGroup(rank=0) pid=2513440)[0m Generating Rollout Epochs:  25%|██▌       | 1/4 [05:34<16:43, 334.45s/it]
[36m(RolloutGroup(rank=0) pid=2513440)[0m Generating Rollout Epochs:  50%|█████     | 2/4 [10:53<10:50, 325.10s/it]
[36m(RolloutGroup(rank=0) pid=2513440)[0m Generating Rollout Epochs:  75%|███████▌  | 3/4 [16:49<05:39, 339.27s/it]
[36m(RolloutGroup(rank=0) pid=2513440)[0m Generating Rollout Epochs: 100%|██████████| 4/4 [22:29<00:00, 339.85s/it]Generating Rollout Epochs: 100%|██████████| 4/4 [22:29<00:00, 337.47s/it]

╭──────────────────────────────────────────────────────────────────────────────────────────────────────────────────────╮
├──────────────────────────────────────────────────── Metric Table ────────────────────────────────────────────────────┤
│ Global Step:   54/100 │ Progress: █████████████████████░░░░░░░░░░░░░░░░░░░ │  54.0%                                  │
│ Elapsed: 21:51:39 │ ETA: 18:37:20 │ Step Time: 1457.397s                                                             │
├──────────────────────────────────────────────────────── Time ────────────────────────────────────────────────────────┤
│                                                                                                                      │
│actor/actor/compute_adv=0.010          │actor/actor/recv_traj=1454.0           │actor/actor/sync_model_to_rollout=1.6…│
│actor/run_training=20.056              │actor_training=20.059                  │cal_adv_and_returns=0.015             │
│env/compute_bootstrap_rewards=0.0018   │env/env/bootstrap_step=1006.6          │env/env/send_rollout_trajectories=1.1…│
│env/env_interact_step=384.3            │env/interact=1453.2                    │env/run_interact_once=1453.2          │
│generate_rollouts=1454.0               │rollout/generate_one_epoch=1437.6      │rollout/predict=10.082                │
│rollout/rollout/generate=1443.1        │rollout/sync_model_from_actor=2.060    │step=1476.2                           │
│sync_weights=2.064                     │                                       │                                      │
│                                                                                                                      │
├──────────────────────────────────────────────────── Environment ─────────────────────────────────────────────────────┤
│                                                                                                                      │
│episode_len=200.0                      │num_trajectories=256                   │return=0.890625                       │
│reward=0.0044531245                    │success_once=0.890625                  │                                      │
│                                                                                                                      │
├────────────────────────────────────────────────────── Rollout ───────────────────────────────────────────────────────┤
│                                                                                                                      │
│advantages_max=1.580                   │advantages_mean=2.40e-08               │advantages_min=-5.633                 │
│returns_max=1.000                      │returns_mean=0.852                     │returns_min=-0.0083                   │
│rewards=0.0057                         │                                       │                                      │
│                                                                                                                      │
├─────────────────────────────────────────────────── Training/Actor ───────────────────────────────────────────────────┤
│                                                                                                                      │
│actor/approx_kl=0.013                  │actor/clip_fraction=0.064              │actor/clipped_ratio=0.995             │
│actor/dual_cliped_ratio=0.0000         │actor/entropy_loss=0.0000              │actor/grad_norm=37.496                │
│actor/lr=5.60e-06                      │actor/policy_loss=-0.072               │actor/policy_loss_abs=0.526           │
│actor/ratio=0.999                      │actor/ratio_abs=0.068                  │actor/total_loss=-0.0029              │
│                                                                                                                      │
├────────────────────────────────────────────────── Training/Critic ───────────────────────────────────────────────────┤
│                                                                                                                      │
│critic/explained_variance=0.437        │critic/lr=1.10e-04                     │critic/value_clip_ratio=0.0000        │
│critic/value_loss=0.026                │                                       │                                      │
│                                                                                                                      │
╰──────────────────────────────────────────────────────────────────────────────────────────────────────────────────────╯

[36m(RolloutGroup(rank=0) pid=2513440)[0m Generating Rollout Epochs:   0%|          | 0/4 [00:00<?, ?it/s]
[36m(RolloutGroup(rank=0) pid=2513440)[0m Generating Rollout Epochs:  25%|██▌       | 1/4 [05:25<16:15, 325.08s/it]
[36m(RolloutGroup(rank=0) pid=2513440)[0m Generating Rollout Epochs:  50%|█████     | 2/4 [10:56<10:57, 328.68s/it]
[36m(RolloutGroup(rank=0) pid=2513440)[0m Generating Rollout Epochs:  75%|███████▌  | 3/4 [16:39<05:35, 335.54s/it]
[36m(RolloutGroup(rank=0) pid=2513440)[0m Generating Rollout Epochs: 100%|██████████| 4/4 [22:20<00:00, 337.57s/it]Generating Rollout Epochs: 100%|██████████| 4/4 [22:20<00:00, 335.17s/it]
[36m(RolloutGroup(rank=0) pid=2513440)[0m Evaluating Rollout Epochs:   0%|          | 0/1 [00:00<?, ?it/s]
[36m(RolloutGroup(rank=0) pid=2513440)[0m Evaluating Rollout Epochs: 100%|██████████| 1/1 [02:19<00:00, 139.02s/it]Evaluating Rollout Epochs: 100%|██████████| 1/1 [02:19<00:00, 139.03s/it]

╭──────────────────────────────────────────────────────────────────────────────────────────────────────────────────────╮
├──────────────────────────────────────────────────── Metric Table ────────────────────────────────────────────────────┤
│ Global Step:   55/100 │ Progress: ██████████████████████░░░░░░░░░░░░░░░░░░ │  55.0%                                  │
│ Elapsed: 22:20:14 │ ETA: 18:16:33 │ Step Time: 1462.076s                                                             │
├──────────────────────────────────────────────────────── Time ────────────────────────────────────────────────────────┤
│                                                                                                                      │
│actor/actor/compute_adv=0.0084         │actor/actor/recv_traj=1391.7           │actor/actor/sync_model_to_rollout=3.6…│
│actor/run_training=23.334              │actor_training=23.338                  │cal_adv_and_returns=0.014             │
│env/compute_bootstrap_rewards=0.0021   │env/env/bootstrap_step=977.5           │env/env/send_rollout_trajectories=1.8…│
│env/env_interact_step=358.9            │env/evaluate=294.4                     │env/interact=1390.7                   │
│env/run_interact_once=1390.7           │eval=297.4                             │generate_rollouts=1391.8              │
│rollout/evaluate=156.9                 │rollout/generate_one_epoch=1370.7      │rollout/predict=11.129                │
│rollout/rollout/generate=1377.0        │rollout/sync_model_from_actor=5.190    │step=1714.7                           │
│sync_weights=2.195                     │                                       │                                      │
│                                                                                                                      │
├──────────────────────────────────────────────────── Environment ─────────────────────────────────────────────────────┤
│                                                                                                                      │
│episode_len=200.0                      │num_trajectories=256                   │return=0.8828125                      │
│reward=0.004414062                     │success_once=0.8828125                 │                                      │
│                                                                                                                      │
├────────────────────────────────────────────────────── Rollout ───────────────────────────────────────────────────────┤
│                                                                                                                      │
│advantages_max=2.349                   │advantages_mean=3.59e-09               │advantages_min=-4.798                 │
│returns_max=1.000                      │returns_mean=0.843                     │returns_min=-0.0076                   │
│rewards=0.0057                         │                                       │                                      │
│                                                                                                                      │
├───────────────────────────────────────────────────── Evaluation ─────────────────────────────────────────────────────┤
│                                                                                                                      │
│episode_len=200.0                      │num_trajectories=32                    │return=0.9375                         │
│reward=0.0046874997                    │success_at_end=0.9375                  │success_once=0.9375                   │
│                                                                                                                      │
├─────────────────────────────────────────────────── Training/Actor ───────────────────────────────────────────────────┤
│                                                                                                                      │
│actor/approx_kl=0.017                  │actor/clip_fraction=0.046              │actor/clipped_ratio=0.992             │
│actor/dual_cliped_ratio=0.0000         │actor/entropy_loss=0.0000              │actor/grad_norm=38.928                │
│actor/lr=5.60e-06                      │actor/policy_loss=-0.072               │actor/policy_loss_abs=0.534           │
│actor/ratio=0.994                      │actor/ratio_abs=0.064                  │actor/total_loss=-0.0028              │
│                                                                                                                      │
├────────────────────────────────────────────────── Training/Critic ───────────────────────────────────────────────────┤
│                                                                                                                      │
│critic/explained_variance=0.432        │critic/lr=1.10e-04                     │critic/value_clip_ratio=0.0000        │
│critic/value_loss=0.028                │                                       │                                      │
│                                                                                                                      │
╰──────────────────────────────────────────────────────────────────────────────────────────────────────────────────────╯

[36m(RolloutGroup(rank=0) pid=2513440)[0m Generating Rollout Epochs:   0%|          | 0/4 [00:00<?, ?it/s]
[36m(RolloutGroup(rank=0) pid=2513440)[0m Generating Rollout Epochs:  25%|██▌       | 1/4 [05:20<16:02, 320.88s/it]
[36m(RolloutGroup(rank=0) pid=2513440)[0m Generating Rollout Epochs:  50%|█████     | 2/4 [11:27<11:35, 347.99s/it]
[36m(RolloutGroup(rank=0) pid=2513440)[0m Generating Rollout Epochs:  75%|███████▌  | 3/4 [16:50<05:36, 336.24s/it]
[36m(RolloutGroup(rank=0) pid=2513440)[0m Generating Rollout Epochs: 100%|██████████| 4/4 [22:18<00:00, 333.26s/it]Generating Rollout Epochs: 100%|██████████| 4/4 [22:18<00:00, 334.70s/it]

╭──────────────────────────────────────────────────────────────────────────────────────────────────────────────────────╮
├──────────────────────────────────────────────────── Metric Table ────────────────────────────────────────────────────┤
│ Global Step:   56/100 │ Progress: ██████████████████████░░░░░░░░░░░░░░░░░░ │  56.0%                                  │
│ Elapsed: 22:44:31 │ ETA: 17:52:07 │ Step Time: 1461.998s                                                             │
├──────────────────────────────────────────────────────── Time ────────────────────────────────────────────────────────┤
│                                                                                                                      │
│actor/actor/compute_adv=0.0098         │actor/actor/recv_traj=1435.5           │actor/actor/sync_model_to_rollout=1.9…│
│actor/run_training=20.115              │actor_training=20.120                  │cal_adv_and_returns=0.015             │
│env/compute_bootstrap_rewards=0.0020   │env/env/bootstrap_step=1005.2          │env/env/send_rollout_trajectories=1.4…│
│env/env_interact_step=357.3            │env/interact=1434.7                    │env/run_interact_once=1434.7          │
│generate_rollouts=1435.6               │rollout/generate_one_epoch=1413.9      │rollout/predict=10.054                │
│rollout/rollout/generate=1421.4        │rollout/sync_model_from_actor=1.761    │step=1457.6                           │
│sync_weights=1.933                     │                                       │                                      │
│                                                                                                                      │
├──────────────────────────────────────────────────── Environment ─────────────────────────────────────────────────────┤
│                                                                                                                      │
│episode_len=200.0                      │num_trajectories=256                   │return=0.94140625                     │
│reward=0.0047070305                    │success_once=0.94140625                │                                      │
│                                                                                                                      │
├────────────────────────────────────────────────────── Rollout ───────────────────────────────────────────────────────┤
│                                                                                                                      │
│advantages_max=3.933                   │advantages_mean=1.22e-08               │advantages_min=-5.474                 │
│returns_max=1.000                      │returns_mean=0.912                     │returns_min=-0.011                    │
│rewards=0.0061                         │                                       │                                      │
│                                                                                                                      │
├─────────────────────────────────────────────────── Training/Actor ───────────────────────────────────────────────────┤
│                                                                                                                      │
│actor/approx_kl=0.0052                 │actor/clip_fraction=0.054              │actor/clipped_ratio=0.998             │
│actor/dual_cliped_ratio=0.0000         │actor/entropy_loss=0.0000              │actor/grad_norm=31.850                │
│actor/lr=5.60e-06                      │actor/policy_loss=-0.052               │actor/policy_loss_abs=0.433           │
│actor/ratio=1.006                      │actor/ratio_abs=0.064                  │actor/total_loss=-0.0023              │
│                                                                                                                      │
├────────────────────────────────────────────────── Training/Critic ───────────────────────────────────────────────────┤
│                                                                                                                      │
│critic/explained_variance=0.465        │critic/lr=1.10e-04                     │critic/value_clip_ratio=0.0000        │
│critic/value_loss=0.015                │                                       │                                      │
│                                                                                                                      │
╰──────────────────────────────────────────────────────────────────────────────────────────────────────────────────────╯

[36m(RolloutGroup(rank=0) pid=2513440)[0m Generating Rollout Epochs:   0%|          | 0/4 [00:00<?, ?it/s]
[36m(RolloutGroup(rank=0) pid=2513440)[0m Generating Rollout Epochs:  25%|██▌       | 1/4 [05:03<15:11, 303.71s/it]
[36m(RolloutGroup(rank=0) pid=2513440)[0m Generating Rollout Epochs:  50%|█████     | 2/4 [10:58<11:07, 333.91s/it]
[36m(RolloutGroup(rank=0) pid=2513440)[0m Generating Rollout Epochs:  75%|███████▌  | 3/4 [16:23<05:29, 329.62s/it]
[36m(RolloutGroup(rank=0) pid=2513440)[0m Generating Rollout Epochs: 100%|██████████| 4/4 [22:30<00:00, 344.57s/it]Generating Rollout Epochs: 100%|██████████| 4/4 [22:30<00:00, 337.69s/it]

╭──────────────────────────────────────────────────────────────────────────────────────────────────────────────────────╮
├──────────────────────────────────────────────────── Metric Table ────────────────────────────────────────────────────┤
│ Global Step:   57/100 │ Progress: ██████████████████████░░░░░░░░░░░░░░░░░░ │  57.0%                                  │
│ Elapsed: 23:08:08 │ ETA: 17:27:11 │ Step Time: 1461.195s                                                             │
├──────────────────────────────────────────────────────── Time ────────────────────────────────────────────────────────┤
│                                                                                                                      │
│actor/actor/compute_adv=0.0077         │actor/actor/recv_traj=1394.1           │actor/actor/sync_model_to_rollout=1.7…│
│actor/run_training=19.959              │actor_training=19.963                  │cal_adv_and_returns=0.012             │
│env/compute_bootstrap_rewards=0.0017   │env/env/bootstrap_step=973.2           │env/env/send_rollout_trajectories=1.2…│
│env/env_interact_step=356.8            │env/interact=1393.4                    │env/run_interact_once=1393.4          │
│generate_rollouts=1394.2               │rollout/generate_one_epoch=1378.2      │rollout/predict=9.991                 │
│rollout/rollout/generate=1383.3        │rollout/sync_model_from_actor=2.077    │step=1416.2                           │
│sync_weights=2.080                     │                                       │                                      │
│                                                                                                                      │
├──────────────────────────────────────────────────── Environment ─────────────────────────────────────────────────────┤
│                                                                                                                      │
│episode_len=200.0                      │num_trajectories=256                   │return=0.91796875                     │
│reward=0.004589843                     │success_once=0.91796875                │                                      │
│                                                                                                                      │
├────────────────────────────────────────────────────── Rollout ───────────────────────────────────────────────────────┤
│                                                                                                                      │
│advantages_max=4.302                   │advantages_mean=2.41e-09               │advantages_min=-5.361                 │
│returns_max=1.000                      │returns_mean=0.885                     │returns_min=-0.010                    │
│rewards=0.0059                         │                                       │                                      │
│                                                                                                                      │
├─────────────────────────────────────────────────── Training/Actor ───────────────────────────────────────────────────┤
│                                                                                                                      │
│actor/approx_kl=0.013                  │actor/clip_fraction=0.057              │actor/clipped_ratio=0.997             │
│actor/dual_cliped_ratio=0.0000         │actor/entropy_loss=0.0000              │actor/grad_norm=49.605                │
│actor/lr=5.60e-06                      │actor/policy_loss=-0.056               │actor/policy_loss_abs=0.483           │
│actor/ratio=1.000                      │actor/ratio_abs=0.068                  │actor/total_loss=-0.0022              │
│                                                                                                                      │
├────────────────────────────────────────────────── Training/Critic ───────────────────────────────────────────────────┤
│                                                                                                                      │
│critic/explained_variance=0.430        │critic/lr=1.10e-04                     │critic/value_clip_ratio=0.0000        │
│critic/value_loss=0.021                │                                       │                                      │
│                                                                                                                      │
╰──────────────────────────────────────────────────────────────────────────────────────────────────────────────────────╯

[36m(RolloutGroup(rank=0) pid=2513440)[0m Generating Rollout Epochs:   0%|          | 0/4 [00:00<?, ?it/s]
[36m(RolloutGroup(rank=0) pid=2513440)[0m Generating Rollout Epochs:  25%|██▌       | 1/4 [04:56<14:49, 296.65s/it]
[36m(RolloutGroup(rank=0) pid=2513440)[0m Generating Rollout Epochs:  50%|█████     | 2/4 [10:10<10:13, 306.72s/it]
[36m(RolloutGroup(rank=0) pid=2513440)[0m Generating Rollout Epochs:  75%|███████▌  | 3/4 [15:55<05:24, 324.03s/it]
[36m(RolloutGroup(rank=0) pid=2513440)[0m Generating Rollout Epochs: 100%|██████████| 4/4 [21:09<00:00, 320.07s/it]Generating Rollout Epochs: 100%|██████████| 4/4 [21:09<00:00, 317.26s/it]

╭──────────────────────────────────────────────────────────────────────────────────────────────────────────────────────╮
├──────────────────────────────────────────────────── Metric Table ────────────────────────────────────────────────────┤
│ Global Step:   58/100 │ Progress: ███████████████████████░░░░░░░░░░░░░░░░░ │  58.0%                                  │
│ Elapsed: 23:31:13 │ ETA: 17:01:55 │ Step Time: 1459.893s                                                             │
├──────────────────────────────────────────────────────── Time ────────────────────────────────────────────────────────┤
│                                                                                                                      │
│actor/actor/compute_adv=0.0071         │actor/actor/recv_traj=1363.7           │actor/actor/sync_model_to_rollout=1.5…│
│actor/run_training=19.926              │actor_training=19.929                  │cal_adv_and_returns=0.011             │
│env/compute_bootstrap_rewards=0.0017   │env/env/bootstrap_step=970.2           │env/env/send_rollout_trajectories=1.3…│
│env/env_interact_step=334.1            │env/interact=1363.0                    │env/run_interact_once=1363.0          │
│generate_rollouts=1363.8               │rollout/generate_one_epoch=1349.3      │rollout/predict=9.948                 │
│rollout/rollout/generate=1353.9        │rollout/sync_model_from_actor=1.950    │step=1385.7                           │
│sync_weights=1.954                     │                                       │                                      │
│                                                                                                                      │
├──────────────────────────────────────────────────── Environment ─────────────────────────────────────────────────────┤
│                                                                                                                      │
│episode_len=200.0                      │num_trajectories=256                   │return=0.9375                         │
│reward=0.0046874993                    │success_once=0.9375                    │                                      │
│                                                                                                                      │
├────────────────────────────────────────────────────── Rollout ───────────────────────────────────────────────────────┤
│                                                                                                                      │
│advantages_max=1.815                   │advantages_mean=4.87e-09               │advantages_min=-5.450                 │
│returns_max=1.000                      │returns_mean=0.911                     │returns_min=-0.012                    │
│rewards=0.0061                         │                                       │                                      │
│                                                                                                                      │
├─────────────────────────────────────────────────── Training/Actor ───────────────────────────────────────────────────┤
│                                                                                                                      │
│actor/approx_kl=0.011                  │actor/clip_fraction=0.054              │actor/clipped_ratio=0.995             │
│actor/dual_cliped_ratio=0.0000         │actor/entropy_loss=0.0000              │actor/grad_norm=37.283                │
│actor/lr=5.60e-06                      │actor/policy_loss=-0.053               │actor/policy_loss_abs=0.455           │
│actor/ratio=0.999                      │actor/ratio_abs=0.063                  │actor/total_loss=-0.0024              │
│                                                                                                                      │
├────────────────────────────────────────────────── Training/Critic ───────────────────────────────────────────────────┤
│                                                                                                                      │
│critic/explained_variance=0.484        │critic/lr=1.10e-04                     │critic/value_clip_ratio=0.0000        │
│critic/value_loss=0.015                │                                       │                                      │
│                                                                                                                      │
╰──────────────────────────────────────────────────────────────────────────────────────────────────────────────────────╯

[36m(RolloutGroup(rank=0) pid=2513440)[0m Generating Rollout Epochs:   0%|          | 0/4 [00:00<?, ?it/s]
[36m(RolloutGroup(rank=0) pid=2513440)[0m Generating Rollout Epochs:  25%|██▌       | 1/4 [05:02<15:07, 302.34s/it]
[36m(RolloutGroup(rank=0) pid=2513440)[0m Generating Rollout Epochs:  50%|█████     | 2/4 [10:24<10:28, 314.06s/it]
[36m(RolloutGroup(rank=0) pid=2513440)[0m Generating Rollout Epochs:  75%|███████▌  | 3/4 [15:49<05:19, 319.14s/it]
[36m(RolloutGroup(rank=0) pid=2513440)[0m Generating Rollout Epochs: 100%|██████████| 4/4 [20:57<00:00, 314.48s/it]Generating Rollout Epochs: 100%|██████████| 4/4 [20:57<00:00, 314.28s/it]

╭──────────────────────────────────────────────────────────────────────────────────────────────────────────────────────╮
├──────────────────────────────────────────────────── Metric Table ────────────────────────────────────────────────────┤
│ Global Step:   59/100 │ Progress: ███████████████████████░░░░░░░░░░░░░░░░░ │  59.0%                                  │
│ Elapsed: 23:54:19 │ ETA: 16:36:44 │ Step Time: 1458.634s                                                             │
├──────────────────────────────────────────────────────── Time ────────────────────────────────────────────────────────┤
│                                                                                                                      │
│actor/actor/compute_adv=0.0091         │actor/actor/recv_traj=1363.4           │actor/actor/sync_model_to_rollout=1.6…│
│actor/run_training=20.192              │actor_training=20.197                  │cal_adv_and_returns=0.014             │
│env/compute_bootstrap_rewards=0.0016   │env/env/bootstrap_step=960.6           │env/env/send_rollout_trajectories=1.2…│
│env/env_interact_step=332.7            │env/interact=1362.6                    │env/run_interact_once=1362.6          │
│generate_rollouts=1363.4               │rollout/generate_one_epoch=1344.5      │rollout/predict=9.826                 │
│rollout/rollout/generate=1350.6        │rollout/sync_model_from_actor=1.974    │step=1385.6                           │
│sync_weights=1.977                     │                                       │                                      │
│                                                                                                                      │
├──────────────────────────────────────────────────── Environment ─────────────────────────────────────────────────────┤
│                                                                                                                      │
│episode_len=200.0                      │num_trajectories=256                   │return=0.890625                       │
│reward=0.0044531245                    │success_once=0.890625                  │                                      │
│                                                                                                                      │
├────────────────────────────────────────────────────── Rollout ───────────────────────────────────────────────────────┤
│                                                                                                                      │
│advantages_max=1.996                   │advantages_mean=5.99e-09               │advantages_min=-4.040                 │
│returns_max=1.000                      │returns_mean=0.853                     │returns_min=-0.0073                   │
│rewards=0.0057                         │                                       │                                      │
│                                                                                                                      │
├─────────────────────────────────────────────────── Training/Actor ───────────────────────────────────────────────────┤
│                                                                                                                      │
│actor/approx_kl=0.0098                 │actor/clip_fraction=0.055              │actor/clipped_ratio=0.997             │
│actor/dual_cliped_ratio=0.0000         │actor/entropy_loss=0.0000              │actor/grad_norm=35.066                │
│actor/lr=5.60e-06                      │actor/policy_loss=-0.070               │actor/policy_loss_abs=0.523           │
│actor/ratio=1.001                      │actor/ratio_abs=0.067                  │actor/total_loss=-0.0029              │
│                                                                                                                      │
├────────────────────────────────────────────────── Training/Critic ───────────────────────────────────────────────────┤
│                                                                                                                      │
│critic/explained_variance=0.486        │critic/lr=1.10e-04                     │critic/value_clip_ratio=0.0000        │
│critic/value_loss=0.024                │                                       │                                      │
│                                                                                                                      │
╰──────────────────────────────────────────────────────────────────────────────────────────────────────────────────────╯

[36m(RolloutGroup(rank=0) pid=2513440)[0m Generating Rollout Epochs:   0%|          | 0/4 [00:00<?, ?it/s]
[36m(RolloutGroup(rank=0) pid=2513440)[0m Generating Rollout Epochs:  25%|██▌       | 1/4 [05:24<16:12, 324.21s/it]
[36m(RolloutGroup(rank=0) pid=2513440)[0m Generating Rollout Epochs:  50%|█████     | 2/4 [11:02<11:05, 332.72s/it]
[36m(RolloutGroup(rank=0) pid=2513440)[0m Generating Rollout Epochs:  75%|███████▌  | 3/4 [17:16<05:51, 351.23s/it]
[36m(RolloutGroup(rank=0) pid=2513440)[0m Generating Rollout Epochs: 100%|██████████| 4/4 [22:17<00:00, 331.35s/it]Generating Rollout Epochs: 100%|██████████| 4/4 [22:17<00:00, 334.26s/it]
[33m(raylet)[0m [2026-09-01 04:13:33,139 E 322685 322685] (raylet) node_manager.cc:3478: 4 Workers (tasks / actors) killed due to memory pressure (OOM), 0 Workers crashed due to other reasons at node (ID: 2730f38e60da6b4c0f68d8779893624a0917240589c544541c894c54, IP: 172.17.0.1) over the last time period. To see more information about the Workers killed on this node, use `ray logs raylet.out -ip 172.17.0.1`
[33m(raylet)[0m 
[33m(raylet)[0m Refer to the documentation on how to address the out of memory issue: https://docs.ray.io/en/latest/ray-observability/user-guides/debug-apps/debug-memory.html. Consider provisioning more memory on this node or reducing task parallelism by requesting more CPUs per task. To adjust the kill threshold, set the environment variable `RAY_memory_usage_threshold` when starting Ray. To disable worker killing, set the environment variable `RAY_memory_monitor_refresh_ms` to zero. Since 2.56, Ray updated the oom killing policy to enabling killing multiple workers and selecting workers based on the time since the task start executing. To revert to the legacy policy of determining worker to oom kill based on owner group size or only selecting a single worker to kill at a time, set the environment variable `RAY_worker_killing_policy_by_group` to true before starting Ray. If the idle workers have a non-trivial memory footprint at the time of OOM (check OOM log for non-selected idle workers), consider setting the environment variable `RAY_idle_worker_killing_memory_threshold_bytes` to a lower value to consider idle workers with lower memory footprint for killing.
[36m(RolloutGroup(rank=0) pid=2513440)[0m Evaluating Rollout Epochs:   0%|          | 0/1 [00:00<?, ?it/s]
[36m(RolloutGroup(rank=0) pid=2513440)[0m Evaluating Rollout Epochs: 100%|██████████| 1/1 [02:18<00:00, 138.09s/it]Evaluating Rollout Epochs: 100%|██████████| 1/1 [02:18<00:00, 138.10s/it]
[INFO 04:18:23 RLinf] Saving checkpoint at step 60.
[36m(ActorGroup(rank=0) pid=2513437)[0m /home/chenyiteng/venvs/rlinf-7d07-openpi-robotwin/lib/python3.11/site-packages/torch/distributed/c10d_logger.py:83: UserWarning: barrier(): using the device under current context. You can specify `device_id` in `init_process_group` to mute this warning.
[36m(ActorGroup(rank=0) pid=2513437)[0m   return func(*args, **kwargs)
[36m(ActorGroup(rank=0) pid=2513437)[0m /home/chenyiteng/venvs/rlinf-7d07-openpi-robotwin/lib/python3.11/site-packages/torch/distributed/c10d_logger.py:83: UserWarning: barrier(): using the device under current context. You can specify `device_id` in `init_process_group` to mute this warning.
[36m(ActorGroup(rank=0) pid=2513437)[0m   return func(*args, **kwargs)

╭──────────────────────────────────────────────────────────────────────────────────────────────────────────────────────╮
├──────────────────────────────────────────────────── Metric Table ────────────────────────────────────────────────────┤
│ Global Step:   60/100 │ Progress: ████████████████████████░░░░░░░░░░░░░░░░ │  60.0%                                  │
│ Elapsed: 24:22:57 │ ETA: 16:15:18 │ Step Time: 1462.954s                                                             │
├──────────────────────────────────────────────────────── Time ────────────────────────────────────────────────────────┤
│                                                                                                                      │
│actor/actor/compute_adv=0.010          │actor/actor/recv_traj=1387.4           │actor/actor/sync_model_to_rollout=4.2…│
│actor/run_training=26.926              │actor_training=26.929                  │cal_adv_and_returns=0.015             │
│env/compute_bootstrap_rewards=0.0020   │env/env/bootstrap_step=966.3           │env/env/send_rollout_trajectories=1.2…│
│env/env_interact_step=384.0            │env/evaluate=270.4                     │env/interact=1386.4                   │
│env/run_interact_once=1386.4           │eval=273.3                             │generate_rollouts=1387.4              │
│rollout/evaluate=147.1                 │rollout/generate_one_epoch=1368.9      │rollout/predict=11.078                │
│rollout/rollout/generate=1373.3        │rollout/sync_model_from_actor=4.964    │step=1717.8                           │
│sync_weights=2.139                     │                                       │                                      │
│                                                                                                                      │
├──────────────────────────────────────────────────── Environment ─────────────────────────────────────────────────────┤
│                                                                                                                      │
│episode_len=200.0                      │num_trajectories=256                   │return=0.8984375                      │
│reward=0.004492187                     │success_once=0.8984375                 │                                      │
│                                                                                                                      │
├────────────────────────────────────────────────────── Rollout ───────────────────────────────────────────────────────┤
│                                                                                                                      │
│advantages_max=2.604                   │advantages_mean=-1.98e-08              │advantages_min=-6.284                 │
│returns_max=1.000                      │returns_mean=0.858                     │returns_min=-0.012                    │
│rewards=0.0058                         │                                       │                                      │
│                                                                                                                      │
├───────────────────────────────────────────────────── Evaluation ─────────────────────────────────────────────────────┤
│                                                                                                                      │
│episode_len=200.0                      │num_trajectories=32                    │return=0.90625                        │
│reward=0.00453125                      │success_at_end=0.90625                 │success_once=0.90625                  │
│                                                                                                                      │
├─────────────────────────────────────────────────── Training/Actor ───────────────────────────────────────────────────┤
│                                                                                                                      │
│actor/approx_kl=0.019                  │actor/clip_fraction=0.049              │actor/clipped_ratio=0.993             │
│actor/dual_cliped_ratio=0.0000         │actor/entropy_loss=0.0000              │actor/grad_norm=40.661                │
│actor/lr=5.60e-06                      │actor/policy_loss=-0.061               │actor/policy_loss_abs=0.526           │
│actor/ratio=0.993                      │actor/ratio_abs=0.067                  │actor/total_loss=-0.0023              │
│                                                                                                                      │
├────────────────────────────────────────────────── Training/Critic ───────────────────────────────────────────────────┤
│                                                                                                                      │
│critic/explained_variance=0.458        │critic/lr=1.10e-04                     │critic/value_clip_ratio=0.0000        │
│critic/value_loss=0.025                │                                       │                                      │
│                                                                                                                      │
╰──────────────────────────────────────────────────────────────────────────────────────────────────────────────────────╯

[36m(RolloutGroup(rank=0) pid=2513440)[0m Generating Rollout Epochs:   0%|          | 0/4 [00:00<?, ?it/s]
[36m(RolloutGroup(rank=0) pid=2513440)[0m Generating Rollout Epochs:  25%|██▌       | 1/4 [05:28<16:25, 328.38s/it]
[36m(RolloutGroup(rank=0) pid=2513440)[0m Generating Rollout Epochs:  50%|█████     | 2/4 [11:24<11:29, 344.64s/it]
Exception occurred while running EmbodiedFSDPActor's function recv_rollout_trajectories: exception is The actor died unexpectedly before finishing this task.
	class_name: EmbodiedFSDPActor
	actor_id: 1b3efd235254f2b6a03d9d8dde000000
	pid: 2513437
	name: ActorGroup:0
	namespace: RLinf
	ip: 172.17.0.1
The actor is dead because it was killed by `ray.kill`.
Exception occurred while running EnvWorker's function interact: exception is The actor died unexpectedly before finishing this task.
	class_name: EnvWorker
	actor_id: b6f4a7c06a6e00e7ce355d7dde000000
	pid: 2513444
	name: EnvGroup:0
	namespace: RLinf
	ip: 172.17.0.1
The actor is dead because it was killed by `ray.kill`.
Exception occurred while running MultiStepRolloutWorker's function generate: exception is The actor died unexpectedly before finishing this task.
	class_name: MultiStepRolloutWorker
	actor_id: 67ae394ea7554df19047b238de000000
	pid: 2513440
	name: RolloutGroup:0
	namespace: RLinf
	ip: 172.17.0.1
The actor is dead because it was killed by `ray.kill`.
[36m(RolloutGroup(rank=0) pid=2513440)[0m Exception in thread Thread-11 (_run_queue):
[36m(RolloutGroup(rank=0) pid=2513440)[0m Traceback (most recent call last):
[36m(RolloutGroup(rank=0) pid=2513440)[0m   File "/home/chenyiteng/.local/share/uv/python/cpython-3.11.14-linux-x86_64-gnu/lib/python3.11/threading.py", line 1045, in _bootstrap_inner
[36m(RolloutGroup(rank=0) pid=2513440)[0m     self.run()
[36m(RolloutGroup(rank=0) pid=2513440)[0m   File "/home/chenyiteng/.local/share/uv/python/cpython-3.11.14-linux-x86_64-gnu/lib/python3.11/threading.py", line 982, in run
[36m(RolloutGroup(rank=0) pid=2513440)[0m     self._target(*self._args, **self._kwargs)
[36m(RolloutGroup(rank=0) pid=2513440)[0m   File "/data/chenyiteng/ray/rlt-dsrl-v3/session_2026-08-23_16-27-53_911161_321906/runtime_resources/py_modules_files/_ray_pkg_9d94a2ac4b3af57f/rlinf/scheduler/collective/collective_group.py", line 192, in _run_queue
[36m(RolloutGroup(rank=0) pid=2513440)[0m     work(None)
[36m(RolloutGroup(rank=0) pid=2513440)[0m   File "/data/chenyiteng/ray/rlt-dsrl-v3/session_2026-08-23_16-27-53_911161_321906/runtime_resources/py_modules_files/_ray_pkg_9d94a2ac4b3af57f/rlinf/scheduler/collective/async_work.py", line 118, in __call__
[36m(RolloutGroup(rank=0) pid=2513440)[0m     self._result = self._func(self, *self._args, **self._kwargs)
[36m(RolloutGroup(rank=0) pid=2513440)[0m                    ^^^^^^^^^^^^^^^^^^^^^^^^^^^^^^^^^^^^^^^^^^^^^
[36m(RolloutGroup(rank=0) pid=2513440)[0m   File "/data/chenyiteng/ray/rlt-dsrl-v3/session_2026-08-23_16-27-53_911161_321906/runtime_resources/py_modules_files/_ray_pkg_9d94a2ac4b3af57f/rlinf/scheduler/collective/collective_group.py", line 485, in _atomic_recv
[36m(RolloutGroup(rank=0) pid=2513440)[0m [ERROR 04:35:25 RolloutGroup-Rank-0][multi_channel_pg.py:521] Broadcast failed on ProcessGroup cg-Rollout:0-RolloutGroup:0gloo_send_0 rank 1 with error: [/pytorch/third_party/gloo/gloo/transport/tcp/pair.cc:547] Connection closed by peer [127.0.0.1]:41623. Args - tensor: tensor([738197792], dtype=torch.int32), src: 0, group: <torch.distributed.distributed_c10d.ProcessGroup object at 0x7ef45d469df0>, async_op: False.
[36m(RolloutGroup(rank=1) pid=2513442)[0m [ERROR 04:35:25 RolloutGroup-Rank-1][multi_channel_pg.py:521] Broadcast failed on ProcessGroup cg-Rollout:0-RolloutGroup:1gloo_send_0 rank 1 with error: [/pytorch/third_party/gloo/gloo/transport/tcp/pair.cc:547] Connection closed by peer [127.0.1.1]:43421. Args - tensor: tensor([134218016], dtype=torch.int32), src: 0, group: <torch.distributed.distributed_c10d.ProcessGroup object at 0x7f458b53d770>, async_op: False.
[36m(RolloutGroup(rank=1) pid=2513442)[0m Exception in thread Thread-8 (_run_queue):
[36m(RolloutGroup(rank=1) pid=2513442)[0m Traceback (most recent call last):
[36m(RolloutGroup(rank=1) pid=2513442)[0m   File "/home/chenyiteng/.local/share/uv/python/cpython-3.11.14-linux-x86_64-gnu/lib/python3.11/threading.py", line 1045, in _bootstrap_inner
[36m(RolloutGroup(rank=1) pid=2513442)[0m     self.run()
[36m(RolloutGroup(rank=1) pid=2513442)[0m   File "/home/chenyiteng/.local/share/uv/python/cpython-3.11.14-linux-x86_64-gnu/lib/python3.11/threading.py", line 982, in run
[36m(RolloutGroup(rank=1) pid=2513442)[0m     self._target(*self._args, **self._kwargs)
[36m(RolloutGroup(rank=1) pid=2513442)[0m   File "/data/chenyiteng/ray/rlt-dsrl-v3/session_2026-08-23_16-27-53_911161_321906/runtime_resources/py_modules_files/_ray_pkg_9d94a2ac4b3af57f/rlinf/scheduler/collective/collective_group.py", line 192, in _run_queue
[36m(RolloutGroup(rank=1) pid=2513442)[0m     work(None)
[36m(RolloutGroup(rank=1) pid=2513442)[0m   File "/data/chenyiteng/ray/rlt-dsrl-v3/session_2026-08-23_16-27-53_911161_321906/runtime_resources/py_modules_files/_ray_pkg_9d94a2ac4b3af57f/rlinf/scheduler/collective/async_work.py", line 118, in __call__
[36m(RolloutGroup(rank=1) pid=2513442)[0m     self._result = self._func(self, *self._args, **self._kwargs)
[36m(RolloutGroup(rank=1) pid=2513442)[0m                    ^^^^^^^^^^^^^^^^^^^^^^^^^^^^^^^^^^^^^^^^^^^^^
[36m(RolloutGroup(rank=1) pid=2513442)[0m   File "/data/chenyiteng/ray/rlt-dsrl-v3/session_2026-08-23_16-27-53_911161_321906/runtime_resources/py_modules_files/_ray_pkg_9d94a2ac4b3af57f/rlinf/scheduler/collective/collective_group.py", line 485, in _atomic_recv
[36m(RolloutGroup(rank=1) pid=2513442)[0m     self._recv(object_type_tensor, CollectiveGroup.CPU, comm_id)
[36m(RolloutGroup(rank=1) pid=2513442)[0m   File "/data/chenyiteng/ray/rlt-dsrl-v3/session_2026-08-23_16-27-53_911161_321906/runtime_resources/py_modules_files/_ray_pkg_9d94a2ac4b3af57f/rlinf/scheduler/collective/collective_group.py", line 1161, in _recv
[36m(RolloutGroup(rank=1) pid=2513442)[0m     return self._mc_group.recv(
[36m(RolloutGroup(rank=1) pid=2513442)[0m            ^^^^^^^^^^^^^^^^^^^^
[36m(RolloutGroup(rank=1) pid=2513442)[0m   File "/data/chenyiteng/ray/rlt-dsrl-v3/session_2026-08-23_16-27-53_911161_321906/runtime_resources/py_modules_files/_ray_pkg_9d94a2ac4b3af57f/rlinf/scheduler/collective/multi_channel_pg.py", line 386, in recv
[36m(RolloutGroup(rank=1) pid=2513442)[0m     work = self._broadcast(
[36m(RolloutGroup(rank=1) pid=2513442)[0m            ^^^^^^^^^^^^^^^^
[36m(RolloutGroup(rank=1) pid=2513442)[0m   File "/data/chenyiteng/ray/rlt-dsrl-v3/session_2026-08-23_16-27-53_911161_321906/runtime_resources/py_modules_files/_ray_pkg_9d94a2ac4b3af57f/rlinf/scheduler/collective/multi_channel_pg.py", line 517, in _broadcast
[36m(RolloutGroup(rank=1) pid=2513442)[0m     work.wait()
[36m(RolloutGroup(rank=1) pid=2513442)[0m RuntimeError: [/pytorch/third_party/gloo/gloo/transport/tcp/pair.cc:547] Connection closed by peer [127.0.1.1]:43421
Exiting main process due to a failure upon worker execution.
