tag,round,raw_step,value,wall_time
env/return,1,0,0.3046875,1789374009.8147364
env/return,2,1,0.3515625,1789374676.3170664
env/return,3,2,0.3359375,1789375352.1538508
env/return,4,3,0.3515625,1789376064.7760677
env/return,5,4,0.4140625,1789377068.3587005
env/return,6,5,0.25,1789377728.4370232
env/return,7,6,0.2734375,1789378477.9706604
env/return,8,7,0.234375,1789379177.2744255
env/return,9,8,0.4140625,1789379943.5175025
env/return,10,9,0.3359375,1789381012.482212
env/return,11,10,0.3125,1789381733.7808745
env/return,12,11,0.34375,1789382485.4795208
env/return,13,12,0.484375,1789383184.5734608
env/return,14,13,0.4296875,1789383914.3981335
env/return,15,14,0.375,1789384976.4884098
env/return,16,15,0.4453125,1789385701.1077902
env/return,17,16,0.4375,1789386444.6188505
env/return,18,17,0.46875,1789387170.028389
env/return,19,18,0.453125,1789387881.0557487
env/return,20,19,0.3125,1789388889.8492162
env/return,21,20,0.4765625,1789389626.2192187
env/return,22,21,0.3359375,1789390354.316539
env/return,23,22,0.5,1789391092.9009652
env/return,24,23,0.375,1789391809.7966619
env/return,25,24,0.3515625,1789392886.4359343
env/return,26,25,0.3515625,1789393589.5580058
env/return,27,26,0.5546875,1789394279.60812
env/return,28,27,0.3125,1789394978.8496327
env/return,29,28,0.46875,1789395703.6717913
env/return,30,29,0.3515625,1789396842.438708
env/return,31,30,0.4140625,1789397570.893262
env/return,32,31,0.5078125,1789398341.2515574
env/return,33,32,0.515625,1789399079.8518503
env/return,34,33,0.609375,1789399834.6700387
env/return,35,34,0.453125,1789400851.7483695
env/return,36,35,0.453125,1789401614.5854986
env/return,37,36,0.5703125,1789402351.1495633
env/return,38,37,0.59375,1789403063.2217884
env/return,39,38,0.5390625,1789403774.488426
env/return,40,39,0.3828125,1789404857.1943119
env/return,41,40,0.59375,1789405571.5743878
env/return,42,41,0.4453125,1789406308.012424
env/return,43,42,0.3359375,1789407041.238738
env/return,44,43,0.390625,1789407773.1996348
env/return,45,44,0.5,1789408837.4681842
env/return,46,45,0.546875,1789409565.3234942
env/return,47,46,0.3203125,1789410334.420161
env/return,48,47,0.2734375,1789411097.0014954
env/return,49,48,0.3515625,1789411845.1444783
env/return,50,49,0.328125,1789412993.1381843
env/return,51,50,0.3671875,1789413772.6545112
env/return,52,51,0.484375,1789414499.9963772
env/return,53,52,0.3359375,1789415253.8228214
env/return,54,53,0.3828125,1789416011.3150196
env/return,55,54,0.3515625,1789417118.229621
env/return,56,55,0.203125,1789417889.3928716
env/return,57,56,0.40625,1789418637.2313035
env/return,58,57,0.375,1789419378.5941699
env/return,59,58,0.296875,1789420126.9390352
env/return,60,59,0.3671875,1789421289.005804
env/return,61,60,0.4375,1789422046.0493631
env/return,62,61,0.4765625,1789422804.4775884
env/return,63,62,0.53125,1789423553.3570588
env/return,64,63,0.5859375,1789424312.13023
env/return,65,64,0.4453125,1789425401.0972075
env/return,66,65,0.4296875,1789426184.9413466
env/return,67,66,0.34375,1789426967.4888659
env/return,68,67,0.4609375,1789427688.0601404
env/return,69,68,0.296875,1789428454.1263924
env/return,70,69,0.453125,1789429603.6023169
env/return,71,70,0.4375,1789430400.4155104
env/return,72,71,0.328125,1789431158.5460563
env/return,73,72,0.5234375,1789431897.62712
env/return,74,73,0.3515625,1789432633.0554771
env/return,75,74,0.546875,1789433665.2372742
env/return,76,75,0.5390625,1789434424.1293774
env/return,77,76,0.4453125,1789435208.5174139
env/return,78,77,0.390625,1789435950.108795
env/return,79,78,0.4296875,1789436693.1700296
env/return,80,79,0.3515625,1789437768.210462
env/return,81,80,0.40625,1789438430.5377653
env/return,82,81,0.4375,1789439192.2047117
env/return,83,82,0.3515625,1789439982.7766283
env/return,84,83,0.4609375,1789440739.2019541
env/return,85,84,0.46875,1789441802.8121388
env/return,86,85,0.4765625,1789442586.801484
env/return,87,86,0.3671875,1789443355.0669346
env/return,88,87,0.34375,1789444140.872523
env/return,89,88,0.5,1789444912.2521787
env/return,90,89,0.5078125,1789446007.5130837
env/return,91,90,0.5546875,1789446758.4646847
env/return,92,91,0.453125,1789447520.4019382
env/return,93,92,0.421875,1789448266.7833335
env/return,94,93,0.5625,1789449010.982069
env/return,95,94,0.5859375,1789450093.122903
env/return,96,95,0.3828125,1789450867.8633597
env/success_once,1,0,0.3046875,1789374009.8148024
env/success_once,2,1,0.3515625,1789374676.3171394
env/success_once,3,2,0.3359375,1789375352.1539602
env/success_once,4,3,0.3515625,1789376064.7761486
env/success_once,5,4,0.4140625,1789377068.3587606
env/success_once,6,5,0.25,1789377728.437094
env/success_once,7,6,0.2734375,1789378477.97074
env/success_once,8,7,0.234375,1789379177.274494
env/success_once,9,8,0.4140625,1789379943.5175903
env/success_once,10,9,0.3359375,1789381012.4822392
env/success_once,11,10,0.3125,1789381733.7809134
env/success_once,12,11,0.34375,1789382485.479576
env/success_once,13,12,0.484375,1789383184.573554
env/success_once,14,13,0.4296875,1789383914.398237
env/success_once,15,14,0.375,1789384976.4884467
env/success_once,16,15,0.4453125,1789385701.1078577
env/success_once,17,16,0.4375,1789386444.6189184
env/success_once,18,17,0.46875,1789387170.0284264
env/success_once,19,18,0.453125,1789387881.0558023
env/success_once,20,19,0.3125,1789388889.8492498
env/success_once,21,20,0.4765625,1789389626.2192888
env/success_once,22,21,0.3359375,1789390354.31661
env/success_once,23,22,0.5,1789391092.9010434
env/success_once,24,23,0.375,1789391809.7967298
env/success_once,25,24,0.3515625,1789392886.4359763
env/success_once,26,25,0.3515625,1789393589.5580664
env/success_once,27,26,0.5546875,1789394279.6082027
env/success_once,28,27,0.3125,1789394978.8496945
env/success_once,29,28,0.46875,1789395703.6718528
env/success_once,30,29,0.3515625,1789396842.438738
env/success_once,31,30,0.4140625,1789397570.8933346
env/success_once,32,31,0.5078125,1789398341.2516325
env/success_once,33,32,0.515625,1789399079.8519132
env/success_once,34,33,0.609375,1789399834.6701107
env/success_once,35,34,0.453125,1789400851.7484288
env/success_once,36,35,0.453125,1789401614.5856423
env/success_once,37,36,0.5703125,1789402351.1496177
env/success_once,38,37,0.59375,1789403063.22186
env/success_once,39,38,0.5390625,1789403774.488498
env/success_once,40,39,0.3828125,1789404857.1943352
env/success_once,41,40,0.59375,1789405571.5744548
env/success_once,42,41,0.4453125,1789406308.0125172
env/success_once,43,42,0.3359375,1789407041.2388203
env/success_once,44,43,0.390625,1789407773.1997046
env/success_once,45,44,0.5,1789408837.4682271
env/success_once,46,45,0.546875,1789409565.3235674
env/success_once,47,46,0.3203125,1789410334.4202325
env/success_once,48,47,0.2734375,1789411097.0015664
env/success_once,49,48,0.3515625,1789411845.1445456
env/success_once,50,49,0.328125,1789412993.138231
env/success_once,51,50,0.3671875,1789413772.6545851
env/success_once,52,51,0.484375,1789414499.9964542
env/success_once,53,52,0.3359375,1789415253.8228776
env/success_once,54,53,0.3828125,1789416011.3150976
env/success_once,55,54,0.3515625,1789417118.2296834
env/success_once,56,55,0.203125,1789417889.3929796
env/success_once,57,56,0.40625,1789418637.2313766
env/success_once,58,57,0.375,1789419378.5942264
env/success_once,59,58,0.296875,1789420126.9391143
env/success_once,60,59,0.3671875,1789421289.0058372
env/success_once,61,60,0.4375,1789422046.049441
env/success_once,62,61,0.4765625,1789422804.4776661
env/success_once,63,62,0.53125,1789423553.3571384
env/success_once,64,63,0.5859375,1789424312.130285
env/success_once,65,64,0.4453125,1789425401.0972748
env/success_once,66,65,0.4296875,1789426184.9414175
env/success_once,67,66,0.34375,1789426967.488921
env/success_once,68,67,0.4609375,1789427688.060214
env/success_once,69,68,0.296875,1789428454.1264646
env/success_once,70,69,0.453125,1789429603.6023455
env/success_once,71,70,0.4375,1789430400.4155598
env/success_once,72,71,0.328125,1789431158.546151
env/success_once,73,72,0.5234375,1789431897.6271772
env/success_once,74,73,0.3515625,1789432633.055548
env/success_once,75,74,0.546875,1789433665.2373176
env/success_once,76,75,0.5390625,1789434424.129466
env/success_once,77,76,0.4453125,1789435208.5175006
env/success_once,78,77,0.390625,1789435950.1088452
env/success_once,79,78,0.4296875,1789436693.1701016
env/success_once,80,79,0.3515625,1789437768.2104971
env/success_once,81,80,0.40625,1789438430.5378287
env/success_once,82,81,0.4375,1789439192.2048767
env/success_once,83,82,0.3515625,1789439982.7767007
env/success_once,84,83,0.4609375,1789440739.2020109
env/success_once,85,84,0.46875,1789441802.8121839
env/success_once,86,85,0.4765625,1789442586.8015552
env/success_once,87,86,0.3671875,1789443355.0669844
env/success_once,88,87,0.34375,1789444140.8726041
env/success_once,89,88,0.5,1789444912.2522633
env/success_once,90,89,0.5078125,1789446007.5131166
env/success_once,91,90,0.5546875,1789446758.4647129
env/success_once,92,91,0.453125,1789447520.4020123
env/success_once,93,92,0.421875,1789448266.7834117
env/success_once,94,93,0.5625,1789449010.982135
env/success_once,95,94,0.5859375,1789450093.122953
env/success_once,96,95,0.3828125,1789450867.8634346
env/reward,1,0,0.0015234374441206455,1789374009.8148127
env/reward,2,1,0.0017578123370185494,1789374676.317148
env/reward,3,2,0.0016796872951090336,1789375352.153978
env/reward,4,3,0.0017578124534338713,1789376064.7761571
env/reward,5,4,0.002070312388241291,1789377068.3587868
env/reward,6,5,0.0012499999720603228,1789377728.4371033
env/reward,7,6,0.0013671873603016138,1789378477.9707513
env/reward,8,7,0.0011718750465661287,1789379177.2745025
env/reward,9,8,0.002070312388241291,1789379943.5176017
env/reward,10,9,0.0016796875279396772,1789381012.4822495
env/reward,11,10,0.0015624999068677425,1789381733.7809227
env/reward,12,11,0.0017187498742714524,1789382485.47959
env/reward,13,12,0.002421874785795808,1789383184.5735726
env/reward,14,13,0.002148437313735485,1789383914.3982513
env/reward,15,14,0.0018749998416751623,1789384976.4884593
env/reward,16,15,0.0022265624720603228,1789385701.107869
env/reward,17,16,0.0021875000093132257,1789386444.6189284
env/reward,18,17,0.002343749860301614,1789387170.0284345
env/reward,19,18,0.0022656249348074198,1789387881.055812
env/reward,20,19,0.0015624999068677425,1789388889.8492606
env/reward,21,20,0.0023828125558793545,1789389626.2193003
env/reward,22,21,0.0016796875279396772,1789390354.3166184
env/reward,23,22,0.0024999999441206455,1789391092.901052
env/reward,24,23,0.0018749998416751623,1789391809.7967386
env/reward,25,24,0.0017578123370185494,1789392886.435989
env/reward,26,25,0.0017578124534338713,1789393589.5580761
env/reward,27,26,0.0027734374161809683,1789394279.608214
env/reward,28,27,0.0015624999068677425,1789394978.8497052
env/reward,29,28,0.002343749860301614,1789395703.6718628
env/reward,30,29,0.0017578124534338713,1789396842.4387481
env/reward,31,30,0.002070312388241291,1789397570.8933442
env/reward,32,31,0.0025390624068677425,1789398341.251643
env/reward,33,32,0.0025781248696148396,1789399079.851922
env/reward,34,33,0.003046874888241291,1789399834.6701198
env/reward,35,34,0.0022656249348074198,1789400851.7484536
env/reward,36,35,0.002265624701976776,1789401614.585671
env/reward,37,36,0.0028515623416751623,1789402351.1496258
env/reward,38,37,0.002968749962747097,1789403063.2218685
env/reward,39,38,0.0026953124906867743,1789403774.4885063
env/reward,40,39,0.0019140623044222593,1789404857.1943429
env/reward,41,40,0.002968749962747097,1789405571.5744638
env/reward,42,41,0.0022265624720603228,1789406308.012532
env/reward,43,42,0.0016796872951090336,1789407041.2388291
env/reward,44,43,0.0019531248835846782,1789407773.1997137
env/reward,45,44,0.002499999711290002,1789408837.4682603
env/reward,46,45,0.0027343747206032276,1789409565.3235755
env/reward,47,46,0.0016015624860301614,1789410334.4202638
env/reward,48,47,0.0013671874767169356,1789411097.0015755
env/reward,49,48,0.0017578123370185494,1789411845.144554
env/reward,50,49,0.0016406248323619366,1789412993.1382475
env/reward,51,50,0.0018359373789280653,1789413772.6545937
env/reward,52,51,0.0024218750186264515,1789414499.9964669
env/reward,53,52,0.0016796874115243554,1789415253.8228865
env/reward,54,53,0.0019140624208375812,1789416011.3151064
env/reward,55,54,0.0017578123370185494,1789417118.2297084
env/reward,56,55,0.001015624962747097,1789417889.392998
env/reward,57,56,0.0020312496926635504,1789418637.231385
env/reward,58,57,0.0018749998416751623,1789419378.5942342
env/reward,59,58,0.0014843749813735485,1789420126.9391232
env/reward,60,59,0.0018359373789280653,1789421289.0058475
env/reward,61,60,0.0021875000093132257,1789422046.0494497
env/reward,62,61,0.0023828125558793545,1789422804.4776754
env/reward,63,62,0.0026562500279396772,1789423553.3571475
env/reward,64,63,0.0029296875,1789424312.1302953
env/reward,65,64,0.002226562239229679,1789425401.0973096
env/reward,66,65,0.002148437313735485,1789426184.9414272
env/reward,67,66,0.0017187499906867743,1789426967.4889305
env/reward,68,67,0.002304687397554517,1789427688.0602226
env/reward,69,68,0.0014843748649582267,1789428454.126473
env/reward,70,69,0.0022656249348074198,1789429603.602356
env/reward,71,70,0.0021875000093132257,1789430400.4155679
env/reward,72,71,0.0016406250651925802,1789431158.5461662
env/reward,73,72,0.002617187099531293,1789431897.6271904
env/reward,74,73,0.0017578124534338713,1789432633.0555577
env/reward,75,74,0.0027343747206032276,1789433665.2373333
env/reward,76,75,0.0026953122578561306,1789434424.1294777
env/reward,77,76,0.0022265624720603228,1789435208.5175161
env/reward,78,77,0.0019531247671693563,1789435950.108853
env/reward,79,78,0.002148437313735485,1789436693.1701145
env/reward,80,79,0.0017578124534338713,1789437768.2105105
env/reward,81,80,0.002031249925494194,1789438430.5378377
env/reward,82,81,0.002187499776482582,1789439192.2049034
env/reward,83,82,0.0017578124534338713,1789439982.776709
env/reward,84,83,0.002304687397554517,1789440739.20202
env/reward,85,84,0.0023437500931322575,1789441802.812198
env/reward,86,85,0.002382812323048711,1789442586.8015637
env/reward,87,86,0.0018359373789280653,1789443355.0669925
env/reward,88,87,0.001718750107102096,1789444140.8726163
env/reward,89,88,0.0024999999441206455,1789444912.2522721
env/reward,90,89,0.0025390624068677425,1789446007.513129
env/reward,91,90,0.0027734371833503246,1789446758.4647207
env/reward,92,91,0.0022656249348074198,1789447520.4020207
env/reward,93,92,0.0021093750838190317,1789448266.78342
env/reward,94,93,0.0028124998789280653,1789449010.982144
env/reward,95,94,0.0029296875,1789450093.1229715
env/reward,96,95,0.0019140624208375812,1789450867.8634436
env/episode_len,1,0,200.0,1789374009.8148203
env/episode_len,2,1,200.0,1789374676.317154
env/episode_len,3,2,200.0,1789375352.1539907
env/episode_len,4,3,200.0,1789376064.776163
env/episode_len,5,4,200.0,1789377068.3588085
env/episode_len,6,5,200.0,1789377728.437111
env/episode_len,7,6,200.0,1789378477.9707592
env/episode_len,8,7,200.0,1789379177.2745087
env/episode_len,9,8,200.0,1789379943.517611
env/episode_len,10,9,200.0,1789381012.4822571
env/episode_len,11,10,200.0,1789381733.7809298
env/episode_len,12,11,200.0,1789382485.4795995
env/episode_len,13,12,200.0,1789383184.5735857
env/episode_len,14,13,200.0,1789383914.3982613
env/episode_len,15,14,200.0,1789384976.4884698
env/episode_len,16,15,200.0,1789385701.1078792
env/episode_len,17,16,200.0,1789386444.6189346
env/episode_len,18,17,200.0,1789387170.0284407
env/episode_len,19,18,200.0,1789387881.055822
env/episode_len,20,19,200.0,1789388889.8492692
env/episode_len,21,20,200.0,1789389626.2193086
env/episode_len,22,21,200.0,1789390354.3166242
env/episode_len,23,22,200.0,1789391092.9010587
env/episode_len,24,23,200.0,1789391809.7967446
env/episode_len,25,24,200.0,1789392886.4359987
env/episode_len,26,25,200.0,1789393589.5580842
env/episode_len,27,26,200.0,1789394279.6082222
env/episode_len,28,27,200.0,1789394978.8497128
env/episode_len,29,28,200.0,1789395703.671869
env/episode_len,30,29,200.0,1789396842.4387558
env/episode_len,31,30,200.0,1789397570.8933523
env/episode_len,32,31,200.0,1789398341.2516508
env/episode_len,33,32,200.0,1789399079.8519275
env/episode_len,34,33,200.0,1789399834.6701255
env/episode_len,35,34,200.0,1789400851.748474
env/episode_len,36,35,200.0,1789401614.585693
env/episode_len,37,36,200.0,1789402351.1496317
env/episode_len,38,37,200.0,1789403063.2218747
env/episode_len,39,38,200.0,1789403774.488512
env/episode_len,40,39,200.0,1789404857.1943486
env/episode_len,41,40,200.0,1789405571.5744708
env/episode_len,42,41,200.0,1789406308.0125396
env/episode_len,43,42,200.0,1789407041.238835
env/episode_len,44,43,200.0,1789407773.1997206
env/episode_len,45,44,200.0,1789408837.468272
env/episode_len,46,45,200.0,1789409565.3235836
env/episode_len,47,46,200.0,1789410334.4202704
env/episode_len,48,47,200.0,1789411097.0015814
env/episode_len,49,48,200.0,1789411845.1445596
env/episode_len,50,49,200.0,1789412993.1382587
env/episode_len,51,50,200.0,1789413772.6546
env/episode_len,52,51,200.0,1789414499.996474
env/episode_len,53,52,200.0,1789415253.822893
env/episode_len,54,53,200.0,1789416011.3151126
env/episode_len,55,54,200.0,1789417118.2297318
env/episode_len,56,55,200.0,1789417889.3930104
env/episode_len,57,56,200.0,1789418637.2313914
env/episode_len,58,57,200.0,1789419378.5942404
env/episode_len,59,58,200.0,1789420126.9391294
env/episode_len,60,59,200.0,1789421289.0058553
env/episode_len,61,60,200.0,1789422046.049456
env/episode_len,62,61,200.0,1789422804.4776816
env/episode_len,63,62,200.0,1789423553.3571541
env/episode_len,64,63,200.0,1789424312.130303
env/episode_len,65,64,200.0,1789425401.0973303
env/episode_len,66,65,200.0,1789426184.9414337
env/episode_len,67,66,200.0,1789426967.488937
env/episode_len,68,67,200.0,1789427688.0602298
env/episode_len,69,68,200.0,1789428454.126479
env/episode_len,70,69,200.0,1789429603.6023636
env/episode_len,71,70,200.0,1789430400.4155738
env/episode_len,72,71,200.0,1789431158.546178
env/episode_len,73,72,200.0,1789431897.6271992
env/episode_len,74,73,200.0,1789432633.0555637
env/episode_len,75,74,200.0,1789433665.2373455
env/episode_len,76,75,200.0,1789434424.1294847
env/episode_len,77,76,200.0,1789435208.5175278
env/episode_len,78,77,200.0,1789435950.108859
env/episode_len,79,78,200.0,1789436693.1701212
env/episode_len,80,79,200.0,1789437768.210521
env/episode_len,81,80,200.0,1789438430.5378456
env/episode_len,82,81,200.0,1789439192.204923
env/episode_len,83,82,200.0,1789439982.7767153
env/episode_len,84,83,200.0,1789440739.2020266
env/episode_len,85,84,200.0,1789441802.8122087
env/episode_len,86,85,200.0,1789442586.8015707
env/episode_len,87,86,200.0,1789443355.0669987
env/episode_len,88,87,200.0,1789444140.872627
env/episode_len,89,88,200.0,1789444912.252278
env/episode_len,90,89,200.0,1789446007.5131385
env/episode_len,91,90,200.0,1789446758.4647264
env/episode_len,92,91,200.0,1789447520.402027
env/episode_len,93,92,200.0,1789448266.7834258
env/episode_len,94,93,200.0,1789449010.9821498
env/episode_len,95,94,200.0,1789450093.122987
env/episode_len,96,95,200.0,1789450867.86345
env/num_trajectories,1,0,128.0,1789374009.814855
env/num_trajectories,2,1,128.0,1789374676.317189
env/num_trajectories,3,2,128.0,1789375352.1540442
env/num_trajectories,4,3,128.0,1789376064.7762003
env/num_trajectories,5,4,128.0,1789377068.3588457
env/num_trajectories,6,5,128.0,1789377728.4371438
env/num_trajectories,7,6,128.0,1789378477.970801
env/num_trajectories,8,7,128.0,1789379177.2745428
env/num_trajectories,9,8,128.0,1789379943.5176532
env/num_trajectories,10,9,128.0,1789381012.4822762
env/num_trajectories,11,10,128.0,1789381733.7809546
env/num_trajectories,12,11,128.0,1789382485.4796362
env/num_trajectories,13,12,128.0,1789383184.5736349
env/num_trajectories,14,13,128.0,1789383914.398314
env/num_trajectories,15,14,128.0,1789384976.488492
env/num_trajectories,16,15,128.0,1789385701.1079109
env/num_trajectories,17,16,128.0,1789386444.6189666
env/num_trajectories,18,17,128.0,1789387170.0284636
env/num_trajectories,19,18,128.0,1789387881.0558484
env/num_trajectories,20,19,128.0,1789388889.8492887
env/num_trajectories,21,20,128.0,1789389626.2193375
env/num_trajectories,22,21,128.0,1789390354.3166587
env/num_trajectories,23,22,128.0,1789391092.9010916
env/num_trajectories,24,23,128.0,1789391809.7967799
env/num_trajectories,25,24,128.0,1789392886.436025
env/num_trajectories,26,25,128.0,1789393589.558114
env/num_trajectories,27,26,128.0,1789394279.608279
env/num_trajectories,28,27,128.0,1789394978.8497431
env/num_trajectories,29,28,128.0,1789395703.6718986
env/num_trajectories,30,29,128.0,1789396842.4387748
env/num_trajectories,31,30,128.0,1789397570.8933856
env/num_trajectories,32,31,128.0,1789398341.2516851
env/num_trajectories,33,32,128.0,1789399079.851957
env/num_trajectories,34,33,128.0,1789399834.6701593
env/num_trajectories,35,34,128.0,1789400851.7485101
env/num_trajectories,36,35,128.0,1789401614.5857701
env/num_trajectories,37,36,128.0,1789402351.1496556
env/num_trajectories,38,37,128.0,1789403063.2219076
env/num_trajectories,39,38,128.0,1789403774.4885433
env/num_trajectories,40,39,128.0,1789404857.1943626
env/num_trajectories,41,40,128.0,1789405571.5745022
env/num_trajectories,42,41,128.0,1789406308.0125794
env/num_trajectories,43,42,128.0,1789407041.238867
env/num_trajectories,44,43,128.0,1789407773.1997569
env/num_trajectories,45,44,128.0,1789408837.4682999
env/num_trajectories,46,45,128.0,1789409565.323615
env/num_trajectories,47,46,128.0,1789410334.4203043
env/num_trajectories,48,47,128.0,1789411097.0016155
env/num_trajectories,49,48,128.0,1789411845.1445875
env/num_trajectories,50,49,128.0,1789412993.1382787
env/num_trajectories,51,50,128.0,1789413772.6546347
env/num_trajectories,52,51,128.0,1789414499.9965127
env/num_trajectories,53,52,128.0,1789415253.8229165
env/num_trajectories,54,53,128.0,1789416011.3151472
env/num_trajectories,55,54,128.0,1789417118.22977
env/num_trajectories,56,55,128.0,1789417889.3930647
env/num_trajectories,57,56,128.0,1789418637.2314234
env/num_trajectories,58,57,128.0,1789419378.594263
env/num_trajectories,59,58,128.0,1789420126.9391613
env/num_trajectories,60,59,128.0,1789421289.005875
env/num_trajectories,61,60,128.0,1789422046.0494902
env/num_trajectories,62,61,128.0,1789422804.4777164
env/num_trajectories,63,62,128.0,1789423553.3571873
env/num_trajectories,64,63,128.0,1789424312.130331
env/num_trajectories,65,64,128.0,1789425401.0973728
env/num_trajectories,66,65,128.0,1789426184.9414678
env/num_trajectories,67,66,128.0,1789426967.4889615
env/num_trajectories,68,67,128.0,1789427688.0602772
env/num_trajectories,69,68,128.0,1789428454.1265094
env/num_trajectories,70,69,128.0,1789429603.6023805
env/num_trajectories,71,70,128.0,1789430400.4155996
env/num_trajectories,72,71,128.0,1789431158.546228
env/num_trajectories,73,72,128.0,1789431897.6272311
env/num_trajectories,74,73,128.0,1789432633.0555966
env/num_trajectories,75,74,128.0,1789433665.2373674
env/num_trajectories,76,75,128.0,1789434424.129517
env/num_trajectories,77,76,128.0,1789435208.517568
env/num_trajectories,78,77,128.0,1789435950.1089065
env/num_trajectories,79,78,128.0,1789436693.170159
env/num_trajectories,80,79,128.0,1789437768.210546
env/num_trajectories,81,80,128.0,1789438430.5378735
env/num_trajectories,82,81,128.0,1789439192.2049954
env/num_trajectories,83,82,128.0,1789439982.7767496
env/num_trajectories,84,83,128.0,1789440739.2020535
env/num_trajectories,85,84,128.0,1789441802.8122456
env/num_trajectories,86,85,128.0,1789442586.8016043
env/num_trajectories,87,86,128.0,1789443355.0670235
env/num_trajectories,88,87,128.0,1789444140.8726664
env/num_trajectories,89,88,128.0,1789444912.252311
env/num_trajectories,90,89,128.0,1789446007.5131564
env/num_trajectories,91,90,128.0,1789446758.4647472
env/num_trajectories,92,91,128.0,1789447520.4020627
env/num_trajectories,93,92,128.0,1789448266.7834575
env/num_trajectories,94,93,128.0,1789449010.9821832
env/num_trajectories,95,94,128.0,1789450093.1230175
env/num_trajectories,96,95,128.0,1789450867.863485
rollout/rewards,1,0,0.0020051414612680674,1789374009.8148668
rollout/rewards,2,1,0.0021377671509981155,1789374676.3172
rollout/rewards,3,2,0.0023955432698130608,1789375352.1540635
rollout/rewards,4,3,0.002142857061699033,1789376064.7762122
rollout/rewards,5,4,0.0030724636744707823,1789377068.3588746
rollout/rewards,6,5,0.0017728531965985894,1789377728.437155
rollout/rewards,7,6,0.0015184382209554315,1789378477.970815
rollout/rewards,8,7,0.0016620499081909657,1789379177.2745526
rollout/rewards,9,8,0.002591687021777034,1789379943.5176675
rollout/rewards,10,9,0.001915367436595261,1789381012.482287
rollout/rewards,11,10,0.0019104477250948548,1789381733.7809646
rollout/rewards,12,11,0.0016816817224025726,1789382485.4796493
rollout/rewards,13,12,0.0031486880034208298,1789383184.5736537
rollout/rewards,14,13,0.0025336926337331533,1789383914.3983335
rollout/rewards,15,14,0.0021380847319960594,1789384976.4885051
rollout/rewards,16,15,0.0025968109257519245,1789385701.1079252
rollout/rewards,17,16,0.0024999999441206455,1789386444.6189773
rollout/rewards,18,17,0.002773333340883255,1789387170.028473
rollout/rewards,19,18,0.0029219144489616156,1789387881.0558581
rollout/rewards,20,19,0.002259887056425214,1789388889.849299
rollout/rewards,21,20,0.0026108373422175646,1789389626.219349
rollout/rewards,22,21,0.002087378641590476,1789390354.3166678
rollout/rewards,23,22,0.00296296295709908,1789391092.9011045
rollout/rewards,24,23,0.0025668449234217405,1789391809.7967892
rollout/rewards,25,24,0.0026086957659572363,1789392886.4360404
rollout/rewards,26,25,0.0025517242029309273,1789393589.5581248
rollout/rewards,27,26,0.0031738034449517727,1789394279.6082923
rollout/rewards,28,27,0.0017728531965985894,1789394978.849754
rollout/rewards,29,28,0.0023157894611358643,1789395703.671908
rollout/rewards,30,29,0.002549575176090002,1789396842.4387858
rollout/rewards,31,30,0.0025862068869173527,1789397570.893395
rollout/rewards,32,31,0.002594936639070511,1789398341.251696
rollout/rewards,33,32,0.002869565272703767,1789399079.8519661
rollout/rewards,34,33,0.002918918849900365,1789399834.67017
rollout/rewards,35,34,0.002624671906232834,1789400851.748539
rollout/rewards,36,35,0.0026385225355625153,1789401614.5857995
rollout/rewards,37,36,0.0030810809694230556,1789402351.149664
rollout/rewards,38,37,0.0033928570337593555,1789403063.221918
rollout/rewards,39,38,0.002774869091808796,1789403774.4885523
rollout/rewards,40,39,0.0023361823987215757,1789404857.194371
rollout/rewards,41,40,0.0030379747040569782,1789405571.5745118
rollout/rewards,42,41,0.002620689570903778,1789406308.0125906
rollout/rewards,43,42,0.0019413093104958534,1789407041.2388768
rollout/rewards,44,43,0.0018791946349665523,1789407773.1997705
rollout/rewards,45,44,0.002553191501647234,1789408837.4683154
rollout/rewards,46,45,0.003286384977400303,1789409565.3236256
rollout/rewards,47,46,0.0016793892718851566,1789410334.4203143
rollout/rewards,48,47,0.001670644385740161,1789411097.001625
rollout/rewards,49,48,0.0024128686636686325,1789411845.144598
rollout/rewards,50,49,0.0023129251785576344,1789412993.1382928
rollout/rewards,51,50,0.0024933686945587397,1789413772.6546447
rollout/rewards,52,51,0.0029383886139839888,1789414499.9965227
rollout/rewards,53,52,0.0022513088770210743,1789415253.8229253
rollout/rewards,54,53,0.0032411066349595785,1789416011.3151565
rollout/rewards,55,54,0.002400000113993883,1789417118.229798
rollout/rewards,56,55,0.0017218543216586113,1789417889.393085
rollout/rewards,57,56,0.001885521924123168,1789418637.2314327
rollout/rewards,58,57,0.0028070176485925913,1789419378.5942698
rollout/rewards,59,58,0.002374999923631549,1789420126.9391708
rollout/rewards,60,59,0.0022285713348537683,1789421289.005887
rollout/rewards,61,60,0.002738386392593384,1789422046.0495002
rollout/rewards,62,61,0.0026637555565685034,1789422804.4777267
rollout/rewards,63,62,0.0030860533006489277,1789423553.357197
rollout/rewards,64,63,0.003753501456230879,1789424312.1303408
rollout/rewards,65,64,0.00256544491276145,1789425401.0974011
rollout/rewards,66,65,0.002729528583586216,1789426184.9414773
rollout/rewards,67,66,0.002201834926381707,1789426967.4889705
rollout/rewards,68,67,0.0025159914512187243,1789427688.0602908
rollout/rewards,69,68,0.0021408451721072197,1789428454.126518
rollout/rewards,70,69,0.003391812788322568,1789429603.6023917
rollout/rewards,71,70,0.0025737264659255743,1789430400.4156091
rollout/rewards,72,71,0.0020047733560204506,1789431158.5462432
rollout/rewards,73,72,0.002964824205264449,1789431897.627241
rollout/rewards,74,73,0.0019780220463871956,1789432633.0556064
rollout/rewards,75,74,0.003084577154368162,1789433665.2373824
rollout/rewards,76,75,0.0030348259024322033,1789434424.1295273
rollout/rewards,77,76,0.0025994693860411644,1789435208.517579
rollout/rewards,78,77,0.001863013720139861,1789435950.108916
rollout/rewards,79,78,0.002276028972119093,1789436693.1701696
rollout/rewards,80,79,0.002055555582046509,1789437768.2105603
rollout/rewards,81,80,0.0022857142612338066,1789438430.537883
rollout/rewards,82,81,0.002772277221083641,1789439192.205031
rollout/rewards,83,82,0.0020218580029904842,1789439982.7767594
rollout/rewards,84,83,0.002972292248159647,1789440739.2020626
rollout/rewards,85,84,0.0026726056821644306,1789441802.8122675
rollout/rewards,86,85,0.002990195993334055,1789442586.8016138
rollout/rewards,87,86,0.00223809527233243,1789443355.067033
rollout/rewards,88,87,0.001908893696963787,1789444140.8726807
rollout/rewards,89,88,0.002895927522331476,1789444912.2523203
rollout/rewards,90,89,0.0027469878550618887,1789446007.5131679
rollout/rewards,91,90,0.0031884058844298124,1789446758.4647555
rollout/rewards,92,91,0.002892768010497093,1789447520.4020724
rollout/rewards,93,92,0.0025837321300059557,1789448266.7834682
rollout/rewards,94,93,0.002972136251628399,1789449010.9821928
rollout/rewards,95,94,0.003105263225734234,1789450093.1230369
rollout/rewards,96,95,0.0020812181755900383,1789450867.8634944
rollout/advantages_mean,1,0,-0.06802009046077728,1789374009.8148751
rollout/advantages_mean,2,1,-0.07090257108211517,1789374676.3172066
rollout/advantages_mean,3,2,-0.047757837921381,1789375352.154076
rollout/advantages_mean,4,3,-0.07116508483886719,1789376064.776219
rollout/advantages_mean,5,4,-0.08129065483808517,1789377068.3588965
rollout/advantages_mean,6,5,-0.0788487046957016,1789377728.4371622
rollout/advantages_mean,7,6,-0.04089829698204994,1789378477.9708238
rollout/advantages_mean,8,7,-0.07533770799636841,1789379177.2745626
rollout/advantages_mean,9,8,-0.07184860110282898,1789379943.5176773
rollout/advantages_mean,10,9,-0.0723152756690979,1789381012.4822958
rollout/advantages_mean,11,10,-0.07124790549278259,1789381733.7809722
rollout/advantages_mean,12,11,-0.07797066122293472,1789382485.479659
rollout/advantages_mean,13,12,-0.09019666165113449,1789383184.5736675
rollout/advantages_mean,14,13,-0.09570487588644028,1789383914.398345
rollout/advantages_mean,15,14,-0.0698309913277626,1789384976.4885159
rollout/advantages_mean,16,15,-0.06859306991100311,1789385701.1079338
rollout/advantages_mean,17,16,-0.07018822431564331,1789386444.618984
rollout/advantages_mean,18,17,-0.0806337222456932,1789387170.0284789
rollout/advantages_mean,19,18,-0.092723049223423,1789387881.055865
rollout/advantages_mean,20,19,-0.06082548201084137,1789388889.8493059
rollout/advantages_mean,21,20,-0.07394901663064957,1789389626.2193573
rollout/advantages_mean,22,21,-0.09071806818246841,1789390354.3166745
rollout/advantages_mean,23,22,-0.07153543829917908,1789391092.9011116
rollout/advantages_mean,24,23,-0.08713813126087189,1789391809.7967973
rollout/advantages_mean,25,24,-0.10278420150279999,1789392886.436051
rollout/advantages_mean,26,25,-0.0773395299911499,1789393589.5581324
rollout/advantages_mean,27,26,-0.08883705735206604,1789394279.6083004
rollout/advantages_mean,28,27,-0.07556483894586563,1789394978.8497636
rollout/advantages_mean,29,28,-0.09044139087200165,1789395703.6719143
rollout/advantages_mean,30,29,-0.07348775863647461,1789396842.438794
rollout/advantages_mean,31,30,-0.07995709031820297,1789397570.8934019
rollout/advantages_mean,32,31,-0.09760124236345291,1789398341.2517033
rollout/advantages_mean,33,32,-0.07897020131349564,1789399079.8519742
rollout/advantages_mean,34,33,-0.0809762105345726,1789399834.6701767
rollout/advantages_mean,35,34,-0.07675827294588089,1789400851.7485597
rollout/advantages_mean,36,35,-0.08117412775754929,1789401614.5858212
rollout/advantages_mean,37,36,-0.09292051941156387,1789402351.1496708
rollout/advantages_mean,38,37,-0.09345263242721558,1789403063.2219245
rollout/advantages_mean,39,38,-0.07504574209451675,1789403774.4885597
rollout/advantages_mean,40,39,-0.06602717936038971,1789404857.1943774
rollout/advantages_mean,41,40,-0.10121791064739227,1789405571.5745187
rollout/advantages_mean,42,41,-0.07821876555681229,1789406308.0125988
rollout/advantages_mean,43,42,-0.0812467634677887,1789407041.2388833
rollout/advantages_mean,44,43,-0.07090874761343002,1789407773.1997778
rollout/advantages_mean,45,44,-0.08157409727573395,1789408837.4683282
rollout/advantages_mean,46,45,-0.0924135372042656,1789409565.323633
rollout/advantages_mean,47,46,-0.07079574465751648,1789410334.4203215
rollout/advantages_mean,48,47,-0.08390719443559647,1789411097.0016315
rollout/advantages_mean,49,48,-0.10425260663032532,1789411845.1446054
rollout/advantages_mean,50,49,-0.08223538845777512,1789412993.1383045
rollout/advantages_mean,51,50,-0.09298881888389587,1789413772.6546514
rollout/advantages_mean,52,51,-0.10082313418388367,1789414499.9965296
rollout/advantages_mean,53,52,-0.08953913301229477,1789415253.8229318
rollout/advantages_mean,54,53,-0.0979631319642067,1789416011.3151634
rollout/advantages_mean,55,54,-0.09397643059492111,1789417118.2298214
rollout/advantages_mean,56,55,-0.0693453922867775,1789417889.3930986
rollout/advantages_mean,57,56,-0.08193224668502808,1789418637.231439
rollout/advantages_mean,58,57,-0.09465721994638443,1789419378.594274
rollout/advantages_mean,59,58,-0.09754065424203873,1789420126.9391773
rollout/advantages_mean,60,59,-0.09315045177936554,1789421289.0058959
rollout/advantages_mean,61,60,-0.07840961962938309,1789422046.049507
rollout/advantages_mean,62,61,-0.0829937607049942,1789422804.4777331
rollout/advantages_mean,63,62,-0.08959802240133286,1789423553.357204
rollout/advantages_mean,64,63,-0.09714657813310623,1789424312.1303473
rollout/advantages_mean,65,64,-0.06766793131828308,1789425401.0974226
rollout/advantages_mean,66,65,-0.09305133670568466,1789426184.9414837
rollout/advantages_mean,67,66,-0.06351890414953232,1789426967.488977
rollout/advantages_mean,68,67,-0.07755395025014877,1789427688.0602996
rollout/advantages_mean,69,68,-0.08230429887771606,1789428454.1265247
rollout/advantages_mean,70,69,-0.06730688363313675,1789429603.6023998
rollout/advantages_mean,71,70,-0.09911162406206131,1789430400.4156158
rollout/advantages_mean,72,71,-0.06973136961460114,1789431158.5462558
rollout/advantages_mean,73,72,-0.09608735144138336,1789431897.6272473
rollout/advantages_mean,74,73,-0.0459916926920414,1789432633.0556135
rollout/advantages_mean,75,74,-0.07409615814685822,1789433665.2373946
rollout/advantages_mean,76,75,-0.0798564925789833,1789434424.1295335
rollout/advantages_mean,77,76,-0.08236857503652573,1789435208.5175872
rollout/advantages_mean,78,77,-0.06332434713840485,1789435950.108922
rollout/advantages_mean,79,78,-0.06658216565847397,1789436693.170176
rollout/advantages_mean,80,79,-0.051742568612098694,1789437768.2105713
rollout/advantages_mean,81,80,-0.06629085540771484,1789438430.5378895
rollout/advantages_mean,82,81,-0.06908350437879562,1789439192.205048
rollout/advantages_mean,83,82,-0.04242998734116554,1789439982.7767653
rollout/advantages_mean,84,83,-0.09905675053596497,1789440739.202069
rollout/advantages_mean,85,84,-0.049688197672367096,1789441802.8122787
rollout/advantages_mean,86,85,-0.06525713950395584,1789442586.8016205
rollout/advantages_mean,87,86,-0.05844804272055626,1789443355.0670395
rollout/advantages_mean,88,87,-0.04493796452879906,1789444140.8726907
rollout/advantages_mean,89,88,-0.06309385597705841,1789444912.2523277
rollout/advantages_mean,90,89,-0.05780831724405289,1789446007.5131774
rollout/advantages_mean,91,90,-0.07295745611190796,1789446758.4647615
rollout/advantages_mean,92,91,-0.07918627560138702,1789447520.4020793
rollout/advantages_mean,93,92,-0.05297146737575531,1789448266.7834756
rollout/advantages_mean,94,93,-0.06325657665729523,1789449010.982199
rollout/advantages_mean,95,94,-0.0640585869550705,1789450093.123052
rollout/advantages_mean,96,95,-0.0540098138153553,1789450867.8635004
rollout/advantages_max,1,0,2.4748666286468506,1789374009.8148947
rollout/advantages_max,2,1,2.4748666286468506,1789374676.3172123
rollout/advantages_max,3,2,2.4748666286468506,1789375352.1540911
rollout/advantages_max,4,3,2.4748666286468506,1789376064.7762256
rollout/advantages_max,5,4,1.6201815605163574,1789377068.3589165
rollout/advantages_max,6,5,2.4748666286468506,1789377728.4371693
rollout/advantages_max,7,6,2.4748666286468506,1789378477.9708316
rollout/advantages_max,8,7,2.4748666286468506,1789379177.2745693
rollout/advantages_max,9,8,2.4748666286468506,1789379943.5176857
rollout/advantages_max,10,9,2.4748666286468506,1789381012.482303
rollout/advantages_max,11,10,2.4748666286468506,1789381733.7809787
rollout/advantages_max,12,11,2.4748666286468506,1789382485.4796684
rollout/advantages_max,13,12,2.4748666286468506,1789383184.5736816
rollout/advantages_max,14,13,2.4748666286468506,1789383914.3983543
rollout/advantages_max,15,14,2.4748666286468506,1789384976.488526
rollout/advantages_max,16,15,2.4748666286468506,1789385701.1079419
rollout/advantages_max,17,16,2.4748666286468506,1789386444.6189904
rollout/advantages_max,18,17,2.4748666286468506,1789387170.0284848
rollout/advantages_max,19,18,2.4748666286468506,1789387881.0558715
rollout/advantages_max,20,19,2.4748666286468506,1789388889.849312
rollout/advantages_max,21,20,2.4748666286468506,1789389626.2193654
rollout/advantages_max,22,21,2.4748666286468506,1789390354.316681
rollout/advantages_max,23,22,2.4748666286468506,1789391092.9011195
rollout/advantages_max,24,23,2.4748666286468506,1789391809.7968032
rollout/advantages_max,25,24,2.4748666286468506,1789392886.4360604
rollout/advantages_max,26,25,2.4748666286468506,1789393589.5581393
rollout/advantages_max,27,26,2.4748666286468506,1789394279.6083114
rollout/advantages_max,28,27,2.4748666286468506,1789394978.8497713
rollout/advantages_max,29,28,2.4748666286468506,1789395703.67192
rollout/advantages_max,30,29,1.6201815605163574,1789396842.438802
rollout/advantages_max,31,30,2.4748666286468506,1789397570.8934095
rollout/advantages_max,32,31,2.4748666286468506,1789398341.2517116
rollout/advantages_max,33,32,2.4748666286468506,1789399079.8519797
rollout/advantages_max,34,33,2.4748666286468506,1789399834.6701834
rollout/advantages_max,35,34,2.4748666286468506,1789400851.74858
rollout/advantages_max,36,35,2.4748666286468506,1789401614.585844
rollout/advantages_max,37,36,2.4748666286468506,1789402351.149677
rollout/advantages_max,38,37,1.6201815605163574,1789403063.221931
rollout/advantages_max,39,38,2.4748666286468506,1789403774.4885662
rollout/advantages_max,40,39,2.4748666286468506,1789404857.1943839
rollout/advantages_max,41,40,2.4748666286468506,1789405571.5745263
rollout/advantages_max,42,41,2.4748666286468506,1789406308.0126064
rollout/advantages_max,43,42,2.4748666286468506,1789407041.2388895
rollout/advantages_max,44,43,2.4748666286468506,1789407773.1997848
rollout/advantages_max,45,44,2.4748666286468506,1789408837.4683406
rollout/advantages_max,46,45,1.20761239528656,1789409565.3236396
rollout/advantages_max,47,46,2.4748666286468506,1789410334.420328
rollout/advantages_max,48,47,2.4748666286468506,1789411097.001638
rollout/advantages_max,49,48,2.4748666286468506,1789411845.1446114
rollout/advantages_max,50,49,2.4748666286468506,1789412993.1383138
rollout/advantages_max,51,50,2.4748666286468506,1789413772.654658
rollout/advantages_max,52,51,2.4748666286468506,1789414499.9965355
rollout/advantages_max,53,52,2.4748666286468506,1789415253.8229394
rollout/advantages_max,54,53,2.4748666286468506,1789416011.3151703
rollout/advantages_max,55,54,2.4748666286468506,1789417118.2298481
rollout/advantages_max,56,55,2.4748666286468506,1789417889.3931122
rollout/advantages_max,57,56,2.4748666286468506,1789418637.231445
rollout/advantages_max,58,57,2.4748666286468506,1789419378.5942786
rollout/advantages_max,59,58,2.4748666286468506,1789420126.939185
rollout/advantages_max,60,59,2.4748666286468506,1789421289.005905
rollout/advantages_max,61,60,1.6201815605163574,1789422046.0495136
rollout/advantages_max,62,61,2.4748666286468506,1789422804.4777393
rollout/advantages_max,63,62,2.4748666286468506,1789423553.3572104
rollout/advantages_max,64,63,1.20761239528656,1789424312.1303532
rollout/advantages_max,65,64,2.4748666286468506,1789425401.0974493
rollout/advantages_max,66,65,1.6201815605163574,1789426184.9414902
rollout/advantages_max,67,66,2.4748666286468506,1789426967.4889827
rollout/advantages_max,68,67,2.4748666286468506,1789427688.060306
rollout/advantages_max,69,68,2.4748666286468506,1789428454.1265306
rollout/advantages_max,70,69,1.6201815605163574,1789429603.6024077
rollout/advantages_max,71,70,2.4748666286468506,1789430400.415622
rollout/advantages_max,72,71,2.4748666286468506,1789431158.546267
rollout/advantages_max,73,72,1.6201815605163574,1789431897.6272538
rollout/advantages_max,74,73,2.4748666286468506,1789432633.0556202
rollout/advantages_max,75,74,2.4748666286468506,1789433665.2374058
rollout/advantages_max,76,75,2.4748666286468506,1789434424.1295397
rollout/advantages_max,77,76,2.4748666286468506,1789435208.5175953
rollout/advantages_max,78,77,2.4748666286468506,1789435950.1089282
rollout/advantages_max,79,78,2.4748666286468506,1789436693.1701825
rollout/advantages_max,80,79,2.4748666286468506,1789437768.2105818
rollout/advantages_max,81,80,2.4748666286468506,1789438430.5378957
rollout/advantages_max,82,81,2.4748666286468506,1789439192.2050583
rollout/advantages_max,83,82,2.4748666286468506,1789439982.7767718
rollout/advantages_max,84,83,2.4748666286468506,1789440739.2020764
rollout/advantages_max,85,84,2.4748666286468506,1789441802.81229
rollout/advantages_max,86,85,2.4748666286468506,1789442586.801627
rollout/advantages_max,87,86,2.4748666286468506,1789443355.0670462
rollout/advantages_max,88,87,2.4748666286468506,1789444140.8726997
rollout/advantages_max,89,88,2.4748666286468506,1789444912.2523339
rollout/advantages_max,90,89,2.4748666286468506,1789446007.5131872
rollout/advantages_max,91,90,2.4748666286468506,1789446758.464768
rollout/advantages_max,92,91,2.4748666286468506,1789447520.4020855
rollout/advantages_max,93,92,2.4748666286468506,1789448266.7834816
rollout/advantages_max,94,93,1.6201815605163574,1789449010.9822056
rollout/advantages_max,95,94,1.6201815605163574,1789450093.1230671
rollout/advantages_max,96,95,2.4748666286468506,1789450867.863506
rollout/advantages_min,1,0,-2.4748666286468506,1789374009.8149047
rollout/advantages_min,2,1,-1.6201815605163574,1789374676.3172202
rollout/advantages_min,3,2,-2.4748666286468506,1789375352.1541095
rollout/advantages_min,4,3,-1.6201815605163574,1789376064.7762456
rollout/advantages_min,5,4,-2.4748666286468506,1789377068.3589382
rollout/advantages_min,6,5,-1.20761239528656,1789377728.437176
rollout/advantages_min,7,6,-1.6201815605163574,1789378477.970839
rollout/advantages_min,8,7,-1.6201815605163574,1789379177.2745774
rollout/advantages_min,9,8,-2.4748666286468506,1789379943.5176938
rollout/advantages_min,10,9,-1.6201815605163574,1789381012.4823122
rollout/advantages_min,11,10,-1.6201815605163574,1789381733.780986
rollout/advantages_min,12,11,-1.6201815605163574,1789382485.4796777
rollout/advantages_min,13,12,-2.4748666286468506,1789383184.573695
rollout/advantages_min,14,13,-2.4748666286468506,1789383914.3983636
rollout/advantages_min,15,14,-1.20761239528656,1789384976.4885361
rollout/advantages_min,16,15,-2.4748666286468506,1789385701.1079495
rollout/advantages_min,17,16,-2.4748666286468506,1789386444.6189973
rollout/advantages_min,18,17,-2.4748666286468506,1789387170.0284913
rollout/advantages_min,19,18,-2.4748666286468506,1789387881.0558774
rollout/advantages_min,20,19,-2.4748666286468506,1789388889.8493176
rollout/advantages_min,21,20,-2.4748666286468506,1789389626.219374
rollout/advantages_min,22,21,-1.20761239528656,1789390354.3166869
rollout/advantages_min,23,22,-2.4748666286468506,1789391092.9011257
rollout/advantages_min,24,23,-2.4748666286468506,1789391809.7968092
rollout/advantages_min,25,24,-1.6201815605163574,1789392886.4360735
rollout/advantages_min,26,25,-2.4748666286468506,1789393589.5581462
rollout/advantages_min,27,26,-2.4748666286468506,1789394279.6083195
rollout/advantages_min,28,27,-1.20761239528656,1789394978.849781
rollout/advantages_min,29,28,-2.4748666286468506,1789395703.671926
rollout/advantages_min,30,29,-2.4748666286468506,1789396842.4388099
rollout/advantages_min,31,30,-2.4748666286468506,1789397570.893416
rollout/advantages_min,32,31,-2.4748666286468506,1789398341.2517176
rollout/advantages_min,33,32,-2.4748666286468506,1789399079.8519857
rollout/advantages_min,34,33,-2.4748666286468506,1789399834.6701899
rollout/advantages_min,35,34,-2.4748666286468506,1789400851.7486
rollout/advantages_min,36,35,-1.6201815605163574,1789401614.5858643
rollout/advantages_min,37,36,-2.4748666286468506,1789402351.1496832
rollout/advantages_min,38,37,-2.4748666286468506,1789403063.221937
rollout/advantages_min,39,38,-2.4748666286468506,1789403774.4885724
rollout/advantages_min,40,39,-2.4748666286468506,1789404857.1943898
rollout/advantages_min,41,40,-2.4748666286468506,1789405571.5745327
rollout/advantages_min,42,41,-2.4748666286468506,1789406308.0126133
rollout/advantages_min,43,42,-2.4748666286468506,1789407041.2388952
rollout/advantages_min,44,43,-2.4748666286468506,1789407773.199791
rollout/advantages_min,45,44,-2.4748666286468506,1789408837.4683533
rollout/advantages_min,46,45,-2.4748666286468506,1789409565.323646
rollout/advantages_min,47,46,-1.6201815605163574,1789410334.4203353
rollout/advantages_min,48,47,-1.20761239528656,1789411097.0016441
rollout/advantages_min,49,48,-2.4748666286468506,1789411845.1446173
rollout/advantages_min,50,49,-2.4748666286468506,1789412993.1383224
rollout/advantages_min,51,50,-2.4748666286468506,1789413772.6546645
rollout/advantages_min,52,51,-2.4748666286468506,1789414499.9965436
rollout/advantages_min,53,52,-2.4748666286468506,1789415253.822948
rollout/advantages_min,54,53,-2.4748666286468506,1789416011.3151767
rollout/advantages_min,55,54,-2.4748666286468506,1789417118.2298682
rollout/advantages_min,56,55,-1.6201815605163574,1789417889.393125
rollout/advantages_min,57,56,-1.6201815605163574,1789418637.231451
rollout/advantages_min,58,57,-2.4748666286468506,1789419378.5942829
rollout/advantages_min,59,58,-2.4748666286468506,1789420126.939191
rollout/advantages_min,60,59,-1.6201815605163574,1789421289.0059128
rollout/advantages_min,61,60,-1.6201815605163574,1789422046.0495193
rollout/advantages_min,62,61,-2.4748666286468506,1789422804.4777453
rollout/advantages_min,63,62,-2.4748666286468506,1789423553.3572166
rollout/advantages_min,64,63,-2.4748666286468506,1789424312.130359
rollout/advantages_min,65,64,-2.4748666286468506,1789425401.0974703
rollout/advantages_min,66,65,-2.4748666286468506,1789426184.9414957
rollout/advantages_min,67,66,-2.4748666286468506,1789426967.4889886
rollout/advantages_min,68,67,-1.6201815605163574,1789427688.0603118
rollout/advantages_min,69,68,-1.6201815605163574,1789428454.1265361
rollout/advantages_min,70,69,-2.4748666286468506,1789429603.602415
rollout/advantages_min,71,70,-2.4748666286468506,1789430400.415628
rollout/advantages_min,72,71,-1.6201815605163574,1789431158.5462785
rollout/advantages_min,73,72,-2.4748666286468506,1789431897.6272607
rollout/advantages_min,74,73,-1.6201815605163574,1789432633.0556264
rollout/advantages_min,75,74,-2.4748666286468506,1789433665.2374165
rollout/advantages_min,76,75,-2.4748666286468506,1789434424.1295464
rollout/advantages_min,77,76,-1.6201815605163574,1789435208.5176034
rollout/advantages_min,78,77,-1.20761239528656,1789435950.1089344
rollout/advantages_min,79,78,-1.6201815605163574,1789436693.1701882
rollout/advantages_min,80,79,-1.6201815605163574,1789437768.2105923
rollout/advantages_min,81,80,-2.4748666286468506,1789438430.5379019
rollout/advantages_min,82,81,-2.4748666286468506,1789439192.205068
rollout/advantages_min,83,82,-1.6201815605163574,1789439982.7767782
rollout/advantages_min,84,83,-2.4748666286468506,1789440739.2020824
rollout/advantages_min,85,84,-2.4748666286468506,1789441802.8123002
rollout/advantages_min,86,85,-2.4748666286468506,1789442586.8016324
rollout/advantages_min,87,86,-2.4748666286468506,1789443355.0670521
rollout/advantages_min,88,87,-1.20761239528656,1789444140.8727086
rollout/advantages_min,89,88,-2.4748666286468506,1789444912.2523396
rollout/advantages_min,90,89,-2.4748666286468506,1789446007.5131965
rollout/advantages_min,91,90,-2.4748666286468506,1789446758.4647744
rollout/advantages_min,92,91,-2.4748666286468506,1789447520.402092
rollout/advantages_min,93,92,-2.4748666286468506,1789448266.783488
rollout/advantages_min,94,93,-1.6201815605163574,1789449010.9822114
rollout/advantages_min,95,94,-2.4748666286468506,1789450093.1230814
rollout/advantages_min,96,95,-2.4748666286468506,1789450867.8635118
time/sync_weights,1,0,7.631747245788574,1789374009.814925
time/sync_weights,2,1,6.380216598510742,1789374676.3172445
time/sync_weights,3,2,7.143346786499023,1789375352.154153
time/sync_weights,4,3,6.600164413452148,1789376064.7762723
time/sync_weights,5,4,6.559198379516602,1789377068.3589947
time/sync_weights,6,5,2.2201857566833496,1789377728.4371982
time/sync_weights,7,6,5.699225902557373,1789378477.9708662
time/sync_weights,8,7,5.945498943328857,1789379177.2745981
time/sync_weights,9,8,6.120577812194824,1789379943.5177188
time/sync_weights,10,9,5.543715953826904,1789381012.4823382
time/sync_weights,11,10,1.6207540035247803,1789381733.7809975
time/sync_weights,12,11,6.452610015869141,1789382485.4797025
time/sync_weights,13,12,5.009097099304199,1789383184.5737283
time/sync_weights,14,13,5.142056465148926,1789383914.3983912
time/sync_weights,15,14,5.957853317260742,1789384976.4885716
time/sync_weights,16,15,2.209554672241211,1789385701.1079714
time/sync_weights,17,16,4.945258140563965,1789386444.6190188
time/sync_weights,18,17,6.021947860717773,1789387170.0285013
time/sync_weights,19,18,5.775641918182373,1789387881.055895
time/sync_weights,20,19,4.845386505126953,1789388889.8493388
time/sync_weights,21,20,1.6111235618591309,1789389626.2193944
time/sync_weights,22,21,4.790767669677734,1789390354.3167078
time/sync_weights,23,22,5.507596969604492,1789391092.901147
time/sync_weights,24,23,5.761571884155273,1789391809.7968287
time/sync_weights,25,24,5.554326057434082,1789392886.4361095
time/sync_weights,26,25,2.0986039638519287,1789393589.5581656
time/sync_weights,27,26,4.848264694213867,1789394279.608343
time/sync_weights,28,27,6.215462684631348,1789394978.8498058
time/sync_weights,29,28,4.796236038208008,1789395703.6719449
time/sync_weights,30,29,5.553257465362549,1789396842.4388363
time/sync_weights,31,30,1.7753453254699707,1789397570.8934376
time/sync_weights,32,31,5.830958366394043,1789398341.2517378
time/sync_weights,33,32,5.783045768737793,1789399079.8520067
time/sync_weights,34,33,5.446020126342773,1789399834.6702101
time/sync_weights,35,34,5.907644748687744,1789400851.7486522
time/sync_weights,36,35,1.881822109222412,1789401614.5859065
time/sync_weights,37,36,4.821072578430176,1789402351.1497002
time/sync_weights,38,37,4.762876987457275,1789403063.2219572
time/sync_weights,39,38,5.867486953735352,1789403774.4885929
time/sync_weights,40,39,5.39054012298584,1789404857.1944103
time/sync_weights,41,40,1.6355836391448975,1789405571.574554
time/sync_weights,42,41,4.997158527374268,1789406308.012639
time/sync_weights,43,42,5.967991828918457,1789407041.2389166
time/sync_weights,44,43,5.491132736206055,1789407773.199813
time/sync_weights,45,44,6.141378879547119,1789408837.4683702
time/sync_weights,46,45,1.8993744850158691,1789409565.3236666
time/sync_weights,47,46,5.692126274108887,1789410334.4203596
time/sync_weights,48,47,5.8330888748168945,1789411097.0016654
time/sync_weights,49,48,5.303556442260742,1789411845.144636
time/sync_weights,50,49,5.041476726531982,1789412993.1383512
time/sync_weights,51,50,1.9051992893218994,1789413772.6546857
time/sync_weights,52,51,5.519102096557617,1789414499.9965665
time/sync_weights,53,52,5.992978096008301,1789415253.822967
time/sync_weights,54,53,5.159430503845215,1789416011.3151987
time/sync_weights,55,54,5.593865394592285,1789417118.2299223
time/sync_weights,56,55,1.8828339576721191,1789417889.3931623
time/sync_weights,57,56,5.8359503746032715,1789418637.2314734
time/sync_weights,58,57,5.605343341827393,1789419378.594297
time/sync_weights,59,58,4.9180989265441895,1789420126.9392116
time/sync_weights,60,59,5.840512275695801,1789421289.0059383
time/sync_weights,61,60,1.9169013500213623,1789422046.0495408
time/sync_weights,62,61,6.234752655029297,1789422804.4777675
time/sync_weights,63,62,5.643682479858398,1789423553.3572376
time/sync_weights,64,63,5.891541481018066,1789424312.130376
time/sync_weights,65,64,5.169200897216797,1789425401.0975313
time/sync_weights,66,65,2.0606064796447754,1789426184.9415154
time/sync_weights,67,66,5.752330303192139,1789426967.4890058
time/sync_weights,68,67,4.698958396911621,1789427688.0603335
time/sync_weights,69,68,5.474246501922607,1789428454.126558
time/sync_weights,70,69,6.0416059494018555,1789429603.6024404
time/sync_weights,71,70,1.7806048393249512,1789430400.41564
time/sync_weights,72,71,6.0056562423706055,1789431158.5463064
time/sync_weights,73,72,5.609443664550781,1789431897.627278
time/sync_weights,74,73,5.034677982330322,1789432633.0556467
time/sync_weights,75,74,5.256547451019287,1789433665.2374508
time/sync_weights,76,75,1.9435694217681885,1789434424.1295664
time/sync_weights,77,76,6.061532020568848,1789435208.5176296
time/sync_weights,78,77,5.6445512771606445,1789435950.1089485
time/sync_weights,79,78,5.8962860107421875,1789436693.170208
time/sync_weights,80,79,5.450875282287598,1789437768.2106235
time/sync_weights,81,80,1.6727395057678223,1789438430.537922
time/sync_weights,82,81,4.8659844398498535,1789439192.2050998
time/sync_weights,83,82,5.651270866394043,1789439982.7768002
time/sync_weights,84,83,6.023756980895996,1789440739.2020998
time/sync_weights,85,84,4.995988845825195,1789441802.8123357
time/sync_weights,86,85,2.2285120487213135,1789442586.8016543
time/sync_weights,87,86,6.54960298538208,1789443355.0670705
time/sync_weights,88,87,5.328627586364746,1789444140.872736
time/sync_weights,89,88,5.674463272094727,1789444912.2523615
time/sync_weights,90,89,5.525835037231445,1789446007.5132253
time/sync_weights,91,90,1.7333459854125977,1789446758.4647865
time/sync_weights,92,91,5.228953838348389,1789447520.4021149
time/sync_weights,93,92,5.553967475891113,1789448266.7835085
time/sync_weights,94,93,5.883955955505371,1789449010.9822316
time/sync_weights,95,94,6.047806739807129,1789450093.1231208
time/sync_weights,96,95,1.890756607055664,1789450867.8635335
time/generate_rollouts,1,0,701.81396484375,1789374009.8149319
time/generate_rollouts,2,1,645.418212890625,1789374676.3172517
time/generate_rollouts,3,2,654.567626953125,1789375352.1541722
time/generate_rollouts,4,3,691.4610595703125,1789376064.7762792
time/generate_rollouts,5,4,676.03076171875,1789377068.3590171
time/generate_rollouts,6,5,644.240478515625,1789377728.4372053
time/generate_rollouts,7,6,729.15625,1789378477.970875
time/generate_rollouts,8,7,679.0203857421875,1789379177.2746043
time/generate_rollouts,9,8,745.66943359375,1789379943.5177271
time/generate_rollouts,10,9,727.1574096679688,1789381012.4823468
time/generate_rollouts,11,10,705.2542114257812,1789381733.781005
time/generate_rollouts,12,11,733.1322021484375,1789382485.4797153
time/generate_rollouts,13,12,681.960205078125,1789383184.5737422
time/generate_rollouts,14,13,710.16552734375,1789383914.3984013
time/generate_rollouts,15,14,722.0452880859375,1789384976.4885845
time/generate_rollouts,16,15,709.1178588867188,1789385701.1079798
time/generate_rollouts,17,16,724.4811401367188,1789386444.6190257
time/generate_rollouts,18,17,705.4126586914062,1789387170.0285075
time/generate_rollouts,19,18,693.0582885742188,1789387881.0559013
time/generate_rollouts,20,19,657.8025512695312,1789388889.8493454
time/generate_rollouts,21,20,720.823486328125,1789389626.2194047
time/generate_rollouts,22,21,709.1448364257812,1789390354.3167145
time/generate_rollouts,23,22,719.0036010742188,1789391092.901155
time/generate_rollouts,24,23,696.9295043945312,1789391809.7968357
time/generate_rollouts,25,24,717.2803955078125,1789392886.43612
time/generate_rollouts,26,25,688.91796875,1789393589.5581732
time/generate_rollouts,27,26,671.0756225585938,1789394279.6083508
time/generate_rollouts,28,27,680.8955688476562,1789394978.8498154
time/generate_rollouts,29,28,705.9679565429688,1789395703.6719513
time/generate_rollouts,30,29,756.7855834960938,1789396842.4388444
time/generate_rollouts,31,30,712.58447265625,1789397570.8934448
time/generate_rollouts,32,31,750.3515014648438,1789398341.2517447
time/generate_rollouts,33,32,718.7424926757812,1789399079.8520133
time/generate_rollouts,34,33,735.2057495117188,1789399834.6702175
time/generate_rollouts,35,34,686.6161499023438,1789400851.7486732
time/generate_rollouts,36,35,748.8831787109375,1789401614.585916
time/generate_rollouts,37,36,719.726806640625,1789402351.149706
time/generate_rollouts,38,37,693.0914916992188,1789403063.221963
time/generate_rollouts,39,38,691.119384765625,1789403774.4885993
time/generate_rollouts,40,39,711.964111328125,1789404857.194417
time/generate_rollouts,41,40,699.0027465820312,1789405571.574561
time/generate_rollouts,42,41,717.07177734375,1789406308.012648
time/generate_rollouts,43,42,713.1219482421875,1789407041.238923
time/generate_rollouts,44,43,712.417724609375,1789407773.19982
time/generate_rollouts,45,44,701.6209716796875,1789408837.4683814
time/generate_rollouts,46,45,711.8394775390625,1789409565.3236732
time/generate_rollouts,47,46,749.2595825195312,1789410334.420366
time/generate_rollouts,48,47,742.7069091796875,1789411097.0016713
time/generate_rollouts,49,48,729.6983032226562,1789411845.1446424
time/generate_rollouts,50,49,749.8345336914062,1789412993.1383605
time/generate_rollouts,51,50,762.9595947265625,1789413772.6546922
time/generate_rollouts,52,51,706.961181640625,1789414499.9965734
time/generate_rollouts,53,52,735.3206787109375,1789415253.822974
time/generate_rollouts,54,53,738.61767578125,1789416011.3152056
time/generate_rollouts,55,54,733.2388916015625,1789417118.2299438
time/generate_rollouts,56,55,754.6547241210938,1789417889.3931756
time/generate_rollouts,57,56,727.6195678710938,1789418637.2314796
time/generate_rollouts,58,57,723.159423828125,1789419378.5943015
time/generate_rollouts,59,58,728.2156982421875,1789420126.9392178
time/generate_rollouts,60,59,749.7462158203125,1789421289.005947
time/generate_rollouts,61,60,741.0911865234375,1789422046.0495472
time/generate_rollouts,62,61,738.0052490234375,1789422804.4777737
time/generate_rollouts,63,62,729.3495483398438,1789423553.3572445
time/generate_rollouts,64,63,737.6285400390625,1789424312.1303828
time/generate_rollouts,65,64,714.6402587890625,1789425401.0975533
time/generate_rollouts,66,65,767.7696533203125,1789426184.941522
time/generate_rollouts,67,66,764.6703491210938,1789426967.489012
time/generate_rollouts,68,67,701.445068359375,1789427688.0603397
time/generate_rollouts,69,68,746.433349609375,1789428454.1265664
time/generate_rollouts,70,69,739.2735595703125,1789429603.6024487
time/generate_rollouts,71,70,781.2042846679688,1789430400.4156458
time/generate_rollouts,72,71,738.0617065429688,1789431158.5463169
time/generate_rollouts,73,72,720.7796020507812,1789431897.6272845
time/generate_rollouts,74,73,716.35888671875,1789432633.055653
time/generate_rollouts,75,74,718.90234375,1789433665.2374623
time/generate_rollouts,76,75,742.8308715820312,1789434424.1295738
time/generate_rollouts,77,76,764.2809448242188,1789435208.5176392
time/generate_rollouts,78,77,721.671630859375,1789435950.108955
time/generate_rollouts,79,78,723.0947265625,1789436693.1702151
time/generate_rollouts,80,79,741.5947875976562,1789437768.2106347
time/generate_rollouts,81,80,648.3800659179688,1789438430.537928
time/generate_rollouts,82,81,743.4229125976562,1789439192.2051103
time/generate_rollouts,83,82,770.7325439453125,1789439982.7768068
time/generate_rollouts,84,83,737.98291015625,1789440739.2021067
time/generate_rollouts,85,84,706.9417114257812,1789441802.8123472
time/generate_rollouts,86,85,768.249267578125,1789442586.8016608
time/generate_rollouts,87,86,748.0864868164062,1789443355.067077
time/generate_rollouts,88,87,767.5769653320312,1789444140.8727455
time/generate_rollouts,89,88,751.3948364257812,1789444912.252368
time/generate_rollouts,90,89,696.971435546875,1789446007.5132344
time/generate_rollouts,91,90,735.8929443359375,1789446758.4647932
time/generate_rollouts,92,91,743.309326171875,1789447520.4021215
time/generate_rollouts,93,92,726.5773315429688,1789448266.7835147
time/generate_rollouts,94,93,724.3349609375,1789449010.9822385
time/generate_rollouts,95,94,729.944580078125,1789450093.1231377
time/generate_rollouts,96,95,758.8086547851562,1789450867.8635402
time/cal_adv_and_returns,1,0,0.0379180908203125,1789374009.816089
time/cal_adv_and_returns,2,1,0.012495994567871094,1789374676.3181856
time/cal_adv_and_returns,3,2,0.012349605560302734,1789375352.1550221
time/cal_adv_and_returns,4,3,0.014338254928588867,1789376064.7767582
time/cal_adv_and_returns,5,4,0.013686180114746094,1789377068.3596425
time/cal_adv_and_returns,6,5,0.017700672149658203,1789377728.438323
time/cal_adv_and_returns,7,6,0.015334129333496094,1789378477.971977
time/cal_adv_and_returns,8,7,0.014682531356811523,1789379177.2754781
time/cal_adv_and_returns,9,8,0.012735366821289062,1789379943.5187645
time/cal_adv_and_returns,10,9,0.014098405838012695,1789381012.4825907
time/cal_adv_and_returns,11,10,0.01185917854309082,1789381733.7815678
time/cal_adv_and_returns,12,11,0.010701894760131836,1789382485.4802144
time/cal_adv_and_returns,13,12,0.010849475860595703,1789383184.574277
time/cal_adv_and_returns,14,13,0.013724565505981445,1789383914.3989725
time/cal_adv_and_returns,15,14,0.014179229736328125,1789384976.4894357
time/cal_adv_and_returns,16,15,0.011662483215332031,1789385701.1085715
time/cal_adv_and_returns,17,16,0.0131072998046875,1789386444.6194916
time/cal_adv_and_returns,18,17,0.013394594192504883,1789387170.0292692
time/cal_adv_and_returns,19,18,0.013646602630615234,1789387881.0567188
time/cal_adv_and_returns,20,19,0.013601541519165039,1789388889.8500502
time/cal_adv_and_returns,21,20,0.015697479248046875,1789389626.2199283
time/cal_adv_and_returns,22,21,0.013947010040283203,1789390354.3173294
time/cal_adv_and_returns,23,22,0.014514446258544922,1789391092.9017646
time/cal_adv_and_returns,24,23,0.01691269874572754,1789391809.7979612
time/cal_adv_and_returns,25,24,0.013533592224121094,1789392886.4368615
time/cal_adv_and_returns,26,25,0.010695457458496094,1789393589.5590327
time/cal_adv_and_returns,27,26,0.01448678970336914,1789394279.6091099
time/cal_adv_and_returns,28,27,0.011756658554077148,1789394978.8503048
time/cal_adv_and_returns,29,28,0.014560699462890625,1789395703.67255
time/cal_adv_and_returns,30,29,0.013736486434936523,1789396842.439106
time/cal_adv_and_returns,31,30,0.01604771614074707,1789397570.8941803
time/cal_adv_and_returns,32,31,0.013703346252441406,1789398341.252772
time/cal_adv_and_returns,33,32,0.014532089233398438,1789399079.8528235
time/cal_adv_and_returns,34,33,0.01454925537109375,1789399834.6708994
time/cal_adv_and_returns,35,34,0.011541128158569336,1789400851.748958
time/cal_adv_and_returns,36,35,0.012226581573486328,1789401614.5864952
time/cal_adv_and_returns,37,36,0.011803865432739258,1789402351.1501029
time/cal_adv_and_returns,38,37,0.013155698776245117,1789403063.2224944
time/cal_adv_and_returns,39,38,0.013216018676757812,1789403774.4891238
time/cal_adv_and_returns,40,39,0.011424779891967773,1789404857.1947775
time/cal_adv_and_returns,41,40,0.013330936431884766,1789405571.575193
time/cal_adv_and_returns,42,41,0.013992071151733398,1789406308.0133667
time/cal_adv_and_returns,43,42,0.0126190185546875,1789407041.240111
time/cal_adv_and_returns,44,43,0.017123699188232422,1789407773.2009223
time/cal_adv_and_returns,45,44,0.014101028442382812,1789408837.4690332
time/cal_adv_and_returns,46,45,0.015076398849487305,1789409565.3241644
time/cal_adv_and_returns,47,46,0.014518022537231445,1789410334.4209554
time/cal_adv_and_returns,48,47,0.013549327850341797,1789411097.002493
time/cal_adv_and_returns,49,48,0.012070178985595703,1789411845.1458461
time/cal_adv_and_returns,50,49,0.015105247497558594,1789412993.1387038
time/cal_adv_and_returns,51,50,0.014956474304199219,1789413772.6553884
time/cal_adv_and_returns,52,51,0.016387939453125,1789414499.99699
time/cal_adv_and_returns,53,52,0.011592864990234375,1789415253.823899
time/cal_adv_and_returns,54,53,0.014328956604003906,1789416011.3158653
time/cal_adv_and_returns,55,54,0.014365196228027344,1789417118.2307723
time/cal_adv_and_returns,56,55,0.012974262237548828,1789417889.3938248
time/cal_adv_and_returns,57,56,0.014322757720947266,1789418637.2325358
time/cal_adv_and_returns,58,57,0.011420726776123047,1789419378.5945556
time/cal_adv_and_returns,59,58,0.015463590621948242,1789420126.9402914
time/cal_adv_and_returns,60,59,0.013764381408691406,1789421289.0066438
time/cal_adv_and_returns,61,60,0.015380382537841797,1789422046.0505779
time/cal_adv_and_returns,62,61,0.015978097915649414,1789422804.479036
time/cal_adv_and_returns,63,62,0.014517545700073242,1789423553.358187
time/cal_adv_and_returns,64,63,0.013519287109375,1789424312.1306982
time/cal_adv_and_returns,65,64,0.020605087280273438,1789425401.0985138
time/cal_adv_and_returns,66,65,0.013918876647949219,1789426184.9418926
time/cal_adv_and_returns,67,66,0.011260032653808594,1789426967.4893172
time/cal_adv_and_returns,68,67,0.013939380645751953,1789427688.0614877
time/cal_adv_and_returns,69,68,0.014914512634277344,1789428454.1275475
time/cal_adv_and_returns,70,69,0.015364408493041992,1789429603.6034205
time/cal_adv_and_returns,71,70,0.0125274658203125,1789430400.4160187
time/cal_adv_and_returns,72,71,0.012936830520629883,1789431158.5473125
time/cal_adv_and_returns,73,72,0.01291656494140625,1789431897.6276023
time/cal_adv_and_returns,74,73,0.013694047927856445,1789432633.056023
time/cal_adv_and_returns,75,74,0.014061927795410156,1789433665.2382312
time/cal_adv_and_returns,76,75,0.014817476272583008,1789434424.129975
time/cal_adv_and_returns,77,76,0.015732288360595703,1789435208.5181124
time/cal_adv_and_returns,78,77,0.014073610305786133,1789435950.1099508
time/cal_adv_and_returns,79,78,0.012808799743652344,1789436693.1705968
time/cal_adv_and_returns,80,79,0.011991500854492188,1789437768.2109234
time/cal_adv_and_returns,81,80,0.014829397201538086,1789438430.5382578
time/cal_adv_and_returns,82,81,0.014028310775756836,1789439192.2061365
time/cal_adv_and_returns,83,82,0.01522207260131836,1789439982.7775068
time/cal_adv_and_returns,84,83,0.010830402374267578,1789440739.202857
time/cal_adv_and_returns,85,84,0.014231681823730469,1789441802.8128107
time/cal_adv_and_returns,86,85,0.010072946548461914,1789442586.8028104
time/cal_adv_and_returns,87,86,0.014622688293457031,1789443355.067684
time/cal_adv_and_returns,88,87,0.011408567428588867,1789444140.8735192
time/cal_adv_and_returns,89,88,0.014680147171020508,1789444912.2535226
time/cal_adv_and_returns,90,89,0.01380610466003418,1789446007.5138383
time/cal_adv_and_returns,91,90,0.01361536979675293,1789446758.4655495
time/cal_adv_and_returns,92,91,0.011245012283325195,1789447520.4027958
time/cal_adv_and_returns,93,92,0.01490473747253418,1789448266.784297
time/cal_adv_and_returns,94,93,0.013190031051635742,1789449010.9830065
time/cal_adv_and_returns,95,94,0.012974262237548828,1789450093.1237273
time/cal_adv_and_returns,96,95,0.014696598052978516,1789450867.8648665
time/actor_training,1,0,13.398521423339844,1789374009.8161435
time/actor_training,2,1,14.656615257263184,1789374676.3182065
time/actor_training,3,2,14.073860168457031,1789375352.1550584
time/actor_training,4,3,14.507320404052734,1789376064.7767656
time/actor_training,5,4,14.664759635925293,1789377068.3596663
time/actor_training,6,5,13.568248748779297,1789377728.4383445
time/actor_training,7,6,14.628644943237305,1789378477.9720042
time/actor_training,8,7,14.282455444335938,1789379177.275499
time/actor_training,9,8,14.404511451721191,1789379943.518798
time/actor_training,10,9,14.27721118927002,1789381012.4825985
time/actor_training,11,10,14.3665189743042,1789381733.781576
time/actor_training,12,11,12.0711088180542,1789382485.4802248
time/actor_training,13,12,12.0896577835083,1789383184.5742924
time/actor_training,14,13,14.468315124511719,1789383914.3989935
time/actor_training,15,14,14.15002155303955,1789384976.4894662
time/actor_training,16,15,13.24626350402832,1789385701.108581
time/actor_training,17,16,14.036776542663574,1789386444.619499
time/actor_training,18,17,13.928306579589844,1789387170.029292
time/actor_training,19,18,12.145468711853027,1789387881.056726
time/actor_training,20,19,13.912930488586426,1789388889.850057
time/actor_training,21,20,13.87502384185791,1789389626.219937
time/actor_training,22,21,14.119261741638184,1789390354.3173363
time/actor_training,23,22,14.020516395568848,1789391092.9017916
time/actor_training,24,23,14.153111457824707,1789391809.7979822
time/actor_training,25,24,14.168062210083008,1789392886.4368806
time/actor_training,26,25,12.060880661010742,1789393589.5590403
time/actor_training,27,26,14.08085823059082,1789394279.609136
time/actor_training,28,27,12.09046745300293,1789394978.8503253
time/actor_training,29,28,14.01467227935791,1789395703.672557
time/actor_training,30,29,14.24341869354248,1789396842.439116
time/actor_training,31,30,14.02541732788086,1789397570.8941886
time/actor_training,32,31,14.127161979675293,1789398341.2527936
time/actor_training,33,32,14.022961616516113,1789399079.8528304
time/actor_training,34,33,14.118209838867188,1789399834.6709204
time/actor_training,35,34,12.094596862792969,1789400851.7489803
time/actor_training,36,35,12.030001640319824,1789401614.5865026
time/actor_training,37,36,11.98050308227539,1789402351.1501098
time/actor_training,38,37,14.1733980178833,1789403063.2225013
time/actor_training,39,38,14.236137390136719,1789403774.4891317
time/actor_training,40,39,12.553237915039062,1789404857.1947844
time/actor_training,41,40,13.701155662536621,1789405571.5752008
time/actor_training,42,41,14.324644088745117,1789406308.0133905
time/actor_training,43,42,14.0855073928833,1789407041.240134
time/actor_training,44,43,13.994237899780273,1789407773.2009454
time/actor_training,45,44,14.00710391998291,1789408837.4690454
time/actor_training,46,45,14.06712532043457,1789409565.3241715
time/actor_training,47,46,14.095376968383789,1789410334.420966
time/actor_training,48,47,13.992040634155273,1789411097.002513
time/actor_training,49,48,13.098267555236816,1789411845.1458638
time/actor_training,50,49,14.032647132873535,1789412993.1387186
time/actor_training,51,50,14.602805137634277,1789413772.6553953
time/actor_training,52,51,14.81059455871582,1789414499.9970016
time/actor_training,53,52,12.471636772155762,1789415253.8239064
time/actor_training,54,53,13.665674209594727,1789416011.3158882
time/actor_training,55,54,13.985260009765625,1789417118.2308228
time/actor_training,56,55,14.573686599731445,1789417889.3938615
time/actor_training,57,56,14.332286834716797,1789418637.2325478
time/actor_training,58,57,12.55610466003418,1789419378.5945623
time/actor_training,59,58,15.167423248291016,1789420126.9403024
time/actor_training,60,59,14.723038673400879,1789421289.0066519
time/actor_training,61,60,13.986109733581543,1789422046.0506017
time/actor_training,62,61,14.136040687561035,1789422804.4790592
time/actor_training,63,62,13.83493423461914,1789423553.3582096
time/actor_training,64,63,15.208086013793945,1789424312.1307073
time/actor_training,65,64,15.3419771194458,1789425401.0985694
time/actor_training,66,65,13.960920333862305,1789426184.9419024
time/actor_training,67,66,12.084977149963379,1789426967.489327
time/actor_training,68,67,14.384180068969727,1789427688.0615375
time/actor_training,69,68,14.108379364013672,1789428454.1275547
time/actor_training,70,69,14.733918190002441,1789429603.603429
time/actor_training,71,70,13.728776931762695,1789430400.4160254
time/actor_training,72,71,14.01638126373291,1789431158.5473356
time/actor_training,73,72,12.646504402160645,1789431897.627612
time/actor_training,74,73,13.992530822753906,1789432633.0560315
time/actor_training,75,74,13.951318740844727,1789433665.2382607
time/actor_training,76,75,14.064997673034668,1789434424.1299856
time/actor_training,77,76,13.994721412658691,1789435208.5181274
time/actor_training,78,77,14.226486206054688,1789435950.109972
time/actor_training,79,78,14.020514488220215,1789436693.1706064
time/actor_training,80,79,12.128068923950195,1789437768.2109349
time/actor_training,81,80,12.237075805664062,1789438430.5382645
time/actor_training,82,81,13.331575393676758,1789439192.2061443
time/actor_training,83,82,14.13204288482666,1789439982.7775283
time/actor_training,84,83,12.37778377532959,1789440739.2028637
time/actor_training,85,84,15.24555778503418,1789441802.812824
time/actor_training,86,85,13.462661743164062,1789442586.802839
time/actor_training,87,86,13.585382461547852,1789443355.067738
time/actor_training,88,87,12.855386734008789,1789444140.8735297
time/actor_training,89,88,14.2586088180542,1789444912.2535443
time/actor_training,90,89,14.173808097839355,1789446007.5138476
time/actor_training,91,90,13.288524627685547,1789446758.4655561
time/actor_training,92,91,13.357827186584473,1789447520.4028196
time/actor_training,93,92,14.199190139770508,1789448266.7843049
time/actor_training,94,93,13.930671691894531,1789449010.9830148
time/actor_training,95,94,13.528095245361328,1789450093.1237671
time/actor_training,96,95,13.990005493164062,1789450867.864889
time/step,1,0,722.883544921875,1789374009.816178
time/step,2,1,666.4693603515625,1789374676.3182168
time/step,3,2,675.7992553710938,1789375352.1550775
time/step,4,3,712.5851440429688,1789376064.7767725
time/step,5,4,1003.5360107421875,1789377068.3597088
time/step,6,5,660.0487060546875,1789377728.438355
time/step,7,6,749.5015258789062,1789378477.9720163
time/step,8,7,699.26513671875,1789379177.2755084
time/step,9,8,766.2091674804688,1789379943.5188117
time/step,10,9,1068.93603515625,1789381012.4826138
time/step,11,10,721.25439453125,1789381733.781583
time/step,12,11,751.66845703125,1789382485.4802392
time/step,13,12,699.0714721679688,1789383184.5743067
time/step,14,13,729.7916259765625,1789383914.3990064
time/step,15,14,1062.0460205078125,1789384976.4894917
time/step,16,15,724.5869750976562,1789385701.10859
time/step,17,16,743.4783325195312,1789386444.619505
time/step,18,17,725.3773803710938,1789387170.0293024
time/step,19,18,710.9945678710938,1789387881.0567334
time/step,20,19,1008.76171875,1789388889.8500688
time/step,21,20,736.3265991210938,1789389626.2199452
time/step,22,21,728.0707397460938,1789390354.3173425
time/step,23,22,738.5486450195312,1789391092.9018085
time/step,24,23,716.8632202148438,1789391809.7979925
time/step,25,24,1076.5911865234375,1789392886.436903
time/step,26,25,703.08984375,1789393589.5590482
time/step,27,26,690.0204467773438,1789394279.609149
time/step,28,27,699.2149658203125,1789394978.8503366
time/step,29,28,724.7952270507812,1789395703.6725636
time/step,30,29,1138.731689453125,1789396842.4391336
time/step,31,30,728.4027099609375,1789397570.8941953
time/step,32,31,770.3258056640625,1789398341.2528043
time/step,33,32,738.5650634765625,1789399079.852837
time/step,34,33,754.7862548828125,1789399834.6709304
time/step,35,34,1017.0439453125,1789400851.7490196
time/step,36,35,762.8088989257812,1789401614.5865088
time/step,37,36,736.542236328125,1789402351.1501162
time/step,38,37,712.042724609375,1789403063.222508
time/step,39,38,711.2377319335938,1789403774.4891388
time/step,40,39,1082.6778564453125,1789404857.194797
time/step,41,40,714.3547973632812,1789405571.575208
time/step,42,41,736.4094848632812,1789406308.0134022
time/step,43,42,733.1900634765625,1789407041.2401445
time/step,44,43,731.9216918945312,1789407773.2009573
time/step,45,44,1064.2222900390625,1789408837.469067
time/step,46,45,727.8231811523438,1789409565.3241782
time/step,47,46,769.0637817382812,1789410334.4209728
time/step,48,47,762.5477294921875,1789411097.0025222
time/step,49,48,748.1142578125,1789411845.1458726
time/step,50,49,1147.9635009765625,1789412993.1387415
time/step,51,50,779.4842529296875,1789413772.6554017
time/step,52,51,727.3093872070312,1789414499.9970095
time/step,53,52,753.7986450195312,1789415253.8239121
time/step,54,53,757.458984375,1789416011.3158987
time/step,55,54,1106.869873046875,1789417118.2308755
time/step,56,55,771.1260986328125,1789417889.3938816
time/step,57,56,747.8045043945312,1789418637.232555
time/step,58,57,741.3340454101562,1789419378.5945678
time/step,59,58,748.318115234375,1789420126.940309
time/step,60,59,1162.03369140625,1789421289.0066686
time/step,61,60,757.0115356445312,1789422046.0506117
time/step,62,61,758.3938598632812,1789422804.4790695
time/step,63,62,748.8447875976562,1789423553.3582206
time/step,64,63,758.7435302734375,1789424312.1307142
time/step,65,64,1088.9248046875,1789425401.098625
time/step,66,65,783.8070068359375,1789426184.9419096
time/step,67,66,782.5205688476562,1789426967.4893346
time/step,68,67,720.5441284179688,1789427688.061566
time/step,69,68,766.0328979492188,1789428454.1275609
time/step,70,69,1149.44189453125,1789429603.6034462
time/step,71,70,796.7273559570312,1789430400.416032
time/step,72,71,758.0980224609375,1789431158.5473475
time/step,73,72,739.05029296875,1789431897.627619
time/step,74,73,735.4014892578125,1789432633.0560389
time/step,75,74,1032.14599609375,1789433665.2382898
time/step,76,75,758.8567504882812,1789434424.1299925
time/step,77,76,784.3551025390625,1789435208.5181375
time/step,78,77,741.5582885742188,1789435950.1099818
time/step,79,78,743.026611328125,1789436693.170614
time/step,80,79,1075.0162353515625,1789437768.2109556
time/step,81,80,662.3065185546875,1789438430.538271
time/step,82,81,761.6360473632812,1789439192.20615
time/step,83,82,790.5333862304688,1789439982.7775385
time/step,84,83,756.3971557617188,1789440739.2028701
time/step,85,84,1063.573974609375,1789441802.812847
time/step,86,85,783.952392578125,1789442586.8028495
time/step,87,86,768.2379150390625,1789443355.0677693
time/step,88,87,785.7734375,1789444140.8735387
time/step,89,88,771.3443603515625,1789444912.253554
time/step,90,89,1095.232666015625,1789446007.513865
time/step,91,90,750.9295654296875,1789446758.4655626
time/step,92,91,761.9085693359375,1789447520.4028304
time/step,93,92,746.3477172851562,1789448266.784312
time/step,94,93,744.16455078125,1789449010.9830241
time/step,95,94,1082.098876953125,1789450093.1238072
time/step,96,95,774.7061767578125,1789450867.8648996
time/env/env/bootstrap_step,1,0,499.28387451171875,1789374009.8162081
time/env/env/bootstrap_step,2,1,436.6866455078125,1789374676.3182275
time/env/env/bootstrap_step,3,2,453.8048400878906,1789375352.155095
time/env/env/bootstrap_step,4,3,480.50384521484375,1789376064.7767801
time/env/env/bootstrap_step,5,4,477.0406799316406,1789377068.3597314
time/env/env/bootstrap_step,6,5,430.351806640625,1789377728.4383657
time/env/env/bootstrap_step,7,6,514.0074462890625,1789378477.9720287
time/env/env/bootstrap_step,8,7,470.466552734375,1789379177.2755177
time/env/env/bootstrap_step,9,8,537.444580078125,1789379943.5188243
time/env/env/bootstrap_step,10,9,515.5435180664062,1789381012.4826217
time/env/env/bootstrap_step,11,10,492.3288879394531,1789381733.7815905
time/env/env/bootstrap_step,12,11,518.0235595703125,1789382485.4802494
time/env/env/bootstrap_step,13,12,492.9269714355469,1789383184.5743222
time/env/env/bootstrap_step,14,13,505.9737854003906,1789383914.3990197
time/env/env/bootstrap_step,15,14,513.8770141601562,1789384976.4895053
time/env/env/bootstrap_step,16,15,505.56024169921875,1789385701.1085978
time/env/env/bootstrap_step,17,16,513.3789672851562,1789386444.6195118
time/env/env/bootstrap_step,18,17,509.7061462402344,1789387170.0293126
time/env/env/bootstrap_step,19,18,498.5670166015625,1789387881.05674
time/env/env/bootstrap_step,20,19,459.54779052734375,1789388889.8500752
time/env/env/bootstrap_step,21,20,519.9769897460938,1789389626.2199538
time/env/env/bootstrap_step,22,21,488.3263854980469,1789390354.3173487
time/env/env/bootstrap_step,23,22,514.0274658203125,1789391092.9018216
time/env/env/bootstrap_step,24,23,489.51727294921875,1789391809.7980025
time/env/env/bootstrap_step,25,24,517.6121826171875,1789392886.436915
time/env/env/bootstrap_step,26,25,486.3142395019531,1789393589.559056
time/env/env/bootstrap_step,27,26,470.1109619140625,1789394279.6091611
time/env/env/bootstrap_step,28,27,484.27777099609375,1789394978.850347
time/env/env/bootstrap_step,29,28,502.56982421875,1789395703.6725702
time/env/env/bootstrap_step,30,29,540.7713623046875,1789396842.4391422
time/env/env/bootstrap_step,31,30,507.6154479980469,1789397570.8942018
time/env/env/bootstrap_step,32,31,543.8826293945312,1789398341.252815
time/env/env/bootstrap_step,33,32,515.419189453125,1789399079.8528433
time/env/env/bootstrap_step,34,33,533.6253051757812,1789399834.6709402
time/env/env/bootstrap_step,35,34,483.92584228515625,1789400851.749041
time/env/env/bootstrap_step,36,35,528.7117919921875,1789401614.5865147
time/env/env/bootstrap_step,37,36,510.2587890625,1789402351.1501222
time/env/env/bootstrap_step,38,37,490.9610900878906,1789403063.2225163
time/env/env/bootstrap_step,39,38,493.0861511230469,1789403774.4891458
time/env/env/bootstrap_step,40,39,503.3899230957031,1789404857.1948035
time/env/env/bootstrap_step,41,40,496.99688720703125,1789405571.5752153
time/env/env/bootstrap_step,42,41,498.3662109375,1789406308.0134144
time/env/env/bootstrap_step,43,42,503.5648193359375,1789407041.240155
time/env/env/bootstrap_step,44,43,505.7935485839844,1789407773.2009683
time/env/env/bootstrap_step,45,44,491.37432861328125,1789408837.4690795
time/env/env/bootstrap_step,46,45,503.3291015625,1789409565.3241851
time/env/env/bootstrap_step,47,46,535.8857421875,1789410334.4209807
time/env/env/bootstrap_step,48,47,521.163330078125,1789411097.002531
time/env/env/bootstrap_step,49,48,510.438232421875,1789411845.1458814
time/env/env/bootstrap_step,50,49,529.5137939453125,1789412993.1387515
time/env/env/bootstrap_step,51,50,546.6033935546875,1789413772.6554084
time/env/env/bootstrap_step,52,51,494.0682373046875,1789414499.997017
time/env/env/bootstrap_step,53,52,524.4031982421875,1789415253.8239186
time/env/env/bootstrap_step,54,53,519.6766357421875,1789416011.3159094
time/env/env/bootstrap_step,55,54,515.84228515625,1789417118.2309003
time/env/env/bootstrap_step,56,55,534.0062255859375,1789417889.3939
time/env/env/bootstrap_step,57,56,507.0788269042969,1789418637.232563
time/env/env/bootstrap_step,58,57,514.2559204101562,1789419378.5945723
time/env/env/bootstrap_step,59,58,515.9713134765625,1789420126.9403162
time/env/env/bootstrap_step,60,59,536.6954956054688,1789421289.0066767
time/env/env/bootstrap_step,61,60,530.526611328125,1789422046.0506217
time/env/env/bootstrap_step,62,61,528.94189453125,1789422804.47908
time/env/env/bootstrap_step,63,62,517.5189208984375,1789423553.358231
time/env/env/bootstrap_step,64,63,536.3261108398438,1789424312.1307209
time/env/env/bootstrap_step,65,64,503.42449951171875,1789425401.0986524
time/env/env/bootstrap_step,66,65,548.0321044921875,1789426184.941916
time/env/env/bootstrap_step,67,66,551.432373046875,1789426967.4893408
time/env/env/bootstrap_step,68,67,492.9323425292969,1789427688.061593
time/env/env/bootstrap_step,69,68,535.3720092773438,1789428454.1275678
time/env/env/bootstrap_step,70,69,536.382080078125,1789429603.603454
time/env/env/bootstrap_step,71,70,562.4561157226562,1789430400.4160388
time/env/env/bootstrap_step,72,71,515.6088256835938,1789431158.5473597
time/env/env/bootstrap_step,73,72,510.7696228027344,1789431897.6276257
time/env/env/bootstrap_step,74,73,495.8204650878906,1789432633.056046
time/env/env/bootstrap_step,75,74,510.0089111328125,1789433665.2383046
time/env/env/bootstrap_step,76,75,535.5885009765625,1789434424.129999
time/env/env/bootstrap_step,77,76,542.5302734375,1789435208.5181465
time/env/env/bootstrap_step,78,77,510.0259094238281,1789435950.1099913
time/env/env/bootstrap_step,79,78,510.17919921875,1789436693.1706202
time/env/env/bootstrap_step,80,79,527.5752563476562,1789437768.2109659
time/env/env/bootstrap_step,81,80,457.80828857421875,1789438430.5382779
time/env/env/bootstrap_step,82,81,525.6903076171875,1789439192.2061567
time/env/env/bootstrap_step,83,82,559.2343139648438,1789439982.7775493
time/env/env/bootstrap_step,84,83,536.4285278320312,1789440739.2028766
time/env/env/bootstrap_step,85,84,500.8043518066406,1789441802.812858
time/env/env/bootstrap_step,86,85,559.4771118164062,1789442586.802859
time/env/env/bootstrap_step,87,86,532.982421875,1789443355.0677996
time/env/env/bootstrap_step,88,87,555.9949340820312,1789444140.873549
time/env/env/bootstrap_step,89,88,539.0186157226562,1789444912.2535644
time/env/env/bootstrap_step,90,89,494.393310546875,1789446007.5138738
time/env/env/bootstrap_step,91,90,527.9173583984375,1789446758.465569
time/env/env/bootstrap_step,92,91,541.560302734375,1789447520.4028406
time/env/env/bootstrap_step,93,92,518.22705078125,1789448266.7843187
time/env/env/bootstrap_step,94,93,510.5673522949219,1789449010.9830308
time/env/env/bootstrap_step,95,94,514.8524780273438,1789450093.1238275
time/env/env/bootstrap_step,96,95,540.4359741210938,1789450867.86491
time/env/compute_bootstrap_rewards,1,0,0.0008703665807843208,1789374009.8162475
time/env/compute_bootstrap_rewards,2,1,0.0007950300350785255,1789374676.3182354
time/env/compute_bootstrap_rewards,3,2,0.0010066539980471134,1789375352.1551101
time/env/compute_bootstrap_rewards,4,3,0.0010514161549508572,1789376064.7767863
time/env/compute_bootstrap_rewards,5,4,0.0008680899627506733,1789377068.3597515
time/env/compute_bootstrap_rewards,6,5,0.0010013547725975513,1789377728.4383738
time/env/compute_bootstrap_rewards,7,6,0.001063487958163023,1789378477.9720385
time/env/compute_bootstrap_rewards,8,7,0.0009336592629551888,1789379177.2755249
time/env/compute_bootstrap_rewards,9,8,0.0010594669729471207,1789379943.5188336
time/env/compute_bootstrap_rewards,10,9,0.0009088958613574505,1789381012.482629
time/env/compute_bootstrap_rewards,11,10,0.0009244405664503574,1789381733.7815974
time/env/compute_bootstrap_rewards,12,11,0.0009527290239930153,1789382485.4802585
time/env/compute_bootstrap_rewards,13,12,0.0009034466929733753,1789383184.574336
time/env/compute_bootstrap_rewards,14,13,0.0009331274777650833,1789383914.3990307
time/env/compute_bootstrap_rewards,15,14,0.0009084423072636127,1789384976.4895163
time/env/compute_bootstrap_rewards,16,15,0.0008930680342018604,1789385701.1086056
time/env/compute_bootstrap_rewards,17,16,0.0009122099727392197,1789386444.6195178
time/env/compute_bootstrap_rewards,18,17,0.0009810496121644974,1789387170.0293205
time/env/compute_bootstrap_rewards,19,18,0.0007622139528393745,1789387881.0567467
time/env/compute_bootstrap_rewards,20,19,0.0008063754066824913,1789388889.8500814
time/env/compute_bootstrap_rewards,21,20,0.000991311389952898,1789389626.219962
time/env/compute_bootstrap_rewards,22,21,0.0009697764180600643,1789390354.3173547
time/env/compute_bootstrap_rewards,23,22,0.0008583520539104939,1789391092.9018285
time/env/compute_bootstrap_rewards,24,23,0.0009534885175526142,1789391809.7980099
time/env/compute_bootstrap_rewards,25,24,0.0008806707337498665,1789392886.4369254
time/env/compute_bootstrap_rewards,26,25,0.0007844967767596245,1789393589.5590634
time/env/compute_bootstrap_rewards,27,26,0.0008946331217885017,1789394279.609171
time/env/compute_bootstrap_rewards,28,27,0.0008586873300373554,1789394978.8503566
time/env/compute_bootstrap_rewards,29,28,0.0009755901992321014,1789395703.6725776
time/env/compute_bootstrap_rewards,30,29,0.0009540780447423458,1789396842.4391503
time/env/compute_bootstrap_rewards,31,30,0.0007540308870375156,1789397570.8942077
time/env/compute_bootstrap_rewards,32,31,0.0008873068727552891,1789398341.2528222
time/env/compute_bootstrap_rewards,33,32,0.0008504581637680531,1789399079.8528497
time/env/compute_bootstrap_rewards,34,33,0.0008474751375615597,1789399834.6709476
time/env/compute_bootstrap_rewards,35,34,0.0007568350993096828,1789400851.749062
time/env/compute_bootstrap_rewards,36,35,0.0008019367232918739,1789401614.5865204
time/env/compute_bootstrap_rewards,37,36,0.0008228961378335953,1789402351.1501284
time/env/compute_bootstrap_rewards,38,37,0.0007731262594461441,1789403063.2225256
time/env/compute_bootstrap_rewards,39,38,0.000830979086458683,1789403774.4891517
time/env/compute_bootstrap_rewards,40,39,0.0008547864854335785,1789404857.1948097
time/env/compute_bootstrap_rewards,41,40,0.0010132025927305222,1789405571.5752227
time/env/compute_bootstrap_rewards,42,41,0.0009688669815659523,1789406308.0134234
time/env/compute_bootstrap_rewards,43,42,0.0009694169275462627,1789407041.2401633
time/env/compute_bootstrap_rewards,44,43,0.000978047028183937,1789407773.200976
time/env/compute_bootstrap_rewards,45,44,0.0009542484767735004,1789408837.4690914
time/env/compute_bootstrap_rewards,46,45,0.0009958399459719658,1789409565.324191
time/env/compute_bootstrap_rewards,47,46,0.0010709473863244057,1789410334.4209871
time/env/compute_bootstrap_rewards,48,47,0.0008569951169192791,1789411097.0025384
time/env/compute_bootstrap_rewards,49,48,0.001018658746033907,1789411845.1458879
time/env/compute_bootstrap_rewards,50,49,0.0009321193210780621,1789412993.1387615
time/env/compute_bootstrap_rewards,51,50,0.0009453552775084972,1789413772.6554143
time/env/compute_bootstrap_rewards,52,51,0.0008580074645578861,1789414499.9970236
time/env/compute_bootstrap_rewards,53,52,0.000966810155659914,1789415253.823925
time/env/compute_bootstrap_rewards,54,53,0.0009856149554252625,1789416011.3159168
time/env/compute_bootstrap_rewards,55,54,0.0008891858160495758,1789417118.230921
time/env/compute_bootstrap_rewards,56,55,0.0008554235100746155,1789417889.3939145
time/env/compute_bootstrap_rewards,57,56,0.0010142154060304165,1789418637.2325697
time/env/compute_bootstrap_rewards,58,57,0.0009421808645129204,1789419378.5945768
time/env/compute_bootstrap_rewards,59,58,0.0008592577651143074,1789420126.9403226
time/env/compute_bootstrap_rewards,60,59,0.000806750264018774,1789421289.0066843
time/env/compute_bootstrap_rewards,61,60,0.00333663122728467,1789422046.050629
time/env/compute_bootstrap_rewards,62,61,0.0009312001056969166,1789422804.4790876
time/env/compute_bootstrap_rewards,63,62,0.0008974839001893997,1789423553.3582392
time/env/compute_bootstrap_rewards,64,63,0.0008570719510316849,1789424312.130727
time/env/compute_bootstrap_rewards,65,64,0.0009126290678977966,1789425401.0986757
time/env/compute_bootstrap_rewards,66,65,0.0009076730348169804,1789426184.9419217
time/env/compute_bootstrap_rewards,67,66,0.0008573597297072411,1789426967.4893467
time/env/compute_bootstrap_rewards,68,67,0.0008454015478491783,1789427688.0616136
time/env/compute_bootstrap_rewards,69,68,0.0008982974104583263,1789428454.1275752
time/env/compute_bootstrap_rewards,70,69,0.0007630833424627781,1789429603.6034625
time/env/compute_bootstrap_rewards,71,70,0.0008534672670066357,1789430400.416045
time/env/compute_bootstrap_rewards,72,71,0.0010033291764557362,1789431158.5473692
time/env/compute_bootstrap_rewards,73,72,0.000824970193207264,1789431897.6276321
time/env/compute_bootstrap_rewards,74,73,0.0009380229748785496,1789432633.0560524
time/env/compute_bootstrap_rewards,75,74,0.0009215748868882656,1789433665.2383173
time/env/compute_bootstrap_rewards,76,75,0.0008093086071312428,1789434424.130005
time/env/compute_bootstrap_rewards,77,76,0.0009231059812009335,1789435208.5181556
time/env/compute_bootstrap_rewards,78,77,0.0007941513322293758,1789435950.1099987
time/env/compute_bootstrap_rewards,79,78,0.000849768053740263,1789436693.1706262
time/env/compute_bootstrap_rewards,80,79,0.0007940884679555893,1789437768.2109764
time/env/compute_bootstrap_rewards,81,80,0.000710880383849144,1789438430.5382843
time/env/compute_bootstrap_rewards,82,81,0.000856911763548851,1789439192.2061627
time/env/compute_bootstrap_rewards,83,82,0.0008704895153641701,1789439982.7775571
time/env/compute_bootstrap_rewards,84,83,0.0007927482947707176,1789440739.202883
time/env/compute_bootstrap_rewards,85,84,0.0009051170200109482,1789441802.8128693
time/env/compute_bootstrap_rewards,86,85,0.0008800080977380276,1789442586.8028665
time/env/compute_bootstrap_rewards,87,86,0.0008826530538499355,1789443355.0678213
time/env/compute_bootstrap_rewards,88,87,0.0008634589612483978,1789444140.8735578
time/env/compute_bootstrap_rewards,89,88,0.0009232745505869389,1789444912.2535717
time/env/compute_bootstrap_rewards,90,89,0.000849840696901083,1789446007.5138826
time/env/compute_bootstrap_rewards,91,90,0.0011101248674094677,1789446758.4655752
time/env/compute_bootstrap_rewards,92,91,0.000914447009563446,1789447520.402849
time/env/compute_bootstrap_rewards,93,92,0.0008327988907694817,1789448266.7843254
time/env/compute_bootstrap_rewards,94,93,0.0008860551752150059,1789449010.9830372
time/env/compute_bootstrap_rewards,95,94,0.0009236778132617474,1789450093.123845
time/env/compute_bootstrap_rewards,96,95,0.0009376290254294872,1789450867.8649175
time/env/env_interact_step,1,0,188.09703063964844,1789374009.8162768
time/env/env_interact_step,2,1,193.57810974121094,1789374676.3182418
time/env/env_interact_step,3,2,192.67019653320312,1789375352.1551235
time/env/env_interact_step,4,3,196.49949645996094,1789376064.7767923
time/env/env_interact_step,5,4,184.6855010986328,1789377068.359773
time/env/env_interact_step,6,5,205.12596130371094,1789377728.438381
time/env/env_interact_step,7,6,200.14280700683594,1789378477.972047
time/env/env_interact_step,8,7,200.32423400878906,1789379177.2755315
time/env/env_interact_step,9,8,195.37277221679688,1789379943.5188422
time/env/env_interact_step,10,9,198.69725036621094,1789381012.4826362
time/env/env_interact_step,11,10,200.6680450439453,1789381733.781604
time/env/env_interact_step,12,11,202.6609344482422,1789382485.480268
time/env/env_interact_step,13,12,182.90354919433594,1789383184.5743487
time/env/env_interact_step,14,13,196.8470916748047,1789383914.39904
time/env/env_interact_step,15,14,193.2165985107422,1789384976.489526
time/env/env_interact_step,16,15,192.3117218017578,1789385701.1086135
time/env/env_interact_step,17,16,196.34213256835938,1789386444.6195235
time/env/env_interact_step,18,17,203.8301239013672,1789387170.0293276
time/env/env_interact_step,19,18,182.19776916503906,1789387881.0567527
time/env/env_interact_step,20,19,184.01992797851562,1789388889.8500876
time/env/env_interact_step,21,20,186.83929443359375,1789389626.2199702
time/env/env_interact_step,22,21,205.73342895507812,1789390354.3173614
time/env/env_interact_step,23,22,190.37744140625,1789391092.901835
time/env/env_interact_step,24,23,196.25486755371094,1789391809.7980168
time/env/env_interact_step,25,24,190.49710083007812,1789392886.4369354
time/env/env_interact_step,26,25,192.1578826904297,1789393589.5590708
time/env/env_interact_step,27,26,186.1874237060547,1789394279.6091795
time/env/env_interact_step,28,27,185.02157592773438,1789394978.8503642
time/env/env_interact_step,29,28,195.93539428710938,1789395703.6725836
time/env/env_interact_step,30,29,201.42282104492188,1789396842.4391575
time/env/env_interact_step,31,30,198.4231719970703,1789397570.894214
time/env/env_interact_step,32,31,191.23875427246094,1789398341.2528298
time/env/env_interact_step,33,32,188.36892700195312,1789399079.8528554
time/env/env_interact_step,34,33,191.51885986328125,1789399834.6709545
time/env/env_interact_step,35,34,191.9199676513672,1789400851.749082
time/env/env_interact_step,36,35,207.40899658203125,1789401614.5865264
time/env/env_interact_step,37,36,197.07379150390625,1789402351.150134
time/env/env_interact_step,38,37,187.4571075439453,1789403063.2225318
time/env/env_interact_step,39,38,185.12149047851562,1789403774.4891577
time/env/env_interact_step,40,39,195.57424926757812,1789404857.1948152
time/env/env_interact_step,41,40,186.89076232910156,1789405571.5752294
time/env/env_interact_step,42,41,203.2027130126953,1789406308.0134313
time/env/env_interact_step,43,42,200.05502319335938,1789407041.2401705
time/env/env_interact_step,44,43,197.45460510253906,1789407773.2009835
time/env/env_interact_step,45,44,195.4480743408203,1789408837.4691026
time/env/env_interact_step,46,45,196.5706329345703,1789409565.324197
time/env/env_interact_step,47,46,204.08851623535156,1789410334.420993
time/env/env_interact_step,48,47,206.81808471679688,1789411097.002545
time/env/env_interact_step,49,48,205.62535095214844,1789411845.1458938
time/env/env_interact_step,50,49,205.9154510498047,1789412993.138771
time/env/env_interact_step,51,50,201.3244171142578,1789413772.6554203
time/env/env_interact_step,52,51,197.50868225097656,1789414499.9970295
time/env/env_interact_step,53,52,198.1773223876953,1789415253.823931
time/env/env_interact_step,54,53,203.8623046875,1789416011.3159235
time/env/env_interact_step,55,54,202.93600463867188,1789417118.2309408
time/env/env_interact_step,56,55,205.9083251953125,1789417889.3939276
time/env/env_interact_step,57,56,205.52890014648438,1789418637.2325764
time/env/env_interact_step,58,57,195.54542541503906,1789419378.594581
time/env/env_interact_step,59,58,203.53738403320312,1789420126.9403293
time/env/env_interact_step,60,59,198.04794311523438,1789421289.006692
time/env/env_interact_step,61,60,195.73190307617188,1789422046.0506368
time/env/env_interact_step,62,61,204.55160522460938,1789422804.4790947
time/env/env_interact_step,63,62,196.84283447265625,1789423553.3582463
time/env/env_interact_step,64,63,186.35569763183594,1789424312.130733
time/env/env_interact_step,65,64,196.52630615234375,1789425401.0986972
time/env/env_interact_step,66,65,207.14108276367188,1789426184.9419281
time/env/env_interact_step,67,66,205.46292114257812,1789426967.489353
time/env/env_interact_step,68,67,199.47854614257812,1789427688.0616357
time/env/env_interact_step,69,68,208.15203857421875,1789428454.127581
time/env/env_interact_step,70,69,188.07870483398438,1789429603.6034703
time/env/env_interact_step,71,70,203.0738525390625,1789430400.4160516
time/env/env_interact_step,72,71,207.10902404785156,1789431158.5473785
time/env/env_interact_step,73,72,195.77383422851562,1789431897.627638
time/env/env_interact_step,74,73,205.8643035888672,1789432633.0560591
time/env/env_interact_step,75,74,194.12652587890625,1789433665.2383292
time/env/env_interact_step,76,75,192.3509979248047,1789434424.1300106
time/env/env_interact_step,77,76,206.98324584960938,1789435208.518164
time/env/env_interact_step,78,77,197.27029418945312,1789435950.110005
time/env/env_interact_step,79,78,199.22926330566406,1789436693.170632
time/env/env_interact_step,80,79,201.77053833007812,1789437768.210986
time/env/env_interact_step,81,80,179.36846923828125,1789438430.5382907
time/env/env_interact_step,82,81,202.76406860351562,1789439192.206169
time/env/env_interact_step,83,82,212.90252685546875,1789439982.7775638
time/env/env_interact_step,84,83,193.3232879638672,1789440739.2028892
time/env/env_interact_step,85,84,195.5902557373047,1789441802.81288
time/env/env_interact_step,86,85,201.85958862304688,1789442586.8028734
time/env/env_interact_step,87,86,200.9027099609375,1789443355.0678437
time/env/env_interact_step,88,87,199.1439666748047,1789444140.8735662
time/env/env_interact_step,89,88,197.89199829101562,1789444912.2535782
time/env/env_interact_step,90,89,189.1947784423828,1789446007.5138912
time/env/env_interact_step,91,90,201.10415649414062,1789446758.465581
time/env/env_interact_step,92,91,200.1693878173828,1789447520.4028563
time/env/env_interact_step,93,92,193.5057373046875,1789448266.784331
time/env/env_interact_step,94,93,198.80792236328125,1789449010.9830437
time/env/env_interact_step,95,94,200.00721740722656,1789450093.1238616
time/env/env_interact_step,96,95,203.22996520996094,1789450867.8649251
time/env/env/send_rollout_trajectories,1,0,0.5122120380401611,1789374009.8162997
time/env/env/send_rollout_trajectories,2,1,0.7052966356277466,1789374676.318248
time/env/env/send_rollout_trajectories,3,2,0.7482842206954956,1789375352.1551404
time/env/env/send_rollout_trajectories,4,3,0.7419288754463196,1789376064.7767982
time/env/env/send_rollout_trajectories,5,4,0.9401719570159912,1789377068.359793
time/env/env/send_rollout_trajectories,6,5,1.0083328485488892,1789377728.438388
time/env/env/send_rollout_trajectories,7,6,0.7388080954551697,1789378477.9720552
time/env/env/send_rollout_trajectories,8,7,0.7270684838294983,1789379177.2755384
time/env/env/send_rollout_trajectories,9,8,0.7412465810775757,1789379943.5188508
time/env/env/send_rollout_trajectories,10,9,0.7495655417442322,1789381012.4826453
time/env/env/send_rollout_trajectories,11,10,0.8648118376731873,1789381733.7816114
time/env/env/send_rollout_trajectories,12,11,0.49093878269195557,1789382485.480277
time/env/env/send_rollout_trajectories,13,12,0.48905855417251587,1789383184.574362
time/env/env/send_rollout_trajectories,14,13,0.7642677426338196,1789383914.3990498
time/env/env/send_rollout_trajectories,15,14,0.7917599678039551,1789384976.4895358
time/env/env/send_rollout_trajectories,16,15,0.5329875349998474,1789385701.1086206
time/env/env/send_rollout_trajectories,17,16,0.7568398118019104,1789386444.6195297
time/env/env/send_rollout_trajectories,18,17,0.9841232299804688,1789387170.0293343
time/env/env/send_rollout_trajectories,19,18,0.6603425145149231,1789387881.056759
time/env/env/send_rollout_trajectories,20,19,0.7748537063598633,1789388889.8500936
time/env/env/send_rollout_trajectories,21,20,0.8156339526176453,1789389626.2199776
time/env/env/send_rollout_trajectories,22,21,0.7774898409843445,1789390354.3173676
time/env/env/send_rollout_trajectories,23,22,0.808483898639679,1789391092.9018414
time/env/env/send_rollout_trajectories,24,23,0.7917650938034058,1789391809.7980232
time/env/env/send_rollout_trajectories,25,24,0.9809039831161499,1789392886.4369457
time/env/env/send_rollout_trajectories,26,25,0.623336136341095,1789393589.5590782
time/env/env/send_rollout_trajectories,27,26,0.9183295369148254,1789394279.6091878
time/env/env/send_rollout_trajectories,28,27,0.521629273891449,1789394978.8503718
time/env/env/send_rollout_trajectories,29,28,0.8562853932380676,1789395703.6725898
time/env/env/send_rollout_trajectories,30,29,0.9308261871337891,1789396842.4391656
time/env/env/send_rollout_trajectories,31,30,0.951531708240509,1789397570.8942192
time/env/env/send_rollout_trajectories,32,31,1.1988483667373657,1789398341.252837
time/env/env/send_rollout_trajectories,33,32,1.1333154439926147,1789399079.8528616
time/env/env/send_rollout_trajectories,34,33,1.0910922288894653,1789399834.6709611
time/env/env/send_rollout_trajectories,35,34,0.6682969927787781,1789400851.7491012
time/env/env/send_rollout_trajectories,36,35,0.933973491191864,1789401614.586532
time/env/env/send_rollout_trajectories,37,36,0.8392359614372253,1789402351.1501405
time/env/env/send_rollout_trajectories,38,37,1.0923672914505005,1789403063.2225378
time/env/env/send_rollout_trajectories,39,38,1.1761153936386108,1789403774.4891632
time/env/env/send_rollout_trajectories,40,39,0.7164169549942017,1789404857.1948206
time/env/env/send_rollout_trajectories,41,40,0.9957056641578674,1789405571.5752363
time/env/env/send_rollout_trajectories,42,41,0.9411738514900208,1789406308.0134392
time/env/env/send_rollout_trajectories,43,42,0.8540635704994202,1789407041.2401774
time/env/env/send_rollout_trajectories,44,43,0.8286464214324951,1789407773.2009902
time/env/env/send_rollout_trajectories,45,44,0.8885025978088379,1789408837.469113
time/env/env/send_rollout_trajectories,46,45,0.8983359932899475,1789409565.3242033
time/env/env/send_rollout_trajectories,47,46,0.8907958269119263,1789410334.420999
time/env/env/send_rollout_trajectories,48,47,0.9640472531318665,1789411097.0025516
time/env/env/send_rollout_trajectories,49,48,0.9073663353919983,1789411845.1459
time/env/env/send_rollout_trajectories,50,49,0.9095299243927002,1789412993.1387804
time/env/env/send_rollout_trajectories,51,50,1.0215202569961548,1789413772.6554263
time/env/env/send_rollout_trajectories,52,51,0.9969209432601929,1789414499.9970367
time/env/env/send_rollout_trajectories,53,52,0.9176111221313477,1789415253.8239372
time/env/env/send_rollout_trajectories,54,53,1.0618107318878174,1789416011.3159308
time/env/env/send_rollout_trajectories,55,54,1.0546069145202637,1789417118.2309616
time/env/env/send_rollout_trajectories,56,55,0.9910802841186523,1789417889.3939424
time/env/env/send_rollout_trajectories,57,56,1.0296168327331543,1789418637.2325823
time/env/env/send_rollout_trajectories,58,57,1.032448649406433,1789419378.594585
time/env/env/send_rollout_trajectories,59,58,1.0384600162506104,1789420126.940335
time/env/env/send_rollout_trajectories,60,59,1.1552211046218872,1789421289.0067
time/env/env/send_rollout_trajectories,61,60,1.0613452196121216,1789422046.0506432
time/env/env/send_rollout_trajectories,62,61,1.1172970533370972,1789422804.4791014
time/env/env/send_rollout_trajectories,63,62,1.2527706623077393,1789423553.3582537
time/env/env/send_rollout_trajectories,64,63,1.1709589958190918,1789424312.130739
time/env/env/send_rollout_trajectories,65,64,1.1416908502578735,1789425401.0987186
time/env/env/send_rollout_trajectories,66,65,1.3137755393981934,1789426184.941934
time/env/env/send_rollout_trajectories,67,66,0.670274019241333,1789426967.4893594
time/env/env/send_rollout_trajectories,68,67,0.9767544865608215,1789427688.0616558
time/env/env/send_rollout_trajectories,69,68,0.909782350063324,1789428454.127587
time/env/env/send_rollout_trajectories,70,69,0.8977409601211548,1789429603.6034787
time/env/env/send_rollout_trajectories,71,70,1.0826764106750488,1789430400.4160583
time/env/env/send_rollout_trajectories,72,71,1.0127774477005005,1789431158.5473878
time/env/env/send_rollout_trajectories,73,72,1.09420645236969,1789431897.6276438
time/env/env/send_rollout_trajectories,74,73,0.9786359667778015,1789432633.0560653
time/env/env/send_rollout_trajectories,75,74,0.9993084073066711,1789433665.2383404
time/env/env/send_rollout_trajectories,76,75,1.0728062391281128,1789434424.1300168
time/env/env/send_rollout_trajectories,77,76,1.0018373727798462,1789435208.5181718
time/env/env/send_rollout_trajectories,78,77,1.1162258386611938,1789435950.1100113
time/env/env/send_rollout_trajectories,79,78,1.0515644550323486,1789436693.170638
time/env/env/send_rollout_trajectories,80,79,0.9520189166069031,1789437768.2109962
time/env/env/send_rollout_trajectories,81,80,0.8564743399620056,1789438430.5382965
time/env/env/send_rollout_trajectories,82,81,1.0501965284347534,1789439192.2061746
time/env/env/send_rollout_trajectories,83,82,1.0673531293869019,1789439982.7775707
time/env/env/send_rollout_trajectories,84,83,1.1123396158218384,1789440739.2028954
time/env/env/send_rollout_trajectories,85,84,1.121334195137024,1789441802.8128912
time/env/env/send_rollout_trajectories,86,85,1.1345760822296143,1789442586.80288
time/env/env/send_rollout_trajectories,87,86,1.1367114782333374,1789443355.0678644
time/env/env/send_rollout_trajectories,88,87,1.1374726295471191,1789444140.8735754
time/env/env/send_rollout_trajectories,89,88,1.246145486831665,1789444912.2535853
time/env/env/send_rollout_trajectories,90,89,1.0805546045303345,1789446007.5139003
time/env/env/send_rollout_trajectories,91,90,1.1056712865829468,1789446758.4655867
time/env/env/send_rollout_trajectories,92,91,1.0651464462280273,1789447520.4028647
time/env/env/send_rollout_trajectories,93,92,1.1885924339294434,1789448266.7843366
time/env/env/send_rollout_trajectories,94,93,1.073028802871704,1789449010.983052
time/env/env/send_rollout_trajectories,95,94,1.0538495779037476,1789450093.1238768
time/env/env/send_rollout_trajectories,96,95,1.1231069564819336,1789450867.864932
time/env/run_interact_once,1,0,698.7590942382812,1789374009.816325
time/env/run_interact_once,2,1,640.6309204101562,1789374676.318254
time/env/run_interact_once,3,2,649.8304443359375,1789375352.1551552
time/env/run_interact_once,4,3,686.877197265625,1789376064.7768047
time/env/run_interact_once,5,4,671.99267578125,1789377068.359813
time/env/run_interact_once,6,5,640.0950317382812,1789377728.438395
time/env/run_interact_once,7,6,724.7153930664062,1789378477.972063
time/env/run_interact_once,8,7,674.5081787109375,1789379177.2755444
time/env/run_interact_once,9,8,741.0603637695312,1789379943.5188591
time/env/run_interact_once,10,9,722.8836059570312,1789381012.4826527
time/env/run_interact_once,11,10,700.7407836914062,1789381733.7816184
time/env/run_interact_once,12,11,730.4915161132812,1789382485.480286
time/env/run_interact_once,13,12,679.4517211914062,1789383184.5743744
time/env/run_interact_once,14,13,705.54541015625,1789383914.3990598
time/env/run_interact_once,15,14,717.5642700195312,1789384976.4895458
time/env/run_interact_once,16,15,706.3560180664062,1789385701.108628
time/env/run_interact_once,17,16,720.078857421875,1789386444.6195357
time/env/run_interact_once,18,17,700.873291015625,1789387170.0293412
time/env/run_interact_once,19,18,690.4130249023438,1789387881.0567658
time/env/run_interact_once,20,19,653.3421020507812,1789388889.8500996
time/env/run_interact_once,21,20,716.4812622070312,1789389626.2199852
time/env/run_interact_once,22,21,704.6107788085938,1789390354.3173735
time/env/run_interact_once,23,22,714.73974609375,1789391092.9018471
time/env/run_interact_once,24,23,692.4780883789062,1789391809.79803
time/env/run_interact_once,25,24,713.1377563476562,1789392886.4369547
time/env/run_interact_once,26,25,685.8862915039062,1789393589.5590854
time/env/run_interact_once,27,26,666.7781372070312,1789394279.609197
time/env/run_interact_once,28,27,678.4240112304688,1789394978.8503802
time/env/run_interact_once,29,28,701.6271362304688,1789395703.6725957
time/env/run_interact_once,30,29,752.4844970703125,1789396842.4391735
time/env/run_interact_once,31,30,708.3953247070312,1789397570.8942251
time/env/run_interact_once,32,31,746.2808227539062,1789398341.2528434
time/env/run_interact_once,33,32,714.6109619140625,1789399079.8528678
time/env/run_interact_once,34,33,731.22998046875,1789399834.6709683
time/env/run_interact_once,35,34,684.39306640625,1789400851.7491212
time/env/run_interact_once,36,35,746.2745361328125,1789401614.5865374
time/env/run_interact_once,37,36,717.39599609375,1789402351.150146
time/env/run_interact_once,38,37,689.0353393554688,1789403063.2225435
time/env/run_interact_once,39,38,686.7968139648438,1789403774.4891694
time/env/run_interact_once,40,39,709.3975219726562,1789404857.1948266
time/env/run_interact_once,41,40,694.486328125,1789405571.5752432
time/env/run_interact_once,42,41,712.5931396484375,1789406308.0134475
time/env/run_interact_once,43,42,709.8439331054688,1789407041.2401848
time/env/run_interact_once,44,43,707.9483642578125,1789407773.2009976
time/env/run_interact_once,45,44,697.3519287109375,1789408837.4691238
time/env/run_interact_once,46,45,707.5655517578125,1789409565.3242092
time/env/run_interact_once,47,46,744.8543090820312,1789410334.421005
time/env/run_interact_once,48,47,738.643310546875,1789411097.0025578
time/env/run_interact_once,49,48,726.5369262695312,1789411845.1459062
time/env/run_interact_once,50,49,745.5562744140625,1789412993.138789
time/env/run_interact_once,51,50,758.8721313476562,1789413772.6554322
time/env/run_interact_once,52,51,702.7753295898438,1789414499.9970431
time/env/run_interact_once,53,52,732.9940795898438,1789415253.8239431
time/env/run_interact_once,54,53,734.3901977539062,1789416011.3159373
time/env/run_interact_once,55,54,729.2127075195312,1789417118.2309802
time/env/run_interact_once,56,55,750.5955810546875,1789417889.3939548
time/env/run_interact_once,57,56,723.4150390625,1789418637.2325883
time/env/run_interact_once,58,57,720.5125732421875,1789419378.594589
time/env/run_interact_once,59,58,724.2420043945312,1789420126.9403412
time/env/run_interact_once,60,59,745.5924682617188,1789421289.0067074
time/env/run_interact_once,61,60,737.0574340820312,1789422046.05065
time/env/run_interact_once,62,61,734.1796264648438,1789422804.479108
time/env/run_interact_once,63,62,725.5338134765625,1789423553.3582604
time/env/run_interact_once,64,63,733.6755981445312,1789424312.1307445
time/env/run_interact_once,65,64,710.8369140625,1789425401.0987399
time/env/run_interact_once,66,65,763.943603515625,1789426184.94194
time/env/run_interact_once,67,66,762.3324584960938,1789426967.4893653
time/env/run_interact_once,68,67,697.3233642578125,1789427688.061676
time/env/run_interact_once,69,68,742.2232055664062,1789428454.1275928
time/env/run_interact_once,70,69,735.0244750976562,1789429603.6034873
time/env/run_interact_once,71,70,777.1725463867188,1789430400.4160645
time/env/run_interact_once,72,71,733.51123046875,1789431158.5473962
time/env/run_interact_once,73,72,717.062744140625,1789431897.6276498
time/env/run_interact_once,74,73,712.2379760742188,1789432633.0560713
time/env/run_interact_once,75,74,714.787353515625,1789433665.2383513
time/env/run_interact_once,76,75,738.6738891601562,1789434424.1300228
time/env/run_interact_once,77,76,760.2046508789062,1789435208.5181797
time/env/run_interact_once,78,77,717.561279296875,1789435950.1100178
time/env/run_interact_once,79,78,718.8175048828125,1789436693.1706443
time/env/run_interact_once,80,79,739.2857666015625,1789437768.2110057
time/env/run_interact_once,81,80,646.0195922851562,1789438430.5383022
time/env/run_interact_once,82,81,739.177001953125,1789439192.2061806
time/env/run_interact_once,83,82,766.4093627929688,1789439982.7775779
time/env/run_interact_once,84,83,734.2296142578125,1789440739.2029014
time/env/run_interact_once,85,84,702.701171875,1789441802.8129008
time/env/run_interact_once,86,85,764.2525634765625,1789442586.8028862
time/env/run_interact_once,87,86,744.1001586914062,1789443355.0678868
time/env/run_interact_once,88,87,764.1231689453125,1789444140.8735838
time/env/run_interact_once,89,88,747.2024536132812,1789444912.253592
time/env/run_interact_once,90,89,692.7069091796875,1789446007.5139086
time/env/run_interact_once,91,90,731.4081420898438,1789446758.465593
time/env/run_interact_once,92,91,740.15966796875,1789447520.4028718
time/env/run_interact_once,93,92,722.5460205078125,1789448266.7843428
time/env/run_interact_once,94,93,720.25,1789449010.9830587
time/env/run_interact_once,95,94,725.6382446289062,1789450093.1238914
time/env/run_interact_once,96,95,754.7017822265625,1789450867.864939
time/env/interact,1,0,698.7591552734375,1789374009.816347
time/env/interact,2,1,640.6309814453125,1789374676.3182735
time/env/interact,3,2,649.8305053710938,1789375352.1551683
time/env/interact,4,3,686.8772583007812,1789376064.7768106
time/env/interact,5,4,671.9927368164062,1789377068.3598337
time/env/interact,6,5,640.0950927734375,1789377728.4384027
time/env/interact,7,6,724.7154541015625,1789378477.9720714
time/env/interact,8,7,674.5082397460938,1789379177.2755501
time/env/interact,9,8,741.0604248046875,1789379943.518868
time/env/interact,10,9,722.8836059570312,1789381012.4826603
time/env/interact,11,10,700.7409057617188,1789381733.7816255
time/env/interact,12,11,730.4915771484375,1789382485.4802952
time/env/interact,13,12,679.4517822265625,1789383184.574388
time/env/interact,14,13,705.5454711914062,1789383914.3990688
time/env/interact,15,14,717.5643310546875,1789384976.4895556
time/env/interact,16,15,706.3561401367188,1789385701.108636
time/env/interact,17,16,720.0789184570312,1789386444.6195416
time/env/interact,18,17,700.8733520507812,1789387170.029353
time/env/interact,19,18,690.4130859375,1789387881.0567725
time/env/interact,20,19,653.3421630859375,1789388889.8501048
time/env/interact,21,20,716.4813232421875,1789389626.2199929
time/env/interact,22,21,704.61083984375,1789390354.317383
time/env/interact,23,22,714.7398071289062,1789391092.901853
time/env/interact,24,23,692.4781494140625,1789391809.7980366
time/env/interact,25,24,713.1378173828125,1789392886.4369645
time/env/interact,26,25,685.8863525390625,1789393589.559093
time/env/interact,27,26,666.7781982421875,1789394279.609205
time/env/interact,28,27,678.4240112304688,1789394978.8503888
time/env/interact,29,28,701.6271362304688,1789395703.6726017
time/env/interact,30,29,752.4845581054688,1789396842.439181
time/env/interact,31,30,708.3953857421875,1789397570.8942316
time/env/interact,32,31,746.2809448242188,1789398341.2528498
time/env/interact,33,32,714.6110229492188,1789399079.852874
time/env/interact,34,33,731.2300415039062,1789399834.6709745
time/env/interact,35,34,684.39306640625,1789400851.7491407
time/env/interact,36,35,746.274658203125,1789401614.5865433
time/env/interact,37,36,717.39599609375,1789402351.150152
time/env/interact,38,37,689.035400390625,1789403063.2225497
time/env/interact,39,38,686.796875,1789403774.489175
time/env/interact,40,39,709.3975830078125,1789404857.1948318
time/env/interact,41,40,694.4863891601562,1789405571.5752504
time/env/interact,42,41,712.5932006835938,1789406308.0134554
time/env/interact,43,42,709.843994140625,1789407041.240192
time/env/interact,44,43,707.9483642578125,1789407773.2010043
time/env/interact,45,44,697.3519897460938,1789408837.4691358
time/env/interact,46,45,707.5656127929688,1789409565.324215
time/env/interact,47,46,744.8543701171875,1789410334.421011
time/env/interact,48,47,738.643310546875,1789411097.0025635
time/env/interact,49,48,726.5369262695312,1789411845.1459124
time/env/interact,50,49,745.5562744140625,1789412993.138798
time/env/interact,51,50,758.8722534179688,1789413772.6554387
time/env/interact,52,51,702.775390625,1789414499.997049
time/env/interact,53,52,732.9940795898438,1789415253.8239489
time/env/interact,54,53,734.3901977539062,1789416011.3159437
time/env/interact,55,54,729.2127075195312,1789417118.2309992
time/env/interact,56,55,750.5956420898438,1789417889.3939693
time/env/interact,57,56,723.4150390625,1789418637.2325943
time/env/interact,58,57,720.5126342773438,1789419378.594593
time/env/interact,59,58,724.2420654296875,1789420126.9403474
time/env/interact,60,59,745.592529296875,1789421289.006715
time/env/interact,61,60,737.0575561523438,1789422046.0506566
time/env/interact,62,61,734.1796875,1789422804.479115
time/env/interact,63,62,725.5338745117188,1789423553.358267
time/env/interact,64,63,733.6756591796875,1789424312.1307504
time/env/interact,65,64,710.8369140625,1789425401.0987608
time/env/interact,66,65,763.9436645507812,1789426184.941946
time/env/interact,67,66,762.3324584960938,1789426967.489371
time/env/interact,68,67,697.3233642578125,1789427688.0616968
time/env/interact,69,68,742.2232666015625,1789428454.1275985
time/env/interact,70,69,735.0244750976562,1789429603.6034951
time/env/interact,71,70,777.172607421875,1789430400.4160705
time/env/interact,72,71,733.5112915039062,1789431158.5474045
time/env/interact,73,72,717.062744140625,1789431897.6276565
time/env/interact,74,73,712.238037109375,1789432633.0560775
time/env/interact,75,74,714.7874145507812,1789433665.238362
time/env/interact,76,75,738.6740112304688,1789434424.1300292
time/env/interact,77,76,760.2047119140625,1789435208.5181875
time/env/interact,78,77,717.5613403320312,1789435950.110024
time/env/interact,79,78,718.8175659179688,1789436693.17065
time/env/interact,80,79,739.2858276367188,1789437768.2110171
time/env/interact,81,80,646.0196533203125,1789438430.5383084
time/env/interact,82,81,739.1770629882812,1789439192.206186
time/env/interact,83,82,766.4093627929688,1789439982.7775843
time/env/interact,84,83,734.2296142578125,1789440739.2029073
time/env/interact,85,84,702.701171875,1789441802.812911
time/env/interact,86,85,764.2526245117188,1789442586.8028922
time/env/interact,87,86,744.1002197265625,1789443355.0679088
time/env/interact,88,87,764.1231689453125,1789444140.8735926
time/env/interact,89,88,747.2025146484375,1789444912.253599
time/env/interact,90,89,692.7069702148438,1789446007.5139174
time/env/interact,91,90,731.408203125,1789446758.465599
time/env/interact,92,91,740.1597290039062,1789447520.402879
time/env/interact,93,92,722.5460815429688,1789448266.7843492
time/env/interact,94,93,720.25,1789449010.9830651
time/env/interact,95,94,725.6383056640625,1789450093.1239064
time/env/interact,96,95,754.7018432617188,1789450867.8649461
time/rollout/sync_model_from_actor,1,0,6.616790771484375,1789374009.8163676
time/rollout/sync_model_from_actor,2,1,6.3775858879089355,1789374676.3182821
time/rollout/sync_model_from_actor,3,2,7.139389991760254,1789375352.1551814
time/rollout/sync_model_from_actor,4,3,6.595154762268066,1789376064.7768168
time/rollout/sync_model_from_actor,5,4,11.90129280090332,1789377068.3603778
time/rollout/sync_model_from_actor,6,5,2.2173941135406494,1789377728.4384096
time/rollout/sync_model_from_actor,7,6,5.6958184242248535,1789378477.9720798
time/rollout/sync_model_from_actor,8,7,5.940968990325928,1789379177.2755563
time/rollout/sync_model_from_actor,9,8,6.116852760314941,1789379943.5188763
time/rollout/sync_model_from_actor,10,9,11.24000358581543,1789381012.482869
time/rollout/sync_model_from_actor,11,10,1.446630835533142,1789381733.7816324
time/rollout/sync_model_from_actor,12,11,6.448609828948975,1789382485.4803045
time/rollout/sync_model_from_actor,13,12,5.007043361663818,1789383184.5744066
time/rollout/sync_model_from_actor,14,13,5.140317916870117,1789383914.3990777
time/rollout/sync_model_from_actor,15,14,11.907121658325195,1789384976.4905708
time/rollout/sync_model_from_actor,16,15,1.963742733001709,1789385701.1086435
time/rollout/sync_model_from_actor,17,16,4.943100929260254,1789386444.6195478
time/rollout/sync_model_from_actor,18,17,6.018186092376709,1789387170.0293639
time/rollout/sync_model_from_actor,19,18,5.7711181640625,1789387881.0567784
time/rollout/sync_model_from_actor,20,19,10.771867752075195,1789388889.8505988
time/rollout/sync_model_from_actor,21,20,1.477484941482544,1789389626.220001
time/rollout/sync_model_from_actor,22,21,4.788327693939209,1789390354.3173895
time/rollout/sync_model_from_actor,23,22,5.5035576820373535,1789391092.9018595
time/rollout/sync_model_from_actor,24,23,5.757680892944336,1789391809.7980433
time/rollout/sync_model_from_actor,25,24,11.05876350402832,1789392886.4377887
time/rollout/sync_model_from_actor,26,25,1.8744659423828125,1789393589.5590997
time/rollout/sync_model_from_actor,27,26,4.846366882324219,1789394279.6092143
time/rollout/sync_model_from_actor,28,27,6.211540222167969,1789394978.8503966
time/rollout/sync_model_from_actor,29,28,4.791378498077393,1789395703.6726077
time/rollout/sync_model_from_actor,30,29,11.741691589355469,1789396842.4393766
time/rollout/sync_model_from_actor,31,30,1.5880825519561768,1789397570.8942375
time/rollout/sync_model_from_actor,32,31,5.8268656730651855,1789398341.252857
time/rollout/sync_model_from_actor,33,32,5.779348373413086,1789399079.8528798
time/rollout/sync_model_from_actor,34,33,5.4427032470703125,1789399834.670981
time/rollout/sync_model_from_actor,35,34,10.570080757141113,1789400851.7493885
time/rollout/sync_model_from_actor,36,35,1.6777174472808838,1789401614.5865498
time/rollout/sync_model_from_actor,37,36,4.818263053894043,1789402351.150158
time/rollout/sync_model_from_actor,38,37,4.760526657104492,1789403063.2225556
time/rollout/sync_model_from_actor,39,38,5.864384174346924,1789403774.489181
time/rollout/sync_model_from_actor,40,39,10.26112174987793,1789404857.1951048
time/rollout/sync_model_from_actor,41,40,1.4495413303375244,1789405571.575257
time/rollout/sync_model_from_actor,42,41,4.994861125946045,1789406308.0134633
time/rollout/sync_model_from_actor,43,42,5.964932918548584,1789407041.2401996
time/rollout/sync_model_from_actor,44,43,5.486658573150635,1789407773.2010117
time/rollout/sync_model_from_actor,45,44,11.444509506225586,1789408837.4696465
time/rollout/sync_model_from_actor,46,45,1.6729145050048828,1789409565.3242211
time/rollout/sync_model_from_actor,47,46,5.6881794929504395,1789410334.4210172
time/rollout/sync_model_from_actor,48,47,5.828919410705566,1789411097.0025702
time/rollout/sync_model_from_actor,49,48,5.299870491027832,1789411845.145918
time/rollout/sync_model_from_actor,50,49,10.767822265625,1789412993.1390502
time/rollout/sync_model_from_actor,51,50,1.7151159048080444,1789413772.6554441
time/rollout/sync_model_from_actor,52,51,5.515872955322266,1789414499.9970553
time/rollout/sync_model_from_actor,53,52,5.989353179931641,1789415253.8239546
time/rollout/sync_model_from_actor,54,53,5.15723991394043,1789416011.3159502
time/rollout/sync_model_from_actor,55,54,11.115699768066406,1789417118.2316625
time/rollout/sync_model_from_actor,56,55,1.6849838495254517,1789417889.3939826
time/rollout/sync_model_from_actor,57,56,5.831628799438477,1789418637.232601
time/rollout/sync_model_from_actor,58,57,5.60189962387085,1789419378.594597
time/rollout/sync_model_from_actor,59,58,4.916097164154053,1789420126.9403539
time/rollout/sync_model_from_actor,60,59,11.986151695251465,1789421289.0071933
time/rollout/sync_model_from_actor,61,60,1.6888829469680786,1789422046.0506635
time/rollout/sync_model_from_actor,62,61,6.230452537536621,1789422804.4791214
time/rollout/sync_model_from_actor,63,62,5.6388163566589355,1789423553.3582742
time/rollout/sync_model_from_actor,64,63,5.888385772705078,1789424312.1307561
time/rollout/sync_model_from_actor,65,64,11.144265174865723,1789425401.0996425
time/rollout/sync_model_from_actor,66,65,1.8376115560531616,1789426184.941952
time/rollout/sync_model_from_actor,67,66,5.748392105102539,1789426967.489377
time/rollout/sync_model_from_actor,68,67,4.696820259094238,1789427688.0617166
time/rollout/sync_model_from_actor,69,68,5.47028923034668,1789428454.1276045
time/rollout/sync_model_from_actor,70,69,12.117579460144043,1789429603.6039963
time/rollout/sync_model_from_actor,71,70,1.659322738647461,1789430400.4160767
time/rollout/sync_model_from_actor,72,71,6.002315044403076,1789431158.547414
time/rollout/sync_model_from_actor,73,72,5.605274677276611,1789431897.6276622
time/rollout/sync_model_from_actor,74,73,5.032615661621094,1789432633.0560832
time/rollout/sync_model_from_actor,75,74,11.109816551208496,1789433665.2389328
time/rollout/sync_model_from_actor,76,75,1.777809739112854,1789434424.1300352
time/rollout/sync_model_from_actor,77,76,6.056506156921387,1789435208.5181956
time/rollout/sync_model_from_actor,78,77,5.6406707763671875,1789435950.1100304
time/rollout/sync_model_from_actor,79,78,5.89166784286499,1789436693.1706557
time/rollout/sync_model_from_actor,80,79,10.240796089172363,1789437768.2112417
time/rollout/sync_model_from_actor,81,80,1.4916424751281738,1789438430.5383143
time/rollout/sync_model_from_actor,82,81,4.8637800216674805,1789439192.206192
time/rollout/sync_model_from_actor,83,82,5.64697265625,1789439982.7775905
time/rollout/sync_model_from_actor,84,83,6.0194220542907715,1789440739.2029135
time/rollout/sync_model_from_actor,85,84,10.641937255859375,1789441802.8133311
time/rollout/sync_model_from_actor,86,85,1.78610360622406,1789442586.8028982
time/rollout/sync_model_from_actor,87,86,6.546205520629883,1789443355.0679317
time/rollout/sync_model_from_actor,88,87,5.324862480163574,1789444140.8736012
time/rollout/sync_model_from_actor,89,88,5.671396732330322,1789444912.253606
time/rollout/sync_model_from_actor,90,89,11.253740310668945,1789446007.514394
time/rollout/sync_model_from_actor,91,90,1.613814115524292,1789446758.465605
time/rollout/sync_model_from_actor,92,91,5.226541519165039,1789447520.4028864
time/rollout/sync_model_from_actor,93,92,5.5499372482299805,1789448266.7843552
time/rollout/sync_model_from_actor,94,93,5.879599571228027,1789449010.983071
time/rollout/sync_model_from_actor,95,94,10.905494689941406,1789450093.1242654
time/rollout/sync_model_from_actor,96,95,1.6958684921264648,1789450867.8649528
time/rollout/predict,1,0,7.789720058441162,1789374009.8168664
time/rollout/predict,2,1,7.248437404632568,1789374676.3187792
time/rollout/predict,3,2,7.305171012878418,1789375352.1557984
time/rollout/predict,4,3,7.392902851104736,1789376064.7772381
time/rollout/predict,5,4,9.175472259521484,1789377068.3604002
time/rollout/predict,6,5,7.282359600067139,1789377728.4389443
time/rollout/predict,7,6,7.326716899871826,1789378477.9726615
time/rollout/predict,8,7,7.27548885345459,1789379177.2760665
time/rollout/predict,9,8,7.395718574523926,1789379943.5195808
time/rollout/predict,10,9,9.015708923339844,1789381012.482877
time/rollout/predict,11,10,7.378753662109375,1789381733.7822707
time/rollout/predict,12,11,7.246751308441162,1789382485.4805841
time/rollout/predict,13,12,7.216650009155273,1789383184.5746748
time/rollout/predict,14,13,7.3711838722229,1789383914.399466
time/rollout/predict,15,14,9.243840217590332,1789384976.4905815
time/rollout/predict,16,15,7.325961112976074,1789385701.109166
time/rollout/predict,17,16,7.355077743530273,1789386444.6197264
time/rollout/predict,18,17,7.413026332855225,1789387170.0301554
time/rollout/predict,19,18,7.101377010345459,1789387881.0572581
time/rollout/predict,20,19,9.012764930725098,1789388889.850605
time/rollout/predict,21,20,7.313904762268066,1789389626.2203534
time/rollout/predict,22,21,7.295533657073975,1789390354.3183532
time/rollout/predict,23,22,7.3191118240356445,1789391092.9022093
time/rollout/predict,24,23,7.364870071411133,1789391809.798687
time/rollout/predict,25,24,9.075560569763184,1789392886.4378004
time/rollout/predict,26,25,7.2730488777160645,1789393589.5595822
time/rollout/predict,27,26,7.283259868621826,1789394279.6094918
time/rollout/predict,28,27,7.078681468963623,1789394978.8508568
time/rollout/predict,29,28,7.360513210296631,1789395703.6728814
time/rollout/predict,30,29,8.950277328491211,1789396842.439384
time/rollout/predict,31,30,7.231136798858643,1789397570.8948498
time/rollout/predict,32,31,7.327099323272705,1789398341.2533298
time/rollout/predict,33,32,7.229884624481201,1789399079.853404
time/rollout/predict,34,33,7.3338236808776855,1789399834.6714406
time/rollout/predict,35,34,9.051976203918457,1789400851.749409
time/rollout/predict,36,35,7.323875427246094,1789401614.5868487
time/rollout/predict,37,36,7.306822299957275,1789402351.1503475
time/rollout/predict,38,37,7.2642822265625,1789403063.2228281
time/rollout/predict,39,38,7.256086826324463,1789403774.4897902
time/rollout/predict,40,39,9.04445743560791,1789404857.1951113
time/rollout/predict,41,40,7.259599208831787,1789405571.5756817
time/rollout/predict,42,41,7.379113674163818,1789406308.01423
time/rollout/predict,43,42,7.353438377380371,1789407041.2406206
time/rollout/predict,44,43,7.319475173950195,1789407773.2014732
time/rollout/predict,45,44,9.200995445251465,1789408837.4696577
time/rollout/predict,46,45,7.327465057373047,1789409565.3247492
time/rollout/predict,47,46,7.343731880187988,1789410334.4215946
time/rollout/predict,48,47,7.354877948760986,1789411097.0028574
time/rollout/predict,49,48,7.433412075042725,1789411845.1466022
time/rollout/predict,50,49,9.179560661315918,1789412993.13906
time/rollout/predict,51,50,7.316108226776123,1789413772.6557128
time/rollout/predict,52,51,7.734988689422607,1789414499.9973345
time/rollout/predict,53,52,7.400146961212158,1789415253.824178
time/rollout/predict,54,53,7.347442150115967,1789416011.3162115
time/rollout/predict,55,54,9.090909004211426,1789417118.2316833
time/rollout/predict,56,55,7.339908599853516,1789417889.3943825
time/rollout/predict,57,56,7.340878009796143,1789418637.2328897
time/rollout/predict,58,57,7.3097944259643555,1789419378.5947113
time/rollout/predict,59,58,7.359572887420654,1789420126.940793
time/rollout/predict,60,59,9.233434677124023,1789421289.0072012
time/rollout/predict,61,60,7.335062026977539,1789422046.0512927
time/rollout/predict,62,61,7.3687214851379395,1789422804.4796615
time/rollout/predict,63,62,7.362003803253174,1789423553.358849
time/rollout/predict,64,63,7.342755317687988,1789424312.1309154
time/rollout/predict,65,64,9.168190956115723,1789425401.0996897
time/rollout/predict,66,65,7.342415809631348,1789426184.9421108
time/rollout/predict,67,66,7.305784702301025,1789426967.4895425
time/rollout/predict,68,67,7.323635578155518,1789427688.062551
time/rollout/predict,69,68,7.348352909088135,1789428454.1280508
time/rollout/predict,70,69,9.172879219055176,1789429603.6040049
time/rollout/predict,71,70,7.366925239562988,1789430400.4162762
time/rollout/predict,72,71,7.358541011810303,1789431158.5480576
time/rollout/predict,73,72,7.241943836212158,1789431897.6278262
time/rollout/predict,74,73,7.318988800048828,1789432633.0562592
time/rollout/predict,75,74,9.15469741821289,1789433665.2389443
time/rollout/predict,76,75,7.373861312866211,1789434424.1301987
time/rollout/predict,77,76,7.3747406005859375,1789435208.5184119
time/rollout/predict,78,77,7.1863837242126465,1789435950.1110055
time/rollout/predict,79,78,7.381146430969238,1789436693.1708186
time/rollout/predict,80,79,8.848467826843262,1789437768.211252
time/rollout/predict,81,80,7.11151647567749,1789438430.5384727
time/rollout/predict,82,81,7.2848615646362305,1789439192.206669
time/rollout/predict,83,82,7.347443103790283,1789439982.7778955
time/rollout/predict,84,83,7.299628734588623,1789440739.2033129
time/rollout/predict,85,84,9.016629219055176,1789441802.8133435
time/rollout/predict,86,85,7.427001953125,1789442586.80353
time/rollout/predict,87,86,7.354228496551514,1789443355.0682588
time/rollout/predict,88,87,7.404510974884033,1789444140.874108
time/rollout/predict,89,88,7.349958896636963,1789444912.254049
time/rollout/predict,90,89,9.106183052062988,1789446007.5144026
time/rollout/predict,91,90,7.3679118156433105,1789446758.4661567
time/rollout/predict,92,91,7.421801567077637,1789447520.4032555
time/rollout/predict,93,92,7.3491644859313965,1789448266.7846925
time/rollout/predict,94,93,7.345869541168213,1789449010.9834201
time/rollout/predict,95,94,9.256775856018066,1789450093.1242821
time/rollout/predict,96,95,7.370890140533447,1789450867.865642
time/rollout/generate_one_epoch,1,0,696.3953247070312,1789374009.8168879
time/rollout/generate_one_epoch,2,1,638.7191772460938,1789374676.3187876
time/rollout/generate_one_epoch,3,2,647.69384765625,1789375352.1558352
time/rollout/generate_one_epoch,4,3,684.7237548828125,1789376064.7772605
time/rollout/generate_one_epoch,5,4,669.5660400390625,1789377068.3604224
time/rollout/generate_one_epoch,6,5,636.7608642578125,1789377728.4389546
time/rollout/generate_one_epoch,7,6,722.7753295898438,1789378477.9726868
time/rollout/generate_one_epoch,8,7,672.5787963867188,1789379177.2760742
time/rollout/generate_one_epoch,9,8,738.9718627929688,1789379943.5195909
time/rollout/generate_one_epoch,10,9,720.9227905273438,1789381012.4828842
time/rollout/generate_one_epoch,11,10,698.1233520507812,1789381733.7822785
time/rollout/generate_one_epoch,12,11,728.4371337890625,1789382485.4805934
time/rollout/generate_one_epoch,13,12,677.5855712890625,1789383184.5746882
time/rollout/generate_one_epoch,14,13,703.8140258789062,1789383914.3994834
time/rollout/generate_one_epoch,15,14,715.4972534179688,1789384976.4905918
time/rollout/generate_one_epoch,16,15,701.980712890625,1789385701.1091743
time/rollout/generate_one_epoch,17,16,718.293701171875,1789386444.6197336
time/rollout/generate_one_epoch,18,17,698.5892944335938,1789387170.0301783
time/rollout/generate_one_epoch,19,18,688.5048217773438,1789387881.0572662
time/rollout/generate_one_epoch,20,19,651.620361328125,1789388889.8506112
time/rollout/generate_one_epoch,21,20,713.8643798828125,1789389626.2203596
time/rollout/generate_one_epoch,22,21,702.845458984375,1789390354.3183746
time/rollout/generate_one_epoch,23,22,712.7444458007812,1789391092.9022324
time/rollout/generate_one_epoch,24,23,690.5366821289062,1789391809.7986944
time/rollout/generate_one_epoch,25,24,710.8369750976562,1789392886.4378114
time/rollout/generate_one_epoch,26,25,682.9676513671875,1789393589.5595875
time/rollout/generate_one_epoch,27,26,664.6952514648438,1789394279.6095014
time/rollout/generate_one_epoch,28,27,676.7913818359375,1789394978.850878
time/rollout/generate_one_epoch,29,28,699.8270263671875,1789395703.6728888
time/rollout/generate_one_epoch,30,29,750.3111572265625,1789396842.439392
time/rollout/generate_one_epoch,31,30,705.0660400390625,1789397570.8948574
time/rollout/generate_one_epoch,32,31,743.8968505859375,1789398341.2533376
time/rollout/generate_one_epoch,33,32,712.12255859375,1789399079.853411
time/rollout/generate_one_epoch,34,33,729.037353515625,1789399834.6714485
time/rollout/generate_one_epoch,35,34,682.4810180664062,1789400851.749429
time/rollout/generate_one_epoch,36,35,744.2266845703125,1789401614.586855
time/rollout/generate_one_epoch,37,36,715.847900390625,1789402351.1503541
time/rollout/generate_one_epoch,38,37,686.918701171875,1789403063.2228355
time/rollout/generate_one_epoch,39,38,684.2094116210938,1789403774.4898112
time/rollout/generate_one_epoch,40,39,707.6426391601562,1789404857.1951172
time/rollout/generate_one_epoch,41,40,690.89453125,1789405571.575689
time/rollout/generate_one_epoch,42,41,710.3983764648438,1789406308.01425
time/rollout/generate_one_epoch,43,42,708.2561645507812,1789407041.2406304
time/rollout/generate_one_epoch,44,43,705.9722290039062,1789407773.201482
time/rollout/generate_one_epoch,45,44,695.2647094726562,1789408837.46967
time/rollout/generate_one_epoch,46,45,704.2656860351562,1789409565.3248048
time/rollout/generate_one_epoch,47,46,742.8341674804688,1789410334.4216154
time/rollout/generate_one_epoch,48,47,736.45263671875,1789411097.0028641
time/rollout/generate_one_epoch,49,48,724.4812622070312,1789411845.1466196
time/rollout/generate_one_epoch,50,49,743.6734008789062,1789412993.1390731
time/rollout/generate_one_epoch,51,50,755.8591918945312,1789413772.6557193
time/rollout/generate_one_epoch,52,51,700.7794189453125,1789414499.9973438
time/rollout/generate_one_epoch,53,52,730.9535522460938,1789415253.8241868
time/rollout/generate_one_epoch,54,53,732.308837890625,1789416011.3162189
time/rollout/generate_one_epoch,55,54,727.057373046875,1789417118.231704
time/rollout/generate_one_epoch,56,55,747.3839111328125,1789417889.3943968
time/rollout/generate_one_epoch,57,56,721.2621459960938,1789418637.2328985
time/rollout/generate_one_epoch,58,57,718.1939086914062,1789419378.5947177
time/rollout/generate_one_epoch,59,58,722.2198486328125,1789420126.9408016
time/rollout/generate_one_epoch,60,59,743.4730834960938,1789421289.0072093
time/rollout/generate_one_epoch,61,60,733.5531616210938,1789422046.051314
time/rollout/generate_one_epoch,62,61,731.9080810546875,1789422804.4796693
time/rollout/generate_one_epoch,63,62,723.12451171875,1789423553.3588712
time/rollout/generate_one_epoch,64,63,731.031005859375,1789424312.1309242
time/rollout/generate_one_epoch,65,64,708.6784057617188,1789425401.0997162
time/rollout/generate_one_epoch,66,65,759.781982421875,1789426184.94212
time/rollout/generate_one_epoch,67,66,760.3975830078125,1789426967.4895515
time/rollout/generate_one_epoch,68,67,695.3639526367188,1789427688.062577
time/rollout/generate_one_epoch,69,68,740.2341918945312,1789428454.1280582
time/rollout/generate_one_epoch,70,69,733.0474853515625,1789429603.604013
time/rollout/generate_one_epoch,71,70,774.156005859375,1789430400.4162834
time/rollout/generate_one_epoch,72,71,731.4036254882812,1789431158.5480783
time/rollout/generate_one_epoch,73,72,714.906494140625,1789431897.6278353
time/rollout/generate_one_epoch,74,73,710.2294311523438,1789432633.0562677
time/rollout/generate_one_epoch,75,74,712.8277587890625,1789433665.2389557
time/rollout/generate_one_epoch,76,75,736.134765625,1789434424.1302083
time/rollout/generate_one_epoch,77,76,757.9872436523438,1789435208.5184238
time/rollout/generate_one_epoch,78,77,715.3711547851562,1789435950.1110277
time/rollout/generate_one_epoch,79,78,716.6898193359375,1789436693.170827
time/rollout/generate_one_epoch,80,79,737.543212890625,1789437768.2112632
time/rollout/generate_one_epoch,81,80,643.4442138671875,1789438430.5384815
time/rollout/generate_one_epoch,82,81,737.1685791015625,1789439192.2066755
time/rollout/generate_one_epoch,83,82,763.7238159179688,1789439982.7779057
time/rollout/generate_one_epoch,84,83,731.859130859375,1789440739.20332
time/rollout/generate_one_epoch,85,84,700.6069946289062,1789441802.8133543
time/rollout/generate_one_epoch,86,85,760.5861206054688,1789442586.8035526
time/rollout/generate_one_epoch,87,86,741.7052612304688,1789443355.0682814
time/rollout/generate_one_epoch,88,87,761.8982543945312,1789444140.874118
time/rollout/generate_one_epoch,89,88,744.8637084960938,1789444912.2540588
time/rollout/generate_one_epoch,90,89,690.2673950195312,1789446007.5144112
time/rollout/generate_one_epoch,91,90,728.3408813476562,1789446758.4661634
time/rollout/generate_one_epoch,92,91,738.0799560546875,1789447520.4032784
time/rollout/generate_one_epoch,93,92,720.2186279296875,1789448266.7847002
time/rollout/generate_one_epoch,94,93,717.5511474609375,1789449010.9834266
time/rollout/generate_one_epoch,95,94,723.3856201171875,1789450093.124298
time/rollout/generate_one_epoch,96,95,751.3298950195312,1789450867.865663
time/rollout/rollout/generate,1,0,701.7662963867188,1789374009.8169098
time/rollout/rollout/generate,2,1,645.3773803710938,1789374676.3187938
time/rollout/rollout/generate,3,2,654.5090942382812,1789375352.1558537
time/rollout/rollout/generate,4,3,691.4176025390625,1789376064.7772696
time/rollout/rollout/generate,5,4,675.9888916015625,1789377068.3604424
time/rollout/rollout/generate,6,5,644.2023315429688,1789377728.4389615
time/rollout/rollout/generate,7,6,729.1159057617188,1789378477.9726975
time/rollout/rollout/generate,8,7,678.974853515625,1789379177.2760808
time/rollout/rollout/generate,9,8,745.6240234375,1789379943.5195997
time/rollout/rollout/generate,10,9,727.1141357421875,1789381012.4828916
time/rollout/rollout/generate,11,10,705.2145385742188,1789381733.7822852
time/rollout/rollout/generate,12,11,733.0853271484375,1789382485.4806023
time/rollout/rollout/generate,13,12,681.9207153320312,1789383184.574701
time/rollout/rollout/generate,14,13,710.1304321289062,1789383914.3994954
time/rollout/rollout/generate,15,14,722.0007934570312,1789384976.4906015
time/rollout/rollout/generate,16,15,709.0784912109375,1789385701.1091824
time/rollout/rollout/generate,17,16,724.443359375,1789386444.61974
time/rollout/rollout/generate,18,17,705.3685913085938,1789387170.0301876
time/rollout/rollout/generate,19,18,693.0174560546875,1789387881.0572724
time/rollout/rollout/generate,20,19,657.7689208984375,1789388889.850617
time/rollout/rollout/generate,21,20,720.7847900390625,1789389626.2203658
time/rollout/rollout/generate,22,21,709.1087036132812,1789390354.3183846
time/rollout/rollout/generate,23,22,718.9598388671875,1789391092.902242
time/rollout/rollout/generate,24,23,696.8862915039062,1789391809.7987
time/rollout/rollout/generate,25,24,717.2371215820312,1789392886.4378214
time/rollout/rollout/generate,26,25,688.87939453125,1789393589.5595922
time/rollout/rollout/generate,27,26,671.0433959960938,1789394279.6095097
time/rollout/rollout/generate,28,27,680.8540649414062,1789394978.8508892
time/rollout/rollout/generate,29,28,705.9299926757812,1789395703.6728954
time/rollout/rollout/generate,30,29,756.7401733398438,1789396842.4394002
time/rollout/rollout/generate,31,30,712.5431518554688,1789397570.8948634
time/rollout/rollout/generate,32,31,750.307861328125,1789398341.2533438
time/rollout/rollout/generate,33,32,718.699951171875,1789399079.8534172
time/rollout/rollout/generate,34,33,735.16650390625,1789399834.671455
time/rollout/rollout/generate,35,34,686.57470703125,1789400851.7494478
time/rollout/rollout/generate,36,35,748.8432006835938,1789401614.586861
time/rollout/rollout/generate,37,36,719.6900024414062,1789402351.1503603
time/rollout/rollout/generate,38,37,693.05322265625,1789403063.2228422
time/rollout/rollout/generate,39,38,691.0630493164062,1789403774.489821
time/rollout/rollout/generate,40,39,711.9273071289062,1789404857.1951246
time/rollout/rollout/generate,41,40,698.9640502929688,1789405571.5756962
time/rollout/rollout/generate,42,41,717.031494140625,1789406308.014259
time/rollout/rollout/generate,43,42,713.081787109375,1789407041.2406363
time/rollout/rollout/generate,44,43,712.3755493164062,1789407773.201489
time/rollout/rollout/generate,45,44,701.5784301757812,1789408837.4696817
time/rollout/rollout/generate,46,45,711.8016967773438,1789409565.324832
time/rollout/rollout/generate,47,46,749.2203369140625,1789410334.4216256
time/rollout/rollout/generate,48,47,742.663818359375,1789411097.0028703
time/rollout/rollout/generate,49,48,729.6561889648438,1789411845.1466284
time/rollout/rollout/generate,50,49,749.7937622070312,1789412993.139086
time/rollout/rollout/generate,51,50,762.9195556640625,1789413772.6557255
time/rollout/rollout/generate,52,51,706.919189453125,1789414499.9973502
time/rollout/rollout/generate,53,52,735.2760620117188,1789415253.8241935
time/rollout/rollout/generate,54,53,738.5789184570312,1789416011.316225
time/rollout/rollout/generate,55,54,733.196533203125,1789417118.2317238
time/rollout/rollout/generate,56,55,754.6117553710938,1789417889.3944094
time/rollout/rollout/generate,57,56,727.5743408203125,1789418637.232905
time/rollout/rollout/generate,58,57,723.1160888671875,1789419378.5947227
time/rollout/rollout/generate,59,58,728.1771850585938,1789420126.9408085
time/rollout/rollout/generate,60,59,749.7077026367188,1789421289.0072174
time/rollout/rollout/generate,61,60,741.0514526367188,1789422046.0513241
time/rollout/rollout/generate,62,61,737.9598999023438,1789422804.4796753
time/rollout/rollout/generate,63,62,729.3076171875,1789423553.3588812
time/rollout/rollout/generate,64,63,737.5835571289062,1789424312.130931
time/rollout/rollout/generate,65,64,714.6011352539062,1789425401.0997453
time/rollout/rollout/generate,66,65,767.7274169921875,1789426184.942127
time/rollout/rollout/generate,67,66,764.6292114257812,1789426967.4895582
time/rollout/rollout/generate,68,67,701.4070434570312,1789427688.0625868
time/rollout/rollout/generate,69,68,746.3839111328125,1789428454.1280642
time/rollout/rollout/generate,70,69,739.2275390625,1789429603.6040218
time/rollout/rollout/generate,71,70,781.1644897460938,1789430400.4162893
time/rollout/rollout/generate,72,71,738.0203857421875,1789431158.5480914
time/rollout/rollout/generate,73,72,720.738037109375,1789431897.6278415
time/rollout/rollout/generate,74,73,716.3215942382812,1789432633.0562751
time/rollout/rollout/generate,75,74,718.8636474609375,1789433665.2389667
time/rollout/rollout/generate,76,75,742.7921752929688,1789434424.1302152
time/rollout/rollout/generate,77,76,764.2386474609375,1789435208.5184338
time/rollout/rollout/generate,78,77,721.627685546875,1789435950.111037
time/rollout/rollout/generate,79,78,723.052490234375,1789436693.1708338
time/rollout/rollout/generate,80,79,741.55126953125,1789437768.2112732
time/rollout/rollout/generate,81,80,648.341552734375,1789438430.5384924
time/rollout/rollout/generate,82,81,743.3905029296875,1789439192.2066815
time/rollout/rollout/generate,83,82,770.6898193359375,1789439982.7779121
time/rollout/rollout/generate,84,83,737.9376220703125,1789440739.2033257
time/rollout/rollout/generate,85,84,706.9027099609375,1789441802.8133652
time/rollout/rollout/generate,86,85,768.2127685546875,1789442586.8035622
time/rollout/rollout/generate,87,86,748.035888671875,1789443355.068304
time/rollout/rollout/generate,88,87,767.54296875,1789444140.8741271
time/rollout/rollout/generate,89,88,751.3551635742188,1789444912.2540643
time/rollout/rollout/generate,90,89,696.9346313476562,1789446007.5144212
time/rollout/rollout/generate,91,90,735.851806640625,1789446758.4661698
time/rollout/rollout/generate,92,91,743.2701416015625,1789447520.4032884
time/rollout/rollout/generate,93,92,726.533447265625,1789448266.7847066
time/rollout/rollout/generate,94,93,724.2890625,1789449010.9834325
time/rollout/rollout/generate,95,94,729.8973388671875,1789450093.1243129
time/rollout/rollout/generate,96,95,758.76904296875,1789450867.8656726
time/actor/actor/sync_model_to_rollout,1,0,7.623727798461914,1789374009.81693
time/actor/actor/sync_model_to_rollout,2,1,2.4466209411621094,1789374676.3188002
time/actor/actor/sync_model_to_rollout,3,2,2.8855111598968506,1789375352.155869
time/actor/actor/sync_model_to_rollout,4,3,2.8213067054748535,1789376064.7772772
time/actor/actor/sync_model_to_rollout,5,4,5.490691184997559,1789377068.3604822
time/actor/actor/sync_model_to_rollout,6,5,2.1913669109344482,1789377728.4389682
time/actor/actor/sync_model_to_rollout,7,6,2.5931129455566406,1789378477.9727068
time/actor/actor/sync_model_to_rollout,8,7,2.9407708644866943,1789379177.276087
time/actor/actor/sync_model_to_rollout,9,8,2.8295979499816895,1789379943.5196078
time/actor/actor/sync_model_to_rollout,10,9,5.494222640991211,1789381012.4829066
time/actor/actor/sync_model_to_rollout,11,10,1.6177573204040527,1789381733.7822928
time/actor/actor/sync_model_to_rollout,12,11,2.7909135818481445,1789382485.4806118
time/actor/actor/sync_model_to_rollout,13,12,2.321890354156494,1789383184.574714
time/actor/actor/sync_model_to_rollout,14,13,2.3874833583831787,1789383914.3995054
time/actor/actor/sync_model_to_rollout,15,14,5.520877838134766,1789384976.490622
time/actor/actor/sync_model_to_rollout,16,15,2.2040936946868896,1789385701.1091907
time/actor/actor/sync_model_to_rollout,17,16,2.2962841987609863,1789386444.6197462
time/actor/actor/sync_model_to_rollout,18,17,2.6841325759887695,1789387170.0301957
time/actor/actor/sync_model_to_rollout,19,18,2.7420952320098877,1789387881.0572786
time/actor/actor/sync_model_to_rollout,20,19,4.957507133483887,1789388889.8506281
time/actor/actor/sync_model_to_rollout,21,20,1.6071105003356934,1789389626.2203717
time/actor/actor/sync_model_to_rollout,22,21,2.276050090789795,1789390354.318393
time/actor/actor/sync_model_to_rollout,23,22,2.7804458141326904,1789391092.9022503
time/actor/actor/sync_model_to_rollout,24,23,2.723264694213867,1789391809.7987063
time/actor/actor/sync_model_to_rollout,25,24,5.32456636428833,1789392886.4378402
time/actor/actor/sync_model_to_rollout,26,25,2.092904806137085,1789393589.559597
time/actor/actor/sync_model_to_rollout,27,26,2.3221020698547363,1789394279.6095183
time/actor/actor/sync_model_to_rollout,28,27,2.615798234939575,1789394978.8508985
time/actor/actor/sync_model_to_rollout,29,28,2.2582972049713135,1789395703.672902
time/actor/actor/sync_model_to_rollout,30,29,5.316004276275635,1789396842.4394166
time/actor/actor/sync_model_to_rollout,31,30,1.7716375589370728,1789397570.89487
time/actor/actor/sync_model_to_rollout,32,31,2.7768609523773193,1789398341.2533495
time/actor/actor/sync_model_to_rollout,33,32,2.668959856033325,1789399079.8534234
time/actor/actor/sync_model_to_rollout,34,33,2.528650999069214,1789399834.6714613
time/actor/actor/sync_model_to_rollout,35,34,5.057394504547119,1789400851.7494867
time/actor/actor/sync_model_to_rollout,36,35,1.8777821063995361,1789401614.5868669
time/actor/actor/sync_model_to_rollout,37,36,2.29823637008667,1789402351.1503663
time/actor/actor/sync_model_to_rollout,38,37,2.262486457824707,1789403063.2228484
time/actor/actor/sync_model_to_rollout,39,38,2.9266107082366943,1789403774.489829
time/actor/actor/sync_model_to_rollout,40,39,4.921808242797852,1789404857.1951363
time/actor/actor/sync_model_to_rollout,41,40,1.6332298517227173,1789405571.5757034
time/actor/actor/sync_model_to_rollout,42,41,2.3415937423706055,1789406308.014267
time/actor/actor/sync_model_to_rollout,43,42,2.6168625354766846,1789407041.240643
time/actor/actor/sync_model_to_rollout,44,43,2.5295798778533936,1789407773.2014956
time/actor/actor/sync_model_to_rollout,45,44,5.413785934448242,1789408837.4697037
time/actor/actor/sync_model_to_rollout,46,45,1.8945016860961914,1789409565.3248556
time/actor/actor/sync_model_to_rollout,47,46,2.7727949619293213,1789410334.4216335
time/actor/actor/sync_model_to_rollout,48,47,2.725813150405884,1789411097.0028765
time/actor/actor/sync_model_to_rollout,49,48,2.3999762535095215,1789411845.146635
time/actor/actor/sync_model_to_rollout,50,49,4.9868597984313965,1789412993.1391058
time/actor/actor/sync_model_to_rollout,51,50,1.9021944999694824,1789413772.655732
time/actor/actor/sync_model_to_rollout,52,51,2.5986146926879883,1789414499.9973562
time/actor/actor/sync_model_to_rollout,53,52,2.775594711303711,1789415253.8241997
time/actor/actor/sync_model_to_rollout,54,53,2.388927936553955,1789416011.3162322
time/actor/actor/sync_model_to_rollout,55,54,5.3496904373168945,1789417118.231763
time/actor/actor/sync_model_to_rollout,56,55,1.8778153657913208,1789417889.3944218
time/actor/actor/sync_model_to_rollout,57,56,2.6845805644989014,1789418637.232912
time/actor/actor/sync_model_to_rollout,58,57,2.6655383110046387,1789419378.5947275
time/actor/actor/sync_model_to_rollout,59,58,2.288052558898926,1789420126.9408147
time/actor/actor/sync_model_to_rollout,60,59,6.296217441558838,1789421289.0072343
time/actor/actor/sync_model_to_rollout,61,60,1.913662314414978,1789422046.051333
time/actor/actor/sync_model_to_rollout,62,61,2.7779064178466797,1789422804.4796822
time/actor/actor/sync_model_to_rollout,63,62,2.600339651107788,1789423553.35889
time/actor/actor/sync_model_to_rollout,64,63,2.5953402519226074,1789424312.130937
time/actor/actor/sync_model_to_rollout,65,64,5.305298805236816,1789425401.0998101
time/actor/actor/sync_model_to_rollout,66,65,2.0556628704071045,1789426184.9421332
time/actor/actor/sync_model_to_rollout,67,66,2.6436519622802734,1789426967.4895647
time/actor/actor/sync_model_to_rollout,68,67,2.2390902042388916,1789427688.0625954
time/actor/actor/sync_model_to_rollout,69,68,2.5704147815704346,1789428454.1280746
time/actor/actor/sync_model_to_rollout,70,69,5.710904121398926,1789429603.604038
time/actor/actor/sync_model_to_rollout,71,70,1.7754878997802734,1789430400.4162948
time/actor/actor/sync_model_to_rollout,72,71,2.6061959266662598,1789431158.5481036
time/actor/actor/sync_model_to_rollout,73,72,2.597231149673462,1789431897.6278481
time/actor/actor/sync_model_to_rollout,74,73,2.2299606800079346,1789432633.056281
time/actor/actor/sync_model_to_rollout,75,74,5.211635112762451,1789433665.2389898
time/actor/actor/sync_model_to_rollout,76,75,1.939760446548462,1789434424.1302214
time/actor/actor/sync_model_to_rollout,77,76,2.705021381378174,1789435208.5184422
time/actor/actor/sync_model_to_rollout,78,77,2.670865774154663,1789435950.1110451
time/actor/actor/sync_model_to_rollout,79,78,2.6174981594085693,1789436693.1708398
time/actor/actor/sync_model_to_rollout,80,79,4.883660793304443,1789437768.2112937
time/actor/actor/sync_model_to_rollout,81,80,1.6704895496368408,1789438430.538504
time/actor/actor/sync_model_to_rollout,82,81,2.326249361038208,1789439192.2066882
time/actor/actor/sync_model_to_rollout,83,82,2.63777232170105,1789439982.7779186
time/actor/actor/sync_model_to_rollout,84,83,2.659998655319214,1789440739.203332
time/actor/actor/sync_model_to_rollout,85,84,5.0698442459106445,1789441802.8133867
time/actor/actor/sync_model_to_rollout,86,85,2.221618413925171,1789442586.8035707
time/actor/actor/sync_model_to_rollout,87,86,2.750091791152954,1789443355.0683274
time/actor/actor/sync_model_to_rollout,88,87,2.32297945022583,1789444140.8741362
time/actor/actor/sync_model_to_rollout,89,88,2.8021934032440186,1789444912.2540708
time/actor/actor/sync_model_to_rollout,90,89,5.310447692871094,1789446007.514439
time/actor/actor/sync_model_to_rollout,91,90,1.7295690774917603,1789446758.466176
time/actor/actor/sync_model_to_rollout,92,91,2.5002362728118896,1789447520.403297
time/actor/actor/sync_model_to_rollout,93,92,2.6913881301879883,1789448266.7847128
time/actor/actor/sync_model_to_rollout,94,93,2.6489250659942627,1789449010.98344
time/actor/actor/sync_model_to_rollout,95,94,4.894893646240234,1789450093.1243417
time/actor/actor/sync_model_to_rollout,96,95,1.8866422176361084,1789450867.86568
time/actor/actor/recv_traj,1,0,699.3907470703125,1789374009.8169515
time/actor/actor/recv_traj,2,1,641.126220703125,1789374676.3188064
time/actor/actor/recv_traj,3,2,650.3104248046875,1789375352.1558843
time/actor/actor/recv_traj,4,3,687.3775634765625,1789376064.7772844
time/actor/actor/recv_traj,5,4,672.4928588867188,1789377068.3605113
time/actor/actor/recv_traj,6,5,640.6058349609375,1789377728.4389749
time/actor/actor/recv_traj,7,6,725.26513671875,1789378477.972715
time/actor/actor/recv_traj,8,7,675.0294189453125,1789379177.2760932
time/actor/actor/recv_traj,9,8,741.5625,1789379943.519616
time/actor/actor/recv_traj,10,9,723.3077392578125,1789381012.482914
time/actor/actor/recv_traj,11,10,701.21875,1789381733.782299
time/actor/actor/recv_traj,12,11,730.8486938476562,1789382485.4806209
time/actor/actor/recv_traj,13,12,679.806884765625,1789383184.5747266
time/actor/actor/recv_traj,14,13,706.026123046875,1789383914.3995147
time/actor/actor/recv_traj,15,14,718.0818481445312,1789384976.4906323
time/actor/actor/recv_traj,16,15,706.725830078125,1789385701.1091979
time/actor/actor/recv_traj,17,16,720.6166381835938,1789386444.6197522
time/actor/actor/recv_traj,18,17,701.4280395507812,1789387170.0302024
time/actor/actor/recv_traj,19,18,690.7769775390625,1789387881.0572846
time/actor/actor/recv_traj,20,19,653.861083984375,1789388889.850634
time/actor/actor/recv_traj,21,20,717.0049438476562,1789389626.220378
time/actor/actor/recv_traj,22,21,705.1105346679688,1789390354.318401
time/actor/actor/recv_traj,23,22,715.2529907226562,1789391092.9022582
time/actor/actor/recv_traj,24,23,692.971435546875,1789391809.798712
time/actor/actor/recv_traj,25,24,713.664306640625,1789392886.4378498
time/actor/actor/recv_traj,26,25,686.2728881835938,1789393589.5596023
time/actor/actor/recv_traj,27,26,667.31201171875,1789394279.609526
time/actor/actor/recv_traj,28,27,678.796142578125,1789394978.8509064
time/actor/actor/recv_traj,29,28,702.177490234375,1789395703.6729085
time/actor/actor/recv_traj,30,29,753.0620727539062,1789396842.439424
time/actor/actor/recv_traj,31,30,708.929443359375,1789397570.8948758
time/actor/actor/recv_traj,32,31,746.8611450195312,1789398341.2533557
time/actor/actor/recv_traj,33,32,715.1364135742188,1789399079.8534296
time/actor/actor/recv_traj,34,33,731.7462158203125,1789399834.671468
time/actor/actor/recv_traj,35,34,684.759765625,1789400851.749508
time/actor/actor/recv_traj,36,35,746.6407470703125,1789401614.5868728
time/actor/actor/recv_traj,37,36,717.7575073242188,1789402351.1503718
time/actor/actor/recv_traj,38,37,689.5728759765625,1789403063.2228549
time/actor/actor/recv_traj,39,38,687.362060546875,1789403774.489836
time/actor/actor/recv_traj,40,39,709.7808837890625,1789404857.1951427
time/actor/actor/recv_traj,41,40,695.0296020507812,1789405571.5757105
time/actor/actor/recv_traj,42,41,713.101806640625,1789406308.0142736
time/actor/actor/recv_traj,43,42,710.20068359375,1789407041.2406497
time/actor/actor/recv_traj,44,43,708.4539184570312,1789407773.2015028
time/actor/actor/recv_traj,45,44,697.8297729492188,1789408837.4697146
time/actor/actor/recv_traj,46,45,708.0584106445312,1789409565.3248756
time/actor/actor/recv_traj,47,46,745.3441162109375,1789410334.4216409
time/actor/actor/recv_traj,48,47,739.166259765625,1789411097.0028822
time/actor/actor/recv_traj,49,48,727.083984375,1789411845.1466415
time/actor/actor/recv_traj,50,49,746.1193237304688,1789412993.1391149
time/actor/actor/recv_traj,51,50,759.456787109375,1789413772.655738
time/actor/actor/recv_traj,52,51,703.2926025390625,1789414499.9973626
time/actor/actor/recv_traj,53,52,733.4366455078125,1789415253.8242056
time/actor/actor/recv_traj,54,53,734.874755859375,1789416011.316259
time/actor/actor/recv_traj,55,54,729.7288208007812,1789417118.231783
time/actor/actor/recv_traj,56,55,751.1127319335938,1789417889.3944342
time/actor/actor/recv_traj,57,56,723.9525146484375,1789418637.2329187
time/actor/actor/recv_traj,58,57,721.0294189453125,1789419378.5947318
time/actor/actor/recv_traj,59,58,724.7805786132812,1789420126.9408212
time/actor/actor/recv_traj,60,59,746.1380615234375,1789421289.0072427
time/actor/actor/recv_traj,61,60,737.6223754882812,1789422046.0513406
time/actor/actor/recv_traj,62,61,734.71630859375,1789422804.4796894
time/actor/actor/recv_traj,63,62,726.0802001953125,1789423553.3588974
time/actor/actor/recv_traj,64,63,734.5709838867188,1789424312.1309433
time/actor/actor/recv_traj,65,64,711.3193969726562,1789425401.0998418
time/actor/actor/recv_traj,66,65,764.5184326171875,1789426184.9421391
time/actor/actor/recv_traj,67,66,762.6981201171875,1789426967.4895704
time/actor/actor/recv_traj,68,67,697.8947143554688,1789427688.0626025
time/actor/actor/recv_traj,69,68,742.7330932617188,1789428454.1280813
time/actor/actor/recv_traj,70,69,735.5570678710938,1789429603.6040459
time/actor/actor/recv_traj,71,70,777.67919921875,1789430400.4163008
time/actor/actor/recv_traj,72,71,734.0609130859375,1789431158.5481145
time/actor/actor/recv_traj,73,72,717.5904541015625,1789431897.6278543
time/actor/actor/recv_traj,74,73,712.800537109375,1789432633.0562885
time/actor/actor/recv_traj,75,74,715.3397827148438,1789433665.2390003
time/actor/actor/recv_traj,76,75,739.2457885742188,1789434424.1302276
time/actor/actor/recv_traj,77,76,760.7398681640625,1789435208.51845
time/actor/actor/recv_traj,78,77,718.103515625,1789435950.1110518
time/actor/actor/recv_traj,79,78,719.3955688476562,1789436693.1708457
time/actor/actor/recv_traj,80,79,739.6448974609375,1789437768.211305
time/actor/actor/recv_traj,81,80,646.412109375,1789438430.538513
time/actor/actor/recv_traj,82,81,739.6826171875,1789439192.2066946
time/actor/actor/recv_traj,83,82,766.9767456054688,1789439982.7779245
time/actor/actor/recv_traj,84,83,734.8310546875,1789440739.203338
time/actor/actor/recv_traj,85,84,703.2723388671875,1789441802.8133981
time/actor/actor/recv_traj,86,85,764.8192749023438,1789442586.8035781
time/actor/actor/recv_traj,87,86,744.6497192382812,1789443355.0683494
time/actor/actor/recv_traj,88,87,764.64208984375,1789444140.8741455
time/actor/actor/recv_traj,89,88,747.7131958007812,1789444912.2540767
time/actor/actor/recv_traj,90,89,693.2344360351562,1789446007.514448
time/actor/actor/recv_traj,91,90,731.9301147460938,1789446758.4661815
time/actor/actor/recv_traj,92,91,740.6315307617188,1789447520.403304
time/actor/actor/recv_traj,93,92,723.0602416992188,1789448266.7847188
time/actor/actor/recv_traj,94,93,720.8265991210938,1789449010.9834487
time/actor/actor/recv_traj,95,94,726.19921875,1789450093.1243575
time/actor/actor/recv_traj,96,95,755.2752685546875,1789450867.8656864
time/actor/actor/compute_adv,1,0,0.03184601292014122,1789374009.8169713
time/actor/actor/compute_adv,2,1,0.006009428761899471,1789374676.3188126
time/actor/actor/compute_adv,3,2,0.005968209356069565,1789375352.1558983
time/actor/actor/compute_adv,4,3,0.007486620917916298,1789376064.7772908
time/actor/actor/compute_adv,5,4,0.0075928340665996075,1789377068.3605347
time/actor/actor/compute_adv,6,5,0.010483263060450554,1789377728.4389815
time/actor/actor/compute_adv,7,6,0.007770366035401821,1789378477.9727228
time/actor/actor/compute_adv,8,7,0.0078018479980528355,1789379177.2760997
time/actor/actor/compute_adv,9,8,0.006159582175314426,1789379943.519624
time/actor/actor/compute_adv,10,9,0.006959207821637392,1789381012.4829211
time/actor/actor/compute_adv,11,10,0.0059372298419475555,1789381733.7823057
time/actor/actor/compute_adv,12,11,0.00676493626087904,1789382485.4806294
time/actor/actor/compute_adv,13,12,0.005839180666953325,1789383184.5747387
time/actor/actor/compute_adv,14,13,0.006737531162798405,1789383914.3995235
time/actor/actor/compute_adv,15,14,0.0071790642105042934,1789384976.4906414
time/actor/actor/compute_adv,16,15,0.006210430059581995,1789385701.1092055
time/actor/actor/compute_adv,17,16,0.005929065868258476,1789386444.6197586
time/actor/actor/compute_adv,18,17,0.0066831400617957115,1789387170.0302088
time/actor/actor/compute_adv,19,18,0.009049415588378906,1789387881.0572903
time/actor/actor/compute_adv,20,19,0.006845330353826284,1789388889.8506398
time/actor/actor/compute_adv,21,20,0.007759178057312965,1789389626.220384
time/actor/actor/compute_adv,22,21,0.006982252933084965,1789390354.3184075
time/actor/actor/compute_adv,23,22,0.008091539144515991,1789391092.902265
time/actor/actor/compute_adv,24,23,0.01040725689381361,1789391809.7987177
time/actor/actor/compute_adv,25,24,0.007536105811595917,1789392886.4378595
time/actor/actor/compute_adv,26,25,0.005670103710144758,1789393589.559607
time/actor/actor/compute_adv,27,26,0.00776743795722723,1789394279.609534
time/actor/actor/compute_adv,28,27,0.007496336009353399,1789394978.850914
time/actor/actor/compute_adv,29,28,0.007569296285510063,1789395703.6729147
time/actor/actor/compute_adv,30,29,0.0065828049555420876,1789396842.4394326
time/actor/actor/compute_adv,31,30,0.009307187050580978,1789397570.894882
time/actor/actor/compute_adv,32,31,0.00622300012037158,1789398341.2533624
time/actor/actor/compute_adv,33,32,0.0073140389285981655,1789399079.853435
time/actor/actor/compute_adv,34,33,0.0073133809491992,1789399834.6714742
time/actor/actor/compute_adv,35,34,0.006975417025387287,1789400851.7495294
time/actor/actor/compute_adv,36,35,0.0076614320278167725,1789401614.5868788
time/actor/actor/compute_adv,37,36,0.006981743965297937,1789402351.1503775
time/actor/actor/compute_adv,38,37,0.0071700261905789375,1789403063.222861
time/actor/actor/compute_adv,39,38,0.0065559749491512775,1789403774.4898422
time/actor/actor/compute_adv,40,39,0.0057908701710402966,1789404857.1951485
time/actor/actor/compute_adv,41,40,0.006485326215624809,1789405571.575717
time/actor/actor/compute_adv,42,41,0.00735981622710824,1789406308.01428
time/actor/actor/compute_adv,43,42,0.0066542960703372955,1789407041.240656
time/actor/actor/compute_adv,44,43,0.009071219712495804,1789407773.2015092
time/actor/actor/compute_adv,45,44,0.0068156300112605095,1789408837.4697258
time/actor/actor/compute_adv,46,45,0.008392978459596634,1789409565.3248944
time/actor/actor/compute_adv,47,46,0.006968778092414141,1789410334.4216475
time/actor/actor/compute_adv,48,47,0.006663633044809103,1789411097.0028884
time/actor/actor/compute_adv,49,48,0.006435819901525974,1789411845.1466482
time/actor/actor/compute_adv,50,49,0.00787733681499958,1789412993.1391237
time/actor/actor/compute_adv,51,50,0.008754661306738853,1789413772.6557443
time/actor/actor/compute_adv,52,51,0.008548330515623093,1789414499.9973683
time/actor/actor/compute_adv,53,52,0.006676326971501112,1789415253.8242114
time/actor/actor/compute_adv,54,53,0.007846247404813766,1789416011.3162656
time/actor/actor/compute_adv,55,54,0.006930709350854158,1789417118.2318041
time/actor/actor/compute_adv,56,55,0.006886368151754141,1789417889.3944478
time/actor/actor/compute_adv,57,56,0.007003244943916798,1789418637.232925
time/actor/actor/compute_adv,58,57,0.006160964258015156,1789419378.5947356
time/actor/actor/compute_adv,59,58,0.007502595894038677,1789420126.9408271
time/actor/actor/compute_adv,60,59,0.006814134307205677,1789421289.0072515
time/actor/actor/compute_adv,61,60,0.007789300754666328,1789422046.0513475
time/actor/actor/compute_adv,62,61,0.00829020794481039,1789422804.479696
time/actor/actor/compute_adv,63,62,0.00811659824103117,1789423553.3589044
time/actor/actor/compute_adv,64,63,0.007084303069859743,1789424312.130949
time/actor/actor/compute_adv,65,64,0.012992151081562042,1789425401.099866
time/actor/actor/compute_adv,66,65,0.006692400202155113,1789426184.9421482
time/actor/actor/compute_adv,67,66,0.006758517120033503,1789426967.489576
time/actor/actor/compute_adv,68,67,0.006962629035115242,1789427688.0626094
time/actor/actor/compute_adv,69,68,0.00810676533728838,1789428454.1280873
time/actor/actor/compute_adv,70,69,0.007722027134150267,1789429603.6040537
time/actor/actor/compute_adv,71,70,0.006743705831468105,1789430400.4163067
time/actor/actor/compute_adv,72,71,0.00657378975301981,1789431158.5481248
time/actor/actor/compute_adv,73,72,0.006135992240160704,1789431897.62786
time/actor/actor/compute_adv,74,73,0.006853953003883362,1789432633.0562973
time/actor/actor/compute_adv,75,74,0.007346878293901682,1789433665.239011
time/actor/actor/compute_adv,76,75,0.00701281288638711,1789434424.1302345
time/actor/actor/compute_adv,77,76,0.007383060175925493,1789435208.5184577
time/actor/actor/compute_adv,78,77,0.00749101210385561,1789435950.1110587
time/actor/actor/compute_adv,79,78,0.0061413999646902084,1789436693.170852
time/actor/actor/compute_adv,80,79,0.0072855278849601746,1789437768.2113144
time/actor/actor/compute_adv,81,80,0.010792961344122887,1789438430.5385218
time/actor/actor/compute_adv,82,81,0.008198203518986702,1789439192.2067008
time/actor/actor/compute_adv,83,82,0.0070302290841937065,1789439982.7779312
time/actor/actor/compute_adv,84,83,0.005737373139709234,1789440739.2033443
time/actor/actor/compute_adv,85,84,0.007045009173452854,1789441802.8134086
time/actor/actor/compute_adv,86,85,0.005656132940202951,1789442586.8035853
time/actor/actor/compute_adv,87,86,0.007579805329442024,1789443355.068371
time/actor/actor/compute_adv,88,87,0.006255538202822208,1789444140.8741543
time/actor/actor/compute_adv,89,88,0.00745203485712409,1789444912.2540832
time/actor/actor/compute_adv,90,89,0.0066824909299612045,1789446007.5144572
time/actor/actor/compute_adv,91,90,0.007457309868186712,1789446758.4661875
time/actor/actor/compute_adv,92,91,0.006989233661442995,1789447520.403311
time/actor/actor/compute_adv,93,92,0.007346841040998697,1789448266.7847254
time/actor/actor/compute_adv,94,93,0.0071567390114068985,1789449010.983455
time/actor/actor/compute_adv,95,94,0.006669741123914719,1789450093.1243727
time/actor/actor/compute_adv,96,95,0.006964682135730982,1789450867.8656929
time/actor/run_training,1,0,13.393722534179688,1789374009.8169923
time/actor/run_training,2,1,14.650156021118164,1789374676.3188188
time/actor/run_training,3,2,14.068465232849121,1789375352.1559114
time/actor/run_training,4,3,14.50135326385498,1789376064.7772975
time/actor/run_training,5,4,14.659269332885742,1789377068.3605564
time/actor/run_training,6,5,13.562711715698242,1789377728.4389882
time/actor/run_training,7,6,14.6231050491333,1789378477.9727304
time/actor/run_training,8,7,14.276543617248535,1789379177.2761059
time/actor/run_training,9,8,14.398774147033691,1789379943.5196319
time/actor/run_training,10,9,14.271683692932129,1789381012.4829288
time/actor/run_training,11,10,14.361114501953125,1789381733.7823126
time/actor/run_training,12,11,12.067634582519531,1789382485.4806383
time/actor/run_training,13,12,12.085862159729004,1789383184.5747504
time/actor/run_training,14,13,14.462125778198242,1789383914.3995323
time/actor/run_training,15,14,14.144356727600098,1789384976.490651
time/actor/run_training,16,15,13.240571975708008,1789385701.1092129
time/actor/run_training,17,16,14.031081199645996,1789386444.619765
time/actor/run_training,18,17,13.922882080078125,1789387170.0302162
time/actor/run_training,19,18,12.141754150390625,1789387881.0572958
time/actor/run_training,20,19,13.90793514251709,1789388889.8506455
time/actor/run_training,21,20,13.870725631713867,1789389626.2203898
time/actor/run_training,22,21,14.113785743713379,1789390354.3184135
time/actor/run_training,23,22,14.014238357543945,1789391092.9022722
time/actor/run_training,24,23,14.147613525390625,1789391809.798724
time/actor/run_training,25,24,14.16230297088623,1789392886.4378686
time/actor/run_training,26,25,12.0567626953125,1789393589.5596116
time/actor/run_training,27,26,14.075501441955566,1789394279.609542
time/actor/run_training,28,27,12.08655071258545,1789394978.8509216
time/actor/run_training,29,28,14.010167121887207,1789395703.672921
time/actor/run_training,30,29,14.237796783447266,1789396842.439441
time/actor/run_training,31,30,14.019752502441406,1789397570.8948882
time/actor/run_training,32,31,14.121550559997559,1789398341.253369
time/actor/run_training,33,32,14.017130851745605,1789399079.8534415
time/actor/run_training,34,33,14.112528800964355,1789399834.6714807
time/actor/run_training,35,34,12.09129524230957,1789400851.7495494
time/actor/run_training,36,35,12.026734352111816,1789401614.5868843
time/actor/run_training,37,36,11.976848602294922,1789402351.1503842
time/actor/run_training,38,37,14.167698860168457,1789403063.2228675
time/actor/run_training,39,38,14.231440544128418,1789403774.4898489
time/actor/run_training,40,39,12.54904842376709,1789404857.1951542
time/actor/run_training,41,40,13.695960998535156,1789405571.5757232
time/actor/run_training,42,41,14.318867683410645,1789406308.0142865
time/actor/run_training,43,42,14.079737663269043,1789407041.2406623
time/actor/run_training,44,43,13.98737907409668,1789407773.2015164
time/actor/run_training,45,44,14.00110149383545,1789408837.4697373
time/actor/run_training,46,45,14.061084747314453,1789409565.3249142
time/actor/run_training,47,46,14.089282035827637,1789410334.4216542
time/actor/run_training,48,47,13.986388206481934,1789411097.002894
time/actor/run_training,49,48,13.092867851257324,1789411845.146654
time/actor/run_training,50,49,14.026923179626465,1789412993.1391335
time/actor/run_training,51,50,14.597212791442871,1789413772.6557505
time/actor/run_training,52,51,14.804553985595703,1789414499.9973745
time/actor/run_training,53,52,12.467543601989746,1789415253.824217
time/actor/run_training,54,53,13.6599702835083,1789416011.3162718
time/actor/run_training,55,54,13.97956371307373,1789417118.2318256
time/actor/run_training,56,55,14.568531036376953,1789417889.3944614
time/actor/run_training,57,56,14.326848983764648,1789418637.2329314
time/actor/run_training,58,57,12.551904678344727,1789419378.5947397
time/actor/run_training,59,58,15.161827087402344,1789420126.9408329
time/actor/run_training,60,59,14.717002868652344,1789421289.0072575
time/actor/run_training,61,60,13.97999382019043,1789422046.0513542
time/actor/run_training,62,61,14.130417823791504,1789422804.479703
time/actor/run_training,63,62,13.829696655273438,1789423553.3589115
time/actor/run_training,64,63,15.2031831741333,1789424312.1309552
time/actor/run_training,65,64,15.335845947265625,1789425401.0998876
time/actor/run_training,66,65,13.955339431762695,1789426184.9421592
time/actor/run_training,67,66,12.081564903259277,1789426967.4895818
time/actor/run_training,68,67,14.37922191619873,1789427688.062616
time/actor/run_training,69,68,14.102980613708496,1789428454.1280932
time/actor/run_training,70,69,14.727740287780762,1789429603.6040623
time/actor/run_training,71,70,13.723174095153809,1789430400.4163127
time/actor/run_training,72,71,14.011197090148926,1789431158.5481343
time/actor/run_training,73,72,12.642022132873535,1789431897.627866
time/actor/run_training,74,73,13.986830711364746,1789432633.0563045
time/actor/run_training,75,74,13.945502281188965,1789433665.2390208
time/actor/run_training,76,75,14.058036804199219,1789434424.1302402
time/actor/run_training,77,76,13.98876667022705,1789435208.5184655
time/actor/run_training,78,77,14.22048568725586,1789435950.1110654
time/actor/run_training,79,78,14.014181137084961,1789436693.1708574
time/actor/run_training,80,79,12.124507904052734,1789437768.2113247
time/actor/run_training,81,80,12.233219146728516,1789438430.5385318
time/actor/run_training,82,81,13.326009750366211,1789439192.2067068
time/actor/run_training,83,82,14.12649917602539,1789439982.7779377
time/actor/run_training,84,83,12.373319625854492,1789440739.2033505
time/actor/run_training,85,84,15.239707946777344,1789441802.8134193
time/actor/run_training,86,85,13.457803726196289,1789442586.8035922
time/actor/run_training,87,86,13.580256462097168,1789443355.0683928
time/actor/run_training,88,87,12.850576400756836,1789444140.8741634
time/actor/run_training,89,88,14.25307559967041,1789444912.254089
time/actor/run_training,90,89,14.168362617492676,1789446007.5144658
time/actor/run_training,91,90,13.284286499023438,1789446758.4661937
time/actor/run_training,92,91,13.352925300598145,1789447520.4033182
time/actor/run_training,93,92,14.19243335723877,1789448266.7847316
time/actor/run_training,94,93,13.925585746765137,1789449010.983461
time/actor/run_training,95,94,13.523601531982422,1789450093.1243885
time/actor/run_training,96,95,13.984355926513672,1789450867.8656993
train/actor/approx_kl,1,0,0.045797254890203476,1789374009.8170261
train/actor/approx_kl,2,1,0.061234768480062485,1789374676.3188298
train/actor/approx_kl,3,2,0.02193876914680004,1789375352.1559331
train/actor/approx_kl,4,3,0.021907687187194824,1789376064.7773097
train/actor/approx_kl,5,4,0.037143126130104065,1789377068.361065
train/actor/approx_kl,6,5,0.07650008797645569,1789377728.4389994
train/actor/approx_kl,7,6,0.014947544783353806,1789378477.9727447
train/actor/approx_kl,8,7,0.011131899431347847,1789379177.2761178
train/actor/approx_kl,9,8,0.01908833160996437,1789379943.5196447
train/actor/approx_kl,10,9,0.031868550926446915,1789381012.4832573
train/actor/approx_kl,11,10,0.01580401323735714,1789381733.78232
train/actor/approx_kl,12,11,0.02949773706495762,1789382485.4806483
train/actor/approx_kl,13,12,0.009511101059615612,1789383184.5747662
train/actor/approx_kl,14,13,0.004570154473185539,1789383914.3995454
train/actor/approx_kl,15,14,0.028673622757196426,1789384976.4911761
train/actor/approx_kl,16,15,0.0028521050699055195,1789385701.1092224
train/actor/approx_kl,17,16,0.014003484509885311,1789386444.619772
train/actor/approx_kl,18,17,0.019849581643939018,1789387170.030227
train/actor/approx_kl,19,18,0.007208979222923517,1789387881.0573027
train/actor/approx_kl,20,19,0.002564546652138233,1789388889.851089
train/actor/approx_kl,21,20,0.009103109128773212,1789389626.220397
train/actor/approx_kl,22,21,0.01765921525657177,1789390354.3184242
train/actor/approx_kl,23,22,0.009727908298373222,1789391092.9022837
train/actor/approx_kl,24,23,0.007516964804381132,1789391809.7987347
train/actor/approx_kl,25,24,0.0025556362234055996,1789392886.4386659
train/actor/approx_kl,26,25,0.004899582825601101,1789393589.5596168
train/actor/approx_kl,27,26,0.006089034490287304,1789394279.6095545
train/actor/approx_kl,28,27,0.019529636949300766,1789394978.850933
train/actor/approx_kl,29,28,0.012852204963564873,1789395703.672928
train/actor/approx_kl,30,29,0.035848699510097504,1789396842.4396126
train/actor/approx_kl,31,30,0.054351720958948135,1789397570.8948953
train/actor/approx_kl,32,31,0.0030736932530999184,1789398341.2533805
train/actor/approx_kl,33,32,0.003920302260667086,1789399079.8534484
train/actor/approx_kl,34,33,0.002619978506118059,1789399834.6714907
train/actor/approx_kl,35,34,0.02625078335404396,1789400851.7498295
train/actor/approx_kl,36,35,0.022341206669807434,1789401614.5868912
train/actor/approx_kl,37,36,0.00011267501395195723,1789402351.150391
train/actor/approx_kl,38,37,0.008210512809455395,1789403063.2228742
train/actor/approx_kl,39,38,0.003403635695576668,1789403774.4898589
train/actor/approx_kl,40,39,8.125556632876396e-06,1789404857.1954188
train/actor/approx_kl,41,40,0.001548949396237731,1789405571.5757308
train/actor/approx_kl,42,41,0.009361356496810913,1789406308.0142972
train/actor/approx_kl,43,42,0.011968829669058323,1789407041.2406726
train/actor/approx_kl,44,43,0.003628838574513793,1789407773.2015262
train/actor/approx_kl,45,44,0.009554457850754261,1789408837.470235
train/actor/approx_kl,46,45,0.02483297511935234,1789409565.324946
train/actor/approx_kl,47,46,0.011163095012307167,1789410334.4216645
train/actor/approx_kl,48,47,0.013357691466808319,1789411097.0029042
train/actor/approx_kl,49,48,0.03689056262373924,1789411845.1466634
train/actor/approx_kl,50,49,0.04421615973114967,1789412993.1393764
train/actor/approx_kl,51,50,0.021136339753866196,1789413772.655757
train/actor/approx_kl,52,51,0.015303370542824268,1789414499.997382
train/actor/approx_kl,53,52,0.011222348548471928,1789415253.824224
train/actor/approx_kl,54,53,0.00013865879736840725,1789416011.3162816
train/actor/approx_kl,55,54,0.029820367693901062,1789417118.2326965
train/actor/approx_kl,56,55,0.013473408296704292,1789417889.3944795
train/actor/approx_kl,57,56,0.02425733581185341,1789418637.2329397
train/actor/approx_kl,58,57,0.009819300845265388,1789419378.5947447
train/actor/approx_kl,59,58,0.012674935162067413,1789420126.9408417
train/actor/approx_kl,60,59,0.0027701992075890303,1789421289.0077133
train/actor/approx_kl,61,60,0.0017461534589529037,1789422046.0513659
train/actor/approx_kl,62,61,0.03470775485038757,1789422804.4797137
train/actor/approx_kl,63,62,0.01325293816626072,1789423553.3589218
train/actor/approx_kl,64,63,0.0022640395909547806,1789424312.1309624
train/actor/approx_kl,65,64,0.009755758568644524,1789425401.1008048
train/actor/approx_kl,66,65,0.018897082656621933,1789426184.9421697
train/actor/approx_kl,67,66,0.042350877076387405,1789426967.4895887
train/actor/approx_kl,68,67,0.009091222658753395,1789427688.0626276
train/actor/approx_kl,69,68,0.03132444992661476,1789428454.1281006
train/actor/approx_kl,70,69,0.00560175534337759,1789429603.6045642
train/actor/approx_kl,71,70,0.01626446843147278,1789430400.416319
train/actor/approx_kl,72,71,0.031708911061286926,1789431158.5481503
train/actor/approx_kl,73,72,0.0031910366378724575,1789431897.627874
train/actor/approx_kl,74,73,0.014954674057662487,1789432633.0563135
train/actor/approx_kl,75,74,0.0032971189357340336,1789433665.2395175
train/actor/approx_kl,76,75,0.004642062820494175,1789434424.13025
train/actor/approx_kl,77,76,0.012876437045633793,1789435208.5184755
train/actor/approx_kl,78,77,0.01768963225185871,1789435950.1110759
train/actor/approx_kl,79,78,0.010191915556788445,1789436693.1708639
train/actor/approx_kl,80,79,0.013566797599196434,1789437768.2115414
train/actor/approx_kl,81,80,0.005924898199737072,1789438430.5385425
train/actor/approx_kl,82,81,0.032091982662677765,1789439192.2067137
train/actor/approx_kl,83,82,0.018591998144984245,1789439982.7779474
train/actor/approx_kl,84,83,0.0175342857837677,1789440739.2033577
train/actor/approx_kl,85,84,0.022820929065346718,1789441802.8138373
train/actor/approx_kl,86,85,0.013608861714601517,1789442586.803603
train/actor/approx_kl,87,86,0.017804207280278206,1789443355.068428
train/actor/approx_kl,88,87,0.00776065094396472,1789444140.8741736
train/actor/approx_kl,89,88,0.021279817447066307,1789444912.254099
train/actor/approx_kl,90,89,0.01857449859380722,1789446007.5149138
train/actor/approx_kl,91,90,0.030637700110673904,1789446758.4662006
train/actor/approx_kl,92,91,0.024514785036444664,1789447520.4033298
train/actor/approx_kl,93,92,0.01921183429658413,1789448266.7847393
train/actor/approx_kl,94,93,0.010921619832515717,1789449010.9834673
train/actor/approx_kl,95,94,0.012048553675413132,1789450093.1246996
train/actor/approx_kl,96,95,0.015486299060285091,1789450867.8657103
train/actor/clip_fraction,1,0,0.09223103523254395,1789374009.817046
train/actor/clip_fraction,2,1,0.08814781159162521,1789374676.3188357
train/actor/clip_fraction,3,2,0.061391085386276245,1789375352.1559463
train/actor/clip_fraction,4,3,0.0396449938416481,1789376064.7773173
train/actor/clip_fraction,5,4,0.07053221762180328,1789377068.361088
train/actor/clip_fraction,6,5,0.08790180087089539,1789377728.4390059
train/actor/clip_fraction,7,6,0.029881667345762253,1789378477.9727526
train/actor/clip_fraction,8,7,0.0452050119638443,1789379177.2761238
train/actor/clip_fraction,9,8,0.04807980731129646,1789379943.5196524
train/actor/clip_fraction,10,9,0.05402680113911629,1789381012.4832962
train/actor/clip_fraction,11,10,0.05176874250173569,1789381733.782327
train/actor/clip_fraction,12,11,0.06583865731954575,1789382485.4806583
train/actor/clip_fraction,13,12,0.039071764796972275,1789383184.574778
train/actor/clip_fraction,14,13,0.018528999760746956,1789383914.3995545
train/actor/clip_fraction,15,14,0.07529617846012115,1789384976.4911869
train/actor/clip_fraction,16,15,0.04015238583087921,1789385701.10923
train/actor/clip_fraction,17,16,0.023579368367791176,1789386444.6197786
train/actor/clip_fraction,18,17,0.05339980870485306,1789387170.030234
train/actor/clip_fraction,19,18,0.052287183701992035,1789387881.057309
train/actor/clip_fraction,20,19,0.025253474712371826,1789388889.8510952
train/actor/clip_fraction,21,20,0.04669103026390076,1789389626.2204027
train/actor/clip_fraction,22,21,0.07994116842746735,1789390354.3184314
train/actor/clip_fraction,23,22,0.03280026093125343,1789391092.902291
train/actor/clip_fraction,24,23,0.036070022732019424,1789391809.7987404
train/actor/clip_fraction,25,24,0.023807356134057045,1789392886.4386852
train/actor/clip_fraction,26,25,0.020129336044192314,1789393589.559621
train/actor/clip_fraction,27,26,0.033267367631196976,1789394279.6095626
train/actor/clip_fraction,28,27,0.07885845005512238,1789394978.8509412
train/actor/clip_fraction,29,28,0.05598660558462143,1789395703.6729336
train/actor/clip_fraction,30,29,0.08189816772937775,1789396842.439621
train/actor/clip_fraction,31,30,0.08325645327568054,1789397570.8949015
train/actor/clip_fraction,32,31,0.03731970489025116,1789398341.2533865
train/actor/clip_fraction,33,32,0.044114261865615845,1789399079.8534544
train/actor/clip_fraction,34,33,0.02090183086693287,1789399834.6714964
train/actor/clip_fraction,35,34,0.04811320826411247,1789400851.7498512
train/actor/clip_fraction,36,35,0.04749321937561035,1789401614.5868976
train/actor/clip_fraction,37,36,0.03858419135212898,1789402351.1503973
train/actor/clip_fraction,38,37,0.03462684899568558,1789403063.2228806
train/actor/clip_fraction,39,38,0.024293191730976105,1789403774.4898658
train/actor/clip_fraction,40,39,0.021503638476133347,1789404857.1954253
train/actor/clip_fraction,41,40,0.003678519045934081,1789405571.5757365
train/actor/clip_fraction,42,41,0.05053795874118805,1789406308.0143044
train/actor/clip_fraction,43,42,0.025288831442594528,1789407041.2406793
train/actor/clip_fraction,44,43,0.024879083037376404,1789407773.2015328
train/actor/clip_fraction,45,44,0.020350147038698196,1789408837.4702482
train/actor/clip_fraction,46,45,0.067574143409729,1789409565.3249655
train/actor/clip_fraction,47,46,0.0448930561542511,1789410334.4216712
train/actor/clip_fraction,48,47,0.03923337906599045,1789411097.0029101
train/actor/clip_fraction,49,48,0.08366522192955017,1789411845.1466696
train/actor/clip_fraction,50,49,0.07640336453914642,1789412993.1393902
train/actor/clip_fraction,51,50,0.058909088373184204,1789413772.655763
train/actor/clip_fraction,52,51,0.04366736114025116,1789414499.9973874
train/actor/clip_fraction,53,52,0.024597862735390663,1789415253.82423
train/actor/clip_fraction,54,53,0.03663264960050583,1789416011.316288
train/actor/clip_fraction,55,54,0.10922425985336304,1789417118.2327476
train/actor/clip_fraction,56,55,0.05624009296298027,1789417889.3944926
train/actor/clip_fraction,57,56,0.0916365534067154,1789418637.2329457
train/actor/clip_fraction,58,57,0.027369091287255287,1789419378.5947487
train/actor/clip_fraction,59,58,0.0633733719587326,1789420126.9408476
train/actor/clip_fraction,60,59,0.04662276804447174,1789421289.0077195
train/actor/clip_fraction,61,60,0.015757927671074867,1789422046.0513725
train/actor/clip_fraction,62,61,0.04970984160900116,1789422804.4797206
train/actor/clip_fraction,63,62,0.03083159774541855,1789423553.3589296
train/actor/clip_fraction,64,63,0.025045186281204224,1789424312.130968
train/actor/clip_fraction,65,64,0.027549242600798607,1789425401.100826
train/actor/clip_fraction,66,65,0.06533452123403549,1789426184.942179
train/actor/clip_fraction,67,66,0.08261631429195404,1789426967.4895945
train/actor/clip_fraction,68,67,0.04371596872806549,1789427688.0626347
train/actor/clip_fraction,69,68,0.06772686541080475,1789428454.1281075
train/actor/clip_fraction,70,69,0.03264408931136131,1789429603.6045732
train/actor/clip_fraction,71,70,0.07301552593708038,1789430400.4163253
train/actor/clip_fraction,72,71,0.07893721759319305,1789431158.5481606
train/actor/clip_fraction,73,72,0.051985401660203934,1789431897.6278799
train/actor/clip_fraction,74,73,0.057228825986385345,1789432633.0563219
train/actor/clip_fraction,75,74,0.03182147070765495,1789433665.2395294
train/actor/clip_fraction,76,75,0.04881260544061661,1789434424.1302557
train/actor/clip_fraction,77,76,0.025959080085158348,1789435208.518483
train/actor/clip_fraction,78,77,0.08502550423145294,1789435950.111083
train/actor/clip_fraction,79,78,0.024107344448566437,1789436693.1708698
train/actor/clip_fraction,80,79,0.04247107729315758,1789437768.2115483
train/actor/clip_fraction,81,80,0.03699996694922447,1789438430.538552
train/actor/clip_fraction,82,81,0.05129973217844963,1789439192.2067196
train/actor/clip_fraction,83,82,0.05728497728705406,1789439982.7779539
train/actor/clip_fraction,84,83,0.0390155203640461,1789440739.2033634
train/actor/clip_fraction,85,84,0.03589032590389252,1789441802.8138518
train/actor/clip_fraction,86,85,0.06561726331710815,1789442586.8036096
train/actor/clip_fraction,87,86,0.05117060989141464,1789443355.0684488
train/actor/clip_fraction,88,87,0.022572997957468033,1789444140.8741825
train/actor/clip_fraction,89,88,0.05903448164463043,1789444912.2541056
train/actor/clip_fraction,90,89,0.07587170600891113,1789446007.5149233
train/actor/clip_fraction,91,90,0.05555565655231476,1789446758.4662066
train/actor/clip_fraction,92,91,0.0609903447329998,1789447520.4033372
train/actor/clip_fraction,93,92,0.027056263759732246,1789448266.7847452
train/actor/clip_fraction,94,93,0.03460633009672165,1789449010.9834726
train/actor/clip_fraction,95,94,0.05457933247089386,1789450093.1247158
train/actor/clip_fraction,96,95,0.05772540718317032,1789450867.8657174
train/actor/clipped_ratio,1,0,0.9953058958053589,1789374009.8170657
train/actor/clipped_ratio,2,1,0.9902048707008362,1789374676.318841
train/actor/clipped_ratio,3,2,0.9929869174957275,1789375352.155959
train/actor/clipped_ratio,4,3,0.9965553283691406,1789376064.7773232
train/actor/clipped_ratio,5,4,0.9915399551391602,1789377068.361108
train/actor/clipped_ratio,6,5,0.9853718280792236,1789377728.4390125
train/actor/clipped_ratio,7,6,0.9984059929847717,1789378477.9727607
train/actor/clipped_ratio,8,7,0.9966368675231934,1789379177.2761297
train/actor/clipped_ratio,9,8,0.9960764646530151,1789379943.519661
train/actor/clipped_ratio,10,9,0.9935693740844727,1789381012.4833171
train/actor/clipped_ratio,11,10,0.9949730634689331,1789381733.7823334
train/actor/clipped_ratio,12,11,0.9976773262023926,1789382485.4806669
train/actor/clipped_ratio,13,12,0.9978033304214478,1789383184.57479
train/actor/clipped_ratio,14,13,0.9972357153892517,1789383914.3995633
train/actor/clipped_ratio,15,14,0.992973804473877,1789384976.4911966
train/actor/clipped_ratio,16,15,1.0016679763793945,1789385701.1092372
train/actor/clipped_ratio,17,16,0.9957213401794434,1789386444.619785
train/actor/clipped_ratio,18,17,0.9938846826553345,1789387170.0302405
train/actor/clipped_ratio,19,18,0.9969824552536011,1789387881.0573146
train/actor/clipped_ratio,20,19,1.0004161596298218,1789388889.8511012
train/actor/clipped_ratio,21,20,0.9988304972648621,1789389626.220408
train/actor/clipped_ratio,22,21,0.9955394268035889,1789390354.318437
train/actor/clipped_ratio,23,22,0.9968129992485046,1789391092.902297
train/actor/clipped_ratio,24,23,0.9959415197372437,1789391809.798746
train/actor/clipped_ratio,25,24,1.0001047849655151,1789392886.4386969
train/actor/clipped_ratio,26,25,0.9974847435951233,1789393589.5596254
train/actor/clipped_ratio,27,26,0.9979090690612793,1789394279.6095705
train/actor/clipped_ratio,28,27,0.9959970116615295,1789394978.8509488
train/actor/clipped_ratio,29,28,0.9998602867126465,1789395703.6729395
train/actor/clipped_ratio,30,29,0.9923163652420044,1789396842.4396284
train/actor/clipped_ratio,31,30,0.9890463352203369,1789397570.8949077
train/actor/clipped_ratio,32,31,1.001120924949646,1789398341.253393
train/actor/clipped_ratio,33,32,1.000425934791565,1789399079.8534603
train/actor/clipped_ratio,34,33,1.0003395080566406,1789399834.671502
train/actor/clipped_ratio,35,34,0.9939678907394409,1789400851.7498717
train/actor/clipped_ratio,36,35,0.9917066097259521,1789401614.5869038
train/actor/clipped_ratio,37,36,1.0022691488265991,1789402351.1504028
train/actor/clipped_ratio,38,37,0.9976310729980469,1789403063.222886
train/actor/clipped_ratio,39,38,1.0001881122589111,1789403774.4898722
train/actor/clipped_ratio,40,39,1.0011374950408936,1789404857.1954315
train/actor/clipped_ratio,41,40,0.9993210434913635,1789405571.575743
train/actor/clipped_ratio,42,41,0.9979898929595947,1789406308.0143108
train/actor/clipped_ratio,43,42,0.998557984828949,1789407041.2406855
train/actor/clipped_ratio,44,43,0.9992101192474365,1789407773.2015393
train/actor/clipped_ratio,45,44,0.9987519979476929,1789408837.470259
train/actor/clipped_ratio,46,45,0.9923362731933594,1789409565.3249838
train/actor/clipped_ratio,47,46,0.9973875284194946,1789410334.4216774
train/actor/clipped_ratio,48,47,0.9967586398124695,1789411097.002916
train/actor/clipped_ratio,49,48,0.9900894165039062,1789411845.146675
train/actor/clipped_ratio,50,49,0.9901702404022217,1789412993.1394014
train/actor/clipped_ratio,51,50,0.9961480498313904,1789413772.6557686
train/actor/clipped_ratio,52,51,0.9972356557846069,1789414499.9973934
train/actor/clipped_ratio,53,52,0.9959406852722168,1789415253.8242424
train/actor/clipped_ratio,54,53,0.9989702701568604,1789416011.316294
train/actor/clipped_ratio,55,54,0.9890713691711426,1789417118.232776
train/actor/clipped_ratio,56,55,0.995122492313385,1789417889.3945045
train/actor/clipped_ratio,57,56,0.9942627549171448,1789418637.232952
train/actor/clipped_ratio,58,57,0.9981027841567993,1789419378.5947526
train/actor/clipped_ratio,59,58,0.9973512291908264,1789420126.9408534
train/actor/clipped_ratio,60,59,0.9986403584480286,1789421289.0077255
train/actor/clipped_ratio,61,60,0.9994869232177734,1789422046.0513787
train/actor/clipped_ratio,62,61,0.9922965168952942,1789422804.4797268
train/actor/clipped_ratio,63,62,0.9957120418548584,1789423553.3589363
train/actor/clipped_ratio,64,63,0.9989361763000488,1789424312.130977
train/actor/clipped_ratio,65,64,0.9949901103973389,1789425401.1008358
train/actor/clipped_ratio,66,65,0.9967198371887207,1789426184.942188
train/actor/clipped_ratio,67,66,0.9924407005310059,1789426967.4896002
train/actor/clipped_ratio,68,67,0.9976741075515747,1789427688.0626411
train/actor/clipped_ratio,69,68,0.9933751821517944,1789428454.1281137
train/actor/clipped_ratio,70,69,0.9965239763259888,1789429603.6045814
train/actor/clipped_ratio,71,70,0.9934238195419312,1789430400.416331
train/actor/clipped_ratio,72,71,0.9904597997665405,1789431158.5481703
train/actor/clipped_ratio,73,72,0.9995898008346558,1789431897.6278858
train/actor/clipped_ratio,74,73,0.9952928423881531,1789432633.0563276
train/actor/clipped_ratio,75,74,0.9988317489624023,1789433665.2395403
train/actor/clipped_ratio,76,75,1.0001232624053955,1789434424.1302612
train/actor/clipped_ratio,77,76,0.9952456951141357,1789435208.5184906
train/actor/clipped_ratio,78,77,0.9994659423828125,1789435950.111089
train/actor/clipped_ratio,79,78,0.9962131977081299,1789436693.1708753
train/actor/clipped_ratio,80,79,0.9970301389694214,1789437768.2115545
train/actor/clipped_ratio,81,80,0.9967799186706543,1789438430.5385613
train/actor/clipped_ratio,82,81,0.9931623935699463,1789439192.206726
train/actor/clipped_ratio,83,82,0.9953760504722595,1789439982.7779596
train/actor/clipped_ratio,84,83,0.9953118562698364,1789440739.2033691
train/actor/clipped_ratio,85,84,0.994848370552063,1789441802.813864
train/actor/clipped_ratio,86,85,0.9960845708847046,1789442586.8036165
train/actor/clipped_ratio,87,86,0.9950902462005615,1789443355.0684688
train/actor/clipped_ratio,88,87,0.9993255734443665,1789444140.8741913
train/actor/clipped_ratio,89,88,0.997470498085022,1789444912.254112
train/actor/clipped_ratio,90,89,0.9934766292572021,1789446007.5149317
train/actor/clipped_ratio,91,90,0.991326630115509,1789446758.466212
train/actor/clipped_ratio,92,91,0.9929728507995605,1789447520.4033437
train/actor/clipped_ratio,93,92,0.9933508634567261,1789448266.784751
train/actor/clipped_ratio,94,93,0.9967758655548096,1789449010.9834788
train/actor/clipped_ratio,95,94,0.9979230165481567,1789450093.1247308
train/actor/clipped_ratio,96,95,0.9979363083839417,1789450867.8657243
train/actor/dual_cliped_ratio,1,0,0.0,1789374009.8175547
train/actor/dual_cliped_ratio,2,1,0.0,1789374676.3191957
train/actor/dual_cliped_ratio,3,2,0.0,1789375352.156293
train/actor/dual_cliped_ratio,4,3,0.0,1789376064.7778444
train/actor/dual_cliped_ratio,5,4,0.0,1789377068.361128
train/actor/dual_cliped_ratio,6,5,0.0,1789377728.4395459
train/actor/dual_cliped_ratio,7,6,0.0,1789378477.973221
train/actor/dual_cliped_ratio,8,7,0.0,1789379177.2764282
train/actor/dual_cliped_ratio,9,8,0.0,1789379943.520099
train/actor/dual_cliped_ratio,10,9,0.0,1789381012.483335
train/actor/dual_cliped_ratio,11,10,0.0,1789381733.7830155
train/actor/dual_cliped_ratio,12,11,0.0,1789382485.4809391
train/actor/dual_cliped_ratio,13,12,0.0,1789383184.5752614
train/actor/dual_cliped_ratio,14,13,0.0,1789383914.3997617
train/actor/dual_cliped_ratio,15,14,0.0,1789384976.4912062
train/actor/dual_cliped_ratio,16,15,0.0,1789385701.1097305
train/actor/dual_cliped_ratio,17,16,0.0,1789386444.619959
train/actor/dual_cliped_ratio,18,17,0.0,1789387170.0308728
train/actor/dual_cliped_ratio,19,18,0.0,1789387881.057803
train/actor/dual_cliped_ratio,20,19,0.0,1789388889.8511071
train/actor/dual_cliped_ratio,21,20,0.0,1789389626.2207308
train/actor/dual_cliped_ratio,22,21,0.0,1789390354.3193092
train/actor/dual_cliped_ratio,23,22,0.0,1789391092.9024808
train/actor/dual_cliped_ratio,24,23,0.0,1789391809.7992108
train/actor/dual_cliped_ratio,25,24,0.0,1789392886.4387083
train/actor/dual_cliped_ratio,26,25,0.0,1789393589.5601268
train/actor/dual_cliped_ratio,27,26,0.0,1789394279.6097531
train/actor/dual_cliped_ratio,28,27,0.0,1789394978.8512793
train/actor/dual_cliped_ratio,29,28,0.0,1789395703.6732173
train/actor/dual_cliped_ratio,30,29,0.0,1789396842.4396358
train/actor/dual_cliped_ratio,31,30,0.0,1789397570.8954732
train/actor/dual_cliped_ratio,32,31,0.0,1789398341.2540393
train/actor/dual_cliped_ratio,33,32,0.0,1789399079.8537488
train/actor/dual_cliped_ratio,34,33,0.0,1789399834.6717596
train/actor/dual_cliped_ratio,35,34,0.0,1789400851.749891
train/actor/dual_cliped_ratio,36,35,0.0,1789401614.5872047
train/actor/dual_cliped_ratio,37,36,0.0,1789402351.1506057
train/actor/dual_cliped_ratio,38,37,0.0,1789403063.223126
train/actor/dual_cliped_ratio,39,38,0.0,1789403774.4902399
train/actor/dual_cliped_ratio,40,39,0.0,1789404857.1954372
train/actor/dual_cliped_ratio,41,40,0.0,1789405571.5759676
train/actor/dual_cliped_ratio,42,41,0.0,1789406308.0149577
train/actor/dual_cliped_ratio,43,42,0.0,1789407041.2408912
train/actor/dual_cliped_ratio,44,43,0.0,1789407773.2020223
train/actor/dual_cliped_ratio,45,44,0.0,1789408837.4702692
train/actor/dual_cliped_ratio,46,45,0.0,1789409565.3253841
train/actor/dual_cliped_ratio,47,46,0.0,1789410334.4221842
train/actor/dual_cliped_ratio,48,47,0.0,1789411097.0031648
train/actor/dual_cliped_ratio,49,48,0.0,1789411845.147434
train/actor/dual_cliped_ratio,50,49,0.0,1789412993.1394114
train/actor/dual_cliped_ratio,51,50,0.0,1789413772.6559875
train/actor/dual_cliped_ratio,52,51,0.0,1789414499.997558
train/actor/dual_cliped_ratio,53,52,0.0,1789415253.8244169
train/actor/dual_cliped_ratio,54,53,0.0,1789416011.3165636
train/actor/dual_cliped_ratio,55,54,0.0,1789417118.2327979
train/actor/dual_cliped_ratio,56,55,0.0,1789417889.394756
train/actor/dual_cliped_ratio,57,56,0.0,1789418637.2331862
train/actor/dual_cliped_ratio,58,57,0.0,1789419378.594862
train/actor/dual_cliped_ratio,59,58,0.0,1789420126.9411232
train/actor/dual_cliped_ratio,60,59,0.0,1789421289.0077312
train/actor/dual_cliped_ratio,61,60,0.0,1789422046.0519564
train/actor/dual_cliped_ratio,62,61,0.0,1789422804.4802547
train/actor/dual_cliped_ratio,63,62,0.0,1789423553.3593678
train/actor/dual_cliped_ratio,64,63,0.0,1789424312.1311457
train/actor/dual_cliped_ratio,65,64,0.0,1789425401.100843
train/actor/dual_cliped_ratio,66,65,0.0,1789426184.9431405
train/actor/dual_cliped_ratio,67,66,0.0,1789426967.4897583
train/actor/dual_cliped_ratio,68,67,0.0,1789427688.0630093
train/actor/dual_cliped_ratio,69,68,0.0,1789428454.1286411
train/actor/dual_cliped_ratio,70,69,0.0,1789429603.6045895
train/actor/dual_cliped_ratio,71,70,0.0,1789430400.416761
train/actor/dual_cliped_ratio,72,71,0.0,1789431158.5486302
train/actor/dual_cliped_ratio,73,72,0.0,1789431897.628045
train/actor/dual_cliped_ratio,74,73,0.0,1789432633.0564942
train/actor/dual_cliped_ratio,75,74,0.0,1789433665.239552
train/actor/dual_cliped_ratio,76,75,0.0,1789434424.130431
train/actor/dual_cliped_ratio,77,76,0.0,1789435208.5187004
train/actor/dual_cliped_ratio,78,77,0.0,1789435950.1117806
train/actor/dual_cliped_ratio,79,78,0.0,1789436693.1710505
train/actor/dual_cliped_ratio,80,79,0.0,1789437768.2115605
train/actor/dual_cliped_ratio,81,80,0.0,1789438430.5387778
train/actor/dual_cliped_ratio,82,81,0.0,1789439192.207212
train/actor/dual_cliped_ratio,83,82,0.0,1789439982.778229
train/actor/dual_cliped_ratio,84,83,0.0,1789440739.203757
train/actor/dual_cliped_ratio,85,84,0.0,1789441802.813875
train/actor/dual_cliped_ratio,86,85,0.0,1789442586.804071
train/actor/dual_cliped_ratio,87,86,0.0,1789443355.0689452
train/actor/dual_cliped_ratio,88,87,0.0,1789444140.8744874
train/actor/dual_cliped_ratio,89,88,0.0,1789444912.254674
train/actor/dual_cliped_ratio,90,89,0.0,1789446007.5149398
train/actor/dual_cliped_ratio,91,90,0.0,1789446758.4665265
train/actor/dual_cliped_ratio,92,91,0.0,1789447520.4037244
train/actor/dual_cliped_ratio,93,92,0.0,1789448266.785074
train/actor/dual_cliped_ratio,94,93,0.0,1789449010.98384
train/actor/dual_cliped_ratio,95,94,0.0,1789450093.1247463
train/actor/dual_cliped_ratio,96,95,0.0,1789450867.8665304
train/actor/dvac_top20_boundary_tie_fraction,1,0,0.0,1789374009.8175783
train/actor/dvac_top20_boundary_tie_fraction,2,1,0.0,1789374676.3192039
train/actor/dvac_top20_boundary_tie_fraction,3,2,0.0,1789375352.156308
train/actor/dvac_top20_boundary_tie_fraction,4,3,0.0,1789376064.7778654
train/actor/dvac_top20_boundary_tie_fraction,5,4,0.0,1789377068.3611488
train/actor/dvac_top20_boundary_tie_fraction,6,5,0.0,1789377728.4395537
train/actor/dvac_top20_boundary_tie_fraction,7,6,0.0,1789378477.9732296
train/actor/dvac_top20_boundary_tie_fraction,8,7,0.0,1789379177.2764344
train/actor/dvac_top20_boundary_tie_fraction,9,8,0.0,1789379943.5201087
train/actor/dvac_top20_boundary_tie_fraction,10,9,0.0,1789381012.4833524
train/actor/dvac_top20_boundary_tie_fraction,11,10,0.0,1789381733.7830281
train/actor/dvac_top20_boundary_tie_fraction,12,11,0.0,1789382485.4809494
train/actor/dvac_top20_boundary_tie_fraction,13,12,0.0,1789383184.5752945
train/actor/dvac_top20_boundary_tie_fraction,14,13,0.0,1789383914.3997786
train/actor/dvac_top20_boundary_tie_fraction,15,14,0.0,1789384976.4912155
train/actor/dvac_top20_boundary_tie_fraction,16,15,0.0,1789385701.109739
train/actor/dvac_top20_boundary_tie_fraction,17,16,0.0,1789386444.6199667
train/actor/dvac_top20_boundary_tie_fraction,18,17,0.0,1789387170.0308805
train/actor/dvac_top20_boundary_tie_fraction,19,18,0.0,1789387881.0578098
train/actor/dvac_top20_boundary_tie_fraction,20,19,0.0,1789388889.8511133
train/actor/dvac_top20_boundary_tie_fraction,21,20,0.0,1789389626.2207396
train/actor/dvac_top20_boundary_tie_fraction,22,21,0.0,1789390354.3193305
train/actor/dvac_top20_boundary_tie_fraction,23,22,0.0,1789391092.9024894
train/actor/dvac_top20_boundary_tie_fraction,24,23,0.0,1789391809.7992184
train/actor/dvac_top20_boundary_tie_fraction,25,24,0.0,1789392886.4387193
train/actor/dvac_top20_boundary_tie_fraction,26,25,0.0,1789393589.5601323
train/actor/dvac_top20_boundary_tie_fraction,27,26,0.0,1789394279.6097631
train/actor/dvac_top20_boundary_tie_fraction,28,27,0.0,1789394978.8512862
train/actor/dvac_top20_boundary_tie_fraction,29,28,0.0,1789395703.673224
train/actor/dvac_top20_boundary_tie_fraction,30,29,0.0,1789396842.4396436
train/actor/dvac_top20_boundary_tie_fraction,31,30,0.0,1789397570.8954809
train/actor/dvac_top20_boundary_tie_fraction,32,31,0.0,1789398341.254047
train/actor/dvac_top20_boundary_tie_fraction,33,32,0.0,1789399079.8537562
train/actor/dvac_top20_boundary_tie_fraction,34,33,0.0,1789399834.6717675
train/actor/dvac_top20_boundary_tie_fraction,35,34,0.0,1789400851.7499113
train/actor/dvac_top20_boundary_tie_fraction,36,35,0.0,1789401614.5872107
train/actor/dvac_top20_boundary_tie_fraction,37,36,0.0,1789402351.1506114
train/actor/dvac_top20_boundary_tie_fraction,38,37,0.0,1789403063.2231333
train/actor/dvac_top20_boundary_tie_fraction,39,38,0.0,1789403774.4902613
train/actor/dvac_top20_boundary_tie_fraction,40,39,0.0,1789404857.1954434
train/actor/dvac_top20_boundary_tie_fraction,41,40,0.0,1789405571.575975
train/actor/dvac_top20_boundary_tie_fraction,42,41,0.0,1789406308.0149798
train/actor/dvac_top20_boundary_tie_fraction,43,42,0.0,1789407041.2408986
train/actor/dvac_top20_boundary_tie_fraction,44,43,0.0,1789407773.2020307
train/actor/dvac_top20_boundary_tie_fraction,45,44,0.0,1789408837.47028
train/actor/dvac_top20_boundary_tie_fraction,46,45,0.0,1789409565.325408
train/actor/dvac_top20_boundary_tie_fraction,47,46,0.0,1789410334.4222057
train/actor/dvac_top20_boundary_tie_fraction,48,47,0.0,1789411097.0031714
train/actor/dvac_top20_boundary_tie_fraction,49,48,0.0,1789411845.1474411
train/actor/dvac_top20_boundary_tie_fraction,50,49,0.0,1789412993.1394215
train/actor/dvac_top20_boundary_tie_fraction,51,50,0.0,1789413772.655995
train/actor/dvac_top20_boundary_tie_fraction,52,51,0.0,1789414499.997567
train/actor/dvac_top20_boundary_tie_fraction,53,52,0.0,1789415253.824426
train/actor/dvac_top20_boundary_tie_fraction,54,53,0.0,1789416011.316573
train/actor/dvac_top20_boundary_tie_fraction,55,54,0.0,1789417118.2328207
train/actor/dvac_top20_boundary_tie_fraction,56,55,0.0,1789417889.394771
train/actor/dvac_top20_boundary_tie_fraction,57,56,0.0,1789418637.233195
train/actor/dvac_top20_boundary_tie_fraction,58,57,0.0,1789419378.594868
train/actor/dvac_top20_boundary_tie_fraction,59,58,0.0,1789420126.9411304
train/actor/dvac_top20_boundary_tie_fraction,60,59,0.0,1789421289.0077372
train/actor/dvac_top20_boundary_tie_fraction,61,60,0.0,1789422046.0519788
train/actor/dvac_top20_boundary_tie_fraction,62,61,0.0,1789422804.4802625
train/actor/dvac_top20_boundary_tie_fraction,63,62,0.0,1789423553.3593824
train/actor/dvac_top20_boundary_tie_fraction,64,63,0.0,1789424312.131155
train/actor/dvac_top20_boundary_tie_fraction,65,64,0.0,1789425401.1008506
train/actor/dvac_top20_boundary_tie_fraction,66,65,0.0,1789426184.943162
train/actor/dvac_top20_boundary_tie_fraction,67,66,0.0,1789426967.489767
train/actor/dvac_top20_boundary_tie_fraction,68,67,0.0,1789427688.0630178
train/actor/dvac_top20_boundary_tie_fraction,69,68,0.0,1789428454.1286476
train/actor/dvac_top20_boundary_tie_fraction,70,69,0.0,1789429603.6045978
train/actor/dvac_top20_boundary_tie_fraction,71,70,0.0,1789430400.4167678
train/actor/dvac_top20_boundary_tie_fraction,72,71,0.0,1789431158.548648
train/actor/dvac_top20_boundary_tie_fraction,73,72,0.0,1789431897.6280544
train/actor/dvac_top20_boundary_tie_fraction,74,73,0.0,1789432633.0565033
train/actor/dvac_top20_boundary_tie_fraction,75,74,0.0,1789433665.2395627
train/actor/dvac_top20_boundary_tie_fraction,76,75,0.0,1789434424.1304402
train/actor/dvac_top20_boundary_tie_fraction,77,76,0.0,1789435208.5187125
train/actor/dvac_top20_boundary_tie_fraction,78,77,0.0,1789435950.1118028
train/actor/dvac_top20_boundary_tie_fraction,79,78,0.0,1789436693.1710591
train/actor/dvac_top20_boundary_tie_fraction,80,79,0.0,1789437768.2115664
train/actor/dvac_top20_boundary_tie_fraction,81,80,0.0,1789438430.5387886
train/actor/dvac_top20_boundary_tie_fraction,82,81,0.0,1789439192.2072222
train/actor/dvac_top20_boundary_tie_fraction,83,82,0.0,1789439982.7782366
train/actor/dvac_top20_boundary_tie_fraction,84,83,0.0,1789440739.2037632
train/actor/dvac_top20_boundary_tie_fraction,85,84,0.0,1789441802.8138855
train/actor/dvac_top20_boundary_tie_fraction,86,85,0.0,1789442586.8040795
train/actor/dvac_top20_boundary_tie_fraction,87,86,0.0,1789443355.068988
train/actor/dvac_top20_boundary_tie_fraction,88,87,0.0,1789444140.8744977
train/actor/dvac_top20_boundary_tie_fraction,89,88,0.0,1789444912.2546813
train/actor/dvac_top20_boundary_tie_fraction,90,89,0.0,1789446007.5149484
train/actor/dvac_top20_boundary_tie_fraction,91,90,0.0,1789446758.4665334
train/actor/dvac_top20_boundary_tie_fraction,92,91,0.0,1789447520.4037468
train/actor/dvac_top20_boundary_tie_fraction,93,92,0.0,1789448266.7850816
train/actor/dvac_top20_boundary_tie_fraction,94,93,0.0,1789449010.983847
train/actor/dvac_top20_boundary_tie_fraction,95,94,0.0,1789450093.1247628
train/actor/dvac_top20_boundary_tie_fraction,96,95,0.0,1789450867.8665519
train/actor/dvac_top20_constant_domain_fraction,1,0,0.0,1789374009.8176048
train/actor/dvac_top20_constant_domain_fraction,2,1,0.0,1789374676.3192108
train/actor/dvac_top20_constant_domain_fraction,3,2,0.0,1789375352.1563222
train/actor/dvac_top20_constant_domain_fraction,4,3,0.0,1789376064.777876
train/actor/dvac_top20_constant_domain_fraction,5,4,0.0,1789377068.3611724
train/actor/dvac_top20_constant_domain_fraction,6,5,0.0,1789377728.4395611
train/actor/dvac_top20_constant_domain_fraction,7,6,0.0,1789378477.9732375
train/actor/dvac_top20_constant_domain_fraction,8,7,0.0,1789379177.2764409
train/actor/dvac_top20_constant_domain_fraction,9,8,0.0,1789379943.5201185
train/actor/dvac_top20_constant_domain_fraction,10,9,0.0,1789381012.48337
train/actor/dvac_top20_constant_domain_fraction,11,10,0.0,1789381733.7830365
train/actor/dvac_top20_constant_domain_fraction,12,11,0.0,1789382485.4809592
train/actor/dvac_top20_constant_domain_fraction,13,12,0.0,1789383184.5753133
train/actor/dvac_top20_constant_domain_fraction,14,13,0.0,1789383914.399791
train/actor/dvac_top20_constant_domain_fraction,15,14,0.0,1789384976.4912267
train/actor/dvac_top20_constant_domain_fraction,16,15,0.0,1789385701.1097474
train/actor/dvac_top20_constant_domain_fraction,17,16,0.0,1789386444.6199737
train/actor/dvac_top20_constant_domain_fraction,18,17,0.0,1789387170.0308871
train/actor/dvac_top20_constant_domain_fraction,19,18,0.0,1789387881.0578158
train/actor/dvac_top20_constant_domain_fraction,20,19,0.0,1789388889.8511198
train/actor/dvac_top20_constant_domain_fraction,21,20,0.0,1789389626.2207487
train/actor/dvac_top20_constant_domain_fraction,22,21,0.0,1789390354.3193417
train/actor/dvac_top20_constant_domain_fraction,23,22,0.0,1789391092.902496
train/actor/dvac_top20_constant_domain_fraction,24,23,0.0,1789391809.799225
train/actor/dvac_top20_constant_domain_fraction,25,24,0.0,1789392886.4387302
train/actor/dvac_top20_constant_domain_fraction,26,25,0.0,1789393589.5601373
train/actor/dvac_top20_constant_domain_fraction,27,26,0.0,1789394279.6097722
train/actor/dvac_top20_constant_domain_fraction,28,27,0.0,1789394978.8512924
train/actor/dvac_top20_constant_domain_fraction,29,28,0.0,1789395703.6732304
train/actor/dvac_top20_constant_domain_fraction,30,29,0.0,1789396842.4396515
train/actor/dvac_top20_constant_domain_fraction,31,30,0.0,1789397570.8954878
train/actor/dvac_top20_constant_domain_fraction,32,31,0.0,1789398341.254055
train/actor/dvac_top20_constant_domain_fraction,33,32,0.0,1789399079.8537636
train/actor/dvac_top20_constant_domain_fraction,34,33,0.0,1789399834.6717744
train/actor/dvac_top20_constant_domain_fraction,35,34,0.0,1789400851.7499325
train/actor/dvac_top20_constant_domain_fraction,36,35,0.0,1789401614.5872169
train/actor/dvac_top20_constant_domain_fraction,37,36,0.0,1789402351.1506171
train/actor/dvac_top20_constant_domain_fraction,38,37,0.0,1789403063.223141
train/actor/dvac_top20_constant_domain_fraction,39,38,0.0,1789403774.4902723
train/actor/dvac_top20_constant_domain_fraction,40,39,0.0,1789404857.1954498
train/actor/dvac_top20_constant_domain_fraction,41,40,0.0,1789405571.5759819
train/actor/dvac_top20_constant_domain_fraction,42,41,0.0,1789406308.0149908
train/actor/dvac_top20_constant_domain_fraction,43,42,0.0,1789407041.2409058
train/actor/dvac_top20_constant_domain_fraction,44,43,0.0,1789407773.2020383
train/actor/dvac_top20_constant_domain_fraction,45,44,0.0,1789408837.4702919
train/actor/dvac_top20_constant_domain_fraction,46,45,0.0,1789409565.325428
train/actor/dvac_top20_constant_domain_fraction,47,46,0.0,1789410334.4222164
train/actor/dvac_top20_constant_domain_fraction,48,47,0.0,1789411097.0031774
train/actor/dvac_top20_constant_domain_fraction,49,48,0.0,1789411845.1474476
train/actor/dvac_top20_constant_domain_fraction,50,49,0.0,1789412993.1394308
train/actor/dvac_top20_constant_domain_fraction,51,50,0.0,1789413772.656002
train/actor/dvac_top20_constant_domain_fraction,52,51,0.0,1789414499.9975739
train/actor/dvac_top20_constant_domain_fraction,53,52,0.0,1789415253.8244333
train/actor/dvac_top20_constant_domain_fraction,54,53,0.0,1789416011.31658
train/actor/dvac_top20_constant_domain_fraction,55,54,0.0,1789417118.2328417
train/actor/dvac_top20_constant_domain_fraction,56,55,0.0,1789417889.3947852
train/actor/dvac_top20_constant_domain_fraction,57,56,0.0,1789418637.233202
train/actor/dvac_top20_constant_domain_fraction,58,57,0.0,1789419378.5948725
train/actor/dvac_top20_constant_domain_fraction,59,58,0.0,1789420126.941137
train/actor/dvac_top20_constant_domain_fraction,60,59,0.0,1789421289.0077436
train/actor/dvac_top20_constant_domain_fraction,61,60,0.0,1789422046.051989
train/actor/dvac_top20_constant_domain_fraction,62,61,0.0,1789422804.480269
train/actor/dvac_top20_constant_domain_fraction,63,62,0.0,1789423553.35939
train/actor/dvac_top20_constant_domain_fraction,64,63,0.0,1789424312.1311622
train/actor/dvac_top20_constant_domain_fraction,65,64,0.0,1789425401.100858
train/actor/dvac_top20_constant_domain_fraction,66,65,0.0,1789426184.9431717
train/actor/dvac_top20_constant_domain_fraction,67,66,0.0,1789426967.4897738
train/actor/dvac_top20_constant_domain_fraction,68,67,0.0,1789427688.0630257
train/actor/dvac_top20_constant_domain_fraction,69,68,0.0,1789428454.1286545
train/actor/dvac_top20_constant_domain_fraction,70,69,0.0,1789429603.6046054
train/actor/dvac_top20_constant_domain_fraction,71,70,0.0,1789430400.4167747
train/actor/dvac_top20_constant_domain_fraction,72,71,0.0,1789431158.5486612
train/actor/dvac_top20_constant_domain_fraction,73,72,0.0,1789431897.6280615
train/actor/dvac_top20_constant_domain_fraction,74,73,0.0,1789432633.0565102
train/actor/dvac_top20_constant_domain_fraction,75,74,0.0,1789433665.2395742
train/actor/dvac_top20_constant_domain_fraction,76,75,0.0,1789434424.130447
train/actor/dvac_top20_constant_domain_fraction,77,76,0.0,1789435208.518722
train/actor/dvac_top20_constant_domain_fraction,78,77,0.0,1789435950.1118133
train/actor/dvac_top20_constant_domain_fraction,79,78,0.0,1789436693.1710656
train/actor/dvac_top20_constant_domain_fraction,80,79,0.0,1789437768.211573
train/actor/dvac_top20_constant_domain_fraction,81,80,0.0,1789438430.538799
train/actor/dvac_top20_constant_domain_fraction,82,81,0.0,1789439192.20723
train/actor/dvac_top20_constant_domain_fraction,83,82,0.0,1789439982.7782433
train/actor/dvac_top20_constant_domain_fraction,84,83,0.0,1789440739.2037704
train/actor/dvac_top20_constant_domain_fraction,85,84,0.0,1789441802.8138967
train/actor/dvac_top20_constant_domain_fraction,86,85,0.0,1789442586.8040876
train/actor/dvac_top20_constant_domain_fraction,87,86,0.0,1789443355.0690134
train/actor/dvac_top20_constant_domain_fraction,88,87,0.0,1789444140.8745072
train/actor/dvac_top20_constant_domain_fraction,89,88,0.0,1789444912.2546892
train/actor/dvac_top20_constant_domain_fraction,90,89,0.0,1789446007.5149577
train/actor/dvac_top20_constant_domain_fraction,91,90,0.0,1789446758.4665399
train/actor/dvac_top20_constant_domain_fraction,92,91,0.0,1789447520.4037585
train/actor/dvac_top20_constant_domain_fraction,93,92,0.0,1789448266.7850883
train/actor/dvac_top20_constant_domain_fraction,94,93,0.0,1789449010.9838538
train/actor/dvac_top20_constant_domain_fraction,95,94,0.0,1789450093.1247787
train/actor/dvac_top20_constant_domain_fraction,96,95,0.0,1789450867.8665617
train/actor/dvac_top20_empty_chunk_fraction,1,0,0.13110539317131042,1789374009.8176255
train/actor/dvac_top20_empty_chunk_fraction,2,1,0.0950118750333786,1789374676.3192177
train/actor/dvac_top20_empty_chunk_fraction,3,2,0.09749303758144379,1789375352.1563358
train/actor/dvac_top20_empty_chunk_fraction,4,3,0.10476190596818924,1789376064.7778835
train/actor/dvac_top20_empty_chunk_fraction,5,4,0.13333334028720856,1789377068.3611925
train/actor/dvac_top20_empty_chunk_fraction,6,5,0.0858725756406784,1789377728.4395683
train/actor/dvac_top20_empty_chunk_fraction,7,6,0.06724511831998825,1789378477.9732451
train/actor/dvac_top20_empty_chunk_fraction,8,7,0.13573406636714935,1789379177.2764466
train/actor/dvac_top20_empty_chunk_fraction,9,8,0.080684594810009,1789379943.5201273
train/actor/dvac_top20_empty_chunk_fraction,10,9,0.07126948982477188,1789381012.4833848
train/actor/dvac_top20_empty_chunk_fraction,11,10,0.08656716346740723,1789381733.7830434
train/actor/dvac_top20_empty_chunk_fraction,12,11,0.09609609842300415,1789382485.4809685
train/actor/dvac_top20_empty_chunk_fraction,13,12,0.0641399398446083,1789383184.5753286
train/actor/dvac_top20_empty_chunk_fraction,14,13,0.06469002366065979,1789383914.3998067
train/actor/dvac_top20_empty_chunk_fraction,15,14,0.10022271424531937,1789384976.4912355
train/actor/dvac_top20_empty_chunk_fraction,16,15,0.07061503082513809,1789385701.1097553
train/actor/dvac_top20_empty_chunk_fraction,17,16,0.0390625,1789386444.61998
train/actor/dvac_top20_empty_chunk_fraction,18,17,0.07199999690055847,1789387170.030893
train/actor/dvac_top20_empty_chunk_fraction,19,18,0.06549118459224701,1789387881.0578218
train/actor/dvac_top20_empty_chunk_fraction,20,19,0.0451977401971817,1789388889.8511264
train/actor/dvac_top20_empty_chunk_fraction,21,20,0.07389162480831146,1789389626.2207572
train/actor/dvac_top20_empty_chunk_fraction,22,21,0.08495145291090012,1789390354.319349
train/actor/dvac_top20_empty_chunk_fraction,23,22,0.0555555559694767,1789391092.902503
train/actor/dvac_top20_empty_chunk_fraction,24,23,0.0882352963089943,1789391809.799232
train/actor/dvac_top20_empty_chunk_fraction,25,24,0.04927536100149155,1789392886.43874
train/actor/dvac_top20_empty_chunk_fraction,26,25,0.02413793094456196,1789393589.560142
train/actor/dvac_top20_empty_chunk_fraction,27,26,0.02770780771970749,1789394279.6097808
train/actor/dvac_top20_empty_chunk_fraction,28,27,0.058171745389699936,1789394978.8512983
train/actor/dvac_top20_empty_chunk_fraction,29,28,0.06842105090618134,1789395703.6732368
train/actor/dvac_top20_empty_chunk_fraction,30,29,0.0623229444026947,1789396842.4396594
train/actor/dvac_top20_empty_chunk_fraction,31,30,0.04597701132297516,1789397570.8954942
train/actor/dvac_top20_empty_chunk_fraction,32,31,0.037974681705236435,1789398341.2540612
train/actor/dvac_top20_empty_chunk_fraction,33,32,0.030434781685471535,1789399079.8537693
train/actor/dvac_top20_empty_chunk_fraction,34,33,0.027027027681469917,1789399834.671781
train/actor/dvac_top20_empty_chunk_fraction,35,34,0.015748031437397003,1789400851.7499535
train/actor/dvac_top20_empty_chunk_fraction,36,35,0.02902374602854252,1789401614.587223
train/actor/dvac_top20_empty_chunk_fraction,37,36,0.04054053872823715,1789402351.1506226
train/actor/dvac_top20_empty_chunk_fraction,38,37,0.046875,1789403063.2231472
train/actor/dvac_top20_empty_chunk_fraction,39,38,0.028795812278985977,1789403774.49028
train/actor/dvac_top20_empty_chunk_fraction,40,39,0.045584045350551605,1789404857.1954558
train/actor/dvac_top20_empty_chunk_fraction,41,40,0.030379746109247208,1789405571.5759888
train/actor/dvac_top20_empty_chunk_fraction,42,41,0.04137931019067764,1789406308.0149984
train/actor/dvac_top20_empty_chunk_fraction,43,42,0.03611738234758377,1789407041.240912
train/actor/dvac_top20_empty_chunk_fraction,44,43,0.05369127541780472,1789407773.2020457
train/actor/dvac_top20_empty_chunk_fraction,45,44,0.050531916320323944,1789408837.4703033
train/actor/dvac_top20_empty_chunk_fraction,46,45,0.06338027864694595,1789409565.3254464
train/actor/dvac_top20_empty_chunk_fraction,47,46,0.0661577582359314,1789410334.4222245
train/actor/dvac_top20_empty_chunk_fraction,48,47,0.052505966275930405,1789411097.0031838
train/actor/dvac_top20_empty_chunk_fraction,49,48,0.08310992270708084,1789411845.1474543
train/actor/dvac_top20_empty_chunk_fraction,50,49,0.040816325694322586,1789412993.139441
train/actor/dvac_top20_empty_chunk_fraction,51,50,0.037135276943445206,1789413772.6560085
train/actor/dvac_top20_empty_chunk_fraction,52,51,0.04028436169028282,1789414499.9975803
train/actor/dvac_top20_empty_chunk_fraction,53,52,0.06544502824544907,1789415253.8244395
train/actor/dvac_top20_empty_chunk_fraction,54,53,0.06324110925197601,1789416011.3165867
train/actor/dvac_top20_empty_chunk_fraction,55,54,0.058666665107011795,1789417118.2328613
train/actor/dvac_top20_empty_chunk_fraction,56,55,0.0629139095544815,1789417889.3947983
train/actor/dvac_top20_empty_chunk_fraction,57,56,0.04040404036641121,1789418637.2332082
train/actor/dvac_top20_empty_chunk_fraction,58,57,0.03801169618964195,1789419378.594877
train/actor/dvac_top20_empty_chunk_fraction,59,58,0.03437500074505806,1789420126.941143
train/actor/dvac_top20_empty_chunk_fraction,60,59,0.04285714402794838,1789421289.0077496
train/actor/dvac_top20_empty_chunk_fraction,61,60,0.01711491495370865,1789422046.0519974
train/actor/dvac_top20_empty_chunk_fraction,62,61,0.02838427945971489,1789422804.4802754
train/actor/dvac_top20_empty_chunk_fraction,63,62,0.017804155126214027,1789423553.3593967
train/actor/dvac_top20_empty_chunk_fraction,64,63,0.028011204674839973,1789424312.1311686
train/actor/dvac_top20_empty_chunk_fraction,65,64,0.03141361102461815,1789425401.1008646
train/actor/dvac_top20_empty_chunk_fraction,66,65,0.017369726672768593,1789426184.943179
train/actor/dvac_top20_empty_chunk_fraction,67,66,0.012232416309416294,1789426967.48978
train/actor/dvac_top20_empty_chunk_fraction,68,67,0.0063965884037315845,1789427688.063032
train/actor/dvac_top20_empty_chunk_fraction,69,68,0.002816901309415698,1789428454.1286612
train/actor/dvac_top20_empty_chunk_fraction,70,69,0.008771929889917374,1789429603.6046143
train/actor/dvac_top20_empty_chunk_fraction,71,70,0.0160857904702425,1789430400.416781
train/actor/dvac_top20_empty_chunk_fraction,72,71,0.016706444323062897,1789431158.548672
train/actor/dvac_top20_empty_chunk_fraction,73,72,0.005025125574320555,1789431897.6280675
train/actor/dvac_top20_empty_chunk_fraction,74,73,0.006593406666070223,1789432633.0565171
train/actor/dvac_top20_empty_chunk_fraction,75,74,0.014925372786819935,1789433665.239586
train/actor/dvac_top20_empty_chunk_fraction,76,75,0.007462686393409967,1789434424.1304536
train/actor/dvac_top20_empty_chunk_fraction,77,76,0.007957560010254383,1789435208.5187302
train/actor/dvac_top20_empty_chunk_fraction,78,77,0.016438355669379234,1789435950.1118217
train/actor/dvac_top20_empty_chunk_fraction,79,78,0.007263922598212957,1789436693.171072
train/actor/dvac_top20_empty_chunk_fraction,80,79,0.008333333767950535,1789437768.2115788
train/actor/dvac_top20_empty_chunk_fraction,81,80,0.002597402548417449,1789438430.5388088
train/actor/dvac_top20_empty_chunk_fraction,82,81,0.009900989942252636,1789439192.2072368
train/actor/dvac_top20_empty_chunk_fraction,83,82,0.013661202043294907,1789439982.7782497
train/actor/dvac_top20_empty_chunk_fraction,84,83,0.010075566358864307,1789440739.2037764
train/actor/dvac_top20_empty_chunk_fraction,85,84,0.0,1789441802.8139074
train/actor/dvac_top20_empty_chunk_fraction,86,85,0.007352941203862429,1789442586.8040948
train/actor/dvac_top20_empty_chunk_fraction,87,86,0.011904762126505375,1789443355.0690322
train/actor/dvac_top20_empty_chunk_fraction,88,87,0.01952277682721615,1789444140.8745165
train/actor/dvac_top20_empty_chunk_fraction,89,88,0.009049774147570133,1789444912.2546964
train/actor/dvac_top20_empty_chunk_fraction,90,89,0.004819277208298445,1789446007.5149665
train/actor/dvac_top20_empty_chunk_fraction,91,90,0.014492753893136978,1789446758.466546
train/actor/dvac_top20_empty_chunk_fraction,92,91,0.0024937656708061695,1789447520.4037673
train/actor/dvac_top20_empty_chunk_fraction,93,92,0.007177033461630344,1789448266.7850947
train/actor/dvac_top20_empty_chunk_fraction,94,93,0.006191950291395187,1789449010.9838605
train/actor/dvac_top20_empty_chunk_fraction,95,94,0.015789473429322243,1789450093.1247954
train/actor/dvac_top20_empty_chunk_fraction,96,95,0.012690355069935322,1789450867.866569
train/actor/dvac_top20_final_nonzero_fraction,1,0,0.6000000238418579,1789374009.8176458
train/actor/dvac_top20_final_nonzero_fraction,2,1,0.20000000298023224,1789374676.319224
train/actor/dvac_top20_final_nonzero_fraction,3,2,0.20000000298023224,1789375352.156349
train/actor/dvac_top20_final_nonzero_fraction,4,3,0.20000000298023224,1789376064.777891
train/actor/dvac_top20_final_nonzero_fraction,5,4,0.20000000298023224,1789377068.361211
train/actor/dvac_top20_final_nonzero_fraction,6,5,0.20000000298023224,1789377728.4395747
train/actor/dvac_top20_final_nonzero_fraction,7,6,0.20000000298023224,1789378477.9732523
train/actor/dvac_top20_final_nonzero_fraction,8,7,0.20000000298023224,1789379177.2764523
train/actor/dvac_top20_final_nonzero_fraction,9,8,0.20000000298023224,1789379943.520135
train/actor/dvac_top20_final_nonzero_fraction,10,9,0.20000000298023224,1789381012.4834
train/actor/dvac_top20_final_nonzero_fraction,11,10,0.20000000298023224,1789381733.7830503
train/actor/dvac_top20_final_nonzero_fraction,12,11,0.20000000298023224,1789382485.480978
train/actor/dvac_top20_final_nonzero_fraction,13,12,0.20000000298023224,1789383184.575341
train/actor/dvac_top20_final_nonzero_fraction,14,13,0.20000000298023224,1789383914.399817
train/actor/dvac_top20_final_nonzero_fraction,15,14,0.20000000298023224,1789384976.4912455
train/actor/dvac_top20_final_nonzero_fraction,16,15,0.20000000298023224,1789385701.1097631
train/actor/dvac_top20_final_nonzero_fraction,17,16,0.20000000298023224,1789386444.619986
train/actor/dvac_top20_final_nonzero_fraction,18,17,0.20000000298023224,1789387170.030899
train/actor/dvac_top20_final_nonzero_fraction,19,18,0.20000000298023224,1789387881.0578275
train/actor/dvac_top20_final_nonzero_fraction,20,19,0.20000000298023224,1789388889.851134
train/actor/dvac_top20_final_nonzero_fraction,21,20,0.20000000298023224,1789389626.220765
train/actor/dvac_top20_final_nonzero_fraction,22,21,0.6000000238418579,1789390354.3193564
train/actor/dvac_top20_final_nonzero_fraction,23,22,0.20000000298023224,1789391092.90251
train/actor/dvac_top20_final_nonzero_fraction,24,23,0.20000000298023224,1789391809.7992377
train/actor/dvac_top20_final_nonzero_fraction,25,24,0.20000000298023224,1789392886.438749
train/actor/dvac_top20_final_nonzero_fraction,26,25,0.20000000298023224,1789393589.5601466
train/actor/dvac_top20_final_nonzero_fraction,27,26,0.20000000298023224,1789394279.6097891
train/actor/dvac_top20_final_nonzero_fraction,28,27,0.20000000298023224,1789394978.851304
train/actor/dvac_top20_final_nonzero_fraction,29,28,0.20000000298023224,1789395703.6732426
train/actor/dvac_top20_final_nonzero_fraction,30,29,0.6000000238418579,1789396842.4396667
train/actor/dvac_top20_final_nonzero_fraction,31,30,0.20000000298023224,1789397570.8954997
train/actor/dvac_top20_final_nonzero_fraction,32,31,0.20000000298023224,1789398341.2540677
train/actor/dvac_top20_final_nonzero_fraction,33,32,0.20000000298023224,1789399079.8537748
train/actor/dvac_top20_final_nonzero_fraction,34,33,0.20000000298023224,1789399834.6717873
train/actor/dvac_top20_final_nonzero_fraction,35,34,1.0,1789400851.749974
train/actor/dvac_top20_final_nonzero_fraction,36,35,0.20000000298023224,1789401614.587229
train/actor/dvac_top20_final_nonzero_fraction,37,36,0.20000000298023224,1789402351.1506288
train/actor/dvac_top20_final_nonzero_fraction,38,37,0.20000000298023224,1789403063.2231534
train/actor/dvac_top20_final_nonzero_fraction,39,38,0.6000000238418579,1789403774.490287
train/actor/dvac_top20_final_nonzero_fraction,40,39,1.0,1789404857.1954622
train/actor/dvac_top20_final_nonzero_fraction,41,40,0.20000000298023224,1789405571.5759957
train/actor/dvac_top20_final_nonzero_fraction,42,41,0.20000000298023224,1789406308.015006
train/actor/dvac_top20_final_nonzero_fraction,43,42,0.20000000298023224,1789407041.2409174
train/actor/dvac_top20_final_nonzero_fraction,44,43,0.20000000298023224,1789407773.2020526
train/actor/dvac_top20_final_nonzero_fraction,45,44,0.20000000298023224,1789408837.4703145
train/actor/dvac_top20_final_nonzero_fraction,46,45,0.20000000298023224,1789409565.3254652
train/actor/dvac_top20_final_nonzero_fraction,47,46,0.6000000238418579,1789410334.4222314
train/actor/dvac_top20_final_nonzero_fraction,48,47,0.6000000238418579,1789411097.0031898
train/actor/dvac_top20_final_nonzero_fraction,49,48,0.20000000298023224,1789411845.1474607
train/actor/dvac_top20_final_nonzero_fraction,50,49,0.20000000298023224,1789412993.1394498
train/actor/dvac_top20_final_nonzero_fraction,51,50,0.20000000298023224,1789413772.6560144
train/actor/dvac_top20_final_nonzero_fraction,52,51,0.20000000298023224,1789414499.9975863
train/actor/dvac_top20_final_nonzero_fraction,53,52,0.6000000238418579,1789415253.8244457
train/actor/dvac_top20_final_nonzero_fraction,54,53,0.20000000298023224,1789416011.316594
train/actor/dvac_top20_final_nonzero_fraction,55,54,0.20000000298023224,1789417118.2328823
train/actor/dvac_top20_final_nonzero_fraction,56,55,0.20000000298023224,1789417889.394818
train/actor/dvac_top20_final_nonzero_fraction,57,56,0.6000000238418579,1789418637.2332144
train/actor/dvac_top20_final_nonzero_fraction,58,57,0.20000000298023224,1789419378.594881
train/actor/dvac_top20_final_nonzero_fraction,59,58,0.6000000238418579,1789420126.941149
train/actor/dvac_top20_final_nonzero_fraction,60,59,0.20000000298023224,1789421289.0077558
train/actor/dvac_top20_final_nonzero_fraction,61,60,0.20000000298023224,1789422046.0520043
train/actor/dvac_top20_final_nonzero_fraction,62,61,0.20000000298023224,1789422804.4802816
train/actor/dvac_top20_final_nonzero_fraction,63,62,0.20000000298023224,1789423553.3594024
train/actor/dvac_top20_final_nonzero_fraction,64,63,0.20000000298023224,1789424312.1311748
train/actor/dvac_top20_final_nonzero_fraction,65,64,0.20000000298023224,1789425401.1008716
train/actor/dvac_top20_final_nonzero_fraction,66,65,0.20000000298023224,1789426184.9431858
train/actor/dvac_top20_final_nonzero_fraction,67,66,0.20000000298023224,1789426967.4897854
train/actor/dvac_top20_final_nonzero_fraction,68,67,0.20000000298023224,1789427688.0630376
train/actor/dvac_top20_final_nonzero_fraction,69,68,0.6000000238418579,1789428454.1286705
train/actor/dvac_top20_final_nonzero_fraction,70,69,0.20000000298023224,1789429603.6046221
train/actor/dvac_top20_final_nonzero_fraction,71,70,0.20000000298023224,1789430400.4167871
train/actor/dvac_top20_final_nonzero_fraction,72,71,0.6000000238418579,1789431158.5486822
train/actor/dvac_top20_final_nonzero_fraction,73,72,0.20000000298023224,1789431897.6280732
train/actor/dvac_top20_final_nonzero_fraction,74,73,0.20000000298023224,1789432633.0565228
train/actor/dvac_top20_final_nonzero_fraction,75,74,0.20000000298023224,1789433665.239597
train/actor/dvac_top20_final_nonzero_fraction,76,75,0.20000000298023224,1789434424.1304593
train/actor/dvac_top20_final_nonzero_fraction,77,76,0.6000000238418579,1789435208.5187383
train/actor/dvac_top20_final_nonzero_fraction,78,77,0.20000000298023224,1789435950.1118279
train/actor/dvac_top20_final_nonzero_fraction,79,78,0.20000000298023224,1789436693.1710782
train/actor/dvac_top20_final_nonzero_fraction,80,79,0.20000000298023224,1789437768.2115846
train/actor/dvac_top20_final_nonzero_fraction,81,80,0.6000000238418579,1789438430.5388186
train/actor/dvac_top20_final_nonzero_fraction,82,81,0.20000000298023224,1789439192.207243
train/actor/dvac_top20_final_nonzero_fraction,83,82,0.20000000298023224,1789439982.7782564
train/actor/dvac_top20_final_nonzero_fraction,84,83,0.20000000298023224,1789440739.2037823
train/actor/dvac_top20_final_nonzero_fraction,85,84,0.20000000298023224,1789441802.8139179
train/actor/dvac_top20_final_nonzero_fraction,86,85,0.6000000238418579,1789442586.8041008
train/actor/dvac_top20_final_nonzero_fraction,87,86,0.20000000298023224,1789443355.0690496
train/actor/dvac_top20_final_nonzero_fraction,88,87,0.20000000298023224,1789444140.874525
train/actor/dvac_top20_final_nonzero_fraction,89,88,0.20000000298023224,1789444912.2547026
train/actor/dvac_top20_final_nonzero_fraction,90,89,0.20000000298023224,1789446007.5149755
train/actor/dvac_top20_final_nonzero_fraction,91,90,0.6000000238418579,1789446758.466552
train/actor/dvac_top20_final_nonzero_fraction,92,91,0.20000000298023224,1789447520.4037743
train/actor/dvac_top20_final_nonzero_fraction,93,92,0.20000000298023224,1789448266.7851007
train/actor/dvac_top20_final_nonzero_fraction,94,93,0.20000000298023224,1789449010.9838662
train/actor/dvac_top20_final_nonzero_fraction,95,94,0.6000000238418579,1789450093.1248174
train/actor/dvac_top20_final_nonzero_fraction,96,95,0.20000000298023224,1789450867.866576
train/actor/dvac_top20_full_update,1,0,0.5,1789374009.817666
train/actor/dvac_top20_full_update,2,1,0.0,1789374676.3192306
train/actor/dvac_top20_full_update,3,2,0.0,1789375352.1563616
train/actor/dvac_top20_full_update,4,3,0.0,1789376064.7778983
train/actor/dvac_top20_full_update,5,4,0.0,1789377068.3612306
train/actor/dvac_top20_full_update,6,5,0.0,1789377728.4395819
train/actor/dvac_top20_full_update,7,6,0.0,1789378477.97326
train/actor/dvac_top20_full_update,8,7,0.0,1789379177.2764583
train/actor/dvac_top20_full_update,9,8,0.0,1789379943.5201435
train/actor/dvac_top20_full_update,10,9,0.0,1789381012.483415
train/actor/dvac_top20_full_update,11,10,0.0,1789381733.783058
train/actor/dvac_top20_full_update,12,11,0.0,1789382485.480987
train/actor/dvac_top20_full_update,13,12,0.0,1789383184.5753543
train/actor/dvac_top20_full_update,14,13,0.0,1789383914.3998268
train/actor/dvac_top20_full_update,15,14,0.0,1789384976.4912558
train/actor/dvac_top20_full_update,16,15,0.0,1789385701.109771
train/actor/dvac_top20_full_update,17,16,0.0,1789386444.6199923
train/actor/dvac_top20_full_update,18,17,0.0,1789387170.0309052
train/actor/dvac_top20_full_update,19,18,0.0,1789387881.0578334
train/actor/dvac_top20_full_update,20,19,0.0,1789388889.85114
train/actor/dvac_top20_full_update,21,20,0.0,1789389626.2207713
train/actor/dvac_top20_full_update,22,21,0.5,1789390354.3193626
train/actor/dvac_top20_full_update,23,22,0.0,1789391092.9025168
train/actor/dvac_top20_full_update,24,23,0.0,1789391809.7992437
train/actor/dvac_top20_full_update,25,24,0.0,1789392886.4387581
train/actor/dvac_top20_full_update,26,25,0.0,1789393589.5601513
train/actor/dvac_top20_full_update,27,26,0.0,1789394279.6097977
train/actor/dvac_top20_full_update,28,27,0.0,1789394978.8513095
train/actor/dvac_top20_full_update,29,28,0.0,1789395703.673249
train/actor/dvac_top20_full_update,30,29,0.5,1789396842.4396746
train/actor/dvac_top20_full_update,31,30,0.0,1789397570.895506
train/actor/dvac_top20_full_update,32,31,0.0,1789398341.254074
train/actor/dvac_top20_full_update,33,32,0.0,1789399079.853781
train/actor/dvac_top20_full_update,34,33,0.0,1789399834.6717932
train/actor/dvac_top20_full_update,35,34,1.0,1789400851.7499945
train/actor/dvac_top20_full_update,36,35,0.0,1789401614.5872345
train/actor/dvac_top20_full_update,37,36,0.0,1789402351.1506345
train/actor/dvac_top20_full_update,38,37,0.0,1789403063.2231598
train/actor/dvac_top20_full_update,39,38,0.5,1789403774.4902942
train/actor/dvac_top20_full_update,40,39,1.0,1789404857.195468
train/actor/dvac_top20_full_update,41,40,0.0,1789405571.5760024
train/actor/dvac_top20_full_update,42,41,0.0,1789406308.015013
train/actor/dvac_top20_full_update,43,42,0.0,1789407041.2409236
train/actor/dvac_top20_full_update,44,43,0.0,1789407773.202059
train/actor/dvac_top20_full_update,45,44,0.0,1789408837.4703257
train/actor/dvac_top20_full_update,46,45,0.0,1789409565.325484
train/actor/dvac_top20_full_update,47,46,0.5,1789410334.4222393
train/actor/dvac_top20_full_update,48,47,0.5,1789411097.003196
train/actor/dvac_top20_full_update,49,48,0.0,1789411845.1474667
train/actor/dvac_top20_full_update,50,49,0.0,1789412993.139459
train/actor/dvac_top20_full_update,51,50,0.0,1789413772.6560206
train/actor/dvac_top20_full_update,52,51,0.0,1789414499.9975917
train/actor/dvac_top20_full_update,53,52,0.5,1789415253.8244517
train/actor/dvac_top20_full_update,54,53,0.0,1789416011.3166003
train/actor/dvac_top20_full_update,55,54,0.0,1789417118.232903
train/actor/dvac_top20_full_update,56,55,0.0,1789417889.394832
train/actor/dvac_top20_full_update,57,56,0.5,1789418637.2332208
train/actor/dvac_top20_full_update,58,57,0.0,1789419378.594885
train/actor/dvac_top20_full_update,59,58,0.5,1789420126.941155
train/actor/dvac_top20_full_update,60,59,0.0,1789421289.007762
train/actor/dvac_top20_full_update,61,60,0.0,1789422046.0520115
train/actor/dvac_top20_full_update,62,61,0.0,1789422804.480288
train/actor/dvac_top20_full_update,63,62,0.0,1789423553.3594093
train/actor/dvac_top20_full_update,64,63,0.0,1789424312.131181
train/actor/dvac_top20_full_update,65,64,0.0,1789425401.100878
train/actor/dvac_top20_full_update,66,65,0.0,1789426184.9431925
train/actor/dvac_top20_full_update,67,66,0.0,1789426967.4897912
train/actor/dvac_top20_full_update,68,67,0.0,1789427688.0630443
train/actor/dvac_top20_full_update,69,68,0.5,1789428454.1286767
train/actor/dvac_top20_full_update,70,69,0.0,1789429603.60463
train/actor/dvac_top20_full_update,71,70,0.0,1789430400.4167929
train/actor/dvac_top20_full_update,72,71,0.5,1789431158.548692
train/actor/dvac_top20_full_update,73,72,0.0,1789431897.6280792
train/actor/dvac_top20_full_update,74,73,0.0,1789432633.0565283
train/actor/dvac_top20_full_update,75,74,0.0,1789433665.239608
train/actor/dvac_top20_full_update,76,75,0.0,1789434424.1304655
train/actor/dvac_top20_full_update,77,76,0.5,1789435208.5187461
train/actor/dvac_top20_full_update,78,77,0.0,1789435950.1118348
train/actor/dvac_top20_full_update,79,78,0.0,1789436693.1710844
train/actor/dvac_top20_full_update,80,79,0.0,1789437768.21159
train/actor/dvac_top20_full_update,81,80,0.5,1789438430.5388281
train/actor/dvac_top20_full_update,82,81,0.0,1789439192.2072492
train/actor/dvac_top20_full_update,83,82,0.0,1789439982.7782624
train/actor/dvac_top20_full_update,84,83,0.0,1789440739.2037888
train/actor/dvac_top20_full_update,85,84,0.0,1789441802.8139281
train/actor/dvac_top20_full_update,86,85,0.5,1789442586.8041077
train/actor/dvac_top20_full_update,87,86,0.0,1789443355.0690682
train/actor/dvac_top20_full_update,88,87,0.0,1789444140.874534
train/actor/dvac_top20_full_update,89,88,0.0,1789444912.2547095
train/actor/dvac_top20_full_update,90,89,0.0,1789446007.5149844
train/actor/dvac_top20_full_update,91,90,0.5,1789446758.4665585
train/actor/dvac_top20_full_update,92,91,0.0,1789447520.4037814
train/actor/dvac_top20_full_update,93,92,0.0,1789448266.7851074
train/actor/dvac_top20_full_update,94,93,0.0,1789449010.9838722
train/actor/dvac_top20_full_update,95,94,0.5,1789450093.1248379
train/actor/dvac_top20_full_update,96,95,0.0,1789450867.8665826
train/actor/dvac_top20_full_updates_total,1,0,1.0,1789374009.8176866
train/actor/dvac_top20_full_updates_total,2,1,1.0,1789374676.3192365
train/actor/dvac_top20_full_updates_total,3,2,1.0,1789375352.1563745
train/actor/dvac_top20_full_updates_total,4,3,1.0,1789376064.777905
train/actor/dvac_top20_full_updates_total,5,4,1.0,1789377068.3612432
train/actor/dvac_top20_full_updates_total,6,5,1.0,1789377728.4395883
train/actor/dvac_top20_full_updates_total,7,6,1.0,1789378477.9732668
train/actor/dvac_top20_full_updates_total,8,7,1.0,1789379177.2764642
train/actor/dvac_top20_full_updates_total,9,8,1.0,1789379943.5201511
train/actor/dvac_top20_full_updates_total,10,9,1.0,1789381012.4834297
train/actor/dvac_top20_full_updates_total,11,10,1.0,1789381733.7830646
train/actor/dvac_top20_full_updates_total,12,11,1.0,1789382485.4809964
train/actor/dvac_top20_full_updates_total,13,12,1.0,1789383184.5753675
train/actor/dvac_top20_full_updates_total,14,13,1.0,1789383914.399836
train/actor/dvac_top20_full_updates_total,15,14,1.0,1789384976.4912653
train/actor/dvac_top20_full_updates_total,16,15,1.0,1789385701.109779
train/actor/dvac_top20_full_updates_total,17,16,1.0,1789386444.6199994
train/actor/dvac_top20_full_updates_total,18,17,1.0,1789387170.0309117
train/actor/dvac_top20_full_updates_total,19,18,1.0,1789387881.0578396
train/actor/dvac_top20_full_updates_total,20,19,1.0,1789388889.851146
train/actor/dvac_top20_full_updates_total,21,20,1.0,1789389626.2207778
train/actor/dvac_top20_full_updates_total,22,21,1.5,1789390354.3193684
train/actor/dvac_top20_full_updates_total,23,22,2.0,1789391092.9025233
train/actor/dvac_top20_full_updates_total,24,23,2.0,1789391809.7992496
train/actor/dvac_top20_full_updates_total,25,24,2.0,1789392886.4387677
train/actor/dvac_top20_full_updates_total,26,25,2.0,1789393589.5601559
train/actor/dvac_top20_full_updates_total,27,26,2.0,1789394279.6098056
train/actor/dvac_top20_full_updates_total,28,27,2.0,1789394978.8513153
train/actor/dvac_top20_full_updates_total,29,28,2.0,1789395703.6732552
train/actor/dvac_top20_full_updates_total,30,29,3.0,1789396842.4396822
train/actor/dvac_top20_full_updates_total,31,30,3.0,1789397570.895512
train/actor/dvac_top20_full_updates_total,32,31,3.0,1789398341.2540803
train/actor/dvac_top20_full_updates_total,33,32,3.0,1789399079.8537872
train/actor/dvac_top20_full_updates_total,34,33,3.0,1789399834.6717997
train/actor/dvac_top20_full_updates_total,35,34,4.5,1789400851.7500143
train/actor/dvac_top20_full_updates_total,36,35,5.0,1789401614.5872402
train/actor/dvac_top20_full_updates_total,37,36,5.0,1789402351.1506405
train/actor/dvac_top20_full_updates_total,38,37,5.0,1789403063.223166
train/actor/dvac_top20_full_updates_total,39,38,6.0,1789403774.4903004
train/actor/dvac_top20_full_updates_total,40,39,7.5,1789404857.1954737
train/actor/dvac_top20_full_updates_total,41,40,8.0,1789405571.5760088
train/actor/dvac_top20_full_updates_total,42,41,8.0,1789406308.01502
train/actor/dvac_top20_full_updates_total,43,42,8.0,1789407041.2409296
train/actor/dvac_top20_full_updates_total,44,43,8.0,1789407773.2020655
train/actor/dvac_top20_full_updates_total,45,44,8.0,1789408837.4703364
train/actor/dvac_top20_full_updates_total,46,45,8.0,1789409565.3255043
train/actor/dvac_top20_full_updates_total,47,46,8.5,1789410334.4222462
train/actor/dvac_top20_full_updates_total,48,47,10.0,1789411097.0032015
train/actor/dvac_top20_full_updates_total,49,48,10.0,1789411845.1474726
train/actor/dvac_top20_full_updates_total,50,49,10.0,1789412993.139468
train/actor/dvac_top20_full_updates_total,51,50,10.0,1789413772.6560266
train/actor/dvac_top20_full_updates_total,52,51,10.0,1789414499.9975982
train/actor/dvac_top20_full_updates_total,53,52,10.5,1789415253.8244574
train/actor/dvac_top20_full_updates_total,54,53,11.0,1789416011.3166063
train/actor/dvac_top20_full_updates_total,55,54,11.0,1789417118.232923
train/actor/dvac_top20_full_updates_total,56,55,11.0,1789417889.3948445
train/actor/dvac_top20_full_updates_total,57,56,11.5,1789418637.2332273
train/actor/dvac_top20_full_updates_total,58,57,12.0,1789419378.5948894
train/actor/dvac_top20_full_updates_total,59,58,13.0,1789420126.9411614
train/actor/dvac_top20_full_updates_total,60,59,13.0,1789421289.0077682
train/actor/dvac_top20_full_updates_total,61,60,13.0,1789422046.0520184
train/actor/dvac_top20_full_updates_total,62,61,13.0,1789422804.4802942
train/actor/dvac_top20_full_updates_total,63,62,13.0,1789423553.359416
train/actor/dvac_top20_full_updates_total,64,63,13.0,1789424312.131187
train/actor/dvac_top20_full_updates_total,65,64,13.0,1789425401.1008847
train/actor/dvac_top20_full_updates_total,66,65,13.0,1789426184.9431992
train/actor/dvac_top20_full_updates_total,67,66,13.0,1789426967.4897969
train/actor/dvac_top20_full_updates_total,68,67,13.0,1789427688.0630507
train/actor/dvac_top20_full_updates_total,69,68,14.0,1789428454.1286821
train/actor/dvac_top20_full_updates_total,70,69,14.0,1789429603.604638
train/actor/dvac_top20_full_updates_total,71,70,14.0,1789430400.4167988
train/actor/dvac_top20_full_updates_total,72,71,15.0,1789431158.5487018
train/actor/dvac_top20_full_updates_total,73,72,15.0,1789431897.628085
train/actor/dvac_top20_full_updates_total,74,73,15.0,1789432633.0565343
train/actor/dvac_top20_full_updates_total,75,74,15.0,1789433665.2396188
train/actor/dvac_top20_full_updates_total,76,75,15.0,1789434424.1304717
train/actor/dvac_top20_full_updates_total,77,76,15.5,1789435208.5187545
train/actor/dvac_top20_full_updates_total,78,77,16.0,1789435950.1118414
train/actor/dvac_top20_full_updates_total,79,78,16.0,1789436693.17109
train/actor/dvac_top20_full_updates_total,80,79,16.0,1789437768.2115963
train/actor/dvac_top20_full_updates_total,81,80,17.0,1789438430.538838
train/actor/dvac_top20_full_updates_total,82,81,17.0,1789439192.2072554
train/actor/dvac_top20_full_updates_total,83,82,17.0,1789439982.7782686
train/actor/dvac_top20_full_updates_total,84,83,17.0,1789440739.2037945
train/actor/dvac_top20_full_updates_total,85,84,17.0,1789441802.8139384
train/actor/dvac_top20_full_updates_total,86,85,18.0,1789442586.804115
train/actor/dvac_top20_full_updates_total,87,86,18.0,1789443355.0690846
train/actor/dvac_top20_full_updates_total,88,87,18.0,1789444140.8745425
train/actor/dvac_top20_full_updates_total,89,88,18.0,1789444912.2547154
train/actor/dvac_top20_full_updates_total,90,89,18.0,1789446007.514993
train/actor/dvac_top20_full_updates_total,91,90,18.5,1789446758.4665644
train/actor/dvac_top20_full_updates_total,92,91,19.0,1789447520.4037879
train/actor/dvac_top20_full_updates_total,93,92,19.0,1789448266.7851143
train/actor/dvac_top20_full_updates_total,94,93,19.0,1789449010.9838781
train/actor/dvac_top20_full_updates_total,95,94,19.5,1789450093.1248581
train/actor/dvac_top20_full_updates_total,96,95,20.0,1789450867.866589
train/actor/dvac_top20_selected_fraction,1,0,0.20000000298023224,1789374009.8177068
train/actor/dvac_top20_selected_fraction,2,1,0.20000000298023224,1789374676.3192427
train/actor/dvac_top20_selected_fraction,3,2,0.20000000298023224,1789375352.1563866
train/actor/dvac_top20_selected_fraction,4,3,0.20000000298023224,1789376064.7779117
train/actor/dvac_top20_selected_fraction,5,4,0.20000000298023224,1789377068.361477
train/actor/dvac_top20_selected_fraction,6,5,0.20000000298023224,1789377728.439595
train/actor/dvac_top20_selected_fraction,7,6,0.20000000298023224,1789378477.973275
train/actor/dvac_top20_selected_fraction,8,7,0.20000000298023224,1789379177.2764697
train/actor/dvac_top20_selected_fraction,9,8,0.20000000298023224,1789379943.520159
train/actor/dvac_top20_selected_fraction,10,9,0.20000000298023224,1789381012.4836762
train/actor/dvac_top20_selected_fraction,11,10,0.20000000298023224,1789381733.7830718
train/actor/dvac_top20_selected_fraction,12,11,0.20000000298023224,1789382485.481005
train/actor/dvac_top20_selected_fraction,13,12,0.20000000298023224,1789383184.5753796
train/actor/dvac_top20_selected_fraction,14,13,0.20000000298023224,1789383914.3998456
train/actor/dvac_top20_selected_fraction,15,14,0.20000000298023224,1789384976.4918945
train/actor/dvac_top20_selected_fraction,16,15,0.20000000298023224,1789385701.1097865
train/actor/dvac_top20_selected_fraction,17,16,0.20000000298023224,1789386444.6200056
train/actor/dvac_top20_selected_fraction,18,17,0.20000000298023224,1789387170.0309176
train/actor/dvac_top20_selected_fraction,19,18,0.20000000298023224,1789387881.0578456
train/actor/dvac_top20_selected_fraction,20,19,0.20000000298023224,1789388889.8513625
train/actor/dvac_top20_selected_fraction,21,20,0.20000000298023224,1789389626.2207837
train/actor/dvac_top20_selected_fraction,22,21,0.20000000298023224,1789390354.319375
train/actor/dvac_top20_selected_fraction,23,22,0.20000000298023224,1789391092.9025292
train/actor/dvac_top20_selected_fraction,24,23,0.20000000298023224,1789391809.799256
train/actor/dvac_top20_selected_fraction,25,24,0.20000000298023224,1789392886.4393456
train/actor/dvac_top20_selected_fraction,26,25,0.20000000298023224,1789393589.560161
train/actor/dvac_top20_selected_fraction,27,26,0.20000000298023224,1789394279.609814
train/actor/dvac_top20_selected_fraction,28,27,0.20000000298023224,1789394978.851321
train/actor/dvac_top20_selected_fraction,29,28,0.20000000298023224,1789395703.6732607
train/actor/dvac_top20_selected_fraction,30,29,0.20000000298023224,1789396842.4399385
train/actor/dvac_top20_selected_fraction,31,30,0.20000000298023224,1789397570.8955183
train/actor/dvac_top20_selected_fraction,32,31,0.20000000298023224,1789398341.2540867
train/actor/dvac_top20_selected_fraction,33,32,0.20000000298023224,1789399079.853794
train/actor/dvac_top20_selected_fraction,34,33,0.20000000298023224,1789399834.6718059
train/actor/dvac_top20_selected_fraction,35,34,0.20000000298023224,1789400851.7503211
train/actor/dvac_top20_selected_fraction,36,35,0.20000000298023224,1789401614.5872462
train/actor/dvac_top20_selected_fraction,37,36,0.20000000298023224,1789402351.1506462
train/actor/dvac_top20_selected_fraction,38,37,0.20000000298023224,1789403063.2231722
train/actor/dvac_top20_selected_fraction,39,38,0.20000000298023224,1789403774.4903066
train/actor/dvac_top20_selected_fraction,40,39,0.20000000298023224,1789404857.1957467
train/actor/dvac_top20_selected_fraction,41,40,0.20000000298023224,1789405571.5760157
train/actor/dvac_top20_selected_fraction,42,41,0.20000000298023224,1789406308.015026
train/actor/dvac_top20_selected_fraction,43,42,0.20000000298023224,1789407041.2409356
train/actor/dvac_top20_selected_fraction,44,43,0.20000000298023224,1789407773.202072
train/actor/dvac_top20_selected_fraction,45,44,0.20000000298023224,1789408837.4709163
train/actor/dvac_top20_selected_fraction,46,45,0.20000000298023224,1789409565.3255227
train/actor/dvac_top20_selected_fraction,47,46,0.20000000298023224,1789410334.4222531
train/actor/dvac_top20_selected_fraction,48,47,0.20000000298023224,1789411097.003208
train/actor/dvac_top20_selected_fraction,49,48,0.20000000298023224,1789411845.1474786
train/actor/dvac_top20_selected_fraction,50,49,0.20000000298023224,1789412993.1397219
train/actor/dvac_top20_selected_fraction,51,50,0.20000000298023224,1789413772.6560326
train/actor/dvac_top20_selected_fraction,52,51,0.20000000298023224,1789414499.997604
train/actor/dvac_top20_selected_fraction,53,52,0.20000000298023224,1789415253.8244638
train/actor/dvac_top20_selected_fraction,54,53,0.20000000298023224,1789416011.316612
train/actor/dvac_top20_selected_fraction,55,54,0.20000000298023224,1789417118.233787
train/actor/dvac_top20_selected_fraction,56,55,0.20000000298023224,1789417889.394857
train/actor/dvac_top20_selected_fraction,57,56,0.20000000298023224,1789418637.233234
train/actor/dvac_top20_selected_fraction,58,57,0.20000000298023224,1789419378.5948932
train/actor/dvac_top20_selected_fraction,59,58,0.20000000298023224,1789420126.9411676
train/actor/dvac_top20_selected_fraction,60,59,0.20000000298023224,1789421289.0082858
train/actor/dvac_top20_selected_fraction,61,60,0.20000000298023224,1789422046.0520258
train/actor/dvac_top20_selected_fraction,62,61,0.20000000298023224,1789422804.4802997
train/actor/dvac_top20_selected_fraction,63,62,0.20000000298023224,1789423553.359423
train/actor/dvac_top20_selected_fraction,64,63,0.20000000298023224,1789424312.1311932
train/actor/dvac_top20_selected_fraction,65,64,0.20000000298023224,1789425401.1016653
train/actor/dvac_top20_selected_fraction,66,65,0.20000000298023224,1789426184.9432058
train/actor/dvac_top20_selected_fraction,67,66,0.20000000298023224,1789426967.4898026
train/actor/dvac_top20_selected_fraction,68,67,0.20000000298023224,1789427688.063057
train/actor/dvac_top20_selected_fraction,69,68,0.20000000298023224,1789428454.128688
train/actor/dvac_top20_selected_fraction,70,69,0.20000000298023224,1789429603.6051526
train/actor/dvac_top20_selected_fraction,71,70,0.20000000298023224,1789430400.4168043
train/actor/dvac_top20_selected_fraction,72,71,0.20000000298023224,1789431158.548711
train/actor/dvac_top20_selected_fraction,73,72,0.20000000298023224,1789431897.6280906
train/actor/dvac_top20_selected_fraction,74,73,0.20000000298023224,1789432633.0565405
train/actor/dvac_top20_selected_fraction,75,74,0.20000000298023224,1789433665.2401352
train/actor/dvac_top20_selected_fraction,76,75,0.20000000298023224,1789434424.1304774
train/actor/dvac_top20_selected_fraction,77,76,0.20000000298023224,1789435208.5187616
train/actor/dvac_top20_selected_fraction,78,77,0.20000000298023224,1789435950.1118479
train/actor/dvac_top20_selected_fraction,79,78,0.20000000298023224,1789436693.1710958
train/actor/dvac_top20_selected_fraction,80,79,0.20000000298023224,1789437768.2118254
train/actor/dvac_top20_selected_fraction,81,80,0.20000000298023224,1789438430.5388474
train/actor/dvac_top20_selected_fraction,82,81,0.20000000298023224,1789439192.2072613
train/actor/dvac_top20_selected_fraction,83,82,0.20000000298023224,1789439982.7782745
train/actor/dvac_top20_selected_fraction,84,83,0.20000000298023224,1789440739.2038007
train/actor/dvac_top20_selected_fraction,85,84,0.20000000298023224,1789441802.814393
train/actor/dvac_top20_selected_fraction,86,85,0.20000000298023224,1789442586.804121
train/actor/dvac_top20_selected_fraction,87,86,0.20000000298023224,1789443355.0691009
train/actor/dvac_top20_selected_fraction,88,87,0.20000000298023224,1789444140.8745513
train/actor/dvac_top20_selected_fraction,89,88,0.20000000298023224,1789444912.254722
train/actor/dvac_top20_selected_fraction,90,89,0.20000000298023224,1789446007.5151973
train/actor/dvac_top20_selected_fraction,91,90,0.20000000298023224,1789446758.4665701
train/actor/dvac_top20_selected_fraction,92,91,0.20000000298023224,1789447520.4037943
train/actor/dvac_top20_selected_fraction,93,92,0.20000000298023224,1789448266.7851205
train/actor/dvac_top20_selected_fraction,94,93,0.20000000298023224,1789449010.9838846
train/actor/dvac_top20_selected_fraction,95,94,0.20000000298023224,1789450093.1251895
train/actor/dvac_top20_selected_fraction,96,95,0.20000000298023224,1789450867.8665955
train/actor/dvac_top20_selected_position_mean,1,0,28.13701820373535,1789374009.8177288
train/actor/dvac_top20_selected_position_mean,2,1,29.01068878173828,1789374676.3192484
train/actor/dvac_top20_selected_position_mean,3,2,29.57131004333496,1789375352.1563985
train/actor/dvac_top20_selected_position_mean,4,3,28.926191329956055,1789376064.7779188
train/actor/dvac_top20_selected_position_mean,5,4,29.18000030517578,1789377068.3614833
train/actor/dvac_top20_selected_position_mean,6,5,30.157617568969727,1789377728.4396017
train/actor/dvac_top20_selected_position_mean,7,6,29.498699188232422,1789378477.9732826
train/actor/dvac_top20_selected_position_mean,8,7,29.59556770324707,1789379177.2764754
train/actor/dvac_top20_selected_position_mean,9,8,29.321760177612305,1789379943.5201666
train/actor/dvac_top20_selected_position_mean,10,9,30.294654846191406,1789381012.4836917
train/actor/dvac_top20_selected_position_mean,11,10,28.870447158813477,1789381733.7830787
train/actor/dvac_top20_selected_position_mean,12,11,29.393693923950195,1789382485.4810145
train/actor/dvac_top20_selected_position_mean,13,12,30.407289505004883,1789383184.5753925
train/actor/dvac_top20_selected_position_mean,14,13,29.791913986206055,1789383914.3998544
train/actor/dvac_top20_selected_position_mean,15,14,29.847885131835938,1789384976.4919071
train/actor/dvac_top20_selected_position_mean,16,15,28.62528419494629,1789385701.1097941
train/actor/dvac_top20_selected_position_mean,17,16,30.86849021911621,1789386444.6200113
train/actor/dvac_top20_selected_position_mean,18,17,29.058134078979492,1789387170.030923
train/actor/dvac_top20_selected_position_mean,19,18,30.603527069091797,1789387881.057851
train/actor/dvac_top20_selected_position_mean,20,19,30.000282287597656,1789388889.851369
train/actor/dvac_top20_selected_position_mean,21,20,29.248767852783203,1789389626.2207897
train/actor/dvac_top20_selected_position_mean,22,21,29.48859214782715,1789390354.3193815
train/actor/dvac_top20_selected_position_mean,23,22,29.12291717529297,1789391092.9025354
train/actor/dvac_top20_selected_position_mean,24,23,29.30508041381836,1789391809.799262
train/actor/dvac_top20_selected_position_mean,25,24,30.082609176635742,1789392886.4393644
train/actor/dvac_top20_selected_position_mean,26,25,29.38275909423828,1789393589.5601654
train/actor/dvac_top20_selected_position_mean,27,26,30.339797973632812,1789394279.609822
train/actor/dvac_top20_selected_position_mean,28,27,27.959556579589844,1789394978.8513267
train/actor/dvac_top20_selected_position_mean,29,28,29.98894691467285,1789395703.6732674
train/actor/dvac_top20_selected_position_mean,30,29,29.007932662963867,1789396842.439956
train/actor/dvac_top20_selected_position_mean,31,30,28.848276138305664,1789397570.895524
train/actor/dvac_top20_selected_position_mean,32,31,28.71708869934082,1789398341.2540925
train/actor/dvac_top20_selected_position_mean,33,32,30.22608757019043,1789399079.8538003
train/actor/dvac_top20_selected_position_mean,34,33,28.270000457763672,1789399834.671812
train/actor/dvac_top20_selected_position_mean,35,34,29.008398056030273,1789400851.7503517
train/actor/dvac_top20_selected_position_mean,36,35,29.56279754638672,1789401614.5872517
train/actor/dvac_top20_selected_position_mean,37,36,29.819189071655273,1789402351.1506522
train/actor/dvac_top20_selected_position_mean,38,37,30.109821319580078,1789403063.223178
train/actor/dvac_top20_selected_position_mean,39,38,28.771728515625,1789403774.490313
train/actor/dvac_top20_selected_position_mean,40,39,28.28290557861328,1789404857.1957524
train/actor/dvac_top20_selected_position_mean,41,40,28.957975387573242,1789405571.5760226
train/actor/dvac_top20_selected_position_mean,42,41,29.329425811767578,1789406308.0150328
train/actor/dvac_top20_selected_position_mean,43,42,28.704740524291992,1789407041.2409418
train/actor/dvac_top20_selected_position_mean,44,43,29.151901245117188,1789407773.2020779
train/actor/dvac_top20_selected_position_mean,45,44,28.655319213867188,1789408837.4709284
train/actor/dvac_top20_selected_position_mean,46,45,27.411972045898438,1789409565.3255408
train/actor/dvac_top20_selected_position_mean,47,46,28.11628532409668,1789410334.4222603
train/actor/dvac_top20_selected_position_mean,48,47,28.190214157104492,1789411097.003214
train/actor/dvac_top20_selected_position_mean,49,48,27.806970596313477,1789411845.1474843
train/actor/dvac_top20_selected_position_mean,50,49,28.772449493408203,1789412993.1397357
train/actor/dvac_top20_selected_position_mean,51,50,29.29124641418457,1789413772.6560388
train/actor/dvac_top20_selected_position_mean,52,51,28.788150787353516,1789414499.9976096
train/actor/dvac_top20_selected_position_mean,53,52,28.644502639770508,1789415253.8244698
train/actor/dvac_top20_selected_position_mean,54,53,29.135177612304688,1789416011.3166182
train/actor/dvac_top20_selected_position_mean,55,54,28.087200164794922,1789417118.2338119
train/actor/dvac_top20_selected_position_mean,56,55,28.936424255371094,1789417889.3948708
train/actor/dvac_top20_selected_position_mean,57,56,28.229293823242188,1789418637.2332397
train/actor/dvac_top20_selected_position_mean,58,57,28.473684310913086,1789419378.5948975
train/actor/dvac_top20_selected_position_mean,59,58,28.077499389648438,1789420126.9411736
train/actor/dvac_top20_selected_position_mean,60,59,28.211143493652344,1789421289.0082922
train/actor/dvac_top20_selected_position_mean,61,60,28.522493362426758,1789422046.0520327
train/actor/dvac_top20_selected_position_mean,62,61,29.110916137695312,1789422804.480306
train/actor/dvac_top20_selected_position_mean,63,62,28.98516273498535,1789423553.3594291
train/actor/dvac_top20_selected_position_mean,64,63,28.9761905670166,1789424312.1311986
train/actor/dvac_top20_selected_position_mean,65,64,29.661779403686523,1789425401.1016862
train/actor/dvac_top20_selected_position_mean,66,65,28.2647647857666,1789426184.943212
train/actor/dvac_top20_selected_position_mean,67,66,27.236698150634766,1789426967.489808
train/actor/dvac_top20_selected_position_mean,68,67,29.095521926879883,1789427688.0630636
train/actor/dvac_top20_selected_position_mean,69,68,28.231830596923828,1789428454.1286943
train/actor/dvac_top20_selected_position_mean,70,69,28.339181900024414,1789429603.6051612
train/actor/dvac_top20_selected_position_mean,71,70,28.143163681030273,1789430400.41681
train/actor/dvac_top20_selected_position_mean,72,71,28.542959213256836,1789431158.5487208
train/actor/dvac_top20_selected_position_mean,73,72,27.9484920501709,1789431897.6280963
train/actor/dvac_top20_selected_position_mean,74,73,26.863296508789062,1789432633.056546
train/actor/dvac_top20_selected_position_mean,75,74,28.05373191833496,1789433665.240148
train/actor/dvac_top20_selected_position_mean,76,75,28.331342697143555,1789434424.1304832
train/actor/dvac_top20_selected_position_mean,77,76,28.038461685180664,1789435208.51877
train/actor/dvac_top20_selected_position_mean,78,77,27.130958557128906,1789435950.1118548
train/actor/dvac_top20_selected_position_mean,79,78,27.787893295288086,1789436693.1711018
train/actor/dvac_top20_selected_position_mean,80,79,27.122499465942383,1789437768.211832
train/actor/dvac_top20_selected_position_mean,81,80,26.754804611206055,1789438430.538857
train/actor/dvac_top20_selected_position_mean,82,81,27.057178497314453,1789439192.2072673
train/actor/dvac_top20_selected_position_mean,83,82,27.17704963684082,1789439982.778281
train/actor/dvac_top20_selected_position_mean,84,83,27.419395446777344,1789440739.2038064
train/actor/dvac_top20_selected_position_mean,85,84,27.488195419311523,1789441802.814407
train/actor/dvac_top20_selected_position_mean,86,85,27.53333282470703,1789442586.804127
train/actor/dvac_top20_selected_position_mean,87,86,27.00190544128418,1789443355.0691178
train/actor/dvac_top20_selected_position_mean,88,87,26.76789665222168,1789444140.8745604
train/actor/dvac_top20_selected_position_mean,89,88,27.709049224853516,1789444912.2547276
train/actor/dvac_top20_selected_position_mean,90,89,26.741928100585938,1789446007.5152032
train/actor/dvac_top20_selected_position_mean,91,90,25.920000076293945,1789446758.4665763
train/actor/dvac_top20_selected_position_mean,92,91,27.393016815185547,1789447520.4038007
train/actor/dvac_top20_selected_position_mean,93,92,26.377033233642578,1789448266.7851264
train/actor/dvac_top20_selected_position_mean,94,93,26.460371017456055,1789449010.9838903
train/actor/dvac_top20_selected_position_mean,95,94,25.9407901763916,1789450093.1252065
train/actor/dvac_top20_selected_position_mean,96,95,26.850000381469727,1789450867.866602
train/actor/dvac_top20_selected_positions,1,0,3890.0,1789374009.8177488
train/actor/dvac_top20_selected_positions,2,1,4210.0,1789374676.319254
train/actor/dvac_top20_selected_positions,3,2,3590.0,1789375352.1564107
train/actor/dvac_top20_selected_positions,4,3,4200.0,1789376064.7779255
train/actor/dvac_top20_selected_positions,5,4,3450.0,1789377068.361489
train/actor/dvac_top20_selected_positions,6,5,3610.0,1789377728.439608
train/actor/dvac_top20_selected_positions,7,6,4610.0,1789378477.9732897
train/actor/dvac_top20_selected_positions,8,7,3610.0,1789379177.2764819
train/actor/dvac_top20_selected_positions,9,8,4090.0,1789379943.5201862
train/actor/dvac_top20_selected_positions,10,9,4490.0,1789381012.4837074
train/actor/dvac_top20_selected_positions,11,10,3350.0,1789381733.7830858
train/actor/dvac_top20_selected_positions,12,11,3330.0,1789382485.4810233
train/actor/dvac_top20_selected_positions,13,12,3430.0,1789383184.5754063
train/actor/dvac_top20_selected_positions,14,13,3710.0,1789383914.399872
train/actor/dvac_top20_selected_positions,15,14,4490.0,1789384976.4919174
train/actor/dvac_top20_selected_positions,16,15,4390.0,1789385701.109802
train/actor/dvac_top20_selected_positions,17,16,3840.0,1789386444.6200178
train/actor/dvac_top20_selected_positions,18,17,3750.0,1789387170.0309293
train/actor/dvac_top20_selected_positions,19,18,3970.0,1789387881.0578578
train/actor/dvac_top20_selected_positions,20,19,3540.0,1789388889.851375
train/actor/dvac_top20_selected_positions,21,20,4060.0,1789389626.2207968
train/actor/dvac_top20_selected_positions,22,21,4120.0,1789390354.3193886
train/actor/dvac_top20_selected_positions,23,22,4320.0,1789391092.9025507
train/actor/dvac_top20_selected_positions,24,23,3740.0,1789391809.799269
train/actor/dvac_top20_selected_positions,25,24,3450.0,1789392886.439377
train/actor/dvac_top20_selected_positions,26,25,2900.0,1789393589.56017
train/actor/dvac_top20_selected_positions,27,26,3970.0,1789394279.6098304
train/actor/dvac_top20_selected_positions,28,27,3610.0,1789394978.8513327
train/actor/dvac_top20_selected_positions,29,28,3800.0,1789395703.6732736
train/actor/dvac_top20_selected_positions,30,29,3530.0,1789396842.439965
train/actor/dvac_top20_selected_positions,31,30,3480.0,1789397570.8955305
train/actor/dvac_top20_selected_positions,32,31,3160.0,1789398341.2540991
train/actor/dvac_top20_selected_positions,33,32,4600.0,1789399079.8538063
train/actor/dvac_top20_selected_positions,34,33,3700.0,1789399834.6718185
train/actor/dvac_top20_selected_positions,35,34,3810.0,1789400851.7503676
train/actor/dvac_top20_selected_positions,36,35,3790.0,1789401614.5872574
train/actor/dvac_top20_selected_positions,37,36,3700.0,1789402351.150658
train/actor/dvac_top20_selected_positions,38,37,4480.0,1789403063.223184
train/actor/dvac_top20_selected_positions,39,38,3820.0,1789403774.4903202
train/actor/dvac_top20_selected_positions,40,39,3510.0,1789404857.195758
train/actor/dvac_top20_selected_positions,41,40,3950.0,1789405571.5760288
train/actor/dvac_top20_selected_positions,42,41,4350.0,1789406308.0150394
train/actor/dvac_top20_selected_positions,43,42,4430.0,1789407041.2409482
train/actor/dvac_top20_selected_positions,44,43,4470.0,1789407773.2020843
train/actor/dvac_top20_selected_positions,45,44,3760.0,1789408837.4709404
train/actor/dvac_top20_selected_positions,46,45,4260.0,1789409565.3255618
train/actor/dvac_top20_selected_positions,47,46,3930.0,1789410334.4222674
train/actor/dvac_top20_selected_positions,48,47,4190.0,1789411097.0032203
train/actor/dvac_top20_selected_positions,49,48,3730.0,1789411845.1474903
train/actor/dvac_top20_selected_positions,50,49,2940.0,1789412993.1397457
train/actor/dvac_top20_selected_positions,51,50,3770.0,1789413772.6560478
train/actor/dvac_top20_selected_positions,52,51,4220.0,1789414499.9976177
train/actor/dvac_top20_selected_positions,53,52,3820.0,1789415253.824476
train/actor/dvac_top20_selected_positions,54,53,2530.0,1789416011.3166246
train/actor/dvac_top20_selected_positions,55,54,3750.0,1789417118.2338264
train/actor/dvac_top20_selected_positions,56,55,3020.0,1789417889.3948836
train/actor/dvac_top20_selected_positions,57,56,2970.0,1789418637.2332456
train/actor/dvac_top20_selected_positions,58,57,3420.0,1789419378.5949016
train/actor/dvac_top20_selected_positions,59,58,3200.0,1789420126.9411793
train/actor/dvac_top20_selected_positions,60,59,3500.0,1789421289.0082984
train/actor/dvac_top20_selected_positions,61,60,4090.0,1789422046.05204
train/actor/dvac_top20_selected_positions,62,61,4580.0,1789422804.480312
train/actor/dvac_top20_selected_positions,63,62,3370.0,1789423553.3594356
train/actor/dvac_top20_selected_positions,64,63,3570.0,1789424312.1312046
train/actor/dvac_top20_selected_positions,65,64,3820.0,1789425401.101697
train/actor/dvac_top20_selected_positions,66,65,4030.0,1789426184.943219
train/actor/dvac_top20_selected_positions,67,66,3270.0,1789426967.4898143
train/actor/dvac_top20_selected_positions,68,67,4690.0,1789427688.06307
train/actor/dvac_top20_selected_positions,69,68,3550.0,1789428454.128703
train/actor/dvac_top20_selected_positions,70,69,3420.0,1789429603.6051688
train/actor/dvac_top20_selected_positions,71,70,3730.0,1789430400.4168181
train/actor/dvac_top20_selected_positions,72,71,4190.0,1789431158.5487309
train/actor/dvac_top20_selected_positions,73,72,3980.0,1789431897.6281025
train/actor/dvac_top20_selected_positions,74,73,4550.0,1789432633.0565517
train/actor/dvac_top20_selected_positions,75,74,4020.0,1789433665.2401597
train/actor/dvac_top20_selected_positions,76,75,4020.0,1789434424.1304922
train/actor/dvac_top20_selected_positions,77,76,3770.0,1789435208.518778
train/actor/dvac_top20_selected_positions,78,77,3650.0,1789435950.1118686
train/actor/dvac_top20_selected_positions,79,78,4130.0,1789436693.1711075
train/actor/dvac_top20_selected_positions,80,79,3600.0,1789437768.2118387
train/actor/dvac_top20_selected_positions,81,80,3850.0,1789438430.5388665
train/actor/dvac_top20_selected_positions,82,81,4040.0,1789439192.2072737
train/actor/dvac_top20_selected_positions,83,82,3660.0,1789439982.7782876
train/actor/dvac_top20_selected_positions,84,83,3970.0,1789440739.2038126
train/actor/dvac_top20_selected_positions,85,84,4490.0,1789441802.8144202
train/actor/dvac_top20_selected_positions,86,85,4080.0,1789442586.8041337
train/actor/dvac_top20_selected_positions,87,86,4200.0,1789443355.069134
train/actor/dvac_top20_selected_positions,88,87,4610.0,1789444140.874569
train/actor/dvac_top20_selected_positions,89,88,4420.0,1789444912.2547343
train/actor/dvac_top20_selected_positions,90,89,4150.0,1789446007.515209
train/actor/dvac_top20_selected_positions,91,90,3450.0,1789446758.4665823
train/actor/dvac_top20_selected_positions,92,91,4010.0,1789447520.4038074
train/actor/dvac_top20_selected_positions,93,92,4180.0,1789448266.7851322
train/actor/dvac_top20_selected_positions,94,93,3230.0,1789449010.9838965
train/actor/dvac_top20_selected_positions,95,94,3800.0,1789450093.1252224
train/actor/dvac_top20_selected_positions,96,95,3940.0,1789450867.8666084
train/actor/dvac_top20_selected_v_mean,1,0,0.0014284092467278242,1789374009.818278
train/actor/dvac_top20_selected_v_mean,2,1,0.0011893553892150521,1789374676.3196645
train/actor/dvac_top20_selected_v_mean,3,2,0.0013165881391614676,1789375352.1567633
train/actor/dvac_top20_selected_v_mean,4,3,0.0012244514655321836,1789376064.7785091
train/actor/dvac_top20_selected_v_mean,5,4,0.0013037024764344096,1789377068.361495
train/actor/dvac_top20_selected_v_mean,6,5,0.0013043622020632029,1789377728.440137
train/actor/dvac_top20_selected_v_mean,7,6,0.001182870357297361,1789378477.973705
train/actor/dvac_top20_selected_v_mean,8,7,0.001691283192485571,1789379177.2770202
train/actor/dvac_top20_selected_v_mean,9,8,0.0014066040748730302,1789379943.5207171
train/actor/dvac_top20_selected_v_mean,10,9,0.0014455306809395552,1789381012.483723
train/actor/dvac_top20_selected_v_mean,11,10,0.0016290509374812245,1789381733.7837598
train/actor/dvac_top20_selected_v_mean,12,11,0.0016429107636213303,1789382485.4813273
train/actor/dvac_top20_selected_v_mean,13,12,0.0014856418129056692,1789383184.5757031
train/actor/dvac_top20_selected_v_mean,14,13,0.001737842452712357,1789383914.4000862
train/actor/dvac_top20_selected_v_mean,15,14,0.0019441965268924832,1789384976.4919279
train/actor/dvac_top20_selected_v_mean,16,15,0.00172183767426759,1789385701.110292
train/actor/dvac_top20_selected_v_mean,17,16,0.001696944236755371,1789386444.6202126
train/actor/dvac_top20_selected_v_mean,18,17,0.0019066561944782734,1789387170.031637
train/actor/dvac_top20_selected_v_mean,19,18,0.0019457211019471288,1789387881.0583923
train/actor/dvac_top20_selected_v_mean,20,19,0.0018660200294107199,1789388889.851381
train/actor/dvac_top20_selected_v_mean,21,20,0.0022327357437461615,1789389626.2211883
train/actor/dvac_top20_selected_v_mean,22,21,0.0021977426949888468,1789390354.3203337
train/actor/dvac_top20_selected_v_mean,23,22,0.002037394093349576,1789391092.90275
train/actor/dvac_top20_selected_v_mean,24,23,0.0023558270186185837,1789391809.7997446
train/actor/dvac_top20_selected_v_mean,25,24,0.0022531975992023945,1789392886.4393878
train/actor/dvac_top20_selected_v_mean,26,25,0.002318001352250576,1789393589.5607378
train/actor/dvac_top20_selected_v_mean,27,26,0.0022809903603047132,1789394279.6100326
train/actor/dvac_top20_selected_v_mean,28,27,0.002619917504489422,1789394978.8517785
train/actor/dvac_top20_selected_v_mean,29,28,0.002656586468219757,1789395703.673595
train/actor/dvac_top20_selected_v_mean,30,29,0.002604365348815918,1789396842.4399724
train/actor/dvac_top20_selected_v_mean,31,30,0.002637776779010892,1789397570.8958957
train/actor/dvac_top20_selected_v_mean,32,31,0.002643313491716981,1789398341.25481
train/actor/dvac_top20_selected_v_mean,33,32,0.0026574258226901293,1789399079.8541393
train/actor/dvac_top20_selected_v_mean,34,33,0.0028923724312335253,1789399834.6721
train/actor/dvac_top20_selected_v_mean,35,34,0.002699712524190545,1789400851.7503812
train/actor/dvac_top20_selected_v_mean,36,35,0.00279298797249794,1789401614.5875993
train/actor/dvac_top20_selected_v_mean,37,36,0.002914797980338335,1789402351.150877
train/actor/dvac_top20_selected_v_mean,38,37,0.0031286354642361403,1789403063.2234523
train/actor/dvac_top20_selected_v_mean,39,38,0.003083589719608426,1789403774.490571
train/actor/dvac_top20_selected_v_mean,40,39,0.003154135076329112,1789404857.1957638
train/actor/dvac_top20_selected_v_mean,41,40,0.002862615743651986,1789405571.5763025
train/actor/dvac_top20_selected_v_mean,42,41,0.0030758902430534363,1789406308.0156016
train/actor/dvac_top20_selected_v_mean,43,42,0.0028013139963150024,1789407041.2411778
train/actor/dvac_top20_selected_v_mean,44,43,0.0028125550597906113,1789407773.202895
train/actor/dvac_top20_selected_v_mean,45,44,0.002840148052200675,1789408837.4709523
train/actor/dvac_top20_selected_v_mean,46,45,0.002801545662805438,1789409565.3258946
train/actor/dvac_top20_selected_v_mean,47,46,0.003119679866358638,1789410334.422691
train/actor/dvac_top20_selected_v_mean,48,47,0.0027726073749363422,1789411097.0034895
train/actor/dvac_top20_selected_v_mean,49,48,0.0029381660278886557,1789411845.1480725
train/actor/dvac_top20_selected_v_mean,50,49,0.0027659600600600243,1789412993.1397552
train/actor/dvac_top20_selected_v_mean,51,50,0.0027230787090957165,1789413772.6563144
train/actor/dvac_top20_selected_v_mean,52,51,0.002755166497081518,1789414499.997813
train/actor/dvac_top20_selected_v_mean,53,52,0.0025862902402877808,1789415253.8246536
train/actor/dvac_top20_selected_v_mean,54,53,0.0029124438297003508,1789416011.3169222
train/actor/dvac_top20_selected_v_mean,55,54,0.0029246665071696043,1789417118.2338376
train/actor/dvac_top20_selected_v_mean,56,55,0.00305583025328815,1789417889.395093
train/actor/dvac_top20_selected_v_mean,57,56,0.0025549146812409163,1789418637.2334974
train/actor/dvac_top20_selected_v_mean,58,57,0.0026514597702771425,1789419378.595022
train/actor/dvac_top20_selected_v_mean,59,58,0.00267656147480011,1789420126.9414911
train/actor/dvac_top20_selected_v_mean,60,59,0.0026677364949136972,1789421289.0083046
train/actor/dvac_top20_selected_v_mean,61,60,0.002839348977431655,1789422046.0524926
train/actor/dvac_top20_selected_v_mean,62,61,0.002648858353495598,1789422804.4813924
train/actor/dvac_top20_selected_v_mean,63,62,0.0026892018504440784,1789423553.3596938
train/actor/dvac_top20_selected_v_mean,64,63,0.003053172491490841,1789424312.1313941
train/actor/dvac_top20_selected_v_mean,65,64,0.002903110347688198,1789425401.1017041
train/actor/dvac_top20_selected_v_mean,66,65,0.003028825856745243,1789426184.943949
train/actor/dvac_top20_selected_v_mean,67,66,0.0030635404400527477,1789426967.4900012
train/actor/dvac_top20_selected_v_mean,68,67,0.003133760066702962,1789427688.0633328
train/actor/dvac_top20_selected_v_mean,69,68,0.003343164687976241,1789428454.1295109
train/actor/dvac_top20_selected_v_mean,70,69,0.0033706268295645714,1789429603.6051762
train/actor/dvac_top20_selected_v_mean,71,70,0.003562730737030506,1789430400.4172614
train/actor/dvac_top20_selected_v_mean,72,71,0.00356396590359509,1789431158.5492468
train/actor/dvac_top20_selected_v_mean,73,72,0.003733942052349448,1789431897.6282904
train/actor/dvac_top20_selected_v_mean,74,73,0.003885148325935006,1789432633.0567205
train/actor/dvac_top20_selected_v_mean,75,74,0.004017945844680071,1789433665.2401707
train/actor/dvac_top20_selected_v_mean,76,75,0.004095790442079306,1789434424.1306736
train/actor/dvac_top20_selected_v_mean,77,76,0.003980865702033043,1789435208.5190165
train/actor/dvac_top20_selected_v_mean,78,77,0.004058937542140484,1789435950.11264
train/actor/dvac_top20_selected_v_mean,79,78,0.004052868112921715,1789436693.1712835
train/actor/dvac_top20_selected_v_mean,80,79,0.004109904635697603,1789437768.2118452
train/actor/dvac_top20_selected_v_mean,81,80,0.004168893676251173,1789438430.5390992
train/actor/dvac_top20_selected_v_mean,82,81,0.003941026516258717,1789439192.2078352
train/actor/dvac_top20_selected_v_mean,83,82,0.004003357142210007,1789439982.778581
train/actor/dvac_top20_selected_v_mean,84,83,0.004169015679508448,1789440739.2043197
train/actor/dvac_top20_selected_v_mean,85,84,0.004106925334781408,1789441802.8144317
train/actor/dvac_top20_selected_v_mean,86,85,0.004253372550010681,1789442586.8048506
train/actor/dvac_top20_selected_v_mean,87,86,0.004249453544616699,1789443355.0696716
train/actor/dvac_top20_selected_v_mean,88,87,0.004154800437390804,1789444140.8749123
train/actor/dvac_top20_selected_v_mean,89,88,0.004099755082279444,1789444912.254983
train/actor/dvac_top20_selected_v_mean,90,89,0.0042884754948318005,1789446007.515215
train/actor/dvac_top20_selected_v_mean,91,90,0.004170270636677742,1789446758.466767
train/actor/dvac_top20_selected_v_mean,92,91,0.004437853116542101,1789447520.404011
train/actor/dvac_top20_selected_v_mean,93,92,0.004193774424493313,1789448266.7855206
train/actor/dvac_top20_selected_v_mean,94,93,0.00430236104875803,1789449010.9843228
train/actor/dvac_top20_selected_v_mean,95,94,0.004363447893410921,1789450093.1252377
train/actor/dvac_top20_selected_v_mean,96,95,0.004364328924566507,1789450867.8670888
train/actor/dvac_top20_top_weight_mean,1,0,1.0,1789374009.8183005
train/actor/dvac_top20_top_weight_mean,2,1,1.0,1789374676.319672
train/actor/dvac_top20_top_weight_mean,3,2,1.0,1789375352.1567776
train/actor/dvac_top20_top_weight_mean,4,3,1.0,1789376064.7785318
train/actor/dvac_top20_top_weight_mean,5,4,1.0,1789377068.3615005
train/actor/dvac_top20_top_weight_mean,6,5,1.0,1789377728.440144
train/actor/dvac_top20_top_weight_mean,7,6,1.0,1789378477.973712
train/actor/dvac_top20_top_weight_mean,8,7,1.0,1789379177.277029
train/actor/dvac_top20_top_weight_mean,9,8,1.0,1789379943.5207255
train/actor/dvac_top20_top_weight_mean,10,9,1.0,1789381012.4837396
train/actor/dvac_top20_top_weight_mean,11,10,1.0,1789381733.7837677
train/actor/dvac_top20_top_weight_mean,12,11,1.0,1789382485.481337
train/actor/dvac_top20_top_weight_mean,13,12,1.0,1789383184.575716
train/actor/dvac_top20_top_weight_mean,14,13,1.0,1789383914.4001026
train/actor/dvac_top20_top_weight_mean,15,14,1.0,1789384976.4919374
train/actor/dvac_top20_top_weight_mean,16,15,1.0,1789385701.1103003
train/actor/dvac_top20_top_weight_mean,17,16,1.0,1789386444.6202195
train/actor/dvac_top20_top_weight_mean,18,17,1.0,1789387170.031644
train/actor/dvac_top20_top_weight_mean,19,18,1.0,1789387881.058399
train/actor/dvac_top20_top_weight_mean,20,19,1.0,1789388889.8513863
train/actor/dvac_top20_top_weight_mean,21,20,1.0,1789389626.2211947
train/actor/dvac_top20_top_weight_mean,22,21,1.0,1789390354.3203557
train/actor/dvac_top20_top_weight_mean,23,22,1.0,1789391092.9027574
train/actor/dvac_top20_top_weight_mean,24,23,1.0,1789391809.7997513
train/actor/dvac_top20_top_weight_mean,25,24,1.0,1789392886.4393976
train/actor/dvac_top20_top_weight_mean,26,25,1.0,1789393589.5607433
train/actor/dvac_top20_top_weight_mean,27,26,1.0,1789394279.6100419
train/actor/dvac_top20_top_weight_mean,28,27,1.0,1789394978.8517847
train/actor/dvac_top20_top_weight_mean,29,28,1.0,1789395703.6736019
train/actor/dvac_top20_top_weight_mean,30,29,1.0,1789396842.439979
train/actor/dvac_top20_top_weight_mean,31,30,1.0,1789397570.8959024
train/actor/dvac_top20_top_weight_mean,32,31,1.0,1789398341.254817
train/actor/dvac_top20_top_weight_mean,33,32,1.0,1789399079.8541467
train/actor/dvac_top20_top_weight_mean,34,33,1.0,1789399834.6721072
train/actor/dvac_top20_top_weight_mean,35,34,1.0,1789400851.7503932
train/actor/dvac_top20_top_weight_mean,36,35,1.0,1789401614.5876062
train/actor/dvac_top20_top_weight_mean,37,36,1.0,1789402351.1508837
train/actor/dvac_top20_top_weight_mean,38,37,1.0,1789403063.2234592
train/actor/dvac_top20_top_weight_mean,39,38,1.0,1789403774.4905791
train/actor/dvac_top20_top_weight_mean,40,39,1.0,1789404857.1957695
train/actor/dvac_top20_top_weight_mean,41,40,1.0,1789405571.576311
train/actor/dvac_top20_top_weight_mean,42,41,1.0,1789406308.0156214
train/actor/dvac_top20_top_weight_mean,43,42,1.0,1789407041.241185
train/actor/dvac_top20_top_weight_mean,44,43,1.0,1789407773.2029028
train/actor/dvac_top20_top_weight_mean,45,44,1.0,1789408837.4709635
train/actor/dvac_top20_top_weight_mean,46,45,1.0,1789409565.325918
train/actor/dvac_top20_top_weight_mean,47,46,1.0,1789410334.422712
train/actor/dvac_top20_top_weight_mean,48,47,1.0,1789411097.003496
train/actor/dvac_top20_top_weight_mean,49,48,1.0,1789411845.1480794
train/actor/dvac_top20_top_weight_mean,50,49,1.0,1789412993.1397648
train/actor/dvac_top20_top_weight_mean,51,50,1.0,1789413772.656321
train/actor/dvac_top20_top_weight_mean,52,51,1.0,1789414499.9978213
train/actor/dvac_top20_top_weight_mean,53,52,1.0,1789415253.8246617
train/actor/dvac_top20_top_weight_mean,54,53,1.0,1789416011.31693
train/actor/dvac_top20_top_weight_mean,55,54,1.0,1789417118.2338471
train/actor/dvac_top20_top_weight_mean,56,55,1.0,1789417889.3951068
train/actor/dvac_top20_top_weight_mean,57,56,1.0,1789418637.2335055
train/actor/dvac_top20_top_weight_mean,58,57,1.0,1789419378.5950282
train/actor/dvac_top20_top_weight_mean,59,58,1.0,1789420126.9414992
train/actor/dvac_top20_top_weight_mean,60,59,1.0,1789421289.0083103
train/actor/dvac_top20_top_weight_mean,61,60,1.0,1789422046.0525007
train/actor/dvac_top20_top_weight_mean,62,61,1.0,1789422804.481414
train/actor/dvac_top20_top_weight_mean,63,62,1.0,1789423553.3597012
train/actor/dvac_top20_top_weight_mean,64,63,1.0,1789424312.1314034
train/actor/dvac_top20_top_weight_mean,65,64,1.0,1789425401.1017106
train/actor/dvac_top20_top_weight_mean,66,65,1.0,1789426184.9439569
train/actor/dvac_top20_top_weight_mean,67,66,1.0,1789426967.49001
train/actor/dvac_top20_top_weight_mean,68,67,1.0,1789427688.06334
train/actor/dvac_top20_top_weight_mean,69,68,1.0,1789428454.1295183
train/actor/dvac_top20_top_weight_mean,70,69,1.0,1789429603.6051838
train/actor/dvac_top20_top_weight_mean,71,70,1.0,1789430400.417268
train/actor/dvac_top20_top_weight_mean,72,71,1.0,1789431158.5492673
train/actor/dvac_top20_top_weight_mean,73,72,1.0,1789431897.6282995
train/actor/dvac_top20_top_weight_mean,74,73,1.0,1789432633.0567293
train/actor/dvac_top20_top_weight_mean,75,74,1.0,1789433665.240182
train/actor/dvac_top20_top_weight_mean,76,75,1.0,1789434424.1306822
train/actor/dvac_top20_top_weight_mean,77,76,1.0,1789435208.5190284
train/actor/dvac_top20_top_weight_mean,78,77,1.0,1789435950.1126616
train/actor/dvac_top20_top_weight_mean,79,78,1.0,1789436693.171292
train/actor/dvac_top20_top_weight_mean,80,79,1.0,1789437768.2118514
train/actor/dvac_top20_top_weight_mean,81,80,1.0,1789438430.5391104
train/actor/dvac_top20_top_weight_mean,82,81,1.0,1789439192.207842
train/actor/dvac_top20_top_weight_mean,83,82,1.0,1789439982.7785888
train/actor/dvac_top20_top_weight_mean,84,83,1.0,1789440739.2043283
train/actor/dvac_top20_top_weight_mean,85,84,1.0,1789441802.8144422
train/actor/dvac_top20_top_weight_mean,86,85,1.0,1789442586.804873
train/actor/dvac_top20_top_weight_mean,87,86,1.0,1789443355.0697138
train/actor/dvac_top20_top_weight_mean,88,87,1.0,1789444140.8749223
train/actor/dvac_top20_top_weight_mean,89,88,1.0,1789444912.2549899
train/actor/dvac_top20_top_weight_mean,90,89,1.0,1789446007.5152204
train/actor/dvac_top20_top_weight_mean,91,90,1.0,1789446758.4667747
train/actor/dvac_top20_top_weight_mean,92,91,1.0,1789447520.4040194
train/actor/dvac_top20_top_weight_mean,93,92,1.0,1789448266.7855277
train/actor/dvac_top20_top_weight_mean,94,93,1.0,1789449010.9843297
train/actor/dvac_top20_top_weight_mean,95,94,1.0,1789450093.1252532
train/actor/dvac_top20_top_weight_mean,96,95,1.0,1789450867.8671112
train/actor/dvac_top20_top_weight_sq_mean,1,0,5.0,1789374009.8183117
train/actor/dvac_top20_top_weight_sq_mean,2,1,5.0,1789374676.3196793
train/actor/dvac_top20_top_weight_sq_mean,3,2,5.0,1789375352.1567905
train/actor/dvac_top20_top_weight_sq_mean,4,3,5.0,1789376064.7785428
train/actor/dvac_top20_top_weight_sq_mean,5,4,5.0,1789377068.3615065
train/actor/dvac_top20_top_weight_sq_mean,6,5,5.0,1789377728.4401507
train/actor/dvac_top20_top_weight_sq_mean,7,6,5.0,1789378477.9737186
train/actor/dvac_top20_top_weight_sq_mean,8,7,5.0,1789379177.2770352
train/actor/dvac_top20_top_weight_sq_mean,9,8,5.0,1789379943.5207336
train/actor/dvac_top20_top_weight_sq_mean,10,9,5.0,1789381012.483754
train/actor/dvac_top20_top_weight_sq_mean,11,10,5.0,1789381733.7837756
train/actor/dvac_top20_top_weight_sq_mean,12,11,5.0,1789382485.4813461
train/actor/dvac_top20_top_weight_sq_mean,13,12,5.0,1789383184.575729
train/actor/dvac_top20_top_weight_sq_mean,14,13,5.0,1789383914.4001162
train/actor/dvac_top20_top_weight_sq_mean,15,14,5.0,1789384976.4919467
train/actor/dvac_top20_top_weight_sq_mean,16,15,5.0,1789385701.1103082
train/actor/dvac_top20_top_weight_sq_mean,17,16,5.0,1789386444.6202261
train/actor/dvac_top20_top_weight_sq_mean,18,17,5.0,1789387170.0316503
train/actor/dvac_top20_top_weight_sq_mean,19,18,5.0,1789387881.058405
train/actor/dvac_top20_top_weight_sq_mean,20,19,5.0,1789388889.8513927
train/actor/dvac_top20_top_weight_sq_mean,21,20,5.0,1789389626.221201
train/actor/dvac_top20_top_weight_sq_mean,22,21,5.0,1789390354.320365
train/actor/dvac_top20_top_weight_sq_mean,23,22,5.0,1789391092.9027643
train/actor/dvac_top20_top_weight_sq_mean,24,23,5.0,1789391809.7997577
train/actor/dvac_top20_top_weight_sq_mean,25,24,5.0,1789392886.4394076
train/actor/dvac_top20_top_weight_sq_mean,26,25,5.0,1789393589.5607486
train/actor/dvac_top20_top_weight_sq_mean,27,26,5.0,1789394279.6100502
train/actor/dvac_top20_top_weight_sq_mean,28,27,5.0,1789394978.8517911
train/actor/dvac_top20_top_weight_sq_mean,29,28,5.0,1789395703.6736083
train/actor/dvac_top20_top_weight_sq_mean,30,29,5.0,1789396842.4399858
train/actor/dvac_top20_top_weight_sq_mean,31,30,5.0,1789397570.8959088
train/actor/dvac_top20_top_weight_sq_mean,32,31,5.0,1789398341.2548244
train/actor/dvac_top20_top_weight_sq_mean,33,32,5.0,1789399079.8541534
train/actor/dvac_top20_top_weight_sq_mean,34,33,5.0,1789399834.6721134
train/actor/dvac_top20_top_weight_sq_mean,35,34,5.0,1789400851.750405
train/actor/dvac_top20_top_weight_sq_mean,36,35,5.0,1789401614.5876126
train/actor/dvac_top20_top_weight_sq_mean,37,36,5.0,1789402351.1508896
train/actor/dvac_top20_top_weight_sq_mean,38,37,5.0,1789403063.2234654
train/actor/dvac_top20_top_weight_sq_mean,39,38,5.0,1789403774.4905863
train/actor/dvac_top20_top_weight_sq_mean,40,39,5.0,1789404857.195775
train/actor/dvac_top20_top_weight_sq_mean,41,40,5.0,1789405571.5763178
train/actor/dvac_top20_top_weight_sq_mean,42,41,5.0,1789406308.0156312
train/actor/dvac_top20_top_weight_sq_mean,43,42,5.0,1789407041.2411914
train/actor/dvac_top20_top_weight_sq_mean,44,43,5.0,1789407773.2029095
train/actor/dvac_top20_top_weight_sq_mean,45,44,5.0,1789408837.4709747
train/actor/dvac_top20_top_weight_sq_mean,46,45,5.0,1789409565.3259387
train/actor/dvac_top20_top_weight_sq_mean,47,46,5.0,1789410334.4227219
train/actor/dvac_top20_top_weight_sq_mean,48,47,5.0,1789411097.0035024
train/actor/dvac_top20_top_weight_sq_mean,49,48,5.0,1789411845.1480856
train/actor/dvac_top20_top_weight_sq_mean,50,49,5.0,1789412993.1397734
train/actor/dvac_top20_top_weight_sq_mean,51,50,5.0,1789413772.6563275
train/actor/dvac_top20_top_weight_sq_mean,52,51,5.0,1789414499.9978278
train/actor/dvac_top20_top_weight_sq_mean,53,52,5.0,1789415253.8246682
train/actor/dvac_top20_top_weight_sq_mean,54,53,5.0,1789416011.3169358
train/actor/dvac_top20_top_weight_sq_mean,55,54,5.0,1789417118.2338576
train/actor/dvac_top20_top_weight_sq_mean,56,55,5.0,1789417889.3951192
train/actor/dvac_top20_top_weight_sq_mean,57,56,5.0,1789418637.2335122
train/actor/dvac_top20_top_weight_sq_mean,58,57,5.0,1789419378.595033
train/actor/dvac_top20_top_weight_sq_mean,59,58,5.0,1789420126.941506
train/actor/dvac_top20_top_weight_sq_mean,60,59,5.0,1789421289.0083165
train/actor/dvac_top20_top_weight_sq_mean,61,60,5.0,1789422046.0525079
train/actor/dvac_top20_top_weight_sq_mean,62,61,5.0,1789422804.4814239
train/actor/dvac_top20_top_weight_sq_mean,63,62,5.0,1789423553.3597078
train/actor/dvac_top20_top_weight_sq_mean,64,63,5.0,1789424312.1314113
train/actor/dvac_top20_top_weight_sq_mean,65,64,5.0,1789425401.1017172
train/actor/dvac_top20_top_weight_sq_mean,66,65,5.0,1789426184.9439638
train/actor/dvac_top20_top_weight_sq_mean,67,66,5.0,1789426967.490017
train/actor/dvac_top20_top_weight_sq_mean,68,67,5.0,1789427688.0633466
train/actor/dvac_top20_top_weight_sq_mean,69,68,5.0,1789428454.129525
train/actor/dvac_top20_top_weight_sq_mean,70,69,5.0,1789429603.6051915
train/actor/dvac_top20_top_weight_sq_mean,71,70,5.0,1789430400.4172738
train/actor/dvac_top20_top_weight_sq_mean,72,71,5.0,1789431158.5492804
train/actor/dvac_top20_top_weight_sq_mean,73,72,5.0,1789431897.6283066
train/actor/dvac_top20_top_weight_sq_mean,74,73,5.0,1789432633.0567358
train/actor/dvac_top20_top_weight_sq_mean,75,74,5.0,1789433665.2401934
train/actor/dvac_top20_top_weight_sq_mean,76,75,5.0,1789434424.1306884
train/actor/dvac_top20_top_weight_sq_mean,77,76,5.0,1789435208.5190375
train/actor/dvac_top20_top_weight_sq_mean,78,77,5.0,1789435950.1126714
train/actor/dvac_top20_top_weight_sq_mean,79,78,5.0,1789436693.1712992
train/actor/dvac_top20_top_weight_sq_mean,80,79,5.0,1789437768.2118573
train/actor/dvac_top20_top_weight_sq_mean,81,80,5.0,1789438430.5391207
train/actor/dvac_top20_top_weight_sq_mean,82,81,5.0,1789439192.2078488
train/actor/dvac_top20_top_weight_sq_mean,83,82,5.0,1789439982.778595
train/actor/dvac_top20_top_weight_sq_mean,84,83,5.0,1789440739.2043343
train/actor/dvac_top20_top_weight_sq_mean,85,84,5.0,1789441802.814453
train/actor/dvac_top20_top_weight_sq_mean,86,85,5.0,1789442586.8048828
train/actor/dvac_top20_top_weight_sq_mean,87,86,5.0,1789443355.0697372
train/actor/dvac_top20_top_weight_sq_mean,88,87,5.0,1789444140.8749318
train/actor/dvac_top20_top_weight_sq_mean,89,88,5.0,1789444912.2549963
train/actor/dvac_top20_top_weight_sq_mean,90,89,5.0,1789446007.5152264
train/actor/dvac_top20_top_weight_sq_mean,91,90,5.0,1789446758.4667811
train/actor/dvac_top20_top_weight_sq_mean,92,91,5.0,1789447520.4040263
train/actor/dvac_top20_top_weight_sq_mean,93,92,5.0,1789448266.785534
train/actor/dvac_top20_top_weight_sq_mean,94,93,5.0,1789449010.9843361
train/actor/dvac_top20_top_weight_sq_mean,95,94,5.0,1789450093.1252728
train/actor/dvac_top20_top_weight_sq_mean,96,95,5.0,1789450867.8671207
train/actor/dvac_top20_update_index,1,0,1.5,1789374009.8183215
train/actor/dvac_top20_update_index,2,1,3.5,1789374676.3196852
train/actor/dvac_top20_update_index,3,2,5.5,1789375352.156803
train/actor/dvac_top20_update_index,4,3,7.5,1789376064.7785504
train/actor/dvac_top20_update_index,5,4,9.5,1789377068.3615127
train/actor/dvac_top20_update_index,6,5,11.5,1789377728.440157
train/actor/dvac_top20_update_index,7,6,13.5,1789378477.9737248
train/actor/dvac_top20_update_index,8,7,15.5,1789379177.2770412
train/actor/dvac_top20_update_index,9,8,17.5,1789379943.5207415
train/actor/dvac_top20_update_index,10,9,19.5,1789381012.483769
train/actor/dvac_top20_update_index,11,10,21.5,1789381733.7837827
train/actor/dvac_top20_update_index,12,11,23.5,1789382485.481355
train/actor/dvac_top20_update_index,13,12,25.5,1789383184.5757422
train/actor/dvac_top20_update_index,14,13,27.5,1789383914.4001262
train/actor/dvac_top20_update_index,15,14,29.5,1789384976.4919558
train/actor/dvac_top20_update_index,16,15,31.5,1789385701.1103163
train/actor/dvac_top20_update_index,17,16,33.5,1789386444.6202323
train/actor/dvac_top20_update_index,18,17,35.5,1789387170.0316567
train/actor/dvac_top20_update_index,19,18,37.5,1789387881.0584104
train/actor/dvac_top20_update_index,20,19,39.5,1789388889.8513985
train/actor/dvac_top20_update_index,21,20,41.5,1789389626.2212067
train/actor/dvac_top20_update_index,22,21,43.5,1789390354.3203719
train/actor/dvac_top20_update_index,23,22,45.5,1789391092.9027705
train/actor/dvac_top20_update_index,24,23,47.5,1789391809.7997634
train/actor/dvac_top20_update_index,25,24,49.5,1789392886.4394162
train/actor/dvac_top20_update_index,26,25,51.5,1789393589.5607529
train/actor/dvac_top20_update_index,27,26,53.5,1789394279.6100583
train/actor/dvac_top20_update_index,28,27,55.5,1789394978.8517973
train/actor/dvac_top20_update_index,29,28,57.5,1789395703.6736145
train/actor/dvac_top20_update_index,30,29,59.5,1789396842.439992
train/actor/dvac_top20_update_index,31,30,61.5,1789397570.895915
train/actor/dvac_top20_update_index,32,31,63.5,1789398341.2548308
train/actor/dvac_top20_update_index,33,32,65.5,1789399079.8541596
train/actor/dvac_top20_update_index,34,33,67.5,1789399834.67212
train/actor/dvac_top20_update_index,35,34,69.5,1789400851.750417
train/actor/dvac_top20_update_index,36,35,71.5,1789401614.5876186
train/actor/dvac_top20_update_index,37,36,73.5,1789402351.1508954
train/actor/dvac_top20_update_index,38,37,75.5,1789403063.2234719
train/actor/dvac_top20_update_index,39,38,77.5,1789403774.4905927
train/actor/dvac_top20_update_index,40,39,79.5,1789404857.1957808
train/actor/dvac_top20_update_index,41,40,81.5,1789405571.5763237
train/actor/dvac_top20_update_index,42,41,83.5,1789406308.015639
train/actor/dvac_top20_update_index,43,42,85.5,1789407041.2411978
train/actor/dvac_top20_update_index,44,43,87.5,1789407773.2029161
train/actor/dvac_top20_update_index,45,44,89.5,1789408837.470986
train/actor/dvac_top20_update_index,46,45,91.5,1789409565.3259573
train/actor/dvac_top20_update_index,47,46,93.5,1789410334.4227297
train/actor/dvac_top20_update_index,48,47,95.5,1789411097.0035083
train/actor/dvac_top20_update_index,49,48,97.5,1789411845.148091
train/actor/dvac_top20_update_index,50,49,99.5,1789412993.1397822
train/actor/dvac_top20_update_index,51,50,101.5,1789413772.656333
train/actor/dvac_top20_update_index,52,51,103.5,1789414499.9978337
train/actor/dvac_top20_update_index,53,52,105.5,1789415253.8246744
train/actor/dvac_top20_update_index,54,53,107.5,1789416011.3169415
train/actor/dvac_top20_update_index,55,54,109.5,1789417118.2338672
train/actor/dvac_top20_update_index,56,55,111.5,1789417889.3951328
train/actor/dvac_top20_update_index,57,56,113.5,1789418637.2335186
train/actor/dvac_top20_update_index,58,57,115.5,1789419378.595037
train/actor/dvac_top20_update_index,59,58,117.5,1789420126.9415114
train/actor/dvac_top20_update_index,60,59,119.5,1789421289.0083222
train/actor/dvac_top20_update_index,61,60,121.5,1789422046.0525146
train/actor/dvac_top20_update_index,62,61,123.5,1789422804.4814312
train/actor/dvac_top20_update_index,63,62,125.5,1789423553.3597145
train/actor/dvac_top20_update_index,64,63,127.5,1789424312.1314173
train/actor/dvac_top20_update_index,65,64,129.5,1789425401.1017234
train/actor/dvac_top20_update_index,66,65,131.5,1789426184.9439695
train/actor/dvac_top20_update_index,67,66,133.5,1789426967.490023
train/actor/dvac_top20_update_index,68,67,135.5,1789427688.0633528
train/actor/dvac_top20_update_index,69,68,137.5,1789428454.1295304
train/actor/dvac_top20_update_index,70,69,139.5,1789429603.6051998
train/actor/dvac_top20_update_index,71,70,141.5,1789430400.4172802
train/actor/dvac_top20_update_index,72,71,143.5,1789431158.5492904
train/actor/dvac_top20_update_index,73,72,145.5,1789431897.628313
train/actor/dvac_top20_update_index,74,73,147.5,1789432633.0567417
train/actor/dvac_top20_update_index,75,74,149.5,1789433665.240204
train/actor/dvac_top20_update_index,76,75,151.5,1789434424.1306942
train/actor/dvac_top20_update_index,77,76,153.5,1789435208.5190456
train/actor/dvac_top20_update_index,78,77,155.5,1789435950.112679
train/actor/dvac_top20_update_index,79,78,157.5,1789436693.1713054
train/actor/dvac_top20_update_index,80,79,159.5,1789437768.2118633
train/actor/dvac_top20_update_index,81,80,161.5,1789438430.5391302
train/actor/dvac_top20_update_index,82,81,163.5,1789439192.2078547
train/actor/dvac_top20_update_index,83,82,165.5,1789439982.7786014
train/actor/dvac_top20_update_index,84,83,167.5,1789440739.2043405
train/actor/dvac_top20_update_index,85,84,169.5,1789441802.8144639
train/actor/dvac_top20_update_index,86,85,171.5,1789442586.80489
train/actor/dvac_top20_update_index,87,86,173.5,1789443355.0697553
train/actor/dvac_top20_update_index,88,87,175.5,1789444140.8749387
train/actor/dvac_top20_update_index,89,88,177.5,1789444912.2550018
train/actor/dvac_top20_update_index,90,89,179.5,1789446007.5152326
train/actor/dvac_top20_update_index,91,90,181.5,1789446758.466787
train/actor/dvac_top20_update_index,92,91,183.5,1789447520.4040327
train/actor/dvac_top20_update_index,93,92,185.5,1789448266.7855403
train/actor/dvac_top20_update_index,94,93,187.5,1789449010.984342
train/actor/dvac_top20_update_index,95,94,189.5,1789450093.125287
train/actor/dvac_top20_update_index,96,95,191.5,1789450867.8671286
train/actor/dvac_top20_valid_positions,1,0,19450.0,1789374009.8183312
train/actor/dvac_top20_valid_positions,2,1,21050.0,1789374676.3196912
train/actor/dvac_top20_valid_positions,3,2,17950.0,1789375352.1568155
train/actor/dvac_top20_valid_positions,4,3,21000.0,1789376064.778558
train/actor/dvac_top20_valid_positions,5,4,17250.0,1789377068.3615181
train/actor/dvac_top20_valid_positions,6,5,18050.0,1789377728.4401634
train/actor/dvac_top20_valid_positions,7,6,23050.0,1789378477.9737315
train/actor/dvac_top20_valid_positions,8,7,18050.0,1789379177.2770467
train/actor/dvac_top20_valid_positions,9,8,20450.0,1789379943.5207493
train/actor/dvac_top20_valid_positions,10,9,22450.0,1789381012.4837835
train/actor/dvac_top20_valid_positions,11,10,16750.0,1789381733.7837899
train/actor/dvac_top20_valid_positions,12,11,16650.0,1789382485.4813645
train/actor/dvac_top20_valid_positions,13,12,17150.0,1789383184.5757558
train/actor/dvac_top20_valid_positions,14,13,18550.0,1789383914.4001353
train/actor/dvac_top20_valid_positions,15,14,22450.0,1789384976.4919653
train/actor/dvac_top20_valid_positions,16,15,21950.0,1789385701.1103244
train/actor/dvac_top20_valid_positions,17,16,19200.0,1789386444.620248
train/actor/dvac_top20_valid_positions,18,17,18750.0,1789387170.031663
train/actor/dvac_top20_valid_positions,19,18,19850.0,1789387881.058416
train/actor/dvac_top20_valid_positions,20,19,17700.0,1789388889.8514044
train/actor/dvac_top20_valid_positions,21,20,20300.0,1789389626.2212129
train/actor/dvac_top20_valid_positions,22,21,20600.0,1789390354.3203783
train/actor/dvac_top20_valid_positions,23,22,21600.0,1789391092.9027774
train/actor/dvac_top20_valid_positions,24,23,18700.0,1789391809.7997696
train/actor/dvac_top20_valid_positions,25,24,17250.0,1789392886.4394248
train/actor/dvac_top20_valid_positions,26,25,14500.0,1789393589.5607574
train/actor/dvac_top20_valid_positions,27,26,19850.0,1789394279.6100664
train/actor/dvac_top20_valid_positions,28,27,18050.0,1789394978.8518028
train/actor/dvac_top20_valid_positions,29,28,19000.0,1789395703.6736214
train/actor/dvac_top20_valid_positions,30,29,17650.0,1789396842.4399984
train/actor/dvac_top20_valid_positions,31,30,17400.0,1789397570.8959212
train/actor/dvac_top20_valid_positions,32,31,15800.0,1789398341.2548368
train/actor/dvac_top20_valid_positions,33,32,23000.0,1789399079.854165
train/actor/dvac_top20_valid_positions,34,33,18500.0,1789399834.6721265
train/actor/dvac_top20_valid_positions,35,34,19050.0,1789400851.7504284
train/actor/dvac_top20_valid_positions,36,35,18950.0,1789401614.5876248
train/actor/dvac_top20_valid_positions,37,36,18500.0,1789402351.1509013
train/actor/dvac_top20_valid_positions,38,37,22400.0,1789403063.2234783
train/actor/dvac_top20_valid_positions,39,38,19100.0,1789403774.490599
train/actor/dvac_top20_valid_positions,40,39,17550.0,1789404857.1957867
train/actor/dvac_top20_valid_positions,41,40,19750.0,1789405571.5763297
train/actor/dvac_top20_valid_positions,42,41,21750.0,1789406308.015646
train/actor/dvac_top20_valid_positions,43,42,22150.0,1789407041.241204
train/actor/dvac_top20_valid_positions,44,43,22350.0,1789407773.2029228
train/actor/dvac_top20_valid_positions,45,44,18800.0,1789408837.4709978
train/actor/dvac_top20_valid_positions,46,45,21300.0,1789409565.3259764
train/actor/dvac_top20_valid_positions,47,46,19650.0,1789410334.4227388
train/actor/dvac_top20_valid_positions,48,47,20950.0,1789411097.0035143
train/actor/dvac_top20_valid_positions,49,48,18650.0,1789411845.148097
train/actor/dvac_top20_valid_positions,50,49,14700.0,1789412993.1397908
train/actor/dvac_top20_valid_positions,51,50,18850.0,1789413772.656339
train/actor/dvac_top20_valid_positions,52,51,21100.0,1789414499.9978397
train/actor/dvac_top20_valid_positions,53,52,19100.0,1789415253.82468
train/actor/dvac_top20_valid_positions,54,53,12650.0,1789416011.3169472
train/actor/dvac_top20_valid_positions,55,54,18750.0,1789417118.2338774
train/actor/dvac_top20_valid_positions,56,55,15100.0,1789417889.395146
train/actor/dvac_top20_valid_positions,57,56,14850.0,1789418637.2335248
train/actor/dvac_top20_valid_positions,58,57,17100.0,1789419378.595041
train/actor/dvac_top20_valid_positions,59,58,16000.0,1789420126.9415176
train/actor/dvac_top20_valid_positions,60,59,17500.0,1789421289.0083282
train/actor/dvac_top20_valid_positions,61,60,20450.0,1789422046.052521
train/actor/dvac_top20_valid_positions,62,61,22900.0,1789422804.481438
train/actor/dvac_top20_valid_positions,63,62,16850.0,1789423553.3597212
train/actor/dvac_top20_valid_positions,64,63,17850.0,1789424312.1314232
train/actor/dvac_top20_valid_positions,65,64,19100.0,1789425401.1017299
train/actor/dvac_top20_valid_positions,66,65,20150.0,1789426184.943976
train/actor/dvac_top20_valid_positions,67,66,16350.0,1789426967.4900286
train/actor/dvac_top20_valid_positions,68,67,23450.0,1789427688.0633593
train/actor/dvac_top20_valid_positions,69,68,17750.0,1789428454.1295362
train/actor/dvac_top20_valid_positions,70,69,17100.0,1789429603.6052074
train/actor/dvac_top20_valid_positions,71,70,18650.0,1789430400.4172862
train/actor/dvac_top20_valid_positions,72,71,20950.0,1789431158.5492995
train/actor/dvac_top20_valid_positions,73,72,19900.0,1789431897.628319
train/actor/dvac_top20_valid_positions,74,73,22750.0,1789432633.0567474
train/actor/dvac_top20_valid_positions,75,74,20100.0,1789433665.2402155
train/actor/dvac_top20_valid_positions,76,75,20100.0,1789434424.1306999
train/actor/dvac_top20_valid_positions,77,76,18850.0,1789435208.519053
train/actor/dvac_top20_valid_positions,78,77,18250.0,1789435950.112686
train/actor/dvac_top20_valid_positions,79,78,20650.0,1789436693.1713114
train/actor/dvac_top20_valid_positions,80,79,18000.0,1789437768.2118692
train/actor/dvac_top20_valid_positions,81,80,19250.0,1789438430.5391386
train/actor/dvac_top20_valid_positions,82,81,20200.0,1789439192.207861
train/actor/dvac_top20_valid_positions,83,82,18300.0,1789439982.7786074
train/actor/dvac_top20_valid_positions,84,83,19850.0,1789440739.2043464
train/actor/dvac_top20_valid_positions,85,84,22450.0,1789441802.8144746
train/actor/dvac_top20_valid_positions,86,85,20400.0,1789442586.8048968
train/actor/dvac_top20_valid_positions,87,86,21000.0,1789443355.069774
train/actor/dvac_top20_valid_positions,88,87,23050.0,1789444140.8755698
train/actor/dvac_top20_valid_positions,89,88,22100.0,1789444912.2550082
train/actor/dvac_top20_valid_positions,90,89,20750.0,1789446007.5152383
train/actor/dvac_top20_valid_positions,91,90,17250.0,1789446758.4667928
train/actor/dvac_top20_valid_positions,92,91,20050.0,1789447520.404039
train/actor/dvac_top20_valid_positions,93,92,20900.0,1789448266.7855468
train/actor/dvac_top20_valid_positions,94,93,16150.0,1789449010.984348
train/actor/dvac_top20_valid_positions,95,94,19000.0,1789450093.1253018
train/actor/dvac_top20_valid_positions,96,95,19700.0,1789450867.867135
train/actor/dvac_top20_valid_v_mean,1,0,0.0005824739928357303,1789374009.8183403
train/actor/dvac_top20_valid_v_mean,2,1,0.0005438687512651086,1789374676.3196974
train/actor/dvac_top20_valid_v_mean,3,2,0.0005738704348914325,1789375352.1568284
train/actor/dvac_top20_valid_v_mean,4,3,0.0005410218727774918,1789376064.778565
train/actor/dvac_top20_valid_v_mean,5,4,0.0005972791695967317,1789377068.3615236
train/actor/dvac_top20_valid_v_mean,6,5,0.0006235289038158953,1789377728.4401693
train/actor/dvac_top20_valid_v_mean,7,6,0.0006076786085031927,1789378477.9737377
train/actor/dvac_top20_valid_v_mean,8,7,0.0007784134359098971,1789379177.277053
train/actor/dvac_top20_valid_v_mean,9,8,0.0007254437077790499,1789379943.520757
train/actor/dvac_top20_valid_v_mean,10,9,0.0007542423554696143,1789381012.4837983
train/actor/dvac_top20_valid_v_mean,11,10,0.0008483752608299255,1789381733.7837968
train/actor/dvac_top20_valid_v_mean,12,11,0.0008640832384116948,1789382485.4813745
train/actor/dvac_top20_valid_v_mean,13,12,0.0008259086171165109,1789383184.5757678
train/actor/dvac_top20_valid_v_mean,14,13,0.0009086675709113479,1789383914.4001443
train/actor/dvac_top20_valid_v_mean,15,14,0.0010409619426354766,1789384976.491975
train/actor/dvac_top20_valid_v_mean,16,15,0.000964876904617995,1789385701.1103323
train/actor/dvac_top20_valid_v_mean,17,16,0.0009519757586531341,1789386444.6202545
train/actor/dvac_top20_valid_v_mean,18,17,0.0010622518602758646,1789387170.0316684
train/actor/dvac_top20_valid_v_mean,19,18,0.0010940980864688754,1789387881.0584223
train/actor/dvac_top20_valid_v_mean,20,19,0.001091835438273847,1789388889.8514109
train/actor/dvac_top20_valid_v_mean,21,20,0.0012213559821248055,1789389626.2212188
train/actor/dvac_top20_valid_v_mean,22,21,0.0012532160617411137,1789390354.3203847
train/actor/dvac_top20_valid_v_mean,23,22,0.0011773627484217286,1789391092.9027836
train/actor/dvac_top20_valid_v_mean,24,23,0.001355289830826223,1789391809.7997756
train/actor/dvac_top20_valid_v_mean,25,24,0.001334936125203967,1789392886.439434
train/actor/dvac_top20_valid_v_mean,26,25,0.0013701216084882617,1789393589.5607622
train/actor/dvac_top20_valid_v_mean,27,26,0.0013751694932579994,1789394279.610074
train/actor/dvac_top20_valid_v_mean,28,27,0.0015938315773382783,1789394978.851809
train/actor/dvac_top20_valid_v_mean,29,28,0.0015870200004428625,1789395703.6736276
train/actor/dvac_top20_valid_v_mean,30,29,0.0015685148537158966,1789396842.4400048
train/actor/dvac_top20_valid_v_mean,31,30,0.0015898742713034153,1789397570.8959265
train/actor/dvac_top20_valid_v_mean,32,31,0.0016459112521260977,1789398341.254843
train/actor/dvac_top20_valid_v_mean,33,32,0.00166124920360744,1789399079.8541706
train/actor/dvac_top20_valid_v_mean,34,33,0.001793850096873939,1789399834.6721325
train/actor/dvac_top20_valid_v_mean,35,34,0.0017073826165869832,1789400851.7504404
train/actor/dvac_top20_valid_v_mean,36,35,0.0017385842511430383,1789401614.58763
train/actor/dvac_top20_valid_v_mean,37,36,0.0017892277101054788,1789402351.1509073
train/actor/dvac_top20_valid_v_mean,38,37,0.0019061485072597861,1789403063.223485
train/actor/dvac_top20_valid_v_mean,39,38,0.0019026435911655426,1789403774.4906054
train/actor/dvac_top20_valid_v_mean,40,39,0.0019120016368106008,1789404857.1957927
train/actor/dvac_top20_valid_v_mean,41,40,0.0017798624467104673,1789405571.5763369
train/actor/dvac_top20_valid_v_mean,42,41,0.0018818405224010348,1789406308.0156527
train/actor/dvac_top20_valid_v_mean,43,42,0.001744285225868225,1789407041.2412102
train/actor/dvac_top20_valid_v_mean,44,43,0.0017552715726196766,1789407773.203697
train/actor/dvac_top20_valid_v_mean,45,44,0.0017999393166974187,1789408837.4710085
train/actor/dvac_top20_valid_v_mean,46,45,0.0017394664464518428,1789409565.3259947
train/actor/dvac_top20_valid_v_mean,47,46,0.0018878374248743057,1789410334.4227452
train/actor/dvac_top20_valid_v_mean,48,47,0.0017154129454866052,1789411097.00352
train/actor/dvac_top20_valid_v_mean,49,48,0.001770616159774363,1789411845.1481028
train/actor/dvac_top20_valid_v_mean,50,49,0.0016680635744705796,1789412993.1397998
train/actor/dvac_top20_valid_v_mean,51,50,0.0016354884719476104,1789413772.656345
train/actor/dvac_top20_valid_v_mean,52,51,0.001646022661589086,1789414499.997845
train/actor/dvac_top20_valid_v_mean,53,52,0.0015865324530750513,1789415253.824686
train/actor/dvac_top20_valid_v_mean,54,53,0.0017800723435357213,1789416011.316953
train/actor/dvac_top20_valid_v_mean,55,54,0.001750932657159865,1789417118.233887
train/actor/dvac_top20_valid_v_mean,56,55,0.0017575680976733565,1789417889.3951585
train/actor/dvac_top20_valid_v_mean,57,56,0.0015015131793916225,1789418637.2335315
train/actor/dvac_top20_valid_v_mean,58,57,0.0016236015362665057,1789419378.5950449
train/actor/dvac_top20_valid_v_mean,59,58,0.0016078773187473416,1789420126.941524
train/actor/dvac_top20_valid_v_mean,60,59,0.0016170742455869913,1789421289.0083342
train/actor/dvac_top20_valid_v_mean,61,60,0.0017106359591707587,1789422046.0525272
train/actor/dvac_top20_valid_v_mean,62,61,0.00159366091247648,1789422804.481445
train/actor/dvac_top20_valid_v_mean,63,62,0.001633764011785388,1789423553.3597274
train/actor/dvac_top20_valid_v_mean,64,63,0.0018045149045065045,1789424312.131429
train/actor/dvac_top20_valid_v_mean,65,64,0.0017786163371056318,1789425401.1017363
train/actor/dvac_top20_valid_v_mean,66,65,0.0018513386603444815,1789426184.943982
train/actor/dvac_top20_valid_v_mean,67,66,0.0019111379515379667,1789426967.4900343
train/actor/dvac_top20_valid_v_mean,68,67,0.001971004530787468,1789427688.063365
train/actor/dvac_top20_valid_v_mean,69,68,0.002071060473099351,1789428454.1295443
train/actor/dvac_top20_valid_v_mean,70,69,0.002117551164701581,1789429603.605215
train/actor/dvac_top20_valid_v_mean,71,70,0.0021856005769222975,1789430400.4172919
train/actor/dvac_top20_valid_v_mean,72,71,0.002238738816231489,1789431158.5493073
train/actor/dvac_top20_valid_v_mean,73,72,0.002339302096515894,1789431897.6283243
train/actor/dvac_top20_valid_v_mean,74,73,0.002407060470432043,1789432633.0567536
train/actor/dvac_top20_valid_v_mean,75,74,0.002509159268811345,1789433665.2402263
train/actor/dvac_top20_valid_v_mean,76,75,0.0025590104050934315,1789434424.130705
train/actor/dvac_top20_valid_v_mean,77,76,0.0025075282901525497,1789435208.5190609
train/actor/dvac_top20_valid_v_mean,78,77,0.00251487223431468,1789435950.112693
train/actor/dvac_top20_valid_v_mean,79,78,0.002546213334426284,1789436693.1713176
train/actor/dvac_top20_valid_v_mean,80,79,0.0025512007996439934,1789437768.2118745
train/actor/dvac_top20_valid_v_mean,81,80,0.002581939334049821,1789438430.5391467
train/actor/dvac_top20_valid_v_mean,82,81,0.0024836964439600706,1789439192.207867
train/actor/dvac_top20_valid_v_mean,83,82,0.0024949703365564346,1789439982.7786133
train/actor/dvac_top20_valid_v_mean,84,83,0.0025936446618288755,1789440739.2043529
train/actor/dvac_top20_valid_v_mean,85,84,0.0026396564207971096,1789441802.8144855
train/actor/dvac_top20_valid_v_mean,86,85,0.0026881021913141012,1789442586.8049037
train/actor/dvac_top20_valid_v_mean,87,86,0.0026636472903192043,1789443355.0697916
train/actor/dvac_top20_valid_v_mean,88,87,0.0026031341403722763,1789444140.8755782
train/actor/dvac_top20_valid_v_mean,89,88,0.0026163009461015463,1789444912.2550144
train/actor/dvac_top20_valid_v_mean,90,89,0.002704900922253728,1789446007.5152438
train/actor/dvac_top20_valid_v_mean,91,90,0.0025910597760230303,1789446758.4667985
train/actor/dvac_top20_valid_v_mean,92,91,0.002789659658446908,1789447520.404045
train/actor/dvac_top20_valid_v_mean,93,92,0.002659509889781475,1789448266.7855525
train/actor/dvac_top20_valid_v_mean,94,93,0.0027323004323989153,1789449010.9843543
train/actor/dvac_top20_valid_v_mean,95,94,0.00275583378970623,1789450093.1253166
train/actor/dvac_top20_valid_v_mean,96,95,0.0027993612457066774,1789450867.8671417
train/actor/entropy_loss,1,0,0.0,1789374009.8183498
train/actor/entropy_loss,2,1,0.0,1789374676.3197036
train/actor/entropy_loss,3,2,0.0,1789375352.1568415
train/actor/entropy_loss,4,3,0.0,1789376064.7785716
train/actor/entropy_loss,5,4,0.0,1789377068.3615296
train/actor/entropy_loss,6,5,0.0,1789377728.4401758
train/actor/entropy_loss,7,6,0.0,1789378477.9737444
train/actor/entropy_loss,8,7,0.0,1789379177.2770593
train/actor/entropy_loss,9,8,0.0,1789379943.5207648
train/actor/entropy_loss,10,9,0.0,1789381012.483813
train/actor/entropy_loss,11,10,0.0,1789381733.7838035
train/actor/entropy_loss,12,11,0.0,1789382485.481383
train/actor/entropy_loss,13,12,0.0,1789383184.5757802
train/actor/entropy_loss,14,13,0.0,1789383914.4001534
train/actor/entropy_loss,15,14,0.0,1789384976.491985
train/actor/entropy_loss,16,15,0.0,1789385701.1103408
train/actor/entropy_loss,17,16,0.0,1789386444.620261
train/actor/entropy_loss,18,17,0.0,1789387170.0316746
train/actor/entropy_loss,19,18,0.0,1789387881.058428
train/actor/entropy_loss,20,19,0.0,1789388889.8514166
train/actor/entropy_loss,21,20,0.0,1789389626.221225
train/actor/entropy_loss,22,21,0.0,1789390354.3203912
train/actor/entropy_loss,23,22,0.0,1789391092.9027903
train/actor/entropy_loss,24,23,0.0,1789391809.7997818
train/actor/entropy_loss,25,24,0.0,1789392886.4394443
train/actor/entropy_loss,26,25,0.0,1789393589.5607667
train/actor/entropy_loss,27,26,0.0,1789394279.6100826
train/actor/entropy_loss,28,27,0.0,1789394978.851815
train/actor/entropy_loss,29,28,0.0,1789395703.6736336
train/actor/entropy_loss,30,29,0.0,1789396842.440011
train/actor/entropy_loss,31,30,0.0,1789397570.8959324
train/actor/entropy_loss,32,31,0.0,1789398341.254849
train/actor/entropy_loss,33,32,0.0,1789399079.8541763
train/actor/entropy_loss,34,33,0.0,1789399834.6721385
train/actor/entropy_loss,35,34,0.0,1789400851.7504525
train/actor/entropy_loss,36,35,0.0,1789401614.587636
train/actor/entropy_loss,37,36,0.0,1789402351.1509132
train/actor/entropy_loss,38,37,0.0,1789403063.223492
train/actor/entropy_loss,39,38,0.0,1789403774.4906123
train/actor/entropy_loss,40,39,0.0,1789404857.1957989
train/actor/entropy_loss,41,40,0.0,1789405571.5763435
train/actor/entropy_loss,42,41,0.0,1789406308.0156596
train/actor/entropy_loss,43,42,0.0,1789407041.2412162
train/actor/entropy_loss,44,43,0.0,1789407773.2037072
train/actor/entropy_loss,45,44,0.0,1789408837.4710193
train/actor/entropy_loss,46,45,0.0,1789409565.3260126
train/actor/entropy_loss,47,46,0.0,1789410334.4227529
train/actor/entropy_loss,48,47,0.0,1789411097.0035262
train/actor/entropy_loss,49,48,0.0,1789411845.1481085
train/actor/entropy_loss,50,49,0.0,1789412993.1398087
train/actor/entropy_loss,51,50,0.0,1789413772.656351
train/actor/entropy_loss,52,51,0.0,1789414499.9978516
train/actor/entropy_loss,53,52,0.0,1789415253.824692
train/actor/entropy_loss,54,53,0.0,1789416011.316959
train/actor/entropy_loss,55,54,0.0,1789417118.233897
train/actor/entropy_loss,56,55,0.0,1789417889.395171
train/actor/entropy_loss,57,56,0.0,1789418637.2335372
train/actor/entropy_loss,58,57,0.0,1789419378.5950491
train/actor/entropy_loss,59,58,0.0,1789420126.9415302
train/actor/entropy_loss,60,59,0.0,1789421289.0083406
train/actor/entropy_loss,61,60,0.0,1789422046.0525339
train/actor/entropy_loss,62,61,0.0,1789422804.481452
train/actor/entropy_loss,63,62,0.0,1789423553.3597348
train/actor/entropy_loss,64,63,0.0,1789424312.1314347
train/actor/entropy_loss,65,64,0.0,1789425401.1017425
train/actor/entropy_loss,66,65,0.0,1789426184.9439883
train/actor/entropy_loss,67,66,0.0,1789426967.49004
train/actor/entropy_loss,68,67,0.0,1789427688.0633714
train/actor/entropy_loss,69,68,0.0,1789428454.1295516
train/actor/entropy_loss,70,69,0.0,1789429603.6052227
train/actor/entropy_loss,71,70,0.0,1789430400.4172971
train/actor/entropy_loss,72,71,0.0,1789431158.549317
train/actor/entropy_loss,73,72,0.0,1789431897.62833
train/actor/entropy_loss,74,73,0.0,1789432633.0567598
train/actor/entropy_loss,75,74,0.0,1789433665.2402506
train/actor/entropy_loss,76,75,0.0,1789434424.1307116
train/actor/entropy_loss,77,76,0.0,1789435208.519069
train/actor/entropy_loss,78,77,0.0,1789435950.1127
train/actor/entropy_loss,79,78,0.0,1789436693.1713233
train/actor/entropy_loss,80,79,0.0,1789437768.2118802
train/actor/entropy_loss,81,80,0.0,1789438430.539156
train/actor/entropy_loss,82,81,0.0,1789439192.2078729
train/actor/entropy_loss,83,82,0.0,1789439982.7786193
train/actor/entropy_loss,84,83,0.0,1789440739.2043595
train/actor/entropy_loss,85,84,0.0,1789441802.814496
train/actor/entropy_loss,86,85,0.0,1789442586.8049107
train/actor/entropy_loss,87,86,0.0,1789443355.0698097
train/actor/entropy_loss,88,87,0.0,1789444140.8755848
train/actor/entropy_loss,89,88,0.0,1789444912.2550209
train/actor/entropy_loss,90,89,0.0,1789446007.5152495
train/actor/entropy_loss,91,90,0.0,1789446758.4668047
train/actor/entropy_loss,92,91,0.0,1789447520.4040515
train/actor/entropy_loss,93,92,0.0,1789448266.7855582
train/actor/entropy_loss,94,93,0.0,1789449010.9843605
train/actor/entropy_loss,95,94,0.0,1789450093.1253312
train/actor/entropy_loss,96,95,0.0,1789450867.8671489
train/actor/grad_norm,1,0,34.2205696105957,1789374009.8183594
train/actor/grad_norm,2,1,76.21600341796875,1789374676.31971
train/actor/grad_norm,3,2,52.996246337890625,1789375352.156854
train/actor/grad_norm,4,3,46.25559997558594,1789376064.7785788
train/actor/grad_norm,5,4,77.12309265136719,1789377068.3617551
train/actor/grad_norm,6,5,79.87351989746094,1789377728.4401827
train/actor/grad_norm,7,6,35.724796295166016,1789378477.9737513
train/actor/grad_norm,8,7,45.06338882446289,1789379177.2770655
train/actor/grad_norm,9,8,53.145591735839844,1789379943.520773
train/actor/grad_norm,10,9,53.604820251464844,1789381012.4840684
train/actor/grad_norm,11,10,56.862510681152344,1789381733.783811
train/actor/grad_norm,12,11,81.0020751953125,1789382485.4813921
train/actor/grad_norm,13,12,64.53649139404297,1789383184.5757942
train/actor/grad_norm,14,13,46.013450622558594,1789383914.4001625
train/actor/grad_norm,15,14,81.03758239746094,1789384976.4926457
train/actor/grad_norm,16,15,59.619476318359375,1789385701.110349
train/actor/grad_norm,17,16,55.442474365234375,1789386444.6202672
train/actor/grad_norm,18,17,62.22645568847656,1789387170.031681
train/actor/grad_norm,19,18,69.14603424072266,1789387881.0584338
train/actor/grad_norm,20,19,58.2859992980957,1789388889.851618
train/actor/grad_norm,21,20,69.08300018310547,1789389626.2212312
train/actor/grad_norm,22,21,63.56877899169922,1789390354.3203971
train/actor/grad_norm,23,22,61.22856903076172,1789391092.9027967
train/actor/grad_norm,24,23,46.758636474609375,1789391809.7997887
train/actor/grad_norm,25,24,43.359153747558594,1789392886.4399369
train/actor/grad_norm,26,25,37.20745086669922,1789393589.5607712
train/actor/grad_norm,27,26,60.01414489746094,1789394279.6100907
train/actor/grad_norm,28,27,71.9896240234375,1789394978.8518207
train/actor/grad_norm,29,28,73.34223937988281,1789395703.67364
train/actor/grad_norm,30,29,62.923763275146484,1789396842.4402037
train/actor/grad_norm,31,30,85.40861511230469,1789397570.8959389
train/actor/grad_norm,32,31,35.2354736328125,1789398341.254855
train/actor/grad_norm,33,32,56.131526947021484,1789399079.8541825
train/actor/grad_norm,34,33,33.082157135009766,1789399834.672145
train/actor/grad_norm,35,34,28.880779266357422,1789400851.750943
train/actor/grad_norm,36,35,82.8686294555664,1789401614.5876424
train/actor/grad_norm,37,36,62.36107635498047,1789402351.1509197
train/actor/grad_norm,38,37,60.055419921875,1789403063.2234983
train/actor/grad_norm,39,38,46.13916015625,1789403774.490619
train/actor/grad_norm,40,39,15.75786018371582,1789404857.1960416
train/actor/grad_norm,41,40,30.307899475097656,1789405571.5763502
train/actor/grad_norm,42,41,56.227500915527344,1789406308.0156662
train/actor/grad_norm,43,42,51.26587677001953,1789407041.241223
train/actor/grad_norm,44,43,48.55242156982422,1789407773.203714
train/actor/grad_norm,45,44,46.71268081665039,1789408837.4716234
train/actor/grad_norm,46,45,87.37073516845703,1789409565.32603
train/actor/grad_norm,47,46,42.63374328613281,1789410334.4227602
train/actor/grad_norm,48,47,36.96504211425781,1789411097.0035317
train/actor/grad_norm,49,48,89.42924499511719,1789411845.148115
train/actor/grad_norm,50,49,63.98027801513672,1789412993.1400776
train/actor/grad_norm,51,50,60.599143981933594,1789413772.6563568
train/actor/grad_norm,52,51,70.84938049316406,1789414499.9978576
train/actor/grad_norm,53,52,37.7686767578125,1789415253.8246975
train/actor/grad_norm,54,53,53.195350646972656,1789416011.316965
train/actor/grad_norm,55,54,88.76947021484375,1789417118.2341413
train/actor/grad_norm,56,55,49.43403625488281,1789417889.395183
train/actor/grad_norm,57,56,66.07612609863281,1789418637.2335439
train/actor/grad_norm,58,57,48.034278869628906,1789419378.595053
train/actor/grad_norm,59,58,42.759769439697266,1789420126.9415364
train/actor/grad_norm,60,59,48.613807678222656,1789421289.0088685
train/actor/grad_norm,61,60,43.41115188598633,1789422046.0525398
train/actor/grad_norm,62,61,73.98385620117188,1789422804.4814584
train/actor/grad_norm,63,62,51.39859390258789,1789423553.359741
train/actor/grad_norm,64,63,48.5961799621582,1789424312.1314406
train/actor/grad_norm,65,64,65.13592529296875,1789425401.1024864
train/actor/grad_norm,66,65,96.83468627929688,1789426184.943994
train/actor/grad_norm,67,66,94.57334899902344,1789426967.4900463
train/actor/grad_norm,68,67,70.62419128417969,1789427688.063378
train/actor/grad_norm,69,68,51.06682586669922,1789428454.1295571
train/actor/grad_norm,70,69,38.10375213623047,1789429603.6056092
train/actor/grad_norm,71,70,80.92552185058594,1789430400.417303
train/actor/grad_norm,72,71,60.16654968261719,1789431158.5493264
train/actor/grad_norm,73,72,66.01551818847656,1789431897.6283357
train/actor/grad_norm,74,73,69.84825134277344,1789432633.0567656
train/actor/grad_norm,75,74,53.95090103149414,1789433665.2406619
train/actor/grad_norm,76,75,55.00374984741211,1789434424.1307175
train/actor/grad_norm,77,76,44.236907958984375,1789435208.5190766
train/actor/grad_norm,78,77,67.28981018066406,1789435950.1127071
train/actor/grad_norm,79,78,57.34050750732422,1789436693.1713288
train/actor/grad_norm,80,79,65.7547836303711,1789437768.2121224
train/actor/grad_norm,81,80,40.394046783447266,1789438430.5391653
train/actor/grad_norm,82,81,82.0346450805664,1789439192.2078788
train/actor/grad_norm,83,82,93.536865234375,1789439982.7786255
train/actor/grad_norm,84,83,52.08314514160156,1789440739.2043693
train/actor/grad_norm,85,84,55.59235382080078,1789441802.8149557
train/actor/grad_norm,86,85,47.4505615234375,1789442586.8049178
train/actor/grad_norm,87,86,72.64836120605469,1789443355.0698264
train/actor/grad_norm,88,87,55.13117980957031,1789444140.8755934
train/actor/grad_norm,89,88,81.16371154785156,1789444912.2550275
train/actor/grad_norm,90,89,74.80545806884766,1789446007.5154595
train/actor/grad_norm,91,90,68.51232147216797,1789446758.466811
train/actor/grad_norm,92,91,61.94879150390625,1789447520.4040585
train/actor/grad_norm,93,92,64.4717025756836,1789448266.7855644
train/actor/grad_norm,94,93,41.12413787841797,1789449010.984367
train/actor/grad_norm,95,94,44.81280517578125,1789450093.1256943
train/actor/grad_norm,96,95,79.28178405761719,1789450867.8671563
train/actor/lr,1,0,4.999999873689376e-06,1789374009.8183684
train/actor/lr,2,1,4.999999873689376e-06,1789374676.3197162
train/actor/lr,3,2,4.999999873689376e-06,1789375352.1568668
train/actor/lr,4,3,4.999999873689376e-06,1789376064.7785852
train/actor/lr,5,4,4.999999873689376e-06,1789377068.3617616
train/actor/lr,6,5,4.999999873689376e-06,1789377728.4401891
train/actor/lr,7,6,4.999999873689376e-06,1789378477.9737575
train/actor/lr,8,7,4.999999873689376e-06,1789379177.2770717
train/actor/lr,9,8,4.999999873689376e-06,1789379943.5207808
train/actor/lr,10,9,4.999999873689376e-06,1789381012.484084
train/actor/lr,11,10,4.999999873689376e-06,1789381733.7838185
train/actor/lr,12,11,4.999999873689376e-06,1789382485.4814007
train/actor/lr,13,12,4.999999873689376e-06,1789383184.5758076
train/actor/lr,14,13,4.999999873689376e-06,1789383914.4001718
train/actor/lr,15,14,4.999999873689376e-06,1789384976.4926565
train/actor/lr,16,15,4.999999873689376e-06,1789385701.1103568
train/actor/lr,17,16,4.999999873689376e-06,1789386444.620273
train/actor/lr,18,17,4.999999873689376e-06,1789387170.0316873
train/actor/lr,19,18,4.999999873689376e-06,1789387881.0584395
train/actor/lr,20,19,4.999999873689376e-06,1789388889.8516247
train/actor/lr,21,20,4.999999873689376e-06,1789389626.2212367
train/actor/lr,22,21,4.999999873689376e-06,1789390354.320403
train/actor/lr,23,22,4.999999873689376e-06,1789391092.902803
train/actor/lr,24,23,4.999999873689376e-06,1789391809.799795
train/actor/lr,25,24,4.999999873689376e-06,1789392886.4399536
train/actor/lr,26,25,4.999999873689376e-06,1789393589.560776
train/actor/lr,27,26,4.999999873689376e-06,1789394279.6100993
train/actor/lr,28,27,4.999999873689376e-06,1789394978.8518264
train/actor/lr,29,28,4.999999873689376e-06,1789395703.6736467
train/actor/lr,30,29,4.999999873689376e-06,1789396842.4402115
train/actor/lr,31,30,4.999999873689376e-06,1789397570.8959453
train/actor/lr,32,31,4.999999873689376e-06,1789398341.2548614
train/actor/lr,33,32,4.999999873689376e-06,1789399079.8541882
train/actor/lr,34,33,4.999999873689376e-06,1789399834.6721513
train/actor/lr,35,34,4.999999873689376e-06,1789400851.750997
train/actor/lr,36,35,4.999999873689376e-06,1789401614.5876482
train/actor/lr,37,36,4.999999873689376e-06,1789402351.150926
train/actor/lr,38,37,4.999999873689376e-06,1789403063.2235045
train/actor/lr,39,38,4.999999873689376e-06,1789403774.4906254
train/actor/lr,40,39,4.999999873689376e-06,1789404857.1960478
train/actor/lr,41,40,4.999999873689376e-06,1789405571.5763566
train/actor/lr,42,41,4.999999873689376e-06,1789406308.015673
train/actor/lr,43,42,4.999999873689376e-06,1789407041.2412298
train/actor/lr,44,43,4.999999873689376e-06,1789407773.2037199
train/actor/lr,45,44,4.999999873689376e-06,1789408837.4716365
train/actor/lr,46,45,4.999999873689376e-06,1789409565.3260498
train/actor/lr,47,46,4.999999873689376e-06,1789410334.4227672
train/actor/lr,48,47,4.999999873689376e-06,1789411097.0035377
train/actor/lr,49,48,4.999999873689376e-06,1789411845.1481216
train/actor/lr,50,49,4.999999873689376e-06,1789412993.1400914
train/actor/lr,51,50,4.999999873689376e-06,1789413772.6563635
train/actor/lr,52,51,4.999999873689376e-06,1789414499.9978628
train/actor/lr,53,52,4.999999873689376e-06,1789415253.8247032
train/actor/lr,54,53,4.999999873689376e-06,1789416011.3169713
train/actor/lr,55,54,4.999999873689376e-06,1789417118.2341483
train/actor/lr,56,55,4.999999873689376e-06,1789417889.3951955
train/actor/lr,57,56,4.999999873689376e-06,1789418637.2335505
train/actor/lr,58,57,4.999999873689376e-06,1789419378.5950572
train/actor/lr,59,58,4.999999873689376e-06,1789420126.9415426
train/actor/lr,60,59,4.999999873689376e-06,1789421289.0088756
train/actor/lr,61,60,4.999999873689376e-06,1789422046.0525463
train/actor/lr,62,61,4.999999873689376e-06,1789422804.481465
train/actor/lr,63,62,4.999999873689376e-06,1789423553.3597481
train/actor/lr,64,63,4.999999873689376e-06,1789424312.1314468
train/actor/lr,65,64,4.999999873689376e-06,1789425401.1024945
train/actor/lr,66,65,4.999999873689376e-06,1789426184.9439998
train/actor/lr,67,66,4.999999873689376e-06,1789426967.4900517
train/actor/lr,68,67,4.999999873689376e-06,1789427688.0633843
train/actor/lr,69,68,4.999999873689376e-06,1789428454.1295633
train/actor/lr,70,69,4.999999873689376e-06,1789429603.6056178
train/actor/lr,71,70,4.999999873689376e-06,1789430400.4173093
train/actor/lr,72,71,4.999999873689376e-06,1789431158.5493352
train/actor/lr,73,72,4.999999873689376e-06,1789431897.6283417
train/actor/lr,74,73,4.999999873689376e-06,1789432633.056771
train/actor/lr,75,74,4.999999873689376e-06,1789433665.2406716
train/actor/lr,76,75,4.999999873689376e-06,1789434424.1307232
train/actor/lr,77,76,4.999999873689376e-06,1789435208.5190842
train/actor/lr,78,77,4.999999873689376e-06,1789435950.1127143
train/actor/lr,79,78,4.999999873689376e-06,1789436693.1713345
train/actor/lr,80,79,4.999999873689376e-06,1789437768.2121284
train/actor/lr,81,80,4.999999873689376e-06,1789438430.539174
train/actor/lr,82,81,4.999999873689376e-06,1789439192.2078846
train/actor/lr,83,82,4.999999873689376e-06,1789439982.778632
train/actor/lr,84,83,4.999999873689376e-06,1789440739.2043762
train/actor/lr,85,84,4.999999873689376e-06,1789441802.8149736
train/actor/lr,86,85,4.999999873689376e-06,1789442586.804925
train/actor/lr,87,86,4.999999873689376e-06,1789443355.0698435
train/actor/lr,88,87,4.999999873689376e-06,1789444140.8756027
train/actor/lr,89,88,4.999999873689376e-06,1789444912.2550342
train/actor/lr,90,89,4.999999873689376e-06,1789446007.515466
train/actor/lr,91,90,4.999999873689376e-06,1789446758.4668164
train/actor/lr,92,91,4.999999873689376e-06,1789447520.4040647
train/actor/lr,93,92,4.999999873689376e-06,1789448266.7855706
train/actor/lr,94,93,4.999999873689376e-06,1789449010.9843729
train/actor/lr,95,94,4.999999873689376e-06,1789450093.1257102
train/actor/lr,96,95,4.999999873689376e-06,1789450867.8671637
train/actor/policy_loss,1,0,-0.00542822852730751,1789374009.8183775
train/actor/policy_loss,2,1,0.013447773642838001,1789374676.3197222
train/actor/policy_loss,3,2,-0.0006902532768435776,1789375352.1568797
train/actor/policy_loss,4,3,-0.0018857292598113418,1789376064.7785923
train/actor/policy_loss,5,4,0.010372122749686241,1789377068.3617675
train/actor/policy_loss,6,5,0.011820213869214058,1789377728.440196
train/actor/policy_loss,7,6,0.0009430233621969819,1789378477.9737632
train/actor/policy_loss,8,7,0.0013579223304986954,1789379177.2770774
train/actor/policy_loss,9,8,0.006461807060986757,1789379943.5207884
train/actor/policy_loss,10,9,0.004733419977128506,1789381012.4840991
train/actor/policy_loss,11,10,0.004946816712617874,1789381733.7838259
train/actor/policy_loss,12,11,0.00801079161465168,1789382485.48141
train/actor/policy_loss,13,12,0.0032730023376643658,1789383184.5758197
train/actor/policy_loss,14,13,-0.002010199474170804,1789383914.4001799
train/actor/policy_loss,15,14,0.010082266293466091,1789384976.492668
train/actor/policy_loss,16,15,0.004433097317814827,1789385701.110365
train/actor/policy_loss,17,16,0.0006366369780153036,1789386444.620279
train/actor/policy_loss,18,17,0.0026233536191284657,1789387170.0316925
train/actor/policy_loss,19,18,0.0012089030351489782,1789387881.0584455
train/actor/policy_loss,20,19,0.003917236812412739,1789388889.8516312
train/actor/policy_loss,21,20,0.0008551665814593434,1789389626.221243
train/actor/policy_loss,22,21,0.008697206154465675,1789390354.3204088
train/actor/policy_loss,23,22,0.005322420969605446,1789391092.9028094
train/actor/policy_loss,24,23,-0.002630943199619651,1789391809.7998009
train/actor/policy_loss,25,24,-0.0004548614379018545,1789392886.4399655
train/actor/policy_loss,26,25,-0.000743311655241996,1789393589.5607805
train/actor/policy_loss,27,26,0.0013160579837858677,1789394279.610107
train/actor/policy_loss,28,27,0.0016591293970122933,1789394978.8518322
train/actor/policy_loss,29,28,0.004026905633509159,1789395703.6736526
train/actor/policy_loss,30,29,0.012659462168812752,1789396842.440218
train/actor/policy_loss,31,30,0.01751544326543808,1789397570.8959513
train/actor/policy_loss,32,31,-0.0017631275113672018,1789398341.2548678
train/actor/policy_loss,33,32,0.001968813594430685,1789399079.8541946
train/actor/policy_loss,34,33,-0.0009524235501885414,1789399834.6721578
train/actor/policy_loss,35,34,0.00311849731951952,1789400851.7510262
train/actor/policy_loss,36,35,0.004698408767580986,1789401614.5876539
train/actor/policy_loss,37,36,0.00577160157263279,1789402351.1509323
train/actor/policy_loss,38,37,0.0021818499080836773,1789403063.2235107
train/actor/policy_loss,39,38,0.0005285575753077865,1789403774.4906316
train/actor/policy_loss,40,39,-0.0040068719536066055,1789404857.1960542
train/actor/policy_loss,41,40,-0.0006314084166660905,1789405571.576363
train/actor/policy_loss,42,41,-0.0016201528487727046,1789406308.0156786
train/actor/policy_loss,43,42,0.0011978879338130355,1789407041.2412362
train/actor/policy_loss,44,43,3.4516328014433384e-05,1789407773.2037263
train/actor/policy_loss,45,44,0.0007455352460965514,1789408837.471648
train/actor/policy_loss,46,45,0.002061797771602869,1789409565.3260686
train/actor/policy_loss,47,46,-0.0011121584102511406,1789410334.4227734
train/actor/policy_loss,48,47,-0.0033868560567498207,1789411097.0035439
train/actor/policy_loss,49,48,0.018245656043291092,1789411845.1481276
train/actor/policy_loss,50,49,0.006653881166130304,1789412993.1401017
train/actor/policy_loss,51,50,0.0063893115147948265,1789413772.6563697
train/actor/policy_loss,52,51,0.01420928630977869,1789414499.997869
train/actor/policy_loss,53,52,0.0005399424699135125,1789415253.824709
train/actor/policy_loss,54,53,-0.0007103479001671076,1789416011.3169777
train/actor/policy_loss,55,54,0.012708570808172226,1789417118.2341545
train/actor/policy_loss,56,55,-0.00141407351475209,1789417889.3952081
train/actor/policy_loss,57,56,0.014620217494666576,1789418637.2335567
train/actor/policy_loss,58,57,0.000981380115263164,1789419378.5950613
train/actor/policy_loss,59,58,0.0022738315165042877,1789420126.9415486
train/actor/policy_loss,60,59,-0.0017390018329024315,1789421289.0088816
train/actor/policy_loss,61,60,-0.0029927222058176994,1789422046.0525532
train/actor/policy_loss,62,61,0.015323986299335957,1789422804.4814718
train/actor/policy_loss,63,62,0.009667905978858471,1789423553.3597546
train/actor/policy_loss,64,63,-5.75078884139657e-05,1789424312.1314526
train/actor/policy_loss,65,64,0.0032388465479016304,1789425401.102501
train/actor/policy_loss,66,65,0.02021251991391182,1789426184.9440055
train/actor/policy_loss,67,66,0.005824103951454163,1789426967.4900575
train/actor/policy_loss,68,67,0.007603729143738747,1789427688.0633907
train/actor/policy_loss,69,68,0.0030589576344937086,1789428454.129569
train/actor/policy_loss,70,69,-0.000951854046434164,1789429603.6056259
train/actor/policy_loss,71,70,0.009947729296982288,1789430400.4173148
train/actor/policy_loss,72,71,0.005018389783799648,1789431158.5493443
train/actor/policy_loss,73,72,-0.0025848927907645702,1789431897.628348
train/actor/policy_loss,74,73,0.005368521902710199,1789432633.0567768
train/actor/policy_loss,75,74,0.0022982852533459663,1789433665.2406814
train/actor/policy_loss,76,75,-0.0021862094290554523,1789434424.1307292
train/actor/policy_loss,77,76,0.0010438774479553103,1789435208.5190923
train/actor/policy_loss,78,77,0.003288100939244032,1789435950.1127212
train/actor/policy_loss,79,78,0.0025461381301283836,1789436693.1713405
train/actor/policy_loss,80,79,0.0008361311629414558,1789437768.2121346
train/actor/policy_loss,81,80,-0.0015008251648396254,1789438430.5391836
train/actor/policy_loss,82,81,0.012170683592557907,1789439192.2078905
train/actor/policy_loss,83,82,0.010298246517777443,1789439982.7786384
train/actor/policy_loss,84,83,0.0005354010500013828,1789440739.2043824
train/actor/policy_loss,85,84,-0.0002855274360626936,1789441802.8149889
train/actor/policy_loss,86,85,0.005151348188519478,1789442586.8049316
train/actor/policy_loss,87,86,0.012027084827423096,1789443355.0698593
train/actor/policy_loss,88,87,0.004120466765016317,1789444140.8756087
train/actor/policy_loss,89,88,0.017318088561296463,1789444912.2550404
train/actor/policy_loss,90,89,0.007434732746332884,1789446007.5154717
train/actor/policy_loss,91,90,0.009878563694655895,1789446758.4668224
train/actor/policy_loss,92,91,0.002050434472039342,1789447520.4040709
train/actor/policy_loss,93,92,0.0023543054703623056,1789448266.7855763
train/actor/policy_loss,94,93,0.001741083338856697,1789449010.9843786
train/actor/policy_loss,95,94,0.004232211038470268,1789450093.1257265
train/actor/policy_loss,96,95,0.0045471591874957085,1789450867.8671703
train/actor/policy_loss_abs,1,0,0.6351544260978699,1789374009.8185816
train/actor/policy_loss_abs,2,1,0.7468967437744141,1789374676.3202581
train/actor/policy_loss_abs,3,2,0.5815702080726624,1789375352.1574206
train/actor/policy_loss_abs,4,3,0.7379001379013062,1789376064.778987
train/actor/policy_loss_abs,5,4,0.6295077204704285,1789377068.361773
train/actor/policy_loss_abs,6,5,0.5958453416824341,1789377728.4404304
train/actor/policy_loss_abs,7,6,0.7184594869613647,1789378477.9739778
train/actor/policy_loss_abs,8,7,0.5781860947608948,1789379177.2775831
train/actor/policy_loss_abs,9,8,0.6971449851989746,1789379943.5215433
train/actor/policy_loss_abs,10,9,0.7534792423248291,1789381012.4841146
train/actor/policy_loss_abs,11,10,0.5762556791305542,1789381733.7842486
train/actor/policy_loss_abs,12,11,0.541795015335083,1789382485.4817
train/actor/policy_loss_abs,13,12,0.6447535753250122,1789383184.576101
train/actor/policy_loss_abs,14,13,0.6067006587982178,1789383914.400391
train/actor/policy_loss_abs,15,14,0.7806192636489868,1789384976.4926784
train/actor/policy_loss_abs,16,15,0.7617020606994629,1789385701.110822
train/actor/policy_loss_abs,17,16,0.6610046625137329,1789386444.620671
train/actor/policy_loss_abs,18,17,0.6280573606491089,1789387170.0321107
train/actor/policy_loss_abs,19,18,0.7072876691818237,1789387881.0589435
train/actor/policy_loss_abs,20,19,0.5801531672477722,1789388889.8516374
train/actor/policy_loss_abs,21,20,0.675471842288971,1789389626.2217455
train/actor/policy_loss_abs,22,21,0.7355012893676758,1789390354.3209212
train/actor/policy_loss_abs,23,22,0.7478210926055908,1789391092.9029999
train/actor/policy_loss_abs,24,23,0.6336381435394287,1789391809.8000772
train/actor/policy_loss_abs,25,24,0.6275471448898315,1789392886.4399757
train/actor/policy_loss_abs,26,25,0.49259352684020996,1789393589.5612962
train/actor/policy_loss_abs,27,26,0.7211809158325195,1789394279.6103003
train/actor/policy_loss_abs,28,27,0.6104719638824463,1789394978.8520758
train/actor/policy_loss_abs,29,28,0.6687617301940918,1789395703.6739438
train/actor/policy_loss_abs,30,29,0.6404565572738647,1789396842.440225
train/actor/policy_loss_abs,31,30,0.6067676544189453,1789397570.8961666
train/actor/policy_loss_abs,32,31,0.5472393035888672,1789398341.2552516
train/actor/policy_loss_abs,33,32,0.8032890558242798,1789399079.85451
train/actor/policy_loss_abs,34,33,0.6230806112289429,1789399834.672472
train/actor/policy_loss_abs,35,34,0.6737874746322632,1789400851.7510493
train/actor/policy_loss_abs,36,35,0.6727424263954163,1789401614.5879872
train/actor/policy_loss_abs,37,36,0.6677906513214111,1789402351.1511352
train/actor/policy_loss_abs,38,37,0.8305821418762207,1789403063.223773
train/actor/policy_loss_abs,39,38,0.6871387958526611,1789403774.4908214
train/actor/policy_loss_abs,40,39,0.5347089767456055,1789404857.1960602
train/actor/policy_loss_abs,41,40,0.7232666015625,1789405571.576639
train/actor/policy_loss_abs,42,41,0.7448557615280151,1789406308.016284
train/actor/policy_loss_abs,43,42,0.7011324167251587,1789407041.2414505
train/actor/policy_loss_abs,44,43,0.7440158128738403,1789407773.2046406
train/actor/policy_loss_abs,45,44,0.6225290298461914,1789408837.4716594
train/actor/policy_loss_abs,46,45,0.8109108209609985,1789409565.32639
train/actor/policy_loss_abs,47,46,0.6551722288131714,1789410334.4232748
train/actor/policy_loss_abs,48,47,0.7082234621047974,1789411097.0037532
train/actor/policy_loss_abs,49,48,0.6453018188476562,1789411845.1483583
train/actor/policy_loss_abs,50,49,0.4988216161727905,1789412993.1401112
train/actor/policy_loss_abs,51,50,0.6485776901245117,1789413772.656613
train/actor/policy_loss_abs,52,51,0.762148380279541,1789414499.9980457
train/actor/policy_loss_abs,53,52,0.6235098242759705,1789415253.8248768
train/actor/policy_loss_abs,54,53,0.46172064542770386,1789416011.3176954
train/actor/policy_loss_abs,55,54,0.6561142206192017,1789417118.2341611
train/actor/policy_loss_abs,56,55,0.48667579889297485,1789417889.3954139
train/actor/policy_loss_abs,57,56,0.49588543176651,1789418637.2338097
train/actor/policy_loss_abs,58,57,0.5774862766265869,1789419378.5951786
train/actor/policy_loss_abs,59,58,0.5527181029319763,1789420126.9418268
train/actor/policy_loss_abs,60,59,0.6226656436920166,1789421289.0088875
train/actor/policy_loss_abs,61,60,0.7846065163612366,1789422046.052818
train/actor/policy_loss_abs,62,61,0.761675238609314,1789422804.482345
train/actor/policy_loss_abs,63,62,0.5655632615089417,1789423553.3599365
train/actor/policy_loss_abs,64,63,0.6557039022445679,1789424312.131623
train/actor/policy_loss_abs,65,64,0.6739744544029236,1789425401.1025076
train/actor/policy_loss_abs,66,65,0.7543247938156128,1789426184.9448383
train/actor/policy_loss_abs,67,66,0.5305788516998291,1789426967.4902246
train/actor/policy_loss_abs,68,67,0.8661775588989258,1789427688.0636332
train/actor/policy_loss_abs,69,68,0.6274659633636475,1789428454.1300125
train/actor/policy_loss_abs,70,69,0.595323920249939,1789429603.6056342
train/actor/policy_loss_abs,71,70,0.6621721386909485,1789430400.4177644
train/actor/policy_loss_abs,72,71,0.718900740146637,1789431158.5497873
train/actor/policy_loss_abs,73,72,0.7259029150009155,1789431897.6285205
train/actor/policy_loss_abs,74,73,0.7390621304512024,1789432633.0569456
train/actor/policy_loss_abs,75,74,0.6817432641983032,1789433665.2406914
train/actor/policy_loss_abs,76,75,0.6792480945587158,1789434424.130897
train/actor/policy_loss_abs,77,76,0.6793385744094849,1789435208.519315
train/actor/policy_loss_abs,78,77,0.6479719877243042,1789435950.1129308
train/actor/policy_loss_abs,79,78,0.6844043731689453,1789436693.1715093
train/actor/policy_loss_abs,80,79,0.5905971527099609,1789437768.2121408
train/actor/policy_loss_abs,81,80,0.6544390916824341,1789438430.5393968
train/actor/policy_loss_abs,82,81,0.6953611969947815,1789439192.2086344
train/actor/policy_loss_abs,83,82,0.594150722026825,1789439982.778911
train/actor/policy_loss_abs,84,83,0.7311366200447083,1789440739.2052815
train/actor/policy_loss_abs,85,84,0.7550400495529175,1789441802.8149998
train/actor/policy_loss_abs,86,85,0.6815676689147949,1789442586.8056002
train/actor/policy_loss_abs,87,86,0.7133827805519104,1789443355.0703876
train/actor/policy_loss_abs,88,87,0.7902075052261353,1789444140.875932
train/actor/policy_loss_abs,89,88,0.7124126553535461,1789444912.2552893
train/actor/policy_loss_abs,90,89,0.6878238916397095,1789446007.5154772
train/actor/policy_loss_abs,91,90,0.5938293933868408,1789446758.4669938
train/actor/policy_loss_abs,92,91,0.675095796585083,1789447520.4042952
train/actor/policy_loss_abs,93,92,0.7407401204109192,1789448266.78631
train/actor/policy_loss_abs,94,93,0.5921204090118408,1789449010.9847052
train/actor/policy_loss_abs,95,94,0.6615558862686157,1789450093.1257408
train/actor/policy_loss_abs,96,95,0.6398606300354004,1789450867.8675492
train/actor/ratio,1,0,1.0976486206054688,1789374009.8185897
train/actor/ratio,2,1,0.9862861633300781,1789374676.3202658
train/actor/ratio,3,2,0.9948568344116211,1789375352.1574337
train/actor/ratio,4,3,0.9922139644622803,1789376064.7790098
train/actor/ratio,5,4,1.002881407737732,1789377068.361779
train/actor/ratio,6,5,0.9791222810745239,1789377728.4404376
train/actor/ratio,7,6,0.9972659349441528,1789378477.9739854
train/actor/ratio,8,7,0.9987852573394775,1789379177.2775898
train/actor/ratio,9,8,1.002795934677124,1789379943.5215528
train/actor/ratio,10,9,1.0000336170196533,1789381012.4841292
train/actor/ratio,11,10,0.9972195029258728,1789381733.7842565
train/actor/ratio,12,11,0.996261477470398,1789382485.4817097
train/actor/ratio,13,12,1.0051066875457764,1789383184.5761156
train/actor/ratio,14,13,0.9977496862411499,1789383914.4004061
train/actor/ratio,15,14,0.9929417967796326,1789384976.492689
train/actor/ratio,16,15,1.0093456506729126,1789385701.11083
train/actor/ratio,17,16,0.9942760467529297,1789386444.620702
train/actor/ratio,18,17,0.9929910898208618,1789387170.032118
train/actor/ratio,19,18,1.0051274299621582,1789387881.0589507
train/actor/ratio,20,19,1.0059754848480225,1789388889.851643
train/actor/ratio,21,20,1.0027704238891602,1789389626.2217517
train/actor/ratio,22,21,1.0021806955337524,1789390354.3209434
train/actor/ratio,23,22,1.0013799667358398,1789391092.9030075
train/actor/ratio,24,23,0.9963935613632202,1789391809.8000848
train/actor/ratio,25,24,1.0004785060882568,1789392886.4399855
train/actor/ratio,26,25,0.9987091422080994,1789393589.5613022
train/actor/ratio,27,26,1.0020751953125,1789394279.6103094
train/actor/ratio,28,27,1.0060153007507324,1789394978.8520823
train/actor/ratio,29,28,1.0023704767227173,1789395703.673951
train/actor/ratio,30,29,0.9985647201538086,1789396842.4402308
train/actor/ratio,31,30,0.9950000643730164,1789397570.8961735
train/actor/ratio,32,31,1.003415822982788,1789398341.255259
train/actor/ratio,33,32,1.0067070722579956,1789399079.854517
train/actor/ratio,34,33,1.0007261037826538,1789399834.672479
train/actor/ratio,35,34,0.9954079985618591,1789400851.7510698
train/actor/ratio,36,35,0.9936179518699646,1789401614.587994
train/actor/ratio,37,36,1.0128172636032104,1789402351.151141
train/actor/ratio,38,37,0.997579038143158,1789403063.2237802
train/actor/ratio,39,38,1.005150318145752,1789403774.4908295
train/actor/ratio,40,39,1.0037671327590942,1789404857.1960664
train/actor/ratio,41,40,0.9994832277297974,1789405571.5766485
train/actor/ratio,42,41,1.0009263753890991,1789406308.0163133
train/actor/ratio,43,42,0.996799111366272,1789407041.2414584
train/actor/ratio,44,43,1.0004252195358276,1789407773.2046616
train/actor/ratio,45,44,0.9975937604904175,1789408837.4716706
train/actor/ratio,46,45,0.9929630160331726,1789409565.3264115
train/actor/ratio,47,46,0.9984791278839111,1789410334.4232962
train/actor/ratio,48,47,1.0115571022033691,1789411097.0037596
train/actor/ratio,49,48,1.001710295677185,1789411845.1483648
train/actor/ratio,50,49,0.9788190722465515,1789412993.1401207
train/actor/ratio,51,50,1.0098605155944824,1789413772.6566205
train/actor/ratio,52,51,1.0128662586212158,1789414499.9980545
train/actor/ratio,53,52,0.9957606792449951,1789415253.8248858
train/actor/ratio,54,53,1.007023572921753,1789416011.3177168
train/actor/ratio,55,54,1.008841872215271,1789417118.2341676
train/actor/ratio,56,55,0.9975078105926514,1789417889.395429
train/actor/ratio,57,56,1.010750412940979,1789418637.2338166
train/actor/ratio,58,57,1.001250982284546,1789419378.595185
train/actor/ratio,59,58,1.0034456253051758,1789420126.941835
train/actor/ratio,60,59,1.00332510471344,1789421289.0088935
train/actor/ratio,61,60,1.000600814819336,1789422046.0528255
train/actor/ratio,62,61,1.0027272701263428,1789422804.482367
train/actor/ratio,63,62,1.0029014348983765,1789423553.3599432
train/actor/ratio,64,63,1.0017940998077393,1789424312.1316326
train/actor/ratio,65,64,1.0012216567993164,1789425401.1025136
train/actor/ratio,66,65,1.0150762796401978,1789426184.9448464
train/actor/ratio,67,66,1.0000523328781128,1789426967.4902332
train/actor/ratio,68,67,1.0117182731628418,1789427688.06364
train/actor/ratio,69,68,0.9915249943733215,1789428454.1300201
train/actor/ratio,70,69,0.9994354248046875,1789429603.6056426
train/actor/ratio,71,70,1.0178723335266113,1789430400.417771
train/actor/ratio,72,71,0.9923956990242004,1789431158.5498044
train/actor/ratio,73,72,1.008681058883667,1789431897.628529
train/actor/ratio,74,73,1.0000704526901245,1789432633.056954
train/actor/ratio,75,74,1.0031609535217285,1789433665.2407007
train/actor/ratio,76,75,1.0048779249191284,1789434424.1309054
train/actor/ratio,77,76,0.9982718229293823,1789435208.519327
train/actor/ratio,78,77,1.0091644525527954,1789435950.1129396
train/actor/ratio,79,78,0.9967633485794067,1789436693.1715224
train/actor/ratio,80,79,0.9985219240188599,1789437768.212147
train/actor/ratio,81,80,1.004930019378662,1789438430.5394056
train/actor/ratio,82,81,0.9934992790222168,1789439192.2086546
train/actor/ratio,83,82,1.010556936264038,1789439982.7789185
train/actor/ratio,84,83,0.9930387139320374,1789440739.2052984
train/actor/ratio,85,84,0.9892719984054565,1789441802.8150113
train/actor/ratio,86,85,1.015251636505127,1789442586.8056223
train/actor/ratio,87,86,0.9984676837921143,1789443355.07043
train/actor/ratio,88,87,0.9999828338623047,1789444140.8759394
train/actor/ratio,89,88,1.006451964378357,1789444912.2552962
train/actor/ratio,90,89,0.996951699256897,1789446007.5154831
train/actor/ratio,91,90,0.9940659999847412,1789446758.4670002
train/actor/ratio,92,91,0.9897907972335815,1789447520.404302
train/actor/ratio,93,92,0.993461549282074,1789448266.7863312
train/actor/ratio,94,93,0.9973796606063843,1789449010.9847124
train/actor/ratio,95,94,1.002323031425476,1789450093.1257563
train/actor/ratio,96,95,1.0046484470367432,1789450867.867571
train/actor/ratio_abs,1,0,0.1833060085773468,1789374009.8185985
train/actor/ratio_abs,2,1,0.10298973321914673,1789374676.3202722
train/actor/ratio_abs,3,2,0.06252945214509964,1789375352.1574464
train/actor/ratio_abs,4,3,0.048289425671100616,1789376064.7790198
train/actor/ratio_abs,5,4,0.09336790442466736,1789377068.3617857
train/actor/ratio_abs,6,5,0.11273270100355148,1789377728.440443
train/actor/ratio_abs,7,6,0.04652934521436691,1789378477.9739926
train/actor/ratio_abs,8,7,0.052388910204172134,1789379177.2775965
train/actor/ratio_abs,9,8,0.0673317238688469,1789379943.521561
train/actor/ratio_abs,10,9,0.07436856627464294,1789381012.484145
train/actor/ratio_abs,11,10,0.06272536516189575,1789381733.7842648
train/actor/ratio_abs,12,11,0.07420128583908081,1789382485.481719
train/actor/ratio_abs,13,12,0.05222265049815178,1789383184.5761309
train/actor/ratio_abs,14,13,0.03183087706565857,1789383914.4004176
train/actor/ratio_abs,15,14,0.07853734493255615,1789384976.4926984
train/actor/ratio_abs,16,15,0.05930781364440918,1789385701.1108384
train/actor/ratio_abs,17,16,0.0347428023815155,1789386444.6207156
train/actor/ratio_abs,18,17,0.05717658996582031,1789387170.0321248
train/actor/ratio_abs,19,18,0.06225820258259773,1789387881.0589566
train/actor/ratio_abs,20,19,0.04145478457212448,1789388889.851649
train/actor/ratio_abs,21,20,0.05377360060811043,1789389626.2217577
train/actor/ratio_abs,22,21,0.08432428538799286,1789390354.3209534
train/actor/ratio_abs,23,22,0.04560021683573723,1789391092.9030137
train/actor/ratio_abs,24,23,0.0416177473962307,1789391809.8000917
train/actor/ratio_abs,25,24,0.03396327793598175,1789392886.4399948
train/actor/ratio_abs,26,25,0.03446993976831436,1789393589.5613074
train/actor/ratio_abs,27,26,0.04251039773225784,1789394279.6103172
train/actor/ratio_abs,28,27,0.0822063684463501,1789394978.852088
train/actor/ratio_abs,29,28,0.06260401755571365,1789395703.6739576
train/actor/ratio_abs,30,29,0.10388883203268051,1789396842.4402425
train/actor/ratio_abs,31,30,0.11337846517562866,1789397570.89618
train/actor/ratio_abs,32,31,0.04158078879117966,1789398341.2552655
train/actor/ratio_abs,33,32,0.05128256604075432,1789399079.8545234
train/actor/ratio_abs,34,33,0.030044076964259148,1789399834.6724854
train/actor/ratio_abs,35,34,0.058535538613796234,1789400851.7510896
train/actor/ratio_abs,36,35,0.06115904450416565,1789401614.5880003
train/actor/ratio_abs,37,36,0.05839233100414276,1789402351.1511467
train/actor/ratio_abs,38,37,0.04311687499284744,1789403063.2237859
train/actor/ratio_abs,39,38,0.03870786353945732,1789403774.4908366
train/actor/ratio_abs,40,39,0.03771926090121269,1789404857.1960723
train/actor/ratio_abs,41,40,0.017695970833301544,1789405571.576656
train/actor/ratio_abs,42,41,0.05160857364535332,1789406308.0163267
train/actor/ratio_abs,43,42,0.040653783828020096,1789407041.2414653
train/actor/ratio_abs,44,43,0.03662629425525665,1789407773.2046711
train/actor/ratio_abs,45,44,0.03678033873438835,1789408837.4716816
train/actor/ratio_abs,46,45,0.07079030573368073,1789409565.3264315
train/actor/ratio_abs,47,46,0.057726480066776276,1789410334.4233065
train/actor/ratio_abs,48,47,0.0696178749203682,1789411097.0037658
train/actor/ratio_abs,49,48,0.11451564729213715,1789411845.1483707
train/actor/ratio_abs,50,49,0.07696439325809479,1789412993.14013
train/actor/ratio_abs,51,50,0.08167968690395355,1789413772.6566274
train/actor/ratio_abs,52,51,0.07672294974327087,1789414499.9980614
train/actor/ratio_abs,53,52,0.03626761958003044,1789415253.8248925
train/actor/ratio_abs,54,53,0.04621685668826103,1789416011.317727
train/actor/ratio_abs,55,54,0.12611183524131775,1789417118.2341735
train/actor/ratio_abs,56,55,0.05869461968541145,1789417889.3954413
train/actor/ratio_abs,57,56,0.11221512407064438,1789418637.2338233
train/actor/ratio_abs,58,57,0.04446905478835106,1789419378.59519
train/actor/ratio_abs,59,58,0.07012137770652771,1789420126.9418416
train/actor/ratio_abs,60,59,0.05133707821369171,1789421289.0088992
train/actor/ratio_abs,61,60,0.03180018439888954,1789422046.0528316
train/actor/ratio_abs,62,61,0.08387693017721176,1789422804.4823773
train/actor/ratio_abs,63,62,0.05346065014600754,1789423553.359949
train/actor/ratio_abs,64,63,0.04040824621915817,1789424312.131639
train/actor/ratio_abs,65,64,0.04787027835845947,1789425401.10252
train/actor/ratio_abs,66,65,0.09991437196731567,1789426184.9448526
train/actor/ratio_abs,67,66,0.10109640657901764,1789426967.4902394
train/actor/ratio_abs,68,67,0.07047741115093231,1789427688.0636468
train/actor/ratio_abs,69,68,0.07160628587007523,1789428454.1300263
train/actor/ratio_abs,70,69,0.046132929623126984,1789429603.6056504
train/actor/ratio_abs,71,70,0.10366523265838623,1789430400.417777
train/actor/ratio_abs,72,71,0.08306927233934402,1789431158.5498152
train/actor/ratio_abs,73,72,0.05650371313095093,1789431897.6285365
train/actor/ratio_abs,74,73,0.06411081552505493,1789432633.0569608
train/actor/ratio_abs,75,74,0.042024411261081696,1789433665.2407112
train/actor/ratio_abs,76,75,0.05922796577215195,1789434424.130912
train/actor/ratio_abs,77,76,0.04344648867845535,1789435208.519336
train/actor/ratio_abs,78,77,0.08793410658836365,1789435950.1129465
train/actor/ratio_abs,79,78,0.041268497705459595,1789436693.1715293
train/actor/ratio_abs,80,79,0.057475294917821884,1789437768.2121525
train/actor/ratio_abs,81,80,0.0506729930639267,1789438430.5394135
train/actor/ratio_abs,82,81,0.07781732827425003,1789439192.2086644
train/actor/ratio_abs,83,82,0.08161049336194992,1789439982.7789257
train/actor/ratio_abs,84,83,0.051090024411678314,1789440739.2053077
train/actor/ratio_abs,85,84,0.04614229127764702,1789441802.8150222
train/actor/ratio_abs,86,85,0.0904061496257782,1789442586.8056316
train/actor/ratio_abs,87,86,0.0647280216217041,1789443355.0704536
train/actor/ratio_abs,88,87,0.04139226675033569,1789444140.8759458
train/actor/ratio_abs,89,88,0.0834299772977829,1789444912.2553031
train/actor/ratio_abs,90,89,0.07712467014789581,1789446007.5154893
train/actor/ratio_abs,91,90,0.07298228144645691,1789446758.4670062
train/actor/ratio_abs,92,91,0.06397916376590729,1789447520.4043088
train/actor/ratio_abs,93,92,0.04767955467104912,1789448266.7863402
train/actor/ratio_abs,94,93,0.0447588786482811,1789449010.9847188
train/actor/ratio_abs,95,94,0.059418775141239166,1789450093.1257725
train/actor/ratio_abs,96,95,0.07684376090765,1789450867.8675816
train/actor/total_loss,1,0,-0.0006785285659134388,1789374009.8186064
train/actor/total_loss,2,1,0.0016809717053547502,1789374676.3202777
train/actor/total_loss,3,2,-8.62816596054472e-05,1789375352.157459
train/actor/total_loss,4,3,-0.00023571615747641772,1789376064.7790284
train/actor/total_loss,5,4,0.0012965153437107801,1789377068.3617918
train/actor/total_loss,6,5,0.0014775267336517572,1789377728.440449
train/actor/total_loss,7,6,0.00011787792027462274,1789378477.973999
train/actor/total_loss,8,7,0.00016974029131233692,1789379177.2776031
train/actor/total_loss,9,8,0.0008077258826233447,1789379943.5215693
train/actor/total_loss,10,9,0.0005916774971410632,1789381012.4841592
train/actor/total_loss,11,10,0.0006183520890772343,1789381733.7842717
train/actor/total_loss,12,11,0.00100134895183146,1789382485.4817288
train/actor/total_loss,13,12,0.0004091252922080457,1789383184.5761442
train/actor/total_loss,14,13,-0.0002512749342713505,1789383914.400427
train/actor/total_loss,15,14,0.0012602832866832614,1789384976.4927077
train/actor/total_loss,16,15,0.0005541371647268534,1789385701.110846
train/actor/total_loss,17,16,7.957962225191295e-05,1789386444.620726
train/actor/total_loss,18,17,0.0003279192023910582,1789387170.0321305
train/actor/total_loss,19,18,0.00015111287939362228,1789387881.0589623
train/actor/total_loss,20,19,0.0004896546015515924,1789388889.851655
train/actor/total_loss,21,20,0.00010689582268241793,1789389626.2217636
train/actor/total_loss,22,21,0.0010871507693082094,1789390354.3209608
train/actor/total_loss,23,22,0.0006653026212006807,1789391092.9030194
train/actor/total_loss,24,23,-0.00032886789995245636,1789391809.8000977
train/actor/total_loss,25,24,-5.6857679737731814e-05,1789392886.440004
train/actor/total_loss,26,25,-9.29139569052495e-05,1789393589.561312
train/actor/total_loss,27,26,0.00016450724797323346,1789394279.6103258
train/actor/total_loss,28,27,0.00020739117462653667,1789394978.852094
train/actor/total_loss,29,28,0.0005033632041886449,1789395703.6739638
train/actor/total_loss,30,29,0.001582432771101594,1789396842.4402483
train/actor/total_loss,31,30,0.00218943040817976,1789397570.896186
train/actor/total_loss,32,31,-0.00022039093892090023,1789398341.255272
train/actor/total_loss,33,32,0.00024610169930383563,1789399079.8545296
train/actor/total_loss,34,33,-0.00011905294377356768,1789399834.6724918
train/actor/total_loss,35,34,0.00038981216493994,1789400851.7511115
train/actor/total_loss,36,35,0.0005873010959476233,1789401614.5880065
train/actor/total_loss,37,36,0.0007214501965790987,1789402351.1511526
train/actor/total_loss,38,37,0.00027273123851045966,1789403063.223792
train/actor/total_loss,39,38,6.606969691347331e-05,1789403774.4908435
train/actor/total_loss,40,39,-0.0005008589942008257,1789404857.196078
train/actor/total_loss,41,40,-7.892605208326131e-05,1789405571.576664
train/actor/total_loss,42,41,-0.00020251910609658808,1789406308.0163343
train/actor/total_loss,43,42,0.00014973599172662944,1789407041.2414718
train/actor/total_loss,44,43,4.314541001804173e-06,1789407773.2046783
train/actor/total_loss,45,44,9.319190576206893e-05,1789408837.4716928
train/actor/total_loss,46,45,0.00025772472145035863,1789409565.3264515
train/actor/total_loss,47,46,-0.00013901980128139257,1789410334.4233143
train/actor/total_loss,48,47,-0.0004233570070937276,1789411097.0037725
train/actor/total_loss,49,48,0.0022807070054113865,1789411845.1483772
train/actor/total_loss,50,49,0.000831735145766288,1789412993.14014
train/actor/total_loss,51,50,0.0007986639393493533,1789413772.6566336
train/actor/total_loss,52,51,0.0017761607887223363,1789414499.9980671
train/actor/total_loss,53,52,6.749280873918906e-05,1789415253.824898
train/actor/total_loss,54,53,-8.879348752088845e-05,1789416011.317735
train/actor/total_loss,55,54,0.0015885713510215282,1789417118.2341793
train/actor/total_loss,56,55,-0.00017675918934401125,1789417889.3954546
train/actor/total_loss,57,56,0.001827527186833322,1789418637.233829
train/actor/total_loss,58,57,0.0001226725144078955,1789419378.5951946
train/actor/total_loss,59,58,0.00028422893956303596,1789420126.9418478
train/actor/total_loss,60,59,-0.00021737522911280394,1789421289.0089052
train/actor/total_loss,61,60,-0.00037409027572721243,1789422046.0528378
train/actor/total_loss,62,61,0.0019154982874169946,1789422804.4823847
train/actor/total_loss,63,62,0.0012084882473573089,1789423553.3599546
train/actor/total_loss,64,63,-7.188486051745713e-06,1789424312.1316452
train/actor/total_loss,65,64,0.0004048558184877038,1789425401.1025264
train/actor/total_loss,66,65,0.0025265649892389774,1789426184.9448578
train/actor/total_loss,67,66,0.0007280129939317703,1789426967.4902453
train/actor/total_loss,68,67,0.0009504661429673433,1789427688.0636537
train/actor/total_loss,69,68,0.0003823697043117136,1789428454.1300318
train/actor/total_loss,70,69,-0.0001189817558042705,1789429603.6056585
train/actor/total_loss,71,70,0.001243466162122786,1789430400.4177828
train/actor/total_loss,72,71,0.000627298722974956,1789431158.5498247
train/actor/total_loss,73,72,-0.0003231115988455713,1789431897.6285431
train/actor/total_loss,74,73,0.0006710652378387749,1789432633.0569665
train/actor/total_loss,75,74,0.0002872856566682458,1789433665.2407207
train/actor/total_loss,76,75,-0.00027327617863193154,1789434424.1309178
train/actor/total_loss,77,76,0.0001304846809944138,1789435208.5193436
train/actor/total_loss,78,77,0.000411012617405504,1789435950.112953
train/actor/total_loss,79,78,0.00031826726626604795,1789436693.1715353
train/actor/total_loss,80,79,0.00010451639536768198,1789437768.2121584
train/actor/total_loss,81,80,-0.00018760314560495317,1789438430.5394208
train/actor/total_loss,82,81,0.0015213354490697384,1789439192.208672
train/actor/total_loss,83,82,0.0012872808147221804,1789439982.7789319
train/actor/total_loss,84,83,6.692513125017285e-05,1789440739.205315
train/actor/total_loss,85,84,-3.56909295078367e-05,1789441802.8150344
train/actor/total_loss,86,85,0.0006439185235649347,1789442586.805639
train/actor/total_loss,87,86,0.001503385603427887,1789443355.070473
train/actor/total_loss,88,87,0.0005150583456270397,1789444140.8759527
train/actor/total_loss,89,88,0.002164761070162058,1789444912.2553098
train/actor/total_loss,90,89,0.0009293415932916105,1789446007.5154958
train/actor/total_loss,91,90,0.001234820461831987,1789446758.467012
train/actor/total_loss,92,91,0.00025630430900491774,1789447520.4043145
train/actor/total_loss,93,92,0.0002942881837952882,1789448266.7863476
train/actor/total_loss,94,93,0.00021763541735708714,1789449010.9847245
train/actor/total_loss,95,94,0.0005290263798087835,1789450093.125788
train/actor/total_loss,96,95,0.0005683948984369636,1789450867.8675895
eval/success_once,5,4,0.1875,1789377068.3263886
eval/success_once,10,9,0.25,1789380983.1185024
eval/success_once,15,14,0.34375,1789384976.45739
eval/success_once,20,19,0.53125,1789388861.2891693
eval/success_once,25,24,0.375,1789392886.401976
eval/success_once,30,29,0.40625,1789396805.448033
eval/success_once,35,34,0.40625,1789400851.728313
eval/success_once,40,39,0.40625,1789404821.4825087
eval/success_once,45,44,0.4375,1789408837.4373648
eval/success_once,50,49,0.5,1789412952.175399
eval/success_once,55,54,0.4375,1789417118.1982105
eval/success_once,60,59,0.4375,1789421243.1317174
eval/success_once,65,64,0.40625,1789425401.0632806
eval/success_once,70,69,0.375,1789429561.9693666
eval/success_once,75,74,0.4375,1789433665.211607
eval/success_once,80,79,0.3125,1789437732.977304
eval/success_once,85,84,0.53125,1789441802.7866845
eval/success_once,90,89,0.375,1789445964.153864
eval/success_once,95,94,0.375,1789450093.0926988
eval/reward,5,4,0.0009374999790452421,1789377068.3265176
eval/reward,10,9,0.0012499999720603228,1789380983.1185842
eval/reward,15,14,0.0017187499906867743,1789384976.4575398
eval/reward,20,19,0.0026562497951090336,1789388861.289293
eval/reward,25,24,0.0018749998416751623,1789392886.4021149
eval/reward,30,29,0.002031249925494194,1789396805.4481673
eval/reward,35,34,0.002031249925494194,1789400851.7284873
eval/reward,40,39,0.0020312496926635504,1789404821.4826622
eval/reward,45,44,0.0021875000093132257,1789408837.4374416
eval/reward,50,49,0.0024999999441206455,1789412952.175603
eval/reward,55,54,0.002187499776482582,1789417118.1982872
eval/reward,60,59,0.002187499776482582,1789421243.1319058
eval/reward,65,64,0.002031249925494194,1789425401.0634787
eval/reward,70,69,0.0018749998416751623,1789429561.969515
eval/reward,75,74,0.0021875000093132257,1789433665.2117548
eval/reward,80,79,0.0015624999068677425,1789437732.9774702
eval/reward,85,84,0.0026562497951090336,1789441802.7868347
eval/reward,90,89,0.0018749998416751623,1789445964.154023
eval/reward,95,94,0.0018749998416751623,1789450093.0928319
eval/success_at_end,5,4,0.1875,1789377068.3265498
eval/success_at_end,10,9,0.25,1789380983.118597
eval/success_at_end,15,14,0.34375,1789384976.457567
eval/success_at_end,20,19,0.53125,1789388861.2893205
eval/success_at_end,25,24,0.375,1789392886.402136
eval/success_at_end,30,29,0.40625,1789396805.448194
eval/success_at_end,35,34,0.40625,1789400851.7285197
eval/success_at_end,40,39,0.40625,1789404821.4826915
eval/success_at_end,45,44,0.4375,1789408837.4374688
eval/success_at_end,50,49,0.5,1789412952.1756377
eval/success_at_end,55,54,0.4375,1789417118.198296
eval/success_at_end,60,59,0.4375,1789421243.1319447
eval/success_at_end,65,64,0.40625,1789425401.0635097
eval/success_at_end,70,69,0.375,1789429561.9695394
eval/success_at_end,75,74,0.4375,1789433665.2117872
eval/success_at_end,80,79,0.3125,1789437732.9775023
eval/success_at_end,85,84,0.53125,1789441802.7868671
eval/success_at_end,90,89,0.375,1789445964.154054
eval/success_at_end,95,94,0.375,1789450093.0928564
eval/return,5,4,0.1875,1789377068.3265738
eval/return,10,9,0.25,1789380983.1186066
eval/return,15,14,0.34375,1789384976.4575858
eval/return,20,19,0.53125,1789388861.2893407
eval/return,25,24,0.375,1789392886.402151
eval/return,30,29,0.40625,1789396805.4482136
eval/return,35,34,0.40625,1789400851.728542
eval/return,40,39,0.40625,1789404821.482712
eval/return,45,44,0.4375,1789408837.4374888
eval/return,50,49,0.5,1789412952.1756618
eval/return,55,54,0.4375,1789417118.1983023
eval/return,60,59,0.4375,1789421243.1319764
eval/return,65,64,0.40625,1789425401.0635304
eval/return,70,69,0.375,1789429561.9695573
eval/return,75,74,0.4375,1789433665.2118118
eval/return,80,79,0.3125,1789437732.9775248
eval/return,85,84,0.53125,1789441802.786893
eval/return,90,89,0.375,1789445964.1540747
eval/return,95,94,0.375,1789450093.092874
eval/episode_len,5,4,200.0,1789377068.326595
eval/episode_len,10,9,200.0,1789380983.1186159
eval/episode_len,15,14,200.0,1789384976.45761
eval/episode_len,20,19,200.0,1789388861.2893589
eval/episode_len,25,24,200.0,1789392886.4021664
eval/episode_len,30,29,200.0,1789396805.4482322
eval/episode_len,35,34,200.0,1789400851.7285633
eval/episode_len,40,39,200.0,1789404821.4827302
eval/episode_len,45,44,200.0,1789408837.4375083
eval/episode_len,50,49,200.0,1789412952.175683
eval/episode_len,55,54,200.0,1789417118.1983075
eval/episode_len,60,59,200.0,1789421243.1319973
eval/episode_len,65,64,200.0,1789425401.0635502
eval/episode_len,70,69,200.0,1789429561.969572
eval/episode_len,75,74,200.0,1789433665.2118342
eval/episode_len,80,79,200.0,1789437732.977546
eval/episode_len,85,84,200.0,1789441802.786916
eval/episode_len,90,89,200.0,1789445964.154096
eval/episode_len,95,94,200.0,1789450093.0928922
eval/num_trajectories,5,4,32.0,1789377068.3267045
eval/num_trajectories,10,9,32.0,1789380983.118692
eval/num_trajectories,15,14,32.0,1789384976.4577327
eval/num_trajectories,20,19,32.0,1789388861.2894542
eval/num_trajectories,25,24,32.0,1789392886.4022694
eval/num_trajectories,30,29,32.0,1789396805.4483843
eval/num_trajectories,35,34,32.0,1789400851.7286522
eval/num_trajectories,40,39,32.0,1789404821.482839
eval/num_trajectories,45,44,32.0,1789408837.4375796
eval/num_trajectories,50,49,32.0,1789412952.175832
eval/num_trajectories,55,54,32.0,1789417118.1983507
eval/num_trajectories,60,59,32.0,1789421243.1321254
eval/num_trajectories,65,64,32.0,1789425401.063701
eval/num_trajectories,70,69,32.0,1789429561.9696972
eval/num_trajectories,75,74,32.0,1789433665.2119222
eval/num_trajectories,80,79,32.0,1789437732.9776723
eval/num_trajectories,85,84,32.0,1789441802.787025
eval/num_trajectories,90,89,32.0,1789445964.154205
eval/num_trajectories,95,94,32.0,1789450093.0930026
time/eval,5,4,306.2656555175781,1789377068.3596866
time/eval,10,9,292.5929260253906,1789381012.482606
time/eval,15,14,319.87628173828125,1789384976.4894805
time/eval,20,19,303.6481018066406,1789388889.850063
time/eval,25,24,339.5735168457031,1789392886.4368923
time/eval,30,29,325.1669006347656,1789396842.4391246
time/eval,35,34,312.4122619628906,1789400851.7490003
time/eval,40,39,317.0620422363281,1789404857.1947908
time/eval,45,44,342.4364013671875,1789408837.469057
time/eval,50,49,338.0931091308594,1789412993.1387308
time/eval,55,54,354.03533935546875,1789417118.2308524
time/eval,60,59,345.8552551269531,1789421289.00666
time/eval,65,64,353.7513427734375,1789425401.0986006
time/eval,70,69,347.7638244628906,1789429603.6034377
time/eval,75,74,294.0199890136719,1789433665.238277
time/eval,80,79,280.6091003417969,1789437768.2109456
time/eval,85,84,336.3746337890625,1789441802.8128362
time/eval,90,89,335.20306396484375,1789446007.5138564
time/eval,95,94,332.5638732910156,1789450093.1237888
time/env/evaluate,5,4,300.8747863769531,1789377068.3603563
time/env/evaluate,10,9,286.8273620605469,1789381012.4828603
time/env/evaluate,15,14,313.87249755859375,1789384976.4905589
time/env/evaluate,20,19,297.61865234375,1789388889.850593
time/env/evaluate,25,24,334.00982666015625,1789392886.437768
time/env/evaluate,30,29,318.921875,1789396842.4393685
time/env/evaluate,35,34,307.6570129394531,1789400851.7493663
time/env/evaluate,40,39,312.08184814453125,1789404857.1950982
time/env/evaluate,45,44,337.0853271484375,1789408837.4696336
time/env/evaluate,50,49,332.3019104003906,1789412993.1390371
time/env/evaluate,55,54,348.4606018066406,1789417118.23164
time/env/evaluate,60,59,339.4678039550781,1789421289.007185
time/env/evaluate,65,64,347.7064514160156,1789425401.0995853
time/env/evaluate,70,69,341.5884704589844,1789429603.6039872
time/env/evaluate,75,74,288.07269287109375,1789433665.23892
time/env/evaluate,80,79,275.7769470214844,1789437768.2112305
time/env/evaluate,85,84,330.3516845703125,1789441802.8133183
time/env/evaluate,90,89,329.4211730957031,1789446007.5143855
time/env/evaluate,95,94,327.6617736816406,1789450093.1242251
time/rollout/evaluate,5,4,165.2296905517578,1789377068.3604615
time/rollout/evaluate,10,9,151.33554077148438,1789381012.4828992
time/rollout/evaluate,15,14,172.1459197998047,1789384976.4906116
time/rollout/evaluate,20,19,181.864501953125,1789388889.8506224
time/rollout/evaluate,25,24,183.46876525878906,1789392886.4378314
time/rollout/evaluate,30,29,169.27049255371094,1789396842.4394085
time/rollout/evaluate,35,34,181.06434631347656,1789400851.749467
time/rollout/evaluate,40,39,172.683349609375,1789404857.1951306
time/rollout/evaluate,45,44,187.1650390625,1789408837.4696927
time/rollout/evaluate,50,49,184.08433532714844,1789412993.1390963
time/rollout/evaluate,55,54,194.2706756591797,1789417118.2317438
time/rollout/evaluate,60,59,188.52854919433594,1789421289.0072258
time/rollout/evaluate,65,64,193.09947204589844,1789425401.099778
time/rollout/evaluate,70,69,184.5108184814453,1789429603.6040301
time/rollout/evaluate,75,74,158.596435546875,1789433665.2389784
time/rollout/evaluate,80,79,149.0736541748047,1789437768.2112832
time/rollout/evaluate,85,84,179.59869384765625,1789441802.8133757
time/rollout/evaluate,90,89,176.72634887695312,1789446007.5144303
time/rollout/evaluate,95,94,174.1226806640625,1789450093.1243277
