tag,round,raw_step,value,wall_time
env/episode_len,1,0,200.0,1789042971.7965696
env/episode_len,2,1,200.0,1789043289.3758185
env/episode_len,3,2,200.0,1789043596.1753478
env/episode_len,4,3,200.0,1789043916.2415833
env/episode_len,5,4,200.0,1789044572.5113194
env/episode_len,6,5,200.0,1789044887.0641854
env/episode_len,7,6,200.0,1789045194.3969598
env/episode_len,8,7,200.0,1789045504.0032532
env/episode_len,9,8,200.0,1789045808.4019632
env/episode_len,10,9,200.0,1789046433.8826404
env/episode_len,11,10,200.0,1789046731.5879908
env/episode_len,12,11,200.0,1789047034.324703
env/episode_len,13,12,200.0,1789047335.900124
env/episode_len,14,13,200.0,1789047636.442873
env/episode_len,15,14,200.0,1789048223.8546047
env/episode_len,16,15,200.0,1789048523.8303835
env/episode_len,17,16,200.0,1789048825.5642035
env/episode_len,18,17,200.0,1789049128.740404
env/episode_len,19,18,200.0,1789049426.163864
env/episode_len,20,19,200.0,1789050040.6355617
env/episode_len,21,20,200.0,1789050338.9999611
env/episode_len,22,21,200.0,1789050639.1314278
env/episode_len,23,22,200.0,1789050938.9419553
env/episode_len,24,23,200.0,1789051237.2553759
env/episode_len,25,24,200.0,1789051822.1841645
env/episode_len,26,25,200.0,1789052119.1355934
env/episode_len,27,26,200.0,1789052420.750723
env/episode_len,28,27,200.0,1789052718.9033096
env/episode_len,29,28,200.0,1789053019.8335774
env/episode_len,30,29,200.0,1789053666.1413755
env/episode_len,31,30,200.0,1789053965.7313566
env/episode_len,32,31,200.0,1789054272.8962
env/episode_len,33,32,200.0,1789054574.815872
env/episode_len,34,33,200.0,1789054880.4440773
env/episode_len,35,34,200.0,1789055522.207894
env/episode_len,36,35,200.0,1789055825.4612792
env/episode_len,37,36,200.0,1789056134.3393662
env/episode_len,38,37,200.0,1789056444.8241537
env/episode_len,39,38,200.0,1789056750.7792702
env/episode_len,40,39,200.0,1789057409.7173219
env/episode_len,41,40,200.0,1789057711.7544467
env/episode_len,42,41,200.0,1789058024.7892647
env/episode_len,43,42,200.0,1789058341.4076824
env/episode_len,44,43,200.0,1789058649.0190747
env/episode_len,45,44,200.0,1789059280.924577
env/episode_len,46,45,200.0,1789059601.6842108
env/episode_len,47,46,200.0,1789059922.624913
env/episode_len,48,47,200.0,1789060237.791064
env/episode_len,49,48,200.0,1789060545.8374825
env/episode_len,50,49,200.0,1789061201.5790346
env/episode_len,51,50,200.0,1789061498.663761
env/episode_len,52,51,200.0,1789061816.3534706
env/episode_len,53,52,200.0,1789062122.537018
env/episode_len,54,53,200.0,1789062426.5430605
env/episode_len,55,54,200.0,1789063070.2828996
env/episode_len,56,55,200.0,1789063386.875173
env/episode_len,57,56,200.0,1789063703.4986098
env/episode_len,58,57,200.0,1789064008.9435868
env/episode_len,59,58,200.0,1789064327.467722
env/episode_len,60,59,200.0,1789064954.1511075
env/episode_len,61,60,200.0,1789065252.592208
env/episode_len,62,61,200.0,1789065550.4172428
env/episode_len,63,62,200.0,1789065855.0289855
env/episode_len,64,63,200.0,1789066158.5591471
env/episode_len,65,64,200.0,1789066738.9883113
env/episode_len,66,65,200.0,1789067040.7047231
env/episode_len,67,66,200.0,1789067338.9058912
env/episode_len,68,67,200.0,1789067639.9823244
env/episode_len,69,68,200.0,1789067937.174291
env/episode_len,70,69,200.0,1789068535.1732478
env/episode_len,71,70,200.0,1789068829.6827722
env/episode_len,72,71,200.0,1789069131.494837
env/episode_len,73,72,200.0,1789069429.4046984
env/episode_len,74,73,200.0,1789069726.5984983
env/episode_len,75,74,200.0,1789070303.134398
env/episode_len,76,75,200.0,1789070600.9358387
env/episode_len,77,76,200.0,1789070899.9778993
env/episode_len,78,77,200.0,1789071195.459783
env/episode_len,79,78,200.0,1789071493.886881
env/episode_len,80,79,200.0,1789072100.4277017
env/episode_len,81,80,200.0,1789072396.004654
env/episode_len,82,81,200.0,1789072694.274693
env/episode_len,83,82,200.0,1789072990.9755702
env/episode_len,84,83,200.0,1789073292.2105796
env/episode_len,85,84,200.0,1789073865.0228286
env/episode_len,86,85,200.0,1789074165.7444503
env/episode_len,87,86,200.0,1789074465.8997173
env/episode_len,88,87,200.0,1789074766.6796947
env/episode_len,89,88,200.0,1789075065.6198041
env/episode_len,90,89,200.0,1789075674.515102
env/episode_len,91,90,200.0,1789075974.5312862
env/episode_len,92,91,200.0,1789076285.4837887
env/episode_len,93,92,200.0,1789076591.4023807
env/episode_len,94,93,200.0,1789076892.6521728
env/episode_len,95,94,200.0,1789077475.5633106
env/episode_len,96,95,200.0,1789077780.9193823
env/episode_len,97,96,200.0,1789078088.6449122
env/episode_len,98,97,200.0,1789078397.40945
env/episode_len,99,98,200.0,1789078708.8019133
env/episode_len,100,99,200.0,1789079323.7428803
env/return,1,0,0.25,1789042971.7966237
env/return,2,1,0.625,1789043289.375873
env/return,3,2,0.25,1789043596.175405
env/return,4,3,0.25,1789043916.241635
env/return,5,4,0.625,1789044572.511351
env/return,6,5,0.125,1789044887.0642478
env/return,7,6,0.5,1789045194.3970065
env/return,8,7,0.5,1789045504.0033162
env/return,9,8,0.625,1789045808.402031
env/return,10,9,0.375,1789046433.8826735
env/return,11,10,0.5,1789046731.5880592
env/return,12,11,0.625,1789047034.324742
env/return,13,12,0.75,1789047335.9002032
env/return,14,13,0.5,1789047636.4429262
env/return,15,14,0.25,1789048223.8546278
env/return,16,15,0.75,1789048523.8304381
env/return,17,16,0.375,1789048825.564263
env/return,18,17,0.25,1789049128.7404618
env/return,19,18,0.875,1789049426.1639135
env/return,20,19,0.625,1789050040.6355948
env/return,21,20,0.75,1789050339.0000117
env/return,22,21,0.625,1789050639.1314871
env/return,23,22,0.625,1789050938.942041
env/return,24,23,0.5,1789051237.2554276
env/return,25,24,0.25,1789051822.184206
env/return,26,25,0.625,1789052119.1356475
env/return,27,26,0.75,1789052420.7507644
env/return,28,27,0.75,1789052718.9033597
env/return,29,28,0.5,1789053019.8336308
env/return,30,29,0.625,1789053666.1414075
env/return,31,30,0.75,1789053965.7314084
env/return,32,31,0.375,1789054272.896253
env/return,33,32,0.75,1789054574.8159578
env/return,34,33,0.5,1789054880.4441378
env/return,35,34,0.875,1789055522.2079303
env/return,36,35,0.5,1789055825.4613268
env/return,37,36,0.75,1789056134.3394253
env/return,38,37,0.25,1789056444.8241963
env/return,39,38,1.0,1789056750.779323
env/return,40,39,0.375,1789057409.7173595
env/return,41,40,0.75,1789057711.7545655
env/return,42,41,0.625,1789058024.7893217
env/return,43,42,0.5,1789058341.4077556
env/return,44,43,0.875,1789058649.019132
env/return,45,44,0.75,1789059280.9246318
env/return,46,45,1.0,1789059601.6842878
env/return,47,46,0.625,1789059922.6249807
env/return,48,47,0.625,1789060237.7911425
env/return,49,48,0.875,1789060545.8375304
env/return,50,49,0.5,1789061201.579064
env/return,51,50,0.5,1789061498.6638203
env/return,52,51,0.75,1789061816.3535225
env/return,53,52,0.75,1789062122.537064
env/return,54,53,0.75,1789062426.5431144
env/return,55,54,0.5,1789063070.2829235
env/return,56,55,0.375,1789063386.875234
env/return,57,56,0.375,1789063703.4987116
env/return,58,57,0.75,1789064008.9436438
env/return,59,58,0.625,1789064327.467785
env/return,60,59,0.875,1789064954.1511433
env/return,61,60,0.625,1789065252.5922892
env/return,62,61,0.625,1789065550.417304
env/return,63,62,0.625,1789065855.029045
env/return,64,63,0.625,1789066158.559195
env/return,65,64,0.625,1789066738.9883552
env/return,66,65,0.5,1789067040.704788
env/return,67,66,0.875,1789067338.9059484
env/return,68,67,0.5,1789067639.982377
env/return,69,68,0.625,1789067937.1743429
env/return,70,69,0.875,1789068535.1732802
env/return,71,70,0.75,1789068829.6828396
env/return,72,71,0.5,1789069131.494873
env/return,73,72,0.625,1789069429.4047458
env/return,74,73,0.875,1789069726.5985312
env/return,75,74,0.5,1789070303.1344287
env/return,76,75,0.75,1789070600.9358847
env/return,77,76,0.375,1789070899.9779465
env/return,78,77,0.5,1789071195.4598196
env/return,79,78,0.75,1789071493.8869352
env/return,80,79,0.75,1789072100.4277258
env/return,81,80,0.5,1789072396.004728
env/return,82,81,1.0,1789072694.2747407
env/return,83,82,0.75,1789072990.9756184
env/return,84,83,0.75,1789073292.2106318
env/return,85,84,0.75,1789073865.0228958
env/return,86,85,0.625,1789074165.7444832
env/return,87,86,0.5,1789074465.8997664
env/return,88,87,0.75,1789074766.6797504
env/return,89,88,0.625,1789075065.6198552
env/return,90,89,0.75,1789075674.5151296
env/return,91,90,0.75,1789075974.5313506
env/return,92,91,0.75,1789076285.483834
env/return,93,92,0.75,1789076591.4024627
env/return,94,93,0.75,1789076892.6522312
env/return,95,94,0.875,1789077475.5633812
env/return,96,95,0.75,1789077780.9194334
env/return,97,96,0.5,1789078088.6449592
env/return,98,97,0.5,1789078397.4094992
env/return,99,98,0.875,1789078708.8019757
env/return,100,99,0.5,1789079323.7429159
env/reward,1,0,0.0012499999720603228,1789042971.7966378
env/reward,2,1,0.003124999813735485,1789043289.3758838
env/reward,3,2,0.0012499999720603228,1789043596.1754184
env/reward,4,3,0.0012499999720603228,1789043916.2416434
env/reward,5,4,0.003124999813735485,1789044572.5113587
env/reward,6,5,0.0006249999860301614,1789044887.0642576
env/reward,7,6,0.0024999999441206455,1789045194.3970149
env/reward,8,7,0.0024999999441206455,1789045504.0033245
env/reward,9,8,0.003124999813735485,1789045808.4020452
env/reward,10,9,0.0018749999580904841,1789046433.8826854
env/reward,11,10,0.0024999999441206455,1789046731.588069
env/reward,12,11,0.003124999813735485,1789047034.3247502
env/reward,13,12,0.0037499996833503246,1789047335.9002156
env/reward,14,13,0.0024999999441206455,1789047636.442934
env/reward,15,14,0.0012499999720603228,1789048223.8546355
env/reward,16,15,0.0037499996833503246,1789048523.830448
env/reward,17,16,0.0018749999580904841,1789048825.5642724
env/reward,18,17,0.0012499999720603228,1789049128.7404702
env/reward,19,18,0.004374999552965164,1789049426.1639216
env/reward,20,19,0.003124999813735485,1789050040.6356068
env/reward,21,20,0.0037499996833503246,1789050339.0000198
env/reward,22,21,0.003124999813735485,1789050639.1314988
env/reward,23,22,0.003124999813735485,1789050938.9420586
env/reward,24,23,0.0024999999441206455,1789051237.2554355
env/reward,25,24,0.0012499999720603228,1789051822.184227
env/reward,26,25,0.003124999813735485,1789052119.135656
env/reward,27,26,0.0037499996833503246,1789052420.750776
env/reward,28,27,0.0037499996833503246,1789052718.9033685
env/reward,29,28,0.0024999999441206455,1789053019.8336391
env/reward,30,29,0.003124999813735485,1789053666.141419
env/reward,31,30,0.0037499996833503246,1789053965.7314177
env/reward,32,31,0.0018749999580904841,1789054272.8962617
env/reward,33,32,0.0037499996833503246,1789054574.815976
env/reward,34,33,0.0024999999441206455,1789054880.444148
env/reward,35,34,0.004374999552965164,1789055522.207945
env/reward,36,35,0.0024999999441206455,1789055825.4613352
env/reward,37,36,0.0037499996833503246,1789056134.3394337
env/reward,38,37,0.0012499999720603228,1789056444.8242025
env/reward,39,38,0.004999999422580004,1789056750.7793314
env/reward,40,39,0.0018749999580904841,1789057409.7173722
env/reward,41,40,0.0037499996833503246,1789057711.7545881
env/reward,42,41,0.003124999813735485,1789058024.7893305
env/reward,43,42,0.0024999999441206455,1789058341.4077659
env/reward,44,43,0.004374999552965164,1789058649.0191417
env/reward,45,44,0.0037499996833503246,1789059280.9246488
env/reward,46,45,0.004999999422580004,1789059601.6842992
env/reward,47,46,0.003124999813735485,1789059922.6249914
env/reward,48,47,0.003124999813735485,1789060237.7911508
env/reward,49,48,0.004374999552965164,1789060545.8375394
env/reward,50,49,0.0024999999441206455,1789061201.579073
env/reward,51,50,0.0024999999441206455,1789061498.6638303
env/reward,52,51,0.0037499996833503246,1789061816.353531
env/reward,53,52,0.0037499996833503246,1789062122.5370722
env/reward,54,53,0.0037499996833503246,1789062426.5431218
env/reward,55,54,0.0024999999441206455,1789063070.2829306
env/reward,56,55,0.0018749999580904841,1789063386.875246
env/reward,57,56,0.0018749999580904841,1789063703.498729
env/reward,58,57,0.0037499996833503246,1789064008.9436526
env/reward,59,58,0.003124999813735485,1789064327.4677951
env/reward,60,59,0.004374999552965164,1789064954.1511557
env/reward,61,60,0.003124999813735485,1789065252.592298
env/reward,62,61,0.003124999813735485,1789065550.4173155
env/reward,63,62,0.003124999813735485,1789065855.0290563
env/reward,64,63,0.003124999813735485,1789066158.5592036
env/reward,65,64,0.003124999813735485,1789066738.9883664
env/reward,66,65,0.0024999999441206455,1789067040.7048013
env/reward,67,66,0.004374999552965164,1789067338.905959
env/reward,68,67,0.0024999999441206455,1789067639.982386
env/reward,69,68,0.003124999813735485,1789067937.1743517
env/reward,70,69,0.004374999552965164,1789068535.1732893
env/reward,71,70,0.0037499996833503246,1789068829.6828501
env/reward,72,71,0.0024999999441206455,1789069131.494879
env/reward,73,72,0.003124999813735485,1789069429.404758
env/reward,74,73,0.004374999552965164,1789069726.5985432
env/reward,75,74,0.0024999999441206455,1789070303.1344395
env/reward,76,75,0.0037499996833503246,1789070600.9358914
env/reward,77,76,0.0018749999580904841,1789070899.977955
env/reward,78,77,0.0024999999441206455,1789071195.4598272
env/reward,79,78,0.0037499996833503246,1789071493.8869467
env/reward,80,79,0.0037499996833503246,1789072100.427733
env/reward,81,80,0.0024999999441206455,1789072396.004742
env/reward,82,81,0.004999999422580004,1789072694.274751
env/reward,83,82,0.0037499996833503246,1789072990.975625
env/reward,84,83,0.0037499996833503246,1789073292.2106404
env/reward,85,84,0.0037499996833503246,1789073865.022922
env/reward,86,85,0.003124999813735485,1789074165.7444913
env/reward,87,86,0.0024999999441206455,1789074465.8997748
env/reward,88,87,0.0037499996833503246,1789074766.6797585
env/reward,89,88,0.003124999813735485,1789075065.619864
env/reward,90,89,0.0037499996833503246,1789075674.5151367
env/reward,91,90,0.0037499996833503246,1789075974.5313628
env/reward,92,91,0.0037499996833503246,1789076285.483847
env/reward,93,92,0.0037499996833503246,1789076591.402478
env/reward,94,93,0.0037499996833503246,1789076892.6522493
env/reward,95,94,0.004374999552965164,1789077475.563407
env/reward,96,95,0.0037499996833503246,1789077780.9194415
env/reward,97,96,0.0024999999441206455,1789078088.6449697
env/reward,98,97,0.0024999999441206455,1789078397.4095073
env/reward,99,98,0.004374999552965164,1789078708.8019845
env/reward,100,99,0.0024999999441206455,1789079323.7429283
env/success_once,1,0,0.25,1789042971.7966478
env/success_once,2,1,0.625,1789043289.3758912
env/success_once,3,2,0.25,1789043596.175427
env/success_once,4,3,0.25,1789043916.2416503
env/success_once,5,4,0.625,1789044572.5113661
env/success_once,6,5,0.125,1789044887.0642653
env/success_once,7,6,0.5,1789045194.3970208
env/success_once,8,7,0.5,1789045504.0033305
env/success_once,9,8,0.625,1789045808.4020555
env/success_once,10,9,0.375,1789046433.882695
env/success_once,11,10,0.5,1789046731.5880764
env/success_once,12,11,0.625,1789047034.3247564
env/success_once,13,12,0.75,1789047335.9002252
env/success_once,14,13,0.5,1789047636.4429405
env/success_once,15,14,0.25,1789048223.8546414
env/success_once,16,15,0.75,1789048523.8304553
env/success_once,17,16,0.375,1789048825.5642796
env/success_once,18,17,0.25,1789049128.7404783
env/success_once,19,18,0.875,1789049426.1639278
env/success_once,20,19,0.625,1789050040.6356168
env/success_once,21,20,0.75,1789050339.0000257
env/success_once,22,21,0.625,1789050639.1315067
env/success_once,23,22,0.625,1789050938.9420707
env/success_once,24,23,0.5,1789051237.2554436
env/success_once,25,24,0.25,1789051822.18426
env/success_once,26,25,0.625,1789052119.135663
env/success_once,27,26,0.75,1789052420.7507858
env/success_once,28,27,0.75,1789052718.9033751
env/success_once,29,28,0.5,1789053019.8336458
env/success_once,30,29,0.625,1789053666.1414278
env/success_once,31,30,0.75,1789053965.731424
env/success_once,32,31,0.375,1789054272.8962674
env/success_once,33,32,0.75,1789054574.81599
env/success_once,34,33,0.5,1789054880.4441557
env/success_once,35,34,0.875,1789055522.2079575
env/success_once,36,35,0.5,1789055825.4613416
env/success_once,37,36,0.75,1789056134.3394406
env/success_once,38,37,0.25,1789056444.8242073
env/success_once,39,38,1.0,1789056750.7793376
env/success_once,40,39,0.375,1789057409.7173824
env/success_once,41,40,0.75,1789057711.7546105
env/success_once,42,41,0.625,1789058024.7893372
env/success_once,43,42,0.5,1789058341.4077733
env/success_once,44,43,0.875,1789058649.019149
env/success_once,45,44,0.75,1789059280.9246612
env/success_once,46,45,1.0,1789059601.6843073
env/success_once,47,46,0.625,1789059922.625
env/success_once,48,47,0.625,1789060237.791157
env/success_once,49,48,0.875,1789060545.8375463
env/success_once,50,49,0.5,1789061201.5790803
env/success_once,51,50,0.5,1789061498.6638384
env/success_once,52,51,0.75,1789061816.3535376
env/success_once,53,52,0.75,1789062122.537078
env/success_once,54,53,0.75,1789062426.5431283
env/success_once,55,54,0.5,1789063070.2829368
env/success_once,56,55,0.375,1789063386.8752565
env/success_once,57,56,0.375,1789063703.498741
env/success_once,58,57,0.75,1789064008.943659
env/success_once,59,58,0.625,1789064327.4678035
env/success_once,60,59,0.875,1789064954.1511652
env/success_once,61,60,0.625,1789065252.5923047
env/success_once,62,61,0.625,1789065550.4173248
env/success_once,63,62,0.625,1789065855.0290642
env/success_once,64,63,0.625,1789066158.5592103
env/success_once,65,64,0.625,1789066738.9883769
env/success_once,66,65,0.5,1789067040.7048109
env/success_once,67,66,0.875,1789067338.905967
env/success_once,68,67,0.5,1789067639.9823928
env/success_once,69,68,0.625,1789067937.1743581
env/success_once,70,69,0.875,1789068535.1732965
env/success_once,71,70,0.75,1789068829.682858
env/success_once,72,71,0.5,1789069131.4948835
env/success_once,73,72,0.625,1789069429.404767
env/success_once,74,73,0.875,1789069726.598552
env/success_once,75,74,0.5,1789070303.1344485
env/success_once,76,75,0.75,1789070600.9358962
env/success_once,77,76,0.375,1789070899.9779615
env/success_once,78,77,0.5,1789071195.4598336
env/success_once,79,78,0.75,1789071493.8869553
env/success_once,80,79,0.75,1789072100.427739
env/success_once,81,80,0.5,1789072396.0047529
env/success_once,82,81,1.0,1789072694.2747583
env/success_once,83,82,0.75,1789072990.9756298
env/success_once,84,83,0.75,1789073292.2106473
env/success_once,85,84,0.75,1789073865.0229437
env/success_once,86,85,0.625,1789074165.7444978
env/success_once,87,86,0.5,1789074465.8997815
env/success_once,88,87,0.75,1789074766.679765
env/success_once,89,88,0.625,1789075065.619871
env/success_once,90,89,0.75,1789075674.5151427
env/success_once,91,90,0.75,1789075974.5313725
env/success_once,92,91,0.75,1789076285.4838564
env/success_once,93,92,0.75,1789076591.4024897
env/success_once,94,93,0.75,1789076892.6522572
env/success_once,95,94,0.875,1789077475.5634263
env/success_once,96,95,0.75,1789077780.9194481
env/success_once,97,96,0.5,1789078088.644979
env/success_once,98,97,0.5,1789078397.4095135
env/success_once,99,98,0.875,1789078708.801991
env/success_once,100,99,0.5,1789079323.7429385
env/num_trajectories,1,0,8.0,1789042971.7966824
env/num_trajectories,2,1,8.0,1789043289.375922
env/num_trajectories,3,2,8.0,1789043596.175459
env/num_trajectories,4,3,8.0,1789043916.2416792
env/num_trajectories,5,4,8.0,1789044572.5113866
env/num_trajectories,6,5,8.0,1789044887.064298
env/num_trajectories,7,6,8.0,1789045194.3970468
env/num_trajectories,8,7,8.0,1789045504.0033596
env/num_trajectories,9,8,8.0,1789045808.4020927
env/num_trajectories,10,9,8.0,1789046433.8827155
env/num_trajectories,11,10,8.0,1789046731.5881052
env/num_trajectories,12,11,8.0,1789047034.3247833
env/num_trajectories,13,12,8.0,1789047335.9002726
env/num_trajectories,14,13,8.0,1789047636.4429681
env/num_trajectories,15,14,8.0,1789048223.8546534
env/num_trajectories,16,15,8.0,1789048523.830485
env/num_trajectories,17,16,8.0,1789048825.5643065
env/num_trajectories,18,17,8.0,1789049128.7405062
env/num_trajectories,19,18,8.0,1789049426.163956
env/num_trajectories,20,19,8.0,1789050040.6356373
env/num_trajectories,21,20,8.0,1789050339.0000508
env/num_trajectories,22,21,8.0,1789050639.1315427
env/num_trajectories,23,22,8.0,1789050938.942112
env/num_trajectories,24,23,8.0,1789051237.2554693
env/num_trajectories,25,24,8.0,1789051822.184286
env/num_trajectories,26,25,8.0,1789052119.1356907
env/num_trajectories,27,26,8.0,1789052420.7508104
env/num_trajectories,28,27,8.0,1789052718.9034023
env/num_trajectories,29,28,8.0,1789053019.8336713
env/num_trajectories,30,29,8.0,1789053666.141448
env/num_trajectories,31,30,8.0,1789053965.7314498
env/num_trajectories,32,31,8.0,1789054272.8962936
env/num_trajectories,33,32,8.0,1789054574.8160343
env/num_trajectories,34,33,8.0,1789054880.444188
env/num_trajectories,35,34,8.0,1789055522.2079787
env/num_trajectories,36,35,8.0,1789055825.4613686
env/num_trajectories,37,36,8.0,1789056134.3394704
env/num_trajectories,38,37,8.0,1789056444.824229
env/num_trajectories,39,38,8.0,1789056750.7793655
env/num_trajectories,40,39,8.0,1789057409.7174044
env/num_trajectories,41,40,8.0,1789057711.7546732
env/num_trajectories,42,41,8.0,1789058024.7893665
env/num_trajectories,43,42,8.0,1789058341.4078054
env/num_trajectories,44,43,8.0,1789058649.0191817
env/num_trajectories,45,44,8.0,1789059280.9246912
env/num_trajectories,46,45,8.0,1789059601.6843417
env/num_trajectories,47,46,8.0,1789059922.625033
env/num_trajectories,48,47,8.0,1789060237.7911882
env/num_trajectories,49,48,8.0,1789060545.837573
env/num_trajectories,50,49,8.0,1789061201.5790985
env/num_trajectories,51,50,8.0,1789061498.6638696
env/num_trajectories,52,51,8.0,1789061816.3535635
env/num_trajectories,53,52,8.0,1789062122.537105
env/num_trajectories,54,53,8.0,1789062426.5431507
env/num_trajectories,55,54,8.0,1789063070.28295
env/num_trajectories,56,55,8.0,1789063386.8752878
env/num_trajectories,57,56,8.0,1789063703.4987864
env/num_trajectories,58,57,8.0,1789064008.943688
env/num_trajectories,59,58,8.0,1789064327.467834
env/num_trajectories,60,59,8.0,1789064954.1511908
env/num_trajectories,61,60,8.0,1789065252.5923347
env/num_trajectories,62,61,8.0,1789065550.4173577
env/num_trajectories,63,62,8.0,1789065855.0290966
env/num_trajectories,64,63,8.0,1789066158.5592346
env/num_trajectories,65,64,8.0,1789066738.988401
env/num_trajectories,66,65,8.0,1789067040.704846
env/num_trajectories,67,66,8.0,1789067338.905996
env/num_trajectories,68,67,8.0,1789067639.9824214
env/num_trajectories,69,68,8.0,1789067937.174379
env/num_trajectories,70,69,8.0,1789068535.173318
env/num_trajectories,71,70,8.0,1789068829.6828885
env/num_trajectories,72,71,8.0,1789069131.4948943
env/num_trajectories,73,72,8.0,1789069429.4048047
env/num_trajectories,74,73,8.0,1789069726.5985725
env/num_trajectories,75,74,8.0,1789070303.1344671
env/num_trajectories,76,75,8.0,1789070600.9359193
env/num_trajectories,77,76,8.0,1789070899.9779847
env/num_trajectories,78,77,8.0,1789071195.4598525
env/num_trajectories,79,78,8.0,1789071493.8869872
env/num_trajectories,80,79,8.0,1789072100.4277527
env/num_trajectories,81,80,8.0,1789072396.0047946
env/num_trajectories,82,81,8.0,1789072694.2747808
env/num_trajectories,83,82,8.0,1789072990.9756532
env/num_trajectories,84,83,8.0,1789073292.210675
env/num_trajectories,85,84,8.0,1789073865.0229843
env/num_trajectories,86,85,8.0,1789074165.7445264
env/num_trajectories,87,86,8.0,1789074465.8998077
env/num_trajectories,88,87,8.0,1789074766.6797934
env/num_trajectories,89,88,8.0,1789075065.6198947
env/num_trajectories,90,89,8.0,1789075674.5151575
env/num_trajectories,91,90,8.0,1789075974.531404
env/num_trajectories,92,91,8.0,1789076285.483884
env/num_trajectories,93,92,8.0,1789076591.4025311
env/num_trajectories,94,93,8.0,1789076892.6522956
env/num_trajectories,95,94,8.0,1789077475.5634646
env/num_trajectories,96,95,8.0,1789077780.919472
env/num_trajectories,97,96,8.0,1789078088.6450028
env/num_trajectories,98,97,8.0,1789078397.409541
env/num_trajectories,99,98,8.0,1789078708.802017
env/num_trajectories,100,99,8.0,1789079323.742959
time/sync_weights,1,0,5.061681747436523,1789042971.796704
time/sync_weights,2,1,6.565656661987305,1789043289.3759475
time/sync_weights,3,2,5.080572128295898,1789043596.1754866
time/sync_weights,4,3,5.400321006774902,1789043916.2417004
time/sync_weights,5,4,5.442791938781738,1789044572.5114172
time/sync_weights,6,5,1.9826385974884033,1789044887.0643244
time/sync_weights,7,6,4.959420204162598,1789045194.397068
time/sync_weights,8,7,5.317096710205078,1789045504.0033808
time/sync_weights,9,8,6.289692401885986,1789045808.402123
time/sync_weights,10,9,5.147759914398193,1789046433.882748
time/sync_weights,11,10,1.4456989765167236,1789046731.588128
time/sync_weights,12,11,5.218255519866943,1789047034.3248043
time/sync_weights,13,12,5.407998085021973,1789047335.9003038
time/sync_weights,14,13,5.314901351928711,1789047636.4429889
time/sync_weights,15,14,5.107959747314453,1789048223.8546739
time/sync_weights,16,15,1.8574714660644531,1789048523.830507
time/sync_weights,17,16,5.274453163146973,1789048825.5643277
time/sync_weights,18,17,5.106365203857422,1789049128.7405276
time/sync_weights,19,18,5.011063575744629,1789049426.163978
time/sync_weights,20,19,4.970186710357666,1789050040.6356692
time/sync_weights,21,20,1.4612724781036377,1789050339.0000703
time/sync_weights,22,21,4.946479797363281,1789050639.1315682
time/sync_weights,23,22,5.0904107093811035,1789050938.9421434
time/sync_weights,24,23,5.311319351196289,1789051237.255489
time/sync_weights,25,24,5.301752090454102,1789051822.184333
time/sync_weights,26,25,1.7867190837860107,1789052119.1357126
time/sync_weights,27,26,5.071471214294434,1789052420.7508304
time/sync_weights,28,27,5.143592357635498,1789052718.9034224
time/sync_weights,29,28,5.37136697769165,1789053019.8336914
time/sync_weights,30,29,5.1110920906066895,1789053666.1414785
time/sync_weights,31,30,1.4513473510742188,1789053965.7314692
time/sync_weights,32,31,4.968167304992676,1789054272.896314
time/sync_weights,33,32,4.8901166915893555,1789054574.8160696
time/sync_weights,34,33,5.086923599243164,1789054880.4442124
time/sync_weights,35,34,4.915513038635254,1789055522.2080152
time/sync_weights,36,35,1.884953498840332,1789055825.4613926
time/sync_weights,37,36,6.018719673156738,1789056134.3394942
time/sync_weights,38,37,5.941051006317139,1789056444.8242517
time/sync_weights,39,38,5.262075424194336,1789056750.7793865
time/sync_weights,40,39,5.215967178344727,1789057409.7174397
time/sync_weights,41,40,1.911055564880371,1789057711.7547262
time/sync_weights,42,41,4.781710624694824,1789058024.7893877
time/sync_weights,43,42,5.398765563964844,1789058341.4078312
time/sync_weights,44,43,5.114833354949951,1789058649.0192058
time/sync_weights,45,44,4.965297698974609,1789059280.924736
time/sync_weights,46,45,2.0519893169403076,1789059601.6843688
time/sync_weights,47,46,5.042353630065918,1789059922.625059
time/sync_weights,48,47,5.477229595184326,1789060237.79121
time/sync_weights,49,48,5.126858711242676,1789060545.8375952
time/sync_weights,50,49,4.974429607391357,1789061201.5791264
time/sync_weights,51,50,1.4845376014709473,1789061498.6638951
time/sync_weights,52,51,4.938576698303223,1789061816.3535826
time/sync_weights,53,52,4.953830242156982,1789062122.5371249
time/sync_weights,54,53,5.3692731857299805,1789062426.5431678
time/sync_weights,55,54,4.977078437805176,1789063070.282971
time/sync_weights,56,55,1.9252028465270996,1789063386.875313
time/sync_weights,57,56,5.096575736999512,1789063703.4988244
time/sync_weights,58,57,5.316798210144043,1789064008.9437091
time/sync_weights,59,58,5.34372615814209,1789064327.4678595
time/sync_weights,60,59,5.143496513366699,1789064954.1512244
time/sync_weights,61,60,1.478377342224121,1789065252.5923572
time/sync_weights,62,61,5.095368385314941,1789065550.4173841
time/sync_weights,63,62,5.314270973205566,1789065855.02913
time/sync_weights,64,63,5.450675964355469,1789066158.5592532
time/sync_weights,65,64,5.9226508140563965,1789066738.988437
time/sync_weights,66,65,2.104931592941284,1789067040.7048752
time/sync_weights,67,66,5.1187286376953125,1789067338.906019
time/sync_weights,68,67,4.981138229370117,1789067639.982444
time/sync_weights,69,68,5.063472747802734,1789067937.1743944
time/sync_weights,70,69,5.358772277832031,1789068535.1733332
time/sync_weights,71,70,1.5388398170471191,1789068829.6829143
time/sync_weights,72,71,4.954102516174316,1789069131.4949028
time/sync_weights,73,72,4.696969509124756,1789069429.4048357
time/sync_weights,74,73,4.839005470275879,1789069726.5985882
time/sync_weights,75,74,4.829587459564209,1789070303.1344957
time/sync_weights,76,75,1.8728759288787842,1789070600.935937
time/sync_weights,77,76,5.208090782165527,1789070899.978004
time/sync_weights,78,77,4.599917411804199,1789071195.4598658
time/sync_weights,79,78,4.919573783874512,1789071493.8870127
time/sync_weights,80,79,6.0692548751831055,1789072100.4277747
time/sync_weights,81,80,1.5955157279968262,1789072396.0048275
time/sync_weights,82,81,4.912215232849121,1789072694.2747962
time/sync_weights,83,82,5.382502555847168,1789072990.9756703
time/sync_weights,84,83,5.011224746704102,1789073292.2106962
time/sync_weights,85,84,4.8077192306518555,1789073865.0230498
time/sync_weights,86,85,1.870133638381958,1789074165.744547
time/sync_weights,87,86,4.8602986335754395,1789074465.8998277
time/sync_weights,88,87,4.801013946533203,1789074766.6798146
time/sync_weights,89,88,5.064788341522217,1789075065.6199143
time/sync_weights,90,89,5.668065071105957,1789075674.51518
time/sync_weights,91,90,1.8386549949645996,1789075974.531428
time/sync_weights,92,91,5.352114200592041,1789076285.4839103
time/sync_weights,93,92,5.804375648498535,1789076591.4025648
time/sync_weights,94,93,5.529844760894775,1789076892.6523223
time/sync_weights,95,94,5.212726593017578,1789077475.5635273
time/sync_weights,96,95,1.9157495498657227,1789077780.9194896
time/sync_weights,97,96,5.76567268371582,1789078088.6450193
time/sync_weights,98,97,5.478280067443848,1789078397.4095616
time/sync_weights,99,98,5.286673545837402,1789078708.802037
time/sync_weights,100,99,5.097890853881836,1789079323.7429755
time/generate_rollouts,1,0,95.33296966552734,1789042971.7967157
time/generate_rollouts,2,1,88.75567626953125,1789043289.375956
time/generate_rollouts,3,2,80.17134857177734,1789043596.1754951
time/generate_rollouts,4,3,90.91332244873047,1789043916.2417078
time/generate_rollouts,5,4,84.92582702636719,1789044572.5114272
time/generate_rollouts,6,5,91.01260375976562,1789044887.064334
time/generate_rollouts,7,6,81.06967163085938,1789045194.3970747
time/generate_rollouts,8,7,81.3718490600586,1789045504.0033877
time/generate_rollouts,9,8,76.44759368896484,1789045808.402133
time/generate_rollouts,10,9,79.30835723876953,1789046433.8827586
time/generate_rollouts,11,10,74.5622787475586,1789046731.5881355
time/generate_rollouts,12,11,74.55384063720703,1789047034.3248107
time/generate_rollouts,13,12,73.63170623779297,1789047335.9003139
time/generate_rollouts,14,13,72.71770477294922,1789047636.4429953
time/generate_rollouts,15,14,72.93498229980469,1789048223.8546805
time/generate_rollouts,16,15,75.53092193603516,1789048523.8305147
time/generate_rollouts,17,16,74.61285400390625,1789048825.5643358
time/generate_rollouts,18,17,75.37271118164062,1789049128.7405374
time/generate_rollouts,19,18,69.88951110839844,1789049426.1639853
time/generate_rollouts,20,19,71.95079040527344,1789050040.6356795
time/generate_rollouts,21,20,74.69666290283203,1789050339.0000763
time/generate_rollouts,22,21,73.07653045654297,1789050639.1315782
time/generate_rollouts,23,22,72.00899505615234,1789050938.9421563
time/generate_rollouts,24,23,70.7514877319336,1789051237.2554953
time/generate_rollouts,25,24,71.83724212646484,1789051822.1843517
time/generate_rollouts,26,25,72.77713775634766,1789052119.13572
time/generate_rollouts,27,26,73.60763549804688,1789052420.7508397
time/generate_rollouts,28,27,71.0401382446289,1789052718.903429
time/generate_rollouts,29,28,73.51299285888672,1789053019.8336978
time/generate_rollouts,30,29,77.12061309814453,1789053666.1414886
time/generate_rollouts,31,30,75.28359985351562,1789053965.7314758
time/generate_rollouts,32,31,78.44830322265625,1789054272.89632
time/generate_rollouts,33,32,74.30467987060547,1789054574.8160815
time/generate_rollouts,34,33,77.18197631835938,1789054880.44422
time/generate_rollouts,35,34,74.50830078125,1789055522.2080262
time/generate_rollouts,36,35,78.12035369873047,1789055825.4613993
time/generate_rollouts,37,36,77.82695007324219,1789056134.3395016
time/generate_rollouts,38,37,78.3188705444336,1789056444.8242567
time/generate_rollouts,39,38,74.15967559814453,1789056750.7793941
time/generate_rollouts,40,39,77.0960922241211,1789057409.7174513
time/generate_rollouts,41,40,76.99400329589844,1789057711.7547445
time/generate_rollouts,42,41,82.4831771850586,1789058024.7893956
time/generate_rollouts,43,42,84.57271575927734,1789058341.4078395
time/generate_rollouts,44,43,74.83833312988281,1789058649.019214
time/generate_rollouts,45,44,71.89410400390625,1789059280.9247499
time/generate_rollouts,46,45,94.14532470703125,1789059601.6843781
time/generate_rollouts,47,46,90.48472595214844,1789059922.625067
time/generate_rollouts,48,47,85.37660217285156,1789060237.7912169
time/generate_rollouts,49,48,78.73505401611328,1789060545.8376029
time/generate_rollouts,50,49,77.70056915283203,1789061201.5791354
time/generate_rollouts,51,50,73.02418518066406,1789061498.663904
time/generate_rollouts,52,51,87.87903594970703,1789061816.353589
time/generate_rollouts,53,52,77.13765716552734,1789062122.5371313
time/generate_rollouts,54,53,74.60484313964844,1789062426.5431745
time/generate_rollouts,55,54,82.82882690429688,1789063070.282977
time/generate_rollouts,56,55,90.7723617553711,1789063386.8753226
time/generate_rollouts,57,56,86.314453125,1789063703.498838
time/generate_rollouts,58,57,77.62860107421875,1789064008.9437163
time/generate_rollouts,59,58,88.47244262695312,1789064327.467868
time/generate_rollouts,60,59,85.09090423583984,1789064954.1512358
time/generate_rollouts,61,60,71.82764434814453,1789065252.5923643
time/generate_rollouts,62,61,70.1239013671875,1789065550.4173932
time/generate_rollouts,63,62,74.14543914794922,1789065855.0291393
time/generate_rollouts,64,63,71.18411254882812,1789066158.55926
time/generate_rollouts,65,64,70.49964141845703,1789066738.9884472
time/generate_rollouts,66,65,73.65231323242188,1789067040.7048848
time/generate_rollouts,67,66,67.66932678222656,1789067338.906028
time/generate_rollouts,68,67,69.75717163085938,1789067639.9824512
time/generate_rollouts,69,68,69.51469421386719,1789067937.1744013
time/generate_rollouts,70,69,70.11139678955078,1789068535.1733403
time/generate_rollouts,71,70,70.74140930175781,1789068829.682923
time/generate_rollouts,72,71,71.1734619140625,1789069131.4949074
time/generate_rollouts,73,72,70.0028305053711,1789069429.4048457
time/generate_rollouts,74,73,69.36225891113281,1789069726.5985975
time/generate_rollouts,75,74,70.61642456054688,1789070303.1345057
time/generate_rollouts,76,75,72.86824798583984,1789070600.935943
time/generate_rollouts,77,76,71.26853942871094,1789070899.978011
time/generate_rollouts,78,77,68.6357192993164,1789071195.4598722
time/generate_rollouts,79,78,68.89242553710938,1789071493.887022
time/generate_rollouts,80,79,68.60151672363281,1789072100.4277804
time/generate_rollouts,81,80,71.27214050292969,1789072396.0048392
time/generate_rollouts,82,81,70.23383331298828,1789072694.274804
time/generate_rollouts,83,82,68.75981140136719,1789072990.9756753
time/generate_rollouts,84,83,69.40254211425781,1789073292.210703
time/generate_rollouts,85,84,68.88496398925781,1789073865.0230732
time/generate_rollouts,86,85,72.5943374633789,1789074165.7445529
time/generate_rollouts,87,86,70.18416595458984,1789074465.8998342
time/generate_rollouts,88,87,72.51839447021484,1789074766.679821
time/generate_rollouts,89,88,70.88917541503906,1789075065.619921
time/generate_rollouts,90,89,68.74613189697266,1789075674.5151865
time/generate_rollouts,91,90,69.38213348388672,1789075974.5314384
time/generate_rollouts,92,91,70.29902648925781,1789076285.4839246
time/generate_rollouts,93,92,68.90242004394531,1789076591.4025762
time/generate_rollouts,94,93,68.75137329101562,1789076892.652332
time/generate_rollouts,95,94,70.2280044555664,1789077475.563549
time/generate_rollouts,96,95,70.30252838134766,1789077780.9194965
time/generate_rollouts,97,96,71.51179504394531,1789078088.6450284
time/generate_rollouts,98,97,70.83110809326172,1789078397.409569
time/generate_rollouts,99,98,70.93156433105469,1789078708.8020432
time/generate_rollouts,100,99,70.00961303710938,1789079323.7429862
time/cal_adv_and_returns,1,0,0.003960609436035156,1789042971.7967436
time/cal_adv_and_returns,2,1,0.0056934356689453125,1789043289.3759634
time/cal_adv_and_returns,3,2,0.004859447479248047,1789043596.1755037
time/cal_adv_and_returns,4,3,0.005037546157836914,1789043916.241714
time/cal_adv_and_returns,5,4,0.005689859390258789,1789044572.5114362
time/cal_adv_and_returns,6,5,0.0033159255981445312,1789044887.064343
time/cal_adv_and_returns,7,6,0.004606962203979492,1789045194.3970807
time/cal_adv_and_returns,8,7,0.003351926803588867,1789045504.0033956
time/cal_adv_and_returns,9,8,0.004376888275146484,1789045808.4021432
time/cal_adv_and_returns,10,9,0.0042722225189208984,1789046433.8827684
time/cal_adv_and_returns,11,10,0.0040509700775146484,1789046731.5881426
time/cal_adv_and_returns,12,11,0.003397703170776367,1789047034.3248167
time/cal_adv_and_returns,13,12,0.0034623146057128906,1789047335.900323
time/cal_adv_and_returns,14,13,0.0033266544342041016,1789047636.4430013
time/cal_adv_and_returns,15,14,0.002983570098876953,1789048223.8546865
time/cal_adv_and_returns,16,15,0.0038721561431884766,1789048523.8305223
time/cal_adv_and_returns,17,16,0.002842426300048828,1789048825.564343
time/cal_adv_and_returns,18,17,0.003600597381591797,1789049128.7405443
time/cal_adv_and_returns,19,18,0.0031957626342773438,1789049426.1639917
time/cal_adv_and_returns,20,19,0.003653287887573242,1789050040.6356897
time/cal_adv_and_returns,21,20,0.003983020782470703,1789050339.000082
time/cal_adv_and_returns,22,21,0.003560781478881836,1789050639.1315866
time/cal_adv_and_returns,23,22,0.0038900375366210938,1789050938.9421673
time/cal_adv_and_returns,24,23,0.0033979415893554688,1789051237.2555013
time/cal_adv_and_returns,25,24,0.003732442855834961,1789051822.1843672
time/cal_adv_and_returns,26,25,0.0037157535552978516,1789052119.1357267
time/cal_adv_and_returns,27,26,0.003640413284301758,1789052420.7508488
time/cal_adv_and_returns,28,27,0.0037941932678222656,1789052718.9034362
time/cal_adv_and_returns,29,28,0.003103971481323242,1789053019.8337038
time/cal_adv_and_returns,30,29,0.003851652145385742,1789053666.1414979
time/cal_adv_and_returns,31,30,0.003283262252807617,1789053965.731482
time/cal_adv_and_returns,32,31,0.0059661865234375,1789054272.896326
time/cal_adv_and_returns,33,32,0.005233287811279297,1789054574.8160958
time/cal_adv_and_returns,34,33,0.004019498825073242,1789054880.444228
time/cal_adv_and_returns,35,34,0.004125118255615234,1789055522.2080371
time/cal_adv_and_returns,36,35,0.00397181510925293,1789055825.4614055
time/cal_adv_and_returns,37,36,0.008974552154541016,1789056134.3395088
time/cal_adv_and_returns,38,37,0.006191253662109375,1789056444.824262
time/cal_adv_and_returns,39,38,0.00517582893371582,1789056750.7794003
time/cal_adv_and_returns,40,39,0.008566856384277344,1789057409.7174623
time/cal_adv_and_returns,41,40,0.005902767181396484,1789057711.7547655
time/cal_adv_and_returns,42,41,0.008096933364868164,1789058024.7894046
time/cal_adv_and_returns,43,42,0.00696563720703125,1789058341.4078472
time/cal_adv_and_returns,44,43,0.006846189498901367,1789058649.0192213
time/cal_adv_and_returns,45,44,0.006302595138549805,1789059280.9247632
time/cal_adv_and_returns,46,45,0.0078125,1789059601.6843874
time/cal_adv_and_returns,47,46,0.0072956085205078125,1789059922.6250758
time/cal_adv_and_returns,48,47,0.0080413818359375,1789060237.791223
time/cal_adv_and_returns,49,48,0.008651256561279297,1789060545.8376098
time/cal_adv_and_returns,50,49,0.008554697036743164,1789061201.5791435
time/cal_adv_and_returns,51,50,0.004507303237915039,1789061498.6639113
time/cal_adv_and_returns,52,51,0.008739471435546875,1789061816.3535955
time/cal_adv_and_returns,53,52,0.00673985481262207,1789062122.5371377
time/cal_adv_and_returns,54,53,0.0075719356536865234,1789062426.5431807
time/cal_adv_and_returns,55,54,0.006362199783325195,1789063070.2829835
time/cal_adv_and_returns,56,55,0.006421566009521484,1789063386.8753314
time/cal_adv_and_returns,57,56,0.008284807205200195,1789063703.4988515
time/cal_adv_and_returns,58,57,0.006768226623535156,1789064008.9437232
time/cal_adv_and_returns,59,58,0.007443904876708984,1789064327.4678764
time/cal_adv_and_returns,60,59,0.008056879043579102,1789064954.151248
time/cal_adv_and_returns,61,60,0.007070302963256836,1789065252.592371
time/cal_adv_and_returns,62,61,0.0066187381744384766,1789065550.4174013
time/cal_adv_and_returns,63,62,0.004631519317626953,1789065855.0291474
time/cal_adv_and_returns,64,63,0.006003618240356445,1789066158.5592666
time/cal_adv_and_returns,65,64,0.008604049682617188,1789066738.9884577
time/cal_adv_and_returns,66,65,0.006089448928833008,1789067040.7048936
time/cal_adv_and_returns,67,66,0.006654977798461914,1789067338.9060364
time/cal_adv_and_returns,68,67,0.0053882598876953125,1789067639.9824576
time/cal_adv_and_returns,69,68,0.005116462707519531,1789067937.1744077
time/cal_adv_and_returns,70,69,0.0054018497467041016,1789068535.1733472
time/cal_adv_and_returns,71,70,0.0055179595947265625,1789068829.682931
time/cal_adv_and_returns,72,71,0.006101369857788086,1789069131.494912
time/cal_adv_and_returns,73,72,0.005634307861328125,1789069429.404855
time/cal_adv_and_returns,74,73,0.006312370300292969,1789069726.5986063
time/cal_adv_and_returns,75,74,0.005869388580322266,1789070303.1345158
time/cal_adv_and_returns,76,75,0.006184577941894531,1789070600.9359484
time/cal_adv_and_returns,77,76,0.005896806716918945,1789070899.9780176
time/cal_adv_and_returns,78,77,0.006227254867553711,1789071195.4598792
time/cal_adv_and_returns,79,78,0.006227254867553711,1789071493.8870296
time/cal_adv_and_returns,80,79,0.005411863327026367,1789072100.4277859
time/cal_adv_and_returns,81,80,0.005442619323730469,1789072396.0048506
time/cal_adv_and_returns,82,81,0.005555629730224609,1789072694.2748125
time/cal_adv_and_returns,83,82,0.006359577178955078,1789072990.9756804
time/cal_adv_and_returns,84,83,0.00654149055480957,1789073292.2107096
time/cal_adv_and_returns,85,84,0.005045413970947266,1789073865.0230958
time/cal_adv_and_returns,86,85,0.005641937255859375,1789074165.7445593
time/cal_adv_and_returns,87,86,0.0051708221435546875,1789074465.8998406
time/cal_adv_and_returns,88,87,0.005161285400390625,1789074766.6798275
time/cal_adv_and_returns,89,88,0.00893855094909668,1789075065.6199284
time/cal_adv_and_returns,90,89,0.008724689483642578,1789075674.5151925
time/cal_adv_and_returns,91,90,0.005263090133666992,1789075974.531448
time/cal_adv_and_returns,92,91,0.004417896270751953,1789076285.4839344
time/cal_adv_and_returns,93,92,0.0048711299896240234,1789076591.4025867
time/cal_adv_and_returns,94,93,0.004643678665161133,1789076892.6523402
time/cal_adv_and_returns,95,94,0.004983425140380859,1789077475.5635695
time/cal_adv_and_returns,96,95,0.0049610137939453125,1789077780.9195032
time/cal_adv_and_returns,97,96,0.0043909549713134766,1789078088.6450362
time/cal_adv_and_returns,98,97,0.004635810852050781,1789078397.4095755
time/cal_adv_and_returns,99,98,0.005206108093261719,1789078708.8020496
time/cal_adv_and_returns,100,99,0.006793975830078125,1789079323.7429976
time/actor_training,1,0,221.6529998779297,1789042971.7967577
time/actor_training,2,1,222.22039794921875,1789043289.3759706
time/actor_training,3,2,221.5207061767578,1789043596.1755114
time/actor_training,4,3,223.71798706054688,1789043916.2417195
time/actor_training,5,4,221.9317169189453,1789044572.5114424
time/actor_training,6,5,221.52386474609375,1789044887.0643501
time/actor_training,7,6,221.2745819091797,1789045194.397089
time/actor_training,8,7,222.88345336914062,1789045504.0034018
time/actor_training,9,8,221.62318420410156,1789045808.4021559
time/actor_training,10,9,222.34182739257812,1789046433.8827784
time/actor_training,11,10,221.6658477783203,1789046731.5881515
time/actor_training,12,11,222.93582153320312,1789047034.3248234
time/actor_training,13,12,222.50474548339844,1789047335.9003322
time/actor_training,14,13,222.4761199951172,1789047636.443008
time/actor_training,15,14,222.391357421875,1789048223.854692
time/actor_training,16,15,222.55894470214844,1789048523.8305304
time/actor_training,17,16,221.82289123535156,1789048825.56435
time/actor_training,18,17,222.6707000732422,1789049128.740551
time/actor_training,19,18,222.49990844726562,1789049426.1639984
time/actor_training,20,19,222.54306030273438,1789050040.6357002
time/actor_training,21,20,222.17774963378906,1789050339.000088
time/actor_training,22,21,222.0803680419922,1789050639.1315947
time/actor_training,23,22,222.68292236328125,1789050938.9421778
time/actor_training,24,23,222.2257843017578,1789051237.255507
time/actor_training,25,24,222.38327026367188,1789051822.184382
time/actor_training,26,25,222.35888671875,1789052119.1357336
time/actor_training,27,26,222.90269470214844,1789052420.7508578
time/actor_training,28,27,221.93600463867188,1789052718.9034429
time/actor_training,29,28,222.01773071289062,1789053019.8337102
time/actor_training,30,29,222.77146911621094,1789053666.1415074
time/actor_training,31,30,222.83087158203125,1789053965.731488
time/actor_training,32,31,223.7185821533203,1789054272.8963323
time/actor_training,33,32,222.69573974609375,1789054574.816107
time/actor_training,34,33,223.32846069335938,1789054880.4442437
time/actor_training,35,34,226.20079040527344,1789055522.208049
time/actor_training,36,35,223.2211456298828,1789055825.461412
time/actor_training,37,36,225.0003204345703,1789056134.3395154
time/actor_training,38,37,226.1905517578125,1789056444.8242664
time/actor_training,39,38,226.49734497070312,1789056750.7794065
time/actor_training,40,39,228.18162536621094,1789057409.7174723
time/actor_training,41,40,223.09771728515625,1789057711.7547836
time/actor_training,42,41,225.73651123046875,1789058024.789411
time/actor_training,43,42,226.6113739013672,1789058341.407855
time/actor_training,44,43,227.61953735351562,1789058649.0192292
time/actor_training,45,44,223.40696716308594,1789059280.924776
time/actor_training,46,45,224.51776123046875,1789059601.6843956
time/actor_training,47,46,225.37355041503906,1789059922.6250837
time/actor_training,48,47,224.2689971923828,1789060237.7912292
time/actor_training,49,48,224.14805603027344,1789060545.8376167
time/actor_training,50,49,223.6358184814453,1789061201.5791512
time/actor_training,51,50,222.55068969726562,1789061498.6639194
time/actor_training,52,51,224.84120178222656,1789061816.353601
time/actor_training,53,52,224.0580596923828,1789062122.5371437
time/actor_training,54,53,224.0036163330078,1789062426.543187
time/actor_training,55,54,227.68894958496094,1789063070.2829897
time/actor_training,56,55,223.86102294921875,1789063386.8753405
time/actor_training,57,56,225.172607421875,1789063703.4988647
time/actor_training,58,57,222.4607696533203,1789064008.9437296
time/actor_training,59,58,224.67147827148438,1789064327.467884
time/actor_training,60,59,232.3466339111328,1789064954.1512604
time/actor_training,61,60,225.10504150390625,1789065252.5923772
time/actor_training,62,61,222.5742645263672,1789065550.4174101
time/actor_training,63,62,225.12673950195312,1789065855.0291555
time/actor_training,64,63,226.8655548095703,1789066158.559273
time/actor_training,65,64,222.44198608398438,1789066738.9884675
time/actor_training,66,65,225.9202423095703,1789067040.704903
time/actor_training,67,66,225.38047790527344,1789067338.9060445
time/actor_training,68,67,226.3088836669922,1789067639.9824643
time/actor_training,69,68,222.57879638671875,1789067937.1744146
time/actor_training,70,69,222.76214599609375,1789068535.1733541
time/actor_training,71,70,222.20220947265625,1789068829.6829386
time/actor_training,72,71,225.65673828125,1789069131.4949162
time/actor_training,73,72,223.17457580566406,1789069429.404865
time/actor_training,74,73,222.96343994140625,1789069726.5986154
time/actor_training,75,74,223.09848022460938,1789070303.1345248
time/actor_training,76,75,223.0272216796875,1789070600.935953
time/actor_training,77,76,222.5380859375,1789070899.978024
time/actor_training,78,77,222.2197723388672,1789071195.4598882
time/actor_training,79,78,224.58578491210938,1789071493.8870373
time/actor_training,80,79,223.0139923095703,1789072100.4277916
time/actor_training,81,80,222.68112182617188,1789072396.0048668
time/actor_training,82,81,223.09402465820312,1789072694.2748203
time/actor_training,83,82,222.52752685546875,1789072990.9756851
time/actor_training,84,83,226.79249572753906,1789073292.2107162
time/actor_training,85,84,223.9033966064453,1789073865.0231185
time/actor_training,86,85,226.22686767578125,1789074165.744566
time/actor_training,87,86,225.08323669433594,1789074465.899847
time/actor_training,88,87,223.4336395263672,1789074766.679834
time/actor_training,89,88,222.95362854003906,1789075065.6199348
time/actor_training,90,89,226.29473876953125,1789075674.5151985
time/actor_training,91,90,228.76419067382812,1789075974.5314572
time/actor_training,92,91,235.27084350585938,1789076285.483944
time/actor_training,93,92,231.18333435058594,1789076591.4025977
time/actor_training,94,93,226.94140625,1789076892.6523492
time/actor_training,95,94,232.7815704345703,1789077475.56359
time/actor_training,96,95,233.10536193847656,1789077780.919509
time/actor_training,97,96,230.4202880859375,1789078088.6450448
time/actor_training,98,97,232.4281768798828,1789078397.4095814
time/actor_training,99,98,235.14442443847656,1789078708.8020554
time/actor_training,100,99,233.63417053222656,1789079323.743007
time/step,1,0,322.05267333984375,1789042971.7967694
time/step,2,1,317.5493469238281,1789043289.3759787
time/step,3,2,306.779052734375,1789043596.1755195
time/step,4,3,320.03863525390625,1789043916.2417262
time/step,5,4,656.238037109375,1789044572.5114565
time/step,6,5,314.524169921875,1789044887.064359
time/step,7,6,307.3100280761719,1789045194.397097
time/step,8,7,309.577392578125,1789045504.0034087
time/step,9,8,304.36669921875,1789045808.4021676
time/step,10,9,625.4625244140625,1789046433.8827991
time/step,11,10,297.67999267578125,1789046731.5881593
time/step,12,11,302.71258544921875,1789047034.3248293
time/step,13,12,301.5497131347656,1789047335.900341
time/step,14,13,300.5138244628906,1789047636.4430144
time/step,15,14,587.38916015625,1789048223.8547046
time/step,16,15,299.9525146484375,1789048523.830538
time/step,17,16,301.7148132324219,1789048825.5643563
time/step,18,17,303.1551513671875,1789049128.7405572
time/step,19,18,297.4053649902344,1789049426.1640065
time/step,20,19,614.45263671875,1789050040.6357212
time/step,21,20,298.3414611816406,1789050339.0000937
time/step,22,21,300.1087646484375,1789050639.1316032
time/step,23,22,299.7881774902344,1789050938.9421883
time/step,24,23,298.29376220703125,1789051237.2555134
time/step,25,24,584.9041137695312,1789051822.1844056
time/step,26,25,296.9281311035156,1789052119.1357405
time/step,27,26,301.5867004394531,1789052420.7508667
time/step,28,27,298.1252136230469,1789052718.9034493
time/step,29,28,300.90679931640625,1789053019.8337162
time/step,30,29,646.2880249023438,1789053666.1415267
time/step,31,30,299.5709228515625,1789053965.731494
time/step,32,31,307.1427001953125,1789054272.8963387
time/step,33,32,301.8975524902344,1789054574.8161182
time/step,34,33,305.60308837890625,1789054880.4442515
time/step,35,34,641.7394409179688,1789055522.2080722
time/step,36,35,303.2321472167969,1789055825.4614182
time/step,37,36,308.85601806640625,1789056134.3395226
time/step,38,37,310.4578857421875,1789056444.8242714
time/step,39,38,305.92608642578125,1789056750.7794127
time/step,40,39,658.9173583984375,1789057409.7174935
time/step,41,40,302.01055908203125,1789057711.7548006
time/step,42,41,313.0117492675781,1789058024.7894175
time/step,43,42,316.591796875,1789058341.4078636
time/step,44,43,307.58154296875,1789058649.0192373
time/step,45,44,631.86474609375,1789059280.9248035
time/step,46,45,320.7250671386719,1789059601.684404
time/step,47,46,320.90985107421875,1789059922.625094
time/step,48,47,315.1329040527344,1789060237.791236
time/step,49,48,308.0206298828125,1789060545.837623
time/step,50,49,655.7202758789062,1789061201.5791686
time/step,51,50,297.06512451171875,1789061498.6639273
time/step,52,51,317.66937255859375,1789061816.3536074
time/step,53,52,306.1580810546875,1789062122.53715
time/step,54,53,303.9869384765625,1789062426.543193
time/step,55,54,643.7164306640625,1789063070.283002
time/step,56,55,316.56658935546875,1789063386.8753505
time/step,57,56,316.59393310546875,1789063703.4988778
time/step,58,57,305.414794921875,1789064008.943736
time/step,59,58,318.4969787597656,1789064327.4678922
time/step,60,59,626.65966796875,1789064954.1512837
time/step,61,60,298.42010498046875,1789065252.5923843
time/step,62,61,297.8019714355469,1789065550.417419
time/step,63,62,304.59197998046875,1789065855.0291638
time/step,64,63,303.5072021484375,1789066158.5592797
time/step,65,64,580.3972778320312,1789066738.9884882
time/step,66,65,301.6853332519531,1789067040.7049122
time/step,67,66,298.1768493652344,1789067338.9060535
time/step,68,67,301.05426025390625,1789067639.9824715
time/step,69,68,297.1635437011719,1789067937.174421
time/step,70,69,597.978759765625,1789068535.1733682
time/step,71,70,294.48974609375,1789068829.6829464
time/step,72,71,301.791748046875,1789069131.4949205
time/step,73,72,297.88140869140625,1789069429.4048746
time/step,74,73,297.171875,1789069726.5986245
time/step,75,74,576.5074462890625,1789070303.1345446
time/step,76,75,297.7763977050781,1789070600.9359584
time/step,77,76,299.0222473144531,1789070899.9780307
time/step,78,77,295.4627685546875,1789071195.4598944
time/step,79,78,298.40594482421875,1789071493.8870454
time/step,80,79,606.5208129882812,1789072100.427803
time/step,81,80,295.555908203125,1789072396.0048802
time/step,82,81,298.2467346191406,1789072694.274828
time/step,83,82,296.6783447265625,1789072990.9756901
time/step,84,83,301.21484375,1789073292.210723
time/step,85,84,572.7825317382812,1789073865.0231614
time/step,86,85,300.6977844238281,1789074165.7445726
time/step,87,86,300.134765625,1789074465.899853
time/step,88,87,300.7600402832031,1789074766.67984
time/step,89,88,298.9181823730469,1789075065.619942
time/step,90,89,608.8729248046875,1789075674.515211
time/step,91,90,299.9913330078125,1789075974.5314686
time/step,92,91,310.9273681640625,1789076285.4839532
time/step,93,92,305.8970947265625,1789076591.4026089
time/step,94,93,301.22894287109375,1789076892.652358
time/step,95,94,582.885986328125,1789077475.5636344
time/step,96,95,305.3302917480469,1789077780.9195151
time/step,97,96,307.7030334472656,1789078088.645053
time/step,98,97,308.7437438964844,1789078397.4095876
time/step,99,98,311.36944580078125,1789078708.8020616
time/step,100,99,614.921142578125,1789079323.7430272
time/env/env/bootstrap_step,1,0,62.64781188964844,1789042971.7967806
time/env/env/bootstrap_step,2,1,61.6844596862793,1789043289.3759875
time/env/env/bootstrap_step,3,2,54.01849365234375,1789043596.1755288
time/env/env/bootstrap_step,4,3,61.294464111328125,1789043916.241733
time/env/env/bootstrap_step,5,4,55.856815338134766,1789044572.5121257
time/env/env/bootstrap_step,6,5,63.38351058959961,1789044887.064369
time/env/env/bootstrap_step,7,6,55.42091751098633,1789045194.3971045
time/env/env/bootstrap_step,8,7,56.68354415893555,1789045504.0034156
time/env/env/bootstrap_step,9,8,52.534366607666016,1789045808.402179
time/env/env/bootstrap_step,10,9,53.2123908996582,1789046433.8834143
time/env/env/bootstrap_step,11,10,49.9565544128418,1789046731.5881667
time/env/env/bootstrap_step,12,11,49.855506896972656,1789047034.3248363
time/env/env/bootstrap_step,13,12,49.598575592041016,1789047335.9003515
time/env/env/bootstrap_step,14,13,48.95286178588867,1789047636.4430213
time/env/env/bootstrap_step,15,14,48.33906173706055,1789048223.855
time/env/env/bootstrap_step,16,15,52.36167907714844,1789048523.830546
time/env/env/bootstrap_step,17,16,50.44222640991211,1789048825.564364
time/env/env/bootstrap_step,18,17,48.92568588256836,1789049128.740564
time/env/env/bootstrap_step,19,18,46.6627197265625,1789049426.1640134
time/env/env/bootstrap_step,20,19,48.391632080078125,1789050040.636389
time/env/env/bootstrap_step,21,20,50.53836441040039,1789050339.0001004
time/env/env/bootstrap_step,22,21,49.517616271972656,1789050639.1316128
time/env/env/bootstrap_step,23,22,47.640098571777344,1789050938.9421997
time/env/env/bootstrap_step,24,23,47.07862091064453,1789051237.2555213
time/env/env/bootstrap_step,25,24,47.399383544921875,1789051822.1849005
time/env/env/bootstrap_step,26,25,49.490455627441406,1789052119.1357477
time/env/env/bootstrap_step,27,26,50.28187561035156,1789052420.7508767
time/env/env/bootstrap_step,28,27,47.59231948852539,1789052718.9034562
time/env/env/bootstrap_step,29,28,48.44261932373047,1789053019.833723
time/env/env/bootstrap_step,30,29,49.72999954223633,1789053666.141859
time/env/env/bootstrap_step,31,30,51.98396301269531,1789053965.7315009
time/env/env/bootstrap_step,32,31,49.872615814208984,1789054272.8963456
time/env/env/bootstrap_step,33,32,49.88456344604492,1789054574.816131
time/env/env/bootstrap_step,34,33,52.748680114746094,1789054880.44426
time/env/env/bootstrap_step,35,34,49.86951446533203,1789055522.2083356
time/env/env/bootstrap_step,36,35,53.36221694946289,1789055825.4614248
time/env/env/bootstrap_step,37,36,52.50688171386719,1789056134.3395302
time/env/env/bootstrap_step,38,37,51.4650764465332,1789056444.8242767
time/env/env/bootstrap_step,39,38,50.74693298339844,1789056750.7794197
time/env/env/bootstrap_step,40,39,49.68978500366211,1789057409.7181284
time/env/env/bootstrap_step,41,40,52.00990676879883,1789057711.7548232
time/env/env/bootstrap_step,42,41,54.58114242553711,1789058024.7894256
time/env/env/bootstrap_step,43,42,55.35068130493164,1789058341.4078717
time/env/env/bootstrap_step,44,43,49.63519287109375,1789058649.0192459
time/env/env/bootstrap_step,45,44,49.05082702636719,1789059280.925543
time/env/env/bootstrap_step,46,45,66.5178451538086,1789059601.6844134
time/env/env/bootstrap_step,47,46,61.63388442993164,1789059922.6251023
time/env/env/bootstrap_step,48,47,56.79874038696289,1789060237.7912428
time/env/env/bootstrap_step,49,48,51.95322799682617,1789060545.83763
time/env/env/bootstrap_step,50,49,50.00833511352539,1789061201.5797744
time/env/env/bootstrap_step,51,50,48.76385498046875,1789061498.6639361
time/env/env/bootstrap_step,52,51,59.786476135253906,1789061816.353614
time/env/env/bootstrap_step,53,52,52.271148681640625,1789062122.5371568
time/env/env/bootstrap_step,54,53,49.16823196411133,1789062426.5431998
time/env/env/bootstrap_step,55,54,53.9455680847168,1789063070.2835817
time/env/env/bootstrap_step,56,55,61.36811065673828,1789063386.8753612
time/env/env/bootstrap_step,57,56,57.370811462402344,1789063703.4988906
time/env/env/bootstrap_step,58,57,54.35331344604492,1789064008.943744
time/env/env/bootstrap_step,59,58,60.28422546386719,1789064327.467901
time/env/env/bootstrap_step,60,59,57.533416748046875,1789064954.1518915
time/env/env/bootstrap_step,61,60,48.94438934326172,1789065252.5923913
time/env/env/bootstrap_step,62,61,46.822540283203125,1789065550.4174292
time/env/env/bootstrap_step,63,62,51.283687591552734,1789065855.0291736
time/env/env/bootstrap_step,64,63,48.369075775146484,1789066158.5592895
time/env/env/bootstrap_step,65,64,48.0827751159668,1789066738.989204
time/env/env/bootstrap_step,66,65,49.83870315551758,1789067040.704922
time/env/env/bootstrap_step,67,66,45.46177673339844,1789067338.9060633
time/env/env/bootstrap_step,68,67,46.9006233215332,1789067639.9824789
time/env/env/bootstrap_step,69,68,46.884925842285156,1789067937.1744292
time/env/env/bootstrap_step,70,69,48.0539436340332,1789068535.1740384
time/env/env/bootstrap_step,71,70,48.114906311035156,1789068829.682956
time/env/env/bootstrap_step,72,71,46.84816360473633,1789069131.494926
time/env/env/bootstrap_step,73,72,47.254425048828125,1789069429.4048874
time/env/env/bootstrap_step,74,73,47.017574310302734,1789069726.598635
time/env/env/bootstrap_step,75,74,47.00689697265625,1789070303.1351733
time/env/env/bootstrap_step,76,75,50.98173141479492,1789070600.9359639
time/env/env/bootstrap_step,77,76,47.38408660888672,1789070899.9780378
time/env/env/bootstrap_step,78,77,45.31904220581055,1789071195.4599013
time/env/env/bootstrap_step,79,78,45.820735931396484,1789071493.887055
time/env/env/bootstrap_step,80,79,46.10776901245117,1789072100.4284308
time/env/env/bootstrap_step,81,80,47.59242630004883,1789072396.0048919
time/env/env/bootstrap_step,82,81,48.043739318847656,1789072694.2748368
time/env/env/bootstrap_step,83,82,46.069488525390625,1789072990.9756954
time/env/env/bootstrap_step,84,83,46.677101135253906,1789073292.2107303
time/env/env/bootstrap_step,85,84,46.90822982788086,1789073865.0240057
time/env/env/bootstrap_step,86,85,49.25757598876953,1789074165.7445798
time/env/env/bootstrap_step,87,86,47.2158317565918,1789074465.8998606
time/env/env/bootstrap_step,88,87,49.645877838134766,1789074766.6798477
time/env/env/bootstrap_step,89,88,47.93557357788086,1789075065.6199493
time/env/env/bootstrap_step,90,89,46.564788818359375,1789075674.5158439
time/env/env/bootstrap_step,91,90,46.816932678222656,1789075974.5314798
time/env/env/bootstrap_step,92,91,48.36735153198242,1789076285.483964
time/env/env/bootstrap_step,93,92,46.415977478027344,1789076591.4026215
time/env/env/bootstrap_step,94,93,45.726131439208984,1789076892.6523676
time/env/env/bootstrap_step,95,94,48.001258850097656,1789077475.5643253
time/env/env/bootstrap_step,96,95,47.902034759521484,1789077780.919522
time/env/env/bootstrap_step,97,96,47.63197708129883,1789078088.645062
time/env/env/bootstrap_step,98,97,47.69314193725586,1789078397.4095948
time/env/env/bootstrap_step,99,98,48.979888916015625,1789078708.8020685
time/env/env/bootstrap_step,100,99,46.09828567504883,1789079323.743621
time/env/compute_bootstrap_rewards,1,0,0.0004232313949614763,1789042971.7979145
time/env/compute_bootstrap_rewards,2,1,0.000326287467032671,1789043289.3762681
time/env/compute_bootstrap_rewards,3,2,0.00042604212649166584,1789043596.176442
time/env/compute_bootstrap_rewards,4,3,0.00043575908057391644,1789043916.242382
time/env/compute_bootstrap_rewards,5,4,0.000348398694768548,1789044572.5121331
time/env/compute_bootstrap_rewards,6,5,0.00033971224911510944,1789044887.0652988
time/env/compute_bootstrap_rewards,7,6,0.0003339499235153198,1789045194.3980403
time/env/compute_bootstrap_rewards,8,7,0.0003888159990310669,1789045504.0043538
time/env/compute_bootstrap_rewards,9,8,0.000320598715916276,1789045808.4030778
time/env/compute_bootstrap_rewards,10,9,0.00032878038473427296,1789046433.8834267
time/env/compute_bootstrap_rewards,11,10,0.00037641730159521103,1789046731.589112
time/env/compute_bootstrap_rewards,12,11,0.00032300897873938084,1789047034.3256052
time/env/compute_bootstrap_rewards,13,12,0.0004132622852921486,1789047335.9012804
time/env/compute_bootstrap_rewards,14,13,0.00032125087454915047,1789047636.4439554
time/env/compute_bootstrap_rewards,15,14,0.00028239190578460693,1789048223.8550076
time/env/compute_bootstrap_rewards,16,15,0.0002527697943150997,1789048523.8314505
time/env/compute_bootstrap_rewards,17,16,0.00036003696732223034,1789048825.5652928
time/env/compute_bootstrap_rewards,18,17,0.0002397177740931511,1789049128.741482
time/env/compute_bootstrap_rewards,19,18,0.00033948197960853577,1789049426.1649756
time/env/compute_bootstrap_rewards,20,19,0.00029267999343574047,1789050040.6363957
time/env/compute_bootstrap_rewards,21,20,0.00029059615917503834,1789050339.0009909
time/env/compute_bootstrap_rewards,22,21,0.0002405268605798483,1789050639.1324744
time/env/compute_bootstrap_rewards,23,22,0.00037421006709337234,1789050938.9431288
time/env/compute_bootstrap_rewards,24,23,0.00031678774394094944,1789051237.2564692
time/env/compute_bootstrap_rewards,25,24,0.00029200688004493713,1789051822.1849124
time/env/compute_bootstrap_rewards,26,25,0.0003360703121870756,1789052119.136638
time/env/compute_bootstrap_rewards,27,26,0.00028802850283682346,1789052420.7513516
time/env/compute_bootstrap_rewards,28,27,0.0002660092432051897,1789052718.9043868
time/env/compute_bootstrap_rewards,29,28,0.00034017814323306084,1789053019.8346117
time/env/compute_bootstrap_rewards,30,29,0.0003364384174346924,1789053666.1418698
time/env/compute_bootstrap_rewards,31,30,0.0002647433429956436,1789053965.7320907
time/env/compute_bootstrap_rewards,32,31,0.0004864248912781477,1789054272.896786
time/env/compute_bootstrap_rewards,33,32,0.0003240189980715513,1789054574.8170452
time/env/compute_bootstrap_rewards,34,33,0.000302629079669714,1789054880.4447424
time/env/compute_bootstrap_rewards,35,34,0.0003562299534678459,1789055522.2083478
time/env/compute_bootstrap_rewards,36,35,0.00024127215147018433,1789055825.4622664
time/env/compute_bootstrap_rewards,37,36,0.0002707450184971094,1789056134.3404784
time/env/compute_bootstrap_rewards,38,37,0.0002832829486578703,1789056444.825183
time/env/compute_bootstrap_rewards,39,38,0.00017649121582508087,1789056750.7800937
time/env/compute_bootstrap_rewards,40,39,0.00025893072597682476,1789057409.7181401
time/env/compute_bootstrap_rewards,41,40,0.00028673186898231506,1789057711.7551877
time/env/compute_bootstrap_rewards,42,41,0.0003165281377732754,1789058024.7901075
time/env/compute_bootstrap_rewards,43,42,0.00036035291850566864,1789058341.4082322
time/env/compute_bootstrap_rewards,44,43,0.000349563080817461,1789058649.0201893
time/env/compute_bootstrap_rewards,45,44,0.0002473799977451563,1789059280.9255805
time/env/compute_bootstrap_rewards,46,45,0.0004252307116985321,1789059601.6854854
time/env/compute_bootstrap_rewards,47,46,0.0003939913585782051,1789059922.626181
time/env/compute_bootstrap_rewards,48,47,0.0006398574914783239,1789060237.7919862
time/env/compute_bootstrap_rewards,49,48,0.0003792399074882269,1789060545.8385375
time/env/compute_bootstrap_rewards,50,49,0.000334734795615077,1789061201.5797832
time/env/compute_bootstrap_rewards,51,50,0.00035303481854498386,1789061498.66489
time/env/compute_bootstrap_rewards,52,51,0.00037734280340373516,1789061816.354553
time/env/compute_bootstrap_rewards,53,52,0.00026421411894261837,1789062122.5379627
time/env/compute_bootstrap_rewards,54,53,0.00027732085436582565,1789062426.5435843
time/env/compute_bootstrap_rewards,55,54,0.0003442231100052595,1789063070.2835891
time/env/compute_bootstrap_rewards,56,55,0.0002961887512356043,1789063386.8756065
time/env/compute_bootstrap_rewards,57,56,0.0003414892125874758,1789063703.500028
time/env/compute_bootstrap_rewards,58,57,0.0003299370873719454,1789064008.94466
time/env/compute_bootstrap_rewards,59,58,0.0002534892410039902,1789064327.4688697
time/env/compute_bootstrap_rewards,60,59,0.0003441029693931341,1789064954.1519065
time/env/compute_bootstrap_rewards,61,60,0.000218705041334033,1789065252.5933044
time/env/compute_bootstrap_rewards,62,61,0.0002306085079908371,1789065550.4182804
time/env/compute_bootstrap_rewards,63,62,0.00034588598646223545,1789065855.0295165
time/env/compute_bootstrap_rewards,64,63,0.00029343925416469574,1789066158.5601888
time/env/compute_bootstrap_rewards,65,64,0.00021634995937347412,1789066738.9892125
time/env/compute_bootstrap_rewards,66,65,0.00023765582591295242,1789067040.706092
time/env/compute_bootstrap_rewards,67,66,0.0002624064218252897,1789067338.9068835
time/env/compute_bootstrap_rewards,68,67,0.00022375630214810371,1789067639.9833877
time/env/compute_bootstrap_rewards,69,68,0.0002557274419814348,1789067937.1752734
time/env/compute_bootstrap_rewards,70,69,0.0002656124997884035,1789068535.1740468
time/env/compute_bootstrap_rewards,71,70,0.000263923779129982,1789068829.6838274
time/env/compute_bootstrap_rewards,72,71,0.00029565137811005116,1789069131.4957833
time/env/compute_bootstrap_rewards,73,72,0.00036960095167160034,1789069429.405754
time/env/compute_bootstrap_rewards,74,73,0.00034817028790712357,1789069726.5993056
time/env/compute_bootstrap_rewards,75,74,0.00035947374999523163,1789070303.1351862
time/env/compute_bootstrap_rewards,76,75,0.00025635375641286373,1789070600.9369087
time/env/compute_bootstrap_rewards,77,76,0.0002421676181256771,1789070899.9784665
time/env/compute_bootstrap_rewards,78,77,0.00028140749782323837,1789071195.4606774
time/env/compute_bootstrap_rewards,79,78,0.0002691331319510937,1789071493.8878999
time/env/compute_bootstrap_rewards,80,79,0.0002566319890320301,1789072100.4284365
time/env/compute_bootstrap_rewards,81,80,0.00021424912847578526,1789072396.0058005
time/env/compute_bootstrap_rewards,82,81,0.00031874189153313637,1789072694.275149
time/env/compute_bootstrap_rewards,83,82,0.00031628552824258804,1789072990.976663
time/env/compute_bootstrap_rewards,84,83,0.00029873428866267204,1789073292.2116427
time/env/compute_bootstrap_rewards,85,84,0.00029419618658721447,1789073865.0240571
time/env/compute_bootstrap_rewards,86,85,0.0002319561317563057,1789074165.7450173
time/env/compute_bootstrap_rewards,87,86,0.00030597602017223835,1789074465.9003983
time/env/compute_bootstrap_rewards,88,87,0.0002895698416978121,1789074766.680772
time/env/compute_bootstrap_rewards,89,88,0.0003111329860985279,1789075065.6207736
time/env/compute_bootstrap_rewards,90,89,0.00034622824750840664,1789075674.5158508
time/env/compute_bootstrap_rewards,91,90,0.00028982991352677345,1789075974.5323744
time/env/compute_bootstrap_rewards,92,91,0.0002614925615489483,1789076285.4847703
time/env/compute_bootstrap_rewards,93,92,0.00039575761184096336,1789076591.4035149
time/env/compute_bootstrap_rewards,94,93,0.0003255563788115978,1789076892.6533022
time/env/compute_bootstrap_rewards,95,94,0.00017705908976495266,1789077475.5643377
time/env/compute_bootstrap_rewards,96,95,0.00026281317695975304,1789077780.9205844
time/env/compute_bootstrap_rewards,97,96,0.00027336995117366314,1789078088.6458242
time/env/compute_bootstrap_rewards,98,97,0.00032799807377159595,1789078397.4106274
time/env/compute_bootstrap_rewards,99,98,0.0002331961877644062,1789078708.8031073
time/env/compute_bootstrap_rewards,100,99,0.00027886591851711273,1789079323.743632
time/env/env_interact_step,1,0,22.170921325683594,1789042971.797939
time/env/env_interact_step,2,1,21.390933990478516,1789043289.376277
time/env/env_interact_step,3,2,20.828338623046875,1789043596.176451
time/env/env_interact_step,4,3,22.605323791503906,1789043916.2423894
time/env/env_interact_step,5,4,22.160383224487305,1789044572.5121393
time/env/env_interact_step,6,5,22.46800422668457,1789044887.065307
time/env/env_interact_step,7,6,20.85953140258789,1789045194.3980472
time/env/env_interact_step,8,7,20.28354835510254,1789045504.0043614
time/env/env_interact_step,9,8,19.21415901184082,1789045808.4030895
time/env/env_interact_step,10,9,21.417573928833008,1789046433.883436
time/env/env_interact_step,11,10,20.304794311523438,1789046731.5891235
time/env/env_interact_step,12,11,20.057880401611328,1789047034.325612
time/env/env_interact_step,13,12,19.40921401977539,1789047335.901291
time/env/env_interact_step,14,13,19.36662483215332,1789047636.4439626
time/env/env_interact_step,15,14,19.968364715576172,1789048223.8550138
time/env/env_interact_step,16,15,18.266624450683594,1789048523.8314593
time/env/env_interact_step,17,16,19.661487579345703,1789048825.5653005
time/env/env_interact_step,18,17,21.662477493286133,1789049128.7414887
time/env/env_interact_step,19,18,18.391286849975586,1789049426.1649833
time/env/env_interact_step,20,19,19.0039005279541,1789050040.6364017
time/env/env_interact_step,21,20,19.459808349609375,1789050339.0009975
time/env/env_interact_step,22,21,19.085786819458008,1789050639.1324813
time/env/env_interact_step,23,22,19.875762939453125,1789050938.9431403
time/env/env_interact_step,24,23,19.176734924316406,1789051237.2564762
time/env/env_interact_step,25,24,19.847854614257812,1789051822.184923
time/env/env_interact_step,26,25,18.010286331176758,1789052119.1366453
time/env/env_interact_step,27,26,18.581928253173828,1789052420.7513607
time/env/env_interact_step,28,27,18.730281829833984,1789052718.904395
time/env/env_interact_step,29,28,20.1178035736084,1789053019.834618
time/env/env_interact_step,30,29,20.574460983276367,1789053666.1418822
time/env/env_interact_step,31,30,18.744796752929688,1789053965.7320976
time/env/env_interact_step,32,31,21.664608001708984,1789054272.8967927
time/env/env_interact_step,33,32,19.57210922241211,1789054574.817059
time/env/env_interact_step,34,33,20.277463912963867,1789054880.4447503
time/env/env_interact_step,35,34,19.4200382232666,1789055522.2083592
time/env/env_interact_step,36,35,19.708669662475586,1789055825.4622731
time/env/env_interact_step,37,36,19.324878692626953,1789056134.3404884
time/env/env_interact_step,38,37,21.582050323486328,1789056444.8251884
time/env/env_interact_step,39,38,18.317928314208984,1789056750.780101
time/env/env_interact_step,40,39,20.262399673461914,1789057409.7181509
time/env/env_interact_step,41,40,20.003921508789062,1789057711.755206
time/env/env_interact_step,42,41,20.48965835571289,1789058024.7901149
time/env/env_interact_step,43,42,21.77104949951172,1789058341.4082468
time/env/env_interact_step,44,43,18.180818557739258,1789058649.0201974
time/env/env_interact_step,45,44,18.16362762451172,1789059280.9255996
time/env/env_interact_step,46,45,20.48461151123047,1789059601.6855025
time/env/env_interact_step,47,46,21.33469581604004,1789059922.626202
time/env/env_interact_step,48,47,21.16305160522461,1789060237.7919939
time/env/env_interact_step,49,48,19.606557846069336,1789060545.838546
time/env/env_interact_step,50,49,20.550649642944336,1789061201.579791
time/env/env_interact_step,51,50,19.446670532226562,1789061498.6648984
time/env/env_interact_step,52,51,20.589271545410156,1789061816.3545601
time/env/env_interact_step,53,52,19.327604293823242,1789062122.5379694
time/env/env_interact_step,54,53,18.958667755126953,1789062426.5435913
time/env/env_interact_step,55,54,21.618602752685547,1789063070.2835956
time/env/env_interact_step,56,55,21.81216049194336,1789063386.8756132
time/env/env_interact_step,57,56,21.410429000854492,1789063703.500059
time/env/env_interact_step,58,57,18.908876419067383,1789064008.944667
time/env/env_interact_step,59,58,20.890972137451172,1789064327.4688783
time/env/env_interact_step,60,59,20.123552322387695,1789064954.1519165
time/env/env_interact_step,61,60,18.552492141723633,1789065252.5933132
time/env/env_interact_step,62,61,18.838829040527344,1789065550.4182897
time/env/env_interact_step,63,62,18.536731719970703,1789065855.0295262
time/env/env_interact_step,64,63,18.361961364746094,1789066158.5601974
time/env/env_interact_step,65,64,17.89420509338379,1789066738.9892194
time/env/env_interact_step,66,65,19.180967330932617,1789067040.7061145
time/env/env_interact_step,67,66,17.67465591430664,1789067338.9068928
time/env/env_interact_step,68,67,18.449600219726562,1789067639.983395
time/env/env_interact_step,69,68,18.249269485473633,1789067937.1752806
time/env/env_interact_step,70,69,17.42313575744629,1789068535.1740549
time/env/env_interact_step,71,70,18.281354904174805,1789068829.6838362
time/env/env_interact_step,72,71,18.963930130004883,1789069131.4957898
time/env/env_interact_step,73,72,18.42315673828125,1789069429.4057777
time/env/env_interact_step,74,73,17.945613861083984,1789069726.599312
time/env/env_interact_step,75,74,19.171974182128906,1789070303.135196
time/env/env_interact_step,76,75,17.60350227355957,1789070600.9369144
time/env/env_interact_step,77,76,19.529483795166016,1789070899.9784732
time/env/env_interact_step,78,77,18.926984786987305,1789071195.460684
time/env/env_interact_step,79,78,18.64714813232422,1789071493.8879092
time/env/env_interact_step,80,79,17.96420669555664,1789072100.4284418
time/env/env_interact_step,81,80,19.211444854736328,1789072396.0058112
time/env/env_interact_step,82,81,17.922212600708008,1789072694.2751567
time/env/env_interact_step,83,82,18.3772029876709,1789072990.9766684
time/env/env_interact_step,84,83,18.35332489013672,1789073292.211649
time/env/env_interact_step,85,84,17.555130004882812,1789073865.024085
time/env/env_interact_step,86,85,18.75005531311035,1789074165.745025
time/env/env_interact_step,87,86,18.6816349029541,1789074465.9004052
time/env/env_interact_step,88,87,18.214218139648438,1789074766.680779
time/env/env_interact_step,89,88,18.641254425048828,1789075065.6207805
time/env/env_interact_step,90,89,17.768468856811523,1789075674.515857
time/env/env_interact_step,91,90,18.064790725708008,1789075974.532385
time/env/env_interact_step,92,91,17.783220291137695,1789076285.4847803
time/env/env_interact_step,93,92,18.02718734741211,1789076591.4035263
time/env/env_interact_step,94,93,18.485715866088867,1789076892.653312
time/env/env_interact_step,95,94,17.772619247436523,1789077475.5643466
time/env/env_interact_step,96,95,17.940044403076172,1789077780.9206405
time/env/env_interact_step,97,96,19.293527603149414,1789078088.6458328
time/env/env_interact_step,98,97,18.778854370117188,1789078397.4106433
time/env/env_interact_step,99,98,17.738906860351562,1789078708.8031142
time/env/env_interact_step,100,99,19.495996475219727,1789079323.7436433
time/env/run_interact_once,1,0,91.79216003417969,1789042971.797951
time/env/run_interact_once,2,1,84.9300537109375,1789043289.376284
time/env/run_interact_once,3,2,76.56764221191406,1789043596.1764593
time/env/run_interact_once,4,3,85.75606536865234,1789043916.2423952
time/env/run_interact_once,5,4,79.85874938964844,1789044572.512146
time/env/run_interact_once,6,5,87.56192016601562,1789044887.0653157
time/env/run_interact_once,7,6,77.8404541015625,1789045194.3980532
time/env/run_interact_once,8,7,78.4943618774414,1789045504.0043678
time/env/run_interact_once,9,8,73.25037384033203,1789045808.4030995
time/env/run_interact_once,10,9,76.1624526977539,1789046433.8834455
time/env/run_interact_once,11,10,71.61647033691406,1789046731.5891325
time/env/run_interact_once,12,11,71.4522705078125,1789047034.3256183
time/env/run_interact_once,13,12,70.43108367919922,1789047335.9013004
time/env/run_interact_once,14,13,69.80294799804688,1789047636.4439685
time/env/run_interact_once,15,14,69.80318450927734,1789048223.8550198
time/env/run_interact_once,16,15,72.13180541992188,1789048523.8314667
time/env/run_interact_once,17,16,71.5796890258789,1789048825.565307
time/env/run_interact_once,18,17,72.10639190673828,1789049128.741495
time/env/run_interact_once,19,18,66.54325103759766,1789049426.1649892
time/env/run_interact_once,20,19,68.89981079101562,1789050040.6364074
time/env/run_interact_once,21,20,71.4828109741211,1789050339.0010042
time/env/run_interact_once,22,21,70.08905029296875,1789050639.1324868
time/env/run_interact_once,23,22,69.03650665283203,1789050938.9431508
time/env/run_interact_once,24,23,67.71961975097656,1789051237.2564826
time/env/run_interact_once,25,24,68.67198181152344,1789051822.1849327
time/env/run_interact_once,26,25,68.96211242675781,1789052119.1366522
time/env/run_interact_once,27,26,70.37854766845703,1789052420.7513704
time/env/run_interact_once,28,27,67.82633972167969,1789052718.904402
time/env/run_interact_once,29,28,70.1531982421875,1789053019.834624
time/env/run_interact_once,30,29,71.99868774414062,1789053666.1418924
time/env/run_interact_once,31,30,72.25536346435547,1789053965.7321036
time/env/run_interact_once,32,31,73.3115463256836,1789054272.896799
time/env/run_interact_once,33,32,70.97425079345703,1789054574.8170724
time/env/run_interact_once,34,33,74.54888153076172,1789054880.444758
time/env/run_interact_once,35,34,70.88068389892578,1789055522.208371
time/env/run_interact_once,36,35,74.55694580078125,1789055825.46228
time/env/run_interact_once,37,36,73.51988220214844,1789056134.340498
time/env/run_interact_once,38,37,74.64896392822266,1789056444.8251932
time/env/run_interact_once,39,38,70.65149688720703,1789056750.7801073
time/env/run_interact_once,40,39,71.5612564086914,1789057409.7181606
time/env/run_interact_once,41,40,73.60155487060547,1789057711.7552226
time/env/run_interact_once,42,41,76.97335052490234,1789058024.7901216
time/env/run_interact_once,43,42,79.10346984863281,1789058341.4082544
time/env/run_interact_once,44,43,69.4521255493164,1789058649.020205
time/env/run_interact_once,45,44,68.80644989013672,1789059280.9256148
time/env/run_interact_once,46,45,88.94840240478516,1789059601.6855114
time/env/run_interact_once,47,46,84.94627380371094,1789059922.626213
time/env/run_interact_once,48,47,79.88510131835938,1789060237.792
time/env/run_interact_once,49,48,73.31549835205078,1789060545.8385525
time/env/run_interact_once,50,49,72.2566909790039,1789061201.5797985
time/env/run_interact_once,51,50,69.75639343261719,1789061498.6649063
time/env/run_interact_once,52,51,82.275390625,1789061816.3545663
time/env/run_interact_once,53,52,73.17874145507812,1789062122.5379753
time/env/run_interact_once,54,53,69.7174301147461,1789062426.5435972
time/env/run_interact_once,55,54,77.44286346435547,1789063070.2836018
time/env/run_interact_once,56,55,85.07921600341797,1789063386.8756194
time/env/run_interact_once,57,56,80.67082977294922,1789063703.5000763
time/env/run_interact_once,58,57,74.90767669677734,1789064008.9446733
time/env/run_interact_once,59,58,83.06134796142578,1789064327.4688864
time/env/run_interact_once,60,59,79.56419372558594,1789064954.151929
time/env/run_interact_once,61,60,68.9999771118164,1789065252.5933223
time/env/run_interact_once,62,61,67.18933868408203,1789065550.418298
time/env/run_interact_once,63,62,71.2975845336914,1789065855.0295339
time/env/run_interact_once,64,63,68.2409896850586,1789066158.560205
time/env/run_interact_once,65,64,67.49852752685547,1789066738.989228
time/env/run_interact_once,66,65,70.51448059082031,1789067040.7061272
time/env/run_interact_once,67,66,64.65491485595703,1789067338.906901
time/env/run_interact_once,68,67,66.85771942138672,1789067639.9834013
time/env/run_interact_once,69,68,66.6443099975586,1789067937.1752908
time/env/run_interact_once,70,69,66.9941177368164,1789068535.1740618
time/env/run_interact_once,71,70,67.89144134521484,1789068829.6838443
time/env/run_interact_once,72,71,67.3455810546875,1789069131.495794
time/env/run_interact_once,73,72,67.16522216796875,1789069429.4057899
time/env/run_interact_once,74,73,66.46050262451172,1789069726.5993178
time/env/run_interact_once,75,74,67.70463562011719,1789070303.1352053
time/env/run_interact_once,76,75,70.01420593261719,1789070600.9369195
time/env/run_interact_once,77,76,68.41179656982422,1789070899.9784791
time/env/run_interact_once,78,77,65.6903305053711,1789071195.4606907
time/env/run_interact_once,79,78,65.96095275878906,1789071493.8879175
time/env/run_interact_once,80,79,65.56703186035156,1789072100.4284468
time/env/run_interact_once,81,80,68.35518646240234,1789072396.005821
time/env/run_interact_once,82,81,67.4443588256836,1789072694.275164
time/env/run_interact_once,83,82,65.8968505859375,1789072990.9766734
time/env/run_interact_once,84,83,66.50282287597656,1789073292.2116559
time/env/run_interact_once,85,84,65.96479797363281,1789073865.0241063
time/env/run_interact_once,86,85,69.50498962402344,1789074165.745031
time/env/run_interact_once,87,86,67.25463104248047,1789074465.9004111
time/env/run_interact_once,88,87,69.36348724365234,1789074766.6807854
time/env/run_interact_once,89,88,68.12249755859375,1789075065.620787
time/env/run_interact_once,90,89,65.83965301513672,1789075674.5158625
time/env/run_interact_once,91,90,66.4013442993164,1789075974.5323935
time/env/run_interact_once,92,91,67.660888671875,1789076285.4847891
time/env/run_interact_once,93,92,65.94864654541016,1789076591.4035375
time/env/run_interact_once,94,93,65.69389343261719,1789076892.6533196
time/env/run_interact_once,95,94,67.25343322753906,1789077475.5643559
time/env/run_interact_once,96,95,67.28020477294922,1789077780.9206698
time/env/run_interact_once,97,96,68.45243835449219,1789078088.6458414
time/env/run_interact_once,98,97,67.97513580322266,1789078397.4106524
time/env/run_interact_once,99,98,68.18082427978516,1789078708.8031201
time/env/run_interact_once,100,99,67.04345703125,1789079323.743653
time/env/interact,1,0,91.7922592163086,1789042971.7979608
time/env/interact,2,1,84.9301528930664,1789043289.376291
time/env/interact,3,2,76.5677261352539,1789043596.1764677
time/env/interact,4,3,85.75614929199219,1789043916.2424014
time/env/interact,5,4,79.85885620117188,1789044572.5121524
time/env/interact,6,5,87.56199645996094,1789044887.065323
time/env/interact,7,6,77.84053039550781,1789045194.3980598
time/env/interact,8,7,78.4944076538086,1789045504.0043764
time/env/interact,9,8,73.2504653930664,1789045808.4031098
time/env/interact,10,9,76.16255950927734,1789046433.8834574
time/env/interact,11,10,71.61653137207031,1789046731.5891402
time/env/interact,12,11,71.45234680175781,1789047034.3256242
time/env/interact,13,12,70.4311294555664,1789047335.9013095
time/env/interact,14,13,69.80310821533203,1789047636.4439747
time/env/interact,15,14,69.80340576171875,1789048223.8550258
time/env/interact,16,15,72.13188171386719,1789048523.831474
time/env/interact,17,16,71.5797348022461,1789048825.5653133
time/env/interact,18,17,72.10643768310547,1789049128.7415009
time/env/interact,19,18,66.54329681396484,1789049426.1649954
time/env/interact,20,19,68.89985656738281,1789050040.6364126
time/env/interact,21,20,71.48286437988281,1789050339.0010116
time/env/interact,22,21,70.0891342163086,1789050639.1324928
time/env/interact,23,22,69.03657531738281,1789050938.9431627
time/env/interact,24,23,67.71966552734375,1789051237.2564888
time/env/interact,25,24,68.67205047607422,1789051822.1849422
time/env/interact,26,25,68.9621810913086,1789052119.1366584
time/env/interact,27,26,70.37862396240234,1789052420.7513793
time/env/interact,28,27,67.82640075683594,1789052718.9044082
time/env/interact,29,28,70.15327453613281,1789053019.8346305
time/env/interact,30,29,71.99873352050781,1789053666.1419024
time/env/interact,31,30,72.25541687011719,1789053965.7321098
time/env/interact,32,31,73.3116226196289,1789054272.8968048
time/env/interact,33,32,70.97431945800781,1789054574.8170843
time/env/interact,34,33,74.5489501953125,1789054880.444765
time/env/interact,35,34,70.8807373046875,1789055522.2083817
time/env/interact,36,35,74.5570068359375,1789055825.4622867
time/env/interact,37,36,73.51998138427734,1789056134.3405044
time/env/interact,38,37,74.64906311035156,1789056444.8251982
time/env/interact,39,38,70.65153503417969,1789056750.780114
time/env/interact,40,39,71.56133270263672,1789057409.718171
time/env/interact,41,40,73.60163879394531,1789057711.7552383
time/env/interact,42,41,76.97338104248047,1789058024.7901287
time/env/interact,43,42,79.10352325439453,1789058341.4082618
time/env/interact,44,43,69.45219421386719,1789058649.0202127
time/env/interact,45,44,68.80652618408203,1789059280.925628
time/env/interact,46,45,88.94857025146484,1789059601.6855185
time/env/interact,47,46,84.94635772705078,1789059922.6262226
time/env/interact,48,47,79.88518524169922,1789060237.7920058
time/env/interact,49,48,73.3155746459961,1789060545.838559
time/env/interact,50,49,72.25675201416016,1789061201.5798066
time/env/interact,51,50,69.75647735595703,1789061498.6649144
time/env/interact,52,51,82.27545166015625,1789061816.3545725
time/env/interact,53,52,73.17878723144531,1789062122.5379815
time/env/interact,54,53,69.71749114990234,1789062426.543604
time/env/interact,55,54,77.44290924072266,1789063070.2836077
time/env/interact,56,55,85.07928466796875,1789063386.875625
time/env/interact,57,56,80.67086791992188,1789063703.5000904
time/env/interact,58,57,74.90775299072266,1789064008.9446795
time/env/interact,59,58,83.0614242553711,1789064327.4688938
time/env/interact,60,59,79.56426239013672,1789064954.15194
time/env/interact,61,60,69.00004577636719,1789065252.593329
time/env/interact,62,61,67.18937683105469,1789065550.4183066
time/env/interact,63,62,71.29762268066406,1789065855.0295422
time/env/interact,64,63,68.24104309082031,1789066158.5602129
time/env/interact,65,64,67.49859619140625,1789066738.9892344
time/env/interact,66,65,70.51455688476562,1789067040.7061377
time/env/interact,67,66,64.65497589111328,1789067338.9069097
time/env/interact,68,67,66.85775756835938,1789067639.9834073
time/env/interact,69,68,66.64434051513672,1789067937.1752973
time/env/interact,70,69,66.99418640136719,1789068535.1740692
time/env/interact,71,70,67.89148712158203,1789068829.6838517
time/env/interact,72,71,67.34561920166016,1789069131.4957988
time/env/interact,73,72,67.1652603149414,1789069429.405801
time/env/interact,74,73,66.46055603027344,1789069726.599323
time/env/interact,75,74,67.70466613769531,1789070303.135215
time/env/interact,76,75,70.0142822265625,1789070600.9369247
time/env/interact,77,76,68.4118423461914,1789070899.9784853
time/env/interact,78,77,65.69036865234375,1789071195.4606972
time/env/interact,79,78,65.96099090576172,1789071493.8879259
time/env/interact,80,79,65.56707000732422,1789072100.4284515
time/env/interact,81,80,68.35523986816406,1789072396.0058303
time/env/interact,82,81,67.44438171386719,1789072694.2751718
time/env/interact,83,82,65.89692687988281,1789072990.9766781
time/env/interact,84,83,66.50285339355469,1789073292.2116623
time/env/interact,85,84,65.96483612060547,1789073865.0241275
time/env/interact,86,85,69.50505828857422,1789074165.7450373
time/env/interact,87,86,67.2546615600586,1789074465.9004173
time/env/interact,88,87,69.36355590820312,1789074766.680794
time/env/interact,89,88,68.1225357055664,1789075065.620793
time/env/interact,90,89,65.83969116210938,1789075674.5158684
time/env/interact,91,90,66.40139770507812,1789075974.5324025
time/env/interact,92,91,67.66091918945312,1789076285.4847991
time/env/interact,93,92,65.94868469238281,1789076591.4035482
time/env/interact,94,93,65.69392395019531,1789076892.6533277
time/env/interact,95,94,67.25346374511719,1789077475.564365
time/env/interact,96,95,67.28026580810547,1789077780.9206946
time/env/interact,97,96,68.45247650146484,1789078088.64585
time/env/interact,98,97,67.97516632080078,1789078397.4106598
time/env/interact,99,98,68.18087005615234,1789078708.8031266
time/env/interact,100,99,67.04351806640625,1789079323.7436633
time/rollout/sync_model_from_actor,1,0,3.373542308807373,1789042971.7979698
time/rollout/sync_model_from_actor,2,1,6.563262939453125,1789043289.3762987
time/rollout/sync_model_from_actor,3,2,5.078099727630615,1789043596.1764765
time/rollout/sync_model_from_actor,4,3,5.398089408874512,1789043916.2424078
time/rollout/sync_model_from_actor,5,4,10.375890731811523,1789044572.512164
time/rollout/sync_model_from_actor,6,5,1.772821068763733,1789044887.0653296
time/rollout/sync_model_from_actor,7,6,4.9564433097839355,1789045194.3980658
time/rollout/sync_model_from_actor,8,7,5.31480598449707,1789045504.0043821
time/rollout/sync_model_from_actor,9,8,6.285220146179199,1789045808.4031196
time/rollout/sync_model_from_actor,10,9,10.172607421875,1789046433.8834765
time/rollout/sync_model_from_actor,11,10,1.2855852842330933,1789046731.5891476
time/rollout/sync_model_from_actor,12,11,5.216435432434082,1789047034.3256302
time/rollout/sync_model_from_actor,13,12,5.405771732330322,1789047335.901318
time/rollout/sync_model_from_actor,14,13,5.312203407287598,1789047636.4439805
time/rollout/sync_model_from_actor,15,14,10.45759105682373,1789048223.8550375
time/rollout/sync_model_from_actor,16,15,1.6558740139007568,1789048523.831482
time/rollout/sync_model_from_actor,17,16,5.272019386291504,1789048825.5653203
time/rollout/sync_model_from_actor,18,17,5.103978157043457,1789049128.741507
time/rollout/sync_model_from_actor,19,18,5.00813627243042,1789049426.1650012
time/rollout/sync_model_from_actor,20,19,10.046937942504883,1789050040.6364233
time/rollout/sync_model_from_actor,21,20,1.2795697450637817,1789050339.0010173
time/rollout/sync_model_from_actor,22,21,4.944045543670654,1789050639.1324987
time/rollout/sync_model_from_actor,23,22,5.08742094039917,1789050938.943173
time/rollout/sync_model_from_actor,24,23,5.3085432052612305,1789051237.2564948
time/rollout/sync_model_from_actor,25,24,10.779645919799805,1789051822.1849627
time/rollout/sync_model_from_actor,26,25,1.6035515069961548,1789052119.136665
time/rollout/sync_model_from_actor,27,26,5.0691938400268555,1789052420.7513874
time/rollout/sync_model_from_actor,28,27,5.141228199005127,1789052718.904415
time/rollout/sync_model_from_actor,29,28,5.3688554763793945,1789053019.8346374
time/rollout/sync_model_from_actor,30,29,10.189730644226074,1789053666.1419225
time/rollout/sync_model_from_actor,31,30,1.268545389175415,1789053965.732116
time/rollout/sync_model_from_actor,32,31,4.965479850769043,1789054272.8968108
time/rollout/sync_model_from_actor,33,32,4.8876633644104,1789054574.8170965
time/rollout/sync_model_from_actor,34,33,5.084400177001953,1789054880.444773
time/rollout/sync_model_from_actor,35,34,11.807662010192871,1789055522.2084033
time/rollout/sync_model_from_actor,36,35,1.596786379814148,1789055825.4622927
time/rollout/sync_model_from_actor,37,36,6.0160932540893555,1789056134.3405113
time/rollout/sync_model_from_actor,38,37,5.937713623046875,1789056444.8252027
time/rollout/sync_model_from_actor,39,38,5.258504390716553,1789056750.7801201
time/rollout/sync_model_from_actor,40,39,10.66295337677002,1789057409.718192
time/rollout/sync_model_from_actor,41,40,1.5177615880966187,1789057711.7552555
time/rollout/sync_model_from_actor,42,41,4.77943229675293,1789058024.7901356
time/rollout/sync_model_from_actor,43,42,5.395123481750488,1789058341.4082696
time/rollout/sync_model_from_actor,44,43,5.112338066101074,1789058649.0202196
time/rollout/sync_model_from_actor,45,44,10.188976287841797,1789059280.9256554
time/rollout/sync_model_from_actor,46,45,1.780076503753662,1789059601.685525
time/rollout/sync_model_from_actor,47,46,5.038696765899658,1789059922.6262302
time/rollout/sync_model_from_actor,48,47,5.474213123321533,1789060237.792012
time/rollout/sync_model_from_actor,49,48,5.123370170593262,1789060545.838565
time/rollout/sync_model_from_actor,50,49,10.3515043258667,1789061201.5798216
time/rollout/sync_model_from_actor,51,50,1.246909499168396,1789061498.6649227
time/rollout/sync_model_from_actor,52,51,4.935609340667725,1789061816.3545783
time/rollout/sync_model_from_actor,53,52,4.951016902923584,1789062122.537987
time/rollout/sync_model_from_actor,54,53,5.3666791915893555,1789062426.5436103
time/rollout/sync_model_from_actor,55,54,10.200433731079102,1789063070.2836199
time/rollout/sync_model_from_actor,56,55,1.5619100332260132,1789063386.875631
time/rollout/sync_model_from_actor,57,56,5.093272686004639,1789063703.5001037
time/rollout/sync_model_from_actor,58,57,5.313361644744873,1789064008.9446855
time/rollout/sync_model_from_actor,59,58,5.340038776397705,1789064327.4689012
time/rollout/sync_model_from_actor,60,59,11.087084770202637,1789064954.1519606
time/rollout/sync_model_from_actor,61,60,1.2413976192474365,1789065252.5933352
time/rollout/sync_model_from_actor,62,61,5.092899322509766,1789065550.4183147
time/rollout/sync_model_from_actor,63,62,5.31176233291626,1789065855.0295503
time/rollout/sync_model_from_actor,64,63,5.448397636413574,1789066158.5602202
time/rollout/sync_model_from_actor,65,64,10.72766399383545,1789066738.9892476
time/rollout/sync_model_from_actor,66,65,1.834608554840088,1789067040.706148
time/rollout/sync_model_from_actor,67,66,5.116367816925049,1789067338.9069173
time/rollout/sync_model_from_actor,68,67,4.978461265563965,1789067639.9834137
time/rollout/sync_model_from_actor,69,68,5.061099052429199,1789067937.175304
time/rollout/sync_model_from_actor,70,69,10.228254318237305,1789068535.1740835
time/rollout/sync_model_from_actor,71,70,1.2831212282180786,1789068829.6838589
time/rollout/sync_model_from_actor,72,71,4.951735496520996,1789069131.4958026
time/rollout/sync_model_from_actor,73,72,4.694131851196289,1789069429.40581
time/rollout/sync_model_from_actor,74,73,4.836254596710205,1789069726.5993288
time/rollout/sync_model_from_actor,75,74,9.883247375488281,1789070303.1352339
time/rollout/sync_model_from_actor,76,75,1.552849292755127,1789070600.9369295
time/rollout/sync_model_from_actor,77,76,5.205922603607178,1789070899.9784913
time/rollout/sync_model_from_actor,78,77,4.597219944000244,1789071195.4607034
time/rollout/sync_model_from_actor,79,78,4.916930198669434,1789071493.887934
time/rollout/sync_model_from_actor,80,79,11.290104866027832,1789072100.428461
time/rollout/sync_model_from_actor,81,80,1.3509478569030762,1789072396.00584
time/rollout/sync_model_from_actor,82,81,4.909698963165283,1789072694.2751787
time/rollout/sync_model_from_actor,83,82,5.380092620849609,1789072990.9766827
time/rollout/sync_model_from_actor,84,83,5.008777141571045,1789073292.2116683
time/rollout/sync_model_from_actor,85,84,9.86347484588623,1789073865.0241704
time/rollout/sync_model_from_actor,86,85,1.5643435716629028,1789074165.7450435
time/rollout/sync_model_from_actor,87,86,4.858335018157959,1789074465.9004228
time/rollout/sync_model_from_actor,88,87,4.7985520362854,1789074766.6808004
time/rollout/sync_model_from_actor,89,88,5.0623626708984375,1789075065.6207995
time/rollout/sync_model_from_actor,90,89,10.631790161132812,1789075674.51588
time/rollout/sync_model_from_actor,91,90,1.5541574954986572,1789075974.5324109
time/rollout/sync_model_from_actor,92,91,5.349842071533203,1789076285.4848087
time/rollout/sync_model_from_actor,93,92,5.801421165466309,1789076591.4035587
time/rollout/sync_model_from_actor,94,93,5.527379512786865,1789076892.6533363
time/rollout/sync_model_from_actor,95,94,10.575955390930176,1789077475.564384
time/rollout/sync_model_from_actor,96,95,1.5985314846038818,1789077780.920717
time/rollout/sync_model_from_actor,97,96,5.762901782989502,1789078088.6458578
time/rollout/sync_model_from_actor,98,97,5.4758830070495605,1789078397.4106662
time/rollout/sync_model_from_actor,99,98,5.283949851989746,1789078708.8031328
time/rollout/sync_model_from_actor,100,99,10.23440170288086,1789079323.7436829
time/rollout/predict,1,0,2.0463767051696777,1789042971.7979784
time/rollout/predict,2,1,1.3811421394348145,1789043289.3763068
time/rollout/predict,3,2,1.2941793203353882,1789043596.1764827
time/rollout/predict,4,3,1.369358777999878,1789043916.2424138
time/rollout/predict,5,4,6.833351135253906,1789044572.5121782
time/rollout/predict,6,5,1.3195596933364868,1789044887.0653372
time/rollout/predict,7,6,1.22588050365448,1789045194.3980715
time/rollout/predict,8,7,1.2084835767745972,1789045504.004388
time/rollout/predict,9,8,1.2108427286148071,1789045808.4031289
time/rollout/predict,10,9,6.086211204528809,1789046433.8834863
time/rollout/predict,11,10,1.0741387605667114,1789046731.5891545
time/rollout/predict,12,11,1.2164226770401,1789047034.3256361
time/rollout/predict,13,12,1.1101382970809937,1789047335.9013267
time/rollout/predict,14,13,1.202597737312317,1789047636.443987
time/rollout/predict,15,14,6.090023517608643,1789048223.855043
time/rollout/predict,16,15,1.2490860223770142,1789048523.8314896
time/rollout/predict,17,16,1.2180722951889038,1789048825.5653265
time/rollout/predict,18,17,1.217516303062439,1789049128.741513
time/rollout/predict,19,18,1.2275035381317139,1789049426.165007
time/rollout/predict,20,19,6.072478294372559,1789050040.6364288
time/rollout/predict,21,20,1.1709269285202026,1789050339.001023
time/rollout/predict,22,21,1.2070317268371582,1789050639.1325045
time/rollout/predict,23,22,1.2135616540908813,1789050938.9431837
time/rollout/predict,24,23,1.2055284976959229,1789051237.2565007
time/rollout/predict,25,24,5.953550338745117,1789051822.1849723
time/rollout/predict,26,25,1.2099798917770386,1789052119.1366715
time/rollout/predict,27,26,1.2150460481643677,1789052420.7513964
time/rollout/predict,28,27,1.2182749509811401,1789052718.9044209
time/rollout/predict,29,28,1.2560111284255981,1789053019.834643
time/rollout/predict,30,29,6.552737236022949,1789053666.1419318
time/rollout/predict,31,30,1.2171283960342407,1789053965.7321222
time/rollout/predict,32,31,1.3404741287231445,1789054272.8968172
time/rollout/predict,33,32,1.207078218460083,1789054574.8171084
time/rollout/predict,34,33,1.209019422531128,1789054880.4447799
time/rollout/predict,35,34,6.635071754455566,1789055522.2084153
time/rollout/predict,36,35,1.1649562120437622,1789055825.4622986
time/rollout/predict,37,36,1.348789930343628,1789056134.3405185
time/rollout/predict,38,37,1.2820428609848022,1789056444.8252077
time/rollout/predict,39,38,1.2804296016693115,1789056750.7801266
time/rollout/predict,40,39,6.773972511291504,1789057409.718203
time/rollout/predict,41,40,1.2762041091918945,1789057711.7552722
time/rollout/predict,42,41,1.4862110614776611,1789058024.790142
time/rollout/predict,43,42,1.5436307191848755,1789058341.4082778
time/rollout/predict,44,43,1.3321210145950317,1789058649.0202277
time/rollout/predict,45,44,7.192285537719727,1789059280.9256687
time/rollout/predict,46,45,1.5138940811157227,1789059601.6855319
time/rollout/predict,47,46,1.5373982191085815,1789059922.6262388
time/rollout/predict,48,47,1.4780223369598389,1789060237.7920182
time/rollout/predict,49,48,1.381913661956787,1789060545.8385715
time/rollout/predict,50,49,6.641037940979004,1789061201.5798287
time/rollout/predict,51,50,1.2624372243881226,1789061498.6649306
time/rollout/predict,52,51,1.4881631135940552,1789061816.3545842
time/rollout/predict,53,52,1.2680940628051758,1789062122.537993
time/rollout/predict,54,53,1.2938765287399292,1789062426.5436165
time/rollout/predict,55,54,7.235389709472656,1789063070.283626
time/rollout/predict,56,55,1.508415937423706,1789063386.875637
time/rollout/predict,57,56,1.4937824010849,1789063703.5001156
time/rollout/predict,58,57,1.3096879720687866,1789064008.9446921
time/rollout/predict,59,58,1.4881385564804077,1789064327.4689085
time/rollout/predict,60,59,6.507274627685547,1789064954.1519709
time/rollout/predict,61,60,1.2718983888626099,1789065252.5933416
time/rollout/predict,62,61,1.2731387615203857,1789065550.4183235
time/rollout/predict,63,62,1.2612971067428589,1789065855.0295584
time/rollout/predict,64,63,1.249878168106079,1789066158.5602279
time/rollout/predict,65,64,6.395420074462891,1789066738.9892533
time/rollout/predict,66,65,1.2748632431030273,1789067040.7061567
time/rollout/predict,67,66,1.2668310403823853,1789067338.906925
time/rollout/predict,68,67,1.2730094194412231,1789067639.9834197
time/rollout/predict,69,68,1.252343773841858,1789067937.1753106
time/rollout/predict,70,69,6.108603000640869,1789068535.1740901
time/rollout/predict,71,70,1.2393345832824707,1789068829.6838663
time/rollout/predict,72,71,1.26642906665802,1789069131.4958067
time/rollout/predict,73,72,1.2456061840057373,1789069429.4058197
time/rollout/predict,74,73,1.2516201734542847,1789069726.5993345
time/rollout/predict,75,74,6.2701897621154785,1789070303.1352432
time/rollout/predict,76,75,1.1908115148544312,1789070600.9369347
time/rollout/predict,77,76,1.2624777555465698,1789070899.9784977
time/rollout/predict,78,77,1.2048193216323853,1789071195.4607098
time/rollout/predict,79,78,1.2557058334350586,1789071493.8879416
time/rollout/predict,80,79,6.287322044372559,1789072100.4284656
time/rollout/predict,81,80,1.3253567218780518,1789072396.00585
time/rollout/predict,82,81,1.2469749450683594,1789072694.2751853
time/rollout/predict,83,82,1.1985504627227783,1789072990.9766872
time/rollout/predict,84,83,1.2488951683044434,1789073292.2116742
time/rollout/predict,85,84,6.250122547149658,1789073865.0241911
time/rollout/predict,86,85,1.2547048330307007,1789074165.7450492
time/rollout/predict,87,86,1.1244436502456665,1789074465.9004288
time/rollout/predict,88,87,1.2576414346694946,1789074766.6808062
time/rollout/predict,89,88,1.3009556531906128,1789075065.6208062
time/rollout/predict,90,89,6.235739707946777,1789075674.515886
time/rollout/predict,91,90,1.277569055557251,1789075974.5324197
time/rollout/predict,92,91,1.2682874202728271,1789076285.4848204
time/rollout/predict,93,92,1.2512333393096924,1789076591.40357
time/rollout/predict,94,93,1.2480876445770264,1789076892.6533446
time/rollout/predict,95,94,6.268380641937256,1789077475.5643933
time/rollout/predict,96,95,1.2030044794082642,1789077780.9207392
time/rollout/predict,97,96,1.2758556604385376,1789078088.6458657
time/rollout/predict,98,97,1.2759560346603394,1789078397.4106724
time/rollout/predict,99,98,1.202559232711792,1789078708.8031392
time/rollout/predict,100,99,6.210625171661377,1789079323.7436924
time/rollout/generate_one_epoch,1,0,90.48320770263672,1789042971.7979872
time/rollout/generate_one_epoch,2,1,83.499755859375,1789043289.3763156
time/rollout/generate_one_epoch,3,2,75.26074981689453,1789043596.1764882
time/rollout/generate_one_epoch,4,3,84.12084197998047,1789043916.2424197
time/rollout/generate_one_epoch,5,4,78.16407012939453,1789044572.512185
time/rollout/generate_one_epoch,6,5,85.99275970458984,1789044887.065344
time/rollout/generate_one_epoch,7,6,76.46614074707031,1789045194.3980777
time/rollout/generate_one_epoch,8,7,77.07701873779297,1789045504.0043945
time/rollout/generate_one_epoch,9,8,70.97911834716797,1789045808.4031384
time/rollout/generate_one_epoch,10,9,74.88450622558594,1789046433.8834968
time/rollout/generate_one_epoch,11,10,70.55557250976562,1789046731.5891614
time/rollout/generate_one_epoch,12,11,69.4150390625,1789047034.3256423
time/rollout/generate_one_epoch,13,12,68.48175048828125,1789047335.9013348
time/rollout/generate_one_epoch,14,13,68.29328155517578,1789047636.4439929
time/rollout/generate_one_epoch,15,14,68.28360748291016,1789048223.8550484
time/rollout/generate_one_epoch,16,15,71.0797348022461,1789048523.8314972
time/rollout/generate_one_epoch,17,16,69.35523223876953,1789048825.5653327
time/rollout/generate_one_epoch,18,17,69.78926849365234,1789049128.7415187
time/rollout/generate_one_epoch,19,18,64.37577819824219,1789049426.165013
time/rollout/generate_one_epoch,20,19,66.50524139404297,1789050040.6364348
time/rollout/generate_one_epoch,21,20,70.25757598876953,1789050339.0010285
time/rollout/generate_one_epoch,22,21,67.84767150878906,1789050639.1325111
time/rollout/generate_one_epoch,23,22,67.62744903564453,1789050938.9431942
time/rollout/generate_one_epoch,24,23,66.38251495361328,1789051237.2565074
time/rollout/generate_one_epoch,25,24,66.95159912109375,1789051822.1849818
time/rollout/generate_one_epoch,26,25,68.01681518554688,1789052119.1366785
time/rollout/generate_one_epoch,27,26,68.20518493652344,1789052420.7514045
time/rollout/generate_one_epoch,28,27,66.0634765625,1789052718.9044268
time/rollout/generate_one_epoch,29,28,68.54933166503906,1789053019.834649
time/rollout/generate_one_epoch,30,29,70.441162109375,1789053666.1419418
time/rollout/generate_one_epoch,31,30,71.17503356933594,1789053965.732128
time/rollout/generate_one_epoch,32,31,72.19184875488281,1789054272.896823
time/rollout/generate_one_epoch,33,32,69.35574340820312,1789054574.8171206
time/rollout/generate_one_epoch,34,33,72.8318862915039,1789054880.4447868
time/rollout/generate_one_epoch,35,34,66.00508880615234,1789055522.208426
time/rollout/generate_one_epoch,36,35,73.11393737792969,1789055825.4623048
time/rollout/generate_one_epoch,37,36,70.25350952148438,1789056134.3405254
time/rollout/generate_one_epoch,38,37,72.44843292236328,1789056444.8252125
time/rollout/generate_one_epoch,39,38,68.1988754272461,1789056750.780133
time/rollout/generate_one_epoch,40,39,69.02276611328125,1789057409.7182136
time/rollout/generate_one_epoch,41,40,71.94227600097656,1789057711.7552888
time/rollout/generate_one_epoch,42,41,75.2269287109375,1789058024.7901504
time/rollout/generate_one_epoch,43,42,76.87715148925781,1789058341.4082866
time/rollout/generate_one_epoch,44,43,67.60221099853516,1789058649.020244
time/rollout/generate_one_epoch,45,44,67.11611938476562,1789059280.9256818
time/rollout/generate_one_epoch,46,45,87.48997497558594,1789059601.6855383
time/rollout/generate_one_epoch,47,46,83.33121490478516,1789059922.626247
time/rollout/generate_one_epoch,48,47,78.01478576660156,1789060237.7920244
time/rollout/generate_one_epoch,49,48,71.56978607177734,1789060545.838578
time/rollout/generate_one_epoch,50,49,70.99370574951172,1789061201.5798364
time/rollout/generate_one_epoch,51,50,68.5696029663086,1789061498.6649382
time/rollout/generate_one_epoch,52,51,80.74060821533203,1789061816.3545904
time/rollout/generate_one_epoch,53,52,72.14759063720703,1789062122.537999
time/rollout/generate_one_epoch,54,53,68.48583984375,1789062426.5436227
time/rollout/generate_one_epoch,55,54,75.4511947631836,1789063070.2836323
time/rollout/generate_one_epoch,56,55,83.96354675292969,1789063386.8756435
time/rollout/generate_one_epoch,57,56,79.30033874511719,1789063703.5001283
time/rollout/generate_one_epoch,58,57,73.31861877441406,1789064008.944698
time/rollout/generate_one_epoch,59,58,81.92027282714844,1789064327.4689164
time/rollout/generate_one_epoch,60,59,78.46942138671875,1789064954.151982
time/rollout/generate_one_epoch,61,60,67.96376037597656,1789065252.593348
time/rollout/generate_one_epoch,62,61,65.41801452636719,1789065550.4183316
time/rollout/generate_one_epoch,63,62,70.3062744140625,1789065855.029567
time/rollout/generate_one_epoch,64,63,66.70075988769531,1789066158.5602393
time/rollout/generate_one_epoch,65,64,65.84297180175781,1789066738.9892602
time/rollout/generate_one_epoch,66,65,69.37144470214844,1789067040.7061658
time/rollout/generate_one_epoch,67,66,63.626220703125,1789067338.9069328
time/rollout/generate_one_epoch,68,67,65.75080108642578,1789067639.9834263
time/rollout/generate_one_epoch,69,68,64.3382339477539,1789067937.1753168
time/rollout/generate_one_epoch,70,69,65.8091812133789,1789068535.1740978
time/rollout/generate_one_epoch,71,70,66.90061950683594,1789068829.6838746
time/rollout/generate_one_epoch,72,71,66.02875518798828,1789069131.4958107
time/rollout/generate_one_epoch,73,72,66.11388397216797,1789069429.4058287
time/rollout/generate_one_epoch,74,73,65.35218048095703,1789069726.59934
time/rollout/generate_one_epoch,75,74,66.63323211669922,1789070303.1352534
time/rollout/generate_one_epoch,76,75,69.08208465576172,1789070600.9369392
time/rollout/generate_one_epoch,77,76,67.12186431884766,1789070899.978504
time/rollout/generate_one_epoch,78,77,64.31546783447266,1789071195.460716
time/rollout/generate_one_epoch,79,78,64.90489196777344,1789071493.8879495
time/rollout/generate_one_epoch,80,79,63.9033088684082,1789072100.4284704
time/rollout/generate_one_epoch,81,80,67.26729583740234,1789072396.0058599
time/rollout/generate_one_epoch,82,81,66.28583526611328,1789072694.2751923
time/rollout/generate_one_epoch,83,82,64.41881561279297,1789072990.9766917
time/rollout/generate_one_epoch,84,83,65.18260955810547,1789073292.21168
time/rollout/generate_one_epoch,85,84,64.3154067993164,1789073865.0242114
time/rollout/generate_one_epoch,86,85,68.58535766601562,1789074165.7450554
time/rollout/generate_one_epoch,87,86,66.08246612548828,1789074465.900435
time/rollout/generate_one_epoch,88,87,68.38350677490234,1789074766.680812
time/rollout/generate_one_epoch,89,88,67.07586669921875,1789075065.6208131
time/rollout/generate_one_epoch,90,89,64.40281677246094,1789075674.515892
time/rollout/generate_one_epoch,91,90,65.14386749267578,1789075974.5324283
time/rollout/generate_one_epoch,92,91,66.51046752929688,1789076285.4848297
time/rollout/generate_one_epoch,93,92,63.80659484863281,1789076591.4035811
time/rollout/generate_one_epoch,94,93,64.4811019897461,1789076892.6533525
time/rollout/generate_one_epoch,95,94,65.68840026855469,1789077475.5644026
time/rollout/generate_one_epoch,96,95,66.29486083984375,1789077780.9207592
time/rollout/generate_one_epoch,97,96,66.91828918457031,1789078088.6458745
time/rollout/generate_one_epoch,98,97,66.8923568725586,1789078397.4106784
time/rollout/generate_one_epoch,99,98,66.97355651855469,1789078708.8031452
time/rollout/generate_one_epoch,100,99,65.55619049072266,1789079323.7437022
time/rollout/rollout/generate,1,0,95.29947662353516,1789042971.797997
time/rollout/rollout/generate,2,1,88.73124694824219,1789043289.376324
time/rollout/rollout/generate,3,2,80.1432876586914,1789043596.1764941
time/rollout/rollout/generate,4,3,90.88834381103516,1789043916.2424257
time/rollout/rollout/generate,5,4,84.90106964111328,1789044572.5121913
time/rollout/rollout/generate,6,5,90.98577880859375,1789044887.0653515
time/rollout/rollout/generate,7,6,81.04571533203125,1789045194.3980832
time/rollout/rollout/generate,8,7,81.35225677490234,1789045504.0044005
time/rollout/rollout/generate,9,8,76.41970825195312,1789045808.4031496
time/rollout/rollout/generate,10,9,79.28633117675781,1789046433.8835073
time/rollout/rollout/generate,11,10,74.5372314453125,1789046731.5891685
time/rollout/rollout/generate,12,11,74.53269958496094,1789047034.325648
time/rollout/rollout/generate,13,12,73.60761260986328,1789047335.9013445
time/rollout/rollout/generate,14,13,72.69183349609375,1789047636.4439988
time/rollout/rollout/generate,15,14,72.91119384765625,1789048223.855054
time/rollout/rollout/generate,16,15,75.50306701660156,1789048523.8315046
time/rollout/rollout/generate,17,16,74.58697509765625,1789048825.5653389
time/rollout/rollout/generate,18,17,75.34883880615234,1789049128.741525
time/rollout/rollout/generate,19,18,69.86479949951172,1789049426.165019
time/rollout/rollout/generate,20,19,71.92694091796875,1789050040.63644
time/rollout/rollout/generate,21,20,74.67455291748047,1789050339.0010343
time/rollout/rollout/generate,22,21,73.05498504638672,1789050639.1325173
time/rollout/rollout/generate,23,22,71.9854965209961,1789050938.9432042
time/rollout/rollout/generate,24,23,70.72872161865234,1789051237.256513
time/rollout/rollout/generate,25,24,71.81458282470703,1789051822.1849911
time/rollout/rollout/generate,26,25,72.75382232666016,1789052119.1366851
time/rollout/rollout/generate,27,26,73.581298828125,1789052420.7514133
time/rollout/rollout/generate,28,27,71.017333984375,1789052718.9044323
time/rollout/rollout/generate,29,28,73.489990234375,1789053019.8346555
time/rollout/rollout/generate,30,29,77.09663391113281,1789053666.1419525
time/rollout/rollout/generate,31,30,75.25945281982422,1789053965.7321336
time/rollout/rollout/generate,32,31,78.4230728149414,1789054272.8968287
time/rollout/rollout/generate,33,32,74.2833023071289,1789054574.8171322
time/rollout/rollout/generate,34,33,77.16163635253906,1789054880.4447937
time/rollout/rollout/generate,35,34,74.483642578125,1789055522.208437
time/rollout/rollout/generate,36,35,78.0954360961914,1789055825.4623106
time/rollout/rollout/generate,37,36,77.80018615722656,1789056134.340532
time/rollout/rollout/generate,38,37,78.29045104980469,1789056444.8252168
time/rollout/rollout/generate,39,38,74.13287353515625,1789056750.7801392
time/rollout/rollout/generate,40,39,77.06785583496094,1789057409.7182238
time/rollout/rollout/generate,41,40,76.96376037597656,1789057711.7553053
time/rollout/rollout/generate,42,41,82.45641326904297,1789058024.7901578
time/rollout/rollout/generate,43,42,84.54426574707031,1789058341.4082944
time/rollout/rollout/generate,44,43,74.81109619140625,1789058649.0202532
time/rollout/rollout/generate,45,44,71.8676528930664,1789059280.9256947
time/rollout/rollout/generate,46,45,94.11503601074219,1789059601.6855447
time/rollout/rollout/generate,47,46,90.45797729492188,1789059922.6262553
time/rollout/rollout/generate,48,47,85.35026550292969,1789060237.7920306
time/rollout/rollout/generate,49,48,78.70762634277344,1789060545.8385837
time/rollout/rollout/generate,50,49,77.67634582519531,1789061201.5798438
time/rollout/rollout/generate,51,50,72.99870300292969,1789061498.6649456
time/rollout/rollout/generate,52,51,87.85527038574219,1789061816.3545966
time/rollout/rollout/generate,53,52,77.11383056640625,1789062122.5380042
time/rollout/rollout/generate,54,53,74.57967376708984,1789062426.5436282
time/rollout/rollout/generate,55,54,82.80309295654297,1789063070.2836382
time/rollout/rollout/generate,56,55,90.74964904785156,1789063386.8756495
time/rollout/rollout/generate,57,56,86.28910827636719,1789063703.50014
time/rollout/rollout/generate,58,57,77.60224914550781,1789064008.9447045
time/rollout/rollout/generate,59,58,88.44781494140625,1789064327.468924
time/rollout/rollout/generate,60,59,85.06282043457031,1789064954.1519926
time/rollout/rollout/generate,61,60,71.8017807006836,1789065252.5933542
time/rollout/rollout/generate,62,61,70.09635925292969,1789065550.4183397
time/rollout/rollout/generate,63,62,74.11988830566406,1789065855.0295749
time/rollout/rollout/generate,64,63,71.1601791381836,1789066158.5602465
time/rollout/rollout/generate,65,64,70.47705841064453,1789066738.9892662
time/rollout/rollout/generate,66,65,73.62613677978516,1789067040.7061741
time/rollout/rollout/generate,67,66,67.64605712890625,1789067338.9069407
time/rollout/rollout/generate,68,67,69.72837829589844,1789067639.9834325
time/rollout/rollout/generate,69,68,69.49078369140625,1789067937.1753232
time/rollout/rollout/generate,70,69,70.08790588378906,1789068535.1741042
time/rollout/rollout/generate,71,70,70.71697235107422,1789068829.683882
time/rollout/rollout/generate,72,71,71.15299987792969,1789069131.4958153
time/rollout/rollout/generate,73,72,69.98231506347656,1789069429.405838
time/rollout/rollout/generate,74,73,69.34010314941406,1789069726.5993454
time/rollout/rollout/generate,75,74,70.59294891357422,1789070303.1352632
time/rollout/rollout/generate,76,75,72.84352111816406,1789070600.9369442
time/rollout/rollout/generate,77,76,71.24374389648438,1789070899.9785104
time/rollout/rollout/generate,78,77,68.61219787597656,1789071195.4607222
time/rollout/rollout/generate,79,78,68.86622619628906,1789071493.8879573
time/rollout/rollout/generate,80,79,68.57674407958984,1789072100.428475
time/rollout/rollout/generate,81,80,71.25272369384766,1789072396.0058703
time/rollout/rollout/generate,82,81,70.21062469482422,1789072694.2752
time/rollout/rollout/generate,83,82,68.73701477050781,1789072990.9766965
time/rollout/rollout/generate,84,83,69.37742614746094,1789073292.2116866
time/rollout/rollout/generate,85,84,68.86175537109375,1789073865.0242307
time/rollout/rollout/generate,86,85,72.56861877441406,1789074165.7450616
time/rollout/rollout/generate,87,86,70.16361236572266,1789074465.900441
time/rollout/rollout/generate,88,87,72.49405670166016,1789074766.6808176
time/rollout/rollout/generate,89,88,70.86408233642578,1789075065.6208203
time/rollout/rollout/generate,90,89,68.7237548828125,1789075674.5158978
time/rollout/rollout/generate,91,90,69.35755920410156,1789075974.5324368
time/rollout/rollout/generate,92,91,70.27017211914062,1789076285.4848387
time/rollout/rollout/generate,93,92,68.8769302368164,1789076591.4035919
time/rollout/rollout/generate,94,93,68.72667694091797,1789076892.6533601
time/rollout/rollout/generate,95,94,70.20574951171875,1789077475.5644126
time/rollout/rollout/generate,96,95,70.28032684326172,1789077780.9207792
time/rollout/rollout/generate,97,96,71.48654174804688,1789078088.6458828
time/rollout/rollout/generate,98,97,70.80656433105469,1789078397.4106843
time/rollout/rollout/generate,99,98,70.90595245361328,1789078708.8031514
time/rollout/rollout/generate,100,99,69.98619842529297,1789079323.7437127
time/actor/actor/sync_model_to_rollout,1,0,5.057923793792725,1789042971.7980056
time/actor/actor/sync_model_to_rollout,2,1,2.9048421382904053,1789043289.376331
time/actor/actor/sync_model_to_rollout,3,2,2.2526028156280518,1789043596.1765
time/actor/actor/sync_model_to_rollout,4,3,2.295167922973633,1789043916.242432
time/actor/actor/sync_model_to_rollout,5,4,4.862626552581787,1789044572.5128102
time/actor/actor/sync_model_to_rollout,6,5,1.977678894996643,1789044887.0653582
time/actor/actor/sync_model_to_rollout,7,6,2.196016550064087,1789045194.3980894
time/actor/actor/sync_model_to_rollout,8,7,2.475281000137329,1789045504.0044062
time/actor/actor/sync_model_to_rollout,9,8,3.054163932800293,1789045808.40316
time/actor/actor/sync_model_to_rollout,10,9,4.692965030670166,1789046433.8839986
time/actor/actor/sync_model_to_rollout,11,10,1.4431005716323853,1789046731.5891755
time/actor/actor/sync_model_to_rollout,12,11,2.567237377166748,1789047034.3256538
time/actor/actor/sync_model_to_rollout,13,12,2.5698721408843994,1789047335.901354
time/actor/actor/sync_model_to_rollout,14,13,2.487013578414917,1789047636.4440045
time/actor/actor/sync_model_to_rollout,15,14,4.79256010055542,1789048223.8553596
time/actor/actor/sync_model_to_rollout,16,15,1.85414719581604,1789048523.8315117
time/actor/actor/sync_model_to_rollout,17,16,2.4313483238220215,1789048825.565345
time/actor/actor/sync_model_to_rollout,18,17,2.5241432189941406,1789049128.7415307
time/actor/actor/sync_model_to_rollout,19,18,2.3252930641174316,1789049426.1650248
time/actor/actor/sync_model_to_rollout,20,19,4.662376880645752,1789050040.6369278
time/actor/actor/sync_model_to_rollout,21,20,1.4592472314834595,1789050339.0010395
time/actor/actor/sync_model_to_rollout,22,21,2.327719211578369,1789050639.1325238
time/actor/actor/sync_model_to_rollout,23,22,2.471566915512085,1789050938.9432151
time/actor/actor/sync_model_to_rollout,24,23,2.583928108215332,1789051237.256519
time/actor/actor/sync_model_to_rollout,25,24,5.469909191131592,1789051822.1855128
time/actor/actor/sync_model_to_rollout,26,25,1.784220576286316,1789052119.1366918
time/actor/actor/sync_model_to_rollout,27,26,2.3533143997192383,1789052420.7514217
time/actor/actor/sync_model_to_rollout,28,27,2.380077362060547,1789052718.9044383
time/actor/actor/sync_model_to_rollout,29,28,2.5305659770965576,1789053019.834661
time/actor/actor/sync_model_to_rollout,30,29,4.730157852172852,1789053666.1422398
time/actor/actor/sync_model_to_rollout,31,30,1.4488266706466675,1789053965.7321393
time/actor/actor/sync_model_to_rollout,32,31,2.3419137001037598,1789054272.8968349
time/actor/actor/sync_model_to_rollout,33,32,2.3759586811065674,1789054574.8171432
time/actor/actor/sync_model_to_rollout,34,33,2.4846508502960205,1789054880.4448009
time/actor/actor/sync_model_to_rollout,35,34,5.739925384521484,1789055522.2086542
time/actor/actor/sync_model_to_rollout,36,35,1.882189393043518,1789055825.4623163
time/actor/actor/sync_model_to_rollout,37,36,2.396622896194458,1789056134.3405387
time/actor/actor/sync_model_to_rollout,38,37,2.3812921047210693,1789056444.8252213
time/actor/actor/sync_model_to_rollout,39,38,2.3266258239746094,1789056750.780145
time/actor/actor/sync_model_to_rollout,40,39,4.9133620262146,1789057409.7187383
time/actor/actor/sync_model_to_rollout,41,40,1.9080429077148438,1789057711.7553222
time/actor/actor/sync_model_to_rollout,42,41,2.3257710933685303,1789058024.7901647
time/actor/actor/sync_model_to_rollout,43,42,2.6047449111938477,1789058341.4083018
time/actor/actor/sync_model_to_rollout,44,43,2.4644181728363037,1789058649.0202603
time/actor/actor/sync_model_to_rollout,45,44,4.791572093963623,1789059280.926662
time/actor/actor/sync_model_to_rollout,46,45,2.046373128890991,1789059601.6855512
time/actor/actor/sync_model_to_rollout,47,46,2.274087905883789,1789059922.6262636
time/actor/actor/sync_model_to_rollout,48,47,2.625321388244629,1789060237.7920368
time/actor/actor/sync_model_to_rollout,49,48,2.295578718185425,1789060545.8385904
time/actor/actor/sync_model_to_rollout,50,49,4.780846118927002,1789061201.5803778
time/actor/actor/sync_model_to_rollout,51,50,1.4821302890777588,1789061498.6649537
time/actor/actor/sync_model_to_rollout,52,51,2.2446324825286865,1789061816.354602
time/actor/actor/sync_model_to_rollout,53,52,2.249558210372925,1789062122.5380104
time/actor/actor/sync_model_to_rollout,54,53,2.553262710571289,1789062426.543634
time/actor/actor/sync_model_to_rollout,55,54,4.795864582061768,1789063070.284131
time/actor/actor/sync_model_to_rollout,56,55,1.9212409257888794,1789063386.8756554
time/actor/actor/sync_model_to_rollout,57,56,2.25600528717041,1789063703.500152
time/actor/actor/sync_model_to_rollout,58,57,2.429664373397827,1789064008.9447107
time/actor/actor/sync_model_to_rollout,59,58,2.3969595432281494,1789064327.4689317
time/actor/actor/sync_model_to_rollout,60,59,5.932735919952393,1789064954.1523206
time/actor/actor/sync_model_to_rollout,61,60,1.4753955602645874,1789065252.5933604
time/actor/actor/sync_model_to_rollout,62,61,2.4635658264160156,1789065550.418349
time/actor/actor/sync_model_to_rollout,63,62,2.5452284812927246,1789065855.0295835
time/actor/actor/sync_model_to_rollout,64,63,2.885875701904297,1789066158.5602536
time/actor/actor/sync_model_to_rollout,65,64,5.526742935180664,1789066738.989789
time/actor/actor/sync_model_to_rollout,66,65,2.0998497009277344,1789067040.7061832
time/actor/actor/sync_model_to_rollout,67,66,2.5865626335144043,1789067338.9069483
time/actor/actor/sync_model_to_rollout,68,67,2.3847224712371826,1789067639.9834385
time/actor/actor/sync_model_to_rollout,69,68,2.3804526329040527,1789067937.1753294
time/actor/actor/sync_model_to_rollout,70,69,4.694954872131348,1789068535.1746023
time/actor/actor/sync_model_to_rollout,71,70,1.5363515615463257,1789068829.6838903
time/actor/actor/sync_model_to_rollout,72,71,2.449951410293579,1789069131.495819
time/actor/actor/sync_model_to_rollout,73,72,2.3461318016052246,1789069429.4058468
time/actor/actor/sync_model_to_rollout,74,73,2.432917833328247,1789069726.5993514
time/actor/actor/sync_model_to_rollout,75,74,4.799866676330566,1789070303.1358144
time/actor/actor/sync_model_to_rollout,76,75,1.867676854133606,1789070600.936949
time/actor/actor/sync_model_to_rollout,77,76,2.3812692165374756,1789070899.9785166
time/actor/actor/sync_model_to_rollout,78,77,2.3197426795959473,1789071195.4607282
time/actor/actor/sync_model_to_rollout,79,78,2.368034839630127,1789071493.8879652
time/actor/actor/sync_model_to_rollout,80,79,6.298657417297363,1789072100.4289649
time/actor/actor/sync_model_to_rollout,81,80,1.5930532217025757,1789072396.0058813
time/actor/actor/sync_model_to_rollout,82,81,2.682783842086792,1789072694.2752068
time/actor/actor/sync_model_to_rollout,83,82,2.7426180839538574,1789072990.976701
time/actor/actor/sync_model_to_rollout,84,83,2.538823366165161,1789073292.2116928
time/actor/actor/sync_model_to_rollout,85,84,4.856871128082275,1789073865.0249774
time/actor/actor/sync_model_to_rollout,86,85,1.865254282951355,1789074165.7450676
time/actor/actor/sync_model_to_rollout,87,86,2.380582809448242,1789074465.9004464
time/actor/actor/sync_model_to_rollout,88,87,2.2853453159332275,1789074766.6808233
time/actor/actor/sync_model_to_rollout,89,88,2.5426764488220215,1789075065.6208267
time/actor/actor/sync_model_to_rollout,90,89,5.710710525512695,1789075674.5164678
time/actor/actor/sync_model_to_rollout,91,90,1.8346929550170898,1789075974.5324452
time/actor/actor/sync_model_to_rollout,92,91,2.8041412830352783,1789076285.4848473
time/actor/actor/sync_model_to_rollout,93,92,3.1312246322631836,1789076591.4036028
time/actor/actor/sync_model_to_rollout,94,93,2.929597854614258,1789076892.65337
time/actor/actor/sync_model_to_rollout,95,94,5.452178001403809,1789077475.5652406
time/actor/actor/sync_model_to_rollout,96,95,1.9129358530044556,1789077780.9207997
time/actor/actor/sync_model_to_rollout,97,96,3.116509437561035,1789078088.6458907
time/actor/actor/sync_model_to_rollout,98,97,3.0962133407592773,1789078397.4106903
time/actor/actor/sync_model_to_rollout,99,98,2.5952773094177246,1789078708.8031573
time/actor/actor/sync_model_to_rollout,100,99,5.17634916305542,1789079323.7442124
time/actor/actor/recv_traj,1,0,92.39339447021484,1789042971.7980134
time/actor/actor/recv_traj,2,1,85.08711242675781,1789043289.376338
time/actor/actor/recv_traj,3,2,76.65999603271484,1789043596.1765056
time/actor/actor/recv_traj,4,3,85.84281158447266,1789043916.242438
time/actor/actor/recv_traj,5,4,80.06388092041016,1789044572.5128193
time/actor/actor/recv_traj,6,5,87.6086196899414,1789044887.0653644
time/actor/actor/recv_traj,7,6,77.95730590820312,1789045194.3980958
time/actor/actor/recv_traj,8,7,78.61570739746094,1789045504.0044122
time/actor/actor/recv_traj,9,8,73.40760803222656,1789045808.4031696
time/actor/actor/recv_traj,10,9,76.24979400634766,1789046433.8840086
time/actor/actor/recv_traj,11,10,71.70281219482422,1789046731.589183
time/actor/actor/recv_traj,12,11,71.5864486694336,1789047034.32566
time/actor/actor/recv_traj,13,12,70.60311889648438,1789047335.9013627
time/actor/actor/recv_traj,14,13,69.91546630859375,1789047636.4440105
time/actor/actor/recv_traj,15,14,69.8654556274414,1789048223.8553686
time/actor/actor/recv_traj,16,15,72.29812622070312,1789048523.8315191
time/actor/actor/recv_traj,17,16,71.66975402832031,1789048825.5653515
time/actor/actor/recv_traj,18,17,72.17552947998047,1789049128.7415361
time/actor/actor/recv_traj,19,18,66.72900390625,1789049426.165031
time/actor/actor/recv_traj,20,19,69.0372085571289,1789050040.6369333
time/actor/actor/recv_traj,21,20,71.62791442871094,1789050339.001045
time/actor/actor/recv_traj,22,21,70.22461700439453,1789050639.1325295
time/actor/actor/recv_traj,23,22,69.18045043945312,1789050938.943225
time/actor/actor/recv_traj,24,23,67.83647155761719,1789051237.256525
time/actor/actor/recv_traj,25,24,68.7412109375,1789051822.1855276
time/actor/actor/recv_traj,26,25,69.1011962890625,1789052119.1366985
time/actor/actor/recv_traj,27,26,70.546142578125,1789052420.7514305
time/actor/actor/recv_traj,28,27,67.993896484375,1789052718.9044442
time/actor/actor/recv_traj,29,28,70.27275848388672,1789053019.8346672
time/actor/actor/recv_traj,30,29,72.18289947509766,1789053666.1422458
time/actor/actor/recv_traj,31,30,72.38631439208984,1789053965.732145
time/actor/actor/recv_traj,32,31,73.42616271972656,1789054272.8968403
time/actor/actor/recv_traj,33,32,71.14688110351562,1789054574.8171546
time/actor/actor/recv_traj,34,33,74.6645278930664,1789054880.4448075
time/actor/actor/recv_traj,35,34,71.08336639404297,1789055522.208665
time/actor/actor/recv_traj,36,35,74.67627716064453,1789055825.4623222
time/actor/actor/recv_traj,37,36,73.76695251464844,1789056134.340546
time/actor/actor/recv_traj,38,37,74.72157287597656,1789056444.8252258
time/actor/actor/recv_traj,39,38,70.8785629272461,1789056750.7801511
time/actor/actor/recv_traj,40,39,71.69157409667969,1789057409.718749
time/actor/actor/recv_traj,41,40,73.73504638671875,1789057711.7553372
time/actor/actor/recv_traj,42,41,77.17193603515625,1789058024.7901714
time/actor/actor/recv_traj,43,42,79.27238464355469,1789058341.408309
time/actor/actor/recv_traj,44,43,69.74178314208984,1789058649.0202675
time/actor/actor/recv_traj,45,44,68.99279022216797,1789059280.9266803
time/actor/actor/recv_traj,46,45,89.24681091308594,1789059601.685557
time/actor/actor/recv_traj,47,46,85.12814331054688,1789059922.6262717
time/actor/actor/recv_traj,48,47,80.08409118652344,1789060237.792043
time/actor/actor/recv_traj,49,48,73.58151245117188,1789060545.8385973
time/actor/actor/recv_traj,50,49,72.40693664550781,1789061201.5803862
time/actor/actor/recv_traj,51,50,69.83250427246094,1789061498.6649609
time/actor/actor/recv_traj,52,51,82.52420806884766,1789061816.3546076
time/actor/actor/recv_traj,53,52,73.33787536621094,1789062122.538016
time/actor/actor/recv_traj,54,53,69.93653106689453,1789062426.5436392
time/actor/actor/recv_traj,55,54,77.59290313720703,1789063070.284138
time/actor/actor/recv_traj,56,55,85.19991302490234,1789063386.875661
time/actor/actor/recv_traj,57,56,80.79078674316406,1789063703.500164
time/actor/actor/recv_traj,58,57,75.08289337158203,1789064008.9447165
time/actor/actor/recv_traj,59,58,83.26396942138672,1789064327.4689393
time/actor/actor/recv_traj,60,59,79.825439453125,1789064954.1523316
time/actor/actor/recv_traj,61,60,69.12796783447266,1789065252.5933669
time/actor/actor/recv_traj,62,61,67.3179931640625,1789065550.418357
time/actor/actor/recv_traj,63,62,71.42884826660156,1789065855.029591
time/actor/actor/recv_traj,64,63,68.3669204711914,1789066158.56026
time/actor/actor/recv_traj,65,64,67.62847900390625,1789066738.989796
time/actor/actor/recv_traj,66,65,70.63138580322266,1789067040.7061915
time/actor/actor/recv_traj,67,66,64.83851623535156,1789067338.9069562
time/actor/actor/recv_traj,68,67,66.95975494384766,1789067639.9834447
time/actor/actor/recv_traj,69,68,66.78302001953125,1789067937.1753354
time/actor/actor/recv_traj,70,69,67.18424987792969,1789068535.1746087
time/actor/actor/recv_traj,71,70,68.032470703125,1789068829.6838982
time/actor/actor/recv_traj,72,71,67.4884033203125,1789069131.4958231
time/actor/actor/recv_traj,73,72,67.31349182128906,1789069429.4058564
time/actor/actor/recv_traj,74,73,66.6663589477539,1789069726.5993571
time/actor/actor/recv_traj,75,74,67.80876159667969,1789070303.1358247
time/actor/actor/recv_traj,76,75,70.19387817382812,1789070600.9369535
time/actor/actor/recv_traj,77,76,68.49971771240234,1789070899.9785223
time/actor/actor/recv_traj,78,77,65.80777740478516,1789071195.460734
time/actor/actor/recv_traj,79,78,66.12556457519531,1789071493.887973
time/actor/actor/recv_traj,80,79,65.71695709228516,1789072100.4289694
time/actor/actor/recv_traj,81,80,68.48067474365234,1789072396.0058913
time/actor/actor/recv_traj,82,81,67.65312194824219,1789072694.2752144
time/actor/actor/recv_traj,83,82,66.07460021972656,1789072990.9767053
time/actor/actor/recv_traj,84,83,66.6648941040039,1789073292.2116988
time/actor/actor/recv_traj,85,84,66.13150024414062,1789073865.025006
time/actor/actor/recv_traj,86,85,69.65264129638672,1789074165.7450736
time/actor/actor/recv_traj,87,86,67.36791229248047,1789074465.9004521
time/actor/actor/recv_traj,88,87,69.51104736328125,1789074766.6808293
time/actor/actor/recv_traj,89,88,68.28207397460938,1789075065.6208327
time/actor/actor/recv_traj,90,89,66.01531982421875,1789075674.5164733
time/actor/actor/recv_traj,91,90,66.55717468261719,1789075974.5324538
time/actor/actor/recv_traj,92,91,67.84027862548828,1789076285.4848568
time/actor/actor/recv_traj,93,92,66.14139556884766,1789076591.403613
time/actor/actor/recv_traj,94,93,65.86195373535156,1789076892.6533778
time/actor/actor/recv_traj,95,94,67.44149780273438,1789077475.5652497
time/actor/actor/recv_traj,96,95,67.47893524169922,1789077780.920821
time/actor/actor/recv_traj,97,96,68.56588745117188,1789078088.6458995
time/actor/actor/recv_traj,98,97,68.11808776855469,1789078397.4106967
time/actor/actor/recv_traj,99,98,68.40831756591797,1789078708.803163
time/actor/actor/recv_traj,100,99,67.21270751953125,1789079323.7442224
time/actor/actor/compute_adv,1,0,7.627811282873154e-05,1789042971.7984848
time/actor/actor/compute_adv,2,1,3.9224978536367416e-05,1789043289.3764749
time/actor/actor/compute_adv,3,2,2.767588011920452e-05,1789043596.1770132
time/actor/actor/compute_adv,4,3,1.7073005437850952e-05,1789043916.2428026
time/actor/actor/compute_adv,5,4,3.326497972011566e-05,1789044572.5128262
time/actor/actor/compute_adv,6,5,2.3877015337347984e-05,1789044887.0658665
time/actor/actor/compute_adv,7,6,3.658910281956196e-05,1789045194.3985891
time/actor/actor/compute_adv,8,7,3.0203023925423622e-05,1789045504.0048814
time/actor/actor/compute_adv,9,8,2.9398128390312195e-05,1789045808.4036326
time/actor/actor/compute_adv,10,9,9.818002581596375e-05,1789046433.8840187
time/actor/actor/compute_adv,11,10,2.7247006073594093e-05,1789046731.5897405
time/actor/actor/compute_adv,12,11,3.0416063964366913e-05,1789047034.3261545
time/actor/actor/compute_adv,13,12,0.00010564597323536873,1789047335.9017234
time/actor/actor/compute_adv,14,13,1.4964025467634201e-05,1789047636.444537
time/actor/actor/compute_adv,15,14,2.7300091460347176e-05,1789048223.8553755
time/actor/actor/compute_adv,16,15,2.1699117496609688e-05,1789048523.8319159
time/actor/actor/compute_adv,17,16,2.6670051738619804e-05,1789048825.5658536
time/actor/actor/compute_adv,18,17,5.7466793805360794e-05,1789049128.741987
time/actor/actor/compute_adv,19,18,4.444411024451256e-05,1789049426.1655047
time/actor/actor/compute_adv,20,19,4.188995808362961e-05,1789050040.636939
time/actor/actor/compute_adv,21,20,3.880984149873257e-05,1789050339.0015461
time/actor/actor/compute_adv,22,21,2.738088369369507e-05,1789050639.1331997
time/actor/actor/compute_adv,23,22,4.1133956983685493e-05,1789050938.9437191
time/actor/actor/compute_adv,24,23,3.264495171606541e-05,1789051237.2570398
time/actor/actor/compute_adv,25,24,4.235398955643177e-05,1789051822.185538
time/actor/actor/compute_adv,26,25,7.010390982031822e-05,1789052119.1371934
time/actor/actor/compute_adv,27,26,3.482401371002197e-05,1789052420.751754
time/actor/actor/compute_adv,28,27,3.157998435199261e-05,1789052718.9049528
time/actor/actor/compute_adv,29,28,2.037500962615013e-05,1789053019.8350644
time/actor/actor/compute_adv,30,29,3.1144823879003525e-05,1789053666.1422522
time/actor/actor/compute_adv,31,30,2.8030015528202057e-05,1789053965.7325013
time/actor/actor/compute_adv,32,31,7.356307469308376e-05,1789054272.8971117
time/actor/actor/compute_adv,33,32,0.00010021915659308434,1789054574.8176508
time/actor/actor/compute_adv,34,33,4.556099884212017e-05,1789054880.4450715
time/actor/actor/compute_adv,35,34,9.600305929780006e-05,1789055522.2086759
time/actor/actor/compute_adv,36,35,6.985804066061974e-05,1789055825.462697
time/actor/actor/compute_adv,37,36,8.063018321990967e-05,1789056134.3409922
time/actor/actor/compute_adv,38,37,0.00013777706772089005,1789056444.825733
time/actor/actor/compute_adv,39,38,9.810295887291431e-05,1789056750.7805934
time/actor/actor/compute_adv,40,39,0.0001373260747641325,1789057409.7187588
time/actor/actor/compute_adv,41,40,0.00014999299310147762,1789057711.7555366
time/actor/actor/compute_adv,42,41,0.00012061395682394505,1789058024.7905352
time/actor/actor/compute_adv,43,42,0.00010754005052149296,1789058341.408468
time/actor/actor/compute_adv,44,43,8.017709478735924e-05,1789058649.020803
time/actor/actor/compute_adv,45,44,7.419404573738575e-05,1789059280.9266956
time/actor/actor/compute_adv,46,45,0.00011083693243563175,1789059601.6862128
time/actor/actor/compute_adv,47,46,8.635292761027813e-05,1789059922.6269965
time/actor/actor/compute_adv,48,47,8.829100988805294e-05,1789060237.7924333
time/actor/actor/compute_adv,49,48,9.898003190755844e-05,1789060545.8390896
time/actor/actor/compute_adv,50,49,5.7409051805734634e-05,1789061201.5803933
time/actor/actor/compute_adv,51,50,0.00010389508679509163,1789061498.6654503
time/actor/actor/compute_adv,52,51,0.00011043809354305267,1789061816.355108
time/actor/actor/compute_adv,53,52,0.00013558194041252136,1789062122.5385308
time/actor/actor/compute_adv,54,53,0.00011031702160835266,1789062426.5438504
time/actor/actor/compute_adv,55,54,5.1585957407951355e-05,1789063070.2841449
time/actor/actor/compute_adv,56,55,5.0719128921628e-05,1789063386.8757954
time/actor/actor/compute_adv,57,56,0.00014894711785018444,1789063703.5007486
time/actor/actor/compute_adv,58,57,0.00011665280908346176,1789064008.94516
time/actor/actor/compute_adv,59,58,7.391883991658688e-05,1789064327.469249
time/actor/actor/compute_adv,60,59,0.00012948503717780113,1789064954.152342
time/actor/actor/compute_adv,61,60,0.0001204668078571558,1789065252.594102
time/actor/actor/compute_adv,62,61,0.0001127889845520258,1789065550.4188974
time/actor/actor/compute_adv,63,62,0.00010759290307760239,1789065855.029759
time/actor/actor/compute_adv,64,63,9.535392746329308e-05,1789066158.5609052
time/actor/actor/compute_adv,65,64,0.00015636300668120384,1789066738.9898021
time/actor/actor/compute_adv,66,65,0.00011245696805417538,1789067040.707163
time/actor/actor/compute_adv,67,66,0.0001630668994039297,1789067338.907461
time/actor/actor/compute_adv,68,67,9.027589112520218e-05,1789067639.9839573
time/actor/actor/compute_adv,69,68,4.128599539399147e-05,1789067937.1759667
time/actor/actor/compute_adv,70,69,7.59840477257967e-05,1789068535.1746151
time/actor/actor/compute_adv,71,70,0.0001223469153046608,1789068829.6844182
time/actor/actor/compute_adv,72,71,0.00010147294960916042,1789069131.4963365
time/actor/actor/compute_adv,73,72,4.2190076783299446e-05,1789069429.406442
time/actor/actor/compute_adv,74,73,0.0001139659434556961,1789069726.5998783
time/actor/actor/compute_adv,75,74,9.409990161657333e-05,1789070303.1358342
time/actor/actor/compute_adv,76,75,9.659701026976109e-05,1789070600.9374392
time/actor/actor/compute_adv,77,76,0.00011793081648647785,1789070899.9787724
time/actor/actor/compute_adv,78,77,0.00010067480616271496,1789071195.4612412
time/actor/actor/compute_adv,79,78,0.00014496291987597942,1789071493.888483
time/actor/actor/compute_adv,80,79,0.00010876404121518135,1789072100.4289744
time/actor/actor/compute_adv,81,80,9.726407006382942e-05,1789072396.0063527
time/actor/actor/compute_adv,82,81,7.405411452054977e-05,1789072694.2753885
time/actor/actor/compute_adv,83,82,0.00010285712778568268,1789072990.9771862
time/actor/actor/compute_adv,84,83,0.0001439198385924101,1789073292.2121952
time/actor/actor/compute_adv,85,84,0.0001019379124045372,1789073865.0250368
time/actor/actor/compute_adv,86,85,9.08339861780405e-05,1789074165.7453475
time/actor/actor/compute_adv,87,86,4.3895095586776733e-05,1789074465.9007404
time/actor/actor/compute_adv,88,87,0.00010690395720303059,1789074766.6813257
time/actor/actor/compute_adv,89,88,0.00029817200265824795,1789075065.6212878
time/actor/actor/compute_adv,90,89,8.10590572655201e-05,1789075674.5164793
time/actor/actor/compute_adv,91,90,0.00027488498017191887,1789075974.5328932
time/actor/actor/compute_adv,92,91,9.322492405772209e-05,1789076285.4853568
time/actor/actor/compute_adv,93,92,5.4233940318226814e-05,1789076591.4041262
time/actor/actor/compute_adv,94,93,8.993293158710003e-05,1789076892.653753
time/actor/actor/compute_adv,95,94,0.00011447817087173462,1789077475.565256
time/actor/actor/compute_adv,96,95,7.547298446297646e-05,1789077780.9212694
time/actor/actor/compute_adv,97,96,0.00010449509136378765,1789078088.6464403
time/actor/actor/compute_adv,98,97,9.125610813498497e-05,1789078397.4113762
time/actor/actor/compute_adv,99,98,8.512195199728012e-05,1789078708.80348
time/actor/actor/compute_adv,100,99,0.00010460498742759228,1789079323.7442381
time/actor/sample,1,0,1.5633494853973389,1789042971.7984934
time/actor/sample,2,1,1.6273367404937744,1789043289.376483
time/actor/sample,3,2,1.5419343709945679,1789043596.1770198
time/actor/sample,4,3,1.7535308599472046,1789043916.2428095
time/actor/sample,5,4,1.6365320682525635,1789044572.5128329
time/actor/sample,6,5,1.599457025527954,1789044887.0658743
time/actor/sample,7,6,1.6205519437789917,1789045194.3985965
time/actor/sample,8,7,1.6278899908065796,1789045504.0048885
time/actor/sample,9,8,1.6856478452682495,1789045808.4036434
time/actor/sample,10,9,1.731252908706665,1789046433.8840287
time/actor/sample,11,10,1.739686369895935,1789046731.5897465
time/actor/sample,12,11,1.7849458456039429,1789047034.3261611
time/actor/sample,13,12,1.8058897256851196,1789047335.9017298
time/actor/sample,14,13,1.8744845390319824,1789047636.4445436
time/actor/sample,15,14,1.8221564292907715,1789048223.8553817
time/actor/sample,16,15,1.870169758796692,1789048523.8319254
time/actor/sample,17,16,1.8103044033050537,1789048825.5658612
time/actor/sample,18,17,1.8963924646377563,1789049128.7419934
time/actor/sample,19,18,1.8951356410980225,1789049426.1655114
time/actor/sample,20,19,1.9094263315200806,1789050040.636944
time/actor/sample,21,20,1.8431035280227661,1789050339.0015528
time/actor/sample,22,21,1.8859995603561401,1789050639.1332066
time/actor/sample,23,22,2.0301849842071533,1789050938.94373
time/actor/sample,24,23,1.9432958364486694,1789051237.2570462
time/actor/sample,25,24,2.058716297149658,1789051822.1855478
time/actor/sample,26,25,2.0675840377807617,1789052119.1372008
time/actor/sample,27,26,2.106781005859375,1789052420.7517624
time/actor/sample,28,27,2.1343746185302734,1789052718.9049594
time/actor/sample,29,28,2.0101213455200195,1789053019.8350706
time/actor/sample,30,29,2.069483995437622,1789053666.142258
time/actor/sample,31,30,2.1439151763916016,1789053965.7325077
time/actor/sample,32,31,2.342905044555664,1789054272.897118
time/actor/sample,33,32,2.146597385406494,1789054574.8176634
time/actor/sample,34,33,2.134129762649536,1789054880.4450793
time/actor/sample,35,34,2.246459722518921,1789055522.208687
time/actor/sample,36,35,2.1040525436401367,1789055825.4627037
time/actor/sample,37,36,2.2242307662963867,1789056134.341
time/actor/sample,38,37,2.427950143814087,1789056444.8257382
time/actor/sample,39,38,2.6027655601501465,1789056750.7806003
time/actor/sample,40,39,2.7252821922302246,1789057409.7187688
time/actor/sample,41,40,2.1209332942962646,1789057711.755555
time/actor/sample,42,41,2.4772775173187256,1789058024.7905421
time/actor/sample,43,42,2.4995107650756836,1789058341.4084754
time/actor/sample,44,43,2.817760705947876,1789058649.0208116
time/actor/sample,45,44,2.381157636642456,1789059280.9267092
time/actor/sample,46,45,2.4661853313446045,1789059601.68623
time/actor/sample,47,46,2.4778571128845215,1789059922.6270053
time/actor/sample,48,47,2.3878676891326904,1789060237.7924407
time/actor/sample,49,48,2.32265305519104,1789060545.8390968
time/actor/sample,50,49,2.291572093963623,1789061201.580401
time/actor/sample,51,50,2.2564563751220703,1789061498.6654584
time/actor/sample,52,51,2.589968681335449,1789061816.3551142
time/actor/sample,53,52,2.508049488067627,1789062122.5385377
time/actor/sample,54,53,2.5535759925842285,1789062426.5438566
time/actor/sample,55,54,2.75396990776062,1789063070.2841508
time/actor/sample,56,55,2.278088092803955,1789063386.8758018
time/actor/sample,57,56,2.4089903831481934,1789063703.500775
time/actor/sample,58,57,2.1915550231933594,1789064008.945167
time/actor/sample,59,58,2.507037401199341,1789064327.4692554
time/actor/sample,60,59,2.6892950534820557,1789064954.152351
time/actor/sample,61,60,2.404301404953003,1789065252.5941093
time/actor/sample,62,61,2.393378496170044,1789065550.4189074
time/actor/sample,63,62,2.440884590148926,1789065855.0297654
time/actor/sample,64,63,2.5335326194763184,1789066158.5609133
time/actor/sample,65,64,2.368652820587158,1789066738.9898088
time/actor/sample,66,65,2.674419641494751,1789067040.7071881
time/actor/sample,67,66,2.512511968612671,1789067338.9074695
time/actor/sample,68,67,2.5301053524017334,1789067639.9839637
time/actor/sample,69,68,2.384716033935547,1789067937.1759837
time/actor/sample,70,69,2.4445130825042725,1789068535.1746213
time/actor/sample,71,70,2.2022814750671387,1789068829.6844268
time/actor/sample,72,71,2.5312116146087646,1789069131.4963415
time/actor/sample,73,72,2.375642776489258,1789069429.406449
time/actor/sample,74,73,2.4092390537261963,1789069726.5998847
time/actor/sample,75,74,2.313871383666992,1789070303.1358438
time/actor/sample,76,75,2.3686437606811523,1789070600.9374452
time/actor/sample,77,76,2.350559711456299,1789070899.978779
time/actor/sample,78,77,2.2937254905700684,1789071195.4612496
time/actor/sample,79,78,2.489743232727051,1789071493.8884895
time/actor/sample,80,79,2.394533395767212,1789072100.4289787
time/actor/sample,81,80,2.468759536743164,1789072396.0063624
time/actor/sample,82,81,2.411658525466919,1789072694.2753963
time/actor/sample,83,82,2.228044033050537,1789072990.977192
time/actor/sample,84,83,2.9874370098114014,1789073292.212201
time/actor/sample,85,84,2.4068350791931152,1789073865.0250587
time/actor/sample,86,85,2.624699592590332,1789074165.7453537
time/actor/sample,87,86,2.7817461490631104,1789074465.900747
time/actor/sample,88,87,2.511002540588379,1789074766.6813326
time/actor/sample,89,88,2.408280611038208,1789075065.6212943
time/actor/sample,90,89,2.893916130065918,1789075674.5164852
time/actor/sample,91,90,3.589573860168457,1789075974.5329027
time/actor/sample,92,91,3.646723985671997,1789076285.485366
time/actor/sample,93,92,2.981887102127075,1789076591.4041383
time/actor/sample,94,93,2.6725852489471436,1789076892.6537597
time/actor/sample,95,94,3.41654896736145,1789077475.5652626
time/actor/sample,96,95,3.277247667312622,1789077780.9212916
time/actor/sample,97,96,3.110318899154663,1789078088.6464486
time/actor/sample,98,97,3.1312859058380127,1789078397.4113834
time/actor/sample,99,98,3.1940691471099854,1789078708.8034863
time/actor/sample,100,99,3.0222342014312744,1789079323.7442527
time/actor/forward_actor,1,0,84.20736694335938,1789042971.7985024
time/actor/forward_actor,2,1,84.55784606933594,1789043289.3764904
time/actor/forward_actor,3,2,84.07115173339844,1789043596.1770258
time/actor/forward_actor,4,3,85.66444396972656,1789043916.242816
time/actor/forward_actor,5,4,84.22154235839844,1789044572.512839
time/actor/forward_actor,6,5,84.03572082519531,1789044887.0658815
time/actor/forward_actor,7,6,83.8658676147461,1789045194.3986027
time/actor/forward_actor,8,7,85.20732879638672,1789045504.0048947
time/actor/forward_actor,9,8,84.1445083618164,1789045808.403653
time/actor/forward_actor,10,9,84.47599792480469,1789046433.8840382
time/actor/forward_actor,11,10,84.06306457519531,1789046731.5897517
time/actor/forward_actor,12,11,84.60989379882812,1789047034.326167
time/actor/forward_actor,13,12,84.75755310058594,1789047335.9017358
time/actor/forward_actor,14,13,84.62574768066406,1789047636.444549
time/actor/forward_actor,15,14,84.63663482666016,1789048223.855388
time/actor/forward_actor,16,15,84.673095703125,1789048523.8319335
time/actor/forward_actor,17,16,84.14627075195312,1789048825.5658674
time/actor/forward_actor,18,17,84.78394317626953,1789049128.7419996
time/actor/forward_actor,19,18,84.54187774658203,1789049426.165518
time/actor/forward_actor,20,19,84.7674560546875,1789050040.6369495
time/actor/forward_actor,21,20,84.45357513427734,1789050339.0015593
time/actor/forward_actor,22,21,84.33088684082031,1789050639.133213
time/actor/forward_actor,23,22,84.4747085571289,1789050938.943741
time/actor/forward_actor,24,23,84.38220977783203,1789051237.2570527
time/actor/forward_actor,25,24,84.39289093017578,1789051822.185557
time/actor/forward_actor,26,25,84.14036560058594,1789052119.1372077
time/actor/forward_actor,27,26,84.4551773071289,1789052420.7517712
time/actor/forward_actor,28,27,83.90579223632812,1789052718.9049656
time/actor/forward_actor,29,28,84.07347869873047,1789053019.8350768
time/actor/forward_actor,30,29,84.66038513183594,1789053666.1422644
time/actor/forward_actor,31,30,84.75443267822266,1789053965.732514
time/actor/forward_actor,32,31,84.73262786865234,1789054272.897124
time/actor/forward_actor,33,32,84.37432098388672,1789054574.8176756
time/actor/forward_actor,34,33,84.96824645996094,1789054880.4450865
time/actor/forward_actor,35,34,87.57056427001953,1789055522.2086985
time/actor/forward_actor,36,35,84.81707763671875,1789055825.4627097
time/actor/forward_actor,37,36,85.60521697998047,1789056134.3410077
time/actor/forward_actor,38,37,87.1755599975586,1789056444.8257432
time/actor/forward_actor,39,38,86.88323211669922,1789056750.7806063
time/actor/forward_actor,40,39,88.61549377441406,1789057409.7187784
time/actor/forward_actor,41,40,84.3607177734375,1789057711.755572
time/actor/forward_actor,42,41,86.60983276367188,1789058024.7905486
time/actor/forward_actor,43,42,87.27313232421875,1789058341.4084833
time/actor/forward_actor,44,43,87.9670181274414,1789058649.0208187
time/actor/forward_actor,45,44,84.41551208496094,1789059280.9267225
time/actor/forward_actor,46,45,85.22322082519531,1789059601.6862388
time/actor/forward_actor,47,46,85.99319458007812,1789059922.6270134
time/actor/forward_actor,48,47,84.97450256347656,1789060237.792447
time/actor/forward_actor,49,48,84.9641342163086,1789060545.839104
time/actor/forward_actor,50,49,84.47021484375,1789061201.5804086
time/actor/forward_actor,51,50,83.70966339111328,1789061498.6654663
time/actor/forward_actor,52,51,85.28538513183594,1789061816.3551204
time/actor/forward_actor,53,52,84.7914810180664,1789062122.538544
time/actor/forward_actor,54,53,84.56102752685547,1789062426.5438626
time/actor/forward_actor,55,54,87.74129486083984,1789063070.2841573
time/actor/forward_actor,56,55,84.76465606689453,1789063386.8758085
time/actor/forward_actor,57,56,85.8204116821289,1789063703.5007896
time/actor/forward_actor,58,57,83.74248504638672,1789064008.9451737
time/actor/forward_actor,59,58,85.20818328857422,1789064327.4692626
time/actor/forward_actor,60,59,91.98222351074219,1789064954.1523607
time/actor/forward_actor,61,60,85.93889617919922,1789065252.5941155
time/actor/forward_actor,62,61,83.5641860961914,1789065550.4189157
time/actor/forward_actor,63,62,85.95780181884766,1789065855.0297716
time/actor/forward_actor,64,63,87.49090576171875,1789066158.5609212
time/actor/forward_actor,65,64,83.42078399658203,1789066738.9898148
time/actor/forward_actor,66,65,86.53627014160156,1789067040.7072008
time/actor/forward_actor,67,66,86.11549377441406,1789067338.9074776
time/actor/forward_actor,68,67,86.95692443847656,1789067639.9839697
time/actor/forward_actor,69,68,83.54066467285156,1789067937.1759925
time/actor/forward_actor,70,69,83.56778717041016,1789068535.174628
time/actor/forward_actor,71,70,83.47953033447266,1789068829.6844354
time/actor/forward_actor,72,71,86.27919006347656,1789069131.4963455
time/actor/forward_actor,73,72,84.1971435546875,1789069429.4064553
time/actor/forward_actor,74,73,84.48622131347656,1789069726.5998907
time/actor/forward_actor,75,74,84.63611602783203,1789070303.1358533
time/actor/forward_actor,76,75,84.63102722167969,1789070600.9374502
time/actor/forward_actor,77,76,84.04785919189453,1789070899.9787853
time/actor/forward_actor,78,77,83.81082153320312,1789071195.4612558
time/actor/forward_actor,79,78,85.77427673339844,1789071493.8884957
time/actor/forward_actor,80,79,84.40331268310547,1789072100.4289832
time/actor/forward_actor,81,80,84.15020751953125,1789072396.006373
time/actor/forward_actor,82,81,84.42839050292969,1789072694.2754037
time/actor/forward_actor,83,82,84.29351043701172,1789072990.9771974
time/actor/forward_actor,84,83,87.29801940917969,1789073292.2122078
time/actor/forward_actor,85,84,85.331298828125,1789073865.0250788
time/actor/forward_actor,86,85,87.33495330810547,1789074165.7453592
time/actor/forward_actor,87,86,85.98600006103516,1789074465.9007528
time/actor/forward_actor,88,87,84.90911102294922,1789074766.6813383
time/actor/forward_actor,89,88,84.31253051757812,1789075065.6213002
time/actor/forward_actor,90,89,86.57785034179688,1789075674.5164912
time/actor/forward_actor,91,90,88.49197387695312,1789075974.5329113
time/actor/forward_actor,92,91,94.3418197631836,1789076285.4853752
time/actor/forward_actor,93,92,91.63304901123047,1789076591.404149
time/actor/forward_actor,94,93,87.94328308105469,1789076892.6537657
time/actor/forward_actor,95,94,92.22525024414062,1789077475.565269
time/actor/forward_actor,96,95,92.87066650390625,1789077780.9213138
time/actor/forward_actor,97,96,90.61228942871094,1789078088.6464572
time/actor/forward_actor,98,97,92.36492156982422,1789078397.411389
time/actor/forward_actor,99,98,95.18830871582031,1789078708.8034933
time/actor/forward_actor,100,99,92.90338134765625,1789079323.7442658
time/actor/update_one_epoch,1,0,220.38427734375,1789042971.7985106
time/actor/update_one_epoch,2,1,220.89785766601562,1789043289.3764973
time/actor/update_one_epoch,3,2,220.24981689453125,1789043596.177032
time/actor/update_one_epoch,4,3,222.37713623046875,1789043916.2428222
time/actor/update_one_epoch,5,4,220.59915161132812,1789044572.5128462
time/actor/update_one_epoch,6,5,220.20458984375,1789044887.0658884
time/actor/update_one_epoch,7,6,220.01852416992188,1789045194.398609
time/actor/update_one_epoch,8,7,221.54026794433594,1789045504.0049016
time/actor/update_one_epoch,9,8,220.43406677246094,1789045808.4036624
time/actor/update_one_epoch,10,9,220.95126342773438,1789046433.884048
time/actor/update_one_epoch,11,10,220.41305541992188,1789046731.5897574
time/actor/update_one_epoch,12,11,221.6764678955078,1789047034.3261728
time/actor/update_one_epoch,13,12,221.2743377685547,1789047335.901742
time/actor/update_one_epoch,14,13,221.1850128173828,1789047636.444555
time/actor/update_one_epoch,15,14,221.18858337402344,1789048223.8553953
time/actor/update_one_epoch,16,15,221.2947235107422,1789048523.831941
time/actor/update_one_epoch,17,16,220.63970947265625,1789048825.5658739
time/actor/update_one_epoch,18,17,221.36459350585938,1789049128.7420058
time/actor/update_one_epoch,19,18,221.2277069091797,1789049426.165524
time/actor/update_one_epoch,20,19,221.3470001220703,1789050040.6369548
time/actor/update_one_epoch,21,20,220.95693969726562,1789050339.0015652
time/actor/update_one_epoch,22,21,220.9354248046875,1789050639.133219
time/actor/update_one_epoch,23,22,221.3787841796875,1789050938.943752
time/actor/update_one_epoch,24,23,221.02960205078125,1789051237.2570586
time/actor/update_one_epoch,25,24,221.17279052734375,1789051822.1855662
time/actor/update_one_epoch,26,25,220.9246826171875,1789052119.1372144
time/actor/update_one_epoch,27,26,221.6452178955078,1789052420.7517803
time/actor/update_one_epoch,28,27,220.71119689941406,1789052718.9049718
time/actor/update_one_epoch,29,28,220.74842834472656,1789053019.835083
time/actor/update_one_epoch,30,29,221.5103302001953,1789053666.1422703
time/actor/update_one_epoch,31,30,221.6400146484375,1789053965.7325225
time/actor/update_one_epoch,32,31,222.1094970703125,1789054272.8971303
time/actor/update_one_epoch,33,32,221.3422088623047,1789054574.817687
time/actor/update_one_epoch,34,33,221.91188049316406,1789054880.4450932
time/actor/update_one_epoch,35,34,224.75125122070312,1789055522.2087085
time/actor/update_one_epoch,36,35,221.86215209960938,1789055825.4627159
time/actor/update_one_epoch,37,36,223.3107452392578,1789056134.341015
time/actor/update_one_epoch,38,37,224.7859344482422,1789056444.8257475
time/actor/update_one_epoch,39,38,225.1719970703125,1789056750.780612
time/actor/update_one_epoch,40,39,226.6660919189453,1789057409.7187936
time/actor/update_one_epoch,41,40,221.63819885253906,1789057711.7555895
time/actor/update_one_epoch,42,41,224.20372009277344,1789058024.7905545
time/actor/update_one_epoch,43,42,224.98301696777344,1789058341.408491
time/actor/update_one_epoch,44,43,226.04151916503906,1789058649.0208259
time/actor/update_one_epoch,45,44,222.02548217773438,1789059280.9267359
time/actor/update_one_epoch,46,45,223.015380859375,1789059601.6862462
time/actor/update_one_epoch,47,46,223.8942413330078,1789059922.6270208
time/actor/update_one_epoch,48,47,222.72561645507812,1789060237.7924535
time/actor/update_one_epoch,49,48,222.60231018066406,1789060545.8391106
time/actor/update_one_epoch,50,49,222.08309936523438,1789061201.580417
time/actor/update_one_epoch,51,50,221.19869995117188,1789061498.665474
time/actor/update_one_epoch,52,51,223.30372619628906,1789061816.3551266
time/actor/update_one_epoch,53,52,222.67567443847656,1789062122.5385504
time/actor/update_one_epoch,54,53,222.50111389160156,1789062426.5438683
time/actor/update_one_epoch,55,54,226.155029296875,1789063070.284163
time/actor/update_one_epoch,56,55,222.31727600097656,1789063386.8758144
time/actor/update_one_epoch,57,56,223.5421600341797,1789063703.5008016
time/actor/update_one_epoch,58,57,221.05223083496094,1789064008.94518
time/actor/update_one_epoch,59,58,223.07949829101562,1789064327.4692688
time/actor/update_one_epoch,60,59,230.70248413085938,1789064954.1523695
time/actor/update_one_epoch,61,60,223.74000549316406,1789065252.594122
time/actor/update_one_epoch,62,61,221.2108917236328,1789065550.418924
time/actor/update_one_epoch,63,62,223.75904846191406,1789065855.0297778
time/actor/update_one_epoch,64,63,225.4859161376953,1789066158.560928
time/actor/update_one_epoch,65,64,220.98944091796875,1789066738.989821
time/actor/update_one_epoch,66,65,224.54342651367188,1789067040.7072113
time/actor/update_one_epoch,67,66,223.93251037597656,1789067338.907486
time/actor/update_one_epoch,68,67,224.9342803955078,1789067639.9839756
time/actor/update_one_epoch,69,68,221.19784545898438,1789067937.1760004
time/actor/update_one_epoch,70,69,221.36749267578125,1789068535.1746345
time/actor/update_one_epoch,71,70,220.82147216796875,1789068829.6844435
time/actor/update_one_epoch,72,71,224.2601318359375,1789069131.4963498
time/actor/update_one_epoch,73,72,221.799072265625,1789069429.4064615
time/actor/update_one_epoch,74,73,221.57351684570312,1789069726.5998964
time/actor/update_one_epoch,75,74,221.69053649902344,1789070303.1358628
time/actor/update_one_epoch,76,75,221.6420440673828,1789070600.937455
time/actor/update_one_epoch,77,76,221.1319580078125,1789070899.9787917
time/actor/update_one_epoch,78,77,220.81454467773438,1789071195.4612615
time/actor/update_one_epoch,79,78,223.18092346191406,1789071493.8885014
time/actor/update_one_epoch,80,79,221.57618713378906,1789072100.4289877
time/actor/update_one_epoch,81,80,221.2884063720703,1789072396.0063818
time/actor/update_one_epoch,82,81,221.5166473388672,1789072694.275411
time/actor/update_one_epoch,83,82,221.12628173828125,1789072990.977202
time/actor/update_one_epoch,84,83,225.2802734375,1789073292.212214
time/actor/update_one_epoch,85,84,222.52224731445312,1789073865.0250995
time/actor/update_one_epoch,86,85,224.8472900390625,1789074165.745365
time/actor/update_one_epoch,87,86,223.67608642578125,1789074465.900759
time/actor/update_one_epoch,88,87,222.088623046875,1789074766.6813447
time/actor/update_one_epoch,89,88,221.3759002685547,1789075065.621306
time/actor/update_one_epoch,90,89,224.46389770507812,1789075674.5164974
time/actor/update_one_epoch,91,90,227.13357543945312,1789075974.532923
time/actor/update_one_epoch,92,91,233.52476501464844,1789076285.4853842
time/actor/update_one_epoch,93,92,229.81817626953125,1789076591.4041595
time/actor/update_one_epoch,94,93,225.6018524169922,1789076892.6537712
time/actor/update_one_epoch,95,94,231.0392608642578,1789077475.565275
time/actor/update_one_epoch,96,95,231.48486328125,1789077780.9213347
time/actor/update_one_epoch,97,96,228.8230438232422,1789078088.6464655
time/actor/update_one_epoch,98,97,230.74559020996094,1789078397.4113953
time/actor/update_one_epoch,99,98,233.79725646972656,1789078708.8034992
time/actor/update_one_epoch,100,99,231.34934997558594,1789079323.7442794
time/actor/run_training,1,0,443.2975158691406,1789042971.798519
time/actor/run_training,2,1,444.4317321777344,1789043289.3765042
time/actor/run_training,3,2,443.03118896484375,1789043596.1770377
time/actor/run_training,4,3,447.4262390136719,1789043916.2428281
time/actor/run_training,5,4,443.85284423828125,1789044572.5128536
time/actor/run_training,6,5,443.0391540527344,1789044887.065895
time/actor/run_training,7,6,442.539794921875,1789045194.3986146
time/actor/run_training,8,7,445.7567443847656,1789045504.0049078
time/actor/run_training,9,8,443.23785400390625,1789045808.4036722
time/actor/run_training,10,9,444.6767883300781,1789046433.884057
time/actor/run_training,11,10,443.3145751953125,1789046731.5897617
time/actor/run_training,12,11,445.86212158203125,1789047034.3261786
time/actor/run_training,13,12,445.002197265625,1789047335.9017482
time/actor/run_training,14,13,444.9436950683594,1789047636.4445603
time/actor/run_training,15,14,444.7750549316406,1789048223.8554049
time/actor/run_training,16,15,445.1073303222656,1789048523.8319485
time/actor/run_training,17,16,443.63836669921875,1789048825.5658805
time/actor/run_training,18,17,445.33203125,1789049128.7420118
time/actor/run_training,19,18,444.9907531738281,1789049426.1655302
time/actor/run_training,20,19,445.0784912109375,1789050040.6369603
time/actor/run_training,21,20,444.34625244140625,1789050339.0015726
time/actor/run_training,22,21,444.1523132324219,1789050639.1332247
time/actor/run_training,23,22,445.3546447753906,1789050938.9437625
time/actor/run_training,24,23,444.44329833984375,1789051237.257065
time/actor/run_training,25,24,444.7567138671875,1789051822.1855755
time/actor/run_training,26,25,444.70819091796875,1789052119.137221
time/actor/run_training,27,26,445.796142578125,1789052420.751789
time/actor/run_training,28,27,443.8614501953125,1789052718.904978
time/actor/run_training,29,28,444.0255432128906,1789053019.8350892
time/actor/run_training,30,29,445.5240783691406,1789053666.142276
time/actor/run_training,31,30,445.6520080566406,1789053965.7325313
time/actor/run_training,32,31,447.4231262207031,1789054272.8971364
time/actor/run_training,33,32,445.38104248046875,1789054574.8176985
time/actor/run_training,34,33,446.6451416015625,1789054880.4451
time/actor/run_training,35,34,452.3874816894531,1789055522.2087193
time/actor/run_training,36,35,446.43072509765625,1789055825.462722
time/actor/run_training,37,36,449.9892272949219,1789056134.3410225
time/actor/run_training,38,37,452.3695373535156,1789056444.8257523
time/actor/run_training,39,38,452.9833679199219,1789056750.780618
time/actor/run_training,40,39,456.3511657714844,1789057409.7188065
time/actor/run_training,41,40,446.1838684082031,1789057711.7556052
time/actor/run_training,42,41,451.45648193359375,1789058024.7905617
time/actor/run_training,43,42,453.2090759277344,1789058341.4084992
time/actor/run_training,44,43,455.2231140136719,1789058649.020833
time/actor/run_training,45,44,446.8012390136719,1789059280.9267488
time/actor/run_training,46,45,449.0199890136719,1789059601.6862535
time/actor/run_training,47,46,450.73138427734375,1789059922.6270285
time/actor/run_training,48,47,448.521484375,1789060237.79246
time/actor/run_training,49,48,448.2815856933594,1789060545.8391168
time/actor/run_training,50,49,447.25897216796875,1789061201.5804243
time/actor/run_training,51,50,445.0902404785156,1789061498.665482
time/actor/run_training,52,51,449.6686096191406,1789061816.3551326
time/actor/run_training,53,52,448.1032409667969,1789062122.5385563
time/actor/run_training,54,53,447.9952697753906,1789062426.5438743
time/actor/run_training,55,54,455.364013671875,1789063070.284169
time/actor/run_training,56,55,447.7085266113281,1789063386.8758204
time/actor/run_training,57,56,450.3286437988281,1789063703.500811
time/actor/run_training,58,57,444.91064453125,1789064008.9451861
time/actor/run_training,59,58,449.3276062011719,1789064327.4692745
time/actor/run_training,60,59,464.6731262207031,1789064954.152378
time/actor/run_training,61,60,450.19708251953125,1789065252.5941281
time/actor/run_training,62,61,445.1343688964844,1789065550.418933
time/actor/run_training,63,62,450.2442932128906,1789065855.029784
time/actor/run_training,64,63,453.7180480957031,1789066158.5609345
time/actor/run_training,65,64,444.8724670410156,1789066738.9898274
time/actor/run_training,66,65,451.8274230957031,1789067040.7072208
time/actor/run_training,67,66,450.75128173828125,1789067338.907494
time/actor/run_training,68,67,452.6044921875,1789067639.983982
time/actor/run_training,69,68,445.14593505859375,1789067937.1760075
time/actor/run_training,70,69,445.5126037597656,1789068535.1746407
time/actor/run_training,71,70,444.39251708984375,1789068829.6844506
time/actor/run_training,72,71,451.2998962402344,1789069131.496354
time/actor/run_training,73,72,446.3365478515625,1789069429.4064677
time/actor/run_training,74,73,445.9173583984375,1789069726.5999022
time/actor/run_training,75,74,446.1837158203125,1789070303.1358726
time/actor/run_training,76,75,446.04119873046875,1789070600.9374595
time/actor/run_training,77,76,445.06304931640625,1789070899.9787982
time/actor/run_training,78,77,444.42578125,1789071195.4612677
time/actor/run_training,79,78,449.156982421875,1789071493.8885078
time/actor/run_training,80,79,446.0167541503906,1789072100.4289925
time/actor/run_training,81,80,445.3516845703125,1789072396.0063913
time/actor/run_training,82,81,446.1756286621094,1789072694.2754185
time/actor/run_training,83,82,445.0388488769531,1789072990.9772065
time/actor/run_training,84,83,453.5732116699219,1789073292.2122204
time/actor/run_training,85,84,447.7955627441406,1789073865.0251203
time/actor/run_training,86,85,452.441650390625,1789074165.7453709
time/actor/run_training,87,86,450.15313720703125,1789074465.900765
time/actor/run_training,88,87,446.85491943359375,1789074766.681351
time/actor/run_training,89,88,445.8907470703125,1789075065.621312
time/actor/run_training,90,89,452.57391357421875,1789075674.5165033
time/actor/run_training,91,90,457.5165710449219,1789075974.5329313
time/actor/run_training,92,91,470.5262145996094,1789076285.4853935
time/actor/run_training,93,92,462.35467529296875,1789076591.4041703
time/actor/run_training,94,93,453.8719787597656,1789076892.6537774
time/actor/run_training,95,94,465.54986572265625,1789077475.5652807
time/actor/run_training,96,95,466.1997985839844,1789077780.9213548
time/actor/run_training,97,96,460.8316650390625,1789078088.646474
time/actor/run_training,98,97,464.8444519042969,1789078397.4114013
time/actor/run_training,99,98,470.2769775390625,1789078708.8035054
time/actor/run_training,100,99,467.253662109375,1789079323.744294
train/actor/grad_norm,1,0,0.23951642215251923,1789042971.7985327
train/actor/grad_norm,2,1,0.10643929243087769,1789043289.376513
train/actor/grad_norm,3,2,0.08377756923437119,1789043596.1770444
train/actor/grad_norm,4,3,0.06552636623382568,1789043916.2428355
train/actor/grad_norm,5,4,0.049011267721652985,1789044572.5128682
train/actor/grad_norm,6,5,0.04273895546793938,1789044887.0659032
train/actor/grad_norm,7,6,0.040662623941898346,1789045194.3986218
train/actor/grad_norm,8,7,0.04223768413066864,1789045504.0049148
train/actor/grad_norm,9,8,0.04034723341464996,1789045808.403684
train/actor/grad_norm,10,9,0.04008106142282486,1789046433.8840678
train/actor/grad_norm,11,10,0.04093925282359123,1789046731.589768
train/actor/grad_norm,12,11,0.03561714291572571,1789047034.326185
train/actor/grad_norm,13,12,0.037835344672203064,1789047335.901755
train/actor/grad_norm,14,13,0.04013023152947426,1789047636.4445682
train/actor/grad_norm,15,14,0.04161108657717705,1789048223.8554144
train/actor/grad_norm,16,15,0.04169751703739166,1789048523.8319578
train/actor/grad_norm,17,16,0.04725047945976257,1789048825.5658875
train/actor/grad_norm,18,17,0.04575502872467041,1789049128.7420187
train/actor/grad_norm,19,18,0.04570287838578224,1789049426.1655364
train/actor/grad_norm,20,19,0.04326799139380455,1789050040.6369665
train/actor/grad_norm,21,20,0.04689018055796623,1789050339.0015814
train/actor/grad_norm,22,21,0.04156331345438957,1789050639.133232
train/actor/grad_norm,23,22,0.04125690087676048,1789050938.9437742
train/actor/grad_norm,24,23,0.040956709533929825,1789051237.2570717
train/actor/grad_norm,25,24,0.04514037445187569,1789051822.1855865
train/actor/grad_norm,26,25,0.04200822487473488,1789052119.137229
train/actor/grad_norm,27,26,0.039487820118665695,1789052420.7517996
train/actor/grad_norm,28,27,0.04044470563530922,1789052718.9049854
train/actor/grad_norm,29,28,0.04627997428178787,1789053019.8350961
train/actor/grad_norm,30,29,0.044475916773080826,1789053666.142283
train/actor/grad_norm,31,30,0.04439350962638855,1789053965.732539
train/actor/grad_norm,32,31,0.05002942681312561,1789054272.8971424
train/actor/grad_norm,33,32,0.0539347380399704,1789054574.8177116
train/actor/grad_norm,34,33,0.05113406851887703,1789054880.445108
train/actor/grad_norm,35,34,0.048567987978458405,1789055522.2087307
train/actor/grad_norm,36,35,0.04746052995324135,1789055825.4627287
train/actor/grad_norm,37,36,0.04027410224080086,1789056134.3410323
train/actor/grad_norm,38,37,0.04395251348614693,1789056444.825758
train/actor/grad_norm,39,38,0.0391252376139164,1789056750.780625
train/actor/grad_norm,40,39,0.046006057411432266,1789057409.718818
train/actor/grad_norm,41,40,0.04874306544661522,1789057711.755625
train/actor/grad_norm,42,41,0.04251342639327049,1789058024.790569
train/actor/grad_norm,43,42,0.05264054238796234,1789058341.4085073
train/actor/grad_norm,44,43,0.04963543266057968,1789058649.0208414
train/actor/grad_norm,45,44,0.049511030316352844,1789059280.926767
train/actor/grad_norm,46,45,0.045706816017627716,1789059601.6862633
train/actor/grad_norm,47,46,0.0434974730014801,1789059922.6270397
train/actor/grad_norm,48,47,0.044221293181180954,1789060237.7924676
train/actor/grad_norm,49,48,0.04422326385974884,1789060545.8391242
train/actor/grad_norm,50,49,0.04768790304660797,1789061201.5804327
train/actor/grad_norm,51,50,0.04471036046743393,1789061498.66549
train/actor/grad_norm,52,51,0.03928603604435921,1789061816.3551393
train/actor/grad_norm,53,52,0.04333922266960144,1789062122.5385647
train/actor/grad_norm,54,53,0.045734357088804245,1789062426.543881
train/actor/grad_norm,55,54,0.04390602558851242,1789063070.2841756
train/actor/grad_norm,56,55,0.0436849445104599,1789063386.8758273
train/actor/grad_norm,57,56,0.0434584878385067,1789063703.5008197
train/actor/grad_norm,58,57,0.050501544028520584,1789064008.945194
train/actor/grad_norm,59,58,0.0491337850689888,1789064327.4692817
train/actor/grad_norm,60,59,0.05010388791561127,1789064954.152392
train/actor/grad_norm,61,60,0.04746626690030098,1789065252.5941355
train/actor/grad_norm,62,61,0.051154859364032745,1789065550.418943
train/actor/grad_norm,63,62,0.046252571046352386,1789065855.0297906
train/actor/grad_norm,64,63,0.04768739268183708,1789066158.5609424
train/actor/grad_norm,65,64,0.0465204082429409,1789066738.9898343
train/actor/grad_norm,66,65,0.04692960903048515,1789067040.7072322
train/actor/grad_norm,67,66,0.047226984053850174,1789067338.9075031
train/actor/grad_norm,68,67,0.053415216505527496,1789067639.983989
train/actor/grad_norm,69,68,0.04812430590391159,1789067937.1760163
train/actor/grad_norm,70,69,0.047778211534023285,1789068535.1746483
train/actor/grad_norm,71,70,0.0436454713344574,1789068829.684459
train/actor/grad_norm,72,71,0.05073551461100578,1789069131.496362
train/actor/grad_norm,73,72,0.0455559603869915,1789069429.4064763
train/actor/grad_norm,74,73,0.046723924577236176,1789069726.5999088
train/actor/grad_norm,75,74,0.04682697355747223,1789070303.1358843
train/actor/grad_norm,76,75,0.04681447520852089,1789070600.9374645
train/actor/grad_norm,77,76,0.050152670592069626,1789070899.9788053
train/actor/grad_norm,78,77,0.04888570308685303,1789071195.4612746
train/actor/grad_norm,79,78,0.04457594081759453,1789071493.888516
train/actor/grad_norm,80,79,0.048252787441015244,1789072100.4289975
train/actor/grad_norm,81,80,0.045476146042346954,1789072396.0064018
train/actor/grad_norm,82,81,0.0481485091149807,1789072694.2754264
train/actor/grad_norm,83,82,0.04584634676575661,1789072990.9772122
train/actor/grad_norm,84,83,0.047181736677885056,1789073292.2122273
train/actor/grad_norm,85,84,0.04797905683517456,1789073865.0251472
train/actor/grad_norm,86,85,0.04512787237763405,1789074165.7453783
train/actor/grad_norm,87,86,0.05006344988942146,1789074465.9007714
train/actor/grad_norm,88,87,0.046332504600286484,1789074766.6813576
train/actor/grad_norm,89,88,0.04884827882051468,1789075065.6213186
train/actor/grad_norm,90,89,0.04579336196184158,1789075674.51651
train/actor/grad_norm,91,90,0.05492892861366272,1789075974.5329418
train/actor/grad_norm,92,91,0.051226258277893066,1789076285.4854045
train/actor/grad_norm,93,92,0.050301503390073776,1789076591.4041822
train/actor/grad_norm,94,93,0.04707535356283188,1789076892.6537852
train/actor/grad_norm,95,94,0.05020086467266083,1789077475.5652895
train/actor/grad_norm,96,95,0.05103128030896187,1789077780.9213836
train/actor/grad_norm,97,96,0.051044024527072906,1789078088.6464832
train/actor/grad_norm,98,97,0.05247621238231659,1789078397.4114094
train/actor/grad_norm,99,98,0.04922766983509064,1789078708.803512
train/actor/grad_norm,100,99,0.04351712763309479,1789079323.7443051
train/actor/lr,1,0,2.499999936844688e-05,1789042971.7985415
train/actor/lr,2,1,2.499999936844688e-05,1789043289.3765204
train/actor/lr,3,2,2.499999936844688e-05,1789043596.1770506
train/actor/lr,4,3,2.499999936844688e-05,1789043916.2428415
train/actor/lr,5,4,2.499999936844688e-05,1789044572.512882
train/actor/lr,6,5,2.499999936844688e-05,1789044887.0659125
train/actor/lr,7,6,2.499999936844688e-05,1789045194.3986275
train/actor/lr,8,7,2.499999936844688e-05,1789045504.0049212
train/actor/lr,9,8,2.499999936844688e-05,1789045808.4036946
train/actor/lr,10,9,2.499999936844688e-05,1789046433.8840778
train/actor/lr,11,10,2.499999936844688e-05,1789046731.5897727
train/actor/lr,12,11,2.499999936844688e-05,1789047034.3261912
train/actor/lr,13,12,2.499999936844688e-05,1789047335.901761
train/actor/lr,14,13,2.499999936844688e-05,1789047636.4445744
train/actor/lr,15,14,2.499999936844688e-05,1789048223.85542
train/actor/lr,16,15,2.499999936844688e-05,1789048523.8319654
train/actor/lr,17,16,2.499999936844688e-05,1789048825.5658944
train/actor/lr,18,17,2.499999936844688e-05,1789049128.7420247
train/actor/lr,19,18,2.499999936844688e-05,1789049426.1655426
train/actor/lr,20,19,2.499999936844688e-05,1789050040.636972
train/actor/lr,21,20,2.499999936844688e-05,1789050339.0015895
train/actor/lr,22,21,2.499999936844688e-05,1789050639.1332386
train/actor/lr,23,22,2.499999936844688e-05,1789050938.9437847
train/actor/lr,24,23,2.499999936844688e-05,1789051237.257078
train/actor/lr,25,24,2.499999936844688e-05,1789051822.185596
train/actor/lr,26,25,2.499999936844688e-05,1789052119.1372356
train/actor/lr,27,26,2.499999936844688e-05,1789052420.7518084
train/actor/lr,28,27,2.499999936844688e-05,1789052718.9049916
train/actor/lr,29,28,2.499999936844688e-05,1789053019.8351026
train/actor/lr,30,29,2.499999936844688e-05,1789053666.1422896
train/actor/lr,31,30,2.499999936844688e-05,1789053965.7325451
train/actor/lr,32,31,2.499999936844688e-05,1789054272.8971486
train/actor/lr,33,32,2.499999936844688e-05,1789054574.8177233
train/actor/lr,34,33,2.499999936844688e-05,1789054880.4451172
train/actor/lr,35,34,2.499999936844688e-05,1789055522.2087426
train/actor/lr,36,35,2.499999936844688e-05,1789055825.4627352
train/actor/lr,37,36,2.499999936844688e-05,1789056134.3410394
train/actor/lr,38,37,2.499999936844688e-05,1789056444.8257627
train/actor/lr,39,38,2.499999936844688e-05,1789056750.7806315
train/actor/lr,40,39,2.499999936844688e-05,1789057409.718828
train/actor/lr,41,40,2.499999936844688e-05,1789057711.7556424
train/actor/lr,42,41,2.499999936844688e-05,1789058024.7905753
train/actor/lr,43,42,2.499999936844688e-05,1789058341.4085147
train/actor/lr,44,43,2.499999936844688e-05,1789058649.0208495
train/actor/lr,45,44,2.499999936844688e-05,1789059280.9267807
train/actor/lr,46,45,2.499999936844688e-05,1789059601.6862702
train/actor/lr,47,46,2.499999936844688e-05,1789059922.6270478
train/actor/lr,48,47,2.499999936844688e-05,1789060237.7924745
train/actor/lr,49,48,2.499999936844688e-05,1789060545.8391304
train/actor/lr,50,49,2.499999936844688e-05,1789061201.5804403
train/actor/lr,51,50,2.499999936844688e-05,1789061498.6654975
train/actor/lr,52,51,2.499999936844688e-05,1789061816.355146
train/actor/lr,53,52,2.499999936844688e-05,1789062122.5385711
train/actor/lr,54,53,2.499999936844688e-05,1789062426.543887
train/actor/lr,55,54,2.499999936844688e-05,1789063070.2841818
train/actor/lr,56,55,2.499999936844688e-05,1789063386.875833
train/actor/lr,57,56,2.499999936844688e-05,1789063703.5008268
train/actor/lr,58,57,2.499999936844688e-05,1789064008.9452004
train/actor/lr,59,58,2.499999936844688e-05,1789064327.4692876
train/actor/lr,60,59,2.499999936844688e-05,1789064954.152401
train/actor/lr,61,60,2.499999936844688e-05,1789065252.594142
train/actor/lr,62,61,2.499999936844688e-05,1789065550.4189515
train/actor/lr,63,62,2.499999936844688e-05,1789065855.0297966
train/actor/lr,64,63,2.499999936844688e-05,1789066158.5609498
train/actor/lr,65,64,2.499999936844688e-05,1789066738.9898415
train/actor/lr,66,65,2.499999936844688e-05,1789067040.7072418
train/actor/lr,67,66,2.499999936844688e-05,1789067338.9075115
train/actor/lr,68,67,2.499999936844688e-05,1789067639.9839952
train/actor/lr,69,68,2.499999936844688e-05,1789067937.1760235
train/actor/lr,70,69,2.499999936844688e-05,1789068535.1746545
train/actor/lr,71,70,2.499999936844688e-05,1789068829.6844673
train/actor/lr,72,71,2.499999936844688e-05,1789069131.4963663
train/actor/lr,73,72,2.499999936844688e-05,1789069429.406482
train/actor/lr,74,73,2.499999936844688e-05,1789069726.599915
train/actor/lr,75,74,2.499999936844688e-05,1789070303.135894
train/actor/lr,76,75,2.499999936844688e-05,1789070600.9374692
train/actor/lr,77,76,2.499999936844688e-05,1789070899.9788117
train/actor/lr,78,77,2.499999936844688e-05,1789071195.4612808
train/actor/lr,79,78,2.499999936844688e-05,1789071493.8885221
train/actor/lr,80,79,2.499999936844688e-05,1789072100.4290028
train/actor/lr,81,80,2.499999936844688e-05,1789072396.0064113
train/actor/lr,82,81,2.499999936844688e-05,1789072694.2754335
train/actor/lr,83,82,2.499999936844688e-05,1789072990.977217
train/actor/lr,84,83,2.499999936844688e-05,1789073292.2122388
train/actor/lr,85,84,2.499999936844688e-05,1789073865.0251698
train/actor/lr,86,85,2.499999936844688e-05,1789074165.7453842
train/actor/lr,87,86,2.499999936844688e-05,1789074465.900777
train/actor/lr,88,87,2.499999936844688e-05,1789074766.6813638
train/actor/lr,89,88,2.499999936844688e-05,1789075065.6213253
train/actor/lr,90,89,2.499999936844688e-05,1789075674.5165162
train/actor/lr,91,90,2.499999936844688e-05,1789075974.5329506
train/actor/lr,92,91,2.499999936844688e-05,1789076285.4854136
train/actor/lr,93,92,2.499999936844688e-05,1789076591.4041932
train/actor/lr,94,93,2.499999936844688e-05,1789076892.6537914
train/actor/lr,95,94,2.499999936844688e-05,1789077475.5652962
train/actor/lr,96,95,2.499999936844688e-05,1789077780.9214046
train/actor/lr,97,96,2.499999936844688e-05,1789078088.646491
train/actor/lr,98,97,2.499999936844688e-05,1789078397.411415
train/actor/lr,99,98,2.499999936844688e-05,1789078708.803518
train/actor/lr,100,99,2.499999936844688e-05,1789079323.744315
train/bc/actor_loss,1,0,0.008292574435472488,1789042971.7985508
train/bc/actor_loss,2,1,0.011294850148260593,1789043289.3765273
train/bc/actor_loss,3,2,0.010294763371348381,1789043596.1770566
train/bc/actor_loss,4,3,0.009137189947068691,1789043916.242848
train/bc/actor_loss,5,4,0.008359944447875023,1789044572.513112
train/bc/actor_loss,6,5,0.007505050394684076,1789044887.0659227
train/bc/actor_loss,7,6,0.007491171360015869,1789045194.3986335
train/bc/actor_loss,8,7,0.007365702651441097,1789045504.004927
train/bc/actor_loss,9,8,0.007474382407963276,1789045808.4037037
train/bc/actor_loss,10,9,0.0068610357120633125,1789046433.8845801
train/bc/actor_loss,11,10,0.006631858181208372,1789046731.5897775
train/bc/actor_loss,12,11,0.006287775933742523,1789047034.3261971
train/bc/actor_loss,13,12,0.005748745519667864,1789047335.901767
train/bc/actor_loss,14,13,0.005394868552684784,1789047636.4445806
train/bc/actor_loss,15,14,0.005668067838996649,1789048223.8555954
train/bc/actor_loss,16,15,0.005775448866188526,1789048523.8319728
train/bc/actor_loss,17,16,0.005542343016713858,1789048825.5659008
train/bc/actor_loss,18,17,0.005617120768874884,1789049128.7420313
train/bc/actor_loss,19,18,0.005713313352316618,1789049426.1655493
train/bc/actor_loss,20,19,0.005551569629460573,1789050040.6374462
train/bc/actor_loss,21,20,0.005585259757936001,1789050339.0015967
train/bc/actor_loss,22,21,0.00521850073710084,1789050639.133245
train/bc/actor_loss,23,22,0.005091340746730566,1789050938.9437952
train/bc/actor_loss,24,23,0.005291346460580826,1789051237.2570841
train/bc/actor_loss,25,24,0.005148077383637428,1789051822.1860776
train/bc/actor_loss,26,25,0.005313081666827202,1789052119.1372435
train/bc/actor_loss,27,26,0.005278675816953182,1789052420.7518167
train/bc/actor_loss,28,27,0.005606587510555983,1789052718.9049978
train/bc/actor_loss,29,28,0.004912659991532564,1789053019.8351083
train/bc/actor_loss,30,29,0.004746732302010059,1789053666.142566
train/bc/actor_loss,31,30,0.00489146588370204,1789053965.732551
train/bc/actor_loss,32,31,0.00476450240239501,1789054272.8971546
train/bc/actor_loss,33,32,0.004771566949784756,1789054574.8177342
train/bc/actor_loss,34,33,0.004756464157253504,1789054880.4451244
train/bc/actor_loss,35,34,0.005293566267937422,1789055522.2089562
train/bc/actor_loss,36,35,0.004945256281644106,1789055825.4627411
train/bc/actor_loss,37,36,0.00482470728456974,1789056134.3410468
train/bc/actor_loss,38,37,0.004466596990823746,1789056444.8257675
train/bc/actor_loss,39,38,0.0042505525052547455,1789056750.780638
train/bc/actor_loss,40,39,0.004527032375335693,1789057409.7193413
train/bc/actor_loss,41,40,0.004382980987429619,1789057711.75566
train/bc/actor_loss,42,41,0.004394633695483208,1789058024.7905812
train/bc/actor_loss,43,42,0.004801694769412279,1789058341.4085217
train/bc/actor_loss,44,43,0.004816578235477209,1789058649.0208566
train/bc/actor_loss,45,44,0.004774069879204035,1789059280.9276562
train/bc/actor_loss,46,45,0.004388398490846157,1789059601.6862767
train/bc/actor_loss,47,46,0.004596782382577658,1789059922.6270556
train/bc/actor_loss,48,47,0.004218430258333683,1789060237.792481
train/bc/actor_loss,49,48,0.003992232959717512,1789060545.8391364
train/bc/actor_loss,50,49,0.004492701962590218,1789061201.5809162
train/bc/actor_loss,51,50,0.004268946126103401,1789061498.665505
train/bc/actor_loss,52,51,0.004400968551635742,1789061816.355152
train/bc/actor_loss,53,52,0.004068286623805761,1789062122.538577
train/bc/actor_loss,54,53,0.004179657902568579,1789062426.5438924
train/bc/actor_loss,55,54,0.003913281951099634,1789063070.2846792
train/bc/actor_loss,56,55,0.004429334308952093,1789063386.8758388
train/bc/actor_loss,57,56,0.00392568064853549,1789063703.5008328
train/bc/actor_loss,58,57,0.004585004411637783,1789064008.9452066
train/bc/actor_loss,59,58,0.004309543874114752,1789064327.4692936
train/bc/actor_loss,60,59,0.004333584103733301,1789064954.1528227
train/bc/actor_loss,61,60,0.0043778750114142895,1789065252.5941482
train/bc/actor_loss,62,61,0.004023160319775343,1789065550.41896
train/bc/actor_loss,63,62,0.003945113625377417,1789065855.029803
train/bc/actor_loss,64,63,0.0040048458613455296,1789066158.5609565
train/bc/actor_loss,65,64,0.004279235377907753,1789066738.9903243
train/bc/actor_loss,66,65,0.004103499930351973,1789067040.7072504
train/bc/actor_loss,67,66,0.0042478363029658794,1789067338.9075193
train/bc/actor_loss,68,67,0.004363572224974632,1789067639.984001
train/bc/actor_loss,69,68,0.004234134219586849,1789067937.1760297
train/bc/actor_loss,70,69,0.0039553456008434296,1789068535.1751208
train/bc/actor_loss,71,70,0.004006673116236925,1789068829.684475
train/bc/actor_loss,72,71,0.003773309290409088,1789069131.49637
train/bc/actor_loss,73,72,0.0036475437227636576,1789069429.4064877
train/bc/actor_loss,74,73,0.004004485439509153,1789069726.5999207
train/bc/actor_loss,75,74,0.003844465594738722,1789070303.1361747
train/bc/actor_loss,76,75,0.004069712944328785,1789070600.9374738
train/bc/actor_loss,77,76,0.004467037506401539,1789070899.9788177
train/bc/actor_loss,78,77,0.003973499406129122,1789071195.4612865
train/bc/actor_loss,79,78,0.004221693612635136,1789071493.888528
train/bc/actor_loss,80,79,0.004105181898921728,1789072100.4294746
train/bc/actor_loss,81,80,0.0037582891527563334,1789072396.0064201
train/bc/actor_loss,82,81,0.0036362758837640285,1789072694.2754402
train/bc/actor_loss,83,82,0.003931517247110605,1789072990.9772217
train/bc/actor_loss,84,83,0.0036847377195954323,1789073292.2122455
train/bc/actor_loss,85,84,0.0035648117773234844,1789073865.025758
train/bc/actor_loss,86,85,0.004125488921999931,1789074165.7453902
train/bc/actor_loss,87,86,0.004004858899861574,1789074465.9007833
train/bc/actor_loss,88,87,0.00394673366099596,1789074766.6813695
train/bc/actor_loss,89,88,0.0037603413220494986,1789075065.6213315
train/bc/actor_loss,90,89,0.003474900498986244,1789075674.5169797
train/bc/actor_loss,91,90,0.003748333780094981,1789075974.5329587
train/bc/actor_loss,92,91,0.003821824910119176,1789076285.4854228
train/bc/actor_loss,93,92,0.003733136225491762,1789076591.4042056
train/bc/actor_loss,94,93,0.003598198527470231,1789076892.6537976
train/bc/actor_loss,95,94,0.004428222309798002,1789077475.5660233
train/bc/actor_loss,96,95,0.004042480606585741,1789077780.921424
train/bc/actor_loss,97,96,0.0038617239333689213,1789078088.6464992
train/bc/actor_loss,98,97,0.003987183328717947,1789078397.4114208
train/bc/actor_loss,99,98,0.0037844409234821796,1789078708.8035238
train/bc/actor_loss,100,99,0.003751112148165703,1789079323.7449148
train/dvac_new/chunk_std,1,0,0.44963884353637695,1789042971.7985587
train/dvac_new/chunk_std,2,1,0.29221561551094055,1789043289.3765345
train/dvac_new/chunk_std,3,2,0.28630924224853516,1789043596.1770625
train/dvac_new/chunk_std,4,3,0.2730528712272644,1789043916.242854
train/dvac_new/chunk_std,5,4,0.20968253910541534,1789044572.5131197
train/dvac_new/chunk_std,6,5,0.210231214761734,1789044887.0659301
train/dvac_new/chunk_std,7,6,0.21037836372852325,1789045194.3986392
train/dvac_new/chunk_std,8,7,0.2026505470275879,1789045504.0049334
train/dvac_new/chunk_std,9,8,0.19728252291679382,1789045808.403713
train/dvac_new/chunk_std,10,9,0.19175609946250916,1789046433.8845904
train/dvac_new/chunk_std,11,10,0.18760840594768524,1789046731.5897822
train/dvac_new/chunk_std,12,11,0.19276295602321625,1789047034.3262029
train/dvac_new/chunk_std,13,12,0.19032448530197144,1789047335.9017727
train/dvac_new/chunk_std,14,13,0.19495101273059845,1789047636.444586
train/dvac_new/chunk_std,15,14,0.1957533210515976,1789048223.8556015
train/dvac_new/chunk_std,16,15,0.1968775987625122,1789048523.8319802
train/dvac_new/chunk_std,17,16,0.1929687112569809,1789048825.5659072
train/dvac_new/chunk_std,18,17,0.1937699317932129,1789049128.7420373
train/dvac_new/chunk_std,19,18,0.18325099349021912,1789049426.1655557
train/dvac_new/chunk_std,20,19,0.18304744362831116,1789050040.6374521
train/dvac_new/chunk_std,21,20,0.18659228086471558,1789050339.001602
train/dvac_new/chunk_std,22,21,0.18963934481143951,1789050639.1332507
train/dvac_new/chunk_std,23,22,0.18275819718837738,1789050938.9438052
train/dvac_new/chunk_std,24,23,0.1826532632112503,1789051237.2570896
train/dvac_new/chunk_std,25,24,0.18475590646266937,1789051822.1860878
train/dvac_new/chunk_std,26,25,0.18363967537879944,1789052119.1372497
train/dvac_new/chunk_std,27,26,0.18352173268795013,1789052420.7518249
train/dvac_new/chunk_std,28,27,0.17797252535820007,1789052718.9050038
train/dvac_new/chunk_std,29,28,0.17765535414218903,1789053019.8351142
train/dvac_new/chunk_std,30,29,0.1781594604253769,1789053666.1425726
train/dvac_new/chunk_std,31,30,0.17955560982227325,1789053965.7325573
train/dvac_new/chunk_std,32,31,0.17739661037921906,1789054272.8971605
train/dvac_new/chunk_std,33,32,0.1711510270833969,1789054574.8177457
train/dvac_new/chunk_std,34,33,0.17309053242206573,1789054880.4451315
train/dvac_new/chunk_std,35,34,0.1706022322177887,1789055522.208969
train/dvac_new/chunk_std,36,35,0.17259646952152252,1789055825.462747
train/dvac_new/chunk_std,37,36,0.17368847131729126,1789056134.3410542
train/dvac_new/chunk_std,38,37,0.1746392846107483,1789056444.8257716
train/dvac_new/chunk_std,39,38,0.15809448063373566,1789056750.7806442
train/dvac_new/chunk_std,40,39,0.15561476349830627,1789057409.719352
train/dvac_new/chunk_std,41,40,0.15787482261657715,1789057711.7556765
train/dvac_new/chunk_std,42,41,0.16013909876346588,1789058024.790588
train/dvac_new/chunk_std,43,42,0.16226132214069366,1789058341.408529
train/dvac_new/chunk_std,44,43,0.15757785737514496,1789058649.0208642
train/dvac_new/chunk_std,45,44,0.15775944292545319,1789059280.9276853
train/dvac_new/chunk_std,46,45,0.16028662025928497,1789059601.6862826
train/dvac_new/chunk_std,47,46,0.1586799919605255,1789059922.6270676
train/dvac_new/chunk_std,48,47,0.15741422772407532,1789060237.7924867
train/dvac_new/chunk_std,49,48,0.1555813103914261,1789060545.8391423
train/dvac_new/chunk_std,50,49,0.1613185703754425,1789061201.5809247
train/dvac_new/chunk_std,51,50,0.16024188697338104,1789061498.665513
train/dvac_new/chunk_std,52,51,0.15758438408374786,1789061816.3551579
train/dvac_new/chunk_std,53,52,0.15790238976478577,1789062122.538583
train/dvac_new/chunk_std,54,53,0.15638446807861328,1789062426.5438983
train/dvac_new/chunk_std,55,54,0.15368282794952393,1789063070.2846854
train/dvac_new/chunk_std,56,55,0.1541244387626648,1789063386.875844
train/dvac_new/chunk_std,57,56,0.15677258372306824,1789063703.5008385
train/dvac_new/chunk_std,58,57,0.1597069799900055,1789064008.9452121
train/dvac_new/chunk_std,59,58,0.15785180032253265,1789064327.4692998
train/dvac_new/chunk_std,60,59,0.16223445534706116,1789064954.152838
train/dvac_new/chunk_std,61,60,0.15585477650165558,1789065252.5941544
train/dvac_new/chunk_std,62,61,0.1591566950082779,1789065550.4189677
train/dvac_new/chunk_std,63,62,0.1625571846961975,1789065855.0298085
train/dvac_new/chunk_std,64,63,0.15536552667617798,1789066158.5609632
train/dvac_new/chunk_std,65,64,0.1613226979970932,1789066738.9903316
train/dvac_new/chunk_std,66,65,0.15268798172473907,1789067040.7072592
train/dvac_new/chunk_std,67,66,0.15658169984817505,1789067338.9075272
train/dvac_new/chunk_std,68,67,0.15822471678256989,1789067639.9840074
train/dvac_new/chunk_std,69,68,0.1566985696554184,1789067937.176036
train/dvac_new/chunk_std,70,69,0.15946704149246216,1789068535.1751273
train/dvac_new/chunk_std,71,70,0.15846745669841766,1789068829.6844823
train/dvac_new/chunk_std,72,71,0.15620620548725128,1789069131.4963744
train/dvac_new/chunk_std,73,72,0.15820039808750153,1789069429.4064934
train/dvac_new/chunk_std,74,73,0.16026237607002258,1789069726.5999258
train/dvac_new/chunk_std,75,74,0.15719853341579437,1789070303.136185
train/dvac_new/chunk_std,76,75,0.15707091987133026,1789070600.9374785
train/dvac_new/chunk_std,77,76,0.1618492305278778,1789070899.9788237
train/dvac_new/chunk_std,78,77,0.1581694334745407,1789071195.4612925
train/dvac_new/chunk_std,79,78,0.15350840985774994,1789071493.8885343
train/dvac_new/chunk_std,80,79,0.1593916416168213,1789072100.4294798
train/dvac_new/chunk_std,81,80,0.15457870066165924,1789072396.0064292
train/dvac_new/chunk_std,82,81,0.15873348712921143,1789072694.2754476
train/dvac_new/chunk_std,83,82,0.15785843133926392,1789072990.977226
train/dvac_new/chunk_std,84,83,0.15821769833564758,1789073292.2122514
train/dvac_new/chunk_std,85,84,0.15898261964321136,1789073865.025782
train/dvac_new/chunk_std,86,85,0.15441957116127014,1789074165.7453957
train/dvac_new/chunk_std,87,86,0.1544799953699112,1789074465.9007895
train/dvac_new/chunk_std,88,87,0.1577579528093338,1789074766.6813755
train/dvac_new/chunk_std,89,88,0.154517263174057,1789075065.6213374
train/dvac_new/chunk_std,90,89,0.15341514348983765,1789075674.5169864
train/dvac_new/chunk_std,91,90,0.15421505272388458,1789075974.5329676
train/dvac_new/chunk_std,92,91,0.15485738217830658,1789076285.4854321
train/dvac_new/chunk_std,93,92,0.1545652598142624,1789076591.4042172
train/dvac_new/chunk_std,94,93,0.1534428745508194,1789076892.6538033
train/dvac_new/chunk_std,95,94,0.1547164022922516,1789077475.5660393
train/dvac_new/chunk_std,96,95,0.15765313804149628,1789077780.921443
train/dvac_new/chunk_std,97,96,0.1570199429988861,1789078088.6465068
train/dvac_new/chunk_std,98,97,0.15439167618751526,1789078397.4114268
train/dvac_new/chunk_std,99,98,0.15635542571544647,1789078708.8035295
train/dvac_new/chunk_std,100,99,0.15487484633922577,1789079323.7449656
train/dvac_new/coefficient_ess,1,0,569232.375,1789042971.7985668
train/dvac_new/coefficient_ess,2,1,632633.8125,1789043289.3765411
train/dvac_new/coefficient_ess,3,2,633830.5,1789043596.1770682
train/dvac_new/coefficient_ess,4,3,637572.0625,1789043916.2428603
train/dvac_new/coefficient_ess,5,4,653768.5625,1789044572.5131261
train/dvac_new/coefficient_ess,6,5,653199.0,1789044887.0659378
train/dvac_new/coefficient_ess,7,6,652796.5,1789045194.398645
train/dvac_new/coefficient_ess,8,7,654827.25,1789045504.0049393
train/dvac_new/coefficient_ess,9,8,655841.625,1789045808.4037228
train/dvac_new/coefficient_ess,10,9,656933.4375,1789046433.8846014
train/dvac_new/coefficient_ess,11,10,657987.125,1789046731.5897872
train/dvac_new/coefficient_ess,12,11,656466.75,1789047034.3262084
train/dvac_new/coefficient_ess,13,12,657065.375,1789047335.9017787
train/dvac_new/coefficient_ess,14,13,656113.5,1789047636.4445918
train/dvac_new/coefficient_ess,15,14,655839.8125,1789048223.8556077
train/dvac_new/coefficient_ess,16,15,655732.9375,1789048523.8319874
train/dvac_new/coefficient_ess,17,16,656315.5,1789048825.5659142
train/dvac_new/coefficient_ess,18,17,655971.0,1789049128.742043
train/dvac_new/coefficient_ess,19,18,658434.75,1789049426.165562
train/dvac_new/coefficient_ess,20,19,658372.25,1789050040.6374576
train/dvac_new/coefficient_ess,21,20,657363.0625,1789050339.001608
train/dvac_new/coefficient_ess,22,21,656253.75,1789050639.1332572
train/dvac_new/coefficient_ess,23,22,657945.875,1789050938.9438167
train/dvac_new/coefficient_ess,24,23,657971.875,1789051237.2570953
train/dvac_new/coefficient_ess,25,24,657094.3125,1789051822.1860979
train/dvac_new/coefficient_ess,26,25,658078.375,1789052119.1372564
train/dvac_new/coefficient_ess,27,26,657629.0,1789052420.7518337
train/dvac_new/coefficient_ess,28,27,658573.875,1789052718.9050102
train/dvac_new/coefficient_ess,29,28,658732.5,1789053019.8351204
train/dvac_new/coefficient_ess,30,29,658543.25,1789053666.1425788
train/dvac_new/coefficient_ess,31,30,658336.625,1789053965.7325635
train/dvac_new/coefficient_ess,32,31,659168.875,1789054272.897166
train/dvac_new/coefficient_ess,33,32,660096.9375,1789054574.817757
train/dvac_new/coefficient_ess,34,33,659952.4375,1789054880.4451396
train/dvac_new/coefficient_ess,35,34,660306.0625,1789055522.2089808
train/dvac_new/coefficient_ess,36,35,659672.1875,1789055825.462753
train/dvac_new/coefficient_ess,37,36,659614.9375,1789056134.3410616
train/dvac_new/coefficient_ess,38,37,659330.25,1789056444.8257763
train/dvac_new/coefficient_ess,39,38,662797.1875,1789056750.7806501
train/dvac_new/coefficient_ess,40,39,663355.75,1789057409.7193625
train/dvac_new/coefficient_ess,41,40,663075.125,1789057711.7556937
train/dvac_new/coefficient_ess,42,41,662555.5625,1789058024.7905946
train/dvac_new/coefficient_ess,43,42,662131.0,1789058341.4085364
train/dvac_new/coefficient_ess,44,43,663092.625,1789058649.020871
train/dvac_new/coefficient_ess,45,44,662971.0625,1789059280.927699
train/dvac_new/coefficient_ess,46,45,662514.8125,1789059601.6862888
train/dvac_new/coefficient_ess,47,46,662618.25,1789059922.6270757
train/dvac_new/coefficient_ess,48,47,662882.3125,1789060237.7924933
train/dvac_new/coefficient_ess,49,48,663371.6875,1789060545.8391485
train/dvac_new/coefficient_ess,50,49,661951.3125,1789061201.5809321
train/dvac_new/coefficient_ess,51,50,662429.1875,1789061498.6655207
train/dvac_new/coefficient_ess,52,51,662634.25,1789061816.3551636
train/dvac_new/coefficient_ess,53,52,662892.5625,1789062122.5385888
train/dvac_new/coefficient_ess,54,53,663216.4375,1789062426.5439045
train/dvac_new/coefficient_ess,55,54,663660.75,1789063070.284691
train/dvac_new/coefficient_ess,56,55,663392.125,1789063386.8758502
train/dvac_new/coefficient_ess,57,56,662910.3125,1789063703.5008445
train/dvac_new/coefficient_ess,58,57,662349.3125,1789064008.9452183
train/dvac_new/coefficient_ess,59,58,662634.75,1789064327.4693053
train/dvac_new/coefficient_ess,60,59,661703.0625,1789064954.1528487
train/dvac_new/coefficient_ess,61,60,663247.75,1789065252.5941606
train/dvac_new/coefficient_ess,62,61,662390.0,1789065550.4189773
train/dvac_new/coefficient_ess,63,62,661774.0625,1789065855.0298147
train/dvac_new/coefficient_ess,64,63,663325.1875,1789066158.5609696
train/dvac_new/coefficient_ess,65,64,661953.5,1789066738.990338
train/dvac_new/coefficient_ess,66,65,663745.5625,1789067040.7072678
train/dvac_new/coefficient_ess,67,66,662988.4375,1789067338.907535
train/dvac_new/coefficient_ess,68,67,662474.4375,1789067639.984014
train/dvac_new/coefficient_ess,69,68,662882.75,1789067937.1760418
train/dvac_new/coefficient_ess,70,69,662444.875,1789068535.175134
train/dvac_new/coefficient_ess,71,70,662694.0,1789068829.6844897
train/dvac_new/coefficient_ess,72,71,663172.25,1789069131.4963782
train/dvac_new/coefficient_ess,73,72,662673.625,1789069429.4064991
train/dvac_new/coefficient_ess,74,73,662450.0625,1789069726.5999315
train/dvac_new/coefficient_ess,75,74,663007.25,1789070303.1361947
train/dvac_new/coefficient_ess,76,75,663097.375,1789070600.9374833
train/dvac_new/coefficient_ess,77,76,661970.9375,1789070899.9788296
train/dvac_new/coefficient_ess,78,77,662661.4375,1789071195.4612982
train/dvac_new/coefficient_ess,79,78,663739.4375,1789071493.8885403
train/dvac_new/coefficient_ess,80,79,662256.5,1789072100.4294848
train/dvac_new/coefficient_ess,81,80,663537.125,1789072396.0064387
train/dvac_new/coefficient_ess,82,81,662594.75,1789072694.2754545
train/dvac_new/coefficient_ess,83,82,662626.6875,1789072990.9772308
train/dvac_new/coefficient_ess,84,83,662699.1875,1789073292.212258
train/dvac_new/coefficient_ess,85,84,662427.6875,1789073865.0257947
train/dvac_new/coefficient_ess,86,85,663328.25,1789074165.7454014
train/dvac_new/coefficient_ess,87,86,663199.125,1789074465.9007962
train/dvac_new/coefficient_ess,88,87,662709.25,1789074766.681382
train/dvac_new/coefficient_ess,89,88,663175.8125,1789075065.6213431
train/dvac_new/coefficient_ess,90,89,663326.875,1789075674.5169926
train/dvac_new/coefficient_ess,91,90,663117.8125,1789075974.5329762
train/dvac_new/coefficient_ess,92,91,663297.625,1789076285.4854405
train/dvac_new/coefficient_ess,93,92,663461.1875,1789076591.4042282
train/dvac_new/coefficient_ess,94,93,663414.4375,1789076892.6538086
train/dvac_new/coefficient_ess,95,94,663205.4375,1789077475.566048
train/dvac_new/coefficient_ess,96,95,662713.25,1789077780.9214637
train/dvac_new/coefficient_ess,97,96,662560.6875,1789078088.646515
train/dvac_new/coefficient_ess,98,97,663510.0,1789078397.4114323
train/dvac_new/coefficient_ess,99,98,663030.0,1789078708.8035355
train/dvac_new/coefficient_ess,100,99,663292.0625,1789079323.7449954
train/dvac_new/coefficient_ess_fraction,1,0,0.7941299676895142,1789042971.7988124
train/dvac_new/coefficient_ess_fraction,2,1,0.8825806975364685,1789043289.3766658
train/dvac_new/coefficient_ess_fraction,3,2,0.8842501044273376,1789043596.1775312
train/dvac_new/coefficient_ess_fraction,4,3,0.8894699811935425,1789043916.2431896
train/dvac_new/coefficient_ess_fraction,5,4,0.9120655059814453,1789044572.5131326
train/dvac_new/coefficient_ess_fraction,6,5,0.9112709164619446,1789044887.0662668
train/dvac_new/coefficient_ess_fraction,7,6,0.9107094407081604,1789045194.3988395
train/dvac_new/coefficient_ess_fraction,8,7,0.9135424494743347,1789045504.00542
train/dvac_new/coefficient_ess_fraction,9,8,0.914957582950592,1789045808.4038887
train/dvac_new/coefficient_ess_fraction,10,9,0.9164807796478271,1789046433.8846116
train/dvac_new/coefficient_ess_fraction,11,10,0.9179508090019226,1789046731.5902107
train/dvac_new/coefficient_ess_fraction,12,11,0.9158297777175903,1789047034.3266609
train/dvac_new/coefficient_ess_fraction,13,12,0.9166648387908936,1789047335.9020667
train/dvac_new/coefficient_ess_fraction,14,13,0.9153369069099426,1789047636.445096
train/dvac_new/coefficient_ess_fraction,15,14,0.9149550795555115,1789048223.8556142
train/dvac_new/coefficient_ess_fraction,16,15,0.9148060083389282,1789048523.83225
train/dvac_new/coefficient_ess_fraction,17,16,0.9156187176704407,1789048825.5663009
train/dvac_new/coefficient_ess_fraction,18,17,0.9151380658149719,1789049128.7422776
train/dvac_new/coefficient_ess_fraction,19,18,0.9185752868652344,1789049426.1657887
train/dvac_new/coefficient_ess_fraction,20,19,0.918488085269928,1789050040.6374648
train/dvac_new/coefficient_ess_fraction,21,20,0.9170801639556885,1789050339.0020583
train/dvac_new/coefficient_ess_fraction,22,21,0.9155325293540955,1789050639.1338043
train/dvac_new/coefficient_ess_fraction,23,22,0.9178932309150696,1789050938.9443028
train/dvac_new/coefficient_ess_fraction,24,23,0.9179295301437378,1789051237.257556
train/dvac_new/coefficient_ess_fraction,25,24,0.9167052507400513,1789051822.1861079
train/dvac_new/coefficient_ess_fraction,26,25,0.9180781245231628,1789052119.1377218
train/dvac_new/coefficient_ess_fraction,27,26,0.9174511432647705,1789052420.752132
train/dvac_new/coefficient_ess_fraction,28,27,0.9187692999839783,1789052718.905278
train/dvac_new/coefficient_ess_fraction,29,28,0.9189906120300293,1789053019.835395
train/dvac_new/coefficient_ess_fraction,30,29,0.9187266230583191,1789053666.142585
train/dvac_new/coefficient_ess_fraction,31,30,0.9184383749961853,1789053965.7328792
train/dvac_new/coefficient_ess_fraction,32,31,0.9195994138717651,1789054272.8974235
train/dvac_new/coefficient_ess_fraction,33,32,0.9208941459655762,1789054574.8182325
train/dvac_new/coefficient_ess_fraction,34,33,0.9206925630569458,1789054880.4453902
train/dvac_new/coefficient_ess_fraction,35,34,0.9211859703063965,1789055522.2089918
train/dvac_new/coefficient_ess_fraction,36,35,0.920301616191864,1789055825.4630911
train/dvac_new/coefficient_ess_fraction,37,36,0.920221745967865,1789056134.3414965
train/dvac_new/coefficient_ess_fraction,38,37,0.9198246002197266,1789056444.8262377
train/dvac_new/coefficient_ess_fraction,39,38,0.9246612191200256,1789056750.7809443
train/dvac_new/coefficient_ess_fraction,40,39,0.9254404902458191,1789057409.719373
train/dvac_new/coefficient_ess_fraction,41,40,0.9250490069389343,1789057711.7558768
train/dvac_new/coefficient_ess_fraction,42,41,0.9243241548538208,1789058024.7909327
train/dvac_new/coefficient_ess_fraction,43,42,0.9237318634986877,1789058341.4089427
train/dvac_new/coefficient_ess_fraction,44,43,0.9250733852386475,1789058649.02156
train/dvac_new/coefficient_ess_fraction,45,44,0.9249038696289062,1789059280.927711
train/dvac_new/coefficient_ess_fraction,46,45,0.9242673516273499,1789059601.686902
train/dvac_new/coefficient_ess_fraction,47,46,0.9244116544723511,1789059922.627716
train/dvac_new/coefficient_ess_fraction,48,47,0.924780011177063,1789060237.7928498
train/dvac_new/coefficient_ess_fraction,49,48,0.9254627227783203,1789060545.839597
train/dvac_new/coefficient_ess_fraction,50,49,0.9234811663627625,1789061201.5809395
train/dvac_new/coefficient_ess_fraction,51,50,0.9241478443145752,1789061498.6659753
train/dvac_new/coefficient_ess_fraction,52,51,0.9244339466094971,1789061816.355632
train/dvac_new/coefficient_ess_fraction,53,52,0.9247943162918091,1789062122.539049
train/dvac_new/coefficient_ess_fraction,54,53,0.9252461791038513,1789062426.544103
train/dvac_new/coefficient_ess_fraction,55,54,0.9258659482002258,1789063070.284697
train/dvac_new/coefficient_ess_fraction,56,55,0.9254912734031677,1789063386.8759735
train/dvac_new/coefficient_ess_fraction,57,56,0.9248190522193909,1789063703.5010319
train/dvac_new/coefficient_ess_fraction,58,57,0.92403644323349,1789064008.9454656
train/dvac_new/coefficient_ess_fraction,59,58,0.9244346022605896,1789064327.4695814
train/dvac_new/coefficient_ess_fraction,60,59,0.9231348633766174,1789064954.15286
train/dvac_new/coefficient_ess_fraction,61,60,0.9252898097038269,1789065252.5946
train/dvac_new/coefficient_ess_fraction,62,61,0.9240931868553162,1789065550.4193344
train/dvac_new/coefficient_ess_fraction,63,62,0.9232339262962341,1789065855.0299597
train/dvac_new/coefficient_ess_fraction,64,63,0.9253978133201599,1789066158.56146
train/dvac_new/coefficient_ess_fraction,65,64,0.9234842658042908,1789066738.9903445
train/dvac_new/coefficient_ess_fraction,66,65,0.9259843826293945,1789067040.7080593
train/dvac_new/coefficient_ess_fraction,67,66,0.9249280691146851,1789067338.9078112
train/dvac_new/coefficient_ess_fraction,68,67,0.9242109656333923,1789067639.984493
train/dvac_new/coefficient_ess_fraction,69,68,0.9247806668281555,1789067937.1763477
train/dvac_new/coefficient_ess_fraction,70,69,0.9241697192192078,1789068535.1751406
train/dvac_new/coefficient_ess_fraction,71,70,0.9245172739028931,1789068829.6847115
train/dvac_new/coefficient_ess_fraction,72,71,0.9251844882965088,1789069131.4972968
train/dvac_new/coefficient_ess_fraction,73,72,0.92448890209198,1789069429.4069202
train/dvac_new/coefficient_ess_fraction,74,73,0.9241769909858704,1789069726.6004145
train/dvac_new/coefficient_ess_fraction,75,74,0.9249542355537415,1789070303.1362042
train/dvac_new/coefficient_ess_fraction,76,75,0.9250800609588623,1789070600.9378054
train/dvac_new/coefficient_ess_fraction,77,76,0.9235085844993591,1789070899.979061
train/dvac_new/coefficient_ess_fraction,78,77,0.9244718551635742,1789071195.4617703
train/dvac_new/coefficient_ess_fraction,79,78,0.9259757995605469,1789071493.8889794
train/dvac_new/coefficient_ess_fraction,80,79,0.9239069223403931,1789072100.4294894
train/dvac_new/coefficient_ess_fraction,81,80,0.9256935119628906,1789072396.006676
train/dvac_new/coefficient_ess_fraction,82,81,0.9243788123130798,1789072694.2756178
train/dvac_new/coefficient_ess_fraction,83,82,0.9244233965873718,1789072990.9776828
train/dvac_new/coefficient_ess_fraction,84,83,0.9245245456695557,1789073292.2127516
train/dvac_new/coefficient_ess_fraction,85,84,0.9241457581520081,1789073865.0258064
train/dvac_new/coefficient_ess_fraction,86,85,0.9254021048545837,1789074165.745659
train/dvac_new/coefficient_ess_fraction,87,86,0.9252220392227173,1789074465.9010527
train/dvac_new/coefficient_ess_fraction,88,87,0.9245386123657227,1789074766.681796
train/dvac_new/coefficient_ess_fraction,89,88,0.9251894950866699,1789075065.621765
train/dvac_new/coefficient_ess_fraction,90,89,0.9254001975059509,1789075674.5169992
train/dvac_new/coefficient_ess_fraction,91,90,0.9251085519790649,1789075974.5333922
train/dvac_new/coefficient_ess_fraction,92,91,0.9253594279289246,1789076285.485924
train/dvac_new/coefficient_ess_fraction,93,92,0.92558753490448,1789076591.4047065
train/dvac_new/coefficient_ess_fraction,94,93,0.9255223870277405,1789076892.6540549
train/dvac_new/coefficient_ess_fraction,95,94,0.9252307415008545,1789077475.566055
train/dvac_new/coefficient_ess_fraction,96,95,0.9245441555976868,1789077780.9217908
train/dvac_new/coefficient_ess_fraction,97,96,0.9243313074111938,1789078088.6470385
train/dvac_new/coefficient_ess_fraction,98,97,0.925655722618103,1789078397.4121926
train/dvac_new/coefficient_ess_fraction,99,98,0.9249860048294067,1789078708.803811
train/dvac_new/coefficient_ess_fraction,100,99,0.9253516793251038,1789079323.7450209
train/dvac_new/coefficient_sum,1,0,1024.0,1789042971.7988195
train/dvac_new/coefficient_sum,2,1,1023.9999389648438,1789043289.3766718
train/dvac_new/coefficient_sum,3,2,1023.9999389648438,1789043596.1775377
train/dvac_new/coefficient_sum,4,3,1023.9999389648438,1789043916.2431984
train/dvac_new/coefficient_sum,5,4,1024.0,1789044572.513139
train/dvac_new/coefficient_sum,6,5,1023.9999389648438,1789044887.0662744
train/dvac_new/coefficient_sum,7,6,1024.0,1789045194.3988457
train/dvac_new/coefficient_sum,8,7,1024.0,1789045504.005427
train/dvac_new/coefficient_sum,9,8,1023.9999389648438,1789045808.4039
train/dvac_new/coefficient_sum,10,9,1024.0,1789046433.8846211
train/dvac_new/coefficient_sum,11,10,1024.0,1789046731.5902162
train/dvac_new/coefficient_sum,12,11,1024.0,1789047034.3266673
train/dvac_new/coefficient_sum,13,12,1024.0,1789047335.9020731
train/dvac_new/coefficient_sum,14,13,1024.0,1789047636.445103
train/dvac_new/coefficient_sum,15,14,1024.0,1789048223.8556204
train/dvac_new/coefficient_sum,16,15,1023.9999389648438,1789048523.8322613
train/dvac_new/coefficient_sum,17,16,1023.9999389648438,1789048825.5663075
train/dvac_new/coefficient_sum,18,17,1024.0,1789049128.7422845
train/dvac_new/coefficient_sum,19,18,1024.0,1789049426.1657956
train/dvac_new/coefficient_sum,20,19,1024.0,1789050040.6374705
train/dvac_new/coefficient_sum,21,20,1024.0,1789050339.0020647
train/dvac_new/coefficient_sum,22,21,1024.0,1789050639.1338108
train/dvac_new/coefficient_sum,23,22,1024.0,1789050938.9443138
train/dvac_new/coefficient_sum,24,23,1024.0,1789051237.2575624
train/dvac_new/coefficient_sum,25,24,1024.0,1789051822.1861184
train/dvac_new/coefficient_sum,26,25,1024.0,1789052119.1377285
train/dvac_new/coefficient_sum,27,26,1024.0,1789052420.7521415
train/dvac_new/coefficient_sum,28,27,1023.9999389648438,1789052718.9052846
train/dvac_new/coefficient_sum,29,28,1024.0,1789053019.8354018
train/dvac_new/coefficient_sum,30,29,1024.0,1789053666.142591
train/dvac_new/coefficient_sum,31,30,1024.0,1789053965.7328854
train/dvac_new/coefficient_sum,32,31,1024.0,1789054272.8974304
train/dvac_new/coefficient_sum,33,32,1024.0,1789054574.8182447
train/dvac_new/coefficient_sum,34,33,1024.0,1789054880.445398
train/dvac_new/coefficient_sum,35,34,1024.0,1789055522.2090023
train/dvac_new/coefficient_sum,36,35,1024.0,1789055825.4630976
train/dvac_new/coefficient_sum,37,36,1024.0,1789056134.3415046
train/dvac_new/coefficient_sum,38,37,1024.0,1789056444.8262434
train/dvac_new/coefficient_sum,39,38,1023.9999389648438,1789056750.780951
train/dvac_new/coefficient_sum,40,39,1024.0,1789057409.719383
train/dvac_new/coefficient_sum,41,40,1024.0,1789057711.7558951
train/dvac_new/coefficient_sum,42,41,1024.0,1789058024.7909398
train/dvac_new/coefficient_sum,43,42,1024.0,1789058341.4089518
train/dvac_new/coefficient_sum,44,43,1024.0,1789058649.021589
train/dvac_new/coefficient_sum,45,44,1024.0,1789059280.927721
train/dvac_new/coefficient_sum,46,45,1023.9999389648438,1789059601.6869183
train/dvac_new/coefficient_sum,47,46,1023.9999389648438,1789059922.6277373
train/dvac_new/coefficient_sum,48,47,1024.0,1789060237.792856
train/dvac_new/coefficient_sum,49,48,1024.0,1789060545.8396044
train/dvac_new/coefficient_sum,50,49,1024.0,1789061201.5809467
train/dvac_new/coefficient_sum,51,50,1024.0,1789061498.6659842
train/dvac_new/coefficient_sum,52,51,1024.0,1789061816.3556383
train/dvac_new/coefficient_sum,53,52,1024.0,1789062122.539055
train/dvac_new/coefficient_sum,54,53,1024.0,1789062426.544109
train/dvac_new/coefficient_sum,55,54,1024.0,1789063070.284703
train/dvac_new/coefficient_sum,56,55,1024.0,1789063386.8759797
train/dvac_new/coefficient_sum,57,56,1023.9999389648438,1789063703.5010388
train/dvac_new/coefficient_sum,58,57,1024.0,1789064008.9454718
train/dvac_new/coefficient_sum,59,58,1024.0,1789064327.469588
train/dvac_new/coefficient_sum,60,59,1024.0,1789064954.1528711
train/dvac_new/coefficient_sum,61,60,1024.0,1789065252.5946074
train/dvac_new/coefficient_sum,62,61,1024.0,1789065550.4193444
train/dvac_new/coefficient_sum,63,62,1024.0,1789065855.0299666
train/dvac_new/coefficient_sum,64,63,1024.0,1789066158.5614681
train/dvac_new/coefficient_sum,65,64,1024.0,1789066738.9903505
train/dvac_new/coefficient_sum,66,65,1023.9999389648438,1789067040.7080827
train/dvac_new/coefficient_sum,67,66,1024.0,1789067338.9078178
train/dvac_new/coefficient_sum,68,67,1024.0,1789067639.9845
train/dvac_new/coefficient_sum,69,68,1024.0,1789067937.1763544
train/dvac_new/coefficient_sum,70,69,1024.0,1789068535.1751468
train/dvac_new/coefficient_sum,71,70,1023.9999389648438,1789068829.6847165
train/dvac_new/coefficient_sum,72,71,1024.0,1789069131.4973092
train/dvac_new/coefficient_sum,73,72,1024.0,1789069429.4069269
train/dvac_new/coefficient_sum,74,73,1024.0,1789069726.6004212
train/dvac_new/coefficient_sum,75,74,1024.0,1789070303.1362138
train/dvac_new/coefficient_sum,76,75,1024.0,1789070600.937811
train/dvac_new/coefficient_sum,77,76,1024.0,1789070899.9790678
train/dvac_new/coefficient_sum,78,77,1024.0,1789071195.461777
train/dvac_new/coefficient_sum,79,78,1023.9999389648438,1789071493.888986
train/dvac_new/coefficient_sum,80,79,1024.0,1789072100.4294937
train/dvac_new/coefficient_sum,81,80,1024.0,1789072396.006682
train/dvac_new/coefficient_sum,82,81,1024.0,1789072694.2756252
train/dvac_new/coefficient_sum,83,82,1024.0,1789072990.9776883
train/dvac_new/coefficient_sum,84,83,1024.0,1789073292.2127583
train/dvac_new/coefficient_sum,85,84,1024.0,1789073865.0258157
train/dvac_new/coefficient_sum,86,85,1024.0,1789074165.7456658
train/dvac_new/coefficient_sum,87,86,1024.0,1789074465.9010587
train/dvac_new/coefficient_sum,88,87,1024.0,1789074766.6818023
train/dvac_new/coefficient_sum,89,88,1024.0,1789075065.6217718
train/dvac_new/coefficient_sum,90,89,1024.0,1789075674.517005
train/dvac_new/coefficient_sum,91,90,1024.0,1789075974.5334013
train/dvac_new/coefficient_sum,92,91,1024.0,1789076285.4859335
train/dvac_new/coefficient_sum,93,92,1024.0,1789076591.404718
train/dvac_new/coefficient_sum,94,93,1024.0,1789076892.6540613
train/dvac_new/coefficient_sum,95,94,1024.0,1789077475.5660615
train/dvac_new/coefficient_sum,96,95,1024.0,1789077780.921812
train/dvac_new/coefficient_sum,97,96,1024.0,1789078088.6470473
train/dvac_new/coefficient_sum,98,97,1024.0,1789078397.4121995
train/dvac_new/coefficient_sum,99,98,1024.0,1789078708.8038175
train/dvac_new/coefficient_sum,100,99,1024.0,1789079323.7450423
train/dvac_new/coefficient_sumsq,1,0,1.8421138525009155,1789042971.798826
train/dvac_new/coefficient_sumsq,2,1,1.6574795246124268,1789043289.3766775
train/dvac_new/coefficient_sumsq,3,2,1.6543521881103516,1789043596.177546
train/dvac_new/coefficient_sumsq,4,3,1.6446422338485718,1789043916.2432065
train/dvac_new/coefficient_sumsq,5,4,1.6038975715637207,1789044572.513146
train/dvac_new/coefficient_sumsq,6,5,1.6052987575531006,1789044887.0662808
train/dvac_new/coefficient_sumsq,7,6,1.606286644935608,1789045194.3988519
train/dvac_new/coefficient_sumsq,8,7,1.6013027429580688,1789045504.0054328
train/dvac_new/coefficient_sumsq,9,8,1.598832607269287,1789045808.4039063
train/dvac_new/coefficient_sumsq,10,9,1.596171498298645,1789046433.8846304
train/dvac_new/coefficient_sumsq,11,10,1.5936137437820435,1789046731.5902207
train/dvac_new/coefficient_sumsq,12,11,1.5973052978515625,1789047034.3266735
train/dvac_new/coefficient_sumsq,13,12,1.595849633216858,1789047335.9020793
train/dvac_new/coefficient_sumsq,14,13,1.5981634855270386,1789047636.445109
train/dvac_new/coefficient_sumsq,15,14,1.5988308191299438,1789048223.855627
train/dvac_new/coefficient_sumsq,16,15,1.5990924835205078,1789048523.8322704
train/dvac_new/coefficient_sumsq,17,16,1.5976718664169312,1789048825.566314
train/dvac_new/coefficient_sumsq,18,17,1.5985133647918701,1789049128.7422907
train/dvac_new/coefficient_sumsq,19,18,1.5925328731536865,1789049426.1658015
train/dvac_new/coefficient_sumsq,20,19,1.5926810503005981,1789050040.6374762
train/dvac_new/coefficient_sumsq,21,20,1.595126986503601,1789050339.0020707
train/dvac_new/coefficient_sumsq,22,21,1.597825050354004,1789050639.1338174
train/dvac_new/coefficient_sumsq,23,22,1.5937142372131348,1789050938.9443245
train/dvac_new/coefficient_sumsq,24,23,1.59364914894104,1789051237.2575684
train/dvac_new/coefficient_sumsq,25,24,1.595778226852417,1789051822.186128
train/dvac_new/coefficient_sumsq,26,25,1.5933935642242432,1789052119.1377344
train/dvac_new/coefficient_sumsq,27,26,1.594490647315979,1789052420.7521508
train/dvac_new/coefficient_sumsq,28,27,1.5921955108642578,1789052718.9052906
train/dvac_new/coefficient_sumsq,29,28,1.591812014579773,1789053019.8354077
train/dvac_new/coefficient_sumsq,30,29,1.5922678709030151,1789053666.142597
train/dvac_new/coefficient_sumsq,31,30,1.592767357826233,1789053965.732891
train/dvac_new/coefficient_sumsq,32,31,1.5907577276229858,1789054272.8974364
train/dvac_new/coefficient_sumsq,33,32,1.5885227918624878,1789054574.8182561
train/dvac_new/coefficient_sumsq,34,33,1.588873028755188,1789054880.4454055
train/dvac_new/coefficient_sumsq,35,34,1.588017463684082,1789055522.2090135
train/dvac_new/coefficient_sumsq,36,35,1.589548945426941,1789055825.4631038
train/dvac_new/coefficient_sumsq,37,36,1.589682698249817,1789056134.341511
train/dvac_new/coefficient_sumsq,38,37,1.5903747081756592,1789056444.826248
train/dvac_new/coefficient_sumsq,39,38,1.5820481777191162,1789056750.7809575
train/dvac_new/coefficient_sumsq,40,39,1.5807148218154907,1789057409.7193933
train/dvac_new/coefficient_sumsq,41,40,1.5813848972320557,1789057711.7559128
train/dvac_new/coefficient_sumsq,42,41,1.5826252698898315,1789058024.7909465
train/dvac_new/coefficient_sumsq,43,42,1.5836472511291504,1789058341.4089594
train/dvac_new/coefficient_sumsq,44,43,1.5813459157943726,1789058649.0216033
train/dvac_new/coefficient_sumsq,45,44,1.5816370248794556,1789059280.9277318
train/dvac_new/coefficient_sumsq,46,45,1.5827326774597168,1789059601.686927
train/dvac_new/coefficient_sumsq,47,46,1.5824755430221558,1789059922.627749
train/dvac_new/coefficient_sumsq,48,47,1.5818476676940918,1789060237.7928624
train/dvac_new/coefficient_sumsq,49,48,1.5806806087493896,1789060545.839611
train/dvac_new/coefficient_sumsq,50,49,1.5840717554092407,1789061201.580954
train/dvac_new/coefficient_sumsq,51,50,1.5829309225082397,1789061498.6659923
train/dvac_new/coefficient_sumsq,52,51,1.5824356079101562,1789061816.3556442
train/dvac_new/coefficient_sumsq,53,52,1.581824779510498,1789062122.5390608
train/dvac_new/coefficient_sumsq,54,53,1.5810506343841553,1789062426.5441148
train/dvac_new/coefficient_sumsq,55,54,1.5799925327301025,1789063070.2847092
train/dvac_new/coefficient_sumsq,56,55,1.5806350708007812,1789063386.8759856
train/dvac_new/coefficient_sumsq,57,56,1.5817813873291016,1789063703.501045
train/dvac_new/coefficient_sumsq,58,57,1.5831197500228882,1789064008.945478
train/dvac_new/coefficient_sumsq,59,58,1.5824416875839233,1789064327.469594
train/dvac_new/coefficient_sumsq,60,59,1.5846744775772095,1789064954.1528814
train/dvac_new/coefficient_sumsq,61,60,1.5809731483459473,1789065252.5946136
train/dvac_new/coefficient_sumsq,62,61,1.5830234289169312,1789065550.4193552
train/dvac_new/coefficient_sumsq,63,62,1.5844943523406982,1789065855.0299726
train/dvac_new/coefficient_sumsq,64,63,1.5807888507843018,1789066158.561475
train/dvac_new/coefficient_sumsq,65,64,1.5840750932693481,1789066738.9903572
train/dvac_new/coefficient_sumsq,66,65,1.5797866582870483,1789067040.7080953
train/dvac_new/coefficient_sumsq,67,66,1.5815932750701904,1789067338.9078238
train/dvac_new/coefficient_sumsq,68,67,1.5828279256820679,1789067639.9845061
train/dvac_new/coefficient_sumsq,69,68,1.5818521976470947,1789067937.1763604
train/dvac_new/coefficient_sumsq,70,69,1.5828934907913208,1789068535.1751535
train/dvac_new/coefficient_sumsq,71,70,1.5822961330413818,1789068829.684721
train/dvac_new/coefficient_sumsq,72,71,1.5811578035354614,1789069131.4973154
train/dvac_new/coefficient_sumsq,73,72,1.5823478698730469,1789069429.406933
train/dvac_new/coefficient_sumsq,74,73,1.582886815071106,1789069726.6004267
train/dvac_new/coefficient_sumsq,75,74,1.5815489292144775,1789070303.1362233
train/dvac_new/coefficient_sumsq,76,75,1.5813335180282593,1789070600.937816
train/dvac_new/coefficient_sumsq,77,76,1.5840333700180054,1789070899.979074
train/dvac_new/coefficient_sumsq,78,77,1.5823910236358643,1789071195.461783
train/dvac_new/coefficient_sumsq,79,78,1.5798022747039795,1789071493.888992
train/dvac_new/coefficient_sumsq,80,79,1.5833494663238525,1789072100.429499
train/dvac_new/coefficient_sumsq,81,80,1.5802854299545288,1789072396.0066864
train/dvac_new/coefficient_sumsq,82,81,1.5825307369232178,1789072694.2756326
train/dvac_new/coefficient_sumsq,83,82,1.582457423210144,1789072990.9776938
train/dvac_new/coefficient_sumsq,84,83,1.5822876691818237,1789073292.2127638
train/dvac_new/coefficient_sumsq,85,84,1.5829308032989502,1789073865.0258253
train/dvac_new/coefficient_sumsq,86,85,1.580783724784851,1789074165.7456713
train/dvac_new/coefficient_sumsq,87,86,1.5810903310775757,1789074465.9010646
train/dvac_new/coefficient_sumsq,88,87,1.5822566747665405,1789074766.6818082
train/dvac_new/coefficient_sumsq,89,88,1.5811538696289062,1789075065.6217778
train/dvac_new/coefficient_sumsq,90,89,1.5807846784591675,1789075674.5170114
train/dvac_new/coefficient_sumsq,91,90,1.581283688545227,1789075974.5334098
train/dvac_new/coefficient_sumsq,92,91,1.5808532238006592,1789076285.4859424
train/dvac_new/coefficient_sumsq,93,92,1.5804660320281982,1789076591.4047298
train/dvac_new/coefficient_sumsq,94,93,1.5805778503417969,1789076892.6540675
train/dvac_new/coefficient_sumsq,95,94,1.5810747146606445,1789077475.566068
train/dvac_new/coefficient_sumsq,96,95,1.582254409790039,1789077780.9218342
train/dvac_new/coefficient_sumsq,97,96,1.5826129913330078,1789078088.6470556
train/dvac_new/coefficient_sumsq,98,97,1.5803488492965698,1789078397.4122052
train/dvac_new/coefficient_sumsq,99,98,1.5814919471740723,1789078708.803824
train/dvac_new/coefficient_sumsq,100,99,1.5808700323104858,1789079323.7450628
train/dvac_new/local_std,1,0,0.21456220746040344,1789042971.7988322
train/dvac_new/local_std,2,1,0.215261772274971,1789043289.3766835
train/dvac_new/local_std,3,2,0.21696725487709045,1789043596.1775527
train/dvac_new/local_std,4,3,0.21906523406505585,1789043916.2432146
train/dvac_new/local_std,5,4,0.22580726444721222,1789044572.5131526
train/dvac_new/local_std,6,5,0.2275571972131729,1789044887.0662882
train/dvac_new/local_std,7,6,0.2286510169506073,1789045194.3988583
train/dvac_new/local_std,8,7,0.22811758518218994,1789045504.0054388
train/dvac_new/local_std,9,8,0.2297096848487854,1789045808.403913
train/dvac_new/local_std,10,9,0.23030595481395721,1789046433.8846402
train/dvac_new/local_std,11,10,0.23059065639972687,1789046731.5902257
train/dvac_new/local_std,12,11,0.2310904562473297,1789047034.3266797
train/dvac_new/local_std,13,12,0.23054204881191254,1789047335.9020853
train/dvac_new/local_std,14,13,0.23004549741744995,1789047636.4451149
train/dvac_new/local_std,15,14,0.2300495058298111,1789048223.8556325
train/dvac_new/local_std,16,15,0.22937451303005219,1789048523.832278
train/dvac_new/local_std,17,16,0.23045119643211365,1789048825.5663204
train/dvac_new/local_std,18,17,0.2309992015361786,1789049128.742297
train/dvac_new/local_std,19,18,0.23038612306118011,1789049426.1658077
train/dvac_new/local_std,20,19,0.23113460838794708,1789050040.6374815
train/dvac_new/local_std,21,20,0.23139896988868713,1789050339.0020764
train/dvac_new/local_std,22,21,0.23270198702812195,1789050639.1338232
train/dvac_new/local_std,23,22,0.23240628838539124,1789050938.9443345
train/dvac_new/local_std,24,23,0.23231934010982513,1789051237.257574
train/dvac_new/local_std,25,24,0.23395562171936035,1789051822.1861389
train/dvac_new/local_std,26,25,0.23182593286037445,1789052119.137741
train/dvac_new/local_std,27,26,0.23271481692790985,1789052420.7521598
train/dvac_new/local_std,28,27,0.23397348821163177,1789052718.9052968
train/dvac_new/local_std,29,28,0.23388969898223877,1789053019.8354135
train/dvac_new/local_std,30,29,0.23431530594825745,1789053666.1426024
train/dvac_new/local_std,31,30,0.23371675610542297,1789053965.7328978
train/dvac_new/local_std,32,31,0.23296023905277252,1789054272.897442
train/dvac_new/local_std,33,32,0.23395875096321106,1789054574.8182676
train/dvac_new/local_std,34,33,0.23331914842128754,1789054880.4454129
train/dvac_new/local_std,35,34,0.23382249474525452,1789055522.2090244
train/dvac_new/local_std,36,35,0.23436515033245087,1789055825.4631102
train/dvac_new/local_std,37,36,0.2337189018726349,1789056134.341518
train/dvac_new/local_std,38,37,0.23409394919872284,1789056444.8262534
train/dvac_new/local_std,39,38,0.23449450731277466,1789056750.7809644
train/dvac_new/local_std,40,39,0.23427057266235352,1789057409.7194033
train/dvac_new/local_std,41,40,0.23371319472789764,1789057711.7559283
train/dvac_new/local_std,42,41,0.23406971991062164,1789058024.790953
train/dvac_new/local_std,43,42,0.23370933532714844,1789058341.4089673
train/dvac_new/local_std,44,43,0.23359446227550507,1789058649.0216153
train/dvac_new/local_std,45,44,0.23387037217617035,1789059280.9277415
train/dvac_new/local_std,46,45,0.23356597125530243,1789059601.6869338
train/dvac_new/local_std,47,46,0.234313502907753,1789059922.6277578
train/dvac_new/local_std,48,47,0.23410436511039734,1789060237.7928689
train/dvac_new/local_std,49,48,0.2339308112859726,1789060545.8396175
train/dvac_new/local_std,50,49,0.2345193773508072,1789061201.5809617
train/dvac_new/local_std,51,50,0.23357446491718292,1789061498.6659997
train/dvac_new/local_std,52,51,0.23491398990154266,1789061816.3556502
train/dvac_new/local_std,53,52,0.23371662199497223,1789062122.5390666
train/dvac_new/local_std,54,53,0.23368540406227112,1789062426.5441206
train/dvac_new/local_std,55,54,0.2341471165418625,1789063070.284715
train/dvac_new/local_std,56,55,0.23443689942359924,1789063386.8759916
train/dvac_new/local_std,57,56,0.2343389093875885,1789063703.5010514
train/dvac_new/local_std,58,57,0.2342395782470703,1789064008.9454834
train/dvac_new/local_std,59,58,0.2344183325767517,1789064327.4696
train/dvac_new/local_std,60,59,0.23461590707302094,1789064954.1528926
train/dvac_new/local_std,61,60,0.23385563492774963,1789065252.5946205
train/dvac_new/local_std,62,61,0.2342013716697693,1789065550.419363
train/dvac_new/local_std,63,62,0.23419754207134247,1789065855.0299778
train/dvac_new/local_std,64,63,0.23392878472805023,1789066158.561482
train/dvac_new/local_std,65,64,0.23444458842277527,1789066738.9903638
train/dvac_new/local_std,66,65,0.23433224856853485,1789067040.7081053
train/dvac_new/local_std,67,66,0.23423458635807037,1789067338.9078298
train/dvac_new/local_std,68,67,0.23454710841178894,1789067639.9845128
train/dvac_new/local_std,69,68,0.23431527614593506,1789067937.176366
train/dvac_new/local_std,70,69,0.23415115475654602,1789068535.175159
train/dvac_new/local_std,71,70,0.23390410840511322,1789068829.6847255
train/dvac_new/local_std,72,71,0.23379020392894745,1789069131.4973204
train/dvac_new/local_std,73,72,0.2342633157968521,1789069429.4069388
train/dvac_new/local_std,74,73,0.2332788109779358,1789069726.6004329
train/dvac_new/local_std,75,74,0.2337666153907776,1789070303.136238
train/dvac_new/local_std,76,75,0.23362305760383606,1789070600.937821
train/dvac_new/local_std,77,76,0.23398078978061676,1789070899.9790807
train/dvac_new/local_std,78,77,0.23419499397277832,1789071195.461789
train/dvac_new/local_std,79,78,0.23385725915431976,1789071493.888998
train/dvac_new/local_std,80,79,0.23468399047851562,1789072100.4295034
train/dvac_new/local_std,81,80,0.23380541801452637,1789072396.0066912
train/dvac_new/local_std,82,81,0.2342718094587326,1789072694.2756398
train/dvac_new/local_std,83,82,0.23469802737236023,1789072990.9776995
train/dvac_new/local_std,84,83,0.23423752188682556,1789073292.21277
train/dvac_new/local_std,85,84,0.2346780151128769,1789073865.0258348
train/dvac_new/local_std,86,85,0.2347291260957718,1789074165.7456772
train/dvac_new/local_std,87,86,0.23479041457176208,1789074465.9010706
train/dvac_new/local_std,88,87,0.23458470404148102,1789074766.6818142
train/dvac_new/local_std,89,88,0.23491045832633972,1789075065.6217833
train/dvac_new/local_std,90,89,0.23526577651500702,1789075674.517017
train/dvac_new/local_std,91,90,0.2355424165725708,1789075974.5334182
train/dvac_new/local_std,92,91,0.23431788384914398,1789076285.485951
train/dvac_new/local_std,93,92,0.23397889733314514,1789076591.4047425
train/dvac_new/local_std,94,93,0.23493660986423492,1789076892.654074
train/dvac_new/local_std,95,94,0.23509886860847473,1789077475.5660737
train/dvac_new/local_std,96,95,0.2342754602432251,1789077780.9218569
train/dvac_new/local_std,97,96,0.23498423397541046,1789078088.6470637
train/dvac_new/local_std,98,97,0.2341010868549347,1789078397.4122112
train/dvac_new/local_std,99,98,0.234291210770607,1789078708.8038306
train/dvac_new/local_std,100,99,0.23426499962806702,1789079323.7450845
train/dvac_new/total_query_count,1,0,1024.0,1789042971.798838
train/dvac_new/total_query_count,2,1,1024.0,1789043289.3766894
train/dvac_new/total_query_count,3,2,1024.0,1789043596.177559
train/dvac_new/total_query_count,4,3,1024.0,1789043916.2432232
train/dvac_new/total_query_count,5,4,1024.0,1789044572.5131586
train/dvac_new/total_query_count,6,5,1024.0,1789044887.0662951
train/dvac_new/total_query_count,7,6,1024.0,1789045194.398864
train/dvac_new/total_query_count,8,7,1024.0,1789045504.0054443
train/dvac_new/total_query_count,9,8,1024.0,1789045808.4039197
train/dvac_new/total_query_count,10,9,1024.0,1789046433.8846498
train/dvac_new/total_query_count,11,10,1024.0,1789046731.5902302
train/dvac_new/total_query_count,12,11,1024.0,1789047034.3266857
train/dvac_new/total_query_count,13,12,1024.0,1789047335.902091
train/dvac_new/total_query_count,14,13,1024.0,1789047636.4451208
train/dvac_new/total_query_count,15,14,1024.0,1789048223.8556387
train/dvac_new/total_query_count,16,15,1024.0,1789048523.8322847
train/dvac_new/total_query_count,17,16,1024.0,1789048825.5663266
train/dvac_new/total_query_count,18,17,1024.0,1789049128.7423024
train/dvac_new/total_query_count,19,18,1024.0,1789049426.1658134
train/dvac_new/total_query_count,20,19,1024.0,1789050040.637487
train/dvac_new/total_query_count,21,20,1024.0,1789050339.002082
train/dvac_new/total_query_count,22,21,1024.0,1789050639.133829
train/dvac_new/total_query_count,23,22,1024.0,1789050938.9443445
train/dvac_new/total_query_count,24,23,1024.0,1789051237.2575805
train/dvac_new/total_query_count,25,24,1024.0,1789051822.1861482
train/dvac_new/total_query_count,26,25,1024.0,1789052119.1377473
train/dvac_new/total_query_count,27,26,1024.0,1789052420.7521684
train/dvac_new/total_query_count,28,27,1024.0,1789052718.9053032
train/dvac_new/total_query_count,29,28,1024.0,1789053019.8354197
train/dvac_new/total_query_count,30,29,1024.0,1789053666.1426082
train/dvac_new/total_query_count,31,30,1024.0,1789053965.7329037
train/dvac_new/total_query_count,32,31,1024.0,1789054272.8974483
train/dvac_new/total_query_count,33,32,1024.0,1789054574.818279
train/dvac_new/total_query_count,34,33,1024.0,1789054880.4454203
train/dvac_new/total_query_count,35,34,1024.0,1789055522.2090356
train/dvac_new/total_query_count,36,35,1024.0,1789055825.4631157
train/dvac_new/total_query_count,37,36,1024.0,1789056134.3415248
train/dvac_new/total_query_count,38,37,1024.0,1789056444.826258
train/dvac_new/total_query_count,39,38,1024.0,1789056750.78097
train/dvac_new/total_query_count,40,39,1024.0,1789057409.7194135
train/dvac_new/total_query_count,41,40,1024.0,1789057711.7559443
train/dvac_new/total_query_count,42,41,1024.0,1789058024.7909598
train/dvac_new/total_query_count,43,42,1024.0,1789058341.4089756
train/dvac_new/total_query_count,44,43,1024.0,1789058649.021625
train/dvac_new/total_query_count,45,44,1024.0,1789059280.9277503
train/dvac_new/total_query_count,46,45,1024.0,1789059601.6869397
train/dvac_new/total_query_count,47,46,1024.0,1789059922.6277664
train/dvac_new/total_query_count,48,47,1024.0,1789060237.7928748
train/dvac_new/total_query_count,49,48,1024.0,1789060545.839624
train/dvac_new/total_query_count,50,49,1024.0,1789061201.5809689
train/dvac_new/total_query_count,51,50,1024.0,1789061498.6660075
train/dvac_new/total_query_count,52,51,1024.0,1789061816.3556564
train/dvac_new/total_query_count,53,52,1024.0,1789062122.5390725
train/dvac_new/total_query_count,54,53,1024.0,1789062426.5441263
train/dvac_new/total_query_count,55,54,1024.0,1789063070.2847207
train/dvac_new/total_query_count,56,55,1024.0,1789063386.8759975
train/dvac_new/total_query_count,57,56,1024.0,1789063703.5010574
train/dvac_new/total_query_count,58,57,1024.0,1789064008.9454894
train/dvac_new/total_query_count,59,58,1024.0,1789064327.469606
train/dvac_new/total_query_count,60,59,1024.0,1789064954.1529028
train/dvac_new/total_query_count,61,60,1024.0,1789065252.5946262
train/dvac_new/total_query_count,62,61,1024.0,1789065550.4193714
train/dvac_new/total_query_count,63,62,1024.0,1789065855.0299835
train/dvac_new/total_query_count,64,63,1024.0,1789066158.5614886
train/dvac_new/total_query_count,65,64,1024.0,1789066738.9903703
train/dvac_new/total_query_count,66,65,1024.0,1789067040.708115
train/dvac_new/total_query_count,67,66,1024.0,1789067338.907836
train/dvac_new/total_query_count,68,67,1024.0,1789067639.984519
train/dvac_new/total_query_count,69,68,1024.0,1789067937.1763725
train/dvac_new/total_query_count,70,69,1024.0,1789068535.1751652
train/dvac_new/total_query_count,71,70,1024.0,1789068829.68473
train/dvac_new/total_query_count,72,71,1024.0,1789069131.4973247
train/dvac_new/total_query_count,73,72,1024.0,1789069429.4069448
train/dvac_new/total_query_count,74,73,1024.0,1789069726.6004386
train/dvac_new/total_query_count,75,74,1024.0,1789070303.136249
train/dvac_new/total_query_count,76,75,1024.0,1789070600.9378257
train/dvac_new/total_query_count,77,76,1024.0,1789070899.9790866
train/dvac_new/total_query_count,78,77,1024.0,1789071195.461795
train/dvac_new/total_query_count,79,78,1024.0,1789071493.8890045
train/dvac_new/total_query_count,80,79,1024.0,1789072100.4295082
train/dvac_new/total_query_count,81,80,1024.0,1789072396.0066957
train/dvac_new/total_query_count,82,81,1024.0,1789072694.2756464
train/dvac_new/total_query_count,83,82,1024.0,1789072990.9777043
train/dvac_new/total_query_count,84,83,1024.0,1789073292.2127757
train/dvac_new/total_query_count,85,84,1024.0,1789073865.0258443
train/dvac_new/total_query_count,86,85,1024.0,1789074165.745683
train/dvac_new/total_query_count,87,86,1024.0,1789074465.9010766
train/dvac_new/total_query_count,88,87,1024.0,1789074766.6818202
train/dvac_new/total_query_count,89,88,1024.0,1789075065.6217892
train/dvac_new/total_query_count,90,89,1024.0,1789075674.5170221
train/dvac_new/total_query_count,91,90,1024.0,1789075974.5334268
train/dvac_new/total_query_count,92,91,1024.0,1789076285.4859605
train/dvac_new/total_query_count,93,92,1024.0,1789076591.404754
train/dvac_new/total_query_count,94,93,1024.0,1789076892.6540797
train/dvac_new/total_query_count,95,94,1024.0,1789077475.5660794
train/dvac_new/total_query_count,96,95,1024.0,1789077780.921877
train/dvac_new/total_query_count,97,96,1024.0,1789078088.6470718
train/dvac_new/total_query_count,98,97,1024.0,1789078397.4122171
train/dvac_new/total_query_count,99,98,1024.0,1789078708.8038368
train/dvac_new/total_query_count,100,99,1024.0,1789079323.7451048
train/dvac_new/valid_action_count,1,0,51200.0,1789042971.7988439
train/dvac_new/valid_action_count,2,1,51200.0,1789043289.3766952
train/dvac_new/valid_action_count,3,2,51200.0,1789043596.1775646
train/dvac_new/valid_action_count,4,3,51200.0,1789043916.2432299
train/dvac_new/valid_action_count,5,4,51200.0,1789044572.5131645
train/dvac_new/valid_action_count,6,5,51200.0,1789044887.0663023
train/dvac_new/valid_action_count,7,6,51200.0,1789045194.3988702
train/dvac_new/valid_action_count,8,7,51200.0,1789045504.00545
train/dvac_new/valid_action_count,9,8,51200.0,1789045808.4039257
train/dvac_new/valid_action_count,10,9,51200.0,1789046433.8846593
train/dvac_new/valid_action_count,11,10,51200.0,1789046731.5902355
train/dvac_new/valid_action_count,12,11,51200.0,1789047034.3266923
train/dvac_new/valid_action_count,13,12,51200.0,1789047335.902097
train/dvac_new/valid_action_count,14,13,51200.0,1789047636.445127
train/dvac_new/valid_action_count,15,14,51200.0,1789048223.8556445
train/dvac_new/valid_action_count,16,15,51200.0,1789048523.8322918
train/dvac_new/valid_action_count,17,16,51200.0,1789048825.5663333
train/dvac_new/valid_action_count,18,17,51200.0,1789049128.7423086
train/dvac_new/valid_action_count,19,18,51200.0,1789049426.1658194
train/dvac_new/valid_action_count,20,19,51200.0,1789050040.6374924
train/dvac_new/valid_action_count,21,20,51200.0,1789050339.0020878
train/dvac_new/valid_action_count,22,21,51200.0,1789050639.1338353
train/dvac_new/valid_action_count,23,22,51200.0,1789050938.9443555
train/dvac_new/valid_action_count,24,23,51200.0,1789051237.2575867
train/dvac_new/valid_action_count,25,24,51200.0,1789051822.186158
train/dvac_new/valid_action_count,26,25,51200.0,1789052119.137754
train/dvac_new/valid_action_count,27,26,51200.0,1789052420.7521772
train/dvac_new/valid_action_count,28,27,51200.0,1789052718.9053094
train/dvac_new/valid_action_count,29,28,51200.0,1789053019.8354259
train/dvac_new/valid_action_count,30,29,51200.0,1789053666.1426144
train/dvac_new/valid_action_count,31,30,51200.0,1789053965.73291
train/dvac_new/valid_action_count,32,31,51200.0,1789054272.897454
train/dvac_new/valid_action_count,33,32,51200.0,1789054574.8182902
train/dvac_new/valid_action_count,34,33,51200.0,1789054880.445428
train/dvac_new/valid_action_count,35,34,51200.0,1789055522.2090473
train/dvac_new/valid_action_count,36,35,51200.0,1789055825.463122
train/dvac_new/valid_action_count,37,36,51200.0,1789056134.341532
train/dvac_new/valid_action_count,38,37,51200.0,1789056444.8262627
train/dvac_new/valid_action_count,39,38,51200.0,1789056750.780976
train/dvac_new/valid_action_count,40,39,51200.0,1789057409.7194242
train/dvac_new/valid_action_count,41,40,51200.0,1789057711.755961
train/dvac_new/valid_action_count,42,41,51200.0,1789058024.7909665
train/dvac_new/valid_action_count,43,42,51200.0,1789058341.4089835
train/dvac_new/valid_action_count,44,43,51200.0,1789058649.0216348
train/dvac_new/valid_action_count,45,44,51200.0,1789059280.927757
train/dvac_new/valid_action_count,46,45,51200.0,1789059601.6869457
train/dvac_new/valid_action_count,47,46,51200.0,1789059922.6277745
train/dvac_new/valid_action_count,48,47,51200.0,1789060237.7928817
train/dvac_new/valid_action_count,49,48,51200.0,1789060545.8396304
train/dvac_new/valid_action_count,50,49,51200.0,1789061201.5809767
train/dvac_new/valid_action_count,51,50,51200.0,1789061498.6660156
train/dvac_new/valid_action_count,52,51,51200.0,1789061816.3556626
train/dvac_new/valid_action_count,53,52,51200.0,1789062122.539079
train/dvac_new/valid_action_count,54,53,51200.0,1789062426.5441318
train/dvac_new/valid_action_count,55,54,51200.0,1789063070.2847266
train/dvac_new/valid_action_count,56,55,51200.0,1789063386.8760033
train/dvac_new/valid_action_count,57,56,51200.0,1789063703.5010636
train/dvac_new/valid_action_count,58,57,51200.0,1789064008.9454951
train/dvac_new/valid_action_count,59,58,51200.0,1789064327.4696121
train/dvac_new/valid_action_count,60,59,51200.0,1789064954.1529136
train/dvac_new/valid_action_count,61,60,51200.0,1789065252.5946324
train/dvac_new/valid_action_count,62,61,51200.0,1789065550.41938
train/dvac_new/valid_action_count,63,62,51200.0,1789065855.0299897
train/dvac_new/valid_action_count,64,63,51200.0,1789066158.561495
train/dvac_new/valid_action_count,65,64,51200.0,1789066738.9903765
train/dvac_new/valid_action_count,66,65,51200.0,1789067040.7081244
train/dvac_new/valid_action_count,67,66,51200.0,1789067338.9078417
train/dvac_new/valid_action_count,68,67,51200.0,1789067639.984525
train/dvac_new/valid_action_count,69,68,51200.0,1789067937.1763783
train/dvac_new/valid_action_count,70,69,51200.0,1789068535.1751714
train/dvac_new/valid_action_count,71,70,51200.0,1789068829.6847348
train/dvac_new/valid_action_count,72,71,51200.0,1789069131.4973292
train/dvac_new/valid_action_count,73,72,51200.0,1789069429.406951
train/dvac_new/valid_action_count,74,73,51200.0,1789069726.6004446
train/dvac_new/valid_action_count,75,74,51200.0,1789070303.1362581
train/dvac_new/valid_action_count,76,75,51200.0,1789070600.9378304
train/dvac_new/valid_action_count,77,76,51200.0,1789070899.979093
train/dvac_new/valid_action_count,78,77,51200.0,1789071195.461801
train/dvac_new/valid_action_count,79,78,51200.0,1789071493.8890107
train/dvac_new/valid_action_count,80,79,51200.0,1789072100.4295127
train/dvac_new/valid_action_count,81,80,51200.0,1789072396.0067
train/dvac_new/valid_action_count,82,81,51200.0,1789072694.2756536
train/dvac_new/valid_action_count,83,82,51200.0,1789072990.9777093
train/dvac_new/valid_action_count,84,83,51200.0,1789073292.212782
train/dvac_new/valid_action_count,85,84,51200.0,1789073865.0258534
train/dvac_new/valid_action_count,86,85,51200.0,1789074165.7456894
train/dvac_new/valid_action_count,87,86,51200.0,1789074465.901082
train/dvac_new/valid_action_count,88,87,51200.0,1789074766.6818266
train/dvac_new/valid_action_count,89,88,51200.0,1789075065.6217952
train/dvac_new/valid_action_count,90,89,51200.0,1789075674.517028
train/dvac_new/valid_action_count,91,90,51200.0,1789075974.533435
train/dvac_new/valid_action_count,92,91,51200.0,1789076285.4859693
train/dvac_new/valid_action_count,93,92,51200.0,1789076591.4047656
train/dvac_new/valid_action_count,94,93,51200.0,1789076892.654086
train/dvac_new/valid_action_count,95,94,51200.0,1789077475.5660853
train/dvac_new/valid_action_count,96,95,51200.0,1789077780.9218967
train/dvac_new/valid_action_count,97,96,51200.0,1789078088.64708
train/dvac_new/valid_action_count,98,97,51200.0,1789078397.4122233
train/dvac_new/valid_action_count,99,98,51200.0,1789078708.803843
train/dvac_new/valid_action_count,100,99,51200.0,1789079323.745125
train/dvac_new/valid_element_count,1,0,716800.0,1789042971.7988498
train/dvac_new/valid_element_count,2,1,716800.0,1789043289.3767006
train/dvac_new/valid_element_count,3,2,716800.0,1789043596.1775708
train/dvac_new/valid_element_count,4,3,716800.0,1789043916.243236
train/dvac_new/valid_element_count,5,4,716800.0,1789044572.5131702
train/dvac_new/valid_element_count,6,5,716800.0,1789044887.066309
train/dvac_new/valid_element_count,7,6,716800.0,1789045194.3988762
train/dvac_new/valid_element_count,8,7,716800.0,1789045504.0054562
train/dvac_new/valid_element_count,9,8,716800.0,1789045808.4039319
train/dvac_new/valid_element_count,10,9,716800.0,1789046433.8846698
train/dvac_new/valid_element_count,11,10,716800.0,1789046731.5902402
train/dvac_new/valid_element_count,12,11,716800.0,1789047034.3266988
train/dvac_new/valid_element_count,13,12,716800.0,1789047335.9021027
train/dvac_new/valid_element_count,14,13,716800.0,1789047636.4451327
train/dvac_new/valid_element_count,15,14,716800.0,1789048223.8556497
train/dvac_new/valid_element_count,16,15,716800.0,1789048523.832299
train/dvac_new/valid_element_count,17,16,716800.0,1789048825.5663393
train/dvac_new/valid_element_count,18,17,716800.0,1789049128.7423146
train/dvac_new/valid_element_count,19,18,716800.0,1789049426.1658254
train/dvac_new/valid_element_count,20,19,716800.0,1789050040.6374981
train/dvac_new/valid_element_count,21,20,716800.0,1789050339.0020936
train/dvac_new/valid_element_count,22,21,716800.0,1789050639.1338415
train/dvac_new/valid_element_count,23,22,716800.0,1789050938.944365
train/dvac_new/valid_element_count,24,23,716800.0,1789051237.2575932
train/dvac_new/valid_element_count,25,24,716800.0,1789051822.1861672
train/dvac_new/valid_element_count,26,25,716800.0,1789052119.1377602
train/dvac_new/valid_element_count,27,26,716800.0,1789052420.7521856
train/dvac_new/valid_element_count,28,27,716800.0,1789052718.9053154
train/dvac_new/valid_element_count,29,28,716800.0,1789053019.835432
train/dvac_new/valid_element_count,30,29,716800.0,1789053666.1426203
train/dvac_new/valid_element_count,31,30,716800.0,1789053965.7329152
train/dvac_new/valid_element_count,32,31,716800.0,1789054272.8974602
train/dvac_new/valid_element_count,33,32,716800.0,1789054574.8183007
train/dvac_new/valid_element_count,34,33,716800.0,1789054880.4454372
train/dvac_new/valid_element_count,35,34,716800.0,1789055522.2090576
train/dvac_new/valid_element_count,36,35,716800.0,1789055825.463128
train/dvac_new/valid_element_count,37,36,716800.0,1789056134.341539
train/dvac_new/valid_element_count,38,37,716800.0,1789056444.8262677
train/dvac_new/valid_element_count,39,38,716800.0,1789056750.7809818
train/dvac_new/valid_element_count,40,39,716800.0,1789057409.7194345
train/dvac_new/valid_element_count,41,40,716800.0,1789057711.7559783
train/dvac_new/valid_element_count,42,41,716800.0,1789058024.7909725
train/dvac_new/valid_element_count,43,42,716800.0,1789058341.4089909
train/dvac_new/valid_element_count,44,43,716800.0,1789058649.0216453
train/dvac_new/valid_element_count,45,44,716800.0,1789059280.927764
train/dvac_new/valid_element_count,46,45,716800.0,1789059601.6869516
train/dvac_new/valid_element_count,47,46,716800.0,1789059922.627783
train/dvac_new/valid_element_count,48,47,716800.0,1789060237.7928874
train/dvac_new/valid_element_count,49,48,716800.0,1789060545.8396358
train/dvac_new/valid_element_count,50,49,716800.0,1789061201.5809844
train/dvac_new/valid_element_count,51,50,716800.0,1789061498.666024
train/dvac_new/valid_element_count,52,51,716800.0,1789061816.3556685
train/dvac_new/valid_element_count,53,52,716800.0,1789062122.5390844
train/dvac_new/valid_element_count,54,53,716800.0,1789062426.5441372
train/dvac_new/valid_element_count,55,54,716800.0,1789063070.284732
train/dvac_new/valid_element_count,56,55,716800.0,1789063386.8760087
train/dvac_new/valid_element_count,57,56,716800.0,1789063703.5010693
train/dvac_new/valid_element_count,58,57,716800.0,1789064008.9455006
train/dvac_new/valid_element_count,59,58,716800.0,1789064327.4696178
train/dvac_new/valid_element_count,60,59,716800.0,1789064954.1529238
train/dvac_new/valid_element_count,61,60,716800.0,1789065252.5946383
train/dvac_new/valid_element_count,62,61,716800.0,1789065550.4193878
train/dvac_new/valid_element_count,63,62,716800.0,1789065855.0299954
train/dvac_new/valid_element_count,64,63,716800.0,1789066158.5615015
train/dvac_new/valid_element_count,65,64,716800.0,1789066738.9903827
train/dvac_new/valid_element_count,66,65,716800.0,1789067040.708134
train/dvac_new/valid_element_count,67,66,716800.0,1789067338.907848
train/dvac_new/valid_element_count,68,67,716800.0,1789067639.9845312
train/dvac_new/valid_element_count,69,68,716800.0,1789067937.176384
train/dvac_new/valid_element_count,70,69,716800.0,1789068535.175177
train/dvac_new/valid_element_count,71,70,716800.0,1789068829.684739
train/dvac_new/valid_element_count,72,71,716800.0,1789069131.4973335
train/dvac_new/valid_element_count,73,72,716800.0,1789069429.4069574
train/dvac_new/valid_element_count,74,73,716800.0,1789069726.6004498
train/dvac_new/valid_element_count,75,74,716800.0,1789070303.136267
train/dvac_new/valid_element_count,76,75,716800.0,1789070600.9378352
train/dvac_new/valid_element_count,77,76,716800.0,1789070899.979099
train/dvac_new/valid_element_count,78,77,716800.0,1789071195.4618068
train/dvac_new/valid_element_count,79,78,716800.0,1789071493.8890169
train/dvac_new/valid_element_count,80,79,716800.0,1789072100.4295173
train/dvac_new/valid_element_count,81,80,716800.0,1789072396.0067043
train/dvac_new/valid_element_count,82,81,716800.0,1789072694.2756612
train/dvac_new/valid_element_count,83,82,716800.0,1789072990.9777138
train/dvac_new/valid_element_count,84,83,716800.0,1789073292.2127872
train/dvac_new/valid_element_count,85,84,716800.0,1789073865.0258625
train/dvac_new/valid_element_count,86,85,716800.0,1789074165.7456949
train/dvac_new/valid_element_count,87,86,716800.0,1789074465.901088
train/dvac_new/valid_element_count,88,87,716800.0,1789074766.681833
train/dvac_new/valid_element_count,89,88,716800.0,1789075065.6218007
train/dvac_new/valid_element_count,90,89,716800.0,1789075674.5170338
train/dvac_new/valid_element_count,91,90,716800.0,1789075974.5334437
train/dvac_new/valid_element_count,92,91,716800.0,1789076285.4859781
train/dvac_new/valid_element_count,93,92,716800.0,1789076591.404776
train/dvac_new/valid_element_count,94,93,716800.0,1789076892.654092
train/dvac_new/valid_element_count,95,94,716800.0,1789077475.5660908
train/dvac_new/valid_element_count,96,95,716800.0,1789077780.9219153
train/dvac_new/valid_element_count,97,96,716800.0,1789078088.647088
train/dvac_new/valid_element_count,98,97,716800.0,1789078397.412229
train/dvac_new/valid_element_count,99,98,716800.0,1789078708.803849
train/dvac_new/valid_element_count,100,99,716800.0,1789079323.7451456
train/dvac_new/valid_query_count,1,0,1024.0,1789042971.7988555
train/dvac_new/valid_query_count,2,1,1024.0,1789043289.3767064
train/dvac_new/valid_query_count,3,2,1024.0,1789043596.1775765
train/dvac_new/valid_query_count,4,3,1024.0,1789043916.2432425
train/dvac_new/valid_query_count,5,4,1024.0,1789044572.5134072
train/dvac_new/valid_query_count,6,5,1024.0,1789044887.0663166
train/dvac_new/valid_query_count,7,6,1024.0,1789045194.3988824
train/dvac_new/valid_query_count,8,7,1024.0,1789045504.0054617
train/dvac_new/valid_query_count,9,8,1024.0,1789045808.4039378
train/dvac_new/valid_query_count,10,9,1024.0,1789046433.8851197
train/dvac_new/valid_query_count,11,10,1024.0,1789046731.5902445
train/dvac_new/valid_query_count,12,11,1024.0,1789047034.326705
train/dvac_new/valid_query_count,13,12,1024.0,1789047335.9021084
train/dvac_new/valid_query_count,14,13,1024.0,1789047636.445139
train/dvac_new/valid_query_count,15,14,1024.0,1789048223.8558824
train/dvac_new/valid_query_count,16,15,1024.0,1789048523.8323061
train/dvac_new/valid_query_count,17,16,1024.0,1789048825.5663455
train/dvac_new/valid_query_count,18,17,1024.0,1789049128.7423205
train/dvac_new/valid_query_count,19,18,1024.0,1789049426.1658309
train/dvac_new/valid_query_count,20,19,1024.0,1789050040.6380022
train/dvac_new/valid_query_count,21,20,1024.0,1789050339.002099
train/dvac_new/valid_query_count,22,21,1024.0,1789050639.133847
train/dvac_new/valid_query_count,23,22,1024.0,1789050938.9443753
train/dvac_new/valid_query_count,24,23,1024.0,1789051237.257599
train/dvac_new/valid_query_count,25,24,1024.0,1789051822.1866539
train/dvac_new/valid_query_count,26,25,1024.0,1789052119.1377666
train/dvac_new/valid_query_count,27,26,1024.0,1789052420.752195
train/dvac_new/valid_query_count,28,27,1024.0,1789052718.9053214
train/dvac_new/valid_query_count,29,28,1024.0,1789053019.8354373
train/dvac_new/valid_query_count,30,29,1024.0,1789053666.14289
train/dvac_new/valid_query_count,31,30,1024.0,1789053965.732921
train/dvac_new/valid_query_count,32,31,1024.0,1789054272.8974662
train/dvac_new/valid_query_count,33,32,1024.0,1789054574.818312
train/dvac_new/valid_query_count,34,33,1024.0,1789054880.4454446
train/dvac_new/valid_query_count,35,34,1024.0,1789055522.2092712
train/dvac_new/valid_query_count,36,35,1024.0,1789055825.4631343
train/dvac_new/valid_query_count,37,36,1024.0,1789056134.341546
train/dvac_new/valid_query_count,38,37,1024.0,1789056444.8262727
train/dvac_new/valid_query_count,39,38,1024.0,1789056750.7809882
train/dvac_new/valid_query_count,40,39,1024.0,1789057409.7199433
train/dvac_new/valid_query_count,41,40,1024.0,1789057711.7559948
train/dvac_new/valid_query_count,42,41,1024.0,1789058024.790979
train/dvac_new/valid_query_count,43,42,1024.0,1789058341.4089985
train/dvac_new/valid_query_count,44,43,1024.0,1789058649.0216548
train/dvac_new/valid_query_count,45,44,1024.0,1789059280.9281626
train/dvac_new/valid_query_count,46,45,1024.0,1789059601.6869576
train/dvac_new/valid_query_count,47,46,1024.0,1789059922.6277912
train/dvac_new/valid_query_count,48,47,1024.0,1789060237.792894
train/dvac_new/valid_query_count,49,48,1024.0,1789060545.8396425
train/dvac_new/valid_query_count,50,49,1024.0,1789061201.581458
train/dvac_new/valid_query_count,51,50,1024.0,1789061498.6660316
train/dvac_new/valid_query_count,52,51,1024.0,1789061816.3556743
train/dvac_new/valid_query_count,53,52,1024.0,1789062122.53909
train/dvac_new/valid_query_count,54,53,1024.0,1789062426.544143
train/dvac_new/valid_query_count,55,54,1024.0,1789063070.285518
train/dvac_new/valid_query_count,56,55,1024.0,1789063386.8760142
train/dvac_new/valid_query_count,57,56,1024.0,1789063703.5010755
train/dvac_new/valid_query_count,58,57,1024.0,1789064008.9455066
train/dvac_new/valid_query_count,59,58,1024.0,1789064327.4696236
train/dvac_new/valid_query_count,60,59,1024.0,1789064954.1533616
train/dvac_new/valid_query_count,61,60,1024.0,1789065252.594645
train/dvac_new/valid_query_count,62,61,1024.0,1789065550.4193969
train/dvac_new/valid_query_count,63,62,1024.0,1789065855.0300016
train/dvac_new/valid_query_count,64,63,1024.0,1789066158.561508
train/dvac_new/valid_query_count,65,64,1024.0,1789066738.9908853
train/dvac_new/valid_query_count,66,65,1024.0,1789067040.7081425
train/dvac_new/valid_query_count,67,66,1024.0,1789067338.9078543
train/dvac_new/valid_query_count,68,67,1024.0,1789067639.9845366
train/dvac_new/valid_query_count,69,68,1024.0,1789067937.1763906
train/dvac_new/valid_query_count,70,69,1024.0,1789068535.175672
train/dvac_new/valid_query_count,71,70,1024.0,1789068829.6847436
train/dvac_new/valid_query_count,72,71,1024.0,1789069131.4973378
train/dvac_new/valid_query_count,73,72,1024.0,1789069429.4069638
train/dvac_new/valid_query_count,74,73,1024.0,1789069726.6004555
train/dvac_new/valid_query_count,75,74,1024.0,1789070303.1368597
train/dvac_new/valid_query_count,76,75,1024.0,1789070600.9378402
train/dvac_new/valid_query_count,77,76,1024.0,1789070899.9791052
train/dvac_new/valid_query_count,78,77,1024.0,1789071195.4618127
train/dvac_new/valid_query_count,79,78,1024.0,1789071493.889025
train/dvac_new/valid_query_count,80,79,1024.0,1789072100.430003
train/dvac_new/valid_query_count,81,80,1024.0,1789072396.0067086
train/dvac_new/valid_query_count,82,81,1024.0,1789072694.2756681
train/dvac_new/valid_query_count,83,82,1024.0,1789072990.977719
train/dvac_new/valid_query_count,84,83,1024.0,1789073292.2127934
train/dvac_new/valid_query_count,85,84,1024.0,1789073865.0262632
train/dvac_new/valid_query_count,86,85,1024.0,1789074165.7457008
train/dvac_new/valid_query_count,87,86,1024.0,1789074465.901094
train/dvac_new/valid_query_count,88,87,1024.0,1789074766.6818388
train/dvac_new/valid_query_count,89,88,1024.0,1789075065.621807
train/dvac_new/valid_query_count,90,89,1024.0,1789075674.5175247
train/dvac_new/valid_query_count,91,90,1024.0,1789075974.533452
train/dvac_new/valid_query_count,92,91,1024.0,1789076285.485988
train/dvac_new/valid_query_count,93,92,1024.0,1789076591.4047868
train/dvac_new/valid_query_count,94,93,1024.0,1789076892.654098
train/dvac_new/valid_query_count,95,94,1024.0,1789077475.5667505
train/dvac_new/valid_query_count,96,95,1024.0,1789077780.9219356
train/dvac_new/valid_query_count,97,96,1024.0,1789078088.647096
train/dvac_new/valid_query_count,98,97,1024.0,1789078397.4122477
train/dvac_new/valid_query_count,99,98,1024.0,1789078708.8038552
train/dvac_new/valid_query_count,100,99,1024.0,1789079323.7456615
train/dvac_new/weight_max,1,0,2.0145370960235596,1789042971.7988613
train/dvac_new/weight_max,2,1,2.189878225326538,1789043289.3767118
train/dvac_new/weight_max,3,2,2.1244354248046875,1789043596.1775823
train/dvac_new/weight_max,4,3,2.0728204250335693,1789043916.2432487
train/dvac_new/weight_max,5,4,2.029761552810669,1789044572.5134144
train/dvac_new/weight_max,6,5,2.059471368789673,1789044887.0663233
train/dvac_new/weight_max,7,6,2.108152389526367,1789045194.3988883
train/dvac_new/weight_max,8,7,2.121474266052246,1789045504.005468
train/dvac_new/weight_max,9,8,2.144606351852417,1789045808.403944
train/dvac_new/weight_max,10,9,2.14365291595459,1789046433.8851314
train/dvac_new/weight_max,11,10,2.167004108428955,1789046731.5902493
train/dvac_new/weight_max,12,11,2.1873295307159424,1789047034.3267105
train/dvac_new/weight_max,13,12,2.207782506942749,1789047335.9021146
train/dvac_new/weight_max,14,13,2.2228455543518066,1789047636.445145
train/dvac_new/weight_max,15,14,2.235248565673828,1789048223.8558896
train/dvac_new/weight_max,16,15,2.2118024826049805,1789048523.8323128
train/dvac_new/weight_max,17,16,2.2186756134033203,1789048825.566352
train/dvac_new/weight_max,18,17,2.2203152179718018,1789049128.7423265
train/dvac_new/weight_max,19,18,2.1816153526306152,1789049426.1658366
train/dvac_new/weight_max,20,19,2.1913089752197266,1789050040.6380084
train/dvac_new/weight_max,21,20,2.190988063812256,1789050339.002105
train/dvac_new/weight_max,22,21,2.193063735961914,1789050639.1338534
train/dvac_new/weight_max,23,22,2.1687917709350586,1789050938.9443858
train/dvac_new/weight_max,24,23,2.1848361492156982,1789051237.2576048
train/dvac_new/weight_max,25,24,2.181216239929199,1789051822.186665
train/dvac_new/weight_max,26,25,2.188218832015991,1789052119.1377728
train/dvac_new/weight_max,27,26,2.196502923965454,1789052420.7522027
train/dvac_new/weight_max,28,27,2.190814971923828,1789052718.9053273
train/dvac_new/weight_max,29,28,2.1956450939178467,1789053019.8354437
train/dvac_new/weight_max,30,29,2.1947219371795654,1789053666.1428962
train/dvac_new/weight_max,31,30,2.208146333694458,1789053965.7329266
train/dvac_new/weight_max,32,31,2.201606035232544,1789054272.8974717
train/dvac_new/weight_max,33,32,2.174339771270752,1789054574.818323
train/dvac_new/weight_max,34,33,2.1883955001831055,1789054880.4454517
train/dvac_new/weight_max,35,34,2.1889326572418213,1789055522.2092829
train/dvac_new/weight_max,36,35,2.1985321044921875,1789055825.4631395
train/dvac_new/weight_max,37,36,2.205859661102295,1789056134.341553
train/dvac_new/weight_max,38,37,2.226280450820923,1789056444.826277
train/dvac_new/weight_max,39,38,2.1483821868896484,1789056750.7809944
train/dvac_new/weight_max,40,39,2.1506197452545166,1789057409.719955
train/dvac_new/weight_max,41,40,2.155203104019165,1789057711.7560105
train/dvac_new/weight_max,42,41,2.16019868850708,1789058024.7909849
train/dvac_new/weight_max,43,42,2.1720120906829834,1789058341.4090054
train/dvac_new/weight_max,44,43,2.171849012374878,1789058649.0216656
train/dvac_new/weight_max,45,44,2.1740310192108154,1789059280.9281704
train/dvac_new/weight_max,46,45,2.1910510063171387,1789059601.6869638
train/dvac_new/weight_max,47,46,2.1923670768737793,1789059922.627799
train/dvac_new/weight_max,48,47,2.1778628826141357,1789060237.7929003
train/dvac_new/weight_max,49,48,2.1960766315460205,1789060545.839649
train/dvac_new/weight_max,50,49,2.2024762630462646,1789061201.581465
train/dvac_new/weight_max,51,50,2.1958703994750977,1789061498.6660395
train/dvac_new/weight_max,52,51,2.1843042373657227,1789061816.3556802
train/dvac_new/weight_max,53,52,2.2033531665802,1789062122.539096
train/dvac_new/weight_max,54,53,2.2037479877471924,1789062426.5441484
train/dvac_new/weight_max,55,54,2.195505142211914,1789063070.2855248
train/dvac_new/weight_max,56,55,2.2021467685699463,1789063386.8760202
train/dvac_new/weight_max,57,56,2.2093443870544434,1789063703.501082
train/dvac_new/weight_max,58,57,2.2219913005828857,1789064008.9455118
train/dvac_new/weight_max,59,58,2.2145237922668457,1789064327.4696293
train/dvac_new/weight_max,60,59,2.231816053390503,1789064954.1533742
train/dvac_new/weight_max,61,60,2.2076661586761475,1789065252.5946512
train/dvac_new/weight_max,62,61,2.2230007648468018,1789065550.4194047
train/dvac_new/weight_max,63,62,2.256793975830078,1789065855.0300074
train/dvac_new/weight_max,64,63,2.2023212909698486,1789066158.561514
train/dvac_new/weight_max,65,64,2.246541976928711,1789066738.9908922
train/dvac_new/weight_max,66,65,2.215777635574341,1789067040.7081516
train/dvac_new/weight_max,67,66,2.225510835647583,1789067338.9078608
train/dvac_new/weight_max,68,67,2.2438323497772217,1789067639.984543
train/dvac_new/weight_max,69,68,2.2320101261138916,1789067937.1763964
train/dvac_new/weight_max,70,69,2.236809015274048,1789068535.1756783
train/dvac_new/weight_max,71,70,2.253364086151123,1789068829.684748
train/dvac_new/weight_max,72,71,2.2399392127990723,1789069131.497342
train/dvac_new/weight_max,73,72,2.265162467956543,1789069429.4069695
train/dvac_new/weight_max,74,73,2.25903058052063,1789069726.6004608
train/dvac_new/weight_max,75,74,2.2380003929138184,1789070303.1368694
train/dvac_new/weight_max,76,75,2.245330333709717,1789070600.9378445
train/dvac_new/weight_max,77,76,2.2537600994110107,1789070899.9791117
train/dvac_new/weight_max,78,77,2.2523891925811768,1789071195.461819
train/dvac_new/weight_max,79,78,2.2505574226379395,1789071493.8890336
train/dvac_new/weight_max,80,79,2.3046066761016846,1789072100.4300084
train/dvac_new/weight_max,81,80,2.417649030685425,1789072396.0067132
train/dvac_new/weight_max,82,81,2.471531629562378,1789072694.2756753
train/dvac_new/weight_max,83,82,2.4210267066955566,1789072990.9777234
train/dvac_new/weight_max,84,83,2.4830009937286377,1789073292.2127995
train/dvac_new/weight_max,85,84,2.487623691558838,1789073865.0262797
train/dvac_new/weight_max,86,85,2.3973419666290283,1789074165.7457068
train/dvac_new/weight_max,87,86,2.4136414527893066,1789074465.9010994
train/dvac_new/weight_max,88,87,2.4233646392822266,1789074766.6818445
train/dvac_new/weight_max,89,88,2.347360610961914,1789075065.6218133
train/dvac_new/weight_max,90,89,2.4231467247009277,1789075674.5175316
train/dvac_new/weight_max,91,90,2.3164188861846924,1789075974.5334604
train/dvac_new/weight_max,92,91,2.409428119659424,1789076285.4859967
train/dvac_new/weight_max,93,92,2.479790210723877,1789076591.4047976
train/dvac_new/weight_max,94,93,2.4215035438537598,1789076892.6541038
train/dvac_new/weight_max,95,94,2.38397479057312,1789077475.5667672
train/dvac_new/weight_max,96,95,2.4433441162109375,1789077780.9219549
train/dvac_new/weight_max,97,96,2.511807680130005,1789078088.6471043
train/dvac_new/weight_max,98,97,2.436161518096924,1789078397.4122539
train/dvac_new/weight_max,99,98,2.3833706378936768,1789078708.803861
train/dvac_new/weight_max,100,99,2.429633140563965,1789079323.745684
train/dvac_new/weight_mean,1,0,1.0,1789042971.7988672
train/dvac_new/weight_mean,2,1,1.0,1789043289.3767176
train/dvac_new/weight_mean,3,2,1.0,1789043596.1775882
train/dvac_new/weight_mean,4,3,1.0,1789043916.2432544
train/dvac_new/weight_mean,5,4,1.0,1789044572.5134206
train/dvac_new/weight_mean,6,5,0.9999999403953552,1789044887.06633
train/dvac_new/weight_mean,7,6,1.0,1789045194.3988948
train/dvac_new/weight_mean,8,7,1.0,1789045504.0054734
train/dvac_new/weight_mean,9,8,1.0,1789045808.4039497
train/dvac_new/weight_mean,10,9,1.0,1789046433.8851418
train/dvac_new/weight_mean,11,10,1.0,1789046731.590254
train/dvac_new/weight_mean,12,11,1.0,1789047034.3267167
train/dvac_new/weight_mean,13,12,1.0,1789047335.90212
train/dvac_new/weight_mean,14,13,0.9999999403953552,1789047636.4451506
train/dvac_new/weight_mean,15,14,1.0,1789048223.8558958
train/dvac_new/weight_mean,16,15,1.0,1789048523.8323193
train/dvac_new/weight_mean,17,16,1.0,1789048825.5663579
train/dvac_new/weight_mean,18,17,1.0,1789049128.7423325
train/dvac_new/weight_mean,19,18,1.0,1789049426.1658425
train/dvac_new/weight_mean,20,19,1.0,1789050040.6380138
train/dvac_new/weight_mean,21,20,1.0,1789050339.0021105
train/dvac_new/weight_mean,22,21,1.0,1789050639.1338594
train/dvac_new/weight_mean,23,22,1.0,1789050938.9443958
train/dvac_new/weight_mean,24,23,1.0,1789051237.2576103
train/dvac_new/weight_mean,25,24,1.0,1789051822.1866748
train/dvac_new/weight_mean,26,25,1.0,1789052119.1377792
train/dvac_new/weight_mean,27,26,0.9999999403953552,1789052420.752211
train/dvac_new/weight_mean,28,27,0.9999999403953552,1789052718.9053333
train/dvac_new/weight_mean,29,28,1.0,1789053019.83545
train/dvac_new/weight_mean,30,29,1.0,1789053666.1429024
train/dvac_new/weight_mean,31,30,1.0,1789053965.7329333
train/dvac_new/weight_mean,32,31,1.0,1789054272.8974774
train/dvac_new/weight_mean,33,32,1.0,1789054574.818334
train/dvac_new/weight_mean,34,33,1.0,1789054880.4454594
train/dvac_new/weight_mean,35,34,1.0,1789055522.2092946
train/dvac_new/weight_mean,36,35,1.0,1789055825.4631453
train/dvac_new/weight_mean,37,36,1.0,1789056134.34156
train/dvac_new/weight_mean,38,37,1.0,1789056444.8262818
train/dvac_new/weight_mean,39,38,1.0,1789056750.7810001
train/dvac_new/weight_mean,40,39,1.0,1789057409.7199652
train/dvac_new/weight_mean,41,40,1.0,1789057711.7560263
train/dvac_new/weight_mean,42,41,1.0,1789058024.790991
train/dvac_new/weight_mean,43,42,1.0,1789058341.4090128
train/dvac_new/weight_mean,44,43,1.0,1789058649.021676
train/dvac_new/weight_mean,45,44,0.9999999403953552,1789059280.928177
train/dvac_new/weight_mean,46,45,1.0,1789059601.6869693
train/dvac_new/weight_mean,47,46,1.0,1789059922.627807
train/dvac_new/weight_mean,48,47,1.0,1789060237.7929063
train/dvac_new/weight_mean,49,48,1.0,1789060545.8396556
train/dvac_new/weight_mean,50,49,1.0,1789061201.5814714
train/dvac_new/weight_mean,51,50,1.0,1789061498.6660466
train/dvac_new/weight_mean,52,51,1.0,1789061816.355686
train/dvac_new/weight_mean,53,52,1.0,1789062122.5391016
train/dvac_new/weight_mean,54,53,1.0,1789062426.544155
train/dvac_new/weight_mean,55,54,1.0,1789063070.285531
train/dvac_new/weight_mean,56,55,1.0,1789063386.8760262
train/dvac_new/weight_mean,57,56,1.0,1789063703.5010877
train/dvac_new/weight_mean,58,57,1.0,1789064008.9455175
train/dvac_new/weight_mean,59,58,1.0,1789064327.4696348
train/dvac_new/weight_mean,60,59,0.9999999403953552,1789064954.1533844
train/dvac_new/weight_mean,61,60,1.0,1789065252.5946574
train/dvac_new/weight_mean,62,61,1.0,1789065550.419413
train/dvac_new/weight_mean,63,62,1.0,1789065855.0300128
train/dvac_new/weight_mean,64,63,1.0,1789066158.5615203
train/dvac_new/weight_mean,65,64,1.0,1789066738.9908984
train/dvac_new/weight_mean,66,65,1.0,1789067040.7081602
train/dvac_new/weight_mean,67,66,0.9999999403953552,1789067338.9078665
train/dvac_new/weight_mean,68,67,1.0,1789067639.9845486
train/dvac_new/weight_mean,69,68,1.0,1789067937.176402
train/dvac_new/weight_mean,70,69,1.0,1789068535.1756847
train/dvac_new/weight_mean,71,70,0.9999999403953552,1789068829.6847525
train/dvac_new/weight_mean,72,71,1.0,1789069131.4973466
train/dvac_new/weight_mean,73,72,1.0,1789069429.4069755
train/dvac_new/weight_mean,74,73,1.0,1789069726.6004663
train/dvac_new/weight_mean,75,74,1.0,1789070303.1368785
train/dvac_new/weight_mean,76,75,1.0,1789070600.9378493
train/dvac_new/weight_mean,77,76,1.0,1789070899.9791176
train/dvac_new/weight_mean,78,77,1.0,1789071195.4618244
train/dvac_new/weight_mean,79,78,1.0,1789071493.8890424
train/dvac_new/weight_mean,80,79,1.0,1789072100.430013
train/dvac_new/weight_mean,81,80,1.0,1789072396.0067174
train/dvac_new/weight_mean,82,81,1.0,1789072694.2756822
train/dvac_new/weight_mean,83,82,1.0,1789072990.977728
train/dvac_new/weight_mean,84,83,1.0,1789073292.212805
train/dvac_new/weight_mean,85,84,1.0,1789073865.026288
train/dvac_new/weight_mean,86,85,1.0,1789074165.745713
train/dvac_new/weight_mean,87,86,0.9999999403953552,1789074465.901105
train/dvac_new/weight_mean,88,87,1.0,1789074766.681851
train/dvac_new/weight_mean,89,88,1.0,1789075065.6218195
train/dvac_new/weight_mean,90,89,1.0,1789075674.5175376
train/dvac_new/weight_mean,91,90,1.0,1789075974.5334685
train/dvac_new/weight_mean,92,91,0.9999999403953552,1789076285.4860063
train/dvac_new/weight_mean,93,92,1.0,1789076591.404808
train/dvac_new/weight_mean,94,93,1.0,1789076892.6541095
train/dvac_new/weight_mean,95,94,1.0,1789077475.5667753
train/dvac_new/weight_mean,96,95,1.0,1789077780.921975
train/dvac_new/weight_mean,97,96,1.0,1789078088.6471133
train/dvac_new/weight_mean,98,97,1.0,1789078397.4122603
train/dvac_new/weight_mean,99,98,1.0,1789078708.8038669
train/dvac_new/weight_mean,100,99,1.0,1789079323.7457054
train/dvac_new/weight_min,1,0,0.24524050951004028,1789042971.7991238
train/dvac_new/weight_min,2,1,0.2673673629760742,1789043289.37686
train/dvac_new/weight_min,3,2,0.2895295023918152,1789043596.1780808
train/dvac_new/weight_min,4,3,0.27185118198394775,1789043916.243619
train/dvac_new/weight_min,5,4,0.18829485774040222,1789044572.5134265
train/dvac_new/weight_min,6,5,0.19869133830070496,1789044887.066497
train/dvac_new/weight_min,7,6,0.21572650969028473,1789045194.399099
train/dvac_new/weight_min,8,7,0.22038838267326355,1789045504.0062127
train/dvac_new/weight_min,9,8,0.22848308086395264,1789045808.4041252
train/dvac_new/weight_min,10,9,0.2281494289636612,1789046433.885151
train/dvac_new/weight_min,11,10,0.2363208383321762,1789046731.5906918
train/dvac_new/weight_min,12,11,0.2434333711862564,1789047034.3272192
train/dvac_new/weight_min,13,12,0.25059056282043457,1789047335.902434
train/dvac_new/weight_min,14,13,0.23967024683952332,1789047636.4456794
train/dvac_new/weight_min,15,14,0.24338316917419434,1789048223.8559017
train/dvac_new/weight_min,16,15,0.23367485404014587,1789048523.832612
train/dvac_new/weight_min,17,16,0.23559126257896423,1789048825.566534
train/dvac_new/weight_min,18,17,0.23604846000671387,1789049128.7425773
train/dvac_new/weight_min,19,18,0.2530025839805603,1789049426.1660771
train/dvac_new/weight_min,20,19,0.25591328740119934,1789050040.638019
train/dvac_new/weight_min,21,20,0.25581690669059753,1789050339.0025952
train/dvac_new/weight_min,22,21,0.256440132856369,1789050639.134363
train/dvac_new/weight_min,23,22,0.265432208776474,1789050938.944722
train/dvac_new/weight_min,24,23,0.27206259965896606,1789051237.2581196
train/dvac_new/weight_min,25,24,0.2685071527957916,1789051822.186685
train/dvac_new/weight_min,26,25,0.2703080475330353,1789052119.138151
train/dvac_new/weight_min,27,26,0.27222564816474915,1789052420.7524626
train/dvac_new/weight_min,28,27,0.2748839259147644,1789052718.9055316
train/dvac_new/weight_min,29,28,0.2728396952152252,1789053019.8357236
train/dvac_new/weight_min,30,29,0.2706509530544281,1789053666.1429088
train/dvac_new/weight_min,31,30,0.2765934467315674,1789053965.733268
train/dvac_new/weight_min,32,31,0.27655231952667236,1789054272.8977492
train/dvac_new/weight_min,33,32,0.2467423528432846,1789054574.8186862
train/dvac_new/weight_min,34,33,0.2513055205345154,1789054880.445728
train/dvac_new/weight_min,35,34,0.2534378170967102,1789055522.2093053
train/dvac_new/weight_min,36,35,0.23738467693328857,1789055825.4634855
train/dvac_new/weight_min,37,36,0.23537854850292206,1789056134.3420057
train/dvac_new/weight_min,38,37,0.236996129155159,1789056444.826618
train/dvac_new/weight_min,39,38,0.24349939823150635,1789056750.7812216
train/dvac_new/weight_min,40,39,0.24189406633377075,1789057409.7199757
train/dvac_new/weight_min,41,40,0.24475744366645813,1789057711.7562182
train/dvac_new/weight_min,42,41,0.24318110942840576,1789058024.7912722
train/dvac_new/weight_min,43,42,0.2430388480424881,1789058341.4096122
train/dvac_new/weight_min,44,43,0.24811676144599915,1789058649.0223763
train/dvac_new/weight_min,45,44,0.2476593255996704,1789059280.9281833
train/dvac_new/weight_min,46,45,0.24501562118530273,1789059601.687615
train/dvac_new/weight_min,47,46,0.24837195873260498,1789059922.6279788
train/dvac_new/weight_min,48,47,0.25583118200302124,1789060237.7932913
train/dvac_new/weight_min,49,48,0.24996636807918549,1789060545.8400168
train/dvac_new/weight_min,50,49,0.24787433445453644,1789061201.5814774
train/dvac_new/weight_min,51,50,0.2482883632183075,1789061498.666531
train/dvac_new/weight_min,52,51,0.248662069439888,1789061816.3561974
train/dvac_new/weight_min,53,52,0.24908801913261414,1789062122.5396285
train/dvac_new/weight_min,54,53,0.24985186755657196,1789062426.544368
train/dvac_new/weight_min,55,54,0.2510826587677002,1789063070.2855375
train/dvac_new/weight_min,56,55,0.24932080507278442,1789063386.876168
train/dvac_new/weight_min,57,56,0.25030001997947693,1789063703.5012727
train/dvac_new/weight_min,58,57,0.2516913414001465,1789064008.945777
train/dvac_new/weight_min,59,58,0.25210246443748474,1789064327.4699292
train/dvac_new/weight_min,60,59,0.2546237111091614,1789064954.1533947
train/dvac_new/weight_min,61,60,0.2546800971031189,1789065252.5950022
train/dvac_new/weight_min,62,61,0.25122809410095215,1789065550.419618
train/dvac_new/weight_min,63,62,0.25097280740737915,1789065855.0301738
train/dvac_new/weight_min,64,63,0.2548863887786865,1789066158.5618434
train/dvac_new/weight_min,65,64,0.25375625491142273,1789066738.9909043
train/dvac_new/weight_min,66,65,0.25507715344429016,1789067040.7088704
train/dvac_new/weight_min,67,66,0.2547275424003601,1789067338.9081514
train/dvac_new/weight_min,68,67,0.25314953923225403,1789067639.985045
train/dvac_new/weight_min,69,68,0.2538854479789734,1789067937.1766
train/dvac_new/weight_min,70,69,0.25725576281547546,1789068535.175691
train/dvac_new/weight_min,71,70,0.25537630915641785,1789068829.6849782
train/dvac_new/weight_min,72,71,0.25946131348609924,1789069131.4980948
train/dvac_new/weight_min,73,72,0.25544285774230957,1789069429.4074614
train/dvac_new/weight_min,74,73,0.2553870379924774,1789069726.6009588
train/dvac_new/weight_min,75,74,0.25870317220687866,1789070303.1368876
train/dvac_new/weight_min,76,75,0.260123074054718,1789070600.9380455
train/dvac_new/weight_min,77,76,0.2596052289009094,1789070899.9793653
train/dvac_new/weight_min,78,77,0.26041290163993835,1789071195.4623237
train/dvac_new/weight_min,79,78,0.2477273941040039,1789071493.889542
train/dvac_new/weight_min,80,79,0.2426730841398239,1789072100.4300177
train/dvac_new/weight_min,81,80,0.23027920722961426,1789072396.0069697
train/dvac_new/weight_min,82,81,0.23930945992469788,1789072694.2758622
train/dvac_new/weight_min,83,82,0.24182234704494476,1789072990.9782271
train/dvac_new/weight_min,84,83,0.24329547584056854,1789073292.2132921
train/dvac_new/weight_min,85,84,0.23755291104316711,1789073865.026295
train/dvac_new/weight_min,86,85,0.2306893765926361,1789074165.7459877
train/dvac_new/weight_min,87,86,0.23882383108139038,1789074465.9013736
train/dvac_new/weight_min,88,87,0.24711239337921143,1789074766.682045
train/dvac_new/weight_min,89,88,0.23206976056098938,1789075065.6222572
train/dvac_new/weight_min,90,89,0.2400399148464203,1789075674.5175438
train/dvac_new/weight_min,91,90,0.23211343586444855,1789075974.5338995
train/dvac_new/weight_min,92,91,0.23454062640666962,1789076285.486534
train/dvac_new/weight_min,93,92,0.23655816912651062,1789076591.4053066
train/dvac_new/weight_min,94,93,0.24145935475826263,1789076892.6543713
train/dvac_new/weight_min,95,94,0.2369682639837265,1789077475.5667818
train/dvac_new/weight_min,96,95,0.234848290681839,1789077780.9223378
train/dvac_new/weight_min,97,96,0.2457849234342575,1789078088.6473951
train/dvac_new/weight_min,98,97,0.23864752054214478,1789078397.412628
train/dvac_new/weight_min,99,98,0.2471359819173813,1789078708.8041747
train/dvac_new/weight_min,100,99,0.2393859177827835,1789079323.7457287
train/dvac_new/weight_std,1,0,0.5091522336006165,1789042971.799132
train/dvac_new/weight_std,2,1,0.3647446036338806,1789043289.3768668
train/dvac_new/weight_std,3,2,0.3617985248565674,1789043596.178088
train/dvac_new/weight_std,4,3,0.35250842571258545,1789043916.2436259
train/dvac_new/weight_std,5,4,0.31049787998199463,1789044572.513432
train/dvac_new/weight_std,6,5,0.3120283782482147,1789044887.0665038
train/dvac_new/weight_std,7,6,0.3131142854690552,1789045194.3991053
train/dvac_new/weight_std,8,7,0.3076340854167938,1789045504.00622
train/dvac_new/weight_std,9,8,0.3048551082611084,1789045808.4041314
train/dvac_new/weight_std,10,9,0.30186954140663147,1789046433.885161
train/dvac_new/weight_std,11,10,0.2989651560783386,1789046731.5906973
train/dvac_new/weight_std,12,11,0.3031535744667053,1789047034.327226
train/dvac_new/weight_std,13,12,0.3015097975730896,1789047335.9024405
train/dvac_new/weight_std,14,13,0.30412569642066956,1789047636.445686
train/dvac_new/weight_std,15,14,0.30487343668937683,1789048223.855907
train/dvac_new/weight_std,16,15,0.3051632046699524,1789048523.8326228
train/dvac_new/weight_std,17,16,0.30357182025909424,1789048825.5665405
train/dvac_new/weight_std,18,17,0.3045102059841156,1789049128.7425838
train/dvac_new/weight_std,19,18,0.2977178990840912,1789049426.1660838
train/dvac_new/weight_std,20,19,0.2978985905647278,1789050040.6380248
train/dvac_new/weight_std,21,20,0.30068933963775635,1789050339.0026016
train/dvac_new/weight_std,22,21,0.30373507738113403,1789050639.1343703
train/dvac_new/weight_std,23,22,0.29907819628715515,1789050938.944728
train/dvac_new/weight_std,24,23,0.2990107834339142,1789051237.2581258
train/dvac_new/weight_std,25,24,0.3014327883720398,1789051822.1866944
train/dvac_new/weight_std,26,25,0.2987103760242462,1789052119.1381578
train/dvac_new/weight_std,27,26,0.29993560910224915,1789052420.7524688
train/dvac_new/weight_std,28,27,0.297333687543869,1789052718.905538
train/dvac_new/weight_std,29,28,0.29689329862594604,1789053019.83573
train/dvac_new/weight_std,30,29,0.29742300510406494,1789053666.142915
train/dvac_new/weight_std,31,30,0.29799729585647583,1789053965.7332742
train/dvac_new/weight_std,32,31,0.2956785559654236,1789054272.8977554
train/dvac_new/weight_std,33,32,0.29307714104652405,1789054574.818696
train/dvac_new/weight_std,34,33,0.29347720742225647,1789054880.445736
train/dvac_new/weight_std,35,34,0.2924952805042267,1789055522.209316
train/dvac_new/weight_std,36,35,0.29426005482673645,1789055825.463492
train/dvac_new/weight_std,37,36,0.2944299876689911,1789056134.3420134
train/dvac_new/weight_std,38,37,0.2952120006084442,1789056444.826623
train/dvac_new/weight_std,39,38,0.28543731570243835,1789056750.7812278
train/dvac_new/weight_std,40,39,0.28384092450141907,1789057409.7199857
train/dvac_new/weight_std,41,40,0.28464290499687195,1789057711.756252
train/dvac_new/weight_std,42,41,0.28612712025642395,1789058024.7912788
train/dvac_new/weight_std,43,42,0.28731706738471985,1789058341.4096186
train/dvac_new/weight_std,44,43,0.2845849096775055,1789058649.0224278
train/dvac_new/weight_std,45,44,0.2849299907684326,1789059280.928189
train/dvac_new/weight_std,46,45,0.28621581196784973,1789059601.6876218
train/dvac_new/weight_std,47,46,0.2859475910663605,1789059922.6279874
train/dvac_new/weight_std,48,47,0.2851867079734802,1789060237.7932992
train/dvac_new/weight_std,49,48,0.28378552198410034,1789060545.840023
train/dvac_new/weight_std,50,49,0.28784236311912537,1789061201.581484
train/dvac_new/weight_std,51,50,0.2864774167537689,1789061498.6665378
train/dvac_new/weight_std,52,51,0.2859073281288147,1789061816.356204
train/dvac_new/weight_std,53,52,0.2851533591747284,1789062122.5396347
train/dvac_new/weight_std,54,53,0.28423020243644714,1789062426.5443742
train/dvac_new/weight_std,55,54,0.2829537093639374,1789063070.2855437
train/dvac_new/weight_std,56,55,0.2837177813053131,1789063386.876174
train/dvac_new/weight_std,57,56,0.28510501980781555,1789063703.5012786
train/dvac_new/weight_std,58,57,0.2867106795310974,1789064008.9457834
train/dvac_new/weight_std,59,58,0.28588616847991943,1789064327.469936
train/dvac_new/weight_std,60,59,0.2885253131389618,1789064954.1534054
train/dvac_new/weight_std,61,60,0.2841486632823944,1789065252.5950084
train/dvac_new/weight_std,62,61,0.286592036485672,1789065550.4196239
train/dvac_new/weight_std,63,62,0.2883504331111908,1789065855.0301797
train/dvac_new/weight_std,64,63,0.28392601013183594,1789066158.561851
train/dvac_new/weight_std,65,64,0.287813663482666,1789066738.9909105
train/dvac_new/weight_std,66,65,0.2827199101448059,1789067040.7088928
train/dvac_new/weight_std,67,66,0.28488612174987793,1789067338.908158
train/dvac_new/weight_std,68,67,0.2863341271877289,1789067639.9850516
train/dvac_new/weight_std,69,68,0.2851701080799103,1789067937.176606
train/dvac_new/weight_std,70,69,0.28643253445625305,1789068535.1756966
train/dvac_new/weight_std,71,70,0.28572773933410645,1789068829.684983
train/dvac_new/weight_std,72,71,0.2843517065048218,1789069131.4981067
train/dvac_new/weight_std,73,72,0.28577762842178345,1789069429.4074702
train/dvac_new/weight_std,74,73,0.2864026725292206,1789069726.600965
train/dvac_new/weight_std,75,74,0.284831166267395,1789070303.1368966
train/dvac_new/weight_std,76,75,0.284574031829834,1789070600.9380503
train/dvac_new/weight_std,77,76,0.287764310836792,1789070899.9793718
train/dvac_new/weight_std,78,77,0.2857750356197357,1789071195.46233
train/dvac_new/weight_std,79,78,0.2827341854572296,1789071493.889549
train/dvac_new/weight_std,80,79,0.28695493936538696,1789072100.4300225
train/dvac_new/weight_std,81,80,0.28331267833709717,1789072396.0069742
train/dvac_new/weight_std,82,81,0.28601816296577454,1789072694.2758703
train/dvac_new/weight_std,83,82,0.28591811656951904,1789072990.9782324
train/dvac_new/weight_std,84,83,0.2857019305229187,1789073292.2132988
train/dvac_new/weight_std,85,84,0.28649207949638367,1789073865.0263011
train/dvac_new/weight_std,86,85,0.2839109003543854,1789074165.745994
train/dvac_new/weight_std,87,86,0.28428396582603455,1789074465.90138
train/dvac_new/weight_std,88,87,0.285692423582077,1789074766.6820507
train/dvac_new/weight_std,89,88,0.2843291759490967,1789075065.6222637
train/dvac_new/weight_std,90,89,0.283921480178833,1789075674.5175495
train/dvac_new/weight_std,91,90,0.2845185399055481,1789075974.5339088
train/dvac_new/weight_std,92,91,0.2840079963207245,1789076285.4865441
train/dvac_new/weight_std,93,92,0.2835319936275482,1789076591.405319
train/dvac_new/weight_std,94,93,0.2836642861366272,1789076892.6543775
train/dvac_new/weight_std,95,94,0.28426802158355713,1789077475.5667875
train/dvac_new/weight_std,96,95,0.28566089272499084,1789077780.9223595
train/dvac_new/weight_std,97,96,0.28611230850219727,1789078088.6474042
train/dvac_new/weight_std,98,97,0.28339406847953796,1789078397.4126344
train/dvac_new/weight_std,99,98,0.28477364778518677,1789078708.8041813
train/dvac_new/weight_std,100,99,0.28401416540145874,1789079323.7457511
train/dvac_new/weight_sumsq,1,0,902635.75,1789042971.7991402
train/dvac_new/weight_sumsq,2,1,812165.0,1789043289.376873
train/dvac_new/weight_sumsq,3,2,810632.5625,1789043596.1780941
train/dvac_new/weight_sumsq,4,3,805874.75,1789043916.2436323
train/dvac_new/weight_sumsq,5,4,785909.8125,1789044572.513438
train/dvac_new/weight_sumsq,6,5,786596.4375,1789044887.0665097
train/dvac_new/weight_sumsq,7,6,787080.4375,1789045194.3991113
train/dvac_new/weight_sumsq,8,7,784638.3125,1789045504.006226
train/dvac_new/weight_sumsq,9,8,783428.0,1789045808.4041374
train/dvac_new/weight_sumsq,10,9,782124.0625,1789046433.8851712
train/dvac_new/weight_sumsq,11,10,780870.75,1789046731.5907025
train/dvac_new/weight_sumsq,12,11,782679.5,1789047034.3272324
train/dvac_new/weight_sumsq,13,12,781966.25,1789047335.9024465
train/dvac_new/weight_sumsq,14,13,783100.125,1789047636.4456937
train/dvac_new/weight_sumsq,15,14,783427.125,1789048223.855913
train/dvac_new/weight_sumsq,16,15,783555.3125,1789048523.8326313
train/dvac_new/weight_sumsq,17,16,782859.25,1789048825.5665467
train/dvac_new/weight_sumsq,18,17,783271.5,1789049128.74259
train/dvac_new/weight_sumsq,19,18,780341.125,1789049426.1660903
train/dvac_new/weight_sumsq,20,19,780413.6875,1789050040.6380303
train/dvac_new/weight_sumsq,21,20,781612.1875,1789050339.0026073
train/dvac_new/weight_sumsq,22,21,782934.25,1789050639.1343768
train/dvac_new/weight_sumsq,23,22,780919.9375,1789050938.9447339
train/dvac_new/weight_sumsq,24,23,780888.0625,1789051237.2581325
train/dvac_new/weight_sumsq,25,24,781931.3125,1789051822.186704
train/dvac_new/weight_sumsq,26,25,780762.8125,1789052119.1381645
train/dvac_new/weight_sumsq,27,26,781300.375,1789052420.752475
train/dvac_new/weight_sumsq,28,27,780175.8125,1789052718.905544
train/dvac_new/weight_sumsq,29,28,779987.9375,1789053019.8357363
train/dvac_new/weight_sumsq,30,29,780211.25,1789053666.1429214
train/dvac_new/weight_sumsq,31,30,780456.0,1789053965.7332804
train/dvac_new/weight_sumsq,32,31,779471.3125,1789054272.8977613
train/dvac_new/weight_sumsq,33,32,778376.1875,1789054574.8187065
train/dvac_new/weight_sumsq,34,33,778547.75,1789054880.4457428
train/dvac_new/weight_sumsq,35,34,778128.625,1789055522.2093265
train/dvac_new/weight_sumsq,36,35,778879.0,1789055825.4634976
train/dvac_new/weight_sumsq,37,36,778944.5,1789056134.34202
train/dvac_new/weight_sumsq,38,37,779283.625,1789056444.8266275
train/dvac_new/weight_sumsq,39,38,775203.625,1789056750.7812335
train/dvac_new/weight_sumsq,40,39,774550.25,1789057409.7199957
train/dvac_new/weight_sumsq,41,40,774878.5625,1789057711.7562761
train/dvac_new/weight_sumsq,42,41,775486.375,1789058024.7912853
train/dvac_new/weight_sumsq,43,42,775987.125,1789058341.4096246
train/dvac_new/weight_sumsq,44,43,774859.5625,1789058649.0224571
train/dvac_new/weight_sumsq,45,44,775002.1875,1789059280.9281952
train/dvac_new/weight_sumsq,46,45,775539.0,1789059601.687628
train/dvac_new/weight_sumsq,47,46,775413.0,1789059922.6279953
train/dvac_new/weight_sumsq,48,47,775105.375,1789060237.7933056
train/dvac_new/weight_sumsq,49,48,774533.4375,1789060545.8400295
train/dvac_new/weight_sumsq,50,49,776195.125,1789061201.5814896
train/dvac_new/weight_sumsq,51,50,775636.1875,1789061498.6665437
train/dvac_new/weight_sumsq,52,51,775393.4375,1789061816.3562102
train/dvac_new/weight_sumsq,53,52,775094.125,1789062122.5396407
train/dvac_new/weight_sumsq,54,53,774714.875,1789062426.5443807
train/dvac_new/weight_sumsq,55,54,774196.3125,1789063070.28555
train/dvac_new/weight_sumsq,56,55,774511.25,1789063386.8761802
train/dvac_new/weight_sumsq,57,56,775072.875,1789063703.501285
train/dvac_new/weight_sumsq,58,57,775728.625,1789064008.9457893
train/dvac_new/weight_sumsq,59,58,775396.4375,1789064327.4699419
train/dvac_new/weight_sumsq,60,59,776490.5,1789064954.1534157
train/dvac_new/weight_sumsq,61,60,774676.875,1789065252.5950148
train/dvac_new/weight_sumsq,62,61,775681.5625,1789065550.41963
train/dvac_new/weight_sumsq,63,62,776402.1875,1789065855.030186
train/dvac_new/weight_sumsq,64,63,774586.5625,1789066158.5618584
train/dvac_new/weight_sumsq,65,64,776196.75,1789066738.9909163
train/dvac_new/weight_sumsq,66,65,774095.5,1789067040.7089057
train/dvac_new/weight_sumsq,67,66,774980.6875,1789067338.9081638
train/dvac_new/weight_sumsq,68,67,775585.625,1789067639.9850576
train/dvac_new/weight_sumsq,69,68,775107.5625,1789067937.1766124
train/dvac_new/weight_sumsq,70,69,775617.8125,1789068535.1757026
train/dvac_new/weight_sumsq,71,70,775325.125,1789068829.684988
train/dvac_new/weight_sumsq,72,71,774767.3125,1789069131.498113
train/dvac_new/weight_sumsq,73,72,775350.4375,1789069429.4074771
train/dvac_new/weight_sumsq,74,73,775614.5,1789069726.6009707
train/dvac_new/weight_sumsq,75,74,774958.9375,1789070303.1369054
train/dvac_new/weight_sumsq,76,75,774853.4375,1789070600.938056
train/dvac_new/weight_sumsq,77,76,776176.3125,1789070899.9793782
train/dvac_new/weight_sumsq,78,77,775371.625,1789071195.462336
train/dvac_new/weight_sumsq,79,78,774103.125,1789071493.889555
train/dvac_new/weight_sumsq,80,79,775841.25,1789072100.4300272
train/dvac_new/weight_sumsq,81,80,774339.875,1789072396.0069785
train/dvac_new/weight_sumsq,82,81,775440.0625,1789072694.2758813
train/dvac_new/weight_sumsq,83,82,775404.1875,1789072990.978237
train/dvac_new/weight_sumsq,84,83,775320.9375,1789073292.2133045
train/dvac_new/weight_sumsq,85,84,775636.0625,1789073865.026307
train/dvac_new/weight_sumsq,86,85,774584.0,1789074165.746001
train/dvac_new/weight_sumsq,87,86,774734.25,1789074465.9013867
train/dvac_new/weight_sumsq,88,87,775305.75,1789074766.6820571
train/dvac_new/weight_sumsq,89,88,774765.4375,1789075065.6222694
train/dvac_new/weight_sumsq,90,89,774584.5,1789075674.5175555
train/dvac_new/weight_sumsq,91,90,774829.0625,1789075974.5339174
train/dvac_new/weight_sumsq,92,91,774618.0,1789076285.4865534
train/dvac_new/weight_sumsq,93,92,774428.375,1789076591.4053302
train/dvac_new/weight_sumsq,94,93,774483.125,1789076892.654385
train/dvac_new/weight_sumsq,95,94,774726.625,1789077475.5667934
train/dvac_new/weight_sumsq,96,95,775304.6875,1789077780.9223814
train/dvac_new/weight_sumsq,97,96,775480.375,1789078088.647413
train/dvac_new/weight_sumsq,98,97,774370.875,1789078397.4126406
train/dvac_new/weight_sumsq,99,98,774931.0,1789078708.8041873
train/dvac_new/weight_sumsq,100,99,774626.3125,1789079323.7457714
train/replay_buffer/filtered_success_episodes,1,0,1.0,1789042971.7991486
train/replay_buffer/filtered_success_episodes,2,1,2.0,1789043289.3768787
train/replay_buffer/filtered_success_episodes,3,2,3.0,1789043596.1780996
train/replay_buffer/filtered_success_episodes,4,3,3.0,1789043916.2436383
train/replay_buffer/filtered_success_episodes,5,4,3.0,1789044572.5134444
train/replay_buffer/filtered_success_episodes,6,5,3.0,1789044887.066516
train/replay_buffer/filtered_success_episodes,7,6,3.0,1789045194.3991175
train/replay_buffer/filtered_success_episodes,8,7,4.0,1789045504.0062327
train/replay_buffer/filtered_success_episodes,9,8,5.0,1789045808.4041436
train/replay_buffer/filtered_success_episodes,10,9,5.0,1789046433.8851812
train/replay_buffer/filtered_success_episodes,11,10,5.0,1789046731.5907078
train/replay_buffer/filtered_success_episodes,12,11,5.0,1789047034.3272388
train/replay_buffer/filtered_success_episodes,13,12,5.0,1789047335.902453
train/replay_buffer/filtered_success_episodes,14,13,5.0,1789047636.4457
train/replay_buffer/filtered_success_episodes,15,14,5.0,1789048223.8559186
train/replay_buffer/filtered_success_episodes,16,15,5.0,1789048523.8326395
train/replay_buffer/filtered_success_episodes,17,16,6.0,1789048825.566553
train/replay_buffer/filtered_success_episodes,18,17,6.0,1789049128.7425966
train/replay_buffer/filtered_success_episodes,19,18,6.0,1789049426.1660967
train/replay_buffer/filtered_success_episodes,20,19,6.0,1789050040.638036
train/replay_buffer/filtered_success_episodes,21,20,6.0,1789050339.0026162
train/replay_buffer/filtered_success_episodes,22,21,6.0,1789050639.1343832
train/replay_buffer/filtered_success_episodes,23,22,6.0,1789050938.9447408
train/replay_buffer/filtered_success_episodes,24,23,6.0,1789051237.2581384
train/replay_buffer/filtered_success_episodes,25,24,6.0,1789051822.186714
train/replay_buffer/filtered_success_episodes,26,25,6.0,1789052119.1381712
train/replay_buffer/filtered_success_episodes,27,26,6.0,1789052420.752482
train/replay_buffer/filtered_success_episodes,28,27,6.0,1789052718.9055505
train/replay_buffer/filtered_success_episodes,29,28,6.0,1789053019.8357427
train/replay_buffer/filtered_success_episodes,30,29,6.0,1789053666.1429274
train/replay_buffer/filtered_success_episodes,31,30,6.0,1789053965.7332864
train/replay_buffer/filtered_success_episodes,32,31,6.0,1789054272.8977668
train/replay_buffer/filtered_success_episodes,33,32,6.0,1789054574.818716
train/replay_buffer/filtered_success_episodes,34,33,6.0,1789054880.44575
train/replay_buffer/filtered_success_episodes,35,34,6.0,1789055522.2093384
train/replay_buffer/filtered_success_episodes,36,35,6.0,1789055825.463504
train/replay_buffer/filtered_success_episodes,37,36,7.0,1789056134.3420272
train/replay_buffer/filtered_success_episodes,38,37,7.0,1789056444.8266325
train/replay_buffer/filtered_success_episodes,39,38,7.0,1789056750.7812395
train/replay_buffer/filtered_success_episodes,40,39,7.0,1789057409.7200058
train/replay_buffer/filtered_success_episodes,41,40,7.0,1789057711.7562935
train/replay_buffer/filtered_success_episodes,42,41,8.0,1789058024.791297
train/replay_buffer/filtered_success_episodes,43,42,10.0,1789058341.4096313
train/replay_buffer/filtered_success_episodes,44,43,11.0,1789058649.022481
train/replay_buffer/filtered_success_episodes,45,44,11.0,1789059280.928202
train/replay_buffer/filtered_success_episodes,46,45,11.0,1789059601.6876352
train/replay_buffer/filtered_success_episodes,47,46,11.0,1789059922.6280036
train/replay_buffer/filtered_success_episodes,48,47,12.0,1789060237.7933118
train/replay_buffer/filtered_success_episodes,49,48,12.0,1789060545.8400364
train/replay_buffer/filtered_success_episodes,50,49,12.0,1789061201.5814958
train/replay_buffer/filtered_success_episodes,51,50,12.0,1789061498.6665494
train/replay_buffer/filtered_success_episodes,52,51,12.0,1789061816.3562164
train/replay_buffer/filtered_success_episodes,53,52,12.0,1789062122.5396466
train/replay_buffer/filtered_success_episodes,54,53,13.0,1789062426.544387
train/replay_buffer/filtered_success_episodes,55,54,13.0,1789063070.285556
train/replay_buffer/filtered_success_episodes,56,55,13.0,1789063386.8761868
train/replay_buffer/filtered_success_episodes,57,56,13.0,1789063703.5012918
train/replay_buffer/filtered_success_episodes,58,57,13.0,1789064008.9457958
train/replay_buffer/filtered_success_episodes,59,58,13.0,1789064327.4699476
train/replay_buffer/filtered_success_episodes,60,59,13.0,1789064954.1534274
train/replay_buffer/filtered_success_episodes,61,60,13.0,1789065252.5950217
train/replay_buffer/filtered_success_episodes,62,61,13.0,1789065550.4196365
train/replay_buffer/filtered_success_episodes,63,62,13.0,1789065855.0301917
train/replay_buffer/filtered_success_episodes,64,63,13.0,1789066158.561866
train/replay_buffer/filtered_success_episodes,65,64,13.0,1789066738.990923
train/replay_buffer/filtered_success_episodes,66,65,13.0,1789067040.708916
train/replay_buffer/filtered_success_episodes,67,66,13.0,1789067338.9081702
train/replay_buffer/filtered_success_episodes,68,67,13.0,1789067639.985064
train/replay_buffer/filtered_success_episodes,69,68,13.0,1789067937.1766188
train/replay_buffer/filtered_success_episodes,70,69,13.0,1789068535.1757088
train/replay_buffer/filtered_success_episodes,71,70,13.0,1789068829.6849933
train/replay_buffer/filtered_success_episodes,72,71,13.0,1789069131.4981182
train/replay_buffer/filtered_success_episodes,73,72,13.0,1789069429.4074838
train/replay_buffer/filtered_success_episodes,74,73,14.0,1789069726.6009772
train/replay_buffer/filtered_success_episodes,75,74,14.0,1789070303.1369145
train/replay_buffer/filtered_success_episodes,76,75,14.0,1789070600.938061
train/replay_buffer/filtered_success_episodes,77,76,14.0,1789070899.9793847
train/replay_buffer/filtered_success_episodes,78,77,14.0,1789071195.462343
train/replay_buffer/filtered_success_episodes,79,78,15.0,1789071493.889562
train/replay_buffer/filtered_success_episodes,80,79,15.0,1789072100.430032
train/replay_buffer/filtered_success_episodes,81,80,15.0,1789072396.006984
train/replay_buffer/filtered_success_episodes,82,81,16.0,1789072694.2758913
train/replay_buffer/filtered_success_episodes,83,82,17.0,1789072990.9782417
train/replay_buffer/filtered_success_episodes,84,83,18.0,1789073292.213311
train/replay_buffer/filtered_success_episodes,85,84,18.0,1789073865.026313
train/replay_buffer/filtered_success_episodes,86,85,18.0,1789074165.7460074
train/replay_buffer/filtered_success_episodes,87,86,18.0,1789074465.9013925
train/replay_buffer/filtered_success_episodes,88,87,18.0,1789074766.6820638
train/replay_buffer/filtered_success_episodes,89,88,18.0,1789075065.6222754
train/replay_buffer/filtered_success_episodes,90,89,18.0,1789075674.5175622
train/replay_buffer/filtered_success_episodes,91,90,18.0,1789075974.5339258
train/replay_buffer/filtered_success_episodes,92,91,18.0,1789076285.4865627
train/replay_buffer/filtered_success_episodes,93,92,19.0,1789076591.4053411
train/replay_buffer/filtered_success_episodes,94,93,19.0,1789076892.6543918
train/replay_buffer/filtered_success_episodes,95,94,19.0,1789077475.5667996
train/replay_buffer/filtered_success_episodes,96,95,19.0,1789077780.922403
train/replay_buffer/filtered_success_episodes,97,96,19.0,1789078088.6474214
train/replay_buffer/filtered_success_episodes,98,97,19.0,1789078397.412647
train/replay_buffer/filtered_success_episodes,99,98,19.0,1789078708.8041937
train/replay_buffer/filtered_success_episodes,100,99,19.0,1789079323.7457907
train/replay_buffer/query_records,1,0,3.0,1789042971.799155
train/replay_buffer/query_records,2,1,15.0,1789043289.3768852
train/replay_buffer/query_records,3,2,18.0,1789043596.1781063
train/replay_buffer/query_records,4,3,24.0,1789043916.2436454
train/replay_buffer/query_records,5,4,39.0,1789044572.513451
train/replay_buffer/query_records,6,5,42.0,1789044887.0665224
train/replay_buffer/query_records,7,6,54.0,1789045194.399124
train/replay_buffer/query_records,8,7,63.0,1789045504.0062392
train/replay_buffer/query_records,9,8,75.0,1789045808.4041502
train/replay_buffer/query_records,10,9,84.0,1789046433.8851922
train/replay_buffer/query_records,11,10,96.0,1789046731.5907128
train/replay_buffer/query_records,12,11,111.0,1789047034.3272455
train/replay_buffer/query_records,13,12,129.0,1789047335.90246
train/replay_buffer/query_records,14,13,141.0,1789047636.4457061
train/replay_buffer/query_records,15,14,147.0,1789048223.8559241
train/replay_buffer/query_records,16,15,165.0,1789048523.8326473
train/replay_buffer/query_records,17,16,171.0,1789048825.5665603
train/replay_buffer/query_records,18,17,177.0,1789049128.7426033
train/replay_buffer/query_records,19,18,198.0,1789049426.1661031
train/replay_buffer/query_records,20,19,213.0,1789050040.638042
train/replay_buffer/query_records,21,20,231.0,1789050339.0026224
train/replay_buffer/query_records,22,21,246.0,1789050639.1343894
train/replay_buffer/query_records,23,22,261.0,1789050938.9447467
train/replay_buffer/query_records,24,23,273.0,1789051237.2581449
train/replay_buffer/query_records,25,24,279.0,1789051822.1867242
train/replay_buffer/query_records,26,25,294.0,1789052119.1381774
train/replay_buffer/query_records,27,26,312.0,1789052420.7524884
train/replay_buffer/query_records,28,27,330.0,1789052718.9055564
train/replay_buffer/query_records,29,28,342.0,1789053019.835749
train/replay_buffer/query_records,30,29,357.0,1789053666.1429336
train/replay_buffer/query_records,31,30,375.0,1789053965.7332926
train/replay_buffer/query_records,32,31,384.0,1789054272.8977733
train/replay_buffer/query_records,33,32,402.0,1789054574.818726
train/replay_buffer/query_records,34,33,414.0,1789054880.4457576
train/replay_buffer/query_records,35,34,435.0,1789055522.2093496
train/replay_buffer/query_records,36,35,447.0,1789055825.4635103
train/replay_buffer/query_records,37,36,462.0,1789056134.3420346
train/replay_buffer/query_records,38,37,468.0,1789056444.8266377
train/replay_buffer/query_records,39,38,492.0,1789056750.7812457
train/replay_buffer/query_records,40,39,501.0,1789057409.7200172
train/replay_buffer/query_records,41,40,519.0,1789057711.75631
train/replay_buffer/query_records,42,41,531.0,1789058024.7913039
train/replay_buffer/query_records,43,42,537.0,1789058341.4096377
train/replay_buffer/query_records,44,43,555.0,1789058649.0225031
train/replay_buffer/query_records,45,44,573.0,1789059280.9282093
train/replay_buffer/query_records,46,45,597.0,1789059601.6876416
train/replay_buffer/query_records,47,46,612.0,1789059922.6280117
train/replay_buffer/query_records,48,47,624.0,1789060237.7933187
train/replay_buffer/query_records,49,48,645.0,1789060545.840043
train/replay_buffer/query_records,50,49,657.0,1789061201.5815022
train/replay_buffer/query_records,51,50,669.0,1789061498.6665554
train/replay_buffer/query_records,52,51,687.0,1789061816.3562224
train/replay_buffer/query_records,53,52,705.0,1789062122.5396528
train/replay_buffer/query_records,54,53,720.0,1789062426.5443935
train/replay_buffer/query_records,55,54,732.0,1789063070.2855623
train/replay_buffer/query_records,56,55,741.0,1789063386.8761933
train/replay_buffer/query_records,57,56,750.0,1789063703.5012982
train/replay_buffer/query_records,58,57,768.0,1789064008.9458025
train/replay_buffer/query_records,59,58,783.0,1789064327.469954
train/replay_buffer/query_records,60,59,804.0,1789064954.1534374
train/replay_buffer/query_records,61,60,819.0,1789065252.595028
train/replay_buffer/query_records,62,61,834.0,1789065550.4196434
train/replay_buffer/query_records,63,62,849.0,1789065855.0301979
train/replay_buffer/query_records,64,63,864.0,1789066158.561873
train/replay_buffer/query_records,65,64,879.0,1789066738.9909291
train/replay_buffer/query_records,66,65,891.0,1789067040.7089257
train/replay_buffer/query_records,67,66,912.0,1789067338.908178
train/replay_buffer/query_records,68,67,924.0,1789067639.9850707
train/replay_buffer/query_records,69,68,939.0,1789067937.176625
train/replay_buffer/query_records,70,69,960.0,1789068535.1757147
train/replay_buffer/query_records,71,70,978.0,1789068829.6849992
train/replay_buffer/query_records,72,71,990.0,1789069131.498123
train/replay_buffer/query_records,73,72,1005.0,1789069429.4074903
train/replay_buffer/query_records,74,73,1023.0,1789069726.6009834
train/replay_buffer/query_records,75,74,1035.0,1789070303.1369233
train/replay_buffer/query_records,76,75,1053.0,1789070600.9380662
train/replay_buffer/query_records,77,76,1062.0,1789070899.9793916
train/replay_buffer/query_records,78,77,1074.0,1789071195.462349
train/replay_buffer/query_records,79,78,1089.0,1789071493.8895686
train/replay_buffer/query_records,80,79,1107.0,1789072100.4300373
train/replay_buffer/query_records,81,80,1119.0,1789072396.0069888
train/replay_buffer/query_records,82,81,1140.0,1789072694.275902
train/replay_buffer/query_records,83,82,1155.0,1789072990.978247
train/replay_buffer/query_records,84,83,1170.0,1789073292.213323
train/replay_buffer/query_records,85,84,1188.0,1789073865.0263193
train/replay_buffer/query_records,86,85,1203.0,1789074165.7460139
train/replay_buffer/query_records,87,86,1215.0,1789074465.901399
train/replay_buffer/query_records,88,87,1233.0,1789074766.68207
train/replay_buffer/query_records,89,88,1248.0,1789075065.622282
train/replay_buffer/query_records,90,89,1266.0,1789075674.5175686
train/replay_buffer/query_records,91,90,1284.0,1789075974.5339346
train/replay_buffer/query_records,92,91,1302.0,1789076285.4865723
train/replay_buffer/query_records,93,92,1317.0,1789076591.405353
train/replay_buffer/query_records,94,93,1335.0,1789076892.6543982
train/replay_buffer/query_records,95,94,1356.0,1789077475.5668066
train/replay_buffer/query_records,96,95,1374.0,1789077780.9224246
train/replay_buffer/query_records,97,96,1386.0,1789078088.647431
train/replay_buffer/query_records,98,97,1398.0,1789078397.412653
train/replay_buffer/query_records,99,98,1419.0,1789078708.8042004
train/replay_buffer/query_records,100,99,1431.0,1789079323.745813
train/replay_buffer/success_episodes,1,0,1.0,1789042971.7991617
train/replay_buffer/success_episodes,2,1,5.0,1789043289.3768911
train/replay_buffer/success_episodes,3,2,6.0,1789043596.178112
train/replay_buffer/success_episodes,4,3,8.0,1789043916.2436514
train/replay_buffer/success_episodes,5,4,13.0,1789044572.5134573
train/replay_buffer/success_episodes,6,5,14.0,1789044887.0665286
train/replay_buffer/success_episodes,7,6,18.0,1789045194.39913
train/replay_buffer/success_episodes,8,7,21.0,1789045504.0062451
train/replay_buffer/success_episodes,9,8,25.0,1789045808.4041564
train/replay_buffer/success_episodes,10,9,28.0,1789046433.8852017
train/replay_buffer/success_episodes,11,10,32.0,1789046731.5907176
train/replay_buffer/success_episodes,12,11,37.0,1789047034.3272545
train/replay_buffer/success_episodes,13,12,43.0,1789047335.902466
train/replay_buffer/success_episodes,14,13,47.0,1789047636.4457123
train/replay_buffer/success_episodes,15,14,49.0,1789048223.8559306
train/replay_buffer/success_episodes,16,15,55.0,1789048523.832655
train/replay_buffer/success_episodes,17,16,57.0,1789048825.566567
train/replay_buffer/success_episodes,18,17,59.0,1789049128.7426095
train/replay_buffer/success_episodes,19,18,66.0,1789049426.1661093
train/replay_buffer/success_episodes,20,19,71.0,1789050040.6380467
train/replay_buffer/success_episodes,21,20,77.0,1789050339.0026278
train/replay_buffer/success_episodes,22,21,82.0,1789050639.134396
train/replay_buffer/success_episodes,23,22,87.0,1789050938.944753
train/replay_buffer/success_episodes,24,23,91.0,1789051237.2581508
train/replay_buffer/success_episodes,25,24,93.0,1789051822.186734
train/replay_buffer/success_episodes,26,25,98.0,1789052119.1381834
train/replay_buffer/success_episodes,27,26,104.0,1789052420.752494
train/replay_buffer/success_episodes,28,27,110.0,1789052718.9055624
train/replay_buffer/success_episodes,29,28,114.0,1789053019.8357556
train/replay_buffer/success_episodes,30,29,119.0,1789053666.1429398
train/replay_buffer/success_episodes,31,30,125.0,1789053965.7332988
train/replay_buffer/success_episodes,32,31,128.0,1789054272.897779
train/replay_buffer/success_episodes,33,32,134.0,1789054574.8187363
train/replay_buffer/success_episodes,34,33,138.0,1789054880.4457653
train/replay_buffer/success_episodes,35,34,145.0,1789055522.2093606
train/replay_buffer/success_episodes,36,35,149.0,1789055825.4635165
train/replay_buffer/success_episodes,37,36,154.0,1789056134.3420413
train/replay_buffer/success_episodes,38,37,156.0,1789056444.8266423
train/replay_buffer/success_episodes,39,38,164.0,1789056750.7812517
train/replay_buffer/success_episodes,40,39,167.0,1789057409.7200277
train/replay_buffer/success_episodes,41,40,173.0,1789057711.7563267
train/replay_buffer/success_episodes,42,41,177.0,1789058024.79131
train/replay_buffer/success_episodes,43,42,179.0,1789058341.4096432
train/replay_buffer/success_episodes,44,43,185.0,1789058649.0225265
train/replay_buffer/success_episodes,45,44,191.0,1789059280.9282162
train/replay_buffer/success_episodes,46,45,199.0,1789059601.6876478
train/replay_buffer/success_episodes,47,46,204.0,1789059922.628019
train/replay_buffer/success_episodes,48,47,208.0,1789060237.793325
train/replay_buffer/success_episodes,49,48,215.0,1789060545.8400493
train/replay_buffer/success_episodes,50,49,219.0,1789061201.5815084
train/replay_buffer/success_episodes,51,50,223.0,1789061498.6671088
train/replay_buffer/success_episodes,52,51,229.0,1789061816.356228
train/replay_buffer/success_episodes,53,52,235.0,1789062122.539659
train/replay_buffer/success_episodes,54,53,240.0,1789062426.5443993
train/replay_buffer/success_episodes,55,54,244.0,1789063070.2855685
train/replay_buffer/success_episodes,56,55,247.0,1789063386.8761997
train/replay_buffer/success_episodes,57,56,250.0,1789063703.5013046
train/replay_buffer/success_episodes,58,57,256.0,1789064008.9458084
train/replay_buffer/success_episodes,59,58,261.0,1789064327.4699597
train/replay_buffer/success_episodes,60,59,268.0,1789064954.1534495
train/replay_buffer/success_episodes,61,60,273.0,1789065252.5950341
train/replay_buffer/success_episodes,62,61,278.0,1789065550.4196498
train/replay_buffer/success_episodes,63,62,283.0,1789065855.0302033
train/replay_buffer/success_episodes,64,63,288.0,1789066158.5618799
train/replay_buffer/success_episodes,65,64,293.0,1789066738.990935
train/replay_buffer/success_episodes,66,65,297.0,1789067040.708935
train/replay_buffer/success_episodes,67,66,304.0,1789067338.9081843
train/replay_buffer/success_episodes,68,67,308.0,1789067639.9850767
train/replay_buffer/success_episodes,69,68,313.0,1789067937.1766305
train/replay_buffer/success_episodes,70,69,320.0,1789068535.1757207
train/replay_buffer/success_episodes,71,70,326.0,1789068829.685004
train/replay_buffer/success_episodes,72,71,330.0,1789069131.4981275
train/replay_buffer/success_episodes,73,72,335.0,1789069429.4074957
train/replay_buffer/success_episodes,74,73,341.0,1789069726.600989
train/replay_buffer/success_episodes,75,74,345.0,1789070303.1369321
train/replay_buffer/success_episodes,76,75,351.0,1789070600.9380715
train/replay_buffer/success_episodes,77,76,354.0,1789070899.9793973
train/replay_buffer/success_episodes,78,77,358.0,1789071195.462355
train/replay_buffer/success_episodes,79,78,363.0,1789071493.8895743
train/replay_buffer/success_episodes,80,79,369.0,1789072100.4300416
train/replay_buffer/success_episodes,81,80,373.0,1789072396.0069933
train/replay_buffer/success_episodes,82,81,380.0,1789072694.27591
train/replay_buffer/success_episodes,83,82,385.0,1789072990.9782517
train/replay_buffer/success_episodes,84,83,390.0,1789073292.2133296
train/replay_buffer/success_episodes,85,84,396.0,1789073865.0263252
train/replay_buffer/success_episodes,86,85,401.0,1789074165.7460203
train/replay_buffer/success_episodes,87,86,405.0,1789074465.9014046
train/replay_buffer/success_episodes,88,87,411.0,1789074766.6820776
train/replay_buffer/success_episodes,89,88,416.0,1789075065.6222882
train/replay_buffer/success_episodes,90,89,422.0,1789075674.5175745
train/replay_buffer/success_episodes,91,90,428.0,1789075974.533943
train/replay_buffer/success_episodes,92,91,434.0,1789076285.486581
train/replay_buffer/success_episodes,93,92,439.0,1789076591.4053648
train/replay_buffer/success_episodes,94,93,445.0,1789076892.6544042
train/replay_buffer/success_episodes,95,94,452.0,1789077475.5668125
train/replay_buffer/success_episodes,96,95,458.0,1789077780.922445
train/replay_buffer/success_episodes,97,96,462.0,1789078088.6474397
train/replay_buffer/success_episodes,98,97,466.0,1789078397.4126587
train/replay_buffer/success_episodes,99,98,473.0,1789078708.8042066
train/replay_buffer/success_episodes,100,99,477.0,1789079323.7458334
eval/success_once,5,4,0.5,1789044572.4875622
eval/success_once,10,9,0.5625,1789046409.8820643
eval/success_once,15,14,0.46875,1789048223.8400273
eval/success_once,20,19,0.53125,1789050014.5594954
eval/success_once,25,24,0.625,1789051822.1664157
eval/success_once,30,29,0.5625,1789053636.4502876
eval/success_once,35,34,0.59375,1789055522.1897874
eval/success_once,40,39,0.59375,1789057379.5832365
eval/success_once,45,44,0.65625,1789059280.8970423
eval/success_once,50,49,0.5625,1789061169.5601203
eval/success_once,55,54,0.59375,1789063070.2643697
eval/success_once,60,59,0.5625,1789064925.3015394
eval/success_once,65,64,0.65625,1789066738.9643512
eval/success_once,70,69,0.59375,1789068508.1887357
eval/success_once,75,74,0.65625,1789070303.1122406
eval/success_once,80,79,0.59375,1789072068.6780927
eval/success_once,85,84,0.625,1789073865.0003743
eval/success_once,90,89,0.65625,1789075643.664508
eval/success_once,95,94,0.65625,1789077475.5443072
eval/success_once,100,99,0.625,1789079297.2573016
eval/success_at_end,5,4,0.5,1789044572.4876304
eval/success_at_end,10,9,0.5625,1789046409.8821988
eval/success_at_end,15,14,0.46875,1789048223.840093
eval/success_at_end,20,19,0.53125,1789050014.5596185
eval/success_at_end,25,24,0.625,1789051822.1665347
eval/success_at_end,30,29,0.5625,1789053636.4504468
eval/success_at_end,35,34,0.59375,1789055522.1899335
eval/success_at_end,40,39,0.59375,1789057379.583312
eval/success_at_end,45,44,0.65625,1789059280.89714
eval/success_at_end,50,49,0.5625,1789061169.5602658
eval/success_at_end,55,54,0.59375,1789063070.264512
eval/success_at_end,60,59,0.5625,1789064925.3016677
eval/success_at_end,65,64,0.65625,1789066738.9644418
eval/success_at_end,70,69,0.59375,1789068508.1888096
eval/success_at_end,75,74,0.65625,1789070303.112312
eval/success_at_end,80,79,0.59375,1789072068.6782498
eval/success_at_end,85,84,0.625,1789073865.0005202
eval/success_at_end,90,89,0.65625,1789075643.664596
eval/success_at_end,95,94,0.65625,1789077475.544449
eval/success_at_end,100,99,0.625,1789079297.2573767
eval/episode_len,5,4,200.0,1789044572.487639
eval/episode_len,10,9,200.0,1789046409.8822272
eval/episode_len,15,14,200.0,1789048223.8401074
eval/episode_len,20,19,200.0,1789050014.5596478
eval/episode_len,25,24,200.0,1789051822.1665664
eval/episode_len,30,29,200.0,1789053636.4504783
eval/episode_len,35,34,200.0,1789055522.1899655
eval/episode_len,40,39,200.0,1789057379.5833259
eval/episode_len,45,44,200.0,1789059280.897152
eval/episode_len,50,49,200.0,1789061169.5602965
eval/episode_len,55,54,200.0,1789063070.2645426
eval/episode_len,60,59,200.0,1789064925.3016973
eval/episode_len,65,64,200.0,1789066738.964453
eval/episode_len,70,69,200.0,1789068508.188838
eval/episode_len,75,74,200.0,1789070303.112324
eval/episode_len,80,79,200.0,1789072068.6782792
eval/episode_len,85,84,200.0,1789073865.0005505
eval/episode_len,90,89,200.0,1789075643.6646116
eval/episode_len,95,94,200.0,1789077475.544479
eval/episode_len,100,99,200.0,1789079297.2574122
eval/reward,5,4,0.0024999999441206455,1789044572.487645
eval/reward,10,9,0.0028124998789280653,1789046409.8822503
eval/reward,15,14,0.002343749860301614,1789048223.840118
eval/reward,20,19,0.0026562500279396772,1789050014.559669
eval/reward,25,24,0.0031250000465661287,1789051822.1665914
eval/reward,30,29,0.0028124998789280653,1789053636.4505
eval/reward,35,34,0.002968749962747097,1789055522.1899886
eval/reward,40,39,0.002968749962747097,1789057379.583336
eval/reward,45,44,0.003281249897554517,1789059280.897161
eval/reward,50,49,0.002812500111758709,1789061169.5603173
eval/reward,55,54,0.002968749962747097,1789063070.2645657
eval/reward,60,59,0.0028124998789280653,1789064925.3017204
eval/reward,65,64,0.0032812501303851604,1789066738.9644618
eval/reward,70,69,0.002968749962747097,1789068508.188864
eval/reward,75,74,0.0032812501303851604,1789070303.1123333
eval/reward,80,79,0.002968749962747097,1789072068.6783035
eval/reward,85,84,0.003124999813735485,1789073865.000572
eval/reward,90,89,0.0032812501303851604,1789075643.664624
eval/reward,95,94,0.003281249897554517,1789077475.5445015
eval/reward,100,99,0.0031250000465661287,1789079297.2574422
eval/return,5,4,0.5,1789044572.4876504
eval/return,10,9,0.5625,1789046409.8822694
eval/return,15,14,0.46875,1789048223.840127
eval/return,20,19,0.53125,1789050014.5596874
eval/return,25,24,0.625,1789051822.1666112
eval/return,30,29,0.5625,1789053636.4505203
eval/return,35,34,0.59375,1789055522.1900089
eval/return,40,39,0.59375,1789057379.5833452
eval/return,45,44,0.65625,1789059280.8971715
eval/return,50,49,0.5625,1789061169.560336
eval/return,55,54,0.59375,1789063070.2645874
eval/return,60,59,0.5625,1789064925.3017411
eval/return,65,64,0.65625,1789066738.9644706
eval/return,70,69,0.59375,1789068508.188884
eval/return,75,74,0.65625,1789070303.1123412
eval/return,80,79,0.59375,1789072068.678324
eval/return,85,84,0.625,1789073865.0005927
eval/return,90,89,0.65625,1789075643.664635
eval/return,95,94,0.65625,1789077475.5445218
eval/return,100,99,0.625,1789079297.257466
eval/num_trajectories,5,4,32.0,1789044572.4877162
eval/num_trajectories,10,9,32.0,1789046409.8823826
eval/num_trajectories,15,14,32.0,1789048223.840175
eval/num_trajectories,20,19,32.0,1789050014.559778
eval/num_trajectories,25,24,32.0,1789051822.1666982
eval/num_trajectories,30,29,32.0,1789053636.4506617
eval/num_trajectories,35,34,32.0,1789055522.190137
eval/num_trajectories,40,39,32.0,1789057379.5834172
eval/num_trajectories,45,44,32.0,1789059280.8972585
eval/num_trajectories,50,49,32.0,1789061169.5604599
eval/num_trajectories,55,54,32.0,1789063070.2647092
eval/num_trajectories,60,59,32.0,1789064925.3018303
eval/num_trajectories,65,64,32.0,1789066738.9645393
eval/num_trajectories,70,69,32.0,1789068508.1889384
eval/num_trajectories,75,74,32.0,1789070303.1124034
eval/num_trajectories,80,79,32.0,1789072068.6784468
eval/num_trajectories,85,84,32.0,1789073865.0007029
eval/num_trajectories,90,89,32.0,1789075643.6647162
eval/num_trajectories,95,94,32.0,1789077475.5446346
eval/num_trajectories,100,99,32.0,1789079297.257531
time/eval,5,4,343.9307861328125,1789044572.5114503
time/eval,10,9,294.6702880859375,1789046433.8827887
time/eval,15,14,286.9500427246094,1789048223.8546984
time/eval,20,19,288.91961669921875,1789050040.635711
time/eval,25,24,285.3760681152344,1789051822.1843956
time/eval,30,29,311.60113525390625,1789053666.1415162
time/eval,35,34,336.1087951660156,1789055522.208061
time/eval,40,39,318.2918395996094,1789057409.717483
time/eval,45,44,331.5902404785156,1789059280.92479
time/eval,50,49,317.39300537109375,1789061201.5791585
time/eval,55,54,328.2138977050781,1789063070.282996
time/eval,60,59,275.23382568359375,1789064954.1512718
time/eval,65,64,281.5227966308594,1789066738.9884772
time/eval,70,69,272.76611328125,1789068535.1733613
time/eval,75,74,277.9559326171875,1789070303.1345348
time/eval,80,79,277.0900573730469,1789072100.4277973
time/eval,85,84,275.17950439453125,1789073865.0231404
time/eval,90,89,277.3173522949219,1789075674.5152044
time/eval,95,94,274.65716552734375,1789077475.5636125
time/eval,100,99,279.69671630859375,1789079323.743017
time/env/evaluate,5,4,336.3081359863281,1789044572.5121582
time/env/evaluate,10,9,288.9832763671875,1789046433.8834665
time/env/evaluate,15,14,281.16845703125,1789048223.8550313
time/env/evaluate,20,19,283.80914306640625,1789050040.636418
time/env/evaluate,25,24,279.8609619140625,1789051822.1849523
time/env/evaluate,30,29,306.4803161621094,1789053666.141913
time/env/evaluate,35,34,328.4613952636719,1789055522.2083926
time/env/evaluate,40,39,312.430419921875,1789057409.7181814
time/env/evaluate,45,44,323.8569641113281,1789059280.9256418
time/env/evaluate,50,49,310.0186462402344,1789061201.579814
time/env/evaluate,55,54,320.4254150390625,1789063070.283614
time/env/evaluate,60,59,269.0249938964844,1789064954.1519513
time/env/evaluate,65,64,274.82958984375,1789066738.989241
time/env/evaluate,70,69,267.8636169433594,1789068535.1740763
time/env/evaluate,75,74,272.2418518066406,1789070303.1352243
time/env/evaluate,80,79,271.824462890625,1789072100.4284565
time/env/evaluate,85,84,269.68206787109375,1789073865.0241487
time/env/evaluate,90,89,271.884033203125,1789075674.5158746
time/env/evaluate,95,94,269.0286865234375,1789077475.564374
time/env/evaluate,100,99,273.8725891113281,1789079323.7436733
time/rollout/evaluate,5,4,338.96563720703125,1789044572.5127892
time/rollout/evaluate,10,9,289.6110534667969,1789046433.8839877
time/rollout/evaluate,15,14,281.56707763671875,1789048223.8553426
time/rollout/evaluate,20,19,283.787109375,1789050040.6369216
time/rollout/evaluate,25,24,279.3956298828125,1789051822.1855
time/rollout/evaluate,30,29,306.4393615722656,1789053666.1422334
time/rollout/evaluate,35,34,329.1706848144531,1789055522.2086427
time/rollout/evaluate,40,39,312.80828857421875,1789057409.718727
time/rollout/evaluate,45,44,326.3244934082031,1789059280.9266245
time/rollout/evaluate,50,49,311.97430419921875,1789061201.5803692
time/rollout/evaluate,55,54,322.9588317871094,1789063070.2841237
time/rollout/evaluate,60,59,269.2547912597656,1789064954.1523054
time/rollout/evaluate,65,64,276.6817626953125,1789066738.9897807
time/rollout/evaluate,70,69,267.7892761230469,1789068535.1745956
time/rollout/evaluate,75,74,272.8695373535156,1789070303.135803
time/rollout/evaluate,80,79,271.5772399902344,1789072100.4289594
time/rollout/evaluate,85,84,270.08807373046875,1789073865.02494
time/rollout/evaluate,90,89,272.3170166015625,1789075674.5164614
time/rollout/evaluate,95,94,269.2610168457031,1789077475.5652242
time/rollout/evaluate,100,99,274.5220642089844,1789079323.7442014
