
╭──────────────────────────────────────────────────────────────────────────────────────────────────────────────────────╮
├──────────────────────────────────────────────────── Metric Table ────────────────────────────────────────────────────┤
│ Global Step:    1/200 │ Progress: ░░░░░░░░░░░░░░░░░░░░░░░░░░░░░░░░░░░░░░░░ │   0.5%                                  │
│ Elapsed: 22:33 │ ETA: 74:48:10 │ Step Time: 1353.219s                                                                │
├──────────────────────────────────────────────────────── Time ────────────────────────────────────────────────────────┤
│                                                                                                                      │
│actor/actor/compute_adv=0.039          │actor/actor/recv_traj=1305.7           │actor/actor/sync_model_to_rollout=17.…│
│actor/run_training=27.257              │actor_training=27.264                  │cal_adv_and_returns=0.047             │
│env/compute_bootstrap_rewards=0.0019   │env/env/bootstrap_step=914.4           │env/env/send_rollout_trajectories=1.1…│
│env/env_interact_step=370.5            │env/interact=1304.4                    │env/run_interact_once=1304.4          │
│generate_rollouts=1308.8               │rollout/generate_one_epoch=1301.7      │rollout/predict=15.273                │
│rollout/rollout/generate=1308.8        │rollout/sync_model_from_actor=16.028   │step=1353.2                           │
│sync_weights=17.018                    │                                       │                                      │
│                                                                                                                      │
├──────────────────────────────────────────────────── Environment ─────────────────────────────────────────────────────┤
│                                                                                                                      │
│episode_len=200.0                      │num_trajectories=256                   │return=0.40625                        │
│reward=0.00203125                      │success_once=0.40625                   │                                      │
│                                                                                                                      │
├────────────────────────────────────────────────────── Rollout ───────────────────────────────────────────────────────┤
│                                                                                                                      │
│advantages_max=2.475                   │advantages_mean=-0.056                 │advantages_min=-2.475                 │
│rewards=0.0021                         │                                       │                                      │
│                                                                                                                      │
├─────────────────────────────────────────────────── Training/Actor ───────────────────────────────────────────────────┤
│                                                                                                                      │
│actor/approx_kl=0.046                  │actor/clip_fraction=0.0041             │actor/clipped_ratio=1.000             │
│actor/dual_cliped_ratio=0.0000         │actor/dvac_current_mean=-7.846         │actor/dvac_current_std=0.731          │
│actor/dvac_history_mean=0.0000         │actor/dvac_history_std=0.0000          │actor/dvac_warmup=1.000               │
│actor/dvac_weight_ess_fraction=1.000   │actor/dvac_weight_mean=1.000           │actor/dvac_weight_sq_mean=1.000       │
│actor/dvac_z_high_clip_fraction=0.0000 │actor/dvac_z_low_clip_fraction=0.0000  │actor/entropy_loss=0.0000             │
│actor/grad_norm=19.423                 │actor/lr=5.00e-06                      │actor/policy_loss=-0.035              │
│actor/policy_loss_abs=38.668           │actor/ratio=1.000                      │actor/ratio_abs=0.014                 │
│actor/total_loss=-0.0022               │                                       │                                      │
│                                                                                                                      │
╰──────────────────────────────────────────────────────────────────────────────────────────────────────────────────────╯


╭──────────────────────────────────────────────────────────────────────────────────────────────────────────────────────╮
├──────────────────────────────────────────────────── Metric Table ────────────────────────────────────────────────────┤
│ Global Step:    2/200 │ Progress: ░░░░░░░░░░░░░░░░░░░░░░░░░░░░░░░░░░░░░░░░ │   1.0%                                  │
│ Elapsed: 44:20 │ ETA: 73:09:20 │ Step Time: 1330.102s                                                                │
├──────────────────────────────────────────────────────── Time ────────────────────────────────────────────────────────┤
│                                                                                                                      │
│actor/actor/compute_adv=0.0073         │actor/actor/recv_traj=1270.7           │actor/actor/sync_model_to_rollout=2.8…│
│actor/run_training=26.001              │actor_training=26.008                  │cal_adv_and_returns=0.014             │
│env/compute_bootstrap_rewards=0.0017   │env/env/bootstrap_step=871.6           │env/env/send_rollout_trajectories=1.0…│
│env/env_interact_step=387.0            │env/interact=1269.6                    │env/run_interact_once=1269.6          │
│generate_rollouts=1274.2               │rollout/generate_one_epoch=1267.0      │rollout/predict=14.186                │
│rollout/rollout/generate=1274.2        │rollout/sync_model_from_actor=6.739    │step=1307.0                           │
│sync_weights=6.742                     │                                       │                                      │
│                                                                                                                      │
├──────────────────────────────────────────────────── Environment ─────────────────────────────────────────────────────┤
│                                                                                                                      │
│episode_len=200.0                      │num_trajectories=256                   │return=0.359375                       │
│reward=0.0017968751                    │success_once=0.359375                  │                                      │
│                                                                                                                      │
├────────────────────────────────────────────────────── Rollout ───────────────────────────────────────────────────────┤
│                                                                                                                      │
│advantages_max=2.475                   │advantages_mean=-0.055                 │advantages_min=-2.475                 │
│rewards=0.0024                         │                                       │                                      │
│                                                                                                                      │
├─────────────────────────────────────────────────── Training/Actor ───────────────────────────────────────────────────┤
│                                                                                                                      │
│actor/approx_kl=0.051                  │actor/clip_fraction=0.0073             │actor/clipped_ratio=1.000             │
│actor/dual_cliped_ratio=0.0000         │actor/dvac_current_mean=-7.759         │actor/dvac_current_std=0.692          │
│actor/dvac_history_mean=-7.846         │actor/dvac_history_std=0.731           │actor/dvac_warmup=0.0000              │
│actor/dvac_weight_ess_fraction=0.954   │actor/dvac_weight_mean=1.026           │actor/dvac_weight_sq_mean=1.104       │
│actor/dvac_z_high_clip_fraction=0.033  │actor/dvac_z_low_clip_fraction=0.0059  │actor/entropy_loss=0.0000             │
│actor/grad_norm=35.320                 │actor/lr=5.00e-06                      │actor/policy_loss=1.198               │
│actor/policy_loss_abs=35.818           │actor/ratio=1.000                      │actor/ratio_abs=0.016                 │
│actor/total_loss=0.075                 │                                       │                                      │
│                                                                                                                      │
╰──────────────────────────────────────────────────────────────────────────────────────────────────────────────────────╯


╭──────────────────────────────────────────────────────────────────────────────────────────────────────────────────────╮
├──────────────────────────────────────────────────── Metric Table ────────────────────────────────────────────────────┤
│ Global Step:    3/200 │ Progress: ░░░░░░░░░░░░░░░░░░░░░░░░░░░░░░░░░░░░░░░░ │   1.5%                                  │
│ Elapsed: 01:06:15 │ ETA: 72:30:26 │ Step Time: 1325.007s                                                             │
├──────────────────────────────────────────────────────── Time ────────────────────────────────────────────────────────┤
│                                                                                                                      │
│actor/actor/compute_adv=0.0074         │actor/actor/recv_traj=1281.9           │actor/actor/sync_model_to_rollout=2.9…│
│actor/run_training=21.950              │actor_training=21.955                  │cal_adv_and_returns=0.016             │
│env/compute_bootstrap_rewards=0.0020   │env/env/bootstrap_step=863.0           │env/env/send_rollout_trajectories=1.0…│
│env/env_interact_step=397.2            │env/interact=1280.7                    │env/run_interact_once=1280.7          │
│generate_rollouts=1285.4               │rollout/generate_one_epoch=1278.0      │rollout/predict=14.670                │
│rollout/rollout/generate=1285.4        │rollout/sync_model_from_actor=7.365    │step=1314.8                           │
│sync_weights=7.370                     │                                       │                                      │
│                                                                                                                      │
├──────────────────────────────────────────────────── Environment ─────────────────────────────────────────────────────┤
│                                                                                                                      │
│episode_len=200.0                      │num_trajectories=256                   │return=0.41015625                     │
│reward=0.0020507812                    │success_once=0.41015625                │                                      │
│                                                                                                                      │
├────────────────────────────────────────────────────── Rollout ───────────────────────────────────────────────────────┤
│                                                                                                                      │
│advantages_max=2.475                   │advantages_mean=-0.062                 │advantages_min=-2.475                 │
│rewards=0.0023                         │                                       │                                      │
│                                                                                                                      │
├─────────────────────────────────────────────────── Training/Actor ───────────────────────────────────────────────────┤
│                                                                                                                      │
│actor/approx_kl=0.018                  │actor/clip_fraction=0.0014             │actor/clipped_ratio=1.000             │
│actor/dual_cliped_ratio=0.0000         │actor/dvac_current_mean=-7.671         │actor/dvac_current_std=0.699          │
│actor/dvac_history_mean=-7.802         │actor/dvac_history_std=0.713           │actor/dvac_warmup=0.0000              │
│actor/dvac_weight_ess_fraction=0.952   │actor/dvac_weight_mean=1.042           │actor/dvac_weight_sq_mean=1.140       │
│actor/dvac_z_high_clip_fraction=0.041  │actor/dvac_z_low_clip_fraction=0.0040  │actor/entropy_loss=0.0000             │
│actor/grad_norm=21.992                 │actor/lr=5.00e-06                      │actor/policy_loss=1.220               │
│actor/policy_loss_abs=35.111           │actor/ratio=1.000                      │actor/ratio_abs=0.010                 │
│actor/total_loss=0.076                 │                                       │                                      │
│                                                                                                                      │
╰──────────────────────────────────────────────────────────────────────────────────────────────────────────────────────╯


╭──────────────────────────────────────────────────────────────────────────────────────────────────────────────────────╮
├──────────────────────────────────────────────────── Metric Table ────────────────────────────────────────────────────┤
│ Global Step:    4/200 │ Progress: ░░░░░░░░░░░░░░░░░░░░░░░░░░░░░░░░░░░░░░░░ │   2.0%                                  │
│ Elapsed: 01:28:24 │ ETA: 72:11:39 │ Step Time: 1326.018s                                                             │
├──────────────────────────────────────────────────────── Time ────────────────────────────────────────────────────────┤
│                                                                                                                      │
│actor/actor/compute_adv=0.0066         │actor/actor/recv_traj=1298.8           │actor/actor/sync_model_to_rollout=2.1…│
│actor/run_training=22.180              │actor_training=22.183                  │cal_adv_and_returns=0.011             │
│env/compute_bootstrap_rewards=0.0019   │env/env/bootstrap_step=898.2           │env/env/send_rollout_trajectories=0.9…│
│env/env_interact_step=386.2            │env/interact=1297.7                    │env/run_interact_once=1297.7          │
│generate_rollouts=1301.7               │rollout/generate_one_epoch=1295.3      │rollout/predict=14.557                │
│rollout/rollout/generate=1301.6        │rollout/sync_model_from_actor=5.157    │step=1329.0                           │
│sync_weights=5.160                     │                                       │                                      │
│                                                                                                                      │
├──────────────────────────────────────────────────── Environment ─────────────────────────────────────────────────────┤
│                                                                                                                      │
│episode_len=200.0                      │num_trajectories=256                   │return=0.4609375                      │
│reward=0.0023046874                    │success_once=0.4609375                 │                                      │
│                                                                                                                      │
├────────────────────────────────────────────────────── Rollout ───────────────────────────────────────────────────────┤
│                                                                                                                      │
│advantages_max=2.475                   │advantages_mean=-0.068                 │advantages_min=-2.475                 │
│rewards=0.0027                         │                                       │                                      │
│                                                                                                                      │
├─────────────────────────────────────────────────── Training/Actor ───────────────────────────────────────────────────┤
│                                                                                                                      │
│actor/approx_kl=0.013                  │actor/clip_fraction=0.0035             │actor/clipped_ratio=1.000             │
│actor/dual_cliped_ratio=0.0000         │actor/dvac_current_mean=-7.703         │actor/dvac_current_std=0.622          │
│actor/dvac_history_mean=-7.759         │actor/dvac_history_std=0.711           │actor/dvac_warmup=0.0000              │
│actor/dvac_weight_ess_fraction=0.959   │actor/dvac_weight_mean=1.017           │actor/dvac_weight_sq_mean=1.079       │
│actor/dvac_z_high_clip_fraction=0.023  │actor/dvac_z_low_clip_fraction=0.0058  │actor/entropy_loss=0.0000             │
│actor/grad_norm=30.930                 │actor/lr=5.00e-06                      │actor/policy_loss=1.207               │
│actor/policy_loss_abs=39.070           │actor/ratio=1.000                      │actor/ratio_abs=0.012                 │
│actor/total_loss=0.075                 │                                       │                                      │
│                                                                                                                      │
╰──────────────────────────────────────────────────────────────────────────────────────────────────────────────────────╯


╭──────────────────────────────────────────────────────────────────────────────────────────────────────────────────────╮
├──────────────────────────────────────────────────── Metric Table ────────────────────────────────────────────────────┤
│ Global Step:    5/200 │ Progress: █░░░░░░░░░░░░░░░░░░░░░░░░░░░░░░░░░░░░░░░ │   2.5%                                  │
│ Elapsed: 01:53:55 │ ETA: 74:02:56 │ Step Time: 1367.060s                                                             │
├──────────────────────────────────────────────────────── Time ────────────────────────────────────────────────────────┤
│                                                                                                                      │
│actor/actor/compute_adv=0.0082         │actor/actor/recv_traj=1211.3           │actor/actor/sync_model_to_rollout=4.6…│
│actor/run_training=25.389              │actor_training=25.395                  │cal_adv_and_returns=0.015             │
│env/compute_bootstrap_rewards=0.0017   │env/env/bootstrap_step=819.9           │env/env/send_rollout_trajectories=1.0…│
│env/env_interact_step=370.8            │env/evaluate=280.0                     │env/interact=1210.2                   │
│env/run_interact_once=1210.2           │eval=285.6                             │generate_rollouts=1214.4              │
│rollout/evaluate=172.4                 │rollout/generate_one_epoch=1208.2      │rollout/predict=16.277                │
│rollout/rollout/generate=1214.3        │rollout/sync_model_from_actor=11.336   │step=1531.2                           │
│sync_weights=5.846                     │                                       │                                      │
│                                                                                                                      │
├──────────────────────────────────────────────────── Environment ─────────────────────────────────────────────────────┤
│                                                                                                                      │
│episode_len=200.0                      │num_trajectories=256                   │return=0.5                            │
│reward=0.0024999997                    │success_once=0.5                       │                                      │
│                                                                                                                      │
├────────────────────────────────────────────────────── Rollout ───────────────────────────────────────────────────────┤
│                                                                                                                      │
│advantages_max=2.475                   │advantages_mean=-0.051                 │advantages_min=-2.475                 │
│rewards=0.0027                         │                                       │                                      │
│                                                                                                                      │
├───────────────────────────────────────────────────── Evaluation ─────────────────────────────────────────────────────┤
│                                                                                                                      │
│episode_len=200.0                      │num_trajectories=32                    │return=0.53125                        │
│reward=0.0026562498                    │success_at_end=0.53125                 │success_once=0.53125                  │
│                                                                                                                      │
├─────────────────────────────────────────────────── Training/Actor ───────────────────────────────────────────────────┤
│                                                                                                                      │
│actor/approx_kl=0.030                  │actor/clip_fraction=0.0018             │actor/clipped_ratio=1.000             │
│actor/dual_cliped_ratio=0.0000         │actor/dvac_current_mean=-7.653         │actor/dvac_current_std=0.617          │
│actor/dvac_history_mean=-7.745         │actor/dvac_history_std=0.690           │actor/dvac_warmup=0.0000              │
│actor/dvac_weight_ess_fraction=0.959   │actor/dvac_weight_mean=1.030           │actor/dvac_weight_sq_mean=1.107       │
│actor/dvac_z_high_clip_fraction=0.025  │actor/dvac_z_low_clip_fraction=0.0065  │actor/entropy_loss=0.0000             │
│actor/grad_norm=21.845                 │actor/lr=5.00e-06                      │actor/policy_loss=0.901               │
│actor/policy_loss_abs=35.567           │actor/ratio=1.000                      │actor/ratio_abs=0.0093                │
│actor/total_loss=0.056                 │                                       │                                      │
│                                                                                                                      │
╰──────────────────────────────────────────────────────────────────────────────────────────────────────────────────────╯


╭──────────────────────────────────────────────────────────────────────────────────────────────────────────────────────╮
├──────────────────────────────────────────────────── Metric Table ────────────────────────────────────────────────────┤
│ Global Step:    6/200 │ Progress: █░░░░░░░░░░░░░░░░░░░░░░░░░░░░░░░░░░░░░░░ │   3.0%                                  │
│ Elapsed: 02:14:18 │ ETA: 72:22:44 │ Step Time: 1343.116s                                                             │
├──────────────────────────────────────────────────────── Time ────────────────────────────────────────────────────────┤
│                                                                                                                      │
│actor/actor/compute_adv=0.0064         │actor/actor/recv_traj=1193.1           │actor/actor/sync_model_to_rollout=1.8…│
│actor/run_training=25.157              │actor_training=25.162                  │cal_adv_and_returns=0.014             │
│env/compute_bootstrap_rewards=0.0016   │env/env/bootstrap_step=822.1           │env/env/send_rollout_trajectories=1.0…│
│env/env_interact_step=350.8            │env/interact=1192.1                    │env/run_interact_once=1192.1          │
│generate_rollouts=1196.3               │rollout/generate_one_epoch=1189.5      │rollout/predict=14.223                │
│rollout/rollout/generate=1196.3        │rollout/sync_model_from_actor=1.669    │step=1223.4                           │
│sync_weights=1.845                     │                                       │                                      │
│                                                                                                                      │
├──────────────────────────────────────────────────── Environment ─────────────────────────────────────────────────────┤
│                                                                                                                      │
│episode_len=200.0                      │num_trajectories=256                   │return=0.5234375                      │
│reward=0.002617187                     │success_once=0.5234375                 │                                      │
│                                                                                                                      │
├────────────────────────────────────────────────────── Rollout ───────────────────────────────────────────────────────┤
│                                                                                                                      │
│advantages_max=2.475                   │advantages_mean=-0.054                 │advantages_min=-2.475                 │
│rewards=0.0029                         │                                       │                                      │
│                                                                                                                      │
├─────────────────────────────────────────────────── Training/Actor ───────────────────────────────────────────────────┤
│                                                                                                                      │
│actor/approx_kl=0.017                  │actor/clip_fraction=0.0011             │actor/clipped_ratio=1.000             │
│actor/dual_cliped_ratio=0.0000         │actor/dvac_current_mean=-7.479         │actor/dvac_current_std=0.582          │
│actor/dvac_history_mean=-7.726         │actor/dvac_history_std=0.677           │actor/dvac_warmup=0.0000              │
│actor/dvac_weight_ess_fraction=0.966   │actor/dvac_weight_mean=1.088           │actor/dvac_weight_sq_mean=1.225       │
│actor/dvac_z_high_clip_fraction=0.033  │actor/dvac_z_low_clip_fraction=0.0035  │actor/entropy_loss=0.0000             │
│actor/grad_norm=20.752                 │actor/lr=5.00e-06                      │actor/policy_loss=0.776               │
│actor/policy_loss_abs=37.229           │actor/ratio=1.000                      │actor/ratio_abs=0.0081                │
│actor/total_loss=0.048                 │                                       │                                      │
│                                                                                                                      │
╰──────────────────────────────────────────────────────────────────────────────────────────────────────────────────────╯


╭──────────────────────────────────────────────────────────────────────────────────────────────────────────────────────╮
├──────────────────────────────────────────────────── Metric Table ────────────────────────────────────────────────────┤
│ Global Step:    7/200 │ Progress: █░░░░░░░░░░░░░░░░░░░░░░░░░░░░░░░░░░░░░░░ │   3.5%                                  │
│ Elapsed: 02:35:30 │ ETA: 71:27:43 │ Step Time: 1332.974s                                                             │
├──────────────────────────────────────────────────────── Time ────────────────────────────────────────────────────────┤
│                                                                                                                      │
│actor/actor/compute_adv=0.0076         │actor/actor/recv_traj=1237.0           │actor/actor/sync_model_to_rollout=2.6…│
│actor/run_training=25.214              │actor_training=25.220                  │cal_adv_and_returns=0.014             │
│env/compute_bootstrap_rewards=0.0018   │env/env/bootstrap_step=851.4           │env/env/send_rollout_trajectories=1.0…│
│env/env_interact_step=370.6            │env/interact=1236.0                    │env/run_interact_once=1236.0          │
│generate_rollouts=1240.3               │rollout/generate_one_epoch=1233.4      │rollout/predict=14.483                │
│rollout/rollout/generate=1240.3        │rollout/sync_model_from_actor=6.506    │step=1272.1                           │
│sync_weights=6.510                     │                                       │                                      │
│                                                                                                                      │
├──────────────────────────────────────────────────── Environment ─────────────────────────────────────────────────────┤
│                                                                                                                      │
│episode_len=200.0                      │num_trajectories=256                   │return=0.53515625                     │
│reward=0.0026757808                    │success_once=0.53515625                │                                      │
│                                                                                                                      │
├────────────────────────────────────────────────────── Rollout ───────────────────────────────────────────────────────┤
│                                                                                                                      │
│advantages_max=2.475                   │advantages_mean=-0.079                 │advantages_min=-2.475                 │
│rewards=0.0031                         │                                       │                                      │
│                                                                                                                      │
├─────────────────────────────────────────────────── Training/Actor ───────────────────────────────────────────────────┤
│                                                                                                                      │
│actor/approx_kl=0.019                  │actor/clip_fraction=0.0017             │actor/clipped_ratio=1.000             │
│actor/dual_cliped_ratio=0.0000         │actor/dvac_current_mean=-7.504         │actor/dvac_current_std=0.615          │
│actor/dvac_history_mean=-7.653         │actor/dvac_history_std=0.651           │actor/dvac_warmup=0.0000              │
│actor/dvac_weight_ess_fraction=0.956   │actor/dvac_weight_mean=1.054           │actor/dvac_weight_sq_mean=1.161       │
│actor/dvac_z_high_clip_fraction=0.034  │actor/dvac_z_low_clip_fraction=0.0073  │actor/entropy_loss=0.0000             │
│actor/grad_norm=23.249                 │actor/lr=5.00e-06                      │actor/policy_loss=0.792               │
│actor/policy_loss_abs=37.459           │actor/ratio=1.000                      │actor/ratio_abs=0.0096                │
│actor/total_loss=0.050                 │                                       │                                      │
│                                                                                                                      │
╰──────────────────────────────────────────────────────────────────────────────────────────────────────────────────────╯


╭──────────────────────────────────────────────────────────────────────────────────────────────────────────────────────╮
├──────────────────────────────────────────────────── Metric Table ────────────────────────────────────────────────────┤
│ Global Step:    8/200 │ Progress: █░░░░░░░░░░░░░░░░░░░░░░░░░░░░░░░░░░░░░░░ │   4.0%                                  │
│ Elapsed: 02:56:51 │ ETA: 70:44:34 │ Step Time: 1326.431s                                                             │
├──────────────────────────────────────────────────────── Time ────────────────────────────────────────────────────────┤
│                                                                                                                      │
│actor/actor/compute_adv=0.0056         │actor/actor/recv_traj=1249.7           │actor/actor/sync_model_to_rollout=2.7…│
│actor/run_training=21.898              │actor_training=21.901                  │cal_adv_and_returns=0.010             │
│env/compute_bootstrap_rewards=0.0016   │env/env/bootstrap_step=854.5           │env/env/send_rollout_trajectories=0.6…│
│env/env_interact_step=375.7            │env/interact=1249.0                    │env/run_interact_once=1249.0          │
│generate_rollouts=1251.7               │rollout/generate_one_epoch=1246.5      │rollout/predict=14.302                │
│rollout/rollout/generate=1251.7        │rollout/sync_model_from_actor=6.999    │step=1280.6                           │
│sync_weights=7.002                     │                                       │                                      │
│                                                                                                                      │
├──────────────────────────────────────────────────── Environment ─────────────────────────────────────────────────────┤
│                                                                                                                      │
│episode_len=200.0                      │num_trajectories=256                   │return=0.390625                       │
│reward=0.001953125                     │success_once=0.390625                  │                                      │
│                                                                                                                      │
├────────────────────────────────────────────────────── Rollout ───────────────────────────────────────────────────────┤
│                                                                                                                      │
│advantages_max=2.475                   │advantages_mean=-0.050                 │advantages_min=-2.475                 │
│rewards=0.0023                         │                                       │                                      │
│                                                                                                                      │
├─────────────────────────────────────────────────── Training/Actor ───────────────────────────────────────────────────┤
│                                                                                                                      │
│actor/approx_kl=0.034                  │actor/clip_fraction=0.0033             │actor/clipped_ratio=1.000             │
│actor/dual_cliped_ratio=0.0000         │actor/dvac_current_mean=-7.446         │actor/dvac_current_std=0.592          │
│actor/dvac_history_mean=-7.602         │actor/dvac_history_std=0.635           │actor/dvac_warmup=0.0000              │
│actor/dvac_weight_ess_fraction=0.958   │actor/dvac_weight_mean=1.057           │actor/dvac_weight_sq_mean=1.167       │
│actor/dvac_z_high_clip_fraction=0.035  │actor/dvac_z_low_clip_fraction=0.0046  │actor/entropy_loss=0.0000             │
│actor/grad_norm=33.405                 │actor/lr=5.00e-06                      │actor/policy_loss=0.862               │
│actor/policy_loss_abs=32.292           │actor/ratio=1.000                      │actor/ratio_abs=0.014                 │
│actor/total_loss=0.054                 │                                       │                                      │
│                                                                                                                      │
╰──────────────────────────────────────────────────────────────────────────────────────────────────────────────────────╯


╭──────────────────────────────────────────────────────────────────────────────────────────────────────────────────────╮
├──────────────────────────────────────────────────── Metric Table ────────────────────────────────────────────────────┤
│ Global Step:    9/200 │ Progress: █░░░░░░░░░░░░░░░░░░░░░░░░░░░░░░░░░░░░░░░ │   4.5%                                  │
│ Elapsed: 03:18:41 │ ETA: 70:16:41 │ Step Time: 1324.614s                                                             │
├──────────────────────────────────────────────────────── Time ────────────────────────────────────────────────────────┤
│                                                                                                                      │
│actor/actor/compute_adv=0.0066         │actor/actor/recv_traj=1281.3           │actor/actor/sync_model_to_rollout=2.0…│
│actor/run_training=21.483              │actor_training=21.485                  │cal_adv_and_returns=0.011             │
│env/compute_bootstrap_rewards=0.0018   │env/env/bootstrap_step=871.3           │env/env/send_rollout_trajectories=1.2…│
│env/env_interact_step=389.9            │env/interact=1280.5                    │env/run_interact_once=1280.5          │
│generate_rollouts=1283.0               │rollout/generate_one_epoch=1278.8      │rollout/predict=14.414                │
│rollout/rollout/generate=1283.0        │rollout/sync_model_from_actor=5.504    │step=1310.1                           │
│sync_weights=5.506                     │                                       │                                      │
│                                                                                                                      │
├──────────────────────────────────────────────────── Environment ─────────────────────────────────────────────────────┤
│                                                                                                                      │
│episode_len=200.0                      │num_trajectories=256                   │return=0.4453125                      │
│reward=0.0022265625                    │success_once=0.4453125                 │                                      │
│                                                                                                                      │
├────────────────────────────────────────────────────── Rollout ───────────────────────────────────────────────────────┤
│                                                                                                                      │
│advantages_max=2.475                   │advantages_mean=-0.048                 │advantages_min=-2.475                 │
│rewards=0.0025                         │                                       │                                      │
│                                                                                                                      │
├─────────────────────────────────────────────────── Training/Actor ───────────────────────────────────────────────────┤
│                                                                                                                      │
│actor/approx_kl=0.020                  │actor/clip_fraction=0.0017             │actor/clipped_ratio=1.000             │
│actor/dual_cliped_ratio=0.0000         │actor/dvac_current_mean=-7.319         │actor/dvac_current_std=0.554          │
│actor/dvac_history_mean=-7.557         │actor/dvac_history_std=0.614           │actor/dvac_warmup=0.0000              │
│actor/dvac_weight_ess_fraction=0.963   │actor/dvac_weight_mean=1.093           │actor/dvac_weight_sq_mean=1.241       │
│actor/dvac_z_high_clip_fraction=0.038  │actor/dvac_z_low_clip_fraction=0.0072  │actor/entropy_loss=0.0000             │
│actor/grad_norm=25.997                 │actor/lr=5.00e-06                      │actor/policy_loss=0.795               │
│actor/policy_loss_abs=38.480           │actor/ratio=1.000                      │actor/ratio_abs=0.0076                │
│actor/total_loss=0.050                 │                                       │                                      │
│                                                                                                                      │
╰──────────────────────────────────────────────────────────────────────────────────────────────────────────────────────╯


╭──────────────────────────────────────────────────────────────────────────────────────────────────────────────────────╮
├──────────────────────────────────────────────────── Metric Table ────────────────────────────────────────────────────┤
│ Global Step:   10/200 │ Progress: ██░░░░░░░░░░░░░░░░░░░░░░░░░░░░░░░░░░░░░░ │   5.0%                                  │
│ Elapsed: 03:45:21 │ ETA: 71:21:43 │ Step Time: 1352.125s                                                             │
├──────────────────────────────────────────────────────── Time ────────────────────────────────────────────────────────┤
│                                                                                                                      │
│actor/actor/compute_adv=0.0069         │actor/actor/recv_traj=1233.7           │actor/actor/sync_model_to_rollout=4.7…│
│actor/run_training=24.473              │actor_training=24.479                  │cal_adv_and_returns=0.013             │
│env/compute_bootstrap_rewards=0.0014   │env/env/bootstrap_step=847.8           │env/env/send_rollout_trajectories=1.0…│
│env/env_interact_step=366.0            │env/evaluate=300.6                     │env/interact=1233.0                   │
│env/run_interact_once=1233.0           │eval=307.9                             │generate_rollouts=1235.7              │
│rollout/evaluate=174.7                 │rollout/generate_one_epoch=1230.9      │rollout/predict=16.060                │
│rollout/rollout/generate=1235.7        │rollout/sync_model_from_actor=12.378   │step=1599.7                           │
│sync_weights=5.110                     │                                       │                                      │
│                                                                                                                      │
├──────────────────────────────────────────────────── Environment ─────────────────────────────────────────────────────┤
│                                                                                                                      │
│episode_len=200.0                      │num_trajectories=256                   │return=0.421875                       │
│reward=0.0021093749                    │success_once=0.421875                  │                                      │
│                                                                                                                      │
├────────────────────────────────────────────────────── Rollout ───────────────────────────────────────────────────────┤
│                                                                                                                      │
│advantages_max=2.475                   │advantages_mean=-0.050                 │advantages_min=-2.475                 │
│rewards=0.0023                         │                                       │                                      │
│                                                                                                                      │
├───────────────────────────────────────────────────── Evaluation ─────────────────────────────────────────────────────┤
│                                                                                                                      │
│episode_len=200.0                      │num_trajectories=32                    │return=0.375                          │
│reward=0.0018749997                    │success_at_end=0.375                   │success_once=0.375                    │
│                                                                                                                      │
├─────────────────────────────────────────────────── Training/Actor ───────────────────────────────────────────────────┤
│                                                                                                                      │
│actor/approx_kl=0.040                  │actor/clip_fraction=0.0055             │actor/clipped_ratio=1.000             │
│actor/dual_cliped_ratio=0.0000         │actor/dvac_current_mean=-7.316         │actor/dvac_current_std=0.594          │
│actor/dvac_history_mean=-7.480         │actor/dvac_history_std=0.602           │actor/dvac_warmup=0.0000              │
│actor/dvac_weight_ess_fraction=0.955   │actor/dvac_weight_mean=1.065           │actor/dvac_weight_sq_mean=1.187       │
│actor/dvac_z_high_clip_fraction=0.039  │actor/dvac_z_low_clip_fraction=0.014   │actor/entropy_loss=0.0000             │
│actor/grad_norm=37.501                 │actor/lr=5.00e-06                      │actor/policy_loss=0.832               │
│actor/policy_loss_abs=34.480           │actor/ratio=1.000                      │actor/ratio_abs=0.015                 │
│actor/total_loss=0.052                 │                                       │                                      │
│                                                                                                                      │
╰──────────────────────────────────────────────────────────────────────────────────────────────────────────────────────╯


╭──────────────────────────────────────────────────────────────────────────────────────────────────────────────────────╮
├──────────────────────────────────────────────────── Metric Table ────────────────────────────────────────────────────┤
│ Global Step:   11/200 │ Progress: ██░░░░░░░░░░░░░░░░░░░░░░░░░░░░░░░░░░░░░░ │   5.5%                                  │
│ Elapsed: 04:06:27 │ ETA: 70:34:33 │ Step Time: 1344.304s                                                             │
├──────────────────────────────────────────────────────── Time ────────────────────────────────────────────────────────┤
│                                                                                                                      │
│actor/actor/compute_adv=0.0079         │actor/actor/recv_traj=1241.2           │actor/actor/sync_model_to_rollout=1.6…│
│actor/run_training=21.452              │actor_training=21.456                  │cal_adv_and_returns=0.012             │
│env/compute_bootstrap_rewards=0.0016   │env/env/bootstrap_step=858.9           │env/env/send_rollout_trajectories=0.7…│
│env/env_interact_step=362.5            │env/interact=1240.5                    │env/run_interact_once=1240.5          │
│generate_rollouts=1242.9               │rollout/generate_one_epoch=1237.1      │rollout/predict=14.396                │
│rollout/rollout/generate=1242.9        │rollout/sync_model_from_actor=1.498    │step=1266.1                           │
│sync_weights=1.643                     │                                       │                                      │
│                                                                                                                      │
├──────────────────────────────────────────────────── Environment ─────────────────────────────────────────────────────┤
│                                                                                                                      │
│episode_len=200.0                      │num_trajectories=256                   │return=0.4921875                      │
│reward=0.0024609372                    │success_once=0.4921875                 │                                      │
│                                                                                                                      │
├────────────────────────────────────────────────────── Rollout ───────────────────────────────────────────────────────┤
│                                                                                                                      │
│advantages_max=2.475                   │advantages_mean=-0.074                 │advantages_min=-2.475                 │
│rewards=0.0032                         │                                       │                                      │
│                                                                                                                      │
├─────────────────────────────────────────────────── Training/Actor ───────────────────────────────────────────────────┤
│                                                                                                                      │
│actor/approx_kl=0.0056                 │actor/clip_fraction=1.94e-04           │actor/clipped_ratio=1.000             │
│actor/dual_cliped_ratio=0.0000         │actor/dvac_current_mean=-7.376         │actor/dvac_current_std=0.617          │
│actor/dvac_history_mean=-7.413         │actor/dvac_history_std=0.593           │actor/dvac_warmup=0.0000              │
│actor/dvac_weight_ess_fraction=0.945   │actor/dvac_weight_mean=1.014           │actor/dvac_weight_sq_mean=1.088       │
│actor/dvac_z_high_clip_fraction=0.028  │actor/dvac_z_low_clip_fraction=0.029   │actor/entropy_loss=0.0000             │
│actor/grad_norm=22.270                 │actor/lr=5.00e-06                      │actor/policy_loss=0.233               │
│actor/policy_loss_abs=32.904           │actor/ratio=1.000                      │actor/ratio_abs=0.0064                │
│actor/total_loss=0.015                 │                                       │                                      │
│                                                                                                                      │
╰──────────────────────────────────────────────────────────────────────────────────────────────────────────────────────╯


╭──────────────────────────────────────────────────────────────────────────────────────────────────────────────────────╮
├──────────────────────────────────────────────────── Metric Table ────────────────────────────────────────────────────┤
│ Global Step:   12/200 │ Progress: ██░░░░░░░░░░░░░░░░░░░░░░░░░░░░░░░░░░░░░░ │   6.0%                                  │
│ Elapsed: 04:27:12 │ ETA: 69:46:21 │ Step Time: 1336.069s                                                             │
├──────────────────────────────────────────────────────── Time ────────────────────────────────────────────────────────┤
│                                                                                                                      │
│actor/actor/compute_adv=0.0092         │actor/actor/recv_traj=1212.0           │actor/actor/sync_model_to_rollout=2.0…│
│actor/run_training=24.650              │actor_training=24.656                  │cal_adv_and_returns=0.016             │
│env/compute_bootstrap_rewards=0.0015   │env/env/bootstrap_step=840.0           │env/env/send_rollout_trajectories=1.0…│
│env/env_interact_step=353.2            │env/interact=1210.9                    │env/run_interact_once=1210.9          │
│generate_rollouts=1215.1               │rollout/generate_one_epoch=1208.7      │rollout/predict=14.273                │
│rollout/rollout/generate=1215.1        │rollout/sync_model_from_actor=5.644    │step=1245.5                           │
│sync_weights=5.647                     │                                       │                                      │
│                                                                                                                      │
├──────────────────────────────────────────────────── Environment ─────────────────────────────────────────────────────┤
│                                                                                                                      │
│episode_len=200.0                      │num_trajectories=256                   │return=0.44921875                     │
│reward=0.0022460937                    │success_once=0.44921875                │                                      │
│                                                                                                                      │
├────────────────────────────────────────────────────── Rollout ───────────────────────────────────────────────────────┤
│                                                                                                                      │
│advantages_max=2.475                   │advantages_mean=-0.061                 │advantages_min=-2.475                 │
│rewards=0.0026                         │                                       │                                      │
│                                                                                                                      │
├─────────────────────────────────────────────────── Training/Actor ───────────────────────────────────────────────────┤
│                                                                                                                      │
│actor/approx_kl=0.012                  │actor/clip_fraction=0.0015             │actor/clipped_ratio=1.000             │
│actor/dual_cliped_ratio=0.0000         │actor/dvac_current_mean=-7.434         │actor/dvac_current_std=0.630          │
│actor/dvac_history_mean=-7.392         │actor/dvac_history_std=0.600           │actor/dvac_warmup=0.0000              │
│actor/dvac_weight_ess_fraction=0.940   │actor/dvac_weight_mean=0.982           │actor/dvac_weight_sq_mean=1.025       │
│actor/dvac_z_high_clip_fraction=0.025  │actor/dvac_z_low_clip_fraction=0.031   │actor/entropy_loss=0.0000             │
│actor/grad_norm=20.890                 │actor/lr=5.00e-06                      │actor/policy_loss=0.881               │
│actor/policy_loss_abs=31.780           │actor/ratio=1.000                      │actor/ratio_abs=0.010                 │
│actor/total_loss=0.055                 │                                       │                                      │
│                                                                                                                      │
╰──────────────────────────────────────────────────────────────────────────────────────────────────────────────────────╯


╭──────────────────────────────────────────────────────────────────────────────────────────────────────────────────────╮
├──────────────────────────────────────────────────── Metric Table ────────────────────────────────────────────────────┤
│ Global Step:   13/200 │ Progress: ██░░░░░░░░░░░░░░░░░░░░░░░░░░░░░░░░░░░░░░ │   6.5%                                  │
│ Elapsed: 04:48:10 │ ETA: 69:05:18 │ Step Time: 1330.047s                                                             │
├──────────────────────────────────────────────────────── Time ────────────────────────────────────────────────────────┤
│                                                                                                                      │
│actor/actor/compute_adv=0.0075         │actor/actor/recv_traj=1228.5           │actor/actor/sync_model_to_rollout=2.2…│
│actor/run_training=21.627              │actor_training=21.631                  │cal_adv_and_returns=0.013             │
│env/compute_bootstrap_rewards=0.0015   │env/env/bootstrap_step=852.7           │env/env/send_rollout_trajectories=0.7…│
│env/env_interact_step=356.4            │env/interact=1227.7                    │env/run_interact_once=1227.7          │
│generate_rollouts=1230.4               │rollout/generate_one_epoch=1226.1      │rollout/predict=14.200                │
│rollout/rollout/generate=1230.3        │rollout/sync_model_from_actor=5.753    │step=1257.8                           │
│sync_weights=5.756                     │                                       │                                      │
│                                                                                                                      │
├──────────────────────────────────────────────────── Environment ─────────────────────────────────────────────────────┤
│                                                                                                                      │
│episode_len=200.0                      │num_trajectories=256                   │return=0.45703125                     │
│reward=0.0022851562                    │success_once=0.45703125                │                                      │
│                                                                                                                      │
├────────────────────────────────────────────────────── Rollout ───────────────────────────────────────────────────────┤
│                                                                                                                      │
│advantages_max=2.475                   │advantages_mean=-0.065                 │advantages_min=-2.475                 │
│rewards=0.0023                         │                                       │                                      │
│                                                                                                                      │
├─────────────────────────────────────────────────── Training/Actor ───────────────────────────────────────────────────┤
│                                                                                                                      │
│actor/approx_kl=0.024                  │actor/clip_fraction=0.0021             │actor/clipped_ratio=1.000             │
│actor/dual_cliped_ratio=0.0000         │actor/dvac_current_mean=-7.383         │actor/dvac_current_std=0.588          │
│actor/dvac_history_mean=-7.378         │actor/dvac_history_std=0.601           │actor/dvac_warmup=0.0000              │
│actor/dvac_weight_ess_fraction=0.948   │actor/dvac_weight_mean=0.997           │actor/dvac_weight_sq_mean=1.048       │
│actor/dvac_z_high_clip_fraction=0.023  │actor/dvac_z_low_clip_fraction=0.022   │actor/entropy_loss=0.0000             │
│actor/grad_norm=30.276                 │actor/lr=5.00e-06                      │actor/policy_loss=0.793               │
│actor/policy_loss_abs=37.515           │actor/ratio=1.000                      │actor/ratio_abs=0.011                 │
│actor/total_loss=0.050                 │                                       │                                      │
│                                                                                                                      │
╰──────────────────────────────────────────────────────────────────────────────────────────────────────────────────────╯


╭──────────────────────────────────────────────────────────────────────────────────────────────────────────────────────╮
├──────────────────────────────────────────────────── Metric Table ────────────────────────────────────────────────────┤
│ Global Step:   14/200 │ Progress: ██░░░░░░░░░░░░░░░░░░░░░░░░░░░░░░░░░░░░░░ │   7.0%                                  │
│ Elapsed: 05:09:32 │ ETA: 68:32:29 │ Step Time: 1326.610s                                                             │
├──────────────────────────────────────────────────────── Time ────────────────────────────────────────────────────────┤
│                                                                                                                      │
│actor/actor/compute_adv=0.0072         │actor/actor/recv_traj=1251.4           │actor/actor/sync_model_to_rollout=2.0…│
│actor/run_training=22.884              │actor_training=22.888                  │cal_adv_and_returns=0.014             │
│env/compute_bootstrap_rewards=0.0016   │env/env/bootstrap_step=876.3           │env/env/send_rollout_trajectories=1.1…│
│env/env_interact_step=359.7            │env/interact=1250.4                    │env/run_interact_once=1250.4          │
│generate_rollouts=1254.4               │rollout/generate_one_epoch=1248.3      │rollout/predict=14.462                │
│rollout/rollout/generate=1254.3        │rollout/sync_model_from_actor=4.646    │step=1281.9                           │
│sync_weights=4.648                     │                                       │                                      │
│                                                                                                                      │
├──────────────────────────────────────────────────── Environment ─────────────────────────────────────────────────────┤
│                                                                                                                      │
│episode_len=200.0                      │num_trajectories=256                   │return=0.4765625                      │
│reward=0.0023828123                    │success_once=0.4765625                 │                                      │
│                                                                                                                      │
├────────────────────────────────────────────────────── Rollout ───────────────────────────────────────────────────────┤
│                                                                                                                      │
│advantages_max=2.475                   │advantages_mean=-0.067                 │advantages_min=-2.475                 │
│rewards=0.0026                         │                                       │                                      │
│                                                                                                                      │
├─────────────────────────────────────────────────── Training/Actor ───────────────────────────────────────────────────┤
│                                                                                                                      │
│actor/approx_kl=0.018                  │actor/clip_fraction=9.28e-04           │actor/clipped_ratio=1.000             │
│actor/dual_cliped_ratio=0.0000         │actor/dvac_current_mean=-7.412         │actor/dvac_current_std=0.606          │
│actor/dvac_history_mean=-7.365         │actor/dvac_history_std=0.599           │actor/dvac_warmup=0.0000              │
│actor/dvac_weight_ess_fraction=0.943   │actor/dvac_weight_mean=0.981           │actor/dvac_weight_sq_mean=1.021       │
│actor/dvac_z_high_clip_fraction=0.019  │actor/dvac_z_low_clip_fraction=0.033   │actor/entropy_loss=0.0000             │
│actor/grad_norm=17.361                 │actor/lr=5.00e-06                      │actor/policy_loss=0.297               │
│actor/policy_loss_abs=36.881           │actor/ratio=1.000                      │actor/ratio_abs=0.0056                │
│actor/total_loss=0.019                 │                                       │                                      │
│                                                                                                                      │
╰──────────────────────────────────────────────────────────────────────────────────────────────────────────────────────╯


╭──────────────────────────────────────────────────────────────────────────────────────────────────────────────────────╮
├──────────────────────────────────────────────────── Metric Table ────────────────────────────────────────────────────┤
│ Global Step:   15/200 │ Progress: ███░░░░░░░░░░░░░░░░░░░░░░░░░░░░░░░░░░░░░ │   7.5%                                  │
│ Elapsed: 05:34:34 │ ETA: 68:46:22 │ Step Time: 1338.286s                                                             │
├──────────────────────────────────────────────────────── Time ────────────────────────────────────────────────────────┤
│                                                                                                                      │
│actor/actor/compute_adv=0.0061         │actor/actor/recv_traj=1227.7           │actor/actor/sync_model_to_rollout=4.3…│
│actor/run_training=21.725              │actor_training=21.728                  │cal_adv_and_returns=0.011             │
│env/compute_bootstrap_rewards=0.0016   │env/env/bootstrap_step=848.4           │env/env/send_rollout_trajectories=0.7…│
│env/env_interact_step=365.2            │env/evaluate=239.7                     │env/interact=1226.9                   │
│env/run_interact_once=1226.9           │eval=244.8                             │generate_rollouts=1229.6              │
│rollout/evaluate=134.2                 │rollout/generate_one_epoch=1225.1      │rollout/predict=15.991                │
│rollout/rollout/generate=1229.6        │rollout/sync_model_from_actor=10.611   │step=1501.7                           │
│sync_weights=5.631                     │                                       │                                      │
│                                                                                                                      │
├──────────────────────────────────────────────────── Environment ─────────────────────────────────────────────────────┤
│                                                                                                                      │
│episode_len=200.0                      │num_trajectories=256                   │return=0.52734375                     │
│reward=0.0026367186                    │success_once=0.52734375                │                                      │
│                                                                                                                      │
├────────────────────────────────────────────────────── Rollout ───────────────────────────────────────────────────────┤
│                                                                                                                      │
│advantages_max=2.475                   │advantages_mean=-0.074                 │advantages_min=-2.475                 │
│rewards=0.0029                         │                                       │                                      │
│                                                                                                                      │
├───────────────────────────────────────────────────── Evaluation ─────────────────────────────────────────────────────┤
│                                                                                                                      │
│episode_len=200.0                      │num_trajectories=32                    │return=0.59375                        │
│reward=0.0029687497                    │success_at_end=0.59375                 │success_once=0.59375                  │
│                                                                                                                      │
├─────────────────────────────────────────────────── Training/Actor ───────────────────────────────────────────────────┤
│                                                                                                                      │
│actor/approx_kl=0.034                  │actor/clip_fraction=0.0018             │actor/clipped_ratio=1.000             │
│actor/dual_cliped_ratio=0.0000         │actor/dvac_current_mean=-7.346         │actor/dvac_current_std=0.640          │
│actor/dvac_history_mean=-7.384         │actor/dvac_history_std=0.608           │actor/dvac_warmup=0.0000              │
│actor/dvac_weight_ess_fraction=0.943   │actor/dvac_weight_mean=1.015           │actor/dvac_weight_sq_mean=1.093       │
│actor/dvac_z_high_clip_fraction=0.028  │actor/dvac_z_low_clip_fraction=0.032   │actor/entropy_loss=0.0000             │
│actor/grad_norm=25.331                 │actor/lr=5.00e-06                      │actor/policy_loss=0.595               │
│actor/policy_loss_abs=38.990           │actor/ratio=1.000                      │actor/ratio_abs=0.010                 │
│actor/total_loss=0.037                 │                                       │                                      │
│                                                                                                                      │
╰──────────────────────────────────────────────────────────────────────────────────────────────────────────────────────╯


╭──────────────────────────────────────────────────────────────────────────────────────────────────────────────────────╮
├──────────────────────────────────────────────────── Metric Table ────────────────────────────────────────────────────┤
│ Global Step:   16/200 │ Progress: ███░░░░░░░░░░░░░░░░░░░░░░░░░░░░░░░░░░░░░ │   8.0%                                  │
│ Elapsed: 05:55:00 │ ETA: 68:02:37 │ Step Time: 1331.293s                                                             │
├──────────────────────────────────────────────────────── Time ────────────────────────────────────────────────────────┤
│                                                                                                                      │
│actor/actor/compute_adv=0.0079         │actor/actor/recv_traj=1196.2           │actor/actor/sync_model_to_rollout=1.7…│
│actor/run_training=25.185              │actor_training=25.190                  │cal_adv_and_returns=0.015             │
│env/compute_bootstrap_rewards=0.0015   │env/env/bootstrap_step=830.4           │env/env/send_rollout_trajectories=1.1…│
│env/env_interact_step=346.9            │env/interact=1195.2                    │env/run_interact_once=1195.2          │
│generate_rollouts=1199.4               │rollout/generate_one_epoch=1192.7      │rollout/predict=14.300                │
│rollout/rollout/generate=1199.4        │rollout/sync_model_from_actor=1.629    │step=1226.4                           │
│sync_weights=1.763                     │                                       │                                      │
│                                                                                                                      │
├──────────────────────────────────────────────────── Environment ─────────────────────────────────────────────────────┤
│                                                                                                                      │
│episode_len=200.0                      │num_trajectories=256                   │return=0.5703125                      │
│reward=0.0028515623                    │success_once=0.5703125                 │                                      │
│                                                                                                                      │
├────────────────────────────────────────────────────── Rollout ───────────────────────────────────────────────────────┤
│                                                                                                                      │
│advantages_max=2.475                   │advantages_mean=-0.071                 │advantages_min=-2.475                 │
│rewards=0.0028                         │                                       │                                      │
│                                                                                                                      │
├─────────────────────────────────────────────────── Training/Actor ───────────────────────────────────────────────────┤
│                                                                                                                      │
│actor/approx_kl=0.0051                 │actor/clip_fraction=4.04e-04           │actor/clipped_ratio=1.000             │
│actor/dual_cliped_ratio=0.0000         │actor/dvac_current_mean=-7.351         │actor/dvac_current_std=0.578          │
│actor/dvac_history_mean=-7.390         │actor/dvac_history_std=0.617           │actor/dvac_warmup=0.0000              │
│actor/dvac_weight_ess_fraction=0.953   │actor/dvac_weight_mean=1.016           │actor/dvac_weight_sq_mean=1.082       │
│actor/dvac_z_high_clip_fraction=0.017  │actor/dvac_z_low_clip_fraction=0.021   │actor/entropy_loss=0.0000             │
│actor/grad_norm=16.006                 │actor/lr=5.00e-06                      │actor/policy_loss=0.557               │
│actor/policy_loss_abs=36.377           │actor/ratio=1.000                      │actor/ratio_abs=0.0045                │
│actor/total_loss=0.035                 │                                       │                                      │
│                                                                                                                      │
╰──────────────────────────────────────────────────────────────────────────────────────────────────────────────────────╯


╭──────────────────────────────────────────────────────────────────────────────────────────────────────────────────────╮
├──────────────────────────────────────────────────── Metric Table ────────────────────────────────────────────────────┤
│ Global Step:   17/200 │ Progress: ███░░░░░░░░░░░░░░░░░░░░░░░░░░░░░░░░░░░░░ │   8.5%                                  │
│ Elapsed: 06:16:09 │ ETA: 67:29:10 │ Step Time: 1327.599s                                                             │
├──────────────────────────────────────────────────────── Time ────────────────────────────────────────────────────────┤
│                                                                                                                      │
│actor/actor/compute_adv=0.0048         │actor/actor/recv_traj=1239.7           │actor/actor/sync_model_to_rollout=2.6…│
│actor/run_training=21.424              │actor_training=21.427                  │cal_adv_and_returns=0.0093            │
│env/compute_bootstrap_rewards=0.0016   │env/env/bootstrap_step=861.8           │env/env/send_rollout_trajectories=1.2…│
│env/env_interact_step=356.9            │env/interact=1238.8                    │env/run_interact_once=1238.8          │
│generate_rollouts=1241.6               │rollout/generate_one_epoch=1236.5      │rollout/predict=14.361                │
│rollout/rollout/generate=1241.6        │rollout/sync_model_from_actor=5.378    │step=1268.5                           │
│sync_weights=5.382                     │                                       │                                      │
│                                                                                                                      │
├──────────────────────────────────────────────────── Environment ─────────────────────────────────────────────────────┤
│                                                                                                                      │
│episode_len=200.0                      │num_trajectories=256                   │return=0.640625                       │
│reward=0.0032031252                    │success_once=0.640625                  │                                      │
│                                                                                                                      │
├────────────────────────────────────────────────────── Rollout ───────────────────────────────────────────────────────┤
│                                                                                                                      │
│advantages_max=2.475                   │advantages_mean=-0.079                 │advantages_min=-2.475                 │
│rewards=0.0037                         │                                       │                                      │
│                                                                                                                      │
├─────────────────────────────────────────────────── Training/Actor ───────────────────────────────────────────────────┤
│                                                                                                                      │
│actor/approx_kl=0.0031                 │actor/clip_fraction=5.51e-04           │actor/clipped_ratio=1.000             │
│actor/dual_cliped_ratio=0.0000         │actor/dvac_current_mean=-7.389         │actor/dvac_current_std=0.613          │
│actor/dvac_history_mean=-7.385         │actor/dvac_history_std=0.610           │actor/dvac_warmup=0.0000              │
│actor/dvac_weight_ess_fraction=0.945   │actor/dvac_weight_mean=0.998           │actor/dvac_weight_sq_mean=1.055       │
│actor/dvac_z_high_clip_fraction=0.019  │actor/dvac_z_low_clip_fraction=0.027   │actor/entropy_loss=0.0000             │
│actor/grad_norm=13.447                 │actor/lr=5.00e-06                      │actor/policy_loss=0.503               │
│actor/policy_loss_abs=33.933           │actor/ratio=1.000                      │actor/ratio_abs=0.0053                │
│actor/total_loss=0.031                 │                                       │                                      │
│                                                                                                                      │
╰──────────────────────────────────────────────────────────────────────────────────────────────────────────────────────╯


╭──────────────────────────────────────────────────────────────────────────────────────────────────────────────────────╮
├──────────────────────────────────────────────────── Metric Table ────────────────────────────────────────────────────┤
│ Global Step:   18/200 │ Progress: ███░░░░░░░░░░░░░░░░░░░░░░░░░░░░░░░░░░░░░ │   9.0%                                  │
│ Elapsed: 06:36:18 │ ETA: 66:47:02 │ Step Time: 1321.001s                                                             │
├──────────────────────────────────────────────────────── Time ────────────────────────────────────────────────────────┤
│                                                                                                                      │
│actor/actor/compute_adv=0.0062         │actor/actor/recv_traj=1177.1           │actor/actor/sync_model_to_rollout=1.9…│
│actor/run_training=23.927              │actor_training=23.932                  │cal_adv_and_returns=0.012             │
│env/compute_bootstrap_rewards=0.0014   │env/env/bootstrap_step=814.1           │env/env/send_rollout_trajectories=1.2…│
│env/env_interact_step=354.6            │env/interact=1176.1                    │env/run_interact_once=1176.1          │
│generate_rollouts=1180.0               │rollout/generate_one_epoch=1174.0      │rollout/predict=14.337                │
│rollout/rollout/generate=1179.9        │rollout/sync_model_from_actor=4.894    │step=1208.8                           │
│sync_weights=4.896                     │                                       │                                      │
│                                                                                                                      │
├──────────────────────────────────────────────────── Environment ─────────────────────────────────────────────────────┤
│                                                                                                                      │
│episode_len=200.0                      │num_trajectories=256                   │return=0.57421875                     │
│reward=0.0028710936                    │success_once=0.57421875                │                                      │
│                                                                                                                      │
├────────────────────────────────────────────────────── Rollout ───────────────────────────────────────────────────────┤
│                                                                                                                      │
│advantages_max=2.475                   │advantages_mean=-0.077                 │advantages_min=-2.475                 │
│rewards=0.0032                         │                                       │                                      │
│                                                                                                                      │
├─────────────────────────────────────────────────── Training/Actor ───────────────────────────────────────────────────┤
│                                                                                                                      │
│actor/approx_kl=0.012                  │actor/clip_fraction=0.0017             │actor/clipped_ratio=1.000             │
│actor/dual_cliped_ratio=0.0000         │actor/dvac_current_mean=-7.358         │actor/dvac_current_std=0.630          │
│actor/dvac_history_mean=-7.376         │actor/dvac_history_std=0.606           │actor/dvac_warmup=0.0000              │
│actor/dvac_weight_ess_fraction=0.943   │actor/dvac_weight_mean=1.005           │actor/dvac_weight_sq_mean=1.072       │
│actor/dvac_z_high_clip_fraction=0.030  │actor/dvac_z_low_clip_fraction=0.022   │actor/entropy_loss=0.0000             │
│actor/grad_norm=24.107                 │actor/lr=5.00e-06                      │actor/policy_loss=1.000               │
│actor/policy_loss_abs=38.810           │actor/ratio=1.000                      │actor/ratio_abs=0.0095                │
│actor/total_loss=0.062                 │                                       │                                      │
│                                                                                                                      │
╰──────────────────────────────────────────────────────────────────────────────────────────────────────────────────────╯


╭──────────────────────────────────────────────────────────────────────────────────────────────────────────────────────╮
├──────────────────────────────────────────────────── Metric Table ────────────────────────────────────────────────────┤
│ Global Step:   19/200 │ Progress: ███░░░░░░░░░░░░░░░░░░░░░░░░░░░░░░░░░░░░░ │   9.5%                                  │
│ Elapsed: 06:56:32 │ ETA: 66:08:02 │ Step Time: 1315.374s                                                             │
├──────────────────────────────────────────────────────── Time ────────────────────────────────────────────────────────┤
│                                                                                                                      │
│actor/actor/compute_adv=0.0050         │actor/actor/recv_traj=1184.8           │actor/actor/sync_model_to_rollout=2.5…│
│actor/run_training=21.277              │actor_training=21.281                  │cal_adv_and_returns=0.011             │
│env/compute_bootstrap_rewards=0.0014   │env/env/bootstrap_step=829.4           │env/env/send_rollout_trajectories=0.8…│
│env/env_interact_step=345.7            │env/interact=1184.0                    │env/run_interact_once=1184.0          │
│generate_rollouts=1186.7               │rollout/generate_one_epoch=1182.0      │rollout/predict=14.222                │
│rollout/rollout/generate=1186.6        │rollout/sync_model_from_actor=6.087    │step=1214.1                           │
│sync_weights=6.091                     │                                       │                                      │
│                                                                                                                      │
├──────────────────────────────────────────────────── Environment ─────────────────────────────────────────────────────┤
│                                                                                                                      │
│episode_len=200.0                      │num_trajectories=256                   │return=0.51171875                     │
│reward=0.0025585936                    │success_once=0.51171875                │                                      │
│                                                                                                                      │
├────────────────────────────────────────────────────── Rollout ───────────────────────────────────────────────────────┤
│                                                                                                                      │
│advantages_max=2.475                   │advantages_mean=-0.075                 │advantages_min=-2.475                 │
│rewards=0.0026                         │                                       │                                      │
│                                                                                                                      │
├─────────────────────────────────────────────────── Training/Actor ───────────────────────────────────────────────────┤
│                                                                                                                      │
│actor/approx_kl=0.018                  │actor/clip_fraction=0.0013             │actor/clipped_ratio=1.000             │
│actor/dual_cliped_ratio=0.0000         │actor/dvac_current_mean=-7.319         │actor/dvac_current_std=0.629          │
│actor/dvac_history_mean=-7.371         │actor/dvac_history_std=0.614           │actor/dvac_warmup=0.0000              │
│actor/dvac_weight_ess_fraction=0.945   │actor/dvac_weight_mean=1.019           │actor/dvac_weight_sq_mean=1.098       │
│actor/dvac_z_high_clip_fraction=0.030  │actor/dvac_z_low_clip_fraction=0.017   │actor/entropy_loss=0.0000             │
│actor/grad_norm=23.710                 │actor/lr=5.00e-06                      │actor/policy_loss=0.729               │
│actor/policy_loss_abs=39.130           │actor/ratio=1.000                      │actor/ratio_abs=0.0084                │
│actor/total_loss=0.046                 │                                       │                                      │
│                                                                                                                      │
╰──────────────────────────────────────────────────────────────────────────────────────────────────────────────────────╯


╭──────────────────────────────────────────────────────────────────────────────────────────────────────────────────────╮
├──────────────────────────────────────────────────── Metric Table ────────────────────────────────────────────────────┤
│ Global Step:   20/200 │ Progress: ████░░░░░░░░░░░░░░░░░░░░░░░░░░░░░░░░░░░░ │  10.0%                                  │
│ Elapsed: 07:22:45 │ ETA: 66:24:53 │ Step Time: 1328.296s                                                             │
├──────────────────────────────────────────────────────── Time ────────────────────────────────────────────────────────┤
│                                                                                                                      │
│actor/actor/compute_adv=0.0081         │actor/actor/recv_traj=1204.2           │actor/actor/sync_model_to_rollout=4.5…│
│actor/run_training=25.014              │actor_training=25.019                  │cal_adv_and_returns=0.015             │
│env/compute_bootstrap_rewards=0.0017   │env/env/bootstrap_step=809.2           │env/env/send_rollout_trajectories=1.0…│
│env/env_interact_step=374.2            │env/evaluate=303.6                     │env/interact=1203.2                   │
│env/run_interact_once=1203.2           │eval=309.2                             │generate_rollouts=1207.4              │
│rollout/evaluate=163.2                 │rollout/generate_one_epoch=1201.0      │rollout/predict=16.244                │
│rollout/rollout/generate=1207.4        │rollout/sync_model_from_actor=10.324   │step=1573.8                           │
│sync_weights=4.706                     │                                       │                                      │
│                                                                                                                      │
├──────────────────────────────────────────────────── Environment ─────────────────────────────────────────────────────┤
│                                                                                                                      │
│episode_len=200.0                      │num_trajectories=256                   │return=0.55078125                     │
│reward=0.002753906                     │success_once=0.55078125                │                                      │
│                                                                                                                      │
├────────────────────────────────────────────────────── Rollout ───────────────────────────────────────────────────────┤
│                                                                                                                      │
│advantages_max=2.475                   │advantages_mean=-0.071                 │advantages_min=-1.620                 │
│rewards=0.0030                         │                                       │                                      │
│                                                                                                                      │
├───────────────────────────────────────────────────── Evaluation ─────────────────────────────────────────────────────┤
│                                                                                                                      │
│episode_len=200.0                      │num_trajectories=32                    │return=0.46875                        │
│reward=0.0023437496                    │success_at_end=0.46875                 │success_once=0.46875                  │
│                                                                                                                      │
├─────────────────────────────────────────────────── Training/Actor ───────────────────────────────────────────────────┤
│                                                                                                                      │
│actor/approx_kl=0.0083                 │actor/clip_fraction=9.54e-04           │actor/clipped_ratio=1.000             │
│actor/dual_cliped_ratio=0.0000         │actor/dvac_current_mean=-7.130         │actor/dvac_current_std=0.585          │
│actor/dvac_history_mean=-7.353         │actor/dvac_history_std=0.619           │actor/dvac_warmup=0.0000              │
│actor/dvac_weight_ess_fraction=0.959   │actor/dvac_weight_mean=1.086           │actor/dvac_weight_sq_mean=1.230       │
│actor/dvac_z_high_clip_fraction=0.039  │actor/dvac_z_low_clip_fraction=0.011   │actor/entropy_loss=0.0000             │
│actor/grad_norm=25.459                 │actor/lr=5.00e-06                      │actor/policy_loss=0.669               │
│actor/policy_loss_abs=44.995           │actor/ratio=1.000                      │actor/ratio_abs=0.0083                │
│actor/total_loss=0.042                 │                                       │                                      │
│                                                                                                                      │
╰──────────────────────────────────────────────────────────────────────────────────────────────────────────────────────╯


╭──────────────────────────────────────────────────────────────────────────────────────────────────────────────────────╮
├──────────────────────────────────────────────────── Metric Table ────────────────────────────────────────────────────┤
│ Global Step:   21/200 │ Progress: ████░░░░░░░░░░░░░░░░░░░░░░░░░░░░░░░░░░░░ │  10.5%                                  │
│ Elapsed: 07:43:17 │ ETA: 65:49:02 │ Step Time: 1323.701s                                                             │
├──────────────────────────────────────────────────────── Time ────────────────────────────────────────────────────────┤
│                                                                                                                      │
│actor/actor/compute_adv=0.0077         │actor/actor/recv_traj=1203.5           │actor/actor/sync_model_to_rollout=1.6…│
│actor/run_training=23.412              │actor_training=23.417                  │cal_adv_and_returns=0.015             │
│env/compute_bootstrap_rewards=0.0014   │env/env/bootstrap_step=835.2           │env/env/send_rollout_trajectories=1.1…│
│env/env_interact_step=366.9            │env/interact=1202.5                    │env/run_interact_once=1202.5          │
│generate_rollouts=1206.7               │rollout/generate_one_epoch=1198.7      │rollout/predict=14.343                │
│rollout/rollout/generate=1206.7        │rollout/sync_model_from_actor=1.464    │step=1231.7                           │
│sync_weights=1.610                     │                                       │                                      │
│                                                                                                                      │
├──────────────────────────────────────────────────── Environment ─────────────────────────────────────────────────────┤
│                                                                                                                      │
│episode_len=200.0                      │num_trajectories=256                   │return=0.5625                         │
│reward=0.0028124996                    │success_once=0.5625                    │                                      │
│                                                                                                                      │
├────────────────────────────────────────────────────── Rollout ───────────────────────────────────────────────────────┤
│                                                                                                                      │
│advantages_max=2.475                   │advantages_mean=-0.086                 │advantages_min=-2.475                 │
│rewards=0.0031                         │                                       │                                      │
│                                                                                                                      │
├─────────────────────────────────────────────────── Training/Actor ───────────────────────────────────────────────────┤
│                                                                                                                      │
│actor/approx_kl=0.029                  │actor/clip_fraction=0.0016             │actor/clipped_ratio=1.000             │
│actor/dual_cliped_ratio=0.0000         │actor/dvac_current_mean=-7.250         │actor/dvac_current_std=0.601          │
│actor/dvac_history_mean=-7.309         │actor/dvac_history_std=0.614           │actor/dvac_warmup=0.0000              │
│actor/dvac_weight_ess_fraction=0.950   │actor/dvac_weight_mean=1.022           │actor/dvac_weight_sq_mean=1.100       │
│actor/dvac_z_high_clip_fraction=0.024  │actor/dvac_z_low_clip_fraction=0.016   │actor/entropy_loss=0.0000             │
│actor/grad_norm=30.748                 │actor/lr=5.00e-06                      │actor/policy_loss=0.515               │
│actor/policy_loss_abs=35.795           │actor/ratio=1.000                      │actor/ratio_abs=0.011                 │
│actor/total_loss=0.032                 │                                       │                                      │
│                                                                                                                      │
╰──────────────────────────────────────────────────────────────────────────────────────────────────────────────────────╯


╭──────────────────────────────────────────────────────────────────────────────────────────────────────────────────────╮
├──────────────────────────────────────────────────── Metric Table ────────────────────────────────────────────────────┤
│ Global Step:   22/200 │ Progress: ████░░░░░░░░░░░░░░░░░░░░░░░░░░░░░░░░░░░░ │  11.0%                                  │
│ Elapsed: 08:04:27 │ ETA: 65:19:43 │ Step Time: 1321.256s                                                             │
├──────────────────────────────────────────────────────── Time ────────────────────────────────────────────────────────┤
│                                                                                                                      │
│actor/actor/compute_adv=0.0065         │actor/actor/recv_traj=1241.7           │actor/actor/sync_model_to_rollout=2.2…│
│actor/run_training=21.462              │actor_training=21.465                  │cal_adv_and_returns=0.011             │
│env/compute_bootstrap_rewards=0.0015   │env/env/bootstrap_step=844.4           │env/env/send_rollout_trajectories=0.7…│
│env/env_interact_step=377.5            │env/interact=1240.9                    │env/run_interact_once=1240.9          │
│generate_rollouts=1243.2               │rollout/generate_one_epoch=1239.2      │rollout/predict=14.236                │
│rollout/rollout/generate=1243.1        │rollout/sync_model_from_actor=5.264    │step=1269.9                           │
│sync_weights=5.267                     │                                       │                                      │
│                                                                                                                      │
├──────────────────────────────────────────────────── Environment ─────────────────────────────────────────────────────┤
│                                                                                                                      │
│episode_len=200.0                      │num_trajectories=256                   │return=0.4140625                      │
│reward=0.0020703124                    │success_once=0.4140625                 │                                      │
│                                                                                                                      │
├────────────────────────────────────────────────────── Rollout ───────────────────────────────────────────────────────┤
│                                                                                                                      │
│advantages_max=2.475                   │advantages_mean=-0.079                 │advantages_min=-2.475                 │
│rewards=0.0024                         │                                       │                                      │
│                                                                                                                      │
├─────────────────────────────────────────────────── Training/Actor ───────────────────────────────────────────────────┤
│                                                                                                                      │
│actor/approx_kl=0.024                  │actor/clip_fraction=0.0017             │actor/clipped_ratio=1.000             │
│actor/dual_cliped_ratio=0.0000         │actor/dvac_current_mean=-7.325         │actor/dvac_current_std=0.615          │
│actor/dvac_history_mean=-7.289         │actor/dvac_history_std=0.619           │actor/dvac_warmup=0.0000              │
│actor/dvac_weight_ess_fraction=0.944   │actor/dvac_weight_mean=0.985           │actor/dvac_weight_sq_mean=1.028       │
│actor/dvac_z_high_clip_fraction=0.018  │actor/dvac_z_low_clip_fraction=0.018   │actor/entropy_loss=0.0000             │
│actor/grad_norm=23.422                 │actor/lr=5.00e-06                      │actor/policy_loss=0.369               │
│actor/policy_loss_abs=34.669           │actor/ratio=1.000                      │actor/ratio_abs=0.0086                │
│actor/total_loss=0.023                 │                                       │                                      │
│                                                                                                                      │
╰──────────────────────────────────────────────────────────────────────────────────────────────────────────────────────╯


╭──────────────────────────────────────────────────────────────────────────────────────────────────────────────────────╮
├──────────────────────────────────────────────────── Metric Table ────────────────────────────────────────────────────┤
│ Global Step:   23/200 │ Progress: ████░░░░░░░░░░░░░░░░░░░░░░░░░░░░░░░░░░░░ │  11.5%                                  │
│ Elapsed: 08:24:45 │ ETA: 64:44:29 │ Step Time: 1316.779s                                                             │
├──────────────────────────────────────────────────────── Time ────────────────────────────────────────────────────────┤
│                                                                                                                      │
│actor/actor/compute_adv=0.0068         │actor/actor/recv_traj=1187.0           │actor/actor/sync_model_to_rollout=2.0…│
│actor/run_training=24.550              │actor_training=24.555                  │cal_adv_and_returns=0.013             │
│env/compute_bootstrap_rewards=0.0016   │env/env/bootstrap_step=790.5           │env/env/send_rollout_trajectories=0.9…│
│env/env_interact_step=385.6            │env/interact=1186.2                    │env/run_interact_once=1186.2          │
│generate_rollouts=1188.9               │rollout/generate_one_epoch=1184.3      │rollout/predict=14.396                │
│rollout/rollout/generate=1188.8        │rollout/sync_model_from_actor=4.808    │step=1218.2                           │
│sync_weights=4.811                     │                                       │                                      │
│                                                                                                                      │
├──────────────────────────────────────────────────── Environment ─────────────────────────────────────────────────────┤
│                                                                                                                      │
│episode_len=200.0                      │num_trajectories=256                   │return=0.546875                       │
│reward=0.002734375                     │success_once=0.546875                  │                                      │
│                                                                                                                      │
├────────────────────────────────────────────────────── Rollout ───────────────────────────────────────────────────────┤
│                                                                                                                      │
│advantages_max=2.475                   │advantages_mean=-0.070                 │advantages_min=-2.475                 │
│rewards=0.0029                         │                                       │                                      │
│                                                                                                                      │
├─────────────────────────────────────────────────── Training/Actor ───────────────────────────────────────────────────┤
│                                                                                                                      │
│actor/approx_kl=0.041                  │actor/clip_fraction=0.0028             │actor/clipped_ratio=1.000             │
│actor/dual_cliped_ratio=0.0000         │actor/dvac_current_mean=-7.258         │actor/dvac_current_std=0.588          │
│actor/dvac_history_mean=-7.276         │actor/dvac_history_std=0.618           │actor/dvac_warmup=0.0000              │
│actor/dvac_weight_ess_fraction=0.950   │actor/dvac_weight_mean=1.007           │actor/dvac_weight_sq_mean=1.066       │
│actor/dvac_z_high_clip_fraction=0.016  │actor/dvac_z_low_clip_fraction=0.015   │actor/entropy_loss=0.0000             │
│actor/grad_norm=29.873                 │actor/lr=5.00e-06                      │actor/policy_loss=0.300               │
│actor/policy_loss_abs=32.225           │actor/ratio=1.000                      │actor/ratio_abs=0.013                 │
│actor/total_loss=0.019                 │                                       │                                      │
│                                                                                                                      │
╰──────────────────────────────────────────────────────────────────────────────────────────────────────────────────────╯


╭──────────────────────────────────────────────────────────────────────────────────────────────────────────────────────╮
├──────────────────────────────────────────────────── Metric Table ────────────────────────────────────────────────────┤
│ Global Step:   24/200 │ Progress: ████░░░░░░░░░░░░░░░░░░░░░░░░░░░░░░░░░░░░ │  12.0%                                  │
│ Elapsed: 08:46:06 │ ETA: 64:18:10 │ Step Time: 1315.286s                                                             │
├──────────────────────────────────────────────────────── Time ────────────────────────────────────────────────────────┤
│                                                                                                                      │
│actor/actor/compute_adv=0.0067         │actor/actor/recv_traj=1249.1           │actor/actor/sync_model_to_rollout=2.4…│
│actor/run_training=23.240              │actor_training=23.246                  │cal_adv_and_returns=0.013             │
│env/compute_bootstrap_rewards=0.0016   │env/env/bootstrap_step=871.2           │env/env/send_rollout_trajectories=1.0…│
│env/env_interact_step=358.4            │env/interact=1248.1                    │env/run_interact_once=1248.1          │
│generate_rollouts=1252.3               │rollout/generate_one_epoch=1246.0      │rollout/predict=14.418                │
│rollout/rollout/generate=1252.3        │rollout/sync_model_from_actor=5.354    │step=1280.9                           │
│sync_weights=5.357                     │                                       │                                      │
│                                                                                                                      │
├──────────────────────────────────────────────────── Environment ─────────────────────────────────────────────────────┤
│                                                                                                                      │
│episode_len=200.0                      │num_trajectories=256                   │return=0.48828125                     │
│reward=0.0024414062                    │success_once=0.48828125                │                                      │
│                                                                                                                      │
├────────────────────────────────────────────────────── Rollout ───────────────────────────────────────────────────────┤
│                                                                                                                      │
│advantages_max=2.475                   │advantages_mean=-0.086                 │advantages_min=-2.475                 │
│rewards=0.0029                         │                                       │                                      │
│                                                                                                                      │
├─────────────────────────────────────────────────── Training/Actor ───────────────────────────────────────────────────┤
│                                                                                                                      │
│actor/approx_kl=0.016                  │actor/clip_fraction=4.34e-04           │actor/clipped_ratio=1.000             │
│actor/dual_cliped_ratio=0.0000         │actor/dvac_current_mean=-7.074         │actor/dvac_current_std=0.584          │
│actor/dvac_history_mean=-7.256         │actor/dvac_history_std=0.608           │actor/dvac_warmup=0.0000              │
│actor/dvac_weight_ess_fraction=0.956   │actor/dvac_weight_mean=1.072           │actor/dvac_weight_sq_mean=1.203       │
│actor/dvac_z_high_clip_fraction=0.030  │actor/dvac_z_low_clip_fraction=0.0073  │actor/entropy_loss=0.0000             │
│actor/grad_norm=22.219                 │actor/lr=5.00e-06                      │actor/policy_loss=0.406               │
│actor/policy_loss_abs=44.239           │actor/ratio=1.000                      │actor/ratio_abs=0.0072                │
│actor/total_loss=0.025                 │                                       │                                      │
│                                                                                                                      │
╰──────────────────────────────────────────────────────────────────────────────────────────────────────────────────────╯


╭──────────────────────────────────────────────────────────────────────────────────────────────────────────────────────╮
├──────────────────────────────────────────────────── Metric Table ────────────────────────────────────────────────────┤
│ Global Step:   25/200 │ Progress: █████░░░░░░░░░░░░░░░░░░░░░░░░░░░░░░░░░░░ │  12.5%                                  │
│ Elapsed: 09:10:30 │ ETA: 64:13:33 │ Step Time: 1321.221s                                                             │
├──────────────────────────────────────────────────────── Time ────────────────────────────────────────────────────────┤
│                                                                                                                      │
│actor/actor/compute_adv=0.0058         │actor/actor/recv_traj=1170.8           │actor/actor/sync_model_to_rollout=4.5…│
│actor/run_training=21.640              │actor_training=21.643                  │cal_adv_and_returns=0.011             │
│env/compute_bootstrap_rewards=0.0014   │env/env/bootstrap_step=794.8           │env/env/send_rollout_trajectories=1.0…│
│env/env_interact_step=358.4            │env/evaluate=259.0                     │env/interact=1169.9                   │
│env/run_interact_once=1169.9           │eval=264.1                             │generate_rollouts=1172.7              │
│rollout/evaluate=140.0                 │rollout/generate_one_epoch=1167.7      │rollout/predict=16.140                │
│rollout/rollout/generate=1172.6        │rollout/sync_model_from_actor=10.045   │step=1463.6                           │
│sync_weights=5.244                     │                                       │                                      │
│                                                                                                                      │
├──────────────────────────────────────────────────── Environment ─────────────────────────────────────────────────────┤
│                                                                                                                      │
│episode_len=200.0                      │num_trajectories=256                   │return=0.53125                        │
│reward=0.0026562498                    │success_once=0.53125                   │                                      │
│                                                                                                                      │
├────────────────────────────────────────────────────── Rollout ───────────────────────────────────────────────────────┤
│                                                                                                                      │
│advantages_max=2.475                   │advantages_mean=-0.072                 │advantages_min=-2.475                 │
│rewards=0.0029                         │                                       │                                      │
│                                                                                                                      │
├───────────────────────────────────────────────────── Evaluation ─────────────────────────────────────────────────────┤
│                                                                                                                      │
│episode_len=200.0                      │num_trajectories=32                    │return=0.5625                         │
│reward=0.0028124999                    │success_at_end=0.5625                  │success_once=0.5625                   │
│                                                                                                                      │
├─────────────────────────────────────────────────── Training/Actor ───────────────────────────────────────────────────┤
│                                                                                                                      │
│actor/approx_kl=0.034                  │actor/clip_fraction=0.0031             │actor/clipped_ratio=1.000             │
│actor/dual_cliped_ratio=0.0000         │actor/dvac_current_mean=-7.097         │actor/dvac_current_std=0.580          │
│actor/dvac_history_mean=-7.208         │actor/dvac_history_std=0.602           │actor/dvac_warmup=0.0000              │
│actor/dvac_weight_ess_fraction=0.952   │actor/dvac_weight_mean=1.044           │actor/dvac_weight_sq_mean=1.144       │
│actor/dvac_z_high_clip_fraction=0.025  │actor/dvac_z_low_clip_fraction=0.0083  │actor/entropy_loss=0.0000             │
│actor/grad_norm=31.583                 │actor/lr=5.00e-06                      │actor/policy_loss=0.677               │
│actor/policy_loss_abs=35.892           │actor/ratio=1.000                      │actor/ratio_abs=0.012                 │
│actor/total_loss=0.042                 │                                       │                                      │
│                                                                                                                      │
╰──────────────────────────────────────────────────────────────────────────────────────────────────────────────────────╯


╭──────────────────────────────────────────────────────────────────────────────────────────────────────────────────────╮
├──────────────────────────────────────────────────── Metric Table ────────────────────────────────────────────────────┤
│ Global Step:   26/200 │ Progress: █████░░░░░░░░░░░░░░░░░░░░░░░░░░░░░░░░░░░ │  13.0%                                  │
│ Elapsed: 09:31:09 │ ETA: 63:42:24 │ Step Time: 1318.075s                                                             │
├──────────────────────────────────────────────────────── Time ────────────────────────────────────────────────────────┤
│                                                                                                                      │
│actor/actor/compute_adv=0.0067         │actor/actor/recv_traj=1211.6           │actor/actor/sync_model_to_rollout=1.8…│
│actor/run_training=23.381              │actor_training=23.386                  │cal_adv_and_returns=0.014             │
│env/compute_bootstrap_rewards=0.0014   │env/env/bootstrap_step=829.7           │env/env/send_rollout_trajectories=0.9…│
│env/env_interact_step=363.3            │env/interact=1210.9                    │env/run_interact_once=1210.9          │
│generate_rollouts=1214.1               │rollout/generate_one_epoch=1208.0      │rollout/predict=14.222                │
│rollout/rollout/generate=1214.1        │rollout/sync_model_from_actor=1.691    │step=1239.4                           │
│sync_weights=1.849                     │                                       │                                      │
│                                                                                                                      │
├──────────────────────────────────────────────────── Environment ─────────────────────────────────────────────────────┤
│                                                                                                                      │
│episode_len=200.0                      │num_trajectories=256                   │return=0.59765625                     │
│reward=0.0029882812                    │success_once=0.59765625                │                                      │
│                                                                                                                      │
├────────────────────────────────────────────────────── Rollout ───────────────────────────────────────────────────────┤
│                                                                                                                      │
│advantages_max=1.620                   │advantages_mean=-0.091                 │advantages_min=-2.475                 │
│rewards=0.0034                         │                                       │                                      │
│                                                                                                                      │
├─────────────────────────────────────────────────── Training/Actor ───────────────────────────────────────────────────┤
│                                                                                                                      │
│actor/approx_kl=0.024                  │actor/clip_fraction=0.0025             │actor/clipped_ratio=1.000             │
│actor/dual_cliped_ratio=0.0000         │actor/dvac_current_mean=-7.234         │actor/dvac_current_std=0.564          │
│actor/dvac_history_mean=-7.201         │actor/dvac_history_std=0.602           │actor/dvac_warmup=0.0000              │
│actor/dvac_weight_ess_fraction=0.949   │actor/dvac_weight_mean=0.985           │actor/dvac_weight_sq_mean=1.023       │
│actor/dvac_z_high_clip_fraction=0.015  │actor/dvac_z_low_clip_fraction=0.012   │actor/entropy_loss=0.0000             │
│actor/grad_norm=26.561                 │actor/lr=5.00e-06                      │actor/policy_loss=0.263               │
│actor/policy_loss_abs=33.142           │actor/ratio=1.000                      │actor/ratio_abs=0.011                 │
│actor/total_loss=0.016                 │                                       │                                      │
│                                                                                                                      │
╰──────────────────────────────────────────────────────────────────────────────────────────────────────────────────────╯


╭──────────────────────────────────────────────────────────────────────────────────────────────────────────────────────╮
├──────────────────────────────────────────────────── Metric Table ────────────────────────────────────────────────────┤
│ Global Step:   27/200 │ Progress: █████░░░░░░░░░░░░░░░░░░░░░░░░░░░░░░░░░░░ │  13.5%                                  │
│ Elapsed: 09:52:04 │ ETA: 63:13:40 │ Step Time: 1315.725s                                                             │
├──────────────────────────────────────────────────────── Time ────────────────────────────────────────────────────────┤
│                                                                                                                      │
│actor/actor/compute_adv=0.0064         │actor/actor/recv_traj=1225.6           │actor/actor/sync_model_to_rollout=2.3…│
│actor/run_training=21.743              │actor_training=21.747                  │cal_adv_and_returns=0.012             │
│env/compute_bootstrap_rewards=0.0016   │env/env/bootstrap_step=849.2           │env/env/send_rollout_trajectories=0.7…│
│env/env_interact_step=356.5            │env/interact=1224.8                    │env/run_interact_once=1224.8          │
│generate_rollouts=1227.4               │rollout/generate_one_epoch=1222.9      │rollout/predict=14.348                │
│rollout/rollout/generate=1227.3        │rollout/sync_model_from_actor=5.479    │step=1254.6                           │
│sync_weights=5.482                     │                                       │                                      │
│                                                                                                                      │
├──────────────────────────────────────────────────── Environment ─────────────────────────────────────────────────────┤
│                                                                                                                      │
│episode_len=200.0                      │num_trajectories=256                   │return=0.54296875                     │
│reward=0.0027148437                    │success_once=0.54296875                │                                      │
│                                                                                                                      │
├────────────────────────────────────────────────────── Rollout ───────────────────────────────────────────────────────┤
│                                                                                                                      │
│advantages_max=2.475                   │advantages_mean=-0.071                 │advantages_min=-2.475                 │
│rewards=0.0028                         │                                       │                                      │
│                                                                                                                      │
├─────────────────────────────────────────────────── Training/Actor ───────────────────────────────────────────────────┤
│                                                                                                                      │
│actor/approx_kl=0.0095                 │actor/clip_fraction=0.0014             │actor/clipped_ratio=1.000             │
│actor/dual_cliped_ratio=0.0000         │actor/dvac_current_mean=-7.130         │actor/dvac_current_std=0.563          │
│actor/dvac_history_mean=-7.198         │actor/dvac_history_std=0.594           │actor/dvac_warmup=0.0000              │
│actor/dvac_weight_ess_fraction=0.952   │actor/dvac_weight_mean=1.027           │actor/dvac_weight_sq_mean=1.107       │
│actor/dvac_z_high_clip_fraction=0.021  │actor/dvac_z_low_clip_fraction=0.0079  │actor/entropy_loss=0.0000             │
│actor/grad_norm=24.791                 │actor/lr=5.00e-06                      │actor/policy_loss=0.206               │
│actor/policy_loss_abs=35.509           │actor/ratio=1.000                      │actor/ratio_abs=0.0074                │
│actor/total_loss=0.013                 │                                       │                                      │
│                                                                                                                      │
╰──────────────────────────────────────────────────────────────────────────────────────────────────────────────────────╯


╭──────────────────────────────────────────────────────────────────────────────────────────────────────────────────────╮
├──────────────────────────────────────────────────── Metric Table ────────────────────────────────────────────────────┤
│ Global Step:   28/200 │ Progress: █████░░░░░░░░░░░░░░░░░░░░░░░░░░░░░░░░░░░ │  14.0%                                  │
│ Elapsed: 10:13:12 │ ETA: 62:46:50 │ Step Time: 1314.017s                                                             │
├──────────────────────────────────────────────────────── Time ────────────────────────────────────────────────────────┤
│                                                                                                                      │
│actor/actor/compute_adv=0.0067         │actor/actor/recv_traj=1239.3           │actor/actor/sync_model_to_rollout=1.9…│
│actor/run_training=21.580              │actor_training=21.585                  │cal_adv_and_returns=0.013             │
│env/compute_bootstrap_rewards=0.0015   │env/env/bootstrap_step=850.1           │env/env/send_rollout_trajectories=0.7…│
│env/env_interact_step=372.5            │env/interact=1238.6                    │env/run_interact_once=1238.6          │
│generate_rollouts=1241.3               │rollout/generate_one_epoch=1236.2      │rollout/predict=14.246                │
│rollout/rollout/generate=1241.3        │rollout/sync_model_from_actor=4.961    │step=1267.9                           │
│sync_weights=4.964                     │                                       │                                      │
│                                                                                                                      │
├──────────────────────────────────────────────────── Environment ─────────────────────────────────────────────────────┤
│                                                                                                                      │
│episode_len=200.0                      │num_trajectories=256                   │return=0.484375                       │
│reward=0.0024218748                    │success_once=0.484375                  │                                      │
│                                                                                                                      │
├────────────────────────────────────────────────────── Rollout ───────────────────────────────────────────────────────┤
│                                                                                                                      │
│advantages_max=2.475                   │advantages_mean=-0.062                 │advantages_min=-2.475                 │
│rewards=0.0028                         │                                       │                                      │
│                                                                                                                      │
├─────────────────────────────────────────────────── Training/Actor ───────────────────────────────────────────────────┤
│                                                                                                                      │
│actor/approx_kl=0.023                  │actor/clip_fraction=0.0021             │actor/clipped_ratio=1.000             │
│actor/dual_cliped_ratio=0.0000         │actor/dvac_current_mean=-7.026         │actor/dvac_current_std=0.548          │
│actor/dvac_history_mean=-7.159         │actor/dvac_history_std=0.580           │actor/dvac_warmup=0.0000              │
│actor/dvac_weight_ess_fraction=0.956   │actor/dvac_weight_mean=1.054           │actor/dvac_weight_sq_mean=1.163       │
│actor/dvac_z_high_clip_fraction=0.028  │actor/dvac_z_low_clip_fraction=0.0066  │actor/entropy_loss=0.0000             │
│actor/grad_norm=24.300                 │actor/lr=5.00e-06                      │actor/policy_loss=0.378               │
│actor/policy_loss_abs=37.502           │actor/ratio=1.000                      │actor/ratio_abs=0.011                 │
│actor/total_loss=0.024                 │                                       │                                      │
│                                                                                                                      │
╰──────────────────────────────────────────────────────────────────────────────────────────────────────────────────────╯


╭──────────────────────────────────────────────────────────────────────────────────────────────────────────────────────╮
├──────────────────────────────────────────────────── Metric Table ────────────────────────────────────────────────────┤
│ Global Step:   29/200 │ Progress: █████░░░░░░░░░░░░░░░░░░░░░░░░░░░░░░░░░░░ │  14.5%                                  │
│ Elapsed: 10:33:21 │ ETA: 62:14:37 │ Step Time: 1310.395s                                                             │
├──────────────────────────────────────────────────────── Time ────────────────────────────────────────────────────────┤
│                                                                                                                      │
│actor/actor/compute_adv=0.0067         │actor/actor/recv_traj=1180.4           │actor/actor/sync_model_to_rollout=2.0…│
│actor/run_training=21.904              │actor_training=21.908                  │cal_adv_and_returns=0.013             │
│env/compute_bootstrap_rewards=0.0016   │env/env/bootstrap_step=813.2           │env/env/send_rollout_trajectories=0.7…│
│env/env_interact_step=357.2            │env/interact=1179.7                    │env/run_interact_once=1179.7          │
│generate_rollouts=1181.9               │rollout/generate_one_epoch=1177.7      │rollout/predict=14.337                │
│rollout/rollout/generate=1181.9        │rollout/sync_model_from_actor=5.102    │step=1208.9                           │
│sync_weights=5.105                     │                                       │                                      │
│                                                                                                                      │
├──────────────────────────────────────────────────── Environment ─────────────────────────────────────────────────────┤
│                                                                                                                      │
│episode_len=200.0                      │num_trajectories=256                   │return=0.56640625                     │
│reward=0.002832031                     │success_once=0.56640625                │                                      │
│                                                                                                                      │
├────────────────────────────────────────────────────── Rollout ───────────────────────────────────────────────────────┤
│                                                                                                                      │
│advantages_max=2.475                   │advantages_mean=-0.066                 │advantages_min=-2.475                 │
│rewards=0.0032                         │                                       │                                      │
│                                                                                                                      │
├─────────────────────────────────────────────────── Training/Actor ───────────────────────────────────────────────────┤
│                                                                                                                      │
│actor/approx_kl=0.0048                 │actor/clip_fraction=1.25e-05           │actor/clipped_ratio=1.000             │
│actor/dual_cliped_ratio=0.0000         │actor/dvac_current_mean=-7.030         │actor/dvac_current_std=0.545          │
│actor/dvac_history_mean=-7.112         │actor/dvac_history_std=0.572           │actor/dvac_warmup=0.0000              │
│actor/dvac_weight_ess_fraction=0.953   │actor/dvac_weight_mean=1.034           │actor/dvac_weight_sq_mean=1.122       │
│actor/dvac_z_high_clip_fraction=0.023  │actor/dvac_z_low_clip_fraction=0.0090  │actor/entropy_loss=0.0000             │
│actor/grad_norm=15.736                 │actor/lr=5.00e-06                      │actor/policy_loss=0.111               │
│actor/policy_loss_abs=34.420           │actor/ratio=1.000                      │actor/ratio_abs=0.0063                │
│actor/total_loss=0.0070                │                                       │                                      │
│                                                                                                                      │
╰──────────────────────────────────────────────────────────────────────────────────────────────────────────────────────╯


╭──────────────────────────────────────────────────────────────────────────────────────────────────────────────────────╮
├──────────────────────────────────────────────────── Metric Table ────────────────────────────────────────────────────┤
│ Global Step:   30/200 │ Progress: ██████░░░░░░░░░░░░░░░░░░░░░░░░░░░░░░░░░░ │  15.0%                                  │
│ Elapsed: 10:59:21 │ ETA: 62:16:20 │ Step Time: 1318.709s                                                             │
├──────────────────────────────────────────────────────── Time ────────────────────────────────────────────────────────┤
│                                                                                                                      │
│actor/actor/compute_adv=0.0063         │actor/actor/recv_traj=1242.3           │actor/actor/sync_model_to_rollout=4.5…│
│actor/run_training=22.336              │actor_training=22.340                  │cal_adv_and_returns=0.012             │
│env/compute_bootstrap_rewards=0.0014   │env/env/bootstrap_step=864.9           │env/env/send_rollout_trajectories=1.1…│
│env/env_interact_step=357.8            │env/evaluate=251.6                     │env/interact=1241.6                   │
│env/run_interact_once=1241.6           │eval=256.6                             │generate_rollouts=1244.2              │
│rollout/evaluate=136.6                 │rollout/generate_one_epoch=1239.7      │rollout/predict=16.035                │
│rollout/rollout/generate=1244.2        │rollout/sync_model_from_actor=9.779    │step=1559.8                           │
│sync_weights=5.019                     │                                       │                                      │
│                                                                                                                      │
├──────────────────────────────────────────────────── Environment ─────────────────────────────────────────────────────┤
│                                                                                                                      │
│episode_len=200.0                      │num_trajectories=256                   │return=0.515625                       │
│reward=0.0025781249                    │success_once=0.515625                  │                                      │
│                                                                                                                      │
├────────────────────────────────────────────────────── Rollout ───────────────────────────────────────────────────────┤
│                                                                                                                      │
│advantages_max=2.475                   │advantages_mean=-0.086                 │advantages_min=-2.475                 │
│rewards=0.0033                         │                                       │                                      │
│                                                                                                                      │
├───────────────────────────────────────────────────── Evaluation ─────────────────────────────────────────────────────┤
│                                                                                                                      │
│episode_len=200.0                      │num_trajectories=32                    │return=0.625                          │
│reward=0.0031249998                    │success_at_end=0.625                   │success_once=0.625                    │
│                                                                                                                      │
├─────────────────────────────────────────────────── Training/Actor ───────────────────────────────────────────────────┤
│                                                                                                                      │
│actor/approx_kl=0.0069                 │actor/clip_fraction=0.0013             │actor/clipped_ratio=1.000             │
│actor/dual_cliped_ratio=0.0000         │actor/dvac_current_mean=-6.945         │actor/dvac_current_std=0.531          │
│actor/dvac_history_mean=-7.103         │actor/dvac_history_std=0.565           │actor/dvac_warmup=0.0000              │
│actor/dvac_weight_ess_fraction=0.957   │actor/dvac_weight_mean=1.067           │actor/dvac_weight_sq_mean=1.189       │
│actor/dvac_z_high_clip_fraction=0.030  │actor/dvac_z_low_clip_fraction=0.0052  │actor/entropy_loss=0.0000             │
│actor/grad_norm=23.830                 │actor/lr=5.00e-06                      │actor/policy_loss=0.229               │
│actor/policy_loss_abs=35.650           │actor/ratio=1.000                      │actor/ratio_abs=0.0076                │
│actor/total_loss=0.014                 │                                       │                                      │
│                                                                                                                      │
╰──────────────────────────────────────────────────────────────────────────────────────────────────────────────────────╯


╭──────────────────────────────────────────────────────────────────────────────────────────────────────────────────────╮
├──────────────────────────────────────────────────── Metric Table ────────────────────────────────────────────────────┤
│ Global Step:   31/200 │ Progress: ██████░░░░░░░░░░░░░░░░░░░░░░░░░░░░░░░░░░ │  15.5%                                  │
│ Elapsed: 11:19:43 │ ETA: 61:45:38 │ Step Time: 1315.612s                                                             │
├──────────────────────────────────────────────────────── Time ────────────────────────────────────────────────────────┤
│                                                                                                                      │
│actor/actor/compute_adv=0.0079         │actor/actor/recv_traj=1192.8           │actor/actor/sync_model_to_rollout=1.6…│
│actor/run_training=25.486              │actor_training=25.492                  │cal_adv_and_returns=0.015             │
│env/compute_bootstrap_rewards=0.0015   │env/env/bootstrap_step=810.9           │env/env/send_rollout_trajectories=1.4…│
│env/env_interact_step=361.7            │env/interact=1191.6                    │env/run_interact_once=1191.6          │
│generate_rollouts=1195.5               │rollout/generate_one_epoch=1188.0      │rollout/predict=14.245                │
│rollout/rollout/generate=1195.5        │rollout/sync_model_from_actor=1.462    │step=1222.7                           │
│sync_weights=1.619                     │                                       │                                      │
│                                                                                                                      │
├──────────────────────────────────────────────────── Environment ─────────────────────────────────────────────────────┤
│                                                                                                                      │
│episode_len=200.0                      │num_trajectories=256                   │return=0.5703125                      │
│reward=0.0028515623                    │success_once=0.5703125                 │                                      │
│                                                                                                                      │
├────────────────────────────────────────────────────── Rollout ───────────────────────────────────────────────────────┤
│                                                                                                                      │
│advantages_max=2.475                   │advantages_mean=-0.068                 │advantages_min=-2.475                 │
│rewards=0.0032                         │                                       │                                      │
│                                                                                                                      │
├─────────────────────────────────────────────────── Training/Actor ───────────────────────────────────────────────────┤
│                                                                                                                      │
│actor/approx_kl=0.025                  │actor/clip_fraction=9.31e-04           │actor/clipped_ratio=1.000             │
│actor/dual_cliped_ratio=0.0000         │actor/dvac_current_mean=-6.896         │actor/dvac_current_std=0.522          │
│actor/dvac_history_mean=-7.073         │actor/dvac_history_std=0.559           │actor/dvac_warmup=0.0000              │
│actor/dvac_weight_ess_fraction=0.958   │actor/dvac_weight_mean=1.076           │actor/dvac_weight_sq_mean=1.209       │
│actor/dvac_z_high_clip_fraction=0.030  │actor/dvac_z_low_clip_fraction=0.0047  │actor/entropy_loss=0.0000             │
│actor/grad_norm=34.489                 │actor/lr=5.00e-06                      │actor/policy_loss=0.282               │
│actor/policy_loss_abs=41.253           │actor/ratio=1.000                      │actor/ratio_abs=0.0090                │
│actor/total_loss=0.018                 │                                       │                                      │
│                                                                                                                      │
╰──────────────────────────────────────────────────────────────────────────────────────────────────────────────────────╯


╭──────────────────────────────────────────────────────────────────────────────────────────────────────────────────────╮
├──────────────────────────────────────────────────── Metric Table ────────────────────────────────────────────────────┤
│ Global Step:   32/200 │ Progress: ██████░░░░░░░░░░░░░░░░░░░░░░░░░░░░░░░░░░ │  16.0%                                  │
│ Elapsed: 11:39:59 │ ETA: 61:14:59 │ Step Time: 1312.498s                                                             │
├──────────────────────────────────────────────────────── Time ────────────────────────────────────────────────────────┤
│                                                                                                                      │
│actor/actor/compute_adv=0.0071         │actor/actor/recv_traj=1186.9           │actor/actor/sync_model_to_rollout=2.4…│
│actor/run_training=21.777              │actor_training=21.781                  │cal_adv_and_returns=0.013             │
│env/compute_bootstrap_rewards=0.0014   │env/env/bootstrap_step=834.4           │env/env/send_rollout_trajectories=0.8…│
│env/env_interact_step=336.4            │env/interact=1186.1                    │env/run_interact_once=1186.1          │
│generate_rollouts=1188.5               │rollout/generate_one_epoch=1184.3      │rollout/predict=14.250                │
│rollout/rollout/generate=1188.5        │rollout/sync_model_from_actor=5.606    │step=1216.0                           │
│sync_weights=5.610                     │                                       │                                      │
│                                                                                                                      │
├──────────────────────────────────────────────────── Environment ─────────────────────────────────────────────────────┤
│                                                                                                                      │
│episode_len=200.0                      │num_trajectories=256                   │return=0.64453125                     │
│reward=0.003222656                     │success_once=0.64453125                │                                      │
│                                                                                                                      │
├────────────────────────────────────────────────────── Rollout ───────────────────────────────────────────────────────┤
│                                                                                                                      │
│advantages_max=2.475                   │advantages_mean=-0.090                 │advantages_min=-2.475                 │
│rewards=0.0036                         │                                       │                                      │
│                                                                                                                      │
├─────────────────────────────────────────────────── Training/Actor ───────────────────────────────────────────────────┤
│                                                                                                                      │
│actor/approx_kl=0.024                  │actor/clip_fraction=0.0020             │actor/clipped_ratio=1.000             │
│actor/dual_cliped_ratio=0.0000         │actor/dvac_current_mean=-6.978         │actor/dvac_current_std=0.505          │
│actor/dvac_history_mean=-7.005         │actor/dvac_history_std=0.548           │actor/dvac_warmup=0.0000              │
│actor/dvac_weight_ess_fraction=0.953   │actor/dvac_weight_mean=1.011           │actor/dvac_weight_sq_mean=1.074       │
│actor/dvac_z_high_clip_fraction=0.017  │actor/dvac_z_low_clip_fraction=0.0095  │actor/entropy_loss=0.0000             │
│actor/grad_norm=25.907                 │actor/lr=5.00e-06                      │actor/policy_loss=0.206               │
│actor/policy_loss_abs=37.097           │actor/ratio=1.000                      │actor/ratio_abs=0.0100                │
│actor/total_loss=0.013                 │                                       │                                      │
│                                                                                                                      │
╰──────────────────────────────────────────────────────────────────────────────────────────────────────────────────────╯


╭──────────────────────────────────────────────────────────────────────────────────────────────────────────────────────╮
├──────────────────────────────────────────────────── Metric Table ────────────────────────────────────────────────────┤
│ Global Step:   33/200 │ Progress: ██████░░░░░░░░░░░░░░░░░░░░░░░░░░░░░░░░░░ │  16.5%                                  │
│ Elapsed: 12:00:54 │ ETA: 60:48:11 │ Step Time: 1310.728s                                                             │
├──────────────────────────────────────────────────────── Time ────────────────────────────────────────────────────────┤
│                                                                                                                      │
│actor/actor/compute_adv=0.0064         │actor/actor/recv_traj=1223.9           │actor/actor/sync_model_to_rollout=2.2…│
│actor/run_training=23.696              │actor_training=23.701                  │cal_adv_and_returns=0.013             │
│env/compute_bootstrap_rewards=0.0016   │env/env/bootstrap_step=833.3           │env/env/send_rollout_trajectories=1.1…│
│env/env_interact_step=370.9            │env/interact=1223.0                    │env/run_interact_once=1223.0          │
│generate_rollouts=1225.5               │rollout/generate_one_epoch=1220.2      │rollout/predict=14.377                │
│rollout/rollout/generate=1225.4        │rollout/sync_model_from_actor=4.860    │step=1254.1                           │
│sync_weights=4.863                     │                                       │                                      │
│                                                                                                                      │
├──────────────────────────────────────────────────── Environment ─────────────────────────────────────────────────────┤
│                                                                                                                      │
│episode_len=200.0                      │num_trajectories=256                   │return=0.56640625                     │
│reward=0.0028320309                    │success_once=0.56640625                │                                      │
│                                                                                                                      │
├────────────────────────────────────────────────────── Rollout ───────────────────────────────────────────────────────┤
│                                                                                                                      │
│advantages_max=2.475                   │advantages_mean=-0.054                 │advantages_min=-2.475                 │
│rewards=0.0028                         │                                       │                                      │
│                                                                                                                      │
├─────────────────────────────────────────────────── Training/Actor ───────────────────────────────────────────────────┤
│                                                                                                                      │
│actor/approx_kl=0.017                  │actor/clip_fraction=0.0014             │actor/clipped_ratio=1.000             │
│actor/dual_cliped_ratio=0.0000         │actor/dvac_current_mean=-6.944         │actor/dvac_current_std=0.520          │
│actor/dvac_history_mean=-6.975         │actor/dvac_history_std=0.533           │actor/dvac_warmup=0.0000              │
│actor/dvac_weight_ess_fraction=0.948   │actor/dvac_weight_mean=1.013           │actor/dvac_weight_sq_mean=1.083       │
│actor/dvac_z_high_clip_fraction=0.021  │actor/dvac_z_low_clip_fraction=0.010   │actor/entropy_loss=0.0000             │
│actor/grad_norm=21.316                 │actor/lr=5.00e-06                      │actor/policy_loss=0.256               │
│actor/policy_loss_abs=31.762           │actor/ratio=1.000                      │actor/ratio_abs=0.0079                │
│actor/total_loss=0.016                 │                                       │                                      │
│                                                                                                                      │
╰──────────────────────────────────────────────────────────────────────────────────────────────────────────────────────╯


╭──────────────────────────────────────────────────────────────────────────────────────────────────────────────────────╮
├──────────────────────────────────────────────────── Metric Table ────────────────────────────────────────────────────┤
│ Global Step:   34/200 │ Progress: ██████░░░░░░░░░░░░░░░░░░░░░░░░░░░░░░░░░░ │  17.0%                                  │
│ Elapsed: 12:20:54 │ ETA: 60:17:23 │ Step Time: 1307.488s                                                             │
├──────────────────────────────────────────────────────── Time ────────────────────────────────────────────────────────┤
│                                                                                                                      │
│actor/actor/compute_adv=0.0054         │actor/actor/recv_traj=1168.8           │actor/actor/sync_model_to_rollout=2.5…│
│actor/run_training=21.832              │actor_training=21.837                  │cal_adv_and_returns=0.011             │
│env/compute_bootstrap_rewards=0.0013   │env/env/bootstrap_step=808.7           │env/env/send_rollout_trajectories=1.1…│
│env/env_interact_step=340.3            │env/interact=1167.6                    │env/run_interact_once=1167.6          │
│generate_rollouts=1173.0               │rollout/generate_one_epoch=1164.5      │rollout/predict=14.160                │
│rollout/rollout/generate=1173.0        │rollout/sync_model_from_actor=5.664    │step=1200.5                           │
│sync_weights=5.668                     │                                       │                                      │
│                                                                                                                      │
├──────────────────────────────────────────────────── Environment ─────────────────────────────────────────────────────┤
│                                                                                                                      │
│episode_len=200.0                      │num_trajectories=256                   │return=0.51953125                     │
│reward=0.002597656                     │success_once=0.51953125                │                                      │
│                                                                                                                      │
├────────────────────────────────────────────────────── Rollout ───────────────────────────────────────────────────────┤
│                                                                                                                      │
│advantages_max=2.475                   │advantages_mean=-0.051                 │advantages_min=-2.475                 │
│rewards=0.0027                         │                                       │                                      │
│                                                                                                                      │
├─────────────────────────────────────────────────── Training/Actor ───────────────────────────────────────────────────┤
│                                                                                                                      │
│actor/approx_kl=0.017                  │actor/clip_fraction=4.24e-04           │actor/clipped_ratio=1.000             │
│actor/dual_cliped_ratio=0.0000         │actor/dvac_current_mean=-6.802         │actor/dvac_current_std=0.528          │
│actor/dvac_history_mean=-6.959         │actor/dvac_history_std=0.527           │actor/dvac_warmup=0.0000              │
│actor/dvac_weight_ess_fraction=0.952   │actor/dvac_weight_mean=1.071           │actor/dvac_weight_sq_mean=1.204       │
│actor/dvac_z_high_clip_fraction=0.039  │actor/dvac_z_low_clip_fraction=0.0069  │actor/entropy_loss=0.0000             │
│actor/grad_norm=19.816                 │actor/lr=5.00e-06                      │actor/policy_loss=0.737               │
│actor/policy_loss_abs=38.855           │actor/ratio=1.000                      │actor/ratio_abs=0.0070                │
│actor/total_loss=0.046                 │                                       │                                      │
│                                                                                                                      │
╰──────────────────────────────────────────────────────────────────────────────────────────────────────────────────────╯


╭──────────────────────────────────────────────────────────────────────────────────────────────────────────────────────╮
├──────────────────────────────────────────────────── Metric Table ────────────────────────────────────────────────────┤
│ Global Step:   35/200 │ Progress: ███████░░░░░░░░░░░░░░░░░░░░░░░░░░░░░░░░░ │  17.5%                                  │
│ Elapsed: 12:45:40 │ ETA: 60:09:37 │ Step Time: 1312.593s                                                             │
├──────────────────────────────────────────────────────── Time ────────────────────────────────────────────────────────┤
│                                                                                                                      │
│actor/actor/compute_adv=0.0076         │actor/actor/recv_traj=1201.4           │actor/actor/sync_model_to_rollout=4.4…│
│actor/run_training=23.984              │actor_training=23.989                  │cal_adv_and_returns=0.014             │
│env/compute_bootstrap_rewards=0.0013   │env/env/bootstrap_step=833.4           │env/env/send_rollout_trajectories=1.1…│
│env/env_interact_step=350.3            │env/evaluate=247.3                     │env/interact=1200.6                   │
│env/run_interact_once=1200.6           │eval=252.7                             │generate_rollouts=1204.3              │
│rollout/evaluate=136.1                 │rollout/generate_one_epoch=1198.7      │rollout/predict=15.849                │
│rollout/rollout/generate=1204.2        │rollout/sync_model_from_actor=10.452   │step=1486.1                           │
│sync_weights=5.183                     │                                       │                                      │
│                                                                                                                      │
├──────────────────────────────────────────────────── Environment ─────────────────────────────────────────────────────┤
│                                                                                                                      │
│episode_len=200.0                      │num_trajectories=256                   │return=0.5                            │
│reward=0.0024999997                    │success_once=0.5                       │                                      │
│                                                                                                                      │
├────────────────────────────────────────────────────── Rollout ───────────────────────────────────────────────────────┤
│                                                                                                                      │
│advantages_max=2.475                   │advantages_mean=-0.066                 │advantages_min=-2.475                 │
│rewards=0.0025                         │                                       │                                      │
│                                                                                                                      │
├───────────────────────────────────────────────────── Evaluation ─────────────────────────────────────────────────────┤
│                                                                                                                      │
│episode_len=200.0                      │num_trajectories=32                    │return=0.4375                         │
│reward=0.0021874998                    │success_at_end=0.4375                  │success_once=0.4375                   │
│                                                                                                                      │
├─────────────────────────────────────────────────── Training/Actor ───────────────────────────────────────────────────┤
│                                                                                                                      │
│actor/approx_kl=0.0069                 │actor/clip_fraction=2.68e-04           │actor/clipped_ratio=1.000             │
│actor/dual_cliped_ratio=0.0000         │actor/dvac_current_mean=-6.765         │actor/dvac_current_std=0.508          │
│actor/dvac_history_mean=-6.913         │actor/dvac_history_std=0.525           │actor/dvac_warmup=0.0000              │
│actor/dvac_weight_ess_fraction=0.954   │actor/dvac_weight_mean=1.068           │actor/dvac_weight_sq_mean=1.195       │
│actor/dvac_z_high_clip_fraction=0.026  │actor/dvac_z_low_clip_fraction=0.0073  │actor/entropy_loss=0.0000             │
│actor/grad_norm=14.604                 │actor/lr=5.00e-06                      │actor/policy_loss=0.487               │
│actor/policy_loss_abs=35.859           │actor/ratio=1.000                      │actor/ratio_abs=0.0065                │
│actor/total_loss=0.030                 │                                       │                                      │
│                                                                                                                      │
╰──────────────────────────────────────────────────────────────────────────────────────────────────────────────────────╯


╭──────────────────────────────────────────────────────────────────────────────────────────────────────────────────────╮
├──────────────────────────────────────────────────── Metric Table ────────────────────────────────────────────────────┤
│ Global Step:   36/200 │ Progress: ███████░░░░░░░░░░░░░░░░░░░░░░░░░░░░░░░░░ │  18.0%                                  │
│ Elapsed: 13:05:52 │ ETA: 59:40:06 │ Step Time: 1309.793s                                                             │
├──────────────────────────────────────────────────────── Time ────────────────────────────────────────────────────────┤
│                                                                                                                      │
│actor/actor/compute_adv=0.0065         │actor/actor/recv_traj=1182.3           │actor/actor/sync_model_to_rollout=1.7…│
│actor/run_training=24.849              │actor_training=24.855                  │cal_adv_and_returns=0.013             │
│env/compute_bootstrap_rewards=0.0016   │env/env/bootstrap_step=790.8           │env/env/send_rollout_trajectories=1.4…│
│env/env_interact_step=371.3            │env/interact=1181.1                    │env/run_interact_once=1181.1          │
│generate_rollouts=1185.2               │rollout/generate_one_epoch=1177.9      │rollout/predict=14.300                │
│rollout/rollout/generate=1185.2        │rollout/sync_model_from_actor=1.580    │step=1211.8                           │
│sync_weights=1.719                     │                                       │                                      │
│                                                                                                                      │
├──────────────────────────────────────────────────── Environment ─────────────────────────────────────────────────────┤
│                                                                                                                      │
│episode_len=200.0                      │num_trajectories=256                   │return=0.453125                       │
│reward=0.002265625                     │success_once=0.453125                  │                                      │
│                                                                                                                      │
├────────────────────────────────────────────────────── Rollout ───────────────────────────────────────────────────────┤
│                                                                                                                      │
│advantages_max=2.475                   │advantages_mean=-0.066                 │advantages_min=-2.475                 │
│rewards=0.0027                         │                                       │                                      │
│                                                                                                                      │
├─────────────────────────────────────────────────── Training/Actor ───────────────────────────────────────────────────┤
│                                                                                                                      │
│actor/approx_kl=0.0059                 │actor/clip_fraction=4.73e-04           │actor/clipped_ratio=1.000             │
│actor/dual_cliped_ratio=0.0000         │actor/dvac_current_mean=-6.831         │actor/dvac_current_std=0.512          │
│actor/dvac_history_mean=-6.877         │actor/dvac_history_std=0.523           │actor/dvac_warmup=0.0000              │
│actor/dvac_weight_ess_fraction=0.948   │actor/dvac_weight_mean=1.021           │actor/dvac_weight_sq_mean=1.099       │
│actor/dvac_z_high_clip_fraction=0.017  │actor/dvac_z_low_clip_fraction=0.012   │actor/entropy_loss=0.0000             │
│actor/grad_norm=27.133                 │actor/lr=5.00e-06                      │actor/policy_loss=0.187               │
│actor/policy_loss_abs=36.161           │actor/ratio=1.000                      │actor/ratio_abs=0.0072                │
│actor/total_loss=0.012                 │                                       │                                      │
│                                                                                                                      │
╰──────────────────────────────────────────────────────────────────────────────────────────────────────────────────────╯


╭──────────────────────────────────────────────────────────────────────────────────────────────────────────────────────╮
├──────────────────────────────────────────────────── Metric Table ────────────────────────────────────────────────────┤
│ Global Step:   37/200 │ Progress: ███████░░░░░░░░░░░░░░░░░░░░░░░░░░░░░░░░░ │  18.5%                                  │
│ Elapsed: 13:26:53 │ ETA: 59:14:42 │ Step Time: 1308.479s                                                             │
├──────────────────────────────────────────────────────── Time ────────────────────────────────────────────────────────┤
│                                                                                                                      │
│actor/actor/compute_adv=0.0056         │actor/actor/recv_traj=1231.2           │actor/actor/sync_model_to_rollout=2.5…│
│actor/run_training=21.963              │actor_training=21.966                  │cal_adv_and_returns=0.011             │
│env/compute_bootstrap_rewards=0.0014   │env/env/bootstrap_step=828.2           │env/env/send_rollout_trajectories=0.8…│
│env/env_interact_step=383.4            │env/interact=1230.4                    │env/run_interact_once=1230.4          │
│generate_rollouts=1232.7               │rollout/generate_one_epoch=1228.2      │rollout/predict=14.242                │
│rollout/rollout/generate=1232.7        │rollout/sync_model_from_actor=6.416    │step=1261.1                           │
│sync_weights=6.421                     │                                       │                                      │
│                                                                                                                      │
├──────────────────────────────────────────────────── Environment ─────────────────────────────────────────────────────┤
│                                                                                                                      │
│episode_len=200.0                      │num_trajectories=256                   │return=0.42578125                     │
│reward=0.002128906                     │success_once=0.42578125                │                                      │
│                                                                                                                      │
├────────────────────────────────────────────────────── Rollout ───────────────────────────────────────────────────────┤
│                                                                                                                      │
│advantages_max=2.475                   │advantages_mean=-0.066                 │advantages_min=-2.475                 │
│rewards=0.0021                         │                                       │                                      │
│                                                                                                                      │
├─────────────────────────────────────────────────── Training/Actor ───────────────────────────────────────────────────┤
│                                                                                                                      │
│actor/approx_kl=0.016                  │actor/clip_fraction=7.60e-04           │actor/clipped_ratio=1.000             │
│actor/dual_cliped_ratio=0.0000         │actor/dvac_current_mean=-6.699         │actor/dvac_current_std=0.468          │
│actor/dvac_history_mean=-6.864         │actor/dvac_history_std=0.521           │actor/dvac_warmup=0.0000              │
│actor/dvac_weight_ess_fraction=0.961   │actor/dvac_weight_mean=1.077           │actor/dvac_weight_sq_mean=1.208       │
│actor/dvac_z_high_clip_fraction=0.022  │actor/dvac_z_low_clip_fraction=0.0055  │actor/entropy_loss=0.0000             │
│actor/grad_norm=27.091                 │actor/lr=5.00e-06                      │actor/policy_loss=0.102               │
│actor/policy_loss_abs=39.132           │actor/ratio=1.000                      │actor/ratio_abs=0.0078                │
│actor/total_loss=0.0064                │                                       │                                      │
│                                                                                                                      │
╰──────────────────────────────────────────────────────────────────────────────────────────────────────────────────────╯


╭──────────────────────────────────────────────────────────────────────────────────────────────────────────────────────╮
├──────────────────────────────────────────────────── Metric Table ────────────────────────────────────────────────────┤
│ Global Step:   38/200 │ Progress: ███████░░░░░░░░░░░░░░░░░░░░░░░░░░░░░░░░░ │  19.0%                                  │
│ Elapsed: 13:46:54 │ ETA: 58:45:13 │ Step Time: 1305.640s                                                             │
├──────────────────────────────────────────────────────── Time ────────────────────────────────────────────────────────┤
│                                                                                                                      │
│actor/actor/compute_adv=0.0065         │actor/actor/recv_traj=1171.8           │actor/actor/sync_model_to_rollout=2.1…│
│actor/run_training=22.534              │actor_training=22.538                  │cal_adv_and_returns=0.011             │
│env/compute_bootstrap_rewards=0.0014   │env/env/bootstrap_step=786.7           │env/env/send_rollout_trajectories=0.8…│
│env/env_interact_step=367.6            │env/interact=1170.9                    │env/run_interact_once=1170.9          │
│generate_rollouts=1173.1               │rollout/generate_one_epoch=1169.0      │rollout/predict=14.174                │
│rollout/rollout/generate=1173.0        │rollout/sync_model_from_actor=4.952    │step=1200.6                           │
│sync_weights=4.955                     │                                       │                                      │
│                                                                                                                      │
├──────────────────────────────────────────────────── Environment ─────────────────────────────────────────────────────┤
│                                                                                                                      │
│episode_len=200.0                      │num_trajectories=256                   │return=0.45703125                     │
│reward=0.002285156                     │success_once=0.45703125                │                                      │
│                                                                                                                      │
├────────────────────────────────────────────────────── Rollout ───────────────────────────────────────────────────────┤
│                                                                                                                      │
│advantages_max=2.475                   │advantages_mean=-0.085                 │advantages_min=-2.475                 │
│rewards=0.0026                         │                                       │                                      │
│                                                                                                                      │
├─────────────────────────────────────────────────── Training/Actor ───────────────────────────────────────────────────┤
│                                                                                                                      │
│actor/approx_kl=0.021                  │actor/clip_fraction=9.84e-04           │actor/clipped_ratio=1.000             │
│actor/dual_cliped_ratio=0.0000         │actor/dvac_current_mean=-6.842         │actor/dvac_current_std=0.480          │
│actor/dvac_history_mean=-6.808         │actor/dvac_history_std=0.514           │actor/dvac_warmup=0.0000              │
│actor/dvac_weight_ess_fraction=0.949   │actor/dvac_weight_mean=0.983           │actor/dvac_weight_sq_mean=1.018       │
│actor/dvac_z_high_clip_fraction=0.013  │actor/dvac_z_low_clip_fraction=0.015   │actor/entropy_loss=0.0000             │
│actor/grad_norm=33.659                 │actor/lr=5.00e-06                      │actor/policy_loss=0.080               │
│actor/policy_loss_abs=34.918           │actor/ratio=1.000                      │actor/ratio_abs=0.010                 │
│actor/total_loss=0.0050                │                                       │                                      │
│                                                                                                                      │
╰──────────────────────────────────────────────────────────────────────────────────────────────────────────────────────╯


╭──────────────────────────────────────────────────────────────────────────────────────────────────────────────────────╮
├──────────────────────────────────────────────────── Metric Table ────────────────────────────────────────────────────┤
│ Global Step:   39/200 │ Progress: ███████░░░░░░░░░░░░░░░░░░░░░░░░░░░░░░░░░ │  19.5%                                  │
│ Elapsed: 14:07:41 │ ETA: 58:19:26 │ Step Time: 1304.140s                                                             │
├──────────────────────────────────────────────────────── Time ────────────────────────────────────────────────────────┤
│                                                                                                                      │
│actor/actor/compute_adv=0.0085         │actor/actor/recv_traj=1218.0           │actor/actor/sync_model_to_rollout=2.3…│
│actor/run_training=21.628              │actor_training=21.632                  │cal_adv_and_returns=0.015             │
│env/compute_bootstrap_rewards=0.0013   │env/env/bootstrap_step=828.4           │env/env/send_rollout_trajectories=1.0…│
│env/env_interact_step=371.7            │env/interact=1217.1                    │env/run_interact_once=1217.1          │
│generate_rollouts=1220.4               │rollout/generate_one_epoch=1214.9      │rollout/predict=14.311                │
│rollout/rollout/generate=1220.4        │rollout/sync_model_from_actor=5.022    │step=1247.1                           │
│sync_weights=5.026                     │                                       │                                      │
│                                                                                                                      │
├──────────────────────────────────────────────────── Environment ─────────────────────────────────────────────────────┤
│                                                                                                                      │
│episode_len=200.0                      │num_trajectories=256                   │return=0.35546875                     │
│reward=0.0017773437                    │success_once=0.35546875                │                                      │
│                                                                                                                      │
├────────────────────────────────────────────────────── Rollout ───────────────────────────────────────────────────────┤
│                                                                                                                      │
│advantages_max=2.475                   │advantages_mean=-0.051                 │advantages_min=-2.475                 │
│rewards=0.0023                         │                                       │                                      │
│                                                                                                                      │
├─────────────────────────────────────────────────── Training/Actor ───────────────────────────────────────────────────┤
│                                                                                                                      │
│actor/approx_kl=0.013                  │actor/clip_fraction=6.61e-04           │actor/clipped_ratio=1.000             │
│actor/dual_cliped_ratio=0.0000         │actor/dvac_current_mean=-6.775         │actor/dvac_current_std=0.490          │
│actor/dvac_history_mean=-6.788         │actor/dvac_history_std=0.502           │actor/dvac_warmup=0.0000              │
│actor/dvac_weight_ess_fraction=0.947   │actor/dvac_weight_mean=1.006           │actor/dvac_weight_sq_mean=1.067       │
│actor/dvac_z_high_clip_fraction=0.018  │actor/dvac_z_low_clip_fraction=0.014   │actor/entropy_loss=0.0000             │
│actor/grad_norm=20.140                 │actor/lr=5.00e-06                      │actor/policy_loss=0.274               │
│actor/policy_loss_abs=31.049           │actor/ratio=1.000                      │actor/ratio_abs=0.0069                │
│actor/total_loss=0.017                 │                                       │                                      │
│                                                                                                                      │
╰──────────────────────────────────────────────────────────────────────────────────────────────────────────────────────╯


╭──────────────────────────────────────────────────────────────────────────────────────────────────────────────────────╮
├──────────────────────────────────────────────────── Metric Table ────────────────────────────────────────────────────┤
│ Global Step:   40/200 │ Progress: ████████░░░░░░░░░░░░░░░░░░░░░░░░░░░░░░░░ │  20.0%                                  │
│ Elapsed: 14:34:37 │ ETA: 58:18:28 │ Step Time: 1311.925s                                                             │
├──────────────────────────────────────────────────────── Time ────────────────────────────────────────────────────────┤
│                                                                                                                      │
│actor/actor/compute_adv=0.0057         │actor/actor/recv_traj=1277.2           │actor/actor/sync_model_to_rollout=4.3…│
│actor/run_training=21.699              │actor_training=21.704                  │cal_adv_and_returns=0.010             │
│env/compute_bootstrap_rewards=0.0016   │env/env/bootstrap_step=873.6           │env/env/send_rollout_trajectories=1.4…│
│env/env_interact_step=382.0            │env/evaluate=268.5                     │env/interact=1275.9                   │
│env/run_interact_once=1275.9           │eval=273.5                             │generate_rollouts=1281.4              │
│rollout/evaluate=156.1                 │rollout/generate_one_epoch=1273.3      │rollout/predict=16.311                │
│rollout/rollout/generate=1281.4        │rollout/sync_model_from_actor=9.710    │step=1615.5                           │
│sync_weights=4.891                     │                                       │                                      │
│                                                                                                                      │
├──────────────────────────────────────────────────── Environment ─────────────────────────────────────────────────────┤
│                                                                                                                      │
│episode_len=200.0                      │num_trajectories=256                   │return=0.3828125                      │
│reward=0.0019140625                    │success_once=0.3828125                 │                                      │
│                                                                                                                      │
├────────────────────────────────────────────────────── Rollout ───────────────────────────────────────────────────────┤
│                                                                                                                      │
│advantages_max=2.475                   │advantages_mean=-0.046                 │advantages_min=-2.475                 │
│rewards=0.0022                         │                                       │                                      │
│                                                                                                                      │
├───────────────────────────────────────────────────── Evaluation ─────────────────────────────────────────────────────┤
│                                                                                                                      │
│episode_len=200.0                      │num_trajectories=32                    │return=0.46875                        │
│reward=0.00234375                      │success_at_end=0.46875                 │success_once=0.46875                  │
│                                                                                                                      │
├─────────────────────────────────────────────────── Training/Actor ───────────────────────────────────────────────────┤
│                                                                                                                      │
│actor/approx_kl=0.015                  │actor/clip_fraction=2.89e-04           │actor/clipped_ratio=1.000             │
│actor/dual_cliped_ratio=0.0000         │actor/dvac_current_mean=-6.681         │actor/dvac_current_std=0.474          │
│actor/dvac_history_mean=-6.782         │actor/dvac_history_std=0.495           │actor/dvac_warmup=0.0000              │
│actor/dvac_weight_ess_fraction=0.953   │actor/dvac_weight_mean=1.050           │actor/dvac_weight_sq_mean=1.156       │
│actor/dvac_z_high_clip_fraction=0.023  │actor/dvac_z_low_clip_fraction=0.0084  │actor/entropy_loss=0.0000             │
│actor/grad_norm=25.485                 │actor/lr=5.00e-06                      │actor/policy_loss=0.026               │
│actor/policy_loss_abs=39.584           │actor/ratio=1.000                      │actor/ratio_abs=0.0067                │
│actor/total_loss=0.0016                │                                       │                                      │
│                                                                                                                      │
╰──────────────────────────────────────────────────────────────────────────────────────────────────────────────────────╯


╭──────────────────────────────────────────────────────────────────────────────────────────────────────────────────────╮
├──────────────────────────────────────────────────── Metric Table ────────────────────────────────────────────────────┤
│ Global Step:   41/200 │ Progress: ████████░░░░░░░░░░░░░░░░░░░░░░░░░░░░░░░░ │  20.5%                                  │
│ Elapsed: 14:55:20 │ ETA: 57:52:11 │ Step Time: 1310.260s                                                             │
├──────────────────────────────────────────────────────── Time ────────────────────────────────────────────────────────┤
│                                                                                                                      │
│actor/actor/compute_adv=0.0058         │actor/actor/recv_traj=1218.3           │actor/actor/sync_model_to_rollout=1.6…│
│actor/run_training=21.957              │actor_training=21.960                  │cal_adv_and_returns=0.010             │
│env/compute_bootstrap_rewards=0.0014   │env/env/bootstrap_step=838.1           │env/env/send_rollout_trajectories=0.8…│
│env/env_interact_step=362.9            │env/interact=1217.5                    │env/run_interact_once=1217.5          │
│generate_rollouts=1220.0               │rollout/generate_one_epoch=1214.6      │rollout/predict=14.203                │
│rollout/rollout/generate=1220.0        │rollout/sync_model_from_actor=1.498    │step=1243.6                           │
│sync_weights=1.609                     │                                       │                                      │
│                                                                                                                      │
├──────────────────────────────────────────────────── Environment ─────────────────────────────────────────────────────┤
│                                                                                                                      │
│episode_len=200.0                      │num_trajectories=256                   │return=0.375                          │
│reward=0.0018749998                    │success_once=0.375                     │                                      │
│                                                                                                                      │
├────────────────────────────────────────────────────── Rollout ───────────────────────────────────────────────────────┤
│                                                                                                                      │
│advantages_max=2.475                   │advantages_mean=-0.054                 │advantages_min=-2.475                 │
│rewards=0.0025                         │                                       │                                      │
│                                                                                                                      │
├─────────────────────────────────────────────────── Training/Actor ───────────────────────────────────────────────────┤
│                                                                                                                      │
│actor/approx_kl=0.023                  │actor/clip_fraction=0.0011             │actor/clipped_ratio=1.000             │
│actor/dual_cliped_ratio=0.0000         │actor/dvac_current_mean=-6.572         │actor/dvac_current_std=0.469          │
│actor/dvac_history_mean=-6.766         │actor/dvac_history_std=0.490           │actor/dvac_warmup=0.0000              │
│actor/dvac_weight_ess_fraction=0.958   │actor/dvac_weight_mean=1.096           │actor/dvac_weight_sq_mean=1.254       │
│actor/dvac_z_high_clip_fraction=0.035  │actor/dvac_z_low_clip_fraction=0.0052  │actor/entropy_loss=0.0000             │
│actor/grad_norm=24.800                 │actor/lr=5.00e-06                      │actor/policy_loss=0.071               │
│actor/policy_loss_abs=36.981           │actor/ratio=1.000                      │actor/ratio_abs=0.0097                │
│actor/total_loss=0.0044                │                                       │                                      │
│                                                                                                                      │
╰──────────────────────────────────────────────────────────────────────────────────────────────────────────────────────╯


╭──────────────────────────────────────────────────────────────────────────────────────────────────────────────────────╮
├──────────────────────────────────────────────────── Metric Table ────────────────────────────────────────────────────┤
│ Global Step:   42/200 │ Progress: ████████░░░░░░░░░░░░░░░░░░░░░░░░░░░░░░░░ │  21.0%                                  │
│ Elapsed: 15:16:16 │ ETA: 57:26:55 │ Step Time: 1308.959s                                                             │
├──────────────────────────────────────────────────────── Time ────────────────────────────────────────────────────────┤
│                                                                                                                      │
│actor/actor/compute_adv=0.0057         │actor/actor/recv_traj=1223.9           │actor/actor/sync_model_to_rollout=2.5…│
│actor/run_training=22.744              │actor_training=22.747                  │cal_adv_and_returns=0.0091            │
│env/compute_bootstrap_rewards=0.0017   │env/env/bootstrap_step=820.7           │env/env/send_rollout_trajectories=1.7…│
│env/env_interact_step=384.8            │env/interact=1222.8                    │env/run_interact_once=1222.8          │
│generate_rollouts=1227.0               │rollout/generate_one_epoch=1220.6      │rollout/predict=14.414                │
│rollout/rollout/generate=1227.0        │rollout/sync_model_from_actor=5.791    │step=1255.6                           │
│sync_weights=5.794                     │                                       │                                      │
│                                                                                                                      │
├──────────────────────────────────────────────────── Environment ─────────────────────────────────────────────────────┤
│                                                                                                                      │
│episode_len=200.0                      │num_trajectories=256                   │return=0.37109375                     │
│reward=0.0018554686                    │success_once=0.37109375                │                                      │
│                                                                                                                      │
├────────────────────────────────────────────────────── Rollout ───────────────────────────────────────────────────────┤
│                                                                                                                      │
│advantages_max=2.475                   │advantages_mean=-0.055                 │advantages_min=-2.475                 │
│rewards=0.0024                         │                                       │                                      │
│                                                                                                                      │
├─────────────────────────────────────────────────── Training/Actor ───────────────────────────────────────────────────┤
│                                                                                                                      │
│actor/approx_kl=0.011                  │actor/clip_fraction=0.0014             │actor/clipped_ratio=1.000             │
│actor/dual_cliped_ratio=0.0000         │actor/dvac_current_mean=-6.574         │actor/dvac_current_std=0.470          │
│actor/dvac_history_mean=-6.714         │actor/dvac_history_std=0.485           │actor/dvac_warmup=0.0000              │
│actor/dvac_weight_ess_fraction=0.954   │actor/dvac_weight_mean=1.070           │actor/dvac_weight_sq_mean=1.200       │
│actor/dvac_z_high_clip_fraction=0.026  │actor/dvac_z_low_clip_fraction=0.0091  │actor/entropy_loss=0.0000             │
│actor/grad_norm=23.476                 │actor/lr=5.00e-06                      │actor/policy_loss=-0.037              │
│actor/policy_loss_abs=34.981           │actor/ratio=1.000                      │actor/ratio_abs=0.0093                │
│actor/total_loss=-0.0023               │                                       │                                      │
│                                                                                                                      │
╰──────────────────────────────────────────────────────────────────────────────────────────────────────────────────────╯


╭──────────────────────────────────────────────────────────────────────────────────────────────────────────────────────╮
├──────────────────────────────────────────────────── Metric Table ────────────────────────────────────────────────────┤
│ Global Step:   43/200 │ Progress: ████████░░░░░░░░░░░░░░░░░░░░░░░░░░░░░░░░ │  21.5%                                  │
│ Elapsed: 15:36:35 │ ETA: 56:59:38 │ Step Time: 1306.872s                                                             │
├──────────────────────────────────────────────────────── Time ────────────────────────────────────────────────────────┤
│                                                                                                                      │
│actor/actor/compute_adv=0.0084         │actor/actor/recv_traj=1190.1           │actor/actor/sync_model_to_rollout=2.0…│
│actor/run_training=22.116              │actor_training=22.121                  │cal_adv_and_returns=0.016             │
│env/compute_bootstrap_rewards=0.0016   │env/env/bootstrap_step=813.5           │env/env/send_rollout_trajectories=0.8…│
│env/env_interact_step=361.2            │env/interact=1189.4                    │env/run_interact_once=1189.4          │
│generate_rollouts=1192.1               │rollout/generate_one_epoch=1187.5      │rollout/predict=14.294                │
│rollout/rollout/generate=1192.0        │rollout/sync_model_from_actor=4.996    │step=1219.2                           │
│sync_weights=4.999                     │                                       │                                      │
│                                                                                                                      │
├──────────────────────────────────────────────────── Environment ─────────────────────────────────────────────────────┤
│                                                                                                                      │
│episode_len=200.0                      │num_trajectories=256                   │return=0.45703125                     │
│reward=0.0022851562                    │success_once=0.45703125                │                                      │
│                                                                                                                      │
├────────────────────────────────────────────────────── Rollout ───────────────────────────────────────────────────────┤
│                                                                                                                      │
│advantages_max=2.475                   │advantages_mean=-0.053                 │advantages_min=-2.475                 │
│rewards=0.0028                         │                                       │                                      │
│                                                                                                                      │
├─────────────────────────────────────────────────── Training/Actor ───────────────────────────────────────────────────┤
│                                                                                                                      │
│actor/approx_kl=0.0086                 │actor/clip_fraction=2.10e-04           │actor/clipped_ratio=1.000             │
│actor/dual_cliped_ratio=0.0000         │actor/dvac_current_mean=-6.711         │actor/dvac_current_std=0.473          │
│actor/dvac_history_mean=-6.689         │actor/dvac_history_std=0.489           │actor/dvac_warmup=0.0000              │
│actor/dvac_weight_ess_fraction=0.946   │actor/dvac_weight_mean=0.987           │actor/dvac_weight_sq_mean=1.030       │
│actor/dvac_z_high_clip_fraction=0.018  │actor/dvac_z_low_clip_fraction=0.013   │actor/entropy_loss=0.0000             │
│actor/grad_norm=16.429                 │actor/lr=5.00e-06                      │actor/policy_loss=0.280               │
│actor/policy_loss_abs=33.575           │actor/ratio=1.000                      │actor/ratio_abs=0.0051                │
│actor/total_loss=0.017                 │                                       │                                      │
│                                                                                                                      │
╰──────────────────────────────────────────────────────────────────────────────────────────────────────────────────────╯


╭──────────────────────────────────────────────────────────────────────────────────────────────────────────────────────╮
├──────────────────────────────────────────────────── Metric Table ────────────────────────────────────────────────────┤
│ Global Step:   44/200 │ Progress: ████████░░░░░░░░░░░░░░░░░░░░░░░░░░░░░░░░ │  22.0%                                  │
│ Elapsed: 15:56:38 │ ETA: 56:31:45 │ Step Time: 1304.521s                                                             │
├──────────────────────────────────────────────────────── Time ────────────────────────────────────────────────────────┤
│                                                                                                                      │
│actor/actor/compute_adv=0.0086         │actor/actor/recv_traj=1173.0           │actor/actor/sync_model_to_rollout=2.1…│
│actor/run_training=23.018              │actor_training=23.022                  │cal_adv_and_returns=0.015             │
│env/compute_bootstrap_rewards=0.0013   │env/env/bootstrap_step=794.1           │env/env/send_rollout_trajectories=0.8…│
│env/env_interact_step=360.2            │env/interact=1172.2                    │env/run_interact_once=1172.2          │
│generate_rollouts=1175.4               │rollout/generate_one_epoch=1169.9      │rollout/predict=14.100                │
│rollout/rollout/generate=1175.3        │rollout/sync_model_from_actor=4.981    │step=1203.4                           │
│sync_weights=4.984                     │                                       │                                      │
│                                                                                                                      │
├──────────────────────────────────────────────────── Environment ─────────────────────────────────────────────────────┤
│                                                                                                                      │
│episode_len=200.0                      │num_trajectories=256                   │return=0.3515625                      │
│reward=0.0017578125                    │success_once=0.3515625                 │                                      │
│                                                                                                                      │
├────────────────────────────────────────────────────── Rollout ───────────────────────────────────────────────────────┤
│                                                                                                                      │
│advantages_max=2.475                   │advantages_mean=-0.037                 │advantages_min=-2.475                 │
│rewards=0.0017                         │                                       │                                      │
│                                                                                                                      │
├─────────────────────────────────────────────────── Training/Actor ───────────────────────────────────────────────────┤
│                                                                                                                      │
│actor/approx_kl=0.0086                 │actor/clip_fraction=7.56e-04           │actor/clipped_ratio=1.000             │
│actor/dual_cliped_ratio=0.0000         │actor/dvac_current_mean=-6.535         │actor/dvac_current_std=0.476          │
│actor/dvac_history_mean=-6.663         │actor/dvac_history_std=0.482           │actor/dvac_warmup=0.0000              │
│actor/dvac_weight_ess_fraction=0.952   │actor/dvac_weight_mean=1.064           │actor/dvac_weight_sq_mean=1.189       │
│actor/dvac_z_high_clip_fraction=0.025  │actor/dvac_z_low_clip_fraction=0.0089  │actor/entropy_loss=0.0000             │
│actor/grad_norm=20.785                 │actor/lr=5.00e-06                      │actor/policy_loss=-0.013              │
│actor/policy_loss_abs=30.606           │actor/ratio=1.000                      │actor/ratio_abs=0.0061                │
│actor/total_loss=-8.01e-04             │                                       │                                      │
│                                                                                                                      │
╰──────────────────────────────────────────────────────────────────────────────────────────────────────────────────────╯


╭──────────────────────────────────────────────────────────────────────────────────────────────────────────────────────╮
├──────────────────────────────────────────────────── Metric Table ────────────────────────────────────────────────────┤
│ Global Step:   45/200 │ Progress: █████████░░░░░░░░░░░░░░░░░░░░░░░░░░░░░░░ │  22.5%                                  │
│ Elapsed: 16:21:08 │ ETA: 56:19:30 │ Step Time: 1308.200s                                                             │
├──────────────────────────────────────────────────────── Time ────────────────────────────────────────────────────────┤
│                                                                                                                      │
│actor/actor/compute_adv=0.0068         │actor/actor/recv_traj=1166.5           │actor/actor/sync_model_to_rollout=4.0…│
│actor/run_training=21.567              │actor_training=21.571                  │cal_adv_and_returns=0.012             │
│env/compute_bootstrap_rewards=0.0014   │env/env/bootstrap_step=797.2           │env/env/send_rollout_trajectories=0.7…│
│env/env_interact_step=354.3            │env/evaluate=270.4                     │env/interact=1165.7                   │
│env/run_interact_once=1165.7           │eval=275.4                             │generate_rollouts=1168.0              │
│rollout/evaluate=146.3                 │rollout/generate_one_epoch=1164.0      │rollout/predict=15.838                │
│rollout/rollout/generate=1168.0        │rollout/sync_model_from_actor=9.985    │step=1470.0                           │
│sync_weights=5.033                     │                                       │                                      │
│                                                                                                                      │
├──────────────────────────────────────────────────── Environment ─────────────────────────────────────────────────────┤
│                                                                                                                      │
│episode_len=200.0                      │num_trajectories=256                   │return=0.51171875                     │
│reward=0.0025585934                    │success_once=0.51171875                │                                      │
│                                                                                                                      │
├────────────────────────────────────────────────────── Rollout ───────────────────────────────────────────────────────┤
│                                                                                                                      │
│advantages_max=2.475                   │advantages_mean=-0.060                 │advantages_min=-2.475                 │
│rewards=0.0027                         │                                       │                                      │
│                                                                                                                      │
├───────────────────────────────────────────────────── Evaluation ─────────────────────────────────────────────────────┤
│                                                                                                                      │
│episode_len=200.0                      │num_trajectories=32                    │return=0.5625                         │
│reward=0.0028124999                    │success_at_end=0.5625                  │success_once=0.5625                   │
│                                                                                                                      │
├─────────────────────────────────────────────────── Training/Actor ───────────────────────────────────────────────────┤
│                                                                                                                      │
│actor/approx_kl=0.0074                 │actor/clip_fraction=2.92e-04           │actor/clipped_ratio=1.000             │
│actor/dual_cliped_ratio=0.0000         │actor/dvac_current_mean=-6.640         │actor/dvac_current_std=0.477          │
│actor/dvac_history_mean=-6.615         │actor/dvac_history_std=0.477           │actor/dvac_warmup=0.0000              │
│actor/dvac_weight_ess_fraction=0.943   │actor/dvac_weight_mean=0.986           │actor/dvac_weight_sq_mean=1.030       │
│actor/dvac_z_high_clip_fraction=0.019  │actor/dvac_z_low_clip_fraction=0.015   │actor/entropy_loss=0.0000             │
│actor/grad_norm=15.515                 │actor/lr=5.00e-06                      │actor/policy_loss=0.179               │
│actor/policy_loss_abs=38.575           │actor/ratio=1.000                      │actor/ratio_abs=0.0056                │
│actor/total_loss=0.011                 │                                       │                                      │
│                                                                                                                      │
╰──────────────────────────────────────────────────────────────────────────────────────────────────────────────────────╯


╭──────────────────────────────────────────────────────────────────────────────────────────────────────────────────────╮
├──────────────────────────────────────────────────── Metric Table ────────────────────────────────────────────────────┤
│ Global Step:   46/200 │ Progress: █████████░░░░░░░░░░░░░░░░░░░░░░░░░░░░░░░ │  23.0%                                  │
│ Elapsed: 16:42:23 │ ETA: 55:55:51 │ Step Time: 1307.478s                                                             │
├──────────────────────────────────────────────────────── Time ────────────────────────────────────────────────────────┤
│                                                                                                                      │
│actor/actor/compute_adv=0.0056         │actor/actor/recv_traj=1249.8           │actor/actor/sync_model_to_rollout=1.8…│
│actor/run_training=21.524              │actor_training=21.527                  │cal_adv_and_returns=0.011             │
│env/compute_bootstrap_rewards=0.0017   │env/env/bootstrap_step=873.0           │env/env/send_rollout_trajectories=0.8…│
│env/env_interact_step=357.4            │env/interact=1249.0                    │env/run_interact_once=1249.0          │
│generate_rollouts=1251.6               │rollout/generate_one_epoch=1245.8      │rollout/predict=14.332                │
│rollout/rollout/generate=1251.6        │rollout/sync_model_from_actor=1.652    │step=1275.0                           │
│sync_weights=1.824                     │                                       │                                      │
│                                                                                                                      │
├──────────────────────────────────────────────────── Environment ─────────────────────────────────────────────────────┤
│                                                                                                                      │
│episode_len=200.0                      │num_trajectories=256                   │return=0.640625                       │
│reward=0.0032031247                    │success_once=0.640625                  │                                      │
│                                                                                                                      │
├────────────────────────────────────────────────────── Rollout ───────────────────────────────────────────────────────┤
│                                                                                                                      │
│advantages_max=2.475                   │advantages_mean=-0.066                 │advantages_min=-2.475                 │
│rewards=0.0031                         │                                       │                                      │
│                                                                                                                      │
├─────────────────────────────────────────────────── Training/Actor ───────────────────────────────────────────────────┤
│                                                                                                                      │
│actor/approx_kl=0.017                  │actor/clip_fraction=0.0016             │actor/clipped_ratio=1.000             │
│actor/dual_cliped_ratio=0.0000         │actor/dvac_current_mean=-6.492         │actor/dvac_current_std=0.455          │
│actor/dvac_history_mean=-6.607         │actor/dvac_history_std=0.477           │actor/dvac_warmup=0.0000              │
│actor/dvac_weight_ess_fraction=0.954   │actor/dvac_weight_mean=1.058           │actor/dvac_weight_sq_mean=1.174       │
│actor/dvac_z_high_clip_fraction=0.022  │actor/dvac_z_low_clip_fraction=0.0089  │actor/entropy_loss=0.0000             │
│actor/grad_norm=23.441                 │actor/lr=5.00e-06                      │actor/policy_loss=-0.122              │
│actor/policy_loss_abs=34.377           │actor/ratio=1.000                      │actor/ratio_abs=0.0086                │
│actor/total_loss=-0.0076               │                                       │                                      │
│                                                                                                                      │
╰──────────────────────────────────────────────────────────────────────────────────────────────────────────────────────╯


╭──────────────────────────────────────────────────────────────────────────────────────────────────────────────────────╮
├──────────────────────────────────────────────────── Metric Table ────────────────────────────────────────────────────┤
│ Global Step:   47/200 │ Progress: █████████░░░░░░░░░░░░░░░░░░░░░░░░░░░░░░░ │  23.5%                                  │
│ Elapsed: 17:02:29 │ ETA: 55:28:31 │ Step Time: 1305.302s                                                             │
├──────────────────────────────────────────────────────── Time ────────────────────────────────────────────────────────┤
│                                                                                                                      │
│actor/actor/compute_adv=0.0070         │actor/actor/recv_traj=1175.1           │actor/actor/sync_model_to_rollout=2.2…│
│actor/run_training=23.563              │actor_training=23.569                  │cal_adv_and_returns=0.012             │
│env/compute_bootstrap_rewards=0.0031   │env/env/bootstrap_step=794.1           │env/env/send_rollout_trajectories=0.8…│
│env/env_interact_step=361.9            │env/interact=1174.3                    │env/run_interact_once=1174.3          │
│generate_rollouts=1176.7               │rollout/generate_one_epoch=1172.5      │rollout/predict=14.284                │
│rollout/rollout/generate=1176.7        │rollout/sync_model_from_actor=4.888    │step=1205.2                           │
│sync_weights=4.890                     │                                       │                                      │
│                                                                                                                      │
├──────────────────────────────────────────────────── Environment ─────────────────────────────────────────────────────┤
│                                                                                                                      │
│episode_len=200.0                      │num_trajectories=256                   │return=0.5390625                      │
│reward=0.0026953123                    │success_once=0.5390625                 │                                      │
│                                                                                                                      │
├────────────────────────────────────────────────────── Rollout ───────────────────────────────────────────────────────┤
│                                                                                                                      │
│advantages_max=2.475                   │advantages_mean=-0.051                 │advantages_min=-2.475                 │
│rewards=0.0030                         │                                       │                                      │
│                                                                                                                      │
├─────────────────────────────────────────────────── Training/Actor ───────────────────────────────────────────────────┤
│                                                                                                                      │
│actor/approx_kl=0.020                  │actor/clip_fraction=0.0024             │actor/clipped_ratio=1.000             │
│actor/dual_cliped_ratio=0.0000         │actor/dvac_current_mean=-6.555         │actor/dvac_current_std=0.449          │
│actor/dvac_history_mean=-6.591         │actor/dvac_history_std=0.477           │actor/dvac_warmup=0.0000              │
│actor/dvac_weight_ess_fraction=0.952   │actor/dvac_weight_mean=1.018           │actor/dvac_weight_sq_mean=1.089       │
│actor/dvac_z_high_clip_fraction=0.014  │actor/dvac_z_low_clip_fraction=0.011   │actor/entropy_loss=0.0000             │
│actor/grad_norm=30.947                 │actor/lr=5.00e-06                      │actor/policy_loss=-0.054              │
│actor/policy_loss_abs=37.867           │actor/ratio=1.000                      │actor/ratio_abs=0.0094                │
│actor/total_loss=-0.0034               │                                       │                                      │
│                                                                                                                      │
╰──────────────────────────────────────────────────────────────────────────────────────────────────────────────────────╯


╭──────────────────────────────────────────────────────────────────────────────────────────────────────────────────────╮
├──────────────────────────────────────────────────── Metric Table ────────────────────────────────────────────────────┤
│ Global Step:   48/200 │ Progress: █████████░░░░░░░░░░░░░░░░░░░░░░░░░░░░░░░ │  24.0%                                  │
│ Elapsed: 17:22:35 │ ETA: 55:01:32 │ Step Time: 1303.237s                                                             │
├──────────────────────────────────────────────────────── Time ────────────────────────────────────────────────────────┤
│                                                                                                                      │
│actor/actor/compute_adv=0.0073         │actor/actor/recv_traj=1177.5           │actor/actor/sync_model_to_rollout=2.4…│
│actor/run_training=21.791              │actor_training=21.794                  │cal_adv_and_returns=0.011             │
│env/compute_bootstrap_rewards=0.0014   │env/env/bootstrap_step=803.1           │env/env/send_rollout_trajectories=1.1…│
│env/env_interact_step=354.8            │env/interact=1176.8                    │env/run_interact_once=1176.8          │
│generate_rollouts=1178.9               │rollout/generate_one_epoch=1174.6      │rollout/predict=14.331                │
│rollout/rollout/generate=1178.9        │rollout/sync_model_from_actor=5.458    │step=1206.2                           │
│sync_weights=5.461                     │                                       │                                      │
│                                                                                                                      │
├──────────────────────────────────────────────────── Environment ─────────────────────────────────────────────────────┤
│                                                                                                                      │
│episode_len=200.0                      │num_trajectories=256                   │return=0.6015625                      │
│reward=0.0030078122                    │success_once=0.6015625                 │                                      │
│                                                                                                                      │
├────────────────────────────────────────────────────── Rollout ───────────────────────────────────────────────────────┤
│                                                                                                                      │
│advantages_max=2.475                   │advantages_mean=-0.077                 │advantages_min=-2.475                 │
│rewards=0.0031                         │                                       │                                      │
│                                                                                                                      │
├─────────────────────────────────────────────────── Training/Actor ───────────────────────────────────────────────────┤
│                                                                                                                      │
│actor/approx_kl=0.020                  │actor/clip_fraction=0.0024             │actor/clipped_ratio=1.000             │
│actor/dual_cliped_ratio=0.0000         │actor/dvac_current_mean=-6.607         │actor/dvac_current_std=0.433          │
│actor/dvac_history_mean=-6.587         │actor/dvac_history_std=0.473           │actor/dvac_warmup=0.0000              │
│actor/dvac_weight_ess_fraction=0.952   │actor/dvac_weight_mean=0.989           │actor/dvac_weight_sq_mean=1.027       │
│actor/dvac_z_high_clip_fraction=0.011  │actor/dvac_z_low_clip_fraction=0.014   │actor/entropy_loss=0.0000             │
│actor/grad_norm=22.871                 │actor/lr=5.00e-06                      │actor/policy_loss=0.165               │
│actor/policy_loss_abs=35.081           │actor/ratio=1.000                      │actor/ratio_abs=0.011                 │
│actor/total_loss=0.010                 │                                       │                                      │
│                                                                                                                      │
╰──────────────────────────────────────────────────────────────────────────────────────────────────────────────────────╯


╭──────────────────────────────────────────────────────────────────────────────────────────────────────────────────────╮
├──────────────────────────────────────────────────── Metric Table ────────────────────────────────────────────────────┤
│ Global Step:   49/200 │ Progress: █████████░░░░░░░░░░░░░░░░░░░░░░░░░░░░░░░ │  24.5%                                  │
│ Elapsed: 17:42:37 │ ETA: 54:34:36 │ Step Time: 1301.169s                                                             │
├──────────────────────────────────────────────────────── Time ────────────────────────────────────────────────────────┤
│                                                                                                                      │
│actor/actor/compute_adv=0.0049         │actor/actor/recv_traj=1170.8           │actor/actor/sync_model_to_rollout=1.9…│
│actor/run_training=21.868              │actor_training=21.871                  │cal_adv_and_returns=0.010             │
│env/compute_bootstrap_rewards=0.0014   │env/env/bootstrap_step=796.6           │env/env/send_rollout_trajectories=1.3…│
│env/env_interact_step=356.3            │env/interact=1169.7                    │env/run_interact_once=1169.7          │
│generate_rollouts=1175.4               │rollout/generate_one_epoch=1167.3      │rollout/predict=14.349                │
│rollout/rollout/generate=1175.4        │rollout/sync_model_from_actor=4.621    │step=1201.9                           │
│sync_weights=4.624                     │                                       │                                      │
│                                                                                                                      │
├──────────────────────────────────────────────────── Environment ─────────────────────────────────────────────────────┤
│                                                                                                                      │
│episode_len=200.0                      │num_trajectories=256                   │return=0.5703125                      │
│reward=0.0028515623                    │success_once=0.5703125                 │                                      │
│                                                                                                                      │
├────────────────────────────────────────────────────── Rollout ───────────────────────────────────────────────────────┤
│                                                                                                                      │
│advantages_max=1.620                   │advantages_mean=-0.067                 │advantages_min=-2.475                 │
│rewards=0.0033                         │                                       │                                      │
│                                                                                                                      │
├─────────────────────────────────────────────────── Training/Actor ───────────────────────────────────────────────────┤
│                                                                                                                      │
│actor/approx_kl=0.0064                 │actor/clip_fraction=9.46e-04           │actor/clipped_ratio=1.000             │
│actor/dual_cliped_ratio=0.0000         │actor/dvac_current_mean=-6.710         │actor/dvac_current_std=0.414          │
│actor/dvac_history_mean=-6.566         │actor/dvac_history_std=0.461           │actor/dvac_warmup=0.0000              │
│actor/dvac_weight_ess_fraction=0.947   │actor/dvac_weight_mean=0.923           │actor/dvac_weight_sq_mean=0.899       │
│actor/dvac_z_high_clip_fraction=0.0061 │actor/dvac_z_low_clip_fraction=0.024   │actor/entropy_loss=0.0000             │
│actor/grad_norm=16.862                 │actor/lr=5.00e-06                      │actor/policy_loss=-0.051              │
│actor/policy_loss_abs=31.884           │actor/ratio=1.000                      │actor/ratio_abs=0.0072                │
│actor/total_loss=-0.0032               │                                       │                                      │
│                                                                                                                      │
╰──────────────────────────────────────────────────────────────────────────────────────────────────────────────────────╯


╭──────────────────────────────────────────────────────────────────────────────────────────────────────────────────────╮
├──────────────────────────────────────────────────── Metric Table ────────────────────────────────────────────────────┤
│ Global Step:   50/200 │ Progress: ██████████░░░░░░░░░░░░░░░░░░░░░░░░░░░░░░ │  25.0%                                  │
│ Elapsed: 18:07:38 │ ETA: 54:22:54 │ Step Time: 1305.164s                                                             │
├──────────────────────────────────────────────────────── Time ────────────────────────────────────────────────────────┤
│                                                                                                                      │
│actor/actor/compute_adv=0.0082         │actor/actor/recv_traj=1191.5           │actor/actor/sync_model_to_rollout=4.1…│
│actor/run_training=21.977              │actor_training=21.982                  │cal_adv_and_returns=0.016             │
│env/compute_bootstrap_rewards=0.0015   │env/env/bootstrap_step=801.2           │env/env/send_rollout_trajectories=1.3…│
│env/env_interact_step=372.7            │env/evaluate=245.6                     │env/interact=1190.4                   │
│env/run_interact_once=1190.4           │eval=250.4                             │generate_rollouts=1194.2              │
│rollout/evaluate=136.0                 │rollout/generate_one_epoch=1187.9      │rollout/predict=15.968                │
│rollout/rollout/generate=1194.2        │rollout/sync_model_from_actor=9.250    │step=1500.9                           │
│sync_weights=4.822                     │                                       │                                      │
│                                                                                                                      │
├──────────────────────────────────────────────────── Environment ─────────────────────────────────────────────────────┤
│                                                                                                                      │
│episode_len=200.0                      │num_trajectories=256                   │return=0.53515625                     │
│reward=0.002675781                     │success_once=0.53515625                │                                      │
│                                                                                                                      │
├────────────────────────────────────────────────────── Rollout ───────────────────────────────────────────────────────┤
│                                                                                                                      │
│advantages_max=2.475                   │advantages_mean=-0.067                 │advantages_min=-2.475                 │
│rewards=0.0026                         │                                       │                                      │
│                                                                                                                      │
├───────────────────────────────────────────────────── Evaluation ─────────────────────────────────────────────────────┤
│                                                                                                                      │
│episode_len=200.0                      │num_trajectories=32                    │return=0.6875                         │
│reward=0.0034375                       │success_at_end=0.6875                  │success_once=0.6875                   │
│                                                                                                                      │
├─────────────────────────────────────────────────── Training/Actor ───────────────────────────────────────────────────┤
│                                                                                                                      │
│actor/approx_kl=0.016                  │actor/clip_fraction=0.0016             │actor/clipped_ratio=1.000             │
│actor/dual_cliped_ratio=0.0000         │actor/dvac_current_mean=-6.713         │actor/dvac_current_std=0.432          │
│actor/dvac_history_mean=-6.601         │actor/dvac_history_std=0.452           │actor/dvac_warmup=0.0000              │
│actor/dvac_weight_ess_fraction=0.943   │actor/dvac_weight_mean=0.939           │actor/dvac_weight_sq_mean=0.935       │
│actor/dvac_z_high_clip_fraction=0.0095 │actor/dvac_z_low_clip_fraction=0.025   │actor/entropy_loss=0.0000             │
│actor/grad_norm=24.678                 │actor/lr=5.00e-06                      │actor/policy_loss=-0.194              │
│actor/policy_loss_abs=34.944           │actor/ratio=1.000                      │actor/ratio_abs=0.010                 │
│actor/total_loss=-0.012                │                                       │                                      │
│                                                                                                                      │
╰──────────────────────────────────────────────────────────────────────────────────────────────────────────────────────╯


╭──────────────────────────────────────────────────────────────────────────────────────────────────────────────────────╮
├──────────────────────────────────────────────────── Metric Table ────────────────────────────────────────────────────┤
│ Global Step:   51/200 │ Progress: ██████████░░░░░░░░░░░░░░░░░░░░░░░░░░░░░░ │  25.5%                                  │
│ Elapsed: 18:27:59 │ ETA: 53:57:05 │ Step Time: 1303.528s                                                             │
├──────────────────────────────────────────────────────── Time ────────────────────────────────────────────────────────┤
│                                                                                                                      │
│actor/actor/compute_adv=0.0054         │actor/actor/recv_traj=1196.5           │actor/actor/sync_model_to_rollout=1.8…│
│actor/run_training=21.749              │actor_training=21.752                  │cal_adv_and_returns=0.0098            │
│env/compute_bootstrap_rewards=0.0013   │env/env/bootstrap_step=829.6           │env/env/send_rollout_trajectories=1.2…│
│env/env_interact_step=346.9            │env/interact=1195.5                    │env/run_interact_once=1195.5          │
│generate_rollouts=1198.1               │rollout/generate_one_epoch=1192.8      │rollout/predict=14.647                │
│rollout/rollout/generate=1198.1        │rollout/sync_model_from_actor=1.606    │step=1221.7                           │
│sync_weights=1.867                     │                                       │                                      │
│                                                                                                                      │
├──────────────────────────────────────────────────── Environment ─────────────────────────────────────────────────────┤
│                                                                                                                      │
│episode_len=200.0                      │num_trajectories=256                   │return=0.640625                       │
│reward=0.0032031247                    │success_once=0.640625                  │                                      │
│                                                                                                                      │
├────────────────────────────────────────────────────── Rollout ───────────────────────────────────────────────────────┤
│                                                                                                                      │
│advantages_max=1.620                   │advantages_mean=-0.066                 │advantages_min=-2.475                 │
│rewards=0.0036                         │                                       │                                      │
│                                                                                                                      │
├─────────────────────────────────────────────────── Training/Actor ───────────────────────────────────────────────────┤
│                                                                                                                      │
│actor/approx_kl=0.021                  │actor/clip_fraction=0.0016             │actor/clipped_ratio=1.000             │
│actor/dual_cliped_ratio=0.0000         │actor/dvac_current_mean=-6.540         │actor/dvac_current_std=0.408          │
│actor/dvac_history_mean=-6.616         │actor/dvac_history_std=0.445           │actor/dvac_warmup=0.0000              │
│actor/dvac_weight_ess_fraction=0.957   │actor/dvac_weight_mean=1.041           │actor/dvac_weight_sq_mean=1.132       │
│actor/dvac_z_high_clip_fraction=0.020  │actor/dvac_z_low_clip_fraction=0.011   │actor/entropy_loss=0.0000             │
│actor/grad_norm=30.425                 │actor/lr=5.00e-06                      │actor/policy_loss=-0.127              │
│actor/policy_loss_abs=40.480           │actor/ratio=1.000                      │actor/ratio_abs=0.011                 │
│actor/total_loss=-0.0079               │                                       │                                      │
│                                                                                                                      │
╰──────────────────────────────────────────────────────────────────────────────────────────────────────────────────────╯


╭──────────────────────────────────────────────────────────────────────────────────────────────────────────────────────╮
├──────────────────────────────────────────────────── Metric Table ────────────────────────────────────────────────────┤
│ Global Step:   52/200 │ Progress: ██████████░░░░░░░░░░░░░░░░░░░░░░░░░░░░░░ │  26.0%                                  │
│ Elapsed: 18:48:08 │ ETA: 53:30:51 │ Step Time: 1301.701s                                                             │
├──────────────────────────────────────────────────────── Time ────────────────────────────────────────────────────────┤
│                                                                                                                      │
│actor/actor/compute_adv=0.0084         │actor/actor/recv_traj=1176.3           │actor/actor/sync_model_to_rollout=2.1…│
│actor/run_training=24.391              │actor_training=24.396                  │cal_adv_and_returns=0.016             │
│env/compute_bootstrap_rewards=0.0015   │env/env/bootstrap_step=780.5           │env/env/send_rollout_trajectories=1.3…│
│env/env_interact_step=381.3            │env/interact=1175.3                    │env/run_interact_once=1175.3          │
│generate_rollouts=1179.1               │rollout/generate_one_epoch=1172.8      │rollout/predict=14.403                │
│rollout/rollout/generate=1179.1        │rollout/sync_model_from_actor=4.913    │step=1208.5                           │
│sync_weights=4.916                     │                                       │                                      │
│                                                                                                                      │
├──────────────────────────────────────────────────── Environment ─────────────────────────────────────────────────────┤
│                                                                                                                      │
│episode_len=200.0                      │num_trajectories=256                   │return=0.56640625                     │
│reward=0.002832031                     │success_once=0.56640625                │                                      │
│                                                                                                                      │
├────────────────────────────────────────────────────── Rollout ───────────────────────────────────────────────────────┤
│                                                                                                                      │
│advantages_max=2.475                   │advantages_mean=-0.065                 │advantages_min=-2.475                 │
│rewards=0.0029                         │                                       │                                      │
│                                                                                                                      │
├─────────────────────────────────────────────────── Training/Actor ───────────────────────────────────────────────────┤
│                                                                                                                      │
│actor/approx_kl=0.019                  │actor/clip_fraction=0.0012             │actor/clipped_ratio=1.000             │
│actor/dual_cliped_ratio=0.0000         │actor/dvac_current_mean=-6.703         │actor/dvac_current_std=0.418          │
│actor/dvac_history_mean=-6.625         │actor/dvac_history_std=0.434           │actor/dvac_warmup=0.0000              │
│actor/dvac_weight_ess_fraction=0.944   │actor/dvac_weight_mean=0.955           │actor/dvac_weight_sq_mean=0.966       │
│actor/dvac_z_high_clip_fraction=0.013  │actor/dvac_z_low_clip_fraction=0.022   │actor/entropy_loss=0.0000             │
│actor/grad_norm=21.977                 │actor/lr=5.00e-06                      │actor/policy_loss=-0.223              │
│actor/policy_loss_abs=35.443           │actor/ratio=1.000                      │actor/ratio_abs=0.0095                │
│actor/total_loss=-0.014                │                                       │                                      │
│                                                                                                                      │
╰──────────────────────────────────────────────────────────────────────────────────────────────────────────────────────╯


╭──────────────────────────────────────────────────────────────────────────────────────────────────────────────────────╮
├──────────────────────────────────────────────────── Metric Table ────────────────────────────────────────────────────┤
│ Global Step:   53/200 │ Progress: ██████████░░░░░░░░░░░░░░░░░░░░░░░░░░░░░░ │  26.5%                                  │
│ Elapsed: 19:09:12 │ ETA: 53:07:26 │ Step Time: 1300.999s                                                             │
├──────────────────────────────────────────────────────── Time ────────────────────────────────────────────────────────┤
│                                                                                                                      │
│actor/actor/compute_adv=0.0068         │actor/actor/recv_traj=1234.5           │actor/actor/sync_model_to_rollout=2.4…│
│actor/run_training=23.255              │actor_training=23.261                  │cal_adv_and_returns=0.012             │
│env/compute_bootstrap_rewards=0.0014   │env/env/bootstrap_step=866.0           │env/env/send_rollout_trajectories=0.8…│
│env/env_interact_step=356.3            │env/interact=1233.7                    │env/run_interact_once=1233.7          │
│generate_rollouts=1236.1               │rollout/generate_one_epoch=1231.6      │rollout/predict=14.279                │
│rollout/rollout/generate=1236.1        │rollout/sync_model_from_actor=5.063    │step=1264.4                           │
│sync_weights=5.066                     │                                       │                                      │
│                                                                                                                      │
├──────────────────────────────────────────────────── Environment ─────────────────────────────────────────────────────┤
│                                                                                                                      │
│episode_len=200.0                      │num_trajectories=256                   │return=0.515625                       │
│reward=0.0025781249                    │success_once=0.515625                  │                                      │
│                                                                                                                      │
├────────────────────────────────────────────────────── Rollout ───────────────────────────────────────────────────────┤
│                                                                                                                      │
│advantages_max=2.475                   │advantages_mean=-0.065                 │advantages_min=-2.475                 │
│rewards=0.0028                         │                                       │                                      │
│                                                                                                                      │
├─────────────────────────────────────────────────── Training/Actor ───────────────────────────────────────────────────┤
│                                                                                                                      │
│actor/approx_kl=0.0093                 │actor/clip_fraction=2.64e-04           │actor/clipped_ratio=1.000             │
│actor/dual_cliped_ratio=0.0000         │actor/dvac_current_mean=-6.683         │actor/dvac_current_std=0.431          │
│actor/dvac_history_mean=-6.655         │actor/dvac_history_std=0.427           │actor/dvac_warmup=0.0000              │
│actor/dvac_weight_ess_fraction=0.942   │actor/dvac_weight_mean=0.983           │actor/dvac_weight_sq_mean=1.025       │
│actor/dvac_z_high_clip_fraction=0.019  │actor/dvac_z_low_clip_fraction=0.019   │actor/entropy_loss=0.0000             │
│actor/grad_norm=18.488                 │actor/lr=5.00e-06                      │actor/policy_loss=-5.07e-04           │
│actor/policy_loss_abs=38.337           │actor/ratio=1.000                      │actor/ratio_abs=0.0066                │
│actor/total_loss=-3.17e-05             │                                       │                                      │
│                                                                                                                      │
╰──────────────────────────────────────────────────────────────────────────────────────────────────────────────────────╯


╭──────────────────────────────────────────────────────────────────────────────────────────────────────────────────────╮
├──────────────────────────────────────────────────── Metric Table ────────────────────────────────────────────────────┤
│ Global Step:   54/200 │ Progress: ██████████░░░░░░░░░░░░░░░░░░░░░░░░░░░░░░ │  27.0%                                  │
│ Elapsed: 19:29:23 │ ETA: 52:41:42 │ Step Time: 1299.333s                                                             │
├──────────────────────────────────────────────────────── Time ────────────────────────────────────────────────────────┤
│                                                                                                                      │
│actor/actor/compute_adv=0.0067         │actor/actor/recv_traj=1181.6           │actor/actor/sync_model_to_rollout=2.3…│
│actor/run_training=22.199              │actor_training=22.203                  │cal_adv_and_returns=0.012             │
│env/compute_bootstrap_rewards=0.0015   │env/env/bootstrap_step=811.5           │env/env/send_rollout_trajectories=0.8…│
│env/env_interact_step=350.7            │env/interact=1180.8                    │env/run_interact_once=1180.8          │
│generate_rollouts=1183.3               │rollout/generate_one_epoch=1178.9      │rollout/predict=14.229                │
│rollout/rollout/generate=1183.3        │rollout/sync_model_from_actor=5.489    │step=1211.0                           │
│sync_weights=5.494                     │                                       │                                      │
│                                                                                                                      │
├──────────────────────────────────────────────────── Environment ─────────────────────────────────────────────────────┤
│                                                                                                                      │
│episode_len=200.0                      │num_trajectories=256                   │return=0.671875                       │
│reward=0.0033593748                    │success_once=0.671875                  │                                      │
│                                                                                                                      │
├────────────────────────────────────────────────────── Rollout ───────────────────────────────────────────────────────┤
│                                                                                                                      │
│advantages_max=2.475                   │advantages_mean=-0.070                 │advantages_min=-2.475                 │
│rewards=0.0035                         │                                       │                                      │
│                                                                                                                      │
├─────────────────────────────────────────────────── Training/Actor ───────────────────────────────────────────────────┤
│                                                                                                                      │
│actor/approx_kl=0.014                  │actor/clip_fraction=7.00e-04           │actor/clipped_ratio=1.000             │
│actor/dual_cliped_ratio=0.0000         │actor/dvac_current_mean=-6.688         │actor/dvac_current_std=0.429          │
│actor/dvac_history_mean=-6.670         │actor/dvac_history_std=0.426           │actor/dvac_warmup=0.0000              │
│actor/dvac_weight_ess_fraction=0.942   │actor/dvac_weight_mean=0.989           │actor/dvac_weight_sq_mean=1.037       │
│actor/dvac_z_high_clip_fraction=0.019  │actor/dvac_z_low_clip_fraction=0.017   │actor/entropy_loss=0.0000             │
│actor/grad_norm=20.099                 │actor/lr=5.00e-06                      │actor/policy_loss=0.047               │
│actor/policy_loss_abs=32.884           │actor/ratio=1.000                      │actor/ratio_abs=0.0092                │
│actor/total_loss=0.0030                │                                       │                                      │
│                                                                                                                      │
╰──────────────────────────────────────────────────────────────────────────────────────────────────────────────────────╯


╭──────────────────────────────────────────────────────────────────────────────────────────────────────────────────────╮
├──────────────────────────────────────────────────── Metric Table ────────────────────────────────────────────────────┤
│ Global Step:   55/200 │ Progress: ███████████░░░░░░░░░░░░░░░░░░░░░░░░░░░░░ │  27.5%                                  │
│ Elapsed: 19:54:31 │ ETA: 52:29:11 │ Step Time: 1303.112s                                                             │
├──────────────────────────────────────────────────────── Time ────────────────────────────────────────────────────────┤
│                                                                                                                      │
│actor/actor/compute_adv=0.0052         │actor/actor/recv_traj=1214.9           │actor/actor/sync_model_to_rollout=4.3…│
│actor/run_training=22.365              │actor_training=22.369                  │cal_adv_and_returns=0.011             │
│env/compute_bootstrap_rewards=0.0014   │env/env/bootstrap_step=836.6           │env/env/send_rollout_trajectories=1.2…│
│env/env_interact_step=365.7            │env/evaluate=257.0                     │env/interact=1214.0                   │
│env/run_interact_once=1214.0           │eval=261.9                             │generate_rollouts=1218.0              │
│rollout/evaluate=139.5                 │rollout/generate_one_epoch=1212.0      │rollout/predict=16.090                │
│rollout/rollout/generate=1218.0        │rollout/sync_model_from_actor=9.665    │step=1507.1                           │
│sync_weights=4.868                     │                                       │                                      │
│                                                                                                                      │
├──────────────────────────────────────────────────── Environment ─────────────────────────────────────────────────────┤
│                                                                                                                      │
│episode_len=200.0                      │num_trajectories=256                   │return=0.60546875                     │
│reward=0.0030273434                    │success_once=0.60546875                │                                      │
│                                                                                                                      │
├────────────────────────────────────────────────────── Rollout ───────────────────────────────────────────────────────┤
│                                                                                                                      │
│advantages_max=1.620                   │advantages_mean=-0.079                 │advantages_min=-2.475                 │
│rewards=0.0032                         │                                       │                                      │
│                                                                                                                      │
├───────────────────────────────────────────────────── Evaluation ─────────────────────────────────────────────────────┤
│                                                                                                                      │
│episode_len=200.0                      │num_trajectories=32                    │return=0.625                          │
│reward=0.0031249998                    │success_at_end=0.625                   │success_once=0.625                    │
│                                                                                                                      │
├─────────────────────────────────────────────────── Training/Actor ───────────────────────────────────────────────────┤
│                                                                                                                      │
│actor/approx_kl=0.021                  │actor/clip_fraction=0.0023             │actor/clipped_ratio=1.000             │
│actor/dual_cliped_ratio=0.0000         │actor/dvac_current_mean=-6.638         │actor/dvac_current_std=0.405          │
│actor/dvac_history_mean=-6.665         │actor/dvac_history_std=0.429           │actor/dvac_warmup=0.0000              │
│actor/dvac_weight_ess_fraction=0.951   │actor/dvac_weight_mean=1.016           │actor/dvac_weight_sq_mean=1.084       │
│actor/dvac_z_high_clip_fraction=0.014  │actor/dvac_z_low_clip_fraction=0.014   │actor/entropy_loss=0.0000             │
│actor/grad_norm=24.557                 │actor/lr=5.00e-06                      │actor/policy_loss=-0.423              │
│actor/policy_loss_abs=34.001           │actor/ratio=1.000                      │actor/ratio_abs=0.0097                │
│actor/total_loss=-0.026                │                                       │                                      │
│                                                                                                                      │
╰──────────────────────────────────────────────────────────────────────────────────────────────────────────────────────╯


╭──────────────────────────────────────────────────────────────────────────────────────────────────────────────────────╮
├──────────────────────────────────────────────────── Metric Table ────────────────────────────────────────────────────┤
│ Global Step:   56/200 │ Progress: ███████████░░░░░░░░░░░░░░░░░░░░░░░░░░░░░ │  28.0%                                  │
│ Elapsed: 20:15:18 │ ETA: 52:05:03 │ Step Time: 1302.110s                                                             │
├──────────────────────────────────────────────────────── Time ────────────────────────────────────────────────────────┤
│                                                                                                                      │
│actor/actor/compute_adv=0.0066         │actor/actor/recv_traj=1220.9           │actor/actor/sync_model_to_rollout=1.7…│
│actor/run_training=22.500              │actor_training=22.504                  │cal_adv_and_returns=0.012             │
│env/compute_bootstrap_rewards=0.0014   │env/env/bootstrap_step=838.6           │env/env/send_rollout_trajectories=0.8…│
│env/env_interact_step=363.0            │env/interact=1220.2                    │env/run_interact_once=1220.2          │
│generate_rollouts=1222.6               │rollout/generate_one_epoch=1217.2      │rollout/predict=14.302                │
│rollout/rollout/generate=1222.6        │rollout/sync_model_from_actor=1.662    │step=1247.0                           │
│sync_weights=1.799                     │                                       │                                      │
│                                                                                                                      │
├──────────────────────────────────────────────────── Environment ─────────────────────────────────────────────────────┤
│                                                                                                                      │
│episode_len=200.0                      │num_trajectories=256                   │return=0.625                          │
│reward=0.0031249998                    │success_once=0.625                     │                                      │
│                                                                                                                      │
├────────────────────────────────────────────────────── Rollout ───────────────────────────────────────────────────────┤
│                                                                                                                      │
│advantages_max=2.475                   │advantages_mean=-0.063                 │advantages_min=-2.475                 │
│rewards=0.0032                         │                                       │                                      │
│                                                                                                                      │
├─────────────────────────────────────────────────── Training/Actor ───────────────────────────────────────────────────┤
│                                                                                                                      │
│actor/approx_kl=0.018                  │actor/clip_fraction=0.0026             │actor/clipped_ratio=1.000             │
│actor/dual_cliped_ratio=0.0000         │actor/dvac_current_mean=-6.626         │actor/dvac_current_std=0.398          │
│actor/dvac_history_mean=-6.650         │actor/dvac_history_std=0.423           │actor/dvac_warmup=0.0000              │
│actor/dvac_weight_ess_fraction=0.952   │actor/dvac_weight_mean=1.013           │actor/dvac_weight_sq_mean=1.079       │
│actor/dvac_z_high_clip_fraction=0.019  │actor/dvac_z_low_clip_fraction=0.011   │actor/entropy_loss=0.0000             │
│actor/grad_norm=30.187                 │actor/lr=5.00e-06                      │actor/policy_loss=-0.335              │
│actor/policy_loss_abs=36.577           │actor/ratio=1.000                      │actor/ratio_abs=0.012                 │
│actor/total_loss=-0.021                │                                       │                                      │
│                                                                                                                      │
╰──────────────────────────────────────────────────────────────────────────────────────────────────────────────────────╯


╭──────────────────────────────────────────────────────────────────────────────────────────────────────────────────────╮
├──────────────────────────────────────────────────── Metric Table ────────────────────────────────────────────────────┤
│ Global Step:   57/200 │ Progress: ███████████░░░░░░░░░░░░░░░░░░░░░░░░░░░░░ │  28.5%                                  │
│ Elapsed: 20:35:59 │ ETA: 51:40:48 │ Step Time: 1301.041s                                                             │
├──────────────────────────────────────────────────────── Time ────────────────────────────────────────────────────────┤
│                                                                                                                      │
│actor/actor/compute_adv=0.0069         │actor/actor/recv_traj=1209.6           │actor/actor/sync_model_to_rollout=2.2…│
│actor/run_training=23.885              │actor_training=23.892                  │cal_adv_and_returns=0.014             │
│env/compute_bootstrap_rewards=0.0015   │env/env/bootstrap_step=831.9           │env/env/send_rollout_trajectories=1.4…│
│env/env_interact_step=360.9            │env/interact=1208.5                    │env/run_interact_once=1208.5          │
│generate_rollouts=1212.4               │rollout/generate_one_epoch=1206.0      │rollout/predict=14.332                │
│rollout/rollout/generate=1212.4        │rollout/sync_model_from_actor=4.858    │step=1241.2                           │
│sync_weights=4.860                     │                                       │                                      │
│                                                                                                                      │
├──────────────────────────────────────────────────── Environment ─────────────────────────────────────────────────────┤
│                                                                                                                      │
│episode_len=200.0                      │num_trajectories=256                   │return=0.5703125                      │
│reward=0.0028515623                    │success_once=0.5703125                 │                                      │
│                                                                                                                      │
├────────────────────────────────────────────────────── Rollout ───────────────────────────────────────────────────────┤
│                                                                                                                      │
│advantages_max=2.475                   │advantages_mean=-0.074                 │advantages_min=-2.475                 │
│rewards=0.0026                         │                                       │                                      │
│                                                                                                                      │
├─────────────────────────────────────────────────── Training/Actor ───────────────────────────────────────────────────┤
│                                                                                                                      │
│actor/approx_kl=0.0054                 │actor/clip_fraction=3.39e-04           │actor/clipped_ratio=1.000             │
│actor/dual_cliped_ratio=0.0000         │actor/dvac_current_mean=-6.701         │actor/dvac_current_std=0.391          │
│actor/dvac_history_mean=-6.668         │actor/dvac_history_std=0.418           │actor/dvac_warmup=0.0000              │
│actor/dvac_weight_ess_fraction=0.949   │actor/dvac_weight_mean=0.979           │actor/dvac_weight_sq_mean=1.010       │
│actor/dvac_z_high_clip_fraction=0.014  │actor/dvac_z_low_clip_fraction=0.013   │actor/entropy_loss=0.0000             │
│actor/grad_norm=21.155                 │actor/lr=5.00e-06                      │actor/policy_loss=-0.070              │
│actor/policy_loss_abs=31.477           │actor/ratio=1.000                      │actor/ratio_abs=0.0067                │
│actor/total_loss=-0.0044               │                                       │                                      │
│                                                                                                                      │
╰──────────────────────────────────────────────────────────────────────────────────────────────────────────────────────╯


╭──────────────────────────────────────────────────────────────────────────────────────────────────────────────────────╮
├──────────────────────────────────────────────────── Metric Table ────────────────────────────────────────────────────┤
│ Global Step:   58/200 │ Progress: ███████████░░░░░░░░░░░░░░░░░░░░░░░░░░░░░ │  29.0%                                  │
│ Elapsed: 20:56:55 │ ETA: 51:17:18 │ Step Time: 1300.271s                                                             │
├──────────────────────────────────────────────────────── Time ────────────────────────────────────────────────────────┤
│                                                                                                                      │
│actor/actor/compute_adv=0.0065         │actor/actor/recv_traj=1227.2           │actor/actor/sync_model_to_rollout=2.3…│
│actor/run_training=22.168              │actor_training=22.172                  │cal_adv_and_returns=0.011             │
│env/compute_bootstrap_rewards=0.0015   │env/env/bootstrap_step=827.0           │env/env/send_rollout_trajectories=1.0…│
│env/env_interact_step=383.9            │env/interact=1226.4                    │env/run_interact_once=1226.4          │
│generate_rollouts=1229.0               │rollout/generate_one_epoch=1223.8      │rollout/predict=14.273                │
│rollout/rollout/generate=1228.9        │rollout/sync_model_from_actor=5.206    │step=1256.4                           │
│sync_weights=5.209                     │                                       │                                      │
│                                                                                                                      │
├──────────────────────────────────────────────────── Environment ─────────────────────────────────────────────────────┤
│                                                                                                                      │
│episode_len=200.0                      │num_trajectories=256                   │return=0.55859375                     │
│reward=0.0027929684                    │success_once=0.55859375                │                                      │
│                                                                                                                      │
├────────────────────────────────────────────────────── Rollout ───────────────────────────────────────────────────────┤
│                                                                                                                      │
│advantages_max=2.475                   │advantages_mean=-0.073                 │advantages_min=-2.475                 │
│rewards=0.0028                         │                                       │                                      │
│                                                                                                                      │
├─────────────────────────────────────────────────── Training/Actor ───────────────────────────────────────────────────┤
│                                                                                                                      │
│actor/approx_kl=0.033                  │actor/clip_fraction=0.0017             │actor/clipped_ratio=1.000             │
│actor/dual_cliped_ratio=0.0000         │actor/dvac_current_mean=-6.663         │actor/dvac_current_std=0.414          │
│actor/dvac_history_mean=-6.667         │actor/dvac_history_std=0.412           │actor/dvac_warmup=0.0000              │
│actor/dvac_weight_ess_fraction=0.945   │actor/dvac_weight_mean=1.001           │actor/dvac_weight_sq_mean=1.061       │
│actor/dvac_z_high_clip_fraction=0.021  │actor/dvac_z_low_clip_fraction=0.017   │actor/entropy_loss=0.0000             │
│actor/grad_norm=25.254                 │actor/lr=5.00e-06                      │actor/policy_loss=-0.402              │
│actor/policy_loss_abs=32.576           │actor/ratio=1.000                      │actor/ratio_abs=0.011                 │
│actor/total_loss=-0.025                │                                       │                                      │
│                                                                                                                      │
╰──────────────────────────────────────────────────────────────────────────────────────────────────────────────────────╯


╭──────────────────────────────────────────────────────────────────────────────────────────────────────────────────────╮
├──────────────────────────────────────────────────── Metric Table ────────────────────────────────────────────────────┤
│ Global Step:   59/200 │ Progress: ███████████░░░░░░░░░░░░░░░░░░░░░░░░░░░░░ │  29.5%                                  │
│ Elapsed: 21:18:48 │ ETA: 50:56:07 │ Step Time: 1300.477s                                                             │
├──────────────────────────────────────────────────────── Time ────────────────────────────────────────────────────────┤
│                                                                                                                      │
│actor/actor/compute_adv=0.0071         │actor/actor/recv_traj=1283.0           │actor/actor/sync_model_to_rollout=2.3…│
│actor/run_training=21.886              │actor_training=21.890                  │cal_adv_and_returns=0.012             │
│env/compute_bootstrap_rewards=0.0015   │env/env/bootstrap_step=884.3           │env/env/send_rollout_trajectories=0.9…│
│env/env_interact_step=378.7            │env/interact=1281.8                    │env/run_interact_once=1281.8          │
│generate_rollouts=1285.4               │rollout/generate_one_epoch=1279.7      │rollout/predict=14.290                │
│rollout/rollout/generate=1285.4        │rollout/sync_model_from_actor=5.033    │step=1312.4                           │
│sync_weights=5.036                     │                                       │                                      │
│                                                                                                                      │
├──────────────────────────────────────────────────── Environment ─────────────────────────────────────────────────────┤
│                                                                                                                      │
│episode_len=200.0                      │num_trajectories=256                   │return=0.55859375                     │
│reward=0.0027929686                    │success_once=0.55859375                │                                      │
│                                                                                                                      │
├────────────────────────────────────────────────────── Rollout ───────────────────────────────────────────────────────┤
│                                                                                                                      │
│advantages_max=2.475                   │advantages_mean=-0.061                 │advantages_min=-2.475                 │
│rewards=0.0033                         │                                       │                                      │
│                                                                                                                      │
├─────────────────────────────────────────────────── Training/Actor ───────────────────────────────────────────────────┤
│                                                                                                                      │
│actor/approx_kl=0.020                  │actor/clip_fraction=0.0012             │actor/clipped_ratio=1.000             │
│actor/dual_cliped_ratio=0.0000         │actor/dvac_current_mean=-6.613         │actor/dvac_current_std=0.392          │
│actor/dvac_history_mean=-6.663         │actor/dvac_history_std=0.409           │actor/dvac_warmup=0.0000              │
│actor/dvac_weight_ess_fraction=0.952   │actor/dvac_weight_mean=1.029           │actor/dvac_weight_sq_mean=1.111       │
│actor/dvac_z_high_clip_fraction=0.023  │actor/dvac_z_low_clip_fraction=0.010   │actor/entropy_loss=0.0000             │
│actor/grad_norm=30.470                 │actor/lr=5.00e-06                      │actor/policy_loss=-0.312              │
│actor/policy_loss_abs=31.834           │actor/ratio=1.000                      │actor/ratio_abs=0.0089                │
│actor/total_loss=-0.020                │                                       │                                      │
│                                                                                                                      │
╰──────────────────────────────────────────────────────────────────────────────────────────────────────────────────────╯


╭──────────────────────────────────────────────────────────────────────────────────────────────────────────────────────╮
├──────────────────────────────────────────────────── Metric Table ────────────────────────────────────────────────────┤
│ Global Step:   60/200 │ Progress: ████████████░░░░░░░░░░░░░░░░░░░░░░░░░░░░ │  30.0%                                  │
│ Elapsed: 21:45:19 │ ETA: 50:45:44 │ Step Time: 1305.321s                                                             │
├──────────────────────────────────────────────────────── Time ────────────────────────────────────────────────────────┤
│                                                                                                                      │
│actor/actor/compute_adv=0.0088         │actor/actor/recv_traj=1225.5           │actor/actor/sync_model_to_rollout=4.5…│
│actor/run_training=23.098              │actor_training=23.104                  │cal_adv_and_returns=0.014             │
│env/compute_bootstrap_rewards=0.0016   │env/env/bootstrap_step=842.5           │env/env/send_rollout_trajectories=1.4…│
│env/env_interact_step=363.2            │env/evaluate=296.5                     │env/interact=1224.7                   │
│env/run_interact_once=1224.7           │eval=301.5                             │generate_rollouts=1227.1              │
│rollout/evaluate=178.1                 │rollout/generate_one_epoch=1222.3      │rollout/predict=16.109                │
│rollout/rollout/generate=1227.0        │rollout/sync_model_from_actor=9.665    │step=1591.1                           │
│sync_weights=4.823                     │                                       │                                      │
│                                                                                                                      │
├──────────────────────────────────────────────────── Environment ─────────────────────────────────────────────────────┤
│                                                                                                                      │
│episode_len=200.0                      │num_trajectories=256                   │return=0.56640625                     │
│reward=0.0028320309                    │success_once=0.56640625                │                                      │
│                                                                                                                      │
├────────────────────────────────────────────────────── Rollout ───────────────────────────────────────────────────────┤
│                                                                                                                      │
│advantages_max=2.475                   │advantages_mean=-0.064                 │advantages_min=-2.475                 │
│rewards=0.0031                         │                                       │                                      │
│                                                                                                                      │
├───────────────────────────────────────────────────── Evaluation ─────────────────────────────────────────────────────┤
│                                                                                                                      │
│episode_len=200.0                      │num_trajectories=32                    │return=0.625                          │
│reward=0.0031249998                    │success_at_end=0.625                   │success_once=0.625                    │
│                                                                                                                      │
├─────────────────────────────────────────────────── Training/Actor ───────────────────────────────────────────────────┤
│                                                                                                                      │
│actor/approx_kl=0.013                  │actor/clip_fraction=6.93e-04           │actor/clipped_ratio=1.000             │
│actor/dual_cliped_ratio=0.0000         │actor/dvac_current_mean=-6.651         │actor/dvac_current_std=0.415          │
│actor/dvac_history_mean=-6.648         │actor/dvac_history_std=0.402           │actor/dvac_warmup=0.0000              │
│actor/dvac_weight_ess_fraction=0.943   │actor/dvac_weight_mean=0.996           │actor/dvac_weight_sq_mean=1.052       │
│actor/dvac_z_high_clip_fraction=0.027  │actor/dvac_z_low_clip_fraction=0.019   │actor/entropy_loss=0.0000             │
│actor/grad_norm=17.397                 │actor/lr=5.00e-06                      │actor/policy_loss=-0.246              │
│actor/policy_loss_abs=28.023           │actor/ratio=1.000                      │actor/ratio_abs=0.0075                │
│actor/total_loss=-0.015                │                                       │                                      │
│                                                                                                                      │
╰──────────────────────────────────────────────────────────────────────────────────────────────────────────────────────╯

