tag,round,raw_step,value,wall_time
env/return,1,0,0.3046875,1789537370.7528095
env/return,2,1,0.3359375,1789537988.1678524
env/return,3,2,0.328125,1789538585.9906275
env/return,4,3,0.2890625,1789539222.1026816
env/return,5,4,0.421875,1789540098.2999346
env/return,6,5,0.265625,1789540697.1584837
env/return,7,6,0.28125,1789541296.7086825
env/return,8,7,0.265625,1789541912.4853005
env/return,9,8,0.4140625,1789542519.6943629
env/return,10,9,0.2890625,1789543400.8662229
env/return,11,10,0.3046875,1789544015.344872
env/return,12,11,0.3671875,1789544622.4552484
env/return,13,12,0.4296875,1789545234.7369606
env/return,14,13,0.34375,1789545829.191835
env/return,15,14,0.28125,1789546690.7834904
env/return,16,15,0.3671875,1789547284.206244
env/return,17,16,0.3359375,1789547893.6991944
env/return,18,17,0.328125,1789548492.1657357
env/return,19,18,0.3984375,1789549104.0354517
env/return,20,19,0.2890625,1789549984.6868114
env/return,21,20,0.453125,1789550587.8824463
env/return,22,21,0.4609375,1789551215.979613
env/return,23,22,0.4453125,1789551832.3172507
env/return,24,23,0.5,1789552430.4430766
env/return,25,24,0.3828125,1789553335.3199456
env/return,26,25,0.5078125,1789553965.9690514
env/return,27,26,0.5546875,1789554602.7449017
env/return,28,27,0.3515625,1789555219.6556895
env/return,29,28,0.46875,1789555844.5632553
env/return,30,29,0.375,1789556767.3351269
env/return,31,30,0.4140625,1789557383.6007426
env/return,32,31,0.5234375,1789558051.4280412
env/return,33,32,0.5,1789558681.6489358
env/return,34,33,0.4921875,1789559281.627009
env/return,35,34,0.4921875,1789560144.475351
env/return,36,35,0.515625,1789560759.9100254
env/return,37,36,0.6015625,1789561371.4018278
env/return,38,37,0.609375,1789562006.9484951
env/return,39,38,0.5625,1789562614.214785
env/return,40,39,0.4453125,1789563500.9322774
env/return,41,40,0.578125,1789564108.5024
env/return,42,41,0.46875,1789564713.1737344
env/return,43,42,0.421875,1789565323.2089489
env/return,44,43,0.484375,1789565951.0055535
env/return,45,44,0.484375,1789566814.0297325
env/return,46,45,0.6171875,1789567419.339628
env/return,47,46,0.4453125,1789568014.79539
env/return,48,47,0.453125,1789568641.73339
env/return,49,48,0.4375,1789569273.1048658
env/return,50,49,0.4296875,1789570189.8560479
env/return,51,50,0.59375,1789570818.3875763
env/return,52,51,0.578125,1789571425.1490257
env/return,53,52,0.5,1789572041.4594076
env/return,54,53,0.5546875,1789572636.659366
env/return,55,54,0.4453125,1789573517.0565646
env/return,56,55,0.4453125,1789574124.0867639
env/return,57,56,0.609375,1789574734.9002059
env/return,58,57,0.4453125,1789575351.751928
env/return,59,58,0.421875,1789575966.806003
env/return,60,59,0.5546875,1789576897.9918869
env/return,61,60,0.5546875,1789577495.9716418
env/return,62,61,0.6640625,1789578115.3749435
env/return,63,62,0.6796875,1789578755.0981984
env/return,64,63,0.546875,1789579360.1980803
env/return,65,64,0.5078125,1789580294.2188978
env/return,66,65,0.5234375,1789580920.4985974
env/return,67,66,0.546875,1789581536.955953
env/return,68,67,0.4765625,1789582143.1672804
env/return,69,68,0.4140625,1789582754.8717537
env/return,70,69,0.5546875,1789583642.0340078
env/return,71,70,0.4765625,1789584278.9281752
env/return,72,71,0.5234375,1789584906.5464644
env/return,73,72,0.5703125,1789585514.5517387
env/return,74,73,0.46875,1789586115.401485
env/return,75,74,0.515625,1789586988.6031504
env/return,76,75,0.59375,1789587609.9544632
env/return,77,76,0.5078125,1789588236.828265
env/return,78,77,0.53125,1789588860.6186237
env/return,79,78,0.4765625,1789589473.1286874
env/return,80,79,0.359375,1789590358.7213285
env/return,81,80,0.5078125,1789590972.5320566
env/return,82,81,0.4921875,1789591597.8848674
env/return,83,82,0.4375,1789592199.820377
env/return,84,83,0.53125,1789592818.144762
env/return,85,84,0.484375,1789593695.8558218
env/return,86,85,0.4921875,1789594324.5732825
env/return,87,86,0.5,1789594936.477505
env/return,88,87,0.40625,1789595531.9277635
env/return,89,88,0.5078125,1789596163.605484
env/return,90,89,0.59375,1789597068.7738078
env/return,91,90,0.6015625,1789597690.5794263
env/return,92,91,0.5703125,1789598318.3533003
env/return,93,92,0.5078125,1789598920.6043267
env/return,94,93,0.5703125,1789599581.2735798
env/return,95,94,0.578125,1789600443.6641963
env/return,96,95,0.578125,1789601046.9308593
env/return,97,96,0.6015625,1789601642.594976
env/return,98,97,0.5234375,1789602260.2295442
env/return,99,98,0.6015625,1789602858.876274
env/return,100,99,0.5625,1789603757.3845367
env/return,101,100,0.578125,1789604416.542685
env/return,102,101,0.546875,1789605017.348275
env/return,103,102,0.5,1789605628.4423978
env/return,104,103,0.5234375,1789606257.6862738
env/return,105,104,0.4140625,1789607164.5734882
env/return,106,105,0.4453125,1789607783.3532724
env/return,107,106,0.5,1789608388.1159005
env/return,108,107,0.5859375,1789608993.612239
env/return,109,108,0.578125,1789609610.0929716
env/return,110,109,0.5390625,1789610521.1146603
env/return,111,110,0.65625,1789611152.2964387
env/return,112,111,0.4921875,1789611764.0915515
env/return,113,112,0.53125,1789612380.6665556
env/return,114,113,0.5234375,1789612983.3581386
env/return,115,114,0.4375,1789613886.160393
env/return,116,115,0.515625,1789614520.888607
env/return,117,116,0.4296875,1789615144.6350098
env/return,118,117,0.578125,1789615763.7859783
env/return,119,118,0.46875,1789616389.2319744
env/return,120,119,0.578125,1789617316.7669127
env/return,121,120,0.484375,1789617958.735434
env/episode_len,1,0,200.0,1789537370.7528882
env/episode_len,2,1,200.0,1789537988.1678975
env/episode_len,3,2,200.0,1789538585.9906728
env/episode_len,4,3,200.0,1789539222.102732
env/episode_len,5,4,200.0,1789540098.2999783
env/episode_len,6,5,200.0,1789540697.158543
env/episode_len,7,6,200.0,1789541296.7087317
env/episode_len,8,7,200.0,1789541912.4853501
env/episode_len,9,8,200.0,1789542519.694409
env/episode_len,10,9,200.0,1789543400.8662496
env/episode_len,11,10,200.0,1789544015.344923
env/episode_len,12,11,200.0,1789544622.4553149
env/episode_len,13,12,200.0,1789545234.737017
env/episode_len,14,13,200.0,1789545829.1918802
env/episode_len,15,14,200.0,1789546690.783529
env/episode_len,16,15,200.0,1789547284.2063036
env/episode_len,17,16,200.0,1789547893.6992404
env/episode_len,18,17,200.0,1789548492.1657898
env/episode_len,19,18,200.0,1789549104.035478
env/episode_len,20,19,200.0,1789549984.686847
env/episode_len,21,20,200.0,1789550587.8825011
env/episode_len,22,21,200.0,1789551215.9796674
env/episode_len,23,22,200.0,1789551832.3172991
env/episode_len,24,23,200.0,1789552430.4431314
env/episode_len,25,24,200.0,1789553335.3199828
env/episode_len,26,25,200.0,1789553965.9691145
env/episode_len,27,26,200.0,1789554602.7449338
env/episode_len,28,27,200.0,1789555219.655741
env/episode_len,29,28,200.0,1789555844.5632992
env/episode_len,30,29,200.0,1789556767.3351545
env/episode_len,31,30,200.0,1789557383.6008112
env/episode_len,32,31,200.0,1789558051.4280872
env/episode_len,33,32,200.0,1789558681.648984
env/episode_len,34,33,200.0,1789559281.6270547
env/episode_len,35,34,200.0,1789560144.4753833
env/episode_len,36,35,200.0,1789560759.9100819
env/episode_len,37,36,200.0,1789561371.401878
env/episode_len,38,37,200.0,1789562006.9485445
env/episode_len,39,38,200.0,1789562614.2148302
env/episode_len,40,39,200.0,1789563500.9323034
env/episode_len,41,40,200.0,1789564108.5024447
env/episode_len,42,41,200.0,1789564713.1737778
env/episode_len,43,42,200.0,1789565323.2089777
env/episode_len,44,43,200.0,1789565951.005602
env/episode_len,45,44,200.0,1789566814.0297544
env/episode_len,46,45,200.0,1789567419.3396885
env/episode_len,47,46,200.0,1789568014.7954392
env/episode_len,48,47,200.0,1789568641.7334597
env/episode_len,49,48,200.0,1789569273.1049244
env/episode_len,50,49,200.0,1789570189.856077
env/episode_len,51,50,200.0,1789570818.3876135
env/episode_len,52,51,200.0,1789571425.1491067
env/episode_len,53,52,200.0,1789572041.4594557
env/episode_len,54,53,200.0,1789572636.659415
env/episode_len,55,54,200.0,1789573517.056624
env/episode_len,56,55,200.0,1789574124.0868363
env/episode_len,57,56,200.0,1789574734.900263
env/episode_len,58,57,200.0,1789575351.751983
env/episode_len,59,58,200.0,1789575966.8060606
env/episode_len,60,59,200.0,1789576897.99194
env/episode_len,61,60,200.0,1789577495.9717019
env/episode_len,62,61,200.0,1789578115.3750188
env/episode_len,63,62,200.0,1789578755.0982678
env/episode_len,64,63,200.0,1789579360.1981454
env/episode_len,65,64,200.0,1789580294.2189214
env/episode_len,66,65,200.0,1789580920.4986627
env/episode_len,67,66,200.0,1789581536.9559777
env/episode_len,68,67,200.0,1789582143.167331
env/episode_len,69,68,200.0,1789582754.8718019
env/episode_len,70,69,200.0,1789583642.0340393
env/episode_len,71,70,200.0,1789584278.9282405
env/episode_len,72,71,200.0,1789584906.546509
env/episode_len,73,72,200.0,1789585514.551793
env/episode_len,74,73,200.0,1789586115.4015353
env/episode_len,75,74,200.0,1789586988.6031744
env/episode_len,76,75,200.0,1789587609.9545178
env/episode_len,77,76,200.0,1789588236.8283274
env/episode_len,78,77,200.0,1789588860.6186993
env/episode_len,79,78,200.0,1789589473.1287367
env/episode_len,80,79,200.0,1789590358.721371
env/episode_len,81,80,200.0,1789590972.5321064
env/episode_len,82,81,200.0,1789591597.884919
env/episode_len,83,82,200.0,1789592199.8204217
env/episode_len,84,83,200.0,1789592818.1448143
env/episode_len,85,84,200.0,1789593695.8558471
env/episode_len,86,85,200.0,1789594324.5733435
env/episode_len,87,86,200.0,1789594936.4775722
env/episode_len,88,87,200.0,1789595531.9278157
env/episode_len,89,88,200.0,1789596163.6055367
env/episode_len,90,89,200.0,1789597068.773843
env/episode_len,91,90,200.0,1789597690.5794554
env/episode_len,92,91,200.0,1789598318.3533442
env/episode_len,93,92,200.0,1789598920.6044443
env/episode_len,94,93,200.0,1789599581.2736225
env/episode_len,95,94,200.0,1789600443.6642516
env/episode_len,96,95,200.0,1789601046.9309053
env/episode_len,97,96,200.0,1789601642.5950332
env/episode_len,98,97,200.0,1789602260.22961
env/episode_len,99,98,200.0,1789602858.8763237
env/episode_len,100,99,200.0,1789603757.3845608
env/episode_len,101,100,200.0,1789604416.5427384
env/episode_len,102,101,200.0,1789605017.3483365
env/episode_len,103,102,200.0,1789605628.4424572
env/episode_len,104,103,200.0,1789606257.6863198
env/episode_len,105,104,200.0,1789607164.5735233
env/episode_len,106,105,200.0,1789607783.3533192
env/episode_len,107,106,200.0,1789608388.1160374
env/episode_len,108,107,200.0,1789608993.612282
env/episode_len,109,108,200.0,1789609610.093017
env/episode_len,110,109,200.0,1789610521.1146884
env/episode_len,111,110,200.0,1789611152.296486
env/episode_len,112,111,200.0,1789611764.0915968
env/episode_len,113,112,200.0,1789612380.6666112
env/episode_len,114,113,200.0,1789612983.3581815
env/episode_len,115,114,200.0,1789613886.1604135
env/episode_len,116,115,200.0,1789614520.8886435
env/episode_len,117,116,200.0,1789615144.635128
env/episode_len,118,117,200.0,1789615763.7860353
env/episode_len,119,118,200.0,1789616389.2320778
env/episode_len,120,119,200.0,1789617316.7669399
env/episode_len,121,120,200.0,1789617958.735483
env/reward,1,0,0.0015234374441206455,1789537370.7528994
env/reward,2,1,0.0016796874115243554,1789537988.167906
env/reward,3,2,0.0016406249487772584,1789538585.9906814
env/reward,4,3,0.0014453125186264515,1789539222.1027408
env/reward,5,4,0.002109374850988388,1789540098.2999938
env/reward,6,5,0.0013281248975545168,1789540697.1585536
env/reward,7,6,0.0014062498230487108,1789541296.7087398
env/reward,8,7,0.0013281248975545168,1789541912.4853592
env/reward,9,8,0.0020703126210719347,1789542519.6944175
env/reward,10,9,0.0014453122857958078,1789543400.866259
env/reward,11,10,0.0015234374441206455,1789544015.3449314
env/reward,12,11,0.0018359373789280653,1789544622.4553275
env/reward,13,12,0.0021484375465661287,1789545234.7370262
env/reward,14,13,0.0017187498742714524,1789545829.1918886
env/reward,15,14,0.0014062498230487108,1789546690.783543
env/reward,16,15,0.0018359373789280653,1789547284.2063158
env/reward,17,16,0.0016796872951090336,1789547893.6992493
env/reward,18,17,0.0016406248323619366,1789548492.1658008
env/reward,19,18,0.0019921872299164534,1789549104.035486
env/reward,20,19,0.0014453124022111297,1789549984.686853
env/reward,21,20,0.0022656249348074198,1789550587.8825102
env/reward,22,21,0.002304687397554517,1789551215.9796762
env/reward,23,22,0.002226562239229679,1789551832.3173084
env/reward,24,23,0.0024999999441206455,1789552430.4431405
env/reward,25,24,0.001914062537252903,1789553335.319997
env/reward,26,25,0.0025390624068677425,1789553965.9691267
env/reward,27,26,0.0027734374161809683,1789554602.7449417
env/reward,28,27,0.0017578123370185494,1789555219.655749
env/reward,29,28,0.002343749860301614,1789555844.5633073
env/reward,30,29,0.0018749998416751623,1789556767.3351643
env/reward,31,30,0.002070312388241291,1789557383.60082
env/reward,32,31,0.002617187099531293,1789558051.4280956
env/reward,33,32,0.002499999711290002,1789558681.6489925
env/reward,34,33,0.0024609374813735485,1789559281.6270628
env/reward,35,34,0.0024609374813735485,1789560144.4753969
env/reward,36,35,0.0025781248696148396,1789560759.9100928
env/reward,37,36,0.0030078126583248377,1789561371.4018862
env/reward,38,37,0.003046874888241291,1789562006.9485533
env/reward,39,38,0.0028124996460974216,1789562614.2148385
env/reward,40,39,0.0022265624720603228,1789563500.9323113
env/reward,41,40,0.002890625037252903,1789564108.502453
env/reward,42,41,0.002343749860301614,1789564713.1737866
env/reward,43,42,0.002109374850988388,1789565323.208986
env/reward,44,43,0.0024218750186264515,1789565951.0056102
env/reward,45,44,0.002421874785795808,1789566814.0297613
env/reward,46,45,0.0030859375838190317,1789567419.3396993
env/reward,47,46,0.002226562239229679,1789568014.7954485
env/reward,48,47,0.0022656249348074198,1789568641.733473
env/reward,49,48,0.002187499776482582,1789569273.1049325
env/reward,50,49,0.002148437313735485,1789570189.8560874
env/reward,51,50,0.0029687497299164534,1789570818.3876214
env/reward,52,51,0.002890625037252903,1789571425.1491225
env/reward,53,52,0.0024999999441206455,1789572041.459464
env/reward,54,53,0.0027734374161809683,1789572636.6594236
env/reward,55,54,0.0022265624720603228,1789573517.0566483
env/reward,56,55,0.002226562239229679,1789574124.086845
env/reward,57,56,0.0030468751210719347,1789574734.9002717
env/reward,58,57,0.0022265624720603228,1789575351.7519941
env/reward,59,58,0.002109374850988388,1789575966.8060691
env/reward,60,59,0.002773437649011612,1789576897.9919481
env/reward,61,60,0.0027734374161809683,1789577495.97171
env/reward,62,61,0.003320312360301614,1789578115.375033
env/reward,63,62,0.0033984375186264515,1789578755.098277
env/reward,64,63,0.0027343747206032276,1789579360.1981542
env/reward,65,64,0.0025390624068677425,1789580294.21893
env/reward,66,65,0.0026171873323619366,1789580920.4986713
env/reward,67,66,0.0027343747206032276,1789581536.955986
env/reward,68,67,0.0023828125558793545,1789582143.1673396
env/reward,69,68,0.002070312388241291,1789582754.8718107
env/reward,70,69,0.0027734371833503246,1789583642.0340507
env/reward,71,70,0.002382812323048711,1789584278.9282534
env/reward,72,71,0.002617187798023224,1789584906.5465176
env/reward,73,72,0.0028515623416751623,1789585514.551803
env/reward,74,73,0.00234374962747097,1789586115.4015431
env/reward,75,74,0.002578125102445483,1789586988.6031814
env/reward,76,75,0.0029687497299164534,1789587609.9545264
env/reward,77,76,0.0025390624068677425,1789588236.8283403
env/reward,78,77,0.0026562500279396772,1789588860.6187081
env/reward,79,78,0.0023828125558793545,1789589473.1287446
env/reward,80,79,0.0017968747997656465,1789590358.7213798
env/reward,81,80,0.0025390624068677425,1789590972.5321155
env/reward,82,81,0.002460937248542905,1789591597.8849273
env/reward,83,82,0.0021875000093132257,1789592199.8204305
env/reward,84,83,0.0026562500279396772,1789592818.1448228
env/reward,85,84,0.0024218750186264515,1789593695.855857
env/reward,86,85,0.0024609374813735485,1789594324.573352
env/reward,87,86,0.0024999999441206455,1789594936.477582
env/reward,88,87,0.002031249925494194,1789595531.9278262
env/reward,89,88,0.002539062174037099,1789596163.6055462
env/reward,90,89,0.002968749962747097,1789597068.773855
env/reward,91,90,0.0030078121926635504,1789597690.5794652
env/reward,92,91,0.002851562574505806,1789598318.353353
env/reward,93,92,0.0025390624068677425,1789598920.6044605
env/reward,94,93,0.0028515623416751623,1789599581.273629
env/reward,95,94,0.002890625037252903,1789600443.6642702
env/reward,96,95,0.002890625037252903,1789601046.9309142
env/reward,97,96,0.003007812425494194,1789601642.5950434
env/reward,98,97,0.0026171873323619366,1789602260.2296214
env/reward,99,98,0.003007812425494194,1789602858.876332
env/reward,100,99,0.0028124998789280653,1789603757.3845682
env/reward,101,100,0.0028906248044222593,1789604416.542747
env/reward,102,101,0.0027343749534338713,1789605017.3483448
env/reward,103,102,0.0024999999441206455,1789605628.4424682
env/reward,104,103,0.0026171875651925802,1789606257.6863284
env/reward,105,104,0.002070312388241291,1789607164.5735364
env/reward,106,105,0.0022265624720603228,1789607783.3533273
env/reward,107,106,0.0024999999441206455,1789608388.116066
env/reward,108,107,0.0029296875,1789608993.6122913
env/reward,109,108,0.0028906245715916157,1789609610.0930257
env/reward,110,109,0.0026953122578561306,1789610521.1146965
env/reward,111,110,0.0032812501303851604,1789611152.296495
env/reward,112,111,0.0024609374813735485,1789611764.0916052
env/reward,113,112,0.0026562500279396772,1789612380.6666212
env/reward,114,113,0.002617187099531293,1789612983.3581877
env/reward,115,114,0.002187499776482582,1789613886.160421
env/reward,116,115,0.002578125102445483,1789614520.8886507
env/reward,117,116,0.0021484375465661287,1789615144.635137
env/reward,118,117,0.0028906245715916157,1789615763.786044
env/reward,119,118,0.002343749860301614,1789616389.2320864
env/reward,120,119,0.002890625037252903,1789617316.7669477
env/reward,121,120,0.0024218750186264515,1789617958.7354934
env/success_once,1,0,0.3046875,1789537370.7529073
env/success_once,2,1,0.3359375,1789537988.1679127
env/success_once,3,2,0.328125,1789538585.9906883
env/success_once,4,3,0.2890625,1789539222.1027472
env/success_once,5,4,0.421875,1789540098.3000069
env/success_once,6,5,0.265625,1789540697.1585612
env/success_once,7,6,0.28125,1789541296.708746
env/success_once,8,7,0.265625,1789541912.4853654
env/success_once,9,8,0.4140625,1789542519.694424
env/success_once,10,9,0.2890625,1789543400.8662663
env/success_once,11,10,0.3046875,1789544015.3449373
env/success_once,12,11,0.3671875,1789544622.4553382
env/success_once,13,12,0.4296875,1789545234.7370334
env/success_once,14,13,0.34375,1789545829.1918955
env/success_once,15,14,0.28125,1789546690.783554
env/success_once,16,15,0.3671875,1789547284.206325
env/success_once,17,16,0.3359375,1789547893.6992552
env/success_once,18,17,0.328125,1789548492.1658077
env/success_once,19,18,0.3984375,1789549104.0354936
env/success_once,20,19,0.2890625,1789549984.686857
env/success_once,21,20,0.453125,1789550587.8825173
env/success_once,22,21,0.4609375,1789551215.979684
env/success_once,23,22,0.4453125,1789551832.3173177
env/success_once,24,23,0.5,1789552430.4431472
env/success_once,25,24,0.3828125,1789553335.3200126
env/success_once,26,25,0.5078125,1789553965.9691362
env/success_once,27,26,0.5546875,1789554602.7449484
env/success_once,28,27,0.3515625,1789555219.6557553
env/success_once,29,28,0.46875,1789555844.563314
env/success_once,30,29,0.375,1789556767.3351727
env/success_once,31,30,0.4140625,1789557383.6008263
env/success_once,32,31,0.5234375,1789558051.4281018
env/success_once,33,32,0.5,1789558681.6489992
env/success_once,34,33,0.4921875,1789559281.627069
env/success_once,35,34,0.4921875,1789560144.4754083
env/success_once,36,35,0.515625,1789560759.9101014
env/success_once,37,36,0.6015625,1789561371.4018927
env/success_once,38,37,0.609375,1789562006.9485593
env/success_once,39,38,0.5625,1789562614.214845
env/success_once,40,39,0.4453125,1789563500.932317
env/success_once,41,40,0.578125,1789564108.5024598
env/success_once,42,41,0.46875,1789564713.1737928
env/success_once,43,42,0.421875,1789565323.2089922
env/success_once,44,43,0.484375,1789565951.005616
env/success_once,45,44,0.484375,1789566814.0297663
env/success_once,46,45,0.6171875,1789567419.3397057
env/success_once,47,46,0.4453125,1789568014.7954555
env/success_once,48,47,0.453125,1789568641.733483
env/success_once,49,48,0.4375,1789569273.104939
env/success_once,50,49,0.4296875,1789570189.8560965
env/success_once,51,50,0.59375,1789570818.3876276
env/success_once,52,51,0.578125,1789571425.1491349
env/success_once,53,52,0.5,1789572041.4594707
env/success_once,54,53,0.5546875,1789572636.6594298
env/success_once,55,54,0.4453125,1789573517.056668
env/success_once,56,55,0.4453125,1789574124.0868511
env/success_once,57,56,0.609375,1789574734.9002783
env/success_once,58,57,0.4453125,1789575351.7520027
env/success_once,59,58,0.421875,1789575966.8060758
env/success_once,60,59,0.5546875,1789576897.9919543
env/success_once,61,60,0.5546875,1789577495.971716
env/success_once,62,61,0.6640625,1789578115.375044
env/success_once,63,62,0.6796875,1789578755.0982835
env/success_once,64,63,0.546875,1789579360.1981606
env/success_once,65,64,0.5078125,1789580294.2189362
env/success_once,66,65,0.5234375,1789580920.4986777
env/success_once,67,66,0.546875,1789581536.955992
env/success_once,68,67,0.4765625,1789582143.1673455
env/success_once,69,68,0.4140625,1789582754.8718169
env/success_once,70,69,0.5546875,1789583642.03406
env/success_once,71,70,0.4765625,1789584278.9282632
env/success_once,72,71,0.5234375,1789584906.5465236
env/success_once,73,72,0.5703125,1789585514.5518112
env/success_once,74,73,0.46875,1789586115.4015496
env/success_once,75,74,0.515625,1789586988.6031876
env/success_once,76,75,0.59375,1789587609.954533
env/success_once,77,76,0.5078125,1789588236.8283496
env/success_once,78,77,0.53125,1789588860.6187143
env/success_once,79,78,0.4765625,1789589473.1287506
env/success_once,80,79,0.359375,1789590358.7213871
env/success_once,81,80,0.5078125,1789590972.5321217
env/success_once,82,81,0.4921875,1789591597.8849342
env/success_once,83,82,0.4375,1789592199.8204372
env/success_once,84,83,0.53125,1789592818.1448293
env/success_once,85,84,0.484375,1789593695.8558643
env/success_once,86,85,0.4921875,1789594324.573359
env/success_once,87,86,0.5,1789594936.4775891
env/success_once,88,87,0.40625,1789595531.9278345
env/success_once,89,88,0.5078125,1789596163.6055536
env/success_once,90,89,0.59375,1789597068.7738662
env/success_once,91,90,0.6015625,1789597690.5794733
env/success_once,92,91,0.5703125,1789598318.3533595
env/success_once,93,92,0.5078125,1789598920.6044743
env/success_once,94,93,0.5703125,1789599581.2736335
env/success_once,95,94,0.578125,1789600443.6642826
env/success_once,96,95,0.578125,1789601046.9309204
env/success_once,97,96,0.6015625,1789601642.5950496
env/success_once,98,97,0.5234375,1789602260.2296302
env/success_once,99,98,0.6015625,1789602858.8763387
env/success_once,100,99,0.5625,1789603757.384575
env/success_once,101,100,0.578125,1789604416.542754
env/success_once,102,101,0.546875,1789605017.348351
env/success_once,103,102,0.5,1789605628.4424763
env/success_once,104,103,0.5234375,1789606257.6863346
env/success_once,105,104,0.4140625,1789607164.5735507
env/success_once,106,105,0.4453125,1789607783.353334
env/success_once,107,106,0.5,1789608388.1160874
env/success_once,108,107,0.5859375,1789608993.6122983
env/success_once,109,108,0.578125,1789609610.0930321
env/success_once,110,109,0.5390625,1789610521.1147027
env/success_once,111,110,0.65625,1789611152.2965012
env/success_once,112,111,0.4921875,1789611764.0916116
env/success_once,113,112,0.53125,1789612380.666628
env/success_once,114,113,0.5234375,1789612983.358193
env/success_once,115,114,0.4375,1789613886.1604273
env/success_once,116,115,0.515625,1789614520.8886564
env/success_once,117,116,0.4296875,1789615144.6351435
env/success_once,118,117,0.578125,1789615763.7860506
env/success_once,119,118,0.46875,1789616389.2320926
env/success_once,120,119,0.578125,1789617316.7669542
env/success_once,121,120,0.484375,1789617958.7355022
env/num_trajectories,1,0,128.0,1789537370.7529483
env/num_trajectories,2,1,128.0,1789537988.1679382
env/num_trajectories,3,2,128.0,1789538585.990714
env/num_trajectories,4,3,128.0,1789539222.102772
env/num_trajectories,5,4,128.0,1789540098.300035
env/num_trajectories,6,5,128.0,1789540697.158592
env/num_trajectories,7,6,128.0,1789541296.7087748
env/num_trajectories,8,7,128.0,1789541912.485392
env/num_trajectories,9,8,128.0,1789542519.6944497
env/num_trajectories,10,9,128.0,1789543400.8662815
env/num_trajectories,11,10,128.0,1789544015.3449626
env/num_trajectories,12,11,128.0,1789544622.4553726
env/num_trajectories,13,12,128.0,1789545234.737061
env/num_trajectories,14,13,128.0,1789545829.1919212
env/num_trajectories,15,14,128.0,1789546690.7835763
env/num_trajectories,16,15,128.0,1789547284.2063603
env/num_trajectories,17,16,128.0,1789547893.6992805
env/num_trajectories,18,17,128.0,1789548492.1658354
env/num_trajectories,19,18,128.0,1789549104.0355115
env/num_trajectories,20,19,128.0,1789549984.686876
env/num_trajectories,21,20,128.0,1789550587.8825455
env/num_trajectories,22,21,128.0,1789551215.9797106
env/num_trajectories,23,22,128.0,1789551832.3173437
env/num_trajectories,24,23,128.0,1789552430.4431744
env/num_trajectories,25,24,128.0,1789553335.3200405
env/num_trajectories,26,25,128.0,1789553965.969171
env/num_trajectories,27,26,128.0,1789554602.7449667
env/num_trajectories,28,27,128.0,1789555219.6557817
env/num_trajectories,29,28,128.0,1789555844.5633397
env/num_trajectories,30,29,128.0,1789556767.3351886
env/num_trajectories,31,30,128.0,1789557383.6008558
env/num_trajectories,32,31,128.0,1789558051.428127
env/num_trajectories,33,32,128.0,1789558681.649025
env/num_trajectories,34,33,128.0,1789559281.627094
env/num_trajectories,35,34,128.0,1789560144.4754307
env/num_trajectories,36,35,128.0,1789560759.9101348
env/num_trajectories,37,36,128.0,1789561371.4019177
env/num_trajectories,38,37,128.0,1789562006.948585
env/num_trajectories,39,38,128.0,1789562614.2148707
env/num_trajectories,40,39,128.0,1789563500.9323316
env/num_trajectories,41,40,128.0,1789564108.502487
env/num_trajectories,42,41,128.0,1789564713.1738183
env/num_trajectories,43,42,128.0,1789565323.2090118
env/num_trajectories,44,43,128.0,1789565951.0056436
env/num_trajectories,45,44,128.0,1789566814.0297794
env/num_trajectories,46,45,128.0,1789567419.3397307
env/num_trajectories,47,46,128.0,1789568014.7954838
env/num_trajectories,48,47,128.0,1789568641.733521
env/num_trajectories,49,48,128.0,1789569273.10497
env/num_trajectories,50,49,128.0,1789570189.856115
env/num_trajectories,51,50,128.0,1789570818.387649
env/num_trajectories,52,51,128.0,1789571425.149177
env/num_trajectories,53,52,128.0,1789572041.459496
env/num_trajectories,54,53,128.0,1789572636.6594586
env/num_trajectories,55,54,128.0,1789573517.0567033
env/num_trajectories,56,55,128.0,1789574124.0868814
env/num_trajectories,57,56,128.0,1789574734.9003055
env/num_trajectories,58,57,128.0,1789575351.752034
env/num_trajectories,59,58,128.0,1789575966.8061047
env/num_trajectories,60,59,128.0,1789576897.9919784
env/num_trajectories,61,60,128.0,1789577495.9717472
env/num_trajectories,62,61,128.0,1789578115.3750873
env/num_trajectories,63,62,128.0,1789578755.098316
env/num_trajectories,64,63,128.0,1789579360.1981936
env/num_trajectories,65,64,128.0,1789580294.2189505
env/num_trajectories,66,65,128.0,1789580920.498711
env/num_trajectories,67,66,128.0,1789581536.9560103
env/num_trajectories,68,67,128.0,1789582143.1673708
env/num_trajectories,69,68,128.0,1789582754.8718455
env/num_trajectories,70,69,128.0,1789583642.0340788
env/num_trajectories,71,70,128.0,1789584278.9282928
env/num_trajectories,72,71,128.0,1789584906.5465488
env/num_trajectories,73,72,128.0,1789585514.5518415
env/num_trajectories,74,73,128.0,1789586115.4015772
env/num_trajectories,75,74,128.0,1789586988.6032007
env/num_trajectories,76,75,128.0,1789587609.9545596
env/num_trajectories,77,76,128.0,1789588236.8283858
env/num_trajectories,78,77,128.0,1789588860.61875
env/num_trajectories,79,78,128.0,1789589473.128774
env/num_trajectories,80,79,128.0,1789590358.7214112
env/num_trajectories,81,80,128.0,1789590972.532147
env/num_trajectories,82,81,128.0,1789591597.8849602
env/num_trajectories,83,82,128.0,1789592199.8204622
env/num_trajectories,84,83,128.0,1789592818.1448543
env/num_trajectories,85,84,128.0,1789593695.8558807
env/num_trajectories,86,85,128.0,1789594324.5733876
env/num_trajectories,87,86,128.0,1789594936.477618
env/num_trajectories,88,87,128.0,1789595531.9278643
env/num_trajectories,89,88,128.0,1789596163.6055858
env/num_trajectories,90,89,128.0,1789597068.7738867
env/num_trajectories,91,90,128.0,1789597690.5794923
env/num_trajectories,92,91,128.0,1789598318.353383
env/num_trajectories,93,92,128.0,1789598920.6045325
env/num_trajectories,94,93,128.0,1789599581.2736542
env/num_trajectories,95,94,128.0,1789600443.6643066
env/num_trajectories,96,95,128.0,1789601046.9309447
env/num_trajectories,97,96,128.0,1789601642.5950766
env/num_trajectories,98,97,128.0,1789602260.2296622
env/num_trajectories,99,98,128.0,1789602858.8763657
env/num_trajectories,100,99,128.0,1789603757.384589
env/num_trajectories,101,100,128.0,1789604416.542782
env/num_trajectories,102,101,128.0,1789605017.3483777
env/num_trajectories,103,102,128.0,1789605628.4425077
env/num_trajectories,104,103,128.0,1789606257.6863596
env/num_trajectories,105,104,128.0,1789607164.5735736
env/num_trajectories,106,105,128.0,1789607783.3533592
env/num_trajectories,107,106,128.0,1789608388.1161666
env/num_trajectories,108,107,128.0,1789608993.6123164
env/num_trajectories,109,108,128.0,1789609610.093058
env/num_trajectories,110,109,128.0,1789610521.1147194
env/num_trajectories,111,110,128.0,1789611152.2965286
env/num_trajectories,112,111,128.0,1789611764.0916357
env/num_trajectories,113,112,128.0,1789612380.666655
env/num_trajectories,114,113,128.0,1789612983.3582137
env/num_trajectories,115,114,128.0,1789613886.160439
env/num_trajectories,116,115,128.0,1789614520.8886793
env/num_trajectories,117,116,128.0,1789615144.6352067
env/num_trajectories,118,117,128.0,1789615763.7860818
env/num_trajectories,119,118,128.0,1789616389.2321546
env/num_trajectories,120,119,128.0,1789617316.7669685
env/num_trajectories,121,120,128.0,1789617958.7355275
rollout/rewards,1,0,0.0020051414612680674,1789537370.7529602
rollout/rewards,2,1,0.002171717118471861,1789537988.1679482
rollout/rewards,3,2,0.0019626168068498373,1789538585.9907236
rollout/rewards,4,3,0.0022560975048691034,1789539222.1027815
rollout/rewards,5,4,0.002812500111758709,1789540098.300053
rollout/rewards,6,5,0.0015925058396533132,1789540697.1586037
rollout/rewards,7,6,0.0016941176727414131,1789541296.7087848
rollout/rewards,8,7,0.0016037735622376204,1789541912.4854023
rollout/rewards,9,8,0.0027968338690698147,1789542519.694459
rollout/rewards,10,9,0.0018925830954685807,1789543400.866293
rollout/rewards,11,10,0.0020394737366586924,1789544015.3449726
rollout/rewards,12,11,0.0018309858860448003,1789544622.4553888
rollout/rewards,13,12,0.0031976744066923857,1789545234.7370706
rollout/rewards,14,13,0.002201834926381707,1789545829.1919303
rollout/rewards,15,14,0.0016822429606691003,1789546690.783592
rollout/rewards,16,15,0.001984732924029231,1789547284.2063737
rollout/rewards,17,16,0.0018901098519563675,1789547893.6992915
rollout/rewards,18,17,0.0023728813976049423,1789548492.1658447
rollout/rewards,19,18,0.0022454308345913887,1789549104.035521
rollout/rewards,20,19,0.0017210682854056358,1789549984.686883
rollout/rewards,21,20,0.002457627095282078,1789550587.8825557
rollout/rewards,22,21,0.0026879271026700735,1789551215.9797199
rollout/rewards,23,22,0.0025388600770384073,1789551832.317353
rollout/rewards,24,23,0.002696629147976637,1789552430.4431837
rollout/rewards,25,24,0.0019477434689179063,1789553335.3200595
rollout/rewards,26,25,0.0029213482048362494,1789553965.9691832
rollout/rewards,27,26,0.003142857225611806,1789554602.7449753
rollout/rewards,28,27,0.001836734707467258,1789555219.6557915
rollout/rewards,29,28,0.0027368420269340277,1789555844.5633495
rollout/rewards,30,29,0.0022695036605000496,1789556767.3351989
rollout/rewards,31,30,0.0025542168878018856,1789557383.6008654
rollout/rewards,32,31,0.0029130433686077595,1789558051.4281356
rollout/rewards,33,32,0.002694736933335662,1789558681.6490345
rollout/rewards,34,33,0.00266949157230556,1789559281.6271033
rollout/rewards,35,34,0.003134328406304121,1789560144.475447
rollout/rewards,36,35,0.002815533895045519,1789560759.9101467
rollout/rewards,37,36,0.0030285713728517294,1789561371.4019265
rollout/rewards,38,37,0.0032482598908245564,1789562006.9485936
rollout/rewards,39,38,0.0026730310637503862,1789562614.21488
rollout/rewards,40,39,0.002729804953560233,1789563500.9323397
rollout/rewards,41,40,0.0028409091755747795,1789564108.5024967
rollout/rewards,42,41,0.002690583001822233,1789564713.1738274
rollout/rewards,43,42,0.002352941082790494,1789565323.2090209
rollout/rewards,44,43,0.0026136364322155714,1789565951.0056522
rollout/rewards,45,44,0.002572614001110196,1789566814.0297875
rollout/rewards,46,45,0.003065693425014615,1789567419.3397393
rollout/rewards,47,46,0.0027450979687273502,1789568014.7954931
rollout/rewards,48,47,0.0025575447361916304,1789568641.7343795
rollout/rewards,49,48,0.002258823486045003,1789569273.104979
rollout/rewards,50,49,0.0026111111510545015,1789570189.856127
rollout/rewards,51,50,0.00323404255323112,1789570818.3876584
rollout/rewards,52,51,0.0031016042921692133,1789571425.1491935
rollout/rewards,53,52,0.002731707412749529,1789572041.4595046
rollout/rewards,54,53,0.0034466020297259092,1789572636.6594677
rollout/rewards,55,54,0.0022905028890818357,1789573517.0567293
rollout/rewards,56,55,0.002443890320137143,1789574124.08689
rollout/rewards,57,56,0.003139013424515724,1789574734.900314
rollout/rewards,58,57,0.0025520832277834415,1789575351.7520452
rollout/rewards,59,58,0.002039911225438118,1789575966.8061137
rollout/rewards,60,59,0.0025966851972043514,1789576897.991988
rollout/rewards,61,60,0.0032054176554083824,1789577495.9717562
rollout/rewards,62,61,0.0034920633770525455,1789578115.3751073
rollout/rewards,63,62,0.003142857225611806,1789578755.0983248
rollout/rewards,64,63,0.0027990969829261303,1789579360.198203
rollout/rewards,65,64,0.002489082980901003,1789580294.218959
rollout/rewards,66,65,0.0026280623860657215,1789580920.4987211
rollout/rewards,67,66,0.0029314421117305756,1789581536.9560192
rollout/rewards,68,67,0.002339955884963274,1789582143.1673808
rollout/rewards,69,68,0.0023608016781508923,1789582754.8718553
rollout/rewards,70,69,0.002842377172783017,1789583642.0340908
rollout/rewards,71,70,0.002339955884963274,1789584278.928304
rollout/rewards,72,71,0.0023556582164019346,1789584906.5465577
rollout/rewards,73,72,0.0030732860323041677,1789585514.5518541
rollout/rewards,74,73,0.002542787231504917,1789586115.4015868
rollout/rewards,75,74,0.002926829271018505,1789586988.6032085
rollout/rewards,76,75,0.003292978275567293,1789587609.9545686
rollout/rewards,77,76,0.0024999999441206455,1789588236.8283994
rollout/rewards,78,77,0.002588235307484865,1789588860.6187594
rollout/rewards,79,78,0.0028638497460633516,1789589473.1287825
rollout/rewards,80,79,0.0021495327819138765,1789590358.721421
rollout/rewards,81,80,0.002443890320137143,1789590972.5321562
rollout/rewards,82,81,0.002603305736556649,1789591597.88497
rollout/rewards,83,82,0.0022170899901539087,1789592199.8204713
rollout/rewards,84,83,0.003097949782386422,1789592818.1448638
rollout/rewards,85,84,0.002897196216508746,1789593695.8558917
rollout/rewards,86,85,0.002985781989991665,1789594324.5733972
rollout/rewards,87,86,0.002864450216293335,1789594936.4776285
rollout/rewards,88,87,0.002251082332804799,1789595531.927874
rollout/rewards,89,88,0.0029457365162670612,1789596163.605596
rollout/rewards,90,89,0.003022222314029932,1789597068.7738998
rollout/rewards,91,90,0.0029186601750552654,1789597690.5795035
rollout/rewards,92,91,0.002893401077017188,1789598318.353392
rollout/rewards,93,92,0.0026486485730856657,1789598920.6045506
rollout/rewards,94,93,0.002900763414800167,1789599581.273661
rollout/rewards,95,94,0.0032768361270427704,1789600443.6643229
rollout/rewards,96,95,0.0030897704418748617,1789601046.9309533
rollout/rewards,97,96,0.003128205193206668,1789601642.595087
rollout/rewards,98,97,0.003221153747290373,1789602260.2296736
rollout/rewards,99,98,0.002912087831646204,1789602858.876376
rollout/rewards,100,99,0.0024120602756738663,1789603757.3845978
rollout/rewards,101,100,0.0033333334140479565,1789604416.5427914
rollout/rewards,102,101,0.003189065959304571,1789605017.3483868
rollout/rewards,103,102,0.0024427480529993773,1789605628.4425206
rollout/rewards,104,103,0.0032682926394045353,1789606257.686368
rollout/rewards,105,104,0.0023296703584492207,1789607164.57359
rollout/rewards,106,105,0.0024332343600690365,1789607783.353368
rollout/rewards,107,106,0.002924281870946288,1789608388.1161978
rollout/rewards,108,107,0.0031512605492025614,1789608993.6123257
rollout/rewards,109,108,0.003196125850081444,1789609610.0930674
rollout/rewards,110,109,0.0031081081833690405,1789610521.114728
rollout/rewards,111,110,0.0034545455127954483,1789611152.296538
rollout/rewards,112,111,0.002201405121013522,1789611764.0916445
rollout/rewards,113,112,0.0029955946374684572,1789612380.666665
rollout/rewards,114,113,0.0030248307157307863,1789612983.3582213
rollout/rewards,115,114,0.002698795171454549,1789613886.1604478
rollout/rewards,116,115,0.0029139071702957153,1789614520.8886871
rollout/rewards,117,116,0.0026704545598477125,1789615144.6352174
rollout/rewards,118,117,0.002781774615868926,1789615763.7860916
rollout/rewards,119,118,0.0025806452613323927,1789616389.2321646
rollout/rewards,120,119,0.0029516539070755243,1789617316.7669778
rollout/rewards,121,120,0.002211538376286626,1789617958.7355363
rollout/advantages_mean,1,0,-0.06802009046077728,1789537370.75297
rollout/advantages_mean,2,1,-0.05858426168560982,1789537988.167955
rollout/advantages_mean,3,2,-0.03843093663454056,1789538585.99073
rollout/advantages_mean,4,3,-0.07992405444383621,1789539222.1027875
rollout/advantages_mean,5,4,-0.05804803594946861,1789540098.3000667
rollout/advantages_mean,6,5,-0.06714843958616257,1789540697.158612
rollout/advantages_mean,7,6,-0.05333370715379715,1789541296.7087936
rollout/advantages_mean,8,7,-0.07207328081130981,1789541912.4854097
rollout/advantages_mean,9,8,-0.05796961858868599,1789542519.6944659
rollout/advantages_mean,10,9,-0.072957344353199,1789543400.8663042
rollout/advantages_mean,11,10,-0.06553078442811966,1789544015.3449812
rollout/advantages_mean,12,11,-0.051468584686517715,1789544622.4553988
rollout/advantages_mean,13,12,-0.07465438544750214,1789545234.7370775
rollout/advantages_mean,14,13,-0.07025007158517838,1789545829.191937
rollout/advantages_mean,15,14,-0.054993513971567154,1789546690.7836058
rollout/advantages_mean,16,15,-0.05946669355034828,1789547284.2063835
rollout/advantages_mean,17,16,-0.0639195442199707,1789547893.699298
rollout/advantages_mean,18,17,-0.06347224861383438,1789548492.1658516
rollout/advantages_mean,19,18,-0.07234228402376175,1789549104.0355275
rollout/advantages_mean,20,19,-0.044611379504203796,1789549984.6868875
rollout/advantages_mean,21,20,-0.057720333337783813,1789550587.882563
rollout/advantages_mean,22,21,-0.06550753861665726,1789551215.9797266
rollout/advantages_mean,23,22,-0.06348876655101776,1789551832.3173597
rollout/advantages_mean,24,23,-0.05518190562725067,1789552430.443191
rollout/advantages_mean,25,24,-0.061237119138240814,1789553335.3200715
rollout/advantages_mean,26,25,-0.05768899992108345,1789553965.9691937
rollout/advantages_mean,27,26,-0.07425325363874435,1789554602.7449827
rollout/advantages_mean,28,27,-0.04546990990638733,1789555219.6557982
rollout/advantages_mean,29,28,-0.07007970660924911,1789555844.5633564
rollout/advantages_mean,30,29,-0.04894718900322914,1789556767.3352072
rollout/advantages_mean,31,30,-0.058227814733982086,1789557383.6008716
rollout/advantages_mean,32,31,-0.08200936764478683,1789558051.4281423
rollout/advantages_mean,33,32,-0.05240558087825775,1789558681.649041
rollout/advantages_mean,34,33,-0.05971444770693779,1789559281.6271095
rollout/advantages_mean,35,34,-0.07875505089759827,1789560144.475459
rollout/advantages_mean,36,35,-0.06335942447185516,1789560759.9101562
rollout/advantages_mean,37,36,-0.06044713780283928,1789561371.4019332
rollout/advantages_mean,38,37,-0.069569893181324,1789562006.9485998
rollout/advantages_mean,39,38,-0.060376159846782684,1789562614.2148864
rollout/advantages_mean,40,39,-0.03614666685461998,1789563500.932346
rollout/advantages_mean,41,40,-0.06821971386671066,1789564108.502504
rollout/advantages_mean,42,41,-0.04920925945043564,1789564713.1738334
rollout/advantages_mean,43,42,-0.05837070569396019,1789565323.2090275
rollout/advantages_mean,44,43,-0.06912421435117722,1789565951.0056589
rollout/advantages_mean,45,44,-0.060425255447626114,1789566814.029794
rollout/advantages_mean,46,45,-0.05375463515520096,1789567419.339746
rollout/advantages_mean,47,46,-0.06659770011901855,1789568014.7955012
rollout/advantages_mean,48,47,-0.05006774142384529,1789568641.7344117
rollout/advantages_mean,49,48,-0.05020683631300926,1789569273.1049852
rollout/advantages_mean,50,49,-0.0626261904835701,1789570189.8561356
rollout/advantages_mean,51,50,-0.06632725894451141,1789570818.3876657
rollout/advantages_mean,52,51,-0.07518597692251205,1789571425.1492052
rollout/advantages_mean,53,52,-0.07853259891271591,1789572041.4595108
rollout/advantages_mean,54,53,-0.05686282366514206,1789572636.6594744
rollout/advantages_mean,55,54,-0.07747233659029007,1789573517.0567486
rollout/advantages_mean,56,55,-0.036046434193849564,1789574124.0868971
rollout/advantages_mean,57,56,-0.045251619070768356,1789574734.9003208
rollout/advantages_mean,58,57,-0.07795962691307068,1789575351.7520518
rollout/advantages_mean,59,58,-0.06177416816353798,1789575966.8061209
rollout/advantages_mean,60,59,-0.04495750367641449,1789576897.9919946
rollout/advantages_mean,61,60,-0.053581953048706055,1789577495.9717627
rollout/advantages_mean,62,61,-0.045352187007665634,1789578115.3751237
rollout/advantages_mean,63,62,-0.06549324095249176,1789578755.0983317
rollout/advantages_mean,64,63,-0.0695333257317543,1789579360.1982093
rollout/advantages_mean,65,64,-0.047844357788562775,1789580294.2189655
rollout/advantages_mean,66,65,-0.049617353826761246,1789580920.4987283
rollout/advantages_mean,67,66,-0.04173418506979942,1789581536.956026
rollout/advantages_mean,68,67,-0.056729644536972046,1789582143.1673875
rollout/advantages_mean,69,68,-0.06176581233739853,1789582754.8718617
rollout/advantages_mean,70,69,-0.04744898900389671,1789583642.0341003
rollout/advantages_mean,71,70,-0.04158158227801323,1789584278.9283123
rollout/advantages_mean,72,71,-0.032772552222013474,1789584906.5465646
rollout/advantages_mean,73,72,-0.04451359435915947,1789585514.551864
rollout/advantages_mean,74,73,-0.01487100962549448,1789586115.4015934
rollout/advantages_mean,75,74,-0.05135020613670349,1789586988.6032145
rollout/advantages_mean,76,75,-0.05916177108883858,1789587609.9545753
rollout/advantages_mean,77,76,-0.049246370792388916,1789588236.8284085
rollout/advantages_mean,78,77,-0.03241877257823944,1789588860.618766
rollout/advantages_mean,79,78,-0.032099295407533646,1789589473.128789
rollout/advantages_mean,80,79,-0.04166020452976227,1789590358.7214282
rollout/advantages_mean,81,80,-0.027142798528075218,1789590972.5321634
rollout/advantages_mean,82,81,-0.037852946668863297,1789591597.8849764
rollout/advantages_mean,83,82,-0.027267521247267723,1789592199.8204777
rollout/advantages_mean,84,83,-0.06495722383260727,1789592818.144871
rollout/advantages_mean,85,84,-0.04124429449439049,1789593695.8559
rollout/advantages_mean,86,85,-0.03931324556469917,1789594324.5734043
rollout/advantages_mean,87,86,-0.031582240015268326,1789594936.477636
rollout/advantages_mean,88,87,-0.03979653865098953,1789595531.927881
rollout/advantages_mean,89,88,-0.051472194492816925,1789596163.6056042
rollout/advantages_mean,90,89,-0.047157786786556244,1789597068.77391
rollout/advantages_mean,91,90,-0.042328618466854095,1789597690.579512
rollout/advantages_mean,92,91,-0.04294970631599426,1789598318.3533988
rollout/advantages_mean,93,92,-0.02582145854830742,1789598920.6045637
rollout/advantages_mean,94,93,-0.042773306369781494,1789599581.273666
rollout/advantages_mean,95,94,-0.04756688326597214,1789600443.6643343
rollout/advantages_mean,96,95,-0.04435832425951958,1789601046.9309602
rollout/advantages_mean,97,96,-0.04003326967358589,1789601642.5950935
rollout/advantages_mean,98,97,-0.05071630701422691,1789602260.2296853
rollout/advantages_mean,99,98,-0.0403236486017704,1789602858.8763824
rollout/advantages_mean,100,99,-0.035622209310531616,1789603757.3846037
rollout/advantages_mean,101,100,-0.053373947739601135,1789604416.5427983
rollout/advantages_mean,102,101,-0.06266636401414871,1789605017.3483932
rollout/advantages_mean,103,102,-0.04469653218984604,1789605628.442532
rollout/advantages_mean,104,103,-0.0642719715833664,1789606257.6863744
rollout/advantages_mean,105,104,-0.057705800980329514,1789607164.5736017
rollout/advantages_mean,106,105,-0.02843201346695423,1789607783.353374
rollout/advantages_mean,107,106,-0.05172131955623627,1789608388.1162202
rollout/advantages_mean,108,107,-0.0425591766834259,1789608993.612333
rollout/advantages_mean,109,108,-0.05104070156812668,1789609610.093075
rollout/advantages_mean,110,109,-0.053570445626974106,1789610521.114735
rollout/advantages_mean,111,110,-0.047780703753232956,1789611152.296545
rollout/advantages_mean,112,111,-0.041997384279966354,1789611764.0916507
rollout/advantages_mean,113,112,-0.04449950158596039,1789612380.6666725
rollout/advantages_mean,114,113,-0.05229952558875084,1789612983.3582265
rollout/advantages_mean,115,114,-0.06707198917865753,1789613886.1604545
rollout/advantages_mean,116,115,-0.042474474757909775,1789614520.8886924
rollout/advantages_mean,117,116,-0.07575079798698425,1789615144.6352243
rollout/advantages_mean,118,117,-0.056838806718587875,1789615763.7860982
rollout/advantages_mean,119,118,-0.017944782972335815,1789616389.232171
rollout/advantages_mean,120,119,-0.04156412556767464,1789617316.766984
rollout/advantages_mean,121,120,-0.06975655257701874,1789617958.7355423
rollout/advantages_max,1,0,2.4748666286468506,1789537370.752991
rollout/advantages_max,2,1,2.4748666286468506,1789537988.1679618
rollout/advantages_max,3,2,2.4748666286468506,1789538585.9907367
rollout/advantages_max,4,3,1.6201815605163574,1789539222.102794
rollout/advantages_max,5,4,2.4748666286468506,1789540098.3000798
rollout/advantages_max,6,5,2.4748666286468506,1789540697.1586194
rollout/advantages_max,7,6,2.4748666286468506,1789541296.7088003
rollout/advantages_max,8,7,2.4748666286468506,1789541912.4854164
rollout/advantages_max,9,8,2.4748666286468506,1789542519.694472
rollout/advantages_max,10,9,2.4748666286468506,1789543400.8663137
rollout/advantages_max,11,10,2.4748666286468506,1789544015.3449879
rollout/advantages_max,12,11,2.4748666286468506,1789544622.4554083
rollout/advantages_max,13,12,2.4748666286468506,1789545234.7370837
rollout/advantages_max,14,13,2.4748666286468506,1789545829.1919427
rollout/advantages_max,15,14,2.4748666286468506,1789546690.7836175
rollout/advantages_max,16,15,2.4748666286468506,1789547284.2063923
rollout/advantages_max,17,16,2.4748666286468506,1789547893.6993036
rollout/advantages_max,18,17,2.4748666286468506,1789548492.1658585
rollout/advantages_max,19,18,2.4748666286468506,1789549104.0355337
rollout/advantages_max,20,19,2.4748666286468506,1789549984.6868916
rollout/advantages_max,21,20,2.4748666286468506,1789550587.8825698
rollout/advantages_max,22,21,2.4748666286468506,1789551215.979733
rollout/advantages_max,23,22,2.4748666286468506,1789551832.3173661
rollout/advantages_max,24,23,2.4748666286468506,1789552430.443198
rollout/advantages_max,25,24,2.4748666286468506,1789553335.3200867
rollout/advantages_max,26,25,2.4748666286468506,1789553965.9692032
rollout/advantages_max,27,26,2.4748666286468506,1789554602.7449896
rollout/advantages_max,28,27,2.4748666286468506,1789555219.6558049
rollout/advantages_max,29,28,1.6201815605163574,1789555844.5633628
rollout/advantages_max,30,29,2.4748666286468506,1789556767.3352146
rollout/advantages_max,31,30,2.4748666286468506,1789557383.6008782
rollout/advantages_max,32,31,2.4748666286468506,1789558051.428148
rollout/advantages_max,33,32,2.4748666286468506,1789558681.649047
rollout/advantages_max,34,33,2.4748666286468506,1789559281.627116
rollout/advantages_max,35,34,1.6201815605163574,1789560144.4754703
rollout/advantages_max,36,35,2.4748666286468506,1789560759.9101653
rollout/advantages_max,37,36,2.4748666286468506,1789561371.4019394
rollout/advantages_max,38,37,1.6201815605163574,1789562006.948606
rollout/advantages_max,39,38,2.4748666286468506,1789562614.2148924
rollout/advantages_max,40,39,2.4748666286468506,1789563500.9323518
rollout/advantages_max,41,40,1.6201815605163574,1789564108.5025103
rollout/advantages_max,42,41,2.4748666286468506,1789564713.1738393
rollout/advantages_max,43,42,2.4748666286468506,1789565323.2090335
rollout/advantages_max,44,43,2.4748666286468506,1789565951.005665
rollout/advantages_max,45,44,2.4748666286468506,1789566814.0298
rollout/advantages_max,46,45,2.4748666286468506,1789567419.3397522
rollout/advantages_max,47,46,2.4748666286468506,1789568014.7955081
rollout/advantages_max,48,47,1.6201815605163574,1789568641.7344272
rollout/advantages_max,49,48,2.4748666286468506,1789569273.1049912
rollout/advantages_max,50,49,2.4748666286468506,1789570189.8561442
rollout/advantages_max,51,50,1.6201815605163574,1789570818.387672
rollout/advantages_max,52,51,2.4748666286468506,1789571425.1492171
rollout/advantages_max,53,52,2.4748666286468506,1789572041.459517
rollout/advantages_max,54,53,1.6201815605163574,1789572636.659481
rollout/advantages_max,55,54,2.4748666286468506,1789573517.0567675
rollout/advantages_max,56,55,2.4748666286468506,1789574124.0869036
rollout/advantages_max,57,56,2.4748666286468506,1789574734.9003267
rollout/advantages_max,58,57,2.4748666286468506,1789575351.7520578
rollout/advantages_max,59,58,2.4748666286468506,1789575966.806127
rollout/advantages_max,60,59,2.4748666286468506,1789576897.9920008
rollout/advantages_max,61,60,1.6201815605163574,1789577495.9717689
rollout/advantages_max,62,61,1.6201815605163574,1789578115.3751352
rollout/advantages_max,63,62,1.6201815605163574,1789578755.0983384
rollout/advantages_max,64,63,2.4748666286468506,1789579360.1982157
rollout/advantages_max,65,64,2.4748666286468506,1789580294.2189715
rollout/advantages_max,66,65,2.4748666286468506,1789580920.4987342
rollout/advantages_max,67,66,2.4748666286468506,1789581536.9560328
rollout/advantages_max,68,67,2.4748666286468506,1789582143.1673932
rollout/advantages_max,69,68,2.4748666286468506,1789582754.8718681
rollout/advantages_max,70,69,2.4748666286468506,1789583642.0341089
rollout/advantages_max,71,70,2.4748666286468506,1789584278.9283204
rollout/advantages_max,72,71,2.4748666286468506,1789584906.5465708
rollout/advantages_max,73,72,1.6201815605163574,1789585514.5518723
rollout/advantages_max,74,73,2.4748666286468506,1789586115.4015996
rollout/advantages_max,75,74,2.4748666286468506,1789586988.6032202
rollout/advantages_max,76,75,2.4748666286468506,1789587609.9545817
rollout/advantages_max,77,76,2.4748666286468506,1789588236.8284178
rollout/advantages_max,78,77,2.4748666286468506,1789588860.618773
rollout/advantages_max,79,78,2.4748666286468506,1789589473.128795
rollout/advantages_max,80,79,2.4748666286468506,1789590358.7214346
rollout/advantages_max,81,80,2.4748666286468506,1789590972.532169
rollout/advantages_max,82,81,2.4748666286468506,1789591597.8849826
rollout/advantages_max,83,82,2.4748666286468506,1789592199.820484
rollout/advantages_max,84,83,2.4748666286468506,1789592818.1448772
rollout/advantages_max,85,84,1.6201815605163574,1789593695.855908
rollout/advantages_max,86,85,2.4748666286468506,1789594324.573411
rollout/advantages_max,87,86,2.4748666286468506,1789594936.4776435
rollout/advantages_max,88,87,2.4748666286468506,1789595531.9278874
rollout/advantages_max,89,88,2.4748666286468506,1789596163.6056108
rollout/advantages_max,90,89,1.6201815605163574,1789597068.7739198
rollout/advantages_max,91,90,2.4748666286468506,1789597690.5795197
rollout/advantages_max,92,91,2.4748666286468506,1789598318.3534048
rollout/advantages_max,93,92,2.4748666286468506,1789598920.6045752
rollout/advantages_max,94,93,1.6201815605163574,1789599581.273671
rollout/advantages_max,95,94,2.4748666286468506,1789600443.6643453
rollout/advantages_max,96,95,1.6201815605163574,1789601046.930967
rollout/advantages_max,97,96,2.4748666286468506,1789601642.5950994
rollout/advantages_max,98,97,2.4748666286468506,1789602260.229694
rollout/advantages_max,99,98,1.6201815605163574,1789602858.8763888
rollout/advantages_max,100,99,2.4748666286468506,1789603757.3846097
rollout/advantages_max,101,100,0.935412585735321,1789604416.542805
rollout/advantages_max,102,101,1.6201815605163574,1789605017.3483994
rollout/advantages_max,103,102,1.6201815605163574,1789605628.4425433
rollout/advantages_max,104,103,2.4748666286468506,1789606257.6863806
rollout/advantages_max,105,104,2.4748666286468506,1789607164.573614
rollout/advantages_max,106,105,1.6201815605163574,1789607783.3533802
rollout/advantages_max,107,106,2.4748666286468506,1789608388.1162736
rollout/advantages_max,108,107,2.4748666286468506,1789608993.6123397
rollout/advantages_max,109,108,1.6201815605163574,1789609610.093081
rollout/advantages_max,110,109,2.4748666286468506,1789610521.1147408
rollout/advantages_max,111,110,2.4748666286468506,1789611152.2965515
rollout/advantages_max,112,111,2.4748666286468506,1789611764.0916564
rollout/advantages_max,113,112,2.4748666286468506,1789612380.6666787
rollout/advantages_max,114,113,1.6201815605163574,1789612983.358231
rollout/advantages_max,115,114,2.4748666286468506,1789613886.1604602
rollout/advantages_max,116,115,1.6201815605163574,1789614520.8886976
rollout/advantages_max,117,116,2.4748666286468506,1789615144.63523
rollout/advantages_max,118,117,2.4748666286468506,1789615763.7861042
rollout/advantages_max,119,118,2.4748666286468506,1789616389.2321777
rollout/advantages_max,120,119,2.4748666286468506,1789617316.7669895
rollout/advantages_max,121,120,2.4748666286468506,1789617958.7355485
rollout/advantages_min,1,0,-2.4748666286468506,1789537370.753001
rollout/advantages_min,2,1,-1.6201815605163574,1789537988.1679678
rollout/advantages_min,3,2,-2.4748666286468506,1789538585.9907427
rollout/advantages_min,4,3,-1.6201815605163574,1789539222.1028
rollout/advantages_min,5,4,-2.4748666286468506,1789540098.3000922
rollout/advantages_min,6,5,-0.935412585735321,1789540697.158627
rollout/advantages_min,7,6,-1.20761239528656,1789541296.708806
rollout/advantages_min,8,7,-1.20761239528656,1789541912.4854228
rollout/advantages_min,9,8,-2.4748666286468506,1789542519.6944788
rollout/advantages_min,10,9,-1.20761239528656,1789543400.8663235
rollout/advantages_min,11,10,-1.20761239528656,1789544015.344995
rollout/advantages_min,12,11,-2.4748666286468506,1789544622.4554176
rollout/advantages_min,13,12,-2.4748666286468506,1789545234.7370894
rollout/advantages_min,14,13,-2.4748666286468506,1789545829.1919482
rollout/advantages_min,15,14,-1.6201815605163574,1789546690.7836287
rollout/advantages_min,16,15,-1.6201815605163574,1789547284.2064016
rollout/advantages_min,17,16,-2.4748666286468506,1789547893.6993093
rollout/advantages_min,18,17,-2.4748666286468506,1789548492.1658645
rollout/advantages_min,19,18,-1.6201815605163574,1789549104.0355403
rollout/advantages_min,20,19,-1.20761239528656,1789549984.6868958
rollout/advantages_min,21,20,-1.6201815605163574,1789550587.8825767
rollout/advantages_min,22,21,-1.6201815605163574,1789551215.979739
rollout/advantages_min,23,22,-2.4748666286468506,1789551832.317372
rollout/advantages_min,24,23,-2.4748666286468506,1789552430.4432042
rollout/advantages_min,25,24,-1.6201815605163574,1789553335.3201005
rollout/advantages_min,26,25,-2.4748666286468506,1789553965.9692113
rollout/advantages_min,27,26,-2.4748666286468506,1789554602.7449956
rollout/advantages_min,28,27,-1.20761239528656,1789555219.655811
rollout/advantages_min,29,28,-2.4748666286468506,1789555844.5633693
rollout/advantages_min,30,29,-1.6201815605163574,1789556767.3352218
rollout/advantages_min,31,30,-1.6201815605163574,1789557383.6008847
rollout/advantages_min,32,31,-2.4748666286468506,1789558051.4281535
rollout/advantages_min,33,32,-2.4748666286468506,1789558681.6490521
rollout/advantages_min,34,33,-2.4748666286468506,1789559281.6271217
rollout/advantages_min,35,34,-2.4748666286468506,1789560144.4754822
rollout/advantages_min,36,35,-2.4748666286468506,1789560759.910174
rollout/advantages_min,37,36,-2.4748666286468506,1789561371.4019456
rollout/advantages_min,38,37,-2.4748666286468506,1789562006.9486122
rollout/advantages_min,39,38,-2.4748666286468506,1789562614.2148983
rollout/advantages_min,40,39,-2.4748666286468506,1789563500.9323578
rollout/advantages_min,41,40,-2.4748666286468506,1789564108.5025172
rollout/advantages_min,42,41,-2.4748666286468506,1789564713.1738455
rollout/advantages_min,43,42,-1.6201815605163574,1789565323.2090394
rollout/advantages_min,44,43,-2.4748666286468506,1789565951.0056705
rollout/advantages_min,45,44,-1.6201815605163574,1789566814.0298057
rollout/advantages_min,46,45,-2.4748666286468506,1789567419.339758
rollout/advantages_min,47,46,-2.4748666286468506,1789568014.7955143
rollout/advantages_min,48,47,-2.4748666286468506,1789568641.7344384
rollout/advantages_min,49,48,-2.4748666286468506,1789569273.1049976
rollout/advantages_min,50,49,-2.4748666286468506,1789570189.8561523
rollout/advantages_min,51,50,-2.4748666286468506,1789570818.387678
rollout/advantages_min,52,51,-2.4748666286468506,1789571425.1492274
rollout/advantages_min,53,52,-2.4748666286468506,1789572041.459523
rollout/advantages_min,54,53,-2.4748666286468506,1789572636.6594868
rollout/advantages_min,55,54,-2.4748666286468506,1789573517.0567849
rollout/advantages_min,56,55,-1.6201815605163574,1789574124.0869102
rollout/advantages_min,57,56,-2.4748666286468506,1789574734.9003325
rollout/advantages_min,58,57,-2.4748666286468506,1789575351.7520635
rollout/advantages_min,59,58,-2.4748666286468506,1789575966.806133
rollout/advantages_min,60,59,-2.4748666286468506,1789576897.9920065
rollout/advantages_min,61,60,-2.4748666286468506,1789577495.9717753
rollout/advantages_min,62,61,-2.4748666286468506,1789578115.3751452
rollout/advantages_min,63,62,-2.4748666286468506,1789578755.0983446
rollout/advantages_min,64,63,-2.4748666286468506,1789579360.198222
rollout/advantages_min,65,64,-1.6201815605163574,1789580294.218977
rollout/advantages_min,66,65,-2.4748666286468506,1789580920.4987404
rollout/advantages_min,67,66,-2.4748666286468506,1789581536.9560392
rollout/advantages_min,68,67,-2.4748666286468506,1789582143.167399
rollout/advantages_min,69,68,-1.6201815605163574,1789582754.8718743
rollout/advantages_min,70,69,-2.4748666286468506,1789583642.0341182
rollout/advantages_min,71,70,-2.4748666286468506,1789584278.9283288
rollout/advantages_min,72,71,-1.6201815605163574,1789584906.5465767
rollout/advantages_min,73,72,-2.4748666286468506,1789585514.5518804
rollout/advantages_min,74,73,-2.4748666286468506,1789586115.4016054
rollout/advantages_min,75,74,-2.4748666286468506,1789586988.603226
rollout/advantages_min,76,75,-2.4748666286468506,1789587609.9545877
rollout/advantages_min,77,76,-2.4748666286468506,1789588236.8284266
rollout/advantages_min,78,77,-2.4748666286468506,1789588860.61878
rollout/advantages_min,79,78,-2.4748666286468506,1789589473.1288006
rollout/advantages_min,80,79,-1.6201815605163574,1789590358.721441
rollout/advantages_min,81,80,-2.4748666286468506,1789590972.5321748
rollout/advantages_min,82,81,-2.4748666286468506,1789591597.8849883
rollout/advantages_min,83,82,-2.4748666286468506,1789592199.82049
rollout/advantages_min,84,83,-2.4748666286468506,1789592818.144884
rollout/advantages_min,85,84,-2.4748666286468506,1789593695.8559163
rollout/advantages_min,86,85,-2.4748666286468506,1789594324.5734174
rollout/advantages_min,87,86,-2.4748666286468506,1789594936.4776506
rollout/advantages_min,88,87,-2.4748666286468506,1789595531.9278932
rollout/advantages_min,89,88,-2.4748666286468506,1789596163.605618
rollout/advantages_min,90,89,-2.4748666286468506,1789597068.7739303
rollout/advantages_min,91,90,-2.4748666286468506,1789597690.5795274
rollout/advantages_min,92,91,-2.4748666286468506,1789598318.3534107
rollout/advantages_min,93,92,-2.4748666286468506,1789598920.6045876
rollout/advantages_min,94,93,-2.4748666286468506,1789599581.2736754
rollout/advantages_min,95,94,-2.4748666286468506,1789600443.6643572
rollout/advantages_min,96,95,-2.4748666286468506,1789601046.9309733
rollout/advantages_min,97,96,-2.4748666286468506,1789601642.5951056
rollout/advantages_min,98,97,-2.4748666286468506,1789602260.2297025
rollout/advantages_min,99,98,-2.4748666286468506,1789602858.8763947
rollout/advantages_min,100,99,-2.4748666286468506,1789603757.3846154
rollout/advantages_min,101,100,-2.4748666286468506,1789604416.5428112
rollout/advantages_min,102,101,-2.4748666286468506,1789605017.348405
rollout/advantages_min,103,102,-2.4748666286468506,1789605628.442553
rollout/advantages_min,104,103,-2.4748666286468506,1789606257.6863863
rollout/advantages_min,105,104,-2.4748666286468506,1789607164.5736253
rollout/advantages_min,106,105,-2.4748666286468506,1789607783.3533857
rollout/advantages_min,107,106,-2.4748666286468506,1789608388.1163008
rollout/advantages_min,108,107,-2.4748666286468506,1789608993.6123462
rollout/advantages_min,109,108,-2.4748666286468506,1789609610.0930872
rollout/advantages_min,110,109,-2.4748666286468506,1789610521.1147466
rollout/advantages_min,111,110,-2.4748666286468506,1789611152.2965577
rollout/advantages_min,112,111,-2.4748666286468506,1789611764.0916624
rollout/advantages_min,113,112,-2.4748666286468506,1789612380.666685
rollout/advantages_min,114,113,-2.4748666286468506,1789612983.3582356
rollout/advantages_min,115,114,-2.4748666286468506,1789613886.1604662
rollout/advantages_min,116,115,-2.4748666286468506,1789614520.8887029
rollout/advantages_min,117,116,-2.4748666286468506,1789615144.6352355
rollout/advantages_min,118,117,-2.4748666286468506,1789615763.7861104
rollout/advantages_min,119,118,-2.4748666286468506,1789616389.232183
rollout/advantages_min,120,119,-2.4748666286468506,1789617316.766995
rollout/advantages_min,121,120,-2.4748666286468506,1789617958.7355537
time/sync_weights,1,0,7.967164516448975,1789537370.75302
time/sync_weights,2,1,6.75136661529541,1789537988.167976
time/sync_weights,3,2,5.899762153625488,1789538585.9907515
time/sync_weights,4,3,6.6715087890625,1789539222.1028082
time/sync_weights,5,4,5.74981689453125,1789540098.3001096
time/sync_weights,6,5,1.9499616622924805,1789540697.1586378
time/sync_weights,7,6,6.158852577209473,1789541296.7088149
time/sync_weights,8,7,6.14384126663208,1789541912.485432
time/sync_weights,9,8,4.876020908355713,1789542519.6944876
time/sync_weights,10,9,5.163199424743652,1789543400.8663337
time/sync_weights,11,10,1.7831194400787354,1789544015.3450038
time/sync_weights,12,11,4.936885833740234,1789544622.45543
time/sync_weights,13,12,5.568081855773926,1789545234.737098
time/sync_weights,14,13,6.087164402008057,1789545829.1919565
time/sync_weights,15,14,6.375992774963379,1789546690.7836444
time/sync_weights,16,15,1.7931241989135742,1789547284.206414
time/sync_weights,17,16,6.280246257781982,1789547893.699318
time/sync_weights,18,17,4.833078384399414,1789548492.1658726
time/sync_weights,19,18,6.331746578216553,1789549104.035548
time/sync_weights,20,19,5.336219787597656,1789549984.686902
time/sync_weights,21,20,1.7158071994781494,1789550587.8825865
time/sync_weights,22,21,6.321752071380615,1789551215.979747
time/sync_weights,23,22,5.755392551422119,1789551832.3173807
time/sync_weights,24,23,5.288516998291016,1789552430.4432132
time/sync_weights,25,24,5.6096601486206055,1789553335.3201196
time/sync_weights,26,25,1.9038286209106445,1789553965.9692237
time/sync_weights,27,26,5.090132713317871,1789554602.745003
time/sync_weights,28,27,5.451907157897949,1789555219.65582
time/sync_weights,29,28,6.021847248077393,1789555844.563378
time/sync_weights,30,29,5.281619071960449,1789556767.3352323
time/sync_weights,31,30,1.7619025707244873,1789557383.600894
time/sync_weights,32,31,5.694515228271484,1789558051.4281619
time/sync_weights,33,32,5.338522434234619,1789558681.64906
time/sync_weights,34,33,6.128983497619629,1789559281.6271298
time/sync_weights,35,34,5.585044860839844,1789560144.475495
time/sync_weights,36,35,1.8291709423065186,1789560759.910185
time/sync_weights,37,36,5.574731826782227,1789561371.401954
time/sync_weights,38,37,5.168099403381348,1789562006.9486206
time/sync_weights,39,38,5.31015682220459,1789562614.2149065
time/sync_weights,40,39,5.852895259857178,1789563500.9323664
time/sync_weights,41,40,1.7028586864471436,1789564108.5025263
time/sync_weights,42,41,5.476601600646973,1789564713.173854
time/sync_weights,43,42,6.019508361816406,1789565323.2090466
time/sync_weights,44,43,5.5033392906188965,1789565951.0056791
time/sync_weights,45,44,5.548572540283203,1789566814.0298135
time/sync_weights,46,45,1.9070789813995361,1789567419.339766
time/sync_weights,47,46,5.117520809173584,1789568014.7955236
time/sync_weights,48,47,6.12827205657959,1789568641.7344527
time/sync_weights,49,48,5.346641540527344,1789569273.1050072
time/sync_weights,50,49,6.898338317871094,1789570189.8561766
time/sync_weights,51,50,1.9960293769836426,1789570818.3876855
time/sync_weights,52,51,5.944607257843018,1789571425.1492424
time/sync_weights,53,52,5.627313613891602,1789572041.4595315
time/sync_weights,54,53,5.708317756652832,1789572636.6594949
time/sync_weights,55,54,6.032153129577637,1789573517.0568097
time/sync_weights,56,55,1.866913080215454,1789574124.0869184
time/sync_weights,57,56,5.787813663482666,1789574734.900341
time/sync_weights,58,57,5.479166030883789,1789575351.7520719
time/sync_weights,59,58,5.2561750411987305,1789575966.806142
time/sync_weights,60,59,5.34662389755249,1789576897.992015
time/sync_weights,61,60,1.6708035469055176,1789577495.9717844
time/sync_weights,62,61,5.752758026123047,1789578115.3751626
time/sync_weights,63,62,5.710049629211426,1789578755.0983534
time/sync_weights,64,63,5.653885364532471,1789579360.1982315
time/sync_weights,65,64,7.743681907653809,1789580294.2189856
time/sync_weights,66,65,1.9501047134399414,1789580920.4987493
time/sync_weights,67,66,6.332109451293945,1789581536.9560468
time/sync_weights,68,67,5.737757682800293,1789582143.1674068
time/sync_weights,69,68,5.553176403045654,1789582754.8718832
time/sync_weights,70,69,5.873963356018066,1789583642.0341315
time/sync_weights,71,70,1.6863605976104736,1789584278.9283392
time/sync_weights,72,71,5.81926155090332,1789584906.546585
time/sync_weights,73,72,5.780458450317383,1789585514.5518923
time/sync_weights,74,73,5.8073201179504395,1789586115.4016142
time/sync_weights,75,74,5.629834175109863,1789586988.6032326
time/sync_weights,76,75,1.8548035621643066,1789587609.954596
time/sync_weights,77,76,5.5161662101745605,1789588236.8284364
time/sync_weights,78,77,5.9652605056762695,1789588860.6187897
time/sync_weights,79,78,7.321715831756592,1789589473.1288085
time/sync_weights,80,79,5.24165678024292,1789590358.7214503
time/sync_weights,81,80,1.6470141410827637,1789590972.532183
time/sync_weights,82,81,5.78433895111084,1789591597.884997
time/sync_weights,83,82,5.710019588470459,1789592199.8204985
time/sync_weights,84,83,5.947039604187012,1789592818.144892
time/sync_weights,85,84,6.947568893432617,1789593695.8559277
time/sync_weights,86,85,1.9032151699066162,1789594324.5734267
time/sync_weights,87,86,5.4837846755981445,1789594936.4776604
time/sync_weights,88,87,4.844891548156738,1789595531.927902
time/sync_weights,89,88,6.301814079284668,1789596163.6056268
time/sync_weights,90,89,5.928761005401611,1789597068.7739444
time/sync_weights,91,90,2.0472869873046875,1789597690.5795367
time/sync_weights,92,91,5.904352188110352,1789598318.3534188
time/sync_weights,93,92,5.334047317504883,1789598920.604604
time/sync_weights,94,93,6.423145771026611,1789599581.2736824
time/sync_weights,95,94,5.404489517211914,1789600443.664372
time/sync_weights,96,95,1.9816884994506836,1789601046.9309812
time/sync_weights,97,96,5.942333221435547,1789601642.5951142
time/sync_weights,98,97,6.386795997619629,1789602260.2297142
time/sync_weights,99,98,5.981481075286865,1789602858.8764036
time/sync_weights,100,99,6.297307014465332,1789603757.3846242
time/sync_weights,101,100,1.6738331317901611,1789604416.5428197
time/sync_weights,102,101,6.02907657623291,1789605017.348415
time/sync_weights,103,102,6.31733512878418,1789605628.4425638
time/sync_weights,104,103,5.825957298278809,1789606257.6863947
time/sync_weights,105,104,6.048723220825195,1789607164.5736413
time/sync_weights,106,105,1.9412879943847656,1789607783.3533933
time/sync_weights,107,106,6.807277679443359,1789608388.1163282
time/sync_weights,108,107,8.070716857910156,1789608993.6123538
time/sync_weights,109,108,5.394416809082031,1789609610.0930955
time/sync_weights,110,109,5.635344982147217,1789610521.1147556
time/sync_weights,111,110,1.945432424545288,1789611152.2965662
time/sync_weights,112,111,6.076845169067383,1789611764.0916708
time/sync_weights,113,112,5.301202774047852,1789612380.666694
time/sync_weights,114,113,5.9025092124938965,1789612983.3582418
time/sync_weights,115,114,5.650720119476318,1789613886.1604736
time/sync_weights,116,115,1.7209393978118896,1789614520.8887103
time/sync_weights,117,116,5.686250686645508,1789615144.635249
time/sync_weights,118,117,5.94231653213501,1789615763.786119
time/sync_weights,119,118,4.9559831619262695,1789616389.2321963
time/sync_weights,120,119,5.674785137176514,1789617316.7670033
time/sync_weights,121,120,1.732649803161621,1789617958.7355623
time/generate_rollouts,1,0,647.694091796875,1789537370.7530274
time/generate_rollouts,2,1,597.7118530273438,1789537988.167982
time/generate_rollouts,3,2,578.9328002929688,1789538585.9907577
time/generate_rollouts,4,3,617.057861328125,1789539222.1028142
time/generate_rollouts,5,4,604.9918212890625,1789540098.3001227
time/generate_rollouts,6,5,584.5859985351562,1789540697.1586454
time/generate_rollouts,7,6,578.6030883789062,1789541296.7088225
time/generate_rollouts,8,7,597.3684692382812,1789541912.485438
time/generate_rollouts,9,8,590.1604614257812,1789542519.6944938
time/generate_rollouts,10,9,578.2645874023438,1789543400.8663406
time/generate_rollouts,11,10,600.1519775390625,1789544015.3450105
time/generate_rollouts,12,11,588.8099975585938,1789544622.4554398
time/generate_rollouts,13,12,594.3143920898438,1789545234.7371042
time/generate_rollouts,14,13,576.0548095703125,1789545829.1919625
time/generate_rollouts,15,14,589.08935546875,1789546690.7836554
time/generate_rollouts,16,15,579.4745483398438,1789547284.206424
time/generate_rollouts,17,16,591.1646118164062,1789547893.6993246
time/generate_rollouts,18,17,581.4010009765625,1789548492.1658788
time/generate_rollouts,19,18,592.72021484375,1789549104.035554
time/generate_rollouts,20,19,579.2003784179688,1789549984.6869063
time/generate_rollouts,21,20,589.1788940429688,1789550587.882593
time/generate_rollouts,22,21,609.4196166992188,1789551215.9797533
time/generate_rollouts,23,22,598.2401733398438,1789551832.317389
time/generate_rollouts,24,23,580.321533203125,1789552430.4432197
time/generate_rollouts,25,24,618.1468505859375,1789553335.320131
time/generate_rollouts,26,25,616.0147705078125,1789553965.9692328
time/generate_rollouts,27,26,619.0357055664062,1789554602.7450094
time/generate_rollouts,28,27,599.3238525390625,1789555219.655826
time/generate_rollouts,29,28,606.5318603515625,1789555844.5633845
time/generate_rollouts,30,29,618.6360473632812,1789556767.3352401
time/generate_rollouts,31,30,601.4898071289062,1789557383.6009004
time/generate_rollouts,32,31,649.8450927734375,1789558051.4281685
time/generate_rollouts,33,32,612.437744140625,1789558681.6490662
time/generate_rollouts,34,33,581.5132446289062,1789559281.627136
time/generate_rollouts,35,34,593.5309448242188,1789560144.475506
time/generate_rollouts,36,35,601.3560791015625,1789560759.910194
time/generate_rollouts,37,36,593.70703125,1789561371.40196
time/generate_rollouts,38,37,617.9675903320312,1789562006.9486268
time/generate_rollouts,39,38,589.6436157226562,1789562614.2149124
time/generate_rollouts,40,39,574.46875,1789563500.9323728
time/generate_rollouts,41,40,593.7062377929688,1789564108.5025327
time/generate_rollouts,42,41,586.9259643554688,1789564713.1738603
time/generate_rollouts,43,42,591.4220581054688,1789565323.2090523
time/generate_rollouts,44,43,609.864990234375,1789565951.0056856
time/generate_rollouts,45,44,588.677978515625,1789566814.0298195
time/generate_rollouts,46,45,591.1610717773438,1789567419.3397725
time/generate_rollouts,47,46,577.6868896484375,1789568014.7955303
time/generate_rollouts,48,47,608.4578247070312,1789568641.7344625
time/generate_rollouts,49,48,610.83935546875,1789569273.1050131
time/generate_rollouts,50,49,610.2574462890625,1789570189.8561862
time/generate_rollouts,51,50,613.5692749023438,1789570818.387692
time/generate_rollouts,52,51,588.1220703125,1789571425.1492534
time/generate_rollouts,53,52,598.5570678710938,1789572041.4595377
time/generate_rollouts,54,53,577.3344116210938,1789572636.6595008
time/generate_rollouts,55,54,603.9744262695312,1789573517.0568273
time/generate_rollouts,56,55,592.2008056640625,1789574124.086925
time/generate_rollouts,57,56,592.0159912109375,1789574734.9003475
time/generate_rollouts,58,57,598.8406372070312,1789575351.752078
time/generate_rollouts,59,58,597.3270263671875,1789575966.8061485
time/generate_rollouts,60,59,619.4454345703125,1789576897.992021
time/generate_rollouts,61,60,584.0780029296875,1789577495.9717913
time/generate_rollouts,62,61,601.3082885742188,1789578115.3751736
time/generate_rollouts,63,62,621.1939697265625,1789578755.0983598
time/generate_rollouts,64,63,585.3660888671875,1789579360.1982381
time/generate_rollouts,65,64,617.392578125,1789580294.2189934
time/generate_rollouts,66,65,610.1157836914062,1789580920.4987562
time/generate_rollouts,67,66,597.8764038085938,1789581536.9560535
time/generate_rollouts,68,67,588.1868896484375,1789582143.167413
time/generate_rollouts,69,68,594.0499267578125,1789582754.8718896
time/generate_rollouts,70,69,568.9363403320312,1789583642.0341403
time/generate_rollouts,71,70,622.8792114257812,1789584278.928347
time/generate_rollouts,72,71,609.6140747070312,1789584906.5465915
time/generate_rollouts,73,72,589.3577270507812,1789585514.5519013
time/generate_rollouts,74,73,582.612060546875,1789586115.4016201
time/generate_rollouts,75,74,581.6806640625,1789586988.603239
time/generate_rollouts,76,75,607.2359619140625,1789587609.954602
time/generate_rollouts,77,76,608.7178955078125,1789588236.8284426
time/generate_rollouts,78,77,603.406494140625,1789588860.6187959
time/generate_rollouts,79,78,592.3367309570312,1789589473.1288147
time/generate_rollouts,80,79,581.0206298828125,1789590358.7214565
time/generate_rollouts,81,80,599.6856689453125,1789590972.5321891
time/generate_rollouts,82,81,607.2102661132812,1789591597.8850029
time/generate_rollouts,83,82,584.131591796875,1789592199.8205047
time/generate_rollouts,84,83,598.5875244140625,1789592818.144898
time/generate_rollouts,85,84,600.9691772460938,1789593695.8559356
time/generate_rollouts,86,85,614.471435546875,1789594324.5734334
time/generate_rollouts,87,86,594.1340942382812,1789594936.4776676
time/generate_rollouts,88,87,576.9178466796875,1789595531.927908
time/generate_rollouts,89,88,612.3497924804688,1789596163.605634
time/generate_rollouts,90,89,585.6738891601562,1789597068.7739542
time/generate_rollouts,91,90,607.0336303710938,1789597690.5795443
time/generate_rollouts,92,91,608.9972534179688,1789598318.3534255
time/generate_rollouts,93,92,582.904541015625,1789598920.6046169
time/generate_rollouts,94,93,642.062744140625,1789599581.2736871
time/generate_rollouts,95,94,589.9908447265625,1789600443.664384
time/generate_rollouts,96,95,589.0764770507812,1789601046.9309866
time/generate_rollouts,97,96,577.3515625,1789601642.5951204
time/generate_rollouts,98,97,599.1405639648438,1789602260.229723
time/generate_rollouts,99,98,580.2896118164062,1789602858.8764098
time/generate_rollouts,100,99,586.3755493164062,1789603757.3846302
time/generate_rollouts,101,100,645.1019287109375,1789604416.5428264
time/generate_rollouts,102,101,582.4863891601562,1789605017.3484213
time/generate_rollouts,103,102,591.9994506835938,1789605628.4425728
time/generate_rollouts,104,103,610.7032470703125,1789606257.6864004
time/generate_rollouts,105,104,620.3345336914062,1789607164.5736537
time/generate_rollouts,106,105,604.5926513671875,1789607783.3533995
time/generate_rollouts,107,106,584.7974243164062,1789608388.116349
time/generate_rollouts,108,107,585.1835327148438,1789608993.6123605
time/generate_rollouts,109,108,598.4628295898438,1789609610.093102
time/generate_rollouts,110,109,589.6866455078125,1789610521.1147642
time/generate_rollouts,111,110,617.0083618164062,1789611152.2965736
time/generate_rollouts,112,111,593.5542602539062,1789611764.091677
time/generate_rollouts,113,112,598.87890625,1789612380.6667004
time/generate_rollouts,114,113,584.5216064453125,1789612983.3582468
time/generate_rollouts,115,114,616.3819580078125,1789613886.1604793
time/generate_rollouts,116,115,620.7996215820312,1789614520.8887155
time/generate_rollouts,117,116,605.9402465820312,1789615144.635255
time/generate_rollouts,118,117,600.9903564453125,1789615763.7861247
time/generate_rollouts,119,118,608.1870727539062,1789616389.2322028
time/generate_rollouts,120,119,608.1067504882812,1789617316.7670095
time/generate_rollouts,121,120,628.1685791015625,1789617958.7355685
time/cal_adv_and_returns,1,0,0.0390932559967041,1789537370.7541947
time/cal_adv_and_returns,2,1,0.010942459106445312,1789537988.1688619
time/cal_adv_and_returns,3,2,0.013097047805786133,1789538585.9911926
time/cal_adv_and_returns,4,3,0.010571956634521484,1789539222.1037457
time/cal_adv_and_returns,5,4,0.008936166763305664,1789540098.3007445
time/cal_adv_and_returns,6,5,0.011216163635253906,1789540697.159545
time/cal_adv_and_returns,7,6,0.015208721160888672,1789541296.7098641
time/cal_adv_and_returns,8,7,0.012346506118774414,1789541912.4863386
time/cal_adv_and_returns,9,8,0.011647701263427734,1789542519.694945
time/cal_adv_and_returns,10,9,0.00994110107421875,1789543400.8666444
time/cal_adv_and_returns,11,10,0.01110219955444336,1789544015.3455389
time/cal_adv_and_returns,12,11,0.011647939682006836,1789544622.4564166
time/cal_adv_and_returns,13,12,0.011536836624145508,1789545234.7381842
time/cal_adv_and_returns,14,13,0.011159420013427734,1789545829.1923091
time/cal_adv_and_returns,15,14,0.011009693145751953,1789546690.7840202
time/cal_adv_and_returns,16,15,0.011886835098266602,1789547284.207065
time/cal_adv_and_returns,17,16,0.009906291961669922,1789547893.7002423
time/cal_adv_and_returns,18,17,0.011567354202270508,1789548492.1669593
time/cal_adv_and_returns,19,18,0.009668350219726562,1789549104.0359418
time/cal_adv_and_returns,20,19,0.010682106018066406,1789549984.6875703
time/cal_adv_and_returns,21,20,0.011560440063476562,1789550587.8835378
time/cal_adv_and_returns,22,21,0.010078668594360352,1789551215.9802244
time/cal_adv_and_returns,23,22,0.007549285888671875,1789551832.317797
time/cal_adv_and_returns,24,23,0.013296842575073242,1789552430.4441664
time/cal_adv_and_returns,25,24,0.012075185775756836,1789553335.320477
time/cal_adv_and_returns,26,25,0.012747764587402344,1789553965.9701447
time/cal_adv_and_returns,27,26,0.012941837310791016,1789554602.7453744
time/cal_adv_and_returns,28,27,0.014412403106689453,1789555219.6567366
time/cal_adv_and_returns,29,28,0.013176441192626953,1789555844.564009
time/cal_adv_and_returns,30,29,0.013829469680786133,1789556767.3360102
time/cal_adv_and_returns,31,30,0.009568452835083008,1789557383.6012523
time/cal_adv_and_returns,32,31,0.013057231903076172,1789558051.4286737
time/cal_adv_and_returns,33,32,0.013120412826538086,1789558681.6494126
time/cal_adv_and_returns,34,33,0.012736797332763672,1789559281.6281466
time/cal_adv_and_returns,35,34,0.012813806533813477,1789560144.4757202
time/cal_adv_and_returns,36,35,0.01442861557006836,1789560759.9113393
time/cal_adv_and_returns,37,36,0.01269388198852539,1789561371.4029138
time/cal_adv_and_returns,38,37,0.009636640548706055,1789562006.9496717
time/cal_adv_and_returns,39,38,0.012518644332885742,1789562614.2159007
time/cal_adv_and_returns,40,39,0.012282609939575195,1789563500.9330113
time/cal_adv_and_returns,41,40,0.011321306228637695,1789564108.5034535
time/cal_adv_and_returns,42,41,0.010296106338500977,1789564713.1747544
time/cal_adv_and_returns,43,42,0.008804082870483398,1789565323.209798
time/cal_adv_and_returns,44,43,0.013534069061279297,1789565951.0060685
time/cal_adv_and_returns,45,44,0.014032840728759766,1789566814.0303962
time/cal_adv_and_returns,46,45,0.008544206619262695,1789567419.340214
time/cal_adv_and_returns,47,46,0.008547544479370117,1789568014.7966387
time/cal_adv_and_returns,48,47,0.011988639831542969,1789568641.735565
time/cal_adv_and_returns,49,48,0.015761375427246094,1789569273.1063426
time/cal_adv_and_returns,50,49,0.01096487045288086,1789570189.8568301
time/cal_adv_and_returns,51,50,0.012224912643432617,1789570818.388629
time/cal_adv_and_returns,52,51,0.014277458190917969,1789571425.1502903
time/cal_adv_and_returns,53,52,0.01035928726196289,1789572041.4600081
time/cal_adv_and_returns,54,53,0.007556438446044922,1789572636.6598823
time/cal_adv_and_returns,55,54,0.013277530670166016,1789573517.057473
time/cal_adv_and_returns,56,55,0.011490821838378906,1789574124.0874434
time/cal_adv_and_returns,57,56,0.01269388198852539,1789574734.9011376
time/cal_adv_and_returns,58,57,0.011384248733520508,1789575351.7530057
time/cal_adv_and_returns,59,58,0.00784921646118164,1789575966.807185
time/cal_adv_and_returns,60,59,0.011951684951782227,1789576897.9923368
time/cal_adv_and_returns,61,60,0.00932621955871582,1789577495.972558
time/cal_adv_and_returns,62,61,0.012187480926513672,1789578115.375693
time/cal_adv_and_returns,63,62,0.011504888534545898,1789578755.0989513
time/cal_adv_and_returns,64,63,0.013746023178100586,1789579360.1994624
time/cal_adv_and_returns,65,64,0.009154558181762695,1789580294.2192595
time/cal_adv_and_returns,66,65,0.015130996704101562,1789580920.4995203
time/cal_adv_and_returns,67,66,0.013405323028564453,1789581536.9562783
time/cal_adv_and_returns,68,67,0.011797189712524414,1789582143.1679776
time/cal_adv_and_returns,69,68,0.010620594024658203,1789582754.872814
time/cal_adv_and_returns,70,69,0.01397395133972168,1789583642.0345016
time/cal_adv_and_returns,71,70,0.013479948043823242,1789584278.9287288
time/cal_adv_and_returns,72,71,0.011438608169555664,1789584906.5469325
time/cal_adv_and_returns,73,72,0.009084463119506836,1789585514.5522647
time/cal_adv_and_returns,74,73,0.011051177978515625,1789586115.4020782
time/cal_adv_and_returns,75,74,0.010079622268676758,1789586988.6035542
time/cal_adv_and_returns,76,75,0.01183319091796875,1789587609.9554873
time/cal_adv_and_returns,77,76,0.011890649795532227,1789588236.829545
time/cal_adv_and_returns,78,77,0.014017581939697266,1789588860.6194603
time/cal_adv_and_returns,79,78,0.015238523483276367,1789589473.1296723
time/cal_adv_and_returns,80,79,0.012074470520019531,1789590358.722277
time/cal_adv_and_returns,81,80,0.008786916732788086,1789590972.5331438
time/cal_adv_and_returns,82,81,0.009439945220947266,1789591597.8853433
time/cal_adv_and_returns,83,82,0.013059854507446289,1789592199.8214135
time/cal_adv_and_returns,84,83,0.010428190231323242,1789592818.1454253
time/cal_adv_and_returns,85,84,0.010229349136352539,1789593695.8562157
time/cal_adv_and_returns,86,85,0.008938789367675781,1789594324.5737956
time/cal_adv_and_returns,87,86,0.012218952178955078,1789594936.478635
time/cal_adv_and_returns,88,87,0.019063234329223633,1789595531.9282987
time/cal_adv_and_returns,89,88,0.013497352600097656,1789596163.6061077
time/cal_adv_and_returns,90,89,0.01151418685913086,1789597068.774393
time/cal_adv_and_returns,91,90,0.01373600959777832,1789597690.580198
time/cal_adv_and_returns,92,91,0.01382589340209961,1789598318.3542025
time/cal_adv_and_returns,93,92,0.011514663696289062,1789598920.605808
time/cal_adv_and_returns,94,93,0.014682531356811523,1789599581.2740474
time/cal_adv_and_returns,95,94,0.012339591979980469,1789600443.6648862
time/cal_adv_and_returns,96,95,0.01323699951171875,1789601046.9315264
time/cal_adv_and_returns,97,96,0.011470794677734375,1789601642.595479
time/cal_adv_and_returns,98,97,0.011406660079956055,1789602260.2301097
time/cal_adv_and_returns,99,98,0.01263880729675293,1789602858.8768559
time/cal_adv_and_returns,100,99,0.01171565055847168,1789603757.385088
time/cal_adv_and_returns,101,100,0.01869487762451172,1789604416.5432107
time/cal_adv_and_returns,102,101,0.012390375137329102,1789605017.3489046
time/cal_adv_and_returns,103,102,0.008748769760131836,1789605628.4430707
time/cal_adv_and_returns,104,103,0.012077569961547852,1789606257.6868584
time/cal_adv_and_returns,105,104,0.01966261863708496,1789607164.574093
time/cal_adv_and_returns,106,105,0.007833003997802734,1789607783.3540525
time/cal_adv_and_returns,107,106,0.017867565155029297,1789608388.1169896
time/cal_adv_and_returns,108,107,0.011536359786987305,1789608993.612934
time/cal_adv_and_returns,109,108,0.011055946350097656,1789609610.0940135
time/cal_adv_and_returns,110,109,0.014021635055541992,1789610521.115219
time/cal_adv_and_returns,111,110,0.012299776077270508,1789611152.2971976
time/cal_adv_and_returns,112,111,0.011244535446166992,1789611764.0925093
time/cal_adv_and_returns,113,112,0.012855291366577148,1789612380.6672635
time/cal_adv_and_returns,114,113,0.012098550796508789,1789612983.3591409
time/cal_adv_and_returns,115,114,0.009687662124633789,1789613886.1607785
time/cal_adv_and_returns,116,115,0.010898113250732422,1789614520.8890886
time/cal_adv_and_returns,117,116,0.011665105819702148,1789615144.6363573
time/cal_adv_and_returns,118,117,0.013316631317138672,1789615763.7865603
time/cal_adv_and_returns,119,118,0.010242700576782227,1789616389.232608
time/cal_adv_and_returns,120,119,0.012735843658447266,1789617316.7673364
time/cal_adv_and_returns,121,120,0.013369083404541016,1789617958.7365415
time/actor_training,1,0,14.054143905639648,1789537370.7542164
time/actor_training,2,1,12.906828880310059,1789537988.168869
time/actor_training,3,2,12.955001831054688,1789538585.9911993
time/actor_training,4,3,12.35293960571289,1789539222.1037538
time/actor_training,5,4,12.251161575317383,1789540098.3007596
time/actor_training,6,5,12.284978866577148,1789540697.1595535
time/actor_training,7,6,14.742788314819336,1789541296.7098808
time/actor_training,8,7,12.223806381225586,1789541912.4863462
time/actor_training,9,8,12.136244773864746,1789542519.6949515
time/actor_training,10,9,13.00844955444336,1789543400.866652
time/actor_training,11,10,12.499753952026367,1789544015.3455553
time/actor_training,12,11,13.32662296295166,1789544622.4564278
time/actor_training,13,12,12.360015869140625,1789545234.7382
time/actor_training,14,13,12.278961181640625,1789545829.1923184
time/actor_training,15,14,12.41812801361084,1789546690.7840328
time/actor_training,16,15,12.116177558898926,1789547284.207076
time/actor_training,17,16,12.015665054321289,1789547893.7002492
time/actor_training,18,17,12.182182312011719,1789548492.1669765
time/actor_training,19,18,12.781681060791016,1789549104.0359492
time/actor_training,20,19,12.422758102416992,1789549984.6875837
time/actor_training,21,20,12.263639450073242,1789550587.8835542
time/actor_training,22,21,12.316709518432617,1789551215.9802318
time/actor_training,23,22,12.312260627746582,1789551832.3178043
time/actor_training,24,23,12.477489471435547,1789552430.4441733
time/actor_training,25,24,12.361159324645996,1789553335.3204887
time/actor_training,26,25,12.694175720214844,1789553965.9701548
time/actor_training,27,26,12.617715835571289,1789554602.7453823
time/actor_training,28,27,12.09801197052002,1789555219.656753
time/actor_training,29,28,12.312289237976074,1789555844.5640259
time/actor_training,30,29,12.85351848602295,1789556767.3360195
time/actor_training,31,30,12.98300552368164,1789557383.60126
time/actor_training,32,31,12.258288383483887,1789558051.4286911
time/actor_training,33,32,12.41115665435791,1789558681.649419
time/actor_training,34,33,12.301753997802734,1789559281.6281638
time/actor_training,35,34,12.691665649414062,1789560144.4757311
time/actor_training,36,35,12.213037490844727,1789560759.9113927
time/actor_training,37,36,12.168655395507812,1789561371.4029207
time/actor_training,38,37,12.370835304260254,1789562006.9496877
time/actor_training,39,38,12.272490501403809,1789562614.2159176
time/actor_training,40,39,12.181307792663574,1789563500.9330182
time/actor_training,41,40,12.123720169067383,1789564108.5034606
time/actor_training,42,41,12.232794761657715,1789564713.1747613
time/actor_training,43,42,12.56292724609375,1789565323.2098053
time/actor_training,44,43,12.397930145263672,1789565951.0060747
time/actor_training,45,44,14.81723403930664,1789566814.0304024
time/actor_training,46,45,12.20747184753418,1789567419.3402212
time/actor_training,47,46,12.614019393920898,1789568014.7966566
time/actor_training,48,47,12.308547019958496,1789568641.7355871
time/actor_training,49,48,15.130325317382812,1789569273.1063502
time/actor_training,50,49,12.116987228393555,1789570189.8568392
time/actor_training,51,50,12.878067970275879,1789570818.3886456
time/actor_training,52,51,12.64578914642334,1789571425.1503403
time/actor_training,53,52,12.088552474975586,1789572041.4600146
time/actor_training,54,53,12.125370025634766,1789572636.6598892
time/actor_training,55,54,12.871929168701172,1789573517.0574923
time/actor_training,56,55,12.921920776367188,1789574124.0874512
time/actor_training,57,56,12.970117568969727,1789574734.9011443
time/actor_training,58,57,12.497212409973145,1789575351.7530124
time/actor_training,59,58,12.435741424560547,1789575966.807202
time/actor_training,60,59,12.339850425720215,1789576897.9923437
time/actor_training,61,60,12.174742698669434,1789577495.9725647
time/actor_training,62,61,12.297262191772461,1789578115.37572
time/actor_training,63,62,12.778749465942383,1789578755.0989587
time/actor_training,64,63,14.031351089477539,1789579360.1994843
time/actor_training,65,64,12.15358829498291,1789580294.2192664
time/actor_training,66,65,14.16840648651123,1789580920.4995282
time/actor_training,67,66,12.207777976989746,1789581536.956285
time/actor_training,68,67,12.249917984008789,1789582143.1679838
time/actor_training,69,68,12.064894676208496,1789582754.8728204
time/actor_training,70,69,12.722840309143066,1789583642.0345116
time/actor_training,71,70,12.293070793151855,1789584278.9287372
time/actor_training,72,71,12.155921936035156,1789584906.5469396
time/actor_training,73,72,12.83896541595459,1789585514.5522711
time/actor_training,74,73,12.401516914367676,1789586115.4020956
time/actor_training,75,74,12.952916145324707,1789586988.603561
time/actor_training,76,75,12.230217933654785,1789587609.9554942
time/actor_training,77,76,12.599754333496094,1789588236.8295627
time/actor_training,78,77,14.369821548461914,1789588860.619468
time/actor_training,79,78,12.8101224899292,1789589473.1296792
time/actor_training,80,79,12.061232566833496,1789590358.7222848
time/actor_training,81,80,12.440963745117188,1789590972.5331502
time/actor_training,82,81,12.32801628112793,1789591597.8853505
time/actor_training,83,82,12.06266975402832,1789592199.821421
time/actor_training,84,83,13.756218910217285,1789592818.1454337
time/actor_training,85,84,13.366287231445312,1789593695.8562245
time/actor_training,86,85,12.310851097106934,1789594324.573803
time/actor_training,87,86,12.248550415039062,1789594936.478643
time/actor_training,88,87,13.646422386169434,1789595531.9283054
time/actor_training,89,88,12.988726615905762,1789596163.606115
time/actor_training,90,89,13.601490020751953,1789597068.7744029
time/actor_training,91,90,12.685877799987793,1789597690.580207
time/actor_training,92,91,12.83592414855957,1789598318.354209
time/actor_training,93,92,13.965011596679688,1789598920.6058207
time/actor_training,94,93,12.144033432006836,1789599581.274053
time/actor_training,95,94,12.515889167785645,1789600443.6648974
time/actor_training,96,95,12.174386978149414,1789601046.9315336
time/actor_training,97,96,12.344057083129883,1789601642.5954893
time/actor_training,98,97,12.071563720703125,1789602260.2301185
time/actor_training,99,98,12.340543746948242,1789602858.8768628
time/actor_training,100,99,12.232032775878906,1789603757.385095
time/actor_training,101,100,12.340996742248535,1789604416.543218
time/actor_training,102,101,12.251282691955566,1789605017.3489141
time/actor_training,103,102,12.743019104003906,1789605628.443079
time/actor_training,104,103,12.676069259643555,1789606257.686865
time/actor_training,105,104,15.081616401672363,1789607164.574105
time/actor_training,106,105,12.212027549743652,1789607783.3540592
time/actor_training,107,106,13.103752136230469,1789608388.117001
time/actor_training,108,107,12.201651573181152,1789608993.6129405
time/actor_training,109,108,12.588966369628906,1789609610.0940204
time/actor_training,110,109,13.374540328979492,1789610521.1152256
time/actor_training,111,110,12.157909393310547,1789611152.2972047
time/actor_training,112,111,12.128628730773926,1789611764.0925162
time/actor_training,113,112,12.358442306518555,1789612380.667271
time/actor_training,114,113,12.233739852905273,1789612983.3591466
time/actor_training,115,114,12.323535919189453,1789613886.160785
time/actor_training,116,115,12.177210807800293,1789614520.8890946
time/actor_training,117,116,12.081779479980469,1789615144.6363647
time/actor_training,118,117,12.178081512451172,1789615763.7865667
time/actor_training,119,118,12.266674995422363,1789616389.2326148
time/actor_training,120,119,12.095487594604492,1789617316.767346
time/actor_training,121,120,12.032023429870605,1789617958.7365487
time/step,1,0,669.75634765625,1789537370.7542267
time/step,2,1,617.3826904296875,1789537988.1688776
time/step,3,2,597.8021240234375,1789538585.991206
time/step,4,3,636.0945434570312,1789539222.1037605
time/step,5,4,876.1676635742188,1789540098.3007867
time/step,6,5,598.8338012695312,1789540697.1595616
time/step,7,6,599.5219116210938,1789541296.7098901
time/step,8,7,615.750244140625,1789541912.486353
time/step,9,8,607.186279296875,1789542519.6949575
time/step,10,9,881.148681640625,1789543400.8666666
time/step,11,10,614.447265625,1789544015.3455641
time/step,12,11,607.0870361328125,1789544622.4564378
time/step,13,12,612.2554931640625,1789545234.7382092
time/step,14,13,594.4334106445312,1789545829.1923265
time/step,15,14,861.5660400390625,1789546690.7840583
time/step,16,15,593.3970336914062,1789547284.2070851
time/step,17,16,609.4721069335938,1789547893.7002556
time/step,18,17,598.4296875,1789548492.1669865
time/step,19,18,611.84423828125,1789549104.0359557
time/step,20,19,880.627685546875,1789549984.6875958
time/step,21,20,603.1718139648438,1789550587.883563
time/step,22,21,628.0707397460938,1789551215.980246
time/step,23,22,616.3167114257812,1789551832.3178108
time/step,24,23,598.1029052734375,1789552430.4441803
time/step,25,24,904.8405151367188,1789553335.32051
time/step,26,25,630.62744140625,1789553965.9701638
time/step,27,26,636.7572631835938,1789554602.7453887
time/step,28,27,616.8898315429688,1789555219.6567626
time/step,29,28,624.8809204101562,1789555844.5640345
time/step,30,29,922.7410888671875,1789556767.336035
time/step,31,30,616.2451782226562,1789557383.6012664
time/step,32,31,667.812255859375,1789558051.4287004
time/step,33,32,630.2017822265625,1789558681.6494257
time/step,34,33,599.958251953125,1789559281.628173
time/step,35,34,862.8179321289062,1789560144.4757507
time/step,36,35,615.4139404296875,1789560759.9114242
time/step,37,36,611.464111328125,1789561371.4029267
time/step,38,37,635.5179443359375,1789562006.9496965
time/step,39,38,607.2404174804688,1789562614.2159266
time/step,40,39,886.6842651367188,1789563500.9330308
time/step,41,40,607.545654296875,1789564108.503468
time/step,42,41,604.6471557617188,1789564713.174768
time/step,43,42,610.01416015625,1789565323.2098114
time/step,44,43,627.781005859375,1789565951.006081
time/step,45,44,862.993896484375,1789566814.0304153
time/step,46,45,605.2857055664062,1789567419.3402274
time/step,47,46,595.4285888671875,1789568014.7966666
time/step,48,47,626.9078979492188,1789568641.7355998
time/step,49,48,631.3341674804688,1789569273.1063566
time/step,50,49,916.722412109375,1789570189.8568573
time/step,51,50,628.4566040039062,1789570818.3886547
time/step,52,51,606.728515625,1789571425.1503696
time/step,53,52,616.284912109375,1789572041.4600208
time/step,54,53,595.17724609375,1789572636.659895
time/step,55,54,880.3670043945312,1789573517.0575337
time/step,56,55,607.0029907226562,1789574124.0874572
time/step,57,56,610.787841796875,1789574734.9011505
time/step,58,57,616.830078125,1789575351.7530186
time/step,59,58,615.0281982421875,1789575966.807212
time/step,60,59,931.1618041992188,1789576897.992356
time/step,61,60,597.9343872070312,1789577495.9725716
time/step,62,61,619.3721313476562,1789578115.375735
time/step,63,62,639.6959228515625,1789578755.0989654
time/step,64,63,605.0668334960938,1789579360.199495
time/step,65,64,933.9810180664062,1789580294.219279
time/step,66,65,626.2512817382812,1789580920.4995356
time/step,67,66,616.4308471679688,1789581536.9562917
time/step,68,67,606.1882934570312,1789582143.1679902
time/step,69,68,611.68017578125,1789582754.8728268
time/step,70,69,887.135498046875,1789583642.0345309
time/step,71,70,636.873779296875,1789584278.9287455
time/step,72,71,627.6015625,1789584906.5469463
time/step,73,72,607.9874267578125,1789585514.552277
time/step,74,73,600.83349609375,1789586115.402104
time/step,75,74,873.180419921875,1789586988.6035733
time/step,76,75,621.3339233398438,1789587609.9555004
time/step,77,76,626.8471069335938,1789588236.8295712
time/step,78,77,623.7568359375,1789588860.6194754
time/step,79,78,612.4854125976562,1789589473.129685
time/step,80,79,885.5686645507812,1789590358.722299
time/step,81,80,613.7838134765625,1789590972.5331569
time/step,82,81,625.3329467773438,1789591597.8853564
time/step,83,82,601.9188842773438,1789592199.8214266
time/step,84,83,618.3021850585938,1789592818.1454408
time/step,85,84,877.6865234375,1789593695.856247
time/step,86,85,628.6956176757812,1789594324.5738103
time/step,87,86,611.8804931640625,1789594936.4786499
time/step,88,87,595.4296875,1789595531.9283118
time/step,89,88,631.655517578125,1789596163.6061223
time/step,90,89,905.140380859375,1789597068.7744198
time/step,91,90,621.781494140625,1789597690.580215
time/step,92,91,627.7525024414062,1789598318.3542151
time/step,93,92,602.2171020507812,1789598920.6058278
time/step,94,93,660.6463012695312,1789599581.2740576
time/step,95,94,862.3634643554688,1789600443.6649175
time/step,96,95,603.2469482421875,1789601046.9315426
time/step,97,96,595.6505737304688,1789601642.595497
time/step,98,97,617.6119384765625,1789602260.2301269
time/step,99,98,598.6260375976562,1789602858.876869
time/step,100,99,898.486083984375,1789603757.3851073
time/step,101,100,659.13720703125,1789604416.543225
time/step,102,101,600.78076171875,1789605017.3489208
time/step,103,102,611.0700073242188,1789605628.4430869
time/step,104,103,629.2188720703125,1789606257.6868718
time/step,105,104,906.8575439453125,1789607164.5741298
time/step,106,105,618.7551879882812,1789607783.3540657
time/step,107,106,604.7283935546875,1789608388.117012
time/step,108,107,605.4686279296875,1789608993.6129475
time/step,109,108,616.458984375,1789609610.0940268
time/step,110,109,910.9942626953125,1789610521.115238
time/step,111,110,631.1256103515625,1789611152.2972114
time/step,112,111,611.7726440429688,1789611764.0925229
time/step,113,112,616.5530395507812,1789612380.6672776
time/step,114,113,602.6713256835938,1789612983.3591514
time/step,115,114,902.7727661132812,1789613886.1607976
time/step,116,115,634.7096557617188,1789614520.8891
time/step,117,116,623.7216186523438,1789615144.6363716
time/step,118,117,619.1259765625,1789615763.7865722
time/step,119,118,625.4214477539062,1789616389.2326207
time/step,120,119,927.4951782226562,1789617316.7673588
time/step,121,120,641.9484252929688,1789617958.7365556
time/env/env/bootstrap_step,1,0,455.30828857421875,1789537370.7542372
time/env/env/bootstrap_step,2,1,403.79742431640625,1789537988.1688845
time/env/env/bootstrap_step,3,2,396.19189453125,1789538585.991214
time/env/env/bootstrap_step,4,3,437.60235595703125,1789539222.1037672
time/env/env/bootstrap_step,5,4,424.45562744140625,1789540098.3008
time/env/env/bootstrap_step,6,5,403.35394287109375,1789540697.1595702
time/env/env/bootstrap_step,7,6,400.3519287109375,1789541296.7098985
time/env/env/bootstrap_step,8,7,418.7367858886719,1789541912.4863608
time/env/env/bootstrap_step,9,8,409.8514709472656,1789542519.6949637
time/env/env/bootstrap_step,10,9,396.4137268066406,1789543400.8666742
time/env/env/bootstrap_step,11,10,412.1475524902344,1789544015.345572
time/env/env/bootstrap_step,12,11,400.52294921875,1789544622.4564486
time/env/env/bootstrap_step,13,12,410.2954406738281,1789545234.738217
time/env/env/bootstrap_step,14,13,394.28082275390625,1789545829.1923335
time/env/env/bootstrap_step,15,14,399.4430847167969,1789546690.784071
time/env/env/bootstrap_step,16,15,398.7909240722656,1789547284.2070944
time/env/env/bootstrap_step,17,16,406.5526123046875,1789547893.7002618
time/env/env/bootstrap_step,18,17,392.4942321777344,1789548492.1669958
time/env/env/bootstrap_step,19,18,405.92535400390625,1789549104.0359623
time/env/env/bootstrap_step,20,19,390.5076599121094,1789549984.6876016
time/env/env/bootstrap_step,21,20,405.3116760253906,1789550587.8835716
time/env/env/bootstrap_step,22,21,419.4491882324219,1789551215.9802551
time/env/env/bootstrap_step,23,22,414.4972229003906,1789551832.317818
time/env/env/bootstrap_step,24,23,402.6054992675781,1789552430.4441879
time/env/env/bootstrap_step,25,24,422.5586242675781,1789553335.3205209
time/env/env/bootstrap_step,26,25,426.25799560546875,1789553965.9701734
time/env/env/bootstrap_step,27,26,434.5863037109375,1789554602.7453957
time/env/env/bootstrap_step,28,27,407.545166015625,1789555219.6567717
time/env/env/bootstrap_step,29,28,418.9556884765625,1789555844.5640433
time/env/env/bootstrap_step,30,29,421.3639221191406,1789556767.3360434
time/env/env/bootstrap_step,31,30,407.0757141113281,1789557383.6012728
time/env/env/bootstrap_step,32,31,465.7705078125,1789558051.4287097
time/env/env/bootstrap_step,33,32,427.1437683105469,1789558681.6494327
time/env/env/bootstrap_step,34,33,401.7911376953125,1789559281.6281815
time/env/env/bootstrap_step,35,34,401.32879638671875,1789560144.4757607
time/env/env/bootstrap_step,36,35,417.6964111328125,1789560759.911454
time/env/env/bootstrap_step,37,36,413.3407897949219,1789561371.402933
time/env/env/bootstrap_step,38,37,438.337646484375,1789562006.949705
time/env/env/bootstrap_step,39,38,399.7148132324219,1789562614.2159348
time/env/env/bootstrap_step,40,39,398.5644836425781,1789563500.9330373
time/env/env/bootstrap_step,41,40,413.4747619628906,1789564108.503475
time/env/env/bootstrap_step,42,41,405.7379150390625,1789564713.1747746
time/env/env/bootstrap_step,43,42,397.3534240722656,1789565323.209818
time/env/env/bootstrap_step,44,43,413.9803466796875,1789565951.006088
time/env/env/bootstrap_step,45,44,399.0355224609375,1789566814.0304215
time/env/env/bootstrap_step,46,45,404.8184814453125,1789567419.3402414
time/env/env/bootstrap_step,47,46,396.10345458984375,1789568014.796676
time/env/env/bootstrap_step,48,47,418.3914794921875,1789568641.7356133
time/env/env/bootstrap_step,49,48,412.2507019042969,1789569273.1063633
time/env/env/bootstrap_step,50,49,423.29632568359375,1789570189.8568661
time/env/env/bootstrap_step,51,50,426.1238098144531,1789570818.388663
time/env/env/bootstrap_step,52,51,403.2353515625,1789571425.1503994
time/env/env/bootstrap_step,53,52,416.21588134765625,1789572041.4600267
time/env/env/bootstrap_step,54,53,389.59759521484375,1789572636.659902
time/env/env/bootstrap_step,55,54,401.14190673828125,1789573517.0575533
time/env/env/bootstrap_step,56,55,408.0465087890625,1789574124.0874639
time/env/env/bootstrap_step,57,56,400.6098327636719,1789574734.9011574
time/env/env/bootstrap_step,58,57,414.4396667480469,1789575351.7530255
time/env/env/bootstrap_step,59,58,396.3631286621094,1789575966.8072207
time/env/env/bootstrap_step,60,59,439.9057922363281,1789576897.9923623
time/env/env/bootstrap_step,61,60,410.4084777832031,1789577495.9725776
time/env/env/bootstrap_step,62,61,413.5429382324219,1789578115.3757493
time/env/env/bootstrap_step,63,62,428.4386901855469,1789578755.0989726
time/env/env/bootstrap_step,64,63,397.9983215332031,1789579360.1995058
time/env/env/bootstrap_step,65,64,426.868408203125,1789580294.2192855
time/env/env/bootstrap_step,66,65,417.15625,1789580920.4995422
time/env/env/bootstrap_step,67,66,399.34832763671875,1789581536.9562986
time/env/env/bootstrap_step,68,67,397.2231140136719,1789582143.167997
time/env/env/bootstrap_step,69,68,406.69158935546875,1789582754.8728337
time/env/env/bootstrap_step,70,69,393.06927490234375,1789583642.0345411
time/env/env/bootstrap_step,71,70,428.7811584472656,1789584278.9287539
time/env/env/bootstrap_step,72,71,416.10223388671875,1789584906.5469527
time/env/env/bootstrap_step,73,72,399.38262939453125,1789585514.5522833
time/env/env/bootstrap_step,74,73,400.1695861816406,1789586115.4021132
time/env/env/bootstrap_step,75,74,394.1964416503906,1789586988.6035802
time/env/env/bootstrap_step,76,75,409.47882080078125,1789587609.955507
time/env/env/bootstrap_step,77,76,415.0610656738281,1789588236.82958
time/env/env/bootstrap_step,78,77,396.8816223144531,1789588860.6194825
time/env/env/bootstrap_step,79,78,396.3367004394531,1789589473.1296914
time/env/env/bootstrap_step,80,79,392.25811767578125,1789590358.7223063
time/env/env/bootstrap_step,81,80,413.4845275878906,1789590972.5331638
time/env/env/bootstrap_step,82,81,411.4247741699219,1789591597.8853638
time/env/env/bootstrap_step,83,82,391.3873596191406,1789592199.8214333
time/env/env/bootstrap_step,84,83,404.69378662109375,1789592818.145448
time/env/env/bootstrap_step,85,84,406.4019775390625,1789593695.8562553
time/env/env/bootstrap_step,86,85,428.39178466796875,1789594324.5738175
time/env/env/bootstrap_step,87,86,397.8063659667969,1789594936.4786568
time/env/env/bootstrap_step,88,87,392.7396240234375,1789595531.9283183
time/env/env/bootstrap_step,89,88,427.5911865234375,1789596163.6061294
time/env/env/bootstrap_step,90,89,396.4471130371094,1789597068.7744284
time/env/env/bootstrap_step,91,90,418.0780944824219,1789597690.5802233
time/env/env/bootstrap_step,92,91,412.4162902832031,1789598318.3542216
time/env/env/bootstrap_step,93,92,396.04736328125,1789598920.605835
time/env/env/bootstrap_step,94,93,445.639892578125,1789599581.2740633
time/env/env/bootstrap_step,95,94,415.6390380859375,1789600443.664928
time/env/env/bootstrap_step,96,95,401.59539794921875,1789601046.9315515
time/env/env/bootstrap_step,97,96,392.75164794921875,1789601642.5955055
time/env/env/bootstrap_step,98,97,410.99029541015625,1789602260.2301362
time/env/env/bootstrap_step,99,98,397.9161376953125,1789602858.8768759
time/env/env/bootstrap_step,100,99,402.69573974609375,1789603757.385113
time/env/env/bootstrap_step,101,100,440.20458984375,1789604416.5432317
time/env/env/bootstrap_step,102,101,403.9447326660156,1789605017.3489273
time/env/env/bootstrap_step,103,102,406.8749084472656,1789605628.443095
time/env/env/bootstrap_step,104,103,414.4694519042969,1789606257.6868784
time/env/env/bootstrap_step,105,104,412.2408142089844,1789607164.574142
time/env/env/bootstrap_step,106,105,407.43450927734375,1789607783.3540723
time/env/env/bootstrap_step,107,106,399.4796447753906,1789608388.1170228
time/env/env/bootstrap_step,108,107,396.673583984375,1789608993.6129541
time/env/env/bootstrap_step,109,108,401.7882080078125,1789609610.094034
time/env/env/bootstrap_step,110,109,401.7647399902344,1789610521.1152442
time/env/env/bootstrap_step,111,110,414.8949279785156,1789611152.297218
time/env/env/bootstrap_step,112,111,395.64453125,1789611764.0925298
time/env/env/bootstrap_step,113,112,396.7495422363281,1789612380.6672843
time/env/env/bootstrap_step,114,113,396.9794006347656,1789612983.359157
time/env/env/bootstrap_step,115,114,412.0329284667969,1789613886.1608038
time/env/env/bootstrap_step,116,115,418.11444091796875,1789614520.8891056
time/env/env/bootstrap_step,117,116,406.5018310546875,1789615144.6363785
time/env/env/bootstrap_step,118,117,415.6793212890625,1789615763.7865794
time/env/env/bootstrap_step,119,118,420.2750549316406,1789616389.2326276
time/env/env/bootstrap_step,120,119,418.3747253417969,1789617316.767365
time/env/env/bootstrap_step,121,120,435.7704772949219,1789617958.7365625
time/env/compute_bootstrap_rewards,1,0,0.0010338081046938896,1789537370.7542446
time/env/compute_bootstrap_rewards,2,1,0.0014731776900589466,1789537988.1688907
time/env/compute_bootstrap_rewards,3,2,0.0009442758746445179,1789538585.9912207
time/env/compute_bootstrap_rewards,4,3,0.000868520699441433,1789539222.103773
time/env/compute_bootstrap_rewards,5,4,0.0009269989095628262,1789540098.3008142
time/env/compute_bootstrap_rewards,6,5,0.0006468649953603745,1789540697.1595802
time/env/compute_bootstrap_rewards,7,6,0.0008075605146586895,1789541296.7099059
time/env/compute_bootstrap_rewards,8,7,0.0008471892215311527,1789541912.4863675
time/env/compute_bootstrap_rewards,9,8,0.0008186362683773041,1789542519.69497
time/env/compute_bootstrap_rewards,10,9,0.0007718871347606182,1789543400.866681
time/env/compute_bootstrap_rewards,11,10,0.0008844956755638123,1789544015.3455787
time/env/compute_bootstrap_rewards,12,11,0.0008903201669454575,1789544622.4564583
time/env/compute_bootstrap_rewards,13,12,0.0007132608443498611,1789545234.7382238
time/env/compute_bootstrap_rewards,14,13,0.0007696105167269707,1789545829.1923394
time/env/compute_bootstrap_rewards,15,14,0.0008540735580027103,1789546690.7840822
time/env/compute_bootstrap_rewards,16,15,0.0007384419441223145,1789547284.207103
time/env/compute_bootstrap_rewards,17,16,0.0008154180832207203,1789547893.7002678
time/env/compute_bootstrap_rewards,18,17,0.0008109128102660179,1789548492.1670036
time/env/compute_bootstrap_rewards,19,18,0.0008094841614365578,1789549104.0359688
time/env/compute_bootstrap_rewards,20,19,0.0008390289731323719,1789549984.6876066
time/env/compute_bootstrap_rewards,21,20,0.0008311811834573746,1789550587.8835783
time/env/compute_bootstrap_rewards,22,21,0.0008798246271908283,1789551215.9802616
time/env/compute_bootstrap_rewards,23,22,0.0007328432984650135,1789551832.317824
time/env/compute_bootstrap_rewards,24,23,0.0008621620945632458,1789552430.444194
time/env/compute_bootstrap_rewards,25,24,0.0008709230460226536,1789553335.3205307
time/env/compute_bootstrap_rewards,26,25,0.0009234640747308731,1789553965.9701822
time/env/compute_bootstrap_rewards,27,26,0.0009051905944943428,1789554602.7454019
time/env/compute_bootstrap_rewards,28,27,0.0007950710132718086,1789555219.6567786
time/env/compute_bootstrap_rewards,29,28,0.0007599145174026489,1789555844.5640504
time/env/compute_bootstrap_rewards,30,29,0.0007512872107326984,1789556767.3360548
time/env/compute_bootstrap_rewards,31,30,0.0007913606241345406,1789557383.6012797
time/env/compute_bootstrap_rewards,32,31,0.0007955660112202168,1789558051.4287167
time/env/compute_bootstrap_rewards,33,32,0.0006881183944642544,1789558681.6494381
time/env/compute_bootstrap_rewards,34,33,0.0006872331723570824,1789559281.6281884
time/env/compute_bootstrap_rewards,35,34,0.0007358933798968792,1789560144.4757705
time/env/compute_bootstrap_rewards,36,35,0.0007117879576981068,1789560759.9114776
time/env/compute_bootstrap_rewards,37,36,0.0006867614574730396,1789561371.402939
time/env/compute_bootstrap_rewards,38,37,0.000626404769718647,1789562006.9497113
time/env/compute_bootstrap_rewards,39,38,0.000642815139144659,1789562614.2159414
time/env/compute_bootstrap_rewards,40,39,0.000690156128257513,1789563500.9330432
time/env/compute_bootstrap_rewards,41,40,0.0006863982416689396,1789564108.5034811
time/env/compute_bootstrap_rewards,42,41,0.000676778145134449,1789564713.1747806
time/env/compute_bootstrap_rewards,43,42,0.0007753935642540455,1789565323.2098234
time/env/compute_bootstrap_rewards,44,43,0.000837007537484169,1789565951.006094
time/env/compute_bootstrap_rewards,45,44,0.000697422306984663,1789566814.0304275
time/env/compute_bootstrap_rewards,46,45,0.0005978378467261791,1789567419.3402483
time/env/compute_bootstrap_rewards,47,46,0.0006182314828038216,1789568014.7966835
time/env/compute_bootstrap_rewards,48,47,0.0006252210587263107,1789568641.735624
time/env/compute_bootstrap_rewards,49,48,0.0007408740930259228,1789569273.10637
time/env/compute_bootstrap_rewards,50,49,0.0008235438726842403,1789570189.8568747
time/env/compute_bootstrap_rewards,51,50,0.0006302041001617908,1789570818.3886704
time/env/compute_bootstrap_rewards,52,51,0.0007885643281042576,1789571425.1504228
time/env/compute_bootstrap_rewards,53,52,0.0006799120455980301,1789572041.4600327
time/env/compute_bootstrap_rewards,54,53,0.0007367664948105812,1789572636.6599085
time/env/compute_bootstrap_rewards,55,54,0.0008486122824251652,1789573517.0575736
time/env/compute_bootstrap_rewards,56,55,0.0006630304269492626,1789574124.08747
time/env/compute_bootstrap_rewards,57,56,0.000810340978205204,1789574734.9011638
time/env/compute_bootstrap_rewards,58,57,0.0006477297283709049,1789575351.7530315
time/env/compute_bootstrap_rewards,59,58,0.0007072910666465759,1789575966.8072278
time/env/compute_bootstrap_rewards,60,59,0.0005549881607294083,1789576897.9923685
time/env/compute_bootstrap_rewards,61,60,0.0005497997626662254,1789577495.9725835
time/env/compute_bootstrap_rewards,62,61,0.0006700307130813599,1789578115.3757606
time/env/compute_bootstrap_rewards,63,62,0.0007855105213820934,1789578755.0989792
time/env/compute_bootstrap_rewards,64,63,0.0007230811752378941,1789579360.1995137
time/env/compute_bootstrap_rewards,65,64,0.0006051668897271156,1789580294.2192914
time/env/compute_bootstrap_rewards,66,65,0.0007054153829813004,1789580920.4995487
time/env/compute_bootstrap_rewards,67,66,0.0007227803580462933,1789581536.9563053
time/env/compute_bootstrap_rewards,68,67,0.0007188576273620129,1789582143.168003
time/env/compute_bootstrap_rewards,69,68,0.0007262034341692924,1789582754.8728406
time/env/compute_bootstrap_rewards,70,69,0.0006498796865344048,1789583642.0345502
time/env/compute_bootstrap_rewards,71,70,0.0007140552625060081,1789584278.9287622
time/env/compute_bootstrap_rewards,72,71,0.0008400138467550278,1789584906.5469587
time/env/compute_bootstrap_rewards,73,72,0.0007538096979260445,1789585514.5522895
time/env/compute_bootstrap_rewards,74,73,0.0006641070358455181,1789586115.4021204
time/env/compute_bootstrap_rewards,75,74,0.0007666600868105888,1789586988.603586
time/env/compute_bootstrap_rewards,76,75,0.0007913075387477875,1789587609.9555137
time/env/compute_bootstrap_rewards,77,76,0.0005978606641292572,1789588236.829587
time/env/compute_bootstrap_rewards,78,77,0.0008264612406492233,1789588860.6194892
time/env/compute_bootstrap_rewards,79,78,0.0008165738545358181,1789589473.1296973
time/env/compute_bootstrap_rewards,80,79,0.0006181844510138035,1789590358.722313
time/env/compute_bootstrap_rewards,81,80,0.0006654453463852406,1789590972.5331702
time/env/compute_bootstrap_rewards,82,81,0.0008555310778319836,1789591597.8853695
time/env/compute_bootstrap_rewards,83,82,0.0006469530053436756,1789592199.8214395
time/env/compute_bootstrap_rewards,84,83,0.0006975713185966015,1789592818.1454542
time/env/compute_bootstrap_rewards,85,84,0.0008249538950622082,1789593695.8562632
time/env/compute_bootstrap_rewards,86,85,0.0007074135355651379,1789594324.5738251
time/env/compute_bootstrap_rewards,87,86,0.0007258700206875801,1789594936.478664
time/env/compute_bootstrap_rewards,88,87,0.0006839451380074024,1789595531.9283245
time/env/compute_bootstrap_rewards,89,88,0.0006171315908432007,1789596163.6061363
time/env/compute_bootstrap_rewards,90,89,0.000715247355401516,1789597068.774437
time/env/compute_bootstrap_rewards,91,90,0.0006800326518714428,1789597690.5802307
time/env/compute_bootstrap_rewards,92,91,0.0007340922020375729,1789598318.354228
time/env/compute_bootstrap_rewards,93,92,0.0006524245254695415,1789598920.605842
time/env/compute_bootstrap_rewards,94,93,0.0008837524801492691,1789599581.2740679
time/env/compute_bootstrap_rewards,95,94,0.000738650094717741,1789600443.664938
time/env/compute_bootstrap_rewards,96,95,0.0006364802829921246,1789601046.9315603
time/env/compute_bootstrap_rewards,97,96,0.0007199137471616268,1789601642.5955122
time/env/compute_bootstrap_rewards,98,97,0.0007777889259159565,1789602260.2301447
time/env/compute_bootstrap_rewards,99,98,0.0005626599304378033,1789602858.8768823
time/env/compute_bootstrap_rewards,100,99,0.0006601093336939812,1789603757.3851192
time/env/compute_bootstrap_rewards,101,100,0.0007669669575989246,1789604416.5432384
time/env/compute_bootstrap_rewards,102,101,0.0006367112509906292,1789605017.3489332
time/env/compute_bootstrap_rewards,103,102,0.0006096009165048599,1789605628.4431036
time/env/compute_bootstrap_rewards,104,103,0.0008480288088321686,1789606257.686885
time/env/compute_bootstrap_rewards,105,104,0.0008244696073234081,1789607164.5741532
time/env/compute_bootstrap_rewards,106,105,0.0008104462176561356,1789607783.3540785
time/env/compute_bootstrap_rewards,107,106,0.0006507402285933495,1789608388.117033
time/env/compute_bootstrap_rewards,108,107,0.0006482424214482307,1789608993.61296
time/env/compute_bootstrap_rewards,109,108,0.0006166528910398483,1789609610.0940409
time/env/compute_bootstrap_rewards,110,109,0.0006343773566186428,1789610521.1152499
time/env/compute_bootstrap_rewards,111,110,0.0007063993252813816,1789611152.2972243
time/env/compute_bootstrap_rewards,112,111,0.0007235212251543999,1789611764.0925355
time/env/compute_bootstrap_rewards,113,112,0.0008175862021744251,1789612380.6672904
time/env/compute_bootstrap_rewards,114,113,0.0007451684214174747,1789612983.3591623
time/env/compute_bootstrap_rewards,115,114,0.0007236520759761333,1789613886.1608093
time/env/compute_bootstrap_rewards,116,115,0.0007121940143406391,1789614520.889111
time/env/compute_bootstrap_rewards,117,116,0.0007132822647690773,1789615144.636385
time/env/compute_bootstrap_rewards,118,117,0.0007457542233169079,1789615763.786586
time/env/compute_bootstrap_rewards,119,118,0.0007820744067430496,1789616389.2326343
time/env/compute_bootstrap_rewards,120,119,0.0006965911015868187,1789617316.767371
time/env/compute_bootstrap_rewards,121,120,0.0007186261937022209,1789617958.7365687
time/env/env_interact_step,1,0,176.80010986328125,1789537370.754252
time/env/env_interact_step,2,1,179.2288818359375,1789537988.1688962
time/env/env_interact_step,3,2,170.44781494140625,1789538585.991227
time/env/env_interact_step,4,3,171.49508666992188,1789539222.1037788
time/env/env_interact_step,5,4,170.52593994140625,1789540098.3008265
time/env/env_interact_step,6,5,168.76287841796875,1789540697.159588
time/env/env_interact_step,7,6,169.9732666015625,1789541296.7099123
time/env/env_interact_step,8,7,171.0966033935547,1789541912.486374
time/env/env_interact_step,9,8,170.05288696289062,1789542519.694976
time/env/env_interact_step,10,9,169.39743041992188,1789543400.8666878
time/env/env_interact_step,11,10,175.9995880126953,1789544015.345585
time/env/env_interact_step,12,11,182.14581298828125,1789544622.4564674
time/env/env_interact_step,13,12,174.80917358398438,1789545234.73823
time/env/env_interact_step,14,13,169.7103271484375,1789545829.1923456
time/env/env_interact_step,15,14,178.00233459472656,1789546690.7840934
time/env/env_interact_step,16,15,169.51263427734375,1789547284.2071118
time/env/env_interact_step,17,16,175.38894653320312,1789547893.7002742
time/env/env_interact_step,18,17,177.65280151367188,1789548492.1670108
time/env/env_interact_step,19,18,173.33642578125,1789549104.0359747
time/env/env_interact_step,20,19,176.65504455566406,1789549984.6876106
time/env/env_interact_step,21,20,177.58123779296875,1789550587.8835845
time/env/env_interact_step,22,21,178.01617431640625,1789551215.9802675
time/env/env_interact_step,23,22,172.19253540039062,1789551832.3178306
time/env/env_interact_step,24,23,165.8152313232422,1789552430.4442005
time/env/env_interact_step,25,24,182.36038208007812,1789553335.320541
time/env/env_interact_step,26,25,176.15196228027344,1789553965.9701905
time/env/env_interact_step,27,26,180.93243408203125,1789554602.7454076
time/env/env_interact_step,28,27,181.36160278320312,1789555219.6567852
time/env/env_interact_step,29,28,175.58111572265625,1789555844.5640569
time/env/env_interact_step,30,29,183.91571044921875,1789556767.3360624
time/env/env_interact_step,31,30,186.65171813964844,1789557383.6012876
time/env/env_interact_step,32,31,171.819580078125,1789558051.428723
time/env/env_interact_step,33,32,173.4871368408203,1789558681.649444
time/env/env_interact_step,34,33,167.8291473388672,1789559281.6281946
time/env/env_interact_step,35,34,180.17388916015625,1789560144.47578
time/env/env_interact_step,36,35,180.1279754638672,1789560759.9114985
time/env/env_interact_step,37,36,171.91580200195312,1789561371.402945
time/env/env_interact_step,38,37,167.77377319335938,1789562006.9497178
time/env/env_interact_step,39,38,178.0785369873047,1789562614.2159476
time/env/env_interact_step,40,39,164.346923828125,1789563500.9330492
time/env/env_interact_step,41,40,168.608642578125,1789564108.5034878
time/env/env_interact_step,42,41,170.0100860595703,1789564713.1747866
time/env/env_interact_step,43,42,181.76390075683594,1789565323.2098296
time/env/env_interact_step,44,43,184.62100219726562,1789565951.0060997
time/env/env_interact_step,45,44,179.11671447753906,1789566814.030433
time/env/env_interact_step,46,45,176.562255859375,1789567419.3402545
time/env/env_interact_step,47,46,169.777099609375,1789568014.796691
time/env/env_interact_step,48,47,178.23199462890625,1789568641.7356339
time/env/env_interact_step,49,48,184.5068817138672,1789569273.1063757
time/env/env_interact_step,50,49,177.59498596191406,1789570189.8568823
time/env/env_interact_step,51,50,176.51840209960938,1789570818.388677
time/env/env_interact_step,52,51,171.67694091796875,1789571425.1504443
time/env/env_interact_step,53,52,170.46536254882812,1789572041.4600387
time/env/env_interact_step,54,53,176.0545654296875,1789572636.6599147
time/env/env_interact_step,55,54,189.1219940185547,1789573517.0575922
time/env/env_interact_step,56,55,171.9351043701172,1789574124.0874758
time/env/env_interact_step,57,56,182.02528381347656,1789574734.9011698
time/env/env_interact_step,58,57,173.02175903320312,1789575351.7530372
time/env/env_interact_step,59,58,187.10069274902344,1789575966.807235
time/env/env_interact_step,60,59,167.90966796875,1789576897.9923742
time/env/env_interact_step,61,60,166.79554748535156,1789577495.9725895
time/env/env_interact_step,62,61,185.5780487060547,1789578115.375772
time/env/env_interact_step,63,62,178.57289123535156,1789578755.0989857
time/env/env_interact_step,64,63,173.1298065185547,1789579360.199521
time/env/env_interact_step,65,64,178.5650634765625,1789580294.2192981
time/env/env_interact_step,66,65,188.15428161621094,1789580920.499555
time/env/env_interact_step,67,66,186.3949432373047,1789581536.9563117
time/env/env_interact_step,68,67,178.5824737548828,1789582143.168009
time/env/env_interact_step,69,68,177.97970581054688,1789582754.8728466
time/env/env_interact_step,70,69,162.82986450195312,1789583642.0345592
time/env/env_interact_step,71,70,182.36734008789062,1789584278.92877
time/env/env_interact_step,72,71,182.0181121826172,1789584906.546965
time/env/env_interact_step,73,72,177.3802947998047,1789585514.5522954
time/env/env_interact_step,74,73,173.22775268554688,1789586115.402127
time/env/env_interact_step,75,74,175.82293701171875,1789586988.6035917
time/env/env_interact_step,76,75,185.42137145996094,1789587609.9555192
time/env/env_interact_step,77,76,181.79544067382812,1789588236.8295934
time/env/env_interact_step,78,77,193.10302734375,1789588860.6194956
time/env/env_interact_step,79,78,181.69073486328125,1789589473.1297035
time/env/env_interact_step,80,79,177.4474639892578,1789590358.72232
time/env/env_interact_step,81,80,174.36883544921875,1789590972.5331764
time/env/env_interact_step,82,81,185.53469848632812,1789591597.8853753
time/env/env_interact_step,83,82,181.23834228515625,1789592199.821446
time/env/env_interact_step,84,83,181.1378936767578,1789592818.14546
time/env/env_interact_step,85,84,187.2200164794922,1789593695.8562706
time/env/env_interact_step,86,85,180.2562713623047,1789594324.573832
time/env/env_interact_step,87,86,182.59381103515625,1789594936.4786708
time/env/env_interact_step,88,87,173.9356231689453,1789595531.9283302
time/env/env_interact_step,89,88,173.12539672851562,1789596163.6061432
time/env/env_interact_step,90,89,178.74383544921875,1789597068.7744455
time/env/env_interact_step,91,90,177.51524353027344,1789597690.580245
time/env/env_interact_step,92,91,183.1974334716797,1789598318.3542342
time/env/env_interact_step,93,92,176.9665985107422,1789598920.6058478
time/env/env_interact_step,94,93,188.1759033203125,1789599581.274073
time/env/env_interact_step,95,94,168.32302856445312,1789600443.6649473
time/env/env_interact_step,96,95,177.29530334472656,1789601046.9315686
time/env/env_interact_step,97,96,175.44540405273438,1789601642.595518
time/env/env_interact_step,98,97,175.4779510498047,1789602260.2301536
time/env/env_interact_step,99,98,169.55740356445312,1789602858.8768888
time/env/env_interact_step,100,99,171.776611328125,1789603757.3851254
time/env/env_interact_step,101,100,192.60775756835938,1789604416.5432448
time/env/env_interact_step,102,101,168.62295532226562,1789605017.3489387
time/env/env_interact_step,103,102,173.7613983154297,1789605628.4431114
time/env/env_interact_step,104,103,184.55691528320312,1789606257.6868916
time/env/env_interact_step,105,104,193.8024139404297,1789607164.5741637
time/env/env_interact_step,106,105,188.00790405273438,1789607783.3540845
time/env/env_interact_step,107,106,177.4700927734375,1789608388.117043
time/env/env_interact_step,108,107,177.0646209716797,1789608993.612967
time/env/env_interact_step,109,108,184.28402709960938,1789609610.0940473
time/env/env_interact_step,110,109,176.13467407226562,1789610521.1152558
time/env/env_interact_step,111,110,189.43765258789062,1789611152.2972302
time/env/env_interact_step,112,111,186.07257080078125,1789611764.0925417
time/env/env_interact_step,113,112,190.34234619140625,1789612380.6672962
time/env/env_interact_step,114,113,176.2823028564453,1789612983.3591673
time/env/env_interact_step,115,114,192.39730834960938,1789613886.1608157
time/env/env_interact_step,116,115,191.8464813232422,1789614520.8891165
time/env/env_interact_step,117,116,186.90269470214844,1789615144.6363912
time/env/env_interact_step,118,117,173.6468048095703,1789615763.786592
time/env/env_interact_step,119,118,176.3741912841797,1789616389.2326403
time/env/env_interact_step,120,119,178.38510131835938,1789617316.767377
time/env/env_interact_step,121,120,180.68824768066406,1789617958.7365746
time/env/env/send_rollout_trajectories,1,0,1.0900187492370605,1789537370.754258
time/env/env/send_rollout_trajectories,2,1,0.7795337438583374,1789537988.168902
time/env/env/send_rollout_trajectories,3,2,0.5497055649757385,1789538585.991233
time/env/env/send_rollout_trajectories,4,3,0.5392919778823853,1789539222.1037853
time/env/env/send_rollout_trajectories,5,4,0.5049446821212769,1789540098.3008392
time/env/env/send_rollout_trajectories,6,5,0.8222829103469849,1789540697.1595976
time/env/env/send_rollout_trajectories,7,6,0.7707763314247131,1789541296.709918
time/env/env/send_rollout_trajectories,8,7,0.5136522054672241,1789541912.4863803
time/env/env/send_rollout_trajectories,9,8,0.5325729846954346,1789542519.6949813
time/env/env/send_rollout_trajectories,10,9,0.8211318850517273,1789543400.866695
time/env/env/send_rollout_trajectories,11,10,0.5416746735572815,1789544015.3455915
time/env/env/send_rollout_trajectories,12,11,0.8113021850585938,1789544622.4564767
time/env/env/send_rollout_trajectories,13,12,0.5240641832351685,1789545234.7382362
time/env/env/send_rollout_trajectories,14,13,0.5529966950416565,1789545829.1923523
time/env/env/send_rollout_trajectories,15,14,0.5317177176475525,1789546690.7841053
time/env/env/send_rollout_trajectories,16,15,0.5692606568336487,1789547284.2071204
time/env/env/send_rollout_trajectories,17,16,0.565610945224762,1789547893.70028
time/env/env/send_rollout_trajectories,18,17,0.5529236793518066,1789548492.1670175
time/env/env/send_rollout_trajectories,19,18,0.827318549156189,1789549104.0359802
time/env/env/send_rollout_trajectories,20,19,0.8332614898681641,1789549984.6876206
time/env/env/send_rollout_trajectories,21,20,0.5776209235191345,1789550587.8835907
time/env/env/send_rollout_trajectories,22,21,0.5621720552444458,1789551215.9802756
time/env/env/send_rollout_trajectories,23,22,0.6609371900558472,1789551832.3178363
time/env/env/send_rollout_trajectories,24,23,0.5543195605278015,1789552430.4442077
time/env/env/send_rollout_trajectories,25,24,0.8762055039405823,1789553335.320551
time/env/env/send_rollout_trajectories,26,25,0.8677448630332947,1789553965.9702
time/env/env/send_rollout_trajectories,27,26,0.5757573246955872,1789554602.7454133
time/env/env/send_rollout_trajectories,28,27,0.5791333317756653,1789555219.656791
time/env/env/send_rollout_trajectories,29,28,0.5826781988143921,1789555844.564063
time/env/env/send_rollout_trajectories,30,29,0.8679788112640381,1789556767.3360703
time/env/env/send_rollout_trajectories,31,30,0.8958014249801636,1789557383.601297
time/env/env/send_rollout_trajectories,32,31,0.5614659190177917,1789558051.4287293
time/env/env/send_rollout_trajectories,33,32,0.5895359516143799,1789558681.64945
time/env/env/send_rollout_trajectories,34,33,0.5980857610702515,1789559281.6282008
time/env/env/send_rollout_trajectories,35,34,0.581083357334137,1789560144.4757912
time/env/env/send_rollout_trajectories,36,35,0.6025022268295288,1789560759.9115193
time/env/env/send_rollout_trajectories,37,36,0.5919905304908752,1789561371.402951
time/env/env/send_rollout_trajectories,38,37,0.5810933709144592,1789562006.9497237
time/env/env/send_rollout_trajectories,39,38,0.583793044090271,1789562614.2159536
time/env/env/send_rollout_trajectories,40,39,0.5982632040977478,1789563500.9330547
time/env/env/send_rollout_trajectories,41,40,0.6352507472038269,1789564108.5034945
time/env/env/send_rollout_trajectories,42,41,0.6093933582305908,1789564713.1747928
time/env/env/send_rollout_trajectories,43,42,0.8166302442550659,1789565323.2098355
time/env/env/send_rollout_trajectories,44,43,0.9242478013038635,1789565951.006106
time/env/env/send_rollout_trajectories,45,44,0.9133568406105042,1789566814.0304387
time/env/env/send_rollout_trajectories,46,45,0.6540589928627014,1789567419.34026
time/env/env/send_rollout_trajectories,47,46,0.613288164138794,1789568014.7966974
time/env/env/send_rollout_trajectories,48,47,0.6190131902694702,1789568641.7356431
time/env/env/send_rollout_trajectories,49,48,0.8973938822746277,1789569273.1063821
time/env/env/send_rollout_trajectories,50,49,0.6322890520095825,1789570189.8568907
time/env/env/send_rollout_trajectories,51,50,0.6331948041915894,1789570818.388683
time/env/env/send_rollout_trajectories,52,51,0.9446356296539307,1789571425.1504672
time/env/env/send_rollout_trajectories,53,52,0.6404522657394409,1789572041.4600449
time/env/env/send_rollout_trajectories,54,53,0.6418038010597229,1789572636.6599207
time/env/env/send_rollout_trajectories,55,54,0.9732333421707153,1789573517.0576096
time/env/env/send_rollout_trajectories,56,55,0.8395777344703674,1789574124.0874822
time/env/env/send_rollout_trajectories,57,56,1.0503379106521606,1789574734.9011757
time/env/env/send_rollout_trajectories,58,57,0.9522110819816589,1789575351.753044
time/env/env/send_rollout_trajectories,59,58,0.9837392568588257,1789575966.8072422
time/env/env/send_rollout_trajectories,60,59,0.6315602660179138,1789576897.9923801
time/env/env/send_rollout_trajectories,61,60,0.6849551200866699,1789577495.9725957
time/env/env/send_rollout_trajectories,62,61,0.9681222438812256,1789578115.3757827
time/env/env/send_rollout_trajectories,63,62,0.9491866230964661,1789578755.0989919
time/env/env/send_rollout_trajectories,64,63,0.9712928533554077,1789579360.1995287
time/env/env/send_rollout_trajectories,65,64,0.6278944611549377,1789580294.2193036
time/env/env/send_rollout_trajectories,66,65,1.075069546699524,1789580920.4995606
time/env/env/send_rollout_trajectories,67,66,0.8747745156288147,1789581536.9563184
time/env/env/send_rollout_trajectories,68,67,0.9987145066261292,1789582143.1680145
time/env/env/send_rollout_trajectories,69,68,0.6627203822135925,1789582754.8728526
time/env/env/send_rollout_trajectories,70,69,1.0119044780731201,1789583642.034569
time/env/env/send_rollout_trajectories,71,70,0.6722573637962341,1789584278.9287777
time/env/env/send_rollout_trajectories,72,71,0.889381468296051,1789584906.5469713
time/env/env/send_rollout_trajectories,73,72,0.758222758769989,1789585514.5523016
time/env/env/send_rollout_trajectories,74,73,0.7288997769355774,1789586115.4021335
time/env/env/send_rollout_trajectories,75,74,1.0602220296859741,1789586988.6035976
time/env/env/send_rollout_trajectories,76,75,1.0471932888031006,1789587609.9555254
time/env/env/send_rollout_trajectories,77,76,0.6823850274085999,1789588236.8295994
time/env/env/send_rollout_trajectories,78,77,1.0457143783569336,1789588860.619502
time/env/env/send_rollout_trajectories,79,78,1.0511798858642578,1789589473.1297092
time/env/env/send_rollout_trajectories,80,79,0.6946605443954468,1789590358.722327
time/env/env/send_rollout_trajectories,81,80,0.9055682420730591,1789590972.5331826
time/env/env/send_rollout_trajectories,82,81,1.0579556226730347,1789591597.8853815
time/env/env/send_rollout_trajectories,83,82,0.6642172932624817,1789592199.8214517
time/env/env/send_rollout_trajectories,84,83,1.0199880599975586,1789592818.145466
time/env/env/send_rollout_trajectories,85,84,1.022764801979065,1789593695.8562782
time/env/env/send_rollout_trajectories,86,85,0.7547321319580078,1789594324.573839
time/env/env/send_rollout_trajectories,87,86,1.1170018911361694,1789594936.4786775
time/env/env/send_rollout_trajectories,88,87,0.7273401021957397,1789595531.9283361
time/env/env/send_rollout_trajectories,89,88,1.0873435735702515,1789596163.60615
time/env/env/send_rollout_trajectories,90,89,0.9274017810821533,1789597068.774454
time/env/env/send_rollout_trajectories,91,90,1.1119165420532227,1789597690.580253
time/env/env/send_rollout_trajectories,92,91,1.0668859481811523,1789598318.3542404
time/env/env/send_rollout_trajectories,93,92,0.7412678003311157,1789598920.6058543
time/env/env/send_rollout_trajectories,94,93,1.1185717582702637,1789599581.2740774
time/env/env/send_rollout_trajectories,95,94,0.8545685410499573,1789600443.6649573
time/env/env/send_rollout_trajectories,96,95,1.189357042312622,1789601046.9315765
time/env/env/send_rollout_trajectories,97,96,1.2004550695419312,1789601642.595524
time/env/env/send_rollout_trajectories,98,97,1.3050265312194824,1789602260.2301593
time/env/env/send_rollout_trajectories,99,98,1.15240478515625,1789602858.8768947
time/env/env/send_rollout_trajectories,100,99,1.20064115524292,1789603757.3851314
time/env/env/send_rollout_trajectories,101,100,1.2060052156448364,1789604416.5432515
time/env/env/send_rollout_trajectories,102,101,0.8313300609588623,1789605017.3489447
time/env/env/send_rollout_trajectories,103,102,0.7196144461631775,1789605628.4431193
time/env/env/send_rollout_trajectories,104,103,0.7386437058448792,1789606257.6868975
time/env/env/send_rollout_trajectories,105,104,1.190516471862793,1789607164.5741751
time/env/env/send_rollout_trajectories,106,105,1.2206778526306152,1789607783.3540905
time/env/env/send_rollout_trajectories,107,106,0.8174995183944702,1789608388.117053
time/env/env/send_rollout_trajectories,108,107,0.7172130942344666,1789608993.6129727
time/env/env/send_rollout_trajectories,109,108,0.8607779145240784,1789609610.0940533
time/env/env/send_rollout_trajectories,110,109,1.1555047035217285,1789610521.1152618
time/env/env/send_rollout_trajectories,111,110,1.1656094789505005,1789611152.297237
time/env/env/send_rollout_trajectories,112,111,0.7189737558364868,1789611764.0925477
time/env/env/send_rollout_trajectories,113,112,1.1371586322784424,1789612380.6673024
time/env/env/send_rollout_trajectories,114,113,1.0149304866790771,1789612983.3591719
time/env/env/send_rollout_trajectories,115,114,0.8278766870498657,1789613886.160821
time/env/env/send_rollout_trajectories,116,115,0.7542061805725098,1789614520.8891213
time/env/env/send_rollout_trajectories,117,116,0.78066486120224,1789615144.6363971
time/env/env/send_rollout_trajectories,118,117,1.2636504173278809,1789615763.7865982
time/env/env/send_rollout_trajectories,119,118,1.0457903146743774,1789616389.2326467
time/env/env/send_rollout_trajectories,120,119,1.0135672092437744,1789617316.7673829
time/env/env/send_rollout_trajectories,121,120,0.9074785113334656,1789617958.7365808
time/env/run_interact_once,1,0,644.1246337890625,1789537370.7542639
time/env/run_interact_once,2,1,593.1836547851562,1789537988.1689074
time/env/run_interact_once,3,2,576.0928344726562,1789538585.9912388
time/env/run_interact_once,4,3,614.3792114257812,1789539222.1037908
time/env/run_interact_once,5,4,602.2997436523438,1789540098.3008509
time/env/run_interact_once,6,5,581.5675659179688,1789540697.159605
time/env/run_interact_once,7,6,573.9091796875,1789541296.7099237
time/env/run_interact_once,8,7,594.7514038085938,1789541912.4863875
time/env/run_interact_once,9,8,587.3759765625,1789542519.6949873
time/env/run_interact_once,10,9,575.0459594726562,1789543400.8667016
time/env/run_interact_once,11,10,597.729248046875,1789544015.3455977
time/env/run_interact_once,12,11,584.70458984375,1789544622.456486
time/env/run_interact_once,13,12,591.3692626953125,1789545234.7382421
time/env/run_interact_once,14,13,573.2254028320312,1789545829.1923585
time/env/run_interact_once,15,14,586.6102294921875,1789546690.784116
time/env/run_interact_once,16,15,576.6470336914062,1789547284.2071288
time/env/run_interact_once,17,16,588.2300415039062,1789547893.7002857
time/env/run_interact_once,18,17,578.590576171875,1789548492.1670237
time/env/run_interact_once,19,18,588.9171142578125,1789549104.0359862
time/env/run_interact_once,20,19,576.5316162109375,1789549984.6876256
time/env/run_interact_once,21,20,586.33154296875,1789550587.883597
time/env/run_interact_once,22,21,606.87890625,1789551215.9802818
time/env/run_interact_once,23,22,595.5728149414062,1789551832.3178425
time/env/run_interact_once,24,23,577.5493774414062,1789552430.4442139
time/env/run_interact_once,25,24,614.8101806640625,1789553335.3205614
time/env/run_interact_once,26,25,612.2627563476562,1789553965.970209
time/env/run_interact_once,27,26,616.2488403320312,1789554602.745419
time/env/run_interact_once,28,27,596.48046875,1789555219.656797
time/env/run_interact_once,29,28,603.7335815429688,1789555844.564069
time/env/run_interact_once,30,29,614.69482421875,1789556767.3360782
time/env/run_interact_once,31,30,597.010498046875,1789557383.601305
time/env/run_interact_once,32,31,647.1033325195312,1789558051.4287353
time/env/run_interact_once,33,32,609.6738891601562,1789558681.6494555
time/env/run_interact_once,34,33,578.73974609375,1789559281.6282067
time/env/run_interact_once,35,34,590.78662109375,1789560144.4758005
time/env/run_interact_once,36,35,598.6424560546875,1789560759.9115393
time/env/run_interact_once,37,36,590.9652099609375,1789561371.4029565
time/env/run_interact_once,38,37,615.105224609375,1789562006.9497297
time/env/run_interact_once,39,38,586.9329223632812,1789562614.2159593
time/env/run_interact_once,40,39,571.6676025390625,1789563500.9330606
time/env/run_interact_once,41,40,591.1954956054688,1789564108.5035005
time/env/run_interact_once,42,41,584.4483032226562,1789564713.1747985
time/env/run_interact_once,43,42,588.4904174804688,1789565323.2098415
time/env/run_interact_once,44,43,606.28564453125,1789565951.0061119
time/env/run_interact_once,45,44,584.18115234375,1789566814.0304441
time/env/run_interact_once,46,45,588.4445190429688,1789567419.340266
time/env/run_interact_once,47,46,574.983154296875,1789568014.7967038
time/env/run_interact_once,48,47,605.7639770507812,1789568641.7356522
time/env/run_interact_once,49,48,606.5361938476562,1789569273.1063876
time/env/run_interact_once,50,49,607.8523559570312,1789570189.8568988
time/env/run_interact_once,51,50,610.826171875,1789570818.388689
time/env/run_interact_once,52,51,584.8269653320312,1789571425.1504872
time/env/run_interact_once,53,52,596.0704956054688,1789572041.4600506
time/env/run_interact_once,54,53,574.6431274414062,1789572636.659927
time/env/run_interact_once,55,54,600.065185546875,1789573517.057627
time/env/run_interact_once,56,55,589.4822998046875,1789574124.087488
time/env/run_interact_once,57,56,588.0240478515625,1789574734.9011815
time/env/run_interact_once,58,57,596.6063842773438,1789575351.75305
time/env/run_interact_once,59,58,593.4357299804688,1789575966.8072486
time/env/run_interact_once,60,59,616.842529296875,1789576897.9923866
time/env/run_interact_once,61,60,581.6008911132812,1789577495.9726024
time/env/run_interact_once,62,61,598.4468383789062,1789578115.3757927
time/env/run_interact_once,63,62,616.8878173828125,1789578755.0989976
time/env/run_interact_once,64,63,580.8749389648438,1789579360.1995356
time/env/run_interact_once,65,64,614.6475219726562,1789580294.2193096
time/env/run_interact_once,66,65,605.8071899414062,1789580920.4995668
time/env/run_interact_once,67,66,595.2263793945312,1789581536.9563243
time/env/run_interact_once,68,67,584.1614379882812,1789582143.168021
time/env/run_interact_once,69,68,591.7622680664062,1789582754.8728585
time/env/run_interact_once,70,69,565.2044677734375,1789583642.0345774
time/env/run_interact_once,71,70,620.5964965820312,1789584278.9287856
time/env/run_interact_once,72,71,606.9241333007812,1789584906.546977
time/env/run_interact_once,73,72,586.5426025390625,1789585514.5523076
time/env/run_interact_once,74,73,580.031982421875,1789586115.4021394
time/env/run_interact_once,75,74,579.4036254882812,1789586988.6036034
time/env/run_interact_once,76,75,604.6865234375,1789587609.9555311
time/env/run_interact_once,77,76,606.0789184570312,1789588236.829605
time/env/run_interact_once,78,77,599.1647338867188,1789588860.6195083
time/env/run_interact_once,79,78,588.05615234375,1789589473.129715
time/env/run_interact_once,80,79,578.2485961914062,1789590358.7223334
time/env/run_interact_once,81,80,597.2353515625,1789590972.533188
time/env/run_interact_once,82,81,604.8526000976562,1789591597.8853867
time/env/run_interact_once,83,82,581.7952270507812,1789592199.8214574
time/env/run_interact_once,84,83,595.4780883789062,1789592818.145472
time/env/run_interact_once,85,84,597.409423828125,1789593695.856286
time/env/run_interact_once,86,85,612.279052734375,1789594324.5738459
time/env/run_interact_once,87,86,590.2605590820312,1789594936.4786844
time/env/run_interact_once,88,87,574.0158081054688,1789595531.928342
time/env/run_interact_once,89,88,609.4353637695312,1789596163.6061566
time/env/run_interact_once,90,89,582.9610595703125,1789597068.7744617
time/env/run_interact_once,91,90,604.7862548828125,1789597690.5802605
time/env/run_interact_once,92,91,605.424072265625,1789598318.3542464
time/env/run_interact_once,93,92,580.2567138671875,1789598920.60586
time/env/run_interact_once,94,93,639.6117553710938,1789599581.274082
time/env/run_interact_once,95,94,587.6900634765625,1789600443.6649663
time/env/run_interact_once,96,95,585.8255615234375,1789601046.9315853
time/env/run_interact_once,97,96,573.1388549804688,1789601642.59553
time/env/run_interact_once,98,97,595.6796264648438,1789602260.2301652
time/env/run_interact_once,99,98,576.61962890625,1789602858.8769004
time/env/run_interact_once,100,99,582.9678344726562,1789603757.3851366
time/env/run_interact_once,101,100,642.96484375,1789604416.543258
time/env/run_interact_once,102,101,579.9818725585938,1789605017.3489506
time/env/run_interact_once,103,102,589.6454467773438,1789605628.4431267
time/env/run_interact_once,104,103,608.3287963867188,1789606257.6869032
time/env/run_interact_once,105,104,616.111083984375,1789607164.5741856
time/env/run_interact_once,106,105,601.2042846679688,1789607783.3540964
time/env/run_interact_once,107,106,582.3143920898438,1789608388.1170638
time/env/run_interact_once,108,107,583.087646484375,1789608993.6129794
time/env/run_interact_once,109,108,595.360595703125,1789609610.0940595
time/env/run_interact_once,110,109,585.34814453125,1789610521.1152673
time/env/run_interact_once,111,110,614.2930908203125,1789611152.2972429
time/env/run_interact_once,112,111,591.2451782226562,1789611764.0925536
time/env/run_interact_once,113,112,596.52294921875,1789612380.6673086
time/env/run_interact_once,114,113,581.862548828125,1789612983.3591764
time/env/run_interact_once,115,114,613.9946899414062,1789613886.1608267
time/env/run_interact_once,116,115,618.03759765625,1789614520.8891263
time/env/run_interact_once,117,116,603.2357177734375,1789615144.6364028
time/env/run_interact_once,118,117,599.2822875976562,1789615763.7866037
time/env/run_interact_once,119,118,606.2564697265625,1789616389.2326524
time/env/run_interact_once,120,119,606.0394287109375,1789617316.7673883
time/env/run_interact_once,121,120,626.0618286132812,1789617958.7365863
time/env/interact,1,0,644.124755859375,1789537370.7542691
time/env/interact,2,1,593.1836547851562,1789537988.1689136
time/env/interact,3,2,576.0928344726562,1789538585.991245
time/env/interact,4,3,614.3792114257812,1789539222.1037967
time/env/interact,5,4,602.2997436523438,1789540098.3008635
time/env/interact,6,5,581.567626953125,1789540697.1596124
time/env/interact,7,6,573.9091796875,1789541296.7099297
time/env/interact,8,7,594.7514038085938,1789541912.486394
time/env/interact,9,8,587.3759765625,1789542519.6949933
time/env/interact,10,9,575.0460205078125,1789543400.8667085
time/env/interact,11,10,597.7293701171875,1789544015.3456035
time/env/interact,12,11,584.7046508789062,1789544622.4564953
time/env/interact,13,12,591.3692626953125,1789545234.7382479
time/env/interact,14,13,573.2254638671875,1789545829.1923645
time/env/interact,15,14,586.6102294921875,1789546690.784128
time/env/interact,16,15,576.6470947265625,1789547284.2071373
time/env/interact,17,16,588.2301025390625,1789547893.7002916
time/env/interact,18,17,578.590576171875,1789548492.1670299
time/env/interact,19,18,588.9171752929688,1789549104.0359921
time/env/interact,20,19,576.5316772460938,1789549984.68763
time/env/interact,21,20,586.3316040039062,1789550587.8836029
time/env/interact,22,21,606.8789672851562,1789551215.980288
time/env/interact,23,22,595.5728759765625,1789551832.3178482
time/env/interact,24,23,577.5494384765625,1789552430.44422
time/env/interact,25,24,614.8102416992188,1789553335.3205712
time/env/interact,26,25,612.2628173828125,1789553965.9702175
time/env/interact,27,26,616.2489013671875,1789554602.745425
time/env/interact,28,27,596.48046875,1789555219.656803
time/env/interact,29,28,603.733642578125,1789555844.5640755
time/env/interact,30,29,614.69482421875,1789556767.3360858
time/env/interact,31,30,597.0106201171875,1789557383.601313
time/env/interact,32,31,647.1033325195312,1789558051.4287415
time/env/interact,33,32,609.6739501953125,1789558681.6494615
time/env/interact,34,33,578.7398071289062,1789559281.628213
time/env/interact,35,34,590.78662109375,1789560144.4758105
time/env/interact,36,35,598.642578125,1789560759.911561
time/env/interact,37,36,590.9652099609375,1789561371.4029624
time/env/interact,38,37,615.105224609375,1789562006.9497356
time/env/interact,39,38,586.9329223632812,1789562614.2159653
time/env/interact,40,39,571.6676635742188,1789563500.9330668
time/env/interact,41,40,591.195556640625,1789564108.5035067
time/env/interact,42,41,584.4483032226562,1789564713.174805
time/env/interact,43,42,588.490478515625,1789565323.2098467
time/env/interact,44,43,606.28564453125,1789565951.006117
time/env/interact,45,44,584.18115234375,1789566814.0304494
time/env/interact,46,45,588.444580078125,1789567419.3402722
time/env/interact,47,46,574.9832153320312,1789568014.7967103
time/env/interact,48,47,605.7640380859375,1789568641.735661
time/env/interact,49,48,606.5362548828125,1789569273.1063933
time/env/interact,50,49,607.8524169921875,1789570189.8569062
time/env/interact,51,50,610.8262329101562,1789570818.3886955
time/env/interact,52,51,584.8270263671875,1789571425.1505072
time/env/interact,53,52,596.070556640625,1789572041.4600568
time/env/interact,54,53,574.6431274414062,1789572636.6599329
time/env/interact,55,54,600.065185546875,1789573517.0576453
time/env/interact,56,55,589.482421875,1789574124.0874941
time/env/interact,57,56,588.0241088867188,1789574734.9011877
time/env/interact,58,57,596.6063842773438,1789575351.7530563
time/env/interact,59,58,593.435791015625,1789575966.807255
time/env/interact,60,59,616.8425903320312,1789576897.9923928
time/env/interact,61,60,581.6009521484375,1789577495.972608
time/env/interact,62,61,598.4468994140625,1789578115.3758025
time/env/interact,63,62,616.8878784179688,1789578755.0990036
time/env/interact,64,63,580.875,1789579360.1995423
time/env/interact,65,64,614.6475219726562,1789580294.2193155
time/env/interact,66,65,605.8072509765625,1789580920.4995732
time/env/interact,67,66,595.2263793945312,1789581536.9563303
time/env/interact,68,67,584.1614990234375,1789582143.1680272
time/env/interact,69,68,591.7622680664062,1789582754.8728647
time/env/interact,70,69,565.2045288085938,1789583642.0345864
time/env/interact,71,70,620.5965576171875,1789584278.9287937
time/env/interact,72,71,606.9241943359375,1789584906.546983
time/env/interact,73,72,586.5426635742188,1789585514.552313
time/env/interact,74,73,580.031982421875,1789586115.4021447
time/env/interact,75,74,579.4036254882812,1789586988.603609
time/env/interact,76,75,604.6865844726562,1789587609.9555368
time/env/interact,77,76,606.0789794921875,1789588236.829611
time/env/interact,78,77,599.164794921875,1789588860.6195138
time/env/interact,79,78,588.0562133789062,1789589473.1297214
time/env/interact,80,79,578.2485961914062,1789590358.7223396
time/env/interact,81,80,597.2354736328125,1789590972.5331943
time/env/interact,82,81,604.8526000976562,1789591597.885393
time/env/interact,83,82,581.7952270507812,1789592199.821467
time/env/interact,84,83,595.4781494140625,1789592818.1454775
time/env/interact,85,84,597.4094848632812,1789593695.8562937
time/env/interact,86,85,612.2791137695312,1789594324.573853
time/env/interact,87,86,590.2606201171875,1789594936.4786918
time/env/interact,88,87,574.015869140625,1789595531.9283478
time/env/interact,89,88,609.4353637695312,1789596163.6061637
time/env/interact,90,89,582.9610595703125,1789597068.7744696
time/env/interact,91,90,604.7863159179688,1789597690.5802681
time/env/interact,92,91,605.424072265625,1789598318.3542523
time/env/interact,93,92,580.2567138671875,1789598920.6058662
time/env/interact,94,93,639.61181640625,1789599581.2740865
time/env/interact,95,94,587.6900634765625,1789600443.6649761
time/env/interact,96,95,585.8256225585938,1789601046.9315941
time/env/interact,97,96,573.1389770507812,1789601642.5955362
time/env/interact,98,97,595.6796875,1789602260.230171
time/env/interact,99,98,576.6196899414062,1789602858.876906
time/env/interact,100,99,582.9678344726562,1789603757.3851426
time/env/interact,101,100,642.9649047851562,1789604416.5432646
time/env/interact,102,101,579.98193359375,1789605017.3489563
time/env/interact,103,102,589.6454467773438,1789605628.4431343
time/env/interact,104,103,608.328857421875,1789606257.6869097
time/env/interact,105,104,616.1111450195312,1789607164.5741966
time/env/interact,106,105,601.204345703125,1789607783.3541026
time/env/interact,107,106,582.3143920898438,1789608388.117073
time/env/interact,108,107,583.087646484375,1789608993.6129858
time/env/interact,109,108,595.3606567382812,1789609610.0940657
time/env/interact,110,109,585.34814453125,1789610521.1152742
time/env/interact,111,110,614.2931518554688,1789611152.297249
time/env/interact,112,111,591.2452392578125,1789611764.0925596
time/env/interact,113,112,596.52294921875,1789612380.6673145
time/env/interact,114,113,581.862548828125,1789612983.3591816
time/env/interact,115,114,613.9946899414062,1789613886.1608324
time/env/interact,116,115,618.0376586914062,1789614520.8891315
time/env/interact,117,116,603.2357177734375,1789615144.636409
time/env/interact,118,117,599.2823486328125,1789615763.7866096
time/env/interact,119,118,606.2565307617188,1789616389.2326584
time/env/interact,120,119,606.0394897460938,1789617316.767394
time/env/interact,121,120,626.0618896484375,1789617958.7365923
time/rollout/sync_model_from_actor,1,0,6.9982733726501465,1789537370.7542744
time/rollout/sync_model_from_actor,2,1,6.748890399932861,1789537988.1689196
time/rollout/sync_model_from_actor,3,2,5.896939754486084,1789538585.991251
time/rollout/sync_model_from_actor,4,3,6.668787002563477,1789539222.1038024
time/rollout/sync_model_from_actor,5,4,11.013154029846191,1789540098.3014143
time/rollout/sync_model_from_actor,6,5,1.7195395231246948,1789540697.15962
time/rollout/sync_model_from_actor,7,6,6.156319618225098,1789541296.7099354
time/rollout/sync_model_from_actor,8,7,6.140852928161621,1789541912.4864
time/rollout/sync_model_from_actor,9,8,4.873471260070801,1789542519.6949995
time/rollout/sync_model_from_actor,10,9,11.523391723632812,1789543400.8669484
time/rollout/sync_model_from_actor,11,10,1.6167577505111694,1789544015.3456092
time/rollout/sync_model_from_actor,12,11,4.933745861053467,1789544622.4565048
time/rollout/sync_model_from_actor,13,12,5.565387725830078,1789545234.7382536
time/rollout/sync_model_from_actor,14,13,6.08353328704834,1789545829.1923702
time/rollout/sync_model_from_actor,15,14,11.829947471618652,1789546690.784454
time/rollout/sync_model_from_actor,16,15,1.6522337198257446,1789547284.2071457
time/rollout/sync_model_from_actor,17,16,6.277275085449219,1789547893.700297
time/rollout/sync_model_from_actor,18,17,4.830611705780029,1789548492.1670368
time/rollout/sync_model_from_actor,19,18,6.328877925872803,1789549104.035998
time/rollout/sync_model_from_actor,20,19,10.359341621398926,1789549984.6879869
time/rollout/sync_model_from_actor,21,20,1.7132478952407837,1789550587.8836088
time/rollout/sync_model_from_actor,22,21,6.319019794464111,1789551215.9802942
time/rollout/sync_model_from_actor,23,22,5.752971172332764,1789551832.317854
time/rollout/sync_model_from_actor,24,23,5.286068916320801,1789552430.444226
time/rollout/sync_model_from_actor,25,24,10.77896499633789,1789553335.321154
time/rollout/sync_model_from_actor,26,25,1.700298547744751,1789553965.9702265
time/rollout/sync_model_from_actor,27,26,5.087620735168457,1789554602.7454307
time/rollout/sync_model_from_actor,28,27,5.449796676635742,1789555219.6568093
time/rollout/sync_model_from_actor,29,28,6.018473148345947,1789555844.5640812
time/rollout/sync_model_from_actor,30,29,10.25804328918457,1789556767.336803
time/rollout/sync_model_from_actor,31,30,1.5953634977340698,1789557383.6013198
time/rollout/sync_model_from_actor,32,31,5.691447734832764,1789558051.4287472
time/rollout/sync_model_from_actor,33,32,5.335988998413086,1789558681.6494677
time/rollout/sync_model_from_actor,34,33,6.125900745391846,1789559281.6282191
time/rollout/sync_model_from_actor,35,34,11.437760353088379,1789560144.4759922
time/rollout/sync_model_from_actor,36,35,1.7105169296264648,1789560759.9115813
time/rollout/sync_model_from_actor,37,36,5.5712151527404785,1789561371.4029682
time/rollout/sync_model_from_actor,38,37,5.164743423461914,1789562006.9497416
time/rollout/sync_model_from_actor,39,38,5.307580947875977,1789562614.2159708
time/rollout/sync_model_from_actor,40,39,11.149236679077148,1789563500.9336116
time/rollout/sync_model_from_actor,41,40,1.487064242362976,1789564108.5035133
time/rollout/sync_model_from_actor,42,41,5.474003314971924,1789564713.1748106
time/rollout/sync_model_from_actor,43,42,6.016790390014648,1789565323.2098527
time/rollout/sync_model_from_actor,44,43,5.500875949859619,1789565951.006124
time/rollout/sync_model_from_actor,45,44,12.43233871459961,1789566814.0309553
time/rollout/sync_model_from_actor,46,45,1.733812928199768,1789567419.340278
time/rollout/sync_model_from_actor,47,46,5.11493444442749,1789568014.7967174
time/rollout/sync_model_from_actor,48,47,6.124696254730225,1789568641.7356699
time/rollout/sync_model_from_actor,49,48,5.343250751495361,1789569273.1063995
time/rollout/sync_model_from_actor,50,49,12.26807975769043,1789570189.8574386
time/rollout/sync_model_from_actor,51,50,1.8161721229553223,1789570818.388702
time/rollout/sync_model_from_actor,52,51,5.9416961669921875,1789571425.1505294
time/rollout/sync_model_from_actor,53,52,5.625265598297119,1789572041.4600625
time/rollout/sync_model_from_actor,54,53,5.706172943115234,1789572636.6599393
time/rollout/sync_model_from_actor,55,54,10.966497421264648,1789573517.0581894
time/rollout/sync_model_from_actor,56,55,1.6739623546600342,1789574124.0875
time/rollout/sync_model_from_actor,57,56,5.784749507904053,1789574734.9011936
time/rollout/sync_model_from_actor,58,57,5.476472854614258,1789575351.7530622
time/rollout/sync_model_from_actor,59,58,5.253251552581787,1789575966.8072615
time/rollout/sync_model_from_actor,60,59,10.946784019470215,1789576897.9925637
time/rollout/sync_model_from_actor,61,60,1.5074079036712646,1789577495.9726148
time/rollout/sync_model_from_actor,62,61,5.749567985534668,1789578115.375813
time/rollout/sync_model_from_actor,63,62,5.707079887390137,1789578755.0990098
time/rollout/sync_model_from_actor,64,63,5.650729179382324,1789579360.199549
time/rollout/sync_model_from_actor,65,64,13.699212074279785,1789580294.2195263
time/rollout/sync_model_from_actor,66,65,1.7802460193634033,1789580920.49958
time/rollout/sync_model_from_actor,67,66,6.325172424316406,1789581536.9563365
time/rollout/sync_model_from_actor,68,67,5.735319137573242,1789582143.168033
time/rollout/sync_model_from_actor,69,68,5.550754070281982,1789582754.872871
time/rollout/sync_model_from_actor,70,69,11.922815322875977,1789583642.0348754
time/rollout/sync_model_from_actor,71,70,1.5281190872192383,1789584278.9288008
time/rollout/sync_model_from_actor,72,71,5.816997051239014,1789584906.5469892
time/rollout/sync_model_from_actor,73,72,5.7783942222595215,1789585514.5523188
time/rollout/sync_model_from_actor,74,73,5.805107116699219,1789586115.4021504
time/rollout/sync_model_from_actor,75,74,13.050626754760742,1789586988.6038349
time/rollout/sync_model_from_actor,76,75,1.717439889907837,1789587609.9555428
time/rollout/sync_model_from_actor,77,76,5.5136284828186035,1789588236.8296168
time/rollout/sync_model_from_actor,78,77,5.962088584899902,1789588860.6195195
time/rollout/sync_model_from_actor,79,78,7.318698883056641,1789589473.1297266
time/rollout/sync_model_from_actor,80,79,10.584086418151855,1789590358.7228317
time/rollout/sync_model_from_actor,81,80,1.492064356803894,1789590972.5332
time/rollout/sync_model_from_actor,82,81,5.781696319580078,1789591597.8853986
time/rollout/sync_model_from_actor,83,82,5.70794677734375,1789592199.8214731
time/rollout/sync_model_from_actor,84,83,5.944749355316162,1789592818.1454833
time/rollout/sync_model_from_actor,85,84,13.050751686096191,1789593695.8565154
time/rollout/sync_model_from_actor,86,85,1.7286337614059448,1789594324.5738592
time/rollout/sync_model_from_actor,87,86,5.481476783752441,1789594936.4786997
time/rollout/sync_model_from_actor,88,87,4.842762470245361,1789595531.928354
time/rollout/sync_model_from_actor,89,88,6.29586935043335,1789596163.606171
time/rollout/sync_model_from_actor,90,89,12.433241844177246,1789597068.7748294
time/rollout/sync_model_from_actor,91,90,1.8740772008895874,1789597690.5802763
time/rollout/sync_model_from_actor,92,91,5.901609420776367,1789598318.354258
time/rollout/sync_model_from_actor,93,92,5.331566333770752,1789598920.605872
time/rollout/sync_model_from_actor,94,93,6.418508529663086,1789599581.274091
time/rollout/sync_model_from_actor,95,94,10.77316951751709,1789600443.6660306
time/rollout/sync_model_from_actor,96,95,1.8195730447769165,1789601046.9316022
time/rollout/sync_model_from_actor,97,96,5.940125465393066,1789601642.5955458
time/rollout/sync_model_from_actor,98,97,6.384644985198975,1789602260.230177
time/rollout/sync_model_from_actor,99,98,5.979170322418213,1789602858.8769119
time/rollout/sync_model_from_actor,100,99,11.720307350158691,1789603757.3855214
time/rollout/sync_model_from_actor,101,100,1.5333044528961182,1789604416.5432706
time/rollout/sync_model_from_actor,102,101,6.0267558097839355,1789605017.3489625
time/rollout/sync_model_from_actor,103,102,6.313945770263672,1789605628.443142
time/rollout/sync_model_from_actor,104,103,5.823914051055908,1789606257.6869156
time/rollout/sync_model_from_actor,105,104,11.172412872314453,1789607164.574675
time/rollout/sync_model_from_actor,106,105,1.7486848831176758,1789607783.354108
time/rollout/sync_model_from_actor,107,106,6.804464340209961,1789608388.1170828
time/rollout/sync_model_from_actor,108,107,8.066770553588867,1789608993.6129918
time/rollout/sync_model_from_actor,109,108,5.391948223114014,1789609610.0940716
time/rollout/sync_model_from_actor,110,109,12.058700561523438,1789610521.1156063
time/rollout/sync_model_from_actor,111,110,1.7305456399917603,1789611152.2972558
time/rollout/sync_model_from_actor,112,111,6.074521064758301,1789611764.0925653
time/rollout/sync_model_from_actor,113,112,5.299318790435791,1789612380.6673205
time/rollout/sync_model_from_actor,114,113,5.900820732116699,1789612983.3591862
time/rollout/sync_model_from_actor,115,114,11.641538619995117,1789613886.1611185
time/rollout/sync_model_from_actor,116,115,1.4574847221374512,1789614520.8891363
time/rollout/sync_model_from_actor,117,116,5.683920383453369,1789615144.636416
time/rollout/sync_model_from_actor,118,117,5.9392313957214355,1789615763.7866154
time/rollout/sync_model_from_actor,119,118,4.953800678253174,1789616389.2326643
time/rollout/sync_model_from_actor,120,119,11.577597618103027,1789617316.7676651
time/rollout/sync_model_from_actor,121,120,1.5810414552688599,1789617958.7365983
time/rollout/predict,1,0,8.117919921875,1789537370.7546089
time/rollout/predict,2,1,7.206171035766602,1789537988.1694038
time/rollout/predict,3,2,7.090036869049072,1789538585.9914725
time/rollout/predict,4,3,7.125165939331055,1789539222.1043541
time/rollout/predict,5,4,8.89041519165039,1789540098.3014264
time/rollout/predict,6,5,7.068432807922363,1789540697.160316
time/rollout/predict,7,6,7.133455276489258,1789541296.7109141
time/rollout/predict,8,7,7.054624557495117,1789541912.4869463
time/rollout/predict,9,8,7.110290050506592,1789542519.6952314
time/rollout/predict,10,9,8.667254447937012,1789543400.866955
time/rollout/predict,11,10,7.1270856857299805,1789544015.345854
time/rollout/predict,12,11,7.237912178039551,1789544622.4568524
time/rollout/predict,13,12,7.0422444343566895,1789545234.739034
time/rollout/predict,14,13,7.041242599487305,1789545829.1925366
time/rollout/predict,15,14,8.702592849731445,1789546690.7844665
time/rollout/predict,16,15,7.0623955726623535,1789547284.207532
time/rollout/predict,17,16,7.113743305206299,1789547893.7008085
time/rollout/predict,18,17,7.0458879470825195,1789548492.167591
time/rollout/predict,19,18,7.128332614898682,1789549104.0362978
time/rollout/predict,20,19,8.72494888305664,1789549984.6879914
time/rollout/predict,21,20,7.116353988647461,1789550587.884125
time/rollout/predict,22,21,7.178588390350342,1789551215.9805725
time/rollout/predict,23,22,7.129093647003174,1789551832.318064
time/rollout/predict,24,23,7.071588516235352,1789552430.4449077
time/rollout/predict,25,24,8.814203262329102,1789553335.3211656
time/rollout/predict,26,25,7.214082717895508,1789553965.970724
time/rollout/predict,27,26,7.2628254890441895,1789554602.7456694
time/rollout/predict,28,27,7.063499450683594,1789555219.6574645
time/rollout/predict,29,28,7.127946376800537,1789555844.5644977
time/rollout/predict,30,29,8.770509719848633,1789556767.336815
time/rollout/predict,31,30,7.156915187835693,1789557383.601613
time/rollout/predict,32,31,7.21925163269043,1789558051.4289196
time/rollout/predict,33,32,7.0640869140625,1789558681.6496363
time/rollout/predict,34,33,7.067823886871338,1789559281.6287496
time/rollout/predict,35,34,8.79494571685791,1789560144.4759986
time/rollout/predict,36,35,7.08001184463501,1789560759.912258
time/rollout/predict,37,36,7.0896196365356445,1789561371.4034767
time/rollout/predict,38,37,7.061509609222412,1789562006.950469
time/rollout/predict,39,38,7.084080696105957,1789562614.2166138
time/rollout/predict,40,39,8.698058128356934,1789563500.933618
time/rollout/predict,41,40,7.054301738739014,1789564108.5040174
time/rollout/predict,42,41,7.0267815589904785,1789564713.175312
time/rollout/predict,43,42,7.13654088973999,1789565323.210348
time/rollout/predict,44,43,7.335498809814453,1789565951.0062938
time/rollout/predict,45,44,8.717785835266113,1789566814.0309608
time/rollout/predict,46,45,7.088099956512451,1789567419.3408
time/rollout/predict,47,46,7.034677028656006,1789568014.7975082
time/rollout/predict,48,47,7.037506103515625,1789568641.7361526
time/rollout/predict,49,48,7.203277111053467,1789569273.10697
time/rollout/predict,50,49,8.731901168823242,1789570189.8574464
time/rollout/predict,51,50,7.051459312438965,1789570818.3892846
time/rollout/predict,52,51,7.109880447387695,1789571425.1510708
time/rollout/predict,53,52,7.046730995178223,1789572041.4605408
time/rollout/predict,54,53,7.046819686889648,1789572636.6601167
time/rollout/predict,55,54,8.93038558959961,1789573517.0582075
time/rollout/predict,56,55,7.139052867889404,1789574124.087748
time/rollout/predict,57,56,7.240026473999023,1789574734.901525
time/rollout/predict,58,57,7.102312088012695,1789575351.7535727
time/rollout/predict,59,58,7.2046685218811035,1789575966.8077896
time/rollout/predict,60,59,8.671390533447266,1789576897.9925702
time/rollout/predict,61,60,7.035858154296875,1789577495.9732356
time/rollout/predict,62,61,7.225154876708984,1789578115.3760593
time/rollout/predict,63,62,7.1954426765441895,1789578755.0995235
time/rollout/predict,64,63,7.149510383605957,1789579360.200589
time/rollout/predict,65,64,8.766382217407227,1789580294.2195323
time/rollout/predict,66,65,7.206932067871094,1789580920.4999437
time/rollout/predict,67,66,7.199161052703857,1789581536.9565978
time/rollout/predict,68,67,7.149129390716553,1789582143.1683373
time/rollout/predict,69,68,7.091927528381348,1789582754.8733926
time/rollout/predict,70,69,8.789173126220703,1789583642.034885
time/rollout/predict,71,70,7.166167259216309,1789584278.9289982
time/rollout/predict,72,71,7.139506816864014,1789584906.5471673
time/rollout/predict,73,72,7.196354866027832,1789585514.5524879
time/rollout/predict,74,73,7.0216755867004395,1789586115.4023418
time/rollout/predict,75,74,8.746572494506836,1789586988.6038404
time/rollout/predict,76,75,7.253655910491943,1789587609.9560742
time/rollout/predict,77,76,7.065921783447266,1789588236.8301673
time/rollout/predict,78,77,7.274179935455322,1789588860.6198099
time/rollout/predict,79,78,7.1864824295043945,1789589473.1302187
time/rollout/predict,80,79,8.694574356079102,1789590358.7228386
time/rollout/predict,81,80,7.076451778411865,1789590972.533728
time/rollout/predict,82,81,7.112672328948975,1789591597.8855674
time/rollout/predict,83,82,7.036772727966309,1789592199.8219876
time/rollout/predict,84,83,7.205310821533203,1789592818.1457474
time/rollout/predict,85,84,8.824494361877441,1789593695.8565233
time/rollout/predict,86,85,7.0819010734558105,1789594324.5740213
time/rollout/predict,87,86,7.181427001953125,1789594936.4792173
time/rollout/predict,88,87,7.021790504455566,1789595531.9285479
time/rollout/predict,89,88,7.096152305603027,1789596163.6064897
time/rollout/predict,90,89,8.71889591217041,1789597068.7748377
time/rollout/predict,91,90,7.083800792694092,1789597690.5807798
time/rollout/predict,92,91,7.14774227142334,1789598318.354778
time/rollout/predict,93,92,7.05297327041626,1789598920.606407
time/rollout/predict,94,93,7.230167388916016,1789599581.2742717
time/rollout/predict,95,94,8.629077911376953,1789600443.666037
time/rollout/predict,96,95,7.1018524169921875,1789601046.931871
time/rollout/predict,97,96,7.06815767288208,1789601642.5957322
time/rollout/predict,98,97,7.0779032707214355,1789602260.2303777
time/rollout/predict,99,98,7.005101203918457,1789602858.8771536
time/rollout/predict,100,99,8.720113754272461,1789603757.3855276
time/rollout/predict,101,100,7.274047374725342,1789604416.5434473
time/rollout/predict,102,101,7.00865364074707,1789605017.3493154
time/rollout/predict,103,102,7.043087959289551,1789605628.443427
time/rollout/predict,104,103,7.121171951293945,1789606257.6871617
time/rollout/predict,105,104,8.9512357711792,1789607164.574682
time/rollout/predict,106,105,7.158060550689697,1789607783.3544612
time/rollout/predict,107,106,7.091916561126709,1789608388.117464
time/rollout/predict,108,107,7.0613484382629395,1789608993.6133268
time/rollout/predict,109,108,7.068155765533447,1789609610.094582
time/rollout/predict,110,109,8.875470161437988,1789610521.1156151
time/rollout/predict,111,110,7.1764302253723145,1789611152.2976394
time/rollout/predict,112,111,7.1373701095581055,1789611764.0930731
time/rollout/predict,113,112,7.097456455230713,1789612380.6676438
time/rollout/predict,114,113,7.043036937713623,1789612983.3596964
time/rollout/predict,115,114,8.824923515319824,1789613886.1611245
time/rollout/predict,116,115,7.136948585510254,1789614520.8893332
time/rollout/predict,117,116,7.168410301208496,1789615144.6370263
time/rollout/predict,118,117,7.080071926116943,1789615763.7868178
time/rollout/predict,119,118,7.022895812988281,1789616389.232878
time/rollout/predict,120,119,8.623590469360352,1789617316.767671
time/rollout/predict,121,120,7.095456123352051,1789617958.7373166
time/rollout/generate_one_epoch,1,0,641.2371826171875,1789537370.754615
time/rollout/generate_one_epoch,2,1,590.7642822265625,1789537988.1694105
time/rollout/generate_one_epoch,3,2,573.9512939453125,1789538585.9914794
time/rollout/generate_one_epoch,4,3,612.5638427734375,1789539222.104361
time/rollout/generate_one_epoch,5,4,599.8150024414062,1789540098.3014393
time/rollout/generate_one_epoch,6,5,578.4894409179688,1789540697.1603236
time/rollout/generate_one_epoch,7,6,571.8475952148438,1789541296.7109306
time/rollout/generate_one_epoch,8,7,592.5877685546875,1789541912.4869516
time/rollout/generate_one_epoch,9,8,585.85595703125,1789542519.6952376
time/rollout/generate_one_epoch,10,9,573.4404907226562,1789543400.8669622
time/rollout/generate_one_epoch,11,10,594.7925415039062,1789544015.3458602
time/rollout/generate_one_epoch,12,11,582.6187133789062,1789544622.4568627
time/rollout/generate_one_epoch,13,12,589.8811645507812,1789545234.7390509
time/rollout/generate_one_epoch,14,13,571.5382690429688,1789545829.192543
time/rollout/generate_one_epoch,15,14,585.0654296875,1789546690.7844782
time/rollout/generate_one_epoch,16,15,574.09375,1789547284.207542
time/rollout/generate_one_epoch,17,16,586.201904296875,1789547893.7008154
time/rollout/generate_one_epoch,18,17,576.937255859375,1789548492.1676085
time/rollout/generate_one_epoch,19,18,586.7435302734375,1789549104.036305
time/rollout/generate_one_epoch,20,19,574.4404907226562,1789549984.6879957
time/rollout/generate_one_epoch,21,20,583.3814086914062,1789550587.8841317
time/rollout/generate_one_epoch,22,21,605.2095947265625,1789551215.98058
time/rollout/generate_one_epoch,23,22,593.8942260742188,1789551832.3180704
time/rollout/generate_one_epoch,24,23,576.0363159179688,1789552430.4449248
time/rollout/generate_one_epoch,25,24,612.9522705078125,1789553335.3211758
time/rollout/generate_one_epoch,26,25,608.9594116210938,1789553965.9707332
time/rollout/generate_one_epoch,27,26,614.6834716796875,1789554602.7456758
time/rollout/generate_one_epoch,28,27,594.7130737304688,1789555219.657481
time/rollout/generate_one_epoch,29,28,602.1915283203125,1789555844.5645144
time/rollout/generate_one_epoch,30,29,612.7294921875,1789556767.3368254
time/rollout/generate_one_epoch,31,30,594.4259033203125,1789557383.60162
time/rollout/generate_one_epoch,32,31,645.4944458007812,1789558051.4289262
time/rollout/generate_one_epoch,33,32,608.0543212890625,1789558681.6496432
time/rollout/generate_one_epoch,34,33,577.1683349609375,1789559281.6287563
time/rollout/generate_one_epoch,35,34,589.0478515625,1789560144.4760048
time/rollout/generate_one_epoch,36,35,595.8892822265625,1789560759.9122806
time/rollout/generate_one_epoch,37,36,589.0667724609375,1789561371.4034832
time/rollout/generate_one_epoch,38,37,613.5411376953125,1789562006.950486
time/rollout/generate_one_epoch,39,38,585.1585083007812,1789562614.2166302
time/rollout/generate_one_epoch,40,39,570.1575317382812,1789563500.933624
time/rollout/generate_one_epoch,41,40,588.752197265625,1789564108.5040245
time/rollout/generate_one_epoch,42,41,582.8004760742188,1789564713.175319
time/rollout/generate_one_epoch,43,42,586.6624145507812,1789565323.2103543
time/rollout/generate_one_epoch,44,43,604.211181640625,1789565951.0063
time/rollout/generate_one_epoch,45,44,582.3006591796875,1789566814.030967
time/rollout/generate_one_epoch,46,45,585.827392578125,1789567419.340817
time/rollout/generate_one_epoch,47,46,573.291015625,1789568014.7975252
time/rollout/generate_one_epoch,48,47,604.1676635742188,1789568641.7361684
time/rollout/generate_one_epoch,49,48,604.6581420898438,1789569273.1069767
time/rollout/generate_one_epoch,50,49,606.2224731445312,1789570189.857455
time/rollout/generate_one_epoch,51,50,608.2451171875,1789570818.3893018
time/rollout/generate_one_epoch,52,51,582.8731079101562,1789571425.151093
time/rollout/generate_one_epoch,53,52,594.35888671875,1789572041.460558
time/rollout/generate_one_epoch,54,53,573.0785522460938,1789572636.6601226
time/rollout/generate_one_epoch,55,54,597.8759155273438,1789573517.058226
time/rollout/generate_one_epoch,56,55,586.762939453125,1789574124.0877554
time/rollout/generate_one_epoch,57,56,586.0369873046875,1789574734.9015322
time/rollout/generate_one_epoch,58,57,594.4491577148438,1789575351.7535787
time/rollout/generate_one_epoch,59,58,591.4407348632812,1789575966.8078074
time/rollout/generate_one_epoch,60,59,615.0486450195312,1789576897.9925764
time/rollout/generate_one_epoch,61,60,578.6642456054688,1789577495.9732423
time/rollout/generate_one_epoch,62,61,596.4276733398438,1789578115.3760705
time/rollout/generate_one_epoch,63,62,614.888916015625,1789578755.0995498
time/rollout/generate_one_epoch,64,63,578.7489624023438,1789579360.2006114
time/rollout/generate_one_epoch,65,64,612.7887573242188,1789580294.2195382
time/rollout/generate_one_epoch,66,65,602.3770141601562,1789580920.4999514
time/rollout/generate_one_epoch,67,66,593.6891479492188,1789581536.9566302
time/rollout/generate_one_epoch,68,67,582.14990234375,1789582143.1683438
time/rollout/generate_one_epoch,69,68,590.0597534179688,1789582754.8733993
time/rollout/generate_one_epoch,70,69,563.2630615234375,1789583642.0348942
time/rollout/generate_one_epoch,71,70,617.8380737304688,1789584278.9290068
time/rollout/generate_one_epoch,72,71,605.0647583007812,1789584906.547174
time/rollout/generate_one_epoch,73,72,584.821044921875,1789585514.5524948
time/rollout/generate_one_epoch,74,73,578.39697265625,1789586115.4023502
time/rollout/generate_one_epoch,75,74,577.7825927734375,1789586988.6038458
time/rollout/generate_one_epoch,76,75,602.094970703125,1789587609.956081
time/rollout/generate_one_epoch,77,76,604.3991088867188,1789588236.830174
time/rollout/generate_one_epoch,78,77,596.5709838867188,1789588860.6198173
time/rollout/generate_one_epoch,79,78,585.9951171875,1789589473.1302254
time/rollout/generate_one_epoch,80,79,575.0813598632812,1789590358.7228458
time/rollout/generate_one_epoch,81,80,594.556884765625,1789590972.5337348
time/rollout/generate_one_epoch,82,81,602.9614868164062,1789591597.8855746
time/rollout/generate_one_epoch,83,82,579.990234375,1789592199.8219945
time/rollout/generate_one_epoch,84,83,593.6627807617188,1789592818.1457548
time/rollout/generate_one_epoch,85,84,595.1946411132812,1789593695.856531
time/rollout/generate_one_epoch,86,85,609.9353637695312,1789594324.574029
time/rollout/generate_one_epoch,87,86,588.0614013671875,1789594936.4792254
time/rollout/generate_one_epoch,88,87,572.243408203125,1789595531.9285543
time/rollout/generate_one_epoch,89,88,607.6743774414062,1789596163.606496
time/rollout/generate_one_epoch,90,89,581.2100219726562,1789597068.7748466
time/rollout/generate_one_epoch,91,90,601.9024658203125,1789597690.580787
time/rollout/generate_one_epoch,92,91,603.2114868164062,1789598318.3547845
time/rollout/generate_one_epoch,93,92,577.9609985351562,1789598920.6064153
time/rollout/generate_one_epoch,94,93,637.5349731445312,1789599581.274277
time/rollout/generate_one_epoch,95,94,585.9727783203125,1789600443.6660438
time/rollout/generate_one_epoch,96,95,583.5003051757812,1789601046.9318779
time/rollout/generate_one_epoch,97,96,570.7014770507812,1789601642.5957384
time/rollout/generate_one_epoch,98,97,593.788330078125,1789602260.2303846
time/rollout/generate_one_epoch,99,98,574.5211791992188,1789602858.8771598
time/rollout/generate_one_epoch,100,99,580.4901123046875,1789603757.385533
time/rollout/generate_one_epoch,101,100,640.0626220703125,1789604416.5434546
time/rollout/generate_one_epoch,102,101,578.125732421875,1789605017.3493314
time/rollout/generate_one_epoch,103,102,587.9087524414062,1789605628.4434335
time/rollout/generate_one_epoch,104,103,606.5593872070312,1789606257.6871684
time/rollout/generate_one_epoch,105,104,613.9326171875,1789607164.5746884
time/rollout/generate_one_epoch,106,105,598.6429443359375,1789607783.3544679
time/rollout/generate_one_epoch,107,106,580.485107421875,1789608388.117486
time/rollout/generate_one_epoch,108,107,581.1866455078125,1789608993.6133335
time/rollout/generate_one_epoch,109,108,593.3013305664062,1789609610.094589
time/rollout/generate_one_epoch,110,109,583.0177612304688,1789610521.1156216
time/rollout/generate_one_epoch,111,110,610.879150390625,1789611152.2976463
time/rollout/generate_one_epoch,112,111,589.4304809570312,1789611764.0930796
time/rollout/generate_one_epoch,113,112,594.6141967773438,1789612380.6676507
time/rollout/generate_one_epoch,114,113,579.6846313476562,1789612983.3597012
time/rollout/generate_one_epoch,115,114,612.1982421875,1789613886.1611302
time/rollout/generate_one_epoch,116,115,615.92333984375,1789614520.889339
time/rollout/generate_one_epoch,117,116,601.1248779296875,1789615144.6370354
time/rollout/generate_one_epoch,118,117,596.8600463867188,1789615763.7868242
time/rollout/generate_one_epoch,119,118,604.2529907226562,1789616389.2328842
time/rollout/generate_one_epoch,120,119,603.9911499023438,1789617316.7676787
time/rollout/generate_one_epoch,121,120,623.9431762695312,1789617958.7373333
time/rollout/rollout/generate,1,0,647.6539916992188,1789537370.7546196
time/rollout/rollout/generate,2,1,597.6754760742188,1789537988.1694164
time/rollout/rollout/generate,3,2,578.8944091796875,1789538585.9914854
time/rollout/rollout/generate,4,3,617.0210571289062,1789539222.104367
time/rollout/rollout/generate,5,4,604.959228515625,1789540098.3014514
time/rollout/rollout/generate,6,5,584.5514526367188,1789540697.1603312
time/rollout/rollout/generate,7,6,578.5675048828125,1789541296.710939
time/rollout/rollout/generate,8,7,597.3316040039062,1789541912.4869568
time/rollout/rollout/generate,9,8,590.121826171875,1789542519.695244
time/rollout/rollout/generate,10,9,578.22900390625,1789543400.866969
time/rollout/rollout/generate,11,10,600.1127319335938,1789544015.3458662
time/rollout/rollout/generate,12,11,588.772705078125,1789544622.4568722
time/rollout/rollout/generate,13,12,594.2794799804688,1789545234.7390587
time/rollout/rollout/generate,14,13,576.0196533203125,1789545829.1925485
time/rollout/rollout/generate,15,14,589.0546875,1789546690.7844903
time/rollout/rollout/generate,16,15,579.4415283203125,1789547284.2075512
time/rollout/rollout/generate,17,16,591.1246948242188,1789547893.7008214
time/rollout/rollout/generate,18,17,581.3662109375,1789548492.1676176
time/rollout/rollout/generate,19,18,592.6791381835938,1789549104.0363116
time/rollout/rollout/generate,20,19,579.1681518554688,1789549984.6879997
time/rollout/rollout/generate,21,20,589.1439208984375,1789550587.8841376
time/rollout/rollout/generate,22,21,609.3834838867188,1789551215.980587
time/rollout/rollout/generate,23,22,598.2022094726562,1789551832.3180768
time/rollout/rollout/generate,24,23,580.2891235351562,1789552430.4449337
time/rollout/rollout/generate,25,24,618.11328125,1789553335.3211865
time/rollout/rollout/generate,26,25,615.9794921875,1789553965.970742
time/rollout/rollout/generate,27,26,619.001708984375,1789554602.7456822
time/rollout/rollout/generate,28,27,599.2802124023438,1789555219.6574888
time/rollout/rollout/generate,29,28,606.4990234375,1789555844.5645232
time/rollout/rollout/generate,30,29,618.6029663085938,1789556767.3368337
time/rollout/rollout/generate,31,30,601.4498291015625,1789557383.6016266
time/rollout/rollout/generate,32,31,649.8115844726562,1789558051.4289322
time/rollout/rollout/generate,33,32,612.3956909179688,1789558681.6496496
time/rollout/rollout/generate,34,33,581.473876953125,1789559281.6287625
time/rollout/rollout/generate,35,34,593.4920654296875,1789560144.4760115
time/rollout/rollout/generate,36,35,601.32080078125,1789560759.9123027
time/rollout/rollout/generate,37,36,593.6669311523438,1789561371.4034894
time/rollout/rollout/generate,38,37,617.926513671875,1789562006.9504948
time/rollout/rollout/generate,39,38,589.6087646484375,1789562614.216639
time/rollout/rollout/generate,40,39,574.4306640625,1789563500.93363
time/rollout/rollout/generate,41,40,593.672607421875,1789564108.5040307
time/rollout/rollout/generate,42,41,586.886962890625,1789564713.1753256
time/rollout/rollout/generate,43,42,591.3909301757812,1789565323.2103603
time/rollout/rollout/generate,44,43,609.8264770507812,1789565951.006306
time/rollout/rollout/generate,45,44,588.6426391601562,1789566814.030973
time/rollout/rollout/generate,46,45,591.1228637695312,1789567419.3408256
time/rollout/rollout/generate,47,46,577.6503295898438,1789568014.797534
time/rollout/rollout/generate,48,47,608.4176025390625,1789568641.7361798
time/rollout/rollout/generate,49,48,610.797607421875,1789569273.1069832
time/rollout/rollout/generate,50,49,610.2056884765625,1789570189.8574631
time/rollout/rollout/generate,51,50,613.52783203125,1789570818.3893113
time/rollout/rollout/generate,52,51,588.0919799804688,1789571425.1511147
time/rollout/rollout/generate,53,52,598.5208740234375,1789572041.4605665
time/rollout/rollout/generate,54,53,577.2981567382812,1789572636.6601286
time/rollout/rollout/generate,55,54,603.9345092773438,1789573517.0582452
time/rollout/rollout/generate,56,55,592.1696166992188,1789574124.0877626
time/rollout/rollout/generate,57,56,591.9793701171875,1789574734.901539
time/rollout/rollout/generate,58,57,598.8067016601562,1789575351.7535853
time/rollout/rollout/generate,59,58,597.2966918945312,1789575966.8078167
time/rollout/rollout/generate,60,59,619.4166259765625,1789576897.9925816
time/rollout/rollout/generate,61,60,584.039794921875,1789577495.9732487
time/rollout/rollout/generate,62,61,601.2703857421875,1789578115.376082
time/rollout/rollout/generate,63,62,621.1568603515625,1789578755.09956
time/rollout/rollout/generate,64,63,585.326416015625,1789579360.200622
time/rollout/rollout/generate,65,64,617.347412109375,1789580294.2195435
time/rollout/rollout/generate,66,65,610.0740966796875,1789580920.499958
time/rollout/rollout/generate,67,66,597.8385620117188,1789581536.9566493
time/rollout/rollout/generate,68,67,588.1484375,1789582143.1683495
time/rollout/rollout/generate,69,68,594.02001953125,1789582754.8734055
time/rollout/rollout/generate,70,69,568.8997192382812,1789583642.0349035
time/rollout/rollout/generate,71,70,622.846435546875,1789584278.9290154
time/rollout/rollout/generate,72,71,609.5802001953125,1789584906.5471802
time/rollout/rollout/generate,73,72,589.3216552734375,1789585514.552501
time/rollout/rollout/generate,74,73,582.5745239257812,1789586115.4023566
time/rollout/rollout/generate,75,74,581.641845703125,1789586988.6038513
time/rollout/rollout/generate,76,75,607.2059936523438,1789587609.956087
time/rollout/rollout/generate,77,76,608.679931640625,1789588236.830181
time/rollout/rollout/generate,78,77,603.3660888671875,1789588860.619824
time/rollout/rollout/generate,79,78,592.3036499023438,1789589473.1302311
time/rollout/rollout/generate,80,79,580.9818115234375,1789590358.7228525
time/rollout/rollout/generate,81,80,599.6480712890625,1789590972.5337408
time/rollout/rollout/generate,82,81,607.1767578125,1789591597.8855808
time/rollout/rollout/generate,83,82,584.0835571289062,1789592199.8220003
time/rollout/rollout/generate,84,83,598.5493774414062,1789592818.1457608
time/rollout/rollout/generate,85,84,600.9299926757812,1789593695.8565395
time/rollout/rollout/generate,86,85,614.4453735351562,1789594324.5740356
time/rollout/rollout/generate,87,86,594.096923828125,1789594936.4792323
time/rollout/rollout/generate,88,87,576.8878173828125,1789595531.92856
time/rollout/rollout/generate,89,88,612.2943115234375,1789596163.606502
time/rollout/rollout/generate,90,89,585.6370849609375,1789597068.7748544
time/rollout/rollout/generate,91,90,607.0003051757812,1789597690.580793
time/rollout/rollout/generate,92,91,608.9636840820312,1789598318.3547904
time/rollout/rollout/generate,93,92,582.8677368164062,1789598920.6064215
time/rollout/rollout/generate,94,93,642.0264282226562,1789599581.2742815
time/rollout/rollout/generate,95,94,589.9549560546875,1789600443.6660497
time/rollout/rollout/generate,96,95,589.0372314453125,1789601046.931884
time/rollout/rollout/generate,97,96,577.3124389648438,1789601642.5957448
time/rollout/rollout/generate,98,97,599.1010131835938,1789602260.230391
time/rollout/rollout/generate,99,98,580.2538452148438,1789602858.8771656
time/rollout/rollout/generate,100,99,586.3384399414062,1789603757.385539
time/rollout/rollout/generate,101,100,645.0686645507812,1789604416.543461
time/rollout/rollout/generate,102,101,582.4547119140625,1789605017.3493404
time/rollout/rollout/generate,103,102,591.9659423828125,1789605628.4434397
time/rollout/rollout/generate,104,103,610.6648559570312,1789606257.6871738
time/rollout/rollout/generate,105,104,620.3014526367188,1789607164.5746946
time/rollout/rollout/generate,106,105,604.5555419921875,1789607783.354474
time/rollout/rollout/generate,107,106,584.7579345703125,1789608388.1174943
time/rollout/rollout/generate,108,107,585.1409912109375,1789608993.6133404
time/rollout/rollout/generate,109,108,598.4313354492188,1789609610.094595
time/rollout/rollout/generate,110,109,589.653076171875,1789610521.1156275
time/rollout/rollout/generate,111,110,616.9722900390625,1789611152.2976527
time/rollout/rollout/generate,112,111,593.5224609375,1789611764.0930858
time/rollout/rollout/generate,113,112,598.8461303710938,1789612380.6676576
time/rollout/rollout/generate,114,113,584.49072265625,1789612983.3597062
time/rollout/rollout/generate,115,114,616.340087890625,1789613886.1611364
time/rollout/rollout/generate,116,115,620.7694702148438,1789614520.8893442
time/rollout/rollout/generate,117,116,605.9022827148438,1789615144.6370423
time/rollout/rollout/generate,118,117,600.9498291015625,1789615763.786831
time/rollout/rollout/generate,119,118,608.146728515625,1789616389.2328904
time/rollout/rollout/generate,120,119,608.05712890625,1789617316.7676861
time/rollout/rollout/generate,121,120,628.12353515625,1789617958.7373414
time/actor/actor/sync_model_to_rollout,1,0,7.962545871734619,1789537370.7546253
time/actor/actor/sync_model_to_rollout,2,1,2.6658449172973633,1789537988.1694224
time/actor/actor/sync_model_to_rollout,3,2,2.7244670391082764,1789538585.9914918
time/actor/actor/sync_model_to_rollout,4,3,2.42321515083313,1789539222.104373
time/actor/actor/sync_model_to_rollout,5,4,4.507257461547852,1789540098.3014774
time/actor/actor/sync_model_to_rollout,6,5,1.9460393190383911,1789540697.160339
time/actor/actor/sync_model_to_rollout,7,6,2.307609796524048,1789541296.7109458
time/actor/actor/sync_model_to_rollout,8,7,2.4176125526428223,1789541912.4869614
time/actor/actor/sync_model_to_rollout,9,8,2.163482904434204,1789542519.6952505
time/actor/actor/sync_model_to_rollout,10,9,4.797251224517822,1789543400.8669827
time/actor/actor/sync_model_to_rollout,11,10,1.7797883749008179,1789544015.3458726
time/actor/actor/sync_model_to_rollout,12,11,2.3228180408477783,1789544622.456882
time/actor/actor/sync_model_to_rollout,13,12,2.386209726333618,1789545234.7390656
time/actor/actor/sync_model_to_rollout,14,13,2.3469760417938232,1789545829.1925545
time/actor/actor/sync_model_to_rollout,15,14,4.613174915313721,1789546690.7845125
time/actor/actor/sync_model_to_rollout,16,15,1.7902504205703735,1789547284.2075603
time/actor/actor/sync_model_to_rollout,17,16,2.3961234092712402,1789547893.7008274
time/actor/actor/sync_model_to_rollout,18,17,2.2702314853668213,1789548492.1676252
time/actor/actor/sync_model_to_rollout,19,18,2.291771173477173,1789549104.0363176
time/actor/actor/sync_model_to_rollout,20,19,4.804213047027588,1789549984.6880085
time/actor/actor/sync_model_to_rollout,21,20,1.692163348197937,1789550587.8841438
time/actor/actor/sync_model_to_rollout,22,21,2.4139461517333984,1789551215.9805932
time/actor/actor/sync_model_to_rollout,23,22,2.3311774730682373,1789551832.3180828
time/actor/actor/sync_model_to_rollout,24,23,2.277158737182617,1789552430.4449406
time/actor/actor/sync_model_to_rollout,25,24,4.730276584625244,1789553335.3212075
time/actor/actor/sync_model_to_rollout,26,25,1.901232361793518,1789553965.9707513
time/actor/actor/sync_model_to_rollout,27,26,2.4180238246917725,1789554602.745688
time/actor/actor/sync_model_to_rollout,28,27,2.3380088806152344,1789555219.6574962
time/actor/actor/sync_model_to_rollout,29,28,2.1256210803985596,1789555844.5645304
time/actor/actor/sync_model_to_rollout,30,29,4.655092716217041,1789556767.3368495
time/actor/actor/sync_model_to_rollout,31,30,1.7590135335922241,1789557383.601633
time/actor/actor/sync_model_to_rollout,32,31,2.421962022781372,1789558051.4289377
time/actor/actor/sync_model_to_rollout,33,32,2.2951595783233643,1789558681.6496558
time/actor/actor/sync_model_to_rollout,34,33,2.3209125995635986,1789559281.6287687
time/actor/actor/sync_model_to_rollout,35,34,4.578592300415039,1789560144.476024
time/actor/actor/sync_model_to_rollout,36,35,1.8269047737121582,1789560759.912323
time/actor/actor/sync_model_to_rollout,37,36,2.378735303878784,1789561371.403495
time/actor/actor/sync_model_to_rollout,38,37,2.3106813430786133,1789562006.9505017
time/actor/actor/sync_model_to_rollout,39,38,2.291688919067383,1789562614.2166462
time/actor/actor/sync_model_to_rollout,40,39,4.637511253356934,1789563500.9336417
time/actor/actor/sync_model_to_rollout,41,40,1.7001125812530518,1789564108.5040374
time/actor/actor/sync_model_to_rollout,42,41,2.2019572257995605,1789564713.1753318
time/actor/actor/sync_model_to_rollout,43,42,2.2789061069488525,1789565323.2103665
time/actor/actor/sync_model_to_rollout,44,43,2.3967466354370117,1789565951.0063124
time/actor/actor/sync_model_to_rollout,45,44,5.0073370933532715,1789566814.0309842
time/actor/actor/sync_model_to_rollout,46,45,1.903875708580017,1789567419.340833
time/actor/actor/sync_model_to_rollout,47,46,2.350558280944824,1789568014.7975416
time/actor/actor/sync_model_to_rollout,48,47,2.3756582736968994,1789568641.7361894
time/actor/actor/sync_model_to_rollout,49,48,2.4298837184906006,1789569273.1069894
time/actor/actor/sync_model_to_rollout,50,49,4.930721759796143,1789570189.8574789
time/actor/actor/sync_model_to_rollout,51,50,1.992659330368042,1789570818.389319
time/actor/actor/sync_model_to_rollout,52,51,2.349151134490967,1789571425.1511376
time/actor/actor/sync_model_to_rollout,53,52,2.139087677001953,1789572041.4605742
time/actor/actor/sync_model_to_rollout,54,53,2.2900407314300537,1789572636.6601346
time/actor/actor/sync_model_to_rollout,55,54,4.407373905181885,1789573517.0582817
time/actor/actor/sync_model_to_rollout,56,55,1.8642754554748535,1789574124.0877688
time/actor/actor/sync_model_to_rollout,57,56,2.5684726238250732,1789574734.9015455
time/actor/actor/sync_model_to_rollout,58,57,2.4000048637390137,1789575351.7535918
time/actor/actor/sync_model_to_rollout,59,58,2.2552103996276855,1789575966.8078246
time/actor/actor/sync_model_to_rollout,60,59,4.490180015563965,1789576897.992594
time/actor/actor/sync_model_to_rollout,61,60,1.6669785976409912,1789577495.9732547
time/actor/actor/sync_model_to_rollout,62,61,2.248241424560547,1789578115.3760924
time/actor/actor/sync_model_to_rollout,63,62,2.2231132984161377,1789578755.0995677
time/actor/actor/sync_model_to_rollout,64,63,2.535435199737549,1789579360.2006302
time/actor/actor/sync_model_to_rollout,65,64,5.360630989074707,1789580294.2195551
time/actor/actor/sync_model_to_rollout,66,65,1.9472607374191284,1789580920.499965
time/actor/actor/sync_model_to_rollout,67,66,2.810079574584961,1789581536.956663
time/actor/actor/sync_model_to_rollout,68,67,2.3109934329986572,1789582143.1683562
time/actor/actor/sync_model_to_rollout,69,68,2.180536985397339,1789582754.8734114
time/actor/actor/sync_model_to_rollout,70,69,4.441490650177002,1789583642.0349216
time/actor/actor/sync_model_to_rollout,71,70,1.6837923526763916,1789584278.9290233
time/actor/actor/sync_model_to_rollout,72,71,2.359407663345337,1789584906.5471864
time/actor/actor/sync_model_to_rollout,73,72,2.1834781169891357,1789585514.5525067
time/actor/actor/sync_model_to_rollout,74,73,2.410881519317627,1789586115.4023645
time/actor/actor/sync_model_to_rollout,75,74,5.103274345397949,1789586988.603863
time/actor/actor/sync_model_to_rollout,76,75,1.8520045280456543,1789587609.9560928
time/actor/actor/sync_model_to_rollout,77,76,2.1345467567443848,1789588236.8301866
time/actor/actor/sync_model_to_rollout,78,77,2.257978677749634,1789588860.6198304
time/actor/actor/sync_model_to_rollout,79,78,2.8192665576934814,1789589473.130237
time/actor/actor/sync_model_to_rollout,80,79,4.454821586608887,1789590358.7228653
time/actor/actor/sync_model_to_rollout,81,80,1.644118070602417,1789590972.5337467
time/actor/actor/sync_model_to_rollout,82,81,2.3148512840270996,1789591597.8855872
time/actor/actor/sync_model_to_rollout,83,82,2.2810416221618652,1789592199.8220067
time/actor/actor/sync_model_to_rollout,84,83,2.1373658180236816,1789592818.1457675
time/actor/actor/sync_model_to_rollout,85,84,5.1188483238220215,1789593695.856556
time/actor/actor/sync_model_to_rollout,86,85,1.9009127616882324,1789594324.5740423
time/actor/actor/sync_model_to_rollout,87,86,2.293346881866455,1789594936.4792392
time/actor/actor/sync_model_to_rollout,88,87,2.2725865840911865,1789595531.9285662
time/actor/actor/sync_model_to_rollout,89,88,2.2709367275238037,1789596163.6065083
time/actor/actor/sync_model_to_rollout,90,89,5.234489440917969,1789597068.77487
time/actor/actor/sync_model_to_rollout,91,90,2.0446505546569824,1789597690.5807989
time/actor/actor/sync_model_to_rollout,92,91,2.1814796924591064,1789598318.3547962
time/actor/actor/sync_model_to_rollout,93,92,2.3583686351776123,1789598920.606428
time/actor/actor/sync_model_to_rollout,94,93,2.3726701736450195,1789599581.274288
time/actor/actor/sync_model_to_rollout,95,94,4.363400459289551,1789600443.6660619
time/actor/actor/sync_model_to_rollout,96,95,1.9788497686386108,1789601046.9318905
time/actor/actor/sync_model_to_rollout,97,96,2.357783079147339,1789601642.5957508
time/actor/actor/sync_model_to_rollout,98,97,2.2038731575012207,1789602260.2303972
time/actor/actor/sync_model_to_rollout,99,98,2.3357620239257812,1789602858.8771715
time/actor/actor/sync_model_to_rollout,100,99,4.27480936050415,1789603757.3855507
time/actor/actor/sync_model_to_rollout,101,100,1.6714249849319458,1789604416.543468
time/actor/actor/sync_model_to_rollout,102,101,2.3069088459014893,1789605017.349348
time/actor/actor/sync_model_to_rollout,103,102,2.2490170001983643,1789605628.4434457
time/actor/actor/sync_model_to_rollout,104,103,2.1087639331817627,1789606257.6871798
time/actor/actor/sync_model_to_rollout,105,104,4.922393321990967,1789607164.5747075
time/actor/actor/sync_model_to_rollout,106,105,1.9381393194198608,1789607783.3544798
time/actor/actor/sync_model_to_rollout,107,106,2.500736951828003,1789608388.117502
time/actor/actor/sync_model_to_rollout,108,107,3.037968873977661,1789608993.6133468
time/actor/actor/sync_model_to_rollout,109,108,2.1745145320892334,1789609610.0946007
time/actor/actor/sync_model_to_rollout,110,109,4.803281307220459,1789610521.1156392
time/actor/actor/sync_model_to_rollout,111,110,1.9419931173324585,1789611152.2976592
time/actor/actor/sync_model_to_rollout,112,111,2.329450845718384,1789611764.0930915
time/actor/actor/sync_model_to_rollout,113,112,2.166480779647827,1789612380.667664
time/actor/actor/sync_model_to_rollout,114,113,2.1711151599884033,1789612983.359711
time/actor/actor/sync_model_to_rollout,115,114,4.30623197555542,1789613886.1611476
time/actor/actor/sync_model_to_rollout,116,115,1.717950701713562,1789614520.8893497
time/actor/actor/sync_model_to_rollout,117,116,2.218053102493286,1789615144.6370482
time/actor/actor/sync_model_to_rollout,118,117,2.253859519958496,1789615763.786837
time/actor/actor/sync_model_to_rollout,119,118,2.1707868576049805,1789616389.2328966
time/actor/actor/sync_model_to_rollout,120,119,4.420468807220459,1789617316.7676988
time/actor/actor/sync_model_to_rollout,121,120,1.729875922203064,1789617958.7373483
time/actor/actor/recv_traj,1,0,644.7709350585938,1789537370.7546296
time/actor/actor/recv_traj,2,1,593.771240234375,1789537988.1694279
time/actor/actor/recv_traj,3,2,576.4583740234375,1789538585.9915004
time/actor/actor/recv_traj,4,3,614.7783813476562,1789539222.1043787
time/actor/actor/recv_traj,5,4,602.6976928710938,1789540098.3014898
time/actor/actor/recv_traj,6,5,581.9951782226562,1789540697.1603463
time/actor/actor/recv_traj,7,6,574.5096435546875,1789541296.7109523
time/actor/actor/recv_traj,8,7,595.1145629882812,1789541912.4869661
time/actor/actor/recv_traj,9,8,587.7294921875,1789542519.695257
time/actor/actor/recv_traj,10,9,575.5111694335938,1789543400.8669896
time/actor/actor/recv_traj,11,10,598.0908203125,1789544015.3458786
time/actor/actor/recv_traj,12,11,585.318359375,1789544622.4568913
time/actor/actor/recv_traj,13,12,591.74462890625,1789545234.7390728
time/actor/actor/recv_traj,14,13,573.5978393554688,1789545829.1925604
time/actor/actor/recv_traj,15,14,586.9891967773438,1789546690.7845235
time/actor/actor/recv_traj,16,15,577.0407104492188,1789547284.207569
time/actor/actor/recv_traj,17,16,588.6270141601562,1789547893.7008336
time/actor/actor/recv_traj,18,17,578.9547119140625,1789548492.1676316
time/actor/actor/recv_traj,19,18,589.5507202148438,1789549104.0363243
time/actor/actor/recv_traj,20,19,576.8839111328125,1789549984.6880126
time/actor/actor/recv_traj,21,20,586.7088623046875,1789550587.8841496
time/actor/actor/recv_traj,22,21,607.2178955078125,1789551215.9805999
time/actor/actor/recv_traj,23,22,596.048828125,1789551832.318089
time/actor/actor/recv_traj,24,23,577.906005859375,1789552430.4449472
time/actor/actor/recv_traj,25,24,615.3350830078125,1789553335.3212178
time/actor/actor/recv_traj,26,25,612.8323364257812,1789553965.97076
time/actor/actor/recv_traj,27,26,616.6141967773438,1789554602.7456937
time/actor/actor/recv_traj,28,27,596.862060546875,1789555219.657503
time/actor/actor/recv_traj,29,28,604.1046752929688,1789555844.5645366
time/actor/actor/recv_traj,30,29,615.2144165039062,1789556767.336857
time/actor/actor/recv_traj,31,30,597.5745849609375,1789557383.6016388
time/actor/actor/recv_traj,32,31,647.49267578125,1789558051.4289434
time/actor/actor/recv_traj,33,32,610.109619140625,1789558681.6496615
time/actor/actor/recv_traj,34,33,579.144775390625,1789559281.6287746
time/actor/actor/recv_traj,35,34,591.1615600585938,1789560144.47603
time/actor/actor/recv_traj,36,35,599.0057373046875,1789560759.912343
time/actor/actor/recv_traj,37,36,591.3501586914062,1789561371.403501
time/actor/actor/recv_traj,38,37,615.5107421875,1789562006.950508
time/actor/actor/recv_traj,39,38,587.2984619140625,1789562614.2166529
time/actor/actor/recv_traj,40,39,572.0396118164062,1789563500.9336476
time/actor/actor/recv_traj,41,40,591.5816040039062,1789564108.504044
time/actor/actor/recv_traj,42,41,584.83642578125,1789564713.1753378
time/actor/actor/recv_traj,43,42,588.8988647460938,1789565323.2103727
time/actor/actor/recv_traj,44,43,606.856201171875,1789565951.0063183
time/actor/actor/recv_traj,45,44,584.7199096679688,1789566814.0309894
time/actor/actor/recv_traj,46,45,588.87158203125,1789567419.3408394
time/actor/actor/recv_traj,47,46,575.3568115234375,1789568014.7975485
time/actor/actor/recv_traj,48,47,606.1604614257812,1789568641.7361987
time/actor/actor/recv_traj,49,48,607.0470581054688,1789569273.106996
time/actor/actor/recv_traj,50,49,608.2276611328125,1789570189.857487
time/actor/actor/recv_traj,51,50,611.1832275390625,1789570818.3893254
time/actor/actor/recv_traj,52,51,585.3670654296875,1789571425.1511586
time/actor/actor/recv_traj,53,52,596.4326171875,1789572041.4605803
time/actor/actor/recv_traj,54,53,575.0376586914062,1789572636.6601403
time/actor/actor/recv_traj,55,54,600.593994140625,1789573517.0583
time/actor/actor/recv_traj,56,55,589.9464111328125,1789574124.0877745
time/actor/actor/recv_traj,57,56,588.6178588867188,1789574734.901552
time/actor/actor/recv_traj,58,57,596.9840087890625,1789575351.753598
time/actor/actor/recv_traj,59,58,594.00244140625,1789575966.8078318
time/actor/actor/recv_traj,60,59,617.2855224609375,1789576897.9926002
time/actor/actor/recv_traj,61,60,582.0448608398438,1789577495.973261
time/actor/actor/recv_traj,62,61,599.00146484375,1789578115.3761032
time/actor/actor/recv_traj,63,62,617.438232421875,1789578755.099575
time/actor/actor/recv_traj,64,63,581.4385375976562,1789579360.200637
time/actor/actor/recv_traj,65,64,615.0343627929688,1789580294.2195609
time/actor/actor/recv_traj,66,65,606.3690185546875,1789580920.499971
time/actor/actor/recv_traj,67,66,595.5938110351562,1789581536.9566772
time/actor/actor/recv_traj,68,67,584.9324340820312,1789582143.1683624
time/actor/actor/recv_traj,69,68,592.1487426757812,1789582754.8734176
time/actor/actor/recv_traj,70,69,565.7820434570312,1789583642.0349307
time/actor/actor/recv_traj,71,70,620.9650268554688,1789584278.929031
time/actor/actor/recv_traj,72,71,607.3231811523438,1789584906.5471947
time/actor/actor/recv_traj,73,72,586.9475708007812,1789585514.5525136
time/actor/actor/recv_traj,74,73,580.4378662109375,1789586115.4023712
time/actor/actor/recv_traj,75,74,579.80126953125,1789586988.6038685
time/actor/actor/recv_traj,76,75,605.0800170898438,1789587609.956099
time/actor/actor/recv_traj,77,76,606.4562377929688,1789588236.8301928
time/actor/actor/recv_traj,78,77,599.6859130859375,1789588860.6198366
time/actor/actor/recv_traj,79,78,588.61669921875,1789589473.1302433
time/actor/actor/recv_traj,80,79,578.630126953125,1789590358.7228718
time/actor/actor/recv_traj,81,80,597.6050415039062,1789590972.533753
time/actor/actor/recv_traj,82,81,605.2460327148438,1789591597.885594
time/actor/actor/recv_traj,83,82,582.1380615234375,1789592199.8220127
time/actor/actor/recv_traj,84,83,595.8389282226562,1789592818.1457734
time/actor/actor/recv_traj,85,84,597.9764404296875,1789593695.856564
time/actor/actor/recv_traj,86,85,612.66015625,1789594324.574049
time/actor/actor/recv_traj,87,86,590.8377685546875,1789594936.4792461
time/actor/actor/recv_traj,88,87,574.4031982421875,1789595531.9285722
time/actor/actor/recv_traj,89,88,609.854736328125,1789596163.6065142
time/actor/actor/recv_traj,90,89,583.3511352539062,1789597068.774878
time/actor/actor/recv_traj,91,90,605.179931640625,1789597690.580805
time/actor/actor/recv_traj,92,91,605.96728515625,1789598318.3548021
time/actor/actor/recv_traj,93,92,580.6615600585938,1789598920.6064343
time/actor/actor/recv_traj,94,93,639.9743041992188,1789599581.274295
time/actor/actor/recv_traj,95,94,588.051025390625,1789600443.6660676
time/actor/actor/recv_traj,96,95,586.2527465820312,1789601046.9318962
time/actor/actor/recv_traj,97,96,573.682861328125,1789601642.5957572
time/actor/actor/recv_traj,98,97,596.0633544921875,1789602260.2304027
time/actor/actor/recv_traj,99,98,577.0429077148438,1789602858.877177
time/actor/actor/recv_traj,100,99,583.3671875,1789603757.3855567
time/actor/actor/recv_traj,101,100,643.3761596679688,1789604416.5434754
time/actor/actor/recv_traj,102,101,580.3175048828125,1789605017.3493545
time/actor/actor/recv_traj,103,102,589.9952392578125,1789605628.4434516
time/actor/actor/recv_traj,104,103,608.7337036132812,1789606257.6871858
time/actor/actor/recv_traj,105,104,616.66943359375,1789607164.574714
time/actor/actor/recv_traj,106,105,601.8095092773438,1789607783.3544862
time/actor/actor/recv_traj,107,106,582.7103271484375,1789608388.1175091
time/actor/actor/recv_traj,108,107,583.4646606445312,1789608993.6133533
time/actor/actor/recv_traj,109,108,595.8141479492188,1789609610.0946069
time/actor/actor/recv_traj,110,109,585.9130859375,1789610521.1156492
time/actor/actor/recv_traj,111,110,614.8939208984375,1789611152.2976654
time/actor/actor/recv_traj,112,111,591.6535034179688,1789611764.093098
time/actor/actor/recv_traj,113,112,596.9296264648438,1789612380.66767
time/actor/actor/recv_traj,114,113,582.4022827148438,1789612983.3597157
time/actor/actor/recv_traj,115,114,614.3775634765625,1789613886.1611536
time/actor/actor/recv_traj,116,115,618.597900390625,1789614520.8893545
time/actor/actor/recv_traj,117,116,603.6246948242188,1789615144.6370544
time/actor/actor/recv_traj,118,117,599.6571044921875,1789615763.786843
time/actor/actor/recv_traj,119,118,606.6627807617188,1789616389.232903
time/actor/actor/recv_traj,120,119,606.4523315429688,1789617316.7677045
time/actor/actor/recv_traj,121,120,626.4183959960938,1789617958.7373548
time/actor/actor/compute_adv,1,0,0.03360440209507942,1789537370.7546344
time/actor/actor/compute_adv,2,1,0.005530769936740398,1789537988.1694336
time/actor/actor/compute_adv,3,2,0.007748136762529612,1789538585.9915073
time/actor/actor/compute_adv,4,3,0.0061051081866025925,1789539222.1043844
time/actor/actor/compute_adv,5,4,0.005793806165456772,1789540098.3015022
time/actor/actor/compute_adv,6,5,0.006477828603237867,1789540697.1603541
time/actor/actor/compute_adv,7,6,0.008141741156578064,1789541296.710958
time/actor/actor/compute_adv,8,7,0.008090434595942497,1789541912.486971
time/actor/actor/compute_adv,9,8,0.0065789311192929745,1789542519.6952624
time/actor/actor/compute_adv,10,9,0.005564169958233833,1789543400.8669963
time/actor/actor/compute_adv,11,10,0.0058694398030638695,1789544015.345884
time/actor/actor/compute_adv,12,11,0.005611348897218704,1789544622.4569006
time/actor/actor/compute_adv,13,12,0.00683393282815814,1789545234.7390792
time/actor/actor/compute_adv,14,13,0.006214752793312073,1789545829.192566
time/actor/actor/compute_adv,15,14,0.006728359963744879,1789546690.784534
time/actor/actor/compute_adv,16,15,0.007041579578071833,1789547284.207578
time/actor/actor/compute_adv,17,16,0.005789266899228096,1789547893.70084
time/actor/actor/compute_adv,18,17,0.005886353086680174,1789548492.1676376
time/actor/actor/compute_adv,19,18,0.005606008693575859,1789549104.03633
time/actor/actor/compute_adv,20,19,0.006802750285714865,1789549984.6880171
time/actor/actor/compute_adv,21,20,0.006040265783667564,1789550587.884155
time/actor/actor/compute_adv,22,21,0.006482285913079977,1789551215.9806066
time/actor/actor/compute_adv,23,22,0.0046340301632881165,1789551832.3180952
time/actor/actor/compute_adv,24,23,0.007273850031197071,1789552430.4449537
time/actor/actor/compute_adv,25,24,0.008240261115133762,1789553335.321228
time/actor/actor/compute_adv,26,25,0.00735825439915061,1789553965.9707692
time/actor/actor/compute_adv,27,26,0.006754057016223669,1789554602.7457
time/actor/actor/compute_adv,28,27,0.008416405878961086,1789555219.6575093
time/actor/actor/compute_adv,29,28,0.007178121246397495,1789555844.5645425
time/actor/actor/compute_adv,30,29,0.008881530724465847,1789556767.3368647
time/actor/actor/compute_adv,31,30,0.006478689145296812,1789557383.601645
time/actor/actor/compute_adv,32,31,0.007652803789824247,1789558051.4289494
time/actor/actor/compute_adv,33,32,0.006611635908484459,1789558681.6496673
time/actor/actor/compute_adv,34,33,0.007768498733639717,1789559281.6287801
time/actor/actor/compute_adv,35,34,0.006907098926603794,1789560144.476036
time/actor/actor/compute_adv,36,35,0.008324913680553436,1789560759.9123645
time/actor/actor/compute_adv,37,36,0.007671277038753033,1789561371.4035068
time/actor/actor/compute_adv,38,37,0.004154097754508257,1789562006.9505138
time/actor/actor/compute_adv,39,38,0.00710011413320899,1789562614.2166586
time/actor/actor/compute_adv,40,39,0.006731330882757902,1789563500.9336529
time/actor/actor/compute_adv,41,40,0.007221917621791363,1789564108.5040503
time/actor/actor/compute_adv,42,41,0.006261103320866823,1789564713.1753442
time/actor/actor/compute_adv,43,42,0.006015923339873552,1789565323.2103784
time/actor/actor/compute_adv,44,43,0.0069788191467523575,1789565951.0063248
time/actor/actor/compute_adv,45,44,0.007175336126238108,1789566814.0309947
time/actor/actor/compute_adv,46,45,0.004941476974636316,1789567419.340846
time/actor/actor/compute_adv,47,46,0.004617008846253157,1789568014.7975554
time/actor/actor/compute_adv,48,47,0.007010770030319691,1789568641.7362077
time/actor/actor/compute_adv,49,48,0.008376635611057281,1789569273.107002
time/actor/actor/compute_adv,50,49,0.006132103968411684,1789570189.8574948
time/actor/actor/compute_adv,51,50,0.007019168697297573,1789570818.389331
time/actor/actor/compute_adv,52,51,0.007952573709189892,1789571425.1511793
time/actor/actor/compute_adv,53,52,0.005692371167242527,1789572041.4605873
time/actor/actor/compute_adv,54,53,0.0046940939500927925,1789572636.6601465
time/actor/actor/compute_adv,55,54,0.008067567832767963,1789573517.0583196
time/actor/actor/compute_adv,56,55,0.006131230853497982,1789574124.0877807
time/actor/actor/compute_adv,57,56,0.0065995375625789165,1789574734.901558
time/actor/actor/compute_adv,58,57,0.006587594281882048,1789575351.7536044
time/actor/actor/compute_adv,59,58,0.004773919936269522,1789575966.8078387
time/actor/actor/compute_adv,60,59,0.008034246042370796,1789576897.992606
time/actor/actor/compute_adv,61,60,0.006424485240131617,1789577495.9732673
time/actor/actor/compute_adv,62,61,0.007386443205177784,1789578115.3761132
time/actor/actor/compute_adv,63,62,0.005631092004477978,1789578755.0995824
time/actor/actor/compute_adv,64,63,0.007482372224330902,1789579360.2006443
time/actor/actor/compute_adv,65,64,0.0053177778609097,1789580294.2195668
time/actor/actor/compute_adv,66,65,0.008333299309015274,1789580920.4999766
time/actor/actor/compute_adv,67,66,0.010268889367580414,1789581536.9566898
time/actor/actor/compute_adv,68,67,0.007376641035079956,1789582143.1683686
time/actor/actor/compute_adv,69,68,0.006131877191364765,1789582754.8734236
time/actor/actor/compute_adv,70,69,0.007269714958965778,1789583642.0349393
time/actor/actor/compute_adv,71,70,0.009661354124546051,1789584278.9290388
time/actor/actor/compute_adv,72,71,0.007406365592032671,1789584906.5472007
time/actor/actor/compute_adv,73,72,0.00589812733232975,1789585514.552519
time/actor/actor/compute_adv,74,73,0.006451040040701628,1789586115.4023774
time/actor/actor/compute_adv,75,74,0.005329356994479895,1789586988.6038737
time/actor/actor/compute_adv,76,75,0.007226251065731049,1789587609.9561048
time/actor/actor/compute_adv,77,76,0.006824664305895567,1789588236.8301985
time/actor/actor/compute_adv,78,77,0.008184941485524178,1789588860.6198428
time/actor/actor/compute_adv,79,78,0.008654032833874226,1789589473.1302495
time/actor/actor/compute_adv,80,79,0.006116940174251795,1789590358.7228785
time/actor/actor/compute_adv,81,80,0.006070699077099562,1789590972.5337584
time/actor/actor/compute_adv,82,81,0.006584697403013706,1789591597.8856
time/actor/actor/compute_adv,83,82,0.008562767878174782,1789592199.8220186
time/actor/actor/compute_adv,84,83,0.006143823266029358,1789592818.14578
time/actor/actor/compute_adv,85,84,0.006981436163187027,1789593695.8565717
time/actor/actor/compute_adv,86,85,0.005680764093995094,1789594324.574056
time/actor/actor/compute_adv,87,86,0.00682865409180522,1789594936.4792528
time/actor/actor/compute_adv,88,87,0.011613016948103905,1789595531.9285784
time/actor/actor/compute_adv,89,88,0.00866616889834404,1789596163.6065195
time/actor/actor/compute_adv,90,89,0.0060101659037172794,1789597068.7748866
time/actor/actor/compute_adv,91,90,0.008606795221567154,1789597690.5808113
time/actor/actor/compute_adv,92,91,0.008338349871337414,1789598318.354808
time/actor/actor/compute_adv,93,92,0.006505686789751053,1789598920.6064405
time/actor/actor/compute_adv,94,93,0.01082140114158392,1789599581.2743013
time/actor/actor/compute_adv,95,94,0.0074453637935221195,1789600443.666073
time/actor/actor/compute_adv,96,95,0.00911469105631113,1789601046.9319024
time/actor/actor/compute_adv,97,96,0.005431125871837139,1789601642.5957632
time/actor/actor/compute_adv,98,97,0.006409202236682177,1789602260.2304084
time/actor/actor/compute_adv,99,98,0.00731699401512742,1789602858.877183
time/actor/actor/compute_adv,100,99,0.007997823879122734,1789603757.3855624
time/actor/actor/compute_adv,101,100,0.012269174680113792,1789604416.5434818
time/actor/actor/compute_adv,102,101,0.0052909511141479015,1789605017.3493607
time/actor/actor/compute_adv,103,102,0.00604074215516448,1789605628.4434574
time/actor/actor/compute_adv,104,103,0.006344344932585955,1789606257.687191
time/actor/actor/compute_adv,105,104,0.010765071026980877,1789607164.57472
time/actor/actor/compute_adv,106,105,0.0052065979689359665,1789607783.3544922
time/actor/actor/compute_adv,107,106,0.010758435353636742,1789608388.117516
time/actor/actor/compute_adv,108,107,0.006985101383179426,1789608993.6133597
time/actor/actor/compute_adv,109,108,0.005068824160844088,1789609610.0946128
time/actor/actor/compute_adv,110,109,0.007485158741474152,1789610521.115656
time/actor/actor/compute_adv,111,110,0.00754063855856657,1789611152.2976713
time/actor/actor/compute_adv,112,111,0.0070992643013596535,1789611764.0931036
time/actor/actor/compute_adv,113,112,0.008076043799519539,1789612380.6676764
time/actor/actor/compute_adv,114,113,0.007301602978259325,1789612983.35972
time/actor/actor/compute_adv,115,114,0.005976229906082153,1789613886.1611598
time/actor/actor/compute_adv,116,115,0.007088801357895136,1789614520.8893595
time/actor/actor/compute_adv,117,116,0.006166130769997835,1789615144.6370606
time/actor/actor/compute_adv,118,117,0.008726513013243675,1789615763.7868493
time/actor/actor/compute_adv,119,118,0.006397053599357605,1789616389.2329087
time/actor/actor/compute_adv,120,119,0.0077883522026240826,1789617316.767711
time/actor/actor/compute_adv,121,120,0.008989052847027779,1789617958.737361
time/actor/run_training,1,0,14.04870319366455,1789537370.7546394
time/actor/run_training,2,1,12.902865409851074,1789537988.1694398
time/actor/run_training,3,2,12.952311515808105,1789538585.9915135
time/actor/run_training,4,3,12.350189208984375,1789539222.1043901
time/actor/run_training,5,4,12.248332023620605,1789540098.3015156
time/actor/run_training,6,5,12.281322479248047,1789540697.160361
time/actor/run_training,7,6,14.737601280212402,1789541296.710964
time/actor/run_training,8,7,12.220345497131348,1789541912.4869752
time/actor/run_training,9,8,12.132115364074707,1789542519.6952684
time/actor/run_training,10,9,13.004755973815918,1789543400.8670034
time/actor/run_training,11,10,12.496502876281738,1789544015.3458898
time/actor/run_training,12,11,13.322196960449219,1789544622.4569101
time/actor/run_training,13,12,12.355948448181152,1789545234.7390857
time/actor/run_training,14,13,12.275547981262207,1789545829.1925719
time/actor/run_training,15,14,12.414457321166992,1789546690.7845447
time/actor/run_training,16,15,12.111475944519043,1789547284.2075865
time/actor/run_training,17,16,12.012575149536133,1789547893.7008462
time/actor/run_training,18,17,12.177894592285156,1789548492.1676433
time/actor/run_training,19,18,12.778460502624512,1789549104.036336
time/actor/run_training,20,19,12.419082641601562,1789549984.6880214
time/actor/run_training,21,20,12.25972843170166,1789550587.8841608
time/actor/run_training,22,21,12.312698364257812,1789551215.9806125
time/actor/run_training,23,22,12.309564590454102,1789551832.318101
time/actor/run_training,24,23,12.472393035888672,1789552430.44496
time/actor/run_training,25,24,12.357056617736816,1789553335.3212383
time/actor/run_training,26,25,12.68962287902832,1789553965.9707775
time/actor/run_training,27,26,12.614784240722656,1789554602.745706
time/actor/run_training,28,27,12.093947410583496,1789555219.657516
time/actor/run_training,29,28,12.308004379272461,1789555844.5645483
time/actor/run_training,30,29,12.84933853149414,1789556767.3368719
time/actor/run_training,31,30,12.98019790649414,1789557383.601651
time/actor/run_training,32,31,12.255731582641602,1789558051.428955
time/actor/run_training,33,32,12.407819747924805,1789558681.649673
time/actor/run_training,34,33,12.297812461853027,1789559281.6287858
time/actor/run_training,35,34,12.68773078918457,1789560144.476042
time/actor/run_training,36,35,12.208542823791504,1789560759.9123843
time/actor/run_training,37,36,12.164185523986816,1789561371.4035122
time/actor/run_training,38,37,12.366426467895508,1789562006.9505196
time/actor/run_training,39,38,12.268869400024414,1789562614.2166646
time/actor/run_training,40,39,12.17612361907959,1789563500.9336588
time/actor/run_training,41,40,12.121209144592285,1789564108.5040562
time/actor/run_training,42,41,12.229471206665039,1789564713.1753502
time/actor/run_training,43,42,12.559849739074707,1789565323.2103846
time/actor/run_training,44,43,12.394758224487305,1789565951.006331
time/actor/run_training,45,44,14.810236930847168,1789566814.0310001
time/actor/run_training,46,45,12.204206466674805,1789567419.3408523
time/actor/run_training,47,46,12.610607147216797,1789568014.797562
time/actor/run_training,48,47,12.30517864227295,1789568641.7362163
time/actor/run_training,49,48,15.124921798706055,1789569273.1070082
time/actor/run_training,50,49,12.11400032043457,1789570189.8575025
time/actor/run_training,51,50,12.873222351074219,1789570818.3893375
time/actor/run_training,52,51,12.64063835144043,1789571425.1511998
time/actor/run_training,53,52,12.085253715515137,1789572041.4605937
time/actor/run_training,54,53,12.119497299194336,1789572636.6601524
time/actor/run_training,55,54,12.86791706085205,1789573517.0583367
time/actor/run_training,56,55,12.915461540222168,1789574124.0877864
time/actor/run_training,57,56,12.966033935546875,1789574734.9015644
time/actor/run_training,58,57,12.494026184082031,1789575351.7536101
time/actor/run_training,59,58,12.432567596435547,1789575966.8078454
time/actor/run_training,60,59,12.336753845214844,1789576897.9926116
time/actor/run_training,61,60,12.171571731567383,1789577495.9732726
time/actor/run_training,62,61,12.294010162353516,1789578115.376123
time/actor/run_training,63,62,12.774073600769043,1789578755.0995893
time/actor/run_training,64,63,14.025930404663086,1789579360.2006552
time/actor/run_training,65,64,12.150147438049316,1789580294.219573
time/actor/run_training,66,65,14.162776947021484,1789580920.4999826
time/actor/run_training,67,66,12.205265998840332,1789581536.9567018
time/actor/run_training,68,67,12.244813919067383,1789582143.1683743
time/actor/run_training,69,68,12.061456680297852,1789582754.8734293
time/actor/run_training,70,69,12.718208312988281,1789583642.034948
time/actor/run_training,71,70,12.290075302124023,1789584278.9290462
time/actor/run_training,72,71,12.15293025970459,1789584906.547207
time/actor/run_training,73,72,12.835585594177246,1789585514.5525258
time/actor/run_training,74,73,12.398722648620605,1789586115.4023848
time/actor/run_training,75,74,12.947845458984375,1789586988.6038792
time/actor/run_training,76,75,12.22670841217041,1789587609.9561105
time/actor/run_training,77,76,12.596118927001953,1789588236.8302042
time/actor/run_training,78,77,14.364998817443848,1789588860.619849
time/actor/run_training,79,78,12.805031776428223,1789589473.1302552
time/actor/run_training,80,79,12.057880401611328,1789590358.722885
time/actor/run_training,81,80,12.43784236907959,1789590972.5337644
time/actor/run_training,82,81,12.32567024230957,1789591597.8856063
time/actor/run_training,83,82,12.059785842895508,1789592199.8220243
time/actor/run_training,84,83,13.753056526184082,1789592818.1457856
time/actor/run_training,85,84,13.362500190734863,1789593695.8565798
time/actor/run_training,86,85,12.307884216308594,1789594324.5740647
time/actor/run_training,87,86,12.241817474365234,1789594936.47926
time/actor/run_training,88,87,13.641389846801758,1789595531.928584
time/actor/run_training,89,88,12.985138893127441,1789596163.6065252
time/actor/run_training,90,89,13.596757888793945,1789597068.774895
time/actor/run_training,91,90,12.681807518005371,1789597690.5808172
time/actor/run_training,92,91,12.832706451416016,1789598318.3548145
time/actor/run_training,93,92,13.959386825561523,1789598920.6064463
time/actor/run_training,94,93,12.141180038452148,1789599581.2743075
time/actor/run_training,95,94,12.51330852508545,1789600443.666079
time/actor/run_training,96,95,12.172077178955078,1789601046.9319081
time/actor/run_training,97,96,12.340546607971191,1789601642.595769
time/actor/run_training,98,97,12.06852912902832,1789602260.2304142
time/actor/run_training,99,98,12.335488319396973,1789602858.877189
time/actor/run_training,100,99,12.229105949401855,1789603757.385568
time/actor/run_training,101,100,12.336458206176758,1789604416.5434883
time/actor/run_training,102,101,12.24787425994873,1789605017.3493671
time/actor/run_training,103,102,12.73997974395752,1789605628.443463
time/actor/run_training,104,103,12.6726655960083,1789606257.6871967
time/actor/run_training,105,104,15.077300071716309,1789607164.574726
time/actor/run_training,106,105,12.208413124084473,1789607783.3544981
time/actor/run_training,107,106,13.09769344329834,1789608388.1175225
time/actor/run_training,108,107,12.198135375976562,1789608993.6133654
time/actor/run_training,109,108,12.58443546295166,1789609610.0946188
time/actor/run_training,110,109,13.36971664428711,1789610521.1156616
time/actor/run_training,111,110,12.154703140258789,1789611152.2976773
time/actor/run_training,112,111,12.125517845153809,1789611764.0931098
time/actor/run_training,113,112,12.355318069458008,1789612380.6676824
time/actor/run_training,114,113,12.229498863220215,1789612983.3597245
time/actor/run_training,115,114,12.320773124694824,1789613886.1611652
time/actor/run_training,116,115,12.174331665039062,1789614520.8893645
time/actor/run_training,117,116,12.077585220336914,1789615144.6370668
time/actor/run_training,118,117,12.174578666687012,1789615763.7868552
time/actor/run_training,119,118,12.263331413269043,1789616389.232915
time/actor/run_training,120,119,12.092153549194336,1789617316.7677186
time/actor/run_training,121,120,12.0286865234375,1789617958.7373667
train/actor/approx_kl,1,0,0.03741095960140228,1789537370.7546499
train/actor/approx_kl,2,1,0.047406889498233795,1789537988.169447
train/actor/approx_kl,3,2,0.018441760912537575,1789538585.9915211
train/actor/approx_kl,4,3,0.008937629871070385,1789539222.1043973
train/actor/approx_kl,5,4,0.03655152767896652,1789540098.3020818
train/actor/approx_kl,6,5,0.03060568869113922,1789540697.1603699
train/actor/approx_kl,7,6,0.01265883818268776,1789541296.7109737
train/actor/approx_kl,8,7,0.014757100492715836,1789541912.4869804
train/actor/approx_kl,9,8,0.01183371152728796,1789542519.695275
train/actor/approx_kl,10,9,0.01783479005098343,1789543400.867238
train/actor/approx_kl,11,10,0.011526376008987427,1789544015.3458977
train/actor/approx_kl,12,11,0.02063635177910328,1789544622.456921
train/actor/approx_kl,13,12,0.015294881537556648,1789545234.7390943
train/actor/approx_kl,14,13,0.0023564172443002462,1789545829.1925788
train/actor/approx_kl,15,14,0.01050606556236744,1789546690.784838
train/actor/approx_kl,16,15,0.00452241487801075,1789547284.2075977
train/actor/approx_kl,17,16,0.007288085762411356,1789547893.7008526
train/actor/approx_kl,18,17,0.009583698585629463,1789548492.1676524
train/actor/approx_kl,19,18,0.006946536712348461,1789549104.0363426
train/actor/approx_kl,20,19,0.0020513534545898438,1789549984.6883905
train/actor/approx_kl,21,20,0.011757025495171547,1789550587.884169
train/actor/approx_kl,22,21,0.030614115297794342,1789551215.9806194
train/actor/approx_kl,23,22,0.014580847695469856,1789551832.3181078
train/actor/approx_kl,24,23,0.01042751781642437,1789552430.4449687
train/actor/approx_kl,25,24,-0.0004099533543922007,1789553335.3217065
train/actor/approx_kl,26,25,-0.002568202093243599,1789553965.9707873
train/actor/approx_kl,27,26,0.0032521835528314114,1789554602.7457135
train/actor/approx_kl,28,27,0.01578167825937271,1789555219.6575248
train/actor/approx_kl,29,28,0.015581357292830944,1789555844.5645568
train/actor/approx_kl,30,29,0.027584755793213844,1789556767.3371787
train/actor/approx_kl,31,30,0.034280285239219666,1789557383.601658
train/actor/approx_kl,32,31,0.0022113751620054245,1789558051.4289637
train/actor/approx_kl,33,32,0.010557089932262897,1789558681.64968
train/actor/approx_kl,34,33,0.003205259330570698,1789559281.628794
train/actor/approx_kl,35,34,0.017174556851387024,1789560144.4762137
train/actor/approx_kl,36,35,0.025445202365517616,1789560759.9124124
train/actor/approx_kl,37,36,0.0006346293957903981,1789561371.403519
train/actor/approx_kl,38,37,0.018591614440083504,1789562006.9505281
train/actor/approx_kl,39,38,0.009724674746394157,1789562614.2166734
train/actor/approx_kl,40,39,0.007622326724231243,1789563500.934165
train/actor/approx_kl,41,40,0.0024587344378232956,1789564108.5040631
train/actor/approx_kl,42,41,0.013117711991071701,1789564713.175357
train/actor/approx_kl,43,42,0.005652089137583971,1789565323.210392
train/actor/approx_kl,44,43,0.0008174038957804441,1789565951.006338
train/actor/approx_kl,45,44,0.017797302454710007,1789566814.031505
train/actor/approx_kl,46,45,0.023732298985123634,1789567419.3408606
train/actor/approx_kl,47,46,0.010398944839835167,1789568014.7975714
train/actor/approx_kl,48,47,0.015002221800386906,1789568641.73623
train/actor/approx_kl,49,48,0.02911628782749176,1789569273.107015
train/actor/approx_kl,50,49,0.011154326610267162,1789570189.8580232
train/actor/approx_kl,51,50,0.004566566087305546,1789570818.3893468
train/actor/approx_kl,52,51,0.0056341602467000484,1789571425.151227
train/actor/approx_kl,53,52,0.0045103952288627625,1789572041.4606025
train/actor/approx_kl,54,53,0.007894473150372505,1789572636.6601598
train/actor/approx_kl,55,54,0.03968452662229538,1789573517.0588567
train/actor/approx_kl,56,55,0.004629001021385193,1789574124.0877938
train/actor/approx_kl,57,56,0.019260348752141,1789574734.9015715
train/actor/approx_kl,58,57,0.013064077123999596,1789575351.7536168
train/actor/approx_kl,59,58,0.022097909823060036,1789575966.8078547
train/actor/approx_kl,60,59,0.007258664816617966,1789576897.9927793
train/actor/approx_kl,61,60,-0.0036881391424685717,1789577495.9732792
train/actor/approx_kl,62,61,0.029456254094839096,1789578115.3761365
train/actor/approx_kl,63,62,0.015841340646147728,1789578755.099604
train/actor/approx_kl,64,63,0.002510670805349946,1789579360.200672
train/actor/approx_kl,65,64,0.0135255828499794,1789580294.2197807
train/actor/approx_kl,66,65,0.03631790727376938,1789580920.4999897
train/actor/approx_kl,67,66,0.02486705407500267,1789581536.9567204
train/actor/approx_kl,68,67,0.0057467869482934475,1789582143.168381
train/actor/approx_kl,69,68,0.017973696812987328,1789582754.873436
train/actor/approx_kl,70,69,0.0036282259970903397,1789583642.03522
train/actor/approx_kl,71,70,0.03148847818374634,1789584278.9290555
train/actor/approx_kl,72,71,0.04208478704094887,1789584906.5472138
train/actor/approx_kl,73,72,0.0037820939905941486,1789585514.5525324
train/actor/approx_kl,74,73,0.019226551055908203,1789586115.402396
train/actor/approx_kl,75,74,0.009001268073916435,1789586988.6040785
train/actor/approx_kl,76,75,0.005833820439875126,1789587609.9561174
train/actor/approx_kl,77,76,0.024729596450924873,1789588236.8302124
train/actor/approx_kl,78,77,0.04091992974281311,1789588860.619861
train/actor/approx_kl,79,78,0.012627171352505684,1789589473.1302614
train/actor/approx_kl,80,79,0.023389874026179314,1789590358.7231371
train/actor/approx_kl,81,80,0.010728726163506508,1789590972.5337713
train/actor/approx_kl,82,81,0.01898830384016037,1789591597.885613
train/actor/approx_kl,83,82,0.03657037392258644,1789592199.822031
train/actor/approx_kl,84,83,0.011044332757592201,1789592818.1457925
train/actor/approx_kl,85,84,0.008536241948604584,1789593695.8567953
train/actor/approx_kl,86,85,0.015134815126657486,1789594324.5740724
train/actor/approx_kl,87,86,0.021135827526450157,1789594936.4792678
train/actor/approx_kl,88,87,0.013719750568270683,1789595531.9285917
train/actor/approx_kl,89,88,0.034174561500549316,1789596163.6065319
train/actor/approx_kl,90,89,0.025760462507605553,1789597068.7752435
train/actor/approx_kl,91,90,0.04578609764575958,1789597690.580824
train/actor/approx_kl,92,91,0.018558993935585022,1789598318.3548212
train/actor/approx_kl,93,92,0.010905400849878788,1789598920.6064534
train/actor/approx_kl,94,93,0.01326819509267807,1789599581.2743154
train/actor/approx_kl,95,94,0.014816942624747753,1789600443.666311
train/actor/approx_kl,96,95,0.006884259637445211,1789601046.9319153
train/actor/approx_kl,97,96,0.0026281275786459446,1789601642.5957758
train/actor/approx_kl,98,97,0.022347331047058105,1789602260.2304208
train/actor/approx_kl,99,98,0.006458133924752474,1789602858.8771951
train/actor/approx_kl,100,99,0.011838972568511963,1789603757.3859575
train/actor/approx_kl,101,100,0.015420480631291866,1789604416.5434954
train/actor/approx_kl,102,101,-0.001878203940577805,1789605017.3493757
train/actor/approx_kl,103,102,0.00825877021998167,1789605628.4434698
train/actor/approx_kl,104,103,0.014940455555915833,1789606257.6872036
train/actor/approx_kl,105,104,0.02687288448214531,1789607164.5752013
train/actor/approx_kl,106,105,0.021626513451337814,1789607783.3545053
train/actor/approx_kl,107,106,0.0014083164278417826,1789608388.117535
train/actor/approx_kl,108,107,0.006097790785133839,1789608993.613372
train/actor/approx_kl,109,108,0.023982591927051544,1789609610.0946257
train/actor/approx_kl,110,109,0.003952869214117527,1789610521.1159809
train/actor/approx_kl,111,110,0.02027028799057007,1789611152.2976842
train/actor/approx_kl,112,111,0.012438918463885784,1789611764.0931168
train/actor/approx_kl,113,112,0.01755879446864128,1789612380.6676896
train/actor/approx_kl,114,113,0.010603292845189571,1789612983.3597302
train/actor/approx_kl,115,114,0.0019172854954376817,1789613886.161433
train/actor/approx_kl,116,115,0.027708303183317184,1789614520.8893704
train/actor/approx_kl,117,116,0.001990698277950287,1789615144.637074
train/actor/approx_kl,118,117,0.007751509081572294,1789615763.786862
train/actor/approx_kl,119,118,0.006728103384375572,1789616389.232922
train/actor/approx_kl,120,119,0.02963363192975521,1789617316.7679935
train/actor/approx_kl,121,120,0.006091895047575235,1789617958.7373757
train/actor/clip_fraction,1,0,0.0776546522974968,1789537370.754655
train/actor/clip_fraction,2,1,0.09414707124233246,1789537988.1694531
train/actor/clip_fraction,3,2,0.06292636692523956,1789538585.9915268
train/actor/clip_fraction,4,3,0.04211658611893654,1789539222.1044037
train/actor/clip_fraction,5,4,0.06752584874629974,1789540098.3020957
train/actor/clip_fraction,6,5,0.08030587434768677,1789540697.1603775
train/actor/clip_fraction,7,6,0.03268224000930786,1789541296.71098
train/actor/clip_fraction,8,7,0.05193635821342468,1789541912.486985
train/actor/clip_fraction,9,8,0.03428766876459122,1789542519.6952808
train/actor/clip_fraction,10,9,0.04068098962306976,1789543400.867245
train/actor/clip_fraction,11,10,0.08196282386779785,1789544015.3459034
train/actor/clip_fraction,12,11,0.07873805612325668,1789544622.4569309
train/actor/clip_fraction,13,12,0.036091893911361694,1789545234.7391005
train/actor/clip_fraction,14,13,0.012995444238185883,1789545829.1925845
train/actor/clip_fraction,15,14,0.08187566697597504,1789546690.7848501
train/actor/clip_fraction,16,15,0.03665950521826744,1789547284.2076066
train/actor/clip_fraction,17,16,0.029689345508813858,1789547893.7008586
train/actor/clip_fraction,18,17,0.052836477756500244,1789548492.167659
train/actor/clip_fraction,19,18,0.0587289035320282,1789549104.0363486
train/actor/clip_fraction,20,19,0.02520766481757164,1789549984.6883957
train/actor/clip_fraction,21,20,0.0458194874227047,1789550587.884175
train/actor/clip_fraction,22,21,0.0800410658121109,1789551215.9806256
train/actor/clip_fraction,23,22,0.04016038775444031,1789551832.3181138
train/actor/clip_fraction,24,23,0.03508339077234268,1789552430.4449754
train/actor/clip_fraction,25,24,0.02958039939403534,1789553335.3217182
train/actor/clip_fraction,26,25,0.03453003242611885,1789553965.970796
train/actor/clip_fraction,27,26,0.04724870249629021,1789554602.7457192
train/actor/clip_fraction,28,27,0.06008172780275345,1789555219.657531
train/actor/clip_fraction,29,28,0.051424432545900345,1789555844.564563
train/actor/clip_fraction,30,29,0.07716560363769531,1789556767.3371868
train/actor/clip_fraction,31,30,0.09484066069126129,1789557383.6016643
train/actor/clip_fraction,32,31,0.03150806948542595,1789558051.4289696
train/actor/clip_fraction,33,32,0.05239333584904671,1789558681.6496859
train/actor/clip_fraction,34,33,0.01923445425927639,1789559281.6287994
train/actor/clip_fraction,35,34,0.041026271879673004,1789560144.4762201
train/actor/clip_fraction,36,35,0.05873095616698265,1789560759.9124324
train/actor/clip_fraction,37,36,0.03989943489432335,1789561371.4035254
train/actor/clip_fraction,38,37,0.04976091906428337,1789562006.950534
train/actor/clip_fraction,39,38,0.038349851965904236,1789562614.21668
train/actor/clip_fraction,40,39,0.043823033571243286,1789563500.9341724
train/actor/clip_fraction,41,40,0.012574179098010063,1789564108.504069
train/actor/clip_fraction,42,41,0.040166229009628296,1789564713.1753628
train/actor/clip_fraction,43,42,0.034785643219947815,1789565323.2103982
train/actor/clip_fraction,44,43,0.03017336316406727,1789565951.0063436
train/actor/clip_fraction,45,44,0.02373962104320526,1789566814.0315108
train/actor/clip_fraction,46,45,0.050470028072595596,1789567419.340867
train/actor/clip_fraction,47,46,0.03750004991889,1789568014.7975776
train/actor/clip_fraction,48,47,0.025284789502620697,1789568641.7362466
train/actor/clip_fraction,49,48,0.0820111632347107,1789569273.1070206
train/actor/clip_fraction,50,49,0.06438097357749939,1789570189.858032
train/actor/clip_fraction,51,50,0.06494713574647903,1789570818.389353
train/actor/clip_fraction,52,51,0.038625482469797134,1789571425.1512494
train/actor/clip_fraction,53,52,0.023162011057138443,1789572041.460609
train/actor/clip_fraction,54,53,0.05112055689096451,1789572636.6601655
train/actor/clip_fraction,55,54,0.10700660943984985,1789573517.0588768
train/actor/clip_fraction,56,55,0.042487017810344696,1789574124.0878003
train/actor/clip_fraction,57,56,0.05617809668183327,1789574734.9015777
train/actor/clip_fraction,58,57,0.030411001294851303,1789575351.7536228
train/actor/clip_fraction,59,58,0.05220131576061249,1789575966.8078613
train/actor/clip_fraction,60,59,0.03523945063352585,1789576897.992786
train/actor/clip_fraction,61,60,0.02458440512418747,1789577495.9732852
train/actor/clip_fraction,62,61,0.05507221072912216,1789578115.376147
train/actor/clip_fraction,63,62,0.03499354049563408,1789578755.0996113
train/actor/clip_fraction,64,63,0.03166455030441284,1789579360.2006812
train/actor/clip_fraction,65,64,0.038548439741134644,1789580294.2197871
train/actor/clip_fraction,66,65,0.07372085750102997,1789580920.4999957
train/actor/clip_fraction,67,66,0.05454712733626366,1789581536.9567323
train/actor/clip_fraction,68,67,0.03722400963306427,1789582143.1683872
train/actor/clip_fraction,69,68,0.05680406838655472,1789582754.8734415
train/actor/clip_fraction,70,69,0.026210114359855652,1789583642.0352297
train/actor/clip_fraction,71,70,0.09340204298496246,1789584278.9290633
train/actor/clip_fraction,72,71,0.08532911539077759,1789584906.54722
train/actor/clip_fraction,73,72,0.037546418607234955,1789585514.5525382
train/actor/clip_fraction,74,73,0.05231567844748497,1789586115.4024029
train/actor/clip_fraction,75,74,0.047155529260635376,1789586988.6040847
train/actor/clip_fraction,76,75,0.055364422500133514,1789587609.9561234
train/actor/clip_fraction,77,76,0.035205040127038956,1789588236.8302186
train/actor/clip_fraction,78,77,0.0938170924782753,1789588860.6198683
train/actor/clip_fraction,79,78,0.023859132081270218,1789589473.1302683
train/actor/clip_fraction,80,79,0.05135154724121094,1789590358.7231436
train/actor/clip_fraction,81,80,0.043370261788368225,1789590972.5337775
train/actor/clip_fraction,82,81,0.06304087489843369,1789591597.885619
train/actor/clip_fraction,83,82,0.05544200539588928,1789592199.8220367
train/actor/clip_fraction,84,83,0.03510699421167374,1789592818.1457984
train/actor/clip_fraction,85,84,0.03569011017680168,1789593695.8568034
train/actor/clip_fraction,86,85,0.061068594455718994,1789594324.5740814
train/actor/clip_fraction,87,86,0.07348702102899551,1789594936.4792743
train/actor/clip_fraction,88,87,0.025052975863218307,1789595531.928598
train/actor/clip_fraction,89,88,0.07438541203737259,1789596163.6065378
train/actor/clip_fraction,90,89,0.05858508497476578,1789597068.7752519
train/actor/clip_fraction,91,90,0.059657983481884,1789597690.5808299
train/actor/clip_fraction,92,91,0.05743172764778137,1789598318.3548272
train/actor/clip_fraction,93,92,0.04277844727039337,1789598920.6064596
train/actor/clip_fraction,94,93,0.03317597880959511,1789599581.2743223
train/actor/clip_fraction,95,94,0.048076894134283066,1789600443.666318
train/actor/clip_fraction,96,95,0.07362468540668488,1789601046.9319215
train/actor/clip_fraction,97,96,0.053705111145973206,1789601642.5957813
train/actor/clip_fraction,98,97,0.048665888607501984,1789602260.230426
train/actor/clip_fraction,99,98,0.056430164724588394,1789602858.8772006
train/actor/clip_fraction,100,99,0.0549047589302063,1789603757.3859637
train/actor/clip_fraction,101,100,0.06903272867202759,1789604416.5435019
train/actor/clip_fraction,102,101,0.03893512114882469,1789605017.349382
train/actor/clip_fraction,103,102,0.03675225377082825,1789605628.443476
train/actor/clip_fraction,104,103,0.07355786859989166,1789606257.6872094
train/actor/clip_fraction,105,104,0.06551522761583328,1789607164.5752084
train/actor/clip_fraction,106,105,0.05685025826096535,1789607783.3545108
train/actor/clip_fraction,107,106,0.025044504553079605,1789608388.1175413
train/actor/clip_fraction,108,107,0.033351872116327286,1789608993.6133783
train/actor/clip_fraction,109,108,0.059111230075359344,1789609610.0946324
train/actor/clip_fraction,110,109,0.032581958919763565,1789610521.115989
train/actor/clip_fraction,111,110,0.037061601877212524,1789611152.2976902
train/actor/clip_fraction,112,111,0.037672579288482666,1789611764.0931227
train/actor/clip_fraction,113,112,0.046358250081539154,1789612380.6676958
train/actor/clip_fraction,114,113,0.03200160339474678,1789612983.3597348
train/actor/clip_fraction,115,114,0.04068334400653839,1789613886.16144
train/actor/clip_fraction,116,115,0.07929912209510803,1789614520.8893752
train/actor/clip_fraction,117,116,0.032595135271549225,1789615144.6370804
train/actor/clip_fraction,118,117,0.03748539090156555,1789615763.7868676
train/actor/clip_fraction,119,118,0.045020394027233124,1789616389.2329276
train/actor/clip_fraction,120,119,0.07063280791044235,1789617316.7679996
train/actor/clip_fraction,121,120,0.03194274380803108,1789617958.7373822
train/actor/clipped_ratio,1,0,0.9977953433990479,1789537370.7546597
train/actor/clipped_ratio,2,1,0.9891821146011353,1789537988.1694589
train/actor/clipped_ratio,3,2,0.995084285736084,1789538585.9915328
train/actor/clipped_ratio,4,3,0.9971774220466614,1789539222.1044097
train/actor/clipped_ratio,5,4,0.9922846555709839,1789540098.3021085
train/actor/clipped_ratio,6,5,0.993273138999939,1789540697.1603837
train/actor/clipped_ratio,7,6,0.9970284104347229,1789541296.710986
train/actor/clipped_ratio,8,7,0.9973227977752686,1789541912.4869897
train/actor/clipped_ratio,9,8,0.996927797794342,1789542519.695287
train/actor/clipped_ratio,10,9,0.9967779517173767,1789543400.8672519
train/actor/clipped_ratio,11,10,0.9985920190811157,1789544015.3459089
train/actor/clipped_ratio,12,11,0.9942207932472229,1789544622.4569402
train/actor/clipped_ratio,13,12,0.9953975677490234,1789545234.7391074
train/actor/clipped_ratio,14,13,0.9994104504585266,1789545829.1925905
train/actor/clipped_ratio,15,14,0.9973921775817871,1789546690.7848613
train/actor/clipped_ratio,16,15,0.9974554777145386,1789547284.2076154
train/actor/clipped_ratio,17,16,0.9967793226242065,1789547893.7008643
train/actor/clipped_ratio,18,17,0.9982414245605469,1789548492.167665
train/actor/clipped_ratio,19,18,0.9983336329460144,1789549104.0363548
train/actor/clipped_ratio,20,19,0.9999552369117737,1789549984.6884003
train/actor/clipped_ratio,21,20,0.9972952008247375,1789550587.8841805
train/actor/clipped_ratio,22,21,0.9934408664703369,1789551215.9806316
train/actor/clipped_ratio,23,22,0.9969583749771118,1789551832.318119
train/actor/clipped_ratio,24,23,0.992031991481781,1789552430.4449818
train/actor/clipped_ratio,25,24,1.0022425651550293,1789553335.3217309
train/actor/clipped_ratio,26,25,1.0036957263946533,1789553965.9708047
train/actor/clipped_ratio,27,26,0.999805212020874,1789554602.745725
train/actor/clipped_ratio,28,27,0.9962724447250366,1789555219.657537
train/actor/clipped_ratio,29,28,0.9935873746871948,1789555844.564569
train/actor/clipped_ratio,30,29,0.9910682439804077,1789556767.337194
train/actor/clipped_ratio,31,30,0.992331326007843,1789557383.6016695
train/actor/clipped_ratio,32,31,0.9994697570800781,1789558051.4289753
train/actor/clipped_ratio,33,32,0.9975022077560425,1789558681.649691
train/actor/clipped_ratio,34,33,0.9977657794952393,1789559281.6288047
train/actor/clipped_ratio,35,34,0.9961088299751282,1789560144.4762263
train/actor/clipped_ratio,36,35,0.9939446449279785,1789560759.9124527
train/actor/clipped_ratio,37,36,1.0011166334152222,1789561371.4035308
train/actor/clipped_ratio,38,37,0.9925501346588135,1789562006.95054
train/actor/clipped_ratio,39,38,0.9964885115623474,1789562614.2166858
train/actor/clipped_ratio,40,39,0.9966652393341064,1789563500.9341784
train/actor/clipped_ratio,41,40,0.9984019994735718,1789564108.504075
train/actor/clipped_ratio,42,41,0.9951285719871521,1789564713.1753685
train/actor/clipped_ratio,43,42,0.999665379524231,1789565323.2104042
train/actor/clipped_ratio,44,43,0.9983193874359131,1789565951.0063493
train/actor/clipped_ratio,45,44,0.9961658716201782,1789566814.0315151
train/actor/clipped_ratio,46,45,0.9929641485214233,1789567419.340873
train/actor/clipped_ratio,47,46,0.9957280158996582,1789568014.7975843
train/actor/clipped_ratio,48,47,0.9969863891601562,1789568641.7362547
train/actor/clipped_ratio,49,48,0.9883744716644287,1789569273.1070273
train/actor/clipped_ratio,50,49,0.998788058757782,1789570189.8580403
train/actor/clipped_ratio,51,50,0.9995840787887573,1789570818.3893588
train/actor/clipped_ratio,52,51,0.9982004165649414,1789571425.1512733
train/actor/clipped_ratio,53,52,0.9981997013092041,1789572041.460615
train/actor/clipped_ratio,54,53,0.9999079704284668,1789572636.660172
train/actor/clipped_ratio,55,54,0.9899858832359314,1789573517.0588949
train/actor/clipped_ratio,56,55,1.002838373184204,1789574124.0878065
train/actor/clipped_ratio,57,56,0.995168924331665,1789574734.9015837
train/actor/clipped_ratio,58,57,0.9961916208267212,1789575351.7536285
train/actor/clipped_ratio,59,58,0.989240288734436,1789575966.8078685
train/actor/clipped_ratio,60,59,0.995483934879303,1789576897.9927917
train/actor/clipped_ratio,61,60,1.0047667026519775,1789577495.973291
train/actor/clipped_ratio,62,61,0.992679238319397,1789578115.3761573
train/actor/clipped_ratio,63,62,0.996335506439209,1789578755.0996182
train/actor/clipped_ratio,64,63,0.9992702007293701,1789579360.200691
train/actor/clipped_ratio,65,64,0.9954930543899536,1789580294.2197928
train/actor/clipped_ratio,66,65,0.9931373000144958,1789580920.5000012
train/actor/clipped_ratio,67,66,0.9907269477844238,1789581536.956743
train/actor/clipped_ratio,68,67,0.9994311928749084,1789582143.1683927
train/actor/clipped_ratio,69,68,0.9963310956954956,1789582754.873447
train/actor/clipped_ratio,70,69,0.9976940155029297,1789583642.0352387
train/actor/clipped_ratio,71,70,0.9929893016815186,1789584278.9290707
train/actor/clipped_ratio,72,71,0.9914474487304688,1789584906.547226
train/actor/clipped_ratio,73,72,1.0020004510879517,1789585514.5525436
train/actor/clipped_ratio,74,73,0.9934869408607483,1789586115.4024103
train/actor/clipped_ratio,75,74,0.9941244125366211,1789586988.6040902
train/actor/clipped_ratio,76,75,0.9985794425010681,1789587609.956129
train/actor/clipped_ratio,77,76,0.9947274923324585,1789588236.830224
train/actor/clipped_ratio,78,77,0.9950892329216003,1789588860.619874
train/actor/clipped_ratio,79,78,0.9986000061035156,1789589473.1302743
train/actor/clipped_ratio,80,79,0.995498538017273,1789590358.7231495
train/actor/clipped_ratio,81,80,0.995750904083252,1789590972.5337832
train/actor/clipped_ratio,82,81,0.9978748559951782,1789591597.8856244
train/actor/clipped_ratio,83,82,0.9923080205917358,1789592199.8220422
train/actor/clipped_ratio,84,83,0.9970322847366333,1789592818.145805
train/actor/clipped_ratio,85,84,0.9985086917877197,1789593695.856811
train/actor/clipped_ratio,86,85,0.9982118010520935,1789594324.574088
train/actor/clipped_ratio,87,86,0.9942024350166321,1789594936.4792807
train/actor/clipped_ratio,88,87,0.9977847337722778,1789595531.928604
train/actor/clipped_ratio,89,88,0.989788830280304,1789596163.6065457
train/actor/clipped_ratio,90,89,0.9919348955154419,1789597068.7752602
train/actor/clipped_ratio,91,90,0.989618182182312,1789597690.5808365
train/actor/clipped_ratio,92,91,0.9910168647766113,1789598318.3548326
train/actor/clipped_ratio,93,92,0.9963116645812988,1789598920.6064658
train/actor/clipped_ratio,94,93,0.9931109547615051,1789599581.2743304
train/actor/clipped_ratio,95,94,0.9960228204727173,1789600443.6663234
train/actor/clipped_ratio,96,95,0.9976023435592651,1789601046.9319274
train/actor/clipped_ratio,97,96,1.000077247619629,1789601642.5957875
train/actor/clipped_ratio,98,97,0.9949039816856384,1789602260.2304318
train/actor/clipped_ratio,99,98,0.9985523223876953,1789602858.8772063
train/actor/clipped_ratio,100,99,0.9951330423355103,1789603757.3859694
train/actor/clipped_ratio,101,100,0.9965044260025024,1789604416.5435085
train/actor/clipped_ratio,102,101,1.0001440048217773,1789605017.349388
train/actor/clipped_ratio,103,102,1.0006020069122314,1789605628.4434817
train/actor/clipped_ratio,104,103,0.9953876733779907,1789606257.687215
train/actor/clipped_ratio,105,104,0.9918389320373535,1789607164.5752146
train/actor/clipped_ratio,106,105,0.996972918510437,1789607783.354517
train/actor/clipped_ratio,107,106,0.9991987347602844,1789608388.1175475
train/actor/clipped_ratio,108,107,0.995124340057373,1789608993.613384
train/actor/clipped_ratio,109,108,0.9932520985603333,1789609610.094639
train/actor/clipped_ratio,110,109,0.9979471564292908,1789610521.1159983
train/actor/clipped_ratio,111,110,0.9943157434463501,1789611152.297696
train/actor/clipped_ratio,112,111,0.9974842071533203,1789611764.0931287
train/actor/clipped_ratio,113,112,0.9969547986984253,1789612380.6677022
train/actor/clipped_ratio,114,113,0.9967769384384155,1789612983.359739
train/actor/clipped_ratio,115,114,0.9993907809257507,1789613886.1614459
train/actor/clipped_ratio,116,115,0.9939825534820557,1789614520.88938
train/actor/clipped_ratio,117,116,0.9996377229690552,1789615144.6370869
train/actor/clipped_ratio,118,117,0.9965270757675171,1789615763.7868736
train/actor/clipped_ratio,119,118,1.0015757083892822,1789616389.232933
train/actor/clipped_ratio,120,119,0.992132306098938,1789617316.768006
train/actor/clipped_ratio,121,120,0.9962418079376221,1789617958.7373881
train/actor/dual_cliped_ratio,1,0,0.0,1789537370.7549965
train/actor/dual_cliped_ratio,2,1,0.0,1789537988.1696877
train/actor/dual_cliped_ratio,3,2,0.0,1789538585.9917462
train/actor/dual_cliped_ratio,4,3,0.0,1789539222.1047378
train/actor/dual_cliped_ratio,5,4,0.0,1789540098.3021204
train/actor/dual_cliped_ratio,6,5,0.0,1789540697.1608996
train/actor/dual_cliped_ratio,7,6,0.0,1789541296.7116892
train/actor/dual_cliped_ratio,8,7,0.0,1789541912.4875157
train/actor/dual_cliped_ratio,9,8,0.0,1789542519.6955202
train/actor/dual_cliped_ratio,10,9,0.0,1789543400.8672595
train/actor/dual_cliped_ratio,11,10,0.0,1789544015.346156
train/actor/dual_cliped_ratio,12,11,0.0,1789544622.4571989
train/actor/dual_cliped_ratio,13,12,0.0,1789545234.7396762
train/actor/dual_cliped_ratio,14,13,0.0,1789545829.19276
train/actor/dual_cliped_ratio,15,14,0.0,1789546690.7848725
train/actor/dual_cliped_ratio,16,15,0.0,1789547284.2078497
train/actor/dual_cliped_ratio,17,16,0.0,1789547893.7013857
train/actor/dual_cliped_ratio,18,17,0.0,1789548492.1679761
train/actor/dual_cliped_ratio,19,18,0.0,1789549104.0366302
train/actor/dual_cliped_ratio,20,19,0.0,1789549984.6884048
train/actor/dual_cliped_ratio,21,20,0.0,1789550587.8847528
train/actor/dual_cliped_ratio,22,21,0.0,1789551215.9808745
train/actor/dual_cliped_ratio,23,22,0.0,1789551832.31833
train/actor/dual_cliped_ratio,24,23,0.0,1789552430.4458277
train/actor/dual_cliped_ratio,25,24,0.0,1789553335.321746
train/actor/dual_cliped_ratio,26,25,0.0,1789553965.9710004
train/actor/dual_cliped_ratio,27,26,0.0,1789554602.7459633
train/actor/dual_cliped_ratio,28,27,0.0,1789555219.6581914
train/actor/dual_cliped_ratio,29,28,0.0,1789555844.5651505
train/actor/dual_cliped_ratio,30,29,0.0,1789556767.3372016
train/actor/dual_cliped_ratio,31,30,0.0,1789557383.601857
train/actor/dual_cliped_ratio,32,31,0.0,1789558051.429287
train/actor/dual_cliped_ratio,33,32,0.0,1789558681.6498604
train/actor/dual_cliped_ratio,34,33,0.0,1789559281.6295702
train/actor/dual_cliped_ratio,35,34,0.0,1789560144.476232
train/actor/dual_cliped_ratio,36,35,0.0,1789560759.9130707
train/actor/dual_cliped_ratio,37,36,0.0,1789561371.4040608
train/actor/dual_cliped_ratio,38,37,0.0,1789562006.950817
train/actor/dual_cliped_ratio,39,38,0.0,1789562614.217444
train/actor/dual_cliped_ratio,40,39,0.0,1789563500.9341846
train/actor/dual_cliped_ratio,41,40,0.0,1789564108.5045907
train/actor/dual_cliped_ratio,42,41,0.0,1789564713.1758566
train/actor/dual_cliped_ratio,43,42,0.0,1789565323.2108934
train/actor/dual_cliped_ratio,44,43,0.0,1789565951.0065186
train/actor/dual_cliped_ratio,45,44,0.0,1789566814.03152
train/actor/dual_cliped_ratio,46,45,0.0,1789567419.3413122
train/actor/dual_cliped_ratio,47,46,0.0,1789568014.7979252
train/actor/dual_cliped_ratio,48,47,0.0,1789568641.7365446
train/actor/dual_cliped_ratio,49,48,0.0,1789569273.1073987
train/actor/dual_cliped_ratio,50,49,0.0,1789570189.8580484
train/actor/dual_cliped_ratio,51,50,0.0,1789570818.3898442
train/actor/dual_cliped_ratio,52,51,0.0,1789571425.1515028
train/actor/dual_cliped_ratio,53,52,0.0,1789572041.4610002
train/actor/dual_cliped_ratio,54,53,0.0,1789572636.6603591
train/actor/dual_cliped_ratio,55,54,0.0,1789573517.0589135
train/actor/dual_cliped_ratio,56,55,0.0,1789574124.0880404
train/actor/dual_cliped_ratio,57,56,0.0,1789574734.9018748
train/actor/dual_cliped_ratio,58,57,0.0,1789575351.754124
train/actor/dual_cliped_ratio,59,58,0.0,1789575966.8083713
train/actor/dual_cliped_ratio,60,59,0.0,1789576897.9927971
train/actor/dual_cliped_ratio,61,60,0.0,1789577495.973669
train/actor/dual_cliped_ratio,62,61,0.0,1789578115.3766038
train/actor/dual_cliped_ratio,63,62,0.0,1789578755.1000702
train/actor/dual_cliped_ratio,64,63,0.0,1789579360.2016652
train/actor/dual_cliped_ratio,65,64,0.0,1789580294.2197983
train/actor/dual_cliped_ratio,66,65,0.0,1789580920.5003808
train/actor/dual_cliped_ratio,67,66,0.0,1789581536.956889
train/actor/dual_cliped_ratio,68,67,0.0,1789582143.1686826
train/actor/dual_cliped_ratio,69,68,0.0,1789582754.873944
train/actor/dual_cliped_ratio,70,69,0.0,1789583642.0352478
train/actor/dual_cliped_ratio,71,70,0.0,1789584278.9292817
train/actor/dual_cliped_ratio,72,71,0.0,1789584906.5473986
train/actor/dual_cliped_ratio,73,72,0.0,1789585514.552902
train/actor/dual_cliped_ratio,74,73,0.0,1789586115.4026523
train/actor/dual_cliped_ratio,75,74,0.0,1789586988.6040955
train/actor/dual_cliped_ratio,76,75,0.0,1789587609.9566689
train/actor/dual_cliped_ratio,77,76,0.0,1789588236.8307498
train/actor/dual_cliped_ratio,78,77,0.0,1789588860.6201723
train/actor/dual_cliped_ratio,79,78,0.0,1789589473.130643
train/actor/dual_cliped_ratio,80,79,0.0,1789590358.7231562
train/actor/dual_cliped_ratio,81,80,0.0,1789590972.5343106
train/actor/dual_cliped_ratio,82,81,0.0,1789591597.8857977
train/actor/dual_cliped_ratio,83,82,0.0,1789592199.822538
train/actor/dual_cliped_ratio,84,83,0.0,1789592818.146081
train/actor/dual_cliped_ratio,85,84,0.0,1789593695.856819
train/actor/dual_cliped_ratio,86,85,0.0,1789594324.574245
train/actor/dual_cliped_ratio,87,86,0.0,1789594936.479802
train/actor/dual_cliped_ratio,88,87,0.0,1789595531.928792
train/actor/dual_cliped_ratio,89,88,0.0,1789596163.6068604
train/actor/dual_cliped_ratio,90,89,0.0,1789597068.7752683
train/actor/dual_cliped_ratio,91,90,0.0,1789597690.5813458
train/actor/dual_cliped_ratio,92,91,0.0,1789598318.355323
train/actor/dual_cliped_ratio,93,92,0.0,1789598920.607034
train/actor/dual_cliped_ratio,94,93,0.0,1789599581.274507
train/actor/dual_cliped_ratio,95,94,0.0,1789600443.6663294
train/actor/dual_cliped_ratio,96,95,0.0,1789601046.9321914
train/actor/dual_cliped_ratio,97,96,0.0,1789601642.595968
train/actor/dual_cliped_ratio,98,97,0.0,1789602260.2306302
train/actor/dual_cliped_ratio,99,98,0.0,1789602858.8774529
train/actor/dual_cliped_ratio,100,99,0.0,1789603757.3859758
train/actor/dual_cliped_ratio,101,100,0.0,1789604416.5436862
train/actor/dual_cliped_ratio,102,101,0.0,1789605017.3497424
train/actor/dual_cliped_ratio,103,102,0.0,1789605628.443764
train/actor/dual_cliped_ratio,104,103,0.0,1789606257.6875339
train/actor/dual_cliped_ratio,105,104,0.0,1789607164.57522
train/actor/dual_cliped_ratio,106,105,0.0,1789607783.354879
train/actor/dual_cliped_ratio,107,106,0.0,1789608388.1184328
train/actor/dual_cliped_ratio,108,107,0.0,1789608993.6137211
train/actor/dual_cliped_ratio,109,108,0.0,1789609610.0953248
train/actor/dual_cliped_ratio,110,109,0.0,1789610521.1160047
train/actor/dual_cliped_ratio,111,110,0.0,1789611152.2981505
train/actor/dual_cliped_ratio,112,111,0.0,1789611764.0933623
train/actor/dual_cliped_ratio,113,112,0.0,1789612380.668024
train/actor/dual_cliped_ratio,114,113,0.0,1789612983.3602242
train/actor/dual_cliped_ratio,115,114,0.0,1789613886.1614525
train/actor/dual_cliped_ratio,116,115,0.0,1789614520.88959
train/actor/dual_cliped_ratio,117,116,0.0,1789615144.637699
train/actor/dual_cliped_ratio,118,117,0.0,1789615763.7870793
train/actor/dual_cliped_ratio,119,118,0.0,1789616389.2331522
train/actor/dual_cliped_ratio,120,119,0.0,1789617316.7680118
train/actor/dual_cliped_ratio,121,120,0.0,1789617958.7380354
train/actor/dvac_chunk_factor_std,1,0,0.08673384040594101,1789537370.755003
train/actor/dvac_chunk_factor_std,2,1,0.08856866508722305,1789537988.1696937
train/actor/dvac_chunk_factor_std,3,2,0.09163889288902283,1789538585.9917524
train/actor/dvac_chunk_factor_std,4,3,0.0948355495929718,1789539222.1047444
train/actor/dvac_chunk_factor_std,5,4,0.1018189787864685,1789540098.3021328
train/actor/dvac_chunk_factor_std,6,5,0.0802355632185936,1789540697.1609066
train/actor/dvac_chunk_factor_std,7,6,0.07940324395895004,1789541296.7117069
train/actor/dvac_chunk_factor_std,8,7,0.08139176666736603,1789541912.4875212
train/actor/dvac_chunk_factor_std,9,8,0.09555543959140778,1789542519.6955264
train/actor/dvac_chunk_factor_std,10,9,0.08402322232723236,1789543400.86727
train/actor/dvac_chunk_factor_std,11,10,0.08795215934515,1789544015.3461628
train/actor/dvac_chunk_factor_std,12,11,0.08663521707057953,1789544622.4572093
train/actor/dvac_chunk_factor_std,13,12,0.09888092428445816,1789545234.7396924
train/actor/dvac_chunk_factor_std,14,13,0.0878819078207016,1789545829.1927662
train/actor/dvac_chunk_factor_std,15,14,0.08464699983596802,1789546690.7848833
train/actor/dvac_chunk_factor_std,16,15,0.08950663357973099,1789547284.2078593
train/actor/dvac_chunk_factor_std,17,16,0.08403469622135162,1789547893.7013922
train/actor/dvac_chunk_factor_std,18,17,0.09350361675024033,1789548492.167983
train/actor/dvac_chunk_factor_std,19,18,0.08662474155426025,1789549104.0366375
train/actor/dvac_chunk_factor_std,20,19,0.0831417441368103,1789549984.6884093
train/actor/dvac_chunk_factor_std,21,20,0.09771604835987091,1789550587.884759
train/actor/dvac_chunk_factor_std,22,21,0.09995462000370026,1789551215.9808812
train/actor/dvac_chunk_factor_std,23,22,0.09348464012145996,1789551832.3183365
train/actor/dvac_chunk_factor_std,24,23,0.09428098052740097,1789552430.4458442
train/actor/dvac_chunk_factor_std,25,24,0.0890183225274086,1789553335.3217576
train/actor/dvac_chunk_factor_std,26,25,0.10294277966022491,1789553965.9710095
train/actor/dvac_chunk_factor_std,27,26,0.09700901806354523,1789554602.7459698
train/actor/dvac_chunk_factor_std,28,27,0.09480173140764236,1789555219.658208
train/actor/dvac_chunk_factor_std,29,28,0.10009295493364334,1789555844.5651665
train/actor/dvac_chunk_factor_std,30,29,0.08977207541465759,1789556767.3372095
train/actor/dvac_chunk_factor_std,31,30,0.09554482996463776,1789557383.6018636
train/actor/dvac_chunk_factor_std,32,31,0.09663369506597519,1789558051.4292939
train/actor/dvac_chunk_factor_std,33,32,0.09476589411497116,1789558681.6498675
train/actor/dvac_chunk_factor_std,34,33,0.09611661732196808,1789559281.629577
train/actor/dvac_chunk_factor_std,35,34,0.0997847393155098,1789560144.4762433
train/actor/dvac_chunk_factor_std,36,35,0.09689867496490479,1789560759.9130993
train/actor/dvac_chunk_factor_std,37,36,0.096649669110775,1789561371.4040673
train/actor/dvac_chunk_factor_std,38,37,0.1034717783331871,1789562006.9508233
train/actor/dvac_chunk_factor_std,39,38,0.09666647762060165,1789562614.2174594
train/actor/dvac_chunk_factor_std,40,39,0.10407206416130066,1789563500.9341908
train/actor/dvac_chunk_factor_std,41,40,0.09487051516771317,1789564108.5045986
train/actor/dvac_chunk_factor_std,42,41,0.09771877527236938,1789564713.1758637
train/actor/dvac_chunk_factor_std,43,42,0.09251323342323303,1789565323.210901
train/actor/dvac_chunk_factor_std,44,43,0.09832704812288284,1789565951.006525
train/actor/dvac_chunk_factor_std,45,44,0.09338223189115524,1789566814.031525
train/actor/dvac_chunk_factor_std,46,45,0.09267928451299667,1789567419.3413293
train/actor/dvac_chunk_factor_std,47,46,0.09960620850324631,1789568014.797943
train/actor/dvac_chunk_factor_std,48,47,0.10063427686691284,1789568641.73656
train/actor/dvac_chunk_factor_std,49,48,0.09671603888273239,1789569273.1074057
train/actor/dvac_chunk_factor_std,50,49,0.09891590476036072,1789570189.8580568
train/actor/dvac_chunk_factor_std,51,50,0.10400755703449249,1789570818.389861
train/actor/dvac_chunk_factor_std,52,51,0.10051336139440536,1789571425.1515257
train/actor/dvac_chunk_factor_std,53,52,0.09272634983062744,1789572041.4610176
train/actor/dvac_chunk_factor_std,54,53,0.1027136817574501,1789572636.660366
train/actor/dvac_chunk_factor_std,55,54,0.09501492977142334,1789573517.0589273
train/actor/dvac_chunk_factor_std,56,55,0.09692361950874329,1789574124.0880482
train/actor/dvac_chunk_factor_std,57,56,0.10508881509304047,1789574734.901882
train/actor/dvac_chunk_factor_std,58,57,0.09507225453853607,1789575351.7541308
train/actor/dvac_chunk_factor_std,59,58,0.0913873165845871,1789575966.8083801
train/actor/dvac_chunk_factor_std,60,59,0.09725111722946167,1789576897.992803
train/actor/dvac_chunk_factor_std,61,60,0.1036873385310173,1789577495.9736757
train/actor/dvac_chunk_factor_std,62,61,0.10709405690431595,1789578115.3766305
train/actor/dvac_chunk_factor_std,63,62,0.09802880138158798,1789578755.1000779
train/actor/dvac_chunk_factor_std,64,63,0.10013817995786667,1789579360.201687
train/actor/dvac_chunk_factor_std,65,64,0.09690611809492111,1789580294.2198038
train/actor/dvac_chunk_factor_std,66,65,0.09569309651851654,1789580920.500388
train/actor/dvac_chunk_factor_std,67,66,0.09745217114686966,1789581536.9569016
train/actor/dvac_chunk_factor_std,68,67,0.09173692017793655,1789582143.168689
train/actor/dvac_chunk_factor_std,69,68,0.09420756995677948,1789582754.8739507
train/actor/dvac_chunk_factor_std,70,69,0.09995134174823761,1789583642.0352569
train/actor/dvac_chunk_factor_std,71,70,0.09489666670560837,1789584278.9292905
train/actor/dvac_chunk_factor_std,72,71,0.10014460980892181,1789584906.5474048
train/actor/dvac_chunk_factor_std,73,72,0.10504262149333954,1789585514.5529087
train/actor/dvac_chunk_factor_std,74,73,0.10154053568840027,1789586115.4026601
train/actor/dvac_chunk_factor_std,75,74,0.10574490576982498,1789586988.6041017
train/actor/dvac_chunk_factor_std,76,75,0.10347291827201843,1789587609.9566758
train/actor/dvac_chunk_factor_std,77,76,0.0990966409444809,1789588236.8307564
train/actor/dvac_chunk_factor_std,78,77,0.1010437160730362,1789588860.6201797
train/actor/dvac_chunk_factor_std,79,78,0.10530613362789154,1789589473.130649
train/actor/dvac_chunk_factor_std,80,79,0.09473755955696106,1789590358.7231622
train/actor/dvac_chunk_factor_std,81,80,0.09920544177293777,1789590972.5343175
train/actor/dvac_chunk_factor_std,82,81,0.10481046140193939,1789591597.885804
train/actor/dvac_chunk_factor_std,83,82,0.0952429324388504,1789592199.8225446
train/actor/dvac_chunk_factor_std,84,83,0.11384686827659607,1789592818.1460886
train/actor/dvac_chunk_factor_std,85,84,0.10458838194608688,1789593695.8568265
train/actor/dvac_chunk_factor_std,86,85,0.11052750051021576,1789594324.574252
train/actor/dvac_chunk_factor_std,87,86,0.1007019579410553,1789594936.4798095
train/actor/dvac_chunk_factor_std,88,87,0.09727790951728821,1789595531.9287987
train/actor/dvac_chunk_factor_std,89,88,0.10469210892915726,1789596163.6068668
train/actor/dvac_chunk_factor_std,90,89,0.11070035398006439,1789597068.7752767
train/actor/dvac_chunk_factor_std,91,90,0.10708418488502502,1789597690.5813532
train/actor/dvac_chunk_factor_std,92,91,0.11052477359771729,1789598318.3553298
train/actor/dvac_chunk_factor_std,93,92,0.10385136306285858,1789598920.6070418
train/actor/dvac_chunk_factor_std,94,93,0.0994940772652626,1789599581.2745118
train/actor/dvac_chunk_factor_std,95,94,0.10876975208520889,1789600443.6663353
train/actor/dvac_chunk_factor_std,96,95,0.10758320987224579,1789601046.932198
train/actor/dvac_chunk_factor_std,97,96,0.11200793087482452,1789601642.5959778
train/actor/dvac_chunk_factor_std,98,97,0.10711222887039185,1789602260.2306361
train/actor/dvac_chunk_factor_std,99,98,0.10633502900600433,1789602858.8774593
train/actor/dvac_chunk_factor_std,100,99,0.0989624485373497,1789603757.3859823
train/actor/dvac_chunk_factor_std,101,100,0.11065347492694855,1789604416.543694
train/actor/dvac_chunk_factor_std,102,101,0.10219395160675049,1789605017.349749
train/actor/dvac_chunk_factor_std,103,102,0.10063151270151138,1789605628.443771
train/actor/dvac_chunk_factor_std,104,103,0.114803746342659,1789606257.6875408
train/actor/dvac_chunk_factor_std,105,104,0.09342397004365921,1789607164.5752258
train/actor/dvac_chunk_factor_std,106,105,0.10128524899482727,1789607783.3548856
train/actor/dvac_chunk_factor_std,107,106,0.10165242850780487,1789608388.1184409
train/actor/dvac_chunk_factor_std,108,107,0.10778918862342834,1789608993.6137278
train/actor/dvac_chunk_factor_std,109,108,0.11386460065841675,1789609610.095331
train/actor/dvac_chunk_factor_std,110,109,0.1048128679394722,1789610521.1160119
train/actor/dvac_chunk_factor_std,111,110,0.11180700361728668,1789611152.298157
train/actor/dvac_chunk_factor_std,112,111,0.09750036150217056,1789611764.0933685
train/actor/dvac_chunk_factor_std,113,112,0.10345344990491867,1789612380.6680305
train/actor/dvac_chunk_factor_std,114,113,0.10414563119411469,1789612983.360229
train/actor/dvac_chunk_factor_std,115,114,0.09519670903682709,1789613886.1614583
train/actor/dvac_chunk_factor_std,116,115,0.10919399559497833,1789614520.8895955
train/actor/dvac_chunk_factor_std,117,116,0.0993431881070137,1789615144.637707
train/actor/dvac_chunk_factor_std,118,117,0.09825047105550766,1789615763.7870858
train/actor/dvac_chunk_factor_std,119,118,0.09895242750644684,1789616389.2331586
train/actor/dvac_chunk_factor_std,120,119,0.10245455801486969,1789617316.7680173
train/actor/dvac_chunk_factor_std,121,120,0.08882566541433334,1789617958.7380424
train/actor/dvac_group_count,1,0,16.0,1789537370.7550082
train/actor/dvac_group_count,2,1,16.0,1789537988.1696997
train/actor/dvac_group_count,3,2,16.0,1789538585.9917588
train/actor/dvac_group_count,4,3,16.0,1789539222.1047509
train/actor/dvac_group_count,5,4,16.0,1789540098.3021452
train/actor/dvac_group_count,6,5,16.0,1789540697.160912
train/actor/dvac_group_count,7,6,16.0,1789541296.7117162
train/actor/dvac_group_count,8,7,16.0,1789541912.487526
train/actor/dvac_group_count,9,8,16.0,1789542519.6955323
train/actor/dvac_group_count,10,9,16.0,1789543400.8672774
train/actor/dvac_group_count,11,10,16.0,1789544015.346169
train/actor/dvac_group_count,12,11,16.0,1789544622.4572191
train/actor/dvac_group_count,13,12,16.0,1789545234.739701
train/actor/dvac_group_count,14,13,16.0,1789545829.1927722
train/actor/dvac_group_count,15,14,16.0,1789546690.784895
train/actor/dvac_group_count,16,15,16.0,1789547284.207868
train/actor/dvac_group_count,17,16,16.0,1789547893.7013984
train/actor/dvac_group_count,18,17,16.0,1789548492.1679888
train/actor/dvac_group_count,19,18,16.0,1789549104.0366435
train/actor/dvac_group_count,20,19,16.0,1789549984.6884136
train/actor/dvac_group_count,21,20,16.0,1789550587.884765
train/actor/dvac_group_count,22,21,16.0,1789551215.980887
train/actor/dvac_group_count,23,22,16.0,1789551832.3183424
train/actor/dvac_group_count,24,23,16.0,1789552430.445853
train/actor/dvac_group_count,25,24,16.0,1789553335.3217685
train/actor/dvac_group_count,26,25,16.0,1789553965.9710183
train/actor/dvac_group_count,27,26,16.0,1789554602.745976
train/actor/dvac_group_count,28,27,16.0,1789555219.6582165
train/actor/dvac_group_count,29,28,16.0,1789555844.5651755
train/actor/dvac_group_count,30,29,16.0,1789556767.3372169
train/actor/dvac_group_count,31,30,16.0,1789557383.6018705
train/actor/dvac_group_count,32,31,16.0,1789558051.4292994
train/actor/dvac_group_count,33,32,16.0,1789558681.6498742
train/actor/dvac_group_count,34,33,16.0,1789559281.6295831
train/actor/dvac_group_count,35,34,16.0,1789560144.4762487
train/actor/dvac_group_count,36,35,16.0,1789560759.9131155
train/actor/dvac_group_count,37,36,16.0,1789561371.4040732
train/actor/dvac_group_count,38,37,16.0,1789562006.9508297
train/actor/dvac_group_count,39,38,16.0,1789562614.2174685
train/actor/dvac_group_count,40,39,16.0,1789563500.9341965
train/actor/dvac_group_count,41,40,16.0,1789564108.5046046
train/actor/dvac_group_count,42,41,16.0,1789564713.1758702
train/actor/dvac_group_count,43,42,16.0,1789565323.2109072
train/actor/dvac_group_count,44,43,16.0,1789565951.006531
train/actor/dvac_group_count,45,44,16.0,1789566814.0315292
train/actor/dvac_group_count,46,45,16.0,1789567419.3413384
train/actor/dvac_group_count,47,46,16.0,1789568014.7979536
train/actor/dvac_group_count,48,47,16.0,1789568641.7365708
train/actor/dvac_group_count,49,48,16.0,1789569273.1074116
train/actor/dvac_group_count,50,49,16.0,1789570189.8580647
train/actor/dvac_group_count,51,50,16.0,1789570818.38987
train/actor/dvac_group_count,52,51,16.0,1789571425.1515467
train/actor/dvac_group_count,53,52,16.0,1789572041.461026
train/actor/dvac_group_count,54,53,16.0,1789572636.6603727
train/actor/dvac_group_count,55,54,16.0,1789573517.0589375
train/actor/dvac_group_count,56,55,16.0,1789574124.088055
train/actor/dvac_group_count,57,56,16.0,1789574734.9018884
train/actor/dvac_group_count,58,57,16.0,1789575351.7541373
train/actor/dvac_group_count,59,58,16.0,1789575966.8083868
train/actor/dvac_group_count,60,59,16.0,1789576897.9928093
train/actor/dvac_group_count,61,60,16.0,1789577495.973682
train/actor/dvac_group_count,62,61,16.0,1789578115.376646
train/actor/dvac_group_count,63,62,16.0,1789578755.1000843
train/actor/dvac_group_count,64,63,16.0,1789579360.201697
train/actor/dvac_group_count,65,64,16.0,1789580294.2198098
train/actor/dvac_group_count,66,65,16.0,1789580920.5003946
train/actor/dvac_group_count,67,66,16.0,1789581536.9569137
train/actor/dvac_group_count,68,67,16.0,1789582143.1686945
train/actor/dvac_group_count,69,68,16.0,1789582754.8739567
train/actor/dvac_group_count,70,69,16.0,1789583642.0352657
train/actor/dvac_group_count,71,70,16.0,1789584278.9293015
train/actor/dvac_group_count,72,71,16.0,1789584906.547411
train/actor/dvac_group_count,73,72,16.0,1789585514.5529146
train/actor/dvac_group_count,74,73,16.0,1789586115.4026675
train/actor/dvac_group_count,75,74,16.0,1789586988.6041067
train/actor/dvac_group_count,76,75,16.0,1789587609.956682
train/actor/dvac_group_count,77,76,16.0,1789588236.8307624
train/actor/dvac_group_count,78,77,16.0,1789588860.620186
train/actor/dvac_group_count,79,78,16.0,1789589473.1306553
train/actor/dvac_group_count,80,79,16.0,1789590358.723168
train/actor/dvac_group_count,81,80,16.0,1789590972.5343235
train/actor/dvac_group_count,82,81,16.0,1789591597.88581
train/actor/dvac_group_count,83,82,16.0,1789592199.822551
train/actor/dvac_group_count,84,83,16.0,1789592818.146095
train/actor/dvac_group_count,85,84,16.0,1789593695.8568344
train/actor/dvac_group_count,86,85,16.0,1789594324.5742583
train/actor/dvac_group_count,87,86,16.0,1789594936.4798164
train/actor/dvac_group_count,88,87,16.0,1789595531.9288046
train/actor/dvac_group_count,89,88,16.0,1789596163.606873
train/actor/dvac_group_count,90,89,16.0,1789597068.7752843
train/actor/dvac_group_count,91,90,16.0,1789597690.581359
train/actor/dvac_group_count,92,91,16.0,1789598318.3553362
train/actor/dvac_group_count,93,92,16.0,1789598920.6070478
train/actor/dvac_group_count,94,93,16.0,1789599581.2745168
train/actor/dvac_group_count,95,94,16.0,1789600443.666341
train/actor/dvac_group_count,96,95,16.0,1789601046.932205
train/actor/dvac_group_count,97,96,16.0,1789601642.5959854
train/actor/dvac_group_count,98,97,16.0,1789602260.2306418
train/actor/dvac_group_count,99,98,16.0,1789602858.877465
train/actor/dvac_group_count,100,99,16.0,1789603757.3859887
train/actor/dvac_group_count,101,100,16.0,1789604416.5437012
train/actor/dvac_group_count,102,101,16.0,1789605017.3497558
train/actor/dvac_group_count,103,102,16.0,1789605628.443777
train/actor/dvac_group_count,104,103,16.0,1789606257.6875472
train/actor/dvac_group_count,105,104,16.0,1789607164.5752318
train/actor/dvac_group_count,106,105,16.0,1789607783.3548918
train/actor/dvac_group_count,107,106,16.0,1789608388.1184475
train/actor/dvac_group_count,108,107,16.0,1789608993.6137347
train/actor/dvac_group_count,109,108,16.0,1789609610.0953372
train/actor/dvac_group_count,110,109,16.0,1789610521.1160207
train/actor/dvac_group_count,111,110,16.0,1789611152.2981632
train/actor/dvac_group_count,112,111,16.0,1789611764.0933745
train/actor/dvac_group_count,113,112,16.0,1789612380.668037
train/actor/dvac_group_count,114,113,16.0,1789612983.3602393
train/actor/dvac_group_count,115,114,16.0,1789613886.1614647
train/actor/dvac_group_count,116,115,16.0,1789614520.8896003
train/actor/dvac_group_count,117,116,16.0,1789615144.6377134
train/actor/dvac_group_count,118,117,16.0,1789615763.787092
train/actor/dvac_group_count,119,118,16.0,1789616389.2331648
train/actor/dvac_group_count,120,119,16.0,1789617316.7680237
train/actor/dvac_group_count,121,120,16.0,1789617958.7380486
train/actor/dvac_local_center_error,1,0,1.7881393432617188e-07,1789537370.7550132
train/actor/dvac_local_center_error,2,1,1.7881393432617188e-07,1789537988.1697063
train/actor/dvac_local_center_error,3,2,1.7881393432617188e-07,1789538585.9917648
train/actor/dvac_local_center_error,4,3,1.7881393432617188e-07,1789539222.1047568
train/actor/dvac_local_center_error,5,4,1.7881393432617188e-07,1789540098.3021586
train/actor/dvac_local_center_error,6,5,1.7881393432617188e-07,1789540697.1609182
train/actor/dvac_local_center_error,7,6,1.7881393432617188e-07,1789541296.7117238
train/actor/dvac_local_center_error,8,7,1.7881393432617188e-07,1789541912.4875305
train/actor/dvac_local_center_error,9,8,1.1920928955078125e-07,1789542519.6955383
train/actor/dvac_local_center_error,10,9,1.1920928955078125e-07,1789543400.8672845
train/actor/dvac_local_center_error,11,10,1.7881393432617188e-07,1789544015.3461747
train/actor/dvac_local_center_error,12,11,1.7881393432617188e-07,1789544622.457229
train/actor/dvac_local_center_error,13,12,1.7881393432617188e-07,1789545234.739708
train/actor/dvac_local_center_error,14,13,1.1920928955078125e-07,1789545829.1927776
train/actor/dvac_local_center_error,15,14,1.7881393432617188e-07,1789546690.7849061
train/actor/dvac_local_center_error,16,15,1.1920928955078125e-07,1789547284.2078767
train/actor/dvac_local_center_error,17,16,1.7881393432617188e-07,1789547893.7014043
train/actor/dvac_local_center_error,18,17,1.7881393432617188e-07,1789548492.1679955
train/actor/dvac_local_center_error,19,18,1.7881393432617188e-07,1789549104.0366502
train/actor/dvac_local_center_error,20,19,1.7881393432617188e-07,1789549984.6884186
train/actor/dvac_local_center_error,21,20,1.7881393432617188e-07,1789550587.884771
train/actor/dvac_local_center_error,22,21,1.7881393432617188e-07,1789551215.980893
train/actor/dvac_local_center_error,23,22,1.7881393432617188e-07,1789551832.3183482
train/actor/dvac_local_center_error,24,23,1.7881393432617188e-07,1789552430.44586
train/actor/dvac_local_center_error,25,24,1.7881393432617188e-07,1789553335.3217788
train/actor/dvac_local_center_error,26,25,1.7881393432617188e-07,1789553965.9710267
train/actor/dvac_local_center_error,27,26,1.7881393432617188e-07,1789554602.7459824
train/actor/dvac_local_center_error,28,27,1.7881393432617188e-07,1789555219.6582234
train/actor/dvac_local_center_error,29,28,1.1920928955078125e-07,1789555844.5651824
train/actor/dvac_local_center_error,30,29,1.7881393432617188e-07,1789556767.337224
train/actor/dvac_local_center_error,31,30,1.7881393432617188e-07,1789557383.6018765
train/actor/dvac_local_center_error,32,31,1.7881393432617188e-07,1789558051.4293053
train/actor/dvac_local_center_error,33,32,1.7881393432617188e-07,1789558681.6498804
train/actor/dvac_local_center_error,34,33,1.7881393432617188e-07,1789559281.6295896
train/actor/dvac_local_center_error,35,34,1.7881393432617188e-07,1789560144.476255
train/actor/dvac_local_center_error,36,35,1.7881393432617188e-07,1789560759.9131274
train/actor/dvac_local_center_error,37,36,1.7881393432617188e-07,1789561371.4040794
train/actor/dvac_local_center_error,38,37,1.7881393432617188e-07,1789562006.9508357
train/actor/dvac_local_center_error,39,38,1.7881393432617188e-07,1789562614.2174757
train/actor/dvac_local_center_error,40,39,1.7881393432617188e-07,1789563500.9342024
train/actor/dvac_local_center_error,41,40,1.7881393432617188e-07,1789564108.5046113
train/actor/dvac_local_center_error,42,41,1.7881393432617188e-07,1789564713.1758761
train/actor/dvac_local_center_error,43,42,1.1920928955078125e-07,1789565323.2109127
train/actor/dvac_local_center_error,44,43,1.1920928955078125e-07,1789565951.006537
train/actor/dvac_local_center_error,45,44,1.7881393432617188e-07,1789566814.0315337
train/actor/dvac_local_center_error,46,45,1.7881393432617188e-07,1789567419.3413453
train/actor/dvac_local_center_error,47,46,1.7881393432617188e-07,1789568014.797961
train/actor/dvac_local_center_error,48,47,1.7881393432617188e-07,1789568641.7365801
train/actor/dvac_local_center_error,49,48,1.7881393432617188e-07,1789569273.1074176
train/actor/dvac_local_center_error,50,49,1.7881393432617188e-07,1789570189.8580728
train/actor/dvac_local_center_error,51,50,1.7881393432617188e-07,1789570818.389877
train/actor/dvac_local_center_error,52,51,1.7881393432617188e-07,1789571425.1515675
train/actor/dvac_local_center_error,53,52,1.7881393432617188e-07,1789572041.4610329
train/actor/dvac_local_center_error,54,53,1.7881393432617188e-07,1789572636.6603785
train/actor/dvac_local_center_error,55,54,1.7881393432617188e-07,1789573517.0589468
train/actor/dvac_local_center_error,56,55,1.7881393432617188e-07,1789574124.088061
train/actor/dvac_local_center_error,57,56,1.7881393432617188e-07,1789574734.9018965
train/actor/dvac_local_center_error,58,57,2.384185791015625e-07,1789575351.7541435
train/actor/dvac_local_center_error,59,58,1.7881393432617188e-07,1789575966.8083935
train/actor/dvac_local_center_error,60,59,1.1920928955078125e-07,1789576897.9928145
train/actor/dvac_local_center_error,61,60,1.7881393432617188e-07,1789577495.9736884
train/actor/dvac_local_center_error,62,61,1.7881393432617188e-07,1789578115.3766594
train/actor/dvac_local_center_error,63,62,1.7881393432617188e-07,1789578755.1000912
train/actor/dvac_local_center_error,64,63,1.7881393432617188e-07,1789579360.2017055
train/actor/dvac_local_center_error,65,64,1.7881393432617188e-07,1789580294.2198153
train/actor/dvac_local_center_error,66,65,1.7881393432617188e-07,1789580920.5004005
train/actor/dvac_local_center_error,67,66,1.7881393432617188e-07,1789581536.9569252
train/actor/dvac_local_center_error,68,67,1.7881393432617188e-07,1789582143.168701
train/actor/dvac_local_center_error,69,68,1.1920928955078125e-07,1789582754.873963
train/actor/dvac_local_center_error,70,69,1.7881393432617188e-07,1789583642.0352752
train/actor/dvac_local_center_error,71,70,1.7881393432617188e-07,1789584278.9293096
train/actor/dvac_local_center_error,72,71,1.7881393432617188e-07,1789584906.547417
train/actor/dvac_local_center_error,73,72,1.7881393432617188e-07,1789585514.5529213
train/actor/dvac_local_center_error,74,73,1.7881393432617188e-07,1789586115.4026747
train/actor/dvac_local_center_error,75,74,1.7881393432617188e-07,1789586988.6041124
train/actor/dvac_local_center_error,76,75,1.7881393432617188e-07,1789587609.9566882
train/actor/dvac_local_center_error,77,76,1.1920928955078125e-07,1789588236.8307686
train/actor/dvac_local_center_error,78,77,1.7881393432617188e-07,1789588860.620192
train/actor/dvac_local_center_error,79,78,1.7881393432617188e-07,1789589473.1306615
train/actor/dvac_local_center_error,80,79,1.7881393432617188e-07,1789590358.7231739
train/actor/dvac_local_center_error,81,80,1.7881393432617188e-07,1789590972.5343294
train/actor/dvac_local_center_error,82,81,1.7881393432617188e-07,1789591597.8858168
train/actor/dvac_local_center_error,83,82,1.7881393432617188e-07,1789592199.822557
train/actor/dvac_local_center_error,84,83,1.7881393432617188e-07,1789592818.1461012
train/actor/dvac_local_center_error,85,84,1.7881393432617188e-07,1789593695.8568423
train/actor/dvac_local_center_error,86,85,1.1920928955078125e-07,1789594324.574266
train/actor/dvac_local_center_error,87,86,1.7881393432617188e-07,1789594936.4798238
train/actor/dvac_local_center_error,88,87,1.7881393432617188e-07,1789595531.9288108
train/actor/dvac_local_center_error,89,88,1.7881393432617188e-07,1789596163.6068792
train/actor/dvac_local_center_error,90,89,1.7881393432617188e-07,1789597068.7752924
train/actor/dvac_local_center_error,91,90,1.7881393432617188e-07,1789597690.5813646
train/actor/dvac_local_center_error,92,91,1.7881393432617188e-07,1789598318.3553424
train/actor/dvac_local_center_error,93,92,1.7881393432617188e-07,1789598920.6070538
train/actor/dvac_local_center_error,94,93,2.384185791015625e-07,1789599581.2745216
train/actor/dvac_local_center_error,95,94,1.7881393432617188e-07,1789600443.6663475
train/actor/dvac_local_center_error,96,95,1.7881393432617188e-07,1789601046.932211
train/actor/dvac_local_center_error,97,96,1.7881393432617188e-07,1789601642.5959933
train/actor/dvac_local_center_error,98,97,1.7881393432617188e-07,1789602260.2306476
train/actor/dvac_local_center_error,99,98,1.7881393432617188e-07,1789602858.877471
train/actor/dvac_local_center_error,100,99,1.7881393432617188e-07,1789603757.3859942
train/actor/dvac_local_center_error,101,100,1.7881393432617188e-07,1789604416.5437086
train/actor/dvac_local_center_error,102,101,1.7881393432617188e-07,1789605017.3497615
train/actor/dvac_local_center_error,103,102,1.7881393432617188e-07,1789605628.4437828
train/actor/dvac_local_center_error,104,103,1.7881393432617188e-07,1789606257.6875527
train/actor/dvac_local_center_error,105,104,1.7881393432617188e-07,1789607164.575238
train/actor/dvac_local_center_error,106,105,1.7881393432617188e-07,1789607783.3548982
train/actor/dvac_local_center_error,107,106,1.7881393432617188e-07,1789608388.1184533
train/actor/dvac_local_center_error,108,107,1.7881393432617188e-07,1789608993.6137412
train/actor/dvac_local_center_error,109,108,1.7881393432617188e-07,1789609610.095343
train/actor/dvac_local_center_error,110,109,1.1920928955078125e-07,1789610521.1160274
train/actor/dvac_local_center_error,111,110,1.7881393432617188e-07,1789611152.2981691
train/actor/dvac_local_center_error,112,111,1.7881393432617188e-07,1789611764.0933807
train/actor/dvac_local_center_error,113,112,1.7881393432617188e-07,1789612380.6680434
train/actor/dvac_local_center_error,114,113,1.7881393432617188e-07,1789612983.3602452
train/actor/dvac_local_center_error,115,114,1.7881393432617188e-07,1789613886.161471
train/actor/dvac_local_center_error,116,115,1.7881393432617188e-07,1789614520.8896053
train/actor/dvac_local_center_error,117,116,1.7881393432617188e-07,1789615144.6377203
train/actor/dvac_local_center_error,118,117,1.7881393432617188e-07,1789615763.7870982
train/actor/dvac_local_center_error,119,118,1.7881393432617188e-07,1789616389.2331707
train/actor/dvac_local_center_error,120,119,1.7881393432617188e-07,1789617316.7680297
train/actor/dvac_local_center_error,121,120,1.7881393432617188e-07,1789617958.7380548
train/actor/dvac_negative_adv_mass_ratio,1,0,1.0,1789537370.7550182
train/actor/dvac_negative_adv_mass_ratio,2,1,1.0,1789537988.1697118
train/actor/dvac_negative_adv_mass_ratio,3,2,1.0,1789538585.991771
train/actor/dvac_negative_adv_mass_ratio,4,3,1.0,1789539222.1047628
train/actor/dvac_negative_adv_mass_ratio,5,4,1.0,1789540098.3021715
train/actor/dvac_negative_adv_mass_ratio,6,5,1.0,1789540697.1609242
train/actor/dvac_negative_adv_mass_ratio,7,6,1.0,1789541296.7117302
train/actor/dvac_negative_adv_mass_ratio,8,7,1.0,1789541912.487535
train/actor/dvac_negative_adv_mass_ratio,9,8,1.0,1789542519.695544
train/actor/dvac_negative_adv_mass_ratio,10,9,1.0,1789543400.8672922
train/actor/dvac_negative_adv_mass_ratio,11,10,1.0,1789544015.3461812
train/actor/dvac_negative_adv_mass_ratio,12,11,1.0,1789544622.4572377
train/actor/dvac_negative_adv_mass_ratio,13,12,1.0,1789545234.7397144
train/actor/dvac_negative_adv_mass_ratio,14,13,1.0,1789545829.1927836
train/actor/dvac_negative_adv_mass_ratio,15,14,1.0,1789546690.784918
train/actor/dvac_negative_adv_mass_ratio,16,15,1.0,1789547284.2078855
train/actor/dvac_negative_adv_mass_ratio,17,16,1.0,1789547893.7014103
train/actor/dvac_negative_adv_mass_ratio,18,17,1.0,1789548492.1680012
train/actor/dvac_negative_adv_mass_ratio,19,18,1.0,1789549104.0366566
train/actor/dvac_negative_adv_mass_ratio,20,19,1.0,1789549984.6884234
train/actor/dvac_negative_adv_mass_ratio,21,20,1.0,1789550587.8847775
train/actor/dvac_negative_adv_mass_ratio,22,21,1.0,1789551215.9809031
train/actor/dvac_negative_adv_mass_ratio,23,22,1.0,1789551832.3183541
train/actor/dvac_negative_adv_mass_ratio,24,23,1.0,1789552430.4458666
train/actor/dvac_negative_adv_mass_ratio,25,24,1.0,1789553335.3217883
train/actor/dvac_negative_adv_mass_ratio,26,25,1.0,1789553965.9710355
train/actor/dvac_negative_adv_mass_ratio,27,26,1.0,1789554602.7459884
train/actor/dvac_negative_adv_mass_ratio,28,27,1.0,1789555219.6582296
train/actor/dvac_negative_adv_mass_ratio,29,28,1.0,1789555844.5651886
train/actor/dvac_negative_adv_mass_ratio,30,29,1.0,1789556767.337231
train/actor/dvac_negative_adv_mass_ratio,31,30,1.0,1789557383.6018822
train/actor/dvac_negative_adv_mass_ratio,32,31,1.0,1789558051.4293113
train/actor/dvac_negative_adv_mass_ratio,33,32,1.0,1789558681.6498864
train/actor/dvac_negative_adv_mass_ratio,34,33,1.0,1789559281.6295953
train/actor/dvac_negative_adv_mass_ratio,35,34,1.0,1789560144.476261
train/actor/dvac_negative_adv_mass_ratio,36,35,1.0,1789560759.9131393
train/actor/dvac_negative_adv_mass_ratio,37,36,1.0,1789561371.4040852
train/actor/dvac_negative_adv_mass_ratio,38,37,1.0,1789562006.950842
train/actor/dvac_negative_adv_mass_ratio,39,38,1.0,1789562614.2174816
train/actor/dvac_negative_adv_mass_ratio,40,39,1.0,1789563500.9342089
train/actor/dvac_negative_adv_mass_ratio,41,40,1.0,1789564108.5046177
train/actor/dvac_negative_adv_mass_ratio,42,41,1.0,1789564713.1758816
train/actor/dvac_negative_adv_mass_ratio,43,42,1.0,1789565323.210919
train/actor/dvac_negative_adv_mass_ratio,44,43,1.0,1789565951.0065432
train/actor/dvac_negative_adv_mass_ratio,45,44,1.0,1789566814.0315385
train/actor/dvac_negative_adv_mass_ratio,46,45,1.0,1789567419.3413515
train/actor/dvac_negative_adv_mass_ratio,47,46,1.0,1789568014.7979674
train/actor/dvac_negative_adv_mass_ratio,48,47,1.0,1789568641.7365885
train/actor/dvac_negative_adv_mass_ratio,49,48,1.0,1789569273.107424
train/actor/dvac_negative_adv_mass_ratio,50,49,1.0,1789570189.8580813
train/actor/dvac_negative_adv_mass_ratio,51,50,1.0,1789570818.3898842
train/actor/dvac_negative_adv_mass_ratio,52,51,1.0,1789571425.1515892
train/actor/dvac_negative_adv_mass_ratio,53,52,1.0,1789572041.4610398
train/actor/dvac_negative_adv_mass_ratio,54,53,1.0,1789572636.660384
train/actor/dvac_negative_adv_mass_ratio,55,54,1.0,1789573517.0589566
train/actor/dvac_negative_adv_mass_ratio,56,55,1.0,1789574124.0880675
train/actor/dvac_negative_adv_mass_ratio,57,56,1.0,1789574734.9019027
train/actor/dvac_negative_adv_mass_ratio,58,57,1.0,1789575351.7541497
train/actor/dvac_negative_adv_mass_ratio,59,58,1.0,1789575966.8084004
train/actor/dvac_negative_adv_mass_ratio,60,59,1.0,1789576897.9928205
train/actor/dvac_negative_adv_mass_ratio,61,60,1.0,1789577495.9736946
train/actor/dvac_negative_adv_mass_ratio,62,61,1.0,1789578115.3766713
train/actor/dvac_negative_adv_mass_ratio,63,62,1.0,1789578755.1000981
train/actor/dvac_negative_adv_mass_ratio,64,63,1.0,1789579360.2017124
train/actor/dvac_negative_adv_mass_ratio,65,64,1.0,1789580294.219821
train/actor/dvac_negative_adv_mass_ratio,66,65,1.0,1789580920.5004067
train/actor/dvac_negative_adv_mass_ratio,67,66,1.0,1789581536.9569378
train/actor/dvac_negative_adv_mass_ratio,68,67,1.0,1789582143.1687071
train/actor/dvac_negative_adv_mass_ratio,69,68,1.0,1789582754.8739688
train/actor/dvac_negative_adv_mass_ratio,70,69,1.0,1789583642.0352843
train/actor/dvac_negative_adv_mass_ratio,71,70,1.0,1789584278.9293182
train/actor/dvac_negative_adv_mass_ratio,72,71,1.0,1789584906.5474226
train/actor/dvac_negative_adv_mass_ratio,73,72,1.0,1789585514.5529273
train/actor/dvac_negative_adv_mass_ratio,74,73,1.0,1789586115.402682
train/actor/dvac_negative_adv_mass_ratio,75,74,1.0,1789586988.6041179
train/actor/dvac_negative_adv_mass_ratio,76,75,1.0,1789587609.9566941
train/actor/dvac_negative_adv_mass_ratio,77,76,1.0,1789588236.8307743
train/actor/dvac_negative_adv_mass_ratio,78,77,1.0,1789588860.6201978
train/actor/dvac_negative_adv_mass_ratio,79,78,1.0,1789589473.1306672
train/actor/dvac_negative_adv_mass_ratio,80,79,1.0,1789590358.7231796
train/actor/dvac_negative_adv_mass_ratio,81,80,1.0,1789590972.5343354
train/actor/dvac_negative_adv_mass_ratio,82,81,1.0,1789591597.8858228
train/actor/dvac_negative_adv_mass_ratio,83,82,1.0,1789592199.8225632
train/actor/dvac_negative_adv_mass_ratio,84,83,1.0,1789592818.1461074
train/actor/dvac_negative_adv_mass_ratio,85,84,1.0,1789593695.8568501
train/actor/dvac_negative_adv_mass_ratio,86,85,1.0,1789594324.5742729
train/actor/dvac_negative_adv_mass_ratio,87,86,1.0,1789594936.4798305
train/actor/dvac_negative_adv_mass_ratio,88,87,1.0,1789595531.9288168
train/actor/dvac_negative_adv_mass_ratio,89,88,1.0,1789596163.6068852
train/actor/dvac_negative_adv_mass_ratio,90,89,1.0,1789597068.7753005
train/actor/dvac_negative_adv_mass_ratio,91,90,1.0,1789597690.5813706
train/actor/dvac_negative_adv_mass_ratio,92,91,1.0,1789598318.355348
train/actor/dvac_negative_adv_mass_ratio,93,92,1.0,1789598920.60706
train/actor/dvac_negative_adv_mass_ratio,94,93,1.0,1789599581.274526
train/actor/dvac_negative_adv_mass_ratio,95,94,1.0,1789600443.6663537
train/actor/dvac_negative_adv_mass_ratio,96,95,1.0,1789601046.9322174
train/actor/dvac_negative_adv_mass_ratio,97,96,1.0,1789601642.5960007
train/actor/dvac_negative_adv_mass_ratio,98,97,1.0,1789602260.2306538
train/actor/dvac_negative_adv_mass_ratio,99,98,1.0,1789602858.877477
train/actor/dvac_negative_adv_mass_ratio,100,99,1.0,1789603757.3860002
train/actor/dvac_negative_adv_mass_ratio,101,100,1.0,1789604416.5437152
train/actor/dvac_negative_adv_mass_ratio,102,101,1.0,1789605017.349768
train/actor/dvac_negative_adv_mass_ratio,103,102,1.0,1789605628.443789
train/actor/dvac_negative_adv_mass_ratio,104,103,1.0,1789606257.6875584
train/actor/dvac_negative_adv_mass_ratio,105,104,1.0,1789607164.5752435
train/actor/dvac_negative_adv_mass_ratio,106,105,1.0,1789607783.3549042
train/actor/dvac_negative_adv_mass_ratio,107,106,1.0,1789608388.1184595
train/actor/dvac_negative_adv_mass_ratio,108,107,1.0,1789608993.6137474
train/actor/dvac_negative_adv_mass_ratio,109,108,1.0,1789609610.09535
train/actor/dvac_negative_adv_mass_ratio,110,109,1.0,1789610521.1160336
train/actor/dvac_negative_adv_mass_ratio,111,110,1.0,1789611152.2981749
train/actor/dvac_negative_adv_mass_ratio,112,111,1.0,1789611764.0933867
train/actor/dvac_negative_adv_mass_ratio,113,112,1.0,1789612380.668049
train/actor/dvac_negative_adv_mass_ratio,114,113,1.0,1789612983.3602505
train/actor/dvac_negative_adv_mass_ratio,115,114,1.0,1789613886.1614764
train/actor/dvac_negative_adv_mass_ratio,116,115,1.0,1789614520.8896103
train/actor/dvac_negative_adv_mass_ratio,117,116,1.0,1789615144.6377268
train/actor/dvac_negative_adv_mass_ratio,118,117,1.0,1789615763.787104
train/actor/dvac_negative_adv_mass_ratio,119,118,1.0,1789616389.2331765
train/actor/dvac_negative_adv_mass_ratio,120,119,1.0,1789617316.7680357
train/actor/dvac_negative_adv_mass_ratio,121,120,1.0,1789617958.7380607
train/actor/dvac_positive_adv_mass_ratio,1,0,0.9999998807907104,1789537370.7550225
train/actor/dvac_positive_adv_mass_ratio,2,1,1.0,1789537988.1697176
train/actor/dvac_positive_adv_mass_ratio,3,2,0.9999999403953552,1789538585.9917767
train/actor/dvac_positive_adv_mass_ratio,4,3,1.0,1789539222.104769
train/actor/dvac_positive_adv_mass_ratio,5,4,1.0,1789540098.3021832
train/actor/dvac_positive_adv_mass_ratio,6,5,1.0000001192092896,1789540697.1609297
train/actor/dvac_positive_adv_mass_ratio,7,6,0.9999999403953552,1789541296.711736
train/actor/dvac_positive_adv_mass_ratio,8,7,0.9999999403953552,1789541912.4875395
train/actor/dvac_positive_adv_mass_ratio,9,8,1.0000001192092896,1789542519.6955495
train/actor/dvac_positive_adv_mass_ratio,10,9,1.0000001192092896,1789543400.8672993
train/actor/dvac_positive_adv_mass_ratio,11,10,1.0,1789544015.3461864
train/actor/dvac_positive_adv_mass_ratio,12,11,1.0000001192092896,1789544622.457247
train/actor/dvac_positive_adv_mass_ratio,13,12,1.0,1789545234.73972
train/actor/dvac_positive_adv_mass_ratio,14,13,1.0000001192092896,1789545829.1927893
train/actor/dvac_positive_adv_mass_ratio,15,14,1.0000001192092896,1789546690.784929
train/actor/dvac_positive_adv_mass_ratio,16,15,1.0,1789547284.2078946
train/actor/dvac_positive_adv_mass_ratio,17,16,0.9999999403953552,1789547893.7014167
train/actor/dvac_positive_adv_mass_ratio,18,17,1.0,1789548492.1680076
train/actor/dvac_positive_adv_mass_ratio,19,18,1.0,1789549104.0366623
train/actor/dvac_positive_adv_mass_ratio,20,19,0.9999998807907104,1789549984.6884284
train/actor/dvac_positive_adv_mass_ratio,21,20,1.0000001192092896,1789550587.8847833
train/actor/dvac_positive_adv_mass_ratio,22,21,0.9999999403953552,1789551215.9809132
train/actor/dvac_positive_adv_mass_ratio,23,22,1.0,1789551832.31836
train/actor/dvac_positive_adv_mass_ratio,24,23,1.0,1789552430.4458723
train/actor/dvac_positive_adv_mass_ratio,25,24,1.0,1789553335.3217993
train/actor/dvac_positive_adv_mass_ratio,26,25,1.0,1789553965.971044
train/actor/dvac_positive_adv_mass_ratio,27,26,1.0000001192092896,1789554602.745994
train/actor/dvac_positive_adv_mass_ratio,28,27,1.0,1789555219.6582355
train/actor/dvac_positive_adv_mass_ratio,29,28,1.0,1789555844.565195
train/actor/dvac_positive_adv_mass_ratio,30,29,1.0000001192092896,1789556767.3372383
train/actor/dvac_positive_adv_mass_ratio,31,30,1.0,1789557383.601888
train/actor/dvac_positive_adv_mass_ratio,32,31,1.0,1789558051.4293175
train/actor/dvac_positive_adv_mass_ratio,33,32,1.0,1789558681.6498923
train/actor/dvac_positive_adv_mass_ratio,34,33,1.0000001192092896,1789559281.6296012
train/actor/dvac_positive_adv_mass_ratio,35,34,1.0,1789560144.476267
train/actor/dvac_positive_adv_mass_ratio,36,35,1.0,1789560759.9131513
train/actor/dvac_positive_adv_mass_ratio,37,36,1.0,1789561371.4040906
train/actor/dvac_positive_adv_mass_ratio,38,37,0.9999999403953552,1789562006.9508476
train/actor/dvac_positive_adv_mass_ratio,39,38,1.0000001192092896,1789562614.2174878
train/actor/dvac_positive_adv_mass_ratio,40,39,1.0,1789563500.9342146
train/actor/dvac_positive_adv_mass_ratio,41,40,0.9999998807907104,1789564108.5046237
train/actor/dvac_positive_adv_mass_ratio,42,41,1.0000001192092896,1789564713.1758876
train/actor/dvac_positive_adv_mass_ratio,43,42,0.9999999403953552,1789565323.2109249
train/actor/dvac_positive_adv_mass_ratio,44,43,1.0,1789565951.0065486
train/actor/dvac_positive_adv_mass_ratio,45,44,1.0,1789566814.031543
train/actor/dvac_positive_adv_mass_ratio,46,45,1.0,1789567419.3413575
train/actor/dvac_positive_adv_mass_ratio,47,46,1.0,1789568014.7979739
train/actor/dvac_positive_adv_mass_ratio,48,47,1.0,1789568641.7365975
train/actor/dvac_positive_adv_mass_ratio,49,48,0.9999999403953552,1789569273.1074305
train/actor/dvac_positive_adv_mass_ratio,50,49,1.0,1789570189.8580892
train/actor/dvac_positive_adv_mass_ratio,51,50,1.0000001192092896,1789570818.3898907
train/actor/dvac_positive_adv_mass_ratio,52,51,1.0,1789571425.1516097
train/actor/dvac_positive_adv_mass_ratio,53,52,1.0000001192092896,1789572041.4610462
train/actor/dvac_positive_adv_mass_ratio,54,53,1.0,1789572636.66039
train/actor/dvac_positive_adv_mass_ratio,55,54,0.9999998807907104,1789573517.0589662
train/actor/dvac_positive_adv_mass_ratio,56,55,1.0,1789574124.088074
train/actor/dvac_positive_adv_mass_ratio,57,56,1.0,1789574734.9019089
train/actor/dvac_positive_adv_mass_ratio,58,57,0.9999999403953552,1789575351.7541559
train/actor/dvac_positive_adv_mass_ratio,59,58,0.9999999403953552,1789575966.8084068
train/actor/dvac_positive_adv_mass_ratio,60,59,1.0,1789576897.9928257
train/actor/dvac_positive_adv_mass_ratio,61,60,1.0,1789577495.9737005
train/actor/dvac_positive_adv_mass_ratio,62,61,1.0,1789578115.376683
train/actor/dvac_positive_adv_mass_ratio,63,62,1.0,1789578755.100104
train/actor/dvac_positive_adv_mass_ratio,64,63,1.0,1789579360.2017198
train/actor/dvac_positive_adv_mass_ratio,65,64,0.9999999403953552,1789580294.2198265
train/actor/dvac_positive_adv_mass_ratio,66,65,1.0,1789580920.5004125
train/actor/dvac_positive_adv_mass_ratio,67,66,0.9999999403953552,1789581536.956949
train/actor/dvac_positive_adv_mass_ratio,68,67,1.0,1789582143.1687133
train/actor/dvac_positive_adv_mass_ratio,69,68,1.0,1789582754.8739753
train/actor/dvac_positive_adv_mass_ratio,70,69,1.0,1789583642.0352929
train/actor/dvac_positive_adv_mass_ratio,71,70,0.9999999403953552,1789584278.929326
train/actor/dvac_positive_adv_mass_ratio,72,71,1.0000001192092896,1789584906.5474286
train/actor/dvac_positive_adv_mass_ratio,73,72,0.9999999403953552,1789585514.552933
train/actor/dvac_positive_adv_mass_ratio,74,73,1.0,1789586115.4026892
train/actor/dvac_positive_adv_mass_ratio,75,74,0.9999999403953552,1789586988.6041236
train/actor/dvac_positive_adv_mass_ratio,76,75,1.0000001192092896,1789587609.9566998
train/actor/dvac_positive_adv_mass_ratio,77,76,0.9999999403953552,1789588236.8307805
train/actor/dvac_positive_adv_mass_ratio,78,77,1.0,1789588860.6202052
train/actor/dvac_positive_adv_mass_ratio,79,78,1.0,1789589473.1306734
train/actor/dvac_positive_adv_mass_ratio,80,79,1.0,1789590358.7231853
train/actor/dvac_positive_adv_mass_ratio,81,80,1.0000001192092896,1789590972.5343413
train/actor/dvac_positive_adv_mass_ratio,82,81,1.0000001192092896,1789591597.885829
train/actor/dvac_positive_adv_mass_ratio,83,82,1.0,1789592199.8225687
train/actor/dvac_positive_adv_mass_ratio,84,83,1.0000001192092896,1789592818.1461139
train/actor/dvac_positive_adv_mass_ratio,85,84,1.0,1789593695.8568575
train/actor/dvac_positive_adv_mass_ratio,86,85,1.0,1789594324.5742788
train/actor/dvac_positive_adv_mass_ratio,87,86,1.0,1789594936.479837
train/actor/dvac_positive_adv_mass_ratio,88,87,1.0,1789595531.9288225
train/actor/dvac_positive_adv_mass_ratio,89,88,1.0,1789596163.606891
train/actor/dvac_positive_adv_mass_ratio,90,89,1.0000001192092896,1789597068.7753084
train/actor/dvac_positive_adv_mass_ratio,91,90,1.0000001192092896,1789597690.5813763
train/actor/dvac_positive_adv_mass_ratio,92,91,1.0,1789598318.355354
train/actor/dvac_positive_adv_mass_ratio,93,92,1.0,1789598920.6070657
train/actor/dvac_positive_adv_mass_ratio,94,93,1.0000001192092896,1789599581.2745306
train/actor/dvac_positive_adv_mass_ratio,95,94,1.0000001192092896,1789600443.6663597
train/actor/dvac_positive_adv_mass_ratio,96,95,1.0,1789601046.9322238
train/actor/dvac_positive_adv_mass_ratio,97,96,1.0,1789601642.5960076
train/actor/dvac_positive_adv_mass_ratio,98,97,1.0000001192092896,1789602260.2306592
train/actor/dvac_positive_adv_mass_ratio,99,98,1.0,1789602858.8774827
train/actor/dvac_positive_adv_mass_ratio,100,99,0.9999998807907104,1789603757.3860059
train/actor/dvac_positive_adv_mass_ratio,101,100,1.0000001192092896,1789604416.5437217
train/actor/dvac_positive_adv_mass_ratio,102,101,1.0,1789605017.3497741
train/actor/dvac_positive_adv_mass_ratio,103,102,1.0,1789605628.443795
train/actor/dvac_positive_adv_mass_ratio,104,103,1.0000001192092896,1789606257.6875644
train/actor/dvac_positive_adv_mass_ratio,105,104,1.0,1789607164.5752492
train/actor/dvac_positive_adv_mass_ratio,106,105,1.000000238418579,1789607783.3549097
train/actor/dvac_positive_adv_mass_ratio,107,106,1.000000238418579,1789608388.1184652
train/actor/dvac_positive_adv_mass_ratio,108,107,1.0,1789608993.6137536
train/actor/dvac_positive_adv_mass_ratio,109,108,1.0000001192092896,1789609610.0953562
train/actor/dvac_positive_adv_mass_ratio,110,109,1.0000001192092896,1789610521.1160398
train/actor/dvac_positive_adv_mass_ratio,111,110,1.0000001192092896,1789611152.298181
train/actor/dvac_positive_adv_mass_ratio,112,111,1.0000001192092896,1789611764.0933926
train/actor/dvac_positive_adv_mass_ratio,113,112,1.0,1789612380.6680553
train/actor/dvac_positive_adv_mass_ratio,114,113,1.0000001192092896,1789612983.3602552
train/actor/dvac_positive_adv_mass_ratio,115,114,1.0000001192092896,1789613886.1614828
train/actor/dvac_positive_adv_mass_ratio,116,115,1.0,1789614520.8896155
train/actor/dvac_positive_adv_mass_ratio,117,116,1.000000238418579,1789615144.637733
train/actor/dvac_positive_adv_mass_ratio,118,117,1.0,1789615763.7871096
train/actor/dvac_positive_adv_mass_ratio,119,118,1.0,1789616389.2331822
train/actor/dvac_positive_adv_mass_ratio,120,119,1.0,1789617316.7680411
train/actor/dvac_positive_adv_mass_ratio,121,120,1.0000001192092896,1789617958.7380667
train/actor/dvac_valid_chunks,1,0,389.0,1789537370.7550275
train/actor/dvac_valid_chunks,2,1,396.0,1789537988.1697237
train/actor/dvac_valid_chunks,3,2,428.0,1789538585.9917827
train/actor/dvac_valid_chunks,4,3,328.0,1789539222.1047747
train/actor/dvac_valid_chunks,5,4,384.0,1789540098.3021953
train/actor/dvac_valid_chunks,6,5,427.0,1789540697.1609359
train/actor/dvac_valid_chunks,7,6,425.0,1789541296.7117422
train/actor/dvac_valid_chunks,8,7,424.0,1789541912.487544
train/actor/dvac_valid_chunks,9,8,379.0,1789542519.695555
train/actor/dvac_valid_chunks,10,9,391.0,1789543400.867306
train/actor/dvac_valid_chunks,11,10,304.0,1789544015.3461926
train/actor/dvac_valid_chunks,12,11,426.0,1789544622.457256
train/actor/dvac_valid_chunks,13,12,344.0,1789545234.7397263
train/actor/dvac_valid_chunks,14,13,327.0,1789545829.1927953
train/actor/dvac_valid_chunks,15,14,428.0,1789546690.7849398
train/actor/dvac_valid_chunks,16,15,393.0,1789547284.2079031
train/actor/dvac_valid_chunks,17,16,455.0,1789547893.701423
train/actor/dvac_valid_chunks,18,17,354.0,1789548492.1680138
train/actor/dvac_valid_chunks,19,18,383.0,1789549104.036669
train/actor/dvac_valid_chunks,20,19,337.0,1789549984.688433
train/actor/dvac_valid_chunks,21,20,472.0,1789550587.8847888
train/actor/dvac_valid_chunks,22,21,439.0,1789551215.9809194
train/actor/dvac_valid_chunks,23,22,386.0,1789551832.3183658
train/actor/dvac_valid_chunks,24,23,356.0,1789552430.4458787
train/actor/dvac_valid_chunks,25,24,421.0,1789553335.321814
train/actor/dvac_valid_chunks,26,25,445.0,1789553965.9710526
train/actor/dvac_valid_chunks,27,26,350.0,1789554602.7459998
train/actor/dvac_valid_chunks,28,27,490.0,1789555219.658242
train/actor/dvac_valid_chunks,29,28,380.0,1789555844.5652008
train/actor/dvac_valid_chunks,30,29,423.0,1789556767.3372455
train/actor/dvac_valid_chunks,31,30,415.0,1789557383.6018937
train/actor/dvac_valid_chunks,32,31,460.0,1789558051.429323
train/actor/dvac_valid_chunks,33,32,475.0,1789558681.649898
train/actor/dvac_valid_chunks,34,33,472.0,1789559281.6296067
train/actor/dvac_valid_chunks,35,34,402.0,1789560144.4762723
train/actor/dvac_valid_chunks,36,35,412.0,1789560759.9131625
train/actor/dvac_valid_chunks,37,36,350.0,1789561371.4040964
train/actor/dvac_valid_chunks,38,37,431.0,1789562006.9508533
train/actor/dvac_valid_chunks,39,38,419.0,1789562614.217494
train/actor/dvac_valid_chunks,40,39,359.0,1789563500.9342203
train/actor/dvac_valid_chunks,41,40,352.0,1789564108.5046299
train/actor/dvac_valid_chunks,42,41,446.0,1789564713.1758933
train/actor/dvac_valid_chunks,43,42,391.0,1789565323.2109327
train/actor/dvac_valid_chunks,44,43,352.0,1789565951.0065546
train/actor/dvac_valid_chunks,45,44,482.0,1789566814.0315473
train/actor/dvac_valid_chunks,46,45,411.0,1789567419.341364
train/actor/dvac_valid_chunks,47,46,357.0,1789568014.79798
train/actor/dvac_valid_chunks,48,47,391.0,1789568641.7366061
train/actor/dvac_valid_chunks,49,48,425.0,1789569273.1074367
train/actor/dvac_valid_chunks,50,49,360.0,1789570189.8580973
train/actor/dvac_valid_chunks,51,50,470.0,1789570818.3898964
train/actor/dvac_valid_chunks,52,51,374.0,1789571425.1516297
train/actor/dvac_valid_chunks,53,52,410.0,1789572041.4610527
train/actor/dvac_valid_chunks,54,53,412.0,1789572636.660396
train/actor/dvac_valid_chunks,55,54,358.0,1789573517.0589757
train/actor/dvac_valid_chunks,56,55,401.0,1789574124.08808
train/actor/dvac_valid_chunks,57,56,446.0,1789574734.901915
train/actor/dvac_valid_chunks,58,57,384.0,1789575351.7541614
train/actor/dvac_valid_chunks,59,58,451.0,1789575966.8084128
train/actor/dvac_valid_chunks,60,59,362.0,1789576897.9928317
train/actor/dvac_valid_chunks,61,60,443.0,1789577495.9737062
train/actor/dvac_valid_chunks,62,61,441.0,1789578115.376693
train/actor/dvac_valid_chunks,63,62,350.0,1789578755.10011
train/actor/dvac_valid_chunks,64,63,443.0,1789579360.2017267
train/actor/dvac_valid_chunks,65,64,458.0,1789580294.219833
train/actor/dvac_valid_chunks,66,65,449.0,1789580920.500418
train/actor/dvac_valid_chunks,67,66,423.0,1789581536.956961
train/actor/dvac_valid_chunks,68,67,453.0,1789582143.168719
train/actor/dvac_valid_chunks,69,68,449.0,1789582754.8739808
train/actor/dvac_valid_chunks,70,69,387.0,1789583642.0353012
train/actor/dvac_valid_chunks,71,70,453.0,1789584278.9293337
train/actor/dvac_valid_chunks,72,71,433.0,1789584906.5474348
train/actor/dvac_valid_chunks,73,72,423.0,1789585514.5529385
train/actor/dvac_valid_chunks,74,73,409.0,1789586115.402696
train/actor/dvac_valid_chunks,75,74,451.0,1789586988.604129
train/actor/dvac_valid_chunks,76,75,413.0,1789587609.9567058
train/actor/dvac_valid_chunks,77,76,392.0,1789588236.830786
train/actor/dvac_valid_chunks,78,77,340.0,1789588860.6202116
train/actor/dvac_valid_chunks,79,78,426.0,1789589473.1306794
train/actor/dvac_valid_chunks,80,79,428.0,1789590358.723191
train/actor/dvac_valid_chunks,81,80,401.0,1789590972.5343468
train/actor/dvac_valid_chunks,82,81,484.0,1789591597.8858347
train/actor/dvac_valid_chunks,83,82,433.0,1789592199.8225744
train/actor/dvac_valid_chunks,84,83,439.0,1789592818.1461194
train/actor/dvac_valid_chunks,85,84,428.0,1789593695.8568666
train/actor/dvac_valid_chunks,86,85,422.0,1789594324.5742872
train/actor/dvac_valid_chunks,87,86,391.0,1789594936.479844
train/actor/dvac_valid_chunks,88,87,462.0,1789595531.9288285
train/actor/dvac_valid_chunks,89,88,387.0,1789596163.6068966
train/actor/dvac_valid_chunks,90,89,450.0,1789597068.7753162
train/actor/dvac_valid_chunks,91,90,418.0,1789597690.581382
train/actor/dvac_valid_chunks,92,91,394.0,1789598318.3553603
train/actor/dvac_valid_chunks,93,92,370.0,1789598920.6070712
train/actor/dvac_valid_chunks,94,93,393.0,1789599581.2745357
train/actor/dvac_valid_chunks,95,94,354.0,1789600443.6663654
train/actor/dvac_valid_chunks,96,95,479.0,1789601046.9322295
train/actor/dvac_valid_chunks,97,96,390.0,1789601642.596016
train/actor/dvac_valid_chunks,98,97,416.0,1789602260.2306652
train/actor/dvac_valid_chunks,99,98,364.0,1789602858.8774884
train/actor/dvac_valid_chunks,100,99,398.0,1789603757.3860111
train/actor/dvac_valid_chunks,101,100,444.0,1789604416.5437284
train/actor/dvac_valid_chunks,102,101,439.0,1789605017.3497803
train/actor/dvac_valid_chunks,103,102,393.0,1789605628.443801
train/actor/dvac_valid_chunks,104,103,410.0,1789606257.6875696
train/actor/dvac_valid_chunks,105,104,455.0,1789607164.5752544
train/actor/dvac_valid_chunks,106,105,337.0,1789607783.3549154
train/actor/dvac_valid_chunks,107,106,383.0,1789608388.1184716
train/actor/dvac_valid_chunks,108,107,476.0,1789608993.6137595
train/actor/dvac_valid_chunks,109,108,413.0,1789609610.095362
train/actor/dvac_valid_chunks,110,109,444.0,1789610521.1160455
train/actor/dvac_valid_chunks,111,110,440.0,1789611152.298187
train/actor/dvac_valid_chunks,112,111,427.0,1789611764.0933983
train/actor/dvac_valid_chunks,113,112,454.0,1789612380.668061
train/actor/dvac_valid_chunks,114,113,443.0,1789612983.3602595
train/actor/dvac_valid_chunks,115,114,415.0,1789613886.1614885
train/actor/dvac_valid_chunks,116,115,453.0,1789614520.8896205
train/actor/dvac_valid_chunks,117,116,352.0,1789615144.637739
train/actor/dvac_valid_chunks,118,117,417.0,1789615763.7871156
train/actor/dvac_valid_chunks,119,118,341.0,1789616389.2331884
train/actor/dvac_valid_chunks,120,119,393.0,1789617316.768047
train/actor/dvac_valid_chunks,121,120,416.0,1789617958.7380722
train/actor/dvac_weight_max,1,0,1.9223346710205078,1789537370.7550423
train/actor/dvac_weight_max,2,1,1.953808307647705,1789537988.1697292
train/actor/dvac_weight_max,3,2,1.8980299234390259,1789538585.9917889
train/actor/dvac_weight_max,4,3,1.8357529640197754,1789539222.1047804
train/actor/dvac_weight_max,5,4,1.879718542098999,1789540098.3025913
train/actor/dvac_weight_max,6,5,1.9271451234817505,1789540697.160944
train/actor/dvac_weight_max,7,6,2.0012049674987793,1789541296.7117476
train/actor/dvac_weight_max,8,7,2.115658760070801,1789541912.4875488
train/actor/dvac_weight_max,9,8,1.955153226852417,1789542519.6955605
train/actor/dvac_weight_max,10,9,1.9388059377670288,1789543400.8674867
train/actor/dvac_weight_max,11,10,1.9242652654647827,1789544015.3461986
train/actor/dvac_weight_max,12,11,1.888482928276062,1789544622.4572656
train/actor/dvac_weight_max,13,12,1.8240561485290527,1789545234.7397327
train/actor/dvac_weight_max,14,13,1.901666283607483,1789545829.1928012
train/actor/dvac_weight_max,15,14,1.8420772552490234,1789546690.7852333
train/actor/dvac_weight_max,16,15,1.87578547000885,1789547284.2079122
train/actor/dvac_weight_max,17,16,1.9594429731369019,1789547893.7014287
train/actor/dvac_weight_max,18,17,1.9299051761627197,1789548492.1680198
train/actor/dvac_weight_max,19,18,1.8892089128494263,1789549104.0366743
train/actor/dvac_weight_max,20,19,2.0483295917510986,1789549984.6887872
train/actor/dvac_weight_max,21,20,1.91937255859375,1789550587.8847947
train/actor/dvac_weight_max,22,21,1.939432978630066,1789551215.980925
train/actor/dvac_weight_max,23,22,1.992349624633789,1789551832.3183715
train/actor/dvac_weight_max,24,23,1.959764003753662,1789552430.4458854
train/actor/dvac_weight_max,25,24,2.0128345489501953,1789553335.3222938
train/actor/dvac_weight_max,26,25,1.9249260425567627,1789553965.9710612
train/actor/dvac_weight_max,27,26,1.8654093742370605,1789554602.746006
train/actor/dvac_weight_max,28,27,1.9021239280700684,1789555219.6582484
train/actor/dvac_weight_max,29,28,1.949483871459961,1789555844.5652068
train/actor/dvac_weight_max,30,29,1.9570350646972656,1789556767.3374853
train/actor/dvac_weight_max,31,30,1.9329828023910522,1789557383.6018996
train/actor/dvac_weight_max,32,31,1.9489845037460327,1789558051.429329
train/actor/dvac_weight_max,33,32,2.0269477367401123,1789558681.6499045
train/actor/dvac_weight_max,34,33,1.9964760541915894,1789559281.6296124
train/actor/dvac_weight_max,35,34,2.026068925857544,1789560144.4764345
train/actor/dvac_weight_max,36,35,1.837815523147583,1789560759.913173
train/actor/dvac_weight_max,37,36,2.0019664764404297,1789561371.4041018
train/actor/dvac_weight_max,38,37,1.9474520683288574,1789562006.9508595
train/actor/dvac_weight_max,39,38,1.97676420211792,1789562614.2175004
train/actor/dvac_weight_max,40,39,1.9861152172088623,1789563500.9347024
train/actor/dvac_weight_max,41,40,1.9247633218765259,1789564108.504636
train/actor/dvac_weight_max,42,41,1.978725790977478,1789564713.1758988
train/actor/dvac_weight_max,43,42,1.9320117235183716,1789565323.210939
train/actor/dvac_weight_max,44,43,1.9261518716812134,1789565951.0065603
train/actor/dvac_weight_max,45,44,2.0306756496429443,1789566814.032078
train/actor/dvac_weight_max,46,45,2.0515475273132324,1789567419.3413699
train/actor/dvac_weight_max,47,46,1.9809986352920532,1789568014.7979863
train/actor/dvac_weight_max,48,47,1.8339325189590454,1789568641.7366147
train/actor/dvac_weight_max,49,48,2.0046420097351074,1789569273.1074424
train/actor/dvac_weight_max,50,49,2.031698226928711,1789570189.858604
train/actor/dvac_weight_max,51,50,1.9235143661499023,1789570818.3899024
train/actor/dvac_weight_max,52,51,1.9173060655593872,1789571425.1516507
train/actor/dvac_weight_max,53,52,1.888790488243103,1789572041.4610589
train/actor/dvac_weight_max,54,53,2.068429470062256,1789572636.6604018
train/actor/dvac_weight_max,55,54,1.915921926498413,1789573517.0591934
train/actor/dvac_weight_max,56,55,1.9189375638961792,1789574124.0880857
train/actor/dvac_weight_max,57,56,1.929077386856079,1789574734.9019213
train/actor/dvac_weight_max,58,57,1.8811520338058472,1789575351.754167
train/actor/dvac_weight_max,59,58,1.8894197940826416,1789575966.808419
train/actor/dvac_weight_max,60,59,2.0885512828826904,1789576897.993003
train/actor/dvac_weight_max,61,60,2.0017850399017334,1789577495.9737122
train/actor/dvac_weight_max,62,61,1.9444457292556763,1789578115.3767035
train/actor/dvac_weight_max,63,62,1.9436091184616089,1789578755.100116
train/actor/dvac_weight_max,64,63,1.871017575263977,1789579360.201734
train/actor/dvac_weight_max,65,64,2.066230058670044,1789580294.2200432
train/actor/dvac_weight_max,66,65,1.9278417825698853,1789580920.500424
train/actor/dvac_weight_max,67,66,2.007646083831787,1789581536.9569726
train/actor/dvac_weight_max,68,67,2.040503740310669,1789582143.168725
train/actor/dvac_weight_max,69,68,1.9296849966049194,1789582754.8739865
train/actor/dvac_weight_max,70,69,1.927690029144287,1789583642.0355804
train/actor/dvac_weight_max,71,70,1.9721957445144653,1789584278.929341
train/actor/dvac_weight_max,72,71,1.9755761623382568,1789584906.5474405
train/actor/dvac_weight_max,73,72,1.9764872789382935,1789585514.5529447
train/actor/dvac_weight_max,74,73,1.9513877630233765,1789586115.4027042
train/actor/dvac_weight_max,75,74,2.0286667346954346,1789586988.6043413
train/actor/dvac_weight_max,76,75,1.934543490409851,1789587609.9567115
train/actor/dvac_weight_max,77,76,2.0276920795440674,1789588236.8307915
train/actor/dvac_weight_max,78,77,1.9517827033996582,1789588860.620218
train/actor/dvac_weight_max,79,78,1.913358211517334,1789589473.130685
train/actor/dvac_weight_max,80,79,1.9560703039169312,1789590358.7234445
train/actor/dvac_weight_max,81,80,2.088724136352539,1789590972.5343525
train/actor/dvac_weight_max,82,81,1.9133085012435913,1789591597.885841
train/actor/dvac_weight_max,83,82,1.9873861074447632,1789592199.8225803
train/actor/dvac_weight_max,84,83,1.9942055940628052,1789592818.1461253
train/actor/dvac_weight_max,85,84,2.0238230228424072,1789593695.8570373
train/actor/dvac_weight_max,86,85,2.0912022590637207,1789594324.5742943
train/actor/dvac_weight_max,87,86,2.010718822479248,1789594936.4798512
train/actor/dvac_weight_max,88,87,1.9419790506362915,1789595531.928834
train/actor/dvac_weight_max,89,88,1.9567252397537231,1789596163.606903
train/actor/dvac_weight_max,90,89,2.1273884773254395,1789597068.7756643
train/actor/dvac_weight_max,91,90,1.8775300979614258,1789597690.5813882
train/actor/dvac_weight_max,92,91,2.0000593662261963,1789598318.355366
train/actor/dvac_weight_max,93,92,2.0887210369110107,1789598920.6070778
train/actor/dvac_weight_max,94,93,1.9340577125549316,1789599581.2745402
train/actor/dvac_weight_max,95,94,1.945618987083435,1789600443.6665695
train/actor/dvac_weight_max,96,95,2.109665870666504,1789601046.9322445
train/actor/dvac_weight_max,97,96,2.0771071910858154,1789601642.5960217
train/actor/dvac_weight_max,98,97,1.9491580724716187,1789602260.230671
train/actor/dvac_weight_max,99,98,2.040254592895508,1789602858.877494
train/actor/dvac_weight_max,100,99,2.0611214637756348,1789603757.3863804
train/actor/dvac_weight_max,101,100,1.918732762336731,1789604416.5437353
train/actor/dvac_weight_max,102,101,1.9730368852615356,1789605017.349786
train/actor/dvac_weight_max,103,102,1.897899866104126,1789605628.443807
train/actor/dvac_weight_max,104,103,2.0827648639678955,1789606257.6875758
train/actor/dvac_weight_max,105,104,2.0419411659240723,1789607164.5757482
train/actor/dvac_weight_max,106,105,2.016741991043091,1789607783.3549218
train/actor/dvac_weight_max,107,106,2.1416735649108887,1789608388.1184776
train/actor/dvac_weight_max,108,107,2.1543707847595215,1789608993.6137657
train/actor/dvac_weight_max,109,108,1.9859954118728638,1789609610.095368
train/actor/dvac_weight_max,110,109,1.9216326475143433,1789610521.1163845
train/actor/dvac_weight_max,111,110,1.9471023082733154,1789611152.298193
train/actor/dvac_weight_max,112,111,2.1013247966766357,1789611764.093405
train/actor/dvac_weight_max,113,112,2.023122787475586,1789612380.6680665
train/actor/dvac_weight_max,114,113,2.0099151134490967,1789612983.3602643
train/actor/dvac_weight_max,115,114,2.0090835094451904,1789613886.161778
train/actor/dvac_weight_max,116,115,1.9402780532836914,1789614520.889625
train/actor/dvac_weight_max,117,116,1.9302952289581299,1789615144.6377447
train/actor/dvac_weight_max,118,117,1.99894380569458,1789615763.7871213
train/actor/dvac_weight_max,119,118,2.105135440826416,1789616389.2331939
train/actor/dvac_weight_max,120,119,2.025474786758423,1789617316.7683134
train/actor/dvac_weight_max,121,120,2.022956609725952,1789617958.738078
train/actor/dvac_weight_mean,1,0,1.0,1789537370.7550483
train/actor/dvac_weight_mean,2,1,1.0000001192092896,1789537988.1697354
train/actor/dvac_weight_mean,3,2,1.0,1789538585.9917946
train/actor/dvac_weight_mean,4,3,1.0,1789539222.1047866
train/actor/dvac_weight_mean,5,4,1.0000001192092896,1789540098.302601
train/actor/dvac_weight_mean,6,5,1.0000001192092896,1789540697.1609504
train/actor/dvac_weight_mean,7,6,1.0,1789541296.7117538
train/actor/dvac_weight_mean,8,7,1.0000001192092896,1789541912.4875534
train/actor/dvac_weight_mean,9,8,1.0,1789542519.6955664
train/actor/dvac_weight_mean,10,9,1.0,1789543400.8674934
train/actor/dvac_weight_mean,11,10,0.9999998807907104,1789544015.346204
train/actor/dvac_weight_mean,12,11,1.0,1789544622.4572752
train/actor/dvac_weight_mean,13,12,1.0,1789545234.7397387
train/actor/dvac_weight_mean,14,13,1.0,1789545829.1928077
train/actor/dvac_weight_mean,15,14,1.0000001192092896,1789546690.7852447
train/actor/dvac_weight_mean,16,15,0.9999999403953552,1789547284.2079208
train/actor/dvac_weight_mean,17,16,1.0000001192092896,1789547893.7014344
train/actor/dvac_weight_mean,18,17,1.0,1789548492.1680255
train/actor/dvac_weight_mean,19,18,1.0,1789549104.0366802
train/actor/dvac_weight_mean,20,19,1.0,1789549984.6887922
train/actor/dvac_weight_mean,21,20,1.0,1789550587.8848
train/actor/dvac_weight_mean,22,21,1.0,1789551215.980931
train/actor/dvac_weight_mean,23,22,1.0,1789551832.318378
train/actor/dvac_weight_mean,24,23,1.0,1789552430.4458911
train/actor/dvac_weight_mean,25,24,1.0,1789553335.3223064
train/actor/dvac_weight_mean,26,25,1.0,1789553965.9710693
train/actor/dvac_weight_mean,27,26,1.0000001192092896,1789554602.7460122
train/actor/dvac_weight_mean,28,27,1.0,1789555219.6582544
train/actor/dvac_weight_mean,29,28,1.0000001192092896,1789555844.5652127
train/actor/dvac_weight_mean,30,29,1.0,1789556767.3374937
train/actor/dvac_weight_mean,31,30,1.0000001192092896,1789557383.6019053
train/actor/dvac_weight_mean,32,31,1.0,1789558051.4293354
train/actor/dvac_weight_mean,33,32,1.0,1789558681.64991
train/actor/dvac_weight_mean,34,33,1.0,1789559281.629618
train/actor/dvac_weight_mean,35,34,1.0,1789560144.4764411
train/actor/dvac_weight_mean,36,35,1.0000001192092896,1789560759.913184
train/actor/dvac_weight_mean,37,36,1.0,1789561371.4041073
train/actor/dvac_weight_mean,38,37,1.0000001192092896,1789562006.9508648
train/actor/dvac_weight_mean,39,38,1.0000001192092896,1789562614.2175057
train/actor/dvac_weight_mean,40,39,1.0,1789563500.9347107
train/actor/dvac_weight_mean,41,40,1.0000001192092896,1789564108.5046425
train/actor/dvac_weight_mean,42,41,1.0,1789564713.1759052
train/actor/dvac_weight_mean,43,42,1.0,1789565323.2109451
train/actor/dvac_weight_mean,44,43,1.0,1789565951.0065658
train/actor/dvac_weight_mean,45,44,0.9999998807907104,1789566814.0320833
train/actor/dvac_weight_mean,46,45,1.0,1789567419.3413756
train/actor/dvac_weight_mean,47,46,1.0,1789568014.7979925
train/actor/dvac_weight_mean,48,47,1.0000001192092896,1789568641.7366235
train/actor/dvac_weight_mean,49,48,1.0,1789569273.1074479
train/actor/dvac_weight_mean,50,49,1.0,1789570189.8586128
train/actor/dvac_weight_mean,51,50,1.0,1789570818.3899086
train/actor/dvac_weight_mean,52,51,1.0,1789571425.15167
train/actor/dvac_weight_mean,53,52,0.9999999403953552,1789572041.461065
train/actor/dvac_weight_mean,54,53,1.0000001192092896,1789572636.660408
train/actor/dvac_weight_mean,55,54,1.0,1789573517.0591986
train/actor/dvac_weight_mean,56,55,1.0,1789574124.0880911
train/actor/dvac_weight_mean,57,56,1.0000001192092896,1789574734.9019272
train/actor/dvac_weight_mean,58,57,1.0,1789575351.7541726
train/actor/dvac_weight_mean,59,58,0.9999999403953552,1789575966.8084252
train/actor/dvac_weight_mean,60,59,1.0000001192092896,1789576897.9930093
train/actor/dvac_weight_mean,61,60,1.0,1789577495.9737177
train/actor/dvac_weight_mean,62,61,1.0,1789578115.3767133
train/actor/dvac_weight_mean,63,62,1.0,1789578755.1001225
train/actor/dvac_weight_mean,64,63,1.0,1789579360.2017412
train/actor/dvac_weight_mean,65,64,1.0,1789580294.2200499
train/actor/dvac_weight_mean,66,65,1.0,1789580920.50043
train/actor/dvac_weight_mean,67,66,1.0,1789581536.9569838
train/actor/dvac_weight_mean,68,67,1.0000001192092896,1789582143.1687303
train/actor/dvac_weight_mean,69,68,0.9999999403953552,1789582754.873992
train/actor/dvac_weight_mean,70,69,1.0,1789583642.0355904
train/actor/dvac_weight_mean,71,70,1.0,1789584278.9293487
train/actor/dvac_weight_mean,72,71,1.0000001192092896,1789584906.5474463
train/actor/dvac_weight_mean,73,72,1.0,1789585514.5529504
train/actor/dvac_weight_mean,74,73,1.0,1789586115.4027107
train/actor/dvac_weight_mean,75,74,1.0,1789586988.6043472
train/actor/dvac_weight_mean,76,75,1.0,1789587609.9567173
train/actor/dvac_weight_mean,77,76,1.0000001192092896,1789588236.8307972
train/actor/dvac_weight_mean,78,77,1.0,1789588860.620224
train/actor/dvac_weight_mean,79,78,1.0,1789589473.1306908
train/actor/dvac_weight_mean,80,79,1.0,1789590358.7234514
train/actor/dvac_weight_mean,81,80,1.0000001192092896,1789590972.5343587
train/actor/dvac_weight_mean,82,81,1.0,1789591597.8858469
train/actor/dvac_weight_mean,83,82,1.0000001192092896,1789592199.8225856
train/actor/dvac_weight_mean,84,83,1.0,1789592818.1461308
train/actor/dvac_weight_mean,85,84,0.9999999403953552,1789593695.8570461
train/actor/dvac_weight_mean,86,85,0.9999999403953552,1789594324.574301
train/actor/dvac_weight_mean,87,86,1.0,1789594936.479858
train/actor/dvac_weight_mean,88,87,1.0,1789595531.9288397
train/actor/dvac_weight_mean,89,88,1.0,1789596163.606909
train/actor/dvac_weight_mean,90,89,1.0,1789597068.775673
train/actor/dvac_weight_mean,91,90,1.0,1789597690.5813937
train/actor/dvac_weight_mean,92,91,1.0,1789598318.3553715
train/actor/dvac_weight_mean,93,92,1.0,1789598920.6070838
train/actor/dvac_weight_mean,94,93,1.0000001192092896,1789599581.2745445
train/actor/dvac_weight_mean,95,94,1.0000001192092896,1789600443.6665761
train/actor/dvac_weight_mean,96,95,0.9999999403953552,1789601046.9322503
train/actor/dvac_weight_mean,97,96,1.0,1789601642.5960276
train/actor/dvac_weight_mean,98,97,1.0000001192092896,1789602260.2306767
train/actor/dvac_weight_mean,99,98,1.0,1789602858.8774996
train/actor/dvac_weight_mean,100,99,1.0,1789603757.3863873
train/actor/dvac_weight_mean,101,100,1.0,1789604416.5437417
train/actor/dvac_weight_mean,102,101,1.0,1789605017.349792
train/actor/dvac_weight_mean,103,102,1.0000001192092896,1789605628.4438136
train/actor/dvac_weight_mean,104,103,1.0000001192092896,1789606257.6875815
train/actor/dvac_weight_mean,105,104,1.0,1789607164.5757546
train/actor/dvac_weight_mean,106,105,1.0,1789607783.3549273
train/actor/dvac_weight_mean,107,106,1.0,1789608388.1184828
train/actor/dvac_weight_mean,108,107,1.0,1789608993.613772
train/actor/dvac_weight_mean,109,108,0.9999999403953552,1789609610.0953739
train/actor/dvac_weight_mean,110,109,1.0,1789610521.1163917
train/actor/dvac_weight_mean,111,110,0.9999999403953552,1789611152.298199
train/actor/dvac_weight_mean,112,111,1.0,1789611764.0934103
train/actor/dvac_weight_mean,113,112,1.0000001192092896,1789612380.668072
train/actor/dvac_weight_mean,114,113,0.9999999403953552,1789612983.3602686
train/actor/dvac_weight_mean,115,114,0.9999999403953552,1789613886.161785
train/actor/dvac_weight_mean,116,115,1.0,1789614520.8896296
train/actor/dvac_weight_mean,117,116,1.0000001192092896,1789615144.6377506
train/actor/dvac_weight_mean,118,117,1.0,1789615763.7871268
train/actor/dvac_weight_mean,119,118,1.0,1789616389.2332
train/actor/dvac_weight_mean,120,119,1.0,1789617316.7683198
train/actor/dvac_weight_mean,121,120,1.0000001192092896,1789617958.7380838
train/actor/dvac_weight_min,1,0,0.3875679075717926,1789537370.7550526
train/actor/dvac_weight_min,2,1,0.38287997245788574,1789537988.1697414
train/actor/dvac_weight_min,3,2,0.4185240566730499,1789538585.991801
train/actor/dvac_weight_min,4,3,0.41552695631980896,1789539222.1047926
train/actor/dvac_weight_min,5,4,0.3701609969139099,1789540098.3026109
train/actor/dvac_weight_min,6,5,0.3923267424106598,1789540697.1609564
train/actor/dvac_weight_min,7,6,0.37908846139907837,1789541296.7117596
train/actor/dvac_weight_min,8,7,0.4010182321071625,1789541912.4875576
train/actor/dvac_weight_min,9,8,0.3833177983760834,1789542519.6955717
train/actor/dvac_weight_min,10,9,0.42487889528274536,1789543400.8675003
train/actor/dvac_weight_min,11,10,0.40180543065071106,1789544015.3462098
train/actor/dvac_weight_min,12,11,0.36431628465652466,1789544622.4572842
train/actor/dvac_weight_min,13,12,0.38159143924713135,1789545234.7397442
train/actor/dvac_weight_min,14,13,0.3931203782558441,1789545829.1928134
train/actor/dvac_weight_min,15,14,0.3871738314628601,1789546690.7852554
train/actor/dvac_weight_min,16,15,0.29276150465011597,1789547284.20793
train/actor/dvac_weight_min,17,16,0.3752541244029999,1789547893.7014403
train/actor/dvac_weight_min,18,17,0.3700144290924072,1789548492.168031
train/actor/dvac_weight_min,19,18,0.3309740722179413,1789549104.0366862
train/actor/dvac_weight_min,20,19,0.3897862732410431,1789549984.688797
train/actor/dvac_weight_min,21,20,0.3464924097061157,1789550587.8848057
train/actor/dvac_weight_min,22,21,0.38277995586395264,1789551215.980937
train/actor/dvac_weight_min,23,22,0.4114445447921753,1789551832.3183837
train/actor/dvac_weight_min,24,23,0.3982546329498291,1789552430.4458969
train/actor/dvac_weight_min,25,24,0.3533092439174652,1789553335.322317
train/actor/dvac_weight_min,26,25,0.38283276557922363,1789553965.9710774
train/actor/dvac_weight_min,27,26,0.33225151896476746,1789554602.7460175
train/actor/dvac_weight_min,28,27,0.33600640296936035,1789555219.6582606
train/actor/dvac_weight_min,29,28,0.3966035544872284,1789555844.5652184
train/actor/dvac_weight_min,30,29,0.36845847964286804,1789556767.3375013
train/actor/dvac_weight_min,31,30,0.38867881894111633,1789557383.601911
train/actor/dvac_weight_min,32,31,0.34220436215400696,1789558051.4293406
train/actor/dvac_weight_min,33,32,0.38337332010269165,1789558681.6499157
train/actor/dvac_weight_min,34,33,0.38710522651672363,1789559281.6296237
train/actor/dvac_weight_min,35,34,0.3793048858642578,1789560144.4764469
train/actor/dvac_weight_min,36,35,0.3640378415584564,1789560759.9131947
train/actor/dvac_weight_min,37,36,0.40730252861976624,1789561371.4041128
train/actor/dvac_weight_min,38,37,0.3397633731365204,1789562006.9508705
train/actor/dvac_weight_min,39,38,0.3319627344608307,1789562614.2175117
train/actor/dvac_weight_min,40,39,0.40694692730903625,1789563500.9347177
train/actor/dvac_weight_min,41,40,0.38873016834259033,1789564108.5046492
train/actor/dvac_weight_min,42,41,0.39149412512779236,1789564713.175911
train/actor/dvac_weight_min,43,42,0.36249664425849915,1789565323.210951
train/actor/dvac_weight_min,44,43,0.3740270435810089,1789565951.0065718
train/actor/dvac_weight_min,45,44,0.33775344491004944,1789566814.032088
train/actor/dvac_weight_min,46,45,0.34910672903060913,1789567419.3413818
train/actor/dvac_weight_min,47,46,0.351563960313797,1789568014.7979984
train/actor/dvac_weight_min,48,47,0.3298102617263794,1789568641.736633
train/actor/dvac_weight_min,49,48,0.36786243319511414,1789569273.1074536
train/actor/dvac_weight_min,50,49,0.4012504816055298,1789570189.858621
train/actor/dvac_weight_min,51,50,0.38396310806274414,1789570818.3899143
train/actor/dvac_weight_min,52,51,0.41656017303466797,1789571425.1516895
train/actor/dvac_weight_min,53,52,0.36418616771698,1789572041.4610708
train/actor/dvac_weight_min,54,53,0.3849543631076813,1789572636.6604145
train/actor/dvac_weight_min,55,54,0.39304518699645996,1789573517.0592036
train/actor/dvac_weight_min,56,55,0.34185802936553955,1789574124.0880976
train/actor/dvac_weight_min,57,56,0.37099817395210266,1789574734.901933
train/actor/dvac_weight_min,58,57,0.3347140848636627,1789575351.7541783
train/actor/dvac_weight_min,59,58,0.38286903500556946,1789575966.8084314
train/actor/dvac_weight_min,60,59,0.398820161819458,1789576897.9930155
train/actor/dvac_weight_min,61,60,0.31885454058647156,1789577495.9737234
train/actor/dvac_weight_min,62,61,0.3410883843898773,1789578115.3767242
train/actor/dvac_weight_min,63,62,0.32160258293151855,1789578755.1001306
train/actor/dvac_weight_min,64,63,0.35462939739227295,1789579360.2017481
train/actor/dvac_weight_min,65,64,0.3818901777267456,1789580294.220056
train/actor/dvac_weight_min,66,65,0.37572595477104187,1789580920.500436
train/actor/dvac_weight_min,67,66,0.39638984203338623,1789581536.9569964
train/actor/dvac_weight_min,68,67,0.34680497646331787,1789582143.1687362
train/actor/dvac_weight_min,69,68,0.3503621220588684,1789582754.873997
train/actor/dvac_weight_min,70,69,0.35206615924835205,1789583642.0356004
train/actor/dvac_weight_min,71,70,0.3951844274997711,1789584278.9293556
train/actor/dvac_weight_min,72,71,0.38312819600105286,1789584906.5474522
train/actor/dvac_weight_min,73,72,0.39870813488960266,1789585514.552956
train/actor/dvac_weight_min,74,73,0.41195324063301086,1789586115.402717
train/actor/dvac_weight_min,75,74,0.34837669134140015,1789586988.6043527
train/actor/dvac_weight_min,76,75,0.37907782196998596,1789587609.9567235
train/actor/dvac_weight_min,77,76,0.40588119626045227,1789588236.8308032
train/actor/dvac_weight_min,78,77,0.3842596411705017,1789588860.62023
train/actor/dvac_weight_min,79,78,0.34174036979675293,1789589473.1306965
train/actor/dvac_weight_min,80,79,0.382004976272583,1789590358.7234573
train/actor/dvac_weight_min,81,80,0.3558424711227417,1789590972.5343645
train/actor/dvac_weight_min,82,81,0.40095868706703186,1789591597.885852
train/actor/dvac_weight_min,83,82,0.38732001185417175,1789592199.8225915
train/actor/dvac_weight_min,84,83,0.3744699954986572,1789592818.1461363
train/actor/dvac_weight_min,85,84,0.3800050914287567,1789593695.857054
train/actor/dvac_weight_min,86,85,0.3861880898475647,1789594324.5743074
train/actor/dvac_weight_min,87,86,0.3392028510570526,1789594936.4798644
train/actor/dvac_weight_min,88,87,0.37736186385154724,1789595531.9288454
train/actor/dvac_weight_min,89,88,0.3608907461166382,1789596163.6069148
train/actor/dvac_weight_min,90,89,0.34756046533584595,1789597068.7756813
train/actor/dvac_weight_min,91,90,0.38724035024642944,1789597690.5813992
train/actor/dvac_weight_min,92,91,0.4009656310081482,1789598318.3553774
train/actor/dvac_weight_min,93,92,0.4108552932739258,1789598920.607089
train/actor/dvac_weight_min,94,93,0.37784406542778015,1789599581.274549
train/actor/dvac_weight_min,95,94,0.40787458419799805,1789600443.6665823
train/actor/dvac_weight_min,96,95,0.35672062635421753,1789601046.9322562
train/actor/dvac_weight_min,97,96,0.37529149651527405,1789601642.5960367
train/actor/dvac_weight_min,98,97,0.41914859414100647,1789602260.2306824
train/actor/dvac_weight_min,99,98,0.38416340947151184,1789602858.877505
train/actor/dvac_weight_min,100,99,0.40546607971191406,1789603757.3863933
train/actor/dvac_weight_min,101,100,0.3680807650089264,1789604416.543748
train/actor/dvac_weight_min,102,101,0.3352908194065094,1789605017.3497975
train/actor/dvac_weight_min,103,102,0.3840453028678894,1789605628.44382
train/actor/dvac_weight_min,104,103,0.37747395038604736,1789606257.6875873
train/actor/dvac_weight_min,105,104,0.43059515953063965,1789607164.5757608
train/actor/dvac_weight_min,106,105,0.40006914734840393,1789607783.3549333
train/actor/dvac_weight_min,107,106,0.3424249291419983,1789608388.1184886
train/actor/dvac_weight_min,108,107,0.4022553265094757,1789608993.6137779
train/actor/dvac_weight_min,109,108,0.36442506313323975,1789609610.0953803
train/actor/dvac_weight_min,110,109,0.3984057307243347,1789610521.1163976
train/actor/dvac_weight_min,111,110,0.3762889802455902,1789611152.298205
train/actor/dvac_weight_min,112,111,0.4061200022697449,1789611764.0934162
train/actor/dvac_weight_min,113,112,0.36387282609939575,1789612380.6680777
train/actor/dvac_weight_min,114,113,0.37033769488334656,1789612983.3602734
train/actor/dvac_weight_min,115,114,0.3579036593437195,1789613886.161791
train/actor/dvac_weight_min,116,115,0.37546950578689575,1789614520.8896344
train/actor/dvac_weight_min,117,116,0.38798996806144714,1789615144.6377566
train/actor/dvac_weight_min,118,117,0.3937282860279083,1789615763.7871323
train/actor/dvac_weight_min,119,118,0.38694924116134644,1789616389.2332056
train/actor/dvac_weight_min,120,119,0.38236069679260254,1789617316.7683256
train/actor/dvac_weight_min,121,120,0.3367256820201874,1789617958.73809
train/actor/dvac_weight_sq_mean,1,0,1.0224153995513916,1789537370.755386
train/actor/dvac_weight_sq_mean,2,1,1.0233479738235474,1789537988.169975
train/actor/dvac_weight_sq_mean,3,2,1.0224323272705078,1789538585.992019
train/actor/dvac_weight_sq_mean,4,3,1.0243457555770874,1789539222.104973
train/actor/dvac_weight_sq_mean,5,4,1.0286983251571655,1789540098.3026247
train/actor/dvac_weight_sq_mean,6,5,1.0178593397140503,1789540697.1614928
train/actor/dvac_weight_sq_mean,7,6,1.0179306268692017,1789541296.7124906
train/actor/dvac_weight_sq_mean,8,7,1.0183004140853882,1789541912.4881072
train/actor/dvac_weight_sq_mean,9,8,1.026447057723999,1789542519.6958125
train/actor/dvac_weight_sq_mean,10,9,1.020232915878296,1789543400.867507
train/actor/dvac_weight_sq_mean,11,10,1.0216264724731445,1789544015.3463948
train/actor/dvac_weight_sq_mean,12,11,1.020020604133606,1789544622.4575462
train/actor/dvac_weight_sq_mean,13,12,1.0302830934524536,1789545234.7403057
train/actor/dvac_weight_sq_mean,14,13,1.022549033164978,1789545829.1929805
train/actor/dvac_weight_sq_mean,15,14,1.0188939571380615,1789546690.785267
train/actor/dvac_weight_sq_mean,16,15,1.021345615386963,1789547284.208154
train/actor/dvac_weight_sq_mean,17,16,1.019580364227295,1789547893.7019765
train/actor/dvac_weight_sq_mean,18,17,1.0239907503128052,1789548492.168535
train/actor/dvac_weight_sq_mean,19,18,1.0225764513015747,1789549104.0369732
train/actor/dvac_weight_sq_mean,20,19,1.0179486274719238,1789549984.688802
train/actor/dvac_weight_sq_mean,21,20,1.0252878665924072,1789550587.885623
train/actor/dvac_weight_sq_mean,22,21,1.0268713235855103,1789551215.9811847
train/actor/dvac_weight_sq_mean,23,22,1.0248725414276123,1789551832.31859
train/actor/dvac_weight_sq_mean,24,23,1.0265463590621948,1789552430.4467037
train/actor/dvac_weight_sq_mean,25,24,1.0206280946731567,1789553335.3223314
train/actor/dvac_weight_sq_mean,26,25,1.029140830039978,1789553965.9712834
train/actor/dvac_weight_sq_mean,27,26,1.0287026166915894,1789554602.7462642
train/actor/dvac_weight_sq_mean,28,27,1.0213340520858765,1789555219.6588233
train/actor/dvac_weight_sq_mean,29,28,1.0270253419876099,1789555844.5656564
train/actor/dvac_weight_sq_mean,30,29,1.02242910861969,1789556767.3375087
train/actor/dvac_weight_sq_mean,31,30,1.025858759880066,1789557383.6020944
train/actor/dvac_weight_sq_mean,32,31,1.0274810791015625,1789558051.429579
train/actor/dvac_weight_sq_mean,33,32,1.0260676145553589,1789558681.6500926
train/actor/dvac_weight_sq_mean,34,33,1.0256950855255127,1789559281.630179
train/actor/dvac_weight_sq_mean,35,34,1.0289156436920166,1789560144.476453
train/actor/dvac_weight_sq_mean,36,35,1.0271223783493042,1789560759.9140205
train/actor/dvac_weight_sq_mean,37,36,1.0282574892044067,1789561371.4047842
train/actor/dvac_weight_sq_mean,38,37,1.0312933921813965,1789562006.9510593
train/actor/dvac_weight_sq_mean,39,38,1.025912880897522,1789562614.218334
train/actor/dvac_weight_sq_mean,40,39,1.028428316116333,1789563500.934724
train/actor/dvac_weight_sq_mean,41,40,1.0264180898666382,1789564108.505178
train/actor/dvac_weight_sq_mean,42,41,1.0264419317245483,1789564713.17644
train/actor/dvac_weight_sq_mean,43,42,1.0240542888641357,1789565323.2113721
train/actor/dvac_weight_sq_mean,44,43,1.026157021522522,1789565951.006739
train/actor/dvac_weight_sq_mean,45,44,1.0243459939956665,1789566814.0320928
train/actor/dvac_weight_sq_mean,46,45,1.0264426469802856,1789567419.341699
train/actor/dvac_weight_sq_mean,47,46,1.0266729593276978,1789568014.798334
train/actor/dvac_weight_sq_mean,48,47,1.0257188081741333,1789568641.736932
train/actor/dvac_weight_sq_mean,49,48,1.0235675573349,1789569273.1076605
train/actor/dvac_weight_sq_mean,50,49,1.0262088775634766,1789570189.8586287
train/actor/dvac_weight_sq_mean,51,50,1.0302249193191528,1789570818.390552
train/actor/dvac_weight_sq_mean,52,51,1.0285052061080933,1789571425.151925
train/actor/dvac_weight_sq_mean,53,52,1.024930715560913,1789572041.461299
train/actor/dvac_weight_sq_mean,54,53,1.0318270921707153,1789572636.660611
train/actor/dvac_weight_sq_mean,55,54,1.0234439373016357,1789573517.0592089
train/actor/dvac_weight_sq_mean,56,55,1.024766445159912,1789574124.088311
train/actor/dvac_weight_sq_mean,57,56,1.029808759689331,1789574734.902233
train/actor/dvac_weight_sq_mean,58,57,1.025166392326355,1789575351.7546885
train/actor/dvac_weight_sq_mean,59,58,1.021601915359497,1789575966.808948
train/actor/dvac_weight_sq_mean,60,59,1.0263409614562988,1789576897.9930217
train/actor/dvac_weight_sq_mean,61,60,1.030174970626831,1789577495.9739966
train/actor/dvac_weight_sq_mean,62,61,1.0325274467468262,1789578115.3771403
train/actor/dvac_weight_sq_mean,63,62,1.0286136865615845,1789578755.1006444
train/actor/dvac_weight_sq_mean,64,63,1.0275282859802246,1789579360.2023506
train/actor/dvac_weight_sq_mean,65,64,1.0253041982650757,1789580294.2200623
train/actor/dvac_weight_sq_mean,66,65,1.0252485275268555,1789580920.5012002
train/actor/dvac_weight_sq_mean,67,66,1.0280112028121948,1789581536.9571524
train/actor/dvac_weight_sq_mean,68,67,1.0226236581802368,1789582143.1690285
train/actor/dvac_weight_sq_mean,69,68,1.0237675905227661,1789582754.8745494
train/actor/dvac_weight_sq_mean,70,69,1.0277132987976074,1789583642.0356095
train/actor/dvac_weight_sq_mean,71,70,1.0236388444900513,1789584278.9296513
train/actor/dvac_weight_sq_mean,72,71,1.025204062461853,1789584906.547626
train/actor/dvac_weight_sq_mean,73,72,1.0303220748901367,1789585514.5531523
train/actor/dvac_weight_sq_mean,74,73,1.0273411273956299,1789586115.4029424
train/actor/dvac_weight_sq_mean,75,74,1.030006766319275,1789586988.6043582
train/actor/dvac_weight_sq_mean,76,75,1.0300214290618896,1789587609.956913
train/actor/dvac_weight_sq_mean,77,76,1.0252043008804321,1789588236.831646
train/actor/dvac_weight_sq_mean,78,77,1.0271433591842651,1789588860.6207485
train/actor/dvac_weight_sq_mean,79,78,1.0283809900283813,1789589473.1308844
train/actor/dvac_weight_sq_mean,80,79,1.0230497121810913,1789590358.723464
train/actor/dvac_weight_sq_mean,81,80,1.0255192518234253,1789590972.5346818
train/actor/dvac_weight_sq_mean,82,81,1.0275918245315552,1789591597.8860214
train/actor/dvac_weight_sq_mean,83,82,1.0235021114349365,1789592199.8231041
train/actor/dvac_weight_sq_mean,84,83,1.032295823097229,1789592818.1464033
train/actor/dvac_weight_sq_mean,85,84,1.0292459726333618,1789593695.8570616
train/actor/dvac_weight_sq_mean,86,85,1.0303832292556763,1789594324.5744689
train/actor/dvac_weight_sq_mean,87,86,1.0281257629394531,1789594936.4802969
train/actor/dvac_weight_sq_mean,88,87,1.0240505933761597,1789595531.929026
train/actor/dvac_weight_sq_mean,89,88,1.0292938947677612,1789596163.6072423
train/actor/dvac_weight_sq_mean,90,89,1.0316685438156128,1789597068.7756894
train/actor/dvac_weight_sq_mean,91,90,1.0301014184951782,1789597690.5819046
train/actor/dvac_weight_sq_mean,92,91,1.0311880111694336,1789598318.3559217
train/actor/dvac_weight_sq_mean,93,92,1.027495265007019,1789598920.6076002
train/actor/dvac_weight_sq_mean,94,93,1.02846097946167,1789599581.2747376
train/actor/dvac_weight_sq_mean,95,94,1.0326857566833496,1789600443.6665883
train/actor/dvac_weight_sq_mean,96,95,1.0308191776275635,1789601046.9325264
train/actor/dvac_weight_sq_mean,97,96,1.0326143503189087,1789601642.5962493
train/actor/dvac_weight_sq_mean,98,97,1.0321862697601318,1789602260.2308881
train/actor/dvac_weight_sq_mean,99,98,1.0301820039749146,1789602858.877755
train/actor/dvac_weight_sq_mean,100,99,1.0256164073944092,1789603757.3863997
train/actor/dvac_weight_sq_mean,101,100,1.0337189435958862,1789604416.5439491
train/actor/dvac_weight_sq_mean,102,101,1.0304707288742065,1789605017.349975
train/actor/dvac_weight_sq_mean,103,102,1.0267857313156128,1789605628.4441078
train/actor/dvac_weight_sq_mean,104,103,1.0342081785202026,1789606257.6879098
train/actor/dvac_weight_sq_mean,105,104,1.0246888399124146,1789607164.575767
train/actor/dvac_weight_sq_mean,106,105,1.0266371965408325,1789607783.3553057
train/actor/dvac_weight_sq_mean,107,106,1.0295524597167969,1789608388.119606
train/actor/dvac_weight_sq_mean,108,107,1.0318423509597778,1789608993.6139674
train/actor/dvac_weight_sq_mean,109,108,1.0337644815444946,1789609610.0959477
train/actor/dvac_weight_sq_mean,110,109,1.031546711921692,1789610521.1164038
train/actor/dvac_weight_sq_mean,111,110,1.0353450775146484,1789611152.2986681
train/actor/dvac_weight_sq_mean,112,111,1.024755835533142,1789611764.0936291
train/actor/dvac_weight_sq_mean,113,112,1.0305447578430176,1789612380.6684382
train/actor/dvac_weight_sq_mean,114,113,1.0302684307098389,1789612983.360933
train/actor/dvac_weight_sq_mean,115,114,1.0270187854766846,1789613886.161797
train/actor/dvac_weight_sq_mean,116,115,1.0319453477859497,1789614520.8898532
train/actor/dvac_weight_sq_mean,117,116,1.0275799036026,1789615144.638357
train/actor/dvac_weight_sq_mean,118,117,1.0284665822982788,1789615763.7873352
train/actor/dvac_weight_sq_mean,119,118,1.0272904634475708,1789616389.2334306
train/actor/dvac_weight_sq_mean,120,119,1.030177116394043,1789617316.7683313
train/actor/dvac_weight_sq_mean,121,120,1.0226964950561523,1789617958.7385035
train/actor/entropy_loss,1,0,0.0,1789537370.7553916
train/actor/entropy_loss,2,1,0.0,1789537988.1699815
train/actor/entropy_loss,3,2,0.0,1789538585.9920259
train/actor/entropy_loss,4,3,0.0,1789539222.104979
train/actor/entropy_loss,5,4,0.0,1789540098.3026357
train/actor/entropy_loss,6,5,0.0,1789540697.1614997
train/actor/entropy_loss,7,6,0.0,1789541296.7125072
train/actor/entropy_loss,8,7,0.0,1789541912.4881127
train/actor/entropy_loss,9,8,0.0,1789542519.6958187
train/actor/entropy_loss,10,9,0.0,1789543400.867514
train/actor/entropy_loss,11,10,0.0,1789544015.3464012
train/actor/entropy_loss,12,11,0.0,1789544622.4575562
train/actor/entropy_loss,13,12,0.0,1789545234.7403123
train/actor/entropy_loss,14,13,0.0,1789545829.1929872
train/actor/entropy_loss,15,14,0.0,1789546690.7852783
train/actor/entropy_loss,16,15,0.0,1789547284.2081633
train/actor/entropy_loss,17,16,0.0,1789547893.7019837
train/actor/entropy_loss,18,17,0.0,1789548492.1685526
train/actor/entropy_loss,19,18,0.0,1789549104.0369797
train/actor/entropy_loss,20,19,0.0,1789549984.6888068
train/actor/entropy_loss,21,20,0.0,1789550587.8856318
train/actor/entropy_loss,22,21,0.0,1789551215.9811916
train/actor/entropy_loss,23,22,0.0,1789551832.3185961
train/actor/entropy_loss,24,23,0.0,1789552430.44672
train/actor/entropy_loss,25,24,0.0,1789553335.3223436
train/actor/entropy_loss,26,25,0.0,1789553965.9712923
train/actor/entropy_loss,27,26,0.0,1789554602.7462707
train/actor/entropy_loss,28,27,0.0,1789555219.65883
train/actor/entropy_loss,29,28,0.0,1789555844.565673
train/actor/entropy_loss,30,29,0.0,1789556767.3375163
train/actor/entropy_loss,31,30,0.0,1789557383.6021013
train/actor/entropy_loss,32,31,0.0,1789558051.4295862
train/actor/entropy_loss,33,32,0.0,1789558681.6500993
train/actor/entropy_loss,34,33,0.0,1789559281.6301851
train/actor/entropy_loss,35,34,0.0,1789560144.4764595
train/actor/entropy_loss,36,35,0.0,1789560759.9140487
train/actor/entropy_loss,37,36,0.0,1789561371.4048004
train/actor/entropy_loss,38,37,0.0,1789562006.9510658
train/actor/entropy_loss,39,38,0.0,1789562614.2183592
train/actor/entropy_loss,40,39,0.0,1789563500.93473
train/actor/entropy_loss,41,40,0.0,1789564108.5051851
train/actor/entropy_loss,42,41,0.0,1789564713.176447
train/actor/entropy_loss,43,42,0.0,1789565323.2113783
train/actor/entropy_loss,44,43,0.0,1789565951.006745
train/actor/entropy_loss,45,44,0.0,1789566814.0320976
train/actor/entropy_loss,46,45,0.0,1789567419.341706
train/actor/entropy_loss,47,46,0.0,1789568014.798353
train/actor/entropy_loss,48,47,0.0,1789568641.7369466
train/actor/entropy_loss,49,48,0.0,1789569273.1076674
train/actor/entropy_loss,50,49,0.0,1789570189.8586373
train/actor/entropy_loss,51,50,0.0,1789570818.39057
train/actor/entropy_loss,52,51,0.0,1789571425.1519485
train/actor/entropy_loss,53,52,0.0,1789572041.4613056
train/actor/entropy_loss,54,53,0.0,1789572636.660617
train/actor/entropy_loss,55,54,0.0,1789573517.0592139
train/actor/entropy_loss,56,55,0.0,1789574124.0883193
train/actor/entropy_loss,57,56,0.0,1789574734.9022393
train/actor/entropy_loss,58,57,0.0,1789575351.7546954
train/actor/entropy_loss,59,58,0.0,1789575966.80896
train/actor/entropy_loss,60,59,0.0,1789576897.993028
train/actor/entropy_loss,61,60,0.0,1789577495.9740038
train/actor/entropy_loss,62,61,0.0,1789578115.3771665
train/actor/entropy_loss,63,62,0.0,1789578755.1006658
train/actor/entropy_loss,64,63,0.0,1789579360.2023718
train/actor/entropy_loss,65,64,0.0,1789580294.220068
train/actor/entropy_loss,66,65,0.0,1789580920.5012074
train/actor/entropy_loss,67,66,0.0,1789581536.9571645
train/actor/entropy_loss,68,67,0.0,1789582143.1690357
train/actor/entropy_loss,69,68,0.0,1789582754.8745558
train/actor/entropy_loss,70,69,0.0,1789583642.0356193
train/actor/entropy_loss,71,70,0.0,1789584278.9296591
train/actor/entropy_loss,72,71,0.0,1789584906.5476327
train/actor/entropy_loss,73,72,0.0,1789585514.5531595
train/actor/entropy_loss,74,73,0.0,1789586115.4029493
train/actor/entropy_loss,75,74,0.0,1789586988.6043634
train/actor/entropy_loss,76,75,0.0,1789587609.9569197
train/actor/entropy_loss,77,76,0.0,1789588236.8316526
train/actor/entropy_loss,78,77,0.0,1789588860.620771
train/actor/entropy_loss,79,78,0.0,1789589473.1308908
train/actor/entropy_loss,80,79,0.0,1789590358.7234697
train/actor/entropy_loss,81,80,0.0,1789590972.5346882
train/actor/entropy_loss,82,81,0.0,1789591597.8860276
train/actor/entropy_loss,83,82,0.0,1789592199.8231108
train/actor/entropy_loss,84,83,0.0,1789592818.1464105
train/actor/entropy_loss,85,84,0.0,1789593695.8570695
train/actor/entropy_loss,86,85,0.0,1789594324.5744758
train/actor/entropy_loss,87,86,0.0,1789594936.4803042
train/actor/entropy_loss,88,87,0.0,1789595531.9290318
train/actor/entropy_loss,89,88,0.0,1789596163.6072485
train/actor/entropy_loss,90,89,0.0,1789597068.7756982
train/actor/entropy_loss,91,90,0.0,1789597690.5819116
train/actor/entropy_loss,92,91,0.0,1789598318.3559287
train/actor/entropy_loss,93,92,0.0,1789598920.6076076
train/actor/entropy_loss,94,93,0.0,1789599581.2747428
train/actor/entropy_loss,95,94,0.0,1789600443.666594
train/actor/entropy_loss,96,95,0.0,1789601046.9325328
train/actor/entropy_loss,97,96,0.0,1789601642.5962563
train/actor/entropy_loss,98,97,0.0,1789602260.2308946
train/actor/entropy_loss,99,98,0.0,1789602858.8777616
train/actor/entropy_loss,100,99,0.0,1789603757.386406
train/actor/entropy_loss,101,100,0.0,1789604416.5439563
train/actor/entropy_loss,102,101,0.0,1789605017.349982
train/actor/entropy_loss,103,102,0.0,1789605628.4441144
train/actor/entropy_loss,104,103,0.0,1789606257.6879163
train/actor/entropy_loss,105,104,0.0,1789607164.5757732
train/actor/entropy_loss,106,105,0.0,1789607783.355312
train/actor/entropy_loss,107,106,0.0,1789608388.1196303
train/actor/entropy_loss,108,107,0.0,1789608993.6139743
train/actor/entropy_loss,109,108,0.0,1789609610.0959547
train/actor/entropy_loss,110,109,0.0,1789610521.1164098
train/actor/entropy_loss,111,110,0.0,1789611152.2986753
train/actor/entropy_loss,112,111,0.0,1789611764.0936356
train/actor/entropy_loss,113,112,0.0,1789612380.6684446
train/actor/entropy_loss,114,113,0.0,1789612983.3609853
train/actor/entropy_loss,115,114,0.0,1789613886.161803
train/actor/entropy_loss,116,115,0.0,1789614520.8898587
train/actor/entropy_loss,117,116,0.0,1789615144.6383646
train/actor/entropy_loss,118,117,0.0,1789615763.7873414
train/actor/entropy_loss,119,118,0.0,1789616389.2334366
train/actor/entropy_loss,120,119,0.0,1789617316.7683377
train/actor/entropy_loss,121,120,0.0,1789617958.7385104
train/actor/grad_norm,1,0,37.397117614746094,1789537370.7553968
train/actor/grad_norm,2,1,32.307613372802734,1789537988.1699874
train/actor/grad_norm,3,2,25.43628692626953,1789538585.9920323
train/actor/grad_norm,4,3,18.804838180541992,1789539222.1049845
train/actor/grad_norm,5,4,28.43680191040039,1789540098.3026445
train/actor/grad_norm,6,5,45.75518798828125,1789540697.1615052
train/actor/grad_norm,7,6,16.43079948425293,1789541296.712516
train/actor/grad_norm,8,7,27.13347625732422,1789541912.4881172
train/actor/grad_norm,9,8,22.137630462646484,1789542519.6958244
train/actor/grad_norm,10,9,31.134042739868164,1789543400.8675208
train/actor/grad_norm,11,10,22.501853942871094,1789544015.346407
train/actor/grad_norm,12,11,49.54863739013672,1789544622.457566
train/actor/grad_norm,13,12,19.18903160095215,1789545234.7403183
train/actor/grad_norm,14,13,14.603232383728027,1789545829.1929927
train/actor/grad_norm,15,14,41.73572540283203,1789546690.785289
train/actor/grad_norm,16,15,30.90083885192871,1789547284.208172
train/actor/grad_norm,17,16,16.03743553161621,1789547893.70199
train/actor/grad_norm,18,17,20.726943969726562,1789548492.1685615
train/actor/grad_norm,19,18,24.43452262878418,1789549104.0369856
train/actor/grad_norm,20,19,16.864948272705078,1789549984.6888113
train/actor/grad_norm,21,20,29.805458068847656,1789550587.8856375
train/actor/grad_norm,22,21,44.81727981567383,1789551215.981198
train/actor/grad_norm,23,22,22.91448211669922,1789551832.318602
train/actor/grad_norm,24,23,16.682416915893555,1789552430.4467287
train/actor/grad_norm,25,24,17.409786224365234,1789553335.3223555
train/actor/grad_norm,26,25,16.989852905273438,1789553965.9713008
train/actor/grad_norm,27,26,23.52837371826172,1789554602.746277
train/actor/grad_norm,28,27,35.56283950805664,1789555219.6588364
train/actor/grad_norm,29,28,28.089061737060547,1789555844.5656817
train/actor/grad_norm,30,29,35.93048858642578,1789556767.3375235
train/actor/grad_norm,31,30,42.69157409667969,1789557383.602107
train/actor/grad_norm,32,31,18.514925003051758,1789558051.4295924
train/actor/grad_norm,33,32,28.756221771240234,1789558681.6501052
train/actor/grad_norm,34,33,15.077253341674805,1789559281.630191
train/actor/grad_norm,35,34,29.370220184326172,1789560144.4764652
train/actor/grad_norm,36,35,31.085418701171875,1789560759.9140642
train/actor/grad_norm,37,36,20.39409065246582,1789561371.4048097
train/actor/grad_norm,38,37,25.015817642211914,1789562006.9510715
train/actor/grad_norm,39,38,21.19866943359375,1789562614.2183685
train/actor/grad_norm,40,39,16.248008728027344,1789563500.934736
train/actor/grad_norm,41,40,11.428449630737305,1789564108.505191
train/actor/grad_norm,42,41,24.232749938964844,1789564713.1764534
train/actor/grad_norm,43,42,19.598522186279297,1789565323.211384
train/actor/grad_norm,44,43,17.479366302490234,1789565951.0067513
train/actor/grad_norm,45,44,24.45461654663086,1789566814.0321023
train/actor/grad_norm,46,45,29.865230560302734,1789567419.3417118
train/actor/grad_norm,47,46,23.85912322998047,1789568014.7983623
train/actor/grad_norm,48,47,23.869426727294922,1789568641.7369568
train/actor/grad_norm,49,48,41.59217071533203,1789569273.1076736
train/actor/grad_norm,50,49,30.389509201049805,1789570189.8586457
train/actor/grad_norm,51,50,33.601722717285156,1789570818.390579
train/actor/grad_norm,52,51,26.39559555053711,1789571425.1519692
train/actor/grad_norm,53,52,22.076946258544922,1789572041.461312
train/actor/grad_norm,54,53,27.28265380859375,1789572636.660623
train/actor/grad_norm,55,54,44.04048156738281,1789573517.0592186
train/actor/grad_norm,56,55,25.687232971191406,1789574124.0883262
train/actor/grad_norm,57,56,40.872406005859375,1789574734.902245
train/actor/grad_norm,58,57,23.09332275390625,1789575351.7547019
train/actor/grad_norm,59,58,27.595138549804688,1789575966.80897
train/actor/grad_norm,60,59,18.885841369628906,1789576897.993034
train/actor/grad_norm,61,60,16.961456298828125,1789577495.9740098
train/actor/grad_norm,62,61,37.37611389160156,1789578115.3771815
train/actor/grad_norm,63,62,25.805301666259766,1789578755.1006763
train/actor/grad_norm,64,63,18.379905700683594,1789579360.2023823
train/actor/grad_norm,65,64,27.764087677001953,1789580294.2200742
train/actor/grad_norm,66,65,52.833229064941406,1789580920.501214
train/actor/grad_norm,67,66,37.0609245300293,1789581536.9571776
train/actor/grad_norm,68,67,35.88629913330078,1789582143.1690416
train/actor/grad_norm,69,68,36.716678619384766,1789582754.874562
train/actor/grad_norm,70,69,18.246213912963867,1789583642.0356286
train/actor/grad_norm,71,70,38.865055084228516,1789584278.9296668
train/actor/grad_norm,72,71,43.53785705566406,1789584906.5476391
train/actor/grad_norm,73,72,25.065322875976562,1789585514.5531652
train/actor/grad_norm,74,73,30.971614837646484,1789586115.402956
train/actor/grad_norm,75,74,21.81529998779297,1789586988.604369
train/actor/grad_norm,76,75,23.43848419189453,1789587609.9569259
train/actor/grad_norm,77,76,26.013275146484375,1789588236.8316588
train/actor/grad_norm,78,77,32.46510314941406,1789588860.6207814
train/actor/grad_norm,79,78,20.16490364074707,1789589473.1308975
train/actor/grad_norm,80,79,35.150508880615234,1789590358.7234762
train/actor/grad_norm,81,80,24.373825073242188,1789590972.5346947
train/actor/grad_norm,82,81,46.49333190917969,1789591597.8860333
train/actor/grad_norm,83,82,36.37055969238281,1789592199.8231165
train/actor/grad_norm,84,83,22.754335403442383,1789592818.146417
train/actor/grad_norm,85,84,29.514095306396484,1789593695.8570778
train/actor/grad_norm,86,85,32.2854118347168,1789594324.574483
train/actor/grad_norm,87,86,30.751848220825195,1789594936.4803107
train/actor/grad_norm,88,87,21.343204498291016,1789595531.9290378
train/actor/grad_norm,89,88,39.3537712097168,1789596163.6072547
train/actor/grad_norm,90,89,31.50730323791504,1789597068.775706
train/actor/grad_norm,91,90,42.1358642578125,1789597690.5819178
train/actor/grad_norm,92,91,29.290260314941406,1789598318.3559341
train/actor/grad_norm,93,92,21.574411392211914,1789598920.6076133
train/actor/grad_norm,94,93,26.623638153076172,1789599581.2747476
train/actor/grad_norm,95,94,29.25642967224121,1789600443.6666
train/actor/grad_norm,96,95,37.02827835083008,1789601046.9325392
train/actor/grad_norm,97,96,32.57960510253906,1789601642.5962622
train/actor/grad_norm,98,97,26.350830078125,1789602260.2309005
train/actor/grad_norm,99,98,21.84699249267578,1789602858.8777668
train/actor/grad_norm,100,99,25.957252502441406,1789603757.3864121
train/actor/grad_norm,101,100,45.197723388671875,1789604416.5439627
train/actor/grad_norm,102,101,23.64580535888672,1789605017.349988
train/actor/grad_norm,103,102,22.825916290283203,1789605628.4441206
train/actor/grad_norm,104,103,32.55732345581055,1789606257.6879222
train/actor/grad_norm,105,104,35.09791946411133,1789607164.5757797
train/actor/grad_norm,106,105,27.72492218017578,1789607783.355318
train/actor/grad_norm,107,106,12.786101341247559,1789608388.11964
train/actor/grad_norm,108,107,20.71432113647461,1789608993.613981
train/actor/grad_norm,109,108,34.03337097167969,1789609610.0959613
train/actor/grad_norm,110,109,21.689237594604492,1789610521.1164157
train/actor/grad_norm,111,110,33.514076232910156,1789611152.298681
train/actor/grad_norm,112,111,26.15486717224121,1789611764.0936413
train/actor/grad_norm,113,112,33.283363342285156,1789612380.6684508
train/actor/grad_norm,114,113,30.62706756591797,1789612983.3610146
train/actor/grad_norm,115,114,33.08826446533203,1789613886.1618085
train/actor/grad_norm,116,115,37.18082046508789,1789614520.8898642
train/actor/grad_norm,117,116,19.335615158081055,1789615144.6383708
train/actor/grad_norm,118,117,20.551082611083984,1789615763.7873478
train/actor/grad_norm,119,118,21.349342346191406,1789616389.2334423
train/actor/grad_norm,120,119,39.442596435546875,1789617316.7683463
train/actor/grad_norm,121,120,23.960018157958984,1789617958.7385168
train/actor/lr,1,0,4.999999873689376e-06,1789537370.7554023
train/actor/lr,2,1,4.999999873689376e-06,1789537988.1699932
train/actor/lr,3,2,4.999999873689376e-06,1789538585.992039
train/actor/lr,4,3,4.999999873689376e-06,1789539222.1049907
train/actor/lr,5,4,4.999999873689376e-06,1789540098.302653
train/actor/lr,6,5,4.999999873689376e-06,1789540697.1615112
train/actor/lr,7,6,4.999999873689376e-06,1789541296.712523
train/actor/lr,8,7,4.999999873689376e-06,1789541912.4881217
train/actor/lr,9,8,4.999999873689376e-06,1789542519.6958308
train/actor/lr,10,9,4.999999873689376e-06,1789543400.867528
train/actor/lr,11,10,4.999999873689376e-06,1789544015.3464134
train/actor/lr,12,11,4.999999873689376e-06,1789544622.4575753
train/actor/lr,13,12,4.999999873689376e-06,1789545234.7403245
train/actor/lr,14,13,4.999999873689376e-06,1789545829.192999
train/actor/lr,15,14,4.999999873689376e-06,1789546690.7853003
train/actor/lr,16,15,4.999999873689376e-06,1789547284.208181
train/actor/lr,17,16,4.999999873689376e-06,1789547893.701996
train/actor/lr,18,17,4.999999873689376e-06,1789548492.1685696
train/actor/lr,19,18,4.999999873689376e-06,1789549104.0369918
train/actor/lr,20,19,4.999999873689376e-06,1789549984.688816
train/actor/lr,21,20,4.999999873689376e-06,1789550587.8856432
train/actor/lr,22,21,4.999999873689376e-06,1789551215.9812043
train/actor/lr,23,22,4.999999873689376e-06,1789551832.318608
train/actor/lr,24,23,4.999999873689376e-06,1789552430.4467359
train/actor/lr,25,24,4.999999873689376e-06,1789553335.3223653
train/actor/lr,26,25,4.999999873689376e-06,1789553965.9713101
train/actor/lr,27,26,4.999999873689376e-06,1789554602.7462833
train/actor/lr,28,27,4.999999873689376e-06,1789555219.6588426
train/actor/lr,29,28,4.999999873689376e-06,1789555844.5656888
train/actor/lr,30,29,4.999999873689376e-06,1789556767.337531
train/actor/lr,31,30,4.999999873689376e-06,1789557383.6021132
train/actor/lr,32,31,4.999999873689376e-06,1789558051.4295986
train/actor/lr,33,32,4.999999873689376e-06,1789558681.6501112
train/actor/lr,34,33,4.999999873689376e-06,1789559281.630197
train/actor/lr,35,34,4.999999873689376e-06,1789560144.4764712
train/actor/lr,36,35,4.999999873689376e-06,1789560759.9140778
train/actor/lr,37,36,4.999999873689376e-06,1789561371.4048166
train/actor/lr,38,37,4.999999873689376e-06,1789562006.9510775
train/actor/lr,39,38,4.999999873689376e-06,1789562614.218376
train/actor/lr,40,39,4.999999873689376e-06,1789563500.934742
train/actor/lr,41,40,4.999999873689376e-06,1789564108.5051975
train/actor/lr,42,41,4.999999873689376e-06,1789564713.1764593
train/actor/lr,43,42,4.999999873689376e-06,1789565323.21139
train/actor/lr,44,43,4.999999873689376e-06,1789565951.006757
train/actor/lr,45,44,4.999999873689376e-06,1789566814.032107
train/actor/lr,46,45,4.999999873689376e-06,1789567419.3417182
train/actor/lr,47,46,4.999999873689376e-06,1789568014.7983696
train/actor/lr,48,47,4.999999873689376e-06,1789568641.7369666
train/actor/lr,49,48,4.999999873689376e-06,1789569273.1076796
train/actor/lr,50,49,4.999999873689376e-06,1789570189.8586545
train/actor/lr,51,50,4.999999873689376e-06,1789570818.3905866
train/actor/lr,52,51,4.999999873689376e-06,1789571425.1519897
train/actor/lr,53,52,4.999999873689376e-06,1789572041.4613178
train/actor/lr,54,53,4.999999873689376e-06,1789572636.6606293
train/actor/lr,55,54,4.999999873689376e-06,1789573517.0592237
train/actor/lr,56,55,4.999999873689376e-06,1789574124.0883322
train/actor/lr,57,56,4.999999873689376e-06,1789574734.9022508
train/actor/lr,58,57,4.999999873689376e-06,1789575351.7547078
train/actor/lr,59,58,4.999999873689376e-06,1789575966.8089771
train/actor/lr,60,59,4.999999873689376e-06,1789576897.9930396
train/actor/lr,61,60,4.999999873689376e-06,1789577495.9740157
train/actor/lr,62,61,4.999999873689376e-06,1789578115.3771942
train/actor/lr,63,62,4.999999873689376e-06,1789578755.100685
train/actor/lr,64,63,4.999999873689376e-06,1789579360.2023914
train/actor/lr,65,64,4.999999873689376e-06,1789580294.2200801
train/actor/lr,66,65,4.999999873689376e-06,1789580920.50122
train/actor/lr,67,66,4.999999873689376e-06,1789581536.9571908
train/actor/lr,68,67,4.999999873689376e-06,1789582143.1690474
train/actor/lr,69,68,4.999999873689376e-06,1789582754.8745682
train/actor/lr,70,69,4.999999873689376e-06,1789583642.0356379
train/actor/lr,71,70,4.999999873689376e-06,1789584278.929675
train/actor/lr,72,71,4.999999873689376e-06,1789584906.547645
train/actor/lr,73,72,4.999999873689376e-06,1789585514.5531714
train/actor/lr,74,73,4.999999873689376e-06,1789586115.4029634
train/actor/lr,75,74,4.999999873689376e-06,1789586988.6043742
train/actor/lr,76,75,4.999999873689376e-06,1789587609.956932
train/actor/lr,77,76,4.999999873689376e-06,1789588236.8316643
train/actor/lr,78,77,4.999999873689376e-06,1789588860.6207902
train/actor/lr,79,78,4.999999873689376e-06,1789589473.130903
train/actor/lr,80,79,4.999999873689376e-06,1789590358.723482
train/actor/lr,81,80,4.999999873689376e-06,1789590972.5347009
train/actor/lr,82,81,4.999999873689376e-06,1789591597.88604
train/actor/lr,83,82,4.999999873689376e-06,1789592199.8231227
train/actor/lr,84,83,4.999999873689376e-06,1789592818.1464233
train/actor/lr,85,84,4.999999873689376e-06,1789593695.8570855
train/actor/lr,86,85,4.999999873689376e-06,1789594324.5744898
train/actor/lr,87,86,4.999999873689376e-06,1789594936.480318
train/actor/lr,88,87,4.999999873689376e-06,1789595531.9290445
train/actor/lr,89,88,4.999999873689376e-06,1789596163.6072607
train/actor/lr,90,89,4.999999873689376e-06,1789597068.7757144
train/actor/lr,91,90,4.999999873689376e-06,1789597690.5819235
train/actor/lr,92,91,4.999999873689376e-06,1789598318.3559408
train/actor/lr,93,92,4.999999873689376e-06,1789598920.607621
train/actor/lr,94,93,4.999999873689376e-06,1789599581.2747526
train/actor/lr,95,94,4.999999873689376e-06,1789600443.6666057
train/actor/lr,96,95,4.999999873689376e-06,1789601046.9325454
train/actor/lr,97,96,4.999999873689376e-06,1789601642.5962682
train/actor/lr,98,97,4.999999873689376e-06,1789602260.2309074
train/actor/lr,99,98,4.999999873689376e-06,1789602858.877773
train/actor/lr,100,99,4.999999873689376e-06,1789603757.3864179
train/actor/lr,101,100,4.999999873689376e-06,1789604416.5439694
train/actor/lr,102,101,4.999999873689376e-06,1789605017.3499947
train/actor/lr,103,102,4.999999873689376e-06,1789605628.4441273
train/actor/lr,104,103,4.999999873689376e-06,1789606257.6879292
train/actor/lr,105,104,4.999999873689376e-06,1789607164.5757856
train/actor/lr,106,105,4.999999873689376e-06,1789607783.3553243
train/actor/lr,107,106,4.999999873689376e-06,1789608388.119649
train/actor/lr,108,107,4.999999873689376e-06,1789608993.6139874
train/actor/lr,109,108,4.999999873689376e-06,1789609610.0959682
train/actor/lr,110,109,4.999999873689376e-06,1789610521.116422
train/actor/lr,111,110,4.999999873689376e-06,1789611152.2986872
train/actor/lr,112,111,4.999999873689376e-06,1789611764.0936482
train/actor/lr,113,112,4.999999873689376e-06,1789612380.6684568
train/actor/lr,114,113,4.999999873689376e-06,1789612983.3610392
train/actor/lr,115,114,4.999999873689376e-06,1789613886.1618147
train/actor/lr,116,115,4.999999873689376e-06,1789614520.8898695
train/actor/lr,117,116,4.999999873689376e-06,1789615144.638377
train/actor/lr,118,117,4.999999873689376e-06,1789615763.7873535
train/actor/lr,119,118,4.999999873689376e-06,1789616389.2334483
train/actor/lr,120,119,4.999999873689376e-06,1789617316.7683525
train/actor/lr,121,120,4.999999873689376e-06,1789617958.7385232
train/actor/policy_loss,1,0,-9.0758316218853e-05,1789537370.7554076
train/actor/policy_loss,2,1,-0.004387333989143372,1789537988.1699998
train/actor/policy_loss,3,2,-0.005046797916293144,1789538585.9920444
train/actor/policy_loss,4,3,-0.0071165310218930244,1789539222.104997
train/actor/policy_loss,5,4,-0.0014633287210017443,1789540098.3026621
train/actor/policy_loss,6,5,0.011820225045084953,1789540697.161517
train/actor/policy_loss,7,6,-0.003986349329352379,1789541296.7125297
train/actor/policy_loss,8,7,0.0016123807290568948,1789541912.4881268
train/actor/policy_loss,9,8,0.0012666474794968963,1789542519.6958368
train/actor/policy_loss,10,9,0.0001825980143621564,1789543400.867535
train/actor/policy_loss,11,10,-0.006415016483515501,1789544015.3464196
train/actor/policy_loss,12,11,0.008083203807473183,1789544622.4575849
train/actor/policy_loss,13,12,-0.004231811035424471,1789545234.7403307
train/actor/policy_loss,14,13,-0.0019530816935002804,1789545829.1930046
train/actor/policy_loss,15,14,-0.0012718234211206436,1789546690.7853112
train/actor/policy_loss,16,15,0.002050415612757206,1789547284.2081897
train/actor/policy_loss,17,16,-0.004685139283537865,1789547893.7020018
train/actor/policy_loss,18,17,-0.005511258728802204,1789548492.1685767
train/actor/policy_loss,19,18,-0.00697972672060132,1789549104.0369978
train/actor/policy_loss,20,19,-0.0026114960201084614,1789549984.688821
train/actor/policy_loss,21,20,-0.0001227566972374916,1789550587.8856492
train/actor/policy_loss,22,21,0.008734605275094509,1789551215.981211
train/actor/policy_loss,23,22,0.0019100725185126066,1789551832.3186138
train/actor/policy_loss,24,23,-0.004337035585194826,1789552430.4467423
train/actor/policy_loss,25,24,-0.00761786662042141,1789553335.322376
train/actor/policy_loss,26,25,-0.005203495267778635,1789553965.9713187
train/actor/policy_loss,27,26,-0.0008089815964922309,1789554602.746289
train/actor/policy_loss,28,27,0.00445130281150341,1789555219.658849
train/actor/policy_loss,29,28,-0.0019830430392175913,1789555844.565695
train/actor/policy_loss,30,29,0.006263521034270525,1789556767.3375385
train/actor/policy_loss,31,30,0.004875565879046917,1789557383.6021194
train/actor/policy_loss,32,31,-0.004186901263892651,1789558051.4296043
train/actor/policy_loss,33,32,-0.002878959756344557,1789558681.650117
train/actor/policy_loss,34,33,-0.0022114634048193693,1789559281.6302032
train/actor/policy_loss,35,34,0.006077244412153959,1789560144.4764774
train/actor/policy_loss,36,35,0.0032557642553001642,1789560759.9140897
train/actor/policy_loss,37,36,0.00159830367192626,1789561371.404823
train/actor/policy_loss,38,37,-0.0018969840602949262,1789562006.9510834
train/actor/policy_loss,39,38,-0.0012870493810623884,1789562614.2183824
train/actor/policy_loss,40,39,-0.0018843594007194042,1789563500.9347486
train/actor/policy_loss,41,40,-0.002195436507463455,1789564108.505204
train/actor/policy_loss,42,41,-0.0019182474352419376,1789564713.176466
train/actor/policy_loss,43,42,-0.004527700133621693,1789565323.2113955
train/actor/policy_loss,44,43,0.0006997946184128523,1789565951.0067632
train/actor/policy_loss,45,44,-0.003607043530791998,1789566814.0321116
train/actor/policy_loss,46,45,0.001747582689858973,1789567419.3417244
train/actor/policy_loss,47,46,0.0007508380804210901,1789568014.798376
train/actor/policy_loss,48,47,-0.0016191562172025442,1789568641.736976
train/actor/policy_loss,49,48,0.006834312342107296,1789569273.1076856
train/actor/policy_loss,50,49,-0.0006127150263637304,1789570189.8586624
train/actor/policy_loss,51,50,0.0005117348628118634,1789570818.3905933
train/actor/policy_loss,52,51,0.0013103715609759092,1789571425.1520102
train/actor/policy_loss,53,52,-0.00023123167920857668,1789572041.4613237
train/actor/policy_loss,54,53,-0.0006645628018304706,1789572636.6606355
train/actor/policy_loss,55,54,0.011503986082971096,1789573517.0592282
train/actor/policy_loss,56,55,0.00010466109961271286,1789574124.0883381
train/actor/policy_loss,57,56,0.0010711717186495662,1789574734.9022567
train/actor/policy_loss,58,57,-0.004481364041566849,1789575351.7547135
train/actor/policy_loss,59,58,0.004180883057415485,1789575966.8089836
train/actor/policy_loss,60,59,-0.0026847387198358774,1789576897.9930458
train/actor/policy_loss,61,60,-0.005842577666044235,1789577495.9740217
train/actor/policy_loss,62,61,0.00619885791093111,1789578115.3772063
train/actor/policy_loss,63,62,3.122864291071892e-05,1789578755.100692
train/actor/policy_loss,64,63,-0.008750823326408863,1789579360.2023985
train/actor/policy_loss,65,64,-0.00026221037842333317,1789580294.2200863
train/actor/policy_loss,66,65,0.019651075825095177,1789580920.5012257
train/actor/policy_loss,67,66,0.010042991489171982,1789581536.9572022
train/actor/policy_loss,68,67,0.006404934450984001,1789582143.169053
train/actor/policy_loss,69,68,0.0014928336022421718,1789582754.8745747
train/actor/policy_loss,70,69,-0.0033870828337967396,1789583642.0356464
train/actor/policy_loss,71,70,0.011397999711334705,1789584278.9296832
train/actor/policy_loss,72,71,0.007292710244655609,1789584906.547651
train/actor/policy_loss,73,72,0.0012004348682239652,1789585514.553177
train/actor/policy_loss,74,73,0.004581526853144169,1789586115.4029708
train/actor/policy_loss,75,74,-0.001972401514649391,1789586988.60438
train/actor/policy_loss,76,75,0.0006982899503782392,1789587609.956938
train/actor/policy_loss,77,76,0.001864645746536553,1789588236.8316703
train/actor/policy_loss,78,77,-0.0014773657312616706,1789588860.6207976
train/actor/policy_loss,79,78,0.00593594741076231,1789589473.130909
train/actor/policy_loss,80,79,0.00038705405313521624,1789590358.7234879
train/actor/policy_loss,81,80,0.00038864591624587774,1789590972.5347073
train/actor/policy_loss,82,81,0.007962041534483433,1789591597.8860464
train/actor/policy_loss,83,82,0.007185705006122589,1789592199.823129
train/actor/policy_loss,84,83,-0.0008756326278671622,1789592818.1464293
train/actor/policy_loss,85,84,0.003726126393303275,1789593695.857093
train/actor/policy_loss,86,85,-0.0017990253400057554,1789594324.5744963
train/actor/policy_loss,87,86,-0.0003206611145287752,1789594936.4803245
train/actor/policy_loss,88,87,-0.0007543942192569375,1789595531.9290502
train/actor/policy_loss,89,88,0.01292489841580391,1789596163.6072671
train/actor/policy_loss,90,89,0.0001926326658576727,1789597068.7757223
train/actor/policy_loss,91,90,0.005371268838644028,1789597690.5819294
train/actor/policy_loss,92,91,0.0011264801723882556,1789598318.355947
train/actor/policy_loss,93,92,-0.005203160457313061,1789598920.6076264
train/actor/policy_loss,94,93,-0.0026453181635588408,1789599581.2747574
train/actor/policy_loss,95,94,-0.0019329474307596684,1789600443.6666121
train/actor/policy_loss,96,95,0.0034271427430212498,1789601046.9325511
train/actor/policy_loss,97,96,0.001379466848447919,1789601642.5962741
train/actor/policy_loss,98,97,0.005935860797762871,1789602260.2309132
train/actor/policy_loss,99,98,-0.0034519988112151623,1789602858.8777795
train/actor/policy_loss,100,99,0.0016151937888935208,1789603757.386424
train/actor/policy_loss,101,100,0.002893053460866213,1789604416.5439758
train/actor/policy_loss,102,101,-0.001207054709084332,1789605017.3500006
train/actor/policy_loss,103,102,-0.0019309762865304947,1789605628.4441328
train/actor/policy_loss,104,103,0.001999880187213421,1789606257.687935
train/actor/policy_loss,105,104,0.005885841324925423,1789607164.5757914
train/actor/policy_loss,106,105,-0.0017949456814676523,1789607783.3553302
train/actor/policy_loss,107,106,-0.004663384519517422,1789608388.1196568
train/actor/policy_loss,108,107,-0.0033713404554873705,1789608993.6139932
train/actor/policy_loss,109,108,0.007365556433796883,1789609610.095975
train/actor/policy_loss,110,109,-0.002403191989287734,1789610521.1164274
train/actor/policy_loss,111,110,0.001932421000674367,1789611152.2986932
train/actor/policy_loss,112,111,-0.0008021483663469553,1789611764.093654
train/actor/policy_loss,113,112,0.002421800745651126,1789612380.6684625
train/actor/policy_loss,114,113,-0.0014515784569084644,1789612983.361065
train/actor/policy_loss,115,114,0.007071486208587885,1789613886.1618204
train/actor/policy_loss,116,115,0.00722115533426404,1789614520.8898745
train/actor/policy_loss,117,116,-0.002717919647693634,1789615144.6383834
train/actor/policy_loss,118,117,-0.004828233737498522,1789615763.7873595
train/actor/policy_loss,119,118,-0.0023521054536104202,1789616389.2334542
train/actor/policy_loss,120,119,0.008833186700940132,1789617316.7683582
train/actor/policy_loss,121,120,-0.0022386391647160053,1789617958.7385292
train/actor/policy_loss_abs,1,0,0.645714282989502,1789537370.755413
train/actor/policy_loss_abs,2,1,0.675572395324707,1789537988.1700068
train/actor/policy_loss_abs,3,2,0.7023546099662781,1789538585.9920506
train/actor/policy_loss_abs,4,3,0.6004642844200134,1789539222.1050024
train/actor/policy_loss_abs,5,4,0.6504621505737305,1789540098.3026752
train/actor/policy_loss_abs,6,5,0.7033401131629944,1789540697.1615224
train/actor/policy_loss_abs,7,6,0.6847522258758545,1789541296.7125366
train/actor/policy_loss_abs,8,7,0.7031828761100769,1789541912.4881313
train/actor/policy_loss_abs,9,8,0.6465508937835693,1789542519.6958427
train/actor/policy_loss_abs,10,9,0.6831669807434082,1789543400.867542
train/actor/policy_loss_abs,11,10,0.5424020290374756,1789544015.3464253
train/actor/policy_loss_abs,12,11,0.7012192606925964,1789544622.4575946
train/actor/policy_loss_abs,13,12,0.5994658470153809,1789545234.7403367
train/actor/policy_loss_abs,14,13,0.5338475704193115,1789545829.19301
train/actor/policy_loss_abs,15,14,0.6849466562271118,1789546690.7853215
train/actor/policy_loss_abs,16,15,0.651074230670929,1789547284.2081983
train/actor/policy_loss_abs,17,16,0.7140974998474121,1789547893.7020075
train/actor/policy_loss_abs,18,17,0.5764091610908508,1789548492.1685834
train/actor/policy_loss_abs,19,18,0.6627752780914307,1789549104.0370038
train/actor/policy_loss_abs,20,19,0.5551778674125671,1789549984.6888256
train/actor/policy_loss_abs,21,20,0.7958632707595825,1789550587.8856544
train/actor/policy_loss_abs,22,21,0.7733447551727295,1789551215.981217
train/actor/policy_loss_abs,23,22,0.6739786267280579,1789551832.31862
train/actor/policy_loss_abs,24,23,0.5693504810333252,1789552430.4467485
train/actor/policy_loss_abs,25,24,0.7082226872444153,1789553335.322386
train/actor/policy_loss_abs,26,25,0.7707637548446655,1789553965.9713273
train/actor/policy_loss_abs,27,26,0.6416763663291931,1789554602.7462945
train/actor/policy_loss_abs,28,27,0.8154109716415405,1789555219.6588552
train/actor/policy_loss_abs,29,28,0.6886060237884521,1789555844.565701
train/actor/policy_loss_abs,30,29,0.7468428611755371,1789556767.3375456
train/actor/policy_loss_abs,31,30,0.7301446795463562,1789557383.6021254
train/actor/policy_loss_abs,32,31,0.8162587881088257,1789558051.42961
train/actor/policy_loss_abs,33,32,0.7594970464706421,1789558681.6501224
train/actor/policy_loss_abs,34,33,0.8157275915145874,1789559281.6302087
train/actor/policy_loss_abs,35,34,0.7291171550750732,1789560144.4764838
train/actor/policy_loss_abs,36,35,0.6909525394439697,1789560759.914101
train/actor/policy_loss_abs,37,36,0.56551194190979,1789561371.4048293
train/actor/policy_loss_abs,38,37,0.754342794418335,1789562006.9510891
train/actor/policy_loss_abs,39,38,0.7487186193466187,1789562614.2183888
train/actor/policy_loss_abs,40,39,0.5966643691062927,1789563500.934755
train/actor/policy_loss_abs,41,40,0.6454620361328125,1789564108.5052102
train/actor/policy_loss_abs,42,41,0.7340512871742249,1789564713.176473
train/actor/policy_loss_abs,43,42,0.6709359884262085,1789565323.2114015
train/actor/policy_loss_abs,44,43,0.6295027732849121,1789565951.0067694
train/actor/policy_loss_abs,45,44,0.8551447987556458,1789566814.0321157
train/actor/policy_loss_abs,46,45,0.686798095703125,1789567419.3417306
train/actor/policy_loss_abs,47,46,0.6429608464241028,1789568014.7983823
train/actor/policy_loss_abs,48,47,0.690032958984375,1789568641.7369857
train/actor/policy_loss_abs,49,48,0.7413403391838074,1789569273.1076918
train/actor/policy_loss_abs,50,49,0.6002950668334961,1789570189.8586698
train/actor/policy_loss_abs,51,50,0.8292336463928223,1789570818.3905995
train/actor/policy_loss_abs,52,51,0.646074652671814,1789571425.1520305
train/actor/policy_loss_abs,53,52,0.7406888008117676,1789572041.4613302
train/actor/policy_loss_abs,54,53,0.7002114057540894,1789572636.6606412
train/actor/policy_loss_abs,55,54,0.6170033812522888,1789573517.0592327
train/actor/policy_loss_abs,56,55,0.6986368894577026,1789574124.0883443
train/actor/policy_loss_abs,57,56,0.6871025562286377,1789574734.9022624
train/actor/policy_loss_abs,58,57,0.6748021841049194,1789575351.7547195
train/actor/policy_loss_abs,59,58,0.7084278464317322,1789575966.8089902
train/actor/policy_loss_abs,60,59,0.5856367349624634,1789576897.9930513
train/actor/policy_loss_abs,61,60,0.815797746181488,1789577495.974028
train/actor/policy_loss_abs,62,61,0.7638174295425415,1789578115.3772168
train/actor/policy_loss_abs,63,62,0.6088188886642456,1789578755.1006997
train/actor/policy_loss_abs,64,63,0.7324963808059692,1789579360.2024057
train/actor/policy_loss_abs,65,64,0.8080363273620605,1789580294.220092
train/actor/policy_loss_abs,66,65,0.7446472644805908,1789580920.5012321
train/actor/policy_loss_abs,67,66,0.6846389770507812,1789581536.957215
train/actor/policy_loss_abs,68,67,0.7697436809539795,1789582143.1690598
train/actor/policy_loss_abs,69,68,0.777848482131958,1789582754.8745801
train/actor/policy_loss_abs,70,69,0.6154029965400696,1789583642.0356555
train/actor/policy_loss_abs,71,70,0.7102278470993042,1789584278.9296908
train/actor/policy_loss_abs,72,71,0.7198939323425293,1789584906.547657
train/actor/policy_loss_abs,73,72,0.7342262268066406,1789585514.553183
train/actor/policy_loss_abs,74,73,0.641221284866333,1789586115.4029834
train/actor/policy_loss_abs,75,74,0.7543468475341797,1789586988.6043851
train/actor/policy_loss_abs,76,75,0.7147049903869629,1789587609.9569447
train/actor/policy_loss_abs,77,76,0.6792827248573303,1789588236.8316762
train/actor/policy_loss_abs,78,77,0.5447484254837036,1789588860.6208053
train/actor/policy_loss_abs,79,78,0.7035831212997437,1789589473.1309144
train/actor/policy_loss_abs,80,79,0.7162150740623474,1789590358.7234936
train/actor/policy_loss_abs,81,80,0.6853737831115723,1789590972.5347135
train/actor/policy_loss_abs,82,81,0.7899665236473083,1789591597.8860524
train/actor/policy_loss_abs,83,82,0.7046431303024292,1789592199.8231347
train/actor/policy_loss_abs,84,83,0.7341253757476807,1789592818.1464353
train/actor/policy_loss_abs,85,84,0.7334467172622681,1789593695.857101
train/actor/policy_loss_abs,86,85,0.7175709009170532,1789594324.5745032
train/actor/policy_loss_abs,87,86,0.6377462148666382,1789594936.480331
train/actor/policy_loss_abs,88,87,0.7901186943054199,1789595531.929056
train/actor/policy_loss_abs,89,88,0.6784576177597046,1789596163.607273
train/actor/policy_loss_abs,90,89,0.7907458543777466,1789597068.7757301
train/actor/policy_loss_abs,91,90,0.6880185008049011,1789597690.5819356
train/actor/policy_loss_abs,92,91,0.6618974208831787,1789598318.355953
train/actor/policy_loss_abs,93,92,0.6013620495796204,1789598920.6076326
train/actor/policy_loss_abs,94,93,0.6916218996047974,1789599581.2747617
train/actor/policy_loss_abs,95,94,0.6010720729827881,1789600443.6666179
train/actor/policy_loss_abs,96,95,0.829552173614502,1789601046.9325573
train/actor/policy_loss_abs,97,96,0.6707340478897095,1789601642.5962834
train/actor/policy_loss_abs,98,97,0.6655247211456299,1789602260.230919
train/actor/policy_loss_abs,99,98,0.6579221487045288,1789602858.8777852
train/actor/policy_loss_abs,100,99,0.6566449999809265,1789603757.38643
train/actor/policy_loss_abs,101,100,0.8140360116958618,1789604416.5439818
train/actor/policy_loss_abs,102,101,0.8038305640220642,1789605017.350007
train/actor/policy_loss_abs,103,102,0.7005444169044495,1789605628.4441392
train/actor/policy_loss_abs,104,103,0.730884313583374,1789606257.687941
train/actor/policy_loss_abs,105,104,0.7830244898796082,1789607164.5757978
train/actor/policy_loss_abs,106,105,0.5830785036087036,1789607783.355336
train/actor/policy_loss_abs,107,106,0.6152554750442505,1789608388.1196637
train/actor/policy_loss_abs,108,107,0.7434693574905396,1789608993.6139996
train/actor/policy_loss_abs,109,108,0.7077595591545105,1789609610.0959814
train/actor/policy_loss_abs,110,109,0.7602771520614624,1789610521.1164331
train/actor/policy_loss_abs,111,110,0.7003591060638428,1789611152.298699
train/actor/policy_loss_abs,112,111,0.6975699663162231,1789611764.0936596
train/actor/policy_loss_abs,113,112,0.7897155284881592,1789612380.6684682
train/actor/policy_loss_abs,114,113,0.7610825300216675,1789612983.3610876
train/actor/policy_loss_abs,115,114,0.73459792137146,1789613886.1618264
train/actor/policy_loss_abs,116,115,0.7777340412139893,1789614520.8898792
train/actor/policy_loss_abs,117,116,0.612823486328125,1789615144.6383893
train/actor/policy_loss_abs,118,117,0.7255818843841553,1789615763.7873652
train/actor/policy_loss_abs,119,118,0.5292611122131348,1789616389.23346
train/actor/policy_loss_abs,120,119,0.5850577354431152,1789617316.7683642
train/actor/policy_loss_abs,121,120,0.670499861240387,1789617958.7385352
train/actor/ratio,1,0,1.0694859027862549,1789537370.7554183
train/actor/ratio,2,1,1.0300401449203491,1789537988.1700127
train/actor/ratio,3,2,1.0043816566467285,1789538585.9920568
train/actor/ratio,4,3,1.0031776428222656,1789539222.1050088
train/actor/ratio,5,4,1.0001713037490845,1789540098.3026867
train/actor/ratio,6,5,1.014824628829956,1789540697.161528
train/actor/ratio,7,6,0.9974502325057983,1789541296.7125428
train/actor/ratio,8,7,1.0001442432403564,1789541912.4881363
train/actor/ratio,9,8,0.9978994131088257,1789542519.695849
train/actor/ratio,10,9,1.0052379369735718,1789543400.8675497
train/actor/ratio,11,10,0.9988293647766113,1789544015.3464308
train/actor/ratio,12,11,1.0128527879714966,1789544622.4576042
train/actor/ratio,13,12,0.9933867454528809,1789545234.7403424
train/actor/ratio,14,13,0.9997782707214355,1789545829.193016
train/actor/ratio,15,14,1.0071258544921875,1789546690.7853317
train/actor/ratio,16,15,1.004824161529541,1789547284.2082071
train/actor/ratio,17,16,1.0043671131134033,1789547893.7020133
train/actor/ratio,18,17,1.0067273378372192,1789548492.1685898
train/actor/ratio,19,18,1.0030874013900757,1789549104.0370097
train/actor/ratio,20,19,1.0072962045669556,1789549984.68883
train/actor/ratio,21,20,1.00306236743927,1789550587.8856604
train/actor/ratio,22,21,1.0013244152069092,1789551215.9812236
train/actor/ratio,23,22,1.0018188953399658,1789551832.3186257
train/actor/ratio,24,23,0.9944450855255127,1789552430.446755
train/actor/ratio,25,24,1.00372314453125,1789553335.3224015
train/actor/ratio,26,25,1.0073349475860596,1789553965.9713356
train/actor/ratio,27,26,1.0092610120773315,1789554602.746301
train/actor/ratio,28,27,0.9978249073028564,1789555219.6588607
train/actor/ratio,29,28,0.9962806701660156,1789555844.565707
train/actor/ratio,30,29,1.002392053604126,1789556767.3375533
train/actor/ratio,31,30,1.0045586824417114,1789557383.6021314
train/actor/ratio,32,31,1.0013937950134277,1789558051.4296162
train/actor/ratio,33,32,1.0015883445739746,1789558681.6501284
train/actor/ratio,34,33,0.9999990463256836,1789559281.630215
train/actor/ratio,35,34,1.0003445148468018,1789560144.47649
train/actor/ratio,36,35,0.995537281036377,1789560759.9141123
train/actor/ratio,37,36,1.0211517810821533,1789561371.404835
train/actor/ratio,38,37,0.9900826215744019,1789562006.951095
train/actor/ratio,39,38,1.0061113834381104,1789562614.2183952
train/actor/ratio,40,39,0.9977238774299622,1789563500.9347613
train/actor/ratio,41,40,0.9994587898254395,1789564108.505216
train/actor/ratio,42,41,0.9962552785873413,1789564713.1764786
train/actor/ratio,43,42,1.0039031505584717,1789565323.2114077
train/actor/ratio,44,43,1.005829095840454,1789565951.0067754
train/actor/ratio,45,44,0.9929625988006592,1789566814.03212
train/actor/ratio,46,45,0.9913984537124634,1789567419.3417368
train/actor/ratio,47,46,0.9978888034820557,1789568014.7983885
train/actor/ratio,48,47,1.0003840923309326,1789568641.7369947
train/actor/ratio,49,48,1.0072981119155884,1789569273.107698
train/actor/ratio,50,49,1.0092122554779053,1789570189.8586779
train/actor/ratio,51,50,1.018237829208374,1789570818.390606
train/actor/ratio,52,51,1.0111973285675049,1789571425.1520512
train/actor/ratio,53,52,1.0000083446502686,1789572041.461336
train/actor/ratio,54,53,1.0094568729400635,1789572636.6606472
train/actor/ratio,55,54,0.9968652725219727,1789573517.0592382
train/actor/ratio,56,55,1.0090811252593994,1789574124.0883505
train/actor/ratio,57,56,0.9984493255615234,1789574734.9022686
train/actor/ratio,58,57,0.9980785846710205,1789575351.7547252
train/actor/ratio,59,58,0.990913450717926,1789575966.8089967
train/actor/ratio,60,59,0.9961214065551758,1789576897.9930573
train/actor/ratio,61,60,1.0059897899627686,1789577495.9740336
train/actor/ratio,62,61,0.9940496683120728,1789578115.3772266
train/actor/ratio,63,62,0.9968650341033936,1789578755.100707
train/actor/ratio,64,63,1.001189947128296,1789579360.2024124
train/actor/ratio,65,64,0.9951952695846558,1789580294.220098
train/actor/ratio,66,65,1.0147316455841064,1789580920.5012383
train/actor/ratio,67,66,1.000601887702942,1789581536.9572272
train/actor/ratio,68,67,1.0126979351043701,1789582143.1690655
train/actor/ratio,69,68,0.9965581893920898,1789582754.8745866
train/actor/ratio,70,69,1.0002985000610352,1789583642.0356643
train/actor/ratio,71,70,1.0075970888137817,1789584278.9296987
train/actor/ratio,72,71,0.9962872266769409,1789584906.5476656
train/actor/ratio,73,72,1.0056633949279785,1789585514.5531893
train/actor/ratio,74,73,0.9969844818115234,1789586115.4029908
train/actor/ratio,75,74,0.998449444770813,1789586988.6043909
train/actor/ratio,76,75,1.0047361850738525,1789587609.956951
train/actor/ratio,77,76,0.98884117603302,1789588236.831682
train/actor/ratio,78,77,0.9956068992614746,1789588860.6208127
train/actor/ratio,79,78,0.9991356134414673,1789589473.130921
train/actor/ratio,80,79,1.0022556781768799,1789590358.7234995
train/actor/ratio,81,80,1.003202199935913,1789590972.5347202
train/actor/ratio,82,81,1.0033538341522217,1789591597.8860583
train/actor/ratio,83,82,0.998201310634613,1789592199.8231406
train/actor/ratio,84,83,1.0011858940124512,1789592818.1464455
train/actor/ratio,85,84,1.0064635276794434,1789593695.8571088
train/actor/ratio,86,85,1.0062613487243652,1789594324.5745099
train/actor/ratio,87,86,0.9975857734680176,1789594936.4803376
train/actor/ratio,88,87,0.9968280792236328,1789595531.929062
train/actor/ratio,89,88,1.0015199184417725,1789596163.607279
train/actor/ratio,90,89,0.9895565509796143,1789597068.7757378
train/actor/ratio,91,90,0.9911341071128845,1789597690.5819418
train/actor/ratio,92,91,0.9952822327613831,1789598318.3559585
train/actor/ratio,93,92,0.9949702024459839,1789598920.6076388
train/actor/ratio,94,93,0.9938606023788452,1789599581.2747667
train/actor/ratio,95,94,1.003904104232788,1789600443.6666238
train/actor/ratio,96,95,1.0204014778137207,1789601046.9325633
train/actor/ratio,97,96,1.0107698440551758,1789601642.5962918
train/actor/ratio,98,97,1.0029752254486084,1789602260.230925
train/actor/ratio,99,98,1.0014944076538086,1789602858.8777907
train/actor/ratio,100,99,0.9976382851600647,1789603757.3864355
train/actor/ratio,101,100,1.0019006729125977,1789604416.5439882
train/actor/ratio,102,101,1.0094435214996338,1789605017.3500133
train/actor/ratio,103,102,1.0019716024398804,1789605628.4441454
train/actor/ratio,104,103,1.0031628608703613,1789606257.6879473
train/actor/ratio,105,104,0.9957184791564941,1789607164.5758042
train/actor/ratio,106,105,0.9960166215896606,1789607783.3553417
train/actor/ratio,107,106,1.0030429363250732,1789608388.1196709
train/actor/ratio,108,107,1.0041577816009521,1789608993.6140058
train/actor/ratio,109,108,1.0079116821289062,1789609610.0959878
train/actor/ratio,110,109,1.0073819160461426,1789610521.116439
train/actor/ratio,111,110,0.9911546111106873,1789611152.298705
train/actor/ratio,112,111,0.9969101548194885,1789611764.0936656
train/actor/ratio,113,112,0.9963507652282715,1789612380.6684735
train/actor/ratio,114,113,0.9990118145942688,1789612983.3611085
train/actor/ratio,115,114,1.0163342952728271,1789613886.1618319
train/actor/ratio,116,115,0.9979170560836792,1789614520.8898842
train/actor/ratio,117,116,1.0037577152252197,1789615144.6383948
train/actor/ratio,118,117,0.9971778392791748,1789615763.7873704
train/actor/ratio,119,118,1.0139780044555664,1789616389.233466
train/actor/ratio,120,119,0.9985008835792542,1789617316.76837
train/actor/ratio,121,120,1.0069074630737305,1789617958.7385411
train/actor/ratio_abs,1,0,0.14817287027835846,1789537370.7554238
train/actor/ratio_abs,2,1,0.13805687427520752,1789537988.1700182
train/actor/ratio_abs,3,2,0.06675518304109573,1789538585.992063
train/actor/ratio_abs,4,3,0.04499344155192375,1789539222.1050148
train/actor/ratio_abs,5,4,0.08077600598335266,1789540098.3028584
train/actor/ratio_abs,6,5,0.10920947790145874,1789540697.1615336
train/actor/ratio_abs,7,6,0.0421479307115078,1789541296.7125492
train/actor/ratio_abs,8,7,0.061640381813049316,1789541912.4881408
train/actor/ratio_abs,9,8,0.04631020873785019,1789542519.695855
train/actor/ratio_abs,10,9,0.0604754239320755,1789543400.867716
train/actor/ratio_abs,11,10,0.059162437915802,1789544015.346437
train/actor/ratio_abs,12,11,0.09368826448917389,1789544622.4576135
train/actor/ratio_abs,13,12,0.04189402237534523,1789545234.7403479
train/actor/ratio_abs,14,13,0.029645409435033798,1789545829.1930215
train/actor/ratio_abs,15,14,0.07450178265571594,1789546690.7856102
train/actor/ratio_abs,16,15,0.05082934349775314,1789547284.208216
train/actor/ratio_abs,17,16,0.0419209748506546,1789547893.7020187
train/actor/ratio_abs,18,17,0.0630340576171875,1789548492.168596
train/actor/ratio_abs,19,18,0.05420798808336258,1789549104.037016
train/actor/ratio_abs,20,19,0.0377596914768219,1789549984.6891654
train/actor/ratio_abs,21,20,0.059150390326976776,1789550587.8856661
train/actor/ratio_abs,22,21,0.09771668910980225,1789551215.9812298
train/actor/ratio_abs,23,22,0.05081288516521454,1789551832.3186316
train/actor/ratio_abs,24,23,0.042532168328762054,1789552430.4467607
train/actor/ratio_abs,25,24,0.037305571138858795,1789553335.322805
train/actor/ratio_abs,26,25,0.043006159365177155,1789553965.9713445
train/actor/ratio_abs,27,26,0.054072149097919464,1789554602.746307
train/actor/ratio_abs,28,27,0.06541842222213745,1789555219.6588674
train/actor/ratio_abs,29,28,0.057638704776763916,1789555844.565713
train/actor/ratio_abs,30,29,0.09427927434444427,1789556767.3377779
train/actor/ratio_abs,31,30,0.10809789597988129,1789557383.6021373
train/actor/ratio_abs,32,31,0.03407541662454605,1789558051.4296222
train/actor/ratio_abs,33,32,0.05666923522949219,1789558681.6501346
train/actor/ratio_abs,34,33,0.030584366992115974,1789559281.6302202
train/actor/ratio_abs,35,34,0.060106441378593445,1789560144.4766428
train/actor/ratio_abs,36,35,0.07063690572977066,1789560759.9141238
train/actor/ratio_abs,37,36,0.07322265952825546,1789561371.4048412
train/actor/ratio_abs,38,37,0.047131046652793884,1789562006.9511006
train/actor/ratio_abs,39,38,0.046541761606931686,1789562614.218401
train/actor/ratio_abs,40,39,0.04326806217432022,1789563500.9349487
train/actor/ratio_abs,41,40,0.020776785910129547,1789564108.505222
train/actor/ratio_abs,42,41,0.0523453988134861,1789564713.1764848
train/actor/ratio_abs,43,42,0.045349303632974625,1789565323.2114136
train/actor/ratio_abs,44,43,0.043177440762519836,1789565951.006781
train/actor/ratio_abs,45,44,0.04117033630609512,1789566814.0326228
train/actor/ratio_abs,46,45,0.06176102161407471,1789567419.3417428
train/actor/ratio_abs,47,46,0.05163421481847763,1789568014.7983947
train/actor/ratio_abs,48,47,0.050569482147693634,1789568641.7370036
train/actor/ratio_abs,49,48,0.10376185178756714,1789569273.1077034
train/actor/ratio_abs,50,49,0.07406803220510483,1789570189.8591576
train/actor/ratio_abs,51,50,0.0793386846780777,1789570818.390612
train/actor/ratio_abs,52,51,0.06044580414891243,1789571425.1520703
train/actor/ratio_abs,53,52,0.03258449584245682,1789572041.4613419
train/actor/ratio_abs,54,53,0.06717702001333237,1789572636.6606534
train/actor/ratio_abs,55,54,0.1178441196680069,1789573517.059411
train/actor/ratio_abs,56,55,0.063237763941288,1789574124.0883563
train/actor/ratio_abs,57,56,0.06663109362125397,1789574734.902275
train/actor/ratio_abs,58,57,0.04431778937578201,1789575351.754731
train/actor/ratio_abs,59,58,0.05979152396321297,1789575966.8090022
train/actor/ratio_abs,60,59,0.039412010461091995,1789576897.993219
train/actor/ratio_abs,61,60,0.032292257994413376,1789577495.9740396
train/actor/ratio_abs,62,61,0.07485706359148026,1789578115.377237
train/actor/ratio_abs,63,62,0.05079066380858421,1789578755.100714
train/actor/ratio_abs,64,63,0.03798102214932442,1789579360.2024193
train/actor/ratio_abs,65,64,0.04296266287565231,1789580294.2203047
train/actor/ratio_abs,66,65,0.11709995567798615,1789580920.501244
train/actor/ratio_abs,67,66,0.08018632233142853,1789581536.9572382
train/actor/ratio_abs,68,67,0.061442773789167404,1789582143.1690712
train/actor/ratio_abs,69,68,0.06254611909389496,1789582754.8745928
train/actor/ratio_abs,70,69,0.04123712703585625,1789583642.0359309
train/actor/ratio_abs,71,70,0.10829026997089386,1789584278.9297063
train/actor/ratio_abs,72,71,0.09893730282783508,1789584906.5476718
train/actor/ratio_abs,73,72,0.04816525802016258,1789585514.5531948
train/actor/ratio_abs,74,73,0.06716173142194748,1789586115.4029977
train/actor/ratio_abs,75,74,0.04862101003527641,1789586988.6045797
train/actor/ratio_abs,76,75,0.05887506902217865,1789587609.9569569
train/actor/ratio_abs,77,76,0.04733051359653473,1789588236.8316882
train/actor/ratio_abs,78,77,0.09912294894456863,1789588860.6208205
train/actor/ratio_abs,79,78,0.04372439160943031,1789589473.1309266
train/actor/ratio_abs,80,79,0.07403519004583359,1789590358.7237508
train/actor/ratio_abs,81,80,0.056671518832445145,1789590972.5347261
train/actor/ratio_abs,82,81,0.07334087789058685,1789591597.8860643
train/actor/ratio_abs,83,82,0.08338531106710434,1789592199.8231466
train/actor/ratio_abs,84,83,0.0537668839097023,1789592818.146452
train/actor/ratio_abs,85,84,0.053648173809051514,1789593695.8572671
train/actor/ratio_abs,86,85,0.07295235991477966,1789594324.5745165
train/actor/ratio_abs,87,86,0.0711069256067276,1789594936.4803438
train/actor/ratio_abs,88,87,0.041278596967458725,1789595531.9290679
train/actor/ratio_abs,89,88,0.10057765245437622,1789596163.607285
train/actor/ratio_abs,90,89,0.06645212322473526,1789597068.7760713
train/actor/ratio_abs,91,90,0.08215291798114777,1789597690.5819476
train/actor/ratio_abs,92,91,0.06817111372947693,1789598318.3559647
train/actor/ratio_abs,93,92,0.03983272239565849,1789598920.607645
train/actor/ratio_abs,94,93,0.04328789934515953,1789599581.2747712
train/actor/ratio_abs,95,94,0.06424715369939804,1789600443.6668174
train/actor/ratio_abs,96,95,0.09264299273490906,1789601046.9325693
train/actor/ratio_abs,97,96,0.06133383885025978,1789601642.5963001
train/actor/ratio_abs,98,97,0.06973522901535034,1789602260.230931
train/actor/ratio_abs,99,98,0.05657650902867317,1789602858.8777964
train/actor/ratio_abs,100,99,0.05687752738595009,1789603757.386784
train/actor/ratio_abs,101,100,0.07106032967567444,1789604416.5439947
train/actor/ratio_abs,102,101,0.049686722457408905,1789605017.350019
train/actor/ratio_abs,103,102,0.044748082756996155,1789605628.4441514
train/actor/ratio_abs,104,103,0.07596085220575333,1789606257.6879535
train/actor/ratio_abs,105,104,0.08096751570701599,1789607164.5762918
train/actor/ratio_abs,106,105,0.06500811874866486,1789607783.3553474
train/actor/ratio_abs,107,106,0.027845341712236404,1789608388.119678
train/actor/ratio_abs,108,107,0.047066573053598404,1789608993.6140122
train/actor/ratio_abs,109,108,0.08194966614246368,1789609610.0959938
train/actor/ratio_abs,110,109,0.05288728326559067,1789610521.1167557
train/actor/ratio_abs,111,110,0.056081026792526245,1789611152.2987108
train/actor/ratio_abs,112,111,0.04830218851566315,1789611764.0936708
train/actor/ratio_abs,113,112,0.05310671776533127,1789612380.6684792
train/actor/ratio_abs,114,113,0.04518840089440346,1789612983.3611288
train/actor/ratio_abs,115,114,0.06377094984054565,1789613886.1621163
train/actor/ratio_abs,116,115,0.09329017251729965,1789614520.8898892
train/actor/ratio_abs,117,116,0.03722252696752548,1789615144.6384008
train/actor/ratio_abs,118,117,0.03780417889356613,1789615763.7873766
train/actor/ratio_abs,119,118,0.06577752530574799,1789616389.233472
train/actor/ratio_abs,120,119,0.09638550132513046,1789617316.7686265
train/actor/ratio_abs,121,120,0.0541238933801651,1789617958.7385468
train/actor/total_loss,1,0,-1.1344789527356625e-05,1789537370.7554286
train/actor/total_loss,2,1,-0.0005484167486429214,1789537988.1700242
train/actor/total_loss,3,2,-0.000630849739536643,1789538585.9920688
train/actor/total_loss,4,3,-0.0008895663777366281,1789539222.105021
train/actor/total_loss,5,4,-0.00018291609012521803,1789540098.3028655
train/actor/total_loss,6,5,0.0014775281306356192,1789540697.1615393
train/actor/total_loss,7,6,-0.0004982936661690474,1789541296.7125554
train/actor/total_loss,8,7,0.00020154759113211185,1789541912.488145
train/actor/total_loss,9,8,0.00015833093493711203,1789542519.6958601
train/actor/total_loss,10,9,2.282475179526955e-05,1789543400.867724
train/actor/total_loss,11,10,-0.0008018770604394376,1789544015.346443
train/actor/total_loss,12,11,0.0010104004759341478,1789544622.4576232
train/actor/total_loss,13,12,-0.0005289763794280589,1789545234.7403536
train/actor/total_loss,14,13,-0.00024413521168753505,1789545829.193027
train/actor/total_loss,15,14,-0.00015897792764008045,1789546690.7856221
train/actor/total_loss,16,15,0.00025630195159465075,1789547284.2082245
train/actor/total_loss,17,16,-0.0005856424104422331,1789547893.7020245
train/actor/total_loss,18,17,-0.0006889073411002755,1789548492.1686018
train/actor/total_loss,19,18,-0.000872465840075165,1789549104.0370216
train/actor/total_loss,20,19,-0.00032643700251355767,1789549984.6891708
train/actor/total_loss,21,20,-1.534458715468645e-05,1789550587.8856714
train/actor/total_loss,22,21,0.0010918256593868136,1789551215.981236
train/actor/total_loss,23,22,0.00023875906481407583,1789551832.3186374
train/actor/total_loss,24,23,-0.0005421294481493533,1789552430.4467669
train/actor/total_loss,25,24,-0.0009522333275526762,1789553335.3228166
train/actor/total_loss,26,25,-0.0006504369084723294,1789553965.9713533
train/actor/total_loss,27,26,-0.00010112269956152886,1789554602.7463124
train/actor/total_loss,28,27,0.0005564128514379263,1789555219.658873
train/actor/total_loss,29,28,-0.0002478803799021989,1789555844.5657184
train/actor/total_loss,30,29,0.0007829401292838156,1789556767.337786
train/actor/total_loss,31,30,0.0006094457348808646,1789557383.6021433
train/actor/total_loss,32,31,-0.0005233626579865813,1789558051.4296277
train/actor/total_loss,33,32,-0.0003598699695430696,1789558681.6501405
train/actor/total_loss,34,33,-0.00027643292560242116,1789559281.6302266
train/actor/total_loss,35,34,0.0007596555515192449,1789560144.4766493
train/actor/total_loss,36,35,0.00040697053191252053,1789560759.9141352
train/actor/total_loss,37,36,0.0001997879589907825,1789561371.4048471
train/actor/total_loss,38,37,-0.00023712300753686577,1789562006.9511068
train/actor/total_loss,39,38,-0.00016088117263279855,1789562614.2184064
train/actor/total_loss,40,39,-0.00023554492508992553,1789563500.9349554
train/actor/total_loss,41,40,-0.0002744295634329319,1789564108.505228
train/actor/total_loss,42,41,-0.0002397809294052422,1789564713.1764905
train/actor/total_loss,43,42,-0.0005659625167027116,1789565323.2114189
train/actor/total_loss,44,43,8.747432730160654e-05,1789565951.0067868
train/actor/total_loss,45,44,-0.00045088044134899974,1789566814.032628
train/actor/total_loss,46,45,0.00021844783623237163,1789567419.341749
train/actor/total_loss,47,46,9.385476005263627e-05,1789568014.7984002
train/actor/total_loss,48,47,-0.00020239452715031803,1789568641.7370117
train/actor/total_loss,49,48,0.000854289042763412,1789569273.1077092
train/actor/total_loss,50,49,-7.65893782954663e-05,1789570189.8591666
train/actor/total_loss,51,50,6.396685785148293e-05,1789570818.3906176
train/actor/total_loss,52,51,0.00016379644512198865,1789571425.1520915
train/actor/total_loss,53,52,-2.8903959901072085e-05,1789572041.4613476
train/actor/total_loss,54,53,-8.307035022880882e-05,1789572636.6606596
train/actor/total_loss,55,54,0.001437998260371387,1789573517.059416
train/actor/total_loss,56,55,1.3082637451589108e-05,1789574124.088362
train/actor/total_loss,57,56,0.00013389646483119577,1789574734.902281
train/actor/total_loss,58,57,-0.0005601705051958561,1789575351.7547367
train/actor/total_loss,59,58,0.0005226103821769357,1789575966.8090081
train/actor/total_loss,60,59,-0.0003355923399794847,1789576897.9932246
train/actor/total_loss,61,60,-0.0007303222082555294,1789577495.9740453
train/actor/total_loss,62,61,0.0007748572388663888,1789578115.377248
train/actor/total_loss,63,62,3.903580363839865e-06,1789578755.1007204
train/actor/total_loss,64,63,-0.0010938529158011079,1789579360.202426
train/actor/total_loss,65,64,-3.2776297302916646e-05,1789580294.2203116
train/actor/total_loss,66,65,0.002456384478136897,1789580920.5012498
train/actor/total_loss,67,66,0.0012553739361464977,1789581536.957249
train/actor/total_loss,68,67,0.0008006168063730001,1789582143.169077
train/actor/total_loss,69,68,0.00018660420028027147,1789582754.8745992
train/actor/total_loss,70,69,-0.00042338535422459245,1789583642.0359402
train/actor/total_loss,71,70,0.0014247499639168382,1789584278.9297137
train/actor/total_loss,72,71,0.0009115887805819511,1789584906.5476773
train/actor/total_loss,73,72,0.00015005435852799565,1789585514.5532007
train/actor/total_loss,74,73,0.0005726908566430211,1789586115.4030044
train/actor/total_loss,75,74,-0.0002465501893311739,1789586988.6045854
train/actor/total_loss,76,75,8.72862437972799e-05,1789587609.9569628
train/actor/total_loss,77,76,0.0002330807183170691,1789588236.831694
train/actor/total_loss,78,77,-0.00018467071640770882,1789588860.6208274
train/actor/total_loss,79,78,0.0007419934263452888,1789589473.1309323
train/actor/total_loss,80,79,4.838175664190203e-05,1789590358.723757
train/actor/total_loss,81,80,4.858073953073472e-05,1789590972.5347319
train/actor/total_loss,82,81,0.000995255191810429,1789591597.8860705
train/actor/total_loss,83,82,0.0008982131257653236,1789592199.823152
train/actor/total_loss,84,83,-0.00010945407848339528,1789592818.1464581
train/actor/total_loss,85,84,0.0004657657991629094,1789593695.8572764
train/actor/total_loss,86,85,-0.00022487816750071943,1789594324.5745232
train/actor/total_loss,87,86,-4.00826393160969e-05,1789594936.48035
train/actor/total_loss,88,87,-9.429927740711719e-05,1789595531.9290733
train/actor/total_loss,89,88,0.0016156123019754887,1789596163.6072905
train/actor/total_loss,90,89,2.4079083232209086e-05,1789597068.77608
train/actor/total_loss,91,90,0.0006714086048305035,1789597690.5819533
train/actor/total_loss,92,91,0.00014081002154853195,1789598318.3559701
train/actor/total_loss,93,92,-0.0006503950571641326,1789598920.6076505
train/actor/total_loss,94,93,-0.0003306647704448551,1789599581.2747757
train/actor/total_loss,95,94,-0.00024161842884495854,1789600443.6668234
train/actor/total_loss,96,95,0.0004283928428776562,1789601046.9325752
train/actor/total_loss,97,96,0.00017243335605598986,1789601642.5963085
train/actor/total_loss,98,97,0.0007419825997203588,1789602260.2309368
train/actor/total_loss,99,98,-0.0004314998514018953,1789602858.8778026
train/actor/total_loss,100,99,0.0002018992236116901,1789603757.3867905
train/actor/total_loss,101,100,0.0003616316826082766,1789604416.5440009
train/actor/total_loss,102,101,-0.0001508818386355415,1789605017.3500245
train/actor/total_loss,103,102,-0.00024137203581631184,1789605628.444157
train/actor/total_loss,104,103,0.0002499850234016776,1789606257.6879592
train/actor/total_loss,105,104,0.0007357301656156778,1789607164.5762987
train/actor/total_loss,106,105,-0.00022436821018345654,1789607783.3553534
train/actor/total_loss,107,106,-0.0005829230649396777,1789608388.1196852
train/actor/total_loss,108,107,-0.0004214175569359213,1789608993.6140182
train/actor/total_loss,109,108,0.0009206945542246103,1789609610.0959997
train/actor/total_loss,110,109,-0.00030039899866096675,1789610521.1167622
train/actor/total_loss,111,110,0.00024155262508429587,1789611152.2987168
train/actor/total_loss,112,111,-0.00010026854579336941,1789611764.093677
train/actor/total_loss,113,112,0.00030272509320639074,1789612380.6684854
train/actor/total_loss,114,113,-0.00018144730711355805,1789612983.36115
train/actor/total_loss,115,114,0.0008839357760734856,1789613886.162123
train/actor/total_loss,116,115,0.000902644416783005,1789614520.8898945
train/actor/total_loss,117,116,-0.00033973995596170425,1789615144.638407
train/actor/total_loss,118,117,-0.0006035292171873152,1789615763.7873826
train/actor/total_loss,119,118,-0.00029401318170130253,1789616389.2334776
train/actor/total_loss,120,119,0.0011041483376175165,1789617316.768634
train/actor/total_loss,121,120,-0.00027982989558950067,1789617958.7385526
train/actor/dvac_weight_ess_fraction,1,0,0.9780760407447815,1789537370.7554338
train/actor/dvac_weight_ess_fraction,2,1,0.9771849513053894,1789537988.1700299
train/actor/dvac_weight_ess_fraction,3,2,0.9780598282814026,1789538585.9920747
train/actor/dvac_weight_ess_fraction,4,3,0.9762328863143921,1789539222.1050265
train/actor/dvac_weight_ess_fraction,5,4,0.9721025228500366,1789540098.3028712
train/actor/dvac_weight_ess_fraction,6,5,0.982454240322113,1789540697.1615455
train/actor/dvac_weight_ess_fraction,7,6,0.9823852181434631,1789541296.712562
train/actor/dvac_weight_ess_fraction,8,7,0.9820287227630615,1789541912.4881496
train/actor/dvac_weight_ess_fraction,9,8,0.9742343425750732,1789542519.695866
train/actor/dvac_weight_ess_fraction,10,9,0.980168342590332,1789543400.8677316
train/actor/dvac_weight_ess_fraction,11,10,0.9788311123847961,1789544015.3464487
train/actor/dvac_weight_ess_fraction,12,11,0.9803723692893982,1789544622.4576328
train/actor/dvac_weight_ess_fraction,13,12,0.9706070423126221,1789545234.740359
train/actor/dvac_weight_ess_fraction,14,13,0.9779481887817383,1789545829.1930335
train/actor/dvac_weight_ess_fraction,15,14,0.9814566373825073,1789546690.7856343
train/actor/dvac_weight_ess_fraction,16,15,0.9791004061698914,1789547284.2082365
train/actor/dvac_weight_ess_fraction,17,16,0.9807959198951721,1789547893.7020302
train/actor/dvac_weight_ess_fraction,18,17,0.9765713214874268,1789548492.1686077
train/actor/dvac_weight_ess_fraction,19,18,0.9779219627380371,1789549104.037028
train/actor/dvac_weight_ess_fraction,20,19,0.9823678731918335,1789549984.6891756
train/actor/dvac_weight_ess_fraction,21,20,0.9753358364105225,1789550587.885677
train/actor/dvac_weight_ess_fraction,22,21,0.973831832408905,1789551215.9812427
train/actor/dvac_weight_ess_fraction,23,22,0.9757310748100281,1789551832.318643
train/actor/dvac_weight_ess_fraction,24,23,0.9741401076316833,1789552430.446773
train/actor/dvac_weight_ess_fraction,25,24,0.9797888398170471,1789553335.3228276
train/actor/dvac_weight_ess_fraction,26,25,0.9716843366622925,1789553965.971362
train/actor/dvac_weight_ess_fraction,27,26,0.9720984697341919,1789554602.7463183
train/actor/dvac_weight_ess_fraction,28,27,0.9791116118431091,1789555219.658879
train/actor/dvac_weight_ess_fraction,29,28,0.9736860394477844,1789555844.5657246
train/actor/dvac_weight_ess_fraction,30,29,0.9780629277229309,1789556767.3377929
train/actor/dvac_weight_ess_fraction,31,30,0.9747933149337769,1789557383.6021495
train/actor/dvac_weight_ess_fraction,32,31,0.9732539057731628,1789558051.4296336
train/actor/dvac_weight_ess_fraction,33,32,0.9745946526527405,1789558681.6501462
train/actor/dvac_weight_ess_fraction,34,33,0.9749485850334167,1789559281.6302328
train/actor/dvac_weight_ess_fraction,35,34,0.9718969464302063,1789560144.4766552
train/actor/dvac_weight_ess_fraction,36,35,0.973594069480896,1789560759.9141462
train/actor/dvac_weight_ess_fraction,37,36,0.972519040107727,1789561371.404853
train/actor/dvac_weight_ess_fraction,38,37,0.9696564078330994,1789562006.9511127
train/actor/dvac_weight_ess_fraction,39,38,0.9747418761253357,1789562614.2184124
train/actor/dvac_weight_ess_fraction,40,39,0.9723575115203857,1789563500.934961
train/actor/dvac_weight_ess_fraction,41,40,0.9742621183395386,1789564108.5052345
train/actor/dvac_weight_ess_fraction,42,41,0.9742392301559448,1789564713.1764963
train/actor/dvac_weight_ess_fraction,43,42,0.9765107035636902,1789565323.2114248
train/actor/dvac_weight_ess_fraction,44,43,0.9745097160339355,1789565951.006793
train/actor/dvac_weight_ess_fraction,45,44,0.9762324094772339,1789566814.0326328
train/actor/dvac_weight_ess_fraction,46,45,0.9742385745048523,1789567419.3417552
train/actor/dvac_weight_ess_fraction,47,46,0.9740200042724609,1789568014.7984066
train/actor/dvac_weight_ess_fraction,48,47,0.9749262928962708,1789568641.737021
train/actor/dvac_weight_ess_fraction,49,48,0.9769750833511353,1789569273.1077154
train/actor/dvac_weight_ess_fraction,50,49,0.9744604825973511,1789570189.8591745
train/actor/dvac_weight_ess_fraction,51,50,0.9706618189811707,1789570818.390624
train/actor/dvac_weight_ess_fraction,52,51,0.9722847938537598,1789571425.1521113
train/actor/dvac_weight_ess_fraction,53,52,0.9756755828857422,1789572041.4613533
train/actor/dvac_weight_ess_fraction,54,53,0.9691548347473145,1789572636.660665
train/actor/dvac_weight_ess_fraction,55,54,0.9770931005477905,1789573517.0594213
train/actor/dvac_weight_ess_fraction,56,55,0.9758321046829224,1789574124.0883682
train/actor/dvac_weight_ess_fraction,57,56,0.9710543155670166,1789574734.9022868
train/actor/dvac_weight_ess_fraction,58,57,0.9754514098167419,1789575351.7547426
train/actor/dvac_weight_ess_fraction,59,58,0.9788547158241272,1789575966.8090146
train/actor/dvac_weight_ess_fraction,60,59,0.9743353128433228,1789576897.9932308
train/actor/dvac_weight_ess_fraction,61,60,0.9707089066505432,1789577495.974051
train/actor/dvac_weight_ess_fraction,62,61,0.9684972763061523,1789578115.377259
train/actor/dvac_weight_ess_fraction,63,62,0.9721822738647461,1789578755.1007276
train/actor/dvac_weight_ess_fraction,64,63,0.9732092022895813,1789579360.2024329
train/actor/dvac_weight_ess_fraction,65,64,0.9753202795982361,1789580294.2203171
train/actor/dvac_weight_ess_fraction,66,65,0.9753732681274414,1789580920.5012555
train/actor/dvac_weight_ess_fraction,67,66,0.972752034664154,1789581536.9572601
train/actor/dvac_weight_ess_fraction,68,67,0.9778770804405212,1789582143.1690836
train/actor/dvac_weight_ess_fraction,69,68,0.9767840504646301,1789582754.8746073
train/actor/dvac_weight_ess_fraction,70,69,0.9730340242385864,1789583642.035949
train/actor/dvac_weight_ess_fraction,71,70,0.9769070744514465,1789584278.9297214
train/actor/dvac_weight_ess_fraction,72,71,0.975415825843811,1789584906.547683
train/actor/dvac_weight_ess_fraction,73,72,0.9705702662467957,1789585514.5532064
train/actor/dvac_weight_ess_fraction,74,73,0.9733865261077881,1789586115.4030113
train/actor/dvac_weight_ess_fraction,75,74,0.970867395401001,1789586988.6045911
train/actor/dvac_weight_ess_fraction,76,75,0.9708535671234131,1789587609.9569688
train/actor/dvac_weight_ess_fraction,77,76,0.9754155874252319,1789588236.8316994
train/actor/dvac_weight_ess_fraction,78,77,0.9735739231109619,1789588860.6208346
train/actor/dvac_weight_ess_fraction,79,78,0.9724022746086121,1789589473.130938
train/actor/dvac_weight_ess_fraction,80,79,0.9774696230888367,1789590358.723763
train/actor/dvac_weight_ess_fraction,81,80,0.9751160144805908,1789590972.5347376
train/actor/dvac_weight_ess_fraction,82,81,0.9731490612030029,1789591597.8860762
train/actor/dvac_weight_ess_fraction,83,82,0.977037787437439,1789592199.823158
train/actor/dvac_weight_ess_fraction,84,83,0.9687145948410034,1789592818.1464648
train/actor/dvac_weight_ess_fraction,85,84,0.9715849161148071,1789593695.857284
train/actor/dvac_weight_ess_fraction,86,85,0.9705125689506531,1789594324.57453
train/actor/dvac_weight_ess_fraction,87,86,0.9726436734199524,1789594936.4803565
train/actor/dvac_weight_ess_fraction,88,87,0.9765142798423767,1789595531.9290793
train/actor/dvac_weight_ess_fraction,89,88,0.9715397953987122,1789596163.6072965
train/actor/dvac_weight_ess_fraction,90,89,0.969303548336029,1789597068.7760885
train/actor/dvac_weight_ess_fraction,91,90,0.970778226852417,1789597690.581959
train/actor/dvac_weight_ess_fraction,92,91,0.969755232334137,1789598318.3559768
train/actor/dvac_weight_ess_fraction,93,92,0.9732404947280884,1789598920.6076562
train/actor/dvac_weight_ess_fraction,94,93,0.9723268747329712,1789599581.2747805
train/actor/dvac_weight_ess_fraction,95,94,0.968349039554596,1789600443.666829
train/actor/dvac_weight_ess_fraction,96,95,0.9701021313667297,1789601046.932581
train/actor/dvac_weight_ess_fraction,97,96,0.9684157371520996,1789601642.5963163
train/actor/dvac_weight_ess_fraction,98,97,0.9688175916671753,1789602260.2309427
train/actor/dvac_weight_ess_fraction,99,98,0.9707022309303284,1789602858.877808
train/actor/dvac_weight_ess_fraction,100,99,0.9750233888626099,1789603757.3867965
train/actor/dvac_weight_ess_fraction,101,100,0.967380940914154,1789604416.5440068
train/actor/dvac_weight_ess_fraction,102,101,0.9704302549362183,1789605017.3500307
train/actor/dvac_weight_ess_fraction,103,102,0.9739132523536682,1789605628.4441626
train/actor/dvac_weight_ess_fraction,104,103,0.9669235348701477,1789606257.6879652
train/actor/dvac_weight_ess_fraction,105,104,0.9759060144424438,1789607164.576305
train/actor/dvac_weight_ess_fraction,106,105,0.9740539193153381,1789607783.3553593
train/actor/dvac_weight_ess_fraction,107,106,0.9712958335876465,1789608388.119692
train/actor/dvac_weight_ess_fraction,108,107,0.9691402912139893,1789608993.6140249
train/actor/dvac_weight_ess_fraction,109,108,0.9673382043838501,1789609610.0960057
train/actor/dvac_weight_ess_fraction,110,109,0.9694180488586426,1789610521.11677
train/actor/dvac_weight_ess_fraction,111,110,0.965861439704895,1789611152.2987223
train/actor/dvac_weight_ess_fraction,112,111,0.9758422374725342,1789611764.0936832
train/actor/dvac_weight_ess_fraction,113,112,0.9703608155250549,1789612380.6684914
train/actor/dvac_weight_ess_fraction,114,113,0.9706206917762756,1789612983.3611703
train/actor/dvac_weight_ess_fraction,115,114,0.9736918807029724,1789613886.162129
train/actor/dvac_weight_ess_fraction,116,115,0.9690435528755188,1789614520.8898993
train/actor/dvac_weight_ess_fraction,117,116,0.9731605648994446,1789615144.6384134
train/actor/dvac_weight_ess_fraction,118,117,0.9723213315010071,1789615763.787388
train/actor/dvac_weight_ess_fraction,119,118,0.9734345078468323,1789616389.2334836
train/actor/dvac_weight_ess_fraction,120,119,0.9707068800926208,1789617316.768643
train/actor/dvac_weight_ess_fraction,121,120,0.9778074622154236,1789617958.7385588
eval/reward,5,4,0.0014062499394640326,1789540098.277806
eval/reward,10,9,0.0012499999720603228,1789543370.242054
eval/reward,15,14,0.0014062498230487108,1789546690.762411
eval/reward,20,19,0.002499999711290002,1789549954.5769303
eval/reward,25,24,0.0017187498742714524,1789553335.2959301
eval/reward,30,29,0.0018749998416751623,1789556736.5664158
eval/reward,35,34,0.0026562497951090336,1789560144.4562905
eval/reward,40,39,0.0026562500279396772,1789563468.215297
eval/reward,45,44,0.002343749860301614,1789566814.0053873
eval/reward,50,49,0.002500000176951289,1789570156.2647586
eval/reward,55,54,0.002031249925494194,1789573517.0345743
eval/reward,60,59,0.0020312496926635504,1789576863.235485
eval/reward,65,64,0.002812500111758709,1789580294.1947205
eval/reward,70,69,0.002343749860301614,1789583609.0174992
eval/reward,75,74,0.0024999999441206455,1789586988.587938
eval/reward,80,79,0.002343749860301614,1789590324.6843367
eval/reward,85,84,0.002343749860301614,1789593695.8382187
eval/reward,90,89,0.002812500111758709,1789597034.4156554
eval/reward,95,94,0.0028124998789280653,1789600443.6413631
eval/reward,100,99,0.0026562497951090336,1789603721.9832182
eval/reward,105,104,0.0026562500279396772,1789607164.5514917
eval/reward,110,109,0.0028124998789280653,1789610487.468506
eval/reward,115,114,0.0024999999441206455,1789613886.1431754
eval/reward,120,119,0.002343749860301614,1789617285.9284623
eval/return,5,4,0.28125,1789540098.2779307
eval/return,10,9,0.25,1789543370.242118
eval/return,15,14,0.28125,1789546690.762534
eval/return,20,19,0.5,1789549954.5770655
eval/return,25,24,0.34375,1789553335.2960007
eval/return,30,29,0.375,1789556736.5664866
eval/return,35,34,0.53125,1789560144.4563758
eval/return,40,39,0.53125,1789563468.2154121
eval/return,45,44,0.46875,1789566814.0054548
eval/return,50,49,0.5,1789570156.2649236
eval/return,55,54,0.40625,1789573517.0347188
eval/return,60,59,0.40625,1789576863.2355387
eval/return,65,64,0.5625,1789580294.1948543
eval/return,70,69,0.46875,1789583609.0176437
eval/return,75,74,0.5,1789586988.5879838
eval/return,80,79,0.46875,1789590324.6844108
eval/return,85,84,0.46875,1789593695.838325
eval/return,90,89,0.5625,1789597034.4157727
eval/return,95,94,0.5625,1789600443.641421
eval/return,100,99,0.53125,1789603721.9832745
eval/return,105,104,0.53125,1789607164.5516346
eval/return,110,109,0.5625,1789610487.4685817
eval/return,115,114,0.5,1789613886.1432486
eval/return,120,119,0.46875,1789617285.9285583
eval/episode_len,5,4,200.0,1789540098.2779615
eval/episode_len,10,9,200.0,1789543370.2421303
eval/episode_len,15,14,200.0,1789546690.7625494
eval/episode_len,20,19,200.0,1789549954.5770972
eval/episode_len,25,24,200.0,1789553335.2960103
eval/episode_len,30,29,200.0,1789556736.566501
eval/episode_len,35,34,200.0,1789560144.4564028
eval/episode_len,40,39,200.0,1789563468.2154322
eval/episode_len,45,44,200.0,1789566814.0054672
eval/episode_len,50,49,200.0,1789570156.264958
eval/episode_len,55,54,200.0,1789573517.0347524
eval/episode_len,60,59,200.0,1789576863.2355459
eval/episode_len,65,64,200.0,1789580294.1948771
eval/episode_len,70,69,200.0,1789583609.0176764
eval/episode_len,75,74,200.0,1789586988.588
eval/episode_len,80,79,200.0,1789590324.6844234
eval/episode_len,85,84,200.0,1789593695.8383455
eval/episode_len,90,89,200.0,1789597034.415796
eval/episode_len,95,94,200.0,1789600443.6414304
eval/episode_len,100,99,200.0,1789603721.9832838
eval/episode_len,105,104,200.0,1789607164.551666
eval/episode_len,110,109,200.0,1789610487.4685938
eval/episode_len,115,114,200.0,1789613886.143278
eval/episode_len,120,119,200.0,1789617285.928575
eval/success_at_end,5,4,0.28125,1789540098.2779846
eval/success_at_end,10,9,0.25,1789543370.2421381
eval/success_at_end,15,14,0.28125,1789546690.76256
eval/success_at_end,20,19,0.5,1789549954.5771205
eval/success_at_end,25,24,0.34375,1789553335.2960167
eval/success_at_end,30,29,0.375,1789556736.5665114
eval/success_at_end,35,34,0.53125,1789560144.4564233
eval/success_at_end,40,39,0.53125,1789563468.2154462
eval/success_at_end,45,44,0.46875,1789566814.0054758
eval/success_at_end,50,49,0.5,1789570156.264981
eval/success_at_end,55,54,0.40625,1789573517.0347762
eval/success_at_end,60,59,0.40625,1789576863.2355509
eval/success_at_end,65,64,0.5625,1789580294.1948931
eval/success_at_end,70,69,0.46875,1789583609.0176985
eval/success_at_end,75,74,0.5,1789586988.588012
eval/success_at_end,80,79,0.46875,1789590324.6844332
eval/success_at_end,85,84,0.46875,1789593695.83836
eval/success_at_end,90,89,0.5625,1789597034.415814
eval/success_at_end,95,94,0.5625,1789600443.6414375
eval/success_at_end,100,99,0.53125,1789603721.9832904
eval/success_at_end,105,104,0.53125,1789607164.5516877
eval/success_at_end,110,109,0.5625,1789610487.4686031
eval/success_at_end,115,114,0.5,1789613886.1433017
eval/success_at_end,120,119,0.46875,1789617285.928587
eval/success_once,5,4,0.28125,1789540098.2780058
eval/success_once,10,9,0.25,1789543370.2421455
eval/success_once,15,14,0.28125,1789546690.7625694
eval/success_once,20,19,0.5,1789549954.5771406
eval/success_once,25,24,0.34375,1789553335.2960224
eval/success_once,30,29,0.375,1789556736.5665202
eval/success_once,35,34,0.53125,1789560144.4564428
eval/success_once,40,39,0.53125,1789563468.2154593
eval/success_once,45,44,0.46875,1789566814.0054836
eval/success_once,50,49,0.5,1789570156.2650015
eval/success_once,55,54,0.40625,1789573517.0347986
eval/success_once,60,59,0.40625,1789576863.235556
eval/success_once,65,64,0.5625,1789580294.1949084
eval/success_once,70,69,0.46875,1789583609.0177178
eval/success_once,75,74,0.5,1789586988.5880225
eval/success_once,80,79,0.46875,1789590324.6844409
eval/success_once,85,84,0.46875,1789593695.8383727
eval/success_once,90,89,0.5625,1789597034.4158306
eval/success_once,95,94,0.5625,1789600443.6414444
eval/success_once,100,99,0.53125,1789603721.9832954
eval/success_once,105,104,0.53125,1789607164.5517023
eval/success_once,110,109,0.5625,1789610487.4686103
eval/success_once,115,114,0.5,1789613886.143323
eval/success_once,120,119,0.46875,1789617285.928597
eval/num_trajectories,5,4,32.0,1789540098.2780979
eval/num_trajectories,10,9,32.0,1789543370.2422059
eval/num_trajectories,15,14,32.0,1789546690.7626061
eval/num_trajectories,20,19,32.0,1789549954.5772405
eval/num_trajectories,25,24,32.0,1789553335.2960734
eval/num_trajectories,30,29,32.0,1789556736.5665817
eval/num_trajectories,35,34,32.0,1789560144.4565043
eval/num_trajectories,40,39,32.0,1789563468.2155535
eval/num_trajectories,45,44,32.0,1789566814.0055442
eval/num_trajectories,50,49,32.0,1789570156.2651134
eval/num_trajectories,55,54,32.0,1789573517.0348842
eval/num_trajectories,60,59,32.0,1789576863.2355945
eval/num_trajectories,65,64,32.0,1789580294.1950133
eval/num_trajectories,70,69,32.0,1789583609.0178435
eval/num_trajectories,75,74,32.0,1789586988.588061
eval/num_trajectories,80,79,32.0,1789590324.6844997
eval/num_trajectories,85,84,32.0,1789593695.8384655
eval/num_trajectories,90,89,32.0,1789597034.4159229
eval/num_trajectories,95,94,32.0,1789600443.6414945
eval/num_trajectories,100,99,32.0,1789603721.9833543
eval/num_trajectories,105,104,32.0,1789607164.5517719
eval/num_trajectories,110,109,32.0,1789610487.4686637
eval/num_trajectories,115,114,32.0,1789613886.1433847
eval/num_trajectories,120,119,32.0,1789617285.9286668
time/eval,5,4,253.1641387939453,1789540098.3007736
time/eval,10,9,254.0928192138672,1789543400.8666592
time/eval,15,14,253.67005920410156,1789546690.7840462
time/eval,20,19,253.56234741210938,1789549984.6875901
time/eval,25,24,268.7088623046875,1789553335.3204994
time/eval,30,29,255.20460510253906,1789556767.3360276
time/eval,35,34,250.9959259033203,1789560144.475741
time/eval,40,39,261.46966552734375,1789563500.933025
time/eval,45,44,253.93374633789062,1789566814.0304086
time/eval,50,49,253.86471557617188,1789570189.8568482
time/eval,55,54,257.4732666015625,1789573517.057513
time/eval,60,59,259.2743225097656,1789576897.9923496
time/eval,65,64,296.6801452636719,1789580294.2192724
time/eval,70,69,266.5886535644531,1789583642.034521
time/eval,75,74,272.9051818847656,1789586988.6035671
time/eval,80,79,253.21022033691406,1789590358.7222922
time/eval,85,84,256.3913879394531,1789593695.8562324
time/eval,90,89,265.58489990234375,1789597068.774411
time/eval,95,94,254.4386444091797,1789600443.6649077
time/eval,100,99,258.1818542480469,1789603757.385101
time/eval,105,104,265.371337890625,1789607164.5741167
time/eval,110,109,268.6497497558594,1789610521.1152318
time/eval,115,114,268.40582275390625,1789613886.1607916
time/eval,120,119,270.7808837890625,1789617316.7673523
time/env/evaluate,5,4,247.8567657470703,1789540098.3014007
time/env/evaluate,10,9,247.69358825683594,1789543400.866941
time/env/evaluate,15,14,248.18028259277344,1789546690.784442
time/env/evaluate,20,19,248.50088500976562,1789549984.6879818
time/env/evaluate,25,24,263.5029296875,1789553335.3211434
time/env/evaluate,30,29,250.17112731933594,1789556767.336783
time/env/evaluate,35,34,245.0989227294922,1789560144.4759815
time/env/evaluate,40,39,256.1343688964844,1789563500.933605
time/env/evaluate,45,44,247.0023651123047,1789566814.0309489
time/env/evaluate,50,49,248.46221923828125,1789570189.8574297
time/env/evaluate,55,54,252.50103759765625,1789573517.0581691
time/env/evaluate,60,59,253.63291931152344,1789576897.9925575
time/env/evaluate,65,64,290.6717224121094,1789580294.2195199
time/env/evaluate,70,69,260.4997863769531,1789583642.0348656
time/env/evaluate,75,74,265.43890380859375,1789586988.603829
time/env/evaluate,80,79,247.8328399658203,1789590358.722824
time/env/evaluate,85,84,250.2486572265625,1789593695.8565066
time/env/evaluate,90,89,259.0287170410156,1789597068.7748194
time/env/evaluate,95,94,249.0308837890625,1789600443.6660213
time/env/evaluate,100,99,252.71673583984375,1789603757.385515
time/env/evaluate,105,104,260.08477783203125,1789607164.5746675
time/env/evaluate,110,109,261.88555908203125,1789610521.1155987
time/env/evaluate,115,114,262.3821716308594,1789613886.161112
time/env/evaluate,120,119,264.78546142578125,1789617316.7676585
time/rollout/evaluate,5,4,138.6259307861328,1789540098.301464
time/rollout/evaluate,10,9,137.71461486816406,1789543400.8669755
time/rollout/evaluate,15,14,138.77462768554688,1789546690.7845016
time/rollout/evaluate,20,19,136.88339233398438,1789549984.6880038
time/rollout/evaluate,25,24,143.15536499023438,1789553335.321197
time/rollout/evaluate,30,29,138.45755004882812,1789556767.3368416
time/rollout/evaluate,35,34,137.32818603515625,1789560144.476018
time/rollout/evaluate,40,39,146.62982177734375,1789563500.933636
time/rollout/evaluate,45,44,137.59080505371094,1789566814.030979
time/rollout/evaluate,50,49,137.7823486328125,1789570189.857471
time/rollout/evaluate,55,54,144.0857391357422,1789573517.058264
time/rollout/evaluate,60,59,138.01026916503906,1789576897.992588
time/rollout/evaluate,65,64,150.79122924804688,1789580294.2195492
time/rollout/evaluate,70,69,143.4955596923828,1789583642.0349128
time/rollout/evaluate,75,74,151.35826110839844,1789586988.6038568
time/rollout/evaluate,80,79,138.55357360839844,1789590358.7228584
time/rollout/evaluate,85,84,138.07525634765625,1789593695.8565478
time/rollout/evaluate,90,89,146.66552734375,1789597068.7748623
time/rollout/evaluate,95,94,138.39990234375,1789600443.666056
time/rollout/evaluate,100,99,143.90036010742188,1789603757.385545
time/rollout/evaluate,105,104,145.2677764892578,1789607164.5747006
time/rollout/evaluate,110,109,147.11709594726562,1789610521.115634
time/rollout/evaluate,115,114,146.4130859375,1789613886.161142
time/rollout/evaluate,120,119,149.8504638671875,1789617316.7676926
