tag,round,value,wall_time,segment
env/return,1,0.3203125,1789789806.5924246,0
env/return,2,0.328125,1789790762.713356,0
env/return,3,0.3359375,1789791713.1274288,0
env/return,4,0.3671875,1789792659.5850978,0
env/return,5,0.4765625,1789794005.1009042,0
env/return,6,0.28125,1789794969.358711,0
env/return,7,0.390625,1789795944.0180209,0
env/return,8,0.3125,1789796916.9437742,0
env/return,9,0.453125,1789797866.6122384,0
env/return,10,0.390625,1789799347.0930483,0
env/return,11,0.3671875,1789800315.0182555,0
env/return,12,0.3984375,1789801323.0341778,0
env/return,13,0.5390625,1789802278.3417652,0
env/return,14,0.40625,1789803237.5884128,0
env/return,15,0.3203125,1789804629.323254,0
env/return,16,0.3984375,1789805613.3377557,0
env/return,17,0.390625,1789806573.5742862,0
env/return,18,0.390625,1789807535.1390097,0
env/return,19,0.4375,1789808504.51773,0
env/return,20,0.28125,1789810001.2040243,0
env/return,21,0.4609375,1789810981.2296867,0
env/return,22,0.4296875,1789811946.7568364,0
env/return,23,0.40625,1789812924.7669609,0
env/return,24,0.421875,1789813902.6807408,0
env/return,25,0.4140625,1789815267.2180252,0
env/return,26,0.421875,1789816231.4707668,0
env/return,27,0.5703125,1789817216.731181,0
env/return,28,0.4453125,1789818222.1469297,0
env/return,29,0.4765625,1789819216.1540086,0
env/return,30,0.34375,1789820773.8434181,0
env/return,31,0.4296875,1789821769.919517,0
env/return,32,0.453125,1789822773.6605911,0
env/return,33,0.4375,1789823770.7349763,0
env/return,34,0.484375,1789824746.25049,0
env/return,35,0.5390625,1789826170.4152412,0
env/return,36,0.375,1789827194.6863456,0
env/return,37,0.4921875,1789828222.4670591,0
env/return,38,0.6015625,1789829234.374274,0
env/return,39,0.5078125,1789830254.4385326,0
env/return,40,0.4453125,1789831783.1846285,0
env/return,41,0.640625,1789832778.6538544,0
env/return,42,0.4765625,1789833783.2182379,0
env/return,43,0.453125,1789834768.3005092,0
env/return,44,0.59375,1789835755.752582,0
env/return,45,0.546875,1789837214.2027183,0
env/return,46,0.65625,1789838230.712966,0
env/return,47,0.4609375,1789839232.056775,0
env/return,48,0.5703125,1789840234.212813,0
env/return,49,0.4609375,1789841265.6133606,0
env/return,50,0.484375,1789842831.0049975,0
env/return,51,0.578125,1789843858.0722463,0
env/return,52,0.6015625,1789844912.9166827,0
env/return,53,0.625,1789845957.9129207,0
env/return,54,0.5,1789846991.2791393,0
env/return,55,0.4375,1789848482.9983907,0
env/return,56,0.4453125,1789849527.863655,0
env/return,57,0.6171875,1789850581.3911602,0
env/return,58,0.53125,1789851609.581481,0
env/return,59,0.5078125,1789852612.3366976,0
env/return,60,0.5546875,1789854177.1159096,0
env/return,61,0.59375,1789855186.442205,0
env/return,62,0.6796875,1789856199.366827,0
env/return,63,0.609375,1789857216.4505258,0
env/return,64,0.5625,1789858205.610322,0
env/return,65,0.5703125,1789859645.1479418,0
env/return,66,0.40625,1789860683.652031,0
env/return,67,0.4375,1789861698.9489174,0
env/return,68,0.515625,1789862716.9502597,0
env/return,69,0.3203125,1789863729.2343402,0
env/return,70,0.4375,1789865283.6775262,0
env/return,71,0.40625,1789866307.7957366,0
env/return,72,0.5078125,1789867340.3870425,0
env/return,73,0.3984375,1789868344.845256,0
env/return,74,0.3359375,1789869357.6876504,0
env/return,75,0.46875,1789870806.456334,0
env/return,76,0.4765625,1789871806.4134977,0
env/return,77,0.453125,1789872842.339356,0
env/return,78,0.546875,1789873885.4218032,0
env/return,79,0.4140625,1789874903.9158342,0
env/return,80,0.4375,1789876497.7112556,0
env/success_once,1,0.3203125,1789789806.592517,0
env/success_once,2,0.328125,1789790762.713467,0
env/success_once,3,0.3359375,1789791713.1275833,0
env/success_once,4,0.3671875,1789792659.5852036,0
env/success_once,5,0.4765625,1789794005.1009421,0
env/success_once,6,0.28125,1789794969.3587666,0
env/success_once,7,0.390625,1789795944.0181537,0
env/success_once,8,0.3125,1789796916.9438627,0
env/success_once,9,0.453125,1789797866.612332,0
env/success_once,10,0.390625,1789799347.093094,0
env/success_once,11,0.3671875,1789800315.0183604,0
env/success_once,12,0.3984375,1789801323.0342584,0
env/success_once,13,0.5390625,1789802278.3418279,0
env/success_once,14,0.40625,1789803237.5885317,0
env/success_once,15,0.3203125,1789804629.3233228,0
env/success_once,16,0.3984375,1789805613.3378382,0
env/success_once,17,0.390625,1789806573.5743515,0
env/success_once,18,0.390625,1789807535.1392004,0
env/success_once,19,0.4375,1789808504.5177648,0
env/success_once,20,0.28125,1789810001.2040992,0
env/success_once,21,0.4609375,1789810981.2298043,0
env/success_once,22,0.4296875,1789811946.7569203,0
env/success_once,23,0.40625,1789812924.7670543,0
env/success_once,24,0.421875,1789813902.680792,0
env/success_once,25,0.4140625,1789815267.2180555,0
env/success_once,26,0.421875,1789816231.470829,0
env/success_once,27,0.5703125,1789817216.7312584,0
env/success_once,28,0.4453125,1789818222.147008,0
env/success_once,29,0.4765625,1789819216.1540523,0
env/success_once,30,0.34375,1789820773.8434787,0
env/success_once,31,0.4296875,1789821769.9195936,0
env/success_once,32,0.453125,1789822773.660656,0
env/success_once,33,0.4375,1789823770.7351117,0
env/success_once,34,0.484375,1789824746.2506206,0
env/success_once,35,0.5390625,1789826170.415313,0
env/success_once,36,0.375,1789827194.6864052,0
env/success_once,37,0.4921875,1789828222.4671955,0
env/success_once,38,0.6015625,1789829234.3744075,0
env/success_once,39,0.5078125,1789830254.4386582,0
env/success_once,40,0.4453125,1789831783.1846914,0
env/success_once,41,0.640625,1789832778.6539962,0
env/success_once,42,0.4765625,1789833783.2183058,0
env/success_once,43,0.453125,1789834768.3006444,0
env/success_once,44,0.59375,1789835755.752632,0
env/success_once,45,0.546875,1789837214.202752,0
env/success_once,46,0.65625,1789838230.7130291,0
env/success_once,47,0.4609375,1789839232.0568433,0
env/success_once,48,0.5703125,1789840234.2129505,0
env/success_once,49,0.4609375,1789841265.6134262,0
env/success_once,50,0.484375,1789842831.0050445,0
env/success_once,51,0.578125,1789843858.0723836,0
env/success_once,52,0.6015625,1789844912.9168246,0
env/success_once,53,0.625,1789845957.912988,0
env/success_once,54,0.5,1789846991.2791944,0
env/success_once,55,0.4375,1789848482.9984305,0
env/success_once,56,0.4453125,1789849527.8638105,0
env/success_once,57,0.6171875,1789850581.3912275,0
env/success_once,58,0.53125,1789851609.5815265,0
env/success_once,59,0.5078125,1789852612.3367636,0
env/success_once,60,0.5546875,1789854177.1160297,0
env/success_once,61,0.59375,1789855186.4422708,0
env/success_once,62,0.6796875,1789856199.3669627,0
env/success_once,63,0.609375,1789857216.4506104,0
env/success_once,64,0.5625,1789858205.6103795,0
env/success_once,65,0.5703125,1789859645.1479752,0
env/success_once,66,0.40625,1789860683.6521688,0
env/success_once,67,0.4375,1789861698.9489808,0
env/success_once,68,0.515625,1789862716.950383,0
env/success_once,69,0.3203125,1789863729.2344184,0
env/success_once,70,0.4375,1789865283.677563,0
env/success_once,71,0.40625,1789866307.7958791,0
env/success_once,72,0.5078125,1789867340.3871047,0
env/success_once,73,0.3984375,1789868344.845341,0
env/success_once,74,0.3359375,1789869357.687732,0
env/success_once,75,0.46875,1789870806.4563687,0
env/success_once,76,0.4765625,1789871806.4136367,0
env/success_once,77,0.453125,1789872842.339418,0
env/success_once,78,0.546875,1789873885.421886,0
env/success_once,79,0.4140625,1789874903.9158978,0
env/success_once,80,0.4375,1789876497.71136,0
env/reward,1,0.0016015624860301614,1789789806.5925317,0
env/reward,2,0.0016406249487772584,1789790762.7134845,0
env/reward,3,0.0016796872951090336,1789791713.127614,0
env/reward,4,0.0018359373789280653,1789792659.5852325,0
env/reward,5,0.002382812323048711,1789794005.100951,0
env/reward,6,0.0014062498230487108,1789794969.358776,0
env/reward,7,0.001953125,1789795944.0181837,0
env/reward,8,0.0015624999068677425,1789796916.9438798,0
env/reward,9,0.0022656251676380634,1789797866.6123602,0
env/reward,10,0.0019531248835846782,1789799347.093104,0
env/reward,11,0.001835937611758709,1789800315.018376,0
env/reward,12,0.001992187462747097,1789801323.0342698,0
env/reward,13,0.0026953124906867743,1789802278.3418393,0
env/reward,14,0.002031249925494194,1789803237.5885582,0
env/reward,15,0.0016015624860301614,1789804629.3233564,0
env/reward,16,0.001992187462747097,1789805613.3378494,0
env/reward,17,0.001953125,1789806573.574363,0
env/reward,18,0.001953125,1789807535.1392288,0
env/reward,19,0.002187499776482582,1789808504.5177774,0
env/reward,20,0.0014062500558793545,1789810001.2041245,0
env/reward,21,0.002304687397554517,1789810981.2299216,0
env/reward,22,0.0021484375465661287,1789811946.7569306,0
env/reward,23,0.002031249925494194,1789812924.767065,0
env/reward,24,0.002109374850988388,1789813902.6808028,0
env/reward,25,0.002070312388241291,1789815267.2180634,0
env/reward,26,0.0021093750838190317,1789816231.47084,0
env/reward,27,0.002851562574505806,1789817216.731275,0
env/reward,28,0.0022265624720603228,1789818222.1470203,0
env/reward,29,0.0023828125558793545,1789819216.154063,0
env/reward,30,0.0017187498742714524,1789820773.8434901,0
env/reward,31,0.002148437313735485,1789821769.919609,0
env/reward,32,0.002265624701976776,1789822773.6606667,0
env/reward,33,0.002187499776482582,1789823770.735141,0
env/reward,34,0.002421874785795808,1789824746.2506495,0
env/reward,35,0.0026953122578561306,1789826170.4153383,0
env/reward,36,0.0018749998416751623,1789827194.6864138,0
env/reward,37,0.002460937248542905,1789828222.4672246,0
env/reward,38,0.003007812425494194,1789829234.3744361,0
env/reward,39,0.0025390624068677425,1789830254.438688,0
env/reward,40,0.0022265624720603228,1789831783.1847017,0
env/reward,41,0.003203124739229679,1789832778.6540258,0
env/reward,42,0.002382812323048711,1789833783.2183182,0
env/reward,43,0.0022656249348074198,1789834768.3006716,0
env/reward,44,0.002968749962747097,1789835755.752645,0
env/reward,45,0.0027343749534338713,1789837214.2027605,0
env/reward,46,0.003281249664723873,1789838230.713038,0
env/reward,47,0.002304687397554517,1789839232.0568547,0
env/reward,48,0.002851562574505806,1789840234.2129793,0
env/reward,49,0.002304687397554517,1789841265.6134384,0
env/reward,50,0.002421874785795808,1789842831.0050552,0
env/reward,51,0.002890625037252903,1789843858.0724134,0
env/reward,52,0.0030078121926635504,1789844912.9168556,0
env/reward,53,0.0031250000465661287,1789845957.9129987,0
env/reward,54,0.0024999999441206455,1789846991.2792037,0
env/reward,55,0.002187499776482582,1789848482.9984446,0
env/reward,56,0.002226562239229679,1789849527.8638387,0
env/reward,57,0.0030859375838190317,1789850581.391239,0
env/reward,58,0.0026562497951090336,1789851609.5815356,0
env/reward,59,0.0025390624068677425,1789852612.3367755,0
env/reward,60,0.002773437649011612,1789854177.1160593,0
env/reward,61,0.002968749962747097,1789855186.4422817,0
env/reward,62,0.0033984375186264515,1789856199.3669918,0
env/reward,63,0.003046874888241291,1789857216.4506278,0
env/reward,64,0.002812500111758709,1789858205.6103885,0
env/reward,65,0.002851562574505806,1789859645.147997,0
env/reward,66,0.002031249925494194,1789860683.6521966,0
env/reward,67,0.002187499776482582,1789861698.9489923,0
env/reward,68,0.0025781248696148396,1789862716.950411,0
env/reward,69,0.0016015623696148396,1789863729.2344346,0
env/reward,70,0.0021875000093132257,1789865283.6775727,0
env/reward,71,0.002031249925494194,1789866307.795907,0
env/reward,72,0.0025390624068677425,1789867340.387117,0
env/reward,73,0.001992187462747097,1789868344.8453593,0
env/reward,74,0.0016796874115243554,1789869357.6877472,0
env/reward,75,0.002343749860301614,1789870806.4563768,0
env/reward,76,0.002382812323048711,1789871806.4136643,0
env/reward,77,0.0022656249348074198,1789872842.3394291,0
env/reward,78,0.0027343747206032276,1789873885.4219055,0
env/reward,79,0.002070312388241291,1789874903.9159088,0
env/reward,80,0.0021875000093132257,1789876497.7113867,0
env/episode_len,1,200.0,1789789806.592542,0
env/episode_len,2,200.0,1789790762.7134962,0
env/episode_len,3,200.0,1789791713.1276355,0
env/episode_len,4,200.0,1789792659.585254,0
env/episode_len,5,200.0,1789794005.1009576,0
env/episode_len,6,200.0,1789794969.3587828,0
env/episode_len,7,200.0,1789795944.0182028,0
env/episode_len,8,200.0,1789796916.9438922,0
env/episode_len,9,200.0,1789797866.6123788,0
env/episode_len,10,200.0,1789799347.0931108,0
env/episode_len,11,200.0,1789800315.0183866,0
env/episode_len,12,200.0,1789801323.0342777,0
env/episode_len,13,200.0,1789802278.3418477,0
env/episode_len,14,200.0,1789803237.5885794,0
env/episode_len,15,200.0,1789804629.3233857,0
env/episode_len,16,200.0,1789805613.3378572,0
env/episode_len,17,200.0,1789806573.574371,0
env/episode_len,18,200.0,1789807535.1392546,0
env/episode_len,19,200.0,1789808504.5177836,0
env/episode_len,20,200.0,1789810001.204145,0
env/episode_len,21,200.0,1789810981.2300918,0
env/episode_len,22,200.0,1789811946.7569373,0
env/episode_len,23,200.0,1789812924.7670739,0
env/episode_len,24,200.0,1789813902.6808105,0
env/episode_len,25,200.0,1789815267.2180698,0
env/episode_len,26,200.0,1789816231.4708478,0
env/episode_len,27,200.0,1789817216.7312856,0
env/episode_len,28,200.0,1789818222.1470306,0
env/episode_len,29,200.0,1789819216.1540706,0
env/episode_len,30,200.0,1789820773.8434978,0
env/episode_len,31,200.0,1789821769.9196205,0
env/episode_len,32,200.0,1789822773.6606743,0
env/episode_len,33,200.0,1789823770.735162,0
env/episode_len,34,200.0,1789824746.2506692,0
env/episode_len,35,200.0,1789826170.4153605,0
env/episode_len,36,200.0,1789827194.6864207,0
env/episode_len,37,200.0,1789828222.4672453,0
env/episode_len,38,200.0,1789829234.3744571,0
env/episode_len,39,200.0,1789830254.4387088,0
env/episode_len,40,200.0,1789831783.1847987,0
env/episode_len,41,200.0,1789832778.6540465,0
env/episode_len,42,200.0,1789833783.218326,0
env/episode_len,43,200.0,1789834768.3006938,0
env/episode_len,44,200.0,1789835755.7526553,0
env/episode_len,45,200.0,1789837214.2027671,0
env/episode_len,46,200.0,1789838230.7130446,0
env/episode_len,47,200.0,1789839232.0568638,0
env/episode_len,48,200.0,1789840234.2129989,0
env/episode_len,49,200.0,1789841265.6134477,0
env/episode_len,50,200.0,1789842831.0050628,0
env/episode_len,51,200.0,1789843858.0724354,0
env/episode_len,52,200.0,1789844912.9168766,0
env/episode_len,53,200.0,1789845957.9130068,0
env/episode_len,54,200.0,1789846991.2792096,0
env/episode_len,55,200.0,1789848482.9984546,0
env/episode_len,56,200.0,1789849527.86386,0
env/episode_len,57,200.0,1789850581.391247,0
env/episode_len,58,200.0,1789851609.5815425,0
env/episode_len,59,200.0,1789852612.3367834,0
env/episode_len,60,200.0,1789854177.1160793,0
env/episode_len,61,200.0,1789855186.4422894,0
env/episode_len,62,200.0,1789856199.3670135,0
env/episode_len,63,200.0,1789857216.4506402,0
env/episode_len,64,200.0,1789858205.610395,0
env/episode_len,65,200.0,1789859645.1480043,0
env/episode_len,66,200.0,1789860683.6522164,0
env/episode_len,67,200.0,1789861698.9490001,0
env/episode_len,68,200.0,1789862716.950436,0
env/episode_len,69,200.0,1789863729.234445,0
env/episode_len,70,200.0,1789865283.6775806,0
env/episode_len,71,200.0,1789866307.7959263,0
env/episode_len,72,200.0,1789867340.3871248,0
env/episode_len,73,200.0,1789868344.8453717,0
env/episode_len,74,200.0,1789869357.6877575,0
env/episode_len,75,200.0,1789870806.456383,0
env/episode_len,76,200.0,1789871806.4136844,0
env/episode_len,77,200.0,1789872842.3394375,0
env/episode_len,78,200.0,1789873885.4219172,0
env/episode_len,79,200.0,1789874903.9159164,0
env/episode_len,80,200.0,1789876497.711408,0
env/num_trajectories,1,128.0,1789789806.5925808,0
env/num_trajectories,2,128.0,1789790762.7135384,0
env/num_trajectories,3,128.0,1789791713.1277087,0
env/num_trajectories,4,128.0,1789792659.5853302,0
env/num_trajectories,5,128.0,1789794005.100982,0
env/num_trajectories,6,128.0,1789794969.3588238,0
env/num_trajectories,7,128.0,1789795944.0182772,0
env/num_trajectories,8,128.0,1789796916.9439766,0
env/num_trajectories,9,128.0,1789797866.6124265,0
env/num_trajectories,10,128.0,1789799347.0931346,0
env/num_trajectories,11,128.0,1789800315.0184286,0
env/num_trajectories,12,128.0,1789801323.0343118,0
env/num_trajectories,13,128.0,1789802278.34188,0
env/num_trajectories,14,128.0,1789803237.588629,0
env/num_trajectories,15,128.0,1789804629.3234258,0
env/num_trajectories,16,128.0,1789805613.337892,0
env/num_trajectories,17,128.0,1789806573.5744035,0
env/num_trajectories,18,128.0,1789807535.1393316,0
env/num_trajectories,19,128.0,1789808504.5178099,0
env/num_trajectories,20,128.0,1789810001.2041905,0
env/num_trajectories,21,128.0,1789810981.2301948,0
env/num_trajectories,22,128.0,1789811946.7569692,0
env/num_trajectories,23,128.0,1789812924.7671177,0
env/num_trajectories,24,128.0,1789813902.6808336,0
env/num_trajectories,25,128.0,1789815267.2180843,0
env/num_trajectories,26,128.0,1789816231.4708796,0
env/num_trajectories,27,128.0,1789817216.73132,0
env/num_trajectories,28,128.0,1789818222.1470666,0
env/num_trajectories,29,128.0,1789819216.154105,0
env/num_trajectories,30,128.0,1789820773.8435283,0
env/num_trajectories,31,128.0,1789821769.919656,0
env/num_trajectories,32,128.0,1789822773.6607082,0
env/num_trajectories,33,128.0,1789823770.7352366,0
env/num_trajectories,34,128.0,1789824746.2507164,0
env/num_trajectories,35,128.0,1789826170.4153998,0
env/num_trajectories,36,128.0,1789827194.6864512,0
env/num_trajectories,37,128.0,1789828222.4673212,0
env/num_trajectories,38,128.0,1789829234.3745277,0
env/num_trajectories,39,128.0,1789830254.4387603,0
env/num_trajectories,40,128.0,1789831783.1849656,0
env/num_trajectories,41,128.0,1789832778.6541207,0
env/num_trajectories,42,128.0,1789833783.2183619,0
env/num_trajectories,43,128.0,1789834768.3007665,0
env/num_trajectories,44,128.0,1789835755.7526925,0
env/num_trajectories,45,128.0,1789837214.2027833,0
env/num_trajectories,46,128.0,1789838230.7130806,0
env/num_trajectories,47,128.0,1789839232.0569022,0
env/num_trajectories,48,128.0,1789840234.2130713,0
env/num_trajectories,49,128.0,1789841265.6134832,0
env/num_trajectories,50,128.0,1789842831.0050912,0
env/num_trajectories,51,128.0,1789843858.072511,0
env/num_trajectories,52,128.0,1789844912.9169507,0
env/num_trajectories,53,128.0,1789845957.91304,0
env/num_trajectories,54,128.0,1789846991.279238,0
env/num_trajectories,55,128.0,1789848482.9984753,0
env/num_trajectories,56,128.0,1789849527.8639324,0
env/num_trajectories,57,128.0,1789850581.391284,0
env/num_trajectories,58,128.0,1789851609.581557,0
env/num_trajectories,59,128.0,1789852612.3368177,0
env/num_trajectories,60,128.0,1789854177.1161196,0
env/num_trajectories,61,128.0,1789855186.4423268,0
env/num_trajectories,62,128.0,1789856199.3670876,0
env/num_trajectories,63,128.0,1789857216.4506888,0
env/num_trajectories,64,128.0,1789858205.6104245,0
env/num_trajectories,65,128.0,1789859645.1480207,0
env/num_trajectories,66,128.0,1789860683.6522913,0
env/num_trajectories,67,128.0,1789861698.949036,0
env/num_trajectories,68,128.0,1789862716.9505022,0
env/num_trajectories,69,128.0,1789863729.2344866,0
env/num_trajectories,70,128.0,1789865283.6775992,0
env/num_trajectories,71,128.0,1789866307.796021,0
env/num_trajectories,72,128.0,1789867340.3871593,0
env/num_trajectories,73,128.0,1789868344.8454177,0
env/num_trajectories,74,128.0,1789869357.6877973,0
env/num_trajectories,75,128.0,1789870806.4564,0
env/num_trajectories,76,128.0,1789871806.4137614,0
env/num_trajectories,77,128.0,1789872842.3394604,0
env/num_trajectories,78,128.0,1789873885.421963,0
env/num_trajectories,79,128.0,1789874903.9159493,0
env/num_trajectories,80,128.0,1789876497.7114651,0
rollout/rewards,1,0.0023163841105997562,1789789806.5925987,0
rollout/rewards,2,0.001971831079572439,1789790762.7135563,0
rollout/rewards,3,0.002205128315836191,1789791713.127744,0
rollout/rewards,4,0.002435233211144805,1789792659.5853693,0
rollout/rewards,5,0.0027821522671729326,1789794005.1009924,0
rollout/rewards,6,0.0016981131630018353,1789794969.3588417,0
rollout/rewards,7,0.0022271715570241213,1789795944.0183146,0
rollout/rewards,8,0.0018957345746457577,1789796916.9443312,0
rollout/rewards,9,0.0028361857403069735,1789797866.6124582,0
rollout/rewards,10,0.0024271844886243343,1789799347.0931473,0
rollout/rewards,11,0.0024226803798228502,1789800315.0184467,0
rollout/rewards,12,0.002606060588732362,1789801323.0343273,0
rollout/rewards,13,0.0033757961355149746,1789802278.3418946,0
rollout/rewards,14,0.0021621622145175934,1789803237.5886633,0
rollout/rewards,15,0.0017943107523024082,1789804629.3234563,0
rollout/rewards,16,0.0021994884591549635,1789805613.3379064,0
rollout/rewards,17,0.0021265821997076273,1789806573.574417,0
rollout/rewards,18,0.0028965517412871122,1789807535.1393688,0
rollout/rewards,19,0.0022662889678031206,1789808504.5178196,0
rollout/rewards,20,0.0018227847758680582,1789810001.2042196,0
rollout/rewards,21,0.0027064220048487186,1789810981.2302153,0
rollout/rewards,22,0.0024774775374680758,1789811946.756981,0
rollout/rewards,23,0.002530413679778576,1789812924.7671363,0
rollout/rewards,24,0.0025915491860359907,1789813902.6808488,0
rollout/rewards,25,0.002591687021777034,1789815267.2180936,0
rollout/rewards,26,0.0021800948306918144,1789816231.4708934,0
rollout/rewards,27,0.003015873022377491,1789817216.7313347,0
rollout/rewards,28,0.0032664756290614605,1789818222.147083,0
rollout/rewards,29,0.0031085044611245394,1789819216.1541183,0
rollout/rewards,30,0.002075471682474017,1789820773.8435426,0
rollout/rewards,31,0.002689486602321267,1789821769.9196694,0
rollout/rewards,32,0.002379603451117873,1789822773.6607213,0
rollout/rewards,33,0.00270531396381557,1789823770.735269,0
rollout/rewards,34,0.00267241382971406,1789824746.250749,0
rollout/rewards,35,0.003179723396897316,1789826170.41544,0
rollout/rewards,36,0.0023076923098415136,1789827194.686462,0
rollout/rewards,37,0.002428940497338772,1789828222.4673553,0
rollout/rewards,38,0.002925659529864788,1789829234.3745632,0
rollout/rewards,39,0.002876106183975935,1789830254.4387913,0
rollout/rewards,40,0.002960724988952279,1789831783.1850142,0
rollout/rewards,41,0.003557951422408223,1789832778.6541564,0
rollout/rewards,42,0.0027461140416562557,1789833783.2183764,0
rollout/rewards,43,0.0023923444095999002,1789834768.3008018,0
rollout/rewards,44,0.0027083333116024733,1789835755.7527068,0
rollout/rewards,45,0.002577565610408783,1789837214.202793,0
rollout/rewards,46,0.003292978275567293,1789838230.713096,0
rollout/rewards,47,0.0022616407368332148,1789839232.0569174,0
rollout/rewards,48,0.0034666666761040688,1789840234.2155583,0
rollout/rewards,49,0.002670157002285123,1789841265.6134963,0
rollout/rewards,50,0.0026271187234669924,1789842831.0051043,0
rollout/rewards,51,0.0029596411623060703,1789843858.072546,0
rollout/rewards,52,0.003216783283278346,1789844912.9169886,0
rollout/rewards,53,0.00337730860337615,1789845957.9130542,0
rollout/rewards,54,0.002505592769011855,1789846991.2792492,0
rollout/rewards,55,0.0025196850765496492,1789848482.9984875,0
rollout/rewards,56,0.002701421733945608,1789849527.863968,0
rollout/rewards,57,0.0026174497324973345,1789850581.3912988,0
rollout/rewards,58,0.00325203244574368,1789851609.581566,0
rollout/rewards,59,0.0023167848121374846,1789852612.3368318,0
rollout/rewards,60,0.0028923077043145895,1789854177.1161478,0
rollout/rewards,61,0.0034782609436661005,1789855186.4423456,0
rollout/rewards,62,0.0036627906374633312,1789856199.3671257,0
rollout/rewards,63,0.0031213872134685516,1789857216.4507082,0
rollout/rewards,64,0.003420427441596985,1789858205.6104362,0
rollout/rewards,65,0.002701421733945608,1789859645.14803,0
rollout/rewards,66,0.0024470589123666286,1789860683.6523285,0
rollout/rewards,67,0.002461538417264819,1789861698.9490507,0
rollout/rewards,68,0.0025777777191251516,1789862716.950538,0
rollout/rewards,69,0.0019385343184694648,1789863729.2345054,0
rollout/rewards,70,0.0022857142612338066,1789865283.6776104,0
rollout/rewards,71,0.002291666576638818,1789866307.7960591,0
rollout/rewards,72,0.0027083333116024733,1789867340.3871725,0
rollout/rewards,73,0.002120582154020667,1789868344.84544,0
rollout/rewards,74,0.0020172910299152136,1789869357.6878176,0
rollout/rewards,75,0.0025369978975504637,1789870806.4564087,0
rollout/rewards,76,0.0025542168878018856,1789871806.4137971,0
rollout/rewards,77,0.0025380710139870644,1789872842.3394744,0
rollout/rewards,78,0.0026839827187359333,1789873885.4219844,0
rollout/rewards,79,0.0020785219967365265,1789874903.9159627,0
rollout/rewards,80,0.002450765809044242,1789876497.711495,0
rollout/advantages_mean,1,-0.07230179756879807,1789789806.592612,0
rollout/advantages_mean,2,-0.06036928668618202,1789790762.713567,0
rollout/advantages_mean,3,-0.057718560099601746,1789791713.1277676,0
rollout/advantages_mean,4,-0.06815668940544128,1789792659.5853925,0
rollout/advantages_mean,5,-0.06662353873252869,1789794005.1010005,0
rollout/advantages_mean,6,-0.07115374505519867,1789794969.358854,0
rollout/advantages_mean,7,-0.06159469485282898,1789795944.0183363,0
rollout/advantages_mean,8,-0.06873112171888351,1789796916.944346,0
rollout/advantages_mean,9,-0.07079688459634781,1789797866.6124804,0
rollout/advantages_mean,10,-0.07139556109905243,1789799347.0931559,0
rollout/advantages_mean,11,-0.06259949505329132,1789800315.0184572,0
rollout/advantages_mean,12,-0.06417366862297058,1789801323.0343363,0
rollout/advantages_mean,13,-0.08194155246019363,1789802278.3419037,0
rollout/advantages_mean,14,-0.08963710069656372,1789803237.5886848,0
rollout/advantages_mean,15,-0.06524889916181564,1789804629.3234787,0
rollout/advantages_mean,16,-0.054328802973032,1789805613.3379154,0
rollout/advantages_mean,17,-0.054428089410066605,1789806573.5744276,0
rollout/advantages_mean,18,-0.06000301614403725,1789807535.1393926,0
rollout/advantages_mean,19,-0.06843312084674835,1789808504.5178273,0
rollout/advantages_mean,20,-0.048353247344493866,1789810001.204245,0
rollout/advantages_mean,21,-0.08006663620471954,1789810981.2302272,0
rollout/advantages_mean,22,-0.07079558819532394,1789811946.7569878,0
rollout/advantages_mean,23,-0.07879914343357086,1789812924.767145,0
rollout/advantages_mean,24,-0.06126781925559044,1789813902.6808598,0
rollout/advantages_mean,25,-0.0708959773182869,1789815267.2181003,0
rollout/advantages_mean,26,-0.05220503732562065,1789816231.4709017,0
rollout/advantages_mean,27,-0.07417131215333939,1789817216.7313435,0
rollout/advantages_mean,28,-0.06160060688853264,1789818222.1470919,0
rollout/advantages_mean,29,-0.08938518911600113,1789819216.1541276,0
rollout/advantages_mean,30,-0.057176582515239716,1789820773.843551,0
rollout/advantages_mean,31,-0.06862844526767731,1789821769.9196777,0
rollout/advantages_mean,32,-0.08520355075597763,1789822773.66073,0
rollout/advantages_mean,33,-0.0650344043970108,1789823770.7352893,0
rollout/advantages_mean,34,-0.08392143994569778,1789824746.250771,0
rollout/advantages_mean,35,-0.07153619080781937,1789826170.4154615,0
rollout/advantages_mean,36,-0.0592355914413929,1789827194.6864688,0
rollout/advantages_mean,37,-0.04936603829264641,1789828222.4673808,0
rollout/advantages_mean,38,-0.05029493570327759,1789829234.3745847,0
rollout/advantages_mean,39,-0.04684664309024811,1789830254.438813,0
rollout/advantages_mean,40,-0.04316413402557373,1789831783.1850233,0
rollout/advantages_mean,41,-0.06820957362651825,1789832778.6541781,0
rollout/advantages_mean,42,-0.06310517340898514,1789833783.2183852,0
rollout/advantages_mean,43,-0.06239088997244835,1789834768.3008232,0
rollout/advantages_mean,44,-0.06524533778429031,1789835755.7527163,0
rollout/advantages_mean,45,-0.06252405047416687,1789837214.2027993,0
rollout/advantages_mean,46,-0.04482407867908478,1789838230.7131035,0
rollout/advantages_mean,47,-0.062287528067827225,1789839232.0569265,0
rollout/advantages_mean,48,-0.06112780421972275,1789840234.215591,0
rollout/advantages_mean,49,-0.05889366939663887,1789841265.613505,0
rollout/advantages_mean,50,-0.06432553380727768,1789842831.0051134,0
rollout/advantages_mean,51,-0.059641033411026,1789843858.0725684,0
rollout/advantages_mean,52,-0.07587442547082901,1789844912.9170108,0
rollout/advantages_mean,53,-0.059583768248558044,1789845957.913063,0
rollout/advantages_mean,54,-0.06785336136817932,1789846991.2792568,0
rollout/advantages_mean,55,-0.06694047152996063,1789848482.9984958,0
rollout/advantages_mean,56,-0.049121640622615814,1789849527.8640108,0
rollout/advantages_mean,57,-0.05132623389363289,1789850581.3913076,0
rollout/advantages_mean,58,-0.08466701209545135,1789851609.5815725,0
rollout/advantages_mean,59,-0.056441858410835266,1789852612.3368406,0
rollout/advantages_mean,60,-0.05889853835105896,1789854177.1161692,0
rollout/advantages_mean,61,-0.05112573504447937,1789855186.4423547,0
rollout/advantages_mean,62,-0.06591076403856277,1789856199.3671472,0
rollout/advantages_mean,63,-0.0786392092704773,1789857216.4507222,0
rollout/advantages_mean,64,-0.09145166724920273,1789858205.6104426,0
rollout/advantages_mean,65,-0.04740754887461662,1789859645.1480367,0
rollout/advantages_mean,66,-0.04753733426332474,1789860683.6523502,0
rollout/advantages_mean,67,-0.053107861429452896,1789861698.9490592,0
rollout/advantages_mean,68,-0.0478946678340435,1789862716.9505603,0
rollout/advantages_mean,69,-0.06011951342225075,1789863729.234516,0
rollout/advantages_mean,70,-0.08662479370832443,1789865283.6776187,0
rollout/advantages_mean,71,-0.07269874960184097,1789866307.7960825,0
rollout/advantages_mean,72,-0.045456934720277786,1789867340.3871808,0
rollout/advantages_mean,73,-0.057525333017110825,1789868344.8454547,0
rollout/advantages_mean,74,-0.011832511983811855,1789869357.6878285,0
rollout/advantages_mean,75,-0.0669371709227562,1789870806.4564154,0
rollout/advantages_mean,76,-0.058592233806848526,1789871806.4138196,0
rollout/advantages_mean,77,-0.048767149448394775,1789872842.3394828,0
rollout/advantages_mean,78,-0.026431076228618622,1789873885.422001,0
rollout/advantages_mean,79,-0.024102041497826576,1789874903.9159718,0
rollout/advantages_mean,80,-0.037321556359529495,1789876497.7115185,0
rollout/advantages_max,1,2.4748666286468506,1789789806.5926442,0
rollout/advantages_max,2,2.4748666286468506,1789790762.7135782,0
rollout/advantages_max,3,2.4748666286468506,1789791713.1277883,0
rollout/advantages_max,4,2.4748666286468506,1789792659.5854135,0
rollout/advantages_max,5,2.4748666286468506,1789794005.1010065,0
rollout/advantages_max,6,2.4748666286468506,1789794969.358861,0
rollout/advantages_max,7,2.4748666286468506,1789795944.0183566,0
rollout/advantages_max,8,2.4748666286468506,1789796916.9443588,0
rollout/advantages_max,9,2.4748666286468506,1789797866.612502,0
rollout/advantages_max,10,2.4748666286468506,1789799347.0931628,0
rollout/advantages_max,11,2.4748666286468506,1789800315.0184672,0
rollout/advantages_max,12,2.4748666286468506,1789801323.0343447,0
rollout/advantages_max,13,1.6201815605163574,1789802278.3419123,0
rollout/advantages_max,14,2.4748666286468506,1789803237.5887089,0
rollout/advantages_max,15,2.4748666286468506,1789804629.323499,0
rollout/advantages_max,16,2.4748666286468506,1789805613.3379233,0
rollout/advantages_max,17,2.4748666286468506,1789806573.5744388,0
rollout/advantages_max,18,2.4748666286468506,1789807535.139414,0
rollout/advantages_max,19,2.4748666286468506,1789808504.5178342,0
rollout/advantages_max,20,2.4748666286468506,1789810001.2042732,0
rollout/advantages_max,21,2.4748666286468506,1789810981.230236,0
rollout/advantages_max,22,2.4748666286468506,1789811946.756995,0
rollout/advantages_max,23,2.4748666286468506,1789812924.7671528,0
rollout/advantages_max,24,2.4748666286468506,1789813902.6808684,0
rollout/advantages_max,25,2.4748666286468506,1789815267.2181065,0
rollout/advantages_max,26,2.4748666286468506,1789816231.4709105,0
rollout/advantages_max,27,1.6201815605163574,1789817216.731352,0
rollout/advantages_max,28,1.6201815605163574,1789818222.1471004,0
rollout/advantages_max,29,2.4748666286468506,1789819216.1541364,0
rollout/advantages_max,30,2.4748666286468506,1789820773.8435593,0
rollout/advantages_max,31,2.4748666286468506,1789821769.919686,0
rollout/advantages_max,32,2.4748666286468506,1789822773.6607382,0
rollout/advantages_max,33,2.4748666286468506,1789823770.7353091,0
rollout/advantages_max,34,2.4748666286468506,1789824746.2507925,0
rollout/advantages_max,35,1.6201815605163574,1789826170.4154816,0
rollout/advantages_max,36,2.4748666286468506,1789827194.6864755,0
rollout/advantages_max,37,2.4748666286468506,1789828222.4674046,0
rollout/advantages_max,38,2.4748666286468506,1789829234.3746057,0
rollout/advantages_max,39,1.6201815605163574,1789830254.4388325,0
rollout/advantages_max,40,1.6201815605163574,1789831783.18508,0
rollout/advantages_max,41,1.6201815605163574,1789832778.6541994,0
rollout/advantages_max,42,2.4748666286468506,1789833783.218393,0
rollout/advantages_max,43,2.4748666286468506,1789834768.3008435,0
rollout/advantages_max,44,2.4748666286468506,1789835755.7527242,0
rollout/advantages_max,45,1.6201815605163574,1789837214.2028055,0
rollout/advantages_max,46,2.4748666286468506,1789838230.7131102,0
rollout/advantages_max,47,2.4748666286468506,1789839232.0569348,0
rollout/advantages_max,48,1.6201815605163574,1789840234.2156148,0
rollout/advantages_max,49,2.4748666286468506,1789841265.6135123,0
rollout/advantages_max,50,2.4748666286468506,1789842831.0051215,0
rollout/advantages_max,51,2.4748666286468506,1789843858.0725892,0
rollout/advantages_max,52,2.4748666286468506,1789844912.9170306,0
rollout/advantages_max,53,2.4748666286468506,1789845957.9130716,0
rollout/advantages_max,54,2.4748666286468506,1789846991.2792637,0
rollout/advantages_max,55,2.4748666286468506,1789848482.9985034,0
rollout/advantages_max,56,2.4748666286468506,1789849527.8640332,0
rollout/advantages_max,57,2.4748666286468506,1789850581.3913157,0
rollout/advantages_max,58,2.4748666286468506,1789851609.581579,0
rollout/advantages_max,59,2.4748666286468506,1789852612.3368495,0
rollout/advantages_max,60,1.6201815605163574,1789854177.1161911,0
rollout/advantages_max,61,2.4748666286468506,1789855186.4423625,0
rollout/advantages_max,62,1.20761239528656,1789856199.3671696,0
rollout/advantages_max,63,2.4748666286468506,1789857216.4507375,0
rollout/advantages_max,64,2.4748666286468506,1789858205.6104496,0
rollout/advantages_max,65,2.4748666286468506,1789859645.1480427,0
rollout/advantages_max,66,2.4748666286468506,1789860683.6523712,0
rollout/advantages_max,67,2.4748666286468506,1789861698.9490674,0
rollout/advantages_max,68,2.4748666286468506,1789862716.950581,0
rollout/advantages_max,69,2.4748666286468506,1789863729.234525,0
rollout/advantages_max,70,2.4748666286468506,1789865283.6776266,0
rollout/advantages_max,71,2.4748666286468506,1789866307.7961044,0
rollout/advantages_max,72,2.4748666286468506,1789867340.387189,0
rollout/advantages_max,73,2.4748666286468506,1789868344.8454678,0
rollout/advantages_max,74,2.4748666286468506,1789869357.6878383,0
rollout/advantages_max,75,2.4748666286468506,1789870806.4564219,0
rollout/advantages_max,76,2.4748666286468506,1789871806.41384,0
rollout/advantages_max,77,2.4748666286468506,1789872842.339491,0
rollout/advantages_max,78,2.4748666286468506,1789873885.4220138,0
rollout/advantages_max,79,2.4748666286468506,1789874903.9159796,0
rollout/advantages_max,80,2.4748666286468506,1789876497.7115397,0
rollout/advantages_min,1,-2.4748666286468506,1789789806.592659,0
rollout/advantages_min,2,-1.6201815605163574,1789790762.7135882,0
rollout/advantages_min,3,-2.4748666286468506,1789791713.1278083,0
rollout/advantages_min,4,-1.6201815605163574,1789792659.5854328,0
rollout/advantages_min,5,-2.4748666286468506,1789794005.1010134,0
rollout/advantages_min,6,-1.20761239528656,1789794969.3588688,0
rollout/advantages_min,7,-1.6201815605163574,1789795944.0183756,0
rollout/advantages_min,8,-2.4748666286468506,1789796916.944372,0
rollout/advantages_min,9,-2.4748666286468506,1789797866.6125216,0
rollout/advantages_min,10,-2.4748666286468506,1789799347.0931695,0
rollout/advantages_min,11,-2.4748666286468506,1789800315.0184767,0
rollout/advantages_min,12,-1.6201815605163574,1789801323.0343523,0
rollout/advantages_min,13,-2.4748666286468506,1789802278.3419242,0
rollout/advantages_min,14,-2.4748666286468506,1789803237.5887306,0
rollout/advantages_min,15,-1.6201815605163574,1789804629.3235183,0
rollout/advantages_min,16,-1.6201815605163574,1789805613.3379316,0
rollout/advantages_min,17,-2.4748666286468506,1789806573.5744474,0
rollout/advantages_min,18,-2.4748666286468506,1789807535.1394348,0
rollout/advantages_min,19,-1.6201815605163574,1789808504.517841,0
rollout/advantages_min,20,-1.6201815605163574,1789810001.204294,0
rollout/advantages_min,21,-2.4748666286468506,1789810981.2302446,0
rollout/advantages_min,22,-1.6201815605163574,1789811946.7570012,0
rollout/advantages_min,23,-1.6201815605163574,1789812924.7671604,0
rollout/advantages_min,24,-2.4748666286468506,1789813902.6808763,0
rollout/advantages_min,25,-2.4748666286468506,1789815267.2181125,0
rollout/advantages_min,26,-1.6201815605163574,1789816231.4709182,0
rollout/advantages_min,27,-2.4748666286468506,1789817216.731362,0
rollout/advantages_min,28,-2.4748666286468506,1789818222.1471083,0
rollout/advantages_min,29,-2.4748666286468506,1789819216.1541448,0
rollout/advantages_min,30,-1.6201815605163574,1789820773.843567,0
rollout/advantages_min,31,-2.4748666286468506,1789821769.9196978,0
rollout/advantages_min,32,-2.4748666286468506,1789822773.660746,0
rollout/advantages_min,33,-2.4748666286468506,1789823770.7353284,0
rollout/advantages_min,34,-2.4748666286468506,1789824746.2508252,0
rollout/advantages_min,35,-2.4748666286468506,1789826170.4155025,0
rollout/advantages_min,36,-2.4748666286468506,1789827194.6864817,0
rollout/advantages_min,37,-2.4748666286468506,1789828222.467425,0
rollout/advantages_min,38,-2.4748666286468506,1789829234.3746266,0
rollout/advantages_min,39,-1.6201815605163574,1789830254.4388518,0
rollout/advantages_min,40,-2.4748666286468506,1789831783.1850889,0
rollout/advantages_min,41,-2.4748666286468506,1789832778.654221,0
rollout/advantages_min,42,-2.4748666286468506,1789833783.2184007,0
rollout/advantages_min,43,-2.4748666286468506,1789834768.3008628,0
rollout/advantages_min,44,-1.6201815605163574,1789835755.7527318,0
rollout/advantages_min,45,-2.4748666286468506,1789837214.2028115,0
rollout/advantages_min,46,-2.4748666286468506,1789838230.7131166,0
rollout/advantages_min,47,-2.4748666286468506,1789839232.0569432,0
rollout/advantages_min,48,-2.4748666286468506,1789840234.2156363,0
rollout/advantages_min,49,-2.4748666286468506,1789841265.6135197,0
rollout/advantages_min,50,-1.6201815605163574,1789842831.0051296,0
rollout/advantages_min,51,-2.4748666286468506,1789843858.0726078,0
rollout/advantages_min,52,-2.4748666286468506,1789844912.9170525,0
rollout/advantages_min,53,-2.4748666286468506,1789845957.9130795,0
rollout/advantages_min,54,-2.4748666286468506,1789846991.2792714,0
rollout/advantages_min,55,-2.4748666286468506,1789848482.998511,0
rollout/advantages_min,56,-2.4748666286468506,1789849527.8640542,0
rollout/advantages_min,57,-2.4748666286468506,1789850581.3913236,0
rollout/advantages_min,58,-2.4748666286468506,1789851609.5815854,0
rollout/advantages_min,59,-2.4748666286468506,1789852612.3368566,0
rollout/advantages_min,60,-2.4748666286468506,1789854177.1162112,0
rollout/advantages_min,61,-2.4748666286468506,1789855186.4423707,0
rollout/advantages_min,62,-2.4748666286468506,1789856199.3671892,0
rollout/advantages_min,63,-2.4748666286468506,1789857216.4507496,0
rollout/advantages_min,64,-2.4748666286468506,1789858205.6104558,0
rollout/advantages_min,65,-1.6201815605163574,1789859645.1480489,0
rollout/advantages_min,66,-1.6201815605163574,1789860683.6523917,0
rollout/advantages_min,67,-2.4748666286468506,1789861698.949075,0
rollout/advantages_min,68,-2.4748666286468506,1789862716.950601,0
rollout/advantages_min,69,-2.4748666286468506,1789863729.2345338,0
rollout/advantages_min,70,-2.4748666286468506,1789865283.6776364,0
rollout/advantages_min,71,-2.4748666286468506,1789866307.7961245,0
rollout/advantages_min,72,-2.4748666286468506,1789867340.3871968,0
rollout/advantages_min,73,-2.4748666286468506,1789868344.8454814,0
rollout/advantages_min,74,-1.20761239528656,1789869357.687848,0
rollout/advantages_min,75,-2.4748666286468506,1789870806.456433,0
rollout/advantages_min,76,-2.4748666286468506,1789871806.4138596,0
rollout/advantages_min,77,-2.4748666286468506,1789872842.3394988,0
rollout/advantages_min,78,-2.4748666286468506,1789873885.4220264,0
rollout/advantages_min,79,-2.4748666286468506,1789874903.9160032,0
rollout/advantages_min,80,-2.4748666286468506,1789876497.7115586,0
time/sync_weights,1,10.673521041870117,1789789806.5926766,0
time/sync_weights,2,7.826106071472168,1789790762.7136025,0
time/sync_weights,3,8.141012191772461,1789791713.127837,0
time/sync_weights,4,7.801800727844238,1789792659.5854619,0
time/sync_weights,5,6.607489109039307,1789794005.1010234,0
time/sync_weights,6,2.391934394836426,1789794969.3588786,0
time/sync_weights,7,6.26984977722168,1789795944.0184047,0
time/sync_weights,8,6.456451416015625,1789796916.944389,0
time/sync_weights,9,7.086739540100098,1789797866.6125476,0
time/sync_weights,10,6.3263678550720215,1789799347.0931811,0
time/sync_weights,11,1.9387791156768799,1789800315.0184908,0
time/sync_weights,12,6.212643623352051,1789801323.034377,0
time/sync_weights,13,6.88911247253418,1789802278.3419378,0
time/sync_weights,14,7.0643720626831055,1789803237.5887563,0
time/sync_weights,15,6.985276222229004,1789804629.323547,0
time/sync_weights,16,2.080146312713623,1789805613.3379426,0
time/sync_weights,17,6.688722133636475,1789806573.5744605,0
time/sync_weights,18,6.443399429321289,1789807535.1394641,0
time/sync_weights,19,6.489681720733643,1789808504.5178504,0
time/sync_weights,20,6.1336798667907715,1789810001.2043214,0
time/sync_weights,21,2.1001157760620117,1789810981.2302575,0
time/sync_weights,22,6.096391677856445,1789811946.7570107,0
time/sync_weights,23,5.520081520080566,1789812924.767172,0
time/sync_weights,24,6.318125247955322,1789813902.6808863,0
time/sync_weights,25,5.795130252838135,1789815267.2181222,0
time/sync_weights,26,2.14866042137146,1789816231.4709299,0
time/sync_weights,27,5.94435977935791,1789817216.7313747,0
time/sync_weights,28,6.960063457489014,1789818222.1471205,0
time/sync_weights,29,5.9550700187683105,1789819216.154156,0
time/sync_weights,30,6.282489776611328,1789820773.8435783,0
time/sync_weights,31,2.1038527488708496,1789821769.9197104,0
time/sync_weights,32,6.573638439178467,1789822773.6607592,0
time/sync_weights,33,6.373311996459961,1789823770.735357,0
time/sync_weights,34,5.635310173034668,1789824746.2508502,0
time/sync_weights,35,6.578132629394531,1789826170.4155312,0
time/sync_weights,36,2.1481940746307373,1789827194.6864913,0
time/sync_weights,37,6.024972915649414,1789828222.4674544,0
time/sync_weights,38,5.757874488830566,1789829234.3746536,0
time/sync_weights,39,6.223618984222412,1789830254.4388773,0
time/sync_weights,40,6.574028968811035,1789831783.1851,0
time/sync_weights,41,2.1354429721832275,1789832778.6542492,0
time/sync_weights,42,6.997500896453857,1789833783.2184134,0
time/sync_weights,43,6.577202796936035,1789834768.3008895,0
time/sync_weights,44,7.254695892333984,1789835755.752743,0
time/sync_weights,45,6.288110733032227,1789837214.202821,0
time/sync_weights,46,2.0088255405426025,1789838230.7131267,0
time/sync_weights,47,6.851652145385742,1789839232.056956,0
time/sync_weights,48,6.62313175201416,1789840234.215664,0
time/sync_weights,49,5.846612930297852,1789841265.6135306,0
time/sync_weights,50,6.103982925415039,1789842831.005141,0
time/sync_weights,51,2.2886507511138916,1789843858.0726354,0
time/sync_weights,52,6.409694671630859,1789844912.9170806,0
time/sync_weights,53,6.621856689453125,1789845957.9130912,0
time/sync_weights,54,6.625600814819336,1789846991.2792807,0
time/sync_weights,55,6.518917083740234,1789848482.9985218,0
time/sync_weights,56,2.1602163314819336,1789849527.8640838,0
time/sync_weights,57,6.091339111328125,1789850581.3913352,0
time/sync_weights,58,6.504117488861084,1789851609.5815935,0
time/sync_weights,59,5.395963191986084,1789852612.3368683,0
time/sync_weights,60,6.342206001281738,1789854177.1162405,0
time/sync_weights,61,2.256962776184082,1789855186.4423828,0
time/sync_weights,62,6.848287582397461,1789856199.367218,0
time/sync_weights,63,5.744521617889404,1789857216.450766,0
time/sync_weights,64,5.916132926940918,1789858205.6104648,0
time/sync_weights,65,5.78706169128418,1789859645.148059,0
time/sync_weights,66,2.2116076946258545,1789860683.65242,0
time/sync_weights,67,6.0281901359558105,1789861698.9490867,0
time/sync_weights,68,6.379161834716797,1789862716.9506316,0
time/sync_weights,69,6.188085556030273,1789863729.2345471,0
time/sync_weights,70,5.936383247375488,1789865283.6776526,0
time/sync_weights,71,2.163250684738159,1789866307.7961576,0
time/sync_weights,72,5.569875717163086,1789867340.387208,0
time/sync_weights,73,5.76249361038208,1789868344.845498,0
time/sync_weights,74,5.76023006439209,1789869357.6878614,0
time/sync_weights,75,6.422327995300293,1789870806.456443,0
time/sync_weights,76,2.045921802520752,1789871806.4138968,0
time/sync_weights,77,6.154760360717773,1789872842.3395092,0
time/sync_weights,78,5.941152095794678,1789873885.4220452,0
time/sync_weights,79,6.124481678009033,1789874903.9160194,0
time/sync_weights,80,6.241593360900879,1789876497.7115867,0
time/generate_rollouts,1,974.1953735351562,1789789806.5926867,0
time/generate_rollouts,2,930.9728393554688,1789790762.7136135,0
time/generate_rollouts,3,921.4783935546875,1789791713.1278586,0
time/generate_rollouts,4,916.73681640625,1789792659.5854828,0
time/generate_rollouts,5,905.4450073242188,1789794005.1010303,0
time/generate_rollouts,6,947.8401489257812,1789794969.3588853,0
time/generate_rollouts,7,954.3384399414062,1789795944.018426,0
time/generate_rollouts,8,952.4877319335938,1789796916.9444056,0
time/generate_rollouts,9,927.8253173828125,1789797866.6125681,0
time/generate_rollouts,10,942.7177734375,1789799347.0931883,0
time/generate_rollouts,11,952.1709594726562,1789800315.0185,0
time/generate_rollouts,12,987.5689697265625,1789801323.0343854,0
time/generate_rollouts,13,934.1764526367188,1789802278.3419466,0
time/generate_rollouts,14,937.9439697265625,1789803237.5887783,0
time/generate_rollouts,15,948.226318359375,1789804629.3235703,0
time/generate_rollouts,16,967.6699829101562,1789805613.3379507,0
time/generate_rollouts,17,938.9833984375,1789806573.5744703,0
time/generate_rollouts,18,941.1279296875,1789807535.139485,0
time/generate_rollouts,19,948.80224609375,1789808504.5178578,0
time/generate_rollouts,20,959.37158203125,1789810001.2043421,0
time/generate_rollouts,21,957.5819702148438,1789810981.230266,0
time/generate_rollouts,22,938.087646484375,1789811946.7570174,0
time/generate_rollouts,23,955.4091796875,1789812924.76718,0
time/generate_rollouts,24,957.639404296875,1789813902.6808953,0
time/generate_rollouts,25,925.0530395507812,1789815267.2181296,0
time/generate_rollouts,26,947.7723388671875,1789816231.4709387,0
time/generate_rollouts,27,965.2227783203125,1789817216.7313857,0
time/generate_rollouts,28,974.388671875,1789818222.147129,0
time/generate_rollouts,29,969.2643432617188,1789819216.1541643,0
time/generate_rollouts,30,992.0325927734375,1789820773.8435862,0
time/generate_rollouts,31,979.4658813476562,1789821769.919719,0
time/generate_rollouts,32,975.50244140625,1789822773.6607692,0
time/generate_rollouts,33,977.1741943359375,1789823770.7353787,0
time/generate_rollouts,34,955.6495361328125,1789824746.250873,0
time/generate_rollouts,35,961.5184326171875,1789826170.4155514,0
time/generate_rollouts,36,1008.2439575195312,1789827194.6865013,0
time/generate_rollouts,37,996.889404296875,1789828222.4674761,0
time/generate_rollouts,38,992.3900146484375,1789829234.3746743,0
time/generate_rollouts,39,997.4518432617188,1789830254.4388971,0
time/generate_rollouts,40,965.4812622070312,1789831783.18511,0
time/generate_rollouts,41,969.7429809570312,1789832778.6542695,0
time/generate_rollouts,42,982.6221923828125,1789833783.2184215,0
time/generate_rollouts,43,964.5737915039062,1789834768.3009114,0
time/generate_rollouts,44,958.3421630859375,1789835755.7527518,0
time/generate_rollouts,45,979.6380004882812,1789837214.202828,0
time/generate_rollouts,46,991.1792602539062,1789838230.7131364,0
time/generate_rollouts,47,980.2796630859375,1789839232.056965,0
time/generate_rollouts,48,981.7570190429688,1789840234.215684,0
time/generate_rollouts,49,1007.4320678710938,1789841265.613539,0
time/generate_rollouts,50,1001.134765625,1789842831.005149,0
time/generate_rollouts,51,1010.7769165039062,1789843858.072657,0
time/generate_rollouts,52,1026.2515869140625,1789844912.917101,0
time/generate_rollouts,53,1023.7918701171875,1789845957.9130993,0
time/generate_rollouts,54,1001.0332641601562,1789846991.2792876,0
time/generate_rollouts,55,1000.3329467773438,1789848482.99853,0
time/generate_rollouts,56,1026.548583984375,1789849527.8641038,0
time/generate_rollouts,57,1031.7935791015625,1789850581.3913436,0
time/generate_rollouts,58,997.813232421875,1789851609.5816,0
time/generate_rollouts,59,983.4010620117188,1789852612.336876,0
time/generate_rollouts,60,988.2930908203125,1789854177.1162617,0
time/generate_rollouts,61,992.7049560546875,1789855186.4423912,0
time/generate_rollouts,62,990.8162841796875,1789856199.367238,0
time/generate_rollouts,63,990.4700927734375,1789857216.4507785,0
time/generate_rollouts,64,969.489990234375,1789858205.6104717,0
time/generate_rollouts,65,961.562255859375,1789859645.1480653,0
time/generate_rollouts,66,1012.5952758789062,1789860683.6524403,0
time/generate_rollouts,67,993.0072021484375,1789861698.949095,0
time/generate_rollouts,68,989.1973876953125,1789862716.9506528,0
time/generate_rollouts,69,992.3215942382812,1789863729.2345574,0
time/generate_rollouts,70,986.614990234375,1789865283.677661,0
time/generate_rollouts,71,1007.5130615234375,1789866307.7961874,0
time/generate_rollouts,72,1013.236083984375,1789867340.3872159,0
time/generate_rollouts,73,984.9277954101562,1789868344.8455122,0
time/generate_rollouts,74,992.9015502929688,1789869357.6878712,0
time/generate_rollouts,75,977.5413208007812,1789870806.4564514,0
time/generate_rollouts,76,983.9458618164062,1789871806.4139214,0
time/generate_rollouts,77,1015.84521484375,1789872842.3395176,0
time/generate_rollouts,78,1023.2047119140625,1789873885.4220576,0
time/generate_rollouts,79,998.7322387695312,1789874903.9160292,0
time/generate_rollouts,80,1021.9758911132812,1789876497.7116075,0
time/cal_adv_and_returns,1,0.0637350082397461,1789789806.5934696,0
time/cal_adv_and_returns,2,0.012474298477172852,1789790762.714213,0
time/cal_adv_and_returns,3,0.011821985244750977,1789791713.129291,0
time/cal_adv_and_returns,4,0.011333703994750977,1789792659.5864425,0
time/cal_adv_and_returns,5,0.011886358261108398,1789794005.1015296,0
time/cal_adv_and_returns,6,0.012281656265258789,1789794969.3594527,0
time/cal_adv_and_returns,7,0.011128902435302734,1789795944.0191,0
time/cal_adv_and_returns,8,0.01036834716796875,1789796916.9450388,0
time/cal_adv_and_returns,9,0.010686159133911133,1789797866.6130657,0
time/cal_adv_and_returns,10,0.012615680694580078,1789799347.0935476,0
time/cal_adv_and_returns,11,0.011380195617675781,1789800315.0197923,0
time/cal_adv_and_returns,12,0.010886192321777344,1789801323.0351148,0
time/cal_adv_and_returns,13,0.01153707504272461,1789802278.3424993,0
time/cal_adv_and_returns,14,0.010509967803955078,1789803237.5897973,0
time/cal_adv_and_returns,15,0.010727643966674805,1789804629.32416,0
time/cal_adv_and_returns,16,0.013234138488769531,1789805613.3386889,0
time/cal_adv_and_returns,17,0.011703252792358398,1789806573.5755336,0
time/cal_adv_and_returns,18,0.010662555694580078,1789807535.1401043,0
time/cal_adv_and_returns,19,0.011693954467773438,1789808504.5183187,0
time/cal_adv_and_returns,20,0.011863231658935547,1789810001.2054515,0
time/cal_adv_and_returns,21,0.010707616806030273,1789810981.231355,0
time/cal_adv_and_returns,22,0.011965513229370117,1789811946.7574942,0
time/cal_adv_and_returns,23,0.009206056594848633,1789812924.7680252,0
time/cal_adv_and_returns,24,0.012218713760375977,1789813902.6813338,0
time/cal_adv_and_returns,25,0.0113067626953125,1789815267.2184045,0
time/cal_adv_and_returns,26,0.0109405517578125,1789816231.4716337,0
time/cal_adv_and_returns,27,0.008890628814697266,1789817216.7319503,0
time/cal_adv_and_returns,28,0.01274871826171875,1789818222.1477785,0
time/cal_adv_and_returns,29,0.026667118072509766,1789819216.1550798,0
time/cal_adv_and_returns,30,0.0168609619140625,1789820773.8445485,0
time/cal_adv_and_returns,31,0.012152433395385742,1789821769.9203372,0
time/cal_adv_and_returns,32,0.010338068008422852,1789822773.6615708,0
time/cal_adv_and_returns,33,0.012545585632324219,1789823770.7364542,0
time/cal_adv_and_returns,34,0.013817548751831055,1789824746.251896,0
time/cal_adv_and_returns,35,0.009000301361083984,1789826170.4161243,0
time/cal_adv_and_returns,36,0.010413885116577148,1789827194.6869843,0
time/cal_adv_and_returns,37,0.013473749160766602,1789828222.4679644,0
time/cal_adv_and_returns,38,0.011881589889526367,1789829234.3750927,0
time/cal_adv_and_returns,39,0.012125492095947266,1789830254.4398031,0
time/cal_adv_and_returns,40,0.009165763854980469,1789831783.1858807,0
time/cal_adv_and_returns,41,0.012183189392089844,1789832778.6549585,0
time/cal_adv_and_returns,42,0.010466575622558594,1789833783.2189336,0
time/cal_adv_and_returns,43,0.012803077697753906,1789834768.3015857,0
time/cal_adv_and_returns,44,0.011291742324829102,1789835755.7533019,0
time/cal_adv_and_returns,45,0.01498103141784668,1789837214.203076,0
time/cal_adv_and_returns,46,0.01212310791015625,1789838230.713556,0
time/cal_adv_and_returns,47,0.01286768913269043,1789839232.057479,0
time/cal_adv_and_returns,48,0.008951425552368164,1789840234.2162054,0
time/cal_adv_and_returns,49,0.011476278305053711,1789841265.6144915,0
time/cal_adv_and_returns,50,0.012032270431518555,1789842831.0056262,0
time/cal_adv_and_returns,51,0.012035608291625977,1789843858.07331,0
time/cal_adv_and_returns,52,0.012694597244262695,1789844912.9175909,0
time/cal_adv_and_returns,53,0.010704517364501953,1789845957.913729,0
time/cal_adv_and_returns,54,0.011997699737548828,1789846991.2798634,0
time/cal_adv_and_returns,55,0.013358116149902344,1789848482.9988346,0
time/cal_adv_and_returns,56,0.012314558029174805,1789849527.8651266,0
time/cal_adv_and_returns,57,0.010397672653198242,1789850581.3917823,0
time/cal_adv_and_returns,58,0.010199308395385742,1789851609.5819216,0
time/cal_adv_and_returns,59,0.012125253677368164,1789852612.3372672,0
time/cal_adv_and_returns,60,0.012042522430419922,1789854177.1166372,0
time/cal_adv_and_returns,61,0.010218381881713867,1789855186.4428465,0
time/cal_adv_and_returns,62,0.018074512481689453,1789856199.3679152,0
time/cal_adv_and_returns,63,0.011244535446166992,1789857216.4516292,0
time/cal_adv_and_returns,64,0.013303279876708984,1789858205.610999,0
time/cal_adv_and_returns,65,0.010364770889282227,1789859645.1484613,0
time/cal_adv_and_returns,66,0.011048316955566406,1789860683.6534748,0
time/cal_adv_and_returns,67,0.009958267211914062,1789861698.9495609,0
time/cal_adv_and_returns,68,0.012869119644165039,1789862716.9510467,0
time/cal_adv_and_returns,69,0.011697053909301758,1789863729.2352448,0
time/cal_adv_and_returns,70,0.011673450469970703,1789865283.6780796,0
time/cal_adv_and_returns,71,0.012359142303466797,1789866307.7966354,0
time/cal_adv_and_returns,72,0.009802103042602539,1789867340.3876424,0
time/cal_adv_and_returns,73,0.012551069259643555,1789868344.8459988,0
time/cal_adv_and_returns,74,0.013636112213134766,1789869357.688898,0
time/cal_adv_and_returns,75,0.012321949005126953,1789870806.456729,0
time/cal_adv_and_returns,76,0.010068655014038086,1789871806.414936,0
time/cal_adv_and_returns,77,0.020869016647338867,1789872842.3399591,0
time/cal_adv_and_returns,78,0.01244807243347168,1789873885.4225118,0
time/cal_adv_and_returns,79,0.008204936981201172,1789874903.9164808,0
time/cal_adv_and_returns,80,0.010151386260986328,1789876497.7124155,0
time/actor_training,1,23.806550979614258,1789789806.5934796,0
time/actor_training,2,17.288162231445312,1789790762.7142243,0
time/actor_training,3,20.757043838500977,1789791713.1293147,0
time/actor_training,4,21.878341674804688,1789792659.5864842,0
time/actor_training,5,14.056211471557617,1789794005.101552,0
time/actor_training,6,13.98996639251709,1789794969.3594723,0
time/actor_training,7,14.015819549560547,1789795944.0191245,0
time/actor_training,8,13.945905685424805,1789796916.9450576,0
time/actor_training,9,14.721487998962402,1789797866.613089,0
time/actor_training,10,13.930424690246582,1789799347.0935566,0
time/actor_training,11,13.75222110748291,1789800315.0198169,0
time/actor_training,12,14.19982624053955,1789801323.0351415,0
time/actor_training,13,14.210258483886719,1789802278.34251,0
time/actor_training,14,14.20603084564209,1789803237.589821,0
time/actor_training,15,13.927316665649414,1789804629.3241818,0
time/actor_training,16,14.227570533752441,1789805613.33871,0
time/actor_training,17,14.527259826660156,1789806573.5755434,0
time/actor_training,18,13.952465057373047,1789807535.1401284,0
time/actor_training,19,14.054971694946289,1789808504.5183272,0
time/actor_training,20,20.91742515563965,1789810001.2054753,0
time/actor_training,21,20.27260971069336,1789810981.2313666,0
time/actor_training,22,21.307540893554688,1789811946.7575014,0
time/actor_training,23,17.048017501831055,1789812924.7680614,0
time/actor_training,24,13.925891876220703,1789813902.6813457,0
time/actor_training,25,13.868518829345703,1789815267.2184124,0
time/actor_training,26,14.300273895263672,1789816231.4716423,0
time/actor_training,27,14.06448745727539,1789817216.7319605,0
time/actor_training,28,24.02679443359375,1789818222.1477888,0
time/actor_training,29,18.738662719726562,1789819216.15509,0
time/actor_training,30,13.7623872756958,1789820773.8445578,0
time/actor_training,31,14.468307495117188,1789821769.9203472,0
time/actor_training,32,21.633752822875977,1789822773.6616333,0
time/actor_training,33,13.488350868225098,1789823770.7364767,0
time/actor_training,34,14.189739227294922,1789824746.2519193,0
time/actor_training,35,13.940794944763184,1789826170.4161456,0
time/actor_training,36,13.843581199645996,1789827194.686992,0
time/actor_training,37,24.82979393005371,1789828222.4680037,0
time/actor_training,38,13.724189758300781,1789829234.3751152,0
time/actor_training,39,16.354658126831055,1789830254.4398315,0
time/actor_training,40,14.156265258789062,1789831783.1858926,0
time/actor_training,41,23.54839324951172,1789832778.6549802,0
time/actor_training,42,14.907110214233398,1789833783.2189422,0
time/actor_training,43,13.892324447631836,1789834768.3016076,0
time/actor_training,44,21.820430755615234,1789835755.753311,0
time/actor_training,45,23.208864212036133,1789837214.2030828,0
time/actor_training,46,23.29361343383789,1789838230.7135634,0
time/actor_training,47,14.179227828979492,1789839232.0574892,0
time/actor_training,48,13.743814468383789,1789840234.2162273,0
time/actor_training,49,18.084369659423828,1789841265.6145005,0
time/actor_training,50,13.823234558105469,1789842831.0056345,0
time/actor_training,51,13.916651725769043,1789843858.0733306,0
time/actor_training,52,22.142227172851562,1789844912.9176137,0
time/actor_training,53,14.547307968139648,1789845957.913738,0
time/actor_training,54,25.67535972595215,1789846991.2798703,0
time/actor_training,55,13.471832275390625,1789848482.9988437,0
time/actor_training,56,16.1092472076416,1789849527.865151,0
time/actor_training,57,15.607494354248047,1789850581.3917913,0
time/actor_training,58,23.84541130065918,1789851609.5819287,0
time/actor_training,59,13.92924690246582,1789852612.337276,0
time/actor_training,60,13.703706741333008,1789854177.1166596,0
time/actor_training,61,14.296690940856934,1789855186.4428585,0
time/actor_training,62,15.219971656799316,1789856199.3679402,0
time/actor_training,63,20.83425521850586,1789857216.4516425,0
time/actor_training,64,13.719335556030273,1789858205.6110058,0
time/actor_training,65,13.592641830444336,1789859645.1484683,0
time/actor_training,66,23.65959930419922,1789860683.6534986,0
time/actor_training,67,16.230573654174805,1789861698.9495692,0
time/actor_training,68,22.389205932617188,1789862716.9510689,0
time/actor_training,69,13.738958358764648,1789863729.235265,0
time/actor_training,70,23.78070640563965,1789865283.6780882,0
time/actor_training,71,14.379486083984375,1789866307.796656,0
time/actor_training,72,13.753674507141113,1789867340.3876507,0
time/actor_training,73,13.735608100891113,1789868344.846016,0
time/actor_training,74,14.145071983337402,1789869357.6889222,0
time/actor_training,75,14.360036849975586,1789870806.456736,0
time/actor_training,76,13.930092811584473,1789871806.414957,0
time/actor_training,77,13.881836891174316,1789872842.3399677,0
time/actor_training,78,13.9024019241333,1789873885.4225252,0
time/actor_training,79,13.609515190124512,1789874903.9164891,0
time/actor_training,80,14.05892562866211,1789876497.712439,0
time/step,1,1008.7402954101562,1789789806.5934882,0
time/step,2,956.1012573242188,1789790762.7142363,0
time/step,3,950.3902587890625,1789791713.1293378,0
time/step,4,946.4302978515625,1789792659.5865061,0
time/step,5,1345.485595703125,1789794005.101571,0
time/step,6,964.2356567382812,1789794969.359482,0
time/step,7,974.6371459960938,1789795944.019145,0
time/step,8,972.901611328125,1789796916.9450715,0
time/step,9,949.6453247070312,1789797866.6131105,0
time/step,10,1480.457275390625,1789799347.0935717,0
time/step,11,967.8748168945312,1789800315.019832,0
time/step,12,1007.9935302734375,1789801323.0351536,0
time/step,13,955.2884521484375,1789802278.3425198,0
time/step,14,959.2262573242188,1789803237.5898416,0
time/step,15,1391.701416015625,1789804629.324221,0
time/step,16,983.9923706054688,1789805613.3387222,0
time/step,17,960.2130126953125,1789806573.5755522,0
time/step,18,961.5364379882812,1789807535.1401489,0
time/step,19,969.3595581054688,1789808504.5183342,0
time/step,20,1496.65771484375,1789810001.205518,0
time/step,21,979.9678955078125,1789810981.2313745,0
time/step,22,965.5050048828125,1789811946.7575083,0
time/step,23,977.9881591796875,1789812924.7680786,0
time/step,24,977.8963623046875,1789813902.6813545,0
time/step,25,1364.5084228515625,1789815267.2184267,0
time/step,26,964.2333984375,1789816231.4716506,0
time/step,27,985.2416381835938,1789817216.7319684,0
time/step,28,1005.3906860351562,1789818222.1477983,0
time/step,29,993.9859619140625,1789819216.1550987,0
time/step,30,1557.6619873046875,1789820773.844575,0
time/step,31,996.0516357421875,1789821769.9203591,0
time/step,32,1003.7213745117188,1789822773.6616678,0
time/step,33,997.05029296875,1789823770.7364993,0
time/step,34,975.4893798828125,1789824746.2519395,0
time/step,35,1424.128662109375,1789826170.4161885,0
time/step,36,1024.24755859375,1789827194.687001,0
time/step,37,1027.7593994140625,1789828222.4680254,0
time/step,38,1011.8853149414062,1789829234.375137,0
time/step,39,1020.0430908203125,1789830254.439857,0
time/step,40,1528.7109375,1789831783.1859176,0
time/step,41,995.4409790039062,1789832778.6550016,0
time/step,42,1004.5385131835938,1789833783.2189505,0
time/step,43,985.05810546875,1789834768.3016284,0
time/step,44,987.429931640625,1789835755.753319,0
time/step,45,1458.4271240234375,1789837214.2030954,0
time/step,46,1016.4951782226562,1789838230.7135704,0
time/step,47,1001.3245239257812,1789839232.0574985,0
time/step,48,1002.1344604492188,1789840234.2162476,0
time/step,49,1031.3759765625,1789841265.6145089,0
time/step,50,1565.35107421875,1789842831.0056505,0
time/step,51,1026.99609375,1789843858.0733519,0
time/step,52,1054.818115234375,1789844912.9176354,0
time/step,53,1044.973388671875,1789845957.913746,0
time/step,54,1033.34716796875,1789846991.2798765,0
time/step,55,1491.6923828125,1789848482.9988606,0
time/step,56,1044.8321533203125,1789849527.8651733,0
time/step,57,1053.5037841796875,1789850581.3918,0
time/step,58,1028.1737060546875,1789851609.5819354,0
time/step,59,1002.7398681640625,1789852612.3372848,0
time/step,60,1564.753173828125,1789854177.116704,0
time/step,61,1009.270263671875,1789855186.4428732,0
time/step,62,1012.9046020507812,1789856199.3679612,0
time/step,63,1017.06103515625,1789857216.4516542,0
time/step,64,989.1399536132812,1789858205.611012,0
time/step,65,1439.514404296875,1789859645.1484818,0
time/step,66,1038.4791259765625,1789860683.653519,0
time/step,67,1015.2769775390625,1789861698.9495773,0
time/step,68,1017.9796142578125,1789862716.95109,0
time/step,69,1012.261474609375,1789863729.2352774,0
time/step,70,1554.4224853515625,1789865283.6781056,0
time/step,71,1024.0694580078125,1789866307.7966774,0
time/step,72,1032.57080078125,1789867340.3876588,0
time/step,73,1004.4398193359375,1789868344.8460317,0
time/step,74,1012.822021484375,1789869357.6889355,0
time/step,75,1448.743896484375,1789870806.4567506,0
time/step,76,999.9335327148438,1789871806.4149783,0
time/step,77,1035.9036865234375,1789872842.3399756,0
time/step,78,1043.0618896484375,1789873885.4225388,0
time/step,79,1018.4754028320312,1789874903.9164972,0
time/step,80,1593.7708740234375,1789876497.7124817,0
time/env/env/bootstrap_step,1,704.8056640625,1789789806.5934982,0
time/env/env/bootstrap_step,2,670.23779296875,1789790762.714246,0
time/env/env/bootstrap_step,3,657.2967529296875,1789791713.1293616,0
time/env/env/bootstrap_step,4,661.06982421875,1789792659.5865285,0
time/env/env/bootstrap_step,5,657.5211181640625,1789794005.1015816,0
time/env/env/bootstrap_step,6,678.5521240234375,1789794969.3594916,0
time/env/env/bootstrap_step,7,691.8084716796875,1789795944.0191674,0
time/env/env/bootstrap_step,8,693.1859741210938,1789796916.9450858,0
time/env/env/bootstrap_step,9,672.5603637695312,1789797866.6131327,0
time/env/env/bootstrap_step,10,683.010986328125,1789799347.093579,0
time/env/env/bootstrap_step,11,693.318359375,1789800315.0198457,0
time/env/env/bootstrap_step,12,704.8612670898438,1789801323.0351663,0
time/env/env/bootstrap_step,13,687.4296264648438,1789802278.342529,0
time/env/env/bootstrap_step,14,679.298828125,1789803237.5898645,0
time/env/env/bootstrap_step,15,686.3153686523438,1789804629.3242426,0
time/env/env/bootstrap_step,16,692.8377685546875,1789805613.338733,0
time/env/env/bootstrap_step,17,678.3081665039062,1789806573.5755615,0
time/env/env/bootstrap_step,18,691.8964233398438,1789807535.1401708,0
time/env/env/bootstrap_step,19,693.8571166992188,1789808504.5183423,0
time/env/env/bootstrap_step,20,704.8104858398438,1789810001.2055414,0
time/env/env/bootstrap_step,21,695.6415405273438,1789810981.2313833,0
time/env/env/bootstrap_step,22,679.5003662109375,1789811946.7575169,0
time/env/env/bootstrap_step,23,703.7702026367188,1789812924.768096,0
time/env/env/bootstrap_step,24,705.962646484375,1789813902.6813629,0
time/env/env/bootstrap_step,25,674.8392944335938,1789815267.2184339,0
time/env/env/bootstrap_step,26,695.42919921875,1789816231.4716597,0
time/env/env/bootstrap_step,27,700.7999267578125,1789817216.7319775,0
time/env/env/bootstrap_step,28,706.8505249023438,1789818222.1478078,0
time/env/env/bootstrap_step,29,735.9686279296875,1789819216.1551077,0
time/env/env/bootstrap_step,30,704.3670043945312,1789820773.8445845,0
time/env/env/bootstrap_step,31,708.9814453125,1789821769.9203694,0
time/env/env/bootstrap_step,32,736.6378173828125,1789822773.6616993,0
time/env/env/bootstrap_step,33,709.2944946289062,1789823770.7365212,0
time/env/env/bootstrap_step,34,699.8091430664062,1789824746.2519627,0
time/env/env/bootstrap_step,35,698.7191772460938,1789826170.4162095,0
time/env/env/bootstrap_step,36,729.609375,1789827194.687008,0
time/env/env/bootstrap_step,37,714.5814208984375,1789828222.468048,0
time/env/env/bootstrap_step,38,719.0504760742188,1789829234.3751595,0
time/env/env/bootstrap_step,39,748.9273681640625,1789830254.4398777,0
time/env/env/bootstrap_step,40,700.34716796875,1789831783.185927,0
time/env/env/bootstrap_step,41,725.9835205078125,1789832778.6550233,0
time/env/env/bootstrap_step,42,715.45458984375,1789833783.2189598,0
time/env/env/bootstrap_step,43,707.0465698242188,1789834768.301649,0
time/env/env/bootstrap_step,44,697.041259765625,1789835755.7533274,0
time/env/env/bootstrap_step,45,714.6038208007812,1789837214.2031019,0
time/env/env/bootstrap_step,46,717.1111450195312,1789838230.713578,0
time/env/env/bootstrap_step,47,711.2832641601562,1789839232.0575085,0
time/env/env/bootstrap_step,48,714.9534912109375,1789840234.2162693,0
time/env/env/bootstrap_step,49,731.6735229492188,1789841265.614517,0
time/env/env/bootstrap_step,50,712.7979736328125,1789842831.0056593,0
time/env/env/bootstrap_step,51,733.0641479492188,1789843858.073373,0
time/env/env/bootstrap_step,52,752.0091552734375,1789844912.9176583,0
time/env/env/bootstrap_step,53,745.9055786132812,1789845957.9137552,0
time/env/env/bootstrap_step,54,734.2406005859375,1789846991.2798831,0
time/env/env/bootstrap_step,55,705.796142578125,1789848482.9988692,0
time/env/env/bootstrap_step,56,742.7007446289062,1789849527.8651946,0
time/env/env/bootstrap_step,57,750.894775390625,1789850581.3918104,0
time/env/env/bootstrap_step,58,726.2756958007812,1789851609.5819426,0
time/env/env/bootstrap_step,59,716.743408203125,1789852612.3372931,0
time/env/env/bootstrap_step,60,711.8445434570312,1789854177.1167274,0
time/env/env/bootstrap_step,61,729.81494140625,1789855186.4428854,0
time/env/env/bootstrap_step,62,732.0238037109375,1789856199.367999,0
time/env/env/bootstrap_step,63,736.9317626953125,1789857216.451666,0
time/env/env/bootstrap_step,64,707.7400512695312,1789858205.6110194,0
time/env/env/bootstrap_step,65,690.7716064453125,1789859645.1484885,0
time/env/env/bootstrap_step,66,728.9352416992188,1789860683.653541,0
time/env/env/bootstrap_step,67,709.638671875,1789861698.9495869,0
time/env/env/bootstrap_step,68,728.7964477539062,1789862716.951113,0
time/env/env/bootstrap_step,69,714.7569580078125,1789863729.23529,0
time/env/env/bootstrap_step,70,716.529541015625,1789865283.678114,0
time/env/env/bootstrap_step,71,723.053955078125,1789866307.7967014,0
time/env/env/bootstrap_step,72,742.0006103515625,1789867340.387668,0
time/env/env/bootstrap_step,73,707.2691650390625,1789868344.8460488,0
time/env/env/bootstrap_step,74,714.1489868164062,1789869357.688949,0
time/env/env/bootstrap_step,75,717.470458984375,1789870806.456759,0
time/env/env/bootstrap_step,76,710.0740356445312,1789871806.4150012,0
time/env/env/bootstrap_step,77,725.5728149414062,1789872842.3401752,0
time/env/env/bootstrap_step,78,745.9567260742188,1789873885.4225512,0
time/env/env/bootstrap_step,79,723.9352416992188,1789874903.9165058,0
time/env/env/bootstrap_step,80,740.881591796875,1789876497.7125046,0
time/env/compute_bootstrap_rewards,1,0.0011378349736332893,1789789806.5935068,0
time/env/compute_bootstrap_rewards,2,0.0011732988059520721,1789790762.7142544,0
time/env/compute_bootstrap_rewards,3,0.0013031773269176483,1789791713.1293833,0
time/env/compute_bootstrap_rewards,4,0.0013540331274271011,1789792659.586549,0
time/env/compute_bootstrap_rewards,5,0.001182430423796177,1789794005.101589,0
time/env/compute_bootstrap_rewards,6,0.0014357492327690125,1789794969.3595114,0
time/env/compute_bootstrap_rewards,7,0.0011374223977327347,1789795944.0191882,0
time/env/compute_bootstrap_rewards,8,0.0012108441442251205,1789796916.945098,0
time/env/compute_bootstrap_rewards,9,0.0012184949591755867,1789797866.6131535,0
time/env/compute_bootstrap_rewards,10,0.0010540178045630455,1789799347.093586,0
time/env/compute_bootstrap_rewards,11,0.001167413778603077,1789800315.0198574,0
time/env/compute_bootstrap_rewards,12,0.0011705532670021057,1789801323.035175,0
time/env/compute_bootstrap_rewards,13,0.0010840212926268578,1789802278.3425374,0
time/env/compute_bootstrap_rewards,14,0.001110069453716278,1789803237.589886,0
time/env/compute_bootstrap_rewards,15,0.0011511463671922684,1789804629.3242629,0
time/env/compute_bootstrap_rewards,16,0.001164567656815052,1789805613.3387415,0
time/env/compute_bootstrap_rewards,17,0.0009421836584806442,1789806573.5755699,0
time/env/compute_bootstrap_rewards,18,0.0010766079649329185,1789807535.1401925,0
time/env/compute_bootstrap_rewards,19,0.0011257044970989227,1789808504.5183485,0
time/env/compute_bootstrap_rewards,20,0.0011354126036167145,1789810001.2055633,0
time/env/compute_bootstrap_rewards,21,0.0015440676361322403,1789810981.2313912,0
time/env/compute_bootstrap_rewards,22,0.0012003052979707718,1789811946.757524,0
time/env/compute_bootstrap_rewards,23,0.001049049198627472,1789812924.7681088,0
time/env/compute_bootstrap_rewards,24,0.0011550672352313995,1789813902.6813712,0
time/env/compute_bootstrap_rewards,25,0.00115861464291811,1789815267.218441,0
time/env/compute_bootstrap_rewards,26,0.0010824576020240784,1789816231.471668,0
time/env/compute_bootstrap_rewards,27,0.0013814130797982216,1789817216.7320025,0
time/env/compute_bootstrap_rewards,28,0.001019543968141079,1789818222.1478167,0
time/env/compute_bootstrap_rewards,29,0.0011329250410199165,1789819216.1551158,0
time/env/compute_bootstrap_rewards,30,0.0011242851614952087,1789820773.8445926,0
time/env/compute_bootstrap_rewards,31,0.0010991906747221947,1789821769.9203775,0
time/env/compute_bootstrap_rewards,32,0.0011463016271591187,1789822773.6617217,0
time/env/compute_bootstrap_rewards,33,0.0011006826534867287,1789823770.736543,0
time/env/compute_bootstrap_rewards,34,0.0009490223601460457,1789824746.2520099,0
time/env/compute_bootstrap_rewards,35,0.0011114217340946198,1789826170.416229,0
time/env/compute_bootstrap_rewards,36,0.0011648349463939667,1789827194.6870143,0
time/env/compute_bootstrap_rewards,37,0.0011208876967430115,1789828222.4680693,0
time/env/compute_bootstrap_rewards,38,0.0011862386018037796,1789829234.3751807,0
time/env/compute_bootstrap_rewards,39,0.0010484829545021057,1789830254.4399,0
time/env/compute_bootstrap_rewards,40,0.0009731035679578781,1789831783.1859353,0
time/env/compute_bootstrap_rewards,41,0.0011046426370739937,1789832778.6550434,0
time/env/compute_bootstrap_rewards,42,0.0011178171262145042,1789833783.2189674,0
time/env/compute_bootstrap_rewards,43,0.0010586511343717575,1789834768.3016694,0
time/env/compute_bootstrap_rewards,44,0.0009709922596812248,1789835755.7533352,0
time/env/compute_bootstrap_rewards,45,0.0009711794555187225,1789837214.203109,0
time/env/compute_bootstrap_rewards,46,0.0010473914444446564,1789838230.7135847,0
time/env/compute_bootstrap_rewards,47,0.0009718909859657288,1789839232.057517,0
time/env/compute_bootstrap_rewards,48,0.0010167965665459633,1789840234.2162898,0
time/env/compute_bootstrap_rewards,49,0.0008444841951131821,1789841265.614525,0
time/env/compute_bootstrap_rewards,50,0.0009094122797250748,1789842831.0056672,0
time/env/compute_bootstrap_rewards,51,0.0008629653602838516,1789843858.0733926,0
time/env/compute_bootstrap_rewards,52,0.0011514285579323769,1789844912.9176786,0
time/env/compute_bootstrap_rewards,53,0.0009511876851320267,1789845957.9137633,0
time/env/compute_bootstrap_rewards,54,0.001015244983136654,1789846991.2798896,0
time/env/compute_bootstrap_rewards,55,0.0009962115436792374,1789848482.9988773,0
time/env/compute_bootstrap_rewards,56,0.0009301872923970222,1789849527.8652158,0
time/env/compute_bootstrap_rewards,57,0.0009670844301581383,1789850581.3918192,0
time/env/compute_bootstrap_rewards,58,0.0008423309773206711,1789851609.581949,0
time/env/compute_bootstrap_rewards,59,0.0009326348081231117,1789852612.3373044,0
time/env/compute_bootstrap_rewards,60,0.0008074389770627022,1789854177.1167486,0
time/env/compute_bootstrap_rewards,61,0.0008786432445049286,1789855186.4428957,0
time/env/compute_bootstrap_rewards,62,0.0009641386568546295,1789856199.3680239,0
time/env/compute_bootstrap_rewards,63,0.000944279134273529,1789857216.4516778,0
time/env/compute_bootstrap_rewards,64,0.001061837188899517,1789858205.6110256,0
time/env/compute_bootstrap_rewards,65,0.0009035961702466011,1789859645.148495,0
time/env/compute_bootstrap_rewards,66,0.0010354584082961082,1789860683.653562,0
time/env/compute_bootstrap_rewards,67,0.001019774004817009,1789861698.9495955,0
time/env/compute_bootstrap_rewards,68,0.0011550020426511765,1789862716.951136,0
time/env/compute_bootstrap_rewards,69,0.0010450249537825584,1789863729.2352998,0
time/env/compute_bootstrap_rewards,70,0.0009060483425855637,1789865283.678123,0
time/env/compute_bootstrap_rewards,71,0.0010237274691462517,1789866307.7967231,0
time/env/compute_bootstrap_rewards,72,0.001146135851740837,1789867340.387677,0
time/env/compute_bootstrap_rewards,73,0.0008534854277968407,1789868344.8460648,0
time/env/compute_bootstrap_rewards,74,0.0009439559653401375,1789869357.68896,0
time/env/compute_bootstrap_rewards,75,0.0010052043944597244,1789870806.4567661,0
time/env/compute_bootstrap_rewards,76,0.0009576231241226196,1789871806.415021,0
time/env/compute_bootstrap_rewards,77,0.001114710234105587,1789872842.3401854,0
time/env/compute_bootstrap_rewards,78,0.000947851687669754,1789873885.4225628,0
time/env/compute_bootstrap_rewards,79,0.0009166225790977478,1789874903.9165134,0
time/env/compute_bootstrap_rewards,80,0.0009560827165842056,1789876497.712526,0
time/env/env_interact_step,1,252.35714721679688,1789789806.593515,0
time/env/env_interact_step,2,259.0196533203125,1789790762.714262,0
time/env/env_interact_step,3,257.1114196777344,1789791713.129406,0
time/env/env_interact_step,4,244.15296936035156,1789792659.5865705,0
time/env/env_interact_step,5,243.41555786132812,1789794005.1015964,0
time/env/env_interact_step,6,256.5330810546875,1789794969.3595183,0
time/env/env_interact_step,7,241.27322387695312,1789795944.0192082,0
time/env/env_interact_step,8,253.1865997314453,1789796916.9451103,0
time/env/env_interact_step,9,245.58224487304688,1789797866.6131744,0
time/env/env_interact_step,10,253.49661254882812,1789799347.0935924,0
time/env/env_interact_step,11,235.7876739501953,1789800315.0198677,0
time/env/env_interact_step,12,259.5635070800781,1789801323.035184,0
time/env/env_interact_step,13,247.4418487548828,1789802278.342546,0
time/env/env_interact_step,14,230.06658935546875,1789803237.5899076,0
time/env/env_interact_step,15,261.28765869140625,1789804629.3242834,0
time/env/env_interact_step,16,248.23553466796875,1789805613.338749,0
time/env/env_interact_step,17,246.92982482910156,1789806573.5755775,0
time/env/env_interact_step,18,254.86160278320312,1789807535.1402135,0
time/env/env_interact_step,19,233.83209228515625,1789808504.5183554,0
time/env/env_interact_step,20,247.91131591796875,1789810001.2055845,0
time/env/env_interact_step,21,239.57762145996094,1789810981.231399,0
time/env/env_interact_step,22,256.27691650390625,1789811946.757531,0
time/env/env_interact_step,23,245.2588653564453,1789812924.7681208,0
time/env/env_interact_step,24,238.09225463867188,1789813902.6813793,0
time/env/env_interact_step,25,245.64710998535156,1789815267.2184474,0
time/env/env_interact_step,26,239.1393280029297,1789816231.4716754,0
time/env/env_interact_step,27,244.08920288085938,1789817216.7320108,0
time/env/env_interact_step,28,255.62408447265625,1789818222.147825,0
time/env/env_interact_step,29,244.57357788085938,1789819216.1551242,0
time/env/env_interact_step,30,281.1678161621094,1789820773.844601,0
time/env/env_interact_step,31,259.4151916503906,1789821769.9203863,0
time/env/env_interact_step,32,247.9617156982422,1789822773.6617432,0
time/env/env_interact_step,33,247.49046325683594,1789823770.7365637,0
time/env/env_interact_step,34,242.81808471679688,1789824746.252032,0
time/env/env_interact_step,35,249.2095184326172,1789826170.4162498,0
time/env/env_interact_step,36,264.91998291015625,1789827194.6870213,0
time/env/env_interact_step,37,268.4166564941406,1789828222.4680912,0
time/env/env_interact_step,38,238.1318817138672,1789829234.3752012,0
time/env/env_interact_step,39,250.7418975830078,1789830254.4399204,0
time/env/env_interact_step,40,251.8012237548828,1789831783.1859434,0
time/env/env_interact_step,41,221.31698608398438,1789832778.6550639,0
time/env/env_interact_step,42,253.40818786621094,1789833783.2189755,0
time/env/env_interact_step,43,244.75038146972656,1789834768.3016903,0
time/env/env_interact_step,44,234.92088317871094,1789835755.7533438,0
time/env/env_interact_step,45,242.62579345703125,1789837214.2031152,0
time/env/env_interact_step,46,260.785400390625,1789838230.7135909,0
time/env/env_interact_step,47,247.48101806640625,1789839232.057525,0
time/env/env_interact_step,48,253.60794067382812,1789840234.2163117,0
time/env/env_interact_step,49,253.61610412597656,1789841265.6145337,0
time/env/env_interact_step,50,274.962890625,1789842831.0056753,0
time/env/env_interact_step,51,264.3765869140625,1789843858.0734143,0
time/env/env_interact_step,52,259.7048034667969,1789844912.917701,0
time/env/env_interact_step,53,241.70571899414062,1789845957.913771,0
time/env/env_interact_step,54,253.57525634765625,1789846991.2798955,0
time/env/env_interact_step,55,266.9331970214844,1789848482.9988856,0
time/env/env_interact_step,56,264.8608093261719,1789849527.8652356,0
time/env/env_interact_step,57,267.472900390625,1789850581.3918278,0
time/env/env_interact_step,58,249.58761596679688,1789851609.5819554,0
time/env/env_interact_step,59,253.45018005371094,1789852612.3373156,0
time/env/env_interact_step,60,248.45030212402344,1789854177.1167686,0
time/env/env_interact_step,61,232.6676788330078,1789855186.4429078,0
time/env/env_interact_step,62,259.173095703125,1789856199.3680456,0
time/env/env_interact_step,63,234.13685607910156,1789857216.4516892,0
time/env/env_interact_step,64,248.3525390625,1789858205.6110318,0
time/env/env_interact_step,65,239.3911590576172,1789859645.1485012,0
time/env/env_interact_step,66,270.2689514160156,1789860683.6535835,0
time/env/env_interact_step,67,269.9993896484375,1789861698.949603,0
time/env/env_interact_step,68,256.56195068359375,1789862716.9511561,0
time/env/env_interact_step,69,268.8575134277344,1789863729.2353094,0
time/env/env_interact_step,70,256.9518127441406,1789865283.6781309,0
time/env/env_interact_step,71,256.17376708984375,1789866307.796744,0
time/env/env_interact_step,72,250.6316375732422,1789867340.3876846,0
time/env/env_interact_step,73,253.43548583984375,1789868344.8460796,0
time/env/env_interact_step,74,258.5817565917969,1789869357.6889691,0
time/env/env_interact_step,75,242.47422790527344,1789870806.4567723,0
time/env/env_interact_step,76,249.53826904296875,1789871806.4150407,0
time/env/env_interact_step,77,276.7859802246094,1789872842.3401933,0
time/env/env_interact_step,78,266.46923828125,1789873885.422575,0
time/env/env_interact_step,79,262.26202392578125,1789874903.9165215,0
time/env/env_interact_step,80,267.61541748046875,1789876497.7125468,0
time/env/env/send_rollout_trajectories,1,0.6544251441955566,1789789806.593523,0
time/env/env/send_rollout_trajectories,2,0.6208356618881226,1789790762.7142708,0
time/env/env/send_rollout_trajectories,3,0.6054644584655762,1789791713.1294262,0
time/env/env/send_rollout_trajectories,4,0.5997137427330017,1789792659.5865917,0
time/env/env/send_rollout_trajectories,5,0.5884121656417847,1789794005.1016035,0
time/env/env/send_rollout_trajectories,6,0.638780951499939,1789794969.3595247,0
time/env/env/send_rollout_trajectories,7,0.6470031142234802,1789795944.019227,0
time/env/env/send_rollout_trajectories,8,0.6294332146644592,1789796916.9451234,0
time/env/env/send_rollout_trajectories,9,0.6252177953720093,1789797866.6131947,0
time/env/env/send_rollout_trajectories,10,0.6658938527107239,1789799347.093599,0
time/env/env/send_rollout_trajectories,11,0.667904257774353,1789800315.0198777,0
time/env/env/send_rollout_trajectories,12,0.6757718920707703,1789801323.035192,0
time/env/env/send_rollout_trajectories,13,0.6272983551025391,1789802278.3425539,0
time/env/env/send_rollout_trajectories,14,0.6110059022903442,1789803237.589928,0
time/env/env/send_rollout_trajectories,15,0.6395543217658997,1789804629.3243032,0
time/env/env/send_rollout_trajectories,16,0.6948394775390625,1789805613.3387568,0
time/env/env/send_rollout_trajectories,17,0.6778573393821716,1789806573.5755863,0
time/env/env/send_rollout_trajectories,18,0.6819913983345032,1789807535.140234,0
time/env/env/send_rollout_trajectories,19,0.6537113785743713,1789808504.5183618,0
time/env/env/send_rollout_trajectories,20,0.6744435429573059,1789810001.2056284,0
time/env/env/send_rollout_trajectories,21,0.7294139266014099,1789810981.231407,0
time/env/env/send_rollout_trajectories,22,0.6855593919754028,1789811946.7575448,0
time/env/env/send_rollout_trajectories,23,0.6951698660850525,1789812924.768133,0
time/env/env/send_rollout_trajectories,24,0.6283085346221924,1789813902.6813867,0
time/env/env/send_rollout_trajectories,25,0.65911865234375,1789815267.2184541,0
time/env/env/send_rollout_trajectories,26,0.7169960141181946,1789816231.4716833,0
time/env/env/send_rollout_trajectories,27,0.6803964376449585,1789817216.7320187,0
time/env/env/send_rollout_trajectories,28,0.6622862815856934,1789818222.1478333,0
time/env/env/send_rollout_trajectories,29,0.6802170872688293,1789819216.1551325,0
time/env/env/send_rollout_trajectories,30,0.679597795009613,1789820773.8446085,0
time/env/env/send_rollout_trajectories,31,0.751778244972229,1789821769.9203975,0
time/env/env/send_rollout_trajectories,32,0.7146162986755371,1789822773.6617646,0
time/env/env/send_rollout_trajectories,33,0.7409775257110596,1789823770.7365847,0
time/env/env/send_rollout_trajectories,34,0.6562217473983765,1789824746.2520533,0
time/env/env/send_rollout_trajectories,35,0.7568641304969788,1789826170.4162722,0
time/env/env/send_rollout_trajectories,36,0.8317246437072754,1789827194.6870275,0
time/env/env/send_rollout_trajectories,37,0.8222624659538269,1789828222.468111,0
time/env/env/send_rollout_trajectories,38,0.7843886017799377,1789829234.3752224,0
time/env/env/send_rollout_trajectories,39,0.6694074869155884,1789830254.4399438,0
time/env/env/send_rollout_trajectories,40,0.7482007741928101,1789831783.185951,0
time/env/env/send_rollout_trajectories,41,0.8071038126945496,1789832778.6550834,0
time/env/env/send_rollout_trajectories,42,0.7886736989021301,1789833783.2189834,0
time/env/env/send_rollout_trajectories,43,0.7636370062828064,1789834768.3017104,0
time/env/env/send_rollout_trajectories,44,0.7745290994644165,1789835755.7533522,0
time/env/env/send_rollout_trajectories,45,0.792116641998291,1789837214.2031214,0
time/env/env/send_rollout_trajectories,46,0.8494165539741516,1789838230.7135968,0
time/env/env/send_rollout_trajectories,47,0.7454161047935486,1789839232.057533,0
time/env/env/send_rollout_trajectories,48,0.7399086952209473,1789840234.216333,0
time/env/env/send_rollout_trajectories,49,0.6816166639328003,1789841265.6145413,0
time/env/env/send_rollout_trajectories,50,0.748551070690155,1789842831.005683,0
time/env/env/send_rollout_trajectories,51,0.812435507774353,1789843858.0734344,0
time/env/env/send_rollout_trajectories,52,0.8598608374595642,1789844912.9177227,0
time/env/env/send_rollout_trajectories,53,0.790558397769928,1789845957.913779,0
time/env/env/send_rollout_trajectories,54,0.7440899610519409,1789846991.2799025,0
time/env/env/send_rollout_trajectories,55,0.7276387214660645,1789848482.9988933,0
time/env/env/send_rollout_trajectories,56,0.7188568711280823,1789849527.8652554,0
time/env/env/send_rollout_trajectories,57,0.79803067445755,1789850581.3918357,0
time/env/env/send_rollout_trajectories,58,0.6776658892631531,1789851609.581961,0
time/env/env/send_rollout_trajectories,59,0.7733875513076782,1789852612.3373234,0
time/env/env/send_rollout_trajectories,60,0.7587059736251831,1789854177.1167886,0
time/env/env/send_rollout_trajectories,61,0.8513281941413879,1789855186.4429162,0
time/env/env/send_rollout_trajectories,62,0.7806047201156616,1789856199.3680663,0
time/env/env/send_rollout_trajectories,63,0.7680500149726868,1789857216.4517004,0
time/env/env/send_rollout_trajectories,64,0.7861120700836182,1789858205.6110384,0
time/env/env/send_rollout_trajectories,65,0.7640449404716492,1789859645.1485074,0
time/env/env/send_rollout_trajectories,66,0.8396218419075012,1789860683.653604,0
time/env/env/send_rollout_trajectories,67,0.8299446105957031,1789861698.949611,0
time/env/env/send_rollout_trajectories,68,0.8376707434654236,1789862716.9511778,0
time/env/env/send_rollout_trajectories,69,0.8075476288795471,1789863729.2353191,0
time/env/env/send_rollout_trajectories,70,0.8072720170021057,1789865283.6781397,0
time/env/env/send_rollout_trajectories,71,0.8564068675041199,1789866307.7967641,0
time/env/env/send_rollout_trajectories,72,0.8266790509223938,1789867340.3876932,0
time/env/env/send_rollout_trajectories,73,0.799482524394989,1789868344.8460908,0
time/env/env/send_rollout_trajectories,74,0.7895055413246155,1789869357.6889784,0
time/env/env/send_rollout_trajectories,75,0.8382538557052612,1789870806.4567785,0
time/env/env/send_rollout_trajectories,76,0.8481789827346802,1789871806.4150689,0
time/env/env/send_rollout_trajectories,77,0.8173409700393677,1789872842.3402014,0
time/env/env/send_rollout_trajectories,78,0.8206220865249634,1789873885.4225862,0
time/env/env/send_rollout_trajectories,79,0.8345625400543213,1789874903.9165292,0
time/env/env/send_rollout_trajectories,80,0.8481202721595764,1789876497.7125666,0
time/env/run_interact_once,1,970.17236328125,1789789806.5935314,0
time/env/run_interact_once,2,927.2655029296875,1789790762.7142787,0
time/env/run_interact_once,3,918.275390625,1789791713.1294484,0
time/env/run_interact_once,4,913.12890625,1789792659.5866132,0
time/env/run_interact_once,5,901.7637939453125,1789794005.1016104,0
time/env/run_interact_once,6,937.8130493164062,1789794969.3595304,0
time/env/run_interact_once,7,951.1551513671875,1789795944.0192463,0
time/env/run_interact_once,8,949.0216674804688,1789796916.945136,0
time/env/run_interact_once,9,924.5818481445312,1789797866.6132162,0
time/env/run_interact_once,10,939.46484375,1789799347.0936053,0
time/env/run_interact_once,11,948.7820434570312,1789800315.019888,0
time/env/run_interact_once,12,984.1759033203125,1789801323.0352008,0
time/env/run_interact_once,13,930.5469970703125,1789802278.342562,0
time/env/run_interact_once,14,934.2484130859375,1789803237.5899475,0
time/env/run_interact_once,15,944.6114501953125,1789804629.324322,0
time/env/run_interact_once,16,955.9288940429688,1789805613.338765,0
time/env/run_interact_once,17,935.5739135742188,1789806573.5755942,0
time/env/run_interact_once,18,937.54541015625,1789807535.1402547,0
time/env/run_interact_once,19,945.3051147460938,1789808504.5183682,0
time/env/run_interact_once,20,951.0429077148438,1789810001.2056515,0
time/env/run_interact_once,21,954.088623046875,1789810981.2314143,0
time/env/run_interact_once,22,934.5464477539062,1789811946.757552,0
time/env/run_interact_once,23,952.0948486328125,1789812924.7681456,0
time/env/run_interact_once,24,954.2011108398438,1789813902.6813943,0
time/env/run_interact_once,25,921.8743896484375,1789815267.2184606,0
time/env/run_interact_once,26,944.0982666015625,1789816231.4716914,0
time/env/run_interact_once,27,961.639404296875,1789817216.7320273,0
time/env/run_interact_once,28,970.8327026367188,1789818222.1478417,0
time/env/run_interact_once,29,964.5963134765625,1789819216.1551404,0
time/env/run_interact_once,30,987.0966186523438,1789820773.8446164,0
time/env/run_interact_once,31,975.0131225585938,1789821769.9204085,0
time/env/run_interact_once,32,972.446044921875,1789822773.6617844,0
time/env/run_interact_once,33,972.3073120117188,1789823770.736605,0
time/env/run_interact_once,34,951.2561645507812,1789824746.2520728,0
time/env/run_interact_once,35,958.2944946289062,1789826170.416292,0
time/env/run_interact_once,36,1004.8396606445312,1789827194.6870341,0
time/env/run_interact_once,37,993.4639282226562,1789828222.4681306,0
time/env/run_interact_once,38,989.4025268554688,1789829234.3752482,0
time/env/run_interact_once,39,994.0277709960938,1789830254.4399707,0
time/env/run_interact_once,40,962.2232055664062,1789831783.1859586,0
time/env/run_interact_once,41,966.40283203125,1789832778.6551034,0
time/env/run_interact_once,42,979.13623046875,1789833783.2189906,0
time/env/run_interact_once,43,961.5618896484375,1789834768.3017294,0
time/env/run_interact_once,44,948.8267211914062,1789835755.75336,0
time/env/run_interact_once,45,976.4878540039062,1789837214.2031276,0
time/env/run_interact_once,46,988.0802612304688,1789838230.7136028,0
time/env/run_interact_once,47,977.1155395507812,1789839232.0575411,0
time/env/run_interact_once,48,978.3204956054688,1789840234.216353,0
time/env/run_interact_once,49,1004.0499267578125,1789841265.6145504,0
time/env/run_interact_once,50,997.6077880859375,1789842831.0056908,0
time/env/run_interact_once,51,1007.4759521484375,1789843858.0734534,0
time/env/run_interact_once,52,1021.6296997070312,1789844912.9177418,0
time/env/run_interact_once,53,1020.3900756835938,1789845957.9137864,0
time/env/run_interact_once,54,997.7831420898438,1789846991.2799096,0
time/env/run_interact_once,55,997.2470703125,1789848482.9989007,0
time/env/run_interact_once,56,1023.5919799804688,1789849527.865279,0
time/env/run_interact_once,57,1028.3721923828125,1789850581.391843,0
time/env/run_interact_once,58,994.2911987304688,1789851609.5819669,0
time/env/run_interact_once,59,979.9609375,1789852612.3373313,0
time/env/run_interact_once,60,984.8923950195312,1789854177.1168077,0
time/env/run_interact_once,61,989.52587890625,1789855186.4429235,0
time/env/run_interact_once,62,987.7155151367188,1789856199.3680863,0
time/env/run_interact_once,63,986.9756469726562,1789857216.451712,0
time/env/run_interact_once,64,966.1136474609375,1789858205.611045,0
time/env/run_interact_once,65,958.611328125,1789859645.1485133,0
time/env/run_interact_once,66,1009.1782836914062,1789860683.6536245,0
time/env/run_interact_once,67,989.6412353515625,1789861698.9496186,0
time/env/run_interact_once,68,985.8881225585938,1789862716.951199,0
time/env/run_interact_once,69,989.2723999023438,1789863729.2353287,0
time/env/run_interact_once,70,983.308349609375,1789865283.6781476,0
time/env/run_interact_once,71,1004.6262817382812,1789866307.7967842,0
time/env/run_interact_once,72,1010.241943359375,1789867340.3877008,0
time/env/run_interact_once,73,981.9990234375,1789868344.8461027,0
time/env/run_interact_once,74,989.57568359375,1789869357.6889884,0
time/env/run_interact_once,75,974.4888916015625,1789870806.4567852,0
time/env/run_interact_once,76,980.7213134765625,1789871806.415093,0
time/env/run_interact_once,77,1012.4754028320312,1789872842.3402095,0
time/env/run_interact_once,78,1012.0834350585938,1789873885.422598,0
time/env/run_interact_once,79,995.5623779296875,1789874903.9165368,0
time/env/run_interact_once,80,1018.5604248046875,1789876497.712588,0
time/env/interact,1,970.1725463867188,1789789806.59354,0
time/env/interact,2,927.2655639648438,1789790762.7142863,0
time/env/interact,3,918.2754516601562,1789791713.1294687,0
time/env/interact,4,913.1289672851562,1789792659.586634,0
time/env/interact,5,901.7637939453125,1789794005.1016173,0
time/env/interact,6,937.8131103515625,1789794969.3595371,0
time/env/interact,7,951.1552124023438,1789795944.0192683,0
time/env/interact,8,949.0216674804688,1789796916.945149,0
time/env/interact,9,924.5819091796875,1789797866.6132386,0
time/env/interact,10,939.4649047851562,1789799347.093613,0
time/env/interact,11,948.7822265625,1789800315.019898,0
time/env/interact,12,984.1759643554688,1789801323.0352082,0
time/env/interact,13,930.5470581054688,1789802278.3425703,0
time/env/interact,14,934.2484741210938,1789803237.589967,0
time/env/interact,15,944.611572265625,1789804629.324342,0
time/env/interact,16,955.9290161132812,1789805613.3387728,0
time/env/interact,17,935.573974609375,1789806573.5756025,0
time/env/interact,18,937.5454711914062,1789807535.1402755,0
time/env/interact,19,945.3051147460938,1789808504.5183747,0
time/env/interact,20,951.0429077148438,1789810001.2056825,0
time/env/interact,21,954.0886840820312,1789810981.2314217,0
time/env/interact,22,934.5464477539062,1789811946.7575583,0
time/env/interact,23,952.0948486328125,1789812924.7681577,0
time/env/interact,24,954.201171875,1789813902.681402,0
time/env/interact,25,921.8744506835938,1789815267.2184668,0
time/env/interact,26,944.0983276367188,1789816231.4716997,0
time/env/interact,27,961.6394653320312,1789817216.7320356,0
time/env/interact,28,970.832763671875,1789818222.14785,0
time/env/interact,29,964.5963745117188,1789819216.1551485,0
time/env/interact,30,987.0966796875,1789820773.8446243,0
time/env/interact,31,975.01318359375,1789821769.9204202,0
time/env/interact,32,972.4461059570312,1789822773.661804,0
time/env/interact,33,972.3073120117188,1789823770.736625,0
time/env/interact,34,951.2562255859375,1789824746.252094,0
time/env/interact,35,958.2945556640625,1789826170.4163115,0
time/env/interact,36,1004.8397216796875,1789827194.6870406,0
time/env/interact,37,993.4639892578125,1789828222.4681518,0
time/env/interact,38,989.4025268554688,1789829234.375279,0
time/env/interact,39,994.0277709960938,1789830254.4400105,0
time/env/interact,40,962.2232055664062,1789831783.185966,0
time/env/interact,41,966.4030151367188,1789832778.6551232,0
time/env/interact,42,979.1362915039062,1789833783.2189982,0
time/env/interact,43,961.5618896484375,1789834768.3017502,0
time/env/interact,44,948.8267211914062,1789835755.7533677,0
time/env/interact,45,976.4879150390625,1789837214.203134,0
time/env/interact,46,988.0803833007812,1789838230.7136087,0
time/env/interact,47,977.1156005859375,1789839232.0575492,0
time/env/interact,48,978.320556640625,1789840234.2163737,0
time/env/interact,49,1004.0499877929688,1789841265.6145582,0
time/env/interact,50,997.6077880859375,1789842831.0056984,0
time/env/interact,51,1007.4761352539062,1789843858.0734725,0
time/env/interact,52,1021.6297607421875,1789844912.9177613,0
time/env/interact,53,1020.3901977539062,1789845957.9137945,0
time/env/interact,54,997.783203125,1789846991.2799158,0
time/env/interact,55,997.2471313476562,1789848482.9989085,0
time/env/interact,56,1023.5921630859375,1789849527.8653123,0
time/env/interact,57,1028.3721923828125,1789850581.3918507,0
time/env/interact,58,994.2911987304688,1789851609.581973,0
time/env/interact,59,979.9609985351562,1789852612.3373387,0
time/env/interact,60,984.8924560546875,1789854177.1168282,0
time/env/interact,61,989.5260620117188,1789855186.442931,0
time/env/interact,62,987.715576171875,1789856199.3681076,0
time/env/interact,63,986.9757080078125,1789857216.4517233,0
time/env/interact,64,966.1137084960938,1789858205.6110513,0
time/env/interact,65,958.6113891601562,1789859645.1485198,0
time/env/interact,66,1009.1783447265625,1789860683.653646,0
time/env/interact,67,989.6412353515625,1789861698.9496264,0
time/env/interact,68,985.88818359375,1789862716.9512236,0
time/env/interact,69,989.2723999023438,1789863729.235338,0
time/env/interact,70,983.308349609375,1789865283.678155,0
time/env/interact,71,1004.6263427734375,1789866307.7968066,0
time/env/interact,72,1010.2420043945312,1789867340.387709,0
time/env/interact,73,981.9990844726562,1789868344.8461149,0
time/env/interact,74,989.5757446289062,1789869357.688998,0
time/env/interact,75,974.4889526367188,1789870806.4567916,0
time/env/interact,76,980.7214965820312,1789871806.4151144,0
time/env/interact,77,1012.4754028320312,1789872842.3402174,0
time/env/interact,78,1012.0834350585938,1789873885.4226105,0
time/env/interact,79,995.5624389648438,1789874903.916545,0
time/env/interact,80,1018.5604248046875,1789876497.7126074,0
time/rollout/sync_model_from_actor,1,9.53364372253418,1789789806.593548,0
time/rollout/sync_model_from_actor,2,7.823310375213623,1789790762.7142942,0
time/rollout/sync_model_from_actor,3,8.138136863708496,1789791713.1294887,0
time/rollout/sync_model_from_actor,4,7.798879146575928,1789792659.5866542,0
time/rollout/sync_model_from_actor,5,12.834650993347168,1789794005.102022,0
time/rollout/sync_model_from_actor,6,2.216383934020996,1789794969.359544,0
time/rollout/sync_model_from_actor,7,6.267512321472168,1789795944.019288,0
time/rollout/sync_model_from_actor,8,6.453601837158203,1789796916.9451618,0
time/rollout/sync_model_from_actor,9,7.084461688995361,1789797866.6132598,0
time/rollout/sync_model_from_actor,10,12.255773544311523,1789799347.0941293,0
time/rollout/sync_model_from_actor,11,1.7909048795700073,1789800315.0199082,0
time/rollout/sync_model_from_actor,12,6.2098188400268555,1789801323.0352166,0
time/rollout/sync_model_from_actor,13,6.885913848876953,1789802278.3425784,0
time/rollout/sync_model_from_actor,14,7.062383651733398,1789803237.5899878,0
time/rollout/sync_model_from_actor,15,13.358682632446289,1789804629.324894,0
time/rollout/sync_model_from_actor,16,1.9969558715820312,1789805613.3387809,0
time/rollout/sync_model_from_actor,17,6.6861982345581055,1789806573.5756097,0
time/rollout/sync_model_from_actor,18,6.440680503845215,1789807535.1402967,0
time/rollout/sync_model_from_actor,19,6.486741065979004,1789808504.5183816,0
time/rollout/sync_model_from_actor,20,11.846439361572266,1789810001.2062504,0
time/rollout/sync_model_from_actor,21,2.014204740524292,1789810981.2314296,0
time/rollout/sync_model_from_actor,22,6.094394683837891,1789811946.7575657,0
time/rollout/sync_model_from_actor,23,5.517813682556152,1789812924.7681706,0
time/rollout/sync_model_from_actor,24,6.31568717956543,1789813902.6814096,0
time/rollout/sync_model_from_actor,25,12.125716209411621,1789815267.2186992,0
time/rollout/sync_model_from_actor,26,2.033067464828491,1789816231.4717073,0
time/rollout/sync_model_from_actor,27,5.942165851593018,1789817216.7320433,0
time/rollout/sync_model_from_actor,28,6.958109378814697,1789818222.1478581,0
time/rollout/sync_model_from_actor,29,5.952475547790527,1789819216.1551569,0
time/rollout/sync_model_from_actor,30,11.882265090942383,1789820773.845166,0
time/rollout/sync_model_from_actor,31,1.984576940536499,1789821769.920431,0
time/rollout/sync_model_from_actor,32,6.570525169372559,1789822773.661824,0
time/rollout/sync_model_from_actor,33,6.370412349700928,1789823770.7366452,0
time/rollout/sync_model_from_actor,34,5.632840156555176,1789824746.252115,0
time/rollout/sync_model_from_actor,35,12.79465389251709,1789826170.416847,0
time/rollout/sync_model_from_actor,36,1.9916470050811768,1789827194.687047,0
time/rollout/sync_model_from_actor,37,6.022693634033203,1789828222.4681716,0
time/rollout/sync_model_from_actor,38,5.755572319030762,1789829234.375301,0
time/rollout/sync_model_from_actor,39,6.221072196960449,1789830254.4400322,0
time/rollout/sync_model_from_actor,40,12.112741470336914,1789831783.1863308,0
time/rollout/sync_model_from_actor,41,2.010436534881592,1789832778.6551425,0
time/rollout/sync_model_from_actor,42,6.994547367095947,1789833783.2190053,0
time/rollout/sync_model_from_actor,43,6.574488639831543,1789834768.30177,0
time/rollout/sync_model_from_actor,44,7.251908779144287,1789835755.753376,0
time/rollout/sync_model_from_actor,45,12.267583847045898,1789837214.2033112,0
time/rollout/sync_model_from_actor,46,1.91184663772583,1789838230.7136152,0
time/rollout/sync_model_from_actor,47,6.8497467041015625,1789839232.0575573,0
time/rollout/sync_model_from_actor,48,6.620968818664551,1789840234.2163937,0
time/rollout/sync_model_from_actor,49,5.844417095184326,1789841265.6145658,0
time/rollout/sync_model_from_actor,50,12.3009033203125,1789842831.0059981,0
time/rollout/sync_model_from_actor,51,2.137321710586548,1789843858.0734937,0
time/rollout/sync_model_from_actor,52,6.407459259033203,1789844912.9177816,0
time/rollout/sync_model_from_actor,53,6.619520664215088,1789845957.9138024,0
time/rollout/sync_model_from_actor,54,6.623532772064209,1789846991.2799225,0
time/rollout/sync_model_from_actor,55,12.7255220413208,1789848482.9990997,0
time/rollout/sync_model_from_actor,56,2.148838996887207,1789849527.8653333,0
time/rollout/sync_model_from_actor,57,6.088902473449707,1789850581.3918593,0
time/rollout/sync_model_from_actor,58,6.5022969245910645,1789851609.58198,0
time/rollout/sync_model_from_actor,59,5.393738269805908,1789852612.3373466,0
time/rollout/sync_model_from_actor,60,12.507328987121582,1789854177.1170905,0
time/rollout/sync_model_from_actor,61,2.1277313232421875,1789855186.4429386,0
time/rollout/sync_model_from_actor,62,6.845974922180176,1789856199.36813,0
time/rollout/sync_model_from_actor,63,5.742646217346191,1789857216.4517348,0
time/rollout/sync_model_from_actor,64,5.913707256317139,1789858205.611057,0
time/rollout/sync_model_from_actor,65,12.116124153137207,1789859645.1487076,0
time/rollout/sync_model_from_actor,66,2.0446295738220215,1789860683.653666,0
time/rollout/sync_model_from_actor,67,6.025854110717773,1789861698.9496338,0
time/rollout/sync_model_from_actor,68,6.37721061706543,1789862716.9512458,0
time/rollout/sync_model_from_actor,69,6.185148239135742,1789863729.2353473,0
time/rollout/sync_model_from_actor,70,12.136664390563965,1789865283.6785128,0
time/rollout/sync_model_from_actor,71,2.0092573165893555,1789866307.7968278,0
time/rollout/sync_model_from_actor,72,5.56749963760376,1789867340.3877165,0
time/rollout/sync_model_from_actor,73,5.760122299194336,1789868344.846128,0
time/rollout/sync_model_from_actor,74,5.758053302764893,1789869357.6890066,0
time/rollout/sync_model_from_actor,75,12.168941497802734,1789870806.4570954,0
time/rollout/sync_model_from_actor,76,1.889719009399414,1789871806.4151344,0
time/rollout/sync_model_from_actor,77,6.152207851409912,1789872842.340225,0
time/rollout/sync_model_from_actor,78,5.9384846687316895,1789873885.422623,0
time/rollout/sync_model_from_actor,79,6.121786594390869,1789874903.9165533,0
time/rollout/sync_model_from_actor,80,12.314346313476562,1789876497.713143,0
time/rollout/predict,1,16.209962844848633,1789789806.5937636,0
time/rollout/predict,2,8.799674034118652,1789790762.7146125,0
time/rollout/predict,3,7.3645830154418945,1789791713.1301832,0
time/rollout/predict,4,12.286520957946777,1789792659.5872009,0
time/rollout/predict,5,15.458304405212402,1789794005.1020315,0
time/rollout/predict,6,10.587118148803711,1789794969.3597472,0
time/rollout/predict,7,19.11234474182129,1789795944.0195951,0
time/rollout/predict,8,14.581584930419922,1789796916.9454107,0
time/rollout/predict,9,13.012250900268555,1789797866.613521,0
time/rollout/predict,10,14.656344413757324,1789799347.0941377,0
time/rollout/predict,11,21.3510799407959,1789800315.0204864,0
time/rollout/predict,12,16.449167251586914,1789801323.0355272,0
time/rollout/predict,13,7.4004106521606445,1789802278.3428092,0
time/rollout/predict,14,21.741186141967773,1789803237.5905423,0
time/rollout/predict,15,9.458900451660156,1789804629.3249173,0
time/rollout/predict,16,11.833662033081055,1789805613.3390195,0
time/rollout/predict,17,7.3463263511657715,1789806573.5761435,0
time/rollout/predict,18,12.809206008911133,1789807535.14056,0
time/rollout/predict,19,7.332752704620361,1789808504.518617,0
time/rollout/predict,20,21.077762603759766,1789810001.2062724,0
time/rollout/predict,21,15.775124549865723,1789810981.2319386,0
time/rollout/predict,22,7.440715789794922,1789811946.757777,0
time/rollout/predict,23,7.296051979064941,1789812924.7684948,0
time/rollout/predict,24,13.269537925720215,1789813902.6816382,0
time/rollout/predict,25,9.379112243652344,1789815267.2187057,0
time/rollout/predict,26,14.968964576721191,1789816231.4719505,0
time/rollout/predict,27,13.6420316696167,1789817216.732281,0
time/rollout/predict,28,7.43051815032959,1789818222.1481318,0
time/rollout/predict,29,7.367285251617432,1789819216.1556563,0
time/rollout/predict,30,20.294536590576172,1789820773.8451753,0
time/rollout/predict,31,17.018152236938477,1789821769.9208615,0
time/rollout/predict,32,14.189462661743164,1789822773.6620717,0
time/rollout/predict,33,17.719676971435547,1789823770.7371893,0
time/rollout/predict,34,14.259859085083008,1789824746.2527504,0
time/rollout/predict,35,9.388566017150879,1789826170.4168699,0
time/rollout/predict,36,7.290605545043945,1789827194.6872954,0
time/rollout/predict,37,7.333000659942627,1789828222.4683998,0
time/rollout/predict,38,29.0863094329834,1789829234.3755023,0
time/rollout/predict,39,12.83752155303955,1789830254.4405572,0
time/rollout/predict,40,9.396754264831543,1789831783.1863391,0
time/rollout/predict,41,16.224546432495117,1789832778.6555014,0
time/rollout/predict,42,7.367902755737305,1789833783.219214,0
time/rollout/predict,43,7.276326656341553,1789834768.302115,0
time/rollout/predict,44,14.985482215881348,1789835755.7536974,0
time/rollout/predict,45,29.637237548828125,1789837214.2033176,0
time/rollout/predict,46,7.404961109161377,1789838230.7138014,0
time/rollout/predict,47,17.883813858032227,1789839232.057819,0
time/rollout/predict,48,15.98277473449707,1789840234.216636,0
time/rollout/predict,49,16.33009147644043,1789841265.6150475,0
time/rollout/predict,50,9.61289119720459,1789842831.0060062,0
time/rollout/predict,51,7.3062005043029785,1789843858.0738451,0
time/rollout/predict,52,19.794574737548828,1789844912.918014,0
time/rollout/predict,53,30.133337020874023,1789845957.914121,0
time/rollout/predict,54,14.835801124572754,1789846991.2802272,0
time/rollout/predict,55,32.35953903198242,1789848482.9991076,0
time/rollout/predict,56,13.426422119140625,1789849527.8658893,0
time/rollout/predict,57,7.3652825355529785,1789850581.3920767,0
time/rollout/predict,58,28.048551559448242,1789851609.5821598,0
time/rollout/predict,59,7.2822980880737305,1789852612.3375216,0
time/rollout/predict,60,33.782867431640625,1789854177.1171114,0
time/rollout/predict,61,26.019433975219727,1789855186.443142,0
time/rollout/predict,62,7.212341785430908,1789856199.3684716,0
time/rollout/predict,63,14.829972267150879,1789857216.452253,0
time/rollout/predict,64,7.266383647918701,1789858205.61135,0
time/rollout/predict,65,35.538246154785156,1789859645.148714,0
time/rollout/predict,66,14.816670417785645,1789860683.6539643,0
time/rollout/predict,67,7.192797660827637,1789861698.9498434,0
time/rollout/predict,68,7.298746585845947,1789862716.9514492,0
time/rollout/predict,69,25.20879364013672,1789863729.2356932,0
time/rollout/predict,70,9.35027027130127,1789865283.6785252,0
time/rollout/predict,71,22.53702735900879,1789866307.7970324,0
time/rollout/predict,72,14.927240371704102,1789867340.3878963,0
time/rollout/predict,73,18.685386657714844,1789868344.8463464,0
time/rollout/predict,74,16.067174911499023,1789869357.689554,0
time/rollout/predict,75,13.991565704345703,1789870806.457106,0
time/rollout/predict,76,27.973325729370117,1789871806.415652,0
time/rollout/predict,77,7.3028035163879395,1789872842.3404388,0
time/rollout/predict,78,7.273083209991455,1789873885.4228349,0
time/rollout/predict,79,7.328370094299316,1789874903.916759,0
time/rollout/predict,80,9.388739585876465,1789876497.7131646,0
time/rollout/generate_one_epoch,1,965.7686767578125,1789789806.5937726,0
time/rollout/generate_one_epoch,2,923.7503051757812,1789790762.7146366,0
time/rollout/generate_one_epoch,3,914.7377319335938,1789791713.1302402,0
time/rollout/generate_one_epoch,4,910.8651733398438,1789792659.5872257,0
time/rollout/generate_one_epoch,5,897.8651123046875,1789794005.1020384,0
time/rollout/generate_one_epoch,6,934.0040893554688,1789794969.3597558,0
time/rollout/generate_one_epoch,7,948.4931030273438,1789795944.0196183,0
time/rollout/generate_one_epoch,8,947.0119018554688,1789796916.9454257,0
time/rollout/generate_one_epoch,9,920.9479370117188,1789797866.6135433,0
time/rollout/generate_one_epoch,10,935.859619140625,1789799347.0941443,0
time/rollout/generate_one_epoch,11,944.8715209960938,1789800315.02051,0
time/rollout/generate_one_epoch,12,980.5174560546875,1789801323.0355353,0
time/rollout/generate_one_epoch,13,927.5697631835938,1789802278.342819,0
time/rollout/generate_one_epoch,14,931.0885620117188,1789803237.5905638,0
time/rollout/generate_one_epoch,15,940.6302490234375,1789804629.324938,0
time/rollout/generate_one_epoch,16,951.9287719726562,1789805613.3390293,0
time/rollout/generate_one_epoch,17,931.9556274414062,1789806573.576154,0
time/rollout/generate_one_epoch,18,934.8056030273438,1789807535.1405826,0
time/rollout/generate_one_epoch,19,941.6309204101562,1789808504.518625,0
time/rollout/generate_one_epoch,20,947.5208740234375,1789810001.2062924,0
time/rollout/generate_one_epoch,21,950.253662109375,1789810981.2319663,0
time/rollout/generate_one_epoch,22,931.8944091796875,1789811946.7577848,0
time/rollout/generate_one_epoch,23,949.4825439453125,1789812924.768508,0
time/rollout/generate_one_epoch,24,951.9810180664062,1789813902.6816535,0
time/rollout/generate_one_epoch,25,919.6121215820312,1789815267.2187128,0
time/rollout/generate_one_epoch,26,940.0708618164062,1789816231.4719605,0
time/rollout/generate_one_epoch,27,959.5801391601562,1789817216.732291,0
time/rollout/generate_one_epoch,28,968.4152221679688,1789818222.1481454,0
time/rollout/generate_one_epoch,29,961.8603515625,1789819216.155666,0
time/rollout/generate_one_epoch,30,984.5134887695312,1789820773.8451838,0
time/rollout/generate_one_epoch,31,971.3843994140625,1789821769.920888,0
time/rollout/generate_one_epoch,32,970.4645385742188,1789822773.662097,0
time/rollout/generate_one_epoch,33,969.4454345703125,1789823770.737211,0
time/rollout/generate_one_epoch,34,948.6262817382812,1789824746.2527785,0
time/rollout/generate_one_epoch,35,955.4613647460938,1789826170.4168906,0
time/rollout/generate_one_epoch,36,1000.9546508789062,1789827194.6873028,0
time/rollout/generate_one_epoch,37,991.1204833984375,1789828222.4684212,0
time/rollout/generate_one_epoch,38,986.7105712890625,1789829234.3755238,0
time/rollout/generate_one_epoch,39,991.5120849609375,1789830254.4405777,0
time/rollout/generate_one_epoch,40,960.1630249023438,1789831783.186347,0
time/rollout/generate_one_epoch,41,962.6583862304688,1789832778.6555235,0
time/rollout/generate_one_epoch,42,976.907958984375,1789833783.2192223,0
time/rollout/generate_one_epoch,43,959.1550903320312,1789834768.302135,0
time/rollout/generate_one_epoch,44,946.041259765625,1789835755.753706,0
time/rollout/generate_one_epoch,45,973.49853515625,1789837214.203324,0
time/rollout/generate_one_epoch,46,983.767822265625,1789838230.7138093,0
time/rollout/generate_one_epoch,47,975.0523681640625,1789839232.057828,0
time/rollout/generate_one_epoch,48,975.9879760742188,1789840234.2166553,0
time/rollout/generate_one_epoch,49,1001.9011840820312,1789841265.6150563,0
time/rollout/generate_one_epoch,50,995.4032592773438,1789842831.0060143,0
time/rollout/generate_one_epoch,51,1004.1563720703125,1789843858.0738661,0
time/rollout/generate_one_epoch,52,1018.849609375,1789844912.9180343,0
time/rollout/generate_one_epoch,53,1017.9512329101562,1789845957.9141297,0
time/rollout/generate_one_epoch,54,995.0147705078125,1789846991.2802336,0
time/rollout/generate_one_epoch,55,994.7747802734375,1789848482.9991152,0
time/rollout/generate_one_epoch,56,1019.9889526367188,1789849527.8659108,0
time/rollout/generate_one_epoch,57,1026.245361328125,1789850581.3920853,0
time/rollout/generate_one_epoch,58,992.3233032226562,1789851609.5821667,0
time/rollout/generate_one_epoch,59,977.6984252929688,1789852612.3375301,0
time/rollout/generate_one_epoch,60,982.1806030273438,1789854177.1171315,0
time/rollout/generate_one_epoch,61,985.7484130859375,1789855186.4431508,0
time/rollout/generate_one_epoch,62,985.4515991210938,1789856199.368492,0
time/rollout/generate_one_epoch,63,984.5140380859375,1789857216.4522655,0
time/rollout/generate_one_epoch,64,963.9539184570312,1789858205.6113744,0
time/rollout/generate_one_epoch,65,956.654052734375,1789859645.14872,0
time/rollout/generate_one_epoch,66,1006.1633911132812,1789860683.653986,0
time/rollout/generate_one_epoch,67,986.605712890625,1789861698.949852,0
time/rollout/generate_one_epoch,68,983.8242797851562,1789862716.9514709,0
time/rollout/generate_one_epoch,69,987.32080078125,1789863729.2357085,0
time/rollout/generate_one_epoch,70,981.3331909179688,1789865283.6785367,0
time/rollout/generate_one_epoch,71,1001.3142700195312,1789866307.7970545,0
time/rollout/generate_one_epoch,72,1007.640625,1789867340.3879056,0
time/rollout/generate_one_epoch,73,979.6530151367188,1789868344.8463585,0
time/rollout/generate_one_epoch,74,987.5155639648438,1789869357.6895733,0
time/rollout/generate_one_epoch,75,972.323486328125,1789870806.4571142,0
time/rollout/generate_one_epoch,76,977.9569091796875,1789871806.4156728,0
time/rollout/generate_one_epoch,77,1010.191162109375,1789872842.340448,0
time/rollout/generate_one_epoch,78,1009.7811889648438,1789873885.4228473,0
time/rollout/generate_one_epoch,79,993.2510375976562,1789874903.916768,0
time/rollout/generate_one_epoch,80,1016.083984375,1789876497.7131855,0
time/rollout/rollout/generate,1,974.0924682617188,1789789806.593781,0
time/rollout/rollout/generate,2,930.8861694335938,1789790762.714647,0
time/rollout/rollout/generate,3,921.3890991210938,1789791713.1302683,0
time/rollout/rollout/generate,4,916.6310424804688,1789792659.5872476,0
time/rollout/rollout/generate,5,905.39453125,1789794005.1020458,0
time/rollout/rollout/generate,6,947.7553100585938,1789794969.359763,0
time/rollout/rollout/generate,7,954.2794799804688,1789795944.0196395,0
time/rollout/rollout/generate,8,952.437255859375,1789796916.9454389,0
time/rollout/rollout/generate,9,927.762451171875,1789797866.6135712,0
time/rollout/rollout/generate,10,942.6627807617188,1789799347.0941513,0
time/rollout/rollout/generate,11,952.0650024414062,1789800315.0205235,0
time/rollout/rollout/generate,12,987.4669189453125,1789801323.0355434,0
time/rollout/rollout/generate,13,934.0865478515625,1789802278.3428273,0
time/rollout/rollout/generate,14,937.9024658203125,1789803237.5905843,0
time/rollout/rollout/generate,15,948.170654296875,1789804629.3249595,0
time/rollout/rollout/generate,16,959.3095092773438,1789805613.3390374,0
time/rollout/rollout/generate,17,938.9147338867188,1789806573.5761638,0
time/rollout/rollout/generate,18,941.0427856445312,1789807535.1406033,0
time/rollout/rollout/generate,19,948.701171875,1789808504.518632,0
time/rollout/rollout/generate,20,954.4871215820312,1789810001.206314,0
time/rollout/rollout/generate,21,957.50537109375,1789810981.2319782,0
time/rollout/rollout/generate,22,938.040771484375,1789811946.757792,0
time/rollout/rollout/generate,23,955.3002319335938,1789812924.76852,0
time/rollout/rollout/generate,24,957.5537719726562,1789813902.6816616,0
time/rollout/rollout/generate,25,925.0023803710938,1789815267.2187195,0
time/rollout/rollout/generate,26,947.690185546875,1789816231.4719694,0
time/rollout/rollout/generate,27,965.1726684570312,1789817216.7322993,0
time/rollout/rollout/generate,28,974.3334350585938,1789818222.1481576,0
time/rollout/rollout/generate,29,969.2161865234375,1789819216.1556745,0
time/rollout/rollout/generate,30,991.9451904296875,1789820773.845192,0
time/rollout/rollout/generate,31,979.37890625,1789821769.9209013,0
time/rollout/rollout/generate,32,975.4474487304688,1789822773.662119,0
time/rollout/rollout/generate,33,977.113525390625,1789823770.7372317,0
time/rollout/rollout/generate,34,955.562255859375,1789824746.2527907,0
time/rollout/rollout/generate,35,961.4678344726562,1789826170.4169106,0
time/rollout/rollout/generate,36,1008.1442260742188,1789827194.6873093,0
time/rollout/rollout/generate,37,996.819580078125,1789828222.4684415,0
time/rollout/rollout/generate,38,992.2954711914062,1789829234.3755445,0
time/rollout/rollout/generate,39,997.3977661132812,1789830254.440598,0
time/rollout/rollout/generate,40,965.4280395507812,1789831783.1863546,0
time/rollout/rollout/generate,41,969.6422119140625,1789832778.6555445,0
time/rollout/rollout/generate,42,982.5435180664062,1789833783.2192297,0
time/rollout/rollout/generate,43,964.4671630859375,1789834768.302156,0
time/rollout/rollout/generate,44,951.997314453125,1789835755.7537136,0
time/rollout/rollout/generate,45,979.5859985351562,1789837214.2033303,0
time/rollout/rollout/generate,46,991.0786743164062,1789838230.7138157,0
time/rollout/rollout/generate,47,980.17626953125,1789839232.057836,0
time/rollout/rollout/generate,48,981.7079467773438,1789840234.216676,0
time/rollout/rollout/generate,49,1007.328125,1789841265.6150641,0
time/rollout/rollout/generate,50,1001.0315551757812,1789842831.0060227,0
time/rollout/rollout/generate,51,1010.7269897460938,1789843858.0738873,0
time/rollout/rollout/generate,52,1026.1923828125,1789844912.918056,0
time/rollout/rollout/generate,53,1023.6920776367188,1789845957.9141376,0
time/rollout/rollout/generate,54,1000.98095703125,1789846991.2802398,0
time/rollout/rollout/generate,55,1000.2573852539062,1789848482.9991226,0
time/rollout/rollout/generate,56,1026.505859375,1789849527.8659341,0
time/rollout/rollout/generate,57,1031.741455078125,1789850581.3920932,0
time/rollout/rollout/generate,58,997.74267578125,1789851609.5821733,0
time/rollout/rollout/generate,59,983.2994384765625,1789852612.3375375,0
time/rollout/rollout/generate,60,988.1932373046875,1789854177.1171515,0
time/rollout/rollout/generate,61,992.6060180664062,1789855186.443159,0
time/rollout/rollout/generate,62,990.71533203125,1789856199.368512,0
time/rollout/rollout/generate,63,990.3717651367188,1789857216.4522767,0
time/rollout/rollout/generate,64,969.3906860351562,1789858205.6113868,0
time/rollout/rollout/generate,65,961.4584350585938,1789859645.1487262,0
time/rollout/rollout/generate,66,1012.55419921875,1789860683.6540072,0
time/rollout/rollout/generate,67,992.9095458984375,1789861698.94986,0
time/rollout/rollout/generate,68,989.1513671875,1789862716.951491,0
time/rollout/rollout/generate,69,992.2227783203125,1789863729.23572,0
time/rollout/rollout/generate,70,986.5458374023438,1789865283.67855,0
time/rollout/rollout/generate,71,1007.4693603515625,1789866307.7970748,0
time/rollout/rollout/generate,72,1013.1580810546875,1789867340.3879135,0
time/rollout/rollout/generate,73,984.828857421875,1789868344.8463693,0
time/rollout/rollout/generate,74,992.8411865234375,1789869357.6895862,0
time/rollout/rollout/generate,75,977.4912719726562,1789870806.4571207,0
time/rollout/rollout/generate,76,983.8509521484375,1789871806.415694,0
time/rollout/rollout/generate,77,1015.7376098632812,1789872842.340456,0
time/rollout/rollout/generate,78,1014.9750366210938,1789873885.4228594,0
time/rollout/rollout/generate,79,998.674072265625,1789874903.9167764,0
time/rollout/rollout/generate,80,1021.8673095703125,1789876497.7132058,0
time/actor/actor/sync_model_to_rollout,1,10.667719841003418,1789789806.593789,0
time/actor/actor/sync_model_to_rollout,2,3.0224926471710205,1789790762.7146556,0
time/actor/actor/sync_model_to_rollout,3,3.5392415523529053,1789791713.1302922,0
time/actor/actor/sync_model_to_rollout,4,3.0047075748443604,1789792659.5872686,0
time/actor/actor/sync_model_to_rollout,5,6.017914772033691,1789794005.10206,0
time/actor/actor/sync_model_to_rollout,6,2.3891379833221436,1789794969.3597703,0
time/actor/actor/sync_model_to_rollout,7,2.672184705734253,1789795944.01966,0
time/actor/actor/sync_model_to_rollout,8,2.8840160369873047,1789796916.9454515,0
time/actor/actor/sync_model_to_rollout,9,2.995100259780884,1789797866.6135907,0
time/actor/actor/sync_model_to_rollout,10,6.028863906860352,1789799347.0941648,0
time/actor/actor/sync_model_to_rollout,11,1.9361112117767334,1789800315.0205352,0
time/actor/actor/sync_model_to_rollout,12,2.970820426940918,1789801323.0355518,0
time/actor/actor/sync_model_to_rollout,13,2.9973719120025635,1789802278.3428357,0
time/actor/actor/sync_model_to_rollout,14,3.200615406036377,1789803237.5906055,0
time/actor/actor/sync_model_to_rollout,15,5.44541072845459,1789804629.3250015,0
time/actor/actor/sync_model_to_rollout,16,2.0768883228302,1789805613.3390462,0
time/actor/actor/sync_model_to_rollout,17,2.915428400039673,1789806573.576172,0
time/actor/actor/sync_model_to_rollout,18,2.9689459800720215,1789807535.1406243,0
time/actor/actor/sync_model_to_rollout,19,2.8585762977600098,1789808504.5186381,0
time/actor/actor/sync_model_to_rollout,20,5.761990070343018,1789810001.2063549,0
time/actor/actor/sync_model_to_rollout,21,2.0965585708618164,1789810981.2329977,0
time/actor/actor/sync_model_to_rollout,22,3.269838571548462,1789811946.7577987,0
time/actor/actor/sync_model_to_rollout,23,2.779676675796509,1789812924.7685323,0
time/actor/actor/sync_model_to_rollout,24,2.9361085891723633,1789813902.6816697,0
time/actor/actor/sync_model_to_rollout,25,5.749300003051758,1789815267.2187326,0
time/actor/actor/sync_model_to_rollout,26,2.145648241043091,1789816231.4719777,0
time/actor/actor/sync_model_to_rollout,27,2.85801362991333,1789817216.7323072,0
time/actor/actor/sync_model_to_rollout,28,3.246081829071045,1789818222.148171,0
time/actor/actor/sync_model_to_rollout,29,2.7925727367401123,1789819216.1556826,0
time/actor/actor/sync_model_to_rollout,30,5.850519180297852,1789820773.8452082,0
time/actor/actor/sync_model_to_rollout,31,2.100943088531494,1789821769.9209108,0
time/actor/actor/sync_model_to_rollout,32,3.227860450744629,1789822773.6621408,0
time/actor/actor/sync_model_to_rollout,33,2.951815605163574,1789823770.7372537,0
time/actor/actor/sync_model_to_rollout,34,2.6493418216705322,1789824746.2528002,0
time/actor/actor/sync_model_to_rollout,35,5.893587589263916,1789826170.4169536,0
time/actor/actor/sync_model_to_rollout,36,2.144418478012085,1789827194.6873155,0
time/actor/actor/sync_model_to_rollout,37,2.946061134338379,1789828222.4684613,0
time/actor/actor/sync_model_to_rollout,38,2.815890073776245,1789829234.3755658,0
time/actor/actor/sync_model_to_rollout,39,2.8451366424560547,1789830254.4406183,0
time/actor/actor/sync_model_to_rollout,40,5.8315582275390625,1789831783.18637,0
time/actor/actor/sync_model_to_rollout,41,2.132507085800171,1789832778.6555648,0
time/actor/actor/sync_model_to_rollout,42,3.5502591133117676,1789833783.2192378,0
time/actor/actor/sync_model_to_rollout,43,3.4151413440704346,1789834768.302177,0
time/actor/actor/sync_model_to_rollout,44,3.661370277404785,1789835755.7537217,0
time/actor/actor/sync_model_to_rollout,45,5.573205471038818,1789837214.2033427,0
time/actor/actor/sync_model_to_rollout,46,2.005890369415283,1789838230.7138226,0
time/actor/actor/sync_model_to_rollout,47,2.6918649673461914,1789839232.057844,0
time/actor/actor/sync_model_to_rollout,48,2.7893033027648926,1789840234.2166958,0
time/actor/actor/sync_model_to_rollout,49,2.6447534561157227,1789841265.615072,0
time/actor/actor/sync_model_to_rollout,50,5.774973392486572,1789842831.0060382,0
time/actor/actor/sync_model_to_rollout,51,2.2848093509674072,1789843858.0739067,0
time/actor/actor/sync_model_to_rollout,52,2.811485767364502,1789844912.9180765,0
time/actor/actor/sync_model_to_rollout,53,2.7936298847198486,1789845957.914146,0
time/actor/actor/sync_model_to_rollout,54,3.0560038089752197,1789846991.2802465,0
time/actor/actor/sync_model_to_rollout,55,5.446501731872559,1789848482.999138,0
time/actor/actor/sync_model_to_rollout,56,2.1576180458068848,1789849527.8659544,0
time/actor/actor/sync_model_to_rollout,57,2.9976842403411865,1789850581.392101,0
time/actor/actor/sync_model_to_rollout,58,3.208160638809204,1789851609.5821805,0
time/actor/actor/sync_model_to_rollout,59,2.53739595413208,1789852612.3375456,0
time/actor/actor/sync_model_to_rollout,60,5.846928596496582,1789854177.1171954,0
time/actor/actor/sync_model_to_rollout,61,2.2533671855926514,1789855186.4431672,0
time/actor/actor/sync_model_to_rollout,62,3.458554744720459,1789856199.3685315,0
time/actor/actor/sync_model_to_rollout,63,2.8223655223846436,1789857216.452288,0
time/actor/actor/sync_model_to_rollout,64,2.701890230178833,1789858205.6113994,0
time/actor/actor/sync_model_to_rollout,65,5.866767406463623,1789859645.14874,0
time/actor/actor/sync_model_to_rollout,66,2.2088241577148438,1789860683.654029,0
time/actor/actor/sync_model_to_rollout,67,2.891537666320801,1789861698.9498677,0
time/actor/actor/sync_model_to_rollout,68,3.5638411045074463,1789862716.9515107,0
time/actor/actor/sync_model_to_rollout,69,2.864786386489868,1789863729.2357302,0
time/actor/actor/sync_model_to_rollout,70,5.508813381195068,1789865283.6785746,0
time/actor/actor/sync_model_to_rollout,71,2.1605451107025146,1789866307.797095,0
time/actor/actor/sync_model_to_rollout,72,2.7112460136413574,1789867340.3879273,0
time/actor/actor/sync_model_to_rollout,73,2.6833646297454834,1789868344.8463805,0
time/actor/actor/sync_model_to_rollout,74,3.079960584640503,1789869357.6895971,0
time/actor/actor/sync_model_to_rollout,75,5.657110214233398,1789870806.4571338,0
time/actor/actor/sync_model_to_rollout,76,2.043013572692871,1789871806.4157138,0
time/actor/actor/sync_model_to_rollout,77,2.7999212741851807,1789872842.3404644,0
time/actor/actor/sync_model_to_rollout,78,3.0829262733459473,1789873885.4228714,0
time/actor/actor/sync_model_to_rollout,79,2.5984528064727783,1789874903.9167843,0
time/actor/actor/sync_model_to_rollout,80,5.96237325668335,1789876497.713247,0
time/actor/actor/recv_traj,1,971.4722900390625,1789789806.5937982,0
time/actor/actor/recv_traj,2,927.7816772460938,1789790762.714664,0
time/actor/actor/recv_traj,3,918.9487915039062,1789791713.1303225,0
time/actor/actor/recv_traj,4,913.6500244140625,1789792659.587289,0
time/actor/actor/recv_traj,5,902.4472045898438,1789794005.102067,0
time/actor/actor/recv_traj,6,938.4461669921875,1789794969.3597775,0
time/actor/actor/recv_traj,7,951.6109619140625,1789795944.0196798,0
time/actor/actor/recv_traj,8,949.6200561523438,1789796916.9454637,0
time/actor/actor/recv_traj,9,925.226318359375,1789797866.6136115,0
time/actor/actor/recv_traj,10,939.9474487304688,1789799347.0941713,0
time/actor/actor/recv_traj,11,949.2742309570312,1789800315.0205462,0
time/actor/actor/recv_traj,12,984.716064453125,1789801323.0355601,0
time/actor/actor/recv_traj,13,931.1660766601562,1789802278.3428445,0
time/actor/actor/recv_traj,14,935.0205688476562,1789803237.5906258,0
time/actor/actor/recv_traj,15,945.1094970703125,1789804629.325021,0
time/actor/actor/recv_traj,16,956.63232421875,1789805613.339054,0
time/actor/actor/recv_traj,17,936.14208984375,1789806573.5761795,0
time/actor/actor/recv_traj,18,938.1095581054688,1789807535.1406443,0
time/actor/actor/recv_traj,19,945.928466796875,1789808504.5186443,0
time/actor/actor/recv_traj,20,951.6014404296875,1789810001.2063754,0
time/actor/actor/recv_traj,21,954.703369140625,1789810981.2331574,0
time/actor/actor/recv_traj,22,935.0724487304688,1789811946.7578056,0
time/actor/actor/recv_traj,23,952.5540161132812,1789812924.7685435,0
time/actor/actor/recv_traj,24,954.71728515625,1789813902.6816778,0
time/actor/actor/recv_traj,25,922.4197387695312,1789815267.218739,0
time/actor/actor/recv_traj,26,944.8855590820312,1789816231.4719977,0
time/actor/actor/recv_traj,27,962.2507934570312,1789817216.732315,0
time/actor/actor/recv_traj,28,971.49462890625,1789818222.148182,0
time/actor/actor/recv_traj,29,965.2367553710938,1789819216.155691,0
time/actor/actor/recv_traj,30,987.8447875976562,1789820773.8452158,0
time/actor/actor/recv_traj,31,975.6072998046875,1789821769.9209225,0
time/actor/actor/recv_traj,32,973.0791625976562,1789822773.6621614,0
time/actor/actor/recv_traj,33,972.9813232421875,1789823770.737274,0
time/actor/actor/recv_traj,34,951.72265625,1789824746.2528095,0
time/actor/actor/recv_traj,35,958.8735961914062,1789826170.4169734,0
time/actor/actor/recv_traj,36,1005.4223022460938,1789827194.6873229,0
time/actor/actor/recv_traj,37,994.1025390625,1789828222.468483,0
time/actor/actor/recv_traj,38,990.10595703125,1789829234.375586,0
time/actor/actor/recv_traj,39,994.84423828125,1789830254.4406374,0
time/actor/actor/recv_traj,40,962.936767578125,1789831783.1863775,0
time/actor/actor/recv_traj,41,966.9816284179688,1789832778.655586,0
time/actor/actor/recv_traj,42,979.7177124023438,1789833783.2192452,0
time/actor/actor/recv_traj,43,962.204345703125,1789834768.302197,0
time/actor/actor/recv_traj,44,949.56396484375,1789835755.7537296,0
time/actor/actor/recv_traj,45,977.3363647460938,1789837214.2033494,0
time/actor/actor/recv_traj,46,988.7650146484375,1789838230.713829,0
time/actor/actor/recv_traj,47,977.7261352539062,1789839232.0578516,0
time/actor/actor/recv_traj,48,979.0189208984375,1789840234.2167177,0
time/actor/actor/recv_traj,49,1004.7003784179688,1789841265.6150799,0
time/actor/actor/recv_traj,50,998.235107421875,1789842831.0060456,0
time/actor/actor/recv_traj,51,1008.177734375,1789843858.0739274,0
time/actor/actor/recv_traj,52,1022.0502319335938,1789844912.9181075,0
time/actor/actor/recv_traj,53,1020.9091796875,1789845957.9141548,0
time/actor/actor/recv_traj,54,998.3444213867188,1789846991.2802527,0
time/actor/actor/recv_traj,55,997.8457641601562,1789848482.9991455,0
time/actor/actor/recv_traj,56,1024.2039794921875,1789849527.8659751,0
time/actor/actor/recv_traj,57,1028.87353515625,1789850581.3921094,0
time/actor/actor/recv_traj,58,994.7968139648438,1789851609.582187,0
time/actor/actor/recv_traj,59,980.5089111328125,1789852612.3375537,0
time/actor/actor/recv_traj,60,985.5184936523438,1789854177.117215,0
time/actor/actor/recv_traj,61,990.1536865234375,1789855186.4431748,0
time/actor/actor/recv_traj,62,988.361328125,1789856199.3685527,0
time/actor/actor/recv_traj,63,987.4415283203125,1789857216.4522996,0
time/actor/actor/recv_traj,64,966.7698364257812,1789858205.6114097,0
time/actor/actor/recv_traj,65,959.0877075195312,1789859645.1487463,0
time/actor/actor/recv_traj,66,1009.6588745117188,1789860683.654049,0
time/actor/actor/recv_traj,67,990.203125,1789861698.949876,0
time/actor/actor/recv_traj,68,986.517578125,1789862716.9515302,0
time/actor/actor/recv_traj,69,989.7332763671875,1789863729.2357395,0
time/actor/actor/recv_traj,70,983.9749145507812,1789865283.6785867,0
time/actor/actor/recv_traj,71,1005.2576293945312,1789866307.7971165,0
time/actor/actor/recv_traj,72,1010.7294311523438,1789867340.3879354,0
time/actor/actor/recv_traj,73,982.592041015625,1789868344.846389,0
time/actor/actor/recv_traj,74,990.1077880859375,1789869357.6896074,0
time/actor/actor/recv_traj,75,975.1673583984375,1789870806.45714,0
time/actor/actor/recv_traj,76,981.3777465820312,1789871806.4157338,0
time/actor/actor/recv_traj,77,1012.969482421875,1789872842.340472,0
time/actor/actor/recv_traj,78,1012.9630737304688,1789873885.422883,0
time/actor/actor/recv_traj,79,996.0108642578125,1789874903.916792,0
time/actor/actor/recv_traj,80,1019.1373291015625,1789876497.713269,0
time/actor/actor/compute_adv,1,0.05995015427470207,1789789806.5938058,0
time/actor/actor/compute_adv,2,0.007164371199905872,1789790762.714672,0
time/actor/actor/compute_adv,3,0.006469078361988068,1789791713.130345,0
time/actor/actor/compute_adv,4,0.006306502036750317,1789792659.5873108,0
time/actor/actor/compute_adv,5,0.006926394067704678,1789794005.1020737,0
time/actor/actor/compute_adv,6,0.006727364845573902,1789794969.3597844,0
time/actor/actor/compute_adv,7,0.0061916932463645935,1789795944.0197,0
time/actor/actor/compute_adv,8,0.005590285174548626,1789796916.9454777,0
time/actor/actor/compute_adv,9,0.006239048205316067,1789797866.6136315,0
time/actor/actor/compute_adv,10,0.007764099165797234,1789799347.0941777,0
time/actor/actor/compute_adv,11,0.006608635187149048,1789800315.0205555,0
time/actor/actor/compute_adv,12,0.00631097424775362,1789801323.0355692,0
time/actor/actor/compute_adv,13,0.007058383896946907,1789802278.3428526,0
time/actor/actor/compute_adv,14,0.00603797473013401,1789803237.5906456,0
time/actor/actor/compute_adv,15,0.005880107171833515,1789804629.32504,0
time/actor/actor/compute_adv,16,0.007392212748527527,1789805613.3390622,0
time/actor/actor/compute_adv,17,0.006516709923744202,1789806573.5761874,0
time/actor/actor/compute_adv,18,0.005494122393429279,1789807535.1406646,0
time/actor/actor/compute_adv,19,0.007374578155577183,1789808504.5186512,0
time/actor/actor/compute_adv,20,0.007171401754021645,1789810001.2063947,0
time/actor/actor/compute_adv,21,0.0055319154635071754,1789810981.2331688,0
time/actor/actor/compute_adv,22,0.006749560125172138,1789811946.7578123,0
time/actor/actor/compute_adv,23,0.0059089334681630135,1789812924.7685559,0
time/actor/actor/compute_adv,24,0.008503730408847332,1789813902.6816857,0
time/actor/actor/compute_adv,25,0.006896534003317356,1789815267.218745,0
time/actor/actor/compute_adv,26,0.006704190745949745,1789816231.4720058,0
time/actor/actor/compute_adv,27,0.005858173593878746,1789817216.7323225,0
time/actor/actor/compute_adv,28,0.0070373788475990295,1789818222.1481905,0
time/actor/actor/compute_adv,29,0.021872498095035553,1789819216.1556997,0
time/actor/actor/compute_adv,30,0.009850287809967995,1789820773.8452237,0
time/actor/actor/compute_adv,31,0.006557135842740536,1789821769.9209335,0
time/actor/actor/compute_adv,32,0.0065483879297971725,1789822773.6621811,0
time/actor/actor/compute_adv,33,0.007296820171177387,1789823770.7372944,0
time/actor/actor/compute_adv,34,0.010353351011872292,1789824746.252818,0
time/actor/actor/compute_adv,35,0.006011347286403179,1789826170.4169936,0
time/actor/actor/compute_adv,36,0.005720228888094425,1789827194.6873302,0
time/actor/actor/compute_adv,37,0.009940654039382935,1789828222.4685035,0
time/actor/actor/compute_adv,38,0.006187529303133488,1789829234.3756065,0
time/actor/actor/compute_adv,39,0.007149660028517246,1789830254.4406567,0
time/actor/actor/compute_adv,40,0.005973432213068008,1789831783.1863852,0
time/actor/actor/compute_adv,41,0.007607545703649521,1789832778.655606,0
time/actor/actor/compute_adv,42,0.006490250118076801,1789833783.2192533,0
time/actor/actor/compute_adv,43,0.00774101447314024,1789834768.3022163,0
time/actor/actor/compute_adv,44,0.0058564431965351105,1789835755.7537367,0
time/actor/actor/compute_adv,45,0.008681463077664375,1789837214.2033553,0
time/actor/actor/compute_adv,46,0.0069161392748355865,1789838230.7138352,0
time/actor/actor/compute_adv,47,0.008486549369990826,1789839232.0578606,0
time/actor/actor/compute_adv,48,0.005985347554087639,1789840234.2167377,0
time/actor/actor/compute_adv,49,0.005966983735561371,1789841265.6150885,0
time/actor/actor/compute_adv,50,0.007962296716868877,1789842831.006053,0
time/actor/actor/compute_adv,51,0.007196241058409214,1789843858.073947,0
time/actor/actor/compute_adv,52,0.008135820738971233,1789844912.9181347,0
time/actor/actor/compute_adv,53,0.006979282014071941,1789845957.9141624,0
time/actor/actor/compute_adv,54,0.00827844999730587,1789846991.280259,0
time/actor/actor/compute_adv,55,0.007344196550548077,1789848482.999153,0
time/actor/actor/compute_adv,56,0.006836491636931896,1789849527.865996,0
time/actor/actor/compute_adv,57,0.007168278098106384,1789850581.3921175,0
time/actor/actor/compute_adv,58,0.005881153978407383,1789851609.5821936,0
time/actor/actor/compute_adv,59,0.006804404780268669,1789852612.337565,0
time/actor/actor/compute_adv,60,0.006600365042686462,1789854177.1172345,0
time/actor/actor/compute_adv,61,0.0062786368653178215,1789855186.4431834,0
time/actor/actor/compute_adv,62,0.013060350902378559,1789856199.3685722,0
time/actor/actor/compute_adv,63,0.006869738921523094,1789857216.4523108,0
time/actor/actor/compute_adv,64,0.009397640824317932,1789858205.61142,0
time/actor/actor/compute_adv,65,0.005054544657468796,1789859645.1487525,0
time/actor/actor/compute_adv,66,0.007632230408489704,1789860683.6540682,0
time/actor/actor/compute_adv,67,0.006243985146284103,1789861698.9498835,0
time/actor/actor/compute_adv,68,0.00848621316254139,1789862716.9515502,0
time/actor/actor/compute_adv,69,0.007989844307303429,1789863729.2357488,0
time/actor/actor/compute_adv,70,0.0066106561571359634,1789865283.6785984,0
time/actor/actor/compute_adv,71,0.006882285699248314,1789866307.7971358,0
time/actor/actor/compute_adv,72,0.006397705525159836,1789867340.3879437,0
time/actor/actor/compute_adv,73,0.007475540041923523,1789868344.8463962,0
time/actor/actor/compute_adv,74,0.009107600897550583,1789869357.6896172,0
time/actor/actor/compute_adv,75,0.008207072503864765,1789870806.4571462,0
time/actor/actor/compute_adv,76,0.005646050907671452,1789871806.4157538,0
time/actor/actor/compute_adv,77,0.016222581267356873,1789872842.3404799,0
time/actor/actor/compute_adv,78,0.008165314793586731,1789873885.422894,0
time/actor/actor/compute_adv,79,0.005213283002376556,1789874903.9167993,0
time/actor/actor/compute_adv,80,0.006352427415549755,1789876497.7132897,0
time/actor/run_training,1,23.803667068481445,1789789806.5938144,0
time/actor/run_training,2,17.28536033630371,1789790762.7146792,0
time/actor/run_training,3,20.753482818603516,1789791713.1303666,0
time/actor/run_training,4,21.874549865722656,1789792659.5873318,0
time/actor/run_training,5,14.053582191467285,1789794005.1020803,0
time/actor/run_training,6,13.986773490905762,1789794969.3597913,0
time/actor/run_training,7,14.012675285339355,1789795944.0197208,0
time/actor/run_training,8,13.943380355834961,1789796916.94549,0
time/actor/run_training,9,14.718001365661621,1789797866.613652,0
time/actor/run_training,10,13.927083015441895,1789799347.0941844,0
time/actor/run_training,11,13.748139381408691,1789800315.0205657,0
time/actor/run_training,12,14.19715690612793,1789801323.0355763,0
time/actor/run_training,13,14.207640647888184,1789802278.3428614,0
time/actor/run_training,14,14.202892303466797,1789803237.590666,0
time/actor/run_training,15,13.92464828491211,1789804629.3250604,0
time/actor/run_training,16,14.224504470825195,1789805613.3390703,0
time/actor/run_training,17,14.523713111877441,1789806573.5761967,0
time/actor/run_training,18,13.94923210144043,1789807535.140685,0
time/actor/run_training,19,14.052570343017578,1789808504.5186582,0
time/actor/run_training,20,20.91400146484375,1789810001.2064157,0
time/actor/run_training,21,20.26872444152832,1789810981.2331798,0
time/actor/run_training,22,21.304874420166016,1789811946.7578192,0
time/actor/run_training,23,17.045442581176758,1789812924.768568,0
time/actor/run_training,24,13.9234037399292,1789813902.6816936,0
time/actor/run_training,25,13.865461349487305,1789815267.2187517,0
time/actor/run_training,26,14.297223091125488,1789816231.4720137,0
time/actor/run_training,27,14.06183910369873,1789817216.73233,0
time/actor/run_training,28,24.022775650024414,1789818222.1481984,0
time/actor/run_training,29,18.734939575195312,1789819216.1557083,0
time/actor/run_training,30,13.758881568908691,1789820773.8452313,0
time/actor/run_training,31,14.465195655822754,1789821769.920944,0
time/actor/run_training,32,21.63081932067871,1789822773.6622014,0
time/actor/run_training,33,13.485225677490234,1789823770.7373142,0
time/actor/run_training,34,14.186966896057129,1789824746.2528262,0
time/actor/run_training,35,13.936861991882324,1789826170.4170134,0
time/actor/run_training,36,13.840923309326172,1789827194.6873372,0
time/actor/run_training,37,24.827350616455078,1789828222.4685245,0
time/actor/run_training,38,13.721419334411621,1789829234.375627,0
time/actor/run_training,39,16.351221084594727,1789830254.440677,0
time/actor/run_training,40,14.153529167175293,1789831783.1863925,0
time/actor/run_training,41,23.54282569885254,1789832778.6556256,0
time/actor/run_training,42,14.90404987335205,1789833783.219261,0
time/actor/run_training,43,13.888633728027344,1789834768.3022358,0
time/actor/run_training,44,21.81713104248047,1789835755.7537446,0
time/actor/run_training,45,23.205110549926758,1789837214.203362,0
time/actor/run_training,46,23.290489196777344,1789838230.7138414,0
time/actor/run_training,47,14.176704406738281,1789839232.0578687,0
time/actor/run_training,48,13.741435050964355,1789840234.216758,0
time/actor/run_training,49,18.08074188232422,1789841265.6150963,0
time/actor/run_training,50,13.819615364074707,1789842831.0060604,0
time/actor/run_training,51,13.913107872009277,1789843858.0739665,0
time/actor/run_training,52,22.139137268066406,1789844912.9181607,0
time/actor/run_training,53,14.544150352478027,1789845957.9141707,0
time/actor/run_training,54,25.672555923461914,1789846991.2802658,0
time/actor/run_training,55,13.468453407287598,1789848482.99916,0
time/actor/run_training,56,16.106048583984375,1789849527.8660228,0
time/actor/run_training,57,15.605141639709473,1789850581.3921254,0
time/actor/run_training,58,23.84229278564453,1789851609.5822,0
time/actor/run_training,59,13.927069664001465,1789852612.3375747,0
time/actor/run_training,60,13.700767517089844,1789854177.1172533,0
time/actor/run_training,61,14.294305801391602,1789855186.4431915,0
time/actor/run_training,62,15.217142105102539,1789856199.3685918,0
time/actor/run_training,63,20.831018447875977,1789857216.4523225,0
time/actor/run_training,64,13.716813087463379,1789858205.6114292,0
time/actor/run_training,65,13.589885711669922,1789859645.1487582,0
time/actor/run_training,66,23.656667709350586,1789860683.6540885,0
time/actor/run_training,67,16.22743034362793,1789861698.949891,0
time/actor/run_training,68,22.386003494262695,1789862716.951572,0
time/actor/run_training,69,13.73566722869873,1789863729.235758,0
time/actor/run_training,70,23.778350830078125,1789865283.6786098,0
time/actor/run_training,71,14.376288414001465,1789866307.7971563,0
time/actor/run_training,72,13.750113487243652,1789867340.3879514,0
time/actor/run_training,73,13.732921600341797,1789868344.8464036,0
time/actor/run_training,74,14.142074584960938,1789869357.6896272,0
time/actor/run_training,75,14.356731414794922,1789870806.4571524,0
time/actor/run_training,76,13.926702499389648,1789871806.415775,0
time/actor/run_training,77,13.879541397094727,1789872842.3404875,0
time/actor/run_training,78,13.899359703063965,1789873885.4229052,0
time/actor/run_training,79,13.607467651367188,1789874903.9168072,0
time/actor/run_training,80,14.056325912475586,1789876497.7133102,0
train/actor/approx_kl,1,0.030224330723285675,1789789806.593825,0
train/actor/approx_kl,2,0.058371029794216156,1789790762.7146933,0
train/actor/approx_kl,3,0.031657036393880844,1789791713.1304,0
train/actor/approx_kl,4,0.019067438319325447,1789792659.5873575,0
train/actor/approx_kl,5,0.05256401374936104,1789794005.102266,0
train/actor/approx_kl,6,0.03008037805557251,1789794969.359804,0
train/actor/approx_kl,7,0.014252838678658009,1789795944.0197449,0
train/actor/approx_kl,8,0.009394299238920212,1789796916.945506,0
train/actor/approx_kl,9,0.0159051101654768,1789797866.613676,0
train/actor/approx_kl,10,0.023278001695871353,1789799347.0945594,0
train/actor/approx_kl,11,0.011677935719490051,1789800315.02058,0
train/actor/approx_kl,12,0.02878141775727272,1789801323.035591,0
train/actor/approx_kl,13,0.01837807148694992,1789802278.3428705,0
train/actor/approx_kl,14,-0.002652166411280632,1789803237.5906878,0
train/actor/approx_kl,15,0.030952978879213333,1789804629.3256025,0
train/actor/approx_kl,16,0.019548986107110977,1789805613.339083,0
train/actor/approx_kl,17,0.009745851159095764,1789806573.5762055,0
train/actor/approx_kl,18,0.015818044543266296,1789807535.140712,0
train/actor/approx_kl,19,0.009312663227319717,1789808504.5186658,0
train/actor/approx_kl,20,-0.00318536558188498,1789810001.2069502,0
train/actor/approx_kl,21,0.0015414076624438167,1789810981.2332559,0
train/actor/approx_kl,22,0.01906523108482361,1789811946.7578268,0
train/actor/approx_kl,23,0.007996016182005405,1789812924.7685883,0
train/actor/approx_kl,24,-9.181688074022532e-05,1789813902.681702,0
train/actor/approx_kl,25,-0.0016324934549629688,1789815267.2189822,0
train/actor/approx_kl,26,0.008449919521808624,1789816231.4720225,0
train/actor/approx_kl,27,0.010195700451731682,1789817216.7323394,0
train/actor/approx_kl,28,0.016021108254790306,1789818222.1482081,0
train/actor/approx_kl,29,0.01090729609131813,1789819216.1557178,0
train/actor/approx_kl,30,0.022973136976361275,1789820773.845759,0
train/actor/approx_kl,31,0.03218803182244301,1789821769.9209642,0
train/actor/approx_kl,32,0.0028107035905122757,1789822773.662234,0
train/actor/approx_kl,33,0.023763833567500114,1789823770.7373369,0
train/actor/approx_kl,34,0.003453806508332491,1789824746.2528427,0
train/actor/approx_kl,35,0.009849908761680126,1789826170.4175189,0
train/actor/approx_kl,36,0.011982345022261143,1789827194.6873443,0
train/actor/approx_kl,37,0.02117604948580265,1789828222.4685476,0
train/actor/approx_kl,38,0.0091586047783494,1789829234.3756506,0
train/actor/approx_kl,39,0.007629246450960636,1789830254.4406998,0
train/actor/approx_kl,40,-0.0014761567581444979,1789831783.1867938,0
train/actor/approx_kl,41,0.0011049791937693954,1789832778.6556487,0
train/actor/approx_kl,42,0.008484378457069397,1789833783.2192695,0
train/actor/approx_kl,43,0.00914101954549551,1789834768.3022609,0
train/actor/approx_kl,44,0.007032817229628563,1789835755.7537537,0
train/actor/approx_kl,45,0.023195121437311172,1789837214.2035308,0
train/actor/approx_kl,46,0.020136848092079163,1789838230.7138498,0
train/actor/approx_kl,47,0.006973948795348406,1789839232.0578787,0
train/actor/approx_kl,48,0.00825930293649435,1789840234.2167807,0
train/actor/approx_kl,49,0.022450227290391922,1789841265.6151056,0
train/actor/approx_kl,50,0.031241681426763535,1789842831.006361,0
train/actor/approx_kl,51,0.026640331372618675,1789843858.0739882,0
train/actor/approx_kl,52,0.00935080461204052,1789844912.9181862,0
train/actor/approx_kl,53,0.013567809015512466,1789845957.914179,0
train/actor/approx_kl,54,0.008333269506692886,1789846991.2802727,0
train/actor/approx_kl,55,0.03838742896914482,1789848482.9993505,0
train/actor/approx_kl,56,0.011455729603767395,1789849527.8660524,0
train/actor/approx_kl,57,0.030531469732522964,1789850581.3921344,0
train/actor/approx_kl,58,0.004505027551203966,1789851609.582207,0
train/actor/approx_kl,59,0.011095400899648666,1789852612.337584,0
train/actor/approx_kl,60,0.005621017888188362,1789854177.117496,0
train/actor/approx_kl,61,0.003070542123168707,1789855186.443201,0
train/actor/approx_kl,62,0.01785420998930931,1789856199.3686154,0
train/actor/approx_kl,63,0.016813775524497032,1789857216.4523365,0
train/actor/approx_kl,64,0.0011390035506337881,1789858205.6114438,0
train/actor/approx_kl,65,0.014869335107505322,1789859645.1490288,0
train/actor/approx_kl,66,0.038156658411026,1789860683.6541111,0
train/actor/approx_kl,67,0.03244158998131752,1789861698.9498997,0
train/actor/approx_kl,68,0.02952926978468895,1789862716.9515946,0
train/actor/approx_kl,69,0.02474081516265869,1789863729.2357724,0
train/actor/approx_kl,70,0.011843718588352203,1789865283.6790242,0
train/actor/approx_kl,71,0.022857561707496643,1789866307.7971785,0
train/actor/approx_kl,72,0.04740333557128906,1789867340.3879604,0
train/actor/approx_kl,73,0.015759779140353203,1789868344.8464167,0
train/actor/approx_kl,74,0.02091076411306858,1789869357.689641,0
train/actor/approx_kl,75,0.0028724358417093754,1789870806.4573314,0
train/actor/approx_kl,76,0.01969984546303749,1789871806.4157991,0
train/actor/approx_kl,77,0.01003884058445692,1789872842.3404968,0
train/actor/approx_kl,78,0.023426543921232224,1789873885.4229357,0
train/actor/approx_kl,79,0.010025818832218647,1789874903.9168165,0
train/actor/approx_kl,80,0.02185334824025631,1789876497.7138293,0
train/actor/clip_fraction,1,0.09221113473176956,1789789806.5938327,0
train/actor/clip_fraction,2,0.10882138460874557,1789790762.7147007,0
train/actor/clip_fraction,3,0.06096040457487106,1789791713.1304233,0
train/actor/clip_fraction,4,0.031186049804091454,1789792659.5873783,0
train/actor/clip_fraction,5,0.07590283453464508,1789794005.1022732,0
train/actor/clip_fraction,6,0.07837091386318207,1789794969.3598106,0
train/actor/clip_fraction,7,0.022546501830220222,1789795944.019765,0
train/actor/clip_fraction,8,0.05064623802900314,1789796916.9455185,0
train/actor/clip_fraction,9,0.04618144780397415,1789797866.6136963,0
train/actor/clip_fraction,10,0.05228109657764435,1789799347.09459,0
train/actor/clip_fraction,11,0.050412118434906006,1789800315.0205898,0
train/actor/clip_fraction,12,0.06494278460741043,1789801323.0355995,0
train/actor/clip_fraction,13,0.027992181479930878,1789802278.342878,0
train/actor/clip_fraction,14,0.020796017721295357,1789803237.5907073,0
train/actor/clip_fraction,15,0.08544857800006866,1789804629.3256269,0
train/actor/clip_fraction,16,0.04636562615633011,1789805613.339092,0
train/actor/clip_fraction,17,0.026174115017056465,1789806573.5762134,0
train/actor/clip_fraction,18,0.054328493773937225,1789807535.1407325,0
train/actor/clip_fraction,19,0.048546746373176575,1789808504.518672,0
train/actor/clip_fraction,20,0.032116279006004333,1789810001.2069712,0
train/actor/clip_fraction,21,0.05294661968946457,1789810981.2332644,0
train/actor/clip_fraction,22,0.07056422531604767,1789811946.7578328,0
train/actor/clip_fraction,23,0.028571749106049538,1789812924.7686002,0
train/actor/clip_fraction,24,0.03786754235625267,1789813902.6817095,0
train/actor/clip_fraction,25,0.01835968717932701,1789815267.2189894,0
train/actor/clip_fraction,26,0.038916755467653275,1789816231.4720306,0
train/actor/clip_fraction,27,0.03442434221506119,1789817216.7323472,0
train/actor/clip_fraction,28,0.08243478834629059,1789818222.1482182,0
train/actor/clip_fraction,29,0.05952391028404236,1789819216.1557252,0
train/actor/clip_fraction,30,0.07228139787912369,1789820773.8457687,0
train/actor/clip_fraction,31,0.09275401383638382,1789821769.9209764,0
train/actor/clip_fraction,32,0.02686011604964733,1789822773.6622577,0
train/actor/clip_fraction,33,0.05892326310276985,1789823770.7373574,0
train/actor/clip_fraction,34,0.023966312408447266,1789824746.2528543,0
train/actor/clip_fraction,35,0.04675896465778351,1789826170.417541,0
train/actor/clip_fraction,36,0.04866082966327667,1789827194.687351,0
train/actor/clip_fraction,37,0.05886595696210861,1789828222.4685676,0
train/actor/clip_fraction,38,0.044924862682819366,1789829234.3756707,0
train/actor/clip_fraction,39,0.025274600833654404,1789830254.4407191,0
train/actor/clip_fraction,40,0.0458470955491066,1789831783.1868024,0
train/actor/clip_fraction,41,0.010915616527199745,1789832778.6556687,0
train/actor/clip_fraction,42,0.04212184622883797,1789833783.2192774,0
train/actor/clip_fraction,43,0.033288002014160156,1789834768.3022807,0
train/actor/clip_fraction,44,0.03226646035909653,1789835755.753761,0
train/actor/clip_fraction,45,0.034805312752723694,1789837214.2035375,0
train/actor/clip_fraction,46,0.06995183229446411,1789838230.7138565,0
train/actor/clip_fraction,47,0.047940537333488464,1789839232.057887,0
train/actor/clip_fraction,48,0.035927243530750275,1789840234.216802,0
train/actor/clip_fraction,49,0.09896732866764069,1789841265.6151133,0
train/actor/clip_fraction,50,0.06504186987876892,1789842831.0063698,0
train/actor/clip_fraction,51,0.051008064299821854,1789843858.0740085,0
train/actor/clip_fraction,52,0.05029504746198654,1789844912.9182065,0
train/actor/clip_fraction,53,0.029267771169543266,1789845957.9141867,0
train/actor/clip_fraction,54,0.05227702111005783,1789846991.2802787,0
train/actor/clip_fraction,55,0.09665767103433609,1789848482.9993584,0
train/actor/clip_fraction,56,0.05474095046520233,1789849527.8660762,0
train/actor/clip_fraction,57,0.09097172319889069,1789850581.392143,0
train/actor/clip_fraction,58,0.023657556623220444,1789851609.582213,0
train/actor/clip_fraction,59,0.05692785978317261,1789852612.3375916,0
train/actor/clip_fraction,60,0.031227825209498405,1789854177.1175175,0
train/actor/clip_fraction,61,0.034401558339595795,1789855186.4432087,0
train/actor/clip_fraction,62,0.07046320289373398,1789856199.3686366,0
train/actor/clip_fraction,63,0.03076845034956932,1789857216.452348,0
train/actor/clip_fraction,64,0.04008004814386368,1789858205.6114533,0
train/actor/clip_fraction,65,0.04173104092478752,1789859645.149048,0
train/actor/clip_fraction,66,0.08018147200345993,1789860683.6541307,0
train/actor/clip_fraction,67,0.06571875512599945,1789861698.9499073,0
train/actor/clip_fraction,68,0.050026603043079376,1789862716.9516163,0
train/actor/clip_fraction,69,0.07920947670936584,1789863729.2357814,0
train/actor/clip_fraction,70,0.026069974526762962,1789865283.679033,0
train/actor/clip_fraction,71,0.07433748990297318,1789866307.797198,0
train/actor/clip_fraction,72,0.0800074115395546,1789867340.3879693,0
train/actor/clip_fraction,73,0.04739983752369881,1789868344.8464286,0
train/actor/clip_fraction,74,0.05569204315543175,1789869357.6896513,0
train/actor/clip_fraction,75,0.04940441995859146,1789870806.4573386,0
train/actor/clip_fraction,76,0.05830569565296173,1789871806.4158201,0
train/actor/clip_fraction,77,0.05290321633219719,1789872842.3405046,0
train/actor/clip_fraction,78,0.06562086939811707,1789873885.422956,0
train/actor/clip_fraction,79,0.027478251606225967,1789874903.9168239,0
train/actor/clip_fraction,80,0.05715671554207802,1789876497.7138517,0
train/actor/clipped_ratio,1,0.9935325384140015,1789789806.5938401,0
train/actor/clipped_ratio,2,0.9847574234008789,1789790762.7147083,0
train/actor/clipped_ratio,3,0.9936413764953613,1789791713.1304433,0
train/actor/clipped_ratio,4,0.999700665473938,1789792659.587401,0
train/actor/clipped_ratio,5,0.989643394947052,1789794005.1022801,0
train/actor/clipped_ratio,6,0.9931084513664246,1789794969.3598175,0
train/actor/clipped_ratio,7,0.9967998266220093,1789795944.019785,0
train/actor/clipped_ratio,8,0.99859619140625,1789796916.9455318,0
train/actor/clipped_ratio,9,0.9965325593948364,1789797866.6137168,0
train/actor/clipped_ratio,10,0.9945131540298462,1789799347.0946033,0
train/actor/clipped_ratio,11,0.9949173927307129,1789800315.020599,0
train/actor/clipped_ratio,12,0.9930505752563477,1789801323.0356069,0
train/actor/clipped_ratio,13,0.9941351413726807,1789802278.342887,0
train/actor/clipped_ratio,14,1.003275990486145,1789803237.590727,0
train/actor/clipped_ratio,15,0.9918897747993469,1789804629.3256466,0
train/actor/clipped_ratio,16,0.9957959651947021,1789805613.3390996,0
train/actor/clipped_ratio,17,0.9972466826438904,1789806573.5762208,0
train/actor/clipped_ratio,18,0.9954014420509338,1789807535.1407511,0
train/actor/clipped_ratio,19,0.9967846274375916,1789808504.5186777,0
train/actor/clipped_ratio,20,1.0018954277038574,1789810001.206992,0
train/actor/clipped_ratio,21,0.9987258911132812,1789810981.2332792,0
train/actor/clipped_ratio,22,0.9939897060394287,1789811946.7578392,0
train/actor/clipped_ratio,23,0.9968443512916565,1789812924.7686133,0
train/actor/clipped_ratio,24,1.0009770393371582,1789813902.681717,0
train/actor/clipped_ratio,25,1.001311182975769,1789815267.218996,0
train/actor/clipped_ratio,26,0.9971171617507935,1789816231.4720387,0
train/actor/clipped_ratio,27,0.9945834875106812,1789817216.7323554,0
train/actor/clipped_ratio,28,0.9977787137031555,1789818222.148226,0
train/actor/clipped_ratio,29,0.9967319965362549,1789819216.1557326,0
train/actor/clipped_ratio,30,0.9926486015319824,1789820773.8457758,0
train/actor/clipped_ratio,31,0.9914004802703857,1789821769.9209874,0
train/actor/clipped_ratio,32,1.0007882118225098,1789822773.6622775,0
train/actor/clipped_ratio,33,0.9914604425430298,1789823770.7373776,0
train/actor/clipped_ratio,34,0.9993643164634705,1789824746.2528625,0
train/actor/clipped_ratio,35,0.9982216954231262,1789826170.4175656,0
train/actor/clipped_ratio,36,0.996601402759552,1789827194.687357,0
train/actor/clipped_ratio,37,0.9940438866615295,1789828222.468596,0
train/actor/clipped_ratio,38,0.9966138601303101,1789829234.3756897,0
train/actor/clipped_ratio,39,0.9976493120193481,1789830254.4407392,0
train/actor/clipped_ratio,40,1.0019164085388184,1789831783.1868107,0
train/actor/clipped_ratio,41,0.9995260238647461,1789832778.6556888,0
train/actor/clipped_ratio,42,0.9958828687667847,1789833783.219286,0
train/actor/clipped_ratio,43,0.9995188117027283,1789834768.3023007,0
train/actor/clipped_ratio,44,0.9978008270263672,1789835755.7537687,0
train/actor/clipped_ratio,45,0.994072675704956,1789837214.2035437,0
train/actor/clipped_ratio,46,0.995241105556488,1789838230.7138624,0
train/actor/clipped_ratio,47,0.9982566833496094,1789839232.0578954,0
train/actor/clipped_ratio,48,0.9992879033088684,1789840234.2168214,0
train/actor/clipped_ratio,49,0.9904053211212158,1789841265.6151204,0
train/actor/clipped_ratio,50,0.9943822622299194,1789842831.006378,0
train/actor/clipped_ratio,51,0.9928368330001831,1789843858.074028,0
train/actor/clipped_ratio,52,0.9981376528739929,1789844912.9182281,0
train/actor/clipped_ratio,53,0.9976279735565186,1789845957.914195,0
train/actor/clipped_ratio,54,0.9998100996017456,1789846991.2802846,0
train/actor/clipped_ratio,55,0.9957276582717896,1789848482.999366,0
train/actor/clipped_ratio,56,0.9972116947174072,1789849527.866096,0
train/actor/clipped_ratio,57,0.9901506900787354,1789850581.3921509,0
train/actor/clipped_ratio,58,0.9982305765151978,1789851609.5822194,0
train/actor/clipped_ratio,59,0.9960364103317261,1789852612.3375993,0
train/actor/clipped_ratio,60,0.9958537817001343,1789854177.1175396,0
train/actor/clipped_ratio,61,0.9982715845108032,1789855186.443217,0
train/actor/clipped_ratio,62,0.9966148138046265,1789856199.3686557,0
train/actor/clipped_ratio,63,0.9959237575531006,1789857216.452359,0
train/actor/clipped_ratio,64,1.0007654428482056,1789858205.6114628,0
train/actor/clipped_ratio,65,0.9965881109237671,1789859645.1490576,0
train/actor/clipped_ratio,66,0.9898577928543091,1789860683.6541505,0
train/actor/clipped_ratio,67,0.9928668737411499,1789861698.9499147,0
train/actor/clipped_ratio,68,0.9899888038635254,1789862716.9516368,0
train/actor/clipped_ratio,69,0.9965336918830872,1789863729.2357905,0
train/actor/clipped_ratio,70,0.992569088935852,1789865283.6790407,0
train/actor/clipped_ratio,71,0.9941973686218262,1789866307.7972171,0
train/actor/clipped_ratio,72,0.9890251159667969,1789867340.387977,0
train/actor/clipped_ratio,73,0.9928933382034302,1789868344.846444,0
train/actor/clipped_ratio,74,0.9953514337539673,1789869357.689661,0
train/actor/clipped_ratio,75,0.9998815655708313,1789870806.4573455,0
train/actor/clipped_ratio,76,0.9923116564750671,1789871806.41584,0
train/actor/clipped_ratio,77,0.9958124756813049,1789872842.3405125,0
train/actor/clipped_ratio,78,0.9926682710647583,1789873885.4229672,0
train/actor/clipped_ratio,79,0.9980759620666504,1789874903.9168313,0
train/actor/clipped_ratio,80,0.9933644533157349,1789876497.7138724,0
train/actor/dual_cliped_ratio,1,0.0,1789789806.5940511,0
train/actor/dual_cliped_ratio,2,0.0,1789790762.7151945,0
train/actor/dual_cliped_ratio,3,0.0,1789791713.1309927,0
train/actor/dual_cliped_ratio,4,0.0,1789792659.588063,0
train/actor/dual_cliped_ratio,5,0.0,1789794005.1022873,0
train/actor/dual_cliped_ratio,6,0.0,1789794969.3600316,0
train/actor/dual_cliped_ratio,7,0.0,1789795944.0201178,0
train/actor/dual_cliped_ratio,8,0.0,1789796916.9458373,0
train/actor/dual_cliped_ratio,9,0.0,1789797866.6139753,0
train/actor/dual_cliped_ratio,10,0.0,1789799347.0946162,0
train/actor/dual_cliped_ratio,11,0.0,1789800315.0211613,0
train/actor/dual_cliped_ratio,12,0.0,1789801323.0358267,0
train/actor/dual_cliped_ratio,13,0.0,1789802278.3431265,0
train/actor/dual_cliped_ratio,14,0.0,1789803237.5912719,0
train/actor/dual_cliped_ratio,15,0.0,1789804629.3256679,0
train/actor/dual_cliped_ratio,16,0.0,1789805613.3393738,0
train/actor/dual_cliped_ratio,17,0.0,1789806573.5767317,0
train/actor/dual_cliped_ratio,18,0.0,1789807535.1410093,0
train/actor/dual_cliped_ratio,19,0.0,1789808504.5189168,0
train/actor/dual_cliped_ratio,20,0.0,1789810001.207011,0
train/actor/dual_cliped_ratio,21,0.0,1789810981.23374,0
train/actor/dual_cliped_ratio,22,0.0,1789811946.7582457,0
train/actor/dual_cliped_ratio,23,0.0,1789812924.7689364,0
train/actor/dual_cliped_ratio,24,0.0,1789813902.6819513,0
train/actor/dual_cliped_ratio,25,0.0,1789815267.2190025,0
train/actor/dual_cliped_ratio,26,0.0,1789816231.472276,0
train/actor/dual_cliped_ratio,27,0.0,1789817216.732589,0
train/actor/dual_cliped_ratio,28,0.0,1789818222.1485207,0
train/actor/dual_cliped_ratio,29,0.0,1789819216.156276,0
train/actor/dual_cliped_ratio,30,0.0,1789820773.8457837,0
train/actor/dual_cliped_ratio,31,0.0,1789821769.921214,0
train/actor/dual_cliped_ratio,32,0.0,1789822773.662639,0
train/actor/dual_cliped_ratio,33,0.0,1789823770.737915,0
train/actor/dual_cliped_ratio,34,0.0,1789824746.2533855,0
train/actor/dual_cliped_ratio,35,0.0,1789826170.4175956,0
train/actor/dual_cliped_ratio,36,0.0,1789827194.6875942,0
train/actor/dual_cliped_ratio,37,0.0,1789828222.4688365,0
train/actor/dual_cliped_ratio,38,0.0,1789829234.3758943,0
train/actor/dual_cliped_ratio,39,0.0,1789830254.4412467,0
train/actor/dual_cliped_ratio,40,0.0,1789831783.1868203,0
train/actor/dual_cliped_ratio,41,0.0,1789832778.6560533,0
train/actor/dual_cliped_ratio,42,0.0,1789833783.2199447,0
train/actor/dual_cliped_ratio,43,0.0,1789834768.3026567,0
train/actor/dual_cliped_ratio,44,0.0,1789835755.7540843,0
train/actor/dual_cliped_ratio,45,0.0,1789837214.2035496,0
train/actor/dual_cliped_ratio,46,0.0,1789838230.7140372,0
train/actor/dual_cliped_ratio,47,0.0,1789839232.058133,0
train/actor/dual_cliped_ratio,48,0.0,1789840234.2170634,0
train/actor/dual_cliped_ratio,49,0.0,1789841265.6156306,0
train/actor/dual_cliped_ratio,50,0.0,1789842831.0063853,0
train/actor/dual_cliped_ratio,51,0.0,1789843858.0747137,0
train/actor/dual_cliped_ratio,52,0.0,1789844912.9186404,0
train/actor/dual_cliped_ratio,53,0.0,1789845957.9145246,0
train/actor/dual_cliped_ratio,54,0.0,1789846991.2805734,0
train/actor/dual_cliped_ratio,55,0.0,1789848482.9993737,0
train/actor/dual_cliped_ratio,56,0.0,1789849527.8666356,0
train/actor/dual_cliped_ratio,57,0.0,1789850581.39236,0
train/actor/dual_cliped_ratio,58,0.0,1789851609.5823843,0
train/actor/dual_cliped_ratio,59,0.0,1789852612.3377688,0
train/actor/dual_cliped_ratio,60,0.0,1789854177.11756,0
train/actor/dual_cliped_ratio,61,0.0,1789855186.4434245,0
train/actor/dual_cliped_ratio,62,0.0,1789856199.3690097,0
train/actor/dual_cliped_ratio,63,0.0,1789857216.452876,0
train/actor/dual_cliped_ratio,64,0.0,1789858205.6116805,0
train/actor/dual_cliped_ratio,65,0.0,1789859645.1490648,0
train/actor/dual_cliped_ratio,66,0.0,1789860683.6543589,0
train/actor/dual_cliped_ratio,67,0.0,1789861698.9501262,0
train/actor/dual_cliped_ratio,68,0.0,1789862716.95184,0
train/actor/dual_cliped_ratio,69,0.0,1789863729.2361512,0
train/actor/dual_cliped_ratio,70,0.0,1789865283.6790485,0
train/actor/dual_cliped_ratio,71,0.0,1789866307.7974305,0
train/actor/dual_cliped_ratio,72,0.0,1789867340.388166,0
train/actor/dual_cliped_ratio,73,0.0,1789868344.8466637,0
train/actor/dual_cliped_ratio,74,0.0,1789869357.6901748,0
train/actor/dual_cliped_ratio,75,0.0,1789870806.4573524,0
train/actor/dual_cliped_ratio,76,0.0,1789871806.4163797,0
train/actor/dual_cliped_ratio,77,0.0,1789872842.3407292,0
train/actor/dual_cliped_ratio,78,0.0,1789873885.4231808,0
train/actor/dual_cliped_ratio,79,0.0,1789874903.917036,0
train/actor/dual_cliped_ratio,80,0.0,1789876497.7138946,0
train/actor/dvac_chunk_factor_std,1,0.044670943170785904,1789789806.5940602,0
train/actor/dvac_chunk_factor_std,2,0.04335286468267441,1789790762.7152069,0
train/actor/dvac_chunk_factor_std,3,0.047012604773044586,1789791713.1310163,0
train/actor/dvac_chunk_factor_std,4,0.04637162387371063,1789792659.5880868,0
train/actor/dvac_chunk_factor_std,5,0.048638492822647095,1789794005.1022937,0
train/actor/dvac_chunk_factor_std,6,0.040641482919454575,1789794969.3600416,0
train/actor/dvac_chunk_factor_std,7,0.043765731155872345,1789795944.02014,0
train/actor/dvac_chunk_factor_std,8,0.045170415192842484,1789796916.9458668,0
train/actor/dvac_chunk_factor_std,9,0.04842151328921318,1789797866.6139963,0
train/actor/dvac_chunk_factor_std,10,0.04475743696093559,1789799347.0946612,0
train/actor/dvac_chunk_factor_std,11,0.04750412330031395,1789800315.0211809,0
train/actor/dvac_chunk_factor_std,12,0.046477027237415314,1789801323.0358355,0
train/actor/dvac_chunk_factor_std,13,0.04871885105967522,1789802278.343136,0
train/actor/dvac_chunk_factor_std,14,0.04437515139579773,1789803237.5912938,0
train/actor/dvac_chunk_factor_std,15,0.04092036560177803,1789804629.325689,0
train/actor/dvac_chunk_factor_std,16,0.04521018639206886,1789805613.339384,0
train/actor/dvac_chunk_factor_std,17,0.04588841646909714,1789806573.5767417,0
train/actor/dvac_chunk_factor_std,18,0.05046744644641876,1789807535.1410313,0
train/actor/dvac_chunk_factor_std,19,0.042400062084198,1789808504.5189247,0
train/actor/dvac_chunk_factor_std,20,0.04614831879734993,1789810001.2070308,0
train/actor/dvac_chunk_factor_std,21,0.04735870286822319,1789810981.2337506,0
train/actor/dvac_chunk_factor_std,22,0.0469767302274704,1789811946.7582688,0
train/actor/dvac_chunk_factor_std,23,0.04554248973727226,1789812924.768949,0
train/actor/dvac_chunk_factor_std,24,0.04891460761427879,1789813902.6819613,0
train/actor/dvac_chunk_factor_std,25,0.04749145358800888,1789815267.219009,0
train/actor/dvac_chunk_factor_std,26,0.046052806079387665,1789816231.472286,0
train/actor/dvac_chunk_factor_std,27,0.051396939903497696,1789817216.732599,0
train/actor/dvac_chunk_factor_std,28,0.053362809121608734,1789818222.148536,0
train/actor/dvac_chunk_factor_std,29,0.050961416214704514,1789819216.1562858,0
train/actor/dvac_chunk_factor_std,30,0.04623352363705635,1789820773.845792,0
train/actor/dvac_chunk_factor_std,31,0.048271212726831436,1789821769.921223,0
train/actor/dvac_chunk_factor_std,32,0.04664934426546097,1789822773.6626732,0
train/actor/dvac_chunk_factor_std,33,0.0488022081553936,1789823770.7379375,0
train/actor/dvac_chunk_factor_std,34,0.04670671373605728,1789824746.2533956,0
train/actor/dvac_chunk_factor_std,35,0.050020597875118256,1789826170.4176269,0
train/actor/dvac_chunk_factor_std,36,0.04496133327484131,1789827194.6876009,0
train/actor/dvac_chunk_factor_std,37,0.04589947313070297,1789828222.468858,0
train/actor/dvac_chunk_factor_std,38,0.05032507702708244,1789829234.3759146,0
train/actor/dvac_chunk_factor_std,39,0.05036397650837898,1789830254.4412677,0
train/actor/dvac_chunk_factor_std,40,0.049093130975961685,1789831783.1868281,0
train/actor/dvac_chunk_factor_std,41,0.05371523275971413,1789832778.6560774,0
train/actor/dvac_chunk_factor_std,42,0.04856632277369499,1789833783.2199569,0
train/actor/dvac_chunk_factor_std,43,0.0469384603202343,1789834768.302677,0
train/actor/dvac_chunk_factor_std,44,0.04800902679562569,1789835755.7540927,0
train/actor/dvac_chunk_factor_std,45,0.04678015783429146,1789837214.2035558,0
train/actor/dvac_chunk_factor_std,46,0.05427113547921181,1789838230.7140446,0
train/actor/dvac_chunk_factor_std,47,0.04457692801952362,1789839232.058145,0
train/actor/dvac_chunk_factor_std,48,0.0530741922557354,1789840234.217084,0
train/actor/dvac_chunk_factor_std,49,0.05020042136311531,1789841265.61564,0
train/actor/dvac_chunk_factor_std,50,0.0487264022231102,1789842831.0063927,0
train/actor/dvac_chunk_factor_std,51,0.04939853027462959,1789843858.074735,0
train/actor/dvac_chunk_factor_std,52,0.05079473555088043,1789844912.9186954,0
train/actor/dvac_chunk_factor_std,53,0.05191086605191231,1789845957.914533,0
train/actor/dvac_chunk_factor_std,54,0.048803701996803284,1789846991.28058,0
train/actor/dvac_chunk_factor_std,55,0.04691493138670921,1789848482.9993813,0
train/actor/dvac_chunk_factor_std,56,0.04806302487850189,1789849527.8666646,0
train/actor/dvac_chunk_factor_std,57,0.04947563633322716,1789850581.3923688,0
train/actor/dvac_chunk_factor_std,58,0.054969511926174164,1789851609.5823913,0
train/actor/dvac_chunk_factor_std,59,0.045865174382925034,1789852612.337777,0
train/actor/dvac_chunk_factor_std,60,0.051258426159620285,1789854177.1175797,0
train/actor/dvac_chunk_factor_std,61,0.052351586520671844,1789855186.4434323,0
train/actor/dvac_chunk_factor_std,62,0.053689878433942795,1789856199.3690355,0
train/actor/dvac_chunk_factor_std,63,0.049412671476602554,1789857216.452891,0
train/actor/dvac_chunk_factor_std,64,0.04924086481332779,1789858205.6116924,0
train/actor/dvac_chunk_factor_std,65,0.0489252433180809,1789859645.1490717,0
train/actor/dvac_chunk_factor_std,66,0.04864738509058952,1789860683.6543794,0
train/actor/dvac_chunk_factor_std,67,0.047762610018253326,1789861698.950135,0
train/actor/dvac_chunk_factor_std,68,0.050423312932252884,1789862716.9518628,0
train/actor/dvac_chunk_factor_std,69,0.044861193746328354,1789863729.2361672,0
train/actor/dvac_chunk_factor_std,70,0.04891935735940933,1789865283.6790562,0
train/actor/dvac_chunk_factor_std,71,0.048923589289188385,1789866307.797451,0
train/actor/dvac_chunk_factor_std,72,0.05050177499651909,1789867340.3881745,0
train/actor/dvac_chunk_factor_std,73,0.04654686152935028,1789868344.8466768,0
train/actor/dvac_chunk_factor_std,74,0.04847592115402222,1789869357.69019,0
train/actor/dvac_chunk_factor_std,75,0.043788276612758636,1789870806.4573588,0
train/actor/dvac_chunk_factor_std,76,0.050879184156656265,1789871806.416401,0
train/actor/dvac_chunk_factor_std,77,0.04902088642120361,1789872842.3407404,0
train/actor/dvac_chunk_factor_std,78,0.05272510647773743,1789873885.4231923,0
train/actor/dvac_chunk_factor_std,79,0.04842335358262062,1789874903.9170446,0
train/actor/dvac_chunk_factor_std,80,0.04826405271887779,1789876497.713916,0
train/actor/dvac_group_count,1,16.0,1789789806.594069,0
train/actor/dvac_group_count,2,16.0,1789790762.715216,0
train/actor/dvac_group_count,3,16.0,1789791713.1310382,0
train/actor/dvac_group_count,4,16.0,1789792659.5881073,0
train/actor/dvac_group_count,5,16.0,1789794005.1023004,0
train/actor/dvac_group_count,6,16.0,1789794969.3600502,0
train/actor/dvac_group_count,7,16.0,1789795944.0201604,0
train/actor/dvac_group_count,8,16.0,1789796916.945879,0
train/actor/dvac_group_count,9,16.0,1789797866.614016,0
train/actor/dvac_group_count,10,16.0,1789799347.0946732,0
train/actor/dvac_group_count,11,16.0,1789800315.0211933,0
train/actor/dvac_group_count,12,16.0,1789801323.0358431,0
train/actor/dvac_group_count,13,16.0,1789802278.3431444,0
train/actor/dvac_group_count,14,16.0,1789803237.591315,0
train/actor/dvac_group_count,15,16.0,1789804629.3257096,0
train/actor/dvac_group_count,16,16.0,1789805613.3393934,0
train/actor/dvac_group_count,17,16.0,1789806573.5767498,0
train/actor/dvac_group_count,18,16.0,1789807535.1410527,0
train/actor/dvac_group_count,19,16.0,1789808504.5189312,0
train/actor/dvac_group_count,20,16.0,1789810001.2070508,0
train/actor/dvac_group_count,21,16.0,1789810981.2337587,0
train/actor/dvac_group_count,22,16.0,1789811946.7582781,0
train/actor/dvac_group_count,23,16.0,1789812924.7689607,0
train/actor/dvac_group_count,24,16.0,1789813902.6819706,0
train/actor/dvac_group_count,25,16.0,1789815267.219015,0
train/actor/dvac_group_count,26,16.0,1789816231.4722939,0
train/actor/dvac_group_count,27,16.0,1789817216.732607,0
train/actor/dvac_group_count,28,16.0,1789818222.1485476,0
train/actor/dvac_group_count,29,16.0,1789819216.156294,0
train/actor/dvac_group_count,30,16.0,1789820773.8457997,0
train/actor/dvac_group_count,31,16.0,1789821769.921231,0
train/actor/dvac_group_count,32,16.0,1789822773.6626892,0
train/actor/dvac_group_count,33,16.0,1789823770.7379584,0
train/actor/dvac_group_count,34,16.0,1789824746.2534041,0
train/actor/dvac_group_count,35,16.0,1789826170.4176524,0
train/actor/dvac_group_count,36,16.0,1789827194.6876073,0
train/actor/dvac_group_count,37,16.0,1789828222.4688804,0
train/actor/dvac_group_count,38,16.0,1789829234.3759356,0
train/actor/dvac_group_count,39,16.0,1789830254.4412885,0
train/actor/dvac_group_count,40,16.0,1789831783.1868358,0
train/actor/dvac_group_count,41,16.0,1789832778.6560972,0
train/actor/dvac_group_count,42,16.0,1789833783.2199652,0
train/actor/dvac_group_count,43,16.0,1789834768.302696,0
train/actor/dvac_group_count,44,16.0,1789835755.7541008,0
train/actor/dvac_group_count,45,16.0,1789837214.2035623,0
train/actor/dvac_group_count,46,16.0,1789838230.714051,0
train/actor/dvac_group_count,47,16.0,1789839232.0581555,0
train/actor/dvac_group_count,48,16.0,1789840234.2171052,0
train/actor/dvac_group_count,49,16.0,1789841265.6156473,0
train/actor/dvac_group_count,50,16.0,1789842831.0064006,0
train/actor/dvac_group_count,51,16.0,1789843858.0747557,0
train/actor/dvac_group_count,52,16.0,1789844912.918724,0
train/actor/dvac_group_count,53,16.0,1789845957.9145408,0
train/actor/dvac_group_count,54,16.0,1789846991.2805865,0
train/actor/dvac_group_count,55,16.0,1789848482.999389,0
train/actor/dvac_group_count,56,16.0,1789849527.8666883,0
train/actor/dvac_group_count,57,16.0,1789850581.3923774,0
train/actor/dvac_group_count,58,16.0,1789851609.5823972,0
train/actor/dvac_group_count,59,16.0,1789852612.3377843,0
train/actor/dvac_group_count,60,16.0,1789854177.1176004,0
train/actor/dvac_group_count,61,16.0,1789855186.4434412,0
train/actor/dvac_group_count,62,16.0,1789856199.3690548,0
train/actor/dvac_group_count,63,16.0,1789857216.4529037,0
train/actor/dvac_group_count,64,16.0,1789858205.6117013,0
train/actor/dvac_group_count,65,16.0,1789859645.1490781,0
train/actor/dvac_group_count,66,16.0,1789860683.6544013,0
train/actor/dvac_group_count,67,16.0,1789861698.9501438,0
train/actor/dvac_group_count,68,16.0,1789862716.9518828,0
train/actor/dvac_group_count,69,16.0,1789863729.2361786,0
train/actor/dvac_group_count,70,16.0,1789865283.679064,0
train/actor/dvac_group_count,71,16.0,1789866307.797472,0
train/actor/dvac_group_count,72,16.0,1789867340.3881822,0
train/actor/dvac_group_count,73,16.0,1789868344.846689,0
train/actor/dvac_group_count,74,16.0,1789869357.6902018,0
train/actor/dvac_group_count,75,16.0,1789870806.4573648,0
train/actor/dvac_group_count,76,16.0,1789871806.4164212,0
train/actor/dvac_group_count,77,16.0,1789872842.340748,0
train/actor/dvac_group_count,78,16.0,1789873885.4232047,0
train/actor/dvac_group_count,79,16.0,1789874903.9170527,0
train/actor/dvac_group_count,80,16.0,1789876497.7139354,0
train/actor/dvac_local_center_error,1,1.7881393432617188e-07,1789789806.5940769,0
train/actor/dvac_local_center_error,2,2.384185791015625e-07,1789790762.7152238,0
train/actor/dvac_local_center_error,3,2.384185791015625e-07,1789791713.1310594,0
train/actor/dvac_local_center_error,4,1.7881393432617188e-07,1789792659.588129,0
train/actor/dvac_local_center_error,5,1.7881393432617188e-07,1789794005.1023073,0
train/actor/dvac_local_center_error,6,1.7881393432617188e-07,1789794969.360058,0
train/actor/dvac_local_center_error,7,1.7881393432617188e-07,1789795944.020183,0
train/actor/dvac_local_center_error,8,1.7881393432617188e-07,1789796916.9458919,0
train/actor/dvac_local_center_error,9,1.7881393432617188e-07,1789797866.6140373,0
train/actor/dvac_local_center_error,10,1.7881393432617188e-07,1789799347.0946825,0
train/actor/dvac_local_center_error,11,2.384185791015625e-07,1789800315.0212042,0
train/actor/dvac_local_center_error,12,1.7881393432617188e-07,1789801323.0358505,0
train/actor/dvac_local_center_error,13,1.7881393432617188e-07,1789802278.3431525,0
train/actor/dvac_local_center_error,14,1.7881393432617188e-07,1789803237.5913346,0
train/actor/dvac_local_center_error,15,2.384185791015625e-07,1789804629.3257296,0
train/actor/dvac_local_center_error,16,2.384185791015625e-07,1789805613.3394015,0
train/actor/dvac_local_center_error,17,2.384185791015625e-07,1789806573.5767589,0
train/actor/dvac_local_center_error,18,2.384185791015625e-07,1789807535.141073,0
train/actor/dvac_local_center_error,19,2.384185791015625e-07,1789808504.5189383,0
train/actor/dvac_local_center_error,20,2.384185791015625e-07,1789810001.207072,0
train/actor/dvac_local_center_error,21,1.7881393432617188e-07,1789810981.2337666,0
train/actor/dvac_local_center_error,22,1.7881393432617188e-07,1789811946.7582865,0
train/actor/dvac_local_center_error,23,1.7881393432617188e-07,1789812924.7689726,0
train/actor/dvac_local_center_error,24,1.7881393432617188e-07,1789813902.681979,0
train/actor/dvac_local_center_error,25,2.384185791015625e-07,1789815267.219022,0
train/actor/dvac_local_center_error,26,2.384185791015625e-07,1789816231.4723017,0
train/actor/dvac_local_center_error,27,1.7881393432617188e-07,1789817216.732615,0
train/actor/dvac_local_center_error,28,2.384185791015625e-07,1789818222.148562,0
train/actor/dvac_local_center_error,29,1.7881393432617188e-07,1789819216.156302,0
train/actor/dvac_local_center_error,30,1.7881393432617188e-07,1789820773.8458073,0
train/actor/dvac_local_center_error,31,2.384185791015625e-07,1789821769.921239,0
train/actor/dvac_local_center_error,32,1.7881393432617188e-07,1789822773.6627042,0
train/actor/dvac_local_center_error,33,1.7881393432617188e-07,1789823770.7379806,0
train/actor/dvac_local_center_error,34,1.7881393432617188e-07,1789824746.2534127,0
train/actor/dvac_local_center_error,35,1.7881393432617188e-07,1789826170.4176755,0
train/actor/dvac_local_center_error,36,1.7881393432617188e-07,1789827194.6876137,0
train/actor/dvac_local_center_error,37,1.7881393432617188e-07,1789828222.4689004,0
train/actor/dvac_local_center_error,38,1.7881393432617188e-07,1789829234.3759563,0
train/actor/dvac_local_center_error,39,1.7881393432617188e-07,1789830254.4413075,0
train/actor/dvac_local_center_error,40,1.7881393432617188e-07,1789831783.1868436,0
train/actor/dvac_local_center_error,41,1.7881393432617188e-07,1789832778.656117,0
train/actor/dvac_local_center_error,42,2.384185791015625e-07,1789833783.219973,0
train/actor/dvac_local_center_error,43,2.384185791015625e-07,1789834768.3027165,0
train/actor/dvac_local_center_error,44,2.384185791015625e-07,1789835755.754109,0
train/actor/dvac_local_center_error,45,2.384185791015625e-07,1789837214.203569,0
train/actor/dvac_local_center_error,46,1.7881393432617188e-07,1789838230.7140572,0
train/actor/dvac_local_center_error,47,2.384185791015625e-07,1789839232.0581634,0
train/actor/dvac_local_center_error,48,2.384185791015625e-07,1789840234.2171254,0
train/actor/dvac_local_center_error,49,1.7881393432617188e-07,1789841265.6156554,0
train/actor/dvac_local_center_error,50,1.7881393432617188e-07,1789842831.0064082,0
train/actor/dvac_local_center_error,51,2.384185791015625e-07,1789843858.0747764,0
train/actor/dvac_local_center_error,52,2.384185791015625e-07,1789844912.9187477,0
train/actor/dvac_local_center_error,53,1.7881393432617188e-07,1789845957.9145486,0
train/actor/dvac_local_center_error,54,1.7881393432617188e-07,1789846991.2805924,0
train/actor/dvac_local_center_error,55,1.7881393432617188e-07,1789848482.9993968,0
train/actor/dvac_local_center_error,56,2.384185791015625e-07,1789849527.8667083,0
train/actor/dvac_local_center_error,57,1.7881393432617188e-07,1789850581.392385,0
train/actor/dvac_local_center_error,58,2.384185791015625e-07,1789851609.5824032,0
train/actor/dvac_local_center_error,59,2.384185791015625e-07,1789852612.3377924,0
train/actor/dvac_local_center_error,60,1.7881393432617188e-07,1789854177.1176205,0
train/actor/dvac_local_center_error,61,2.384185791015625e-07,1789855186.4434483,0
train/actor/dvac_local_center_error,62,2.384185791015625e-07,1789856199.369075,0
train/actor/dvac_local_center_error,63,2.384185791015625e-07,1789857216.4529157,0
train/actor/dvac_local_center_error,64,1.7881393432617188e-07,1789858205.6117094,0
train/actor/dvac_local_center_error,65,1.7881393432617188e-07,1789859645.1490846,0
train/actor/dvac_local_center_error,66,1.7881393432617188e-07,1789860683.6544235,0
train/actor/dvac_local_center_error,67,2.384185791015625e-07,1789861698.9501514,0
train/actor/dvac_local_center_error,68,2.384185791015625e-07,1789862716.9519117,0
train/actor/dvac_local_center_error,69,1.7881393432617188e-07,1789863729.2361887,0
train/actor/dvac_local_center_error,70,2.384185791015625e-07,1789865283.6790714,0
train/actor/dvac_local_center_error,71,1.7881393432617188e-07,1789866307.797492,0
train/actor/dvac_local_center_error,72,3.5762786865234375e-07,1789867340.3881907,0
train/actor/dvac_local_center_error,73,2.384185791015625e-07,1789868344.8467014,0
train/actor/dvac_local_center_error,74,2.384185791015625e-07,1789869357.6902113,0
train/actor/dvac_local_center_error,75,2.384185791015625e-07,1789870806.457371,0
train/actor/dvac_local_center_error,76,2.384185791015625e-07,1789871806.416451,0
train/actor/dvac_local_center_error,77,2.384185791015625e-07,1789872842.3407567,0
train/actor/dvac_local_center_error,78,2.384185791015625e-07,1789873885.4232159,0
train/actor/dvac_local_center_error,79,2.384185791015625e-07,1789874903.9170606,0
train/actor/dvac_local_center_error,80,2.384185791015625e-07,1789876497.713955,0
train/actor/dvac_negative_adv_mass_ratio,1,1.0,1789789806.5940845,0
train/actor/dvac_negative_adv_mass_ratio,2,1.0,1789790762.715232,0
train/actor/dvac_negative_adv_mass_ratio,3,1.0,1789791713.131079,0
train/actor/dvac_negative_adv_mass_ratio,4,1.0,1789792659.5881498,0
train/actor/dvac_negative_adv_mass_ratio,5,1.0,1789794005.102314,0
train/actor/dvac_negative_adv_mass_ratio,6,1.0,1789794969.360067,0
train/actor/dvac_negative_adv_mass_ratio,7,1.0,1789795944.0202045,0
train/actor/dvac_negative_adv_mass_ratio,8,1.0,1789796916.9459047,0
train/actor/dvac_negative_adv_mass_ratio,9,1.0,1789797866.6140578,0
train/actor/dvac_negative_adv_mass_ratio,10,1.0,1789799347.0946915,0
train/actor/dvac_negative_adv_mass_ratio,11,1.0,1789800315.0212145,0
train/actor/dvac_negative_adv_mass_ratio,12,1.0,1789801323.0358582,0
train/actor/dvac_negative_adv_mass_ratio,13,1.0,1789802278.3431616,0
train/actor/dvac_negative_adv_mass_ratio,14,1.0,1789803237.5913548,0
train/actor/dvac_negative_adv_mass_ratio,15,1.0,1789804629.3257518,0
train/actor/dvac_negative_adv_mass_ratio,16,1.0,1789805613.3394094,0
train/actor/dvac_negative_adv_mass_ratio,17,1.0,1789806573.576767,0
train/actor/dvac_negative_adv_mass_ratio,18,1.0,1789807535.141093,0
train/actor/dvac_negative_adv_mass_ratio,19,1.0,1789808504.5189447,0
train/actor/dvac_negative_adv_mass_ratio,20,1.0,1789810001.2070909,0
train/actor/dvac_negative_adv_mass_ratio,21,1.0,1789810981.2337747,0
train/actor/dvac_negative_adv_mass_ratio,22,1.0,1789811946.7582934,0
train/actor/dvac_negative_adv_mass_ratio,23,1.0,1789812924.7689846,0
train/actor/dvac_negative_adv_mass_ratio,24,1.0,1789813902.6819868,0
train/actor/dvac_negative_adv_mass_ratio,25,1.0,1789815267.219028,0
train/actor/dvac_negative_adv_mass_ratio,26,1.0,1789816231.4723098,0
train/actor/dvac_negative_adv_mass_ratio,27,1.0,1789817216.7326229,0
train/actor/dvac_negative_adv_mass_ratio,28,1.0,1789818222.1485739,0
train/actor/dvac_negative_adv_mass_ratio,29,1.0,1789819216.1563103,0
train/actor/dvac_negative_adv_mass_ratio,30,1.0,1789820773.8458152,0
train/actor/dvac_negative_adv_mass_ratio,31,1.0,1789821769.9212472,0
train/actor/dvac_negative_adv_mass_ratio,32,1.0,1789822773.6627164,0
train/actor/dvac_negative_adv_mass_ratio,33,1.0,1789823770.738002,0
train/actor/dvac_negative_adv_mass_ratio,34,1.0,1789824746.2534208,0
train/actor/dvac_negative_adv_mass_ratio,35,1.0,1789826170.417698,0
train/actor/dvac_negative_adv_mass_ratio,36,1.0,1789827194.6876202,0
train/actor/dvac_negative_adv_mass_ratio,37,1.0,1789828222.4689205,0
train/actor/dvac_negative_adv_mass_ratio,38,1.0,1789829234.375979,0
train/actor/dvac_negative_adv_mass_ratio,39,1.0,1789830254.4413292,0
train/actor/dvac_negative_adv_mass_ratio,40,1.0,1789831783.1868515,0
train/actor/dvac_negative_adv_mass_ratio,41,1.0,1789832778.6561375,0
train/actor/dvac_negative_adv_mass_ratio,42,1.0,1789833783.2199812,0
train/actor/dvac_negative_adv_mass_ratio,43,1.0,1789834768.3027363,0
train/actor/dvac_negative_adv_mass_ratio,44,1.0,1789835755.7541165,0
train/actor/dvac_negative_adv_mass_ratio,45,1.0,1789837214.2035758,0
train/actor/dvac_negative_adv_mass_ratio,46,1.0,1789838230.7140636,0
train/actor/dvac_negative_adv_mass_ratio,47,1.0,1789839232.058172,0
train/actor/dvac_negative_adv_mass_ratio,48,1.0,1789840234.2171445,0
train/actor/dvac_negative_adv_mass_ratio,49,1.0,1789841265.6156642,0
train/actor/dvac_negative_adv_mass_ratio,50,1.0,1789842831.006416,0
train/actor/dvac_negative_adv_mass_ratio,51,1.0,1789843858.0747976,0
train/actor/dvac_negative_adv_mass_ratio,52,1.0,1789844912.918769,0
train/actor/dvac_negative_adv_mass_ratio,53,1.0,1789845957.9145567,0
train/actor/dvac_negative_adv_mass_ratio,54,1.0,1789846991.2805986,0
train/actor/dvac_negative_adv_mass_ratio,55,1.0,1789848482.9994051,0
train/actor/dvac_negative_adv_mass_ratio,56,1.0,1789849527.86673,0
train/actor/dvac_negative_adv_mass_ratio,57,1.0,1789850581.3923926,0
train/actor/dvac_negative_adv_mass_ratio,58,1.0,1789851609.5824094,0
train/actor/dvac_negative_adv_mass_ratio,59,1.0,1789852612.3378003,0
train/actor/dvac_negative_adv_mass_ratio,60,1.0,1789854177.1176405,0
train/actor/dvac_negative_adv_mass_ratio,61,1.0,1789855186.443456,0
train/actor/dvac_negative_adv_mass_ratio,62,1.0,1789856199.3690948,0
train/actor/dvac_negative_adv_mass_ratio,63,1.0,1789857216.452928,0
train/actor/dvac_negative_adv_mass_ratio,64,1.0,1789858205.611718,0
train/actor/dvac_negative_adv_mass_ratio,65,1.0,1789859645.1490908,0
train/actor/dvac_negative_adv_mass_ratio,66,1.0,1789860683.6544435,0
train/actor/dvac_negative_adv_mass_ratio,67,1.0,1789861698.9501593,0
train/actor/dvac_negative_adv_mass_ratio,68,1.0,1789862716.951933,0
train/actor/dvac_negative_adv_mass_ratio,69,1.0,1789863729.2361977,0
train/actor/dvac_negative_adv_mass_ratio,70,1.0,1789865283.679079,0
train/actor/dvac_negative_adv_mass_ratio,71,1.0,1789866307.7975125,0
train/actor/dvac_negative_adv_mass_ratio,72,1.0,1789867340.388199,0
train/actor/dvac_negative_adv_mass_ratio,73,1.0,1789868344.8467155,0
train/actor/dvac_negative_adv_mass_ratio,74,1.0,1789869357.6902218,0
train/actor/dvac_negative_adv_mass_ratio,75,1.0,1789870806.457377,0
train/actor/dvac_negative_adv_mass_ratio,76,1.0,1789871806.4164703,0
train/actor/dvac_negative_adv_mass_ratio,77,1.0,1789872842.340764,0
train/actor/dvac_negative_adv_mass_ratio,78,1.0,1789873885.423227,0
train/actor/dvac_negative_adv_mass_ratio,79,1.0,1789874903.917068,0
train/actor/dvac_negative_adv_mass_ratio,80,1.0,1789876497.7139745,0
train/actor/dvac_positive_adv_mass_ratio,1,1.0,1789789806.5940933,0
train/actor/dvac_positive_adv_mass_ratio,2,1.0,1789790762.7152407,0
train/actor/dvac_positive_adv_mass_ratio,3,0.9999998211860657,1789791713.1310976,0
train/actor/dvac_positive_adv_mass_ratio,4,1.0,1789792659.5881703,0
train/actor/dvac_positive_adv_mass_ratio,5,0.9999999403953552,1789794005.102321,0
train/actor/dvac_positive_adv_mass_ratio,6,1.0,1789794969.3600748,0
train/actor/dvac_positive_adv_mass_ratio,7,1.0000001192092896,1789795944.0202253,0
train/actor/dvac_positive_adv_mass_ratio,8,1.0,1789796916.9459162,0
train/actor/dvac_positive_adv_mass_ratio,9,1.0000001192092896,1789797866.6140769,0
train/actor/dvac_positive_adv_mass_ratio,10,0.9999999403953552,1789799347.0947,0
train/actor/dvac_positive_adv_mass_ratio,11,1.0,1789800315.021225,0
train/actor/dvac_positive_adv_mass_ratio,12,1.0,1789801323.035866,0
train/actor/dvac_positive_adv_mass_ratio,13,1.0,1789802278.3431697,0
train/actor/dvac_positive_adv_mass_ratio,14,1.000000238418579,1789803237.5913744,0
train/actor/dvac_positive_adv_mass_ratio,15,1.0000001192092896,1789804629.325772,0
train/actor/dvac_positive_adv_mass_ratio,16,1.0000001192092896,1789805613.339417,0
train/actor/dvac_positive_adv_mass_ratio,17,1.0000001192092896,1789806573.576775,0
train/actor/dvac_positive_adv_mass_ratio,18,1.0000001192092896,1789807535.1411161,0
train/actor/dvac_positive_adv_mass_ratio,19,1.0000001192092896,1789808504.5189514,0
train/actor/dvac_positive_adv_mass_ratio,20,1.0000001192092896,1789810001.207112,0
train/actor/dvac_positive_adv_mass_ratio,21,1.0000001192092896,1789810981.233783,0
train/actor/dvac_positive_adv_mass_ratio,22,1.0,1789811946.7582998,0
train/actor/dvac_positive_adv_mass_ratio,23,0.9999998211860657,1789812924.7689967,0
train/actor/dvac_positive_adv_mass_ratio,24,0.9999998807907104,1789813902.6819952,0
train/actor/dvac_positive_adv_mass_ratio,25,1.0,1789815267.2190344,0
train/actor/dvac_positive_adv_mass_ratio,26,1.0,1789816231.4723175,0
train/actor/dvac_positive_adv_mass_ratio,27,1.0,1789817216.732631,0
train/actor/dvac_positive_adv_mass_ratio,28,1.0000001192092896,1789818222.1485846,0
train/actor/dvac_positive_adv_mass_ratio,29,1.0000001192092896,1789819216.1563182,0
train/actor/dvac_positive_adv_mass_ratio,30,1.0,1789820773.8458233,0
train/actor/dvac_positive_adv_mass_ratio,31,1.0,1789821769.9212549,0
train/actor/dvac_positive_adv_mass_ratio,32,1.0,1789822773.6627276,0
train/actor/dvac_positive_adv_mass_ratio,33,1.0,1789823770.7380219,0
train/actor/dvac_positive_adv_mass_ratio,34,1.0,1789824746.2534287,0
train/actor/dvac_positive_adv_mass_ratio,35,1.0,1789826170.4177196,0
train/actor/dvac_positive_adv_mass_ratio,36,1.0,1789827194.6876268,0
train/actor/dvac_positive_adv_mass_ratio,37,0.9999998807907104,1789828222.46894,0
train/actor/dvac_positive_adv_mass_ratio,38,0.9999999403953552,1789829234.3760228,0
train/actor/dvac_positive_adv_mass_ratio,39,1.0000001192092896,1789830254.4413486,0
train/actor/dvac_positive_adv_mass_ratio,40,1.0000001192092896,1789831783.1868587,0
train/actor/dvac_positive_adv_mass_ratio,41,1.0,1789832778.6561577,0
train/actor/dvac_positive_adv_mass_ratio,42,1.0,1789833783.2200058,0
train/actor/dvac_positive_adv_mass_ratio,43,0.9999998211860657,1789834768.3027556,0
train/actor/dvac_positive_adv_mass_ratio,44,1.0000001192092896,1789835755.754124,0
train/actor/dvac_positive_adv_mass_ratio,45,0.9999998211860657,1789837214.2035818,0
train/actor/dvac_positive_adv_mass_ratio,46,1.0,1789838230.71407,0
train/actor/dvac_positive_adv_mass_ratio,47,1.0000001192092896,1789839232.0581799,0
train/actor/dvac_positive_adv_mass_ratio,48,1.0,1789840234.2171662,0
train/actor/dvac_positive_adv_mass_ratio,49,0.9999998807907104,1789841265.6156719,0
train/actor/dvac_positive_adv_mass_ratio,50,1.0000001192092896,1789842831.0064237,0
train/actor/dvac_positive_adv_mass_ratio,51,0.9999999403953552,1789843858.0748167,0
train/actor/dvac_positive_adv_mass_ratio,52,1.0000001192092896,1789844912.9187894,0
train/actor/dvac_positive_adv_mass_ratio,53,1.000000238418579,1789845957.9145644,0
train/actor/dvac_positive_adv_mass_ratio,54,1.0000001192092896,1789846991.2806041,0
train/actor/dvac_positive_adv_mass_ratio,55,1.0,1789848482.9994128,0
train/actor/dvac_positive_adv_mass_ratio,56,1.0000001192092896,1789849527.866752,0
train/actor/dvac_positive_adv_mass_ratio,57,1.0,1789850581.3924005,0
train/actor/dvac_positive_adv_mass_ratio,58,1.0,1789851609.5824153,0
train/actor/dvac_positive_adv_mass_ratio,59,1.0000001192092896,1789852612.3378077,0
train/actor/dvac_positive_adv_mass_ratio,60,0.9999998807907104,1789854177.1176608,0
train/actor/dvac_positive_adv_mass_ratio,61,1.0,1789855186.443464,0
train/actor/dvac_positive_adv_mass_ratio,62,1.0,1789856199.369115,0
train/actor/dvac_positive_adv_mass_ratio,63,1.0,1789857216.4529393,0
train/actor/dvac_positive_adv_mass_ratio,64,1.0000001192092896,1789858205.611726,0
train/actor/dvac_positive_adv_mass_ratio,65,0.9999999403953552,1789859645.149097,0
train/actor/dvac_positive_adv_mass_ratio,66,0.9999999403953552,1789860683.6544652,0
train/actor/dvac_positive_adv_mass_ratio,67,1.0000001192092896,1789861698.9501672,0
train/actor/dvac_positive_adv_mass_ratio,68,1.0,1789862716.9519525,0
train/actor/dvac_positive_adv_mass_ratio,69,1.0,1789863729.236207,0
train/actor/dvac_positive_adv_mass_ratio,70,1.0,1789865283.6790867,0
train/actor/dvac_positive_adv_mass_ratio,71,1.0,1789866307.7975345,0
train/actor/dvac_positive_adv_mass_ratio,72,0.9999999403953552,1789867340.3882077,0
train/actor/dvac_positive_adv_mass_ratio,73,1.0,1789868344.8467264,0
train/actor/dvac_positive_adv_mass_ratio,74,1.0,1789869357.6902313,0
train/actor/dvac_positive_adv_mass_ratio,75,1.0000001192092896,1789870806.4573832,0
train/actor/dvac_positive_adv_mass_ratio,76,1.0000001192092896,1789871806.4164903,0
train/actor/dvac_positive_adv_mass_ratio,77,1.0,1789872842.340772,0
train/actor/dvac_positive_adv_mass_ratio,78,1.0,1789873885.423239,0
train/actor/dvac_positive_adv_mass_ratio,79,1.0,1789874903.9170756,0
train/actor/dvac_positive_adv_mass_ratio,80,0.9999999403953552,1789876497.7139945,0
train/actor/dvac_valid_chunks,1,354.0,1789789806.5941014,0
train/actor/dvac_valid_chunks,2,426.0,1789790762.715248,0
train/actor/dvac_valid_chunks,3,390.0,1789791713.1311178,0
train/actor/dvac_valid_chunks,4,386.0,1789792659.5881891,0
train/actor/dvac_valid_chunks,5,381.0,1789794005.102327,0
train/actor/dvac_valid_chunks,6,424.0,1789794969.3600829,0
train/actor/dvac_valid_chunks,7,449.0,1789795944.0202465,0
train/actor/dvac_valid_chunks,8,422.0,1789796916.9459293,0
train/actor/dvac_valid_chunks,9,409.0,1789797866.6140969,0
train/actor/dvac_valid_chunks,10,412.0,1789799347.0947084,0
train/actor/dvac_valid_chunks,11,388.0,1789800315.0212348,0
train/actor/dvac_valid_chunks,12,330.0,1789801323.035874,0
train/actor/dvac_valid_chunks,13,314.0,1789802278.3431778,0
train/actor/dvac_valid_chunks,14,407.0,1789803237.5913954,0
train/actor/dvac_valid_chunks,15,457.0,1789804629.3257918,0
train/actor/dvac_valid_chunks,16,391.0,1789805613.3394248,0
train/actor/dvac_valid_chunks,17,395.0,1789806573.5767837,0
train/actor/dvac_valid_chunks,18,290.0,1789807535.141145,0
train/actor/dvac_valid_chunks,19,353.0,1789808504.5189576,0
train/actor/dvac_valid_chunks,20,395.0,1789810001.2071311,0
train/actor/dvac_valid_chunks,21,436.0,1789810981.2337925,0
train/actor/dvac_valid_chunks,22,444.0,1789811946.7583072,0
train/actor/dvac_valid_chunks,23,411.0,1789812924.7690077,0
train/actor/dvac_valid_chunks,24,355.0,1789813902.682003,0
train/actor/dvac_valid_chunks,25,409.0,1789815267.2190409,0
train/actor/dvac_valid_chunks,26,422.0,1789816231.472325,0
train/actor/dvac_valid_chunks,27,378.0,1789817216.732639,0
train/actor/dvac_valid_chunks,28,349.0,1789818222.1485932,0
train/actor/dvac_valid_chunks,29,341.0,1789819216.1563258,0
train/actor/dvac_valid_chunks,30,424.0,1789820773.845831,0
train/actor/dvac_valid_chunks,31,409.0,1789821769.9212632,0
train/actor/dvac_valid_chunks,32,353.0,1789822773.6627407,0
train/actor/dvac_valid_chunks,33,414.0,1789823770.7380412,0
train/actor/dvac_valid_chunks,34,464.0,1789824746.2534366,0
train/actor/dvac_valid_chunks,35,434.0,1789826170.4177392,0
train/actor/dvac_valid_chunks,36,416.0,1789827194.6876328,0
train/actor/dvac_valid_chunks,37,387.0,1789828222.4689598,0
train/actor/dvac_valid_chunks,38,417.0,1789829234.3760421,0
train/actor/dvac_valid_chunks,39,452.0,1789830254.4413683,0
train/actor/dvac_valid_chunks,40,331.0,1789831783.1868668,0
train/actor/dvac_valid_chunks,41,371.0,1789832778.6561763,0
train/actor/dvac_valid_chunks,42,386.0,1789833783.2200174,0
train/actor/dvac_valid_chunks,43,418.0,1789834768.3027954,0
train/actor/dvac_valid_chunks,44,384.0,1789835755.7541313,0
train/actor/dvac_valid_chunks,45,419.0,1789837214.2035878,0
train/actor/dvac_valid_chunks,46,413.0,1789838230.7140768,0
train/actor/dvac_valid_chunks,47,451.0,1789839232.0581877,0
train/actor/dvac_valid_chunks,48,375.0,1789840234.2171857,0
train/actor/dvac_valid_chunks,49,382.0,1789841265.6156797,0
train/actor/dvac_valid_chunks,50,472.0,1789842831.0064318,0
train/actor/dvac_valid_chunks,51,446.0,1789843858.0748374,0
train/actor/dvac_valid_chunks,52,429.0,1789844912.9188123,0
train/actor/dvac_valid_chunks,53,379.0,1789845957.914572,0
train/actor/dvac_valid_chunks,54,447.0,1789846991.2806103,0
train/actor/dvac_valid_chunks,55,381.0,1789848482.9994204,0
train/actor/dvac_valid_chunks,56,422.0,1789849527.8667722,0
train/actor/dvac_valid_chunks,57,298.0,1789850581.3924086,0
train/actor/dvac_valid_chunks,58,369.0,1789851609.582421,0
train/actor/dvac_valid_chunks,59,423.0,1789852612.337815,0
train/actor/dvac_valid_chunks,60,325.0,1789854177.1176808,0
train/actor/dvac_valid_chunks,61,437.0,1789855186.4434729,0
train/actor/dvac_valid_chunks,62,344.0,1789856199.369136,0
train/actor/dvac_valid_chunks,63,346.0,1789857216.4529507,0
train/actor/dvac_valid_chunks,64,421.0,1789858205.6117349,0
train/actor/dvac_valid_chunks,65,422.0,1789859645.1491032,0
train/actor/dvac_valid_chunks,66,425.0,1789860683.6544855,0
train/actor/dvac_valid_chunks,67,390.0,1789861698.950175,0
train/actor/dvac_valid_chunks,68,450.0,1789862716.9519727,0
train/actor/dvac_valid_chunks,69,423.0,1789863729.2362158,0
train/actor/dvac_valid_chunks,70,350.0,1789865283.6790938,0
train/actor/dvac_valid_chunks,71,384.0,1789866307.7975552,0
train/actor/dvac_valid_chunks,72,480.0,1789867340.3882155,0
train/actor/dvac_valid_chunks,73,481.0,1789868344.846743,0
train/actor/dvac_valid_chunks,74,347.0,1789869357.6902423,0
train/actor/dvac_valid_chunks,75,473.0,1789870806.4573894,0
train/actor/dvac_valid_chunks,76,415.0,1789871806.4165106,0
train/actor/dvac_valid_chunks,77,394.0,1789872842.3407793,0
train/actor/dvac_valid_chunks,78,462.0,1789873885.4232504,0
train/actor/dvac_valid_chunks,79,433.0,1789874903.917083,0
train/actor/dvac_valid_chunks,80,457.0,1789876497.7140145,0
train/actor/dvac_weight_max,1,1.3391879796981812,1789789806.5941095,0
train/actor/dvac_weight_max,2,1.365319013595581,1789790762.715256,0
train/actor/dvac_weight_max,3,1.3404775857925415,1789791713.1311383,0
train/actor/dvac_weight_max,4,1.340114951133728,1789792659.5882082,0
train/actor/dvac_weight_max,5,1.314841628074646,1789794005.1026614,0
train/actor/dvac_weight_max,6,1.330175518989563,1789794969.3600907,0
train/actor/dvac_weight_max,7,1.3312221765518188,1789795944.0202672,0
train/actor/dvac_weight_max,8,1.404118537902832,1789796916.9459426,0
train/actor/dvac_weight_max,9,1.3679686784744263,1789797866.6141164,0
train/actor/dvac_weight_max,10,1.3779956102371216,1789799347.094974,0
train/actor/dvac_weight_max,11,1.3634556531906128,1789800315.021245,0
train/actor/dvac_weight_max,12,1.344988465309143,1789801323.0358815,0
train/actor/dvac_weight_max,13,1.3082325458526611,1789802278.3431857,0
train/actor/dvac_weight_max,14,1.3566254377365112,1789803237.5914168,0
train/actor/dvac_weight_max,15,1.321419596672058,1789804629.3263369,0
train/actor/dvac_weight_max,16,1.3736014366149902,1789805613.3394327,0
train/actor/dvac_weight_max,17,1.3226113319396973,1789806573.5767918,0
train/actor/dvac_weight_max,18,1.3575992584228516,1789807535.1411743,0
train/actor/dvac_weight_max,19,1.362411379814148,1789808504.5189638,0
train/actor/dvac_weight_max,20,1.40569007396698,1789810001.20766,0
train/actor/dvac_weight_max,21,1.3458293676376343,1789810981.2338004,0
train/actor/dvac_weight_max,22,1.3566312789916992,1789811946.758314,0
train/actor/dvac_weight_max,23,1.3560525178909302,1789812924.7690196,0
train/actor/dvac_weight_max,24,1.3713505268096924,1789813902.682011,0
train/actor/dvac_weight_max,25,1.3638640642166138,1789815267.2192676,0
train/actor/dvac_weight_max,26,1.3742542266845703,1789816231.4723327,0
train/actor/dvac_weight_max,27,1.3484331369400024,1789817216.732647,0
train/actor/dvac_weight_max,28,1.355414628982544,1789818222.1486008,0
train/actor/dvac_weight_max,29,1.3500523567199707,1789819216.1563332,0
train/actor/dvac_weight_max,30,1.361291527748108,1789820773.8463504,0
train/actor/dvac_weight_max,31,1.3550374507904053,1789821769.921271,0
train/actor/dvac_weight_max,32,1.318272590637207,1789822773.6627529,0
train/actor/dvac_weight_max,33,1.3688377141952515,1789823770.738063,0
train/actor/dvac_weight_max,34,1.3894259929656982,1789824746.2534451,0
train/actor/dvac_weight_max,35,1.354060173034668,1789826170.4182582,0
train/actor/dvac_weight_max,36,1.3722600936889648,1789827194.6876397,0
train/actor/dvac_weight_max,37,1.3864892721176147,1789828222.4689815,0
train/actor/dvac_weight_max,38,1.3449294567108154,1789829234.3760614,0
train/actor/dvac_weight_max,39,1.3371529579162598,1789830254.4413872,0
train/actor/dvac_weight_max,40,1.3562860488891602,1789831783.187359,0
train/actor/dvac_weight_max,41,1.318638563156128,1789832778.6561954,0
train/actor/dvac_weight_max,42,1.3225435018539429,1789833783.2200363,0
train/actor/dvac_weight_max,43,1.3338725566864014,1789834768.3028162,0
train/actor/dvac_weight_max,44,1.3693503141403198,1789835755.7541387,0
train/actor/dvac_weight_max,45,1.3608876466751099,1789837214.2037601,0
train/actor/dvac_weight_max,46,1.3771307468414307,1789838230.7140837,0
train/actor/dvac_weight_max,47,1.3536680936813354,1789839232.058196,0
train/actor/dvac_weight_max,48,1.3445701599121094,1789840234.2172062,0
train/actor/dvac_weight_max,49,1.3618614673614502,1789841265.615687,0
train/actor/dvac_weight_max,50,1.36039137840271,1789842831.0067403,0
train/actor/dvac_weight_max,51,1.3576422929763794,1789843858.0748572,0
train/actor/dvac_weight_max,52,1.3602755069732666,1789844912.9188325,0
train/actor/dvac_weight_max,53,1.3544950485229492,1789845957.91458,0
train/actor/dvac_weight_max,54,1.333458423614502,1789846991.2806165,0
train/actor/dvac_weight_max,55,1.3535314798355103,1789848482.9997833,0
train/actor/dvac_weight_max,56,1.3290249109268188,1789849527.8667939,0
train/actor/dvac_weight_max,57,1.3189202547073364,1789850581.3924174,0
train/actor/dvac_weight_max,58,1.3936612606048584,1789851609.5824268,0
train/actor/dvac_weight_max,59,1.3667151927947998,1789852612.3378224,0
train/actor/dvac_weight_max,60,1.3634883165359497,1789854177.1179247,0
train/actor/dvac_weight_max,61,1.3781800270080566,1789855186.4434807,0
train/actor/dvac_weight_max,62,1.350292444229126,1789856199.3691568,0
train/actor/dvac_weight_max,63,1.3395910263061523,1789857216.4529622,0
train/actor/dvac_weight_max,64,1.366659164428711,1789858205.6117437,0
train/actor/dvac_weight_max,65,1.3546358346939087,1789859645.1492877,0
train/actor/dvac_weight_max,66,1.3962064981460571,1789860683.6545067,0
train/actor/dvac_weight_max,67,1.3656429052352905,1789861698.9501824,0
train/actor/dvac_weight_max,68,1.3693780899047852,1789862716.9520125,0
train/actor/dvac_weight_max,69,1.3395932912826538,1789863729.2362247,0
train/actor/dvac_weight_max,70,1.355334758758545,1789865283.6794562,0
train/actor/dvac_weight_max,71,1.3405877351760864,1789866307.7975748,0
train/actor/dvac_weight_max,72,1.3651546239852905,1789867340.3882232,0
train/actor/dvac_weight_max,73,1.384064793586731,1789868344.8467586,0
train/actor/dvac_weight_max,74,1.3779056072235107,1789869357.6902523,0
train/actor/dvac_weight_max,75,1.371713638305664,1789870806.4577293,0
train/actor/dvac_weight_max,76,1.344951868057251,1789871806.4165306,0
train/actor/dvac_weight_max,77,1.3330858945846558,1789872842.3407872,0
train/actor/dvac_weight_max,78,1.3834202289581299,1789873885.4232614,0
train/actor/dvac_weight_max,79,1.353976845741272,1789874903.9170907,0
train/actor/dvac_weight_max,80,1.3371237516403198,1789876497.7145739,0
train/actor/dvac_weight_mean,1,0.9999999403953552,1789789806.5941172,0
train/actor/dvac_weight_mean,2,0.9999999403953552,1789790762.7152638,0
train/actor/dvac_weight_mean,3,1.0,1789791713.1311579,0
train/actor/dvac_weight_mean,4,0.9999999403953552,1789792659.5882294,0
train/actor/dvac_weight_mean,5,1.0000001192092896,1789794005.1026802,0
train/actor/dvac_weight_mean,6,1.0000001192092896,1789794969.3600986,0
train/actor/dvac_weight_mean,7,1.0000001192092896,1789795944.0202873,0
train/actor/dvac_weight_mean,8,1.0,1789796916.9459546,0
train/actor/dvac_weight_mean,9,1.0000001192092896,1789797866.6141365,0
train/actor/dvac_weight_mean,10,1.0,1789799347.0949829,0
train/actor/dvac_weight_mean,11,1.0,1789800315.021255,0
train/actor/dvac_weight_mean,12,1.0,1789801323.035889,0
train/actor/dvac_weight_mean,13,1.0,1789802278.3431935,0
train/actor/dvac_weight_mean,14,1.0,1789803237.5914376,0
train/actor/dvac_weight_mean,15,1.0,1789804629.32636,0
train/actor/dvac_weight_mean,16,0.9999999403953552,1789805613.3394408,0
train/actor/dvac_weight_mean,17,1.0,1789806573.5767992,0
train/actor/dvac_weight_mean,18,1.0,1789807535.1411984,0
train/actor/dvac_weight_mean,19,1.0000001192092896,1789808504.5189693,0
train/actor/dvac_weight_mean,20,1.0,1789810001.2076836,0
train/actor/dvac_weight_mean,21,1.0,1789810981.2338088,0
train/actor/dvac_weight_mean,22,1.0,1789811946.7583208,0
train/actor/dvac_weight_mean,23,1.0,1789812924.7690315,0
train/actor/dvac_weight_mean,24,1.0000001192092896,1789813902.682018,0
train/actor/dvac_weight_mean,25,0.9999999403953552,1789815267.2192755,0
train/actor/dvac_weight_mean,26,1.0,1789816231.47234,0
train/actor/dvac_weight_mean,27,1.0,1789817216.7326546,0
train/actor/dvac_weight_mean,28,1.0,1789818222.1486092,0
train/actor/dvac_weight_mean,29,1.0,1789819216.1563406,0
train/actor/dvac_weight_mean,30,1.0,1789820773.8463602,0
train/actor/dvac_weight_mean,31,1.0000001192092896,1789821769.9212787,0
train/actor/dvac_weight_mean,32,1.0000001192092896,1789822773.6627636,0
train/actor/dvac_weight_mean,33,1.0,1789823770.7380836,0
train/actor/dvac_weight_mean,34,0.9999999403953552,1789824746.2534533,0
train/actor/dvac_weight_mean,35,1.0,1789826170.418279,0
train/actor/dvac_weight_mean,36,1.0,1789827194.6876462,0
train/actor/dvac_weight_mean,37,1.0,1789828222.4690013,0
train/actor/dvac_weight_mean,38,1.0,1789829234.3760808,0
train/actor/dvac_weight_mean,39,1.0,1789830254.441406,0
train/actor/dvac_weight_mean,40,1.0000001192092896,1789831783.1873677,0
train/actor/dvac_weight_mean,41,1.0,1789832778.6562145,0
train/actor/dvac_weight_mean,42,1.0,1789833783.2200484,0
train/actor/dvac_weight_mean,43,1.0,1789834768.3028371,0
train/actor/dvac_weight_mean,44,1.0,1789835755.7541468,0
train/actor/dvac_weight_mean,45,1.0,1789837214.203767,0
train/actor/dvac_weight_mean,46,1.0,1789838230.7140896,0
train/actor/dvac_weight_mean,47,1.0,1789839232.058204,0
train/actor/dvac_weight_mean,48,1.0,1789840234.217225,0
train/actor/dvac_weight_mean,49,1.0,1789841265.6156948,0
train/actor/dvac_weight_mean,50,1.0,1789842831.0067482,0
train/actor/dvac_weight_mean,51,1.0000001192092896,1789843858.0748768,0
train/actor/dvac_weight_mean,52,1.0,1789844912.9188519,0
train/actor/dvac_weight_mean,53,1.0000001192092896,1789845957.9145877,0
train/actor/dvac_weight_mean,54,1.0,1789846991.280623,0
train/actor/dvac_weight_mean,55,1.0,1789848482.9997919,0
train/actor/dvac_weight_mean,56,0.9999999403953552,1789849527.8668144,0
train/actor/dvac_weight_mean,57,1.0,1789850581.3924253,0
train/actor/dvac_weight_mean,58,1.0000001192092896,1789851609.5824332,0
train/actor/dvac_weight_mean,59,1.0,1789852612.33783,0
train/actor/dvac_weight_mean,60,1.0,1789854177.117944,0
train/actor/dvac_weight_mean,61,0.9999999403953552,1789855186.443488,0
train/actor/dvac_weight_mean,62,1.0,1789856199.3691766,0
train/actor/dvac_weight_mean,63,1.0,1789857216.4529736,0
train/actor/dvac_weight_mean,64,1.0000001192092896,1789858205.6117537,0
train/actor/dvac_weight_mean,65,0.9999999403953552,1789859645.1492944,0
train/actor/dvac_weight_mean,66,1.0,1789860683.654526,0
train/actor/dvac_weight_mean,67,1.0,1789861698.9501898,0
train/actor/dvac_weight_mean,68,1.0,1789862716.9520323,0
train/actor/dvac_weight_mean,69,1.0,1789863729.2362342,0
train/actor/dvac_weight_mean,70,1.0000001192092896,1789865283.6794658,0
train/actor/dvac_weight_mean,71,1.0,1789866307.7975945,0
train/actor/dvac_weight_mean,72,1.0,1789867340.3882306,0
train/actor/dvac_weight_mean,73,1.0,1789868344.846771,0
train/actor/dvac_weight_mean,74,1.0,1789869357.6902616,0
train/actor/dvac_weight_mean,75,1.0,1789870806.4577367,0
train/actor/dvac_weight_mean,76,1.0,1789871806.416551,0
train/actor/dvac_weight_mean,77,1.0,1789872842.3407946,0
train/actor/dvac_weight_mean,78,0.9999999403953552,1789873885.4232726,0
train/actor/dvac_weight_mean,79,1.0,1789874903.9170976,0
train/actor/dvac_weight_mean,80,0.9999999403953552,1789876497.7145975,0
train/actor/dvac_weight_min,1,0.7694263458251953,1789789806.5941257,0
train/actor/dvac_weight_min,2,0.745509147644043,1789790762.7152715,0
train/actor/dvac_weight_min,3,0.7634010910987854,1789791713.131179,0
train/actor/dvac_weight_min,4,0.7474368810653687,1789792659.5882502,0
train/actor/dvac_weight_min,5,0.7552301287651062,1789794005.102693,0
train/actor/dvac_weight_min,6,0.7497026920318604,1789794969.3601062,0
train/actor/dvac_weight_min,7,0.744850754737854,1789795944.02031,0
train/actor/dvac_weight_min,8,0.7571795582771301,1789796916.9459674,0
train/actor/dvac_weight_min,9,0.7582775950431824,1789797866.6141567,0
train/actor/dvac_weight_min,10,0.7347630262374878,1789799347.0949905,0
train/actor/dvac_weight_min,11,0.7539356350898743,1789800315.0212643,0
train/actor/dvac_weight_min,12,0.7421997785568237,1789801323.0358963,0
train/actor/dvac_weight_min,13,0.7365415096282959,1789802278.3432014,0
train/actor/dvac_weight_min,14,0.7619335651397705,1789803237.5914571,0
train/actor/dvac_weight_min,15,0.7533608078956604,1789804629.3263807,0
train/actor/dvac_weight_min,16,0.7494439482688904,1789805613.3394482,0
train/actor/dvac_weight_min,17,0.753487765789032,1789806573.5768082,0
train/actor/dvac_weight_min,18,0.7646617293357849,1789807535.1412177,0
train/actor/dvac_weight_min,19,0.7489041090011597,1789808504.5189755,0
train/actor/dvac_weight_min,20,0.7549967765808105,1789810001.2077038,0
train/actor/dvac_weight_min,21,0.7327994108200073,1789810981.2338164,0
train/actor/dvac_weight_min,22,0.7631067037582397,1789811946.7583277,0
train/actor/dvac_weight_min,23,0.754423975944519,1789812924.769043,0
train/actor/dvac_weight_min,24,0.7485717535018921,1789813902.6820257,0
train/actor/dvac_weight_min,25,0.7539258599281311,1789815267.219283,0
train/actor/dvac_weight_min,26,0.7446267604827881,1789816231.472347,0
train/actor/dvac_weight_min,27,0.7562005519866943,1789817216.732662,0
train/actor/dvac_weight_min,28,0.7698447704315186,1789818222.1486173,0
train/actor/dvac_weight_min,29,0.758332371711731,1789819216.156348,0
train/actor/dvac_weight_min,30,0.7614551186561584,1789820773.8463683,0
train/actor/dvac_weight_min,31,0.7656046152114868,1789821769.9212866,0
train/actor/dvac_weight_min,32,0.7530985474586487,1789822773.6627743,0
train/actor/dvac_weight_min,33,0.7565720677375793,1789823770.7381048,0
train/actor/dvac_weight_min,34,0.7216021418571472,1789824746.2534606,0
train/actor/dvac_weight_min,35,0.7290583252906799,1789826170.4183,0
train/actor/dvac_weight_min,36,0.7663943767547607,1789827194.6876528,0
train/actor/dvac_weight_min,37,0.7471760511398315,1789828222.4690204,0
train/actor/dvac_weight_min,38,0.7553634643554688,1789829234.3760989,0
train/actor/dvac_weight_min,39,0.7506752014160156,1789830254.441426,0
train/actor/dvac_weight_min,40,0.7463396787643433,1789831783.1873755,0
train/actor/dvac_weight_min,41,0.7491529583930969,1789832778.6562335,0
train/actor/dvac_weight_min,42,0.748010516166687,1789833783.2200606,0
train/actor/dvac_weight_min,43,0.751135528087616,1789834768.3028572,0
train/actor/dvac_weight_min,44,0.743806779384613,1789835755.7541542,0
train/actor/dvac_weight_min,45,0.7257778644561768,1789837214.2037735,0
train/actor/dvac_weight_min,46,0.7499224543571472,1789838230.7140963,0
train/actor/dvac_weight_min,47,0.7355808615684509,1789839232.0582125,0
train/actor/dvac_weight_min,48,0.7353193759918213,1789840234.2172446,0
train/actor/dvac_weight_min,49,0.7133486270904541,1789841265.615703,0
train/actor/dvac_weight_min,50,0.7313399910926819,1789842831.006756,0
train/actor/dvac_weight_min,51,0.7283426523208618,1789843858.0748951,0
train/actor/dvac_weight_min,52,0.7218475341796875,1789844912.9188724,0
train/actor/dvac_weight_min,53,0.7313247323036194,1789845957.9145954,0
train/actor/dvac_weight_min,54,0.7487409710884094,1789846991.280629,0
train/actor/dvac_weight_min,55,0.7439494132995605,1789848482.9998,0
train/actor/dvac_weight_min,56,0.7357630133628845,1789849527.8668334,0
train/actor/dvac_weight_min,57,0.7407305240631104,1789850581.3924322,0
train/actor/dvac_weight_min,58,0.7372850179672241,1789851609.582439,0
train/actor/dvac_weight_min,59,0.7445763945579529,1789852612.337838,0
train/actor/dvac_weight_min,60,0.758490800857544,1789854177.1179638,0
train/actor/dvac_weight_min,61,0.7607738375663757,1789855186.4434958,0
train/actor/dvac_weight_min,62,0.7617773413658142,1789856199.3691957,0
train/actor/dvac_weight_min,63,0.7545319199562073,1789857216.4529848,0
train/actor/dvac_weight_min,64,0.7475625276565552,1789858205.6117632,0
train/actor/dvac_weight_min,65,0.7512162327766418,1789859645.1493006,0
train/actor/dvac_weight_min,66,0.7590782642364502,1789860683.6545439,0
train/actor/dvac_weight_min,67,0.7391601204872131,1789861698.9501972,0
train/actor/dvac_weight_min,68,0.7330175638198853,1789862716.9520519,0
train/actor/dvac_weight_min,69,0.7268107533454895,1789863729.2362437,0
train/actor/dvac_weight_min,70,0.7386775612831116,1789865283.6794739,0
train/actor/dvac_weight_min,71,0.7504835724830627,1789866307.7976155,0
train/actor/dvac_weight_min,72,0.7502766251564026,1789867340.388239,0
train/actor/dvac_weight_min,73,0.7446225881576538,1789868344.8467846,0
train/actor/dvac_weight_min,74,0.7414902448654175,1789869357.6902714,0
train/actor/dvac_weight_min,75,0.7340409755706787,1789870806.457743,0
train/actor/dvac_weight_min,76,0.7526271939277649,1789871806.4165719,0
train/actor/dvac_weight_min,77,0.7601296901702881,1789872842.3408017,0
train/actor/dvac_weight_min,78,0.7451256513595581,1789873885.4232838,0
train/actor/dvac_weight_min,79,0.7629404067993164,1789874903.9171047,0
train/actor/dvac_weight_min,80,0.7648174166679382,1789876497.7146182,0
train/actor/dvac_weight_sq_mean,1,1.0036810636520386,1789789806.5943413,0
train/actor/dvac_weight_sq_mean,2,1.00332772731781,1789790762.7155635,0
train/actor/dvac_weight_sq_mean,3,1.0038970708847046,1789791713.1317387,0
train/actor/dvac_weight_sq_mean,4,1.003853678703308,1789792659.588712,0
train/actor/dvac_weight_sq_mean,5,1.0042436122894287,1789794005.1027088,0
train/actor/dvac_weight_sq_mean,6,1.002949833869934,1789794969.3603055,0
train/actor/dvac_weight_sq_mean,7,1.0034934282302856,1789795944.0206258,0
train/actor/dvac_weight_sq_mean,8,1.0035508871078491,1789796916.9463375,0
train/actor/dvac_weight_sq_mean,9,1.0042353868484497,1789797866.6144285,0
train/actor/dvac_weight_sq_mean,10,1.0037853717803955,1789799347.0949993,0
train/actor/dvac_weight_sq_mean,11,1.0039613246917725,1789800315.0218642,0
train/actor/dvac_weight_sq_mean,12,1.0039892196655273,1789801323.0363038,0
train/actor/dvac_weight_sq_mean,13,1.0045509338378906,1789802278.3434432,0
train/actor/dvac_weight_sq_mean,14,1.0036532878875732,1789803237.5920537,0
train/actor/dvac_weight_sq_mean,15,1.003050446510315,1789804629.3264015,0
train/actor/dvac_weight_sq_mean,16,1.0036286115646362,1789805613.339709,0
train/actor/dvac_weight_sq_mean,17,1.0037204027175903,1789806573.5773523,0
train/actor/dvac_weight_sq_mean,18,1.0045541524887085,1789807535.1416423,0
train/actor/dvac_weight_sq_mean,19,1.0034292936325073,1789808504.5192165,0
train/actor/dvac_weight_sq_mean,20,1.003522515296936,1789810001.2077239,0
train/actor/dvac_weight_sq_mean,21,1.0041782855987549,1789810981.2341485,0
train/actor/dvac_weight_sq_mean,22,1.003943681716919,1789811946.7586691,0
train/actor/dvac_weight_sq_mean,23,1.0039172172546387,1789812924.7695227,0
train/actor/dvac_weight_sq_mean,24,1.0042780637741089,1789813902.6822643,0
train/actor/dvac_weight_sq_mean,25,1.0041898488998413,1789815267.21929,0
train/actor/dvac_weight_sq_mean,26,1.0036464929580688,1789816231.472586,0
train/actor/dvac_weight_sq_mean,27,1.0047526359558105,1789817216.733379,0
train/actor/dvac_weight_sq_mean,28,1.0050050020217896,1789818222.1490233,0
train/actor/dvac_weight_sq_mean,29,1.0047796964645386,1789819216.1569011,0
train/actor/dvac_weight_sq_mean,30,1.0036975145339966,1789820773.8463805,0
train/actor/dvac_weight_sq_mean,31,1.0042237043380737,1789821769.9215674,0
train/actor/dvac_weight_sq_mean,32,1.0038591623306274,1789822773.6630006,0
train/actor/dvac_weight_sq_mean,33,1.0043206214904785,1789823770.7386675,0
train/actor/dvac_weight_sq_mean,34,1.0040349960327148,1789824746.2540152,0
train/actor/dvac_weight_sq_mean,35,1.0045276880264282,1789826170.4183214,0
train/actor/dvac_weight_sq_mean,36,1.0035923719406128,1789827194.6879268,0
train/actor/dvac_weight_sq_mean,37,1.0037283897399902,1789828222.4692523,0
train/actor/dvac_weight_sq_mean,38,1.004459023475647,1789829234.3763008,0
train/actor/dvac_weight_sq_mean,39,1.0043730735778809,1789830254.441966,0
train/actor/dvac_weight_sq_mean,40,1.0043271780014038,1789831783.187384,0
train/actor/dvac_weight_sq_mean,41,1.0051404237747192,1789832778.6565886,0
train/actor/dvac_weight_sq_mean,42,1.0041985511779785,1789833783.2204516,0
train/actor/dvac_weight_sq_mean,43,1.0039459466934204,1789834768.303206,0
train/actor/dvac_weight_sq_mean,44,1.0041639804840088,1789835755.7544973,0
train/actor/dvac_weight_sq_mean,45,1.0039390325546265,1789837214.2037792,0
train/actor/dvac_weight_sq_mean,46,1.0051096677780151,1789838230.7142792,0
train/actor/dvac_weight_sq_mean,47,1.0035520792007446,1789839232.058552,0
train/actor/dvac_weight_sq_mean,48,1.0049904584884644,1789840234.2174902,0
train/actor/dvac_weight_sq_mean,49,1.0043418407440186,1789841265.6162274,0
train/actor/dvac_weight_sq_mean,50,1.0042078495025635,1789842831.006764,0
train/actor/dvac_weight_sq_mean,51,1.004454493522644,1789843858.0754662,0
train/actor/dvac_weight_sq_mean,52,1.0046470165252686,1789844912.9191236,0
train/actor/dvac_weight_sq_mean,53,1.0047962665557861,1789845957.9149356,0
train/actor/dvac_weight_sq_mean,54,1.0041441917419434,1789846991.2809384,0
train/actor/dvac_weight_sq_mean,55,1.0040054321289062,1789848482.9998138,0
train/actor/dvac_weight_sq_mean,56,1.0041910409927368,1789849527.8673706,0
train/actor/dvac_weight_sq_mean,57,1.0042742490768433,1789850581.3926454,0
train/actor/dvac_weight_sq_mean,58,1.0052019357681274,1789851609.5826159,0
train/actor/dvac_weight_sq_mean,59,1.0037230253219604,1789852612.338007,0
train/actor/dvac_weight_sq_mean,60,1.0044623613357544,1789854177.1179838,0
train/actor/dvac_weight_sq_mean,61,1.0049264430999756,1789855186.4437175,0
train/actor/dvac_weight_sq_mean,62,1.0052191019058228,1789856199.369549,0
train/actor/dvac_weight_sq_mean,63,1.00453519821167,1789857216.4537036,0
train/actor/dvac_weight_sq_mean,64,1.0046648979187012,1789858205.61198,0
train/actor/dvac_weight_sq_mean,65,1.0041108131408691,1789859645.1493065,0
train/actor/dvac_weight_sq_mean,66,1.0040462017059326,1789860683.6547508,0
train/actor/dvac_weight_sq_mean,67,1.0038889646530151,1789861698.9504147,0
train/actor/dvac_weight_sq_mean,68,1.0042356252670288,1789862716.9522603,0
train/actor/dvac_weight_sq_mean,69,1.003505825996399,1789863729.2366335,0
train/actor/dvac_weight_sq_mean,70,1.0040867328643799,1789865283.6794815,0
train/actor/dvac_weight_sq_mean,71,1.004131555557251,1789866307.7978165,0
train/actor/dvac_weight_sq_mean,72,1.0044586658477783,1789867340.388419,0
train/actor/dvac_weight_sq_mean,73,1.003771185874939,1789868344.8470762,0
train/actor/dvac_weight_sq_mean,74,1.0037046670913696,1789869357.690804,0
train/actor/dvac_weight_sq_mean,75,1.0035581588745117,1789870806.4577494,0
train/actor/dvac_weight_sq_mean,76,1.0044244527816772,1789871806.4170988,0
train/actor/dvac_weight_sq_mean,77,1.0040843486785889,1789872842.3410556,0
train/actor/dvac_weight_sq_mean,78,1.0046098232269287,1789873885.4235034,0
train/actor/dvac_weight_sq_mean,79,1.0037764310836792,1789874903.9173133,0
train/actor/dvac_weight_sq_mean,80,1.0040017366409302,1789876497.7146409,0
train/actor/entropy_loss,1,0.0,1789789806.5943496,0
train/actor/entropy_loss,2,0.0,1789790762.715573,0
train/actor/entropy_loss,3,0.0,1789791713.1317632,0
train/actor/entropy_loss,4,0.0,1789792659.5887365,0
train/actor/entropy_loss,5,0.0,1789794005.1027203,0
train/actor/entropy_loss,6,0.0,1789794969.360314,0
train/actor/entropy_loss,7,0.0,1789795944.020648,0
train/actor/entropy_loss,8,0.0,1789796916.9463515,0
train/actor/entropy_loss,9,0.0,1789797866.61446,0
train/actor/entropy_loss,10,0.0,1789799347.0950072,0
train/actor/entropy_loss,11,0.0,1789800315.0218859,0
train/actor/entropy_loss,12,0.0,1789801323.0363286,0
train/actor/entropy_loss,13,0.0,1789802278.3434532,0
train/actor/entropy_loss,14,0.0,1789803237.5920768,0
train/actor/entropy_loss,15,0.0,1789804629.3264222,0
train/actor/entropy_loss,16,0.0,1789805613.3397183,0
train/actor/entropy_loss,17,0.0,1789806573.577362,0
train/actor/entropy_loss,18,0.0,1789807535.1416996,0
train/actor/entropy_loss,19,0.0,1789808504.5192251,0
train/actor/entropy_loss,20,0.0,1789810001.2077448,0
train/actor/entropy_loss,21,0.0,1789810981.2341576,0
train/actor/entropy_loss,22,0.0,1789811946.758676,0
train/actor/entropy_loss,23,0.0,1789812924.7695343,0
train/actor/entropy_loss,24,0.0,1789813902.6822746,0
train/actor/entropy_loss,25,0.0,1789815267.2192967,0
train/actor/entropy_loss,26,0.0,1789816231.4725962,0
train/actor/entropy_loss,27,0.0,1789817216.7333887,0
train/actor/entropy_loss,28,0.0,1789818222.1490521,0
train/actor/entropy_loss,29,0.0,1789819216.1569111,0
train/actor/entropy_loss,30,0.0,1789820773.8463902,0
train/actor/entropy_loss,31,0.0,1789821769.921576,0
train/actor/entropy_loss,32,0.0,1789822773.663014,0
train/actor/entropy_loss,33,0.0,1789823770.738692,0
train/actor/entropy_loss,34,0.0,1789824746.254025,0
train/actor/entropy_loss,35,0.0,1789826170.4183414,0
train/actor/entropy_loss,36,0.0,1789827194.6879337,0
train/actor/entropy_loss,37,0.0,1789828222.469273,0
train/actor/entropy_loss,38,0.0,1789829234.376324,0
train/actor/entropy_loss,39,0.0,1789830254.4420075,0
train/actor/entropy_loss,40,0.0,1789831783.1873915,0
train/actor/entropy_loss,41,0.0,1789832778.6566103,0
train/actor/entropy_loss,42,0.0,1789833783.2204757,0
train/actor/entropy_loss,43,0.0,1789834768.303227,0
train/actor/entropy_loss,44,0.0,1789835755.7545056,0
train/actor/entropy_loss,45,0.0,1789837214.2037857,0
train/actor/entropy_loss,46,0.0,1789838230.7142863,0
train/actor/entropy_loss,47,0.0,1789839232.0585911,0
train/actor/entropy_loss,48,0.0,1789840234.217511,0
train/actor/entropy_loss,49,0.0,1789841265.616236,0
train/actor/entropy_loss,50,0.0,1789842831.0067725,0
train/actor/entropy_loss,51,0.0,1789843858.075488,0
train/actor/entropy_loss,52,0.0,1789844912.9191463,0
train/actor/entropy_loss,53,0.0,1789845957.914944,0
train/actor/entropy_loss,54,0.0,1789846991.2809453,0
train/actor/entropy_loss,55,0.0,1789848482.999822,0
train/actor/entropy_loss,56,0.0,1789849527.8673925,0
train/actor/entropy_loss,57,0.0,1789850581.392654,0
train/actor/entropy_loss,58,0.0,1789851609.5826225,0
train/actor/entropy_loss,59,0.0,1789852612.3380153,0
train/actor/entropy_loss,60,0.0,1789854177.1180043,0
train/actor/entropy_loss,61,0.0,1789855186.4437284,0
train/actor/entropy_loss,62,0.0,1789856199.3695703,0
train/actor/entropy_loss,63,0.0,1789857216.4537158,0
train/actor/entropy_loss,64,0.0,1789858205.6120007,0
train/actor/entropy_loss,65,0.0,1789859645.149313,0
train/actor/entropy_loss,66,0.0,1789860683.6547754,0
train/actor/entropy_loss,67,0.0,1789861698.950423,0
train/actor/entropy_loss,68,0.0,1789862716.95228,0
train/actor/entropy_loss,69,0.0,1789863729.2366524,0
train/actor/entropy_loss,70,0.0,1789865283.6794894,0
train/actor/entropy_loss,71,0.0,1789866307.7978375,0
train/actor/entropy_loss,72,0.0,1789867340.3884273,0
train/actor/entropy_loss,73,0.0,1789868344.8470893,0
train/actor/entropy_loss,74,0.0,1789869357.6908205,0
train/actor/entropy_loss,75,0.0,1789870806.457756,0
train/actor/entropy_loss,76,0.0,1789871806.4171202,0
train/actor/entropy_loss,77,0.0,1789872842.3410692,0
train/actor/entropy_loss,78,0.0,1789873885.4235156,0
train/actor/entropy_loss,79,0.0,1789874903.9173226,0
train/actor/entropy_loss,80,0.0,1789876497.7146611,0
train/actor/grad_norm,1,19.47483253479004,1789789806.5943577,0
train/actor/grad_norm,2,36.19703674316406,1789790762.7155807,0
train/actor/grad_norm,3,25.290420532226562,1789791713.1317856,0
train/actor/grad_norm,4,32.07178497314453,1789792659.5887575,0
train/actor/grad_norm,5,46.711822509765625,1789794005.1027303,0
train/actor/grad_norm,6,42.242401123046875,1789794969.3603206,0
train/actor/grad_norm,7,16.924636840820312,1789795944.0206678,0
train/actor/grad_norm,8,28.98855972290039,1789796916.9463637,0
train/actor/grad_norm,9,22.648174285888672,1789797866.6144898,0
train/actor/grad_norm,10,28.079120635986328,1789799347.095015,0
train/actor/grad_norm,11,25.440040588378906,1789800315.0219002,0
train/actor/grad_norm,12,27.383588790893555,1789801323.0363402,0
train/actor/grad_norm,13,19.294010162353516,1789802278.343461,0
train/actor/grad_norm,14,15.761192321777344,1789803237.592098,0
train/actor/grad_norm,15,38.318580627441406,1789804629.3264427,0
train/actor/grad_norm,16,24.330699920654297,1789805613.339726,0
train/actor/grad_norm,17,16.603168487548828,1789806573.57737,0
train/actor/grad_norm,18,17.14113998413086,1789807535.1417298,0
train/actor/grad_norm,19,23.218181610107422,1789808504.519232,0
train/actor/grad_norm,20,19.934223175048828,1789810001.2077637,0
train/actor/grad_norm,21,30.249401092529297,1789810981.2341657,0
train/actor/grad_norm,22,41.71638488769531,1789811946.758683,0
train/actor/grad_norm,23,26.451295852661133,1789812924.7695465,0
train/actor/grad_norm,24,17.714309692382812,1789813902.682282,0
train/actor/grad_norm,25,16.349687576293945,1789815267.2193034,0
train/actor/grad_norm,26,15.625234603881836,1789816231.4726045,0
train/actor/grad_norm,27,19.937978744506836,1789817216.7333965,0
train/actor/grad_norm,28,31.021862030029297,1789818222.1490653,0
train/actor/grad_norm,29,23.01144790649414,1789819216.156919,0
train/actor/grad_norm,30,44.657630920410156,1789820773.846399,0
train/actor/grad_norm,31,42.567047119140625,1789821769.9215841,0
train/actor/grad_norm,32,15.956090927124023,1789822773.6630263,0
train/actor/grad_norm,33,27.395130157470703,1789823770.738712,0
train/actor/grad_norm,34,14.547525405883789,1789824746.2540333,0
train/actor/grad_norm,35,31.790721893310547,1789826170.4183614,0
train/actor/grad_norm,36,32.35366439819336,1789827194.6879401,0
train/actor/grad_norm,37,23.26997184753418,1789828222.4692924,0
train/actor/grad_norm,38,22.858016967773438,1789829234.376345,0
train/actor/grad_norm,39,21.81720733642578,1789830254.4420302,0
train/actor/grad_norm,40,17.155319213867188,1789831783.1873991,0
train/actor/grad_norm,41,11.214315414428711,1789832778.6566317,0
train/actor/grad_norm,42,20.706403732299805,1789833783.2204866,0
train/actor/grad_norm,43,18.310375213623047,1789834768.3032565,0
train/actor/grad_norm,44,16.496427536010742,1789835755.7545133,0
train/actor/grad_norm,45,23.779666900634766,1789837214.2037923,0
train/actor/grad_norm,46,33.38161087036133,1789838230.714293,0
train/actor/grad_norm,47,26.252727508544922,1789839232.0586078,0
train/actor/grad_norm,48,23.601163864135742,1789840234.2175336,0
train/actor/grad_norm,49,42.32141876220703,1789841265.6162446,0
train/actor/grad_norm,50,38.456687927246094,1789842831.0067804,0
train/actor/grad_norm,51,34.338829040527344,1789843858.075509,0
train/actor/grad_norm,52,34.62120056152344,1789844912.9191673,0
train/actor/grad_norm,53,18.597511291503906,1789845957.9149525,0
train/actor/grad_norm,54,29.14061737060547,1789846991.280952,0
train/actor/grad_norm,55,42.22325134277344,1789848482.9998298,0
train/actor/grad_norm,56,24.803836822509766,1789849527.8674142,0
train/actor/grad_norm,57,33.18578338623047,1789850581.3926618,0
train/actor/grad_norm,58,25.491191864013672,1789851609.5826292,0
train/actor/grad_norm,59,28.546058654785156,1789852612.3380234,0
train/actor/grad_norm,60,16.982379913330078,1789854177.118025,0
train/actor/grad_norm,61,15.142827987670898,1789855186.4437392,0
train/actor/grad_norm,62,30.947471618652344,1789856199.369591,0
train/actor/grad_norm,63,23.647520065307617,1789857216.453727,0
train/actor/grad_norm,64,15.987283706665039,1789858205.6120098,0
train/actor/grad_norm,65,27.72186279296875,1789859645.1493187,0
train/actor/grad_norm,66,50.359954833984375,1789860683.6548033,0
train/actor/grad_norm,67,32.166839599609375,1789861698.9504309,0
train/actor/grad_norm,68,34.21605682373047,1789862716.9522998,0
train/actor/grad_norm,69,31.23703956604004,1789863729.2366643,0
train/actor/grad_norm,70,17.28846549987793,1789865283.679497,0
train/actor/grad_norm,71,31.315845489501953,1789866307.7978575,0
train/actor/grad_norm,72,40.16184616088867,1789867340.388435,0
train/actor/grad_norm,73,25.90057373046875,1789868344.8471036,0
train/actor/grad_norm,74,23.019250869750977,1789869357.6908314,0
train/actor/grad_norm,75,20.93675422668457,1789870806.4577625,0
train/actor/grad_norm,76,22.98554229736328,1789871806.4171412,0
train/actor/grad_norm,77,26.23474884033203,1789872842.3410797,0
train/actor/grad_norm,78,43.01579284667969,1789873885.4235277,0
train/actor/grad_norm,79,19.447265625,1789874903.917331,0
train/actor/grad_norm,80,34.863853454589844,1789876497.7146814,0
train/actor/lr,1,4.999999873689376e-06,1789789806.5943656,0
train/actor/lr,2,4.999999873689376e-06,1789790762.7155883,0
train/actor/lr,3,4.999999873689376e-06,1789791713.1318066,0
train/actor/lr,4,4.999999873689376e-06,1789792659.5887797,0
train/actor/lr,5,4.999999873689376e-06,1789794005.1027403,0
train/actor/lr,6,4.999999873689376e-06,1789794969.3603275,0
train/actor/lr,7,4.999999873689376e-06,1789795944.0206883,0
train/actor/lr,8,4.999999873689376e-06,1789796916.946378,0
train/actor/lr,9,4.999999873689376e-06,1789797866.6145124,0
train/actor/lr,10,4.999999873689376e-06,1789799347.0950234,0
train/actor/lr,11,4.999999873689376e-06,1789800315.0219116,0
train/actor/lr,12,4.999999873689376e-06,1789801323.03635,0
train/actor/lr,13,4.999999873689376e-06,1789802278.3434706,0
train/actor/lr,14,4.999999873689376e-06,1789803237.5921183,0
train/actor/lr,15,4.999999873689376e-06,1789804629.3264632,0
train/actor/lr,16,4.999999873689376e-06,1789805613.3397338,0
train/actor/lr,17,4.999999873689376e-06,1789806573.5773783,0
train/actor/lr,18,4.999999873689376e-06,1789807535.1417544,0
train/actor/lr,19,4.999999873689376e-06,1789808504.5192392,0
train/actor/lr,20,4.999999873689376e-06,1789810001.2077842,0
train/actor/lr,21,4.999999873689376e-06,1789810981.234174,0
train/actor/lr,22,4.999999873689376e-06,1789811946.7586896,0
train/actor/lr,23,4.999999873689376e-06,1789812924.769558,0
train/actor/lr,24,4.999999873689376e-06,1789813902.6822896,0
train/actor/lr,25,4.999999873689376e-06,1789815267.21931,0
train/actor/lr,26,4.999999873689376e-06,1789816231.4726126,0
train/actor/lr,27,4.999999873689376e-06,1789817216.7334049,0
train/actor/lr,28,4.999999873689376e-06,1789818222.1490803,0
train/actor/lr,29,4.999999873689376e-06,1789819216.1569273,0
train/actor/lr,30,4.999999873689376e-06,1789820773.846407,0
train/actor/lr,31,4.999999873689376e-06,1789821769.9215922,0
train/actor/lr,32,4.999999873689376e-06,1789822773.6630394,0
train/actor/lr,33,4.999999873689376e-06,1789823770.7387326,0
train/actor/lr,34,4.999999873689376e-06,1789824746.2540452,0
train/actor/lr,35,4.999999873689376e-06,1789826170.4183803,0
train/actor/lr,36,4.999999873689376e-06,1789827194.6879468,0
train/actor/lr,37,4.999999873689376e-06,1789828222.4693134,0
train/actor/lr,38,4.999999873689376e-06,1789829234.3763666,0
train/actor/lr,39,4.999999873689376e-06,1789830254.4420493,0
train/actor/lr,40,4.999999873689376e-06,1789831783.1874073,0
train/actor/lr,41,4.999999873689376e-06,1789832778.6566532,0
train/actor/lr,42,4.999999873689376e-06,1789833783.220496,0
train/actor/lr,43,4.999999873689376e-06,1789834768.3032808,0
train/actor/lr,44,4.999999873689376e-06,1789835755.7545204,0
train/actor/lr,45,4.999999873689376e-06,1789837214.203799,0
train/actor/lr,46,4.999999873689376e-06,1789838230.7142997,0
train/actor/lr,47,4.999999873689376e-06,1789839232.0586216,0
train/actor/lr,48,4.999999873689376e-06,1789840234.2175539,0
train/actor/lr,49,4.999999873689376e-06,1789841265.6162527,0
train/actor/lr,50,4.999999873689376e-06,1789842831.006788,0
train/actor/lr,51,4.999999873689376e-06,1789843858.0755284,0
train/actor/lr,52,4.999999873689376e-06,1789844912.9191892,0
train/actor/lr,53,4.999999873689376e-06,1789845957.9149604,0
train/actor/lr,54,4.999999873689376e-06,1789846991.2809584,0
train/actor/lr,55,4.999999873689376e-06,1789848482.9998376,0
train/actor/lr,56,4.999999873689376e-06,1789849527.867436,0
train/actor/lr,57,4.999999873689376e-06,1789850581.3926694,0
train/actor/lr,58,4.999999873689376e-06,1789851609.5826359,0
train/actor/lr,59,4.999999873689376e-06,1789852612.3380306,0
train/actor/lr,60,4.999999873689376e-06,1789854177.1180468,0
train/actor/lr,61,4.999999873689376e-06,1789855186.4437501,0
train/actor/lr,62,4.999999873689376e-06,1789856199.3696117,0
train/actor/lr,63,4.999999873689376e-06,1789857216.4537385,0
train/actor/lr,64,4.999999873689376e-06,1789858205.612019,0
train/actor/lr,65,4.999999873689376e-06,1789859645.1493251,0
train/actor/lr,66,4.999999873689376e-06,1789860683.6548336,0
train/actor/lr,67,4.999999873689376e-06,1789861698.9504392,0
train/actor/lr,68,4.999999873689376e-06,1789862716.9523203,0
train/actor/lr,69,4.999999873689376e-06,1789863729.2366755,0
train/actor/lr,70,4.999999873689376e-06,1789865283.6795044,0
train/actor/lr,71,4.999999873689376e-06,1789866307.7978802,0
train/actor/lr,72,4.999999873689376e-06,1789867340.388443,0
train/actor/lr,73,4.999999873689376e-06,1789868344.847117,0
train/actor/lr,74,4.999999873689376e-06,1789869357.690842,0
train/actor/lr,75,4.999999873689376e-06,1789870806.4577694,0
train/actor/lr,76,4.999999873689376e-06,1789871806.4171627,0
train/actor/lr,77,4.999999873689376e-06,1789872842.34109,0
train/actor/lr,78,4.999999873689376e-06,1789873885.4235394,0
train/actor/lr,79,4.999999873689376e-06,1789874903.9173386,0
train/actor/lr,80,4.999999873689376e-06,1789876497.7147017,0
train/actor/policy_loss,1,-0.013018384575843811,1789789806.5943735,0
train/actor/policy_loss,2,0.001026613637804985,1789790762.7155972,0
train/actor/policy_loss,3,-0.0034004179760813713,1789791713.131828,0
train/actor/policy_loss,4,-0.0004260219866409898,1789792659.5888002,0
train/actor/policy_loss,5,0.016483662649989128,1789794005.1027505,0
train/actor/policy_loss,6,0.010919750668108463,1789794969.3603337,0
train/actor/policy_loss,7,-0.005033211316913366,1789795944.0207086,0
train/actor/policy_loss,8,-0.0019229669123888016,1789796916.9463916,0
train/actor/policy_loss,9,-0.0025537896435707808,1789797866.6145341,0
train/actor/policy_loss,10,-0.0029886364936828613,1789799347.0950317,0
train/actor/policy_loss,11,0.0007271469803526998,1789800315.021922,0
train/actor/policy_loss,12,-0.0027430769987404346,1789801323.036359,0
train/actor/policy_loss,13,-0.003161873435601592,1789802278.3434787,0
train/actor/policy_loss,14,-0.005194166209548712,1789803237.5921395,0
train/actor/policy_loss,15,0.010469486005604267,1789804629.3264859,0
train/actor/policy_loss,16,7.984950207173824e-05,1789805613.3397417,0
train/actor/policy_loss,17,-0.0014567909529432654,1789806573.5773869,0
train/actor/policy_loss,18,-0.002912139054387808,1789807535.1417756,0
train/actor/policy_loss,19,-0.0016865127254277468,1789808504.5192459,0
train/actor/policy_loss,20,-0.00202422053553164,1789810001.2078054,0
train/actor/policy_loss,21,0.00023791310377418995,1789810981.2341814,0
train/actor/policy_loss,22,-0.00048524094745516777,1789811946.7586968,0
train/actor/policy_loss,23,0.002715066075325012,1789812924.76957,0
train/actor/policy_loss,24,-0.006751911714673042,1789813902.682297,0
train/actor/policy_loss,25,-0.0026956063229590654,1789815267.2193162,0
train/actor/policy_loss,26,-0.005061651114374399,1789816231.472621,0
train/actor/policy_loss,27,-0.0008971846546046436,1789817216.7334135,0
train/actor/policy_loss,28,0.004767763428390026,1789818222.1490915,0
train/actor/policy_loss,29,-0.00518754031509161,1789819216.1569347,0
train/actor/policy_loss,30,0.012449819594621658,1789820773.846415,0
train/actor/policy_loss,31,0.0026102166157215834,1789821769.9216006,0
train/actor/policy_loss,32,-0.0031517231836915016,1789822773.6630507,0
train/actor/policy_loss,33,-0.003165880450978875,1789823770.738752,0
train/actor/policy_loss,34,-0.004538332112133503,1789824746.2540538,0
train/actor/policy_loss,35,0.001605338416993618,1789826170.4184,0
train/actor/policy_loss,36,-0.001129806973040104,1789827194.6879532,0
train/actor/policy_loss,37,-0.002887875307351351,1789828222.4693332,0
train/actor/policy_loss,38,-0.0030739507637917995,1789829234.3763883,0
train/actor/policy_loss,39,-0.00046933453995734453,1789830254.4420679,0
train/actor/policy_loss,40,-0.0033522346056997776,1789831783.1874151,0
train/actor/policy_loss,41,-0.0034806407056748867,1789832778.6566749,0
train/actor/policy_loss,42,-0.0037524010986089706,1789833783.2205048,0
train/actor/policy_loss,43,-0.004379005637019873,1789834768.303301,0
train/actor/policy_loss,44,-0.0030066492035984993,1789835755.754528,0
train/actor/policy_loss,45,-0.0006302890833467245,1789837214.203805,0
train/actor/policy_loss,46,-0.0030023634899407625,1789838230.7143064,0
train/actor/policy_loss,47,-0.001963573507964611,1789839232.058634,0
train/actor/policy_loss,48,-0.003930502571165562,1789840234.2175741,0
train/actor/policy_loss,49,0.0029821062926203012,1789841265.616261,0
train/actor/policy_loss,50,-0.0012158197350800037,1789842831.0068002,0
train/actor/policy_loss,51,0.003336344612762332,1789843858.0755484,0
train/actor/policy_loss,52,4.838267341256142e-05,1789844912.9192104,0
train/actor/policy_loss,53,-0.0038911504670977592,1789845957.9149683,0
train/actor/policy_loss,54,-0.00040122377686202526,1789846991.2809641,0
train/actor/policy_loss,55,0.008638259023427963,1789848482.999845,0
train/actor/policy_loss,56,0.00021852832287549973,1789849527.867457,0
train/actor/policy_loss,57,-0.0007259098347276449,1789850581.3926768,0
train/actor/policy_loss,58,0.005980539135634899,1789851609.5826416,0
train/actor/policy_loss,59,-0.004577724263072014,1789852612.3380382,0
train/actor/policy_loss,60,-0.004381401464343071,1789854177.118066,0
train/actor/policy_loss,61,-0.0047198086977005005,1789855186.4437606,0
train/actor/policy_loss,62,-0.0013904538936913013,1789856199.369632,0
train/actor/policy_loss,63,-0.0014359953347593546,1789857216.4537501,0
train/actor/policy_loss,64,-0.004816271830350161,1789858205.6120284,0
train/actor/policy_loss,65,0.004736663307994604,1789859645.149331,0
train/actor/policy_loss,66,0.016144488006830215,1789860683.6548555,0
train/actor/policy_loss,67,0.0051264651119709015,1789861698.9504466,0
train/actor/policy_loss,68,-0.0028202065732330084,1789862716.952341,0
train/actor/policy_loss,69,-0.0008121479768306017,1789863729.2366855,0
train/actor/policy_loss,70,-0.0015966289211064577,1789865283.679512,0
train/actor/policy_loss,71,0.00023434706963598728,1789866307.7979012,0
train/actor/policy_loss,72,0.008174128830432892,1789867340.3884506,0
train/actor/policy_loss,73,-0.005260411184281111,1789868344.8471289,0
train/actor/policy_loss,74,-0.0007974227191880345,1789869357.6908522,0
train/actor/policy_loss,75,-0.0028445906937122345,1789870806.4577756,0
train/actor/policy_loss,76,-0.0035724835470318794,1789871806.4171834,0
train/actor/policy_loss,77,-0.0021658670157194138,1789872842.3411,0
train/actor/policy_loss,78,0.0015116807771846652,1789873885.4235506,0
train/actor/policy_loss,79,-0.003880363190546632,1789874903.9173462,0
train/actor/policy_loss,80,0.002445240505039692,1789876497.7147217,0
train/actor/policy_loss_abs,1,0.5973580479621887,1789789806.5943816,0
train/actor/policy_loss_abs,2,0.7341088056564331,1789790762.7156055,0
train/actor/policy_loss_abs,3,0.6024230122566223,1789791713.1318476,0
train/actor/policy_loss_abs,4,0.6804258227348328,1789792659.5888228,0
train/actor/policy_loss_abs,5,0.6863617897033691,1789794005.1027598,0
train/actor/policy_loss_abs,6,0.7250539064407349,1789794969.3603396,0
train/actor/policy_loss_abs,7,0.7468082904815674,1789795944.0207286,0
train/actor/policy_loss_abs,8,0.6962888836860657,1789796916.9464037,0
train/actor/policy_loss_abs,9,0.7311180233955383,1789797866.6145551,0
train/actor/policy_loss_abs,10,0.7338026762008667,1789799347.09504,0
train/actor/policy_loss_abs,11,0.677985668182373,1789800315.0219321,0
train/actor/policy_loss_abs,12,0.5909523963928223,1789801323.0363672,0
train/actor/policy_loss_abs,13,0.570239245891571,1789802278.3434865,0
train/actor/policy_loss_abs,14,0.6665449738502502,1789803237.5921593,0
train/actor/policy_loss_abs,15,0.7558856010437012,1789804629.326506,0
train/actor/policy_loss_abs,16,0.6679904460906982,1789805613.3397496,0
train/actor/policy_loss_abs,17,0.6236127018928528,1789806573.5773947,0
train/actor/policy_loss_abs,18,0.48377445340156555,1789807535.1417966,0
train/actor/policy_loss_abs,19,0.6061525344848633,1789808504.519253,0
train/actor/policy_loss_abs,20,0.6527422070503235,1789810001.2078252,0
train/actor/policy_loss_abs,21,0.759766697883606,1789810981.2341967,0
train/actor/policy_loss_abs,22,0.7860026955604553,1789811946.7587035,0
train/actor/policy_loss_abs,23,0.7217174172401428,1789812924.769582,0
train/actor/policy_loss_abs,24,0.5821890830993652,1789813902.6823049,0
train/actor/policy_loss_abs,25,0.6956018209457397,1789815267.2193224,0
train/actor/policy_loss_abs,26,0.6841925382614136,1789816231.4726288,0
train/actor/policy_loss_abs,27,0.7018799781799316,1789817216.733421,0
train/actor/policy_loss_abs,28,0.6147615909576416,1789818222.1491008,0
train/actor/policy_loss_abs,29,0.6076912879943848,1789819216.1569421,0
train/actor/policy_loss_abs,30,0.7313864231109619,1789820773.8464224,0
train/actor/policy_loss_abs,31,0.7106166481971741,1789821769.9216082,0
train/actor/policy_loss_abs,32,0.597633957862854,1789822773.6630623,0
train/actor/policy_loss_abs,33,0.7178610563278198,1789823770.738772,0
train/actor/policy_loss_abs,34,0.8389800786972046,1789824746.254062,0
train/actor/policy_loss_abs,35,0.8007841110229492,1789826170.4184184,0
train/actor/policy_loss_abs,36,0.6870957016944885,1789827194.6879592,0
train/actor/policy_loss_abs,37,0.6284156441688538,1789828222.4693534,0
train/actor/policy_loss_abs,38,0.6981249451637268,1789829234.3764071,0
train/actor/policy_loss_abs,39,0.8168509006500244,1789830254.442087,0
train/actor/policy_loss_abs,40,0.5909065008163452,1789831783.1874228,0
train/actor/policy_loss_abs,41,0.6453709006309509,1789832778.6566954,0
train/actor/policy_loss_abs,42,0.6432135105133057,1789833783.2205136,0
train/actor/policy_loss_abs,43,0.6845006346702576,1789834768.3033218,0
train/actor/policy_loss_abs,44,0.6703733205795288,1789835755.7545357,0
train/actor/policy_loss_abs,45,0.7368714809417725,1789837214.2038112,0
train/actor/policy_loss_abs,46,0.6549171209335327,1789838230.7143126,0
train/actor/policy_loss_abs,47,0.783238410949707,1789839232.0586457,0
train/actor/policy_loss_abs,48,0.6681021451950073,1789840234.2175934,0
train/actor/policy_loss_abs,49,0.6509294509887695,1789841265.6162689,0
train/actor/policy_loss_abs,50,0.7962346076965332,1789842831.006808,0
train/actor/policy_loss_abs,51,0.7615256309509277,1789843858.0755808,0
train/actor/policy_loss_abs,52,0.7365936040878296,1789844912.9192314,0
train/actor/policy_loss_abs,53,0.6527955532073975,1789845957.9149764,0
train/actor/policy_loss_abs,54,0.7447773218154907,1789846991.2809703,0
train/actor/policy_loss_abs,55,0.6220023036003113,1789848482.9998531,0
train/actor/policy_loss_abs,56,0.7336434721946716,1789849527.8674767,0
train/actor/policy_loss_abs,57,0.5040649175643921,1789850581.3926852,0
train/actor/policy_loss_abs,58,0.6588258743286133,1789851609.5826485,0
train/actor/policy_loss_abs,59,0.7317732572555542,1789852612.3380456,0
train/actor/policy_loss_abs,60,0.5957441329956055,1789854177.1180866,0
train/actor/policy_loss_abs,61,0.756569504737854,1789855186.443771,0
train/actor/policy_loss_abs,62,0.6046037077903748,1789856199.3696523,0
train/actor/policy_loss_abs,63,0.5926698446273804,1789857216.4537613,0
train/actor/policy_loss_abs,64,0.7212100028991699,1789858205.6120372,0
train/actor/policy_loss_abs,65,0.7379576563835144,1789859645.149337,0
train/actor/policy_loss_abs,66,0.7443313598632812,1789860683.6548758,0
train/actor/policy_loss_abs,67,0.6958038806915283,1789861698.950454,0
train/actor/policy_loss_abs,68,0.7544224262237549,1789862716.9523609,0
train/actor/policy_loss_abs,69,0.6955807209014893,1789863729.2366953,0
train/actor/policy_loss_abs,70,0.6097561120986938,1789865283.67952,0
train/actor/policy_loss_abs,71,0.6525633335113525,1789866307.7979226,0
train/actor/policy_loss_abs,72,0.7317814826965332,1789867340.3884587,0
train/actor/policy_loss_abs,73,0.8174673318862915,1789868344.847141,0
train/actor/policy_loss_abs,74,0.5866945385932922,1789869357.6908627,0
train/actor/policy_loss_abs,75,0.7719489932060242,1789870806.4577818,0
train/actor/policy_loss_abs,76,0.7144865989685059,1789871806.417204,0
train/actor/policy_loss_abs,77,0.6702671051025391,1789872842.3411105,0
train/actor/policy_loss_abs,78,0.7397854328155518,1789873885.4235616,0
train/actor/policy_loss_abs,79,0.7023656368255615,1789874903.9173536,0
train/actor/policy_loss_abs,80,0.7607409954071045,1789876497.714743,0
train/actor/ratio,1,1.067720651626587,1789789806.5943894,0
train/actor/ratio,2,1.0223138332366943,1789790762.7156134,0
train/actor/ratio,3,1.0010956525802612,1789791713.1318715,0
train/actor/ratio,4,0.9978609085083008,1789792659.588844,0
train/actor/ratio,5,1.0001351833343506,1789794005.102769,0
train/actor/ratio,6,1.0103135108947754,1789794969.3603458,0
train/actor/ratio,7,0.9924284815788269,1789795944.0207486,0
train/actor/ratio,8,1.0022194385528564,1789796916.946416,0
train/actor/ratio,9,0.9961480498313904,1789797866.614577,0
train/actor/ratio,10,0.994752824306488,1789799347.0950475,0
train/actor/ratio,11,0.9980968236923218,1789800315.021942,0
train/actor/ratio,12,0.9888226985931396,1789801323.0363753,0
train/actor/ratio,13,0.9925452470779419,1789802278.3434937,0
train/actor/ratio,14,1.006039023399353,1789803237.5921817,0
train/actor/ratio,15,0.9940994381904602,1789804629.3265316,0
train/actor/ratio,16,0.9949809312820435,1789805613.3397577,0
train/actor/ratio,17,1.001242756843567,1789806573.5774024,0
train/actor/ratio,18,0.9958703517913818,1789807535.14182,0
train/actor/ratio,19,1.0011651515960693,1789808504.5192597,0
train/actor/ratio,20,1.013252854347229,1789810001.2078452,0
train/actor/ratio,21,1.016373872756958,1789810981.2342057,0
train/actor/ratio,22,0.9992555379867554,1789811946.7587097,0
train/actor/ratio,23,1.0023863315582275,1789812924.7695937,0
train/actor/ratio,24,1.004399061203003,1789813902.6823125,0
train/actor/ratio,25,1.0053293704986572,1789815267.2193289,0
train/actor/ratio,26,0.9967430830001831,1789816231.4726367,0
train/actor/ratio,27,0.9984790682792664,1789817216.7334287,0
train/actor/ratio,28,1.012704610824585,1789818222.1491103,0
train/actor/ratio,29,1.0015939474105835,1789819216.15695,0
train/actor/ratio,30,1.0021023750305176,1789820773.8464315,0
train/actor/ratio,31,0.9964503645896912,1789821769.9216158,0
train/actor/ratio,32,1.0003912448883057,1789822773.6630743,0
train/actor/ratio,33,0.9917136430740356,1789823770.7387908,0
train/actor/ratio,34,0.9993094205856323,1789824746.2540703,0
train/actor/ratio,35,1.0029722452163696,1789826170.418447,0
train/actor/ratio,36,1.0053811073303223,1789827194.6879652,0
train/actor/ratio,37,0.9965225458145142,1789828222.469373,0
train/actor/ratio,38,0.9990321397781372,1789829234.3764267,0
train/actor/ratio,39,0.9995852112770081,1789830254.442108,0
train/actor/ratio,40,1.00767183303833,1789831783.1874301,0
train/actor/ratio,41,1.0001808404922485,1789832778.656715,0
train/actor/ratio,42,0.9985594749450684,1789833783.220522,0
train/actor/ratio,43,0.9978131055831909,1789834768.3033426,0
train/actor/ratio,44,0.9986945390701294,1789835755.7545433,0
train/actor/ratio,45,0.9889552593231201,1789837214.203817,0
train/actor/ratio,46,1.0029771327972412,1789838230.7143188,0
train/actor/ratio,47,1.0047000646591187,1789839232.0586581,0
train/actor/ratio,48,1.0025365352630615,1789840234.2176151,0
train/actor/ratio,49,1.001734972000122,1789841265.6162763,0
train/actor/ratio,50,0.9951779842376709,1789842831.0068154,0
train/actor/ratio,51,0.9948246479034424,1789843858.0756016,0
train/actor/ratio,52,1.004817247390747,1789844912.9192517,0
train/actor/ratio,53,0.9941022396087646,1789845957.9149845,0
train/actor/ratio,54,1.005824327468872,1789846991.280976,0
train/actor/ratio,55,0.9971086978912354,1789848482.9998605,0
train/actor/ratio,56,1.0034759044647217,1789849527.8674963,0
train/actor/ratio,57,1.00694739818573,1789850581.3926926,0
train/actor/ratio,58,1.007403016090393,1789851609.5826547,0
train/actor/ratio,59,1.0011368989944458,1789852612.3380527,0
train/actor/ratio,60,0.9985096454620361,1789854177.1181064,0
train/actor/ratio,61,1.0006158351898193,1789855186.4437814,0
train/actor/ratio,62,1.0054398775100708,1789856199.3696733,0
train/actor/ratio,63,0.9942926168441772,1789857216.4537723,0
train/actor/ratio,64,1.0030620098114014,1789858205.6120458,0
train/actor/ratio,65,0.9952666759490967,1789859645.1493435,0
train/actor/ratio,66,0.9979299306869507,1789860683.6548958,0
train/actor/ratio,67,0.9905787110328674,1789861698.9504616,0
train/actor/ratio,68,0.9954780340194702,1789862716.952383,0
train/actor/ratio,69,1.0071313381195068,1789863729.2367053,0
train/actor/ratio,70,0.9918344616889954,1789865283.6795278,0
train/actor/ratio,71,0.9983623623847961,1789866307.7979434,0
train/actor/ratio,72,0.9856707453727722,1789867340.3884661,0
train/actor/ratio,73,0.9955030679702759,1789868344.8471534,0
train/actor/ratio,74,0.9932159185409546,1789869357.6908724,0
train/actor/ratio,75,1.003469467163086,1789870806.4577878,0
train/actor/ratio,76,0.9915698766708374,1789871806.4172227,0
train/actor/ratio,77,1.0020123720169067,1789872842.341121,0
train/actor/ratio,78,0.9933359026908875,1789873885.423573,0
train/actor/ratio,79,1.0024687051773071,1789874903.9173608,0
train/actor/ratio,80,1.0090112686157227,1789876497.7147634,0
train/actor/ratio_abs,1,0.15621955692768097,1789789806.594397,0
train/actor/ratio_abs,2,0.1467958241701126,1789790762.7156215,0
train/actor/ratio_abs,3,0.0758589580655098,1789791713.1318939,0
train/actor/ratio_abs,4,0.05018237233161926,1789792659.5888734,0
train/actor/ratio_abs,5,0.09707693755626678,1789794005.1030197,0
train/actor/ratio_abs,6,0.1031532734632492,1789794969.360352,0
train/actor/ratio_abs,7,0.03268656134605408,1789795944.0207675,0
train/actor/ratio_abs,8,0.05360860377550125,1789796916.946429,0
train/actor/ratio_abs,9,0.04938820004463196,1789797866.6145968,0
train/actor/ratio_abs,10,0.055446356534957886,1789799347.095285,0
train/actor/ratio_abs,11,0.06032563000917435,1789800315.0219512,0
train/actor/ratio_abs,12,0.06339547038078308,1789801323.0363832,0
train/actor/ratio_abs,13,0.04430285841226578,1789802278.3435018,0
train/actor/ratio_abs,14,0.03652707114815712,1789803237.5922022,0
train/actor/ratio_abs,15,0.0836741179227829,1789804629.3270602,0
train/actor/ratio_abs,16,0.053736064583063126,1789805613.3397648,0
train/actor/ratio_abs,17,0.03994397819042206,1789806573.5774105,0
train/actor/ratio_abs,18,0.053611159324645996,1789807535.1418402,0
train/actor/ratio_abs,19,0.05283885449171066,1789808504.519266,0
train/actor/ratio_abs,20,0.04420933127403259,1789810001.2083886,0
train/actor/ratio_abs,21,0.06519315391778946,1789810981.2342134,0
train/actor/ratio_abs,22,0.07738073915243149,1789811946.7587163,0
train/actor/ratio_abs,23,0.04509739205241203,1789812924.7696047,0
train/actor/ratio_abs,24,0.04177931696176529,1789813902.6823199,0
train/actor/ratio_abs,25,0.03581273555755615,1789815267.2195451,0
train/actor/ratio_abs,26,0.04328542202711105,1789816231.472644,0
train/actor/ratio_abs,27,0.042945243418216705,1789817216.7334363,0
train/actor/ratio_abs,28,0.09439630061388016,1789818222.1491222,0
train/actor/ratio_abs,29,0.05829589441418648,1789819216.156958,0
train/actor/ratio_abs,30,0.08740667253732681,1789820773.8469114,0
train/actor/ratio_abs,31,0.091155506670475,1789821769.9216235,0
train/actor/ratio_abs,32,0.03356436267495155,1789822773.6630862,0
train/actor/ratio_abs,33,0.05606043338775635,1789823770.7388113,0
train/actor/ratio_abs,34,0.030123116448521614,1789824746.2540777,0
train/actor/ratio_abs,35,0.05419861152768135,1789826170.4189591,0
train/actor/ratio_abs,36,0.06533027440309525,1789827194.6879714,0
train/actor/ratio_abs,37,0.06519302725791931,1789828222.4693937,0
train/actor/ratio_abs,38,0.05285031348466873,1789829234.3764465,0
train/actor/ratio_abs,39,0.033903539180755615,1789830254.4421268,0
train/actor/ratio_abs,40,0.04722615331411362,1789831783.1876993,0
train/actor/ratio_abs,41,0.02097759023308754,1789832778.6567366,0
train/actor/ratio_abs,42,0.04632234945893288,1789833783.2205307,0
train/actor/ratio_abs,43,0.03983422368764877,1789834768.303363,0
train/actor/ratio_abs,44,0.04113079980015755,1789835755.754551,0
train/actor/ratio_abs,45,0.04397372901439667,1789837214.2039816,0
train/actor/ratio_abs,46,0.07934951037168503,1789838230.7143254,0
train/actor/ratio_abs,47,0.0590469092130661,1789839232.0586708,0
train/actor/ratio_abs,48,0.05042734742164612,1789840234.2176342,0
train/actor/ratio_abs,49,0.0916576236486435,1789841265.6162837,0
train/actor/ratio_abs,50,0.07772040367126465,1789842831.0071073,0
train/actor/ratio_abs,51,0.06939613074064255,1789843858.0756218,0
train/actor/ratio_abs,52,0.056952401995658875,1789844912.9192717,0
train/actor/ratio_abs,53,0.03538200259208679,1789845957.9149928,0
train/actor/ratio_abs,54,0.06050298362970352,1789846991.280982,0
train/actor/ratio_abs,55,0.1096821278333664,1789848483.0000467,0
train/actor/ratio_abs,56,0.06593827903270721,1789849527.8675187,0
train/actor/ratio_abs,57,0.10707026720046997,1789850581.3927002,0
train/actor/ratio_abs,58,0.046719521284103394,1789851609.5826612,0
train/actor/ratio_abs,59,0.05896318703889847,1789852612.338061,0
train/actor/ratio_abs,60,0.044292181730270386,1789854177.118326,0
train/actor/ratio_abs,61,0.039420995861291885,1789855186.4437923,0
train/actor/ratio_abs,62,0.07926621288061142,1789856199.3696926,0
train/actor/ratio_abs,63,0.0485411211848259,1789857216.4537838,0
train/actor/ratio_abs,64,0.04037763178348541,1789858205.612054,0
train/actor/ratio_abs,65,0.04951382800936699,1789859645.1497176,0
train/actor/ratio_abs,66,0.10135619342327118,1789860683.654916,0
train/actor/ratio_abs,67,0.07556656748056412,1789861698.950469,0
train/actor/ratio_abs,68,0.06815006583929062,1789862716.9524026,0
train/actor/ratio_abs,69,0.08890093117952347,1789863729.2367153,0
train/actor/ratio_abs,70,0.03903524577617645,1789865283.6798096,0
train/actor/ratio_abs,71,0.08534056693315506,1789866307.7979646,0
train/actor/ratio_abs,72,0.09170326590538025,1789867340.3884742,0
train/actor/ratio_abs,73,0.05347881466150284,1789868344.8471663,0
train/actor/ratio_abs,74,0.05670539289712906,1789869357.6908822,0
train/actor/ratio_abs,75,0.044440507888793945,1789870806.4580452,0
train/actor/ratio_abs,76,0.056100089102983475,1789871806.417244,0
train/actor/ratio_abs,77,0.05142917111515999,1789872842.3411307,0
train/actor/ratio_abs,78,0.06817249208688736,1789873885.4235847,0
train/actor/ratio_abs,79,0.045003652572631836,1789874903.9173684,0
train/actor/ratio_abs,80,0.08642558753490448,1789876497.7152553,0
train/actor/total_loss,1,-0.0016272980719804764,1789789806.5944047,0
train/actor/total_loss,2,0.00012832670472562313,1789790762.7156296,0
train/actor/total_loss,3,-0.0004250522470101714,1789791713.1319141,0
train/actor/total_loss,4,-5.325274833012372e-05,1789792659.5888999,0
train/actor/total_loss,5,0.002060457831248641,1789794005.103029,0
train/actor/total_loss,6,0.001364968833513558,1789794969.3603582,0
train/actor/total_loss,7,-0.0006291514146141708,1789795944.0207872,0
train/actor/total_loss,8,-0.0002403708640486002,1789796916.9464426,0
train/actor/total_loss,9,-0.0003192237054463476,1789797866.6146176,0
train/actor/total_loss,10,-0.00037357956171035767,1789799347.0952938,0
train/actor/total_loss,11,9.089337254408747e-05,1789800315.021961,0
train/actor/total_loss,12,-0.00034288462484255433,1789801323.036391,0
train/actor/total_loss,13,-0.000395234179450199,1789802278.3435097,0
train/actor/total_loss,14,-0.000649270776193589,1789803237.592221,0
train/actor/total_loss,15,0.0013086857507005334,1789804629.3270826,0
train/actor/total_loss,16,9.98118775896728e-06,1789805613.3397725,0
train/actor/total_loss,17,-0.00018209886911790818,1789806573.5774183,0
train/actor/total_loss,18,-0.000364017381798476,1789807535.1418617,0
train/actor/total_loss,19,-0.00021081409067846835,1789808504.5192728,0
train/actor/total_loss,20,-0.000253027566941455,1789810001.2084115,0
train/actor/total_loss,21,2.9739137971773744e-05,1789810981.2342212,0
train/actor/total_loss,22,-6.065511843189597e-05,1789811946.758723,0
train/actor/total_loss,23,0.0003393832594156265,1789812924.7696154,0
train/actor/total_loss,24,-0.0008439889643341303,1789813902.6823273,0
train/actor/total_loss,25,-0.0003369507903698832,1789815267.2195525,0
train/actor/total_loss,26,-0.0006327063892967999,1789816231.4726522,0
train/actor/total_loss,27,-0.00011214808182558045,1789817216.7334461,0
train/actor/total_loss,28,0.0005959704285487533,1789818222.1491346,0
train/actor/total_loss,29,-0.0006484425393864512,1789819216.156966,0
train/actor/total_loss,30,0.0015562274493277073,1789820773.8469214,0
train/actor/total_loss,31,0.0003262770769651979,1789821769.9216313,0
train/actor/total_loss,32,-0.0003939653979614377,1789822773.6630979,0
train/actor/total_loss,33,-0.0003957350563723594,1789823770.7388308,0
train/actor/total_loss,34,-0.0005672915140166879,1789824746.2540853,0
train/actor/total_loss,35,0.00020066730212420225,1789826170.418984,0
train/actor/total_loss,36,-0.000141225871630013,1789827194.6879776,0
train/actor/total_loss,37,-0.00036098441341891885,1789828222.4694157,0
train/actor/total_loss,38,-0.00038424384547397494,1789829234.3764656,0
train/actor/total_loss,39,-5.8666817494668067e-05,1789830254.4421482,0
train/actor/total_loss,40,-0.0004190293257124722,1789831783.1877081,0
train/actor/total_loss,41,-0.00043508008820936084,1789832778.6567564,0
train/actor/total_loss,42,-0.00046905013732612133,1789833783.2205386,0
train/actor/total_loss,43,-0.0005473757046274841,1789834768.3033834,0
train/actor/total_loss,44,-0.0003758311504498124,1789835755.754559,0
train/actor/total_loss,45,-7.878613541834056e-05,1789837214.2039979,0
train/actor/total_loss,46,-0.0003752954362425953,1789838230.7143319,0
train/actor/total_loss,47,-0.0002454466884955764,1789839232.0586853,0
train/actor/total_loss,48,-0.0004913128213956952,1789840234.2176538,0
train/actor/total_loss,49,0.00037276328657753766,1789841265.6162913,0
train/actor/total_loss,50,-0.00015197746688500047,1789842831.007116,0
train/actor/total_loss,51,0.0004170430765952915,1789843858.0756423,0
train/actor/total_loss,52,6.047834176570177e-06,1789844912.919292,0
train/actor/total_loss,53,-0.0004863938083872199,1789845957.9150004,0
train/actor/total_loss,54,-5.015297210775316e-05,1789846991.2809882,0
train/actor/total_loss,55,0.0010797823779284954,1789848483.0000553,0
train/actor/total_loss,56,2.7316040359437466e-05,1789849527.8675387,0
train/actor/total_loss,57,-9.073872934095562e-05,1789850581.3927083,0
train/actor/total_loss,58,0.0007475673919543624,1789851609.5826674,0
train/actor/total_loss,59,-0.0005722155328840017,1789852612.338068,0
train/actor/total_loss,60,-0.0005476751830428839,1789854177.118348,0
train/actor/total_loss,61,-0.0005899760872125626,1789855186.443803,0
train/actor/total_loss,62,-0.00017380673671141267,1789856199.3697135,0
train/actor/total_loss,63,-0.00017949941684491932,1789857216.4537957,0
train/actor/total_loss,64,-0.0006020339787937701,1789858205.6120636,0
train/actor/total_loss,65,0.0005920829134993255,1789859645.1497355,0
train/actor/total_loss,66,0.002018061000853777,1789860683.654936,0
train/actor/total_loss,67,0.0006408081389963627,1789861698.9504771,0
train/actor/total_loss,68,-0.00035252582165412605,1789862716.9524217,0
train/actor/total_loss,69,-0.00010151849710382521,1789863729.236725,0
train/actor/total_loss,70,-0.00019957861513830721,1789865283.6798177,0
train/actor/total_loss,71,2.929338370449841e-05,1789866307.7979846,0
train/actor/total_loss,72,0.0010217661038041115,1789867340.3884819,0
train/actor/total_loss,73,-0.0006575513980351388,1789868344.8471785,0
train/actor/total_loss,74,-9.967783989850432e-05,1789869357.6908917,0
train/actor/total_loss,75,-0.0003555738367140293,1789870806.4580522,0
train/actor/total_loss,76,-0.00044656044337898493,1789871806.4172626,0
train/actor/total_loss,77,-0.0002707333769649267,1789872842.3411405,0
train/actor/total_loss,78,0.00018896009714808315,1789873885.4235966,0
train/actor/total_loss,79,-0.000485045398818329,1789874903.9173756,0
train/actor/total_loss,80,0.0003056550631299615,1789876497.715277,0
train/actor/dvac_weight_ess_fraction,1,0.9963323473930359,1789789806.5944118,0
train/actor/dvac_weight_ess_fraction,2,0.9966831803321838,1789790762.7156372,0
train/actor/dvac_weight_ess_fraction,3,0.9961180686950684,1789791713.1319356,0
train/actor/dvac_weight_ess_fraction,4,0.9961609840393066,1789792659.5889223,0
train/actor/dvac_weight_ess_fraction,5,0.9957745671272278,1789794005.1030364,0
train/actor/dvac_weight_ess_fraction,6,0.9970591068267822,1789794969.360365,0
train/actor/dvac_weight_ess_fraction,7,0.9965189695358276,1789795944.0208063,0
train/actor/dvac_weight_ess_fraction,8,0.9964616894721985,1789796916.946465,0
train/actor/dvac_weight_ess_fraction,9,0.995782732963562,1789797866.6146395,0
train/actor/dvac_weight_ess_fraction,10,0.9962288737297058,1789799347.0953019,0
train/actor/dvac_weight_ess_fraction,11,0.9960542917251587,1789800315.0219712,0
train/actor/dvac_weight_ess_fraction,12,0.9960266351699829,1789801323.0363991,0
train/actor/dvac_weight_ess_fraction,13,0.9954696893692017,1789802278.3435178,0
train/actor/dvac_weight_ess_fraction,14,0.9963600039482117,1789803237.5922422,0
train/actor/dvac_weight_ess_fraction,15,0.99695885181427,1789804629.3271039,0
train/actor/dvac_weight_ess_fraction,16,0.9963843822479248,1789805613.3397806,0
train/actor/dvac_weight_ess_fraction,17,0.9962933659553528,1789806573.5774314,0
train/actor/dvac_weight_ess_fraction,18,0.9954664707183838,1789807535.1418867,0
train/actor/dvac_weight_ess_fraction,19,0.9965826869010925,1789808504.5192788,0
train/actor/dvac_weight_ess_fraction,20,0.9964898228645325,1789810001.2084312,0
train/actor/dvac_weight_ess_fraction,21,0.9958391189575195,1789810981.234229,0
train/actor/dvac_weight_ess_fraction,22,0.9960718154907227,1789811946.7587292,0
train/actor/dvac_weight_ess_fraction,23,0.9960980415344238,1789812924.7696269,0
train/actor/dvac_weight_ess_fraction,24,0.9957404136657715,1789813902.6823344,0
train/actor/dvac_weight_ess_fraction,25,0.9958274960517883,1789815267.2195594,0
train/actor/dvac_weight_ess_fraction,26,0.9963667392730713,1789816231.47266,0
train/actor/dvac_weight_ess_fraction,27,0.9952698349952698,1789817216.733455,0
train/actor/dvac_weight_ess_fraction,28,0.9950199127197266,1789818222.149148,0
train/actor/dvac_weight_ess_fraction,29,0.9952430129051208,1789819216.1569736,0
train/actor/dvac_weight_ess_fraction,30,0.996316134929657,1789820773.8469296,0
train/actor/dvac_weight_ess_fraction,31,0.9957942962646484,1789821769.9216387,0
train/actor/dvac_weight_ess_fraction,32,0.9961559176445007,1789822773.663109,0
train/actor/dvac_weight_ess_fraction,33,0.9956979751586914,1789823770.738851,0
train/actor/dvac_weight_ess_fraction,34,0.9959810972213745,1789824746.254094,0
train/actor/dvac_weight_ess_fraction,35,0.995492696762085,1789826170.4190035,0
train/actor/dvac_weight_ess_fraction,36,0.9964205026626587,1789827194.6880245,0
train/actor/dvac_weight_ess_fraction,37,0.9962854385375977,1789828222.4694374,0
train/actor/dvac_weight_ess_fraction,38,0.9955607652664185,1789829234.3764863,0
train/actor/dvac_weight_ess_fraction,39,0.9956459403038025,1789830254.4421701,0
train/actor/dvac_weight_ess_fraction,40,0.99569171667099,1789831783.1877167,0
train/actor/dvac_weight_ess_fraction,41,0.9948858618736267,1789832778.6567771,0
train/actor/dvac_weight_ess_fraction,42,0.9958190321922302,1789833783.2205465,0
train/actor/dvac_weight_ess_fraction,43,0.9960695505142212,1789834768.3034046,0
train/actor/dvac_weight_ess_fraction,44,0.9958533048629761,1789835755.7545662,0
train/actor/dvac_weight_ess_fraction,45,0.9960764050483704,1789837214.2040045,0
train/actor/dvac_weight_ess_fraction,46,0.9949163198471069,1789838230.714338,0
train/actor/dvac_weight_ess_fraction,47,0.996460497379303,1789839232.0586977,0
train/actor/dvac_weight_ess_fraction,48,0.9950343370437622,1789840234.2176747,0
train/actor/dvac_weight_ess_fraction,49,0.9956769347190857,1789841265.6162987,0
train/actor/dvac_weight_ess_fraction,50,0.99580979347229,1789842831.007124,0
train/actor/dvac_weight_ess_fraction,51,0.9955654740333557,1789843858.0756648,0
train/actor/dvac_weight_ess_fraction,52,0.9953745007514954,1789844912.9193132,0
train/actor/dvac_weight_ess_fraction,53,0.9952268600463867,1789845957.9150085,0
train/actor/dvac_weight_ess_fraction,54,0.9958729147911072,1789846991.2809947,0
train/actor/dvac_weight_ess_fraction,55,0.9960105419158936,1789848483.0000632,0
train/actor/dvac_weight_ess_fraction,56,0.9958263039588928,1789849527.8675594,0
train/actor/dvac_weight_ess_fraction,57,0.9957439303398132,1789850581.3927157,0
train/actor/dvac_weight_ess_fraction,58,0.9948252439498901,1789851609.5826733,0
train/actor/dvac_weight_ess_fraction,59,0.9962908029556274,1789852612.3380756,0
train/actor/dvac_weight_ess_fraction,60,0.9955574870109558,1789854177.118368,0
train/actor/dvac_weight_ess_fraction,61,0.9950975775718689,1789855186.4438133,0
train/actor/dvac_weight_ess_fraction,62,0.99480801820755,1789856199.3697333,0
train/actor/dvac_weight_ess_fraction,63,0.9954853057861328,1789857216.453808,0
train/actor/dvac_weight_ess_fraction,64,0.9953569769859314,1789858205.612072,0
train/actor/dvac_weight_ess_fraction,65,0.995905876159668,1789859645.1497447,0
train/actor/dvac_weight_ess_fraction,66,0.9959701299667358,1789860683.6549551,0
train/actor/dvac_weight_ess_fraction,67,0.996126115322113,1789861698.9504855,0
train/actor/dvac_weight_ess_fraction,68,0.9957822561264038,1789862716.9524417,0
train/actor/dvac_weight_ess_fraction,69,0.99650639295578,1789863729.2367349,0
train/actor/dvac_weight_ess_fraction,70,0.9959301352500916,1789865283.6798258,0
train/actor/dvac_weight_ess_fraction,71,0.99588543176651,1789866307.7980063,0
train/actor/dvac_weight_ess_fraction,72,0.9955611228942871,1789867340.3884892,0
train/actor/dvac_weight_ess_fraction,73,0.9962430000305176,1789868344.8471913,0
train/actor/dvac_weight_ess_fraction,74,0.9963089823722839,1789869357.6909013,0
train/actor/dvac_weight_ess_fraction,75,0.9964544773101807,1789870806.4580586,0
train/actor/dvac_weight_ess_fraction,76,0.9955950379371643,1789871806.417282,0
train/actor/dvac_weight_ess_fraction,77,0.9959322810173035,1789872842.3411508,0
train/actor/dvac_weight_ess_fraction,78,0.995411217212677,1789873885.423608,0
train/actor/dvac_weight_ess_fraction,79,0.9962377548217773,1789874903.9173832,0
train/actor/dvac_weight_ess_fraction,80,0.9960141181945801,1789876497.7152977,0
eval/return,5,0.3125,1789794005.0826235,0
eval/return,10,0.28125,1789799268.2533295,0
eval/return,15,0.34375,1789804629.3000865,0
eval/return,20,0.4375,1789809919.5561345,0
eval/return,25,0.375,1789815267.1946793,0
eval/return,30,0.34375,1789820693.893029,0
eval/return,35,0.40625,1789826170.390002,0
eval/return,40,0.40625,1789831682.2016284,0
eval/return,45,0.5625,1789837214.1873453,0
eval/return,50,0.5625,1789842746.4109328,0
eval/return,55,0.4375,1789848482.9807417,0
eval/return,60,0.53125,1789854071.3076,0
eval/return,65,0.46875,1789859645.1321871,0
eval/return,70,0.34375,1789865194.0296943,0
eval/return,75,0.53125,1789870806.4411013,0
eval/return,80,0.5,1789876395.8342557,0
eval/success_at_end,5,0.3125,1789794005.0826828,0
eval/success_at_end,10,0.28125,1789799268.2535386,0
eval/success_at_end,15,0.34375,1789804629.3002305,0
eval/success_at_end,20,0.4375,1789809919.5563147,0
eval/success_at_end,25,0.375,1789815267.1947494,0
eval/success_at_end,30,0.34375,1789820693.8931794,0
eval/success_at_end,35,0.40625,1789826170.390099,0
eval/success_at_end,40,0.40625,1789831682.2017102,0
eval/success_at_end,45,0.5625,1789837214.1874127,0
eval/success_at_end,50,0.5625,1789842746.4110065,0
eval/success_at_end,55,0.4375,1789848482.980819,0
eval/success_at_end,60,0.53125,1789854071.3076794,0
eval/success_at_end,65,0.46875,1789859645.1322632,0
eval/success_at_end,70,0.34375,1789865194.0298345,0
eval/success_at_end,75,0.53125,1789870806.4411666,0
eval/success_at_end,80,0.5,1789876395.8344202,0
eval/success_once,5,0.3125,1789794005.0826929,0
eval/success_once,10,0.28125,1789799268.2535698,0
eval/success_once,15,0.34375,1789804629.3002603,0
eval/success_once,20,0.4375,1789809919.5563555,0
eval/success_once,25,0.375,1789815267.1947618,0
eval/success_once,30,0.34375,1789820693.8932102,0
eval/success_once,35,0.40625,1789826170.3901172,0
eval/success_once,40,0.40625,1789831682.201723,0
eval/success_once,45,0.5625,1789837214.1874228,0
eval/success_once,50,0.5625,1789842746.4110181,0
eval/success_once,55,0.4375,1789848482.980832,0
eval/success_once,60,0.53125,1789854071.3076956,0
eval/success_once,65,0.46875,1789859645.1322725,0
eval/success_once,70,0.34375,1789865194.0298674,0
eval/success_once,75,0.53125,1789870806.4411767,0
eval/success_once,80,0.5,1789876395.8344486,0
eval/reward,5,0.0015624999068677425,1789794005.0826998,0
eval/reward,10,0.0014062498230487108,1789799268.2535915,0
eval/reward,15,0.0017187497578561306,1789804629.3002813,0
eval/reward,20,0.0021875000093132257,1789809919.5563788,0
eval/reward,25,0.0018749999580904841,1789815267.1947696,0
eval/reward,30,0.0017187499906867743,1789820693.8932347,0
eval/reward,35,0.002031249925494194,1789826170.3901303,0
eval/reward,40,0.002031249925494194,1789831682.2017329,0
eval/reward,45,0.0028124996460974216,1789837214.1874301,0
eval/reward,50,0.002812500111758709,1789842746.4110272,0
eval/reward,55,0.002187499776482582,1789848482.9808402,0
eval/reward,60,0.0026562497951090336,1789854071.3077068,0
eval/reward,65,0.0023437500931322575,1789859645.1322794,0
eval/reward,70,0.0017187499906867743,1789865194.0298908,0
eval/reward,75,0.0026562497951090336,1789870806.4411843,0
eval/reward,80,0.0024999999441206455,1789876395.8344696,0
eval/episode_len,5,200.0,1789794005.0827062,0
eval/episode_len,10,200.0,1789799268.2536118,0
eval/episode_len,15,200.0,1789804629.300301,0
eval/episode_len,20,200.0,1789809919.556398,0
eval/episode_len,25,200.0,1789815267.194777,0
eval/episode_len,30,200.0,1789820693.8932545,0
eval/episode_len,35,200.0,1789826170.3901422,0
eval/episode_len,40,200.0,1789831682.2017405,0
eval/episode_len,45,200.0,1789837214.1874368,0
eval/episode_len,50,200.0,1789842746.4110343,0
eval/episode_len,55,200.0,1789848482.9808483,0
eval/episode_len,60,200.0,1789854071.3077161,0
eval/episode_len,65,200.0,1789859645.1322849,0
eval/episode_len,70,200.0,1789865194.0299134,0
eval/episode_len,75,200.0,1789870806.4411907,0
eval/episode_len,80,200.0,1789876395.8344865,0
eval/num_trajectories,5,32.0,1789794005.082756,0
eval/num_trajectories,10,32.0,1789799268.2537553,0
eval/num_trajectories,15,32.0,1789804629.3004155,0
eval/num_trajectories,20,32.0,1789809919.556513,0
eval/num_trajectories,25,32.0,1789815267.1948442,0
eval/num_trajectories,30,32.0,1789820693.8933961,0
eval/num_trajectories,35,32.0,1789826170.390231,0
eval/num_trajectories,40,32.0,1789831682.2018049,0
eval/num_trajectories,45,32.0,1789837214.1875,0
eval/num_trajectories,50,32.0,1789842746.4110942,0
eval/num_trajectories,55,32.0,1789848482.9809072,0
eval/num_trajectories,60,32.0,1789854071.3077853,0
eval/num_trajectories,65,32.0,1789859645.132347,0
eval/num_trajectories,70,32.0,1789865194.0300367,0
eval/num_trajectories,75,32.0,1789870806.4412498,0
eval/num_trajectories,80,32.0,1789876395.834612,0
time/eval,5,419.36346435546875,1789794005.101562,0
time/eval,10,438.6436462402344,1789799347.0935643,0
time/eval,15,422.55029296875,1789804629.3242016,0
time/eval,20,428.5962829589844,1789810001.2054958,0
time/eval,25,419.77899169921875,1789815267.2184186,0
time/eval,30,465.6338806152344,1789820773.844567,0
time/eval,35,442.0809631347656,1789826170.4161675,0
time/eval,40,441.5306396484375,1789831783.1859064,0
time/eval,45,449.2749938964844,1789837214.203089,0
time/eval,50,459.7137145996094,1789842831.0056424,0
time/eval,55,471.3533020019531,1789848482.9988515,0
time/eval,60,450.6128234863281,1789854177.1166818,0
time/eval,65,458.5599670410156,1789859645.148475,0
time/eval,70,448.44268798828125,1789865283.6780965,0
time/eval,75,450.40625,1789870806.4567432,0
time/eval,80,449.625244140625,1789876497.7124615,0
time/env/evaluate,5,407.82330322265625,1789794005.1020014,0
time/env/evaluate,10,432.5361022949219,1789799347.0941174,0
time/env/evaluate,15,416.1343994140625,1789804629.324871,0
time/env/evaluate,20,422.736083984375,1789810001.2062266,0
time/env/evaluate,25,413.4081726074219,1789815267.218691,0
time/env/evaluate,30,459.94793701171875,1789820773.8451507,0
time/env/evaluate,35,435.78857421875,1789826170.4168267,0
time/env/evaluate,40,435.84234619140625,1789831783.186316,0
time/env/evaluate,45,443.2275695800781,1789837214.2033043,0
time/env/evaluate,50,453.4526062011719,1789842831.0059898,0
time/env/evaluate,55,465.0311584472656,1789848482.999091,0
time/env/evaluate,60,444.3775634765625,1789854177.1170692,0
time/env/evaluate,65,452.1655578613281,1789859645.1487007,0
time/env/evaluate,70,442.17364501953125,1789865283.6784985,0
time/env/evaluate,75,444.5931091308594,1789870806.4570744,0
time/env/evaluate,80,443.50372314453125,1789876497.713116,0
time/rollout/evaluate,5,225.29161071777344,1789794005.102053,0
time/rollout/evaluate,10,235.637451171875,1789799347.0941582,0
time/rollout/evaluate,15,228.27288818359375,1789804629.3249803,0
time/rollout/evaluate,20,224.4763946533203,1789810001.206334,0
time/rollout/evaluate,25,220.90963745117188,1789815267.2187264,0
time/rollout/evaluate,30,255.83056640625,1789820773.8451996,0
time/rollout/evaluate,35,243.29922485351562,1789826170.4169314,0
time/rollout/evaluate,40,231.8937225341797,1789831783.1863623,0
time/rollout/evaluate,45,238.93460083007812,1789837214.2033365,0
time/rollout/evaluate,50,255.53236389160156,1789842831.0060306,0
time/rollout/evaluate,55,254.06503295898438,1789848482.99913,0
time/rollout/evaluate,60,254.74581909179688,1789854177.117174,0
time/rollout/evaluate,65,253.45591735839844,1789859645.1487324,0
time/rollout/evaluate,70,238.6780242919922,1789865283.6785624,0
time/rollout/evaluate,75,246.5613250732422,1789870806.457127,0
time/rollout/evaluate,80,240.07119750976562,1789876497.7132273,0
