tag,round,value,wall_time,segment
env/episode_len,1,200.0,1789735381.177515,0
env/episode_len,2,200.0,1789736158.3118336,0
env/episode_len,3,200.0,1789736932.3634028,0
env/episode_len,4,200.0,1789737712.383406,0
env/episode_len,5,200.0,1789738848.0615854,0
env/episode_len,6,200.0,1789739665.6953788,0
env/episode_len,7,200.0,1789740462.6890762,0
env/episode_len,8,200.0,1789741284.2962806,0
env/episode_len,9,200.0,1789742089.6702635,0
env/episode_len,10,200.0,1789743347.8794465,0
env/episode_len,11,200.0,1789744207.2088108,0
env/episode_len,12,200.0,1789745056.1820688,0
env/episode_len,13,200.0,1789745898.4736435,0
env/episode_len,14,200.0,1789746730.2775476,0
env/episode_len,15,200.0,1789747942.3708985,0
env/episode_len,16,200.0,1789748774.9761596,0
env/episode_len,17,200.0,1789749617.7072523,0
env/episode_len,18,200.0,1789750438.1752486,0
env/episode_len,19,200.0,1789751264.422442,0
env/episode_len,20,200.0,1789752529.323267,0
env/episode_len,21,200.0,1789753344.5351229,0
env/episode_len,22,200.0,1789754176.813639,0
env/episode_len,23,200.0,1789755010.225367,0
env/episode_len,24,200.0,1789755859.704787,0
env/episode_len,25,200.0,1789757090.5704422,0
env/episode_len,26,200.0,1789757960.9317775,0
env/episode_len,27,200.0,1789758804.3874018,0
env/episode_len,28,200.0,1789759671.6424227,0
env/episode_len,29,200.0,1789760512.3548083,0
env/episode_len,30,200.0,1789761821.0379431,0
env/episode_len,31,200.0,1789762701.7579136,0
env/episode_len,32,200.0,1789763583.587015,0
env/episode_len,33,200.0,1789764439.5955184,0
env/episode_len,34,200.0,1789765303.1596527,0
env/episode_len,35,200.0,1789766576.859022,0
env/episode_len,36,200.0,1789767456.944921,0
env/episode_len,37,200.0,1789768311.100454,0
env/episode_len,38,200.0,1789769149.8311079,0
env/episode_len,39,200.0,1789770004.5236876,0
env/episode_len,40,200.0,1789771319.4124813,0
env/episode_len,41,200.0,1789772195.2348864,0
env/episode_len,42,200.0,1789773056.1743333,0
env/episode_len,43,200.0,1789773912.5945055,0
env/episode_len,44,200.0,1789774779.9664197,0
env/episode_len,45,200.0,1789776009.4532542,0
env/episode_len,46,200.0,1789776858.1640124,0
env/episode_len,47,200.0,1789777727.6032808,0
env/episode_len,48,200.0,1789778587.570309,0
env/episode_len,49,200.0,1789779450.0533917,0
env/episode_len,50,200.0,1789780757.7262704,0
env/episode_len,51,200.0,1789781598.430655,0
env/episode_len,52,200.0,1789782457.9979532,0
env/episode_len,53,200.0,1789783335.6947792,0
env/episode_len,54,200.0,1789784199.8599145,0
env/episode_len,55,200.0,1789785454.8396966,0
env/episode_len,56,200.0,1789786349.0623727,0
env/episode_len,57,200.0,1789787220.0616593,0
env/episode_len,58,200.0,1789788098.7083151,0
env/episode_len,59,200.0,1789788982.3447871,0
env/episode_len,60,200.0,1789790306.358456,0
env/episode_len,61,200.0,1789791172.7595334,0
env/episode_len,62,200.0,1789792032.821235,0
env/episode_len,63,200.0,1789792890.8270476,0
env/episode_len,64,200.0,1789793764.9376857,0
env/episode_len,65,200.0,1789795027.8139691,0
env/episode_len,66,200.0,1789795901.7046442,0
env/episode_len,67,200.0,1789796782.472405,0
env/episode_len,68,200.0,1789797666.491216,0
env/episode_len,69,200.0,1789798529.0204198,0
env/episode_len,70,200.0,1789799875.5466232,0
env/episode_len,71,200.0,1789800740.319791,0
env/episode_len,72,200.0,1789801632.6707444,0
env/episode_len,73,200.0,1789802511.2889082,0
env/episode_len,74,200.0,1789803399.5223489,0
env/episode_len,75,200.0,1789804709.1149936,0
env/episode_len,76,200.0,1789805572.0158844,0
env/episode_len,77,200.0,1789806438.0789385,0
env/episode_len,78,200.0,1789807311.8901284,0
env/episode_len,79,200.0,1789808161.6134987,0
env/episode_len,80,200.0,1789809490.2908144,0
env/episode_len,81,200.0,1789810380.0954227,0
env/episode_len,82,200.0,1789811260.45947,0
env/episode_len,83,200.0,1789812153.2409804,0
env/episode_len,84,200.0,1789813033.9444337,0
env/episode_len,85,200.0,1789814312.2048864,0
env/episode_len,86,200.0,1789815198.4758668,0
env/episode_len,87,200.0,1789816092.0800533,0
env/episode_len,88,200.0,1789816977.7828026,0
env/episode_len,89,200.0,1789817875.8108716,0
env/episode_len,90,200.0,1789819258.6129768,0
env/episode_len,91,200.0,1789820165.0572495,0
env/episode_len,92,200.0,1789821060.8186982,0
env/episode_len,93,200.0,1789821959.3843122,0
env/episode_len,94,200.0,1789822844.5012698,0
env/episode_len,95,200.0,1789824159.9591827,0
env/episode_len,96,200.0,1789825054.5677562,0
env/episode_len,97,200.0,1789825948.5382316,0
env/episode_len,98,200.0,1789826861.0117745,0
env/episode_len,99,200.0,1789827745.5774689,0
env/episode_len,100,200.0,1789829118.2353656,0
env/episode_len,101,200.0,1789830009.8313074,0
env/episode_len,102,200.0,1789830915.924307,0
env/episode_len,103,200.0,1789831806.6374369,0
env/episode_len,104,200.0,1789832718.997987,0
env/episode_len,105,200.0,1789834041.4818401,0
env/episode_len,106,200.0,1789834981.8532917,0
env/episode_len,107,200.0,1789835868.431415,0
env/episode_len,108,200.0,1789836735.707384,0
env/episode_len,109,200.0,1789837618.129639,0
env/episode_len,110,200.0,1789838967.5043957,0
env/episode_len,111,200.0,1789839873.946933,0
env/episode_len,112,200.0,1789840774.85612,0
env/episode_len,113,200.0,1789841662.7332325,0
env/episode_len,114,200.0,1789842563.6532114,0
env/episode_len,115,200.0,1789843890.6734216,0
env/episode_len,116,200.0,1789844788.2106698,0
env/episode_len,117,200.0,1789845696.5362968,0
env/episode_len,118,200.0,1789846589.41531,0
env/episode_len,119,200.0,1789847480.2841702,0
env/episode_len,120,200.0,1789848833.6244395,0
env/episode_len,121,200.0,1789849726.8687093,0
env/episode_len,122,200.0,1789850608.2743757,0
env/episode_len,123,200.0,1789851504.2518663,0
env/episode_len,124,200.0,1789852381.7216775,0
env/episode_len,125,200.0,1789853698.2224557,0
env/episode_len,126,200.0,1789854595.6972222,0
env/episode_len,127,200.0,1789855482.7756524,0
env/episode_len,128,200.0,1789856378.0267296,0
env/episode_len,129,200.0,1789857265.144238,0
env/episode_len,130,200.0,1789858604.4942503,0
env/episode_len,131,200.0,1789859500.960604,0
env/episode_len,132,200.0,1789860405.5610428,0
env/episode_len,133,200.0,1789861321.6383274,0
env/episode_len,134,200.0,1789862242.7001374,0
env/episode_len,135,200.0,1789863585.6592197,0
env/episode_len,136,200.0,1789864520.2141895,0
env/episode_len,137,200.0,1789865419.934164,0
env/episode_len,138,200.0,1789866317.8922358,0
env/episode_len,139,200.0,1789867224.145105,0
env/episode_len,140,200.0,1789868619.8072667,0
env/episode_len,141,200.0,1789869518.1865313,0
env/episode_len,142,200.0,1789870408.905876,0
env/episode_len,143,200.0,1789871324.2459548,0
env/episode_len,144,200.0,1789872217.2601988,0
env/episode_len,145,200.0,1789873546.0743268,0
env/episode_len,146,200.0,1789874462.5772645,0
env/episode_len,147,200.0,1789875356.5892606,0
env/episode_len,148,200.0,1789876285.706328,0
env/return,1,0.3203125,1789735381.1776087,0
env/return,2,0.3515625,1789736158.3118663,0
env/return,3,0.3828125,1789736932.3634348,0
env/return,4,0.34375,1789737712.38346,0
env/return,5,0.4921875,1789738848.0616148,0
env/return,6,0.3046875,1789739665.6954296,0
env/return,7,0.484375,1789740462.689131,0
env/return,8,0.359375,1789741284.2963357,0
env/return,9,0.5078125,1789742089.670311,0
env/return,10,0.46875,1789743347.8794782,0
env/return,11,0.40625,1789744207.2088664,0
env/return,12,0.5390625,1789745056.1821306,0
env/return,13,0.5078125,1789745898.473697,0
env/return,14,0.4453125,1789746730.277605,0
env/return,15,0.2890625,1789747942.3709257,0
env/return,16,0.4609375,1789748774.9762108,0
env/return,17,0.3984375,1789749617.7072883,0
env/return,18,0.421875,1789750438.1753047,0
env/return,19,0.453125,1789751264.4224935,0
env/return,20,0.328125,1789752529.323305,0
env/return,21,0.4375,1789753344.5351863,0
env/return,22,0.4609375,1789754176.813694,0
env/return,23,0.4921875,1789755010.2254174,0
env/return,24,0.4609375,1789755859.7048533,0
env/return,25,0.4140625,1789757090.5704665,0
env/return,26,0.4765625,1789757960.9318306,0
env/return,27,0.6015625,1789758804.3874655,0
env/return,28,0.4609375,1789759671.6424837,0
env/return,29,0.5390625,1789760512.3548687,0
env/return,30,0.4765625,1789761821.0379777,0
env/return,31,0.53125,1789762701.7579691,0
env/return,32,0.5234375,1789763583.5870616,0
env/return,33,0.546875,1789764439.5955744,0
env/return,34,0.5703125,1789765303.1596808,0
env/return,35,0.5625,1789766576.859051,0
env/return,36,0.515625,1789767456.9449759,0
env/return,37,0.5703125,1789768311.1005104,0
env/return,38,0.6015625,1789769149.8311558,0
env/return,39,0.6328125,1789770004.523741,0
env/return,40,0.484375,1789771319.4125102,0
env/return,41,0.53125,1789772195.234947,0
env/return,42,0.5,1789773056.1743894,0
env/return,43,0.4296875,1789773912.5946012,0
env/return,44,0.4453125,1789774779.966479,0
env/return,45,0.5234375,1789776009.453279,0
env/return,46,0.6796875,1789776858.1640687,0
env/return,47,0.5234375,1789777727.6033385,0
env/return,48,0.546875,1789778587.5703928,0
env/return,49,0.515625,1789779450.0534556,0
env/return,50,0.484375,1789780757.7262986,0
env/return,51,0.5390625,1789781598.4306893,0
env/return,52,0.59375,1789782457.9980037,0
env/return,53,0.65625,1789783335.6948361,0
env/return,54,0.546875,1789784199.859977,0
env/return,55,0.5234375,1789785454.839723,0
env/return,56,0.40625,1789786349.0624306,0
env/return,57,0.671875,1789787220.0617082,0
env/return,58,0.5390625,1789788098.7083716,0
env/return,59,0.53125,1789788982.3448703,0
env/return,60,0.4765625,1789790306.3584943,0
env/return,61,0.6015625,1789791172.7595901,0
env/return,62,0.6171875,1789792032.8212872,0
env/return,63,0.6171875,1789792890.8270946,0
env/return,64,0.625,1789793764.9377384,0
env/return,65,0.578125,1789795027.8139951,0
env/return,66,0.546875,1789795901.7047,0
env/return,67,0.4921875,1789796782.4724624,0
env/return,68,0.5234375,1789797666.4912531,0
env/return,69,0.5390625,1789798529.0204697,0
env/return,70,0.5234375,1789799875.5466514,0
env/return,71,0.578125,1789800740.319847,0
env/return,72,0.4921875,1789801632.670802,0
env/return,73,0.671875,1789802511.2889705,0
env/return,74,0.4609375,1789803399.522411,0
env/return,75,0.6171875,1789804709.1150186,0
env/return,76,0.71875,1789805572.0159333,0
env/return,77,0.578125,1789806438.0789955,0
env/return,78,0.53125,1789807311.8901858,0
env/return,79,0.5703125,1789808161.6135485,0
env/return,80,0.4296875,1789809490.2908509,0
env/return,81,0.5,1789810380.0954812,0
env/return,82,0.5,1789811260.4595237,0
env/return,83,0.4453125,1789812153.2410374,0
env/return,84,0.6015625,1789813033.9444869,0
env/return,85,0.4765625,1789814312.2049108,0
env/return,86,0.484375,1789815198.4759185,0
env/return,87,0.5,1789816092.0801072,0
env/return,88,0.53125,1789816977.7828574,0
env/return,89,0.4921875,1789817875.8109248,0
env/return,90,0.53125,1789819258.613006,0
env/return,91,0.5703125,1789820165.0573072,0
env/return,92,0.484375,1789821060.8187442,0
env/return,93,0.5234375,1789821959.3843684,0
env/return,94,0.5859375,1789822844.5013306,0
env/return,95,0.578125,1789824159.9592116,0
env/return,96,0.5625,1789825054.5678005,0
env/return,97,0.578125,1789825948.5382872,0
env/return,98,0.5703125,1789826861.0118344,0
env/return,99,0.625,1789827745.577524,0
env/return,100,0.5859375,1789829118.2354,0
env/return,101,0.65625,1789830009.8313498,0
env/return,102,0.53125,1789830915.9243703,0
env/return,103,0.5546875,1789831806.6374905,0
env/return,104,0.5546875,1789832718.998041,0
env/return,105,0.3984375,1789834041.4818814,0
env/return,106,0.4609375,1789834981.8533664,0
env/return,107,0.578125,1789835868.4314423,0
env/return,108,0.6015625,1789836735.7074287,0
env/return,109,0.515625,1789837618.1296973,0
env/return,110,0.5625,1789838967.504425,0
env/return,111,0.6640625,1789839873.9469903,0
env/return,112,0.453125,1789840774.8561494,0
env/return,113,0.578125,1789841662.7332768,0
env/return,114,0.578125,1789842563.6532679,0
env/return,115,0.53125,1789843890.6734447,0
env/return,116,0.5,1789844788.210711,0
env/return,117,0.453125,1789845696.536351,0
env/return,118,0.6171875,1789846589.4153628,0
env/return,119,0.515625,1789847480.2842147,0
env/return,120,0.65625,1789848833.6244686,0
env/return,121,0.6171875,1789849726.8687668,0
env/return,122,0.484375,1789850608.2744482,0
env/return,123,0.6171875,1789851504.2518957,0
env/return,124,0.5625,1789852381.7217314,0
env/return,125,0.6640625,1789853698.222482,0
env/return,126,0.5390625,1789854595.6972756,0
env/return,127,0.59375,1789855482.77572,0
env/return,128,0.59375,1789856378.0267878,0
env/return,129,0.59375,1789857265.1442814,0
env/return,130,0.5390625,1789858604.4942977,0
env/return,131,0.4765625,1789859500.9606593,0
env/return,132,0.6015625,1789860405.5610776,0
env/return,133,0.484375,1789861321.6383839,0
env/return,134,0.546875,1789862242.700217,0
env/return,135,0.640625,1789863585.6592433,0
env/return,136,0.4765625,1789864520.2142262,0
env/return,137,0.5859375,1789865419.934218,0
env/return,138,0.65625,1789866317.8922899,0
env/return,139,0.515625,1789867224.145161,0
env/return,140,0.4609375,1789868619.8072953,0
env/return,141,0.53125,1789869518.1865866,0
env/return,142,0.5078125,1789870408.9059312,0
env/return,143,0.4921875,1789871324.246009,0
env/return,144,0.53125,1789872217.2602525,0
env/return,145,0.453125,1789873546.0743608,0
env/return,146,0.6171875,1789874462.5773048,0
env/return,147,0.5859375,1789875356.5893416,0
env/return,148,0.4609375,1789876285.706386,0
env/success_once,1,0.3203125,1789735381.1776214,0
env/success_once,2,0.3515625,1789736158.311875,0
env/success_once,3,0.3828125,1789736932.3634431,0
env/success_once,4,0.34375,1789737712.3834693,0
env/success_once,5,0.4921875,1789738848.0616236,0
env/success_once,6,0.3046875,1789739665.6954381,0
env/success_once,7,0.484375,1789740462.6891396,0
env/success_once,8,0.359375,1789741284.2963445,0
env/success_once,9,0.5078125,1789742089.6703212,0
env/success_once,10,0.46875,1789743347.8794868,0
env/success_once,11,0.40625,1789744207.2088766,0
env/success_once,12,0.5390625,1789745056.182141,0
env/success_once,13,0.5078125,1789745898.473706,0
env/success_once,14,0.4453125,1789746730.277615,0
env/success_once,15,0.2890625,1789747942.370934,0
env/success_once,16,0.4609375,1789748774.9762204,0
env/success_once,17,0.3984375,1789749617.707297,0
env/success_once,18,0.421875,1789750438.175314,0
env/success_once,19,0.453125,1789751264.4225037,0
env/success_once,20,0.328125,1789752529.3233137,0
env/success_once,21,0.4375,1789753344.5351958,0
env/success_once,22,0.4609375,1789754176.813703,0
env/success_once,23,0.4921875,1789755010.2254283,0
env/success_once,24,0.4609375,1789755859.7048628,0
env/success_once,25,0.4140625,1789757090.5704741,0
env/success_once,26,0.4765625,1789757960.9318392,0
env/success_once,27,0.6015625,1789758804.3874753,0
env/success_once,28,0.4609375,1789759671.6424942,0
env/success_once,29,0.5390625,1789760512.3548777,0
env/success_once,30,0.4765625,1789761821.0379872,0
env/success_once,31,0.53125,1789762701.7579792,0
env/success_once,32,0.5234375,1789763583.5870707,0
env/success_once,33,0.546875,1789764439.5955832,0
env/success_once,34,0.5703125,1789765303.1596887,0
env/success_once,35,0.5625,1789766576.8590598,0
env/success_once,36,0.515625,1789767456.9449854,0
env/success_once,37,0.5703125,1789768311.1005192,0
env/success_once,38,0.6015625,1789769149.8311667,0
env/success_once,39,0.6328125,1789770004.5237503,0
env/success_once,40,0.484375,1789771319.412519,0
env/success_once,41,0.53125,1789772195.2349563,0
env/success_once,42,0.5,1789773056.1743984,0
env/success_once,43,0.4296875,1789773912.5946157,0
env/success_once,44,0.4453125,1789774779.9664903,0
env/success_once,45,0.5234375,1789776009.4532874,0
env/success_once,46,0.6796875,1789776858.1640792,0
env/success_once,47,0.5234375,1789777727.6033483,0
env/success_once,48,0.546875,1789778587.570407,0
env/success_once,49,0.515625,1789779450.0534651,0
env/success_once,50,0.484375,1789780757.7263076,0
env/success_once,51,0.5390625,1789781598.4306984,0
env/success_once,52,0.59375,1789782457.9980128,0
env/success_once,53,0.65625,1789783335.6948452,0
env/success_once,54,0.546875,1789784199.8599865,0
env/success_once,55,0.5234375,1789785454.8397312,0
env/success_once,56,0.40625,1789786349.0624402,0
env/success_once,57,0.671875,1789787220.0617175,0
env/success_once,58,0.5390625,1789788098.708382,0
env/success_once,59,0.53125,1789788982.3448873,0
env/success_once,60,0.4765625,1789790306.3585026,0
env/success_once,61,0.6015625,1789791172.7595997,0
env/success_once,62,0.6171875,1789792032.8212965,0
env/success_once,63,0.6171875,1789792890.8271039,0
env/success_once,64,0.625,1789793764.9377484,0
env/success_once,65,0.578125,1789795027.8140035,0
env/success_once,66,0.546875,1789795901.7047093,0
env/success_once,67,0.4921875,1789796782.4724715,0
env/success_once,68,0.5234375,1789797666.4912617,0
env/success_once,69,0.5390625,1789798529.020479,0
env/success_once,70,0.5234375,1789799875.5466592,0
env/success_once,71,0.578125,1789800740.319858,0
env/success_once,72,0.4921875,1789801632.6708117,0
env/success_once,73,0.671875,1789802511.2889802,0
env/success_once,74,0.4609375,1789803399.5224257,0
env/success_once,75,0.6171875,1789804709.1150267,0
env/success_once,76,0.71875,1789805572.0159416,0
env/success_once,77,0.578125,1789806438.0790057,0
env/success_once,78,0.53125,1789807311.890195,0
env/success_once,79,0.5703125,1789808161.613558,0
env/success_once,80,0.4296875,1789809490.2908597,0
env/success_once,81,0.5,1789810380.0954912,0
env/success_once,82,0.5,1789811260.459533,0
env/success_once,83,0.4453125,1789812153.2410464,0
env/success_once,84,0.6015625,1789813033.944496,0
env/success_once,85,0.4765625,1789814312.2049189,0
env/success_once,86,0.484375,1789815198.4759278,0
env/success_once,87,0.5,1789816092.080117,0
env/success_once,88,0.53125,1789816977.7828667,0
env/success_once,89,0.4921875,1789817875.810934,0
env/success_once,90,0.53125,1789819258.6130142,0
env/success_once,91,0.5703125,1789820165.0573165,0
env/success_once,92,0.484375,1789821060.8187532,0
env/success_once,93,0.5234375,1789821959.384377,0
env/success_once,94,0.5859375,1789822844.5013406,0
env/success_once,95,0.578125,1789824159.9592204,0
env/success_once,96,0.5625,1789825054.5678105,0
env/success_once,97,0.578125,1789825948.5382962,0
env/success_once,98,0.5703125,1789826861.0118458,0
env/success_once,99,0.625,1789827745.5775335,0
env/success_once,100,0.5859375,1789829118.2354083,0
env/success_once,101,0.65625,1789830009.8313584,0
env/success_once,102,0.53125,1789830915.924385,0
env/success_once,103,0.5546875,1789831806.6374996,0
env/success_once,104,0.5546875,1789832718.9980502,0
env/success_once,105,0.3984375,1789834041.4818897,0
env/success_once,106,0.4609375,1789834981.8533783,0
env/success_once,107,0.578125,1789835868.4314506,0
env/success_once,108,0.6015625,1789836735.7074382,0
env/success_once,109,0.515625,1789837618.129713,0
env/success_once,110,0.5625,1789838967.5044334,0
env/success_once,111,0.6640625,1789839873.9469998,0
env/success_once,112,0.453125,1789840774.8561583,0
env/success_once,113,0.578125,1789841662.7332857,0
env/success_once,114,0.578125,1789842563.6532772,0
env/success_once,115,0.53125,1789843890.673453,0
env/success_once,116,0.5,1789844788.21072,0
env/success_once,117,0.453125,1789845696.5363603,0
env/success_once,118,0.6171875,1789846589.415372,0
env/success_once,119,0.515625,1789847480.284224,0
env/success_once,120,0.65625,1789848833.624477,0
env/success_once,121,0.6171875,1789849726.8687756,0
env/success_once,122,0.484375,1789850608.2744622,0
env/success_once,123,0.6171875,1789851504.2519047,0
env/success_once,124,0.5625,1789852381.7217398,0
env/success_once,125,0.6640625,1789853698.22249,0
env/success_once,126,0.5390625,1789854595.697285,0
env/success_once,127,0.59375,1789855482.77573,0
env/success_once,128,0.59375,1789856378.0267968,0
env/success_once,129,0.59375,1789857265.1442945,0
env/success_once,130,0.5390625,1789858604.4943066,0
env/success_once,131,0.4765625,1789859500.9606686,0
env/success_once,132,0.6015625,1789860405.5610864,0
env/success_once,133,0.484375,1789861321.6383934,0
env/success_once,134,0.546875,1789862242.7002325,0
env/success_once,135,0.640625,1789863585.6592515,0
env/success_once,136,0.4765625,1789864520.214234,0
env/success_once,137,0.5859375,1789865419.9342272,0
env/success_once,138,0.65625,1789866317.8922985,0
env/success_once,139,0.515625,1789867224.1451702,0
env/success_once,140,0.4609375,1789868619.8073034,0
env/success_once,141,0.53125,1789869518.1865957,0
env/success_once,142,0.5078125,1789870408.9059405,0
env/success_once,143,0.4921875,1789871324.2460186,0
env/success_once,144,0.53125,1789872217.2602613,0
env/success_once,145,0.453125,1789873546.0743685,0
env/success_once,146,0.6171875,1789874462.577313,0
env/success_once,147,0.5859375,1789875356.5893567,0
env/success_once,148,0.4609375,1789876285.7063954,0
env/reward,1,0.0016015624860301614,1789735381.1776288,0
env/reward,2,0.0017578124534338713,1789736158.3118815,0
env/reward,3,0.001914062537252903,1789736932.3634496,0
env/reward,4,0.0017187499906867743,1789737712.383476,0
env/reward,5,0.0024609374813735485,1789738848.0616298,0
env/reward,6,0.0015234374441206455,1789739665.6954448,0
env/reward,7,0.002421874785795808,1789740462.6891456,0
env/reward,8,0.0017968749161809683,1789741284.2963526,0
env/reward,9,0.002539062639698386,1789742089.6703281,0
env/reward,10,0.002343749860301614,1789743347.8794935,0
env/reward,11,0.002031249925494194,1789744207.2088833,0
env/reward,12,0.0026953122578561306,1789745056.1821487,0
env/reward,13,0.002539062174037099,1789745898.473713,0
env/reward,14,0.0022265624720603228,1789746730.2776227,0
env/reward,15,0.0014453125186264515,1789747942.370941,0
env/reward,16,0.002304687397554517,1789748774.9762273,0
env/reward,17,0.001992187462747097,1789749617.7073033,0
env/reward,18,0.0021093750838190317,1789750438.1753204,0
env/reward,19,0.0022656249348074198,1789751264.422527,0
env/reward,20,0.0016406249487772584,1789752529.32332,0
env/reward,21,0.0021875000093132257,1789753344.5352027,0
env/reward,22,0.002304687397554517,1789754176.8137105,0
env/reward,23,0.0024609374813735485,1789755010.2254367,0
env/reward,24,0.0023046876303851604,1789755859.7048693,0
env/reward,25,0.002070312388241291,1789757090.5704808,0
env/reward,26,0.002382812323048711,1789757960.9318461,0
env/reward,27,0.003007812425494194,1789758804.3874836,0
env/reward,28,0.002304687397554517,1789759671.642502,0
env/reward,29,0.0026953124906867743,1789760512.3548849,0
env/reward,30,0.002382812323048711,1789761821.0379937,0
env/reward,31,0.00265624956227839,1789762701.757986,0
env/reward,32,0.0026171873323619366,1789763583.5870774,0
env/reward,33,0.0027343749534338713,1789764439.5955899,0
env/reward,34,0.0028515623416751623,1789765303.1596954,0
env/reward,35,0.0028124998789280653,1789766576.8590665,0
env/reward,36,0.0025781248696148396,1789767456.9449923,0
env/reward,37,0.002851562574505806,1789768311.1005256,0
env/reward,38,0.0030078126583248377,1789769149.8311753,0
env/reward,39,0.003164062276482582,1789770004.5237575,0
env/reward,40,0.0024218750186264515,1789771319.4125266,0
env/reward,41,0.0026562497951090336,1789772195.234963,0
env/reward,42,0.0024999999441206455,1789773056.174405,0
env/reward,43,0.0021484375465661287,1789773912.5946257,0
env/reward,44,0.002226562239229679,1789774779.9664989,0
env/reward,45,0.0026171873323619366,1789776009.4532936,0
env/reward,46,0.0033984375186264515,1789776858.164086,0
env/reward,47,0.002617187099531293,1789777727.6033568,0
env/reward,48,0.0027343749534338713,1789778587.5704174,0
env/reward,49,0.0025781248696148396,1789779450.0534735,0
env/reward,50,0.002421874785795808,1789780757.7263143,0
env/reward,51,0.0026953124906867743,1789781598.430705,0
env/reward,52,0.0029687497299164534,1789782457.998019,0
env/reward,53,0.003281249664723873,1789783335.6948514,0
env/reward,54,0.0027343747206032276,1789784199.8599935,0
env/reward,55,0.0026171873323619366,1789785454.8397374,0
env/reward,56,0.002031249925494194,1789786349.0624473,0
env/reward,57,0.003359374823048711,1789787220.0617237,0
env/reward,58,0.0026953124906867743,1789788098.7083907,0
env/reward,59,0.0026562497951090336,1789788982.3448987,0
env/reward,60,0.0023828125558793545,1789790306.3585176,0
env/reward,61,0.003007812425494194,1789791172.7596068,0
env/reward,62,0.003085937350988388,1789792032.8213031,0
env/reward,63,0.0030859375838190317,1789792890.82711,0
env/reward,64,0.0031250000465661287,1789793764.9377553,0
env/reward,65,0.002890625037252903,1789795027.8140101,0
env/reward,66,0.0027343749534338713,1789795901.7047162,0
env/reward,67,0.002460937248542905,1789796782.472478,0
env/reward,68,0.0026171873323619366,1789797666.4912682,0
env/reward,69,0.0026953122578561306,1789798529.0204854,0
env/reward,70,0.0026171873323619366,1789799875.5466654,0
env/reward,71,0.002890625037252903,1789800740.3198662,0
env/reward,72,0.002460937248542905,1789801632.670819,0
env/reward,73,0.003359374823048711,1789802511.2889864,0
env/reward,74,0.002304687397554517,1789803399.5224326,0
env/reward,75,0.003085937350988388,1789804709.1150327,0
env/reward,76,0.0035937498323619366,1789805572.0159483,0
env/reward,77,0.0028906248044222593,1789806438.0790143,0
env/reward,78,0.0026562497951090336,1789807311.8902018,0
env/reward,79,0.0028515623416751623,1789808161.6135645,0
env/reward,80,0.0021484375465661287,1789809490.2908666,0
env/reward,81,0.002499999711290002,1789810380.095498,0
env/reward,82,0.0024999999441206455,1789811260.4595394,0
env/reward,83,0.0022265624720603228,1789812153.2410536,0
env/reward,84,0.003007812425494194,1789813033.9445028,0
env/reward,85,0.002382812323048711,1789814312.2049253,0
env/reward,86,0.002421874785795808,1789815198.4759345,0
env/reward,87,0.0024999999441206455,1789816092.0801237,0
env/reward,88,0.0026562497951090336,1789816977.7828734,0
env/reward,89,0.0024609374813735485,1789817875.8109407,0
env/reward,90,0.0026562500279396772,1789819258.6130204,0
env/reward,91,0.0028515623416751623,1789820165.057323,0
env/reward,92,0.002421874785795808,1789821060.8187602,0
env/reward,93,0.0026171873323619366,1789821959.3843837,0
env/reward,94,0.0029296875,1789822844.501347,0
env/reward,95,0.002890625037252903,1789824159.9592276,0
env/reward,96,0.0028124998789280653,1789825054.5678174,0
env/reward,97,0.0028906248044222593,1789825948.5383031,0
env/reward,98,0.0028515623416751623,1789826861.0118535,0
env/reward,99,0.003124999813735485,1789827745.5775402,0
env/reward,100,0.0029296872671693563,1789829118.2354145,0
env/reward,101,0.003281249897554517,1789830009.831365,0
env/reward,102,0.00265624956227839,1789830915.9243953,0
env/reward,103,0.0027734371833503246,1789831806.637506,0
env/reward,104,0.0027734374161809683,1789832718.9980574,0
env/reward,105,0.001992187462747097,1789834041.4818962,0
env/reward,106,0.002304687397554517,1789834981.8533862,0
env/reward,107,0.002890625037252903,1789835868.4314578,0
env/reward,108,0.0030078126583248377,1789836735.7074456,0
env/reward,109,0.0025781248696148396,1789837618.1297197,0
env/reward,110,0.0028124998789280653,1789838967.5044396,0
env/reward,111,0.0033203125931322575,1789839873.9470065,0
env/reward,112,0.0022656251676380634,1789840774.8561647,0
env/reward,113,0.002890625037252903,1789841662.7332928,0
env/reward,114,0.0028906248044222593,1789842563.6532838,0
env/reward,115,0.0026562500279396772,1789843890.6734598,0
env/reward,116,0.0024999999441206455,1789844788.2107265,0
env/reward,117,0.0022656249348074198,1789845696.5363667,0
env/reward,118,0.003085937350988388,1789846589.4153783,0
env/reward,119,0.0025781248696148396,1789847480.2842305,0
env/reward,120,0.0032812501303851604,1789848833.6244829,0
env/reward,121,0.003085937350988388,1789849726.8687823,0
env/reward,122,0.002421874785795808,1789850608.2744725,0
env/reward,123,0.003085937350988388,1789851504.251912,0
env/reward,124,0.0028124998789280653,1789852381.7217464,0
env/reward,125,0.0033203125931322575,1789853698.2224965,0
env/reward,126,0.0026953124906867743,1789854595.697292,0
env/reward,127,0.0029687501955777407,1789855482.7757366,0
env/reward,128,0.002968749962747097,1789856378.026804,0
env/reward,129,0.0029687497299164534,1789857265.1443028,0
env/reward,130,0.0026953122578561306,1789858604.4943123,0
env/reward,131,0.002382812323048711,1789859500.9606752,0
env/reward,132,0.003007812425494194,1789860405.5610929,0
env/reward,133,0.002421874785795808,1789861321.6383998,0
env/reward,134,0.0027343749534338713,1789862242.7002432,0
env/reward,135,0.0032031249720603228,1789863585.6592577,0
env/reward,136,0.0023828125558793545,1789864520.2142403,0
env/reward,137,0.0029296875,1789865419.9342372,0
env/reward,138,0.0032812501303851604,1789866317.8923059,0
env/reward,139,0.0025781248696148396,1789867224.1451774,0
env/reward,140,0.002304687164723873,1789868619.80731,0
env/reward,141,0.0026562497951090336,1789869518.1866024,0
env/reward,142,0.0025390624068677425,1789870408.9059467,0
env/reward,143,0.002460937248542905,1789871324.2460253,0
env/reward,144,0.0026562497951090336,1789872217.260268,0
env/reward,145,0.002265624701976776,1789873546.0743754,0
env/reward,146,0.003085937350988388,1789874462.5773191,0
env/reward,147,0.0029296875,1789875356.5893679,0
env/reward,148,0.002304687397554517,1789876285.7064016,0
env/num_trajectories,1,128.0,1789735381.1776636,0
env/num_trajectories,2,128.0,1789736158.311898,0
env/num_trajectories,3,128.0,1789736932.363467,0
env/num_trajectories,4,128.0,1789737712.3834949,0
env/num_trajectories,5,128.0,1789738848.0616453,0
env/num_trajectories,6,128.0,1789739665.695469,0
env/num_trajectories,7,128.0,1789740462.6891718,0
env/num_trajectories,8,128.0,1789741284.2963808,0
env/num_trajectories,9,128.0,1789742089.6703439,0
env/num_trajectories,10,128.0,1789743347.8795109,0
env/num_trajectories,11,128.0,1789744207.2089097,0
env/num_trajectories,12,128.0,1789745056.1821787,0
env/num_trajectories,13,128.0,1789745898.473739,0
env/num_trajectories,14,128.0,1789746730.2776523,0
env/num_trajectories,15,128.0,1789747942.370959,0
env/num_trajectories,16,128.0,1789748774.976255,0
env/num_trajectories,17,128.0,1789749617.7073245,0
env/num_trajectories,18,128.0,1789750438.1753483,0
env/num_trajectories,19,128.0,1789751264.4225514,0
env/num_trajectories,20,128.0,1789752529.3233356,0
env/num_trajectories,21,128.0,1789753344.5352306,0
env/num_trajectories,22,128.0,1789754176.8137374,0
env/num_trajectories,23,128.0,1789755010.225465,0
env/num_trajectories,24,128.0,1789755859.7048972,0
env/num_trajectories,25,128.0,1789757090.5704944,0
env/num_trajectories,26,128.0,1789757960.9318702,0
env/num_trajectories,27,128.0,1789758804.3875113,0
env/num_trajectories,28,128.0,1789759671.6425462,0
env/num_trajectories,29,128.0,1789760512.354912,0
env/num_trajectories,30,128.0,1789761821.0380094,0
env/num_trajectories,31,128.0,1789762701.758013,0
env/num_trajectories,32,128.0,1789763583.5870934,0
env/num_trajectories,33,128.0,1789764439.5956178,0
env/num_trajectories,34,128.0,1789765303.1597133,0
env/num_trajectories,35,128.0,1789766576.8590856,0
env/num_trajectories,36,128.0,1789767456.9450185,0
env/num_trajectories,37,128.0,1789768311.1005518,0
env/num_trajectories,38,128.0,1789769149.8311996,0
env/num_trajectories,39,128.0,1789770004.5237772,0
env/num_trajectories,40,128.0,1789771319.412544,0
env/num_trajectories,41,128.0,1789772195.23499,0
env/num_trajectories,42,128.0,1789773056.1744323,0
env/num_trajectories,43,128.0,1789773912.5946596,0
env/num_trajectories,44,128.0,1789774779.966546,0
env/num_trajectories,45,128.0,1789776009.4533079,0
env/num_trajectories,46,128.0,1789776858.1641145,0
env/num_trajectories,47,128.0,1789777727.6033862,0
env/num_trajectories,48,128.0,1789778587.5704553,0
env/num_trajectories,49,128.0,1789779450.0535007,0
env/num_trajectories,50,128.0,1789780757.726331,0
env/num_trajectories,51,128.0,1789781598.4307206,0
env/num_trajectories,52,128.0,1789782457.9980414,0
env/num_trajectories,53,128.0,1789783335.6948743,0
env/num_trajectories,54,128.0,1789784199.8600192,0
env/num_trajectories,55,128.0,1789785454.8397527,0
env/num_trajectories,56,128.0,1789786349.0624769,0
env/num_trajectories,57,128.0,1789787220.061756,0
env/num_trajectories,58,128.0,1789788098.7084196,0
env/num_trajectories,59,128.0,1789788982.3449488,0
env/num_trajectories,60,128.0,1789790306.358535,0
env/num_trajectories,61,128.0,1789791172.7596364,0
env/num_trajectories,62,128.0,1789792032.821332,0
env/num_trajectories,63,128.0,1789792890.8271382,0
env/num_trajectories,64,128.0,1789793764.9377794,0
env/num_trajectories,65,128.0,1789795027.8140244,0
env/num_trajectories,66,128.0,1789795901.7047462,0
env/num_trajectories,67,128.0,1789796782.4725058,0
env/num_trajectories,68,128.0,1789797666.4912834,0
env/num_trajectories,69,128.0,1789798529.0205128,0
env/num_trajectories,70,128.0,1789799875.546682,0
env/num_trajectories,71,128.0,1789800740.3198955,0
env/num_trajectories,72,128.0,1789801632.6708467,0
env/num_trajectories,73,128.0,1789802511.2890134,0
env/num_trajectories,74,128.0,1789803399.5224574,0
env/num_trajectories,75,128.0,1789804709.115047,0
env/num_trajectories,76,128.0,1789805572.015976,0
env/num_trajectories,77,128.0,1789806438.0790431,0
env/num_trajectories,78,128.0,1789807311.8902285,0
env/num_trajectories,79,128.0,1789808161.6135888,0
env/num_trajectories,80,128.0,1789809490.2908926,0
env/num_trajectories,81,128.0,1789810380.0955193,0
env/num_trajectories,82,128.0,1789811260.4595659,0
env/num_trajectories,83,128.0,1789812153.2410831,0
env/num_trajectories,84,128.0,1789813033.9445255,0
env/num_trajectories,85,128.0,1789814312.2049387,0
env/num_trajectories,86,128.0,1789815198.4759564,0
env/num_trajectories,87,128.0,1789816092.0801437,0
env/num_trajectories,88,128.0,1789816977.7828996,0
env/num_trajectories,89,128.0,1789817875.810962,0
env/num_trajectories,90,128.0,1789819258.6130354,0
env/num_trajectories,91,128.0,1789820165.0573502,0
env/num_trajectories,92,128.0,1789821060.8187878,0
env/num_trajectories,93,128.0,1789821959.3844106,0
env/num_trajectories,94,128.0,1789822844.501375,0
env/num_trajectories,95,128.0,1789824159.9592423,0
env/num_trajectories,96,128.0,1789825054.5678375,0
env/num_trajectories,97,128.0,1789825948.5383322,0
env/num_trajectories,98,128.0,1789826861.011882,0
env/num_trajectories,99,128.0,1789827745.5775676,0
env/num_trajectories,100,128.0,1789829118.2354338,0
env/num_trajectories,101,128.0,1789830009.8313904,0
env/num_trajectories,102,128.0,1789830915.9244196,0
env/num_trajectories,103,128.0,1789831806.6375341,0
env/num_trajectories,104,128.0,1789832718.998084,0
env/num_trajectories,105,128.0,1789834041.4819176,0
env/num_trajectories,106,128.0,1789834981.853444,0
env/num_trajectories,107,128.0,1789835868.4314742,0
env/num_trajectories,108,128.0,1789836735.7074711,0
env/num_trajectories,109,128.0,1789837618.129749,0
env/num_trajectories,110,128.0,1789838967.5044565,0
env/num_trajectories,111,128.0,1789839873.9470336,0
env/num_trajectories,112,128.0,1789840774.85618,0
env/num_trajectories,113,128.0,1789841662.733309,0
env/num_trajectories,114,128.0,1789842563.6533105,0
env/num_trajectories,115,128.0,1789843890.6734731,0
env/num_trajectories,116,128.0,1789844788.2107487,0
env/num_trajectories,117,128.0,1789845696.536393,0
env/num_trajectories,118,128.0,1789846589.4154007,0
env/num_trajectories,119,128.0,1789847480.2842495,0
env/num_trajectories,120,128.0,1789848833.6244988,0
env/num_trajectories,121,128.0,1789849726.8688092,0
env/num_trajectories,122,128.0,1789850608.2745056,0
env/num_trajectories,123,128.0,1789851504.2519279,0
env/num_trajectories,124,128.0,1789852381.7217731,0
env/num_trajectories,125,128.0,1789853698.2225254,0
env/num_trajectories,126,128.0,1789854595.6973183,0
env/num_trajectories,127,128.0,1789855482.7757638,0
env/num_trajectories,128,128.0,1789856378.0268312,0
env/num_trajectories,129,128.0,1789857265.1443322,0
env/num_trajectories,130,128.0,1789858604.4943278,0
env/num_trajectories,131,128.0,1789859500.960703,0
env/num_trajectories,132,128.0,1789860405.5611129,0
env/num_trajectories,133,128.0,1789861321.6384265,0
env/num_trajectories,134,128.0,1789862242.7002854,0
env/num_trajectories,135,128.0,1789863585.6592717,0
env/num_trajectories,136,128.0,1789864520.2142632,0
env/num_trajectories,137,128.0,1789865419.9342663,0
env/num_trajectories,138,128.0,1789866317.8923354,0
env/num_trajectories,139,128.0,1789867224.1452067,0
env/num_trajectories,140,128.0,1789868619.8073266,0
env/num_trajectories,141,128.0,1789869518.1866305,0
env/num_trajectories,142,128.0,1789870408.905974,0
env/num_trajectories,143,128.0,1789871324.246052,0
env/num_trajectories,144,128.0,1789872217.2602968,0
env/num_trajectories,145,128.0,1789873546.0743916,0
env/num_trajectories,146,128.0,1789874462.5773454,0
env/num_trajectories,147,128.0,1789875356.589406,0
env/num_trajectories,148,128.0,1789876285.7064288,0
rollout/rewards,1,0.0023163841105997562,1789735381.1776772,0
rollout/rewards,2,0.0021176470909267664,1789736158.311909,0
rollout/rewards,3,0.002322274958714843,1789736932.3634768,0
rollout/rewards,4,0.0022976500913500786,1789737712.3835073,0
rollout/rewards,5,0.0030882353894412518,1789738848.061656,0
rollout/rewards,6,0.002125340513885021,1789739665.69548,0
rollout/rewards,7,0.002767857164144516,1789740462.6891837,0
rollout/rewards,8,0.0023772609420120716,1789741284.2963927,0
rollout/rewards,9,0.0029545454308390617,1789742089.6703556,0
rollout/rewards,10,0.0027083333116024733,1789743347.8795214,0
rollout/rewards,11,0.002452830085530877,1789744207.2089214,0
rollout/rewards,12,0.002884160727262497,1789745056.1821907,0
rollout/rewards,13,0.0032500000670552254,1789745898.4737508,0
rollout/rewards,14,0.0026086957659572363,1789746730.2776642,0
rollout/rewards,15,0.0017370892455801368,1789747942.3709695,0
rollout/rewards,16,0.0026339285541325808,1789748774.9762652,0
rollout/rewards,17,0.002256637206301093,1789749617.7073352,0
rollout/rewards,18,0.002812500111758709,1789750438.17536,0
rollout/rewards,19,0.0026455025654286146,1789751264.4225626,0
rollout/rewards,20,0.0015430266503244638,1789752529.3233461,0
rollout/rewards,21,0.0023244551848620176,1789753344.535243,0
rollout/rewards,22,0.002505307784304023,1789754176.8137496,0
rollout/rewards,23,0.002849740907549858,1789755010.2254755,0
rollout/rewards,24,0.0024022345896810293,1789755859.7049086,0
rollout/rewards,25,0.0023136246018111706,1789757090.5705042,0
rollout/rewards,26,0.0030199431348592043,1789757960.9318821,0
rollout/rewards,27,0.0032707774080336094,1789758804.3875232,0
rollout/rewards,28,0.002422802848741412,1789759671.6425593,0
rollout/rewards,29,0.002585365902632475,1789760512.3549235,0
rollout/rewards,30,0.00268722465261817,1789761821.0380213,0
rollout/rewards,31,0.002877697814255953,1789762701.7580245,0
rollout/rewards,32,0.0026696831919252872,1789763583.5871048,0
rollout/rewards,33,0.0030170315876603127,1789764439.595629,0
rollout/rewards,34,0.0031784840393811464,1789765303.1597233,0
rollout/rewards,35,0.003160493914037943,1789766576.859098,0
rollout/rewards,36,0.003006833605468273,1789767456.94503,0
rollout/rewards,37,0.0029765013605356216,1789768311.1005638,0
rollout/rewards,38,0.003101123496890068,1789769149.8312118,0
rollout/rewards,39,0.0031175059266388416,1789770004.5237887,0
rollout/rewards,40,0.003008356550708413,1789771319.412555,0
rollout/rewards,41,0.002745995530858636,1789772195.2350016,0
rollout/rewards,42,0.002551252953708172,1789773056.1744435,0
rollout/rewards,43,0.0022117646876722574,1789773912.594674,0
rollout/rewards,44,0.0026027397252619267,1789774779.966562,0
rollout/rewards,45,0.0030733945313841105,1789776009.4533174,0
rollout/rewards,46,0.0033157893922179937,1789776858.1641273,0
rollout/rewards,47,0.0026879271026700735,1789777727.6033983,0
rollout/rewards,48,0.0031531532295048237,1789778587.5722296,0
rollout/rewards,49,0.0027684965170919895,1789779450.053512,0
rollout/rewards,50,0.002589927986264229,1789780757.7263415,0
rollout/rewards,51,0.002974137896671891,1789781598.4307306,0
rollout/rewards,52,0.003434343496337533,1789782457.9980526,0
rollout/rewards,53,0.003655913984403014,1789783335.6948864,0
rollout/rewards,54,0.002761692740023136,1789784199.8600316,0
rollout/rewards,55,0.0026708075311034918,1789785454.8397624,0
rollout/rewards,56,0.0025870646350085735,1789786349.0624888,0
rollout/rewards,57,0.003703703638166189,1789787220.061768,0
rollout/rewards,58,0.003739837324246764,1789788098.7084322,0
rollout/rewards,59,0.002912621246650815,1789788982.34497,0
rollout/rewards,60,0.002946859924122691,1789790306.358547,0
rollout/rewards,61,0.0031443298794329166,1789791172.759657,0
rollout/rewards,62,0.0026111111510545015,1789792032.8213427,0
rollout/rewards,63,0.0033599999733269215,1789792890.8271508,0
rollout/rewards,64,0.003106796182692051,1789793764.9377906,0
rollout/rewards,65,0.0030578512232750654,1789795027.814036,0
rollout/rewards,66,0.0030837005469948053,1789795901.70476,0
rollout/rewards,67,0.0025056947488337755,1789796782.4725168,0
rollout/rewards,68,0.002951541915535927,1789797666.491293,0
rollout/rewards,69,0.0024999999441206455,1789798529.0205245,0
rollout/rewards,70,0.002569269621744752,1789799875.546692,0
rollout/rewards,71,0.0027624310459941626,1789800740.3199074,0
rollout/rewards,72,0.0025821595918387175,1789801632.670858,0
rollout/rewards,73,0.00356164388358593,1789802511.2890248,0
rollout/rewards,74,0.0025485961232334375,1789803399.5224688,0
rollout/rewards,75,0.0033070866484194994,1789804709.115057,0
rollout/rewards,76,0.003930635750293732,1789805572.015987,0
rollout/rewards,77,0.003446475137025118,1789806438.0790546,0
rollout/rewards,78,0.002093023154884577,1789807311.8902407,0
rollout/rewards,79,0.0028634362388402224,1789808161.6136005,0
rollout/rewards,80,0.002433628309518099,1789809490.2909029,0
rollout/rewards,81,0.002654028357937932,1789810380.0955296,0
rollout/rewards,82,0.002694736933335662,1789811260.4595773,0
rollout/rewards,83,0.0024685137905180454,1789812153.2410955,0
rollout/rewards,84,0.003312499960884452,1789813033.9445374,0
rollout/rewards,85,0.0026695842389017344,1789814312.2049508,0
rollout/rewards,86,0.003171355463564396,1789815198.4759674,0
rollout/rewards,87,0.0031460674945265055,1789816092.0801551,0
rollout/rewards,88,0.0026431716978549957,1789816977.782911,0
rollout/rewards,89,0.002985781989991665,1789817875.8109744,0
rollout/rewards,90,0.0030493272934108973,1789819258.6130457,0
rollout/rewards,91,0.0029610388446599245,1789820165.0573618,0
rollout/rewards,92,0.002749445615336299,1789821060.8188,0
rollout/rewards,93,0.002582056913524866,1789821959.3844218,0
rollout/rewards,94,0.0026086957659572363,1789822844.5013871,0
rollout/rewards,95,0.0034022987820208073,1789824159.9592526,0
rollout/rewards,96,0.002629108028486371,1789825054.5678484,0
rollout/rewards,97,0.002816901309415698,1789825948.5383446,0
rollout/rewards,98,0.0030036629177629948,1789826861.0118935,0
rollout/rewards,99,0.003076923079788685,1789827745.5775788,0
rollout/rewards,100,0.00279452046379447,1789829118.2354445,0
rollout/rewards,101,0.0034703195560723543,1789830009.8314023,0
rollout/rewards,102,0.0024821001570671797,1789830915.924437,0
rollout/rewards,103,0.00279999990016222,1789831806.6375465,0
rollout/rewards,104,0.003065693425014615,1789832718.9980955,0
rollout/rewards,105,0.002081632614135742,1789834041.4819324,0
rollout/rewards,106,0.002440191339701414,1789834981.853472,0
rollout/rewards,107,0.003219512291252613,1789835868.431484,0
rollout/rewards,108,0.0029186601750552654,1789836735.7074823,0
rollout/rewards,109,0.0026067416183650494,1789837618.1297603,0
rollout/rewards,110,0.00282560708001256,1789838967.5044668,0
rollout/rewards,111,0.0030964466277509928,1789839873.9470453,0
rollout/rewards,112,0.0025125627871602774,1789840774.85619,0
rollout/rewards,113,0.0029974160715937614,1789841662.733321,0
rollout/rewards,114,0.003020595060661435,1789842563.653322,0
rollout/rewards,115,0.00296296295709908,1789843890.6734834,0
rollout/rewards,116,0.002424242440611124,1789844788.2107604,0
rollout/rewards,117,0.003076923079788685,1789845696.5364048,0
rollout/rewards,118,0.0032870371360331774,1789846589.4154124,0
rollout/rewards,119,0.002506265649572015,1789847480.2842596,0
rollout/rewards,120,0.00296296295709908,1789848833.6245093,0
rollout/rewards,121,0.003216374199837446,1789849726.868821,0
rollout/rewards,122,0.0028505746740847826,1789850608.2745316,0
rollout/rewards,123,0.003065693425014615,1789851504.2519379,0
rollout/rewards,124,0.003294117748737335,1789852381.7217846,0
rollout/rewards,125,0.00364066194742918,1789853698.2225378,0
rollout/rewards,126,0.002772727282717824,1789854595.6973295,0
rollout/rewards,127,0.0032688172068446875,1789855482.7757752,0
rollout/rewards,128,0.003084832802414894,1789856378.026843,0
rollout/rewards,129,0.0030839003156870604,1789857265.1443434,0
rollout/rewards,130,0.003101123496890068,1789858604.494338,0
rollout/rewards,131,0.002529833000153303,1789859500.9607186,0
rollout/rewards,132,0.002990195993334055,1789860405.5611231,0
rollout/rewards,133,0.002553191501647234,1789861321.6384382,0
rollout/rewards,134,0.0028272250201553106,1789862242.700305,0
rollout/rewards,135,0.0032116789370775223,1789863585.6592817,0
rollout/rewards,136,0.002345132641494274,1789864520.214274,0
rollout/rewards,137,0.0033482143189758062,1789865419.9342778,0
rollout/rewards,138,0.0033497537951916456,1789866317.892348,0
rollout/rewards,139,0.0032917705830186605,1789867224.1452188,0
rollout/rewards,140,0.0024285714607685804,1789868619.8073363,0
rollout/rewards,141,0.0026607539039105177,1789869518.186642,0
rollout/rewards,142,0.0031476998701691628,1789870408.9059858,0
rollout/rewards,143,0.0028187918942421675,1789871324.2460637,0
rollout/rewards,144,0.002512077335268259,1789872217.2603087,0
rollout/rewards,145,0.002326869871467352,1789873546.0744035,0
rollout/rewards,146,0.0031250000465661287,1789874462.5773551,0
rollout/rewards,147,0.0031677018851041794,1789875356.5894246,0
rollout/rewards,148,0.0024343675468117,1789876285.706441,0
rollout/advantages_mean,1,-0.07230179756879807,1789735381.1776874,0
rollout/advantages_mean,2,-0.06438100337982178,1789736158.311916,0
rollout/advantages_mean,3,-0.053453851491212845,1789736932.3634834,0
rollout/advantages_mean,4,-0.08073247224092484,1789737712.3835142,0
rollout/advantages_mean,5,-0.06654149293899536,1789738848.0616632,0
rollout/advantages_mean,6,-0.05464392900466919,1789739665.6954868,0
rollout/advantages_mean,7,-0.05458340048789978,1789740462.6891909,0
rollout/advantages_mean,8,-0.07168619334697723,1789741284.2963994,0
rollout/advantages_mean,9,-0.056235313415527344,1789742089.6703627,0
rollout/advantages_mean,10,-0.0671711191534996,1789743347.8795288,0
rollout/advantages_mean,11,-0.043695952743291855,1789744207.2089288,0
rollout/advantages_mean,12,-0.04143168404698372,1789745056.1821978,0
rollout/advantages_mean,13,-0.07349662482738495,1789745898.473758,0
rollout/advantages_mean,14,-0.08384811133146286,1789746730.2776713,0
rollout/advantages_mean,15,-0.05702218413352966,1789747942.370978,0
rollout/advantages_mean,16,-0.051444437354803085,1789748774.976272,0
rollout/advantages_mean,17,-0.06612518429756165,1789749617.7073421,0
rollout/advantages_mean,18,-0.0580957867205143,1789750438.175367,0
rollout/advantages_mean,19,-0.07796815037727356,1789751264.4225695,0
rollout/advantages_mean,20,-0.04676304757595062,1789752529.3233526,0
rollout/advantages_mean,21,-0.07001049816608429,1789753344.5352497,0
rollout/advantages_mean,22,-0.0701586902141571,1789754176.8137572,0
rollout/advantages_mean,23,-0.05425504595041275,1789755010.2254827,0
rollout/advantages_mean,24,-0.06370779871940613,1789755859.7049155,0
rollout/advantages_mean,25,-0.05999847501516342,1789757090.5705237,0
rollout/advantages_mean,26,-0.07027935981750488,1789757960.931889,0
rollout/advantages_mean,27,-0.07215296477079391,1789758804.3875303,0
rollout/advantages_mean,28,-0.06407497078180313,1789759671.6425664,0
rollout/advantages_mean,29,-0.06802161037921906,1789760512.3549306,0
rollout/advantages_mean,30,-0.04702277481555939,1789761821.038029,0
rollout/advantages_mean,31,-0.04909259080886841,1789762701.7580316,0
rollout/advantages_mean,32,-0.0663885548710823,1789763583.587112,0
rollout/advantages_mean,33,-0.06224439665675163,1789764439.5956361,0
rollout/advantages_mean,34,-0.06594274193048477,1789765303.1597297,0
rollout/advantages_mean,35,-0.07137937098741531,1789766576.859105,0
rollout/advantages_mean,36,-0.0649656131863594,1789767456.9450374,0
rollout/advantages_mean,37,-0.05303703248500824,1789768311.1005723,0
rollout/advantages_mean,38,-0.0530482716858387,1789769149.831219,0
rollout/advantages_mean,39,-0.05813110992312431,1789770004.523796,0
rollout/advantages_mean,40,-0.05676819011569023,1789771319.4125621,0
rollout/advantages_mean,41,-0.07875336706638336,1789772195.2350087,0
rollout/advantages_mean,42,-0.08026453107595444,1789773056.1744509,0
rollout/advantages_mean,43,-0.050685983151197433,1789773912.5946844,0
rollout/advantages_mean,44,-0.07621941715478897,1789774779.9665742,0
rollout/advantages_mean,45,-0.07812104374170303,1789776009.4533243,0
rollout/advantages_mean,46,-0.05564361438155174,1789776858.1641345,0
rollout/advantages_mean,47,-0.06429450958967209,1789777727.6034052,0
rollout/advantages_mean,48,-0.05619153752923012,1789778587.57225,0
rollout/advantages_mean,49,-0.052869509905576706,1789779450.0535192,0
rollout/advantages_mean,50,-0.06166204437613487,1789780757.7263484,0
rollout/advantages_mean,51,-0.07211295515298843,1789781598.4307375,0
rollout/advantages_mean,52,-0.08055412769317627,1789782457.99806,0
rollout/advantages_mean,53,-0.07137151062488556,1789783335.6948946,0
rollout/advantages_mean,54,-0.05889539048075676,1789784199.8600385,0
rollout/advantages_mean,55,-0.07210271805524826,1789785454.8397691,0
rollout/advantages_mean,56,-0.024768302217125893,1789786349.062496,0
rollout/advantages_mean,57,-0.04416659474372864,1789787220.0617752,0
rollout/advantages_mean,58,-0.06968904286623001,1789788098.7084396,0
rollout/advantages_mean,59,-0.07157666236162186,1789788982.3449826,0
rollout/advantages_mean,60,-0.04671066254377365,1789790306.358554,0
rollout/advantages_mean,61,-0.05617862939834595,1789791172.7596748,0
rollout/advantages_mean,62,-0.05640430375933647,1789792032.8213494,0
rollout/advantages_mean,63,-0.06402946263551712,1789792890.827158,0
rollout/advantages_mean,64,-0.06036242097616196,1789793764.9377973,0
rollout/advantages_mean,65,-0.03533291444182396,1789795027.8140428,0
rollout/advantages_mean,66,-0.037679169327020645,1789795901.7047677,0
rollout/advantages_mean,67,-0.013629474677145481,1789796782.4725237,0
rollout/advantages_mean,68,-0.039676375687122345,1789797666.4912994,0
rollout/advantages_mean,69,-0.04078836366534233,1789798529.0205317,0
rollout/advantages_mean,70,-0.0390777625143528,1789799875.5466995,0
rollout/advantages_mean,71,-0.03701157495379448,1789800740.3199148,0
rollout/advantages_mean,72,-0.04360967129468918,1789801632.6708648,0
rollout/advantages_mean,73,-0.04891341179609299,1789802511.2890317,0
rollout/advantages_mean,74,-0.030702488496899605,1789803399.522476,0
rollout/advantages_mean,75,-0.05373242497444153,1789804709.1150637,0
rollout/advantages_mean,76,-0.06359311193227768,1789805572.015994,0
rollout/advantages_mean,77,-0.0480634979903698,1789806438.0790632,0
rollout/advantages_mean,78,-0.03436972573399544,1789807311.8902483,0
rollout/advantages_mean,79,-0.04087970778346062,1789808161.613608,0
rollout/advantages_mean,80,-0.05589340999722481,1789809490.290911,0
rollout/advantages_mean,81,-0.04040888324379921,1789810380.0955374,0
rollout/advantages_mean,82,-0.05616825819015503,1789811260.459585,0
rollout/advantages_mean,83,-0.029393848031759262,1789812153.241103,0
rollout/advantages_mean,84,-0.06622330844402313,1789813033.944544,0
rollout/advantages_mean,85,-0.04651358723640442,1789814312.204958,0
rollout/advantages_mean,86,-0.04204981401562691,1789815198.4759743,0
rollout/advantages_mean,87,-0.045060329139232635,1789816092.080162,0
rollout/advantages_mean,88,-0.047796085476875305,1789816977.78292,0
rollout/advantages_mean,89,-0.04721494019031525,1789817875.810982,0
rollout/advantages_mean,90,-0.04728206992149353,1789819258.6130528,0
rollout/advantages_mean,91,-0.053653765469789505,1789820165.057369,0
rollout/advantages_mean,92,-0.05935662239789963,1789821060.8188074,0
rollout/advantages_mean,93,-0.028732649981975555,1789821959.3844295,0
rollout/advantages_mean,94,-0.046806324273347855,1789822844.5013964,0
rollout/advantages_mean,95,-0.07083297520875931,1789824159.9592602,0
rollout/advantages_mean,96,-0.043766021728515625,1789825054.5678556,0
rollout/advantages_mean,97,-0.05797030031681061,1789825948.538352,0
rollout/advantages_mean,98,-0.03749391436576843,1789826861.0119004,0
rollout/advantages_mean,99,-0.05311533063650131,1789827745.5775855,0
rollout/advantages_mean,100,-0.034561239182949066,1789829118.2354512,0
rollout/advantages_mean,101,-0.05005594342947006,1789830009.83141,0
rollout/advantages_mean,102,-0.05315142497420311,1789830915.9244473,0
rollout/advantages_mean,103,-0.04921872168779373,1789831806.6375537,0
rollout/advantages_mean,104,-0.05584855005145073,1789832718.9981027,0
rollout/advantages_mean,105,-0.05102771893143654,1789834041.4819398,0
rollout/advantages_mean,106,-0.06303239613771439,1789834981.8534906,0
rollout/advantages_mean,107,-0.049081142991781235,1789835868.431491,0
rollout/advantages_mean,108,-0.055643610656261444,1789836735.7074895,0
rollout/advantages_mean,109,-0.06525547057390213,1789837618.1297672,0
rollout/advantages_mean,110,-0.04388866201043129,1789838967.504474,0
rollout/advantages_mean,111,-0.03963848203420639,1789839873.9470522,0
rollout/advantages_mean,112,-0.03147285804152489,1789840774.8561966,0
rollout/advantages_mean,113,-0.0494220145046711,1789841662.7333279,0
rollout/advantages_mean,114,-0.06691668927669525,1789842563.6533298,0
rollout/advantages_mean,115,-0.06773128360509872,1789843890.6734903,0
rollout/advantages_mean,116,-0.03851110860705376,1789844788.210767,0
rollout/advantages_mean,117,-0.0705188512802124,1789845696.536412,0
rollout/advantages_mean,118,-0.07989870756864548,1789846589.4154193,0
rollout/advantages_mean,119,-0.03183070942759514,1789847480.2842667,0
rollout/advantages_mean,120,-0.06437162309885025,1789848833.624516,0
rollout/advantages_mean,121,-0.08248564600944519,1789849726.8688285,0
rollout/advantages_mean,122,-0.07906848937273026,1789850608.274542,0
rollout/advantages_mean,123,-0.05772595852613449,1789851504.2519448,0
rollout/advantages_mean,124,-0.07963190972805023,1789852381.7217917,0
rollout/advantages_mean,125,-0.07206260412931442,1789853698.2225451,0
rollout/advantages_mean,126,-0.07079638540744781,1789854595.6973367,0
rollout/advantages_mean,127,-0.06657818704843521,1789855482.775782,0
rollout/advantages_mean,128,-0.0463511124253273,1789856378.0268502,0
rollout/advantages_mean,129,-0.05559734255075455,1789857265.1443505,0
rollout/advantages_mean,130,-0.05626418814063072,1789858604.4943461,0
rollout/advantages_mean,131,-0.05280197039246559,1789859500.9607258,0
rollout/advantages_mean,132,-0.0730566531419754,1789860405.5611303,0
rollout/advantages_mean,133,-0.03664468228816986,1789861321.6384454,0
rollout/advantages_mean,134,-0.06796108931303024,1789862242.7003155,0
rollout/advantages_mean,135,-0.05835944786667824,1789863585.659291,0
rollout/advantages_mean,136,-0.053232382982969284,1789864520.2142806,0
rollout/advantages_mean,137,-0.04932237043976784,1789865419.9342852,0
rollout/advantages_mean,138,-0.07062827795743942,1789866317.8923557,0
rollout/advantages_mean,139,-0.08572443574666977,1789867224.145226,0
rollout/advantages_mean,140,-0.058619000017642975,1789868619.8073437,0
rollout/advantages_mean,141,-0.0534878708422184,1789869518.1866484,0
rollout/advantages_mean,142,-0.06240781396627426,1789870408.9059927,0
rollout/advantages_mean,143,-0.044551730155944824,1789871324.2460704,0
rollout/advantages_mean,144,-0.05488130450248718,1789872217.2603166,0
rollout/advantages_mean,145,-0.042194828391075134,1789873546.0744102,0
rollout/advantages_mean,146,-0.06080012023448944,1789874462.5773625,0
rollout/advantages_mean,147,-0.06820181757211685,1789875356.589435,0
rollout/advantages_mean,148,-0.05879484489560127,1789876285.706448,0
rollout/advantages_max,1,2.4748666286468506,1789735381.177712,0
rollout/advantages_max,2,2.4748666286468506,1789736158.3119226,0
rollout/advantages_max,3,2.4748666286468506,1789736932.3634899,0
rollout/advantages_max,4,2.4748666286468506,1789737712.383521,0
rollout/advantages_max,5,2.4748666286468506,1789738848.0616698,0
rollout/advantages_max,6,1.6201815605163574,1789739665.6954937,0
rollout/advantages_max,7,2.4748666286468506,1789740462.689197,0
rollout/advantages_max,8,2.4748666286468506,1789741284.2964058,0
rollout/advantages_max,9,2.4748666286468506,1789742089.670369,0
rollout/advantages_max,10,1.6201815605163574,1789743347.8795357,0
rollout/advantages_max,11,2.4748666286468506,1789744207.2089353,0
rollout/advantages_max,12,2.4748666286468506,1789745056.1822045,0
rollout/advantages_max,13,2.4748666286468506,1789745898.4737644,0
rollout/advantages_max,14,2.4748666286468506,1789746730.277678,0
rollout/advantages_max,15,2.4748666286468506,1789747942.370985,0
rollout/advantages_max,16,2.4748666286468506,1789748774.9762785,0
rollout/advantages_max,17,2.4748666286468506,1789749617.7073493,0
rollout/advantages_max,18,2.4748666286468506,1789750438.1753736,0
rollout/advantages_max,19,2.4748666286468506,1789751264.4225757,0
rollout/advantages_max,20,2.4748666286468506,1789752529.323359,0
rollout/advantages_max,21,2.4748666286468506,1789753344.5352564,0
rollout/advantages_max,22,2.4748666286468506,1789754176.8137643,0
rollout/advantages_max,23,2.4748666286468506,1789755010.2254906,0
rollout/advantages_max,24,2.4748666286468506,1789755859.704922,0
rollout/advantages_max,25,2.4748666286468506,1789757090.57053,0
rollout/advantages_max,26,2.4748666286468506,1789757960.931896,0
rollout/advantages_max,27,2.4748666286468506,1789758804.387537,0
rollout/advantages_max,28,1.6201815605163574,1789759671.6425729,0
rollout/advantages_max,29,2.4748666286468506,1789760512.3549378,0
rollout/advantages_max,30,2.4748666286468506,1789761821.0380356,0
rollout/advantages_max,31,1.6201815605163574,1789762701.7580385,0
rollout/advantages_max,32,2.4748666286468506,1789763583.5871184,0
rollout/advantages_max,33,2.4748666286468506,1789764439.5956426,0
rollout/advantages_max,34,1.6201815605163574,1789765303.159737,0
rollout/advantages_max,35,2.4748666286468506,1789766576.8591123,0
rollout/advantages_max,36,2.4748666286468506,1789767456.9450436,0
rollout/advantages_max,37,2.4748666286468506,1789768311.100579,0
rollout/advantages_max,38,2.4748666286468506,1789769149.831226,0
rollout/advantages_max,39,1.20761239528656,1789770004.5238025,0
rollout/advantages_max,40,1.20761239528656,1789771319.4125698,0
rollout/advantages_max,41,2.4748666286468506,1789772195.2350154,0
rollout/advantages_max,42,2.4748666286468506,1789773056.1744578,0
rollout/advantages_max,43,2.4748666286468506,1789773912.5946941,0
rollout/advantages_max,44,2.4748666286468506,1789774779.966584,0
rollout/advantages_max,45,1.6201815605163574,1789776009.453331,0
rollout/advantages_max,46,1.6201815605163574,1789776858.1641407,0
rollout/advantages_max,47,2.4748666286468506,1789777727.6034117,0
rollout/advantages_max,48,1.6201815605163574,1789778587.5722616,0
rollout/advantages_max,49,2.4748666286468506,1789779450.0535257,0
rollout/advantages_max,50,2.4748666286468506,1789780757.7263546,0
rollout/advantages_max,51,2.4748666286468506,1789781598.4307442,0
rollout/advantages_max,52,2.4748666286468506,1789782457.9980679,0
rollout/advantages_max,53,1.6201815605163574,1789783335.694901,0
rollout/advantages_max,54,2.4748666286468506,1789784199.860045,0
rollout/advantages_max,55,2.4748666286468506,1789785454.8397756,0
rollout/advantages_max,56,2.4748666286468506,1789786349.0625021,0
rollout/advantages_max,57,2.4748666286468506,1789787220.0617826,0
rollout/advantages_max,58,2.4748666286468506,1789788098.7084463,0
rollout/advantages_max,59,2.4748666286468506,1789788982.344994,0
rollout/advantages_max,60,2.4748666286468506,1789790306.3585603,0
rollout/advantages_max,61,1.20761239528656,1789791172.759687,0
rollout/advantages_max,62,1.6201815605163574,1789792032.8213558,0
rollout/advantages_max,63,1.6201815605163574,1789792890.8271651,0
rollout/advantages_max,64,2.4748666286468506,1789793764.9378042,0
rollout/advantages_max,65,2.4748666286468506,1789795027.81405,0
rollout/advantages_max,66,1.6201815605163574,1789795901.7047744,0
rollout/advantages_max,67,2.4748666286468506,1789796782.4725304,0
rollout/advantages_max,68,1.6201815605163574,1789797666.4913058,0
rollout/advantages_max,69,2.4748666286468506,1789798529.0205383,0
rollout/advantages_max,70,1.6201815605163574,1789799875.5467064,0
rollout/advantages_max,71,2.4748666286468506,1789800740.3199217,0
rollout/advantages_max,72,2.4748666286468506,1789801632.670871,0
rollout/advantages_max,73,2.4748666286468506,1789802511.2890382,0
rollout/advantages_max,74,2.4748666286468506,1789803399.522483,0
rollout/advantages_max,75,2.4748666286468506,1789804709.11507,0
rollout/advantages_max,76,1.20761239528656,1789805572.0160007,0
rollout/advantages_max,77,2.4748666286468506,1789806438.0790699,0
rollout/advantages_max,78,2.4748666286468506,1789807311.8902545,0
rollout/advantages_max,79,2.4748666286468506,1789808161.6136148,0
rollout/advantages_max,80,2.4748666286468506,1789809490.2909179,0
rollout/advantages_max,81,2.4748666286468506,1789810380.0955439,0
rollout/advantages_max,82,2.4748666286468506,1789811260.4595916,0
rollout/advantages_max,83,2.4748666286468506,1789812153.2411096,0
rollout/advantages_max,84,2.4748666286468506,1789813033.9445508,0
rollout/advantages_max,85,1.6201815605163574,1789814312.2049644,0
rollout/advantages_max,86,1.20761239528656,1789815198.4759808,0
rollout/advantages_max,87,2.4748666286468506,1789816092.0801685,0
rollout/advantages_max,88,2.4748666286468506,1789816977.782929,0
rollout/advantages_max,89,2.4748666286468506,1789817875.8109884,0
rollout/advantages_max,90,2.4748666286468506,1789819258.6130595,0
rollout/advantages_max,91,2.4748666286468506,1789820165.057376,0
rollout/advantages_max,92,2.4748666286468506,1789821060.8188138,0
rollout/advantages_max,93,2.4748666286468506,1789821959.3844361,0
rollout/advantages_max,94,2.4748666286468506,1789822844.5014033,0
rollout/advantages_max,95,2.4748666286468506,1789824159.9592667,0
rollout/advantages_max,96,2.4748666286468506,1789825054.5678623,0
rollout/advantages_max,97,1.6201815605163574,1789825948.5383582,0
rollout/advantages_max,98,2.4748666286468506,1789826861.0119069,0
rollout/advantages_max,99,2.4748666286468506,1789827745.5775917,0
rollout/advantages_max,100,2.4748666286468506,1789829118.2354581,0
rollout/advantages_max,101,2.4748666286468506,1789830009.8314168,0
rollout/advantages_max,102,2.4748666286468506,1789830915.9244592,0
rollout/advantages_max,103,2.4748666286468506,1789831806.6375604,0
rollout/advantages_max,104,2.4748666286468506,1789832718.9981096,0
rollout/advantages_max,105,2.4748666286468506,1789834041.481947,0
rollout/advantages_max,106,2.4748666286468506,1789834981.8535075,0
rollout/advantages_max,107,2.4748666286468506,1789835868.431497,0
rollout/advantages_max,108,2.4748666286468506,1789836735.707497,0
rollout/advantages_max,109,2.4748666286468506,1789837618.1297736,0
rollout/advantages_max,110,2.4748666286468506,1789838967.5044796,0
rollout/advantages_max,111,2.4748666286468506,1789839873.947059,0
rollout/advantages_max,112,2.4748666286468506,1789840774.8562033,0
rollout/advantages_max,113,1.6201815605163574,1789841662.7333348,0
rollout/advantages_max,114,2.4748666286468506,1789842563.653336,0
rollout/advantages_max,115,2.4748666286468506,1789843890.6734972,0
rollout/advantages_max,116,2.4748666286468506,1789844788.210774,0
rollout/advantages_max,117,1.6201815605163574,1789845696.5364187,0
rollout/advantages_max,118,1.6201815605163574,1789846589.4154258,0
rollout/advantages_max,119,2.4748666286468506,1789847480.2842739,0
rollout/advantages_max,120,2.4748666286468506,1789848833.6245224,0
rollout/advantages_max,121,2.4748666286468506,1789849726.8688352,0
rollout/advantages_max,122,2.4748666286468506,1789850608.2745514,0
rollout/advantages_max,123,2.4748666286468506,1789851504.2519512,0
rollout/advantages_max,124,2.4748666286468506,1789852381.721799,0
rollout/advantages_max,125,1.6201815605163574,1789853698.2225518,0
rollout/advantages_max,126,2.4748666286468506,1789854595.6973426,0
rollout/advantages_max,127,1.6201815605163574,1789855482.7757885,0
rollout/advantages_max,128,2.4748666286468506,1789856378.0268567,0
rollout/advantages_max,129,2.4748666286468506,1789857265.144357,0
rollout/advantages_max,130,2.4748666286468506,1789858604.4943528,0
rollout/advantages_max,131,2.4748666286468506,1789859500.9607325,0
rollout/advantages_max,132,1.6201815605163574,1789860405.5611367,0
rollout/advantages_max,133,2.4748666286468506,1789861321.6384518,0
rollout/advantages_max,134,2.4748666286468506,1789862242.7003245,0
rollout/advantages_max,135,1.6201815605163574,1789863585.6593,0
rollout/advantages_max,136,2.4748666286468506,1789864520.214287,0
rollout/advantages_max,137,2.4748666286468506,1789865419.9342916,0
rollout/advantages_max,138,2.4748666286468506,1789866317.8923624,0
rollout/advantages_max,139,1.20761239528656,1789867224.1452324,0
rollout/advantages_max,140,2.4748666286468506,1789868619.8073506,0
rollout/advantages_max,141,2.4748666286468506,1789869518.186655,0
rollout/advantages_max,142,2.4748666286468506,1789870408.9059992,0
rollout/advantages_max,143,2.4748666286468506,1789871324.2460763,0
rollout/advantages_max,144,2.4748666286468506,1789872217.2603233,0
rollout/advantages_max,145,2.4748666286468506,1789873546.0744166,0
rollout/advantages_max,146,2.4748666286468506,1789874462.5773697,0
rollout/advantages_max,147,2.4748666286468506,1789875356.5894444,0
rollout/advantages_max,148,2.4748666286468506,1789876285.7064545,0
rollout/advantages_min,1,-2.4748666286468506,1789735381.1777227,0
rollout/advantages_min,2,-1.6201815605163574,1789736158.3119283,0
rollout/advantages_min,3,-2.4748666286468506,1789736932.3634958,0
rollout/advantages_min,4,-1.6201815605163574,1789737712.3835268,0
rollout/advantages_min,5,-2.4748666286468506,1789738848.0616763,0
rollout/advantages_min,6,-1.20761239528656,1789739665.6955006,0
rollout/advantages_min,7,-2.4748666286468506,1789740462.6892035,0
rollout/advantages_min,8,-1.6201815605163574,1789741284.2964137,0
rollout/advantages_min,9,-2.4748666286468506,1789742089.6703753,0
rollout/advantages_min,10,-1.6201815605163574,1789743347.8795428,0
rollout/advantages_min,11,-2.4748666286468506,1789744207.2089407,0
rollout/advantages_min,12,-2.4748666286468506,1789745056.182211,0
rollout/advantages_min,13,-2.4748666286468506,1789745898.4737709,0
rollout/advantages_min,14,-2.4748666286468506,1789746730.2776845,0
rollout/advantages_min,15,-1.20761239528656,1789747942.370992,0
rollout/advantages_min,16,-2.4748666286468506,1789748774.9762855,0
rollout/advantages_min,17,-2.4748666286468506,1789749617.707355,0
rollout/advantages_min,18,-2.4748666286468506,1789750438.1753798,0
rollout/advantages_min,19,-2.4748666286468506,1789751264.4225817,0
rollout/advantages_min,20,-1.6201815605163574,1789752529.3233657,0
rollout/advantages_min,21,-2.4748666286468506,1789753344.535263,0
rollout/advantages_min,22,-1.6201815605163574,1789754176.8137708,0
rollout/advantages_min,23,-2.4748666286468506,1789755010.2254987,0
rollout/advantages_min,24,-2.4748666286468506,1789755859.704928,0
rollout/advantages_min,25,-1.6201815605163574,1789757090.5705364,0
rollout/advantages_min,26,-2.4748666286468506,1789757960.9319022,0
rollout/advantages_min,27,-2.4748666286468506,1789758804.3875434,0
rollout/advantages_min,28,-1.20761239528656,1789759671.6425796,0
rollout/advantages_min,29,-2.4748666286468506,1789760512.354944,0
rollout/advantages_min,30,-2.4748666286468506,1789761821.0380418,0
rollout/advantages_min,31,-2.4748666286468506,1789762701.758045,0
rollout/advantages_min,32,-2.4748666286468506,1789763583.587125,0
rollout/advantages_min,33,-2.4748666286468506,1789764439.5956492,0
rollout/advantages_min,34,-2.4748666286468506,1789765303.1597435,0
rollout/advantages_min,35,-2.4748666286468506,1789766576.8591182,0
rollout/advantages_min,36,-1.6201815605163574,1789767456.9450495,0
rollout/advantages_min,37,-2.4748666286468506,1789768311.1005855,0
rollout/advantages_min,38,-2.4748666286468506,1789769149.8312325,0
rollout/advantages_min,39,-2.4748666286468506,1789770004.523809,0
rollout/advantages_min,40,-1.6201815605163574,1789771319.4125783,0
rollout/advantages_min,41,-2.4748666286468506,1789772195.2350216,0
rollout/advantages_min,42,-1.6201815605163574,1789773056.1744642,0
rollout/advantages_min,43,-1.6201815605163574,1789773912.5947056,0
rollout/advantages_min,44,-2.4748666286468506,1789774779.9665935,0
rollout/advantages_min,45,-2.4748666286468506,1789776009.4533381,0
rollout/advantages_min,46,-2.4748666286468506,1789776858.1641471,0
rollout/advantages_min,47,-2.4748666286468506,1789777727.603418,0
rollout/advantages_min,48,-2.4748666286468506,1789778587.5722709,0
rollout/advantages_min,49,-2.4748666286468506,1789779450.0535321,0
rollout/advantages_min,50,-2.4748666286468506,1789780757.7263606,0
rollout/advantages_min,51,-2.4748666286468506,1789781598.4307504,0
rollout/advantages_min,52,-2.4748666286468506,1789782457.9980764,0
rollout/advantages_min,53,-2.4748666286468506,1789783335.6949077,0
rollout/advantages_min,54,-2.4748666286468506,1789784199.8600512,0
rollout/advantages_min,55,-2.4748666286468506,1789785454.8397813,0
rollout/advantages_min,56,-2.4748666286468506,1789786349.0625222,0
rollout/advantages_min,57,-2.4748666286468506,1789787220.0617886,0
rollout/advantages_min,58,-2.4748666286468506,1789788098.708452,0
rollout/advantages_min,59,-2.4748666286468506,1789788982.345004,0
rollout/advantages_min,60,-2.4748666286468506,1789790306.3585663,0
rollout/advantages_min,61,-2.4748666286468506,1789791172.7596958,0
rollout/advantages_min,62,-1.6201815605163574,1789792032.821362,0
rollout/advantages_min,63,-2.4748666286468506,1789792890.8271713,0
rollout/advantages_min,64,-2.4748666286468506,1789793764.9378111,0
rollout/advantages_min,65,-2.4748666286468506,1789795027.8140562,0
rollout/advantages_min,66,-2.4748666286468506,1789795901.704781,0
rollout/advantages_min,67,-2.4748666286468506,1789796782.4725368,0
rollout/advantages_min,68,-2.4748666286468506,1789797666.4913116,0
rollout/advantages_min,69,-2.4748666286468506,1789798529.0205448,0
rollout/advantages_min,70,-1.6201815605163574,1789799875.5467126,0
rollout/advantages_min,71,-2.4748666286468506,1789800740.3199286,0
rollout/advantages_min,72,-1.6201815605163574,1789801632.670877,0
rollout/advantages_min,73,-2.4748666286468506,1789802511.2890444,0
rollout/advantages_min,74,-2.4748666286468506,1789803399.5224898,0
rollout/advantages_min,75,-2.4748666286468506,1789804709.1150765,0
rollout/advantages_min,76,-2.4748666286468506,1789805572.0160074,0
rollout/advantages_min,77,-2.4748666286468506,1789806438.079077,0
rollout/advantages_min,78,-2.4748666286468506,1789807311.8902607,0
rollout/advantages_min,79,-2.4748666286468506,1789808161.6136212,0
rollout/advantages_min,80,-2.4748666286468506,1789809490.2909248,0
rollout/advantages_min,81,-2.4748666286468506,1789810380.0955496,0
rollout/advantages_min,82,-2.4748666286468506,1789811260.459598,0
rollout/advantages_min,83,-2.4748666286468506,1789812153.241116,0
rollout/advantages_min,84,-1.6201815605163574,1789813033.9445577,0
rollout/advantages_min,85,-2.4748666286468506,1789814312.204971,0
rollout/advantages_min,86,-2.4748666286468506,1789815198.4759867,0
rollout/advantages_min,87,-2.4748666286468506,1789816092.0801747,0
rollout/advantages_min,88,-2.4748666286468506,1789816977.7829378,0
rollout/advantages_min,89,-2.4748666286468506,1789817875.810995,0
rollout/advantages_min,90,-2.4748666286468506,1789819258.6130662,0
rollout/advantages_min,91,-2.4748666286468506,1789820165.0573823,0
rollout/advantages_min,92,-2.4748666286468506,1789821060.8188198,0
rollout/advantages_min,93,-2.4748666286468506,1789821959.3844423,0
rollout/advantages_min,94,-2.4748666286468506,1789822844.5014102,0
rollout/advantages_min,95,-2.4748666286468506,1789824159.9592729,0
rollout/advantages_min,96,-2.4748666286468506,1789825054.567869,0
rollout/advantages_min,97,-2.4748666286468506,1789825948.5383663,0
rollout/advantages_min,98,-1.6201815605163574,1789826861.0119138,0
rollout/advantages_min,99,-2.4748666286468506,1789827745.5775976,0
rollout/advantages_min,100,-2.4748666286468506,1789829118.235464,0
rollout/advantages_min,101,-2.4748666286468506,1789830009.8314242,0
rollout/advantages_min,102,-2.4748666286468506,1789830915.9244692,0
rollout/advantages_min,103,-1.6201815605163574,1789831806.637567,0
rollout/advantages_min,104,-2.4748666286468506,1789832718.9981158,0
rollout/advantages_min,105,-1.20761239528656,1789834041.4819536,0
rollout/advantages_min,106,-2.4748666286468506,1789834981.8535218,0
rollout/advantages_min,107,-2.4748666286468506,1789835868.431503,0
rollout/advantages_min,108,-2.4748666286468506,1789836735.7075036,0
rollout/advantages_min,109,-2.4748666286468506,1789837618.12978,0
rollout/advantages_min,110,-2.4748666286468506,1789838967.5044856,0
rollout/advantages_min,111,-2.4748666286468506,1789839873.947065,0
rollout/advantages_min,112,-2.4748666286468506,1789840774.85621,0
rollout/advantages_min,113,-2.4748666286468506,1789841662.7333407,0
rollout/advantages_min,114,-2.4748666286468506,1789842563.6533422,0
rollout/advantages_min,115,-2.4748666286468506,1789843890.6735034,0
rollout/advantages_min,116,-2.4748666286468506,1789844788.2107801,0
rollout/advantages_min,117,-2.4748666286468506,1789845696.536425,0
rollout/advantages_min,118,-2.4748666286468506,1789846589.415432,0
rollout/advantages_min,119,-2.4748666286468506,1789847480.2842803,0
rollout/advantages_min,120,-2.4748666286468506,1789848833.6245286,0
rollout/advantages_min,121,-2.4748666286468506,1789849726.8688416,0
rollout/advantages_min,122,-2.4748666286468506,1789850608.2745602,0
rollout/advantages_min,123,-2.4748666286468506,1789851504.2519577,0
rollout/advantages_min,124,-2.4748666286468506,1789852381.7218056,0
rollout/advantages_min,125,-2.4748666286468506,1789853698.2225583,0
rollout/advantages_min,126,-2.4748666286468506,1789854595.6973488,0
rollout/advantages_min,127,-2.4748666286468506,1789855482.7757945,0
rollout/advantages_min,128,-2.4748666286468506,1789856378.0268629,0
rollout/advantages_min,129,-2.4748666286468506,1789857265.144366,0
rollout/advantages_min,130,-2.4748666286468506,1789858604.4943595,0
rollout/advantages_min,131,-2.4748666286468506,1789859500.9607387,0
rollout/advantages_min,132,-1.6201815605163574,1789860405.5611427,0
rollout/advantages_min,133,-2.4748666286468506,1789861321.6384575,0
rollout/advantages_min,134,-1.6201815605163574,1789862242.7003336,0
rollout/advantages_min,135,-2.4748666286468506,1789863585.6593134,0
rollout/advantages_min,136,-2.4748666286468506,1789864520.214294,0
rollout/advantages_min,137,-2.4748666286468506,1789865419.934298,0
rollout/advantages_min,138,-2.4748666286468506,1789866317.8923686,0
rollout/advantages_min,139,-2.4748666286468506,1789867224.1452396,0
rollout/advantages_min,140,-1.6201815605163574,1789868619.8073568,0
rollout/advantages_min,141,-2.4748666286468506,1789869518.1866615,0
rollout/advantages_min,142,-2.4748666286468506,1789870408.9060056,0
rollout/advantages_min,143,-2.4748666286468506,1789871324.246083,0
rollout/advantages_min,144,-2.4748666286468506,1789872217.2603295,0
rollout/advantages_min,145,-2.4748666286468506,1789873546.074423,0
rollout/advantages_min,146,-2.4748666286468506,1789874462.577376,0
rollout/advantages_min,147,-2.4748666286468506,1789875356.5894535,0
rollout/advantages_min,148,-2.4748666286468506,1789876285.7064607,0
time/sync_weights,1,11.296408653259277,1789735381.177744,0
time/sync_weights,2,7.175999641418457,1789736158.3119361,0
time/sync_weights,3,6.459841728210449,1789736932.3635068,0
time/sync_weights,4,5.7032084465026855,1789737712.3835387,0
time/sync_weights,5,5.956099510192871,1789738848.061701,0
time/sync_weights,6,2.074337959289551,1789739665.6955092,0
time/sync_weights,7,5.694333076477051,1789740462.6892228,0
time/sync_weights,8,5.289633750915527,1789741284.2964232,0
time/sync_weights,9,5.413131237030029,1789742089.6703837,0
time/sync_weights,10,5.330150604248047,1789743347.879554,0
time/sync_weights,11,2.0078747272491455,1789744207.20895,0
time/sync_weights,12,5.424498081207275,1789745056.1822295,0
time/sync_weights,13,5.804698944091797,1789745898.47378,0
time/sync_weights,14,5.374292373657227,1789746730.2776937,0
time/sync_weights,15,5.9031982421875,1789747942.3710027,0
time/sync_weights,16,2.2329070568084717,1789748774.9762948,0
time/sync_weights,17,5.482624530792236,1789749617.707363,0
time/sync_weights,18,5.695286750793457,1789750438.1753893,0
time/sync_weights,19,5.421884536743164,1789751264.4225903,0
time/sync_weights,20,5.404763221740723,1789752529.3233767,0
time/sync_weights,21,2.237227201461792,1789753344.5352724,0
time/sync_weights,22,5.373358249664307,1789754176.81378,0
time/sync_weights,23,5.474700927734375,1789755010.2255085,0
time/sync_weights,24,5.957025527954102,1789755859.7049372,0
time/sync_weights,25,5.339469909667969,1789757090.570547,0
time/sync_weights,26,2.0275685787200928,1789757960.9319115,0
time/sync_weights,27,5.292890548706055,1789758804.3875635,0
time/sync_weights,28,5.340068817138672,1789759671.64259,0
time/sync_weights,29,5.4593400955200195,1789760512.3549626,0
time/sync_weights,30,5.243745803833008,1789761821.038053,0
time/sync_weights,31,2.0775904655456543,1789762701.7580545,0
time/sync_weights,32,5.499971389770508,1789763583.5871468,0
time/sync_weights,33,5.470272064208984,1789764439.595668,0
time/sync_weights,34,5.856118202209473,1789765303.1597536,0
time/sync_weights,35,5.6601362228393555,1789766576.8591304,0
time/sync_weights,36,2.029383659362793,1789767456.9450583,0
time/sync_weights,37,5.917911529541016,1789768311.100604,0
time/sync_weights,38,5.3788299560546875,1789769149.83125,0
time/sync_weights,39,5.627261161804199,1789770004.5238185,0
time/sync_weights,40,5.877053737640381,1789771319.412602,0
time/sync_weights,41,1.9236435890197754,1789772195.2350302,0
time/sync_weights,42,5.487374305725098,1789773056.1744845,0
time/sync_weights,43,5.3188652992248535,1789773912.5947177,0
time/sync_weights,44,6.439233303070068,1789774779.9666064,0
time/sync_weights,45,5.637943267822266,1789776009.4533463,0
time/sync_weights,46,2.0525970458984375,1789776858.164156,0
time/sync_weights,47,5.4678497314453125,1789777727.6034374,0
time/sync_weights,48,5.492722988128662,1789778587.5722966,0
time/sync_weights,49,5.500370025634766,1789779450.053541,0
time/sync_weights,50,5.424781322479248,1789780757.726371,0
time/sync_weights,51,2.0076310634613037,1789781598.4307585,0
time/sync_weights,52,5.494487285614014,1789782457.998095,0
time/sync_weights,53,5.6333088874816895,1789783335.6949208,0
time/sync_weights,54,5.609868049621582,1789784199.8600602,0
time/sync_weights,55,5.661722183227539,1789785454.8398023,0
time/sync_weights,56,2.229687213897705,1789786349.062545,0
time/sync_weights,57,5.380363464355469,1789787220.061808,0
time/sync_weights,58,5.436850547790527,1789788098.7084613,0
time/sync_weights,59,5.505818843841553,1789788982.3450172,0
time/sync_weights,60,5.318781852722168,1789790306.3585763,0
time/sync_weights,61,1.9180917739868164,1789791172.7597237,0
time/sync_weights,62,5.23918342590332,1789792032.8213713,0
time/sync_weights,63,5.654824256896973,1789792890.8271806,0
time/sync_weights,64,5.441998481750488,1789793764.9378204,0
time/sync_weights,65,5.715819358825684,1789795027.814067,0
time/sync_weights,66,2.0423288345336914,1789795901.7047899,0
time/sync_weights,67,5.3280439376831055,1789796782.4725459,0
time/sync_weights,68,5.166502952575684,1789797666.491319,0
time/sync_weights,69,5.44118070602417,1789798529.020553,0
time/sync_weights,70,5.683359146118164,1789799875.546723,0
time/sync_weights,71,2.017749786376953,1789800740.3199375,0
time/sync_weights,72,5.208220958709717,1789801632.6708858,0
time/sync_weights,73,5.506162643432617,1789802511.2890532,0
time/sync_weights,74,5.425510406494141,1789803399.5224988,0
time/sync_weights,75,5.4976911544799805,1789804709.1150866,0
time/sync_weights,76,2.005321979522705,1789805572.0160165,0
time/sync_weights,77,5.2363600730896,1789806438.079087,0
time/sync_weights,78,5.373477935791016,1789807311.89027,0
time/sync_weights,79,5.659860134124756,1789808161.6136305,0
time/sync_weights,80,5.485960960388184,1789809490.2909338,0
time/sync_weights,81,2.0569911003112793,1789810380.0955577,0
time/sync_weights,82,5.363983154296875,1789811260.459607,0
time/sync_weights,83,5.463973045349121,1789812153.2411253,0
time/sync_weights,84,5.661548614501953,1789813033.944567,0
time/sync_weights,85,5.419303894042969,1789814312.2049816,0
time/sync_weights,86,2.047386407852173,1789815198.4759989,0
time/sync_weights,87,5.463556289672852,1789816092.0801826,0
time/sync_weights,88,5.640507698059082,1789816977.7829475,0
time/sync_weights,89,5.689509868621826,1789817875.8110037,0
time/sync_weights,90,5.664401531219482,1789819258.6130738,0
time/sync_weights,91,2.7500600814819336,1789820165.0573921,0
time/sync_weights,92,5.499017715454102,1789821060.8188303,0
time/sync_weights,93,5.462057590484619,1789821959.3844512,0
time/sync_weights,94,5.751810073852539,1789822844.5014193,0
time/sync_weights,95,5.873175621032715,1789824159.9592838,0
time/sync_weights,96,2.004788637161255,1789825054.567877,0
time/sync_weights,97,5.639330863952637,1789825948.538375,0
time/sync_weights,98,5.382931709289551,1789826861.0119233,0
time/sync_weights,99,5.630181312561035,1789827745.5776064,0
time/sync_weights,100,5.6407647132873535,1789829118.2354763,0
time/sync_weights,101,1.8853256702423096,1789830009.8314338,0
time/sync_weights,102,6.148074150085449,1789830915.924481,0
time/sync_weights,103,5.909173488616943,1789831806.6375759,0
time/sync_weights,104,5.310523986816406,1789832718.9981246,0
time/sync_weights,105,5.841673374176025,1789834041.481965,0
time/sync_weights,106,2.163803815841675,1789834981.853534,0
time/sync_weights,107,5.521932601928711,1789835868.431511,0
time/sync_weights,108,5.500007629394531,1789836735.707512,0
time/sync_weights,109,5.8139801025390625,1789837618.1297889,0
time/sync_weights,110,5.466081619262695,1789838967.504496,0
time/sync_weights,111,2.2409145832061768,1789839873.9470744,0
time/sync_weights,112,5.523487567901611,1789840774.8562176,0
time/sync_weights,113,5.539795875549316,1789841662.7333522,0
time/sync_weights,114,5.396499156951904,1789842563.6533508,0
time/sync_weights,115,5.3082380294799805,1789843890.673512,0
time/sync_weights,116,2.0108983516693115,1789844788.2107894,0
time/sync_weights,117,5.545427322387695,1789845696.536444,0
time/sync_weights,118,5.807204246520996,1789846589.415441,0
time/sync_weights,119,6.006057262420654,1789847480.2842882,0
time/sync_weights,120,5.5867180824279785,1789848833.6245391,0
time/sync_weights,121,1.9697105884552002,1789849726.8688507,0
time/sync_weights,122,5.39332914352417,1789850608.2745724,0
time/sync_weights,123,5.457355499267578,1789851504.2519655,0
time/sync_weights,124,5.413057327270508,1789852381.721815,0
time/sync_weights,125,5.273655891418457,1789853698.222568,0
time/sync_weights,126,2.0695693492889404,1789854595.6973577,0
time/sync_weights,127,5.244970798492432,1789855482.7758036,0
time/sync_weights,128,5.663913726806641,1789856378.0268714,0
time/sync_weights,129,5.36104679107666,1789857265.144378,0
time/sync_weights,130,5.523354530334473,1789858604.4943697,0
time/sync_weights,131,1.9285531044006348,1789859500.9607472,0
time/sync_weights,132,5.644881248474121,1789860405.561151,0
time/sync_weights,133,5.412415981292725,1789861321.6384666,0
time/sync_weights,134,5.334495544433594,1789862242.7003577,0
time/sync_weights,135,5.314288139343262,1789863585.659324,0
time/sync_weights,136,2.0513391494750977,1789864520.214303,0
time/sync_weights,137,5.729115962982178,1789865419.9343069,0
time/sync_weights,138,5.903622627258301,1789866317.8923776,0
time/sync_weights,139,5.497967720031738,1789867224.1452487,0
time/sync_weights,140,5.594025611877441,1789868619.8073657,0
time/sync_weights,141,2.1562962532043457,1789869518.1866705,0
time/sync_weights,142,5.737028121948242,1789870408.9060144,0
time/sync_weights,143,5.559939384460449,1789871324.246092,0
time/sync_weights,144,5.559054374694824,1789872217.2603388,0
time/sync_weights,145,5.922666072845459,1789873546.0744307,0
time/sync_weights,146,2.562514066696167,1789874462.5773842,0
time/sync_weights,147,5.721674919128418,1789875356.5894659,0
time/sync_weights,148,5.745059967041016,1789876285.7064698,0
time/generate_rollouts,1,735.8421020507812,1789735381.1777515,0
time/generate_rollouts,2,757.1469116210938,1789736158.3119426,0
time/generate_rollouts,3,754.6233520507812,1789736932.363513,0
time/generate_rollouts,4,761.4150390625,1789737712.3835454,0
time/generate_rollouts,5,750.3217163085938,1789738848.06171,0
time/generate_rollouts,6,801.7179565429688,1789739665.6955156,0
time/generate_rollouts,7,778.8299560546875,1789740462.689229,0
time/generate_rollouts,8,803.3838500976562,1789741284.2964299,0
time/generate_rollouts,9,779.8218383789062,1789742089.6703904,0
time/generate_rollouts,10,796.037353515625,1789743347.8795605,0
time/generate_rollouts,11,843.6807861328125,1789744207.208956,0
time/generate_rollouts,12,830.656005859375,1789745056.1822362,0
time/generate_rollouts,13,823.5333251953125,1789745898.4737864,0
time/generate_rollouts,14,805.4111938476562,1789746730.2777007,0
time/generate_rollouts,15,808.3123779296875,1789747942.3710093,0
time/generate_rollouts,16,817.1292114257812,1789748774.9763017,0
time/generate_rollouts,17,824.4083251953125,1789749617.7073696,0
time/generate_rollouts,18,793.6903076171875,1789750438.1753953,0
time/generate_rollouts,19,799.8545532226562,1789751264.4225974,0
time/generate_rollouts,20,796.1258544921875,1789752529.3233845,0
time/generate_rollouts,21,800.3798828125,1789753344.535279,0
time/generate_rollouts,22,813.8693237304688,1789754176.813787,0
time/generate_rollouts,23,815.168701171875,1789755010.2255168,0
time/generate_rollouts,24,830.1328735351562,1789755859.7049437,0
time/generate_rollouts,25,833.5170288085938,1789757090.5705538,0
time/generate_rollouts,26,845.3892211914062,1789757960.9319193,0
time/generate_rollouts,27,814.91650390625,1789758804.3875709,0
time/generate_rollouts,28,849.5187377929688,1789759671.6425974,0
time/generate_rollouts,29,822.8665771484375,1789760512.354969,0
time/generate_rollouts,30,841.9017944335938,1789761821.0380614,0
time/generate_rollouts,31,864.5081176757812,1789762701.7580607,0
time/generate_rollouts,32,862.98193359375,1789763583.587154,0
time/generate_rollouts,33,837.2350463867188,1789764439.595675,0
time/generate_rollouts,34,844.937744140625,1789765303.1597607,0
time/generate_rollouts,35,850.3409423828125,1789766576.8591375,0
time/generate_rollouts,36,852.17529296875,1789767456.9450653,0
time/generate_rollouts,37,823.8327026367188,1789768311.1006107,0
time/generate_rollouts,38,820.7996826171875,1789769149.8312564,0
time/generate_rollouts,39,836.2499389648438,1789770004.5238254,0
time/generate_rollouts,40,839.3345336914062,1789771319.4126086,0
time/generate_rollouts,41,861.2330322265625,1789772195.2350368,0
time/generate_rollouts,42,843.0582885742188,1789773056.174492,0
time/generate_rollouts,43,838.56298828125,1789773912.5947256,0
time/generate_rollouts,44,835.59619140625,1789774779.9666154,0
time/generate_rollouts,45,817.7273559570312,1789776009.453353,0
time/generate_rollouts,46,833.832275390625,1789776858.1641624,0
time/generate_rollouts,47,851.2938842773438,1789777727.6034439,0
time/generate_rollouts,48,841.6828002929688,1789778587.5723064,0
time/generate_rollouts,49,843.9758911132812,1789779450.053547,0
time/generate_rollouts,50,843.7113037109375,1789780757.7263772,0
time/generate_rollouts,51,825.8917236328125,1789781598.4307644,0
time/generate_rollouts,52,841.4146728515625,1789782457.9981017,0
time/generate_rollouts,53,859.3875732421875,1789783335.6949275,0
time/generate_rollouts,54,845.9940795898438,1789784199.860067,0
time/generate_rollouts,55,851.454833984375,1789785454.839809,0
time/generate_rollouts,56,867.2243041992188,1789786349.062552,0
time/generate_rollouts,57,841.1679077148438,1789787220.0618155,0
time/generate_rollouts,58,850.6568603515625,1789788098.7084682,0
time/generate_rollouts,59,865.2865600585938,1789788982.3450267,0
time/generate_rollouts,60,852.8370971679688,1789790306.3585827,0
time/generate_rollouts,61,851.7913818359375,1789791172.759732,0
time/generate_rollouts,62,842.4050903320312,1789792032.8213775,0
time/generate_rollouts,63,828.1883544921875,1789792890.8271873,0
time/generate_rollouts,64,845.14892578125,1789793764.9378269,0
time/generate_rollouts,65,840.8133544921875,1789795027.8140738,0
time/generate_rollouts,66,859.1722412109375,1789795901.704796,0
time/generate_rollouts,67,862.5240478515625,1789796782.472553,0
time/generate_rollouts,68,866.3363037109375,1789797666.4913251,0
time/generate_rollouts,69,843.8726806640625,1789798529.0205598,0
time/generate_rollouts,70,859.0696411132812,1789799875.5467293,0
time/generate_rollouts,71,838.4953002929688,1789800740.3199441,0
time/generate_rollouts,72,874.2186279296875,1789801632.6708922,0
time/generate_rollouts,73,860.4686889648438,1789802511.2890596,0
time/generate_rollouts,74,870.5548706054688,1789803399.522505,0
time/generate_rollouts,75,878.6536254882812,1789804709.115093,0
time/generate_rollouts,76,835.8536376953125,1789805572.0160222,0
time/generate_rollouts,77,836.4833374023438,1789806438.0790958,0
time/generate_rollouts,78,844.2396850585938,1789807311.8902771,0
time/generate_rollouts,79,831.1689453125,1789808161.6136372,0
time/generate_rollouts,80,841.7122802734375,1789809490.2909405,0
time/generate_rollouts,81,860.0030517578125,1789810380.0955641,0
time/generate_rollouts,82,849.644775390625,1789811260.4596148,0
time/generate_rollouts,83,862.165771484375,1789812153.2411323,0
time/generate_rollouts,84,849.1301879882812,1789813033.9445736,0
time/generate_rollouts,85,852.7174682617188,1789814312.204988,0
time/generate_rollouts,86,871.4718017578125,1789815198.4760053,0
time/generate_rollouts,87,875.5265502929688,1789816092.0801895,0
time/generate_rollouts,88,867.5425415039062,1789816977.7829545,0
time/generate_rollouts,89,865.1119995117188,1789817875.8110106,0
time/generate_rollouts,90,866.3927001953125,1789819258.6130805,0
time/generate_rollouts,91,890.5142822265625,1789820165.0573988,0
time/generate_rollouts,92,877.746826171875,1789821060.8188398,0
time/generate_rollouts,93,880.5305786132812,1789821959.3844576,0
time/generate_rollouts,94,866.568359375,1789822844.5014284,0
time/generate_rollouts,95,867.1412353515625,1789824159.9592907,0
time/generate_rollouts,96,879.80615234375,1789825054.567884,0
time/generate_rollouts,97,875.84619140625,1789825948.5383813,0
time/generate_rollouts,98,881.2863159179688,1789826861.0119298,0
time/generate_rollouts,99,866.1736450195312,1789827745.577613,0
time/generate_rollouts,100,875.7300415039062,1789829118.2354834,0
time/generate_rollouts,101,865.5360107421875,1789830009.8314402,0
time/generate_rollouts,102,874.2942504882812,1789830915.9244905,0
time/generate_rollouts,103,859.65625,1789831806.6375825,0
time/generate_rollouts,104,876.6277465820312,1789832718.998131,0
time/generate_rollouts,105,889.320556640625,1789834041.4819727,0
time/generate_rollouts,106,925.5873413085938,1789834981.853542,0
time/generate_rollouts,107,868.3134155273438,1789835868.4315174,0
time/generate_rollouts,108,836.1058349609375,1789836735.7075179,0
time/generate_rollouts,109,846.5730590820312,1789837618.1297958,0
time/generate_rollouts,110,847.0025024414062,1789838967.5045028,0
time/generate_rollouts,111,891.7039184570312,1789839873.9470806,0
time/generate_rollouts,112,882.76025390625,1789840774.8562243,0
time/generate_rollouts,113,869.2620849609375,1789841662.733359,0
time/generate_rollouts,114,882.2698974609375,1789842563.6533575,0
time/generate_rollouts,115,879.1862182617188,1789843890.6735187,0
time/generate_rollouts,116,866.929931640625,1789844788.210796,0
time/generate_rollouts,117,890.120849609375,1789845696.536451,0
time/generate_rollouts,118,873.9567260742188,1789846589.4154477,0
time/generate_rollouts,119,872.237060546875,1789847480.284295,0
time/generate_rollouts,120,852.46826171875,1789848833.6245456,0
time/generate_rollouts,121,879.0078125,1789849726.8688571,0
time/generate_rollouts,122,863.1650390625,1789850608.274582,0
time/generate_rollouts,123,877.99755859375,1789851504.2519717,0
time/generate_rollouts,124,859.3091430664062,1789852381.721821,0
time/generate_rollouts,125,899.8125610351562,1789853698.2225747,0
time/generate_rollouts,126,883.144287109375,1789854595.6973648,0
time/generate_rollouts,127,869.1925048828125,1789855482.77581,0
time/generate_rollouts,128,877.223388671875,1789856378.0268776,0
time/generate_rollouts,129,869.2076416015625,1789857265.1443856,0
time/generate_rollouts,130,838.7974243164062,1789858604.494376,0
time/generate_rollouts,131,882.2077026367188,1789859500.9607542,0
time/generate_rollouts,132,886.6670532226562,1789860405.5611572,0
time/generate_rollouts,133,898.3241577148438,1789861321.638473,0
time/generate_rollouts,134,902.5552978515625,1789862242.7003675,0
time/generate_rollouts,135,891.1630249023438,1789863585.6593304,0
time/generate_rollouts,136,900.4617919921875,1789864520.2143097,0
time/generate_rollouts,137,868.6776123046875,1789865419.9343133,0
time/generate_rollouts,138,879.0007934570312,1789866317.8923845,0
time/generate_rollouts,139,887.9266967773438,1789867224.1452553,0
time/generate_rollouts,140,894.9268188476562,1789868619.8073719,0
time/generate_rollouts,141,873.2095336914062,1789869518.1866777,0
time/generate_rollouts,142,858.5884399414062,1789870408.906021,0
time/generate_rollouts,143,897.4559326171875,1789871324.2460985,0
time/generate_rollouts,144,874.4823608398438,1789872217.260345,0
time/generate_rollouts,145,883.9197998046875,1789873546.074437,0
time/generate_rollouts,146,884.7345581054688,1789874462.5773911,0
time/generate_rollouts,147,863.0970458984375,1789875356.5894752,0
time/generate_rollouts,148,909.314208984375,1789876285.7064762,0
time/cal_adv_and_returns,1,0.049036502838134766,1789735381.1781633,0
time/cal_adv_and_returns,2,0.0068738460540771484,1789736158.3122177,0
time/cal_adv_and_returns,3,0.007033586502075195,1789736932.363912,0
time/cal_adv_and_returns,4,0.0072324275970458984,1789737712.3839066,0
time/cal_adv_and_returns,5,0.007375240325927734,1789738848.061966,0
time/cal_adv_and_returns,6,0.01087331771850586,1789739665.695866,0
time/cal_adv_and_returns,7,0.007863521575927734,1789740462.6896052,0
time/cal_adv_and_returns,8,0.00783848762512207,1789741284.2968223,0
time/cal_adv_and_returns,9,0.0075092315673828125,1789742089.670751,0
time/cal_adv_and_returns,10,0.008682966232299805,1789743347.8798776,0
time/cal_adv_and_returns,11,0.008598089218139648,1789744207.2093494,0
time/cal_adv_and_returns,12,0.007941484451293945,1789745056.182802,0
time/cal_adv_and_returns,13,0.008006811141967773,1789745898.4741557,0
time/cal_adv_and_returns,14,0.007267475128173828,1789746730.2781036,0
time/cal_adv_and_returns,15,0.0075016021728515625,1789747942.3712325,0
time/cal_adv_and_returns,16,0.007590532302856445,1789748774.9766593,0
time/cal_adv_and_returns,17,0.008217334747314453,1789749617.7076972,0
time/cal_adv_and_returns,18,0.007783651351928711,1789750438.1757784,0
time/cal_adv_and_returns,19,0.0077800750732421875,1789751264.4231577,0
time/cal_adv_and_returns,20,0.007753133773803711,1789752529.3236694,0
time/cal_adv_and_returns,21,0.008912086486816406,1789753344.5356572,0
time/cal_adv_and_returns,22,0.014270544052124023,1789754176.8141792,0
time/cal_adv_and_returns,23,0.00861048698425293,1789755010.2258809,0
time/cal_adv_and_returns,24,0.00782155990600586,1789755859.7053328,0
time/cal_adv_and_returns,25,0.010535240173339844,1789757090.5707352,0
time/cal_adv_and_returns,26,0.0075032711029052734,1789757960.9322557,0
time/cal_adv_and_returns,27,0.007474184036254883,1789758804.3879626,0
time/cal_adv_and_returns,28,0.00813746452331543,1789759671.6429935,0
time/cal_adv_and_returns,29,0.007788896560668945,1789760512.355349,0
time/cal_adv_and_returns,30,0.008535146713256836,1789761821.0383534,0
time/cal_adv_and_returns,31,0.008719921112060547,1789762701.758456,0
time/cal_adv_and_returns,32,0.008896827697753906,1789763583.587514,0
time/cal_adv_and_returns,33,0.007717132568359375,1789764439.5960815,0
time/cal_adv_and_returns,34,0.0070726871490478516,1789765303.1600397,0
time/cal_adv_and_returns,35,0.00771331787109375,1789766576.8593552,0
time/cal_adv_and_returns,36,0.007991552352905273,1789767456.9454765,0
time/cal_adv_and_returns,37,0.0074253082275390625,1789768311.1009934,0
time/cal_adv_and_returns,38,0.008484125137329102,1789769149.831594,0
time/cal_adv_and_returns,39,0.0076105594635009766,1789770004.5241861,0
time/cal_adv_and_returns,40,0.007363319396972656,1789771319.4128761,0
time/cal_adv_and_returns,41,0.007899761199951172,1789772195.235423,0
time/cal_adv_and_returns,42,0.007652997970581055,1789773056.1750386,0
time/cal_adv_and_returns,43,0.007921457290649414,1789773912.5951235,0
time/cal_adv_and_returns,44,0.008024930953979492,1789774779.9670267,0
time/cal_adv_and_returns,45,0.008092641830444336,1789776009.4535353,0
time/cal_adv_and_returns,46,0.007882356643676758,1789776858.1645093,0
time/cal_adv_and_returns,47,0.007659196853637695,1789777727.6038237,0
time/cal_adv_and_returns,48,0.007689237594604492,1789778587.5727026,0
time/cal_adv_and_returns,49,0.009061574935913086,1789779450.053952,0
time/cal_adv_and_returns,50,0.009021282196044922,1789780757.7266653,0
time/cal_adv_and_returns,51,0.007348060607910156,1789781598.4310608,0
time/cal_adv_and_returns,52,0.008368730545043945,1789782457.9984264,0
time/cal_adv_and_returns,53,0.007569551467895508,1789783335.6953058,0
time/cal_adv_and_returns,54,0.008966684341430664,1789784199.8604815,0
time/cal_adv_and_returns,55,0.0076329708099365234,1789785454.8400505,0
time/cal_adv_and_returns,56,0.008770465850830078,1789786349.0629537,0
time/cal_adv_and_returns,57,0.007354259490966797,1789787220.0622926,0
time/cal_adv_and_returns,58,0.0081787109375,1789788098.7088568,0
time/cal_adv_and_returns,59,0.018283367156982422,1789788982.3454947,0
time/cal_adv_and_returns,60,0.007694721221923828,1789790306.358887,0
time/cal_adv_and_returns,61,0.0074214935302734375,1789791172.7601185,0
time/cal_adv_and_returns,62,0.00741267204284668,1789792032.8218098,0
time/cal_adv_and_returns,63,0.007476091384887695,1789792890.8275366,0
time/cal_adv_and_returns,64,0.007693290710449219,1789793764.93833,0
time/cal_adv_and_returns,65,0.008139848709106445,1789795027.814254,0
time/cal_adv_and_returns,66,0.00759124755859375,1789795901.705185,0
time/cal_adv_and_returns,67,0.007760047912597656,1789796782.4729524,0
time/cal_adv_and_returns,68,0.006855010986328125,1789797666.4916472,0
time/cal_adv_and_returns,69,0.007990598678588867,1789798529.0209625,0
time/cal_adv_and_returns,70,0.0075893402099609375,1789799875.5469928,0
time/cal_adv_and_returns,71,0.007367610931396484,1789800740.3203666,0
time/cal_adv_and_returns,72,0.009255647659301758,1789801632.6713934,0
time/cal_adv_and_returns,73,0.008568525314331055,1789802511.2894342,0
time/cal_adv_and_returns,74,0.008722066879272461,1789803399.5228758,0
time/cal_adv_and_returns,75,0.00782012939453125,1789804709.115281,0
time/cal_adv_and_returns,76,0.007390022277832031,1789805572.0163612,0
time/cal_adv_and_returns,77,0.007402658462524414,1789806438.0794735,0
time/cal_adv_and_returns,78,0.007283687591552734,1789807311.890683,0
time/cal_adv_and_returns,79,0.007590293884277344,1789808161.6139648,0
time/cal_adv_and_returns,80,0.007516145706176758,1789809490.2913961,0
time/cal_adv_and_returns,81,0.0076711177825927734,1789810380.0966997,0
time/cal_adv_and_returns,82,0.007887840270996094,1789811260.4599743,0
time/cal_adv_and_returns,83,0.00747990608215332,1789812153.241496,0
time/cal_adv_and_returns,84,0.0073926448822021484,1789813033.944998,0
time/cal_adv_and_returns,85,0.006965160369873047,1789814312.205188,0
time/cal_adv_and_returns,86,0.0073316097259521484,1789815198.476355,0
time/cal_adv_and_returns,87,0.007452487945556641,1789816092.0806537,0
time/cal_adv_and_returns,88,0.007676362991333008,1789816977.7833512,0
time/cal_adv_and_returns,89,0.007730007171630859,1789817875.8114014,0
time/cal_adv_and_returns,90,0.0076177120208740234,1789819258.613343,0
time/cal_adv_and_returns,91,0.00978708267211914,1789820165.0577912,0
time/cal_adv_and_returns,92,0.007990837097167969,1789821060.8192024,0
time/cal_adv_and_returns,93,0.009119033813476562,1789821959.384867,0
time/cal_adv_and_returns,94,0.0077817440032958984,1789822844.5019686,0
time/cal_adv_and_returns,95,0.007447004318237305,1789824159.9594991,0
time/cal_adv_and_returns,96,0.007662534713745117,1789825054.568235,0
time/cal_adv_and_returns,97,0.009054899215698242,1789825948.538787,0
time/cal_adv_and_returns,98,0.008093833923339844,1789826861.012546,0
time/cal_adv_and_returns,99,0.008373498916625977,1789827745.5780127,0
time/cal_adv_and_returns,100,0.00777125358581543,1789829118.235771,0
time/cal_adv_and_returns,101,0.006861686706542969,1789830009.8317926,0
time/cal_adv_and_returns,102,0.00932931900024414,1789830915.9248538,0
time/cal_adv_and_returns,103,0.009319782257080078,1789831806.6379466,0
time/cal_adv_and_returns,104,0.009664297103881836,1789832718.9985275,0
time/cal_adv_and_returns,105,0.008549213409423828,1789834041.4822476,0
time/cal_adv_and_returns,106,0.017994403839111328,1789834981.8539357,0
time/cal_adv_and_returns,107,0.008772134780883789,1789835868.4317842,0
time/cal_adv_and_returns,108,0.007468700408935547,1789836735.7078593,0
time/cal_adv_and_returns,109,0.0077707767486572266,1789837618.1301908,0
time/cal_adv_and_returns,110,0.007615327835083008,1789838967.5047863,0
time/cal_adv_and_returns,111,0.00821232795715332,1789839873.9475102,0
time/cal_adv_and_returns,112,0.007157087326049805,1789840774.8565032,0
time/cal_adv_and_returns,113,0.007950782775878906,1789841662.7336893,0
time/cal_adv_and_returns,114,0.0096588134765625,1789842563.6537478,0
time/cal_adv_and_returns,115,0.007333040237426758,1789843890.673695,0
time/cal_adv_and_returns,116,0.007538318634033203,1789844788.2111018,0
time/cal_adv_and_returns,117,0.007889270782470703,1789845696.536836,0
time/cal_adv_and_returns,118,0.007916450500488281,1789846589.4158113,0
time/cal_adv_and_returns,119,0.008751869201660156,1789847480.2846472,0
time/cal_adv_and_returns,120,0.007876396179199219,1789848833.624817,0
time/cal_adv_and_returns,121,0.007712364196777344,1789849726.869249,0
time/cal_adv_and_returns,122,0.008545160293579102,1789850608.274985,0
time/cal_adv_and_returns,123,0.0071697235107421875,1789851504.2522535,0
time/cal_adv_and_returns,124,0.008209228515625,1789852381.7222202,0
time/cal_adv_and_returns,125,0.007705211639404297,1789853698.222786,0
time/cal_adv_and_returns,126,0.008100748062133789,1789854595.6977553,0
time/cal_adv_and_returns,127,0.0076787471771240234,1789855482.77622,0
time/cal_adv_and_returns,128,0.0076868534088134766,1789856378.0272655,0
time/cal_adv_and_returns,129,0.008156776428222656,1789857265.1447256,0
time/cal_adv_and_returns,130,0.007775783538818359,1789858604.4947035,0
time/cal_adv_and_returns,131,0.008327484130859375,1789859500.9611576,0
time/cal_adv_and_returns,132,0.007860898971557617,1789860405.5614834,0
time/cal_adv_and_returns,133,0.007599592208862305,1789861321.6388514,0
time/cal_adv_and_returns,134,0.009163141250610352,1789862242.7007895,0
time/cal_adv_and_returns,135,0.007638454437255859,1789863585.6595774,0
time/cal_adv_and_returns,136,0.007988691329956055,1789864520.2147365,0
time/cal_adv_and_returns,137,0.009236812591552734,1789865419.93471,0
time/cal_adv_and_returns,138,0.0077283382415771484,1789866317.8927593,0
time/cal_adv_and_returns,139,0.00809168815612793,1789867224.1456416,0
time/cal_adv_and_returns,140,0.007996797561645508,1789868619.8076427,0
time/cal_adv_and_returns,141,0.008188724517822266,1789869518.187059,0
time/cal_adv_and_returns,142,0.009156465530395508,1789870408.9064062,0
time/cal_adv_and_returns,143,0.00757598876953125,1789871324.2464945,0
time/cal_adv_and_returns,144,0.007489919662475586,1789872217.2607424,0
time/cal_adv_and_returns,145,0.006710052490234375,1789873546.0747418,0
time/cal_adv_and_returns,146,0.007521867752075195,1789874462.5777495,0
time/cal_adv_and_returns,147,0.007816076278686523,1789875356.5899196,0
time/cal_adv_and_returns,148,0.00846409797668457,1789876285.7068818,0
time/actor_training,1,18.133113861083984,1789735381.1781714,0
time/actor_training,2,12.790143966674805,1789736158.3122249,0
time/actor_training,3,12.947604179382324,1789736932.3639197,0
time/actor_training,4,12.880569458007812,1789737712.3839135,0
time/actor_training,5,20.479076385498047,1789738848.061973,0
time/actor_training,6,13.815912246704102,1789739665.695873,0
time/actor_training,7,12.448684692382812,1789740462.6896126,0
time/actor_training,8,12.912322998046875,1789741284.29683,0
time/actor_training,9,20.117534637451172,1789742089.6707582,0
time/actor_training,10,21.152973175048828,1789743347.879895,0
time/actor_training,11,13.618189811706543,1789744207.2093565,0
time/actor_training,12,12.869651794433594,1789745056.182822,0
time/actor_training,13,12.930005073547363,1789745898.4741633,0
time/actor_training,14,20.996179580688477,1789746730.2781105,0
time/actor_training,15,21.79949188232422,1789747942.37124,0
time/actor_training,16,13.218509674072266,1789748774.9766665,0
time/actor_training,17,12.818110466003418,1789749617.707705,0
time/actor_training,18,21.060853958129883,1789750438.1757858,0
time/actor_training,19,20.947481155395508,1789751264.4231644,0
time/actor_training,20,12.689916610717773,1789752529.3236766,0
time/actor_training,21,12.570816993713379,1789753344.535664,0
time/actor_training,22,13.008056640625,1789754176.8141866,0
time/actor_training,23,12.746742248535156,1789755010.2258883,0
time/actor_training,24,13.367959022521973,1789755859.70534,0
time/actor_training,25,12.484835624694824,1789757090.5707426,0
time/actor_training,26,22.923320770263672,1789757960.932263,0
time/actor_training,27,23.225574493408203,1789758804.3879697,0
time/actor_training,28,12.373981475830078,1789759671.6430004,0
time/actor_training,29,12.365374565124512,1789760512.3553565,0
time/actor_training,30,13.114514350891113,1789761821.038361,0
time/actor_training,31,14.081232070922852,1789762701.7584631,0
time/actor_training,32,13.325174331665039,1789763583.5875206,0
time/actor_training,33,13.281335830688477,1789764439.596089,0
time/actor_training,34,12.75051498413086,1789765303.1600473,0
time/actor_training,35,12.486093521118164,1789766576.8593626,0
time/actor_training,36,25.85765266418457,1789767456.9454837,0
time/actor_training,37,24.383934020996094,1789768311.101001,0
time/actor_training,38,12.53039836883545,1789769149.8316019,0
time/actor_training,39,12.794797897338867,1789770004.5241935,0
time/actor_training,40,13.236955642700195,1789771319.4128838,0
time/actor_training,41,12.62062931060791,1789772195.23543,0
time/actor_training,42,12.373481750488281,1789773056.175046,0
time/actor_training,43,12.514633178710938,1789773912.5951347,0
time/actor_training,44,25.31269073486328,1789774779.9670346,0
time/actor_training,45,12.539322853088379,1789776009.453542,0
time/actor_training,46,12.803810119628906,1789776858.164517,0
time/actor_training,47,12.65597152709961,1789777727.6038315,0
time/actor_training,48,12.769285202026367,1789778587.5727127,0
time/actor_training,49,12.981264114379883,1789779450.0539594,0
time/actor_training,50,12.695503234863281,1789780757.7266726,0
time/actor_training,51,12.761451721191406,1789781598.4310677,0
time/actor_training,52,12.636526107788086,1789782457.9984334,0
time/actor_training,53,12.653160095214844,1789783335.695313,0
time/actor_training,54,12.535253524780273,1789784199.8604884,0
time/actor_training,55,12.412508010864258,1789785454.8400576,0
time/actor_training,56,24.74271583557129,1789786349.062961,0
time/actor_training,57,24.425260543823242,1789787220.0623112,0
time/actor_training,58,22.531248092651367,1789788098.7088642,0
time/actor_training,59,12.811384201049805,1789788982.3455138,0
time/actor_training,60,12.489194869995117,1789790306.3588943,0
time/actor_training,61,12.670113563537598,1789791172.7601256,0
time/actor_training,62,12.395317077636719,1789792032.8218343,0
time/actor_training,63,24.140073776245117,1789792890.827544,0
time/actor_training,64,23.497819900512695,1789793764.9383373,0
time/actor_training,65,24.876907348632812,1789795027.814261,0
time/actor_training,66,12.65541934967041,1789795901.7051928,0
time/actor_training,67,12.893396377563477,1789796782.4729593,0
time/actor_training,68,12.496461868286133,1789797666.4916546,0
time/actor_training,69,13.193292617797852,1789798529.02098,0
time/actor_training,70,12.923272132873535,1789799875.5470002,0
time/actor_training,71,24.23843002319336,1789800740.3203743,0
time/actor_training,72,12.90029239654541,1789801632.6714005,0
time/actor_training,73,12.617931365966797,1789802511.2894416,0
time/actor_training,74,12.231132507324219,1789803399.5228832,0
time/actor_training,75,12.384414672851562,1789804709.1152883,0
time/actor_training,76,25.02036476135254,1789805572.0163684,0
time/actor_training,77,24.322603225708008,1789806438.0794811,0
time/actor_training,78,24.177135467529297,1789807311.89069,0
time/actor_training,79,12.873929977416992,1789808161.613972,0
time/actor_training,80,12.905172348022461,1789809490.2914152,0
time/actor_training,81,27.682241439819336,1789810380.096741,0
time/actor_training,82,25.327465057373047,1789811260.4599812,0
time/actor_training,83,25.130374908447266,1789812153.241507,0
time/actor_training,84,25.889062881469727,1789813033.945017,0
time/actor_training,85,23.523624420166016,1789814312.2051947,0
time/actor_training,86,12.730460166931152,1789815198.476362,0
time/actor_training,87,12.591852188110352,1789816092.0806763,0
time/actor_training,88,12.49742317199707,1789816977.7833586,0
time/actor_training,89,27.200740814208984,1789817875.811409,0
time/actor_training,90,12.770342826843262,1789819258.61335,0
time/actor_training,91,13.099014282226562,1789820165.0577989,0
time/actor_training,92,12.494392395019531,1789821060.8192098,0
time/actor_training,93,12.550500869750977,1789821959.3848748,0
time/actor_training,94,12.775237083435059,1789822844.501976,0
time/actor_training,95,12.567675590515137,1789824159.9595056,0
time/actor_training,96,12.776327133178711,1789825054.568242,0
time/actor_training,97,12.463029861450195,1789825948.5387943,0
time/actor_training,98,25.78081512451172,1789826861.0125587,0
time/actor_training,99,12.736396789550781,1789827745.5780199,0
time/actor_training,100,12.53329849243164,1789829118.2357779,0
time/actor_training,101,24.11555290222168,1789830009.8318,0
time/actor_training,102,25.6265869140625,1789830915.9248705,0
time/actor_training,103,25.122339248657227,1789831806.6379533,0
time/actor_training,104,30.398832321166992,1789832718.9985344,0
time/actor_training,105,12.47783088684082,1789834041.482257,0
time/actor_training,106,12.575571060180664,1789834981.8539443,0
time/actor_training,107,12.719050407409668,1789835868.4317956,0
time/actor_training,108,25.647918701171875,1789836735.7078683,0
time/actor_training,109,30.008935928344727,1789837618.130199,0
time/actor_training,110,12.553468704223633,1789838967.5047934,0
time/actor_training,111,12.47592544555664,1789839873.9475174,0
time/actor_training,112,12.60632610321045,1789840774.8565104,0
time/actor_training,113,13.055046081542969,1789841662.7336967,0
time/actor_training,114,13.230270385742188,1789842563.653755,0
time/actor_training,115,12.498780250549316,1789843890.6737022,0
time/actor_training,116,28.575857162475586,1789844788.2111092,0
time/actor_training,117,12.639191627502441,1789845696.5368435,0
time/actor_training,118,13.094538688659668,1789846589.4158187,0
time/actor_training,119,12.604339599609375,1789847480.2846541,0
time/actor_training,120,23.189804077148438,1789848833.6248243,0
time/actor_training,121,12.244538307189941,1789849726.8692565,0
time/actor_training,122,12.824710845947266,1789850608.2750065,0
time/actor_training,123,12.499993324279785,1789851504.2522604,0
time/actor_training,124,12.726089477539062,1789852381.7222276,0
time/actor_training,125,12.813218116760254,1789853698.222793,0
time/actor_training,126,12.238961219787598,1789854595.697762,0
time/actor_training,127,12.620613098144531,1789855482.7762272,0
time/actor_training,128,12.34284496307373,1789856378.0272734,0
time/actor_training,129,12.528326988220215,1789857265.1447327,0
time/actor_training,130,24.83517074584961,1789858604.4947107,0
time/actor_training,131,12.30668830871582,1789859500.961165,0
time/actor_training,132,12.266874313354492,1789860405.5614898,0
time/actor_training,133,12.320426940917969,1789861321.6388593,0
time/actor_training,134,13.14893913269043,1789862242.7008069,0
time/actor_training,135,31.277633666992188,1789863585.6595843,0
time/actor_training,136,32.02010726928711,1789864520.2147436,0
time/actor_training,137,25.290428161621094,1789865419.9347174,0
time/actor_training,138,13.032727241516113,1789866317.8927665,0
time/actor_training,139,12.806342124938965,1789867224.1456487,0
time/actor_training,140,12.28995132446289,1789868619.80765,0
time/actor_training,141,22.991168975830078,1789869518.1870663,0
time/actor_training,142,26.370834350585938,1789870408.9064133,0
time/actor_training,143,12.302284240722656,1789871324.2465017,0
time/actor_training,144,12.951416015625,1789872217.26075,0
time/actor_training,145,12.885032653808594,1789873546.074749,0
time/actor_training,146,29.182851791381836,1789874462.5777564,0
time/actor_training,147,25.170970916748047,1789875356.5899374,0
time/actor_training,148,14.034947395324707,1789876285.706889,0
time/step,1,765.3214721679688,1789735381.1781788,0
time/step,2,777.1205444335938,1789736158.3122334,0
time/step,3,774.0383911132812,1789736932.363926,0
time/step,4,780.0067749023438,1789737712.3839207,0
time/step,5,1135.6595458984375,1789738848.0619876,0
time/step,6,817.6199951171875,1789739665.6958797,0
time/step,7,796.9817504882812,1789740462.6896193,0
time/step,8,821.5945434570312,1789741284.2968369,0
time/step,9,805.3607788085938,1789742089.6707644,0
time/step,10,1258.1942138671875,1789743347.8799133,0
time/step,11,859.3163452148438,1789744207.2093635,0
time/step,12,848.958984375,1789745056.1828322,0
time/step,13,842.27685546875,1789745898.4741695,0
time/step,14,831.7899169921875,1789746730.278118,0
time/step,15,1212.074462890625,1789747942.3712544,0
time/step,16,832.5890502929688,1789748774.9766736,0
time/step,17,842.7178955078125,1789749617.7077122,0
time/step,18,820.455078125,1789750438.1757925,0
time/step,19,826.2324829101562,1789751264.4231708,0
time/step,20,1264.88427734375,1789752529.3236897,0
time/step,21,815.19775390625,1789753344.5356708,0
time/step,22,832.2659301757812,1789754176.814194,0
time/step,23,833.3994750976562,1789755010.225895,0
time/step,24,849.466552734375,1789755859.7053463,0
time/step,25,1230.84716796875,1789757090.570756,0
time/step,26,870.3484497070312,1789757960.9322698,0
time/step,27,843.443359375,1789758804.3879766,0
time/step,28,867.2418212890625,1789759671.6430073,0
time/step,29,840.699951171875,1789760512.3553638,0
time/step,30,1308.66552734375,1789761821.038375,0
time/step,31,880.676513671875,1789762701.7584698,0
time/step,32,881.8167114257812,1789763583.5875273,0
time/step,33,855.9953002929688,1789764439.5960958,0
time/step,34,863.5519409179688,1789765303.1600542,0
time/step,35,1273.67919921875,1789766576.859377,0
time/step,36,880.0712280273438,1789767456.9454901,0
time/step,37,854.142822265625,1789768311.1010075,0
time/step,38,838.7181396484375,1789769149.8316088,0
time/step,39,854.6802978515625,1789770004.5242007,0
time/step,40,1314.873779296875,1789771319.4128969,0
time/step,41,875.7860717773438,1789772195.2354364,0
time/step,42,860.9276123046875,1789773056.1750534,0
time/step,43,856.4053344726562,1789773912.5951428,0
time/step,44,867.3571166992188,1789774779.9670415,0
time/step,45,1229.466552734375,1789776009.4535563,0
time/step,46,848.6974487304688,1789776858.1645236,0
time/step,47,869.42626953125,1789777727.6038377,0
time/step,48,859.9534912109375,1789778587.5727217,0
time/step,49,862.4674682617188,1789779450.0539658,0
time/step,50,1307.658203125,1789780757.7266877,0
time/step,51,840.6686401367188,1789781598.431074,0
time/step,52,859.554931640625,1789782457.9984398,0
time/step,53,877.6822509765625,1789783335.6953197,0
time/step,54,864.1490478515625,1789784199.8604953,0
time/step,55,1254.9598388671875,1789785454.840071,0
time/step,56,894.2064208984375,1789786349.062968,0
time/step,57,870.9818115234375,1789787220.062322,0
time/step,58,878.6340942382812,1789788098.7088714,0
time/step,59,883.6232299804688,1789788982.3455257,0
time/step,60,1323.99951171875,1789790306.3589084,0
time/step,61,866.387939453125,1789791172.760133,0
time/step,62,860.0477905273438,1789792032.8218472,0
time/step,63,857.9916381835938,1789792890.8275516,0
time/step,64,874.0973510742188,1789793764.9383438,0
time/step,65,1262.8572998046875,1789795027.814275,0
time/step,66,873.8784790039062,1789795901.7051992,0
time/step,67,880.7542114257812,1789796782.472966,0
time/step,68,884.0066528320312,1789797666.4916608,0
time/step,69,862.5161743164062,1789798529.0209892,0
time/step,70,1346.5106201171875,1789799875.547014,0
time/step,71,864.759765625,1789800740.320381,0
time/step,72,892.3372802734375,1789801632.6714072,0
time/step,73,878.6022338867188,1789802511.289449,0
time/step,74,888.2210693359375,1789803399.5228896,0
time/step,75,1309.57373046875,1789804709.1153014,0
time/step,76,862.8875732421875,1789805572.0163748,0
time/step,77,866.0505981445312,1789806438.079488,0
time/step,78,873.7984008789062,1789807311.8906965,0
time/step,79,849.7111206054688,1789808161.6139789,0
time/step,80,1328.66015625,1789809490.2914336,0
time/step,81,889.7506103515625,1789810380.0967515,0
time/step,82,880.3450317382812,1789811260.4599876,0
time/step,83,892.7684936523438,1789812153.2415156,0
time/step,84,880.6890258789062,1789813033.9450264,0
time/step,85,1278.239013671875,1789814312.205208,0
time/step,86,886.2578125,1789815198.4763691,0
time/step,87,893.59033203125,1789816092.0806904,0
time/step,88,885.68896484375,1789816977.7833648,0
time/step,89,898.0108032226562,1789817875.8114152,0
time/step,90,1382.784912109375,1789819258.6133635,0
time/step,91,906.3739624023438,1789820165.0578053,0
time/step,92,895.7490234375,1789821060.819217,0
time/step,93,898.5530395507812,1789821959.3848817,0
time/step,94,885.1039428710938,1789822844.5019825,0
time/step,95,1315.4373779296875,1789824159.9595203,0
time/step,96,894.595458984375,1789825054.568249,0
time/step,97,893.9585571289062,1789825948.5388017,0
time/step,98,912.4591064453125,1789826861.0125692,0
time/step,99,884.549560546875,1789827745.578026,0
time/step,100,1372.64501953125,1789829118.2357924,0
time/step,101,891.5443115234375,1789830009.8318071,0
time/step,102,906.078857421875,1789830915.9248824,0
time/step,103,890.697998046875,1789831806.6379604,0
time/step,104,912.3475952148438,1789832718.9985406,0
time/step,105,1322.455078125,1789834041.482272,0
time/step,106,940.3541870117188,1789834981.853953,0
time/step,107,886.5636596679688,1789835868.4318035,0
time/step,108,867.2619018554688,1789836735.7078762,0
time/step,109,882.4048461914062,1789837618.130206,0
time/step,110,1349.3572998046875,1789838967.504807,0
time/step,111,906.4298095703125,1789839873.9475238,0
time/step,112,900.8976440429688,1789840774.8565173,0
time/step,113,887.8654174804688,1789841662.7337036,0
time/step,114,900.9072875976562,1789842563.6537614,0
time/step,115,1327.002685546875,1789843890.673716,0
time/step,116,897.5250244140625,1789844788.2111158,0
time/step,117,908.314208984375,1789845696.5368507,0
time/step,118,892.8671875,1789846589.4158254,0
time/step,119,890.8567504882812,1789847480.2846608,0
time/step,120,1353.325927734375,1789848833.6248372,0
time/step,121,893.230712890625,1789849726.8692632,0
time/step,122,881.392578125,1789850608.275019,0
time/step,123,895.962646484375,1789851504.2522676,0
time/step,124,877.4573974609375,1789852381.722234,0
time/step,125,1316.4818115234375,1789853698.222807,0
time/step,126,897.4617919921875,1789854595.6977682,0
time/step,127,887.0665893554688,1789855482.7762344,0
time/step,128,895.2387084960938,1789856378.0272803,0
time/step,129,887.1058349609375,1789857265.1447403,0
time/step,130,1339.336669921875,1789858604.4947243,0
time/step,131,896.4521484375,1789859500.9611723,0
time/step,132,904.5872192382812,1789860405.5614967,0
time/step,133,916.0654907226562,1789861321.6388657,0
time/step,134,921.0487060546875,1789862242.7008188,0
time/step,135,1342.93603515625,1789863585.659598,0
time/step,136,934.5419311523438,1789864520.2147508,0
time/step,137,899.7072143554688,1789865419.934724,0
time/step,138,897.9456787109375,1789866317.8927734,0
time/step,139,906.2400512695312,1789867224.1456559,0
time/step,140,1395.648681640625,1789868619.8076637,0
time/step,141,898.3661499023438,1789869518.1870732,0
time/step,142,890.7063598632812,1789870408.9064198,0
time/step,143,915.32666015625,1789871324.246516,0
time/step,144,893.001220703125,1789872217.2607565,0
time/step,145,1328.7935791015625,1789873546.0747623,0
time/step,146,916.48828125,1789874462.5777628,0
time/step,147,893.9984741210938,1789875356.5899491,0
time/step,148,929.1035766601562,1789876285.7068956,0
time/env/env/bootstrap_step,1,561.122802734375,1789735381.1781867,0
time/env/env/bootstrap_step,2,576.9857788085938,1789736158.312241,0
time/env/env/bootstrap_step,3,573.864990234375,1789736932.363933,0
time/env/env/bootstrap_step,4,577.703857421875,1789737712.3839278,0
time/env/env/bootstrap_step,5,569.4717407226562,1789738848.061995,0
time/env/env/bootstrap_step,6,607.4497680664062,1789739665.6958869,0
time/env/env/bootstrap_step,7,599.1729125976562,1789740462.6896267,0
time/env/env/bootstrap_step,8,610.9869995117188,1789741284.2968442,0
time/env/env/bootstrap_step,9,594.924072265625,1789742089.670772,0
time/env/env/bootstrap_step,10,605.699462890625,1789743347.879922,0
time/env/env/bootstrap_step,11,646.9887084960938,1789744207.2093706,0
time/env/env/bootstrap_step,12,643.9400634765625,1789745056.182843,0
time/env/env/bootstrap_step,13,624.2987670898438,1789745898.474177,0
time/env/env/bootstrap_step,14,611.4021606445312,1789746730.278125,0
time/env/env/bootstrap_step,15,621.3897094726562,1789747942.3712678,0
time/env/env/bootstrap_step,16,619.2274780273438,1789748774.97668,0
time/env/env/bootstrap_step,17,621.5845336914062,1789749617.7077193,0
time/env/env/bootstrap_step,18,599.3493041992188,1789750438.1757991,0
time/env/env/bootstrap_step,19,610.8484497070312,1789751264.4231777,0
time/env/env/bootstrap_step,20,612.3743286132812,1789752529.3236964,0
time/env/env/bootstrap_step,21,610.9879760742188,1789753344.535678,0
time/env/env/bootstrap_step,22,621.975341796875,1789754176.8142014,0
time/env/env/bootstrap_step,23,623.3349609375,1789755010.2259018,0
time/env/env/bootstrap_step,24,636.801025390625,1789755859.705353,0
time/env/env/bootstrap_step,25,638.9534912109375,1789757090.5707633,0
time/env/env/bootstrap_step,26,653.3236694335938,1789757960.932277,0
time/env/env/bootstrap_step,27,622.2896728515625,1789758804.3879848,0
time/env/env/bootstrap_step,28,656.5502319335938,1789759671.6430144,0
time/env/env/bootstrap_step,29,635.3228759765625,1789760512.355371,0
time/env/env/bootstrap_step,30,633.12939453125,1789761821.0383818,0
time/env/env/bootstrap_step,31,653.61181640625,1789762701.7584772,0
time/env/env/bootstrap_step,32,650.847412109375,1789763583.587535,0
time/env/env/bootstrap_step,33,640.8761596679688,1789764439.5961032,0
time/env/env/bootstrap_step,34,643.1082153320312,1789765303.1600616,0
time/env/env/bootstrap_step,35,655.0929565429688,1789766576.859384,0
time/env/env/bootstrap_step,36,654.0455322265625,1789767456.9454968,0
time/env/env/bootstrap_step,37,636.2747802734375,1789768311.1010149,0
time/env/env/bootstrap_step,38,642.3917236328125,1789769149.8316162,0
time/env/env/bootstrap_step,39,652.151611328125,1789770004.5242088,0
time/env/env/bootstrap_step,40,655.7886962890625,1789771319.4129038,0
time/env/env/bootstrap_step,41,657.6385498046875,1789772195.235444,0
time/env/env/bootstrap_step,42,652.0222778320312,1789773056.1750607,0
time/env/env/bootstrap_step,43,641.257568359375,1789773912.5951502,0
time/env/env/bootstrap_step,44,631.4540405273438,1789774779.9670484,0
time/env/env/bootstrap_step,45,630.6080322265625,1789776009.453563,0
time/env/env/bootstrap_step,46,641.365234375,1789776858.1645305,0
time/env/env/bootstrap_step,47,640.1066284179688,1789777727.6038446,0
time/env/env/bootstrap_step,48,646.4520874023438,1789778587.5727317,0
time/env/env/bootstrap_step,49,644.3218994140625,1789779450.0539732,0
time/env/env/bootstrap_step,50,652.4306030273438,1789780757.7266943,0
time/env/env/bootstrap_step,51,629.3997802734375,1789781598.4310803,0
time/env/env/bootstrap_step,52,657.7484130859375,1789782457.998447,0
time/env/env/bootstrap_step,53,663.5565185546875,1789783335.6953266,0
time/env/env/bootstrap_step,54,648.38720703125,1789784199.8605034,0
time/env/env/bootstrap_step,55,646.8721313476562,1789785454.8400779,0
time/env/env/bootstrap_step,56,675.201904296875,1789786349.0629752,0
time/env/env/bootstrap_step,57,657.8773193359375,1789787220.0623324,0
time/env/env/bootstrap_step,58,664.2258911132812,1789788098.7088785,0
time/env/env/bootstrap_step,59,646.9246826171875,1789788982.3455365,0
time/env/env/bootstrap_step,60,650.6978149414062,1789790306.3589158,0
time/env/env/bootstrap_step,61,647.9408569335938,1789791172.7601402,0
time/env/env/bootstrap_step,62,624.6798706054688,1789792032.8218627,0
time/env/env/bootstrap_step,63,640.0,1789792890.8275588,0
time/env/env/bootstrap_step,64,662.3428344726562,1789793764.938351,0
time/env/env/bootstrap_step,65,644.2265014648438,1789795027.8142824,0
time/env/env/bootstrap_step,66,664.10888671875,1789795901.7052069,0
time/env/env/bootstrap_step,67,665.1449584960938,1789796782.4729733,0
time/env/env/bootstrap_step,68,669.446044921875,1789797666.4916668,0
time/env/env/bootstrap_step,69,652.5811767578125,1789798529.0209985,0
time/env/env/bootstrap_step,70,671.2054443359375,1789799875.5470216,0
time/env/env/bootstrap_step,71,643.5298461914062,1789800740.3203886,0
time/env/env/bootstrap_step,72,655.7196655273438,1789801632.6714144,0
time/env/env/bootstrap_step,73,649.1765747070312,1789802511.2894564,0
time/env/env/bootstrap_step,74,674.7560424804688,1789803399.522896,0
time/env/env/bootstrap_step,75,685.7078247070312,1789804709.1153088,0
time/env/env/bootstrap_step,76,641.9286499023438,1789805572.0163815,0
time/env/env/bootstrap_step,77,647.2109375,1789806438.079495,0
time/env/env/bootstrap_step,78,651.3396606445312,1789807311.8907037,0
time/env/env/bootstrap_step,79,643.981201171875,1789808161.613986,0
time/env/env/bootstrap_step,80,640.2581176757812,1789809490.2914443,0
time/env/env/bootstrap_step,81,663.4057006835938,1789810380.0967624,0
time/env/env/bootstrap_step,82,654.8656005859375,1789811260.4599948,0
time/env/env/bootstrap_step,83,660.9777221679688,1789812153.2415266,0
time/env/env/bootstrap_step,84,646.2009887695312,1789813033.9450357,0
time/env/env/bootstrap_step,85,643.498046875,1789814312.205215,0
time/env/env/bootstrap_step,86,683.102783203125,1789815198.476376,0
time/env/env/bootstrap_step,87,685.3886108398438,1789816092.080702,0
time/env/env/bootstrap_step,88,676.8087158203125,1789816977.7833726,0
time/env/env/bootstrap_step,89,658.1838989257812,1789817875.811423,0
time/env/env/bootstrap_step,90,673.45458984375,1789819258.6133707,0
time/env/env/bootstrap_step,91,669.7914428710938,1789820165.0578122,0
time/env/env/bootstrap_step,92,655.718994140625,1789821060.8192239,0
time/env/env/bootstrap_step,93,692.0802612304688,1789821959.3848886,0
time/env/env/bootstrap_step,94,662.2357788085938,1789822844.5019896,0
time/env/env/bootstrap_step,95,667.13134765625,1789824159.9595275,0
time/env/env/bootstrap_step,96,676.6576538085938,1789825054.5682578,0
time/env/env/bootstrap_step,97,672.9137573242188,1789825948.538809,0
time/env/env/bootstrap_step,98,677.64501953125,1789826861.0125797,0
time/env/env/bootstrap_step,99,680.2208862304688,1789827745.5780332,0
time/env/env/bootstrap_step,100,678.8130493164062,1789829118.2357998,0
time/env/env/bootstrap_step,101,662.5978393554688,1789830009.8318143,0
time/env/env/bootstrap_step,102,662.5032958984375,1789830915.9248946,0
time/env/env/bootstrap_step,103,663.6512451171875,1789831806.637967,0
time/env/env/bootstrap_step,104,687.2011108398438,1789832718.998548,0
time/env/env/bootstrap_step,105,665.9080810546875,1789834041.4822795,0
time/env/env/bootstrap_step,106,717.745849609375,1789834981.8539615,0
time/env/env/bootstrap_step,107,661.35205078125,1789835868.4318109,0
time/env/env/bootstrap_step,108,650.0885009765625,1789836735.7078836,0
time/env/env/bootstrap_step,109,643.6358642578125,1789837618.1302142,0
time/env/env/bootstrap_step,110,656.0968627929688,1789838967.504814,0
time/env/env/bootstrap_step,111,672.2413330078125,1789839873.9475307,0
time/env/env/bootstrap_step,112,657.3004760742188,1789840774.8565247,0
time/env/env/bootstrap_step,113,645.1471557617188,1789841662.7337105,0
time/env/env/bootstrap_step,114,677.727294921875,1789842563.6537688,0
time/env/env/bootstrap_step,115,695.0438842773438,1789843890.6737232,0
time/env/env/bootstrap_step,116,662.689453125,1789844788.2111232,0
time/env/env/bootstrap_step,117,671.8358764648438,1789845696.536858,0
time/env/env/bootstrap_step,118,657.4442749023438,1789846589.4158323,0
time/env/env/bootstrap_step,119,653.842041015625,1789847480.2846684,0
time/env/env/bootstrap_step,120,654.9619750976562,1789848833.6248438,0
time/env/env/bootstrap_step,121,692.9464111328125,1789849726.8692698,0
time/env/env/bootstrap_step,122,679.9830322265625,1789850608.2750304,0
time/env/env/bootstrap_step,123,675.1476440429688,1789851504.2522745,0
time/env/env/bootstrap_step,124,661.08056640625,1789852381.7222412,0
time/env/env/bootstrap_step,125,677.9422607421875,1789853698.2228138,0
time/env/env/bootstrap_step,126,691.0099487304688,1789854595.697775,0
time/env/env/bootstrap_step,127,662.521240234375,1789855482.7762423,0
time/env/env/bootstrap_step,128,653.8436279296875,1789856378.0272875,0
time/env/env/bootstrap_step,129,661.9429321289062,1789857265.1447475,0
time/env/env/bootstrap_step,130,635.1656494140625,1789858604.4947312,0
time/env/env/bootstrap_step,131,677.2460327148438,1789859500.961179,0
time/env/env/bootstrap_step,132,693.8065185546875,1789860405.5615036,0
time/env/env/bootstrap_step,133,706.453369140625,1789861321.6388724,0
time/env/env/bootstrap_step,134,711.91796875,1789862242.7008307,0
time/env/env/bootstrap_step,135,686.3523559570312,1789863585.6596045,0
time/env/env/bootstrap_step,136,706.666015625,1789864520.2147572,0
time/env/env/bootstrap_step,137,665.8850708007812,1789865419.934731,0
time/env/env/bootstrap_step,138,677.53173828125,1789866317.8927798,0
time/env/env/bootstrap_step,139,679.1829833984375,1789867224.1456623,0
time/env/env/bootstrap_step,140,703.44775390625,1789868619.8076708,0
time/env/env/bootstrap_step,141,665.2721557617188,1789869518.1870806,0
time/env/env/bootstrap_step,142,649.3095092773438,1789870408.9064264,0
time/env/env/bootstrap_step,143,666.9061889648438,1789871324.2465227,0
time/env/env/bootstrap_step,144,670.7353515625,1789872217.2607632,0
time/env/env/bootstrap_step,145,657.6342163085938,1789873546.0747688,0
time/env/env/bootstrap_step,146,684.3885498046875,1789874462.5777695,0
time/env/env/bootstrap_step,147,658.8370361328125,1789875356.5899608,0
time/env/env/bootstrap_step,148,677.45654296875,1789876285.706902,0
time/env/compute_bootstrap_rewards,1,0.0007892944850027561,1789735381.1781938,0
time/env/compute_bootstrap_rewards,2,0.0007293554954230785,1789736158.3122475,0
time/env/compute_bootstrap_rewards,3,0.000832095742225647,1789736932.3639398,0
time/env/compute_bootstrap_rewards,4,0.0007735826075077057,1789737712.3839347,0
time/env/compute_bootstrap_rewards,5,0.0007289382629096508,1789738848.0620017,0
time/env/compute_bootstrap_rewards,6,0.000802983995527029,1789739665.6958935,0
time/env/compute_bootstrap_rewards,7,0.000780126079916954,1789740462.6896331,0
time/env/compute_bootstrap_rewards,8,0.0007254034280776978,1789741284.2968512,0
time/env/compute_bootstrap_rewards,9,0.0007543805986642838,1789742089.670779,0
time/env/compute_bootstrap_rewards,10,0.0007889964617788792,1789743347.8799293,0
time/env/compute_bootstrap_rewards,11,0.0007330533117055893,1789744207.209377,0
time/env/compute_bootstrap_rewards,12,0.0007782033644616604,1789745056.18285,0
time/env/compute_bootstrap_rewards,13,0.0007362198084592819,1789745898.474183,0
time/env/compute_bootstrap_rewards,14,0.0007602623663842678,1789746730.2781317,0
time/env/compute_bootstrap_rewards,15,0.000698375515639782,1789747942.3712764,0
time/env/compute_bootstrap_rewards,16,0.0007154191844165325,1789748774.9766865,0
time/env/compute_bootstrap_rewards,17,0.0006981240585446358,1789749617.707727,0
time/env/compute_bootstrap_rewards,18,0.000732585322111845,1789750438.1758053,0
time/env/compute_bootstrap_rewards,19,0.0010995492339134216,1789751264.4231844,0
time/env/compute_bootstrap_rewards,20,0.0007574530318379402,1789752529.323703,0
time/env/compute_bootstrap_rewards,21,0.0007473090663552284,1789753344.5356846,0
time/env/compute_bootstrap_rewards,22,0.0006948048248887062,1789754176.814208,0
time/env/compute_bootstrap_rewards,23,0.0006595766171813011,1789755010.2259088,0
time/env/compute_bootstrap_rewards,24,0.0006976812146604061,1789755859.7053595,0
time/env/compute_bootstrap_rewards,25,0.0006780326366424561,1789757090.5707705,0
time/env/compute_bootstrap_rewards,26,0.000760348979383707,1789757960.9322834,0
time/env/compute_bootstrap_rewards,27,0.0007378347218036652,1789758804.3879912,0
time/env/compute_bootstrap_rewards,28,0.0006893808022141457,1789759671.6430209,0
time/env/compute_bootstrap_rewards,29,0.000632749404758215,1789760512.35538,0
time/env/compute_bootstrap_rewards,30,0.0007248204201459885,1789761821.0383892,0
time/env/compute_bootstrap_rewards,31,0.0006648455746471882,1789762701.7584844,0
time/env/compute_bootstrap_rewards,32,0.0006468719802796841,1789763583.5875423,0
time/env/compute_bootstrap_rewards,33,0.0006442605517804623,1789764439.5961099,0
time/env/compute_bootstrap_rewards,34,0.0006457655690610409,1789765303.1600688,0
time/env/compute_bootstrap_rewards,35,0.0006621303036808968,1789766576.8593905,0
time/env/compute_bootstrap_rewards,36,0.0006795590743422508,1789767456.945503,0
time/env/compute_bootstrap_rewards,37,0.0007172888144850731,1789768311.1010215,0
time/env/compute_bootstrap_rewards,38,0.000712255947291851,1789769149.8316228,0
time/env/compute_bootstrap_rewards,39,0.0006826878525316715,1789770004.5242157,0
time/env/compute_bootstrap_rewards,40,0.000658323522657156,1789771319.41291,0
time/env/compute_bootstrap_rewards,41,0.0006578466854989529,1789772195.2354503,0
time/env/compute_bootstrap_rewards,42,0.0006688288412988186,1789773056.1750672,0
time/env/compute_bootstrap_rewards,43,0.0006794263608753681,1789773912.5951574,0
time/env/compute_bootstrap_rewards,44,0.0017696283757686615,1789774779.9670553,0
time/env/compute_bootstrap_rewards,45,0.0008161738514900208,1789776009.45357,0
time/env/compute_bootstrap_rewards,46,0.0006775977090001106,1789776858.1645377,0
time/env/compute_bootstrap_rewards,47,0.0006280257366597652,1789777727.603851,0
time/env/compute_bootstrap_rewards,48,0.0006375992670655251,1789778587.5727408,0
time/env/compute_bootstrap_rewards,49,0.0006975699216127396,1789779450.0539799,0
time/env/compute_bootstrap_rewards,50,0.0006302753463387489,1789780757.726701,0
time/env/compute_bootstrap_rewards,51,0.00072117755189538,1789781598.4310868,0
time/env/compute_bootstrap_rewards,52,0.0006304359994828701,1789782457.9984531,0
time/env/compute_bootstrap_rewards,53,0.000802328810095787,1789783335.6953328,0
time/env/compute_bootstrap_rewards,54,0.0006235172040760517,1789784199.86051,0
time/env/compute_bootstrap_rewards,55,0.0006464193575084209,1789785454.8400843,0
time/env/compute_bootstrap_rewards,56,0.0006081471219658852,1789786349.062982,0
time/env/compute_bootstrap_rewards,57,0.0006614192388951778,1789787220.06234,0
time/env/compute_bootstrap_rewards,58,0.0006600101478397846,1789788098.7088852,0
time/env/compute_bootstrap_rewards,59,0.00069756293669343,1789788982.3455472,0
time/env/compute_bootstrap_rewards,60,0.0006484384648501873,1789790306.358922,0
time/env/compute_bootstrap_rewards,61,0.0006626774556934834,1789791172.7601469,0
time/env/compute_bootstrap_rewards,62,0.0006950818933546543,1789792032.8218718,0
time/env/compute_bootstrap_rewards,63,0.000709229614585638,1789792890.8275652,0
time/env/compute_bootstrap_rewards,64,0.0006521097384393215,1789793764.9383576,0
time/env/compute_bootstrap_rewards,65,0.0006643715314567089,1789795027.8142889,0
time/env/compute_bootstrap_rewards,66,0.0007173316553235054,1789795901.705213,0
time/env/compute_bootstrap_rewards,67,0.0006880513392388821,1789796782.4729798,0
time/env/compute_bootstrap_rewards,68,0.0006127641536295414,1789797666.491673,0
time/env/compute_bootstrap_rewards,69,0.0006069829687476158,1789798529.0210054,0
time/env/compute_bootstrap_rewards,70,0.0006206301040947437,1789799875.5470285,0
time/env/compute_bootstrap_rewards,71,0.0006760554388165474,1789800740.3203952,0
time/env/compute_bootstrap_rewards,72,0.0006538187153637409,1789801632.6714208,0
time/env/compute_bootstrap_rewards,73,0.0006837993860244751,1789802511.2894628,0
time/env/compute_bootstrap_rewards,74,0.0006248760037124157,1789803399.522903,0
time/env/compute_bootstrap_rewards,75,0.0006276643835008144,1789804709.1153157,0
time/env/compute_bootstrap_rewards,76,0.0006644716486334801,1789805572.0163882,0
time/env/compute_bootstrap_rewards,77,0.0006503229960799217,1789806438.0795019,0
time/env/compute_bootstrap_rewards,78,0.0006505516357719898,1789807311.8907104,0
time/env/compute_bootstrap_rewards,79,0.0006686346605420113,1789808161.613993,0
time/env/compute_bootstrap_rewards,80,0.0006246003322303295,1789809490.291451,0
time/env/compute_bootstrap_rewards,81,0.0006531882099807262,1789810380.0967693,0
time/env/compute_bootstrap_rewards,82,0.0006557004526257515,1789811260.4600015,0
time/env/compute_bootstrap_rewards,83,0.0006094635464251041,1789812153.2415354,0
time/env/compute_bootstrap_rewards,84,0.0007616272196173668,1789813033.945043,0
time/env/compute_bootstrap_rewards,85,0.0006771497428417206,1789814312.2052214,0
time/env/compute_bootstrap_rewards,86,0.0006756125949323177,1789815198.4763825,0
time/env/compute_bootstrap_rewards,87,0.0006488356739282608,1789816092.0807111,0
time/env/compute_bootstrap_rewards,88,0.0006256946362555027,1789816977.7833793,0
time/env/compute_bootstrap_rewards,89,0.0006313147023320198,1789817875.8114293,0
time/env/compute_bootstrap_rewards,90,0.000655661802738905,1789819258.613377,0
time/env/compute_bootstrap_rewards,91,0.0006456994451582432,1789820165.057819,0
time/env/compute_bootstrap_rewards,92,0.0006212634034454823,1789821060.8192306,0
time/env/compute_bootstrap_rewards,93,0.000658184289932251,1789821959.3848946,0
time/env/compute_bootstrap_rewards,94,0.0006888792850077152,1789822844.501996,0
time/env/compute_bootstrap_rewards,95,0.0006633042357861996,1789824159.9595342,0
time/env/compute_bootstrap_rewards,96,0.0006052185781300068,1789825054.568265,0
time/env/compute_bootstrap_rewards,97,0.0006618164479732513,1789825948.5388157,0
time/env/compute_bootstrap_rewards,98,0.0006935382261872292,1789826861.0125895,0
time/env/compute_bootstrap_rewards,99,0.0006601298227906227,1789827745.5780396,0
time/env/compute_bootstrap_rewards,100,0.0006738351657986641,1789829118.2358067,0
time/env/compute_bootstrap_rewards,101,0.0006368784233927727,1789830009.831821,0
time/env/compute_bootstrap_rewards,102,0.0006491984240710735,1789830915.924911,0
time/env/compute_bootstrap_rewards,103,0.0006716265343129635,1789831806.6379735,0
time/env/compute_bootstrap_rewards,104,0.0006890930235385895,1789832718.9985547,0
time/env/compute_bootstrap_rewards,105,0.0005998294800519943,1789834041.4822857,0
time/env/compute_bootstrap_rewards,106,0.0005828323774039745,1789834981.8539696,0
time/env/compute_bootstrap_rewards,107,0.000597233884036541,1789835868.4318178,0
time/env/compute_bootstrap_rewards,108,0.0006104763597249985,1789836735.7078905,0
time/env/compute_bootstrap_rewards,109,0.0006509209051728249,1789837618.1302211,0
time/env/compute_bootstrap_rewards,110,0.0006323899142444134,1789838967.504821,0
time/env/compute_bootstrap_rewards,111,0.0006755050271749496,1789839873.947537,0
time/env/compute_bootstrap_rewards,112,0.0006122775375843048,1789840774.8565316,0
time/env/compute_bootstrap_rewards,113,0.0006587500683963299,1789841662.7337172,0
time/env/compute_bootstrap_rewards,114,0.0006183278746902943,1789842563.6537755,0
time/env/compute_bootstrap_rewards,115,0.0006084186024963856,1789843890.6737301,0
time/env/compute_bootstrap_rewards,116,0.0006475993432104588,1789844788.2111294,0
time/env/compute_bootstrap_rewards,117,0.0006465748883783817,1789845696.5368648,0
time/env/compute_bootstrap_rewards,118,0.0006465325132012367,1789846589.4158387,0
time/env/compute_bootstrap_rewards,119,0.0006064213812351227,1789847480.284675,0
time/env/compute_bootstrap_rewards,120,0.0006462200544774532,1789848833.6248505,0
time/env/compute_bootstrap_rewards,121,0.0005704001523554325,1789849726.8692768,0
time/env/compute_bootstrap_rewards,122,0.0005907090380787849,1789850608.2750409,0
time/env/compute_bootstrap_rewards,123,0.0006002746522426605,1789851504.2522812,0
time/env/compute_bootstrap_rewards,124,0.0006473693065345287,1789852381.7222478,0
time/env/compute_bootstrap_rewards,125,0.0006740223616361618,1789853698.22282,0
time/env/compute_bootstrap_rewards,126,0.0005750474520027637,1789854595.6977813,0
time/env/compute_bootstrap_rewards,127,0.0006161164492368698,1789855482.776249,0
time/env/compute_bootstrap_rewards,128,0.0007502473890781403,1789856378.027294,0
time/env/compute_bootstrap_rewards,129,0.0006417282857000828,1789857265.1447546,0
time/env/compute_bootstrap_rewards,130,0.0017502321861684322,1789858604.4947376,0
time/env/compute_bootstrap_rewards,131,0.0006461851298809052,1789859500.9611857,0
time/env/compute_bootstrap_rewards,132,0.0006331782788038254,1789860405.5615106,0
time/env/compute_bootstrap_rewards,133,0.0008543054573237896,1789861321.638879,0
time/env/compute_bootstrap_rewards,134,0.0006659147329628468,1789862242.700841,0
time/env/compute_bootstrap_rewards,135,0.000675734132528305,1789863585.6596105,0
time/env/compute_bootstrap_rewards,136,0.0006312630139291286,1789864520.214764,0
time/env/compute_bootstrap_rewards,137,0.0005943533033132553,1789865419.9347374,0
time/env/compute_bootstrap_rewards,138,0.0005982420407235622,1789866317.8927863,0
time/env/compute_bootstrap_rewards,139,0.0006602169014513493,1789867224.1456687,0
time/env/compute_bootstrap_rewards,140,0.0005873502232134342,1789868619.8076775,0
time/env/compute_bootstrap_rewards,141,0.0006027296185493469,1789869518.1870875,0
time/env/compute_bootstrap_rewards,142,0.0006018895655870438,1789870408.9064329,0
time/env/compute_bootstrap_rewards,143,0.0005714194849133492,1789871324.246529,0
time/env/compute_bootstrap_rewards,144,0.0006310679018497467,1789872217.2607698,0
time/env/compute_bootstrap_rewards,145,0.0006361226551234722,1789873546.0747752,0
time/env/compute_bootstrap_rewards,146,0.0006243358366191387,1789874462.577776,0
time/env/compute_bootstrap_rewards,147,0.0006332779303193092,1789875356.5899708,0
time/env/compute_bootstrap_rewards,148,0.0007247151806950569,1789876285.7069085,0
time/env/env_interact_step,1,161.8945770263672,1789735381.1782007,0
time/env/env_interact_step,2,167.44602966308594,1789736158.3122537,0
time/env/env_interact_step,3,165.54051208496094,1789736932.3639462,0
time/env/env_interact_step,4,171.28514099121094,1789737712.3839412,0
time/env/env_interact_step,5,165.6190185546875,1789738848.0620084,0
time/env/env_interact_step,6,181.94586181640625,1789739665.6958997,0
time/env/env_interact_step,7,171.3457489013672,1789740462.6896389,0
time/env/env_interact_step,8,179.87086486816406,1789741284.2968576,0
time/env/env_interact_step,9,172.7639923095703,1789742089.6707854,0
time/env/env_interact_step,10,178.2709197998047,1789743347.8799355,0
time/env/env_interact_step,11,184.4197235107422,1789744207.2093837,0
time/env/env_interact_step,12,180.80029296875,1789745056.1828568,0
time/env/env_interact_step,13,177.7672119140625,1789745898.4741895,0
time/env/env_interact_step,14,181.94717407226562,1789746730.278138,0
time/env/env_interact_step,15,174.81236267089844,1789747942.3712826,0
time/env/env_interact_step,16,179.0796356201172,1789748774.9766924,0
time/env/env_interact_step,17,182.77706909179688,1789749617.7077332,0
time/env/env_interact_step,18,182.09690856933594,1789750438.1758115,0
time/env/env_interact_step,19,168.2679901123047,1789751264.423191,0
time/env/env_interact_step,20,173.10958862304688,1789752529.3237092,0
time/env/env_interact_step,21,169.38858032226562,1789753344.535691,0
time/env/env_interact_step,22,178.16529846191406,1789754176.8142142,0
time/env/env_interact_step,23,179.5386505126953,1789755010.2259152,0
time/env/env_interact_step,24,182.19630432128906,1789755859.7053654,0
time/env/env_interact_step,25,182.27325439453125,1789757090.570777,0
time/env/env_interact_step,26,170.72329711914062,1789757960.9322898,0
time/env/env_interact_step,27,182.45361328125,1789758804.3879979,0
time/env/env_interact_step,28,180.9062957763672,1789759671.6430275,0
time/env/env_interact_step,29,175.50750732421875,1789760512.355387,0
time/env/env_interact_step,30,196.56283569335938,1789761821.0383961,0
time/env/env_interact_step,31,170.78207397460938,1789762701.758491,0
time/env/env_interact_step,32,199.9693603515625,1789763583.5875492,0
time/env/env_interact_step,33,183.79269409179688,1789764439.5961163,0
time/env/env_interact_step,34,189.7631378173828,1789765303.160075,0
time/env/env_interact_step,35,183.0865020751953,1789766576.859397,0
time/env/env_interact_step,36,186.05810546875,1789767456.9455094,0
time/env/env_interact_step,37,175.6199188232422,1789768311.1010277,0
time/env/env_interact_step,38,167.5703582763672,1789769149.831629,0
time/env/env_interact_step,39,182.409423828125,1789770004.5242221,0
time/env/env_interact_step,40,171.4618377685547,1789771319.4129164,0
time/env/env_interact_step,41,191.49961853027344,1789772195.2354574,0
time/env/env_interact_step,42,180.39218139648438,1789773056.1750736,0
time/env/env_interact_step,43,185.23727416992188,1789773912.5951643,0
time/env/env_interact_step,44,191.97802734375,1789774779.9670618,0
time/env/env_interact_step,45,174.9210205078125,1789776009.4535766,0
time/env/env_interact_step,46,180.0505828857422,1789776858.1645436,0
time/env/env_interact_step,47,199.0806121826172,1789777727.6038578,0
time/env/env_interact_step,48,184.4888458251953,1789778587.5727499,0
time/env/env_interact_step,49,187.20965576171875,1789779450.0539863,0
time/env/env_interact_step,50,187.00540161132812,1789780757.7267075,0
time/env/env_interact_step,51,175.74661254882812,1789781598.4310935,0
time/env/env_interact_step,52,186.6771240234375,1789782457.9984598,0
time/env/env_interact_step,53,184.49136352539062,1789783335.6953394,0
time/env/env_interact_step,54,190.72000122070312,1789784199.8605168,0
time/env/env_interact_step,55,192.43235778808594,1789785454.840091,0
time/env/env_interact_step,56,178.6038055419922,1789786349.0629885,0
time/env/env_interact_step,57,177.86131286621094,1789787220.062347,0
time/env/env_interact_step,58,174.297607421875,1789788098.7088914,0
time/env/env_interact_step,59,205.0870361328125,1789788982.3455567,0
time/env/env_interact_step,60,189.84060668945312,1789790306.3589282,0
time/env/env_interact_step,61,191.81069946289062,1789791172.7601535,0
time/env/env_interact_step,62,205.67990112304688,1789792032.821881,0
time/env/env_interact_step,63,189.33523559570312,1789792890.8275719,0
time/env/env_interact_step,64,172.1435089111328,1789793764.9383643,0
time/env/env_interact_step,65,184.5706024169922,1789795027.8142958,0
time/env/env_interact_step,66,193.57139587402344,1789795901.7052193,0
time/env/env_interact_step,67,192.92762756347656,1789796782.4729865,0
time/env/env_interact_step,68,184.95144653320312,1789797666.4916794,0
time/env/env_interact_step,69,182.52330017089844,1789798529.021012,0
time/env/env_interact_step,70,176.8040313720703,1789799875.5470352,0
time/env/env_interact_step,71,184.8184356689453,1789800740.3204021,0
time/env/env_interact_step,72,206.65406799316406,1789801632.6714275,0
time/env/env_interact_step,73,188.0826873779297,1789802511.2894692,0
time/env/env_interact_step,74,189.64768981933594,1789803399.5229094,0
time/env/env_interact_step,75,184.3876495361328,1789804709.1153224,0
time/env/env_interact_step,76,184.71786499023438,1789805572.0163941,0
time/env/env_interact_step,77,182.6566925048828,1789806438.079509,0
time/env/env_interact_step,78,181.06845092773438,1789807311.890716,0
time/env/env_interact_step,79,175.27442932128906,1789808161.6139994,0
time/env/env_interact_step,80,180.78428649902344,1789809490.2914577,0
time/env/env_interact_step,81,192.55006408691406,1789810380.096776,0
time/env/env_interact_step,82,185.8802032470703,1789811260.4600081,0
time/env/env_interact_step,83,189.10964965820312,1789812153.241545,0
time/env/env_interact_step,84,191.02101135253906,1789813033.9450498,0
time/env/env_interact_step,85,197.1112060546875,1789814312.2052276,0
time/env/env_interact_step,86,182.77890014648438,1789815198.4763887,0
time/env/env_interact_step,87,181.96438598632812,1789816092.0807202,0
time/env/env_interact_step,88,186.72872924804688,1789816977.7833862,0
time/env/env_interact_step,89,181.52503967285156,1789817875.8114357,0
time/env/env_interact_step,90,185.72763061523438,1789819258.613383,0
time/env/env_interact_step,91,208.7947235107422,1789820165.0578258,0
time/env/env_interact_step,92,197.47525024414062,1789821060.8192368,0
time/env/env_interact_step,93,198.7946319580078,1789821959.3849008,0
time/env/env_interact_step,94,194.53244018554688,1789822844.502003,0
time/env/env_interact_step,95,195.93307495117188,1789824159.9595444,0
time/env/env_interact_step,96,182.85165405273438,1789825054.5682716,0
time/env/env_interact_step,97,184.73837280273438,1789825948.5388222,0
time/env/env_interact_step,98,179.16940307617188,1789826861.012599,0
time/env/env_interact_step,99,179.22349548339844,1789827745.5780458,0
time/env/env_interact_step,100,184.71327209472656,1789829118.2358131,0
time/env/env_interact_step,101,192.2624969482422,1789830009.8318272,0
time/env/env_interact_step,102,199.92518615722656,1789830915.9249215,0
time/env/env_interact_step,103,194.48165893554688,1789831806.6379797,0
time/env/env_interact_step,104,185.70126342773438,1789832718.9985616,0
time/env/env_interact_step,105,211.25425720214844,1789834041.4822927,0
time/env/env_interact_step,106,205.9696502685547,1789834981.8539777,0
time/env/env_interact_step,107,194.98265075683594,1789835868.4318247,0
time/env/env_interact_step,108,177.6814727783203,1789836735.7078965,0
time/env/env_interact_step,109,183.10731506347656,1789837618.1302276,0
time/env/env_interact_step,110,178.9773712158203,1789838967.5048275,0
time/env/env_interact_step,111,207.46945190429688,1789839873.9475434,0
time/env/env_interact_step,112,200.23422241210938,1789840774.8565383,0
time/env/env_interact_step,113,212.0609893798828,1789841662.7337239,0
time/env/env_interact_step,114,192.69638061523438,1789842563.6537817,0
time/env/env_interact_step,115,191.47242736816406,1789843890.6737368,0
time/env/env_interact_step,116,192.23106384277344,1789844788.2111356,0
time/env/env_interact_step,117,192.83233642578125,1789845696.5368712,0
time/env/env_interact_step,118,192.11041259765625,1789846589.4158454,0
time/env/env_interact_step,119,192.6931915283203,1789847480.2846816,0
time/env/env_interact_step,120,190.14419555664062,1789848833.6248572,0
time/env/env_interact_step,121,174.12588500976562,1789849726.8692834,0
time/env/env_interact_step,122,187.4186553955078,1789850608.275051,0
time/env/env_interact_step,123,190.7096710205078,1789851504.2522871,0
time/env/env_interact_step,124,184.8714141845703,1789852381.722254,0
time/env/env_interact_step,125,215.4688720703125,1789853698.2228262,0
time/env/env_interact_step,126,193.1849822998047,1789854595.6977873,0
time/env/env_interact_step,127,195.27740478515625,1789855482.7762551,0
time/env/env_interact_step,128,213.8947296142578,1789856378.0273006,0
time/env/env_interact_step,129,195.24371337890625,1789857265.1447616,0
time/env/env_interact_step,130,193.47610473632812,1789858604.494744,0
time/env/env_interact_step,131,180.07302856445312,1789859500.9611924,0
time/env/env_interact_step,132,184.49810791015625,1789860405.561517,0
time/env/env_interact_step,133,188.13031005859375,1789861321.6388853,0
time/env/env_interact_step,134,184.8378143310547,1789862242.700851,0
time/env/env_interact_step,135,177.39614868164062,1789863585.659617,0
time/env/env_interact_step,136,198.16424560546875,1789864520.2147703,0
time/env/env_interact_step,137,191.0619659423828,1789865419.9347441,0
time/env/env_interact_step,138,191.4027557373047,1789866317.8927925,0
time/env/env_interact_step,139,196.8402862548828,1789867224.1456754,0
time/env/env_interact_step,140,179.39247131347656,1789868619.8076832,0
time/env/env_interact_step,141,183.8182373046875,1789869518.187094,0
time/env/env_interact_step,142,197.44154357910156,1789870408.906439,0
time/env/env_interact_step,143,218.6631622314453,1789871324.2465358,0
time/env/env_interact_step,144,195.4271240234375,1789872217.2607763,0
time/env/env_interact_step,145,197.52549743652344,1789873546.074782,0
time/env/env_interact_step,146,177.72189331054688,1789874462.577782,0
time/env/env_interact_step,147,193.47950744628906,1789875356.5899808,0
time/env/env_interact_step,148,201.67604064941406,1789876285.7069147,0
time/env/env/send_rollout_trajectories,1,0.6476168632507324,1789735381.1782072,0
time/env/env/send_rollout_trajectories,2,0.6103259325027466,1789736158.3122604,0
time/env/env/send_rollout_trajectories,3,0.5493974089622498,1789736932.363953,0
time/env/env/send_rollout_trajectories,4,0.5496485233306885,1789737712.3839476,0
time/env/env/send_rollout_trajectories,5,0.5752430558204651,1789738848.062015,0
time/env/env/send_rollout_trajectories,6,0.61688232421875,1789739665.6959062,0
time/env/env/send_rollout_trajectories,7,0.552278995513916,1789740462.6896448,0
time/env/env/send_rollout_trajectories,8,0.5566727519035339,1789741284.296864,0
time/env/env/send_rollout_trajectories,9,0.5521334409713745,1789742089.6707923,0
time/env/env/send_rollout_trajectories,10,0.5545864701271057,1789743347.8799424,0
time/env/env/send_rollout_trajectories,11,0.5816915035247803,1789744207.20939,0
time/env/env/send_rollout_trajectories,12,0.5581796169281006,1789745056.1828635,0
time/env/env/send_rollout_trajectories,13,0.5869120955467224,1789745898.4741957,0
time/env/env/send_rollout_trajectories,14,0.5591663718223572,1789746730.278144,0
time/env/env/send_rollout_trajectories,15,0.573079526424408,1789747942.371294,0
time/env/env/send_rollout_trajectories,16,0.8783263564109802,1789748774.976699,0
time/env/env/send_rollout_trajectories,17,0.6969683766365051,1789749617.7077396,0
time/env/env/send_rollout_trajectories,18,0.7301252484321594,1789750438.1758182,0
time/env/env/send_rollout_trajectories,19,0.5726053714752197,1789751264.4231977,0
time/env/env/send_rollout_trajectories,20,0.606749951839447,1789752529.3237195,0
time/env/env/send_rollout_trajectories,21,0.6312829256057739,1789753344.535698,0
time/env/env/send_rollout_trajectories,22,0.5980375409126282,1789754176.8142226,0
time/env/env/send_rollout_trajectories,23,0.5758825540542603,1789755010.2259216,0
time/env/env/send_rollout_trajectories,24,0.5782149434089661,1789755859.7053716,0
time/env/env/send_rollout_trajectories,25,0.5812333822250366,1789757090.5707831,0
time/env/env/send_rollout_trajectories,26,0.6661866307258606,1789757960.9322963,0
time/env/env/send_rollout_trajectories,27,0.5995720028877258,1789758804.3880043,0
time/env/env/send_rollout_trajectories,28,0.6136554479598999,1789759671.6430342,0
time/env/env/send_rollout_trajectories,29,0.5705944895744324,1789760512.355394,0
time/env/env/send_rollout_trajectories,30,0.6145446300506592,1789761821.0384026,0
time/env/env/send_rollout_trajectories,31,0.6387162804603577,1789762701.7584977,0
time/env/env/send_rollout_trajectories,32,0.6248684525489807,1789763583.5875556,0
time/env/env/send_rollout_trajectories,33,0.6225830912590027,1789764439.5961227,0
time/env/env/send_rollout_trajectories,34,0.6106318235397339,1789765303.1600814,0
time/env/env/send_rollout_trajectories,35,0.6174609065055847,1789766576.859403,0
time/env/env/send_rollout_trajectories,36,0.6522606015205383,1789767456.9455159,0
time/env/env/send_rollout_trajectories,37,0.6350581049919128,1789768311.1010344,0
time/env/env/send_rollout_trajectories,38,0.6136307716369629,1789769149.8316355,0
time/env/env/send_rollout_trajectories,39,0.6283847689628601,1789770004.5242283,0
time/env/env/send_rollout_trajectories,40,0.6148353219032288,1789771319.412923,0
time/env/env/send_rollout_trajectories,41,0.6705113053321838,1789772195.2354636,0
time/env/env/send_rollout_trajectories,42,0.6457823514938354,1789773056.1750793,0
time/env/env/send_rollout_trajectories,43,0.6210715770721436,1789773912.5951712,0
time/env/env/send_rollout_trajectories,44,0.6535308957099915,1789774779.9670682,0
time/env/env/send_rollout_trajectories,45,0.6410959362983704,1789776009.4535828,0
time/env/env/send_rollout_trajectories,46,0.6531718373298645,1789776858.164551,0
time/env/env/send_rollout_trajectories,47,0.6711190938949585,1789777727.6038644,0
time/env/env/send_rollout_trajectories,48,0.6443402767181396,1789778587.5727592,0
time/env/env/send_rollout_trajectories,49,0.6657416820526123,1789779450.053993,0
time/env/env/send_rollout_trajectories,50,0.6437711119651794,1789780757.7267146,0
time/env/env/send_rollout_trajectories,51,0.696147620677948,1789781598.4311,0
time/env/env/send_rollout_trajectories,52,0.6617510318756104,1789782457.9984663,0
time/env/env/send_rollout_trajectories,53,0.6674320101737976,1789783335.695346,0
time/env/env/send_rollout_trajectories,54,0.6660993099212646,1789784199.8605235,0
time/env/env/send_rollout_trajectories,55,0.6533467173576355,1789785454.8400972,0
time/env/env/send_rollout_trajectories,56,0.7063882946968079,1789786349.0629947,0
time/env/env/send_rollout_trajectories,57,0.6922049522399902,1789787220.0623538,0
time/env/env/send_rollout_trajectories,58,0.8941780924797058,1789788098.7088978,0
time/env/env/send_rollout_trajectories,59,0.6894875764846802,1789788982.345567,0
time/env/env/send_rollout_trajectories,60,0.6945643424987793,1789790306.3589342,0
time/env/env/send_rollout_trajectories,61,0.7254127860069275,1789791172.7601602,0
time/env/env/send_rollout_trajectories,62,0.7108860611915588,1789792032.8218899,0
time/env/env/send_rollout_trajectories,63,0.7025797963142395,1789792890.8275785,0
time/env/env/send_rollout_trajectories,64,0.6680525541305542,1789793764.9383712,0
time/env/env/send_rollout_trajectories,65,0.6892505884170532,1789795027.8143024,0
time/env/env/send_rollout_trajectories,66,0.7415094375610352,1789795901.7052257,0
time/env/env/send_rollout_trajectories,67,0.7056110501289368,1789796782.4729931,0
time/env/env/send_rollout_trajectories,68,0.6792736053466797,1789797666.4916859,0
time/env/env/send_rollout_trajectories,69,0.7400774359703064,1789798529.0210183,0
time/env/env/send_rollout_trajectories,70,0.7016400694847107,1789799875.547042,0
time/env/env/send_rollout_trajectories,71,0.7440426349639893,1789800740.3204086,0
time/env/env/send_rollout_trajectories,72,0.7054380774497986,1789801632.671434,0
time/env/env/send_rollout_trajectories,73,0.7243924140930176,1789802511.2894757,0
time/env/env/send_rollout_trajectories,74,0.6725048422813416,1789803399.522916,0
time/env/env/send_rollout_trajectories,75,0.7666416168212891,1789804709.1153288,0
time/env/env/send_rollout_trajectories,76,0.7819706797599792,1789805572.0164003,0
time/env/env/send_rollout_trajectories,77,0.7990604043006897,1789806438.0795155,0
time/env/env/send_rollout_trajectories,78,0.7386156916618347,1789807311.8907228,0
time/env/env/send_rollout_trajectories,79,0.735115647315979,1789808161.6140056,0
time/env/env/send_rollout_trajectories,80,0.7642152905464172,1789809490.291464,0
time/env/env/send_rollout_trajectories,81,0.7602770328521729,1789810380.096782,0
time/env/env/send_rollout_trajectories,82,0.7717447876930237,1789811260.4600143,0
time/env/env/send_rollout_trajectories,83,0.8404514789581299,1789812153.241554,0
time/env/env/send_rollout_trajectories,84,0.872073233127594,1789813033.9450564,0
time/env/env/send_rollout_trajectories,85,0.7294749021530151,1789814312.2052343,0
time/env/env/send_rollout_trajectories,86,0.7922964692115784,1789815198.4763947,0
time/env/env/send_rollout_trajectories,87,0.8060338497161865,1789816092.0807302,0
time/env/env/send_rollout_trajectories,88,0.7959988117218018,1789816977.7833924,0
time/env/env/send_rollout_trajectories,89,0.7909981608390808,1789817875.8114424,0
time/env/env/send_rollout_trajectories,90,0.7744768857955933,1789819258.6133895,0
time/env/env/send_rollout_trajectories,91,0.7745609283447266,1789820165.0578372,0
time/env/env/send_rollout_trajectories,92,0.9578855037689209,1789821060.8192432,0
time/env/env/send_rollout_trajectories,93,0.769069254398346,1789821959.3849075,0
time/env/env/send_rollout_trajectories,94,0.7638119459152222,1789822844.5020096,0
time/env/env/send_rollout_trajectories,95,0.8057318329811096,1789824159.9595532,0
time/env/env/send_rollout_trajectories,96,0.769328773021698,1789825054.5682778,0
time/env/env/send_rollout_trajectories,97,0.7597525715827942,1789825948.5388288,0
time/env/env/send_rollout_trajectories,98,0.7912709712982178,1789826861.01261,0
time/env/env/send_rollout_trajectories,99,0.7905799746513367,1789827745.5780523,0
time/env/env/send_rollout_trajectories,100,1.0556634664535522,1789829118.2358196,0
time/env/env/send_rollout_trajectories,101,0.8261600732803345,1789830009.8318334,0
time/env/env/send_rollout_trajectories,102,0.936854362487793,1789830915.9249313,0
time/env/env/send_rollout_trajectories,103,1.0533684492111206,1789831806.637986,0
time/env/env/send_rollout_trajectories,104,0.8444812297821045,1789832718.9985676,0
time/env/env/send_rollout_trajectories,105,0.8086872100830078,1789834041.482299,0
time/env/env/send_rollout_trajectories,106,0.9544864296913147,1789834981.8539855,0
time/env/env/send_rollout_trajectories,107,0.797804594039917,1789835868.431832,0
time/env/env/send_rollout_trajectories,108,0.7901508808135986,1789836735.707903,0
time/env/env/send_rollout_trajectories,109,0.8328148722648621,1789837618.1302335,0
time/env/env/send_rollout_trajectories,110,0.8444525003433228,1789838967.5048337,0
time/env/env/send_rollout_trajectories,111,0.8651560544967651,1789839873.9475496,0
time/env/env/send_rollout_trajectories,112,0.7216456532478333,1789840774.8565447,0
time/env/env/send_rollout_trajectories,113,0.918585479259491,1789841662.7337306,0
time/env/env/send_rollout_trajectories,114,0.9553561806678772,1789842563.653788,0
time/env/env/send_rollout_trajectories,115,0.9597997665405273,1789843890.673743,0
time/env/env/send_rollout_trajectories,116,1.0656414031982422,1789844788.2111425,0
time/env/env/send_rollout_trajectories,117,0.8662607073783875,1789845696.5368786,0
time/env/env/send_rollout_trajectories,118,0.8387657999992371,1789846589.4158518,0
time/env/env/send_rollout_trajectories,119,1.0850741863250732,1789847480.2846882,0
time/env/env/send_rollout_trajectories,120,0.9281928539276123,1789848833.6248631,0
time/env/env/send_rollout_trajectories,121,1.0393494367599487,1789849726.8692896,0
time/env/env/send_rollout_trajectories,122,0.984879732131958,1789850608.27506,0
time/env/env/send_rollout_trajectories,123,0.8642705678939819,1789851504.252294,0
time/env/env/send_rollout_trajectories,124,0.9053617119789124,1789852381.7222602,0
time/env/env/send_rollout_trajectories,125,0.9381206035614014,1789853698.2228324,0
time/env/env/send_rollout_trajectories,126,0.997553825378418,1789854595.6977937,0
time/env/env/send_rollout_trajectories,127,0.8354890942573547,1789855482.7762623,0
time/env/env/send_rollout_trajectories,128,1.1013392210006714,1789856378.0273068,0
time/env/env/send_rollout_trajectories,129,1.0792994499206543,1789857265.1447685,0
time/env/env/send_rollout_trajectories,130,0.8765468001365662,1789858604.4947505,0
time/env/env/send_rollout_trajectories,131,1.0708911418914795,1789859500.961199,0
time/env/env/send_rollout_trajectories,132,0.9825217723846436,1789860405.5615234,0
time/env/env/send_rollout_trajectories,133,1.0376918315887451,1789861321.6388915,0
time/env/env/send_rollout_trajectories,134,1.0755236148834229,1789862242.700861,0
time/env/env/send_rollout_trajectories,135,0.9359493255615234,1789863585.6596231,0
time/env/env/send_rollout_trajectories,136,1.0709165334701538,1789864520.2147768,0
time/env/env/send_rollout_trajectories,137,0.8704514503479004,1789865419.9347498,0
time/env/env/send_rollout_trajectories,138,0.9159445762634277,1789866317.8927991,0
time/env/env/send_rollout_trajectories,139,0.9602115154266357,1789867224.1456816,0
time/env/env/send_rollout_trajectories,140,0.9382603764533997,1789868619.8076897,0
time/env/env/send_rollout_trajectories,141,0.9760125875473022,1789869518.1871006,0
time/env/env/send_rollout_trajectories,142,1.1552362442016602,1789870408.9064455,0
time/env/env/send_rollout_trajectories,143,1.12666916847229,1789871324.246542,0
time/env/env/send_rollout_trajectories,144,1.0538140535354614,1789872217.2607822,0
time/env/env/send_rollout_trajectories,145,0.8585979342460632,1789873546.074788,0
time/env/env/send_rollout_trajectories,146,1.2265444993972778,1789874462.577788,0
time/env/env/send_rollout_trajectories,147,0.9773452877998352,1789875356.5899909,0
time/env/env/send_rollout_trajectories,148,1.1768239736557007,1789876285.7069206,0
time/env/run_interact_once,1,732.3668823242188,1789735381.1782143,0
time/env/run_interact_once,2,753.758056640625,1789736158.3122666,0
time/env/run_interact_once,3,748.6048583984375,1789736932.3639593,0
time/env/run_interact_once,4,758.1085205078125,1789737712.3839538,0
time/env/run_interact_once,5,746.623046875,1789738848.062021,0
time/env/run_interact_once,6,798.4009399414062,1789739665.6959124,0
time/env/run_interact_once,7,775.5701904296875,1789740462.6896513,0
time/env/run_interact_once,8,799.7662353515625,1789741284.29687,0
time/env/run_interact_once,9,776.515869140625,1789742089.6707993,0
time/env/run_interact_once,10,792.791259765625,1789743347.879949,0
time/env/run_interact_once,11,840.3339233398438,1789744207.2093956,0
time/env/run_interact_once,12,827.402587890625,1789745056.1828697,0
time/env/run_interact_once,13,820.3601684570312,1789745898.474202,0
time/env/run_interact_once,14,802.2158813476562,1789746730.2781503,0
time/env/run_interact_once,15,804.9769287109375,1789747942.3713007,0
time/env/run_interact_once,16,814.0706787109375,1789748774.9767053,0
time/env/run_interact_once,17,821.1868286132812,1789749617.7077458,0
time/env/run_interact_once,18,790.425048828125,1789750438.1758244,0
time/env/run_interact_once,19,796.38427734375,1789751264.4232051,0
time/env/run_interact_once,20,792.8224487304688,1789752529.3237264,0
time/env/run_interact_once,21,797.2844848632812,1789753344.5357044,0
time/env/run_interact_once,22,805.1156616210938,1789754176.8142295,0
time/env/run_interact_once,23,811.8587646484375,1789755010.2259283,0
time/env/run_interact_once,24,826.7718505859375,1789755859.7053778,0
time/env/run_interact_once,25,830.1935424804688,1789757090.5707898,0
time/env/run_interact_once,26,842.2266845703125,1789757960.9323025,0
time/env/run_interact_once,27,811.7779541015625,1789758804.3880107,0
time/env/run_interact_once,28,846.3707275390625,1789759671.6430402,0
time/env/run_interact_once,29,819.6727905273438,1789760512.3554,0
time/env/run_interact_once,30,838.7964477539062,1789761821.0384092,0
time/env/run_interact_once,31,841.72216796875,1789762701.7585042,0
time/env/run_interact_once,32,859.8943481445312,1789763583.5875618,0
time/env/run_interact_once,33,834.0895385742188,1789764439.5961287,0
time/env/run_interact_once,34,841.8543701171875,1789765303.1600876,0
time/env/run_interact_once,35,847.1944580078125,1789766576.859409,0
time/env/run_interact_once,36,848.982177734375,1789767456.9455225,0
time/env/run_interact_once,37,820.8438110351562,1789768311.1010406,0
time/env/run_interact_once,38,817.566650390625,1789769149.8316422,0
time/env/run_interact_once,39,832.9015502929688,1789770004.5242348,0
time/env/run_interact_once,40,836.0516357421875,1789771319.4129295,0
time/env/run_interact_once,41,858.114501953125,1789772195.2354698,0
time/env/run_interact_once,42,839.8561401367188,1789773056.1750855,0
time/env/run_interact_once,43,835.5148315429688,1789773912.595178,0
time/env/run_interact_once,44,832.3594360351562,1789774779.9670746,0
time/env/run_interact_once,45,814.5955810546875,1789776009.4535894,0
time/env/run_interact_once,46,830.4336547851562,1789776858.1645567,0
time/env/run_interact_once,47,848.1702880859375,1789777727.6038704,0
time/env/run_interact_once,48,838.6228637695312,1789778587.572768,0
time/env/run_interact_once,49,840.5858764648438,1789779450.0539997,0
time/env/run_interact_once,50,840.125732421875,1789780757.726721,0
time/env/run_interact_once,51,812.1572265625,1789781598.4311066,0
time/env/run_interact_once,52,838.340087890625,1789782457.9984725,0
time/env/run_interact_once,53,856.2106323242188,1789783335.6953526,0
time/env/run_interact_once,54,842.7400512695312,1789784199.8605301,0
time/env/run_interact_once,55,848.2957153320312,1789785454.8401036,0
time/env/run_interact_once,56,862.8967895507812,1789786349.0630012,0
time/env/run_interact_once,57,836.7730712890625,1789787220.0623605,0
time/env/run_interact_once,58,846.9525146484375,1789788098.708904,0
time/env/run_interact_once,59,861.8242797851562,1789788982.345576,0
time/env/run_interact_once,60,849.4635620117188,1789790306.3589406,0
time/env/run_interact_once,61,848.7952270507812,1789791172.7601666,0
time/env/run_interact_once,62,839.3416137695312,1789792032.8218985,0
time/env/run_interact_once,63,825.1410522460938,1789792890.827585,0
time/env/run_interact_once,64,842.1395263671875,1789793764.938378,0
time/env/run_interact_once,65,837.7391967773438,1789795027.814309,0
time/env/run_interact_once,66,856.201904296875,1789795901.705232,0
time/env/run_interact_once,67,859.5643920898438,1789796782.4729989,0
time/env/run_interact_once,68,863.327392578125,1789797666.4916928,0
time/env/run_interact_once,69,840.4656982421875,1789798529.0210247,0
time/env/run_interact_once,70,856.0149536132812,1789799875.547048,0
time/env/run_interact_once,71,835.4821166992188,1789800740.320415,0
time/env/run_interact_once,72,871.2234497070312,1789801632.6714404,0
time/env/run_interact_once,73,857.5582885742188,1789802511.2894824,0
time/env/run_interact_once,74,867.6170654296875,1789803399.5229225,0
time/env/run_interact_once,75,875.7877197265625,1789804709.115335,0
time/env/run_interact_once,76,832.9680786132812,1789805572.0164068,0
time/env/run_interact_once,77,833.588623046875,1789806438.0795221,0
time/env/run_interact_once,78,841.3058471679688,1789807311.890729,0
time/env/run_interact_once,79,828.2970581054688,1789808161.6140113,0
time/env/run_interact_once,80,826.6541137695312,1789809490.2914703,0
time/env/run_interact_once,81,857.0198974609375,1789810380.0967884,0
time/env/run_interact_once,82,846.5792846679688,1789811260.460021,0
time/env/run_interact_once,83,859.2384643554688,1789812153.2415624,0
time/env/run_interact_once,84,846.408203125,1789813033.945063,0
time/env/run_interact_once,85,849.67578125,1789814312.2052402,0
time/env/run_interact_once,86,868.5545043945312,1789815198.4764006,0
time/env/run_interact_once,87,872.6834716796875,1789816092.0807395,0
time/env/run_interact_once,88,864.69384765625,1789816977.7833986,0
time/env/run_interact_once,89,848.6629638671875,1789817875.8114493,0
time/env/run_interact_once,90,863.5587158203125,1789819258.6133962,0
time/env/run_interact_once,91,887.458740234375,1789820165.0578437,0
time/env/run_interact_once,92,874.758544921875,1789821060.8192496,0
time/env/run_interact_once,93,877.4697265625,1789821959.3849137,0
time/env/run_interact_once,94,863.6839599609375,1789822844.5020158,0
time/env/run_interact_once,95,864.2084350585938,1789824159.959562,0
time/env/run_interact_once,96,876.7775268554688,1789825054.5682838,0
time/env/run_interact_once,97,862.6008911132812,1789825948.538835,0
time/env/run_interact_once,98,861.8570556640625,1789826861.01262,0
time/env/run_interact_once,99,863.1431884765625,1789827745.5780587,0
time/env/run_interact_once,100,872.9529418945312,1789829118.2358263,0
time/env/run_interact_once,101,862.5536499023438,1789830009.8318398,0
time/env/run_interact_once,102,871.59619140625,1789830915.924941,0
time/env/run_interact_once,103,856.5499877929688,1789831806.637992,0
time/env/run_interact_once,104,873.5213623046875,1789832718.9985738,0
time/env/run_interact_once,105,886.1571655273438,1789834041.4823067,0
time/env/run_interact_once,106,922.5769653320312,1789834981.8539937,0
time/env/run_interact_once,107,865.2971801757812,1789835868.4318388,0
time/env/run_interact_once,108,833.0723876953125,1789836735.7079093,0
time/env/run_interact_once,109,843.7046508789062,1789837618.1302402,0
time/env/run_interact_once,110,844.0933227539062,1789838967.5048404,0
time/env/run_interact_once,111,888.8812255859375,1789839873.9475563,0
time/env/run_interact_once,112,879.5966186523438,1789840774.8565507,0
time/env/run_interact_once,113,866.4432983398438,1789841662.7337368,0
time/env/run_interact_once,114,879.5413208007812,1789842563.6537945,0
time/env/run_interact_once,115,876.4530639648438,1789843890.6737494,0
time/env/run_interact_once,116,864.2880859375,1789844788.211149,0
time/env/run_interact_once,117,887.3377685546875,1789845696.536885,0
time/env/run_interact_once,118,871.0188598632812,1789846589.4158583,0
time/env/run_interact_once,119,869.6242065429688,1789847480.284694,0
time/env/run_interact_once,120,849.4588012695312,1789848833.6248693,0
time/env/run_interact_once,121,876.30029296875,1789849726.8692958,0
time/env/run_interact_once,122,860.2345581054688,1789850608.2750692,0
time/env/run_interact_once,123,875.0973510742188,1789851504.2523005,0
time/env/run_interact_once,124,856.6553344726562,1789852381.722267,0
time/env/run_interact_once,125,897.145263671875,1789853698.222839,0
time/env/run_interact_once,126,880.4671020507812,1789854595.6978002,0
time/env/run_interact_once,127,866.3685302734375,1789855482.7762682,0
time/env/run_interact_once,128,874.6300048828125,1789856378.027313,0
time/env/run_interact_once,129,866.4389038085938,1789857265.1447752,0
time/env/run_interact_once,130,836.0294189453125,1789858604.494757,0
time/env/run_interact_once,131,879.724609375,1789859500.9612057,0
time/env/run_interact_once,132,884.075439453125,1789860405.5615296,0
time/env/run_interact_once,133,895.5538940429688,1789861321.6388974,0
time/env/run_interact_once,134,900.0393676757812,1789862242.700871,0
time/env/run_interact_once,135,872.9971923828125,1789863585.6596293,0
time/env/run_interact_once,136,897.8529663085938,1789864520.2147832,0
time/env/run_interact_once,137,865.9364013671875,1789865419.9347565,0
time/env/run_interact_once,138,860.583984375,1789866317.8928056,0
time/env/run_interact_once,139,885.2683715820312,1789867224.1456885,0
time/env/run_interact_once,140,892.0230102539062,1789868619.8076963,0
time/env/run_interact_once,141,870.1698608398438,1789869518.1871068,0
time/env/run_interact_once,142,855.7446899414062,1789870408.906452,0
time/env/run_interact_once,143,894.8458862304688,1789871324.2465482,0
time/env/run_interact_once,144,871.8432006835938,1789872217.260789,0
time/env/run_interact_once,145,881.1373901367188,1789873546.0747943,0
time/env/run_interact_once,146,882.3062133789062,1789874462.5777948,0
time/env/run_interact_once,147,860.500244140625,1789875356.5900006,0
time/env/run_interact_once,148,906.7313232421875,1789876285.706927,0
time/env/interact,1,732.366943359375,1789735381.1782205,0
time/env/interact,2,753.7581176757812,1789736158.3122728,0
time/env/interact,3,748.6049194335938,1789736932.3639655,0
time/env/interact,4,758.1085815429688,1789737712.3839602,0
time/env/interact,5,746.6231079101562,1789738848.0620272,0
time/env/interact,6,798.4010620117188,1789739665.6959186,0
time/env/interact,7,775.5701904296875,1789740462.689658,0
time/env/interact,8,799.7662963867188,1789741284.2968762,0
time/env/interact,9,776.5159301757812,1789742089.6708057,0
time/env/interact,10,792.7913208007812,1789743347.8799555,0
time/env/interact,11,840.333984375,1789744207.2094018,0
time/env/interact,12,827.4026489257812,1789745056.1828763,0
time/env/interact,13,820.3602294921875,1789745898.4742088,0
time/env/interact,14,802.2159423828125,1789746730.2781565,0
time/env/interact,15,804.9769287109375,1789747942.371312,0
time/env/interact,16,814.0707397460938,1789748774.9767118,0
time/env/interact,17,821.1868896484375,1789749617.7077553,0
time/env/interact,18,790.4251098632812,1789750438.1758306,0
time/env/interact,19,796.3843383789062,1789751264.4232116,0
time/env/interact,20,792.8224487304688,1789752529.3237324,0
time/env/interact,21,797.2846069335938,1789753344.5357106,0
time/env/interact,22,805.1156616210938,1789754176.8142364,0
time/env/interact,23,811.8588256835938,1789755010.2259343,0
time/env/interact,24,826.7718505859375,1789755859.705384,0
time/env/interact,25,830.193603515625,1789757090.5707965,0
time/env/interact,26,842.226806640625,1789757960.932309,0
time/env/interact,27,811.7779541015625,1789758804.3880172,0
time/env/interact,28,846.3707885742188,1789759671.6430464,0
time/env/interact,29,819.6728515625,1789760512.3554065,0
time/env/interact,30,838.7964477539062,1789761821.0384161,0
time/env/interact,31,841.7223510742188,1789762701.758524,0
time/env/interact,32,859.8944091796875,1789763583.5875678,0
time/env/interact,33,834.0895385742188,1789764439.5961351,0
time/env/interact,34,841.8543701171875,1789765303.1600938,0
time/env/interact,35,847.1945190429688,1789766576.8594153,0
time/env/interact,36,848.9822387695312,1789767456.945529,0
time/env/interact,37,820.8438720703125,1789768311.1010473,0
time/env/interact,38,817.5667114257812,1789769149.8316483,0
time/env/interact,39,832.9015502929688,1789770004.5242414,0
time/env/interact,40,836.0516967773438,1789771319.4129357,0
time/env/interact,41,858.1145629882812,1789772195.2354763,0
time/env/interact,42,839.856201171875,1789773056.175092,0
time/env/interact,43,835.514892578125,1789773912.5951843,0
time/env/interact,44,832.3594360351562,1789774779.9670813,0
time/env/interact,45,814.5956420898438,1789776009.4535954,0
time/env/interact,46,830.4337158203125,1789776858.1645634,0
time/env/interact,47,848.1702880859375,1789777727.603877,0
time/env/interact,48,838.6228637695312,1789778587.5727773,0
time/env/interact,49,840.5859375,1789779450.054006,0
time/env/interact,50,840.1257934570312,1789780757.7267277,0
time/env/interact,51,812.1574096679688,1789781598.4311125,0
time/env/interact,52,838.3401489257812,1789782457.9984787,0
time/env/interact,53,856.2106323242188,1789783335.695359,0
time/env/interact,54,842.7401123046875,1789784199.8605363,0
time/env/interact,55,848.2957763671875,1789785454.84011,0
time/env/interact,56,862.8968505859375,1789786349.0630076,0
time/env/interact,57,836.7731323242188,1789787220.062367,0
time/env/interact,58,846.9525756835938,1789788098.7089112,0
time/env/interact,59,861.8242797851562,1789788982.3455846,0
time/env/interact,60,849.4635620117188,1789790306.3589473,0
time/env/interact,61,848.7953491210938,1789791172.7601728,0
time/env/interact,62,839.3416137695312,1789792032.8219078,0
time/env/interact,63,825.14111328125,1789792890.827592,0
time/env/interact,64,842.1395874023438,1789793764.938384,0
time/env/interact,65,837.7391967773438,1789795027.8143158,0
time/env/interact,66,856.2020263671875,1789795901.7052379,0
time/env/interact,67,859.5643920898438,1789796782.4730055,0
time/env/interact,68,863.3274536132812,1789797666.4916997,0
time/env/interact,69,840.4657592773438,1789798529.0210311,0
time/env/interact,70,856.0150146484375,1789799875.5470545,0
time/env/interact,71,835.482177734375,1789800740.3204215,0
time/env/interact,72,871.2235107421875,1789801632.6714463,0
time/env/interact,73,857.5582885742188,1789802511.2894883,0
time/env/interact,74,867.6170654296875,1789803399.522929,0
time/env/interact,75,875.7877197265625,1789804709.1153417,0
time/env/interact,76,832.9682006835938,1789805572.016413,0
time/env/interact,77,833.5886840820312,1789806438.0795283,0
time/env/interact,78,841.305908203125,1789807311.8907354,0
time/env/interact,79,828.297119140625,1789808161.6140172,0
time/env/interact,80,826.6541748046875,1789809490.2914767,0
time/env/interact,81,857.0199584960938,1789810380.0967958,0
time/env/interact,82,846.5792846679688,1789811260.4600272,0
time/env/interact,83,859.2384643554688,1789812153.241569,0
time/env/interact,84,846.4082641601562,1789813033.9450698,0
time/env/interact,85,849.6758422851562,1789814312.205247,0
time/env/interact,86,868.5545654296875,1789815198.4764073,0
time/env/interact,87,872.6835327148438,1789816092.0807493,0
time/env/interact,88,864.69384765625,1789816977.7834053,0
time/env/interact,89,848.6629638671875,1789817875.8114557,0
time/env/interact,90,863.5587158203125,1789819258.6134028,0
time/env/interact,91,887.4588012695312,1789820165.05785,0
time/env/interact,92,874.758544921875,1789821060.819256,0
time/env/interact,93,877.4697875976562,1789821959.3849201,0
time/env/interact,94,863.6839599609375,1789822844.502022,0
time/env/interact,95,864.20849609375,1789824159.959571,0
time/env/interact,96,876.777587890625,1789825054.5682902,0
time/env/interact,97,862.6008911132812,1789825948.5388415,0
time/env/interact,98,861.8571166992188,1789826861.0126302,0
time/env/interact,99,863.1431884765625,1789827745.5780652,0
time/env/interact,100,872.9529418945312,1789829118.235833,0
time/env/interact,101,862.5537109375,1789830009.8318467,0
time/env/interact,102,871.59619140625,1789830915.9249508,0
time/env/interact,103,856.5499877929688,1789831806.6379979,0
time/env/interact,104,873.5214233398438,1789832718.9985807,0
time/env/interact,105,886.1571655273438,1789834041.4823134,0
time/env/interact,106,922.5770263671875,1789834981.854002,0
time/env/interact,107,865.2972412109375,1789835868.4318452,0
time/env/interact,108,833.0723876953125,1789836735.7079163,0
time/env/interact,109,843.7047119140625,1789837618.1302466,0
time/env/interact,110,844.0933227539062,1789838967.5048468,0
time/env/interact,111,888.8812866210938,1789839873.9475682,0
time/env/interact,112,879.5966796875,1789840774.856557,0
time/env/interact,113,866.4432983398438,1789841662.733743,0
time/env/interact,114,879.5413208007812,1789842563.653801,0
time/env/interact,115,876.453125,1789843890.6737561,0
time/env/interact,116,864.2881469726562,1789844788.2111554,0
time/env/interact,117,887.3378295898438,1789845696.5368915,0
time/env/interact,118,871.0189208984375,1789846589.4158645,0
time/env/interact,119,869.624267578125,1789847480.2847004,0
time/env/interact,120,849.4588012695312,1789848833.6248758,0
time/env/interact,121,876.3003540039062,1789849726.8693025,0
time/env/interact,122,860.234619140625,1789850608.2750788,0
time/env/interact,123,875.097412109375,1789851504.2523074,0
time/env/interact,124,856.6553955078125,1789852381.7222733,0
time/env/interact,125,897.1453247070312,1789853698.2228456,0
time/env/interact,126,880.4671630859375,1789854595.6978066,0
time/env/interact,127,866.3685302734375,1789855482.7762744,0
time/env/interact,128,874.6300048828125,1789856378.027319,0
time/env/interact,129,866.43896484375,1789857265.1447818,0
time/env/interact,130,836.0294799804688,1789858604.494763,0
time/env/interact,131,879.7246704101562,1789859500.961212,0
time/env/interact,132,884.075439453125,1789860405.5615356,0
time/env/interact,133,895.553955078125,1789861321.638904,0
time/env/interact,134,900.0394287109375,1789862242.7008805,0
time/env/interact,135,872.9971923828125,1789863585.6596355,0
time/env/interact,136,897.85302734375,1789864520.2147899,0
time/env/interact,137,865.9364013671875,1789865419.934763,0
time/env/interact,138,860.5840454101562,1789866317.892812,0
time/env/interact,139,885.2684326171875,1789867224.1456947,0
time/env/interact,140,892.0230712890625,1789868619.8077025,0
time/env/interact,141,870.169921875,1789869518.1871133,0
time/env/interact,142,855.7447509765625,1789870408.9064581,0
time/env/interact,143,894.845947265625,1789871324.2465546,0
time/env/interact,144,871.8432006835938,1789872217.260795,0
time/env/interact,145,881.137451171875,1789873546.0748005,0
time/env/interact,146,882.3062744140625,1789874462.5778008,0
time/env/interact,147,860.500244140625,1789875356.5900102,0
time/env/interact,148,906.7313842773438,1789876285.7069335,0
time/rollout/sync_model_from_actor,1,10.183486938476562,1789735381.1782267,0
time/rollout/sync_model_from_actor,2,7.174445629119873,1789736158.3122787,0
time/rollout/sync_model_from_actor,3,6.45837926864624,1789736932.3639715,0
time/rollout/sync_model_from_actor,4,5.70182991027832,1789737712.3839667,0
time/rollout/sync_model_from_actor,5,11.478558540344238,1789738848.0622218,0
time/rollout/sync_model_from_actor,6,1.8529691696166992,1789739665.6959248,0
time/rollout/sync_model_from_actor,7,5.692629337310791,1789740462.6896646,0
time/rollout/sync_model_from_actor,8,5.288226127624512,1789741284.2968826,0
time/rollout/sync_model_from_actor,9,5.411643981933594,1789742089.6708126,0
time/rollout/sync_model_from_actor,10,10.820233345031738,1789743347.880143,0
time/rollout/sync_model_from_actor,11,1.7870104312896729,1789744207.2094085,0
time/rollout/sync_model_from_actor,12,5.422786235809326,1789745056.1828828,0
time/rollout/sync_model_from_actor,13,5.802649974822998,1789745898.4742153,0
time/rollout/sync_model_from_actor,14,5.372801303863525,1789746730.2781625,0
time/rollout/sync_model_from_actor,15,11.326482772827148,1789747942.371556,0
time/rollout/sync_model_from_actor,16,2.0530357360839844,1789748774.9767175,0
time/rollout/sync_model_from_actor,17,5.480758190155029,1789749617.7077641,0
time/rollout/sync_model_from_actor,18,5.693917274475098,1789750438.1758375,0
time/rollout/sync_model_from_actor,19,5.420348167419434,1789751264.423218,0
time/rollout/sync_model_from_actor,20,10.886554718017578,1789752529.323918,0
time/rollout/sync_model_from_actor,21,2.0613088607788086,1789753344.5357165,0
time/rollout/sync_model_from_actor,22,5.372066020965576,1789754176.814243,0
time/rollout/sync_model_from_actor,23,5.473318099975586,1789755010.225941,0
time/rollout/sync_model_from_actor,24,5.955364227294922,1789755859.7053905,0
time/rollout/sync_model_from_actor,25,10.7191801071167,1789757090.57098,0
time/rollout/sync_model_from_actor,26,1.8530900478363037,1789757960.932315,0
time/rollout/sync_model_from_actor,27,5.291469097137451,1789758804.3880234,0
time/rollout/sync_model_from_actor,28,5.33871603012085,1789759671.6430528,0
time/rollout/sync_model_from_actor,29,5.45782995223999,1789760512.355413,0
time/rollout/sync_model_from_actor,30,11.259002685546875,1789761821.038607,0
time/rollout/sync_model_from_actor,31,1.8066017627716064,1789762701.7585304,0
time/rollout/sync_model_from_actor,32,5.498183727264404,1789763583.5875742,0
time/rollout/sync_model_from_actor,33,5.468891620635986,1789764439.5961413,0
time/rollout/sync_model_from_actor,34,5.8547186851501465,1789765303.1600997,0
time/rollout/sync_model_from_actor,35,11.211309432983398,1789766576.8595965,0
time/rollout/sync_model_from_actor,36,1.8433635234832764,1789767456.9455352,0
time/rollout/sync_model_from_actor,37,5.916401386260986,1789768311.1010537,0
time/rollout/sync_model_from_actor,38,5.377386569976807,1789769149.8316553,0
time/rollout/sync_model_from_actor,39,5.625790596008301,1789770004.524248,0
time/rollout/sync_model_from_actor,40,11.904071807861328,1789771319.4131186,0
time/rollout/sync_model_from_actor,41,1.7296141386032104,1789772195.2354825,0
time/rollout/sync_model_from_actor,42,5.486110687255859,1789773056.1750982,0
time/rollout/sync_model_from_actor,43,5.315647602081299,1789773912.5951908,0
time/rollout/sync_model_from_actor,44,6.4373931884765625,1789774779.967088,0
time/rollout/sync_model_from_actor,45,10.993013381958008,1789776009.4537737,0
time/rollout/sync_model_from_actor,46,1.8440732955932617,1789776858.16457,0
time/rollout/sync_model_from_actor,47,5.466419219970703,1789777727.6038837,0
time/rollout/sync_model_from_actor,48,5.491044044494629,1789778587.5727859,0
time/rollout/sync_model_from_actor,49,5.498614311218262,1789779450.054012,0
time/rollout/sync_model_from_actor,50,10.695242881774902,1789780757.7269294,0
time/rollout/sync_model_from_actor,51,1.8240077495574951,1789781598.4311185,0
time/rollout/sync_model_from_actor,52,5.493152618408203,1789782457.9984844,0
time/rollout/sync_model_from_actor,53,5.632071018218994,1789783335.6953657,0
time/rollout/sync_model_from_actor,54,5.608032703399658,1789784199.8605428,0
time/rollout/sync_model_from_actor,55,11.146527290344238,1789785454.8402965,0
time/rollout/sync_model_from_actor,56,1.9842066764831543,1789786349.0630138,0
time/rollout/sync_model_from_actor,57,5.378538131713867,1789787220.0623744,0
time/rollout/sync_model_from_actor,58,5.43527364730835,1789788098.7089179,0
time/rollout/sync_model_from_actor,59,5.504421710968018,1789788982.3455944,0
time/rollout/sync_model_from_actor,60,10.568796157836914,1789790306.3591287,0
time/rollout/sync_model_from_actor,61,1.7255423069000244,1789791172.76018,0
time/rollout/sync_model_from_actor,62,5.23762321472168,1789792032.8219173,0
time/rollout/sync_model_from_actor,63,5.652780055999756,1789792890.827598,0
time/rollout/sync_model_from_actor,64,5.4406280517578125,1789793764.9383903,0
time/rollout/sync_model_from_actor,65,11.086645126342773,1789795027.8144972,0
time/rollout/sync_model_from_actor,66,1.8792095184326172,1789795901.7052438,0
time/rollout/sync_model_from_actor,67,5.32658052444458,1789796782.4730117,0
time/rollout/sync_model_from_actor,68,5.165191173553467,1789797666.491706,0
time/rollout/sync_model_from_actor,69,5.439730644226074,1789798529.0210373,0
time/rollout/sync_model_from_actor,70,11.109890937805176,1789799875.547233,0
time/rollout/sync_model_from_actor,71,1.7434148788452148,1789800740.3204281,0
time/rollout/sync_model_from_actor,72,5.206804275512695,1789801632.671452,0
time/rollout/sync_model_from_actor,73,5.504443645477295,1789802511.2894945,0
time/rollout/sync_model_from_actor,74,5.418457508087158,1789803399.5229347,0
time/rollout/sync_model_from_actor,75,10.722216606140137,1789804709.1155186,0
time/rollout/sync_model_from_actor,76,1.870254397392273,1789805572.0164192,0
time/rollout/sync_model_from_actor,77,5.2350239753723145,1789806438.0795348,0
time/rollout/sync_model_from_actor,78,5.372160911560059,1789807311.8907413,0
time/rollout/sync_model_from_actor,79,5.658538818359375,1789808161.614024,0
time/rollout/sync_model_from_actor,80,10.710787773132324,1789809490.2917573,0
time/rollout/sync_model_from_actor,81,1.8800876140594482,1789810380.096802,0
time/rollout/sync_model_from_actor,82,5.362329006195068,1789811260.4600332,0
time/rollout/sync_model_from_actor,83,5.462324619293213,1789812153.241576,0
time/rollout/sync_model_from_actor,84,5.660193920135498,1789813033.9450762,0
time/rollout/sync_model_from_actor,85,10.869668006896973,1789814312.2054343,0
time/rollout/sync_model_from_actor,86,1.8342748880386353,1789815198.4764137,0
time/rollout/sync_model_from_actor,87,5.462222576141357,1789816092.0807593,0
time/rollout/sync_model_from_actor,88,5.63891077041626,1789816977.7834115,0
time/rollout/sync_model_from_actor,89,5.68820333480835,1789817875.8114624,0
time/rollout/sync_model_from_actor,90,10.827607154846191,1789819258.6135833,0
time/rollout/sync_model_from_actor,91,2.108288526535034,1789820165.057856,0
time/rollout/sync_model_from_actor,92,5.4978203773498535,1789821060.8192625,0
time/rollout/sync_model_from_actor,93,5.4606757164001465,1789821959.3849268,0
time/rollout/sync_model_from_actor,94,5.75054931640625,1789822844.502029,0
time/rollout/sync_model_from_actor,95,11.447646141052246,1789824159.9603367,0
time/rollout/sync_model_from_actor,96,1.830460548400879,1789825054.5682967,0
time/rollout/sync_model_from_actor,97,5.6380615234375,1789825948.538848,0
time/rollout/sync_model_from_actor,98,5.381627082824707,1789826861.0126405,0
time/rollout/sync_model_from_actor,99,5.627650260925293,1789827745.5780716,0
time/rollout/sync_model_from_actor,100,11.324036598205566,1789829118.236016,0
time/rollout/sync_model_from_actor,101,1.7111108303070068,1789830009.831853,0
time/rollout/sync_model_from_actor,102,6.146391868591309,1789830915.92496,0
time/rollout/sync_model_from_actor,103,5.907469272613525,1789831806.6380043,0
time/rollout/sync_model_from_actor,104,5.309048175811768,1789832718.9985867,0
time/rollout/sync_model_from_actor,105,11.21597671508789,1789834041.482537,0
time/rollout/sync_model_from_actor,106,1.9604204893112183,1789834981.8540096,0
time/rollout/sync_model_from_actor,107,5.5205888748168945,1789835868.4318519,0
time/rollout/sync_model_from_actor,108,5.498522758483887,1789836735.7079227,0
time/rollout/sync_model_from_actor,109,5.812097072601318,1789837618.1302528,0
time/rollout/sync_model_from_actor,110,11.120177268981934,1789838967.5050297,0
time/rollout/sync_model_from_actor,111,2.0751657485961914,1789839873.9475746,0
time/rollout/sync_model_from_actor,112,5.521764278411865,1789840774.8565629,0
time/rollout/sync_model_from_actor,113,5.538335800170898,1789841662.7337487,0
time/rollout/sync_model_from_actor,114,5.394946575164795,1789842563.6538072,0
time/rollout/sync_model_from_actor,115,10.564146995544434,1789843890.6739328,0
time/rollout/sync_model_from_actor,116,1.840406894683838,1789844788.2111616,0
time/rollout/sync_model_from_actor,117,5.544021129608154,1789845696.5368974,0
time/rollout/sync_model_from_actor,118,5.805932998657227,1789846589.415871,0
time/rollout/sync_model_from_actor,119,6.004885673522949,1789847480.2847066,0
time/rollout/sync_model_from_actor,120,10.94736385345459,1789848833.6250558,0
time/rollout/sync_model_from_actor,121,1.7740422487258911,1789849726.8693087,0
time/rollout/sync_model_from_actor,122,5.392077445983887,1789850608.2750878,0
time/rollout/sync_model_from_actor,123,5.455924987792969,1789851504.252314,0
time/rollout/sync_model_from_actor,124,5.411427021026611,1789852381.7222793,0
time/rollout/sync_model_from_actor,125,11.034279823303223,1789853698.223024,0
time/rollout/sync_model_from_actor,126,1.8549591302871704,1789854595.697813,0
time/rollout/sync_model_from_actor,127,5.243700981140137,1789855482.7762809,0
time/rollout/sync_model_from_actor,128,5.662548065185547,1789856378.0273252,0
time/rollout/sync_model_from_actor,129,5.359495639801025,1789857265.1447885,0
time/rollout/sync_model_from_actor,130,10.794034004211426,1789858604.494944,0
time/rollout/sync_model_from_actor,131,1.7444536685943604,1789859500.9612184,0
time/rollout/sync_model_from_actor,132,5.643655300140381,1789860405.5615416,0
time/rollout/sync_model_from_actor,133,5.411104679107666,1789861321.6389103,0
time/rollout/sync_model_from_actor,134,5.333230972290039,1789862242.7008903,0
time/rollout/sync_model_from_actor,135,10.728836059570312,1789863585.6598172,0
time/rollout/sync_model_from_actor,136,1.9066654443740845,1789864520.214796,0
time/rollout/sync_model_from_actor,137,5.727800369262695,1789865419.9347692,0
time/rollout/sync_model_from_actor,138,5.902356147766113,1789866317.8928182,0
time/rollout/sync_model_from_actor,139,5.496496200561523,1789867224.1457012,0
time/rollout/sync_model_from_actor,140,11.317147254943848,1789868619.807887,0
time/rollout/sync_model_from_actor,141,1.9629267454147339,1789869518.1871197,0
time/rollout/sync_model_from_actor,142,5.735630989074707,1789870408.9064646,0
time/rollout/sync_model_from_actor,143,5.558551788330078,1789871324.2465615,0
time/rollout/sync_model_from_actor,144,5.557717323303223,1789872217.2608016,0
time/rollout/sync_model_from_actor,145,11.095489501953125,1789873546.074981,0
time/rollout/sync_model_from_actor,146,2.1382076740264893,1789874462.5778074,0
time/rollout/sync_model_from_actor,147,5.720319747924805,1789875356.590019,0
time/rollout/sync_model_from_actor,148,5.74359655380249,1789876285.7069397,0
time/rollout/predict,1,9.60686206817627,1789735381.1784017,0
time/rollout/predict,2,6.94189977645874,1789736158.312454,0
time/rollout/predict,3,6.949865818023682,1789736932.3642519,0
time/rollout/predict,4,12.829724311828613,1789737712.3841393,0
time/rollout/predict,5,20.084096908569336,1789738848.0622282,0
time/rollout/predict,6,6.979665756225586,1789739665.6960979,0
time/rollout/predict,7,6.920515060424805,1789740462.689839,0
time/rollout/predict,8,7.006231784820557,1789741284.297057,0
time/rollout/predict,9,6.950954914093018,1789742089.6709924,0
time/rollout/predict,10,8.68394660949707,1789743347.880149,0
time/rollout/predict,11,15.904350280761719,1789744207.2095852,0
time/rollout/predict,12,16.716447830200195,1789745056.183201,0
time/rollout/predict,13,16.343671798706055,1789745898.474393,0
time/rollout/predict,14,6.982083797454834,1789746730.2783446,0
time/rollout/predict,15,17.075170516967773,1789747942.3715672,0
time/rollout/predict,16,22.751087188720703,1789748774.9768903,0
time/rollout/predict,17,16.002704620361328,1789749617.707936,0
time/rollout/predict,18,6.954837799072266,1789750438.176009,0
time/rollout/predict,19,16.003677368164062,1789751264.4235268,0
time/rollout/predict,20,8.70985221862793,1789752529.3239245,0
time/rollout/predict,21,15.499598503112793,1789753344.5358949,0
time/rollout/predict,22,6.981167316436768,1789754176.814413,0
time/rollout/predict,23,16.7448673248291,1789755010.226122,0
time/rollout/predict,24,6.983492374420166,1789755859.7055602,0
time/rollout/predict,25,18.844324111938477,1789757090.5709867,0
time/rollout/predict,26,18.22255516052246,1789757960.9324894,0
time/rollout/predict,27,16.708377838134766,1789758804.3881974,0
time/rollout/predict,28,6.962588310241699,1789759671.6432273,0
time/rollout/predict,29,6.946517467498779,1789760512.3555877,0
time/rollout/predict,30,18.540069580078125,1789761821.0386136,0
time/rollout/predict,31,15.060209274291992,1789762701.7587106,0
time/rollout/predict,32,6.979078769683838,1789763583.5877476,0
time/rollout/predict,33,17.914871215820312,1789764439.596314,0
time/rollout/predict,34,6.997620582580566,1789765303.160271,0
time/rollout/predict,35,8.649918556213379,1789766576.8596034,0
time/rollout/predict,36,17.236167907714844,1789767456.9457097,0
time/rollout/predict,37,16.289514541625977,1789768311.1012287,0
time/rollout/predict,38,15.419007301330566,1789769149.8318248,0
time/rollout/predict,39,6.959528923034668,1789770004.5244203,0
time/rollout/predict,40,8.664233207702637,1789771319.413126,0
time/rollout/predict,41,6.9704084396362305,1789772195.2356534,0
time/rollout/predict,42,7.064619064331055,1789773056.1753683,0
time/rollout/predict,43,7.006025791168213,1789773912.5953734,0
time/rollout/predict,44,6.9405083656311035,1789774779.967264,0
time/rollout/predict,45,8.721000671386719,1789776009.4537807,0
time/rollout/predict,46,6.984860897064209,1789776858.1647387,0
time/rollout/predict,47,6.9614033699035645,1789777727.604057,0
time/rollout/predict,48,6.953653812408447,1789778587.5729656,0
time/rollout/predict,49,7.07219934463501,1789779450.0542142,0
time/rollout/predict,50,8.67027473449707,1789780757.7269363,0
time/rollout/predict,51,6.968538284301758,1789781598.4312942,0
time/rollout/predict,52,18.16689109802246,1789782457.9986763,0
time/rollout/predict,53,30.59191131591797,1789783335.6955593,0
time/rollout/predict,54,6.99716854095459,1789784199.8607202,0
time/rollout/predict,55,8.698897361755371,1789785454.8403034,0
time/rollout/predict,56,19.1737003326416,1789786349.0631871,0
time/rollout/predict,57,7.060732841491699,1789787220.0625646,0
time/rollout/predict,58,6.948305606842041,1789788098.7090964,0
time/rollout/predict,59,7.638709545135498,1789788982.345785,0
time/rollout/predict,60,21.27890968322754,1789790306.3591354,0
time/rollout/predict,61,6.938118934631348,1789791172.7603526,0
time/rollout/predict,62,6.891727447509766,1789792032.8221905,0
time/rollout/predict,63,6.976110935211182,1789792890.8277888,0
time/rollout/predict,64,6.950610637664795,1789793764.938747,0
time/rollout/predict,65,8.646489143371582,1789795027.8145037,0
time/rollout/predict,66,21.14407730102539,1789795901.7054243,0
time/rollout/predict,67,6.956223011016846,1789796782.4731922,0
time/rollout/predict,68,6.931599140167236,1789797666.491886,0
time/rollout/predict,69,6.9160685539245605,1789798529.0212142,0
time/rollout/predict,70,8.654425621032715,1789799875.5472395,0
time/rollout/predict,71,6.956766605377197,1789800740.3206093,0
time/rollout/predict,72,29.142963409423828,1789801632.6718044,0
time/rollout/predict,73,18.21656036376953,1789802511.2896657,0
time/rollout/predict,74,6.9788818359375,1789803399.5231054,0
time/rollout/predict,75,26.547815322875977,1789804709.1155245,0
time/rollout/predict,76,6.918583869934082,1789805572.016591,0
time/rollout/predict,77,16.872318267822266,1789806438.0797048,0
time/rollout/predict,78,7.009830474853516,1789807311.8909256,0
time/rollout/predict,79,16.687694549560547,1789808161.6141973,0
time/rollout/predict,80,8.743099212646484,1789809490.291764,0
time/rollout/predict,81,6.969605922698975,1789810380.0970309,0
time/rollout/predict,82,6.987011432647705,1789811260.460212,0
time/rollout/predict,83,6.965184211730957,1789812153.2417457,0
time/rollout/predict,84,6.938015460968018,1789813033.945248,0
time/rollout/predict,85,22.148530960083008,1789814312.2054412,0
time/rollout/predict,86,18.81314468383789,1789815198.476584,0
time/rollout/predict,87,6.983273029327393,1789816092.0809512,0
time/rollout/predict,88,18.346208572387695,1789816977.7835872,0
time/rollout/predict,89,6.940557479858398,1789817875.81165,0
time/rollout/predict,90,22.5916690826416,1789819258.6135895,0
time/rollout/predict,91,6.926267147064209,1789820165.0580354,0
time/rollout/predict,92,6.9687418937683105,1789821060.8194344,0
time/rollout/predict,93,17.294599533081055,1789821959.385104,0
time/rollout/predict,94,6.932605266571045,1789822844.5023055,0
time/rollout/predict,95,8.802218437194824,1789824159.9603434,0
time/rollout/predict,96,22.687774658203125,1789825054.5684695,0
time/rollout/predict,97,6.921941757202148,1789825948.5390215,0
time/rollout/predict,98,6.986278057098389,1789826861.0128996,0
time/rollout/predict,99,6.975020885467529,1789827745.5782447,0
time/rollout/predict,100,23.444461822509766,1789829118.2360225,0
time/rollout/predict,101,19.1571102142334,1789830009.8320222,0
time/rollout/predict,102,20.609994888305664,1789830915.9252446,0
time/rollout/predict,103,22.36918830871582,1789831806.6381705,0
time/rollout/predict,104,20.994152069091797,1789832718.9987636,0
time/rollout/predict,105,21.148839950561523,1789834041.482544,0
time/rollout/predict,106,7.081837177276611,1789834981.85419,0
time/rollout/predict,107,6.937968730926514,1789835868.4320276,0
time/rollout/predict,108,20.125268936157227,1789836735.7081146,0
time/rollout/predict,109,19.711803436279297,1789837618.1304274,0
time/rollout/predict,110,8.67730712890625,1789838967.505036,0
time/rollout/predict,111,6.974956512451172,1789839873.947763,0
time/rollout/predict,112,19.958755493164062,1789840774.8567357,0
time/rollout/predict,113,34.35035705566406,1789841662.7339246,0
time/rollout/predict,114,6.919930458068848,1789842563.653986,0
time/rollout/predict,115,8.692481994628906,1789843890.67394,0
time/rollout/predict,116,33.53758239746094,1789844788.211332,0
time/rollout/predict,117,20.79193115234375,1789845696.5370715,0
time/rollout/predict,118,19.226146697998047,1789846589.416048,0
time/rollout/predict,119,20.65740394592285,1789847480.284944,0
time/rollout/predict,120,20.652565002441406,1789848833.625063,0
time/rollout/predict,121,6.896724700927734,1789849726.869482,0
time/rollout/predict,122,19.91011619567871,1789850608.2752805,0
time/rollout/predict,123,22.685266494750977,1789851504.2524865,0
time/rollout/predict,124,6.917468070983887,1789852381.7224557,0
time/rollout/predict,125,8.641793251037598,1789853698.2230303,0
time/rollout/predict,126,6.914092540740967,1789854595.6979823,0
time/rollout/predict,127,6.932106018066406,1789855482.7764618,0
time/rollout/predict,128,6.90867805480957,1789856378.0274997,0
time/rollout/predict,129,6.9508056640625,1789857265.1449594,0
time/rollout/predict,130,21.327219009399414,1789858604.49495,0
time/rollout/predict,131,22.549509048461914,1789859500.9613864,0
time/rollout/predict,132,6.961961269378662,1789860405.5617106,0
time/rollout/predict,133,21.956623077392578,1789861321.6390827,0
time/rollout/predict,134,6.918539524078369,1789862242.7011003,0
time/rollout/predict,135,8.898330688476562,1789863585.6598241,0
time/rollout/predict,136,6.980846405029297,1789864520.2150764,0
time/rollout/predict,137,7.027908802032471,1789865419.9349463,0
time/rollout/predict,138,6.94716215133667,1789866317.8929932,0
time/rollout/predict,139,7.003973007202148,1789867224.145885,0
time/rollout/predict,140,8.693374633789062,1789868619.807894,0
time/rollout/predict,141,25.422012329101562,1789869518.1873395,0
time/rollout/predict,142,21.414440155029297,1789870408.9066536,0
time/rollout/predict,143,6.902498722076416,1789871324.246737,0
time/rollout/predict,144,21.83062744140625,1789872217.2609773,0
time/rollout/predict,145,25.614652633666992,1789873546.0749872,0
time/rollout/predict,146,19.911998748779297,1789874462.5779853,0
time/rollout/predict,147,6.900526523590088,1789875356.5902114,0
time/rollout/predict,148,25.217397689819336,1789876285.7071216,0
time/rollout/generate_one_epoch,1,728.7327880859375,1789735381.1784084,0
time/rollout/generate_one_epoch,2,750.4287719726562,1789736158.3124611,0
time/rollout/generate_one_epoch,3,746.5810546875,1789736932.3642595,0
time/rollout/generate_one_epoch,4,756.2603149414062,1789737712.384147,0
time/rollout/generate_one_epoch,5,744.8262939453125,1789738848.0622349,0
time/rollout/generate_one_epoch,6,795.5256958007812,1789739665.6961079,0
time/rollout/generate_one_epoch,7,773.689453125,1789740462.6898465,0
time/rollout/generate_one_epoch,8,797.91943359375,1789741284.2970638,0
time/rollout/generate_one_epoch,9,774.6129150390625,1789742089.6709993,0
time/rollout/generate_one_epoch,10,790.9478149414062,1789743347.8801553,0
time/rollout/generate_one_epoch,11,837.3623657226562,1789744207.2095919,0
time/rollout/generate_one_epoch,12,825.3546752929688,1789745056.1832125,0
time/rollout/generate_one_epoch,13,818.2691650390625,1789745898.4743998,0
time/rollout/generate_one_epoch,14,799.7045288085938,1789746730.2783513,0
time/rollout/generate_one_epoch,15,803.1813354492188,1789747942.3715749,0
time/rollout/generate_one_epoch,16,810.9520874023438,1789748774.9768975,0
time/rollout/generate_one_epoch,17,818.990966796875,1789749617.7079432,0
time/rollout/generate_one_epoch,18,787.20654296875,1789750438.1760159,0
time/rollout/generate_one_epoch,19,793.8768310546875,1789751264.423534,0
time/rollout/generate_one_epoch,20,789.9474487304688,1789752529.3239303,0
time/rollout/generate_one_epoch,21,794.6248779296875,1789753344.5359018,0
time/rollout/generate_one_epoch,22,803.1673583984375,1789754176.8144202,0
time/rollout/generate_one_epoch,23,808.9617919921875,1789755010.2261298,0
time/rollout/generate_one_epoch,24,824.7395629882812,1789755859.705567,0
time/rollout/generate_one_epoch,25,828.1574096679688,1789757090.5709934,0
time/rollout/generate_one_epoch,26,838.7672729492188,1789757960.9324965,0
time/rollout/generate_one_epoch,27,809.6188354492188,1789758804.3882043,0
time/rollout/generate_one_epoch,28,843.9992065429688,1789759671.643234,0
time/rollout/generate_one_epoch,29,816.7210083007812,1789760512.3555954,0
time/rollout/generate_one_epoch,30,836.7940063476562,1789761821.0386202,0
time/rollout/generate_one_epoch,31,838.5406494140625,1789762701.7587178,0
time/rollout/generate_one_epoch,32,857.7863159179688,1789763583.5877547,0
time/rollout/generate_one_epoch,33,831.5860595703125,1789764439.596321,0
time/rollout/generate_one_epoch,34,839.209228515625,1789765303.160278,0
time/rollout/generate_one_epoch,35,845.08056640625,1789766576.85961,0
time/rollout/generate_one_epoch,36,846.4109497070312,1789767456.945719,0
time/rollout/generate_one_epoch,37,817.5472412109375,1789768311.1012366,0
time/rollout/generate_one_epoch,38,815.6181640625,1789769149.8318317,0
time/rollout/generate_one_epoch,39,819.2450561523438,1789770004.524428,0
time/rollout/generate_one_epoch,40,833.7454833984375,1789771319.413133,0
time/rollout/generate_one_epoch,41,854.771728515625,1789772195.23566,0
time/rollout/generate_one_epoch,42,836.9622192382812,1789773056.1753755,0
time/rollout/generate_one_epoch,43,833.6685791015625,1789773912.595383,0
time/rollout/generate_one_epoch,44,830.4329223632812,1789774779.967271,0
time/rollout/generate_one_epoch,45,801.6365966796875,1789776009.4537873,0
time/rollout/generate_one_epoch,46,826.8955078125,1789776858.1647458,0
time/rollout/generate_one_epoch,47,845.2503662109375,1789777727.6040642,0
time/rollout/generate_one_epoch,48,836.7527465820312,1789778587.5729754,0
time/rollout/generate_one_epoch,49,838.2415771484375,1789779450.0542214,0
time/rollout/generate_one_epoch,50,838.1156616210938,1789780757.7269435,0
time/rollout/generate_one_epoch,51,808.8748168945312,1789781598.431301,0
time/rollout/generate_one_epoch,52,836.44921875,1789782457.9986835,0
time/rollout/generate_one_epoch,53,853.9017333984375,1789783335.695566,0
time/rollout/generate_one_epoch,54,839.2554321289062,1789784199.8607283,0
time/rollout/generate_one_epoch,55,846.4593505859375,1789785454.84031,0
time/rollout/generate_one_epoch,56,859.7169189453125,1789786349.0631943,0
time/rollout/generate_one_epoch,57,834.5451049804688,1789787220.0625725,0
time/rollout/generate_one_epoch,58,844.2568359375,1789788098.7091036,0
time/rollout/generate_one_epoch,59,859.2742309570312,1789788982.3457987,0
time/rollout/generate_one_epoch,60,846.5031127929688,1789790306.359142,0
time/rollout/generate_one_epoch,61,845.043212890625,1789791172.76036,0
time/rollout/generate_one_epoch,62,837.3162841796875,1789792032.8221996,0
time/rollout/generate_one_epoch,63,823.0474853515625,1789792890.8277962,0
time/rollout/generate_one_epoch,64,840.2218017578125,1789793764.938754,0
time/rollout/generate_one_epoch,65,835.4675903320312,1789795027.8145235,0
time/rollout/generate_one_epoch,66,852.958984375,1789795901.7054312,0
time/rollout/generate_one_epoch,67,857.1293334960938,1789796782.4731994,0
time/rollout/generate_one_epoch,68,861.1517333984375,1789797666.4918933,0
time/rollout/generate_one_epoch,69,835.62939453125,1789798529.0212219,0
time/rollout/generate_one_epoch,70,854.0325317382812,1789799875.5472455,0
time/rollout/generate_one_epoch,71,832.065185546875,1789800740.3206162,0
time/rollout/generate_one_epoch,72,869.2659912109375,1789801632.67183,0
time/rollout/generate_one_epoch,73,855.4116821289062,1789802511.2896726,0
time/rollout/generate_one_epoch,74,864.791748046875,1789803399.5231123,0
time/rollout/generate_one_epoch,75,873.806396484375,1789804709.1155305,0
time/rollout/generate_one_epoch,76,830.0233154296875,1789805572.0165987,0
time/rollout/generate_one_epoch,77,831.0257568359375,1789806438.0797112,0
time/rollout/generate_one_epoch,78,839.2389526367188,1789807311.8909326,0
time/rollout/generate_one_epoch,79,825.8477783203125,1789808161.6142042,0
time/rollout/generate_one_epoch,80,824.7113037109375,1789809490.291771,0
time/rollout/generate_one_epoch,81,853.3432006835938,1789810380.097038,0
time/rollout/generate_one_epoch,82,844.4241943359375,1789811260.460219,0
time/rollout/generate_one_epoch,83,857.1060180664062,1789812153.2417533,0
time/rollout/generate_one_epoch,84,844.2662353515625,1789813033.9452553,0
time/rollout/generate_one_epoch,85,847.7230224609375,1789814312.205448,0
time/rollout/generate_one_epoch,86,865.124755859375,1789815198.4765906,0
time/rollout/generate_one_epoch,87,870.6306762695312,1789816092.0809634,0
time/rollout/generate_one_epoch,88,862.3551635742188,1789816977.7835946,0
time/rollout/generate_one_epoch,89,845.4472045898438,1789817875.811657,0
time/rollout/generate_one_epoch,90,861.5332641601562,1789819258.6135957,0
time/rollout/generate_one_epoch,91,883.7744750976562,1789820165.0580435,0
time/rollout/generate_one_epoch,92,872.283447265625,1789821060.8194413,0
time/rollout/generate_one_epoch,93,874.8279418945312,1789821959.3851106,0
time/rollout/generate_one_epoch,94,861.5997314453125,1789822844.5023131,0
time/rollout/generate_one_epoch,95,861.9343872070312,1789824159.960349,0
time/rollout/generate_one_epoch,96,873.4694213867188,1789825054.568477,0
time/rollout/generate_one_epoch,97,859.8817749023438,1789825948.5390284,0
time/rollout/generate_one_epoch,98,859.739501953125,1789826861.0129137,0
time/rollout/generate_one_epoch,99,860.9119873046875,1789827745.5782514,0
time/rollout/generate_one_epoch,100,870.4891357421875,1789829118.236029,0
time/rollout/generate_one_epoch,101,860.0304565429688,1789830009.8320296,0
time/rollout/generate_one_epoch,102,869.3005981445312,1789830915.9252632,0
time/rollout/generate_one_epoch,103,853.794677734375,1789831806.6381779,0
time/rollout/generate_one_epoch,104,871.1017456054688,1789832718.998771,0
time/rollout/generate_one_epoch,105,883.8353271484375,1789834041.4825523,0
time/rollout/generate_one_epoch,106,919.08544921875,1789834981.8541985,0
time/rollout/generate_one_epoch,107,862.776123046875,1789835868.4320354,0
time/rollout/generate_one_epoch,108,830.8239135742188,1789836735.7081218,0
time/rollout/generate_one_epoch,109,841.6551513671875,1789837618.130435,0
time/rollout/generate_one_epoch,110,841.95068359375,1789838967.5050428,0
time/rollout/generate_one_epoch,111,885.0745239257812,1789839873.94777,0
time/rollout/generate_one_epoch,112,877.7108154296875,1789840774.8567426,0
time/rollout/generate_one_epoch,113,863.9779663085938,1789841662.7339318,0
time/rollout/generate_one_epoch,114,877.164794921875,1789842563.6539931,0
time/rollout/generate_one_epoch,115,874.2882690429688,1789843890.6739461,0
time/rollout/generate_one_epoch,116,860.7267456054688,1789844788.211339,0
time/rollout/generate_one_epoch,117,885.0701904296875,1789845696.5370784,0
time/rollout/generate_one_epoch,118,867.933837890625,1789846589.4160554,0
time/rollout/generate_one_epoch,119,867.2908935546875,1789847480.2849631,0
time/rollout/generate_one_epoch,120,847.0413818359375,1789848833.6250691,0
time/rollout/generate_one_epoch,121,873.5015869140625,1789849726.8694892,0
time/rollout/generate_one_epoch,122,857.511962890625,1789850608.2752945,0
time/rollout/generate_one_epoch,123,872.9783325195312,1789851504.2524939,0
time/rollout/generate_one_epoch,124,854.4386596679688,1789852381.722466,0
time/rollout/generate_one_epoch,125,894.8222045898438,1789853698.223037,0
time/rollout/generate_one_epoch,126,876.7091064453125,1789854595.6979887,0
time/rollout/generate_one_epoch,127,864.3973388671875,1789855482.7764685,0
time/rollout/generate_one_epoch,128,872.2880859375,1789856378.0275066,0
time/rollout/generate_one_epoch,129,864.1815185546875,1789857265.1449666,0
time/rollout/generate_one_epoch,130,833.5828857421875,1789858604.4949567,0
time/rollout/generate_one_epoch,131,876.2180786132812,1789859500.9613934,0
time/rollout/generate_one_epoch,132,881.5935668945312,1789860405.561718,0
time/rollout/generate_one_epoch,133,893.366943359375,1789861321.6390893,0
time/rollout/generate_one_epoch,134,897.2147827148438,1789862242.7011151,0
time/rollout/generate_one_epoch,135,870.9320068359375,1789863585.6598308,0
time/rollout/generate_one_epoch,136,894.6685791015625,1789864520.2150831,0
time/rollout/generate_one_epoch,137,864.0046997070312,1789865419.9349535,0
time/rollout/generate_one_epoch,138,858.58056640625,1789866317.8930013,0
time/rollout/generate_one_epoch,139,882.9015502929688,1789867224.145892,0
time/rollout/generate_one_epoch,140,889.8158569335938,1789868619.8079002,0
time/rollout/generate_one_epoch,141,867.4539794921875,1789869518.1873465,0
time/rollout/generate_one_epoch,142,853.6373291015625,1789870408.9066603,0
time/rollout/generate_one_epoch,143,892.2981567382812,1789871324.2467434,0
time/rollout/generate_one_epoch,144,869.2064208984375,1789872217.2609837,0
time/rollout/generate_one_epoch,145,878.7686157226562,1789873546.0749934,0
time/rollout/generate_one_epoch,146,878.9043579101562,1789874462.5779924,0
time/rollout/generate_one_epoch,147,857.9273071289062,1789875356.5902264,0
time/rollout/generate_one_epoch,148,904.3519897460938,1789876285.7071283,0
time/rollout/rollout/generate,1,735.8003540039062,1789735381.1784153,0
time/rollout/rollout/generate,2,757.1121826171875,1789736158.3124666,0
time/rollout/rollout/generate,3,752.0120849609375,1789736932.3642664,0
time/rollout/rollout/generate,4,761.3845825195312,1789737712.3841534,0
time/rollout/rollout/generate,5,750.2904663085938,1789738848.0622413,0
time/rollout/rollout/generate,6,801.6846923828125,1789739665.6961167,0
time/rollout/rollout/generate,7,778.7974243164062,1789740462.6898534,0
time/rollout/rollout/generate,8,803.351318359375,1789741284.2970703,0
time/rollout/rollout/generate,9,779.7901000976562,1789742089.6710055,0
time/rollout/rollout/generate,10,796.0057983398438,1789743347.8801622,0
time/rollout/rollout/generate,11,843.6480712890625,1789744207.2095983,0
time/rollout/rollout/generate,12,830.6211547851562,1789745056.1832204,0
time/rollout/rollout/generate,13,823.5003662109375,1789745898.4744067,0
time/rollout/rollout/generate,14,805.3787231445312,1789746730.2783575,0
time/rollout/rollout/generate,15,808.2745971679688,1789747942.3715844,0
time/rollout/rollout/generate,16,817.0968627929688,1789748774.976904,0
time/rollout/rollout/generate,17,824.3756713867188,1789749617.7079499,0
time/rollout/rollout/generate,18,793.6574096679688,1789750438.1760225,0
time/rollout/rollout/generate,19,799.8203735351562,1789751264.4235399,0
time/rollout/rollout/generate,20,796.0867309570312,1789752529.3239365,0
time/rollout/rollout/generate,21,800.3463134765625,1789753344.5359085,0
time/rollout/rollout/generate,22,808.1937255859375,1789754176.8144267,0
time/rollout/rollout/generate,23,815.1367797851562,1789755010.2261357,0
time/rollout/rollout/generate,24,830.09375,1789755859.7055733,0
time/rollout/rollout/generate,25,833.4840087890625,1789757090.5709999,0
time/rollout/rollout/generate,26,845.3574829101562,1789757960.9325032,0
time/rollout/rollout/generate,27,814.8856201171875,1789758804.3882108,0
time/rollout/rollout/generate,28,849.4859619140625,1789759671.6432402,0
time/rollout/rollout/generate,29,822.8341064453125,1789760512.3556023,0
time/rollout/rollout/generate,30,841.8694458007812,1789761821.0386267,0
time/rollout/rollout/generate,31,855.1204833984375,1789762701.7587237,0
time/rollout/rollout/generate,32,862.9479370117188,1789763583.5877616,0
time/rollout/rollout/generate,33,837.2020874023438,1789764439.596328,0
time/rollout/rollout/generate,34,844.9053344726562,1789765303.160284,0
time/rollout/rollout/generate,35,850.3082275390625,1789766576.8596165,0
time/rollout/rollout/generate,36,852.143310546875,1789767456.9457276,0
time/rollout/rollout/generate,37,823.7926025390625,1789768311.101243,0
time/rollout/rollout/generate,38,820.7666625976562,1789769149.8318381,0
time/rollout/rollout/generate,39,836.2183837890625,1789770004.524434,0
time/rollout/rollout/generate,40,839.3014526367188,1789771319.4131393,0
time/rollout/rollout/generate,41,861.1996459960938,1789772195.2356668,0
time/rollout/rollout/generate,42,843.026611328125,1789773056.175382,0
time/rollout/rollout/generate,43,838.5164794921875,1789773912.5953898,0
time/rollout/rollout/generate,44,835.5636596679688,1789774779.9672773,0
time/rollout/rollout/generate,45,817.6942749023438,1789776009.4537938,0
time/rollout/rollout/generate,46,833.798095703125,1789776858.1647522,0
time/rollout/rollout/generate,47,851.261962890625,1789777727.6040707,0
time/rollout/rollout/generate,48,841.6500244140625,1789778587.572984,0
time/rollout/rollout/generate,49,843.9378662109375,1789779450.0542278,0
time/rollout/rollout/generate,50,843.6790771484375,1789780757.7269502,0
time/rollout/rollout/generate,51,815.372314453125,1789781598.431307,0
time/rollout/rollout/generate,52,841.3814697265625,1789782457.9986897,0
time/rollout/rollout/generate,53,859.35595703125,1789783335.6955721,0
time/rollout/rollout/generate,54,845.95556640625,1789784199.860735,0
time/rollout/rollout/generate,55,851.4225463867188,1789785454.8403165,0
time/rollout/rollout/generate,56,867.1915893554688,1789786349.0632007,0
time/rollout/rollout/generate,57,841.1356201171875,1789787220.0625794,0
time/rollout/rollout/generate,58,850.6246337890625,1789788098.70911,0
time/rollout/rollout/generate,59,865.2536010742188,1789788982.3458095,0
time/rollout/rollout/generate,60,852.8036499023438,1789790306.3591487,0
time/rollout/rollout/generate,61,851.7589721679688,1789791172.7603672,0
time/rollout/rollout/generate,62,842.3716430664062,1789792032.8222065,0
time/rollout/rollout/generate,63,828.156982421875,1789792890.827803,0
time/rollout/rollout/generate,64,845.1168212890625,1789793764.9387608,0
time/rollout/rollout/generate,65,840.7806396484375,1789795027.8145313,0
time/rollout/rollout/generate,66,859.1406860351562,1789795901.7054374,0
time/rollout/rollout/generate,67,862.4898681640625,1789796782.4732058,0
time/rollout/rollout/generate,68,866.3041381835938,1789797666.4919014,0
time/rollout/rollout/generate,69,843.8359375,1789798529.0212286,0
time/rollout/rollout/generate,70,859.0377197265625,1789799875.5472517,0
time/rollout/rollout/generate,71,838.46142578125,1789800740.3206232,0
time/rollout/rollout/generate,72,874.1868896484375,1789801632.671844,0
time/rollout/rollout/generate,73,860.4368286132812,1789802511.289679,0
time/rollout/rollout/generate,74,870.5228271484375,1789803399.5231187,0
time/rollout/rollout/generate,75,878.6212158203125,1789804709.1155367,0
time/rollout/rollout/generate,76,835.818603515625,1789805572.016605,0
time/rollout/rollout/generate,77,836.4464721679688,1789806438.0797174,0
time/rollout/rollout/generate,78,844.2044677734375,1789807311.8909392,0
time/rollout/rollout/generate,79,831.1350708007812,1789808161.6142108,0
time/rollout/rollout/generate,80,830.2832641601562,1789809490.2917771,0
time/rollout/rollout/generate,81,859.9685668945312,1789810380.0970452,0
time/rollout/rollout/generate,82,849.60791015625,1789811260.4602258,0
time/rollout/rollout/generate,83,862.1217651367188,1789812153.24176,0
time/rollout/rollout/generate,84,849.0979614257812,1789813033.9452617,0
time/rollout/rollout/generate,85,852.6834716796875,1789814312.2054546,0
time/rollout/rollout/generate,86,871.4344482421875,1789815198.4765975,0
time/rollout/rollout/generate,87,875.4943237304688,1789816092.0809734,0
time/rollout/rollout/generate,88,867.509521484375,1789816977.7836008,0
time/rollout/rollout/generate,89,851.458984375,1789817875.8116632,0
time/rollout/rollout/generate,90,866.3602294921875,1789819258.6136022,0
time/rollout/rollout/generate,91,890.48095703125,1789820165.0580497,0
time/rollout/rollout/generate,92,877.7149047851562,1789821060.8194475,0
time/rollout/rollout/generate,93,880.4987182617188,1789821959.3851173,0
time/rollout/rollout/generate,94,866.5299072265625,1789822844.502319,0
time/rollout/rollout/generate,95,867.0989379882812,1789824159.9603555,0
time/rollout/rollout/generate,96,879.7742309570312,1789825054.568483,0
time/rollout/rollout/generate,97,865.888671875,1789825948.5390348,0
time/rollout/rollout/generate,98,864.8942260742188,1789826861.0129237,0
time/rollout/rollout/generate,99,866.1409912109375,1789827745.578258,0
time/rollout/rollout/generate,100,875.6981811523438,1789829118.2360363,0
time/rollout/rollout/generate,101,865.4981689453125,1789830009.8320363,0
time/rollout/rollout/generate,102,874.2588500976562,1789830915.9252758,0
time/rollout/rollout/generate,103,859.6180419921875,1789831806.6381843,0
time/rollout/rollout/generate,104,876.5863037109375,1789832718.9987776,0
time/rollout/rollout/generate,105,889.281005859375,1789834041.4825594,0
time/rollout/rollout/generate,106,925.5477905273438,1789834981.8542066,0
time/rollout/rollout/generate,107,868.2824096679688,1789835868.4320416,0
time/rollout/rollout/generate,108,836.0654296875,1789836735.7081282,0
time/rollout/rollout/generate,109,846.5415649414062,1789837618.130442,0
time/rollout/rollout/generate,110,846.9696655273438,1789838967.505049,0
time/rollout/rollout/generate,111,891.672119140625,1789839873.947777,0
time/rollout/rollout/generate,112,882.7284545898438,1789840774.8567495,0
time/rollout/rollout/generate,113,869.23095703125,1789841662.7339382,0
time/rollout/rollout/generate,114,882.2374267578125,1789842563.6539998,0
time/rollout/rollout/generate,115,879.1434936523438,1789843890.673953,0
time/rollout/rollout/generate,116,866.8984375,1789844788.2113457,0
time/rollout/rollout/generate,117,890.08935546875,1789845696.5370843,0
time/rollout/rollout/generate,118,873.9249267578125,1789846589.4160619,0
time/rollout/rollout/generate,119,872.2048950195312,1789847480.2849724,0
time/rollout/rollout/generate,120,852.4359130859375,1789848833.625075,0
time/rollout/rollout/generate,121,878.972900390625,1789849726.8694959,0
time/rollout/rollout/generate,122,863.1264038085938,1789850608.2753057,0
time/rollout/rollout/generate,123,877.9654541015625,1789851504.2525003,0
time/rollout/rollout/generate,124,859.2778930664062,1789852381.722473,0
time/rollout/rollout/generate,125,899.7805786132812,1789853698.2230434,0
time/rollout/rollout/generate,126,883.111328125,1789854595.6979952,0
time/rollout/rollout/generate,127,869.1608276367188,1789855482.7764752,0
time/rollout/rollout/generate,128,877.1914672851562,1789856378.0275133,0
time/rollout/rollout/generate,129,869.1756591796875,1789857265.1449735,0
time/rollout/rollout/generate,130,838.7662353515625,1789858604.4949634,0
time/rollout/rollout/generate,131,882.17578125,1789859500.9614,0
time/rollout/rollout/generate,132,886.63525390625,1789860405.5617251,0
time/rollout/rollout/generate,133,898.2919921875,1789861321.6390955,0
time/rollout/rollout/generate,134,902.5232543945312,1789862242.7011263,0
time/rollout/rollout/generate,135,875.6697998046875,1789863585.6598372,0
time/rollout/rollout/generate,136,900.4259033203125,1789864520.2150893,0
time/rollout/rollout/generate,137,868.6466064453125,1789865419.9349604,0
time/rollout/rollout/generate,138,878.9685668945312,1789866317.8930078,0
time/rollout/rollout/generate,139,887.8944091796875,1789867224.1458988,0
time/rollout/rollout/generate,140,894.8948974609375,1789868619.8079069,0
time/rollout/rollout/generate,141,873.1782836914062,1789869518.1873534,0
time/rollout/rollout/generate,142,858.5499267578125,1789870408.906667,0
time/rollout/rollout/generate,143,897.4231567382812,1789871324.2467499,0
time/rollout/rollout/generate,144,874.451171875,1789872217.2609901,0
time/rollout/rollout/generate,145,883.8869018554688,1789873546.0749996,0
time/rollout/rollout/generate,146,884.7001953125,1789874462.577999,0
time/rollout/rollout/generate,147,863.0657958984375,1789875356.5902386,0
time/rollout/rollout/generate,148,909.2818603515625,1789876285.7071347,0
time/actor/actor/sync_model_to_rollout,1,11.292730331420898,1789735381.178422,0
time/actor/actor/sync_model_to_rollout,2,3.2352423667907715,1789736158.3124728,0
time/actor/actor/sync_model_to_rollout,3,2.763061046600342,1789736932.3642728,0
time/actor/actor/sync_model_to_rollout,4,2.7358932495117188,1789737712.3841596,0
time/actor/actor/sync_model_to_rollout,5,5.3193440437316895,1789738848.0622547,0
time/actor/actor/sync_model_to_rollout,6,2.072195529937744,1789739665.6961267,0
time/actor/actor/sync_model_to_rollout,7,2.70145583152771,1789740462.68986,0
time/actor/actor/sync_model_to_rollout,8,2.530752420425415,1789741284.2970765,0
time/actor/actor/sync_model_to_rollout,9,2.737823009490967,1789742089.6710117,0
time/actor/actor/sync_model_to_rollout,10,5.08677864074707,1789743347.8801756,0
time/actor/actor/sync_model_to_rollout,11,2.0058748722076416,1789744207.2096043,0
time/actor/actor/sync_model_to_rollout,12,2.6249940395355225,1789745056.1832275,0
time/actor/actor/sync_model_to_rollout,13,2.997661590576172,1789745898.4744134,0
time/actor/actor/sync_model_to_rollout,14,2.5936994552612305,1789746730.2783647,0
time/actor/actor/sync_model_to_rollout,15,5.360217571258545,1789747942.3716009,0
time/actor/actor/sync_model_to_rollout,16,2.2308695316314697,1789748774.9769104,0
time/actor/actor/sync_model_to_rollout,17,2.6103625297546387,1789749617.7079566,0
time/actor/actor/sync_model_to_rollout,18,3.016638994216919,1789750438.176029,0
time/actor/actor/sync_model_to_rollout,19,2.7288386821746826,1789751264.423546,0
time/actor/actor/sync_model_to_rollout,20,5.2467217445373535,1789752529.323949,0
time/actor/actor/sync_model_to_rollout,21,2.235503673553467,1789753344.5359154,0
time/actor/actor/sync_model_to_rollout,22,2.614546537399292,1789754176.8144333,0
time/actor/actor/sync_model_to_rollout,23,2.7136948108673096,1789755010.2261422,0
time/actor/actor/sync_model_to_rollout,24,2.860135078430176,1789755859.7055795,0
time/actor/actor/sync_model_to_rollout,25,5.199492931365967,1789757090.5710125,0
time/actor/actor/sync_model_to_rollout,26,2.0256998538970947,1789757960.93251,0
time/actor/actor/sync_model_to_rollout,27,2.5446653366088867,1789758804.388217,0
time/actor/actor/sync_model_to_rollout,28,2.588597536087036,1789759671.6432467,0
time/actor/actor/sync_model_to_rollout,29,2.5657973289489746,1789760512.3556094,0
time/actor/actor/sync_model_to_rollout,30,5.689183235168457,1789761821.0386393,0
time/actor/actor/sync_model_to_rollout,31,2.0755467414855957,1789762701.75873,0
time/actor/actor/sync_model_to_rollout,32,3.011901617050171,1789763583.5877686,0
time/actor/actor/sync_model_to_rollout,33,2.6683342456817627,1789764439.596334,0
time/actor/actor/sync_model_to_rollout,34,2.5126779079437256,1789765303.1602905,0
time/actor/actor/sync_model_to_rollout,35,5.457418918609619,1789766576.85963,0
time/actor/actor/sync_model_to_rollout,36,2.0266036987304688,1789767456.9457362,0
time/actor/actor/sync_model_to_rollout,37,3.091028928756714,1789768311.1012497,0
time/actor/actor/sync_model_to_rollout,38,2.790466785430908,1789769149.831845,0
time/actor/actor/sync_model_to_rollout,39,2.558837652206421,1789770004.5244405,0
time/actor/actor/sync_model_to_rollout,40,5.229317665100098,1789771319.413152,0
time/actor/actor/sync_model_to_rollout,41,1.9216240644454956,1789772195.235673,0
time/actor/actor/sync_model_to_rollout,42,2.657684087753296,1789773056.1753883,0
time/actor/actor/sync_model_to_rollout,43,2.7109692096710205,1789773912.5953963,0
time/actor/actor/sync_model_to_rollout,44,2.904158353805542,1789774779.967284,0
time/actor/actor/sync_model_to_rollout,45,5.29469108581543,1789776009.4538069,0
time/actor/actor/sync_model_to_rollout,46,2.0503690242767334,1789776858.1647582,0
time/actor/actor/sync_model_to_rollout,47,2.559706449508667,1789777727.6040769,0
time/actor/actor/sync_model_to_rollout,48,2.834686756134033,1789778587.5729928,0
time/actor/actor/sync_model_to_rollout,49,2.638329267501831,1789779450.0542338,0
time/actor/actor/sync_model_to_rollout,50,5.086270809173584,1789780757.7269642,0
time/actor/actor/sync_model_to_rollout,51,2.005805730819702,1789781598.431313,0
time/actor/actor/sync_model_to_rollout,52,2.669555425643921,1789782457.9986966,0
time/actor/actor/sync_model_to_rollout,53,2.872187376022339,1789783335.6955783,0
time/actor/actor/sync_model_to_rollout,54,2.834662914276123,1789784199.8607416,0
time/actor/actor/sync_model_to_rollout,55,5.285068511962891,1789785454.840329,0
time/actor/actor/sync_model_to_rollout,56,2.2277581691741943,1789786349.063207,0
time/actor/actor/sync_model_to_rollout,57,2.678537130355835,1789787220.0625863,0
time/actor/actor/sync_model_to_rollout,58,2.62481427192688,1789788098.7091167,0
time/actor/actor/sync_model_to_rollout,59,2.659132242202759,1789788982.3458192,0
time/actor/actor/sync_model_to_rollout,60,5.129158973693848,1789790306.3591619,0
time/actor/actor/sync_model_to_rollout,61,1.9162564277648926,1789791172.7603736,0
time/actor/actor/sync_model_to_rollout,62,2.521103620529175,1789792032.8222132,0
time/actor/actor/sync_model_to_rollout,63,3.1272025108337402,1789792890.8278096,0
time/actor/actor/sync_model_to_rollout,64,2.751199722290039,1789793764.9387674,0
time/actor/actor/sync_model_to_rollout,65,5.234917163848877,1789795027.814545,0
time/actor/actor/sync_model_to_rollout,66,2.0404787063598633,1789795901.7054443,0
time/actor/actor/sync_model_to_rollout,67,2.6513278484344482,1789796782.4732127,0
time/actor/actor/sync_model_to_rollout,68,2.499514102935791,1789797666.4919107,0
time/actor/actor/sync_model_to_rollout,69,2.5336039066314697,1789798529.0212352,0
time/actor/actor/sync_model_to_rollout,70,5.276429176330566,1789799875.5472648,0
time/actor/actor/sync_model_to_rollout,71,2.015698194503784,1789800740.32063,0
time/actor/actor/sync_model_to_rollout,72,2.672520399093628,1789801632.6718564,0
time/actor/actor/sync_model_to_rollout,73,2.7517576217651367,1789802511.2896855,0
time/actor/actor/sync_model_to_rollout,74,2.8389041423797607,1789803399.5231252,0
time/actor/actor/sync_model_to_rollout,75,5.098187446594238,1789804709.1155498,0
time/actor/actor/sync_model_to_rollout,76,2.003676176071167,1789805572.0166113,0
time/actor/actor/sync_model_to_rollout,77,2.515512704849243,1789806438.079724,0
time/actor/actor/sync_model_to_rollout,78,2.6003026962280273,1789807311.8909454,0
time/actor/actor/sync_model_to_rollout,79,2.614048480987549,1789808161.6142175,0
time/actor/actor/sync_model_to_rollout,80,5.1486711502075195,1789809490.2917893,0
time/actor/actor/sync_model_to_rollout,81,2.053959846496582,1789810380.0970516,0
time/actor/actor/sync_model_to_rollout,82,2.7004566192626953,1789811260.4602325,0
time/actor/actor/sync_model_to_rollout,83,2.8303403854370117,1789812153.2417667,0
time/actor/actor/sync_model_to_rollout,84,2.5144312381744385,1789813033.9452684,0
time/actor/actor/sync_model_to_rollout,85,5.311555862426758,1789814312.205467,0
time/actor/actor/sync_model_to_rollout,86,2.0454719066619873,1789815198.476604,0
time/actor/actor/sync_model_to_rollout,87,2.590855836868286,1789816092.080983,0
time/actor/actor/sync_model_to_rollout,88,2.7153327465057373,1789816977.783607,0
time/actor/actor/sync_model_to_rollout,89,2.905552864074707,1789817875.8116698,0
time/actor/actor/sync_model_to_rollout,90,5.1707329750061035,1789819258.613616,0
time/actor/actor/sync_model_to_rollout,91,2.7471065521240234,1789820165.058056,0
time/actor/actor/sync_model_to_rollout,92,2.821593999862671,1789821060.8194535,0
time/actor/actor/sync_model_to_rollout,93,2.677018404006958,1789821959.3851233,0
time/actor/actor/sync_model_to_rollout,94,2.682720422744751,1789822844.5023255,0
time/actor/actor/sync_model_to_rollout,95,5.40922737121582,1789824159.9603682,0
time/actor/actor/sync_model_to_rollout,96,2.0029823780059814,1789825054.5684893,0
time/actor/actor/sync_model_to_rollout,97,2.924617290496826,1789825948.539041,0
time/actor/actor/sync_model_to_rollout,98,2.634735345840454,1789826861.012934,0
time/actor/actor/sync_model_to_rollout,99,2.6466379165649414,1789827745.5782642,0
time/actor/actor/sync_model_to_rollout,100,5.143248081207275,1789829118.2360497,0
time/actor/actor/sync_model_to_rollout,101,1.8834887742996216,1789830009.832043,0
time/actor/actor/sync_model_to_rollout,102,2.901534080505371,1789830915.9252868,0
time/actor/actor/sync_model_to_rollout,103,2.717573642730713,1789831806.6381903,0
time/actor/actor/sync_model_to_rollout,104,2.673663377761841,1789832718.9987843,0
time/actor/actor/sync_model_to_rollout,105,5.305217742919922,1789834041.482573,0
time/actor/actor/sync_model_to_rollout,106,2.1605207920074463,1789834981.854215,0
time/actor/actor/sync_model_to_rollout,107,2.7251176834106445,1789835868.4320483,0
time/actor/actor/sync_model_to_rollout,108,2.645552396774292,1789836735.708135,0
time/actor/actor/sync_model_to_rollout,109,2.9167377948760986,1789837618.1304483,0
time/actor/actor/sync_model_to_rollout,110,5.330965518951416,1789838967.5050619,0
time/actor/actor/sync_model_to_rollout,111,2.239154577255249,1789839873.9477832,0
time/actor/actor/sync_model_to_rollout,112,2.611710786819458,1789840774.8567555,0
time/actor/actor/sync_model_to_rollout,113,2.9396073818206787,1789841662.7339456,0
time/actor/actor/sync_model_to_rollout,114,2.8724451065063477,1789842563.6540065,0
time/actor/actor/sync_model_to_rollout,115,5.2610015869140625,1789843890.6739662,0
time/actor/actor/sync_model_to_rollout,116,2.00899338722229,1789844788.2113526,0
time/actor/actor/sync_model_to_rollout,117,2.873746395111084,1789845696.5370908,0
time/actor/actor/sync_model_to_rollout,118,2.615952491760254,1789846589.416069,0
time/actor/actor/sync_model_to_rollout,119,2.642293930053711,1789847480.2849813,0
time/actor/actor/sync_model_to_rollout,120,5.342525005340576,1789848833.6250877,0
time/actor/actor/sync_model_to_rollout,121,1.9676172733306885,1789849726.8695023,0
time/actor/actor/sync_model_to_rollout,122,2.7576329708099365,1789850608.2753153,0
time/actor/actor/sync_model_to_rollout,123,2.6498446464538574,1789851504.252507,0
time/actor/actor/sync_model_to_rollout,124,2.6138646602630615,1789852381.7224793,0
time/actor/actor/sync_model_to_rollout,125,5.532977104187012,1789853698.2230577,0
time/actor/actor/sync_model_to_rollout,126,2.0674633979797363,1789854595.6980019,0
time/actor/actor/sync_model_to_rollout,127,2.5952651500701904,1789855482.7764814,0
time/actor/actor/sync_model_to_rollout,128,2.603910446166992,1789856378.0275197,0
time/actor/actor/sync_model_to_rollout,129,2.679872989654541,1789857265.1449802,0
time/actor/actor/sync_model_to_rollout,130,5.22614049911499,1789858604.494976,0
time/actor/actor/sync_model_to_rollout,131,1.926826000213623,1789859500.9614067,0
time/actor/actor/sync_model_to_rollout,132,2.727508068084717,1789860405.5617313,0
time/actor/actor/sync_model_to_rollout,133,2.5650506019592285,1789861321.6391015,0
time/actor/actor/sync_model_to_rollout,134,2.562155246734619,1789862242.7011366,0
time/actor/actor/sync_model_to_rollout,135,5.26890754699707,1789863585.65985,0
time/actor/actor/sync_model_to_rollout,136,2.0494046211242676,1789864520.2150955,0
time/actor/actor/sync_model_to_rollout,137,2.7344276905059814,1789865419.9349668,0
time/actor/actor/sync_model_to_rollout,138,2.600447177886963,1789866317.8930142,0
time/actor/actor/sync_model_to_rollout,139,2.720139980316162,1789867224.1459053,0
time/actor/actor/sync_model_to_rollout,140,5.456113815307617,1789868619.80792,0
time/actor/actor/sync_model_to_rollout,141,2.1546080112457275,1789869518.18736,0
time/actor/actor/sync_model_to_rollout,142,2.793569564819336,1789870408.9066734,0
time/actor/actor/sync_model_to_rollout,143,2.6855955123901367,1789871324.246756,0
time/actor/actor/sync_model_to_rollout,144,2.8704190254211426,1789872217.2609966,0
time/actor/actor/sync_model_to_rollout,145,5.394989967346191,1789873546.0750115,0
time/actor/actor/sync_model_to_rollout,146,2.559962034225464,1789874462.5780058,0
time/actor/actor/sync_model_to_rollout,147,2.655587911605835,1789875356.5902498,0
time/actor/actor/sync_model_to_rollout,148,2.691221237182617,1789876285.707141,0
time/actor/actor/recv_traj,1,732.9116821289062,1789735381.1784282,0
time/actor/actor/recv_traj,2,754.1290283203125,1789736158.3124793,0
time/actor/actor/recv_traj,3,749.0218505859375,1789736932.3642817,0
time/actor/actor/recv_traj,4,758.461669921875,1789737712.384166,0
time/actor/actor/recv_traj,5,746.973388671875,1789738848.0622606,0
time/actor/actor/recv_traj,6,798.760986328125,1789739665.696136,0
time/actor/actor/recv_traj,7,775.9120483398438,1789740462.6898665,0
time/actor/actor/recv_traj,8,800.09912109375,1789741284.297083,0
time/actor/actor/recv_traj,9,776.8573608398438,1789742089.6710181,0
time/actor/actor/recv_traj,10,793.1451416015625,1789743347.880182,0
time/actor/actor/recv_traj,11,840.7504272460938,1789744207.209611,0
time/actor/actor/recv_traj,12,827.7660522460938,1789745056.183234,0
time/actor/actor/recv_traj,13,820.7408447265625,1789745898.47442,0
time/actor/actor/recv_traj,14,802.6728515625,1789746730.278371,0
time/actor/actor/recv_traj,15,805.3402099609375,1789747942.3716123,0
time/actor/actor/recv_traj,16,814.4063720703125,1789748774.976917,0
time/actor/actor/recv_traj,17,821.5309448242188,1789749617.707963,0
time/actor/actor/recv_traj,18,790.8062744140625,1789750438.1760354,0
time/actor/actor/recv_traj,19,796.7810668945312,1789751264.4235523,0
time/actor/actor/recv_traj,20,793.193603515625,1789752529.3239558,0
time/actor/actor/recv_traj,21,797.6437377929688,1789753344.5359218,0
time/actor/actor/recv_traj,22,805.4938354492188,1789754176.81444,0
time/actor/actor/recv_traj,23,812.2327270507812,1789755010.2261486,0
time/actor/actor/recv_traj,24,827.105712890625,1789755859.7055857,0
time/actor/actor/recv_traj,25,830.578369140625,1789757090.5710192,0
time/actor/actor/recv_traj,26,842.60595703125,1789757960.9325163,0
time/actor/actor/recv_traj,27,812.1300048828125,1789758804.3882232,0
time/actor/actor/recv_traj,28,846.7259521484375,1789759671.6432533,0
time/actor/actor/recv_traj,29,820.0225830078125,1789760512.3556163,0
time/actor/actor/recv_traj,30,839.1557006835938,1789761821.0386455,0
time/actor/actor/recv_traj,31,842.1229858398438,1789762701.7587366,0
time/actor/actor/recv_traj,32,860.2525024414062,1789763583.5877748,0
time/actor/actor/recv_traj,33,834.4722290039062,1789764439.5963404,0
time/actor/actor/recv_traj,34,842.1980590820312,1789765303.1602967,0
time/actor/actor/recv_traj,35,847.5223388671875,1789766576.8596363,0
time/actor/actor/recv_traj,36,849.3356323242188,1789767456.9457452,0
time/actor/actor/recv_traj,37,821.2193603515625,1789768311.1012564,0
time/actor/actor/recv_traj,38,817.912841796875,1789769149.8318515,0
time/actor/actor/recv_traj,39,833.2449951171875,1789770004.5244467,0
time/actor/actor/recv_traj,40,836.3757934570312,1789771319.4131582,0
time/actor/actor/recv_traj,41,858.4639892578125,1789772195.2356791,0
time/actor/actor/recv_traj,42,840.2070922851562,1789773056.1753945,0
time/actor/actor/recv_traj,43,835.8563842773438,1789773912.5954025,0
time/actor/actor/recv_traj,44,832.75830078125,1789774779.9672902,0
time/actor/actor/recv_traj,45,814.95849609375,1789776009.4538133,0
time/actor/actor/recv_traj,46,830.81005859375,1789776858.1647644,0
time/actor/actor/recv_traj,47,848.6087646484375,1789777727.6040833,0
time/actor/actor/recv_traj,48,839.0195922851562,1789778587.573002,0
time/actor/actor/recv_traj,49,840.9915161132812,1789779450.0542402,0
time/actor/actor/recv_traj,50,840.4940185546875,1789780757.7269714,0
time/actor/actor/recv_traj,51,812.6085815429688,1789781598.4313195,0
time/actor/actor/recv_traj,52,838.7232055664062,1789782457.9987032,0
time/actor/actor/recv_traj,53,856.5979614257812,1789783335.695585,0
time/actor/actor/recv_traj,54,843.1305541992188,1789784199.860748,0
time/actor/actor/recv_traj,55,848.6881713867188,1789785454.8403351,0
time/actor/actor/recv_traj,56,863.295654296875,1789786349.063213,0
time/actor/actor/recv_traj,57,837.1526489257812,1789787220.0625932,0
time/actor/actor/recv_traj,58,847.3432006835938,1789788098.7091231,0
time/actor/actor/recv_traj,59,862.205078125,1789788982.3458297,0
time/actor/actor/recv_traj,60,849.8318481445312,1789790306.3591678,0
time/actor/actor/recv_traj,61,849.1924438476562,1789791172.7603796,0
time/actor/actor/recv_traj,62,839.7049560546875,1789792032.8222194,0
time/actor/actor/recv_traj,63,825.5368041992188,1789792890.8278162,0
time/actor/actor/recv_traj,64,842.49365234375,1789793764.9387739,0
time/actor/actor/recv_traj,65,838.1065063476562,1789795027.8145514,0
time/actor/actor/recv_traj,66,856.6340942382812,1789795901.705451,0
time/actor/actor/recv_traj,67,859.9462280273438,1789796782.473219,0
time/actor/actor/recv_traj,68,863.6986694335938,1789797666.4919195,0
time/actor/actor/recv_traj,69,840.87255859375,1789798529.021242,0
time/actor/actor/recv_traj,70,856.3997802734375,1789799875.547271,0
time/actor/actor/recv_traj,71,835.839599609375,1789800740.3206358,0
time/actor/actor/recv_traj,72,871.5899047851562,1789801632.6718674,0
time/actor/actor/recv_traj,73,857.9277954101562,1789802511.2896917,0
time/actor/actor/recv_traj,74,867.9664306640625,1789803399.5231316,0
time/actor/actor/recv_traj,75,876.1455688476562,1789804709.115556,0
time/actor/actor/recv_traj,76,833.3447875976562,1789805572.016618,0
time/actor/actor/recv_traj,77,833.9573974609375,1789806438.079731,0
time/actor/actor/recv_traj,78,841.6506958007812,1789807311.890952,0
time/actor/actor/recv_traj,79,828.6510009765625,1789808161.614224,0
time/actor/actor/recv_traj,80,827.0633544921875,1789809490.2917955,0
time/actor/actor/recv_traj,81,857.4156494140625,1789810380.097058,0
time/actor/actor/recv_traj,82,846.9804077148438,1789811260.460239,0
time/actor/actor/recv_traj,83,859.5652465820312,1789812153.2417736,0
time/actor/actor/recv_traj,84,846.7770385742188,1789813033.9452748,0
time/actor/actor/recv_traj,85,850.0301513671875,1789814312.2054734,0
time/actor/actor/recv_traj,86,868.915771484375,1789815198.4766107,0
time/actor/actor/recv_traj,87,873.026611328125,1789816092.0809922,0
time/actor/actor/recv_traj,88,865.052734375,1789816977.7836134,0
time/actor/actor/recv_traj,89,849.048828125,1789817875.8116758,0
time/actor/actor/recv_traj,90,863.9166870117188,1789819258.6136224,0
time/actor/actor/recv_traj,91,887.9293212890625,1789820165.0580626,0
time/actor/actor/recv_traj,92,875.1781616210938,1789821060.8194602,0
time/actor/actor/recv_traj,93,877.8389892578125,1789821959.3851295,0
time/actor/actor/recv_traj,94,864.0772094726562,1789822844.5023322,0
time/actor/actor/recv_traj,95,864.6395874023438,1789824159.9603744,0
time/actor/actor/recv_traj,96,877.1266479492188,1789825054.5684953,0
time/actor/actor/recv_traj,97,863.0228881835938,1789825948.5390477,0
time/actor/actor/recv_traj,98,862.2816162109375,1789826861.0129445,0
time/actor/actor/recv_traj,99,863.4824829101562,1789827745.5782702,0
time/actor/actor/recv_traj,100,873.3028564453125,1789829118.2360563,0
time/actor/actor/recv_traj,101,862.8900146484375,1789830009.8320494,0
time/actor/actor/recv_traj,102,871.9616088867188,1789830915.9252963,0
time/actor/actor/recv_traj,103,856.90771484375,1789831806.6381967,0
time/actor/actor/recv_traj,104,873.9424438476562,1789832718.998791,0
time/actor/actor/recv_traj,105,886.5204467773438,1789834041.4825797,0
time/actor/actor/recv_traj,106,922.9749145507812,1789834981.854223,0
time/actor/actor/recv_traj,107,865.6669311523438,1789835868.4320552,0
time/actor/actor/recv_traj,108,833.4752197265625,1789836735.708141,0
time/actor/actor/recv_traj,109,844.0865478515625,1789837618.1304593,0
time/actor/actor/recv_traj,110,844.4674072265625,1789838967.5050683,0
time/actor/actor/recv_traj,111,889.24755859375,1789839873.9477894,0
time/actor/actor/recv_traj,112,879.97705078125,1789840774.8567617,0
time/actor/actor/recv_traj,113,866.8058471679688,1789841662.7339518,0
time/actor/actor/recv_traj,114,879.9159545898438,1789842563.654013,0
time/actor/actor/recv_traj,115,876.8095092773438,1789843890.6739728,0
time/actor/actor/recv_traj,116,864.6798706054688,1789844788.2113588,0
time/actor/actor/recv_traj,117,887.7029418945312,1789845696.5370972,0
time/actor/actor/recv_traj,118,871.420166015625,1789846589.4160757,0
time/actor/actor/recv_traj,119,869.9784545898438,1789847480.2849884,0
time/actor/actor/recv_traj,120,849.82470703125,1789848833.6250944,0
time/actor/actor/recv_traj,121,876.6878662109375,1789849726.869509,0
time/actor/actor/recv_traj,122,860.6236572265625,1789850608.2753253,0
time/actor/actor/recv_traj,123,875.4634399414062,1789851504.2525132,0
time/actor/actor/recv_traj,124,857.0457153320312,1789852381.7224858,0
time/actor/actor/recv_traj,125,897.5419921875,1789853698.223064,0
time/actor/actor/recv_traj,126,880.8313598632812,1789854595.6980083,0
time/actor/actor/recv_traj,127,866.7515258789062,1789855482.776487,0
time/actor/actor/recv_traj,128,875.0203857421875,1789856378.0275261,0
time/actor/actor/recv_traj,129,866.8344116210938,1789857265.1449869,0
time/actor/actor/recv_traj,130,836.401123046875,1789858604.4949822,0
time/actor/actor/recv_traj,131,880.0890502929688,1789859500.9614134,0
time/actor/actor/recv_traj,132,884.4783325195312,1789860405.5617373,0
time/actor/actor/recv_traj,133,896.0380249023438,1789861321.6391075,0
time/actor/actor/recv_traj,134,900.4142456054688,1789862242.701146,0
time/actor/actor/recv_traj,135,873.3921508789062,1789863585.6598566,0
time/actor/actor/recv_traj,136,898.2235717773438,1789864520.2151017,0
time/actor/actor/recv_traj,137,866.2736206054688,1789865419.934973,0
time/actor/actor/recv_traj,138,860.94873046875,1789866317.893021,0
time/actor/actor/recv_traj,139,885.656005859375,1789867224.1459112,0
time/actor/actor/recv_traj,140,892.4257202148438,1789868619.807927,0
time/actor/actor/recv_traj,141,870.59326171875,1789869518.1873665,0
time/actor/actor/recv_traj,142,856.1533813476562,1789870408.9066799,0
time/actor/actor/recv_traj,143,895.2264404296875,1789871324.2467625,0
time/actor/actor/recv_traj,144,872.2362060546875,1789872217.2610028,0
time/actor/actor/recv_traj,145,881.5202026367188,1789873546.075018,0
time/actor/actor/recv_traj,146,882.731201171875,1789874462.5780125,0
time/actor/actor/recv_traj,147,860.8809204101562,1789875356.5902607,0
time/actor/actor/recv_traj,148,907.0863647460938,1789876285.7071471,0
time/actor/actor/compute_adv,1,0.046026621013879776,1789735381.1784348,0
time/actor/actor/compute_adv,2,0.004428486805409193,1789736158.3124857,0
time/actor/actor/compute_adv,3,0.0043873549439013,1789736932.3642883,0
time/actor/actor/compute_adv,4,0.004583509173244238,1789737712.384172,0
time/actor/actor/compute_adv,5,0.004750850144773722,1789738848.0622666,0
time/actor/actor/compute_adv,6,0.007599655073136091,1789739665.6961446,0
time/actor/actor/compute_adv,7,0.005047873128205538,1789740462.6898727,0
time/actor/actor/compute_adv,8,0.004859908018261194,1789741284.2970886,0
time/actor/actor/compute_adv,9,0.00492905406281352,1789742089.6710243,0
time/actor/actor/compute_adv,10,0.006119358818978071,1789743347.8801882,0
time/actor/actor/compute_adv,11,0.005871180910617113,1789744207.2096179,0
time/actor/actor/compute_adv,12,0.005193724762648344,1789745056.1832402,0
time/actor/actor/compute_adv,13,0.005188618786633015,1789745898.474426,0
time/actor/actor/compute_adv,14,0.004703599959611893,1789746730.2783778,0
time/actor/actor/compute_adv,15,0.004818558692932129,1789747942.3716228,0
time/actor/actor/compute_adv,16,0.004965348169207573,1789748774.976923,0
time/actor/actor/compute_adv,17,0.005210010334849358,1789749617.7079692,0
time/actor/actor/compute_adv,18,0.005113539285957813,1789750438.1760414,0
time/actor/actor/compute_adv,19,0.005098321940749884,1789751264.4235585,0
time/actor/actor/compute_adv,20,0.004903644789010286,1789752529.323962,0
time/actor/actor/compute_adv,21,0.0049894568510353565,1789753344.5359282,0
time/actor/actor/compute_adv,22,0.011398745700716972,1789754176.8144464,0
time/actor/actor/compute_adv,23,0.006057318300008774,1789755010.2261555,0
time/actor/actor/compute_adv,24,0.004928677808493376,1789755859.705592,0
time/actor/actor/compute_adv,25,0.00769426766782999,1789757090.5710256,0
time/actor/actor/compute_adv,26,0.004851715173572302,1789757960.932523,0
time/actor/actor/compute_adv,27,0.0048164441250264645,1789758804.3882294,0
time/actor/actor/compute_adv,28,0.00524537730962038,1789759671.643259,0
time/actor/actor/compute_adv,29,0.004903287161141634,1789760512.3556228,0
time/actor/actor/compute_adv,30,0.005701073911041021,1789761821.0386522,0
time/actor/actor/compute_adv,31,0.005660464055836201,1789762701.7587428,0
time/actor/actor/compute_adv,32,0.006210447754710913,1789763583.587781,0
time/actor/actor/compute_adv,33,0.0049833753146231174,1789764439.5963464,0
time/actor/actor/compute_adv,34,0.004729266278445721,1789765303.160303,0
time/actor/actor/compute_adv,35,0.0049203066155314445,1789766576.8596425,0
time/actor/actor/compute_adv,36,0.005293439142405987,1789767456.9457536,0
time/actor/actor/compute_adv,37,0.004791331011801958,1789768311.101263,0
time/actor/actor/compute_adv,38,0.005869120825082064,1789769149.8318582,0
time/actor/actor/compute_adv,39,0.004967433866113424,1789770004.5244532,0
time/actor/actor/compute_adv,40,0.004820661619305611,1789771319.4131646,0
time/actor/actor/compute_adv,41,0.00510053988546133,1789772195.2356856,0
time/actor/actor/compute_adv,42,0.0049971770495176315,1789773056.1754007,0
time/actor/actor/compute_adv,43,0.005261580925434828,1789773912.5954092,0
time/actor/actor/compute_adv,44,0.004983493126928806,1789774779.9672966,0
time/actor/actor/compute_adv,45,0.0052722422406077385,1789776009.4538198,0
time/actor/actor/compute_adv,46,0.004931838717311621,1789776858.1647704,0
time/actor/actor/compute_adv,47,0.0048836092464625835,1789777727.604089,0
time/actor/actor/compute_adv,48,0.004982156213372946,1789778587.5730104,0
time/actor/actor/compute_adv,49,0.006027290131896734,1789779450.0542464,0
time/actor/actor/compute_adv,50,0.006215051747858524,1789780757.7269783,0
time/actor/actor/compute_adv,51,0.004903519060462713,1789781598.4313254,0
time/actor/actor/compute_adv,52,0.005603873636573553,1789782457.9987094,0
time/actor/actor/compute_adv,53,0.004927495960146189,1789783335.6955914,0
time/actor/actor/compute_adv,54,0.006287319120019674,1789784199.860755,0
time/actor/actor/compute_adv,55,0.004860235378146172,1789785454.8403413,0
time/actor/actor/compute_adv,56,0.005947439931333065,1789786349.0632193,0
time/actor/actor/compute_adv,57,0.004709468688815832,1789787220.0625997,0
time/actor/actor/compute_adv,58,0.005070500075817108,1789788098.7091296,0
time/actor/actor/compute_adv,59,0.015215763822197914,1789788982.3458393,0
time/actor/actor/compute_adv,60,0.005009179934859276,1789790306.3591743,0
time/actor/actor/compute_adv,61,0.004741292912513018,1789791172.7603855,0
time/actor/actor/compute_adv,62,0.004873450379818678,1789792032.8222253,0
time/actor/actor/compute_adv,63,0.004805237986147404,1789792890.827823,0
time/actor/actor/compute_adv,64,0.004852389916777611,1789793764.93878,0
time/actor/actor/compute_adv,65,0.005095097701996565,1789795027.8145583,0
time/actor/actor/compute_adv,66,0.004881555214524269,1789795901.7054572,0
time/actor/actor/compute_adv,67,0.004808750003576279,1789796782.4732249,0
time/actor/actor/compute_adv,68,0.0044412072747945786,1789797666.491928,0
time/actor/actor/compute_adv,69,0.004800003953278065,1789798529.021248,0
time/actor/actor/compute_adv,70,0.004918606020510197,1789799875.547277,0
time/actor/actor/compute_adv,71,0.004764958284795284,1789800740.3206422,0
time/actor/actor/compute_adv,72,0.006620781030505896,1789801632.6718771,0
time/actor/actor/compute_adv,73,0.005479617044329643,1789802511.2896981,0
time/actor/actor/compute_adv,74,0.005979861132800579,1789803399.5231376,0
time/actor/actor/compute_adv,75,0.004770939704030752,1789804709.1155622,0
time/actor/actor/compute_adv,76,0.004755518399178982,1789805572.0166242,0
time/actor/actor/compute_adv,77,0.004828544333577156,1789806438.0797374,0
time/actor/actor/compute_adv,78,0.0046419608406722546,1789807311.8909583,0
time/actor/actor/compute_adv,79,0.004933957941830158,1789808161.6142302,0
time/actor/actor/compute_adv,80,0.004848836921155453,1789809490.291802,0
time/actor/actor/compute_adv,81,0.0052185351960361,1789810380.0970647,0
time/actor/actor/compute_adv,82,0.00498827314004302,1789811260.4602456,0
time/actor/actor/compute_adv,83,0.004785376135259867,1789812153.2417798,0
time/actor/actor/compute_adv,84,0.004874684847891331,1789813033.9452815,0
time/actor/actor/compute_adv,85,0.004666119813919067,1789814312.2054796,0
time/actor/actor/compute_adv,86,0.004763948731124401,1789815198.4766164,0
time/actor/actor/compute_adv,87,0.004730858840048313,1789816092.0810025,0
time/actor/actor/compute_adv,88,0.004933117888867855,1789816977.7836196,0
time/actor/actor/compute_adv,89,0.004992668051272631,1789817875.811682,0
time/actor/actor/compute_adv,90,0.004870748147368431,1789819258.6136289,0
time/actor/actor/compute_adv,91,0.006839521694928408,1789820165.0580688,0
time/actor/actor/compute_adv,92,0.005186473019421101,1789821060.8194666,0
time/actor/actor/compute_adv,93,0.006449447944760323,1789821959.3851357,0
time/actor/actor/compute_adv,94,0.005095128435641527,1789822844.502339,0
time/actor/actor/compute_adv,95,0.004905316047370434,1789824159.9603806,0
time/actor/actor/compute_adv,96,0.005124574061483145,1789825054.5685017,0
time/actor/actor/compute_adv,97,0.005816993303596973,1789825948.539054,0
time/actor/actor/compute_adv,98,0.005071831867098808,1789826861.0129557,0
time/actor/actor/compute_adv,99,0.005273705348372459,1789827745.5782764,0
time/actor/actor/compute_adv,100,0.005176433827728033,1789829118.2360628,0
time/actor/actor/compute_adv,101,0.0046724132262170315,1789830009.8320558,0
time/actor/actor/compute_adv,102,0.0066961320117115974,1789830915.925306,0
time/actor/actor/compute_adv,103,0.006392224226146936,1789831806.6382027,0
time/actor/actor/compute_adv,104,0.006947147659957409,1789832718.9987974,0
time/actor/actor/compute_adv,105,0.005364031996577978,1789834041.4825866,0
time/actor/actor/compute_adv,106,0.015451568178832531,1789834981.8542309,0
time/actor/actor/compute_adv,107,0.0061493078246712685,1789835868.432062,0
time/actor/actor/compute_adv,108,0.004949609749019146,1789836735.7081475,0
time/actor/actor/compute_adv,109,0.0049458458088338375,1789837618.130468,0
time/actor/actor/compute_adv,110,0.005037027411162853,1789838967.5050745,0
time/actor/actor/compute_adv,111,0.005450954660773277,1789839873.9477954,0
time/actor/actor/compute_adv,112,0.004951933398842812,1789840774.8567677,0
time/actor/actor/compute_adv,113,0.005406606942415237,1789841662.7339582,0
time/actor/actor/compute_adv,114,0.006719640921801329,1789842563.6540196,0
time/actor/actor/compute_adv,115,0.0049778129905462265,1789843890.6739793,0
time/actor/actor/compute_adv,116,0.004995021037757397,1789844788.2113655,0
time/actor/actor/compute_adv,117,0.005079559050500393,1789845696.5371034,0
time/actor/actor/compute_adv,118,0.004870472010225058,1789846589.4160817,0
time/actor/actor/compute_adv,119,0.006251190789043903,1789847480.2849953,0
time/actor/actor/compute_adv,120,0.005197733175009489,1789848833.625101,0
time/actor/actor/compute_adv,121,0.005047447048127651,1789849726.8695147,0
time/actor/actor/compute_adv,122,0.005003583151847124,1789850608.2753348,0
time/actor/actor/compute_adv,123,0.004698520060628653,1789851504.25252,0
time/actor/actor/compute_adv,124,0.005591244902461767,1789852381.7224922,0
time/actor/actor/compute_adv,125,0.005111066158860922,1789853698.2230704,0
time/actor/actor/compute_adv,126,0.005486045032739639,1789854595.6980145,0
time/actor/actor/compute_adv,127,0.0049324496649205685,1789855482.7764933,0
time/actor/actor/compute_adv,128,0.004987512249499559,1789856378.0275323,0
time/actor/actor/compute_adv,129,0.005125490017235279,1789857265.144993,0
time/actor/actor/compute_adv,130,0.0051265680231153965,1789858604.4949882,0
time/actor/actor/compute_adv,131,0.005561597179621458,1789859500.9614198,0
time/actor/actor/compute_adv,132,0.005287161096930504,1789860405.561743,0
time/actor/actor/compute_adv,133,0.0049235341139137745,1789861321.6391137,0
time/actor/actor/compute_adv,134,0.006364660803228617,1789862242.7011547,0
time/actor/actor/compute_adv,135,0.005109364166855812,1789863585.6598628,0
time/actor/actor/compute_adv,136,0.005261650774627924,1789864520.215108,0
time/actor/actor/compute_adv,137,0.006598819978535175,1789865419.9349794,0
time/actor/actor/compute_adv,138,0.00491024786606431,1789866317.8930273,0
time/actor/actor/compute_adv,139,0.004997303709387779,1789867224.1459174,0
time/actor/actor/compute_adv,140,0.005459914915263653,1789868619.8079333,0
time/actor/actor/compute_adv,141,0.005192964803427458,1789869518.1873722,0
time/actor/actor/compute_adv,142,0.006191014777868986,1789870408.9066865,0
time/actor/actor/compute_adv,143,0.004974649753421545,1789871324.2467685,0
time/actor/actor/compute_adv,144,0.004944623913615942,1789872217.2610087,0
time/actor/actor/compute_adv,145,0.004587945993989706,1789873546.0750241,0
time/actor/actor/compute_adv,146,0.00499718775972724,1789874462.578019,0
time/actor/actor/compute_adv,147,0.005109802354127169,1789875356.590271,0
time/actor/actor/compute_adv,148,0.005218354053795338,1789876285.7071528,0
time/actor/run_training,1,18.13074493408203,1789735381.1784413,0
time/actor/run_training,2,12.788032531738281,1789736158.3124914,0
time/actor/run_training,3,12.945854187011719,1789736932.3642948,0
time/actor/run_training,4,12.878525733947754,1789737712.3841786,0
time/actor/run_training,5,20.477121353149414,1789738848.0622728,0
time/actor/run_training,6,13.813389778137207,1789739665.696152,0
time/actor/run_training,7,12.44664192199707,1789740462.6898787,0
time/actor/run_training,8,12.91003704071045,1789741284.2970955,0
time/actor/run_training,9,20.115379333496094,1789742089.6710308,0
time/actor/run_training,10,21.15101432800293,1789743347.8801947,0
time/actor/run_training,11,13.6162109375,1789744207.2096243,0
time/actor/run_training,12,12.86754035949707,1789745056.1832464,0
time/actor/run_training,13,12.927955627441406,1789745898.4744327,0
time/actor/run_training,14,20.994245529174805,1789746730.2783842,0
time/actor/run_training,15,21.797481536865234,1789747942.3716311,0
time/actor/run_training,16,13.216476440429688,1789748774.976929,0
time/actor/run_training,17,12.816010475158691,1789749617.707976,0
time/actor/run_training,18,21.058835983276367,1789750438.1760478,0
time/actor/run_training,19,20.945295333862305,1789751264.4235642,0
time/actor/run_training,20,12.68790340423584,1789752529.3239682,0
time/actor/run_training,21,12.568371772766113,1789753344.5359342,0
time/actor/run_training,22,13.00600528717041,1789754176.8144526,0
time/actor/run_training,23,12.744633674621582,1789755010.226162,0
time/actor/run_training,24,13.365928649902344,1789755859.705598,0
time/actor/run_training,25,12.482702255249023,1789757090.5710323,0
time/actor/run_training,26,22.921485900878906,1789757960.9325294,0
time/actor/run_training,27,23.22350311279297,1789758804.3882353,0
time/actor/run_training,28,12.371883392333984,1789759671.643265,0
time/actor/run_training,29,12.363408088684082,1789760512.35563,0
time/actor/run_training,30,13.112071990966797,1789761821.0386586,0
time/actor/run_training,31,14.079201698303223,1789762701.758749,0
time/actor/run_training,32,13.323198318481445,1789763583.5877872,0
time/actor/run_training,33,13.279172897338867,1789764439.596353,0
time/actor/run_training,34,12.748723983764648,1789765303.1603096,0
time/actor/run_training,35,12.483749389648438,1789766576.8596487,0
time/actor/run_training,36,25.85558319091797,1789767456.9457603,0
time/actor/run_training,37,24.38199234008789,1789768311.1012695,0
time/actor/run_training,38,12.528400421142578,1789769149.8318646,0
time/actor/run_training,39,12.792802810668945,1789770004.5244596,0
time/actor/run_training,40,13.235239028930664,1789771319.4131703,0
time/actor/run_training,41,12.618481636047363,1789772195.235692,0
time/actor/run_training,42,12.371490478515625,1789773056.1754067,0
time/actor/run_training,43,12.512606620788574,1789773912.5954158,0
time/actor/run_training,44,25.309972763061523,1789774779.9673026,0
time/actor/run_training,45,12.537297248840332,1789776009.4538262,0
time/actor/run_training,46,12.801695823669434,1789776858.1647768,0
time/actor/run_training,47,12.653870582580566,1789777727.6040952,0
time/actor/run_training,48,12.76694393157959,1789778587.573019,0
time/actor/run_training,49,12.979153633117676,1789779450.0542533,0
time/actor/run_training,50,12.693666458129883,1789780757.7269847,0
time/actor/run_training,51,12.759489059448242,1789781598.431332,0
time/actor/run_training,52,12.634513854980469,1789782457.9987156,0
time/actor/run_training,53,12.65098762512207,1789783335.6955981,0
time/actor/run_training,54,12.533473014831543,1789784199.8607612,0
time/actor/run_training,55,12.410600662231445,1789785454.8403473,0
time/actor/run_training,56,24.740516662597656,1789786349.0632257,0
time/actor/run_training,57,24.423181533813477,1789787220.0626059,0
time/actor/run_training,58,22.528827667236328,1789788098.7091358,0
time/actor/run_training,59,12.809136390686035,1789788982.3458486,0
time/actor/run_training,60,12.4871826171875,1789790306.3591805,0
time/actor/run_training,61,12.668255805969238,1789791172.7603917,0
time/actor/run_training,62,12.393260955810547,1789792032.8222315,0
time/actor/run_training,63,24.138010025024414,1789792890.8278296,0
time/actor/run_training,64,23.49582290649414,1789793764.9387863,0
time/actor/run_training,65,24.87435531616211,1789795027.8145647,0
time/actor/run_training,66,12.65363883972168,1789795901.705464,0
time/actor/run_training,67,12.891364097595215,1789796782.473231,0
time/actor/run_training,68,12.494176864624023,1789797666.4919348,0
time/actor/run_training,69,13.1911039352417,1789798529.021254,0
time/actor/run_training,70,12.921306610107422,1789799875.5472834,0
time/actor/run_training,71,24.236642837524414,1789800740.3206484,0
time/actor/run_training,72,12.897902488708496,1789801632.6718872,0
time/actor/run_training,73,12.615095138549805,1789802511.2897038,0
time/actor/run_training,74,12.229256629943848,1789803399.5231438,0
time/actor/run_training,75,12.382445335388184,1789804709.1155684,0
time/actor/run_training,76,25.018413543701172,1789805572.0166304,0
time/actor/run_training,77,24.320602416992188,1789806438.0797434,0
time/actor/run_training,78,24.175058364868164,1789807311.8909647,0
time/actor/run_training,79,12.872210502624512,1789808161.6142368,0
time/actor/run_training,80,12.9030122756958,1789809490.2918088,0
time/actor/run_training,81,27.680212020874023,1789810380.097071,0
time/actor/run_training,82,25.325130462646484,1789811260.4602518,0
time/actor/run_training,83,25.12835693359375,1789812153.241786,0
time/actor/run_training,84,25.886985778808594,1789813033.945288,0
time/actor/run_training,85,23.521703720092773,1789814312.205486,0
time/actor/run_training,86,12.728536605834961,1789815198.4766247,0
time/actor/run_training,87,12.589616775512695,1789816092.0810125,0
time/actor/run_training,88,12.49537181854248,1789816977.7836258,0
time/actor/run_training,89,27.197628021240234,1789817875.8116887,0
time/actor/run_training,90,12.768403053283691,1789819258.613635,0
time/actor/run_training,91,13.09708309173584,1789820165.058075,0
time/actor/run_training,92,12.492424011230469,1789821060.8194728,0
time/actor/run_training,93,12.548566818237305,1789821959.3851423,0
time/actor/run_training,94,12.773202896118164,1789822844.5023453,0
time/actor/run_training,95,12.565852165222168,1789824159.960387,0
time/actor/run_training,96,12.774660110473633,1789825054.5685084,0
time/actor/run_training,97,12.460731506347656,1789825948.5390596,0
time/actor/run_training,98,25.778282165527344,1789826861.012966,0
time/actor/run_training,99,12.734016418457031,1789827745.5782828,0
time/actor/run_training,100,12.531401634216309,1789829118.236069,0
time/actor/run_training,101,24.113792419433594,1789830009.8320622,0
time/actor/run_training,102,25.62435531616211,1789830915.925316,0
time/actor/run_training,103,25.12029266357422,1789831806.6382086,0
time/actor/run_training,104,30.396642684936523,1789832718.9988034,0
time/actor/run_training,105,12.475245475769043,1789834041.4825935,0
time/actor/run_training,106,12.573482513427734,1789834981.8542385,0
time/actor/run_training,107,12.717243194580078,1789835868.4320688,0
time/actor/run_training,108,25.64610481262207,1789836735.7081535,0
time/actor/run_training,109,30.006847381591797,1789837618.1304746,0
time/actor/run_training,110,12.551610946655273,1789838967.5050805,0
time/actor/run_training,111,12.47396183013916,1789839873.9478023,0
time/actor/run_training,112,12.604659080505371,1789840774.856774,0
time/actor/run_training,113,13.053345680236816,1789841662.7339644,0
time/actor/run_training,114,13.228358268737793,1789842563.6540265,0
time/actor/run_training,115,12.497065544128418,1789843890.673987,0
time/actor/run_training,116,28.573976516723633,1789844788.2113717,0
time/actor/run_training,117,12.637321472167969,1789845696.53711,0
time/actor/run_training,118,13.092154502868652,1789846589.416088,0
time/actor/run_training,119,12.60246467590332,1789847480.285002,0
time/actor/run_training,120,23.187862396240234,1789848833.6251078,0
time/actor/run_training,121,12.24267578125,1789849726.869521,0
time/actor/run_training,122,12.822280883789062,1789850608.2753444,0
time/actor/run_training,123,12.49764633178711,1789851504.2525263,0
time/actor/run_training,124,12.724283218383789,1789852381.7224987,0
time/actor/run_training,125,12.811267852783203,1789853698.2230768,0
time/actor/run_training,126,12.237100601196289,1789854595.698021,0
time/actor/run_training,127,12.618678092956543,1789855482.7764997,0
time/actor/run_training,128,12.34106731414795,1789856378.0275388,0
time/actor/run_training,129,12.526116371154785,1789857265.1449995,0
time/actor/run_training,130,24.83329200744629,1789858604.4949944,0
time/actor/run_training,131,12.304461479187012,1789859500.9614265,0
time/actor/run_training,132,12.265231132507324,1789860405.5617492,0
time/actor/run_training,133,12.318562507629395,1789861321.6391203,0
time/actor/run_training,134,13.146902084350586,1789862242.7011642,0
time/actor/run_training,135,31.27554702758789,1789863585.6598692,0
time/actor/run_training,136,32.01809310913086,1789864520.2151136,0
time/actor/run_training,137,25.28849983215332,1789865419.9349859,0
time/actor/run_training,138,13.030872344970703,1789866317.8930337,0
time/actor/run_training,139,12.804052352905273,1789867224.1459236,0
time/actor/run_training,140,12.288070678710938,1789868619.8079395,0
time/actor/run_training,141,22.98894500732422,1789869518.1873786,0
time/actor/run_training,142,26.368370056152344,1789870408.9066925,0
time/actor/run_training,143,12.300493240356445,1789871324.2467752,0
time/actor/run_training,144,12.949551582336426,1789872217.2610154,0
time/actor/run_training,145,12.883060455322266,1789873546.0750303,0
time/actor/run_training,146,29.181074142456055,1789874462.5780284,0
time/actor/run_training,147,25.169084548950195,1789875356.5902815,0
time/actor/run_training,148,14.032402992248535,1789876285.707159,0
train/actor/approx_kl,1,0.03257937729358673,1789735381.1784492,0
train/actor/approx_kl,2,0.06210823357105255,1789736158.3124983,0
train/actor/approx_kl,3,0.030819807201623917,1789736932.364302,0
train/actor/approx_kl,4,0.016916843131184578,1789737712.3841865,0
train/actor/approx_kl,5,0.020609350875020027,1789738848.0624535,0
train/actor/approx_kl,6,0.05267100781202316,1789739665.6961596,0
train/actor/approx_kl,7,0.014545949175953865,1789740462.6898856,0
train/actor/approx_kl,8,0.024634476751089096,1789741284.297103,0
train/actor/approx_kl,9,0.0009020428406074643,1789742089.6710374,0
train/actor/approx_kl,10,0.018224887549877167,1789743347.8803692,0
train/actor/approx_kl,11,0.006222252734005451,1789744207.2096314,0
train/actor/approx_kl,12,0.022367678582668304,1789745056.1832545,0
train/actor/approx_kl,13,0.006052619777619839,1789745898.4744399,0
train/actor/approx_kl,14,0.004107131622731686,1789746730.2783914,0
train/actor/approx_kl,15,0.02550533227622509,1789747942.3718538,0
train/actor/approx_kl,16,0.011888301931321621,1789748774.9769359,0
train/actor/approx_kl,17,0.01506689004600048,1789749617.7079837,0
train/actor/approx_kl,18,0.005560902412980795,1789750438.1760547,0
train/actor/approx_kl,19,0.00891844928264618,1789751264.423571,0
train/actor/approx_kl,20,0.01494104415178299,1789752529.3241346,0
train/actor/approx_kl,21,0.012432597577571869,1789753344.5359414,0
train/actor/approx_kl,22,0.023628100752830505,1789754176.8144605,0
train/actor/approx_kl,23,0.0023362808860838413,1789755010.2261693,0
train/actor/approx_kl,24,-0.0005440809763967991,1789755859.705605,0
train/actor/approx_kl,25,0.0037165055982768536,1789757090.571204,0
train/actor/approx_kl,26,0.004152216948568821,1789757960.9325368,0
train/actor/approx_kl,27,0.0007553537143394351,1789758804.3882425,0
train/actor/approx_kl,28,0.026581479236483574,1789759671.6432722,0
train/actor/approx_kl,29,0.016804911196231842,1789760512.3556376,0
train/actor/approx_kl,30,0.029542382806539536,1789761821.038827,0
train/actor/approx_kl,31,0.029433542862534523,1789762701.7587557,0
train/actor/approx_kl,32,0.0031411354430019855,1789763583.5877953,0
train/actor/approx_kl,33,0.011657622642815113,1789764439.5963602,0
train/actor/approx_kl,34,0.004197932314127684,1789765303.160317,0
train/actor/approx_kl,35,0.019199959933757782,1789766576.8598242,0
train/actor/approx_kl,36,0.019381318241357803,1789767456.9457674,0
train/actor/approx_kl,37,0.00970242265611887,1789768311.1012769,0
train/actor/approx_kl,38,0.009633805602788925,1789769149.831872,0
train/actor/approx_kl,39,0.015098422765731812,1789770004.5244668,0
train/actor/approx_kl,40,0.004727779887616634,1789771319.4133382,0
train/actor/approx_kl,41,0.005456829443573952,1789772195.235699,0
train/actor/approx_kl,42,0.012623528949916363,1789773056.1754138,0
train/actor/approx_kl,43,0.015624911524355412,1789773912.5954235,0
train/actor/approx_kl,44,0.008346495218575,1789774779.9673107,0
train/actor/approx_kl,45,0.013203920796513557,1789776009.4539983,0
train/actor/approx_kl,46,0.01756337657570839,1789776858.1647837,0
train/actor/approx_kl,47,0.0028590564616024494,1789777727.6041026,0
train/actor/approx_kl,48,0.01470194011926651,1789778587.573029,0
train/actor/approx_kl,49,0.02378944680094719,1789779450.0542605,0
train/actor/approx_kl,50,0.02048685774207115,1789780757.7271614,0
train/actor/approx_kl,51,0.014848283492028713,1789781598.4313393,0
train/actor/approx_kl,52,0.02069435641169548,1789782457.9987226,0
train/actor/approx_kl,53,0.008450960740447044,1789783335.6956053,0
train/actor/approx_kl,54,0.01213444210588932,1789784199.8607683,0
train/actor/approx_kl,55,0.06042039394378662,1789785454.840517,0
train/actor/approx_kl,56,0.005136875901371241,1789786349.0632336,0
train/actor/approx_kl,57,0.028618430718779564,1789787220.0626163,0
train/actor/approx_kl,58,0.014725576154887676,1789788098.709143,0
train/actor/approx_kl,59,0.022711247205734253,1789788982.3458617,0
train/actor/approx_kl,60,0.006537172943353653,1789790306.3593488,0
train/actor/approx_kl,61,0.0035558720119297504,1789791172.760399,0
train/actor/approx_kl,62,0.030233804136514664,1789792032.8222415,0
train/actor/approx_kl,63,0.009604619815945625,1789792890.827837,0
train/actor/approx_kl,64,0.004309029318392277,1789793764.9387937,0
train/actor/approx_kl,65,0.01606084033846855,1789795027.8147368,0
train/actor/approx_kl,66,0.037773892283439636,1789795901.7054715,0
train/actor/approx_kl,67,0.03483192250132561,1789796782.473238,0
train/actor/approx_kl,68,0.012523878365755081,1789797666.4919424,0
train/actor/approx_kl,69,0.032075434923172,1789798529.0212634,0
train/actor/approx_kl,70,-0.0011324308579787612,1789799875.5474553,0
train/actor/approx_kl,71,0.028905857354402542,1789800740.3206563,0
train/actor/approx_kl,72,0.009944867342710495,1789801632.6719017,0
train/actor/approx_kl,73,-0.004233089275658131,1789802511.289711,0
train/actor/approx_kl,74,0.020947063341736794,1789803399.5231507,0
train/actor/approx_kl,75,0.0013346258783712983,1789804709.1157396,0
train/actor/approx_kl,76,0.010110280476510525,1789805572.0166378,0
train/actor/approx_kl,77,0.016304291784763336,1789806438.079751,0
train/actor/approx_kl,78,0.04330546408891678,1789807311.8909755,0
train/actor/approx_kl,79,0.01587006263434887,1789808161.6142445,0
train/actor/approx_kl,80,0.018095586448907852,1789809490.2920837,0
train/actor/approx_kl,81,0.006579963956028223,1789810380.0970812,0
train/actor/approx_kl,82,0.031176406890153885,1789811260.4602594,0
train/actor/approx_kl,83,0.028198692947626114,1789812153.2417936,0
train/actor/approx_kl,84,0.003038901137188077,1789813033.9452984,0
train/actor/approx_kl,85,0.017693035304546356,1789814312.20566,0
train/actor/approx_kl,86,0.02506987750530243,1789815198.476632,0
train/actor/approx_kl,87,0.017099717631936073,1789816092.081028,0
train/actor/approx_kl,88,0.015607899986207485,1789816977.783633,0
train/actor/approx_kl,89,0.021825645118951797,1789817875.811696,0
train/actor/approx_kl,90,0.005574533250182867,1789819258.6138065,0
train/actor/approx_kl,91,0.021403083577752113,1789820165.0580823,0
train/actor/approx_kl,92,0.013914037495851517,1789821060.8194802,0
train/actor/approx_kl,93,0.020068073645234108,1789821959.385149,0
train/actor/approx_kl,94,0.014140533283352852,1789822844.5023532,0
train/actor/approx_kl,95,0.013660218566656113,1789824159.9605608,0
train/actor/approx_kl,96,0.0254359133541584,1789825054.568516,0
train/actor/approx_kl,97,0.005648785270750523,1789825948.5390675,0
train/actor/approx_kl,98,0.012533145025372505,1789826861.0129778,0
train/actor/approx_kl,99,0.0030589872039854527,1789827745.5782897,0
train/actor/approx_kl,100,0.0120763648301363,1789829118.2362444,0
train/actor/approx_kl,101,0.01708793081343174,1789830009.8320696,0
train/actor/approx_kl,102,0.006873325910419226,1789830915.925329,0
train/actor/approx_kl,103,0.013700100593268871,1789831806.6382155,0
train/actor/approx_kl,104,0.005846408661454916,1789832718.9988103,0
train/actor/approx_kl,105,0.015734419226646423,1789834041.4828095,0
train/actor/approx_kl,106,0.016741260886192322,1789834981.8542476,0
train/actor/approx_kl,107,0.0032092989422380924,1789835868.4320765,0
train/actor/approx_kl,108,0.017495986074209213,1789836735.7081618,0
train/actor/approx_kl,109,0.007666368503123522,1789837618.1304822,0
train/actor/approx_kl,110,0.012311716563999653,1789838967.5052485,0
train/actor/approx_kl,111,0.020367300137877464,1789839873.9478097,0
train/actor/approx_kl,112,0.010973308235406876,1789840774.8567815,0
train/actor/approx_kl,113,0.012953748926520348,1789841662.7339714,0
train/actor/approx_kl,114,0.015306434594094753,1789842563.6540337,0
train/actor/approx_kl,115,0.028173740953207016,1789843890.6741583,0
train/actor/approx_kl,116,0.013689656741917133,1789844788.2113793,0
train/actor/approx_kl,117,0.0035034161992371082,1789845696.5371177,0
train/actor/approx_kl,118,0.0012592887505888939,1789846589.4160948,0
train/actor/approx_kl,119,0.012978846207261086,1789847480.2850122,0
train/actor/approx_kl,120,0.05453930050134659,1789848833.6252809,0
train/actor/approx_kl,121,0.015552021563053131,1789849726.8695302,0
train/actor/approx_kl,122,0.00682607339695096,1789850608.2753587,0
train/actor/approx_kl,123,0.009301749989390373,1789851504.2525334,0
train/actor/approx_kl,124,0.006753535475581884,1789852381.7225058,0
train/actor/approx_kl,125,0.024929963052272797,1789853698.2232478,0
train/actor/approx_kl,126,0.021717963740229607,1789854595.698028,0
train/actor/approx_kl,127,0.002227552467957139,1789855482.7765067,0
train/actor/approx_kl,128,0.015723835676908493,1789856378.0275457,0
train/actor/approx_kl,129,0.005633870605379343,1789857265.1450076,0
train/actor/approx_kl,130,0.02693750336766243,1789858604.4951677,0
train/actor/approx_kl,131,0.009367018938064575,1789859500.9614336,0
train/actor/approx_kl,132,0.01845516264438629,1789860405.5617561,0
train/actor/approx_kl,133,0.017063546925783157,1789861321.6391273,0
train/actor/approx_kl,134,0.0099453404545784,1789862242.701177,0
train/actor/approx_kl,135,0.022675514221191406,1789863585.6600382,0
train/actor/approx_kl,136,0.006383201573044062,1789864520.2151215,0
train/actor/approx_kl,137,0.0193631574511528,1789865419.9349933,0
train/actor/approx_kl,138,0.016096793115139008,1789866317.8930407,0
train/actor/approx_kl,139,0.03556007891893387,1789867224.1459308,0
train/actor/approx_kl,140,0.0012080962769687176,1789868619.8081105,0
train/actor/approx_kl,141,0.01622864045202732,1789869518.1873865,0
train/actor/approx_kl,142,0.038978904485702515,1789870408.9066997,0
train/actor/approx_kl,143,0.012302815914154053,1789871324.2467816,0
train/actor/approx_kl,144,0.00528498413041234,1789872217.261022,0
train/actor/approx_kl,145,-0.0006604966474696994,1789873546.0752015,0
train/actor/approx_kl,146,0.008934811688959599,1789874462.5780382,0
train/actor/approx_kl,147,0.01084164995700121,1789875356.5902956,0
train/actor/approx_kl,148,0.01821625977754593,1789876285.707166,0
train/actor/clip_fraction,1,0.09231036901473999,1789735381.1784556,0
train/actor/clip_fraction,2,0.1187131404876709,1789736158.3125045,0
train/actor/clip_fraction,3,0.06776696443557739,1789736932.3643079,0
train/actor/clip_fraction,4,0.043917346745729446,1789737712.384193,0
train/actor/clip_fraction,5,0.07211486995220184,1789738848.0624607,0
train/actor/clip_fraction,6,0.08882750570774078,1789739665.6961658,0
train/actor/clip_fraction,7,0.015177911147475243,1789740462.6898923,0
train/actor/clip_fraction,8,0.054973054677248,1789741284.297109,0
train/actor/clip_fraction,9,0.030160464346408844,1789742089.6710434,0
train/actor/clip_fraction,10,0.05416294187307358,1789743347.880376,0
train/actor/clip_fraction,11,0.050913166254758835,1789744207.2096379,0
train/actor/clip_fraction,12,0.057170093059539795,1789745056.183261,0
train/actor/clip_fraction,13,0.0332927443087101,1789745898.4744463,0
train/actor/clip_fraction,14,0.023812808096408844,1789746730.2783973,0
train/actor/clip_fraction,15,0.0854605883359909,1789747942.3718607,0
train/actor/clip_fraction,16,0.0425400510430336,1789748774.9769423,0
train/actor/clip_fraction,17,0.02587839961051941,1789749617.7079895,0
train/actor/clip_fraction,18,0.05312985181808472,1789750438.176061,0
train/actor/clip_fraction,19,0.054678723216056824,1789751264.4235773,0
train/actor/clip_fraction,20,0.04369983449578285,1789752529.3241413,0
train/actor/clip_fraction,21,0.03580840677022934,1789753344.5359473,0
train/actor/clip_fraction,22,0.0723741203546524,1789754176.8144667,0
train/actor/clip_fraction,23,0.026196926832199097,1789755010.2261755,0
train/actor/clip_fraction,24,0.0327000617980957,1789755859.705611,0
train/actor/clip_fraction,25,0.017625704407691956,1789757090.5712109,0
train/actor/clip_fraction,26,0.03027975559234619,1789757960.9325428,0
train/actor/clip_fraction,27,0.0342581532895565,1789758804.3882494,0
train/actor/clip_fraction,28,0.07319473475217819,1789759671.6432781,0
train/actor/clip_fraction,29,0.059450797736644745,1789760512.355644,0
train/actor/clip_fraction,30,0.08062364906072617,1789761821.0388336,0
train/actor/clip_fraction,31,0.08641534298658371,1789762701.7587616,0
train/actor/clip_fraction,32,0.01993207447230816,1789763583.587802,0
train/actor/clip_fraction,33,0.04358622804284096,1789764439.5963666,0
train/actor/clip_fraction,34,0.015327882021665573,1789765303.160323,0
train/actor/clip_fraction,35,0.03828044235706329,1789766576.8598309,0
train/actor/clip_fraction,36,0.061251334846019745,1789767456.9457738,0
train/actor/clip_fraction,37,0.04126359894871712,1789768311.1012836,0
train/actor/clip_fraction,38,0.041458502411842346,1789769149.8318791,0
train/actor/clip_fraction,39,0.043361980468034744,1789770004.5244734,0
train/actor/clip_fraction,40,0.03595851734280586,1789771319.413345,0
train/actor/clip_fraction,41,0.010636499151587486,1789772195.2357054,0
train/actor/clip_fraction,42,0.04541238397359848,1789773056.1754198,0
train/actor/clip_fraction,43,0.027218999341130257,1789773912.5954297,0
train/actor/clip_fraction,44,0.03045748919248581,1789774779.9673173,0
train/actor/clip_fraction,45,0.02053111419081688,1789776009.4540057,0
train/actor/clip_fraction,46,0.061443887650966644,1789776858.16479,0
train/actor/clip_fraction,47,0.05254196375608444,1789777727.604109,0
train/actor/clip_fraction,48,0.04450906068086624,1789778587.573038,0
train/actor/clip_fraction,49,0.09127120673656464,1789779450.054267,0
train/actor/clip_fraction,50,0.05669528990983963,1789780757.7271688,0
train/actor/clip_fraction,51,0.05776350572705269,1789781598.4313455,0
train/actor/clip_fraction,52,0.04277346283197403,1789782457.9987292,0
train/actor/clip_fraction,53,0.019335981458425522,1789783335.6956115,0
train/actor/clip_fraction,54,0.04590413346886635,1789784199.8607745,0
train/actor/clip_fraction,55,0.11680199205875397,1789785454.8405235,0
train/actor/clip_fraction,56,0.05778036639094353,1789786349.06324,0
train/actor/clip_fraction,57,0.0669272392988205,1789787220.0626228,0
train/actor/clip_fraction,58,0.024893129244446754,1789788098.7091496,0
train/actor/clip_fraction,59,0.06232941523194313,1789788982.3458707,0
train/actor/clip_fraction,60,0.03967772051692009,1789790306.3593557,0
train/actor/clip_fraction,61,0.022271204739809036,1789791172.7604055,0
train/actor/clip_fraction,62,0.0760517343878746,1789792032.8222477,0
train/actor/clip_fraction,63,0.033315207809209824,1789792890.8278437,0
train/actor/clip_fraction,64,0.028027642518281937,1789793764.9388,0
train/actor/clip_fraction,65,0.044338811188936234,1789795027.814744,0
train/actor/clip_fraction,66,0.06755975633859634,1789795901.7054777,0
train/actor/clip_fraction,67,0.06946000456809998,1789796782.473244,0
train/actor/clip_fraction,68,0.04020726680755615,1789797666.4919488,0
train/actor/clip_fraction,69,0.06396683305501938,1789798529.02127,0
train/actor/clip_fraction,70,0.02866453304886818,1789799875.5474625,0
train/actor/clip_fraction,71,0.09805478155612946,1789800740.320663,0
train/actor/clip_fraction,72,0.07380004227161407,1789801632.6719108,0
train/actor/clip_fraction,73,0.03810730576515198,1789802511.2897174,0
train/actor/clip_fraction,74,0.04302539303898811,1789803399.5231564,0
train/actor/clip_fraction,75,0.03410308063030243,1789804709.1157465,0
train/actor/clip_fraction,76,0.033176239579916,1789805572.0166438,0
train/actor/clip_fraction,77,0.059312451630830765,1789806438.079757,0
train/actor/clip_fraction,78,0.1009473204612732,1789807311.8909829,0
train/actor/clip_fraction,79,0.0279273372143507,1789808161.6142504,0
train/actor/clip_fraction,80,0.05699446424841881,1789809490.2920914,0
train/actor/clip_fraction,81,0.030775871127843857,1789810380.0970874,0
train/actor/clip_fraction,82,0.06802953779697418,1789811260.4602654,0
train/actor/clip_fraction,83,0.04232487827539444,1789812153.2418005,0
train/actor/clip_fraction,84,0.03996790573000908,1789813033.9453053,0
train/actor/clip_fraction,85,0.04176320135593414,1789814312.2056668,0
train/actor/clip_fraction,86,0.05354670435190201,1789815198.4766378,0
train/actor/clip_fraction,87,0.04781539738178253,1789816092.081038,0
train/actor/clip_fraction,88,0.02356690913438797,1789816977.7836392,0
train/actor/clip_fraction,89,0.06630203872919083,1789817875.8117027,0
train/actor/clip_fraction,90,0.07456166297197342,1789819258.613814,0
train/actor/clip_fraction,91,0.060039978474378586,1789820165.0580885,0
train/actor/clip_fraction,92,0.05139091610908508,1789821060.8194864,0
train/actor/clip_fraction,93,0.03463280200958252,1789821959.3851554,0
train/actor/clip_fraction,94,0.04202863574028015,1789822844.50236,0
train/actor/clip_fraction,95,0.038777969777584076,1789824159.9605672,0
train/actor/clip_fraction,96,0.05620651692152023,1789825054.5685225,0
train/actor/clip_fraction,97,0.056480005383491516,1789825948.5390737,0
train/actor/clip_fraction,98,0.035324834287166595,1789826861.012988,0
train/actor/clip_fraction,99,0.0479997955262661,1789827745.5782957,0
train/actor/clip_fraction,100,0.05524668097496033,1789829118.236251,0
train/actor/clip_fraction,101,0.057637833058834076,1789830009.832076,0
train/actor/clip_fraction,102,0.03317534923553467,1789830915.9253383,0
train/actor/clip_fraction,103,0.02852044627070427,1789831806.6382217,0
train/actor/clip_fraction,104,0.05318475514650345,1789832718.9988167,0
train/actor/clip_fraction,105,0.06269451975822449,1789834041.4828193,0
train/actor/clip_fraction,106,0.060323890298604965,1789834981.8542557,0
train/actor/clip_fraction,107,0.01745694875717163,1789835868.432083,0
train/actor/clip_fraction,108,0.026214133948087692,1789836735.7081687,0
train/actor/clip_fraction,109,0.05765717476606369,1789837618.1304889,0
train/actor/clip_fraction,110,0.03502030670642853,1789838967.5052552,0
train/actor/clip_fraction,111,0.044820286333560944,1789839873.947816,0
train/actor/clip_fraction,112,0.04636577516794205,1789840774.8567884,0
train/actor/clip_fraction,113,0.045139484107494354,1789841662.7339776,0
train/actor/clip_fraction,114,0.0352107435464859,1789842563.65404,0
train/actor/clip_fraction,115,0.05627093091607094,1789843890.674165,0
train/actor/clip_fraction,116,0.08452367782592773,1789844788.2113853,0
train/actor/clip_fraction,117,0.027592698112130165,1789845696.5371242,0
train/actor/clip_fraction,118,0.022929957136511803,1789846589.416101,0
train/actor/clip_fraction,119,0.04216031730175018,1789847480.2850196,0
train/actor/clip_fraction,120,0.08154969662427902,1789848833.6252875,0
train/actor/clip_fraction,121,0.039029862731695175,1789849726.8695388,0
train/actor/clip_fraction,122,0.027105730026960373,1789850608.2753682,0
train/actor/clip_fraction,123,0.03471719101071358,1789851504.2525396,0
train/actor/clip_fraction,124,0.028559837490320206,1789852381.722522,0
train/actor/clip_fraction,125,0.06888948380947113,1789853698.2232547,0
train/actor/clip_fraction,126,0.07891391962766647,1789854595.6980343,0
train/actor/clip_fraction,127,0.037889882922172546,1789855482.7765129,0
train/actor/clip_fraction,128,0.03970229625701904,1789856378.0275517,0
train/actor/clip_fraction,129,0.04258213937282562,1789857265.1450143,0
train/actor/clip_fraction,130,0.04288019239902496,1789858604.495175,0
train/actor/clip_fraction,131,0.033628497272729874,1789859500.96144,0
train/actor/clip_fraction,132,0.05747373774647713,1789860405.5617626,0
train/actor/clip_fraction,133,0.09173095971345901,1789861321.6391335,0
train/actor/clip_fraction,134,0.05308445170521736,1789862242.7011864,0
train/actor/clip_fraction,135,0.036529429256916046,1789863585.6600459,0
train/actor/clip_fraction,136,0.06186843663454056,1789864520.2151275,0
train/actor/clip_fraction,137,0.05016094446182251,1789865419.9349992,0
train/actor/clip_fraction,138,0.03469861298799515,1789866317.8930466,0
train/actor/clip_fraction,139,0.0902072936296463,1789867224.1459372,0
train/actor/clip_fraction,140,0.01107265055179596,1789868619.8081234,0
train/actor/clip_fraction,141,0.05145806819200516,1789869518.1873958,0
train/actor/clip_fraction,142,0.06985534727573395,1789870408.906706,0
train/actor/clip_fraction,143,0.07434788346290588,1789871324.246788,0
train/actor/clip_fraction,144,0.028420457616448402,1789872217.261029,0
train/actor/clip_fraction,145,0.027428006753325462,1789873546.0752087,0
train/actor/clip_fraction,146,0.03712036833167076,1789874462.578047,0
train/actor/clip_fraction,147,0.05481855943799019,1789875356.590305,0
train/actor/clip_fraction,148,0.08618724346160889,1789876285.7071722,0
train/actor/clipped_ratio,1,0.991926908493042,1789735381.1784616,0
train/actor/clipped_ratio,2,0.991397500038147,1789736158.3125107,0
train/actor/clipped_ratio,3,0.9919569492340088,1789736932.364314,0
train/actor/clipped_ratio,4,0.9957312345504761,1789737712.3841987,0
train/actor/clipped_ratio,5,0.9962655901908875,1789738848.0624676,0
train/actor/clipped_ratio,6,0.9875109195709229,1789739665.6961722,0
train/actor/clipped_ratio,7,0.9964975714683533,1789740462.6898992,0
train/actor/clipped_ratio,8,0.9942513704299927,1789741284.2971156,0
train/actor/clipped_ratio,9,1.000803828239441,1789742089.671049,0
train/actor/clipped_ratio,10,0.9967927932739258,1789743347.8803828,0
train/actor/clipped_ratio,11,0.9965802431106567,1789744207.209644,0
train/actor/clipped_ratio,12,0.9953810572624207,1789745056.183267,0
train/actor/clipped_ratio,13,0.9967634677886963,1789745898.4744523,0
train/actor/clipped_ratio,14,0.9998053312301636,1789746730.2784038,0
train/actor/clipped_ratio,15,0.990755558013916,1789747942.3718677,0
train/actor/clipped_ratio,16,0.9989422559738159,1789748774.9769483,0
train/actor/clipped_ratio,17,0.9972005486488342,1789749617.7079957,0
train/actor/clipped_ratio,18,1.0004794597625732,1789750438.176067,0
train/actor/clipped_ratio,19,0.9948155879974365,1789751264.4235845,0
train/actor/clipped_ratio,20,0.997839093208313,1789752529.3241477,0
train/actor/clipped_ratio,21,0.9969130158424377,1789753344.5359542,0
train/actor/clipped_ratio,22,0.9909849166870117,1789754176.8144732,0
train/actor/clipped_ratio,23,1.000377893447876,1789755010.226182,0
train/actor/clipped_ratio,24,1.0019266605377197,1789755859.705617,0
train/actor/clipped_ratio,25,0.9979071617126465,1789757090.5712168,0
train/actor/clipped_ratio,26,0.9981142282485962,1789757960.9325488,0
train/actor/clipped_ratio,27,0.9998199939727783,1789758804.3882563,0
train/actor/clipped_ratio,28,0.9948767423629761,1789759671.6432843,0
train/actor/clipped_ratio,29,0.9956283569335938,1789760512.35565,0
train/actor/clipped_ratio,30,0.9932225346565247,1789761821.0388398,0
train/actor/clipped_ratio,31,0.9942623376846313,1789762701.7587676,0
train/actor/clipped_ratio,32,0.9979923963546753,1789763583.5878077,0
train/actor/clipped_ratio,33,0.9975762367248535,1789764439.5963724,0
train/actor/clipped_ratio,34,0.9977594614028931,1789765303.1603286,0
train/actor/clipped_ratio,35,0.9952941536903381,1789766576.8598375,0
train/actor/clipped_ratio,36,0.9959506988525391,1789767456.9457803,0
train/actor/clipped_ratio,37,0.9997901916503906,1789768311.10129,0
train/actor/clipped_ratio,38,0.9964184761047363,1789769149.8318856,0
train/actor/clipped_ratio,39,0.9938521385192871,1789770004.5244794,0
train/actor/clipped_ratio,40,0.9963666796684265,1789771319.413351,0
train/actor/clipped_ratio,41,0.9959748387336731,1789772195.2357113,0
train/actor/clipped_ratio,42,0.9976971745491028,1789773056.1754265,0
train/actor/clipped_ratio,43,0.9974572658538818,1789773912.5954363,0
train/actor/clipped_ratio,44,0.9958648681640625,1789774779.9673235,0
train/actor/clipped_ratio,45,0.9977463483810425,1789776009.4540124,0
train/actor/clipped_ratio,46,0.9961841106414795,1789776858.1647964,0
train/actor/clipped_ratio,47,1.0014127492904663,1789777727.6041157,0
train/actor/clipped_ratio,48,0.9953904151916504,1789778587.5730467,0
train/actor/clipped_ratio,49,0.9944629669189453,1789779450.0542731,0
train/actor/clipped_ratio,50,0.9953088164329529,1789780757.7271752,0
train/actor/clipped_ratio,51,0.9979613423347473,1789781598.4313512,0
train/actor/clipped_ratio,52,0.9956042766571045,1789782457.9987352,0
train/actor/clipped_ratio,53,0.9963594079017639,1789783335.6956174,0
train/actor/clipped_ratio,54,0.9949626922607422,1789784199.8607802,0
train/actor/clipped_ratio,55,0.9856316447257996,1789785454.8405297,0
train/actor/clipped_ratio,56,0.9948617219924927,1789786349.0632463,0
train/actor/clipped_ratio,57,0.9942082166671753,1789787220.0626292,0
train/actor/clipped_ratio,58,0.9969579577445984,1789788098.7091565,0
train/actor/clipped_ratio,59,0.9925417900085449,1789788982.3458803,0
train/actor/clipped_ratio,60,0.9958627820014954,1789790306.3593624,0
train/actor/clipped_ratio,61,0.9988574385643005,1789791172.7604117,0
train/actor/clipped_ratio,62,0.9910649061203003,1789792032.8222544,0
train/actor/clipped_ratio,63,0.9954789876937866,1789792890.8278499,0
train/actor/clipped_ratio,64,0.99762362241745,1789793764.9388063,0
train/actor/clipped_ratio,65,0.994692325592041,1789795027.8147507,0
train/actor/clipped_ratio,66,0.9902352094650269,1789795901.7054834,0
train/actor/clipped_ratio,67,0.9901760816574097,1789796782.4732504,0
train/actor/clipped_ratio,68,0.9993674755096436,1789797666.4919553,0
train/actor/clipped_ratio,69,0.9931929111480713,1789798529.021277,0
train/actor/clipped_ratio,70,1.0027318000793457,1789799875.547469,0
train/actor/clipped_ratio,71,0.9906688332557678,1789800740.3206692,0
train/actor/clipped_ratio,72,0.9967882633209229,1789801632.6719193,0
train/actor/clipped_ratio,73,1.0031368732452393,1789802511.2897234,0
train/actor/clipped_ratio,74,0.9951438903808594,1789803399.5231621,0
train/actor/clipped_ratio,75,1.001744031906128,1789804709.1157532,0
train/actor/clipped_ratio,76,0.9952844381332397,1789805572.01665,0
train/actor/clipped_ratio,77,0.9962915182113647,1789806438.0797637,0
train/actor/clipped_ratio,78,0.988752007484436,1789807311.8909895,0
train/actor/clipped_ratio,79,0.9949561357498169,1789808161.6142566,0
train/actor/clipped_ratio,80,0.9951373338699341,1789809490.292098,0
train/actor/clipped_ratio,81,0.9990496635437012,1789810380.0970936,0
train/actor/clipped_ratio,82,0.9930639266967773,1789811260.4602723,0
train/actor/clipped_ratio,83,0.9953451156616211,1789812153.2418067,0
train/actor/clipped_ratio,84,0.9997472763061523,1789813033.9453115,0
train/actor/clipped_ratio,85,0.9965686798095703,1789814312.205673,0
train/actor/clipped_ratio,86,0.991828441619873,1789815198.4766448,0
train/actor/clipped_ratio,87,0.9942387342453003,1789816092.081048,0
train/actor/clipped_ratio,88,0.9966322183609009,1789816977.7836456,0
train/actor/clipped_ratio,89,0.995521068572998,1789817875.8117094,0
train/actor/clipped_ratio,90,0.9990092515945435,1789819258.61382,0
train/actor/clipped_ratio,91,0.9966253042221069,1789820165.0580947,0
train/actor/clipped_ratio,92,0.9932076930999756,1789821060.8194926,0
train/actor/clipped_ratio,93,0.9936785697937012,1789821959.3851612,0
train/actor/clipped_ratio,94,0.996682345867157,1789822844.5023663,0
train/actor/clipped_ratio,95,0.9990142583847046,1789824159.9605734,0
train/actor/clipped_ratio,96,0.9925820827484131,1789825054.568529,0
train/actor/clipped_ratio,97,1.0006972551345825,1789825948.53908,0
train/actor/clipped_ratio,98,0.9956084489822388,1789826861.0129983,0
train/actor/clipped_ratio,99,1.0001919269561768,1789827745.5783017,0
train/actor/clipped_ratio,100,0.9989771246910095,1789829118.2362576,0
train/actor/clipped_ratio,101,0.997106671333313,1789830009.8320825,0
train/actor/clipped_ratio,102,0.9975243806838989,1789830915.9253483,0
train/actor/clipped_ratio,103,0.9953868389129639,1789831806.638228,0
train/actor/clipped_ratio,104,1.0021138191223145,1789832718.998823,0
train/actor/clipped_ratio,105,0.9974700808525085,1789834041.482826,0
train/actor/clipped_ratio,106,0.9987659454345703,1789834981.8542635,0
train/actor/clipped_ratio,107,0.9988110661506653,1789835868.4320896,0
train/actor/clipped_ratio,108,0.9942288398742676,1789836735.7081754,0
train/actor/clipped_ratio,109,0.9985114336013794,1789837618.130495,0
train/actor/clipped_ratio,110,0.9968873858451843,1789838967.505262,0
train/actor/clipped_ratio,111,0.9983206987380981,1789839873.9478219,0
train/actor/clipped_ratio,112,0.9972045421600342,1789840774.8567944,0
train/actor/clipped_ratio,113,0.9973666667938232,1789841662.7339835,0
train/actor/clipped_ratio,114,0.9970525503158569,1789842563.6540465,0
train/actor/clipped_ratio,115,0.9963951706886292,1789843890.674171,0
train/actor/clipped_ratio,116,0.99920254945755,1789844788.2113912,0
train/actor/clipped_ratio,117,0.9971874952316284,1789845696.5371306,0
train/actor/clipped_ratio,118,0.9990646243095398,1789846589.416107,0
train/actor/clipped_ratio,119,0.9993338584899902,1789847480.285026,0
train/actor/clipped_ratio,120,0.9894786477088928,1789848833.6252935,0
train/actor/clipped_ratio,121,0.9951333403587341,1789849726.8695462,0
train/actor/clipped_ratio,122,0.9952468872070312,1789850608.275377,0
train/actor/clipped_ratio,123,0.9980676174163818,1789851504.2525458,0
train/actor/clipped_ratio,124,0.9981882572174072,1789852381.7225306,0
train/actor/clipped_ratio,125,0.9959274530410767,1789853698.223261,0
train/actor/clipped_ratio,126,0.9944208860397339,1789854595.6980412,0
train/actor/clipped_ratio,127,0.9995074272155762,1789855482.7765186,0
train/actor/clipped_ratio,128,0.9935320615768433,1789856378.0275578,0
train/actor/clipped_ratio,129,1.0013840198516846,1789857265.145021,0
train/actor/clipped_ratio,130,0.9931089282035828,1789858604.4951816,0
train/actor/clipped_ratio,131,0.996233344078064,1789859500.961446,0
train/actor/clipped_ratio,132,0.9938193559646606,1789860405.561769,0
train/actor/clipped_ratio,133,0.9976143836975098,1789861321.6391404,0
train/actor/clipped_ratio,134,0.9987130165100098,1789862242.7011955,0
train/actor/clipped_ratio,135,0.9948577284812927,1789863585.6600525,0
train/actor/clipped_ratio,136,0.9973819851875305,1789864520.2151346,0
train/actor/clipped_ratio,137,0.9954999089241028,1789865419.9350057,0
train/actor/clipped_ratio,138,0.9969625473022461,1789866317.8930528,0
train/actor/clipped_ratio,139,0.9875056147575378,1789867224.1459434,0
train/actor/clipped_ratio,140,0.9997211694717407,1789868619.8081303,0
train/actor/clipped_ratio,141,0.9935511946678162,1789869518.1874037,0
train/actor/clipped_ratio,142,0.9893938302993774,1789870408.9067123,0
train/actor/clipped_ratio,143,0.9954158663749695,1789871324.2467947,0
train/actor/clipped_ratio,144,0.9992701411247253,1789872217.2610354,0
train/actor/clipped_ratio,145,1.0002106428146362,1789873546.0752146,0
train/actor/clipped_ratio,146,0.9944918751716614,1789874462.5780556,0
train/actor/clipped_ratio,147,0.9945157766342163,1789875356.5903144,0
train/actor/clipped_ratio,148,0.9960126280784607,1789876285.7071786,0
train/actor/dual_cliped_ratio,1,0.0,1789735381.1786416,0
train/actor/dual_cliped_ratio,2,0.0,1789736158.3126984,0
train/actor/dual_cliped_ratio,3,0.0,1789736932.3646305,0
train/actor/dual_cliped_ratio,4,0.0,1789737712.3843703,0
train/actor/dual_cliped_ratio,5,0.0,1789738848.0624743,0
train/actor/dual_cliped_ratio,6,0.0,1789739665.6963484,0
train/actor/dual_cliped_ratio,7,0.0,1789740462.6900713,0
train/actor/dual_cliped_ratio,8,0.0,1789741284.2972882,0
train/actor/dual_cliped_ratio,9,0.0,1789742089.6712224,0
train/actor/dual_cliped_ratio,10,0.0,1789743347.8803897,0
train/actor/dual_cliped_ratio,11,0.0,1789744207.2098172,0
train/actor/dual_cliped_ratio,12,0.0,1789745056.1834683,0
train/actor/dual_cliped_ratio,13,0.0,1789745898.4746337,0
train/actor/dual_cliped_ratio,14,0.0,1789746730.2785935,0
train/actor/dual_cliped_ratio,15,0.0,1789747942.3718777,0
train/actor/dual_cliped_ratio,16,0.0,1789748774.9771225,0
train/actor/dual_cliped_ratio,17,0.0,1789749617.7081685,0
train/actor/dual_cliped_ratio,18,0.0,1789750438.1762333,0
train/actor/dual_cliped_ratio,19,0.0,1789751264.423846,0
train/actor/dual_cliped_ratio,20,0.0,1789752529.3241541,0
train/actor/dual_cliped_ratio,21,0.0,1789753344.536125,0
train/actor/dual_cliped_ratio,22,0.0,1789754176.8146503,0
train/actor/dual_cliped_ratio,23,0.0,1789755010.2263527,0
train/actor/dual_cliped_ratio,24,0.0,1789755859.7057846,0
train/actor/dual_cliped_ratio,25,0.0,1789757090.5712233,0
train/actor/dual_cliped_ratio,26,0.0,1789757960.932723,0
train/actor/dual_cliped_ratio,27,0.0,1789758804.3884263,0
train/actor/dual_cliped_ratio,28,0.0,1789759671.6434615,0
train/actor/dual_cliped_ratio,29,0.0,1789760512.3558238,0
train/actor/dual_cliped_ratio,30,0.0,1789761821.0388465,0
train/actor/dual_cliped_ratio,31,0.0,1789762701.7589426,0
train/actor/dual_cliped_ratio,32,0.0,1789763583.587986,0
train/actor/dual_cliped_ratio,33,0.0,1789764439.5965424,0
train/actor/dual_cliped_ratio,34,0.0,1789765303.1605506,0
train/actor/dual_cliped_ratio,35,0.0,1789766576.8598435,0
train/actor/dual_cliped_ratio,36,0.0,1789767456.9459646,0
train/actor/dual_cliped_ratio,37,0.0,1789768311.101458,0
train/actor/dual_cliped_ratio,38,0.0,1789769149.832059,0
train/actor/dual_cliped_ratio,39,0.0,1789770004.5246625,0
train/actor/dual_cliped_ratio,40,0.0,1789771319.4133577,0
train/actor/dual_cliped_ratio,41,0.0,1789772195.2358873,0
train/actor/dual_cliped_ratio,42,0.0,1789773056.175694,0
train/actor/dual_cliped_ratio,43,0.0,1789773912.5956092,0
train/actor/dual_cliped_ratio,44,0.0,1789774779.9674945,0
train/actor/dual_cliped_ratio,45,0.0,1789776009.4540188,0
train/actor/dual_cliped_ratio,46,0.0,1789776858.164967,0
train/actor/dual_cliped_ratio,47,0.0,1789777727.604288,0
train/actor/dual_cliped_ratio,48,0.0,1789778587.5732193,0
train/actor/dual_cliped_ratio,49,0.0,1789779450.0544477,0
train/actor/dual_cliped_ratio,50,0.0,1789780757.7271812,0
train/actor/dual_cliped_ratio,51,0.0,1789781598.4315221,0
train/actor/dual_cliped_ratio,52,0.0,1789782457.998916,0
train/actor/dual_cliped_ratio,53,0.0,1789783335.6959462,0
train/actor/dual_cliped_ratio,54,0.0,1789784199.8609564,0
train/actor/dual_cliped_ratio,55,0.0,1789785454.8405364,0
train/actor/dual_cliped_ratio,56,0.0,1789786349.0634294,0
train/actor/dual_cliped_ratio,57,0.0,1789787220.0627997,0
train/actor/dual_cliped_ratio,58,0.0,1789788098.7093267,0
train/actor/dual_cliped_ratio,59,0.0,1789788982.3460703,0
train/actor/dual_cliped_ratio,60,0.0,1789790306.3593688,0
train/actor/dual_cliped_ratio,61,0.0,1789791172.760587,0
train/actor/dual_cliped_ratio,62,0.0,1789792032.8224342,0
train/actor/dual_cliped_ratio,63,0.0,1789792890.828026,0
train/actor/dual_cliped_ratio,64,0.0,1789793764.9390998,0
train/actor/dual_cliped_ratio,65,0.0,1789795027.8147569,0
train/actor/dual_cliped_ratio,66,0.0,1789795901.7056565,0
train/actor/dual_cliped_ratio,67,0.0,1789796782.473419,0
train/actor/dual_cliped_ratio,68,0.0,1789797666.492144,0
train/actor/dual_cliped_ratio,69,0.0,1789798529.0214446,0
train/actor/dual_cliped_ratio,70,0.0,1789799875.547475,0
train/actor/dual_cliped_ratio,71,0.0,1789800740.3208396,0
train/actor/dual_cliped_ratio,72,0.0,1789801632.6721027,0
train/actor/dual_cliped_ratio,73,0.0,1789802511.2898939,0
train/actor/dual_cliped_ratio,74,0.0,1789803399.5233364,0
train/actor/dual_cliped_ratio,75,0.0,1789804709.1157591,0
train/actor/dual_cliped_ratio,76,0.0,1789805572.0168183,0
train/actor/dual_cliped_ratio,77,0.0,1789806438.079942,0
train/actor/dual_cliped_ratio,78,0.0,1789807311.891157,0
train/actor/dual_cliped_ratio,79,0.0,1789808161.614432,0
train/actor/dual_cliped_ratio,80,0.0,1789809490.2921047,0
train/actor/dual_cliped_ratio,81,0.0,1789810380.0974429,0
train/actor/dual_cliped_ratio,82,0.0,1789811260.4604456,0
train/actor/dual_cliped_ratio,83,0.0,1789812153.2419777,0
train/actor/dual_cliped_ratio,84,0.0,1789813033.9455752,0
train/actor/dual_cliped_ratio,85,0.0,1789814312.2056792,0
train/actor/dual_cliped_ratio,86,0.0,1789815198.476817,0
train/actor/dual_cliped_ratio,87,0.0,1789816092.081229,0
train/actor/dual_cliped_ratio,88,0.0,1789816977.783812,0
train/actor/dual_cliped_ratio,89,0.0,1789817875.8118913,0
train/actor/dual_cliped_ratio,90,0.0,1789819258.6138265,0
train/actor/dual_cliped_ratio,91,0.0,1789820165.058267,0
train/actor/dual_cliped_ratio,92,0.0,1789821060.8196661,0
train/actor/dual_cliped_ratio,93,0.0,1789821959.385328,0
train/actor/dual_cliped_ratio,94,0.0,1789822844.502646,0
train/actor/dual_cliped_ratio,95,0.0,1789824159.9605799,0
train/actor/dual_cliped_ratio,96,0.0,1789825054.5687046,0
train/actor/dual_cliped_ratio,97,0.0,1789825948.5392516,0
train/actor/dual_cliped_ratio,98,0.0,1789826861.0132794,0
train/actor/dual_cliped_ratio,99,0.0,1789827745.5784774,0
train/actor/dual_cliped_ratio,100,0.0,1789829118.236264,0
train/actor/dual_cliped_ratio,101,0.0,1789830009.8322465,0
train/actor/dual_cliped_ratio,102,0.0,1789830915.9255524,0
train/actor/dual_cliped_ratio,103,0.0,1789831806.6384003,0
train/actor/dual_cliped_ratio,104,0.0,1789832718.998999,0
train/actor/dual_cliped_ratio,105,0.0,1789834041.4828324,0
train/actor/dual_cliped_ratio,106,0.0,1789834981.8544354,0
train/actor/dual_cliped_ratio,107,0.0,1789835868.4322677,0
train/actor/dual_cliped_ratio,108,0.0,1789836735.7083504,0
train/actor/dual_cliped_ratio,109,0.0,1789837618.1306934,0
train/actor/dual_cliped_ratio,110,0.0,1789838967.5052683,0
train/actor/dual_cliped_ratio,111,0.0,1789839873.94801,0
train/actor/dual_cliped_ratio,112,0.0,1789840774.8569653,0
train/actor/dual_cliped_ratio,113,0.0,1789841662.7341535,0
train/actor/dual_cliped_ratio,114,0.0,1789842563.6542156,0
train/actor/dual_cliped_ratio,115,0.0,1789843890.674177,0
train/actor/dual_cliped_ratio,116,0.0,1789844788.2115638,0
train/actor/dual_cliped_ratio,117,0.0,1789845696.5373032,0
train/actor/dual_cliped_ratio,118,0.0,1789846589.4162827,0
train/actor/dual_cliped_ratio,119,0.0,1789847480.2852008,0
train/actor/dual_cliped_ratio,120,0.0,1789848833.6253004,0
train/actor/dual_cliped_ratio,121,0.0,1789849726.8697126,0
train/actor/dual_cliped_ratio,122,0.0,1789850608.2755659,0
train/actor/dual_cliped_ratio,123,0.0,1789851504.2527122,0
train/actor/dual_cliped_ratio,124,0.0,1789852381.7227094,0
train/actor/dual_cliped_ratio,125,0.0,1789853698.2232676,0
train/actor/dual_cliped_ratio,126,0.0,1789854595.6982114,0
train/actor/dual_cliped_ratio,127,0.0,1789855482.7766972,0
train/actor/dual_cliped_ratio,128,0.0,1789856378.027728,0
train/actor/dual_cliped_ratio,129,0.0,1789857265.145189,0
train/actor/dual_cliped_ratio,130,0.0,1789858604.4951885,0
train/actor/dual_cliped_ratio,131,0.0,1789859500.9616156,0
train/actor/dual_cliped_ratio,132,0.0,1789860405.5620272,0
train/actor/dual_cliped_ratio,133,0.0,1789861321.6393156,0
train/actor/dual_cliped_ratio,134,0.0,1789862242.701385,0
train/actor/dual_cliped_ratio,135,0.0,1789863585.6600583,0
train/actor/dual_cliped_ratio,136,0.0,1789864520.215417,0
train/actor/dual_cliped_ratio,137,0.0,1789865419.9351737,0
train/actor/dual_cliped_ratio,138,0.0,1789866317.8932204,0
train/actor/dual_cliped_ratio,139,0.0,1789867224.1461115,0
train/actor/dual_cliped_ratio,140,0.0,1789868619.8081362,0
train/actor/dual_cliped_ratio,141,0.0,1789869518.187578,0
train/actor/dual_cliped_ratio,142,0.0,1789870408.9068947,0
train/actor/dual_cliped_ratio,143,0.0,1789871324.2469678,0
train/actor/dual_cliped_ratio,144,0.0,1789872217.261206,0
train/actor/dual_cliped_ratio,145,0.0,1789873546.0752208,0
train/actor/dual_cliped_ratio,146,0.0,1789874462.5782344,0
train/actor/dual_cliped_ratio,147,0.0,1789875356.5905275,0
train/actor/dual_cliped_ratio,148,0.0,1789876285.707349,0
train/actor/dvac_chunk_factor_std,1,0.07127391546964645,1789735381.1786485,0
train/actor/dvac_chunk_factor_std,2,0.07036571204662323,1789736158.312705,0
train/actor/dvac_chunk_factor_std,3,0.07621210068464279,1789736932.3646493,0
train/actor/dvac_chunk_factor_std,4,0.0752580389380455,1789737712.3843772,0
train/actor/dvac_chunk_factor_std,5,0.08247680962085724,1789738848.0624804,0
train/actor/dvac_chunk_factor_std,6,0.07510989904403687,1789739665.6963556,0
train/actor/dvac_chunk_factor_std,7,0.07920961827039719,1789740462.6900785,0
train/actor/dvac_chunk_factor_std,8,0.07824844866991043,1789741284.297295,0
train/actor/dvac_chunk_factor_std,9,0.08074085414409637,1789742089.6712291,0
train/actor/dvac_chunk_factor_std,10,0.07501541823148727,1789743347.8804007,0
train/actor/dvac_chunk_factor_std,11,0.07888425141572952,1789744207.2098243,0
train/actor/dvac_chunk_factor_std,12,0.08023510128259659,1789745056.1834753,0
train/actor/dvac_chunk_factor_std,13,0.08052319288253784,1789745898.474641,0
train/actor/dvac_chunk_factor_std,14,0.07673689723014832,1789746730.2786005,0
train/actor/dvac_chunk_factor_std,15,0.06785909086465836,1789747942.3718858,0
train/actor/dvac_chunk_factor_std,16,0.07550764828920364,1789748774.9771304,0
train/actor/dvac_chunk_factor_std,17,0.07731254398822784,1789749617.7081757,0
train/actor/dvac_chunk_factor_std,18,0.08060482144355774,1789750438.1762407,0
train/actor/dvac_chunk_factor_std,19,0.07197372615337372,1789751264.4238524,0
train/actor/dvac_chunk_factor_std,20,0.06986676156520844,1789752529.3241606,0
train/actor/dvac_chunk_factor_std,21,0.07400800287723541,1789753344.5361323,0
train/actor/dvac_chunk_factor_std,22,0.07621400058269501,1789754176.8146572,0
train/actor/dvac_chunk_factor_std,23,0.07988620549440384,1789755010.22636,0
train/actor/dvac_chunk_factor_std,24,0.0722283273935318,1789755859.7057912,0
train/actor/dvac_chunk_factor_std,25,0.07765299081802368,1789757090.5712292,0
train/actor/dvac_chunk_factor_std,26,0.08127697557210922,1789757960.93273,0
train/actor/dvac_chunk_factor_std,27,0.07550601661205292,1789758804.3884337,0
train/actor/dvac_chunk_factor_std,28,0.07892590016126633,1789759671.6434686,0
train/actor/dvac_chunk_factor_std,29,0.0777893215417862,1789760512.3558314,0
train/actor/dvac_chunk_factor_std,30,0.08390368521213531,1789761821.0388525,0
train/actor/dvac_chunk_factor_std,31,0.07710462808609009,1789762701.758952,0
train/actor/dvac_chunk_factor_std,32,0.07700661569833755,1789763583.587993,0
train/actor/dvac_chunk_factor_std,33,0.07485400140285492,1789764439.5965502,0
train/actor/dvac_chunk_factor_std,34,0.07934166491031647,1789765303.160568,0
train/actor/dvac_chunk_factor_std,35,0.07679340243339539,1789766576.85985,0
train/actor/dvac_chunk_factor_std,36,0.08284105360507965,1789767456.9459717,0
train/actor/dvac_chunk_factor_std,37,0.0766378790140152,1789768311.1014657,0
train/actor/dvac_chunk_factor_std,38,0.08044165372848511,1789769149.8320658,0
train/actor/dvac_chunk_factor_std,39,0.08323369175195694,1789770004.5246701,0
train/actor/dvac_chunk_factor_std,40,0.08433045446872711,1789771319.4133644,0
train/actor/dvac_chunk_factor_std,41,0.07564862072467804,1789772195.235894,0
train/actor/dvac_chunk_factor_std,42,0.0744381994009018,1789773056.175701,0
train/actor/dvac_chunk_factor_std,43,0.08032401651144028,1789773912.5956182,0
train/actor/dvac_chunk_factor_std,44,0.07108213007450104,1789774779.9675016,0
train/actor/dvac_chunk_factor_std,45,0.07892058789730072,1789776009.4540286,0
train/actor/dvac_chunk_factor_std,46,0.08234049379825592,1789776858.1649737,0
train/actor/dvac_chunk_factor_std,47,0.07771848142147064,1789777727.604297,0
train/actor/dvac_chunk_factor_std,48,0.08448104560375214,1789778587.5732288,0
train/actor/dvac_chunk_factor_std,49,0.08466428518295288,1789779450.0544543,0
train/actor/dvac_chunk_factor_std,50,0.07213937491178513,1789780757.7271874,0
train/actor/dvac_chunk_factor_std,51,0.07720458507537842,1789781598.4315295,0
train/actor/dvac_chunk_factor_std,52,0.08096510171890259,1789782457.9989226,0
train/actor/dvac_chunk_factor_std,53,0.08624166250228882,1789783335.6959655,0
train/actor/dvac_chunk_factor_std,54,0.07820788770914078,1789784199.8609633,0
train/actor/dvac_chunk_factor_std,55,0.07978008687496185,1789785454.8405426,0
train/actor/dvac_chunk_factor_std,56,0.07895176112651825,1789786349.0634367,0
train/actor/dvac_chunk_factor_std,57,0.0893273651599884,1789787220.0628073,0
train/actor/dvac_chunk_factor_std,58,0.0844285637140274,1789788098.7093337,0
train/actor/dvac_chunk_factor_std,59,0.07712665945291519,1789788982.3460865,0
train/actor/dvac_chunk_factor_std,60,0.08235110342502594,1789790306.359375,0
train/actor/dvac_chunk_factor_std,61,0.08233533799648285,1789791172.7605944,0
train/actor/dvac_chunk_factor_std,62,0.07147959619760513,1789792032.8224416,0
train/actor/dvac_chunk_factor_std,63,0.0848199799656868,1789792890.8280334,0
train/actor/dvac_chunk_factor_std,64,0.07995089143514633,1789793764.9391072,0
train/actor/dvac_chunk_factor_std,65,0.08159316331148148,1789795027.8147633,0
train/actor/dvac_chunk_factor_std,66,0.07880596816539764,1789795901.7056634,0
train/actor/dvac_chunk_factor_std,67,0.07383257895708084,1789796782.4734254,0
train/actor/dvac_chunk_factor_std,68,0.07736395299434662,1789797666.4921508,0
train/actor/dvac_chunk_factor_std,69,0.07747164368629456,1789798529.021452,0
train/actor/dvac_chunk_factor_std,70,0.07749375700950623,1789799875.5474815,0
train/actor/dvac_chunk_factor_std,71,0.07701396197080612,1789800740.3208463,0
train/actor/dvac_chunk_factor_std,72,0.08081455528736115,1789801632.6721108,0
train/actor/dvac_chunk_factor_std,73,0.09000006318092346,1789802511.289901,0
train/actor/dvac_chunk_factor_std,74,0.07959618419408798,1789803399.5233433,0
train/actor/dvac_chunk_factor_std,75,0.08910982310771942,1789804709.1157658,0
train/actor/dvac_chunk_factor_std,76,0.08633547276258469,1789805572.0168257,0
train/actor/dvac_chunk_factor_std,77,0.08697008341550827,1789806438.0799484,0
train/actor/dvac_chunk_factor_std,78,0.07815179228782654,1789807311.8911638,0
train/actor/dvac_chunk_factor_std,79,0.07679229229688644,1789808161.614439,0
train/actor/dvac_chunk_factor_std,80,0.07858511805534363,1789809490.292111,0
train/actor/dvac_chunk_factor_std,81,0.08264132589101791,1789810380.097461,0
train/actor/dvac_chunk_factor_std,82,0.07516612857580185,1789811260.460453,0
train/actor/dvac_chunk_factor_std,83,0.08115805685520172,1789812153.2419848,0
train/actor/dvac_chunk_factor_std,84,0.08029135316610336,1789813033.9455822,0
train/actor/dvac_chunk_factor_std,85,0.0785396620631218,1789814312.2056851,0
train/actor/dvac_chunk_factor_std,86,0.0830281674861908,1789815198.4768236,0
train/actor/dvac_chunk_factor_std,87,0.08396659791469574,1789816092.0812387,0
train/actor/dvac_chunk_factor_std,88,0.07853899896144867,1789816977.7838185,0
train/actor/dvac_chunk_factor_std,89,0.08986999094486237,1789817875.8118978,0
train/actor/dvac_chunk_factor_std,90,0.08532285690307617,1789819258.6138327,0
train/actor/dvac_chunk_factor_std,91,0.07711608707904816,1789820165.0582747,0
train/actor/dvac_chunk_factor_std,92,0.0823998674750328,1789821060.819673,0
train/actor/dvac_chunk_factor_std,93,0.07911594212055206,1789821959.385335,0
train/actor/dvac_chunk_factor_std,94,0.07381675392389297,1789822844.5026531,0
train/actor/dvac_chunk_factor_std,95,0.08599931746721268,1789824159.9605863,0
train/actor/dvac_chunk_factor_std,96,0.07768646627664566,1789825054.5687115,0
train/actor/dvac_chunk_factor_std,97,0.08288688212633133,1789825948.5392585,0
train/actor/dvac_chunk_factor_std,98,0.08439136296510696,1789826861.0133011,0
train/actor/dvac_chunk_factor_std,99,0.08319362998008728,1789827745.5784879,0
train/actor/dvac_chunk_factor_std,100,0.08244682848453522,1789829118.2362704,0
train/actor/dvac_chunk_factor_std,101,0.08645688742399216,1789830009.8322532,0
train/actor/dvac_chunk_factor_std,102,0.07715359330177307,1789830915.9255676,0
train/actor/dvac_chunk_factor_std,103,0.07858102023601532,1789831806.638407,0
train/actor/dvac_chunk_factor_std,104,0.08392205834388733,1789832718.9990058,0
train/actor/dvac_chunk_factor_std,105,0.07553508877754211,1789834041.482839,0
train/actor/dvac_chunk_factor_std,106,0.07714830338954926,1789834981.8544436,0
train/actor/dvac_chunk_factor_std,107,0.08301746100187302,1789835868.4322746,0
train/actor/dvac_chunk_factor_std,108,0.08558930456638336,1789836735.7083578,0
train/actor/dvac_chunk_factor_std,109,0.07975689321756363,1789837618.1307008,0
train/actor/dvac_chunk_factor_std,110,0.08016747981309891,1789838967.5052748,0
train/actor/dvac_chunk_factor_std,111,0.08661837875843048,1789839873.9480176,0
train/actor/dvac_chunk_factor_std,112,0.07711505889892578,1789840774.8569722,0
train/actor/dvac_chunk_factor_std,113,0.08834130316972733,1789841662.7341604,0
train/actor/dvac_chunk_factor_std,114,0.08367540687322617,1789842563.6542222,0
train/actor/dvac_chunk_factor_std,115,0.081702321767807,1789843890.674183,0
train/actor/dvac_chunk_factor_std,116,0.07997393608093262,1789844788.211571,0
train/actor/dvac_chunk_factor_std,117,0.08688592165708542,1789845696.5373101,0
train/actor/dvac_chunk_factor_std,118,0.0901414006948471,1789846589.4162896,0
train/actor/dvac_chunk_factor_std,119,0.07559964805841446,1789847480.285208,0
train/actor/dvac_chunk_factor_std,120,0.07852070033550262,1789848833.6253073,0
train/actor/dvac_chunk_factor_std,121,0.08711157739162445,1789849726.8697197,0
train/actor/dvac_chunk_factor_std,122,0.07765151560306549,1789850608.2755795,0
train/actor/dvac_chunk_factor_std,123,0.08722778409719467,1789851504.2527196,0
train/actor/dvac_chunk_factor_std,124,0.08324775099754333,1789852381.7227163,0
train/actor/dvac_chunk_factor_std,125,0.08707991242408752,1789853698.223274,0
train/actor/dvac_chunk_factor_std,126,0.07850873470306396,1789854595.6982183,0
train/actor/dvac_chunk_factor_std,127,0.08178579062223434,1789855482.776704,0
train/actor/dvac_chunk_factor_std,128,0.07952544838190079,1789856378.027735,0
train/actor/dvac_chunk_factor_std,129,0.08381783962249756,1789857265.1451962,0
train/actor/dvac_chunk_factor_std,130,0.08401867747306824,1789858604.4951947,0
train/actor/dvac_chunk_factor_std,131,0.0784599706530571,1789859500.9616227,0
train/actor/dvac_chunk_factor_std,132,0.07643375545740128,1789860405.5620341,0
train/actor/dvac_chunk_factor_std,133,0.07986164093017578,1789861321.639322,0
train/actor/dvac_chunk_factor_std,134,0.07964417338371277,1789862242.701397,0
train/actor/dvac_chunk_factor_std,135,0.08228566497564316,1789863585.6600645,0
train/actor/dvac_chunk_factor_std,136,0.0764579176902771,1789864520.215424,0
train/actor/dvac_chunk_factor_std,137,0.0829353854060173,1789865419.93518,0
train/actor/dvac_chunk_factor_std,138,0.08374219387769699,1789866317.8932276,0
train/actor/dvac_chunk_factor_std,139,0.08841568231582642,1789867224.1461186,0
train/actor/dvac_chunk_factor_std,140,0.07788092643022537,1789868619.8081427,0
train/actor/dvac_chunk_factor_std,141,0.08076690137386322,1789869518.1875844,0
train/actor/dvac_chunk_factor_std,142,0.08067309111356735,1789870408.9069016,0
train/actor/dvac_chunk_factor_std,143,0.08274758607149124,1789871324.2469747,0
train/actor/dvac_chunk_factor_std,144,0.07850877195596695,1789872217.2612135,0
train/actor/dvac_chunk_factor_std,145,0.07361740618944168,1789873546.0752268,0
train/actor/dvac_chunk_factor_std,146,0.08694709092378616,1789874462.578241,0
train/actor/dvac_chunk_factor_std,147,0.0813419446349144,1789875356.5905416,0
train/actor/dvac_chunk_factor_std,148,0.0807054191827774,1789876285.7073565,0
train/actor/dvac_group_count,1,16.0,1789735381.178655,0
train/actor/dvac_group_count,2,16.0,1789736158.3127115,0
train/actor/dvac_group_count,3,16.0,1789736932.3646595,0
train/actor/dvac_group_count,4,16.0,1789737712.3843842,0
train/actor/dvac_group_count,5,16.0,1789738848.0624871,0
train/actor/dvac_group_count,6,16.0,1789739665.696362,0
train/actor/dvac_group_count,7,16.0,1789740462.6900845,0
train/actor/dvac_group_count,8,16.0,1789741284.2973015,0
train/actor/dvac_group_count,9,16.0,1789742089.6712353,0
train/actor/dvac_group_count,10,16.0,1789743347.8804076,0
train/actor/dvac_group_count,11,16.0,1789744207.2098303,0
train/actor/dvac_group_count,12,16.0,1789745056.1834817,0
train/actor/dvac_group_count,13,16.0,1789745898.4746478,0
train/actor/dvac_group_count,14,16.0,1789746730.278607,0
train/actor/dvac_group_count,15,16.0,1789747942.3718922,0
train/actor/dvac_group_count,16,16.0,1789748774.977137,0
train/actor/dvac_group_count,17,16.0,1789749617.7081826,0
train/actor/dvac_group_count,18,16.0,1789750438.1762471,0
train/actor/dvac_group_count,19,16.0,1789751264.4238586,0
train/actor/dvac_group_count,20,16.0,1789752529.324167,0
train/actor/dvac_group_count,21,16.0,1789753344.5361388,0
train/actor/dvac_group_count,22,16.0,1789754176.8146634,0
train/actor/dvac_group_count,23,16.0,1789755010.226367,0
train/actor/dvac_group_count,24,16.0,1789755859.7057974,0
train/actor/dvac_group_count,25,16.0,1789757090.571236,0
train/actor/dvac_group_count,26,16.0,1789757960.9327369,0
train/actor/dvac_group_count,27,16.0,1789758804.3884408,0
train/actor/dvac_group_count,28,16.0,1789759671.6434753,0
train/actor/dvac_group_count,29,16.0,1789760512.355838,0
train/actor/dvac_group_count,30,16.0,1789761821.0388584,0
train/actor/dvac_group_count,31,16.0,1789762701.7589588,0
train/actor/dvac_group_count,32,16.0,1789763583.588,0
train/actor/dvac_group_count,33,16.0,1789764439.5965564,0
train/actor/dvac_group_count,34,16.0,1789765303.1605775,0
train/actor/dvac_group_count,35,16.0,1789766576.8598564,0
train/actor/dvac_group_count,36,16.0,1789767456.9459782,0
train/actor/dvac_group_count,37,16.0,1789768311.1014726,0
train/actor/dvac_group_count,38,16.0,1789769149.8320725,0
train/actor/dvac_group_count,39,16.0,1789770004.5246766,0
train/actor/dvac_group_count,40,16.0,1789771319.4133713,0
train/actor/dvac_group_count,41,16.0,1789772195.2359006,0
train/actor/dvac_group_count,42,16.0,1789773056.1757078,0
train/actor/dvac_group_count,43,16.0,1789773912.595625,0
train/actor/dvac_group_count,44,16.0,1789774779.967508,0
train/actor/dvac_group_count,45,16.0,1789776009.4540355,0
train/actor/dvac_group_count,46,16.0,1789776858.1649804,0
train/actor/dvac_group_count,47,16.0,1789777727.6043062,0
train/actor/dvac_group_count,48,16.0,1789778587.5732377,0
train/actor/dvac_group_count,49,16.0,1789779450.054461,0
train/actor/dvac_group_count,50,16.0,1789780757.7271936,0
train/actor/dvac_group_count,51,16.0,1789781598.4315352,0
train/actor/dvac_group_count,52,16.0,1789782457.9989285,0
train/actor/dvac_group_count,53,16.0,1789783335.695975,0
train/actor/dvac_group_count,54,16.0,1789784199.8609695,0
train/actor/dvac_group_count,55,16.0,1789785454.8405488,0
train/actor/dvac_group_count,56,16.0,1789786349.0634427,0
train/actor/dvac_group_count,57,16.0,1789787220.0628145,0
train/actor/dvac_group_count,58,16.0,1789788098.7093403,0
train/actor/dvac_group_count,59,16.0,1789788982.3460975,0
train/actor/dvac_group_count,60,16.0,1789790306.3593814,0
train/actor/dvac_group_count,61,16.0,1789791172.760601,0
train/actor/dvac_group_count,62,16.0,1789792032.8224478,0
train/actor/dvac_group_count,63,16.0,1789792890.8280427,0
train/actor/dvac_group_count,64,16.0,1789793764.9391131,0
train/actor/dvac_group_count,65,16.0,1789795027.81477,0
train/actor/dvac_group_count,66,16.0,1789795901.7056704,0
train/actor/dvac_group_count,67,16.0,1789796782.473432,0
train/actor/dvac_group_count,68,16.0,1789797666.4921572,0
train/actor/dvac_group_count,69,16.0,1789798529.0214593,0
train/actor/dvac_group_count,70,16.0,1789799875.547488,0
train/actor/dvac_group_count,71,16.0,1789800740.3208523,0
train/actor/dvac_group_count,72,16.0,1789801632.6721175,0
train/actor/dvac_group_count,73,16.0,1789802511.2899075,0
train/actor/dvac_group_count,74,16.0,1789803399.52335,0
train/actor/dvac_group_count,75,16.0,1789804709.1157722,0
train/actor/dvac_group_count,76,16.0,1789805572.0168316,0
train/actor/dvac_group_count,77,16.0,1789806438.0799549,0
train/actor/dvac_group_count,78,16.0,1789807311.8911707,0
train/actor/dvac_group_count,79,16.0,1789808161.614446,0
train/actor/dvac_group_count,80,16.0,1789809490.2921166,0
train/actor/dvac_group_count,81,16.0,1789810380.0974717,0
train/actor/dvac_group_count,82,16.0,1789811260.4604592,0
train/actor/dvac_group_count,83,16.0,1789812153.2419915,0
train/actor/dvac_group_count,84,16.0,1789813033.9455888,0
train/actor/dvac_group_count,85,16.0,1789814312.2056913,0
train/actor/dvac_group_count,86,16.0,1789815198.47683,0
train/actor/dvac_group_count,87,16.0,1789816092.0812473,0
train/actor/dvac_group_count,88,16.0,1789816977.7838247,0
train/actor/dvac_group_count,89,16.0,1789817875.811904,0
train/actor/dvac_group_count,90,16.0,1789819258.6138384,0
train/actor/dvac_group_count,91,16.0,1789820165.0582812,0
train/actor/dvac_group_count,92,16.0,1789821060.8196795,0
train/actor/dvac_group_count,93,16.0,1789821959.3853414,0
train/actor/dvac_group_count,94,16.0,1789822844.5026593,0
train/actor/dvac_group_count,95,16.0,1789824159.9605927,0
train/actor/dvac_group_count,96,16.0,1789825054.5687177,0
train/actor/dvac_group_count,97,16.0,1789825948.5392644,0
train/actor/dvac_group_count,98,16.0,1789826861.0133104,0
train/actor/dvac_group_count,99,16.0,1789827745.5784945,0
train/actor/dvac_group_count,100,16.0,1789829118.2362766,0
train/actor/dvac_group_count,101,16.0,1789830009.83226,0
train/actor/dvac_group_count,102,16.0,1789830915.92558,0
train/actor/dvac_group_count,103,16.0,1789831806.6384137,0
train/actor/dvac_group_count,104,16.0,1789832718.999012,0
train/actor/dvac_group_count,105,16.0,1789834041.482845,0
train/actor/dvac_group_count,106,16.0,1789834981.8544514,0
train/actor/dvac_group_count,107,16.0,1789835868.4322815,0
train/actor/dvac_group_count,108,16.0,1789836735.7083645,0
train/actor/dvac_group_count,109,16.0,1789837618.130707,0
train/actor/dvac_group_count,110,16.0,1789838967.505281,0
train/actor/dvac_group_count,111,16.0,1789839873.948024,0
train/actor/dvac_group_count,112,16.0,1789840774.856979,0
train/actor/dvac_group_count,113,16.0,1789841662.734167,0
train/actor/dvac_group_count,114,16.0,1789842563.6542282,0
train/actor/dvac_group_count,115,16.0,1789843890.674189,0
train/actor/dvac_group_count,116,16.0,1789844788.2115812,0
train/actor/dvac_group_count,117,16.0,1789845696.5373168,0
train/actor/dvac_group_count,118,16.0,1789846589.416296,0
train/actor/dvac_group_count,119,16.0,1789847480.2852142,0
train/actor/dvac_group_count,120,16.0,1789848833.6253135,0
train/actor/dvac_group_count,121,16.0,1789849726.8697264,0
train/actor/dvac_group_count,122,16.0,1789850608.27559,0
train/actor/dvac_group_count,123,16.0,1789851504.2527263,0
train/actor/dvac_group_count,124,16.0,1789852381.7227228,0
train/actor/dvac_group_count,125,16.0,1789853698.2232804,0
train/actor/dvac_group_count,126,16.0,1789854595.6982245,0
train/actor/dvac_group_count,127,16.0,1789855482.77671,0
train/actor/dvac_group_count,128,16.0,1789856378.0277417,0
train/actor/dvac_group_count,129,16.0,1789857265.145203,0
train/actor/dvac_group_count,130,16.0,1789858604.4952009,0
train/actor/dvac_group_count,131,16.0,1789859500.961629,0
train/actor/dvac_group_count,132,16.0,1789860405.5620408,0
train/actor/dvac_group_count,133,16.0,1789861321.6393285,0
train/actor/dvac_group_count,134,16.0,1789862242.7014067,0
train/actor/dvac_group_count,135,16.0,1789863585.6600707,0
train/actor/dvac_group_count,136,16.0,1789864520.215431,0
train/actor/dvac_group_count,137,16.0,1789865419.9351864,0
train/actor/dvac_group_count,138,16.0,1789866317.8932338,0
train/actor/dvac_group_count,139,16.0,1789867224.146125,0
train/actor/dvac_group_count,140,16.0,1789868619.808149,0
train/actor/dvac_group_count,141,16.0,1789869518.1875913,0
train/actor/dvac_group_count,142,16.0,1789870408.9069076,0
train/actor/dvac_group_count,143,16.0,1789871324.246981,0
train/actor/dvac_group_count,144,16.0,1789872217.2612195,0
train/actor/dvac_group_count,145,16.0,1789873546.075233,0
train/actor/dvac_group_count,146,16.0,1789874462.578247,0
train/actor/dvac_group_count,147,16.0,1789875356.5905523,0
train/actor/dvac_group_count,148,16.0,1789876285.7073631,0
train/actor/dvac_local_center_error,1,1.7881393432617188e-07,1789735381.1786613,0
train/actor/dvac_local_center_error,2,1.7881393432617188e-07,1789736158.3127184,0
train/actor/dvac_local_center_error,3,2.384185791015625e-07,1789736932.3646674,0
train/actor/dvac_local_center_error,4,2.384185791015625e-07,1789737712.3843908,0
train/actor/dvac_local_center_error,5,2.384185791015625e-07,1789738848.0624933,0
train/actor/dvac_local_center_error,6,1.7881393432617188e-07,1789739665.6963682,0
train/actor/dvac_local_center_error,7,2.384185791015625e-07,1789740462.6900902,0
train/actor/dvac_local_center_error,8,1.7881393432617188e-07,1789741284.2973077,0
train/actor/dvac_local_center_error,9,1.7881393432617188e-07,1789742089.6712415,0
train/actor/dvac_local_center_error,10,2.384185791015625e-07,1789743347.8804142,0
train/actor/dvac_local_center_error,11,1.7881393432617188e-07,1789744207.209837,0
train/actor/dvac_local_center_error,12,2.384185791015625e-07,1789745056.183488,0
train/actor/dvac_local_center_error,13,2.384185791015625e-07,1789745898.4746537,0
train/actor/dvac_local_center_error,14,2.384185791015625e-07,1789746730.2786136,0
train/actor/dvac_local_center_error,15,2.384185791015625e-07,1789747942.3718994,0
train/actor/dvac_local_center_error,16,2.384185791015625e-07,1789748774.9771435,0
train/actor/dvac_local_center_error,17,1.7881393432617188e-07,1789749617.7081892,0
train/actor/dvac_local_center_error,18,2.384185791015625e-07,1789750438.1762536,0
train/actor/dvac_local_center_error,19,1.7881393432617188e-07,1789751264.4238648,0
train/actor/dvac_local_center_error,20,1.7881393432617188e-07,1789752529.3241727,0
train/actor/dvac_local_center_error,21,2.384185791015625e-07,1789753344.5361457,0
train/actor/dvac_local_center_error,22,1.7881393432617188e-07,1789754176.81467,0
train/actor/dvac_local_center_error,23,1.7881393432617188e-07,1789755010.2263737,0
train/actor/dvac_local_center_error,24,1.7881393432617188e-07,1789755859.7058036,0
train/actor/dvac_local_center_error,25,2.384185791015625e-07,1789757090.5712423,0
train/actor/dvac_local_center_error,26,1.7881393432617188e-07,1789757960.9327433,0
train/actor/dvac_local_center_error,27,1.7881393432617188e-07,1789758804.388447,0
train/actor/dvac_local_center_error,28,2.384185791015625e-07,1789759671.643482,0
train/actor/dvac_local_center_error,29,1.7881393432617188e-07,1789760512.3558445,0
train/actor/dvac_local_center_error,30,1.7881393432617188e-07,1789761821.0388649,0
train/actor/dvac_local_center_error,31,1.7881393432617188e-07,1789762701.7589653,0
train/actor/dvac_local_center_error,32,2.384185791015625e-07,1789763583.5880063,0
train/actor/dvac_local_center_error,33,2.384185791015625e-07,1789764439.5965626,0
train/actor/dvac_local_center_error,34,2.384185791015625e-07,1789765303.160585,0
train/actor/dvac_local_center_error,35,1.7881393432617188e-07,1789766576.8598628,0
train/actor/dvac_local_center_error,36,1.7881393432617188e-07,1789767456.9459844,0
train/actor/dvac_local_center_error,37,1.7881393432617188e-07,1789768311.101479,0
train/actor/dvac_local_center_error,38,2.384185791015625e-07,1789769149.832079,0
train/actor/dvac_local_center_error,39,2.384185791015625e-07,1789770004.524683,0
train/actor/dvac_local_center_error,40,2.384185791015625e-07,1789771319.4133778,0
train/actor/dvac_local_center_error,41,2.384185791015625e-07,1789772195.235907,0
train/actor/dvac_local_center_error,42,1.7881393432617188e-07,1789773056.175715,0
train/actor/dvac_local_center_error,43,1.7881393432617188e-07,1789773912.5956314,0
train/actor/dvac_local_center_error,44,2.384185791015625e-07,1789774779.9675143,0
train/actor/dvac_local_center_error,45,2.384185791015625e-07,1789776009.454042,0
train/actor/dvac_local_center_error,46,1.7881393432617188e-07,1789776858.1649868,0
train/actor/dvac_local_center_error,47,2.384185791015625e-07,1789777727.6043127,0
train/actor/dvac_local_center_error,48,1.7881393432617188e-07,1789778587.573247,0
train/actor/dvac_local_center_error,49,2.384185791015625e-07,1789779450.0544674,0
train/actor/dvac_local_center_error,50,2.384185791015625e-07,1789780757.7271998,0
train/actor/dvac_local_center_error,51,1.7881393432617188e-07,1789781598.4315417,0
train/actor/dvac_local_center_error,52,2.384185791015625e-07,1789782457.9989345,0
train/actor/dvac_local_center_error,53,2.384185791015625e-07,1789783335.6959822,0
train/actor/dvac_local_center_error,54,1.7881393432617188e-07,1789784199.860976,0
train/actor/dvac_local_center_error,55,1.7881393432617188e-07,1789785454.8405552,0
train/actor/dvac_local_center_error,56,1.7881393432617188e-07,1789786349.0634491,0
train/actor/dvac_local_center_error,57,2.384185791015625e-07,1789787220.062821,0
train/actor/dvac_local_center_error,58,2.384185791015625e-07,1789788098.7093465,0
train/actor/dvac_local_center_error,59,1.7881393432617188e-07,1789788982.3461082,0
train/actor/dvac_local_center_error,60,2.384185791015625e-07,1789790306.3593874,0
train/actor/dvac_local_center_error,61,1.7881393432617188e-07,1789791172.7606072,0
train/actor/dvac_local_center_error,62,2.384185791015625e-07,1789792032.8224542,0
train/actor/dvac_local_center_error,63,1.7881393432617188e-07,1789792890.8280494,0
train/actor/dvac_local_center_error,64,1.7881393432617188e-07,1789793764.9391198,0
train/actor/dvac_local_center_error,65,2.384185791015625e-07,1789795027.8147767,0
train/actor/dvac_local_center_error,66,2.384185791015625e-07,1789795901.705677,0
train/actor/dvac_local_center_error,67,2.384185791015625e-07,1789796782.4734387,0
train/actor/dvac_local_center_error,68,2.384185791015625e-07,1789797666.492164,0
train/actor/dvac_local_center_error,69,2.384185791015625e-07,1789798529.0214658,0
train/actor/dvac_local_center_error,70,2.384185791015625e-07,1789799875.5474944,0
train/actor/dvac_local_center_error,71,1.7881393432617188e-07,1789800740.3208587,0
train/actor/dvac_local_center_error,72,2.384185791015625e-07,1789801632.6721237,0
train/actor/dvac_local_center_error,73,2.384185791015625e-07,1789802511.2899141,0
train/actor/dvac_local_center_error,74,2.384185791015625e-07,1789803399.5233564,0
train/actor/dvac_local_center_error,75,2.384185791015625e-07,1789804709.1157782,0
train/actor/dvac_local_center_error,76,1.7881393432617188e-07,1789805572.0168376,0
train/actor/dvac_local_center_error,77,2.384185791015625e-07,1789806438.079961,0
train/actor/dvac_local_center_error,78,1.7881393432617188e-07,1789807311.8911772,0
train/actor/dvac_local_center_error,79,2.384185791015625e-07,1789808161.614452,0
train/actor/dvac_local_center_error,80,1.7881393432617188e-07,1789809490.292123,0
train/actor/dvac_local_center_error,81,2.384185791015625e-07,1789810380.097479,0
train/actor/dvac_local_center_error,82,1.7881393432617188e-07,1789811260.4604657,0
train/actor/dvac_local_center_error,83,1.7881393432617188e-07,1789812153.2419977,0
train/actor/dvac_local_center_error,84,1.7881393432617188e-07,1789813033.945595,0
train/actor/dvac_local_center_error,85,2.384185791015625e-07,1789814312.2056975,0
train/actor/dvac_local_center_error,86,2.384185791015625e-07,1789815198.4768357,0
train/actor/dvac_local_center_error,87,2.384185791015625e-07,1789816092.081256,0
train/actor/dvac_local_center_error,88,1.7881393432617188e-07,1789816977.7838318,0
train/actor/dvac_local_center_error,89,2.384185791015625e-07,1789817875.8119104,0
train/actor/dvac_local_center_error,90,1.7881393432617188e-07,1789819258.6138444,0
train/actor/dvac_local_center_error,91,2.384185791015625e-07,1789820165.0582876,0
train/actor/dvac_local_center_error,92,2.384185791015625e-07,1789821060.8196857,0
train/actor/dvac_local_center_error,93,1.7881393432617188e-07,1789821959.3853474,0
train/actor/dvac_local_center_error,94,2.384185791015625e-07,1789822844.5026658,0
train/actor/dvac_local_center_error,95,2.384185791015625e-07,1789824159.9605987,0
train/actor/dvac_local_center_error,96,2.384185791015625e-07,1789825054.5687242,0
train/actor/dvac_local_center_error,97,1.7881393432617188e-07,1789825948.539271,0
train/actor/dvac_local_center_error,98,1.7881393432617188e-07,1789826861.0133204,0
train/actor/dvac_local_center_error,99,2.384185791015625e-07,1789827745.5785015,0
train/actor/dvac_local_center_error,100,2.384185791015625e-07,1789829118.2362828,0
train/actor/dvac_local_center_error,101,2.384185791015625e-07,1789830009.832266,0
train/actor/dvac_local_center_error,102,2.384185791015625e-07,1789830915.9255903,0
train/actor/dvac_local_center_error,103,2.384185791015625e-07,1789831806.6384199,0
train/actor/dvac_local_center_error,104,1.7881393432617188e-07,1789832718.9990196,0
train/actor/dvac_local_center_error,105,2.384185791015625e-07,1789834041.4828517,0
train/actor/dvac_local_center_error,106,1.7881393432617188e-07,1789834981.8544598,0
train/actor/dvac_local_center_error,107,1.7881393432617188e-07,1789835868.4322877,0
train/actor/dvac_local_center_error,108,2.384185791015625e-07,1789836735.7083714,0
train/actor/dvac_local_center_error,109,2.384185791015625e-07,1789837618.1307135,0
train/actor/dvac_local_center_error,110,2.384185791015625e-07,1789838967.5052876,0
train/actor/dvac_local_center_error,111,2.384185791015625e-07,1789839873.9480307,0
train/actor/dvac_local_center_error,112,1.7881393432617188e-07,1789840774.8569853,0
train/actor/dvac_local_center_error,113,2.384185791015625e-07,1789841662.7341735,0
train/actor/dvac_local_center_error,114,2.384185791015625e-07,1789842563.654235,0
train/actor/dvac_local_center_error,115,2.384185791015625e-07,1789843890.674195,0
train/actor/dvac_local_center_error,116,1.7881393432617188e-07,1789844788.2115877,0
train/actor/dvac_local_center_error,117,2.384185791015625e-07,1789845696.5373235,0
train/actor/dvac_local_center_error,118,2.384185791015625e-07,1789846589.4163024,0
train/actor/dvac_local_center_error,119,2.384185791015625e-07,1789847480.2852206,0
train/actor/dvac_local_center_error,120,1.7881393432617188e-07,1789848833.6253197,0
train/actor/dvac_local_center_error,121,1.7881393432617188e-07,1789849726.869733,0
train/actor/dvac_local_center_error,122,1.7881393432617188e-07,1789850608.2755997,0
train/actor/dvac_local_center_error,123,2.384185791015625e-07,1789851504.2527325,0
train/actor/dvac_local_center_error,124,2.384185791015625e-07,1789852381.7227292,0
train/actor/dvac_local_center_error,125,2.384185791015625e-07,1789853698.2232866,0
train/actor/dvac_local_center_error,126,2.384185791015625e-07,1789854595.698231,0
train/actor/dvac_local_center_error,127,2.384185791015625e-07,1789855482.776717,0
train/actor/dvac_local_center_error,128,1.7881393432617188e-07,1789856378.027749,0
train/actor/dvac_local_center_error,129,2.384185791015625e-07,1789857265.145209,0
train/actor/dvac_local_center_error,130,2.384185791015625e-07,1789858604.4952066,0
train/actor/dvac_local_center_error,131,1.7881393432617188e-07,1789859500.961635,0
train/actor/dvac_local_center_error,132,1.7881393432617188e-07,1789860405.5620472,0
train/actor/dvac_local_center_error,133,1.7881393432617188e-07,1789861321.6393344,0
train/actor/dvac_local_center_error,134,1.7881393432617188e-07,1789862242.701416,0
train/actor/dvac_local_center_error,135,2.384185791015625e-07,1789863585.6600773,0
train/actor/dvac_local_center_error,136,1.7881393432617188e-07,1789864520.215438,0
train/actor/dvac_local_center_error,137,2.384185791015625e-07,1789865419.9351928,0
train/actor/dvac_local_center_error,138,2.384185791015625e-07,1789866317.89324,0
train/actor/dvac_local_center_error,139,1.7881393432617188e-07,1789867224.1461318,0
train/actor/dvac_local_center_error,140,1.7881393432617188e-07,1789868619.8081548,0
train/actor/dvac_local_center_error,141,2.384185791015625e-07,1789869518.1875978,0
train/actor/dvac_local_center_error,142,2.384185791015625e-07,1789870408.9069142,0
train/actor/dvac_local_center_error,143,1.7881393432617188e-07,1789871324.246987,0
train/actor/dvac_local_center_error,144,2.384185791015625e-07,1789872217.2612257,0
train/actor/dvac_local_center_error,145,1.7881393432617188e-07,1789873546.0752392,0
train/actor/dvac_local_center_error,146,2.384185791015625e-07,1789874462.5782537,0
train/actor/dvac_local_center_error,147,2.384185791015625e-07,1789875356.590563,0
train/actor/dvac_local_center_error,148,1.7881393432617188e-07,1789876285.7073696,0
train/actor/dvac_negative_adv_mass_ratio,1,1.0,1789735381.1786675,0
train/actor/dvac_negative_adv_mass_ratio,2,1.0,1789736158.312724,0
train/actor/dvac_negative_adv_mass_ratio,3,1.0,1789736932.3646746,0
train/actor/dvac_negative_adv_mass_ratio,4,1.0,1789737712.384397,0
train/actor/dvac_negative_adv_mass_ratio,5,1.0,1789738848.0624995,0
train/actor/dvac_negative_adv_mass_ratio,6,1.0,1789739665.6963742,0
train/actor/dvac_negative_adv_mass_ratio,7,1.0,1789740462.690097,0
train/actor/dvac_negative_adv_mass_ratio,8,1.0,1789741284.2973177,0
train/actor/dvac_negative_adv_mass_ratio,9,1.0,1789742089.671248,0
train/actor/dvac_negative_adv_mass_ratio,10,1.0,1789743347.8804204,0
train/actor/dvac_negative_adv_mass_ratio,11,1.0,1789744207.2098432,0
train/actor/dvac_negative_adv_mass_ratio,12,1.0,1789745056.1834946,0
train/actor/dvac_negative_adv_mass_ratio,13,1.0,1789745898.4746604,0
train/actor/dvac_negative_adv_mass_ratio,14,1.0,1789746730.2786202,0
train/actor/dvac_negative_adv_mass_ratio,15,1.0,1789747942.3719056,0
train/actor/dvac_negative_adv_mass_ratio,16,1.0,1789748774.9771502,0
train/actor/dvac_negative_adv_mass_ratio,17,1.0,1789749617.708196,0
train/actor/dvac_negative_adv_mass_ratio,18,1.0,1789750438.1762595,0
train/actor/dvac_negative_adv_mass_ratio,19,1.0,1789751264.4238715,0
train/actor/dvac_negative_adv_mass_ratio,20,1.0,1789752529.3241792,0
train/actor/dvac_negative_adv_mass_ratio,21,1.0,1789753344.536152,0
train/actor/dvac_negative_adv_mass_ratio,22,1.0,1789754176.8146768,0
train/actor/dvac_negative_adv_mass_ratio,23,1.0,1789755010.22638,0
train/actor/dvac_negative_adv_mass_ratio,24,1.0,1789755859.7058096,0
train/actor/dvac_negative_adv_mass_ratio,25,1.0,1789757090.5712485,0
train/actor/dvac_negative_adv_mass_ratio,26,1.0,1789757960.93275,0
train/actor/dvac_negative_adv_mass_ratio,27,1.0,1789758804.3884537,0
train/actor/dvac_negative_adv_mass_ratio,28,1.0,1789759671.643488,0
train/actor/dvac_negative_adv_mass_ratio,29,1.0,1789760512.3558514,0
train/actor/dvac_negative_adv_mass_ratio,30,1.0,1789761821.0388718,0
train/actor/dvac_negative_adv_mass_ratio,31,1.0,1789762701.7589717,0
train/actor/dvac_negative_adv_mass_ratio,32,1.0,1789763583.5880127,0
train/actor/dvac_negative_adv_mass_ratio,33,1.0,1789764439.596569,0
train/actor/dvac_negative_adv_mass_ratio,34,1.0,1789765303.160592,0
train/actor/dvac_negative_adv_mass_ratio,35,1.0,1789766576.8598692,0
train/actor/dvac_negative_adv_mass_ratio,36,1.0,1789767456.9459908,0
train/actor/dvac_negative_adv_mass_ratio,37,1.0,1789768311.1014857,0
train/actor/dvac_negative_adv_mass_ratio,38,1.0,1789769149.8320856,0
train/actor/dvac_negative_adv_mass_ratio,39,1.0,1789770004.5246892,0
train/actor/dvac_negative_adv_mass_ratio,40,1.0,1789771319.413384,0
train/actor/dvac_negative_adv_mass_ratio,41,1.0,1789772195.2359133,0
train/actor/dvac_negative_adv_mass_ratio,42,1.0,1789773056.1757214,0
train/actor/dvac_negative_adv_mass_ratio,43,1.0,1789773912.5956378,0
train/actor/dvac_negative_adv_mass_ratio,44,1.0,1789774779.967521,0
train/actor/dvac_negative_adv_mass_ratio,45,1.0,1789776009.4540482,0
train/actor/dvac_negative_adv_mass_ratio,46,1.0,1789776858.1649935,0
train/actor/dvac_negative_adv_mass_ratio,47,1.0,1789777727.6043189,0
train/actor/dvac_negative_adv_mass_ratio,48,1.0,1789778587.5732563,0
train/actor/dvac_negative_adv_mass_ratio,49,1.0,1789779450.0544736,0
train/actor/dvac_negative_adv_mass_ratio,50,1.0,1789780757.7272062,0
train/actor/dvac_negative_adv_mass_ratio,51,1.0,1789781598.4315488,0
train/actor/dvac_negative_adv_mass_ratio,52,1.0,1789782457.998941,0
train/actor/dvac_negative_adv_mass_ratio,53,1.0,1789783335.6959898,0
train/actor/dvac_negative_adv_mass_ratio,54,1.0,1789784199.860982,0
train/actor/dvac_negative_adv_mass_ratio,55,1.0,1789785454.8405619,0
train/actor/dvac_negative_adv_mass_ratio,56,1.0,1789786349.0634556,0
train/actor/dvac_negative_adv_mass_ratio,57,1.0,1789787220.0628278,0
train/actor/dvac_negative_adv_mass_ratio,58,1.0,1789788098.7093532,0
train/actor/dvac_negative_adv_mass_ratio,59,1.0,1789788982.3461177,0
train/actor/dvac_negative_adv_mass_ratio,60,1.0,1789790306.359394,0
train/actor/dvac_negative_adv_mass_ratio,61,1.0,1789791172.760614,0
train/actor/dvac_negative_adv_mass_ratio,62,1.0,1789792032.8224611,0
train/actor/dvac_negative_adv_mass_ratio,63,1.0,1789792890.828056,0
train/actor/dvac_negative_adv_mass_ratio,64,1.0,1789793764.9391265,0
train/actor/dvac_negative_adv_mass_ratio,65,1.0,1789795027.8147829,0
train/actor/dvac_negative_adv_mass_ratio,66,1.0,1789795901.7056835,0
train/actor/dvac_negative_adv_mass_ratio,67,1.0,1789796782.473445,0
train/actor/dvac_negative_adv_mass_ratio,68,1.0,1789797666.4921706,0
train/actor/dvac_negative_adv_mass_ratio,69,1.0,1789798529.0214722,0
train/actor/dvac_negative_adv_mass_ratio,70,1.0,1789799875.5475008,0
train/actor/dvac_negative_adv_mass_ratio,71,1.0,1789800740.3208656,0
train/actor/dvac_negative_adv_mass_ratio,72,1.0,1789801632.6721308,0
train/actor/dvac_negative_adv_mass_ratio,73,1.0,1789802511.2899206,0
train/actor/dvac_negative_adv_mass_ratio,74,1.0,1789803399.5233626,0
train/actor/dvac_negative_adv_mass_ratio,75,1.0,1789804709.1157844,0
train/actor/dvac_negative_adv_mass_ratio,76,1.0,1789805572.0168445,0
train/actor/dvac_negative_adv_mass_ratio,77,1.0,1789806438.0799673,0
train/actor/dvac_negative_adv_mass_ratio,78,1.0,1789807311.8911836,0
train/actor/dvac_negative_adv_mass_ratio,79,1.0,1789808161.6144586,0
train/actor/dvac_negative_adv_mass_ratio,80,1.0,1789809490.2921298,0
train/actor/dvac_negative_adv_mass_ratio,81,1.0,1789810380.0974858,0
train/actor/dvac_negative_adv_mass_ratio,82,1.0,1789811260.460472,0
train/actor/dvac_negative_adv_mass_ratio,83,1.0,1789812153.2420042,0
train/actor/dvac_negative_adv_mass_ratio,84,1.0,1789813033.9456017,0
train/actor/dvac_negative_adv_mass_ratio,85,1.0,1789814312.205704,0
train/actor/dvac_negative_adv_mass_ratio,86,1.0,1789815198.476842,0
train/actor/dvac_negative_adv_mass_ratio,87,1.0,1789816092.0812654,0
train/actor/dvac_negative_adv_mass_ratio,88,1.0,1789816977.783838,0
train/actor/dvac_negative_adv_mass_ratio,89,1.0,1789817875.8119166,0
train/actor/dvac_negative_adv_mass_ratio,90,1.0,1789819258.6138508,0
train/actor/dvac_negative_adv_mass_ratio,91,1.0,1789820165.0582945,0
train/actor/dvac_negative_adv_mass_ratio,92,1.0,1789821060.8196914,0
train/actor/dvac_negative_adv_mass_ratio,93,1.0,1789821959.3853536,0
train/actor/dvac_negative_adv_mass_ratio,94,1.0,1789822844.502672,0
train/actor/dvac_negative_adv_mass_ratio,95,1.0,1789824159.9606051,0
train/actor/dvac_negative_adv_mass_ratio,96,1.0,1789825054.5687304,0
train/actor/dvac_negative_adv_mass_ratio,97,1.0,1789825948.5392773,0
train/actor/dvac_negative_adv_mass_ratio,98,1.0,1789826861.0133276,0
train/actor/dvac_negative_adv_mass_ratio,99,1.0,1789827745.5785165,0
train/actor/dvac_negative_adv_mass_ratio,100,1.0,1789829118.236289,0
train/actor/dvac_negative_adv_mass_ratio,101,1.0,1789830009.832272,0
train/actor/dvac_negative_adv_mass_ratio,102,1.0,1789830915.9256005,0
train/actor/dvac_negative_adv_mass_ratio,103,1.0,1789831806.6384268,0
train/actor/dvac_negative_adv_mass_ratio,104,1.0,1789832718.9990256,0
train/actor/dvac_negative_adv_mass_ratio,105,1.0,1789834041.4828577,0
train/actor/dvac_negative_adv_mass_ratio,106,1.0,1789834981.8544679,0
train/actor/dvac_negative_adv_mass_ratio,107,1.0,1789835868.4322946,0
train/actor/dvac_negative_adv_mass_ratio,108,1.0,1789836735.7083778,0
train/actor/dvac_negative_adv_mass_ratio,109,1.0,1789837618.1307197,0
train/actor/dvac_negative_adv_mass_ratio,110,1.0,1789838967.5052938,0
train/actor/dvac_negative_adv_mass_ratio,111,1.0,1789839873.948037,0
train/actor/dvac_negative_adv_mass_ratio,112,1.0,1789840774.856992,0
train/actor/dvac_negative_adv_mass_ratio,113,1.0,1789841662.7341797,0
train/actor/dvac_negative_adv_mass_ratio,114,1.0,1789842563.654241,0
train/actor/dvac_negative_adv_mass_ratio,115,1.0,1789843890.6742013,0
train/actor/dvac_negative_adv_mass_ratio,116,1.0,1789844788.2115939,0
train/actor/dvac_negative_adv_mass_ratio,117,1.0,1789845696.5373294,0
train/actor/dvac_negative_adv_mass_ratio,118,1.0,1789846589.4163082,0
train/actor/dvac_negative_adv_mass_ratio,119,1.0,1789847480.285227,0
train/actor/dvac_negative_adv_mass_ratio,120,1.0,1789848833.6253262,0
train/actor/dvac_negative_adv_mass_ratio,121,1.0,1789849726.8697395,0
train/actor/dvac_negative_adv_mass_ratio,122,1.0,1789850608.2756095,0
train/actor/dvac_negative_adv_mass_ratio,123,1.0,1789851504.2527387,0
train/actor/dvac_negative_adv_mass_ratio,124,1.0,1789852381.7227356,0
train/actor/dvac_negative_adv_mass_ratio,125,1.0,1789853698.2232928,0
train/actor/dvac_negative_adv_mass_ratio,126,1.0,1789854595.6982374,0
train/actor/dvac_negative_adv_mass_ratio,127,1.0,1789855482.7767231,0
train/actor/dvac_negative_adv_mass_ratio,128,1.0,1789856378.0277555,0
train/actor/dvac_negative_adv_mass_ratio,129,1.0,1789857265.145215,0
train/actor/dvac_negative_adv_mass_ratio,130,1.0,1789858604.4952133,0
train/actor/dvac_negative_adv_mass_ratio,131,1.0,1789859500.9616418,0
train/actor/dvac_negative_adv_mass_ratio,132,1.0,1789860405.5620534,0
train/actor/dvac_negative_adv_mass_ratio,133,1.0,1789861321.6393406,0
train/actor/dvac_negative_adv_mass_ratio,134,1.0,1789862242.7014256,0
train/actor/dvac_negative_adv_mass_ratio,135,1.0,1789863585.660084,0
train/actor/dvac_negative_adv_mass_ratio,136,1.0,1789864520.2154443,0
train/actor/dvac_negative_adv_mass_ratio,137,1.0,1789865419.9351993,0
train/actor/dvac_negative_adv_mass_ratio,138,1.0,1789866317.8932471,0
train/actor/dvac_negative_adv_mass_ratio,139,1.0,1789867224.1461384,0
train/actor/dvac_negative_adv_mass_ratio,140,1.0,1789868619.8081613,0
train/actor/dvac_negative_adv_mass_ratio,141,1.0,1789869518.1876042,0
train/actor/dvac_negative_adv_mass_ratio,142,1.0,1789870408.906921,0
train/actor/dvac_negative_adv_mass_ratio,143,1.0,1789871324.246993,0
train/actor/dvac_negative_adv_mass_ratio,144,1.0,1789872217.261232,0
train/actor/dvac_negative_adv_mass_ratio,145,1.0,1789873546.0752456,0
train/actor/dvac_negative_adv_mass_ratio,146,1.0,1789874462.5782602,0
train/actor/dvac_negative_adv_mass_ratio,147,1.0,1789875356.5905726,0
train/actor/dvac_negative_adv_mass_ratio,148,1.0,1789876285.7073758,0
train/actor/dvac_positive_adv_mass_ratio,1,1.0,1789735381.178674,0
train/actor/dvac_positive_adv_mass_ratio,2,1.0000001192092896,1789736158.3127303,0
train/actor/dvac_positive_adv_mass_ratio,3,1.0,1789736932.364681,0
train/actor/dvac_positive_adv_mass_ratio,4,0.9999999403953552,1789737712.3844032,0
train/actor/dvac_positive_adv_mass_ratio,5,1.0,1789738848.062506,0
train/actor/dvac_positive_adv_mass_ratio,6,1.0000001192092896,1789739665.6963806,0
train/actor/dvac_positive_adv_mass_ratio,7,0.9999999403953552,1789740462.6901038,0
train/actor/dvac_positive_adv_mass_ratio,8,0.9999999403953552,1789741284.297324,0
train/actor/dvac_positive_adv_mass_ratio,9,1.0,1789742089.6712542,0
train/actor/dvac_positive_adv_mass_ratio,10,1.0,1789743347.8804274,0
train/actor/dvac_positive_adv_mass_ratio,11,1.0000001192092896,1789744207.2098496,0
train/actor/dvac_positive_adv_mass_ratio,12,0.9999999403953552,1789745056.1835012,0
train/actor/dvac_positive_adv_mass_ratio,13,1.0,1789745898.4746664,0
train/actor/dvac_positive_adv_mass_ratio,14,1.0,1789746730.2786264,0
train/actor/dvac_positive_adv_mass_ratio,15,0.9999999403953552,1789747942.3719175,0
train/actor/dvac_positive_adv_mass_ratio,16,1.0,1789748774.9771564,0
train/actor/dvac_positive_adv_mass_ratio,17,1.0000001192092896,1789749617.708202,0
train/actor/dvac_positive_adv_mass_ratio,18,1.0000001192092896,1789750438.1762655,0
train/actor/dvac_positive_adv_mass_ratio,19,1.0,1789751264.423878,0
train/actor/dvac_positive_adv_mass_ratio,20,1.0,1789752529.3241854,0
train/actor/dvac_positive_adv_mass_ratio,21,0.9999998211860657,1789753344.5361578,0
train/actor/dvac_positive_adv_mass_ratio,22,1.0,1789754176.814683,0
train/actor/dvac_positive_adv_mass_ratio,23,1.0000001192092896,1789755010.226387,0
train/actor/dvac_positive_adv_mass_ratio,24,1.0,1789755859.705816,0
train/actor/dvac_positive_adv_mass_ratio,25,1.0,1789757090.5712547,0
train/actor/dvac_positive_adv_mass_ratio,26,1.0000001192092896,1789757960.9327564,0
train/actor/dvac_positive_adv_mass_ratio,27,1.0,1789758804.3884597,0
train/actor/dvac_positive_adv_mass_ratio,28,1.0000001192092896,1789759671.6434941,0
train/actor/dvac_positive_adv_mass_ratio,29,1.0,1789760512.3558576,0
train/actor/dvac_positive_adv_mass_ratio,30,1.0000001192092896,1789761821.0388782,0
train/actor/dvac_positive_adv_mass_ratio,31,1.0,1789762701.7589777,0
train/actor/dvac_positive_adv_mass_ratio,32,1.0,1789763583.5880196,0
train/actor/dvac_positive_adv_mass_ratio,33,1.0,1789764439.596575,0
train/actor/dvac_positive_adv_mass_ratio,34,0.9999999403953552,1789765303.1605983,0
train/actor/dvac_positive_adv_mass_ratio,35,1.0,1789766576.859875,0
train/actor/dvac_positive_adv_mass_ratio,36,0.9999999403953552,1789767456.945997,0
train/actor/dvac_positive_adv_mass_ratio,37,1.0000001192092896,1789768311.1014922,0
train/actor/dvac_positive_adv_mass_ratio,38,1.0,1789769149.8320918,0
train/actor/dvac_positive_adv_mass_ratio,39,1.0,1789770004.5246954,0
train/actor/dvac_positive_adv_mass_ratio,40,1.0,1789771319.4133904,0
train/actor/dvac_positive_adv_mass_ratio,41,1.0,1789772195.2359197,0
train/actor/dvac_positive_adv_mass_ratio,42,1.0,1789773056.1757276,0
train/actor/dvac_positive_adv_mass_ratio,43,1.0,1789773912.5956445,0
train/actor/dvac_positive_adv_mass_ratio,44,1.0000001192092896,1789774779.9675276,0
train/actor/dvac_positive_adv_mass_ratio,45,1.0000001192092896,1789776009.4540544,0
train/actor/dvac_positive_adv_mass_ratio,46,0.9999998807907104,1789776858.165,0
train/actor/dvac_positive_adv_mass_ratio,47,1.0000001192092896,1789777727.604325,0
train/actor/dvac_positive_adv_mass_ratio,48,1.0,1789778587.5732648,0
train/actor/dvac_positive_adv_mass_ratio,49,0.9999998211860657,1789779450.0544798,0
train/actor/dvac_positive_adv_mass_ratio,50,0.9999999403953552,1789780757.727212,0
train/actor/dvac_positive_adv_mass_ratio,51,1.0,1789781598.431555,0
train/actor/dvac_positive_adv_mass_ratio,52,0.9999998211860657,1789782457.998947,0
train/actor/dvac_positive_adv_mass_ratio,53,1.0000001192092896,1789783335.6959965,0
train/actor/dvac_positive_adv_mass_ratio,54,1.0,1789784199.8609881,0
train/actor/dvac_positive_adv_mass_ratio,55,1.0,1789785454.840568,0
train/actor/dvac_positive_adv_mass_ratio,56,1.0000001192092896,1789786349.063463,0
train/actor/dvac_positive_adv_mass_ratio,57,1.0,1789787220.0628345,0
train/actor/dvac_positive_adv_mass_ratio,58,1.0000001192092896,1789788098.70936,0
train/actor/dvac_positive_adv_mass_ratio,59,1.0000001192092896,1789788982.3461273,0
train/actor/dvac_positive_adv_mass_ratio,60,0.9999999403953552,1789790306.3594003,0
train/actor/dvac_positive_adv_mass_ratio,61,1.0000001192092896,1789791172.7606206,0
train/actor/dvac_positive_adv_mass_ratio,62,1.0,1789792032.8224678,0
train/actor/dvac_positive_adv_mass_ratio,63,1.0000001192092896,1789792890.828063,0
train/actor/dvac_positive_adv_mass_ratio,64,1.0,1789793764.939133,0
train/actor/dvac_positive_adv_mass_ratio,65,1.0000001192092896,1789795027.814789,0
train/actor/dvac_positive_adv_mass_ratio,66,1.0000001192092896,1789795901.70569,0
train/actor/dvac_positive_adv_mass_ratio,67,1.0000001192092896,1789796782.4734507,0
train/actor/dvac_positive_adv_mass_ratio,68,1.0,1789797666.4921763,0
train/actor/dvac_positive_adv_mass_ratio,69,0.9999999403953552,1789798529.0214784,0
train/actor/dvac_positive_adv_mass_ratio,70,0.9999999403953552,1789799875.5475073,0
train/actor/dvac_positive_adv_mass_ratio,71,1.0,1789800740.3208718,0
train/actor/dvac_positive_adv_mass_ratio,72,1.0,1789801632.6721373,0
train/actor/dvac_positive_adv_mass_ratio,73,1.0,1789802511.2899268,0
train/actor/dvac_positive_adv_mass_ratio,74,1.0000001192092896,1789803399.5233686,0
train/actor/dvac_positive_adv_mass_ratio,75,1.0,1789804709.1157901,0
train/actor/dvac_positive_adv_mass_ratio,76,1.0,1789805572.0168514,0
train/actor/dvac_positive_adv_mass_ratio,77,1.0,1789806438.0799735,0
train/actor/dvac_positive_adv_mass_ratio,78,1.0000001192092896,1789807311.89119,0
train/actor/dvac_positive_adv_mass_ratio,79,1.0000001192092896,1789808161.6144648,0
train/actor/dvac_positive_adv_mass_ratio,80,1.0000001192092896,1789809490.292136,0
train/actor/dvac_positive_adv_mass_ratio,81,1.0000001192092896,1789810380.0974917,0
train/actor/dvac_positive_adv_mass_ratio,82,1.0000001192092896,1789811260.4604785,0
train/actor/dvac_positive_adv_mass_ratio,83,0.9999998807907104,1789812153.2420106,0
train/actor/dvac_positive_adv_mass_ratio,84,1.0,1789813033.9456084,0
train/actor/dvac_positive_adv_mass_ratio,85,1.0,1789814312.2057102,0
train/actor/dvac_positive_adv_mass_ratio,86,1.0,1789815198.4768481,0
train/actor/dvac_positive_adv_mass_ratio,87,1.0,1789816092.081276,0
train/actor/dvac_positive_adv_mass_ratio,88,1.0,1789816977.7838438,0
train/actor/dvac_positive_adv_mass_ratio,89,1.0000001192092896,1789817875.8119228,0
train/actor/dvac_positive_adv_mass_ratio,90,0.9999999403953552,1789819258.6138573,0
train/actor/dvac_positive_adv_mass_ratio,91,0.9999998807907104,1789820165.0583007,0
train/actor/dvac_positive_adv_mass_ratio,92,1.0,1789821060.8196979,0
train/actor/dvac_positive_adv_mass_ratio,93,1.0,1789821959.3853595,0
train/actor/dvac_positive_adv_mass_ratio,94,0.9999998807907104,1789822844.5026777,0
train/actor/dvac_positive_adv_mass_ratio,95,1.0,1789824159.960611,0
train/actor/dvac_positive_adv_mass_ratio,96,1.0000001192092896,1789825054.5687366,0
train/actor/dvac_positive_adv_mass_ratio,97,1.0,1789825948.5392845,0
train/actor/dvac_positive_adv_mass_ratio,98,0.9999999403953552,1789826861.013337,0
train/actor/dvac_positive_adv_mass_ratio,99,1.0000001192092896,1789827745.5785236,0
train/actor/dvac_positive_adv_mass_ratio,100,1.0000001192092896,1789829118.236295,0
train/actor/dvac_positive_adv_mass_ratio,101,1.0,1789830009.8322785,0
train/actor/dvac_positive_adv_mass_ratio,102,1.0,1789830915.9256103,0
train/actor/dvac_positive_adv_mass_ratio,103,1.0000001192092896,1789831806.6384332,0
train/actor/dvac_positive_adv_mass_ratio,104,1.0,1789832718.9990318,0
train/actor/dvac_positive_adv_mass_ratio,105,1.0000001192092896,1789834041.482864,0
train/actor/dvac_positive_adv_mass_ratio,106,0.9999999403953552,1789834981.8544755,0
train/actor/dvac_positive_adv_mass_ratio,107,0.9999999403953552,1789835868.432301,0
train/actor/dvac_positive_adv_mass_ratio,108,1.0000001192092896,1789836735.7083843,0
train/actor/dvac_positive_adv_mass_ratio,109,0.9999999403953552,1789837618.1307254,0
train/actor/dvac_positive_adv_mass_ratio,110,1.0,1789838967.5053005,0
train/actor/dvac_positive_adv_mass_ratio,111,1.0,1789839873.9480436,0
train/actor/dvac_positive_adv_mass_ratio,112,1.0,1789840774.8569987,0
train/actor/dvac_positive_adv_mass_ratio,113,0.9999999403953552,1789841662.7341862,0
train/actor/dvac_positive_adv_mass_ratio,114,1.0,1789842563.6542478,0
train/actor/dvac_positive_adv_mass_ratio,115,1.0000001192092896,1789843890.6742074,0
train/actor/dvac_positive_adv_mass_ratio,116,1.0,1789844788.2116013,0
train/actor/dvac_positive_adv_mass_ratio,117,1.0,1789845696.537336,0
train/actor/dvac_positive_adv_mass_ratio,118,1.0,1789846589.4163144,0
train/actor/dvac_positive_adv_mass_ratio,119,1.0000001192092896,1789847480.2852335,0
train/actor/dvac_positive_adv_mass_ratio,120,1.0,1789848833.625332,0
train/actor/dvac_positive_adv_mass_ratio,121,1.0,1789849726.869746,0
train/actor/dvac_positive_adv_mass_ratio,122,0.9999999403953552,1789850608.275619,0
train/actor/dvac_positive_adv_mass_ratio,123,1.0,1789851504.252745,0
train/actor/dvac_positive_adv_mass_ratio,124,1.0,1789852381.7227423,0
train/actor/dvac_positive_adv_mass_ratio,125,0.9999999403953552,1789853698.223299,0
train/actor/dvac_positive_adv_mass_ratio,126,1.0,1789854595.6982436,0
train/actor/dvac_positive_adv_mass_ratio,127,1.0000001192092896,1789855482.7767298,0
train/actor/dvac_positive_adv_mass_ratio,128,1.0,1789856378.0277615,0
train/actor/dvac_positive_adv_mass_ratio,129,1.0,1789857265.1452217,0
train/actor/dvac_positive_adv_mass_ratio,130,1.0000001192092896,1789858604.49522,0
train/actor/dvac_positive_adv_mass_ratio,131,0.9999999403953552,1789859500.9616482,0
train/actor/dvac_positive_adv_mass_ratio,132,1.0000001192092896,1789860405.5620599,0
train/actor/dvac_positive_adv_mass_ratio,133,1.0,1789861321.6393464,0
train/actor/dvac_positive_adv_mass_ratio,134,1.0,1789862242.701435,0
train/actor/dvac_positive_adv_mass_ratio,135,1.0,1789863585.6600902,0
train/actor/dvac_positive_adv_mass_ratio,136,1.0,1789864520.2154508,0
train/actor/dvac_positive_adv_mass_ratio,137,0.9999999403953552,1789865419.9352055,0
train/actor/dvac_positive_adv_mass_ratio,138,1.0,1789866317.8932533,0
train/actor/dvac_positive_adv_mass_ratio,139,1.0,1789867224.1461446,0
train/actor/dvac_positive_adv_mass_ratio,140,1.0000001192092896,1789868619.8081682,0
train/actor/dvac_positive_adv_mass_ratio,141,1.0000001192092896,1789869518.1876106,0
train/actor/dvac_positive_adv_mass_ratio,142,1.0000001192092896,1789870408.9069273,0
train/actor/dvac_positive_adv_mass_ratio,143,0.9999999403953552,1789871324.2469988,0
train/actor/dvac_positive_adv_mass_ratio,144,1.0,1789872217.2612379,0
train/actor/dvac_positive_adv_mass_ratio,145,0.9999998807907104,1789873546.0752518,0
train/actor/dvac_positive_adv_mass_ratio,146,1.0,1789874462.5782664,0
train/actor/dvac_positive_adv_mass_ratio,147,1.0000001192092896,1789875356.5905824,0
train/actor/dvac_positive_adv_mass_ratio,148,0.9999999403953552,1789876285.7073817,0
train/actor/dvac_valid_chunks,1,354.0,1789735381.1786804,0
train/actor/dvac_valid_chunks,2,425.0,1789736158.3127363,0
train/actor/dvac_valid_chunks,3,422.0,1789736932.3646877,0
train/actor/dvac_valid_chunks,4,383.0,1789737712.38441,0
train/actor/dvac_valid_chunks,5,408.0,1789738848.062525,0
train/actor/dvac_valid_chunks,6,367.0,1789739665.6963868,0
train/actor/dvac_valid_chunks,7,448.0,1789740462.6901104,0
train/actor/dvac_valid_chunks,8,387.0,1789741284.2973304,0
train/actor/dvac_valid_chunks,9,440.0,1789742089.6712606,0
train/actor/dvac_valid_chunks,10,384.0,1789743347.880434,0
train/actor/dvac_valid_chunks,11,424.0,1789744207.2098558,0
train/actor/dvac_valid_chunks,12,423.0,1789745056.183508,0
train/actor/dvac_valid_chunks,13,400.0,1789745898.4746728,0
train/actor/dvac_valid_chunks,14,437.0,1789746730.2786326,0
train/actor/dvac_valid_chunks,15,426.0,1789747942.371924,0
train/actor/dvac_valid_chunks,16,448.0,1789748774.9771626,0
train/actor/dvac_valid_chunks,17,452.0,1789749617.7082086,0
train/actor/dvac_valid_chunks,18,384.0,1789750438.1762717,0
train/actor/dvac_valid_chunks,19,378.0,1789751264.4238837,0
train/actor/dvac_valid_chunks,20,337.0,1789752529.3241918,0
train/actor/dvac_valid_chunks,21,413.0,1789753344.536164,0
train/actor/dvac_valid_chunks,22,471.0,1789754176.8146894,0
train/actor/dvac_valid_chunks,23,386.0,1789755010.2263937,0
train/actor/dvac_valid_chunks,24,358.0,1789755859.7058227,0
train/actor/dvac_valid_chunks,25,389.0,1789757090.5712607,0
train/actor/dvac_valid_chunks,26,351.0,1789757960.9327626,0
train/actor/dvac_valid_chunks,27,373.0,1789758804.3884661,0
train/actor/dvac_valid_chunks,28,421.0,1789759671.6435006,0
train/actor/dvac_valid_chunks,29,410.0,1789760512.3558643,0
train/actor/dvac_valid_chunks,30,454.0,1789761821.0388844,0
train/actor/dvac_valid_chunks,31,417.0,1789762701.7589839,0
train/actor/dvac_valid_chunks,32,442.0,1789763583.5880265,0
train/actor/dvac_valid_chunks,33,411.0,1789764439.5965812,0
train/actor/dvac_valid_chunks,34,409.0,1789765303.1606047,0
train/actor/dvac_valid_chunks,35,405.0,1789766576.8598812,0
train/actor/dvac_valid_chunks,36,439.0,1789767456.9460032,0
train/actor/dvac_valid_chunks,37,383.0,1789768311.1014986,0
train/actor/dvac_valid_chunks,38,445.0,1789769149.8320982,0
train/actor/dvac_valid_chunks,39,417.0,1789770004.5247016,0
train/actor/dvac_valid_chunks,40,359.0,1789771319.4133968,0
train/actor/dvac_valid_chunks,41,437.0,1789772195.2359264,0
train/actor/dvac_valid_chunks,42,439.0,1789773056.175734,0
train/actor/dvac_valid_chunks,43,425.0,1789773912.595653,0
train/actor/dvac_valid_chunks,44,438.0,1789774779.9675345,0
train/actor/dvac_valid_chunks,45,436.0,1789776009.4540606,0
train/actor/dvac_valid_chunks,46,380.0,1789776858.1650062,0
train/actor/dvac_valid_chunks,47,439.0,1789777727.6043313,0
train/actor/dvac_valid_chunks,48,444.0,1789778587.5732737,0
train/actor/dvac_valid_chunks,49,419.0,1789779450.054486,0
train/actor/dvac_valid_chunks,50,417.0,1789780757.727218,0
train/actor/dvac_valid_chunks,51,464.0,1789781598.4315615,0
train/actor/dvac_valid_chunks,52,396.0,1789782457.998953,0
train/actor/dvac_valid_chunks,53,372.0,1789783335.696003,0
train/actor/dvac_valid_chunks,54,449.0,1789784199.860994,0
train/actor/dvac_valid_chunks,55,322.0,1789785454.8405743,0
train/actor/dvac_valid_chunks,56,402.0,1789786349.0634694,0
train/actor/dvac_valid_chunks,57,378.0,1789787220.062841,0
train/actor/dvac_valid_chunks,58,369.0,1789788098.7093663,0
train/actor/dvac_valid_chunks,59,412.0,1789788982.346137,0
train/actor/dvac_valid_chunks,60,414.0,1789790306.3594062,0
train/actor/dvac_valid_chunks,61,388.0,1789791172.760627,0
train/actor/dvac_valid_chunks,62,360.0,1789792032.8224742,0
train/actor/dvac_valid_chunks,63,375.0,1789792890.8280694,0
train/actor/dvac_valid_chunks,64,412.0,1789793764.9391391,0
train/actor/dvac_valid_chunks,65,484.0,1789795027.8147957,0
train/actor/dvac_valid_chunks,66,454.0,1789795901.7056968,0
train/actor/dvac_valid_chunks,67,439.0,1789796782.473457,0
train/actor/dvac_valid_chunks,68,454.0,1789797666.4921825,0
train/actor/dvac_valid_chunks,69,424.0,1789798529.0214846,0
train/actor/dvac_valid_chunks,70,397.0,1789799875.5475132,0
train/actor/dvac_valid_chunks,71,362.0,1789800740.320878,0
train/actor/dvac_valid_chunks,72,426.0,1789801632.6721437,0
train/actor/dvac_valid_chunks,73,438.0,1789802511.2899325,0
train/actor/dvac_valid_chunks,74,463.0,1789803399.523375,0
train/actor/dvac_valid_chunks,75,381.0,1789804709.1158016,0
train/actor/dvac_valid_chunks,76,346.0,1789805572.0168576,0
train/actor/dvac_valid_chunks,77,383.0,1789806438.0799797,0
train/actor/dvac_valid_chunks,78,344.0,1789807311.8911963,0
train/actor/dvac_valid_chunks,79,454.0,1789808161.614471,0
train/actor/dvac_valid_chunks,80,452.0,1789809490.2921426,0
train/actor/dvac_valid_chunks,81,422.0,1789810380.0974982,0
train/actor/dvac_valid_chunks,82,475.0,1789811260.460485,0
train/actor/dvac_valid_chunks,83,397.0,1789812153.2420168,0
train/actor/dvac_valid_chunks,84,320.0,1789813033.9456143,0
train/actor/dvac_valid_chunks,85,457.0,1789814312.2057164,0
train/actor/dvac_valid_chunks,86,391.0,1789815198.476854,0
train/actor/dvac_valid_chunks,87,356.0,1789816092.0812876,0
train/actor/dvac_valid_chunks,88,454.0,1789816977.7838497,0
train/actor/dvac_valid_chunks,89,422.0,1789817875.8119287,0
train/actor/dvac_valid_chunks,90,446.0,1789819258.613864,0
train/actor/dvac_valid_chunks,91,385.0,1789820165.0583072,0
train/actor/dvac_valid_chunks,92,451.0,1789821060.819704,0
train/actor/dvac_valid_chunks,93,457.0,1789821959.3853664,0
train/actor/dvac_valid_chunks,94,391.0,1789822844.5026836,0
train/actor/dvac_valid_chunks,95,435.0,1789824159.960617,0
train/actor/dvac_valid_chunks,96,426.0,1789825054.568743,0
train/actor/dvac_valid_chunks,97,355.0,1789825948.5392907,0
train/actor/dvac_valid_chunks,98,273.0,1789826861.0133438,0
train/actor/dvac_valid_chunks,99,416.0,1789827745.5785298,0
train/actor/dvac_valid_chunks,100,365.0,1789829118.2363007,0
train/actor/dvac_valid_chunks,101,438.0,1789830009.832285,0
train/actor/dvac_valid_chunks,102,419.0,1789830915.9256203,0
train/actor/dvac_valid_chunks,103,450.0,1789831806.6384392,0
train/actor/dvac_valid_chunks,104,411.0,1789832718.999038,0
train/actor/dvac_valid_chunks,105,490.0,1789834041.48287,0
train/actor/dvac_valid_chunks,106,418.0,1789834981.854484,0
train/actor/dvac_valid_chunks,107,410.0,1789835868.4323077,0
train/actor/dvac_valid_chunks,108,418.0,1789836735.7083907,0
train/actor/dvac_valid_chunks,109,445.0,1789837618.1307313,0
train/actor/dvac_valid_chunks,110,453.0,1789838967.5053067,0
train/actor/dvac_valid_chunks,111,394.0,1789839873.9480495,0
train/actor/dvac_valid_chunks,112,398.0,1789840774.8570051,0
train/actor/dvac_valid_chunks,113,387.0,1789841662.7341933,0
train/actor/dvac_valid_chunks,114,437.0,1789842563.6542542,0
train/actor/dvac_valid_chunks,115,351.0,1789843890.674214,0
train/actor/dvac_valid_chunks,116,462.0,1789844788.2116075,0
train/actor/dvac_valid_chunks,117,377.0,1789845696.5373423,0
train/actor/dvac_valid_chunks,118,432.0,1789846589.4163213,0
train/actor/dvac_valid_chunks,119,399.0,1789847480.2852397,0
train/actor/dvac_valid_chunks,120,351.0,1789848833.6253383,0
train/actor/dvac_valid_chunks,121,342.0,1789849726.8697522,0
train/actor/dvac_valid_chunks,122,435.0,1789850608.2756283,0
train/actor/dvac_valid_chunks,123,411.0,1789851504.2527509,0
train/actor/dvac_valid_chunks,124,340.0,1789852381.722748,0
train/actor/dvac_valid_chunks,125,423.0,1789853698.2233055,0
train/actor/dvac_valid_chunks,126,440.0,1789854595.69825,0
train/actor/dvac_valid_chunks,127,465.0,1789855482.7767363,0
train/actor/dvac_valid_chunks,128,389.0,1789856378.027768,0
train/actor/dvac_valid_chunks,129,441.0,1789857265.1452277,0
train/actor/dvac_valid_chunks,130,445.0,1789858604.4952261,0
train/actor/dvac_valid_chunks,131,419.0,1789859500.9616554,0
train/actor/dvac_valid_chunks,132,408.0,1789860405.562066,0
train/actor/dvac_valid_chunks,133,423.0,1789861321.6393526,0
train/actor/dvac_valid_chunks,134,382.0,1789862242.7014446,0
train/actor/dvac_valid_chunks,135,411.0,1789863585.6600962,0
train/actor/dvac_valid_chunks,136,452.0,1789864520.2154574,0
train/actor/dvac_valid_chunks,137,448.0,1789865419.9352114,0
train/actor/dvac_valid_chunks,138,406.0,1789866317.8932602,0
train/actor/dvac_valid_chunks,139,401.0,1789867224.1461506,0
train/actor/dvac_valid_chunks,140,420.0,1789868619.8081741,0
train/actor/dvac_valid_chunks,141,451.0,1789869518.1876175,0
train/actor/dvac_valid_chunks,142,413.0,1789870408.9069338,0
train/actor/dvac_valid_chunks,143,447.0,1789871324.2470047,0
train/actor/dvac_valid_chunks,144,414.0,1789872217.2612436,0
train/actor/dvac_valid_chunks,145,361.0,1789873546.0752578,0
train/actor/dvac_valid_chunks,146,352.0,1789874462.5782728,0
train/actor/dvac_valid_chunks,147,322.0,1789875356.590593,0
train/actor/dvac_valid_chunks,148,419.0,1789876285.707388,0
train/actor/dvac_weight_max,1,1.5878379344940186,1789735381.1786861,0
train/actor/dvac_weight_max,2,1.6581615209579468,1789736158.3127425,0
train/actor/dvac_weight_max,3,1.5590084791183472,1789736932.364694,0
train/actor/dvac_weight_max,4,1.5597947835922241,1789737712.3844163,0
train/actor/dvac_weight_max,5,1.603411078453064,1789738848.0627916,0
train/actor/dvac_weight_max,6,1.626663088798523,1789739665.6963935,0
train/actor/dvac_weight_max,7,1.632007360458374,1789740462.6901166,0
train/actor/dvac_weight_max,8,1.6504122018814087,1789741284.2973363,0
train/actor/dvac_weight_max,9,1.659234881401062,1789742089.6712668,0
train/actor/dvac_weight_max,10,1.59195876121521,1789743347.880606,0
train/actor/dvac_weight_max,11,1.6631630659103394,1789744207.209862,0
train/actor/dvac_weight_max,12,1.6023489236831665,1789745056.1835144,0
train/actor/dvac_weight_max,13,1.5706318616867065,1789745898.474679,0
train/actor/dvac_weight_max,14,1.6227947473526,1789746730.278639,0
train/actor/dvac_weight_max,15,1.6154465675354004,1789747942.3721294,0
train/actor/dvac_weight_max,16,1.6667530536651611,1789748774.9771686,0
train/actor/dvac_weight_max,17,1.6656904220581055,1789749617.708218,0
train/actor/dvac_weight_max,18,1.5955395698547363,1789750438.1762779,0
train/actor/dvac_weight_max,19,1.5411171913146973,1789751264.4238915,0
train/actor/dvac_weight_max,20,1.5751917362213135,1789752529.3243613,0
train/actor/dvac_weight_max,21,1.5846009254455566,1789753344.53617,0
train/actor/dvac_weight_max,22,1.6055364608764648,1789754176.814696,0
train/actor/dvac_weight_max,23,1.583283543586731,1789755010.2264,0
train/actor/dvac_weight_max,24,1.6457587480545044,1789755859.7058294,0
train/actor/dvac_weight_max,25,1.584725022315979,1789757090.5714285,0
train/actor/dvac_weight_max,26,1.5635279417037964,1789757960.9327686,0
train/actor/dvac_weight_max,27,1.6143585443496704,1789758804.3884728,0
train/actor/dvac_weight_max,28,1.7090970277786255,1789759671.6435072,0
train/actor/dvac_weight_max,29,1.664003610610962,1789760512.355871,0
train/actor/dvac_weight_max,30,1.6015952825546265,1789761821.0391452,0
train/actor/dvac_weight_max,31,1.693516492843628,1789762701.7589903,0
train/actor/dvac_weight_max,32,1.5599591732025146,1789763583.588033,0
train/actor/dvac_weight_max,33,1.5860695838928223,1789764439.596587,0
train/actor/dvac_weight_max,34,1.6829314231872559,1789765303.1606114,0
train/actor/dvac_weight_max,35,1.6169793605804443,1789766576.860058,0
train/actor/dvac_weight_max,36,1.5815083980560303,1789767456.9460099,0
train/actor/dvac_weight_max,37,1.5672932863235474,1789768311.101505,0
train/actor/dvac_weight_max,38,1.5788904428482056,1789769149.8321047,0
train/actor/dvac_weight_max,39,1.6247442960739136,1789770004.5247078,0
train/actor/dvac_weight_max,40,1.5836334228515625,1789771319.4135675,0
train/actor/dvac_weight_max,41,1.6095998287200928,1789772195.2359328,0
train/actor/dvac_weight_max,42,1.5435044765472412,1789773056.1757402,0
train/actor/dvac_weight_max,43,1.5936505794525146,1789773912.59566,0
train/actor/dvac_weight_max,44,1.6345466375350952,1789774779.967541,0
train/actor/dvac_weight_max,45,1.5468047857284546,1789776009.4542298,0
train/actor/dvac_weight_max,46,1.55177903175354,1789776858.1650126,0
train/actor/dvac_weight_max,47,1.5770879983901978,1789777727.604338,0
train/actor/dvac_weight_max,48,1.6339476108551025,1789778587.5732825,0
train/actor/dvac_weight_max,49,1.6168886423110962,1789779450.0544925,0
train/actor/dvac_weight_max,50,1.6073565483093262,1789780757.7273908,0
train/actor/dvac_weight_max,51,1.601568341255188,1789781598.4315686,0
train/actor/dvac_weight_max,52,1.585342526435852,1789782457.99896,0
train/actor/dvac_weight_max,53,1.5899930000305176,1789783335.6960096,0
train/actor/dvac_weight_max,54,1.6491795778274536,1789784199.8610005,0
train/actor/dvac_weight_max,55,1.6292229890823364,1789785454.8407452,0
train/actor/dvac_weight_max,56,1.6561286449432373,1789786349.0634754,0
train/actor/dvac_weight_max,57,1.57173490524292,1789787220.0628471,0
train/actor/dvac_weight_max,58,1.5716408491134644,1789788098.7093725,0
train/actor/dvac_weight_max,59,1.61811363697052,1789788982.346147,0
train/actor/dvac_weight_max,60,1.6403069496154785,1789790306.3595772,0
train/actor/dvac_weight_max,61,1.6322797536849976,1789791172.7606332,0
train/actor/dvac_weight_max,62,1.682978868484497,1789792032.8224807,0
train/actor/dvac_weight_max,63,1.6268006563186646,1789792890.8280761,0
train/actor/dvac_weight_max,64,1.5900779962539673,1789793764.9391458,0
train/actor/dvac_weight_max,65,1.6272788047790527,1789795027.8149664,0
train/actor/dvac_weight_max,66,1.719717264175415,1789795901.7057066,0
train/actor/dvac_weight_max,67,1.6333234310150146,1789796782.4734633,0
train/actor/dvac_weight_max,68,1.6059632301330566,1789797666.4921894,0
train/actor/dvac_weight_max,69,1.6032220125198364,1789798529.0214903,0
train/actor/dvac_weight_max,70,1.6256077289581299,1789799875.5476828,0
train/actor/dvac_weight_max,71,1.6518114805221558,1789800740.3208842,0
train/actor/dvac_weight_max,72,1.6218805313110352,1789801632.6721501,0
train/actor/dvac_weight_max,73,1.6051504611968994,1789802511.2899387,0
train/actor/dvac_weight_max,74,1.6246951818466187,1789803399.5233815,0
train/actor/dvac_weight_max,75,1.6020680665969849,1789804709.115975,0
train/actor/dvac_weight_max,76,1.6120096445083618,1789805572.0168638,0
train/actor/dvac_weight_max,77,1.6491491794586182,1789806438.079986,0
train/actor/dvac_weight_max,78,1.6019432544708252,1789807311.8912022,0
train/actor/dvac_weight_max,79,1.6076773405075073,1789808161.6144772,0
train/actor/dvac_weight_max,80,1.6365139484405518,1789809490.2924216,0
train/actor/dvac_weight_max,81,1.682647466659546,1789810380.097505,0
train/actor/dvac_weight_max,82,1.6103157997131348,1789811260.460491,0
train/actor/dvac_weight_max,83,1.5990116596221924,1789812153.242023,0
train/actor/dvac_weight_max,84,1.6437301635742188,1789813033.9456208,0
train/actor/dvac_weight_max,85,1.6598303318023682,1789814312.2058861,0
train/actor/dvac_weight_max,86,1.7000982761383057,1789815198.4768608,0
train/actor/dvac_weight_max,87,1.6273902654647827,1789816092.0813003,0
train/actor/dvac_weight_max,88,1.6802380084991455,1789816977.7838569,0
train/actor/dvac_weight_max,89,1.6119154691696167,1789817875.811935,0
train/actor/dvac_weight_max,90,1.6486343145370483,1789819258.6140366,0
train/actor/dvac_weight_max,91,1.5700031518936157,1789820165.0583131,0
train/actor/dvac_weight_max,92,1.6981520652770996,1789821060.8197103,0
train/actor/dvac_weight_max,93,1.607703447341919,1789821959.3853724,0
train/actor/dvac_weight_max,94,1.7002986669540405,1789822844.5026896,0
train/actor/dvac_weight_max,95,1.6945899724960327,1789824159.9607844,0
train/actor/dvac_weight_max,96,1.6379027366638184,1789825054.5687497,0
train/actor/dvac_weight_max,97,1.6565996408462524,1789825948.5392969,0
train/actor/dvac_weight_max,98,1.6108356714248657,1789826861.0133529,0
train/actor/dvac_weight_max,99,1.6080669164657593,1789827745.5785363,0
train/actor/dvac_weight_max,100,1.6163259744644165,1789829118.2364736,0
train/actor/dvac_weight_max,101,1.6349871158599854,1789830009.8322911,0
train/actor/dvac_weight_max,102,1.5979911088943481,1789830915.9256296,0
train/actor/dvac_weight_max,103,1.6704576015472412,1789831806.6384451,0
train/actor/dvac_weight_max,104,1.6430655717849731,1789832718.999044,0
train/actor/dvac_weight_max,105,1.6469792127609253,1789834041.4830825,0
train/actor/dvac_weight_max,106,1.6786831617355347,1789834981.854492,0
train/actor/dvac_weight_max,107,1.6197633743286133,1789835868.432314,0
train/actor/dvac_weight_max,108,1.5724563598632812,1789836735.708397,0
train/actor/dvac_weight_max,109,1.6758548021316528,1789837618.1307373,0
train/actor/dvac_weight_max,110,1.6777539253234863,1789838967.505481,0
train/actor/dvac_weight_max,111,1.6632167100906372,1789839873.9480555,0
train/actor/dvac_weight_max,112,1.592729926109314,1789840774.8570113,0
train/actor/dvac_weight_max,113,1.5998215675354004,1789841662.7342002,0
train/actor/dvac_weight_max,114,1.660252571105957,1789842563.6542604,0
train/actor/dvac_weight_max,115,1.6259026527404785,1789843890.6743898,0
train/actor/dvac_weight_max,116,1.6221708059310913,1789844788.2116137,0
train/actor/dvac_weight_max,117,1.6319048404693604,1789845696.537348,0
train/actor/dvac_weight_max,118,1.6152904033660889,1789846589.4163275,0
train/actor/dvac_weight_max,119,1.6056838035583496,1789847480.285246,0
train/actor/dvac_weight_max,120,1.569872498512268,1789848833.6255145,0
train/actor/dvac_weight_max,121,1.586338996887207,1789849726.869759,0
train/actor/dvac_weight_max,122,1.6769781112670898,1789850608.2756379,0
train/actor/dvac_weight_max,123,1.674275517463684,1789851504.252757,0
train/actor/dvac_weight_max,124,1.6831071376800537,1789852381.7227545,0
train/actor/dvac_weight_max,125,1.5897423028945923,1789853698.2234883,0
train/actor/dvac_weight_max,126,1.7007036209106445,1789854595.698257,0
train/actor/dvac_weight_max,127,1.5917783975601196,1789855482.7767425,0
train/actor/dvac_weight_max,128,1.5841782093048096,1789856378.0277739,0
train/actor/dvac_weight_max,129,1.522391676902771,1789857265.145235,0
train/actor/dvac_weight_max,130,1.6236196756362915,1789858604.4954052,0
train/actor/dvac_weight_max,131,1.6456581354141235,1789859500.9616616,0
train/actor/dvac_weight_max,132,1.5543640851974487,1789860405.5620723,0
train/actor/dvac_weight_max,133,1.6250262260437012,1789861321.6393588,0
train/actor/dvac_weight_max,134,1.620396614074707,1789862242.7014532,0
train/actor/dvac_weight_max,135,1.6528421640396118,1789863585.6602623,0
train/actor/dvac_weight_max,136,1.6225205659866333,1789864520.2154636,0
train/actor/dvac_weight_max,137,1.5700525045394897,1789865419.9352176,0
train/actor/dvac_weight_max,138,1.6227682828903198,1789866317.8932672,0
train/actor/dvac_weight_max,139,1.6277101039886475,1789867224.1461573,0
train/actor/dvac_weight_max,140,1.5855659246444702,1789868619.8083441,0
train/actor/dvac_weight_max,141,1.5804095268249512,1789869518.1876237,0
train/actor/dvac_weight_max,142,1.6307321786880493,1789870408.9069405,0
train/actor/dvac_weight_max,143,1.6043580770492554,1789871324.2470112,0
train/actor/dvac_weight_max,144,1.5631517171859741,1789872217.2612503,0
train/actor/dvac_weight_max,145,1.6126103401184082,1789873546.0754335,0
train/actor/dvac_weight_max,146,1.6367919445037842,1789874462.578279,0
train/actor/dvac_weight_max,147,1.4757412672042847,1789875356.5906036,0
train/actor/dvac_weight_max,148,1.5739187002182007,1789876285.7073946,0
train/actor/dvac_weight_mean,1,1.0,1789735381.1786923,0
train/actor/dvac_weight_mean,2,1.0,1789736158.3127482,0
train/actor/dvac_weight_mean,3,1.0000001192092896,1789736932.3647003,0
train/actor/dvac_weight_mean,4,1.0,1789737712.3844223,0
train/actor/dvac_weight_mean,5,0.9999999403953552,1789738848.0627985,0
train/actor/dvac_weight_mean,6,1.0,1789739665.6964004,0
train/actor/dvac_weight_mean,7,1.0,1789740462.690123,0
train/actor/dvac_weight_mean,8,1.0,1789741284.2973425,0
train/actor/dvac_weight_mean,9,1.0000001192092896,1789742089.6712728,0
train/actor/dvac_weight_mean,10,1.0,1789743347.8806136,0
train/actor/dvac_weight_mean,11,1.0000001192092896,1789744207.2098677,0
train/actor/dvac_weight_mean,12,1.0,1789745056.1835203,0
train/actor/dvac_weight_mean,13,1.0,1789745898.474685,0
train/actor/dvac_weight_mean,14,1.0,1789746730.278645,0
train/actor/dvac_weight_mean,15,1.0000001192092896,1789747942.3721366,0
train/actor/dvac_weight_mean,16,1.0,1789748774.9771757,0
train/actor/dvac_weight_mean,17,1.0,1789749617.7082245,0
train/actor/dvac_weight_mean,18,0.9999999403953552,1789750438.176284,0
train/actor/dvac_weight_mean,19,1.0,1789751264.4238977,0
train/actor/dvac_weight_mean,20,0.9999999403953552,1789752529.3243682,0
train/actor/dvac_weight_mean,21,1.0,1789753344.536176,0
train/actor/dvac_weight_mean,22,1.0000001192092896,1789754176.8147023,0
train/actor/dvac_weight_mean,23,1.0,1789755010.2264063,0
train/actor/dvac_weight_mean,24,1.0000001192092896,1789755859.7058356,0
train/actor/dvac_weight_mean,25,1.0,1789757090.5714355,0
train/actor/dvac_weight_mean,26,1.0,1789757960.9327755,0
train/actor/dvac_weight_mean,27,1.0,1789758804.3884792,0
train/actor/dvac_weight_mean,28,1.0,1789759671.6435132,0
train/actor/dvac_weight_mean,29,1.0,1789760512.355877,0
train/actor/dvac_weight_mean,30,1.0,1789761821.039152,0
train/actor/dvac_weight_mean,31,1.0000001192092896,1789762701.7589967,0
train/actor/dvac_weight_mean,32,1.0,1789763583.5880392,0
train/actor/dvac_weight_mean,33,1.0,1789764439.5965934,0
train/actor/dvac_weight_mean,34,0.9999999403953552,1789765303.1606176,0
train/actor/dvac_weight_mean,35,1.0,1789766576.860065,0
train/actor/dvac_weight_mean,36,1.0000001192092896,1789767456.9460163,0
train/actor/dvac_weight_mean,37,1.0,1789768311.1015115,0
train/actor/dvac_weight_mean,38,1.0,1789769149.832111,0
train/actor/dvac_weight_mean,39,1.0,1789770004.524714,0
train/actor/dvac_weight_mean,40,1.0000001192092896,1789771319.4135747,0
train/actor/dvac_weight_mean,41,1.0,1789772195.2359393,0
train/actor/dvac_weight_mean,42,1.0000001192092896,1789773056.1757474,0
train/actor/dvac_weight_mean,43,1.0,1789773912.595667,0
train/actor/dvac_weight_mean,44,1.0,1789774779.9675474,0
train/actor/dvac_weight_mean,45,1.0,1789776009.4542367,0
train/actor/dvac_weight_mean,46,1.0000001192092896,1789776858.1650188,0
train/actor/dvac_weight_mean,47,1.0,1789777727.6043444,0
train/actor/dvac_weight_mean,48,1.0,1789778587.5732913,0
train/actor/dvac_weight_mean,49,1.0000001192092896,1789779450.0544987,0
train/actor/dvac_weight_mean,50,0.9999999403953552,1789780757.7273977,0
train/actor/dvac_weight_mean,51,1.0,1789781598.431575,0
train/actor/dvac_weight_mean,52,1.0,1789782457.998966,0
train/actor/dvac_weight_mean,53,0.9999999403953552,1789783335.6960158,0
train/actor/dvac_weight_mean,54,1.0,1789784199.8610067,0
train/actor/dvac_weight_mean,55,1.0,1789785454.8407524,0
train/actor/dvac_weight_mean,56,1.0000001192092896,1789786349.0634816,0
train/actor/dvac_weight_mean,57,1.0,1789787220.0628538,0
train/actor/dvac_weight_mean,58,1.0,1789788098.709379,0
train/actor/dvac_weight_mean,59,1.0,1789788982.3461573,0
train/actor/dvac_weight_mean,60,0.9999999403953552,1789790306.3595834,0
train/actor/dvac_weight_mean,61,1.0000001192092896,1789791172.7606397,0
train/actor/dvac_weight_mean,62,1.0,1789792032.822487,0
train/actor/dvac_weight_mean,63,1.0,1789792890.828082,0
train/actor/dvac_weight_mean,64,1.0,1789793764.9391518,0
train/actor/dvac_weight_mean,65,1.0,1789795027.814973,0
train/actor/dvac_weight_mean,66,1.0,1789795901.7057145,0
train/actor/dvac_weight_mean,67,1.0,1789796782.4734693,0
train/actor/dvac_weight_mean,68,1.0,1789797666.4921954,0
train/actor/dvac_weight_mean,69,1.0,1789798529.0214968,0
train/actor/dvac_weight_mean,70,1.0,1789799875.5476897,0
train/actor/dvac_weight_mean,71,0.9999999403953552,1789800740.3208904,0
train/actor/dvac_weight_mean,72,1.0,1789801632.672156,0
train/actor/dvac_weight_mean,73,1.0,1789802511.2899446,0
train/actor/dvac_weight_mean,74,1.0,1789803399.5233881,0
train/actor/dvac_weight_mean,75,0.9999999403953552,1789804709.1159818,0
train/actor/dvac_weight_mean,76,1.0000001192092896,1789805572.0168698,0
train/actor/dvac_weight_mean,77,1.0,1789806438.0799928,0
train/actor/dvac_weight_mean,78,1.0,1789807311.8912086,0
train/actor/dvac_weight_mean,79,1.0000001192092896,1789808161.6144826,0
train/actor/dvac_weight_mean,80,1.0000001192092896,1789809490.2924297,0
train/actor/dvac_weight_mean,81,0.9999999403953552,1789810380.0975132,0
train/actor/dvac_weight_mean,82,1.0,1789811260.4604974,0
train/actor/dvac_weight_mean,83,1.0,1789812153.242029,0
train/actor/dvac_weight_mean,84,1.0,1789813033.9456272,0
train/actor/dvac_weight_mean,85,1.0,1789814312.205893,0
train/actor/dvac_weight_mean,86,1.0,1789815198.476867,0
train/actor/dvac_weight_mean,87,1.0,1789816092.0813127,0
train/actor/dvac_weight_mean,88,0.9999999403953552,1789816977.7838633,0
train/actor/dvac_weight_mean,89,1.0,1789817875.8119411,0
train/actor/dvac_weight_mean,90,1.0,1789819258.614043,0
train/actor/dvac_weight_mean,91,1.0000001192092896,1789820165.0583198,0
train/actor/dvac_weight_mean,92,1.0,1789821060.8197165,0
train/actor/dvac_weight_mean,93,1.0,1789821959.3853788,0
train/actor/dvac_weight_mean,94,1.0,1789822844.502696,0
train/actor/dvac_weight_mean,95,1.0000001192092896,1789824159.9607913,0
train/actor/dvac_weight_mean,96,0.9999999403953552,1789825054.5687556,0
train/actor/dvac_weight_mean,97,1.0,1789825948.5393026,0
train/actor/dvac_weight_mean,98,1.0,1789826861.0133617,0
train/actor/dvac_weight_mean,99,1.0,1789827745.5785422,0
train/actor/dvac_weight_mean,100,0.9999999403953552,1789829118.23648,0
train/actor/dvac_weight_mean,101,1.0,1789830009.8322973,0
train/actor/dvac_weight_mean,102,1.0,1789830915.925639,0
train/actor/dvac_weight_mean,103,0.9999999403953552,1789831806.6384509,0
train/actor/dvac_weight_mean,104,1.0,1789832718.99905,0
train/actor/dvac_weight_mean,105,1.0,1789834041.4830904,0
train/actor/dvac_weight_mean,106,1.0,1789834981.8545,0
train/actor/dvac_weight_mean,107,1.0,1789835868.4323206,0
train/actor/dvac_weight_mean,108,0.9999999403953552,1789836735.7084029,0
train/actor/dvac_weight_mean,109,0.9999999403953552,1789837618.1307433,0
train/actor/dvac_weight_mean,110,1.0,1789838967.5054872,0
train/actor/dvac_weight_mean,111,0.9999999403953552,1789839873.9480617,0
train/actor/dvac_weight_mean,112,1.0,1789840774.8570175,0
train/actor/dvac_weight_mean,113,1.0000001192092896,1789841662.734207,0
train/actor/dvac_weight_mean,114,1.0,1789842563.6542668,0
train/actor/dvac_weight_mean,115,0.9999999403953552,1789843890.6743963,0
train/actor/dvac_weight_mean,116,1.0,1789844788.2116199,0
train/actor/dvac_weight_mean,117,1.0000001192092896,1789845696.5373542,0
train/actor/dvac_weight_mean,118,0.9999999403953552,1789846589.4163332,0
train/actor/dvac_weight_mean,119,1.0,1789847480.2852516,0
train/actor/dvac_weight_mean,120,1.0,1789848833.6255212,0
train/actor/dvac_weight_mean,121,1.0,1789849726.8697655,0
train/actor/dvac_weight_mean,122,1.0,1789850608.275647,0
train/actor/dvac_weight_mean,123,1.0,1789851504.2527637,0
train/actor/dvac_weight_mean,124,1.0000001192092896,1789852381.7227607,0
train/actor/dvac_weight_mean,125,1.0000001192092896,1789853698.2234955,0
train/actor/dvac_weight_mean,126,1.0,1789854595.698263,0
train/actor/dvac_weight_mean,127,1.0,1789855482.7767482,0
train/actor/dvac_weight_mean,128,1.0,1789856378.02778,0
train/actor/dvac_weight_mean,129,1.0000001192092896,1789857265.1452413,0
train/actor/dvac_weight_mean,130,1.0,1789858604.495412,0
train/actor/dvac_weight_mean,131,0.9999998807907104,1789859500.961668,0
train/actor/dvac_weight_mean,132,1.0,1789860405.562079,0
train/actor/dvac_weight_mean,133,1.0000001192092896,1789861321.6393647,0
train/actor/dvac_weight_mean,134,1.0000001192092896,1789862242.7014625,0
train/actor/dvac_weight_mean,135,1.0,1789863585.6602688,0
train/actor/dvac_weight_mean,136,1.0,1789864520.2154706,0
train/actor/dvac_weight_mean,137,1.0,1789865419.9352236,0
train/actor/dvac_weight_mean,138,1.0,1789866317.8932734,0
train/actor/dvac_weight_mean,139,1.0,1789867224.1461635,0
train/actor/dvac_weight_mean,140,1.0000001192092896,1789868619.808351,0
train/actor/dvac_weight_mean,141,1.0,1789869518.1876302,0
train/actor/dvac_weight_mean,142,1.0000001192092896,1789870408.9069467,0
train/actor/dvac_weight_mean,143,1.0,1789871324.2470171,0
train/actor/dvac_weight_mean,144,1.0,1789872217.2612565,0
train/actor/dvac_weight_mean,145,1.0,1789873546.0754435,0
train/actor/dvac_weight_mean,146,1.0,1789874462.578285,0
train/actor/dvac_weight_mean,147,1.0000001192092896,1789875356.5906138,0
train/actor/dvac_weight_mean,148,1.0,1789876285.7074008,0
train/actor/dvac_weight_min,1,0.6552674770355225,1789735381.1786985,0
train/actor/dvac_weight_min,2,0.6215932965278625,1789736158.3127546,0
train/actor/dvac_weight_min,3,0.6349536776542664,1789736932.3647068,0
train/actor/dvac_weight_min,4,0.6500137448310852,1789737712.3844287,0
train/actor/dvac_weight_min,5,0.6279957890510559,1789738848.062805,0
train/actor/dvac_weight_min,6,0.6360837817192078,1789739665.6964066,0
train/actor/dvac_weight_min,7,0.6242790818214417,1789740462.690129,0
train/actor/dvac_weight_min,8,0.6295697689056396,1789741284.2973483,0
train/actor/dvac_weight_min,9,0.5881179571151733,1789742089.671279,0
train/actor/dvac_weight_min,10,0.6277155876159668,1789743347.8806205,0
train/actor/dvac_weight_min,11,0.6182602643966675,1789744207.2098742,0
train/actor/dvac_weight_min,12,0.6368854641914368,1789745056.1835258,0
train/actor/dvac_weight_min,13,0.6354067325592041,1789745898.4746907,0
train/actor/dvac_weight_min,14,0.6281248331069946,1789746730.2786515,0
train/actor/dvac_weight_min,15,0.6417071223258972,1789747942.3721433,0
train/actor/dvac_weight_min,16,0.6293761134147644,1789748774.9771821,0
train/actor/dvac_weight_min,17,0.6190303564071655,1789749617.7082307,0
train/actor/dvac_weight_min,18,0.6338533759117126,1789750438.17629,0
train/actor/dvac_weight_min,19,0.6189209818840027,1789751264.423904,0
train/actor/dvac_weight_min,20,0.6460439562797546,1789752529.3243744,0
train/actor/dvac_weight_min,21,0.6439277529716492,1789753344.536182,0
train/actor/dvac_weight_min,22,0.6245546936988831,1789754176.8147087,0
train/actor/dvac_weight_min,23,0.6154665350914001,1789755010.2264128,0
train/actor/dvac_weight_min,24,0.6215314269065857,1789755859.7058423,0
train/actor/dvac_weight_min,25,0.6086732745170593,1789757090.5714414,0
train/actor/dvac_weight_min,26,0.6027307510375977,1789757960.9327815,0
train/actor/dvac_weight_min,27,0.6267368793487549,1789758804.3884885,0
train/actor/dvac_weight_min,28,0.6261408925056458,1789759671.6435194,0
train/actor/dvac_weight_min,29,0.6526075601577759,1789760512.3558831,0
train/actor/dvac_weight_min,30,0.6241868138313293,1789761821.039158,0
train/actor/dvac_weight_min,31,0.6608157157897949,1789762701.7590034,0
train/actor/dvac_weight_min,32,0.6292250752449036,1789763583.5880451,0
train/actor/dvac_weight_min,33,0.6222133040428162,1789764439.5965998,0
train/actor/dvac_weight_min,34,0.605368971824646,1789765303.1606233,0
train/actor/dvac_weight_min,35,0.6387465596199036,1789766576.8600712,0
train/actor/dvac_weight_min,36,0.6275652647018433,1789767456.9460225,0
train/actor/dvac_weight_min,37,0.6128926873207092,1789768311.101518,0
train/actor/dvac_weight_min,38,0.6124871969223022,1789769149.832117,0
train/actor/dvac_weight_min,39,0.6295402646064758,1789770004.5247202,0
train/actor/dvac_weight_min,40,0.6251850128173828,1789771319.4135814,0
train/actor/dvac_weight_min,41,0.5973016023635864,1789772195.2359457,0
train/actor/dvac_weight_min,42,0.6218603849411011,1789773056.1757534,0
train/actor/dvac_weight_min,43,0.6355074644088745,1789773912.5956733,0
train/actor/dvac_weight_min,44,0.6107590198516846,1789774779.9675536,0
train/actor/dvac_weight_min,45,0.5839648246765137,1789776009.454244,0
train/actor/dvac_weight_min,46,0.6162965297698975,1789776858.165025,0
train/actor/dvac_weight_min,47,0.6210383176803589,1789777727.6043506,0
train/actor/dvac_weight_min,48,0.6094608306884766,1789778587.5733004,0
train/actor/dvac_weight_min,49,0.5901594758033752,1789779450.0545049,0
train/actor/dvac_weight_min,50,0.5789303779602051,1789780757.727404,0
train/actor/dvac_weight_min,51,0.62099289894104,1789781598.431581,0
train/actor/dvac_weight_min,52,0.6422107219696045,1789782457.9989722,0
train/actor/dvac_weight_min,53,0.6042446494102478,1789783335.6960223,0
train/actor/dvac_weight_min,54,0.623079240322113,1789784199.861013,0
train/actor/dvac_weight_min,55,0.6324803233146667,1789785454.8407588,0
train/actor/dvac_weight_min,56,0.5992174744606018,1789786349.063488,0
train/actor/dvac_weight_min,57,0.6335103511810303,1789787220.0628603,0
train/actor/dvac_weight_min,58,0.6380732655525208,1789788098.7093854,0
train/actor/dvac_weight_min,59,0.5953064560890198,1789788982.3461676,0
train/actor/dvac_weight_min,60,0.6108353734016418,1789790306.3595898,0
train/actor/dvac_weight_min,61,0.6123590469360352,1789791172.7606459,0
train/actor/dvac_weight_min,62,0.6239555478096008,1789792032.822494,0
train/actor/dvac_weight_min,63,0.6172878742218018,1789792890.8280888,0
train/actor/dvac_weight_min,64,0.6025826334953308,1789793764.939158,0
train/actor/dvac_weight_min,65,0.5924047231674194,1789795027.8149798,0
train/actor/dvac_weight_min,66,0.6224571466445923,1789795901.705721,0
train/actor/dvac_weight_min,67,0.6251637935638428,1789796782.4734747,0
train/actor/dvac_weight_min,68,0.6032022833824158,1789797666.4922013,0
train/actor/dvac_weight_min,69,0.6334579586982727,1789798529.0215032,0
train/actor/dvac_weight_min,70,0.6207676529884338,1789799875.5476964,0
train/actor/dvac_weight_min,71,0.6228152513504028,1789800740.3208966,0
train/actor/dvac_weight_min,72,0.6313504576683044,1789801632.6721625,0
train/actor/dvac_weight_min,73,0.592994749546051,1789802511.289951,0
train/actor/dvac_weight_min,74,0.6391175985336304,1789803399.5233943,0
train/actor/dvac_weight_min,75,0.6118618249893188,1789804709.1159883,0
train/actor/dvac_weight_min,76,0.6143072247505188,1789805572.0168765,0
train/actor/dvac_weight_min,77,0.6184641718864441,1789806438.079999,0
train/actor/dvac_weight_min,78,0.5977243781089783,1789807311.891215,0
train/actor/dvac_weight_min,79,0.6146870255470276,1789808161.6144888,0
train/actor/dvac_weight_min,80,0.6055722236633301,1789809490.292436,0
train/actor/dvac_weight_min,81,0.6533498167991638,1789810380.0975196,0
train/actor/dvac_weight_min,82,0.6020699143409729,1789811260.4605033,0
train/actor/dvac_weight_min,83,0.5948478579521179,1789812153.2420354,0
train/actor/dvac_weight_min,84,0.5924673080444336,1789813033.9456336,0
train/actor/dvac_weight_min,85,0.6370987892150879,1789814312.205899,0
train/actor/dvac_weight_min,86,0.630449116230011,1789815198.4768732,0
train/actor/dvac_weight_min,87,0.6366109251976013,1789816092.081322,0
train/actor/dvac_weight_min,88,0.615719199180603,1789816977.78387,0
train/actor/dvac_weight_min,89,0.6341121792793274,1789817875.8119473,0
train/actor/dvac_weight_min,90,0.6315041184425354,1789819258.6140492,0
train/actor/dvac_weight_min,91,0.5919695496559143,1789820165.0583265,0
train/actor/dvac_weight_min,92,0.632508397102356,1789821060.8197222,0
train/actor/dvac_weight_min,93,0.6268398761749268,1789821959.3853848,0
train/actor/dvac_weight_min,94,0.6140657663345337,1789822844.5027018,0
train/actor/dvac_weight_min,95,0.6339231133460999,1789824159.9607983,0
train/actor/dvac_weight_min,96,0.6411914825439453,1789825054.568762,0
train/actor/dvac_weight_min,97,0.6497777700424194,1789825948.5393085,0
train/actor/dvac_weight_min,98,0.6196205615997314,1789826861.013371,0
train/actor/dvac_weight_min,99,0.6198092103004456,1789827745.5785484,0
train/actor/dvac_weight_min,100,0.6353884935379028,1789829118.2364864,0
train/actor/dvac_weight_min,101,0.6106568574905396,1789830009.8323035,0
train/actor/dvac_weight_min,102,0.6306234002113342,1789830915.9256485,0
train/actor/dvac_weight_min,103,0.6185656189918518,1789831806.638457,0
train/actor/dvac_weight_min,104,0.6182937026023865,1789832718.999056,0
train/actor/dvac_weight_min,105,0.6273881196975708,1789834041.4830976,0
train/actor/dvac_weight_min,106,0.5963409543037415,1789834981.8545198,0
train/actor/dvac_weight_min,107,0.6356092691421509,1789835868.4323275,0
train/actor/dvac_weight_min,108,0.6249197125434875,1789836735.7084093,0
train/actor/dvac_weight_min,109,0.6111436486244202,1789837618.13075,0
train/actor/dvac_weight_min,110,0.6227246522903442,1789838967.5054934,0
train/actor/dvac_weight_min,111,0.6469568610191345,1789839873.948068,0
train/actor/dvac_weight_min,112,0.605311393737793,1789840774.8570242,0
train/actor/dvac_weight_min,113,0.5948377847671509,1789841662.7342138,0
train/actor/dvac_weight_min,114,0.637001097202301,1789842563.6542733,0
train/actor/dvac_weight_min,115,0.6511408686637878,1789843890.6744027,0
train/actor/dvac_weight_min,116,0.6228023171424866,1789844788.2116258,0
train/actor/dvac_weight_min,117,0.6418737769126892,1789845696.5373604,0
train/actor/dvac_weight_min,118,0.6002660989761353,1789846589.4163392,0
train/actor/dvac_weight_min,119,0.6314029693603516,1789847480.2852578,0
train/actor/dvac_weight_min,120,0.6318945288658142,1789848833.6255276,0
train/actor/dvac_weight_min,121,0.6216310262680054,1789849726.8697715,0
train/actor/dvac_weight_min,122,0.6141432523727417,1789850608.2756562,0
train/actor/dvac_weight_min,123,0.6337544918060303,1789851504.2527697,0
train/actor/dvac_weight_min,124,0.6255736947059631,1789852381.7227666,0
train/actor/dvac_weight_min,125,0.6320739984512329,1789853698.2235022,0
train/actor/dvac_weight_min,126,0.6338700652122498,1789854595.698269,0
train/actor/dvac_weight_min,127,0.6364221572875977,1789855482.7767546,0
train/actor/dvac_weight_min,128,0.6452890038490295,1789856378.0277863,0
train/actor/dvac_weight_min,129,0.6079861521720886,1789857265.1452477,0
train/actor/dvac_weight_min,130,0.6548529863357544,1789858604.4954183,0
train/actor/dvac_weight_min,131,0.6125070452690125,1789859500.9616745,0
train/actor/dvac_weight_min,132,0.5898034572601318,1789860405.5620854,0
train/actor/dvac_weight_min,133,0.6288113594055176,1789861321.639371,0
train/actor/dvac_weight_min,134,0.6334398984909058,1789862242.7014728,0
train/actor/dvac_weight_min,135,0.6224980354309082,1789863585.6602752,0
train/actor/dvac_weight_min,136,0.6151394248008728,1789864520.215477,0
train/actor/dvac_weight_min,137,0.6248587965965271,1789865419.9352303,0
train/actor/dvac_weight_min,138,0.6170392036437988,1789866317.8932798,0
train/actor/dvac_weight_min,139,0.5982034206390381,1789867224.1461697,0
train/actor/dvac_weight_min,140,0.6124812960624695,1789868619.8083575,0
train/actor/dvac_weight_min,141,0.613973081111908,1789869518.1876364,0
train/actor/dvac_weight_min,142,0.6077298521995544,1789870408.9075425,0
train/actor/dvac_weight_min,143,0.6259206533432007,1789871324.2470236,0
train/actor/dvac_weight_min,144,0.6260250806808472,1789872217.261263,0
train/actor/dvac_weight_min,145,0.5899292826652527,1789873546.0754504,0
train/actor/dvac_weight_min,146,0.6360692381858826,1789874462.5782914,0
train/actor/dvac_weight_min,147,0.6137978434562683,1789875356.5906239,0
train/actor/dvac_weight_min,148,0.596048891544342,1789876285.7074068,0
train/actor/dvac_weight_sq_mean,1,1.0094987154006958,1789735381.1788754,0
train/actor/dvac_weight_sq_mean,2,1.0089765787124634,1789736158.312967,0
train/actor/dvac_weight_sq_mean,3,1.0103381872177124,1789736932.3648865,0
train/actor/dvac_weight_sq_mean,4,1.0102289915084839,1789737712.3846111,0
train/actor/dvac_weight_sq_mean,5,1.0125795602798462,1789738848.062814,0
train/actor/dvac_weight_sq_mean,6,1.0097864866256714,1789739665.696581,0
train/actor/dvac_weight_sq_mean,7,1.0113356113433838,1789740462.6902983,0
train/actor/dvac_weight_sq_mean,8,1.0109862089157104,1789741284.2975218,0
train/actor/dvac_weight_sq_mean,9,1.0118744373321533,1789742089.6714544,0
train/actor/dvac_weight_sq_mean,10,1.0105881690979004,1789743347.880627,0
train/actor/dvac_weight_sq_mean,11,1.0109000205993652,1789744207.2100523,0
train/actor/dvac_weight_sq_mean,12,1.011606216430664,1789745056.1837795,0
train/actor/dvac_weight_sq_mean,13,1.0122166872024536,1789745898.4748638,0
train/actor/dvac_weight_sq_mean,14,1.0106606483459473,1789746730.2788274,0
train/actor/dvac_weight_sq_mean,15,1.0083000659942627,1789747942.37215,0
train/actor/dvac_weight_sq_mean,16,1.0106040239334106,1789748774.977362,0
train/actor/dvac_weight_sq_mean,17,1.0104128122329712,1789749617.7084024,0
train/actor/dvac_weight_sq_mean,18,1.0114200115203857,1789750438.176464,0
train/actor/dvac_weight_sq_mean,19,1.0101206302642822,1789751264.4243164,0
train/actor/dvac_weight_sq_mean,20,1.0079996585845947,1789752529.3243809,0
train/actor/dvac_weight_sq_mean,21,1.0098680257797241,1789753344.5363607,0
train/actor/dvac_weight_sq_mean,22,1.0103415250778198,1789754176.8148856,0
train/actor/dvac_weight_sq_mean,23,1.0114251375198364,1789755010.2265959,0
train/actor/dvac_weight_sq_mean,24,1.0096811056137085,1789755859.7060146,0
train/actor/dvac_weight_sq_mean,25,1.0103247165679932,1789757090.571448,0
train/actor/dvac_weight_sq_mean,26,1.0118154287338257,1789757960.9329512,0
train/actor/dvac_weight_sq_mean,27,1.0109094381332397,1789758804.3886662,0
train/actor/dvac_weight_sq_mean,28,1.010706901550293,1789759671.6436973,0
train/actor/dvac_weight_sq_mean,29,1.0108239650726318,1789760512.3560612,0
train/actor/dvac_weight_sq_mean,30,1.0119047164916992,1789761821.039164,0
train/actor/dvac_weight_sq_mean,31,1.0106861591339111,1789762701.759179,0
train/actor/dvac_weight_sq_mean,32,1.0106148719787598,1789763583.5882251,0
train/actor/dvac_weight_sq_mean,33,1.0106842517852783,1789764439.59678,0
train/actor/dvac_weight_sq_mean,34,1.0115940570831299,1789765303.1607974,0
train/actor/dvac_weight_sq_mean,35,1.0109522342681885,1789766576.8600776,0
train/actor/dvac_weight_sq_mean,36,1.0117651224136353,1789767456.9461963,0
train/actor/dvac_weight_sq_mean,37,1.0107522010803223,1789768311.101687,0
train/actor/dvac_weight_sq_mean,38,1.0117446184158325,1789769149.8322961,0
train/actor/dvac_weight_sq_mean,39,1.0119446516036987,1789770004.5248933,0
train/actor/dvac_weight_sq_mean,40,1.0122178792953491,1789771319.413588,0
train/actor/dvac_weight_sq_mean,41,1.0104445219039917,1789772195.2361197,0
train/actor/dvac_weight_sq_mean,42,1.010066032409668,1789773056.1760292,0
train/actor/dvac_weight_sq_mean,43,1.0102952718734741,1789773912.5958555,0
train/actor/dvac_weight_sq_mean,44,1.0094473361968994,1789774779.967725,0
train/actor/dvac_weight_sq_mean,45,1.0111804008483887,1789776009.4542506,0
train/actor/dvac_weight_sq_mean,46,1.0120911598205566,1789776858.1651971,0
train/actor/dvac_weight_sq_mean,47,1.0105067491531372,1789777727.6045363,0
train/actor/dvac_weight_sq_mean,48,1.0120452642440796,1789778587.573476,0
train/actor/dvac_weight_sq_mean,49,1.0115890502929688,1789779450.0546958,0
train/actor/dvac_weight_sq_mean,50,1.0093276500701904,1789780757.7274103,0
train/actor/dvac_weight_sq_mean,51,1.0107896327972412,1789781598.4317641,0
train/actor/dvac_weight_sq_mean,52,1.0118449926376343,1789782457.999153,0
train/actor/dvac_weight_sq_mean,53,1.0129191875457764,1789783335.696262,0
train/actor/dvac_weight_sq_mean,54,1.010518193244934,1789784199.8611856,0
train/actor/dvac_weight_sq_mean,55,1.0108776092529297,1789785454.8407652,0
train/actor/dvac_weight_sq_mean,56,1.01040780544281,1789786349.063674,0
train/actor/dvac_weight_sq_mean,57,1.013513445854187,1789787220.0630417,0
train/actor/dvac_weight_sq_mean,58,1.0127079486846924,1789788098.7095656,0
train/actor/dvac_weight_sq_mean,59,1.01079261302948,1789788982.346356,0
train/actor/dvac_weight_sq_mean,60,1.0113106966018677,1789790306.3595958,0
train/actor/dvac_weight_sq_mean,61,1.0117719173431396,1789791172.7608285,0
train/actor/dvac_weight_sq_mean,62,1.0092430114746094,1789792032.8228514,0
train/actor/dvac_weight_sq_mean,63,1.01242995262146,1789792890.8282695,0
train/actor/dvac_weight_sq_mean,64,1.0114145278930664,1789793764.9394271,0
train/actor/dvac_weight_sq_mean,65,1.011318325996399,1789795027.8149865,0
train/actor/dvac_weight_sq_mean,66,1.0108988285064697,1789795901.7058969,0
train/actor/dvac_weight_sq_mean,67,1.0092896223068237,1789796782.4736493,0
train/actor/dvac_weight_sq_mean,68,1.0107762813568115,1789797666.4923728,0
train/actor/dvac_weight_sq_mean,69,1.0102773904800415,1789798529.021682,0
train/actor/dvac_weight_sq_mean,70,1.0102145671844482,1789799875.5477037,0
train/actor/dvac_weight_sq_mean,71,1.010287880897522,1789800740.3210757,0
train/actor/dvac_weight_sq_mean,72,1.0108263492584229,1789801632.672414,0
train/actor/dvac_weight_sq_mean,73,1.0134892463684082,1789802511.2901225,0
train/actor/dvac_weight_sq_mean,74,1.0105156898498535,1789803399.5235732,0
train/actor/dvac_weight_sq_mean,75,1.0132904052734375,1789804709.1159947,0
train/actor/dvac_weight_sq_mean,76,1.0133506059646606,1789805572.0170507,0
train/actor/dvac_weight_sq_mean,77,1.0128917694091797,1789806438.0801783,0
train/actor/dvac_weight_sq_mean,78,1.0095915794372559,1789807311.891393,0
train/actor/dvac_weight_sq_mean,79,1.010236144065857,1789808161.6146715,0
train/actor/dvac_weight_sq_mean,80,1.0104223489761353,1789809490.2924426,0
train/actor/dvac_weight_sq_mean,81,1.0111162662506104,1789810380.0993693,0
train/actor/dvac_weight_sq_mean,82,1.0100665092468262,1789811260.4606817,0
train/actor/dvac_weight_sq_mean,83,1.0106022357940674,1789812153.2422113,0
train/actor/dvac_weight_sq_mean,84,1.0115735530853271,1789813033.9458852,0
train/actor/dvac_weight_sq_mean,85,1.010562777519226,1789814312.2059052,0
train/actor/dvac_weight_sq_mean,86,1.0119351148605347,1789815198.4770458,0
train/actor/dvac_weight_sq_mean,87,1.0120614767074585,1789816092.0815125,0
train/actor/dvac_weight_sq_mean,88,1.0105235576629639,1789816977.7840497,0
train/actor/dvac_weight_sq_mean,89,1.0132237672805786,1789817875.8121462,0
train/actor/dvac_weight_sq_mean,90,1.0123534202575684,1789819258.6140554,0
train/actor/dvac_weight_sq_mean,91,1.0106717348098755,1789820165.0585027,0
train/actor/dvac_weight_sq_mean,92,1.0114741325378418,1789821060.8198981,0
train/actor/dvac_weight_sq_mean,93,1.010568380355835,1789821959.3855543,0
train/actor/dvac_weight_sq_mean,94,1.0097715854644775,1789822844.502968,0
train/actor/dvac_weight_sq_mean,95,1.0132293701171875,1789824159.9608047,0
train/actor/dvac_weight_sq_mean,96,1.0104292631149292,1789825054.5689404,0
train/actor/dvac_weight_sq_mean,97,1.0116362571716309,1789825948.5394783,0
train/actor/dvac_weight_sq_mean,98,1.0121792554855347,1789826861.0135887,0
train/actor/dvac_weight_sq_mean,99,1.012266755104065,1789827745.5787237,0
train/actor/dvac_weight_sq_mean,100,1.011857271194458,1789829118.2364929,0
train/actor/dvac_weight_sq_mean,101,1.0130943059921265,1789830009.8324778,0
train/actor/dvac_weight_sq_mean,102,1.01007878780365,1789830915.9259353,0
train/actor/dvac_weight_sq_mean,103,1.0110259056091309,1789831806.6386414,0
train/actor/dvac_weight_sq_mean,104,1.0123236179351807,1789832718.9992285,0
train/actor/dvac_weight_sq_mean,105,1.00962495803833,1789834041.4831045,0
train/actor/dvac_weight_sq_mean,106,1.0103493928909302,1789834981.854709,0
train/actor/dvac_weight_sq_mean,107,1.012352705001831,1789835868.432507,0
train/actor/dvac_weight_sq_mean,108,1.012627124786377,1789836735.708588,0
train/actor/dvac_weight_sq_mean,109,1.010867714881897,1789837618.1309254,0
train/actor/dvac_weight_sq_mean,110,1.0110644102096558,1789838967.5054996,0
train/actor/dvac_weight_sq_mean,111,1.0127497911453247,1789839873.948236,0
train/actor/dvac_weight_sq_mean,112,1.0102967023849487,1789840774.8572004,0
train/actor/dvac_weight_sq_mean,113,1.0131735801696777,1789841662.7343936,0
train/actor/dvac_weight_sq_mean,114,1.0128523111343384,1789842563.6544447,0
train/actor/dvac_weight_sq_mean,115,1.012261986732483,1789843890.674409,0
train/actor/dvac_weight_sq_mean,116,1.0107146501541138,1789844788.211802,0
train/actor/dvac_weight_sq_mean,117,1.0128962993621826,1789845696.5375333,0
train/actor/dvac_weight_sq_mean,118,1.0138896703720093,1789846589.4165115,0
train/actor/dvac_weight_sq_mean,119,1.010407567024231,1789847480.2854297,0
train/actor/dvac_weight_sq_mean,120,1.0116019248962402,1789848833.625534,0
train/actor/dvac_weight_sq_mean,121,1.013290286064148,1789849726.8699458,0
train/actor/dvac_weight_sq_mean,122,1.0111424922943115,1789850608.275845,0
train/actor/dvac_weight_sq_mean,123,1.0128105878829956,1789851504.252943,0
train/actor/dvac_weight_sq_mean,124,1.0125398635864258,1789852381.7229443,0
train/actor/dvac_weight_sq_mean,125,1.0134952068328857,1789853698.2235086,0
train/actor/dvac_weight_sq_mean,126,1.0111298561096191,1789854595.6984563,0
train/actor/dvac_weight_sq_mean,127,1.0121887922286987,1789855482.7769258,0
train/actor/dvac_weight_sq_mean,128,1.0114309787750244,1789856378.027959,0
train/actor/dvac_weight_sq_mean,129,1.0123460292816162,1789857265.1454291,0
train/actor/dvac_weight_sq_mean,130,1.0123103857040405,1789858604.4954245,0
train/actor/dvac_weight_sq_mean,131,1.0105146169662476,1789859500.9619339,0
train/actor/dvac_weight_sq_mean,132,1.0109574794769287,1789860405.5622663,0
train/actor/dvac_weight_sq_mean,133,1.0107330083847046,1789861321.6395462,0
train/actor/dvac_weight_sq_mean,134,1.0112295150756836,1789862242.701667,0
train/actor/dvac_weight_sq_mean,135,1.0122026205062866,1789863585.660282,0
train/actor/dvac_weight_sq_mean,136,1.010005235671997,1789864520.215775,0
train/actor/dvac_weight_sq_mean,137,1.0124258995056152,1789865419.9354115,0
train/actor/dvac_weight_sq_mean,138,1.012694001197815,1789866317.8934584,0
train/actor/dvac_weight_sq_mean,139,1.013803243637085,1789867224.1463475,0
train/actor/dvac_weight_sq_mean,140,1.0105198621749878,1789868619.8083637,0
train/actor/dvac_weight_sq_mean,141,1.0113240480422974,1789869518.1878479,0
train/actor/dvac_weight_sq_mean,142,1.0116854906082153,1789870408.9077313,0
train/actor/dvac_weight_sq_mean,143,1.0116652250289917,1789871324.2471972,0
train/actor/dvac_weight_sq_mean,144,1.0106850862503052,1789872217.261439,0
train/actor/dvac_weight_sq_mean,145,1.009630560874939,1789873546.0754576,0
train/actor/dvac_weight_sq_mean,146,1.013264775276184,1789874462.5784721,0
train/actor/dvac_weight_sq_mean,147,1.0116938352584839,1789875356.5908303,0
train/actor/dvac_weight_sq_mean,148,1.0112181901931763,1789876285.707592,0
train/actor/entropy_loss,1,0.0,1789735381.1788821,0
train/actor/entropy_loss,2,0.0,1789736158.3129737,0
train/actor/entropy_loss,3,0.0,1789736932.3648944,0
train/actor/entropy_loss,4,0.0,1789737712.3846183,0
train/actor/entropy_loss,5,0.0,1789738848.062821,0
train/actor/entropy_loss,6,0.0,1789739665.696588,0
train/actor/entropy_loss,7,0.0,1789740462.6903052,0
train/actor/entropy_loss,8,0.0,1789741284.297529,0
train/actor/entropy_loss,9,0.0,1789742089.671461,0
train/actor/entropy_loss,10,0.0,1789743347.8806334,0
train/actor/entropy_loss,11,0.0,1789744207.2100592,0
train/actor/entropy_loss,12,0.0,1789745056.183787,0
train/actor/entropy_loss,13,0.0,1789745898.4748704,0
train/actor/entropy_loss,14,0.0,1789746730.2788343,0
train/actor/entropy_loss,15,0.0,1789747942.3721564,0
train/actor/entropy_loss,16,0.0,1789748774.9773688,0
train/actor/entropy_loss,17,0.0,1789749617.7084095,0
train/actor/entropy_loss,18,0.0,1789750438.176471,0
train/actor/entropy_loss,19,0.0,1789751264.4243236,0
train/actor/entropy_loss,20,0.0,1789752529.3243868,0
train/actor/entropy_loss,21,0.0,1789753344.5363677,0
train/actor/entropy_loss,22,0.0,1789754176.8148928,0
train/actor/entropy_loss,23,0.0,1789755010.2266028,0
train/actor/entropy_loss,24,0.0,1789755859.7060213,0
train/actor/entropy_loss,25,0.0,1789757090.5714543,0
train/actor/entropy_loss,26,0.0,1789757960.9329584,0
train/actor/entropy_loss,27,0.0,1789758804.388673,0
train/actor/entropy_loss,28,0.0,1789759671.6437042,0
train/actor/entropy_loss,29,0.0,1789760512.3560681,0
train/actor/entropy_loss,30,0.0,1789761821.0391703,0
train/actor/entropy_loss,31,0.0,1789762701.759186,0
train/actor/entropy_loss,32,0.0,1789763583.5882323,0
train/actor/entropy_loss,33,0.0,1789764439.5967875,0
train/actor/entropy_loss,34,0.0,1789765303.1608055,0
train/actor/entropy_loss,35,0.0,1789766576.8600838,0
train/actor/entropy_loss,36,0.0,1789767456.946203,0
train/actor/entropy_loss,37,0.0,1789768311.1016939,0
train/actor/entropy_loss,38,0.0,1789769149.8323035,0
train/actor/entropy_loss,39,0.0,1789770004.524903,0
train/actor/entropy_loss,40,0.0,1789771319.413594,0
train/actor/entropy_loss,41,0.0,1789772195.2361262,0
train/actor/entropy_loss,42,0.0,1789773056.1760356,0
train/actor/entropy_loss,43,0.0,1789773912.5958645,0
train/actor/entropy_loss,44,0.0,1789774779.9677317,0
train/actor/entropy_loss,45,0.0,1789776009.454257,0
train/actor/entropy_loss,46,0.0,1789776858.165204,0
train/actor/entropy_loss,47,0.0,1789777727.604543,0
train/actor/entropy_loss,48,0.0,1789778587.5734854,0
train/actor/entropy_loss,49,0.0,1789779450.0547028,0
train/actor/entropy_loss,50,0.0,1789780757.7274168,0
train/actor/entropy_loss,51,0.0,1789781598.4317708,0
train/actor/entropy_loss,52,0.0,1789782457.9991596,0
train/actor/entropy_loss,53,0.0,1789783335.696279,0
train/actor/entropy_loss,54,0.0,1789784199.8611925,0
train/actor/entropy_loss,55,0.0,1789785454.8407714,0
train/actor/entropy_loss,56,0.0,1789786349.0636816,0
train/actor/entropy_loss,57,0.0,1789787220.0630486,0
train/actor/entropy_loss,58,0.0,1789788098.7095728,0
train/actor/entropy_loss,59,0.0,1789788982.3463705,0
train/actor/entropy_loss,60,0.0,1789790306.359602,0
train/actor/entropy_loss,61,0.0,1789791172.7608368,0
train/actor/entropy_loss,62,0.0,1789792032.8228593,0
train/actor/entropy_loss,63,0.0,1789792890.8282766,0
train/actor/entropy_loss,64,0.0,1789793764.9394345,0
train/actor/entropy_loss,65,0.0,1789795027.8149931,0
train/actor/entropy_loss,66,0.0,1789795901.7059064,0
train/actor/entropy_loss,67,0.0,1789796782.4736552,0
train/actor/entropy_loss,68,0.0,1789797666.4923794,0
train/actor/entropy_loss,69,0.0,1789798529.0216885,0
train/actor/entropy_loss,70,0.0,1789799875.5477102,0
train/actor/entropy_loss,71,0.0,1789800740.3210828,0
train/actor/entropy_loss,72,0.0,1789801632.6724317,0
train/actor/entropy_loss,73,0.0,1789802511.2901294,0
train/actor/entropy_loss,74,0.0,1789803399.5235803,0
train/actor/entropy_loss,75,0.0,1789804709.1160016,0
train/actor/entropy_loss,76,0.0,1789805572.017058,0
train/actor/entropy_loss,77,0.0,1789806438.0801857,0
train/actor/entropy_loss,78,0.0,1789807311.8913991,0
train/actor/entropy_loss,79,0.0,1789808161.6146784,0
train/actor/entropy_loss,80,0.0,1789809490.2924492,0
train/actor/entropy_loss,81,0.0,1789810380.0993826,0
train/actor/entropy_loss,82,0.0,1789811260.460688,0
train/actor/entropy_loss,83,0.0,1789812153.2422183,0
train/actor/entropy_loss,84,0.0,1789813033.945892,0
train/actor/entropy_loss,85,0.0,1789814312.2059116,0
train/actor/entropy_loss,86,0.0,1789815198.4770525,0
train/actor/entropy_loss,87,0.0,1789816092.0815227,0
train/actor/entropy_loss,88,0.0,1789816977.7840564,0
train/actor/entropy_loss,89,0.0,1789817875.8121533,0
train/actor/entropy_loss,90,0.0,1789819258.6140623,0
train/actor/entropy_loss,91,0.0,1789820165.058527,0
train/actor/entropy_loss,92,0.0,1789821060.819905,0
train/actor/entropy_loss,93,0.0,1789821959.385561,0
train/actor/entropy_loss,94,0.0,1789822844.5029755,0
train/actor/entropy_loss,95,0.0,1789824159.9608107,0
train/actor/entropy_loss,96,0.0,1789825054.568948,0
train/actor/entropy_loss,97,0.0,1789825948.5394847,0
train/actor/entropy_loss,98,0.0,1789826861.0136027,0
train/actor/entropy_loss,99,0.0,1789827745.5787303,0
train/actor/entropy_loss,100,0.0,1789829118.2364988,0
train/actor/entropy_loss,101,0.0,1789830009.8324842,0
train/actor/entropy_loss,102,0.0,1789830915.9259517,0
train/actor/entropy_loss,103,0.0,1789831806.6386483,0
train/actor/entropy_loss,104,0.0,1789832718.9992354,0
train/actor/entropy_loss,105,0.0,1789834041.483111,0
train/actor/entropy_loss,106,0.0,1789834981.8547175,0
train/actor/entropy_loss,107,0.0,1789835868.4325142,0
train/actor/entropy_loss,108,0.0,1789836735.7085989,0
train/actor/entropy_loss,109,0.0,1789837618.1309319,0
train/actor/entropy_loss,110,0.0,1789838967.5055058,0
train/actor/entropy_loss,111,0.0,1789839873.9482427,0
train/actor/entropy_loss,112,0.0,1789840774.8572073,0
train/actor/entropy_loss,113,0.0,1789841662.7344012,0
train/actor/entropy_loss,114,0.0,1789842563.6544516,0
train/actor/entropy_loss,115,0.0,1789843890.6744156,0
train/actor/entropy_loss,116,0.0,1789844788.2118087,0
train/actor/entropy_loss,117,0.0,1789845696.5375402,0
train/actor/entropy_loss,118,0.0,1789846589.4165187,0
train/actor/entropy_loss,119,0.0,1789847480.2854366,0
train/actor/entropy_loss,120,0.0,1789848833.62554,0
train/actor/entropy_loss,121,0.0,1789849726.869953,0
train/actor/entropy_loss,122,0.0,1789850608.275859,0
train/actor/entropy_loss,123,0.0,1789851504.25295,0
train/actor/entropy_loss,124,0.0,1789852381.7229517,0
train/actor/entropy_loss,125,0.0,1789853698.2235146,0
train/actor/entropy_loss,126,0.0,1789854595.698463,0
train/actor/entropy_loss,127,0.0,1789855482.7769322,0
train/actor/entropy_loss,128,0.0,1789856378.027966,0
train/actor/entropy_loss,129,0.0,1789857265.1454358,0
train/actor/entropy_loss,130,0.0,1789858604.4954305,0
train/actor/entropy_loss,131,0.0,1789859500.9619405,0
train/actor/entropy_loss,132,0.0,1789860405.5622737,0
train/actor/entropy_loss,133,0.0,1789861321.6395533,0
train/actor/entropy_loss,134,0.0,1789862242.7016814,0
train/actor/entropy_loss,135,0.0,1789863585.660288,0
train/actor/entropy_loss,136,0.0,1789864520.215782,0
train/actor/entropy_loss,137,0.0,1789865419.9354184,0
train/actor/entropy_loss,138,0.0,1789866317.8934653,0
train/actor/entropy_loss,139,0.0,1789867224.1463544,0
train/actor/entropy_loss,140,0.0,1789868619.8083706,0
train/actor/entropy_loss,141,0.0,1789869518.187855,0
train/actor/entropy_loss,142,0.0,1789870408.907738,0
train/actor/entropy_loss,143,0.0,1789871324.2472038,0
train/actor/entropy_loss,144,0.0,1789872217.2614465,0
train/actor/entropy_loss,145,0.0,1789873546.0754647,0
train/actor/entropy_loss,146,0.0,1789874462.578479,0
train/actor/entropy_loss,147,0.0,1789875356.5908453,0
train/actor/entropy_loss,148,0.0,1789876285.7075987,0
train/actor/grad_norm,1,18.733627319335938,1789735381.1788893,0
train/actor/grad_norm,2,32.90123748779297,1789736158.3129807,0
train/actor/grad_norm,3,25.892011642456055,1789736932.364901,0
train/actor/grad_norm,4,20.50735855102539,1789737712.3846252,0
train/actor/grad_norm,5,29.755714416503906,1789738848.062827,0
train/actor/grad_norm,6,38.2357177734375,1789739665.6965945,0
train/actor/grad_norm,7,19.018728256225586,1789740462.6903114,0
train/actor/grad_norm,8,29.677082061767578,1789741284.2975354,0
train/actor/grad_norm,9,28.61505126953125,1789742089.6714673,0
train/actor/grad_norm,10,31.401411056518555,1789743347.8806398,0
train/actor/grad_norm,11,24.49502182006836,1789744207.2100656,0
train/actor/grad_norm,12,36.86670684814453,1789745056.1837943,0
train/actor/grad_norm,13,19.074932098388672,1789745898.4748769,0
train/actor/grad_norm,14,16.641063690185547,1789746730.2788408,0
train/actor/grad_norm,15,41.676361083984375,1789747942.3721626,0
train/actor/grad_norm,16,31.31165313720703,1789748774.9773755,0
train/actor/grad_norm,17,15.627058982849121,1789749617.708416,0
train/actor/grad_norm,18,24.741960525512695,1789750438.1764774,0
train/actor/grad_norm,19,24.691612243652344,1789751264.4243295,0
train/actor/grad_norm,20,21.86273765563965,1789752529.3243935,0
train/actor/grad_norm,21,26.49739646911621,1789753344.536374,0
train/actor/grad_norm,22,38.40430450439453,1789754176.8148997,0
train/actor/grad_norm,23,26.11094856262207,1789755010.2266097,0
train/actor/grad_norm,24,17.180618286132812,1789755859.7060273,0
train/actor/grad_norm,25,15.49174690246582,1789757090.57146,0
train/actor/grad_norm,26,13.794607162475586,1789757960.9329648,0
train/actor/grad_norm,27,23.029247283935547,1789758804.3886793,0
train/actor/grad_norm,28,31.791244506835938,1789759671.6437104,0
train/actor/grad_norm,29,29.953859329223633,1789760512.3560748,0
train/actor/grad_norm,30,48.97085952758789,1789761821.0391762,0
train/actor/grad_norm,31,40.587677001953125,1789762701.7591922,0
train/actor/grad_norm,32,17.94725799560547,1789763583.588239,0
train/actor/grad_norm,33,30.52387809753418,1789764439.5967944,0
train/actor/grad_norm,34,13.493200302124023,1789765303.1608126,0
train/actor/grad_norm,35,32.257808685302734,1789766576.8600903,0
train/actor/grad_norm,36,36.59222412109375,1789767456.9462092,0
train/actor/grad_norm,37,28.24938201904297,1789768311.1017008,0
train/actor/grad_norm,38,23.150531768798828,1789769149.8323104,0
train/actor/grad_norm,39,20.871761322021484,1789770004.5249107,0
train/actor/grad_norm,40,17.65239143371582,1789771319.4136007,0
train/actor/grad_norm,41,11.093067169189453,1789772195.2361321,0
train/actor/grad_norm,42,24.797664642333984,1789773056.176042,0
train/actor/grad_norm,43,20.60305404663086,1789773912.595872,0
train/actor/grad_norm,44,18.971397399902344,1789774779.9677382,0
train/actor/grad_norm,45,23.125837326049805,1789776009.4542634,0
train/actor/grad_norm,46,37.37574005126953,1789776858.1652107,0
train/actor/grad_norm,47,24.829975128173828,1789777727.6045496,0
train/actor/grad_norm,48,30.406078338623047,1789778587.5734947,0
train/actor/grad_norm,49,41.22771453857422,1789779450.0547087,0
train/actor/grad_norm,50,40.17511749267578,1789780757.7274234,0
train/actor/grad_norm,51,34.73252487182617,1789781598.431777,0
train/actor/grad_norm,52,32.871437072753906,1789782457.9991658,0
train/actor/grad_norm,53,17.717979431152344,1789783335.696288,0
train/actor/grad_norm,54,31.692665100097656,1789784199.8611991,0
train/actor/grad_norm,55,42.136436462402344,1789785454.8407784,0
train/actor/grad_norm,56,28.015399932861328,1789786349.063688,0
train/actor/grad_norm,57,37.067787170410156,1789787220.063055,0
train/actor/grad_norm,58,25.825498580932617,1789788098.7095795,0
train/actor/grad_norm,59,30.10494613647461,1789788982.3463817,0
train/actor/grad_norm,60,19.760143280029297,1789790306.3596082,0
train/actor/grad_norm,61,14.60702896118164,1789791172.7608433,0
train/actor/grad_norm,62,40.35236740112305,1789792032.8228657,0
train/actor/grad_norm,63,22.43634033203125,1789792890.828283,0
train/actor/grad_norm,64,17.218111038208008,1789793764.939441,0
train/actor/grad_norm,65,22.54140281677246,1789795027.8149993,0
train/actor/grad_norm,66,42.54866409301758,1789795901.7059155,0
train/actor/grad_norm,67,34.27989959716797,1789796782.4736617,0
train/actor/grad_norm,68,33.11888122558594,1789797666.4923859,0
train/actor/grad_norm,69,33.35393142700195,1789798529.021696,0
train/actor/grad_norm,70,18.35797691345215,1789799875.5477161,0
train/actor/grad_norm,71,35.037086486816406,1789800740.3210893,0
train/actor/grad_norm,72,35.916587829589844,1789801632.6724403,0
train/actor/grad_norm,73,25.406635284423828,1789802511.290136,0
train/actor/grad_norm,74,31.11544418334961,1789803399.5235863,0
train/actor/grad_norm,75,18.353965759277344,1789804709.1160085,0
train/actor/grad_norm,76,20.742244720458984,1789805572.0170643,0
train/actor/grad_norm,77,31.615768432617188,1789806438.080192,0
train/actor/grad_norm,78,29.879627227783203,1789807311.8914058,0
train/actor/grad_norm,79,21.029253005981445,1789808161.6146853,0
train/actor/grad_norm,80,40.13959503173828,1789809490.2924554,0
train/actor/grad_norm,81,22.268539428710938,1789810380.09939,0
train/actor/grad_norm,82,40.36906814575195,1789811260.4606946,0
train/actor/grad_norm,83,36.647483825683594,1789812153.242233,0
train/actor/grad_norm,84,23.397655487060547,1789813033.9458992,0
train/actor/grad_norm,85,27.92498016357422,1789814312.2059178,0
train/actor/grad_norm,86,29.497888565063477,1789815198.4770586,0
train/actor/grad_norm,87,26.512174606323242,1789816092.0815327,0
train/actor/grad_norm,88,19.235536575317383,1789816977.7840633,0
train/actor/grad_norm,89,34.339698791503906,1789817875.8121595,0
train/actor/grad_norm,90,26.619558334350586,1789819258.6140687,0
train/actor/grad_norm,91,33.29030227661133,1789820165.0585344,0
train/actor/grad_norm,92,31.040485382080078,1789821060.8199117,0
train/actor/grad_norm,93,24.852811813354492,1789821959.385568,0
train/actor/grad_norm,94,28.991256713867188,1789822844.5029824,0
train/actor/grad_norm,95,35.51317596435547,1789824159.9608166,0
train/actor/grad_norm,96,37.29075241088867,1789825054.5689547,0
train/actor/grad_norm,97,28.380521774291992,1789825948.5394905,0
train/actor/grad_norm,98,25.87356185913086,1789826861.0136147,0
train/actor/grad_norm,99,20.406307220458984,1789827745.5787365,0
train/actor/grad_norm,100,31.091596603393555,1789829118.2365048,0
train/actor/grad_norm,101,35.47569274902344,1789830009.832491,0
train/actor/grad_norm,102,22.658496856689453,1789830915.925964,0
train/actor/grad_norm,103,22.228858947753906,1789831806.6386545,0
train/actor/grad_norm,104,32.048057556152344,1789832718.9992416,0
train/actor/grad_norm,105,40.24066162109375,1789834041.483119,0
train/actor/grad_norm,106,32.63764190673828,1789834981.8547256,0
train/actor/grad_norm,107,13.372323989868164,1789835868.4325209,0
train/actor/grad_norm,108,20.09865379333496,1789836735.70861,0
train/actor/grad_norm,109,44.38976287841797,1789837618.1309388,0
train/actor/grad_norm,110,25.7259521484375,1789838967.5055122,0
train/actor/grad_norm,111,27.008174896240234,1789839873.948249,0
train/actor/grad_norm,112,20.167707443237305,1789840774.8572137,0
train/actor/grad_norm,113,30.93218994140625,1789841662.7344081,0
train/actor/grad_norm,114,33.02716827392578,1789842563.6544583,0
train/actor/grad_norm,115,35.852542877197266,1789843890.6744215,0
train/actor/grad_norm,116,39.39366912841797,1789844788.2118154,0
train/actor/grad_norm,117,17.013080596923828,1789845696.5375462,0
train/actor/grad_norm,118,21.67607307434082,1789846589.416525,0
train/actor/grad_norm,119,23.000255584716797,1789847480.285443,0
train/actor/grad_norm,120,46.0203857421875,1789848833.6255467,0
train/actor/grad_norm,121,18.90645408630371,1789849726.869959,0
train/actor/grad_norm,122,18.021286010742188,1789850608.2758703,0
train/actor/grad_norm,123,16.57906723022461,1789851504.2529562,0
train/actor/grad_norm,124,15.268865585327148,1789852381.7229583,0
train/actor/grad_norm,125,45.781166076660156,1789853698.2235208,0
train/actor/grad_norm,126,48.10841369628906,1789854595.6984696,0
train/actor/grad_norm,127,21.179664611816406,1789855482.7769387,0
train/actor/grad_norm,128,29.532960891723633,1789856378.027972,0
train/actor/grad_norm,129,23.842422485351562,1789857265.145442,0
train/actor/grad_norm,130,42.176185607910156,1789858604.4954362,0
train/actor/grad_norm,131,29.341381072998047,1789859500.961947,0
train/actor/grad_norm,132,37.639163970947266,1789860405.5622802,0
train/actor/grad_norm,133,41.436363220214844,1789861321.6395597,0
train/actor/grad_norm,134,26.346155166625977,1789862242.7016933,0
train/actor/grad_norm,135,29.571937561035156,1789863585.660294,0
train/actor/grad_norm,136,37.39314270019531,1789864520.2157886,0
train/actor/grad_norm,137,36.478694915771484,1789865419.9354248,0
train/actor/grad_norm,138,26.176618576049805,1789866317.8934715,0
train/actor/grad_norm,139,61.31158447265625,1789867224.1463609,0
train/actor/grad_norm,140,10.60037612915039,1789868619.8083766,0
train/actor/grad_norm,141,29.962162017822266,1789869518.187862,0
train/actor/grad_norm,142,39.64997100830078,1789870408.9077442,0
train/actor/grad_norm,143,34.2874755859375,1789871324.2472105,0
train/actor/grad_norm,144,16.897695541381836,1789872217.2614532,0
train/actor/grad_norm,145,30.75029754638672,1789873546.0754714,0
train/actor/grad_norm,146,18.303085327148438,1789874462.5784857,0
train/actor/grad_norm,147,23.136356353759766,1789875356.590856,0
train/actor/grad_norm,148,44.503177642822266,1789876285.7076054,0
train/actor/lr,1,4.999999873689376e-06,1789735381.178896,0
train/actor/lr,2,4.999999873689376e-06,1789736158.3129869,0
train/actor/lr,3,4.999999873689376e-06,1789736932.364908,0
train/actor/lr,4,4.999999873689376e-06,1789737712.3846319,0
train/actor/lr,5,4.999999873689376e-06,1789738848.0628328,0
train/actor/lr,6,4.999999873689376e-06,1789739665.6966012,0
train/actor/lr,7,4.999999873689376e-06,1789740462.6903179,0
train/actor/lr,8,4.999999873689376e-06,1789741284.297542,0
train/actor/lr,9,4.999999873689376e-06,1789742089.6714747,0
train/actor/lr,10,4.999999873689376e-06,1789743347.8806462,0
train/actor/lr,11,4.999999873689376e-06,1789744207.2100718,0
train/actor/lr,12,4.999999873689376e-06,1789745056.1838012,0
train/actor/lr,13,4.999999873689376e-06,1789745898.4748833,0
train/actor/lr,14,4.999999873689376e-06,1789746730.2788472,0
train/actor/lr,15,4.999999873689376e-06,1789747942.3721688,0
train/actor/lr,16,4.999999873689376e-06,1789748774.9773817,0
train/actor/lr,17,4.999999873689376e-06,1789749617.708423,0
train/actor/lr,18,4.999999873689376e-06,1789750438.1764834,0
train/actor/lr,19,4.999999873689376e-06,1789751264.4243357,0
train/actor/lr,20,4.999999873689376e-06,1789752529.3244,0
train/actor/lr,21,4.999999873689376e-06,1789753344.5363808,0
train/actor/lr,22,4.999999873689376e-06,1789754176.8149061,0
train/actor/lr,23,4.999999873689376e-06,1789755010.2266161,0
train/actor/lr,24,4.999999873689376e-06,1789755859.7060347,0
train/actor/lr,25,4.999999873689376e-06,1789757090.5714662,0
train/actor/lr,26,4.999999873689376e-06,1789757960.9329715,0
train/actor/lr,27,4.999999873689376e-06,1789758804.3886862,0
train/actor/lr,28,4.999999873689376e-06,1789759671.6437166,0
train/actor/lr,29,4.999999873689376e-06,1789760512.356082,0
train/actor/lr,30,4.999999873689376e-06,1789761821.0391824,0
train/actor/lr,31,4.999999873689376e-06,1789762701.759199,0
train/actor/lr,32,4.999999873689376e-06,1789763583.5882454,0
train/actor/lr,33,4.999999873689376e-06,1789764439.596801,0
train/actor/lr,34,4.999999873689376e-06,1789765303.1608198,0
train/actor/lr,35,4.999999873689376e-06,1789766576.860097,0
train/actor/lr,36,4.999999873689376e-06,1789767456.9462156,0
train/actor/lr,37,4.999999873689376e-06,1789768311.1017072,0
train/actor/lr,38,4.999999873689376e-06,1789769149.8323174,0
train/actor/lr,39,4.999999873689376e-06,1789770004.5249174,0
train/actor/lr,40,4.999999873689376e-06,1789771319.4136074,0
train/actor/lr,41,4.999999873689376e-06,1789772195.2361386,0
train/actor/lr,42,4.999999873689376e-06,1789773056.1760483,0
train/actor/lr,43,4.999999873689376e-06,1789773912.5958784,0
train/actor/lr,44,4.999999873689376e-06,1789774779.9677448,0
train/actor/lr,45,4.999999873689376e-06,1789776009.4542701,0
train/actor/lr,46,4.999999873689376e-06,1789776858.1652172,0
train/actor/lr,47,4.999999873689376e-06,1789777727.604556,0
train/actor/lr,48,4.999999873689376e-06,1789778587.5735037,0
train/actor/lr,49,4.999999873689376e-06,1789779450.054715,0
train/actor/lr,50,4.999999873689376e-06,1789780757.7274299,0
train/actor/lr,51,4.999999873689376e-06,1789781598.4317832,0
train/actor/lr,52,4.999999873689376e-06,1789782457.9991722,0
train/actor/lr,53,4.999999873689376e-06,1789783335.6962957,0
train/actor/lr,54,4.999999873689376e-06,1789784199.8612065,0
train/actor/lr,55,4.999999873689376e-06,1789785454.8407853,0
train/actor/lr,56,4.999999873689376e-06,1789786349.0636942,0
train/actor/lr,57,4.999999873689376e-06,1789787220.0630617,0
train/actor/lr,58,4.999999873689376e-06,1789788098.709586,0
train/actor/lr,59,4.999999873689376e-06,1789788982.3463914,0
train/actor/lr,60,4.999999873689376e-06,1789790306.3596146,0
train/actor/lr,61,4.999999873689376e-06,1789791172.7608507,0
train/actor/lr,62,4.999999873689376e-06,1789792032.8228724,0
train/actor/lr,63,4.999999873689376e-06,1789792890.8282897,0
train/actor/lr,64,4.999999873689376e-06,1789793764.9394474,0
train/actor/lr,65,4.999999873689376e-06,1789795027.8150058,0
train/actor/lr,66,4.999999873689376e-06,1789795901.7059243,0
train/actor/lr,67,4.999999873689376e-06,1789796782.473668,0
train/actor/lr,68,4.999999873689376e-06,1789797666.4923916,0
train/actor/lr,69,4.999999873689376e-06,1789798529.0217023,0
train/actor/lr,70,4.999999873689376e-06,1789799875.5477223,0
train/actor/lr,71,4.999999873689376e-06,1789800740.321096,0
train/actor/lr,72,4.999999873689376e-06,1789801632.6724474,0
train/actor/lr,73,4.999999873689376e-06,1789802511.2901423,0
train/actor/lr,74,4.999999873689376e-06,1789803399.5235925,0
train/actor/lr,75,4.999999873689376e-06,1789804709.1160152,0
train/actor/lr,76,4.999999873689376e-06,1789805572.017071,0
train/actor/lr,77,4.999999873689376e-06,1789806438.080199,0
train/actor/lr,78,4.999999873689376e-06,1789807311.8914123,0
train/actor/lr,79,4.999999873689376e-06,1789808161.6146913,0
train/actor/lr,80,4.999999873689376e-06,1789809490.292462,0
train/actor/lr,81,4.999999873689376e-06,1789810380.099397,0
train/actor/lr,82,4.999999873689376e-06,1789811260.4607008,0
train/actor/lr,83,4.999999873689376e-06,1789812153.2422416,0
train/actor/lr,84,4.999999873689376e-06,1789813033.9459057,0
train/actor/lr,85,4.999999873689376e-06,1789814312.2059245,0
train/actor/lr,86,4.999999873689376e-06,1789815198.4770653,0
train/actor/lr,87,4.999999873689376e-06,1789816092.0815425,0
train/actor/lr,88,4.999999873689376e-06,1789816977.7840698,0
train/actor/lr,89,4.999999873689376e-06,1789817875.8121665,0
train/actor/lr,90,4.999999873689376e-06,1789819258.6140752,0
train/actor/lr,91,4.999999873689376e-06,1789820165.0585413,0
train/actor/lr,92,4.999999873689376e-06,1789821060.8199182,0
train/actor/lr,93,4.999999873689376e-06,1789821959.3855748,0
train/actor/lr,94,4.999999873689376e-06,1789822844.502989,0
train/actor/lr,95,4.999999873689376e-06,1789824159.960823,0
train/actor/lr,96,4.999999873689376e-06,1789825054.568961,0
train/actor/lr,97,4.999999873689376e-06,1789825948.5394976,0
train/actor/lr,98,4.999999873689376e-06,1789826861.0136263,0
train/actor/lr,99,4.999999873689376e-06,1789827745.5787427,0
train/actor/lr,100,4.999999873689376e-06,1789829118.2365112,0
train/actor/lr,101,4.999999873689376e-06,1789830009.8324971,0
train/actor/lr,102,4.999999873689376e-06,1789830915.9259753,0
train/actor/lr,103,4.999999873689376e-06,1789831806.6386607,0
train/actor/lr,104,4.999999873689376e-06,1789832718.9992487,0
train/actor/lr,105,4.999999873689376e-06,1789834041.4831254,0
train/actor/lr,106,4.999999873689376e-06,1789834981.8547337,0
train/actor/lr,107,4.999999873689376e-06,1789835868.4325278,0
train/actor/lr,108,4.999999873689376e-06,1789836735.7086277,0
train/actor/lr,109,4.999999873689376e-06,1789837618.1309452,0
train/actor/lr,110,4.999999873689376e-06,1789838967.5055187,0
train/actor/lr,111,4.999999873689376e-06,1789839873.9482555,0
train/actor/lr,112,4.999999873689376e-06,1789840774.8572202,0
train/actor/lr,113,4.999999873689376e-06,1789841662.734415,0
train/actor/lr,114,4.999999873689376e-06,1789842563.6544647,0
train/actor/lr,115,4.999999873689376e-06,1789843890.674428,0
train/actor/lr,116,4.999999873689376e-06,1789844788.2118223,0
train/actor/lr,117,4.999999873689376e-06,1789845696.5375528,0
train/actor/lr,118,4.999999873689376e-06,1789846589.416531,0
train/actor/lr,119,4.999999873689376e-06,1789847480.2854502,0
train/actor/lr,120,4.999999873689376e-06,1789848833.625553,0
train/actor/lr,121,4.999999873689376e-06,1789849726.8699656,0
train/actor/lr,122,4.999999873689376e-06,1789850608.27588,0
train/actor/lr,123,4.999999873689376e-06,1789851504.2529624,0
train/actor/lr,124,4.999999873689376e-06,1789852381.722965,0
train/actor/lr,125,4.999999873689376e-06,1789853698.2235274,0
train/actor/lr,126,4.999999873689376e-06,1789854595.6984758,0
train/actor/lr,127,4.999999873689376e-06,1789855482.7769449,0
train/actor/lr,128,4.999999873689376e-06,1789856378.0279787,0
train/actor/lr,129,4.999999873689376e-06,1789857265.1454484,0
train/actor/lr,130,4.999999873689376e-06,1789858604.4954422,0
train/actor/lr,131,4.999999873689376e-06,1789859500.9619536,0
train/actor/lr,132,4.999999873689376e-06,1789860405.5622866,0
train/actor/lr,133,4.999999873689376e-06,1789861321.6395657,0
train/actor/lr,134,4.999999873689376e-06,1789862242.7017033,0
train/actor/lr,135,4.999999873689376e-06,1789863585.6603007,0
train/actor/lr,136,4.999999873689376e-06,1789864520.2157953,0
train/actor/lr,137,4.999999873689376e-06,1789865419.935431,0
train/actor/lr,138,4.999999873689376e-06,1789866317.8934782,0
train/actor/lr,139,4.999999873689376e-06,1789867224.1463678,0
train/actor/lr,140,4.999999873689376e-06,1789868619.8083832,0
train/actor/lr,141,4.999999873689376e-06,1789869518.1878688,0
train/actor/lr,142,4.999999873689376e-06,1789870408.907751,0
train/actor/lr,143,4.999999873689376e-06,1789871324.2472172,0
train/actor/lr,144,4.999999873689376e-06,1789872217.2614598,0
train/actor/lr,145,4.999999873689376e-06,1789873546.0754778,0
train/actor/lr,146,4.999999873689376e-06,1789874462.5784924,0
train/actor/lr,147,4.999999873689376e-06,1789875356.5908663,0
train/actor/lr,148,4.999999873689376e-06,1789876285.7076116,0
train/actor/policy_loss,1,-0.01132814958691597,1789735381.178902,0
train/actor/policy_loss,2,-0.0012026098556816578,1789736158.3129938,0
train/actor/policy_loss,3,-0.0063520632684230804,1789736932.364915,0
train/actor/policy_loss,4,-0.004318263381719589,1789737712.384638,0
train/actor/policy_loss,5,-0.0003121857880614698,1789738848.0628388,0
train/actor/policy_loss,6,0.002775767119601369,1789739665.6966076,0
train/actor/policy_loss,7,-0.003302772995084524,1789740462.6903243,0
train/actor/policy_loss,8,-8.276232983916998e-05,1789741284.297549,0
train/actor/policy_loss,9,0.00041274522664025426,1789742089.6714852,0
train/actor/policy_loss,10,0.002834509126842022,1789743347.880652,0
train/actor/policy_loss,11,-0.00034550251439213753,1789744207.210078,0
train/actor/policy_loss,12,0.005865047685801983,1789745056.1838078,0
train/actor/policy_loss,13,-0.0036226529628038406,1789745898.4748898,0
train/actor/policy_loss,14,-0.005404998082667589,1789746730.2788532,0
train/actor/policy_loss,15,0.006324190646409988,1789747942.3721755,0
train/actor/policy_loss,16,0.0011845917906612158,1789748774.9773877,0
train/actor/policy_loss,17,-0.00168089650105685,1789749617.7084289,0
train/actor/policy_loss,18,-0.00429905392229557,1789750438.176489,0
train/actor/policy_loss,19,-0.0038372536655515432,1789751264.4243417,0
train/actor/policy_loss,20,0.0017354938900098205,1789752529.324406,0
train/actor/policy_loss,21,0.0004035389283671975,1789753344.536387,0
train/actor/policy_loss,22,0.008675542660057545,1789754176.814913,0
train/actor/policy_loss,23,-0.002826761920005083,1789755010.2266226,0
train/actor/policy_loss,24,-0.005139017011970282,1789755859.706041,0
train/actor/policy_loss,25,-0.005273669026792049,1789757090.5714726,0
train/actor/policy_loss,26,-0.0050368038937449455,1789757960.932978,0
train/actor/policy_loss,27,-0.0005971681675873697,1789758804.3886921,0
train/actor/policy_loss,28,0.005609096959233284,1789759671.643723,0
train/actor/policy_loss,29,0.005900642368942499,1789760512.3560882,0
train/actor/policy_loss,30,0.006265244446694851,1789761821.0391886,0
train/actor/policy_loss,31,0.0062621524557471275,1789762701.7592056,0
train/actor/policy_loss,32,-0.002282355912029743,1789763583.5882518,0
train/actor/policy_loss,33,0.002339680679142475,1789764439.5968077,0
train/actor/policy_loss,34,-0.005882467143237591,1789765303.1608264,0
train/actor/policy_loss,35,0.0010726787149906158,1789766576.8601034,0
train/actor/policy_loss,36,0.00214587664231658,1789767456.946222,0
train/actor/policy_loss,37,0.00117668102029711,1789768311.1017137,0
train/actor/policy_loss,38,-0.004084068350493908,1789769149.8323238,0
train/actor/policy_loss,39,-0.002936110133305192,1789770004.5249236,0
train/actor/policy_loss,40,-0.0029876152984797955,1789771319.4136138,0
train/actor/policy_loss,41,-0.002817295491695404,1789772195.2361443,0
train/actor/policy_loss,42,-0.00598028302192688,1789773056.1760552,0
train/actor/policy_loss,43,0.001216177362948656,1789773912.5958846,0
train/actor/policy_loss,44,-0.0008974326774477959,1789774779.9677517,0
train/actor/policy_loss,45,0.0014582898002117872,1789776009.4542766,0
train/actor/policy_loss,46,0.0043875714763998985,1789776858.1652236,0
train/actor/policy_loss,47,-0.0008610382210463285,1789777727.6045625,0
train/actor/policy_loss,48,-0.0027489718049764633,1789778587.5735126,0
train/actor/policy_loss,49,0.0013815425336360931,1789779450.0547214,0
train/actor/policy_loss,50,0.008852245286107063,1789780757.7274358,0
train/actor/policy_loss,51,-0.00033670151606202126,1789781598.4317894,0
train/actor/policy_loss,52,0.005419653840363026,1789782457.9991784,0
train/actor/policy_loss,53,-0.0016137121710926294,1789783335.696303,0
train/actor/policy_loss,54,0.002729607978835702,1789784199.8612132,0
train/actor/policy_loss,55,0.01170294638723135,1789785454.8407912,0
train/actor/policy_loss,56,-0.0014033251209184527,1789786349.0637007,0
train/actor/policy_loss,57,0.010083440691232681,1789787220.0630686,0
train/actor/policy_loss,58,0.002731399144977331,1789788098.7095923,0
train/actor/policy_loss,59,-0.0014959701802581549,1789788982.346401,0
train/actor/policy_loss,60,-0.0062927911058068275,1789790306.3596215,0
train/actor/policy_loss,61,-0.0032132361084222794,1789791172.7608573,0
train/actor/policy_loss,62,0.009824416600167751,1789792032.8228793,0
train/actor/policy_loss,63,-0.002510023768991232,1789792890.828296,0
train/actor/policy_loss,64,-0.007131654769182205,1789793764.9394534,0
train/actor/policy_loss,65,-0.0009529086528345942,1789795027.8150125,0
train/actor/policy_loss,66,0.005241192411631346,1789795901.7059321,0
train/actor/policy_loss,67,0.002158690942451358,1789796782.4736743,0
train/actor/policy_loss,68,-0.0013469376135617495,1789797666.4923985,0
train/actor/policy_loss,69,0.00394428800791502,1789798529.0217085,0
train/actor/policy_loss,70,-0.003196817124262452,1789799875.5477283,0
train/actor/policy_loss,71,-0.0002720156917348504,1789800740.3211024,0
train/actor/policy_loss,72,0.005979698151350021,1789801632.6724539,0
train/actor/policy_loss,73,0.002257764572277665,1789802511.2901483,0
train/actor/policy_loss,74,0.005726233124732971,1789803399.5235987,0
train/actor/policy_loss,75,-0.0022182653192430735,1789804709.1160219,0
train/actor/policy_loss,76,-0.006285932846367359,1789805572.0170774,0
train/actor/policy_loss,77,-0.004728491418063641,1789806438.0802057,0
train/actor/policy_loss,78,0.0003164568915963173,1789807311.891419,0
train/actor/policy_loss,79,-0.0019311222713440657,1789808161.6146972,0
train/actor/policy_loss,80,0.0005703546339645982,1789809490.2924685,0
train/actor/policy_loss,81,-0.0006082758773118258,1789810380.0994053,0
train/actor/policy_loss,82,0.006341093219816685,1789811260.4607072,0
train/actor/policy_loss,83,0.011226790025830269,1789812153.2422493,0
train/actor/policy_loss,84,-0.0024465559981763363,1789813033.9459124,0
train/actor/policy_loss,85,-0.0004515078035183251,1789814312.2059307,0
train/actor/policy_loss,86,0.00039846450090408325,1789815198.4770722,0
train/actor/policy_loss,87,-0.0028304983861744404,1789816092.0815513,0
train/actor/policy_loss,88,-0.004228778649121523,1789816977.7840765,0
train/actor/policy_loss,89,-0.0008604398462921381,1789817875.8121727,0
train/actor/policy_loss,90,-0.0031843381002545357,1789819258.6140857,0
train/actor/policy_loss,91,0.004357391502708197,1789820165.058548,0
train/actor/policy_loss,92,0.005188353359699249,1789821060.819924,0
train/actor/policy_loss,93,-0.003036818467080593,1789821959.385581,0
train/actor/policy_loss,94,0.0005725716473534703,1789822844.5029953,0
train/actor/policy_loss,95,0.004679833073168993,1789824159.9608293,0
train/actor/policy_loss,96,0.0007880526827648282,1789825054.5689673,0
train/actor/policy_loss,97,0.001193025498650968,1789825948.5395038,0
train/actor/policy_loss,98,0.0058815754018723965,1789826861.0136373,0
train/actor/policy_loss,99,-0.0005815717158839107,1789827745.578749,0
train/actor/policy_loss,100,0.004828478209674358,1789829118.2365177,0
train/actor/policy_loss,101,0.0013589017326012254,1789830009.8325033,0
train/actor/policy_loss,102,0.000865153968334198,1789830915.9259858,0
train/actor/policy_loss,103,-0.002111379522830248,1789831806.638667,0
train/actor/policy_loss,104,-0.0009097439469769597,1789832718.9992547,0
train/actor/policy_loss,105,0.005437225103378296,1789834041.4831324,0
train/actor/policy_loss,106,0.0034640145022422075,1789834981.8547418,0
train/actor/policy_loss,107,-0.005161370150744915,1789835868.4325345,0
train/actor/policy_loss,108,-0.0015269527211785316,1789836735.7086372,0
train/actor/policy_loss,109,0.004460109397768974,1789837618.1309516,0
train/actor/policy_loss,110,-0.002074816729873419,1789838967.5055246,0
train/actor/policy_loss,111,0.0034274524077773094,1789839873.9482617,0
train/actor/policy_loss,112,-0.0043922290205955505,1789840774.8572266,0
train/actor/policy_loss,113,-0.001118950662203133,1789841662.7344217,0
train/actor/policy_loss,114,0.003218290861696005,1789842563.6544712,0
train/actor/policy_loss,115,0.004103763960301876,1789843890.674434,0
train/actor/policy_loss,116,0.008192082867026329,1789844788.2118328,0
train/actor/policy_loss,117,-0.0032746633514761925,1789845696.5375595,0
train/actor/policy_loss,118,-0.0024022420402616262,1789846589.4165375,0
train/actor/policy_loss,119,0.0010587587021291256,1789847480.2854564,0
train/actor/policy_loss,120,0.011816716752946377,1789848833.6255593,0
train/actor/policy_loss,121,-0.002363208681344986,1789849726.869972,0
train/actor/policy_loss,122,-0.0026564947329461575,1789850608.2758899,0
train/actor/policy_loss,123,-0.0011356484610587358,1789851504.2529688,0
train/actor/policy_loss,124,-0.0037806127220392227,1789852381.7229717,0
train/actor/policy_loss,125,0.011469181627035141,1789853698.2235343,0
train/actor/policy_loss,126,0.011234860867261887,1789854595.6984825,0
train/actor/policy_loss,127,-0.0003256271011196077,1789855482.776951,0
train/actor/policy_loss,128,-0.00010820233728736639,1789856378.027985,0
train/actor/policy_loss,129,-0.0011025595013052225,1789857265.145455,0
train/actor/policy_loss,130,0.012172598391771317,1789858604.4954486,0
train/actor/policy_loss,131,0.00041787896770983934,1789859500.9619596,0
train/actor/policy_loss,132,0.005230580922216177,1789860405.5622926,0
train/actor/policy_loss,133,0.007289894390851259,1789861321.639572,0
train/actor/policy_loss,134,-0.0014669927768409252,1789862242.701714,0
train/actor/policy_loss,135,0.0035131899639964104,1789863585.6603072,0
train/actor/policy_loss,136,0.0049723112024366856,1789864520.2158017,0
train/actor/policy_loss,137,0.0033817205112427473,1789865419.935437,0
train/actor/policy_loss,138,0.0006487261271104217,1789866317.8934844,0
train/actor/policy_loss,139,0.02907140925526619,1789867224.146374,0
train/actor/policy_loss,140,-0.003915033768862486,1789868619.8083894,0
train/actor/policy_loss,141,8.043833076953888e-05,1789869518.1878753,0
train/actor/policy_loss,142,0.011297451332211494,1789870408.9077578,0
train/actor/policy_loss,143,-0.0014174297684803605,1789871324.2472236,0
train/actor/policy_loss,144,-0.0034241103567183018,1789872217.2614655,0
train/actor/policy_loss,145,0.006745683494955301,1789873546.0754836,0
train/actor/policy_loss,146,-0.000677863834425807,1789874462.5784986,0
train/actor/policy_loss,147,-0.0004762109601870179,1789875356.590876,0
train/actor/policy_loss,148,0.010626383125782013,1789876285.7076182,0
train/actor/policy_loss_abs,1,0.5963466167449951,1789735381.1789079,0
train/actor/policy_loss_abs,2,0.7554636001586914,1789736158.3129997,0
train/actor/policy_loss_abs,3,0.720970630645752,1789736932.3649218,0
train/actor/policy_loss_abs,4,0.679908275604248,1789737712.384644,0
train/actor/policy_loss_abs,5,0.6853299140930176,1789738848.062845,0
train/actor/policy_loss_abs,6,0.6492092609405518,1789739665.6966145,0
train/actor/policy_loss_abs,7,0.7600376605987549,1789740462.69033,0
train/actor/policy_loss_abs,8,0.686417281627655,1789741284.2975554,0
train/actor/policy_loss_abs,9,0.7207257747650146,1789742089.671492,0
train/actor/policy_loss_abs,10,0.7096729278564453,1789743347.8806584,0
train/actor/policy_loss_abs,11,0.7064539790153503,1789744207.2100842,0
train/actor/policy_loss_abs,12,0.7205196619033813,1789745056.183814,0
train/actor/policy_loss_abs,13,0.6561493873596191,1789745898.4748964,0
train/actor/policy_loss_abs,14,0.7845821380615234,1789746730.2788596,0
train/actor/policy_loss_abs,15,0.7101985216140747,1789747942.3721817,0
train/actor/policy_loss_abs,16,0.7690696716308594,1789748774.9773936,0
train/actor/policy_loss_abs,17,0.762661337852478,1789749617.708435,0
train/actor/policy_loss_abs,18,0.6738026142120361,1789750438.176495,0
train/actor/policy_loss_abs,19,0.6332281827926636,1789751264.4243479,0
train/actor/policy_loss_abs,20,0.5325493812561035,1789752529.324412,0
train/actor/policy_loss_abs,21,0.6572757363319397,1789753344.5363934,0
train/actor/policy_loss_abs,22,0.8314130306243896,1789754176.814919,0
train/actor/policy_loss_abs,23,0.6404654383659363,1789755010.2266288,0
train/actor/policy_loss_abs,24,0.6122649908065796,1789755859.7060473,0
train/actor/policy_loss_abs,25,0.68303382396698,1789757090.5714788,0
train/actor/policy_loss_abs,26,0.6021897792816162,1789757960.9329844,0
train/actor/policy_loss_abs,27,0.6361203193664551,1789758804.3886983,0
train/actor/policy_loss_abs,28,0.7772341966629028,1789759671.6437294,0
train/actor/policy_loss_abs,29,0.709992527961731,1789760512.3560948,0
train/actor/policy_loss_abs,30,0.7527072429656982,1789761821.0391948,0
train/actor/policy_loss_abs,31,0.7095295190811157,1789762701.7592118,0
train/actor/policy_loss_abs,32,0.7508628368377686,1789763583.5882585,0
train/actor/policy_loss_abs,33,0.6951878070831299,1789764439.596814,0
train/actor/policy_loss_abs,34,0.7173073291778564,1789765303.160833,0
train/actor/policy_loss_abs,35,0.7229446172714233,1789766576.8601098,0
train/actor/policy_loss_abs,36,0.7977123260498047,1789767456.9462285,0
train/actor/policy_loss_abs,37,0.6489080190658569,1789768311.1017203,0
train/actor/policy_loss_abs,38,0.7144825458526611,1789769149.8323298,0
train/actor/policy_loss_abs,39,0.75406813621521,1789770004.52493,0
train/actor/policy_loss_abs,40,0.6652237176895142,1789771319.4136198,0
train/actor/policy_loss_abs,41,0.7399184107780457,1789772195.2361505,0
train/actor/policy_loss_abs,42,0.7850857973098755,1789773056.1760616,0
train/actor/policy_loss_abs,43,0.7049449682235718,1789773912.5958908,0
train/actor/policy_loss_abs,44,0.7658191919326782,1789774779.9677582,0
train/actor/policy_loss_abs,45,0.7821000814437866,1789776009.454283,0
train/actor/policy_loss_abs,46,0.6402488350868225,1789776858.1652308,0
train/actor/policy_loss_abs,47,0.7316551208496094,1789777727.6045694,0
train/actor/policy_loss_abs,48,0.7759867906570435,1789778587.5735214,0
train/actor/policy_loss_abs,49,0.7334475517272949,1789779450.0547273,0
train/actor/policy_loss_abs,50,0.7176682949066162,1789780757.7274415,0
train/actor/policy_loss_abs,51,0.8283848166465759,1789781598.4317963,0
train/actor/policy_loss_abs,52,0.6649104952812195,1789782457.999185,0
train/actor/policy_loss_abs,53,0.6558414697647095,1789783335.6963098,0
train/actor/policy_loss_abs,54,0.7535566091537476,1789784199.86122,0
train/actor/policy_loss_abs,55,0.551823616027832,1789785454.8407977,0
train/actor/policy_loss_abs,56,0.6608000993728638,1789786349.0637078,0
train/actor/policy_loss_abs,57,0.5816035270690918,1789787220.0630755,0
train/actor/policy_loss_abs,58,0.626910924911499,1789788098.709599,0
train/actor/policy_loss_abs,59,0.6892844438552856,1789788982.346411,0
train/actor/policy_loss_abs,60,0.6895912885665894,1789790306.3596275,0
train/actor/policy_loss_abs,61,0.6954229474067688,1789791172.7608633,0
train/actor/policy_loss_abs,62,0.658006489276886,1789792032.8228855,0
train/actor/policy_loss_abs,63,0.66387939453125,1789792890.8283021,0
train/actor/policy_loss_abs,64,0.6469531655311584,1789793764.93946,0
train/actor/policy_loss_abs,65,0.8435571193695068,1789795027.8150184,0
train/actor/policy_loss_abs,66,0.7577482461929321,1789795901.7059386,0
train/actor/policy_loss_abs,67,0.6885694265365601,1789796782.4736805,0
train/actor/policy_loss_abs,68,0.765110969543457,1789797666.4924047,0
train/actor/policy_loss_abs,69,0.7098239660263062,1789798529.021715,0
train/actor/policy_loss_abs,70,0.7098296880722046,1789799875.5477347,0
train/actor/policy_loss_abs,71,0.5646503567695618,1789800740.3211093,0
train/actor/policy_loss_abs,72,0.7348120212554932,1789801632.6724608,0
train/actor/policy_loss_abs,73,0.7090495824813843,1789802511.290155,0
train/actor/policy_loss_abs,74,0.7801709771156311,1789803399.5236044,0
train/actor/policy_loss_abs,75,0.6412742137908936,1789804709.1160278,0
train/actor/policy_loss_abs,76,0.5862604379653931,1789805572.0170836,0
train/actor/policy_loss_abs,77,0.6146790385246277,1789806438.0802116,0
train/actor/policy_loss_abs,78,0.5437828302383423,1789807311.8914251,0
train/actor/policy_loss_abs,79,0.7766164541244507,1789808161.6147032,0
train/actor/policy_loss_abs,80,0.7914484739303589,1789809490.2924745,0
train/actor/policy_loss_abs,81,0.6977092027664185,1789810380.099414,0
train/actor/policy_loss_abs,82,0.7969541549682617,1789811260.4607134,0
train/actor/policy_loss_abs,83,0.6474560499191284,1789812153.2422562,0
train/actor/policy_loss_abs,84,0.5782376527786255,1789813033.945919,0
train/actor/policy_loss_abs,85,0.7934590578079224,1789814312.205937,0
train/actor/policy_loss_abs,86,0.6974741816520691,1789815198.4770782,0
train/actor/policy_loss_abs,87,0.5614114999771118,1789816092.0815625,0
train/actor/policy_loss_abs,88,0.787844717502594,1789816977.7840822,0
train/actor/policy_loss_abs,89,0.6898813247680664,1789817875.812179,0
train/actor/policy_loss_abs,90,0.7584108710289001,1789819258.614092,0
train/actor/policy_loss_abs,91,0.643103301525116,1789820165.0585546,0
train/actor/policy_loss_abs,92,0.7881903052330017,1789821060.8199303,0
train/actor/policy_loss_abs,93,0.7023345232009888,1789821959.385587,0
train/actor/policy_loss_abs,94,0.6573935747146606,1789822844.503001,0
train/actor/policy_loss_abs,95,0.7648573517799377,1789824159.9608357,0
train/actor/policy_loss_abs,96,0.7315157055854797,1789825054.5689738,0
train/actor/policy_loss_abs,97,0.6324511766433716,1789825948.53951,0
train/actor/policy_loss_abs,98,0.4783909320831299,1789826861.0136478,0
train/actor/policy_loss_abs,99,0.7136040925979614,1789827745.578755,0
train/actor/policy_loss_abs,100,0.5845616459846497,1789829118.2365236,0
train/actor/policy_loss_abs,101,0.722131609916687,1789830009.8325098,0
train/actor/policy_loss_abs,102,0.7437232732772827,1789830915.9259953,0
train/actor/policy_loss_abs,103,0.7859811186790466,1789831806.6386733,0
train/actor/policy_loss_abs,104,0.7313030958175659,1789832718.9992611,0
train/actor/policy_loss_abs,105,0.8697758913040161,1789834041.4831386,0
train/actor/policy_loss_abs,106,0.7047632932662964,1789834981.8547494,0
train/actor/policy_loss_abs,107,0.6845380067825317,1789835868.4325411,0
train/actor/policy_loss_abs,108,0.7420476675033569,1789836735.7086456,0
train/actor/policy_loss_abs,109,0.7740762233734131,1789837618.1309578,0
train/actor/policy_loss_abs,110,0.7507284879684448,1789838967.5055306,0
train/actor/policy_loss_abs,111,0.6106818914413452,1789839873.948268,0
train/actor/policy_loss_abs,112,0.6767778396606445,1789840774.8572323,0
train/actor/policy_loss_abs,113,0.6950981020927429,1789841662.7344282,0
train/actor/policy_loss_abs,114,0.7648624181747437,1789842563.6544774,0
train/actor/policy_loss_abs,115,0.5968500375747681,1789843890.67444,0
train/actor/policy_loss_abs,116,0.7842555046081543,1789844788.2118392,0
train/actor/policy_loss_abs,117,0.6884570121765137,1789845696.5375657,0
train/actor/policy_loss_abs,118,0.7871224880218506,1789846589.416544,0
train/actor/policy_loss_abs,119,0.6469225883483887,1789847480.285463,0
train/actor/policy_loss_abs,120,0.6309266090393066,1789848833.625566,0
train/actor/policy_loss_abs,121,0.5994340181350708,1789849726.8699782,0
train/actor/policy_loss_abs,122,0.7701426148414612,1789850608.2758987,0
train/actor/policy_loss_abs,123,0.698431134223938,1789851504.2529747,0
train/actor/policy_loss_abs,124,0.6155644655227661,1789852381.7229784,0
train/actor/policy_loss_abs,125,0.7155188322067261,1789853698.2235413,0
train/actor/policy_loss_abs,126,0.7860480546951294,1789854595.698489,0
train/actor/policy_loss_abs,127,0.8218871355056763,1789855482.7769573,0
train/actor/policy_loss_abs,128,0.6565632820129395,1789856378.0279913,0
train/actor/policy_loss_abs,129,0.7410244345664978,1789857265.1454618,0
train/actor/policy_loss_abs,130,0.7658936977386475,1789858604.4954548,0
train/actor/policy_loss_abs,131,0.7295272350311279,1789859500.9619658,0
train/actor/policy_loss_abs,132,0.7602159976959229,1789860405.5622988,0
train/actor/policy_loss_abs,133,0.6925089359283447,1789861321.6395783,0
train/actor/policy_loss_abs,134,0.7119672298431396,1789862242.7017238,0
train/actor/policy_loss_abs,135,0.7414722442626953,1789863585.6603136,0
train/actor/policy_loss_abs,136,0.7927466630935669,1789864520.2158074,0
train/actor/policy_loss_abs,137,0.7288086414337158,1789865419.9354434,0
train/actor/policy_loss_abs,138,0.7020310163497925,1789866317.8934908,0
train/actor/policy_loss_abs,139,0.7789561152458191,1789867224.14638,0
train/actor/policy_loss_abs,140,0.7287905216217041,1789868619.8083959,0
train/actor/policy_loss_abs,141,0.7605129480361938,1789869518.1878815,0
train/actor/policy_loss_abs,142,0.720253586769104,1789870408.9077642,0
train/actor/policy_loss_abs,143,0.7252225875854492,1789871324.2472298,0
train/actor/policy_loss_abs,144,0.6742373704910278,1789872217.2614717,0
train/actor/policy_loss_abs,145,0.6134120225906372,1789873546.0754898,0
train/actor/policy_loss_abs,146,0.6078709363937378,1789874462.5785048,0
train/actor/policy_loss_abs,147,0.5640636086463928,1789875356.5908859,0
train/actor/policy_loss_abs,148,0.7275533080101013,1789876285.7076252,0
train/actor/ratio,1,1.03932523727417,1789735381.178915,0
train/actor/ratio,2,1.0454463958740234,1789736158.313006,0
train/actor/ratio,3,0.9983481168746948,1789736932.3649287,0
train/actor/ratio,4,0.994842529296875,1789737712.38465,0
train/actor/ratio,5,1.0141336917877197,1789738848.0628507,0
train/actor/ratio,6,0.9732686877250671,1789739665.6966205,0
train/actor/ratio,7,0.9951663017272949,1789740462.6903362,0
train/actor/ratio,8,0.9927553534507751,1789741284.297562,0
train/actor/ratio,9,1.005246877670288,1789742089.6714988,0
train/actor/ratio,10,1.0163904428482056,1789743347.8806655,0
train/actor/ratio,11,1.0017709732055664,1789744207.2100902,0
train/actor/ratio,12,0.9957195520401001,1789745056.183821,0
train/actor/ratio,13,1.0027683973312378,1789745898.4749029,0
train/actor/ratio,14,0.9991767406463623,1789746730.2788663,0
train/actor/ratio,15,0.9997430443763733,1789747942.372188,0
train/actor/ratio,16,0.99904465675354,1789748774.9774,0
train/actor/ratio,17,0.9926367402076721,1789749617.708441,0
train/actor/ratio,18,1.009617567062378,1789750438.1765013,0
train/actor/ratio,19,1.0027241706848145,1789751264.424354,0
train/actor/ratio,20,1.0089415311813354,1789752529.3244188,0
train/actor/ratio,21,0.9954847693443298,1789753344.5363994,0
train/actor/ratio,22,0.9944425225257874,1789754176.8149252,0
train/actor/ratio,23,1.0075254440307617,1789755010.2266352,0
train/actor/ratio,24,1.004469394683838,1789755859.7060533,0
train/actor/ratio,25,0.9986314177513123,1789757090.5714853,0
train/actor/ratio,26,0.9997806549072266,1789757960.9329906,0
train/actor/ratio,27,1.0074033737182617,1789758804.388706,0
train/actor/ratio,28,0.9982603788375854,1789759671.643736,0
train/actor/ratio,29,1.0024561882019043,1789760512.356101,0
train/actor/ratio,30,1.0019744634628296,1789761821.0392013,0
train/actor/ratio,31,1.0046206712722778,1789762701.7592182,0
train/actor/ratio,32,0.9999376535415649,1789763583.5882652,0
train/actor/ratio,33,1.001668930053711,1789764439.59682,0
train/actor/ratio,34,0.9979178309440613,1789765303.1608388,0
train/actor/ratio,35,0.9960579872131348,1789766576.860116,0
train/actor/ratio,36,1.0025157928466797,1789767456.9462352,0
train/actor/ratio,37,0.9984875917434692,1789768311.101727,0
train/actor/ratio,38,0.9978920221328735,1789769149.832336,0
train/actor/ratio,39,0.993249773979187,1789770004.5249362,0
train/actor/ratio,40,1.000503659248352,1789771319.4136262,0
train/actor/ratio,41,0.9957263469696045,1789772195.236157,0
train/actor/ratio,42,0.9971904754638672,1789773056.1760683,0
train/actor/ratio,43,0.9959743022918701,1789773912.5958972,0
train/actor/ratio,44,0.9963357448577881,1789774779.9677649,0
train/actor/ratio,45,0.9951480627059937,1789776009.45429,0
train/actor/ratio,46,1.0079439878463745,1789776858.165237,0
train/actor/ratio,47,1.0114694833755493,1789777727.6045766,0
train/actor/ratio,48,1.004176378250122,1789778587.5735302,0
train/actor/ratio,49,1.0127068758010864,1789779450.0547335,0
train/actor/ratio,50,1.0031111240386963,1789780757.7274475,0
train/actor/ratio,51,1.0012247562408447,1789781598.431802,0
train/actor/ratio,52,1.00119948387146,1789782457.9991915,0
train/actor/ratio,53,0.9992629289627075,1789783335.6963165,0
train/actor/ratio,54,1.0081212520599365,1789784199.8612263,0
train/actor/ratio,55,0.9832758903503418,1789785454.8408039,0
train/actor/ratio,56,1.0116865634918213,1789786349.063714,0
train/actor/ratio,57,1.0036816596984863,1789787220.063082,0
train/actor/ratio,58,0.9942071437835693,1789788098.709606,0
train/actor/ratio,59,0.9922833442687988,1789788982.3464208,0
train/actor/ratio,60,0.9983749985694885,1789790306.3596342,0
train/actor/ratio,61,0.9988131523132324,1789791172.760869,0
train/actor/ratio,62,1.0139461755752563,1789792032.8228917,0
train/actor/ratio,63,0.9966503381729126,1789792890.828308,0
train/actor/ratio,64,0.9988270998001099,1789793764.9394662,0
train/actor/ratio,65,0.9914261102676392,1789795027.8150249,0
train/actor/ratio,66,0.9946670532226562,1789795901.705945,0
train/actor/ratio,67,0.98757404088974,1789796782.4736862,0
train/actor/ratio,68,1.0036191940307617,1789797666.492411,0
train/actor/ratio,69,0.9915772676467896,1789798529.021721,0
train/actor/ratio,70,1.0048823356628418,1789799875.5477412,0
train/actor/ratio,71,0.9979817867279053,1789800740.3211155,0
train/actor/ratio,72,1.018632411956787,1789801632.6724706,0
train/actor/ratio,73,1.0161737203598022,1789802511.2901614,0
train/actor/ratio,74,0.9938369989395142,1789803399.5236106,0
train/actor/ratio,75,1.0027453899383545,1789804709.1160343,0
train/actor/ratio,76,0.9964357614517212,1789805572.01709,0
train/actor/ratio,77,1.0002458095550537,1789806438.080218,0
train/actor/ratio,78,0.9869658946990967,1789807311.8914309,0
train/actor/ratio,79,0.9917766451835632,1789808161.614709,0
train/actor/ratio,80,1.015733242034912,1789809490.292481,0
train/actor/ratio,81,1.0027198791503906,1789810380.0994244,0
train/actor/ratio,82,0.9982243776321411,1789811260.4607193,0
train/actor/ratio,83,0.997226357460022,1789812153.2422628,0
train/actor/ratio,84,1.006727933883667,1789813033.9459252,0
train/actor/ratio,85,0.9995803833007812,1789814312.205943,0
train/actor/ratio,86,0.9973217248916626,1789815198.4770842,0
train/actor/ratio,87,0.9982178211212158,1789816092.0815718,0
train/actor/ratio,88,0.9945648908615112,1789816977.7840884,0
train/actor/ratio,89,1.0042368173599243,1789817875.812186,0
train/actor/ratio,90,1.0117404460906982,1789819258.6140988,0
train/actor/ratio,91,1.0167248249053955,1789820165.058561,0
train/actor/ratio,92,0.9997310638427734,1789821060.8199368,0
train/actor/ratio,93,0.9926794171333313,1789821959.3855934,0
train/actor/ratio,94,1.0071420669555664,1789822844.5030074,0
train/actor/ratio,95,1.0015764236450195,1789824159.9608417,0
train/actor/ratio,96,0.9903650283813477,1789825054.5689805,0
train/actor/ratio,97,1.0099859237670898,1789825948.539516,0
train/actor/ratio,98,1.0010780096054077,1789826861.0136583,0
train/actor/ratio,99,1.0046708583831787,1789827745.578761,0
train/actor/ratio,100,1.0003972053527832,1789829118.2365296,0
train/actor/ratio,101,1.003369688987732,1789830009.832516,0
train/actor/ratio,102,0.999527096748352,1789830915.9260042,0
train/actor/ratio,103,0.9952670931816101,1789831806.6386795,0
train/actor/ratio,104,1.0053439140319824,1789832718.9992673,0
train/actor/ratio,105,1.0051953792572021,1789834041.4831452,0
train/actor/ratio,106,1.0113177299499512,1789834981.8547575,0
train/actor/ratio,107,0.9992151260375977,1789835868.4325476,0
train/actor/ratio,108,0.9942981004714966,1789836735.708654,0
train/actor/ratio,109,1.015606164932251,1789837618.1309643,0
train/actor/ratio,110,0.9968256950378418,1789838967.5055366,0
train/actor/ratio,111,1.0049258470535278,1789839873.948275,0
train/actor/ratio,112,0.9977849125862122,1789840774.8572385,0
train/actor/ratio,113,0.9995578527450562,1789841662.7344346,0
train/actor/ratio,114,1.0039691925048828,1789842563.6544833,0
train/actor/ratio,115,0.9943429231643677,1789843890.6744463,0
train/actor/ratio,116,1.0110321044921875,1789844788.2118459,0
train/actor/ratio,117,1.0003812313079834,1789845696.537572,0
train/actor/ratio,118,1.0024038553237915,1789846589.41655,0
train/actor/ratio,119,1.0009326934814453,1789847480.2854698,0
train/actor/ratio,120,0.9969584941864014,1789848833.6255722,0
train/actor/ratio,121,0.995719313621521,1789849726.869985,0
train/actor/ratio,122,0.9967007637023926,1789850608.2759078,0
train/actor/ratio,123,0.9958858489990234,1789851504.252981,0
train/actor/ratio,124,0.9971454739570618,1789852381.7229848,0
train/actor/ratio,125,1.0112559795379639,1789853698.2235475,0
train/actor/ratio,126,1.0029855966567993,1789854595.6984951,0
train/actor/ratio,127,1.0038213729858398,1789855482.7769635,0
train/actor/ratio,128,1.0074667930603027,1789856378.0279977,0
train/actor/ratio,129,1.003832221031189,1789857265.1454682,0
train/actor/ratio,130,0.9960188865661621,1789858604.4954615,0
train/actor/ratio,131,1.0008903741836548,1789859500.9619722,0
train/actor/ratio,132,1.0020562410354614,1789860405.5623052,0
train/actor/ratio,133,1.0169954299926758,1789861321.6395848,0
train/actor/ratio,134,1.0037561655044556,1789862242.7017336,0
train/actor/ratio,135,0.9907562136650085,1789863585.6603198,0
train/actor/ratio,136,1.0120673179626465,1789864520.2158139,0
train/actor/ratio,137,1.0014203786849976,1789865419.9354496,0
train/actor/ratio,138,0.9965503215789795,1789866317.893497,0
train/actor/ratio,139,1.0141401290893555,1789867224.1463864,0
train/actor/ratio,140,1.000274419784546,1789868619.8084016,0
train/actor/ratio,141,0.9927739500999451,1789869518.1878877,0
train/actor/ratio,142,0.9967561960220337,1789870408.9077704,0
train/actor/ratio,143,1.015436053276062,1789871324.2472358,0
train/actor/ratio,144,1.000198245048523,1789872217.261478,0
train/actor/ratio,145,1.0149033069610596,1789873546.0754962,0
train/actor/ratio,146,1.0016510486602783,1789874462.5785222,0
train/actor/ratio,147,0.9983043074607849,1789875356.5908952,0
train/actor/ratio,148,1.012420654296875,1789876285.7076313,0
train/actor/ratio_abs,1,0.12792399525642395,1789735381.1789217,0
train/actor/ratio_abs,2,0.17397531867027283,1789736158.3130121,0
train/actor/ratio_abs,3,0.0726449191570282,1789736932.3649354,0
train/actor/ratio_abs,4,0.04783687740564346,1789737712.3846564,0
train/actor/ratio_abs,5,0.08811570703983307,1789738848.0630255,0
train/actor/ratio_abs,6,0.07872159034013748,1789739665.696627,0
train/actor/ratio_abs,7,0.036975909024477005,1789740462.6903422,0
train/actor/ratio_abs,8,0.060228198766708374,1789741284.297568,0
train/actor/ratio_abs,9,0.03985564038157463,1789742089.6715057,0
train/actor/ratio_abs,10,0.0818367749452591,1789743347.8808315,0
train/actor/ratio_abs,11,0.05312076210975647,1789744207.2100966,0
train/actor/ratio_abs,12,0.06706573814153671,1789745056.1838272,0
train/actor/ratio_abs,13,0.044357188045978546,1789745898.4749088,0
train/actor/ratio_abs,14,0.0340319387614727,1789746730.2788725,0
train/actor/ratio_abs,15,0.08660408854484558,1789747942.372395,0
train/actor/ratio_abs,16,0.05138954520225525,1789748774.9774065,0
train/actor/ratio_abs,17,0.0352335125207901,1789749617.7084475,0
train/actor/ratio_abs,18,0.058465730398893356,1789750438.1765075,0
train/actor/ratio_abs,19,0.058204129338264465,1789751264.4243603,0
train/actor/ratio_abs,20,0.06588222086429596,1789752529.3245838,0
train/actor/ratio_abs,21,0.0475945845246315,1789753344.5364058,0
train/actor/ratio_abs,22,0.08041159808635712,1789754176.8149316,0
train/actor/ratio_abs,23,0.041395239531993866,1789755010.2266417,0
train/actor/ratio_abs,24,0.03948652744293213,1789755859.706059,0
train/actor/ratio_abs,25,0.031753454357385635,1789757090.5716503,0
train/actor/ratio_abs,26,0.04126772657036781,1789757960.9329972,0
train/actor/ratio_abs,27,0.04706113412976265,1789758804.3887153,0
train/actor/ratio_abs,28,0.0789877325296402,1789759671.6437426,0
train/actor/ratio_abs,29,0.06920740008354187,1789760512.3561072,0
train/actor/ratio_abs,30,0.09627443552017212,1789761821.0393739,0
train/actor/ratio_abs,31,0.0992596447467804,1789762701.7592247,0
train/actor/ratio_abs,32,0.03204254433512688,1789763583.5882716,0
train/actor/ratio_abs,33,0.05179207772016525,1789764439.5968263,0
train/actor/ratio_abs,34,0.025555342435836792,1789765303.1608453,0
train/actor/ratio_abs,35,0.05132612586021423,1789766576.8602817,0
train/actor/ratio_abs,36,0.07274316251277924,1789767456.9462419,0
train/actor/ratio_abs,37,0.047069255262613297,1789768311.1017334,0
train/actor/ratio_abs,38,0.046001557260751724,1789769149.8323424,0
train/actor/ratio_abs,39,0.03996451944112778,1789770004.5249426,0
train/actor/ratio_abs,40,0.04432138055562973,1789771319.4140291,0
train/actor/ratio_abs,41,0.01877632737159729,1789772195.2361631,0
train/actor/ratio_abs,42,0.05110126733779907,1789773056.1760747,0
train/actor/ratio_abs,43,0.04234016686677933,1789773912.5959032,0
train/actor/ratio_abs,44,0.03700990602374077,1789774779.967772,0
train/actor/ratio_abs,45,0.03878568112850189,1789776009.4544542,0
train/actor/ratio_abs,46,0.07858403027057648,1789776858.1652434,0
train/actor/ratio_abs,47,0.06554365158081055,1789777727.604583,0
train/actor/ratio_abs,48,0.061780720949172974,1789778587.573539,0
train/actor/ratio_abs,49,0.10505757480859756,1789779450.0547402,0
train/actor/ratio_abs,50,0.07526128739118576,1789780757.7276115,0
train/actor/ratio_abs,51,0.06458822637796402,1789781598.4318085,0
train/actor/ratio_abs,52,0.06529516726732254,1789782457.9991977,0
train/actor/ratio_abs,53,0.03712231665849686,1789783335.696324,0
train/actor/ratio_abs,54,0.06688182801008224,1789784199.8612335,0
train/actor/ratio_abs,55,0.12431517243385315,1789785454.840971,0
train/actor/ratio_abs,56,0.0708019882440567,1789786349.06372,0
train/actor/ratio_abs,57,0.09100908786058426,1789787220.0630887,0
train/actor/ratio_abs,58,0.04095251113176346,1789788098.7096121,0
train/actor/ratio_abs,59,0.067366823554039,1789788982.3464293,0
train/actor/ratio_abs,60,0.045655734837055206,1789790306.3598025,0
train/actor/ratio_abs,61,0.031309451907873154,1789791172.760875,0
train/actor/ratio_abs,62,0.1095077320933342,1789792032.8228977,0
train/actor/ratio_abs,63,0.04277712106704712,1789792890.8283145,0
train/actor/ratio_abs,64,0.037256695330142975,1789793764.9394727,0
train/actor/ratio_abs,65,0.044312022626399994,1789795027.815186,0
train/actor/ratio_abs,66,0.0913991779088974,1789795901.7059515,0
train/actor/ratio_abs,67,0.07696490734815598,1789796782.473693,0
train/actor/ratio_abs,68,0.05816499888896942,1789797666.492417,0
train/actor/ratio_abs,69,0.07261914014816284,1789798529.021727,0
train/actor/ratio_abs,70,0.041352465748786926,1789799875.547918,0
train/actor/ratio_abs,71,0.0940479189157486,1789800740.3211215,0
train/actor/ratio_abs,72,0.09394077956676483,1789801632.6724803,0
train/actor/ratio_abs,73,0.05684103071689606,1789802511.2901676,0
train/actor/ratio_abs,74,0.0580790638923645,1789803399.5236168,0
train/actor/ratio_abs,75,0.036180246621370316,1789804709.1161966,0
train/actor/ratio_abs,76,0.04714035242795944,1789805572.017096,0
train/actor/ratio_abs,77,0.05999213457107544,1789806438.0802243,0
train/actor/ratio_abs,78,0.09214451164007187,1789807311.891437,0
train/actor/ratio_abs,79,0.039885520935058594,1789808161.6147149,0
train/actor/ratio_abs,80,0.08979744464159012,1789809490.2927487,0
train/actor/ratio_abs,81,0.046945810317993164,1789810380.0994332,0
train/actor/ratio_abs,82,0.08500536531209946,1789811260.460726,0
train/actor/ratio_abs,83,0.06860479712486267,1789812153.2422693,0
train/actor/ratio_abs,84,0.052099935710430145,1789813033.9459314,0
train/actor/ratio_abs,85,0.05302064120769501,1789814312.206182,0
train/actor/ratio_abs,86,0.0719899833202362,1789815198.4770901,0
train/actor/ratio_abs,87,0.057744525372982025,1789816092.0815814,0
train/actor/ratio_abs,88,0.04050309583544731,1789816977.784094,0
train/actor/ratio_abs,89,0.07937799394130707,1789817875.8121927,0
train/actor/ratio_abs,90,0.07818280160427094,1789819258.614262,0
train/actor/ratio_abs,91,0.08456467092037201,1789820165.0585678,0
train/actor/ratio_abs,92,0.06433239579200745,1789821060.819943,0
train/actor/ratio_abs,93,0.04744245857000351,1789821959.385599,0
train/actor/ratio_abs,94,0.061565905809402466,1789822844.503014,0
train/actor/ratio_abs,95,0.05523400008678436,1789824159.9610016,0
train/actor/ratio_abs,96,0.06024400144815445,1789825054.5689867,0
train/actor/ratio_abs,97,0.06324649602174759,1789825948.5395224,0
train/actor/ratio_abs,98,0.052851926535367966,1789826861.0136683,0
train/actor/ratio_abs,99,0.05423692986369133,1789827745.5787678,0
train/actor/ratio_abs,100,0.062289588153362274,1789829118.2366915,0
train/actor/ratio_abs,101,0.07474216818809509,1789830009.8325217,0
train/actor/ratio_abs,102,0.0445990115404129,1789830915.9260132,0
train/actor/ratio_abs,103,0.042229749262332916,1789831806.6386862,0
train/actor/ratio_abs,104,0.06198534369468689,1789832718.9992733,0
train/actor/ratio_abs,105,0.07802816480398178,1789834041.4833393,0
train/actor/ratio_abs,106,0.07889200747013092,1789834981.8547657,0
train/actor/ratio_abs,107,0.025450032204389572,1789835868.432554,0
train/actor/ratio_abs,108,0.04225122556090355,1789836735.7086627,0
train/actor/ratio_abs,109,0.07475947588682175,1789837618.13097,0
train/actor/ratio_abs,110,0.04965131729841232,1789838967.505704,0
train/actor/ratio_abs,111,0.0740543007850647,1789839873.9482813,0
train/actor/ratio_abs,112,0.047846972942352295,1789840774.857245,0
train/actor/ratio_abs,113,0.04682847857475281,1789841662.7344408,0
train/actor/ratio_abs,114,0.05907588452100754,1789842563.6544895,0
train/actor/ratio_abs,115,0.07487493008375168,1789843890.674627,0
train/actor/ratio_abs,116,0.09758208692073822,1789844788.2118523,0
train/actor/ratio_abs,117,0.034346118569374084,1789845696.5375783,0
train/actor/ratio_abs,118,0.03626123070716858,1789846589.4165564,0
train/actor/ratio_abs,119,0.057873111218214035,1789847480.2854762,0
train/actor/ratio_abs,120,0.12046681344509125,1789848833.6257331,0
train/actor/ratio_abs,121,0.043828513473272324,1789849726.869991,0
train/actor/ratio_abs,122,0.039105623960494995,1789850608.2759168,0
train/actor/ratio_abs,123,0.0444217212498188,1789851504.2529871,0
train/actor/ratio_abs,124,0.03432074934244156,1789852381.722991,0
train/actor/ratio_abs,125,0.09791451692581177,1789853698.223715,0
train/actor/ratio_abs,126,0.09210267663002014,1789854595.6985013,0
train/actor/ratio_abs,127,0.04273730143904686,1789855482.7769697,0
train/actor/ratio_abs,128,0.06449119001626968,1789856378.028004,0
train/actor/ratio_abs,129,0.04982426017522812,1789857265.1454751,0
train/actor/ratio_abs,130,0.07007236033678055,1789858604.4956317,0
train/actor/ratio_abs,131,0.04974718391895294,1789859500.9619799,0
train/actor/ratio_abs,132,0.07267968356609344,1789860405.5623114,0
train/actor/ratio_abs,133,0.10957364737987518,1789861321.6395912,0
train/actor/ratio_abs,134,0.05777330696582794,1789862242.7017436,0
train/actor/ratio_abs,135,0.05050966143608093,1789863585.6604817,0
train/actor/ratio_abs,136,0.07415029406547546,1789864520.2158203,0
train/actor/ratio_abs,137,0.07223406434059143,1789865419.9354556,0
train/actor/ratio_abs,138,0.05224171653389931,1789866317.8935032,0
train/actor/ratio_abs,139,0.12846632301807404,1789867224.1463923,0
train/actor/ratio_abs,140,0.023101620376110077,1789868619.80857,0
train/actor/ratio_abs,141,0.050966933369636536,1789869518.1878943,0
train/actor/ratio_abs,142,0.0979418009519577,1789870408.9077764,0
train/actor/ratio_abs,143,0.08707647025585175,1789871324.2472417,0
train/actor/ratio_abs,144,0.03615657240152359,1789872217.2614844,0
train/actor/ratio_abs,145,0.05427274480462074,1789873546.0756664,0
train/actor/ratio_abs,146,0.04810177534818649,1789874462.5785294,0
train/actor/ratio_abs,147,0.059837229549884796,1789875356.5909054,0
train/actor/ratio_abs,148,0.10204095393419266,1789876285.7076373,0
train/actor/total_loss,1,-0.0014160186983644962,1789735381.1789281,0
train/actor/total_loss,2,-0.00015032623196020722,1789736158.313019,0
train/actor/total_loss,3,-0.0007940079085528851,1789736932.3649416,0
train/actor/total_loss,4,-0.0005397829227149487,1789737712.3846629,0
train/actor/total_loss,5,-3.9023223507683724e-05,1789738848.0630322,0
train/actor/total_loss,6,0.0003469708899501711,1789739665.6966333,0
train/actor/total_loss,7,-0.0004128466243855655,1789740462.6903484,0
train/actor/total_loss,8,-1.0345291229896247e-05,1789741284.2975743,0
train/actor/total_loss,9,5.159315333003178e-05,1789742089.671512,0
train/actor/total_loss,10,0.00035431364085525274,1789743347.8808382,0
train/actor/total_loss,11,-4.318781429901719e-05,1789744207.210103,0
train/actor/total_loss,12,0.0007331309607252479,1789745056.1838338,0
train/actor/total_loss,13,-0.0004528316203504801,1789745898.4749148,0
train/actor/total_loss,14,-0.0006756247603334486,1789746730.2788787,0
train/actor/total_loss,15,0.0007905238308012486,1789747942.3724017,0
train/actor/total_loss,16,0.00014807397383265197,1789748774.9774127,0
train/actor/total_loss,17,-0.00021011206263210624,1789749617.7084534,0
train/actor/total_loss,18,-0.0005373817402869463,1789750438.1765134,0
train/actor/total_loss,19,-0.0004796567081939429,1789751264.4243665,0
train/actor/total_loss,20,0.00021693673625122756,1789752529.32459,0
train/actor/total_loss,21,5.044236604589969e-05,1789753344.5364122,0
train/actor/total_loss,22,0.001084442832507193,1789754176.814938,0
train/actor/total_loss,23,-0.0003533452400006354,1789755010.2266479,0
train/actor/total_loss,24,-0.0006423771264962852,1789755859.7060652,0
train/actor/total_loss,25,-0.0006592086283490062,1789757090.571657,0
train/actor/total_loss,26,-0.0006296004867181182,1789757960.9330032,0
train/actor/total_loss,27,-7.464602094842121e-05,1789758804.3887234,0
train/actor/total_loss,28,0.0007011371199041605,1789759671.643748,0
train/actor/total_loss,29,0.0007375802961178124,1789760512.3561134,0
train/actor/total_loss,30,0.0007831555558368564,1789761821.0393813,0
train/actor/total_loss,31,0.0007827690569683909,1789762701.7592306,0
train/actor/total_loss,32,-0.0002852944890037179,1789763583.5882778,0
train/actor/total_loss,33,0.0002924600848928094,1789764439.5968325,0
train/actor/total_loss,34,-0.0007353083929046988,1789765303.1608517,0
train/actor/total_loss,35,0.00013408483937382698,1789766576.8602886,0
train/actor/total_loss,36,0.0002682345802895725,1789767456.946248,0
train/actor/total_loss,37,0.00014708512753713876,1789768311.1017401,0
train/actor/total_loss,38,-0.0005105085438117385,1789769149.8323486,0
train/actor/total_loss,39,-0.000367013766663149,1789770004.5249488,0
train/actor/total_loss,40,-0.00037345191230997443,1789771319.414036,0
train/actor/total_loss,41,-0.0003521619364619255,1789772195.2361696,0
train/actor/total_loss,42,-0.00074753537774086,1789773056.176081,0
train/actor/total_loss,43,0.000152022170368582,1789773912.5959096,0
train/actor/total_loss,44,-0.00011217908468097448,1789774779.9677792,0
train/actor/total_loss,45,0.0001822862250264734,1789776009.4544609,0
train/actor/total_loss,46,0.0005484464345499873,1789776858.1652496,0
train/actor/total_loss,47,-0.00010762977763079107,1789777727.604589,0
train/actor/total_loss,48,-0.0003436214756220579,1789778587.573548,0
train/actor/total_loss,49,0.00017269281670451164,1789779450.0547464,0
train/actor/total_loss,50,0.001106530660763383,1789780757.7276185,0
train/actor/total_loss,51,-4.208768950775266e-05,1789781598.4318147,0
train/actor/total_loss,52,0.0006774567300453782,1789782457.9992037,0
train/actor/total_loss,53,-0.00020171402138657868,1789783335.6963308,0
train/actor/total_loss,54,0.00034120099735446274,1789784199.86124,0
train/actor/total_loss,55,0.0014628682984039187,1789785454.8409777,0
train/actor/total_loss,56,-0.0001754156401148066,1789786349.0645363,0
train/actor/total_loss,57,0.0012604300864040852,1789787220.0630953,0
train/actor/total_loss,58,0.0003414248931221664,1789788098.7096188,0
train/actor/total_loss,59,-0.00018699627253226936,1789788982.3464386,0
train/actor/total_loss,60,-0.0007865988882258534,1789790306.359809,0
train/actor/total_loss,61,-0.0004016545135527849,1789791172.760885,0
train/actor/total_loss,62,0.001228052075020969,1789792032.8229039,0
train/actor/total_loss,63,-0.000313752971123904,1789792890.8283207,0
train/actor/total_loss,64,-0.0008914568461477757,1789793764.9394789,0
train/actor/total_loss,65,-0.00011911358160432428,1789795027.8151925,0
train/actor/total_loss,66,0.0006551490514539182,1789795901.7059581,0
train/actor/total_loss,67,0.00026983636780641973,1789796782.4736993,0
train/actor/total_loss,68,-0.00016836720169521868,1789797666.4924235,0
train/actor/total_loss,69,0.0004930360009893775,1789798529.0217328,0
train/actor/total_loss,70,-0.0003996021405328065,1789799875.5479252,0
train/actor/total_loss,71,-3.40019614668563e-05,1789800740.3211277,0
train/actor/total_loss,72,0.0007474622689187527,1789801632.6724892,0
train/actor/total_loss,73,0.00028222057153470814,1789802511.2901735,0
train/actor/total_loss,74,0.0007157791405916214,1789803399.5236232,0
train/actor/total_loss,75,-0.0002772831649053842,1789804709.1162035,0
train/actor/total_loss,76,-0.0007857416057959199,1789805572.0171022,0
train/actor/total_loss,77,-0.0005910614272579551,1789806438.0802305,0
train/actor/total_loss,78,3.955711144953966e-05,1789807311.891443,0
train/actor/total_loss,79,-0.0002413902839180082,1789808161.6147213,0
train/actor/total_loss,80,7.129432924557477e-05,1789809490.2927566,0
train/actor/total_loss,81,-7.603448466397822e-05,1789810380.0994425,0
train/actor/total_loss,82,0.0007926366524770856,1789811260.4607322,0
train/actor/total_loss,83,0.0014033487532287836,1789812153.2422755,0
train/actor/total_loss,84,-0.00030581949977204204,1789813033.9459376,0
train/actor/total_loss,85,-5.6438475439790636e-05,1789814312.2061994,0
train/actor/total_loss,86,4.9808062613010406e-05,1789815198.4770966,0
train/actor/total_loss,87,-0.00035381229827180505,1789816092.0815904,0
train/actor/total_loss,88,-0.0005285973311401904,1789816977.7841003,0
train/actor/total_loss,89,-0.00010755498078651726,1789817875.812199,0
train/actor/total_loss,90,-0.00039804226253181696,1789819258.6142688,0
train/actor/total_loss,91,0.0005446739378385246,1789820165.058574,0
train/actor/total_loss,92,0.0006485441699624062,1789821060.8199492,0
train/actor/total_loss,93,-0.00037960230838507414,1789821959.3856053,0
train/actor/total_loss,94,7.157145591918379e-05,1789822844.5030203,0
train/actor/total_loss,95,0.0005849791341461241,1789824159.9610085,0
train/actor/total_loss,96,9.850658534560353e-05,1789825054.568993,0
train/actor/total_loss,97,0.000149128187331371,1789825948.5395286,0
train/actor/total_loss,98,0.0007351969252340496,1789826861.0136778,0
train/actor/total_loss,99,-7.269646448548883e-05,1789827745.5787745,0
train/actor/total_loss,100,0.0006035597762092948,1789829118.2366982,0
train/actor/total_loss,101,0.00016986271657515317,1789830009.8325279,0
train/actor/total_loss,102,0.00010814424604177475,1789830915.9260223,0
train/actor/total_loss,103,-0.000263922440353781,1789831806.6386921,0
train/actor/total_loss,104,-0.00011371799337211996,1789832718.9992802,0
train/actor/total_loss,105,0.000679653137922287,1789834041.4833472,0
train/actor/total_loss,106,0.00043300181278027594,1789834981.8547738,0
train/actor/total_loss,107,-0.0006451712688431144,1789835868.4325604,0
train/actor/total_loss,108,-0.00019086909014731646,1789836735.7086713,0
train/actor/total_loss,109,0.0005575136747211218,1789837618.1309764,0
train/actor/total_loss,110,-0.00025935209123417735,1789838967.5057108,0
train/actor/total_loss,111,0.0004284315509721637,1789839873.9482872,0
train/actor/total_loss,112,-0.0005490286275744438,1789840774.8572516,0
train/actor/total_loss,113,-0.00013986883277539164,1789841662.734447,0
train/actor/total_loss,114,0.0004022863577120006,1789842563.6544955,0
train/actor/total_loss,115,0.0005129704950377345,1789843890.6746345,0
train/actor/total_loss,116,0.0010240103583782911,1789844788.2118585,0
train/actor/total_loss,117,-0.00040933291893452406,1789845696.5375848,0
train/actor/total_loss,118,-0.0003002802550327033,1789846589.416562,0
train/actor/total_loss,119,0.0001323448377661407,1789847480.2854826,0
train/actor/total_loss,120,0.001477089594118297,1789848833.6257396,0
train/actor/total_loss,121,-0.00029540108516812325,1789849726.869997,0
train/actor/total_loss,122,-0.0003320618416182697,1789850608.2759264,0
train/actor/total_loss,123,-0.00014195605763234198,1789851504.2529936,0
train/actor/total_loss,124,-0.00047257659025490284,1789852381.7229972,0
train/actor/total_loss,125,0.0014336477033793926,1789853698.223722,0
train/actor/total_loss,126,0.0014043576084077358,1789854595.6985176,0
train/actor/total_loss,127,-4.070338763995096e-05,1789855482.7769759,0
train/actor/total_loss,128,-1.3525292160920799e-05,1789856378.02801,0
train/actor/total_loss,129,-0.00013781993766315281,1789857265.1454816,0
train/actor/total_loss,130,0.0015215747989714146,1789858604.4956381,0
train/actor/total_loss,131,5.223487096372992e-05,1789859500.9619863,0
train/actor/total_loss,132,0.0006538226152770221,1789860405.5623178,0
train/actor/total_loss,133,0.0009112367988564074,1789861321.6395977,0
train/actor/total_loss,134,-0.00018337409710511565,1789862242.7017536,0
train/actor/total_loss,135,0.0004391487454995513,1789863585.6604886,0
train/actor/total_loss,136,0.0006215389003045857,1789864520.2158265,0
train/actor/total_loss,137,0.0004227150639053434,1789865419.9354613,0
train/actor/total_loss,138,8.109076588880271e-05,1789866317.8935096,0
train/actor/total_loss,139,0.0036339261569082737,1789867224.1463983,0
train/actor/total_loss,140,-0.0004893792211078107,1789868619.8085766,0
train/actor/total_loss,141,1.005479134619236e-05,1789869518.1879003,0
train/actor/total_loss,142,0.0014121814165264368,1789870408.907782,0
train/actor/total_loss,143,-0.00017717872106004506,1789871324.2472477,0
train/actor/total_loss,144,-0.0004280137945897877,1789872217.2614903,0
train/actor/total_loss,145,0.0008432104368694127,1789873546.0756729,0
train/actor/total_loss,146,-8.473297930322587e-05,1789874462.5785353,0
train/actor/total_loss,147,-5.952637002337724e-05,1789875356.5909147,0
train/actor/total_loss,148,0.0013282978907227516,1789876285.7076435,0
train/actor/dvac_weight_ess_fraction,1,0.9905906319618225,1789735381.178934,0
train/actor/dvac_weight_ess_fraction,2,0.9911032915115356,1789736158.3130252,0
train/actor/dvac_weight_ess_fraction,3,0.989767849445343,1789736932.364948,0
train/actor/dvac_weight_ess_fraction,4,0.9898746013641357,1789737712.384669,0
train/actor/dvac_weight_ess_fraction,5,0.9875766038894653,1789738848.063039,0
train/actor/dvac_weight_ess_fraction,6,0.9903083443641663,1789739665.6966395,0
train/actor/dvac_weight_ess_fraction,7,0.9887914657592773,1789740462.6903543,0
train/actor/dvac_weight_ess_fraction,8,0.9891331791877747,1789741284.2975805,0
train/actor/dvac_weight_ess_fraction,9,0.9882651567459106,1789742089.6715183,0
train/actor/dvac_weight_ess_fraction,10,0.9895227551460266,1789743347.8808446,0
train/actor/dvac_weight_ess_fraction,11,0.9892177581787109,1789744207.2101095,0
train/actor/dvac_weight_ess_fraction,12,0.9885269403457642,1789745056.18384,0
train/actor/dvac_weight_ess_fraction,13,0.9879307746887207,1789745898.474921,0
train/actor/dvac_weight_ess_fraction,14,0.9894518256187439,1789746730.2788846,0
train/actor/dvac_weight_ess_fraction,15,0.991768479347229,1789747942.3724086,0
train/actor/dvac_weight_ess_fraction,16,0.989507257938385,1789748774.9774182,0
train/actor/dvac_weight_ess_fraction,17,0.9896944761276245,1789749617.7084596,0
train/actor/dvac_weight_ess_fraction,18,0.9887087941169739,1789750438.1765196,0
train/actor/dvac_weight_ess_fraction,19,0.9899807572364807,1789751264.4243727,0
train/actor/dvac_weight_ess_fraction,20,0.9920637011528015,1789752529.324597,0
train/actor/dvac_weight_ess_fraction,21,0.9902284145355225,1789753344.5364182,0
train/actor/dvac_weight_ess_fraction,22,0.9897645711898804,1789754176.8149443,0
train/actor/dvac_weight_ess_fraction,23,0.9887039065361023,1789755010.226654,0
train/actor/dvac_weight_ess_fraction,24,0.9904119372367859,1789755859.7060719,0
train/actor/dvac_weight_ess_fraction,25,0.9897807836532593,1789757090.5716639,0
train/actor/dvac_weight_ess_fraction,26,0.9883225560188293,1789757960.9330096,0
train/actor/dvac_weight_ess_fraction,27,0.9892082810401917,1789758804.38873,0
train/actor/dvac_weight_ess_fraction,28,0.9894065260887146,1789759671.643755,0
train/actor/dvac_weight_ess_fraction,29,0.9892919659614563,1789760512.3561199,0
train/actor/dvac_weight_ess_fraction,30,0.988235354423523,1789761821.0393884,0
train/actor/dvac_weight_ess_fraction,31,0.9894270896911621,1789762701.7592366,0
train/actor/dvac_weight_ess_fraction,32,0.989496648311615,1789763583.5882845,0
train/actor/dvac_weight_ess_fraction,33,0.989428699016571,1789764439.5968385,0
train/actor/dvac_weight_ess_fraction,34,0.9885386824607849,1789765303.160858,0
train/actor/dvac_weight_ess_fraction,35,0.9891664385795593,1789766576.860296,0
train/actor/dvac_weight_ess_fraction,36,0.9883719086647034,1789767456.946254,0
train/actor/dvac_weight_ess_fraction,37,0.9893621802330017,1789768311.1017468,0
train/actor/dvac_weight_ess_fraction,38,0.9883916974067688,1789769149.8323555,0
train/actor/dvac_weight_ess_fraction,39,0.9881963133811951,1789770004.524955,0
train/actor/dvac_weight_ess_fraction,40,0.9879298210144043,1789771319.4140425,0
train/actor/dvac_weight_ess_fraction,41,0.9896634221076965,1789772195.2361755,0
train/actor/dvac_weight_ess_fraction,42,0.9900345206260681,1789773056.1760874,0
train/actor/dvac_weight_ess_fraction,43,0.9898096323013306,1789773912.5959158,0
train/actor/dvac_weight_ess_fraction,44,0.9906410574913025,1789774779.967786,0
train/actor/dvac_weight_ess_fraction,45,0.9889432191848755,1789776009.4544675,0
train/actor/dvac_weight_ess_fraction,46,0.9880535006523132,1789776858.1652563,0
train/actor/dvac_weight_ess_fraction,47,0.9896025061607361,1789777727.6045954,0
train/actor/dvac_weight_ess_fraction,48,0.9880980849266052,1789778587.5735576,0
train/actor/dvac_weight_ess_fraction,49,0.9885439276695251,1789779450.0547523,0
train/actor/dvac_weight_ess_fraction,50,0.9907584190368652,1789780757.7276254,0
train/actor/dvac_weight_ess_fraction,51,0.9893255233764648,1789781598.431821,0
train/actor/dvac_weight_ess_fraction,52,0.9882936477661133,1789782457.9992106,0
train/actor/dvac_weight_ess_fraction,53,0.987245500087738,1789783335.6963372,0
train/actor/dvac_weight_ess_fraction,54,0.9895913004875183,1789784199.8612459,0
train/actor/dvac_weight_ess_fraction,55,0.9892394542694092,1789785454.8409843,0
train/actor/dvac_weight_ess_fraction,56,0.98969966173172,1789786349.0645883,0
train/actor/dvac_weight_ess_fraction,57,0.986666738986969,1789787220.0631018,0
train/actor/dvac_weight_ess_fraction,58,0.9874514937400818,1789788098.709625,0
train/actor/dvac_weight_ess_fraction,59,0.9893226027488708,1789788982.3464484,0
train/actor/dvac_weight_ess_fraction,60,0.9888156652450562,1789790306.3598156,0
train/actor/dvac_weight_ess_fraction,61,0.9883652925491333,1789791172.7608926,0
train/actor/dvac_weight_ess_fraction,62,0.9908416271209717,1789792032.8229103,0
train/actor/dvac_weight_ess_fraction,63,0.987722635269165,1789792890.8283277,0
train/actor/dvac_weight_ess_fraction,64,0.9887142777442932,1789793764.9394846,0
train/actor/dvac_weight_ess_fraction,65,0.9888083338737488,1789795027.815199,0
train/actor/dvac_weight_ess_fraction,66,0.9892186522483826,1789795901.705965,0
train/actor/dvac_weight_ess_fraction,67,0.9907958507537842,1789796782.4737055,0
train/actor/dvac_weight_ess_fraction,68,0.9893386363983154,1789797666.49243,0
train/actor/dvac_weight_ess_fraction,69,0.9898271560668945,1789798529.0217392,0
train/actor/dvac_weight_ess_fraction,70,0.9898887276649475,1789799875.547932,0
train/actor/dvac_weight_ess_fraction,71,0.9898167848587036,1789800740.3211339,0
train/actor/dvac_weight_ess_fraction,72,0.9892895817756653,1789801632.672496,0
train/actor/dvac_weight_ess_fraction,73,0.9866902828216553,1789802511.2901795,0
train/actor/dvac_weight_ess_fraction,74,0.9895937442779541,1789803399.5236304,0
train/actor/dvac_weight_ess_fraction,75,0.986883819103241,1789804709.1162097,0
train/actor/dvac_weight_ess_fraction,76,0.9868255257606506,1789805572.0171084,0
train/actor/dvac_weight_ess_fraction,77,0.987272322177887,1789806438.0802372,0
train/actor/dvac_weight_ess_fraction,78,0.9904995560646057,1789807311.8914487,0
train/actor/dvac_weight_ess_fraction,79,0.9898678064346313,1789808161.6147273,0
train/actor/dvac_weight_ess_fraction,80,0.9896854162216187,1789809490.292763,0
train/actor/dvac_weight_ess_fraction,81,0.9890058040618896,1789810380.0994527,0
train/actor/dvac_weight_ess_fraction,82,0.9900338053703308,1789811260.4607387,0
train/actor/dvac_weight_ess_fraction,83,0.9895089864730835,1789812153.2422822,0
train/actor/dvac_weight_ess_fraction,84,0.9885588884353638,1789813033.9459443,0
train/actor/dvac_weight_ess_fraction,85,0.989547610282898,1789814312.2062082,0
train/actor/dvac_weight_ess_fraction,86,0.9882056713104248,1789815198.4771025,0
train/actor/dvac_weight_ess_fraction,87,0.9880822896957397,1789816092.0816002,0
train/actor/dvac_weight_ess_fraction,88,0.9895859360694885,1789816977.784107,0
train/actor/dvac_weight_ess_fraction,89,0.9869488477706909,1789817875.8122058,0
train/actor/dvac_weight_ess_fraction,90,0.9877973198890686,1789819258.6142757,0
train/actor/dvac_weight_ess_fraction,91,0.9894411563873291,1789820165.0585802,0
train/actor/dvac_weight_ess_fraction,92,0.9886560440063477,1789821060.8199558,0
train/actor/dvac_weight_ess_fraction,93,0.9895421266555786,1789821959.3856115,0
train/actor/dvac_weight_ess_fraction,94,0.9903229475021362,1789822844.5030262,0
train/actor/dvac_weight_ess_fraction,95,0.9869436025619507,1789824159.961015,0
train/actor/dvac_weight_ess_fraction,96,0.9896782636642456,1789825054.568999,0
train/actor/dvac_weight_ess_fraction,97,0.9884976148605347,1789825948.539535,0
train/actor/dvac_weight_ess_fraction,98,0.987967312335968,1789826861.013687,0
train/actor/dvac_weight_ess_fraction,99,0.9878818988800049,1789827745.5787807,0
train/actor/dvac_weight_ess_fraction,100,0.9882815480232239,1789829118.2367043,0
train/actor/dvac_weight_ess_fraction,101,0.9870749115943909,1789830009.832534,0
train/actor/dvac_weight_ess_fraction,102,0.9900217652320862,1789830915.9260318,0
train/actor/dvac_weight_ess_fraction,103,0.9890941977500916,1789831806.6386986,0
train/actor/dvac_weight_ess_fraction,104,0.987826406955719,1789832718.9992862,0
train/actor/dvac_weight_ess_fraction,105,0.9904667735099792,1789834041.4833546,0
train/actor/dvac_weight_ess_fraction,106,0.9897566437721252,1789834981.854782,0
train/actor/dvac_weight_ess_fraction,107,0.9877980351448059,1789835868.432567,0
train/actor/dvac_weight_ess_fraction,108,0.9875302314758301,1789836735.708681,0
train/actor/dvac_weight_ess_fraction,109,0.9892489910125732,1789837618.1309836,0
train/actor/dvac_weight_ess_fraction,110,0.9890566468238831,1789838967.505717,0
train/actor/dvac_weight_ess_fraction,111,0.9874106049537659,1789839873.9482934,0
train/actor/dvac_weight_ess_fraction,112,0.9898082613945007,1789840774.8572574,0
train/actor/dvac_weight_ess_fraction,113,0.9869979619979858,1789841662.7344532,0
train/actor/dvac_weight_ess_fraction,114,0.9873107671737671,1789842563.6545017,0
train/actor/dvac_weight_ess_fraction,115,0.9878864288330078,1789843890.674641,0
train/actor/dvac_weight_ess_fraction,116,0.9893989562988281,1789844788.211865,0
train/actor/dvac_weight_ess_fraction,117,0.9872681498527527,1789845696.5375917,0
train/actor/dvac_weight_ess_fraction,118,0.9863004684448242,1789846589.4165683,0
train/actor/dvac_weight_ess_fraction,119,0.98969966173172,1789847480.2854886,0
train/actor/dvac_weight_ess_fraction,120,0.9885311126708984,1789848833.625746,0
train/actor/dvac_weight_ess_fraction,121,0.9868840575218201,1789849726.8700032,0
train/actor/dvac_weight_ess_fraction,122,0.9889802932739258,1789850608.275936,0
train/actor/dvac_weight_ess_fraction,123,0.9873514771461487,1789851504.2530003,0
train/actor/dvac_weight_ess_fraction,124,0.9876156449317932,1789852381.7230036,0
train/actor/dvac_weight_ess_fraction,125,0.9866847395896912,1789853698.2237287,0
train/actor/dvac_weight_ess_fraction,126,0.9889926314353943,1789854595.698524,0
train/actor/dvac_weight_ess_fraction,127,0.9879580140113831,1789855482.7769823,0
train/actor/dvac_weight_ess_fraction,128,0.9886981844902039,1789856378.028016,0
train/actor/dvac_weight_ess_fraction,129,0.9878047704696655,1789857265.145488,0
train/actor/dvac_weight_ess_fraction,130,0.9878393411636353,1789858604.4956443,0
train/actor/dvac_weight_ess_fraction,131,0.989594578742981,1789859500.9619932,0
train/actor/dvac_weight_ess_fraction,132,0.9891613125801086,1789860405.5623238,0
train/actor/dvac_weight_ess_fraction,133,0.9893811941146851,1789861321.6396036,0
train/actor/dvac_weight_ess_fraction,134,0.9888954162597656,1789862242.701763,0
train/actor/dvac_weight_ess_fraction,135,0.987944483757019,1789863585.6604948,0
train/actor/dvac_weight_ess_fraction,136,0.9900938868522644,1789864520.2158322,0
train/actor/dvac_weight_ess_fraction,137,0.987726628780365,1789865419.9354677,0
train/actor/dvac_weight_ess_fraction,138,0.9874651432037354,1789866317.8935158,0
train/actor/dvac_weight_ess_fraction,139,0.9863846898078918,1789867224.1464043,0
train/actor/dvac_weight_ess_fraction,140,0.9895898699760437,1789868619.8085833,0
train/actor/dvac_weight_ess_fraction,141,0.9888027310371399,1789869518.1879067,0
train/actor/dvac_weight_ess_fraction,142,0.9884496927261353,1789870408.9077888,0
train/actor/dvac_weight_ess_fraction,143,0.9884693026542664,1789871324.2472544,0
train/actor/dvac_weight_ess_fraction,144,0.9894278645515442,1789872217.2614968,0
train/actor/dvac_weight_ess_fraction,145,0.9904612898826599,1789873546.0756795,0
train/actor/dvac_weight_ess_fraction,146,0.9869088530540466,1789874462.5785418,0
train/actor/dvac_weight_ess_fraction,147,0.9884415864944458,1789875356.5909255,0
train/actor/dvac_weight_ess_fraction,148,0.9889062643051147,1789876285.7076495,0
eval/episode_len,5,200.0,1789738848.0473006,0
eval/episode_len,10,200.0,1789743288.1703167,0
eval/episode_len,15,200.0,1789747942.3571358,0
eval/episode_len,20,200.0,1789752467.9546888,0
eval/episode_len,25,200.0,1789757090.556557,0
eval/episode_len,30,200.0,1789761768.0765693,0
eval/episode_len,35,200.0,1789766576.8432293,0
eval/episode_len,40,200.0,1789771259.1144123,0
eval/episode_len,45,200.0,1789776009.4375253,0
eval/episode_len,50,200.0,1789780705.8526387,0
eval/episode_len,55,200.0,1789785454.8246994,0
eval/episode_len,60,200.0,1789790244.2263763,0
eval/episode_len,65,200.0,1789795027.8003538,0
eval/episode_len,70,200.0,1789799813.9654343,0
eval/episode_len,75,200.0,1789804709.1005466,0
eval/episode_len,80,200.0,1789809425.8268666,0
eval/episode_len,85,200.0,1789814312.1900215,0
eval/episode_len,90,200.0,1789819190.172726,0
eval/episode_len,95,200.0,1789824159.9433625,0
eval/episode_len,100,200.0,1789829055.934415,0
eval/episode_len,105,200.0,1789834041.4548361,0
eval/episode_len,110,200.0,1789838904.9465861,0
eval/episode_len,115,200.0,1789843890.6605499,0
eval/episode_len,120,200.0,1789848772.503354,0
eval/episode_len,125,200.0,1789853698.2079163,0
eval/episode_len,130,200.0,1789858537.9593732,0
eval/episode_len,135,200.0,1789863585.641366,0
eval/episode_len,140,200.0,1789868555.304836,0
eval/episode_len,145,200.0,1789873546.0585778,0
eval/reward,5,0.0017187499906867743,1789738848.047362,0
eval/reward,10,0.002031249925494194,1789743288.170381,0
eval/reward,15,0.0017187498742714524,1789747942.3572009,0
eval/reward,20,0.0015624999068677425,1789752467.9547482,0
eval/reward,25,0.0018749998416751623,1789757090.5566173,0
eval/reward,30,0.0024999999441206455,1789761768.076641,0
eval/reward,35,0.002031249925494194,1789766576.8432913,0
eval/reward,40,0.002031249925494194,1789771259.1144917,0
eval/reward,45,0.0021875000093132257,1789776009.43756,0
eval/reward,50,0.002343749860301614,1789780705.8527036,0
eval/reward,55,0.0026562500279396772,1789785454.8247676,0
eval/reward,60,0.0024999999441206455,1789790244.2264414,0
eval/reward,65,0.002187499776482582,1789795027.8004124,0
eval/reward,70,0.0026562497951090336,1789799813.9655097,0
eval/reward,75,0.0026562497951090336,1789804709.1006093,0
eval/reward,80,0.002031249925494194,1789809425.8269286,0
eval/reward,85,0.0015624999068677425,1789814312.190076,0
eval/reward,90,0.0024999999441206455,1789819190.1727612,0
eval/reward,95,0.0026562497951090336,1789824159.9434307,0
eval/reward,100,0.0026562497951090336,1789829055.934479,0
eval/reward,105,0.0024999999441206455,1789834041.454912,0
eval/reward,110,0.0023437500931322575,1789838904.9466448,0
eval/reward,115,0.0026562497951090336,1789843890.6605997,0
eval/reward,120,0.0029687497299164534,1789848772.5034244,0
eval/reward,125,0.0029687501955777407,1789853698.2079859,0
eval/reward,130,0.0024999999441206455,1789858537.9594371,0
eval/reward,135,0.002343749860301614,1789863585.6414287,0
eval/reward,140,0.0028124996460974216,1789868555.3048813,0
eval/reward,145,0.0024999999441206455,1789873546.0586274,0
eval/success_once,5,0.34375,1789738848.0473723,0
eval/success_once,10,0.40625,1789743288.170391,0
eval/success_once,15,0.34375,1789747942.3572106,0
eval/success_once,20,0.3125,1789752467.9547582,0
eval/success_once,25,0.375,1789757090.5566275,0
eval/success_once,30,0.5,1789761768.076652,0
eval/success_once,35,0.40625,1789766576.8433018,0
eval/success_once,40,0.40625,1789771259.1145055,0
eval/success_once,45,0.4375,1789776009.4375691,0
eval/success_once,50,0.46875,1789780705.8527148,0
eval/success_once,55,0.53125,1789785454.8247774,0
eval/success_once,60,0.5,1789790244.2264514,0
eval/success_once,65,0.4375,1789795027.8004222,0
eval/success_once,70,0.53125,1789799813.9655197,0
eval/success_once,75,0.53125,1789804709.1006193,0
eval/success_once,80,0.40625,1789809425.8269386,0
eval/success_once,85,0.3125,1789814312.1900866,0
eval/success_once,90,0.5,1789819190.17277,0
eval/success_once,95,0.53125,1789824159.9434438,0
eval/success_once,100,0.53125,1789829055.9344902,0
eval/success_once,105,0.5,1789834041.4549236,0
eval/success_once,110,0.46875,1789838904.9466546,0
eval/success_once,115,0.53125,1789843890.6606095,0
eval/success_once,120,0.59375,1789848772.503435,0
eval/success_once,125,0.59375,1789853698.207996,0
eval/success_once,130,0.5,1789858537.9594479,0
eval/success_once,135,0.46875,1789863585.6414394,0
eval/success_once,140,0.5625,1789868555.3048935,0
eval/success_once,145,0.5,1789873546.0586376,0
eval/return,5,0.34375,1789738848.0473795,0
eval/return,10,0.40625,1789743288.1703987,0
eval/return,15,0.34375,1789747942.3572176,0
eval/return,20,0.3125,1789752467.9547653,0
eval/return,25,0.375,1789757090.5566342,0
eval/return,30,0.5,1789761768.0766597,0
eval/return,35,0.40625,1789766576.8433087,0
eval/return,40,0.40625,1789771259.114525,0
eval/return,45,0.4375,1789776009.4375753,0
eval/return,50,0.46875,1789780705.8527217,0
eval/return,55,0.53125,1789785454.824784,0
eval/return,60,0.5,1789790244.2264588,0
eval/return,65,0.4375,1789795027.8004293,0
eval/return,70,0.53125,1789799813.9655268,0
eval/return,75,0.53125,1789804709.100627,0
eval/return,80,0.40625,1789809425.8269453,0
eval/return,85,0.3125,1789814312.1900935,0
eval/return,90,0.5,1789819190.1727767,0
eval/return,95,0.53125,1789824159.9434521,0
eval/return,100,0.53125,1789829055.9344983,0
eval/return,105,0.5,1789834041.454931,0
eval/return,110,0.46875,1789838904.9466617,0
eval/return,115,0.53125,1789843890.6606166,0
eval/return,120,0.59375,1789848772.5034416,0
eval/return,125,0.59375,1789853698.2080023,0
eval/return,130,0.5,1789858537.9594555,0
eval/return,135,0.46875,1789863585.641447,0
eval/return,140,0.5625,1789868555.304903,0
eval/return,145,0.5,1789873546.058645,0
eval/success_at_end,5,0.34375,1789738848.0473857,0
eval/success_at_end,10,0.40625,1789743288.170406,0
eval/success_at_end,15,0.34375,1789747942.357224,0
eval/success_at_end,20,0.3125,1789752467.9547718,0
eval/success_at_end,25,0.375,1789757090.5566401,0
eval/success_at_end,30,0.5,1789761768.0766666,0
eval/success_at_end,35,0.40625,1789766576.8433151,0
eval/success_at_end,40,0.40625,1789771259.1145344,0
eval/success_at_end,45,0.4375,1789776009.4375813,0
eval/success_at_end,50,0.46875,1789780705.852728,0
eval/success_at_end,55,0.53125,1789785454.8247905,0
eval/success_at_end,60,0.5,1789790244.2264652,0
eval/success_at_end,65,0.4375,1789795027.800437,0
eval/success_at_end,70,0.53125,1789799813.965533,0
eval/success_at_end,75,0.53125,1789804709.1006336,0
eval/success_at_end,80,0.40625,1789809425.8269513,0
eval/success_at_end,85,0.3125,1789814312.1900997,0
eval/success_at_end,90,0.5,1789819190.1727827,0
eval/success_at_end,95,0.53125,1789824159.9434586,0
eval/success_at_end,100,0.53125,1789829055.9345047,0
eval/success_at_end,105,0.5,1789834041.4549384,0
eval/success_at_end,110,0.46875,1789838904.9466674,0
eval/success_at_end,115,0.53125,1789843890.6606233,0
eval/success_at_end,120,0.59375,1789848772.5034482,0
eval/success_at_end,125,0.59375,1789853698.2080083,0
eval/success_at_end,130,0.5,1789858537.9594624,0
eval/success_at_end,135,0.46875,1789863585.641454,0
eval/success_at_end,140,0.5625,1789868555.304912,0
eval/success_at_end,145,0.5,1789873546.0586512,0
eval/num_trajectories,5,32.0,1789738848.0474346,0
eval/num_trajectories,10,32.0,1789743288.170469,0
eval/num_trajectories,15,32.0,1789747942.357273,0
eval/num_trajectories,20,32.0,1789752467.954821,0
eval/num_trajectories,25,32.0,1789757090.5566876,0
eval/num_trajectories,30,32.0,1789761768.0767186,0
eval/num_trajectories,35,32.0,1789766576.843371,0
eval/num_trajectories,40,32.0,1789771259.1145988,0
eval/num_trajectories,45,32.0,1789776009.437618,0
eval/num_trajectories,50,32.0,1789780705.852777,0
eval/num_trajectories,55,32.0,1789785454.8248389,0
eval/num_trajectories,60,32.0,1789790244.226531,0
eval/num_trajectories,65,32.0,1789795027.8004904,0
eval/num_trajectories,70,32.0,1789799813.9655993,0
eval/num_trajectories,75,32.0,1789804709.1006787,0
eval/num_trajectories,80,32.0,1789809425.8270013,0
eval/num_trajectories,85,32.0,1789814312.1901624,0
eval/num_trajectories,90,32.0,1789819190.1728232,0
eval/num_trajectories,95,32.0,1789824159.9434998,0
eval/num_trajectories,100,32.0,1789829055.9345744,0
eval/num_trajectories,105,32.0,1789834041.4550192,0
eval/num_trajectories,110,32.0,1789838904.9467158,0
eval/num_trajectories,115,32.0,1789843890.6606593,0
eval/num_trajectories,120,32.0,1789848772.5035164,0
eval/num_trajectories,125,32.0,1789853698.2080717,0
eval/num_trajectories,130,32.0,1789858537.9595125,0
eval/num_trajectories,135,32.0,1789863585.6414983,0
eval/num_trajectories,140,32.0,1789868555.3049479,0
eval/num_trajectories,145,32.0,1789873546.058684,0
time/eval,5,358.8941650390625,1789738848.06198,0
time/eval,10,375.9651184082031,1789743347.879905,0
time/eval,15,376.0509338378906,1789747942.3712473,0
time/eval,20,389.29608154296875,1789752529.3236833,0
time/eval,25,379.4942626953125,1789757090.570749,0
time/eval,30,395.44451904296875,1789761821.038368,0
time/eval,35,405.183349609375,1789766576.8593705,0
time/eval,40,396.1293640136719,1789771319.4128902,0
time/eval,45,393.55291748046875,1789776009.453549,0
time/eval,50,393.9526672363281,1789780757.72668,0
time/eval,55,385.42218017578125,1789785454.8400643,0
time/eval,60,391.222412109375,1789790306.3589013,0
time/eval,65,391.4419860839844,1789795027.8142676,0
time/eval,70,407.254638671875,1789799875.5470066,0
time/eval,75,413.029296875,1789804709.1152947,0
time/eval,80,404.09698486328125,1789809490.291425,0
time/eval,85,396.5710144042969,1789814312.2052014,0
time/eval,90,429.5188903808594,1789819258.6133566,0
time/eval,95,429.8469543457031,1789824159.9595132,0
time/eval,100,416.4398193359375,1789829118.2357848,0
time/eval,105,414.8026428222656,1789834041.4822643,0
time/eval,110,421.77789306640625,1789838967.5048,0
time/eval,115,430.00146484375,1789843890.6737092,0
time/eval,120,410.9612731933594,1789848833.6248307,0
time/eval,125,398.57379150390625,1789853698.2227998,0
time/eval,130,403.6464538574219,1789858604.4947178,0
time/eval,135,415.1725158691406,1789863585.659591,0
time/eval,140,418.33575439453125,1789868619.807657,0
time/eval,145,426.0586853027344,1789873546.0747554,0
time/env/evaluate,5,353.3431091308594,1789738848.062215,0
time/env/evaluate,10,370.3766174316406,1789743347.8801358,0
time/env/evaluate,15,370.34393310546875,1789747942.3715475,0
time/env/evaluate,20,383.781494140625,1789752529.3239105,0
time/env/evaluate,25,374.08807373046875,1789757090.570973,0
time/env/evaluate,30,389.40130615234375,1789761821.0385995,0
time/env/evaluate,35,399.5740051269531,1789766576.8595896,0
time/env/evaluate,40,390.0711364746094,1789771319.4131112,0
time/env/evaluate,45,380.94195556640625,1789776009.4537668,0
time/env/evaluate,50,388.6559143066406,1789780757.7269218,0
time/env/evaluate,55,379.85113525390625,1789785454.8402894,0
time/env/evaluate,60,385.94598388671875,1789790306.3591213,0
time/env/evaluate,65,386.0451965332031,1789795027.81449,0
time/env/evaluate,70,401.7969665527344,1789799875.5472262,0
time/env/evaluate,75,407.6745300292969,1789804709.115511,0
time/env/evaluate,80,398.8045349121094,1789809490.29175,0
time/env/evaluate,85,391.04248046875,1789814312.2054274,0
time/env/evaluate,90,424.2943115234375,1789819258.6135757,0
time/env/evaluate,95,424.24468994140625,1789824159.9603276,0
time/env/evaluate,100,410.7270812988281,1789829118.2360091,0
time/env/evaluate,105,409.3489990234375,1789834041.4825282,0
time/env/evaluate,110,416.0970458984375,1789838967.5050228,0
time/env/evaluate,115,424.71826171875,1789843890.6739256,0
time/env/evaluate,120,405.5723876953125,1789848833.6250486,0
time/env/evaluate,125,392.7863464355469,1789853698.2230167,0
time/env/evaluate,130,398.3471984863281,1789858604.4949372,0
time/env/evaluate,135,409.72906494140625,1789863585.6598096,0
time/env/evaluate,140,412.5869445800781,1789868619.80788,0
time/env/evaluate,145,420.7355651855469,1789873546.0749743,0
time/rollout/evaluate,5,192.59268188476562,1789738848.0622482,0
time/rollout/evaluate,10,198.84500122070312,1789743347.880169,0
time/rollout/evaluate,15,205.3872528076172,1789747942.371594,0
time/rollout/evaluate,20,208.5069580078125,1789752529.323943,0
time/rollout/evaluate,25,206.00784301757812,1789757090.571006,0
time/rollout/evaluate,30,210.5570831298828,1789761821.038633,0
time/rollout/evaluate,35,213.95278930664062,1789766576.859623,0
time/rollout/evaluate,40,208.1300048828125,1789771319.4131458,0
time/rollout/evaluate,45,195.2034454345703,1789776009.4538,0
time/rollout/evaluate,50,210.81488037109375,1789780757.726957,0
time/rollout/evaluate,55,210.66180419921875,1789785454.8403227,0
time/rollout/evaluate,60,212.13632202148438,1789790306.3591554,0
time/rollout/evaluate,65,190.16732788085938,1789795027.8145385,0
time/rollout/evaluate,70,208.2886199951172,1789799875.5472584,0
time/rollout/evaluate,75,217.0823974609375,1789804709.1155434,0
time/rollout/evaluate,80,208.56040954589844,1789809490.2917829,0
time/rollout/evaluate,85,210.1334228515625,1789814312.205461,0
time/rollout/evaluate,90,224.1403350830078,1789819258.613609,0
time/rollout/evaluate,95,220.88612365722656,1789824159.9603617,0
time/rollout/evaluate,100,213.69296264648438,1789829118.236043,0
time/rollout/evaluate,105,213.68870544433594,1789834041.482566,0
time/rollout/evaluate,110,215.65809631347656,1789838967.5050554,0
time/rollout/evaluate,115,218.68833923339844,1789843890.6739595,0
time/rollout/evaluate,120,217.3971710205078,1789848833.6250813,0
time/rollout/evaluate,125,215.57345581054688,1789853698.2230496,0
time/rollout/evaluate,130,213.63507080078125,1789858604.4949696,0
time/rollout/evaluate,135,222.96107482910156,1789863585.659844,0
time/rollout/evaluate,140,218.10755920410156,1789868619.8079135,0
time/rollout/evaluate,145,224.53182983398438,1789873546.0750058,0
