tag,round,value,wall_time
env/return,1,0.25,1790050397.4244998
env/return,2,0.5,1790050661.3431585
env/return,3,0.75,1790050923.1886768
env/return,4,0.5,1790051184.0575387
env/return,5,0.75,1790051717.8028522
env/return,6,0.25,1790051977.7477584
env/return,7,0.25,1790052240.2974763
env/return,8,0.0,1790052502.1956692
env/return,9,0.5,1790052763.3202226
env/return,10,0.5,1790053293.0925758
env/return,11,0.75,1790053552.291596
env/return,12,0.5,1790053812.6204164
env/return,13,0.75,1790054073.6129158
env/return,14,0.75,1790054335.6300318
env/return,15,0.5,1790054878.9051986
env/return,16,0.75,1790055137.8459525
env/return,17,0.5,1790055400.1581473
env/return,18,0.75,1790055662.6700757
env/return,19,0.5,1790055926.1031206
env/return,20,0.75,1790056466.530436
env/return,21,0.5,1790056728.0234275
env/return,22,0.0,1790056990.8826334
env/return,23,0.0,1790057254.828865
env/return,24,0.75,1790057516.083969
env/return,25,0.5,1790058061.4686754
env/return,26,0.5,1790058321.6942623
env/return,27,0.25,1790058582.893557
env/return,28,0.5,1790058845.5562325
env/return,29,0.75,1790059107.2447512
env/return,30,0.5,1790059649.8701215
env/return,31,0.25,1790059909.1708498
env/return,32,0.5,1790060169.90246
env/return,33,0.25,1790060432.3494017
env/return,34,0.75,1790060694.9384108
env/return,35,0.75,1790061231.173722
env/return,36,0.5,1790061491.3050237
env/return,37,0.25,1790061753.133552
env/return,38,0.5,1790062014.839866
env/return,39,0.5,1790062277.5213819
env/return,40,0.25,1790062816.1884506
env/return,41,1.0,1790063076.4198828
env/return,42,0.75,1790063338.2959282
env/return,43,0.5,1790063599.8752422
env/return,44,0.75,1790063859.6376722
env/return,45,0.75,1790064396.7969203
env/return,46,0.25,1790064656.5821455
env/return,47,0.5,1790064918.624924
env/return,48,0.25,1790065180.8835082
env/return,49,0.5,1790065442.9608395
env/return,50,0.0,1790066007.9047801
env/return,51,0.25,1790066267.2554228
env/return,52,0.75,1790066528.6551025
env/return,53,1.0,1790066788.5472724
env/return,54,0.75,1790067049.5088532
env/return,55,0.5,1790067586.9214165
env/return,56,0.5,1790067846.4137135
env/return,57,0.5,1790068107.1497903
env/return,58,0.25,1790068369.718996
env/return,59,1.0,1790068630.8099008
env/return,60,0.5,1790069169.7878513
env/return,61,0.75,1790069427.9237585
env/return,62,0.25,1790069690.428451
env/return,63,0.5,1790069952.131028
env/return,64,0.25,1790070213.7671676
env/return,65,0.5,1790070746.2341516
env/return,66,0.25,1790071007.841447
env/return,67,1.0,1790071270.2283356
env/return,68,0.5,1790071532.2608552
env/return,69,1.0,1790071793.8367584
env/return,70,0.5,1790072332.047802
env/return,71,0.5,1790072591.3835151
env/return,72,1.0,1790072852.88845
env/return,73,0.75,1790073115.2634552
env/return,74,0.75,1790073376.6933568
env/return,75,0.25,1790073911.371008
env/return,76,0.75,1790074170.4324849
env/return,77,0.75,1790074431.6993787
env/return,78,0.5,1790074695.068498
env/return,79,0.75,1790074956.4438708
env/return,80,0.25,1790075490.3586195
env/return,81,0.5,1790075748.8691313
env/return,82,0.5,1790076009.1580758
env/return,83,0.5,1790076270.8476655
env/return,84,0.75,1790076532.6540487
env/return,85,0.25,1790077067.6539645
env/return,86,0.5,1790077327.4142559
env/return,87,0.75,1790077588.3360994
env/return,88,0.25,1790077850.409861
env/return,89,0.25,1790078112.4856586
env/return,90,1.0,1790078647.4212286
env/return,91,1.0,1790078907.556359
env/return,92,0.5,1790079170.7553833
env/return,93,0.75,1790079433.1270137
env/return,94,0.75,1790079695.747755
env/return,95,0.0,1790080233.574621
env/return,96,0.5,1790080493.141808
env/return,97,0.75,1790080753.9772627
env/return,98,0.75,1790081015.0506046
env/return,99,0.75,1790081276.7127683
env/return,100,0.25,1790081837.234014
env/return,101,0.25,1790082096.517077
env/return,102,0.5,1790082357.6709008
env/return,103,0.75,1790082618.9596798
env/return,104,1.0,1790082879.7616775
env/return,105,0.75,1790083411.6597366
env/return,106,0.75,1790083671.548858
env/return,107,0.25,1790083934.589961
env/return,108,0.5,1790084197.464811
env/return,109,0.5,1790084457.8947537
env/return,110,0.5,1790084994.1091459
env/return,111,0.25,1790085254.3601143
env/return,112,0.5,1790085516.5877385
env/return,113,1.0,1790085777.7671335
env/return,114,0.75,1790086038.6405153
env/return,115,0.5,1790086566.655017
env/return,116,0.5,1790086825.1293876
env/return,117,0.5,1790087085.7750776
env/return,118,0.75,1790087345.9336247
env/return,119,0.75,1790087606.38763
env/return,120,0.75,1790088139.8905284
env/return,121,0.25,1790088400.9524546
env/return,122,0.5,1790088661.5049982
env/return,123,1.0,1790088921.1221695
env/return,124,0.5,1790089182.204148
env/return,125,0.75,1790089710.8949974
env/return,126,0.75,1790089971.1494327
env/return,127,0.5,1790090233.2186828
env/return,128,0.75,1790090493.9159513
env/return,129,0.25,1790090755.5900278
env/return,130,0.75,1790091286.317418
env/return,131,0.75,1790091544.6295333
env/return,132,1.0,1790091805.9182007
env/return,133,0.5,1790092067.1821318
env/return,134,0.25,1790092330.8525932
env/return,135,0.75,1790092862.9231076
env/return,136,0.5,1790093121.3560097
env/return,137,0.25,1790093381.9735177
env/reward,1,0.0012499999720603228,1790050397.4245598
env/reward,2,0.0024999999441206455,1790050661.3432074
env/reward,3,0.0037499999161809683,1790050923.1887999
env/reward,4,0.0024999999441206455,1790051184.057593
env/reward,5,0.0037499999161809683,1790051717.8028717
env/reward,6,0.0012499999720603228,1790051977.7478228
env/reward,7,0.0012499999720603228,1790052240.297536
env/reward,8,0.0,1790052502.1957304
env/reward,9,0.0024999999441206455,1790052763.320286
env/reward,10,0.0024999999441206455,1790053293.0926154
env/reward,11,0.0037499999161809683,1790053552.2916458
env/reward,12,0.0024999999441206455,1790053812.6204731
env/reward,13,0.0037499999161809683,1790054073.6129813
env/reward,14,0.0037499999161809683,1790054335.6300812
env/reward,15,0.0024999999441206455,1790054878.9052255
env/reward,16,0.0037499999161809683,1790055137.8460062
env/reward,17,0.0024999999441206455,1790055400.158206
env/reward,18,0.0037499999161809683,1790055662.6701305
env/reward,19,0.0024999999441206455,1790055926.1031787
env/reward,20,0.0037499999161809683,1790056466.530475
env/reward,21,0.0024999999441206455,1790056728.0234783
env/reward,22,0.0,1790056990.8826807
env/reward,23,0.0,1790057254.8289335
env/reward,24,0.0037499999161809683,1790057516.0840209
env/reward,25,0.0024999999441206455,1790058061.4687393
env/reward,26,0.0024999999441206455,1790058321.6943161
env/reward,27,0.0012499999720603228,1790058582.8936203
env/reward,28,0.0024999999441206455,1790058845.556299
env/reward,29,0.0037499999161809683,1790059107.2447913
env/reward,30,0.0024999999441206455,1790059649.8701394
env/reward,31,0.0012499999720603228,1790059909.1709015
env/reward,32,0.0024999999441206455,1790060169.9025145
env/reward,33,0.0012499999720603228,1790060432.3494627
env/reward,34,0.0037499999161809683,1790060694.9384696
env/reward,35,0.0037499999161809683,1790061231.173745
env/reward,36,0.0024999999441206455,1790061491.3050878
env/reward,37,0.0012499999720603228,1790061753.1336102
env/reward,38,0.0024999999441206455,1790062014.8399217
env/reward,39,0.0024999999441206455,1790062277.5214343
env/reward,40,0.0012499999720603228,1790062816.1884742
env/reward,41,0.004999999888241291,1790063076.4199321
env/reward,42,0.0037499999161809683,1790063338.2959774
env/reward,43,0.0024999999441206455,1790063599.875306
env/reward,44,0.0037499999161809683,1790063859.637722
env/reward,45,0.0037499999161809683,1790064396.7969465
env/reward,46,0.0012499999720603228,1790064656.5822637
env/reward,47,0.0024999999441206455,1790064918.6249743
env/reward,48,0.0012499999720603228,1790065180.8835537
env/reward,49,0.0024999999441206455,1790065442.9609017
env/reward,50,0.0,1790066007.9048064
env/reward,51,0.0012499999720603228,1790066267.255501
env/reward,52,0.0037499999161809683,1790066528.6551547
env/reward,53,0.004999999888241291,1790066788.547332
env/reward,54,0.0037499999161809683,1790067049.5089083
env/reward,55,0.0024999999441206455,1790067586.9214518
env/reward,56,0.0024999999441206455,1790067846.4137442
env/reward,57,0.0024999999441206455,1790068107.1498346
env/reward,58,0.0012499999720603228,1790068369.7190504
env/reward,59,0.004999999888241291,1790068630.8099685
env/reward,60,0.0024999999441206455,1790069169.7878838
env/reward,61,0.0037499999161809683,1790069427.9238348
env/reward,62,0.0012499999720603228,1790069690.4285085
env/reward,63,0.0024999999441206455,1790069952.1310625
env/reward,64,0.0012499999720603228,1790070213.7672222
env/reward,65,0.0024999999441206455,1790070746.2341783
env/reward,66,0.0012499999720603228,1790071007.8415043
env/reward,67,0.004999999888241291,1790071270.228387
env/reward,68,0.0024999999441206455,1790071532.2609084
env/reward,69,0.004999999888241291,1790071793.8368156
env/reward,70,0.0024999999441206455,1790072332.0478346
env/reward,71,0.0024999999441206455,1790072591.3835628
env/reward,72,0.004999999888241291,1790072852.8885074
env/reward,73,0.0037499999161809683,1790073115.2635014
env/reward,74,0.0037499999161809683,1790073376.6934104
env/reward,75,0.0012499999720603228,1790073911.3710353
env/reward,76,0.0037499999161809683,1790074170.432518
env/reward,77,0.0037499999161809683,1790074431.6994348
env/reward,78,0.0024999999441206455,1790074695.0685546
env/reward,79,0.0037499999161809683,1790074956.4439263
env/reward,80,0.0012499999720603228,1790075490.3586373
env/reward,81,0.0024999999441206455,1790075748.8691642
env/reward,82,0.0024999999441206455,1790076009.1581385
env/reward,83,0.0024999999441206455,1790076270.8477159
env/reward,84,0.0037499999161809683,1790076532.6541054
env/reward,85,0.0012499999720603228,1790077067.6539872
env/reward,86,0.0024999999441206455,1790077327.4143145
env/reward,87,0.0037499999161809683,1790077588.3361554
env/reward,88,0.0012499999720603228,1790077850.409915
env/reward,89,0.0012499999720603228,1790078112.4857123
env/reward,90,0.004999999888241291,1790078647.4212549
env/reward,91,0.004999999888241291,1790078907.5564036
env/reward,92,0.0024999999441206455,1790079170.7554467
env/reward,93,0.0037499999161809683,1790079433.1270838
env/reward,94,0.0037499999161809683,1790079695.7478125
env/reward,95,0.0,1790080233.5746477
env/reward,96,0.0024999999441206455,1790080493.1418633
env/reward,97,0.0037499999161809683,1790080753.9773126
env/reward,98,0.0037499999161809683,1790081015.050658
env/reward,99,0.0037499999161809683,1790081276.7128136
env/reward,100,0.0012499999720603228,1790081837.2340407
env/reward,101,0.0012499999720603228,1790082096.51713
env/reward,102,0.0024999999441206455,1790082357.6709645
env/reward,103,0.0037499999161809683,1790082618.9597542
env/reward,104,0.004999999888241291,1790082879.7617297
env/reward,105,0.0037499999161809683,1790083411.659763
env/reward,106,0.0037499999161809683,1790083671.5489097
env/reward,107,0.0012499999720603228,1790083934.5900204
env/reward,108,0.0024999999441206455,1790084197.4648716
env/reward,109,0.0024999999441206455,1790084457.8948157
env/reward,110,0.0024999999441206455,1790084994.10917
env/reward,111,0.0012499999720603228,1790085254.3601663
env/reward,112,0.0024999999441206455,1790085516.58781
env/reward,113,0.004999999888241291,1790085777.7671914
env/reward,114,0.0037499999161809683,1790086038.64057
env/reward,115,0.0024999999441206455,1790086566.6550398
env/reward,116,0.0024999999441206455,1790086825.1294355
env/reward,117,0.0024999999441206455,1790087085.7751157
env/reward,118,0.0037499999161809683,1790087345.933677
env/reward,119,0.0037499999161809683,1790087606.3876848
env/reward,120,0.0037499999161809683,1790088139.8905518
env/reward,121,0.0012499999720603228,1790088400.952505
env/reward,122,0.0024999999441206455,1790088661.505027
env/reward,123,0.004999999888241291,1790088921.1222248
env/reward,124,0.0024999999441206455,1790089182.2041802
env/reward,125,0.0037499999161809683,1790089710.8950217
env/reward,126,0.0037499999161809683,1790089971.14949
env/reward,127,0.0024999999441206455,1790090233.2187376
env/reward,128,0.0037499999161809683,1790090493.9160044
env/reward,129,0.0012499999720603228,1790090755.590078
env/reward,130,0.0037499999161809683,1790091286.317443
env/reward,131,0.0037499999161809683,1790091544.6295912
env/reward,132,0.004999999888241291,1790091805.918261
env/reward,133,0.0024999999441206455,1790092067.182186
env/reward,134,0.0012499999720603228,1790092330.8526654
env/reward,135,0.0037499999161809683,1790092862.9231396
env/reward,136,0.0024999999441206455,1790093121.3560452
env/reward,137,0.0012499999720603228,1790093381.9735932
env/success_once,1,0.25,1790050397.424571
env/success_once,2,0.5,1790050661.3432167
env/success_once,3,0.75,1790050923.1888194
env/success_once,4,0.5,1790051184.0576034
env/success_once,5,0.75,1790051717.8028812
env/success_once,6,0.25,1790051977.7478318
env/success_once,7,0.25,1790052240.297545
env/success_once,8,0.0,1790052502.1957405
env/success_once,9,0.5,1790052763.320296
env/success_once,10,0.5,1790053293.0926316
env/success_once,11,0.75,1790053552.2916548
env/success_once,12,0.5,1790053812.6204815
env/success_once,13,0.75,1790054073.612992
env/success_once,14,0.75,1790054335.63009
env/success_once,15,0.5,1790054878.9052389
env/success_once,16,0.75,1790055137.8460155
env/success_once,17,0.5,1790055400.1582158
env/success_once,18,0.75,1790055662.6701396
env/success_once,19,0.5,1790055926.1031883
env/success_once,20,0.75,1790056466.5304904
env/success_once,21,0.5,1790056728.0234888
env/success_once,22,0.0,1790056990.8826897
env/success_once,23,0.0,1790057254.8289456
env/success_once,24,0.75,1790057516.0840294
env/success_once,25,0.5,1790058061.4687672
env/success_once,26,0.5,1790058321.6943252
env/success_once,27,0.25,1790058582.8936296
env/success_once,28,0.5,1790058845.5563095
env/success_once,29,0.75,1790059107.2447999
env/success_once,30,0.5,1790059649.8701475
env/success_once,31,0.25,1790059909.1709118
env/success_once,32,0.5,1790060169.902523
env/success_once,33,0.25,1790060432.3494725
env/success_once,34,0.75,1790060694.9384823
env/success_once,35,0.75,1790061231.173755
env/success_once,36,0.5,1790061491.3050995
env/success_once,37,0.25,1790061753.1336184
env/success_once,38,0.5,1790062014.8399317
env/success_once,39,0.5,1790062277.5214436
env/success_once,40,0.25,1790062816.1884816
env/success_once,41,1.0,1790063076.419941
env/success_once,42,0.75,1790063338.2959864
env/success_once,43,0.5,1790063599.8753164
env/success_once,44,0.75,1790063859.6377304
env/success_once,45,0.75,1790064396.7969568
env/success_once,46,0.25,1790064656.582287
env/success_once,47,0.5,1790064918.624983
env/success_once,48,0.25,1790065180.8835607
env/success_once,49,0.5,1790065442.9609156
env/success_once,50,0.0,1790066007.9048154
env/success_once,51,0.25,1790066267.2555153
env/success_once,52,0.75,1790066528.6551645
env/success_once,53,1.0,1790066788.5473409
env/success_once,54,0.75,1790067049.5089169
env/success_once,55,0.5,1790067586.9214618
env/success_once,56,0.5,1790067846.4137523
env/success_once,57,0.5,1790068107.1498423
env/success_once,58,0.25,1790068369.7190592
env/success_once,59,1.0,1790068630.8099797
env/success_once,60,0.5,1790069169.787899
env/success_once,61,0.75,1790069427.923848
env/success_once,62,0.25,1790069690.4285195
env/success_once,63,0.5,1790069952.1310713
env/success_once,64,0.25,1790070213.7672315
env/success_once,65,0.5,1790070746.2341864
env/success_once,66,0.25,1790071007.8415134
env/success_once,67,1.0,1790071270.2283955
env/success_once,68,0.5,1790071532.2609172
env/success_once,69,1.0,1790071793.8368254
env/success_once,70,0.5,1790072332.047846
env/success_once,71,0.5,1790072591.3835723
env/success_once,72,1.0,1790072852.8885171
env/success_once,73,0.75,1790073115.2635088
env/success_once,74,0.75,1790073376.6934214
env/success_once,75,0.25,1790073911.3710449
env/success_once,76,0.75,1790074170.4325292
env/success_once,77,0.75,1790074431.699444
env/success_once,78,0.5,1790074695.0685644
env/success_once,79,0.75,1790074956.4439347
env/success_once,80,0.25,1790075490.3586445
env/success_once,81,0.5,1790075748.8691726
env/success_once,82,0.5,1790076009.158151
env/success_once,83,0.5,1790076270.847724
env/success_once,84,0.75,1790076532.6541142
env/success_once,85,0.25,1790077067.6539962
env/success_once,86,0.5,1790077327.4143236
env/success_once,87,0.75,1790077588.3361647
env/success_once,88,0.25,1790077850.4099236
env/success_once,89,0.25,1790078112.4857218
env/success_once,90,1.0,1790078647.4212644
env/success_once,91,1.0,1790078907.5564127
env/success_once,92,0.5,1790079170.7554576
env/success_once,93,0.75,1790079433.1270974
env/success_once,94,0.75,1790079695.7478237
env/success_once,95,0.0,1790080233.5746586
env/success_once,96,0.5,1790080493.141872
env/success_once,97,0.75,1790080753.977321
env/success_once,98,0.75,1790081015.0506666
env/success_once,99,0.75,1790081276.7128217
env/success_once,100,0.25,1790081837.2340493
env/success_once,101,0.25,1790082096.5171382
env/success_once,102,0.5,1790082357.6709745
env/success_once,103,0.75,1790082618.959767
env/success_once,104,1.0,1790082879.761739
env/success_once,105,0.75,1790083411.6597772
env/success_once,106,0.75,1790083671.5489182
env/success_once,107,0.25,1790083934.5900297
env/success_once,108,0.5,1790084197.4648817
env/success_once,109,0.5,1790084457.8948264
env/success_once,110,0.5,1790084994.109179
env/success_once,111,0.25,1790085254.3601756
env/success_once,112,0.5,1790085516.5878215
env/success_once,113,1.0,1790085777.7672021
env/success_once,114,0.75,1790086038.640578
env/success_once,115,0.5,1790086566.6550493
env/success_once,116,0.5,1790086825.1294444
env/success_once,117,0.5,1790087085.775127
env/success_once,118,0.75,1790087345.9336855
env/success_once,119,0.75,1790087606.3876934
env/success_once,120,0.75,1790088139.8905616
env/success_once,121,0.25,1790088400.9525135
env/success_once,122,0.5,1790088661.505035
env/success_once,123,1.0,1790088921.1222346
env/success_once,124,0.5,1790089182.2041893
env/success_once,125,0.75,1790089710.895031
env/success_once,126,0.75,1790089971.1494997
env/success_once,127,0.5,1790090233.2187462
env/success_once,128,0.75,1790090493.9160128
env/success_once,129,0.25,1790090755.590087
env/success_once,130,0.75,1790091286.317453
env/success_once,131,0.75,1790091544.629603
env/success_once,132,1.0,1790091805.9182715
env/success_once,133,0.5,1790092067.1821947
env/success_once,134,0.25,1790092330.8526785
env/success_once,135,0.75,1790092862.9231532
env/success_once,136,0.5,1790093121.3560538
env/success_once,137,0.25,1790093381.9736066
env/episode_len,1,200.0,1790050397.4245791
env/episode_len,2,200.0,1790050661.343223
env/episode_len,3,200.0,1790050923.1888335
env/episode_len,4,200.0,1790051184.0576103
env/episode_len,5,200.0,1790051717.8028877
env/episode_len,6,200.0,1790051977.7478385
env/episode_len,7,200.0,1790052240.2975519
env/episode_len,8,200.0,1790052502.1957476
env/episode_len,9,200.0,1790052763.3203032
env/episode_len,10,200.0,1790053293.0926435
env/episode_len,11,200.0,1790053552.291661
env/episode_len,12,200.0,1790053812.6204872
env/episode_len,13,200.0,1790054073.6129997
env/episode_len,14,200.0,1790054335.6300962
env/episode_len,15,200.0,1790054878.905247
env/episode_len,16,200.0,1790055137.846023
env/episode_len,17,200.0,1790055400.1582224
env/episode_len,18,200.0,1790055662.6701462
env/episode_len,19,200.0,1790055926.1031947
env/episode_len,20,200.0,1790056466.5305033
env/episode_len,21,200.0,1790056728.0234976
env/episode_len,22,200.0,1790056990.882696
env/episode_len,23,200.0,1790057254.8289545
env/episode_len,24,200.0,1790057516.0840364
env/episode_len,25,200.0,1790058061.4687893
env/episode_len,26,200.0,1790058321.6943321
env/episode_len,27,200.0,1790058582.893636
env/episode_len,28,200.0,1790058845.5563169
env/episode_len,29,200.0,1790059107.2448063
env/episode_len,30,200.0,1790059649.870154
env/episode_len,31,200.0,1790059909.1709204
env/episode_len,32,200.0,1790060169.9025292
env/episode_len,33,200.0,1790060432.34948
env/episode_len,34,200.0,1790060694.9384913
env/episode_len,35,200.0,1790061231.1737628
env/episode_len,36,200.0,1790061491.305108
env/episode_len,37,200.0,1790061753.1336246
env/episode_len,38,200.0,1790062014.8399394
env/episode_len,39,200.0,1790062277.5214503
env/episode_len,40,200.0,1790062816.1884868
env/episode_len,41,200.0,1790063076.4199471
env/episode_len,42,200.0,1790063338.2959926
env/episode_len,43,200.0,1790063599.8753247
env/episode_len,44,200.0,1790063859.6377368
env/episode_len,45,200.0,1790064396.7969651
env/episode_len,46,200.0,1790064656.5823019
env/episode_len,47,200.0,1790064918.6249893
env/episode_len,48,200.0,1790065180.8835657
env/episode_len,49,200.0,1790065442.9609253
env/episode_len,50,200.0,1790066007.904822
env/episode_len,51,200.0,1790066267.255525
env/episode_len,52,200.0,1790066528.6551714
env/episode_len,53,200.0,1790066788.5473473
env/episode_len,54,200.0,1790067049.508924
env/episode_len,55,200.0,1790067586.9214697
env/episode_len,56,200.0,1790067846.413759
env/episode_len,57,200.0,1790068107.1498485
env/episode_len,58,200.0,1790068369.7190654
env/episode_len,59,200.0,1790068630.8099873
env/episode_len,60,200.0,1790069169.7879112
env/episode_len,61,200.0,1790069427.923857
env/episode_len,62,200.0,1790069690.4285266
env/episode_len,63,200.0,1790069952.1310773
env/episode_len,64,200.0,1790070213.7672372
env/episode_len,65,200.0,1790070746.234193
env/episode_len,66,200.0,1790071007.8415198
env/episode_len,67,200.0,1790071270.228401
env/episode_len,68,200.0,1790071532.2609231
env/episode_len,69,200.0,1790071793.8368323
env/episode_len,70,200.0,1790072332.0478556
env/episode_len,71,200.0,1790072591.383578
env/episode_len,72,200.0,1790072852.8885238
env/episode_len,73,200.0,1790073115.2635143
env/episode_len,74,200.0,1790073376.693429
env/episode_len,75,200.0,1790073911.3710518
env/episode_len,76,200.0,1790074170.432538
env/episode_len,77,200.0,1790074431.699451
env/episode_len,78,200.0,1790074695.0685716
env/episode_len,79,200.0,1790074956.443941
env/episode_len,80,200.0,1790075490.3586502
env/episode_len,81,200.0,1790075748.8691785
env/episode_len,82,200.0,1790076009.15816
env/episode_len,83,200.0,1790076270.84773
env/episode_len,84,200.0,1790076532.6541219
env/episode_len,85,200.0,1790077067.6540046
env/episode_len,86,200.0,1790077327.41433
env/episode_len,87,200.0,1790077588.3361728
env/episode_len,88,200.0,1790077850.4099293
env/episode_len,89,200.0,1790078112.485729
env/episode_len,90,200.0,1790078647.4212737
env/episode_len,91,200.0,1790078907.5564187
env/episode_len,92,200.0,1790079170.7554648
env/episode_len,93,200.0,1790079433.1271071
env/episode_len,94,200.0,1790079695.747832
env/episode_len,95,200.0,1790080233.5746667
env/episode_len,96,200.0,1790080493.1418781
env/episode_len,97,200.0,1790080753.9773295
env/episode_len,98,200.0,1790081015.0506723
env/episode_len,99,200.0,1790081276.7128274
env/episode_len,100,200.0,1790081837.2340562
env/episode_len,101,200.0,1790082096.517146
env/episode_len,102,200.0,1790082357.6709816
env/episode_len,103,200.0,1790082618.9597764
env/episode_len,104,200.0,1790082879.761745
env/episode_len,105,200.0,1790083411.6597917
env/episode_len,106,200.0,1790083671.5489247
env/episode_len,107,200.0,1790083934.5900366
env/episode_len,108,200.0,1790084197.4648886
env/episode_len,109,200.0,1790084457.8948343
env/episode_len,110,200.0,1790084994.1091866
env/episode_len,111,200.0,1790085254.3601825
env/episode_len,112,200.0,1790085516.5878303
env/episode_len,113,200.0,1790085777.76721
env/episode_len,114,200.0,1790086038.6405842
env/episode_len,115,200.0,1790086566.6550562
env/episode_len,116,200.0,1790086825.1294506
env/episode_len,117,200.0,1790087085.7751353
env/episode_len,118,200.0,1790087345.933692
env/episode_len,119,200.0,1790087606.3877
env/episode_len,120,200.0,1790088139.8905687
env/episode_len,121,200.0,1790088400.9525197
env/episode_len,122,200.0,1790088661.505041
env/episode_len,123,200.0,1790088921.122242
env/episode_len,124,200.0,1790089182.2041962
env/episode_len,125,200.0,1790089710.895038
env/episode_len,126,200.0,1790089971.1495068
env/episode_len,127,200.0,1790090233.2187521
env/episode_len,128,200.0,1790090493.9160185
env/episode_len,129,200.0,1790090755.5900931
env/episode_len,130,200.0,1790091286.3174605
env/episode_len,131,200.0,1790091544.6296103
env/episode_len,132,200.0,1790091805.9182794
env/episode_len,133,200.0,1790092067.1822007
env/episode_len,134,200.0,1790092330.8526883
env/episode_len,135,200.0,1790092862.9231641
env/episode_len,136,200.0,1790093121.3560598
env/episode_len,137,200.0,1790093381.9736164
env/num_trajectories,1,4.0,1790050397.4245996
env/num_trajectories,2,4.0,1790050661.3432531
env/num_trajectories,3,4.0,1790050923.1888888
env/num_trajectories,4,4.0,1790051184.0576377
env/num_trajectories,5,4.0,1790051717.8029
env/num_trajectories,6,4.0,1790051977.7478664
env/num_trajectories,7,4.0,1790052240.2975802
env/num_trajectories,8,4.0,1790052502.1957746
env/num_trajectories,9,4.0,1790052763.3203297
env/num_trajectories,10,4.0,1790053293.0926678
env/num_trajectories,11,4.0,1790053552.2916877
env/num_trajectories,12,4.0,1790053812.6205149
env/num_trajectories,13,4.0,1790054073.6130311
env/num_trajectories,14,4.0,1790054335.6301224
env/num_trajectories,15,4.0,1790054878.9052632
env/num_trajectories,16,4.0,1790055137.8460507
env/num_trajectories,17,4.0,1790055400.15825
env/num_trajectories,18,4.0,1790055662.6701765
env/num_trajectories,19,4.0,1790055926.103226
env/num_trajectories,20,4.0,1790056466.5305266
env/num_trajectories,21,4.0,1790056728.0235307
env/num_trajectories,22,4.0,1790056990.8827193
env/num_trajectories,23,4.0,1790057254.8289912
env/num_trajectories,24,4.0,1790057516.08406
env/num_trajectories,25,4.0,1790058061.4688282
env/num_trajectories,26,4.0,1790058321.6943598
env/num_trajectories,27,4.0,1790058582.8936648
env/num_trajectories,28,4.0,1790058845.5563343
env/num_trajectories,29,4.0,1790059107.244833
env/num_trajectories,30,4.0,1790059649.8701677
env/num_trajectories,31,4.0,1790059909.170949
env/num_trajectories,32,4.0,1790060169.9025564
env/num_trajectories,33,4.0,1790060432.3495095
env/num_trajectories,34,4.0,1790060694.9385138
env/num_trajectories,35,4.0,1790061231.1737797
env/num_trajectories,36,4.0,1790061491.3051374
env/num_trajectories,37,4.0,1790061753.1336498
env/num_trajectories,38,4.0,1790062014.8399706
env/num_trajectories,39,4.0,1790062277.521478
env/num_trajectories,40,4.0,1790062816.1885006
env/num_trajectories,41,4.0,1790063076.4199746
env/num_trajectories,42,4.0,1790063338.2960174
env/num_trajectories,43,4.0,1790063599.8753586
env/num_trajectories,44,4.0,1790063859.637764
env/num_trajectories,45,4.0,1790064396.7969813
env/num_trajectories,46,4.0,1790064656.5823598
env/num_trajectories,47,4.0,1790064918.6250174
env/num_trajectories,48,4.0,1790065180.883589
env/num_trajectories,49,4.0,1790065442.960956
env/num_trajectories,50,4.0,1790066007.9048376
env/num_trajectories,51,4.0,1790066267.25556
env/num_trajectories,52,4.0,1790066528.655198
env/num_trajectories,53,4.0,1790066788.547376
env/num_trajectories,54,4.0,1790067049.5089502
env/num_trajectories,55,4.0,1790067586.9214976
env/num_trajectories,56,4.0,1790067846.4137766
env/num_trajectories,57,4.0,1790068107.1498706
env/num_trajectories,58,4.0,1790068369.7190912
env/num_trajectories,59,4.0,1790068630.8100204
env/num_trajectories,60,4.0,1790069169.7879333
env/num_trajectories,61,4.0,1790069427.9238913
env/num_trajectories,62,4.0,1790069690.428554
env/num_trajectories,63,4.0,1790069952.131095
env/num_trajectories,64,4.0,1790070213.7672627
env/num_trajectories,65,4.0,1790070746.2342083
env/num_trajectories,66,4.0,1790071007.841547
env/num_trajectories,67,4.0,1790071270.2284267
env/num_trajectories,68,4.0,1790071532.2609499
env/num_trajectories,69,4.0,1790071793.8368638
env/num_trajectories,70,4.0,1790072332.0478745
env/num_trajectories,71,4.0,1790072591.383603
env/num_trajectories,72,4.0,1790072852.8885515
env/num_trajectories,73,4.0,1790073115.2635393
env/num_trajectories,74,4.0,1790073376.6934624
env/num_trajectories,75,4.0,1790073911.3710697
env/num_trajectories,76,4.0,1790074170.4325566
env/num_trajectories,77,4.0,1790074431.6994777
env/num_trajectories,78,4.0,1790074695.0685928
env/num_trajectories,79,4.0,1790074956.4439688
env/num_trajectories,80,4.0,1790075490.3586612
env/num_trajectories,81,4.0,1790075748.8692055
env/num_trajectories,82,4.0,1790076009.1581926
env/num_trajectories,83,4.0,1790076270.8477566
env/num_trajectories,84,4.0,1790076532.6541493
env/num_trajectories,85,4.0,1790077067.6540196
env/num_trajectories,86,4.0,1790077327.4143584
env/num_trajectories,87,4.0,1790077588.336201
env/num_trajectories,88,4.0,1790077850.4099567
env/num_trajectories,89,4.0,1790078112.4857454
env/num_trajectories,90,4.0,1790078647.4212894
env/num_trajectories,91,4.0,1790078907.5564446
env/num_trajectories,92,4.0,1790079170.7554915
env/num_trajectories,93,4.0,1790079433.1271436
env/num_trajectories,94,4.0,1790079695.7478647
env/num_trajectories,95,4.0,1790080233.5746827
env/num_trajectories,96,4.0,1790080493.1419039
env/num_trajectories,97,4.0,1790080753.9773571
env/num_trajectories,98,4.0,1790081015.0506988
env/num_trajectories,99,4.0,1790081276.712854
env/num_trajectories,100,4.0,1790081837.234071
env/num_trajectories,101,4.0,1790082096.5171738
env/num_trajectories,102,4.0,1790082357.6710122
env/num_trajectories,103,4.0,1790082618.95981
env/num_trajectories,104,4.0,1790082879.7617717
env/num_trajectories,105,4.0,1790083411.6598141
env/num_trajectories,106,4.0,1790083671.5489504
env/num_trajectories,107,4.0,1790083934.5900671
env/num_trajectories,108,4.0,1790084197.4649155
env/num_trajectories,109,4.0,1790084457.894868
env/num_trajectories,110,4.0,1790084994.109201
env/num_trajectories,111,4.0,1790085254.3602064
env/num_trajectories,112,4.0,1790085516.5878618
env/num_trajectories,113,4.0,1790085777.7672408
env/num_trajectories,114,4.0,1790086038.6406105
env/num_trajectories,115,4.0,1790086566.6550705
env/num_trajectories,116,4.0,1790086825.1294656
env/num_trajectories,117,4.0,1790087085.7751667
env/num_trajectories,118,4.0,1790087345.933718
env/num_trajectories,119,4.0,1790087606.3877254
env/num_trajectories,120,4.0,1790088139.8905823
env/num_trajectories,121,4.0,1790088400.9525447
env/num_trajectories,122,4.0,1790088661.5050561
env/num_trajectories,123,4.0,1790088921.122272
env/num_trajectories,124,4.0,1790089182.2042155
env/num_trajectories,125,4.0,1790089710.8950524
env/num_trajectories,126,4.0,1790089971.1495342
env/num_trajectories,127,4.0,1790090233.2187781
env/num_trajectories,128,4.0,1790090493.9160426
env/num_trajectories,129,4.0,1790090755.5901194
env/num_trajectories,130,4.0,1790091286.3174756
env/num_trajectories,131,4.0,1790091544.6296425
env/num_trajectories,132,4.0,1790091805.9183118
env/num_trajectories,133,4.0,1790092067.1822271
env/num_trajectories,134,4.0,1790092330.8527248
env/num_trajectories,135,4.0,1790092862.9231832
env/num_trajectories,136,4.0,1790093121.3560865
env/num_trajectories,137,4.0,1790093381.973652
time/sync_weights,1,5.041788101196289,1790050397.4246137
time/sync_weights,2,5.946495056152344,1790050661.3432677
time/sync_weights,3,5.5297651290893555,1790050923.1889155
time/sync_weights,4,5.401401042938232,1790051184.0576513
time/sync_weights,5,4.850394248962402,1790051717.8029115
time/sync_weights,6,1.7864339351654053,1790051977.747878
time/sync_weights,7,5.058187484741211,1790052240.297594
time/sync_weights,8,4.818224906921387,1790052502.1957877
time/sync_weights,9,5.488602638244629,1790052763.3203425
time/sync_weights,10,4.720694541931152,1790053293.0926898
time/sync_weights,11,1.8584120273590088,1790053552.2916996
time/sync_weights,12,4.944041728973389,1790053812.6205266
time/sync_weights,13,4.752223014831543,1790054073.613046
time/sync_weights,14,5.197060585021973,1790054335.630134
time/sync_weights,15,4.980368614196777,1790054878.9052792
time/sync_weights,16,1.690535306930542,1790055137.846064
time/sync_weights,17,5.132922172546387,1790055400.158263
time/sync_weights,18,5.079616546630859,1790055662.6701899
time/sync_weights,19,5.165175437927246,1790055926.1032386
time/sync_weights,20,5.273183822631836,1790056466.5305495
time/sync_weights,21,1.9123191833496094,1790056728.023545
time/sync_weights,22,5.159090995788574,1790056990.8827317
time/sync_weights,23,5.096976280212402,1790057254.829009
time/sync_weights,24,4.710750579833984,1790057516.0840726
time/sync_weights,25,5.090690612792969,1790058061.468864
time/sync_weights,26,1.8545539379119873,1790058321.6943724
time/sync_weights,27,4.968564033508301,1790058582.8936777
time/sync_weights,28,4.954448223114014,1790058845.556348
time/sync_weights,29,4.708457946777344,1790059107.2448444
time/sync_weights,30,5.144797325134277,1790059649.8701816
time/sync_weights,31,1.748744249343872,1790059909.1709645
time/sync_weights,32,4.733423233032227,1790060169.902569
time/sync_weights,33,4.849564552307129,1790060432.3495226
time/sync_weights,34,4.67048978805542,1790060694.9385285
time/sync_weights,35,4.779021739959717,1790061231.1737952
time/sync_weights,36,1.7997312545776367,1790061491.305155
time/sync_weights,37,4.9745893478393555,1790061753.1336625
time/sync_weights,38,4.971163272857666,1790062014.8399847
time/sync_weights,39,4.824331283569336,1790062277.521492
time/sync_weights,40,4.964313507080078,1790062816.1885107
time/sync_weights,41,1.7453274726867676,1790063076.419987
time/sync_weights,42,5.072903156280518,1790063338.2960405
time/sync_weights,43,4.747008323669434,1790063599.8753748
time/sync_weights,44,4.7786149978637695,1790063859.6377783
time/sync_weights,45,5.282772064208984,1790064396.7969956
time/sync_weights,46,1.8253207206726074,1790064656.5823884
time/sync_weights,47,4.885300159454346,1790064918.6250296
time/sync_weights,48,5.2788190841674805,1790065180.883599
time/sync_weights,49,4.95669412612915,1790065442.9609694
time/sync_weights,50,5.108292102813721,1790066007.904849
time/sync_weights,51,1.4403910636901855,1790066267.2555773
time/sync_weights,52,4.9670586585998535,1790066528.6552126
time/sync_weights,53,5.1239776611328125,1790066788.547391
time/sync_weights,54,5.122082710266113,1790067049.508963
time/sync_weights,55,5.3046417236328125,1790067586.9215126
time/sync_weights,56,1.7207658290863037,1790067846.413787
time/sync_weights,57,5.037786960601807,1790068107.1498804
time/sync_weights,58,4.917719841003418,1790068369.7191033
time/sync_weights,59,5.21364164352417,1790068630.810037
time/sync_weights,60,5.100652694702148,1790069169.7879536
time/sync_weights,61,1.669853687286377,1790069427.9239087
time/sync_weights,62,5.044736862182617,1790069690.4285688
time/sync_weights,63,4.816485404968262,1790069952.1311042
time/sync_weights,64,4.7619733810424805,1790070213.7672744
time/sync_weights,65,4.936781883239746,1790070746.23423
time/sync_weights,66,2.043774366378784,1790071007.84156
time/sync_weights,67,5.067549228668213,1790071270.2284389
time/sync_weights,68,5.058895587921143,1790071532.2609622
time/sync_weights,69,4.923286437988281,1790071793.8368776
time/sync_weights,70,4.961108684539795,1790072332.0478911
time/sync_weights,71,1.7474286556243896,1790072591.3836253
time/sync_weights,72,5.024892807006836,1790072852.8885646
time/sync_weights,73,5.132765293121338,1790073115.2635503
time/sync_weights,74,5.033805847167969,1790073376.6934764
time/sync_weights,75,5.1245317459106445,1790073911.3710833
time/sync_weights,76,1.7238969802856445,1790074170.4325662
time/sync_weights,77,5.02708625793457,1790074431.6994898
time/sync_weights,78,5.029318332672119,1790074695.0686052
time/sync_weights,79,4.812438011169434,1790074956.4439807
time/sync_weights,80,4.714665412902832,1790075490.3586743
time/sync_weights,81,1.7092578411102295,1790075748.8692167
time/sync_weights,82,4.886596202850342,1790076009.1582072
time/sync_weights,83,4.806129455566406,1790076270.8477685
time/sync_weights,84,5.057015895843506,1790076532.6541612
time/sync_weights,85,4.962546348571777,1790077067.6540322
time/sync_weights,86,1.6869001388549805,1790077327.4143705
time/sync_weights,87,4.9632673263549805,1790077588.3362134
time/sync_weights,88,4.706254005432129,1790077850.4099693
time/sync_weights,89,4.915552139282227,1790078112.485758
time/sync_weights,90,5.0675153732299805,1790078647.4213018
time/sync_weights,91,1.7348411083221436,1790078907.5564559
time/sync_weights,92,5.021795272827148,1790079170.7555046
time/sync_weights,93,5.224715232849121,1790079433.127161
time/sync_weights,94,5.2613372802734375,1790079695.7478821
time/sync_weights,95,4.92999267578125,1790080233.574698
time/sync_weights,96,1.727224349975586,1790080493.1419158
time/sync_weights,97,4.913943290710449,1790080753.9773693
time/sync_weights,98,5.100258827209473,1790081015.0507107
time/sync_weights,99,4.839406490325928,1790081276.712866
time/sync_weights,100,4.710511684417725,1790081837.234093
time/sync_weights,101,1.4454121589660645,1790082096.5171876
time/sync_weights,102,4.9128193855285645,1790082357.671026
time/sync_weights,103,5.055772304534912,1790082618.959828
time/sync_weights,104,5.1595377922058105,1790082879.7617846
time/sync_weights,105,4.868074893951416,1790083411.659829
time/sync_weights,106,1.657759666442871,1790083671.5489626
time/sync_weights,107,4.810709476470947,1790083934.590081
time/sync_weights,108,5.055635452270508,1790084197.4649289
time/sync_weights,109,5.037955284118652,1790084457.8948839
time/sync_weights,110,4.699275970458984,1790084994.109214
time/sync_weights,111,1.7814252376556396,1790085254.3602188
time/sync_weights,112,4.857454299926758,1790085516.5878785
time/sync_weights,113,4.68904972076416,1790085777.7672553
time/sync_weights,114,4.895553112030029,1790086038.640623
time/sync_weights,115,4.843645095825195,1790086566.6550834
time/sync_weights,116,1.9118022918701172,1790086825.1294768
time/sync_weights,117,4.629620552062988,1790087085.7751803
time/sync_weights,118,4.564728736877441,1790087345.9337296
time/sync_weights,119,4.73261833190918,1790087606.3877368
time/sync_weights,120,4.571529388427734,1790088139.890596
time/sync_weights,121,1.8479585647583008,1790088400.9525564
time/sync_weights,122,4.817464828491211,1790088661.505066
time/sync_weights,123,4.696983337402344,1790088921.1222854
time/sync_weights,124,4.623927116394043,1790089182.2042267
time/sync_weights,125,4.726635456085205,1790089710.8950655
time/sync_weights,126,1.8838253021240234,1790089971.1495473
time/sync_weights,127,4.648166656494141,1790090233.21879
time/sync_weights,128,4.981845855712891,1790090493.916054
time/sync_weights,129,4.841855525970459,1790090755.590131
time/sync_weights,130,5.050460338592529,1790091286.31749
time/sync_weights,131,1.933293342590332,1790091544.6296566
time/sync_weights,132,4.7242350578308105,1790091805.9183269
time/sync_weights,133,4.574284553527832,1790092067.182239
time/sync_weights,134,5.013513565063477,1790092330.8527424
time/sync_weights,135,5.055968284606934,1790092862.9232023
time/sync_weights,136,1.7680737972259521,1790093121.3560975
time/sync_weights,137,4.6240997314453125,1790093381.9736707
time/generate_rollouts,1,42.99825668334961,1790050397.4246223
time/generate_rollouts,2,37.8470458984375,1790050661.343275
time/generate_rollouts,3,36.38361358642578,1790050923.1889307
time/generate_rollouts,4,35.3055305480957,1790051184.0576584
time/generate_rollouts,5,35.574214935302734,1790051717.8029187
time/generate_rollouts,6,38.144615173339844,1790051977.747885
time/generate_rollouts,7,37.72871017456055,1790052240.297601
time/generate_rollouts,8,36.90898132324219,1790052502.195795
time/generate_rollouts,9,35.32501220703125,1790052763.3203497
time/generate_rollouts,10,36.07489776611328,1790053293.0927029
time/generate_rollouts,11,36.817352294921875,1790053552.2917058
time/generate_rollouts,12,35.31486129760742,1790053812.6205328
time/generate_rollouts,13,35.51561737060547,1790054073.6130543
time/generate_rollouts,14,36.50864791870117,1790054335.6301403
time/generate_rollouts,15,37.15763854980469,1790054878.9052916
time/generate_rollouts,16,36.72932434082031,1790055137.8460727
time/generate_rollouts,17,36.825862884521484,1790055400.1582701
time/generate_rollouts,18,37.01724624633789,1790055662.6701965
time/generate_rollouts,19,37.84334182739258,1790055926.103245
time/generate_rollouts,20,37.81243133544922,1790056466.5305676
time/generate_rollouts,21,39.41820526123047,1790056728.0235536
time/generate_rollouts,22,37.513675689697266,1790056990.8827384
time/generate_rollouts,23,38.97386169433594,1790057254.8290193
time/generate_rollouts,24,36.60055160522461,1790057516.0840795
time/generate_rollouts,25,38.396121978759766,1790058061.468888
time/generate_rollouts,26,38.15469741821289,1790058321.6943793
time/generate_rollouts,27,36.106266021728516,1790058582.8936846
time/generate_rollouts,28,37.49184036254883,1790058845.5563567
time/generate_rollouts,29,36.59330368041992,1790059107.244851
time/generate_rollouts,30,38.14519119262695,1790059649.870189
time/generate_rollouts,31,37.3946418762207,1790059909.1709743
time/generate_rollouts,32,35.86502456665039,1790060169.9025753
time/generate_rollouts,33,37.55459213256836,1790060432.3495314
time/generate_rollouts,34,37.46083068847656,1790060694.9385366
time/generate_rollouts,35,37.12644958496094,1790061231.1738045
time/generate_rollouts,36,37.61860275268555,1790061491.305164
time/generate_rollouts,37,36.9423942565918,1790061753.1336687
time/generate_rollouts,38,36.506324768066406,1790062014.8399918
time/generate_rollouts,39,37.301822662353516,1790062277.5214992
time/generate_rollouts,40,37.1892204284668,1790062816.1885166
time/generate_rollouts,41,37.682254791259766,1790063076.4199932
time/generate_rollouts,42,36.078857421875,1790063338.2960477
time/generate_rollouts,43,36.37176513671875,1790063599.875383
time/generate_rollouts,44,34.69038391113281,1790063859.6377864
time/generate_rollouts,45,35.45117950439453,1790064396.797005
time/generate_rollouts,46,37.328224182128906,1790064656.5824034
time/generate_rollouts,47,36.70315170288086,1790064918.6250362
time/generate_rollouts,48,36.38352966308594,1790065180.883605
time/generate_rollouts,49,36.554229736328125,1790065442.9609766
time/generate_rollouts,50,36.39252471923828,1790066007.9048562
time/generate_rollouts,51,37.502525329589844,1790066267.2555869
time/generate_rollouts,52,35.90460205078125,1790066528.6552224
time/generate_rollouts,53,34.08808898925781,1790066788.5473993
time/generate_rollouts,54,35.32997131347656,1790067049.5089695
time/generate_rollouts,55,36.80799865722656,1790067586.921521
time/generate_rollouts,56,37.1575813293457,1790067846.4137928
time/generate_rollouts,57,35.526153564453125,1790068107.1498854
time/generate_rollouts,58,37.15665817260742,1790068369.7191098
time/generate_rollouts,59,35.62762451171875,1790068630.8100476
time/generate_rollouts,60,37.1048469543457,1790069169.7879655
time/generate_rollouts,61,36.23713302612305,1790069427.9239182
time/generate_rollouts,62,36.74852752685547,1790069690.4285786
time/generate_rollouts,63,36.41508865356445,1790069952.131111
time/generate_rollouts,64,36.05113220214844,1790070213.7672825
time/generate_rollouts,65,35.89869689941406,1790070746.2342372
time/generate_rollouts,66,39.13055419921875,1790071007.8415673
time/generate_rollouts,67,36.482540130615234,1790071270.2284453
time/generate_rollouts,68,36.44707489013672,1790071532.2609694
time/generate_rollouts,69,36.6668815612793,1790071793.8368852
time/generate_rollouts,70,36.01232147216797,1790072332.0478988
time/generate_rollouts,71,37.13187789916992,1790072591.3836322
time/generate_rollouts,72,35.74032974243164,1790072852.8885705
time/generate_rollouts,73,36.846702575683594,1790073115.2635567
time/generate_rollouts,74,36.11597442626953,1790073376.6934848
time/generate_rollouts,75,37.35185623168945,1790073911.371091
time/generate_rollouts,76,36.554691314697266,1790074170.4325724
time/generate_rollouts,77,35.70149612426758,1790074431.6994963
time/generate_rollouts,78,37.55030059814453,1790074695.0686126
time/generate_rollouts,79,36.259708404541016,1790074956.4439874
time/generate_rollouts,80,36.52789306640625,1790075490.3586826
time/generate_rollouts,81,36.26136016845703,1790075748.869223
time/generate_rollouts,82,34.85567855834961,1790076009.1582167
time/generate_rollouts,83,36.3907470703125,1790076270.8477747
time/generate_rollouts,84,36.10911178588867,1790076532.6541677
time/generate_rollouts,85,37.2962760925293,1790077067.65404
time/generate_rollouts,86,37.630924224853516,1790077327.414378
time/generate_rollouts,87,35.71998596191406,1790077588.3362198
time/generate_rollouts,88,37.31869888305664,1790077850.4099758
time/generate_rollouts,89,36.20068359375,1790078112.4857655
time/generate_rollouts,90,37.01902770996094,1790078647.4213092
time/generate_rollouts,91,38.146942138671875,1790078907.556462
time/generate_rollouts,92,38.05097961425781,1790079170.755512
time/generate_rollouts,93,37.04817581176758,1790079433.127171
time/generate_rollouts,94,36.57575607299805,1790079695.747892
time/generate_rollouts,95,36.689090728759766,1790080233.5747075
time/generate_rollouts,96,37.15895080566406,1790080493.141922
time/generate_rollouts,97,35.86882781982422,1790080753.9773753
time/generate_rollouts,98,35.81502914428711,1790081015.050717
time/generate_rollouts,99,36.083335876464844,1790081276.712872
time/generate_rollouts,100,34.8576545715332,1790081837.2341006
time/generate_rollouts,101,37.72584533691406,1790082096.517195
time/generate_rollouts,102,36.06809997558594,1790082357.6710334
time/generate_rollouts,103,36.356685638427734,1790082618.9598386
time/generate_rollouts,104,35.382957458496094,1790082879.7617908
time/generate_rollouts,105,34.88471221923828,1790083411.6598382
time/generate_rollouts,106,37.43635559082031,1790083671.548969
time/generate_rollouts,107,37.62461853027344,1790083934.5900881
time/generate_rollouts,108,37.33122253417969,1790084197.4649363
time/generate_rollouts,109,35.12461853027344,1790084457.8948922
time/generate_rollouts,110,35.90403366088867,1790084994.1092222
time/generate_rollouts,111,37.45034408569336,1790085254.3602266
time/generate_rollouts,112,37.09532928466797,1790085516.5878868
time/generate_rollouts,113,36.31914138793945,1790085777.7672634
time/generate_rollouts,114,35.49810791015625,1790086038.640629
time/generate_rollouts,115,35.5361213684082,1790086566.6550918
time/generate_rollouts,116,36.14619064331055,1790086825.1294827
time/generate_rollouts,117,35.791770935058594,1790087085.7751887
time/generate_rollouts,118,35.47023010253906,1790087345.9337358
time/generate_rollouts,119,35.44084548950195,1790087606.3877437
time/generate_rollouts,120,35.47297668457031,1790088139.8906045
time/generate_rollouts,121,38.8538932800293,1790088400.952563
time/generate_rollouts,122,35.0561408996582,1790088661.505072
time/generate_rollouts,123,34.54789733886719,1790088921.122293
time/generate_rollouts,124,36.2013053894043,1790089182.2042408
time/generate_rollouts,125,34.48091125488281,1790089710.8950741
time/generate_rollouts,126,38.045692443847656,1790089971.1495547
time/generate_rollouts,127,36.42613983154297,1790090233.2187965
time/generate_rollouts,128,35.34006881713867,1790090493.9160597
time/generate_rollouts,129,36.225372314453125,1790090755.5901368
time/generate_rollouts,130,37.01778030395508,1790091286.3174987
time/generate_rollouts,131,36.02627944946289,1790091544.6296656
time/generate_rollouts,132,36.146942138671875,1790091805.918335
time/generate_rollouts,133,36.04709243774414,1790092067.1822455
time/generate_rollouts,134,37.69361877441406,1790092330.8527522
time/generate_rollouts,135,36.687679290771484,1790092862.9232137
time/generate_rollouts,136,36.14448928833008,1790093121.3561037
time/generate_rollouts,137,35.743595123291016,1790093381.9736807
time/cal_adv_and_returns,1,0.0041408538818359375,1790050397.4246461
time/cal_adv_and_returns,2,0.003505229949951172,1790050661.3432822
time/cal_adv_and_returns,3,0.003520488739013672,1790050923.1889448
time/cal_adv_and_returns,4,0.003247499465942383,1790051184.0576653
time/cal_adv_and_returns,5,0.0027925968170166016,1790051717.8029258
time/cal_adv_and_returns,6,0.003426790237426758,1790051977.7478917
time/cal_adv_and_returns,7,0.0035359859466552734,1790052240.2976074
time/cal_adv_and_returns,8,0.003095865249633789,1790052502.195802
time/cal_adv_and_returns,9,0.0031952857971191406,1790052763.3203564
time/cal_adv_and_returns,10,0.0032117366790771484,1790053293.0927172
time/cal_adv_and_returns,11,0.00374603271484375,1790053552.2917118
time/cal_adv_and_returns,12,0.0032753944396972656,1790053812.6205392
time/cal_adv_and_returns,13,0.0032460689544677734,1790054073.6130621
time/cal_adv_and_returns,14,0.002546548843383789,1790054335.630147
time/cal_adv_and_returns,15,0.0031654834747314453,1790054878.905303
time/cal_adv_and_returns,16,0.0023391246795654297,1790055137.8460793
time/cal_adv_and_returns,17,0.003488302230834961,1790055400.1582766
time/cal_adv_and_returns,18,0.0035636425018310547,1790055662.6702034
time/cal_adv_and_returns,19,0.003650188446044922,1790055926.103252
time/cal_adv_and_returns,20,0.0033464431762695312,1790056466.5305836
time/cal_adv_and_returns,21,0.003309965133666992,1790056728.0235615
time/cal_adv_and_returns,22,0.0033664703369140625,1790056990.8827443
time/cal_adv_and_returns,23,0.0027747154235839844,1790057254.8290288
time/cal_adv_and_returns,24,0.0032961368560791016,1790057516.0840864
time/cal_adv_and_returns,25,0.002744436264038086,1790058061.4689083
time/cal_adv_and_returns,26,0.0028672218322753906,1790058321.6943862
time/cal_adv_and_returns,27,0.0029337406158447266,1790058582.8936915
time/cal_adv_and_returns,28,0.0029473304748535156,1790058845.5563645
time/cal_adv_and_returns,29,0.0030050277709960938,1790059107.2448575
time/cal_adv_and_returns,30,0.003542661666870117,1790059649.8701975
time/cal_adv_and_returns,31,0.003111124038696289,1790059909.170984
time/cal_adv_and_returns,32,0.002954244613647461,1790060169.9025817
time/cal_adv_and_returns,33,0.0033440589904785156,1790060432.3495407
time/cal_adv_and_returns,34,0.0032536983489990234,1790060694.9385452
time/cal_adv_and_returns,35,0.0031938552856445312,1790061231.1738133
time/cal_adv_and_returns,36,0.0034742355346679688,1790061491.3051722
time/cal_adv_and_returns,37,0.003127574920654297,1790061753.1336744
time/cal_adv_and_returns,38,0.0032689571380615234,1790062014.8399992
time/cal_adv_and_returns,39,0.0027031898498535156,1790062277.5215073
time/cal_adv_and_returns,40,0.003204345703125,1790062816.1885223
time/cal_adv_and_returns,41,0.0032224655151367188,1790063076.419999
time/cal_adv_and_returns,42,0.004474639892578125,1790063338.2960546
time/cal_adv_and_returns,43,0.0037081241607666016,1790063599.8753908
time/cal_adv_and_returns,44,0.0031299591064453125,1790063859.6377926
time/cal_adv_and_returns,45,0.003400564193725586,1790064396.7970161
time/cal_adv_and_returns,46,0.003297567367553711,1790064656.582419
time/cal_adv_and_returns,47,0.0032846927642822266,1790064918.625044
time/cal_adv_and_returns,48,0.003686189651489258,1790065180.8836105
time/cal_adv_and_returns,49,0.0029671192169189453,1790065442.9609835
time/cal_adv_and_returns,50,0.0029871463775634766,1790066007.904863
time/cal_adv_and_returns,51,0.003411531448364258,1790066267.2555952
time/cal_adv_and_returns,52,0.002754688262939453,1790066528.6552303
time/cal_adv_and_returns,53,0.002704143524169922,1790066788.5474067
time/cal_adv_and_returns,54,0.002907276153564453,1790067049.5089762
time/cal_adv_and_returns,55,0.0034847259521484375,1790067586.9215288
time/cal_adv_and_returns,56,0.002673625946044922,1790067846.4138002
time/cal_adv_and_returns,57,0.0028336048126220703,1790068107.14989
time/cal_adv_and_returns,58,0.003213167190551758,1790068369.7191157
time/cal_adv_and_returns,59,0.0032777786254882812,1790068630.8100576
time/cal_adv_and_returns,60,0.0031359195709228516,1790069169.7879767
time/cal_adv_and_returns,61,0.0035314559936523438,1790069427.9239275
time/cal_adv_and_returns,62,0.003038644790649414,1790069690.4285877
time/cal_adv_and_returns,63,0.0033082962036132812,1790069952.1311173
time/cal_adv_and_returns,64,0.0032482147216796875,1790070213.7672899
time/cal_adv_and_returns,65,0.0039021968841552734,1790070746.234244
time/cal_adv_and_returns,66,0.0035767555236816406,1790071007.841574
time/cal_adv_and_returns,67,0.0026226043701171875,1790071270.228451
time/cal_adv_and_returns,68,0.003337383270263672,1790071532.2609758
time/cal_adv_and_returns,69,0.0037894248962402344,1790071793.8368928
time/cal_adv_and_returns,70,0.002636432647705078,1790072332.0479054
time/cal_adv_and_returns,71,0.0029134750366210938,1790072591.383638
time/cal_adv_and_returns,72,0.003659963607788086,1790072852.8885765
time/cal_adv_and_returns,73,0.0032546520233154297,1790073115.2635622
time/cal_adv_and_returns,74,0.003249645233154297,1790073376.6934934
time/cal_adv_and_returns,75,0.003298044204711914,1790073911.371098
time/cal_adv_and_returns,76,0.0033540725708007812,1790074170.4325798
time/cal_adv_and_returns,77,0.003361225128173828,1790074431.6995022
time/cal_adv_and_returns,78,0.003316640853881836,1790074695.0686202
time/cal_adv_and_returns,79,0.003611326217651367,1790074956.443994
time/cal_adv_and_returns,80,0.002933979034423828,1790075490.358691
time/cal_adv_and_returns,81,0.0031523704528808594,1790075748.8692298
time/cal_adv_and_returns,82,0.0031042098999023438,1790076009.1582258
time/cal_adv_and_returns,83,0.003412485122680664,1790076270.8477812
time/cal_adv_and_returns,84,0.0033104419708251953,1790076532.6541736
time/cal_adv_and_returns,85,0.004163026809692383,1790077067.6540475
time/cal_adv_and_returns,86,0.003635406494140625,1790077327.4143844
time/cal_adv_and_returns,87,0.0027205944061279297,1790077588.3362257
time/cal_adv_and_returns,88,0.003260374069213867,1790077850.4099822
time/cal_adv_and_returns,89,0.0030868053436279297,1790078112.4857726
time/cal_adv_and_returns,90,0.003339052200317383,1790078647.4213169
time/cal_adv_and_returns,91,0.00293731689453125,1790078907.5564675
time/cal_adv_and_returns,92,0.002838134765625,1790079170.7555192
time/cal_adv_and_returns,93,0.003255128860473633,1790079433.127181
time/cal_adv_and_returns,94,0.0034837722778320312,1790079695.7479
time/cal_adv_and_returns,95,0.0031290054321289062,1790080233.574717
time/cal_adv_and_returns,96,0.0028777122497558594,1790080493.1419287
time/cal_adv_and_returns,97,0.0038933753967285156,1790080753.9773815
time/cal_adv_and_returns,98,0.0037887096405029297,1790081015.050723
time/cal_adv_and_returns,99,0.0034644603729248047,1790081276.712878
time/cal_adv_and_returns,100,0.0035762786865234375,1790081837.234107
time/cal_adv_and_returns,101,0.002778768539428711,1790082096.5172017
time/cal_adv_and_returns,102,0.0034978389739990234,1790082357.6710408
time/cal_adv_and_returns,103,0.003787994384765625,1790082618.9598477
time/cal_adv_and_returns,104,0.0029668807983398438,1790082879.761797
time/cal_adv_and_returns,105,0.0033168792724609375,1790083411.659847
time/cal_adv_and_returns,106,0.004101753234863281,1790083671.5489757
time/cal_adv_and_returns,107,0.003269195556640625,1790083934.5900953
time/cal_adv_and_returns,108,0.0031011104583740234,1790084197.4649434
time/cal_adv_and_returns,109,0.004354715347290039,1790084457.8949025
time/cal_adv_and_returns,110,0.0032117366790771484,1790084994.1092296
time/cal_adv_and_returns,111,0.0032536983489990234,1790085254.3602402
time/cal_adv_and_returns,112,0.003221273422241211,1790085516.5878944
time/cal_adv_and_returns,113,0.0033998489379882812,1790085777.7672706
time/cal_adv_and_returns,114,0.00434565544128418,1790086038.6406345
time/cal_adv_and_returns,115,0.003680706024169922,1790086566.6551003
time/cal_adv_and_returns,116,0.003550291061401367,1790086825.129489
time/cal_adv_and_returns,117,0.0033991336822509766,1790087085.775197
time/cal_adv_and_returns,118,0.003751993179321289,1790087345.9337425
time/cal_adv_and_returns,119,0.003748178482055664,1790087606.3877504
time/cal_adv_and_returns,120,0.0030753612518310547,1790088139.890613
time/cal_adv_and_returns,121,0.00379180908203125,1790088400.9525688
time/cal_adv_and_returns,122,0.003014087677001953,1790088661.5050788
time/cal_adv_and_returns,123,0.002872943878173828,1790088921.1222997
time/cal_adv_and_returns,124,0.0029959678649902344,1790089182.204248
time/cal_adv_and_returns,125,0.002950429916381836,1790089710.8950822
time/cal_adv_and_returns,126,0.003355264663696289,1790089971.1495612
time/cal_adv_and_returns,127,0.003773212432861328,1790090233.218803
time/cal_adv_and_returns,128,0.0032644271850585938,1790090493.9160655
time/cal_adv_and_returns,129,0.003135204315185547,1790090755.5901434
time/cal_adv_and_returns,130,0.003670215606689453,1790091286.3175075
time/cal_adv_and_returns,131,0.003223896026611328,1790091544.6296735
time/cal_adv_and_returns,132,0.0028324127197265625,1790091805.9183433
time/cal_adv_and_returns,133,0.0030088424682617188,1790092067.1822515
time/cal_adv_and_returns,134,0.003403902053833008,1790092330.8527615
time/cal_adv_and_returns,135,0.0037860870361328125,1790092862.9232252
time/cal_adv_and_returns,136,0.0035545825958251953,1790093121.3561099
time/cal_adv_and_returns,137,0.0034995079040527344,1790093381.9736912
time/actor_training,1,221.105712890625,1790050397.4246573
time/actor_training,2,220.0937042236328,1790050661.343289
time/actor_training,3,219.90391540527344,1790050923.1889586
time/actor_training,4,220.1367645263672,1790051184.057672
time/actor_training,5,220.1414031982422,1790051717.8029325
time/actor_training,6,219.98666381835938,1790051977.7478976
time/actor_training,7,219.7376251220703,1790052240.2976136
time/actor_training,8,220.14410400390625,1790052502.1958094
time/actor_training,9,220.29006958007812,1790052763.3203633
time/actor_training,10,219.8263397216797,1790053293.0927365
time/actor_training,11,220.5009002685547,1790053552.291718
time/actor_training,12,220.0434112548828,1790053812.620545
time/actor_training,13,220.700927734375,1790054073.6130695
time/actor_training,14,220.289306640625,1790054335.6301532
time/actor_training,15,220.44705200195312,1790054878.9053144
time/actor_training,16,220.5017852783203,1790055137.846086
time/actor_training,17,220.32928466796875,1790055400.1582828
time/actor_training,18,220.3905792236328,1790055662.6702096
time/actor_training,19,220.396240234375,1790055926.1032581
time/actor_training,20,220.47837829589844,1790056466.5305984
time/actor_training,21,220.1361846923828,1790056728.0235698
time/actor_training,22,220.16236877441406,1790056990.8827507
time/actor_training,23,219.84910583496094,1790057254.8290384
time/actor_training,24,219.9218292236328,1790057516.0840933
time/actor_training,25,220.06777954101562,1790058061.4689293
time/actor_training,26,220.191650390625,1790058321.6943932
time/actor_training,27,220.10108947753906,1790058582.8936982
time/actor_training,28,220.19322204589844,1790058845.556372
time/actor_training,29,220.3623809814453,1790059107.2448645
time/actor_training,30,219.88636779785156,1790059649.8702044
time/actor_training,31,220.13668823242188,1790059909.1709938
time/actor_training,32,220.1107177734375,1790060169.9025877
time/actor_training,33,220.0196533203125,1790060432.3495483
time/actor_training,34,220.43519592285156,1790060694.9385526
time/actor_training,35,220.43515014648438,1790061231.1738214
time/actor_training,36,220.686767578125,1790061491.3051803
time/actor_training,37,219.8863983154297,1790061753.1336808
time/actor_training,38,220.19972229003906,1790062014.8400066
time/actor_training,39,220.53128051757812,1790062277.521514
time/actor_training,40,220.498779296875,1790062816.188528
time/actor_training,41,220.78001403808594,1790063076.420005
time/actor_training,42,220.7002716064453,1790063338.2960606
time/actor_training,43,220.43746948242188,1790063599.8753984
time/actor_training,44,220.26797485351562,1790063859.6377983
time/actor_training,45,220.2880859375,1790064396.7970257
time/actor_training,46,220.60658264160156,1790064656.582434
time/actor_training,47,220.42977905273438,1790064918.6250508
time/actor_training,48,220.5705108642578,1790065180.8836153
time/actor_training,49,220.53977966308594,1790065442.9609907
time/actor_training,50,219.93856811523438,1790066007.9048698
time/actor_training,51,220.38619995117188,1790066267.2556036
time/actor_training,52,220.5040740966797,1790066528.6552374
time/actor_training,53,220.65892028808594,1790066788.547413
time/actor_training,54,220.48524475097656,1790067049.508982
time/actor_training,55,219.91091918945312,1790067586.9215364
time/actor_training,56,220.5919647216797,1790067846.413806
time/actor_training,57,220.1475067138672,1790068107.149895
time/actor_training,58,220.4722900390625,1790068369.7191217
time/actor_training,59,220.22372436523438,1790068630.8100672
time/actor_training,60,219.96653747558594,1790069169.7879887
time/actor_training,61,220.2022247314453,1790069427.9239366
time/actor_training,62,220.6858673095703,1790069690.428596
time/actor_training,63,220.4495849609375,1790069952.1311233
time/actor_training,64,220.79844665527344,1790070213.7672963
time/actor_training,65,220.2818145751953,1790070746.234251
time/actor_training,66,220.41036987304688,1790071007.8415809
time/actor_training,67,220.81434631347656,1790071270.2284572
time/actor_training,68,220.5023651123047,1790071532.260982
time/actor_training,69,219.95639038085938,1790071793.8369002
time/actor_training,70,220.4265899658203,1790072332.0479121
time/actor_training,71,220.43336486816406,1790072591.3836436
time/actor_training,72,220.7145538330078,1790072852.8885827
time/actor_training,73,220.3718719482422,1790073115.2635677
time/actor_training,74,220.2575225830078,1790073376.6935015
time/actor_training,75,220.24510192871094,1790073911.3711047
time/actor_training,76,220.761962890625,1790074170.4325862
time/actor_training,77,220.51084899902344,1790074431.6995087
time/actor_training,78,220.76809692382812,1790074695.0686274
time/actor_training,79,220.27967834472656,1790074956.4440005
time/actor_training,80,220.88665771484375,1790075490.358699
time/actor_training,81,220.51123046875,1790075748.869236
time/actor_training,82,220.52426147460938,1790076009.1582346
time/actor_training,83,220.46578979492188,1790076270.8477876
time/actor_training,84,220.61767578125,1790076532.6541805
time/actor_training,85,220.47987365722656,1790077067.6540549
time/actor_training,86,220.4184112548828,1790077327.414391
time/actor_training,87,220.2174530029297,1790077588.3362322
time/actor_training,88,220.026123046875,1790077850.4099884
time/actor_training,89,220.93515014648438,1790078112.4857798
time/actor_training,90,220.25221252441406,1790078647.421325
time/actor_training,91,220.22994995117188,1790078907.5564728
time/actor_training,92,220.1027069091797,1790079170.7555258
time/actor_training,93,220.07493591308594,1790079433.1271906
time/actor_training,94,220.76251220703125,1790079695.747908
time/actor_training,95,220.56283569335938,1790080233.5747254
time/actor_training,96,220.6585693359375,1790080493.1419344
time/actor_training,97,220.02780151367188,1790080753.977387
time/actor_training,98,220.1336212158203,1790081015.0507288
time/actor_training,99,220.71153259277344,1790081276.7128842
time/actor_training,100,220.60958862304688,1790081837.234114
time/actor_training,101,220.09007263183594,1790082096.517208
time/actor_training,102,220.1494903564453,1790082357.6710482
time/actor_training,103,219.85186767578125,1790082618.9598575
time/actor_training,104,220.2379150390625,1790082879.7618032
time/actor_training,105,220.24554443359375,1790083411.6598554
time/actor_training,106,220.7693328857422,1790083671.5489814
time/actor_training,107,220.5794677734375,1790083934.590102
time/actor_training,108,220.46328735351562,1790084197.46495
time/actor_training,109,220.2439727783203,1790084457.8949106
time/actor_training,110,220.1752471923828,1790084994.1092374
time/actor_training,111,220.9947967529297,1790085254.3602471
time/actor_training,112,220.25054931640625,1790085516.5879025
time/actor_training,113,220.1453094482422,1790085777.7672777
time/actor_training,114,220.45396423339844,1790086038.6406405
time/actor_training,115,220.35263061523438,1790086566.6551077
time/actor_training,116,220.39300537109375,1790086825.1294951
time/actor_training,117,220.2007598876953,1790087085.7752047
time/actor_training,118,220.09803771972656,1790087345.933749
time/actor_training,119,220.25816345214844,1790087606.3877566
time/actor_training,120,220.164794921875,1790088139.8906212
time/actor_training,121,220.33860778808594,1790088400.9525752
time/actor_training,122,220.65716552734375,1790088661.505085
time/actor_training,123,220.34974670410156,1790088921.1223066
time/actor_training,124,220.23812866210938,1790089182.2042549
time/actor_training,125,220.49502563476562,1790089710.8950896
time/actor_training,126,220.30026245117188,1790089971.1495676
time/actor_training,127,220.97134399414062,1790090233.218809
time/actor_training,128,220.35032653808594,1790090493.9160714
time/actor_training,129,220.5841522216797,1790090755.5901492
time/actor_training,130,220.42745971679688,1790091286.3175156
time/actor_training,131,220.32916259765625,1790091544.6296816
time/actor_training,132,220.39418029785156,1790091805.918351
time/actor_training,133,220.61441040039062,1790092067.1822574
time/actor_training,134,220.9394989013672,1790092330.8527708
time/actor_training,135,220.61441040039062,1790092862.9232357
time/actor_training,136,220.49630737304688,1790093121.356116
time/actor_training,137,220.2208251953125,1790093381.9737012
time/step,1,269.1505432128906,1790050397.4246657
time/step,2,263.8924560546875,1790050661.343296
time/step,3,261.8225402832031,1790050923.1889737
time/step,4,260.847900390625,1790051184.0576787
time/step,5,533.7255859375,1790051717.802946
time/step,6,259.923095703125,1790051977.747904
time/step,7,262.52978515625,1790052240.2976205
time/step,8,261.87548828125,1790052502.1958163
time/step,9,261.10791015625,1790052763.3203697
time/step,10,529.7482299804688,1790053293.0927641
time/step,11,259.1815490722656,1790053552.291724
time/step,12,260.30743408203125,1790053812.620551
time/step,13,260.9737854003906,1790054073.6130774
time/step,14,261.999267578125,1790054335.630159
time/step,15,543.2528076171875,1790054878.9053373
time/step,16,258.9247741699219,1790055137.8460934
time/step,17,262.29339599609375,1790055400.15829
time/step,18,262.492919921875,1790055662.6702168
time/step,19,263.4105224609375,1790055926.1032643
time/step,20,540.4039916992188,1790056466.5306268
time/step,21,261.4715881347656,1790056728.0235784
time/step,22,262.84014892578125,1790056990.8827572
time/step,23,263.92437744140625,1790057254.8290482
time/step,24,261.2373352050781,1790057516.0841002
time/step,25,545.3622436523438,1790058061.4689705
time/step,26,260.2047424316406,1790058321.6943998
time/step,27,261.1805725097656,1790058582.8937051
time/step,28,262.643798828125,1790058845.5563796
time/step,29,261.66845703125,1790059107.244871
time/step,30,542.6052856445312,1790059649.8702197
time/step,31,259.2840881347656,1790059909.1710024
time/step,32,260.7138671875,1790060169.9025936
time/step,33,262.4289855957031,1790060432.349557
time/step,34,262.57061767578125,1790060694.9385607
time/step,35,536.2176513671875,1790061231.1738393
time/step,36,260.1101989746094,1790061491.3051887
time/step,37,261.80841064453125,1790061753.1336873
time/step,38,261.682373046875,1790062014.8400142
time/step,39,262.6611022949219,1790062277.5215209
time/step,40,538.6478271484375,1790062816.1885395
time/step,41,260.2124328613281,1790063076.420011
time/step,42,261.858154296875,1790063338.2960672
time/step,43,261.561279296875,1790063599.8754082
time/step,44,259.741943359375,1790063859.6378045
time/step,45,537.1417846679688,1790064396.7970438
time/step,46,259.7651672363281,1790064656.582449
time/step,47,262.0232849121094,1790064918.6250575
time/step,48,262.2379150390625,1790065180.88362
time/step,49,262.05535888671875,1790065442.960998
time/step,50,564.9257202148438,1790066007.9048834
time/step,51,259.33331298828125,1790066267.2556098
time/step,52,261.3793640136719,1790066528.6552444
time/step,53,259.8752746582031,1790066788.5474198
time/step,54,260.94195556640625,1790067049.5089884
time/step,55,537.390380859375,1790067586.9215522
time/step,56,259.4742431640625,1790067846.4138124
time/step,57,260.71600341796875,1790068107.1498997
time/step,58,262.5517883300781,1790068369.7191293
time/step,59,261.0700378417969,1790068630.810075
time/step,60,538.9556884765625,1790069169.7880135
time/step,61,258.1146240234375,1790069427.9239454
time/step,62,262.4835205078125,1790069690.4286032
time/step,63,261.68548583984375,1790069952.1311295
time/step,64,261.61651611328125,1790070213.7673035
time/step,65,532.4486694335938,1790070746.2342646
time/step,66,261.5894775390625,1790071007.8415878
time/step,67,262.3687744140625,1790071270.2284634
time/step,68,262.0135192871094,1790071532.260989
time/step,69,261.5520935058594,1790071793.8369076
time/step,70,538.1915893554688,1790072332.0479264
time/step,71,259.3172912597656,1790072591.38365
time/step,72,261.4852294921875,1790072852.8885894
time/step,73,262.35626220703125,1790073115.2635734
time/step,74,261.4122009277344,1790073376.6935093
time/step,75,534.658203125,1790073911.3711188
time/step,76,259.045166015625,1790074170.4325924
time/step,77,261.2444763183594,1790074431.699515
time/step,78,263.352294921875,1790074695.0686352
time/step,79,261.357177734375,1790074956.4440072
time/step,80,533.893798828125,1790075490.3587162
time/step,81,258.486572265625,1790075748.869242
time/step,82,260.2707214355469,1790076009.1582437
time/step,83,261.6678771972656,1790076270.8477936
time/step,84,261.78875732421875,1790076532.6541867
time/step,85,534.9814453125,1790077067.6540692
time/step,86,259.7419128417969,1790077327.4143975
time/step,87,260.9044494628906,1790077588.3362489
time/step,88,262.0558166503906,1790077850.4099946
time/step,89,262.0556335449219,1790078112.4857867
time/step,90,534.916259765625,1790078647.421341
time/step,91,260.1163330078125,1790078907.5564792
time/step,92,263.17919921875,1790079170.7555325
time/step,93,262.35211181640625,1790079433.1272004
time/step,94,262.6040954589844,1790079695.7479157
time/step,95,537.8058471679688,1790080233.5747433
time/step,96,259.54931640625,1790080493.14194
time/step,97,260.8162536621094,1790080753.9773934
time/step,98,261.0546569824219,1790081015.0507348
time/step,99,261.6394958496094,1790081276.7128906
time/step,100,560.5029296875,1790081837.2341275
time/step,101,259.2654113769531,1790082096.5172145
time/step,102,261.1354064941406,1790082357.671056
time/step,103,261.2701110839844,1790082618.9598665
time/step,104,260.78515625,1790082879.7618093
time/step,105,531.8798828125,1790083411.6598732
time/step,106,259.8692932128906,1790083671.5489874
time/step,107,263.019775390625,1790083934.590109
time/step,108,262.8542785644531,1790084197.464957
time/step,109,260.41265869140625,1790084457.8949213
time/step,110,536.1967163085938,1790084994.109254
time/step,111,260.2308044433594,1790085254.360254
time/step,112,262.20819091796875,1790085516.5879104
time/step,113,261.15863037109375,1790085777.7672858
time/step,114,260.85418701171875,1790086038.6406462
time/step,115,527.9962768554688,1790086566.655125
time/step,116,258.4559020996094,1790086825.129501
time/step,117,260.6269836425781,1790087085.7752132
time/step,118,260.1385498046875,1790087345.9337554
time/step,119,260.4369812011719,1790087606.3877628
time/step,120,533.4850463867188,1790088139.8906374
time/step,121,261.04632568359375,1790088400.9525812
time/step,122,260.53466796875,1790088661.5050912
time/step,123,259.5992126464844,1790088921.1223133
time/step,124,261.0669860839844,1790089182.2042623
time/step,125,528.671142578125,1790089710.8951056
time/step,126,260.23480224609375,1790089971.1495736
time/step,127,262.05120849609375,1790090233.2188146
time/step,128,260.67755126953125,1790090493.9160771
time/step,129,261.65625,1790090755.5901551
time/step,130,530.7079467773438,1790091286.3175313
time/step,131,258.29364013671875,1790091544.6296904
time/step,132,261.2698974609375,1790091805.9183588
time/step,133,261.2406005859375,1790092067.1822636
time/step,134,263.65167236328125,1790092330.8527803
time/step,135,532.05078125,1790092862.92381
time/step,136,258.41375732421875,1790093121.3561218
time/step,137,260.5937194824219,1790093381.9737108
time/env/env/bootstrap_step,1,27.606117248535156,1790050397.4246738
time/env/env/bootstrap_step,2,24.956666946411133,1790050661.3433063
time/env/env/bootstrap_step,3,23.706851959228516,1790050923.1889884
time/env/env/bootstrap_step,4,22.24532127380371,1790051184.0576866
time/env/env/bootstrap_step,5,23.26313018798828,1790051717.8034585
time/env/env/bootstrap_step,6,24.656808853149414,1790051977.7479107
time/env/env/bootstrap_step,7,24.173250198364258,1790052240.2976274
time/env/env/bootstrap_step,8,23.463775634765625,1790052502.1958237
time/env/env/bootstrap_step,9,22.90364646911621,1790052763.320377
time/env/env/bootstrap_step,10,23.132165908813477,1790053293.0929751
time/env/env/bootstrap_step,11,24.086240768432617,1790053552.2917304
time/env/env/bootstrap_step,12,22.65715789794922,1790053812.6205578
time/env/env/bootstrap_step,13,22.76572036743164,1790054073.6130857
time/env/env/bootstrap_step,14,24.18210792541504,1790054335.6301656
time/env/env/bootstrap_step,15,24.044384002685547,1790054878.905538
time/env/env/bootstrap_step,16,23.90976333618164,1790055137.846101
time/env/env/bootstrap_step,17,24.244035720825195,1790055400.158297
time/env/env/bootstrap_step,18,24.133319854736328,1790055662.6702237
time/env/env/bootstrap_step,19,24.861480712890625,1790055926.1032715
time/env/env/bootstrap_step,20,25.17856788635254,1790056466.5311644
time/env/env/bootstrap_step,21,25.996551513671875,1790056728.0235872
time/env/env/bootstrap_step,22,23.779064178466797,1790056990.8827639
time/env/env/bootstrap_step,23,25.10350799560547,1790057254.8290591
time/env/env/bootstrap_step,24,24.30678367614746,1790057516.084108
time/env/env/bootstrap_step,25,25.417152404785156,1790058061.469481
time/env/env/bootstrap_step,26,25.050092697143555,1790058321.6944075
time/env/env/bootstrap_step,27,23.459278106689453,1790058582.8937128
time/env/env/bootstrap_step,28,24.591960906982422,1790058845.5563886
time/env/env/bootstrap_step,29,23.681543350219727,1790059107.2448778
time/env/env/bootstrap_step,30,25.016860961914062,1790059649.870594
time/env/env/bootstrap_step,31,23.981002807617188,1790059909.171012
time/env/env/bootstrap_step,32,23.202625274658203,1790060169.9026008
time/env/env/bootstrap_step,33,24.016813278198242,1790060432.3495662
time/env/env/bootstrap_step,34,24.645950317382812,1790060694.9385695
time/env/env/bootstrap_step,35,24.753536224365234,1790061231.1741743
time/env/env/bootstrap_step,36,24.67152976989746,1790061491.3051982
time/env/env/bootstrap_step,37,23.259624481201172,1790061753.1336942
time/env/env/bootstrap_step,38,23.339035034179688,1790062014.8400223
time/env/env/bootstrap_step,39,24.201208114624023,1790062277.521528
time/env/env/bootstrap_step,40,23.444448471069336,1790062816.1891336
time/env/env/bootstrap_step,41,24.924213409423828,1790063076.4200172
time/env/env/bootstrap_step,42,23.38189697265625,1790063338.296075
time/env/env/bootstrap_step,43,23.040428161621094,1790063599.8754177
time/env/env/bootstrap_step,44,22.286775588989258,1790063859.6378114
time/env/env/bootstrap_step,45,22.995786666870117,1790064396.7974133
time/env/env/bootstrap_step,46,23.424381256103516,1790064656.5824656
time/env/env/bootstrap_step,47,23.673887252807617,1790064918.6250641
time/env/env/bootstrap_step,48,23.094812393188477,1790065180.8836257
time/env/env/bootstrap_step,49,23.50401496887207,1790065442.961006
time/env/env/bootstrap_step,50,22.857078552246094,1790066007.9053395
time/env/env/bootstrap_step,51,24.478960037231445,1790066267.2556171
time/env/env/bootstrap_step,52,22.885818481445312,1790066528.655252
time/env/env/bootstrap_step,53,21.669599533081055,1790066788.5474277
time/env/env/bootstrap_step,54,22.510528564453125,1790067049.508995
time/env/env/bootstrap_step,55,23.72271728515625,1790067586.9221516
time/env/env/bootstrap_step,56,23.515207290649414,1790067846.4138203
time/env/env/bootstrap_step,57,22.58457374572754,1790068107.1499052
time/env/env/bootstrap_step,58,24.52482795715332,1790068369.719137
time/env/env/bootstrap_step,59,23.41974639892578,1790068630.8100839
time/env/env/bootstrap_step,60,24.22736358642578,1790069169.7882218
time/env/env/bootstrap_step,61,23.440950393676758,1790069427.9239547
time/env/env/bootstrap_step,62,23.23307991027832,1790069690.428611
time/env/env/bootstrap_step,63,22.728246688842773,1790069952.131136
time/env/env/bootstrap_step,64,22.58401107788086,1790070213.7673106
time/env/env/bootstrap_step,65,22.58629608154297,1790070746.2347362
time/env/env/bootstrap_step,66,25.302942276000977,1790071007.8415952
time/env/env/bootstrap_step,67,23.980697631835938,1790071270.22847
time/env/env/bootstrap_step,68,23.12425994873047,1790071532.260996
time/env/env/bootstrap_step,69,24.68205451965332,1790071793.8369157
time/env/env/bootstrap_step,70,22.977495193481445,1790072332.0484583
time/env/env/bootstrap_step,71,23.97408103942871,1790072591.3836567
time/env/env/bootstrap_step,72,23.34756088256836,1790072852.8885963
time/env/env/bootstrap_step,73,23.933277130126953,1790073115.2635796
time/env/env/bootstrap_step,74,23.471805572509766,1790073376.6935177
time/env/env/bootstrap_step,75,24.055845260620117,1790073911.37139
time/env/env/bootstrap_step,76,24.031875610351562,1790074170.4325993
time/env/env/bootstrap_step,77,22.92257308959961,1790074431.6995218
time/env/env/bootstrap_step,78,23.84712028503418,1790074695.068644
time/env/env/bootstrap_step,79,23.493492126464844,1790074956.444014
time/env/env/bootstrap_step,80,23.238052368164062,1790075490.359274
time/env/env/bootstrap_step,81,23.24161148071289,1790075748.8692482
time/env/env/bootstrap_step,82,21.709735870361328,1790076009.158253
time/env/env/bootstrap_step,83,22.987329483032227,1790076270.8477998
time/env/env/bootstrap_step,84,22.827884674072266,1790076532.6541934
time/env/env/bootstrap_step,85,23.964853286743164,1790077067.654486
time/env/env/bootstrap_step,86,24.12041473388672,1790077327.4144044
time/env/env/bootstrap_step,87,23.50149917602539,1790077588.3362556
time/env/env/bootstrap_step,88,23.382665634155273,1790077850.4100015
time/env/env/bootstrap_step,89,22.854028701782227,1790078112.4857948
time/env/env/bootstrap_step,90,24.33798599243164,1790078647.4217916
time/env/env/bootstrap_step,91,25.59088706970215,1790078907.5564861
time/env/env/bootstrap_step,92,25.02132225036621,1790079170.7555404
time/env/env/bootstrap_step,93,24.23029899597168,1790079433.1272116
time/env/env/bootstrap_step,94,23.74738311767578,1790079695.7479246
time/env/env/bootstrap_step,95,22.822708129882812,1790080233.5752285
time/env/env/bootstrap_step,96,23.91098976135254,1790080493.1419466
time/env/env/bootstrap_step,97,22.681346893310547,1790080753.9774
time/env/env/bootstrap_step,98,23.189428329467773,1790081015.0507417
time/env/env/bootstrap_step,99,23.35858917236328,1790081276.7128973
time/env/env/bootstrap_step,100,21.848886489868164,1790081837.2345607
time/env/env/bootstrap_step,101,24.150169372558594,1790082096.5172215
time/env/env/bootstrap_step,102,23.130949020385742,1790082357.6710641
time/env/env/bootstrap_step,103,23.477731704711914,1790082618.9598792
time/env/env/bootstrap_step,104,23.30643653869629,1790082879.761816
time/env/env/bootstrap_step,105,22.44736671447754,1790083411.6603417
time/env/env/bootstrap_step,106,24.862056732177734,1790083671.548994
time/env/env/bootstrap_step,107,23.690216064453125,1790083934.5901165
time/env/env/bootstrap_step,108,24.253305435180664,1790084197.4649642
time/env/env/bootstrap_step,109,22.39888572692871,1790084457.8949342
time/env/env/bootstrap_step,110,22.352937698364258,1790084994.1096485
time/env/env/bootstrap_step,111,23.461772918701172,1790085254.3602617
time/env/env/bootstrap_step,112,23.37551498413086,1790085516.5879188
time/env/env/bootstrap_step,113,23.764938354492188,1790085777.767294
time/env/env/bootstrap_step,114,23.12204933166504,1790086038.6406527
time/env/env/bootstrap_step,115,22.48818016052246,1790086566.6554627
time/env/env/bootstrap_step,116,23.25403594970703,1790086825.1295075
time/env/env/bootstrap_step,117,22.68391990661621,1790087085.775222
time/env/env/bootstrap_step,118,22.890975952148438,1790087345.9337626
time/env/env/bootstrap_step,119,22.37766456604004,1790087606.387769
time/env/env/bootstrap_step,120,22.970523834228516,1790088139.8910406
time/env/env/bootstrap_step,121,25.245227813720703,1790088400.9525878
time/env/env/bootstrap_step,122,22.46527099609375,1790088661.5050986
time/env/env/bootstrap_step,123,21.99489402770996,1790088921.1223211
time/env/env/bootstrap_step,124,23.707988739013672,1790089182.20427
time/env/env/bootstrap_step,125,22.087974548339844,1790089710.8954027
time/env/env/bootstrap_step,126,25.882450103759766,1790089971.1495807
time/env/env/bootstrap_step,127,23.34502410888672,1790090233.218821
time/env/env/bootstrap_step,128,22.758169174194336,1790090493.916083
time/env/env/bootstrap_step,129,23.07463836669922,1790090755.5901613
time/env/env/bootstrap_step,130,24.352312088012695,1790091286.3180265
time/env/env/bootstrap_step,131,23.708599090576172,1790091544.6296995
time/env/env/bootstrap_step,132,23.827220916748047,1790091805.9183679
time/env/env/bootstrap_step,133,22.848670959472656,1790092067.1822703
time/env/env/bootstrap_step,134,23.87460708618164,1790092330.8527906
time/env/env/bootstrap_step,135,24.07323455810547,1790092862.9243205
time/env/env/bootstrap_step,136,23.329803466796875,1790093121.3561285
time/env/env/bootstrap_step,137,22.935800552368164,1790093381.9737208
time/env/compute_bootstrap_rewards,1,0.00022352905943989754,1790050397.4256017
time/env/compute_bootstrap_rewards,2,0.00026390329003334045,1790050661.343725
time/env/compute_bootstrap_rewards,3,0.0002724071964621544,1790050923.1899197
time/env/compute_bootstrap_rewards,4,0.00037588365375995636,1790051184.0580747
time/env/compute_bootstrap_rewards,5,0.0003480412997305393,1790051717.803467
time/env/compute_bootstrap_rewards,6,0.00037743570283055305,1790051977.7487109
time/env/compute_bootstrap_rewards,7,0.00035292375832796097,1790052240.2985294
time/env/compute_bootstrap_rewards,8,0.00042742956429719925,1790052502.1962194
time/env/compute_bootstrap_rewards,9,0.00028659217059612274,1790052763.3212006
time/env/compute_bootstrap_rewards,10,0.00039032893255352974,1790053293.092989
time/env/compute_bootstrap_rewards,11,0.00028872396796941757,1790053552.2923777
time/env/compute_bootstrap_rewards,12,0.0004091099835932255,1790053812.6209264
time/env/compute_bootstrap_rewards,13,0.00023958226665854454,1790054073.6136303
time/env/compute_bootstrap_rewards,14,0.000258580781519413,1790054335.6310492
time/env/compute_bootstrap_rewards,15,0.0002793562598526478,1790054878.9055457
time/env/compute_bootstrap_rewards,16,0.0003259330987930298,1790055137.8468451
time/env/compute_bootstrap_rewards,17,0.00027781957760453224,1790055400.1589663
time/env/compute_bootstrap_rewards,18,0.0002650688402354717,1790055662.6711497
time/env/compute_bootstrap_rewards,19,0.0002951337955892086,1790055926.1041908
time/env/compute_bootstrap_rewards,20,0.0003428775817155838,1790056466.5311794
time/env/compute_bootstrap_rewards,21,0.00022480962797999382,1790056728.0242107
time/env/compute_bootstrap_rewards,22,0.0002653505653142929,1790056990.8836715
time/env/compute_bootstrap_rewards,23,0.00025035301223397255,1790057254.8299668
time/env/compute_bootstrap_rewards,24,0.0003033941611647606,1790057516.0849519
time/env/compute_bootstrap_rewards,25,0.00032966816797852516,1790058061.4695046
time/env/compute_bootstrap_rewards,26,0.00025785667821764946,1790058321.6950727
time/env/compute_bootstrap_rewards,27,0.0007774624973535538,1790058582.89464
time/env/compute_bootstrap_rewards,28,0.0002554645761847496,1790058845.5570786
time/env/compute_bootstrap_rewards,29,0.0003774138167500496,1790059107.2456834
time/env/compute_bootstrap_rewards,30,0.0003073052503168583,1790059649.8706021
time/env/compute_bootstrap_rewards,31,0.00018705055117607117,1790059909.1715717
time/env/compute_bootstrap_rewards,32,0.0003210832364857197,1790060169.9030573
time/env/compute_bootstrap_rewards,33,0.00023921998217701912,1790060432.3504546
time/env/compute_bootstrap_rewards,34,0.00040829554200172424,1790060694.9389262
time/env/compute_bootstrap_rewards,35,0.0002740127965807915,1790061231.1741848
time/env/compute_bootstrap_rewards,36,0.000202275812625885,1790061491.306047
time/env/compute_bootstrap_rewards,37,0.0002241642214357853,1790061753.1345942
time/env/compute_bootstrap_rewards,38,0.0004261760041117668,1790062014.840941
time/env/compute_bootstrap_rewards,39,0.00028639892116189003,1790062277.5224278
time/env/compute_bootstrap_rewards,40,0.00029493309557437897,1790062816.1891406
time/env/compute_bootstrap_rewards,41,0.00028359610587358475,1790063076.4209092
time/env/compute_bootstrap_rewards,42,0.00027075689285993576,1790063338.2969558
time/env/compute_bootstrap_rewards,43,0.000264208298176527,1790063599.8763144
time/env/compute_bootstrap_rewards,44,0.0002679736353456974,1790063859.638654
time/env/compute_bootstrap_rewards,45,0.00028131529688835144,1790064396.7974231
time/env/compute_bootstrap_rewards,46,0.0003629312850534916,1790064656.58327
time/env/compute_bootstrap_rewards,47,0.0003123795613646507,1790064918.6259522
time/env/compute_bootstrap_rewards,48,0.00027868524193763733,1790065180.8845658
time/env/compute_bootstrap_rewards,49,0.00029263878241181374,1790065442.9619088
time/env/compute_bootstrap_rewards,50,0.00034147966653108597,1790066007.905347
time/env/compute_bootstrap_rewards,51,0.00022706948220729828,1790066267.2560456
time/env/compute_bootstrap_rewards,52,0.00017892243340611458,1790066528.655622
time/env/compute_bootstrap_rewards,53,0.00030006375163793564,1790066788.548354
time/env/compute_bootstrap_rewards,54,0.00032763928174972534,1790067049.5099018
time/env/compute_bootstrap_rewards,55,0.00026037823408842087,1790067586.9221601
time/env/compute_bootstrap_rewards,56,0.0003152405843138695,1790067846.4145703
time/env/compute_bootstrap_rewards,57,0.0002486822195351124,1790068107.150434
time/env/compute_bootstrap_rewards,58,0.00024296017363667488,1790068369.719801
time/env/compute_bootstrap_rewards,59,0.00029247812926769257,1790068630.8110433
time/env/compute_bootstrap_rewards,60,0.0002699480392038822,1790069169.7882447
time/env/compute_bootstrap_rewards,61,0.00018269941210746765,1790069427.924932
time/env/compute_bootstrap_rewards,62,0.0001703975722193718,1790069690.4290235
time/env/compute_bootstrap_rewards,63,0.000198430847376585,1790069952.1318946
time/env/compute_bootstrap_rewards,64,0.00032202620059251785,1790070213.7682424
time/env/compute_bootstrap_rewards,65,0.00029431935399770737,1790070746.2347438
time/env/compute_bootstrap_rewards,66,0.0002820719964802265,1790071007.84245
time/env/compute_bootstrap_rewards,67,0.00031040608882904053,1790071270.2294059
time/env/compute_bootstrap_rewards,68,0.0002431902103126049,1790071532.261865
time/env/compute_bootstrap_rewards,69,0.0002184733748435974,1790071793.838104
time/env/compute_bootstrap_rewards,70,0.0003250851295888424,1790072332.0484657
time/env/compute_bootstrap_rewards,71,0.0002886601723730564,1790072591.3845365
time/env/compute_bootstrap_rewards,72,0.00026219943538308144,1790072852.8894992
time/env/compute_bootstrap_rewards,73,0.00018869945779442787,1790073115.263947
time/env/compute_bootstrap_rewards,74,0.0003639976494014263,1790073376.694362
time/env/compute_bootstrap_rewards,75,0.0002517872489988804,1790073911.3714015
time/env/compute_bootstrap_rewards,76,0.0003135139122605324,1790074170.4329224
time/env/compute_bootstrap_rewards,77,0.00018074829131364822,1790074431.7004714
time/env/compute_bootstrap_rewards,78,0.0002102530561387539,1790074695.0695157
time/env/compute_bootstrap_rewards,79,0.000299760140478611,1790074956.4444015
time/env/compute_bootstrap_rewards,80,0.00018190592527389526,1790075490.3593235
time/env/compute_bootstrap_rewards,81,0.00026498036459088326,1790075748.8696368
time/env/compute_bootstrap_rewards,82,0.00020246999338269234,1790076009.1586041
time/env/compute_bootstrap_rewards,83,0.0002463296987116337,1790076270.8481765
time/env/compute_bootstrap_rewards,84,0.0003391397185623646,1790076532.6545622
time/env/compute_bootstrap_rewards,85,0.00018305238336324692,1790077067.654494
time/env/compute_bootstrap_rewards,86,0.0003445930778980255,1790077327.4153326
time/env/compute_bootstrap_rewards,87,0.000311198178678751,1790077588.3371458
time/env/compute_bootstrap_rewards,88,0.0002582012675702572,1790077850.4109273
time/env/compute_bootstrap_rewards,89,0.0003588572144508362,1790078112.4866393
time/env/compute_bootstrap_rewards,90,0.0002837185747921467,1790078647.4218037
time/env/compute_bootstrap_rewards,91,0.0002263789065182209,1790078907.5573406
time/env/compute_bootstrap_rewards,92,0.00020078476518392563,1790079170.7558444
time/env/compute_bootstrap_rewards,93,0.0002936720848083496,1790079433.1276162
time/env/compute_bootstrap_rewards,94,0.00035755056887865067,1790079695.748898
time/env/compute_bootstrap_rewards,95,0.0002242550253868103,1790080233.5752378
time/env/compute_bootstrap_rewards,96,0.0003407951444387436,1790080493.1428852
time/env/compute_bootstrap_rewards,97,0.00030688848346471786,1790080753.9783013
time/env/compute_bootstrap_rewards,98,0.00028524501249194145,1790081015.05155
time/env/compute_bootstrap_rewards,99,0.00028549833223223686,1790081276.7137823
time/env/compute_bootstrap_rewards,100,0.00029767444357275963,1790081837.2345686
time/env/compute_bootstrap_rewards,101,0.00031345244497060776,1790082096.5181317
time/env/compute_bootstrap_rewards,102,0.0003559631295502186,1790082357.672033
time/env/compute_bootstrap_rewards,103,0.00032388418912887573,1790082618.9602249
time/env/compute_bootstrap_rewards,104,0.00030596228316426277,1790082879.7626967
time/env/compute_bootstrap_rewards,105,0.00028125662356615067,1790083411.6603544
time/env/compute_bootstrap_rewards,106,0.00021864986047148705,1790083671.5498855
time/env/compute_bootstrap_rewards,107,0.00022598681971430779,1790083934.591062
time/env/compute_bootstrap_rewards,108,0.00022105500102043152,1790084197.4653482
time/env/compute_bootstrap_rewards,109,0.00021064188331365585,1790084457.8956103
time/env/compute_bootstrap_rewards,110,0.00026041874662041664,1790084994.1096566
time/env/compute_bootstrap_rewards,111,0.00024321069940924644,1790085254.3610804
time/env/compute_bootstrap_rewards,112,0.00029906583949923515,1790085516.5888677
time/env/compute_bootstrap_rewards,113,0.00028505362570285797,1790085777.7682831
time/env/compute_bootstrap_rewards,114,0.00037598004564642906,1790086038.6413739
time/env/compute_bootstrap_rewards,115,0.00021651387214660645,1790086566.6554713
time/env/compute_bootstrap_rewards,116,0.00022716959938406944,1790086825.1302524
time/env/compute_bootstrap_rewards,117,0.00032907724380493164,1790087085.7759664
time/env/compute_bootstrap_rewards,118,0.00039597926661372185,1790087345.9346733
time/env/compute_bootstrap_rewards,119,0.0003203079104423523,1790087606.3886178
time/env/compute_bootstrap_rewards,120,0.0003245617263019085,1790088139.891049
time/env/compute_bootstrap_rewards,121,0.0003352295607328415,1790088400.9528837
time/env/compute_bootstrap_rewards,122,0.0002163485623896122,1790088661.5058048
time/env/compute_bootstrap_rewards,123,0.00033756624907255173,1790088921.1226828
time/env/compute_bootstrap_rewards,124,0.00021011009812355042,1790089182.2045014
time/env/compute_bootstrap_rewards,125,0.00036520930007100105,1790089710.8954113
time/env/compute_bootstrap_rewards,126,0.0002392972819507122,1790089971.1502597
time/env/compute_bootstrap_rewards,127,0.0002801460213959217,1790090233.2197413
time/env/compute_bootstrap_rewards,128,0.00019217608496546745,1790090493.9170058
time/env/compute_bootstrap_rewards,129,0.0002992115914821625,1790090755.591026
time/env/compute_bootstrap_rewards,130,0.00025080516934394836,1790091286.3180363
time/env/compute_bootstrap_rewards,131,0.0003634057939052582,1790091544.6305068
time/env/compute_bootstrap_rewards,132,0.0002636951394379139,1790091805.9192572
time/env/compute_bootstrap_rewards,133,0.00024776114150881767,1790092067.18319
time/env/compute_bootstrap_rewards,134,0.0002915547229349613,1790092330.8537197
time/env/compute_bootstrap_rewards,135,0.0003577037714421749,1790092862.9243333
time/env/compute_bootstrap_rewards,136,0.00029689399525523186,1790093121.356968
time/env/compute_bootstrap_rewards,137,0.00025685830041766167,1790093381.974654
time/env/env_interact_step,1,9.16293716430664,1790050397.4256089
time/env/env_interact_step,2,8.978355407714844,1790050661.3437326
time/env/env_interact_step,3,8.637466430664062,1790050923.189934
time/env/env_interact_step,4,8.772257804870605,1790051184.0580823
time/env/env_interact_step,5,8.504971504211426,1790051717.803474
time/env/env_interact_step,6,9.353575706481934,1790051977.7487178
time/env/env_interact_step,7,9.55007266998291,1790052240.2985373
time/env/env_interact_step,8,9.644071578979492,1790052502.1962264
time/env/env_interact_step,9,8.687286376953125,1790052763.3212082
time/env/env_interact_step,10,8.824065208435059,1790053293.0930018
time/env/env_interact_step,11,8.690008163452148,1790053552.292384
time/env/env_interact_step,12,8.956392288208008,1790053812.6209333
time/env/env_interact_step,13,8.715444564819336,1790054073.6136372
time/env/env_interact_step,14,8.639174461364746,1790054335.6310556
time/env/env_interact_step,15,9.014410018920898,1790054878.905552
time/env/env_interact_step,16,8.590170860290527,1790055137.8468535
time/env/env_interact_step,17,8.586812973022461,1790055400.1589732
time/env/env_interact_step,18,8.707182884216309,1790055662.6711566
time/env/env_interact_step,19,9.019815444946289,1790055926.1041977
time/env/env_interact_step,20,8.70013427734375,1790056466.5311933
time/env/env_interact_step,21,9.139811515808105,1790056728.0242198
time/env/env_interact_step,22,9.684581756591797,1790056990.8836782
time/env/env_interact_step,23,9.714676856994629,1790057254.8299737
time/env/env_interact_step,24,8.476444244384766,1790057516.0849593
time/env/env_interact_step,25,8.961637496948242,1790058061.4695253
time/env/env_interact_step,26,8.90570068359375,1790058321.6950803
time/env/env_interact_step,27,8.883262634277344,1790058582.8946476
time/env/env_interact_step,28,8.895215034484863,1790058845.5570877
time/env/env_interact_step,29,8.673444747924805,1790059107.2456913
time/env/env_interact_step,30,9.024526596069336,1790059649.870609
time/env/env_interact_step,31,9.107189178466797,1790059909.1715813
time/env/env_interact_step,32,8.752470970153809,1790060169.9030645
time/env/env_interact_step,33,9.43802547454834,1790060432.3504622
time/env/env_interact_step,34,8.71354866027832,1790060694.9389336
time/env/env_interact_step,35,8.454493522644043,1790061231.1741939
time/env/env_interact_step,36,9.044605255126953,1790061491.3060565
time/env/env_interact_step,37,9.442535400390625,1790061753.1346009
time/env/env_interact_step,38,9.115632057189941,1790062014.8409488
time/env/env_interact_step,39,8.951926231384277,1790062277.5224354
time/env/env_interact_step,40,9.42335033416748,1790062816.1891463
time/env/env_interact_step,41,8.376480102539062,1790063076.4209168
time/env/env_interact_step,42,8.818366050720215,1790063338.2969637
time/env/env_interact_step,43,9.118419647216797,1790063599.8763237
time/env/env_interact_step,44,8.331870079040527,1790063859.6386614
time/env/env_interact_step,45,8.521331787109375,1790064396.7974315
time/env/env_interact_step,46,9.622506141662598,1790064656.5832765
time/env/env_interact_step,47,8.891626358032227,1790064918.6259594
time/env/env_interact_step,48,9.010560035705566,1790065180.8845716
time/env/env_interact_step,49,8.818811416625977,1790065442.9619167
time/env/env_interact_step,50,9.495436668395996,1790066007.9053543
time/env/env_interact_step,51,9.111309051513672,1790066267.2560766
time/env/env_interact_step,52,8.922039031982422,1790066528.6556296
time/env/env_interact_step,53,8.253625869750977,1790066788.5483606
time/env/env_interact_step,54,8.632498741149902,1790067049.509909
time/env/env_interact_step,55,8.957786560058594,1790067586.9221683
time/env/env_interact_step,56,9.310174942016602,1790067846.4145775
time/env/env_interact_step,57,9.044069290161133,1790068107.15044
time/env/env_interact_step,58,8.803302764892578,1790068369.7198071
time/env/env_interact_step,59,8.181400299072266,1790068630.811052
time/env/env_interact_step,60,8.670328140258789,1790069169.7882597
time/env/env_interact_step,61,8.464235305786133,1790069427.9249418
time/env/env_interact_step,62,9.200895309448242,1790069690.4290307
time/env/env_interact_step,63,9.345955848693848,1790069952.1319015
time/env/env_interact_step,64,9.212396621704102,1790070213.768249
time/env/env_interact_step,65,9.012357711791992,1790070746.2347507
time/env/env_interact_step,66,9.444458961486816,1790071007.8424573
time/env/env_interact_step,67,8.316370964050293,1790071270.2294126
time/env/env_interact_step,68,9.016441345214844,1790071532.261872
time/env/env_interact_step,69,8.111918449401855,1790071793.838112
time/env/env_interact_step,70,9.104814529418945,1790072332.0484731
time/env/env_interact_step,71,9.02884578704834,1790072591.384543
time/env/env_interact_step,72,8.36697769165039,1790072852.8895066
time/env/env_interact_step,73,8.790316581726074,1790073115.263953
time/env/env_interact_step,74,8.489930152893066,1790073376.6943688
time/env/env_interact_step,75,9.389083862304688,1790073911.3714092
time/env/env_interact_step,76,8.583396911621094,1790074170.4329288
time/env/env_interact_step,77,8.838478088378906,1790074431.7004788
time/env/env_interact_step,78,9.357192039489746,1790074695.0695236
time/env/env_interact_step,79,8.501672744750977,1790074956.4444077
time/env/env_interact_step,80,9.15832233428955,1790075490.3593502
time/env/env_interact_step,81,8.82392406463623,1790075748.8696432
time/env/env_interact_step,82,8.850791931152344,1790076009.158614
time/env/env_interact_step,83,9.131089210510254,1790076270.8481832
time/env/env_interact_step,84,9.009106636047363,1790076532.654569
time/env/env_interact_step,85,9.175687789916992,1790077067.6545014
time/env/env_interact_step,86,9.121537208557129,1790077327.4153397
time/env/env_interact_step,87,8.214571952819824,1790077588.337153
time/env/env_interact_step,88,9.682133674621582,1790077850.410934
time/env/env_interact_step,89,9.145115852355957,1790078112.486647
time/env/env_interact_step,90,8.49440860748291,1790078647.4218123
time/env/env_interact_step,91,8.45738410949707,1790078907.5573478
time/env/env_interact_step,92,8.990756034851074,1790079170.7558517
time/env/env_interact_step,93,8.789681434631348,1790079433.12763
time/env/env_interact_step,94,8.670478820800781,1790079695.7489173
time/env/env_interact_step,95,9.544550895690918,1790080233.5752475
time/env/env_interact_step,96,9.098626136779785,1790080493.142892
time/env/env_interact_step,97,8.812725067138672,1790080753.9783077
time/env/env_interact_step,98,8.663037300109863,1790081015.0515566
time/env/env_interact_step,99,8.561310768127441,1790081276.713789
time/env/env_interact_step,100,9.213380813598633,1790081837.2345755
time/env/env_interact_step,101,9.474080085754395,1790082096.5181384
time/env/env_interact_step,102,8.932819366455078,1790082357.6720405
time/env/env_interact_step,103,8.687734603881836,1790082618.9602475
time/env/env_interact_step,104,8.045268058776855,1790082879.7627032
time/env/env_interact_step,105,8.395783424377441,1790083411.660363
time/env/env_interact_step,106,8.558987617492676,1790083671.5498927
time/env/env_interact_step,107,9.685599327087402,1790083934.59107
time/env/env_interact_step,108,8.940154075622559,1790084197.465356
time/env/env_interact_step,109,8.962198257446289,1790084457.8956194
time/env/env_interact_step,110,9.283655166625977,1790084994.1096642
time/env/env_interact_step,111,9.812582015991211,1790085254.3610878
time/env/env_interact_step,112,9.510296821594238,1790085516.5888765
time/env/env_interact_step,113,8.446008682250977,1790085777.7682915
time/env/env_interact_step,114,8.431307792663574,1790086038.6413808
time/env/env_interact_step,115,9.028304100036621,1790086566.65548
time/env/env_interact_step,116,8.84488296508789,1790086825.1302593
time/env/env_interact_step,117,9.14671516418457,1790087085.775975
time/env/env_interact_step,118,8.675518989562988,1790087345.9346805
time/env/env_interact_step,119,9.01331615447998,1790087606.388625
time/env/env_interact_step,120,8.483299255371094,1790088139.8910565
time/env/env_interact_step,121,9.494349479675293,1790088400.9528904
time/env/env_interact_step,122,8.991435050964355,1790088661.5058117
time/env/env_interact_step,123,8.545744895935059,1790088921.1226914
time/env/env_interact_step,124,8.504622459411621,1790089182.2045095
time/env/env_interact_step,125,8.619772911071777,1790089710.8954184
time/env/env_interact_step,126,8.355062484741211,1790089971.1502664
time/env/env_interact_step,127,8.929927825927734,1790090233.219748
time/env/env_interact_step,128,8.58460521697998,1790090493.9170125
time/env/env_interact_step,129,9.066259384155273,1790090755.5910327
time/env/env_interact_step,130,8.669310569763184,1790091286.3180442
time/env/env_interact_step,131,8.253910064697266,1790091544.6305163
time/env/env_interact_step,132,8.380049705505371,1790091805.9192655
time/env/env_interact_step,133,9.239238739013672,1790092067.1831968
time/env/env_interact_step,134,9.626981735229492,1790092330.8537338
time/env/env_interact_step,135,8.572555541992188,1790092862.924344
time/env/env_interact_step,136,9.02932071685791,1790093121.3569746
time/env/env_interact_step,137,9.130127906799316,1790093381.9746642
time/env/run_interact_once,1,39.35470199584961,1790050397.425615
time/env/run_interact_once,2,35.11259078979492,1790050661.3437388
time/env/run_interact_once,3,33.49457550048828,1790050923.189947
time/env/run_interact_once,4,32.274417877197266,1790051184.0580895
time/env/run_interact_once,5,32.887962341308594,1790051717.8034806
time/env/run_interact_once,6,35.238826751708984,1790051977.7487237
time/env/run_interact_once,7,34.93436050415039,1790052240.2985437
time/env/run_interact_once,8,34.22373580932617,1790052502.196239
time/env/run_interact_once,9,32.64892578125,1790052763.3212152
time/env/run_interact_once,10,33.17028045654297,1790053293.0930142
time/env/run_interact_once,11,33.98526382446289,1790053552.29239
time/env/run_interact_once,12,32.752933502197266,1790053812.62094
time/env/run_interact_once,13,32.67226028442383,1790054073.6136434
time/env/run_interact_once,14,33.91152572631836,1790054335.6310616
time/env/run_interact_once,15,34.275970458984375,1790054878.9055579
time/env/run_interact_once,16,33.72624969482422,1790055137.84686
time/env/run_interact_once,17,34.034210205078125,1790055400.15898
time/env/run_interact_once,18,34.10869598388672,1790055662.6711628
time/env/run_interact_once,19,35.086360931396484,1790055926.1042037
time/env/run_interact_once,20,35.02705001831055,1790056466.5312066
time/env/run_interact_once,21,36.33497619628906,1790056728.0242274
time/env/run_interact_once,22,34.679161071777344,1790056990.8836844
time/env/run_interact_once,23,36.06686782836914,1790057254.8299794
time/env/run_interact_once,24,33.870662689208984,1790057516.0849664
time/env/run_interact_once,25,35.582828521728516,1790058061.4695454
time/env/run_interact_once,26,35.16871643066406,1790058321.6950872
time/env/run_interact_once,27,33.474151611328125,1790058582.8946545
time/env/run_interact_once,28,34.70369338989258,1790058845.5570958
time/env/run_interact_once,29,33.45429611206055,1790059107.2456982
time/env/run_interact_once,30,35.264678955078125,1790059649.8706157
time/env/run_interact_once,31,34.31561279296875,1790059909.1715894
time/env/run_interact_once,32,33.13588333129883,1790060169.903071
time/env/run_interact_once,33,34.6758918762207,1790060432.3504689
time/env/run_interact_once,34,34.57670211791992,1790060694.938939
time/env/run_interact_once,35,34.37470245361328,1790061231.1742032
time/env/run_interact_once,36,34.939945220947266,1790061491.3060648
time/env/run_interact_once,37,33.871315002441406,1790061753.1346068
time/env/run_interact_once,38,33.646793365478516,1790062014.8409562
time/env/run_interact_once,39,34.371917724609375,1790062277.5224414
time/env/run_interact_once,40,34.09051513671875,1790062816.189152
time/env/run_interact_once,41,34.44377899169922,1790063076.4209225
time/env/run_interact_once,42,33.36180877685547,1790063338.2969706
time/env/run_interact_once,43,33.34813690185547,1790063599.8763309
time/env/run_interact_once,44,31.833728790283203,1790063859.6386678
time/env/run_interact_once,45,32.60222244262695,1790064396.7974398
time/env/run_interact_once,46,34.250484466552734,1790064656.5832827
time/env/run_interact_once,47,33.790714263916016,1790064918.6259649
time/env/run_interact_once,48,33.31822967529297,1790065180.8845763
time/env/run_interact_once,49,33.608917236328125,1790065442.9619236
time/env/run_interact_once,50,33.62028121948242,1790066007.9053614
time/env/run_interact_once,51,34.7155647277832,1790066267.256093
time/env/run_interact_once,52,33.02824020385742,1790066528.6556365
time/env/run_interact_once,53,31.11822509765625,1790066788.5483665
time/env/run_interact_once,54,32.35264587402344,1790067049.509915
time/env/run_interact_once,55,33.89530563354492,1790067586.9221756
time/env/run_interact_once,56,34.07825469970703,1790067846.414584
time/env/run_interact_once,57,32.7689323425293,1790068107.150446
time/env/run_interact_once,58,34.48800277709961,1790068369.719813
time/env/run_interact_once,59,32.81828689575195,1790068630.81106
time/env/run_interact_once,60,34.07864761352539,1790069169.788272
time/env/run_interact_once,61,33.10800552368164,1790069427.9249501
time/env/run_interact_once,62,33.6527099609375,1790069690.4290376
time/env/run_interact_once,63,33.381431579589844,1790069952.131907
time/env/run_interact_once,64,33.05716323852539,1790070213.7682552
time/env/run_interact_once,65,32.80659484863281,1790070746.2347577
time/env/run_interact_once,66,35.93217849731445,1790071007.842464
time/env/run_interact_once,67,33.504798889160156,1790071270.2294185
time/env/run_interact_once,68,33.359134674072266,1790071532.261878
time/env/run_interact_once,69,33.85182571411133,1790071793.8381193
time/env/run_interact_once,70,33.23765563964844,1790072332.04848
time/env/run_interact_once,71,34.22455978393555,1790072591.3845494
time/env/run_interact_once,72,32.92487335205078,1790072852.889513
time/env/run_interact_once,73,33.95543670654297,1790073115.2639587
time/env/run_interact_once,74,33.193660736083984,1790073376.6943753
time/env/run_interact_once,75,34.65302276611328,1790073911.371416
time/env/run_interact_once,76,33.79385757446289,1790074170.4329343
time/env/run_interact_once,77,32.959938049316406,1790074431.7004852
time/env/run_interact_once,78,34.34404754638672,1790074695.0695314
time/env/run_interact_once,79,33.176055908203125,1790074956.4444132
time/env/run_interact_once,80,33.52897262573242,1790075490.3593729
time/env/run_interact_once,81,33.27702713012695,1790075748.8696496
time/env/run_interact_once,82,31.72138214111328,1790076009.1586232
time/env/run_interact_once,83,33.39106750488281,1790076270.8481894
time/env/run_interact_once,84,33.03495407104492,1790076532.6545756
time/env/run_interact_once,85,34.38351058959961,1790077067.654509
time/env/run_interact_once,86,34.472511291503906,1790077327.415346
time/env/run_interact_once,87,32.92977523803711,1790077588.3371592
time/env/run_interact_once,88,34.28517150878906,1790077850.4109416
time/env/run_interact_once,89,33.24215316772461,1790078112.4866543
time/env/run_interact_once,90,34.051116943359375,1790078647.4218206
time/env/run_interact_once,91,35.141048431396484,1790078907.5573537
time/env/run_interact_once,92,35.23037338256836,1790079170.7558587
time/env/run_interact_once,93,34.23393630981445,1790079433.1276405
time/env/run_interact_once,94,33.627197265625,1790079695.7489302
time/env/run_interact_once,95,33.57371139526367,1790080233.5752563
time/env/run_interact_once,96,34.22515869140625,1790080493.1428976
time/env/run_interact_once,97,32.73805236816406,1790080753.9783137
time/env/run_interact_once,98,33.02653121948242,1790081015.0515628
time/env/run_interact_once,99,33.106597900390625,1790081276.7137954
time/env/run_interact_once,100,32.23310470581055,1790081837.2345822
time/env/run_interact_once,101,34.82622528076172,1790082096.5181444
time/env/run_interact_once,102,33.200347900390625,1790082357.6720476
time/env/run_interact_once,103,33.37006378173828,1790082618.9602585
time/env/run_interact_once,104,32.52796173095703,1790082879.7627091
time/env/run_interact_once,105,32.039085388183594,1790083411.6603742
time/env/run_interact_once,106,34.641319274902344,1790083671.5498989
time/env/run_interact_once,107,34.59218215942383,1790083934.5910766
time/env/run_interact_once,108,34.41005325317383,1790084197.4653628
time/env/run_interact_once,109,32.453453063964844,1790084457.895628
time/env/run_interact_once,110,32.90666198730469,1790084994.1096716
time/env/run_interact_once,111,34.541202545166016,1790085254.3610947
time/env/run_interact_once,112,34.09757614135742,1790085516.5888846
time/env/run_interact_once,113,33.42074203491211,1790085777.768299
time/env/run_interact_once,114,32.75686264038086,1790086038.6413872
time/env/run_interact_once,115,32.732322692871094,1790086566.6554875
time/env/run_interact_once,116,33.26478958129883,1790086825.1302648
time/env/run_interact_once,117,33.05093765258789,1790087085.7759826
time/env/run_interact_once,118,32.69867706298828,1790087345.9346864
time/env/run_interact_once,119,32.51947021484375,1790087606.3886328
time/env/run_interact_once,120,32.60556411743164,1790088139.8910644
time/env/run_interact_once,121,35.94853973388672,1790088400.9528964
time/env/run_interact_once,122,32.54553985595703,1790088661.5058174
time/env/run_interact_once,123,31.736284255981445,1790088921.1226985
time/env/run_interact_once,124,33.414939880371094,1790089182.204516
time/env/run_interact_once,125,31.906457901000977,1790089710.8954258
time/env/run_interact_once,126,35.326873779296875,1790089971.1502726
time/env/run_interact_once,127,33.49473571777344,1790090233.219754
time/env/run_interact_once,128,32.54062271118164,1790090493.917018
time/env/run_interact_once,129,33.33716583251953,1790090755.591039
time/env/run_interact_once,130,34.13982009887695,1790091286.318052
time/env/run_interact_once,131,33.17448806762695,1790091544.6305244
time/env/run_interact_once,132,33.40883255004883,1790091805.919273
time/env/run_interact_once,133,33.30171203613281,1790092067.1832027
time/env/run_interact_once,134,34.706268310546875,1790092330.853745
time/env/run_interact_once,135,33.89210891723633,1790092862.9243548
time/env/run_interact_once,136,33.55961227416992,1790093121.3569808
time/env/run_interact_once,137,33.20039367675781,1790093381.9746737
time/env/interact,1,39.35478210449219,1790050397.4256213
time/env/interact,2,35.112667083740234,1790050661.3437452
time/env/interact,3,33.49465560913086,1790050923.1899607
time/env/interact,4,32.27449035644531,1790051184.0580962
time/env/interact,5,32.888038635253906,1790051717.8034873
time/env/interact,6,35.2389030456543,1790051977.74873
time/env/interact,7,34.93439865112305,1790052240.2985497
time/env/interact,8,34.22377395629883,1790052502.1962457
time/env/interact,9,32.64896011352539,1790052763.321222
time/env/interact,10,33.170326232910156,1790053293.0930276
time/env/interact,11,33.985355377197266,1790053552.2923963
time/env/interact,12,32.75299835205078,1790053812.6209462
time/env/interact,13,32.67231750488281,1790054073.6136496
time/env/interact,14,33.91157531738281,1790054335.6310678
time/env/interact,15,34.27602767944336,1790054878.9055638
time/env/interact,16,33.72629165649414,1790055137.846867
time/env/interact,17,34.034244537353516,1790055400.1589868
time/env/interact,18,34.10873031616211,1790055662.6711693
time/env/interact,19,35.08640670776367,1790055926.10421
time/env/interact,20,35.02712631225586,1790056466.5312197
time/env/interact,21,36.33506393432617,1790056728.0242467
time/env/interact,22,34.67920684814453,1790056990.8836904
time/env/interact,23,36.066917419433594,1790057254.8299856
time/env/interact,24,33.87070083618164,1790057516.0849733
time/env/interact,25,35.5828742980957,1790058061.469566
time/env/interact,26,35.16877746582031,1790058321.6950943
time/env/interact,27,33.47419357299805,1790058582.8946614
time/env/interact,28,34.70375061035156,1790058845.5571036
time/env/interact,29,33.454349517822266,1790059107.2457051
time/env/interact,30,35.2647590637207,1790059649.8706224
time/env/interact,31,34.31568145751953,1790059909.1715975
time/env/interact,32,33.135929107666016,1790060169.9030774
time/env/interact,33,34.675941467285156,1790060432.3504755
time/env/interact,34,34.57674026489258,1790060694.938945
time/env/interact,35,34.3747444152832,1790061231.1742115
time/env/interact,36,34.939998626708984,1790061491.3060734
time/env/interact,37,33.87137985229492,1790061753.1346126
time/env/interact,38,33.6468391418457,1790062014.8409631
time/env/interact,39,34.37196731567383,1790062277.5224483
time/env/interact,40,34.09054946899414,1790062816.189158
time/env/interact,41,34.44385528564453,1790063076.4209282
time/env/interact,42,33.361854553222656,1790063338.296977
time/env/interact,43,33.348175048828125,1790063599.8763385
time/env/interact,44,31.833770751953125,1790063859.638674
time/env/interact,45,32.60226058959961,1790064396.7974484
time/env/interact,46,34.250553131103516,1790064656.5832908
time/env/interact,47,33.7907600402832,1790064918.6259708
time/env/interact,48,33.31828308105469,1790065180.8845813
time/env/interact,49,33.60899353027344,1790065442.96193
time/env/interact,50,33.620361328125,1790066007.9053686
time/env/interact,51,34.715633392333984,1790066267.2561066
time/env/interact,52,33.02827072143555,1790066528.6556432
time/env/interact,53,31.11829376220703,1790066788.548373
time/env/interact,54,32.352699279785156,1790067049.5099213
time/env/interact,55,33.89535140991211,1790067586.9221833
time/env/interact,56,34.078311920166016,1790067846.4145901
time/env/interact,57,32.769004821777344,1790068107.1504507
time/env/interact,58,34.488037109375,1790068369.719819
time/env/interact,59,32.81832504272461,1790068630.8110676
time/env/interact,60,34.07869338989258,1790069169.7882848
time/env/interact,61,33.10810089111328,1790069427.9249587
time/env/interact,62,33.65274429321289,1790069690.4290445
time/env/interact,63,33.38149642944336,1790069952.131913
time/env/interact,64,33.05721664428711,1790070213.768262
time/env/interact,65,32.80663299560547,1790070746.2347646
time/env/interact,66,35.9322395324707,1790071007.842471
time/env/interact,67,33.50485610961914,1790071270.229425
time/env/interact,68,33.35918426513672,1790071532.2618845
time/env/interact,69,33.85185623168945,1790071793.8381264
time/env/interact,70,33.23772430419922,1790072332.0484867
time/env/interact,71,34.224632263183594,1790072591.3845558
time/env/interact,72,32.9249382019043,1790072852.8895195
time/env/interact,73,33.955482482910156,1790073115.2639642
time/env/interact,74,33.19371032714844,1790073376.694381
time/env/interact,75,34.65306091308594,1790073911.371423
time/env/interact,76,33.79393768310547,1790074170.4329405
time/env/interact,77,32.959964752197266,1790074431.7004914
time/env/interact,78,34.344120025634766,1790074695.0695384
time/env/interact,79,33.17609405517578,1790074956.4444194
time/env/interact,80,33.529022216796875,1790075490.3593965
time/env/interact,81,33.2770881652832,1790075748.869656
time/env/interact,82,31.721445083618164,1790076009.1586323
time/env/interact,83,33.39110565185547,1790076270.8481956
time/env/interact,84,33.03500747680664,1790076532.6545823
time/env/interact,85,34.38353729248047,1790077067.6545165
time/env/interact,86,34.47257995605469,1790077327.415352
time/env/interact,87,32.929847717285156,1790077588.3371656
time/env/interact,88,34.28521728515625,1790077850.410948
time/env/interact,89,33.2421989440918,1790078112.486662
time/env/interact,90,34.05115509033203,1790078647.421828
time/env/interact,91,35.141117095947266,1790078907.5573597
time/env/interact,92,35.23041915893555,1790079170.7558656
time/env/interact,93,34.233970642089844,1790079433.1276505
time/env/interact,94,33.62726593017578,1790079695.7489395
time/env/interact,95,33.573734283447266,1790080233.5752652
time/env/interact,96,34.22523498535156,1790080493.1429033
time/env/interact,97,32.738094329833984,1790080753.9783196
time/env/interact,98,33.02657699584961,1790081015.0515687
time/env/interact,99,33.10663604736328,1790081276.7138011
time/env/interact,100,32.233177185058594,1790081837.2345886
time/env/interact,101,34.82628631591797,1790082096.5181503
time/env/interact,102,33.200401306152344,1790082357.6720548
time/env/interact,103,33.37010192871094,1790082618.960268
time/env/interact,104,32.52799987792969,1790082879.762715
time/env/interact,105,32.039119720458984,1790083411.660384
time/env/interact,106,34.641380310058594,1790083671.5499046
time/env/interact,107,34.59224319458008,1790083934.5910833
time/env/interact,108,34.41008377075195,1790084197.4653695
time/env/interact,109,32.453521728515625,1790084457.8956363
time/env/interact,110,32.90669250488281,1790084994.1096795
time/env/interact,111,34.541259765625,1790085254.3611019
time/env/interact,112,34.09762191772461,1790085516.588893
time/env/interact,113,33.420772552490234,1790085777.7683063
time/env/interact,114,32.756935119628906,1790086038.6413934
time/env/interact,115,32.732357025146484,1790086566.655495
time/env/interact,116,33.26484680175781,1790086825.130271
time/env/interact,117,33.05098342895508,1790087085.77599
time/env/interact,118,32.69871520996094,1790087345.9346921
time/env/interact,119,32.5195198059082,1790087606.3886392
time/env/interact,120,32.60563278198242,1790088139.891073
time/env/interact,121,35.94859313964844,1790088400.9529023
time/env/interact,122,32.545570373535156,1790088661.505823
time/env/interact,123,31.736352920532227,1790088921.1227052
time/env/interact,124,33.41497039794922,1790089182.2045226
time/env/interact,125,31.906513214111328,1790089710.8954332
time/env/interact,126,35.326961517333984,1790089971.1502793
time/env/interact,127,33.49481201171875,1790090233.2197602
time/env/interact,128,32.5406494140625,1790090493.9170232
time/env/interact,129,33.337242126464844,1790090755.591045
time/env/interact,130,34.139862060546875,1790091286.3180604
time/env/interact,131,33.1745491027832,1790091544.630532
time/env/interact,132,33.40887451171875,1790091805.9192803
time/env/interact,133,33.3017463684082,1790092067.1832085
time/env/interact,134,34.70633316040039,1790092330.8537543
time/env/interact,135,33.89216995239258,1790092862.924366
time/env/interact,136,33.55967330932617,1790093121.3569872
time/env/interact,137,33.200435638427734,1790093381.9746823
time/rollout/sync_model_from_actor,1,3.0855729579925537,1790050397.425627
time/rollout/sync_model_from_actor,2,5.944366931915283,1790050661.3437521
time/rollout/sync_model_from_actor,3,5.527543544769287,1790050923.1899745
time/rollout/sync_model_from_actor,4,5.398998737335205,1790051184.0581028
time/rollout/sync_model_from_actor,5,10.10437297821045,1790051717.803501
time/rollout/sync_model_from_actor,6,1.5574095249176025,1790051977.7487354
time/rollout/sync_model_from_actor,7,5.055660724639893,1790052240.2985559
time/rollout/sync_model_from_actor,8,4.816049575805664,1790052502.1962523
time/rollout/sync_model_from_actor,9,5.486371994018555,1790052763.321229
time/rollout/sync_model_from_actor,10,9.493524551391602,1790053293.0930533
time/rollout/sync_model_from_actor,11,1.6203535795211792,1790053552.292402
time/rollout/sync_model_from_actor,12,4.942276477813721,1790053812.620952
time/rollout/sync_model_from_actor,13,4.750214099884033,1790054073.6136556
time/rollout/sync_model_from_actor,14,5.194668292999268,1790054335.6310732
time/rollout/sync_model_from_actor,15,9.984143257141113,1790054878.9055758
time/rollout/sync_model_from_actor,16,1.4879732131958008,1790055137.8468738
time/rollout/sync_model_from_actor,17,5.13092041015625,1790055400.1589935
time/rollout/sync_model_from_actor,18,5.073626518249512,1790055662.671176
time/rollout/sync_model_from_actor,19,5.163017272949219,1790055926.1042163
time/rollout/sync_model_from_actor,20,10.132892608642578,1790056466.5312476
time/rollout/sync_model_from_actor,21,1.641974925994873,1790056728.024255
time/rollout/sync_model_from_actor,22,5.156777858734131,1790056990.8836963
time/rollout/sync_model_from_actor,23,5.09476900100708,1790057254.8299913
time/rollout/sync_model_from_actor,24,4.70864725112915,1790057516.0849798
time/rollout/sync_model_from_actor,25,10.126724243164062,1790058061.469605
time/rollout/sync_model_from_actor,26,1.594661831855774,1790058321.6951013
time/rollout/sync_model_from_actor,27,4.966195583343506,1790058582.8946683
time/rollout/sync_model_from_actor,28,4.952338218688965,1790058845.557111
time/rollout/sync_model_from_actor,29,4.706428050994873,1790059107.2457118
time/rollout/sync_model_from_actor,30,10.035459518432617,1790059649.8706362
time/rollout/sync_model_from_actor,31,1.5250276327133179,1790059909.171605
time/rollout/sync_model_from_actor,32,4.731436252593994,1790060169.9030833
time/rollout/sync_model_from_actor,33,4.847591876983643,1790060432.3504825
time/rollout/sync_model_from_actor,34,4.668293476104736,1790060694.938951
time/rollout/sync_model_from_actor,35,9.789567947387695,1790061231.1742287
time/rollout/sync_model_from_actor,36,1.5187314748764038,1790061491.306082
time/rollout/sync_model_from_actor,37,4.972470760345459,1790061753.134618
time/rollout/sync_model_from_actor,38,4.969186782836914,1790062014.8409708
time/rollout/sync_model_from_actor,39,4.822185516357422,1790062277.5224547
time/rollout/sync_model_from_actor,40,9.895893096923828,1790062816.1891696
time/rollout/sync_model_from_actor,41,1.5064669847488403,1790063076.4209344
time/rollout/sync_model_from_actor,42,5.07089900970459,1790063338.2969837
time/rollout/sync_model_from_actor,43,4.745033264160156,1790063599.8763466
time/rollout/sync_model_from_actor,44,4.776425361633301,1790063859.6386795
time/rollout/sync_model_from_actor,45,10.230283737182617,1790064396.7974663
time/rollout/sync_model_from_actor,46,1.5253525972366333,1790064656.5832973
time/rollout/sync_model_from_actor,47,4.883098602294922,1790064918.6259768
time/rollout/sync_model_from_actor,48,5.276503086090088,1790065180.8845863
time/rollout/sync_model_from_actor,49,4.9545674324035645,1790065442.9619367
time/rollout/sync_model_from_actor,50,10.279004096984863,1790066007.9053822
time/rollout/sync_model_from_actor,51,1.2635825872421265,1790066267.256118
time/rollout/sync_model_from_actor,52,4.9651384353637695,1790066528.6556504
time/rollout/sync_model_from_actor,53,5.121738433837891,1790066788.548379
time/rollout/sync_model_from_actor,54,5.119673252105713,1790067049.5099275
time/rollout/sync_model_from_actor,55,10.186911582946777,1790067586.9222
time/rollout/sync_model_from_actor,56,1.4647125005722046,1790067846.4145958
time/rollout/sync_model_from_actor,57,5.0353851318359375,1790068107.150455
time/rollout/sync_model_from_actor,58,4.9156060218811035,1790068369.7198248
time/rollout/sync_model_from_actor,59,5.2111077308654785,1790068630.8110752
time/rollout/sync_model_from_actor,60,10.214107513427734,1790069169.788309
time/rollout/sync_model_from_actor,61,1.4663105010986328,1790069427.924967
time/rollout/sync_model_from_actor,62,5.042258262634277,1790069690.429051
time/rollout/sync_model_from_actor,63,4.814296245574951,1790069952.131919
time/rollout/sync_model_from_actor,64,4.760281562805176,1790070213.7682676
time/rollout/sync_model_from_actor,65,9.634052276611328,1790070746.2347784
time/rollout/sync_model_from_actor,66,1.7236911058425903,1790071007.8424778
time/rollout/sync_model_from_actor,67,5.065872669219971,1790071270.2294307
time/rollout/sync_model_from_actor,68,5.05679988861084,1790071532.261891
time/rollout/sync_model_from_actor,69,4.920908451080322,1790071793.8381336
time/rollout/sync_model_from_actor,70,9.662490844726562,1790072332.0485008
time/rollout/sync_model_from_actor,71,1.5078325271606445,1790072591.3845618
time/rollout/sync_model_from_actor,72,5.022724151611328,1790072852.8895254
time/rollout/sync_model_from_actor,73,5.130354881286621,1790073115.2639694
time/rollout/sync_model_from_actor,74,5.031935691833496,1790073376.694387
time/rollout/sync_model_from_actor,75,9.782781600952148,1790073911.3714368
time/rollout/sync_model_from_actor,76,1.4867022037506104,1790074170.4329462
time/rollout/sync_model_from_actor,77,5.02480936050415,1790074431.7004972
time/rollout/sync_model_from_actor,78,5.027251720428467,1790074695.0695455
time/rollout/sync_model_from_actor,79,4.809953689575195,1790074956.444425
time/rollout/sync_model_from_actor,80,9.640629768371582,1790075490.3594408
time/rollout/sync_model_from_actor,81,1.5023256540298462,1790075748.8696628
time/rollout/sync_model_from_actor,82,4.884103298187256,1790076009.1586409
time/rollout/sync_model_from_actor,83,4.8034467697143555,1790076270.8482018
time/rollout/sync_model_from_actor,84,5.054457187652588,1790076532.6545887
time/rollout/sync_model_from_actor,85,9.762857437133789,1790077067.6545315
time/rollout/sync_model_from_actor,86,1.4277615547180176,1790077327.4153583
time/rollout/sync_model_from_actor,87,4.96073579788208,1790077588.337172
time/rollout/sync_model_from_actor,88,4.703622341156006,1790077850.410954
time/rollout/sync_model_from_actor,89,4.91423225402832,1790078112.486669
time/rollout/sync_model_from_actor,90,9.689828872680664,1790078647.4218442
time/rollout/sync_model_from_actor,91,1.5264250040054321,1790078907.5573652
time/rollout/sync_model_from_actor,92,5.019454479217529,1790079170.7558725
time/rollout/sync_model_from_actor,93,5.222682952880859,1790079433.12766
time/rollout/sync_model_from_actor,94,5.259114742279053,1790079695.7489476
time/rollout/sync_model_from_actor,95,10.066543579101562,1790080233.5752826
time/rollout/sync_model_from_actor,96,1.4705195426940918,1790080493.1429098
time/rollout/sync_model_from_actor,97,4.9118757247924805,1790080753.9783256
time/rollout/sync_model_from_actor,98,5.097654819488525,1790081015.0515747
time/rollout/sync_model_from_actor,99,4.8372039794921875,1790081276.7138069
time/rollout/sync_model_from_actor,100,9.61048698425293,1790081837.2346017
time/rollout/sync_model_from_actor,101,1.2292050123214722,1790082096.5181565
time/rollout/sync_model_from_actor,102,4.910538196563721,1790082357.6720614
time/rollout/sync_model_from_actor,103,5.053864002227783,1790082618.960277
time/rollout/sync_model_from_actor,104,5.157355785369873,1790082879.762721
time/rollout/sync_model_from_actor,105,9.727238655090332,1790083411.6604009
time/rollout/sync_model_from_actor,106,1.451083779335022,1790083671.5499105
time/rollout/sync_model_from_actor,107,4.808490753173828,1790083934.59109
time/rollout/sync_model_from_actor,108,5.053418159484863,1790084197.4653761
time/rollout/sync_model_from_actor,109,5.035663604736328,1790084457.8956444
time/rollout/sync_model_from_actor,110,9.474656105041504,1790084994.1096947
time/rollout/sync_model_from_actor,111,1.4629548788070679,1790085254.3611088
time/rollout/sync_model_from_actor,112,4.855172634124756,1790085516.5889006
time/rollout/sync_model_from_actor,113,4.686645984649658,1790085777.7683134
time/rollout/sync_model_from_actor,114,4.893233776092529,1790086038.6413994
time/rollout/sync_model_from_actor,115,9.628643989562988,1790086566.6555097
time/rollout/sync_model_from_actor,116,1.6576839685440063,1790086825.1302767
time/rollout/sync_model_from_actor,117,4.62726354598999,1790087085.7759974
time/rollout/sync_model_from_actor,118,4.562423229217529,1790087345.9346979
time/rollout/sync_model_from_actor,119,4.730302810668945,1790087606.3886454
time/rollout/sync_model_from_actor,120,9.579569816589355,1790088139.8910887
time/rollout/sync_model_from_actor,121,1.5987783670425415,1790088400.952908
time/rollout/sync_model_from_actor,122,4.8155598640441895,1790088661.5058289
time/rollout/sync_model_from_actor,123,4.694966793060303,1790088921.1227124
time/rollout/sync_model_from_actor,124,4.621941089630127,1790089182.204529
time/rollout/sync_model_from_actor,125,9.623540878295898,1790089710.895448
time/rollout/sync_model_from_actor,126,1.6330119371414185,1790089971.1502857
time/rollout/sync_model_from_actor,127,4.646170139312744,1790090233.2197666
time/rollout/sync_model_from_actor,128,4.979746341705322,1790090493.9170287
time/rollout/sync_model_from_actor,129,4.839787483215332,1790090755.591051
time/rollout/sync_model_from_actor,130,9.73816204071045,1790091286.3180768
time/rollout/sync_model_from_actor,131,1.5415982007980347,1790091544.6305404
time/rollout/sync_model_from_actor,132,4.721978664398193,1790091805.9192874
time/rollout/sync_model_from_actor,133,4.572241306304932,1790092067.1832144
time/rollout/sync_model_from_actor,134,5.010810852050781,1790092330.8537638
time/rollout/sync_model_from_actor,135,9.510725021362305,1790092862.924388
time/rollout/sync_model_from_actor,136,1.5222872495651245,1790093121.3569953
time/rollout/sync_model_from_actor,137,4.62192964553833,1790093381.9746916
time/rollout/predict,1,1.4322940111160278,1790050397.425634
time/rollout/predict,2,0.9583489894866943,1790050661.3437588
time/rollout/predict,3,0.9215379357337952,1790050923.1899877
time/rollout/predict,4,1.023142695426941,1790051184.0581095
time/rollout/predict,5,5.732828617095947,1790051717.8035078
time/rollout/predict,6,1.0244947671890259,1790051977.7487419
time/rollout/predict,7,1.0282094478607178,1790052240.298562
time/rollout/predict,8,0.9153228998184204,1790052502.196259
time/rollout/predict,9,0.8503105044364929,1790052763.3212357
time/rollout/predict,10,5.76132869720459,1790053293.0930655
time/rollout/predict,11,1.019415259361267,1790053552.2924075
time/rollout/predict,12,0.9397069215774536,1790053812.6209576
time/rollout/predict,13,0.994191586971283,1790054073.6136615
time/rollout/predict,14,0.904136061668396,1790054335.6310794
time/rollout/predict,15,5.565280914306641,1790054878.905581
time/rollout/predict,16,1.0292857885360718,1790055137.8468804
time/rollout/predict,17,1.0180813074111938,1790055400.159
time/rollout/predict,18,1.077500581741333,1790055662.6711826
time/rollout/predict,19,1.0208803415298462,1790055926.1042225
time/rollout/predict,20,5.71729850769043,1790056466.5312612
time/rollout/predict,21,1.0113674402236938,1790056728.0242634
time/rollout/predict,22,1.0345133543014526,1790056990.883702
time/rollout/predict,23,1.0445973873138428,1790057254.8299975
time/rollout/predict,24,0.8937219977378845,1790057516.0849864
time/rollout/predict,25,5.735439300537109,1790058061.4696257
time/rollout/predict,26,1.0242257118225098,1790058321.695108
time/rollout/predict,27,0.9398300647735596,1790058582.8946753
time/rollout/predict,28,1.0216683149337769,1790058845.5571187
time/rollout/predict,29,0.9061529636383057,1790059107.245718
time/rollout/predict,30,5.843195915222168,1790059649.8706431
time/rollout/predict,31,1.0343379974365234,1790059909.1716125
time/rollout/predict,32,0.9826489686965942,1790060169.903089
time/rollout/predict,33,1.0304806232452393,1790060432.3504894
time/rollout/predict,34,1.012903094291687,1790060694.9389567
time/rollout/predict,35,5.567711353302002,1790061231.1742373
time/rollout/predict,36,1.0334689617156982,1790061491.3060906
time/rollout/predict,37,0.9684250354766846,1790061753.134624
time/rollout/predict,38,0.9869625568389893,1790062014.8409781
time/rollout/predict,39,1.0215234756469727,1790062277.522461
time/rollout/predict,40,5.844742298126221,1790062816.1891754
time/rollout/predict,41,0.9386162757873535,1790063076.42094
time/rollout/predict,42,0.9769858717918396,1790063338.2969904
time/rollout/predict,43,0.9836779236793518,1790063599.876354
time/rollout/predict,44,1.0153032541275024,1790063859.6386852
time/rollout/predict,45,5.6912150382995605,1790064396.7974744
time/rollout/predict,46,1.0119593143463135,1790064656.5833035
time/rollout/predict,47,1.0242046117782593,1790064918.6259828
time/rollout/predict,48,1.020756721496582,1790065180.884591
time/rollout/predict,49,1.089537262916565,1790065442.9619424
time/rollout/predict,50,5.818968296051025,1790066007.9053888
time/rollout/predict,51,0.924487292766571,1790066267.256129
time/rollout/predict,52,1.0231220722198486,1790066528.6556573
time/rollout/predict,53,1.0023832321166992,1790066788.5483847
time/rollout/predict,54,1.0050451755523682,1790067049.5099335
time/rollout/predict,55,5.759294033050537,1790067586.9222088
time/rollout/predict,56,1.0641342401504517,1790067846.414602
time/rollout/predict,57,0.9586706757545471,1790068107.1504598
time/rollout/predict,58,0.9653317928314209,1790068369.7198308
time/rollout/predict,59,1.018341064453125,1790068630.811083
time/rollout/predict,60,5.619034290313721,1790069169.7883208
time/rollout/predict,61,1.0170669555664062,1790069427.9249754
time/rollout/predict,62,1.0441416501998901,1790069690.4290574
time/rollout/predict,63,1.0932682752609253,1790069952.131925
time/rollout/predict,64,1.0292588472366333,1790070213.7682736
time/rollout/predict,65,5.713027000427246,1790070746.2347856
time/rollout/predict,66,0.9984270930290222,1790071007.8424842
time/rollout/predict,67,1.0087811946868896,1790071270.2294364
time/rollout/predict,68,1.0263044834136963,1790071532.2618968
time/rollout/predict,69,0.8682147264480591,1790071793.8381405
time/rollout/predict,70,5.637795925140381,1790072332.0485082
time/rollout/predict,71,1.031434416770935,1790072591.3845675
time/rollout/predict,72,1.0180151462554932,1790072852.8895319
time/rollout/predict,73,1.0033670663833618,1790073115.2639747
time/rollout/predict,74,1.048263430595398,1790073376.6943927
time/rollout/predict,75,5.704584121704102,1790073911.371444
time/rollout/predict,76,0.9843234419822693,1790074170.4329522
time/rollout/predict,77,1.014031171798706,1790074431.700503
time/rollout/predict,78,0.9469971656799316,1790074695.0695527
time/rollout/predict,79,0.9756920337677002,1790074956.4444308
time/rollout/predict,80,5.723638534545898,1790075490.3594615
time/rollout/predict,81,1.0181463956832886,1790075748.8696692
time/rollout/predict,82,0.9773237705230713,1790076009.15865
time/rollout/predict,83,1.083789587020874,1790076270.848208
time/rollout/predict,84,1.0136233568191528,1790076532.654595
time/rollout/predict,85,5.763190746307373,1790077067.6545384
time/rollout/predict,86,1.0439307689666748,1790077327.415365
time/rollout/predict,87,1.0188252925872803,1790077588.3371778
time/rollout/predict,88,1.0261971950531006,1790077850.41096
time/rollout/predict,89,1.043725848197937,1790078112.486676
time/rollout/predict,90,5.678976535797119,1790078647.421852
time/rollout/predict,91,0.9083569049835205,1790078907.5573714
time/rollout/predict,92,1.0206495523452759,1790079170.7558792
time/rollout/predict,93,1.0212725400924683,1790079433.1276698
time/rollout/predict,94,1.0145078897476196,1790079695.7489555
time/rollout/predict,95,5.678516864776611,1790080233.5752914
time/rollout/predict,96,1.022971272468567,1790080493.1429152
time/rollout/predict,97,1.044838309288025,1790080753.9783316
time/rollout/predict,98,0.9684802293777466,1790081015.0515807
time/rollout/predict,99,1.0053634643554688,1790081276.7138128
time/rollout/predict,100,5.626346111297607,1790081837.2346084
time/rollout/predict,101,1.00631844997406,1790082096.5181623
time/rollout/predict,102,0.9449568390846252,1790082357.6720693
time/rollout/predict,103,1.0146117210388184,1790082618.960286
time/rollout/predict,104,0.9832198023796082,1790082879.7627273
time/rollout/predict,105,5.602471828460693,1790083411.6604095
time/rollout/predict,106,1.0367575883865356,1790083671.5499163
time/rollout/predict,107,1.0204304456710815,1790083934.5910969
time/rollout/predict,108,1.0213778018951416,1790084197.4653828
time/rollout/predict,109,0.8988111019134521,1790084457.8956523
time/rollout/predict,110,5.756822109222412,1790084994.109702
time/rollout/predict,111,1.0840877294540405,1790085254.3611157
time/rollout/predict,112,1.031619906425476,1790085516.5889103
time/rollout/predict,113,1.0221037864685059,1790085777.7683203
time/rollout/predict,114,1.0144402980804443,1790086038.6414053
time/rollout/predict,115,5.741867542266846,1790086566.6555173
time/rollout/predict,116,0.9845473170280457,1790086825.1302824
time/rollout/predict,117,1.0258991718292236,1790087085.7760048
time/rollout/predict,118,0.9219825863838196,1790087345.934704
time/rollout/predict,119,0.94478839635849,1790087606.3886514
time/rollout/predict,120,5.795460224151611,1790088139.891096
time/rollout/predict,121,1.0226892232894897,1790088400.9529142
time/rollout/predict,122,0.9037539958953857,1790088661.5058355
time/rollout/predict,123,1.0009318590164185,1790088921.1227188
time/rollout/predict,124,1.0138498544692993,1790089182.2045357
time/rollout/predict,125,5.726847171783447,1790089710.8954556
time/rollout/predict,126,0.8978119492530823,1790089971.1502924
time/rollout/predict,127,1.026004433631897,1790090233.2197726
time/rollout/predict,128,1.0089882612228394,1790090493.9170344
time/rollout/predict,129,1.0018086433410645,1790090755.5910566
time/rollout/predict,130,5.618149757385254,1790091286.318085
time/rollout/predict,131,1.030203104019165,1790091544.6305485
time/rollout/predict,132,1.0113035440444946,1790091805.9192944
time/rollout/predict,133,1.0319876670837402,1790092067.1832201
time/rollout/predict,134,1.0155783891677856,1790092330.8537734
time/rollout/predict,135,5.863378047943115,1790092862.9243984
time/rollout/predict,136,1.0093047618865967,1790093121.3570032
time/rollout/predict,137,0.9470015168190002,1790093381.9747002
time/rollout/generate_one_epoch,1,38.12528991699219,1790050397.4256399
time/rollout/generate_one_epoch,2,33.49399948120117,1790050661.343766
time/rollout/generate_one_epoch,3,31.601198196411133,1790050923.1900012
time/rollout/generate_one_epoch,4,30.584575653076172,1790051184.0581162
time/rollout/generate_one_epoch,5,31.47555160522461,1790051717.8035147
time/rollout/generate_one_epoch,6,34.24105453491211,1790051977.7487483
time/rollout/generate_one_epoch,7,33.806365966796875,1790052240.2985682
time/rollout/generate_one_epoch,8,32.60028076171875,1790052502.1962657
time/rollout/generate_one_epoch,9,31.212562561035156,1790052763.3212423
time/rollout/generate_one_epoch,10,31.679311752319336,1790053293.0930777
time/rollout/generate_one_epoch,11,33.02303695678711,1790053552.292414
time/rollout/generate_one_epoch,12,31.466060638427734,1790053812.620963
time/rollout/generate_one_epoch,13,31.313892364501953,1790054073.613667
time/rollout/generate_one_epoch,14,32.60826873779297,1790054335.631086
time/rollout/generate_one_epoch,15,32.92375564575195,1790054878.9055867
time/rollout/generate_one_epoch,16,32.61952590942383,1790055137.8468874
time/rollout/generate_one_epoch,17,32.3752326965332,1790055400.159006
time/rollout/generate_one_epoch,18,32.98765182495117,1790055662.671189
time/rollout/generate_one_epoch,19,33.71665573120117,1790055926.104229
time/rollout/generate_one_epoch,20,33.724185943603516,1790056466.5312753
time/rollout/generate_one_epoch,21,35.32406234741211,1790056728.0242708
time/rollout/generate_one_epoch,22,33.07318115234375,1790056990.883708
time/rollout/generate_one_epoch,23,34.897300720214844,1790057254.8300033
time/rollout/generate_one_epoch,24,32.15879821777344,1790057516.0849934
time/rollout/generate_one_epoch,25,34.36481475830078,1790058061.4696445
time/rollout/generate_one_epoch,26,34.109336853027344,1790058321.6951149
time/rollout/generate_one_epoch,27,32.185447692871094,1790058582.8946815
time/rollout/generate_one_epoch,28,33.566436767578125,1790058845.5571268
time/rollout/generate_one_epoch,29,32.08884811401367,1790059107.2457242
time/rollout/generate_one_epoch,30,34.240264892578125,1790059649.8706498
time/rollout/generate_one_epoch,31,33.341346740722656,1790059909.1716201
time/rollout/generate_one_epoch,32,31.793785095214844,1790060169.903095
time/rollout/generate_one_epoch,33,32.96271514892578,1790060432.350496
time/rollout/generate_one_epoch,34,32.851707458496094,1790060694.9389627
time/rollout/generate_one_epoch,35,33.279842376708984,1790061231.1742463
time/rollout/generate_one_epoch,36,33.85244369506836,1790061491.3060985
time/rollout/generate_one_epoch,37,32.648136138916016,1790061753.1346302
time/rollout/generate_one_epoch,38,32.29377365112305,1790062014.8409853
time/rollout/generate_one_epoch,39,32.867122650146484,1790062277.5224683
time/rollout/generate_one_epoch,40,32.989227294921875,1790062816.1891813
time/rollout/generate_one_epoch,41,33.28434753417969,1790063076.4209466
time/rollout/generate_one_epoch,42,32.1920051574707,1790063338.296997
time/rollout/generate_one_epoch,43,31.66632843017578,1790063599.8763614
time/rollout/generate_one_epoch,44,30.69171142578125,1790063859.6386914
time/rollout/generate_one_epoch,45,30.78511619567871,1790064396.7974823
time/rollout/generate_one_epoch,46,33.17588424682617,1790064656.5833097
time/rollout/generate_one_epoch,47,32.150230407714844,1790064918.6259887
time/rollout/generate_one_epoch,48,31.845569610595703,1790065180.8845956
time/rollout/generate_one_epoch,49,31.758886337280273,1790065442.9619486
time/rollout/generate_one_epoch,50,32.29305648803711,1790066007.9053955
time/rollout/generate_one_epoch,51,33.530670166015625,1790066267.2561395
time/rollout/generate_one_epoch,52,31.308609008789062,1790066528.655664
time/rollout/generate_one_epoch,53,29.96534538269043,1790066788.5483909
time/rollout/generate_one_epoch,54,30.85113525390625,1790067049.5099392
time/rollout/generate_one_epoch,55,32.80511474609375,1790067586.9222174
time/rollout/generate_one_epoch,56,32.85542297363281,1790067846.4146082
time/rollout/generate_one_epoch,57,31.408756256103516,1790068107.1504643
time/rollout/generate_one_epoch,58,33.053104400634766,1790068369.7198367
time/rollout/generate_one_epoch,59,31.475786209106445,1790068630.8110907
time/rollout/generate_one_epoch,60,32.63782501220703,1790069169.7883322
time/rollout/generate_one_epoch,61,31.932373046875,1790069427.9249837
time/rollout/generate_one_epoch,62,32.34423828125,1790069690.4290633
time/rollout/generate_one_epoch,63,32.1903076171875,1790069952.131931
time/rollout/generate_one_epoch,64,31.329431533813477,1790070213.7682793
time/rollout/generate_one_epoch,65,31.69715118408203,1790070746.2347922
time/rollout/generate_one_epoch,66,34.751529693603516,1790071007.8424911
time/rollout/generate_one_epoch,67,32.34663009643555,1790071270.2294428
time/rollout/generate_one_epoch,68,32.013221740722656,1790071532.2619033
time/rollout/generate_one_epoch,69,32.62888717651367,1790071793.8381474
time/rollout/generate_one_epoch,70,31.948909759521484,1790072332.0485146
time/rollout/generate_one_epoch,71,33.137264251708984,1790072591.384574
time/rollout/generate_one_epoch,72,31.842514038085938,1790072852.889538
time/rollout/generate_one_epoch,73,32.6449089050293,1790073115.2639806
time/rollout/generate_one_epoch,74,32.07709503173828,1790073376.694398
time/rollout/generate_one_epoch,75,33.58472442626953,1790073911.3714511
time/rollout/generate_one_epoch,76,32.815101623535156,1790074170.4329576
time/rollout/generate_one_epoch,77,31.813566207885742,1790074431.700509
time/rollout/generate_one_epoch,78,32.86281967163086,1790074695.0695593
time/rollout/generate_one_epoch,79,30.75542449951172,1790074956.4444368
time/rollout/generate_one_epoch,80,31.46401596069336,1790075490.359484
time/rollout/generate_one_epoch,81,31.926626205444336,1790075748.8696747
time/rollout/generate_one_epoch,82,30.010412216186523,1790076009.1586585
time/rollout/generate_one_epoch,83,31.927932739257812,1790076270.8482137
time/rollout/generate_one_epoch,84,31.809703826904297,1790076532.6546006
time/rollout/generate_one_epoch,85,32.96574401855469,1790077067.654546
time/rollout/generate_one_epoch,86,32.65155792236328,1790077327.415371
time/rollout/generate_one_epoch,87,30.57159423828125,1790077588.3371837
time/rollout/generate_one_epoch,88,32.38386535644531,1790077850.410966
time/rollout/generate_one_epoch,89,31.773035049438477,1790078112.486683
time/rollout/generate_one_epoch,90,32.168521881103516,1790078647.42186
time/rollout/generate_one_epoch,91,34.03715133666992,1790078907.5573776
time/rollout/generate_one_epoch,92,33.73424530029297,1790079170.7558858
time/rollout/generate_one_epoch,93,32.65910339355469,1790079433.1276793
time/rollout/generate_one_epoch,94,31.873064041137695,1790079695.748963
time/rollout/generate_one_epoch,95,32.33632278442383,1790080233.5753
time/rollout/generate_one_epoch,96,33.16423797607422,1790080493.1429212
time/rollout/generate_one_epoch,97,31.371356964111328,1790080753.9783378
time/rollout/generate_one_epoch,98,31.857824325561523,1790081015.0515866
time/rollout/generate_one_epoch,99,31.857139587402344,1790081276.7138188
time/rollout/generate_one_epoch,100,30.89713478088379,1790081837.2346148
time/rollout/generate_one_epoch,101,33.70051193237305,1790082096.5181677
time/rollout/generate_one_epoch,102,32.13090896606445,1790082357.672076
time/rollout/generate_one_epoch,103,31.864643096923828,1790082618.9602947
time/rollout/generate_one_epoch,104,31.42384147644043,1790082879.762733
time/rollout/generate_one_epoch,105,30.894302368164062,1790083411.6604183
time/rollout/generate_one_epoch,106,33.56911849975586,1790083671.5499222
time/rollout/generate_one_epoch,107,32.876399993896484,1790083934.5911038
time/rollout/generate_one_epoch,108,33.24569320678711,1790084197.46539
time/rollout/generate_one_epoch,109,31.297143936157227,1790084457.8956609
time/rollout/generate_one_epoch,110,31.28313446044922,1790084994.1097095
time/rollout/generate_one_epoch,111,33.50355529785156,1790085254.3611226
time/rollout/generate_one_epoch,112,32.96278762817383,1790085516.5889184
time/rollout/generate_one_epoch,113,32.267948150634766,1790085777.7683282
time/rollout/generate_one_epoch,114,31.436019897460938,1790086038.6414113
time/rollout/generate_one_epoch,115,31.548208236694336,1790086566.6555252
time/rollout/generate_one_epoch,116,32.24250411987305,1790086825.1302884
time/rollout/generate_one_epoch,117,31.741634368896484,1790087085.7760122
time/rollout/generate_one_epoch,118,31.589038848876953,1790087345.93471
time/rollout/generate_one_epoch,119,31.334720611572266,1790087606.388657
time/rollout/generate_one_epoch,120,31.370384216308594,1790088139.8911042
time/rollout/generate_one_epoch,121,34.996761322021484,1790088400.95292
time/rollout/generate_one_epoch,122,31.525911331176758,1790088661.5058413
time/rollout/generate_one_epoch,123,30.16005516052246,1790088921.1227255
time/rollout/generate_one_epoch,124,32.069358825683594,1790089182.2045424
time/rollout/generate_one_epoch,125,30.338048934936523,1790089710.8954635
time/rollout/generate_one_epoch,126,34.08163833618164,1790089971.1502988
time/rollout/generate_one_epoch,127,32.257904052734375,1790090233.2197785
time/rollout/generate_one_epoch,128,31.374338150024414,1790090493.9170399
time/rollout/generate_one_epoch,129,32.112911224365234,1790090755.5910642
time/rollout/generate_one_epoch,130,33.03718185424805,1790091286.3180923
time/rollout/generate_one_epoch,131,32.10700225830078,1790091544.6305563
time/rollout/generate_one_epoch,132,31.980297088623047,1790091805.9193013
time/rollout/generate_one_epoch,133,31.94801139831543,1790092067.1832259
time/rollout/generate_one_epoch,134,33.18642044067383,1790092330.8537824
time/rollout/generate_one_epoch,135,32.556541442871094,1790092862.9244094
time/rollout/generate_one_epoch,136,32.377925872802734,1790093121.3570108
time/rollout/generate_one_epoch,137,31.9443416595459,1790093381.9747093
time/rollout/rollout/generate,1,42.96730422973633,1790050397.4256463
time/rollout/rollout/generate,2,37.82438659667969,1790050661.3437726
time/rollout/rollout/generate,3,36.35953140258789,1790050923.1900136
time/rollout/rollout/generate,4,35.28256607055664,1790051184.0581226
time/rollout/rollout/generate,5,35.54808044433594,1790051717.8035214
time/rollout/rollout/generate,6,38.1203498840332,1790051977.7487543
time/rollout/rollout/generate,7,37.70249557495117,1790052240.298575
time/rollout/rollout/generate,8,36.882686614990234,1790052502.1962724
time/rollout/rollout/generate,9,35.30046081542969,1790052763.3212495
time/rollout/rollout/generate,10,36.049842834472656,1790053293.0930898
time/rollout/rollout/generate,11,36.79219055175781,1790053552.2924197
time/rollout/rollout/generate,12,35.292057037353516,1790053812.620969
time/rollout/rollout/generate,13,35.49091720581055,1790054073.6136727
time/rollout/rollout/generate,14,36.48276138305664,1790054335.6310923
time/rollout/rollout/generate,15,37.13318634033203,1790054878.9055932
time/rollout/rollout/generate,16,36.70089340209961,1790055137.8468945
time/rollout/rollout/generate,17,36.8026237487793,1790055400.1590123
time/rollout/rollout/generate,18,36.99503707885742,1790055662.671195
time/rollout/rollout/generate,19,37.81939697265625,1790055926.1042447
time/rollout/rollout/generate,20,37.78752136230469,1790056466.5312889
time/rollout/rollout/generate,21,39.39283752441406,1790056728.024278
time/rollout/rollout/generate,22,37.488346099853516,1790056990.8837135
time/rollout/rollout/generate,23,38.94792938232422,1790057254.8300095
time/rollout/rollout/generate,24,36.57575607299805,1790057516.0850003
time/rollout/rollout/generate,25,38.372589111328125,1790058061.4696648
time/rollout/rollout/generate,26,38.1298713684082,1790058321.6951215
time/rollout/rollout/generate,27,36.08006286621094,1790058582.8946877
time/rollout/rollout/generate,28,37.46614074707031,1790058845.5571349
time/rollout/rollout/generate,29,36.57267761230469,1790059107.245731
time/rollout/rollout/generate,30,38.11994171142578,1790059649.8706565
time/rollout/rollout/generate,31,37.36985397338867,1790059909.1716282
time/rollout/rollout/generate,32,35.84183883666992,1790060169.9031012
time/rollout/rollout/generate,33,37.53071975708008,1790060432.3505023
time/rollout/rollout/generate,34,37.4350471496582,1790060694.9389687
time/rollout/rollout/generate,35,37.101383209228516,1790061231.1742554
time/rollout/rollout/generate,36,37.594512939453125,1790061491.3061066
time/rollout/rollout/generate,37,36.917606353759766,1790061753.1346357
time/rollout/rollout/generate,38,36.4761848449707,1790062014.8409922
time/rollout/rollout/generate,39,37.27785873413086,1790062277.5224743
time/rollout/rollout/generate,40,37.16356658935547,1790062816.1891873
time/rollout/rollout/generate,41,37.6566047668457,1790063076.4209526
time/rollout/rollout/generate,42,36.05564880371094,1790063338.297004
time/rollout/rollout/generate,43,36.34642791748047,1790063599.8763695
time/rollout/rollout/generate,44,34.66628646850586,1790063859.6386974
time/rollout/rollout/generate,45,35.42493438720703,1790064396.7974901
time/rollout/rollout/generate,46,37.305179595947266,1790064656.5833151
time/rollout/rollout/generate,47,36.67802429199219,1790064918.6259944
time/rollout/rollout/generate,48,36.36032485961914,1790065180.8846004
time/rollout/rollout/generate,49,36.530616760253906,1790065442.9619548
time/rollout/rollout/generate,50,36.36811065673828,1790066007.9054022
time/rollout/rollout/generate,51,37.47764205932617,1790066267.2561507
time/rollout/rollout/generate,52,35.87910842895508,1790066528.655671
time/rollout/rollout/generate,53,34.064273834228516,1790066788.5483968
time/rollout/rollout/generate,54,35.30184555053711,1790067049.5099456
time/rollout/rollout/generate,55,36.78412628173828,1790067586.9222255
time/rollout/rollout/generate,56,37.13351058959961,1790067846.4146144
time/rollout/rollout/generate,57,35.502315521240234,1790068107.1504686
time/rollout/rollout/generate,58,37.132266998291016,1790068369.719843
time/rollout/rollout/generate,59,35.602474212646484,1790068630.8110979
time/rollout/rollout/generate,60,37.080284118652344,1790069169.7883432
time/rollout/rollout/generate,61,36.21198654174805,1790069427.9249928
time/rollout/rollout/generate,62,36.72209548950195,1790069690.4290698
time/rollout/rollout/generate,63,36.390167236328125,1790069952.131937
time/rollout/rollout/generate,64,36.02764892578125,1790070213.7682855
time/rollout/rollout/generate,65,35.87702178955078,1790070746.2347991
time/rollout/rollout/generate,66,39.10667037963867,1790071007.8424978
time/rollout/rollout/generate,67,36.46132278442383,1790071270.229449
time/rollout/rollout/generate,68,36.423179626464844,1790071532.2619092
time/rollout/rollout/generate,69,36.64251708984375,1790071793.8381548
time/rollout/rollout/generate,70,35.989402770996094,1790072332.0485218
time/rollout/rollout/generate,71,37.10689926147461,1790072591.3845797
time/rollout/rollout/generate,72,35.71600341796875,1790072852.889544
time/rollout/rollout/generate,73,36.82247543334961,1790073115.2639856
time/rollout/rollout/generate,74,36.09507369995117,1790073376.694404
time/rollout/rollout/generate,75,37.32895278930664,1790073911.3714576
time/rollout/rollout/generate,76,36.529136657714844,1790074170.4329631
time/rollout/rollout/generate,77,35.678646087646484,1790074431.7005153
time/rollout/rollout/generate,78,37.524452209472656,1790074695.0695662
time/rollout/rollout/generate,79,36.23334503173828,1790074956.4444423
time/rollout/rollout/generate,80,36.503662109375,1790075490.359504
time/rollout/rollout/generate,81,36.235904693603516,1790075748.8696804
time/rollout/rollout/generate,82,34.8312873840332,1790076009.1586673
time/rollout/rollout/generate,83,36.36567687988281,1790076270.8482199
time/rollout/rollout/generate,84,36.086185455322266,1790076532.6546063
time/rollout/rollout/generate,85,37.272003173828125,1790077067.654553
time/rollout/rollout/generate,86,37.605812072753906,1790077327.4153776
time/rollout/rollout/generate,87,35.698551177978516,1790077588.3371897
time/rollout/rollout/generate,88,37.29331588745117,1790077850.4109714
time/rollout/rollout/generate,89,36.177734375,1790078112.4866896
time/rollout/rollout/generate,90,36.994720458984375,1790078647.4218686
time/rollout/rollout/generate,91,38.12325668334961,1790078907.5573838
time/rollout/rollout/generate,92,38.023475646972656,1790079170.7558925
time/rollout/rollout/generate,93,37.0225944519043,1790079433.1276886
time/rollout/rollout/generate,94,36.553531646728516,1790079695.7489703
time/rollout/rollout/generate,95,36.667266845703125,1790080233.575309
time/rollout/rollout/generate,96,37.13641357421875,1790080493.142927
time/rollout/rollout/generate,97,35.84467697143555,1790080753.978344
time/rollout/rollout/generate,98,35.790611267089844,1790081015.0515924
time/rollout/rollout/generate,99,36.05756378173828,1790081276.7138243
time/rollout/rollout/generate,100,34.83378601074219,1790081837.2346213
time/rollout/rollout/generate,101,37.69974136352539,1790082096.5181742
time/rollout/rollout/generate,102,36.043006896972656,1790082357.672083
time/rollout/rollout/generate,103,36.33304214477539,1790082618.960303
time/rollout/rollout/generate,104,35.35947036743164,1790082879.7627392
time/rollout/rollout/generate,105,34.86071014404297,1790083411.660427
time/rollout/rollout/generate,106,37.41408157348633,1790083671.5499284
time/rollout/rollout/generate,107,37.600074768066406,1790083934.5911105
time/rollout/rollout/generate,108,37.306419372558594,1790084197.4653966
time/rollout/rollout/generate,109,35.100154876708984,1790084457.895669
time/rollout/rollout/generate,110,35.87932205200195,1790084994.1097176
time/rollout/rollout/generate,111,37.42529296875,1790085254.3611295
time/rollout/rollout/generate,112,37.07097244262695,1790085516.5889256
time/rollout/rollout/generate,113,36.29404067993164,1790085777.768335
time/rollout/rollout/generate,114,35.474365234375,1790086038.641417
time/rollout/rollout/generate,115,35.51084899902344,1790086566.655533
time/rollout/rollout/generate,116,36.121246337890625,1790086825.1302938
time/rollout/rollout/generate,117,35.767765045166016,1790087085.77602
time/rollout/rollout/generate,118,35.44611358642578,1790087345.9347162
time/rollout/rollout/generate,119,35.418487548828125,1790087606.3886633
time/rollout/rollout/generate,120,35.44938659667969,1790088139.8911111
time/rollout/rollout/generate,121,38.82969284057617,1790088400.952926
time/rollout/rollout/generate,122,35.03167724609375,1790088661.505847
time/rollout/rollout/generate,123,34.52427291870117,1790088921.1227326
time/rollout/rollout/generate,124,36.17794418334961,1790089182.204549
time/rollout/rollout/generate,125,34.458370208740234,1790089710.8954706
time/rollout/rollout/generate,126,38.02402877807617,1790089971.1503067
time/rollout/rollout/generate,127,36.401790618896484,1790090233.219785
time/rollout/rollout/generate,128,35.31317901611328,1790090493.9170454
time/rollout/rollout/generate,129,36.200050354003906,1790090755.5910723
time/rollout/rollout/generate,130,36.99357986450195,1790091286.3180997
time/rollout/rollout/generate,131,36.000030517578125,1790091544.6305645
time/rollout/rollout/generate,132,36.12055587768555,1790091805.9193094
time/rollout/rollout/generate,133,36.02092361450195,1790092067.183232
time/rollout/rollout/generate,134,37.66937255859375,1790092330.8537922
time/rollout/rollout/generate,135,36.662864685058594,1790092862.9244204
time/rollout/rollout/generate,136,36.11684799194336,1790093121.3570166
time/rollout/rollout/generate,137,35.71876525878906,1790093381.9747179
time/actor/actor/sync_model_to_rollout,1,5.038015365600586,1790050397.4256525
time/actor/actor/sync_model_to_rollout,2,2.87408709526062,1790050661.3437793
time/actor/actor/sync_model_to_rollout,3,2.4325695037841797,1790050923.1900308
time/actor/actor/sync_model_to_rollout,4,2.5685982704162598,1790051184.0581293
time/actor/actor/sync_model_to_rollout,5,4.830834865570068,1790051717.804001
time/actor/actor/sync_model_to_rollout,6,1.7839044332504272,1790051977.74876
time/actor/actor/sync_model_to_rollout,7,2.273283004760742,1790052240.2985828
time/actor/actor/sync_model_to_rollout,8,2.145371437072754,1790052502.196279
time/actor/actor/sync_model_to_rollout,9,2.7255406379699707,1790052763.3212562
time/actor/actor/sync_model_to_rollout,10,4.639603137969971,1790053293.09331
time/actor/actor/sync_model_to_rollout,11,1.855421543121338,1790053552.2924254
time/actor/actor/sync_model_to_rollout,12,2.2331340312957764,1790053812.6209748
time/actor/actor/sync_model_to_rollout,13,2.279886484146118,1790054073.6136782
time/actor/actor/sync_model_to_rollout,14,2.508974313735962,1790054335.631098
time/actor/actor/sync_model_to_rollout,15,4.544686794281006,1790054878.905797
time/actor/actor/sync_model_to_rollout,16,1.688129186630249,1790055137.8469017
time/actor/actor/sync_model_to_rollout,17,2.553499937057495,1790055400.1590188
time/actor/actor/sync_model_to_rollout,18,2.2950451374053955,1790055662.671201
time/actor/actor/sync_model_to_rollout,19,2.612067222595215,1790055926.1042511
time/actor/actor/sync_model_to_rollout,20,5.1173624992370605,1790056466.5318193
time/actor/actor/sync_model_to_rollout,21,1.9096466302871704,1790056728.0242858
time/actor/actor/sync_model_to_rollout,22,2.3925442695617676,1790056990.8837197
time/actor/actor/sync_model_to_rollout,23,2.159748077392578,1790057254.8300154
time/actor/actor/sync_model_to_rollout,24,2.1072373390197754,1790057516.0850072
time/actor/actor/sync_model_to_rollout,25,4.382671356201172,1790058061.470134
time/actor/actor/sync_model_to_rollout,26,1.8519364595413208,1790058321.6951282
time/actor/actor/sync_model_to_rollout,27,2.337003469467163,1790058582.8946936
time/actor/actor/sync_model_to_rollout,28,2.1832785606384277,1790058845.5571425
time/actor/actor/sync_model_to_rollout,29,2.2564499378204346,1790059107.2457383
time/actor/actor/sync_model_to_rollout,30,4.608345985412598,1790059649.8710291
time/actor/actor/sync_model_to_rollout,31,1.7465370893478394,1790059909.1716363
time/actor/actor/sync_model_to_rollout,32,2.361907720565796,1790060169.9031065
time/actor/actor/sync_model_to_rollout,33,2.2045884132385254,1790060432.3505087
time/actor/actor/sync_model_to_rollout,34,2.2203209400177,1790060694.9389741
time/actor/actor/sync_model_to_rollout,35,4.498103141784668,1790061231.1745632
time/actor/actor/sync_model_to_rollout,36,1.7973064184188843,1790061491.3061147
time/actor/actor/sync_model_to_rollout,37,2.599128484725952,1790061753.134642
time/actor/actor/sync_model_to_rollout,38,2.1516900062561035,1790062014.841001
time/actor/actor/sync_model_to_rollout,39,2.284710168838501,1790062277.52248
time/actor/actor/sync_model_to_rollout,40,4.9452595710754395,1790062816.1896758
time/actor/actor/sync_model_to_rollout,41,1.7430499792099,1790063076.4209588
time/actor/actor/sync_model_to_rollout,42,2.283475637435913,1790063338.2970104
time/actor/actor/sync_model_to_rollout,43,2.284909963607788,1790063599.8763769
time/actor/actor/sync_model_to_rollout,44,2.220247745513916,1790063859.6387033
time/actor/actor/sync_model_to_rollout,45,5.01261568069458,1790064396.7978563
time/actor/actor/sync_model_to_rollout,46,1.8226513862609863,1790064656.583326
time/actor/actor/sync_model_to_rollout,47,2.4176747798919678,1790064918.626
time/actor/actor/sync_model_to_rollout,48,2.5618059635162354,1790065180.8846052
time/actor/actor/sync_model_to_rollout,49,2.471710205078125,1790065442.961961
time/actor/actor/sync_model_to_rollout,50,4.893295764923096,1790066007.9057498
time/actor/actor/sync_model_to_rollout,51,1.438127875328064,1790066267.2561622
time/actor/actor/sync_model_to_rollout,52,2.3861684799194336,1790066528.655678
time/actor/actor/sync_model_to_rollout,53,2.2997078895568848,1790066788.5484025
time/actor/actor/sync_model_to_rollout,54,2.64768385887146,1790067049.5099518
time/actor/actor/sync_model_to_rollout,55,4.781573295593262,1790067586.922722
time/actor/actor/sync_model_to_rollout,56,1.7185941934585571,1790067846.4146206
time/actor/actor/sync_model_to_rollout,57,2.5133121013641357,1790068107.150474
time/actor/actor/sync_model_to_rollout,58,2.653597116470337,1790068369.7198489
time/actor/actor/sync_model_to_rollout,59,2.7076611518859863,1790068630.8111062
time/actor/actor/sync_model_to_rollout,60,5.078347206115723,1790069169.7885628
time/actor/actor/sync_model_to_rollout,61,1.667196273803711,1790069427.9250014
time/actor/actor/sync_model_to_rollout,62,2.629774570465088,1790069690.429076
time/actor/actor/sync_model_to_rollout,63,2.3433969020843506,1790069952.1319427
time/actor/actor/sync_model_to_rollout,64,2.3538835048675537,1790070213.768291
time/actor/actor/sync_model_to_rollout,65,4.718163967132568,1790070746.2352855
time/actor/actor/sync_model_to_rollout,66,2.0412518978118896,1790071007.8425045
time/actor/actor/sync_model_to_rollout,67,2.5075085163116455,1790071270.2294548
time/actor/actor/sync_model_to_rollout,68,2.507821559906006,1790071532.2619152
time/actor/actor/sync_model_to_rollout,69,2.565220832824707,1790071793.8381639
time/actor/actor/sync_model_to_rollout,70,4.808348655700684,1790072332.0490365
time/actor/actor/sync_model_to_rollout,71,1.745040774345398,1790072591.3845856
time/actor/actor/sync_model_to_rollout,72,2.60819935798645,1790072852.88955
time/actor/actor/sync_model_to_rollout,73,2.6920554637908936,1790073115.263991
time/actor/actor/sync_model_to_rollout,74,2.601790428161621,1790073376.6944096
time/actor/actor/sync_model_to_rollout,75,4.798529624938965,1790073911.3716676
time/actor/actor/sync_model_to_rollout,76,1.72153639793396,1790074170.4329693
time/actor/actor/sync_model_to_rollout,77,2.4329822063446045,1790074431.7005212
time/actor/actor/sync_model_to_rollout,78,2.4736483097076416,1790074695.0695734
time/actor/actor/sync_model_to_rollout,79,2.21008038520813,1790074956.4444482
time/actor/actor/sync_model_to_rollout,80,4.650007724761963,1790075490.359991
time/actor/actor/sync_model_to_rollout,81,1.7070744037628174,1790075748.8696868
time/actor/actor/sync_model_to_rollout,82,2.4813244342803955,1790076009.1586761
time/actor/actor/sync_model_to_rollout,83,2.56417179107666,1790076270.8482258
time/actor/actor/sync_model_to_rollout,84,2.4086506366729736,1790076532.6546123
time/actor/actor/sync_model_to_rollout,85,4.772487163543701,1790077067.6549847
time/actor/actor/sync_model_to_rollout,86,1.6847184896469116,1790077327.4153843
time/actor/actor/sync_model_to_rollout,87,2.3848025798797607,1790077588.3371959
time/actor/actor/sync_model_to_rollout,88,2.2473762035369873,1790077850.4109774
time/actor/actor/sync_model_to_rollout,89,2.359221935272217,1790078112.4866962
time/actor/actor/sync_model_to_rollout,90,4.782408714294434,1790078647.4227552
time/actor/actor/sync_model_to_rollout,91,1.7322767972946167,1790078907.5573897
time/actor/actor/sync_model_to_rollout,92,2.366888999938965,1790079170.7558997
time/actor/actor/sync_model_to_rollout,93,2.247471570968628,1790079433.1276984
time/actor/actor/sync_model_to_rollout,94,2.726682424545288,1790079695.748978
time/actor/actor/sync_model_to_rollout,95,4.980037212371826,1790080233.5757825
time/actor/actor/sync_model_to_rollout,96,1.7249244451522827,1790080493.1429331
time/actor/actor/sync_model_to_rollout,97,2.414426326751709,1790080753.9783497
time/actor/actor/sync_model_to_rollout,98,2.6144065856933594,1790081015.0515983
time/actor/actor/sync_model_to_rollout,99,2.3602683544158936,1790081276.7138302
time/actor/actor/sync_model_to_rollout,100,4.675004005432129,1790081837.234995
time/actor/actor/sync_model_to_rollout,101,1.4430906772613525,1790082096.5181801
time/actor/actor/sync_model_to_rollout,102,2.5162181854248047,1790082357.6720898
time/actor/actor/sync_model_to_rollout,103,2.1715540885925293,1790082618.9603124
time/actor/actor/sync_model_to_rollout,104,2.4075405597686768,1790082879.7627451
time/actor/actor/sync_model_to_rollout,105,4.486682891845703,1790083411.660908
time/actor/actor/sync_model_to_rollout,106,1.6552844047546387,1790083671.549939
time/actor/actor/sync_model_to_rollout,107,2.371286153793335,1790083934.5911171
time/actor/actor/sync_model_to_rollout,108,2.5296716690063477,1790084197.4654033
time/actor/actor/sync_model_to_rollout,109,2.4463980197906494,1790084457.8956773
time/actor/actor/sync_model_to_rollout,110,4.64517879486084,1790084994.1101267
time/actor/actor/sync_model_to_rollout,111,1.7789270877838135,1790085254.3611364
time/actor/actor/sync_model_to_rollout,112,2.332319498062134,1790085516.5889337
time/actor/actor/sync_model_to_rollout,113,2.2495265007019043,1790085777.7683423
time/actor/actor/sync_model_to_rollout,114,2.3717284202575684,1790086038.6414235
time/actor/actor/sync_model_to_rollout,115,4.828022003173828,1790086566.6558707
time/actor/actor/sync_model_to_rollout,116,1.9094210863113403,1790086825.1303005
time/actor/actor/sync_model_to_rollout,117,2.248236656188965,1790087085.7760272
time/actor/actor/sync_model_to_rollout,118,2.2170002460479736,1790087345.9347227
time/actor/actor/sync_model_to_rollout,119,2.415099859237671,1790087606.3886693
time/actor/actor/sync_model_to_rollout,120,4.541630744934082,1790088139.891507
time/actor/actor/sync_model_to_rollout,121,1.844687581062317,1790088400.9529321
time/actor/actor/sync_model_to_rollout,122,2.2517125606536865,1790088661.505853
time/actor/actor/sync_model_to_rollout,123,2.316187858581543,1790088921.1227396
time/actor/actor/sync_model_to_rollout,124,2.255145788192749,1790089182.204556
time/actor/actor/sync_model_to_rollout,125,4.574163913726807,1790089710.8957562
time/actor/actor/sync_model_to_rollout,126,1.8815085887908936,1790089971.1503131
time/actor/actor/sync_model_to_rollout,127,2.204880475997925,1790090233.219791
time/actor/actor/sync_model_to_rollout,128,2.5136163234710693,1790090493.9170504
time/actor/actor/sync_model_to_rollout,129,2.4703876972198486,1790090755.591081
time/actor/actor/sync_model_to_rollout,130,4.680477142333984,1790091286.318617
time/actor/actor/sync_model_to_rollout,131,1.9308276176452637,1790091544.6305723
time/actor/actor/sync_model_to_rollout,132,2.2169463634490967,1790091805.9193165
time/actor/actor/sync_model_to_rollout,133,2.339284658432007,1790092067.1832376
time/actor/actor/sync_model_to_rollout,134,2.51505708694458,1790092330.8538017
time/actor/actor/sync_model_to_rollout,135,4.615744590759277,1790092862.9248776
time/actor/actor/sync_model_to_rollout,136,1.7657749652862549,1790093121.357023
time/actor/actor/sync_model_to_rollout,137,2.1558678150177,1790093381.9747279
time/actor/actor/recv_traj,1,39.77709197998047,1790050397.4256582
time/actor/actor/recv_traj,2,35.181060791015625,1790050661.3437855
time/actor/actor/recv_traj,3,33.60017776489258,1790050923.1900456
time/actor/actor/recv_traj,4,32.33928298950195,1790051184.0581357
time/actor/actor/recv_traj,5,32.997074127197266,1790051717.804008
time/actor/actor/recv_traj,6,35.273433685302734,1790051977.748769
time/actor/actor/recv_traj,7,34.97194290161133,1790052240.2985895
time/actor/actor/recv_traj,8,34.232059478759766,1790052502.1962857
time/actor/actor/recv_traj,9,32.71556854248047,1790052763.3212628
time/actor/actor/recv_traj,10,33.230865478515625,1790053293.0933225
time/actor/actor/recv_traj,11,34.08631896972656,1790053552.292444
time/actor/actor/recv_traj,12,32.808799743652344,1790053812.6209803
time/actor/actor/recv_traj,13,32.75613784790039,1790054073.6136847
time/actor/actor/recv_traj,14,33.9966926574707,1790054335.631104
time/actor/actor/recv_traj,15,34.339962005615234,1790054878.9058032
time/actor/actor/recv_traj,16,33.811424255371094,1790055137.846914
time/actor/actor/recv_traj,17,34.08574676513672,1790055400.1590252
time/actor/actor/recv_traj,18,34.20151138305664,1790055662.671207
time/actor/actor/recv_traj,19,35.144195556640625,1790055926.1042573
time/actor/actor/recv_traj,20,35.11973571777344,1790056466.531833
time/actor/actor/recv_traj,21,36.4023551940918,1790056728.0242932
time/actor/actor/recv_traj,22,34.684722900390625,1790056990.8837254
time/actor/actor/recv_traj,23,36.07207107543945,1790057254.8300214
time/actor/actor/recv_traj,24,33.956302642822266,1790057516.085014
time/actor/actor/recv_traj,25,35.63967514038086,1790058061.4701543
time/actor/actor/recv_traj,26,35.23081588745117,1790058321.6951406
time/actor/actor/recv_traj,27,33.51461410522461,1790058582.8947012
time/actor/actor/recv_traj,28,34.76382827758789,1790058845.55715
time/actor/actor/recv_traj,29,33.537330627441406,1790059107.2457452
time/actor/actor/recv_traj,30,35.325828552246094,1790059649.871036
time/actor/actor/recv_traj,31,34.348934173583984,1790059909.1716447
time/actor/actor/recv_traj,32,33.20491409301758,1790060169.9031122
time/actor/actor/recv_traj,33,34.711883544921875,1790060432.3505154
time/actor/actor/recv_traj,34,34.66768264770508,1790060694.9389806
time/actor/actor/recv_traj,35,34.468936920166016,1790061231.1745691
time/actor/actor/recv_traj,36,35.010032653808594,1790061491.3061275
time/actor/actor/recv_traj,37,33.90557861328125,1790061753.1346476
time/actor/actor/recv_traj,38,33.70280838012695,1790062014.8410084
time/actor/actor/recv_traj,39,34.43314743041992,1790062277.5224862
time/actor/actor/recv_traj,40,34.13104248046875,1790062816.1896813
time/actor/actor/recv_traj,41,34.56682586669922,1790063076.4209666
time/actor/actor/recv_traj,42,33.445743560791016,1790063338.2970169
time/actor/actor/recv_traj,43,33.405765533447266,1790063599.8763843
time/actor/actor/recv_traj,44,31.90450096130371,1790063859.638709
time/actor/actor/recv_traj,45,32.690547943115234,1790064396.7978642
time/actor/actor/recv_traj,46,34.290367126464844,1790064656.5833323
time/actor/actor/recv_traj,47,33.859222412109375,1790064918.6260064
time/actor/actor/recv_traj,48,33.34736251831055,1790065180.8846095
time/actor/actor/recv_traj,49,33.67618942260742,1790065442.961967
time/actor/actor/recv_traj,50,33.626251220703125,1790066007.9057567
time/actor/actor/recv_traj,51,34.75747299194336,1790066267.2561822
time/actor/actor/recv_traj,52,33.123172760009766,1790066528.655685
time/actor/actor/recv_traj,53,31.23593521118164,1790066788.548408
time/actor/actor/recv_traj,54,32.424598693847656,1790067049.5099576
time/actor/actor/recv_traj,55,33.9565544128418,1790067586.9227297
time/actor/actor/recv_traj,56,34.1414794921875,1790067846.4146326
time/actor/actor/recv_traj,57,32.8149528503418,1790068107.1504786
time/actor/actor/recv_traj,58,34.52030944824219,1790068369.7198548
time/actor/actor/recv_traj,59,32.940223693847656,1790068630.8111143
time/actor/actor/recv_traj,60,34.1401481628418,1790069169.788574
time/actor/actor/recv_traj,61,33.19390869140625,1790069427.9250169
time/actor/actor/recv_traj,62,33.68988037109375,1790069690.4290822
time/actor/actor/recv_traj,63,33.44125747680664,1790069952.1319494
time/actor/actor/recv_traj,64,33.08237838745117,1790070213.7682974
time/actor/actor/recv_traj,65,32.86363983154297,1790070746.2352927
time/actor/actor/recv_traj,66,35.96634292602539,1790071007.8425152
time/actor/actor/recv_traj,67,33.6302604675293,1790071270.2294602
time/actor/actor/recv_traj,68,33.41451644897461,1790071532.2619205
time/actor/actor/recv_traj,69,33.95643997192383,1790071793.8381708
time/actor/actor/recv_traj,70,33.30436325073242,1790072332.049044
time/actor/actor/recv_traj,71,34.29484558105469,1790072591.3845925
time/actor/actor/recv_traj,72,33.03982925415039,1790072852.8895557
time/actor/actor/recv_traj,73,34.02783203125,1790073115.2639966
time/actor/actor/recv_traj,74,33.27333450317383,1790073376.6944156
time/actor/actor/recv_traj,75,34.69444274902344,1790073911.3716762
time/actor/actor/recv_traj,76,33.8790168762207,1790074170.4329793
time/actor/actor/recv_traj,77,33.038536071777344,1790074431.7005272
time/actor/actor/recv_traj,78,34.416629791259766,1790074695.06958
time/actor/actor/recv_traj,79,33.25759506225586,1790074956.4444544
time/actor/actor/recv_traj,80,33.566097259521484,1790075490.3600125
time/actor/actor/recv_traj,81,33.338802337646484,1790075748.869696
time/actor/actor/recv_traj,82,31.769432067871094,1790076009.1586852
time/actor/actor/recv_traj,83,33.44867706298828,1790076270.8482313
time/actor/actor/recv_traj,84,33.13294982910156,1790076532.654618
time/actor/actor/recv_traj,85,34.420169830322266,1790077067.654992
time/actor/actor/recv_traj,86,34.539859771728516,1790077327.4153943
time/actor/actor/recv_traj,87,33.010581970214844,1790077588.3372014
time/actor/actor/recv_traj,88,34.316253662109375,1790077850.4109826
time/actor/actor/recv_traj,89,33.2725715637207,1790078112.4867032
time/actor/actor/recv_traj,90,34.17533874511719,1790078647.4227633
time/actor/actor/recv_traj,91,35.259037017822266,1790078907.5573995
time/actor/actor/recv_traj,92,35.29322052001953,1790079170.7559063
time/actor/actor/recv_traj,93,34.31399917602539,1790079433.1277077
time/actor/actor/recv_traj,94,33.723907470703125,1790079695.7489855
time/actor/actor/recv_traj,95,33.58120346069336,1790080233.5757873
time/actor/actor/recv_traj,96,34.295928955078125,1790080493.142942
time/actor/actor/recv_traj,97,32.82502746582031,1790080753.9783552
time/actor/actor/recv_traj,98,33.115814208984375,1790081015.0516043
time/actor/actor/recv_traj,99,33.191429138183594,1790081276.713836
time/actor/actor/recv_traj,100,32.271724700927734,1790081837.2350013
time/actor/actor/recv_traj,101,34.861392974853516,1790082096.5181909
time/actor/actor/recv_traj,102,33.256439208984375,1790082357.6720967
time/actor/actor/recv_traj,103,33.44066619873047,1790082618.9603207
time/actor/actor/recv_traj,104,32.64568328857422,1790082879.7627509
time/actor/actor/recv_traj,105,32.11979675292969,1790083411.6609166
time/actor/actor/recv_traj,106,34.73293685913086,1790083671.5499454
time/actor/actor/recv_traj,107,34.62732696533203,1790083934.591123
time/actor/actor/recv_traj,108,34.46628189086914,1790084197.4654098
time/actor/actor/recv_traj,109,32.50599670410156,1790084457.8956854
time/actor/actor/recv_traj,110,32.97299575805664,1790084994.1101348
time/actor/actor/recv_traj,111,34.580135345458984,1790085254.3611474
time/actor/actor/recv_traj,112,34.165008544921875,1790085516.5889418
time/actor/actor/recv_traj,113,33.5416374206543,1790085777.7683492
time/actor/actor/recv_traj,114,32.84284210205078,1790086038.641429
time/actor/actor/recv_traj,115,32.77962112426758,1790086566.6558795
time/actor/actor/recv_traj,116,33.328861236572266,1790086825.1303093
time/actor/actor/recv_traj,117,33.121891021728516,1790087085.7760346
time/actor/actor/recv_traj,118,32.77244567871094,1790087345.9347284
time/actor/actor/recv_traj,119,32.62987518310547,1790087606.3886747
time/actor/actor/recv_traj,120,32.688255310058594,1790088139.8915145
time/actor/actor/recv_traj,121,35.98991394042969,1790088400.9529417
time/actor/actor/recv_traj,122,32.596824645996094,1790088661.505859
time/actor/actor/recv_traj,123,31.860727310180664,1790088921.1227462
time/actor/actor/recv_traj,124,33.47018814086914,1790089182.2045624
time/actor/actor/recv_traj,125,31.97994041442871,1790089710.8957639
time/actor/actor/recv_traj,126,35.41604232788086,1790089971.1503248
time/actor/actor/recv_traj,127,33.546348571777344,1790090233.219797
time/actor/actor/recv_traj,128,32.60470199584961,1790090493.9170556
time/actor/actor/recv_traj,129,33.381500244140625,1790090755.5910883
time/actor/actor/recv_traj,130,34.2242546081543,1790091286.3186247
time/actor/actor/recv_traj,131,33.256683349609375,1790091544.630581
time/actor/actor/recv_traj,132,33.52714920043945,1790091805.9193246
time/actor/actor/recv_traj,133,33.36054229736328,1790092067.183244
time/actor/actor/recv_traj,134,34.74683380126953,1790092330.8538113
time/actor/actor/recv_traj,135,33.96764373779297,1790092862.9248881
time/actor/actor/recv_traj,136,33.621273040771484,1790093121.3570333
time/actor/actor/recv_traj,137,33.232425689697266,1790093381.9747367
time/actor/actor/compute_adv,1,7.704738527536392e-05,1790050397.426024
time/actor/actor/compute_adv,2,2.9880087822675705e-05,1790050661.3440673
time/actor/actor/compute_adv,3,4.3486710637807846e-05,1790050923.1905742
time/actor/actor/compute_adv,4,3.516301512718201e-05,1790051184.0583792
time/actor/actor/compute_adv,5,3.0510127544403076e-05,1790051717.8040147
time/actor/actor/compute_adv,6,1.6730744391679764e-05,1790051977.7491162
time/actor/actor/compute_adv,7,3.620097413659096e-05,1790052240.299114
time/actor/actor/compute_adv,8,3.217998892068863e-05,1790052502.1964877
time/actor/actor/compute_adv,9,2.838997170329094e-05,1790052763.3217041
time/actor/actor/compute_adv,10,2.7422793209552765e-05,1790053293.093334
time/actor/actor/compute_adv,11,7.889466360211372e-05,1790053552.292755
time/actor/actor/compute_adv,12,2.556806430220604e-05,1790053812.6211786
time/actor/actor/compute_adv,13,2.819020301103592e-05,1790054073.613974
time/actor/actor/compute_adv,14,2.842908725142479e-05,1790054335.6316936
time/actor/actor/compute_adv,15,2.7265865355730057e-05,1790054878.9058092
time/actor/actor/compute_adv,16,1.4071352779865265e-05,1790055137.8472826
time/actor/actor/compute_adv,17,2.6402994990348816e-05,1790055400.1593738
time/actor/actor/compute_adv,18,2.7004163712263107e-05,1790055662.671712
time/actor/actor/compute_adv,19,3.114109858870506e-05,1790055926.1046915
time/actor/actor/compute_adv,20,1.6050878912210464e-05,1790056466.531846
time/actor/actor/compute_adv,21,2.9340852051973343e-05,1790056728.0246608
time/actor/actor/compute_adv,22,3.094738349318504e-05,1790056990.8841145
time/actor/actor/compute_adv,23,3.085285425186157e-05,1790057254.8305202
time/actor/actor/compute_adv,24,2.8212089091539383e-05,1790057516.085533
time/actor/actor/compute_adv,25,1.3002194464206696e-05,1790058061.4701743
time/actor/actor/compute_adv,26,3.063725307583809e-05,1790058321.6955028
time/actor/actor/compute_adv,27,3.379303961992264e-05,1790058582.8952122
time/actor/actor/compute_adv,28,3.006681799888611e-05,1790058845.5575898
time/actor/actor/compute_adv,29,4.3389853090047836e-05,1790059107.246242
time/actor/actor/compute_adv,30,1.1615920811891556e-05,1790059649.871043
time/actor/actor/compute_adv,31,2.9806047677993774e-05,1790059909.1719928
time/actor/actor/compute_adv,32,1.324014738202095e-05,1790060169.9033742
time/actor/actor/compute_adv,33,1.3168901205062866e-05,1790060432.3510141
time/actor/actor/compute_adv,34,3.1911302357912064e-05,1790060694.9391797
time/actor/actor/compute_adv,35,2.774503082036972e-05,1790061231.1745753
time/actor/actor/compute_adv,36,8.046021685004234e-05,1790061491.3066583
time/actor/actor/compute_adv,37,1.4236196875572205e-05,1790061753.1351821
time/actor/actor/compute_adv,38,2.619624137878418e-05,1790062014.8415236
time/actor/actor/compute_adv,39,2.86223366856575e-05,1790062277.5229912
time/actor/actor/compute_adv,40,3.0083581805229187e-05,1790062816.189687
time/actor/actor/compute_adv,41,8.275732398033142e-05,1790063076.4215083
time/actor/actor/compute_adv,42,3.013014793395996e-05,1790063338.2975228
time/actor/actor/compute_adv,43,7.728021591901779e-05,1790063599.8768785
time/actor/actor/compute_adv,44,2.871919423341751e-05,1790063859.639182
time/actor/actor/compute_adv,45,2.9617920517921448e-05,1790064396.797872
time/actor/actor/compute_adv,46,2.96630896627903e-05,1790064656.5838087
time/actor/actor/compute_adv,47,4.2893923819065094e-05,1790064918.6265125
time/actor/actor/compute_adv,48,3.153737634420395e-05,1790065180.885122
time/actor/actor/compute_adv,49,2.86702997982502e-05,1790065442.9624858
time/actor/actor/compute_adv,50,2.37366184592247e-05,1790066007.9057636
time/actor/actor/compute_adv,51,3.081606701016426e-05,1790066267.256373
time/actor/actor/compute_adv,52,1.7055775970220566e-05,1790066528.655884
time/actor/actor/compute_adv,53,2.611801028251648e-05,1790066788.5489285
time/actor/actor/compute_adv,54,1.61733478307724e-05,1790067049.5105026
time/actor/actor/compute_adv,55,2.902420237660408e-05,1790067586.9227376
time/actor/actor/compute_adv,56,1.4563091099262238e-05,1790067846.415122
time/actor/actor/compute_adv,57,2.269260585308075e-05,1790068107.1507738
time/actor/actor/compute_adv,58,2.8977170586586e-05,1790068369.7202508
time/actor/actor/compute_adv,59,2.8131064027547836e-05,1790068630.8116117
time/actor/actor/compute_adv,60,2.679787576198578e-05,1790069169.7885852
time/actor/actor/compute_adv,61,3.0145980417728424e-05,1790069427.9255228
time/actor/actor/compute_adv,62,2.4965032935142517e-05,1790069690.4292688
time/actor/actor/compute_adv,63,3.175903111696243e-05,1790069952.1324654
time/actor/actor/compute_adv,64,2.8523150831460953e-05,1790070213.7687905
time/actor/actor/compute_adv,65,4.035932943224907e-05,1790070746.2352993
time/actor/actor/compute_adv,66,9.214179590344429e-05,1790071007.8429677
time/actor/actor/compute_adv,67,2.8328970074653625e-05,1790071270.2299638
time/actor/actor/compute_adv,68,3.0302908271551132e-05,1790071532.2624192
time/actor/actor/compute_adv,69,2.794666215777397e-05,1790071793.8389003
time/actor/actor/compute_adv,70,2.8786715120077133e-05,1790072332.0490506
time/actor/actor/compute_adv,71,1.6602687537670135e-05,1790072591.3850977
time/actor/actor/compute_adv,72,2.764398232102394e-05,1790072852.8900774
time/actor/actor/compute_adv,73,1.750793308019638e-05,1790073115.2641995
time/actor/actor/compute_adv,74,1.239776611328125e-05,1790073376.6949368
time/actor/actor/compute_adv,75,2.7366913855075836e-05,1790073911.3716836
time/actor/actor/compute_adv,76,2.7277041226625443e-05,1790074170.4331794
time/actor/actor/compute_adv,77,2.9616989195346832e-05,1790074431.7010376
time/actor/actor/compute_adv,78,3.5433098673820496e-05,1790074695.0701098
time/actor/actor/compute_adv,79,2.9345974326133728e-05,1790074956.4446547
time/actor/actor/compute_adv,80,2.5011133402585983e-05,1790075490.3600345
time/actor/actor/compute_adv,81,1.4620833098888397e-05,1790075748.8699396
time/actor/actor/compute_adv,82,1.4457851648330688e-05,1790076009.1588855
time/actor/actor/compute_adv,83,2.9006972908973694e-05,1790076270.8484366
time/actor/actor/compute_adv,84,3.101630136370659e-05,1790076532.6548176
time/actor/actor/compute_adv,85,4.6070199459791183e-05,1790077067.6549995
time/actor/actor/compute_adv,86,8.306186646223068e-05,1790077327.415918
time/actor/actor/compute_adv,87,1.4306977391242981e-05,1790077588.3377228
time/actor/actor/compute_adv,88,2.8983689844608307e-05,1790077850.4115102
time/actor/actor/compute_adv,89,2.9966235160827637e-05,1790078112.487186
time/actor/actor/compute_adv,90,9.097624570131302e-05,1790078647.422771
time/actor/actor/compute_adv,91,2.891896292567253e-05,1790078907.5578992
time/actor/actor/compute_adv,92,1.2902077287435532e-05,1790079170.756043
time/actor/actor/compute_adv,93,4.355795681476593e-05,1790079433.1279142
time/actor/actor/compute_adv,94,2.863677218556404e-05,1790079695.7493467
time/actor/actor/compute_adv,95,1.2826640158891678e-05,1790080233.575792
time/actor/actor/compute_adv,96,2.2670254111289978e-05,1790080493.1434517
time/actor/actor/compute_adv,97,3.137905150651932e-05,1790080753.97888
time/actor/actor/compute_adv,98,2.9894988983869553e-05,1790081015.0520725
time/actor/actor/compute_adv,99,2.8999056667089462e-05,1790081276.714336
time/actor/actor/compute_adv,100,1.6563106328248978e-05,1790081837.2350078
time/actor/actor/compute_adv,101,2.861209213733673e-05,1790082096.5187023
time/actor/actor/compute_adv,102,2.9452145099639893e-05,1790082357.672644
time/actor/actor/compute_adv,103,3.2984185963869095e-05,1790082618.9604871
time/actor/actor/compute_adv,104,3.1253788620233536e-05,1790082879.763257
time/actor/actor/compute_adv,105,2.918299287557602e-05,1790083411.660925
time/actor/actor/compute_adv,106,8.335616439580917e-05,1790083671.5504293
time/actor/actor/compute_adv,107,2.715224400162697e-05,1790083934.591586
time/actor/actor/compute_adv,108,2.9562972486019135e-05,1790084197.4656177
time/actor/actor/compute_adv,109,5.540018901228905e-05,1790084457.8960652
time/actor/actor/compute_adv,110,2.813665196299553e-05,1790084994.110142
time/actor/actor/compute_adv,111,2.8355978429317474e-05,1790085254.3616436
time/actor/actor/compute_adv,112,2.5506597012281418e-05,1790085516.589247
time/actor/actor/compute_adv,113,2.8294045478105545e-05,1790085777.7688475
time/actor/actor/compute_adv,114,2.6760157197713852e-05,1790086038.641833
time/actor/actor/compute_adv,115,2.474989742040634e-05,1790086566.6558876
time/actor/actor/compute_adv,116,4.155607894062996e-05,1790086825.130769
time/actor/actor/compute_adv,117,2.6806723326444626e-05,1790087085.7765713
time/actor/actor/compute_adv,118,2.8326641768217087e-05,1790087345.935164
time/actor/actor/compute_adv,119,2.4490058422088623e-05,1790087606.3891454
time/actor/actor/compute_adv,120,2.1422281861305237e-05,1790088139.8915226
time/actor/actor/compute_adv,121,4.3136999011039734e-05,1790088400.9530773
time/actor/actor/compute_adv,122,2.6973895728588104e-05,1790088661.5063634
time/actor/actor/compute_adv,123,1.4755874872207642e-05,1790088921.122948
time/actor/actor/compute_adv,124,2.9813963919878006e-05,1790089182.2046924
time/actor/actor/compute_adv,125,3.1474046409130096e-05,1790089710.895771
time/actor/actor/compute_adv,126,1.4517921954393387e-05,1790089971.150708
time/actor/actor/compute_adv,127,3.571296110749245e-05,1790090233.2203245
time/actor/actor/compute_adv,128,1.5415716916322708e-05,1790090493.9174287
time/actor/actor/compute_adv,129,2.8903130441904068e-05,1790090755.5916066
time/actor/actor/compute_adv,130,3.542192280292511e-05,1790091286.3186321
time/actor/actor/compute_adv,131,3.354903310537338e-05,1790091544.6310906
time/actor/actor/compute_adv,132,1.250486820936203e-05,1790091805.9198253
time/actor/actor/compute_adv,133,2.4203676730394363e-05,1790092067.1837559
time/actor/actor/compute_adv,134,3.055715933442116e-05,1790092330.854321
time/actor/actor/compute_adv,135,3.143586218357086e-05,1790092862.924899
time/actor/actor/compute_adv,136,1.4078337699174881e-05,1790093121.3577042
time/actor/actor/compute_adv,137,3.1427014619112015e-05,1790093381.975251
time/actor/sample,1,1.5425258874893188,1790050397.4260306
time/actor/sample,2,1.4938287734985352,1790050661.3440742
time/actor/sample,3,1.5263652801513672,1790050923.1905835
time/actor/sample,4,1.5696183443069458,1790051184.058387
time/actor/sample,5,1.6088937520980835,1790051717.8040214
time/actor/sample,6,1.432748556137085,1790051977.749145
time/actor/sample,7,1.5689189434051514,1790052240.2991214
time/actor/sample,8,1.5895640850067139,1790052502.1964946
time/actor/sample,9,1.6022701263427734,1790052763.3217118
time/actor/sample,10,1.5606844425201416,1790053293.0933466
time/actor/sample,11,1.6335216760635376,1790053552.2927613
time/actor/sample,12,1.6059929132461548,1790053812.621185
time/actor/sample,13,1.6849429607391357,1790054073.613981
time/actor/sample,14,1.7078251838684082,1790054335.6317127
time/actor/sample,15,1.6974889039993286,1790054878.905815
time/actor/sample,16,1.6713474988937378,1790055137.8472905
time/actor/sample,17,1.7487428188323975,1790055400.1593807
time/actor/sample,18,1.6722491979599,1790055662.671719
time/actor/sample,19,1.7644580602645874,1790055926.1046991
time/actor/sample,20,1.7393244504928589,1790056466.5318596
time/actor/sample,21,1.5919097661972046,1790056728.024669
time/actor/sample,22,1.75580894947052,1790056990.8841212
time/actor/sample,23,1.7624773979187012,1790057254.830527
time/actor/sample,24,1.764032244682312,1790057516.08554
time/actor/sample,25,1.6563745737075806,1790058061.470194
time/actor/sample,26,1.7651481628417969,1790058321.69551
time/actor/sample,27,1.7386234998703003,1790058582.8952188
time/actor/sample,28,1.729425072669983,1790058845.557598
time/actor/sample,29,1.7814321517944336,1790059107.246249
time/actor/sample,30,1.6946251392364502,1790059649.87105
time/actor/sample,31,1.740217685699463,1790059909.1720018
time/actor/sample,32,1.7060633897781372,1790060169.9033802
time/actor/sample,33,1.6998121738433838,1790060432.351021
time/actor/sample,34,1.8373382091522217,1790060694.9391859
time/actor/sample,35,1.8231558799743652,1790061231.1745813
time/actor/sample,36,1.8126635551452637,1790061491.3066678
time/actor/sample,37,1.7248435020446777,1790061753.1351879
time/actor/sample,38,1.872691035270691,1790062014.8415313
time/actor/sample,39,1.880548119544983,1790062277.5229979
time/actor/sample,40,1.9763213396072388,1790062816.1896927
time/actor/sample,41,2.0220768451690674,1790063076.421515
time/actor/sample,42,2.0640056133270264,1790063338.29753
time/actor/sample,43,1.9332363605499268,1790063599.8768866
time/actor/sample,44,1.9414118528366089,1790063859.6391888
time/actor/sample,45,1.9868874549865723,1790064396.797881
time/actor/sample,46,1.982834815979004,1790064656.5838149
time/actor/sample,47,2.0282135009765625,1790064918.6265194
time/actor/sample,48,1.92507803440094,1790065180.8851273
time/actor/sample,49,2.0238587856292725,1790065442.9624922
time/actor/sample,50,1.9542090892791748,1790066007.9057703
time/actor/sample,51,1.9276727437973022,1790066267.2563858
time/actor/sample,52,2.0708765983581543,1790066528.6558914
time/actor/sample,53,2.126645088195801,1790066788.5489354
time/actor/sample,54,2.039818048477173,1790067049.5105093
time/actor/sample,55,2.0521016120910645,1790067586.9227457
time/actor/sample,56,2.156768798828125,1790067846.4151285
time/actor/sample,57,1.9846651554107666,1790068107.1507788
time/actor/sample,58,2.0365588665008545,1790068369.720257
time/actor/sample,59,2.0468156337738037,1790068630.8116195
time/actor/sample,60,2.0531866550445557,1790069169.7885966
time/actor/sample,61,1.9845763444900513,1790069427.9255319
time/actor/sample,62,2.1210598945617676,1790069690.4292758
time/actor/sample,63,2.1356587409973145,1790069952.1324718
time/actor/sample,64,2.160259962081909,1790070213.7687964
time/actor/sample,65,2.114582061767578,1790070746.235306
time/actor/sample,66,2.2024154663085938,1790071007.842975
time/actor/sample,67,2.1637961864471436,1790071270.2299707
time/actor/sample,68,2.1677017211914062,1790071532.2624261
time/actor/sample,69,2.0226306915283203,1790071793.838908
time/actor/sample,70,2.2340567111968994,1790072332.0490572
time/actor/sample,71,2.158054828643799,1790072591.3851047
time/actor/sample,72,2.053360939025879,1790072852.8900843
time/actor/sample,73,2.12583589553833,1790073115.2642047
time/actor/sample,74,2.0709593296051025,1790073376.6949499
time/actor/sample,75,2.1657416820526123,1790073911.371691
time/actor/sample,76,2.0215280055999756,1790074170.4331858
time/actor/sample,77,2.094794511795044,1790074431.7010436
time/actor/sample,78,2.1055073738098145,1790074695.0701182
time/actor/sample,79,2.1149749755859375,1790074956.4446616
time/actor/sample,80,2.1198275089263916,1790075490.3600595
time/actor/sample,81,2.099095106124878,1790075748.869946
time/actor/sample,82,2.0979056358337402,1790076009.1588948
time/actor/sample,83,2.1295454502105713,1790076270.8484426
time/actor/sample,84,2.184396743774414,1790076532.654824
time/actor/sample,85,2.0696358680725098,1790077067.6550071
time/actor/sample,86,2.05415678024292,1790077327.4159253
time/actor/sample,87,2.143040895462036,1790077588.3377292
time/actor/sample,88,2.1215033531188965,1790077850.4115164
time/actor/sample,89,2.2033700942993164,1790078112.4871929
time/actor/sample,90,2.0348947048187256,1790078647.4227786
time/actor/sample,91,2.0989058017730713,1790078907.5579057
time/actor/sample,92,2.093137741088867,1790079170.75605
time/actor/sample,93,2.1171181201934814,1790079433.127924
time/actor/sample,94,2.2098782062530518,1790079695.7493622
time/actor/sample,95,2.1340246200561523,1790080233.5757964
time/actor/sample,96,2.1576757431030273,1790080493.143459
time/actor/sample,97,2.061271905899048,1790080753.9788868
time/actor/sample,98,2.157437324523926,1790081015.0520785
time/actor/sample,99,2.1963393688201904,1790081276.7143428
time/actor/sample,100,2.129866361618042,1790081837.2350137
time/actor/sample,101,2.173079490661621,1790082096.518709
time/actor/sample,102,2.172956943511963,1790082357.6726503
time/actor/sample,103,2.075101137161255,1790082618.960501
time/actor/sample,104,2.2133688926696777,1790082879.7632637
time/actor/sample,105,2.2066802978515625,1790083411.6609337
time/actor/sample,106,2.1367175579071045,1790083671.5504365
time/actor/sample,107,2.2298583984375,1790083934.5915926
time/actor/sample,108,2.173893690109253,1790084197.4656255
time/actor/sample,109,2.138183832168579,1790084457.896074
time/actor/sample,110,2.1901605129241943,1790084994.1101491
time/actor/sample,111,2.298036813735962,1790085254.361651
time/actor/sample,112,2.1904187202453613,1790085516.5892537
time/actor/sample,113,2.136918306350708,1790085777.768854
time/actor/sample,114,2.2212586402893066,1790086038.6418395
time/actor/sample,115,2.156804323196411,1790086566.6558952
time/actor/sample,116,2.1064834594726562,1790086825.1307755
time/actor/sample,117,2.0932228565216064,1790087085.7765796
time/actor/sample,118,2.077427387237549,1790087345.9351697
time/actor/sample,119,2.1485893726348877,1790087606.389152
time/actor/sample,120,2.14092755317688,1790088139.891531
time/actor/sample,121,2.2269344329833984,1790088400.953084
time/actor/sample,122,2.1900510787963867,1790088661.5063696
time/actor/sample,123,2.1670138835906982,1790088921.122955
time/actor/sample,124,2.1557857990264893,1790089182.2046993
time/actor/sample,125,2.218013286590576,1790089710.8957787
time/actor/sample,126,2.182223320007324,1790089971.1507146
time/actor/sample,127,2.23075008392334,1790090233.2203312
time/actor/sample,128,2.0988078117370605,1790090493.9174347
time/actor/sample,129,2.2282028198242188,1790090755.5916133
time/actor/sample,130,2.2174572944641113,1790091286.3186398
time/actor/sample,131,2.177487850189209,1790091544.631099
time/actor/sample,132,2.107012987136841,1790091805.919834
time/actor/sample,133,2.251922369003296,1790092067.1837611
time/actor/sample,134,2.2253670692443848,1790092330.8543334
time/actor/sample,135,2.3470964431762695,1790092862.9249103
time/actor/sample,136,2.120002031326294,1790093121.3577108
time/actor/sample,137,2.216477155685425,1790093381.9752607
time/actor/forward_actor,1,84.2705078125,1790050397.4260366
time/actor/forward_actor,2,83.4854965209961,1790050661.3440807
time/actor/forward_actor,3,83.24555969238281,1790050923.1905925
time/actor/forward_actor,4,83.49920654296875,1790051184.058394
time/actor/forward_actor,5,83.07972717285156,1790051717.8040283
time/actor/forward_actor,6,83.50540161132812,1790051977.7491608
time/actor/forward_actor,7,83.02283477783203,1790052240.2991278
time/actor/forward_actor,8,83.49662780761719,1790052502.1965013
time/actor/forward_actor,9,83.53462219238281,1790052763.321719
time/actor/forward_actor,10,83.367431640625,1790053293.0933597
time/actor/forward_actor,11,83.54328155517578,1790053552.2927673
time/actor/forward_actor,12,83.27520751953125,1790053812.6211905
time/actor/forward_actor,13,83.80631256103516,1790054073.6139867
time/actor/forward_actor,14,83.54136657714844,1790054335.6317225
time/actor/forward_actor,15,83.77108001708984,1790054878.9058208
time/actor/forward_actor,16,83.69536590576172,1790055137.8472974
time/actor/forward_actor,17,83.61832427978516,1790055400.159387
time/actor/forward_actor,18,83.59278869628906,1790055662.6717255
time/actor/forward_actor,19,83.52193450927734,1790055926.1047058
time/actor/forward_actor,20,83.62789916992188,1790056466.5318737
time/actor/forward_actor,21,83.13973236083984,1790056728.024677
time/actor/forward_actor,22,83.30052947998047,1790056990.8841267
time/actor/forward_actor,23,83.03517150878906,1790057254.8305326
time/actor/forward_actor,24,83.20399475097656,1790057516.0855467
time/actor/forward_actor,25,83.515625,1790058061.4702168
time/actor/forward_actor,26,83.41913604736328,1790058321.6955166
time/actor/forward_actor,27,83.36267852783203,1790058582.8952248
time/actor/forward_actor,28,83.47172546386719,1790058845.5576057
time/actor/forward_actor,29,83.64846801757812,1790059107.2462552
time/actor/forward_actor,30,83.38434600830078,1790059649.8710566
time/actor/forward_actor,31,83.3468017578125,1790059909.1720097
time/actor/forward_actor,32,83.44730377197266,1790060169.9033859
time/actor/forward_actor,33,83.35639953613281,1790060432.351028
time/actor/forward_actor,34,83.62255859375,1790060694.9391918
time/actor/forward_actor,35,83.51372528076172,1790061231.1745875
time/actor/forward_actor,36,83.76734161376953,1790061491.3066764
time/actor/forward_actor,37,83.1568832397461,1790061753.1351936
time/actor/forward_actor,38,83.36614227294922,1790062014.841538
time/actor/forward_actor,39,83.5876693725586,1790062277.5230045
time/actor/forward_actor,40,83.4404525756836,1790062816.1896982
time/actor/forward_actor,41,83.53926086425781,1790063076.421521
time/actor/forward_actor,42,83.46800231933594,1790063338.2975366
time/actor/forward_actor,43,83.40853881835938,1790063599.8768942
time/actor/forward_actor,44,83.33430480957031,1790063859.6391943
time/actor/forward_actor,45,82.9874496459961,1790064396.7978892
time/actor/forward_actor,46,83.50862121582031,1790064656.583821
time/actor/forward_actor,47,83.26579284667969,1790064918.6265259
time/actor/forward_actor,48,83.42108154296875,1790065180.8851323
time/actor/forward_actor,49,83.41034698486328,1790065442.9624987
time/actor/forward_actor,50,82.97920989990234,1790066007.9057775
time/actor/forward_actor,51,83.30302429199219,1790066267.2563975
time/actor/forward_actor,52,83.24826049804688,1790066528.655898
time/actor/forward_actor,53,83.46028137207031,1790066788.5489416
time/actor/forward_actor,54,83.3531723022461,1790067049.510516
time/actor/forward_actor,55,82.93793487548828,1790067586.9227538
time/actor/forward_actor,56,83.28510284423828,1790067846.415135
time/actor/forward_actor,57,83.28031158447266,1790068107.1507843
time/actor/forward_actor,58,83.44692993164062,1790068369.7202635
time/actor/forward_actor,59,83.23191833496094,1790068630.8116276
time/actor/forward_actor,60,83.02690124511719,1790069169.7886078
time/actor/forward_actor,61,83.21096801757812,1790069427.9255407
time/actor/forward_actor,62,83.3905029296875,1790069690.4292822
time/actor/forward_actor,63,83.28602600097656,1790069952.132478
time/actor/forward_actor,64,83.5626449584961,1790070213.7688022
time/actor/forward_actor,65,83.18529510498047,1790070746.235313
time/actor/forward_actor,66,83.22411346435547,1790071007.8429816
time/actor/forward_actor,67,83.61241912841797,1790071270.229977
time/actor/forward_actor,68,83.34841918945312,1790071532.2624323
time/actor/forward_actor,69,83.11239624023438,1790071793.838915
time/actor/forward_actor,70,83.122802734375,1790072332.0490646
time/actor/forward_actor,71,83.24909210205078,1790072591.385111
time/actor/forward_actor,72,83.50991821289062,1790072852.8900902
time/actor/forward_actor,73,83.29312896728516,1790073115.2642105
time/actor/forward_actor,74,83.27590942382812,1790073376.6949565
time/actor/forward_actor,75,83.14539337158203,1790073911.3716984
time/actor/forward_actor,76,83.7220687866211,1790074170.433192
time/actor/forward_actor,77,83.46392059326172,1790074431.7010498
time/actor/forward_actor,78,83.56856536865234,1790074695.070125
time/actor/forward_actor,79,83.08777618408203,1790074956.444667
time/actor/forward_actor,80,83.06620025634766,1790075490.3600807
time/actor/forward_actor,81,83.3471908569336,1790075748.8699522
time/actor/forward_actor,82,83.39736938476562,1790076009.1589038
time/actor/forward_actor,83,83.35995483398438,1790076270.848449
time/actor/forward_actor,84,83.40624237060547,1790076532.6548297
time/actor/forward_actor,85,83.25012969970703,1790077067.6550148
time/actor/forward_actor,86,83.28614807128906,1790077327.4159317
time/actor/forward_actor,87,83.15650939941406,1790077588.3377357
time/actor/forward_actor,88,83.01373291015625,1790077850.4115226
time/actor/forward_actor,89,83.63800048828125,1790078112.4871993
time/actor/forward_actor,90,82.87922668457031,1790078647.4227862
time/actor/forward_actor,91,83.09709167480469,1790078907.5579114
time/actor/forward_actor,92,83.08628845214844,1790079170.756057
time/actor/forward_actor,93,83.02351379394531,1790079433.1279337
time/actor/forward_actor,94,83.4363021850586,1790079695.7493734
time/actor/forward_actor,95,83.33760833740234,1790080233.575801
time/actor/forward_actor,96,83.37508392333984,1790080493.143465
time/actor/forward_actor,97,82.98113250732422,1790080753.978893
time/actor/forward_actor,98,83.03004455566406,1790081015.0520844
time/actor/forward_actor,99,83.08859252929688,1790081276.7143486
time/actor/forward_actor,100,83.00218963623047,1790081837.2350192
time/actor/forward_actor,101,82.51325988769531,1790082096.5187151
time/actor/forward_actor,102,82.54374694824219,1790082357.6726563
time/actor/forward_actor,103,82.4646987915039,1790082618.960512
time/actor/forward_actor,104,82.50238037109375,1790082879.7632694
time/actor/forward_actor,105,82.50914764404297,1790083411.660942
time/actor/forward_actor,106,82.99462127685547,1790083671.5504427
time/actor/forward_actor,107,82.82544708251953,1790083934.591598
time/actor/forward_actor,108,82.77824401855469,1790084197.4656322
time/actor/forward_actor,109,82.66671752929688,1790084457.8960822
time/actor/forward_actor,110,82.55797576904297,1790084994.110157
time/actor/forward_actor,111,83.04691314697266,1790085254.3616579
time/actor/forward_actor,112,82.67374420166016,1790085516.5892591
time/actor/forward_actor,113,82.61437225341797,1790085777.7688596
time/actor/forward_actor,114,82.7614974975586,1790086038.6418455
time/actor/forward_actor,115,82.55990600585938,1790086566.6559026
time/actor/forward_actor,116,82.82379150390625,1790086825.1307817
time/actor/forward_actor,117,82.65287780761719,1790087085.776587
time/actor/forward_actor,118,82.70006561279297,1790087345.9351754
time/actor/forward_actor,119,82.75135040283203,1790087606.3891575
time/actor/forward_actor,120,82.61863708496094,1790088139.8915386
time/actor/forward_actor,121,82.5540771484375,1790088400.9530897
time/actor/forward_actor,122,82.92294311523438,1790088661.5063753
time/actor/forward_actor,123,82.83354187011719,1790088921.1229622
time/actor/forward_actor,124,82.33781433105469,1790089182.204706
time/actor/forward_actor,125,82.79771423339844,1790089710.895786
time/actor/forward_actor,126,82.7479248046875,1790089971.1507206
time/actor/forward_actor,127,83.07561492919922,1790090233.2203379
time/actor/forward_actor,128,82.84059143066406,1790090493.9174402
time/actor/forward_actor,129,82.85871124267578,1790090755.5916197
time/actor/forward_actor,130,82.7889175415039,1790091286.3186476
time/actor/forward_actor,131,82.67610168457031,1790091544.6311069
time/actor/forward_actor,132,82.91384887695312,1790091805.9198418
time/actor/forward_actor,133,82.85580444335938,1790092067.1837656
time/actor/forward_actor,134,83.21450805664062,1790092330.8543434
time/actor/forward_actor,135,82.73155212402344,1790092862.9249213
time/actor/forward_actor,136,82.78829193115234,1790093121.3577168
time/actor/forward_actor,137,82.651123046875,1790093381.9752707
time/actor/update_one_epoch,1,219.78079223632812,1790050397.4260423
time/actor/update_one_epoch,2,218.90899658203125,1790050661.3440876
time/actor/update_one_epoch,3,218.6577606201172,1790050923.1906009
time/actor/update_one_epoch,4,218.883056640625,1790051184.0584009
time/actor/update_one_epoch,5,218.96511840820312,1790051717.8040345
time/actor/update_one_epoch,6,218.714599609375,1790051977.7491732
time/actor/update_one_epoch,7,218.46163940429688,1790052240.2991343
time/actor/update_one_epoch,8,218.95175170898438,1790052502.196508
time/actor/update_one_epoch,9,218.98753356933594,1790052763.3217256
time/actor/update_one_epoch,10,218.6458282470703,1790053293.0933714
time/actor/update_one_epoch,11,219.0749969482422,1790053552.2927725
time/actor/update_one_epoch,12,218.7225341796875,1790053812.6211965
time/actor/update_one_epoch,13,219.35482788085938,1790054073.6139925
time/actor/update_one_epoch,14,219.06910705566406,1790054335.63173
time/actor/update_one_epoch,15,219.2667999267578,1790054878.9058266
time/actor/update_one_epoch,16,219.256591796875,1790055137.8473043
time/actor/update_one_epoch,17,219.14967346191406,1790055400.159394
time/actor/update_one_epoch,18,219.11181640625,1790055662.6717322
time/actor/update_one_epoch,19,219.1279754638672,1790055926.1047122
time/actor/update_one_epoch,20,219.19760131835938,1790056466.531887
time/actor/update_one_epoch,21,218.94725036621094,1790056728.0246859
time/actor/update_one_epoch,22,218.8566131591797,1790056990.8841324
time/actor/update_one_epoch,23,218.55404663085938,1790057254.8305383
time/actor/update_one_epoch,24,218.688232421875,1790057516.0855536
time/actor/update_one_epoch,25,218.89195251464844,1790058061.4702368
time/actor/update_one_epoch,26,219.0038604736328,1790058321.6955237
time/actor/update_one_epoch,27,218.8664093017578,1790058582.8952308
time/actor/update_one_epoch,28,218.96636962890625,1790058845.557613
time/actor/update_one_epoch,29,219.1761016845703,1790059107.2462614
time/actor/update_one_epoch,30,218.7620086669922,1790059649.8710632
time/actor/update_one_epoch,31,218.95558166503906,1790059909.1720173
time/actor/update_one_epoch,32,218.882568359375,1790060169.9033916
time/actor/update_one_epoch,33,218.88412475585938,1790060432.3510344
time/actor/update_one_epoch,34,219.2368621826172,1790060694.9391978
time/actor/update_one_epoch,35,219.23350524902344,1790061231.1745927
time/actor/update_one_epoch,36,219.47247314453125,1790061491.3066852
time/actor/update_one_epoch,37,218.6980743408203,1790061753.1351995
time/actor/update_one_epoch,38,219.0033416748047,1790062014.841545
time/actor/update_one_epoch,39,219.2672119140625,1790062277.5230105
time/actor/update_one_epoch,40,219.29742431640625,1790062816.1897037
time/actor/update_one_epoch,41,219.4918670654297,1790063076.4215264
time/actor/update_one_epoch,42,219.4276123046875,1790063338.2975428
time/actor/update_one_epoch,43,219.1843719482422,1790063599.8769028
time/actor/update_one_epoch,44,219.0418701171875,1790063859.6392007
time/actor/update_one_epoch,45,218.8419647216797,1790064396.7978969
time/actor/update_one_epoch,46,219.37818908691406,1790064656.583827
time/actor/update_one_epoch,47,219.19496154785156,1790064918.626532
time/actor/update_one_epoch,48,219.28224182128906,1790065180.8851368
time/actor/update_one_epoch,49,219.30575561523438,1790065442.9625044
time/actor/update_one_epoch,50,218.73484802246094,1790066007.9057841
time/actor/update_one_epoch,51,219.12887573242188,1790066267.2564094
time/actor/update_one_epoch,52,219.27735900878906,1790066528.6559045
time/actor/update_one_epoch,53,219.45333862304688,1790066788.5489478
time/actor/update_one_epoch,54,219.27716064453125,1790067049.5105221
time/actor/update_one_epoch,55,218.69073486328125,1790067586.9227614
time/actor/update_one_epoch,56,219.34469604492188,1790067846.4151416
time/actor/update_one_epoch,57,219.02880859375,1790068107.1507893
time/actor/update_one_epoch,58,219.32460021972656,1790068369.720269
time/actor/update_one_epoch,59,219.062744140625,1790068630.8116353
time/actor/update_one_epoch,60,218.794189453125,1790069169.788619
time/actor/update_one_epoch,61,219.04782104492188,1790069427.9255493
time/actor/update_one_epoch,62,219.40345764160156,1790069690.4292886
time/actor/update_one_epoch,63,219.2830047607422,1790069952.132484
time/actor/update_one_epoch,64,219.64169311523438,1790070213.7688086
time/actor/update_one_epoch,65,219.08033752441406,1790070746.2353196
time/actor/update_one_epoch,66,219.2101593017578,1790071007.8429885
time/actor/update_one_epoch,67,219.6940155029297,1790071270.229983
time/actor/update_one_epoch,68,219.3130645751953,1790071532.2624388
time/actor/update_one_epoch,69,218.82171630859375,1790071793.8389218
time/actor/update_one_epoch,70,219.2699432373047,1790072332.0490713
time/actor/update_one_epoch,71,219.26345825195312,1790072591.3851168
time/actor/update_one_epoch,72,219.45758056640625,1790072852.890096
time/actor/update_one_epoch,73,219.18614196777344,1790073115.2642157
time/actor/update_one_epoch,74,219.0946502685547,1790073376.6949625
time/actor/update_one_epoch,75,219.0802459716797,1790073911.3717055
time/actor/update_one_epoch,76,219.65213012695312,1790074170.433198
time/actor/update_one_epoch,77,219.31761169433594,1790074431.7010558
time/actor/update_one_epoch,78,219.5457305908203,1790074695.070132
time/actor/update_one_epoch,79,219.02235412597656,1790074956.444673
time/actor/update_one_epoch,80,219.43865966796875,1790075490.3601022
time/actor/update_one_epoch,81,219.31976318359375,1790075748.8699582
time/actor/update_one_epoch,82,219.32870483398438,1790076009.1589127
time/actor/update_one_epoch,83,219.2939453125,1790076270.8484545
time/actor/update_one_epoch,84,219.38595581054688,1790076532.6548355
time/actor/update_one_epoch,85,219.21022033691406,1790077067.6550214
time/actor/update_one_epoch,86,219.22288513183594,1790077327.4159384
time/actor/update_one_epoch,87,219.03062438964844,1790077588.3377414
time/actor/update_one_epoch,88,218.85508728027344,1790077850.411528
time/actor/update_one_epoch,89,219.763671875,1790078112.487206
time/actor/update_one_epoch,90,218.97189331054688,1790078647.4227946
time/actor/update_one_epoch,91,219.06202697753906,1790078907.5579169
time/actor/update_one_epoch,92,218.92996215820312,1790079170.756064
time/actor/update_one_epoch,93,218.87371826171875,1790079433.1279433
time/actor/update_one_epoch,94,219.4628448486328,1790079695.7493834
time/actor/update_one_epoch,95,219.3231964111328,1790080233.5758057
time/actor/update_one_epoch,96,219.4574737548828,1790080493.1434712
time/actor/update_one_epoch,97,218.82513427734375,1790080753.9788992
time/actor/update_one_epoch,98,218.90977478027344,1790081015.0520902
time/actor/update_one_epoch,99,219.49533081054688,1790081276.714354
time/actor/update_one_epoch,100,219.34877014160156,1790081837.235025
time/actor/update_one_epoch,101,218.9039764404297,1790082096.518721
time/actor/update_one_epoch,102,218.9900665283203,1790082357.6726627
time/actor/update_one_epoch,103,218.620849609375,1790082618.9605224
time/actor/update_one_epoch,104,219.0142822265625,1790082879.763275
time/actor/update_one_epoch,105,219.01084899902344,1790083411.6609504
time/actor/update_one_epoch,106,219.57908630371094,1790083671.5504487
time/actor/update_one_epoch,107,219.3418731689453,1790083934.5916038
time/actor/update_one_epoch,108,219.22320556640625,1790084197.4656389
time/actor/update_one_epoch,109,219.00216674804688,1790084457.896091
time/actor/update_one_epoch,110,218.96229553222656,1790084994.1101644
time/actor/update_one_epoch,111,219.7734832763672,1790085254.3616648
time/actor/update_one_epoch,112,219.0552215576172,1790085516.589265
time/actor/update_one_epoch,113,218.93052673339844,1790085777.7688663
time/actor/update_one_epoch,114,219.23092651367188,1790086038.6418512
time/actor/update_one_epoch,115,218.9502410888672,1790086566.6559105
time/actor/update_one_epoch,116,219.15550231933594,1790086825.1307878
time/actor/update_one_epoch,117,218.98385620117188,1790087085.776595
time/actor/update_one_epoch,118,218.94944763183594,1790087345.9351816
time/actor/update_one_epoch,119,219.02944946289062,1790087606.3891637
time/actor/update_one_epoch,120,218.90773010253906,1790088139.8915462
time/actor/update_one_epoch,121,219.11068725585938,1790088400.953096
time/actor/update_one_epoch,122,219.40220642089844,1790088661.5063815
time/actor/update_one_epoch,123,219.19956970214844,1790088921.122969
time/actor/update_one_epoch,124,218.92581176757812,1790089182.2047126
time/actor/update_one_epoch,125,219.28599548339844,1790089710.8957934
time/actor/update_one_epoch,126,219.13034057617188,1790089971.1507266
time/actor/update_one_epoch,127,219.60069274902344,1790090233.220344
time/actor/update_one_epoch,128,219.07244873046875,1790090493.9174461
time/actor/update_one_epoch,129,219.2957000732422,1790090755.591626
time/actor/update_one_epoch,130,219.17588806152344,1790091286.318655
time/actor/update_one_epoch,131,219.16552734375,1790091544.6311147
time/actor/update_one_epoch,132,219.21768188476562,1790091805.9198492
time/actor/update_one_epoch,133,219.42494201660156,1790092067.1837702
time/actor/update_one_epoch,134,219.74392700195312,1790092330.854353
time/actor/update_one_epoch,135,219.33816528320312,1790092862.9249332
time/actor/update_one_epoch,136,219.2315673828125,1790093121.3577223
time/actor/update_one_epoch,137,218.9505615234375,1790093381.9752798
time/actor/run_training,1,442.20404052734375,1790050397.426048
time/actor/run_training,2,440.1794128417969,1790050661.344094
time/actor/run_training,3,439.79913330078125,1790050923.1906104
time/actor/run_training,4,440.26678466796875,1790051184.058407
time/actor/run_training,5,440.2743835449219,1790051717.8040411
time/actor/run_training,6,439.9649658203125,1790051977.7491856
time/actor/run_training,7,439.467529296875,1790052240.2991407
time/actor/run_training,8,440.2777099609375,1790052502.1965148
time/actor/run_training,9,440.5708923339844,1790052763.3217325
time/actor/run_training,10,439.64459228515625,1790053293.0933878
time/actor/run_training,11,440.99169921875,1790053552.2927785
time/actor/run_training,12,440.0771789550781,1790053812.621203
time/actor/run_training,13,441.39276123046875,1790054073.6139987
time/actor/run_training,14,440.56915283203125,1790054335.6317372
time/actor/run_training,15,440.887451171875,1790054878.9058328
time/actor/run_training,16,440.9947204589844,1790055137.847311
time/actor/run_training,17,440.6502990722656,1790055400.1594005
time/actor/run_training,18,440.7718811035156,1790055662.6717389
time/actor/run_training,19,440.7831115722656,1790055926.1047187
time/actor/run_training,20,440.9502868652344,1790056466.5319037
time/actor/run_training,21,440.2620849609375,1790056728.0246937
time/actor/run_training,22,440.3162536621094,1790056990.8841388
time/actor/run_training,23,439.6882629394531,1790057254.8305447
time/actor/run_training,24,439.834716796875,1790057516.0855606
time/actor/run_training,25,440.1265869140625,1790058061.4702568
time/actor/run_training,26,440.3741760253906,1790058321.6955304
time/actor/run_training,27,440.1920471191406,1790058582.8952365
time/actor/run_training,28,440.3779602050781,1790058845.55762
time/actor/run_training,29,440.7161560058594,1790059107.2462678
time/actor/run_training,30,439.7642822265625,1790059649.87107
time/actor/run_training,31,440.26544189453125,1790059909.1720257
time/actor/run_training,32,440.2120056152344,1790060169.903397
time/actor/run_training,33,440.0291748046875,1790060432.3510413
time/actor/run_training,34,440.8617858886719,1790060694.939205
time/actor/run_training,35,440.86102294921875,1790061231.1745987
time/actor/run_training,36,441.3647766113281,1790061491.3066938
time/actor/run_training,37,439.7620849609375,1790061753.135205
time/actor/run_training,38,440.38787841796875,1790062014.8415532
time/actor/run_training,39,441.053466796875,1790062277.5230167
time/actor/run_training,40,440.9884948730469,1790062816.189709
time/actor/run_training,41,441.55096435546875,1790063076.4215329
time/actor/run_training,42,441.3924865722656,1790063338.2975495
time/actor/run_training,43,440.86651611328125,1790063599.876911
time/actor/run_training,44,440.5269775390625,1790063859.6392064
time/actor/run_training,45,440.5689697265625,1790064396.797905
time/actor/run_training,46,441.20513916015625,1790064656.5838335
time/actor/run_training,47,440.8512268066406,1790064918.6265376
time/actor/run_training,48,441.133056640625,1790065180.8851418
time/actor/run_training,49,441.06878662109375,1790065442.9625108
time/actor/run_training,50,439.86627197265625,1790066007.9057908
time/actor/run_training,51,440.7626037597656,1790066267.25642
time/actor/run_training,52,440.9985656738281,1790066528.655911
time/actor/run_training,53,441.3091735839844,1790066788.548954
time/actor/run_training,54,440.9607238769531,1790067049.5105278
time/actor/run_training,55,439.8119812011719,1790067586.922769
time/actor/run_training,56,441.1749267578125,1790067846.4151473
time/actor/run_training,57,440.2868957519531,1790068107.1507943
time/actor/run_training,58,440.93377685546875,1790068369.7202752
time/actor/run_training,59,440.436767578125,1790068630.8116424
time/actor/run_training,60,439.9224548339844,1790069169.78863
time/actor/run_training,61,440.3940124511719,1790069427.9255576
time/actor/run_training,62,441.3614501953125,1790069690.4292948
time/actor/run_training,63,440.8910217285156,1790069952.13249
time/actor/run_training,64,441.5865173339844,1790070213.7688143
time/actor/run_training,65,440.5543518066406,1790070746.2353265
time/actor/run_training,66,440.8095703125,1790071007.8429952
time/actor/run_training,67,441.6186218261719,1790071270.2299888
time/actor/run_training,68,440.9939880371094,1790071532.2624447
time/actor/run_training,69,439.9035339355469,1790071793.8389287
time/actor/run_training,70,440.8424377441406,1790072332.0490782
time/actor/run_training,71,440.85797119140625,1790072591.3851228
time/actor/run_training,72,441.4178466796875,1790072852.8901017
time/actor/run_training,73,440.7337646484375,1790073115.2642212
time/actor/run_training,74,440.5069580078125,1790073376.694968
time/actor/run_training,75,440.4810791015625,1790073911.371713
time/actor/run_training,76,441.5145263671875,1790074170.433204
time/actor/run_training,77,441.0104675292969,1790074431.701062
time/actor/run_training,78,441.5258483886719,1790074695.070139
time/actor/run_training,79,440.55078125,1790074956.4446785
time/actor/run_training,80,441.7659606933594,1790075490.3601232
time/actor/run_training,81,441.0141296386719,1790075748.8699641
time/actor/run_training,82,441.0389709472656,1790076009.1589215
time/actor/run_training,83,440.9208679199219,1790076270.8484602
time/actor/run_training,84,441.224853515625,1790076532.6548414
time/actor/run_training,85,440.9507141113281,1790077067.6550288
time/actor/run_training,86,440.8280944824219,1790077327.415945
time/actor/run_training,87,440.42706298828125,1790077588.337747
time/actor/run_training,88,440.0439758300781,1790077850.4115343
time/actor/run_training,89,441.8622741699219,1790078112.487212
time/actor/run_training,90,440.49761962890625,1790078647.4228022
time/actor/run_training,91,440.450439453125,1790078907.5579226
time/actor/run_training,92,440.1963195800781,1790079170.7560706
time/actor/run_training,93,440.14068603515625,1790079433.1279526
time/actor/run_training,94,441.5162658691406,1790079695.749392
time/actor/run_training,95,441.11981201171875,1790080233.5758102
time/actor/run_training,96,441.30987548828125,1790080493.1434772
time/actor/run_training,97,440.04486083984375,1790080753.9789052
time/actor/run_training,98,440.25567626953125,1790081015.0520957
time/actor/run_training,99,441.4127197265625,1790081276.7143595
time/actor/run_training,100,441.20916748046875,1790081837.2350304
time/actor/run_training,101,440.1718444824219,1790082096.5187268
time/actor/run_training,102,440.2899169921875,1790082357.6726685
time/actor/run_training,103,439.6961975097656,1790082618.9605322
time/actor/run_training,104,440.4656677246094,1790082879.7632813
time/actor/run_training,105,440.4825744628906,1790083411.6609595
time/actor/run_training,106,441.5296936035156,1790083671.5504549
time/actor/run_training,107,441.14947509765625,1790083934.5916097
time/actor/run_training,108,440.9167785644531,1790084197.4656456
time/actor/run_training,109,440.4779052734375,1790084457.8960984
time/actor/run_training,110,440.3431701660156,1790084994.1101716
time/actor/run_training,111,441.979248046875,1790085254.3616717
time/actor/run_training,112,440.4925842285156,1790085516.589271
time/actor/run_training,113,440.281005859375,1790085777.7688727
time/actor/run_training,114,440.8972473144531,1790086038.641857
time/actor/run_training,115,440.69677734375,1790086566.6559184
time/actor/run_training,116,440.7785949707031,1790086825.130794
time/actor/run_training,117,440.3943176269531,1790087085.776603
time/actor/run_training,118,440.1863708496094,1790087345.9351873
time/actor/run_training,119,440.5077819824219,1790087606.3891697
time/actor/run_training,120,440.3206787109375,1790088139.8915539
time/actor/run_training,121,440.6679992675781,1790088400.9531019
time/actor/run_training,122,441.30657958984375,1790088661.5063875
time/actor/run_training,123,440.6899719238281,1790088921.122976
time/actor/run_training,124,440.46856689453125,1790089182.2047195
time/actor/run_training,125,440.98248291015625,1790089710.895801
time/actor/run_training,126,440.59112548828125,1790089971.1507328
time/actor/run_training,127,441.9334716796875,1790090233.22035
time/actor/run_training,128,440.6907958984375,1790090493.9174516
time/actor/run_training,129,441.1591491699219,1790090755.591632
time/actor/run_training,130,440.8450622558594,1790091286.3186624
time/actor/run_training,131,440.6491394042969,1790091544.6311235
time/actor/run_training,132,440.77880859375,1790091805.9198563
time/actor/run_training,133,441.2176818847656,1790092067.1837747
time/actor/run_training,134,441.86859130859375,1790092330.8543627
time/actor/run_training,135,441.22247314453125,1790092862.9249444
time/actor/run_training,136,440.9845275878906,1790093121.3577285
time/actor/run_training,137,440.4320068359375,1790093381.9752896
train/actor/grad_norm,1,0.23507754504680634,1790050397.426056
train/actor/grad_norm,2,0.1110694631934166,1790050661.3441021
train/actor/grad_norm,3,0.0666927620768547,1790050923.1906211
train/actor/grad_norm,4,0.06262917816638947,1790051184.0584152
train/actor/grad_norm,5,0.05150138586759567,1790051717.804049
train/actor/grad_norm,6,0.04211212694644928,1790051977.7492034
train/actor/grad_norm,7,0.0438065342605114,1790052240.299148
train/actor/grad_norm,8,0.036411352455616,1790052502.1965227
train/actor/grad_norm,9,0.036426059901714325,1790052763.3217406
train/actor/grad_norm,10,0.040200233459472656,1790053293.0934024
train/actor/grad_norm,11,0.034944504499435425,1790053552.292785
train/actor/grad_norm,12,0.039722323417663574,1790053812.6212096
train/actor/grad_norm,13,0.04187779873609543,1790054073.614005
train/actor/grad_norm,14,0.03979330509901047,1790054335.6317494
train/actor/grad_norm,15,0.040552735328674316,1790054878.9058394
train/actor/grad_norm,16,0.03974657133221626,1790055137.847319
train/actor/grad_norm,17,0.037278156727552414,1790055400.1594076
train/actor/grad_norm,18,0.03988656774163246,1790055662.671746
train/actor/grad_norm,19,0.04107045382261276,1790055926.104726
train/actor/grad_norm,20,0.0423990823328495,1790056466.531919
train/actor/grad_norm,21,0.04378993436694145,1790056728.0247023
train/actor/grad_norm,22,0.04255405440926552,1790056990.884146
train/actor/grad_norm,23,0.04396925866603851,1790057254.8305516
train/actor/grad_norm,24,0.03855319693684578,1790057516.0855684
train/actor/grad_norm,25,0.045811813324689865,1790058061.4702795
train/actor/grad_norm,26,0.04580218717455864,1790058321.6955388
train/actor/grad_norm,27,0.055112048983573914,1790058582.895243
train/actor/grad_norm,28,0.05223635956645012,1790058845.5576289
train/actor/grad_norm,29,0.04717055708169937,1790059107.2462754
train/actor/grad_norm,30,0.04406574368476868,1790059649.8710775
train/actor/grad_norm,31,0.043504294008016586,1790059909.1720345
train/actor/grad_norm,32,0.04623015597462654,1790060169.903404
train/actor/grad_norm,33,0.04263804852962494,1790060432.3510494
train/actor/grad_norm,34,0.04248441383242607,1790060694.9392138
train/actor/grad_norm,35,0.03833041712641716,1790061231.1746054
train/actor/grad_norm,36,0.043773941695690155,1790061491.3067038
train/actor/grad_norm,37,0.04887261986732483,1790061753.1352117
train/actor/grad_norm,38,0.052371010184288025,1790062014.8415616
train/actor/grad_norm,39,0.04986156150698662,1790062277.5230236
train/actor/grad_norm,40,0.0473201684653759,1790062816.1897151
train/actor/grad_norm,41,0.053220462054014206,1790063076.4215395
train/actor/grad_norm,42,0.05325710400938988,1790063338.2975564
train/actor/grad_norm,43,0.04999919235706329,1790063599.8769197
train/actor/grad_norm,44,0.04820656403899193,1790063859.639213
train/actor/grad_norm,45,0.046750035136938095,1790064396.7979143
train/actor/grad_norm,46,0.04430186375975609,1790064656.58384
train/actor/grad_norm,47,0.04079610854387283,1790064918.6265445
train/actor/grad_norm,48,0.05072908475995064,1790065180.8851469
train/actor/grad_norm,49,0.049800802022218704,1790065442.9625182
train/actor/grad_norm,50,0.05396464467048645,1790066007.9057982
train/actor/grad_norm,51,0.051258962601423264,1790066267.2564385
train/actor/grad_norm,52,0.054900601506233215,1790066528.6559186
train/actor/grad_norm,53,0.05443314462900162,1790066788.5489612
train/actor/grad_norm,54,0.05499636009335518,1790067049.5105348
train/actor/grad_norm,55,0.04638028144836426,1790067586.9227784
train/actor/grad_norm,56,0.04608387127518654,1790067846.4151542
train/actor/grad_norm,57,0.044983141124248505,1790068107.1508002
train/actor/grad_norm,58,0.0499810054898262,1790068369.7202818
train/actor/grad_norm,59,0.0487874373793602,1790068630.8116512
train/actor/grad_norm,60,0.0462176539003849,1790069169.7886426
train/actor/grad_norm,61,0.04432283341884613,1790069427.9255674
train/actor/grad_norm,62,0.045555293560028076,1790069690.4293022
train/actor/grad_norm,63,0.04233510047197342,1790069952.1324966
train/actor/grad_norm,64,0.048769835382699966,1790070213.768821
train/actor/grad_norm,65,0.06521520018577576,1790070746.235334
train/actor/grad_norm,66,0.06141161546111107,1790071007.8430026
train/actor/grad_norm,67,0.050264228135347366,1790071270.2299957
train/actor/grad_norm,68,0.06538733094930649,1790071532.262452
train/actor/grad_norm,69,0.05975079536437988,1790071793.8389366
train/actor/grad_norm,70,0.050797708332538605,1790072332.0490854
train/actor/grad_norm,71,0.05103849247097969,1790072591.3851297
train/actor/grad_norm,72,0.04747946932911873,1790072852.8901079
train/actor/grad_norm,73,0.049244027584791183,1790073115.2642276
train/actor/grad_norm,74,0.04971083998680115,1790073376.694975
train/actor/grad_norm,75,0.05324220284819603,1790073911.371722
train/actor/grad_norm,76,0.05847387760877609,1790074170.4332108
train/actor/grad_norm,77,0.054790377616882324,1790074431.7010689
train/actor/grad_norm,78,0.05894365906715393,1790074695.070147
train/actor/grad_norm,79,0.0560481958091259,1790074956.4446852
train/actor/grad_norm,80,0.05653129518032074,1790075490.3601534
train/actor/grad_norm,81,0.0568256601691246,1790075748.8699722
train/actor/grad_norm,82,0.05759464576840401,1790076009.1589317
train/actor/grad_norm,83,0.049486078321933746,1790076270.8484666
train/actor/grad_norm,84,0.05692135915160179,1790076532.654848
train/actor/grad_norm,85,0.051471322774887085,1790077067.655037
train/actor/grad_norm,86,0.04956473037600517,1790077327.415952
train/actor/grad_norm,87,0.04972441866993904,1790077588.337754
train/actor/grad_norm,88,0.04197216033935547,1790077850.4115417
train/actor/grad_norm,89,0.046988703310489655,1790078112.487219
train/actor/grad_norm,90,0.05769990757107735,1790078647.4228108
train/actor/grad_norm,91,0.050404634326696396,1790078907.5579295
train/actor/grad_norm,92,0.045222099870443344,1790079170.7560792
train/actor/grad_norm,93,0.04469390958547592,1790079433.127964
train/actor/grad_norm,94,0.0529928058385849,1790079695.7494037
train/actor/grad_norm,95,0.05612672492861748,1790080233.5758154
train/actor/grad_norm,96,0.0529804565012455,1790080493.1434836
train/actor/grad_norm,97,0.05298140272498131,1790080753.978912
train/actor/grad_norm,98,0.049904726445674896,1790081015.0521026
train/actor/grad_norm,99,0.054655689746141434,1790081276.7143664
train/actor/grad_norm,100,0.059883762151002884,1790081837.235037
train/actor/grad_norm,101,0.05169999599456787,1790082096.5187364
train/actor/grad_norm,102,0.05215383321046829,1790082357.6726751
train/actor/grad_norm,103,0.04962503910064697,1790082618.9605446
train/actor/grad_norm,104,0.05237923189997673,1790082879.7632883
train/actor/grad_norm,105,0.046233996748924255,1790083411.6609707
train/actor/grad_norm,106,0.0497441329061985,1790083671.5504613
train/actor/grad_norm,107,0.04962689056992531,1790083934.591616
train/actor/grad_norm,108,0.05559351295232773,1790084197.4656532
train/actor/grad_norm,109,0.05150799825787544,1790084457.8961072
train/actor/grad_norm,110,0.050000857561826706,1790084994.11018
train/actor/grad_norm,111,0.04486166313290596,1790085254.3616793
train/actor/grad_norm,112,0.05097559466958046,1790085516.5892773
train/actor/grad_norm,113,0.052249424159526825,1790085777.7688801
train/actor/grad_norm,114,0.057466186583042145,1790086038.6418633
train/actor/grad_norm,115,0.05413133651018143,1790086566.6559272
train/actor/grad_norm,116,0.06279874593019485,1790086825.1308012
train/actor/grad_norm,117,0.0644969716668129,1790087085.7766113
train/actor/grad_norm,118,0.055805835872888565,1790087345.9351943
train/actor/grad_norm,119,0.05861952155828476,1790087606.3891766
train/actor/grad_norm,120,0.05593191832304001,1790088139.8915625
train/actor/grad_norm,121,0.05773615837097168,1790088400.953109
train/actor/grad_norm,122,0.05371323600411415,1790088661.5063944
train/actor/grad_norm,123,0.06554337590932846,1790088921.1229837
train/actor/grad_norm,124,0.05461186543107033,1790089182.204727
train/actor/grad_norm,125,0.048481885343790054,1790089710.8958097
train/actor/grad_norm,126,0.04966909810900688,1790089971.15074
train/actor/grad_norm,127,0.06236834451556206,1790090233.220357
train/actor/grad_norm,128,0.05301770195364952,1790090493.917458
train/actor/grad_norm,129,0.05097012221813202,1790090755.5916388
train/actor/grad_norm,130,0.05388256162405014,1790091286.3186715
train/actor/grad_norm,131,0.05614416301250458,1790091544.6311326
train/actor/grad_norm,132,0.056743744760751724,1790091805.9198656
train/actor/grad_norm,133,0.05524210259318352,1790092067.1837802
train/actor/grad_norm,134,0.0558355413377285,1790092330.8543742
train/actor/grad_norm,135,0.06077473238110542,1790092862.9249578
train/actor/grad_norm,136,0.05822603777050972,1790093121.3577352
train/actor/grad_norm,137,0.06128012761473656,1790093381.975304
train/actor/lr,1,2.499999936844688e-05,1790050397.4260619
train/actor/lr,2,2.499999936844688e-05,1790050661.3441086
train/actor/lr,3,2.499999936844688e-05,1790050923.1906314
train/actor/lr,4,2.499999936844688e-05,1790051184.0584219
train/actor/lr,5,2.499999936844688e-05,1790051717.8040557
train/actor/lr,6,2.499999936844688e-05,1790051977.7492163
train/actor/lr,7,2.499999936844688e-05,1790052240.2991545
train/actor/lr,8,2.499999936844688e-05,1790052502.1965294
train/actor/lr,9,2.499999936844688e-05,1790052763.3217473
train/actor/lr,10,2.499999936844688e-05,1790053293.0934153
train/actor/lr,11,2.499999936844688e-05,1790053552.292791
train/actor/lr,12,2.499999936844688e-05,1790053812.6212163
train/actor/lr,13,2.499999936844688e-05,1790054073.6140108
train/actor/lr,14,2.499999936844688e-05,1790054335.6317563
train/actor/lr,15,2.499999936844688e-05,1790054878.905845
train/actor/lr,16,2.499999936844688e-05,1790055137.8473277
train/actor/lr,17,2.499999936844688e-05,1790055400.159414
train/actor/lr,18,2.499999936844688e-05,1790055662.6717522
train/actor/lr,19,2.499999936844688e-05,1790055926.1047323
train/actor/lr,20,2.499999936844688e-05,1790056466.5319328
train/actor/lr,21,2.499999936844688e-05,1790056728.0247097
train/actor/lr,22,2.499999936844688e-05,1790056990.8841515
train/actor/lr,23,2.499999936844688e-05,1790057254.8305585
train/actor/lr,24,2.499999936844688e-05,1790057516.0855756
train/actor/lr,25,2.499999936844688e-05,1790058061.4702995
train/actor/lr,26,2.499999936844688e-05,1790058321.695546
train/actor/lr,27,2.499999936844688e-05,1790058582.8952491
train/actor/lr,28,2.499999936844688e-05,1790058845.5576365
train/actor/lr,29,2.499999936844688e-05,1790059107.2462814
train/actor/lr,30,2.499999936844688e-05,1790059649.8710847
train/actor/lr,31,2.499999936844688e-05,1790059909.1720426
train/actor/lr,32,2.499999936844688e-05,1790060169.9034097
train/actor/lr,33,2.499999936844688e-05,1790060432.351056
train/actor/lr,34,2.499999936844688e-05,1790060694.9392219
train/actor/lr,35,2.499999936844688e-05,1790061231.1746109
train/actor/lr,36,2.499999936844688e-05,1790061491.3067129
train/actor/lr,37,2.499999936844688e-05,1790061753.1352177
train/actor/lr,38,2.499999936844688e-05,1790062014.8415685
train/actor/lr,39,2.499999936844688e-05,1790062277.5230303
train/actor/lr,40,2.499999936844688e-05,1790062816.1897206
train/actor/lr,41,2.499999936844688e-05,1790063076.4215453
train/actor/lr,42,2.499999936844688e-05,1790063338.297563
train/actor/lr,43,2.499999936844688e-05,1790063599.8769279
train/actor/lr,44,2.499999936844688e-05,1790063859.6392193
train/actor/lr,45,2.499999936844688e-05,1790064396.7979228
train/actor/lr,46,2.499999936844688e-05,1790064656.583846
train/actor/lr,47,2.499999936844688e-05,1790064918.6265504
train/actor/lr,48,2.499999936844688e-05,1790065180.8851514
train/actor/lr,49,2.499999936844688e-05,1790065442.9625244
train/actor/lr,50,2.499999936844688e-05,1790066007.905805
train/actor/lr,51,2.499999936844688e-05,1790066267.2564547
train/actor/lr,52,2.499999936844688e-05,1790066528.6559253
train/actor/lr,53,2.499999936844688e-05,1790066788.5489674
train/actor/lr,54,2.499999936844688e-05,1790067049.5105407
train/actor/lr,55,2.499999936844688e-05,1790067586.9227865
train/actor/lr,56,2.499999936844688e-05,1790067846.4151597
train/actor/lr,57,2.499999936844688e-05,1790068107.150805
train/actor/lr,58,2.499999936844688e-05,1790068369.7202876
train/actor/lr,59,2.499999936844688e-05,1790068630.8116593
train/actor/lr,60,2.499999936844688e-05,1790069169.7886539
train/actor/lr,61,2.499999936844688e-05,1790069427.9255764
train/actor/lr,62,2.499999936844688e-05,1790069690.4293087
train/actor/lr,63,2.499999936844688e-05,1790069952.1325028
train/actor/lr,64,2.499999936844688e-05,1790070213.768827
train/actor/lr,65,2.499999936844688e-05,1790070746.2353408
train/actor/lr,66,2.499999936844688e-05,1790071007.8430095
train/actor/lr,67,2.499999936844688e-05,1790071270.2300022
train/actor/lr,68,2.499999936844688e-05,1790071532.2624588
train/actor/lr,69,2.499999936844688e-05,1790071793.8389437
train/actor/lr,70,2.499999936844688e-05,1790072332.049092
train/actor/lr,71,2.499999936844688e-05,1790072591.3851354
train/actor/lr,72,2.499999936844688e-05,1790072852.8901143
train/actor/lr,73,2.499999936844688e-05,1790073115.2642388
train/actor/lr,74,2.499999936844688e-05,1790073376.6949816
train/actor/lr,75,2.499999936844688e-05,1790073911.3717294
train/actor/lr,76,2.499999936844688e-05,1790074170.4332168
train/actor/lr,77,2.499999936844688e-05,1790074431.7010746
train/actor/lr,78,2.499999936844688e-05,1790074695.0701554
train/actor/lr,79,2.499999936844688e-05,1790074956.4446914
train/actor/lr,80,2.499999936844688e-05,1790075490.3601735
train/actor/lr,81,2.499999936844688e-05,1790075748.8699782
train/actor/lr,82,2.499999936844688e-05,1790076009.1589403
train/actor/lr,83,2.499999936844688e-05,1790076270.8484724
train/actor/lr,84,2.499999936844688e-05,1790076532.6548538
train/actor/lr,85,2.499999936844688e-05,1790077067.6550446
train/actor/lr,86,2.499999936844688e-05,1790077327.4159586
train/actor/lr,87,2.499999936844688e-05,1790077588.3377607
train/actor/lr,88,2.499999936844688e-05,1790077850.4115484
train/actor/lr,89,2.499999936844688e-05,1790078112.4872253
train/actor/lr,90,2.499999936844688e-05,1790078647.4228191
train/actor/lr,91,2.499999936844688e-05,1790078907.557935
train/actor/lr,92,2.499999936844688e-05,1790079170.7560854
train/actor/lr,93,2.499999936844688e-05,1790079433.1279738
train/actor/lr,94,2.499999936844688e-05,1790079695.7494123
train/actor/lr,95,2.499999936844688e-05,1790080233.5758197
train/actor/lr,96,2.499999936844688e-05,1790080493.1434894
train/actor/lr,97,2.499999936844688e-05,1790080753.9789174
train/actor/lr,98,2.499999936844688e-05,1790081015.0521083
train/actor/lr,99,2.499999936844688e-05,1790081276.7143726
train/actor/lr,100,2.499999936844688e-05,1790081837.235047
train/actor/lr,101,2.499999936844688e-05,1790082096.5187428
train/actor/lr,102,2.499999936844688e-05,1790082357.6726809
train/actor/lr,103,2.499999936844688e-05,1790082618.9605536
train/actor/lr,104,2.499999936844688e-05,1790082879.763295
train/actor/lr,105,2.499999936844688e-05,1790083411.6609795
train/actor/lr,106,2.499999936844688e-05,1790083671.5504673
train/actor/lr,107,2.499999936844688e-05,1790083934.591622
train/actor/lr,108,2.499999936844688e-05,1790084197.46566
train/actor/lr,109,2.499999936844688e-05,1790084457.8961153
train/actor/lr,110,2.499999936844688e-05,1790084994.1101873
train/actor/lr,111,2.499999936844688e-05,1790085254.361686
train/actor/lr,112,2.499999936844688e-05,1790085516.5892832
train/actor/lr,113,2.499999936844688e-05,1790085777.768886
train/actor/lr,114,2.499999936844688e-05,1790086038.6418695
train/actor/lr,115,2.499999936844688e-05,1790086566.6559353
train/actor/lr,116,2.499999936844688e-05,1790086825.1308074
train/actor/lr,117,2.499999936844688e-05,1790087085.7766182
train/actor/lr,118,2.499999936844688e-05,1790087345.9352007
train/actor/lr,119,2.499999936844688e-05,1790087606.389183
train/actor/lr,120,2.499999936844688e-05,1790088139.89157
train/actor/lr,121,2.499999936844688e-05,1790088400.953115
train/actor/lr,122,2.499999936844688e-05,1790088661.5064006
train/actor/lr,123,2.499999936844688e-05,1790088921.1229908
train/actor/lr,124,2.499999936844688e-05,1790089182.2047338
train/actor/lr,125,2.499999936844688e-05,1790089710.8958173
train/actor/lr,126,2.499999936844688e-05,1790089971.1507463
train/actor/lr,127,2.499999936844688e-05,1790090233.2203624
train/actor/lr,128,2.499999936844688e-05,1790090493.9174638
train/actor/lr,129,2.499999936844688e-05,1790090755.591645
train/actor/lr,130,2.499999936844688e-05,1790091286.3186805
train/actor/lr,131,2.499999936844688e-05,1790091544.631141
train/actor/lr,132,2.499999936844688e-05,1790091805.9198728
train/actor/lr,133,2.499999936844688e-05,1790092067.1837847
train/actor/lr,134,2.499999936844688e-05,1790092330.854384
train/actor/lr,135,2.499999936844688e-05,1790092862.9249685
train/actor/lr,136,2.499999936844688e-05,1790093121.3577416
train/actor/lr,137,2.499999936844688e-05,1790093381.9753168
train/bc/actor_loss,1,0.007641937583684921,1790050397.4260683
train/bc/actor_loss,2,0.010337192565202713,1790050661.3441153
train/bc/actor_loss,3,0.008145385421812534,1790050923.1906402
train/bc/actor_loss,4,0.008214270696043968,1790051184.058428
train/bc/actor_loss,5,0.007159427274018526,1790051717.804391
train/bc/actor_loss,6,0.00686396099627018,1790051977.7492275
train/bc/actor_loss,7,0.006986760534346104,1790052240.2991607
train/bc/actor_loss,8,0.00604867422953248,1790052502.1965358
train/bc/actor_loss,9,0.005850681569427252,1790052763.3217545
train/bc/actor_loss,10,0.005923515651375055,1790053293.0936227
train/bc/actor_loss,11,0.005260672885924578,1790053552.2927969
train/bc/actor_loss,12,0.00570559361949563,1790053812.6212244
train/bc/actor_loss,13,0.005378703121095896,1790054073.6140168
train/bc/actor_loss,14,0.004938403144478798,1790054335.6317632
train/bc/actor_loss,15,0.004962821491062641,1790054878.9060416
train/bc/actor_loss,16,0.004371196031570435,1790055137.8473346
train/bc/actor_loss,17,0.004305324982851744,1790055400.1594207
train/bc/actor_loss,18,0.004724863450974226,1790055662.6717587
train/bc/actor_loss,19,0.0043946243822574615,1790055926.1047385
train/bc/actor_loss,20,0.004480007570236921,1790056466.5324745
train/bc/actor_loss,21,0.0038122194819152355,1790056728.0247173
train/bc/actor_loss,22,0.004199952352792025,1790056990.8841574
train/bc/actor_loss,23,0.004038544837385416,1790057254.8305643
train/bc/actor_loss,24,0.003568256041035056,1790057516.0855825
train/bc/actor_loss,25,0.0036671722773462534,1790058061.4705892
train/bc/actor_loss,26,0.0034716788213700056,1790058321.6955528
train/bc/actor_loss,27,0.004059309605509043,1790058582.895255
train/bc/actor_loss,28,0.0036285677924752235,1790058845.5576446
train/bc/actor_loss,29,0.003373516257852316,1790059107.2462878
train/bc/actor_loss,30,0.003123647067695856,1790059649.8714285
train/bc/actor_loss,31,0.003578432137146592,1790059909.1720502
train/bc/actor_loss,32,0.003750363364815712,1790060169.9034162
train/bc/actor_loss,33,0.0035626275930553675,1790060432.3510635
train/bc/actor_loss,34,0.003285115584731102,1790060694.9392297
train/bc/actor_loss,35,0.0031074038706719875,1790061231.174925
train/bc/actor_loss,36,0.003631112165749073,1790061491.3067207
train/bc/actor_loss,37,0.002939115511253476,1790061753.1352239
train/bc/actor_loss,38,0.003387196222320199,1790062014.841575
train/bc/actor_loss,39,0.0033052677754312754,1790062277.523037
train/bc/actor_loss,40,0.0029396202880889177,1790062816.1900365
train/bc/actor_loss,41,0.0035837432369589806,1790063076.4215508
train/bc/actor_loss,42,0.0033924151211977005,1790063338.2975695
train/bc/actor_loss,43,0.0031142043881118298,1790063599.8769367
train/bc/actor_loss,44,0.0030570069793611765,1790063859.639225
train/bc/actor_loss,45,0.00382608943618834,1790064396.7982802
train/bc/actor_loss,46,0.0030624123755842447,1790064656.5838518
train/bc/actor_loss,47,0.0034421200398355722,1790064918.6265564
train/bc/actor_loss,48,0.0030386787839233875,1790065180.8851564
train/bc/actor_loss,49,0.0031080725602805614,1790065442.9625304
train/bc/actor_loss,50,0.0034409102518111467,1790066007.9061663
train/bc/actor_loss,51,0.0029407350812107325,1790066267.2564657
train/bc/actor_loss,52,0.0029850462451577187,1790066528.655932
train/bc/actor_loss,53,0.0026047425344586372,1790066788.5489733
train/bc/actor_loss,54,0.002968911547213793,1790067049.5105467
train/bc/actor_loss,55,0.002955765463411808,1790067586.9232566
train/bc/actor_loss,56,0.0029629000928252935,1790067846.4151661
train/bc/actor_loss,57,0.002793643856421113,1790068107.1508095
train/bc/actor_loss,58,0.0031461657490581274,1790068369.7202933
train/bc/actor_loss,59,0.00278235855512321,1790068630.811668
train/bc/actor_loss,60,0.0027626201044768095,1790069169.7888582
train/bc/actor_loss,61,0.0027792376931756735,1790069427.9255843
train/bc/actor_loss,62,0.002896198071539402,1790069690.4293156
train/bc/actor_loss,63,0.0026735838036984205,1790069952.1325088
train/bc/actor_loss,64,0.0027496071998029947,1790070213.7688327
train/bc/actor_loss,65,0.0031095624435693026,1790070746.2358115
train/bc/actor_loss,66,0.0027974576223641634,1790071007.8430161
train/bc/actor_loss,67,0.002716582966968417,1790071270.2300086
train/bc/actor_loss,68,0.0027912049554288387,1790071532.2624648
train/bc/actor_loss,69,0.0030088622588664293,1790071793.8389506
train/bc/actor_loss,70,0.0028143736999481916,1790072332.049571
train/bc/actor_loss,71,0.002618587575852871,1790072591.3851411
train/bc/actor_loss,72,0.003009177278727293,1790072852.8901203
train/bc/actor_loss,73,0.0029200506396591663,1790073115.2642446
train/bc/actor_loss,74,0.002601274522021413,1790073376.6949875
train/bc/actor_loss,75,0.002759982831776142,1790073911.371926
train/bc/actor_loss,76,0.0028748863842338324,1790074170.433223
train/bc/actor_loss,77,0.002505674958229065,1790074431.7010813
train/bc/actor_loss,78,0.002539839129894972,1790074695.0701618
train/bc/actor_loss,79,0.002534840488806367,1790074956.4446974
train/bc/actor_loss,80,0.002598676597699523,1790075490.360755
train/bc/actor_loss,81,0.002554113743826747,1790075748.869984
train/bc/actor_loss,82,0.002685596002265811,1790076009.1589496
train/bc/actor_loss,83,0.0021690716966986656,1790076270.8484788
train/bc/actor_loss,84,0.0025346633046865463,1790076532.6548603
train/bc/actor_loss,85,0.0024430956691503525,1790077067.6554403
train/bc/actor_loss,86,0.0024153576232492924,1790077327.4159646
train/bc/actor_loss,87,0.0024603859055787325,1790077588.3377666
train/bc/actor_loss,88,0.0027886908501386642,1790077850.4115543
train/bc/actor_loss,89,0.0026045599952340126,1790078112.4872313
train/bc/actor_loss,90,0.002811515936627984,1790078647.4230485
train/bc/actor_loss,91,0.002361835213378072,1790078907.5579405
train/bc/actor_loss,92,0.0024933081585913897,1790079170.7560928
train/bc/actor_loss,93,0.0026152010541409254,1790079433.1279833
train/bc/actor_loss,94,0.0021694167517125607,1790079695.74942
train/bc/actor_loss,95,0.002673602197319269,1790080233.5763283
train/bc/actor_loss,96,0.002204406773671508,1790080493.1434946
train/bc/actor_loss,97,0.0027219592593610287,1790080753.9789236
train/bc/actor_loss,98,0.002774536143988371,1790081015.0521142
train/bc/actor_loss,99,0.002903343178331852,1790081276.7143784
train/bc/actor_loss,100,0.002331014722585678,1790081837.2354019
train/bc/actor_loss,101,0.002464372431859374,1790082096.5187495
train/bc/actor_loss,102,0.002365749329328537,1790082357.6726868
train/bc/actor_loss,103,0.002461689757183194,1790082618.960566
train/bc/actor_loss,104,0.002531017642468214,1790082879.763301
train/bc/actor_loss,105,0.0022035392466932535,1790083411.6613293
train/bc/actor_loss,106,0.0025122598744928837,1790083671.5504735
train/bc/actor_loss,107,0.0025215994101017714,1790083934.591628
train/bc/actor_loss,108,0.0026655863039195538,1790084197.4656668
train/bc/actor_loss,109,0.002406991319730878,1790084457.8961232
train/bc/actor_loss,110,0.0030322966631501913,1790084994.11058
train/bc/actor_loss,111,0.0022574318572878838,1790085254.3616931
train/bc/actor_loss,112,0.002574680605903268,1790085516.5892894
train/bc/actor_loss,113,0.002474392531439662,1790085777.7688918
train/bc/actor_loss,114,0.0025698509998619556,1790086038.6418755
train/bc/actor_loss,115,0.0025365683250129223,1790086566.6562753
train/bc/actor_loss,116,0.0023806304670870304,1790086825.1308131
train/bc/actor_loss,117,0.0027271094731986523,1790087085.7766259
train/bc/actor_loss,118,0.0022858884185552597,1790087345.9352067
train/bc/actor_loss,119,0.0024656783789396286,1790087606.3891888
train/bc/actor_loss,120,0.002267031231895089,1790088139.8919637
train/bc/actor_loss,121,0.0022652847692370415,1790088400.9531212
train/bc/actor_loss,122,0.002234045881778002,1790088661.506407
train/bc/actor_loss,123,0.0022498094476759434,1790088921.1229978
train/bc/actor_loss,124,0.0021756161004304886,1790089182.2047408
train/bc/actor_loss,125,0.0021717464551329613,1790089710.896141
train/bc/actor_loss,126,0.0024635237641632557,1790089971.1507523
train/bc/actor_loss,127,0.002565589267760515,1790090233.2203681
train/bc/actor_loss,128,0.002341778017580509,1790090493.91747
train/bc/actor_loss,129,0.0023050245363265276,1790090755.5916505
train/bc/actor_loss,130,0.0024505627807229757,1790091286.319181
train/bc/actor_loss,131,0.0026216069236397743,1790091544.631149
train/bc/actor_loss,132,0.0027785622514784336,1790091805.91988
train/bc/actor_loss,133,0.0023298347368836403,1790092067.1837893
train/bc/actor_loss,134,0.0022639548406004906,1790092330.8543932
train/bc/actor_loss,135,0.002379559213295579,1790092862.9253297
train/bc/actor_loss,136,0.0023780041374266148,1790093121.3577476
train/bc/actor_loss,137,0.002247756812721491,1790093381.9753308
train/dvac_new/alpha_chunk,1,1.0,1790050397.4260743
train/dvac_new/alpha_chunk,2,1.0,1790050661.344121
train/dvac_new/alpha_chunk,3,1.0,1790050923.1906488
train/dvac_new/alpha_chunk,4,1.0,1790051184.0584347
train/dvac_new/alpha_chunk,5,1.0,1790051717.8044024
train/dvac_new/alpha_chunk,6,1.0,1790051977.7492385
train/dvac_new/alpha_chunk,7,1.0,1790052240.2991672
train/dvac_new/alpha_chunk,8,1.0,1790052502.1965427
train/dvac_new/alpha_chunk,9,1.0,1790052763.3217611
train/dvac_new/alpha_chunk,10,1.0,1790053293.0936346
train/dvac_new/alpha_chunk,11,1.0,1790053552.2928026
train/dvac_new/alpha_chunk,12,1.0,1790053812.621232
train/dvac_new/alpha_chunk,13,1.0,1790054073.6140227
train/dvac_new/alpha_chunk,14,1.0,1790054335.6317706
train/dvac_new/alpha_chunk,15,1.0,1790054878.9060478
train/dvac_new/alpha_chunk,16,1.0,1790055137.8473415
train/dvac_new/alpha_chunk,17,1.0,1790055400.1594272
train/dvac_new/alpha_chunk,18,1.0,1790055662.6717649
train/dvac_new/alpha_chunk,19,1.0,1790055926.1047447
train/dvac_new/alpha_chunk,20,1.0,1790056466.5324888
train/dvac_new/alpha_chunk,21,1.0,1790056728.024725
train/dvac_new/alpha_chunk,22,1.0,1790056990.8841631
train/dvac_new/alpha_chunk,23,1.0,1790057254.8305702
train/dvac_new/alpha_chunk,24,1.0,1790057516.0855892
train/dvac_new/alpha_chunk,25,1.0,1790058061.470594
train/dvac_new/alpha_chunk,26,1.0,1790058321.6955595
train/dvac_new/alpha_chunk,27,1.0,1790058582.8952606
train/dvac_new/alpha_chunk,28,1.0,1790058845.5576525
train/dvac_new/alpha_chunk,29,1.0,1790059107.2462943
train/dvac_new/alpha_chunk,30,1.0,1790059649.8714359
train/dvac_new/alpha_chunk,31,1.0,1790059909.1720586
train/dvac_new/alpha_chunk,32,1.0,1790060169.9034212
train/dvac_new/alpha_chunk,33,1.0,1790060432.3510704
train/dvac_new/alpha_chunk,34,1.0,1790060694.9392383
train/dvac_new/alpha_chunk,35,1.0,1790061231.1749318
train/dvac_new/alpha_chunk,36,1.0,1790061491.3067284
train/dvac_new/alpha_chunk,37,1.0,1790061753.135229
train/dvac_new/alpha_chunk,38,1.0,1790062014.8415813
train/dvac_new/alpha_chunk,39,1.0,1790062277.5230436
train/dvac_new/alpha_chunk,40,1.0,1790062816.1900427
train/dvac_new/alpha_chunk,41,1.0,1790063076.4215567
train/dvac_new/alpha_chunk,42,1.0,1790063338.2975762
train/dvac_new/alpha_chunk,43,1.0,1790063599.876944
train/dvac_new/alpha_chunk,44,1.0,1790063859.6392312
train/dvac_new/alpha_chunk,45,1.0,1790064396.7989652
train/dvac_new/alpha_chunk,46,1.0,1790064656.5838578
train/dvac_new/alpha_chunk,47,1.0,1790064918.626562
train/dvac_new/alpha_chunk,48,1.0,1790065180.8851612
train/dvac_new/alpha_chunk,49,1.0,1790065442.9625359
train/dvac_new/alpha_chunk,50,1.0,1790066007.9061737
train/dvac_new/alpha_chunk,51,1.0,1790066267.2564769
train/dvac_new/alpha_chunk,52,1.0,1790066528.6559389
train/dvac_new/alpha_chunk,53,1.0,1790066788.548979
train/dvac_new/alpha_chunk,54,1.0,1790067049.5105526
train/dvac_new/alpha_chunk,55,1.0,1790067586.9232652
train/dvac_new/alpha_chunk,56,1.0,1790067846.415172
train/dvac_new/alpha_chunk,57,1.0,1790068107.1508143
train/dvac_new/alpha_chunk,58,1.0,1790068369.7202992
train/dvac_new/alpha_chunk,59,1.0,1790068630.8116758
train/dvac_new/alpha_chunk,60,1.0,1790069169.7888715
train/dvac_new/alpha_chunk,61,1.0,1790069427.9255931
train/dvac_new/alpha_chunk,62,1.0,1790069690.429322
train/dvac_new/alpha_chunk,63,1.0,1790069952.1325142
train/dvac_new/alpha_chunk,64,1.0,1790070213.7688384
train/dvac_new/alpha_chunk,65,1.0,1790070746.2358196
train/dvac_new/alpha_chunk,66,1.0,1790071007.8430233
train/dvac_new/alpha_chunk,67,1.0,1790071270.2300146
train/dvac_new/alpha_chunk,68,1.0,1790071532.2624707
train/dvac_new/alpha_chunk,69,1.0,1790071793.8389578
train/dvac_new/alpha_chunk,70,1.0,1790072332.0495784
train/dvac_new/alpha_chunk,71,1.0,1790072591.385147
train/dvac_new/alpha_chunk,72,1.0,1790072852.890126
train/dvac_new/alpha_chunk,73,1.0,1790073115.2642496
train/dvac_new/alpha_chunk,74,1.0,1790073376.6949933
train/dvac_new/alpha_chunk,75,1.0,1790073911.3719375
train/dvac_new/alpha_chunk,76,1.0,1790074170.433229
train/dvac_new/alpha_chunk,77,1.0,1790074431.7010903
train/dvac_new/alpha_chunk,78,1.0,1790074695.0701685
train/dvac_new/alpha_chunk,79,1.0,1790074956.4447033
train/dvac_new/alpha_chunk,80,1.0,1790075490.360776
train/dvac_new/alpha_chunk,81,1.0,1790075748.8699896
train/dvac_new/alpha_chunk,82,1.0,1790076009.1589584
train/dvac_new/alpha_chunk,83,1.0,1790076270.8484845
train/dvac_new/alpha_chunk,84,1.0,1790076532.6548662
train/dvac_new/alpha_chunk,85,1.0,1790077067.6554494
train/dvac_new/alpha_chunk,86,1.0,1790077327.4159708
train/dvac_new/alpha_chunk,87,1.0,1790077588.3377721
train/dvac_new/alpha_chunk,88,1.0,1790077850.4115598
train/dvac_new/alpha_chunk,89,1.0,1790078112.487237
train/dvac_new/alpha_chunk,90,1.0,1790078647.423056
train/dvac_new/alpha_chunk,91,1.0,1790078907.5579464
train/dvac_new/alpha_chunk,92,1.0,1790079170.7560992
train/dvac_new/alpha_chunk,93,1.0,1790079433.1279926
train/dvac_new/alpha_chunk,94,1.0,1790079695.7494278
train/dvac_new/alpha_chunk,95,1.0,1790080233.5763335
train/dvac_new/alpha_chunk,96,1.0,1790080493.1435003
train/dvac_new/alpha_chunk,97,1.0,1790080753.97893
train/dvac_new/alpha_chunk,98,1.0,1790081015.0521197
train/dvac_new/alpha_chunk,99,1.0,1790081276.714384
train/dvac_new/alpha_chunk,100,1.0,1790081837.2354093
train/dvac_new/alpha_chunk,101,1.0,1790082096.5187557
train/dvac_new/alpha_chunk,102,1.0,1790082357.6726925
train/dvac_new/alpha_chunk,103,1.0,1790082618.9605756
train/dvac_new/alpha_chunk,104,1.0,1790082879.7633069
train/dvac_new/alpha_chunk,105,1.0,1790083411.661341
train/dvac_new/alpha_chunk,106,1.0,1790083671.5504794
train/dvac_new/alpha_chunk,107,1.0,1790083934.5916333
train/dvac_new/alpha_chunk,108,1.0,1790084197.4656734
train/dvac_new/alpha_chunk,109,1.0,1790084457.8961313
train/dvac_new/alpha_chunk,110,1.0,1790084994.1105878
train/dvac_new/alpha_chunk,111,1.0,1790085254.3616998
train/dvac_new/alpha_chunk,112,1.0,1790085516.5892951
train/dvac_new/alpha_chunk,113,1.0,1790085777.7688978
train/dvac_new/alpha_chunk,114,1.0,1790086038.6418808
train/dvac_new/alpha_chunk,115,1.0,1790086566.6562834
train/dvac_new/alpha_chunk,116,1.0,1790086825.1308193
train/dvac_new/alpha_chunk,117,1.0,1790087085.7766333
train/dvac_new/alpha_chunk,118,1.0,1790087345.9352126
train/dvac_new/alpha_chunk,119,1.0,1790087606.3891947
train/dvac_new/alpha_chunk,120,1.0,1790088139.891972
train/dvac_new/alpha_chunk,121,1.0,1790088400.953127
train/dvac_new/alpha_chunk,122,1.0,1790088661.5064127
train/dvac_new/alpha_chunk,123,1.0,1790088921.1230044
train/dvac_new/alpha_chunk,124,1.0,1790089182.2047484
train/dvac_new/alpha_chunk,125,1.0,1790089710.8961458
train/dvac_new/alpha_chunk,126,1.0,1790089971.1507578
train/dvac_new/alpha_chunk,127,1.0,1790090233.220374
train/dvac_new/alpha_chunk,128,1.0,1790090493.9174745
train/dvac_new/alpha_chunk,129,1.0,1790090755.5916562
train/dvac_new/alpha_chunk,130,1.0,1790091286.3191895
train/dvac_new/alpha_chunk,131,1.0,1790091544.631157
train/dvac_new/alpha_chunk,132,1.0,1790091805.9198873
train/dvac_new/alpha_chunk,133,1.0,1790092067.1837933
train/dvac_new/alpha_chunk,134,1.0,1790092330.8544025
train/dvac_new/alpha_chunk,135,1.0,1790092862.925339
train/dvac_new/alpha_chunk,136,1.0,1790093121.3577533
train/dvac_new/alpha_chunk,137,1.0,1790093381.975341
train/dvac_new/alpha_local,1,1.0,1790050397.42608
train/dvac_new/alpha_local,2,1.0,1790050661.3441274
train/dvac_new/alpha_local,3,1.0,1790050923.1906583
train/dvac_new/alpha_local,4,1.0,1790051184.0584412
train/dvac_new/alpha_local,5,1.0,1790051717.8044102
train/dvac_new/alpha_local,6,1.0,1790051977.749249
train/dvac_new/alpha_local,7,1.0,1790052240.2991734
train/dvac_new/alpha_local,8,1.0,1790052502.1965494
train/dvac_new/alpha_local,9,1.0,1790052763.3217676
train/dvac_new/alpha_local,10,1.0,1790053293.093648
train/dvac_new/alpha_local,11,1.0,1790053552.2928088
train/dvac_new/alpha_local,12,1.0,1790053812.6212385
train/dvac_new/alpha_local,13,1.0,1790054073.6140285
train/dvac_new/alpha_local,14,1.0,1790054335.6317775
train/dvac_new/alpha_local,15,1.0,1790054878.9060533
train/dvac_new/alpha_local,16,1.0,1790055137.8473487
train/dvac_new/alpha_local,17,1.0,1790055400.159433
train/dvac_new/alpha_local,18,1.0,1790055662.671771
train/dvac_new/alpha_local,19,1.0,1790055926.1047506
train/dvac_new/alpha_local,20,1.0,1790056466.532502
train/dvac_new/alpha_local,21,1.0,1790056728.0247335
train/dvac_new/alpha_local,22,1.0,1790056990.884169
train/dvac_new/alpha_local,23,1.0,1790057254.8305764
train/dvac_new/alpha_local,24,1.0,1790057516.0855958
train/dvac_new/alpha_local,25,1.0,1790058061.4705987
train/dvac_new/alpha_local,26,1.0,1790058321.6955662
train/dvac_new/alpha_local,27,1.0,1790058582.895266
train/dvac_new/alpha_local,28,1.0,1790058845.5576596
train/dvac_new/alpha_local,29,1.0,1790059107.2463007
train/dvac_new/alpha_local,30,1.0,1790059649.8714423
train/dvac_new/alpha_local,31,1.0,1790059909.1720665
train/dvac_new/alpha_local,32,1.0,1790060169.9034271
train/dvac_new/alpha_local,33,1.0,1790060432.3510768
train/dvac_new/alpha_local,34,1.0,1790060694.9392443
train/dvac_new/alpha_local,35,1.0,1790061231.174938
train/dvac_new/alpha_local,36,1.0,1790061491.3067362
train/dvac_new/alpha_local,37,1.0,1790061753.1352348
train/dvac_new/alpha_local,38,1.0,1790062014.841588
train/dvac_new/alpha_local,39,1.0,1790062277.52305
train/dvac_new/alpha_local,40,1.0,1790062816.1900496
train/dvac_new/alpha_local,41,1.0,1790063076.4215627
train/dvac_new/alpha_local,42,1.0,1790063338.2975826
train/dvac_new/alpha_local,43,1.0,1790063599.8769515
train/dvac_new/alpha_local,44,1.0,1790063859.6392372
train/dvac_new/alpha_local,45,1.0,1790064396.798975
train/dvac_new/alpha_local,46,1.0,1790064656.583863
train/dvac_new/alpha_local,47,1.0,1790064918.6265676
train/dvac_new/alpha_local,48,1.0,1790065180.885166
train/dvac_new/alpha_local,49,1.0,1790065442.9625423
train/dvac_new/alpha_local,50,1.0,1790066007.9061806
train/dvac_new/alpha_local,51,1.0,1790066267.2564886
train/dvac_new/alpha_local,52,1.0,1790066528.6559453
train/dvac_new/alpha_local,53,1.0,1790066788.5489848
train/dvac_new/alpha_local,54,1.0,1790067049.5105581
train/dvac_new/alpha_local,55,1.0,1790067586.9232736
train/dvac_new/alpha_local,56,1.0,1790067846.4151783
train/dvac_new/alpha_local,57,1.0,1790068107.1508188
train/dvac_new/alpha_local,58,1.0,1790068369.7203052
train/dvac_new/alpha_local,59,1.0,1790068630.8116834
train/dvac_new/alpha_local,60,1.0,1790069169.7888837
train/dvac_new/alpha_local,61,1.0,1790069427.9256012
train/dvac_new/alpha_local,62,1.0,1790069690.429328
train/dvac_new/alpha_local,63,1.0,1790069952.13252
train/dvac_new/alpha_local,64,1.0,1790070213.7688441
train/dvac_new/alpha_local,65,1.0,1790070746.2358265
train/dvac_new/alpha_local,66,1.0,1790071007.84303
train/dvac_new/alpha_local,67,1.0,1790071270.2300203
train/dvac_new/alpha_local,68,1.0,1790071532.2624774
train/dvac_new/alpha_local,69,1.0,1790071793.8389652
train/dvac_new/alpha_local,70,1.0,1790072332.0495846
train/dvac_new/alpha_local,71,1.0,1790072591.3851533
train/dvac_new/alpha_local,72,1.0,1790072852.8901315
train/dvac_new/alpha_local,73,1.0,1790073115.2642555
train/dvac_new/alpha_local,74,1.0,1790073376.6949992
train/dvac_new/alpha_local,75,1.0,1790073911.3719463
train/dvac_new/alpha_local,76,1.0,1790074170.4332347
train/dvac_new/alpha_local,77,1.0,1790074431.7010982
train/dvac_new/alpha_local,78,1.0,1790074695.0701752
train/dvac_new/alpha_local,79,1.0,1790074956.4447093
train/dvac_new/alpha_local,80,1.0,1790075490.3607965
train/dvac_new/alpha_local,81,1.0,1790075748.8699954
train/dvac_new/alpha_local,82,1.0,1790076009.1589675
train/dvac_new/alpha_local,83,1.0,1790076270.84849
train/dvac_new/alpha_local,84,1.0,1790076532.6548722
train/dvac_new/alpha_local,85,1.0,1790077067.6554573
train/dvac_new/alpha_local,86,1.0,1790077327.4159768
train/dvac_new/alpha_local,87,1.0,1790077588.337778
train/dvac_new/alpha_local,88,1.0,1790077850.4115655
train/dvac_new/alpha_local,89,1.0,1790078112.4872425
train/dvac_new/alpha_local,90,1.0,1790078647.4230626
train/dvac_new/alpha_local,91,1.0,1790078907.5579517
train/dvac_new/alpha_local,92,1.0,1790079170.756106
train/dvac_new/alpha_local,93,1.0,1790079433.1280017
train/dvac_new/alpha_local,94,1.0,1790079695.7494352
train/dvac_new/alpha_local,95,1.0,1790080233.5763378
train/dvac_new/alpha_local,96,1.0,1790080493.1435056
train/dvac_new/alpha_local,97,1.0,1790080753.9789355
train/dvac_new/alpha_local,98,1.0,1790081015.0521257
train/dvac_new/alpha_local,99,1.0,1790081276.71439
train/dvac_new/alpha_local,100,1.0,1790081837.2354162
train/dvac_new/alpha_local,101,1.0,1790082096.5187614
train/dvac_new/alpha_local,102,1.0,1790082357.6727
train/dvac_new/alpha_local,103,1.0,1790082618.9605846
train/dvac_new/alpha_local,104,1.0,1790082879.7633128
train/dvac_new/alpha_local,105,1.0,1790083411.6613503
train/dvac_new/alpha_local,106,1.0,1790083671.5504847
train/dvac_new/alpha_local,107,1.0,1790083934.5916393
train/dvac_new/alpha_local,108,1.0,1790084197.4656801
train/dvac_new/alpha_local,109,1.0,1790084457.8961387
train/dvac_new/alpha_local,110,1.0,1790084994.1105964
train/dvac_new/alpha_local,111,1.0,1790085254.361707
train/dvac_new/alpha_local,112,1.0,1790085516.5893006
train/dvac_new/alpha_local,113,1.0,1790085777.7689033
train/dvac_new/alpha_local,114,1.0,1790086038.641887
train/dvac_new/alpha_local,115,1.0,1790086566.6562915
train/dvac_new/alpha_local,116,1.0,1790086825.1308255
train/dvac_new/alpha_local,117,1.0,1790087085.7766402
train/dvac_new/alpha_local,118,1.0,1790087345.9352183
train/dvac_new/alpha_local,119,1.0,1790087606.389201
train/dvac_new/alpha_local,120,1.0,1790088139.8919797
train/dvac_new/alpha_local,121,1.0,1790088400.9531326
train/dvac_new/alpha_local,122,1.0,1790088661.5064185
train/dvac_new/alpha_local,123,1.0,1790088921.1230114
train/dvac_new/alpha_local,124,1.0,1790089182.2047548
train/dvac_new/alpha_local,125,1.0,1790089710.896151
train/dvac_new/alpha_local,126,1.0,1790089971.1507638
train/dvac_new/alpha_local,127,1.0,1790090233.2203796
train/dvac_new/alpha_local,128,1.0,1790090493.9174788
train/dvac_new/alpha_local,129,1.0,1790090755.5916626
train/dvac_new/alpha_local,130,1.0,1790091286.3191977
train/dvac_new/alpha_local,131,1.0,1790091544.6311643
train/dvac_new/alpha_local,132,1.0,1790091805.9198945
train/dvac_new/alpha_local,133,1.0,1790092067.1837995
train/dvac_new/alpha_local,134,1.0,1790092330.8544118
train/dvac_new/alpha_local,135,1.0,1790092862.9253483
train/dvac_new/alpha_local,136,1.0,1790093121.357759
train/dvac_new/alpha_local,137,1.0,1790093381.9753506
train/dvac_new/chunk_std,1,0.44963884353637695,1790050397.4264138
train/dvac_new/chunk_std,2,0.2609969973564148,1790050661.3443909
train/dvac_new/chunk_std,3,0.2343250960111618,1790050923.1911461
train/dvac_new/chunk_std,4,0.22924154996871948,1790051184.0586379
train/dvac_new/chunk_std,5,0.22544564306735992,1790051717.8044171
train/dvac_new/chunk_std,6,0.232618048787117,1790051977.7494497
train/dvac_new/chunk_std,7,0.22966048121452332,1790052240.2996397
train/dvac_new/chunk_std,8,0.22821900248527527,1790052502.1967516
train/dvac_new/chunk_std,9,0.2288050353527069,1790052763.322185
train/dvac_new/chunk_std,10,0.2275233268737793,1790053293.09366
train/dvac_new/chunk_std,11,0.22975625097751617,1790053552.2930279
train/dvac_new/chunk_std,12,0.23896096646785736,1790053812.621425
train/dvac_new/chunk_std,13,0.24831879138946533,1790054073.6143024
train/dvac_new/chunk_std,14,0.2456101030111313,1790054335.6322613
train/dvac_new/chunk_std,15,0.23564481735229492,1790054878.906059
train/dvac_new/chunk_std,16,0.23026709258556366,1790055137.8476913
train/dvac_new/chunk_std,17,0.22700098156929016,1790055400.1597414
train/dvac_new/chunk_std,18,0.23452933132648468,1790055662.6722412
train/dvac_new/chunk_std,19,0.22998400032520294,1790055926.1049597
train/dvac_new/chunk_std,20,0.22963033616542816,1790056466.5325153
train/dvac_new/chunk_std,21,0.22788265347480774,1790056728.0250828
train/dvac_new/chunk_std,22,0.22670362889766693,1790056990.8845315
train/dvac_new/chunk_std,23,0.22780194878578186,1790057254.8310525
train/dvac_new/chunk_std,24,0.22415249049663544,1790057516.0860832
train/dvac_new/chunk_std,25,0.22579972445964813,1790058061.4706037
train/dvac_new/chunk_std,26,0.22541365027427673,1790058321.6959052
train/dvac_new/chunk_std,27,0.21015606820583344,1790058582.8957942
train/dvac_new/chunk_std,28,0.2140519917011261,1790058845.5579796
train/dvac_new/chunk_std,29,0.2145010083913803,1790059107.2467742
train/dvac_new/chunk_std,30,0.21584220230579376,1790059649.8714492
train/dvac_new/chunk_std,31,0.2120397388935089,1790059909.172358
train/dvac_new/chunk_std,32,0.21496832370758057,1790060169.9037123
train/dvac_new/chunk_std,33,0.21281181275844574,1790060432.351553
train/dvac_new/chunk_std,34,0.20500728487968445,1790060694.9394317
train/dvac_new/chunk_std,35,0.21157313883304596,1790061231.174944
train/dvac_new/chunk_std,36,0.21302299201488495,1790061491.3072026
train/dvac_new/chunk_std,37,0.21085959672927856,1790061753.1355052
train/dvac_new/chunk_std,38,0.21407495439052582,1790062014.841802
train/dvac_new/chunk_std,39,0.21285392343997955,1790062277.5235198
train/dvac_new/chunk_std,40,0.209748312830925,1790062816.190055
train/dvac_new/chunk_std,41,0.20392465591430664,1790063076.422026
train/dvac_new/chunk_std,42,0.20242132246494293,1790063338.2980413
train/dvac_new/chunk_std,43,0.2008606642484665,1790063599.8774338
train/dvac_new/chunk_std,44,0.20338837802410126,1790063859.639546
train/dvac_new/chunk_std,45,0.2046811580657959,1790064396.7989833
train/dvac_new/chunk_std,46,0.20321615040302277,1790064656.5843031
train/dvac_new/chunk_std,47,0.20644544064998627,1790064918.6270278
train/dvac_new/chunk_std,48,0.20494119822978973,1790065180.8856237
train/dvac_new/chunk_std,49,0.20524567365646362,1790065442.9629936
train/dvac_new/chunk_std,50,0.20817990601062775,1790066007.9061873
train/dvac_new/chunk_std,51,0.2060481160879135,1790066267.2566454
train/dvac_new/chunk_std,52,0.20344536006450653,1790066528.6561306
train/dvac_new/chunk_std,53,0.20307035744190216,1790066788.5493383
train/dvac_new/chunk_std,54,0.20773756504058838,1790067049.511047
train/dvac_new/chunk_std,55,0.2058236449956894,1790067586.9232817
train/dvac_new/chunk_std,56,0.2056266814470291,1790067846.4156427
train/dvac_new/chunk_std,57,0.20621570944786072,1790068107.1511135
train/dvac_new/chunk_std,58,0.21041548252105713,1790068369.7206254
train/dvac_new/chunk_std,59,0.2060999721288681,1790068630.8120158
train/dvac_new/chunk_std,60,0.2094346433877945,1790069169.7888951
train/dvac_new/chunk_std,61,0.21104158461093903,1790069427.9259498
train/dvac_new/chunk_std,62,0.21373938024044037,1790069690.4294937
train/dvac_new/chunk_std,63,0.20815783739089966,1790069952.1329713
train/dvac_new/chunk_std,64,0.21151472628116608,1790070213.7690632
train/dvac_new/chunk_std,65,0.21187849342823029,1790070746.2358334
train/dvac_new/chunk_std,66,0.2127494066953659,1790071007.8434436
train/dvac_new/chunk_std,67,0.2112167924642563,1790071270.2304957
train/dvac_new/chunk_std,68,0.20889614522457123,1790071532.2629502
train/dvac_new/chunk_std,69,0.19839121401309967,1790071793.8393805
train/dvac_new/chunk_std,70,0.19502335786819458,1790072332.049592
train/dvac_new/chunk_std,71,0.194570854306221,1790072591.3856568
train/dvac_new/chunk_std,72,0.19103452563285828,1790072852.8906076
train/dvac_new/chunk_std,73,0.1949460655450821,1790073115.2644393
train/dvac_new/chunk_std,74,0.195541650056839,1790073376.6954856
train/dvac_new/chunk_std,75,0.199495330452919,1790073911.371954
train/dvac_new/chunk_std,76,0.1945098340511322,1790074170.43342
train/dvac_new/chunk_std,77,0.19695328176021576,1790074431.701304
train/dvac_new/chunk_std,78,0.19569090008735657,1790074695.0706527
train/dvac_new/chunk_std,79,0.1978355050086975,1790074956.4448943
train/dvac_new/chunk_std,80,0.19946333765983582,1790075490.3608186
train/dvac_new/chunk_std,81,0.19345565140247345,1790075748.8702211
train/dvac_new/chunk_std,82,0.19524407386779785,1790076009.1591566
train/dvac_new/chunk_std,83,0.19169878959655762,1790076270.8486753
train/dvac_new/chunk_std,84,0.19354616105556488,1790076532.6550567
train/dvac_new/chunk_std,85,0.19401922821998596,1790077067.6554644
train/dvac_new/chunk_std,86,0.19605490565299988,1790077327.416481
train/dvac_new/chunk_std,87,0.19559207558631897,1790077588.3382616
train/dvac_new/chunk_std,88,0.19493846595287323,1790077850.4120579
train/dvac_new/chunk_std,89,0.1944112479686737,1790078112.4876711
train/dvac_new/chunk_std,90,0.19920997321605682,1790078647.4230685
train/dvac_new/chunk_std,91,0.1885598599910736,1790078907.5586007
train/dvac_new/chunk_std,92,0.1927124410867691,1790079170.7562296
train/dvac_new/chunk_std,93,0.19105777144432068,1790079433.1281912
train/dvac_new/chunk_std,94,0.18781279027462006,1790079695.749733
train/dvac_new/chunk_std,95,0.19037893414497375,1790080233.5763428
train/dvac_new/chunk_std,96,0.19162458181381226,1790080493.1438851
train/dvac_new/chunk_std,97,0.17117975652217865,1790080753.979321
train/dvac_new/chunk_std,98,0.16891975700855255,1790081015.0525591
train/dvac_new/chunk_std,99,0.16425193846225739,1790081276.7148516
train/dvac_new/chunk_std,100,0.17093171179294586,1790081837.2354226
train/dvac_new/chunk_std,101,0.17484204471111298,1790082096.5193892
train/dvac_new/chunk_std,102,0.16234494745731354,1790082357.6731687
train/dvac_new/chunk_std,103,0.16311170160770416,1790082618.9607377
train/dvac_new/chunk_std,104,0.16719011962413788,1790082879.7637677
train/dvac_new/chunk_std,105,0.1792430579662323,1790083411.6613593
train/dvac_new/chunk_std,106,0.16945356130599976,1790083671.5509613
train/dvac_new/chunk_std,107,0.1705658882856369,1790083934.5920696
train/dvac_new/chunk_std,108,0.1700470894575119,1790084197.4658737
train/dvac_new/chunk_std,109,0.16920019686222076,1790084457.8965056
train/dvac_new/chunk_std,110,0.1653560996055603,1790084994.1106038
train/dvac_new/chunk_std,111,0.17180278897285461,1790085254.3621788
train/dvac_new/chunk_std,112,0.16749070584774017,1790085516.5895221
train/dvac_new/chunk_std,113,0.17919093370437622,1790085777.7691295
train/dvac_new/chunk_std,114,0.16781967878341675,1790086038.642259
train/dvac_new/chunk_std,115,0.17289511859416962,1790086566.6562994
train/dvac_new/chunk_std,116,0.16548201441764832,1790086825.1312459
train/dvac_new/chunk_std,117,0.17070582509040833,1790087085.7770965
train/dvac_new/chunk_std,118,0.16674482822418213,1790087345.935444
train/dvac_new/chunk_std,119,0.17285336554050446,1790087606.3896189
train/dvac_new/chunk_std,120,0.16577625274658203,1790088139.891987
train/dvac_new/chunk_std,121,0.17031356692314148,1790088400.9532652
train/dvac_new/chunk_std,122,0.1792745143175125,1790088661.5066721
train/dvac_new/chunk_std,123,0.16757945716381073,1790088921.1231987
train/dvac_new/chunk_std,124,0.17877963185310364,1790089182.2048802
train/dvac_new/chunk_std,125,0.16714245080947876,1790089710.8961558
train/dvac_new/chunk_std,126,0.18113429844379425,1790089971.1509986
train/dvac_new/chunk_std,127,0.1715269386768341,1790090233.220682
train/dvac_new/chunk_std,128,0.17500513792037964,1790090493.9177604
train/dvac_new/chunk_std,129,0.17152057588100433,1790090755.5921483
train/dvac_new/chunk_std,130,0.17549248039722443,1790091286.3192055
train/dvac_new/chunk_std,131,0.17481213808059692,1790091544.6316435
train/dvac_new/chunk_std,132,0.17014703154563904,1790091805.9200914
train/dvac_new/chunk_std,133,0.17431846261024475,1790092067.1843014
train/dvac_new/chunk_std,134,0.1842070370912552,1790092330.8548784
train/dvac_new/chunk_std,135,0.1704157441854477,1790092862.9253576
train/dvac_new/chunk_std,136,0.17233611643314362,1790093121.358206
train/dvac_new/chunk_std,137,0.1788410097360611,1790093381.975796
train/dvac_new/coefficient_ess,1,569232.375,1790050397.4264205
train/dvac_new/coefficient_ess,2,638741.9375,1790050661.3443975
train/dvac_new/coefficient_ess,3,644547.0,1790050923.1911528
train/dvac_new/coefficient_ess,4,645862.875,1790051184.0586452
train/dvac_new/coefficient_ess,5,647422.9375,1790051717.8044236
train/dvac_new/coefficient_ess,6,644230.3125,1790051977.7494624
train/dvac_new/coefficient_ess,7,644185.8125,1790052240.299647
train/dvac_new/coefficient_ess,8,644611.0,1790052502.196759
train/dvac_new/coefficient_ess,9,644540.625,1790052763.322193
train/dvac_new/coefficient_ess,10,644755.3125,1790053293.0936725
train/dvac_new/coefficient_ess,11,644415.6875,1790053552.293034
train/dvac_new/coefficient_ess,12,642422.25,1790053812.621431
train/dvac_new/coefficient_ess,13,639631.1875,1790054073.6143086
train/dvac_new/coefficient_ess,14,640434.4375,1790054335.6322699
train/dvac_new/coefficient_ess,15,643585.25,1790054878.9060647
train/dvac_new/coefficient_ess,16,644964.6875,1790055137.8476992
train/dvac_new/coefficient_ess,17,646074.8125,1790055400.1597486
train/dvac_new/coefficient_ess,18,643590.125,1790055662.6722553
train/dvac_new/coefficient_ess,19,644979.5625,1790055926.1049664
train/dvac_new/coefficient_ess,20,644956.1875,1790056466.5325284
train/dvac_new/coefficient_ess,21,645504.25,1790056728.025092
train/dvac_new/coefficient_ess,22,645663.0625,1790056990.8845384
train/dvac_new/coefficient_ess,23,645306.25,1790057254.8310587
train/dvac_new/coefficient_ess,24,646572.125,1790057516.0860903
train/dvac_new/coefficient_ess,25,645618.625,1790058061.4706106
train/dvac_new/coefficient_ess,26,645718.625,1790058321.6959121
train/dvac_new/coefficient_ess,27,649850.6875,1790058582.8958006
train/dvac_new/coefficient_ess,28,648729.3125,1790058845.5579872
train/dvac_new/coefficient_ess,29,648796.5625,1790059107.2467813
train/dvac_new/coefficient_ess,30,648141.375,1790059649.871456
train/dvac_new/coefficient_ess,31,649286.0625,1790059909.1723697
train/dvac_new/coefficient_ess,32,648370.8125,1790060169.9037187
train/dvac_new/coefficient_ess,33,648977.625,1790060432.3515604
train/dvac_new/coefficient_ess,34,651180.75,1790060694.9394386
train/dvac_new/coefficient_ess,35,649369.1875,1790061231.1749496
train/dvac_new/coefficient_ess,36,649092.5625,1790061491.3072107
train/dvac_new/coefficient_ess,37,649776.3125,1790061753.1355138
train/dvac_new/coefficient_ess,38,648798.75,1790062014.841808
train/dvac_new/coefficient_ess,39,649277.125,1790062277.5235264
train/dvac_new/coefficient_ess,40,649846.5,1790062816.1900601
train/dvac_new/coefficient_ess,41,651568.625,1790063076.4220328
train/dvac_new/coefficient_ess,42,651732.3125,1790063338.2980478
train/dvac_new/coefficient_ess,43,651989.1875,1790063599.877442
train/dvac_new/coefficient_ess,44,651574.3125,1790063859.6395526
train/dvac_new/coefficient_ess,45,651033.875,1790064396.7989914
train/dvac_new/coefficient_ess,46,651545.9375,1790064656.58431
train/dvac_new/coefficient_ess,47,650547.6875,1790064918.6270342
train/dvac_new/coefficient_ess,48,651097.75,1790065180.8856294
train/dvac_new/coefficient_ess,49,650985.75,1790065442.9630003
train/dvac_new/coefficient_ess,50,650300.8125,1790066007.906194
train/dvac_new/coefficient_ess,51,650783.125,1790066267.2566574
train/dvac_new/coefficient_ess,52,651372.125,1790066528.6561377
train/dvac_new/coefficient_ess,53,651618.6875,1790066788.5493448
train/dvac_new/coefficient_ess,54,649850.0,1790067049.5110533
train/dvac_new/coefficient_ess,55,650488.4375,1790067586.9232893
train/dvac_new/coefficient_ess,56,650451.8125,1790067846.4156492
train/dvac_new/coefficient_ess,57,650265.5,1790068107.1511185
train/dvac_new/coefficient_ess,58,649354.9375,1790068369.7206316
train/dvac_new/coefficient_ess,59,650635.9375,1790068630.812022
train/dvac_new/coefficient_ess,60,649428.4375,1790069169.7889075
train/dvac_new/coefficient_ess,61,649168.3125,1790069427.9259596
train/dvac_new/coefficient_ess,62,648566.125,1790069690.4295015
train/dvac_new/coefficient_ess,63,649842.625,1790069952.1329775
train/dvac_new/coefficient_ess,64,649055.5,1790070213.7690697
train/dvac_new/coefficient_ess,65,648536.0625,1790070746.2358403
train/dvac_new/coefficient_ess,66,648850.125,1790071007.8434505
train/dvac_new/coefficient_ess,67,649219.5625,1790071270.2305024
train/dvac_new/coefficient_ess,68,649755.125,1790071532.2629569
train/dvac_new/coefficient_ess,69,652291.875,1790071793.8393884
train/dvac_new/coefficient_ess,70,652932.4375,1790072332.0495992
train/dvac_new/coefficient_ess,71,653014.8125,1790072591.3856635
train/dvac_new/coefficient_ess,72,653953.125,1790072852.890614
train/dvac_new/coefficient_ess,73,652882.8125,1790073115.2644448
train/dvac_new/coefficient_ess,74,653049.1875,1790073376.695492
train/dvac_new/coefficient_ess,75,652124.625,1790073911.3719606
train/dvac_new/coefficient_ess,76,653149.1875,1790074170.4334261
train/dvac_new/coefficient_ess,77,652030.0,1790074431.70131
train/dvac_new/coefficient_ess,78,652733.9375,1790074695.07066
train/dvac_new/coefficient_ess,79,652253.9375,1790074956.4449003
train/dvac_new/coefficient_ess,80,651353.5,1790075490.3608387
train/dvac_new/coefficient_ess,81,653155.25,1790075748.8702273
train/dvac_new/coefficient_ess,82,652751.5,1790076009.1591654
train/dvac_new/coefficient_ess,83,653652.875,1790076270.8486817
train/dvac_new/coefficient_ess,84,653236.75,1790076532.6550627
train/dvac_new/coefficient_ess,85,653096.625,1790077067.655472
train/dvac_new/coefficient_ess,86,652509.4375,1790077327.4164882
train/dvac_new/coefficient_ess,87,652579.3125,1790077588.338269
train/dvac_new/coefficient_ess,88,652820.4375,1790077850.4120646
train/dvac_new/coefficient_ess,89,652993.8125,1790078112.487677
train/dvac_new/coefficient_ess,90,651932.25,1790078647.4230747
train/dvac_new/coefficient_ess,91,654233.25,1790078907.558655
train/dvac_new/coefficient_ess,92,653414.1875,1790079170.7562459
train/dvac_new/coefficient_ess,93,653605.875,1790079433.128201
train/dvac_new/coefficient_ess,94,654457.5,1790079695.7497463
train/dvac_new/coefficient_ess,95,653682.125,1790080233.576347
train/dvac_new/coefficient_ess,96,653466.3125,1790080493.143891
train/dvac_new/coefficient_ess,97,658269.625,1790080753.979327
train/dvac_new/coefficient_ess,98,658938.9375,1790081015.052566
train/dvac_new/coefficient_ess,99,659989.8125,1790081276.714858
train/dvac_new/coefficient_ess,100,658199.375,1790081837.2354286
train/dvac_new/coefficient_ess,101,657387.8125,1790082096.519436
train/dvac_new/coefficient_ess,102,660203.6875,1790082357.673175
train/dvac_new/coefficient_ess,103,660222.375,1790082618.9607518
train/dvac_new/coefficient_ess,104,659171.75,1790082879.7637742
train/dvac_new/coefficient_ess,105,656587.25,1790083411.6613681
train/dvac_new/coefficient_ess,106,658804.375,1790083671.5509684
train/dvac_new/coefficient_ess,107,658612.75,1790083934.592076
train/dvac_new/coefficient_ess,108,658641.0625,1790084197.465881
train/dvac_new/coefficient_ess,109,659009.9375,1790084457.8965144
train/dvac_new/coefficient_ess,110,659959.9375,1790084994.110611
train/dvac_new/coefficient_ess,111,658329.125,1790085254.3621864
train/dvac_new/coefficient_ess,112,659381.5625,1790085516.589528
train/dvac_new/coefficient_ess,113,656420.25,1790085777.7691357
train/dvac_new/coefficient_ess,114,659173.6875,1790086038.6422656
train/dvac_new/coefficient_ess,115,657984.0,1790086566.6563067
train/dvac_new/coefficient_ess,116,660035.0,1790086825.1312523
train/dvac_new/coefficient_ess,117,658792.375,1790087085.777105
train/dvac_new/coefficient_ess,118,659764.0625,1790087345.9354503
train/dvac_new/coefficient_ess,119,658173.4375,1790087606.3896258
train/dvac_new/coefficient_ess,120,659715.0625,1790088139.891995
train/dvac_new/coefficient_ess,121,658651.3125,1790088400.9532714
train/dvac_new/coefficient_ess,122,657060.4375,1790088661.5066793
train/dvac_new/coefficient_ess,123,659551.1875,1790088921.1232057
train/dvac_new/coefficient_ess,124,656951.25,1790089182.2048872
train/dvac_new/coefficient_ess,125,659456.9375,1790089710.8961606
train/dvac_new/coefficient_ess,126,656238.9375,1790089971.1510055
train/dvac_new/coefficient_ess,127,658594.125,1790090233.2206888
train/dvac_new/coefficient_ess,128,657871.9375,1790090493.9177651
train/dvac_new/coefficient_ess,129,658497.875,1790090755.5921547
train/dvac_new/coefficient_ess,130,657665.9375,1790091286.3192136
train/dvac_new/coefficient_ess,131,657779.5,1790091544.631652
train/dvac_new/coefficient_ess,132,658753.125,1790091805.920098
train/dvac_new/coefficient_ess,133,658227.875,1790092067.1843069
train/dvac_new/coefficient_ess,134,655685.5,1790092330.8548908
train/dvac_new/coefficient_ess,135,658944.125,1790092862.9253666
train/dvac_new/coefficient_ess,136,658428.625,1790093121.358213
train/dvac_new/coefficient_ess,137,656964.25,1790093381.9758055
train/dvac_new/coefficient_ess_fraction,1,0.7941299676895142,1790050397.4264276
train/dvac_new/coefficient_ess_fraction,2,0.8911020159721375,1790050661.3444042
train/dvac_new/coefficient_ess_fraction,3,0.8992006182670593,1790050923.191159
train/dvac_new/coefficient_ess_fraction,4,0.9010363817214966,1790051184.0586524
train/dvac_new/coefficient_ess_fraction,5,0.90321284532547,1790051717.8044305
train/dvac_new/coefficient_ess_fraction,6,0.8987588286399841,1790051977.7494733
train/dvac_new/coefficient_ess_fraction,7,0.8986967206001282,1790052240.2996535
train/dvac_new/coefficient_ess_fraction,8,0.8992899060249329,1790052502.1967661
train/dvac_new/coefficient_ess_fraction,9,0.899191677570343,1790052763.3222
train/dvac_new/coefficient_ess_fraction,10,0.8994912505149841,1790053293.0936852
train/dvac_new/coefficient_ess_fraction,11,0.8990174531936646,1790053552.29304
train/dvac_new/coefficient_ess_fraction,12,0.8962363600730896,1790053812.6214366
train/dvac_new/coefficient_ess_fraction,13,0.8923426270484924,1790054073.6143148
train/dvac_new/coefficient_ess_fraction,14,0.8934632539749146,1790054335.632277
train/dvac_new/coefficient_ess_fraction,15,0.8978589177131653,1790054878.9060707
train/dvac_new/coefficient_ess_fraction,16,0.8997833132743835,1790055137.8477058
train/dvac_new/coefficient_ess_fraction,17,0.9013320207595825,1790055400.1597557
train/dvac_new/coefficient_ess_fraction,18,0.8978656530380249,1790055662.6722643
train/dvac_new/coefficient_ess_fraction,19,0.8998041152954102,1790055926.1049726
train/dvac_new/coefficient_ess_fraction,20,0.8997714519500732,1790056466.532542
train/dvac_new/coefficient_ess_fraction,21,0.900536060333252,1790056728.0251007
train/dvac_new/coefficient_ess_fraction,22,0.9007575511932373,1790056990.8845444
train/dvac_new/coefficient_ess_fraction,23,0.9002598524093628,1790057254.8310645
train/dvac_new/coefficient_ess_fraction,24,0.9020258188247681,1790057516.086097
train/dvac_new/coefficient_ess_fraction,25,0.9006956219673157,1790058061.4706166
train/dvac_new/coefficient_ess_fraction,26,0.9008351564407349,1790058321.6959193
train/dvac_new/coefficient_ess_fraction,27,0.9065997004508972,1790058582.8958068
train/dvac_new/coefficient_ess_fraction,28,0.9050352573394775,1790058845.5579953
train/dvac_new/coefficient_ess_fraction,29,0.9051291942596436,1790059107.246788
train/dvac_new/coefficient_ess_fraction,30,0.9042151570320129,1790059649.8714628
train/dvac_new/coefficient_ess_fraction,31,0.9058120250701904,1790059909.1723807
train/dvac_new/coefficient_ess_fraction,32,0.904535174369812,1790060169.903725
train/dvac_new/coefficient_ess_fraction,33,0.9053816795349121,1790060432.3515668
train/dvac_new/coefficient_ess_fraction,34,0.9084553122520447,1790060694.9394445
train/dvac_new/coefficient_ess_fraction,35,0.9059279561042786,1790061231.174955
train/dvac_new/coefficient_ess_fraction,36,0.9055421352386475,1790061491.3072195
train/dvac_new/coefficient_ess_fraction,37,0.906495988368988,1790061753.1355205
train/dvac_new/coefficient_ess_fraction,38,0.9051321744918823,1790062014.841814
train/dvac_new/coefficient_ess_fraction,39,0.9057995676994324,1790062277.523533
train/dvac_new/coefficient_ess_fraction,40,0.9065938591957092,1790062816.1900654
train/dvac_new/coefficient_ess_fraction,41,0.9089963436126709,1790063076.4220388
train/dvac_new/coefficient_ess_fraction,42,0.9092247486114502,1790063338.2980537
train/dvac_new/coefficient_ess_fraction,43,0.9095830917358398,1790063599.8774498
train/dvac_new/coefficient_ess_fraction,44,0.909004271030426,1790063859.6395583
train/dvac_new/coefficient_ess_fraction,45,0.9082503914833069,1790064396.7989995
train/dvac_new/coefficient_ess_fraction,46,0.9089647531509399,1790064656.5843163
train/dvac_new/coefficient_ess_fraction,47,0.9075720906257629,1790064918.62704
train/dvac_new/coefficient_ess_fraction,48,0.9083395004272461,1790065180.8856344
train/dvac_new/coefficient_ess_fraction,49,0.908183217048645,1790065442.9630065
train/dvac_new/coefficient_ess_fraction,50,0.9072276949882507,1790066007.9062011
train/dvac_new/coefficient_ess_fraction,51,0.9079005718231201,1790066267.2566695
train/dvac_new/coefficient_ess_fraction,52,0.9087222814559937,1790066528.6561446
train/dvac_new/coefficient_ess_fraction,53,0.9090662002563477,1790066788.5493505
train/dvac_new/coefficient_ess_fraction,54,0.9065987467765808,1790067049.51106
train/dvac_new/coefficient_ess_fraction,55,0.9074894189834595,1790067586.9232972
train/dvac_new/coefficient_ess_fraction,56,0.907438337802887,1790067846.4156551
train/dvac_new/coefficient_ess_fraction,57,0.9071784615516663,1790068107.1511235
train/dvac_new/coefficient_ess_fraction,58,0.9059081673622131,1790068369.7206378
train/dvac_new/coefficient_ess_fraction,59,0.9076952338218689,1790068630.8120291
train/dvac_new/coefficient_ess_fraction,60,0.906010627746582,1790069169.7889247
train/dvac_new/coefficient_ess_fraction,61,0.9056477546691895,1790069427.9259691
train/dvac_new/coefficient_ess_fraction,62,0.9048076272010803,1790069690.4295084
train/dvac_new/coefficient_ess_fraction,63,0.9065884947776794,1790069952.1329832
train/dvac_new/coefficient_ess_fraction,64,0.9054903388023376,1790070213.7690756
train/dvac_new/coefficient_ess_fraction,65,0.9047656655311584,1790070746.2358475
train/dvac_new/coefficient_ess_fraction,66,0.9052038192749023,1790071007.8434575
train/dvac_new/coefficient_ess_fraction,67,0.9057192206382751,1790071270.2305083
train/dvac_new/coefficient_ess_fraction,68,0.9064664244651794,1790071532.2629633
train/dvac_new/coefficient_ess_fraction,69,0.9100054502487183,1790071793.8393953
train/dvac_new/coefficient_ess_fraction,70,0.9108990430831909,1790072332.049606
train/dvac_new/coefficient_ess_fraction,71,0.9110139608383179,1790072591.3856697
train/dvac_new/coefficient_ess_fraction,72,0.912322998046875,1790072852.8906202
train/dvac_new/coefficient_ess_fraction,73,0.9108298420906067,1790073115.264451
train/dvac_new/coefficient_ess_fraction,74,0.9110619425773621,1790073376.6954978
train/dvac_new/coefficient_ess_fraction,75,0.9097720384597778,1790073911.3719683
train/dvac_new/coefficient_ess_fraction,76,0.9112014174461365,1790074170.4334323
train/dvac_new/coefficient_ess_fraction,77,0.9096400737762451,1790074431.7013156
train/dvac_new/coefficient_ess_fraction,78,0.9106221199035645,1790074695.070667
train/dvac_new/coefficient_ess_fraction,79,0.9099524617195129,1790074956.4449062
train/dvac_new/coefficient_ess_fraction,80,0.9086962342262268,1790075490.360859
train/dvac_new/coefficient_ess_fraction,81,0.9112098813056946,1790075748.870233
train/dvac_new/coefficient_ess_fraction,82,0.9106465578079224,1790076009.1591747
train/dvac_new/coefficient_ess_fraction,83,0.9119040966033936,1790076270.848688
train/dvac_new/coefficient_ess_fraction,84,0.9113235473632812,1790076532.655069
train/dvac_new/coefficient_ess_fraction,85,0.9111281037330627,1790077067.6554797
train/dvac_new/coefficient_ess_fraction,86,0.9103088974952698,1790077327.4164953
train/dvac_new/coefficient_ess_fraction,87,0.9104063510894775,1790077588.3382754
train/dvac_new/coefficient_ess_fraction,88,0.9107427597045898,1790077850.4120708
train/dvac_new/coefficient_ess_fraction,89,0.9109846353530884,1790078112.487683
train/dvac_new/coefficient_ess_fraction,90,0.909503698348999,1790078647.423081
train/dvac_new/coefficient_ess_fraction,91,0.9127138257026672,1790078907.5586853
train/dvac_new/coefficient_ess_fraction,92,0.9115711450576782,1790079170.756253
train/dvac_new/coefficient_ess_fraction,93,0.9118385314941406,1790079433.12821
train/dvac_new/coefficient_ess_fraction,94,0.9130266308784485,1790079695.7497556
train/dvac_new/coefficient_ess_fraction,95,0.9119449853897095,1790080233.5763516
train/dvac_new/coefficient_ess_fraction,96,0.9116438627243042,1790080493.1438973
train/dvac_new/coefficient_ess_fraction,97,0.9183448553085327,1790080753.979333
train/dvac_new/coefficient_ess_fraction,98,0.9192786812782288,1790081015.052573
train/dvac_new/coefficient_ess_fraction,99,0.9207447171211243,1790081276.7148635
train/dvac_new/coefficient_ess_fraction,100,0.918246865272522,1790081837.2354345
train/dvac_new/coefficient_ess_fraction,101,0.9171146750450134,1790082096.5194614
train/dvac_new/coefficient_ess_fraction,102,0.9210430383682251,1790082357.6731813
train/dvac_new/coefficient_ess_fraction,103,0.9210691452026367,1790082618.960763
train/dvac_new/coefficient_ess_fraction,104,0.9196034073829651,1790082879.76378
train/dvac_new/coefficient_ess_fraction,105,0.9159978032112122,1790083411.661377
train/dvac_new/coefficient_ess_fraction,106,0.9190909266471863,1790083671.5509753
train/dvac_new/coefficient_ess_fraction,107,0.9188235998153687,1790083934.592082
train/dvac_new/coefficient_ess_fraction,108,0.9188631176948547,1790084197.4658878
train/dvac_new/coefficient_ess_fraction,109,0.9193777441978455,1790084457.8965223
train/dvac_new/coefficient_ess_fraction,110,0.9207030534744263,1790084994.110618
train/dvac_new/coefficient_ess_fraction,111,0.9184279441833496,1790085254.362193
train/dvac_new/coefficient_ess_fraction,112,0.919896125793457,1790085516.5895338
train/dvac_new/coefficient_ess_fraction,113,0.9157648086547852,1790085777.769142
train/dvac_new/coefficient_ess_fraction,114,0.9196061491966248,1790086038.6422718
train/dvac_new/coefficient_ess_fraction,115,0.9179463982582092,1790086566.6563144
train/dvac_new/coefficient_ess_fraction,116,0.9208077788352966,1790086825.131259
train/dvac_new/coefficient_ess_fraction,117,0.9190741777420044,1790087085.7771127
train/dvac_new/coefficient_ess_fraction,118,0.9204297661781311,1790087345.9354565
train/dvac_new/coefficient_ess_fraction,119,0.9182106852531433,1790087606.3896317
train/dvac_new/coefficient_ess_fraction,120,0.9203614592552185,1790088139.8920035
train/dvac_new/coefficient_ess_fraction,121,0.918877363204956,1790088400.953277
train/dvac_new/coefficient_ess_fraction,122,0.9166579842567444,1790088661.5066855
train/dvac_new/coefficient_ess_fraction,123,0.9201327562332153,1790088921.1232123
train/dvac_new/coefficient_ess_fraction,124,0.9165056347846985,1790089182.204894
train/dvac_new/coefficient_ess_fraction,125,0.9200013279914856,1790089710.896165
train/dvac_new/coefficient_ess_fraction,126,0.9155119061470032,1790089971.151012
train/dvac_new/coefficient_ess_fraction,127,0.9187975525856018,1790090233.220695
train/dvac_new/coefficient_ess_fraction,128,0.9177900552749634,1790090493.9177701
train/dvac_new/coefficient_ess_fraction,129,0.9186633229255676,1790090755.5921607
train/dvac_new/coefficient_ess_fraction,130,0.917502760887146,1790091286.3192215
train/dvac_new/coefficient_ess_fraction,131,0.9176611304283142,1790091544.6316597
train/dvac_new/coefficient_ess_fraction,132,0.9190194606781006,1790091805.9201043
train/dvac_new/coefficient_ess_fraction,133,0.9182866811752319,1790092067.184312
train/dvac_new/coefficient_ess_fraction,134,0.9147397875785828,1790092330.8549008
train/dvac_new/coefficient_ess_fraction,135,0.9192858934402466,1790092862.9253755
train/dvac_new/coefficient_ess_fraction,136,0.9185667037963867,1790093121.358219
train/dvac_new/coefficient_ess_fraction,137,0.916523814201355,1790093381.9758146
train/dvac_new/coefficient_sum,1,1024.0,1790050397.4264336
train/dvac_new/coefficient_sum,2,1023.9999389648438,1790050661.344411
train/dvac_new/coefficient_sum,3,1024.0,1790050923.191165
train/dvac_new/coefficient_sum,4,1024.0,1790051184.0586588
train/dvac_new/coefficient_sum,5,1024.0,1790051717.8044372
train/dvac_new/coefficient_sum,6,1024.0,1790051977.749484
train/dvac_new/coefficient_sum,7,1023.9999389648438,1790052240.2996597
train/dvac_new/coefficient_sum,8,1024.0,1790052502.196773
train/dvac_new/coefficient_sum,9,1024.0,1790052763.3222065
train/dvac_new/coefficient_sum,10,1024.0,1790053293.0936975
train/dvac_new/coefficient_sum,11,1024.0,1790053552.293046
train/dvac_new/coefficient_sum,12,1024.0,1790053812.621442
train/dvac_new/coefficient_sum,13,1024.0,1790054073.61432
train/dvac_new/coefficient_sum,14,1024.0001220703125,1790054335.632284
train/dvac_new/coefficient_sum,15,1024.0,1790054878.9060764
train/dvac_new/coefficient_sum,16,1024.0,1790055137.8477125
train/dvac_new/coefficient_sum,17,1024.0,1790055400.1597624
train/dvac_new/coefficient_sum,18,1023.9999389648438,1790055662.6722734
train/dvac_new/coefficient_sum,19,1023.9999389648438,1790055926.1049783
train/dvac_new/coefficient_sum,20,1024.0,1790056466.532556
train/dvac_new/coefficient_sum,21,1024.0,1790056728.0251086
train/dvac_new/coefficient_sum,22,1024.0,1790056990.88455
train/dvac_new/coefficient_sum,23,1023.9999389648438,1790057254.8310702
train/dvac_new/coefficient_sum,24,1024.0,1790057516.086104
train/dvac_new/coefficient_sum,25,1024.0,1790058061.4706213
train/dvac_new/coefficient_sum,26,1024.0,1790058321.6959262
train/dvac_new/coefficient_sum,27,1024.0,1790058582.8958125
train/dvac_new/coefficient_sum,28,1024.0,1790058845.558003
train/dvac_new/coefficient_sum,29,1024.0,1790059107.2467942
train/dvac_new/coefficient_sum,30,1024.0,1790059649.8714693
train/dvac_new/coefficient_sum,31,1024.0,1790059909.1723917
train/dvac_new/coefficient_sum,32,1024.0,1790060169.9037304
train/dvac_new/coefficient_sum,33,1023.9999389648438,1790060432.351574
train/dvac_new/coefficient_sum,34,1024.0,1790060694.9394503
train/dvac_new/coefficient_sum,35,1024.0,1790061231.1749606
train/dvac_new/coefficient_sum,36,1024.0,1790061491.3072274
train/dvac_new/coefficient_sum,37,1024.0,1790061753.1355274
train/dvac_new/coefficient_sum,38,1024.0,1790062014.8418198
train/dvac_new/coefficient_sum,39,1024.0,1790062277.5235395
train/dvac_new/coefficient_sum,40,1024.0,1790062816.1900706
train/dvac_new/coefficient_sum,41,1024.0,1790063076.422045
train/dvac_new/coefficient_sum,42,1024.0,1790063338.29806
train/dvac_new/coefficient_sum,43,1024.0,1790063599.877458
train/dvac_new/coefficient_sum,44,1024.0,1790063859.6395643
train/dvac_new/coefficient_sum,45,1024.0,1790064396.7990086
train/dvac_new/coefficient_sum,46,1024.0,1790064656.5843234
train/dvac_new/coefficient_sum,47,1024.0,1790064918.6270456
train/dvac_new/coefficient_sum,48,1024.0,1790065180.8856394
train/dvac_new/coefficient_sum,49,1024.0,1790065442.9630127
train/dvac_new/coefficient_sum,50,1024.0,1790066007.9062078
train/dvac_new/coefficient_sum,51,1024.0,1790066267.2566812
train/dvac_new/coefficient_sum,52,1024.0,1790066528.6561515
train/dvac_new/coefficient_sum,53,1024.0,1790066788.5493562
train/dvac_new/coefficient_sum,54,1024.0,1790067049.5110662
train/dvac_new/coefficient_sum,55,1024.0,1790067586.9233053
train/dvac_new/coefficient_sum,56,1023.9999389648438,1790067846.415661
train/dvac_new/coefficient_sum,57,1023.9999389648438,1790068107.1511283
train/dvac_new/coefficient_sum,58,1024.0,1790068369.7206435
train/dvac_new/coefficient_sum,59,1024.0,1790068630.8120353
train/dvac_new/coefficient_sum,60,1024.0,1790069169.7889385
train/dvac_new/coefficient_sum,61,1024.0,1790069427.9259782
train/dvac_new/coefficient_sum,62,1024.0,1790069690.4295151
train/dvac_new/coefficient_sum,63,1023.9999389648438,1790069952.1329894
train/dvac_new/coefficient_sum,64,1024.0,1790070213.7690816
train/dvac_new/coefficient_sum,65,1024.0,1790070746.2358544
train/dvac_new/coefficient_sum,66,1024.0,1790071007.8434644
train/dvac_new/coefficient_sum,67,1024.0,1790071270.2305145
train/dvac_new/coefficient_sum,68,1024.0,1790071532.262969
train/dvac_new/coefficient_sum,69,1023.9999389648438,1790071793.8394022
train/dvac_new/coefficient_sum,70,1024.0,1790072332.0496132
train/dvac_new/coefficient_sum,71,1024.0,1790072591.3856757
train/dvac_new/coefficient_sum,72,1024.0,1790072852.8906257
train/dvac_new/coefficient_sum,73,1023.9999389648438,1790073115.2644565
train/dvac_new/coefficient_sum,74,1024.0,1790073376.695504
train/dvac_new/coefficient_sum,75,1024.0,1790073911.371975
train/dvac_new/coefficient_sum,76,1024.0,1790074170.4334383
train/dvac_new/coefficient_sum,77,1024.0,1790074431.7013218
train/dvac_new/coefficient_sum,78,1024.0,1790074695.0706735
train/dvac_new/coefficient_sum,79,1024.0,1790074956.4449124
train/dvac_new/coefficient_sum,80,1024.0,1790075490.3608792
train/dvac_new/coefficient_sum,81,1024.0,1790075748.870239
train/dvac_new/coefficient_sum,82,1024.0,1790076009.1591835
train/dvac_new/coefficient_sum,83,1024.0,1790076270.8486931
train/dvac_new/coefficient_sum,84,1024.0,1790076532.6550748
train/dvac_new/coefficient_sum,85,1024.0,1790077067.6554863
train/dvac_new/coefficient_sum,86,1024.0,1790077327.4165013
train/dvac_new/coefficient_sum,87,1024.0,1790077588.3382814
train/dvac_new/coefficient_sum,88,1024.0,1790077850.4120762
train/dvac_new/coefficient_sum,89,1024.0,1790078112.4876895
train/dvac_new/coefficient_sum,90,1023.9999389648438,1790078647.423087
train/dvac_new/coefficient_sum,91,1024.0,1790078907.5587115
train/dvac_new/coefficient_sum,92,1024.0,1790079170.75626
train/dvac_new/coefficient_sum,93,1024.0,1790079433.1282196
train/dvac_new/coefficient_sum,94,1023.9999389648438,1790079695.7497633
train/dvac_new/coefficient_sum,95,1024.0,1790080233.5763564
train/dvac_new/coefficient_sum,96,1024.0,1790080493.1439035
train/dvac_new/coefficient_sum,97,1024.0,1790080753.9793394
train/dvac_new/coefficient_sum,98,1024.0,1790081015.0525794
train/dvac_new/coefficient_sum,99,1024.0,1790081276.7148693
train/dvac_new/coefficient_sum,100,1024.0,1790081837.2354398
train/dvac_new/coefficient_sum,101,1024.0,1790082096.5194817
train/dvac_new/coefficient_sum,102,1024.0,1790082357.6731873
train/dvac_new/coefficient_sum,103,1024.0,1790082618.9607725
train/dvac_new/coefficient_sum,104,1024.0,1790082879.7637863
train/dvac_new/coefficient_sum,105,1024.0,1790083411.661386
train/dvac_new/coefficient_sum,106,1024.0,1790083671.5509808
train/dvac_new/coefficient_sum,107,1023.9999389648438,1790083934.5920882
train/dvac_new/coefficient_sum,108,1024.0,1790084197.4658947
train/dvac_new/coefficient_sum,109,1024.0,1790084457.89653
train/dvac_new/coefficient_sum,110,1024.0,1790084994.1106253
train/dvac_new/coefficient_sum,111,1024.0,1790085254.3622
train/dvac_new/coefficient_sum,112,1024.0,1790085516.589539
train/dvac_new/coefficient_sum,113,1024.0,1790085777.769148
train/dvac_new/coefficient_sum,114,1024.0,1790086038.6422775
train/dvac_new/coefficient_sum,115,1024.0,1790086566.6563213
train/dvac_new/coefficient_sum,116,1024.0,1790086825.131265
train/dvac_new/coefficient_sum,117,1023.9999389648438,1790087085.77712
train/dvac_new/coefficient_sum,118,1024.0,1790087345.9354625
train/dvac_new/coefficient_sum,119,1024.0,1790087606.3896377
train/dvac_new/coefficient_sum,120,1023.9999389648438,1790088139.8920114
train/dvac_new/coefficient_sum,121,1024.0,1790088400.953283
train/dvac_new/coefficient_sum,122,1024.0,1790088661.506692
train/dvac_new/coefficient_sum,123,1024.0,1790088921.1232193
train/dvac_new/coefficient_sum,124,1023.9999389648438,1790089182.2049003
train/dvac_new/coefficient_sum,125,1023.9999389648438,1790089710.8961694
train/dvac_new/coefficient_sum,126,1024.0,1790089971.151018
train/dvac_new/coefficient_sum,127,1023.9999389648438,1790090233.2207005
train/dvac_new/coefficient_sum,128,1024.0,1790090493.917775
train/dvac_new/coefficient_sum,129,1024.0,1790090755.5921667
train/dvac_new/coefficient_sum,130,1024.0,1790091286.319229
train/dvac_new/coefficient_sum,131,1024.0,1790091544.6316676
train/dvac_new/coefficient_sum,132,1023.9999389648438,1790091805.9201097
train/dvac_new/coefficient_sum,133,1024.0,1790092067.1843169
train/dvac_new/coefficient_sum,134,1024.0,1790092330.8549101
train/dvac_new/coefficient_sum,135,1024.0,1790092862.9253843
train/dvac_new/coefficient_sum,136,1024.0,1790093121.358225
train/dvac_new/coefficient_sum,137,1023.9999389648438,1790093381.9758236
train/dvac_new/coefficient_sumsq,1,1.8421138525009155,1790050397.4264395
train/dvac_new/coefficient_sumsq,2,1.6416305303573608,1790050661.3444178
train/dvac_new/coefficient_sumsq,3,1.6268455982208252,1790050923.1911712
train/dvac_new/coefficient_sumsq,4,1.6235389709472656,1790051184.0586655
train/dvac_new/coefficient_sumsq,5,1.6196227073669434,1790051717.8044436
train/dvac_new/coefficient_sumsq,6,1.6276507377624512,1790051977.749495
train/dvac_new/coefficient_sumsq,7,1.627763271331787,1790052240.2996662
train/dvac_new/coefficient_sumsq,8,1.6266884803771973,1790052502.1967797
train/dvac_new/coefficient_sumsq,9,1.6268609762191772,1790052763.3222132
train/dvac_new/coefficient_sumsq,10,1.6263220310211182,1790053293.0937097
train/dvac_new/coefficient_sumsq,11,1.627178430557251,1790053552.293052
train/dvac_new/coefficient_sumsq,12,1.632232904434204,1790053812.6214473
train/dvac_new/coefficient_sumsq,13,1.639349341392517,1790054073.6143258
train/dvac_new/coefficient_sumsq,14,1.6372910737991333,1790054335.6322908
train/dvac_new/coefficient_sumsq,15,1.6292743682861328,1790054878.9060822
train/dvac_new/coefficient_sumsq,16,1.6257902383804321,1790055137.8477192
train/dvac_new/coefficient_sumsq,17,1.6230027675628662,1790055400.1597693
train/dvac_new/coefficient_sumsq,18,1.629265546798706,1790055662.672283
train/dvac_new/coefficient_sumsq,19,1.625756025314331,1790055926.1049845
train/dvac_new/coefficient_sumsq,20,1.6258121728897095,1790056466.5325701
train/dvac_new/coefficient_sumsq,21,1.6244348287582397,1790056728.025117
train/dvac_new/coefficient_sumsq,22,1.624030590057373,1790056990.8845565
train/dvac_new/coefficient_sumsq,23,1.6249277591705322,1790057254.8310761
train/dvac_new/coefficient_sumsq,24,1.621751070022583,1790057516.0861104
train/dvac_new/coefficient_sumsq,25,1.6241464614868164,1790058061.4706273
train/dvac_new/coefficient_sumsq,26,1.6238969564437866,1790058321.6959329
train/dvac_new/coefficient_sumsq,27,1.6135724782943726,1790058582.8958182
train/dvac_new/coefficient_sumsq,28,1.6163541078567505,1790058845.5580103
train/dvac_new/coefficient_sumsq,29,1.6161876916885376,1790059107.2468004
train/dvac_new/coefficient_sumsq,30,1.6178351640701294,1790059649.8714762
train/dvac_new/coefficient_sumsq,31,1.6149698495864868,1790059909.1724024
train/dvac_new/coefficient_sumsq,32,1.6172475814819336,1790060169.9037366
train/dvac_new/coefficient_sumsq,33,1.615736484527588,1790060432.3515809
train/dvac_new/coefficient_sumsq,34,1.6102720499038696,1790060694.9394562
train/dvac_new/coefficient_sumsq,35,1.6147663593292236,1790061231.1749663
train/dvac_new/coefficient_sumsq,36,1.6154507398605347,1790061491.3072355
train/dvac_new/coefficient_sumsq,37,1.6137573719024658,1790061753.1355336
train/dvac_new/coefficient_sumsq,38,1.6161826848983765,1790062014.8418252
train/dvac_new/coefficient_sumsq,39,1.6149967908859253,1790062277.5235457
train/dvac_new/coefficient_sumsq,40,1.613576889038086,1790062816.1900764
train/dvac_new/coefficient_sumsq,41,1.6093114614486694,1790063076.4220507
train/dvac_new/coefficient_sumsq,42,1.6089109182357788,1790063338.2980657
train/dvac_new/coefficient_sumsq,43,1.608272910118103,1790063599.8774652
train/dvac_new/coefficient_sumsq,44,1.6093003749847412,1790063859.6395705
train/dvac_new/coefficient_sumsq,45,1.6106338500976562,1790064396.799017
train/dvac_new/coefficient_sumsq,46,1.6093698740005493,1790064656.5843313
train/dvac_new/coefficient_sumsq,47,1.6118417978286743,1790064918.6270514
train/dvac_new/coefficient_sumsq,48,1.6104745864868164,1790065180.885644
train/dvac_new/coefficient_sumsq,49,1.6107571125030518,1790065442.963019
train/dvac_new/coefficient_sumsq,50,1.6124482154846191,1790066007.9062147
train/dvac_new/coefficient_sumsq,51,1.6112571954727173,1790066267.256692
train/dvac_new/coefficient_sumsq,52,1.6097960472106934,1790066528.6561584
train/dvac_new/coefficient_sumsq,53,1.6091927289962769,1790066788.5493624
train/dvac_new/coefficient_sumsq,54,1.6135684251785278,1790067049.5110722
train/dvac_new/coefficient_sumsq,55,1.61198890209198,1790067586.9233127
train/dvac_new/coefficient_sumsq,56,1.6120753288269043,1790067846.4156675
train/dvac_new/coefficient_sumsq,57,1.6125378608703613,1790068107.1511333
train/dvac_new/coefficient_sumsq,58,1.6147966384887695,1790068369.7206495
train/dvac_new/coefficient_sumsq,59,1.6116197109222412,1790068630.8120413
train/dvac_new/coefficient_sumsq,60,1.6146197319030762,1790069169.78895
train/dvac_new/coefficient_sumsq,61,1.615264892578125,1790069427.9259865
train/dvac_new/coefficient_sumsq,62,1.6167629957199097,1790069690.4295213
train/dvac_new/coefficient_sumsq,63,1.6135910749435425,1790069952.1329954
train/dvac_new/coefficient_sumsq,64,1.6155468225479126,1790070213.769088
train/dvac_new/coefficient_sumsq,65,1.6168464422225952,1790070746.2358613
train/dvac_new/coefficient_sumsq,66,1.6160558462142944,1790071007.8434713
train/dvac_new/coefficient_sumsq,67,1.6151427030563354,1790071270.2305205
train/dvac_new/coefficient_sumsq,68,1.6138023138046265,1790071532.262975
train/dvac_new/coefficient_sumsq,69,1.6075273752212524,1790071793.8394089
train/dvac_new/coefficient_sumsq,70,1.6059585809707642,1790072332.0496197
train/dvac_new/coefficient_sumsq,71,1.6057546138763428,1790072591.3856816
train/dvac_new/coefficient_sumsq,72,1.6034448146820068,1790072852.8906317
train/dvac_new/coefficient_sumsq,73,1.6060742139816284,1790073115.2644618
train/dvac_new/coefficient_sumsq,74,1.6056667566299438,1790073376.69551
train/dvac_new/coefficient_sumsq,75,1.607940435409546,1790073911.3719814
train/dvac_new/coefficient_sumsq,76,1.6054320335388184,1790074170.433444
train/dvac_new/coefficient_sumsq,77,1.6081737279891968,1790074431.7013276
train/dvac_new/coefficient_sumsq,78,1.6064391136169434,1790074695.0706801
train/dvac_new/coefficient_sumsq,79,1.6076223850250244,1790074956.4449182
train/dvac_new/coefficient_sumsq,80,1.6098437309265137,1790075490.3608983
train/dvac_new/coefficient_sumsq,81,1.6054028272628784,1790075748.870245
train/dvac_new/coefficient_sumsq,82,1.6063945293426514,1790076009.1591926
train/dvac_new/coefficient_sumsq,83,1.6041818857192993,1790076270.848699
train/dvac_new/coefficient_sumsq,84,1.605202078819275,1790076532.655081
train/dvac_new/coefficient_sumsq,85,1.6055476665496826,1790077067.6554937
train/dvac_new/coefficient_sumsq,86,1.6069929599761963,1790077327.4165077
train/dvac_new/coefficient_sumsq,87,1.606825828552246,1790077588.3382885
train/dvac_new/coefficient_sumsq,88,1.6062260866165161,1790077850.4120824
train/dvac_new/coefficient_sumsq,89,1.6057990789413452,1790078112.4876957
train/dvac_new/coefficient_sumsq,90,1.6084156036376953,1790078647.4230928
train/dvac_new/coefficient_sumsq,91,1.6027582883834839,1790078907.558733
train/dvac_new/coefficient_sumsq,92,1.6047661304473877,1790079170.7562666
train/dvac_new/coefficient_sumsq,93,1.6042969226837158,1790079433.1282291
train/dvac_new/coefficient_sumsq,94,1.6022135019302368,1790079695.7497706
train/dvac_new/coefficient_sumsq,95,1.6041079759597778,1790080233.5763612
train/dvac_new/coefficient_sumsq,96,1.6046382188796997,1790080493.1439116
train/dvac_new/coefficient_sumsq,97,1.592961311340332,1790080753.979345
train/dvac_new/coefficient_sumsq,98,1.5913277864456177,1790081015.052585
train/dvac_new/coefficient_sumsq,99,1.5887773036956787,1790081276.7148755
train/dvac_new/coefficient_sumsq,100,1.5931216478347778,1790081837.235446
train/dvac_new/coefficient_sumsq,101,1.5951064825057983,1790082096.5194993
train/dvac_new/coefficient_sumsq,102,1.588263750076294,1790082357.6731932
train/dvac_new/coefficient_sumsq,103,1.588218331336975,1790082618.9607825
train/dvac_new/coefficient_sumsq,104,1.5907485485076904,1790082879.763792
train/dvac_new/coefficient_sumsq,105,1.5970407724380493,1790083411.6614003
train/dvac_new/coefficient_sumsq,106,1.591650366783142,1790083671.5509865
train/dvac_new/coefficient_sumsq,107,1.5921214818954468,1790083934.5920942
train/dvac_new/coefficient_sumsq,108,1.5920432806015015,1790084197.4659011
train/dvac_new/coefficient_sumsq,109,1.5911591053009033,1790084457.8965375
train/dvac_new/coefficient_sumsq,110,1.5888484716415405,1790084994.1106327
train/dvac_new/coefficient_sumsq,111,1.5928336381912231,1790085254.3622067
train/dvac_new/coefficient_sumsq,112,1.5902420282363892,1790085516.5895448
train/dvac_new/coefficient_sumsq,113,1.597452998161316,1790085777.7691543
train/dvac_new/coefficient_sumsq,114,1.590782880783081,1790086038.642283
train/dvac_new/coefficient_sumsq,115,1.5936466455459595,1790086566.6563287
train/dvac_new/coefficient_sumsq,116,1.5886691808700562,1790086825.1312704
train/dvac_new/coefficient_sumsq,117,1.5916815996170044,1790087085.7771273
train/dvac_new/coefficient_sumsq,118,1.5893210172653198,1790087345.935469
train/dvac_new/coefficient_sumsq,119,1.5931950807571411,1790087606.3896432
train/dvac_new/coefficient_sumsq,120,1.5894399881362915,1790088139.892019
train/dvac_new/coefficient_sumsq,121,1.5920240879058838,1790088400.953289
train/dvac_new/coefficient_sumsq,122,1.595898151397705,1790088661.5066977
train/dvac_new/coefficient_sumsq,123,1.589835286140442,1790088921.123226
train/dvac_new/coefficient_sumsq,124,1.596160650253296,1790089182.2049072
train/dvac_new/coefficient_sumsq,125,1.5900605916976929,1790089710.8961735
train/dvac_new/coefficient_sumsq,126,1.5979015827178955,1790089971.1510236
train/dvac_new/coefficient_sumsq,127,1.592172384262085,1790090233.2207065
train/dvac_new/coefficient_sumsq,128,1.593912124633789,1790090493.9177794
train/dvac_new/coefficient_sumsq,129,1.5924063920974731,1790090755.5921729
train/dvac_new/coefficient_sumsq,130,1.5944128036499023,1790091286.3192372
train/dvac_new/coefficient_sumsq,131,1.594143271446228,1790091544.6316757
train/dvac_new/coefficient_sumsq,132,1.5917819738388062,1790091805.9201157
train/dvac_new/coefficient_sumsq,133,1.5930328369140625,1790092067.1843216
train/dvac_new/coefficient_sumsq,134,1.5992363691329956,1790092330.85492
train/dvac_new/coefficient_sumsq,135,1.5913000106811523,1790092862.925393
train/dvac_new/coefficient_sumsq,136,1.592545509338379,1790093121.358231
train/dvac_new/coefficient_sumsq,137,1.5961246490478516,1790093381.9758368
train/dvac_new/dropout_fraction,1,0.1923828125,1790050397.4264452
train/dvac_new/dropout_fraction,2,0.19882813096046448,1790050661.3444247
train/dvac_new/dropout_fraction,3,0.197265625,1790050923.1911771
train/dvac_new/dropout_fraction,4,0.20703125,1790051184.0586722
train/dvac_new/dropout_fraction,5,0.20722655951976776,1790051717.8044505
train/dvac_new/dropout_fraction,6,0.2041015625,1790051977.7495065
train/dvac_new/dropout_fraction,7,0.2021484375,1790052240.2996726
train/dvac_new/dropout_fraction,8,0.20253905653953552,1790052502.1967864
train/dvac_new/dropout_fraction,9,0.19550780951976776,1790052763.3222198
train/dvac_new/dropout_fraction,10,0.19707031548023224,1790053293.0937223
train/dvac_new/dropout_fraction,11,0.193359375,1790053552.2930577
train/dvac_new/dropout_fraction,12,0.19746093451976776,1790053812.6214533
train/dvac_new/dropout_fraction,13,0.201171875,1790054073.6143317
train/dvac_new/dropout_fraction,14,0.19980469346046448,1790054335.6322975
train/dvac_new/dropout_fraction,15,0.18125000596046448,1790054878.9060876
train/dvac_new/dropout_fraction,16,0.20449218153953552,1790055137.8477259
train/dvac_new/dropout_fraction,17,0.20175781846046448,1790055400.1597767
train/dvac_new/dropout_fraction,18,0.20136718451976776,1790055662.6722934
train/dvac_new/dropout_fraction,19,0.19453124701976776,1790055926.1049905
train/dvac_new/dropout_fraction,20,0.19960936903953552,1790056466.532584
train/dvac_new/dropout_fraction,21,0.20566406846046448,1790056728.0251245
train/dvac_new/dropout_fraction,22,0.19941405951976776,1790056990.8845627
train/dvac_new/dropout_fraction,23,0.20332030951976776,1790057254.8310819
train/dvac_new/dropout_fraction,24,0.2041015625,1790057516.0861177
train/dvac_new/dropout_fraction,25,0.19472655653953552,1790058061.4706316
train/dvac_new/dropout_fraction,26,0.20683594048023224,1790058321.6959393
train/dvac_new/dropout_fraction,27,0.2080078125,1790058582.8958242
train/dvac_new/dropout_fraction,28,0.19785156846046448,1790058845.558018
train/dvac_new/dropout_fraction,29,0.19296875596046448,1790059107.246807
train/dvac_new/dropout_fraction,30,0.19257812201976776,1790059649.871483
train/dvac_new/dropout_fraction,31,0.19746093451976776,1790059909.1724133
train/dvac_new/dropout_fraction,32,0.20703125,1790060169.9037423
train/dvac_new/dropout_fraction,33,0.19785156846046448,1790060432.3515873
train/dvac_new/dropout_fraction,34,0.19882813096046448,1790060694.9394627
train/dvac_new/dropout_fraction,35,0.20000000298023224,1790061231.1749718
train/dvac_new/dropout_fraction,36,0.19472655653953552,1790061491.3072438
train/dvac_new/dropout_fraction,37,0.20488281548023224,1790061753.1355453
train/dvac_new/dropout_fraction,38,0.2001953125,1790062014.8418312
train/dvac_new/dropout_fraction,39,0.19316406548023224,1790062277.5235517
train/dvac_new/dropout_fraction,40,0.19902344048023224,1790062816.1900818
train/dvac_new/dropout_fraction,41,0.18984374403953552,1790063076.4220567
train/dvac_new/dropout_fraction,42,0.2041015625,1790063338.2980716
train/dvac_new/dropout_fraction,43,0.19082030653953552,1790063599.877473
train/dvac_new/dropout_fraction,44,0.19941405951976776,1790063859.639576
train/dvac_new/dropout_fraction,45,0.19609375298023224,1790064396.799025
train/dvac_new/dropout_fraction,46,0.19746093451976776,1790064656.5843403
train/dvac_new/dropout_fraction,47,0.2001953125,1790064918.6270568
train/dvac_new/dropout_fraction,48,0.2021484375,1790065180.885649
train/dvac_new/dropout_fraction,49,0.20468750596046448,1790065442.9630256
train/dvac_new/dropout_fraction,50,0.20253905653953552,1790066007.9062214
train/dvac_new/dropout_fraction,51,0.19707031548023224,1790066267.2567039
train/dvac_new/dropout_fraction,52,0.2001953125,1790066528.6561654
train/dvac_new/dropout_fraction,53,0.19355468451976776,1790066788.5493681
train/dvac_new/dropout_fraction,54,0.197265625,1790067049.5110784
train/dvac_new/dropout_fraction,55,0.19648437201976776,1790067586.92332
train/dvac_new/dropout_fraction,56,0.19687500596046448,1790067846.4156733
train/dvac_new/dropout_fraction,57,0.208984375,1790068107.1511378
train/dvac_new/dropout_fraction,58,0.20722655951976776,1790068369.7206554
train/dvac_new/dropout_fraction,59,0.20078125596046448,1790068630.8120468
train/dvac_new/dropout_fraction,60,0.20585937798023224,1790069169.7889612
train/dvac_new/dropout_fraction,61,0.19648437201976776,1790069427.9259953
train/dvac_new/dropout_fraction,62,0.19179686903953552,1790069690.429528
train/dvac_new/dropout_fraction,63,0.20234374701976776,1790069952.1330013
train/dvac_new/dropout_fraction,64,0.20624999701976776,1790070213.7690933
train/dvac_new/dropout_fraction,65,0.19843749701976776,1790070746.2358677
train/dvac_new/dropout_fraction,66,0.193359375,1790071007.843478
train/dvac_new/dropout_fraction,67,0.20000000298023224,1790071270.2305262
train/dvac_new/dropout_fraction,68,0.18925781548023224,1790071532.262981
train/dvac_new/dropout_fraction,69,0.19414062798023224,1790071793.8394158
train/dvac_new/dropout_fraction,70,0.19023437798023224,1790072332.049626
train/dvac_new/dropout_fraction,71,0.20449218153953552,1790072591.3856874
train/dvac_new/dropout_fraction,72,0.20058593153953552,1790072852.8906376
train/dvac_new/dropout_fraction,73,0.19863280653953552,1790073115.2644675
train/dvac_new/dropout_fraction,74,0.20957031846046448,1790073376.6955159
train/dvac_new/dropout_fraction,75,0.20722655951976776,1790073911.3719885
train/dvac_new/dropout_fraction,76,0.20039062201976776,1790074170.4334502
train/dvac_new/dropout_fraction,77,0.20136718451976776,1790074431.7013335
train/dvac_new/dropout_fraction,78,0.19882813096046448,1790074695.0706873
train/dvac_new/dropout_fraction,79,0.19570311903953552,1790074956.4449244
train/dvac_new/dropout_fraction,80,0.19570311903953552,1790075490.3609173
train/dvac_new/dropout_fraction,81,0.19746093451976776,1790075748.8702512
train/dvac_new/dropout_fraction,82,0.197265625,1790076009.1592016
train/dvac_new/dropout_fraction,83,0.19492188096046448,1790076270.8487062
train/dvac_new/dropout_fraction,84,0.20351561903953552,1790076532.6550863
train/dvac_new/dropout_fraction,85,0.19511719048023224,1790077067.6555002
train/dvac_new/dropout_fraction,86,0.19843749701976776,1790077327.4165142
train/dvac_new/dropout_fraction,87,0.19589844346046448,1790077588.3382943
train/dvac_new/dropout_fraction,88,0.21074219048023224,1790077850.4120882
train/dvac_new/dropout_fraction,89,0.205078125,1790078112.4877012
train/dvac_new/dropout_fraction,90,0.18964843451976776,1790078647.4230986
train/dvac_new/dropout_fraction,91,0.19667968153953552,1790078907.558754
train/dvac_new/dropout_fraction,92,0.193359375,1790079170.7562733
train/dvac_new/dropout_fraction,93,0.19765624403953552,1790079433.1282487
train/dvac_new/dropout_fraction,94,0.20156249403953552,1790079695.7497811
train/dvac_new/dropout_fraction,95,0.19589844346046448,1790080233.5763655
train/dvac_new/dropout_fraction,96,0.20351561903953552,1790080493.1439204
train/dvac_new/dropout_fraction,97,0.19609375298023224,1790080753.9793506
train/dvac_new/dropout_fraction,98,0.21171875298023224,1790081015.0525908
train/dvac_new/dropout_fraction,99,0.19980469346046448,1790081276.7148812
train/dvac_new/dropout_fraction,100,0.19199219346046448,1790081837.235452
train/dvac_new/dropout_fraction,101,0.19492188096046448,1790082096.5195167
train/dvac_new/dropout_fraction,102,0.19414062798023224,1790082357.6731994
train/dvac_new/dropout_fraction,103,0.19960936903953552,1790082618.9607923
train/dvac_new/dropout_fraction,104,0.20624999701976776,1790082879.7637978
train/dvac_new/dropout_fraction,105,0.20156249403953552,1790083411.6614096
train/dvac_new/dropout_fraction,106,0.19453124701976776,1790083671.5509927
train/dvac_new/dropout_fraction,107,0.20195312798023224,1790083934.5921001
train/dvac_new/dropout_fraction,108,0.20136718451976776,1790084197.465908
train/dvac_new/dropout_fraction,109,0.1962890625,1790084457.896545
train/dvac_new/dropout_fraction,110,0.19902344048023224,1790084994.1106396
train/dvac_new/dropout_fraction,111,0.19882813096046448,1790085254.3622134
train/dvac_new/dropout_fraction,112,0.19746093451976776,1790085516.5895505
train/dvac_new/dropout_fraction,113,0.2021484375,1790085777.76916
train/dvac_new/dropout_fraction,114,0.19414062798023224,1790086038.6422904
train/dvac_new/dropout_fraction,115,0.2119140625,1790086566.6563358
train/dvac_new/dropout_fraction,116,0.20156249403953552,1790086825.1312766
train/dvac_new/dropout_fraction,117,0.20273438096046448,1790087085.7771347
train/dvac_new/dropout_fraction,118,0.20390625298023224,1790087345.9354744
train/dvac_new/dropout_fraction,119,0.20195312798023224,1790087606.3896494
train/dvac_new/dropout_fraction,120,0.19980469346046448,1790088139.8920267
train/dvac_new/dropout_fraction,121,0.19296875596046448,1790088400.9532948
train/dvac_new/dropout_fraction,122,0.20820312201976776,1790088661.5067034
train/dvac_new/dropout_fraction,123,0.20332030951976776,1790088921.1232324
train/dvac_new/dropout_fraction,124,0.19374999403953552,1790089182.2049139
train/dvac_new/dropout_fraction,125,0.19355468451976776,1790089710.8961782
train/dvac_new/dropout_fraction,126,0.205078125,1790089971.1510293
train/dvac_new/dropout_fraction,127,0.2060546875,1790090233.2207122
train/dvac_new/dropout_fraction,128,0.19921875,1790090493.9177842
train/dvac_new/dropout_fraction,129,0.19804687798023224,1790090755.5921786
train/dvac_new/dropout_fraction,130,0.21054688096046448,1790091286.319246
train/dvac_new/dropout_fraction,131,0.2001953125,1790091544.631684
train/dvac_new/dropout_fraction,132,0.19980469346046448,1790091805.9201217
train/dvac_new/dropout_fraction,133,0.2041015625,1790092067.184326
train/dvac_new/dropout_fraction,134,0.19003906846046448,1790092330.8549292
train/dvac_new/dropout_fraction,135,0.20292969048023224,1790092862.9254029
train/dvac_new/dropout_fraction,136,0.2001953125,1790093121.3582368
train/dvac_new/dropout_fraction,137,0.20566406846046448,1790093381.9758492
train/dvac_new/final_weight_max,1,2.0145370960235596,1790050397.4264512
train/dvac_new/final_weight_max,2,2.4337542057037354,1790050661.3444312
train/dvac_new/final_weight_max,3,2.4150123596191406,1790050923.1911829
train/dvac_new/final_weight_max,4,2.4270830154418945,1790051184.0586789
train/dvac_new/final_weight_max,5,2.436542272567749,1790051717.8044577
train/dvac_new/final_weight_max,6,2.4111976623535156,1790051977.7495177
train/dvac_new/final_weight_max,7,2.3415675163269043,1790052240.299679
train/dvac_new/final_weight_max,8,2.3266401290893555,1790052502.196793
train/dvac_new/final_weight_max,9,2.3448948860168457,1790052763.3222265
train/dvac_new/final_weight_max,10,2.3784451484680176,1790053293.0937355
train/dvac_new/final_weight_max,11,2.3637986183166504,1790053552.2930636
train/dvac_new/final_weight_max,12,2.386337995529175,1790053812.6214588
train/dvac_new/final_weight_max,13,2.4009389877319336,1790054073.6143372
train/dvac_new/final_weight_max,14,2.5015833377838135,1790054335.6323042
train/dvac_new/final_weight_max,15,2.5141501426696777,1790054878.906094
train/dvac_new/final_weight_max,16,2.5265285968780518,1790055137.8477328
train/dvac_new/final_weight_max,17,2.529554605484009,1790055400.1597831
train/dvac_new/final_weight_max,18,2.5177981853485107,1790055662.672301
train/dvac_new/final_weight_max,19,2.5022847652435303,1790055926.1049967
train/dvac_new/final_weight_max,20,2.5302348136901855,1790056466.5325992
train/dvac_new/final_weight_max,21,2.54622220993042,1790056728.0251322
train/dvac_new/final_weight_max,22,2.5305306911468506,1790056990.884568
train/dvac_new/final_weight_max,23,2.5305888652801514,1790057254.831087
train/dvac_new/final_weight_max,24,2.546233892440796,1790057516.0861242
train/dvac_new/final_weight_max,25,2.554091691970825,1790058061.4706373
train/dvac_new/final_weight_max,26,2.547731399536133,1790058321.695946
train/dvac_new/final_weight_max,27,2.5104851722717285,1790058582.8958297
train/dvac_new/final_weight_max,28,2.526986598968506,1790058845.5580258
train/dvac_new/final_weight_max,29,2.5314693450927734,1790059107.2468138
train/dvac_new/final_weight_max,30,2.539329767227173,1790059649.8714902
train/dvac_new/final_weight_max,31,2.5178720951080322,1790059909.1724248
train/dvac_new/final_weight_max,32,2.505387306213379,1790060169.9037478
train/dvac_new/final_weight_max,33,2.5150272846221924,1790060432.3515937
train/dvac_new/final_weight_max,34,2.4712820053100586,1790060694.9394684
train/dvac_new/final_weight_max,35,2.47794246673584,1790061231.1749778
train/dvac_new/final_weight_max,36,2.4754645824432373,1790061491.3072522
train/dvac_new/final_weight_max,37,2.4838099479675293,1790061753.1355524
train/dvac_new/final_weight_max,38,2.488466262817383,1790062014.8418372
train/dvac_new/final_weight_max,39,2.4903414249420166,1790062277.5235581
train/dvac_new/final_weight_max,40,2.492003917694092,1790062816.190087
train/dvac_new/final_weight_max,41,2.4626901149749756,1790063076.4220629
train/dvac_new/final_weight_max,42,2.469348669052124,1790063338.2980769
train/dvac_new/final_weight_max,43,2.4695703983306885,1790063599.8774807
train/dvac_new/final_weight_max,44,2.481916666030884,1790063859.639582
train/dvac_new/final_weight_max,45,2.481952428817749,1790064396.7990336
train/dvac_new/final_weight_max,46,2.484438419342041,1790064656.584346
train/dvac_new/final_weight_max,47,2.4854304790496826,1790064918.6270626
train/dvac_new/final_weight_max,48,2.4882259368896484,1790065180.8856537
train/dvac_new/final_weight_max,49,2.493959426879883,1790065442.9630313
train/dvac_new/final_weight_max,50,2.494340181350708,1790066007.9062288
train/dvac_new/final_weight_max,51,2.489253282546997,1790066267.2567143
train/dvac_new/final_weight_max,52,2.489834785461426,1790066528.656172
train/dvac_new/final_weight_max,53,2.5240774154663086,1790066788.549374
train/dvac_new/final_weight_max,54,2.5214970111846924,1790067049.5110846
train/dvac_new/final_weight_max,55,2.521125316619873,1790067586.9233305
train/dvac_new/final_weight_max,56,2.5282089710235596,1790067846.4156792
train/dvac_new/final_weight_max,57,2.5208935737609863,1790068107.1511426
train/dvac_new/final_weight_max,58,2.517874002456665,1790068369.7206614
train/dvac_new/final_weight_max,59,2.5292646884918213,1790068630.8120527
train/dvac_new/final_weight_max,60,2.5333685874938965,1790069169.7889726
train/dvac_new/final_weight_max,61,2.526202440261841,1790069427.9260037
train/dvac_new/final_weight_max,62,2.5332276821136475,1790069690.4295344
train/dvac_new/final_weight_max,63,2.5301313400268555,1790069952.1330068
train/dvac_new/final_weight_max,64,2.52889084815979,1790070213.7690992
train/dvac_new/final_weight_max,65,2.5351169109344482,1790070746.2358751
train/dvac_new/final_weight_max,66,2.5470333099365234,1790071007.8434846
train/dvac_new/final_weight_max,67,2.5339648723602295,1790071270.2305324
train/dvac_new/final_weight_max,68,2.53940749168396,1790071532.262987
train/dvac_new/final_weight_max,69,2.483973503112793,1790071793.8394227
train/dvac_new/final_weight_max,70,2.4908862113952637,1790072332.0496328
train/dvac_new/final_weight_max,71,2.5128841400146484,1790072591.385693
train/dvac_new/final_weight_max,72,2.496091604232788,1790072852.8906431
train/dvac_new/final_weight_max,73,2.506117105484009,1790073115.2644727
train/dvac_new/final_weight_max,74,2.5138638019561768,1790073376.6955216
train/dvac_new/final_weight_max,75,2.5139882564544678,1790073911.3719964
train/dvac_new/final_weight_max,76,2.5086026191711426,1790074170.4334567
train/dvac_new/final_weight_max,77,2.5282344818115234,1790074431.7013392
train/dvac_new/final_weight_max,78,2.5163118839263916,1790074695.0706942
train/dvac_new/final_weight_max,79,2.5399022102355957,1790074956.4449306
train/dvac_new/final_weight_max,80,2.532662868499756,1790075490.3609378
train/dvac_new/final_weight_max,81,2.512183666229248,1790075748.870257
train/dvac_new/final_weight_max,82,2.513939142227173,1790076009.1592102
train/dvac_new/final_weight_max,83,2.5037729740142822,1790076270.8487127
train/dvac_new/final_weight_max,84,2.5312747955322266,1790076532.655092
train/dvac_new/final_weight_max,85,2.5247013568878174,1790077067.6555078
train/dvac_new/final_weight_max,86,2.5366618633270264,1790077327.4165204
train/dvac_new/final_weight_max,87,2.518932819366455,1790077588.3383
train/dvac_new/final_weight_max,88,2.5475547313690186,1790077850.4120939
train/dvac_new/final_weight_max,89,2.5270354747772217,1790078112.487707
train/dvac_new/final_weight_max,90,2.5323235988616943,1790078647.4231052
train/dvac_new/final_weight_max,91,2.515653133392334,1790078907.5587733
train/dvac_new/final_weight_max,92,2.509624481201172,1790079170.7562795
train/dvac_new/final_weight_max,93,2.5278191566467285,1790079433.1282578
train/dvac_new/final_weight_max,94,2.529766798019409,1790079695.7497885
train/dvac_new/final_weight_max,95,2.5143933296203613,1790080233.5763707
train/dvac_new/final_weight_max,96,2.5127220153808594,1790080493.1439285
train/dvac_new/final_weight_max,97,2.424959182739258,1790080753.979356
train/dvac_new/final_weight_max,98,2.424675464630127,1790081015.0525968
train/dvac_new/final_weight_max,99,2.396249294281006,1790081276.714887
train/dvac_new/final_weight_max,100,2.4549412727355957,1790081837.2354581
train/dvac_new/final_weight_max,101,2.4642550945281982,1790082096.5195332
train/dvac_new/final_weight_max,102,2.41239857673645,1790082357.6732047
train/dvac_new/final_weight_max,103,2.4086384773254395,1790082618.960802
train/dvac_new/final_weight_max,104,2.42437744140625,1790082879.7638035
train/dvac_new/final_weight_max,105,2.466732978820801,1790083411.661419
train/dvac_new/final_weight_max,106,2.4485585689544678,1790083671.5509984
train/dvac_new/final_weight_max,107,2.449157953262329,1790083934.5921056
train/dvac_new/final_weight_max,108,2.453829050064087,1790084197.4659147
train/dvac_new/final_weight_max,109,2.452448844909668,1790084457.8965535
train/dvac_new/final_weight_max,110,2.438784122467041,1790084994.110648
train/dvac_new/final_weight_max,111,2.444648504257202,1790085254.36222
train/dvac_new/final_weight_max,112,2.4148824214935303,1790085516.5895562
train/dvac_new/final_weight_max,113,2.4907898902893066,1790085777.7691658
train/dvac_new/final_weight_max,114,2.463871479034424,1790086038.642296
train/dvac_new/final_weight_max,115,2.456282138824463,1790086566.6563442
train/dvac_new/final_weight_max,116,2.434889554977417,1790086825.131282
train/dvac_new/final_weight_max,117,2.465057134628296,1790087085.7771418
train/dvac_new/final_weight_max,118,2.456479787826538,1790087345.9354806
train/dvac_new/final_weight_max,119,2.4701454639434814,1790087606.3896554
train/dvac_new/final_weight_max,120,2.442359209060669,1790088139.8920343
train/dvac_new/final_weight_max,121,2.464887857437134,1790088400.9533002
train/dvac_new/final_weight_max,122,2.5180106163024902,1790088661.5067096
train/dvac_new/final_weight_max,123,2.447115659713745,1790088921.1232393
train/dvac_new/final_weight_max,124,2.502129316329956,1790089182.2049208
train/dvac_new/final_weight_max,125,2.4593803882598877,1790089710.8961828
train/dvac_new/final_weight_max,126,2.5056681632995605,1790089971.1510355
train/dvac_new/final_weight_max,127,2.4788010120391846,1790090233.2207181
train/dvac_new/final_weight_max,128,2.464775323867798,1790090493.917789
train/dvac_new/final_weight_max,129,2.4986953735351562,1790090755.5921843
train/dvac_new/final_weight_max,130,2.4972057342529297,1790091286.3192542
train/dvac_new/final_weight_max,131,2.4859228134155273,1790091544.6316917
train/dvac_new/final_weight_max,132,2.492175579071045,1790091805.9201272
train/dvac_new/final_weight_max,133,2.4855234622955322,1790092067.1843305
train/dvac_new/final_weight_max,134,2.547076463699341,1790092330.854938
train/dvac_new/final_weight_max,135,2.4468374252319336,1790092862.9254124
train/dvac_new/final_weight_max,136,2.460512399673462,1790093121.3582425
train/dvac_new/final_weight_max,137,2.5114710330963135,1790093381.9758627
train/dvac_new/final_weight_mean,1,1.0015298128128052,1790050397.4264572
train/dvac_new/final_weight_mean,2,0.9987339377403259,1790050661.3444383
train/dvac_new/final_weight_mean,3,0.9988491535186768,1790050923.1911888
train/dvac_new/final_weight_mean,4,1.0016294717788696,1790051184.0586855
train/dvac_new/final_weight_mean,5,0.9992604851722717,1790051717.8047562
train/dvac_new/final_weight_mean,6,0.9988718628883362,1790051977.7495282
train/dvac_new/final_weight_mean,7,1.001003623008728,1790052240.2996857
train/dvac_new/final_weight_mean,8,0.9999067783355713,1790052502.1967998
train/dvac_new/final_weight_mean,9,1.0009516477584839,1790052763.3222327
train/dvac_new/final_weight_mean,10,1.0016605854034424,1790053293.0939488
train/dvac_new/final_weight_mean,11,1.0007144212722778,1790053552.29307
train/dvac_new/final_weight_mean,12,1.0008502006530762,1790053812.6214643
train/dvac_new/final_weight_mean,13,0.9988546371459961,1790054073.6143436
train/dvac_new/final_weight_mean,14,1.0006275177001953,1790054335.6323113
train/dvac_new/final_weight_mean,15,1.001189112663269,1790054878.9062886
train/dvac_new/final_weight_mean,16,0.9997848868370056,1790055137.8477395
train/dvac_new/final_weight_mean,17,0.9977086186408997,1790055400.1597893
train/dvac_new/final_weight_mean,18,0.9977794289588928,1790055662.6723073
train/dvac_new/final_weight_mean,19,0.999783992767334,1790055926.1050034
train/dvac_new/final_weight_mean,20,0.9993201494216919,1790056466.5330307
train/dvac_new/final_weight_mean,21,0.9994505643844604,1790056728.02514
train/dvac_new/final_weight_mean,22,0.9993201494216919,1790056990.884574
train/dvac_new/final_weight_mean,23,1.0027756690979004,1790057254.8310933
train/dvac_new/final_weight_mean,24,1.000592827796936,1790057516.0861309
train/dvac_new/final_weight_mean,25,0.998916745185852,1790058061.4708908
train/dvac_new/final_weight_mean,26,0.9981462359428406,1790058321.695953
train/dvac_new/final_weight_mean,27,1.0016472339630127,1790058582.8958359
train/dvac_new/final_weight_mean,28,1.0011554956436157,1790058845.5580332
train/dvac_new/final_weight_mean,29,1.0010735988616943,1790059107.2468202
train/dvac_new/final_weight_mean,30,0.9980595111846924,1790059649.8717535
train/dvac_new/final_weight_mean,31,0.9998482465744019,1790059909.172433
train/dvac_new/final_weight_mean,32,0.9992218017578125,1790060169.9037545
train/dvac_new/final_weight_mean,33,0.9980878829956055,1790060432.3516
train/dvac_new/final_weight_mean,34,0.9993935227394104,1790060694.939474
train/dvac_new/final_weight_mean,35,0.9981318712234497,1790061231.1752915
train/dvac_new/final_weight_mean,36,0.9974802732467651,1790061491.3072608
train/dvac_new/final_weight_mean,37,1.0014480352401733,1790061753.1355586
train/dvac_new/final_weight_mean,38,0.9991225600242615,1790062014.8418431
train/dvac_new/final_weight_mean,39,0.99922776222229,1790062277.5235646
train/dvac_new/final_weight_mean,40,1.0010385513305664,1790062816.1903436
train/dvac_new/final_weight_mean,41,0.9990062713623047,1790063076.422069
train/dvac_new/final_weight_mean,42,0.9993746876716614,1790063338.298083
train/dvac_new/final_weight_mean,43,1.0005521774291992,1790063599.8774881
train/dvac_new/final_weight_mean,44,1.0019848346710205,1790063859.639588
train/dvac_new/final_weight_mean,45,0.9987936615943909,1790064396.799416
train/dvac_new/final_weight_mean,46,0.9984714984893799,1790064656.5843523
train/dvac_new/final_weight_mean,47,1.0002882480621338,1790064918.6270685
train/dvac_new/final_weight_mean,48,1.0021296739578247,1790065180.8856583
train/dvac_new/final_weight_mean,49,1.0000766515731812,1790065442.9630373
train/dvac_new/final_weight_mean,50,0.9976017475128174,1790066007.9066072
train/dvac_new/final_weight_mean,51,0.9998304843902588,1790066267.2567248
train/dvac_new/final_weight_mean,52,1.000043272972107,1790066528.6561787
train/dvac_new/final_weight_mean,53,0.9985663294792175,1790066788.5493803
train/dvac_new/final_weight_mean,54,1.0026408433914185,1790067049.5110903
train/dvac_new/final_weight_mean,55,0.9985293745994568,1790067586.9237528
train/dvac_new/final_weight_mean,56,0.9991798996925354,1790067846.415685
train/dvac_new/final_weight_mean,57,0.9993699789047241,1790068107.1511471
train/dvac_new/final_weight_mean,58,1.0005792379379272,1790068369.7206676
train/dvac_new/final_weight_mean,59,1.0000817775726318,1790068630.812059
train/dvac_new/final_weight_mean,60,0.9994429349899292,1790069169.7891743
train/dvac_new/final_weight_mean,61,0.9998965859413147,1790069427.9260125
train/dvac_new/final_weight_mean,62,1.0002509355545044,1790069690.4295406
train/dvac_new/final_weight_mean,63,0.998537003993988,1790069952.1330125
train/dvac_new/final_weight_mean,64,1.0006523132324219,1790070213.7691054
train/dvac_new/final_weight_mean,65,1.0008132457733154,1790070746.23638
train/dvac_new/final_weight_mean,66,1.0022077560424805,1790071007.8434913
train/dvac_new/final_weight_mean,67,1.0006192922592163,1790071270.2305386
train/dvac_new/final_weight_mean,68,0.9998400807380676,1790071532.2629933
train/dvac_new/final_weight_mean,69,1.0000680685043335,1790071793.8394294
train/dvac_new/final_weight_mean,70,0.9994520545005798,1790072332.0501132
train/dvac_new/final_weight_mean,71,1.0008187294006348,1790072591.385699
train/dvac_new/final_weight_mean,72,0.9989646077156067,1790072852.890649
train/dvac_new/final_weight_mean,73,0.9984361529350281,1790073115.2644782
train/dvac_new/final_weight_mean,74,1.0013271570205688,1790073376.6955283
train/dvac_new/final_weight_mean,75,1.0001933574676514,1790073911.3721898
train/dvac_new/final_weight_mean,76,0.9993208646774292,1790074170.4334626
train/dvac_new/final_weight_mean,77,1.000199556350708,1790074431.7013452
train/dvac_new/final_weight_mean,78,0.999595046043396,1790074695.0707006
train/dvac_new/final_weight_mean,79,1.0008914470672607,1790074956.4449365
train/dvac_new/final_weight_mean,80,0.999563455581665,1790075490.3614175
train/dvac_new/final_weight_mean,81,0.999329149723053,1790075748.8702629
train/dvac_new/final_weight_mean,82,1.0012879371643066,1790076009.1592195
train/dvac_new/final_weight_mean,83,1.0013480186462402,1790076270.848719
train/dvac_new/final_weight_mean,84,1.0006685256958008,1790076532.6550982
train/dvac_new/final_weight_mean,85,0.9988250136375427,1790077067.6558206
train/dvac_new/final_weight_mean,86,0.9992290735244751,1790077327.4165268
train/dvac_new/final_weight_mean,87,0.9982135891914368,1790077588.3383055
train/dvac_new/final_weight_mean,88,1.0018366575241089,1790077850.4120994
train/dvac_new/final_weight_mean,89,0.9989355802536011,1790078112.4877121
train/dvac_new/final_weight_mean,90,1.000427007675171,1790078647.4233346
train/dvac_new/final_weight_mean,91,0.9989463090896606,1790078907.558795
train/dvac_new/final_weight_mean,92,1.0002572536468506,1790079170.756286
train/dvac_new/final_weight_mean,93,1.0013266801834106,1790079433.1282675
train/dvac_new/final_weight_mean,94,1.0018421411514282,1790079695.749796
train/dvac_new/final_weight_mean,95,1.0013465881347656,1790080233.5768661
train/dvac_new/final_weight_mean,96,1.0018997192382812,1790080493.1439347
train/dvac_new/final_weight_mean,97,1.0011283159255981,1790080753.9793622
train/dvac_new/final_weight_mean,98,0.999289333820343,1790081015.0526025
train/dvac_new/final_weight_mean,99,0.9984227418899536,1790081276.7148926
train/dvac_new/final_weight_mean,100,1.0005908012390137,1790081837.2358189
train/dvac_new/final_weight_mean,101,0.9987372159957886,1790082096.5195503
train/dvac_new/final_weight_mean,102,1.00055730342865,1790082357.6732106
train/dvac_new/final_weight_mean,103,1.0003465414047241,1790082618.9608116
train/dvac_new/final_weight_mean,104,1.0001168251037598,1790082879.7638092
train/dvac_new/final_weight_mean,105,0.9978681206703186,1790083411.6617086
train/dvac_new/final_weight_mean,106,0.9995260834693909,1790083671.5510046
train/dvac_new/final_weight_mean,107,1.0005195140838623,1790083934.5921118
train/dvac_new/final_weight_mean,108,0.9989893436431885,1790084197.4659212
train/dvac_new/final_weight_mean,109,1.0000654458999634,1790084457.896561
train/dvac_new/final_weight_mean,110,1.0008714199066162,1790084994.1110477
train/dvac_new/final_weight_mean,111,1.0006722211837769,1790085254.3622267
train/dvac_new/final_weight_mean,112,0.9995495676994324,1790085516.5895627
train/dvac_new/final_weight_mean,113,0.9987049102783203,1790085777.7691715
train/dvac_new/final_weight_mean,114,1.0007364749908447,1790086038.6423023
train/dvac_new/final_weight_mean,115,1.0015513896942139,1790086566.6566658
train/dvac_new/final_weight_mean,116,0.9986571669578552,1790086825.1312883
train/dvac_new/final_weight_mean,117,1.000848650932312,1790087085.7771487
train/dvac_new/final_weight_mean,118,0.9997886419296265,1790087345.9354868
train/dvac_new/final_weight_mean,119,1.0007352828979492,1790087606.389661
train/dvac_new/final_weight_mean,120,1.0033044815063477,1790088139.8924851
train/dvac_new/final_weight_mean,121,1.0013234615325928,1790088400.9533062
train/dvac_new/final_weight_mean,122,1.0006051063537598,1790088661.5067153
train/dvac_new/final_weight_mean,123,0.9988031983375549,1790088921.1232462
train/dvac_new/final_weight_mean,124,1.0013405084609985,1790089182.2049274
train/dvac_new/final_weight_mean,125,1.0001351833343506,1790089710.896557
train/dvac_new/final_weight_mean,126,1.0011365413665771,1790089971.1510415
train/dvac_new/final_weight_mean,127,0.9999740123748779,1790090233.2207236
train/dvac_new/final_weight_mean,128,0.9994840025901794,1790090493.9177938
train/dvac_new/final_weight_mean,129,0.9998308420181274,1790090755.5921903
train/dvac_new/final_weight_mean,130,0.9992138743400574,1790091286.3197455
train/dvac_new/final_weight_mean,131,0.999888002872467,1790091544.6317003
train/dvac_new/final_weight_mean,132,1.0009663105010986,1790091805.920133
train/dvac_new/final_weight_mean,133,0.9976022839546204,1790092067.184335
train/dvac_new/final_weight_mean,134,1.0009948015213013,1790092330.8549473
train/dvac_new/final_weight_mean,135,1.0018396377563477,1790092862.925656
train/dvac_new/final_weight_mean,136,1.0000931024551392,1790093121.3582482
train/dvac_new/final_weight_mean,137,1.00080406665802,1790093381.9758725
train/dvac_new/final_weight_min,1,0.24524050951004028,1790050397.4264627
train/dvac_new/final_weight_min,2,0.3114190399646759,1790050661.3444448
train/dvac_new/final_weight_min,3,0.30374252796173096,1790050923.1911943
train/dvac_new/final_weight_min,4,0.3086865544319153,1790051184.058692
train/dvac_new/final_weight_min,5,0.24085046350955963,1790051717.8047638
train/dvac_new/final_weight_min,6,0.23551172018051147,1790051977.7495406
train/dvac_new/final_weight_min,7,0.2353781759738922,1790052240.2996924
train/dvac_new/final_weight_min,8,0.23223383724689484,1790052502.1968064
train/dvac_new/final_weight_min,9,0.2360791265964508,1790052763.3222394
train/dvac_new/final_weight_min,10,0.2431463599205017,1790053293.0939612
train/dvac_new/final_weight_min,11,0.19653967022895813,1790053552.293076
train/dvac_new/final_weight_min,12,0.20533524453639984,1790053812.6214705
train/dvac_new/final_weight_min,13,0.20906129479408264,1790054073.6143491
train/dvac_new/final_weight_min,14,0.21299120783805847,1790054335.6323178
train/dvac_new/final_weight_min,15,0.21618163585662842,1790054878.9062946
train/dvac_new/final_weight_min,16,0.21932432055473328,1790055137.8477466
train/dvac_new/final_weight_min,17,0.2200925499200821,1790055400.1597955
train/dvac_new/final_weight_min,18,0.21710775792598724,1790055662.672313
train/dvac_new/final_weight_min,19,0.21316927671432495,1790055926.1050093
train/dvac_new/final_weight_min,20,0.2202652543783188,1790056466.5330403
train/dvac_new/final_weight_min,21,0.2243240922689438,1790056728.0251477
train/dvac_new/final_weight_min,22,0.22034037113189697,1790056990.8845801
train/dvac_new/final_weight_min,23,0.2203550934791565,1790057254.8310988
train/dvac_new/final_weight_min,24,0.22432711720466614,1790057516.0861375
train/dvac_new/final_weight_min,25,0.22632205486297607,1790058061.4708958
train/dvac_new/final_weight_min,26,0.22470723092556,1790058321.6959605
train/dvac_new/final_weight_min,27,0.21002596616744995,1790058582.8958411
train/dvac_new/final_weight_min,28,0.21417734026908875,1790058845.5580404
train/dvac_new/final_weight_min,29,0.21530510485172272,1790059107.2468264
train/dvac_new/final_weight_min,30,0.21728259325027466,1790059649.8717604
train/dvac_new/final_weight_min,31,0.22223000228405,1790059909.172441
train/dvac_new/final_weight_min,32,0.23221442103385925,1790060169.9037597
train/dvac_new/final_weight_min,33,0.23463968932628632,1790060432.3516061
train/dvac_new/final_weight_min,34,0.2433788776397705,1790060694.9394798
train/dvac_new/final_weight_min,35,0.24505455791950226,1790061231.175298
train/dvac_new/final_weight_min,36,0.24443113803863525,1790061491.307269
train/dvac_new/final_weight_min,37,0.22092308104038239,1790061753.1355643
train/dvac_new/final_weight_min,38,0.22206604480743408,1790062014.8418489
train/dvac_new/final_weight_min,39,0.22252628207206726,1790062277.523571
train/dvac_new/final_weight_min,40,0.2229343205690384,1790062816.1903486
train/dvac_new/final_weight_min,41,0.22667498886585236,1790063076.4220755
train/dvac_new/final_weight_min,42,0.22830933332443237,1790063338.2980888
train/dvac_new/final_weight_min,43,0.2283637672662735,1790063599.8774955
train/dvac_new/final_weight_min,44,0.2313942164182663,1790063859.6395938
train/dvac_new/final_weight_min,45,0.2314029335975647,1790064396.7994256
train/dvac_new/final_weight_min,46,0.23201313614845276,1790064656.584358
train/dvac_new/final_weight_min,47,0.23331232368946075,1790064918.627074
train/dvac_new/final_weight_min,48,0.23294281959533691,1790065180.885663
train/dvac_new/final_weight_min,49,0.2343500852584839,1790065442.963043
train/dvac_new/final_weight_min,50,0.2344435602426529,1790066007.9066143
train/dvac_new/final_weight_min,51,0.2331949770450592,1790066267.256736
train/dvac_new/final_weight_min,52,0.23658689856529236,1790066528.6561856
train/dvac_new/final_weight_min,53,0.23805923759937286,1790066788.5493863
train/dvac_new/final_weight_min,54,0.24292370676994324,1790067049.5110967
train/dvac_new/final_weight_min,55,0.2406100183725357,1790067586.9237618
train/dvac_new/final_weight_min,56,0.2427567094564438,1790067846.4156914
train/dvac_new/final_weight_min,57,0.24096111953258514,1790068107.1511517
train/dvac_new/final_weight_min,58,0.24364417791366577,1790068369.7206738
train/dvac_new/final_weight_min,59,0.24618719518184662,1790068630.812065
train/dvac_new/final_weight_min,60,0.22376009821891785,1790069169.7891862
train/dvac_new/final_weight_min,61,0.21945975720882416,1790069427.9260209
train/dvac_new/final_weight_min,62,0.21149121224880219,1790069690.4295464
train/dvac_new/final_weight_min,63,0.20422855019569397,1790069952.133018
train/dvac_new/final_weight_min,64,0.20757900178432465,1790070213.7691107
train/dvac_new/final_weight_min,65,0.20538252592086792,1790070746.2363894
train/dvac_new/final_weight_min,66,0.2088029980659485,1790071007.8434982
train/dvac_new/final_weight_min,67,0.2097187489271164,1790071270.2305439
train/dvac_new/final_weight_min,68,0.2121112048625946,1790071532.2629998
train/dvac_new/final_weight_min,69,0.2251436412334442,1790071793.839436
train/dvac_new/final_weight_min,70,0.22318121790885925,1790072332.05012
train/dvac_new/final_weight_min,71,0.22557038068771362,1790072591.3857055
train/dvac_new/final_weight_min,72,0.23260028660297394,1790072852.8906546
train/dvac_new/final_weight_min,73,0.22855663299560547,1790073115.2644832
train/dvac_new/final_weight_min,74,0.23668234050273895,1790073376.6955338
train/dvac_new/final_weight_min,75,0.23032702505588531,1790073911.3722003
train/dvac_new/final_weight_min,76,0.23068517446517944,1790074170.4334683
train/dvac_new/final_weight_min,77,0.2375192940235138,1790074431.701351
train/dvac_new/final_weight_min,78,0.23754379153251648,1790074695.070708
train/dvac_new/final_weight_min,79,0.23615553975105286,1790074956.4449418
train/dvac_new/final_weight_min,80,0.24010124802589417,1790075490.3614397
train/dvac_new/final_weight_min,81,0.23888973891735077,1790075748.8702683
train/dvac_new/final_weight_min,82,0.24084286391735077,1790076009.159228
train/dvac_new/final_weight_min,83,0.24135082960128784,1790076270.8487248
train/dvac_new/final_weight_min,84,0.2456815242767334,1790076532.655104
train/dvac_new/final_weight_min,85,0.2476620227098465,1790077067.6558278
train/dvac_new/final_weight_min,86,0.2396816909313202,1790077327.4165332
train/dvac_new/final_weight_min,87,0.22750279307365417,1790077588.338311
train/dvac_new/final_weight_min,88,0.2217012196779251,1790077850.4121053
train/dvac_new/final_weight_min,89,0.21589046716690063,1790078112.4877179
train/dvac_new/final_weight_min,90,0.2210884690284729,1790078647.423341
train/dvac_new/final_weight_min,91,0.24110612273216248,1790078907.5588167
train/dvac_new/final_weight_min,92,0.22252704203128815,1790079170.7562926
train/dvac_new/final_weight_min,93,0.22969450056552887,1790079433.1282768
train/dvac_new/final_weight_min,94,0.23867778480052948,1790079695.7498033
train/dvac_new/final_weight_min,95,0.22013786435127258,1790080233.5768712
train/dvac_new/final_weight_min,96,0.2345028519630432,1790080493.1439412
train/dvac_new/final_weight_min,97,0.23474743962287903,1790080753.9793682
train/dvac_new/final_weight_min,98,0.24216283857822418,1790081015.052608
train/dvac_new/final_weight_min,99,0.23950645327568054,1790081276.7148976
train/dvac_new/final_weight_min,100,0.23575735092163086,1790081837.2358248
train/dvac_new/final_weight_min,101,0.23003415763378143,1790082096.5195682
train/dvac_new/final_weight_min,102,0.23935212194919586,1790082357.673216
train/dvac_new/final_weight_min,103,0.240339994430542,1790082618.9608214
train/dvac_new/final_weight_min,104,0.2451043576002121,1790082879.7638152
train/dvac_new/final_weight_min,105,0.23887105286121368,1790083411.6617184
train/dvac_new/final_weight_min,106,0.2442152202129364,1790083671.5510108
train/dvac_new/final_weight_min,107,0.2495100349187851,1790083934.592118
train/dvac_new/final_weight_min,108,0.24123094975948334,1790084197.4659276
train/dvac_new/final_weight_min,109,0.2449289709329605,1790084457.8965683
train/dvac_new/final_weight_min,110,0.24613438546657562,1790084994.1110563
train/dvac_new/final_weight_min,111,0.24242821335792542,1790085254.3622336
train/dvac_new/final_weight_min,112,0.2498256266117096,1790085516.5895681
train/dvac_new/final_weight_min,113,0.23955239355564117,1790085777.7691772
train/dvac_new/final_weight_min,114,0.2465464174747467,1790086038.6423078
train/dvac_new/final_weight_min,115,0.24212324619293213,1790086566.6566746
train/dvac_new/final_weight_min,116,0.2464396059513092,1790086825.1312943
train/dvac_new/final_weight_min,117,0.2429807335138321,1790087085.7771554
train/dvac_new/final_weight_min,118,0.24881452322006226,1790087345.9354925
train/dvac_new/final_weight_min,119,0.24341833591461182,1790087606.389667
train/dvac_new/final_weight_min,120,0.2474854588508606,1790088139.8924932
train/dvac_new/final_weight_min,121,0.24523349106311798,1790088400.953312
train/dvac_new/final_weight_min,122,0.24873673915863037,1790088661.5067215
train/dvac_new/final_weight_min,123,0.24897755682468414,1790088921.1232533
train/dvac_new/final_weight_min,124,0.24336974322795868,1790089182.2049344
train/dvac_new/final_weight_min,125,0.25047093629837036,1790089710.8965619
train/dvac_new/final_weight_min,126,0.24167536199092865,1790089971.1510475
train/dvac_new/final_weight_min,127,0.2482050359249115,1790090233.2207294
train/dvac_new/final_weight_min,128,0.24737009406089783,1790090493.9177985
train/dvac_new/final_weight_min,129,0.2492985874414444,1790090755.592196
train/dvac_new/final_weight_min,130,0.248368501663208,1790091286.3197525
train/dvac_new/final_weight_min,131,0.2500840127468109,1790091544.6317081
train/dvac_new/final_weight_min,132,0.25230714678764343,1790091805.920139
train/dvac_new/final_weight_min,133,0.2503136992454529,1790092067.1843398
train/dvac_new/final_weight_min,134,0.246082603931427,1790092330.8549569
train/dvac_new/final_weight_min,135,0.2519954442977905,1790092862.9256623
train/dvac_new/final_weight_min,136,0.2524673640727997,1790093121.3582542
train/dvac_new/final_weight_min,137,0.2506301701068878,1790093381.9758809
train/dvac_new/local_std,1,0.21456220746040344,1790050397.4264686
train/dvac_new/local_std,2,0.22532542049884796,1790050661.3444521
train/dvac_new/local_std,3,0.23257513344287872,1790050923.1912003
train/dvac_new/local_std,4,0.2314557284116745,1790051184.058699
train/dvac_new/local_std,5,0.230030357837677,1790051717.8047714
train/dvac_new/local_std,6,0.2324996292591095,1790051977.749552
train/dvac_new/local_std,7,0.23464252054691315,1790052240.2996984
train/dvac_new/local_std,8,0.23448996245861053,1790052502.196813
train/dvac_new/local_std,9,0.2346261739730835,1790052763.322246
train/dvac_new/local_std,10,0.23587766289710999,1790053293.093974
train/dvac_new/local_std,11,0.23474693298339844,1790053552.2930818
train/dvac_new/local_std,12,0.23354774713516235,1790053812.6214762
train/dvac_new/local_std,13,0.23431603610515594,1790054073.6143546
train/dvac_new/local_std,14,0.23393550515174866,1790054335.6323245
train/dvac_new/local_std,15,0.23353590071201324,1790054878.9063
train/dvac_new/local_std,16,0.23371799290180206,1790055137.8477535
train/dvac_new/local_std,17,0.23319514095783234,1790055400.1598012
train/dvac_new/local_std,18,0.2337275594472885,1790055662.6723194
train/dvac_new/local_std,19,0.23343399167060852,1790055926.1050155
train/dvac_new/local_std,20,0.23458844423294067,1790056466.5330503
train/dvac_new/local_std,21,0.23489925265312195,1790056728.0251555
train/dvac_new/local_std,22,0.23505015671253204,1790056990.8845856
train/dvac_new/local_std,23,0.23513571918010712,1790057254.8311043
train/dvac_new/local_std,24,0.23470157384872437,1790057516.0861442
train/dvac_new/local_std,25,0.23626981675624847,1790058061.4709005
train/dvac_new/local_std,26,0.2363041192293167,1790058321.6959674
train/dvac_new/local_std,27,0.23606383800506592,1790058582.8958468
train/dvac_new/local_std,28,0.23633429408073425,1790058845.5580478
train/dvac_new/local_std,29,0.23609578609466553,1790059107.2468328
train/dvac_new/local_std,30,0.23724600672721863,1790059649.8717675
train/dvac_new/local_std,31,0.23742948472499847,1790059909.1724498
train/dvac_new/local_std,32,0.23720824718475342,1790060169.9037652
train/dvac_new/local_std,33,0.23741178214550018,1790060432.3516123
train/dvac_new/local_std,34,0.23681579530239105,1790060694.939486
train/dvac_new/local_std,35,0.23729576170444489,1790061231.1753044
train/dvac_new/local_std,36,0.23685809969902039,1790061491.3072777
train/dvac_new/local_std,37,0.23626857995986938,1790061753.1355708
train/dvac_new/local_std,38,0.2367788851261139,1790062014.8418546
train/dvac_new/local_std,39,0.2364790290594101,1790062277.5235775
train/dvac_new/local_std,40,0.23719428479671478,1790062816.1903534
train/dvac_new/local_std,41,0.2369832545518875,1790063076.4220815
train/dvac_new/local_std,42,0.23721431195735931,1790063338.298094
train/dvac_new/local_std,43,0.23791489005088806,1790063599.8775036
train/dvac_new/local_std,44,0.23712864518165588,1790063859.6395998
train/dvac_new/local_std,45,0.23721979558467865,1790064396.799434
train/dvac_new/local_std,46,0.23677019774913788,1790064656.5843637
train/dvac_new/local_std,47,0.23710407316684723,1790064918.6270797
train/dvac_new/local_std,48,0.2367299497127533,1790065180.8856673
train/dvac_new/local_std,49,0.2366444170475006,1790065442.963049
train/dvac_new/local_std,50,0.23642313480377197,1790066007.9066215
train/dvac_new/local_std,51,0.23648403584957123,1790066267.2567482
train/dvac_new/local_std,52,0.23683080077171326,1790066528.6561923
train/dvac_new/local_std,53,0.23651941120624542,1790066788.5493925
train/dvac_new/local_std,54,0.23812945187091827,1790067049.5111027
train/dvac_new/local_std,55,0.23767443001270294,1790067586.9237704
train/dvac_new/local_std,56,0.2383478730916977,1790067846.415697
train/dvac_new/local_std,57,0.23797374963760376,1790068107.151156
train/dvac_new/local_std,58,0.2377108633518219,1790068369.7206793
train/dvac_new/local_std,59,0.23693162202835083,1790068630.8120706
train/dvac_new/local_std,60,0.23813803493976593,1790069169.7891984
train/dvac_new/local_std,61,0.2375234067440033,1790069427.9260297
train/dvac_new/local_std,62,0.23740600049495697,1790069690.4295528
train/dvac_new/local_std,63,0.2379767745733261,1790069952.1330242
train/dvac_new/local_std,64,0.23717793822288513,1790070213.7691166
train/dvac_new/local_std,65,0.2383635938167572,1790070746.2363968
train/dvac_new/local_std,66,0.23699690401554108,1790071007.8435051
train/dvac_new/local_std,67,0.2374371886253357,1790071270.23055
train/dvac_new/local_std,68,0.2375059723854065,1790071532.2630057
train/dvac_new/local_std,69,0.23798209428787231,1790071793.8394425
train/dvac_new/local_std,70,0.23848626017570496,1790072332.050127
train/dvac_new/local_std,71,0.23864763975143433,1790072591.3857117
train/dvac_new/local_std,72,0.23863495886325836,1790072852.8906603
train/dvac_new/local_std,73,0.2389550507068634,1790073115.264489
train/dvac_new/local_std,74,0.23751279711723328,1790073376.69554
train/dvac_new/local_std,75,0.2376197874546051,1790073911.372208
train/dvac_new/local_std,76,0.23837228119373322,1790074170.4334745
train/dvac_new/local_std,77,0.23989582061767578,1790074431.7013566
train/dvac_new/local_std,78,0.23872539401054382,1790074695.0707145
train/dvac_new/local_std,79,0.23850184679031372,1790074956.4449475
train/dvac_new/local_std,80,0.23969478905200958,1790075490.3614593
train/dvac_new/local_std,81,0.23896563053131104,1790075748.8702738
train/dvac_new/local_std,82,0.23904702067375183,1790076009.159237
train/dvac_new/local_std,83,0.23882438242435455,1790076270.8487308
train/dvac_new/local_std,84,0.2387591451406479,1790076532.6551094
train/dvac_new/local_std,85,0.23848217725753784,1790077067.655835
train/dvac_new/local_std,86,0.238917276263237,1790077327.4165394
train/dvac_new/local_std,87,0.2387845665216446,1790077588.338317
train/dvac_new/local_std,88,0.23888081312179565,1790077850.4121113
train/dvac_new/local_std,89,0.2386205494403839,1790078112.4877236
train/dvac_new/local_std,90,0.23844149708747864,1790078647.423347
train/dvac_new/local_std,91,0.23924709856510162,1790078907.5588384
train/dvac_new/local_std,92,0.2384677678346634,1790079170.7562993
train/dvac_new/local_std,93,0.2392643690109253,1790079433.1282861
train/dvac_new/local_std,94,0.23882776498794556,1790079695.7498105
train/dvac_new/local_std,95,0.2396320253610611,1790080233.5768754
train/dvac_new/local_std,96,0.23915421962738037,1790080493.1439476
train/dvac_new/local_std,97,0.23860754072666168,1790080753.979374
train/dvac_new/local_std,98,0.23832526803016663,1790081015.0526137
train/dvac_new/local_std,99,0.23786720633506775,1790081276.7149034
train/dvac_new/local_std,100,0.2393120676279068,1790081837.2358315
train/dvac_new/local_std,101,0.23871999979019165,1790082096.5195868
train/dvac_new/local_std,102,0.23849350214004517,1790082357.6732213
train/dvac_new/local_std,103,0.2384517937898636,1790082618.9608314
train/dvac_new/local_std,104,0.23835597932338715,1790082879.763821
train/dvac_new/local_std,105,0.23800797760486603,1790083411.6617274
train/dvac_new/local_std,106,0.23814518749713898,1790083671.5510168
train/dvac_new/local_std,107,0.23802083730697632,1790083934.5921237
train/dvac_new/local_std,108,0.23849017918109894,1790084197.4659343
train/dvac_new/local_std,109,0.2375916838645935,1790084457.8965762
train/dvac_new/local_std,110,0.23749513924121857,1790084994.1110647
train/dvac_new/local_std,111,0.23783890902996063,1790085254.3622408
train/dvac_new/local_std,112,0.23767781257629395,1790085516.5895739
train/dvac_new/local_std,113,0.23852138221263885,1790085777.7691827
train/dvac_new/local_std,114,0.23798425495624542,1790086038.642314
train/dvac_new/local_std,115,0.23812943696975708,1790086566.656682
train/dvac_new/local_std,116,0.23706947267055511,1790086825.1313004
train/dvac_new/local_std,117,0.23741601407527924,1790087085.7771645
train/dvac_new/local_std,118,0.2368546426296234,1790087345.9354985
train/dvac_new/local_std,119,0.2375040352344513,1790087606.3896728
train/dvac_new/local_std,120,0.23798367381095886,1790088139.8925016
train/dvac_new/local_std,121,0.23782779276371002,1790088400.9533179
train/dvac_new/local_std,122,0.23613692820072174,1790088661.5067277
train/dvac_new/local_std,123,0.2373552769422531,1790088921.1232607
train/dvac_new/local_std,124,0.23688063025474548,1790089182.204941
train/dvac_new/local_std,125,0.23760730028152466,1790089710.8965666
train/dvac_new/local_std,126,0.23726481199264526,1790089971.1510546
train/dvac_new/local_std,127,0.2369142472743988,1790090233.2207358
train/dvac_new/local_std,128,0.23699286580085754,1790090493.917803
train/dvac_new/local_std,129,0.23723562061786652,1790090755.592202
train/dvac_new/local_std,130,0.23694564402103424,1790091286.319759
train/dvac_new/local_std,131,0.23701834678649902,1790091544.6317165
train/dvac_new/local_std,132,0.23725219070911407,1790091805.9201448
train/dvac_new/local_std,133,0.236029252409935,1790092067.1843443
train/dvac_new/local_std,134,0.23675665259361267,1790092330.8549662
train/dvac_new/local_std,135,0.23653359711170197,1790092862.9256682
train/dvac_new/local_std,136,0.23661606013774872,1790093121.35826
train/dvac_new/local_std,137,0.2367788851261139,1790093381.97589
train/dvac_new/runner_round,1,1.0,1790050397.4268224
train/dvac_new/runner_round,2,2.0,1790050661.3447502
train/dvac_new/runner_round,3,3.0,1790050923.191693
train/dvac_new/runner_round,4,4.0,1790051184.0589437
train/dvac_new/runner_round,5,5.0,1790051717.8047786
train/dvac_new/runner_round,6,6.0,1790051977.7497675
train/dvac_new/runner_round,7,7.0,1790052240.3003492
train/dvac_new/runner_round,8,8.0,1790052502.1970284
train/dvac_new/runner_round,9,9.0,1790052763.3225062
train/dvac_new/runner_round,10,10.0,1790053293.0939875
train/dvac_new/runner_round,11,11.0,1790053552.2933304
train/dvac_new/runner_round,12,12.0,1790053812.6216753
train/dvac_new/runner_round,13,13.0,1790054073.61465
train/dvac_new/runner_round,14,14.0,1790054335.6328223
train/dvac_new/runner_round,15,15.0,1790054878.9063063
train/dvac_new/runner_round,16,16.0,1790055137.8481374
train/dvac_new/runner_round,17,17.0,1790055400.16015
train/dvac_new/runner_round,18,18.0,1790055662.6726959
train/dvac_new/runner_round,19,19.0,1790055926.1052475
train/dvac_new/runner_round,20,20.0,1790056466.5330596
train/dvac_new/runner_round,21,21.0,1790056728.0253663
train/dvac_new/runner_round,22,22.0,1790056990.884968
train/dvac_new/runner_round,23,23.0,1790057254.8317032
train/dvac_new/runner_round,24,24.0,1790057516.0866365
train/dvac_new/runner_round,25,25.0,1790058061.470905
train/dvac_new/runner_round,26,26.0,1790058321.6962094
train/dvac_new/runner_round,27,27.0,1790058582.8963885
train/dvac_new/runner_round,28,28.0,1790058845.5582113
train/dvac_new/runner_round,29,29.0,1790059107.247157
train/dvac_new/runner_round,30,30.0,1790059649.8717742
train/dvac_new/runner_round,31,31.0,1790059909.1726108
train/dvac_new/runner_round,32,32.0,1790060169.9040654
train/dvac_new/runner_round,33,33.0,1790060432.3519473
train/dvac_new/runner_round,34,34.0,1790060694.9396827
train/dvac_new/runner_round,35,35.0,1790061231.1753101
train/dvac_new/runner_round,36,36.0,1790061491.3075387
train/dvac_new/runner_round,37,37.0,1790061753.1358185
train/dvac_new/runner_round,38,38.0,1790062014.8420472
train/dvac_new/runner_round,39,39.0,1790062277.5240657
train/dvac_new/runner_round,40,40.0,1790062816.1903582
train/dvac_new/runner_round,41,41.0,1790063076.4225981
train/dvac_new/runner_round,42,42.0,1790063338.2986248
train/dvac_new/runner_round,43,43.0,1790063599.8779097
train/dvac_new/runner_round,44,44.0,1790063859.6397793
train/dvac_new/runner_round,45,45.0,1790064396.7994418
train/dvac_new/runner_round,46,46.0,1790064656.5848377
train/dvac_new/runner_round,47,47.0,1790064918.627533
train/dvac_new/runner_round,48,48.0,1790065180.886115
train/dvac_new/runner_round,49,49.0,1790065442.9635944
train/dvac_new/runner_round,50,50.0,1790066007.9066284
train/dvac_new/runner_round,51,51.0,1790066267.256916
train/dvac_new/runner_round,52,52.0,1790066528.6563964
train/dvac_new/runner_round,53,53.0,1790066788.5495765
train/dvac_new/runner_round,54,54.0,1790067049.5116463
train/dvac_new/runner_round,55,55.0,1790067586.923778
train/dvac_new/runner_round,56,56.0,1790067846.4162006
train/dvac_new/runner_round,57,57.0,1790068107.1514485
train/dvac_new/runner_round,58,58.0,1790068369.7208846
train/dvac_new/runner_round,59,59.0,1790068630.8122962
train/dvac_new/runner_round,60,60.0,1790069169.7892098
train/dvac_new/runner_round,61,61.0,1790069427.9262025
train/dvac_new/runner_round,62,62.0,1790069690.4297323
train/dvac_new/runner_round,63,63.0,1790069952.133373
train/dvac_new/runner_round,64,64.0,1790070213.7693408
train/dvac_new/runner_round,65,65.0,1790070746.2364037
train/dvac_new/runner_round,66,66.0,1790071007.843783
train/dvac_new/runner_round,67,67.0,1790071270.2307184
train/dvac_new/runner_round,68,68.0,1790071532.2634442
train/dvac_new/runner_round,69,69.0,1790071793.8396626
train/dvac_new/runner_round,70,70.0,1790072332.0501337
train/dvac_new/runner_round,71,71.0,1790072591.3862088
train/dvac_new/runner_round,72,72.0,1790072852.8911428
train/dvac_new/runner_round,73,73.0,1790073115.2646866
train/dvac_new/runner_round,74,74.0,1790073376.6960316
train/dvac_new/runner_round,75,75.0,1790073911.3722153
train/dvac_new/runner_round,76,76.0,1790074170.43368
train/dvac_new/runner_round,77,77.0,1790074431.7015772
train/dvac_new/runner_round,78,78.0,1790074695.0712225
train/dvac_new/runner_round,79,79.0,1790074956.4451494
train/dvac_new/runner_round,80,80.0,1790075490.3614795
train/dvac_new/runner_round,81,81.0,1790075748.870532
train/dvac_new/runner_round,82,82.0,1790076009.1594374
train/dvac_new/runner_round,83,83.0,1790076270.8489313
train/dvac_new/runner_round,84,84.0,1790076532.655316
train/dvac_new/runner_round,85,85.0,1790077067.6558418
train/dvac_new/runner_round,86,86.0,1790077327.4170663
train/dvac_new/runner_round,87,87.0,1790077588.338831
train/dvac_new/runner_round,88,88.0,1790077850.412632
train/dvac_new/runner_round,89,89.0,1790078112.4881668
train/dvac_new/runner_round,90,90.0,1790078647.4233532
train/dvac_new/runner_round,91,91.0,1790078907.5591037
train/dvac_new/runner_round,92,92.0,1790079170.7564256
train/dvac_new/runner_round,93,93.0,1790079433.1285012
train/dvac_new/runner_round,94,94.0,1790079695.7500994
train/dvac_new/runner_round,95,95.0,1790080233.5768802
train/dvac_new/runner_round,96,96.0,1790080493.1441944
train/dvac_new/runner_round,97,97.0,1790080753.9795482
train/dvac_new/runner_round,98,98.0,1790081015.0530658
train/dvac_new/runner_round,99,99.0,1790081276.7154071
train/dvac_new/runner_round,100,100.0,1790081837.2358382
train/dvac_new/runner_round,101,101.0,1790082096.52017
train/dvac_new/runner_round,102,102.0,1790082357.6737108
train/dvac_new/runner_round,103,103.0,1790082618.9609933
train/dvac_new/runner_round,104,104.0,1790082879.764194
train/dvac_new/runner_round,105,105.0,1790083411.6617365
train/dvac_new/runner_round,106,106.0,1790083671.5515437
train/dvac_new/runner_round,107,107.0,1790083934.5926144
train/dvac_new/runner_round,108,108.0,1790084197.4661405
train/dvac_new/runner_round,109,109.0,1790084457.8967822
train/dvac_new/runner_round,110,110.0,1790084994.111073
train/dvac_new/runner_round,111,111.0,1790085254.3626063
train/dvac_new/runner_round,112,112.0,1790085516.5898175
train/dvac_new/runner_round,113,113.0,1790085777.769383
train/dvac_new/runner_round,114,114.0,1790086038.6427028
train/dvac_new/runner_round,115,115.0,1790086566.6566896
train/dvac_new/runner_round,116,116.0,1790086825.1317868
train/dvac_new/runner_round,117,117.0,1790087085.7773414
train/dvac_new/runner_round,118,118.0,1790087345.9357362
train/dvac_new/runner_round,119,119.0,1790087606.3901181
train/dvac_new/runner_round,120,120.0,1790088139.8925092
train/dvac_new/runner_round,121,121.0,1790088400.9534783
train/dvac_new/runner_round,122,122.0,1790088661.5070078
train/dvac_new/runner_round,123,123.0,1790088921.1234694
train/dvac_new/runner_round,124,124.0,1790089182.2050729
train/dvac_new/runner_round,125,125.0,1790089710.8965712
train/dvac_new/runner_round,126,126.0,1790089971.1512704
train/dvac_new/runner_round,127,127.0,1790090233.2209299
train/dvac_new/runner_round,128,128.0,1790090493.9180977
train/dvac_new/runner_round,129,129.0,1790090755.5927386
train/dvac_new/runner_round,130,130.0,1790091286.3197644
train/dvac_new/runner_round,131,131.0,1790091544.6322317
train/dvac_new/runner_round,132,132.0,1790091805.9203408
train/dvac_new/runner_round,133,133.0,1790092067.184845
train/dvac_new/runner_round,134,134.0,1790092330.855476
train/dvac_new/runner_round,135,135.0,1790092862.9256759
train/dvac_new/runner_round,136,136.0,1790093121.35856
train/dvac_new/runner_round,137,137.0,1790093381.9760578
train/dvac_new/total_query_count,1,1024.0,1790050397.426829
train/dvac_new/total_query_count,2,1024.0,1790050661.3447576
train/dvac_new/total_query_count,3,1024.0,1790050923.1916997
train/dvac_new/total_query_count,4,1024.0,1790051184.058952
train/dvac_new/total_query_count,5,1024.0,1790051717.8047853
train/dvac_new/total_query_count,6,1024.0,1790051977.7497802
train/dvac_new/total_query_count,7,1024.0,1790052240.3003976
train/dvac_new/total_query_count,8,1024.0,1790052502.1970363
train/dvac_new/total_query_count,9,1024.0,1790052763.3225148
train/dvac_new/total_query_count,10,1024.0,1790053293.0939999
train/dvac_new/total_query_count,11,1024.0,1790053552.293337
train/dvac_new/total_query_count,12,1024.0,1790053812.6216817
train/dvac_new/total_query_count,13,1024.0,1790054073.6146564
train/dvac_new/total_query_count,14,1024.0,1790054335.6328309
train/dvac_new/total_query_count,15,1024.0,1790054878.9063122
train/dvac_new/total_query_count,16,1024.0,1790055137.8481445
train/dvac_new/total_query_count,17,1024.0,1790055400.1601553
train/dvac_new/total_query_count,18,1024.0,1790055662.672703
train/dvac_new/total_query_count,19,1024.0,1790055926.105254
train/dvac_new/total_query_count,20,1024.0,1790056466.5330696
train/dvac_new/total_query_count,21,1024.0,1790056728.0253723
train/dvac_new/total_query_count,22,1024.0,1790056990.8849742
train/dvac_new/total_query_count,23,1024.0,1790057254.8317099
train/dvac_new/total_query_count,24,1024.0,1790057516.086644
train/dvac_new/total_query_count,25,1024.0,1790058061.4709094
train/dvac_new/total_query_count,26,1024.0,1790058321.6962166
train/dvac_new/total_query_count,27,1024.0,1790058582.8963952
train/dvac_new/total_query_count,28,1024.0,1790058845.5582197
train/dvac_new/total_query_count,29,1024.0,1790059107.247163
train/dvac_new/total_query_count,30,1024.0,1790059649.8717809
train/dvac_new/total_query_count,31,1024.0,1790059909.1726193
train/dvac_new/total_query_count,32,1024.0,1790060169.904072
train/dvac_new/total_query_count,33,1024.0,1790060432.3519545
train/dvac_new/total_query_count,34,1024.0,1790060694.939689
train/dvac_new/total_query_count,35,1024.0,1790061231.1753156
train/dvac_new/total_query_count,36,1024.0,1790061491.3075445
train/dvac_new/total_query_count,37,1024.0,1790061753.1358254
train/dvac_new/total_query_count,38,1024.0,1790062014.8420532
train/dvac_new/total_query_count,39,1024.0,1790062277.5240722
train/dvac_new/total_query_count,40,1024.0,1790062816.1903627
train/dvac_new/total_query_count,41,1024.0,1790063076.422605
train/dvac_new/total_query_count,42,1024.0,1790063338.2986314
train/dvac_new/total_query_count,43,1024.0,1790063599.8779178
train/dvac_new/total_query_count,44,1024.0,1790063859.6397855
train/dvac_new/total_query_count,45,1024.0,1790064396.7994502
train/dvac_new/total_query_count,46,1024.0,1790064656.584844
train/dvac_new/total_query_count,47,1024.0,1790064918.6275392
train/dvac_new/total_query_count,48,1024.0,1790065180.8861208
train/dvac_new/total_query_count,49,1024.0,1790065442.9636009
train/dvac_new/total_query_count,50,1024.0,1790066007.906635
train/dvac_new/total_query_count,51,1024.0,1790066267.2569284
train/dvac_new/total_query_count,52,1024.0,1790066528.6564035
train/dvac_new/total_query_count,53,1024.0,1790066788.549583
train/dvac_new/total_query_count,54,1024.0,1790067049.511653
train/dvac_new/total_query_count,55,1024.0,1790067586.9237864
train/dvac_new/total_query_count,56,1024.0,1790067846.4162073
train/dvac_new/total_query_count,57,1024.0,1790068107.1514535
train/dvac_new/total_query_count,58,1024.0,1790068369.7208905
train/dvac_new/total_query_count,59,1024.0,1790068630.8123026
train/dvac_new/total_query_count,60,1024.0,1790069169.789221
train/dvac_new/total_query_count,61,1024.0,1790069427.926209
train/dvac_new/total_query_count,62,1024.0,1790069690.4297395
train/dvac_new/total_query_count,63,1024.0,1790069952.1333792
train/dvac_new/total_query_count,64,1024.0,1790070213.7693467
train/dvac_new/total_query_count,65,1024.0,1790070746.2364106
train/dvac_new/total_query_count,66,1024.0,1790071007.8437898
train/dvac_new/total_query_count,67,1024.0,1790071270.2307243
train/dvac_new/total_query_count,68,1024.0,1790071532.2634506
train/dvac_new/total_query_count,69,1024.0,1790071793.8396676
train/dvac_new/total_query_count,70,1024.0,1790072332.0501401
train/dvac_new/total_query_count,71,1024.0,1790072591.3862154
train/dvac_new/total_query_count,72,1024.0,1790072852.8911495
train/dvac_new/total_query_count,73,1024.0,1790073115.2646925
train/dvac_new/total_query_count,74,1024.0,1790073376.6960385
train/dvac_new/total_query_count,75,1024.0,1790073911.3722227
train/dvac_new/total_query_count,76,1024.0,1790074170.4336865
train/dvac_new/total_query_count,77,1024.0,1790074431.701584
train/dvac_new/total_query_count,78,1024.0,1790074695.0712295
train/dvac_new/total_query_count,79,1024.0,1790074956.4451556
train/dvac_new/total_query_count,80,1024.0,1790075490.3615003
train/dvac_new/total_query_count,81,1024.0,1790075748.870538
train/dvac_new/total_query_count,82,1024.0,1790076009.1594462
train/dvac_new/total_query_count,83,1024.0,1790076270.8489377
train/dvac_new/total_query_count,84,1024.0,1790076532.6553223
train/dvac_new/total_query_count,85,1024.0,1790077067.6558485
train/dvac_new/total_query_count,86,1024.0,1790077327.4170732
train/dvac_new/total_query_count,87,1024.0,1790077588.3388379
train/dvac_new/total_query_count,88,1024.0,1790077850.4126391
train/dvac_new/total_query_count,89,1024.0,1790078112.4881732
train/dvac_new/total_query_count,90,1024.0,1790078647.423359
train/dvac_new/total_query_count,91,1024.0,1790078907.5591252
train/dvac_new/total_query_count,92,1024.0,1790079170.7564325
train/dvac_new/total_query_count,93,1024.0,1790079433.1285112
train/dvac_new/total_query_count,94,1024.0,1790079695.750108
train/dvac_new/total_query_count,95,1024.0,1790080233.5768845
train/dvac_new/total_query_count,96,1024.0,1790080493.144201
train/dvac_new/total_query_count,97,1024.0,1790080753.9795551
train/dvac_new/total_query_count,98,1024.0,1790081015.0530725
train/dvac_new/total_query_count,99,1024.0,1790081276.715414
train/dvac_new/total_query_count,100,1024.0,1790081837.2358441
train/dvac_new/total_query_count,101,1024.0,1790082096.5201876
train/dvac_new/total_query_count,102,1024.0,1790082357.6737175
train/dvac_new/total_query_count,103,1024.0,1790082618.9610074
train/dvac_new/total_query_count,104,1024.0,1790082879.7642004
train/dvac_new/total_query_count,105,1024.0,1790083411.6617472
train/dvac_new/total_query_count,106,1024.0,1790083671.5515506
train/dvac_new/total_query_count,107,1024.0,1790083934.5926208
train/dvac_new/total_query_count,108,1024.0,1790084197.4661481
train/dvac_new/total_query_count,109,1024.0,1790084457.896788
train/dvac_new/total_query_count,110,1024.0,1790084994.1110806
train/dvac_new/total_query_count,111,1024.0,1790085254.3626132
train/dvac_new/total_query_count,112,1024.0,1790085516.5898242
train/dvac_new/total_query_count,113,1024.0,1790085777.7693899
train/dvac_new/total_query_count,114,1024.0,1790086038.6427093
train/dvac_new/total_query_count,115,1024.0,1790086566.6566973
train/dvac_new/total_query_count,116,1024.0,1790086825.1317935
train/dvac_new/total_query_count,117,1024.0,1790087085.7773476
train/dvac_new/total_query_count,118,1024.0,1790087345.9357426
train/dvac_new/total_query_count,119,1024.0,1790087606.3901246
train/dvac_new/total_query_count,120,1024.0,1790088139.8925166
train/dvac_new/total_query_count,121,1024.0,1790088400.953485
train/dvac_new/total_query_count,122,1024.0,1790088661.507014
train/dvac_new/total_query_count,123,1024.0,1790088921.1234767
train/dvac_new/total_query_count,124,1024.0,1790089182.20508
train/dvac_new/total_query_count,125,1024.0,1790089710.8965757
train/dvac_new/total_query_count,126,1024.0,1790089971.1512787
train/dvac_new/total_query_count,127,1024.0,1790090233.2209363
train/dvac_new/total_query_count,128,1024.0,1790090493.9181027
train/dvac_new/total_query_count,129,1024.0,1790090755.592745
train/dvac_new/total_query_count,130,1024.0,1790091286.3197708
train/dvac_new/total_query_count,131,1024.0,1790091544.6322525
train/dvac_new/total_query_count,132,1024.0,1790091805.9203472
train/dvac_new/total_query_count,133,1024.0,1790092067.1848505
train/dvac_new/total_query_count,134,1024.0,1790092330.855488
train/dvac_new/total_query_count,135,1024.0,1790092862.9256816
train/dvac_new/total_query_count,136,1024.0,1790093121.3585668
train/dvac_new/total_query_count,137,1024.0,1790093381.976064
train/dvac_new/valid_action_count,1,51200.0,1790050397.4268353
train/dvac_new/valid_action_count,2,51200.0,1790050661.3447642
train/dvac_new/valid_action_count,3,51200.0,1790050923.1917064
train/dvac_new/valid_action_count,4,51200.0,1790051184.058959
train/dvac_new/valid_action_count,5,51200.0,1790051717.8047924
train/dvac_new/valid_action_count,6,51200.0,1790051977.7497914
train/dvac_new/valid_action_count,7,51200.0,1790052240.3004243
train/dvac_new/valid_action_count,8,51200.0,1790052502.197043
train/dvac_new/valid_action_count,9,51200.0,1790052763.3225214
train/dvac_new/valid_action_count,10,51200.0,1790053293.0940123
train/dvac_new/valid_action_count,11,51200.0,1790053552.2933438
train/dvac_new/valid_action_count,12,51200.0,1790053812.6216881
train/dvac_new/valid_action_count,13,51200.0,1790054073.6146622
train/dvac_new/valid_action_count,14,51200.0,1790054335.6328375
train/dvac_new/valid_action_count,15,51200.0,1790054878.9063182
train/dvac_new/valid_action_count,16,51200.0,1790055137.8481512
train/dvac_new/valid_action_count,17,51200.0,1790055400.1601603
train/dvac_new/valid_action_count,18,51200.0,1790055662.67271
train/dvac_new/valid_action_count,19,51200.0,1790055926.1052597
train/dvac_new/valid_action_count,20,51200.0,1790056466.5330796
train/dvac_new/valid_action_count,21,51200.0,1790056728.0253782
train/dvac_new/valid_action_count,22,51200.0,1790056990.88498
train/dvac_new/valid_action_count,23,51200.0,1790057254.831716
train/dvac_new/valid_action_count,24,51200.0,1790057516.0866506
train/dvac_new/valid_action_count,25,51200.0,1790058061.4709141
train/dvac_new/valid_action_count,26,51200.0,1790058321.6962233
train/dvac_new/valid_action_count,27,51200.0,1790058582.8964014
train/dvac_new/valid_action_count,28,51200.0,1790058845.5582275
train/dvac_new/valid_action_count,29,51200.0,1790059107.2471695
train/dvac_new/valid_action_count,30,51200.0,1790059649.8717875
train/dvac_new/valid_action_count,31,51200.0,1790059909.1726274
train/dvac_new/valid_action_count,32,51200.0,1790060169.9040778
train/dvac_new/valid_action_count,33,51200.0,1790060432.3519611
train/dvac_new/valid_action_count,34,51200.0,1790060694.9396951
train/dvac_new/valid_action_count,35,51200.0,1790061231.1753213
train/dvac_new/valid_action_count,36,51200.0,1790061491.307551
train/dvac_new/valid_action_count,37,51200.0,1790061753.1358335
train/dvac_new/valid_action_count,38,51200.0,1790062014.842059
train/dvac_new/valid_action_count,39,51200.0,1790062277.5240781
train/dvac_new/valid_action_count,40,51200.0,1790062816.190367
train/dvac_new/valid_action_count,41,51200.0,1790063076.4226115
train/dvac_new/valid_action_count,42,51200.0,1790063338.2986372
train/dvac_new/valid_action_count,43,51200.0,1790063599.8779252
train/dvac_new/valid_action_count,44,51200.0,1790063859.6397913
train/dvac_new/valid_action_count,45,51200.0,1790064396.7994587
train/dvac_new/valid_action_count,46,51200.0,1790064656.5848498
train/dvac_new/valid_action_count,47,51200.0,1790064918.627546
train/dvac_new/valid_action_count,48,51200.0,1790065180.8861284
train/dvac_new/valid_action_count,49,51200.0,1790065442.963607
train/dvac_new/valid_action_count,50,51200.0,1790066007.906642
train/dvac_new/valid_action_count,51,51200.0,1790066267.25694
train/dvac_new/valid_action_count,52,51200.0,1790066528.6564105
train/dvac_new/valid_action_count,53,51200.0,1790066788.5495892
train/dvac_new/valid_action_count,54,51200.0,1790067049.5116587
train/dvac_new/valid_action_count,55,51200.0,1790067586.9237952
train/dvac_new/valid_action_count,56,51200.0,1790067846.4162138
train/dvac_new/valid_action_count,57,51200.0,1790068107.151458
train/dvac_new/valid_action_count,58,51200.0,1790068369.7208967
train/dvac_new/valid_action_count,59,51200.0,1790068630.8123088
train/dvac_new/valid_action_count,60,51200.0,1790069169.7892325
train/dvac_new/valid_action_count,61,51200.0,1790069427.9262152
train/dvac_new/valid_action_count,62,51200.0,1790069690.4297462
train/dvac_new/valid_action_count,63,51200.0,1790069952.1333857
train/dvac_new/valid_action_count,64,51200.0,1790070213.7693532
train/dvac_new/valid_action_count,65,51200.0,1790070746.2364178
train/dvac_new/valid_action_count,66,51200.0,1790071007.8437963
train/dvac_new/valid_action_count,67,51200.0,1790071270.230731
train/dvac_new/valid_action_count,68,51200.0,1790071532.263457
train/dvac_new/valid_action_count,69,51200.0,1790071793.8396723
train/dvac_new/valid_action_count,70,51200.0,1790072332.0501466
train/dvac_new/valid_action_count,71,51200.0,1790072591.3862216
train/dvac_new/valid_action_count,72,51200.0,1790072852.8911562
train/dvac_new/valid_action_count,73,51200.0,1790073115.2646978
train/dvac_new/valid_action_count,74,51200.0,1790073376.6960447
train/dvac_new/valid_action_count,75,51200.0,1790073911.3722298
train/dvac_new/valid_action_count,76,51200.0,1790074170.4336922
train/dvac_new/valid_action_count,77,51200.0,1790074431.7015898
train/dvac_new/valid_action_count,78,51200.0,1790074695.0712373
train/dvac_new/valid_action_count,79,51200.0,1790074956.4451616
train/dvac_new/valid_action_count,80,51200.0,1790075490.36152
train/dvac_new/valid_action_count,81,51200.0,1790075748.8705442
train/dvac_new/valid_action_count,82,51200.0,1790076009.1594555
train/dvac_new/valid_action_count,83,51200.0,1790076270.8489437
train/dvac_new/valid_action_count,84,51200.0,1790076532.655328
train/dvac_new/valid_action_count,85,51200.0,1790077067.6558554
train/dvac_new/valid_action_count,86,51200.0,1790077327.4170792
train/dvac_new/valid_action_count,87,51200.0,1790077588.3388436
train/dvac_new/valid_action_count,88,51200.0,1790077850.4126453
train/dvac_new/valid_action_count,89,51200.0,1790078112.4881794
train/dvac_new/valid_action_count,90,51200.0,1790078647.423365
train/dvac_new/valid_action_count,91,51200.0,1790078907.559148
train/dvac_new/valid_action_count,92,51200.0,1790079170.7564394
train/dvac_new/valid_action_count,93,51200.0,1790079433.1285207
train/dvac_new/valid_action_count,94,51200.0,1790079695.7501159
train/dvac_new/valid_action_count,95,51200.0,1790080233.576889
train/dvac_new/valid_action_count,96,51200.0,1790080493.1442077
train/dvac_new/valid_action_count,97,51200.0,1790080753.9795606
train/dvac_new/valid_action_count,98,51200.0,1790081015.0530784
train/dvac_new/valid_action_count,99,51200.0,1790081276.7154202
train/dvac_new/valid_action_count,100,51200.0,1790081837.2358508
train/dvac_new/valid_action_count,101,51200.0,1790082096.5202065
train/dvac_new/valid_action_count,102,51200.0,1790082357.6737235
train/dvac_new/valid_action_count,103,51200.0,1790082618.961018
train/dvac_new/valid_action_count,104,51200.0,1790082879.7642062
train/dvac_new/valid_action_count,105,51200.0,1790083411.6617565
train/dvac_new/valid_action_count,106,51200.0,1790083671.5515568
train/dvac_new/valid_action_count,107,51200.0,1790083934.5926273
train/dvac_new/valid_action_count,108,51200.0,1790084197.4661548
train/dvac_new/valid_action_count,109,51200.0,1790084457.8967938
train/dvac_new/valid_action_count,110,51200.0,1790084994.1110888
train/dvac_new/valid_action_count,111,51200.0,1790085254.3626199
train/dvac_new/valid_action_count,112,51200.0,1790085516.5898309
train/dvac_new/valid_action_count,113,51200.0,1790085777.769396
train/dvac_new/valid_action_count,114,51200.0,1790086038.6427155
train/dvac_new/valid_action_count,115,51200.0,1790086566.6567051
train/dvac_new/valid_action_count,116,51200.0,1790086825.1318002
train/dvac_new/valid_action_count,117,51200.0,1790087085.7773535
train/dvac_new/valid_action_count,118,51200.0,1790087345.9357488
train/dvac_new/valid_action_count,119,51200.0,1790087606.3901308
train/dvac_new/valid_action_count,120,51200.0,1790088139.8925245
train/dvac_new/valid_action_count,121,51200.0,1790088400.953491
train/dvac_new/valid_action_count,122,51200.0,1790088661.5070205
train/dvac_new/valid_action_count,123,51200.0,1790088921.123484
train/dvac_new/valid_action_count,124,51200.0,1790089182.2050867
train/dvac_new/valid_action_count,125,51200.0,1790089710.89658
train/dvac_new/valid_action_count,126,51200.0,1790089971.1512854
train/dvac_new/valid_action_count,127,51200.0,1790090233.2209423
train/dvac_new/valid_action_count,128,51200.0,1790090493.9181075
train/dvac_new/valid_action_count,129,51200.0,1790090755.5927513
train/dvac_new/valid_action_count,130,51200.0,1790091286.3197768
train/dvac_new/valid_action_count,131,51200.0,1790091544.6322608
train/dvac_new/valid_action_count,132,51200.0,1790091805.9203532
train/dvac_new/valid_action_count,133,51200.0,1790092067.1848552
train/dvac_new/valid_action_count,134,51200.0,1790092330.8554978
train/dvac_new/valid_action_count,135,51200.0,1790092862.9256876
train/dvac_new/valid_action_count,136,51200.0,1790093121.3585725
train/dvac_new/valid_action_count,137,51200.0,1790093381.97607
train/dvac_new/valid_element_count,1,716800.0,1790050397.426841
train/dvac_new/valid_element_count,2,716800.0,1790050661.344771
train/dvac_new/valid_element_count,3,716800.0,1790050923.1917126
train/dvac_new/valid_element_count,4,716800.0,1790051184.0589657
train/dvac_new/valid_element_count,5,716800.0,1790051717.804799
train/dvac_new/valid_element_count,6,716800.0,1790051977.7498028
train/dvac_new/valid_element_count,7,716800.0,1790052240.3004446
train/dvac_new/valid_element_count,8,716800.0,1790052502.1970496
train/dvac_new/valid_element_count,9,716800.0,1790052763.3225286
train/dvac_new/valid_element_count,10,716800.0,1790053293.094025
train/dvac_new/valid_element_count,11,716800.0,1790053552.2933493
train/dvac_new/valid_element_count,12,716800.0,1790053812.6216936
train/dvac_new/valid_element_count,13,716800.0,1790054073.6146686
train/dvac_new/valid_element_count,14,716800.0,1790054335.6328444
train/dvac_new/valid_element_count,15,716800.0,1790054878.906324
train/dvac_new/valid_element_count,16,716800.0,1790055137.8481581
train/dvac_new/valid_element_count,17,716800.0,1790055400.1601648
train/dvac_new/valid_element_count,18,716800.0,1790055662.6727161
train/dvac_new/valid_element_count,19,716800.0,1790055926.1052656
train/dvac_new/valid_element_count,20,716800.0,1790056466.5330906
train/dvac_new/valid_element_count,21,716800.0,1790056728.0253842
train/dvac_new/valid_element_count,22,716800.0,1790056990.8849864
train/dvac_new/valid_element_count,23,716800.0,1790057254.8317223
train/dvac_new/valid_element_count,24,716800.0,1790057516.0866601
train/dvac_new/valid_element_count,25,716800.0,1790058061.4709191
train/dvac_new/valid_element_count,26,716800.0,1790058321.6962297
train/dvac_new/valid_element_count,27,716800.0,1790058582.8964076
train/dvac_new/valid_element_count,28,716800.0,1790058845.5582347
train/dvac_new/valid_element_count,29,716800.0,1790059107.2471755
train/dvac_new/valid_element_count,30,716800.0,1790059649.8717954
train/dvac_new/valid_element_count,31,716800.0,1790059909.1726358
train/dvac_new/valid_element_count,32,716800.0,1790060169.9040833
train/dvac_new/valid_element_count,33,716800.0,1790060432.3519676
train/dvac_new/valid_element_count,34,716800.0,1790060694.9397008
train/dvac_new/valid_element_count,35,716800.0,1790061231.1753273
train/dvac_new/valid_element_count,36,716800.0,1790061491.3075573
train/dvac_new/valid_element_count,37,716800.0,1790061753.1358423
train/dvac_new/valid_element_count,38,716800.0,1790062014.842065
train/dvac_new/valid_element_count,39,716800.0,1790062277.5240839
train/dvac_new/valid_element_count,40,716800.0,1790062816.1903715
train/dvac_new/valid_element_count,41,716800.0,1790063076.4226174
train/dvac_new/valid_element_count,42,716800.0,1790063338.2986438
train/dvac_new/valid_element_count,43,716800.0,1790063599.8779333
train/dvac_new/valid_element_count,44,716800.0,1790063859.639797
train/dvac_new/valid_element_count,45,716800.0,1790064396.7994676
train/dvac_new/valid_element_count,46,716800.0,1790064656.584856
train/dvac_new/valid_element_count,47,716800.0,1790064918.6275523
train/dvac_new/valid_element_count,48,716800.0,1790065180.8861332
train/dvac_new/valid_element_count,49,716800.0,1790065442.963613
train/dvac_new/valid_element_count,50,716800.0,1790066007.9066489
train/dvac_new/valid_element_count,51,716800.0,1790066267.2569504
train/dvac_new/valid_element_count,52,716800.0,1790066528.6564171
train/dvac_new/valid_element_count,53,716800.0,1790066788.5495954
train/dvac_new/valid_element_count,54,716800.0,1790067049.5116646
train/dvac_new/valid_element_count,55,716800.0,1790067586.923803
train/dvac_new/valid_element_count,56,716800.0,1790067846.4162207
train/dvac_new/valid_element_count,57,716800.0,1790068107.1514626
train/dvac_new/valid_element_count,58,716800.0,1790068369.720903
train/dvac_new/valid_element_count,59,716800.0,1790068630.8123145
train/dvac_new/valid_element_count,60,716800.0,1790069169.7892437
train/dvac_new/valid_element_count,61,716800.0,1790069427.9262223
train/dvac_new/valid_element_count,62,716800.0,1790069690.4297526
train/dvac_new/valid_element_count,63,716800.0,1790069952.1333916
train/dvac_new/valid_element_count,64,716800.0,1790070213.769359
train/dvac_new/valid_element_count,65,716800.0,1790070746.2364244
train/dvac_new/valid_element_count,66,716800.0,1790071007.8438032
train/dvac_new/valid_element_count,67,716800.0,1790071270.230737
train/dvac_new/valid_element_count,68,716800.0,1790071532.2634635
train/dvac_new/valid_element_count,69,716800.0,1790071793.8396769
train/dvac_new/valid_element_count,70,716800.0,1790072332.0501537
train/dvac_new/valid_element_count,71,716800.0,1790072591.3862274
train/dvac_new/valid_element_count,72,716800.0,1790072852.891162
train/dvac_new/valid_element_count,73,716800.0,1790073115.2647035
train/dvac_new/valid_element_count,74,716800.0,1790073376.696051
train/dvac_new/valid_element_count,75,716800.0,1790073911.3722436
train/dvac_new/valid_element_count,76,716800.0,1790074170.4336977
train/dvac_new/valid_element_count,77,716800.0,1790074431.7015953
train/dvac_new/valid_element_count,78,716800.0,1790074695.0712445
train/dvac_new/valid_element_count,79,716800.0,1790074956.445167
train/dvac_new/valid_element_count,80,716800.0,1790075490.3615396
train/dvac_new/valid_element_count,81,716800.0,1790075748.8705502
train/dvac_new/valid_element_count,82,716800.0,1790076009.1594644
train/dvac_new/valid_element_count,83,716800.0,1790076270.84895
train/dvac_new/valid_element_count,84,716800.0,1790076532.655334
train/dvac_new/valid_element_count,85,716800.0,1790077067.6558628
train/dvac_new/valid_element_count,86,716800.0,1790077327.4170854
train/dvac_new/valid_element_count,87,716800.0,1790077588.3388498
train/dvac_new/valid_element_count,88,716800.0,1790077850.4126513
train/dvac_new/valid_element_count,89,716800.0,1790078112.4881856
train/dvac_new/valid_element_count,90,716800.0,1790078647.4233713
train/dvac_new/valid_element_count,91,716800.0,1790078907.5591674
train/dvac_new/valid_element_count,92,716800.0,1790079170.7564461
train/dvac_new/valid_element_count,93,716800.0,1790079433.1285305
train/dvac_new/valid_element_count,94,716800.0,1790079695.7501233
train/dvac_new/valid_element_count,95,716800.0,1790080233.5768933
train/dvac_new/valid_element_count,96,716800.0,1790080493.144213
train/dvac_new/valid_element_count,97,716800.0,1790080753.9795668
train/dvac_new/valid_element_count,98,716800.0,1790081015.0530846
train/dvac_new/valid_element_count,99,716800.0,1790081276.715426
train/dvac_new/valid_element_count,100,716800.0,1790081837.2358565
train/dvac_new/valid_element_count,101,716800.0,1790082096.520222
train/dvac_new/valid_element_count,102,716800.0,1790082357.673729
train/dvac_new/valid_element_count,103,716800.0,1790082618.961028
train/dvac_new/valid_element_count,104,716800.0,1790082879.764212
train/dvac_new/valid_element_count,105,716800.0,1790083411.6617653
train/dvac_new/valid_element_count,106,716800.0,1790083671.5515628
train/dvac_new/valid_element_count,107,716800.0,1790083934.5926332
train/dvac_new/valid_element_count,108,716800.0,1790084197.4661615
train/dvac_new/valid_element_count,109,716800.0,1790084457.8967996
train/dvac_new/valid_element_count,110,716800.0,1790084994.111096
train/dvac_new/valid_element_count,111,716800.0,1790085254.3626268
train/dvac_new/valid_element_count,112,716800.0,1790085516.5898373
train/dvac_new/valid_element_count,113,716800.0,1790085777.7694018
train/dvac_new/valid_element_count,114,716800.0,1790086038.6427212
train/dvac_new/valid_element_count,115,716800.0,1790086566.6567128
train/dvac_new/valid_element_count,116,716800.0,1790086825.131806
train/dvac_new/valid_element_count,117,716800.0,1790087085.7773597
train/dvac_new/valid_element_count,118,716800.0,1790087345.9357548
train/dvac_new/valid_element_count,119,716800.0,1790087606.3901365
train/dvac_new/valid_element_count,120,716800.0,1790088139.892532
train/dvac_new/valid_element_count,121,716800.0,1790088400.9534967
train/dvac_new/valid_element_count,122,716800.0,1790088661.507027
train/dvac_new/valid_element_count,123,716800.0,1790088921.1234927
train/dvac_new/valid_element_count,124,716800.0,1790089182.2050936
train/dvac_new/valid_element_count,125,716800.0,1790089710.8965845
train/dvac_new/valid_element_count,126,716800.0,1790089971.1512916
train/dvac_new/valid_element_count,127,716800.0,1790090233.2209485
train/dvac_new/valid_element_count,128,716800.0,1790090493.918112
train/dvac_new/valid_element_count,129,716800.0,1790090755.5927572
train/dvac_new/valid_element_count,130,716800.0,1790091286.3197823
train/dvac_new/valid_element_count,131,716800.0,1790091544.6322682
train/dvac_new/valid_element_count,132,716800.0,1790091805.9203598
train/dvac_new/valid_element_count,133,716800.0,1790092067.18486
train/dvac_new/valid_element_count,134,716800.0,1790092330.8555076
train/dvac_new/valid_element_count,135,716800.0,1790092862.9256933
train/dvac_new/valid_element_count,136,716800.0,1790093121.3585787
train/dvac_new/valid_element_count,137,716800.0,1790093381.9760754
train/dvac_new/valid_query_count,1,1024.0,1790050397.4268467
train/dvac_new/valid_query_count,2,1024.0,1790050661.3447776
train/dvac_new/valid_query_count,3,1024.0,1790050923.191718
train/dvac_new/valid_query_count,4,1024.0,1790051184.0589726
train/dvac_new/valid_query_count,5,1024.0,1790051717.8048062
train/dvac_new/valid_query_count,6,1024.0,1790051977.7498138
train/dvac_new/valid_query_count,7,1024.0,1790052240.3004656
train/dvac_new/valid_query_count,8,1024.0,1790052502.1970563
train/dvac_new/valid_query_count,9,1024.0,1790052763.3225353
train/dvac_new/valid_query_count,10,1024.0,1790053293.0940373
train/dvac_new/valid_query_count,11,1024.0,1790053552.2933552
train/dvac_new/valid_query_count,12,1024.0,1790053812.621699
train/dvac_new/valid_query_count,13,1024.0,1790054073.6146753
train/dvac_new/valid_query_count,14,1024.0,1790054335.632851
train/dvac_new/valid_query_count,15,1024.0,1790054878.9063299
train/dvac_new/valid_query_count,16,1024.0,1790055137.8481648
train/dvac_new/valid_query_count,17,1024.0,1790055400.16017
train/dvac_new/valid_query_count,18,1024.0,1790055662.6727223
train/dvac_new/valid_query_count,19,1024.0,1790055926.1052716
train/dvac_new/valid_query_count,20,1024.0,1790056466.5330966
train/dvac_new/valid_query_count,21,1024.0,1790056728.02539
train/dvac_new/valid_query_count,22,1024.0,1790056990.884992
train/dvac_new/valid_query_count,23,1024.0,1790057254.8317287
train/dvac_new/valid_query_count,24,1024.0,1790057516.0866668
train/dvac_new/valid_query_count,25,1024.0,1790058061.4709244
train/dvac_new/valid_query_count,26,1024.0,1790058321.696244
train/dvac_new/valid_query_count,27,1024.0,1790058582.8964133
train/dvac_new/valid_query_count,28,1024.0,1790058845.5582414
train/dvac_new/valid_query_count,29,1024.0,1790059107.247181
train/dvac_new/valid_query_count,30,1024.0,1790059649.8718023
train/dvac_new/valid_query_count,31,1024.0,1790059909.172644
train/dvac_new/valid_query_count,32,1024.0,1790060169.9040887
train/dvac_new/valid_query_count,33,1024.0,1790060432.3519742
train/dvac_new/valid_query_count,34,1024.0,1790060694.9397063
train/dvac_new/valid_query_count,35,1024.0,1790061231.1753337
train/dvac_new/valid_query_count,36,1024.0,1790061491.3075633
train/dvac_new/valid_query_count,37,1024.0,1790061753.1358502
train/dvac_new/valid_query_count,38,1024.0,1790062014.8420713
train/dvac_new/valid_query_count,39,1024.0,1790062277.52409
train/dvac_new/valid_query_count,40,1024.0,1790062816.1903765
train/dvac_new/valid_query_count,41,1024.0,1790063076.4226234
train/dvac_new/valid_query_count,42,1024.0,1790063338.2986495
train/dvac_new/valid_query_count,43,1024.0,1790063599.8779416
train/dvac_new/valid_query_count,44,1024.0,1790063859.639803
train/dvac_new/valid_query_count,45,1024.0,1790064396.7994757
train/dvac_new/valid_query_count,46,1024.0,1790064656.5848618
train/dvac_new/valid_query_count,47,1024.0,1790064918.6275582
train/dvac_new/valid_query_count,48,1024.0,1790065180.8861375
train/dvac_new/valid_query_count,49,1024.0,1790065442.963619
train/dvac_new/valid_query_count,50,1024.0,1790066007.906656
train/dvac_new/valid_query_count,51,1024.0,1790066267.2569613
train/dvac_new/valid_query_count,52,1024.0,1790066528.6564236
train/dvac_new/valid_query_count,53,1024.0,1790066788.5496016
train/dvac_new/valid_query_count,54,1024.0,1790067049.51167
train/dvac_new/valid_query_count,55,1024.0,1790067586.923811
train/dvac_new/valid_query_count,56,1024.0,1790067846.4162264
train/dvac_new/valid_query_count,57,1024.0,1790068107.151467
train/dvac_new/valid_query_count,58,1024.0,1790068369.7209084
train/dvac_new/valid_query_count,59,1024.0,1790068630.8123202
train/dvac_new/valid_query_count,60,1024.0,1790069169.7892556
train/dvac_new/valid_query_count,61,1024.0,1790069427.926228
train/dvac_new/valid_query_count,62,1024.0,1790069690.4297593
train/dvac_new/valid_query_count,63,1024.0,1790069952.1333978
train/dvac_new/valid_query_count,64,1024.0,1790070213.769365
train/dvac_new/valid_query_count,65,1024.0,1790070746.2364318
train/dvac_new/valid_query_count,66,1024.0,1790071007.8438098
train/dvac_new/valid_query_count,67,1024.0,1790071270.2307425
train/dvac_new/valid_query_count,68,1024.0,1790071532.2634692
train/dvac_new/valid_query_count,69,1024.0,1790071793.8396816
train/dvac_new/valid_query_count,70,1024.0,1790072332.0501604
train/dvac_new/valid_query_count,71,1024.0,1790072591.386233
train/dvac_new/valid_query_count,72,1024.0,1790072852.8911676
train/dvac_new/valid_query_count,73,1024.0,1790073115.2647092
train/dvac_new/valid_query_count,74,1024.0,1790073376.6960566
train/dvac_new/valid_query_count,75,1024.0,1790073911.3722508
train/dvac_new/valid_query_count,76,1024.0,1790074170.4337037
train/dvac_new/valid_query_count,77,1024.0,1790074431.7016017
train/dvac_new/valid_query_count,78,1024.0,1790074695.0712519
train/dvac_new/valid_query_count,79,1024.0,1790074956.4451733
train/dvac_new/valid_query_count,80,1024.0,1790075490.3615603
train/dvac_new/valid_query_count,81,1024.0,1790075748.870556
train/dvac_new/valid_query_count,82,1024.0,1790076009.1594732
train/dvac_new/valid_query_count,83,1024.0,1790076270.8489559
train/dvac_new/valid_query_count,84,1024.0,1790076532.6553392
train/dvac_new/valid_query_count,85,1024.0,1790077067.6558695
train/dvac_new/valid_query_count,86,1024.0,1790077327.4170916
train/dvac_new/valid_query_count,87,1024.0,1790077588.3388562
train/dvac_new/valid_query_count,88,1024.0,1790077850.4126577
train/dvac_new/valid_query_count,89,1024.0,1790078112.4881911
train/dvac_new/valid_query_count,90,1024.0,1790078647.4233778
train/dvac_new/valid_query_count,91,1024.0,1790078907.5591888
train/dvac_new/valid_query_count,92,1024.0,1790079170.7564528
train/dvac_new/valid_query_count,93,1024.0,1790079433.1285403
train/dvac_new/valid_query_count,94,1024.0,1790079695.7501304
train/dvac_new/valid_query_count,95,1024.0,1790080233.576898
train/dvac_new/valid_query_count,96,1024.0,1790080493.144219
train/dvac_new/valid_query_count,97,1024.0,1790080753.9795728
train/dvac_new/valid_query_count,98,1024.0,1790081015.0530906
train/dvac_new/valid_query_count,99,1024.0,1790081276.7154324
train/dvac_new/valid_query_count,100,1024.0,1790081837.2358632
train/dvac_new/valid_query_count,101,1024.0,1790082096.5202537
train/dvac_new/valid_query_count,102,1024.0,1790082357.673735
train/dvac_new/valid_query_count,103,1024.0,1790082618.9610374
train/dvac_new/valid_query_count,104,1024.0,1790082879.764218
train/dvac_new/valid_query_count,105,1024.0,1790083411.6617746
train/dvac_new/valid_query_count,106,1024.0,1790083671.551569
train/dvac_new/valid_query_count,107,1024.0,1790083934.5926397
train/dvac_new/valid_query_count,108,1024.0,1790084197.4661682
train/dvac_new/valid_query_count,109,1024.0,1790084457.896805
train/dvac_new/valid_query_count,110,1024.0,1790084994.111103
train/dvac_new/valid_query_count,111,1024.0,1790085254.3626335
train/dvac_new/valid_query_count,112,1024.0,1790085516.5898433
train/dvac_new/valid_query_count,113,1024.0,1790085777.7694075
train/dvac_new/valid_query_count,114,1024.0,1790086038.642727
train/dvac_new/valid_query_count,115,1024.0,1790086566.6567204
train/dvac_new/valid_query_count,116,1024.0,1790086825.1318119
train/dvac_new/valid_query_count,117,1024.0,1790087085.7773654
train/dvac_new/valid_query_count,118,1024.0,1790087345.935761
train/dvac_new/valid_query_count,119,1024.0,1790087606.3901422
train/dvac_new/valid_query_count,120,1024.0,1790088139.8925402
train/dvac_new/valid_query_count,121,1024.0,1790088400.9535022
train/dvac_new/valid_query_count,122,1024.0,1790088661.5070326
train/dvac_new/valid_query_count,123,1024.0,1790088921.1234999
train/dvac_new/valid_query_count,124,1024.0,1790089182.2051003
train/dvac_new/valid_query_count,125,1024.0,1790089710.896589
train/dvac_new/valid_query_count,126,1024.0,1790089971.151298
train/dvac_new/valid_query_count,127,1024.0,1790090233.2209544
train/dvac_new/valid_query_count,128,1024.0,1790090493.9181163
train/dvac_new/valid_query_count,129,1024.0,1790090755.592763
train/dvac_new/valid_query_count,130,1024.0,1790091286.3197877
train/dvac_new/valid_query_count,131,1024.0,1790091544.6322768
train/dvac_new/valid_query_count,132,1024.0,1790091805.9203663
train/dvac_new/valid_query_count,133,1024.0,1790092067.1848645
train/dvac_new/valid_query_count,134,1024.0,1790092330.8555164
train/dvac_new/valid_query_count,135,1024.0,1790092862.9256988
train/dvac_new/valid_query_count,136,1024.0,1790093121.3585846
train/dvac_new/valid_query_count,137,1024.0,1790093381.9760811
train/dvac_new/weight_max,1,2.0145370960235596,1790050397.4268532
train/dvac_new/weight_max,2,2.4337542057037354,1790050661.3447845
train/dvac_new/weight_max,3,2.4150123596191406,1790050923.191724
train/dvac_new/weight_max,4,2.4270830154418945,1790051184.0589793
train/dvac_new/weight_max,5,2.436542272567749,1790051717.8048131
train/dvac_new/weight_max,6,2.4111976623535156,1790051977.7498252
train/dvac_new/weight_max,7,2.3415675163269043,1790052240.3004842
train/dvac_new/weight_max,8,2.3266401290893555,1790052502.197063
train/dvac_new/weight_max,9,2.3448948860168457,1790052763.3225422
train/dvac_new/weight_max,10,2.3784451484680176,1790053293.0940526
train/dvac_new/weight_max,11,2.3637986183166504,1790053552.2933614
train/dvac_new/weight_max,12,2.386337995529175,1790053812.6217048
train/dvac_new/weight_max,13,2.4009389877319336,1790054073.614682
train/dvac_new/weight_max,14,2.5015833377838135,1790054335.6328576
train/dvac_new/weight_max,15,2.5141501426696777,1790054878.9063363
train/dvac_new/weight_max,16,2.5265285968780518,1790055137.8481715
train/dvac_new/weight_max,17,2.529554605484009,1790055400.1601744
train/dvac_new/weight_max,18,2.5177981853485107,1790055662.6727288
train/dvac_new/weight_max,19,2.5022847652435303,1790055926.1052775
train/dvac_new/weight_max,20,2.5302348136901855,1790056466.5331023
train/dvac_new/weight_max,21,2.54622220993042,1790056728.0253956
train/dvac_new/weight_max,22,2.5305306911468506,1790056990.8849976
train/dvac_new/weight_max,23,2.5305888652801514,1790057254.831735
train/dvac_new/weight_max,24,2.546233892440796,1790057516.0866737
train/dvac_new/weight_max,25,2.554091691970825,1790058061.4709291
train/dvac_new/weight_max,26,2.547731399536133,1790058321.6962507
train/dvac_new/weight_max,27,2.5104851722717285,1790058582.8964193
train/dvac_new/weight_max,28,2.526986598968506,1790058845.5582488
train/dvac_new/weight_max,29,2.5314693450927734,1790059107.2471871
train/dvac_new/weight_max,30,2.539329767227173,1790059649.8718092
train/dvac_new/weight_max,31,2.5178720951080322,1790059909.172652
train/dvac_new/weight_max,32,2.505387306213379,1790060169.9040947
train/dvac_new/weight_max,33,2.5150272846221924,1790060432.3519807
train/dvac_new/weight_max,34,2.4712820053100586,1790060694.9397123
train/dvac_new/weight_max,35,2.47794246673584,1790061231.1753407
train/dvac_new/weight_max,36,2.4754645824432373,1790061491.3075688
train/dvac_new/weight_max,37,2.4838099479675293,1790061753.1358588
train/dvac_new/weight_max,38,2.488466262817383,1790062014.8420773
train/dvac_new/weight_max,39,2.4903414249420166,1790062277.5240963
train/dvac_new/weight_max,40,2.492003917694092,1790062816.1903818
train/dvac_new/weight_max,41,2.4626901149749756,1790063076.4226298
train/dvac_new/weight_max,42,2.469348669052124,1790063338.2986557
train/dvac_new/weight_max,43,2.4695703983306885,1790063599.877949
train/dvac_new/weight_max,44,2.481916666030884,1790063859.6398094
train/dvac_new/weight_max,45,2.481952428817749,1790064396.7994847
train/dvac_new/weight_max,46,2.484438419342041,1790064656.5848672
train/dvac_new/weight_max,47,2.4927823543548584,1790064918.6275642
train/dvac_new/weight_max,48,2.4882259368896484,1790065180.8861423
train/dvac_new/weight_max,49,2.493959426879883,1790065442.9636247
train/dvac_new/weight_max,50,2.494340181350708,1790066007.906663
train/dvac_new/weight_max,51,2.489253282546997,1790066267.256972
train/dvac_new/weight_max,52,2.4971842765808105,1790066528.6564305
train/dvac_new/weight_max,53,2.5240774154663086,1790066788.549608
train/dvac_new/weight_max,54,2.5288894176483154,1790067049.5116756
train/dvac_new/weight_max,55,2.521125316619873,1790067586.9238198
train/dvac_new/weight_max,56,2.5282089710235596,1790067846.4162407
train/dvac_new/weight_max,57,2.5208935737609863,1790068107.1514716
train/dvac_new/weight_max,58,2.5252740383148193,1790068369.720914
train/dvac_new/weight_max,59,2.5292646884918213,1790068630.8123262
train/dvac_new/weight_max,60,2.5333685874938965,1790069169.789268
train/dvac_new/weight_max,61,2.526202440261841,1790069427.9262335
train/dvac_new/weight_max,62,2.5332276821136475,1790069690.4297662
train/dvac_new/weight_max,63,2.5375075340270996,1790069952.1334033
train/dvac_new/weight_max,64,2.52889084815979,1790070213.7693708
train/dvac_new/weight_max,65,2.5426371097564697,1790070746.2364385
train/dvac_new/weight_max,66,2.5470333099365234,1790071007.8438165
train/dvac_new/weight_max,67,2.5412633419036865,1790071270.2307482
train/dvac_new/weight_max,68,2.53940749168396,1790071532.2634752
train/dvac_new/weight_max,69,2.483973503112793,1790071793.839686
train/dvac_new/weight_max,70,2.4908862113952637,1790072332.050169
train/dvac_new/weight_max,71,2.5128841400146484,1790072591.3862388
train/dvac_new/weight_max,72,2.496091604232788,1790072852.891174
train/dvac_new/weight_max,73,2.506117105484009,1790073115.2647145
train/dvac_new/weight_max,74,2.5208373069763184,1790073376.6960626
train/dvac_new/weight_max,75,2.5139882564544678,1790073911.3722587
train/dvac_new/weight_max,76,2.515580654144287,1790074170.4337096
train/dvac_new/weight_max,77,2.5282344818115234,1790074431.7016075
train/dvac_new/weight_max,78,2.5232994556427,1790074695.0712588
train/dvac_new/weight_max,79,2.5399022102355957,1790074956.4451785
train/dvac_new/weight_max,80,2.532662868499756,1790075490.361583
train/dvac_new/weight_max,81,2.512183666229248,1790075748.8705618
train/dvac_new/weight_max,82,2.513939142227173,1790076009.159482
train/dvac_new/weight_max,83,2.5300188064575195,1790076270.8489618
train/dvac_new/weight_max,84,2.5312747955322266,1790076532.6553454
train/dvac_new/weight_max,85,2.5316247940063477,1790077067.655877
train/dvac_new/weight_max,86,2.5366618633270264,1790077327.4170976
train/dvac_new/weight_max,87,2.5257859230041504,1790077588.338862
train/dvac_new/weight_max,88,2.5475547313690186,1790077850.4126635
train/dvac_new/weight_max,89,2.5270354747772217,1790078112.488197
train/dvac_new/weight_max,90,2.5323235988616943,1790078647.423384
train/dvac_new/weight_max,91,2.515653133392334,1790078907.5592098
train/dvac_new/weight_max,92,2.509624481201172,1790079170.7564597
train/dvac_new/weight_max,93,2.5348100662231445,1790079433.1285493
train/dvac_new/weight_max,94,2.529766798019409,1790079695.750138
train/dvac_new/weight_max,95,2.5143933296203613,1790080233.576903
train/dvac_new/weight_max,96,2.5127220153808594,1790080493.1442251
train/dvac_new/weight_max,97,2.424959182739258,1790080753.9795787
train/dvac_new/weight_max,98,2.436962604522705,1790081015.0530963
train/dvac_new/weight_max,99,2.4076333045959473,1790081276.7154384
train/dvac_new/weight_max,100,2.4617104530334473,1790081837.2358701
train/dvac_new/weight_max,101,2.4642550945281982,1790082096.5202715
train/dvac_new/weight_max,102,2.41239857673645,1790082357.6737409
train/dvac_new/weight_max,103,2.4086384773254395,1790082618.9610467
train/dvac_new/weight_max,104,2.42437744140625,1790082879.7642238
train/dvac_new/weight_max,105,2.466732978820801,1790083411.6617835
train/dvac_new/weight_max,106,2.4546728134155273,1790083671.5515745
train/dvac_new/weight_max,107,2.449157953262329,1790083934.5926456
train/dvac_new/weight_max,108,2.453829050064087,1790084197.4661746
train/dvac_new/weight_max,109,2.459259271621704,1790084457.896811
train/dvac_new/weight_max,110,2.438784122467041,1790084994.1111114
train/dvac_new/weight_max,111,2.444648504257202,1790085254.3626401
train/dvac_new/weight_max,112,2.4148824214935303,1790085516.589849
train/dvac_new/weight_max,113,2.4907898902893066,1790085777.7694137
train/dvac_new/weight_max,114,2.463871479034424,1790086038.6427329
train/dvac_new/weight_max,115,2.456282138824463,1790086566.656728
train/dvac_new/weight_max,116,2.4410409927368164,1790086825.1318178
train/dvac_new/weight_max,117,2.465057134628296,1790087085.7773716
train/dvac_new/weight_max,118,2.456479787826538,1790087345.9357665
train/dvac_new/weight_max,119,2.4701454639434814,1790087606.3901482
train/dvac_new/weight_max,120,2.442359209060669,1790088139.8925486
train/dvac_new/weight_max,121,2.464887857437134,1790088400.953508
train/dvac_new/weight_max,122,2.5180106163024902,1790088661.507039
train/dvac_new/weight_max,123,2.447115659713745,1790088921.1235068
train/dvac_new/weight_max,124,2.502129316329956,1790089182.2051072
train/dvac_new/weight_max,125,2.4593803882598877,1790089710.8965945
train/dvac_new/weight_max,126,2.511810064315796,1790089971.151304
train/dvac_new/weight_max,127,2.4850451946258545,1790090233.2209606
train/dvac_new/weight_max,128,2.464775323867798,1790090493.918121
train/dvac_new/weight_max,129,2.4986953735351562,1790090755.592769
train/dvac_new/weight_max,130,2.4972057342529297,1790091286.3197951
train/dvac_new/weight_max,131,2.4859228134155273,1790091544.632285
train/dvac_new/weight_max,132,2.492175579071045,1790091805.9203727
train/dvac_new/weight_max,133,2.4855234622955322,1790092067.1848688
train/dvac_new/weight_max,134,2.547076463699341,1790092330.8555248
train/dvac_new/weight_max,135,2.4468374252319336,1790092862.925706
train/dvac_new/weight_max,136,2.4655606746673584,1790093121.3585904
train/dvac_new/weight_max,137,2.5114710330963135,1790093381.9760876
train/dvac_new/weight_mean,1,1.0,1790050397.426859
train/dvac_new/weight_mean,2,1.0,1790050661.3447907
train/dvac_new/weight_mean,3,1.0,1790050923.1917293
train/dvac_new/weight_mean,4,1.0,1790051184.0589862
train/dvac_new/weight_mean,5,1.0,1790051717.8048198
train/dvac_new/weight_mean,6,1.0,1790051977.7498362
train/dvac_new/weight_mean,7,0.9999999403953552,1790052240.300502
train/dvac_new/weight_mean,8,1.0,1790052502.1970696
train/dvac_new/weight_mean,9,0.9999999403953552,1790052763.3225486
train/dvac_new/weight_mean,10,1.0,1790053293.094066
train/dvac_new/weight_mean,11,1.0,1790053552.2933671
train/dvac_new/weight_mean,12,1.0,1790053812.6217103
train/dvac_new/weight_mean,13,1.0,1790054073.6146874
train/dvac_new/weight_mean,14,1.0,1790054335.6328645
train/dvac_new/weight_mean,15,1.0,1790054878.906342
train/dvac_new/weight_mean,16,1.0,1790055137.8481784
train/dvac_new/weight_mean,17,0.9999999403953552,1790055400.160179
train/dvac_new/weight_mean,18,1.0,1790055662.672735
train/dvac_new/weight_mean,19,1.0,1790055926.1052837
train/dvac_new/weight_mean,20,1.0,1790056466.533108
train/dvac_new/weight_mean,21,1.0,1790056728.0254016
train/dvac_new/weight_mean,22,1.0,1790056990.885003
train/dvac_new/weight_mean,23,0.9999999403953552,1790057254.8317409
train/dvac_new/weight_mean,24,1.0,1790057516.0866804
train/dvac_new/weight_mean,25,1.0,1790058061.470934
train/dvac_new/weight_mean,26,1.0,1790058321.6962574
train/dvac_new/weight_mean,27,1.0,1790058582.8964252
train/dvac_new/weight_mean,28,0.9999999403953552,1790058845.5582566
train/dvac_new/weight_mean,29,1.0,1790059107.2471933
train/dvac_new/weight_mean,30,0.9999999403953552,1790059649.871816
train/dvac_new/weight_mean,31,1.0,1790059909.17266
train/dvac_new/weight_mean,32,1.0,1790060169.9041007
train/dvac_new/weight_mean,33,1.0,1790060432.3519876
train/dvac_new/weight_mean,34,1.0,1790060694.9397182
train/dvac_new/weight_mean,35,1.0,1790061231.1753464
train/dvac_new/weight_mean,36,1.0,1790061491.3075745
train/dvac_new/weight_mean,37,1.0,1790061753.135867
train/dvac_new/weight_mean,38,1.0,1790062014.842083
train/dvac_new/weight_mean,39,1.0,1790062277.5241022
train/dvac_new/weight_mean,40,1.0,1790062816.1903865
train/dvac_new/weight_mean,41,1.0,1790063076.4226353
train/dvac_new/weight_mean,42,1.0,1790063338.2986617
train/dvac_new/weight_mean,43,1.0,1790063599.8779564
train/dvac_new/weight_mean,44,1.0,1790063859.6398149
train/dvac_new/weight_mean,45,1.0,1790064396.7994926
train/dvac_new/weight_mean,46,1.0,1790064656.5848734
train/dvac_new/weight_mean,47,1.0,1790064918.6275702
train/dvac_new/weight_mean,48,1.0,1790065180.8861468
train/dvac_new/weight_mean,49,1.0,1790065442.9636307
train/dvac_new/weight_mean,50,1.0,1790066007.9066696
train/dvac_new/weight_mean,51,0.9999999403953552,1790066267.2569828
train/dvac_new/weight_mean,52,1.0,1790066528.6564372
train/dvac_new/weight_mean,53,1.0,1790066788.5496142
train/dvac_new/weight_mean,54,1.0,1790067049.5116813
train/dvac_new/weight_mean,55,1.0,1790067586.9238276
train/dvac_new/weight_mean,56,1.0,1790067846.4162488
train/dvac_new/weight_mean,57,1.0,1790068107.151476
train/dvac_new/weight_mean,58,1.0,1790068369.7209194
train/dvac_new/weight_mean,59,1.0,1790068630.8123324
train/dvac_new/weight_mean,60,1.0,1790069169.7892797
train/dvac_new/weight_mean,61,1.0,1790069427.9262393
train/dvac_new/weight_mean,62,1.0,1790069690.4297726
train/dvac_new/weight_mean,63,1.0,1790069952.133409
train/dvac_new/weight_mean,64,1.0,1790070213.7693765
train/dvac_new/weight_mean,65,1.0,1790070746.2364454
train/dvac_new/weight_mean,66,1.0000001192092896,1790071007.8438232
train/dvac_new/weight_mean,67,1.0,1790071270.2307541
train/dvac_new/weight_mean,68,1.0,1790071532.2634814
train/dvac_new/weight_mean,69,1.0,1790071793.8396902
train/dvac_new/weight_mean,70,1.0,1790072332.0501754
train/dvac_new/weight_mean,71,1.0,1790072591.3862445
train/dvac_new/weight_mean,72,1.0,1790072852.8911803
train/dvac_new/weight_mean,73,0.9999999403953552,1790073115.2647197
train/dvac_new/weight_mean,74,1.0,1790073376.696069
train/dvac_new/weight_mean,75,1.0,1790073911.372265
train/dvac_new/weight_mean,76,1.0,1790074170.433715
train/dvac_new/weight_mean,77,1.0,1790074431.7016134
train/dvac_new/weight_mean,78,1.0,1790074695.071266
train/dvac_new/weight_mean,79,1.0,1790074956.4451842
train/dvac_new/weight_mean,80,1.0,1790075490.3616045
train/dvac_new/weight_mean,81,1.0,1790075748.8705673
train/dvac_new/weight_mean,82,1.0,1790076009.1594913
train/dvac_new/weight_mean,83,1.0,1790076270.8489678
train/dvac_new/weight_mean,84,1.0,1790076532.6553507
train/dvac_new/weight_mean,85,1.0,1790077067.6558838
train/dvac_new/weight_mean,86,1.0,1790077327.417103
train/dvac_new/weight_mean,87,1.0,1790077588.338868
train/dvac_new/weight_mean,88,1.0,1790077850.412669
train/dvac_new/weight_mean,89,1.0,1790078112.4882028
train/dvac_new/weight_mean,90,0.9999999403953552,1790078647.42339
train/dvac_new/weight_mean,91,1.0,1790078907.5592296
train/dvac_new/weight_mean,92,1.0,1790079170.7564664
train/dvac_new/weight_mean,93,1.0,1790079433.1285589
train/dvac_new/weight_mean,94,1.0,1790079695.7501452
train/dvac_new/weight_mean,95,1.0,1790080233.5769079
train/dvac_new/weight_mean,96,1.0,1790080493.1442306
train/dvac_new/weight_mean,97,1.0,1790080753.9795845
train/dvac_new/weight_mean,98,1.0,1790081015.053102
train/dvac_new/weight_mean,99,1.0,1790081276.7154438
train/dvac_new/weight_mean,100,1.0,1790081837.2358758
train/dvac_new/weight_mean,101,1.0,1790082096.520288
train/dvac_new/weight_mean,102,1.0,1790082357.6737475
train/dvac_new/weight_mean,103,1.0,1790082618.9610562
train/dvac_new/weight_mean,104,1.0,1790082879.7642293
train/dvac_new/weight_mean,105,0.9999999403953552,1790083411.6617954
train/dvac_new/weight_mean,106,1.0,1790083671.5515807
train/dvac_new/weight_mean,107,0.9999999403953552,1790083934.5926516
train/dvac_new/weight_mean,108,1.0,1790084197.4661813
train/dvac_new/weight_mean,109,1.0,1790084457.8968172
train/dvac_new/weight_mean,110,1.0,1790084994.1111186
train/dvac_new/weight_mean,111,1.0,1790085254.3626468
train/dvac_new/weight_mean,112,0.9999999403953552,1790085516.5898552
train/dvac_new/weight_mean,113,1.0,1790085777.7694192
train/dvac_new/weight_mean,114,0.9999999403953552,1790086038.642739
train/dvac_new/weight_mean,115,1.0,1790086566.6567352
train/dvac_new/weight_mean,116,1.0,1790086825.1318257
train/dvac_new/weight_mean,117,0.9999999403953552,1790087085.7773778
train/dvac_new/weight_mean,118,1.0,1790087345.9357722
train/dvac_new/weight_mean,119,1.0,1790087606.3901536
train/dvac_new/weight_mean,120,1.0,1790088139.892557
train/dvac_new/weight_mean,121,1.0,1790088400.9535136
train/dvac_new/weight_mean,122,1.0,1790088661.507045
train/dvac_new/weight_mean,123,1.0,1790088921.123514
train/dvac_new/weight_mean,124,1.0,1790089182.2051141
train/dvac_new/weight_mean,125,0.9999999403953552,1790089710.8965988
train/dvac_new/weight_mean,126,1.0,1790089971.15131
train/dvac_new/weight_mean,127,1.0,1790090233.220966
train/dvac_new/weight_mean,128,1.0,1790090493.9181256
train/dvac_new/weight_mean,129,1.0,1790090755.592775
train/dvac_new/weight_mean,130,1.0,1790091286.3198013
train/dvac_new/weight_mean,131,1.0,1790091544.6322958
train/dvac_new/weight_mean,132,1.0,1790091805.9203787
train/dvac_new/weight_mean,133,1.0,1790092067.184873
train/dvac_new/weight_mean,134,1.0,1790092330.855534
train/dvac_new/weight_mean,135,1.0,1790092862.9257123
train/dvac_new/weight_mean,136,0.9999999403953552,1790093121.358596
train/dvac_new/weight_mean,137,1.0,1790093381.9760933
train/dvac_new/weight_min,1,0.24524050951004028,1790050397.4268649
train/dvac_new/weight_min,2,0.3114190399646759,1790050661.344797
train/dvac_new/weight_min,3,0.30374252796173096,1790050923.191735
train/dvac_new/weight_min,4,0.3086865544319153,1790051184.0589929
train/dvac_new/weight_min,5,0.24085046350955963,1790051717.8051226
train/dvac_new/weight_min,6,0.23551172018051147,1790051977.7498467
train/dvac_new/weight_min,7,0.2353781759738922,1790052240.30052
train/dvac_new/weight_min,8,0.23223383724689484,1790052502.197076
train/dvac_new/weight_min,9,0.2360791265964508,1790052763.3225553
train/dvac_new/weight_min,10,0.2431463599205017,1790053293.0942822
train/dvac_new/weight_min,11,0.19653967022895813,1790053552.293373
train/dvac_new/weight_min,12,0.20533524453639984,1790053812.6217158
train/dvac_new/weight_min,13,0.20906129479408264,1790054073.6146936
train/dvac_new/weight_min,14,0.21299120783805847,1790054335.6328714
train/dvac_new/weight_min,15,0.21618163585662842,1790054878.906538
train/dvac_new/weight_min,16,0.21932432055473328,1790055137.8481853
train/dvac_new/weight_min,17,0.2200925499200821,1790055400.1601837
train/dvac_new/weight_min,18,0.21710775792598724,1790055662.672741
train/dvac_new/weight_min,19,0.21316927671432495,1790055926.1052895
train/dvac_new/weight_min,20,0.2202652543783188,1790056466.5332701
train/dvac_new/weight_min,21,0.2243240922689438,1790056728.0254078
train/dvac_new/weight_min,22,0.22034037113189697,1790056990.8850086
train/dvac_new/weight_min,23,0.2203550934791565,1790057254.8317473
train/dvac_new/weight_min,24,0.22432711720466614,1790057516.0866873
train/dvac_new/weight_min,25,0.22632205486297607,1790058061.47119
train/dvac_new/weight_min,26,0.22470723092556,1790058321.696264
train/dvac_new/weight_min,27,0.21002596616744995,1790058582.8964307
train/dvac_new/weight_min,28,0.21417734026908875,1790058845.5582635
train/dvac_new/weight_min,29,0.21530510485172272,1790059107.2471995
train/dvac_new/weight_min,30,0.21728259325027466,1790059649.872039
train/dvac_new/weight_min,31,0.22223000228405,1790059909.1726682
train/dvac_new/weight_min,32,0.23221442103385925,1790060169.9041061
train/dvac_new/weight_min,33,0.23463968932628632,1790060432.351994
train/dvac_new/weight_min,34,0.2433788776397705,1790060694.9397237
train/dvac_new/weight_min,35,0.24505455791950226,1790061231.1756802
train/dvac_new/weight_min,36,0.24443113803863525,1790061491.3075805
train/dvac_new/weight_min,37,0.22092308104038239,1790061753.1358752
train/dvac_new/weight_min,38,0.22206604480743408,1790062014.842089
train/dvac_new/weight_min,39,0.22252628207206726,1790062277.524109
train/dvac_new/weight_min,40,0.2229343205690384,1790062816.1906626
train/dvac_new/weight_min,41,0.22667498886585236,1790063076.4226408
train/dvac_new/weight_min,42,0.22830933332443237,1790063338.2986672
train/dvac_new/weight_min,43,0.2283637672662735,1790063599.877964
train/dvac_new/weight_min,44,0.2313942164182663,1790063859.6398206
train/dvac_new/weight_min,45,0.2314029335975647,1790064396.7997797
train/dvac_new/weight_min,46,0.23201313614845276,1790064656.5848792
train/dvac_new/weight_min,47,0.231874018907547,1790064918.627576
train/dvac_new/weight_min,48,0.23294281959533691,1790065180.8861518
train/dvac_new/weight_min,49,0.2343500852584839,1790065442.9636362
train/dvac_new/weight_min,50,0.2344435602426529,1790066007.9069796
train/dvac_new/weight_min,51,0.2331949770450592,1790066267.2569933
train/dvac_new/weight_min,52,0.23514164984226227,1790066528.6564438
train/dvac_new/weight_min,53,0.23805923759937286,1790066788.54962
train/dvac_new/weight_min,54,0.24292370676994324,1790067049.5116868
train/dvac_new/weight_min,55,0.2406100183725357,1790067586.923993
train/dvac_new/weight_min,56,0.2427567094564438,1790067846.416255
train/dvac_new/weight_min,57,0.24096111953258514,1790068107.1514804
train/dvac_new/weight_min,58,0.24364417791366577,1790068369.7209249
train/dvac_new/weight_min,59,0.2446146309375763,1790068630.8123379
train/dvac_new/weight_min,60,0.22376009821891785,1790069169.7894845
train/dvac_new/weight_min,61,0.21326814591884613,1790069427.926245
train/dvac_new/weight_min,62,0.21149121224880219,1790069690.4297798
train/dvac_new/weight_min,63,0.20422855019569397,1790069952.1334147
train/dvac_new/weight_min,64,0.20757900178432465,1790070213.7693825
train/dvac_new/weight_min,65,0.20283035933971405,1790070746.236968
train/dvac_new/weight_min,66,0.20637108385562897,1790071007.8438299
train/dvac_new/weight_min,67,0.2097187489271164,1790071270.2307599
train/dvac_new/weight_min,68,0.2121112048625946,1790071532.2634873
train/dvac_new/weight_min,69,0.2251436412334442,1790071793.8396947
train/dvac_new/weight_min,70,0.22318121790885925,1790072332.0506854
train/dvac_new/weight_min,71,0.22557038068771362,1790072591.3862507
train/dvac_new/weight_min,72,0.23050308227539062,1790072852.8911865
train/dvac_new/weight_min,73,0.22855663299560547,1790073115.264725
train/dvac_new/weight_min,74,0.23010991513729095,1790073376.6960754
train/dvac_new/weight_min,75,0.23032702505588531,1790073911.3724651
train/dvac_new/weight_min,76,0.23068517446517944,1790074170.433721
train/dvac_new/weight_min,77,0.2375192940235138,1790074431.701619
train/dvac_new/weight_min,78,0.23450195789337158,1790074695.0712726
train/dvac_new/weight_min,79,0.23615553975105286,1790074956.44519
train/dvac_new/weight_min,80,0.23377928137779236,1790075490.3620424
train/dvac_new/weight_min,81,0.23888973891735077,1790075748.8705733
train/dvac_new/weight_min,82,0.24084286391735077,1790076009.1595001
train/dvac_new/weight_min,83,0.24135082960128784,1790076270.848973
train/dvac_new/weight_min,84,0.2416333109140396,1790076532.6553562
train/dvac_new/weight_min,85,0.24567915499210358,1790077067.6560726
train/dvac_new/weight_min,86,0.2396816909313202,1790077327.4171095
train/dvac_new/weight_min,87,0.2155877947807312,1790077588.3388743
train/dvac_new/weight_min,88,0.2217012196779251,1790077850.412675
train/dvac_new/weight_min,89,0.21589046716690063,1790078112.488208
train/dvac_new/weight_min,90,0.21517129242420197,1790078647.4236193
train/dvac_new/weight_min,91,0.22797845304012299,1790078907.5592504
train/dvac_new/weight_min,92,0.22252704203128815,1790079170.756473
train/dvac_new/weight_min,93,0.22969450056552887,1790079433.1285682
train/dvac_new/weight_min,94,0.231268510222435,1790079695.7501523
train/dvac_new/weight_min,95,0.22013786435127258,1790080233.577413
train/dvac_new/weight_min,96,0.22888131439685822,1790080493.144245
train/dvac_new/weight_min,97,0.23474743962287903,1790080753.9795904
train/dvac_new/weight_min,98,0.24216283857822418,1790081015.053108
train/dvac_new/weight_min,99,0.23950645327568054,1790081276.7154498
train/dvac_new/weight_min,100,0.23575735092163086,1790081837.2362566
train/dvac_new/weight_min,101,0.23003415763378143,1790082096.520304
train/dvac_new/weight_min,102,0.23935212194919586,1790082357.673753
train/dvac_new/weight_min,103,0.240339994430542,1790082618.9610658
train/dvac_new/weight_min,104,0.24285072088241577,1790082879.7642455
train/dvac_new/weight_min,105,0.23887105286121368,1790083411.6620972
train/dvac_new/weight_min,106,0.2418370544910431,1790083671.5515864
train/dvac_new/weight_min,107,0.2495100349187851,1790083934.5926573
train/dvac_new/weight_min,108,0.24123094975948334,1790084197.4661877
train/dvac_new/weight_min,109,0.2449289709329605,1790084457.8968225
train/dvac_new/weight_min,110,0.24480518698692322,1790084994.1113198
train/dvac_new/weight_min,111,0.24242821335792542,1790085254.3626535
train/dvac_new/weight_min,112,0.24556271731853485,1790085516.589861
train/dvac_new/weight_min,113,0.23955239355564117,1790085777.7694259
train/dvac_new/weight_min,114,0.2465464174747467,1790086038.6427448
train/dvac_new/weight_min,115,0.24212324619293213,1790086566.6569676
train/dvac_new/weight_min,116,0.2452814280986786,1790086825.131832
train/dvac_new/weight_min,117,0.2429807335138321,1790087085.7773836
train/dvac_new/weight_min,118,0.24881452322006226,1790087345.935778
train/dvac_new/weight_min,119,0.24341833591461182,1790087606.3901596
train/dvac_new/weight_min,120,0.2474854588508606,1790088139.8929782
train/dvac_new/weight_min,121,0.24523349106311798,1790088400.9535196
train/dvac_new/weight_min,122,0.24563400447368622,1790088661.5070512
train/dvac_new/weight_min,123,0.24701371788978577,1790088921.123521
train/dvac_new/weight_min,124,0.24336974322795868,1790089182.2051206
train/dvac_new/weight_min,125,0.24913358688354492,1790089710.896967
train/dvac_new/weight_min,126,0.24167536199092865,1790089971.1513157
train/dvac_new/weight_min,127,0.2482050359249115,1790090233.2209718
train/dvac_new/weight_min,128,0.2465967833995819,1790090493.9181304
train/dvac_new/weight_min,129,0.24848543107509613,1790090755.5927813
train/dvac_new/weight_min,130,0.24824494123458862,1790091286.320213
train/dvac_new/weight_min,131,0.2493363320827484,1790091544.632307
train/dvac_new/weight_min,132,0.2503476142883301,1790091805.920385
train/dvac_new/weight_min,133,0.2503136992454529,1790092067.1848776
train/dvac_new/weight_min,134,0.246082603931427,1790092330.8555436
train/dvac_new/weight_min,135,0.2519954442977905,1790092862.9259603
train/dvac_new/weight_min,136,0.2516615092754364,1790093121.3586025
train/dvac_new/weight_min,137,0.2506301701068878,1790093381.976099
train/dvac_new/weight_std,1,0.5091522336006165,1790050397.4268708
train/dvac_new/weight_std,2,0.349575012922287,1790050661.3448036
train/dvac_new/weight_std,3,0.33480629324913025,1790050923.1917408
train/dvac_new/weight_std,4,0.3313922584056854,1790051184.0589998
train/dvac_new/weight_std,5,0.3273387849330902,1790051717.8051307
train/dvac_new/weight_std,6,0.3356129825115204,1790051977.7498581
train/dvac_new/weight_std,7,0.33572736382484436,1790052240.3005385
train/dvac_new/weight_std,8,0.33463430404663086,1790052502.197083
train/dvac_new/weight_std,9,0.33482372760772705,1790052763.322562
train/dvac_new/weight_std,10,0.33426594734191895,1790053293.0942955
train/dvac_new/weight_std,11,0.3351419270038605,1790053552.2933788
train/dvac_new/weight_std,12,0.34024518728256226,1790053812.621721
train/dvac_new/weight_std,13,0.3473348319530487,1790054073.6146996
train/dvac_new/weight_std,14,0.34530889987945557,1790054335.632878
train/dvac_new/weight_std,15,0.3372819125652313,1790054878.9065437
train/dvac_new/weight_std,16,0.33373141288757324,1790055137.848192
train/dvac_new/weight_std,17,0.33084842562675476,1790055400.1601882
train/dvac_new/weight_std,18,0.33726415038108826,1790055662.6727467
train/dvac_new/weight_std,19,0.33368760347366333,1790055926.1052952
train/dvac_new/weight_std,20,0.33375221490859985,1790056466.533276
train/dvac_new/weight_std,21,0.3323308229446411,1790056728.0254133
train/dvac_new/weight_std,22,0.3319278061389923,1790056990.8850143
train/dvac_new/weight_std,23,0.33285167813301086,1790057254.8317535
train/dvac_new/weight_std,24,0.32956141233444214,1790057516.0866942
train/dvac_new/weight_std,25,0.3320356011390686,1790058061.471195
train/dvac_new/weight_std,26,0.33177343010902405,1790058321.6962702
train/dvac_new/weight_std,27,0.3209569454193115,1790058582.8964365
train/dvac_new/weight_std,28,0.323927104473114,1790058845.558271
train/dvac_new/weight_std,29,0.32374832034111023,1790059107.2472053
train/dvac_new/weight_std,30,0.32544466853141785,1790059649.872046
train/dvac_new/weight_std,31,0.3224582374095917,1790059909.1726763
train/dvac_new/weight_std,32,0.3248690366744995,1790060169.904112
train/dvac_new/weight_std,33,0.3232722580432892,1790060432.3520002
train/dvac_new/weight_std,34,0.3174358904361725,1790060694.9397297
train/dvac_new/weight_std,35,0.3222337067127228,1790061231.1756864
train/dvac_new/weight_std,36,0.3229690492153168,1790061491.3075857
train/dvac_new/weight_std,37,0.32115307450294495,1790061753.1358836
train/dvac_new/weight_std,38,0.3237418234348297,1790062014.8420944
train/dvac_new/weight_std,39,0.3224734365940094,1790062277.5241144
train/dvac_new/weight_std,40,0.32097911834716797,1790062816.1906672
train/dvac_new/weight_std,41,0.3164065182209015,1790063076.4226463
train/dvac_new/weight_std,42,0.3159625232219696,1790063338.2986727
train/dvac_new/weight_std,43,0.31528377532958984,1790063599.877971
train/dvac_new/weight_std,44,0.31638529896736145,1790063859.639826
train/dvac_new/weight_std,45,0.3178299069404602,1790064396.7997854
train/dvac_new/weight_std,46,0.31646227836608887,1790064656.5848846
train/dvac_new/weight_std,47,0.31911399960517883,1790064918.6275816
train/dvac_new/weight_std,48,0.31766238808631897,1790065180.8861563
train/dvac_new/weight_std,49,0.3179502487182617,1790065442.9636424
train/dvac_new/weight_std,50,0.31977880001068115,1790066007.9069867
train/dvac_new/weight_std,51,0.31849125027656555,1790066267.257004
train/dvac_new/weight_std,52,0.3169313967227936,1790066528.6564503
train/dvac_new/weight_std,53,0.3162628710269928,1790066788.5496256
train/dvac_new/weight_std,54,0.32096919417381287,1790067049.511693
train/dvac_new/weight_std,55,0.31927061080932617,1790067586.9239993
train/dvac_new/weight_std,56,0.3193756341934204,1790067846.4162612
train/dvac_new/weight_std,57,0.3198680579662323,1790068107.1514852
train/dvac_new/weight_std,58,0.32227998971939087,1790068369.7209308
train/dvac_new/weight_std,59,0.3188863694667816,1790068630.8123434
train/dvac_new/weight_std,60,0.3220759332180023,1790069169.7894974
train/dvac_new/weight_std,61,0.32276493310928345,1790069427.9262507
train/dvac_new/weight_std,62,0.32435211539268494,1790069690.4297862
train/dvac_new/weight_std,63,0.32098060846328735,1790069952.1334202
train/dvac_new/weight_std,64,0.32306018471717834,1790070213.769388
train/dvac_new/weight_std,65,0.3244161605834961,1790070746.2369761
train/dvac_new/weight_std,66,0.32360488176345825,1790071007.843836
train/dvac_new/weight_std,67,0.3226209878921509,1790071270.2307663
train/dvac_new/weight_std,68,0.32122284173965454,1790071532.263493
train/dvac_new/weight_std,69,0.31447160243988037,1790071793.8396995
train/dvac_new/weight_std,70,0.312736839056015,1790072332.050693
train/dvac_new/weight_std,71,0.31251800060272217,1790072591.386257
train/dvac_new/weight_std,72,0.30999940633773804,1790072852.8911924
train/dvac_new/weight_std,73,0.3128821551799774,1790073115.2647305
train/dvac_new/weight_std,74,0.31243228912353516,1790073376.6960812
train/dvac_new/weight_std,75,0.31491824984550476,1790073911.372476
train/dvac_new/weight_std,76,0.31214067339897156,1790074170.433727
train/dvac_new/weight_std,77,0.31517165899276733,1790074431.7016246
train/dvac_new/weight_std,78,0.3132858872413635,1790074695.0712795
train/dvac_new/weight_std,79,0.31457075476646423,1790074956.445195
train/dvac_new/weight_std,80,0.31697872281074524,1790075490.3620515
train/dvac_new/weight_std,81,0.31215307116508484,1790075748.8705792
train/dvac_new/weight_std,82,0.3132411539554596,1790076009.1595087
train/dvac_new/weight_std,83,0.31080931425094604,1790076270.8489788
train/dvac_new/weight_std,84,0.31193482875823975,1790076532.6553617
train/dvac_new/weight_std,85,0.31230929493904114,1790077067.6560786
train/dvac_new/weight_std,86,0.31388595700263977,1790077327.4171154
train/dvac_new/weight_std,87,0.3136887550354004,1790077588.3388808
train/dvac_new/weight_std,88,0.3130533993244171,1790077850.4126804
train/dvac_new/weight_std,89,0.3125886619091034,1790078112.488214
train/dvac_new/weight_std,90,0.31543099880218506,1790078647.4236252
train/dvac_new/weight_std,91,0.3092411458492279,1790078907.5592692
train/dvac_new/weight_std,92,0.3114565908908844,1790079170.7564797
train/dvac_new/weight_std,93,0.31093692779541016,1790079433.1285775
train/dvac_new/weight_std,94,0.30862459540367126,1790079695.75016
train/dvac_new/weight_std,95,0.31073424220085144,1790080233.5774183
train/dvac_new/weight_std,96,0.31131604313850403,1790080493.144251
train/dvac_new/weight_std,97,0.2981117069721222,1790080753.9795957
train/dvac_new/weight_std,98,0.29628419876098633,1790081015.0531137
train/dvac_new/weight_std,99,0.2933865189552307,1790081276.7154555
train/dvac_new/weight_std,100,0.2983263432979584,1790081837.2362633
train/dvac_new/weight_std,101,0.30053144693374634,1790082096.520322
train/dvac_new/weight_std,102,0.2927830219268799,1790082357.6737587
train/dvac_new/weight_std,103,0.29273203015327454,1790082618.9610753
train/dvac_new/weight_std,104,0.2956758141517639,1790082879.7642517
train/dvac_new/weight_std,105,0.3027602434158325,1790083411.6621072
train/dvac_new/weight_std,106,0.2966638505458832,1790083671.5515919
train/dvac_new/weight_std,107,0.2971796989440918,1790083934.5926633
train/dvac_new/weight_std,108,0.2971228361129761,1790084197.4661944
train/dvac_new/weight_std,109,0.2960801422595978,1790084457.8968277
train/dvac_new/weight_std,110,0.29347220063209534,1790084994.1113265
train/dvac_new/weight_std,111,0.2979104220867157,1790085254.36266
train/dvac_new/weight_std,112,0.2950908839702606,1790085516.589867
train/dvac_new/weight_std,113,0.3032059967517853,1790085777.7694316
train/dvac_new/weight_std,114,0.2955799400806427,1790086038.6427531
train/dvac_new/weight_std,115,0.2989165782928467,1790086566.6569736
train/dvac_new/weight_std,116,0.2932577133178711,1790086825.1318378
train/dvac_new/weight_std,117,0.2966930866241455,1790087085.7773893
train/dvac_new/weight_std,118,0.2940191924571991,1790087345.9357834
train/dvac_new/weight_std,119,0.29837527871131897,1790087606.3901658
train/dvac_new/weight_std,120,0.29415279626846313,1790088139.8929865
train/dvac_new/weight_std,121,0.2970820963382721,1790088400.9535258
train/dvac_new/weight_std,122,0.30144166946411133,1790088661.5070577
train/dvac_new/weight_std,123,0.29461148381233215,1790088921.1235282
train/dvac_new/weight_std,124,0.30174851417541504,1790089182.205127
train/dvac_new/weight_std,125,0.2948792278766632,1790089710.8969731
train/dvac_new/weight_std,126,0.3036874234676361,1790089971.1513214
train/dvac_new/weight_std,127,0.29721811413764954,1790090233.2209773
train/dvac_new/weight_std,128,0.2992403507232666,1790090493.9181347
train/dvac_new/weight_std,129,0.2974829077720642,1790090755.592787
train/dvac_new/weight_std,130,0.29980725049972534,1790091286.320219
train/dvac_new/weight_std,131,0.2994808256626129,1790091544.6323154
train/dvac_new/weight_std,132,0.296789288520813,1790091805.9203904
train/dvac_new/weight_std,133,0.2982938289642334,1790092067.1848822
train/dvac_new/weight_std,134,0.30523183941841125,1790092330.8555527
train/dvac_new/weight_std,135,0.2963056266307831,1790092862.9259663
train/dvac_new/weight_std,136,0.2977401316165924,1790093121.3586082
train/dvac_new/weight_std,137,0.3017219007015228,1790093381.9761047
train/dvac_new/weight_sumsq,1,902635.75,1790050397.4268763
train/dvac_new/weight_sumsq,2,804398.9375,1790050661.34481
train/dvac_new/weight_sumsq,3,797154.375,1790050923.1917465
train/dvac_new/weight_sumsq,4,795534.0625,1790051184.0590065
train/dvac_new/weight_sumsq,5,793615.1875,1790051717.8051379
train/dvac_new/weight_sumsq,6,797548.875,1790051977.7498689
train/dvac_new/weight_sumsq,7,797604.0625,1790052240.3005574
train/dvac_new/weight_sumsq,8,797077.375,1790052502.1970892
train/dvac_new/weight_sumsq,9,797161.875,1790052763.322569
train/dvac_new/weight_sumsq,10,796897.75,1790053293.0943081
train/dvac_new/weight_sumsq,11,797317.4375,1790053552.2933862
train/dvac_new/weight_sumsq,12,799794.125,1790053812.6217265
train/dvac_new/weight_sumsq,13,803281.1875,1790054073.614705
train/dvac_new/weight_sumsq,14,802272.625,1790054335.6328845
train/dvac_new/weight_sumsq,15,798344.4375,1790054878.9065495
train/dvac_new/weight_sumsq,16,796637.25,1790055137.848199
train/dvac_new/weight_sumsq,17,795271.375,1790055400.1601927
train/dvac_new/weight_sumsq,18,798340.1875,1790055662.6727526
train/dvac_new/weight_sumsq,19,796620.4375,1790055926.1053011
train/dvac_new/weight_sumsq,20,796647.9375,1790056466.5332823
train/dvac_new/weight_sumsq,21,795973.0625,1790056728.0254188
train/dvac_new/weight_sumsq,22,795774.9375,1790056990.8850205
train/dvac_new/weight_sumsq,23,796214.5625,1790057254.8317592
train/dvac_new/weight_sumsq,24,794658.0625,1790057516.0867004
train/dvac_new/weight_sumsq,25,795831.8125,1790058061.4711998
train/dvac_new/weight_sumsq,26,795709.4375,1790058321.6962771
train/dvac_new/weight_sumsq,27,790650.5625,1790058582.896442
train/dvac_new/weight_sumsq,28,792013.5,1790058845.558278
train/dvac_new/weight_sumsq,29,791932.0,1790059107.2472112
train/dvac_new/weight_sumsq,30,792739.3125,1790059649.872053
train/dvac_new/weight_sumsq,31,791335.25,1790059909.1726842
train/dvac_new/weight_sumsq,32,792451.3125,1790060169.9041178
train/dvac_new/weight_sumsq,33,791710.875,1790060432.3520064
train/dvac_new/weight_sumsq,34,789033.25,1790060694.9397354
train/dvac_new/weight_sumsq,35,791235.5,1790061231.175692
train/dvac_new/weight_sumsq,36,791570.875,1790061491.3075914
train/dvac_new/weight_sumsq,37,790741.125,1790061753.135892
train/dvac_new/weight_sumsq,38,791929.5,1790062014.8421006
train/dvac_new/weight_sumsq,39,791348.4375,1790062277.5241208
train/dvac_new/weight_sumsq,40,790652.6875,1790062816.190672
train/dvac_new/weight_sumsq,41,788562.625,1790063076.422652
train/dvac_new/weight_sumsq,42,788366.25,1790063338.2986789
train/dvac_new/weight_sumsq,43,788053.75,1790063599.8779767
train/dvac_new/weight_sumsq,44,788557.1875,1790063859.639832
train/dvac_new/weight_sumsq,45,789210.5625,1790064396.7997918
train/dvac_new/weight_sumsq,46,788591.25,1790064656.5848906
train/dvac_new/weight_sumsq,47,789802.4375,1790064918.627588
train/dvac_new/weight_sumsq,48,789132.625,1790065180.8861609
train/dvac_new/weight_sumsq,49,789271.0,1790065442.963648
train/dvac_new/weight_sumsq,50,790099.625,1790066007.9069939
train/dvac_new/weight_sumsq,51,789516.0,1790066267.2570148
train/dvac_new/weight_sumsq,52,788800.0625,1790066528.656457
train/dvac_new/weight_sumsq,53,788504.4375,1790066788.5496316
train/dvac_new/weight_sumsq,54,790648.5,1790067049.5116992
train/dvac_new/weight_sumsq,55,789874.5625,1790067586.924005
train/dvac_new/weight_sumsq,56,789916.9375,1790067846.4162676
train/dvac_new/weight_sumsq,57,790143.5625,1790068107.1514897
train/dvac_new/weight_sumsq,58,791250.375,1790068369.720937
train/dvac_new/weight_sumsq,59,789693.6875,1790068630.812349
train/dvac_new/weight_sumsq,60,791163.625,1790069169.7895086
train/dvac_new/weight_sumsq,61,791479.8125,1790069427.9262567
train/dvac_new/weight_sumsq,62,792213.875,1790069690.4297922
train/dvac_new/weight_sumsq,63,790659.5625,1790069952.1334262
train/dvac_new/weight_sumsq,64,791617.9375,1790070213.769394
train/dvac_new/weight_sumsq,65,792254.8125,1790070746.236983
train/dvac_new/weight_sumsq,66,791867.3125,1790071007.8438427
train/dvac_new/weight_sumsq,67,791420.0,1790071270.230772
train/dvac_new/weight_sumsq,68,790763.125,1790071532.2634988
train/dvac_new/weight_sumsq,69,787688.375,1790071793.839704
train/dvac_new/weight_sumsq,70,786919.75,1790072332.0507002
train/dvac_new/weight_sumsq,71,786819.8125,1790072591.386263
train/dvac_new/weight_sumsq,72,785687.875,1790072852.8911986
train/dvac_new/weight_sumsq,73,786976.375,1790073115.2647376
train/dvac_new/weight_sumsq,74,786776.75,1790073376.6960871
train/dvac_new/weight_sumsq,75,787890.875,1790073911.3724844
train/dvac_new/weight_sumsq,76,786661.6875,1790074170.4337327
train/dvac_new/weight_sumsq,77,788005.0625,1790074431.7016304
train/dvac_new/weight_sumsq,78,787155.25,1790074695.0712864
train/dvac_new/weight_sumsq,79,787735.0,1790074956.4452007
train/dvac_new/weight_sumsq,80,788823.4375,1790075490.3620615
train/dvac_new/weight_sumsq,81,786647.375,1790075748.8705852
train/dvac_new/weight_sumsq,82,787133.3125,1790076009.1595178
train/dvac_new/weight_sumsq,83,786049.125,1790076270.8489845
train/dvac_new/weight_sumsq,84,786549.0,1790076532.655367
train/dvac_new/weight_sumsq,85,786718.375,1790077067.656085
train/dvac_new/weight_sumsq,86,787426.5,1790077327.417122
train/dvac_new/weight_sumsq,87,787344.6875,1790077588.3388867
train/dvac_new/weight_sumsq,88,787050.8125,1790077850.4126863
train/dvac_new/weight_sumsq,89,786841.5625,1790078112.48822
train/dvac_new/weight_sumsq,90,788123.6875,1790078647.423631
train/dvac_new/weight_sumsq,91,785351.5625,1790078907.5592906
train/dvac_new/weight_sumsq,92,786335.4375,1790079170.7564867
train/dvac_new/weight_sumsq,93,786105.5,1790079433.1285868
train/dvac_new/weight_sumsq,94,785084.625,1790079695.7501674
train/dvac_new/weight_sumsq,95,786012.9375,1790080233.5774226
train/dvac_new/weight_sumsq,96,786272.6875,1790080493.1442568
train/dvac_new/weight_sumsq,97,780551.0625,1790080753.9796014
train/dvac_new/weight_sumsq,98,779750.5625,1790081015.053119
train/dvac_new/weight_sumsq,99,778500.875,1790081276.715461
train/dvac_new/weight_sumsq,100,780629.625,1790081837.236269
train/dvac_new/weight_sumsq,101,781602.25,1790082096.52034
train/dvac_new/weight_sumsq,102,778249.25,1790082357.673765
train/dvac_new/weight_sumsq,103,778227.0,1790082618.9610846
train/dvac_new/weight_sumsq,104,779466.75,1790082879.764258
train/dvac_new/weight_sumsq,105,782549.9375,1790083411.662116
train/dvac_new/weight_sumsq,106,779908.625,1790083671.5515976
train/dvac_new/weight_sumsq,107,780139.5,1790083934.5926688
train/dvac_new/weight_sumsq,108,780101.1875,1790084197.466201
train/dvac_new/weight_sumsq,109,779667.9375,1790084457.8968332
train/dvac_new/weight_sumsq,110,778535.75,1790084994.1113324
train/dvac_new/weight_sumsq,111,780488.5,1790085254.3626666
train/dvac_new/weight_sumsq,112,779218.625,1790085516.5898726
train/dvac_new/weight_sumsq,113,782751.9375,1790085777.7694378
train/dvac_new/weight_sumsq,114,779483.625,1790086038.6427622
train/dvac_new/weight_sumsq,115,780886.8125,1790086566.6569796
train/dvac_new/weight_sumsq,116,778447.9375,1790086825.1318436
train/dvac_new/weight_sumsq,117,779923.9375,1790087085.777395
train/dvac_new/weight_sumsq,118,778767.3125,1790087345.9357896
train/dvac_new/weight_sumsq,119,780665.625,1790087606.390172
train/dvac_new/weight_sumsq,120,778825.625,1790088139.8929949
train/dvac_new/weight_sumsq,121,780091.875,1790088400.953531
train/dvac_new/weight_sumsq,122,781990.0625,1790088661.5070636
train/dvac_new/weight_sumsq,123,779019.3125,1790088921.1235352
train/dvac_new/weight_sumsq,124,782118.6875,1790089182.2051344
train/dvac_new/weight_sumsq,125,779129.625,1790089710.8969777
train/dvac_new/weight_sumsq,126,782971.75,1790089971.1513271
train/dvac_new/weight_sumsq,127,780164.4375,1790090233.2209835
train/dvac_new/weight_sumsq,128,781016.9375,1790090493.9181392
train/dvac_new/weight_sumsq,129,780279.125,1790090755.5927925
train/dvac_new/weight_sumsq,130,781262.25,1790091286.320225
train/dvac_new/weight_sumsq,131,781130.25,1790091544.632323
train/dvac_new/weight_sumsq,132,779973.1875,1790091805.9203963
train/dvac_new/weight_sumsq,133,780586.125,1790092067.1848867
train/dvac_new/weight_sumsq,134,783625.875,1790092330.8555622
train/dvac_new/weight_sumsq,135,779737.0625,1790092862.9259727
train/dvac_new/weight_sumsq,136,780347.25,1790093121.3586142
train/dvac_new/weight_sumsq,137,782101.0,1790093381.9761102
train/replay_buffer/filtered_success_episodes,1,0.0,1790050397.4272637
train/replay_buffer/filtered_success_episodes,2,0.0,1790050661.3450868
train/replay_buffer/filtered_success_episodes,3,0.0,1790050923.1922297
train/replay_buffer/filtered_success_episodes,4,0.0,1790051184.0592284
train/replay_buffer/filtered_success_episodes,5,1.0,1790051717.8051448
train/replay_buffer/filtered_success_episodes,6,1.0,1790051977.7500846
train/replay_buffer/filtered_success_episodes,7,1.0,1790052240.3007507
train/replay_buffer/filtered_success_episodes,8,1.0,1790052502.19732
train/replay_buffer/filtered_success_episodes,9,1.0,1790052763.3227353
train/replay_buffer/filtered_success_episodes,10,1.0,1790053293.0943224
train/replay_buffer/filtered_success_episodes,11,2.0,1790053552.2936165
train/replay_buffer/filtered_success_episodes,12,2.0,1790053812.6219325
train/replay_buffer/filtered_success_episodes,13,2.0,1790054073.6149964
train/replay_buffer/filtered_success_episodes,14,2.0,1790054335.6333768
train/replay_buffer/filtered_success_episodes,15,2.0,1790054878.9065554
train/replay_buffer/filtered_success_episodes,16,2.0,1790055137.8483849
train/replay_buffer/filtered_success_episodes,17,2.0,1790055400.160539
train/replay_buffer/filtered_success_episodes,18,3.0,1790055662.6729362
train/replay_buffer/filtered_success_episodes,19,5.0,1790055926.1055312
train/replay_buffer/filtered_success_episodes,20,5.0,1790056466.533289
train/replay_buffer/filtered_success_episodes,21,6.0,1790056728.0255885
train/replay_buffer/filtered_success_episodes,22,6.0,1790056990.8853934
train/replay_buffer/filtered_success_episodes,23,6.0,1790057254.8321903
train/replay_buffer/filtered_success_episodes,24,6.0,1790057516.0871787
train/replay_buffer/filtered_success_episodes,25,7.0,1790058061.4712045
train/replay_buffer/filtered_success_episodes,26,7.0,1790058321.696434
train/replay_buffer/filtered_success_episodes,27,7.0,1790058582.8969524
train/replay_buffer/filtered_success_episodes,28,7.0,1790058845.558434
train/replay_buffer/filtered_success_episodes,29,8.0,1790059107.2473705
train/replay_buffer/filtered_success_episodes,30,9.0,1790059649.8720598
train/replay_buffer/filtered_success_episodes,31,9.0,1790059909.1728368
train/replay_buffer/filtered_success_episodes,32,10.0,1790060169.904423
train/replay_buffer/filtered_success_episodes,33,10.0,1790060432.3521724
train/replay_buffer/filtered_success_episodes,34,11.0,1790060694.9399369
train/replay_buffer/filtered_success_episodes,35,12.0,1790061231.1756988
train/replay_buffer/filtered_success_episodes,36,13.0,1790061491.3077579
train/replay_buffer/filtered_success_episodes,37,13.0,1790061753.1361237
train/replay_buffer/filtered_success_episodes,38,14.0,1790062014.8422828
train/replay_buffer/filtered_success_episodes,39,14.0,1790062277.5243552
train/replay_buffer/filtered_success_episodes,40,15.0,1790062816.1906767
train/replay_buffer/filtered_success_episodes,41,16.0,1790063076.4230726
train/replay_buffer/filtered_success_episodes,42,16.0,1790063338.2991815
train/replay_buffer/filtered_success_episodes,43,17.0,1790063599.878143
train/replay_buffer/filtered_success_episodes,44,17.0,1790063859.639997
train/replay_buffer/filtered_success_episodes,45,17.0,1790064396.7997985
train/replay_buffer/filtered_success_episodes,46,17.0,1790064656.585329
train/replay_buffer/filtered_success_episodes,47,17.0,1790064918.62794
train/replay_buffer/filtered_success_episodes,48,17.0,1790065180.8863223
train/replay_buffer/filtered_success_episodes,49,17.0,1790065442.9641466
train/replay_buffer/filtered_success_episodes,50,17.0,1790066007.9070008
train/replay_buffer/filtered_success_episodes,51,18.0,1790066267.2571878
train/replay_buffer/filtered_success_episodes,52,19.0,1790066528.6566522
train/replay_buffer/filtered_success_episodes,53,19.0,1790066788.5498114
train/replay_buffer/filtered_success_episodes,54,19.0,1790067049.5122178
train/replay_buffer/filtered_success_episodes,55,19.0,1790067586.9240115
train/replay_buffer/filtered_success_episodes,56,19.0,1790067846.4167893
train/replay_buffer/filtered_success_episodes,57,19.0,1790068107.1517868
train/replay_buffer/filtered_success_episodes,58,19.0,1790068369.7211092
train/replay_buffer/filtered_success_episodes,59,20.0,1790068630.8129733
train/replay_buffer/filtered_success_episodes,60,20.0,1790069169.7895205
train/replay_buffer/filtered_success_episodes,61,20.0,1790069427.9264326
train/replay_buffer/filtered_success_episodes,62,20.0,1790069690.430032
train/replay_buffer/filtered_success_episodes,63,20.0,1790069952.1335893
train/replay_buffer/filtered_success_episodes,64,20.0,1790070213.7696176
train/replay_buffer/filtered_success_episodes,65,20.0,1790070746.2369905
train/replay_buffer/filtered_success_episodes,66,20.0,1790071007.844
train/replay_buffer/filtered_success_episodes,67,20.0,1790071270.230936
train/replay_buffer/filtered_success_episodes,68,20.0,1790071532.263659
train/replay_buffer/filtered_success_episodes,69,20.0,1790071793.8399186
train/replay_buffer/filtered_success_episodes,70,20.0,1790072332.050707
train/replay_buffer/filtered_success_episodes,71,20.0,1790072591.3867786
train/replay_buffer/filtered_success_episodes,72,20.0,1790072852.8917015
train/replay_buffer/filtered_success_episodes,73,20.0,1790073115.2649255
train/replay_buffer/filtered_success_episodes,74,20.0,1790073376.6965997
train/replay_buffer/filtered_success_episodes,75,20.0,1790073911.3724918
train/replay_buffer/filtered_success_episodes,76,20.0,1790074170.4339278
train/replay_buffer/filtered_success_episodes,77,20.0,1790074431.7018516
train/replay_buffer/filtered_success_episodes,78,21.0,1790074695.0717921
train/replay_buffer/filtered_success_episodes,79,22.0,1790074956.445394
train/replay_buffer/filtered_success_episodes,80,22.0,1790075490.3620713
train/replay_buffer/filtered_success_episodes,81,22.0,1790075748.8708167
train/replay_buffer/filtered_success_episodes,82,22.0,1790076009.1597068
train/replay_buffer/filtered_success_episodes,83,22.0,1790076270.8491774
train/replay_buffer/filtered_success_episodes,84,24.0,1790076532.6555614
train/replay_buffer/filtered_success_episodes,85,24.0,1790077067.6560917
train/replay_buffer/filtered_success_episodes,86,24.0,1790077327.417622
train/replay_buffer/filtered_success_episodes,87,24.0,1790077588.3391309
train/replay_buffer/filtered_success_episodes,88,24.0,1790077850.4131808
train/replay_buffer/filtered_success_episodes,89,24.0,1790078112.4887085
train/replay_buffer/filtered_success_episodes,90,25.0,1790078647.4236364
train/replay_buffer/filtered_success_episodes,91,25.0,1790078907.5594783
train/replay_buffer/filtered_success_episodes,92,25.0,1790079170.7566094
train/replay_buffer/filtered_success_episodes,93,26.0,1790079433.1288033
train/replay_buffer/filtered_success_episodes,94,27.0,1790079695.7504668
train/replay_buffer/filtered_success_episodes,95,27.0,1790080233.5774274
train/replay_buffer/filtered_success_episodes,96,27.0,1790080493.144437
train/replay_buffer/filtered_success_episodes,97,27.0,1790080753.979775
train/replay_buffer/filtered_success_episodes,98,28.0,1790081015.0535564
train/replay_buffer/filtered_success_episodes,99,29.0,1790081276.7159686
train/replay_buffer/filtered_success_episodes,100,29.0,1790081837.2362754
train/replay_buffer/filtered_success_episodes,101,29.0,1790082096.5205662
train/replay_buffer/filtered_success_episodes,102,29.0,1790082357.6742845
train/replay_buffer/filtered_success_episodes,103,29.0,1790082618.9612362
train/replay_buffer/filtered_success_episodes,104,29.0,1790082879.7646315
train/replay_buffer/filtered_success_episodes,105,29.0,1790083411.6621256
train/replay_buffer/filtered_success_episodes,106,29.0,1790083671.5520906
train/replay_buffer/filtered_success_episodes,107,30.0,1790083934.5931349
train/replay_buffer/filtered_success_episodes,108,30.0,1790084197.4663966
train/replay_buffer/filtered_success_episodes,109,30.0,1790084457.897017
train/replay_buffer/filtered_success_episodes,110,31.0,1790084994.1113389
train/replay_buffer/filtered_success_episodes,111,31.0,1790085254.3629727
train/replay_buffer/filtered_success_episodes,112,33.0,1790085516.5901122
train/replay_buffer/filtered_success_episodes,113,34.0,1790085777.7696383
train/replay_buffer/filtered_success_episodes,114,34.0,1790086038.6430664
train/replay_buffer/filtered_success_episodes,115,34.0,1790086566.6569853
train/replay_buffer/filtered_success_episodes,116,34.0,1790086825.132316
train/replay_buffer/filtered_success_episodes,117,35.0,1790087085.777558
train/replay_buffer/filtered_success_episodes,118,35.0,1790087345.9360297
train/replay_buffer/filtered_success_episodes,119,37.0,1790087606.3904183
train/replay_buffer/filtered_success_episodes,120,37.0,1790088139.8930025
train/replay_buffer/filtered_success_episodes,121,38.0,1790088400.9536865
train/replay_buffer/filtered_success_episodes,122,38.0,1790088661.507355
train/replay_buffer/filtered_success_episodes,123,40.0,1790088921.1237323
train/replay_buffer/filtered_success_episodes,124,40.0,1790089182.2052732
train/replay_buffer/filtered_success_episodes,125,40.0,1790089710.8969824
train/replay_buffer/filtered_success_episodes,126,40.0,1790089971.1515367
train/replay_buffer/filtered_success_episodes,127,40.0,1790090233.2211695
train/replay_buffer/filtered_success_episodes,128,40.0,1790090493.9184382
train/replay_buffer/filtered_success_episodes,129,40.0,1790090755.5932984
train/replay_buffer/filtered_success_episodes,130,41.0,1790091286.3202317
train/replay_buffer/filtered_success_episodes,131,41.0,1790091544.6328244
train/replay_buffer/filtered_success_episodes,132,41.0,1790091805.920576
train/replay_buffer/filtered_success_episodes,133,42.0,1790092067.18538
train/replay_buffer/filtered_success_episodes,134,43.0,1790092330.855734
train/replay_buffer/filtered_success_episodes,135,43.0,1790092862.9259787
train/replay_buffer/filtered_success_episodes,136,43.0,1790093121.3589191
train/replay_buffer/filtered_success_episodes,137,43.0,1790093381.9762824
train/replay_buffer/query_records,1,3.0,1790050397.4272704
train/replay_buffer/query_records,2,9.0,1790050661.3450937
train/replay_buffer/query_records,3,18.0,1790050923.1922438
train/replay_buffer/query_records,4,24.0,1790051184.0592368
train/replay_buffer/query_records,5,30.0,1790051717.805152
train/replay_buffer/query_records,6,33.0,1790051977.7500966
train/replay_buffer/query_records,7,36.0,1790052240.3007722
train/replay_buffer/query_records,8,36.0,1790052502.1973279
train/replay_buffer/query_records,9,42.0,1790052763.3227441
train/replay_buffer/query_records,10,48.0,1790053293.0943353
train/replay_buffer/query_records,11,54.0,1790053552.293624
train/replay_buffer/query_records,12,60.0,1790053812.6219387
train/replay_buffer/query_records,13,69.0,1790054073.6150036
train/replay_buffer/query_records,14,78.0,1790054335.633385
train/replay_buffer/query_records,15,84.0,1790054878.9065611
train/replay_buffer/query_records,16,93.0,1790055137.8483925
train/replay_buffer/query_records,17,99.0,1790055400.1605442
train/replay_buffer/query_records,18,105.0,1790055662.6729426
train/replay_buffer/query_records,19,105.0,1790055926.1055381
train/replay_buffer/query_records,20,114.0,1790056466.533295
train/replay_buffer/query_records,21,117.0,1790056728.0255952
train/replay_buffer/query_records,22,117.0,1790056990.8854
train/replay_buffer/query_records,23,117.0,1790057254.8321974
train/replay_buffer/query_records,24,126.0,1790057516.0871863
train/replay_buffer/query_records,25,129.0,1790058061.4712093
train/replay_buffer/query_records,26,135.0,1790058321.6964417
train/replay_buffer/query_records,27,138.0,1790058582.896959
train/replay_buffer/query_records,28,144.0,1790058845.5584416
train/replay_buffer/query_records,29,150.0,1790059107.2473772
train/replay_buffer/query_records,30,153.0,1790059649.872067
train/replay_buffer/query_records,31,156.0,1790059909.1728456
train/replay_buffer/query_records,32,159.0,1790060169.9044292
train/replay_buffer/query_records,33,162.0,1790060432.352179
train/replay_buffer/query_records,34,168.0,1790060694.939943
train/replay_buffer/query_records,35,174.0,1790061231.1757047
train/replay_buffer/query_records,36,177.0,1790061491.3077645
train/replay_buffer/query_records,37,180.0,1790061753.1361303
train/replay_buffer/query_records,38,183.0,1790062014.842289
train/replay_buffer/query_records,39,189.0,1790062277.5243628
train/replay_buffer/query_records,40,189.0,1790062816.190682
train/replay_buffer/query_records,41,198.0,1790063076.423079
train/replay_buffer/query_records,42,207.0,1790063338.299189
train/replay_buffer/query_records,43,210.0,1790063599.8781497
train/replay_buffer/query_records,44,219.0,1790063859.6400034
train/replay_buffer/query_records,45,228.0,1790064396.7998044
train/replay_buffer/query_records,46,231.0,1790064656.5853357
train/replay_buffer/query_records,47,237.0,1790064918.6279929
train/replay_buffer/query_records,48,240.0,1790065180.8863273
train/replay_buffer/query_records,49,246.0,1790065442.9641535
train/replay_buffer/query_records,50,246.0,1790066007.907008
train/replay_buffer/query_records,51,246.0,1790066267.2571995
train/replay_buffer/query_records,52,252.0,1790066528.6566594
train/replay_buffer/query_records,53,264.0,1790066788.5498183
train/replay_buffer/query_records,54,273.0,1790067049.5122294
train/replay_buffer/query_records,55,279.0,1790067586.924018
train/replay_buffer/query_records,56,285.0,1790067846.4167962
train/replay_buffer/query_records,57,291.0,1790068107.1517925
train/replay_buffer/query_records,58,294.0,1790068369.7211158
train/replay_buffer/query_records,59,303.0,1790068630.8129797
train/replay_buffer/query_records,60,309.0,1790069169.7895324
train/replay_buffer/query_records,61,318.0,1790069427.9264393
train/replay_buffer/query_records,62,321.0,1790069690.430039
train/replay_buffer/query_records,63,327.0,1790069952.1335957
train/replay_buffer/query_records,64,330.0,1790070213.769624
train/replay_buffer/query_records,65,336.0,1790070746.2369976
train/replay_buffer/query_records,66,339.0,1790071007.844007
train/replay_buffer/query_records,67,351.0,1790071270.2309427
train/replay_buffer/query_records,68,357.0,1790071532.2636657
train/replay_buffer/query_records,69,369.0,1790071793.8399239
train/replay_buffer/query_records,70,375.0,1790072332.0507143
train/replay_buffer/query_records,71,381.0,1790072591.386785
train/replay_buffer/query_records,72,393.0,1790072852.8917081
train/replay_buffer/query_records,73,402.0,1790073115.2649324
train/replay_buffer/query_records,74,411.0,1790073376.6966066
train/replay_buffer/query_records,75,414.0,1790073911.3724997
train/replay_buffer/query_records,76,423.0,1790074170.433934
train/replay_buffer/query_records,77,432.0,1790074431.7018585
train/replay_buffer/query_records,78,435.0,1790074695.0717998
train/replay_buffer/query_records,79,441.0,1790074956.4454
train/replay_buffer/query_records,80,444.0,1790075490.3620813
train/replay_buffer/query_records,81,450.0,1790075748.8708231
train/replay_buffer/query_records,82,456.0,1790076009.1597164
train/replay_buffer/query_records,83,462.0,1790076270.8491836
train/replay_buffer/query_records,84,465.0,1790076532.6555684
train/replay_buffer/query_records,85,468.0,1790077067.6560984
train/replay_buffer/query_records,86,474.0,1790077327.4176276
train/replay_buffer/query_records,87,483.0,1790077588.33914
train/replay_buffer/query_records,88,486.0,1790077850.4131875
train/replay_buffer/query_records,89,489.0,1790078112.4887152
train/replay_buffer/query_records,90,498.0,1790078647.4236426
train/replay_buffer/query_records,91,510.0,1790078907.5595024
train/replay_buffer/query_records,92,516.0,1790079170.756617
train/replay_buffer/query_records,93,522.0,1790079433.1288142
train/replay_buffer/query_records,94,528.0,1790079695.750475
train/replay_buffer/query_records,95,528.0,1790080233.5774326
train/replay_buffer/query_records,96,534.0,1790080493.1444433
train/replay_buffer/query_records,97,543.0,1790080753.9797816
train/replay_buffer/query_records,98,549.0,1790081015.0535634
train/replay_buffer/query_records,99,555.0,1790081276.7159755
train/replay_buffer/query_records,100,558.0,1790081837.2362814
train/replay_buffer/query_records,101,561.0,1790082096.5205762
train/replay_buffer/query_records,102,567.0,1790082357.6742914
train/replay_buffer/query_records,103,576.0,1790082618.9612474
train/replay_buffer/query_records,104,588.0,1790082879.7646384
train/replay_buffer/query_records,105,597.0,1790083411.6621344
train/replay_buffer/query_records,106,606.0,1790083671.5520973
train/replay_buffer/query_records,107,606.0,1790083934.5931418
train/replay_buffer/query_records,108,612.0,1790084197.4664044
train/replay_buffer/query_records,109,618.0,1790084457.8970237
train/replay_buffer/query_records,110,621.0,1790084994.111345
train/replay_buffer/query_records,111,624.0,1790085254.3629804
train/replay_buffer/query_records,112,624.0,1790085516.5901194
train/replay_buffer/query_records,113,633.0,1790085777.769645
train/replay_buffer/query_records,114,642.0,1790086038.6430733
train/replay_buffer/query_records,115,648.0,1790086566.6569917
train/replay_buffer/query_records,116,654.0,1790086825.1323233
train/replay_buffer/query_records,117,657.0,1790087085.7775645
train/replay_buffer/query_records,118,666.0,1790087345.9360363
train/replay_buffer/query_records,119,669.0,1790087606.3904247
train/replay_buffer/query_records,120,678.0,1790088139.8930104
train/replay_buffer/query_records,121,678.0,1790088400.953693
train/replay_buffer/query_records,122,684.0,1790088661.5073612
train/replay_buffer/query_records,123,690.0,1790088921.12374
train/replay_buffer/query_records,124,696.0,1790089182.2052803
train/replay_buffer/query_records,125,705.0,1790089710.8969877
train/replay_buffer/query_records,126,714.0,1790089971.151543
train/replay_buffer/query_records,127,720.0,1790090233.2211761
train/replay_buffer/query_records,128,729.0,1790090493.9184446
train/replay_buffer/query_records,129,732.0,1790090755.5933053
train/replay_buffer/query_records,130,738.0,1790091286.320246
train/replay_buffer/query_records,131,747.0,1790091544.6328332
train/replay_buffer/query_records,132,759.0,1790091805.9205828
train/replay_buffer/query_records,133,762.0,1790092067.185386
train/replay_buffer/query_records,134,762.0,1790092330.8557448
train/replay_buffer/query_records,135,771.0,1790092862.9259849
train/replay_buffer/query_records,136,777.0,1790093121.3589258
train/replay_buffer/query_records,137,780.0,1790093381.9762893
train/replay_buffer/success_episodes,1,1.0,1790050397.427277
train/replay_buffer/success_episodes,2,3.0,1790050661.3451004
train/replay_buffer/success_episodes,3,6.0,1790050923.1922495
train/replay_buffer/success_episodes,4,8.0,1790051184.0592437
train/replay_buffer/success_episodes,5,10.0,1790051717.8051589
train/replay_buffer/success_episodes,6,11.0,1790051977.7501073
train/replay_buffer/success_episodes,7,12.0,1790052240.3007905
train/replay_buffer/success_episodes,8,12.0,1790052502.1973348
train/replay_buffer/success_episodes,9,14.0,1790052763.3227508
train/replay_buffer/success_episodes,10,16.0,1790053293.0943482
train/replay_buffer/success_episodes,11,18.0,1790053552.2936296
train/replay_buffer/success_episodes,12,20.0,1790053812.621945
train/replay_buffer/success_episodes,13,23.0,1790054073.6150098
train/replay_buffer/success_episodes,14,26.0,1790054335.6333919
train/replay_buffer/success_episodes,15,28.0,1790054878.9065666
train/replay_buffer/success_episodes,16,31.0,1790055137.8483996
train/replay_buffer/success_episodes,17,33.0,1790055400.1605487
train/replay_buffer/success_episodes,18,35.0,1790055662.6729486
train/replay_buffer/success_episodes,19,35.0,1790055926.1055439
train/replay_buffer/success_episodes,20,38.0,1790056466.5333004
train/replay_buffer/success_episodes,21,39.0,1790056728.0256014
train/replay_buffer/success_episodes,22,39.0,1790056990.885406
train/replay_buffer/success_episodes,23,39.0,1790057254.8322039
train/replay_buffer/success_episodes,24,42.0,1790057516.087193
train/replay_buffer/success_episodes,25,43.0,1790058061.4712138
train/replay_buffer/success_episodes,26,45.0,1790058321.6964486
train/replay_buffer/success_episodes,27,46.0,1790058582.8969648
train/replay_buffer/success_episodes,28,48.0,1790058845.5584493
train/replay_buffer/success_episodes,29,50.0,1790059107.2473836
train/replay_buffer/success_episodes,30,51.0,1790059649.8720734
train/replay_buffer/success_episodes,31,52.0,1790059909.1728537
train/replay_buffer/success_episodes,32,53.0,1790060169.9044347
train/replay_buffer/success_episodes,33,54.0,1790060432.3521845
train/replay_buffer/success_episodes,34,56.0,1790060694.9399493
train/replay_buffer/success_episodes,35,58.0,1790061231.1757104
train/replay_buffer/success_episodes,36,59.0,1790061491.3077703
train/replay_buffer/success_episodes,37,60.0,1790061753.1361365
train/replay_buffer/success_episodes,38,61.0,1790062014.8422945
train/replay_buffer/success_episodes,39,63.0,1790062277.524369
train/replay_buffer/success_episodes,40,63.0,1790062816.1906867
train/replay_buffer/success_episodes,41,66.0,1790063076.423086
train/replay_buffer/success_episodes,42,69.0,1790063338.299195
train/replay_buffer/success_episodes,43,70.0,1790063599.8781555
train/replay_buffer/success_episodes,44,73.0,1790063859.6400092
train/replay_buffer/success_episodes,45,76.0,1790064396.7998104
train/replay_buffer/success_episodes,46,77.0,1790064656.5853417
train/replay_buffer/success_episodes,47,79.0,1790064918.6280222
train/replay_buffer/success_episodes,48,80.0,1790065180.8863323
train/replay_buffer/success_episodes,49,82.0,1790065442.9641593
train/replay_buffer/success_episodes,50,82.0,1790066007.9070146
train/replay_buffer/success_episodes,51,82.0,1790066267.2572103
train/replay_buffer/success_episodes,52,84.0,1790066528.6566663
train/replay_buffer/success_episodes,53,88.0,1790066788.5498247
train/replay_buffer/success_episodes,54,91.0,1790067049.5122423
train/replay_buffer/success_episodes,55,93.0,1790067586.924028
train/replay_buffer/success_episodes,56,95.0,1790067846.4168017
train/replay_buffer/success_episodes,57,97.0,1790068107.1517975
train/replay_buffer/success_episodes,58,98.0,1790068369.721122
train/replay_buffer/success_episodes,59,101.0,1790068630.8129857
train/replay_buffer/success_episodes,60,103.0,1790069169.7895443
train/replay_buffer/success_episodes,61,106.0,1790069427.9264448
train/replay_buffer/success_episodes,62,107.0,1790069690.4300458
train/replay_buffer/success_episodes,63,109.0,1790069952.133602
train/replay_buffer/success_episodes,64,110.0,1790070213.7696307
train/replay_buffer/success_episodes,65,112.0,1790070746.2370043
train/replay_buffer/success_episodes,66,113.0,1790071007.844015
train/replay_buffer/success_episodes,67,117.0,1790071270.2309492
train/replay_buffer/success_episodes,68,119.0,1790071532.2636719
train/replay_buffer/success_episodes,69,123.0,1790071793.8399286
train/replay_buffer/success_episodes,70,125.0,1790072332.0507216
train/replay_buffer/success_episodes,71,127.0,1790072591.3867912
train/replay_buffer/success_episodes,72,131.0,1790072852.891714
train/replay_buffer/success_episodes,73,134.0,1790073115.2649376
train/replay_buffer/success_episodes,74,137.0,1790073376.6966126
train/replay_buffer/success_episodes,75,138.0,1790073911.3725069
train/replay_buffer/success_episodes,76,141.0,1790074170.43394
train/replay_buffer/success_episodes,77,144.0,1790074431.701867
train/replay_buffer/success_episodes,78,145.0,1790074695.0718057
train/replay_buffer/success_episodes,79,147.0,1790074956.445406
train/replay_buffer/success_episodes,80,148.0,1790075490.3620908
train/replay_buffer/success_episodes,81,150.0,1790075748.870829
train/replay_buffer/success_episodes,82,152.0,1790076009.1597254
train/replay_buffer/success_episodes,83,154.0,1790076270.8491895
train/replay_buffer/success_episodes,84,155.0,1790076532.6555743
train/replay_buffer/success_episodes,85,156.0,1790077067.6561038
train/replay_buffer/success_episodes,86,158.0,1790077327.4176323
train/replay_buffer/success_episodes,87,161.0,1790077588.339146
train/replay_buffer/success_episodes,88,162.0,1790077850.4131937
train/replay_buffer/success_episodes,89,163.0,1790078112.4887211
train/replay_buffer/success_episodes,90,166.0,1790078647.4236484
train/replay_buffer/success_episodes,91,170.0,1790078907.5595217
train/replay_buffer/success_episodes,92,172.0,1790079170.7566235
train/replay_buffer/success_episodes,93,174.0,1790079433.1288238
train/replay_buffer/success_episodes,94,176.0,1790079695.750482
train/replay_buffer/success_episodes,95,176.0,1790080233.5774374
train/replay_buffer/success_episodes,96,178.0,1790080493.1444492
train/replay_buffer/success_episodes,97,181.0,1790080753.9797876
train/replay_buffer/success_episodes,98,183.0,1790081015.0535693
train/replay_buffer/success_episodes,99,185.0,1790081276.7159812
train/replay_buffer/success_episodes,100,186.0,1790081837.2362876
train/replay_buffer/success_episodes,101,187.0,1790082096.5205832
train/replay_buffer/success_episodes,102,189.0,1790082357.6742983
train/replay_buffer/success_episodes,103,192.0,1790082618.9612572
train/replay_buffer/success_episodes,104,196.0,1790082879.7646444
train/replay_buffer/success_episodes,105,199.0,1790083411.6621432
train/replay_buffer/success_episodes,106,202.0,1790083671.5521035
train/replay_buffer/success_episodes,107,202.0,1790083934.5931478
train/replay_buffer/success_episodes,108,204.0,1790084197.4664114
train/replay_buffer/success_episodes,109,206.0,1790084457.89703
train/replay_buffer/success_episodes,110,207.0,1790084994.1113513
train/replay_buffer/success_episodes,111,208.0,1790085254.3629875
train/replay_buffer/success_episodes,112,208.0,1790085516.5901256
train/replay_buffer/success_episodes,113,211.0,1790085777.7696514
train/replay_buffer/success_episodes,114,214.0,1790086038.6430795
train/replay_buffer/success_episodes,115,216.0,1790086566.6569977
train/replay_buffer/success_episodes,116,218.0,1790086825.1323297
train/replay_buffer/success_episodes,117,219.0,1790087085.7775705
train/replay_buffer/success_episodes,118,222.0,1790087345.9360425
train/replay_buffer/success_episodes,119,223.0,1790087606.3904312
train/replay_buffer/success_episodes,120,226.0,1790088139.8930185
train/replay_buffer/success_episodes,121,226.0,1790088400.953699
train/replay_buffer/success_episodes,122,228.0,1790088661.5073671
train/replay_buffer/success_episodes,123,230.0,1790088921.1237469
train/replay_buffer/success_episodes,124,232.0,1790089182.2052872
train/replay_buffer/success_episodes,125,235.0,1790089710.896992
train/replay_buffer/success_episodes,126,238.0,1790089971.151549
train/replay_buffer/success_episodes,127,240.0,1790090233.2211816
train/replay_buffer/success_episodes,128,243.0,1790090493.9184506
train/replay_buffer/success_episodes,129,244.0,1790090755.593311
train/replay_buffer/success_episodes,130,246.0,1790091286.3202522
train/replay_buffer/success_episodes,131,249.0,1790091544.632842
train/replay_buffer/success_episodes,132,253.0,1790091805.9205885
train/replay_buffer/success_episodes,133,254.0,1790092067.185391
train/replay_buffer/success_episodes,134,254.0,1790092330.855754
train/replay_buffer/success_episodes,135,257.0,1790092862.9259906
train/replay_buffer/success_episodes,136,259.0,1790093121.3589325
train/replay_buffer/success_episodes,137,260.0,1790093381.9762955
eval/return,5,0.375,1790051717.788376
eval/return,10,0.3125,1790053293.0744748
eval/return,15,0.4375,1790054878.889989
eval/return,20,0.46875,1790056466.5138345
eval/return,25,0.3125,1790058061.4528587
eval/return,30,0.40625,1790059649.8565648
eval/return,35,0.5,1790061231.1609802
eval/return,40,0.46875,1790062816.1758425
eval/return,45,0.4375,1790064396.7848132
eval/return,50,0.46875,1790065982.1630046
eval/return,55,0.5,1790067586.9071932
eval/return,60,0.46875,1790069169.7727776
eval/return,65,0.5625,1790070746.2222304
eval/return,70,0.46875,1790072332.0353994
eval/return,75,0.46875,1790073911.3588073
eval/return,80,0.5,1790075490.347679
eval/return,85,0.5,1790077067.6408772
eval/return,90,0.46875,1790078647.4087372
eval/return,95,0.5625,1790080233.5599685
eval/return,100,0.4375,1790081812.2775044
eval/return,105,0.5,1790083411.6482623
eval/return,110,0.46875,1790084994.0969942
eval/return,115,0.40625,1790086566.6433234
eval/return,120,0.4375,1790088139.8790894
eval/return,125,0.5,1790089710.8798187
eval/return,130,0.5,1790091286.304806
eval/return,135,0.5,1790092862.9102712
eval/success_at_end,5,0.375,1790051717.7884374
eval/success_at_end,10,0.3125,1790053293.0746148
eval/success_at_end,15,0.4375,1790054878.8901176
eval/success_at_end,20,0.46875,1790056466.5139244
eval/success_at_end,25,0.3125,1790058061.4529228
eval/success_at_end,30,0.40625,1790059649.85662
eval/success_at_end,35,0.5,1790061231.1611202
eval/success_at_end,40,0.46875,1790062816.175988
eval/success_at_end,45,0.4375,1790064396.7849638
eval/success_at_end,50,0.46875,1790065982.1631138
eval/success_at_end,55,0.5,1790067586.9072645
eval/success_at_end,60,0.46875,1790069169.7729359
eval/success_at_end,65,0.5625,1790070746.2222984
eval/success_at_end,70,0.46875,1790072332.0354607
eval/success_at_end,75,0.46875,1790073911.3588712
eval/success_at_end,80,0.5,1790075490.3478312
eval/success_at_end,85,0.5,1790077067.641014
eval/success_at_end,90,0.46875,1790078647.408875
eval/success_at_end,95,0.5625,1790080233.5600975
eval/success_at_end,100,0.4375,1790081812.2776675
eval/success_at_end,105,0.5,1790083411.6483314
eval/success_at_end,110,0.46875,1790084994.097157
eval/success_at_end,115,0.40625,1790086566.6434822
eval/success_at_end,120,0.4375,1790088139.879148
eval/success_at_end,125,0.5,1790089710.8799834
eval/success_at_end,130,0.5,1790091286.3049533
eval/success_at_end,135,0.5,1790092862.9104412
eval/success_once,5,0.375,1790051717.7884471
eval/success_once,10,0.3125,1790053293.074643
eval/success_once,15,0.4375,1790054878.8901398
eval/success_once,20,0.46875,1790056466.5139396
eval/success_once,25,0.3125,1790058061.4529333
eval/success_once,30,0.40625,1790059649.8566296
eval/success_once,35,0.5,1790061231.1611512
eval/success_once,40,0.46875,1790062816.1760225
eval/success_once,45,0.4375,1790064396.7849965
eval/success_once,50,0.46875,1790065982.1631331
eval/success_once,55,0.5,1790067586.9072914
eval/success_once,60,0.46875,1790069169.7729661
eval/success_once,65,0.5625,1790070746.2223094
eval/success_once,70,0.46875,1790072332.035472
eval/success_once,75,0.46875,1790073911.3588817
eval/success_once,80,0.5,1790075490.347861
eval/success_once,85,0.5,1790077067.6410465
eval/success_once,90,0.46875,1790078647.408906
eval/success_once,95,0.5625,1790080233.5601277
eval/success_once,100,0.4375,1790081812.2776992
eval/success_once,105,0.5,1790083411.6483436
eval/success_once,110,0.46875,1790084994.097188
eval/success_once,115,0.40625,1790086566.643512
eval/success_once,120,0.4375,1790088139.8791573
eval/success_once,125,0.5,1790089710.8800163
eval/success_once,130,0.5,1790091286.3049846
eval/success_once,135,0.5,1790092862.9104724
eval/reward,5,0.0018749999580904841,1790051717.7884543
eval/reward,10,0.0015624999068677425,1790053293.0746646
eval/reward,15,0.0021875000093132257,1790054878.890157
eval/reward,20,0.002343749860301614,1790056466.51395
eval/reward,25,0.0015624997904524207,1790058061.4529407
eval/reward,30,0.0020312496926635504,1790059649.856637
eval/reward,35,0.0024999999441206455,1790061231.1611743
eval/reward,40,0.002343749860301614,1790062816.1760461
eval/reward,45,0.002187499776482582,1790064396.785023
eval/reward,50,0.002343749860301614,1790065982.1631472
eval/reward,55,0.002499999711290002,1790067586.9073136
eval/reward,60,0.002343749860301614,1790069169.772989
eval/reward,65,0.0028124998789280653,1790070746.222318
eval/reward,70,0.002343749860301614,1790072332.0354795
eval/reward,75,0.002343749860301614,1790073911.35889
eval/reward,80,0.0024999999441206455,1790075490.3478837
eval/reward,85,0.002499999711290002,1790077067.6410687
eval/reward,90,0.002343749860301614,1790078647.4089282
eval/reward,95,0.0028124998789280653,1790080233.560151
eval/reward,100,0.002187499776482582,1790081812.2777216
eval/reward,105,0.002499999711290002,1790083411.6483529
eval/reward,110,0.002343749860301614,1790084994.0972106
eval/reward,115,0.002031249925494194,1790086566.6435347
eval/reward,120,0.0021875000093132257,1790088139.879164
eval/reward,125,0.002499999711290002,1790089710.8800385
eval/reward,130,0.0024999999441206455,1790091286.3050077
eval/reward,135,0.0024999999441206455,1790092862.910494
eval/episode_len,5,200.0,1790051717.7884607
eval/episode_len,10,200.0,1790053293.0746803
eval/episode_len,15,200.0,1790054878.8901718
eval/episode_len,20,200.0,1790056466.5139592
eval/episode_len,25,200.0,1790058061.4529474
eval/episode_len,30,200.0,1790059649.856644
eval/episode_len,35,200.0,1790061231.161194
eval/episode_len,40,200.0,1790062816.1760662
eval/episode_len,45,200.0,1790064396.7850432
eval/episode_len,50,200.0,1790065982.1631606
eval/episode_len,55,200.0,1790067586.9073362
eval/episode_len,60,200.0,1790069169.773009
eval/episode_len,65,200.0,1790070746.2223256
eval/episode_len,70,200.0,1790072332.0354862
eval/episode_len,75,200.0,1790073911.3588977
eval/episode_len,80,200.0,1790075490.3479044
eval/episode_len,85,200.0,1790077067.6410875
eval/episode_len,90,200.0,1790078647.4089491
eval/episode_len,95,200.0,1790080233.5601702
eval/episode_len,100,200.0,1790081812.277741
eval/episode_len,105,200.0,1790083411.6483614
eval/episode_len,110,200.0,1790084994.0972326
eval/episode_len,115,200.0,1790086566.6435473
eval/episode_len,120,200.0,1790088139.8791697
eval/episode_len,125,200.0,1790089710.8800578
eval/episode_len,130,200.0,1790091286.305026
eval/episode_len,135,200.0,1790092862.9105139
eval/num_trajectories,5,32.0,1790051717.7885048
eval/num_trajectories,10,32.0,1790053293.074783
eval/num_trajectories,15,32.0,1790054878.890261
eval/num_trajectories,20,32.0,1790056466.5140257
eval/num_trajectories,25,32.0,1790058061.4529958
eval/num_trajectories,30,32.0,1790059649.856684
eval/num_trajectories,35,32.0,1790061231.161296
eval/num_trajectories,40,32.0,1790062816.1761694
eval/num_trajectories,45,32.0,1790064396.7851632
eval/num_trajectories,50,32.0,1790065982.1632519
eval/num_trajectories,55,32.0,1790067586.9074025
eval/num_trajectories,60,32.0,1790069169.7731326
eval/num_trajectories,65,32.0,1790070746.2223716
eval/num_trajectories,70,32.0,1790072332.0355327
eval/num_trajectories,75,32.0,1790073911.3589556
eval/num_trajectories,80,32.0,1790075490.3480046
eval/num_trajectories,85,32.0,1790077067.6411896
eval/num_trajectories,90,32.0,1790078647.4090128
eval/num_trajectories,95,32.0,1790080233.5602853
eval/num_trajectories,100,32.0,1790081812.2778425
eval/num_trajectories,105,32.0,1790083411.648424
eval/num_trajectories,110,32.0,1790084994.0973573
eval/num_trajectories,115,32.0,1790086566.64361
eval/num_trajectories,120,32.0,1790088139.8792205
eval/num_trajectories,125,32.0,1790089710.880188
eval/num_trajectories,130,32.0,1790091286.3051279
eval/num_trajectories,135,32.0,1790092862.9106407
time/eval,5,273.15521240234375,1790051717.8029394
time/eval,10,269.1220397949219,1790053293.09275
time/eval,15,280.66302490234375,1790054878.9053261
time/eval,20,276.835205078125,1790056466.5306127
time/eval,25,281.8035583496094,1790058061.4689498
time/eval,30,279.4229736328125,1790059649.8702126
time/eval,35,273.8719787597656,1790061231.1738307
time/eval,40,275.9913330078125,1790062816.1885338
time/eval,45,276.11492919921875,1790064396.797035
time/eval,50,277.75042724609375,1790066007.9048767
time/eval,55,275.3613586425781,1790067586.9215448
time/eval,60,276.7791442871094,1790069169.7880008
time/eval,65,271.3256530761719,1790070746.234258
time/eval,70,276.7877197265625,1790072332.0479195
time/eval,75,271.9315185546875,1790073911.3711116
time/eval,80,271.76068115234375,1790075490.3587077
time/eval,85,272.23651123046875,1790077067.654062
time/eval,90,272.5734558105469,1790078647.4213336
time/eval,95,275.6196594238281,1790080233.5747344
time/eval,100,275.3743591308594,1790081837.2341206
time/eval,105,271.8774719238281,1790083411.6598647
time/eval,110,275.4136962890625,1790084994.1092453
time/eval,115,267.2583923339844,1790086566.6551158
time/eval,120,273.270751953125,1790088139.8906293
time/eval,125,268.9638366699219,1790089710.8950975
time/eval,130,268.2065734863281,1790091286.3175235
time/eval,135,269.6877136230469,1790092862.9232461
time/env/evaluate,5,267.8675537109375,1790051717.8034942
time/env/evaluate,10,264.3160400390625,1790053293.0930405
time/env/evaluate,15,275.624755859375,1790054878.90557
time/env/evaluate,20,271.93841552734375,1790056466.5312333
time/env/evaluate,25,276.73828125,1790058061.4695854
time/env/evaluate,30,274.49786376953125,1790059649.8706293
time/env/evaluate,35,268.44964599609375,1790061231.1742203
time/env/evaluate,40,271.0293884277344,1790062816.1891637
time/env/evaluate,45,271.13116455078125,1790064396.7974575
time/env/evaluate,50,272.5472412109375,1790066007.9053755
time/env/evaluate,55,270.4466857910156,1790067586.9221919
time/env/evaluate,60,271.6328430175781,1790069169.788297
time/env/evaluate,65,266.59710693359375,1790070746.2347715
time/env/evaluate,70,272.05511474609375,1790072332.0484943
time/env/evaluate,75,267.2381286621094,1790073911.37143
time/env/evaluate,80,266.8028869628906,1790075490.359419
time/env/evaluate,85,267.3984069824219,1790077067.6545238
time/env/evaluate,90,267.9212951660156,1790078647.4218364
time/env/evaluate,95,270.4508972167969,1790080233.575274
time/env/evaluate,100,270.4412536621094,1790081837.2345953
time/env/evaluate,105,266.9876708984375,1790083411.6603923
time/env/evaluate,110,270.60595703125,1790084994.1096869
time/env/evaluate,115,262.4431457519531,1790086566.6555023
time/env/evaluate,120,268.2324523925781,1790088139.8910806
time/env/evaluate,125,264.0370788574219,1790089710.8954406
time/env/evaluate,130,263.4847106933594,1790091286.3180685
time/env/evaluate,135,265.20001220703125,1790092862.9243772
time/rollout/evaluate,5,267.3468322753906,1790051717.8039937
time/rollout/evaluate,10,263.39385986328125,1790053293.0932982
time/rollout/evaluate,15,274.24090576171875,1790054878.9057906
time/rollout/evaluate,20,271.2079772949219,1790056466.5318031
time/rollout/evaluate,25,275.6656188964844,1790058061.4701128
time/rollout/evaluate,30,273.4375305175781,1790059649.8710217
time/rollout/evaluate,35,268.2098693847656,1790061231.174557
time/rollout/evaluate,40,270.3425598144531,1790062816.1896696
time/rollout/evaluate,45,269.8721923828125,1790064396.7978473
time/rollout/evaluate,50,271.5549011230469,1790066007.9057422
time/rollout/evaluate,55,269.662353515625,1790067586.9227135
time/rollout/evaluate,60,270.839111328125,1790069169.7885509
time/rollout/evaluate,65,266.070068359375,1790070746.2352781
time/rollout/evaluate,70,271.3406677246094,1790072332.049029
time/rollout/evaluate,75,266.0502014160156,1790073911.371657
time/rollout/evaluate,80,266.6466369628906,1790075490.3599687
time/rollout/evaluate,85,266.82586669921875,1790077067.6549764
time/rollout/evaluate,90,267.1933288574219,1790078647.4227462
time/rollout/evaluate,95,269.80438232421875,1790080233.575777
time/rollout/evaluate,100,269.4295349121094,1790081837.2349887
time/rollout/evaluate,105,265.86798095703125,1790083411.6608968
time/rollout/evaluate,110,269.65020751953125,1790084994.1101186
time/rollout/evaluate,115,261.03326416015625,1790086566.655863
time/rollout/evaluate,120,267.3242492675781,1790088139.891499
time/rollout/evaluate,125,263.3662109375,1790089710.8957486
time/rollout/evaluate,130,262.4799499511719,1790091286.318608
time/rollout/evaluate,135,264.5237731933594,1790092862.924865
