timestamp,elapsed_s,gpu_index,gpu_memory_used_mib,gpu_memory_total_mib,gpu_util_pct,gpu_memory_util_pct,temperature_c,power_w,cgroup_current_bytes,cgroup_anon_bytes,cgroup_file_bytes,event_low,event_high,event_max,event_oom,event_oom_kill,host_mem_available_kib,shm_available_kib,disk_available_kib,gpu_compute_process_count,driver_alive
2026-08-22T00:14:15+08:00,59,0,504,81920,0,0,31,67.82,104424046592,38124044288,64315850752,0,0,0,0,0,953924024,125828968,792498560,2,1
2026-08-22T00:14:15+08:00,59,1,503,81920,0,0,42,70.0,104424046592,38124044288,64315850752,0,0,0,0,0,953924024,125828968,792498560,2,1
2026-08-22T00:15:15+08:00,119,0,7687,81920,0,0,31,67.56,108970684416,42630443008,64333164544,0,0,0,0,0,949488772,125828968,792498456,4,1
2026-08-22T00:15:15+08:00,119,1,7687,81920,0,0,42,70.0,108970684416,42630443008,64333164544,0,0,0,0,0,949488772,125828968,792498456,4,1
2026-08-22T00:16:14+08:00,178,0,17921,81920,2,0,32,67.49,96193187840,28563812352,65627037696,0,0,0,0,0,961479268,125814616,792498372,8,1
2026-08-22T00:16:14+08:00,178,1,17889,81920,8,1,42,69.93,96193187840,28563812352,65627037696,0,0,0,0,0,961479268,125814616,792498372,8,1
2026-08-22T00:17:14+08:00,238,0,25687,81920,100,1,40,163.38,106752266240,39050887168,65659183104,0,0,0,0,0,950807032,125814616,792498352,8,1
2026-08-22T00:17:14+08:00,238,1,25656,81920,0,0,45,88.23,106752266240,39050887168,65659183104,0,0,0,0,0,950807032,125814616,792498352,8,1
2026-08-22T00:18:14+08:00,298,0,24645,81920,0,0,37,86.22,111879041024,44160692224,65668747264,0,0,0,0,0,945637180,125814616,792498256,8,1
2026-08-22T00:18:14+08:00,298,1,23842,81920,81,1,47,170.56,111879041024,44160692224,65668747264,0,0,0,0,0,945637180,125814616,792498256,8,1
2026-08-22T00:19:13+08:00,357,0,25752,81920,98,2,36,91.84,119634059264,51903422464,65669156864,0,0,0,0,0,937984548,125814616,792498188,8,1
2026-08-22T00:19:13+08:00,357,1,22310,81920,0,0,45,71.19,119634059264,51903422464,65669156864,0,0,0,0,0,937984548,125814616,792498188,8,1
2026-08-22T00:20:15+08:00,419,0,23463,81920,10,0,34,120.19,120082042880,52348567552,65669525504,0,0,0,0,0,937500116,125814616,792498180,8,1
2026-08-22T00:20:15+08:00,419,1,25720,81920,0,0,46,88.75,120082042880,52348567552,65669525504,0,0,0,0,0,937500116,125814616,792498180,8,1
2026-08-22T00:21:15+08:00,479,0,22857,81920,0,0,34,68.71,120413970432,52680261632,65669931008,0,0,0,0,0,937418708,125814616,792498108,8,1
2026-08-22T00:21:15+08:00,479,1,24812,81920,0,0,43,70.86,120413970432,52680261632,65669931008,0,0,0,0,0,937418708,125814616,792498108,8,1
2026-08-22T00:22:15+08:00,539,0,26008,81920,0,0,34,84.15,120687542272,52950384640,65670451200,0,0,0,0,0,937141728,125814616,792497976,8,1
2026-08-22T00:22:15+08:00,539,1,23930,81920,0,0,44,71.19,120687542272,52950384640,65670451200,0,0,0,0,0,937141728,125814616,792497976,8,1
2026-08-22T00:23:13+08:00,597,0,24855,81920,1,0,33,70.0,120961052672,53224050688,65670836224,0,0,0,0,0,953918564,125814616,792497912,8,1
2026-08-22T00:23:13+08:00,597,1,25976,81920,100,1,46,132.95,120961052672,53224050688,65670836224,0,0,0,0,0,953918564,125814616,792497912,8,1
2026-08-22T00:24:14+08:00,658,0,23625,81920,0,0,33,67.89,121099730944,53285281792,65671208960,0,0,0,0,0,977491604,125814616,792497912,8,1
2026-08-22T00:24:14+08:00,658,1,25682,81920,0,0,39,84.84,121099730944,53285281792,65671208960,0,0,0,0,0,977491604,125814616,792497912,8,1
2026-08-22T00:25:14+08:00,718,0,26524,81920,0,0,34,89.78,121680781312,53941211136,65671602176,0,0,0,0,0,976763076,125814616,792497400,8,1
2026-08-22T00:25:14+08:00,718,1,24228,81920,0,0,36,68.85,121680781312,53941211136,65671602176,0,0,0,0,0,976763076,125814616,792497400,8,1
2026-08-22T00:26:14+08:00,778,0,25210,81920,0,0,33,84.76,122154774528,54422151168,65671995392,0,0,0,0,0,975305808,125814616,792497400,8,1
2026-08-22T00:26:14+08:00,778,1,26114,81920,99,2,40,160.44,122154774528,54422151168,65671995392,0,0,0,0,0,975305808,125814616,792497400,8,1
2026-08-22T00:27:14+08:00,838,0,26064,81920,0,0,35,84.51,122271105024,54530052096,65672388608,0,0,0,0,0,975325108,125814616,792497400,8,1
2026-08-22T00:27:14+08:00,838,1,25516,81920,0,0,33,69.45,122271105024,54530052096,65672388608,0,0,0,0,0,975325108,125814616,792497400,8,1
2026-08-22T00:28:15+08:00,899,0,26914,81920,0,0,33,84.84,122927296512,55186358272,65672921088,0,0,0,0,0,974652512,125814616,792497400,8,1
2026-08-22T00:28:15+08:00,899,1,24538,81920,0,0,33,66.68,122927296512,55186358272,65672921088,0,0,0,0,0,974652512,125814616,792497400,8,1
2026-08-22T00:29:15+08:00,959,0,25626,81920,1,0,32,68.16,122929729536,55187124224,65673306112,0,0,0,0,0,974651952,125814616,792497396,8,1
2026-08-22T00:29:15+08:00,959,1,26626,81920,45,1,38,134.5,122929729536,55187124224,65673306112,0,0,0,0,0,974651952,125814616,792497396,8,1
2026-08-22T00:30:15+08:00,1019,0,26914,81920,24,0,38,126.19,123357138944,55611367424,65673695232,0,0,0,0,0,974237508,125814616,792497396,8,1
2026-08-22T00:30:15+08:00,1019,1,25980,81920,34,0,34,125.86,123357138944,55611367424,65673695232,0,0,0,0,0,974237508,125814616,792497396,8,1
2026-08-22T00:31:15+08:00,1079,0,27170,81920,29,1,35,198.81,125887565824,58139246592,65674076160,0,0,0,0,0,971912352,125814616,792496820,8,1
2026-08-22T00:31:15+08:00,1079,1,24752,81920,0,0,33,66.94,125887565824,58139246592,65674076160,0,0,0,0,0,971912352,125814616,792496820,8,1
2026-08-22T00:32:15+08:00,1139,0,25978,81920,0,0,33,84.84,130300022784,62541520896,65674477568,0,0,0,0,0,967591124,125814616,792496820,8,1
2026-08-22T00:32:15+08:00,1139,1,27138,81920,60,1,35,89.45,130300022784,62541520896,65674477568,0,0,0,0,0,967591124,125814616,792496820,8,1
2026-08-22T00:33:15+08:00,1199,0,27170,81920,99,1,38,124.03,130434338816,62676971520,65674854400,0,0,0,0,0,967440468,125814616,792496820,8,1
2026-08-22T00:33:15+08:00,1199,1,26242,81920,0,0,33,83.29,130434338816,62676971520,65674854400,0,0,0,0,0,967440468,125814616,792496820,8,1
2026-08-22T00:34:14+08:00,1258,0,27426,81920,0,0,32,67.56,130330349568,62570426368,65675407360,0,0,0,0,0,967521336,125814616,792496820,8,1
2026-08-22T00:34:14+08:00,1258,1,25913,81920,0,0,34,67.29,130330349568,62570426368,65675407360,0,0,0,0,0,967521336,125814616,792496820,8,1
2026-08-22T00:35:14+08:00,1318,0,25384,81920,0,0,33,83.29,130399064064,62640766976,65675784192,0,0,0,0,0,967464872,125814616,792496820,8,1
2026-08-22T00:35:14+08:00,1318,1,27651,81920,100,2,37,154.28,130399064064,62640766976,65675784192,0,0,0,0,0,967464872,125814616,792496820,8,1
2026-08-22T00:36:14+08:00,1378,0,27682,81920,99,1,35,84.24,130527514624,62766952448,65676185600,0,0,0,0,0,967175304,125814616,792496820,8,1
2026-08-22T00:36:14+08:00,1378,1,26498,81920,5,0,33,82.69,130527514624,62766952448,65676185600,0,0,0,0,0,967175304,125814616,792496820,8,1
2026-08-22T00:37:14+08:00,1438,0,27682,81920,95,34,35,83.91,130671247360,62908637184,65676558336,0,0,0,0,0,967072236,125814616,792496820,8,1
2026-08-22T00:37:14+08:00,1438,1,25008,81920,8,0,33,67.01,130671247360,62908637184,65676558336,0,0,0,0,0,967072236,125814616,792496820,8,1
2026-08-22T00:38:14+08:00,1498,0,25616,81920,89,1,34,78.97,131062263808,63300374528,65676943360,0,0,0,0,0,966728808,125814616,792496820,8,1
2026-08-22T00:38:14+08:00,1498,1,27907,81920,0,0,34,69.71,131062263808,63300374528,65676943360,0,0,0,0,0,966728808,125814616,792496820,8,1
2026-08-22T00:39:14+08:00,1558,0,27938,81920,28,0,36,120.32,131060948992,63295803392,65677332480,0,0,0,0,0,966682048,125814616,792496820,8,1
2026-08-22T00:39:14+08:00,1558,1,26459,81920,0,0,33,68.49,131060948992,63295803392,65677332480,0,0,0,0,0,966682048,125814616,792496820,8,1
2026-08-22T00:40:14+08:00,1618,0,27582,81920,0,0,32,68.49,133281746944,65514446848,65677877248,0,0,0,0,0,964888792,125814616,792496756,8,1
2026-08-22T00:40:14+08:00,1618,1,25928,81920,26,1,35,87.37,133281746944,65514446848,65677877248,0,0,0,0,0,964888792,125814616,792496756,8,1
2026-08-22T00:41:14+08:00,1678,0,29562,81920,100,42,51,396.46,123743735808,55988445184,65679020032,0,0,0,0,0,974346624,125814616,792495504,6,1
2026-08-22T00:41:14+08:00,1678,1,29490,81920,100,41,52,422.23,123743735808,55988445184,65679020032,0,0,0,0,0,974346624,125814616,792495504,6,1
2026-08-22T00:42:15+08:00,1739,0,22220,81920,0,0,33,67.89,132981321728,65211600896,65679458304,0,0,0,0,0,964922036,125814616,792495472,8,1
2026-08-22T00:42:15+08:00,1739,1,22268,81920,4,0,34,67.96,132981321728,65211600896,65679458304,0,0,0,0,0,964922036,125814616,792495472,8,1
2026-08-22T00:43:15+08:00,1799,0,26296,81920,46,0,34,67.89,136485330944,68703490048,65679863808,0,0,0,0,0,961495740,125814616,792495472,8,1
2026-08-22T00:43:15+08:00,1799,1,22336,81920,0,0,34,67.01,136485330944,68703490048,65679863808,0,0,0,0,0,961495740,125814616,792495472,8,1
2026-08-22T00:44:14+08:00,1858,0,26360,81920,75,1,36,84.84,136997515264,69211635712,65680248832,0,0,0,0,0,960935252,125814616,792495472,8,1
2026-08-22T00:44:14+08:00,1858,1,26207,81920,0,0,35,82.96,136997515264,69211635712,65680248832,0,0,0,0,0,960935252,125814616,792495472,8,1
2026-08-22T00:45:15+08:00,1919,0,24346,81920,0,0,32,67.89,137018187776,69232685056,65680654336,0,0,0,0,0,960967068,125814616,792495472,8,1
2026-08-22T00:45:15+08:00,1919,1,24283,81920,0,0,33,66.68,137018187776,69232685056,65680654336,0,0,0,0,0,960967068,125814616,792495472,8,1
2026-08-22T00:46:15+08:00,1979,0,26616,81920,100,1,37,160.88,137238560768,69453721600,65681186816,0,0,0,0,0,960853512,125814616,792495472,8,1
2026-08-22T00:46:15+08:00,1979,1,23308,81920,0,0,33,68.78,137238560768,69453721600,65681186816,0,0,0,0,0,960853512,125814616,792495472,8,1
2026-08-22T00:47:15+08:00,2039,0,26872,81920,0,0,33,84.84,137848406016,70061756416,65681596416,0,0,0,0,0,960267816,125814616,792495472,8,1
2026-08-22T00:47:15+08:00,2039,1,26463,81920,0,0,33,66.68,137848406016,70061756416,65681596416,0,0,0,0,0,960267816,125814616,792495472,8,1
2026-08-22T00:48:14+08:00,2098,0,25328,81920,0,0,32,67.56,137753907200,69964763136,65681985536,0,0,0,0,0,960367300,125814616,792495408,8,1
2026-08-22T00:48:14+08:00,2098,1,25307,81920,0,0,33,66.68,137753907200,69964763136,65681985536,0,0,0,0,0,960367300,125814616,792495408,8,1
2026-08-22T00:49:14+08:00,2158,0,27384,81920,100,1,38,147.47,138648162304,70858354688,65682382848,0,0,0,0,0,959565988,125814616,792495408,8,1
2026-08-22T00:49:14+08:00,2158,1,24076,81920,0,0,33,66.94,138648162304,70858354688,65682382848,0,0,0,0,0,959565988,125814616,792495408,8,1
2026-08-22T00:50:15+08:00,2219,0,27388,81920,98,2,36,124.51,141866610688,74072203264,65682776064,0,0,0,0,0,956370096,125814616,792495408,8,1
2026-08-22T00:50:15+08:00,2219,1,26723,81920,3,0,36,175.39,141866610688,74072203264,65682776064,0,0,0,0,0,956370096,125814616,792495408,8,1
2026-08-22T00:51:14+08:00,2278,0,26074,81920,5,0,33,83.29,142176395264,74377097216,65683185664,0,0,0,0,0,956118400,125814616,792495700,8,1
2026-08-22T00:51:14+08:00,2278,1,25999,81920,0,0,33,83.57,142176395264,74377097216,65683185664,0,0,0,0,0,956118400,125814616,792495700,8,1
2026-08-22T00:52:14+08:00,2338,0,27522,81920,0,0,33,67.56,146513874944,78705111040,65683705856,0,0,0,0,0,951901404,125814616,792494896,8,1
2026-08-22T00:52:14+08:00,2338,1,24578,81920,6,0,33,68.85,146513874944,78705111040,65683705856,0,0,0,0,0,951901404,125814616,792494896,8,1
2026-08-22T00:53:14+08:00,2398,0,28034,81920,0,0,33,82.96,149426057216,81612804096,65684103168,0,0,0,0,0,949030940,125814616,792494896,8,1
2026-08-22T00:53:14+08:00,2398,1,27113,81920,0,0,34,82.07,149426057216,81612804096,65684103168,0,0,0,0,0,949030940,125814616,792494896,8,1
2026-08-22T00:54:15+08:00,2459,0,25896,81920,7,0,32,67.56,148814491648,81000804352,65684512768,0,0,0,0,0,950247680,125814616,792494896,8,1
2026-08-22T00:54:15+08:00,2459,1,26213,81920,1,0,32,66.4,148814491648,81000804352,65684512768,0,0,0,0,0,950247680,125814616,792494896,8,1
2026-08-22T00:55:14+08:00,2518,0,28546,81920,0,0,33,83.29,149656588288,81843372032,65684897792,0,0,0,0,0,949506292,125814616,792494896,8,1
2026-08-22T00:55:14+08:00,2518,1,24726,81920,5,0,33,66.68,149656588288,81843372032,65684897792,0,0,0,0,0,949506292,125814616,792494896,8,1
2026-08-22T00:56:14+08:00,2578,0,28244,81920,89,1,34,173.84,150376771584,82557714432,65685295104,0,0,0,0,0,948866632,125814616,792494896,8,1
2026-08-22T00:56:14+08:00,2578,1,27625,81920,0,0,34,82.69,150376771584,82557714432,65685295104,0,0,0,0,0,948866632,125814616,792494896,8,1
2026-08-22T00:57:13+08:00,2637,0,26712,81920,9,0,33,119.37,150813102080,82994155520,65685790720,0,0,0,0,0,948426976,125814616,792494320,8,1
2026-08-22T00:57:13+08:00,2637,1,26429,81920,0,0,33,82.07,150813102080,82994155520,65685790720,0,0,0,0,0,948426976,125814616,792494320,8,1
2026-08-22T00:58:15+08:00,2699,0,28802,81920,0,0,34,83.91,150621073408,82802077696,65686228992,0,0,0,0,0,948640044,125814616,792494320,8,1
2026-08-22T00:58:15+08:00,2699,1,27881,81920,100,1,39,161.99,150621073408,82802077696,65686228992,0,0,0,0,0,948640044,125814616,792494320,8,1
2026-08-22T00:59:15+08:00,2759,0,28760,81920,5,0,32,70.66,151075782656,83256553472,65686618112,0,0,0,0,0,948082812,125814616,792494320,8,1
2026-08-22T00:59:15+08:00,2759,1,28137,81920,0,0,32,67.63,151075782656,83256553472,65686618112,0,0,0,0,0,948082812,125814616,792494320,8,1
2026-08-22T01:00:14+08:00,2818,0,27568,81920,0,0,33,82.96,151540051968,83719163904,65687027712,0,0,0,0,0,947672596,125814616,792494320,8,1
2026-08-22T01:00:14+08:00,2818,1,26589,81920,2,0,33,67.63,151540051968,83719163904,65687027712,0,0,0,0,0,947672596,125814616,792494320,8,1
2026-08-22T01:01:14+08:00,2878,0,29314,81920,99,1,38,151.97,151448006656,83627003904,65687416832,0,0,0,0,0,947736564,125814616,792494320,8,1
2026-08-22T01:01:14+08:00,2878,1,27841,81920,0,0,36,84.24,151448006656,83627003904,65687416832,0,0,0,0,0,947736564,125814616,792494320,8,1
2026-08-22T01:02:15+08:00,2939,0,29314,81920,0,0,33,82.96,152081694720,84260192256,65687822336,0,0,0,0,0,947128544,125814616,792494320,8,1
2026-08-22T01:02:15+08:00,2939,1,28649,81920,0,0,34,82.69,152081694720,84260192256,65687822336,0,0,0,0,0,947128544,125814616,792494320,8,1
2026-08-22T01:03:15+08:00,2999,0,28026,81920,0,0,32,69.11,151958310912,84134944768,65688367104,0,0,0,0,0,947276332,125814616,792494320,8,1
2026-08-22T01:03:15+08:00,2999,1,26805,81920,10,0,33,67.63,151958310912,84134944768,65688367104,0,0,0,0,0,947276332,125814616,792494320,8,1
2026-08-22T01:04:14+08:00,3058,0,29827,81920,0,0,34,83.57,153072205824,85246820352,65688748032,0,0,0,0,0,946199080,125814616,792494320,8,1
2026-08-22T01:04:14+08:00,3058,1,28905,81920,0,0,34,82.77,153072205824,85246820352,65688748032,0,0,0,0,0,946199080,125814616,792494320,8,1
2026-08-22T01:05:14+08:00,3118,0,30082,81920,81,1,35,92.22,153510494208,85684137984,65689137152,0,0,0,0,0,945746264,125814616,792494320,8,1
2026-08-22T01:05:14+08:00,3118,1,28765,81920,3,0,32,67.23,153510494208,85684137984,65689137152,0,0,0,0,0,945746264,125814616,792494320,8,1
2026-08-22T01:06:15+08:00,3179,0,24697,81920,100,28,51,324.21,143162167296,75356872704,65690628096,0,0,0,0,0,956195780,125814616,792493184,6,1
2026-08-22T01:06:15+08:00,3179,1,25061,81920,100,12,52,424.11,143162167296,75356872704,65690628096,0,0,0,0,0,956195780,125814616,792493184,6,1
2026-08-22T01:07:15+08:00,3239,0,21358,81920,6,1,34,68.16,144839323648,77031477248,65691066368,0,0,0,0,0,954326440,125814616,792493164,8,1
2026-08-22T01:07:15+08:00,3239,1,21003,81920,0,0,36,83.29,144839323648,77031477248,65691066368,0,0,0,0,0,954326440,125814616,792493164,8,1
2026-08-22T01:08:14+08:00,3298,0,26041,81920,100,1,38,187.07,149761486848,81939734528,65691480064,0,0,0,0,0,949472492,125814616,792493160,8,1
2026-08-22T01:08:14+08:00,3298,1,26143,81920,29,0,35,83.91,149761486848,81939734528,65691480064,0,0,0,0,0,949472492,125814616,792493160,8,1
2026-08-22T01:09:13+08:00,3357,0,26360,81920,0,0,32,67.56,152435773440,84609245184,65692008448,0,0,0,0,0,946864972,125814616,792493160,8,1
2026-08-22T01:09:13+08:00,3357,1,25397,81920,0,0,33,67.96,152435773440,84609245184,65692008448,0,0,0,0,0,946864972,125814616,792493160,8,1
2026-08-22T01:10:15+08:00,3419,0,23846,81920,0,0,32,67.56,155017871360,87183040512,65692401664,0,0,0,0,0,944322560,125814616,792493160,8,1
2026-08-22T01:10:15+08:00,3419,1,23393,81920,0,0,34,83.05,155017871360,87183040512,65692401664,0,0,0,0,0,944322560,125814616,792493160,8,1
2026-08-22T01:11:14+08:00,3478,0,26617,81920,0,0,34,68.49,158175596544,90335842304,65692807168,0,0,0,0,0,941176780,125814616,792493160,8,1
2026-08-22T01:11:14+08:00,3478,1,26463,81920,100,1,36,183.08,158175596544,90335842304,65692807168,0,0,0,0,0,941176780,125814616,792493160,8,1
2026-08-22T01:12:14+08:00,3538,0,26616,81920,0,0,33,82.96,158046076928,90206449664,65693188096,0,0,0,0,0,941357680,125814616,792491124,8,1
2026-08-22T01:12:14+08:00,3538,1,25299,81920,0,0,32,66.68,158046076928,90206449664,65693188096,0,0,0,0,0,941357680,125814616,792491124,8,1
2026-08-22T01:13:13+08:00,3597,0,24870,81920,0,0,32,67.56,158019137536,90179444736,65693605888,0,0,0,0,0,941397800,125814616,792491112,8,1
2026-08-22T01:13:13+08:00,3597,1,24119,81920,6,0,33,68.85,158019137536,90179444736,65693605888,0,0,0,0,0,941397800,125814616,792491112,8,1
2026-08-22T01:14:15+08:00,3659,0,26616,81920,97,2,36,106.35,158577131520,90738266112,65693999104,0,0,0,0,0,940871604,125814616,792491048,8,1
2026-08-22T01:14:15+08:00,3659,1,26463,81920,95,1,38,189.89,158577131520,90738266112,65693999104,0,0,0,0,0,940871604,125814616,792491048,8,1
2026-08-22T01:15:15+08:00,3719,0,27133,81920,73,1,34,85.13,159184236544,91343609856,65694539776,0,0,0,0,0,940190172,125814616,792491048,8,1
2026-08-22T01:15:15+08:00,3719,1,26723,81920,0,0,34,83.38,159184236544,91343609856,65694539776,0,0,0,0,0,940190172,125814616,792491048,8,1
2026-08-22T01:16:14+08:00,3778,0,24926,81920,0,0,33,82.96,159297929216,91455942656,65694932992,0,0,0,0,0,940175344,125814616,792491048,8,1
2026-08-22T01:16:14+08:00,3778,1,25333,81920,7,0,33,67.23,159297929216,91455942656,65694932992,0,0,0,0,0,940175344,125814616,792491048,8,1
2026-08-22T01:17:15+08:00,3839,0,27523,81920,21,4,36,85.13,159721193472,91875823616,65695318016,0,0,0,0,0,939754444,125814616,792492584,8,1
2026-08-22T01:17:15+08:00,3839,1,24821,81920,5,0,34,67.29,159721193472,91875823616,65695318016,0,0,0,0,0,939754444,125814616,792492584,8,1
2026-08-22T01:18:15+08:00,3899,0,27224,81920,0,0,32,67.56,159861522432,92017356800,65695715328,0,0,0,0,0,939556984,125814616,792492584,8,1
2026-08-22T01:18:15+08:00,3899,1,26857,81920,100,2,38,171.25,159861522432,92017356800,65695715328,0,0,0,0,0,939556984,125814616,792492584,8,1
2026-08-22T01:19:15+08:00,3959,0,25438,81920,2,0,33,86.68,159812136960,91967434752,65696112640,0,0,0,0,0,939610256,125814616,792492584,8,1
2026-08-22T01:19:15+08:00,3959,1,25957,81920,0,0,33,67.96,159812136960,91967434752,65696112640,0,0,0,0,0,939610256,125814616,792492584,8,1
2026-08-22T01:20:14+08:00,4018,0,28291,81920,4,0,34,89.78,160880312320,93030813696,65696514048,0,0,0,0,0,938538660,125814616,792492584,8,1
2026-08-22T01:20:14+08:00,4018,1,25035,81920,0,0,34,67.01,160880312320,93030813696,65696514048,0,0,0,0,0,938538660,125814616,792492584,8,1
2026-08-22T01:21:14+08:00,4078,0,27138,81920,0,0,32,84.51,162425864192,94574886912,65697058816,0,0,0,0,0,937074860,125814616,792492584,8,1
2026-08-22T01:21:14+08:00,4078,1,27369,81920,0,0,33,82.77,162425864192,94574886912,65697058816,0,0,0,0,0,937074860,125814616,792492584,8,1
2026-08-22T01:22:15+08:00,4139,0,26213,81920,0,0,33,67.56,165751402496,97895071744,65697456128,0,0,0,0,0,933834108,125814616,792492584,8,1
2026-08-22T01:22:15+08:00,4139,1,26671,81920,0,0,32,67.29,165751402496,97895071744,65697456128,0,0,0,0,0,933834108,125814616,792492584,8,1
2026-08-22T01:23:15+08:00,4199,0,28547,81920,0,0,33,67.56,167198490624,99337400320,65697849344,0,0,0,0,0,932458044,125814616,792492072,8,1
2026-08-22T01:23:15+08:00,4199,1,24983,81920,0,0,34,68.56,167198490624,99337400320,65697849344,0,0,0,0,0,932458044,125814616,792492072,8,1
2026-08-22T01:24:14+08:00,4258,0,27138,81920,0,0,33,84.84,168245940224,100382384128,65698242560,0,0,0,0,0,931401992,125814616,792492072,8,1
2026-08-22T01:24:14+08:00,4258,1,28137,81920,0,0,33,66.68,168245940224,100382384128,65698242560,0,0,0,0,0,931401992,125814616,792492072,8,1
2026-08-22T01:25:13+08:00,4317,0,27953,81920,0,0,34,83.29,168510185472,100645945344,65698627584,0,0,0,0,0,931075256,125814616,792492072,8,1
2026-08-22T01:25:13+08:00,4317,1,26981,81920,0,0,33,83.57,168510185472,100645945344,65698627584,0,0,0,0,0,931075256,125814616,792492072,8,1
2026-08-22T01:26:15+08:00,4379,0,28547,81920,0,0,33,82.96,168289832960,100425633792,65699049472,0,0,0,0,0,931343032,125814616,792492072,8,1
2026-08-22T01:26:15+08:00,4379,1,26049,81920,0,0,34,82.43,168289832960,100425633792,65699049472,0,0,0,0,0,931343032,125814616,792492072,8,1
2026-08-22T01:27:14+08:00,4438,0,26408,81920,0,0,32,69.38,168198737920,100332896256,65699577856,0,0,0,0,0,931450148,125814616,792492072,8,1
2026-08-22T01:27:14+08:00,4438,1,28393,81920,89,1,35,137.27,168198737920,100332896256,65699577856,0,0,0,0,0,931450148,125814616,792492072,8,1
2026-08-22T01:28:13+08:00,4497,0,28803,81920,55,1,36,98.42,168505233408,100640288768,65699983360,0,0,0,0,0,931127944,125814616,792492072,8,1
2026-08-22T01:28:13+08:00,4497,1,27535,81920,0,0,33,82.69,168505233408,100640288768,65699983360,0,0,0,0,0,931127944,125814616,792492072,8,1
2026-08-22T01:29:15+08:00,4559,0,29059,81920,0,0,33,82.96,169019830272,101152043008,65700360192,0,0,0,0,0,930565120,125814616,792491048,8,1
2026-08-22T01:29:15+08:00,4559,1,26603,81920,5,0,34,82.96,169019830272,101152043008,65700360192,0,0,0,0,0,930565120,125814616,792491048,8,1
2026-08-22T01:30:15+08:00,4619,0,27514,81920,1,0,32,67.89,169307791360,101438275584,65700777984,0,0,0,0,0,930274176,125814616,792491048,8,1
2026-08-22T01:30:15+08:00,4619,1,28393,81920,27,0,35,83.05,169307791360,101438275584,65700777984,0,0,0,0,0,930274176,125814616,792491048,8,1
2026-08-22T01:31:14+08:00,4678,0,27267,81920,100,41,47,435.15,153845174272,86008565760,65702240256,0,0,0,0,0,945726568,125814616,792489964,6,1
2026-08-22T01:31:14+08:00,4678,1,26933,81920,100,42,45,372.22,153845174272,86008565760,65702240256,0,0,0,0,0,945726568,125814616,792489964,6,1
2026-08-22T01:32:13+08:00,4737,0,18666,81920,2,0,34,67.89,148838203392,81009905664,65702752256,0,0,0,0,0,950397412,125814616,792489956,8,1
2026-08-22T01:32:13+08:00,4737,1,18257,81920,0,0,34,67.01,148838203392,81009905664,65702752256,0,0,0,0,0,950397412,125814616,792489956,8,1
2026-08-22T01:33:15+08:00,4799,0,26297,81920,54,1,36,83.57,158194622464,90348269568,65703219200,0,0,0,0,0,941258568,125814616,792489444,8,1
2026-08-22T01:33:15+08:00,4799,1,25887,81920,58,1,35,83.29,158194622464,90348269568,65703219200,0,0,0,0,0,941258568,125814616,792489444,8,1
2026-08-22T01:34:14+08:00,4858,0,26264,81920,2,0,32,67.89,153570037760,85728276480,65703628800,0,0,0,0,0,945700332,125814616,792489444,8,1
2026-08-22T01:34:14+08:00,4858,1,24885,81920,0,0,33,67.29,153570037760,85728276480,65703628800,0,0,0,0,0,945700332,125814616,792489444,8,1
2026-08-22T01:35:14+08:00,4918,0,23752,81920,0,0,32,67.89,153411301376,85570772992,65704009728,0,0,0,0,0,945921312,125814616,792489444,8,1
2026-08-22T01:35:14+08:00,4918,1,22743,81920,0,0,33,66.68,153411301376,85570772992,65704009728,0,0,0,0,0,945921312,125814616,792489444,8,1
2026-08-22T01:36:15+08:00,4979,0,26617,81920,100,2,39,183.42,156247715840,88401489920,65704411136,0,0,0,0,0,943086884,125814616,792489444,8,1
2026-08-22T01:36:15+08:00,4979,1,25951,81920,76,1,35,100.25,156247715840,88401489920,65704411136,0,0,0,0,0,943086884,125814616,792489444,8,1
2026-08-22T01:37:15+08:00,5039,0,26616,81920,0,0,32,96.87,155526717440,87681982464,65704800256,0,0,0,0,0,943769740,125814616,792489444,8,1
2026-08-22T01:37:15+08:00,5039,1,24745,81920,6,1,33,66.94,155526717440,87681982464,65704800256,0,0,0,0,0,943769740,125814616,792489444,8,1
2026-08-22T01:38:14+08:00,5098,0,25072,81920,0,0,32,68.16,156447875072,88599900160,65705336832,0,0,0,0,0,942922572,125814616,792489444,8,1
2026-08-22T01:38:14+08:00,5098,1,24119,81920,0,0,34,82.69,156447875072,88599900160,65705336832,0,0,0,0,0,942922572,125814616,792489444,8,1
2026-08-22T01:39:14+08:00,5158,0,26616,81920,100,1,38,189.89,156645511168,88796794880,65705754624,0,0,0,0,0,942705672,125814616,792489444,8,1
2026-08-22T01:39:14+08:00,5158,1,26975,81920,0,0,34,82.96,156645511168,88796794880,65705754624,0,0,0,0,0,942705672,125814616,792489444,8,1
2026-08-22T01:40:15+08:00,5219,0,26877,81920,100,2,37,125.24,156758740992,88911212544,65706151936,0,0,0,0,0,942574352,125814616,792489444,8,1
2026-08-22T01:40:15+08:00,5219,1,26285,81920,0,0,33,66.68,156758740992,88911212544,65706151936,0,0,0,0,0,942574352,125814616,792489444,8,1
2026-08-22T01:41:15+08:00,5279,0,25858,81920,0,0,33,84.51,157092519936,89241092096,65706545152,0,0,0,0,0,942277932,125814616,792489444,8,1
2026-08-22T01:41:15+08:00,5279,1,26641,81920,4,0,35,83.29,157092519936,89241092096,65706545152,0,0,0,0,0,942277932,125814616,792489444,8,1
2026-08-22T01:42:14+08:00,5338,0,24372,81920,0,0,33,67.56,157468676096,89616248832,65706930176,0,0,0,0,0,941927820,125814616,792489440,8,1
2026-08-22T01:42:14+08:00,5338,1,27369,81920,51,1,37,173.4,157468676096,89616248832,65706930176,0,0,0,0,0,941927820,125814616,792489440,8,1
2026-08-22T01:43:14+08:00,5398,0,27267,81920,0,0,34,95.93,158053257216,90198958080,65707347968,0,0,0,0,0,941368956,125814616,792488260,8,1
2026-08-22T01:43:14+08:00,5398,1,26379,81920,0,0,33,67.29,158053257216,90198958080,65707347968,0,0,0,0,0,941368956,125814616,792488260,8,1
2026-08-22T01:44:15+08:00,5459,0,25580,81920,0,0,33,84.51,157661503488,89811275776,65707888640,0,0,0,0,0,941763256,125814616,792487904,8,1
2026-08-22T01:44:15+08:00,5459,1,22167,81920,0,0,34,67.01,157661503488,89811275776,65707888640,0,0,0,0,0,941763256,125814616,792487904,8,1
2026-08-22T01:45:15+08:00,5519,0,24094,81920,4,0,32,69.71,157697081344,89844203520,65708298240,0,0,0,0,0,941697728,125814616,792487904,8,1
2026-08-22T01:45:15+08:00,5519,1,26601,81920,33,1,34,83.05,157697081344,89844203520,65708298240,0,0,0,0,0,941697728,125814616,792487904,8,1
2026-08-22T01:46:14+08:00,5578,0,27202,81920,0,0,34,83.57,158110429184,90256236544,65708691456,0,0,0,0,0,941248096,125814616,792487904,8,1
2026-08-22T01:46:14+08:00,5578,1,24681,81920,0,0,33,83.91,158110429184,90256236544,65708691456,0,0,0,0,0,941248096,125814616,792487904,8,1
2026-08-22T01:47:15+08:00,5639,0,26649,81920,0,0,32,67.89,157679947776,89826762752,65709121536,0,0,0,0,0,941668336,125814616,792487904,8,1
2026-08-22T01:47:15+08:00,5639,1,23703,81920,0,0,33,67.96,157679947776,89826762752,65709121536,0,0,0,0,0,941668336,125814616,792487904,8,1
2026-08-22T01:48:15+08:00,5699,0,25160,81920,0,0,33,68.16,157758836736,89902985216,65709641728,0,0,0,0,0,941559248,125814616,792487904,8,1
2026-08-22T01:48:15+08:00,5699,1,26601,81920,0,0,35,83.38,157758836736,89902985216,65709641728,0,0,0,0,0,941559248,125814616,792487904,8,1
2026-08-22T01:49:14+08:00,5758,0,27202,81920,0,0,35,83.91,158199291904,90340810752,65710055424,0,0,0,0,0,941167568,125814616,792489440,8,1
2026-08-22T01:49:14+08:00,5758,1,25053,81920,6,0,33,67.29,158199291904,90340810752,65710055424,0,0,0,0,0,941167568,125814616,792489440,8,1
2026-08-22T01:50:13+08:00,5817,0,26508,81920,4,0,32,69.38,158295760896,90437324800,65710448640,0,0,0,0,0,941041700,125814616,792489440,8,1
2026-08-22T01:50:13+08:00,5817,1,26857,81920,79,5,40,197.79,158295760896,90437324800,65710448640,0,0,0,0,0,941041700,125814616,792489440,8,1
2026-08-22T01:51:15+08:00,5879,0,27419,81920,0,0,35,83.91,158734028800,90877104128,65711001600,0,0,0,0,0,940647004,125814616,792489440,8,1
2026-08-22T01:51:15+08:00,5879,1,27113,81920,0,0,34,82.07,158734028800,90877104128,65711001600,0,0,0,0,0,940647004,125814616,792489440,8,1
2026-08-22T01:52:14+08:00,5938,0,28227,81920,18,1,36,199.75,159192403968,91333783552,65711411200,0,0,0,0,0,940201080,125814616,792489440,8,1
2026-08-22T01:52:14+08:00,5938,1,25227,81920,0,0,33,66.94,159192403968,91333783552,65711411200,0,0,0,0,0,940201080,125814616,792489440,8,1
2026-08-22T01:53:14+08:00,5998,0,26386,81920,7,1,32,67.89,159292620800,91432624128,65711820800,0,0,0,0,0,940088044,125814616,792489440,8,1
2026-08-22T01:53:14+08:00,5998,1,27369,81920,0,0,34,82.77,159292620800,91432624128,65711820800,0,0,0,0,0,940088044,125814616,792489440,8,1
2026-08-22T01:54:15+08:00,6059,0,28483,81920,76,13,38,180.31,159369162752,91507224576,65712214016,0,0,0,0,0,940077432,125814616,792488928,8,1
2026-08-22T01:54:15+08:00,6059,1,27323,81920,0,0,33,88.84,159369162752,91507224576,65712214016,0,0,0,0,0,940077432,125814616,792488928,8,1
2026-08-22T01:55:15+08:00,6119,0,28482,81920,100,1,35,99.87,160995139584,93132210176,65712754688,0,0,0,0,0,938412416,125814616,792488928,8,1
2026-08-22T01:55:15+08:00,6119,1,25835,81920,89,1,36,123.42,160995139584,93132210176,65712754688,0,0,0,0,0,938412416,125814616,792488928,8,1
2026-08-22T01:56:14+08:00,6178,0,16160,81920,0,0,32,67.49,154691018752,86839779328,65713156096,0,0,0,0,0,944805548,125814616,792488928,7,1
2026-08-22T01:56:14+08:00,6178,1,28393,81920,9,2,43,400.92,154691018752,86839779328,65713156096,0,0,0,0,0,944805548,125814616,792488928,7,1
2026-08-22T01:57:15+08:00,6239,0,14834,81920,0,0,39,70.33,150961516544,83115495424,65714708480,0,0,0,0,0,948585796,125814616,792487836,8,1
2026-08-22T01:57:15+08:00,6239,1,14685,81920,0,0,40,69.79,150961516544,83115495424,65714708480,0,0,0,0,0,948585796,125814616,792487836,8,1
2026-08-22T01:58:15+08:00,6299,0,26041,81920,22,0,35,83.91,159826714624,91963994112,65715105792,0,0,0,0,0,939745820,125814616,792487832,8,1
2026-08-22T01:58:15+08:00,6299,1,26143,81920,0,0,34,67.29,159826714624,91963994112,65715105792,0,0,0,0,0,939745820,125814616,792487832,8,1
2026-08-22T01:59:14+08:00,6358,0,22608,81920,0,0,32,67.56,159745896448,91879034880,65715662848,0,0,0,0,0,939806576,125814616,792487832,8,1
2026-08-22T01:59:14+08:00,6358,1,22321,81920,10,0,34,122.2,159745896448,91879034880,65715662848,0,0,0,0,0,939806576,125814616,792487832,8,1
2026-08-22T02:00:13+08:00,6417,0,24068,81920,0,0,33,69.38,159814639616,91949260800,65716043776,0,0,0,0,0,939663036,125814616,792487832,8,1
2026-08-22T02:00:13+08:00,6417,1,26207,81920,79,25,39,189.15,159814639616,91949260800,65716043776,0,0,0,0,0,939663036,125814616,792487832,8,1
2026-08-22T02:01:15+08:00,6479,0,26104,81920,0,0,34,83.29,160168771584,92301516800,65716469760,0,0,0,0,0,939284172,125814616,792487832,8,1
2026-08-22T02:01:15+08:00,6479,1,26415,81920,44,1,34,90.72,160168771584,92301516800,65716469760,0,0,0,0,0,939284172,125814616,792487832,8,1
2026-08-22T02:02:15+08:00,6539,0,25251,81920,0,0,33,84.51,160378568704,92510470144,65716977664,0,0,0,0,0,939080604,125814616,792487832,8,1
2026-08-22T02:02:15+08:00,6539,1,24201,81920,57,1,34,83.91,160378568704,92510470144,65716977664,0,0,0,0,0,939080604,125814616,792487832,8,1
2026-08-22T02:03:14+08:00,6598,0,24276,81920,0,0,33,68.16,160748978176,92877209600,65717415936,0,0,0,0,0,938742512,125814616,792487832,8,1
2026-08-22T02:03:14+08:00,6598,1,26463,81920,100,1,39,107.07,160748978176,92877209600,65717415936,0,0,0,0,0,938742512,125814616,792487832,8,1
2026-08-22T02:04:13+08:00,6657,0,26616,81920,100,2,35,86.31,161466933248,93594406912,65717809152,0,0,0,0,0,938022072,125814616,792487320,8,1
2026-08-22T02:04:13+08:00,6657,1,26463,81920,0,0,36,162.93,161466933248,93594406912,65717809152,0,0,0,0,0,938022072,125814616,792487320,8,1
2026-08-22T02:05:15+08:00,6719,0,26322,81920,65,1,33,83.21,164323037184,96446124032,65718231040,0,0,0,0,0,935297004,125814616,792487320,8,1
2026-08-22T02:05:15+08:00,6719,1,25571,81920,61,1,36,110.73,164323037184,96446124032,65718231040,0,0,0,0,0,935297004,125814616,792487320,8,1
2026-08-22T02:06:14+08:00,6778,0,25170,81920,4,0,32,67.89,165167906816,97288704000,65718755328,0,0,0,0,0,934486944,125814616,792487320,8,1
2026-08-22T02:06:14+08:00,6778,1,24215,81920,0,0,33,67.01,165167906816,97288704000,65718755328,0,0,0,0,0,934486944,125814616,792487320,8,1
2026-08-22T02:07:14+08:00,6838,0,26754,81920,99,1,36,187.74,165862227968,97981243392,65719173120,0,0,0,0,0,933752616,125814616,792487320,8,1
2026-08-22T02:07:14+08:00,6838,1,26857,81920,0,0,35,83.38,165862227968,97981243392,65719173120,0,0,0,0,0,933752616,125814616,792487320,8,1
2026-08-22T02:08:13+08:00,6897,0,27011,81920,92,1,35,171.68,166410379264,98527694848,65719574528,0,0,0,0,0,933216656,125814616,792487320,8,1
2026-08-22T02:08:13+08:00,6897,1,25961,81920,0,0,33,83.57,166410379264,98527694848,65719574528,0,0,0,0,0,933216656,125814616,792487320,8,1
2026-08-22T02:09:15+08:00,6959,0,25128,81920,1,0,32,69.11,166024564736,98141417472,65719992320,0,0,0,0,0,933577764,125814616,792486808,8,1
2026-08-22T02:09:15+08:00,6959,1,24929,81920,8,1,33,68.85,166024564736,98141417472,65719992320,0,0,0,0,0,933577764,125814616,792486808,8,1
2026-08-22T02:10:15+08:00,7019,0,27010,81920,0,0,34,82.96,166625148928,98741579776,65720528896,0,0,0,0,0,932997608,125814616,792486808,8,1
2026-08-22T02:10:15+08:00,7019,1,27625,81920,0,0,33,66.68,166625148928,98741579776,65720528896,0,0,0,0,0,932997608,125814616,792486808,8,1
2026-08-22T02:11:14+08:00,7078,0,26910,81920,0,0,32,73.43,167109234688,99222777856,65720922112,0,0,0,0,0,932514952,125814616,792486808,8,1
2026-08-22T02:11:14+08:00,7078,1,26473,81920,0,0,33,83.57,167109234688,99222777856,65720922112,0,0,0,0,0,932514952,125814616,792486808,8,1
2026-08-22T02:12:14+08:00,7138,0,25224,81920,0,0,33,68.16,167011233792,99126943744,65721331712,0,0,0,0,0,932637464,125814616,792486808,8,1
2026-08-22T02:12:14+08:00,7138,1,26655,81920,0,0,34,67.01,167011233792,99126943744,65721331712,0,0,0,0,0,932637464,125814616,792486808,8,1
2026-08-22T02:13:15+08:00,7199,0,27267,81920,35,1,36,156.29,167397928960,99511857152,65721819136,0,0,0,0,0,932215560,125814616,792486808,8,1
2026-08-22T02:13:15+08:00,7199,1,28393,81920,0,0,34,82.69,167397928960,99511857152,65721819136,0,0,0,0,0,932215560,125814616,792486808,8,1
2026-08-22T02:14:15+08:00,7259,0,27426,81920,0,0,32,70.33,168381448192,100494655488,65722281984,0,0,0,0,0,931238284,125814616,792487796,8,1
2026-08-22T02:14:15+08:00,7259,1,26945,81920,0,0,33,83.57,168381448192,100494655488,65722281984,0,0,0,0,0,931238284,125814616,792487796,8,1
2026-08-22T02:15:14+08:00,7318,0,25938,81920,0,0,32,67.89,168175353856,100281593856,65722683392,0,0,0,0,0,931482072,125814616,792486808,8,1
2026-08-22T02:15:14+08:00,7318,1,28393,81920,81,3,39,196.85,168175353856,100281593856,65722683392,0,0,0,0,0,931482072,125814616,792486808,8,1
2026-08-22T02:16:14+08:00,7378,0,28035,81920,59,1,36,84.84,168709431296,100818927616,65723101184,0,0,0,0,0,930942472,125814616,792486808,8,1
2026-08-22T02:16:14+08:00,7378,1,28881,81920,85,1,34,106.46,168709431296,100818927616,65723101184,0,0,0,0,0,930942472,125814616,792486808,8,1
2026-08-22T02:17:14+08:00,7438,0,28547,81920,90,1,34,83.91,169199820800,101306310656,65723641856,0,0,0,0,0,930498040,125814616,792486808,8,1
2026-08-22T02:17:14+08:00,7438,1,27061,81920,0,0,33,67.63,169199820800,101306310656,65723641856,0,0,0,0,0,930498040,125814616,792486808,8,1
2026-08-22T02:18:15+08:00,7499,0,27098,81920,5,0,33,82.96,169693106176,101809889280,65724039168,0,0,0,0,0,929957444,125814616,792486808,8,1
2026-08-22T02:18:15+08:00,7499,1,29161,81920,0,0,34,83.05,169693106176,101809889280,65724039168,0,0,0,0,0,929957444,125814616,792486808,8,1
2026-08-22T02:19:15+08:00,7559,0,28802,81920,0,0,33,67.56,170117287936,102230810624,65724444672,0,0,0,0,0,929522992,125814616,792486808,8,1
2026-08-22T02:19:15+08:00,7559,1,28859,81920,5,0,33,82.35,170117287936,102230810624,65724444672,0,0,0,0,0,929522992,125814616,792486808,8,1
2026-08-22T02:20:14+08:00,7618,0,28702,81920,0,0,32,68.78,170648440832,102752055296,65724841984,0,0,0,0,0,929039632,125814616,792486808,8,1
2026-08-22T02:20:14+08:00,7618,1,27073,81920,0,0,34,82.69,170648440832,102752055296,65724841984,0,0,0,0,0,929039632,125814616,792486808,8,1
2026-08-22T02:21:14+08:00,7678,0,16160,81920,0,0,32,67.56,163069661184,95191519232,65725394944,0,0,0,0,0,936590240,125814616,792486808,7,1
2026-08-22T02:21:14+08:00,7678,1,29417,81920,31,1,35,83.05,163069661184,95191519232,65725394944,0,0,0,0,0,936590240,125814616,792486808,7,1
2026-08-22T02:22:15+08:00,7739,0,14842,81920,0,0,39,70.66,157498720256,89626042368,65726922752,0,0,0,0,0,942180760,125814616,792485724,8,1
2026-08-22T02:22:15+08:00,7739,1,14685,81920,0,0,41,69.79,157498720256,89626042368,65726922752,0,0,0,0,0,942180760,125814616,792485724,8,1
2026-08-22T02:23:15+08:00,7799,0,26297,81920,55,1,35,83.91,169501233152,101606625280,65727328256,0,0,0,0,0,930200036,125814616,792485724,8,1
2026-08-22T02:23:15+08:00,7799,1,25887,81920,0,0,34,67.01,169501233152,101606625280,65727328256,0,0,0,0,0,930200036,125814616,792485724,8,1
2026-08-22T02:24:14+08:00,7858,0,22728,81920,0,0,33,68.78,169904922624,102008664064,65727766528,0,0,0,0,0,929856740,125814616,792485720,8,1
2026-08-22T02:24:14+08:00,7858,1,22153,81920,0,0,34,84.51,169904922624,102008664064,65727766528,0,0,0,0,0,929856740,125814616,792485720,8,1
2026-08-22T02:25:14+08:00,7918,0,26360,81920,31,0,34,83.57,173502316544,105598054400,65728274432,0,0,0,0,0,926294756,125814616,792484696,8,1
2026-08-22T02:25:14+08:00,7918,1,25951,81920,93,32,40,192.53,173502316544,105598054400,65728274432,0,0,0,0,0,926294756,125814616,792484696,8,1
2026-08-22T02:26:14+08:00,7978,0,26617,81920,0,0,33,83.29,174111514624,106206035968,65728688128,0,0,0,0,0,925693936,125814616,792484696,8,1
2026-08-22T02:26:14+08:00,7978,1,25951,81920,53,1,34,83.29,174111514624,106206035968,65728688128,0,0,0,0,0,925693936,125814616,792484696,8,1
2026-08-22T02:27:15+08:00,8039,0,24656,81920,0,0,33,85.13,173887205376,105979707392,65729081344,0,0,0,0,0,925926300,125814616,792484696,8,1
2026-08-22T02:27:15+08:00,8039,1,24247,81920,5,0,33,69.79,173887205376,105979707392,65729081344,0,0,0,0,0,925926300,125814616,792484696,8,1
2026-08-22T02:28:15+08:00,8099,0,26320,81920,0,0,35,83.82,174573277184,106665099264,65729634304,0,0,0,0,0,925299444,125814616,792484696,8,1
2026-08-22T02:28:15+08:00,8099,1,26207,81920,95,35,40,191.3,174573277184,106665099264,65729634304,0,0,0,0,0,925299444,125814616,792484696,8,1
2026-08-22T02:29:14+08:00,8158,0,27129,81920,99,2,37,112.0,175003250688,107092873216,65730039808,0,0,0,0,0,924855108,125814616,792484696,8,1
2026-08-22T02:29:14+08:00,8158,1,26207,81920,0,0,34,84.24,175003250688,107092873216,65730039808,0,0,0,0,0,924855108,125814616,792484696,8,1
2026-08-22T02:30:14+08:00,8218,0,25940,81920,3,0,33,89.78,174818246656,106910052352,65730441216,0,0,0,0,0,925004980,125814616,792484696,8,1
2026-08-22T02:30:14+08:00,8218,1,24915,81920,4,0,33,67.96,174818246656,106910052352,65730441216,0,0,0,0,0,925004980,125814616,792484696,8,1
2026-08-22T02:31:15+08:00,8279,0,26378,81920,6,0,34,68.16,175529893888,107617513472,65730842624,0,0,0,0,0,924322380,125814616,792484696,8,1
2026-08-22T02:31:15+08:00,8279,1,24565,81920,0,0,34,67.01,175529893888,107617513472,65730842624,0,0,0,0,0,924322380,125814616,792484696,8,1
2026-08-22T02:32:15+08:00,8339,0,27523,81920,60,1,33,83.29,175868411904,107955494912,65731387392,0,0,0,0,0,923993388,125814616,792484184,8,1
2026-08-22T02:32:15+08:00,8339,1,26345,81920,50,14,36,84.51,175868411904,107955494912,65731387392,0,0,0,0,0,923993388,125814616,792484184,8,1
2026-08-22T02:33:14+08:00,8398,0,26330,81920,0,0,33,82.96,175907225600,107994263552,65731788800,0,0,0,0,0,923992856,125814616,792484184,8,1
2026-08-22T02:33:14+08:00,8398,1,25449,81920,0,0,33,67.29,175907225600,107994263552,65731788800,0,0,0,0,0,923992856,125814616,792484184,8,1
2026-08-22T02:34:14+08:00,8458,0,26040,81920,5,0,33,67.89,175996866560,108084875264,65732194304,0,0,0,0,0,923881276,125814616,792484184,8,1
2026-08-22T02:34:14+08:00,8458,1,24161,81920,0,0,33,66.68,175996866560,108084875264,65732194304,0,0,0,0,0,923881276,125814616,792484184,8,1
2026-08-22T02:35:15+08:00,8519,0,27779,81920,0,0,33,67.56,176173293568,108260913152,65732612096,0,0,0,0,0,923648884,125814616,792484184,8,1
2026-08-22T02:35:15+08:00,8519,1,26601,81920,0,0,37,194.69,176173293568,108260913152,65732612096,0,0,0,0,0,923648884,125814616,792484184,8,1
2026-08-22T02:36:15+08:00,8579,0,26626,81920,0,0,32,67.89,176279719936,108366790656,65733156864,0,0,0,0,0,923589716,125814616,792484120,8,1
2026-08-22T02:36:15+08:00,8579,1,26003,81920,2,0,33,83.99,176279719936,108366790656,65733156864,0,0,0,0,0,923589716,125814616,792484120,8,1
2026-08-22T02:37:14+08:00,8638,0,25396,81920,0,0,33,67.56,176108953600,108195487744,65733558272,0,0,0,0,0,923754572,125814616,792484120,8,1
2026-08-22T02:37:14+08:00,8638,1,24715,81920,0,0,33,66.68,176108953600,108195487744,65733558272,0,0,0,0,0,923754572,125814616,792484120,8,1
2026-08-22T02:38:14+08:00,8698,0,28035,81920,0,0,35,84.51,176788377600,108871401472,65733951488,0,0,0,0,0,923106352,125814616,792484120,8,1
2026-08-22T02:38:14+08:00,8698,1,26857,81920,0,0,33,66.68,176788377600,108871401472,65733951488,0,0,0,0,0,923106352,125814616,792484120,8,1
2026-08-22T02:39:15+08:00,8759,0,27084,81920,2,0,32,67.23,176760307712,108841144320,65734496256,0,0,0,0,0,923106712,125814616,792484120,8,1
2026-08-22T02:39:15+08:00,8759,1,26833,81920,81,1,34,141.93,176760307712,108841144320,65734496256,0,0,0,0,0,923106712,125814616,792484120,8,1
2026-08-22T02:40:15+08:00,8819,0,26469,81920,0,0,33,67.56,177362714624,109446606848,65734905856,0,0,0,0,0,922485364,125814616,792484764,8,1
2026-08-22T02:40:15+08:00,8819,1,25043,81920,35,0,34,79.05,177362714624,109446606848,65734905856,0,0,0,0,0,922485364,125814616,792484764,8,1
2026-08-22T02:41:14+08:00,8878,0,29059,81920,0,0,33,82.69,177478995968,109558005760,65735315456,0,0,0,0,0,922395572,125814616,792484180,8,1
2026-08-22T02:41:14+08:00,8878,1,27113,81920,71,1,38,195.1,177478995968,109558005760,65735315456,0,0,0,0,0,922395572,125814616,792484180,8,1
2026-08-22T02:42:14+08:00,8938,0,27586,81920,47,1,34,128.96,177590042624,109671706624,65735704576,0,0,0,0,0,922279276,125814616,792484180,8,1
2026-08-22T02:42:14+08:00,8938,1,27113,81920,0,0,33,81.74,177590042624,109671706624,65735704576,0,0,0,0,0,922279276,125814616,792484180,8,1
2026-08-22T02:43:15+08:00,8999,0,26932,81920,5,0,33,68.49,178263384064,110340923392,65736269824,0,0,0,0,0,921629412,125814616,792484180,8,1
2026-08-22T02:43:15+08:00,8999,1,25917,81920,4,0,34,87.1,178263384064,110340923392,65736269824,0,0,0,0,0,921629412,125814616,792484180,8,1
2026-08-22T02:44:15+08:00,9059,0,29827,81920,0,0,34,83.57,178865356800,110942826496,65736663040,0,0,0,0,0,921012600,125814616,792484180,8,1
2026-08-22T02:44:15+08:00,9059,1,27113,81920,99,1,38,173.68,178865356800,110942826496,65736663040,0,0,0,0,0,921012600,125814616,792484180,8,1
2026-08-22T02:45:14+08:00,9118,0,28930,81920,0,0,33,85.13,179404247040,111478337536,65737076736,0,0,0,0,0,920515512,125814616,792484180,8,1
2026-08-22T02:45:14+08:00,9118,1,27369,81920,94,1,35,84.84,179404247040,111478337536,65737076736,0,0,0,0,0,920515512,125814616,792484180,8,1
2026-08-22T02:46:14+08:00,9178,0,26587,81920,100,41,51,395.12,169782571008,101875404800,65738563584,0,0,0,0,0,930208620,125814616,792482080,6,1
2026-08-22T02:46:14+08:00,9178,1,27347,81920,100,41,51,365.38,169782571008,101875404800,65738563584,0,0,0,0,0,930208620,125814616,792482080,6,1
2026-08-22T02:47:15+08:00,9239,0,20540,81920,0,0,33,68.78,165281067008,97382133760,65739153408,0,0,0,0,0,934415932,125814616,792482016,8,1
2026-08-22T02:47:15+08:00,9239,1,19929,81920,0,0,34,67.29,165281067008,97382133760,65739153408,0,0,0,0,0,934415932,125814616,792482016,8,1
2026-08-22T02:48:14+08:00,9298,0,22788,81920,0,0,33,67.89,169573773312,101664272384,65739546624,0,0,0,0,0,930159104,125814616,792482016,8,1
2026-08-22T02:48:14+08:00,9298,1,26143,81920,13,0,35,84.32,169573773312,101664272384,65739546624,0,0,0,0,0,930159104,125814616,792482016,8,1
2026-08-22T02:49:14+08:00,9358,0,26105,81920,0,0,34,83.29,169076539392,101168439296,65739952128,0,0,0,0,0,930602868,125814616,792482016,8,1
2026-08-22T02:49:14+08:00,9358,1,25653,81920,0,0,33,83.91,169076539392,101168439296,65739952128,0,0,0,0,0,930602868,125814616,792482016,8,1
2026-08-22T02:50:15+08:00,9419,0,24184,81920,0,0,33,86.39,169334521856,101424291840,65740476416,0,0,0,0,0,930361804,125814616,792482016,8,1
2026-08-22T02:50:15+08:00,9419,1,23873,81920,10,0,34,67.96,169334521856,101424291840,65740476416,0,0,0,0,0,930361804,125814616,792482016,8,1
2026-08-22T02:51:15+08:00,9479,0,26023,81920,0,0,34,83.91,169605906432,101698166784,65740906496,0,0,0,0,0,930040804,125814616,792482016,8,1
2026-08-22T02:51:15+08:00,9479,1,26719,81920,100,1,38,183.7,169605906432,101698166784,65740906496,0,0,0,0,0,930040804,125814616,792482016,8,1
2026-08-22T02:52:14+08:00,9538,0,26808,81920,54,1,34,83.48,170188615680,102277279744,65741307904,0,0,0,0,0,929551568,125814616,792482064,8,1
2026-08-22T02:52:14+08:00,9538,1,26719,81920,73,1,37,221.24,170188615680,102277279744,65741307904,0,0,0,0,0,929551568,125814616,792482064,8,1
2026-08-22T02:53:14+08:00,9598,0,25562,81920,0,0,32,67.56,170151104512,102239584256,65741717504,0,0,0,0,0,929525752,125814616,792482064,8,1
2026-08-22T02:53:14+08:00,9598,1,24577,81920,4,0,33,68.56,170151104512,102239584256,65741717504,0,0,0,0,0,929525752,125814616,792482064,8,1
2026-08-22T02:54:15+08:00,9659,0,24884,81920,6,1,33,67.89,170650906624,102737330176,65742266368,0,0,0,0,0,929102596,125814616,792482064,8,1
2026-08-22T02:54:15+08:00,9659,1,27231,81920,0,0,33,67.01,170650906624,102737330176,65742266368,0,0,0,0,0,929102596,125814616,792482064,8,1
2026-08-22T02:55:15+08:00,9719,0,27068,81920,0,0,33,83.29,170792730624,102878068736,65742659584,0,0,0,0,0,928939960,125814616,792482064,8,1
2026-08-22T02:55:15+08:00,9719,1,26937,81920,0,0,32,66.68,170792730624,102878068736,65742659584,0,0,0,0,0,928939960,125814616,792482064,8,1
2026-08-22T02:56:14+08:00,9778,0,26252,81920,6,1,32,67.56,170675290112,102762500096,65743073280,0,0,0,0,0,929082792,125814616,792481548,8,1
2026-08-22T02:56:14+08:00,9778,1,24727,81920,3,0,33,67.01,170675290112,102762500096,65743073280,0,0,0,0,0,929082792,125814616,792481548,8,1
2026-08-22T02:57:14+08:00,9838,0,25022,81920,8,0,33,67.56,170896396288,102979805184,65743474688,0,0,0,0,0,928857364,125814616,792481548,8,1
2026-08-22T02:57:14+08:00,9838,1,27369,81920,0,0,34,82.96,170896396288,102979805184,65743474688,0,0,0,0,0,928857364,125814616,792481548,8,1
2026-08-22T02:58:15+08:00,9899,0,27458,81920,0,0,33,82.69,171850530816,103935143936,65744027648,0,0,0,0,0,927896476,125814616,792481548,8,1
2026-08-22T02:58:15+08:00,9899,1,26771,81920,0,0,33,82.16,171850530816,103935143936,65744027648,0,0,0,0,0,927896476,125814616,792481548,8,1
2026-08-22T02:59:15+08:00,9959,0,27117,81920,0,0,32,74.98,171458437120,103543316480,65744424960,0,0,0,0,0,928289452,125814616,792481548,8,1
2026-08-22T02:59:15+08:00,9959,1,25049,81920,4,0,33,66.68,171458437120,103543316480,65744424960,0,0,0,0,0,928289452,125814616,792481548,8,1
2026-08-22T03:00:14+08:00,10018,0,25790,81920,2,0,33,67.56,172212129792,104292462592,65744818176,0,0,0,0,0,927536528,125814616,792481548,8,1
2026-08-22T03:00:14+08:00,10018,1,27625,81920,0,0,34,82.77,172212129792,104292462592,65744818176,0,0,0,0,0,927536528,125814616,792481548,8,1
2026-08-22T03:01:14+08:00,10078,0,28227,81920,0,0,36,198.48,172241309696,104320978944,65745354752,0,0,0,0,0,927526664,125814616,792481036,8,1
2026-08-22T03:01:14+08:00,10078,1,26177,81920,76,1,34,113.22,172241309696,104320978944,65745354752,0,0,0,0,0,927526664,125814616,792481036,8,1
2026-08-22T03:02:15+08:00,10139,0,27928,81920,10,0,33,87.9,172705681408,104784494592,65745780736,0,0,0,0,0,927072940,125814616,792481036,8,1
2026-08-22T03:02:15+08:00,10139,1,26357,81920,0,0,33,67.01,172705681408,104784494592,65745780736,0,0,0,0,0,927072940,125814616,792481036,8,1
2026-08-22T03:03:15+08:00,10199,0,26696,81920,5,0,32,69.71,172790738944,104871325696,65746186240,0,0,0,0,0,926973168,125814616,792481036,8,1
2026-08-22T03:03:15+08:00,10199,1,28393,81920,0,0,34,83.05,172790738944,104871325696,65746186240,0,0,0,0,0,926973168,125814616,792481036,8,1
2026-08-22T03:04:14+08:00,10258,0,28482,81920,0,0,34,83.57,173022756864,105098162176,65746587648,0,0,0,0,0,926769104,125814616,792481036,8,1
2026-08-22T03:04:14+08:00,10258,1,27467,81920,10,0,33,95.65,173022756864,105098162176,65746587648,0,0,0,0,0,926769104,125814616,792481036,8,1
2026-08-22T03:05:14+08:00,10318,0,28086,81920,0,0,32,68.16,172840574976,104918818816,65747144704,0,0,0,0,0,926915984,125814616,792481036,8,1
2026-08-22T03:05:14+08:00,10318,1,26007,81920,1,0,33,69.45,172840574976,104918818816,65747144704,0,0,0,0,0,926915984,125814616,792481036,8,1
2026-08-22T03:06:13+08:00,10377,0,26910,81920,0,0,33,67.89,175906082816,107976884224,65747533824,0,0,0,0,0,923973036,125814616,792481548,8,1
2026-08-22T03:06:13+08:00,10377,1,28905,81920,99,1,37,198.48,175906082816,107976884224,65747533824,0,0,0,0,0,923973036,125814616,792481548,8,1
2026-08-22T03:07:15+08:00,10439,0,28994,81920,49,1,36,184.91,175938707456,108008964096,65747951616,0,0,0,0,0,923884612,125814616,792481548,8,1
2026-08-22T03:07:15+08:00,10439,1,28051,81920,0,0,33,67.56,175938707456,108008964096,65747951616,0,0,0,0,0,923884612,125814616,792481548,8,1
2026-08-22T03:08:14+08:00,10498,0,29154,81920,7,1,32,69.38,176830361600,108898455552,65748357120,0,0,0,0,0,922964788,125814616,792481548,8,1
2026-08-22T03:08:14+08:00,10498,1,26817,81920,0,0,34,85.73,176830361600,108898455552,65748357120,0,0,0,0,0,922964788,125814616,792481548,8,1
2026-08-22T03:09:14+08:00,10558,0,27422,81920,5,0,33,69.71,176983560192,109052153856,65748897792,0,0,0,0,0,922823376,125814616,792481548,8,1
2026-08-22T03:09:14+08:00,10558,1,29417,81920,6,0,36,82.43,176983560192,109052153856,65748897792,0,0,0,0,0,922823376,125814616,792481548,8,1
2026-08-22T03:10:15+08:00,10619,0,29506,81920,0,0,34,83.29,177073463296,109142032384,65749307392,0,0,0,0,0,922746856,125814616,792481548,8,1
2026-08-22T03:10:15+08:00,10619,1,28863,81920,66,1,33,87.29,177073463296,109142032384,65749307392,0,0,0,0,0,922746856,125814616,792481548,8,1
2026-08-22T03:11:15+08:00,10679,0,29563,81920,100,41,55,352.19,169608294400,101690834944,65750786048,0,0,0,0,0,930398468,125814616,792480472,6,1
2026-08-22T03:11:15+08:00,10679,1,29491,81920,100,41,56,432.39,169608294400,101690834944,65750786048,0,0,0,0,0,930398468,125814616,792480472,6,1
2026-08-22T03:12:14+08:00,10738,0,21965,81920,0,0,34,68.16,176973086720,109043372032,65751355392,0,0,0,0,0,922945672,125814616,792480464,8,1
2026-08-22T03:12:14+08:00,10738,1,21811,81920,0,0,35,79.92,176973086720,109043372032,65751355392,0,0,0,0,0,922945672,125814616,792480464,8,1
2026-08-22T03:13:13+08:00,10797,0,25552,81920,46,9,36,84.51,179109679104,111170101248,65751773184,0,0,0,0,0,920863928,125814616,792480464,8,1
2026-08-22T03:13:13+08:00,10797,1,23741,81920,0,0,35,67.29,179109679104,111170101248,65751773184,0,0,0,0,0,920863928,125814616,792480464,8,1
2026-08-22T03:14:15+08:00,10859,0,25977,81920,100,1,36,148.26,182090469376,114146787328,65752190976,0,0,0,0,0,917924956,125814616,792480464,8,1
2026-08-22T03:14:15+08:00,10859,1,25951,81920,0,0,35,83.29,182090469376,114146787328,65752190976,0,0,0,0,0,917924956,125814616,792480464,8,1
2026-08-22T03:15:14+08:00,10918,0,23544,81920,0,0,33,85.13,182278356992,114331074560,65752592384,0,0,0,0,0,917746796,125814616,792479440,8,1
2026-08-22T03:15:14+08:00,10918,1,22291,81920,3,0,33,71.34,182278356992,114331074560,65752592384,0,0,0,0,0,917746796,125814616,792479440,8,1
2026-08-22T03:16:14+08:00,10978,0,25303,81920,0,0,33,68.16,182640308224,114693320704,65753149440,0,0,0,0,0,917407744,125814616,792479440,8,1
2026-08-22T03:16:14+08:00,10978,1,23297,81920,0,0,34,67.29,182640308224,114693320704,65753149440,0,0,0,0,0,917407744,125814616,792479440,8,1
2026-08-22T03:17:15+08:00,11039,0,26488,81920,0,0,33,68.16,182294245376,114347499520,65753538560,0,0,0,0,0,917707168,125814616,792478928,8,1
2026-08-22T03:17:15+08:00,11039,1,26143,81920,0,0,34,82.77,182294245376,114347499520,65753538560,0,0,0,0,0,917707168,125814616,792478928,8,1
2026-08-22T03:18:15+08:00,11099,0,25538,81920,2,0,32,67.89,181190639616,113247072256,65753952256,0,0,0,0,0,918782860,125814616,792478928,8,1
2026-08-22T03:18:15+08:00,11099,1,24933,81920,2,0,33,66.68,181190639616,113247072256,65753952256,0,0,0,0,0,918782860,125814616,792478928,8,1
2026-08-22T03:19:14+08:00,11158,0,24362,81920,0,0,33,67.56,181686431744,113747595264,65754353664,0,0,0,0,0,918304596,125814616,792478928,8,1
2026-08-22T03:19:14+08:00,11158,1,23799,81920,0,0,33,67.56,181686431744,113747595264,65754353664,0,0,0,0,0,918304596,125814616,792478928,8,1
2026-08-22T03:20:14+08:00,11218,0,26748,81920,28,1,34,83.57,182080118784,114131243008,65754890240,0,0,0,0,0,917925124,125814616,792478928,8,1
2026-08-22T03:20:14+08:00,11218,1,26659,81920,0,0,34,84.6,182080118784,114131243008,65754890240,0,0,0,0,0,917925124,125814616,792478928,8,1
2026-08-22T03:21:15+08:00,11279,0,26028,81920,0,0,33,85.13,182016045056,113949929472,65755295744,0,0,0,0,0,918141412,125814616,792478928,8,1
2026-08-22T03:21:15+08:00,11279,1,26137,81920,6,1,33,67.63,182016045056,113949929472,65755295744,0,0,0,0,0,918141412,125814616,792478928,8,1
2026-08-22T03:22:15+08:00,11339,0,24756,81920,4,0,33,69.38,182574845952,114624225280,65755701248,0,0,0,0,0,917523204,125814616,792478928,8,1
2026-08-22T03:22:15+08:00,11339,1,24353,81920,0,0,33,67.63,182574845952,114624225280,65755701248,0,0,0,0,0,917523204,125814616,792478928,8,1
2026-08-22T03:23:14+08:00,11398,0,27138,81920,36,1,37,189.89,183076085760,115123593216,65756229632,0,0,0,0,0,916975312,125814616,792478928,8,1
2026-08-22T03:23:14+08:00,11398,1,27049,81920,0,0,34,84.51,183076085760,115123593216,65756229632,0,0,0,0,0,916975312,125814616,792478928,8,1
2026-08-22T03:24:13+08:00,11457,0,26242,81920,0,0,32,67.89,183035015168,115083935744,65756659712,0,0,0,0,0,917061196,125814616,792478928,8,1
2026-08-22T03:24:13+08:00,11457,1,26649,81920,2,0,32,67.96,183035015168,115083935744,65756659712,0,0,0,0,0,917061196,125814616,792478928,8,1
2026-08-22T03:25:15+08:00,11519,0,25268,81920,6,0,33,67.56,184152457216,116204924928,65757052928,0,0,0,0,0,915894032,125814616,792478928,8,1
2026-08-22T03:25:15+08:00,11519,1,25217,81920,88,1,36,88.56,184152457216,116204924928,65757052928,0,0,0,0,0,915894032,125814616,792478928,8,1
2026-08-22T03:26:15+08:00,11579,0,27650,81920,31,0,35,170.29,184162160640,116208193536,65757470720,0,0,0,0,0,915892728,125814616,792478928,8,1
2026-08-22T03:26:15+08:00,11579,1,27561,81920,43,13,44,418.68,184162160640,116208193536,65757470720,0,0,0,0,0,915892728,125814616,792478928,8,1
2026-08-22T03:27:14+08:00,11638,0,27052,81920,4,0,33,84.51,184328069120,116370960384,65758003200,0,0,0,0,0,915732032,125814616,792477856,8,1
2026-08-22T03:27:14+08:00,11638,1,27259,81920,0,0,33,82.35,184328069120,116370960384,65758003200,0,0,0,0,0,915732032,125814616,792477856,8,1
2026-08-22T03:28:13+08:00,11697,0,25566,81920,0,0,33,82.96,185338429440,117380911104,65758420992,0,0,0,0,0,914704944,125814616,792477856,8,1
2026-08-22T03:28:13+08:00,11697,1,25771,81920,0,0,33,66.68,185338429440,117380911104,65758420992,0,0,0,0,0,914704944,125814616,792477856,8,1
2026-08-22T03:29:15+08:00,11759,0,28163,81920,100,1,35,173.5,189850763264,121884524544,65758830592,0,0,0,0,0,910367968,125814616,792477856,8,1
2026-08-22T03:29:15+08:00,11759,1,28073,81920,64,1,37,163.04,189850763264,121884524544,65758830592,0,0,0,0,0,910367968,125814616,792477856,8,1
2026-08-22T03:30:14+08:00,11818,0,27861,81920,3,0,33,84.24,189702770688,121733410816,65759240192,0,0,0,0,0,910491628,125814616,792477856,8,1
2026-08-22T03:30:14+08:00,11818,1,28073,81920,68,1,36,178.34,189702770688,121733410816,65759240192,0,0,0,0,0,910491628,125814616,792477856,8,1
2026-08-22T03:31:14+08:00,11878,0,26536,81920,6,1,33,67.89,190754787328,122790170624,65759776768,0,0,0,0,0,909412208,125814616,792477856,8,1
2026-08-22T03:31:14+08:00,11878,1,26323,81920,0,0,33,82.77,190754787328,122790170624,65759776768,0,0,0,0,0,909412208,125814616,792477856,8,1
2026-08-22T03:32:15+08:00,11939,0,28930,81920,0,0,34,83.29,191373881344,123401945088,65760174080,0,0,0,0,0,908823256,125814616,792477388,8,1
2026-08-22T03:32:15+08:00,11939,1,28585,81920,100,1,39,158.61,191373881344,123401945088,65760174080,0,0,0,0,0,908823256,125814616,792477388,8,1
2026-08-22T03:33:14+08:00,11998,0,28834,81920,2,0,32,67.56,191533428736,123562729472,65760583680,0,0,0,0,0,908697628,125814616,792477388,8,1
2026-08-22T03:33:14+08:00,11998,1,28585,81920,84,1,37,106.13,191533428736,123562729472,65760583680,0,0,0,0,0,908697628,125814616,792477388,8,1
2026-08-22T03:34:14+08:00,12058,0,27102,81920,0,0,32,67.56,191459823616,123485249536,65761116160,0,0,0,0,0,908801472,125814616,792477388,8,1
2026-08-22T03:34:14+08:00,12058,1,27037,81920,2,0,33,67.29,191459823616,123485249536,65761116160,0,0,0,0,0,908801472,125814616,792477388,8,1
2026-08-22T03:35:13+08:00,12117,0,29427,81920,0,0,34,83.57,187005448192,119051132928,65761521664,0,0,0,0,0,913234524,125814616,792477388,7,1
2026-08-22T03:35:13+08:00,12117,1,16021,81920,0,0,35,82.96,187005448192,119051132928,65761521664,0,0,0,0,0,913234524,125814616,792477388,7,1
2026-08-22T03:36:15+08:00,12179,0,14834,81920,0,0,39,71.26,176908193792,108960604160,65763078144,0,0,0,0,0,923295860,125814616,792476256,8,1
2026-08-22T03:36:15+08:00,12179,1,14685,81920,0,0,40,69.11,176908193792,108960604160,65763078144,0,0,0,0,0,923295860,125814616,792476256,8,1
2026-08-22T03:37:14+08:00,12238,0,26297,81920,0,0,33,67.56,178191794176,110239047680,65763471360,0,0,0,0,0,921791120,125814616,792478256,8,1
2026-08-22T03:37:14+08:00,12238,1,26143,81920,100,1,38,143.14,178191794176,110239047680,65763471360,0,0,0,0,0,921791120,125814616,792478256,8,1
2026-08-22T03:38:14+08:00,12298,0,22728,81920,2,0,33,67.56,178086490112,110138777600,65764028416,0,0,0,0,0,921894000,125814616,792476252,8,1
2026-08-22T03:38:14+08:00,12298,1,22071,81920,0,0,34,67.01,178086490112,110138777600,65764028416,0,0,0,0,0,921894000,125814616,792476252,8,1
2026-08-22T03:39:15+08:00,12359,0,26360,81920,7,0,35,83.91,178737029120,110784069632,65764421632,0,0,0,0,0,921200300,125814616,792476252,8,1
2026-08-22T03:39:15+08:00,12359,1,26463,81920,0,0,34,82.69,178737029120,110784069632,65764421632,0,0,0,0,0,921200300,125814616,792476252,8,1
2026-08-22T03:40:15+08:00,12419,0,26063,81920,0,0,32,67.23,177148088320,109201584128,65764847616,0,0,0,0,0,922746396,125814616,792476252,8,1
2026-08-22T03:40:15+08:00,12419,1,25551,81920,5,1,33,66.68,177148088320,109201584128,65764847616,0,0,0,0,0,922746396,125814616,792476252,8,1
2026-08-22T03:41:14+08:00,12478,0,24550,81920,42,1,34,130.79,177634725888,109684649984,65765306368,0,0,0,0,0,922312080,125814616,792476252,8,1
2026-08-22T03:41:14+08:00,12478,1,24119,81920,79,1,34,83.29,177634725888,109684649984,65765306368,0,0,0,0,0,922312080,125814616,792476252,8,1
2026-08-22T03:42:14+08:00,12538,0,26872,81920,74,1,34,83.57,177849946112,109899587584,65765777408,0,0,0,0,0,922072392,125814616,792476284,8,1
2026-08-22T03:42:14+08:00,12538,1,26719,81920,0,0,34,83.99,177849946112,109899587584,65765777408,0,0,0,0,0,922072392,125814616,792476284,8,1
2026-08-22T03:43:15+08:00,12599,0,27385,81920,95,33,34,84.51,178709262336,110750752768,65766178816,0,0,0,0,0,921285252,125814616,792475772,8,1
2026-08-22T03:43:15+08:00,12599,1,25563,81920,0,0,33,83.65,178709262336,110750752768,65766178816,0,0,0,0,0,921285252,125814616,792475772,8,1
2026-08-22T03:44:14+08:00,12658,0,25800,81920,0,0,32,67.89,178440474624,110485131264,65766596608,0,0,0,0,0,921475420,125814616,792475772,8,1
2026-08-22T03:44:14+08:00,12658,1,26975,81920,0,0,34,83.91,178440474624,110485131264,65766596608,0,0,0,0,0,921475420,125814616,792475772,8,1
2026-08-22T03:45:14+08:00,12718,0,27388,81920,94,1,37,190.18,181321891840,113363386368,65767137280,0,0,0,0,0,918697440,125814616,792475772,8,1
2026-08-22T03:45:14+08:00,12718,1,26979,81920,0,0,33,82.07,181321891840,113363386368,65767137280,0,0,0,0,0,918697440,125814616,792475772,8,1
2026-08-22T03:46:14+08:00,12778,0,27779,81920,0,0,33,82.69,185030582272,117062438912,65767538688,0,0,0,0,0,915028028,125814616,792475772,8,1
2026-08-22T03:46:14+08:00,12778,1,25363,81920,0,0,33,68.56,185030582272,117062438912,65767538688,0,0,0,0,0,915028028,125814616,792475772,8,1
2026-08-22T03:47:15+08:00,12839,0,25944,81920,38,1,33,122.2,185601462272,117635473408,65767956480,0,0,0,0,0,914503592,125814616,792475772,8,1
2026-08-22T03:47:15+08:00,12839,1,27369,81920,66,1,36,83.29,185601462272,117635473408,65767956480,0,0,0,0,0,914503592,125814616,792475772,8,1
2026-08-22T03:48:15+08:00,12899,0,28035,81920,61,1,36,189.89,185902292992,117931601920,65768349696,0,0,0,0,0,914214684,125814616,792475772,8,1
2026-08-22T03:48:15+08:00,12899,1,27369,81920,0,0,34,82.35,185902292992,117931601920,65768349696,0,0,0,0,0,914214684,125814616,792475772,8,1
2026-08-22T03:49:14+08:00,12958,0,28291,81920,0,0,33,83.29,185986707456,118017437696,65768898560,0,0,0,0,0,914081488,125814616,792475772,8,1
2026-08-22T03:49:14+08:00,12958,1,26077,81920,3,0,33,67.29,185986707456,118017437696,65768898560,0,0,0,0,0,914081488,125814616,792475772,8,1
2026-08-22T03:50:14+08:00,13018,0,26450,81920,0,0,32,68.78,185933246464,117961064448,65769299968,0,0,0,0,0,914177304,125814616,792475772,8,1
2026-08-22T03:50:14+08:00,13018,1,27031,81920,0,0,35,83.38,185933246464,117961064448,65769299968,0,0,0,0,0,914177304,125814616,792475772,8,1
2026-08-22T03:51:13+08:00,13077,0,28291,81920,0,0,33,82.96,192315674624,124331982848,65769709568,0,0,0,0,0,907969700,125814616,792475772,8,1
2026-08-22T03:51:13+08:00,13077,1,28137,81920,0,0,32,66.68,192315674624,124331982848,65769709568,0,0,0,0,0,907969700,125814616,792475772,8,1
2026-08-22T03:52:15+08:00,13139,0,28450,81920,0,0,32,67.56,192846962688,124871254016,65770217472,0,0,0,0,0,907443796,125814616,792475772,8,1
2026-08-22T03:52:15+08:00,13139,1,26643,81920,5,0,33,83.91,192846962688,124871254016,65770217472,0,0,0,0,0,907443796,125814616,792475772,8,1
2026-08-22T03:53:14+08:00,13198,0,27016,81920,0,0,33,82.88,193845325824,125857189888,65770659840,0,0,0,0,0,906460816,125814616,792476796,8,1
2026-08-22T03:53:14+08:00,13198,1,28649,81920,72,25,45,414.8,193845325824,125857189888,65770659840,0,0,0,0,0,906460816,125814616,792476796,8,1
2026-08-22T03:54:13+08:00,13257,0,29058,81920,22,0,43,406.09,194395435008,126406356992,65771057152,0,0,0,0,0,905935904,125814616,792476796,8,1
2026-08-22T03:54:13+08:00,13257,1,28649,81920,0,0,34,82.88,194395435008,126406356992,65771057152,0,0,0,0,0,905935904,125814616,792476796,8,1
2026-08-22T03:55:15+08:00,13319,0,28732,81920,46,1,34,142.87,194316632064,126326468608,65771470848,0,0,0,0,0,905982008,125814616,792476796,8,1
2026-08-22T03:55:15+08:00,13319,1,27453,81920,0,0,33,67.56,194316632064,126326468608,65771470848,0,0,0,0,0,905982008,125814616,792476796,8,1
2026-08-22T03:56:14+08:00,13378,0,27504,81920,28,1,33,74.32,194881740800,126890893312,65772007424,0,0,0,0,0,905434420,125814616,792476796,8,1
2026-08-22T03:56:14+08:00,13378,1,28865,81920,0,0,36,83.57,194881740800,126890893312,65772007424,0,0,0,0,0,905434420,125814616,792476796,8,1
2026-08-22T03:57:14+08:00,13438,0,29570,81920,68,1,35,85.37,195638730752,127644143616,65772412928,0,0,0,0,0,904755844,125814616,792476796,8,1
2026-08-22T03:57:14+08:00,13438,1,29417,81920,31,1,37,203.0,195638730752,127644143616,65772412928,0,0,0,0,0,904755844,125814616,792476796,8,1
2026-08-22T03:58:15+08:00,13499,0,29272,81920,0,0,32,67.56,195498053632,127503712256,65772818432,0,0,0,0,0,904827880,125814616,792476284,8,1
2026-08-22T03:58:15+08:00,13499,1,28517,81920,90,1,35,152.4,195498053632,127503712256,65772818432,0,0,0,0,0,904827880,125814616,792476284,8,1
2026-08-22T03:59:14+08:00,13558,0,28040,81920,0,0,33,83.29,195991797760,127995154432,65773252608,0,0,0,0,0,904373104,125814616,792476284,8,1
2026-08-22T03:59:14+08:00,13558,1,29673,81920,97,1,38,196.65,195991797760,127995154432,65773252608,0,0,0,0,0,904373104,125814616,792476284,8,1
2026-08-22T04:00:14+08:00,13618,0,30082,81920,57,19,42,416.2,196063989760,128067330048,65773772800,0,0,0,0,0,904260052,125814616,792476284,8,1
2026-08-22T04:00:14+08:00,13618,1,29673,81920,100,1,37,112.16,196063989760,128067330048,65773772800,0,0,0,0,0,904260052,125814616,792476284,8,1
2026-08-22T04:01:15+08:00,13679,0,29563,81920,100,40,56,387.19,186479022080,118505144320,65775263744,0,0,0,0,0,914289628,125814616,792475212,6,1
2026-08-22T04:01:15+08:00,13679,1,29491,81920,100,41,55,385.48,186479022080,118505144320,65775263744,0,0,0,0,0,914289628,125814616,792475212,6,1
2026-08-22T04:02:15+08:00,13739,0,22775,81920,4,0,34,70.0,189680513024,121698078720,65775702016,0,0,0,0,0,910938100,125814616,792475208,8,1
2026-08-22T04:02:15+08:00,13739,1,22621,81920,4,0,34,68.56,189680513024,121698078720,65775702016,0,0,0,0,0,910938100,125814616,792475208,8,1
2026-08-22T04:03:14+08:00,13798,0,21716,81920,91,2,34,89.17,190330544128,122345648128,65776205824,0,0,0,0,0,910296400,125814616,792475208,8,1
2026-08-22T04:03:14+08:00,13798,1,21463,81920,0,0,34,67.89,190330544128,122345648128,65776205824,0,0,0,0,0,910296400,125814616,792475208,8,1
2026-08-22T04:04:14+08:00,13858,0,26360,81920,0,0,34,83.29,192914358272,124921184256,65776640000,0,0,0,0,0,907797220,125814616,792475208,8,1
2026-08-22T04:04:14+08:00,13858,1,25951,81920,0,0,34,82.77,192914358272,124921184256,65776640000,0,0,0,0,0,907797220,125814616,792475208,8,1
2026-08-22T04:05:15+08:00,13919,0,25550,81920,0,0,33,82.69,193088008192,125094412288,65777045504,0,0,0,0,0,907604852,125814616,792475208,8,1
2026-08-22T04:05:15+08:00,13919,1,24325,81920,0,0,33,67.29,193088008192,125094412288,65777045504,0,0,0,0,0,907604852,125814616,792475208,8,1
2026-08-22T04:06:15+08:00,13979,0,24062,81920,0,0,33,67.89,192701345792,124709720064,65777451008,0,0,0,0,0,907990720,125814616,792475208,8,1
2026-08-22T04:06:15+08:00,13979,1,23053,81920,0,0,33,66.68,192701345792,124709720064,65777451008,0,0,0,0,0,907990720,125814616,792475208,8,1
2026-08-22T04:07:14+08:00,14038,0,26872,81920,99,1,35,83.91,192311418880,124321538048,65777999872,0,0,0,0,0,908376176,125814616,792475208,8,1
2026-08-22T04:07:14+08:00,14038,1,26463,81920,46,1,37,125.58,192311418880,124321538048,65777999872,0,0,0,0,0,908376176,125814616,792475208,8,1
2026-08-22T04:08:15+08:00,14099,0,27129,81920,100,1,37,199.14,192393129984,124403179520,65778397184,0,0,0,0,0,908249544,125814616,792475208,8,1
2026-08-22T04:08:15+08:00,14099,1,25307,81920,0,0,33,82.35,192393129984,124403179520,65778397184,0,0,0,0,0,908249544,125814616,792475208,8,1
2026-08-22T04:09:14+08:00,14158,0,25638,81920,3,0,32,69.71,192740532224,124746809344,65778819072,0,0,0,0,0,907893392,125814616,792473672,8,1
2026-08-22T04:09:14+08:00,14158,1,26087,81920,0,0,34,67.29,192740532224,124746809344,65778819072,0,0,0,0,0,907893392,125814616,792473672,8,1
2026-08-22T04:10:14+08:00,14218,0,26836,81920,0,0,36,84.51,192917098496,124922884096,65779240960,0,0,0,0,0,907687720,125814616,792473672,8,1
2026-08-22T04:10:14+08:00,14218,1,27235,81920,53,1,35,177.4,192917098496,124922884096,65779240960,0,0,0,0,0,907687720,125814616,792473672,8,1
2026-08-22T04:11:13+08:00,14277,0,27010,81920,59,1,34,129.57,193249083392,125254234112,65779757056,0,0,0,0,0,907405820,125814616,792473672,8,1
2026-08-22T04:11:13+08:00,14277,1,25917,81920,2,0,33,83.99,193249083392,125254234112,65779757056,0,0,0,0,0,907405820,125814616,792473672,8,1
2026-08-22T04:12:15+08:00,14339,0,26114,81920,91,1,33,91.94,192803229696,124808536064,65780166656,0,0,0,0,0,907790852,125814616,792473672,8,1
2026-08-22T04:12:15+08:00,14339,1,25291,81920,0,0,33,67.01,192803229696,124808536064,65780166656,0,0,0,0,0,907790852,125814616,792473672,8,1
2026-08-22T04:13:14+08:00,14398,0,27227,81920,0,0,35,83.91,193956397056,125960880128,65780563968,0,0,0,0,0,906695056,125814616,792473672,8,1
2026-08-22T04:13:14+08:00,14398,1,27881,81920,0,0,34,82.77,193956397056,125960880128,65780563968,0,0,0,0,0,906695056,125814616,792473672,8,1
2026-08-22T04:14:15+08:00,14459,0,27779,81920,15,3,35,83.91,194232569856,126243942400,65781116928,0,0,0,0,0,906397864,125814616,792473160,8,1
2026-08-22T04:14:15+08:00,14459,1,26725,81920,3,0,33,83.57,194232569856,126243942400,65781116928,0,0,0,0,0,906397864,125814616,792473160,8,1
2026-08-22T04:15:14+08:00,14518,0,26330,81920,0,0,32,67.23,194068996096,126070857728,65781522432,0,0,0,0,0,906567928,125814616,792473160,8,1
2026-08-22T04:15:14+08:00,14518,1,26357,81920,0,0,33,67.01,194068996096,126070857728,65781522432,0,0,0,0,0,906567928,125814616,792473160,8,1
2026-08-22T04:16:14+08:00,14578,0,28291,81920,100,2,38,188.96,194722275328,126719578112,65781932032,0,0,0,0,0,905972424,125814616,792473160,8,1
2026-08-22T04:16:14+08:00,14578,1,28137,81920,100,1,36,185.57,194722275328,126719578112,65781932032,0,0,0,0,0,905972424,125814616,792473160,8,1
2026-08-22T04:17:15+08:00,14639,0,28547,81920,0,0,34,85.13,194750668800,126749990912,65782341632,0,0,0,0,0,905869832,125814616,792473160,8,1
2026-08-22T04:17:15+08:00,14639,1,27535,81920,0,0,33,83.29,194750668800,126749990912,65782341632,0,0,0,0,0,905869832,125814616,792473160,8,1
2026-08-22T04:18:15+08:00,14699,0,27300,81920,6,1,32,67.56,194705874944,126703386624,65782882304,0,0,0,0,0,905964688,125814616,792473128,8,1
2026-08-22T04:18:15+08:00,14699,1,26049,81920,4,0,34,82.77,194705874944,126703386624,65782882304,0,0,0,0,0,905964688,125814616,792473128,8,1
2026-08-22T04:19:14+08:00,14758,0,26164,81920,0,0,33,67.56,195596746752,127591178240,65783291904,0,0,0,0,0,905336164,125814616,792473128,8,1
2026-08-22T04:19:14+08:00,14758,1,28393,81920,9,2,36,84.24,195596746752,127591178240,65783291904,0,0,0,0,0,905336164,125814616,792473128,8,1
2026-08-22T04:20:15+08:00,14819,0,28546,81920,0,0,34,83.57,195340464128,127336824832,65783697408,0,0,0,0,0,905336324,125814616,792473128,8,1
2026-08-22T04:20:15+08:00,14819,1,28293,81920,0,0,32,67.29,195340464128,127336824832,65783697408,0,0,0,0,0,905336324,125814616,792473128,8,1
2026-08-22T04:21:14+08:00,14878,0,28150,81920,2,0,32,67.89,195451052032,127456153600,65784172544,0,0,0,0,0,905167896,125814616,792473128,8,1
2026-08-22T04:21:14+08:00,14878,1,26805,81920,5,0,33,67.63,195451052032,127456153600,65784172544,0,0,0,0,0,905167896,125814616,792473128,8,1
2026-08-22T04:22:14+08:00,14938,0,26718,81920,0,0,33,82.96,196307968000,128298618880,65784651776,0,0,0,0,0,904344648,125814616,792473128,8,1
2026-08-22T04:22:14+08:00,14938,1,28905,81920,100,2,37,124.36,196307968000,128298618880,65784651776,0,0,0,0,0,904344648,125814616,792473128,8,1
2026-08-22T04:23:15+08:00,14999,0,28802,81920,77,2,37,159.95,196217020416,128211824640,65785053184,0,0,0,0,0,904522000,125814616,792473156,8,1
2026-08-22T04:23:15+08:00,14999,1,29061,81920,0,0,32,67.23,196217020416,128211824640,65785053184,0,0,0,0,0,904522000,125814616,792473156,8,1
2026-08-22T04:24:15+08:00,15059,0,27906,81920,80,1,33,94.38,198961135616,130950684672,65785454592,0,0,0,0,0,901888676,125814616,792473156,8,1
2026-08-22T04:24:15+08:00,15059,1,27073,81920,0,0,34,82.69,198961135616,130950684672,65785454592,0,0,0,0,0,901888676,125814616,792473156,8,1
2026-08-22T04:25:15+08:00,15119,0,16160,81920,0,0,33,67.56,195821555712,127817695232,65785982976,0,0,0,0,0,905041560,125814616,792473156,7,1
2026-08-22T04:25:15+08:00,15119,1,29673,81920,100,2,36,96.03,195821555712,127817695232,65785982976,0,0,0,0,0,905041560,125814616,792473156,7,1
2026-08-22T04:26:14+08:00,15178,0,20701,81920,0,0,35,68.78,203728883712,127417827328,74073825280,0,0,0,0,0,905566992,125814616,779875856,6,1
2026-08-22T04:26:14+08:00,15178,1,20577,81920,0,0,36,67.96,203728883712,127417827328,74073825280,0,0,0,0,0,905566992,125814616,779875856,6,1
2026-08-22T04:27:13+08:00,15237,0,22924,81920,4,0,32,67.89,204239900672,125818978304,76181889024,0,0,0,0,0,906900112,125814616,782321708,8,1
2026-08-22T04:27:13+08:00,15237,1,22771,81920,0,0,32,67.29,204239900672,125818978304,76181889024,0,0,0,0,0,906900112,125814616,782321708,8,1
2026-08-22T04:28:15+08:00,15299,0,22176,81920,1,0,32,69.38,207159140352,128730832896,76182315008,0,0,0,0,0,904045328,125814616,782321704,8,1
2026-08-22T04:28:15+08:00,15299,1,22317,81920,0,0,34,84.32,207159140352,128730832896,76182315008,0,0,0,0,0,904045328,125814616,782321704,8,1
2026-08-22T04:29:14+08:00,15358,0,26862,81920,0,0,33,67.56,207695810560,129264414720,76182839296,0,0,0,0,0,903512128,125814616,782319144,8,1
2026-08-22T04:29:14+08:00,15358,1,26453,81920,75,1,36,111.67,207695810560,129264414720,76182839296,0,0,0,0,0,903512128,125814616,782319144,8,1
2026-08-22T04:30:14+08:00,15418,0,24942,81920,89,1,34,119.37,206893715456,128466509824,76183244800,0,0,0,0,0,904245688,125814616,782319144,8,1
2026-08-22T04:30:14+08:00,15418,1,25639,81920,0,0,33,82.35,206893715456,128466509824,76183244800,0,0,0,0,0,904245688,125814616,782319144,8,1
2026-08-22T04:31:13+08:00,15477,0,25615,81920,0,0,33,69.11,208847138816,130415534080,76183642112,0,0,0,0,0,902371508,125814616,782319144,8,1
2026-08-22T04:31:13+08:00,15477,1,24079,81920,10,0,34,120.32,208847138816,130415534080,76183642112,0,0,0,0,0,902371508,125814616,782319144,8,1
2026-08-22T04:32:15+08:00,15539,0,27118,81920,11,0,35,121.41,208677937152,130245828608,76184150016,0,0,0,0,0,902506912,125814616,782319160,8,1
2026-08-22T04:32:15+08:00,15539,1,26709,81920,8,0,36,165.37,208677937152,130245828608,76184150016,0,0,0,0,0,902506912,125814616,782319160,8,1
2026-08-22T04:33:15+08:00,15599,0,26264,81920,0,0,32,67.89,208663797760,130231513088,76184592384,0,0,0,0,0,902566156,125814616,782319160,8,1
2026-08-22T04:33:15+08:00,15599,1,26709,81920,27,1,35,82.77,208663797760,130231513088,76184592384,0,0,0,0,0,902566156,125814616,782319160,8,1
2026-08-22T04:34:14+08:00,15658,0,24992,81920,0,0,33,67.89,209115049984,130680774656,76185010176,0,0,0,0,0,902119176,125814616,782319160,8,1
2026-08-22T04:34:14+08:00,15658,1,25521,81920,0,0,33,69.45,209115049984,130680774656,76185010176,0,0,0,0,0,902119176,125814616,782319160,8,1
2026-08-22T04:35:13+08:00,15717,0,27378,81920,78,1,34,83.29,208885116928,130452336640,76185415680,0,0,0,0,0,902293560,125814616,782319160,8,1
2026-08-22T04:35:13+08:00,15717,1,26969,81920,100,1,38,173.4,208885116928,130452336640,76185415680,0,0,0,0,0,902293560,125814616,782319160,8,1
2026-08-22T04:36:15+08:00,15779,0,26954,81920,3,0,33,90.06,208926052352,130492026880,76185956352,0,0,0,0,0,902278380,125814616,782319160,8,1
2026-08-22T04:36:15+08:00,15779,1,26847,81920,0,0,34,82.16,208926052352,130492026880,76185956352,0,0,0,0,0,902278380,125814616,782319160,8,1
2026-08-22T04:37:15+08:00,15839,0,25422,81920,55,1,34,124.03,209432895488,130999017472,76186365952,0,0,0,0,0,901752388,125814616,782319160,8,1
2026-08-22T04:37:15+08:00,15839,1,25857,81920,6,1,33,66.68,209432895488,130999017472,76186365952,0,0,0,0,0,901752388,125814616,782319160,8,1
2026-08-22T04:38:14+08:00,15898,0,27513,81920,100,1,37,95.05,210184355840,131745787904,76186775552,0,0,0,0,0,901061432,125814616,782319160,8,1
2026-08-22T04:38:14+08:00,15898,1,25621,81920,0,0,34,67.01,210184355840,131745787904,76186775552,0,0,0,0,0,901061432,125814616,782319160,8,1
2026-08-22T04:39:14+08:00,15958,0,28025,81920,0,0,33,82.96,210764091392,132324884480,76187181056,0,0,0,0,0,900443500,125814616,782319160,8,1
2026-08-22T04:39:14+08:00,15958,1,27103,81920,0,0,34,84.32,210764091392,132324884480,76187181056,0,0,0,0,0,900443500,125814616,782319160,8,1
2026-08-22T04:40:15+08:00,16019,0,26184,81920,0,0,32,67.56,210664280064,132226265088,76187713536,0,0,0,0,0,900552892,125814616,782319160,8,1
2026-08-22T04:40:15+08:00,16019,1,26207,81920,0,0,33,67.63,210664280064,132226265088,76187713536,0,0,0,0,0,900552892,125814616,782319160,8,1
2026-08-22T04:41:15+08:00,16079,0,28537,81920,0,0,34,84.51,211999629312,133555343360,76188114944,0,0,0,0,0,899220572,125814616,782319160,8,1
2026-08-22T04:41:15+08:00,16079,1,25229,81920,0,0,33,67.29,211999629312,133555343360,76188114944,0,0,0,0,0,899220572,125814616,782319160,8,1
2026-08-22T04:42:14+08:00,16138,0,28793,81920,0,0,32,67.23,211785240576,133345034240,76188540928,0,0,0,0,0,899450748,125814616,782319160,8,1
2026-08-22T04:42:14+08:00,16138,1,27615,81920,0,0,34,82.77,211785240576,133345034240,76188540928,0,0,0,0,0,899450748,125814616,782319160,8,1
2026-08-22T04:43:15+08:00,16199,0,27046,81920,1,0,32,70.33,212167864320,133724766208,76189048832,0,0,0,0,0,899093260,125814616,782319160,8,1
2026-08-22T04:43:15+08:00,16199,1,27017,81920,0,0,33,83.65,212167864320,133724766208,76189048832,0,0,0,0,0,899093260,125814616,782319160,8,1
2026-08-22T04:44:15+08:00,16259,0,28024,81920,0,0,34,83.29,211239591936,132796674048,76189483008,0,0,0,0,0,900020636,125814616,782319160,8,1
2026-08-22T04:44:15+08:00,16259,1,23895,81920,4,0,33,67.63,211239591936,132796674048,76189483008,0,0,0,0,0,900020636,125814616,782319160,8,1
2026-08-22T04:45:14+08:00,16318,0,27000,81920,0,0,33,85.13,210051043328,131609432064,76189888512,0,0,0,0,0,901169052,125814616,782321208,8,1
2026-08-22T04:45:14+08:00,16318,1,27871,81920,52,1,36,130.18,210051043328,131609432064,76189888512,0,0,0,0,0,901169052,125814616,782321208,8,1
2026-08-22T04:46:13+08:00,16377,0,24688,81920,0,0,32,68.16,210444840960,132003352576,76190285824,0,0,0,0,0,900805508,125814616,782321208,8,1
2026-08-22T04:46:13+08:00,16377,1,26505,81920,0,0,33,83.57,210444840960,132003352576,76190285824,0,0,0,0,0,900805508,125814616,782321208,8,1
2026-08-22T04:47:15+08:00,16439,0,26112,81920,0,0,34,68.16,209879330816,131438440448,76190838784,0,0,0,0,0,901354488,125814616,782321212,8,1
2026-08-22T04:47:15+08:00,16439,1,25729,81920,0,0,33,67.01,209879330816,131438440448,76190838784,0,0,0,0,0,901354488,125814616,782321212,8,1
2026-08-22T04:48:14+08:00,16498,0,27000,81920,0,0,34,83.57,209965568000,131521638400,76191227904,0,0,0,0,0,901260316,125814616,782320184,8,1
2026-08-22T04:48:14+08:00,16498,1,27871,81920,9,0,36,83.38,209965568000,131521638400,76191227904,0,0,0,0,0,901260316,125814616,782320184,8,1
2026-08-22T04:49:14+08:00,16558,0,25552,81920,5,0,32,69.38,209958150144,131514454016,76191645696,0,0,0,0,0,901226904,125814616,782320184,8,1
2026-08-22T04:49:14+08:00,16558,1,27775,81920,3,0,32,69.79,209958150144,131514454016,76191645696,0,0,0,0,0,901226904,125814616,782320184,8,1
2026-08-22T04:50:15+08:00,16619,0,16391,81920,0,0,34,83.29,204968472576,126543818752,76192108544,0,0,0,0,0,906585132,125814616,782320184,6,1
2026-08-22T04:50:15+08:00,16619,1,16267,81920,0,0,32,67.29,204968472576,126543818752,76192108544,0,0,0,0,0,906585132,125814616,782320184,6,1
2026-08-22T04:51:15+08:00,16679,0,18656,81920,2,0,35,68.16,202492239872,124064174080,76193705984,0,0,0,0,0,908647232,125814616,782319108,8,1
2026-08-22T04:51:15+08:00,16679,1,18759,81920,6,1,35,67.63,202492239872,124064174080,76193705984,0,0,0,0,0,908647232,125814616,782319108,8,1
2026-08-22T04:52:14+08:00,16738,0,26287,81920,0,0,34,83.29,209899737088,131455021056,76194123776,0,0,0,0,0,901325944,125814616,782319104,8,1
2026-08-22T04:52:14+08:00,16738,1,26389,81920,73,1,38,160.77,209899737088,131455021056,76194123776,0,0,0,0,0,901325944,125814616,782319104,8,1
2026-08-22T04:53:13+08:00,16798,0,23662,81920,0,0,32,67.56,208944570368,130498662400,76194512896,0,0,0,0,0,902289656,125814616,782319104,8,1
2026-08-22T04:53:13+08:00,16798,1,24831,81920,0,0,33,67.63,208944570368,130498662400,76194512896,0,0,0,0,0,902289656,125814616,782319104,8,1
2026-08-22T04:54:15+08:00,16859,0,25718,81920,0,0,33,67.89,209687048192,131240820736,76195061760,0,0,0,0,0,901556768,125814616,782319104,8,1
2026-08-22T04:54:15+08:00,16859,1,23543,81920,2,0,33,66.68,209687048192,131240820736,76195061760,0,0,0,0,0,901556768,125814616,782319104,8,1
2026-08-22T04:55:14+08:00,16918,0,27119,81920,0,0,33,83.21,208518692864,130070712320,76195463168,0,0,0,0,0,902697676,125814616,782319616,8,1
2026-08-22T04:55:14+08:00,16918,1,26709,81920,12,2,43,402.19,208518692864,130070712320,76195463168,0,0,0,0,0,902697676,125814616,782319616,8,1
2026-08-22T04:56:14+08:00,16978,0,25616,81920,0,0,32,67.56,208429539328,129983905792,76195872768,0,0,0,0,0,902766744,125814616,782319616,8,1
2026-08-22T04:56:14+08:00,16978,1,25801,81920,2,0,32,66.68,208429539328,129983905792,76195872768,0,0,0,0,0,902766744,125814616,782319616,8,1
2026-08-22T04:57:15+08:00,17039,0,27118,81920,98,1,36,124.97,209181483008,130746281984,76196290560,0,0,0,0,0,901970612,125814616,782319616,8,1
2026-08-22T04:57:15+08:00,17039,1,24621,81920,6,0,34,82.69,209181483008,130746281984,76196290560,0,0,0,0,0,901970612,125814616,782319616,8,1
2026-08-22T04:58:15+08:00,17099,0,27375,81920,0,0,32,67.56,209296068608,130850480128,76196823040,0,0,0,0,0,901889532,125814616,782319616,8,1
2026-08-22T04:58:15+08:00,17099,1,27221,81920,0,0,35,83.65,209296068608,130850480128,76196823040,0,0,0,0,0,901889532,125814616,782319616,8,1
2026-08-22T04:59:15+08:00,17159,0,25588,81920,0,0,33,82.96,208525611008,130081878016,76197232640,0,0,0,0,0,902621328,125814616,782319600,8,1
2026-08-22T04:59:15+08:00,17159,1,26627,81920,0,0,33,83.57,208525611008,130081878016,76197232640,0,0,0,0,0,902621328,125814616,782319600,8,1
2026-08-22T05:00:14+08:00,17218,0,27378,81920,99,1,37,189.89,208358367232,129910661120,76197634048,0,0,0,0,0,902823312,125814616,782319600,8,1
2026-08-22T05:00:14+08:00,17218,1,25015,81920,62,1,34,82.69,208358367232,129910661120,76197634048,0,0,0,0,0,902823312,125814616,782319600,8,1
2026-08-22T05:01:14+08:00,17278,0,26954,81920,0,0,32,67.23,209047752704,130599280640,76198150144,0,0,0,0,0,902166200,125814616,782319600,8,1
2026-08-22T05:01:14+08:00,17278,1,27615,81920,0,0,33,66.68,209047752704,130599280640,76198150144,0,0,0,0,0,902166200,125814616,782319600,8,1
2026-08-22T05:02:14+08:00,17338,0,25172,81920,3,0,33,69.38,209010704384,130564534272,76198588416,0,0,0,0,0,902242800,125814616,782318576,8,1
2026-08-22T05:02:14+08:00,17338,1,26423,81920,0,0,33,67.63,209010704384,130564534272,76198588416,0,0,0,0,0,902242800,125814616,782318576,8,1
2026-08-22T05:03:15+08:00,17399,0,27769,81920,0,0,36,190.51,213161316352,134704582656,76198993920,0,0,0,0,0,898184716,125814616,782318576,8,1
2026-08-22T05:03:15+08:00,17399,1,25485,81920,9,0,34,67.23,213161316352,134704582656,76198993920,0,0,0,0,0,898184716,125814616,782318576,8,1
2026-08-22T05:04:15+08:00,17459,0,27470,81920,0,0,33,82.96,214028406784,135570145280,76199399424,0,0,0,0,0,897252700,125814616,782318588,8,1
2026-08-22T05:04:15+08:00,17459,1,28639,81920,8,0,34,82.96,214028406784,135570145280,76199399424,0,0,0,0,0,897252700,125814616,782318588,8,1
2026-08-22T05:05:14+08:00,17518,0,25982,81920,0,0,33,67.89,214052995072,135595237376,76199944192,0,0,0,0,0,897254188,125814616,782318588,8,1
2026-08-22T05:05:14+08:00,17518,1,27145,81920,0,0,33,83.57,214052995072,135595237376,76199944192,0,0,0,0,0,897254188,125814616,782318588,8,1
2026-08-22T05:06:13+08:00,17577,0,28537,81920,0,0,34,83.29,213895741440,135435849728,76200345600,0,0,0,0,0,897411204,125814616,782318076,8,1
2026-08-22T05:06:13+08:00,17577,1,28639,81920,95,35,40,187.6,213895741440,135435849728,76200345600,0,0,0,0,0,897411204,125814616,782318076,8,1
2026-08-22T05:07:15+08:00,17639,0,28696,81920,0,0,32,70.93,214910840832,136450576384,76200751104,0,0,0,0,0,896437444,125814616,782318076,8,1
2026-08-22T05:07:15+08:00,17639,1,28895,81920,0,0,33,67.63,214910840832,136450576384,76200751104,0,0,0,0,0,896437444,125814616,782318076,8,1
2026-08-22T05:08:14+08:00,17698,0,27262,81920,0,0,33,82.96,215538638848,137074065408,76201205760,0,0,0,0,0,895817036,125814616,782318076,8,1
2026-08-22T05:08:14+08:00,17698,1,27401,81920,6,0,34,89.17,215538638848,137074065408,76201205760,0,0,0,0,0,895817036,125814616,782318076,8,1
2026-08-22T05:09:14+08:00,17758,0,29048,81920,0,0,34,83.57,215332155392,136869498880,76201705472,0,0,0,0,0,896020216,125814616,782318076,8,1
2026-08-22T05:09:14+08:00,17758,1,28895,81920,0,0,33,67.01,215332155392,136869498880,76201705472,0,0,0,0,0,896020216,125814616,782318076,8,1
2026-08-22T05:10:15+08:00,17819,0,29561,81920,0,0,33,85.13,215711412224,137248190464,76202102784,0,0,0,0,0,895661456,125814616,782318076,8,1
2026-08-22T05:10:15+08:00,17819,1,28495,81920,2,0,32,67.29,215711412224,137248190464,76202102784,0,0,0,0,0,895661456,125814616,782318076,8,1
2026-08-22T05:11:14+08:00,17878,0,27774,81920,0,0,32,67.56,216260276224,137793900544,76202524672,0,0,0,0,0,895145220,125814616,782318076,8,1
2026-08-22T05:11:14+08:00,17878,1,28519,81920,0,0,34,67.96,216260276224,137793900544,76202524672,0,0,0,0,0,895145220,125814616,782318076,8,1
2026-08-22T05:12:14+08:00,17938,0,29816,81920,30,1,36,120.32,217152524288,138685644800,76203036672,0,0,0,0,0,894309788,125814616,782318076,8,1
2026-08-22T05:12:14+08:00,17938,1,29663,81920,0,0,34,82.69,217152524288,138685644800,76203036672,0,0,0,0,0,894309788,125814616,782318076,8,1
2026-08-22T05:13:15+08:00,17999,0,30073,81920,18,3,34,83.29,217227661312,138830065664,76132532224,0,0,0,0,0,894091660,125814616,782318076,8,1
2026-08-22T05:13:15+08:00,17999,1,28669,81920,1,0,33,66.68,217227661312,138830065664,76132532224,0,0,0,0,0,894091660,125814616,782318076,8,1
2026-08-22T05:14:14+08:00,18058,0,28784,81920,5,1,32,67.89,217230225408,138833633280,76132929536,0,0,0,0,0,894085700,125814616,782318076,8,1
2026-08-22T05:14:14+08:00,18058,1,29919,81920,0,0,35,82.96,217230225408,138833633280,76132929536,0,0,0,0,0,894085700,125814616,782318076,8,1
2026-08-22T05:15:13+08:00,18117,0,30072,81920,73,25,39,156.29,217935822848,139546112000,76123226112,0,0,0,0,0,893381880,125814616,782318076,8,1
2026-08-22T05:15:13+08:00,18117,1,30175,81920,95,2,35,202.8,217935822848,139546112000,76123226112,0,0,0,0,0,893381880,125814616,782318076,8,1
2026-08-22T05:16:15+08:00,18179,0,29813,81920,100,43,53,395.8,204105371648,125764096000,76104593408,0,0,0,0,0,907203176,125814616,782317008,6,1
2026-08-22T05:16:15+08:00,18179,1,29809,81920,100,41,54,395.8,204105371648,125764096000,76104593408,0,0,0,0,0,907203176,125814616,782317008,6,1
2026-08-22T05:17:14+08:00,18238,0,22467,81920,0,0,34,83.57,205593112576,127248109568,76105052160,0,0,0,0,0,905494456,125814616,782316932,8,1
2026-08-22T05:17:14+08:00,18238,1,22313,81920,0,0,35,83.91,205593112576,127248109568,76105052160,0,0,0,0,0,905494456,125814616,782316932,8,1
2026-08-22T05:18:14+08:00,18298,0,26543,81920,37,1,37,186.79,207839080448,129485557760,76105449472,0,0,0,0,0,903276760,125814616,782316932,8,1
2026-08-22T05:18:14+08:00,18298,1,24243,81920,9,0,35,67.23,207839080448,129485557760,76105449472,0,0,0,0,0,903276760,125814616,782316932,8,1
2026-08-22T05:19:13+08:00,18357,0,26862,81920,0,0,33,82.96,207359782912,129012490240,76105936896,0,0,0,0,0,903722844,125814616,782316932,8,1
2026-08-22T05:19:13+08:00,18357,1,26709,81920,100,1,36,136.67,207359782912,129012490240,76105936896,0,0,0,0,0,903722844,125814616,782316932,8,1
2026-08-22T05:20:15+08:00,18419,0,24348,81920,0,0,33,85.13,207337140224,128985530368,76106403840,0,0,0,0,0,903785644,125814616,782316932,8,1
2026-08-22T05:20:15+08:00,18419,1,24393,81920,10,0,33,68.49,207337140224,128985530368,76106403840,0,0,0,0,0,903785644,125814616,782316932,8,1
2026-08-22T05:21:14+08:00,18478,0,27375,81920,99,2,39,197.26,207908032512,129555746816,76106805248,0,0,0,0,0,903155332,125814616,782316932,8,1
2026-08-22T05:21:14+08:00,18478,1,26965,81920,0,0,35,83.29,207908032512,129555746816,76106805248,0,0,0,0,0,903155332,125814616,782316932,8,1
2026-08-22T05:22:14+08:00,18538,0,27374,81920,0,0,32,67.56,211907194880,133545541632,76107214848,0,0,0,0,0,899259876,125814616,782316988,8,1
2026-08-22T05:22:14+08:00,18538,1,27221,81920,9,0,34,84.93,211907194880,133545541632,76107214848,0,0,0,0,0,899259876,125814616,782316988,8,1
2026-08-22T05:23:15+08:00,18599,0,25534,81920,7,0,32,71.55,211646550016,133288833024,76107747328,0,0,0,0,0,899501460,125814616,782316988,8,1
2026-08-22T05:23:15+08:00,18599,1,25769,81920,3,0,33,69.18,211646550016,133288833024,76107747328,0,0,0,0,0,899501460,125814616,782316988,8,1
2026-08-22T05:24:14+08:00,18658,0,27887,81920,28,5,44,402.99,213711388672,135346786304,76108165120,0,0,0,0,0,897536120,125814616,782316988,8,1
2026-08-22T05:24:14+08:00,18658,1,25091,81920,0,0,34,66.88,213711388672,135346786304,76108165120,0,0,0,0,0,897536120,125814616,782316988,8,1
2026-08-22T05:25:14+08:00,18718,0,28659,81920,0,0,32,67.89,214156353536,135788449792,76108558336,0,0,0,0,0,897030168,125814616,782316988,8,1
2026-08-22T05:25:14+08:00,18718,1,27737,81920,0,0,33,82.77,214156353536,135788449792,76108558336,0,0,0,0,0,897030168,125814616,782316988,8,1
2026-08-22T05:26:15+08:00,18779,0,26790,81920,55,1,33,91.0,214554165248,136188399616,76108992512,0,0,0,0,0,896687968,125814616,782316988,8,1
2026-08-22T05:26:15+08:00,18779,1,26121,81920,0,0,33,82.69,214554165248,136188399616,76108992512,0,0,0,0,0,896687968,125814616,782316988,8,1
2026-08-22T05:27:15+08:00,18839,0,28537,81920,100,1,37,98.09,214251958272,135882575872,76109512704,0,0,0,0,0,897003724,125814616,782316988,8,1
2026-08-22T05:27:15+08:00,18839,1,27871,81920,31,0,38,132.95,214251958272,135882575872,76109512704,0,0,0,0,0,897003724,125814616,782316988,8,1
2026-08-22T05:28:14+08:00,18898,0,29049,81920,63,1,34,85.46,214762778624,136393437184,76109926400,0,0,0,0,0,896415224,125814616,782316988,8,1
2026-08-22T05:28:14+08:00,18898,1,28031,81920,4,0,32,88.32,214762778624,136393437184,76109926400,0,0,0,0,0,896415224,125814616,782316988,8,1
2026-08-22T05:29:15+08:00,18959,0,27802,81920,1,0,32,67.89,214457610240,136161849344,76039565312,0,0,0,0,0,896712512,125814616,782316988,8,1
2026-08-22T05:29:15+08:00,18959,1,26889,81920,0,0,33,66.68,214457610240,136161849344,76039565312,0,0,0,0,0,896712512,125814616,782316988,8,1
2026-08-22T05:30:15+08:00,19019,0,26971,81920,5,0,33,67.56,214540439552,136240701440,76040085504,0,0,0,0,0,896616564,125814616,782316988,8,1
2026-08-22T05:30:15+08:00,19019,1,28639,81920,100,1,39,190.51,214540439552,136240701440,76040085504,0,0,0,0,0,896616564,125814616,782316988,8,1
2026-08-22T05:31:14+08:00,19078,0,29561,81920,98,2,37,152.58,215405821952,137137274880,76010209280,0,0,0,0,0,895734744,125814616,782316988,8,1
2026-08-22T05:31:14+08:00,19078,1,29151,81920,100,2,35,82.96,215405821952,137137274880,76010209280,0,0,0,0,0,895734744,125814616,782316988,8,1
2026-08-22T05:32:15+08:00,19139,0,28664,81920,0,0,33,84.51,215757316096,137586724864,75909808128,0,0,0,0,0,895309068,125814616,782316988,8,1
2026-08-22T05:32:15+08:00,19139,1,27307,81920,10,0,33,67.01,215757316096,137586724864,75909808128,0,0,0,0,0,895309068,125814616,782316988,8,1
2026-08-22T05:33:15+08:00,19199,0,29816,81920,0,0,34,85.37,216243703808,138070622208,75910221824,0,0,0,0,0,894853412,125814616,782316988,8,1
2026-08-22T05:33:15+08:00,19199,1,29407,81920,55,18,44,416.63,216243703808,138070622208,75910221824,0,0,0,0,0,894853412,125814616,782316988,8,1
2026-08-22T05:34:14+08:00,19258,0,30073,81920,0,0,33,83.29,216313176064,138240794624,75810193408,0,0,0,0,0,894782384,125814616,782312892,8,1
2026-08-22T05:34:14+08:00,19258,1,29663,81920,84,1,35,94.38,216313176064,138240794624,75810193408,0,0,0,0,0,894782384,125814616,782312892,8,1
2026-08-22T05:35:14+08:00,19318,0,28880,81920,0,0,32,68.16,216246276096,138172825600,75810594816,0,0,0,0,0,894750036,125814616,782312892,8,1
2026-08-22T05:35:14+08:00,19318,1,28211,81920,0,0,33,67.63,216246276096,138172825600,75810594816,0,0,0,0,0,894750036,125814616,782312892,8,1
2026-08-22T05:36:15+08:00,19379,0,27994,81920,3,0,33,67.89,216916705280,138852536320,75800969216,0,0,0,0,0,894054040,125814616,782312892,8,1
2026-08-22T05:36:15+08:00,19379,1,27841,81920,0,0,33,67.01,216916705280,138852536320,75800969216,0,0,0,0,0,894054040,125814616,782312892,8,1
2026-08-22T05:37:15+08:00,19439,0,30329,81920,0,0,33,67.56,217464975360,139407560704,75791380480,0,0,0,0,0,893524104,125814616,782312380,8,1
2026-08-22T05:37:15+08:00,19439,1,30431,81920,79,1,36,116.32,217464975360,139407560704,75791380480,0,0,0,0,0,893524104,125814616,782312380,8,1
2026-08-22T05:38:14+08:00,19498,0,29378,81920,3,0,32,67.23,217798664192,139812405248,75721637888,0,0,0,0,0,893122836,125814616,782312380,8,1
2026-08-22T05:38:14+08:00,19498,1,29235,81920,0,0,33,82.43,217798664192,139812405248,75721637888,0,0,0,0,0,893122836,125814616,782312380,8,1
2026-08-22T05:39:14+08:00,19558,0,29734,81920,3,0,34,84.24,217634656256,139646828544,75722035200,0,0,0,0,0,893333800,125814616,782312380,8,1
2026-08-22T05:39:14+08:00,19558,1,30431,81920,0,0,35,83.05,217634656256,139646828544,75722035200,0,0,0,0,0,893333800,125814616,782312380,8,1
2026-08-22T05:40:15+08:00,19619,0,30328,81920,0,0,34,82.96,218310942720,140330344448,75712421888,0,0,0,0,0,892596380,125814616,782312380,8,1
2026-08-22T05:40:15+08:00,19619,1,30943,81920,0,0,33,82.35,218310942720,140330344448,75712421888,0,0,0,0,0,892596380,125814616,782312380,8,1
2026-08-22T05:41:15+08:00,19679,0,29813,81920,100,42,53,417.32,205059932160,127139119104,75683995648,0,0,0,0,0,905851664,125814616,782311308,6,1
2026-08-22T05:41:15+08:00,19679,1,29809,81920,100,41,54,390.89,205059932160,127139119104,75683995648,0,0,0,0,0,905851664,125814616,782311308,6,1
2026-08-22T05:42:14+08:00,19738,0,22467,81920,0,0,33,68.16,206326882304,128398344192,75684438016,0,0,0,0,0,904375400,125814616,782311248,8,1
2026-08-22T05:42:14+08:00,19738,1,22515,81920,0,0,34,67.01,206326882304,128398344192,75684438016,0,0,0,0,0,904375400,125814616,782311248,8,1
2026-08-22T05:43:15+08:00,19799,0,23058,81920,0,0,33,68.49,208194412544,130264109056,75684843520,0,0,0,0,0,902464980,125814616,782311248,8,1
2026-08-22T05:43:15+08:00,19799,1,22007,81920,5,0,34,67.01,208194412544,130264109056,75684843520,0,0,0,0,0,902464980,125814616,782311248,8,1
2026-08-22T05:44:15+08:00,19859,0,26862,81920,0,0,35,84.24,208848003072,130915340288,75685261312,0,0,0,0,0,901869072,125814616,782311248,8,1
2026-08-22T05:44:15+08:00,19859,1,26198,81920,67,1,36,104.91,208848003072,130915340288,75685261312,0,0,0,0,0,901869072,125814616,782311248,8,1
2026-08-22T05:45:14+08:00,19918,0,24348,81920,6,0,32,69.38,208903045120,130967572480,75685797888,0,0,0,0,0,901815180,125814616,782311248,8,1
2026-08-22T05:45:14+08:00,19918,1,25640,81920,0,0,33,67.96,208903045120,130967572480,75685797888,0,0,0,0,0,901815180,125814616,782311248,8,1
2026-08-22T05:46:13+08:00,19977,0,25933,81920,0,0,33,68.16,209884602368,131949834240,75686195200,0,0,0,0,0,900886724,125814616,782311248,8,1
2026-08-22T05:46:13+08:00,19977,1,23491,81920,0,0,33,67.01,209884602368,131949834240,75686195200,0,0,0,0,0,900886724,125814616,782311248,8,1
2026-08-22T05:47:15+08:00,20039,0,27374,81920,45,14,41,317.46,210325733376,132387430400,75686617088,0,0,0,0,0,900426604,125814616,782310788,8,1
2026-08-22T05:47:15+08:00,20039,1,26901,81920,68,1,35,111.89,210325733376,132387430400,75686617088,0,0,0,0,0,900426604,125814616,782310788,8,1
2026-08-22T05:48:14+08:00,20098,0,26222,81920,60,1,33,82.69,210333925376,132396322816,75687116800,0,0,0,0,0,900335416,125814616,782310788,8,1
2026-08-22T05:48:14+08:00,20098,1,25811,81920,4,0,33,67.63,210333925376,132396322816,75687116800,0,0,0,0,0,900335416,125814616,782310788,8,1
2026-08-22T05:49:14+08:00,20158,0,26107,81920,0,0,33,67.89,211222642688,133280505856,75687542784,0,0,0,0,0,899534824,125814616,782310788,8,1
2026-08-22T05:49:14+08:00,20158,1,25027,81920,2,0,33,67.63,211222642688,133280505856,75687542784,0,0,0,0,0,899534824,125814616,782310788,8,1
2026-08-22T05:50:15+08:00,20219,0,28659,81920,0,0,33,91.33,211725094912,133782278144,75687964672,0,0,0,0,0,899000236,125814616,782310788,8,1
2026-08-22T05:50:15+08:00,20219,1,27674,81920,97,1,35,98.7,211725094912,133782278144,75687964672,0,0,0,0,0,899000236,125814616,782310788,8,1
2026-08-22T05:51:15+08:00,20279,0,27290,81920,2,0,32,68.78,211671957504,133732040704,75688361984,0,0,0,0,0,899100948,125814616,782310724,8,1
2026-08-22T05:51:15+08:00,20279,1,26693,81920,79,1,36,143.76,211671957504,133732040704,75688361984,0,0,0,0,0,899100948,125814616,782310724,8,1
2026-08-22T05:52:14+08:00,20338,0,27013,81920,0,0,33,68.49,212104536064,134160027648,75688919040,0,0,0,0,0,898684952,125814616,782310724,8,1
2026-08-22T05:52:14+08:00,20338,1,25165,81920,5,0,33,69.18,212104536064,134160027648,75688919040,0,0,0,0,0,898684952,125814616,782310724,8,1
2026-08-22T05:53:14+08:00,20398,0,29049,81920,0,0,33,67.89,212758450176,134814597120,75689312256,0,0,0,0,0,897977692,125814616,782310724,8,1
2026-08-22T05:53:14+08:00,20398,1,28320,81920,0,0,34,83.05,212758450176,134814597120,75689312256,0,0,0,0,0,897977692,125814616,782310724,8,1
2026-08-22T05:54:15+08:00,20459,0,28450,81920,0,0,33,85.13,212829483008,134885961728,75689730048,0,0,0,0,0,897906196,125814616,782310724,8,1
2026-08-22T05:54:15+08:00,20459,1,27109,81920,4,0,33,67.29,212829483008,134885961728,75689730048,0,0,0,0,0,897906196,125814616,782310724,8,1
2026-08-22T05:55:15+08:00,20519,0,27030,81920,5,0,33,68.16,213254254592,135307714560,75690184704,0,0,0,0,0,897526008,125814616,782310724,8,1
2026-08-22T05:55:15+08:00,20519,1,25933,81920,0,0,33,67.96,213254254592,135307714560,75690184704,0,0,0,0,0,897526008,125814616,782310724,8,1
2026-08-22T05:56:15+08:00,20579,0,29305,81920,0,0,34,83.57,213551898624,135605456896,75690676224,0,0,0,0,0,897258340,125814616,782310784,8,1
2026-08-22T05:56:15+08:00,20579,1,28832,81920,0,0,34,82.69,213551898624,135605456896,75690676224,0,0,0,0,0,897258340,125814616,782310784,8,1
2026-08-22T05:57:14+08:00,20638,0,28652,81920,7,1,32,68.49,213420797952,135471738880,75691077632,0,0,0,0,0,897371308,125814616,782310784,8,1
2026-08-22T05:57:14+08:00,20638,1,27621,81920,10,0,33,67.96,213420797952,135471738880,75691077632,0,0,0,0,0,897371308,125814616,782310784,8,1
2026-08-22T05:58:13+08:00,20697,0,27422,81920,2,0,33,67.89,213605527552,135656992768,75691474944,0,0,0,0,0,897200788,125814616,782310272,8,1
2026-08-22T05:58:13+08:00,20697,1,26487,81920,87,1,35,115.99,213605527552,135656992768,75691474944,0,0,0,0,0,897200788,125814616,782310272,8,1
2026-08-22T05:59:15+08:00,20759,0,29304,81920,0,0,34,83.57,214138085376,136187064320,75692007424,0,0,0,0,0,896701820,125814616,782310272,8,1
2026-08-22T05:59:15+08:00,20759,1,29344,81920,0,0,35,83.38,214138085376,136187064320,75692007424,0,0,0,0,0,896701820,125814616,782310272,8,1
2026-08-22T06:00:14+08:00,20818,0,28963,81920,0,0,32,69.38,214462246912,136510234624,75692421120,0,0,0,0,0,896319216,125814616,782310272,8,1
2026-08-22T06:00:14+08:00,20818,1,28485,81920,0,0,33,68.85,214462246912,136510234624,75692421120,0,0,0,0,0,896319216,125814616,782310272,8,1
2026-08-22T06:01:14+08:00,20878,0,27434,81920,0,0,33,67.56,216198561792,138243567616,75692830720,0,0,0,0,0,894662012,125814616,782310272,8,1
2026-08-22T06:01:14+08:00,20878,1,27255,81920,0,0,34,82.35,216198561792,138243567616,75692830720,0,0,0,0,0,894662012,125814616,782310272,8,1
2026-08-22T06:02:13+08:00,20937,0,30329,81920,90,2,37,209.06,216784855040,138827059200,75693244416,0,0,0,0,0,894087292,125814616,782310272,8,1
2026-08-22T06:02:13+08:00,20937,1,29856,81920,44,1,37,202.51,216784855040,138827059200,75693244416,0,0,0,0,0,894087292,125814616,782310272,8,1
2026-08-22T06:03:15+08:00,20999,0,29731,81920,0,0,32,68.16,216809181184,138853679104,75693789184,0,0,0,0,0,894038336,125814616,782310272,8,1
2026-08-22T06:03:15+08:00,20999,1,29553,81920,0,0,33,67.01,216809181184,138853679104,75693789184,0,0,0,0,0,894038336,125814616,782310272,8,1
2026-08-22T06:04:14+08:00,21058,0,28703,81920,2,0,33,68.16,217271590912,139310579712,75694186496,0,0,0,0,0,893606216,125814616,782310272,8,1
2026-08-22T06:04:14+08:00,21058,1,27969,81920,2,0,33,67.96,217271590912,139310579712,75694186496,0,0,0,0,0,893606216,125814616,782310272,8,1
2026-08-22T06:05:14+08:00,21118,0,31097,81920,0,0,33,82.96,217869012992,139908022272,75694600192,0,0,0,0,0,893008020,125814616,782310272,8,1
2026-08-22T06:05:14+08:00,21118,1,29855,81920,0,0,36,112.72,217869012992,139908022272,75694600192,0,0,0,0,0,893008020,125814616,782310272,8,1
2026-08-22T06:06:15+08:00,21179,0,15088,81920,0,0,39,70.0,205240168448,127303405568,75696209920,0,0,0,0,0,905673412,125814616,782309088,8,1
2026-08-22T06:06:15+08:00,21179,1,14931,81920,0,0,40,69.18,205240168448,127303405568,75696209920,0,0,0,0,0,905673412,125814616,782309088,8,1
2026-08-22T06:07:15+08:00,21239,0,26287,81920,0,0,34,83.57,205892788224,127954350080,75696656384,0,0,0,0,0,904762724,125814616,782309088,8,1
2026-08-22T06:07:15+08:00,21239,1,26134,81920,0,0,35,83.38,205892788224,127954350080,75696656384,0,0,0,0,0,904762724,125814616,782309088,8,1
2026-08-22T06:08:14+08:00,21298,0,22759,81920,6,1,33,67.56,205345812480,127408832512,75697078272,0,0,0,0,0,905289764,125814616,782307548,8,1
2026-08-22T06:08:14+08:00,21298,1,22601,81920,0,0,33,67.01,205345812480,127408832512,75697078272,0,0,0,0,0,905289764,125814616,782307548,8,1
2026-08-22T06:09:13+08:00,21357,0,25165,81920,5,0,34,69.11,206465970176,128524066816,75697479680,0,0,0,0,0,904204976,125814616,782307548,8,1
2026-08-22T06:09:13+08:00,21357,1,26453,81920,0,0,35,85.82,206465970176,128524066816,75697479680,0,0,0,0,0,904204976,125814616,782307548,8,1
2026-08-22T06:10:15+08:00,21419,0,26351,81920,0,0,34,83.48,207064657920,129124892672,75698020352,0,0,0,0,0,903593344,125814616,782307548,8,1
2026-08-22T06:10:15+08:00,21419,1,26966,81920,76,2,37,196.98,207064657920,129124892672,75698020352,0,0,0,0,0,903593344,125814616,782307548,8,1
2026-08-22T06:11:15+08:00,21479,0,24551,81920,2,0,32,67.56,206934745088,128993841152,75698434048,0,0,0,0,0,903756308,125814616,782307644,8,1
2026-08-22T06:11:15+08:00,21479,1,25261,81920,0,0,34,83.38,206934745088,128993841152,75698434048,0,0,0,0,0,903756308,125814616,782307644,8,1
2026-08-22T06:12:14+08:00,21538,0,26607,81920,80,3,39,184.91,207223144448,129275265024,75698835456,0,0,0,0,0,903448940,125814616,782307644,8,1
2026-08-22T06:12:14+08:00,21538,1,26573,81920,0,0,36,83.91,207223144448,129275265024,75698835456,0,0,0,0,0,903448940,125814616,782307644,8,1
2026-08-22T06:13:13+08:00,21597,0,26607,81920,0,0,32,67.56,207765909504,129822175232,75699281920,0,0,0,0,0,902939920,125814616,782311228,8,1
2026-08-22T06:13:13+08:00,21597,1,27478,81920,63,1,34,84.93,207765909504,129822175232,75699281920,0,0,0,0,0,902939920,125814616,782311228,8,1
2026-08-22T06:14:15+08:00,21659,0,23627,81920,3,0,33,82.96,204646096896,126714118144,75699777536,0,0,0,0,0,905932232,125814616,782311228,8,1
2026-08-22T06:14:15+08:00,21659,1,24137,81920,2,0,33,67.56,204646096896,126714118144,75699777536,0,0,0,0,0,905932232,125814616,782311228,8,1
2026-08-22T06:15:14+08:00,21718,0,26611,81920,0,0,34,83.57,204602404864,126661517312,75700191232,0,0,0,0,0,906009348,125814616,782311228,8,1
2026-08-22T06:15:14+08:00,21718,1,27481,81920,0,0,36,83.57,204602404864,126661517312,75700191232,0,0,0,0,0,906009348,125814616,782311228,8,1
2026-08-22T06:16:13+08:00,21777,0,27001,81920,0,0,33,82.88,204613066752,126674034688,75700592640,0,0,0,0,0,905997736,125814616,782311228,8,1
2026-08-22T06:16:13+08:00,21777,1,27359,81920,57,1,37,165.98,204613066752,126674034688,75700592640,0,0,0,0,0,905997736,125814616,782311228,8,1
2026-08-22T06:17:15+08:00,21839,0,24703,81920,1,0,33,82.96,204816941056,126878846976,75701116928,0,0,0,0,0,905791704,125814616,782311228,8,1
2026-08-22T06:17:15+08:00,21839,1,25655,81920,0,0,33,67.63,204816941056,126878846976,75701116928,0,0,0,0,0,905791704,125814616,782311228,8,1
2026-08-22T06:18:14+08:00,21898,0,27001,81920,0,0,34,83.29,204616671232,126675341312,75701547008,0,0,0,0,0,906002648,125814616,782312076,8,1
2026-08-22T06:18:14+08:00,21898,1,27063,81920,0,0,36,83.57,204616671232,126675341312,75701547008,0,0,0,0,0,906002648,125814616,782312076,8,1
2026-08-22T06:19:14+08:00,21958,0,26447,81920,2,0,32,69.38,204619890688,126676389888,75701948416,0,0,0,0,0,905981136,125814616,782310716,8,1
2026-08-22T06:19:14+08:00,21958,1,27359,81920,0,0,34,82.77,204619890688,126676389888,75701948416,0,0,0,0,0,905981136,125814616,782310716,8,1
2026-08-22T06:20:14+08:00,22018,0,25375,81920,3,0,33,68.16,204615614464,126674608128,75702358016,0,0,0,0,0,905955280,125814616,782310716,8,1
2026-08-22T06:20:14+08:00,22018,1,26369,81920,5,1,33,66.68,204615614464,126674608128,75702358016,0,0,0,0,0,905955280,125814616,782310716,8,1
2026-08-22T06:21:15+08:00,22079,0,27513,81920,78,2,37,178.16,205324668928,127378649088,75702902784,0,0,0,0,0,905303336,125814616,782310716,8,1
2026-08-22T06:21:15+08:00,22079,1,25877,81920,5,0,34,66.94,205324668928,127378649088,75702902784,0,0,0,0,0,905303336,125814616,782310716,8,1
2026-08-22T06:22:14+08:00,22138,0,27769,81920,0,0,33,83.29,205903302656,127957151744,75703300096,0,0,0,0,0,904676932,125814616,782310716,8,1
2026-08-22T06:22:14+08:00,22138,1,27616,81920,69,2,37,97.15,205903302656,127957151744,75703300096,0,0,0,0,0,904676932,125814616,782310716,8,1
2026-08-22T06:23:13+08:00,22197,0,26481,81920,1,0,32,67.89,205886476288,127942467584,75703717888,0,0,0,0,0,904757684,125814616,782310716,8,1
2026-08-22T06:23:13+08:00,22197,1,26625,81920,0,0,33,67.96,205886476288,127942467584,75703717888,0,0,0,0,0,904757684,125814616,782310716,8,1
2026-08-22T06:24:15+08:00,22259,0,27769,81920,97,1,38,185.85,206442151936,128493899776,75704168448,0,0,0,0,0,904202560,125814616,782310716,8,1
2026-08-22T06:24:15+08:00,22259,1,27534,81920,0,0,35,82.96,206442151936,128493899776,75704168448,0,0,0,0,0,904202560,125814616,782310716,8,1
2026-08-22T06:25:14+08:00,22318,0,28025,81920,78,1,33,163.04,207061049344,129112850432,75704659968,0,0,0,0,0,903576444,125814616,782310716,8,1
2026-08-22T06:25:14+08:00,22318,1,28640,81920,71,1,34,83.38,207061049344,129112850432,75704659968,0,0,0,0,0,903576444,125814616,782310716,8,1
2026-08-22T06:26:14+08:00,22378,0,26481,81920,0,0,32,67.89,207323783168,129373806592,75705049088,0,0,0,0,0,903376060,125814616,782310716,8,1
2026-08-22T06:26:14+08:00,22378,1,27145,81920,0,0,33,82.35,207323783168,129373806592,75705049088,0,0,0,0,0,903376060,125814616,782310716,8,1
2026-08-22T06:27:15+08:00,22439,0,27943,81920,0,0,35,83.57,207675764736,129724358656,75705475072,0,0,0,0,0,903033424,125814616,782310716,8,1
2026-08-22T06:27:15+08:00,22439,1,28045,81920,0,0,35,83.57,207675764736,129724358656,75705475072,0,0,0,0,0,903033424,125814616,782310716,8,1
2026-08-22T06:28:14+08:00,22498,0,28793,81920,65,1,36,85.46,208234680320,130280001536,75705982976,0,0,0,0,0,902481052,125814616,782310716,8,1
2026-08-22T06:28:14+08:00,22498,1,29152,81920,0,0,34,82.77,208234680320,130280001536,75705982976,0,0,0,0,0,902481052,125814616,782310716,8,1
2026-08-22T06:29:14+08:00,22558,0,27345,81920,22,0,33,82.96,208678514688,130724642816,75706417152,0,0,0,0,0,902017784,125814616,782309692,8,1
2026-08-22T06:29:14+08:00,22558,1,27959,81920,0,0,34,83.57,208678514688,130724642816,75706417152,0,0,0,0,0,902017784,125814616,782309692,8,1
2026-08-22T06:30:15+08:00,22619,0,28777,81920,0,0,34,83.57,207709745152,129759862784,75706822656,0,0,0,0,0,903082892,125814616,782309692,7,1
2026-08-22T06:30:15+08:00,22619,1,16267,81920,0,0,34,67.01,207709745152,129759862784,75706822656,0,0,0,0,0,903082892,125814616,782309692,7,1
2026-08-22T06:31:15+08:00,22679,0,15370,81920,0,0,35,68.49,204114829312,126167457792,75708375040,0,0,0,0,0,906671608,125814616,782308568,8,1
2026-08-22T06:31:15+08:00,22679,1,15213,81920,0,0,36,67.96,204114829312,126167457792,75708375040,0,0,0,0,0,906671608,125814616,782308568,8,1
2026-08-22T06:32:14+08:00,22738,0,26543,81920,18,0,34,83.91,211805786112,133844459520,75708891136,0,0,0,0,0,898999012,125814616,782308568,8,1
2026-08-22T06:32:14+08:00,22738,1,26390,81920,31,8,40,336.87,211805786112,133844459520,75708891136,0,0,0,0,0,898999012,125814616,782308568,8,1
2026-08-22T06:33:14+08:00,22798,0,23069,81920,3,0,33,84.84,210755035136,132800688128,75709296640,0,0,0,0,0,899986116,125814616,782308568,8,1
2026-08-22T06:33:14+08:00,22798,1,24021,81920,5,0,34,83.91,210755035136,132800688128,75709296640,0,0,0,0,0,899986116,125814616,782308568,8,1
2026-08-22T06:34:15+08:00,22859,0,26863,81920,0,0,34,83.29,211278856192,133316161536,75709706240,0,0,0,0,0,899490172,125814616,782308568,8,1
2026-08-22T06:34:15+08:00,22859,1,23341,81920,0,0,34,82.96,211278856192,133316161536,75709706240,0,0,0,0,0,899490172,125814616,782308568,8,1
2026-08-22T06:35:15+08:00,22919,0,26767,81920,1,0,32,68.16,211109462016,133147623424,75710218240,0,0,0,0,0,899804384,125814616,782308568,8,1
2026-08-22T06:35:15+08:00,22919,1,26710,81920,0,0,34,82.96,211109462016,133147623424,75710218240,0,0,0,0,0,899804384,125814616,782308568,8,1
2026-08-22T06:36:14+08:00,22978,0,25023,81920,0,0,32,67.56,211228753920,133265293312,75710660608,0,0,0,0,0,899620384,125814616,782308608,8,1
2026-08-22T06:36:14+08:00,22978,1,25343,81920,0,0,33,83.91,211228753920,133265293312,75710660608,0,0,0,0,0,899620384,125814616,782308608,8,1
2026-08-22T06:37:13+08:00,23037,0,27375,81920,34,1,35,88.23,211480485888,133518688256,75711057920,0,0,0,0,0,899347064,125814616,782308608,8,1
2026-08-22T06:37:13+08:00,23037,1,24365,81920,0,0,33,67.63,211480485888,133518688256,75711057920,0,0,0,0,0,899347064,125814616,782308608,8,1
2026-08-22T06:38:15+08:00,23099,0,27535,81920,0,0,32,67.89,211498082304,133534203904,75711479808,0,0,0,0,0,899315660,125814616,782308608,8,1
2026-08-22T06:38:15+08:00,23099,1,26709,81920,0,0,37,178.95,211498082304,133534203904,75711479808,0,0,0,0,0,899315660,125814616,782308608,8,1
2026-08-22T06:39:14+08:00,23158,0,26303,81920,10,0,32,70.93,211495841792,133530771456,75712004096,0,0,0,0,0,899260920,125814616,782308608,8,1
2026-08-22T06:39:14+08:00,23158,1,26970,81920,0,0,34,82.43,211495841792,133530771456,75712004096,0,0,0,0,0,899260920,125814616,782308608,8,1
2026-08-22T06:40:14+08:00,23218,0,27891,81920,57,1,36,112.0,212380397568,134412279808,75712421888,0,0,0,0,0,898442416,125814616,782308608,8,1
2026-08-22T06:40:14+08:00,23218,1,25555,81920,0,0,33,67.56,212380397568,134412279808,75712421888,0,0,0,0,0,898442416,125814616,782308608,8,1
2026-08-22T06:41:15+08:00,23279,0,27467,81920,0,0,32,67.56,212115066880,134146293760,75712831488,0,0,0,0,0,898711952,125814616,782308608,8,1
2026-08-22T06:41:15+08:00,23279,1,25365,81920,0,0,34,67.29,212115066880,134146293760,75712831488,0,0,0,0,0,898711952,125814616,782308608,8,1
2026-08-22T06:42:14+08:00,23338,0,26167,81920,0,0,33,110.01,213185495040,135216787456,75713302528,0,0,0,0,0,897651464,125814616,782308608,8,1
2026-08-22T06:42:14+08:00,23338,1,27360,81920,10,0,37,182.66,213185495040,135216787456,75713302528,0,0,0,0,0,897651464,125814616,782308608,8,1
2026-08-22T06:43:14+08:00,23398,0,28793,81920,95,1,36,166.14,213767254016,135793672192,75713769472,0,0,0,0,0,897106540,125814616,782308608,8,1
2026-08-22T06:43:14+08:00,23398,1,26365,81920,6,1,32,67.23,213767254016,135793672192,75713769472,0,0,0,0,0,897106540,125814616,782308608,8,1
2026-08-22T06:44:15+08:00,23459,0,27611,81920,10,0,33,118.76,214165475328,136190664704,75714183168,0,0,0,0,0,896712612,125814616,782307024,8,1
2026-08-22T06:44:15+08:00,23459,1,26686,81920,0,0,34,67.01,214165475328,136190664704,75714183168,0,0,0,0,0,896712612,125814616,782307024,8,1
2026-08-22T06:45:15+08:00,23519,0,26410,81920,0,0,33,67.89,214282944512,136310710272,75714596864,0,0,0,0,0,896585556,125814616,782307024,8,1
2026-08-22T06:45:15+08:00,23519,1,27872,81920,0,0,34,82.77,214282944512,136310710272,75714596864,0,0,0,0,0,896585556,125814616,782307024,8,1
2026-08-22T06:46:14+08:00,23578,0,28793,81920,0,0,32,67.56,214391222272,136417648640,75715112960,0,0,0,0,0,896412844,125814616,782307024,8,1
2026-08-22T06:46:14+08:00,23578,1,26877,81920,0,0,32,66.4,214391222272,136417648640,75715112960,0,0,0,0,0,896412844,125814616,782307024,8,1
2026-08-22T06:47:13+08:00,23637,0,27897,81920,0,0,32,67.89,214396743680,136424189952,75715543040,0,0,0,0,0,896397372,125814616,782307024,8,1
2026-08-22T06:47:13+08:00,23637,1,25485,81920,0,0,33,67.96,214396743680,136424189952,75715543040,0,0,0,0,0,896397372,125814616,782307024,8,1
2026-08-22T06:48:15+08:00,23699,0,26666,81920,0,0,33,67.56,214705012736,136726794240,75715944448,0,0,0,0,0,896148612,125814616,782307024,8,1
2026-08-22T06:48:15+08:00,23699,1,28384,81920,94,2,35,83.57,214705012736,136726794240,75715944448,0,0,0,0,0,896148612,125814616,782307024,8,1
2026-08-22T06:49:14+08:00,23758,0,29049,81920,0,0,33,67.89,215340822528,137363062784,75716382720,0,0,0,0,0,895497828,125814616,782307068,8,1
2026-08-22T06:49:14+08:00,23758,1,27227,81920,0,0,33,82.07,215340822528,137363062784,75716382720,0,0,0,0,0,895497828,125814616,782307068,8,1
2026-08-22T06:50:15+08:00,23819,0,28355,81920,4,0,32,68.78,215223664640,137246883840,75716886528,0,0,0,0,0,895639264,125814616,782307068,8,1
2026-08-22T06:50:15+08:00,23819,1,25997,81920,1,0,33,66.61,215223664640,137246883840,75716886528,0,0,0,0,0,895639264,125814616,782307068,8,1
2026-08-22T06:51:15+08:00,23879,0,26869,81920,4,0,33,68.16,215457894400,137480114176,75717308416,0,0,0,0,0,895382908,125814616,782307068,8,1
2026-08-22T06:51:15+08:00,23879,1,28640,81920,0,0,34,110.12,215457894400,137480114176,75717308416,0,0,0,0,0,895382908,125814616,782307068,8,1
2026-08-22T06:52:14+08:00,23938,0,29561,81920,96,2,36,190.78,216071995392,138094133248,75717705728,0,0,0,0,0,894817932,125814616,782307068,8,1
2026-08-22T06:52:14+08:00,23938,1,27685,81920,1,0,33,66.68,216071995392,138094133248,75717705728,0,0,0,0,0,894817932,125814616,782307068,8,1
2026-08-22T06:53:14+08:00,23998,0,29165,81920,6,1,32,67.89,216122941440,138142199808,75718225920,0,0,0,0,0,894780028,125814616,782307068,8,1
2026-08-22T06:53:14+08:00,23998,1,26253,81920,0,0,33,67.29,216122941440,138142199808,75718225920,0,0,0,0,0,894780028,125814616,782307068,8,1
2026-08-22T06:54:13+08:00,24057,0,27775,81920,1,0,34,89.78,216714186752,138734678016,75718656000,0,0,0,0,0,894187436,125814616,782307068,8,1
2026-08-22T06:54:13+08:00,24057,1,29152,81920,0,0,34,82.96,216714186752,138734678016,75718656000,0,0,0,0,0,894187436,125814616,782307068,8,1
2026-08-22T06:55:15+08:00,24119,0,29802,81920,0,0,36,99.04,214297837568,136319242240,75719061504,0,0,0,0,0,896719132,125814616,782307068,7,1
2026-08-22T06:55:15+08:00,24119,1,16267,81920,0,0,32,67.23,214297837568,136319242240,75719061504,0,0,0,0,0,896719132,125814616,782307068,7,1
2026-08-22T06:56:15+08:00,24179,0,15363,81920,0,0,37,69.11,209539170304,131568844800,75720601600,0,0,0,0,0,901417924,125814616,782305912,8,1
2026-08-22T06:56:15+08:00,24179,1,15213,81920,0,0,38,68.56,209539170304,131568844800,75720601600,0,0,0,0,0,901417924,125814616,782305912,8,1
2026-08-22T06:57:14+08:00,24238,0,26543,81920,5,0,36,198.81,210510503936,132540059648,75721129984,0,0,0,0,0,900311508,125814616,782305912,8,1
2026-08-22T06:57:14+08:00,24238,1,26134,81920,0,0,35,83.29,210510503936,132540059648,75721129984,0,0,0,0,0,900311508,125814616,782305912,8,1
2026-08-22T06:58:13+08:00,24297,0,24985,81920,21,0,34,85.13,209429708800,131457777664,75721543680,0,0,0,0,0,901328472,125814616,782305908,8,1
2026-08-22T06:58:13+08:00,24297,1,24223,81920,1,0,33,67.29,209429708800,131457777664,75721543680,0,0,0,0,0,901328472,125814616,782305908,8,1
2026-08-22T06:59:15+08:00,24359,0,23499,81920,0,0,33,83.29,210637352960,132664565760,75721965568,0,0,0,0,0,900116216,125814616,782305908,8,1
2026-08-22T06:59:15+08:00,24359,1,25565,81920,0,0,34,67.01,210637352960,132664565760,75721965568,0,0,0,0,0,900116216,125814616,782305908,8,1
2026-08-22T07:00:14+08:00,24418,0,27119,81920,0,0,33,83.29,211220865024,133245837312,75722416128,0,0,0,0,0,899563796,125814616,782303348,8,1
2026-08-22T07:00:14+08:00,24418,1,26966,81920,99,2,36,101.47,211220865024,133245837312,75722416128,0,0,0,0,0,899563796,125814616,782303348,8,1
2026-08-22T07:01:13+08:00,24477,0,25415,81920,0,0,32,67.89,212772941824,134792851456,75722903552,0,0,0,0,0,898060224,125814616,782303416,8,1
2026-08-22T07:01:13+08:00,24477,1,25463,81920,6,1,33,66.68,212772941824,134792851456,75722903552,0,0,0,0,0,898060224,125814616,782303416,8,1
2026-08-22T07:02:15+08:00,24539,0,27119,81920,100,1,38,105.52,215349161984,137365684224,75723304960,0,0,0,0,0,895590320,125814616,782303416,8,1
2026-08-22T07:02:15+08:00,24539,1,24323,81920,0,0,34,67.29,215349161984,137365684224,75723304960,0,0,0,0,0,895590320,125814616,782303416,8,1
2026-08-22T07:03:14+08:00,24598,0,27375,81920,62,1,36,195.84,215593328640,137607581696,75723722752,0,0,0,0,0,895336344,125814616,782303416,8,1
2026-08-22T07:03:14+08:00,24598,1,27222,81920,100,2,36,199.41,215593328640,137607581696,75723722752,0,0,0,0,0,895336344,125814616,782303416,8,1
2026-08-22T07:04:14+08:00,24658,0,26187,81920,6,0,32,70.66,215679418368,137692893184,75724242944,0,0,0,0,0,895236748,125814616,782303416,8,1
2026-08-22T07:04:14+08:00,24658,1,26627,81920,0,0,33,84.24,215679418368,137692893184,75724242944,0,0,0,0,0,895236748,125814616,782303416,8,1
2026-08-22T07:05:15+08:00,24719,0,24874,81920,0,0,33,67.89,215961817088,137979072512,75724668928,0,0,0,0,0,894950720,125814616,782307000,8,1
2026-08-22T07:05:15+08:00,24719,1,25313,81920,0,0,34,82.35,215961817088,137979072512,75724668928,0,0,0,0,0,894950720,125814616,782307000,8,1
2026-08-22T07:06:15+08:00,24779,0,27257,81920,0,0,34,83.29,216090337280,138103197696,75725074432,0,0,0,0,0,894823544,125814616,782307000,8,1
2026-08-22T07:06:15+08:00,24779,1,27103,81920,100,1,35,88.84,216090337280,138103197696,75725074432,0,0,0,0,0,894823544,125814616,782307000,8,1
2026-08-22T07:07:14+08:00,24838,0,26361,81920,0,0,33,82.69,216077119488,138090897408,75725492224,0,0,0,0,0,894824548,125814616,782307000,8,1
2026-08-22T07:07:14+08:00,24838,1,27264,81920,10,0,32,67.29,216077119488,138090897408,75725492224,0,0,0,0,0,894824548,125814616,782307000,8,1
2026-08-22T07:08:14+08:00,24898,0,25333,81920,0,0,33,68.16,216219668480,138231975936,75726008320,0,0,0,0,0,894692204,125814616,782307000,8,1
2026-08-22T07:08:14+08:00,24898,1,25771,81920,10,0,33,67.63,216219668480,138231975936,75726008320,0,0,0,0,0,894692204,125814616,782307000,8,1
2026-08-22T07:09:15+08:00,24959,0,27513,81920,11,1,37,242.63,216837328896,138847854592,75726426112,0,0,0,0,0,894076288,125814616,782306488,8,1
2026-08-22T07:09:15+08:00,24959,1,27872,81920,90,32,41,348.59,216837328896,138847854592,75726426112,0,0,0,0,0,894076288,125814616,782306488,8,1
2026-08-22T07:10:14+08:00,25018,0,26617,81920,0,0,32,67.56,217130668032,139137748992,75726819328,0,0,0,0,0,893783032,125814616,782306488,8,1
2026-08-22T07:10:14+08:00,25018,1,28384,81920,95,2,36,110.73,217130668032,139137748992,75726819328,0,0,0,0,0,893783032,125814616,782306488,8,1
2026-08-22T07:11:14+08:00,25078,0,25709,81920,4,0,33,68.49,217730715648,139739172864,75727335424,0,0,0,0,0,893194364,125814616,782306488,8,1
2026-08-22T07:11:14+08:00,25078,1,26795,81920,1,0,33,69.79,217730715648,139739172864,75727335424,0,0,0,0,0,893194364,125814616,782306488,8,1
2026-08-22T07:12:14+08:00,25138,0,28793,81920,0,0,34,83.29,218284457984,140288299008,75727773696,0,0,0,0,0,892708720,125814616,782306488,8,1
2026-08-22T07:12:14+08:00,25138,1,28640,81920,100,1,39,175.57,218284457984,140288299008,75727773696,0,0,0,0,0,892708720,125814616,782306488,8,1
2026-08-22T07:13:15+08:00,25199,0,27843,81920,4,0,32,67.56,218421006336,140427182080,75728183296,0,0,0,0,0,892581176,125814616,782306488,8,1
2026-08-22T07:13:15+08:00,25199,1,28640,81920,0,0,34,82.77,218421006336,140427182080,75728183296,0,0,0,0,0,892581176,125814616,782306488,8,1
2026-08-22T07:14:15+08:00,25259,0,26709,81920,0,0,33,82.96,218687934464,140693327872,75728601088,0,0,0,0,0,892334136,125814616,782306488,8,1
2026-08-22T07:14:15+08:00,25259,1,27371,81920,9,0,34,68.23,218687934464,140693327872,75728601088,0,0,0,0,0,892334136,125814616,782306488,8,1
2026-08-22T07:15:14+08:00,25318,0,28793,81920,3,0,36,89.17,218712268800,140715298816,75729125376,0,0,0,0,0,892269920,125814616,782303928,8,1
2026-08-22T07:15:14+08:00,25318,1,28639,81920,78,1,35,82.96,218712268800,140715298816,75729125376,0,0,0,0,0,892269920,125814616,782303928,8,1
2026-08-22T07:16:14+08:00,25378,0,28445,81920,9,0,33,96.27,218632097792,140636393472,75729547264,0,0,0,0,0,892316548,125814616,782303928,8,1
2026-08-22T07:16:14+08:00,25378,1,28407,81920,6,0,32,66.61,218632097792,140636393472,75729547264,0,0,0,0,0,892316548,125814616,782303928,8,1
2026-08-22T07:17:15+08:00,25439,0,27167,81920,7,0,32,67.56,218580963328,140582801408,75729944576,0,0,0,0,0,892388536,125814616,782303928,8,1
2026-08-22T07:17:15+08:00,25439,1,27307,81920,0,0,33,70.73,218580963328,140582801408,75729944576,0,0,0,0,0,892388536,125814616,782303928,8,1
2026-08-22T07:18:15+08:00,25499,0,29305,81920,0,0,33,83.29,219547758592,141547556864,75730423808,0,0,0,0,0,891419072,125814616,782303928,8,1
2026-08-22T07:18:15+08:00,25499,1,28895,81920,17,0,39,373.21,219547758592,141547556864,75730423808,0,0,0,0,0,891419072,125814616,782303928,8,1
2026-08-22T07:19:14+08:00,25558,0,28963,81920,0,0,33,82.69,220138131456,142137970688,75730886656,0,0,0,0,0,890885464,125814616,782303928,8,1
2026-08-22T07:19:14+08:00,25558,1,29152,81920,96,1,34,83.29,220138131456,142137970688,75730886656,0,0,0,0,0,890885464,125814616,782303928,8,1
2026-08-22T07:20:13+08:00,25617,0,29357,81920,100,42,51,371.23,213249343488,135263649792,75732381696,0,0,0,0,0,897899684,125814616,782302856,6,1
2026-08-22T07:20:13+08:00,25617,1,29455,81920,100,41,51,387.19,213249343488,135263649792,75732381696,0,0,0,0,0,897899684,125814616,782302856,6,1
2026-08-22T07:21:15+08:00,25679,0,20329,81920,0,0,33,85.46,212461457408,134473441280,75732828160,0,0,0,0,0,898411356,125814616,782302820,8,1
2026-08-22T07:21:15+08:00,25679,1,20176,81920,0,0,34,84.32,212461457408,134473441280,75732828160,0,0,0,0,0,898411356,125814616,782302820,8,1
2026-08-22T07:22:14+08:00,25738,0,26287,81920,97,2,37,100.59,218345279488,140342755328,75733348352,0,0,0,0,0,892673836,125814616,782302816,8,1
2026-08-22T07:22:14+08:00,25738,1,26134,81920,98,1,38,109.23,218345279488,140342755328,75733348352,0,0,0,0,0,892673836,125814616,782302816,8,1
2026-08-22T07:23:14+08:00,25798,0,26607,81920,0,0,32,67.16,218948198400,140945260544,75733774336,0,0,0,0,0,892084744,125814616,782302816,8,1
2026-08-22T07:23:14+08:00,25798,1,26453,81920,69,1,39,341.52,218948198400,140945260544,75733774336,0,0,0,0,0,892084744,125814616,782302816,8,1
2026-08-22T07:24:13+08:00,25857,0,24093,81920,0,0,33,84.84,218950266880,140948414464,75734188032,0,0,0,0,0,892098744,125814616,782302816,8,1
2026-08-22T07:24:13+08:00,25857,1,23341,81920,0,0,33,83.91,218950266880,140948414464,75734188032,0,0,0,0,0,892098744,125814616,782302816,8,1
2026-08-22T07:25:15+08:00,25919,0,25677,81920,0,0,34,67.89,219078840320,141076205568,75734593536,0,0,0,0,0,891903912,125814616,782302816,8,1
2026-08-22T07:25:15+08:00,25919,1,26710,81920,0,0,36,83.65,219078840320,141076205568,75734593536,0,0,0,0,0,891903912,125814616,782302816,8,1
2026-08-22T07:26:15+08:00,25979,0,27119,81920,23,0,34,99.04,219585368064,141582422016,75735134208,0,0,0,0,0,891443324,125814616,782302844,8,1
2026-08-22T07:26:15+08:00,25979,1,25545,81920,6,1,32,66.4,219585368064,141582422016,75735134208,0,0,0,0,0,891443324,125814616,782302844,8,1
2026-08-22T07:27:14+08:00,26038,0,25373,81920,1,0,32,69.71,219504820224,141500698624,75735527424,0,0,0,0,0,891481140,125814616,782302844,8,1
2026-08-22T07:27:14+08:00,26038,1,24067,81920,0,0,33,67.01,219504820224,141500698624,75735527424,0,0,0,0,0,891481140,125814616,782302844,8,1
2026-08-22T07:28:14+08:00,26098,0,27079,81920,67,19,36,85.37,219851497472,141846097920,75735937024,0,0,0,0,0,891130444,125814616,782302844,8,1
2026-08-22T07:28:14+08:00,26098,1,26709,81920,60,20,44,399.42,219851497472,141846097920,75735937024,0,0,0,0,0,891130444,125814616,782302844,8,1
2026-08-22T07:29:15+08:00,26159,0,27379,81920,0,0,34,83.29,219959369728,141954998272,75736428544,0,0,0,0,0,891075292,125814616,782302844,8,1
2026-08-22T07:29:15+08:00,26159,1,25469,81920,2,0,34,84.84,219959369728,141954998272,75736428544,0,0,0,0,0,891075292,125814616,782302844,8,1
2026-08-22T07:30:15+08:00,26219,0,25969,81920,10,0,32,71.55,220256276480,142249369600,75736891392,0,0,0,0,0,890732552,125814616,782302844,8,1
2026-08-22T07:30:15+08:00,26219,1,27226,81920,0,0,34,83.38,220256276480,142249369600,75736891392,0,0,0,0,0,890732552,125814616,782302844,8,1
2026-08-22T07:31:14+08:00,26278,0,27769,81920,0,0,34,83.82,221335052288,143324561408,75737292800,0,0,0,0,0,889685700,125814616,782302844,8,1
2026-08-22T07:31:14+08:00,26278,1,27616,81920,62,21,41,280.52,221335052288,143324561408,75737292800,0,0,0,0,0,889685700,125814616,782302844,8,1
2026-08-22T07:32:13+08:00,26337,0,27769,81920,0,0,32,68.49,221451419648,143440007168,75737710592,0,0,0,0,0,889592424,125814616,782302844,8,1
2026-08-22T07:32:13+08:00,26337,1,25825,81920,0,0,33,84.93,221451419648,143440007168,75737710592,0,0,0,0,0,889592424,125814616,782302844,8,1
2026-08-22T07:33:15+08:00,26399,0,26279,81920,0,0,33,82.96,221891710976,143880028160,75738226688,0,0,0,0,0,889117376,125814616,782302844,8,1
2026-08-22T07:33:15+08:00,26399,1,27615,81920,90,2,37,168.14,221891710976,143880028160,75738226688,0,0,0,0,0,889117376,125814616,782302844,8,1
2026-08-22T07:34:14+08:00,26458,0,28537,81920,100,1,38,178.16,221457018880,143444766720,75738640384,0,0,0,0,0,889593756,125814616,782302844,8,1
2026-08-22T07:34:14+08:00,26458,1,27872,81920,0,0,33,66.61,221457018880,143444766720,75738640384,0,0,0,0,0,889593756,125814616,782302844,8,1
2026-08-22T07:35:13+08:00,26517,0,28793,81920,0,0,32,67.23,222927859712,144913375232,75739058176,0,0,0,0,0,888127724,125814616,782302812,8,1
2026-08-22T07:35:13+08:00,26517,1,26121,81920,0,0,33,82.69,222927859712,144913375232,75739058176,0,0,0,0,0,888127724,125814616,782302812,8,1
2026-08-22T07:36:15+08:00,26579,0,26751,81920,0,0,33,84.51,223561805824,145557385216,75729494016,0,0,0,0,0,887501264,125814616,782300764,8,1
2026-08-22T07:36:15+08:00,26579,1,28384,81920,95,1,37,192.25,223561805824,145557385216,75729494016,0,0,0,0,0,887501264,125814616,782300764,8,1
2026-08-22T07:37:15+08:00,26639,0,29049,81920,100,1,36,146.38,223695732736,145697562624,75719983104,0,0,0,0,0,887339312,125814616,782300764,8,1
2026-08-22T07:37:15+08:00,26639,1,28640,81920,0,0,34,129.29,223695732736,145697562624,75719983104,0,0,0,0,0,887339312,125814616,782300764,8,1
2026-08-22T07:38:14+08:00,26698,0,29305,81920,0,0,33,84.84,224190382080,146222985216,75690340352,0,0,0,0,0,886829024,125814616,782300764,8,1
2026-08-22T07:38:14+08:00,26698,1,26633,81920,0,0,33,67.01,224190382080,146222985216,75690340352,0,0,0,0,0,886829024,125814616,782300764,8,1
2026-08-22T07:39:15+08:00,26759,0,27423,81920,0,0,32,67.23,224119390208,146249261056,75590782976,0,0,0,0,0,886797104,125814616,782300764,8,1
2026-08-22T07:39:15+08:00,26759,1,28640,81920,19,0,35,111.06,224119390208,146249261056,75590782976,0,0,0,0,0,886797104,125814616,782300764,8,1
2026-08-22T07:40:15+08:00,26819,0,29561,81920,65,1,34,84.15,224307855360,146449653760,75581300736,0,0,0,0,0,886619228,125814616,782300792,8,1
2026-08-22T07:40:15+08:00,26819,1,28640,81920,50,16,39,408.94,224307855360,146449653760,75581300736,0,0,0,0,0,886619228,125814616,782300792,8,1
2026-08-22T07:41:14+08:00,26878,0,29465,81920,3,0,32,69.38,224351285248,146493423616,75581730816,0,0,0,0,0,886596596,125814616,782300792,8,1
2026-08-22T07:41:14+08:00,26878,1,26795,81920,0,0,33,66.68,224351285248,146493423616,75581730816,0,0,0,0,0,886596596,125814616,782300792,8,1
2026-08-22T07:42:14+08:00,26938,0,27977,81920,4,0,32,67.89,224407842816,146548826112,75582144512,0,0,0,0,0,886541780,125814616,782300792,8,1
2026-08-22T07:42:14+08:00,26938,1,28896,81920,100,1,36,83.65,224407842816,146548826112,75582144512,0,0,0,0,0,886541780,125814616,782300792,8,1
2026-08-22T07:43:15+08:00,26999,0,29521,81920,94,32,36,85.46,224931131392,147068575744,75582554112,0,0,0,0,0,886001304,125814616,782300792,8,1
2026-08-22T07:43:15+08:00,26999,1,28896,81920,0,0,32,66.4,224931131392,147068575744,75582554112,0,0,0,0,0,886001304,125814616,782300792,8,1
2026-08-22T07:44:15+08:00,27059,0,26424,81920,100,2,37,195.1,224536768512,146673336320,75583082496,0,0,0,0,0,886419612,125814616,782300792,8,1
2026-08-22T07:44:15+08:00,27059,1,24235,81920,4,0,33,67.23,224536768512,146673336320,75583082496,0,0,0,0,0,886419612,125814616,782300792,8,1
2026-08-22T07:45:14+08:00,27118,0,16406,81920,0,0,32,67.89,221880049664,144021868544,75583488000,0,0,0,0,0,889143836,125814616,782300792,7,1
2026-08-22T07:45:14+08:00,27118,1,27615,81920,51,16,41,199.01,221880049664,144021868544,75583488000,0,0,0,0,0,889143836,125814616,782300792,7,1
2026-08-22T07:46:13+08:00,27177,0,15088,81920,0,0,39,70.0,218271277056,140419665920,75585032192,0,0,0,0,0,892830596,125814616,782299664,8,1
2026-08-22T07:46:13+08:00,27177,1,14931,81920,0,0,40,69.18,218271277056,140419665920,75585032192,0,0,0,0,0,892830596,125814616,782299664,8,1
2026-08-22T07:47:15+08:00,27239,0,26543,81920,0,0,34,83.91,221985497088,144127565824,75585527808,0,0,0,0,0,888960484,125814616,782299664,8,1
2026-08-22T07:47:15+08:00,27239,1,26134,81920,76,1,36,91.33,221985497088,144127565824,75585527808,0,0,0,0,0,888960484,125814616,782299664,8,1
2026-08-22T07:48:14+08:00,27298,0,23271,81920,0,0,32,69.11,220279218176,142423740416,75585978368,0,0,0,0,0,890605940,125814616,782299664,8,1
2026-08-22T07:48:14+08:00,27298,1,22601,81920,2,0,33,67.29,220279218176,142423740416,75585978368,0,0,0,0,0,890605940,125814616,782299664,8,1
2026-08-22T07:49:14+08:00,27358,0,26311,81920,47,11,36,85.46,220604321792,142747697152,75586392064,0,0,0,0,0,890302368,125814616,782299664,8,1
2026-08-22T07:49:14+08:00,27358,1,26198,81920,0,0,36,187.93,220604321792,142747697152,75586392064,0,0,0,0,0,890302368,125814616,782299664,8,1
2026-08-22T07:50:15+08:00,27419,0,27119,81920,0,0,34,83.29,221736353792,143875887104,75586789376,0,0,0,0,0,889133136,125814616,782299664,8,1
2026-08-22T07:50:15+08:00,27419,1,26710,81920,0,0,33,83.99,221736353792,143875887104,75586789376,0,0,0,0,0,889133136,125814616,782299664,8,1
2026-08-22T07:51:15+08:00,27479,0,25415,81920,81,1,33,84.84,221753536512,143892733952,75587309568,0,0,0,0,0,889149524,125814616,782299704,8,1
2026-08-22T07:51:15+08:00,27479,1,24087,81920,0,0,33,82.69,221753536512,143892733952,75587309568,0,0,0,0,0,889149524,125814616,782299704,8,1
2026-08-22T07:52:14+08:00,27538,0,27119,81920,0,0,33,67.89,221938593792,144075841536,75587723264,0,0,0,0,0,888984008,125814616,782297144,8,1
2026-08-22T07:52:14+08:00,27538,1,26645,81920,100,1,38,181.44,221938593792,144075841536,75587723264,0,0,0,0,0,888984008,125814616,782297144,8,1
2026-08-22T07:53:13+08:00,27597,0,27375,81920,0,0,32,67.56,222304419840,144442101760,75588145152,0,0,0,0,0,888569976,125814616,782297144,8,1
2026-08-22T07:53:13+08:00,27597,1,27158,81920,0,0,34,82.77,222304419840,144442101760,75588145152,0,0,0,0,0,888569976,125814616,782297144,8,1
2026-08-22T07:54:15+08:00,27659,0,25589,81920,5,0,32,70.0,222650974208,144787496960,75588583424,0,0,0,0,0,888247068,125814616,782297144,8,1
2026-08-22T07:54:15+08:00,27659,1,25663,81920,0,0,33,83.65,222650974208,144787496960,75588583424,0,0,0,0,0,888247068,125814616,782297144,8,1
2026-08-22T07:55:14+08:00,27718,0,27379,81920,50,0,34,157.78,222521262080,144658079744,75589091328,0,0,0,0,0,888357760,125814616,782297144,8,1
2026-08-22T07:55:14+08:00,27718,1,27161,81920,0,0,35,83.57,222521262080,144658079744,75589091328,0,0,0,0,0,888357760,125814616,782297144,8,1
2026-08-22T07:56:14+08:00,27778,0,27769,81920,0,0,33,83.29,222947373056,145080950784,75589484544,0,0,0,0,0,887936996,125814616,782297144,8,1
2026-08-22T07:56:14+08:00,27778,1,27296,81920,100,1,36,174.62,222947373056,145080950784,75589484544,0,0,0,0,0,887936996,125814616,782297144,8,1
2026-08-22T07:57:14+08:00,27838,0,25983,81920,0,0,33,82.96,223312961536,145518882816,75520086016,0,0,0,0,0,887523528,125814616,782300728,8,1
2026-08-22T07:57:14+08:00,27838,1,26103,81920,0,0,33,84.24,223312961536,145518882816,75520086016,0,0,0,0,0,887523528,125814616,782300728,8,1
2026-08-22T07:58:15+08:00,27899,0,28281,81920,0,0,34,83.29,223592624128,145798094848,75520581632,0,0,0,0,0,887308812,125814616,782300728,8,1
2026-08-22T07:58:15+08:00,27899,1,25813,81920,5,0,34,67.63,223592624128,145798094848,75520581632,0,0,0,0,0,887308812,125814616,782300728,8,1
2026-08-22T07:59:15+08:00,27959,0,27727,81920,5,0,32,70.0,223674331136,145966456832,75431415808,0,0,0,0,0,887091328,125814616,782300728,8,1
2026-08-22T07:59:15+08:00,27959,1,27552,81920,55,16,37,87.37,223674331136,145966456832,75431415808,0,0,0,0,0,887091328,125814616,782300728,8,1
2026-08-22T08:00:14+08:00,28018,0,26197,81920,0,0,33,82.96,223919964160,146210103296,75431821312,0,0,0,0,0,886865352,125814616,782300728,8,1
2026-08-22T08:00:14+08:00,28018,1,26399,81920,1,0,33,69.38,223919964160,146210103296,75431821312,0,0,0,0,0,886865352,125814616,782300728,8,1
2026-08-22T08:01:15+08:00,28079,0,28537,81920,57,1,35,196.32,223842062336,146133065728,75432235008,0,0,0,0,0,886982108,125814616,782300728,8,1
2026-08-22T08:01:15+08:00,28079,1,25165,81920,0,0,33,66.61,223842062336,146133065728,75432235008,0,0,0,0,0,886982108,125814616,782300728,8,1
2026-08-22T08:02:15+08:00,28139,0,28397,81920,0,0,32,70.33,224041078784,146357805056,75402932224,0,0,0,0,0,886707932,125814616,782300216,8,1
2026-08-22T08:02:15+08:00,28139,1,27551,81920,83,1,34,83.05,224041078784,146357805056,75402932224,0,0,0,0,0,886707932,125814616,782300216,8,1
2026-08-22T08:03:14+08:00,28198,0,26869,81920,0,0,32,68.16,224357560320,146715840512,75363598336,0,0,0,0,0,886403032,125814616,782300216,8,1
2026-08-22T08:03:14+08:00,28198,1,26857,81920,3,0,32,66.68,224357560320,146715840512,75363598336,0,0,0,0,0,886403032,125814616,782300216,8,1
2026-08-22T08:04:14+08:00,28258,0,29305,81920,0,0,34,82.96,225017196544,147371442176,75364028416,0,0,0,0,0,885781848,125814616,782300216,8,1
2026-08-22T08:04:14+08:00,28258,1,25719,81920,0,0,33,75.87,225017196544,147371442176,75364028416,0,0,0,0,0,885781848,125814616,782300216,8,1
2026-08-22T08:05:15+08:00,28319,0,28409,81920,6,0,32,70.0,225047814144,147425284096,75344654336,0,0,0,0,0,885659604,125814616,782300216,8,1
2026-08-22T08:05:15+08:00,28319,1,28064,81920,0,0,34,82.69,225047814144,147425284096,75344654336,0,0,0,0,0,885659604,125814616,782300216,8,1
2026-08-22T08:06:15+08:00,28379,0,27178,81920,0,0,33,69.64,225159430144,147535450112,75345117184,0,0,0,0,0,885562172,125814616,782300216,8,1
2026-08-22T08:06:15+08:00,28379,1,28320,81920,64,1,41,258.6,225159430144,147535450112,75345117184,0,0,0,0,0,885562172,125814616,782300216,8,1
2026-08-22T08:07:14+08:00,28438,0,29817,81920,0,0,33,83.29,225575215104,147947065344,75345518592,0,0,0,0,0,885149344,125814616,782300728,8,1
2026-08-22T08:07:14+08:00,28438,1,25719,81920,0,0,33,67.01,225575215104,147947065344,75345518592,0,0,0,0,0,885149344,125814616,782300728,8,1
2026-08-22T08:08:14+08:00,28498,0,28625,81920,0,0,32,85.13,226322456576,148730830848,75306250240,0,0,0,0,0,884423612,125814616,782300728,8,1
2026-08-22T08:08:14+08:00,28498,1,28320,81920,0,0,34,82.96,226322456576,148730830848,75306250240,0,0,0,0,0,884423612,125814616,782300728,8,1
2026-08-22T08:09:15+08:00,28559,0,30033,81920,0,0,35,83.57,226675773440,149083181056,75306762240,0,0,0,0,0,884072128,125814616,782300728,8,1
2026-08-22T08:09:15+08:00,28559,1,28223,81920,0,0,32,67.29,226675773440,149083181056,75306762240,0,0,0,0,0,884072128,125814616,782300728,8,1
2026-08-22T08:10:15+08:00,28619,0,30314,81920,0,0,33,84.84,224528228352,146981683200,75267551232,0,0,0,0,0,886245824,125814616,782300728,7,1
2026-08-22T08:10:15+08:00,28619,1,16267,81920,0,0,32,67.29,224528228352,146981683200,75267551232,0,0,0,0,0,886245824,125814616,782300728,7,1
2026-08-22T08:11:14+08:00,28678,0,29703,81920,98,39,56,268.51,220058091520,142522097664,75269029888,0,0,0,0,0,890828716,125814616,782299656,6,1
2026-08-22T08:11:14+08:00,28678,1,30023,81920,100,41,55,409.32,220058091520,142522097664,75269029888,0,0,0,0,0,890828716,125814616,782299656,6,1
2026-08-22T08:12:14+08:00,28738,0,23277,81920,0,0,34,67.89,216718577664,139191607296,75269525504,0,0,0,0,0,893758680,125814616,782300700,8,1
2026-08-22T08:12:14+08:00,28738,1,23582,81920,0,0,34,67.23,216718577664,139191607296,75269525504,0,0,0,0,0,893758680,125814616,782300700,8,1
2026-08-22T08:13:15+08:00,28799,0,22475,81920,0,0,33,70.66,216291143680,138756829184,75270021120,0,0,0,0,0,894271396,125814616,782299628,8,1
2026-08-22T08:13:15+08:00,28799,1,21805,81920,0,0,34,82.96,216291143680,138756829184,75270021120,0,0,0,0,0,894271396,125814616,782299628,8,1
2026-08-22T08:14:14+08:00,28858,0,26863,81920,0,0,33,83.29,216686297088,139152740352,75270426624,0,0,0,0,0,893764916,125814616,782299628,8,1
2026-08-22T08:14:14+08:00,28858,1,26198,81920,97,1,38,171.85,216686297088,139152740352,75270426624,0,0,0,0,0,893764916,125814616,782299628,8,1
2026-08-22T08:15:14+08:00,28918,0,24849,81920,2,0,32,67.56,216330006528,138796752896,75270840320,0,0,0,0,0,894136268,125814616,782299628,8,1
2026-08-22T08:15:14+08:00,28918,1,25285,81920,0,0,33,67.63,216330006528,138796752896,75270840320,0,0,0,0,0,894136268,125814616,782299628,8,1
2026-08-22T08:16:15+08:00,28979,0,27119,81920,0,0,34,83.57,216833826816,139297128448,75271348224,0,0,0,0,0,893651160,125814616,782299628,8,1
2026-08-22T08:16:15+08:00,28979,1,23597,81920,0,0,33,67.01,216833826816,139297128448,75271348224,0,0,0,0,0,893651160,125814616,782299628,8,1
2026-08-22T08:17:15+08:00,29039,0,27119,81920,97,1,36,135.31,217171070976,139635716096,75271782400,0,0,0,0,0,893272172,125814616,782299648,8,1
2026-08-22T08:17:15+08:00,29039,1,26454,81920,0,0,34,83.91,217171070976,139635716096,75271782400,0,0,0,0,0,893272172,125814616,782299648,8,1
2026-08-22T08:18:14+08:00,29098,0,25671,81920,4,0,33,86.07,217006821376,139476226048,75272187904,0,0,0,0,0,893493364,125814616,782299648,8,1
2026-08-22T08:18:14+08:00,29098,1,25797,81920,0,0,32,67.29,217006821376,139476226048,75272187904,0,0,0,0,0,893493364,125814616,782299648,8,1
2026-08-22T08:19:14+08:00,29158,0,27631,81920,97,1,37,173.84,218156077056,140617486336,75272617984,0,0,0,0,0,892346556,125814616,782299648,8,1
2026-08-22T08:19:14+08:00,29158,1,24525,81920,2,0,33,67.01,218156077056,140617486336,75272617984,0,0,0,0,0,892346556,125814616,782299648,8,1
2026-08-22T08:20:15+08:00,29219,0,27635,81920,0,0,33,82.88,218291388416,140751278080,75273117696,0,0,0,0,0,892179332,125814616,782299648,8,1
2026-08-22T08:20:15+08:00,29219,1,26970,81920,6,0,37,179.56,218291388416,140751278080,75273117696,0,0,0,0,0,892179332,125814616,782299648,8,1
2026-08-22T08:21:14+08:00,29278,0,26225,81920,4,0,32,69.71,218285547520,140743294976,75273543680,0,0,0,0,0,892269500,125814616,782299648,8,1
2026-08-22T08:21:14+08:00,29278,1,26545,81920,0,0,33,82.43,218285547520,140743294976,75273543680,0,0,0,0,0,892269500,125814616,782299648,8,1
2026-08-22T08:22:14+08:00,29338,0,27769,81920,100,1,38,135.31,218318082048,140778283008,75273953280,0,0,0,0,0,892194664,125814616,782299648,8,1
2026-08-22T08:22:14+08:00,29338,1,25057,81920,67,1,35,143.76,218318082048,140778283008,75273953280,0,0,0,0,0,892194664,125814616,782299648,8,1
2026-08-22T08:23:15+08:00,29399,0,27769,81920,0,0,35,184.91,219057209344,141513027584,75274444800,0,0,0,0,0,891521160,125814616,782298112,8,1
2026-08-22T08:23:15+08:00,29399,1,27360,81920,0,0,34,82.69,219057209344,141513027584,75274444800,0,0,0,0,0,891521160,125814616,782298112,8,1
2026-08-22T08:24:14+08:00,29458,0,26345,81920,6,0,32,68.16,218967883776,141424054272,75274907648,0,0,0,0,0,891557628,125814616,782298112,8,1
2026-08-22T08:24:14+08:00,29458,1,26959,81920,6,1,32,68.56,218967883776,141424054272,75274907648,0,0,0,0,0,891557628,125814616,782298112,8,1
2026-08-22T08:25:14+08:00,29518,0,28025,81920,100,1,34,89.17,220028239872,142482972672,75275300864,0,0,0,0,0,890557552,125814616,782298112,8,1
2026-08-22T08:25:14+08:00,29518,1,25527,81920,0,0,33,82.77,220028239872,142482972672,75275300864,0,0,0,0,0,890557552,125814616,782298112,8,1
2026-08-22T08:26:13+08:00,29577,0,28537,81920,0,0,33,83.29,220275965952,142729637888,75275714560,0,0,0,0,0,890278848,125814616,782298112,8,1
2026-08-22T08:26:13+08:00,29577,1,27872,81920,90,30,36,84.84,220275965952,142729637888,75275714560,0,0,0,0,0,890278848,125814616,782298112,8,1
2026-08-22T08:27:15+08:00,29639,0,26791,81920,5,0,33,84.84,220549804032,143000412160,75276238848,0,0,0,0,0,889980252,125814616,782298096,8,1
2026-08-22T08:27:15+08:00,29639,1,27771,81920,2,0,32,67.23,220549804032,143000412160,75276238848,0,0,0,0,0,889980252,125814616,782298096,8,1
2026-08-22T08:28:14+08:00,29698,0,28497,81920,0,0,35,84.24,220803055616,143253594112,75276664832,0,0,0,0,0,889785372,125814616,782296560,8,1
2026-08-22T08:28:14+08:00,29698,1,26081,81920,0,0,34,83.91,220803055616,143253594112,75276664832,0,0,0,0,0,889785372,125814616,782296560,8,1
2026-08-22T08:29:14+08:00,29758,0,28793,81920,100,2,35,88.23,220989812736,143438184448,75277070336,0,0,0,0,0,889586580,125814616,782296560,8,1
2026-08-22T08:29:14+08:00,29758,1,28640,81920,0,0,35,82.96,220989812736,143438184448,75277070336,0,0,0,0,0,889586580,125814616,782296560,8,1
2026-08-22T08:30:15+08:00,29819,0,27803,81920,0,0,32,67.56,221040033792,143488847872,75277533184,0,0,0,0,0,889528404,125814616,782296560,8,1
2026-08-22T08:30:15+08:00,29819,1,28795,81920,2,0,32,67.29,221040033792,143488847872,75277533184,0,0,0,0,0,889528404,125814616,782296560,8,1
2026-08-22T08:31:15+08:00,29879,0,27905,81920,0,0,33,67.89,221259513856,143706812416,75278020608,0,0,0,0,0,889325020,125814616,782296560,8,1
2026-08-22T08:31:15+08:00,29879,1,27009,81920,1,0,33,70.73,221259513856,143706812416,75278020608,0,0,0,0,0,889325020,125814616,782296560,8,1
2026-08-22T08:32:15+08:00,29939,0,29305,81920,0,0,35,131.93,224875982848,147316903936,75278434304,0,0,0,0,0,885766320,125814616,782296572,8,1
2026-08-22T08:32:15+08:00,29939,1,29151,81920,35,0,34,82.96,224875982848,147316903936,75278434304,0,0,0,0,0,885766320,125814616,782296572,8,1
2026-08-22T08:33:14+08:00,29998,0,27815,81920,0,0,33,83.29,225228521472,147674451968,75278839808,0,0,0,0,0,885413600,125814616,782296572,8,1
2026-08-22T08:33:14+08:00,29998,1,29307,81920,2,0,32,67.96,225228521472,147674451968,75278839808,0,0,0,0,0,885413600,125814616,782296572,8,1
2026-08-22T08:34:14+08:00,30058,0,29009,81920,0,0,35,84.24,224934666240,147382329344,75279343616,0,0,0,0,0,885694452,125814616,782296572,8,1
2026-08-22T08:34:14+08:00,30058,1,27819,81920,4,0,33,67.63,224934666240,147382329344,75279343616,0,0,0,0,0,885694452,125814616,782296572,8,1
2026-08-22T08:35:15+08:00,30119,0,29817,81920,0,0,33,82.96,226330300416,148765229056,75279781888,0,0,0,0,0,884380632,125814616,782296572,8,1
2026-08-22T08:35:15+08:00,30119,1,29919,81920,0,0,34,83.05,226330300416,148765229056,75279781888,0,0,0,0,0,884380632,125814616,782296572,8,1
2026-08-22T08:36:14+08:00,30178,0,29809,81920,100,41,51,203.52,218047614976,140501839872,75281264640,0,0,0,0,0,892772676,125814616,782295500,6,1
2026-08-22T08:36:14+08:00,30178,1,29809,81920,98,39,52,208.99,218047614976,140501839872,75281264640,0,0,0,0,0,892772676,125814616,782295500,6,1
2026-08-22T08:37:14+08:00,30238,0,20787,81920,0,0,33,67.89,228474875904,141291978752,84892295168,0,0,0,0,0,891808284,125814616,772145132,8,1
2026-08-22T08:37:14+08:00,30238,1,20497,81920,4,0,34,67.29,228474875904,141291978752,84892295168,0,0,0,0,0,891808284,125814616,772145132,8,1
2026-08-22T08:38:15+08:00,30299,0,26543,81920,98,1,36,84.51,231764787200,144573145088,84892807168,0,0,0,0,0,888537084,125814616,772146996,8,1
2026-08-22T08:38:15+08:00,30299,1,26390,81920,0,0,35,85.21,231764787200,144573145088,84892807168,0,0,0,0,0,888537084,125814616,772146996,8,1
2026-08-22T08:39:15+08:00,30359,0,26863,81920,100,2,34,86.39,230990438400,143800528896,84893229056,0,0,0,0,0,889200768,125814616,772146152,8,1
2026-08-22T08:39:15+08:00,30359,1,26453,81920,0,0,34,82.77,230990438400,143800528896,84893229056,0,0,0,0,0,889200768,125814616,772146152,8,1
2026-08-22T08:40:14+08:00,30418,0,24551,81920,3,0,32,68.78,231419953152,144227201024,84893630464,0,0,0,0,0,888825640,125814616,772146152,8,1
2026-08-22T08:40:14+08:00,30418,1,23935,81920,0,0,34,83.99,231419953152,144227201024,84893630464,0,0,0,0,0,888825640,125814616,772146152,8,1
2026-08-22T08:41:14+08:00,30478,0,27119,81920,7,0,35,95.32,231029981184,143839277056,84894130176,0,0,0,0,0,889175300,125814616,772146152,8,1
2026-08-22T08:41:14+08:00,30478,1,26414,81920,93,31,39,90.06,231029981184,143839277056,84894130176,0,0,0,0,0,889175300,125814616,772146152,8,1
2026-08-22T08:42:14+08:00,30538,0,27375,81920,0,0,33,82.69,231420243968,144229486592,84894584832,0,0,0,0,0,888792996,125814616,772146164,8,1
2026-08-22T08:42:14+08:00,30538,1,26709,81920,38,1,36,135.78,231420243968,144229486592,84894584832,0,0,0,0,0,888792996,125814616,772146164,8,1
2026-08-22T08:43:15+08:00,30599,0,26129,81920,0,0,32,67.89,231392157696,144223334400,84870492160,0,0,0,0,0,888833728,125814616,772146164,8,1
2026-08-22T08:43:15+08:00,30599,1,24959,81920,6,0,33,70.07,231392157696,144223334400,84870492160,0,0,0,0,0,888833728,125814616,772146164,8,1
2026-08-22T08:44:15+08:00,30659,0,25248,81920,0,0,33,67.89,231480320000,144312602624,84870889472,0,0,0,0,0,888711164,125814616,772146164,8,1
2026-08-22T08:44:15+08:00,30659,1,26115,81920,0,0,35,83.05,231480320000,144312602624,84870889472,0,0,0,0,0,888711164,125814616,772146164,8,1
2026-08-22T08:45:14+08:00,30718,0,27891,81920,65,20,35,84.24,231873748992,144702087168,84871413760,0,0,0,0,0,888355964,125814616,772146164,8,1
2026-08-22T08:45:14+08:00,30718,1,26970,81920,37,0,37,208.99,231873748992,144702087168,84871413760,0,0,0,0,0,888355964,125814616,772146164,8,1
2026-08-22T08:46:13+08:00,30777,0,26779,81920,1,0,32,70.0,231826567168,144690659328,84835110912,0,0,0,0,0,888337152,125814616,772146164,8,1
2026-08-22T08:46:13+08:00,30777,1,25947,81920,0,0,33,67.01,231826567168,144690659328,84835110912,0,0,0,0,0,888337152,125814616,772146164,8,1
2026-08-22T08:47:15+08:00,30839,0,26757,81920,0,0,33,67.56,232249634816,145114320896,84835512320,0,0,0,0,0,887996944,125814616,772146164,8,1
2026-08-22T08:47:15+08:00,30839,1,24461,81920,3,0,33,68.23,232249634816,145114320896,84835512320,0,0,0,0,0,887996944,125814616,772146164,8,1
2026-08-22T08:48:15+08:00,30899,0,29049,81920,0,0,33,82.96,233363595264,146287165440,84774813696,0,0,0,0,0,886820376,125814616,772146164,8,1
2026-08-22T08:48:15+08:00,30899,1,27360,81920,0,0,34,83.05,233363595264,146287165440,84774813696,0,0,0,0,0,886820376,125814616,772146164,8,1
2026-08-22T08:49:14+08:00,30958,0,27209,81920,0,0,32,67.23,233349005312,146295181312,84750848000,0,0,0,0,0,886795492,125814616,772145140,8,1
2026-08-22T08:49:14+08:00,30958,1,26365,81920,0,0,33,67.63,233349005312,146295181312,84750848000,0,0,0,0,0,886795492,125814616,772145140,8,1
2026-08-22T08:50:14+08:00,31018,0,29049,81920,81,6,39,125.24,233835515904,146779578368,84751278080,0,0,0,0,0,886302596,125814616,772145140,8,1
2026-08-22T08:50:14+08:00,31018,1,26390,81920,5,0,34,67.23,233835515904,146779578368,84751278080,0,0,0,0,0,886302596,125814616,772145140,8,1
2026-08-22T08:51:15+08:00,31079,0,29561,81920,0,0,32,67.89,234387070976,147343376384,84739457024,0,0,0,0,0,885758316,125814616,772145140,8,1
2026-08-22T08:51:15+08:00,31079,1,27872,81920,100,1,37,107.68,234387070976,147343376384,84739457024,0,0,0,0,0,885758316,125814616,772145140,8,1
2026-08-22T08:52:14+08:00,31138,0,28071,81920,95,1,33,83.57,234741395456,147730378752,84703330304,0,0,0,0,0,885395484,125814616,772145140,8,1
2026-08-22T08:52:14+08:00,31138,1,26971,81920,0,0,33,82.43,234741395456,147730378752,84703330304,0,0,0,0,0,885395484,125814616,772145140,8,1
2026-08-22T08:53:14+08:00,31198,0,29561,81920,0,0,33,83.29,234966896640,147956047872,84703772672,0,0,0,0,0,885152636,125814616,772145140,8,1
2026-08-22T08:53:14+08:00,31198,1,27158,81920,5,0,34,67.01,234966896640,147956047872,84703772672,0,0,0,0,0,885152636,125814616,772145140,8,1
2026-08-22T08:54:15+08:00,31259,0,29263,81920,96,1,33,82.96,234984468480,147987603456,84691976192,0,0,0,0,0,885125012,125814616,772145140,8,1
2026-08-22T08:54:15+08:00,31259,1,28640,81920,0,0,34,83.05,234984468480,147987603456,84691976192,0,0,0,0,0,885125012,125814616,772145140,8,1
2026-08-22T08:55:15+08:00,31319,0,27381,81920,9,0,32,70.93,235111546880,148114644992,84692398080,0,0,0,0,0,884993508,125814616,772145140,8,1
2026-08-22T08:55:15+08:00,31319,1,27739,81920,0,0,33,67.63,235111546880,148114644992,84692398080,0,0,0,0,0,884993508,125814616,772145140,8,1
2026-08-22T08:56:14+08:00,31378,0,30073,81920,0,0,32,68.78,235764891648,148777504768,84680699904,0,0,0,0,0,884312668,125814616,772145140,8,1
2026-08-22T08:56:14+08:00,31378,1,28045,81920,0,0,34,83.05,235764891648,148777504768,84680699904,0,0,0,0,0,884312668,125814616,772145140,8,1
2026-08-22T08:57:13+08:00,31437,0,29083,81920,0,0,32,70.93,235852103680,148897767424,84644528128,0,0,0,0,0,884215004,125814616,772145140,8,1
2026-08-22T08:57:13+08:00,31437,1,28896,81920,0,0,33,82.43,235852103680,148897767424,84644528128,0,0,0,0,0,884215004,125814616,772145140,8,1
2026-08-22T08:58:15+08:00,31499,0,28202,81920,4,0,32,70.0,236289740800,149357150208,84620566528,0,0,0,0,0,883780164,125814616,772145140,8,1
2026-08-22T08:58:15+08:00,31499,1,27651,81920,52,1,33,120.32,236289740800,149357150208,84620566528,0,0,0,0,0,883780164,125814616,772145140,8,1
2026-08-22T08:59:14+08:00,31558,0,30585,81920,0,0,34,83.29,236971012096,150041182208,84621045760,0,0,0,0,0,883093380,125814616,772143604,8,1
2026-08-22T08:59:14+08:00,31558,1,29151,81920,100,1,38,192.25,236971012096,150041182208,84621045760,0,0,0,0,0,883093380,125814616,772143604,8,1
2026-08-22T09:00:14+08:00,31618,0,30243,81920,0,0,32,67.56,237250240512,150322774016,84621496320,0,0,0,0,0,882785376,125814616,772143604,8,1
2026-08-22T09:00:14+08:00,31618,1,29311,81920,4,0,32,67.29,237250240512,150322774016,84621496320,0,0,0,0,0,882785376,125814616,772143604,8,1
2026-08-22T09:01:15+08:00,31679,0,18551,81920,99,13,50,389.06,229941907456,143048450048,84598620160,0,0,0,0,0,890245372,125814616,772142540,6,1
2026-08-22T09:01:15+08:00,31679,1,18495,81920,92,15,51,386.36,229941907456,143048450048,84598620160,0,0,0,0,0,890245372,125814616,772142540,6,1
2026-08-22T09:02:15+08:00,31739,0,21403,81920,0,0,34,69.38,230152962048,143258431488,84599062528,0,0,0,0,0,889802240,125814616,772142528,8,1
2026-08-22T09:02:15+08:00,31739,1,21316,81920,6,0,35,67.96,230152962048,143258431488,84599062528,0,0,0,0,0,889802240,125814616,772142528,8,1
2026-08-22T09:03:14+08:00,31798,0,22176,81920,6,0,34,67.89,232459235328,145558401024,84599566336,0,0,0,0,0,887515984,125814616,772142528,8,1
2026-08-22T09:03:14+08:00,31798,1,23987,81920,0,0,35,67.63,232459235328,145558401024,84599566336,0,0,0,0,0,887515984,125814616,772142528,8,1
2026-08-22T09:04:13+08:00,31857,0,26607,81920,24,0,34,83.91,233077432320,146174902272,84600008704,0,0,0,0,0,886899388,125814616,772142528,8,1
2026-08-22T09:04:13+08:00,31857,1,26453,81920,44,0,35,83.29,233077432320,146174902272,84600008704,0,0,0,0,0,886899388,125814616,772142528,8,1
2026-08-22T09:05:15+08:00,31919,0,25241,81920,2,0,32,70.33,233442697216,146541875200,84600418304,0,0,0,0,0,886520232,125814616,772142528,8,1
2026-08-22T09:05:15+08:00,31919,1,24233,81920,0,0,33,82.96,233442697216,146541875200,84600418304,0,0,0,0,0,886520232,125814616,772142528,8,1
2026-08-22T09:06:14+08:00,31978,0,23915,81920,4,0,33,68.16,233249062912,146348081152,84600877056,0,0,0,0,0,886691860,125814616,772142528,8,1
2026-08-22T09:06:14+08:00,31978,1,24930,81920,0,0,34,67.63,233249062912,146348081152,84600877056,0,0,0,0,0,886691860,125814616,772142528,8,1
2026-08-22T09:07:14+08:00,32038,0,26863,81920,0,0,33,83.29,233495785472,146592083968,84601352192,0,0,0,0,0,886522872,125814616,772142536,8,1
2026-08-22T09:07:14+08:00,32038,1,26709,81920,100,1,35,123.69,233495785472,146592083968,84601352192,0,0,0,0,0,886522872,125814616,772142536,8,1
2026-08-22T09:08:13+08:00,32097,0,26211,81920,4,0,32,68.16,233365950464,146460946432,84601774080,0,0,0,0,0,886557752,125814616,772142472,8,1
2026-08-22T09:08:13+08:00,32097,1,25553,81920,3,0,33,69.79,233365950464,146460946432,84601774080,0,0,0,0,0,886557752,125814616,772142472,8,1
2026-08-22T09:09:15+08:00,32159,0,25589,81920,24,0,33,84.84,234422374400,147515727872,84602171392,0,0,0,0,0,885630980,125814616,772142472,8,1
2026-08-22T09:09:15+08:00,32159,1,24835,81920,0,0,33,66.68,234422374400,147515727872,84602171392,0,0,0,0,0,885630980,125814616,772142472,8,1
2026-08-22T09:10:14+08:00,32218,0,27379,81920,0,0,34,83.29,234962964480,148054401024,84602683392,0,0,0,0,0,885032752,125814616,772142472,8,1
2026-08-22T09:10:14+08:00,32218,1,27481,81920,100,1,36,112.89,234962964480,148054401024,84602683392,0,0,0,0,0,885032752,125814616,772142472,8,1
2026-08-22T09:11:14+08:00,32278,0,26955,81920,5,0,32,82.69,234930286592,148026286080,84603109376,0,0,0,0,0,885017620,125814616,772142472,8,1
2026-08-22T09:11:14+08:00,32278,1,26661,81920,2,0,32,67.29,234930286592,148026286080,84603109376,0,0,0,0,0,885017620,125814616,772142472,8,1
2026-08-22T09:12:13+08:00,32337,0,25471,81920,0,0,32,67.89,235409375232,148499886080,84603543552,0,0,0,0,0,884621472,125814616,772142472,8,1
2026-08-22T09:12:13+08:00,32337,1,25687,81920,0,0,33,69.18,235409375232,148499886080,84603543552,0,0,0,0,0,884621472,125814616,772142472,8,1
2026-08-22T09:13:15+08:00,32399,0,27769,81920,100,1,36,175.06,235931262976,149020270592,84603961344,0,0,0,0,0,884060700,125814616,772142532,8,1
2026-08-22T09:13:15+08:00,32399,1,28640,81920,100,1,37,193.88,235931262976,149020270592,84603961344,0,0,0,0,0,884060700,125814616,772142532,8,1
2026-08-22T09:14:14+08:00,32458,0,27609,81920,1,0,32,67.89,235926728704,149012873216,84604465152,0,0,0,0,0,884080068,125814616,772142532,8,1
2026-08-22T09:14:14+08:00,32458,1,25990,81920,0,0,33,83.65,235926728704,149012873216,84604465152,0,0,0,0,0,884080068,125814616,772142532,8,1
2026-08-22T09:15:13+08:00,32517,0,24961,81920,6,0,32,68.16,237090164736,150175612928,84604878848,0,0,0,0,0,882960848,125814616,772142020,8,1
2026-08-22T09:15:13+08:00,32517,1,24503,81920,0,0,34,83.99,237090164736,150175612928,84604878848,0,0,0,0,0,882960848,125814616,772142020,8,1
2026-08-22T09:16:15+08:00,32579,0,27705,81920,99,1,37,188.34,236834922496,149920759808,84605300736,0,0,0,0,0,883237760,125814616,772142020,8,1
2026-08-22T09:16:15+08:00,32579,1,27359,81920,89,29,37,84.51,236834922496,149920759808,84605300736,0,0,0,0,0,883237760,125814616,772142020,8,1
2026-08-22T09:17:15+08:00,32639,0,27705,81920,0,0,32,67.56,236679376896,149762277376,84605771776,0,0,0,0,0,883380848,125814616,772142020,8,1
2026-08-22T09:17:15+08:00,32639,1,26501,81920,0,0,33,82.69,236679376896,149762277376,84605771776,0,0,0,0,0,883380848,125814616,772142020,8,1
2026-08-22T09:18:14+08:00,32698,0,25663,81920,3,0,32,70.33,237356707840,150439772160,84606226432,0,0,0,0,0,882709952,125814616,772142020,8,1
2026-08-22T09:18:14+08:00,32698,1,25271,81920,82,1,34,83.05,237356707840,150439772160,84606226432,0,0,0,0,0,882709952,125814616,772142020,8,1
2026-08-22T09:19:15+08:00,32759,0,27705,81920,0,0,36,132.82,237341675520,150424039424,84606648320,0,0,0,0,0,882756660,125814616,772142020,8,1
2026-08-22T09:19:15+08:00,32759,1,27359,81920,0,0,34,84.24,237341675520,150424039424,84606648320,0,0,0,0,0,882756660,125814616,772142020,8,1
2026-08-22T09:20:15+08:00,32819,0,27705,81920,98,1,36,95.32,237800148992,150880829440,84607057920,0,0,0,0,0,882270212,125814616,772139460,8,1
2026-08-22T09:20:15+08:00,32819,1,26757,81920,0,0,33,82.07,237800148992,150880829440,84607057920,0,0,0,0,0,882270212,125814616,772139460,8,1
2026-08-22T09:21:14+08:00,32878,0,26417,81920,0,0,32,69.11,237385232384,150467383296,84607578112,0,0,0,0,0,882666956,125814616,772139460,8,1
2026-08-22T09:21:14+08:00,32878,1,25527,81920,1,0,34,87.61,237385232384,150467383296,84607578112,0,0,0,0,0,882666956,125814616,772139460,8,1
2026-08-22T09:22:14+08:00,32938,0,27705,81920,35,0,34,83.57,237410471936,150491779072,84607983616,0,0,0,0,0,882642688,125814616,772139460,8,1
2026-08-22T09:22:14+08:00,32938,1,28384,81920,0,0,34,82.35,237410471936,150491779072,84607983616,0,0,0,0,0,882642688,125814616,772139460,8,1
2026-08-22T09:23:15+08:00,32999,0,27609,81920,4,0,32,70.66,237428301824,150510501888,84608417792,0,0,0,0,0,882618448,125814616,772139460,8,1
2026-08-22T09:23:15+08:00,32999,1,27727,81920,0,0,32,67.63,237428301824,150510501888,84608417792,0,0,0,0,0,882618448,125814616,772139460,8,1
2026-08-22T09:24:14+08:00,33058,0,25919,81920,4,0,33,83.29,237437169664,150518833152,84608872448,0,0,0,0,0,882599444,125814616,772139460,8,1
2026-08-22T09:24:14+08:00,33058,1,26039,81920,5,0,34,85.73,237437169664,150518833152,84608872448,0,0,0,0,0,882599444,125814616,772139460,8,1
2026-08-22T09:25:14+08:00,33118,0,27705,81920,22,0,37,165.54,237442904064,150520754176,84609351680,0,0,0,0,0,882561900,125814616,772139460,8,1
2026-08-22T09:25:14+08:00,33118,1,28896,81920,100,1,37,172.62,237442904064,150520754176,84609351680,0,0,0,0,0,882561900,125814616,772139460,8,1
2026-08-22T09:26:15+08:00,33179,0,15088,81920,0,0,38,69.38,232892989440,145982119936,84610895872,0,0,0,0,0,887332336,125814616,772138320,8,1
2026-08-22T09:26:15+08:00,33179,1,14931,81920,0,0,39,69.18,232892989440,145982119936,84610895872,0,0,0,0,0,887332336,125814616,772138320,8,1
2026-08-22T09:27:14+08:00,33238,0,26287,81920,85,1,38,84.43,233108774912,146196131840,84611289088,0,0,0,0,0,886912600,125814616,772138320,8,1
2026-08-22T09:27:14+08:00,33238,1,26134,81920,100,2,37,121.14,233108774912,146196131840,84611289088,0,0,0,0,0,886912600,125814616,772138320,8,1
2026-08-22T09:28:14+08:00,33298,0,22855,81920,0,0,33,82.69,233152561152,146240073728,84611817472,0,0,0,0,0,886941856,125814616,772138316,8,1
2026-08-22T09:28:14+08:00,33298,1,22601,81920,7,1,33,67.56,233152561152,146240073728,84611817472,0,0,0,0,0,886941856,125814616,772138316,8,1
2026-08-22T09:29:15+08:00,33359,0,25463,81920,0,0,34,67.89,233482555392,146565111808,84612247552,0,0,0,0,0,886500876,125814616,772138316,8,1
2026-08-22T09:29:15+08:00,33359,1,25859,81920,0,0,35,83.05,233482555392,146565111808,84612247552,0,0,0,0,0,886500876,125814616,772138316,8,1
2026-08-22T09:30:15+08:00,33419,0,26351,81920,54,1,34,83.57,233978015744,147062259712,84612657152,0,0,0,0,0,885983032,125814616,772138316,8,1
2026-08-22T09:30:15+08:00,33419,1,26966,81920,95,1,35,116.32,233978015744,147062259712,84612657152,0,0,0,0,0,885983032,125814616,772138316,8,1
2026-08-22T09:31:14+08:00,33478,0,24943,81920,1,0,32,69.11,234295914496,147378794496,84613099520,0,0,0,0,0,885726880,125814616,772138364,8,1
2026-08-22T09:31:14+08:00,33478,1,25261,81920,0,0,33,82.69,234295914496,147378794496,84613099520,0,0,0,0,0,885726880,125814616,772138364,8,1
2026-08-22T09:32:13+08:00,33537,0,24243,81920,54,1,35,117.88,233938427904,147019288576,84613586944,0,0,0,0,0,886084864,125814616,772138364,8,1
2026-08-22T09:32:13+08:00,33537,1,25779,81920,0,0,34,67.23,233938427904,147019288576,84613586944,0,0,0,0,0,886084864,125814616,772138364,8,1
2026-08-22T09:33:15+08:00,33599,0,26607,81920,100,1,34,83.91,234690461696,147771023360,84614008832,0,0,0,0,0,885359592,125814616,772138364,8,1
2026-08-22T09:33:15+08:00,33599,1,27478,81920,0,0,36,82.07,234690461696,147771023360,84614008832,0,0,0,0,0,885359592,125814616,772138364,8,1
2026-08-22T09:34:14+08:00,33658,0,26013,81920,0,0,33,84.84,234957795328,148036005888,84614426624,0,0,0,0,0,885113108,125814616,772138364,8,1
2026-08-22T09:34:14+08:00,33658,1,26585,81920,0,0,33,71.62,234957795328,148036005888,84614426624,0,0,0,0,0,885113108,125814616,772138364,8,1
2026-08-22T09:35:14+08:00,33718,0,24917,81920,0,0,33,67.89,234926006272,148005314560,84614905856,0,0,0,0,0,885065624,125814616,772142100,8,1
2026-08-22T09:35:14+08:00,33718,1,25533,81920,5,0,33,67.63,234926006272,148005314560,84614905856,0,0,0,0,0,885065624,125814616,772142100,8,1
2026-08-22T09:36:15+08:00,33779,0,27001,81920,77,1,36,185.66,238940803072,152010113024,84615368704,0,0,0,0,0,881270704,125814616,772141436,8,1
2026-08-22T09:36:15+08:00,33779,1,28384,81920,76,27,43,421.12,238940803072,152010113024,84615368704,0,0,0,0,0,881270704,125814616,772141436,8,1
2026-08-22T09:37:15+08:00,33839,0,26605,81920,6,1,32,67.23,238821830656,151890837504,84615761920,0,0,0,0,0,881317868,125814616,772141436,8,1
2026-08-22T09:37:15+08:00,33839,1,26633,81920,0,0,33,82.43,238821830656,151890837504,84615761920,0,0,0,0,0,881317868,125814616,772141436,8,1
2026-08-22T09:38:14+08:00,33898,0,25375,81920,3,0,32,67.89,239292641280,152362733568,84616204288,0,0,0,0,0,880821512,125814616,772141436,8,1
2026-08-22T09:38:14+08:00,33898,1,28896,81920,82,1,37,116.93,239292641280,152362733568,84616204288,0,0,0,0,0,880821512,125814616,772141436,8,1
2026-08-22T09:39:14+08:00,33958,0,27257,81920,65,1,36,185.24,239413583872,152483770368,84616695808,0,0,0,0,0,880761472,125814616,772141436,8,1
2026-08-22T09:39:14+08:00,33958,1,28896,81920,0,0,33,66.61,239413583872,152483770368,84616695808,0,0,0,0,0,880761472,125814616,772141436,8,1
2026-08-22T09:40:15+08:00,34019,0,26659,81920,6,0,32,70.0,239784296448,152853315584,84617138176,0,0,0,0,0,880334692,125814616,772141436,8,1
2026-08-22T09:40:15+08:00,34019,1,27447,81920,0,0,33,83.65,239784296448,152853315584,84617138176,0,0,0,0,0,880334692,125814616,772141436,8,1
2026-08-22T09:41:15+08:00,34079,0,25375,81920,0,0,32,67.49,239932256256,152994988032,84617527296,0,0,0,0,0,880226832,125814616,772140412,8,1
2026-08-22T09:41:15+08:00,34079,1,29152,81920,36,10,44,411.43,239932256256,152994988032,84617527296,0,0,0,0,0,880226832,125814616,772140412,8,1
2026-08-22T09:42:15+08:00,34139,0,27769,81920,0,0,34,83.29,240017870848,153081659392,84618002432,0,0,0,0,0,880138936,125814616,772140412,8,1
2026-08-22T09:42:15+08:00,34139,1,29152,81920,0,0,33,83.99,240017870848,153081659392,84618002432,0,0,0,0,0,880138936,125814616,772140412,8,1
2026-08-22T09:43:14+08:00,34198,0,27673,81920,0,0,32,67.23,240438272000,153505275904,84618481664,0,0,0,0,0,879764832,125814616,772140412,8,1
2026-08-22T09:43:14+08:00,34198,1,27859,81920,7,0,33,68.85,240438272000,153505275904,84618481664,0,0,0,0,0,879764832,125814616,772140412,8,1
2026-08-22T09:44:13+08:00,34257,0,25685,81920,5,0,32,70.33,241107857408,154168655872,84618878976,0,0,0,0,0,879074940,125814616,772140412,8,1
2026-08-22T09:44:13+08:00,34257,1,29664,81920,100,1,38,129.57,241107857408,154168655872,84618878976,0,0,0,0,0,879074940,125814616,772140412,8,1
2026-08-22T09:45:15+08:00,34319,0,28537,81920,0,0,34,83.29,242090098688,155150442496,84619309056,0,0,0,0,0,878076868,125814616,772140412,8,1
2026-08-22T09:45:15+08:00,34319,1,29919,81920,70,1,34,82.77,242090098688,155150442496,84619309056,0,0,0,0,0,878076868,125814616,772140412,8,1
2026-08-22T09:46:14+08:00,34378,0,28239,81920,0,0,32,84.51,242532773888,155603492864,84607623168,0,0,0,0,0,877647800,125814616,772140412,8,1
2026-08-22T09:46:14+08:00,34378,1,28129,81920,0,0,33,83.57,242532773888,155603492864,84607623168,0,0,0,0,0,877647800,125814616,772140412,8,1
2026-08-22T09:47:14+08:00,34438,0,26953,81920,6,1,32,67.23,242180005888,155252133888,84608077824,0,0,0,0,0,877941112,125814616,772140412,8,1
2026-08-22T09:47:14+08:00,34438,1,30176,81920,0,0,34,67.01,242180005888,155252133888,84608077824,0,0,0,0,0,877941112,125814616,772140412,8,1
2026-08-22T09:48:15+08:00,34499,0,28793,81920,98,2,38,182.15,242493726720,155560222720,84608475136,0,0,0,0,0,877695428,125814616,772140412,8,1
2026-08-22T09:48:15+08:00,34499,1,30175,81920,30,6,35,82.69,242493726720,155560222720,84608475136,0,0,0,0,0,877695428,125814616,772140412,8,1
2026-08-22T09:49:15+08:00,34559,0,29305,81920,0,0,32,66.94,242894458880,155976155136,84596740096,0,0,0,0,0,877301080,125814616,772140412,8,1
2026-08-22T09:49:15+08:00,34559,1,27991,81920,0,0,33,69.18,242894458880,155976155136,84596740096,0,0,0,0,0,877301080,125814616,772140412,8,1
2026-08-22T09:50:14+08:00,34618,0,16406,81920,0,0,32,67.56,238458679296,151574589440,84572868608,0,0,0,0,0,881756188,125814616,772140412,7,1
2026-08-22T09:50:14+08:00,34618,1,30688,81920,72,1,37,174.96,238458679296,151574589440,84572868608,0,0,0,0,0,881756188,125814616,772140412,7,1
2026-08-22T09:51:15+08:00,34679,0,15080,81920,0,0,39,70.0,231363305472,144490790912,84574416896,0,0,0,0,0,888830464,125814616,772137736,8,1
2026-08-22T09:51:15+08:00,34679,1,14931,81920,0,0,40,69.71,231363305472,144490790912,84574416896,0,0,0,0,0,888830464,125814616,772137736,8,1
2026-08-22T09:52:15+08:00,34739,0,26543,81920,82,2,36,140.57,232343887872,145468526592,84574830592,0,0,0,0,0,887614596,125814616,772137732,8,1
2026-08-22T09:52:15+08:00,34739,1,26134,81920,100,2,38,165.54,232343887872,145468526592,84574830592,0,0,0,0,0,887614596,125814616,772137732,8,1
2026-08-22T09:53:14+08:00,34798,0,22475,81920,0,0,33,68.16,232002420736,145126440960,84575305728,0,0,0,0,0,888034572,125814616,772137732,8,1
2026-08-22T09:53:14+08:00,34798,1,22701,81920,0,0,34,82.96,232002420736,145126440960,84575305728,0,0,0,0,0,888034572,125814616,772137732,8,1
2026-08-22T09:54:13+08:00,34857,0,26607,81920,0,0,34,67.89,232651157504,145772732416,84575780864,0,0,0,0,0,887301136,125814616,772137732,8,1
2026-08-22T09:54:13+08:00,34857,1,26198,81920,97,1,37,87.99,232651157504,145772732416,84575780864,0,0,0,0,0,887301136,125814616,772137732,8,1
2026-08-22T09:55:15+08:00,34919,0,26767,81920,0,0,32,67.89,233418825728,146541035520,84576178176,0,0,0,0,0,886531596,125814616,772137732,8,1
2026-08-22T09:55:15+08:00,34919,1,26710,81920,0,0,34,83.29,233418825728,146541035520,84576178176,0,0,0,0,0,886531596,125814616,772137732,8,1
2026-08-22T09:56:14+08:00,34978,0,24725,81920,1,0,32,68.49,233635676160,146717286400,84612820992,0,0,0,0,0,886357316,125814616,772102424,8,1
2026-08-22T09:56:14+08:00,34978,1,24887,81920,0,0,32,67.29,233635676160,146717286400,84612820992,0,0,0,0,0,886357316,125814616,772102424,8,1
2026-08-22T09:57:14+08:00,35038,0,27119,81920,100,1,37,124.97,234132054016,147213930496,84613324800,0,0,0,0,0,885837812,125814616,772102424,8,1
2026-08-22T09:57:14+08:00,35038,1,25715,81920,0,0,34,66.94,234132054016,147213930496,84613324800,0,0,0,0,0,885837812,125814616,772102424,8,1
2026-08-22T09:58:15+08:00,35099,0,26821,81920,0,0,33,84.51,232805187584,145888751616,84613754880,0,0,0,0,0,887204900,125814616,772102424,8,1
2026-08-22T09:58:15+08:00,35099,1,27158,81920,0,0,33,66.68,232805187584,145888751616,84613754880,0,0,0,0,0,887204900,125814616,772102424,8,1
2026-08-22T09:59:15+08:00,35159,0,25547,81920,0,0,33,85.13,233272123392,146356482048,84614172672,0,0,0,0,0,886736216,125814616,772102376,8,1
2026-08-22T09:59:15+08:00,35159,1,26265,81920,6,0,33,83.57,233272123392,146356482048,84614172672,0,0,0,0,0,886736216,125814616,772102376,8,1
2026-08-22T10:00:14+08:00,35218,0,27891,81920,44,1,34,83.91,233384873984,146467725312,84614647808,0,0,0,0,0,886586572,125814616,772102376,8,1
2026-08-22T10:00:14+08:00,35218,1,27161,81920,0,0,34,82.77,233384873984,146467725312,84614647808,0,0,0,0,0,886586572,125814616,772102376,8,1
2026-08-22T10:01:13+08:00,35277,0,26873,81920,3,0,33,86.07,233643819008,146731237376,84615118848,0,0,0,0,0,886319444,125814616,772102376,8,1
2026-08-22T10:01:13+08:00,35277,1,27296,81920,0,0,34,84.24,233643819008,146731237376,84615118848,0,0,0,0,0,886319444,125814616,772102376,8,1
2026-08-22T10:02:15+08:00,35339,0,26101,81920,2,0,33,71.55,233894440960,146974912512,84615528448,0,0,0,0,0,886122968,125814616,772102376,8,1
2026-08-22T10:02:15+08:00,35339,1,26305,81920,2,0,33,70.4,233894440960,146974912512,84615528448,0,0,0,0,0,886122968,125814616,772102376,8,1
2026-08-22T10:03:15+08:00,35399,0,28793,81920,44,1,37,152.25,234093551616,147171237888,84615929856,0,0,0,0,0,885932212,125814616,772102376,8,1
2026-08-22T10:03:15+08:00,35399,1,27295,81920,0,0,35,82.96,234093551616,147171237888,84615929856,0,0,0,0,0,885932212,125814616,772102376,8,1
2026-08-22T10:04:14+08:00,35458,0,27641,81920,0,0,32,67.23,236141158400,149214547968,84616441856,0,0,0,0,0,883899732,125814616,772102420,8,1
2026-08-22T10:04:14+08:00,35458,1,27552,81920,100,1,37,140.99,236141158400,149214547968,84616441856,0,0,0,0,0,883899732,125814616,772102420,8,1
2026-08-22T10:05:14+08:00,35518,0,26613,81920,0,0,33,67.56,237592891392,150666125312,84616867840,0,0,0,0,0,882509748,125814616,772102420,8,1
2026-08-22T10:05:14+08:00,35518,1,26305,81920,1,0,33,69.18,237592891392,150666125312,84616867840,0,0,0,0,0,882509748,125814616,772102420,8,1
2026-08-22T10:06:13+08:00,35577,0,29305,81920,83,1,35,157.78,240113930240,153241210880,84556435456,0,0,0,0,0,879981996,125814616,772102420,8,1
2026-08-22T10:06:13+08:00,35577,1,25772,81920,0,0,34,67.01,240113930240,153241210880,84556435456,0,0,0,0,0,879981996,125814616,772102420,8,1
2026-08-22T10:07:15+08:00,35639,0,28451,81920,0,0,32,84.24,240625537024,153789526016,84520423424,0,0,0,0,0,879417476,125814616,772100372,8,1
2026-08-22T10:07:15+08:00,35639,1,27551,81920,0,0,34,82.35,240625537024,153789526016,84520423424,0,0,0,0,0,879417476,125814616,772100372,8,1
2026-08-22T10:08:14+08:00,35698,0,27125,81920,0,0,32,67.23,240172478464,153335742464,84520902656,0,0,0,0,0,879928560,125814616,772100372,8,1
2026-08-22T10:08:14+08:00,35698,1,26953,81920,0,0,33,82.07,240172478464,153335742464,84520902656,0,0,0,0,0,879928560,125814616,772100372,8,1
2026-08-22T10:09:14+08:00,35758,0,29817,81920,35,0,35,108.29,240854835200,154025136128,84509179904,0,0,0,0,0,879194460,125814616,772100372,8,1
2026-08-22T10:09:14+08:00,35758,1,25726,81920,5,0,33,66.68,240854835200,154025136128,84509179904,0,0,0,0,0,879194460,125814616,772100372,8,1
2026-08-22T10:10:15+08:00,35819,0,29421,81920,0,0,32,67.89,241328852992,154536472576,84473135104,0,0,0,0,0,878672972,125814616,772100372,8,1
2026-08-22T10:10:15+08:00,35819,1,28320,81920,0,0,34,83.05,241328852992,154536472576,84473135104,0,0,0,0,0,878672972,125814616,772100372,8,1
2026-08-22T10:11:15+08:00,35879,0,28887,81920,5,0,33,67.56,241751724032,154956435456,84473638912,0,0,0,0,0,878296948,125814616,772100372,8,1
2026-08-22T10:11:15+08:00,35879,1,27073,81920,0,0,33,67.29,241751724032,154956435456,84473638912,0,0,0,0,0,878296948,125814616,772100372,8,1
2026-08-22T10:12:14+08:00,35938,0,30585,81920,0,0,33,82.96,242183049216,155413450752,84449804288,0,0,0,0,0,877835068,125814616,772098324,8,1
2026-08-22T10:12:14+08:00,35938,1,26494,81920,0,0,34,67.96,242183049216,155413450752,84449804288,0,0,0,0,0,877835068,125814616,772098324,8,1
2026-08-22T10:13:14+08:00,35998,0,29595,81920,2,0,32,67.56,242705743872,155958599680,84425940992,0,0,0,0,0,877292436,125814616,772098324,8,1
2026-08-22T10:13:14+08:00,35998,1,28832,81920,72,1,37,170.91,242705743872,155958599680,84425940992,0,0,0,0,0,877292436,125814616,772098324,8,1
2026-08-22T10:14:15+08:00,36059,0,28507,81920,0,0,33,67.56,242819604480,156068515840,84426383360,0,0,0,0,0,877137948,125814616,772098324,8,1
2026-08-22T10:14:15+08:00,36059,1,27911,81920,89,1,33,89.87,242819604480,156068515840,84426383360,0,0,0,0,0,877137948,125814616,772098324,8,1
2026-08-22T10:15:15+08:00,36119,0,30825,81920,0,0,34,83.57,239977074688,153272233984,84390506496,0,0,0,0,0,880014864,125814616,772098324,7,1
2026-08-22T10:15:15+08:00,36119,1,16267,81920,0,0,33,67.01,239977074688,153272233984,84390506496,0,0,0,0,0,880014864,125814616,772098324,7,1
2026-08-22T10:16:14+08:00,36178,0,29809,81920,100,41,55,371.84,233990721536,147295354880,84392013824,0,0,0,0,0,886097100,125814616,772097256,6,1
2026-08-22T10:16:14+08:00,36178,1,29809,81920,100,40,56,390.6,233990721536,147295354880,84392013824,0,0,0,0,0,886097100,125814616,772097256,6,1
2026-08-22T10:17:14+08:00,36238,0,23277,81920,0,0,33,67.89,230863372288,144174141440,84392460288,0,0,0,0,0,888843252,125814616,772096640,8,1
2026-08-22T10:17:14+08:00,36238,1,23582,81920,0,0,34,67.01,230863372288,144174141440,84392460288,0,0,0,0,0,888843252,125814616,772096640,8,1
2026-08-22T10:18:15+08:00,36299,0,24396,81920,0,0,33,67.89,231217967104,144522981376,84392951808,0,0,0,0,0,888518528,125814616,772096640,8,1
2026-08-22T10:18:15+08:00,36299,1,22103,81920,1,0,34,87.9,231217967104,144522981376,84392951808,0,0,0,0,0,888518528,125814616,772096640,8,1
2026-08-22T10:19:15+08:00,36359,0,26607,81920,0,0,34,83.48,231694917632,144999686144,84393402368,0,0,0,0,0,887995424,125814616,772096640,8,1
2026-08-22T10:19:15+08:00,36359,1,26198,81920,97,1,37,182.06,231694917632,144999686144,84393402368,0,0,0,0,0,887995424,125814616,772096640,8,1
2026-08-22T10:20:14+08:00,36418,0,24889,81920,0,0,32,67.56,231822581760,145127288832,84393828352,0,0,0,0,0,887898052,125814616,772096640,8,1
2026-08-22T10:20:14+08:00,36418,1,26197,81920,31,6,35,83.38,231822581760,145127288832,84393828352,0,0,0,0,0,887898052,125814616,772096640,8,1
2026-08-22T10:21:14+08:00,36478,0,23712,81920,3,0,33,70.66,231668252672,144974471168,84394229760,0,0,0,0,0,888049184,125814616,772096640,8,1
2026-08-22T10:21:14+08:00,36478,1,24393,81920,4,0,33,67.63,231668252672,144974471168,84394229760,0,0,0,0,0,888049184,125814616,772096640,8,1
2026-08-22T10:22:13+08:00,36537,0,26863,81920,0,0,33,67.56,232254169088,145558552576,84394733568,0,0,0,0,0,887463168,125814616,772100308,8,1
2026-08-22T10:22:13+08:00,36537,1,24972,81920,0,0,34,67.01,232254169088,145558552576,84394733568,0,0,0,0,0,887463168,125814616,772100308,8,1
2026-08-22T10:23:15+08:00,36599,0,26009,81920,3,0,32,70.0,232537374720,145842302976,84395184128,0,0,0,0,0,887156516,125814616,772100308,8,1
2026-08-22T10:23:15+08:00,36599,1,26709,81920,0,0,35,83.29,232537374720,145842302976,84395184128,0,0,0,0,0,887156516,125814616,772100308,8,1
2026-08-22T10:24:14+08:00,36658,0,24981,81920,0,0,32,67.89,237187047424,150482006016,84395577344,0,0,0,0,0,882623988,125814616,772100308,8,1
2026-08-22T10:24:14+08:00,36658,1,25817,81920,0,0,33,83.57,237187047424,150482006016,84395577344,0,0,0,0,0,882623988,125814616,772100308,8,1
2026-08-22T10:25:14+08:00,36718,0,27123,81920,0,0,36,149.96,239174803456,152464863232,84396044288,0,0,0,0,0,880660032,125814616,772100308,8,1
2026-08-22T10:25:14+08:00,36718,1,25068,81920,0,0,33,66.61,239174803456,152464863232,84396044288,0,0,0,0,0,880660032,125814616,772100308,8,1
2026-08-22T10:26:15+08:00,36779,0,27257,81920,0,0,33,84.84,240279392256,153564573696,84396511232,0,0,0,0,0,879599508,125814616,772100308,8,1
2026-08-22T10:26:15+08:00,36779,1,27103,81920,0,0,34,82.43,240279392256,153564573696,84396511232,0,0,0,0,0,879599508,125814616,772100308,8,1
2026-08-22T10:27:15+08:00,36839,0,25375,81920,0,0,32,67.23,240505487360,153790918656,84396945408,0,0,0,0,0,879320516,125814616,772099796,8,1
2026-08-22T10:27:15+08:00,36839,1,26207,81920,2,0,33,83.99,240505487360,153790918656,84396945408,0,0,0,0,0,879320516,125814616,772099796,8,1
2026-08-22T10:28:14+08:00,36898,0,27769,81920,0,0,33,83.57,241081552896,154366152704,84397338624,0,0,0,0,0,878810332,125814616,772099796,8,1
2026-08-22T10:28:14+08:00,36898,1,25836,81920,0,0,34,67.01,241081552896,154366152704,84397338624,0,0,0,0,0,878810332,125814616,772099796,8,1
2026-08-22T10:29:13+08:00,36957,0,27171,81920,0,0,32,67.89,241159049216,154443907072,84397850624,0,0,0,0,0,878634836,125814616,772099796,8,1
2026-08-22T10:29:13+08:00,36957,1,27872,81920,0,0,34,83.05,241159049216,154443907072,84397850624,0,0,0,0,0,878634836,125814616,772099796,8,1
2026-08-22T10:30:15+08:00,37019,0,25685,81920,0,0,33,68.78,241164120064,154448470016,84398297088,0,0,0,0,0,878718168,125814616,772099796,8,1
2026-08-22T10:30:15+08:00,37019,1,27017,81920,0,0,33,88.23,241164120064,154448470016,84398297088,0,0,0,0,0,878718168,125814616,772099796,8,1
2026-08-22T10:31:15+08:00,37079,0,28025,81920,0,0,33,85.13,241356021760,154645909504,84398702592,0,0,0,0,0,878468448,125814616,772099796,8,1
2026-08-22T10:31:15+08:00,37079,1,25783,81920,6,0,34,84.24,241356021760,154645909504,84398702592,0,0,0,0,0,878468448,125814616,772099796,8,1
2026-08-22T10:32:14+08:00,37138,0,27629,81920,0,0,32,67.56,241321078784,154605096960,84399132672,0,0,0,0,0,878551944,125814616,772099796,8,1
2026-08-22T10:32:14+08:00,37138,1,28128,81920,55,1,40,302.73,241321078784,154605096960,84399132672,0,0,0,0,0,878551944,125814616,772099796,8,1
2026-08-22T10:33:13+08:00,37197,0,26655,81920,6,1,33,67.56,241235099648,154516140032,84399628288,0,0,0,0,0,878624328,125814616,772099284,8,1
2026-08-22T10:33:13+08:00,37197,1,27573,81920,0,0,32,67.63,241235099648,154516140032,84399628288,0,0,0,0,0,878624328,125814616,772099284,8,1
2026-08-22T10:34:15+08:00,37259,0,28793,81920,0,0,34,83.57,241310789632,154591744000,84400058368,0,0,0,0,0,878564336,125814616,772099284,8,1
2026-08-22T10:34:15+08:00,37259,1,26633,81920,0,0,33,66.68,241310789632,154591744000,84400058368,0,0,0,0,0,878564336,125814616,772099284,8,1
2026-08-22T10:35:14+08:00,37318,0,28747,81920,0,0,32,82.69,242062614528,155340275712,84400459776,0,0,0,0,0,877797256,125814616,772099284,8,1
2026-08-22T10:35:14+08:00,37318,1,28384,81920,100,1,36,83.29,242062614528,155340275712,84400459776,0,0,0,0,0,877797256,125814616,772099284,8,1
2026-08-22T10:36:14+08:00,37378,0,27167,81920,4,0,32,67.23,242571202560,155846795264,84400955392,0,0,0,0,0,877315240,125814616,772099284,8,1
2026-08-22T10:36:14+08:00,37378,1,28640,81920,0,0,34,82.43,242571202560,155846795264,84400955392,0,0,0,0,0,877315240,125814616,772099284,8,1
2026-08-22T10:37:15+08:00,37439,0,29305,81920,0,0,34,83.57,242483343360,155761860608,84401401856,0,0,0,0,0,877448208,125814616,772099284,8,1
2026-08-22T10:37:15+08:00,37439,1,27389,81920,2,0,33,67.29,242483343360,155761860608,84401401856,0,0,0,0,0,877448208,125814616,772099284,8,1
2026-08-22T10:38:15+08:00,37499,0,29007,81920,0,0,32,69.38,242675970048,155950931968,84401831936,0,0,0,0,0,877228440,125814616,772099284,8,1
2026-08-22T10:38:15+08:00,37499,1,26253,81920,0,0,33,68.23,242675970048,155950931968,84401831936,0,0,0,0,0,877228440,125814616,772099284,8,1
2026-08-22T10:39:14+08:00,37558,0,27221,81920,0,0,33,67.56,243020124160,156296486912,84402249728,0,0,0,0,0,876924904,125814616,772099284,8,1
2026-08-22T10:39:14+08:00,37558,1,28639,81920,28,1,37,190.09,243020124160,156296486912,84402249728,0,0,0,0,0,876924904,125814616,772099284,8,1
2026-08-22T10:40:13+08:00,37617,0,29802,81920,0,0,35,151.18,240867024896,154148433920,84402749440,0,0,0,0,0,879157656,125814616,772099284,7,1
2026-08-22T10:40:13+08:00,37617,1,16267,81920,0,0,32,67.56,240867024896,154148433920,84402749440,0,0,0,0,0,879157656,125814616,772099284,7,1
2026-08-22T10:41:15+08:00,37679,0,15080,81920,0,0,39,70.0,236454932480,149740306432,84404297728,0,0,0,0,0,883594384,125814616,772098164,8,1
2026-08-22T10:41:15+08:00,37679,1,14931,81920,0,0,39,70.73,236454932480,149740306432,84404297728,0,0,0,0,0,883594384,125814616,772098164,8,1
2026-08-22T10:42:15+08:00,37739,0,26287,81920,52,1,36,149.81,236358639616,149645135872,84404699136,0,0,0,0,0,883517776,125814616,772098100,8,1
2026-08-22T10:42:15+08:00,37739,1,26134,81920,56,1,37,185.57,236358639616,149645135872,84404699136,0,0,0,0,0,883517776,125814616,772098100,8,1
2026-08-22T10:43:14+08:00,37798,0,22557,81920,0,0,33,68.16,234393919488,147685818368,84405161984,0,0,0,0,0,885382912,125814616,772096052,8,1
2026-08-22T10:43:14+08:00,37798,1,22103,81920,6,0,33,68.85,234393919488,147685818368,84405161984,0,0,0,0,0,885382912,125814616,772096052,8,1
2026-08-22T10:44:13+08:00,37857,0,26607,81920,0,0,35,91.84,234514116608,147804758016,84405747712,0,0,0,0,0,885219244,125814616,772096052,8,1
2026-08-22T10:44:13+08:00,37857,1,26198,81920,97,1,37,92.88,234514116608,147804758016,84405747712,0,0,0,0,0,885219244,125814616,772096052,8,1
2026-08-22T10:45:15+08:00,37919,0,26607,81920,0,0,33,84.51,234947293184,148232691712,84406173696,0,0,0,0,0,884771168,125814616,772096052,8,1
2026-08-22T10:45:15+08:00,37919,1,26133,81920,0,0,33,81.83,234947293184,148232691712,84406173696,0,0,0,0,0,884771168,125814616,772096052,8,1
2026-08-22T10:46:15+08:00,37979,0,24093,81920,0,0,32,67.89,234676338688,147963895808,84406575104,0,0,0,0,0,885052904,125814616,772096100,8,1
2026-08-22T10:46:15+08:00,37979,1,23521,81920,7,0,33,67.63,234676338688,147963895808,84406575104,0,0,0,0,0,885052904,125814616,772096100,8,1
2026-08-22T10:47:14+08:00,38038,0,26567,81920,0,0,36,84.51,235817496576,149100126208,84407087104,0,0,0,0,0,883959436,125814616,772096160,8,1
2026-08-22T10:47:14+08:00,38038,1,26646,81920,95,1,36,83.57,235817496576,149100126208,84407087104,0,0,0,0,0,883959436,125814616,772096160,8,1
2026-08-22T10:48:14+08:00,38098,0,26863,81920,0,0,33,82.96,239137738752,152416161792,84407525376,0,0,0,0,0,880739072,125814616,772095648,8,1
2026-08-22T10:48:14+08:00,38098,1,26901,81920,70,1,33,84.24,239137738752,152416161792,84407525376,0,0,0,0,0,880739072,125814616,772095648,8,1
2026-08-22T10:49:15+08:00,38159,0,25319,81920,6,1,32,67.56,238902026240,152180207616,84407930880,0,0,0,0,0,881000252,125814616,772095648,8,1
2026-08-22T10:49:15+08:00,38159,1,24461,81920,3,0,33,67.63,238902026240,152180207616,84407930880,0,0,0,0,0,881000252,125814616,772095648,8,1
2026-08-22T10:50:15+08:00,38219,0,26867,81920,100,1,38,185.57,239329669120,152604594176,84408377344,0,0,0,0,0,880537156,125814616,772095648,8,1
2026-08-22T10:50:15+08:00,38219,1,27162,81920,80,1,35,82.96,239329669120,152604594176,84408377344,0,0,0,0,0,880537156,125814616,772095648,8,1
2026-08-22T10:51:14+08:00,38278,0,27257,81920,0,0,33,82.96,239733125120,153009008640,84408877056,0,0,0,0,0,880132652,125814616,772095616,8,1
2026-08-22T10:51:14+08:00,38278,1,26341,81920,0,0,32,66.68,239733125120,153009008640,84408877056,0,0,0,0,0,880132652,125814616,772095616,8,1
2026-08-22T10:52:14+08:00,38338,0,25767,81920,0,0,33,82.69,239926857728,152983711744,84409286656,0,0,0,0,0,879965784,125814616,772095644,8,1
2026-08-22T10:52:14+08:00,38338,1,25207,81920,66,1,34,84.51,239926857728,152983711744,84409286656,0,0,0,0,0,879965784,125814616,772095644,8,1
2026-08-22T10:53:15+08:00,38399,0,27257,81920,83,1,36,123.42,241048240128,154321354752,84409712640,0,0,0,0,0,878748624,125814616,772095644,8,1
2026-08-22T10:53:15+08:00,38399,1,27552,81920,0,0,36,187.74,241048240128,154321354752,84409712640,0,0,0,0,0,878748624,125814616,772095644,8,1
2026-08-22T10:54:15+08:00,38459,0,26959,81920,0,0,32,68.78,240601321472,154135949312,84156264448,0,0,0,0,0,879286348,125814616,772095644,8,1
2026-08-22T10:54:15+08:00,38459,1,26651,81920,0,0,33,82.07,240601321472,154135949312,84156264448,0,0,0,0,0,879286348,125814616,772095644,8,1
2026-08-22T10:55:14+08:00,38518,0,25333,81920,0,0,32,67.23,240252751872,154423832576,83509714944,0,0,0,0,0,878829440,125814616,772095644,8,1
2026-08-22T10:55:14+08:00,38518,1,25165,81920,0,0,33,67.01,240252751872,154423832576,83509714944,0,0,0,0,0,878829440,125814616,772095644,8,1
2026-08-22T10:56:14+08:00,38578,0,27513,81920,0,0,32,67.56,240608468992,155099168768,83189800960,0,0,0,0,0,878156280,125814616,772095644,8,1
2026-08-22T10:56:14+08:00,38578,1,28320,81920,88,2,35,83.99,240608468992,155099168768,83189800960,0,0,0,0,0,878156280,125814616,772095644,8,1
2026-08-22T10:57:14+08:00,38638,0,26617,81920,0,0,32,67.56,239845556224,155004456960,82520911872,0,0,0,0,0,878358116,125814616,772095644,8,1
2026-08-22T10:57:14+08:00,38638,1,27461,81920,89,1,35,187.93,239845556224,155004456960,82520911872,0,0,0,0,0,878358116,125814616,772095644,8,1
2026-08-22T10:58:15+08:00,38699,0,25941,81920,82,1,35,170.74,239319642112,156237512704,80758947840,0,0,0,0,0,877082736,125814616,772099756,8,1
2026-08-22T10:58:15+08:00,38699,1,26391,81920,10,0,33,67.89,239319642112,156237512704,80758947840,0,0,0,0,0,877082736,125814616,772099756,8,1
2026-08-22T10:59:15+08:00,38759,0,28281,81920,5,0,35,176.33,239635361792,156720201728,80591200256,0,0,0,0,0,876579628,125814616,772095132,8,1
2026-08-22T10:59:15+08:00,38759,1,29087,81920,19,1,36,179.56,239635361792,156720201728,80591200256,0,0,0,0,0,876579628,125814616,772095132,8,1
2026-08-22T11:00:14+08:00,38818,0,27723,81920,0,0,33,85.73,240056692736,157145354240,80591622144,0,0,0,0,0,875829188,125814616,772095132,8,1
2026-08-22T11:00:14+08:00,38818,1,28785,81920,0,0,33,82.69,240056692736,157145354240,80591622144,0,0,0,0,0,875829188,125814616,772095132,8,1
2026-08-22T11:01:15+08:00,38879,0,26495,81920,0,0,33,85.46,239727067136,156813852672,80592089088,0,0,0,0,0,875751892,125814616,772095132,8,1
2026-08-22T11:01:15+08:00,38879,1,27499,81920,2,0,33,68.16,239727067136,156813852672,80592089088,0,0,0,0,0,875751892,125814616,772095132,8,1
2026-08-22T11:02:14+08:00,38938,0,28537,81920,0,0,34,83.82,240046698496,157128888320,80592551936,0,0,0,0,0,876101604,125814616,772095132,8,1
2026-08-22T11:02:14+08:00,38938,1,29343,81920,100,1,38,101.47,240046698496,157128888320,80592551936,0,0,0,0,0,876101604,125814616,772095132,8,1
2026-08-22T11:03:14+08:00,38998,0,28239,81920,6,0,33,84.84,240168919040,157251366912,80592973824,0,0,0,0,0,876153796,125814616,772095132,8,1
2026-08-22T11:03:14+08:00,38998,1,29343,81920,17,1,36,170.63,240168919040,157251366912,80592973824,0,0,0,0,0,876153796,125814616,772095132,8,1
2026-08-22T11:04:15+08:00,39059,0,26453,81920,0,0,33,82.69,240397254656,157478039552,80593391616,0,0,0,0,0,875972328,125814616,772095132,8,1
2026-08-22T11:04:15+08:00,39059,1,28353,81920,0,0,33,67.29,240397254656,157478039552,80593391616,0,0,0,0,0,875972328,125814616,772095132,8,1
2026-08-22T11:05:15+08:00,39119,0,29033,81920,0,0,32,67.56,234237612032,151331950592,80593883136,0,0,0,0,0,882166544,125814616,772095132,7,1
2026-08-22T11:05:15+08:00,39119,1,16267,81920,0,0,34,67.01,234237612032,151331950592,80593883136,0,0,0,0,0,882166544,125814616,772095132,7,1
2026-08-22T11:06:14+08:00,39178,0,29809,81920,59,21,52,377.69,231929188352,149026783232,80595398656,0,0,0,0,0,884628532,125814616,772094064,6,1
2026-08-22T11:06:14+08:00,39178,1,29819,81920,100,15,53,404.4,231929188352,149026783232,80595398656,0,0,0,0,0,884628532,125814616,772094064,6,1
2026-08-22T11:07:15+08:00,39239,0,24546,81920,0,0,33,67.89,233571344384,150663561216,80595853312,0,0,0,0,0,882752624,125814616,772093988,8,1
2026-08-22T11:07:15+08:00,39239,1,24192,81920,6,0,34,69.45,233571344384,150663561216,80595853312,0,0,0,0,0,882752624,125814616,772093988,8,1
2026-08-22T11:08:15+08:00,39299,0,22261,81920,0,0,34,85.46,233237504000,150330433536,80596303872,0,0,0,0,0,883092348,125814616,772093928,8,1
2026-08-22T11:08:15+08:00,39299,1,22375,81920,21,0,35,107.07,233237504000,150330433536,80596303872,0,0,0,0,0,883092348,125814616,772093928,8,1
2026-08-22T11:09:15+08:00,39359,0,26351,81920,85,1,36,173.5,233658605568,150749941760,80596807680,0,0,0,0,0,882634528,125814616,772091368,8,1
2026-08-22T11:09:15+08:00,39359,1,26198,81920,99,1,39,190.18,233658605568,150749941760,80596807680,0,0,0,0,0,882634528,125814616,772091368,8,1
2026-08-22T11:10:14+08:00,39418,0,25797,81920,0,0,32,67.56,233706033152,150796230656,80597200896,0,0,0,0,0,882595684,125814616,772091368,8,1
2026-08-22T11:10:14+08:00,39418,1,26197,81920,0,0,34,82.77,233706033152,150796230656,80597200896,0,0,0,0,0,882595684,125814616,772091368,8,1
2026-08-22T11:11:15+08:00,39479,0,24447,81920,0,0,32,71.26,234022895616,151111102464,80597630976,0,0,0,0,0,882307476,125814616,772091368,8,1
2026-08-22T11:11:15+08:00,39479,1,24493,81920,0,0,33,83.57,234022895616,151111102464,80597630976,0,0,0,0,0,882307476,125814616,772091368,8,1
2026-08-22T11:12:14+08:00,39538,0,27055,81920,41,1,37,197.26,234987802624,152076390400,80598114304,0,0,0,0,0,881327300,125814616,772091428,8,1
2026-08-22T11:12:14+08:00,39538,1,26710,81920,78,1,36,84.51,234987802624,152076390400,80598114304,0,0,0,0,0,881327300,125814616,772091428,8,1
2026-08-22T11:13:14+08:00,39598,0,26105,81920,0,0,32,68.16,236143099904,153227505664,80598556672,0,0,0,0,0,880201352,125814616,772091484,8,1
2026-08-22T11:13:14+08:00,39598,1,27222,81920,0,0,33,83.65,236143099904,153227505664,80598556672,0,0,0,0,0,880201352,125814616,772091484,8,1
2026-08-22T11:14:15+08:00,39659,0,25387,81920,0,0,33,67.56,237034041344,154117070848,80598958080,0,0,0,0,0,879307320,125814616,772095068,8,1
2026-08-22T11:14:15+08:00,39659,1,25727,81920,0,0,33,83.57,237034041344,154117070848,80598958080,0,0,0,0,0,879307320,125814616,772095068,8,1
2026-08-22T11:15:15+08:00,39719,0,28083,81920,9,0,33,83.29,237113405440,154195136512,80599404544,0,0,0,0,0,879277592,125814616,772095068,8,1
2026-08-22T11:15:15+08:00,39719,1,27225,81920,9,0,34,82.69,237113405440,154195136512,80599404544,0,0,0,0,0,879277592,125814616,772095068,8,1
2026-08-22T11:16:14+08:00,39778,0,27267,81920,0,0,32,67.56,237205716992,154288713728,80599904256,0,0,0,0,0,879151792,125814616,772095068,8,1
2026-08-22T11:16:14+08:00,39778,1,27103,81920,0,0,33,66.68,237205716992,154288713728,80599904256,0,0,0,0,0,879151792,125814616,772095068,8,1
2026-08-22T11:17:14+08:00,39838,0,26037,81920,0,0,33,67.56,237590056960,154670944256,80600334336,0,0,0,0,0,878779592,125814616,772095068,8,1
2026-08-22T11:17:14+08:00,39838,1,25811,81920,0,0,33,67.96,237590056960,154670944256,80600334336,0,0,0,0,0,878779592,125814616,772095068,8,1
2026-08-22T11:18:13+08:00,39897,0,28729,81920,0,0,32,67.56,237710991360,154789552128,80600743936,0,0,0,0,0,878642108,125814616,772095068,8,1
2026-08-22T11:18:13+08:00,39897,1,26472,81920,0,0,35,69.45,237710991360,154789552128,80600743936,0,0,0,0,0,878642108,125814616,772095068,8,1
2026-08-22T11:19:15+08:00,39959,0,27833,81920,0,0,32,67.23,238836510720,155913854976,80601210880,0,0,0,0,0,877572672,125814616,772094556,8,1
2026-08-22T11:19:15+08:00,39959,1,27872,81920,100,2,37,170.3,238836510720,155913854976,80601210880,0,0,0,0,0,877572672,125814616,772094556,8,1
2026-08-22T11:20:15+08:00,40019,0,27247,81920,0,0,33,67.89,238809174016,155885314048,80601686016,0,0,0,0,0,877594136,125814616,772094556,8,1
2026-08-22T11:20:15+08:00,40019,1,26121,81920,0,0,33,66.68,238809174016,155885314048,80601686016,0,0,0,0,0,877594136,125814616,772094556,8,1
2026-08-22T11:21:14+08:00,40078,0,28985,81920,0,0,33,67.56,239278755840,156353781760,80602083328,0,0,0,0,0,877088792,125814616,772094556,8,1
2026-08-22T11:21:14+08:00,40078,1,28384,81920,100,1,37,157.05,239278755840,156353781760,80602083328,0,0,0,0,0,877088792,125814616,772094556,8,1
2026-08-22T11:22:13+08:00,40137,0,27577,81920,95,1,33,83.29,239452065792,156528058368,80602525696,0,0,0,0,0,876935356,125814616,772094556,8,1
2026-08-22T11:22:13+08:00,40137,1,28640,81920,0,0,34,82.69,239452065792,156528058368,80602525696,0,0,0,0,0,876935356,125814616,772094556,8,1
2026-08-22T11:23:15+08:00,40199,0,26346,81920,0,0,33,69.38,239364476928,156437045248,80603021312,0,0,0,0,0,877050800,125814616,772094556,8,1
2026-08-22T11:23:15+08:00,40199,1,27191,81920,78,1,34,84.51,239364476928,156437045248,80603021312,0,0,0,0,0,877050800,125814616,772094556,8,1
2026-08-22T11:24:14+08:00,40258,0,28985,81920,79,28,41,400.23,239495458816,156568350720,80603451392,0,0,0,0,0,876904856,125814616,772097228,8,1
2026-08-22T11:24:14+08:00,40258,1,27454,81920,5,0,34,67.56,239495458816,156568350720,80603451392,0,0,0,0,0,876904856,125814616,772097228,8,1
2026-08-22T11:25:14+08:00,40318,0,27537,81920,2,0,32,69.71,240086183936,157155037184,80603848704,0,0,0,0,0,876334004,125814616,772094556,8,1
2026-08-22T11:25:14+08:00,40318,1,29152,81920,17,0,34,82.43,240086183936,157155037184,80603848704,0,0,0,0,0,876334004,125814616,772094556,8,1
2026-08-22T11:26:13+08:00,40377,0,28609,81920,5,0,34,69.11,240623218688,157690007552,80604315648,0,0,0,0,0,875769792,125814616,772094556,8,1
2026-08-22T11:26:13+08:00,40377,1,27929,81920,8,0,33,107.68,240623218688,157690007552,80604315648,0,0,0,0,0,875769792,125814616,772094556,8,1
2026-08-22T11:27:15+08:00,40439,0,29497,81920,12,2,35,84.84,240833990656,157904670720,80604794880,0,0,0,0,0,875634644,125814616,772094556,8,1
2026-08-22T11:27:15+08:00,40439,1,27070,81920,0,0,34,67.01,240833990656,157904670720,80604794880,0,0,0,0,0,875634644,125814616,772094556,8,1
2026-08-22T11:28:14+08:00,40498,0,28601,81920,21,0,33,84.84,240732024832,157799518208,80605204480,0,0,0,0,0,875728932,125814616,772094556,8,1
2026-08-22T11:28:14+08:00,40498,1,29151,81920,0,0,34,82.96,240732024832,157799518208,80605204480,0,0,0,0,0,875728932,125814616,772094556,8,1
2026-08-22T11:29:14+08:00,40558,0,27370,81920,5,0,33,68.16,240727511040,157795938304,80605614080,0,0,0,0,0,875678348,125814616,772094556,8,1
2026-08-22T11:29:14+08:00,40558,1,28255,81920,3,0,33,87.01,240727511040,157795938304,80605614080,0,0,0,0,0,875678348,125814616,772094556,8,1
2026-08-22T11:30:15+08:00,40619,0,29737,81920,33,0,34,83.57,238147690496,155221385216,80606126080,0,0,0,0,0,878415864,125814616,772093532,7,1
2026-08-22T11:30:15+08:00,40619,1,16267,81920,0,0,33,67.01,238147690496,155221385216,80606126080,0,0,0,0,0,878415864,125814616,772093532,7,1
2026-08-22T11:31:15+08:00,40679,0,15088,81920,0,0,42,88.23,234015043584,151094661120,80607690752,0,0,0,0,0,882547860,125814616,772092420,8,1
2026-08-22T11:31:15+08:00,40679,1,14931,81920,0,0,43,87.01,234015043584,151094661120,80607690752,0,0,0,0,0,882547860,125814616,772092420,8,1
2026-08-22T11:32:14+08:00,40738,0,24803,81920,2,0,33,67.89,237833420800,154906058752,80608079872,0,0,0,0,0,878582984,125814616,772092420,8,1
2026-08-22T11:32:14+08:00,40738,1,26134,81920,0,0,35,83.38,237833420800,154906058752,80608079872,0,0,0,0,0,878582984,125814616,772092420,8,1
2026-08-22T11:33:13+08:00,40797,0,22725,81920,1,0,34,105.79,237612089344,154682880000,80608530432,0,0,0,0,0,878784864,125814616,772092420,8,1
2026-08-22T11:33:13+08:00,40797,1,22601,81920,3,0,33,67.23,237612089344,154682880000,80608530432,0,0,0,0,0,878784864,125814616,772092420,8,1
2026-08-22T11:34:15+08:00,40859,0,26863,81920,0,0,33,67.89,238488145920,155557777408,80609021952,0,0,0,0,0,877884168,125814616,772092420,8,1
2026-08-22T11:34:15+08:00,40859,1,25310,81920,0,0,35,67.29,238488145920,155557777408,80609021952,0,0,0,0,0,877884168,125814616,772092420,8,1
2026-08-22T11:35:14+08:00,40918,0,26309,81920,0,0,32,68.16,238593720320,155662012416,80609435648,0,0,0,0,0,877765756,125814616,772092420,8,1
2026-08-22T11:35:14+08:00,40918,1,26197,81920,10,0,37,197.26,238593720320,155662012416,80609435648,0,0,0,0,0,877765756,125814616,772092420,8,1
2026-08-22T11:36:13+08:00,40977,0,24523,81920,0,0,33,83.29,237139619840,154210660352,80609853440,0,0,0,0,0,879187952,125814616,772092420,8,1
2026-08-22T11:36:13+08:00,40977,1,24789,81920,11,0,34,87.01,237139619840,154210660352,80609853440,0,0,0,0,0,879187952,125814616,772092420,8,1
2026-08-22T11:37:15+08:00,41039,0,27119,81920,6,0,36,152.25,237470109696,154541477888,80610336768,0,0,0,0,0,878882100,125814616,772092456,8,1
2026-08-22T11:37:15+08:00,41039,1,24628,81920,0,0,34,66.94,237470109696,154541477888,80610336768,0,0,0,0,0,878882100,125814616,772092456,8,1
2026-08-22T11:38:14+08:00,41098,0,26467,81920,7,1,32,91.94,237385342976,154456559616,80610799616,0,0,0,0,0,878985716,125814616,772092456,8,1
2026-08-22T11:38:14+08:00,41098,1,26709,81920,0,0,34,83.38,237385342976,154456559616,80610799616,0,0,0,0,0,878985716,125814616,772092456,8,1
2026-08-22T11:39:14+08:00,41158,0,25451,81920,2,0,33,71.26,238409031680,155476430848,80611205120,0,0,0,0,0,877982968,125814616,772092456,8,1
2026-08-22T11:39:14+08:00,41158,1,25817,81920,0,0,33,82.35,238409031680,155476430848,80611205120,0,0,0,0,0,877982968,125814616,772092456,8,1
2026-08-22T11:40:15+08:00,41219,0,27635,81920,0,0,34,83.29,238512431104,155578515456,80611655680,0,0,0,0,0,877887180,125814616,772090920,8,1
2026-08-22T11:40:15+08:00,41219,1,25324,81920,0,0,34,67.01,238512431104,155578515456,80611655680,0,0,0,0,0,877887180,125814616,772090920,8,1
2026-08-22T11:41:15+08:00,41279,0,27211,81920,12,0,33,89.45,238912987136,155977842688,80612139008,0,0,0,0,0,877501384,125814616,772090920,8,1
2026-08-22T11:41:15+08:00,41279,1,27616,81920,0,0,35,83.91,238912987136,155977842688,80612139008,0,0,0,0,0,877501384,125814616,772090920,8,1
2026-08-22T11:42:14+08:00,41338,0,25589,81920,8,1,33,67.56,238927212544,155993501696,80612569088,0,0,0,0,0,877457660,125814616,772090920,8,1
2026-08-22T11:42:14+08:00,41338,1,26625,81920,0,0,33,67.63,238927212544,155993501696,80612569088,0,0,0,0,0,877457660,125814616,772090920,8,1
2026-08-22T11:43:14+08:00,41398,0,28281,81920,0,0,35,154.74,239972536320,157033631744,80612962304,0,0,0,0,0,876452264,125814616,772090920,8,1
2026-08-22T11:43:14+08:00,41398,1,26942,81920,0,0,34,66.94,239972536320,157033631744,80612962304,0,0,0,0,0,876452264,125814616,772090920,8,1
2026-08-22T11:44:15+08:00,41459,0,27427,81920,0,0,33,85.13,240869228544,157930450944,80613445632,0,0,0,0,0,875580176,125814616,772090904,8,1
2026-08-22T11:44:15+08:00,41459,1,28640,81920,0,0,34,82.96,240869228544,157930450944,80613445632,0,0,0,0,0,875580176,125814616,772090904,8,1
2026-08-22T11:45:14+08:00,41518,0,26154,81920,5,0,33,67.89,241567739904,158625636352,80613916672,0,0,0,0,0,874919256,125814616,772090904,8,1
2026-08-22T11:45:14+08:00,41518,1,27743,81920,0,0,33,84.32,241567739904,158625636352,80613916672,0,0,0,0,0,874919256,125814616,772090904,8,1
2026-08-22T11:46:14+08:00,41578,0,28793,81920,0,0,34,83.57,240973045760,158033182720,80614326272,0,0,0,0,0,875444364,125814616,772090904,8,1
2026-08-22T11:46:14+08:00,41578,1,26859,81920,0,0,34,67.01,240973045760,158033182720,80614326272,0,0,0,0,0,875444364,125814616,772090904,8,1
2026-08-22T11:47:15+08:00,41639,0,27939,81920,0,0,32,67.89,241098018816,158157750272,80614748160,0,0,0,0,0,875377104,125814616,772090904,8,1
2026-08-22T11:47:15+08:00,41639,1,28896,81920,59,1,35,84.32,241098018816,158157750272,80614748160,0,0,0,0,0,875377104,125814616,772090904,8,1
2026-08-22T11:48:15+08:00,41699,0,26709,81920,0,0,33,68.49,241236013056,158292324352,80615239680,0,0,0,0,0,875304336,125814616,772090904,8,1
2026-08-22T11:48:15+08:00,41699,1,28201,81920,3,0,33,67.96,241236013056,158292324352,80615239680,0,0,0,0,0,875304336,125814616,772090904,8,1
2026-08-22T11:49:14+08:00,41758,0,29305,81920,88,1,34,83.57,241909157888,158964490240,80615682048,0,0,0,0,0,874584820,125814616,772090916,8,1
2026-08-22T11:49:14+08:00,41758,1,27709,81920,0,0,34,67.01,241909157888,158964490240,80615682048,0,0,0,0,0,874584820,125814616,772090916,8,1
2026-08-22T11:50:15+08:00,41819,0,28963,81920,0,0,32,67.89,241982021632,159036760064,80616095744,0,0,0,0,0,874531576,125814616,772090916,8,1
2026-08-22T11:50:15+08:00,41819,1,29152,81920,98,2,35,147.19,241982021632,159036760064,80616095744,0,0,0,0,0,874531576,125814616,772090916,8,1
2026-08-22T11:51:15+08:00,41879,0,27733,81920,1,0,33,70.0,242379264000,159434997760,80616546304,0,0,0,0,0,874122228,125814616,772090916,8,1
2026-08-22T11:51:15+08:00,41879,1,27999,81920,95,1,33,82.43,242379264000,159434997760,80616546304,0,0,0,0,0,874122228,125814616,772090916,8,1
2026-08-22T11:52:14+08:00,41938,0,29817,81920,100,1,36,130.51,242822668288,159876718592,80617037824,0,0,0,0,0,873656880,125814616,772090916,8,1
2026-08-22T11:52:14+08:00,41938,1,27069,81920,0,0,34,68.85,242822668288,159876718592,80617037824,0,0,0,0,0,873656880,125814616,772090916,8,1
2026-08-22T11:53:14+08:00,41998,0,29977,81920,2,0,32,71.55,242936565760,159990202368,80617447424,0,0,0,0,0,873544612,125814616,772090916,8,1
2026-08-22T11:53:14+08:00,41998,1,29151,81920,79,1,35,113.83,242936565760,159990202368,80617447424,0,0,0,0,0,873544612,125814616,772090916,8,1
2026-08-22T11:54:15+08:00,42059,0,27989,81920,5,0,33,83.29,243033829376,160095424512,80617861120,0,0,0,0,0,873438008,125814616,772090916,8,1
2026-08-22T11:54:15+08:00,42059,1,28810,81920,89,1,34,84.24,243033829376,160095424512,80617861120,0,0,0,0,0,873438008,125814616,772090916,8,1
2026-08-22T11:55:14+08:00,42118,0,30057,81920,0,0,34,83.91,236210675712,153276190720,80618356736,0,0,0,0,0,880319036,125814616,772090916,7,1
2026-08-22T11:55:14+08:00,42118,1,16267,81920,0,0,33,67.01,236210675712,153276190720,80618356736,0,0,0,0,0,880319036,125814616,772090916,7,1
2026-08-22T11:56:14+08:00,42178,0,15088,81920,0,0,39,70.0,232002629632,149075111936,80619913216,0,0,0,0,0,884496616,125814616,772089804,8,1
2026-08-22T11:56:14+08:00,42178,1,14931,81920,0,0,40,69.18,232002629632,149075111936,80619913216,0,0,0,0,0,884496616,125814616,772089804,8,1
2026-08-22T11:57:15+08:00,42239,0,26287,81920,0,0,35,84.24,231112556544,148187176960,80620331008,0,0,0,0,0,885159580,125814616,772089804,8,1
2026-08-22T11:57:15+08:00,42239,1,26134,81920,0,0,36,83.57,231112556544,148187176960,80620331008,0,0,0,0,0,885159580,125814616,772089804,8,1
2026-08-22T11:58:15+08:00,42299,0,23919,81920,2,0,33,69.38,230685073408,147758501888,80620777472,0,0,0,0,0,885554700,125814616,772089748,8,1
2026-08-22T11:58:15+08:00,42299,1,23509,81920,4,0,34,87.01,230685073408,147758501888,80620777472,0,0,0,0,0,885554700,125814616,772089748,8,1
2026-08-22T11:59:14+08:00,42358,0,23403,81920,6,1,33,68.16,231309852672,148450287616,80621256704,0,0,0,0,0,884942468,125814616,772089748,8,1
2026-08-22T11:59:14+08:00,42358,1,24971,81920,0,0,34,67.29,231309852672,148450287616,80621256704,0,0,0,0,0,884942468,125814616,772089748,8,1
2026-08-22T12:00:13+08:00,42417,0,27119,81920,0,0,33,67.89,232230277120,149298552832,80621694976,0,0,0,0,0,884007628,125814616,772089748,8,1
2026-08-22T12:00:13+08:00,42417,1,26966,81920,16,1,37,209.88,232230277120,149298552832,80621694976,0,0,0,0,0,884007628,125814616,772089748,8,1
2026-08-22T12:01:15+08:00,42479,0,25711,81920,5,0,33,84.84,232261525504,149334441984,80622084096,0,0,0,0,0,883954436,125814616,772084116,8,1
2026-08-22T12:01:15+08:00,42479,1,25463,81920,6,1,33,67.23,232261525504,149334441984,80622084096,0,0,0,0,0,883954436,125814616,772084116,8,1
2026-08-22T12:02:15+08:00,42539,0,25339,81920,5,0,34,67.89,232751411200,149818163200,80622579712,0,0,0,0,0,883539940,125814616,772084148,8,1
2026-08-22T12:02:15+08:00,42539,1,25139,81920,0,0,34,67.96,232751411200,149818163200,80622579712,0,0,0,0,0,883539940,125814616,772084148,8,1
2026-08-22T12:03:14+08:00,42598,0,27375,81920,0,0,34,83.91,232326103040,149393166336,80623034368,0,0,0,0,0,883955596,125814616,772084200,8,1
2026-08-22T12:03:14+08:00,42598,1,27478,81920,0,0,34,67.01,232326103040,149393166336,80623034368,0,0,0,0,0,883955596,125814616,772084200,8,1
2026-08-22T12:04:14+08:00,42658,0,26483,81920,0,0,33,85.37,232622649344,149692469248,80623448064,0,0,0,0,0,882665568,125814616,772084200,8,1
2026-08-22T12:04:14+08:00,42658,1,26491,81920,0,0,34,67.16,232622649344,149692469248,80623448064,0,0,0,0,0,882665568,125814616,772084200,8,1
2026-08-22T12:05:15+08:00,42719,0,25130,81920,0,0,33,68.03,233357893632,150423666688,80623878144,0,0,0,0,0,882248344,125814616,772084200,8,1
2026-08-22T12:05:15+08:00,42719,1,27185,81920,0,0,45,89.08,233357893632,150423666688,80623878144,0,0,0,0,0,882248344,125814616,772084200,8,1
2026-08-22T12:06:15+08:00,42779,0,27769,81920,99,1,36,100.38,233093726208,150157094912,80624369664,0,0,0,0,0,882518256,125814616,772084200,8,1
2026-08-22T12:06:15+08:00,42779,1,27616,81920,100,1,52,110.01,233093726208,150157094912,80624369664,0,0,0,0,0,882518256,125814616,772084200,8,1
2026-08-22T12:07:14+08:00,42838,0,26873,81920,0,0,33,67.82,232818212864,149881315328,80624791552,0,0,0,0,0,882830484,125814616,772084200,8,1
2026-08-22T12:07:14+08:00,42838,1,26625,81920,9,0,51,74.24,232818212864,149881315328,80624791552,0,0,0,0,0,882830484,125814616,772084200,8,1
2026-08-22T12:08:14+08:00,42898,0,26881,81920,2,0,34,69.11,233718235136,150781263872,80625221632,0,0,0,0,0,882088976,125814616,772084200,8,1
2026-08-22T12:08:14+08:00,42898,1,28128,81920,0,0,48,91.33,233718235136,150781263872,80625221632,0,0,0,0,0,882088976,125814616,772084200,8,1
2026-08-22T12:09:13+08:00,42957,0,28025,81920,25,1,38,171.35,233811607552,150875111424,80625664000,0,0,0,0,0,882085756,125814616,772084200,8,1
2026-08-22T12:09:13+08:00,42957,1,28568,81920,0,0,40,70.93,233811607552,150875111424,80625664000,0,0,0,0,0,882085756,125814616,772084200,8,1
2026-08-22T12:10:15+08:00,43019,0,27075,81920,0,0,33,69.11,233631010816,150693109760,80626155520,0,0,0,0,0,882347160,125814616,772084200,8,1
2026-08-22T12:10:15+08:00,43019,1,27051,81920,3,0,37,73.1,233631010816,150693109760,80626155520,0,0,0,0,0,882347160,125814616,772084200,8,1
2026-08-22T12:11:14+08:00,43078,0,25642,81920,4,0,34,68.16,234143961088,151204773888,80626565120,0,0,0,0,0,881793560,125814616,772091604,8,1
2026-08-22T12:11:14+08:00,43078,1,28639,81920,100,1,42,121.26,234143961088,151204773888,80626565120,0,0,0,0,0,881793560,125814616,772091604,8,1
2026-08-22T12:12:13+08:00,43137,0,28281,81920,23,0,35,84.51,234659254272,151716802560,80626978816,0,0,0,0,0,881338488,125814616,772091368,8,1
2026-08-22T12:12:13+08:00,43137,1,28896,81920,70,1,38,83.57,234659254272,151716802560,80626978816,0,0,0,0,0,881338488,125814616,772091368,8,1
2026-08-22T12:13:15+08:00,43199,0,27629,81920,6,1,33,68.16,234486509568,151543496704,80627482624,0,0,0,0,0,881527696,125814616,772091368,8,1
2026-08-22T12:13:15+08:00,43199,1,27905,81920,7,0,34,70.4,234486509568,151543496704,80627482624,0,0,0,0,0,881527696,125814616,772091368,8,1
2026-08-22T12:14:14+08:00,43258,0,23351,81920,9,0,34,86.39,234360094720,151419723776,80627912704,0,0,0,0,0,881634908,125814616,772091368,8,1
2026-08-22T12:14:14+08:00,43258,1,28640,81920,99,2,39,160.44,234360094720,151419723776,80627912704,0,0,0,0,0,881634908,125814616,772091368,8,1
2026-08-22T12:15:14+08:00,43318,0,27256,81920,30,5,36,85.73,233715351552,150774091776,80628334592,0,0,0,0,0,882259740,125814616,772091368,8,1
2026-08-22T12:15:14+08:00,43318,1,26847,81920,0,0,34,84.32,233715351552,150774091776,80628334592,0,0,0,0,0,882259740,125814616,772091368,8,1
2026-08-22T12:16:14+08:00,43378,0,26447,81920,0,0,33,83.29,234167570432,151227670528,80628781056,0,0,0,0,0,881792176,125814616,772091368,8,1
2026-08-22T12:16:14+08:00,43378,1,24235,81920,10,0,33,71.01,234167570432,151227670528,80628781056,0,0,0,0,0,881792176,125814616,772091368,8,1
2026-08-22T12:17:15+08:00,43439,0,24959,81920,0,0,33,84.84,234172887040,151229927424,80629280768,0,0,0,0,0,881807492,125814616,772091368,8,1
2026-08-22T12:17:15+08:00,43439,1,26847,81920,39,0,36,83.65,234172887040,151229927424,80629280768,0,0,0,0,0,881807492,125814616,772091368,8,1
2026-08-22T12:18:15+08:00,43499,0,27257,81920,0,0,36,172.01,233774665728,150840659968,80629686272,0,0,0,0,0,882141156,125814616,772091368,8,1
2026-08-22T12:18:15+08:00,43499,1,26847,81920,0,0,33,66.94,233774665728,150840659968,80629686272,0,0,0,0,0,882141156,125814616,772091368,8,1
2026-08-22T12:19:14+08:00,43558,0,26699,81920,0,0,33,84.51,234255118336,151312961536,80630095872,0,0,0,0,0,881751008,125814616,772091368,8,1
2026-08-22T12:19:14+08:00,43558,1,25097,81920,0,0,33,67.96,234255118336,151312961536,80630095872,0,0,0,0,0,881751008,125814616,772091368,8,1
2026-08-22T12:20:15+08:00,43619,0,16406,81920,0,0,32,67.89,234118742016,151175086080,80630579200,0,0,0,0,0,882076784,125814616,772091368,7,1
2026-08-22T12:20:15+08:00,43619,1,26847,81920,35,0,34,163.54,234118742016,151175086080,80630579200,0,0,0,0,0,882076784,125814616,772091368,7,1
2026-08-22T12:21:15+08:00,43679,0,15088,81920,0,0,37,69.11,231566512128,148628832256,80632139776,0,0,0,0,0,884668504,125814616,772090636,8,1
2026-08-22T12:21:15+08:00,43679,1,14931,81920,0,0,38,68.85,231566512128,148628832256,80632139776,0,0,0,0,0,884668504,125814616,772090636,8,1
2026-08-22T12:22:14+08:00,43738,0,26543,81920,0,0,38,205.07,241516724224,158556057600,80632569856,0,0,0,0,0,874768504,125814616,772089192,8,1
2026-08-22T12:22:14+08:00,43738,1,26134,81920,60,1,39,200.63,241516724224,158556057600,80632569856,0,0,0,0,0,874768504,125814616,772089192,8,1
2026-08-22T12:23:15+08:00,43799,0,24175,81920,0,0,33,83.29,241519529984,158559277056,80633004032,0,0,0,0,0,874659908,125814616,772089192,8,1
2026-08-22T12:23:15+08:00,43799,1,24022,81920,4,0,33,69.45,241519529984,158559277056,80633004032,0,0,0,0,0,874659908,125814616,772089192,8,1
2026-08-22T12:24:15+08:00,43859,0,23200,81920,14,0,33,67.89,242230517760,159268016128,80633503744,0,0,0,0,0,874020248,125814616,772089192,8,1
2026-08-22T12:24:15+08:00,43859,1,22787,81920,0,0,34,70.07,242230517760,159268016128,80633503744,0,0,0,0,0,874020248,125814616,772089192,8,1
2026-08-22T12:25:14+08:00,43918,0,26863,81920,98,1,37,188.62,242322919424,159356661760,80633905152,0,0,0,0,0,873845924,125814616,772089192,8,1
2026-08-22T12:25:14+08:00,43918,1,26197,81920,0,0,34,82.96,242322919424,159356661760,80633905152,0,0,0,0,0,873845924,125814616,772089192,8,1
2026-08-22T12:26:14+08:00,43978,0,25105,81920,0,0,32,68.16,242175639552,159212101632,80634331136,0,0,0,0,0,874039196,125814616,772089216,8,1
2026-08-22T12:26:14+08:00,43978,1,24991,81920,7,0,33,66.68,242175639552,159212101632,80634331136,0,0,0,0,0,874039196,125814616,772089216,8,1
2026-08-22T12:27:15+08:00,44039,0,24224,81920,0,0,33,67.56,242666872832,159702581248,80634810368,0,0,0,0,0,873578572,125814616,772089264,8,1
2026-08-22T12:27:15+08:00,44039,1,24930,81920,0,0,33,67.01,242666872832,159702581248,80634810368,0,0,0,0,0,873578572,125814616,772089264,8,1
2026-08-22T12:28:15+08:00,44099,0,26863,81920,43,0,39,85.46,242998464512,160032256000,80635273216,0,0,0,0,0,873244340,125814616,772089264,8,1
2026-08-22T12:28:15+08:00,44099,1,26709,81920,0,0,34,82.69,242998464512,160032256000,80635273216,0,0,0,0,0,873244340,125814616,772089264,8,1
2026-08-22T12:29:14+08:00,44158,0,25877,81920,5,1,32,68.16,243095908352,160130134016,80635670528,0,0,0,0,0,873173276,125814616,772089264,8,1
2026-08-22T12:29:14+08:00,44158,1,26019,81920,0,0,33,67.29,243095908352,160130134016,80635670528,0,0,0,0,0,873173276,125814616,772089264,8,1
2026-08-22T12:30:14+08:00,44218,0,24618,81920,0,0,33,67.89,243042992128,160073342976,80636116992,0,0,0,0,0,873182584,125814616,772089264,8,1
2026-08-22T12:30:14+08:00,44218,1,24461,81920,0,0,33,67.63,243042992128,160073342976,80636116992,0,0,0,0,0,873182584,125814616,772089264,8,1
2026-08-22T12:31:15+08:00,44279,0,27257,81920,50,1,34,83.48,244331876352,161363722240,80636596224,0,0,0,0,0,871900148,125814616,772089264,8,1
2026-08-22T12:31:15+08:00,44279,1,27103,81920,60,1,37,191.72,244331876352,161363722240,80636596224,0,0,0,0,0,871900148,125814616,772089264,8,1
2026-08-22T12:32:15+08:00,44339,0,26361,81920,0,0,33,82.96,244337569792,161368924160,80637030400,0,0,0,0,0,871921176,125814616,772087216,8,1
2026-08-22T12:32:15+08:00,44339,1,26505,81920,0,0,33,66.68,244337569792,161368924160,80637030400,0,0,0,0,0,871921176,125814616,772087216,8,1
2026-08-22T12:33:14+08:00,44398,0,25333,81920,0,0,33,68.49,244347293696,161375690752,80637448192,0,0,0,0,0,871856084,125814616,772087216,8,1
2026-08-22T12:33:14+08:00,44398,1,25473,81920,0,0,33,67.63,244347293696,161375690752,80637448192,0,0,0,0,0,871856084,125814616,772087216,8,1
2026-08-22T12:34:14+08:00,44458,0,27513,81920,50,1,36,164.92,244506537984,161536671744,80637906944,0,0,0,0,0,871776284,125814616,772087216,8,1
2026-08-22T12:34:14+08:00,44458,1,27359,81920,90,1,36,84.84,244506537984,161536671744,80637906944,0,0,0,0,0,871776284,125814616,772087216,8,1
2026-08-22T12:35:15+08:00,44519,0,26915,81920,0,0,32,68.78,247471841280,164494946304,80638394368,0,0,0,0,0,868874264,125814616,772087152,8,1
2026-08-22T12:35:15+08:00,44519,1,27616,81920,0,0,34,82.69,247471841280,164494946304,80638394368,0,0,0,0,0,868874264,125814616,772087152,8,1
2026-08-22T12:36:15+08:00,44579,0,25685,81920,3,0,33,83.29,247488229376,164511879168,80638799872,0,0,0,0,0,868807480,125814616,772087152,8,1
2026-08-22T12:36:15+08:00,44579,1,26027,81920,1,0,33,67.56,247488229376,164511879168,80638799872,0,0,0,0,0,868807480,125814616,772087152,8,1
2026-08-22T12:37:14+08:00,44638,0,27769,81920,0,0,34,83.29,248225730560,165243387904,80639221760,0,0,0,0,0,868145140,125814616,772087152,8,1
2026-08-22T12:37:14+08:00,44638,1,28128,81920,41,0,36,149.96,248225730560,165243387904,80639221760,0,0,0,0,0,868145140,125814616,772087152,8,1
2026-08-22T12:38:14+08:00,44698,0,27727,81920,0,0,33,82.96,249092071424,166108590080,80639717376,0,0,0,0,0,867214184,125814616,772087152,8,1
2026-08-22T12:38:14+08:00,44698,1,28640,81920,0,0,33,81.83,249092071424,166108590080,80639717376,0,0,0,0,0,867214184,125814616,772087152,8,1
2026-08-22T12:39:15+08:00,44759,0,26697,81920,9,0,32,67.89,249142554624,166159929344,80640155648,0,0,0,0,0,867207056,125814616,772087152,8,1
2026-08-22T12:39:15+08:00,44759,1,27051,81920,1,0,33,67.63,249142554624,166159929344,80640155648,0,0,0,0,0,867207056,125814616,772087152,8,1
2026-08-22T12:40:15+08:00,44819,0,28537,81920,27,0,43,269.12,249309884416,166305185792,80640557056,0,0,0,0,0,867058660,125814616,772087212,8,1
2026-08-22T12:40:15+08:00,44819,1,28639,81920,64,22,46,413.62,249309884416,166305185792,80640557056,0,0,0,0,0,867058660,125814616,772087212,8,1
2026-08-22T12:41:14+08:00,44878,0,28793,81920,0,0,33,82.96,249508368384,166524592128,80641011712,0,0,0,0,0,866806956,125814616,772087212,8,1
2026-08-22T12:41:14+08:00,44878,1,28896,81920,71,1,38,203.13,249508368384,166524592128,80641011712,0,0,0,0,0,866806956,125814616,772087212,8,1
2026-08-22T12:42:14+08:00,44938,0,27065,81920,34,0,34,123.69,249258680320,166272471040,80641499136,0,0,0,0,0,867069380,125814616,772087212,8,1
2026-08-22T12:42:14+08:00,44938,1,27603,81920,0,0,33,66.94,249258680320,166272471040,80641499136,0,0,0,0,0,867069380,125814616,772087212,8,1
2026-08-22T12:43:15+08:00,44999,0,26154,81920,0,0,33,67.89,249537306624,166552424448,80641900544,0,0,0,0,0,866792712,125814616,772087212,8,1
2026-08-22T12:43:15+08:00,44999,1,28895,81920,0,0,36,141.93,249537306624,166552424448,80641900544,0,0,0,0,0,866792712,125814616,772087212,8,1
2026-08-22T12:44:15+08:00,45059,0,29305,81920,0,0,33,67.89,250741374976,167748538368,80642326528,0,0,0,0,0,865636560,125814616,772087212,8,1
2026-08-22T12:44:15+08:00,45059,1,29408,81920,84,28,35,83.65,250741374976,167748538368,80642326528,0,0,0,0,0,865636560,125814616,772087212,8,1
2026-08-22T12:45:14+08:00,45118,0,30019,81920,100,41,54,403.52,238523465728,155558285312,80643878912,0,0,0,0,0,877894576,125814616,772086148,6,1
2026-08-22T12:45:14+08:00,45118,1,29809,81920,100,41,53,245.12,238523465728,155558285312,80643878912,0,0,0,0,0,877894576,125814616,772086148,6,1
2026-08-22T12:46:14+08:00,45178,0,19587,81920,2,0,34,67.89,248582533120,155200655360,91038334976,0,0,0,0,0,878010684,125814616,761935728,8,1
2026-08-22T12:46:14+08:00,45178,1,19569,81920,5,1,35,67.29,248582533120,155200655360,91038334976,0,0,0,0,0,878010684,125814616,761935728,8,1
2026-08-22T12:47:15+08:00,45239,0,26543,81920,91,1,36,106.96,248855461888,155474190336,91038732288,0,0,0,0,0,877634912,125814616,761935728,8,1
2026-08-22T12:47:15+08:00,45239,1,26134,81920,100,1,40,183.27,248855461888,155474190336,91038732288,0,0,0,0,0,877634912,125814616,761935728,8,1
2026-08-22T12:48:15+08:00,45299,0,26607,81920,0,0,33,67.56,248163192832,154781691904,91039186944,0,0,0,0,0,878321568,125814616,761935728,8,1
2026-08-22T12:48:15+08:00,45299,1,26453,81920,0,0,34,82.77,248163192832,154781691904,91039186944,0,0,0,0,0,878321568,125814616,761935728,8,1
2026-08-22T12:49:14+08:00,45358,0,23797,81920,2,0,33,82.96,248462684160,155083636736,91039670272,0,0,0,0,0,878034384,125814616,761935728,8,1
2026-08-22T12:49:14+08:00,45358,1,24137,81920,6,0,33,69.11,248462684160,155083636736,91039670272,0,0,0,0,0,878034384,125814616,761935728,8,1
2026-08-22T12:50:14+08:00,45418,0,26863,81920,3,0,35,154.74,248936386560,155551604736,91040079872,0,0,0,0,0,877566024,125814616,761935728,8,1
2026-08-22T12:50:14+08:00,45418,1,26414,81920,0,0,36,83.57,248936386560,155551604736,91040079872,0,0,0,0,0,877566024,125814616,761935728,8,1
2026-08-22T12:51:13+08:00,45477,0,26863,81920,0,0,33,83.91,249127014400,155740422144,91040493568,0,0,0,0,0,877409916,125814616,761935796,8,1
2026-08-22T12:51:13+08:00,45477,1,26709,81920,0,0,35,172.18,249127014400,155740422144,91040493568,0,0,0,0,0,877409916,125814616,761935796,8,1
2026-08-22T12:52:15+08:00,45539,0,25117,81920,0,0,33,83.29,249364795392,155977576448,91040976896,0,0,0,0,0,877174344,125814616,761935796,8,1
2026-08-22T12:52:15+08:00,45539,1,25459,81920,1,0,33,67.63,249364795392,155977576448,91040976896,0,0,0,0,0,877174344,125814616,761935796,8,1
2026-08-22T12:53:14+08:00,45598,0,26863,81920,95,1,38,130.79,249287897088,155902603264,91041447936,0,0,0,0,0,877215608,125814616,761932212,8,1
2026-08-22T12:53:14+08:00,45598,1,26709,81920,0,0,35,83.29,249287897088,155902603264,91041447936,0,0,0,0,0,877215608,125814616,761932212,8,1
2026-08-22T12:54:14+08:00,45658,0,27123,81920,0,0,33,85.46,249528950784,156138983424,91041849344,0,0,0,0,0,877058632,125814616,761932212,8,1
2026-08-22T12:54:14+08:00,45658,1,26970,81920,0,0,34,84.6,249528950784,156138983424,91041849344,0,0,0,0,0,877058632,125814616,761932212,8,1
2026-08-22T12:55:15+08:00,45719,0,25713,81920,0,0,32,67.89,249421967360,156033949696,91042291712,0,0,0,0,0,877115484,125814616,761932212,8,1
2026-08-22T12:55:15+08:00,45719,1,25555,81920,2,0,33,66.68,249421967360,156033949696,91042291712,0,0,0,0,0,877115484,125814616,761932212,8,1
2026-08-22T12:56:15+08:00,45779,0,27001,81920,99,1,38,103.64,249790132224,156401209344,91042779136,0,0,0,0,0,876785232,125814616,761932212,8,1
2026-08-22T12:56:15+08:00,45779,1,25365,81920,0,0,34,67.23,249790132224,156401209344,91042779136,0,0,0,0,0,876785232,125814616,761932212,8,1
2026-08-22T12:57:14+08:00,45838,0,27257,81920,40,1,34,83.57,250072358912,156679294976,91043213312,0,0,0,0,0,876502504,125814616,761932212,8,1
2026-08-22T12:57:14+08:00,45838,1,27104,81920,0,0,35,83.29,250072358912,156679294976,91043213312,0,0,0,0,0,876502504,125814616,761932212,8,1
2026-08-22T12:58:14+08:00,45898,0,25767,81920,0,0,33,68.49,249814601728,156426235904,91043602432,0,0,0,0,0,876741496,125814616,761932212,8,1
2026-08-22T12:58:14+08:00,45898,1,26203,81920,0,0,33,83.91,249814601728,156426235904,91043602432,0,0,0,0,0,876741496,125814616,761932212,8,1
2026-08-22T12:59:13+08:00,45957,0,27257,81920,31,1,36,142.39,249863897088,156469137408,91044073472,0,0,0,0,0,876728252,125814616,761932212,8,1
2026-08-22T12:59:13+08:00,45957,1,24717,81920,0,0,34,67.96,249863897088,156469137408,91044073472,0,0,0,0,0,876728252,125814616,761932212,8,1
2026-08-22T13:00:15+08:00,46019,0,27513,81920,0,0,33,82.96,250772717568,157377892352,91044548608,0,0,0,0,0,875768064,125814616,761932212,8,1
2026-08-22T13:00:15+08:00,46019,1,27616,81920,0,0,35,82.77,250772717568,157377892352,91044548608,0,0,0,0,0,875768064,125814616,761932212,8,1
2026-08-22T13:01:14+08:00,46078,0,25471,81920,0,0,33,83.57,250867798016,157474029568,91044970496,0,0,0,0,0,875680324,125814616,761932212,8,1
2026-08-22T13:01:14+08:00,46078,1,26917,81920,0,0,33,67.96,250867798016,157474029568,91044970496,0,0,0,0,0,875680324,125814616,761932212,8,1
2026-08-22T13:02:14+08:00,46138,0,27769,81920,0,0,33,68.16,252090212352,158690918400,91045371904,0,0,0,0,0,874522172,125814616,761932212,8,1
2026-08-22T13:02:14+08:00,46138,1,25485,81920,0,0,34,67.01,252090212352,158690918400,91045371904,0,0,0,0,0,874522172,125814616,761932212,8,1
2026-08-22T13:03:14+08:00,46198,0,27171,81920,0,0,33,82.69,252071763968,158674272256,91045879808,0,0,0,0,0,874542692,125814616,761932212,8,1
2026-08-22T13:03:14+08:00,46198,1,28640,81920,0,0,34,83.05,252071763968,158674272256,91045879808,0,0,0,0,0,874542692,125814616,761932212,8,1
2026-08-22T13:04:15+08:00,46259,0,26399,81920,4,0,33,68.49,252092940288,158696574976,91046313984,0,0,0,0,0,874504524,125814616,761932212,8,1
2026-08-22T13:04:15+08:00,46259,1,28037,81920,2,0,34,83.91,252092940288,158696574976,91046313984,0,0,0,0,0,874504524,125814616,761932212,8,1
2026-08-22T13:05:15+08:00,46319,0,28793,81920,58,1,34,83.57,252373581824,158980947968,91046731776,0,0,0,0,0,874176084,125814616,761932212,8,1
2026-08-22T13:05:15+08:00,46319,1,26253,81920,5,0,34,67.01,252373581824,158980947968,91046731776,0,0,0,0,0,874176084,125814616,761932212,8,1
2026-08-22T13:06:14+08:00,46378,0,28239,81920,0,0,33,89.78,252306268160,158907895808,91047190528,0,0,0,0,0,874282200,125814616,761932212,8,1
2026-08-22T13:06:14+08:00,46378,1,28896,81920,0,0,35,82.96,252306268160,158907895808,91047190528,0,0,0,0,0,874282200,125814616,761932212,8,1
2026-08-22T13:07:13+08:00,46437,0,26911,81920,0,0,33,67.56,252211318784,158809690112,91047665664,0,0,0,0,0,874380652,125814616,761932212,8,1
2026-08-22T13:07:13+08:00,46437,1,28197,81920,4,0,33,66.68,252211318784,158809690112,91047665664,0,0,0,0,0,874380652,125814616,761932212,8,1
2026-08-22T13:08:15+08:00,46499,0,29049,81920,100,1,35,84.24,252375928832,158976884736,91048095744,0,0,0,0,0,874175392,125814616,761932212,8,1
2026-08-22T13:08:15+08:00,46499,1,26759,81920,61,1,35,90.72,252375928832,158976884736,91048095744,0,0,0,0,0,874175392,125814616,761932212,8,1
2026-08-22T13:09:14+08:00,46558,0,29561,81920,38,0,43,399.9,252772532224,159366389760,91048484864,0,0,0,0,0,873838808,125814616,761932212,8,1
2026-08-22T13:09:14+08:00,46558,1,29152,81920,65,1,35,83.21,252772532224,159366389760,91048484864,0,0,0,0,0,873838808,125814616,761932212,8,1
2026-08-22T13:10:14+08:00,46618,0,29809,81920,100,41,53,456.48,249700040704,156306051072,91050061824,0,0,0,0,0,877174388,125814616,761931144,6,1
2026-08-22T13:10:14+08:00,46618,1,29809,81920,100,40,54,440.06,249700040704,156306051072,91050061824,0,0,0,0,0,877174388,125814616,761931144,6,1
2026-08-22T13:11:13+08:00,46677,0,22467,81920,0,0,34,83.91,247819370496,154425556992,91050561536,0,0,0,0,0,878761180,125814616,761931116,8,1
2026-08-22T13:11:13+08:00,46677,1,22058,81920,2,0,34,69.71,247819370496,154425556992,91050561536,0,0,0,0,0,878761180,125814616,761931116,8,1
2026-08-22T13:12:15+08:00,46739,0,22176,81920,3,0,33,70.93,248899272704,155506622464,91050971136,0,0,0,0,0,877699968,125814616,761931068,8,1
2026-08-22T13:12:15+08:00,46739,1,21507,81920,0,0,34,67.29,248899272704,155506622464,91050971136,0,0,0,0,0,877699968,125814616,761931068,8,1
2026-08-22T13:13:15+08:00,46799,0,26863,81920,0,0,34,77.34,249656627200,156256866304,91051425792,0,0,0,0,0,876891772,125814616,761930044,8,1
2026-08-22T13:13:15+08:00,46799,1,26198,81920,7,1,42,416.01,249656627200,156256866304,91051425792,0,0,0,0,0,876891772,125814616,761930044,8,1
2026-08-22T13:14:14+08:00,46858,0,25241,81920,63,1,33,84.84,249320955904,155920564224,91051892736,0,0,0,0,0,877252124,125814616,761929996,8,1
2026-08-22T13:14:14+08:00,46858,1,24273,81920,0,0,34,83.91,249320955904,155920564224,91051892736,0,0,0,0,0,877252124,125814616,761929996,8,1
2026-08-22T13:15:14+08:00,46918,0,24224,81920,0,0,33,67.56,249447874560,156046438400,91052339200,0,0,0,0,0,877091084,125814616,761929996,8,1
2026-08-22T13:15:14+08:00,46918,1,23299,81920,2,0,34,69.18,249447874560,156046438400,91052339200,0,0,0,0,0,877091084,125814616,761929996,8,1
2026-08-22T13:16:15+08:00,46979,0,27375,81920,0,0,33,67.89,250742398976,157342593024,91052736512,0,0,0,0,0,875838596,125814616,761930052,8,1
2026-08-22T13:16:15+08:00,46979,1,26710,81920,73,1,37,125.58,250742398976,157342593024,91052736512,0,0,0,0,0,875838596,125814616,761930052,8,1
2026-08-22T13:17:15+08:00,47039,0,26425,81920,2,0,32,68.78,250766635008,157364408320,91053223936,0,0,0,0,0,875826020,125814616,761930096,8,1
2026-08-22T13:17:15+08:00,47039,1,25851,81920,0,0,33,68.23,250766635008,157364408320,91053223936,0,0,0,0,0,875826020,125814616,761930096,8,1
2026-08-22T13:18:14+08:00,47098,0,25451,81920,3,0,33,75.87,250832162816,157429506048,91053686784,0,0,0,0,0,875767780,125814616,761930096,8,1
2026-08-22T13:18:14+08:00,47098,1,24525,81920,2,0,34,67.01,250832162816,157429506048,91053686784,0,0,0,0,0,875767780,125814616,761930096,8,1
2026-08-22T13:19:14+08:00,47158,0,27635,81920,0,0,34,83.91,251030589440,157624864768,91054092288,0,0,0,0,0,875525916,125814616,761930096,8,1
2026-08-22T13:19:14+08:00,47158,1,26970,81920,48,1,35,83.05,251030589440,157624864768,91054092288,0,0,0,0,0,875525916,125814616,761930096,8,1
2026-08-22T13:20:13+08:00,47217,0,26915,81920,76,1,36,102.75,250755907584,157349609472,91054526464,0,0,0,0,0,875801072,125814616,761930096,8,1
2026-08-22T13:20:13+08:00,47217,1,26447,81920,0,0,33,67.01,250755907584,157349609472,91054526464,0,0,0,0,0,875801072,125814616,761930096,8,1
2026-08-22T13:21:15+08:00,47279,0,25887,81920,0,0,33,69.38,250823581696,157419737088,91055001600,0,0,0,0,0,875786340,125814616,761930096,8,1
2026-08-22T13:21:15+08:00,47279,1,25259,81920,6,1,33,67.01,250823581696,157419737088,91055001600,0,0,0,0,0,875786340,125814616,761930096,8,1
2026-08-22T13:22:14+08:00,47338,0,27769,81920,19,0,37,144.56,251483426816,158073901056,91055443968,0,0,0,0,0,874525824,125814616,761930096,8,1
2026-08-22T13:22:14+08:00,47338,1,27104,81920,52,1,38,195.71,251483426816,158073901056,91055443968,0,0,0,0,0,874525824,125814616,761930096,8,1
2026-08-22T13:23:15+08:00,47399,0,28025,81920,0,0,33,67.89,251740409856,158335176704,91055849472,0,0,0,0,0,874715660,125814616,761930096,8,1
2026-08-22T13:23:15+08:00,47399,1,27103,81920,43,1,35,189.15,251740409856,158335176704,91055849472,0,0,0,0,0,874715660,125814616,761930096,8,1
2026-08-22T13:24:15+08:00,47459,0,26231,81920,38,0,34,87.61,251349692416,157943836672,91056332800,0,0,0,0,0,875164932,125814616,761930096,8,1
2026-08-22T13:24:15+08:00,47459,1,25811,81920,8,0,33,68.56,251349692416,157943836672,91056332800,0,0,0,0,0,875164932,125814616,761930096,8,1
2026-08-22T13:25:14+08:00,47518,0,28537,81920,61,1,37,146.89,252415012864,159005478912,91056799744,0,0,0,0,0,874127972,125814616,761930096,8,1
2026-08-22T13:25:14+08:00,47518,1,27360,81920,82,29,45,387.7,252415012864,159005478912,91056799744,0,0,0,0,0,874127972,125814616,761930096,8,1
2026-08-22T13:26:13+08:00,47577,0,28441,81920,0,0,32,67.56,252770365440,159359713280,91057209344,0,0,0,0,0,873847496,125814616,761930096,8,1
2026-08-22T13:26:13+08:00,47577,1,27360,81920,0,0,34,82.16,252770365440,159359713280,91057209344,0,0,0,0,0,873847496,125814616,761930096,8,1
2026-08-22T13:27:15+08:00,47639,0,27279,81920,86,1,34,118.49,252867817472,159457357824,91057635328,0,0,0,0,0,873728204,125814616,761930096,8,1
2026-08-22T13:27:15+08:00,47639,1,26167,81920,0,0,33,67.63,252867817472,159457357824,91057635328,0,0,0,0,0,873728204,125814616,761930096,8,1
2026-08-22T13:28:14+08:00,47698,0,29049,81920,51,1,36,166.42,253510881280,160098099200,91058126848,0,0,0,0,0,873105912,125814616,761930096,8,1
2026-08-22T13:28:14+08:00,47698,1,27576,81920,77,27,39,196.32,253510881280,160098099200,91058126848,0,0,0,0,0,873105912,125814616,761930096,8,1
2026-08-22T13:29:13+08:00,47757,0,29305,81920,0,0,33,82.96,253615747072,160200675328,91058565120,0,0,0,0,0,872996484,125814616,761929584,8,1
2026-08-22T13:29:13+08:00,47757,1,28128,81920,0,0,34,83.05,253615747072,160200675328,91058565120,0,0,0,0,0,872996484,125814616,761929584,8,1
2026-08-22T13:30:15+08:00,47819,0,27559,81920,0,0,33,67.56,253447581696,160034840576,91058978816,0,0,0,0,0,873156312,125814616,761929584,8,1
2026-08-22T13:30:15+08:00,47819,1,26579,81920,6,1,33,67.01,253447581696,160034840576,91058978816,0,0,0,0,0,873156312,125814616,761929584,8,1
2026-08-22T13:31:15+08:00,47879,0,29305,81920,70,1,37,107.35,254013022208,160597774336,91059421184,0,0,0,0,0,872652876,125814616,761929584,8,1
2026-08-22T13:31:15+08:00,47879,1,28640,81920,2,0,37,83.38,254013022208,160597774336,91059421184,0,0,0,0,0,872652876,125814616,761929584,8,1
2026-08-22T13:32:14+08:00,47938,0,29007,81920,0,0,32,67.56,254079758336,160664506368,91059896320,0,0,0,0,0,872506108,125814616,761929584,8,1
2026-08-22T13:32:14+08:00,47938,1,28640,81920,0,0,33,66.68,254079758336,160664506368,91059896320,0,0,0,0,0,872506108,125814616,761929584,8,1
2026-08-22T13:33:14+08:00,47998,0,27445,81920,9,0,33,67.89,254791995392,161374048256,91060326400,0,0,0,0,0,871909260,125814616,761929584,8,1
2026-08-22T13:33:14+08:00,47998,1,27145,81920,0,0,34,83.91,254791995392,161374048256,91060326400,0,0,0,0,0,871909260,125814616,761929584,8,1
2026-08-22T13:34:13+08:00,48057,0,29561,81920,0,0,37,202.51,254814810112,161398996992,91060748288,0,0,0,0,0,871816916,125814616,761924976,8,1
2026-08-22T13:34:13+08:00,48057,1,28639,81920,0,0,37,84.24,254814810112,161398996992,91060748288,0,0,0,0,0,871816916,125814616,761924976,8,1
2026-08-22T13:35:15+08:00,48119,0,15080,81920,0,0,38,69.71,246905614336,153504550912,91062353920,0,0,0,0,0,879662560,125814616,761923852,8,1
2026-08-22T13:35:15+08:00,48119,1,14931,81920,0,0,39,69.11,246905614336,153504550912,91062353920,0,0,0,0,0,879662560,125814616,761923852,8,1
2026-08-22T13:36:14+08:00,48178,0,26287,81920,0,0,36,84.15,247295922176,153888989184,91062800384,0,0,0,0,0,879030496,125814616,761923808,8,1
2026-08-22T13:36:14+08:00,48178,1,26134,81920,0,0,39,212.38,247295922176,153888989184,91062800384,0,0,0,0,0,879030496,125814616,761923808,8,1
2026-08-22T13:37:14+08:00,48238,0,24377,81920,0,0,33,69.38,246737780736,153332920320,91063226368,0,0,0,0,0,879546128,125814616,761923808,8,1
2026-08-22T13:37:14+08:00,48238,1,24223,81920,0,0,34,67.56,246737780736,153332920320,91063226368,0,0,0,0,0,879546128,125814616,761923808,8,1
2026-08-22T13:38:15+08:00,48299,0,22944,81920,5,0,33,69.11,248347148288,154743980032,91063648256,0,0,0,0,0,878015004,125814616,761923808,8,1
2026-08-22T13:38:15+08:00,48299,1,23085,81920,0,0,34,83.91,248347148288,154743980032,91063648256,0,0,0,0,0,878015004,125814616,761923808,8,1
2026-08-22T13:39:15+08:00,48359,0,26351,81920,54,1,37,159.95,248246579200,154839556096,91064139776,0,0,0,0,0,877899332,125814616,761923808,8,1
2026-08-22T13:39:15+08:00,48359,1,26197,81920,0,0,34,83.29,248246579200,154839556096,91064139776,0,0,0,0,0,877899332,125814616,761923808,8,1
2026-08-22T13:40:15+08:00,48419,0,25537,81920,59,1,34,186.19,247971684352,154564255744,91064557568,0,0,0,0,0,878142500,125814616,761923888,8,1
2026-08-22T13:40:15+08:00,48419,1,24991,81920,6,1,33,67.56,247971684352,154564255744,91064557568,0,0,0,0,0,878142500,125814616,761923888,8,1
2026-08-22T13:41:14+08:00,48478,0,24171,81920,0,0,33,69.11,246794264576,153391230976,91064975360,0,0,0,0,0,879396000,125814616,761923888,8,1
2026-08-22T13:41:14+08:00,48478,1,23811,81920,9,0,34,67.63,246794264576,153391230976,91064975360,0,0,0,0,0,879396000,125814616,761923888,8,1
2026-08-22T13:42:14+08:00,48538,0,26863,81920,0,0,34,82.96,247660007424,154250952704,91065462784,0,0,0,0,0,878541912,125814616,761923888,8,1
2026-08-22T13:42:14+08:00,48538,1,26453,81920,100,1,38,199.41,247660007424,154250952704,91065462784,0,0,0,0,0,878541912,125814616,761923888,8,1
2026-08-22T13:43:13+08:00,48597,0,26173,81920,0,0,32,67.56,247340847104,153932091392,91065921536,0,0,0,0,0,878975828,125814616,761923888,8,1
2026-08-22T13:43:13+08:00,48597,1,25265,81920,0,0,33,67.96,247340847104,153932091392,91065921536,0,0,0,0,0,878975828,125814616,761923888,8,1
2026-08-22T13:44:15+08:00,48659,0,22559,81920,0,0,33,67.56,247646146560,154236100608,91066339328,0,0,0,0,0,878743380,125814616,761932596,8,1
2026-08-22T13:44:15+08:00,48659,1,26713,81920,99,1,38,139.16,247646146560,154236100608,91066339328,0,0,0,0,0,878743380,125814616,761932596,8,1
2026-08-22T13:45:15+08:00,48719,0,26489,81920,0,0,34,83.29,247717937152,154308575232,91066765312,0,0,0,0,0,878727104,125814616,761923376,8,1
2026-08-22T13:45:15+08:00,48719,1,26591,81920,0,0,33,83.65,247717937152,154308575232,91066765312,0,0,0,0,0,878727104,125814616,761923376,8,1
2026-08-22T13:46:14+08:00,48778,0,24867,81920,0,0,33,79.58,247694114816,154282381312,91067256832,0,0,0,0,0,878760476,125814616,761923376,8,1
2026-08-22T13:46:14+08:00,48778,1,24375,81920,72,1,34,84.24,247694114816,154282381312,91067256832,0,0,0,0,0,878760476,125814616,761923376,8,1
2026-08-22T13:47:14+08:00,48838,0,24053,81920,0,0,33,67.89,247835865088,154426130432,91067674624,0,0,0,0,0,878656024,125814616,761923376,8,1
2026-08-22T13:47:14+08:00,48838,1,25405,81920,0,0,34,67.29,247835865088,154426130432,91067674624,0,0,0,0,0,878656024,125814616,761923376,8,1
2026-08-22T13:48:13+08:00,48897,0,27001,81920,79,1,35,108.18,248189329408,154776457216,91068096512,0,0,0,0,0,878384616,125814616,761923376,8,1
2026-08-22T13:48:13+08:00,48897,1,26591,81920,61,1,38,207.44,248189329408,154776457216,91068096512,0,0,0,0,0,878384616,125814616,761923376,8,1
2026-08-22T13:49:15+08:00,48959,0,26349,81920,0,0,32,67.89,247932555264,154519420928,91068575744,0,0,0,0,0,878585900,125814616,761923376,8,1
2026-08-22T13:49:15+08:00,48959,1,25439,81920,59,1,34,84.24,247932555264,154519420928,91068575744,0,0,0,0,0,878585900,125814616,761923376,8,1
2026-08-22T13:50:15+08:00,49019,0,25471,81920,3,0,34,90.39,248473989120,155062394880,91069022208,0,0,0,0,0,878060376,125814616,761922864,8,1
2026-08-22T13:50:15+08:00,49019,1,24205,81920,0,0,34,67.29,248473989120,155062394880,91069022208,0,0,0,0,0,878060376,125814616,761922864,8,1
2026-08-22T13:51:14+08:00,49078,0,27257,81920,72,1,35,83.91,247813443584,154399555584,91069444096,0,0,0,0,0,878673652,125814616,761922864,8,1
2026-08-22T13:51:14+08:00,49078,1,26848,81920,91,1,36,83.99,247813443584,154399555584,91069444096,0,0,0,0,0,878673652,125814616,761922864,8,1
2026-08-22T13:52:13+08:00,49137,0,27417,81920,0,0,32,67.89,248132730880,154718875648,91069857792,0,0,0,0,0,878454360,125814616,761922864,8,1
2026-08-22T13:52:13+08:00,49137,1,26017,81920,6,0,33,67.63,248132730880,154718875648,91069857792,0,0,0,0,0,878454360,125814616,761922864,8,1
2026-08-22T13:53:15+08:00,49199,0,25386,81920,0,0,33,67.56,248773271552,155361505280,91070373888,0,0,0,0,0,877752204,125814616,761922864,8,1
2026-08-22T13:53:15+08:00,49199,1,24919,81920,4,0,34,68.56,248773271552,155361505280,91070373888,0,0,0,0,0,877752204,125814616,761922864,8,1
2026-08-22T13:54:14+08:00,49258,0,28281,81920,0,0,34,83.57,249247252480,155828051968,91070791680,0,0,0,0,0,877227476,125814616,761922864,8,1
2026-08-22T13:54:14+08:00,49258,1,27360,81920,65,1,36,120.92,249247252480,155828051968,91070791680,0,0,0,0,0,877227476,125814616,761922864,8,1
2026-08-22T13:55:14+08:00,49318,0,27129,81920,0,0,33,84.51,249725825024,156305068032,91071209472,0,0,0,0,0,876805164,125814616,761922864,8,1
2026-08-22T13:55:14+08:00,49318,1,26665,81920,3,0,33,66.68,249725825024,156305068032,91071209472,0,0,0,0,0,876805164,125814616,761922864,8,1
2026-08-22T13:56:13+08:00,49377,0,26459,81920,0,0,33,68.16,249784315904,156363362304,91071672320,0,0,0,0,0,875215616,125814616,761922864,8,1
2026-08-22T13:56:13+08:00,49377,1,25431,81920,8,1,34,67.96,249784315904,156363362304,91071672320,0,0,0,0,0,875215616,125814616,761922864,8,1
2026-08-22T13:57:15+08:00,49439,0,28537,81920,0,0,34,83.91,250246205440,156828930048,91072135168,0,0,0,0,0,873260416,125814616,761922864,8,1
2026-08-22T13:57:15+08:00,49439,1,27872,81920,0,0,36,82.96,250246205440,156828930048,91072135168,0,0,0,0,0,873260416,125814616,761922864,8,1
2026-08-22T13:58:15+08:00,49499,0,27939,81920,0,0,33,85.13,248925396992,157302923264,89274277888,0,0,0,0,0,872749988,125814616,761922864,8,1
2026-08-22T13:58:15+08:00,49499,1,27475,81920,0,0,33,66.94,248925396992,157302923264,89274277888,0,0,0,0,0,872749988,125814616,761922864,8,1
2026-08-22T13:59:15+08:00,49559,0,28959,81920,100,41,46,180.41,243431415808,152111501312,88983887872,0,0,0,0,0,880934888,125814616,761921800,6,1
2026-08-22T13:59:15+08:00,49559,1,28959,81920,94,27,48,192.13,243431415808,152111501312,88983887872,0,0,0,0,0,880934888,125814616,761921800,6,1
2026-08-22T14:00:14+08:00,49618,0,20329,81920,0,0,35,68.49,241785036800,150464774144,88984412160,0,0,0,0,0,882398648,125814616,761921792,8,1
2026-08-22T14:00:14+08:00,49618,1,20176,81920,0,0,37,83.57,241785036800,150464774144,88984412160,0,0,0,0,0,882398648,125814616,761921792,8,1
2026-08-22T14:01:13+08:00,49677,0,26287,81920,86,1,38,120.19,242711420928,151387443200,88984858624,0,0,0,0,0,881478900,125814616,761921792,8,1
2026-08-22T14:01:13+08:00,49677,1,26134,81920,99,2,40,175.67,242711420928,151387443200,88984858624,0,0,0,0,0,881478900,125814616,761921792,8,1
2026-08-22T14:02:15+08:00,49739,0,26351,81920,75,24,35,86.31,243327934464,152006352896,88985272320,0,0,0,0,0,881056440,125814616,761921792,8,1
2026-08-22T14:02:15+08:00,49739,1,26453,81920,28,1,37,172.18,243327934464,152006352896,88985272320,0,0,0,0,0,881056440,125814616,761921792,8,1
2026-08-22T14:03:14+08:00,49798,0,23837,81920,0,0,33,84.84,243109740544,151785566208,88985714688,0,0,0,0,0,881244840,125814616,761921792,8,1
2026-08-22T14:03:14+08:00,49798,1,24233,81920,4,0,34,84.24,243109740544,151785566208,88985714688,0,0,0,0,0,881244840,125814616,761921792,8,1
2026-08-22T14:04:14+08:00,49858,0,26863,81920,81,1,35,84.51,244205879296,152882147328,88986198016,0,0,0,0,0,876957944,125814616,761921792,8,1
2026-08-22T14:04:14+08:00,49858,1,25484,81920,5,0,35,67.29,244205879296,152882147328,88986198016,0,0,0,0,0,876957944,125814616,761921792,8,1
2026-08-22T14:05:14+08:00,49918,0,27055,81920,0,0,33,82.96,241986646016,153341755392,86303121408,0,0,0,0,0,876464812,125814616,761921796,8,1
2026-08-22T14:05:14+08:00,49918,1,27221,81920,25,0,35,82.96,241986646016,153341755392,86303121408,0,0,0,0,0,876464812,125814616,761921796,8,1
2026-08-22T14:06:13+08:00,49977,0,24917,81920,2,0,33,67.89,240410877952,153337348096,84730785792,0,0,0,0,0,879447404,125814616,761921764,8,1
2026-08-22T14:06:13+08:00,49977,1,25971,81920,0,0,34,67.01,240410877952,153337348096,84730785792,0,0,0,0,0,879447404,125814616,761921764,8,1
2026-08-22T14:07:15+08:00,50039,0,27311,81920,0,0,33,68.16,240497246208,153426096128,84731281408,0,0,0,0,0,879442176,125814616,761921764,8,1
2026-08-22T14:07:15+08:00,50039,1,27438,81920,0,0,36,83.57,240497246208,153426096128,84731281408,0,0,0,0,0,879442176,125814616,761921764,8,1
2026-08-22T14:08:14+08:00,50098,0,27223,81920,39,0,33,76.48,240465424384,153390870528,84731727872,0,0,0,0,0,879531444,125814616,761921764,8,1
2026-08-22T14:08:14+08:00,50098,1,27737,81920,89,1,36,98.09,240465424384,153390870528,84731727872,0,0,0,0,0,879531444,125814616,761921764,8,1
2026-08-22T14:09:14+08:00,50158,0,25567,81920,5,1,33,68.16,240847282176,153882550272,84622532608,0,0,0,0,0,876126552,125814616,761921764,8,1
2026-08-22T14:09:14+08:00,50158,1,26419,81920,0,0,33,67.96,240847282176,153882550272,84622532608,0,0,0,0,0,876126552,125814616,761921764,8,1
2026-08-22T14:10:15+08:00,50219,0,27705,81920,0,0,33,68.16,240785620992,153966149632,84477169664,0,0,0,0,0,879020088,125814616,761929188,8,1
2026-08-22T14:10:15+08:00,50219,1,26092,81920,0,0,35,67.29,240785620992,153966149632,84477169664,0,0,0,0,0,879020088,125814616,761929188,8,1
2026-08-22T14:11:15+08:00,50279,0,27407,81920,0,0,33,85.46,241006567424,154691325952,83970764800,0,0,0,0,0,873087248,125814616,761920768,8,1
2026-08-22T14:11:15+08:00,50279,1,28128,81920,0,0,35,83.91,241006567424,154691325952,83970764800,0,0,0,0,0,873087248,125814616,761920768,8,1
2026-08-22T14:12:14+08:00,50338,0,25823,81920,0,0,33,67.56,240900804608,154582798336,83971186688,0,0,0,0,0,874397192,125814616,761920768,8,1
2026-08-22T14:12:14+08:00,50338,1,26971,81920,0,0,34,84.24,240900804608,154582798336,83971186688,0,0,0,0,0,874397192,125814616,761920768,8,1
2026-08-22T14:13:13+08:00,50397,0,27961,81920,0,0,33,67.89,240940036096,154623569920,83971612672,0,0,0,0,0,874400376,125814616,761920768,8,1
2026-08-22T14:13:13+08:00,50397,1,26306,81920,0,0,34,67.29,240940036096,154623569920,83971612672,0,0,0,0,0,874400376,125814616,761920768,8,1
2026-08-22T14:14:15+08:00,50459,0,27915,81920,0,0,33,67.89,241089896448,154774511616,83972079616,0,0,0,0,0,874269016,125814616,761920768,8,1
2026-08-22T14:14:15+08:00,50459,1,28384,81920,100,1,37,199.41,241089896448,154774511616,83972079616,0,0,0,0,0,874269016,125814616,761920768,8,1
2026-08-22T14:15:14+08:00,50518,0,26133,81920,4,0,33,83.29,241684062208,155374174208,83972550656,0,0,0,0,0,873659528,125814616,761920768,8,1
2026-08-22T14:15:14+08:00,50518,1,27983,81920,0,0,33,67.63,241684062208,155374174208,83972550656,0,0,0,0,0,873659528,125814616,761920768,8,1
2026-08-22T14:16:14+08:00,50578,0,28985,81920,8,0,34,83.57,241790492672,155473379328,83972956160,0,0,0,0,0,873559788,125814616,761920768,8,1
2026-08-22T14:16:14+08:00,50578,1,25997,81920,0,0,34,66.94,241790492672,155473379328,83972956160,0,0,0,0,0,873559788,125814616,761920768,8,1
2026-08-22T14:17:15+08:00,50639,0,28431,81920,0,0,33,67.89,242135719936,155813752832,83973382144,0,0,0,0,0,873313560,125814616,761920768,8,1
2026-08-22T14:17:15+08:00,50639,1,28640,81920,35,0,35,83.29,242135719936,155813752832,83973382144,0,0,0,0,0,873313560,125814616,761920768,8,1
2026-08-22T14:18:15+08:00,50699,0,26847,81920,3,0,33,67.56,242086129664,155779018752,83961872384,0,0,0,0,0,873327036,125814616,761920768,8,1
2026-08-22T14:18:15+08:00,50699,1,28594,81920,3,0,34,86.07,242086129664,155779018752,83961872384,0,0,0,0,0,873327036,125814616,761920768,8,1
2026-08-22T14:19:14+08:00,50758,0,29497,81920,70,1,36,111.06,243306573824,157018722304,83938312192,0,0,0,0,0,872060916,125814616,761920768,8,1
2026-08-22T14:19:14+08:00,50758,1,27009,81920,7,1,34,93.5,243306573824,157018722304,83938312192,0,0,0,0,0,872060916,125814616,761920768,8,1
2026-08-22T14:20:14+08:00,50818,0,29401,81920,0,0,32,67.89,243240480768,157058813952,83830841344,0,0,0,0,0,872043508,125814616,761920768,8,1
2026-08-22T14:20:14+08:00,50818,1,29152,81920,0,0,34,67.29,243240480768,157058813952,83830841344,0,0,0,0,0,872043508,125814616,761920768,8,1
2026-08-22T14:21:15+08:00,50879,0,28209,81920,6,1,33,68.16,243340111872,157161017344,83831308288,0,0,0,0,0,871870724,125814616,761920768,8,1
2026-08-22T14:21:15+08:00,50879,1,28849,81920,4,0,33,70.07,243340111872,157161017344,83831308288,0,0,0,0,0,871870724,125814616,761920768,8,1
2026-08-22T14:22:15+08:00,50939,0,29753,81920,100,1,38,100.59,243434352640,157266972672,83819806720,0,0,0,0,0,871869324,125814616,761920768,8,1
2026-08-22T14:22:15+08:00,50939,1,27657,81920,12,0,34,89.45,243434352640,157266972672,83819806720,0,0,0,0,0,871869324,125814616,761920768,8,1
2026-08-22T14:23:14+08:00,50998,0,29753,81920,86,1,34,83.29,244165599232,158008733696,83808260096,0,0,0,0,0,871148544,125814616,761920768,8,1
2026-08-22T14:23:14+08:00,50998,1,29664,81920,0,0,34,82.77,244165599232,158008733696,83808260096,0,0,0,0,0,871148544,125814616,761920768,8,1
2026-08-22T14:24:14+08:00,51058,0,29815,81920,98,38,53,359.54,236751097856,150703284224,83714113536,0,0,0,0,0,878632588,125814616,761919704,6,1
2026-08-22T14:24:14+08:00,51058,1,29817,81920,100,40,55,287.32,236751097856,150703284224,83714113536,0,0,0,0,0,878632588,125814616,761919704,6,1
2026-08-22T14:25:15+08:00,51119,0,23478,81920,4,0,34,69.11,236561424384,150512779264,83714625536,0,0,0,0,0,878443968,125814616,761919608,8,1
2026-08-22T14:25:15+08:00,51119,1,22868,81920,0,0,35,67.56,236561424384,150512779264,83714625536,0,0,0,0,0,878443968,125814616,761919608,8,1
2026-08-22T14:26:15+08:00,51179,0,21664,81920,0,0,34,67.89,236703981568,150654603264,83715104768,0,0,0,0,0,878353064,125814616,761919568,8,1
2026-08-22T14:26:15+08:00,51179,1,21805,81920,0,0,35,82.96,236703981568,150654603264,83715104768,0,0,0,0,0,878353064,125814616,761919568,8,1
2026-08-22T14:27:14+08:00,51238,0,26351,81920,0,0,34,83.91,236751900672,150699274240,83715502080,0,0,0,0,0,878296864,125814616,761919568,8,1
2026-08-22T14:27:14+08:00,51238,1,26198,81920,39,0,36,84.6,236751900672,150699274240,83715502080,0,0,0,0,0,878296864,125814616,761919568,8,1
2026-08-22T14:28:14+08:00,51298,0,24633,81920,2,0,32,68.16,236643930112,150593642496,83715956736,0,0,0,0,0,878415600,125814616,761919568,8,1
2026-08-22T14:28:14+08:00,51298,1,25383,81920,0,0,34,84.24,236643930112,150593642496,83715956736,0,0,0,0,0,878415600,125814616,761919568,8,1
2026-08-22T14:29:13+08:00,51357,0,23648,81920,0,0,33,67.89,237567852544,151298740224,83716419584,0,0,0,0,0,877532260,125814616,761919568,8,1
2026-08-22T14:29:13+08:00,51357,1,24097,81920,4,0,34,67.29,237567852544,151298740224,83716419584,0,0,0,0,0,877532260,125814616,761919568,8,1
2026-08-22T14:30:15+08:00,51419,0,26799,81920,0,0,34,83.21,237373399040,151319613440,83716857856,0,0,0,0,0,877581996,125814616,761919644,8,1
2026-08-22T14:30:15+08:00,51419,1,26454,81920,100,1,41,150.09,237373399040,151319613440,83716857856,0,0,0,0,0,877581996,125814616,761919644,8,1
2026-08-22T14:31:15+08:00,51479,0,26403,81920,3,0,32,67.82,237764743168,151708413952,83717267456,0,0,0,0,0,877204292,125814616,761918656,8,1
2026-08-22T14:31:15+08:00,51479,1,26453,81920,0,0,44,122.69,237764743168,151708413952,83717267456,0,0,0,0,0,877204292,125814616,761918656,8,1
2026-08-22T14:32:14+08:00,51538,0,25429,81920,5,0,33,70.86,238122106880,152065839104,83717750784,0,0,0,0,0,876862316,125814616,761918656,8,1
2026-08-22T14:32:14+08:00,51538,1,25265,81920,87,1,46,159.33,238122106880,152065839104,83717750784,0,0,0,0,0,876862316,125814616,761918656,8,1
2026-08-22T14:33:13+08:00,51597,0,27315,81920,0,0,34,83.48,238422077440,152365813760,83718213632,0,0,0,0,0,876576872,125814616,761918656,8,1
2026-08-22T14:33:13+08:00,51597,1,26418,81920,0,0,50,92.13,238422077440,152365813760,83718213632,0,0,0,0,0,876576872,125814616,761918656,8,1
2026-08-22T14:34:15+08:00,51659,0,26891,81920,0,0,33,68.36,238503649280,152444923904,83718623232,0,0,0,0,0,876534360,125814616,761918656,8,1
2026-08-22T14:34:15+08:00,51659,1,26591,81920,100,1,53,134.36,238503649280,152444923904,83718623232,0,0,0,0,0,876534360,125814616,761918656,8,1
2026-08-22T14:35:15+08:00,51719,0,25663,81920,0,0,34,85.65,238806900736,152750788608,83719077888,0,0,0,0,0,876220532,125814616,761918656,8,1
2026-08-22T14:35:15+08:00,51719,1,25399,81920,3,0,49,100.76,238806900736,152750788608,83719077888,0,0,0,0,0,876220532,125814616,761918656,8,1
2026-08-22T14:36:14+08:00,51778,0,27449,81920,0,0,35,84.15,239238500352,153175994368,83719544832,0,0,0,0,0,875837668,125814616,761918656,8,1
2026-08-22T14:36:14+08:00,51778,1,26216,81920,0,0,51,74.24,239238500352,153175994368,83719544832,0,0,0,0,0,875837668,125814616,761918656,8,1
2026-08-22T14:37:13+08:00,51837,0,27151,81920,4,0,34,85.29,239659393024,153597222912,83719970816,0,0,0,0,0,875396176,125814616,761918656,8,1
2026-08-22T14:37:13+08:00,51837,1,27359,81920,7,0,50,91.51,239659393024,153597222912,83719970816,0,0,0,0,0,875396176,125814616,761918656,8,1
2026-08-22T14:38:15+08:00,51899,0,25663,81920,0,0,34,67.82,240097538048,154036621312,83720380416,0,0,0,0,0,874963124,125814616,761918656,8,1
2026-08-22T14:38:15+08:00,51899,1,26167,81920,0,0,48,89.69,240097538048,154036621312,83720380416,0,0,0,0,0,874963124,125814616,761918656,8,1
2026-08-22T14:39:15+08:00,51959,0,27705,81920,34,0,37,95.83,240095371264,154031521792,83720863744,0,0,0,0,0,874938640,125814616,761918656,8,1
2026-08-22T14:39:15+08:00,51959,1,27872,81920,73,6,54,197.39,240095371264,154031521792,83720863744,0,0,0,0,0,874938640,125814616,761918656,8,1
2026-08-22T14:40:14+08:00,52018,0,27705,81920,0,0,34,83.48,240131239936,154068357120,83721318400,0,0,0,0,0,874901660,125814616,761918656,8,1
2026-08-22T14:40:14+08:00,52018,1,27569,81920,3,0,49,75.18,240131239936,154068357120,83721318400,0,0,0,0,0,874901660,125814616,761918656,8,1
2026-08-22T14:41:14+08:00,52078,0,26215,81920,0,0,34,83.21,240173735936,154110980096,83721740288,0,0,0,0,0,874880280,125814616,761918656,8,1
2026-08-22T14:41:14+08:00,52078,1,25687,81920,3,0,50,73.63,240173735936,154110980096,83721740288,0,0,0,0,0,874880280,125814616,761918656,8,1
2026-08-22T14:42:15+08:00,52139,0,28177,81920,72,21,38,85.98,241096704000,155032514560,83722170368,0,0,0,0,0,873955908,125814616,761918656,8,1
2026-08-22T14:42:15+08:00,52139,1,28640,81920,90,1,54,174.6,241096704000,155032514560,83722170368,0,0,0,0,0,873955908,125814616,761918656,8,1
2026-08-22T14:43:15+08:00,52199,0,28473,81920,100,1,38,189.7,241202302976,155133157376,83722665984,0,0,0,0,0,873883928,125814616,761918656,8,1
2026-08-22T14:43:15+08:00,52199,1,27685,81920,0,0,49,73.36,241202302976,155133157376,83722665984,0,0,0,0,0,873883928,125814616,761918656,8,1
2026-08-22T14:44:14+08:00,52258,0,27227,81920,0,0,33,69.11,241236533248,155176108032,83723083776,0,0,0,0,0,873897100,125814616,761918656,8,1
2026-08-22T14:44:14+08:00,52258,1,26199,81920,5,0,50,99.04,241236533248,155176108032,83723083776,0,0,0,0,0,873897100,125814616,761918656,8,1
2026-08-22T14:45:14+08:00,52318,0,26090,81920,6,0,34,68.49,241490591744,155421315072,83723513856,0,0,0,0,0,873719176,125814616,761918656,8,1
2026-08-22T14:45:14+08:00,52318,1,28896,81920,0,0,43,70.93,241490591744,155421315072,83723513856,0,0,0,0,0,873719176,125814616,761918656,8,1
2026-08-22T14:46:15+08:00,52379,0,28985,81920,100,2,37,195.1,242010464256,155939815424,83723988992,0,0,0,0,0,873176004,125814616,761918656,8,1
2026-08-22T14:46:15+08:00,52379,1,27941,81920,5,0,38,69.11,242010464256,155939815424,83723988992,0,0,0,0,0,873176004,125814616,761918656,8,1
2026-08-22T14:47:15+08:00,52439,0,28089,81920,0,0,33,69.11,242008453120,155939876864,83724431360,0,0,0,0,0,873134572,125814616,761916608,8,1
2026-08-22T14:47:15+08:00,52439,1,26711,81920,0,0,37,68.16,242008453120,155939876864,83724431360,0,0,0,0,0,873134572,125814616,761916608,8,1
2026-08-22T14:48:14+08:00,52498,0,29497,81920,41,1,37,85.13,243178385408,157103591424,83724849152,0,0,0,0,0,872012852,125814616,761916608,8,1
2026-08-22T14:48:14+08:00,52498,1,29408,81920,0,0,37,119.1,243178385408,157103591424,83724849152,0,0,0,0,0,872012852,125814616,761916608,8,1
2026-08-22T14:49:14+08:00,52558,0,15088,81920,3,0,40,87.29,237543481344,151481040896,83726393344,0,0,0,0,0,877813452,125814616,761915484,8,1
2026-08-22T14:49:14+08:00,52558,1,14931,81920,0,0,42,87.29,237543481344,151481040896,83726393344,0,0,0,0,0,877813452,125814616,761915484,8,1
2026-08-22T14:50:15+08:00,52619,0,25257,81920,88,1,37,85.56,237096927232,151032590336,83726880768,0,0,0,0,0,878005668,125814616,761915448,8,1
2026-08-22T14:50:15+08:00,52619,1,26390,81920,95,35,41,135.78,237096927232,151032590336,83726880768,0,0,0,0,0,878005668,125814616,761915448,8,1
2026-08-22T14:51:15+08:00,52679,0,23069,81920,0,0,33,83.29,237347536896,151282466816,83727323136,0,0,0,0,0,877729260,125814616,761915448,8,1
2026-08-22T14:51:15+08:00,52679,1,22817,81920,3,0,34,71.01,237347536896,151282466816,83727323136,0,0,0,0,0,877729260,125814616,761915448,8,1
2026-08-22T14:52:14+08:00,52738,0,26863,81920,59,1,35,94.01,237482455040,151417491456,83727728640,0,0,0,0,0,877574176,125814616,761914936,8,1
2026-08-22T14:52:14+08:00,52738,1,26453,81920,100,1,40,187.07,237482455040,151417491456,83727728640,0,0,0,0,0,877574176,125814616,761914936,8,1
2026-08-22T14:53:14+08:00,52798,0,27119,81920,0,0,33,82.69,238046834688,151979372544,83728199680,0,0,0,0,0,877002180,125814616,761914936,8,1
2026-08-22T14:53:14+08:00,52798,1,26966,81920,22,0,35,82.96,238046834688,151979372544,83728199680,0,0,0,0,0,877002180,125814616,761914936,8,1
2026-08-22T14:54:13+08:00,52857,0,25117,81920,87,1,34,110.73,238015811584,151957245952,83728650240,0,0,0,0,0,877004964,125814616,761914936,8,1
2026-08-22T14:54:13+08:00,52857,1,25261,81920,4,0,34,83.91,238015811584,151957245952,83728650240,0,0,0,0,0,877004964,125814616,761914936,8,1
2026-08-22T14:55:15+08:00,52919,0,26823,81920,31,5,37,85.46,238567620608,152499527680,83729084416,0,0,0,0,0,876523336,125814616,761915024,8,1
2026-08-22T14:55:15+08:00,52919,1,25441,81920,0,0,34,67.29,238567620608,152499527680,83729084416,0,0,0,0,0,876523336,125814616,761915024,8,1
2026-08-22T14:56:14+08:00,52978,0,27375,81920,51,1,37,203.13,239091347456,153019408384,83729489920,0,0,0,0,0,875999144,125814616,761915024,8,1
2026-08-22T14:56:14+08:00,52978,1,27734,81920,81,2,37,105.79,239091347456,153019408384,83729489920,0,0,0,0,0,875999144,125814616,761915024,8,1
2026-08-22T14:57:14+08:00,53038,0,26169,81920,6,0,32,67.56,238923526144,152852475904,83729981440,0,0,0,0,0,876192508,125814616,761915008,8,1
2026-08-22T14:57:14+08:00,53038,1,26747,81920,0,0,33,68.23,238923526144,152852475904,83729981440,0,0,0,0,0,876192508,125814616,761915008,8,1
2026-08-22T14:58:13+08:00,53097,0,26785,81920,4,0,35,83.91,239003459584,152932896768,83730436096,0,0,0,0,0,876055692,125814616,761915008,8,1
2026-08-22T14:58:13+08:00,53097,1,26727,81920,0,0,35,67.29,239003459584,152932896768,83730436096,0,0,0,0,0,876055692,125814616,761915008,8,1
2026-08-22T14:59:15+08:00,53159,0,27257,81920,58,0,34,83.91,240242049024,154169360384,83730845696,0,0,0,0,0,874842484,125814616,761915008,8,1
2026-08-22T14:59:15+08:00,53159,1,27872,81920,0,0,36,83.57,240242049024,154169360384,83730845696,0,0,0,0,0,874842484,125814616,761915008,8,1
2026-08-22T15:00:14+08:00,53218,0,26065,81920,0,0,32,67.56,239740882944,153665896448,83731300352,0,0,0,0,0,875339468,125814616,761915008,8,1
2026-08-22T15:00:14+08:00,53218,1,27177,81920,0,0,33,69.18,239740882944,153665896448,83731300352,0,0,0,0,0,875339468,125814616,761915008,8,1
2026-08-22T15:01:14+08:00,53278,0,26559,81920,0,0,34,67.89,239836577792,153764458496,83731783680,0,0,0,0,0,875244592,125814616,761915020,8,1
2026-08-22T15:01:14+08:00,53278,1,26942,81920,0,0,34,67.96,239836577792,153764458496,83731783680,0,0,0,0,0,875244592,125814616,761915020,8,1
2026-08-22T15:02:15+08:00,53339,0,28025,81920,0,0,34,83.57,240071892992,153996791808,83732209664,0,0,0,0,0,875053140,125814616,761906316,8,1
2026-08-22T15:02:15+08:00,53339,1,28384,81920,0,0,34,82.96,240071892992,153996791808,83732209664,0,0,0,0,0,875053140,125814616,761906316,8,1
2026-08-22T15:03:15+08:00,53399,0,27171,81920,6,0,33,87.9,239902416896,153825710080,83732615168,0,0,0,0,0,875180064,125814616,761906316,8,1
2026-08-22T15:03:15+08:00,53399,1,27137,81920,0,0,33,66.68,239902416896,153825710080,83732615168,0,0,0,0,0,875180064,125814616,761906316,8,1
2026-08-22T15:04:14+08:00,53458,0,25642,81920,5,0,33,69.71,240098668544,154024947712,83733110784,0,0,0,0,0,875054512,125814616,761906316,8,1
2026-08-22T15:04:14+08:00,53458,1,26604,81920,0,0,34,67.29,240098668544,154024947712,83733110784,0,0,0,0,0,875054512,125814616,761906316,8,1
2026-08-22T15:05:14+08:00,53518,0,28281,81920,100,2,37,195.51,240869470208,154789384192,83733544960,0,0,0,0,0,874280728,125814616,761906316,8,1
2026-08-22T15:05:14+08:00,53518,1,28896,81920,18,0,38,210.21,240869470208,154789384192,83733544960,0,0,0,0,0,874280728,125814616,761906316,8,1
2026-08-22T15:06:15+08:00,53579,0,27629,81920,0,0,32,68.49,240851939328,154775175168,83733979136,0,0,0,0,0,874294700,125814616,761906316,8,1
2026-08-22T15:06:15+08:00,53579,1,27905,81920,0,0,33,66.68,240851939328,154775175168,83733979136,0,0,0,0,0,874294700,125814616,761906316,8,1
2026-08-22T15:07:15+08:00,53639,0,26197,81920,89,1,34,84.24,241512804352,155434631168,83734409216,0,0,0,0,0,873657520,125814616,761906316,8,1
2026-08-22T15:07:15+08:00,53639,1,26509,81920,0,0,34,67.23,241512804352,155434631168,83734409216,0,0,0,0,0,873657520,125814616,761906316,8,1
2026-08-22T15:08:14+08:00,53698,0,28537,81920,97,2,36,129.29,241975308288,155890454528,83734896640,0,0,0,0,0,873192576,125814616,761921676,8,1
2026-08-22T15:08:14+08:00,53698,1,29408,81920,0,0,35,83.29,241975308288,155890454528,83734896640,0,0,0,0,0,873192576,125814616,761921676,8,1
2026-08-22T15:09:14+08:00,53758,0,28141,81920,5,1,32,67.89,241739415552,155657863168,83735326720,0,0,0,0,0,873425048,125814616,761921676,8,1
2026-08-22T15:09:14+08:00,53758,1,28511,81920,0,0,33,67.96,241739415552,155657863168,83735326720,0,0,0,0,0,873425048,125814616,761921676,8,1
2026-08-22T15:10:15+08:00,53819,0,26751,81920,3,0,33,69.11,242545401856,156462108672,83735732224,0,0,0,0,0,872598756,125814616,761921676,8,1
2026-08-22T15:10:15+08:00,53819,1,27277,81920,4,0,34,68.85,242545401856,156462108672,83735732224,0,0,0,0,0,872598756,125814616,761921676,8,1
2026-08-22T15:11:14+08:00,53878,0,28793,81920,0,0,37,173.84,242626129920,156543143936,83736211456,0,0,0,0,0,872482980,125814616,761921676,8,1
2026-08-22T15:11:14+08:00,53878,1,29920,81920,0,0,35,83.57,242626129920,156543143936,83736211456,0,0,0,0,0,872482980,125814616,761921676,8,1
2026-08-22T15:12:14+08:00,53938,0,28949,81920,5,0,32,67.23,243135950848,157048389632,83736670208,0,0,0,0,0,871999648,125814616,761921676,8,1
2026-08-22T15:12:14+08:00,53938,1,29621,81920,5,0,34,81.74,243135950848,157048389632,83736670208,0,0,0,0,0,871999648,125814616,761921676,8,1
2026-08-22T15:13:15+08:00,53999,0,30023,81920,100,43,52,389.27,237544247296,151470886912,83738165248,0,0,0,0,0,877827880,125814616,761920100,6,1
2026-08-22T15:13:15+08:00,53999,1,30023,81920,100,43,53,387.85,237544247296,151470886912,83738165248,0,0,0,0,0,877827880,125814616,761920100,6,1
2026-08-22T15:14:15+08:00,54059,0,22669,81920,4,0,33,94.71,242070257664,155992473600,83738632192,0,0,0,0,0,873169632,125814616,761920032,8,1
2026-08-22T15:14:15+08:00,54059,1,21707,81920,0,0,34,67.29,242070257664,155992473600,83738632192,0,0,0,0,0,873169632,125814616,761920032,8,1
2026-08-22T15:15:14+08:00,54118,0,21963,81920,0,0,34,83.29,244751454208,158661099520,83739127808,0,0,0,0,0,870539772,125814616,761920032,8,1
2026-08-22T15:15:14+08:00,54118,1,22019,81920,0,0,34,67.29,244751454208,158661099520,83739127808,0,0,0,0,0,870539772,125814616,761920032,8,1
2026-08-22T15:16:15+08:00,54179,0,26607,81920,65,1,37,160.28,245570965504,159478243328,83739561984,0,0,0,0,0,869755800,125814616,761920032,8,1
2026-08-22T15:16:15+08:00,54179,1,26709,81920,99,2,38,138.08,245570965504,159478243328,83739561984,0,0,0,0,0,869755800,125814616,761920032,8,1
2026-08-22T15:17:15+08:00,54239,0,24961,81920,49,1,35,167.36,245363281920,159271440384,83739983872,0,0,0,0,0,869939440,125814616,761920032,8,1
2026-08-22T15:17:15+08:00,54239,1,24987,81920,0,0,33,67.56,245363281920,159271440384,83739983872,0,0,0,0,0,869939440,125814616,761920032,8,1
2026-08-22T15:18:14+08:00,54298,0,24224,81920,0,0,33,67.89,245820542976,159727362048,83740446720,0,0,0,0,0,869459768,125814616,761920032,8,1
2026-08-22T15:18:14+08:00,54298,1,24365,81920,0,0,34,84.24,245820542976,159727362048,83740446720,0,0,0,0,0,869459768,125814616,761920032,8,1
2026-08-22T15:19:14+08:00,54358,0,27119,81920,0,0,34,83.29,245934895104,159837851648,83740901376,0,0,0,0,0,869369416,125814616,761920080,8,1
2026-08-22T15:19:14+08:00,54358,1,26965,81920,0,0,35,83.38,245934895104,159837851648,83740901376,0,0,0,0,0,869369416,125814616,761920080,8,1
2026-08-22T15:20:15+08:00,54419,0,26265,81920,0,0,32,68.78,245900828672,159803387904,83741331456,0,0,0,0,0,869359220,125814616,761920080,8,1
2026-08-22T15:20:15+08:00,54419,1,26407,81920,1,0,33,68.23,245900828672,159803387904,83741331456,0,0,0,0,0,869359220,125814616,761920080,8,1
2026-08-22T15:21:15+08:00,54479,0,25451,81920,0,0,33,68.49,245843980288,159745986560,83741749248,0,0,0,0,0,869395692,125814616,761920080,8,1
2026-08-22T15:21:15+08:00,54479,1,25633,81920,4,0,34,67.29,245843980288,159745986560,83741749248,0,0,0,0,0,869395692,125814616,761920080,8,1
2026-08-22T15:22:14+08:00,54538,0,27635,81920,0,0,34,83.91,246107529216,160008208384,83742236672,0,0,0,0,0,869117024,125814616,761920080,8,1
2026-08-22T15:22:14+08:00,54538,1,27225,81920,69,21,37,83.91,246107529216,160008208384,83742236672,0,0,0,0,0,869117024,125814616,761920080,8,1
2026-08-22T15:23:15+08:00,54599,0,26915,81920,2,0,32,69.38,245983711232,159885848576,83742687232,0,0,0,0,0,869252620,125814616,761919568,8,1
2026-08-22T15:23:15+08:00,54599,1,27003,81920,2,0,33,68.23,245983711232,159885848576,83742687232,0,0,0,0,0,869252620,125814616,761919568,8,1
2026-08-22T15:24:15+08:00,54659,0,25386,81920,0,0,33,67.89,245985021952,159885856768,83743105024,0,0,0,0,0,869338040,125814616,761919568,8,1
2026-08-22T15:24:15+08:00,54659,1,25515,81920,5,0,34,68.16,245985021952,159885856768,83743105024,0,0,0,0,0,869338040,125814616,761919568,8,1
2026-08-22T15:25:14+08:00,54718,0,27769,81920,0,0,35,83.29,247442636800,161342750720,83743555584,0,0,0,0,0,867838936,125814616,761919568,8,1
2026-08-22T15:25:14+08:00,54718,1,27360,81920,80,3,40,187.26,247442636800,161342750720,83743555584,0,0,0,0,0,867838936,125814616,761919568,8,1
2026-08-22T15:26:13+08:00,54777,0,27171,81920,85,1,33,82.96,247354564608,161253425152,83744018432,0,0,0,0,0,867980632,125814616,761919568,8,1
2026-08-22T15:26:13+08:00,54777,1,27359,81920,68,1,35,83.29,247354564608,161253425152,83744018432,0,0,0,0,0,867980632,125814616,761919568,8,1
2026-08-22T15:27:15+08:00,54839,0,26101,81920,4,0,33,70.93,248406278144,162305409024,83744444416,0,0,0,0,0,866827784,125814616,761919568,8,1
2026-08-22T15:27:15+08:00,54839,1,26167,81920,0,0,34,82.69,248406278144,162305409024,83744444416,0,0,0,0,0,866827784,125814616,761919568,8,1
2026-08-22T15:28:14+08:00,54898,0,28793,81920,0,0,33,67.89,248582729728,162476687360,83744878592,0,0,0,0,0,866757988,125814616,761919056,8,1
2026-08-22T15:28:14+08:00,54898,1,27022,81920,0,0,36,83.65,248582729728,162476687360,83744878592,0,0,0,0,0,866757988,125814616,761919056,8,1
2026-08-22T15:29:14+08:00,54958,0,27843,81920,5,1,32,67.56,248718266368,162614235136,83745349632,0,0,0,0,0,866647476,125814616,761919056,8,1
2026-08-22T15:29:14+08:00,54958,1,27615,81920,0,0,36,83.05,248718266368,162614235136,83745349632,0,0,0,0,0,866647476,125814616,761919056,8,1
2026-08-22T15:30:15+08:00,55019,0,26709,81920,0,0,33,67.56,248658579456,162554720256,83745804288,0,0,0,0,0,866704768,125814616,761919056,8,1
2026-08-22T15:30:15+08:00,55019,1,26785,81920,6,0,33,66.68,248658579456,162554720256,83745804288,0,0,0,0,0,866704768,125814616,761919056,8,1
2026-08-22T15:31:14+08:00,55078,0,29049,81920,0,0,33,83.57,249047670784,162940391424,83746217984,0,0,0,0,0,866336288,125814616,761919056,8,1
2026-08-22T15:31:14+08:00,55078,1,25431,81920,10,0,34,68.23,249047670784,162940391424,83746217984,0,0,0,0,0,866336288,125814616,761919056,8,1
2026-08-22T15:32:14+08:00,55138,0,28491,81920,74,1,33,97.82,249228394496,163119124480,83746672640,0,0,0,0,0,866114316,125814616,761919056,8,1
2026-08-22T15:32:14+08:00,55138,1,28128,81920,97,1,36,83.65,249228394496,163119124480,83746672640,0,0,0,0,0,866114316,125814616,761919056,8,1
2026-08-22T15:33:13+08:00,55197,0,26868,81920,0,0,33,67.89,249780355072,163670786048,83747119104,0,0,0,0,0,865649256,125814616,761922224,8,1
2026-08-22T15:33:13+08:00,55197,1,27573,81920,0,0,34,82.69,249780355072,163670786048,83747119104,0,0,0,0,0,865649256,125814616,761922224,8,1
2026-08-22T15:34:15+08:00,55259,0,29305,81920,0,0,34,83.57,250208468992,164097748992,83747577856,0,0,0,0,0,865179904,125814616,761918544,8,1
2026-08-22T15:34:15+08:00,55259,1,26081,81920,0,0,34,82.96,250208468992,164097748992,83747577856,0,0,0,0,0,865179904,125814616,761918544,8,1
2026-08-22T15:35:15+08:00,55319,0,28315,81920,0,0,32,67.89,249812332544,163703418880,83747991552,0,0,0,0,0,865553624,125814616,761918544,8,1
2026-08-22T15:35:15+08:00,55319,1,28384,81920,34,0,36,182.94,249812332544,163703418880,83747991552,0,0,0,0,0,865553624,125814616,761918544,8,1
2026-08-22T15:36:14+08:00,55378,0,27525,81920,0,0,33,67.89,250173509632,164060676096,83748470784,0,0,0,0,0,865240644,125814616,761918544,8,1
2026-08-22T15:36:14+08:00,55378,1,28384,81920,0,0,34,84.93,250173509632,164060676096,83748470784,0,0,0,0,0,865240644,125814616,761918544,8,1
2026-08-22T15:37:15+08:00,55439,0,29802,81920,49,1,37,212.04,247407783936,161304670208,83748913152,0,0,0,0,0,868034600,125814616,761918544,7,1
2026-08-22T15:37:15+08:00,55439,1,16267,81920,0,0,33,67.56,247407783936,161304670208,83748913152,0,0,0,0,0,868034600,125814616,761918544,7,1
2026-08-22T15:38:15+08:00,55499,0,29809,81920,73,28,50,178.58,242730553344,156656279552,83726520320,0,0,0,0,0,872855732,125814616,761917480,6,1
2026-08-22T15:38:15+08:00,55499,1,29819,81920,99,28,51,136.05,242730553344,156656279552,83726520320,0,0,0,0,0,872855732,125814616,761917480,6,1
2026-08-22T15:39:14+08:00,55558,0,24089,81920,12,0,34,85.73,242535026688,156459020288,83727003648,0,0,0,0,0,872688536,125814616,761916408,8,1
2026-08-22T15:39:14+08:00,55558,1,23936,81920,0,0,34,67.63,242535026688,156459020288,83727003648,0,0,0,0,0,872688536,125814616,761916408,8,1
2026-08-22T15:40:15+08:00,55619,0,22773,81920,5,0,34,84.24,242698137600,156624457728,83727474688,0,0,0,0,0,872585340,125814616,761916376,8,1
2026-08-22T15:40:15+08:00,55619,1,22399,81920,0,0,35,84.24,242698137600,156624457728,83727474688,0,0,0,0,0,872585340,125814616,761916376,8,1
2026-08-22T15:41:15+08:00,55679,0,26863,81920,0,0,34,83.57,243356876800,157283016704,83727900672,0,0,0,0,0,871866956,125814616,761916376,8,1
2026-08-22T15:41:15+08:00,55679,1,26198,81920,0,0,37,116.32,243356876800,157283016704,83727900672,0,0,0,0,0,871866956,125814616,761916376,8,1
2026-08-22T15:42:14+08:00,55738,0,25145,81920,1,0,32,67.89,243603189760,157526753280,83728330752,0,0,0,0,0,871639068,125814616,761916376,8,1
2026-08-22T15:42:14+08:00,55738,1,26197,81920,0,0,34,82.16,243603189760,157526753280,83728330752,0,0,0,0,0,871639068,125814616,761916376,8,1
2026-08-22T15:43:14+08:00,55798,0,24779,81920,6,0,33,85.46,243772858368,157692608512,83728797696,0,0,0,0,0,871471320,125814616,761916376,8,1
2026-08-22T15:43:14+08:00,55798,1,24695,81920,1,0,33,67.89,243772858368,157692608512,83728797696,0,0,0,0,0,871471320,125814616,761916376,8,1
2026-08-22T15:44:15+08:00,55859,0,27375,81920,95,1,36,154.41,244192583680,158114410496,83729256448,0,0,0,0,0,871054824,125814616,761915908,8,1
2026-08-22T15:44:15+08:00,55859,1,24972,81920,5,0,34,67.29,244192583680,158114410496,83729256448,0,0,0,0,0,871054824,125814616,761915908,8,1
2026-08-22T15:45:15+08:00,55919,0,26521,81920,0,0,32,68.49,244637175808,158554161152,83729661952,0,0,0,0,0,870666236,125814616,761915936,8,1
2026-08-22T15:45:15+08:00,55919,1,26709,81920,0,0,35,83.65,244637175808,158554161152,83729661952,0,0,0,0,0,870666236,125814616,761915936,8,1
2026-08-22T15:46:14+08:00,55978,0,25547,81920,0,0,33,85.13,244766920704,158688145408,83730128896,0,0,0,0,0,870464772,125814616,761915936,8,1
2026-08-22T15:46:14+08:00,55978,1,25521,81920,90,1,37,145.91,244766920704,158688145408,83730128896,0,0,0,0,0,870464772,125814616,761915936,8,1
2026-08-22T15:47:14+08:00,56038,0,27635,81920,0,0,33,70.66,245243916288,159160020992,83730583552,0,0,0,0,0,870023280,125814616,761915936,8,1
2026-08-22T15:47:14+08:00,56038,1,27226,81920,49,1,36,83.91,245243916288,159160020992,83730583552,0,0,0,0,0,870023280,125814616,761915936,8,1
2026-08-22T15:48:13+08:00,56097,0,27373,81920,0,0,32,67.89,245210923008,159127007232,83731030016,0,0,0,0,0,870050320,125814616,761915936,8,1
2026-08-22T15:48:13+08:00,56097,1,27103,81920,0,0,34,82.69,245210923008,159127007232,83731030016,0,0,0,0,0,870050320,125814616,761915936,8,1
2026-08-22T15:49:15+08:00,56159,0,26239,81920,0,0,33,84.84,246182592512,160098144256,83731435520,0,0,0,0,0,868938580,125814616,761915872,8,1
2026-08-22T15:49:15+08:00,56159,1,25911,81920,0,0,34,83.91,246182592512,160098144256,83731435520,0,0,0,0,0,868938580,125814616,761915872,8,1
2026-08-22T15:50:14+08:00,56218,0,28793,81920,0,0,34,83.29,246349221888,160261484544,83731914752,0,0,0,0,0,868862944,125814616,761915872,8,1
2026-08-22T15:50:14+08:00,56218,1,25580,81920,0,0,34,68.23,246349221888,160261484544,83731914752,0,0,0,0,0,868862944,125814616,761915872,8,1
2026-08-22T15:51:14+08:00,56278,0,27891,81920,10,0,34,112.5,246332809216,160244129792,83732365312,0,0,0,0,0,868897572,125814616,761915872,8,1
2026-08-22T15:51:14+08:00,56278,1,27872,81920,70,1,43,302.42,246332809216,160244129792,83732365312,0,0,0,0,0,868897572,125814616,761915872,8,1
2026-08-22T15:52:15+08:00,56339,0,27007,81920,16,0,34,83.29,246354948096,160268271616,83732803584,0,0,0,0,0,868915276,125814616,761915872,8,1
2026-08-22T15:52:15+08:00,56339,1,26625,81920,5,0,33,72.49,246354948096,160268271616,83732803584,0,0,0,0,0,868915276,125814616,761915872,8,1
2026-08-22T15:53:15+08:00,56399,0,28793,81920,100,1,34,100.25,247620419584,161531015168,83733237760,0,0,0,0,0,867667496,125814616,761915872,8,1
2026-08-22T15:53:15+08:00,56399,1,25485,81920,0,0,34,67.29,247620419584,161531015168,83733237760,0,0,0,0,0,867667496,125814616,761915872,8,1
2026-08-22T15:54:14+08:00,56458,0,28495,81920,0,0,33,84.76,247879651328,161788710912,83733704704,0,0,0,0,0,867396808,125814616,761915420,8,1
2026-08-22T15:54:14+08:00,56458,1,28128,81920,23,0,35,107.68,247879651328,161788710912,83733704704,0,0,0,0,0,867396808,125814616,761915420,8,1
2026-08-22T15:55:14+08:00,56518,0,27263,81920,0,0,33,69.11,247654367232,161562095616,83734159360,0,0,0,0,0,867645380,125814616,761915420,8,1
2026-08-22T15:55:14+08:00,56518,1,27177,81920,0,0,33,67.96,247654367232,161562095616,83734159360,0,0,0,0,0,867645380,125814616,761915420,8,1
2026-08-22T15:56:15+08:00,56579,0,29305,81920,72,1,36,83.57,248089915392,161999212544,83734560768,0,0,0,0,0,867218464,125814616,761915420,8,1
2026-08-22T15:56:15+08:00,56579,1,25943,81920,2,0,34,67.89,248089915392,161999212544,83734560768,0,0,0,0,0,867218464,125814616,761915420,8,1
2026-08-22T15:57:15+08:00,56639,0,29461,81920,0,0,32,67.89,250276765696,164178849792,83735040000,0,0,0,0,0,865146840,125814616,761915420,8,1
2026-08-22T15:57:15+08:00,56639,1,28384,81920,100,1,38,102.14,250276765696,164178849792,83735040000,0,0,0,0,0,865146840,125814616,761915420,8,1
2026-08-22T15:58:15+08:00,56699,0,27935,81920,0,0,33,68.16,250342051840,164246093824,83735478272,0,0,0,0,0,865046676,125814616,761915420,8,1
2026-08-22T15:58:15+08:00,56699,1,27987,81920,4,0,33,66.68,250342051840,164246093824,83735478272,0,0,0,0,0,865046676,125814616,761915420,8,1
2026-08-22T15:59:14+08:00,56758,0,29817,81920,0,0,33,67.56,252761358336,167095943168,83295948800,0,0,0,0,0,862348800,125814616,761913372,8,1
2026-08-22T15:59:14+08:00,56758,1,26753,81920,0,0,34,66.68,252761358336,167095943168,83295948800,0,0,0,0,0,862348800,125814616,761913372,8,1
2026-08-22T16:00:15+08:00,56819,0,29721,81920,0,0,32,67.56,252789624832,167208247296,83213582336,0,0,0,0,0,862167120,125814616,761913372,8,1
2026-08-22T16:00:15+08:00,56819,1,28896,81920,94,1,36,83.65,252789624832,167208247296,83213582336,0,0,0,0,0,862167120,125814616,761913372,8,1
2026-08-22T16:01:15+08:00,56879,0,28583,81920,0,0,33,83.29,252820062208,167285137408,83166814208,0,0,0,0,0,862088480,125814616,761913372,8,1
2026-08-22T16:01:15+08:00,56879,1,29152,81920,0,0,33,67.29,252820062208,167285137408,83166814208,0,0,0,0,0,862088480,125814616,761913372,8,1
2026-08-22T16:02:14+08:00,56938,0,16391,81920,0,0,35,83.91,248271110144,162832912384,83084668928,0,0,0,0,0,866734052,125814616,761913372,6,1
2026-08-22T16:02:14+08:00,56938,1,16267,81920,0,0,33,67.01,248271110144,162832912384,83084668928,0,0,0,0,0,866734052,125814616,761913372,6,1
2026-08-22T16:03:13+08:00,56997,0,18458,81920,0,0,36,68.78,243867299840,158429380608,83086229504,0,0,0,0,0,870776808,125814616,761912196,8,1
2026-08-22T16:03:13+08:00,56997,1,18304,81920,0,0,37,68.56,243867299840,158429380608,83086229504,0,0,0,0,0,870776808,125814616,761912196,8,1
2026-08-22T16:04:15+08:00,57059,0,26543,81920,56,18,44,409.12,244731658240,159288066048,83086712832,0,0,0,0,0,869930424,125814616,761912168,8,1
2026-08-22T16:04:15+08:00,57059,1,26390,81920,0,0,35,83.48,244731658240,159288066048,83086712832,0,0,0,0,0,869930424,125814616,761912168,8,1
2026-08-22T16:05:14+08:00,57118,0,25797,81920,2,0,33,84.51,243963162624,158534266880,83087134720,0,0,0,0,0,870620944,125814616,761911656,8,1
2026-08-22T16:05:14+08:00,57118,1,25643,81920,0,0,34,83.91,243963162624,158534266880,83087134720,0,0,0,0,0,870620944,125814616,761911656,8,1
2026-08-22T16:06:14+08:00,57178,0,23701,81920,2,0,33,68.78,243543982080,158104481792,83087585280,0,0,0,0,0,871100760,125814616,761911656,8,1
2026-08-22T16:06:14+08:00,57178,1,23341,81920,3,0,34,82.96,243543982080,158104481792,83087585280,0,0,0,0,0,871100760,125814616,761911656,8,1
2026-08-22T16:07:14+08:00,57238,0,27119,81920,35,1,38,171.68,244570415104,159128887296,83087998976,0,0,0,0,0,870062808,125814616,761911656,8,1
2026-08-22T16:07:14+08:00,57238,1,26966,81920,53,1,36,127.41,244570415104,159128887296,83087998976,0,0,0,0,0,870062808,125814616,761911656,8,1
2026-08-22T16:08:15+08:00,57299,0,26883,81920,6,0,32,68.16,244603162624,159162408960,83088482304,0,0,0,0,0,870021412,125814616,761911744,8,1
2026-08-22T16:08:15+08:00,57299,1,26412,81920,0,0,33,66.68,244603162624,159162408960,83088482304,0,0,0,0,0,870021412,125814616,761911744,8,1
2026-08-22T16:09:15+08:00,57359,0,25077,81920,0,0,33,68.78,244653129728,159209549824,83088924672,0,0,0,0,0,869980792,125814616,761911768,8,1
2026-08-22T16:09:15+08:00,57359,1,25215,81920,57,1,34,82.96,244653129728,159209549824,83088924672,0,0,0,0,0,869980792,125814616,761911768,8,1
2026-08-22T16:10:14+08:00,57418,0,27375,81920,0,0,35,95.65,244958937088,159516827648,83089358848,0,0,0,0,0,869687520,125814616,761911768,8,1
2026-08-22T16:10:14+08:00,57418,1,27222,81920,99,1,39,177.12,244958937088,159516827648,83089358848,0,0,0,0,0,869687520,125814616,761911768,8,1
2026-08-22T16:11:14+08:00,57478,0,27283,81920,2,0,32,71.26,245088600064,159646273536,83089809408,0,0,0,0,0,869614916,125814616,761911768,8,1
2026-08-22T16:11:14+08:00,57478,1,27225,81920,0,0,34,84.51,245088600064,159646273536,83089809408,0,0,0,0,0,869614916,125814616,761911768,8,1
2026-08-22T16:12:15+08:00,57539,0,25673,81920,6,1,33,67.89,244839784448,159397081088,83090276352,0,0,0,0,0,869806176,125814616,761911768,8,1
2026-08-22T16:12:15+08:00,57539,1,26109,81920,0,0,33,67.23,244839784448,159397081088,83090276352,0,0,0,0,0,869806176,125814616,761911768,8,1
2026-08-22T16:13:15+08:00,57599,0,27769,81920,66,1,35,83.91,245609824256,160166465536,83090698240,0,0,0,0,0,869069704,125814616,761911768,8,1
2026-08-22T16:13:15+08:00,57599,1,24717,81920,0,0,34,67.01,245609824256,160166465536,83090698240,0,0,0,0,0,869069704,125814616,761911768,8,1
2026-08-22T16:14:14+08:00,57658,0,27769,81920,0,0,33,83.29,245774163968,160325185536,83091120128,0,0,0,0,0,868873596,125814616,761911768,8,1
2026-08-22T16:14:14+08:00,57658,1,27360,81920,0,0,34,82.96,245774163968,160325185536,83091120128,0,0,0,0,0,868873596,125814616,761911768,8,1
2026-08-22T16:15:14+08:00,57718,0,26481,81920,10,0,32,67.89,245633794048,160187625472,83091603456,0,0,0,0,0,869025756,125814616,761910744,8,1
2026-08-22T16:15:14+08:00,57718,1,26459,81920,4,0,34,83.91,245633794048,160187625472,83091603456,0,0,0,0,0,869025756,125814616,761910744,8,1
2026-08-22T16:16:15+08:00,57779,0,27431,81920,4,0,35,83.57,246142459904,160692625408,83092037632,0,0,0,0,0,868551344,125814616,761910744,8,1
2026-08-22T16:16:15+08:00,57779,1,25579,81920,2,0,34,67.63,246142459904,160692625408,83092037632,0,0,0,0,0,868551344,125814616,761910744,8,1
2026-08-22T16:17:15+08:00,57839,0,28025,81920,76,1,35,83.21,246750662656,161300414464,83092475904,0,0,0,0,0,867925860,125814616,761910744,8,1
2026-08-22T16:17:15+08:00,57839,1,27872,81920,31,0,38,164.43,246750662656,161300414464,83092475904,0,0,0,0,0,867925860,125814616,761910744,8,1
2026-08-22T16:18:14+08:00,57898,0,26899,81920,5,0,32,68.16,246669185024,161218207744,83092922368,0,0,0,0,0,868008672,125814616,761910744,8,1
2026-08-22T16:18:14+08:00,57898,1,26877,81920,3,0,33,66.68,246669185024,161218207744,83092922368,0,0,0,0,0,868008672,125814616,761910744,8,1
2026-08-22T16:19:14+08:00,57958,0,27905,81920,5,0,34,69.11,247705337856,162252705792,83093389312,0,0,0,0,0,867017884,125814616,761910744,8,1
2026-08-22T16:19:14+08:00,57958,1,25485,81920,0,0,34,67.01,247705337856,162252705792,83093389312,0,0,0,0,0,867017884,125814616,761910744,8,1
2026-08-22T16:20:15+08:00,58019,0,28793,81920,0,0,33,67.56,247856652288,162405183488,83093815296,0,0,0,0,0,866811860,125814616,761910744,8,1
2026-08-22T16:20:15+08:00,58019,1,28640,81920,0,0,34,67.01,247856652288,162405183488,83093815296,0,0,0,0,0,866811860,125814616,761910744,8,1
2026-08-22T16:21:15+08:00,58079,0,27505,81920,3,0,32,68.16,247825055744,162370957312,83094237184,0,0,0,0,0,866892876,125814616,761910744,8,1
2026-08-22T16:21:15+08:00,58079,1,27443,81920,4,0,33,69.18,247825055744,162370957312,83094237184,0,0,0,0,0,866892876,125814616,761910744,8,1
2026-08-22T16:22:14+08:00,58138,0,29305,81920,49,0,41,199.75,248821977088,163363180544,83094708224,0,0,0,0,0,865923888,125814616,761910744,8,1
2026-08-22T16:22:14+08:00,58138,1,29152,81920,0,0,35,83.21,248821977088,163363180544,83094708224,0,0,0,0,0,865923888,125814616,761910744,8,1
2026-08-22T16:23:13+08:00,58197,0,29305,81920,0,0,33,82.96,249001308160,163545317376,83095150592,0,0,0,0,0,865717636,125814616,761910744,8,1
2026-08-22T16:23:13+08:00,58197,1,29152,81920,0,0,34,83.05,249001308160,163545317376,83095150592,0,0,0,0,0,865717636,125814616,761910744,8,1
2026-08-22T16:24:15+08:00,58259,0,27815,81920,21,0,33,90.06,248959840256,163501510656,83095588864,0,0,0,0,0,865736872,125814616,761910744,8,1
2026-08-22T16:24:15+08:00,58259,1,27955,81920,63,1,34,84.24,248959840256,163501510656,83095588864,0,0,0,0,0,865736872,125814616,761910744,8,1
2026-08-22T16:25:15+08:00,58319,0,29305,81920,99,1,39,187.74,249067450368,163610906624,83096039424,0,0,0,0,0,865645416,125814616,761910744,8,1
2026-08-22T16:25:15+08:00,58319,1,28557,81920,0,0,36,84.24,249067450368,163610906624,83096039424,0,0,0,0,0,865645416,125814616,761910744,8,1
2026-08-22T16:26:14+08:00,58378,0,29561,81920,46,1,36,202.8,249349115904,163890122752,83096510464,0,0,0,0,0,865349408,125814616,761910744,8,1
2026-08-22T16:26:14+08:00,58378,1,29408,81920,66,1,35,84.24,249349115904,163890122752,83096510464,0,0,0,0,0,865349408,125814616,761910744,8,1
2026-08-22T16:27:14+08:00,58438,0,29809,81920,100,40,53,268.57,244888334336,159440285696,83098005504,0,0,0,0,0,870085916,125814616,761909684,6,1
2026-08-22T16:27:14+08:00,58438,1,29809,81920,100,41,55,390.07,244888334336,159440285696,83098005504,0,0,0,0,0,870085916,125814616,761909684,6,1
2026-08-22T16:28:15+08:00,58499,0,23735,81920,0,0,33,68.16,245211017216,159757266944,83098456064,0,0,0,0,0,869526664,125814616,761909644,8,1
2026-08-22T16:28:15+08:00,58499,1,23936,81920,3,0,35,87.9,245211017216,159757266944,83098456064,0,0,0,0,0,869526664,125814616,761909644,8,1
2026-08-22T16:29:15+08:00,58559,0,22541,81920,5,0,33,67.89,245284855808,159832383488,83098939392,0,0,0,0,0,869454100,125814616,761909644,8,1
2026-08-22T16:29:15+08:00,58559,1,21805,81920,0,0,34,67.96,245284855808,159832383488,83098939392,0,0,0,0,0,869454100,125814616,761909644,8,1
2026-08-22T16:30:14+08:00,58618,0,26863,81920,54,1,37,153.47,246598094848,161143029760,83099373568,0,0,0,0,0,868109972,125814616,761909644,8,1
2026-08-22T16:30:14+08:00,58618,1,26453,81920,43,1,38,171.68,246598094848,161143029760,83099373568,0,0,0,0,0,868109972,125814616,761909644,8,1
2026-08-22T16:31:14+08:00,58678,0,26309,81920,0,0,33,85.13,247035842560,161579401216,83099811840,0,0,0,0,0,867643164,125814616,761909132,8,1
2026-08-22T16:31:14+08:00,58678,1,26353,81920,6,1,33,67.56,247035842560,161579401216,83099811840,0,0,0,0,0,867643164,125814616,761909132,8,1
2026-08-22T16:32:15+08:00,58739,0,24821,81920,0,0,33,85.13,245696503808,160241770496,83100254208,0,0,0,0,0,868977560,125814616,761909132,8,1
2026-08-22T16:32:15+08:00,58739,1,24399,81920,7,0,34,90.72,245696503808,160241770496,83100254208,0,0,0,0,0,868977560,125814616,761909132,8,1
2026-08-22T16:33:15+08:00,58799,0,27375,81920,0,0,34,83.91,245773586432,160316272640,83100729344,0,0,0,0,0,868940980,125814616,761909164,8,1
2026-08-22T16:33:15+08:00,58799,1,26709,81920,14,0,37,84.51,245773586432,160316272640,83100729344,0,0,0,0,0,868940980,125814616,761909164,8,1
2026-08-22T16:34:14+08:00,58858,0,27077,81920,46,0,33,85.13,246343196672,160882733056,83101155328,0,0,0,0,0,868319668,125814616,761909164,8,1
2026-08-22T16:34:14+08:00,58858,1,26865,81920,0,0,33,67.01,246343196672,160882733056,83101155328,0,0,0,0,0,868319668,125814616,761909164,8,1
2026-08-22T16:35:14+08:00,58918,0,26101,81920,0,0,33,85.13,247240617984,161779175424,83101573120,0,0,0,0,0,867477952,125814616,761909164,8,1
2026-08-22T16:35:14+08:00,58918,1,25335,81920,0,0,33,67.01,247240617984,161779175424,83101573120,0,0,0,0,0,867477952,125814616,761909164,8,1
2026-08-22T16:36:15+08:00,58979,0,27891,81920,46,1,36,179.98,247392419840,161929986048,83102048256,0,0,0,0,0,867361612,125814616,761906604,8,1
2026-08-22T16:36:15+08:00,58979,1,27481,81920,68,1,37,114.44,247392419840,161929986048,83102048256,0,0,0,0,0,867361612,125814616,761906604,8,1
2026-08-22T16:37:15+08:00,59039,0,28437,81920,3,0,32,67.56,247939383296,162481897472,83102490624,0,0,0,0,0,866815820,125814616,761906604,8,1
2026-08-22T16:37:15+08:00,59039,1,27259,81920,0,0,33,67.29,247939383296,162481897472,83102490624,0,0,0,0,0,866815820,125814616,761906604,8,1
2026-08-22T16:38:14+08:00,59098,0,26495,81920,0,0,33,83.29,248717676544,163263266816,83102920704,0,0,0,0,0,866022828,125814616,761906604,8,1
2026-08-22T16:38:14+08:00,59098,1,25825,81920,0,0,34,82.35,248717676544,163263266816,83102920704,0,0,0,0,0,866022828,125814616,761906604,8,1
2026-08-22T16:39:14+08:00,59158,0,28793,81920,0,0,34,102.14,248123604992,162661007360,83103354880,0,0,0,0,0,866587472,125814616,761906604,8,1
2026-08-22T16:39:14+08:00,59158,1,27615,81920,0,0,35,124.03,248123604992,162661007360,83103354880,0,0,0,0,0,866587472,125814616,761906604,8,1
2026-08-22T16:40:15+08:00,59219,0,28697,81920,4,0,32,68.49,248503791616,163040206848,83103825920,0,0,0,0,0,866253956,125814616,761906556,8,1
2026-08-22T16:40:15+08:00,59219,1,27872,81920,0,0,34,82.96,248503791616,163040206848,83103825920,0,0,0,0,0,866253956,125814616,761906556,8,1
2026-08-22T16:41:15+08:00,59279,0,27007,81920,6,0,32,69.11,248519942144,163054272512,83104284672,0,0,0,0,0,866240632,125814616,761902460,8,1
2026-08-22T16:41:15+08:00,59279,1,26121,81920,0,0,33,67.01,248519942144,163054272512,83104284672,0,0,0,0,0,866240632,125814616,761902460,8,1
2026-08-22T16:42:14+08:00,59338,0,29305,81920,12,0,34,83.29,248856674304,163392577536,83104706560,0,0,0,0,0,865894448,125814616,761902460,8,1
2026-08-22T16:42:14+08:00,59338,1,27278,81920,0,0,36,83.57,248856674304,163392577536,83104706560,0,0,0,0,0,865894448,125814616,761902460,8,1
2026-08-22T16:43:14+08:00,59398,0,29465,81920,6,1,32,67.23,249633456128,164164329472,83105169408,0,0,0,0,0,865131520,125814616,761902460,8,1
2026-08-22T16:43:14+08:00,59398,1,28640,81920,83,1,37,170.91,249633456128,164164329472,83105169408,0,0,0,0,0,865131520,125814616,761902460,8,1
2026-08-22T16:44:15+08:00,59459,0,24329,81920,4,0,32,73.71,249480941568,164012257280,83105628160,0,0,0,0,0,865260600,125814616,761902460,8,1
2026-08-22T16:44:15+08:00,59459,1,24823,81920,2,0,33,69.79,249480941568,164012257280,83105628160,0,0,0,0,0,865260600,125814616,761902460,8,1
2026-08-22T16:45:15+08:00,59519,0,27705,81920,100,1,37,176.94,249481670656,164012781568,83106041856,0,0,0,0,0,865259200,125814616,761902504,8,1
2026-08-22T16:45:15+08:00,59519,1,27551,81920,89,1,38,111.67,249481670656,164012781568,83106041856,0,0,0,0,0,865259200,125814616,761902504,8,1
2026-08-22T16:46:14+08:00,59578,0,27705,81920,0,0,32,67.56,249518260224,164048273408,83106484224,0,0,0,0,0,865223272,125814616,761902504,8,1
2026-08-22T16:46:14+08:00,59578,1,27551,81920,0,0,34,83.91,249518260224,164048273408,83106484224,0,0,0,0,0,865223272,125814616,761902504,8,1
2026-08-22T16:47:14+08:00,59638,0,25959,81920,0,0,33,82.69,249525399552,164056338432,83106947072,0,0,0,0,0,865251528,125814616,761902504,8,1
2026-08-22T16:47:14+08:00,59638,1,26103,81920,0,0,34,68.85,249525399552,164056338432,83106947072,0,0,0,0,0,865251528,125814616,761902504,8,1
2026-08-22T16:48:15+08:00,59699,0,27705,81920,98,1,38,111.67,249546264576,164077301760,83107397632,0,0,0,0,0,865208188,125814616,761902504,8,1
2026-08-22T16:48:15+08:00,59699,1,26365,81920,0,0,34,66.94,249546264576,164077301760,83107397632,0,0,0,0,0,865208188,125814616,761902504,8,1
2026-08-22T16:49:15+08:00,59759,0,27705,81920,68,1,35,117.88,249571569664,164101525504,83107819520,0,0,0,0,0,865215120,125814616,761902076,8,1
2026-08-22T16:49:15+08:00,59759,1,27551,81920,11,0,34,82.69,249571569664,164101525504,83107819520,0,0,0,0,0,865215120,125814616,761902076,8,1
2026-08-22T16:50:14+08:00,59818,0,26513,81920,0,0,33,82.96,250444386304,164968837120,83108286464,0,0,0,0,0,864333592,125814616,761902076,8,1
2026-08-22T16:50:14+08:00,59818,1,26359,81920,0,0,34,84.51,250444386304,164968837120,83108286464,0,0,0,0,0,864333592,125814616,761902076,8,1
2026-08-22T16:51:13+08:00,59877,0,27303,81920,78,23,45,393.04,247612387328,162144784384,83109810176,0,0,0,0,0,867401188,125814616,761900500,6,1
2026-08-22T16:51:13+08:00,59877,1,27389,81920,100,38,47,430.07,247612387328,162144784384,83109810176,0,0,0,0,0,867401188,125814616,761900500,6,1
2026-08-22T16:52:15+08:00,59939,0,15088,81920,0,0,35,68.16,252380430336,161413697536,88655134720,0,0,10490,0,0,868193408,125814616,751750088,8,1
2026-08-22T16:52:15+08:00,59939,1,14931,81920,0,0,36,67.96,252380430336,161413697536,88655134720,0,0,10490,0,0,868193408,125814616,751750088,8,1
2026-08-22T16:53:15+08:00,59999,0,26287,81920,0,0,34,83.57,253740888064,162770481152,88655613952,0,0,10490,0,0,866560232,125814616,751750088,8,1
2026-08-22T16:53:15+08:00,59999,1,26390,81920,30,1,38,172.47,253740888064,162770481152,88655613952,0,0,10490,0,0,866560232,125814616,751750088,8,1
2026-08-22T16:54:14+08:00,60058,0,23569,81920,0,0,32,67.89,252116422656,161150279680,88656084992,0,0,10490,0,0,868128168,125814616,751750488,8,1
2026-08-22T16:54:14+08:00,60058,1,24278,81920,6,0,34,83.91,252116422656,161150279680,88656084992,0,0,10490,0,0,868128168,125814616,751750488,8,1
2026-08-22T16:55:14+08:00,60118,0,25125,81920,0,0,33,67.56,253231443968,162258604032,88656535552,0,0,10490,0,0,867030696,125814616,751750488,8,1
2026-08-22T16:55:14+08:00,60118,1,25227,81920,0,0,34,67.29,253231443968,162258604032,88656535552,0,0,10490,0,0,867030696,125814616,751750488,8,1
2026-08-22T16:56:13+08:00,60177,0,26863,81920,97,2,34,85.46,253388673024,162419351552,88656957440,0,0,10490,0,0,866830204,125814616,751758640,8,1
2026-08-22T16:56:13+08:00,60177,1,26966,81920,29,5,36,83.57,253388673024,162419351552,88656957440,0,0,10490,0,0,866830204,125814616,751758640,8,1
2026-08-22T16:57:15+08:00,60239,0,24807,81920,0,0,32,69.38,253292187648,162324271104,88657420288,0,0,10490,0,0,866961604,125814616,751750488,8,1
2026-08-22T16:57:15+08:00,60239,1,25855,81920,0,0,33,66.68,253292187648,162324271104,88657420288,0,0,10490,0,0,866961604,125814616,751750488,8,1
2026-08-22T16:58:15+08:00,60299,0,27119,81920,61,1,35,83.91,253805395968,162833362944,88657883136,0,0,10490,0,0,866434788,125814616,751750548,8,1
2026-08-22T16:58:15+08:00,60299,1,24621,81920,70,1,36,99.64,253805395968,162833362944,88657883136,0,0,10490,0,0,866434788,125814616,751750548,8,1
2026-08-22T16:59:14+08:00,60358,0,27023,81920,0,0,32,68.43,254032445440,163061108736,88658313216,0,0,10490,0,0,866272068,125814616,751750568,8,1
2026-08-22T16:59:14+08:00,60358,1,27222,81920,0,0,37,83.05,254032445440,163061108736,88658313216,0,0,10490,0,0,866272068,125814616,751750568,8,1
2026-08-22T17:00:13+08:00,60417,0,25589,81920,0,0,33,85.04,254365659136,163401650176,88658731008,0,0,10490,0,0,865786100,125814616,751750568,8,1
2026-08-22T17:00:13+08:00,60417,1,26927,81920,4,0,36,83.48,254365659136,163401650176,88658731008,0,0,10490,0,0,865786100,125814616,751750568,8,1
2026-08-22T17:01:15+08:00,60479,0,27635,81920,90,1,35,128.83,255028256768,164054990848,88659218432,0,0,10490,0,0,865204000,125814616,751750568,8,1
2026-08-22T17:01:15+08:00,60479,1,25313,81920,0,0,42,88.14,255028256768,164054990848,88659218432,0,0,10490,0,0,865204000,125814616,751750568,8,1
2026-08-22T17:02:15+08:00,60539,0,27211,81920,0,0,32,68.09,254721695744,163745173504,88659656704,0,0,10490,0,0,865471356,125814616,751750056,8,1
2026-08-22T17:02:15+08:00,60539,1,27103,81920,56,0,47,90.29,254721695744,163745173504,88659656704,0,0,10490,0,0,865471356,125814616,751750056,8,1
2026-08-22T17:03:14+08:00,60598,0,25685,81920,0,0,33,83.29,254717825024,163743956992,88660078592,0,0,10490,0,0,865514516,125814616,751750056,8,1
2026-08-22T17:03:14+08:00,60598,1,27061,81920,0,0,45,90.39,254717825024,163743956992,88660078592,0,0,10490,0,0,865514516,125814616,751750056,8,1
2026-08-22T17:04:14+08:00,60658,0,28281,81920,0,0,34,83.29,255724425216,164746080256,88660537344,0,0,10490,0,0,864575048,125814616,751750056,8,1
2026-08-22T17:04:14+08:00,60658,1,25729,81920,0,0,41,69.71,255724425216,164746080256,88660537344,0,0,10490,0,0,864575048,125814616,751750056,8,1
2026-08-22T17:05:13+08:00,60717,0,27427,81920,2,0,33,85.13,255944105984,164966133760,88660987904,0,0,10490,0,0,864312452,125814616,751750056,8,1
2026-08-22T17:05:13+08:00,60717,1,28384,81920,0,0,38,84.84,255944105984,164966133760,88660987904,0,0,10490,0,0,864312452,125814616,751750056,8,1
2026-08-22T17:06:15+08:00,60779,0,26197,81920,9,0,34,82.96,255847669760,164866531328,88661438464,0,0,10490,0,0,864470464,125814616,751750056,8,1
2026-08-22T17:06:15+08:00,60779,1,27731,81920,3,0,35,74.04,255847669760,164866531328,88661438464,0,0,10490,0,0,864470464,125814616,751750056,8,1
2026-08-22T17:07:14+08:00,60838,0,28537,81920,0,0,34,84.24,256755142656,165771825152,88661848064,0,0,10490,0,0,863545988,125814616,751750056,8,1
2026-08-22T17:07:14+08:00,60838,1,26849,81920,0,0,35,67.29,256755142656,165771825152,88661848064,0,0,10490,0,0,863545988,125814616,751750056,8,1
2026-08-22T17:08:14+08:00,60898,0,27891,81920,9,0,33,81.14,256730959872,165748543488,88662339584,0,0,10490,0,0,863583132,125814616,751749632,8,1
2026-08-22T17:08:14+08:00,60898,1,28896,81920,0,0,34,67.23,256730959872,165748543488,88662339584,0,0,10490,0,0,863583132,125814616,751749632,8,1
2026-08-22T17:09:15+08:00,60959,0,26357,81920,0,0,33,68.16,257135779840,166150131712,88662769664,0,0,10490,0,0,863185444,125814616,751749632,8,1
2026-08-22T17:09:15+08:00,60959,1,28854,81920,0,0,34,85.73,257135779840,166150131712,88662769664,0,0,10490,0,0,863185444,125814616,751749632,8,1
2026-08-22T17:10:15+08:00,61019,0,29049,81920,0,0,33,67.56,257253486592,166396022784,88613412864,0,0,10680,0,0,862196252,125814616,751749632,8,1
2026-08-22T17:10:15+08:00,61019,1,27265,81920,0,0,34,67.01,257253486592,166396022784,88613412864,0,0,10680,0,0,862196252,125814616,751749632,8,1
2026-08-22T17:11:14+08:00,61078,0,28153,81920,0,0,33,82.69,257676378112,166827917312,88607825920,0,0,10703,0,0,862161452,125814616,751749632,8,1
2026-08-22T17:11:14+08:00,61078,1,29408,81920,0,0,36,83.91,257676378112,166827917312,88607825920,0,0,10703,0,0,862161452,125814616,751749632,8,1
2026-08-22T17:12:14+08:00,61138,0,28711,81920,0,0,34,83.29,257242320896,166468653056,88577355776,0,0,10821,0,0,862711084,125814616,751752704,8,1
2026-08-22T17:12:14+08:00,61138,1,29311,81920,0,0,33,67.96,257242320896,166468653056,88577355776,0,0,10821,0,0,862711084,125814616,751752704,8,1
2026-08-22T17:13:15+08:00,61199,0,29561,81920,95,2,35,84.51,257251373056,166990368768,88138330112,0,0,12497,0,0,862274816,125814616,751753124,8,1
2026-08-22T17:13:15+08:00,61199,1,27841,81920,10,0,34,123.69,257251373056,166990368768,88138330112,0,0,12497,0,0,862274816,125814616,751753124,8,1
2026-08-22T17:14:15+08:00,61259,0,28665,81920,3,0,33,84.84,257244856320,166987202560,88130347008,0,0,12529,0,0,862236656,125814616,751753124,8,1
2026-08-22T17:14:15+08:00,61259,1,29664,81920,0,0,37,131.73,257244856320,166987202560,88130347008,0,0,12529,0,0,862236656,125814616,751753124,8,1
2026-08-22T17:15:14+08:00,61318,0,27178,81920,4,0,33,67.89,257212227584,167004540928,88083898368,0,0,12708,0,0,862289984,125814616,751753124,8,1
2026-08-22T17:15:14+08:00,61318,1,29567,81920,8,0,33,67.01,257212227584,167004540928,88083898368,0,0,12708,0,0,862289984,125814616,751753124,8,1
2026-08-22T17:16:13+08:00,61377,0,29802,81920,0,0,33,67.56,254616186880,164426932224,88071737344,0,0,12756,0,0,864958952,125814616,751753124,7,1
2026-08-22T17:16:13+08:00,61377,1,16267,81920,0,0,33,67.63,254616186880,164426932224,88071737344,0,0,12756,0,0,864958952,125814616,751753124,7,1
2026-08-22T17:17:15+08:00,61439,0,29809,81920,100,40,56,428.25,249976639488,159794835456,88073265152,0,0,12756,0,0,869680332,125814616,751752544,6,1
2026-08-22T17:17:15+08:00,61439,1,29809,81920,100,41,56,377.97,249976639488,159794835456,88073265152,0,0,12756,0,0,869680332,125814616,751752544,6,1
2026-08-22T17:18:14+08:00,61498,0,24089,81920,0,0,33,67.89,250184241152,159995703296,88073736192,0,0,12756,0,0,869219840,125814616,751752012,8,1
2026-08-22T17:18:14+08:00,61498,1,23936,81920,0,0,35,67.63,250184241152,159995703296,88073736192,0,0,12756,0,0,869219840,125814616,751752012,8,1
2026-08-22T17:19:14+08:00,61558,0,22463,81920,0,0,33,68.16,250071756800,159883395072,88074215424,0,0,12756,0,0,869306036,125814616,751751980,8,1
2026-08-22T17:19:14+08:00,61558,1,22103,81920,4,0,35,83.29,250071756800,159883395072,88074215424,0,0,12756,0,0,869306036,125814616,751751980,8,1
2026-08-22T17:20:15+08:00,61619,0,25757,81920,4,0,35,84.24,250133676032,159946878976,88074665984,0,0,12756,0,0,869252228,125814616,751751980,8,1
2026-08-22T17:20:15+08:00,61619,1,26453,81920,0,0,35,85.13,250133676032,159946878976,88074665984,0,0,12756,0,0,869252228,125814616,751751980,8,1
2026-08-22T17:21:15+08:00,61679,0,26351,81920,0,0,34,82.96,250206134272,160016166912,88075079680,0,0,12756,0,0,869179796,125814616,751751980,8,1
2026-08-22T17:21:15+08:00,61679,1,26152,81920,0,0,34,82.07,250206134272,160016166912,88075079680,0,0,12756,0,0,869179796,125814616,751751980,8,1
2026-08-22T17:22:14+08:00,61738,0,24551,81920,4,0,32,67.56,250419163136,160232484864,88075546624,0,0,12756,0,0,868924484,125814616,751751980,8,1
2026-08-22T17:22:14+08:00,61738,1,24067,81920,0,0,34,68.23,250419163136,160232484864,88075546624,0,0,12756,0,0,868924484,125814616,751751980,8,1
2026-08-22T17:23:14+08:00,61798,0,25719,81920,0,0,34,67.89,251101630464,160910184448,88075976704,0,0,12756,0,0,868308388,125814616,751752044,8,1
2026-08-22T17:23:14+08:00,61798,1,27221,81920,69,1,37,149.35,251101630464,160910184448,88075976704,0,0,12756,0,0,868308388,125814616,751752044,8,1
2026-08-22T17:24:13+08:00,61857,0,26863,81920,0,0,33,85.13,251709345792,161515622400,88076427264,0,0,12756,0,0,867693288,125814616,751752044,8,1
2026-08-22T17:24:13+08:00,61857,1,26065,81920,91,1,35,112.28,251709345792,161515622400,88076427264,0,0,12756,0,0,867693288,125814616,751752044,8,1
2026-08-22T17:25:15+08:00,61919,0,25575,81920,0,0,32,67.56,252395659264,162209824768,88076873728,0,0,12756,0,0,867005188,125814616,751752044,8,1
2026-08-22T17:25:15+08:00,61919,1,25347,81920,1,0,34,67.01,252395659264,162209824768,88076873728,0,0,12756,0,0,867005188,125814616,751752044,8,1
2026-08-22T17:26:15+08:00,61979,0,26369,81920,7,0,34,69.11,252661440512,162464915456,88077332480,0,0,12756,0,0,866792884,125814616,751752044,8,1
2026-08-22T17:26:15+08:00,61979,1,27737,81920,0,0,35,83.05,252661440512,162464915456,88077332480,0,0,12756,0,0,866792884,125814616,751752044,8,1
2026-08-22T17:27:14+08:00,62038,0,27257,81920,42,0,36,83.57,252934336512,162743123968,88077787136,0,0,12756,0,0,866466596,125814616,751751624,8,1
2026-08-22T17:27:14+08:00,62038,1,27013,81920,0,0,34,84.24,252934336512,162743123968,88077787136,0,0,12756,0,0,866466596,125814616,751751624,8,1
2026-08-22T17:28:14+08:00,62098,0,26065,81920,2,0,32,69.71,252680851456,162484695040,88078204928,0,0,12756,0,0,866759472,125814616,751751624,8,1
2026-08-22T17:28:14+08:00,62098,1,25485,81920,0,0,33,67.01,252680851456,162484695040,88078204928,0,0,12756,0,0,866759472,125814616,751751624,8,1
2026-08-22T17:29:15+08:00,62159,0,25130,81920,2,0,33,69.11,252835340288,162637602816,88078667776,0,0,12756,0,0,866634792,125814616,751751624,8,1
2026-08-22T17:29:15+08:00,62159,1,28128,81920,0,0,35,83.29,252835340288,162637602816,88078667776,0,0,12756,0,0,866634792,125814616,751751624,8,1
2026-08-22T17:30:15+08:00,62219,0,27513,81920,0,0,34,83.29,252910264320,162712846336,88079126528,0,0,12756,0,0,866596708,125814616,751751624,8,1
2026-08-22T17:30:15+08:00,62219,1,27173,81920,4,0,33,68.56,252910264320,162712846336,88079126528,0,0,12756,0,0,866596708,125814616,751751624,8,1
2026-08-22T17:31:14+08:00,62278,0,26915,81920,1,0,32,69.11,253509492736,163310108672,88079556608,0,0,12756,0,0,865935516,125814616,751751624,8,1
2026-08-22T17:31:14+08:00,62278,1,26039,81920,0,0,34,84.24,253509492736,163310108672,88079556608,0,0,12756,0,0,865935516,125814616,751751624,8,1
2026-08-22T17:32:14+08:00,62338,0,25685,81920,0,0,33,82.96,253830057984,163631034368,88079990784,0,0,12756,0,0,865647348,125814616,751752040,8,1
2026-08-22T17:32:14+08:00,62338,1,28384,81920,0,0,35,83.29,253830057984,163631034368,88079990784,0,0,12756,0,0,865647348,125814616,751752040,8,1
2026-08-22T17:33:15+08:00,62399,0,27769,81920,0,0,34,83.29,253532688384,163331186688,88080457728,0,0,12756,0,0,865912864,125814616,751751016,8,1
2026-08-22T17:33:15+08:00,62399,1,28081,81920,0,0,33,68.23,253532688384,163331186688,88080457728,0,0,12756,0,0,865912864,125814616,751751016,8,1
2026-08-22T17:34:15+08:00,62459,0,27673,81920,0,0,32,67.56,253765419008,163483590656,88080887808,0,0,12756,0,0,865766820,125814616,751751016,8,1
2026-08-22T17:34:15+08:00,62459,1,26889,81920,31,0,34,86.07,253765419008,163483590656,88080887808,0,0,12756,0,0,865766820,125814616,751751016,8,1
2026-08-22T17:35:14+08:00,62518,0,25661,81920,78,1,34,124.51,253907009536,163707871232,88081338368,0,0,12756,0,0,865564312,125814616,751751016,8,1
2026-08-22T17:35:14+08:00,62518,1,28640,81920,100,1,40,162.6,253907009536,163707871232,88081338368,0,0,12756,0,0,865564312,125814616,751751016,8,1
2026-08-22T17:36:14+08:00,62578,0,28537,81920,43,1,35,83.91,254734163968,164529356800,88081793024,0,0,12756,0,0,864752412,125814616,751751016,8,1
2026-08-22T17:36:14+08:00,62578,1,28639,81920,0,0,33,67.01,254734163968,164529356800,88081793024,0,0,12756,0,0,864752412,125814616,751751016,8,1
2026-08-22T17:37:14+08:00,62638,0,27683,81920,11,0,33,88.84,254926589952,164729257984,88082243584,0,0,12756,0,0,864567216,125814616,751751016,8,1
2026-08-22T17:37:14+08:00,62638,1,27145,81920,2,0,34,83.38,254926589952,164729257984,88082243584,0,0,12756,0,0,864567216,125814616,751751016,8,1
2026-08-22T17:38:15+08:00,62699,0,26613,81920,5,1,33,67.82,255654830080,165445320704,88082669568,0,0,12756,0,0,863707896,125814616,751751016,8,1
2026-08-22T17:38:15+08:00,62699,1,28856,81920,79,25,41,86.92,255654830080,165445320704,88082669568,0,0,12756,0,0,863707896,125814616,751751016,8,1
2026-08-22T17:39:15+08:00,62759,0,29049,81920,67,1,36,195.84,255824064512,165618319360,88083120128,0,0,12756,0,0,863503232,125814616,751751016,8,1
2026-08-22T17:39:15+08:00,62759,1,29151,81920,0,0,43,87.2,255824064512,165618319360,88083120128,0,0,12756,0,0,863503232,125814616,751751016,8,1
2026-08-22T17:40:14+08:00,62818,0,28355,81920,5,1,32,67.82,255733903360,165524344832,88083570688,0,0,12756,0,0,863617780,125814616,751751016,8,1
2026-08-22T17:40:14+08:00,62818,1,28161,81920,1,0,44,70.93,255733903360,165524344832,88083570688,0,0,12756,0,0,863617780,125814616,751751016,8,1
2026-08-22T17:41:14+08:00,62878,0,29357,81920,100,41,50,408.02,250098552832,159904518144,88085090304,0,0,12756,0,0,869430360,125814616,751749952,6,1
2026-08-22T17:41:14+08:00,62878,1,29455,81920,100,40,64,370.02,250098552832,159904518144,88085090304,0,0,12756,0,0,869430360,125814616,751749952,6,1
2026-08-22T17:42:15+08:00,62939,0,19723,81920,6,1,35,70.26,250372403200,160172486656,88085565440,0,0,12756,0,0,868862956,125814616,751749904,8,1
2026-08-22T17:42:15+08:00,62939,1,19569,81920,3,0,49,74.24,250372403200,160172486656,88085565440,0,0,12756,0,0,868862956,125814616,751749904,8,1
2026-08-22T17:43:15+08:00,62999,0,26287,81920,0,0,35,83.74,250475839488,160275562496,88086040576,0,0,12756,0,0,868837944,125814616,751749904,8,1
2026-08-22T17:43:15+08:00,62999,1,26134,81920,99,1,52,162.77,250475839488,160275562496,88086040576,0,0,12756,0,0,868837944,125814616,751749904,8,1
2026-08-22T17:44:15+08:00,63059,0,25443,81920,2,0,33,67.82,250520883200,160321708032,88086482944,0,0,12756,0,0,868757196,125814616,751749904,8,1
2026-08-22T17:44:15+08:00,63059,1,26198,81920,63,1,50,95.22,250520883200,160321708032,88086482944,0,0,12756,0,0,868757196,125814616,751749904,8,1
2026-08-22T17:45:14+08:00,63118,0,23403,81920,3,0,34,69.04,250928369664,160726175744,88086904832,0,0,12756,0,0,868276464,125814616,751749904,8,1
2026-08-22T17:45:14+08:00,63118,1,23977,81920,2,0,49,96.17,250928369664,160726175744,88086904832,0,0,12756,0,0,868276464,125814616,751749904,8,1
2026-08-22T17:46:14+08:00,63178,0,26863,81920,57,1,36,165.54,251084283904,160883552256,88087359488,0,0,12756,0,0,868190544,125814616,751749904,8,1
2026-08-22T17:46:14+08:00,63178,1,25309,81920,0,0,50,73.96,251084283904,160883552256,88087359488,0,0,12756,0,0,868190544,125814616,751749904,8,1
2026-08-22T17:47:14+08:00,63238,0,25497,81920,0,0,34,85.46,251780100096,161577418752,88087805952,0,0,12756,0,0,867690308,125814616,751749936,8,1
2026-08-22T17:47:14+08:00,63238,1,26710,81920,0,0,50,92.88,251780100096,161577418752,88087805952,0,0,12756,0,0,867690308,125814616,751749936,8,1
2026-08-22T17:48:13+08:00,63297,0,24224,81920,0,0,34,69.38,251536867328,161330991104,88088240128,0,0,12756,0,0,867886496,125814616,751749936,8,1
2026-08-22T17:48:13+08:00,63297,1,25161,81920,5,1,42,70.66,251536867328,161330991104,88088240128,0,0,12756,0,0,867886496,125814616,751749936,8,1
2026-08-22T17:49:15+08:00,63359,0,26863,81920,0,0,34,83.57,252049387520,161842642944,88088694784,0,0,12756,0,0,867399372,125814616,751749520,8,1
2026-08-22T17:49:15+08:00,63359,1,26926,81920,69,20,43,87.29,252049387520,161842642944,88088694784,0,0,12756,0,0,867399372,125814616,751749520,8,1
2026-08-22T17:50:14+08:00,63418,0,26173,81920,0,0,33,68.16,252113018880,161903976448,88089157632,0,0,12756,0,0,867302112,125814616,751749520,8,1
2026-08-22T17:50:14+08:00,63418,1,27225,81920,58,1,38,158.61,252113018880,161903976448,88089157632,0,0,12756,0,0,867302112,125814616,751749520,8,1
2026-08-22T17:51:14+08:00,63478,0,26785,81920,0,0,35,83.91,253206421504,162998222848,88089608192,0,0,12756,0,0,866268288,125814616,751749520,8,1
2026-08-22T17:51:14+08:00,63478,1,26203,81920,0,0,35,82.69,253206421504,162998222848,88089608192,0,0,12756,0,0,866268288,125814616,751749520,8,1
2026-08-22T17:52:15+08:00,63539,0,27769,81920,94,1,37,192.66,253900578816,163689914368,88090021888,0,0,12756,0,0,865616552,125814616,751749520,8,1
2026-08-22T17:52:15+08:00,63539,1,24717,81920,2,0,35,68.16,253900578816,163689914368,88090021888,0,0,12756,0,0,865616552,125814616,751749520,8,1
2026-08-22T17:53:14+08:00,63598,0,26577,81920,0,0,33,70.33,254409367552,164197355520,88090480640,0,0,12756,0,0,865074812,125814616,751749520,8,1
2026-08-22T17:53:14+08:00,63598,1,27616,81920,0,0,34,67.01,254409367552,164197355520,88090480640,0,0,12756,0,0,865074812,125814616,751749520,8,1
2026-08-22T17:54:14+08:00,63658,0,25691,81920,0,0,33,67.89,254455668736,164243931136,88090939392,0,0,12756,0,0,865068628,125814616,751747884,8,1
2026-08-22T17:54:14+08:00,63658,1,26917,81920,0,0,33,67.63,254455668736,164243931136,88090939392,0,0,12756,0,0,865068628,125814616,751747884,8,1
2026-08-22T17:55:13+08:00,63717,0,28025,81920,0,0,35,83.91,254547881984,164331724800,88091373568,0,0,12756,0,0,864940128,125814616,751747884,8,1
2026-08-22T17:55:13+08:00,63717,1,26092,81920,0,0,34,68.23,254547881984,164331724800,88091373568,0,0,12756,0,0,864940128,125814616,751747884,8,1
2026-08-22T17:56:15+08:00,63779,0,27075,81920,0,0,32,67.56,254479020032,164267499520,88091815936,0,0,12756,0,0,865000748,125814616,751747884,8,1
2026-08-22T17:56:15+08:00,63779,1,27872,81920,0,0,35,83.91,254479020032,164267499520,88091815936,0,0,12756,0,0,865000748,125814616,751747884,8,1
2026-08-22T17:57:14+08:00,63838,0,25642,81920,0,0,33,67.89,254508441600,164291084288,88092278784,0,0,12756,0,0,864989180,125814616,751747884,8,1
2026-08-22T17:57:14+08:00,63838,1,26877,81920,1,0,33,68.23,254508441600,164291084288,88092278784,0,0,12756,0,0,864989180,125814616,751747884,8,1
2026-08-22T17:58:14+08:00,63898,0,28281,81920,3,0,36,167.69,254793519104,164579823616,88092733440,0,0,12756,0,0,864692316,125814616,751747884,8,1
2026-08-22T17:58:14+08:00,63898,1,27158,81920,0,0,34,66.94,254793519104,164579823616,88092733440,0,0,12756,0,0,864692316,125814616,751747884,8,1
2026-08-22T17:59:13+08:00,63957,0,27331,81920,0,0,32,67.82,254503235584,164288147456,88093151232,0,0,12756,0,0,865004996,125814616,751747884,8,1
2026-08-22T17:59:13+08:00,63957,1,28896,81920,40,1,38,192.86,254503235584,164288147456,88093151232,0,0,12756,0,0,865004996,125814616,751747884,8,1
2026-08-22T18:00:15+08:00,64019,0,26453,81920,4,0,33,70.66,255420583936,165209677824,88093601792,0,0,12756,0,0,864056724,125814616,751747884,8,1
2026-08-22T18:00:15+08:00,64019,1,27699,81920,5,0,34,84.24,255420583936,165209677824,88093601792,0,0,12756,0,0,864056724,125814616,751747884,8,1
2026-08-22T18:01:15+08:00,64079,0,28793,81920,75,1,36,115.72,255541727232,165322899456,88094064640,0,0,12756,0,0,863973912,125814616,751747884,8,1
2026-08-22T18:01:15+08:00,64079,1,27628,81920,0,0,34,67.23,255541727232,165322899456,88094064640,0,0,12756,0,0,863973912,125814616,751747884,8,1
2026-08-22T18:02:14+08:00,64138,0,28495,81920,0,0,32,67.89,257286197248,168325763072,86836219904,0,0,17555,0,0,861004016,125814616,751747884,8,1
2026-08-22T18:02:14+08:00,64138,1,29407,81920,0,0,35,83.05,257286197248,168325763072,86836219904,0,0,17555,0,0,861004016,125814616,751747884,8,1
2026-08-22T18:03:14+08:00,64198,0,27423,81920,0,0,33,67.56,257194815488,168733065216,86332948480,0,0,19475,0,0,860640576,125814616,751747884,8,1
2026-08-22T18:03:14+08:00,64198,1,28805,81920,0,0,33,66.68,257194815488,168733065216,86332948480,0,0,19475,0,0,860640576,125814616,751747884,8,1
2026-08-22T18:04:15+08:00,64259,0,29817,81920,57,1,36,94.71,257262895104,170190106624,84942368768,0,0,24779,0,0,859179064,125814616,751747884,8,1
2026-08-22T18:04:15+08:00,64259,1,27521,81920,7,0,33,66.94,257262895104,170190106624,84942368768,0,0,24779,0,0,859179064,125814616,751747884,8,1
2026-08-22T18:05:15+08:00,64319,0,28867,81920,2,0,32,67.56,256822300672,170192027648,84500848640,0,0,26465,0,0,859167064,125814616,751747884,8,1
2026-08-22T18:05:15+08:00,64319,1,29663,81920,68,1,36,84.93,256822300672,170192027648,84500848640,0,0,26465,0,0,859167064,125814616,751747884,8,1
2026-08-22T18:06:14+08:00,64378,0,29357,81920,100,40,49,434.87,249900937216,163282341888,84502360064,0,0,26465,0,0,866322212,125814616,751746824,6,1
2026-08-22T18:06:14+08:00,64378,1,29455,81920,100,41,48,411.8,249900937216,163282341888,84502360064,0,0,26465,0,0,866322212,125814616,751746824,6,1
2026-08-22T18:07:14+08:00,64438,0,19265,81920,92,1,36,87.61,246743273472,160127041536,84502814720,0,0,26465,0,0,869152428,125814616,751746808,8,1
2026-08-22T18:07:14+08:00,64438,1,19112,81920,2,0,36,84.84,246743273472,160127041536,84502814720,0,0,26465,0,0,869152428,125814616,751746808,8,1
2026-08-22T18:08:13+08:00,64497,0,26543,81920,81,1,35,115.38,247392980992,160773562368,84503281664,0,0,26465,0,0,868466908,125814616,751746380,8,1
2026-08-22T18:08:13+08:00,64497,1,26390,81920,0,0,35,83.38,247392980992,160773562368,84503281664,0,0,26465,0,0,868466908,125814616,751746380,8,1
2026-08-22T18:09:15+08:00,64559,0,26053,81920,0,0,33,84.84,247789883392,161169354752,84503736320,0,0,26465,0,0,868047300,125814616,751746380,8,1
2026-08-22T18:09:15+08:00,64559,1,25088,81920,0,0,33,82.69,247789883392,161169354752,84503736320,0,0,26465,0,0,868047300,125814616,751746380,8,1
2026-08-22T18:10:14+08:00,64618,0,24053,81920,0,0,33,82.96,248725340160,162103042048,84504162304,0,0,26465,0,0,867135320,125814616,751746380,8,1
2026-08-22T18:10:14+08:00,64618,1,23299,81920,0,0,34,66.94,248725340160,162103042048,84504162304,0,0,26465,0,0,867135320,125814616,751746380,8,1
2026-08-22T18:11:14+08:00,64678,0,27119,81920,0,0,36,83.29,248399384576,161778151424,84504616960,0,0,26465,0,0,867490528,125814616,751746380,8,1
2026-08-22T18:11:14+08:00,64678,1,26966,81920,0,0,33,66.68,248399384576,161778151424,84504616960,0,0,26465,0,0,867490528,125814616,751746380,8,1
2026-08-22T18:12:13+08:00,64737,0,27119,81920,80,26,35,83.91,248866619392,162244759552,84505100288,0,0,26465,0,0,867016480,125814616,751746384,8,1
2026-08-22T18:12:13+08:00,64737,1,25557,81920,0,0,34,83.57,248866619392,162244759552,84505100288,0,0,26465,0,0,867016480,125814616,751746384,8,1
2026-08-22T18:13:15+08:00,64799,0,25575,81920,0,0,32,68.16,248850075648,162228457472,84505522176,0,0,26465,0,0,867045444,125814616,751746804,8,1
2026-08-22T18:13:15+08:00,64799,1,24579,81920,0,0,34,67.01,248850075648,162228457472,84505522176,0,0,26465,0,0,867045444,125814616,751746804,8,1
2026-08-22T18:14:15+08:00,64859,0,27119,81920,0,0,34,83.91,248710328320,162087464960,84505948160,0,0,26465,0,0,867173732,125814616,751737588,8,1
2026-08-22T18:14:15+08:00,64859,1,26454,81920,1,0,38,83.29,248710328320,162087464960,84505948160,0,0,26465,0,0,867173732,125814616,751737588,8,1
2026-08-22T18:15:14+08:00,64918,0,26057,81920,0,0,32,68.16,249140670464,162516652032,84506415104,0,0,26465,0,0,866766740,125814616,751737588,8,1
2026-08-22T18:15:14+08:00,64918,1,25092,81920,0,0,34,84.84,249140670464,162516652032,84506415104,0,0,26465,0,0,866766740,125814616,751737588,8,1
2026-08-22T18:16:14+08:00,64978,0,23702,81920,3,0,33,68.49,248745865216,162122362880,84506861568,0,0,26465,0,0,867143832,125814616,751737588,8,1
2026-08-22T18:16:14+08:00,64978,1,23545,81920,5,0,34,67.01,248745865216,162122362880,84506861568,0,0,26465,0,0,867143832,125814616,751737588,8,1
2026-08-22T18:17:13+08:00,65037,0,27257,81920,0,0,35,83.57,249172738048,162548371456,84507291648,0,0,26465,0,0,866742532,125814616,751737588,8,1
2026-08-22T18:17:13+08:00,65037,1,26848,81920,0,0,34,67.01,249172738048,162548371456,84507291648,0,0,26465,0,0,866742532,125814616,751737588,8,1
2026-08-22T18:18:15+08:00,65099,0,27257,81920,95,1,34,176.0,249333116928,162705457152,84507734016,0,0,26465,0,0,866574524,125814616,751737588,8,1
2026-08-22T18:18:15+08:00,65099,1,27007,81920,2,0,33,67.01,249333116928,162705457152,84507734016,0,0,26465,0,0,866574524,125814616,751737588,8,1
2026-08-22T18:19:14+08:00,65158,0,25713,81920,4,0,32,77.15,249303777280,162686722048,84508209152,0,0,26465,0,0,866545060,125814616,751754044,8,1
2026-08-22T18:19:14+08:00,65158,1,25057,81920,4,0,34,83.91,249303777280,162686722048,84508209152,0,0,26465,0,0,866545060,125814616,751754044,8,1
2026-08-22T18:20:14+08:00,65218,0,27473,81920,87,32,38,86.68,249862430720,163232804864,84508647424,0,0,26465,0,0,866078884,125814616,751737588,8,1
2026-08-22T18:20:14+08:00,65218,1,27360,81920,68,1,37,83.29,249862430720,163232804864,84508647424,0,0,26465,0,0,866078884,125814616,751737588,8,1
2026-08-22T18:21:15+08:00,65279,0,28537,81920,95,2,37,128.01,250725797888,164094926848,84509057024,0,0,26465,0,0,865213476,125814616,751737588,8,1
2026-08-22T18:21:15+08:00,65279,1,27615,81920,0,0,34,82.96,250725797888,164094926848,84509057024,0,0,26465,0,0,865213476,125814616,751737588,8,1
2026-08-22T18:22:14+08:00,65338,0,26791,81920,5,0,33,91.94,250730287104,164099735552,84509536256,0,0,26465,0,0,865209520,125814616,751737588,8,1
2026-08-22T18:22:14+08:00,65338,1,26121,81920,20,0,34,82.69,250730287104,164099735552,84509536256,0,0,26465,0,0,865209520,125814616,751737588,8,1
2026-08-22T18:23:14+08:00,65398,0,28537,81920,31,0,35,83.91,250881302528,164248797184,84509962240,0,0,26465,0,0,865046544,125814616,751737588,8,1
2026-08-22T18:23:14+08:00,65398,1,27872,81920,81,1,36,83.57,250881302528,164248797184,84509962240,0,0,26465,0,0,865046544,125814616,751737588,8,1
2026-08-22T18:24:15+08:00,65459,0,29049,81920,0,0,32,68.16,251753418752,165120675840,84510420992,0,0,26465,0,0,864141300,125814616,751737588,8,1
2026-08-22T18:24:15+08:00,65459,1,28031,81920,6,1,33,68.85,251753418752,165120675840,84510420992,0,0,26465,0,0,864141300,125814616,751737588,8,1
2026-08-22T18:25:15+08:00,65519,0,27209,81920,10,0,32,69.11,251879960576,165244694528,84510846976,0,0,26465,0,0,864061056,125814616,751737588,8,1
2026-08-22T18:25:15+08:00,65519,1,26795,81920,7,1,33,67.96,251879960576,165244694528,84510846976,0,0,26465,0,0,864061056,125814616,751737588,8,1
2026-08-22T18:26:14+08:00,65578,0,29049,81920,99,1,38,167.69,252026048512,165390331904,84511330304,0,0,26465,0,0,863927816,125814616,751737588,8,1
2026-08-22T18:26:14+08:00,65578,1,28640,81920,0,0,34,67.23,252026048512,165390331904,84511330304,0,0,26465,0,0,863927816,125814616,751737588,8,1
2026-08-22T18:27:14+08:00,65638,0,29561,81920,67,1,35,97.82,252641497088,166012493824,84511764480,0,0,26465,0,0,863290648,125814616,751737588,8,1
2026-08-22T18:27:14+08:00,65638,1,28598,81920,5,0,34,83.99,252641497088,166012493824,84511764480,0,0,26465,0,0,863290648,125814616,751737588,8,1
2026-08-22T18:28:15+08:00,65699,0,28071,81920,0,0,33,70.0,252684591104,166044880896,84512190464,0,0,26465,0,0,863258196,125814616,751737180,8,1
2026-08-22T18:28:15+08:00,65699,1,26807,81920,80,1,35,89.17,252684591104,166044880896,84512190464,0,0,26465,0,0,863258196,125814616,751737180,8,1
2026-08-22T18:29:15+08:00,65759,0,29817,81920,0,0,34,83.57,253849579520,167209656320,84512665600,0,0,26465,0,0,862080004,125814616,751737180,8,1
2026-08-22T18:29:15+08:00,65759,1,29407,81920,99,2,36,86.39,253849579520,167209656320,84512665600,0,0,26465,0,0,862080004,125814616,751737180,8,1
2026-08-22T18:30:14+08:00,65818,0,30073,81920,0,0,33,82.96,253958438912,167318466560,84513099776,0,0,26465,0,0,861999200,125814616,751752540,8,1
2026-08-22T18:30:14+08:00,65818,1,28511,81920,3,0,33,68.49,253958438912,167318466560,84513099776,0,0,26465,0,0,861999200,125814616,751752540,8,1
2026-08-22T18:31:14+08:00,65878,0,29567,81920,86,30,46,418.26,248159973376,161531506688,84514615296,0,0,26465,0,0,867992216,125814616,751751480,6,1
2026-08-22T18:31:14+08:00,65878,1,29455,81920,53,18,48,411.19,248159973376,161531506688,84514615296,0,0,26465,0,0,867992216,125814616,751751480,6,1
2026-08-22T18:32:15+08:00,65939,0,19265,81920,0,0,35,68.78,246755692544,160125952000,84515090432,0,0,26465,0,0,869156380,125814616,751751460,8,1
2026-08-22T18:32:15+08:00,65939,1,19112,81920,0,0,37,84.51,246755692544,160125952000,84515090432,0,0,26465,0,0,869156380,125814616,751751460,8,1
2026-08-22T18:33:15+08:00,65999,0,26287,81920,29,7,45,400.84,247395680256,160762744832,84515561472,0,0,26465,0,0,868443752,125814616,751751864,8,1
2026-08-22T18:33:15+08:00,65999,1,26390,81920,0,0,36,83.21,247395680256,160762744832,84515561472,0,0,26465,0,0,868443752,125814616,751751864,8,1
2026-08-22T18:34:14+08:00,66058,0,26351,81920,100,1,35,151.64,247287005184,160657494016,84515987456,0,0,26465,0,0,868550656,125814616,751751852,8,1
2026-08-22T18:34:14+08:00,66058,1,25900,81920,0,0,33,67.56,247287005184,160657494016,84515987456,0,0,26465,0,0,868550656,125814616,751751852,8,1
2026-08-22T18:35:14+08:00,66118,0,24135,81920,82,1,33,85.46,247179436032,160548745216,84516425728,0,0,26465,0,0,868628028,125814616,751750828,8,1
2026-08-22T18:35:14+08:00,66118,1,23525,81920,10,0,34,68.23,247179436032,160548745216,84516425728,0,0,26465,0,0,868628028,125814616,751750828,8,1
2026-08-22T18:36:15+08:00,66179,0,26351,81920,98,1,39,114.16,247405641728,160774955008,84516888576,0,0,26465,0,0,868436668,125814616,751750828,8,1
2026-08-22T18:36:15+08:00,66179,1,26966,81920,0,0,35,83.29,247405641728,160774955008,84516888576,0,0,26465,0,0,868436668,125814616,751750828,8,1
2026-08-22T18:37:14+08:00,66238,0,26607,81920,0,0,33,82.96,247501361152,160866545664,84517339136,0,0,26465,0,0,868368336,125814616,751750832,8,1
2026-08-22T18:37:14+08:00,66238,1,26668,81920,0,0,33,67.01,247501361152,160866545664,84517339136,0,0,26465,0,0,868368336,125814616,751750832,8,1
2026-08-22T18:38:14+08:00,66298,0,25063,81920,4,0,32,67.89,247459909632,160826572800,84517781504,0,0,26465,0,0,868369440,125814616,751750832,8,1
2026-08-22T18:38:14+08:00,66298,1,24877,81920,0,0,34,82.69,247459909632,160826572800,84517781504,0,0,26465,0,0,868369440,125814616,751750832,8,1
2026-08-22T18:39:13+08:00,66357,0,26269,81920,0,0,35,83.57,247627927552,160993288192,84518207488,0,0,26465,0,0,868251436,125814616,751750840,8,1
2026-08-22T18:39:13+08:00,66357,1,27478,81920,0,0,35,83.57,247627927552,160993288192,84518207488,0,0,26465,0,0,868251436,125814616,751750840,8,1
2026-08-22T18:40:15+08:00,66419,0,27379,81920,35,1,37,166.86,248169799680,161534849024,84518674432,0,0,26465,0,0,867707324,125814616,751750840,8,1
2026-08-22T18:40:15+08:00,66419,1,27481,81920,55,1,37,156.72,248169799680,161534849024,84518674432,0,0,26465,0,0,867707324,125814616,751750840,8,1
2026-08-22T18:41:14+08:00,66478,0,25969,81920,7,0,32,69.11,248493068288,161858420736,84519116800,0,0,26465,0,0,867445012,125814616,751750840,8,1
2026-08-22T18:41:14+08:00,66478,1,25865,81920,0,0,34,82.69,248493068288,161858420736,84519116800,0,0,26465,0,0,867445012,125814616,751750840,8,1
2026-08-22T18:42:14+08:00,66538,0,25775,81920,1,0,34,67.89,248729014272,162090672128,84519555072,0,0,26465,0,0,867190560,125814616,751750840,8,1
2026-08-22T18:42:14+08:00,66538,1,27872,81920,65,1,36,83.38,248729014272,162090672128,84519555072,0,0,26465,0,0,867190560,125814616,751750840,8,1
2026-08-22T18:43:13+08:00,66597,0,27769,81920,68,1,35,171.07,249543831552,162904977408,84520026112,0,0,26465,0,0,866348488,125814616,751750840,8,1
2026-08-22T18:43:13+08:00,66597,1,28288,81920,10,0,33,66.61,249543831552,162904977408,84520026112,0,0,26465,0,0,866348488,125814616,751750840,8,1
2026-08-22T18:44:15+08:00,66659,0,26873,81920,0,0,33,82.96,249619648512,162981187584,84520456192,0,0,26465,0,0,866281336,125814616,751750840,8,1
2026-08-22T18:44:15+08:00,66659,1,27091,81920,0,0,33,67.96,249619648512,162981187584,84520456192,0,0,26465,0,0,866281336,125814616,751750840,8,1
2026-08-22T18:45:14+08:00,66718,0,25898,81920,0,0,33,67.49,250475143168,163832188928,84520894464,0,0,26465,0,0,865428288,125814616,751750840,8,1
2026-08-22T18:45:14+08:00,66718,1,28896,81920,100,1,39,149.02,250475143168,163832188928,84520894464,0,0,26465,0,0,865428288,125814616,751750840,8,1
2026-08-22T18:46:14+08:00,66778,0,28793,81920,0,0,33,67.56,250977013760,164333473792,84521353216,0,0,26465,0,0,864968788,125814616,751750840,8,1
2026-08-22T18:46:14+08:00,66778,1,29152,81920,0,0,34,82.77,250977013760,164333473792,84521353216,0,0,26465,0,0,864968788,125814616,751750840,8,1
2026-08-22T18:47:15+08:00,66839,0,27641,81920,0,0,32,67.89,251010994176,164366942208,84521803776,0,0,26465,0,0,864963256,125814616,751750436,8,1
2026-08-22T18:47:15+08:00,66839,1,27603,81920,0,0,33,70.73,251010994176,164366942208,84521803776,0,0,26465,0,0,864963256,125814616,751750436,8,1
2026-08-22T18:48:15+08:00,66899,0,29305,81920,100,2,37,107.07,251584368640,164939956224,84522250240,0,0,26465,0,0,864359404,125814616,751750436,8,1
2026-08-22T18:48:15+08:00,66899,1,29152,81920,97,1,35,99.97,251584368640,164939956224,84522250240,0,0,26465,0,0,864359404,125814616,751750436,8,1
2026-08-22T18:49:14+08:00,66958,0,29305,81920,61,1,34,83.29,252319744000,165672476672,84522680320,0,0,26465,0,0,863630636,125814616,751750436,8,1
2026-08-22T18:49:14+08:00,66958,1,29640,81920,15,0,34,119.7,252319744000,165672476672,84522680320,0,0,26465,0,0,863630636,125814616,751750436,8,1
2026-08-22T18:50:14+08:00,67018,0,28315,81920,1,0,32,68.78,252292820992,165646987264,84523134976,0,0,26465,0,0,863581336,125814616,751750436,8,1
2026-08-22T18:50:14+08:00,67018,1,27913,81920,0,0,33,68.23,252292820992,165646987264,84523134976,0,0,26465,0,0,863581336,125814616,751750436,8,1
2026-08-22T18:51:15+08:00,67079,0,27781,81920,0,0,33,67.89,252899692544,166249275392,84523593728,0,0,26465,0,0,863084112,125814616,751748900,8,1
2026-08-22T18:51:15+08:00,67079,1,29325,81920,0,0,35,83.38,252899692544,166249275392,84523593728,0,0,26465,0,0,863084112,125814616,751748900,8,1
2026-08-22T18:52:15+08:00,67139,0,29561,81920,0,0,34,83.91,253115478016,166447755264,84524007424,0,0,26465,0,0,862871300,125814616,751749300,8,1
2026-08-22T18:52:15+08:00,67139,1,30176,81920,100,2,37,145.31,253115478016,166447755264,84524007424,0,0,26465,0,0,862871300,125814616,751749300,8,1
2026-08-22T18:53:14+08:00,67198,0,28665,81920,0,0,33,84.84,253482450944,166831521792,84524449792,0,0,26465,0,0,862505736,125814616,751749300,8,1
2026-08-22T18:53:14+08:00,67198,1,28925,81920,0,0,33,67.01,253482450944,166831521792,84524449792,0,0,26465,0,0,862505736,125814616,751749300,8,1
2026-08-22T18:54:14+08:00,67258,0,27381,81920,0,0,33,67.89,253245530112,166592188416,84524908544,0,0,26465,0,0,862760072,125814616,751749300,8,1
2026-08-22T18:54:14+08:00,67258,1,30175,81920,100,1,39,99.64,253245530112,166592188416,84524908544,0,0,26465,0,0,862760072,125814616,751749300,8,1
2026-08-22T18:55:15+08:00,67319,0,29817,81920,31,0,34,83.57,253902336000,167249391616,84525363200,0,0,26465,0,0,862073032,125814616,751749300,8,1
2026-08-22T18:55:15+08:00,67319,1,30688,81920,0,0,34,84.51,253902336000,167249391616,84525363200,0,0,26465,0,0,862073032,125814616,751749300,8,1
2026-08-22T18:56:15+08:00,67379,0,29809,81920,58,21,54,385.7,245957754880,159319384064,84526870528,0,0,26465,0,0,870199464,125814616,751747724,6,1
2026-08-22T18:56:15+08:00,67379,1,29819,81920,67,18,56,398.88,245957754880,159319384064,84526870528,0,0,26465,0,0,870199464,125814616,751747724,6,1
2026-08-22T18:57:14+08:00,67438,0,23277,81920,0,0,34,68.16,249148076032,162511081472,84527374336,0,0,26465,0,0,866774416,125814616,751747720,8,1
2026-08-22T18:57:14+08:00,67438,1,23582,81920,0,0,35,67.63,249148076032,162511081472,84527374336,0,0,26465,0,0,866774416,125814616,751747720,8,1
2026-08-22T18:58:15+08:00,67499,0,22677,81920,0,0,33,68.16,250125156352,163477512192,84527812608,0,0,26465,0,0,865885576,125814616,751747720,8,1
2026-08-22T18:58:15+08:00,67499,1,22169,81920,5,0,34,67.29,250125156352,163477512192,84527812608,0,0,26465,0,0,865885576,125814616,751747720,8,1
2026-08-22T18:59:15+08:00,67559,0,26863,81920,84,2,37,149.2,250922467328,164272087040,84528263168,0,0,26465,0,0,865015504,125814616,751747720,8,1
2026-08-22T18:59:15+08:00,67559,1,26453,81920,0,0,35,67.89,250922467328,164272087040,84528263168,0,0,26465,0,0,865015504,125814616,751747720,8,1
2026-08-22T19:00:15+08:00,67619,0,25753,81920,4,0,33,85.13,250998620160,164351250432,84528680960,0,0,26465,0,0,864931304,125814616,751747720,8,1
2026-08-22T19:00:15+08:00,67619,1,26686,81920,18,0,34,124.03,250998620160,164351250432,84528680960,0,0,26465,0,0,864931304,125814616,751747720,8,1
2026-08-22T19:01:14+08:00,67678,0,24480,81920,0,0,33,67.89,251465383936,164814839808,84529143808,0,0,26465,0,0,864482132,125814616,751747720,8,1
2026-08-22T19:01:14+08:00,67678,1,24447,81920,0,0,34,82.96,251465383936,164814839808,84529143808,0,0,26465,0,0,864482132,125814616,751747720,8,1
2026-08-22T19:02:14+08:00,67738,0,27887,81920,0,0,34,83.57,251893637120,165242802176,84529582080,0,0,26465,0,0,864016364,125814616,751747720,8,1
2026-08-22T19:02:14+08:00,67738,1,26709,81920,100,2,39,170.63,251893637120,165242802176,84529582080,0,0,26465,0,0,864016364,125814616,751747720,8,1
2026-08-22T19:03:15+08:00,67799,0,26735,81920,0,0,33,84.51,252433924096,165777629184,84530028544,0,0,26465,0,0,863571900,125814616,751747656,8,1
2026-08-22T19:03:15+08:00,67799,1,26709,81920,0,0,34,83.29,252433924096,165777629184,84530028544,0,0,26465,0,0,863571900,125814616,751747656,8,1
2026-08-22T19:04:15+08:00,67859,0,26701,81920,0,0,33,68.16,251825397760,165169901568,84530487296,0,0,26465,0,0,864143900,125814616,751747656,8,1
2026-08-22T19:04:15+08:00,67859,1,25817,81920,4,0,34,87.01,251825397760,165169901568,84530487296,0,0,26465,0,0,864143900,125814616,751747656,8,1
2026-08-22T19:05:14+08:00,67918,0,27891,81920,9,0,36,179.71,252620345344,165966417920,84530946048,0,0,26465,0,0,863381996,125814616,751747656,8,1
2026-08-22T19:05:14+08:00,67918,1,24919,81920,0,0,34,67.23,252620345344,165966417920,84530946048,0,0,26465,0,0,863381996,125814616,751747656,8,1
2026-08-22T19:06:14+08:00,67978,0,26873,81920,0,0,33,82.6,253361979392,166704209920,84531367936,0,0,26465,0,0,862613980,125814616,751748680,8,1
2026-08-22T19:06:14+08:00,67978,1,27616,81920,43,1,37,119.37,253361979392,166704209920,84531367936,0,0,26465,0,0,862613980,125814616,751748680,8,1
2026-08-22T19:07:15+08:00,68039,0,25642,81920,0,0,33,67.56,253055627264,166397153280,84531814400,0,0,26465,0,0,862917776,125814616,751748680,8,1
2026-08-22T19:07:15+08:00,68039,1,27017,81920,0,0,34,84.24,253055627264,166397153280,84531814400,0,0,26465,0,0,862917776,125814616,751748680,8,1
2026-08-22T19:08:15+08:00,68099,0,28281,81920,0,0,33,67.56,253178601472,166518374400,84532264960,0,0,26465,0,0,862892972,125814616,751748740,8,1
2026-08-22T19:08:15+08:00,68099,1,25431,81920,8,0,34,67.01,253178601472,166518374400,84532264960,0,0,26465,0,0,862892972,125814616,751748740,8,1
2026-08-22T19:09:14+08:00,68158,0,27129,81920,0,0,33,84.84,253773635584,167111274496,84532707328,0,0,26465,0,0,862240324,125814616,751748340,8,1
2026-08-22T19:09:14+08:00,68158,1,28384,81920,66,1,36,85.73,253773635584,167111274496,84532707328,0,0,26465,0,0,862240324,125814616,751748340,8,1
2026-08-22T19:10:14+08:00,68218,0,26459,81920,0,0,33,67.89,254154555392,167495852032,84533141504,0,0,26465,0,0,861855136,125814616,751748340,8,1
2026-08-22T19:10:14+08:00,68218,1,27829,81920,2,0,34,83.91,254154555392,167495852032,84533141504,0,0,26465,0,0,861855136,125814616,751748340,8,1
2026-08-22T19:11:15+08:00,68279,0,28793,81920,78,1,37,161.22,254487818240,167825018880,84533616640,0,0,26465,0,0,861533672,125814616,751747828,8,1
2026-08-22T19:11:15+08:00,68279,1,26633,81920,35,0,34,82.96,254487818240,167825018880,84533616640,0,0,26465,0,0,861533672,125814616,751747828,8,1
2026-08-22T19:12:15+08:00,68339,0,27345,81920,0,0,33,84.84,254822629376,168160653312,84534063104,0,0,26465,0,0,861201656,125814616,751747828,8,1
2026-08-22T19:12:15+08:00,68339,1,28046,81920,0,0,36,84.32,254822629376,168160653312,84534063104,0,0,26465,0,0,861201656,125814616,751747828,8,1
2026-08-22T19:13:14+08:00,68398,0,29305,81920,0,0,33,67.89,255773978624,169106780160,84534493184,0,0,26465,0,0,860289572,125814616,751747828,8,1
2026-08-22T19:13:14+08:00,68398,1,28896,81920,95,1,37,199.34,255773978624,169106780160,84534493184,0,0,26465,0,0,860289572,125814616,751747828,8,1
2026-08-22T19:14:14+08:00,68458,0,29305,81920,0,0,32,67.56,255773659136,169108045824,84534939648,0,0,26465,0,0,860314564,125814616,751748224,8,1
2026-08-22T19:14:14+08:00,68458,1,27739,81920,13,0,34,88.56,255773659136,169108045824,84534939648,0,0,26465,0,0,860314564,125814616,751748224,8,1
2026-08-22T19:15:15+08:00,68519,0,27815,81920,21,0,33,82.96,255834574848,169166921728,84535386112,0,0,26465,0,0,860237116,125814616,751748224,8,1
2026-08-22T19:15:15+08:00,68519,1,26509,81920,0,0,34,66.94,255834574848,169166921728,84535386112,0,0,26465,0,0,860237116,125814616,751748224,8,1
2026-08-22T19:16:15+08:00,68579,0,29561,81920,96,2,38,98.7,256123854848,169457344512,84535836672,0,0,26465,0,0,859937392,125814616,751748224,8,1
2026-08-22T19:16:15+08:00,68579,1,29151,81920,42,1,35,83.38,256123854848,169457344512,84535836672,0,0,26465,0,0,859937392,125814616,751748224,8,1
2026-08-22T19:17:14+08:00,68638,0,29817,81920,41,0,36,169.52,256931024896,170259898368,84536279040,0,0,26465,0,0,859173012,125814616,751747712,8,1
2026-08-22T19:17:14+08:00,68638,1,28251,81920,0,0,34,82.69,256931024896,170259898368,84536279040,0,0,26465,0,0,859173012,125814616,751747712,8,1
2026-08-22T19:18:14+08:00,68698,0,28625,81920,74,1,34,101.47,256866353152,170442522624,84290981888,0,0,27402,0,0,858963788,125814616,751747712,8,1
2026-08-22T19:18:14+08:00,68698,1,27223,81920,3,0,34,66.94,256866353152,170442522624,84290981888,0,0,27402,0,0,858963788,125814616,751747712,8,1
2026-08-22T19:19:13+08:00,68757,0,28293,81920,5,0,33,67.89,257387532288,170963247104,84291420160,0,0,27402,0,0,858429272,125814616,751747712,8,1
2026-08-22T19:19:13+08:00,68757,1,29919,81920,0,0,36,182.94,257387532288,170963247104,84291420160,0,0,27402,0,0,858429272,125814616,751747712,8,1
2026-08-22T19:20:15+08:00,68819,0,30058,81920,0,0,33,67.89,252807921664,166806740992,83876610048,0,0,28986,0,0,862650132,125814616,751747712,7,1
2026-08-22T19:20:15+08:00,68819,1,16267,81920,0,0,33,67.29,252807921664,166806740992,83876610048,0,0,28986,0,0,862650132,125814616,751747712,7,1
2026-08-22T19:21:15+08:00,68879,0,15088,81920,0,0,42,88.84,245561987072,159568015360,83878191104,0,0,28986,0,0,869860024,125814616,751746516,8,1
2026-08-22T19:21:15+08:00,68879,1,14931,81920,0,0,43,88.84,245561987072,159568015360,83878191104,0,0,28986,0,0,869860024,125814616,751746516,8,1
2026-08-22T19:22:14+08:00,68938,0,26287,81920,0,0,34,83.57,246161788928,160169357312,83878645760,0,0,28986,0,0,869057968,125814616,751747020,8,1
2026-08-22T19:22:14+08:00,68938,1,24906,81920,0,0,34,68.85,246161788928,160169357312,83878645760,0,0,28986,0,0,869057968,125814616,751747020,8,1
2026-08-22T19:23:14+08:00,68998,0,22261,81920,0,0,34,85.46,246517485568,160523452416,83879100416,0,0,28986,0,0,868749968,125814616,751747020,8,1
2026-08-22T19:23:14+08:00,68998,1,22817,81920,0,0,34,67.23,246517485568,160523452416,83879100416,0,0,28986,0,0,868749968,125814616,751747020,8,1
2026-08-22T19:24:13+08:00,69057,0,26607,81920,73,23,38,86.07,246141837312,160150368256,83879530496,0,0,28986,0,0,869079304,125814616,751747020,8,1
2026-08-22T19:24:13+08:00,69057,1,26453,81920,96,1,38,96.87,246141837312,160150368256,83879530496,0,0,28986,0,0,869079304,125814616,751747020,8,1
2026-08-22T19:25:15+08:00,69119,0,25797,81920,0,0,32,67.56,246574100480,160578355200,83879989248,0,0,28986,0,0,868671856,125814616,751747020,8,1
2026-08-22T19:25:15+08:00,69119,1,26966,81920,0,0,36,83.05,246574100480,160578355200,83879989248,0,0,28986,0,0,868671856,125814616,751747020,8,1
2026-08-22T19:26:14+08:00,69178,0,24011,81920,0,0,33,82.96,247456227328,161461673984,83880456192,0,0,28986,0,0,867815204,125814616,751747020,8,1
2026-08-22T19:26:14+08:00,69178,1,25261,81920,0,0,34,83.91,247456227328,161461673984,83880456192,0,0,28986,0,0,867815204,125814616,751747020,8,1
2026-08-22T19:27:14+08:00,69238,0,26863,81920,9,0,34,82.96,247014875136,161018834944,83880865792,0,0,28986,0,0,868248556,125814616,751746616,8,1
2026-08-22T19:27:14+08:00,69238,1,26333,81920,0,0,34,67.29,247014875136,161018834944,83880865792,0,0,28986,0,0,868248556,125814616,751746616,8,1
2026-08-22T19:28:14+08:00,69298,0,26009,81920,0,0,33,84.51,247889440768,161889157120,83881308160,0,0,28986,0,0,867383996,125814616,751746616,8,1
2026-08-22T19:28:14+08:00,69298,1,27734,81920,0,0,34,83.05,247889440768,161889157120,83881308160,0,0,28986,0,0,867383996,125814616,751746616,8,1
2026-08-22T19:29:15+08:00,69359,0,25291,81920,0,0,33,83.29,248123416576,162125586432,83881775104,0,0,28986,0,0,867174520,125814616,751746616,8,1
2026-08-22T19:29:15+08:00,69359,1,26841,81920,4,0,34,82.69,248123416576,162125586432,83881775104,0,0,28986,0,0,867174520,125814616,751746616,8,1
2026-08-22T19:30:15+08:00,69419,0,27635,81920,0,0,33,83.29,247476703232,161480589312,83882225664,0,0,28986,0,0,867777516,125814616,751746220,8,1
2026-08-22T19:30:15+08:00,69419,1,25229,81920,0,0,34,67.01,247476703232,161480589312,83882225664,0,0,28986,0,0,867777516,125814616,751746220,8,1
2026-08-22T19:31:14+08:00,69478,0,26915,81920,0,0,33,83.29,248101081088,162103336960,83882668032,0,0,28986,0,0,867174452,125814616,751746220,8,1
2026-08-22T19:31:14+08:00,69478,1,27872,81920,0,0,35,83.57,248101081088,162103336960,83882668032,0,0,28986,0,0,867174452,125814616,751746220,8,1
2026-08-22T19:32:14+08:00,69538,0,25685,81920,90,1,35,186.19,247536001024,161536053248,83883118592,0,0,28986,0,0,867748292,125814616,751745708,8,1
2026-08-22T19:32:14+08:00,69538,1,26975,81920,0,0,33,67.89,247536001024,161536053248,83883118592,0,0,28986,0,0,867748292,125814616,751745708,8,1
2026-08-22T19:33:13+08:00,69597,0,28281,81920,1,0,34,83.57,247541948416,161543434240,83883573248,0,0,28986,0,0,867684684,125814616,751745708,8,1
2026-08-22T19:33:13+08:00,69597,1,25783,81920,0,0,35,88.56,247541948416,161543434240,83883573248,0,0,28986,0,0,867684684,125814616,751745708,8,1
2026-08-22T19:34:15+08:00,69659,0,27885,81920,9,0,32,67.89,247887015936,161885396992,83883986944,0,0,28986,0,0,867386628,125814616,751745708,8,1
2026-08-22T19:34:15+08:00,69659,1,28384,81920,100,1,35,119.1,247887015936,161885396992,83883986944,0,0,28986,0,0,867386628,125814616,751745708,8,1
2026-08-22T19:35:15+08:00,69719,0,26154,81920,0,0,33,67.89,248374910976,162371506176,83884453888,0,0,28986,0,0,866875688,125814616,751745708,8,1
2026-08-22T19:35:15+08:00,69719,1,27801,81920,73,1,34,113.22,248374910976,162371506176,83884453888,0,0,28986,0,0,866875688,125814616,751745708,8,1
2026-08-22T19:36:14+08:00,69778,0,28793,81920,0,0,33,82.69,248440451072,162437935104,83884900352,0,0,28986,0,0,866848592,125814616,751746100,8,1
2026-08-22T19:36:14+08:00,69778,1,26795,81920,6,1,33,67.56,248440451072,162437935104,83884900352,0,0,28986,0,0,866848592,125814616,751746100,8,1
2026-08-22T19:37:13+08:00,69837,0,27641,81920,0,0,33,82.96,249072701440,163066920960,83885342720,0,0,28986,0,0,866220824,125814616,751745588,8,1
2026-08-22T19:37:13+08:00,69837,1,28640,81920,100,1,39,95.32,249072701440,163066920960,83885342720,0,0,28986,0,0,866220824,125814616,751745588,8,1
2026-08-22T19:38:15+08:00,69899,0,26410,81920,0,0,33,67.56,249136619520,163131994112,83885789184,0,0,28986,0,0,866134908,125814616,751745588,8,1
2026-08-22T19:38:15+08:00,69899,1,28896,81920,0,0,35,82.96,249136619520,163131994112,83885789184,0,0,28986,0,0,866134908,125814616,751745588,8,1
2026-08-22T19:39:15+08:00,69959,0,29305,81920,0,0,34,83.57,250144489472,164134842368,83886227456,0,0,28986,0,0,865211116,125814616,751745588,8,1
2026-08-22T19:39:15+08:00,69959,1,27699,81920,2,0,33,69.45,250144489472,164134842368,83886227456,0,0,28986,0,0,865211116,125814616,751745588,8,1
2026-08-22T19:40:14+08:00,70018,0,28611,81920,0,0,32,70.93,250566746112,164556390400,83886694400,0,0,28986,0,0,864703480,125814616,751745588,8,1
2026-08-22T19:40:14+08:00,70018,1,27628,81920,0,0,34,67.23,250566746112,164556390400,83886694400,0,0,28986,0,0,864703480,125814616,751745588,8,1
2026-08-22T19:41:14+08:00,70078,0,27381,81920,7,1,33,73.71,250774360064,164763406336,83887108096,0,0,28986,0,0,864489844,125814616,751745588,8,1
2026-08-22T19:41:14+08:00,70078,1,29407,81920,0,0,34,66.94,250774360064,164763406336,83887108096,0,0,28986,0,0,864489844,125814616,751745588,8,1
2026-08-22T19:42:15+08:00,70139,0,29561,81920,6,0,35,183.7,251006484480,164993343488,83887566848,0,0,28986,0,0,864285536,125814616,751746792,8,1
2026-08-22T19:42:15+08:00,70139,1,28709,81920,10,0,33,66.94,251006484480,164993343488,83887566848,0,0,28986,0,0,864285536,125814616,751746792,8,1
2026-08-22T19:43:15+08:00,70199,0,28963,81920,2,0,33,83.29,251188736000,165183229952,83888025600,0,0,28986,0,0,864092344,125814616,751746100,8,1
2026-08-22T19:43:15+08:00,70199,1,27319,81920,1,0,34,67.96,251188736000,165183229952,83888025600,0,0,28986,0,0,864092344,125814616,751746100,8,1
2026-08-22T19:44:14+08:00,70258,0,23637,81920,0,0,33,67.56,250041450496,164034416640,83888480256,0,0,28986,0,0,865279784,125814616,751746100,8,1
2026-08-22T19:44:14+08:00,70258,1,28384,81920,87,1,35,83.29,250041450496,164034416640,83888480256,0,0,28986,0,0,865279784,125814616,751746100,8,1
2026-08-22T19:45:14+08:00,70318,0,27498,81920,28,0,36,194.15,246765400064,160764248064,83888906240,0,0,28986,0,0,868595920,125814616,751746100,7,1
2026-08-22T19:45:14+08:00,70318,1,16267,81920,0,0,33,67.56,246765400064,160764248064,83888906240,0,0,28986,0,0,868595920,125814616,751746100,7,1
2026-08-22T19:46:15+08:00,70379,0,15088,81920,0,0,38,69.38,245498195968,159495028736,83890466816,0,0,28986,0,0,870005112,125814616,751744980,8,1
2026-08-22T19:46:15+08:00,70379,1,14931,81920,0,0,38,68.85,245498195968,159495028736,83890466816,0,0,28986,0,0,870005112,125814616,751744980,8,1
2026-08-22T19:47:15+08:00,70439,0,26287,81920,0,0,35,83.91,245515206656,159514050560,83890929664,0,0,28986,0,0,869664212,125814616,751744980,8,1
2026-08-22T19:47:15+08:00,70439,1,26134,81920,0,0,37,83.99,245515206656,159514050560,83890929664,0,0,28986,0,0,869664212,125814616,751744980,8,1
2026-08-22T19:48:14+08:00,70498,0,23663,81920,0,0,33,67.89,245221715968,159219310592,83891359744,0,0,28986,0,0,869945364,125814616,751742416,8,1
2026-08-22T19:48:14+08:00,70498,1,23509,81920,0,0,34,86.07,245221715968,159219310592,83891359744,0,0,28986,0,0,869945364,125814616,751742416,8,1
2026-08-22T19:49:14+08:00,70558,0,23200,81920,0,0,33,67.89,245519437824,159516487680,83891798016,0,0,28986,0,0,869709132,125814616,751742416,8,1
2026-08-22T19:49:14+08:00,70558,1,25310,81920,0,0,35,67.96,245519437824,159516487680,83891798016,0,0,28986,0,0,869709132,125814616,751742416,8,1
2026-08-22T19:50:15+08:00,70619,0,26863,81920,8,0,37,122.81,245825150976,159821017088,83892260864,0,0,28986,0,0,869401460,125814616,751742024,8,1
2026-08-22T19:50:15+08:00,70619,1,26197,81920,0,0,35,83.57,245825150976,159821017088,83892260864,0,0,28986,0,0,869401460,125814616,751742024,8,1
2026-08-22T19:51:15+08:00,70679,0,25699,81920,0,0,32,67.56,245566488576,159559991296,83892711424,0,0,28986,0,0,869687640,125814616,751742076,8,1
2026-08-22T19:51:15+08:00,70679,1,24991,81920,2,0,33,67.01,245566488576,159559991296,83892711424,0,0,28986,0,0,869687640,125814616,751742076,8,1
2026-08-22T19:52:14+08:00,70738,0,24523,81920,0,0,33,85.46,245945298944,159938887680,83893153792,0,0,28986,0,0,869274096,125814616,751742076,8,1
2026-08-22T19:52:14+08:00,70738,1,24067,81920,1,0,34,69.18,245945298944,159938887680,83893153792,0,0,28986,0,0,869274096,125814616,751742076,8,1
2026-08-22T19:53:13+08:00,70797,0,27375,81920,0,0,33,82.96,246434414592,160426848256,83893587968,0,0,28986,0,0,868803080,125814616,751741564,8,1
2026-08-22T19:53:13+08:00,70797,1,26709,81920,0,0,35,82.96,246434414592,160426848256,83893587968,0,0,28986,0,0,868803080,125814616,751741564,8,1
2026-08-22T19:54:15+08:00,70859,0,26781,81920,0,0,33,82.69,246868533248,160857075712,83894054912,0,0,28986,0,0,868374120,125814616,751741564,8,1
2026-08-22T19:54:15+08:00,70859,1,26573,81920,4,0,33,66.68,246868533248,160857075712,83894054912,0,0,28986,0,0,868374120,125814616,751741564,8,1
2026-08-22T19:55:15+08:00,70919,0,25173,81920,0,0,34,86.07,246588608512,160579538944,83894489088,0,0,28986,0,0,868649372,125814616,751741904,8,1
2026-08-22T19:55:15+08:00,70919,1,25022,81920,0,0,34,67.01,246588608512,160579538944,83894489088,0,0,28986,0,0,868649372,125814616,751741904,8,1
2026-08-22T19:56:14+08:00,70978,0,27769,81920,75,1,35,84.24,247630786560,161617285120,83894931456,0,0,28986,0,0,867592276,125814616,751741904,8,1
2026-08-22T19:56:14+08:00,70978,1,27616,81920,0,0,35,83.38,247630786560,161617285120,83894931456,0,0,28986,0,0,867592276,125814616,751741904,8,1
2026-08-22T19:57:14+08:00,71038,0,26873,81920,0,0,33,82.96,248468123648,162455396352,83895382016,0,0,28986,0,0,866770288,125814616,751741904,8,1
2026-08-22T19:57:14+08:00,71038,1,26719,81920,0,0,34,82.35,248468123648,162455396352,83895382016,0,0,28986,0,0,866770288,125814616,751741904,8,1
2026-08-22T19:58:15+08:00,71099,0,25386,81920,0,0,33,67.89,247631953920,161621471232,83895824384,0,0,28986,0,0,867630500,125814616,751741904,8,1
2026-08-22T19:58:15+08:00,71099,1,25229,81920,0,0,34,68.56,247631953920,161621471232,83895824384,0,0,28986,0,0,867630500,125814616,751741904,8,1
2026-08-22T19:59:15+08:00,71159,0,28025,81920,0,0,37,178.76,247809716224,161794265088,83896270848,0,0,28986,0,0,867430608,125814616,751741904,8,1
2026-08-22T19:59:15+08:00,71159,1,27872,81920,0,0,34,67.23,247809716224,161794265088,83896270848,0,0,28986,0,0,867430608,125814616,751741904,8,1
2026-08-22T20:00:14+08:00,71218,0,27373,81920,3,0,32,68.49,247790555136,161776910336,83896700928,0,0,28986,0,0,867443580,125814616,751741904,8,1
2026-08-22T20:00:14+08:00,71218,1,26625,81920,0,0,33,68.56,247790555136,161776910336,83896700928,0,0,28986,0,0,867443580,125814616,751741904,8,1
2026-08-22T20:01:13+08:00,71277,0,26239,81920,0,0,33,84.84,248254623744,162240708608,83897184256,0,0,28986,0,0,867002992,125814616,751741948,8,1
2026-08-22T20:01:13+08:00,71277,1,26092,81920,0,0,34,67.29,248254623744,162240708608,83897184256,0,0,28986,0,0,867002992,125814616,751741948,8,1
2026-08-22T20:02:15+08:00,71339,0,28281,81920,100,1,39,162.1,248172392448,162159484928,83897602048,0,0,28986,0,0,867089036,125814616,751741948,8,1
2026-08-22T20:02:15+08:00,71339,1,28128,81920,0,0,34,67.23,248172392448,162159484928,83897602048,0,0,28986,0,0,867089036,125814616,751741948,8,1
2026-08-22T20:03:15+08:00,71399,0,28537,81920,79,1,36,179.1,248111042560,162093985792,83898044416,0,0,28986,0,0,867133360,125814616,751741948,8,1
2026-08-22T20:03:15+08:00,71399,1,26975,81920,0,0,33,67.01,248111042560,162093985792,83898044416,0,0,28986,0,0,867133360,125814616,751741948,8,1
2026-08-22T20:04:14+08:00,71458,0,26791,81920,0,0,32,67.89,248126464000,162109837312,83898519552,0,0,28986,0,0,867116112,125814616,751741948,8,1
2026-08-22T20:04:14+08:00,71458,1,26039,81920,4,0,35,89.78,248126464000,162109837312,83898519552,0,0,28986,0,0,867116112,125814616,751741948,8,1
2026-08-22T20:05:13+08:00,71517,0,28537,81920,99,1,38,133.48,248402046976,162387025920,83898953728,0,0,28986,0,0,866892416,125814616,751741948,8,1
2026-08-22T20:05:13+08:00,71517,1,28640,81920,31,1,38,183.08,248402046976,162387025920,83898953728,0,0,28986,0,0,866892416,125814616,751741948,8,1
2026-08-22T20:06:15+08:00,71579,0,29049,81920,0,0,33,84.84,248854773760,162837131264,83899383808,0,0,28986,0,0,866397380,125814616,751741948,8,1
2026-08-22T20:06:15+08:00,71579,1,28341,81920,4,0,33,69.79,248854773760,162837131264,83899383808,0,0,28986,0,0,866397380,125814616,751741948,8,1
2026-08-22T20:07:15+08:00,71639,0,27007,81920,0,0,33,83.57,249293463552,163271806976,83899822080,0,0,28986,0,0,865963808,125814616,751741948,8,1
2026-08-22T20:07:15+08:00,71639,1,27657,81920,6,0,34,88.23,249293463552,163271806976,83899822080,0,0,28986,0,0,865963808,125814616,751741948,8,1
2026-08-22T20:08:14+08:00,71698,0,29305,81920,0,0,34,83.57,249851113472,163830128640,83900289024,0,0,28986,0,0,865426324,125814616,751742420,8,1
2026-08-22T20:08:14+08:00,71698,1,29151,81920,75,1,35,84.51,249851113472,163830128640,83900289024,0,0,28986,0,0,865426324,125814616,751742420,8,1
2026-08-22T20:09:14+08:00,71758,0,28909,81920,0,0,32,67.56,249756696576,163736514560,83900719104,0,0,28986,0,0,865501068,125814616,751740024,8,1
2026-08-22T20:09:14+08:00,71758,1,29408,81920,0,0,34,82.96,249756696576,163736514560,83900719104,0,0,28986,0,0,865501068,125814616,751740024,8,1
2026-08-22T20:10:13+08:00,71817,0,29815,81920,67,24,52,427.04,247316807680,161299709952,83902234624,0,0,28986,0,0,868258612,125814616,751738960,6,1
2026-08-22T20:10:13+08:00,71817,1,30019,81920,81,29,53,417.05,247316807680,161299709952,83902234624,0,0,28986,0,0,868258612,125814616,751738960,6,1
2026-08-22T20:11:15+08:00,71879,0,21605,81920,0,0,34,68.16,247515860992,161498738688,83902758912,0,0,28986,0,0,867757160,125814616,751738864,8,1
2026-08-22T20:11:15+08:00,71879,1,21451,81920,1,0,35,67.63,247515860992,161498738688,83902758912,0,0,28986,0,0,867757160,125814616,751738864,8,1
2026-08-22T20:12:15+08:00,71939,0,23588,81920,9,0,34,68.78,248487047168,162464911360,83903197184,0,0,28986,0,0,866843132,125814616,751738864,8,1
2026-08-22T20:12:15+08:00,71939,1,22881,81920,0,0,35,67.63,248487047168,162464911360,83903197184,0,0,28986,0,0,866843132,125814616,751738864,8,1
2026-08-22T20:13:14+08:00,71998,0,26351,81920,60,1,37,186.79,248683876352,162660007936,83903635456,0,0,28986,0,0,866657652,125814616,751738864,8,1
2026-08-22T20:13:14+08:00,71998,1,26198,81920,0,0,35,82.96,248683876352,162660007936,83903635456,0,0,28986,0,0,866657652,125814616,751738864,8,1
2026-08-22T20:14:13+08:00,72057,0,24431,81920,96,1,33,83.29,248310632448,162289385472,83904065536,0,0,28986,0,0,866984616,125814616,751738736,8,1
2026-08-22T20:14:13+08:00,72057,1,24475,81920,0,0,33,70.0,248310632448,162289385472,83904065536,0,0,28986,0,0,866984616,125814616,751738736,8,1
2026-08-22T20:15:15+08:00,72119,0,23648,81920,0,0,33,67.89,249256497152,163231703040,83904536576,0,0,28986,0,0,866081884,125814616,751738736,8,1
2026-08-22T20:15:15+08:00,72119,1,23299,81920,0,0,34,67.63,249256497152,163231703040,83904536576,0,0,28986,0,0,866081884,125814616,751738736,8,1
2026-08-22T20:16:14+08:00,72178,0,27055,81920,53,1,37,204.95,247199268864,161179783168,83904970752,0,0,28986,0,0,868055852,125814616,751738812,8,1
2026-08-22T20:16:14+08:00,72178,1,26454,81920,0,0,35,83.29,247199268864,161179783168,83904970752,0,0,28986,0,0,868055852,125814616,751738812,8,1
2026-08-22T20:17:14+08:00,72238,0,25903,81920,0,0,33,82.96,247583576064,161561718784,83905409024,0,0,28986,0,0,867622256,125814616,751738812,8,1
2026-08-22T20:17:14+08:00,72238,1,25797,81920,6,1,33,67.01,247583576064,161561718784,83905409024,0,0,28986,0,0,867622256,125814616,751738812,8,1
2026-08-22T20:18:14+08:00,72298,0,26423,81920,5,0,34,68.16,247461265408,161443160064,83905867776,0,0,28986,0,0,867810496,125814616,751738812,8,1
2026-08-22T20:18:14+08:00,72298,1,24365,81920,0,0,34,82.96,247461265408,161443160064,83905867776,0,0,28986,0,0,867810496,125814616,751738812,8,1
2026-08-22T20:19:15+08:00,72359,0,27827,81920,57,1,34,83.57,248539959296,162514980864,83906318336,0,0,28986,0,0,866782252,125814616,751738812,8,1
2026-08-22T20:19:15+08:00,72359,1,26970,81920,0,0,35,82.96,248539959296,162514980864,83906318336,0,0,28986,0,0,866782252,125814616,751738812,8,1
2026-08-22T20:20:15+08:00,72419,0,26553,81920,0,0,33,69.11,248980627456,162953371648,83906748416,0,0,28986,0,0,866341188,125814616,751738812,8,1
2026-08-22T20:20:15+08:00,72419,1,26245,81920,0,0,34,82.77,248980627456,162953371648,83906748416,0,0,28986,0,0,866341188,125814616,751738812,8,1
2026-08-22T20:21:14+08:00,72478,0,25525,81920,0,0,33,67.56,248593596416,162568577024,83907194880,0,0,28986,0,0,866703280,125814616,751738812,8,1
2026-08-22T20:21:14+08:00,72478,1,24461,81920,5,0,34,67.01,248593596416,162568577024,83907194880,0,0,28986,0,0,866703280,125814616,751738812,8,1
2026-08-22T20:22:13+08:00,72537,0,28473,81920,0,0,33,67.56,249311948800,163283963904,83907645440,0,0,28986,0,0,865992584,125814616,751738812,8,1
2026-08-22T20:22:13+08:00,72537,1,27104,81920,0,0,35,82.77,249311948800,163283963904,83907645440,0,0,28986,0,0,865992584,125814616,751738812,8,1
2026-08-22T20:23:15+08:00,72599,0,27315,81920,10,0,33,112.61,249618722816,163594289152,83908096000,0,0,28986,0,0,865636184,125814616,751738812,8,1
2026-08-22T20:23:15+08:00,72599,1,26203,81920,0,0,34,83.91,249618722816,163594289152,83908096000,0,0,28986,0,0,865636184,125814616,751738812,8,1
2026-08-22T20:24:14+08:00,72658,0,26133,81920,0,0,33,67.89,249477062656,163446730752,83908534272,0,0,28986,0,0,865910780,125814616,751739836,8,1
2026-08-22T20:24:14+08:00,72658,1,25323,81920,0,0,34,67.29,249477062656,163446730752,83908534272,0,0,28986,0,0,865910780,125814616,751739836,8,1
2026-08-22T20:25:14+08:00,72718,0,28473,81920,0,0,34,83.29,250043379712,164012851200,83908997120,0,0,28986,0,0,865289204,125814616,751739836,8,1
2026-08-22T20:25:14+08:00,72718,1,27616,81920,100,2,37,177.4,250043379712,164012851200,83908997120,0,0,28986,0,0,865289204,125814616,751739836,8,1
2026-08-22T20:26:15+08:00,72779,0,28633,81920,0,0,32,67.89,250401173504,164369723392,83909447680,0,0,28986,0,0,864922824,125814616,751739836,8,1
2026-08-22T20:26:15+08:00,72779,1,26621,81920,0,0,33,66.68,250401173504,164369723392,83909447680,0,0,28986,0,0,864922824,125814616,751739836,8,1
2026-08-22T20:27:15+08:00,72839,0,26901,81920,0,0,33,83.29,251071049728,165037830144,83909861376,0,0,28986,0,0,864294072,125814616,751739836,8,1
2026-08-22T20:27:15+08:00,72839,1,26942,81920,0,0,35,67.63,251071049728,165037830144,83909861376,0,0,28986,0,0,864294072,125814616,751739836,8,1
2026-08-22T20:28:14+08:00,72898,0,28985,81920,0,0,35,91.0,251201236992,165168001024,83910303744,0,0,28986,0,0,864130536,125814616,751739836,8,1
2026-08-22T20:28:14+08:00,72898,1,28384,81920,70,1,37,160.77,251201236992,165168001024,83910303744,0,0,28986,0,0,864130536,125814616,751739836,8,1
2026-08-22T20:29:14+08:00,72958,0,28939,81920,2,0,33,82.96,251201740800,165171675136,83910758400,0,0,28986,0,0,864144260,125814616,751739324,8,1
2026-08-22T20:29:14+08:00,72958,1,27227,81920,84,1,34,82.96,251201740800,165171675136,83910758400,0,0,28986,0,0,864144260,125814616,751739324,8,1
2026-08-22T20:30:15+08:00,73019,0,28007,81920,2,0,33,82.96,251995828224,165966340096,83911204864,0,0,28986,0,0,863319324,125814616,751739324,8,1
2026-08-22T20:30:15+08:00,73019,1,26199,81920,4,0,34,66.94,251995828224,165966340096,83911204864,0,0,28986,0,0,863319324,125814616,751739324,8,1
2026-08-22T20:31:15+08:00,73079,0,30009,81920,100,1,37,83.91,252765851648,166728605696,83911671808,0,0,28986,0,0,862641064,125814616,751738940,8,1
2026-08-22T20:31:15+08:00,73079,1,28896,81920,0,0,35,83.29,252765851648,166728605696,83911671808,0,0,28986,0,0,862641064,125814616,751738940,8,1
2026-08-22T20:32:15+08:00,73139,0,30009,81920,97,1,35,188.01,252888875008,166850842624,83912118272,0,0,28986,0,0,862456624,125814616,751738940,8,1
2026-08-22T20:32:15+08:00,73139,1,28239,81920,0,0,33,67.56,252888875008,166850842624,83912118272,0,0,28986,0,0,862456624,125814616,751738940,8,1
2026-08-22T20:33:14+08:00,73198,0,28721,81920,0,0,32,67.89,253336989696,167296733184,83912568832,0,0,28986,0,0,862005792,125814616,751738940,8,1
2026-08-22T20:33:14+08:00,73198,1,26807,81920,0,0,34,83.05,253336989696,167296733184,83912568832,0,0,28986,0,0,862005792,125814616,751738940,8,1
2026-08-22T20:34:13+08:00,73257,0,30521,81920,91,2,37,163.04,253575196672,167531429888,83912978432,0,0,28986,0,0,861844204,125814616,751738428,8,1
2026-08-22T20:34:13+08:00,73257,1,29152,81920,0,0,34,82.96,253575196672,167531429888,83912978432,0,0,28986,0,0,861844204,125814616,751738428,8,1
2026-08-22T20:35:15+08:00,73319,0,15088,81920,0,0,40,70.66,245585780736,159557611520,83914547200,0,0,28986,0,0,869910164,125814616,751737320,8,1
2026-08-22T20:35:15+08:00,73319,1,14931,81920,0,0,42,70.0,245585780736,159557611520,83914547200,0,0,28986,0,0,869910164,125814616,751737320,8,1
2026-08-22T20:36:14+08:00,73378,0,26287,81920,0,0,35,83.91,245587062784,159558504448,83914989568,0,0,28986,0,0,869710036,125814616,751737636,8,1
2026-08-22T20:36:14+08:00,73378,1,26134,81920,0,0,36,83.91,245587062784,159558504448,83914989568,0,0,28986,0,0,869710036,125814616,751737636,8,1
2026-08-22T20:37:13+08:00,73437,0,22855,81920,0,0,33,68.16,245338869760,159311396864,83915440128,0,0,28986,0,0,869961884,125814616,751737636,8,1
2026-08-22T20:37:13+08:00,73437,1,22701,81920,0,0,34,83.29,245338869760,159311396864,83915440128,0,0,28986,0,0,869961884,125814616,751737636,8,1
2026-08-22T20:38:15+08:00,73499,0,22944,81920,0,0,33,68.16,245318537216,159291449344,83915890688,0,0,28986,0,0,869931004,125814616,751737636,8,1
2026-08-22T20:38:15+08:00,73499,1,26198,81920,29,0,36,84.24,245318537216,159291449344,83915890688,0,0,28986,0,0,869931004,125814616,751737636,8,1
2026-08-22T20:39:14+08:00,73558,0,26351,81920,0,0,36,83.48,245318987776,159291527168,83916333056,0,0,28986,0,0,869887336,125814616,751737636,8,1
2026-08-22T20:39:14+08:00,73558,1,26197,81920,100,1,37,113.83,245318987776,159291527168,83916333056,0,0,28986,0,0,869887336,125814616,751737636,8,1
2026-08-22T20:40:14+08:00,73618,0,24943,81920,4,0,32,70.0,245756616704,159727702016,83916795904,0,0,28986,0,0,869482712,125814616,751738148,8,1
2026-08-22T20:40:14+08:00,73618,1,24493,81920,0,0,34,82.96,245756616704,159727702016,83916795904,0,0,28986,0,0,869482712,125814616,751738148,8,1
2026-08-22T20:41:15+08:00,73679,0,24451,81920,3,0,33,118.64,245326471168,159296200704,83917205504,0,0,28986,0,0,869963064,125814616,751738248,8,1
2026-08-22T20:41:15+08:00,73679,1,26454,81920,96,1,38,168.14,245326471168,159296200704,83917205504,0,0,28986,0,0,869963064,125814616,751738248,8,1
2026-08-22T20:42:15+08:00,73739,0,27375,81920,0,0,34,83.57,245329928192,159298183168,83917660160,0,0,28986,0,0,869905936,125814616,751738248,8,1
2026-08-22T20:42:15+08:00,73739,1,26453,81920,0,0,33,67.01,245329928192,159298183168,83917660160,0,0,28986,0,0,869905936,125814616,751738248,8,1
2026-08-22T20:43:14+08:00,73798,0,26983,81920,0,0,32,67.89,245543399424,159511273472,83918114816,0,0,28986,0,0,869714052,125814616,751738248,8,1
2026-08-22T20:43:14+08:00,73798,1,24959,81920,2,0,34,84.51,245543399424,159511273472,83918114816,0,0,28986,0,0,869714052,125814616,751738248,8,1
2026-08-22T20:44:14+08:00,73858,0,25173,81920,1,0,33,82.96,245716766720,159691821056,83918565376,0,0,28986,0,0,869509840,125814616,751738248,8,1
2026-08-22T20:44:14+08:00,73858,1,26714,81920,100,1,38,130.79,245716766720,159691821056,83918565376,0,0,28986,0,0,869509840,125814616,751738248,8,1
2026-08-22T20:45:15+08:00,73919,0,27769,81920,0,0,34,83.29,245338664960,159308914688,83919007744,0,0,28986,0,0,869883788,125814616,751737736,8,1
2026-08-22T20:45:15+08:00,73919,1,26847,81920,0,0,33,66.68,245338664960,159308914688,83919007744,0,0,28986,0,0,869883788,125814616,751737736,8,1
2026-08-22T20:46:15+08:00,73979,0,27373,81920,0,0,32,67.89,245344120832,159313559552,83919458304,0,0,28986,0,0,869922096,125814616,751737704,8,1
2026-08-22T20:46:15+08:00,73979,1,25655,81920,84,1,35,92.98,245344120832,159313559552,83919458304,0,0,28986,0,0,869922096,125814616,751737704,8,1
2026-08-22T20:47:14+08:00,74038,0,25685,81920,0,0,33,83.57,245778296832,159745904640,83919912960,0,0,28986,0,0,869438388,125814616,751737704,8,1
2026-08-22T20:47:14+08:00,74038,1,26216,81920,0,0,35,67.56,245778296832,159745904640,83919912960,0,0,28986,0,0,869438388,125814616,751737704,8,1
2026-08-22T20:48:14+08:00,74098,0,28025,81920,43,1,35,84.24,245575118848,159543996416,83920334848,0,0,28986,0,0,869699688,125814616,751737704,8,1
2026-08-22T20:48:14+08:00,74098,1,27359,81920,0,0,34,82.77,245575118848,159543996416,83920334848,0,0,28986,0,0,869699688,125814616,751737704,8,1
2026-08-22T20:49:15+08:00,74159,0,27373,81920,0,0,32,67.89,245599141888,159565500416,83920781312,0,0,28986,0,0,869612456,125814616,751737704,8,1
2026-08-22T20:49:15+08:00,74159,1,26369,81920,0,0,33,67.29,245599141888,159565500416,83920781312,0,0,28986,0,0,869612456,125814616,751737704,8,1
2026-08-22T20:50:15+08:00,74219,0,25845,81920,1,0,33,67.56,245620940800,159587975168,83921248256,0,0,28986,0,0,869623836,125814616,751736840,8,1
2026-08-22T20:50:15+08:00,74219,1,25229,81920,4,0,34,69.79,245620940800,159587975168,83921248256,0,0,28986,0,0,869623836,125814616,751736840,8,1
2026-08-22T20:51:14+08:00,74278,0,28793,81920,0,0,33,68.16,245907562496,159871856640,83921698816,0,0,28986,0,0,869328348,125814616,751736840,8,1
2026-08-22T20:51:14+08:00,74278,1,27615,81920,0,0,34,67.01,245907562496,159871856640,83921698816,0,0,28986,0,0,869328348,125814616,751736840,8,1
2026-08-22T20:52:13+08:00,74337,0,27315,81920,5,0,33,120.92,245965967360,159932772352,83922137088,0,0,28986,0,0,869214660,125814616,751736840,8,1
2026-08-22T20:52:13+08:00,74337,1,26921,81920,4,0,33,84.93,245965967360,159932772352,83922137088,0,0,28986,0,0,869214660,125814616,751736840,8,1
2026-08-22T20:53:15+08:00,74399,0,26971,81920,5,0,33,67.56,246477541376,160440242176,83922595840,0,0,28986,0,0,868801816,125814616,751736840,8,1
2026-08-22T20:53:15+08:00,74399,1,25431,81920,0,0,34,67.01,246477541376,160440242176,83922595840,0,0,28986,0,0,868801816,125814616,751736840,8,1
2026-08-22T20:54:15+08:00,74459,0,29305,81920,56,1,35,191.39,246742454272,160702025728,83923034112,0,0,28986,0,0,868464588,125814616,751736840,8,1
2026-08-22T20:54:15+08:00,74459,1,28128,81920,60,1,35,83.29,246742454272,160702025728,83923034112,0,0,28986,0,0,868464588,125814616,751736840,8,1
2026-08-22T20:55:14+08:00,74518,0,27559,81920,5,0,32,69.71,246653206528,160615292928,83923468288,0,0,28986,0,0,868581324,125814616,751737216,8,1
2026-08-22T20:55:14+08:00,74518,1,27475,81920,0,0,33,66.68,246653206528,160615292928,83923468288,0,0,28986,0,0,868581324,125814616,751737216,8,1
2026-08-22T20:56:14+08:00,74578,0,29305,81920,38,0,36,125.24,247369248768,161328242688,83923910656,0,0,28986,0,0,867882660,125814616,751737216,8,1
2026-08-22T20:56:14+08:00,74578,1,26081,81920,0,0,34,82.96,247369248768,161328242688,83923910656,0,0,28986,0,0,867882660,125814616,751737216,8,1
2026-08-22T20:57:13+08:00,74637,0,29465,81920,0,0,32,67.23,247472812032,161433354240,83924373504,0,0,28986,0,0,867797928,125814616,751737216,8,1
2026-08-22T20:57:13+08:00,74637,1,28384,81920,73,1,36,83.57,247472812032,161433354240,83924373504,0,0,28986,0,0,867797928,125814616,751737216,8,1
2026-08-22T20:58:15+08:00,74699,0,28071,81920,67,1,33,82.96,247816892416,161775443968,83924807680,0,0,28986,0,0,867473852,125814616,751737216,8,1
2026-08-22T20:58:15+08:00,74699,1,28384,81920,95,2,37,100.59,247816892416,161775443968,83924807680,0,0,28986,0,0,867473852,125814616,751737216,8,1
2026-08-22T20:59:14+08:00,74758,0,30057,81920,94,1,35,84.24,247554818048,161513988096,83925250048,0,0,28986,0,0,867817408,125814616,751737216,7,1
2026-08-22T20:59:14+08:00,74758,1,16267,81920,0,0,33,66.68,247554818048,161513988096,83925250048,0,0,28986,0,0,867817408,125814616,751737216,7,1
2026-08-22T21:00:15+08:00,74819,0,15022,81920,74,2,38,87.9,252080357376,158811930624,91137277952,0,0,36140,0,0,870765040,125814616,741584204,7,1
2026-08-22T21:00:15+08:00,74819,1,14923,81920,64,2,39,85.73,252080357376,158811930624,91137277952,0,0,36140,0,0,870765040,125814616,741584204,7,1
2026-08-22T21:01:14+08:00,74878,0,26287,81920,96,35,39,215.86,252937912320,159665393664,91137716224,0,0,36140,0,0,869549940,125814616,741584204,8,1
2026-08-22T21:01:14+08:00,74878,1,24750,81920,86,1,36,162.77,252937912320,159665393664,91137716224,0,0,36140,0,0,869549940,125814616,741584204,8,1
2026-08-22T21:02:14+08:00,74938,0,22557,81920,0,0,33,67.89,252935897088,159661539328,91138166784,0,0,36140,0,0,869600564,125814616,741584144,8,1
2026-08-22T21:02:14+08:00,74938,1,22399,81920,0,0,34,84.24,252935897088,159661539328,91138166784,0,0,36140,0,0,869600564,125814616,741584144,8,1
2026-08-22T21:03:13+08:00,74997,0,26607,81920,99,1,38,108.18,253347426304,160072392704,91138592768,0,0,36140,0,0,869196096,125814616,741584144,8,1
2026-08-22T21:03:13+08:00,74997,1,26198,81920,42,13,43,391.68,253347426304,160072392704,91138592768,0,0,36140,0,0,869196096,125814616,741584144,8,1
2026-08-22T21:04:15+08:00,75059,0,27119,81920,67,1,36,124.64,254025900032,160750878720,91139063808,0,0,36140,0,0,868485796,125814616,741584144,8,1
2026-08-22T21:04:15+08:00,75059,1,26197,81920,62,0,34,66.94,254025900032,160750878720,91139063808,0,0,36140,0,0,868485796,125814616,741584144,8,1
2026-08-22T21:05:14+08:00,75118,0,25319,81920,4,0,32,67.56,253802311680,160528752640,91139502080,0,0,36140,0,0,868668872,125814616,741587808,8,1
2026-08-22T21:05:14+08:00,75118,1,24493,81920,6,0,34,82.96,253802311680,160528752640,91139502080,0,0,36140,0,0,868668872,125814616,741587808,8,1
2026-08-22T21:06:14+08:00,75178,0,25933,81920,0,0,34,67.89,254566191104,161289633792,91139936256,0,0,36140,0,0,867931988,125814616,741581120,8,1
2026-08-22T21:06:14+08:00,75178,1,25228,81920,5,0,35,67.63,254566191104,161289633792,91139936256,0,0,36140,0,0,867931988,125814616,741581120,8,1
2026-08-22T21:07:15+08:00,75239,0,27631,81920,50,0,34,85.73,254593081344,161313333248,91140390912,0,0,36140,0,0,867948336,125814616,741581176,8,1
2026-08-22T21:07:15+08:00,75239,1,26709,81920,0,0,35,83.29,254593081344,161313333248,91140390912,0,0,36140,0,0,867948336,125814616,741581176,8,1
2026-08-22T21:08:14+08:00,75298,0,26645,81920,0,0,32,68.16,254564958208,161285746688,91140837376,0,0,36140,0,0,867942492,125814616,741581176,8,1
2026-08-22T21:08:14+08:00,75298,1,26019,81920,0,0,33,67.63,254564958208,161285746688,91140837376,0,0,36140,0,0,867942492,125814616,741581176,8,1
2026-08-22T21:09:14+08:00,75358,0,26583,81920,5,0,34,68.78,254609661952,161329344512,91141279744,0,0,36140,0,0,867913668,125814616,741581176,8,1
2026-08-22T21:09:14+08:00,75358,1,24759,81920,0,0,34,67.01,254609661952,161329344512,91141279744,0,0,36140,0,0,867913668,125814616,741581176,8,1
2026-08-22T21:10:13+08:00,75417,0,28025,81920,100,2,37,194.49,254800662528,161519054848,91141718016,0,0,36140,0,0,867729460,125814616,741580800,8,1
2026-08-22T21:10:13+08:00,75417,1,26847,81920,0,0,35,83.29,254800662528,161519054848,91141718016,0,0,36140,0,0,867729460,125814616,741580800,8,1
2026-08-22T21:11:15+08:00,75479,0,27035,81920,5,0,32,70.66,254794252288,161515483136,91142189056,0,0,36140,0,0,867734736,125814616,741580800,8,1
2026-08-22T21:11:15+08:00,75479,1,26751,81920,0,0,33,68.85,254794252288,161515483136,91142189056,0,0,36140,0,0,867734736,125814616,741580800,8,1
2026-08-22T21:12:14+08:00,75538,0,25642,81920,0,0,33,68.78,255219916800,161936039936,91142627328,0,0,36140,0,0,867290612,125814616,741580800,8,1
2026-08-22T21:12:14+08:00,75538,1,25313,81920,68,1,34,82.16,255219916800,161936039936,91142627328,0,0,36140,0,0,867290612,125814616,741580800,8,1
2026-08-22T21:13:14+08:00,75598,0,28793,81920,0,0,34,83.29,255372599296,162088058880,91143069696,0,0,36140,0,0,867127952,125814616,741580800,8,1
2026-08-22T21:13:14+08:00,75598,1,27359,81920,0,0,34,67.01,255372599296,162088058880,91143069696,0,0,36140,0,0,867127952,125814616,741580800,8,1
2026-08-22T21:14:15+08:00,75659,0,26339,81920,0,0,33,82.96,255764582400,162477359104,91143520256,0,0,36140,0,0,866747488,125814616,741580800,8,1
2026-08-22T21:14:15+08:00,75659,1,27039,81920,0,0,34,82.35,255764582400,162477359104,91143520256,0,0,36140,0,0,866747488,125814616,741580800,8,1
2026-08-22T21:15:15+08:00,75719,0,25013,81920,0,0,33,67.56,255371821056,162087649280,91143970816,0,0,36140,0,0,867106692,125814616,741581172,8,1
2026-08-22T21:15:15+08:00,75719,1,24723,81920,0,0,33,67.01,255371821056,162087649280,91143970816,0,0,36140,0,0,867106692,125814616,741581172,8,1
2026-08-22T21:16:14+08:00,75778,0,27961,81920,65,1,36,173.84,255687987200,162403893248,91144396800,0,0,36140,0,0,866829160,125814616,741581172,8,1
2026-08-22T21:16:14+08:00,75778,1,25853,81920,0,0,35,70.33,255687987200,162403893248,91144396800,0,0,36140,0,0,866829160,125814616,741581172,8,1
2026-08-22T21:17:14+08:00,75838,0,27309,81920,0,0,32,67.89,256162639872,162873991168,91144851456,0,0,36140,0,0,866417540,125814616,741581172,8,1
2026-08-22T21:17:14+08:00,75838,1,27039,81920,0,0,34,82.35,256162639872,162873991168,91144851456,0,0,36140,0,0,866417540,125814616,741581172,8,1
2026-08-22T21:18:15+08:00,75899,0,25877,81920,90,1,35,169.52,256209539072,162922557440,91145293824,0,0,36140,0,0,866362420,125814616,741581172,8,1
2026-08-22T21:18:15+08:00,75899,1,25883,81920,0,0,34,82.96,256209539072,162922557440,91145293824,0,0,36140,0,0,866362420,125814616,741581172,8,1
2026-08-22T21:19:15+08:00,75959,0,27961,81920,92,2,36,164.59,256663871488,163374575616,91145748480,0,0,36140,0,0,865941088,125814616,741581172,8,1
2026-08-22T21:19:15+08:00,75959,1,26110,81920,0,0,35,67.29,256663871488,163374575616,91145748480,0,0,36140,0,0,865941088,125814616,741581172,8,1
2026-08-22T21:20:14+08:00,76018,0,27565,81920,2,0,32,67.23,256744620032,163455787008,91146178560,0,0,36140,0,0,865812980,125814616,741581172,8,1
2026-08-22T21:20:14+08:00,76018,1,27552,81920,0,0,35,83.05,256744620032,163455787008,91146178560,0,0,36140,0,0,865812980,125814616,741581172,8,1
2026-08-22T21:21:14+08:00,76078,0,25877,81920,0,0,33,82.96,257239326720,163948978176,91146657792,0,0,36140,0,0,865333972,125814616,741578612,8,1
2026-08-22T21:21:14+08:00,76078,1,26597,81920,4,0,33,67.63,257239326720,163948978176,91146657792,0,0,36140,0,0,865333972,125814616,741578612,8,1
2026-08-22T21:22:15+08:00,76139,0,27961,81920,61,0,36,163.04,256896229376,163601928192,91147087872,0,0,36140,0,0,865726288,125814616,741578612,8,1
2026-08-22T21:22:15+08:00,76139,1,25463,81920,0,0,34,67.96,256896229376,163601928192,91147087872,0,0,36140,0,0,865726288,125814616,741578612,8,1
2026-08-22T21:23:14+08:00,76198,0,27363,81920,5,0,32,70.33,257244323840,164120510464,90985779200,0,0,36757,0,0,865157208,125814616,741578612,8,1
2026-08-22T21:23:14+08:00,76198,1,28320,81920,0,0,36,191.72,257244323840,164120510464,90985779200,0,0,36757,0,0,865157208,125814616,741578612,8,1
2026-08-22T21:24:14+08:00,76258,0,29569,81920,100,42,49,343.86,254105853952,160983760896,90987307008,0,0,36757,0,0,868588888,125814616,741577548,6,1
2026-08-22T21:24:14+08:00,76258,1,29461,81920,100,40,50,373.99,254105853952,160983760896,90987307008,0,0,36757,0,0,868588888,125814616,741577548,6,1
2026-08-22T21:25:15+08:00,76319,0,20329,81920,0,0,35,83.91,253113430016,159987675136,90987790336,0,0,36757,0,0,869289776,125814616,741577500,8,1
2026-08-22T21:25:15+08:00,76319,1,20176,81920,92,1,36,83.91,253113430016,159987675136,90987790336,0,0,36757,0,0,869289776,125814616,741577500,8,1
2026-08-22T21:26:15+08:00,76379,0,25244,81920,7,0,35,83.91,253130821632,160005849088,90988249088,0,0,36757,0,0,869247720,125814616,741584668,8,1
2026-08-22T21:26:15+08:00,76379,1,26390,81920,0,0,35,83.29,253130821632,160005849088,90988249088,0,0,36757,0,0,869247720,125814616,741584668,8,1
2026-08-22T21:27:15+08:00,76439,0,26607,81920,47,1,33,87.01,252675497984,159552544768,90988679168,0,0,36757,0,0,869653340,125814616,741584668,8,1
2026-08-22T21:27:15+08:00,76439,1,26357,81920,1,0,33,68.56,252675497984,159552544768,90988679168,0,0,36757,0,0,869653340,125814616,741584668,8,1
2026-08-22T21:28:14+08:00,76498,0,23999,81920,0,0,32,67.89,252645543936,159524700160,90989125632,0,0,36757,0,0,869705224,125814616,741584668,8,1
2026-08-22T21:28:14+08:00,76498,1,23639,81920,0,0,34,67.96,252645543936,159524700160,90989125632,0,0,36757,0,0,869705224,125814616,741584668,8,1
2026-08-22T21:29:13+08:00,76557,0,26863,81920,0,0,33,67.56,253167661056,160040534016,90989584384,0,0,36757,0,0,869155520,125814616,741584296,8,1
2026-08-22T21:29:13+08:00,76557,1,26966,81920,0,0,35,83.05,253167661056,160040534016,90989584384,0,0,36757,0,0,869155520,125814616,741584296,8,1
2026-08-22T21:30:15+08:00,76619,0,26561,81920,0,0,32,67.23,253530669056,160401960960,90990002176,0,0,36757,0,0,868779640,125814616,741584336,8,1
2026-08-22T21:30:15+08:00,76619,1,27125,81920,8,0,33,67.63,253530669056,160401960960,90990002176,0,0,36757,0,0,868779640,125814616,741584336,8,1
2026-08-22T21:31:15+08:00,76679,0,24779,81920,2,0,33,83.29,254234435584,161106526208,90990473216,0,0,36757,0,0,868127772,125814616,741584964,8,1
2026-08-22T21:31:15+08:00,76679,1,25471,81920,0,0,34,83.91,254234435584,161106526208,90990473216,0,0,36757,0,0,868127772,125814616,741584964,8,1
2026-08-22T21:32:14+08:00,76738,0,27631,81920,0,0,34,83.29,254015496192,160885788672,90990911488,0,0,36757,0,0,868322860,125814616,741583824,8,1
2026-08-22T21:32:14+08:00,76738,1,27734,81920,77,1,37,124.64,254015496192,160885788672,90990911488,0,0,36757,0,0,868322860,125814616,741583824,8,1
2026-08-22T21:33:14+08:00,76798,0,27103,81920,6,0,32,68.49,254091681792,160963284992,90991378432,0,0,36757,0,0,868267212,125814616,741583824,8,1
2026-08-22T21:33:14+08:00,76798,1,27737,81920,52,1,35,180.5,254091681792,160963284992,90991378432,0,0,36757,0,0,868267212,125814616,741583824,8,1
2026-08-22T21:34:15+08:00,76859,0,25386,81920,1,0,33,69.71,254043914240,160913498112,90991783936,0,0,36757,0,0,868353236,125814616,741584192,8,1
2026-08-22T21:34:15+08:00,76859,1,26419,81920,0,0,33,67.01,254043914240,160913498112,90991783936,0,0,36757,0,0,868353236,125814616,741584192,8,1
2026-08-22T21:35:15+08:00,76919,0,28025,81920,11,0,37,83.57,254552248320,161421729792,90992263168,0,0,36757,0,0,867763948,125814616,741584192,8,1
2026-08-22T21:35:15+08:00,76919,1,25485,81920,0,0,34,67.23,254552248320,161421729792,90992263168,0,0,36757,0,0,867763948,125814616,741584192,8,1
2026-08-22T21:36:14+08:00,76978,0,26833,81920,0,0,32,67.56,254325538816,161195286528,90992697344,0,0,36757,0,0,868022908,125814616,741584192,8,1
2026-08-22T21:36:14+08:00,76978,1,28128,81920,88,1,36,88.56,254325538816,161195286528,90992697344,0,0,36757,0,0,868022908,125814616,741584192,8,1
2026-08-22T21:37:14+08:00,77038,0,28793,81920,25,0,34,83.29,254540226560,161408987136,90993135616,0,0,36757,0,0,867797948,125814616,741583168,8,1
2026-08-22T21:37:14+08:00,77038,1,27471,81920,2,0,33,68.78,254540226560,161408987136,90993135616,0,0,36757,0,0,867797948,125814616,741583168,8,1
2026-08-22T21:38:15+08:00,77099,0,28793,81920,0,0,32,70.66,254901239808,161766977536,90993577984,0,0,36757,0,0,867483952,125814616,741583168,8,1
2026-08-22T21:38:15+08:00,77099,1,25741,81920,4,0,34,69.18,254901239808,161766977536,90993577984,0,0,36757,0,0,867483952,125814616,741583168,8,1
2026-08-22T21:39:15+08:00,77159,0,27007,81920,0,0,32,67.56,254989099008,161853599744,90994044928,0,0,36757,0,0,867349436,125814616,741583168,8,1
2026-08-22T21:39:15+08:00,77159,1,28384,81920,0,0,33,67.01,254989099008,161853599744,90994044928,0,0,36757,0,0,867349436,125814616,741583168,8,1
2026-08-22T21:40:14+08:00,77218,0,29305,81920,100,1,35,176.0,255391965184,162259660800,90994495488,0,0,36757,0,0,866967040,125814616,741583168,8,1
2026-08-22T21:40:14+08:00,77218,1,27389,81920,0,0,33,67.56,255391965184,162259660800,90994495488,0,0,36757,0,0,866967040,125814616,741583168,8,1
2026-08-22T21:41:14+08:00,77278,0,29329,81920,5,0,32,67.89,255938121728,162801876992,90994917376,0,0,36757,0,0,866421680,125814616,741583168,8,1
2026-08-22T21:41:14+08:00,77278,1,26490,81920,0,0,34,67.96,255938121728,162801876992,90994917376,0,0,36757,0,0,866421680,125814616,741583168,8,1
2026-08-22T21:42:02+08:00,77326,0,11321,81920,0,0,33,83.29,169272557568,77855404032,89662615552,0,0,36757,0,0,951424256,125829088,741583156,4,1
2026-08-22T21:42:02+08:00,77326,1,13064,81920,0,0,33,83.57,169272557568,77855404032,89662615552,0,0,36757,0,0,951424256,125829088,741583156,4,1
