tag,round,raw_step,value,wall_time
env/success_once,1,0,0.3046875,1789452513.7139504
env/success_once,2,1,0.28125,1789453181.7670553
env/success_once,3,2,0.359375,1789453885.290832
env/success_once,4,3,0.3203125,1789454567.943566
env/success_once,5,4,0.4765625,1789455534.1085033
env/success_once,6,5,0.265625,1789456278.5097907
env/success_once,7,6,0.3828125,1789457002.3723884
env/success_once,8,7,0.328125,1789457628.2920015
env/success_once,9,8,0.3984375,1789458295.2871132
env/success_once,10,9,0.4453125,1789459334.4412787
env/success_once,11,10,0.3984375,1789460058.1938374
env/success_once,12,11,0.5,1789460782.5390437
env/success_once,13,12,0.4609375,1789461449.9348633
env/success_once,14,13,0.4296875,1789462112.1386504
env/success_once,15,14,0.2890625,1789463111.8467147
env/success_once,16,15,0.4296875,1789463778.3964775
env/success_once,17,16,0.421875,1789464507.667678
env/success_once,18,17,0.359375,1789465199.4084256
env/success_once,19,18,0.484375,1789465877.9317753
env/success_once,20,19,0.28125,1789466941.9996521
env/success_once,21,20,0.40625,1789467675.9487665
env/success_once,22,21,0.390625,1789468449.8524516
env/success_once,23,22,0.453125,1789469122.5113595
env/success_once,24,23,0.3828125,1789469849.544074
env/success_once,25,24,0.3671875,1789470818.6170523
env/success_once,26,25,0.40625,1789471527.8374658
env/success_once,27,26,0.5390625,1789472244.9532583
env/success_once,28,27,0.375,1789472933.4410706
env/success_once,29,28,0.5390625,1789473579.3931599
env/success_once,30,29,0.4453125,1789474608.0072494
env/success_once,31,30,0.421875,1789475311.9763129
env/success_once,32,31,0.515625,1789476051.4357784
env/success_once,33,32,0.5,1789476700.613694
env/success_once,34,33,0.4375,1789477337.2880418
env/success_once,35,34,0.5,1789478300.4017854
env/success_once,36,35,0.4375,1789478939.4836018
env/success_once,37,36,0.625,1789479586.8824363
env/success_once,38,37,0.546875,1789480268.5515225
env/success_once,39,38,0.484375,1789480933.140824
env/success_once,40,39,0.4453125,1789481951.27888
env/success_once,41,40,0.59375,1789482609.731283
env/success_once,42,41,0.4140625,1789483325.6332242
env/success_once,43,42,0.4296875,1789484004.847401
env/success_once,44,43,0.484375,1789484671.9976103
env/success_once,45,44,0.3828125,1789485658.13867
env/success_once,46,45,0.5546875,1789486365.7411363
env/success_once,47,46,0.546875,1789487036.79907
env/success_once,48,47,0.5234375,1789487694.0076606
env/success_once,49,48,0.5859375,1789488381.419622
env/success_once,50,49,0.4375,1789489328.642602
env/success_once,51,50,0.484375,1789490016.5783706
env/success_once,52,51,0.609375,1789490661.2861872
env/success_once,53,52,0.578125,1789491298.8917427
env/success_once,54,53,0.546875,1789491944.9425526
env/success_once,55,54,0.515625,1789492891.5448248
env/success_once,56,55,0.390625,1789493543.7290568
env/success_once,57,56,0.578125,1789494198.863648
env/success_once,58,57,0.546875,1789494847.8815506
env/success_once,59,58,0.515625,1789495488.3902555
env/success_once,60,59,0.453125,1789496471.9394643
env/success_once,61,60,0.6015625,1789497108.5475273
env/success_once,62,61,0.6015625,1789497742.9909084
env/success_once,63,62,0.65625,1789498386.8982854
env/success_once,64,63,0.578125,1789499017.0103657
env/success_once,65,64,0.5546875,1789500008.6283436
env/success_once,66,65,0.4765625,1789500674.508192
env/success_once,67,66,0.484375,1789501332.054786
env/success_once,68,67,0.4921875,1789502024.0292587
env/success_once,69,68,0.484375,1789502677.4865863
env/success_once,70,69,0.6484375,1789503669.5370777
env/success_once,71,70,0.5703125,1789504306.3269804
env/success_once,72,71,0.484375,1789504952.6397748
env/success_once,73,72,0.640625,1789505582.5889807
env/success_once,74,73,0.6015625,1789506217.8116324
env/success_once,75,74,0.53125,1789507204.9446604
env/success_once,76,75,0.5859375,1789507834.0820725
env/success_once,77,76,0.5625,1789508483.9478593
env/success_once,78,77,0.53125,1789509120.6112523
env/success_once,79,78,0.4921875,1789509760.0392275
env/success_once,80,79,0.4296875,1789510701.3073375
env/success_once,81,80,0.578125,1789511364.9516902
env/success_once,82,81,0.4765625,1789512019.1125164
env/success_once,83,82,0.40625,1789512652.4237354
env/success_once,84,83,0.53125,1789513284.996568
env/success_once,85,84,0.484375,1789514190.520265
env/success_once,86,85,0.4765625,1789514826.5688593
env/success_once,87,86,0.53125,1789515458.9771605
env/success_once,88,87,0.3828125,1789516105.4962606
env/success_once,89,88,0.390625,1789516756.187015
env/success_once,90,89,0.5078125,1789517701.4587216
env/success_once,91,90,0.6328125,1789518333.2323806
env/success_once,92,91,0.5234375,1789518958.9945989
env/success_once,93,92,0.4921875,1789519599.5397174
env/success_once,94,93,0.546875,1789520239.1310656
env/success_once,95,94,0.6015625,1789521153.4406693
env/success_once,96,95,0.484375,1789521804.1335058
env/success_once,97,96,0.4296875,1789522510.0476382
env/success_once,98,97,0.453125,1789523160.9535615
env/success_once,99,98,0.5546875,1789523799.5175154
env/success_once,100,99,0.4453125,1789524756.780848
env/success_once,101,100,0.546875,1789525428.1831949
env/success_once,102,101,0.515625,1789526077.4667869
env/success_once,103,102,0.4921875,1789526738.4672577
env/success_once,104,103,0.5,1789527380.559188
env/success_once,105,104,0.3828125,1789528274.4999595
env/success_once,106,105,0.421875,1789528932.5322452
env/success_once,107,106,0.4453125,1789529592.7902622
env/success_once,108,107,0.5,1789530256.9958298
env/success_once,109,108,0.5546875,1789530913.1762002
env/success_once,110,109,0.4765625,1789531866.2888515
env/success_once,111,110,0.53125,1789532497.6494272
env/success_once,112,111,0.4375,1789533174.9272363
env/success_once,113,112,0.4375,1789533828.984827
env/success_once,114,113,0.4609375,1789534565.1173341
env/success_once,115,114,0.484375,1789535498.144571
env/episode_len,1,0,200.0,1789452513.71407
env/episode_len,2,1,200.0,1789453181.7671056
env/episode_len,3,2,200.0,1789453885.2909157
env/episode_len,4,3,200.0,1789454567.9436178
env/episode_len,5,4,200.0,1789455534.1085248
env/episode_len,6,5,200.0,1789456278.5098407
env/episode_len,7,6,200.0,1789457002.372444
env/episode_len,8,7,200.0,1789457628.2920756
env/episode_len,9,8,200.0,1789458295.2871687
env/episode_len,10,9,200.0,1789459334.4413047
env/episode_len,11,10,200.0,1789460058.193915
env/episode_len,12,11,200.0,1789460782.539101
env/episode_len,13,12,200.0,1789461449.934938
env/episode_len,14,13,200.0,1789462112.1387067
env/episode_len,15,14,200.0,1789463111.8467705
env/episode_len,16,15,200.0,1789463778.396544
env/episode_len,17,16,200.0,1789464507.6677554
env/episode_len,18,17,200.0,1789465199.4084897
env/episode_len,19,18,200.0,1789465877.9318316
env/episode_len,20,19,200.0,1789466941.999681
env/episode_len,21,20,200.0,1789467675.9488163
env/episode_len,22,21,200.0,1789468449.8525033
env/episode_len,23,22,200.0,1789469122.5114114
env/episode_len,24,23,200.0,1789469849.5441391
env/episode_len,25,24,200.0,1789470818.617076
env/episode_len,26,25,200.0,1789471527.8375187
env/episode_len,27,26,200.0,1789472244.9533348
env/episode_len,28,27,200.0,1789472933.4411292
env/episode_len,29,28,200.0,1789473579.3932111
env/episode_len,30,29,200.0,1789474608.0072832
env/episode_len,31,30,200.0,1789475311.9763682
env/episode_len,32,31,200.0,1789476051.4358315
env/episode_len,33,32,200.0,1789476700.6137736
env/episode_len,34,33,200.0,1789477337.288114
env/episode_len,35,34,200.0,1789478300.401849
env/episode_len,36,35,200.0,1789478939.4836397
env/episode_len,37,36,200.0,1789479586.882493
env/episode_len,38,37,200.0,1789480268.5515738
env/episode_len,39,38,200.0,1789480933.1408958
env/episode_len,40,39,200.0,1789481951.278936
env/episode_len,41,40,200.0,1789482609.7313602
env/episode_len,42,41,200.0,1789483325.633305
env/episode_len,43,42,200.0,1789484004.847471
env/episode_len,44,43,200.0,1789484671.9976587
env/episode_len,45,44,200.0,1789485658.138717
env/episode_len,46,45,200.0,1789486365.7412043
env/episode_len,47,46,200.0,1789487036.7991319
env/episode_len,48,47,200.0,1789487694.007712
env/episode_len,49,48,200.0,1789488381.4196937
env/episode_len,50,49,200.0,1789489328.642678
env/episode_len,51,50,200.0,1789490016.5784042
env/episode_len,52,51,200.0,1789490661.2862823
env/episode_len,53,52,200.0,1789491298.8917913
env/episode_len,54,53,200.0,1789491944.942629
env/episode_len,55,54,200.0,1789492891.5448873
env/episode_len,56,55,200.0,1789493543.72911
env/episode_len,57,56,200.0,1789494198.8637135
env/episode_len,58,57,200.0,1789494847.8816252
env/episode_len,59,58,200.0,1789495488.3903253
env/episode_len,60,59,200.0,1789496471.9394913
env/episode_len,61,60,200.0,1789497108.5475903
env/episode_len,62,61,200.0,1789497742.9909642
env/episode_len,63,62,200.0,1789498386.898345
env/episode_len,64,63,200.0,1789499017.010435
env/episode_len,65,64,200.0,1789500008.6283722
env/episode_len,66,65,200.0,1789500674.5082648
env/episode_len,67,66,200.0,1789501332.0548706
env/episode_len,68,67,200.0,1789502024.0293252
env/episode_len,69,68,200.0,1789502677.4866347
env/episode_len,70,69,200.0,1789503669.537128
env/episode_len,71,70,200.0,1789504306.3271437
env/episode_len,72,71,200.0,1789504952.639827
env/episode_len,73,72,200.0,1789505582.5890334
env/episode_len,74,73,200.0,1789506217.8116791
env/episode_len,75,74,200.0,1789507204.944712
env/episode_len,76,75,200.0,1789507834.0821302
env/episode_len,77,76,200.0,1789508483.9479067
env/episode_len,78,77,200.0,1789509120.6113439
env/episode_len,79,78,200.0,1789509760.0392802
env/episode_len,80,79,200.0,1789510701.3073618
env/episode_len,81,80,200.0,1789511364.9517264
env/episode_len,82,81,200.0,1789512019.1125703
env/episode_len,83,82,200.0,1789512652.4237857
env/episode_len,84,83,200.0,1789513284.9966247
env/episode_len,85,84,200.0,1789514190.5202909
env/episode_len,86,85,200.0,1789514826.568912
env/episode_len,87,86,200.0,1789515458.9772077
env/episode_len,88,87,200.0,1789516105.4963195
env/episode_len,89,88,200.0,1789516756.1870651
env/episode_len,90,89,200.0,1789517701.458747
env/episode_len,91,90,200.0,1789518333.232439
env/episode_len,92,91,200.0,1789518958.994657
env/episode_len,93,92,200.0,1789519599.53977
env/episode_len,94,93,200.0,1789520239.1311173
env/episode_len,95,94,200.0,1789521153.4407175
env/episode_len,96,95,200.0,1789521804.1335716
env/episode_len,97,96,200.0,1789522510.047714
env/episode_len,98,97,200.0,1789523160.9536114
env/episode_len,99,98,200.0,1789523799.5175686
env/episode_len,100,99,200.0,1789524756.7808743
env/episode_len,101,100,200.0,1789525428.1832454
env/episode_len,102,101,200.0,1789526077.466836
env/episode_len,103,102,200.0,1789526738.4673085
env/episode_len,104,103,200.0,1789527380.5592556
env/episode_len,105,104,200.0,1789528274.5000145
env/episode_len,106,105,200.0,1789528932.5322964
env/episode_len,107,106,200.0,1789529592.7903173
env/episode_len,108,107,200.0,1789530256.9958804
env/episode_len,109,108,200.0,1789530913.1762657
env/episode_len,110,109,200.0,1789531866.2888863
env/episode_len,111,110,200.0,1789532497.6494832
env/episode_len,112,111,200.0,1789533174.9272826
env/episode_len,113,112,200.0,1789533828.984904
env/episode_len,114,113,200.0,1789534565.1174002
env/episode_len,115,114,200.0,1789535498.144611
env/reward,1,0,0.0015234374441206455,1789452513.7140877
env/reward,2,1,0.0014062498230487108,1789453181.7671137
env/reward,3,2,0.0017968750325962901,1789453885.2909267
env/reward,4,3,0.0016015623696148396,1789454567.9436264
env/reward,5,4,0.002382812323048711,1789455534.1085324
env/reward,6,5,0.0013281248975545168,1789456278.5098498
env/reward,7,6,0.0019140624208375812,1789457002.3724532
env/reward,8,7,0.0016406249487772584,1789457628.2920842
env/reward,9,8,0.001992187462747097,1789458295.2871768
env/reward,10,9,0.0022265624720603228,1789459334.4413128
env/reward,11,10,0.0019921872299164534,1789460058.193924
env/reward,12,11,0.002499999711290002,1789460782.5391092
env/reward,13,12,0.002304687397554517,1789461449.934952
env/reward,14,13,0.002148437313735485,1789462112.1387148
env/reward,15,14,0.0014453124022111297,1789463111.846783
env/reward,16,15,0.002148437313735485,1789463778.3965528
env/reward,17,16,0.002109374850988388,1789464507.6677668
env/reward,18,17,0.0017968749161809683,1789465199.4084995
env/reward,19,18,0.002421874785795808,1789465877.9318438
env/reward,20,19,0.0014062499394640326,1789466941.9996884
env/reward,21,20,0.0020312496926635504,1789467675.9488251
env/reward,22,21,0.001953125,1789468449.852512
env/reward,23,22,0.0022656249348074198,1789469122.5114205
env/reward,24,23,0.0019140624208375812,1789469849.5441499
env/reward,25,24,0.0018359373789280653,1789470818.617083
env/reward,26,25,0.002031249925494194,1789471527.8375268
env/reward,27,26,0.002695312025025487,1789472244.9533434
env/reward,28,27,0.001875000074505806,1789472933.4411397
env/reward,29,28,0.0026953122578561306,1789473579.3932211
env/reward,30,29,0.0022265624720603228,1789474608.0072916
env/reward,31,30,0.002109374850988388,1789475311.9763768
env/reward,32,31,0.0025781248696148396,1789476051.4358397
env/reward,33,32,0.0024999999441206455,1789476700.6137826
env/reward,34,33,0.002187499776482582,1789477337.288122
env/reward,35,34,0.0024999999441206455,1789478300.401875
env/reward,36,35,0.0021875000093132257,1789478939.4836485
env/reward,37,36,0.003124999813735485,1789479586.8825014
env/reward,38,37,0.0027343749534338713,1789480268.5515842
env/reward,39,38,0.0024218750186264515,1789480933.1409047
env/reward,40,39,0.0022265624720603228,1789481951.2789583
env/reward,41,40,0.002968749962747097,1789482609.731369
env/reward,42,41,0.002070312388241291,1789483325.6333158
env/reward,43,42,0.0021484375465661287,1789484004.84748
env/reward,44,43,0.0024218750186264515,1789484671.9976668
env/reward,45,44,0.001914062537252903,1789485658.1387312
env/reward,46,45,0.002773437649011612,1789486365.7412124
env/reward,47,46,0.0027343747206032276,1789487036.7991407
env/reward,48,47,0.0026171873323619366,1789487694.0077212
env/reward,49,48,0.0029296872671693563,1789488381.4197023
env/reward,50,49,0.0021875000093132257,1789489328.6426907
env/reward,51,50,0.002421874552965164,1789490016.5784123
env/reward,52,51,0.003046874888241291,1789490661.286296
env/reward,53,52,0.0028906248044222593,1789491298.8918006
env/reward,54,53,0.0027343747206032276,1789491944.942638
env/reward,55,54,0.0025781248696148396,1789492891.5449128
env/reward,56,55,0.0019531248835846782,1789493543.7291183
env/reward,57,56,0.0028906248044222593,1789494198.8637245
env/reward,58,57,0.0027343749534338713,1789494847.881636
env/reward,59,58,0.0025781248696148396,1789495488.390337
env/reward,60,59,0.002265624701976776,1789496471.9395006
env/reward,61,60,0.003007812425494194,1789497108.5475988
env/reward,62,61,0.003007812425494194,1789497742.990973
env/reward,63,62,0.0032812501303851604,1789498386.8983529
env/reward,64,63,0.002890625037252903,1789499017.0104437
env/reward,65,64,0.0027734374161809683,1789500008.6283822
env/reward,66,65,0.002382812323048711,1789500674.5082731
env/reward,67,66,0.002421874785795808,1789501332.0548844
env/reward,68,67,0.002460937248542905,1789502024.0293336
env/reward,69,68,0.0024218750186264515,1789502677.4866428
env/reward,70,69,0.0032421874348074198,1789503669.5371404
env/reward,71,70,0.002851562574505806,1789504306.3271723
env/reward,72,71,0.002421874785795808,1789504952.639836
env/reward,73,72,0.0032031249720603228,1789505582.5890417
env/reward,74,73,0.0030078121926635504,1789506217.8116877
env/reward,75,74,0.0026562497951090336,1789507204.9447355
env/reward,76,75,0.0029296872671693563,1789507834.0821385
env/reward,77,76,0.0028124996460974216,1789508483.9479156
env/reward,78,77,0.0026562497951090336,1789509120.6113546
env/reward,79,78,0.0024609374813735485,1789509760.0392888
env/reward,80,79,0.002148437313735485,1789510701.3073692
env/reward,81,80,0.002890625037252903,1789511364.9517348
env/reward,82,81,0.002382812323048711,1789512019.1125803
env/reward,83,82,0.002031249925494194,1789512652.4237943
env/reward,84,83,0.0026562500279396772,1789513284.996633
env/reward,85,84,0.002421874785795808,1789514190.520299
env/reward,86,85,0.002382812323048711,1789514826.5689204
env/reward,87,86,0.0026562500279396772,1789515458.9772158
env/reward,88,87,0.0019140623044222593,1789516105.496329
env/reward,89,88,0.0019531248835846782,1789516756.1870737
env/reward,90,89,0.0025390624068677425,1789517701.458754
env/reward,91,90,0.003164062276482582,1789518333.2324474
env/reward,92,91,0.0026171875651925802,1789518958.9946685
env/reward,93,92,0.002460937248542905,1789519599.5397785
env/reward,94,93,0.0027343749534338713,1789520239.1311257
env/reward,95,94,0.003007812425494194,1789521153.4407377
env/reward,96,95,0.002421874785795808,1789521804.1335802
env/reward,97,96,0.002148437313735485,1789522510.0477276
env/reward,98,97,0.002265624701976776,1789523160.953621
env/reward,99,98,0.002773437649011612,1789523799.517578
env/reward,100,99,0.0022265624720603228,1789524756.7808833
env/reward,101,100,0.002734375186264515,1789525428.1832538
env/reward,102,101,0.0025781248696148396,1789526077.4668438
env/reward,103,102,0.002460937248542905,1789526738.4673173
env/reward,104,103,0.0024999999441206455,1789527380.5592651
env/reward,105,104,0.001914062537252903,1789528274.500039
env/reward,106,105,0.002109374850988388,1789528932.532305
env/reward,107,106,0.0022265624720603228,1789529592.7903273
env/reward,108,107,0.0024999999441206455,1789530256.9958887
env/reward,109,108,0.0027734371833503246,1789530913.1762748
env/reward,110,109,0.002382812323048711,1789531866.2888966
env/reward,111,110,0.002656250260770321,1789532497.6494913
env/reward,112,111,0.0021875000093132257,1789533174.9272912
env/reward,113,112,0.0021875000093132257,1789533828.9849188
env/reward,114,113,0.002304687397554517,1789534565.1174123
env/reward,115,114,0.002421874785795808,1789535498.144628
env/return,1,0,0.3046875,1789452513.7140996
env/return,2,1,0.28125,1789453181.76712
env/return,3,2,0.359375,1789453885.2909327
env/return,4,3,0.3203125,1789454567.9436321
env/return,5,4,0.4765625,1789455534.1085384
env/return,6,5,0.265625,1789456278.5098562
env/return,7,6,0.3828125,1789457002.3724604
env/return,8,7,0.328125,1789457628.292091
env/return,9,8,0.3984375,1789458295.2871826
env/return,10,9,0.4453125,1789459334.441319
env/return,11,10,0.3984375,1789460058.19393
env/return,12,11,0.5,1789460782.539115
env/return,13,12,0.4609375,1789461449.934961
env/return,14,13,0.4296875,1789462112.1387208
env/return,15,14,0.2890625,1789463111.846794
env/return,16,15,0.4296875,1789463778.3965595
env/return,17,16,0.421875,1789464507.667775
env/return,18,17,0.359375,1789465199.408506
env/return,19,18,0.484375,1789465877.931851
env/return,20,19,0.28125,1789466941.999694
env/return,21,20,0.40625,1789467675.9488306
env/return,22,21,0.390625,1789468449.8525178
env/return,23,22,0.453125,1789469122.5114264
env/return,24,23,0.3828125,1789469849.5441575
env/return,25,24,0.3671875,1789470818.6170888
env/return,26,25,0.40625,1789471527.837533
env/return,27,26,0.5390625,1789472244.9533496
env/return,28,27,0.375,1789472933.4411473
env/return,29,28,0.5390625,1789473579.3932285
env/return,30,29,0.4453125,1789474608.007298
env/return,31,30,0.421875,1789475311.9763827
env/return,32,31,0.515625,1789476051.4358456
env/return,33,32,0.5,1789476700.6137886
env/return,34,33,0.4375,1789477337.2881286
env/return,35,34,0.5,1789478300.401897
env/return,36,35,0.4375,1789478939.4836552
env/return,37,36,0.625,1789479586.8825073
env/return,38,37,0.546875,1789480268.5515907
env/return,39,38,0.484375,1789480933.1409106
env/return,40,39,0.4453125,1789481951.2789743
env/return,41,40,0.59375,1789482609.7313755
env/return,42,41,0.4140625,1789483325.6333234
env/return,43,42,0.4296875,1789484004.8474863
env/return,44,43,0.484375,1789484671.9976728
env/return,45,44,0.3828125,1789485658.1387422
env/return,46,45,0.5546875,1789486365.7412186
env/return,47,46,0.546875,1789487036.7991462
env/return,48,47,0.5234375,1789487694.0077279
env/return,49,48,0.5859375,1789488381.4197087
env/return,50,49,0.4375,1789489328.6426988
env/return,51,50,0.484375,1789490016.5784185
env/return,52,51,0.609375,1789490661.2863066
env/return,53,52,0.578125,1789491298.8918066
env/return,54,53,0.546875,1789491944.942645
env/return,55,54,0.515625,1789492891.5449357
env/return,56,55,0.390625,1789493543.729124
env/return,57,56,0.578125,1789494198.863733
env/return,58,57,0.546875,1789494847.8816416
env/return,59,58,0.515625,1789495488.3903441
env/return,60,59,0.453125,1789496471.9395077
env/return,61,60,0.6015625,1789497108.5476058
env/return,62,61,0.6015625,1789497742.99098
env/return,63,62,0.65625,1789498386.8983588
env/return,64,63,0.578125,1789499017.0104496
env/return,65,64,0.5546875,1789500008.6283898
env/return,66,65,0.4765625,1789500674.5082803
env/return,67,66,0.484375,1789501332.0548987
env/return,68,67,0.4921875,1789502024.0293398
env/return,69,68,0.484375,1789502677.4866493
env/return,70,69,0.6484375,1789503669.5371504
env/return,71,70,0.5703125,1789504306.327192
env/return,72,71,0.484375,1789504952.6398425
env/return,73,72,0.640625,1789505582.5890481
env/return,74,73,0.6015625,1789506217.8116937
env/return,75,74,0.53125,1789507204.9447489
env/return,76,75,0.5859375,1789507834.0821447
env/return,77,76,0.5625,1789508483.9479222
env/return,78,77,0.53125,1789509120.6113605
env/return,79,78,0.4921875,1789509760.0392952
env/return,80,79,0.4296875,1789510701.3073754
env/return,81,80,0.578125,1789511364.9517407
env/return,82,81,0.4765625,1789512019.1125877
env/return,83,82,0.40625,1789512652.4238
env/return,84,83,0.53125,1789513284.996639
env/return,85,84,0.484375,1789514190.5203052
env/return,86,85,0.4765625,1789514826.5689275
env/return,87,86,0.53125,1789515458.9772222
env/return,88,87,0.3828125,1789516105.496336
env/return,89,88,0.390625,1789516756.1870794
env/return,90,89,0.5078125,1789517701.4587598
env/return,91,90,0.6328125,1789518333.232453
env/return,92,91,0.5234375,1789518958.9946756
env/return,93,92,0.4921875,1789519599.5397844
env/return,94,93,0.546875,1789520239.131132
env/return,95,94,0.6015625,1789521153.440754
env/return,96,95,0.484375,1789521804.1335871
env/return,97,96,0.4296875,1789522510.047737
env/return,98,97,0.453125,1789523160.9536278
env/return,99,98,0.5546875,1789523799.5175843
env/return,100,99,0.4453125,1789524756.7808912
env/return,101,100,0.546875,1789525428.1832602
env/return,102,101,0.515625,1789526077.46685
env/return,103,102,0.4921875,1789526738.467323
env/return,104,103,0.5,1789527380.5592735
env/return,105,104,0.3828125,1789528274.5000591
env/return,106,105,0.421875,1789528932.5323112
env/return,107,106,0.4453125,1789529592.7903345
env/return,108,107,0.5,1789530256.9958942
env/return,109,108,0.5546875,1789530913.1762807
env/return,110,109,0.4765625,1789531866.288905
env/return,111,110,0.53125,1789532497.6494973
env/return,112,111,0.4375,1789533174.9272976
env/return,113,112,0.4375,1789533828.984929
env/return,114,113,0.4609375,1789534565.117421
env/return,115,114,0.484375,1789535498.1446416
env/num_trajectories,1,0,128.0,1789452513.7141519
env/num_trajectories,2,1,128.0,1789453181.767147
env/num_trajectories,3,2,128.0,1789453885.2909687
env/num_trajectories,4,3,128.0,1789454567.9436598
env/num_trajectories,5,4,128.0,1789455534.1085517
env/num_trajectories,6,5,128.0,1789456278.5098839
env/num_trajectories,7,6,128.0,1789457002.372487
env/num_trajectories,8,7,128.0,1789457628.2921214
env/num_trajectories,9,8,128.0,1789458295.287208
env/num_trajectories,10,9,128.0,1789459334.441334
env/num_trajectories,11,10,128.0,1789460058.1939638
env/num_trajectories,12,11,128.0,1789460782.539142
env/num_trajectories,13,12,128.0,1789461449.9349992
env/num_trajectories,14,13,128.0,1789462112.138747
env/num_trajectories,15,14,128.0,1789463111.8468134
env/num_trajectories,16,15,128.0,1789463778.3965948
env/num_trajectories,17,16,128.0,1789464507.6678178
env/num_trajectories,18,17,128.0,1789465199.4085393
env/num_trajectories,19,18,128.0,1789465877.931878
env/num_trajectories,20,19,128.0,1789466941.9997082
env/num_trajectories,21,20,128.0,1789467675.9488573
env/num_trajectories,22,21,128.0,1789468449.8525465
env/num_trajectories,23,22,128.0,1789469122.5114548
env/num_trajectories,24,23,128.0,1789469849.5441904
env/num_trajectories,25,24,128.0,1789470818.6171021
env/num_trajectories,26,25,128.0,1789471527.837559
env/num_trajectories,27,26,128.0,1789472244.9533849
env/num_trajectories,28,27,128.0,1789472933.441179
env/num_trajectories,29,28,128.0,1789473579.3932483
env/num_trajectories,30,29,128.0,1789474608.0073147
env/num_trajectories,31,30,128.0,1789475311.976408
env/num_trajectories,32,31,128.0,1789476051.4358718
env/num_trajectories,33,32,128.0,1789476700.6138237
env/num_trajectories,34,33,128.0,1789477337.288165
env/num_trajectories,35,34,128.0,1789478300.4019344
env/num_trajectories,36,35,128.0,1789478939.483673
env/num_trajectories,37,36,128.0,1789479586.8825328
env/num_trajectories,38,37,128.0,1789480268.5516186
env/num_trajectories,39,38,128.0,1789480933.1409469
env/num_trajectories,40,39,128.0,1789481951.279008
env/num_trajectories,41,40,128.0,1789482609.7314146
env/num_trajectories,42,41,128.0,1789483325.6333623
env/num_trajectories,43,42,128.0,1789484004.847521
env/num_trajectories,44,43,128.0,1789484671.9976997
env/num_trajectories,45,44,128.0,1789485658.13877
env/num_trajectories,46,45,128.0,1789486365.7412522
env/num_trajectories,47,46,128.0,1789487036.799186
env/num_trajectories,48,47,128.0,1789487694.007755
env/num_trajectories,49,48,128.0,1789488381.4197433
env/num_trajectories,50,49,128.0,1789489328.6427257
env/num_trajectories,51,50,128.0,1789490016.5784378
env/num_trajectories,52,51,128.0,1789490661.2863398
env/num_trajectories,53,52,128.0,1789491298.891832
env/num_trajectories,54,53,128.0,1789491944.9426804
env/num_trajectories,55,54,128.0,1789492891.5449748
env/num_trajectories,56,55,128.0,1789493543.7291503
env/num_trajectories,57,56,128.0,1789494198.8637643
env/num_trajectories,58,57,128.0,1789494847.8816779
env/num_trajectories,59,58,128.0,1789495488.390378
env/num_trajectories,60,59,128.0,1789496471.9395247
env/num_trajectories,61,60,128.0,1789497108.5476325
env/num_trajectories,62,61,128.0,1789497742.9910073
env/num_trajectories,63,62,128.0,1789498386.8983848
env/num_trajectories,64,63,128.0,1789499017.010483
env/num_trajectories,65,64,128.0,1789500008.6284075
env/num_trajectories,66,65,128.0,1789500674.5083148
env/num_trajectories,67,66,128.0,1789501332.0549352
env/num_trajectories,68,67,128.0,1789502024.0293756
env/num_trajectories,69,68,128.0,1789502677.486675
env/num_trajectories,70,69,128.0,1789503669.5371728
env/num_trajectories,71,70,128.0,1789504306.3272717
env/num_trajectories,72,71,128.0,1789504952.6398697
env/num_trajectories,73,72,128.0,1789505582.5890734
env/num_trajectories,74,73,128.0,1789506217.8117185
env/num_trajectories,75,74,128.0,1789507204.9447796
env/num_trajectories,76,75,128.0,1789507834.0821717
env/num_trajectories,77,76,128.0,1789508483.947948
env/num_trajectories,78,77,128.0,1789509120.611403
env/num_trajectories,79,78,128.0,1789509760.039321
env/num_trajectories,80,79,128.0,1789510701.30739
env/num_trajectories,81,80,128.0,1789511364.9517589
env/num_trajectories,82,81,128.0,1789512019.1126192
env/num_trajectories,83,82,128.0,1789512652.4238267
env/num_trajectories,84,83,128.0,1789513284.996667
env/num_trajectories,85,84,128.0,1789514190.5203204
env/num_trajectories,86,85,128.0,1789514826.5689526
env/num_trajectories,87,86,128.0,1789515458.9772482
env/num_trajectories,88,87,128.0,1789516105.496366
env/num_trajectories,89,88,128.0,1789516756.1871047
env/num_trajectories,90,89,128.0,1789517701.4587739
env/num_trajectories,91,90,128.0,1789518333.2324789
env/num_trajectories,92,91,128.0,1789518958.9946978
env/num_trajectories,93,92,128.0,1789519599.539809
env/num_trajectories,94,93,128.0,1789520239.1311586
env/num_trajectories,95,94,128.0,1789521153.4407842
env/num_trajectories,96,95,128.0,1789521804.133622
env/num_trajectories,97,96,128.0,1789522510.0477748
env/num_trajectories,98,97,128.0,1789523160.9536548
env/num_trajectories,99,98,128.0,1789523799.5176144
env/num_trajectories,100,99,128.0,1789524756.7809083
env/num_trajectories,101,100,128.0,1789525428.1832855
env/num_trajectories,102,101,128.0,1789526077.4668772
env/num_trajectories,103,102,128.0,1789526738.46735
env/num_trajectories,104,103,128.0,1789527380.5593116
env/num_trajectories,105,104,128.0,1789528274.5000951
env/num_trajectories,106,105,128.0,1789528932.5323389
env/num_trajectories,107,106,128.0,1789529592.7903647
env/num_trajectories,108,107,128.0,1789530256.9959207
env/num_trajectories,109,108,128.0,1789530913.1763096
env/num_trajectories,110,109,128.0,1789531866.2889218
env/num_trajectories,111,110,128.0,1789532497.6495216
env/num_trajectories,112,111,128.0,1789533174.9273229
env/num_trajectories,113,112,128.0,1789533828.9849658
env/num_trajectories,114,113,128.0,1789534565.117457
env/num_trajectories,115,114,128.0,1789535498.1446671
rollout/rewards,1,0,0.0020051414612680674,1789452513.7141678
rollout/rewards,2,1,0.001972602680325508,1789453181.7671564
rollout/rewards,3,2,0.0021495327819138765,1789453885.2909787
rollout/rewards,4,3,0.0018082191236317158,1789454567.9436693
rollout/rewards,5,4,0.0030372492037713528,1789455534.1085603
rollout/rewards,6,5,0.0018579234601929784,1789456278.5098941
rollout/rewards,7,6,0.002153846202418208,1789457002.3724995
rollout/rewards,8,7,0.0020047733560204506,1789457628.292132
rollout/rewards,9,8,0.0022279792465269566,1789458295.287217
rollout/rewards,10,9,0.002787285950034857,1789459334.4413424
rollout/rewards,11,10,0.0022921347990632057,1789460058.1939738
rollout/rewards,12,11,0.0029866667464375496,1789460782.5391517
rollout/rewards,13,12,0.0027378189843147993,1789461449.935015
rollout/rewards,14,13,0.002292682882398367,1789462112.1387565
rollout/rewards,15,14,0.0017619048012420535,1789463111.8468277
rollout/rewards,16,15,0.0024608501698821783,1789463778.3966043
rollout/rewards,17,16,0.002577565610408783,1789464507.6678317
rollout/rewards,18,17,0.0024146982468664646,1789465199.4085493
rollout/rewards,19,18,0.0028877004515379667,1789465877.9318876
rollout/rewards,20,19,0.001885521924123168,1789466941.9997168
rollout/rewards,21,20,0.0018556701252236962,1789467675.9488657
rollout/rewards,22,21,0.0022624435368925333,1789468449.8525562
rollout/rewards,23,22,0.002815533895045519,1789469122.5114646
rollout/rewards,24,23,0.002585751935839653,1789469849.544203
rollout/rewards,25,24,0.0016986301634460688,1789470818.6171105
rollout/rewards,26,25,0.0023059865925461054,1789471527.8375676
rollout/rewards,27,26,0.0032620320562273264,1789472244.9533942
rollout/rewards,28,27,0.0020915032364428043,1789472933.441192
rollout/rewards,29,28,0.003012345638126135,1789473579.3932586
rollout/rewards,30,29,0.0025333333760499954,1789474608.0073242
rollout/rewards,31,30,0.0026150119956582785,1789475311.9764173
rollout/rewards,32,31,0.0033587785437703133,1789476051.435881
rollout/rewards,33,32,0.0028764044400304556,1789476700.6138341
rollout/rewards,34,33,0.002751842839643359,1789477337.2881746
rollout/rewards,35,34,0.002725060796365142,1789478300.4019628
rollout/rewards,36,35,0.0024742267560213804,1789478939.4836829
rollout/rewards,37,36,0.003144963178783655,1789479586.8825424
rollout/rewards,38,37,0.0030617283191531897,1789480268.5516284
rollout/rewards,39,38,0.0025592416059225798,1789480933.1409562
rollout/rewards,40,39,0.0025165562983602285,1789481951.2790306
rollout/rewards,41,40,0.00296296295709908,1789482609.7314246
rollout/rewards,42,41,0.002339955884963274,1789483325.6333718
rollout/rewards,43,42,0.0024415585212409496,1789484004.847531
rollout/rewards,44,43,0.0021229051053524017,1789484671.9977098
rollout/rewards,45,44,0.0019158878130838275,1789485658.1387858
rollout/rewards,46,45,0.003058252390474081,1789486365.7412615
rollout/rewards,47,46,0.0028181818779557943,1789487036.799195
rollout/rewards,48,47,0.0028162291273474693,1789487694.0083046
rollout/rewards,49,48,0.0028095238376408815,1789488381.419753
rollout/rewards,50,49,0.002513088984414935,1789489328.6427352
rollout/rewards,51,50,0.0026160336565226316,1789490016.5784469
rollout/rewards,52,51,0.0035714285913854837,1789490661.2863495
rollout/rewards,53,52,0.0035106383729726076,1789491298.891841
rollout/rewards,54,53,0.002947368426248431,1789491944.94269
rollout/rewards,55,54,0.003093333449214697,1789492891.5450048
rollout/rewards,56,55,0.0024937656708061695,1789493543.7291589
rollout/rewards,57,56,0.003227383829653263,1789494198.8637762
rollout/rewards,58,57,0.0028421052265912294,1789494847.8816884
rollout/rewards,59,58,0.002624671906232834,1789495488.390388
rollout/rewards,60,59,0.002785515272989869,1789496471.939535
rollout/rewards,61,60,0.003468468552455306,1789497108.5476413
rollout/rewards,62,61,0.0029683697503060102,1789497742.9910164
rollout/rewards,63,62,0.003488372080028057,1789498386.898394
rollout/rewards,64,63,0.0035071088932454586,1789499017.0104923
rollout/rewards,65,64,0.0032126696314662695,1789500008.6284192
rollout/rewards,66,65,0.002774869091808796,1789500674.5083237
rollout/rewards,67,66,0.0027740492951124907,1789501332.0549505
rollout/rewards,68,67,0.0028442437760531902,1789502024.0293849
rollout/rewards,69,68,0.002599580679088831,1789502677.4866838
rollout/rewards,70,69,0.003480519400909543,1789503669.5371873
rollout/rewards,71,70,0.00316301709972322,1789504306.3273027
rollout/rewards,72,71,0.0027015251107513905,1789504952.6398811
rollout/rewards,73,72,0.0033819242380559444,1789505582.589082
rollout/rewards,74,73,0.003254716983065009,1789506217.8117273
rollout/rewards,75,74,0.003090908983722329,1789507204.9447985
rollout/rewards,76,75,0.002865168498829007,1789507834.0821805
rollout/rewards,77,76,0.0026666666381061077,1789508483.947957
rollout/rewards,78,77,0.002632911317050457,1789509120.6114132
rollout/rewards,79,78,0.0031073447316884995,1789509760.0393302
rollout/rewards,80,79,0.0024122807662934065,1789510701.3073986
rollout/rewards,81,80,0.0029010989237576723,1789511364.951768
rollout/rewards,82,81,0.0023555555380880833,1789512019.1126313
rollout/rewards,83,82,0.0021176470909267664,1789512652.4238358
rollout/rewards,84,83,0.002758620772510767,1789513284.996677
rollout/rewards,85,84,0.00256728776730597,1789514190.5203288
rollout/rewards,86,85,0.002932692412286997,1789514826.5689614
rollout/rewards,87,86,0.0024109589867293835,1789515458.977258
rollout/rewards,88,87,0.0020164609886705875,1789516105.4963765
rollout/rewards,89,88,0.0022573363967239857,1789516756.1871138
rollout/rewards,90,89,0.0029213482048362494,1789517701.4587824
rollout/rewards,91,90,0.003285302547737956,1789518333.232488
rollout/rewards,92,91,0.0026818180922418833,1789518958.994709
rollout/rewards,93,92,0.0027937914710491896,1789519599.539818
rollout/rewards,94,93,0.0025414363481104374,1789520239.1311674
rollout/rewards,95,94,0.0031944443471729755,1789521153.4408073
rollout/rewards,96,95,0.0029665071051567793,1789521804.133632
rollout/rewards,97,96,0.002385786734521389,1789522510.047789
rollout/rewards,98,97,0.0025445292703807354,1789523160.9536643
rollout/rewards,99,98,0.002827763557434082,1789523799.5176268
rollout/rewards,100,99,0.0025446428917348385,1789524756.7809184
rollout/rewards,101,100,0.003139013424515724,1789525428.1832948
rollout/rewards,102,101,0.0025575447361916304,1789526077.4668863
rollout/rewards,103,102,0.001969696953892708,1789526738.4673595
rollout/rewards,104,103,0.0024999999441206455,1789527380.559323
rollout/rewards,105,104,0.0023113207425922155,1789528274.500123
rollout/rewards,106,105,0.0021395348012447357,1789528932.5323484
rollout/rewards,107,106,0.002720763674005866,1789529592.790375
rollout/rewards,108,107,0.0026815643068403006,1789530256.9959292
rollout/rewards,109,108,0.0028571428265422583,1789530913.1763198
rollout/rewards,110,109,0.002535885199904442,1789531866.288935
rollout/rewards,111,110,0.002452830085530877,1789532497.6495314
rollout/rewards,112,111,0.0020960699766874313,1789533174.9273324
rollout/rewards,113,112,0.0022997946944087744,1789533828.9849818
rollout/rewards,114,113,0.0026576577220112085,1789534565.1174695
rollout/rewards,115,114,0.002405345207080245,1789535498.144686
rollout/advantages_mean,1,0,-0.06802009046077728,1789452513.7141774
rollout/advantages_mean,2,1,-0.056160468608140945,1789453181.7671628
rollout/advantages_mean,3,2,-0.0359048917889595,1789453885.2909856
rollout/advantages_mean,4,3,-0.07085364311933517,1789454567.9436758
rollout/advantages_mean,5,4,-0.06342502683401108,1789455534.1085668
rollout/advantages_mean,6,5,-0.062019411474466324,1789456278.5099006
rollout/advantages_mean,7,6,-0.053468044847249985,1789457002.372506
rollout/advantages_mean,8,7,-0.07454177737236023,1789457628.2921386
rollout/advantages_mean,9,8,-0.05846110358834267,1789458295.2872245
rollout/advantages_mean,10,9,-0.07390663772821426,1789459334.44135
rollout/advantages_mean,11,10,-0.07272475957870483,1789460058.1939805
rollout/advantages_mean,12,11,-0.08251446485519409,1789460782.5391583
rollout/advantages_mean,13,12,-0.09092995524406433,1789461449.9350247
rollout/advantages_mean,14,13,-0.08901696652173996,1789462112.1387627
rollout/advantages_mean,15,14,-0.0750083178281784,1789463111.8468378
rollout/advantages_mean,16,15,-0.05640918016433716,1789463778.3966107
rollout/advantages_mean,17,16,-0.06411038339138031,1789464507.6678407
rollout/advantages_mean,18,17,-0.07719698548316956,1789465199.4085567
rollout/advantages_mean,19,18,-0.08501812070608139,1789465877.931894
rollout/advantages_mean,20,19,-0.07429243624210358,1789466941.9997232
rollout/advantages_mean,21,20,-0.07243020087480545,1789467675.9488716
rollout/advantages_mean,22,21,-0.07705956697463989,1789468449.8525634
rollout/advantages_mean,23,22,-0.07025012373924255,1789469122.5114715
rollout/advantages_mean,24,23,-0.06808140873908997,1789469849.5442111
rollout/advantages_mean,25,24,-0.052921000868082047,1789470818.6171174
rollout/advantages_mean,26,25,-0.04823195934295654,1789471527.837574
rollout/advantages_mean,27,26,-0.07279843837022781,1789472244.9534006
rollout/advantages_mean,28,27,-0.04162835702300072,1789472933.441201
rollout/advantages_mean,29,28,-0.07091718167066574,1789473579.3932662
rollout/advantages_mean,30,29,-0.05626372620463371,1789474608.007332
rollout/advantages_mean,31,30,-0.05913212522864342,1789475311.9764242
rollout/advantages_mean,32,31,-0.09306837618350983,1789476051.4358878
rollout/advantages_mean,33,32,-0.0605633407831192,1789476700.6138406
rollout/advantages_mean,34,33,-0.08342589437961578,1789477337.2881815
rollout/advantages_mean,35,34,-0.06968943029642105,1789478300.4019942
rollout/advantages_mean,36,35,-0.05652870982885361,1789478939.4836895
rollout/advantages_mean,37,36,-0.06225753575563431,1789479586.8825486
rollout/advantages_mean,38,37,-0.08104335516691208,1789480268.5516346
rollout/advantages_mean,39,38,-0.04741651564836502,1789480933.1409626
rollout/advantages_mean,40,39,-0.05072740092873573,1789481951.2790477
rollout/advantages_mean,41,40,-0.07253064960241318,1789482609.7314315
rollout/advantages_mean,42,41,-0.05632234737277031,1789483325.6333792
rollout/advantages_mean,43,42,-0.06638330966234207,1789484004.8475375
rollout/advantages_mean,44,43,-0.07374884188175201,1789484671.9977164
rollout/advantages_mean,45,44,-0.05161280184984207,1789485658.1387982
rollout/advantages_mean,46,45,-0.06672190129756927,1789486365.7412684
rollout/advantages_mean,47,46,-0.05981949716806412,1789487036.7992017
rollout/advantages_mean,48,47,-0.04868645220994949,1789487694.0083125
rollout/advantages_mean,49,48,-0.04137980192899704,1789488381.4197593
rollout/advantages_mean,50,49,-0.08527644723653793,1789489328.6427438
rollout/advantages_mean,51,50,-0.05637793987989426,1789490016.5784538
rollout/advantages_mean,52,51,-0.08234582841396332,1789490661.2863564
rollout/advantages_mean,53,52,-0.0626804530620575,1789491298.8918471
rollout/advantages_mean,54,53,-0.061344537883996964,1789491944.942696
rollout/advantages_mean,55,54,-0.07319675385951996,1789492891.545027
rollout/advantages_mean,56,55,-0.029408972710371017,1789493543.7291658
rollout/advantages_mean,57,56,-0.058123115450143814,1789494198.8637848
rollout/advantages_mean,58,57,-0.06947953999042511,1789494847.8816953
rollout/advantages_mean,59,58,-0.08269888907670975,1789495488.3903947
rollout/advantages_mean,60,59,-0.051703959703445435,1789496471.9395432
rollout/advantages_mean,61,60,-0.04412751644849777,1789497108.5476484
rollout/advantages_mean,62,61,-0.05826820060610771,1789497742.9910228
rollout/advantages_mean,63,62,-0.06813910603523254,1789498386.8984
rollout/advantages_mean,64,63,-0.09208012372255325,1789499017.010499
rollout/advantages_mean,65,64,-0.05260211601853371,1789500008.6284275
rollout/advantages_mean,66,65,-0.0716673955321312,1789500674.5083299
rollout/advantages_mean,67,66,-0.05996392294764519,1789501332.0549598
rollout/advantages_mean,68,67,-0.06635554879903793,1789502024.0293915
rollout/advantages_mean,69,68,-0.05804501846432686,1789502677.4866905
rollout/advantages_mean,70,69,-0.04345201700925827,1789503669.5372012
rollout/advantages_mean,71,70,-0.06216742470860481,1789504306.3273246
rollout/advantages_mean,72,71,-0.03984849900007248,1789504952.6398904
rollout/advantages_mean,73,72,-0.0725921243429184,1789505582.589089
rollout/advantages_mean,74,73,-0.03662380576133728,1789506217.8117342
rollout/advantages_mean,75,74,-0.06340614706277847,1789507204.944812
rollout/advantages_mean,76,75,-0.05495433136820793,1789507834.0821872
rollout/advantages_mean,77,76,-0.038688696920871735,1789508483.9479635
rollout/advantages_mean,78,77,-0.043219488114118576,1789509120.61142
rollout/advantages_mean,79,78,-0.04763765260577202,1789509760.0393367
rollout/advantages_mean,80,79,-0.046930015087127686,1789510701.307405
rollout/advantages_mean,81,80,-0.04892502725124359,1789511364.9517744
rollout/advantages_mean,82,81,-0.05370328947901726,1789512019.1126392
rollout/advantages_mean,83,82,-0.04501159489154816,1789512652.4238422
rollout/advantages_mean,84,83,-0.08741284906864166,1789513284.9966838
rollout/advantages_mean,85,84,-0.0498059019446373,1789514190.5203354
rollout/advantages_mean,86,85,-0.05044198036193848,1789514826.5689676
rollout/advantages_mean,87,86,-0.03861434385180473,1789515458.9772642
rollout/advantages_mean,88,87,-0.06078343465924263,1789516105.4963834
rollout/advantages_mean,89,88,-0.07278613746166229,1789516756.1871202
rollout/advantages_mean,90,89,-0.05808402970433235,1789517701.4587898
rollout/advantages_mean,91,90,-0.05798846483230591,1789518333.2324939
rollout/advantages_mean,92,91,-0.06597432494163513,1789518958.9947164
rollout/advantages_mean,93,92,-0.04966535419225693,1789519599.5398245
rollout/advantages_mean,94,93,-0.04598767310380936,1789520239.1311736
rollout/advantages_mean,95,94,-0.06817600131034851,1789521153.440824
rollout/advantages_mean,96,95,-0.052572742104530334,1789521804.1336389
rollout/advantages_mean,97,96,-0.043707869946956635,1789522510.0477998
rollout/advantages_mean,98,97,-0.04432110860943794,1789523160.9536712
rollout/advantages_mean,99,98,-0.04046931117773056,1789523799.5176344
rollout/advantages_mean,100,99,-0.051612488925457,1789524756.780926
rollout/advantages_mean,101,100,-0.042979445308446884,1789525428.1833012
rollout/advantages_mean,102,101,-0.045587632805109024,1789526077.466893
rollout/advantages_mean,103,102,-0.04325399547815323,1789526738.467366
rollout/advantages_mean,104,103,-0.06195667386054993,1789527380.5593324
rollout/advantages_mean,105,104,-0.05566323548555374,1789528274.5001452
rollout/advantages_mean,106,105,-0.029681026935577393,1789528932.532355
rollout/advantages_mean,107,106,-0.03897414356470108,1789529592.7903821
rollout/advantages_mean,108,107,-0.056714192032814026,1789530256.995936
rollout/advantages_mean,109,108,-0.05002935603260994,1789530913.176326
rollout/advantages_mean,110,109,-0.054556239396333694,1789531866.2889457
rollout/advantages_mean,111,110,-0.048024650663137436,1789532497.649538
rollout/advantages_mean,112,111,-0.0518302321434021,1789533174.9273388
rollout/advantages_mean,113,112,-0.05481017753481865,1789533828.9849918
rollout/advantages_mean,114,113,-0.06717322766780853,1789534565.1174781
rollout/advantages_mean,115,114,-0.06174995377659798,1789535498.1447008
rollout/advantages_max,1,0,2.4748666286468506,1789452513.7142015
rollout/advantages_max,2,1,2.4748666286468506,1789453181.7671692
rollout/advantages_max,3,2,2.4748666286468506,1789453885.2909913
rollout/advantages_max,4,3,2.4748666286468506,1789454567.943682
rollout/advantages_max,5,4,1.6201815605163574,1789455534.1085732
rollout/advantages_max,6,5,2.4748666286468506,1789456278.5099065
rollout/advantages_max,7,6,2.4748666286468506,1789457002.372512
rollout/advantages_max,8,7,2.4748666286468506,1789457628.2921455
rollout/advantages_max,9,8,2.4748666286468506,1789458295.2872307
rollout/advantages_max,10,9,1.6201815605163574,1789459334.4413557
rollout/advantages_max,11,10,2.4748666286468506,1789460058.1939867
rollout/advantages_max,12,11,1.6201815605163574,1789460782.5391643
rollout/advantages_max,13,12,2.4748666286468506,1789461449.9350343
rollout/advantages_max,14,13,2.4748666286468506,1789462112.1387687
rollout/advantages_max,15,14,2.4748666286468506,1789463111.8468482
rollout/advantages_max,16,15,2.4748666286468506,1789463778.3966177
rollout/advantages_max,17,16,2.4748666286468506,1789464507.6678486
rollout/advantages_max,18,17,2.4748666286468506,1789465199.4085627
rollout/advantages_max,19,18,2.4748666286468506,1789465877.9318998
rollout/advantages_max,20,19,2.4748666286468506,1789466941.9997303
rollout/advantages_max,21,20,2.4748666286468506,1789467675.9488783
rollout/advantages_max,22,21,2.4748666286468506,1789468449.8525698
rollout/advantages_max,23,22,2.4748666286468506,1789469122.5114777
rollout/advantages_max,24,23,2.4748666286468506,1789469849.5442195
rollout/advantages_max,25,24,2.4748666286468506,1789470818.6171236
rollout/advantages_max,26,25,2.4748666286468506,1789471527.83758
rollout/advantages_max,27,26,2.4748666286468506,1789472244.9534073
rollout/advantages_max,28,27,2.4748666286468506,1789472933.4412086
rollout/advantages_max,29,28,1.6201815605163574,1789473579.393274
rollout/advantages_max,30,29,2.4748666286468506,1789474608.007338
rollout/advantages_max,31,30,1.6201815605163574,1789475311.9764307
rollout/advantages_max,32,31,1.6201815605163574,1789476051.435894
rollout/advantages_max,33,32,2.4748666286468506,1789476700.6138465
rollout/advantages_max,34,33,1.6201815605163574,1789477337.2881877
rollout/advantages_max,35,34,2.4748666286468506,1789478300.402024
rollout/advantages_max,36,35,2.4748666286468506,1789478939.4836955
rollout/advantages_max,37,36,1.6201815605163574,1789479586.8825543
rollout/advantages_max,38,37,2.4748666286468506,1789480268.5516403
rollout/advantages_max,39,38,2.4748666286468506,1789480933.1409686
rollout/advantages_max,40,39,2.4748666286468506,1789481951.2790658
rollout/advantages_max,41,40,2.4748666286468506,1789482609.7314372
rollout/advantages_max,42,41,2.4748666286468506,1789483325.633386
rollout/advantages_max,43,42,2.4748666286468506,1789484004.8475432
rollout/advantages_max,44,43,2.4748666286468506,1789484671.9977226
rollout/advantages_max,45,44,2.4748666286468506,1789485658.1388097
rollout/advantages_max,46,45,2.4748666286468506,1789486365.7412744
rollout/advantages_max,47,46,2.4748666286468506,1789487036.7992077
rollout/advantages_max,48,47,2.4748666286468506,1789487694.0083187
rollout/advantages_max,49,48,2.4748666286468506,1789488381.4197662
rollout/advantages_max,50,49,1.6201815605163574,1789489328.64275
rollout/advantages_max,51,50,2.4748666286468506,1789490016.5784607
rollout/advantages_max,52,51,2.4748666286468506,1789490661.2863631
rollout/advantages_max,53,52,2.4748666286468506,1789491298.8918538
rollout/advantages_max,54,53,2.4748666286468506,1789491944.9427025
rollout/advantages_max,55,54,2.4748666286468506,1789492891.5450475
rollout/advantages_max,56,55,2.4748666286468506,1789493543.7291715
rollout/advantages_max,57,56,2.4748666286468506,1789494198.8637924
rollout/advantages_max,58,57,2.4748666286468506,1789494847.8817015
rollout/advantages_max,59,58,2.4748666286468506,1789495488.3904011
rollout/advantages_max,60,59,1.6201815605163574,1789496471.9395506
rollout/advantages_max,61,60,1.6201815605163574,1789497108.5476544
rollout/advantages_max,62,61,2.4748666286468506,1789497742.9910293
rollout/advantages_max,63,62,1.6201815605163574,1789498386.8984056
rollout/advantages_max,64,63,1.6201815605163574,1789499017.0105057
rollout/advantages_max,65,64,2.4748666286468506,1789500008.6284354
rollout/advantages_max,66,65,1.6201815605163574,1789500674.508336
rollout/advantages_max,67,66,1.6201815605163574,1789501332.054969
rollout/advantages_max,68,67,2.4748666286468506,1789502024.0293977
rollout/advantages_max,69,68,2.4748666286468506,1789502677.4866965
rollout/advantages_max,70,69,1.6201815605163574,1789503669.5372112
rollout/advantages_max,71,70,1.6201815605163574,1789504306.3273456
rollout/advantages_max,72,71,2.4748666286468506,1789504952.6398978
rollout/advantages_max,73,72,1.6201815605163574,1789505582.589095
rollout/advantages_max,74,73,2.4748666286468506,1789506217.8117406
rollout/advantages_max,75,74,2.4748666286468506,1789507204.9448268
rollout/advantages_max,76,75,2.4748666286468506,1789507834.0821931
rollout/advantages_max,77,76,2.4748666286468506,1789508483.9479692
rollout/advantages_max,78,77,2.4748666286468506,1789509120.6114264
rollout/advantages_max,79,78,2.4748666286468506,1789509760.0393426
rollout/advantages_max,80,79,2.4748666286468506,1789510701.307411
rollout/advantages_max,81,80,2.4748666286468506,1789511364.9517808
rollout/advantages_max,82,81,2.4748666286468506,1789512019.1126466
rollout/advantages_max,83,82,2.4748666286468506,1789512652.4238482
rollout/advantages_max,84,83,1.6201815605163574,1789513284.9966905
rollout/advantages_max,85,84,2.4748666286468506,1789514190.520341
rollout/advantages_max,86,85,2.4748666286468506,1789514826.5689738
rollout/advantages_max,87,86,2.4748666286468506,1789515458.9772704
rollout/advantages_max,88,87,2.4748666286468506,1789516105.4963903
rollout/advantages_max,89,88,2.4748666286468506,1789516756.187126
rollout/advantages_max,90,89,1.6201815605163574,1789517701.458796
rollout/advantages_max,91,90,2.4748666286468506,1789518333.2325003
rollout/advantages_max,92,91,2.4748666286468506,1789518958.9947236
rollout/advantages_max,93,92,2.4748666286468506,1789519599.5398297
rollout/advantages_max,94,93,2.4748666286468506,1789520239.13118
rollout/advantages_max,95,94,2.4748666286468506,1789521153.4408417
rollout/advantages_max,96,95,2.4748666286468506,1789521804.133645
rollout/advantages_max,97,96,2.4748666286468506,1789522510.0478091
rollout/advantages_max,98,97,2.4748666286468506,1789523160.953678
rollout/advantages_max,99,98,2.4748666286468506,1789523799.5176415
rollout/advantages_max,100,99,2.4748666286468506,1789524756.780933
rollout/advantages_max,101,100,2.4748666286468506,1789525428.183308
rollout/advantages_max,102,101,2.4748666286468506,1789526077.4668996
rollout/advantages_max,103,102,2.4748666286468506,1789526738.4673722
rollout/advantages_max,104,103,2.4748666286468506,1789527380.559339
rollout/advantages_max,105,104,2.4748666286468506,1789528274.5001655
rollout/advantages_max,106,105,2.4748666286468506,1789528932.532361
rollout/advantages_max,107,106,2.4748666286468506,1789529592.790389
rollout/advantages_max,108,107,1.6201815605163574,1789530256.995942
rollout/advantages_max,109,108,2.4748666286468506,1789530913.1763322
rollout/advantages_max,110,109,2.4748666286468506,1789531866.2889538
rollout/advantages_max,111,110,2.4748666286468506,1789532497.6495442
rollout/advantages_max,112,111,2.4748666286468506,1789533174.9273443
rollout/advantages_max,113,112,2.4748666286468506,1789533828.9850016
rollout/advantages_max,114,113,1.6201815605163574,1789534565.117486
rollout/advantages_max,115,114,1.6201815605163574,1789535498.1447153
rollout/advantages_min,1,0,-2.4748666286468506,1789452513.7142112
rollout/advantages_min,2,1,-2.4748666286468506,1789453181.7671776
rollout/advantages_min,3,2,-2.4748666286468506,1789453885.2909975
rollout/advantages_min,4,3,-1.20761239528656,1789454567.943688
rollout/advantages_min,5,4,-2.4748666286468506,1789455534.108579
rollout/advantages_min,6,5,-1.6201815605163574,1789456278.5099123
rollout/advantages_min,7,6,-1.6201815605163574,1789457002.372518
rollout/advantages_min,8,7,-1.6201815605163574,1789457628.2921522
rollout/advantages_min,9,8,-2.4748666286468506,1789458295.2872372
rollout/advantages_min,10,9,-2.4748666286468506,1789459334.4413612
rollout/advantages_min,11,10,-2.4748666286468506,1789460058.193992
rollout/advantages_min,12,11,-2.4748666286468506,1789460782.5391705
rollout/advantages_min,13,12,-2.4748666286468506,1789461449.9350433
rollout/advantages_min,14,13,-2.4748666286468506,1789462112.1387749
rollout/advantages_min,15,14,-2.4748666286468506,1789463111.8468578
rollout/advantages_min,16,15,-2.4748666286468506,1789463778.396624
rollout/advantages_min,17,16,-2.4748666286468506,1789464507.6678572
rollout/advantages_min,18,17,-2.4748666286468506,1789465199.4085693
rollout/advantages_min,19,18,-2.4748666286468506,1789465877.931906
rollout/advantages_min,20,19,-2.4748666286468506,1789466941.9997377
rollout/advantages_min,21,20,-2.4748666286468506,1789467675.9488852
rollout/advantages_min,22,21,-1.6201815605163574,1789468449.852576
rollout/advantages_min,23,22,-2.4748666286468506,1789469122.5114846
rollout/advantages_min,24,23,-2.4748666286468506,1789469849.5442266
rollout/advantages_min,25,24,-2.4748666286468506,1789470818.6171293
rollout/advantages_min,26,25,-2.4748666286468506,1789471527.8375864
rollout/advantages_min,27,26,-2.4748666286468506,1789472244.9534135
rollout/advantages_min,28,27,-2.4748666286468506,1789472933.4412162
rollout/advantages_min,29,28,-2.4748666286468506,1789473579.393281
rollout/advantages_min,30,29,-2.4748666286468506,1789474608.0073433
rollout/advantages_min,31,30,-2.4748666286468506,1789475311.9764361
rollout/advantages_min,32,31,-2.4748666286468506,1789476051.4359004
rollout/advantages_min,33,32,-2.4748666286468506,1789476700.613853
rollout/advantages_min,34,33,-2.4748666286468506,1789477337.2881935
rollout/advantages_min,35,34,-2.4748666286468506,1789478300.4020455
rollout/advantages_min,36,35,-2.4748666286468506,1789478939.4837024
rollout/advantages_min,37,36,-2.4748666286468506,1789479586.8825598
rollout/advantages_min,38,37,-2.4748666286468506,1789480268.551647
rollout/advantages_min,39,38,-2.4748666286468506,1789480933.140974
rollout/advantages_min,40,39,-1.6201815605163574,1789481951.2790837
rollout/advantages_min,41,40,-2.4748666286468506,1789482609.731444
rollout/advantages_min,42,41,-1.6201815605163574,1789483325.6333919
rollout/advantages_min,43,42,-1.6201815605163574,1789484004.8475492
rollout/advantages_min,44,43,-1.6201815605163574,1789484671.9977283
rollout/advantages_min,45,44,-1.6201815605163574,1789485658.1388202
rollout/advantages_min,46,45,-2.4748666286468506,1789486365.7412806
rollout/advantages_min,47,46,-2.4748666286468506,1789487036.7992136
rollout/advantages_min,48,47,-2.4748666286468506,1789487694.0083275
rollout/advantages_min,49,48,-2.4748666286468506,1789488381.4197724
rollout/advantages_min,50,49,-1.20761239528656,1789489328.642756
rollout/advantages_min,51,50,-2.4748666286468506,1789490016.578466
rollout/advantages_min,52,51,-2.4748666286468506,1789490661.286369
rollout/advantages_min,53,52,-2.4748666286468506,1789491298.89186
rollout/advantages_min,54,53,-2.4748666286468506,1789491944.942709
rollout/advantages_min,55,54,-2.4748666286468506,1789492891.5450675
rollout/advantages_min,56,55,-2.4748666286468506,1789493543.729178
rollout/advantages_min,57,56,-2.4748666286468506,1789494198.8638005
rollout/advantages_min,58,57,-2.4748666286468506,1789494847.8817081
rollout/advantages_min,59,58,-2.4748666286468506,1789495488.3904066
rollout/advantages_min,60,59,-2.4748666286468506,1789496471.9395573
rollout/advantages_min,61,60,-2.4748666286468506,1789497108.5476604
rollout/advantages_min,62,61,-2.4748666286468506,1789497742.9910357
rollout/advantages_min,63,62,-2.4748666286468506,1789498386.8984115
rollout/advantages_min,64,63,-2.4748666286468506,1789499017.010512
rollout/advantages_min,65,64,-2.4748666286468506,1789500008.6284432
rollout/advantages_min,66,65,-2.4748666286468506,1789500674.5083423
rollout/advantages_min,67,66,-2.4748666286468506,1789501332.054978
rollout/advantages_min,68,67,-2.4748666286468506,1789502024.0294042
rollout/advantages_min,69,68,-2.4748666286468506,1789502677.486702
rollout/advantages_min,70,69,-2.4748666286468506,1789503669.5372207
rollout/advantages_min,71,70,-2.4748666286468506,1789504306.3273668
rollout/advantages_min,72,71,-1.6201815605163574,1789504952.6399035
rollout/advantages_min,73,72,-2.4748666286468506,1789505582.5891016
rollout/advantages_min,74,73,-2.4748666286468506,1789506217.8117466
rollout/advantages_min,75,74,-2.4748666286468506,1789507204.9448392
rollout/advantages_min,76,75,-2.4748666286468506,1789507834.082199
rollout/advantages_min,77,76,-2.4748666286468506,1789508483.947975
rollout/advantages_min,78,77,-2.4748666286468506,1789509120.6114328
rollout/advantages_min,79,78,-2.4748666286468506,1789509760.039348
rollout/advantages_min,80,79,-2.4748666286468506,1789510701.307417
rollout/advantages_min,81,80,-2.4748666286468506,1789511364.9517868
rollout/advantages_min,82,81,-2.4748666286468506,1789512019.1126533
rollout/advantages_min,83,82,-1.20761239528656,1789512652.423854
rollout/advantages_min,84,83,-2.4748666286468506,1789513284.9966972
rollout/advantages_min,85,84,-2.4748666286468506,1789514190.520347
rollout/advantages_min,86,85,-2.4748666286468506,1789514826.5689797
rollout/advantages_min,87,86,-2.4748666286468506,1789515458.9772758
rollout/advantages_min,88,87,-1.20761239528656,1789516105.4963965
rollout/advantages_min,89,88,-2.4748666286468506,1789516756.1871324
rollout/advantages_min,90,89,-2.4748666286468506,1789517701.4588027
rollout/advantages_min,91,90,-2.4748666286468506,1789518333.232506
rollout/advantages_min,92,91,-2.4748666286468506,1789518958.9947305
rollout/advantages_min,93,92,-2.4748666286468506,1789519599.5398362
rollout/advantages_min,94,93,-2.4748666286468506,1789520239.131186
rollout/advantages_min,95,94,-2.4748666286468506,1789521153.4408581
rollout/advantages_min,96,95,-2.4748666286468506,1789521804.1336517
rollout/advantages_min,97,96,-2.4748666286468506,1789522510.0478196
rollout/advantages_min,98,97,-2.4748666286468506,1789523160.9536846
rollout/advantages_min,99,98,-2.4748666286468506,1789523799.5176487
rollout/advantages_min,100,99,-2.4748666286468506,1789524756.7809398
rollout/advantages_min,101,100,-2.4748666286468506,1789525428.1833148
rollout/advantages_min,102,101,-2.4748666286468506,1789526077.4669056
rollout/advantages_min,103,102,-1.6201815605163574,1789526738.4673781
rollout/advantages_min,104,103,-2.4748666286468506,1789527380.5593474
rollout/advantages_min,105,104,-1.6201815605163574,1789528274.5001855
rollout/advantages_min,106,105,-2.4748666286468506,1789528932.5323668
rollout/advantages_min,107,106,-2.4748666286468506,1789529592.790395
rollout/advantages_min,108,107,-2.4748666286468506,1789530256.995948
rollout/advantages_min,109,108,-2.4748666286468506,1789530913.1763384
rollout/advantages_min,110,109,-2.4748666286468506,1789531866.2889595
rollout/advantages_min,111,110,-1.6201815605163574,1789532497.6495497
rollout/advantages_min,112,111,-2.4748666286468506,1789533174.9273503
rollout/advantages_min,113,112,-1.6201815605163574,1789533828.985011
rollout/advantages_min,114,113,-1.6201815605163574,1789534565.117494
rollout/advantages_min,115,114,-2.4748666286468506,1789535498.1447296
time/sync_weights,1,0,19.016693115234375,1789452513.7142317
time/sync_weights,2,1,7.697214126586914,1789453181.7671964
time/sync_weights,3,2,6.1061577796936035,1789453885.291018
time/sync_weights,4,3,6.183084964752197,1789454567.9437053
time/sync_weights,5,4,5.244183540344238,1789455534.1085978
time/sync_weights,6,5,2.049872875213623,1789456278.5099297
time/sync_weights,7,6,5.171084403991699,1789457002.3725357
time/sync_weights,8,7,4.831172943115234,1789457628.2921696
time/sync_weights,9,8,5.767985820770264,1789458295.2872553
time/sync_weights,10,9,5.278992652893066,1789459334.4413822
time/sync_weights,11,10,1.7411081790924072,1789460058.1940122
time/sync_weights,12,11,6.468733787536621,1789460782.5391886
time/sync_weights,13,12,5.580264091491699,1789461449.9350681
time/sync_weights,14,13,5.193502902984619,1789462112.138792
time/sync_weights,15,14,5.306380271911621,1789463111.8468878
time/sync_weights,16,15,1.9359216690063477,1789463778.3966463
time/sync_weights,17,16,6.096421241760254,1789464507.6678846
time/sync_weights,18,17,6.3282365798950195,1789465199.4085908
time/sync_weights,19,18,6.365571022033691,1789465877.9319232
time/sync_weights,20,19,5.240750312805176,1789466941.9997663
time/sync_weights,21,20,1.9801812171936035,1789467675.9489028
time/sync_weights,22,21,5.568870544433594,1789468449.8525894
time/sync_weights,23,22,7.320400238037109,1789469122.5115032
time/sync_weights,24,23,5.3329620361328125,1789469849.5442548
time/sync_weights,25,24,5.458169460296631,1789470818.6171477
time/sync_weights,26,25,1.8978180885314941,1789471527.837604
time/sync_weights,27,26,6.058917045593262,1789472244.953433
time/sync_weights,28,27,6.637497901916504,1789472933.4412394
time/sync_weights,29,28,5.431182861328125,1789473579.393291
time/sync_weights,30,29,5.178279876708984,1789474608.0073636
time/sync_weights,31,30,1.6788554191589355,1789475311.9764543
time/sync_weights,32,31,5.164017677307129,1789476051.4359171
time/sync_weights,33,32,5.367938995361328,1789476700.6138742
time/sync_weights,34,33,6.19977331161499,1789477337.2882142
time/sync_weights,35,34,6.642313003540039,1789478300.4021008
time/sync_weights,36,35,1.9378385543823242,1789478939.483712
time/sync_weights,37,36,5.210577011108398,1789479586.8825777
time/sync_weights,38,37,5.496436595916748,1789480268.5516648
time/sync_weights,39,38,5.478063583374023,1789480933.140996
time/sync_weights,40,39,6.005640983581543,1789481951.2791317
time/sync_weights,41,40,1.7528059482574463,1789482609.731466
time/sync_weights,42,41,5.980771064758301,1789483325.633413
time/sync_weights,43,42,6.402402877807617,1789484004.84757
time/sync_weights,44,43,7.112186431884766,1789484671.9977458
time/sync_weights,45,44,5.319730758666992,1789485658.1388597
time/sync_weights,46,45,2.2502284049987793,1789486365.7413006
time/sync_weights,47,46,6.452961444854736,1789487036.7992349
time/sync_weights,48,47,6.757450103759766,1789487694.0083454
time/sync_weights,49,48,4.872155666351318,1789488381.4197927
time/sync_weights,50,49,5.9213175773620605,1789489328.642774
time/sync_weights,51,50,1.6792759895324707,1789490016.5784788
time/sync_weights,52,51,4.993426322937012,1789490661.2863903
time/sync_weights,53,52,7.1966705322265625,1789491298.891877
time/sync_weights,54,53,4.946237087249756,1789491944.942731
time/sync_weights,55,54,6.342707633972168,1789492891.5451243
time/sync_weights,56,55,1.9346730709075928,1789493543.729195
time/sync_weights,57,56,4.898437023162842,1789494198.8638265
time/sync_weights,58,57,5.006225109100342,1789494847.8817277
time/sync_weights,59,58,6.757269859313965,1789495488.3904274
time/sync_weights,60,59,6.198452949523926,1789496471.9395814
time/sync_weights,61,60,1.6611316204071045,1789497108.547678
time/sync_weights,62,61,5.225732803344727,1789497742.9910533
time/sync_weights,63,62,5.261283874511719,1789498386.8984292
time/sync_weights,64,63,4.8794145584106445,1789499017.010533
time/sync_weights,65,64,6.01123046875,1789500008.6284685
time/sync_weights,66,65,1.962268590927124,1789500674.5083635
time/sync_weights,67,66,5.519745826721191,1789501332.055003
time/sync_weights,68,67,5.093002796173096,1789502024.0294256
time/sync_weights,69,68,6.008114814758301,1789502677.4867191
time/sync_weights,70,69,5.056797027587891,1789503669.5372503
time/sync_weights,71,70,1.8578805923461914,1789504306.3274245
time/sync_weights,72,71,6.264734268188477,1789504952.6399214
time/sync_weights,73,72,4.9749369621276855,1789505582.589119
time/sync_weights,74,73,4.806949615478516,1789506217.8117635
time/sync_weights,75,74,5.114346504211426,1789507204.9448833
time/sync_weights,76,75,2.2484443187713623,1789507834.0822163
time/sync_weights,77,76,5.174045085906982,1789508483.9479928
time/sync_weights,78,77,5.1259660720825195,1789509120.6114552
time/sync_weights,79,78,6.510866165161133,1789509760.0393653
time/sync_weights,80,79,4.974599838256836,1789510701.3074381
time/sync_weights,81,80,1.6526703834533691,1789511364.951795
time/sync_weights,82,81,5.121375560760498,1789512019.1126745
time/sync_weights,83,82,5.116852760314941,1789512652.4238722
time/sync_weights,84,83,5.067405700683594,1789513284.9967155
time/sync_weights,85,84,5.118110656738281,1789514190.5203688
time/sync_weights,86,85,1.8858752250671387,1789514826.5689971
time/sync_weights,87,86,5.375455856323242,1789515458.9772935
time/sync_weights,88,87,5.0582170486450195,1789516105.496415
time/sync_weights,89,88,5.009854316711426,1789516756.1871495
time/sync_weights,90,89,5.004374980926514,1789517701.4588265
time/sync_weights,91,90,1.6509733200073242,1789518333.232524
time/sync_weights,92,91,5.3766021728515625,1789518958.9947443
time/sync_weights,93,92,5.488025188446045,1789519599.539853
time/sync_weights,94,93,4.947862148284912,1789520239.131204
time/sync_weights,95,94,5.156203746795654,1789521153.4409053
time/sync_weights,96,95,1.9515132904052734,1789521804.1336737
time/sync_weights,97,96,6.0234293937683105,1789522510.0478454
time/sync_weights,98,97,5.047314167022705,1789523160.9537022
time/sync_weights,99,98,4.864739894866943,1789523799.517669
time/sync_weights,100,99,5.243817329406738,1789524756.780964
time/sync_weights,101,100,1.6443841457366943,1789525428.1833317
time/sync_weights,102,101,4.746856212615967,1789526077.4669235
time/sync_weights,103,102,4.952692985534668,1789526738.4673963
time/sync_weights,104,103,5.361005783081055,1789527380.5593705
time/sync_weights,105,104,6.0860066413879395,1789528274.5002525
time/sync_weights,106,105,2.0471746921539307,1789528932.5323842
time/sync_weights,107,106,5.097140312194824,1789529592.7904143
time/sync_weights,108,107,5.245759010314941,1789530256.9959648
time/sync_weights,109,108,4.886237144470215,1789530913.176359
time/sync_weights,110,109,5.0327887535095215,1789531866.2889807
time/sync_weights,111,110,1.7387123107910156,1789532497.6495671
time/sync_weights,112,111,4.89072322845459,1789533174.9273682
time/sync_weights,113,112,4.990133762359619,1789533828.985035
time/sync_weights,114,113,5.2671990394592285,1789534565.1175165
time/sync_weights,115,114,5.038855075836182,1789535498.1447687
time/generate_rollouts,1,0,735.6708374023438,1789452513.7142396
time/generate_rollouts,2,1,648.1519775390625,1789453181.7672033
time/generate_rollouts,3,2,683.3306884765625,1789453885.2910242
time/generate_rollouts,4,3,664.2669067382812,1789454567.9437118
time/generate_rollouts,5,4,653.5196533203125,1789455534.1086042
time/generate_rollouts,6,5,729.9925537109375,1789456278.5099363
time/generate_rollouts,7,6,706.4524536132812,1789457002.3725421
time/generate_rollouts,8,7,607.2769165039062,1789457628.2921762
time/generate_rollouts,9,8,648.9048461914062,1789458295.2872617
time/generate_rollouts,10,9,697.8228149414062,1789459334.4413888
time/generate_rollouts,11,10,707.36376953125,1789460058.1940186
time/generate_rollouts,12,11,705.4451293945312,1789460782.5391965
time/generate_rollouts,13,12,649.3878173828125,1789461449.9350786
time/generate_rollouts,14,13,644.760498046875,1789462112.138798
time/generate_rollouts,15,14,688.9161987304688,1789463111.8468976
time/generate_rollouts,16,15,650.0361328125,1789463778.3966522
time/generate_rollouts,17,16,710.5640869140625,1789464507.667893
time/generate_rollouts,18,17,671.2258911132812,1789465199.408597
time/generate_rollouts,19,18,659.8826293945312,1789465877.9319296
time/generate_rollouts,20,19,668.07666015625,1789466941.9997742
time/generate_rollouts,21,20,717.5737915039062,1789467675.948909
time/generate_rollouts,22,21,754.0034790039062,1789468449.8525963
time/generate_rollouts,23,22,652.8119506835938,1789469122.5115097
time/generate_rollouts,24,23,708.0927734375,1789469849.5442634
time/generate_rollouts,25,24,636.496826171875,1789470818.617154
time/generate_rollouts,26,25,693.4883422851562,1789471527.8376105
time/generate_rollouts,27,26,696.8233642578125,1789472244.9534395
time/generate_rollouts,28,27,667.9370727539062,1789472933.4412477
time/generate_rollouts,29,28,628.2068481445312,1789473579.3932984
time/generate_rollouts,30,29,683.960205078125,1789474608.0073702
time/generate_rollouts,31,30,689.8867797851562,1789475311.9764605
time/generate_rollouts,32,31,722.0125732421875,1789476051.435924
time/generate_rollouts,33,32,628.9136962890625,1789476700.6138804
time/generate_rollouts,34,33,617.0125732421875,1789477337.2882206
time/generate_rollouts,35,34,668.3582763671875,1789478300.4021223
time/generate_rollouts,36,35,624.7232666015625,1789478939.4837184
time/generate_rollouts,37,36,629.823974609375,1789479586.882584
time/generate_rollouts,38,37,663.7726440429688,1789480268.5516713
time/generate_rollouts,39,38,644.863037109375,1789480933.1410024
time/generate_rollouts,40,39,678.7278442382812,1789481951.2791505
time/generate_rollouts,41,40,641.9044799804688,1789482609.731472
time/generate_rollouts,42,41,696.2755126953125,1789483325.6334195
time/generate_rollouts,43,42,658.49609375,1789484004.8475764
time/generate_rollouts,44,43,647.776123046875,1789484671.9977517
time/generate_rollouts,45,44,648.1605224609375,1789485658.1388729
time/generate_rollouts,46,45,691.8988037109375,1789486365.741307
time/generate_rollouts,47,46,650.2626342773438,1789487036.7992415
time/generate_rollouts,48,47,638.2230224609375,1789487694.008352
time/generate_rollouts,49,48,668.1106567382812,1789488381.4197989
time/generate_rollouts,50,49,620.6016845703125,1789489328.64278
time/generate_rollouts,51,50,674.0142211914062,1789490016.5784848
time/generate_rollouts,52,51,624.6705932617188,1789490661.2863972
time/generate_rollouts,53,52,618.3629760742188,1789491298.8918836
time/generate_rollouts,54,53,626.9631958007812,1789491944.9427385
time/generate_rollouts,55,54,627.2938232421875,1789492891.5451474
time/generate_rollouts,56,55,638.0286865234375,1789493543.7292008
time/generate_rollouts,57,56,637.4631958007812,1789494198.8638377
time/generate_rollouts,58,57,629.6202392578125,1789494847.8817341
time/generate_rollouts,59,58,619.5237426757812,1789495488.3904343
time/generate_rollouts,60,59,653.4216918945312,1789496471.9395897
time/generate_rollouts,61,60,622.7171020507812,1789497108.547684
time/generate_rollouts,62,61,616.9118041992188,1789497742.9910593
time/generate_rollouts,63,62,626.6221313476562,1789498386.898435
time/generate_rollouts,64,63,610.6615600585938,1789499017.0105393
time/generate_rollouts,65,64,653.7789916992188,1789500008.6284769
time/generate_rollouts,66,65,649.2510986328125,1789500674.5083704
time/generate_rollouts,67,66,639.9424438476562,1789501332.0550127
time/generate_rollouts,68,67,672.5596923828125,1789502024.0294323
time/generate_rollouts,69,68,635.1685180664062,1789502677.4867256
time/generate_rollouts,70,69,636.87646484375,1789503669.5372617
time/generate_rollouts,71,70,622.47802734375,1789504306.3274462
time/generate_rollouts,72,71,627.8084106445312,1789504952.639928
time/generate_rollouts,73,72,612.996826171875,1789505582.5891254
time/generate_rollouts,74,73,618.164794921875,1789506217.81177
time/generate_rollouts,75,74,676.7520141601562,1789507204.9448977
time/generate_rollouts,76,75,614.7802734375,1789507834.0822222
time/generate_rollouts,77,76,631.186767578125,1789508483.947999
time/generate_rollouts,78,77,617.4295043945312,1789509120.611462
time/generate_rollouts,79,78,620.9480590820312,1789509760.039371
time/generate_rollouts,80,79,618.8706665039062,1789510701.3074446
time/generate_rollouts,81,80,649.9630126953125,1789511364.951802
time/generate_rollouts,82,81,636.83154296875,1789512019.1126823
time/generate_rollouts,83,82,616.0791625976562,1789512652.4238784
time/generate_rollouts,84,83,615.0590209960938,1789513284.996722
time/generate_rollouts,85,84,614.3015747070312,1789514190.5203753
time/generate_rollouts,86,85,621.43310546875,1789514826.5690036
time/generate_rollouts,87,86,614.9382934570312,1789515458.9773002
time/generate_rollouts,88,87,629.3826293945312,1789516105.4964223
time/generate_rollouts,89,88,633.5420532226562,1789516756.1871557
time/generate_rollouts,90,89,621.9092407226562,1789517701.458833
time/generate_rollouts,91,90,618.005615234375,1789518333.2325304
time/generate_rollouts,92,91,608.23291015625,1789518958.9947522
time/generate_rollouts,93,92,622.9761352539062,1789519599.5398595
time/generate_rollouts,94,93,622.4774780273438,1789520239.1312096
time/generate_rollouts,95,94,614.9737548828125,1789521153.4409246
time/generate_rollouts,96,95,634.5039672851562,1789521804.1336799
time/generate_rollouts,97,96,687.828369140625,1789522510.0478556
time/generate_rollouts,98,97,633.7269897460938,1789523160.9537086
time/generate_rollouts,99,98,621.5199584960938,1789523799.5176764
time/generate_rollouts,100,99,628.0191650390625,1789524756.7809718
time/generate_rollouts,101,100,657.5729370117188,1789525428.183338
time/generate_rollouts,102,101,632.424072265625,1789526077.4669302
time/generate_rollouts,103,102,643.8275146484375,1789526738.467403
time/generate_rollouts,104,103,623.8649291992188,1789527380.5593789
time/generate_rollouts,105,104,605.9109497070312,1789528274.500274
time/generate_rollouts,106,105,643.742431640625,1789528932.5323908
time/generate_rollouts,107,106,642.93505859375,1789529592.790421
time/generate_rollouts,108,107,646.8944702148438,1789530256.9959702
time/generate_rollouts,109,108,638.7986450195312,1789530913.176366
time/generate_rollouts,110,109,629.0455322265625,1789531866.2889867
time/generate_rollouts,111,110,617.35302734375,1789532497.6495733
time/generate_rollouts,112,111,660.1715698242188,1789533174.927375
time/generate_rollouts,113,112,636.9234008789062,1789533828.985045
time/generate_rollouts,114,113,718.6688232421875,1789534565.117525
time/generate_rollouts,115,114,635.5883178710938,1789535498.1447835
time/cal_adv_and_returns,1,0,0.047431230545043945,1789452513.7155282
time/cal_adv_and_returns,2,1,0.01201486587524414,1789453181.7678866
time/cal_adv_and_returns,3,2,0.012976646423339844,1789453885.2914865
time/cal_adv_and_returns,4,3,0.010713338851928711,1789454567.9443133
time/cal_adv_and_returns,5,4,0.010295867919921875,1789455534.1089547
time/cal_adv_and_returns,6,5,0.01247549057006836,1789456278.5108714
time/cal_adv_and_returns,7,6,0.011697769165039062,1789457002.3731253
time/cal_adv_and_returns,8,7,0.011489629745483398,1789457628.2929554
time/cal_adv_and_returns,9,8,0.010842561721801758,1789458295.2881887
time/cal_adv_and_returns,10,9,0.012884378433227539,1789459334.4420118
time/cal_adv_and_returns,11,10,0.013306856155395508,1789460058.1946657
time/cal_adv_and_returns,12,11,0.011437654495239258,1789460782.5401483
time/cal_adv_and_returns,13,12,0.011318206787109375,1789461449.9357193
time/cal_adv_and_returns,14,13,0.013173818588256836,1789462112.1397882
time/cal_adv_and_returns,15,14,0.012587785720825195,1789463111.8476574
time/cal_adv_and_returns,16,15,0.0155181884765625,1789463778.397841
time/cal_adv_and_returns,17,16,0.011420965194702148,1789464507.6691067
time/cal_adv_and_returns,18,17,0.010952472686767578,1789465199.4091332
time/cal_adv_and_returns,19,18,0.01222991943359375,1789465877.9329998
time/cal_adv_and_returns,20,19,0.013400077819824219,1789466942.000376
time/cal_adv_and_returns,21,20,0.01277017593383789,1789467675.9498193
time/cal_adv_and_returns,22,21,0.013150453567504883,1789468449.8537447
time/cal_adv_and_returns,23,22,0.011106729507446289,1789469122.5125566
time/cal_adv_and_returns,24,23,0.011370182037353516,1789469849.5451405
time/cal_adv_and_returns,25,24,0.01363825798034668,1789470818.6175292
time/cal_adv_and_returns,26,25,0.008979558944702148,1789471527.8385384
time/cal_adv_and_returns,27,26,0.014820098876953125,1789472244.95449
time/cal_adv_and_returns,28,27,0.015242338180541992,1789472933.4421616
time/cal_adv_and_returns,29,28,0.01111745834350586,1789473579.3941038
time/cal_adv_and_returns,30,29,0.011460065841674805,1789474608.0079944
time/cal_adv_and_returns,31,30,0.01276254653930664,1789475311.9773834
time/cal_adv_and_returns,32,31,0.007661581039428711,1789476051.4368918
time/cal_adv_and_returns,33,32,0.013675212860107422,1789476700.6146085
time/cal_adv_and_returns,34,33,0.012108564376831055,1789477337.2891886
time/cal_adv_and_returns,35,34,0.011197805404663086,1789478300.402728
time/cal_adv_and_returns,36,35,0.010568380355834961,1789478939.4844315
time/cal_adv_and_returns,37,36,0.013114690780639648,1789479586.8830295
time/cal_adv_and_returns,38,37,0.012437582015991211,1789480268.5522647
time/cal_adv_and_returns,39,38,0.01512598991394043,1789480933.1419725
time/cal_adv_and_returns,40,39,0.010806560516357422,1789481951.279586
time/cal_adv_and_returns,41,40,0.014992237091064453,1789482609.7326717
time/cal_adv_and_returns,42,41,0.012760639190673828,1789483325.6342237
time/cal_adv_and_returns,43,42,0.013381481170654297,1789484004.8483377
time/cal_adv_and_returns,44,43,0.011069297790527344,1789484671.9982812
time/cal_adv_and_returns,45,44,0.015305757522583008,1789485658.1397803
time/cal_adv_and_returns,46,45,0.012242555618286133,1789486365.7419198
time/cal_adv_and_returns,47,46,0.014559507369995117,1789487036.8003833
time/cal_adv_and_returns,48,47,0.01472330093383789,1789487694.0086896
time/cal_adv_and_returns,49,48,0.016035795211791992,1789488381.421068
time/cal_adv_and_returns,50,49,0.007586002349853516,1789489328.6436222
time/cal_adv_and_returns,51,50,0.012605428695678711,1789490016.5792313
time/cal_adv_and_returns,52,51,0.013662576675415039,1789490661.2873797
time/cal_adv_and_returns,53,52,0.01384115219116211,1789491298.8925388
time/cal_adv_and_returns,54,53,0.016223669052124023,1789491944.9437056
time/cal_adv_and_returns,55,54,0.013124942779541016,1789492891.5460076
time/cal_adv_and_returns,56,55,0.01182103157043457,1789493543.7296295
time/cal_adv_and_returns,57,56,0.014404535293579102,1789494198.8648224
time/cal_adv_and_returns,58,57,0.016953229904174805,1789494847.8827484
time/cal_adv_and_returns,59,58,0.017688751220703125,1789495488.3908634
time/cal_adv_and_returns,60,59,0.012262582778930664,1789496471.940215
time/cal_adv_and_returns,61,60,0.011940956115722656,1789497108.5486343
time/cal_adv_and_returns,62,61,0.011155128479003906,1789497742.9921145
time/cal_adv_and_returns,63,62,0.011481046676635742,1789498386.8987646
time/cal_adv_and_returns,64,63,0.015003442764282227,1789499017.0112
time/cal_adv_and_returns,65,64,0.011008501052856445,1789500008.628852
time/cal_adv_and_returns,66,65,0.013719320297241211,1789500674.5094764
time/cal_adv_and_returns,67,66,0.013172149658203125,1789501332.056163
time/cal_adv_and_returns,68,67,0.0147705078125,1789502024.0301297
time/cal_adv_and_returns,69,68,0.012834787368774414,1789502677.4876573
time/cal_adv_and_returns,70,69,0.01306772232055664,1789503669.5379627
time/cal_adv_and_returns,71,70,0.013588428497314453,1789504306.3286948
time/cal_adv_and_returns,72,71,0.00958251953125,1789504952.640821
time/cal_adv_and_returns,73,72,0.012793540954589844,1789505582.5900252
time/cal_adv_and_returns,74,73,0.012515068054199219,1789506217.8128178
time/cal_adv_and_returns,75,74,0.011193990707397461,1789507204.9459052
time/cal_adv_and_returns,76,75,0.009111642837524414,1789507834.0831845
time/cal_adv_and_returns,77,76,0.012262344360351562,1789508483.9489598
time/cal_adv_and_returns,78,77,0.013597965240478516,1789509120.612169
time/cal_adv_and_returns,79,78,0.010617733001708984,1789509760.0401044
time/cal_adv_and_returns,80,79,0.012053251266479492,1789510701.307769
time/cal_adv_and_returns,81,80,0.010423421859741211,1789511364.9521897
time/cal_adv_and_returns,82,81,0.011221885681152344,1789512019.113734
time/cal_adv_and_returns,83,82,0.01094508171081543,1789512652.4250095
time/cal_adv_and_returns,84,83,0.014311790466308594,1789513284.9976525
time/cal_adv_and_returns,85,84,0.011476278305053711,1789514190.521225
time/cal_adv_and_returns,86,85,0.010837316513061523,1789514826.5699666
time/cal_adv_and_returns,87,86,0.012120485305786133,1789515458.978055
time/cal_adv_and_returns,88,87,0.01152801513671875,1789516105.497054
time/cal_adv_and_returns,89,88,0.012078046798706055,1789516756.187903
time/cal_adv_and_returns,90,89,0.008580446243286133,1789517701.4594936
time/cal_adv_and_returns,91,90,0.012579202651977539,1789518333.2334425
time/cal_adv_and_returns,92,91,0.009624481201171875,1789518958.9952347
time/cal_adv_and_returns,93,92,0.0102691650390625,1789519599.5404224
time/cal_adv_and_returns,94,93,0.012343883514404297,1789520239.1321049
time/cal_adv_and_returns,95,94,0.010669946670532227,1789521153.4415479
time/cal_adv_and_returns,96,95,0.0141448974609375,1789521804.1346896
time/cal_adv_and_returns,97,96,0.013826131820678711,1789522510.0488663
time/cal_adv_and_returns,98,97,0.011787891387939453,1789523160.9546134
time/cal_adv_and_returns,99,98,0.011118412017822266,1789523799.5187466
time/cal_adv_and_returns,100,99,0.011145591735839844,1789524756.7815795
time/cal_adv_and_returns,101,100,0.012163400650024414,1789525428.1836674
time/cal_adv_and_returns,102,101,0.011056900024414062,1789526077.4679632
time/cal_adv_and_returns,103,102,0.01243448257446289,1789526738.4677346
time/cal_adv_and_returns,104,103,0.011732816696166992,1789527380.5599852
time/cal_adv_and_returns,105,104,0.012323141098022461,1789528274.500797
time/cal_adv_and_returns,106,105,0.012165069580078125,1789528932.5327277
time/cal_adv_and_returns,107,106,0.014137506484985352,1789529592.7912745
time/cal_adv_and_returns,108,107,0.010655879974365234,1789530256.9968467
time/cal_adv_and_returns,109,108,0.007103681564331055,1789530913.1774192
time/cal_adv_and_returns,110,109,0.014293670654296875,1789531866.2896416
time/cal_adv_and_returns,111,110,0.009896039962768555,1789532497.650157
time/cal_adv_and_returns,112,111,0.011437654495239258,1789533174.927867
time/cal_adv_and_returns,113,112,0.00989389419555664,1789533828.9860055
time/cal_adv_and_returns,114,113,0.010934591293334961,1789534565.1184704
time/cal_adv_and_returns,115,114,0.011353015899658203,1789535498.145374
time/actor_training,1,0,14.91203498840332,1789452513.7155511
time/actor_training,2,1,12.156431198120117,1789453181.7678938
time/actor_training,3,2,14.047748565673828,1789453885.2914946
time/actor_training,4,3,12.16730785369873,1789454567.9443202
time/actor_training,5,4,12.186159133911133,1789455534.108962
time/actor_training,6,5,12.315095901489258,1789456278.510888
time/actor_training,7,6,12.200483322143555,1789457002.3731325
time/actor_training,8,7,13.773043632507324,1789457628.2929628
time/actor_training,9,8,12.28268814086914,1789458295.2882051
time/actor_training,10,9,13.34276008605957,1789459334.4420185
time/actor_training,11,10,14.587804794311523,1789460058.1946898
time/actor_training,12,11,12.395252227783203,1789460782.5401654
time/actor_training,13,12,12.386481285095215,1789461449.9357374
time/actor_training,14,13,12.208915710449219,1789462112.1398048
time/actor_training,15,14,14.17900276184082,1789463111.847684
time/actor_training,16,15,14.526975631713867,1789463778.3978615
time/actor_training,17,16,12.564949035644531,1789464507.6691287
time/actor_training,18,17,14.141851425170898,1789465199.4091396
time/actor_training,19,18,12.238025665283203,1789465877.933016
time/actor_training,20,19,14.550135612487793,1789466942.0003853
time/actor_training,21,20,14.361991882324219,1789467675.9498267
time/actor_training,22,21,14.284799575805664,1789468449.8537657
time/actor_training,23,22,12.480867385864258,1789469122.5125732
time/actor_training,24,23,13.563867568969727,1789469849.5451486
time/actor_training,25,24,14.555464744567871,1789470818.6175356
time/actor_training,26,25,13.802900314331055,1789471527.8385456
time/actor_training,27,26,14.18747329711914,1789472244.9544973
time/actor_training,28,27,13.867081642150879,1789472933.4421685
time/actor_training,29,28,12.280606269836426,1789473579.394112
time/actor_training,30,29,12.339344024658203,1789474608.008001
time/actor_training,31,30,12.369316101074219,1789475311.9773905
time/actor_training,32,31,12.249091148376465,1789476051.4368985
time/actor_training,33,32,14.846207618713379,1789476700.6146522
time/actor_training,34,33,13.414705276489258,1789477337.289213
time/actor_training,35,34,12.294831275939941,1789478300.4027534
time/actor_training,36,35,12.378301620483398,1789478939.4844391
time/actor_training,37,36,12.320690155029297,1789479586.883036
time/actor_training,38,37,12.361343383789062,1789480268.5522768
time/actor_training,39,38,14.2023344039917,1789480933.1419954
time/actor_training,40,39,12.290952682495117,1789481951.2796118
time/actor_training,41,40,14.725879669189453,1789482609.7326796
time/actor_training,42,41,13.596395492553711,1789483325.6342313
time/actor_training,43,42,14.263311386108398,1789484004.8483453
time/actor_training,44,43,12.221395492553711,1789484671.9982877
time/actor_training,45,44,12.713051795959473,1789485658.1398141
time/actor_training,46,45,13.403038024902344,1789486365.7419403
time/actor_training,47,46,14.297197341918945,1789487036.800394
time/actor_training,48,47,12.187992095947266,1789487694.0086966
time/actor_training,49,48,14.385107040405273,1789488381.4210901
time/actor_training,50,49,12.41800308227539,1789489328.643629
time/actor_training,51,50,12.206088066101074,1789490016.5792382
time/actor_training,52,51,14.995965003967285,1789490661.2873871
time/actor_training,53,52,11.998711585998535,1789491298.8925464
time/actor_training,54,53,14.088882446289062,1789491944.943727
time/actor_training,55,54,12.264394760131836,1789492891.5460587
time/actor_training,56,55,12.17951774597168,1789493543.729637
time/actor_training,57,56,12.728357315063477,1789494198.8648348
time/actor_training,58,57,14.344282150268555,1789494847.8827934
time/actor_training,59,58,14.18372917175293,1789495488.3908713
time/actor_training,60,59,13.31545639038086,1789496471.9402273
time/actor_training,61,60,12.189411163330078,1789497108.5486412
time/actor_training,62,61,12.267050743103027,1789497742.992132
time/actor_training,63,62,11.99141788482666,1789498386.8987713
time/actor_training,64,63,14.528146743774414,1789499017.0112076
time/actor_training,65,64,12.107525825500488,1789500008.6288612
time/actor_training,66,65,14.624529838562012,1789500674.509499
time/actor_training,67,66,12.0399808883667,1789501332.0561855
time/actor_training,68,67,14.271753311157227,1789502024.0301526
time/actor_training,69,68,12.23542594909668,1789502677.4876642
time/actor_training,70,69,14.440391540527344,1789503669.5379763
time/actor_training,71,70,12.406039237976074,1789504306.3287156
time/actor_training,72,71,12.202539443969727,1789504952.6408281
time/actor_training,73,72,11.944580078125,1789505582.5900316
time/actor_training,74,73,12.2152681350708,1789506217.812834
time/actor_training,75,74,12.67924690246582,1789507204.9459414
time/actor_training,76,75,12.066850662231445,1789507834.0831914
time/actor_training,77,76,13.462458610534668,1789508483.948967
time/actor_training,78,77,14.06399154663086,1789509120.6121762
time/actor_training,79,78,11.922747611999512,1789509760.040113
time/actor_training,80,79,12.059591293334961,1789510701.3077757
time/actor_training,81,80,11.993773460388184,1789511364.9521964
time/actor_training,82,81,12.168532371520996,1789512019.1137595
time/actor_training,83,82,12.071383476257324,1789512652.4250257
time/actor_training,84,83,12.40194320678711,1789513284.9976594
time/actor_training,85,84,12.175719261169434,1789514190.521241
time/actor_training,86,85,12.685153007507324,1789514826.5699735
time/actor_training,87,86,12.053902626037598,1789515458.9780715
time/actor_training,88,87,12.038549423217773,1789516105.497062
time/actor_training,89,88,12.099824905395508,1789516756.1879098
time/actor_training,90,89,12.099699020385742,1789517701.4595006
time/actor_training,91,90,12.057450294494629,1789518333.2334495
time/actor_training,92,91,12.114644050598145,1789518958.995255
time/actor_training,93,92,12.05186653137207,1789519599.5404296
time/actor_training,94,93,12.133255004882812,1789520239.132113
time/actor_training,95,94,12.061396598815918,1789521153.4415658
time/actor_training,96,95,14.18816089630127,1789521804.1346982
time/actor_training,97,96,12.014369010925293,1789522510.048892
time/actor_training,98,97,12.090177536010742,1789523160.95462
time/actor_training,99,98,12.139378547668457,1789523799.5187645
time/actor_training,100,99,12.142146110534668,1789524756.7815886
time/actor_training,101,100,12.129782676696777,1789525428.1836748
time/actor_training,102,101,12.077861785888672,1789526077.4679801
time/actor_training,103,102,12.182684898376465,1789526738.4677413
time/actor_training,104,103,12.82651138305664,1789527380.5599964
time/actor_training,105,104,12.0794095993042,1789528274.5008183
time/actor_training,106,105,12.210075378417969,1789528932.5327346
time/actor_training,107,106,12.188565254211426,1789529592.7912931
time/actor_training,108,107,12.027799606323242,1789530256.996863
time/actor_training,109,108,12.458148956298828,1789530913.1774359
time/actor_training,110,109,12.436216354370117,1789531866.289649
time/actor_training,111,110,12.233550071716309,1789532497.6501763
time/actor_training,112,111,12.174956321716309,1789533174.9278746
time/actor_training,113,112,12.107861518859863,1789533828.9860291
time/actor_training,114,113,12.148299217224121,1789534565.1184907
time/actor_training,115,114,12.186962127685547,1789535498.1453898
time/step,1,0,769.64892578125,1789452513.7155616
time/step,2,1,668.0194702148438,1789453181.7679017
time/step,3,2,703.4992065429688,1789453885.2915013
time/step,4,3,682.6290893554688,1789454567.944327
time/step,5,4,966.13037109375,1789455534.108977
time/step,6,5,744.3717651367188,1789456278.510897
time/step,7,6,723.837646484375,1789457002.3731391
time/step,8,7,625.8941040039062,1789457628.2929692
time/step,9,8,666.9682006835938,1789458295.288214
time/step,10,9,1039.1263427734375,1789459334.4420316
time/step,11,10,723.7075805664062,1789460058.194699
time/step,12,11,724.3223876953125,1789460782.540174
time/step,13,12,667.3676147460938,1789461449.9357462
time/step,14,13,662.1781616210938,1789462112.1398137
time/step,15,14,999.6688232421875,1789463111.8477085
time/step,16,15,666.5164794921875,1789463778.3978713
time/step,17,16,729.2381591796875,1789464507.6691382
time/step,18,17,691.7086181640625,1789465199.4091463
time/step,19,18,678.4995727539062,1789465877.9330254
time/step,20,19,1064.037841796875,1789466942.0004027
time/step,21,20,733.930419921875,1789467675.949833
time/step,22,21,773.8714599609375,1789468449.8537748
time/step,23,22,672.6257934570312,1789469122.5125823
time/step,24,23,727.00244140625,1789469849.5451577
time/step,25,24,969.0455322265625,1789470818.6175494
time/step,26,25,709.198974609375,1789471527.838552
time/step,27,26,717.0863037109375,1789472244.954504
time/step,28,27,688.4589233398438,1789472933.4421751
time/step,29,28,645.9308471679688,1789473579.3941195
time/step,30,29,1028.5919189453125,1789474608.0080132
time/step,31,30,703.9494018554688,1789475311.9773972
time/step,32,31,739.4347534179688,1789476051.4369047
time/step,33,32,649.1434936523438,1789476700.6146758
time/step,34,33,636.6410522460938,1789477337.289224
time/step,35,34,963.0748291015625,1789478300.4027805
time/step,36,35,639.0509643554688,1789478939.4844458
time/step,37,36,647.3700561523438,1789479586.8830423
time/step,38,37,681.6445922851562,1789480268.5522878
time/step,39,38,664.5604858398438,1789480933.142005
time/step,40,39,1018.107666015625,1789481951.2796373
time/step,41,40,658.3998413085938,1789482609.732686
time/step,42,41,715.8672485351562,1789483325.6342385
time/step,43,42,679.1761474609375,1789484004.8483527
time/step,44,43,667.1224975585938,1789484671.9982944
time/step,45,44,986.098388671875,1789485658.1398542
time/step,46,45,707.566162109375,1789486365.74195
time/step,47,46,671.0292358398438,1789487036.8004012
time/step,48,47,657.1844482421875,1789487694.0087032
time/step,49,48,687.3858642578125,1789488381.4211006
time/step,50,49,947.1905517578125,1789489328.6436417
time/step,51,50,687.9133911132812,1789490016.579245
time/step,52,51,644.6752319335938,1789490661.2873936
time/step,53,52,637.5738525390625,1789491298.8925538
time/step,54,53,646.0160522460938,1789491944.9437373
time/step,55,54,946.560302734375,1789492891.5461133
time/step,56,55,652.1558837890625,1789493543.7296433
time/step,57,56,655.106201171875,1789494198.8648472
time/step,58,57,648.9892578125,1789494847.8828175
time/step,59,58,640.4843139648438,1789495488.390878
time/step,60,59,983.5250244140625,1789496471.9402542
time/step,61,60,636.581298828125,1789497108.5486476
time/step,62,61,634.4174194335938,1789497742.9921412
time/step,63,62,643.8876342773438,1789498386.898778
time/step,64,63,630.08544921875,1789499017.011214
time/step,65,64,991.584716796875,1789500008.6288793
time/step,66,65,665.8533935546875,1789500674.509509
time/step,67,66,657.5173950195312,1789501332.0561974
time/step,68,67,691.9409790039062,1789502024.030163
time/step,69,68,653.4266967773438,1789502677.487671
time/step,70,69,992.0272827148438,1789503669.5379994
time/step,71,70,636.7572631835938,1789504306.3287253
time/step,72,71,646.2872314453125,1789504952.640834
time/step,73,72,629.9308471679688,1789505582.5900378
time/step,74,73,635.2012939453125,1789506217.8128426
time/step,75,74,987.0881958007812,1789507204.945976
time/step,76,75,629.1060180664062,1789507834.0831983
time/step,77,76,649.837158203125,1789508483.9489734
time/step,78,77,636.6353149414062,1789509120.6121836
time/step,79,78,639.3939819335938,1789509760.0401213
time/step,80,79,941.243896484375,1789510701.3077881
time/step,81,80,663.6207885742188,1789511364.9522023
time/step,82,81,654.1343994140625,1789512019.1137743
time/step,83,82,633.2800903320312,1789512652.4250343
time/step,84,83,632.5443725585938,1789513284.9976664
time/step,85,84,905.4905395507812,1789514190.52126
time/step,86,85,636.0166625976562,1789514826.5699801
time/step,87,86,632.3815307617188,1789515458.9780805
time/step,88,87,646.4927368164062,1789516105.497069
time/step,89,88,650.6655883789062,1789516756.1879156
time/step,90,89,945.2466430664062,1789517701.459513
time/step,91,90,631.7281494140625,1789518333.2334557
time/step,92,91,625.7350463867188,1789518958.9952657
time/step,93,92,640.5274658203125,1789519599.540436
time/step,94,93,639.5720825195312,1789520239.1321192
time/step,95,94,914.2685546875,1789521153.4416025
time/step,96,95,650.6598510742188,1789521804.134705
time/step,97,96,705.8817749023438,1789522510.0489056
time/step,98,97,650.8779907226562,1789523160.9546266
time/step,99,98,638.5368041992188,1789523799.5187747
time/step,100,99,957.2357788085938,1789524756.781603
time/step,101,100,671.3605346679688,1789525428.1836815
time/step,102,101,649.2614135742188,1789526077.467989
time/step,103,102,660.97705078125,1789526738.4677477
time/step,104,103,642.0656127929688,1789527380.5600035
time/step,105,104,893.9046020507812,1789528274.5008664
time/step,106,105,658.0132446289062,1789528932.5327408
time/step,107,106,660.2366333007812,1789529592.791303
time/step,108,107,664.180419921875,1789530256.9968712
time/step,109,108,656.151611328125,1789530913.1774454
time/step,110,109,953.085205078125,1789531866.289661
time/step,111,110,631.3365478515625,1789532497.6501877
time/step,112,111,677.25,1789533174.9278808
time/step,113,112,654.032470703125,1789533828.9860415
time/step,114,113,736.0966796875,1789534565.118502
time/step,115,114,932.9927978515625,1789535498.1454208
time/env/env/bootstrap_step,1,0,533.1375732421875,1789452513.7155716
time/env/env/bootstrap_step,2,1,454.12457275390625,1789453181.7679093
time/env/env/bootstrap_step,3,2,482.0001525878906,1789453885.2915082
time/env/env/bootstrap_step,4,3,465.05181884765625,1789454567.9443333
time/env/env/bootstrap_step,5,4,463.61895751953125,1789455534.108984
time/env/env/bootstrap_step,6,5,529.0309448242188,1789456278.510905
time/env/env/bootstrap_step,7,6,505.7862548828125,1789457002.3731458
time/env/env/bootstrap_step,8,7,410.7620544433594,1789457628.2929764
time/env/env/bootstrap_step,9,8,451.3706970214844,1789458295.2882226
time/env/env/bootstrap_step,10,9,495.24371337890625,1789459334.442038
time/env/env/bootstrap_step,11,10,499.4311828613281,1789460058.1947103
time/env/env/bootstrap_step,12,11,502.0332946777344,1789460782.5401826
time/env/env/bootstrap_step,13,12,459.5762023925781,1789461449.9357555
time/env/env/bootstrap_step,14,13,458.8721008300781,1789462112.1398222
time/env/env/bootstrap_step,15,14,481.4801940917969,1789463111.8477209
time/env/env/bootstrap_step,16,15,454.60467529296875,1789463778.3978813
time/env/env/bootstrap_step,17,16,511.4127502441406,1789464507.669149
time/env/env/bootstrap_step,18,17,450.83673095703125,1789465199.4091527
time/env/env/bootstrap_step,19,18,470.8839111328125,1789465877.933034
time/env/env/bootstrap_step,20,19,483.791748046875,1789466942.0004108
time/env/env/bootstrap_step,21,20,521.7889404296875,1789467675.9498398
time/env/env/bootstrap_step,22,21,540.3300170898438,1789468449.8537846
time/env/env/bootstrap_step,23,22,458.6399230957031,1789469122.5125914
time/env/env/bootstrap_step,24,23,506.0055847167969,1789469849.5451665
time/env/env/bootstrap_step,25,24,440.7150573730469,1789470818.6175559
time/env/env/bootstrap_step,26,25,491.1029052734375,1789471527.8385582
time/env/env/bootstrap_step,27,26,489.44488525390625,1789472244.9545105
time/env/env/bootstrap_step,28,27,464.33642578125,1789472933.4421816
time/env/env/bootstrap_step,29,28,438.41070556640625,1789473579.394127
time/env/env/bootstrap_step,30,29,484.39532470703125,1789474608.0080197
time/env/env/bootstrap_step,31,30,501.6183776855469,1789475311.977404
time/env/env/bootstrap_step,32,31,528.531982421875,1789476051.4369109
time/env/env/bootstrap_step,33,32,432.6793212890625,1789476700.6146982
time/env/env/bootstrap_step,34,33,434.91912841796875,1789477337.2892342
time/env/env/bootstrap_step,35,34,479.4412536621094,1789478300.4027941
time/env/env/bootstrap_step,36,35,428.8265380859375,1789478939.4844532
time/env/env/bootstrap_step,37,36,436.0330505371094,1789479586.8830492
time/env/env/bootstrap_step,38,37,474.6761169433594,1789480268.5522969
time/env/env/bootstrap_step,39,38,449.23809814453125,1789480933.1420157
time/env/env/bootstrap_step,40,39,498.98150634765625,1789481951.2796502
time/env/env/bootstrap_step,41,40,456.2725524902344,1789482609.7326934
time/env/env/bootstrap_step,42,41,500.9183654785156,1789483325.6342456
time/env/env/bootstrap_step,43,42,472.4595031738281,1789484004.8483598
time/env/env/bootstrap_step,44,43,469.5536804199219,1789484671.9983003
time/env/env/bootstrap_step,45,44,443.7706604003906,1789485658.13987
time/env/env/bootstrap_step,46,45,484.9348449707031,1789486365.7419593
time/env/env/bootstrap_step,47,46,447.4272155761719,1789487036.800409
time/env/env/bootstrap_step,48,47,436.8911437988281,1789487694.0087106
time/env/env/bootstrap_step,49,48,466.0215148925781,1789488381.4211109
time/env/env/bootstrap_step,50,49,424.8732604980469,1789489328.643648
time/env/env/bootstrap_step,51,50,473.0058288574219,1789490016.5792518
time/env/env/bootstrap_step,52,51,427.7201843261719,1789490661.2874002
time/env/env/bootstrap_step,53,52,430.1282653808594,1789491298.892561
time/env/env/bootstrap_step,54,53,429.0597229003906,1789491944.943748
time/env/env/bootstrap_step,55,54,428.5290222167969,1789492891.5461407
time/env/env/bootstrap_step,56,55,444.2160949707031,1789493543.7296507
time/env/env/bootstrap_step,57,56,425.3961181640625,1789494198.8648584
time/env/env/bootstrap_step,58,57,431.17706298828125,1789494847.8828406
time/env/env/bootstrap_step,59,58,422.9449768066406,1789495488.3908858
time/env/env/bootstrap_step,60,59,460.5477600097656,1789496471.9402628
time/env/env/bootstrap_step,61,60,433.45111083984375,1789497108.548654
time/env/env/bootstrap_step,62,61,425.9457702636719,1789497742.9921505
time/env/env/bootstrap_step,63,62,431.2431335449219,1789498386.8987842
time/env/env/bootstrap_step,64,63,428.4656982421875,1789499017.0112214
time/env/env/bootstrap_step,65,64,465.2816162109375,1789500008.6288881
time/env/env/bootstrap_step,66,65,445.19989013671875,1789500674.509519
time/env/env/bootstrap_step,67,66,446.9610290527344,1789501332.0562096
time/env/env/bootstrap_step,68,67,475.810791015625,1789502024.0301733
time/env/env/bootstrap_step,69,68,448.0528259277344,1789502677.487677
time/env/env/bootstrap_step,70,69,445.4682312011719,1789503669.53801
time/env/env/bootstrap_step,71,70,428.72552490234375,1789504306.3287346
time/env/env/bootstrap_step,72,71,429.7504577636719,1789504952.6408408
time/env/env/bootstrap_step,73,72,421.5971984863281,1789505582.5900445
time/env/env/bootstrap_step,74,73,429.58563232421875,1789506217.8128507
time/env/env/bootstrap_step,75,74,474.3139953613281,1789507204.945993
time/env/env/bootstrap_step,76,75,434.0397644042969,1789507834.0832045
time/env/env/bootstrap_step,77,76,423.37677001953125,1789508483.9489796
time/env/env/bootstrap_step,78,77,421.1512756347656,1789509120.6121902
time/env/env/bootstrap_step,79,78,420.8711242675781,1789509760.0401294
time/env/env/bootstrap_step,80,79,417.4288330078125,1789510701.307794
time/env/env/bootstrap_step,81,80,450.50250244140625,1789511364.9522092
time/env/env/bootstrap_step,82,81,424.4744873046875,1789512019.1137857
time/env/env/bootstrap_step,83,82,424.3804016113281,1789512652.4250426
time/env/env/bootstrap_step,84,83,421.00201416015625,1789513284.9976737
time/env/env/bootstrap_step,85,84,428.70220947265625,1789514190.5212677
time/env/env/bootstrap_step,86,85,432.7626647949219,1789514826.5699866
time/env/env/bootstrap_step,87,86,419.1697692871094,1789515458.9780893
time/env/env/bootstrap_step,88,87,432.30908203125,1789516105.4970756
time/env/env/bootstrap_step,89,88,434.75701904296875,1789516756.1879222
time/env/env/bootstrap_step,90,89,426.96246337890625,1789517701.4595191
time/env/env/bootstrap_step,91,90,424.5135803222656,1789518333.233462
time/env/env/bootstrap_step,92,91,418.94818115234375,1789518958.9952767
time/env/env/bootstrap_step,93,92,424.0271301269531,1789519599.5404427
time/env/env/bootstrap_step,94,93,425.61944580078125,1789520239.1321259
time/env/env/bootstrap_step,95,94,423.2689514160156,1789521153.4416208
time/env/env/bootstrap_step,96,95,432.2283630371094,1789521804.1347122
time/env/env/bootstrap_step,97,96,485.22283935546875,1789522510.0489202
time/env/env/bootstrap_step,98,97,434.1121520996094,1789523160.954633
time/env/env/bootstrap_step,99,98,429.0329895019531,1789523799.5187845
time/env/env/bootstrap_step,100,99,433.17340087890625,1789524756.7816105
time/env/env/bootstrap_step,101,100,452.50592041015625,1789525428.1836886
time/env/env/bootstrap_step,102,101,435.70855712890625,1789526077.4679983
time/env/env/bootstrap_step,103,102,447.2922668457031,1789526738.4677541
time/env/env/bootstrap_step,104,103,413.8213195800781,1789527380.5600119
time/env/env/bootstrap_step,105,104,414.55841064453125,1789528274.5008876
time/env/env/bootstrap_step,106,105,444.9226379394531,1789528932.5327475
time/env/env/bootstrap_step,107,106,442.09027099609375,1789529592.7913125
time/env/env/bootstrap_step,108,107,436.26776123046875,1789530256.9968796
time/env/env/bootstrap_step,109,108,449.4395751953125,1789530913.177455
time/env/env/bootstrap_step,110,109,431.7138671875,1789531866.2896671
time/env/env/bootstrap_step,111,110,425.2747802734375,1789532497.6501985
time/env/env/bootstrap_step,112,111,457.7818908691406,1789533174.927887
time/env/env/bootstrap_step,113,112,443.50018310546875,1789533828.986054
time/env/env/bootstrap_step,114,113,517.06591796875,1789534565.1185133
time/env/env/bootstrap_step,115,114,431.9914245605469,1789535498.145437
time/env/compute_bootstrap_rewards,1,0,0.0008746059611439705,1789452513.7155795
time/env/compute_bootstrap_rewards,2,1,0.000771594699472189,1789453181.767916
time/env/compute_bootstrap_rewards,3,2,0.0010427376255393028,1789453885.2915142
time/env/compute_bootstrap_rewards,4,3,0.001324518583714962,1789454567.944339
time/env/compute_bootstrap_rewards,5,4,0.0008124448359012604,1789455534.10899
time/env/compute_bootstrap_rewards,6,5,0.0008774963207542896,1789456278.5109158
time/env/compute_bootstrap_rewards,7,6,0.0010981927625834942,1789457002.3731515
time/env/compute_bootstrap_rewards,8,7,0.0009122733026742935,1789457628.2929828
time/env/compute_bootstrap_rewards,9,8,0.0010218149982392788,1789458295.2882295
time/env/compute_bootstrap_rewards,10,9,0.0009624818339943886,1789459334.442045
time/env/compute_bootstrap_rewards,11,10,0.0009487480856478214,1789460058.1947174
time/env/compute_bootstrap_rewards,12,11,0.0008239680901169777,1789460782.5401893
time/env/compute_bootstrap_rewards,13,12,0.0008090878836810589,1789461449.9357624
time/env/compute_bootstrap_rewards,14,13,0.0007219393737614155,1789462112.13983
time/env/compute_bootstrap_rewards,15,14,0.000981722492724657,1789463111.8477318
time/env/compute_bootstrap_rewards,16,15,0.0010238667018711567,1789463778.3978894
time/env/compute_bootstrap_rewards,17,16,0.0011136364191770554,1789464507.6691566
time/env/compute_bootstrap_rewards,18,17,0.0012465771287679672,1789465199.4091592
time/env/compute_bootstrap_rewards,19,18,0.0010082339867949486,1789465877.933041
time/env/compute_bootstrap_rewards,20,19,0.0008398699574172497,1789466942.000419
time/env/compute_bootstrap_rewards,21,20,0.00105238426476717,1789467675.9498463
time/env/compute_bootstrap_rewards,22,21,0.001274841371923685,1789468449.853792
time/env/compute_bootstrap_rewards,23,22,0.0009913677349686623,1789469122.5125985
time/env/compute_bootstrap_rewards,24,23,0.001301073469221592,1789469849.5451746
time/env/compute_bootstrap_rewards,25,24,0.0012046676129102707,1789470818.6175625
time/env/compute_bootstrap_rewards,26,25,0.0013026339001953602,1789471527.838564
time/env/compute_bootstrap_rewards,27,26,0.0012375419028103352,1789472244.9545166
time/env/compute_bootstrap_rewards,28,27,0.001147526316344738,1789472933.4421878
time/env/compute_bootstrap_rewards,29,28,0.0009169569239020348,1789473579.3941343
time/env/compute_bootstrap_rewards,30,29,0.000983665231615305,1789474608.0080252
time/env/compute_bootstrap_rewards,31,30,0.0008631730452179909,1789475311.97741
time/env/compute_bootstrap_rewards,32,31,0.0011081756092607975,1789476051.4369168
time/env/compute_bootstrap_rewards,33,32,0.0009610005654394627,1789476700.6147158
time/env/compute_bootstrap_rewards,34,33,0.0008268952369689941,1789477337.2892418
time/env/compute_bootstrap_rewards,35,34,0.0007142350077629089,1789478300.4028058
time/env/compute_bootstrap_rewards,36,35,0.0008331523276865482,1789478939.4844599
time/env/compute_bootstrap_rewards,37,36,0.0008581443689763546,1789479586.8830557
time/env/compute_bootstrap_rewards,38,37,0.0010991687886416912,1789480268.552306
time/env/compute_bootstrap_rewards,39,38,0.0008418862707912922,1789480933.1420245
time/env/compute_bootstrap_rewards,40,39,0.0006123296916484833,1789481951.2796607
time/env/compute_bootstrap_rewards,41,40,0.0008209398947656155,1789482609.7326999
time/env/compute_bootstrap_rewards,42,41,0.0008694827556610107,1789483325.6342516
time/env/compute_bootstrap_rewards,43,42,0.0008203876204788685,1789484004.8483667
time/env/compute_bootstrap_rewards,44,43,0.0007568984292447567,1789484671.9983065
time/env/compute_bootstrap_rewards,45,44,0.0026227966882288456,1789485658.1398826
time/env/compute_bootstrap_rewards,46,45,0.001033687498420477,1789486365.7419672
time/env/compute_bootstrap_rewards,47,46,0.0008711987175047398,1789487036.8004162
time/env/compute_bootstrap_rewards,48,47,0.000764037948101759,1789487694.008717
time/env/compute_bootstrap_rewards,49,48,0.0007932502776384354,1789488381.4211185
time/env/compute_bootstrap_rewards,50,49,0.0007897927425801754,1789489328.643654
time/env/compute_bootstrap_rewards,51,50,0.0008447510190308094,1789490016.579258
time/env/compute_bootstrap_rewards,52,51,0.0007409760728478432,1789490661.2874064
time/env/compute_bootstrap_rewards,53,52,0.0006870846264064312,1789491298.8925676
time/env/compute_bootstrap_rewards,54,53,0.0006894650869071484,1789491944.9437559
time/env/compute_bootstrap_rewards,55,54,0.0006566164083778858,1789492891.5461636
time/env/compute_bootstrap_rewards,56,55,0.00076264888048172,1789493543.7296572
time/env/compute_bootstrap_rewards,57,56,0.0008529606275260448,1789494198.8648696
time/env/compute_bootstrap_rewards,58,57,0.0007558767683804035,1789494847.882858
time/env/compute_bootstrap_rewards,59,58,0.0007550935260951519,1789495488.3908932
time/env/compute_bootstrap_rewards,60,59,0.000848475843667984,1789496471.9402711
time/env/compute_bootstrap_rewards,61,60,0.0006891959346830845,1789497108.548661
time/env/compute_bootstrap_rewards,62,61,0.000798223540186882,1789497742.9921577
time/env/compute_bootstrap_rewards,63,62,0.0007609282620251179,1789498386.8987901
time/env/compute_bootstrap_rewards,64,63,0.0007726573385298252,1789499017.0112276
time/env/compute_bootstrap_rewards,65,64,0.0007258760742843151,1789500008.6288965
time/env/compute_bootstrap_rewards,66,65,0.0007250257767736912,1789500674.5095272
time/env/compute_bootstrap_rewards,67,66,0.0006323410198092461,1789501332.0562196
time/env/compute_bootstrap_rewards,68,67,0.0008093412034213543,1789502024.0301807
time/env/compute_bootstrap_rewards,69,68,0.0007125413976609707,1789502677.487683
time/env/compute_bootstrap_rewards,70,69,0.000767724122852087,1789503669.5380197
time/env/compute_bootstrap_rewards,71,70,0.0006380118429660797,1789504306.3287425
time/env/compute_bootstrap_rewards,72,71,0.0006871689110994339,1789504952.6408465
time/env/compute_bootstrap_rewards,73,72,0.0007214192301034927,1789505582.5900507
time/env/compute_bootstrap_rewards,74,73,0.0006110034883022308,1789506217.8128574
time/env/compute_bootstrap_rewards,75,74,0.0008581783622503281,1789507204.9460065
time/env/compute_bootstrap_rewards,76,75,0.0006499653682112694,1789507834.0832107
time/env/compute_bootstrap_rewards,77,76,0.000859077088534832,1789508483.9489858
time/env/compute_bootstrap_rewards,78,77,0.0007114880718290806,1789509120.6121967
time/env/compute_bootstrap_rewards,79,78,0.0007010092958807945,1789509760.0401382
time/env/compute_bootstrap_rewards,80,79,0.0006793448701500893,1789510701.3077998
time/env/compute_bootstrap_rewards,81,80,0.0009120595641434193,1789511364.952215
time/env/compute_bootstrap_rewards,82,81,0.0006853966042399406,1789512019.1137943
time/env/compute_bootstrap_rewards,83,82,0.000674963928759098,1789512652.425049
time/env/compute_bootstrap_rewards,84,83,0.0008571450598537922,1789513284.9976802
time/env/compute_bootstrap_rewards,85,84,0.0006947149522602558,1789514190.521274
time/env/compute_bootstrap_rewards,86,85,0.0006407857872545719,1789514826.569993
time/env/compute_bootstrap_rewards,87,86,0.0006124842911958694,1789515458.9780965
time/env/compute_bootstrap_rewards,88,87,0.0006387964822351933,1789516105.4970825
time/env/compute_bootstrap_rewards,89,88,0.0007609017193317413,1789516756.187928
time/env/compute_bootstrap_rewards,90,89,0.0007713669911026955,1789517701.4595253
time/env/compute_bootstrap_rewards,91,90,0.0007145651616156101,1789518333.2334688
time/env/compute_bootstrap_rewards,92,91,0.0007012332789599895,1789518958.9952848
time/env/compute_bootstrap_rewards,93,92,0.0006271237507462502,1789519599.5404487
time/env/compute_bootstrap_rewards,94,93,0.0006083250045776367,1789520239.1321323
time/env/compute_bootstrap_rewards,95,94,0.0006591817364096642,1789521153.4416392
time/env/compute_bootstrap_rewards,96,95,0.0007129092700779438,1789521804.1347191
time/env/compute_bootstrap_rewards,97,96,0.0007517528720200062,1789522510.0489314
time/env/compute_bootstrap_rewards,98,97,0.0007311785593628883,1789523160.9546394
time/env/compute_bootstrap_rewards,99,98,0.0006126798689365387,1789523799.518793
time/env/compute_bootstrap_rewards,100,99,0.0007237442769110203,1789524756.7816176
time/env/compute_bootstrap_rewards,101,100,0.0007199933752417564,1789525428.1836953
time/env/compute_bootstrap_rewards,102,101,0.0007997709326446056,1789526077.4680054
time/env/compute_bootstrap_rewards,103,102,0.000709837768226862,1789526738.4677606
time/env/compute_bootstrap_rewards,104,103,0.0008139275014400482,1789527380.5600197
time/env/compute_bootstrap_rewards,105,104,0.0005979947745800018,1789528274.5009086
time/env/compute_bootstrap_rewards,106,105,0.0006028194911777973,1789528932.5327544
time/env/compute_bootstrap_rewards,107,106,0.0006963415071368217,1789529592.7913203
time/env/compute_bootstrap_rewards,108,107,0.0008721183985471725,1789530256.996886
time/env/compute_bootstrap_rewards,109,108,0.0006199786439538002,1789530913.177462
time/env/compute_bootstrap_rewards,110,109,0.0006615873426198959,1789531866.2896733
time/env/compute_bootstrap_rewards,111,110,0.0005945325829088688,1789532497.6502082
time/env/compute_bootstrap_rewards,112,111,0.0009649298153817654,1789533174.927893
time/env/compute_bootstrap_rewards,113,112,0.0007311846129596233,1789533828.9860632
time/env/compute_bootstrap_rewards,114,113,0.0009014471434056759,1789534565.118522
time/env/compute_bootstrap_rewards,115,114,0.0007802774198353291,1789535498.1454515
time/env/env_interact_step,1,0,185.4335479736328,1789452513.7155867
time/env/env_interact_step,2,1,181.62567138671875,1789453181.767922
time/env/env_interact_step,3,2,193.37124633789062,1789453885.2915204
time/env/env_interact_step,4,3,185.84324645996094,1789454567.9443457
time/env/env_interact_step,5,4,177.00662231445312,1789455534.1089962
time/env/env_interact_step,6,5,189.62242126464844,1789456278.5109227
time/env/env_interact_step,7,6,188.78048706054688,1789457002.3731577
time/env/env_interact_step,8,7,183.4456787109375,1789457628.292989
time/env/env_interact_step,9,8,184.7931365966797,1789458295.2882438
time/env/env_interact_step,10,9,189.6824188232422,1789459334.4420505
time/env/env_interact_step,11,10,194.69813537597656,1789460058.194725
time/env/env_interact_step,12,11,190.7447967529297,1789460782.5401952
time/env/env_interact_step,13,12,177.09771728515625,1789461449.9357693
time/env/env_interact_step,14,13,173.66688537597656,1789462112.1398368
time/env/env_interact_step,15,14,194.02833557128906,1789463111.8477414
time/env/env_interact_step,16,15,180.7779083251953,1789463778.3978963
time/env/env_interact_step,17,16,189.51194763183594,1789464507.669164
time/env/env_interact_step,18,17,205.904541015625,1789465199.4091654
time/env/env_interact_step,19,18,176.85621643066406,1789465877.9330473
time/env/env_interact_step,20,19,170.95742797851562,1789466942.0004265
time/env/env_interact_step,21,20,184.7581329345703,1789467675.9498525
time/env/env_interact_step,22,21,199.2053985595703,1789468449.853799
time/env/env_interact_step,23,22,181.62318420410156,1789469122.512605
time/env/env_interact_step,24,23,186.69915771484375,1789469849.5451822
time/env/env_interact_step,25,24,188.11044311523438,1789470818.6175687
time/env/env_interact_step,26,25,186.95326232910156,1789471527.8385696
time/env/env_interact_step,27,26,193.53526306152344,1789472244.9545228
time/env/env_interact_step,28,27,188.6851043701172,1789472933.4421937
time/env/env_interact_step,29,28,177.3532257080078,1789473579.394142
time/env/env_interact_step,30,29,186.83995056152344,1789474608.0080307
time/env/env_interact_step,31,30,193.81069946289062,1789475311.977417
time/env/env_interact_step,32,31,180.5581512451172,1789476051.4369226
time/env/env_interact_step,33,32,180.98268127441406,1789476700.6147323
time/env/env_interact_step,34,33,177.1576385498047,1789477337.2892485
time/env/env_interact_step,35,34,176.79232788085938,1789478300.402817
time/env/env_interact_step,36,35,183.70249938964844,1789478939.4844668
time/env/env_interact_step,37,36,182.0982666015625,1789479586.8830612
time/env/env_interact_step,38,37,176.37249755859375,1789480268.552315
time/env/env_interact_step,39,38,180.95310974121094,1789480933.1420321
time/env/env_interact_step,40,39,168.4749298095703,1789481951.2796705
time/env/env_interact_step,41,40,171.15403747558594,1789482609.7327063
time/env/env_interact_step,42,41,188.59762573242188,1789483325.6342576
time/env/env_interact_step,43,42,175.89996337890625,1789484004.8483732
time/env/env_interact_step,44,43,171.2932586669922,1789484671.9983127
time/env/env_interact_step,45,44,201.6650848388672,1789485658.1398935
time/env/env_interact_step,46,45,192.33953857421875,1789486365.7419739
time/env/env_interact_step,47,46,191.59068298339844,1789487036.8004227
time/env/env_interact_step,48,47,188.4248504638672,1789487694.0087235
time/env/env_interact_step,49,48,187.2515411376953,1789488381.4211257
time/env/env_interact_step,50,49,182.5476837158203,1789489328.64366
time/env/env_interact_step,51,50,188.21788024902344,1789490016.5792637
time/env/env_interact_step,52,51,182.29708862304688,1789490661.2874124
time/env/env_interact_step,53,52,175.88848876953125,1789491298.8925736
time/env/env_interact_step,54,53,183.31602478027344,1789491944.9437635
time/env/env_interact_step,55,54,186.48672485351562,1789492891.5461833
time/env/env_interact_step,56,55,181.55641174316406,1789493543.729663
time/env/env_interact_step,57,56,197.15756225585938,1789494198.8648806
time/env/env_interact_step,58,57,183.78805541992188,1789494847.8828752
time/env/env_interact_step,59,58,182.13632202148438,1789495488.3908997
time/env/env_interact_step,60,59,180.271240234375,1789496471.940279
time/env/env_interact_step,61,60,176.7286376953125,1789497108.5486672
time/env/env_interact_step,62,61,180.52906799316406,1789497742.9921641
time/env/env_interact_step,63,62,182.9607696533203,1789498386.8987963
time/env/env_interact_step,64,63,167.96585083007812,1789499017.011234
time/env/env_interact_step,65,64,177.5274658203125,1789500008.6289048
time/env/env_interact_step,66,65,189.6082763671875,1789500674.509535
time/env/env_interact_step,67,66,180.9429168701172,1789501332.0562289
time/env/env_interact_step,68,67,182.14816284179688,1789502024.030188
time/env/env_interact_step,69,68,175.0865936279297,1789502677.487689
time/env/env_interact_step,70,69,176.89739990234375,1789503669.5380282
time/env/env_interact_step,71,70,181.64190673828125,1789504306.3287504
time/env/env_interact_step,72,71,185.76283264160156,1789504952.6408527
time/env/env_interact_step,73,72,178.17135620117188,1789505582.5900567
time/env/env_interact_step,74,73,176.69639587402344,1789506217.812864
time/env/env_interact_step,75,74,188.10452270507812,1789507204.9460208
time/env/env_interact_step,76,75,169.09121704101562,1789507834.083217
time/env/env_interact_step,77,76,193.32057189941406,1789508483.9489915
time/env/env_interact_step,78,77,182.14759826660156,1789509120.6122034
time/env/env_interact_step,79,78,187.4254913330078,1789509760.0401444
time/env/env_interact_step,80,79,189.379150390625,1789510701.3078055
time/env/env_interact_step,81,80,186.85435485839844,1789511364.9522216
time/env/env_interact_step,82,81,199.6472625732422,1789512019.113802
time/env/env_interact_step,83,82,180.02548217773438,1789512652.4250553
time/env/env_interact_step,84,83,184.60397338867188,1789513284.9976864
time/env/env_interact_step,85,84,173.4842529296875,1789514190.5212803
time/env/env_interact_step,86,85,176.69334411621094,1789514826.5699995
time/env/env_interact_step,87,86,183.70848083496094,1789515458.9781024
time/env/env_interact_step,88,87,184.9037322998047,1789516105.4970884
time/env/env_interact_step,89,88,186.78128051757812,1789516756.187934
time/env/env_interact_step,90,89,182.9629669189453,1789517701.4595313
time/env/env_interact_step,91,90,180.63528442382812,1789518333.233475
time/env/env_interact_step,92,91,176.318115234375,1789518958.9952927
time/env/env_interact_step,93,92,186.10205078125,1789519599.5404549
time/env/env_interact_step,94,93,184.78465270996094,1789520239.1321387
time/env/env_interact_step,95,94,179.63165283203125,1789521153.4416554
time/env/env_interact_step,96,95,188.01846313476562,1789521804.1347256
time/env/env_interact_step,97,96,190.29611206054688,1789522510.0489414
time/env/env_interact_step,98,97,187.5063934326172,1789523160.9546454
time/env/env_interact_step,99,98,180.51443481445312,1789523799.5188005
time/env/env_interact_step,100,99,182.8212432861328,1789524756.7816243
time/env/env_interact_step,101,100,192.50228881835938,1789525428.1837018
time/env/env_interact_step,102,101,184.4791717529297,1789526077.468012
time/env/env_interact_step,103,102,184.30435180664062,1789526738.467767
time/env/env_interact_step,104,103,195.21646118164062,1789527380.5600264
time/env/env_interact_step,105,104,179.1781463623047,1789528274.5009294
time/env/env_interact_step,106,105,186.80462646484375,1789528932.5327606
time/env/env_interact_step,107,106,188.5360565185547,1789529592.791328
time/env/env_interact_step,108,107,198.08143615722656,1789530256.9968922
time/env/env_interact_step,109,108,181.06187438964844,1789530913.1774688
time/env/env_interact_step,110,109,185.30271911621094,1789531866.2896795
time/env/env_interact_step,111,110,180.26368713378906,1789532497.6502175
time/env/env_interact_step,112,111,190.25814819335938,1789533174.9278994
time/env/env_interact_step,113,112,181.56158447265625,1789533828.9860723
time/env/env_interact_step,114,113,193.5529022216797,1789534565.1185298
time/env/env_interact_step,115,114,191.39060974121094,1789535498.1454647
time/env/env/send_rollout_trajectories,1,0,0.8985410332679749,1789452513.715594
time/env/env/send_rollout_trajectories,2,1,0.6914077997207642,1789453181.7679284
time/env/env/send_rollout_trajectories,3,2,0.8346481323242188,1789453885.2915273
time/env/env/send_rollout_trajectories,4,3,0.5132091045379639,1789454567.9443512
time/env/env/send_rollout_trajectories,5,4,0.5971477031707764,1789455534.1090019
time/env/env/send_rollout_trajectories,6,5,0.5642367005348206,1789456278.5109284
time/env/env/send_rollout_trajectories,7,6,0.7589943408966064,1789457002.3731635
time/env/env/send_rollout_trajectories,8,7,0.6098681688308716,1789457628.292995
time/env/env/send_rollout_trajectories,9,8,0.6495741009712219,1789458295.2882538
time/env/env/send_rollout_trajectories,10,9,0.5240687131881714,1789459334.4420564
time/env/env/send_rollout_trajectories,11,10,0.873224139213562,1789460058.194732
time/env/env/send_rollout_trajectories,12,11,0.5118029713630676,1789460782.5402014
time/env/env/send_rollout_trajectories,13,12,0.5255402326583862,1789461449.9357758
time/env/env/send_rollout_trajectories,14,13,0.5374724268913269,1789462112.139843
time/env/env/send_rollout_trajectories,15,14,0.617942214012146,1789463111.847751
time/env/env/send_rollout_trajectories,16,15,1.1406993865966797,1789463778.397903
time/env/env/send_rollout_trajectories,17,16,1.0236496925354004,1789464507.6691709
time/env/env/send_rollout_trajectories,18,17,0.8769245147705078,1789465199.4091718
time/env/env/send_rollout_trajectories,19,18,0.5389614105224609,1789465877.9330537
time/env/env/send_rollout_trajectories,20,19,0.8327423334121704,1789466942.0004382
time/env/env/send_rollout_trajectories,21,20,0.8903814554214478,1789467675.949859
time/env/env/send_rollout_trajectories,22,21,0.8119117021560669,1789468449.8538122
time/env/env/send_rollout_trajectories,23,22,0.8162752985954285,1789469122.5126112
time/env/env/send_rollout_trajectories,24,23,0.8498533964157104,1789469849.5451896
time/env/env/send_rollout_trajectories,25,24,0.883212149143219,1789470818.6175752
time/env/env/send_rollout_trajectories,26,25,0.8969128131866455,1789471527.8385758
time/env/env/send_rollout_trajectories,27,26,0.8801259398460388,1789472244.9545293
time/env/env/send_rollout_trajectories,28,27,0.8515657186508179,1789472933.4421995
time/env/env/send_rollout_trajectories,29,28,0.5371859073638916,1789473579.3941495
time/env/env/send_rollout_trajectories,30,29,0.8508726358413696,1789474608.0080369
time/env/env/send_rollout_trajectories,31,30,0.6282513737678528,1789475311.9774232
time/env/env/send_rollout_trajectories,32,31,0.856474757194519,1789476051.4369287
time/env/env/send_rollout_trajectories,33,32,0.8594613075256348,1789476700.6147478
time/env/env/send_rollout_trajectories,34,33,0.6096346974372864,1789477337.2892556
time/env/env/send_rollout_trajectories,35,34,0.560988187789917,1789478300.4028282
time/env/env/send_rollout_trajectories,36,35,0.5509377717971802,1789478939.484473
time/env/env/send_rollout_trajectories,37,36,0.5608481168746948,1789479586.883067
time/env/env/send_rollout_trajectories,38,37,0.5754374265670776,1789480268.5523238
time/env/env/send_rollout_trajectories,39,38,1.0018209218978882,1789480933.1420393
time/env/env/send_rollout_trajectories,40,39,0.5685412883758545,1789481951.2796798
time/env/env/send_rollout_trajectories,41,40,0.9763827919960022,1789482609.7327127
time/env/env/send_rollout_trajectories,42,41,0.8864868879318237,1789483325.6342642
time/env/env/send_rollout_trajectories,43,42,0.9447278380393982,1789484004.848379
time/env/env/send_rollout_trajectories,44,43,0.6013550162315369,1789484671.9983184
time/env/env/send_rollout_trajectories,45,44,0.8946384787559509,1789485658.139906
time/env/env/send_rollout_trajectories,46,45,0.9227849841117859,1789486365.74198
time/env/env/send_rollout_trajectories,47,46,0.915289580821991,1789487036.800429
time/env/env/send_rollout_trajectories,48,47,0.9173287153244019,1789487694.0087297
time/env/env/send_rollout_trajectories,49,48,0.9516623020172119,1789488381.4211323
time/env/env/send_rollout_trajectories,50,49,0.6499400734901428,1789489328.643666
time/env/env/send_rollout_trajectories,51,50,0.6144589781761169,1789490016.5792694
time/env/env/send_rollout_trajectories,52,51,0.9458431601524353,1789490661.287419
time/env/env/send_rollout_trajectories,53,52,0.6566960215568542,1789491298.8925798
time/env/env/send_rollout_trajectories,54,53,0.9488072395324707,1789491944.943771
time/env/env/send_rollout_trajectories,55,54,0.721062421798706,1789492891.5462039
time/env/env/send_rollout_trajectories,56,55,0.8702123761177063,1789493543.729669
time/env/env/send_rollout_trajectories,57,56,0.9801836013793945,1789494198.864892
time/env/env/send_rollout_trajectories,58,57,1.0470516681671143,1789494847.8828926
time/env/env/send_rollout_trajectories,59,58,0.9961774945259094,1789495488.390906
time/env/env/send_rollout_trajectories,60,59,0.9037445783615112,1789496471.9402864
time/env/env/send_rollout_trajectories,61,60,0.7449467182159424,1789497108.5486736
time/env/env/send_rollout_trajectories,62,61,0.6955606937408447,1789497742.9921703
time/env/env/send_rollout_trajectories,63,62,0.6114431023597717,1789498386.8988018
time/env/env/send_rollout_trajectories,64,63,0.9766927361488342,1789499017.0112405
time/env/env/send_rollout_trajectories,65,64,0.6196922063827515,1789500008.6289127
time/env/env/send_rollout_trajectories,66,65,0.987770676612854,1789500674.509543
time/env/env/send_rollout_trajectories,67,66,0.6370548009872437,1789501332.0562472
time/env/env/send_rollout_trajectories,68,67,0.9769191145896912,1789502024.0301945
time/env/env/send_rollout_trajectories,69,68,0.6735402941703796,1789502677.4876952
time/env/env/send_rollout_trajectories,70,69,0.9883291125297546,1789503669.5380366
time/env/env/send_rollout_trajectories,71,70,0.6785364747047424,1789504306.3287578
time/env/env/send_rollout_trajectories,72,71,0.6461873054504395,1789504952.6408591
time/env/env/send_rollout_trajectories,73,72,0.7877516746520996,1789505582.5900624
time/env/env/send_rollout_trajectories,74,73,0.6493920087814331,1789506217.81287
time/env/env/send_rollout_trajectories,75,74,0.9865752458572388,1789507204.9460342
time/env/env/send_rollout_trajectories,76,75,0.6941253542900085,1789507834.0832229
time/env/env/send_rollout_trajectories,77,76,1.0058176517486572,1789508483.9489973
time/env/env/send_rollout_trajectories,78,77,1.0472338199615479,1789509120.6122103
time/env/env/send_rollout_trajectories,79,78,1.0679889917373657,1789509760.0401502
time/env/env/send_rollout_trajectories,80,79,0.6733672022819519,1789510701.307811
time/env/env/send_rollout_trajectories,81,80,0.7036756277084351,1789511364.9522276
time/env/env/send_rollout_trajectories,82,81,0.6817633509635925,1789512019.1138093
time/env/env/send_rollout_trajectories,83,82,0.682701587677002,1789512652.425062
time/env/env/send_rollout_trajectories,84,83,1.0751858949661255,1789513284.997692
time/env/env/send_rollout_trajectories,85,84,0.6845629811286926,1789514190.5212862
time/env/env/send_rollout_trajectories,86,85,0.7306124567985535,1789514826.5700064
time/env/env/send_rollout_trajectories,87,86,0.7081574201583862,1789515458.9781084
time/env/env/send_rollout_trajectories,88,87,0.7075777053833008,1789516105.4970949
time/env/env/send_rollout_trajectories,89,88,0.7075788378715515,1789516756.1879401
time/env/env/send_rollout_trajectories,90,89,0.706534743309021,1789517701.4595373
time/env/env/send_rollout_trajectories,91,90,0.769798755645752,1789518333.2334807
time/env/env/send_rollout_trajectories,92,91,0.6973288059234619,1789518958.9953003
time/env/env/send_rollout_trajectories,93,92,0.6899589896202087,1789519599.540461
time/env/env/send_rollout_trajectories,94,93,0.719843327999115,1789520239.1321452
time/env/env/send_rollout_trajectories,95,94,0.7332983016967773,1789521153.4416718
time/env/env/send_rollout_trajectories,96,95,1.557404637336731,1789521804.1347315
time/env/env/send_rollout_trajectories,97,96,0.956859290599823,1789522510.0489523
time/env/env/send_rollout_trajectories,98,97,0.7841482758522034,1789523160.9546523
time/env/env/send_rollout_trajectories,99,98,0.8198265433311462,1789523799.5188074
time/env/env/send_rollout_trajectories,100,99,0.7312933802604675,1789524756.781631
time/env/env/send_rollout_trajectories,101,100,0.76255202293396,1789525428.183708
time/env/env/send_rollout_trajectories,102,101,0.7377552390098572,1789526077.4680185
time/env/env/send_rollout_trajectories,103,102,0.8634532690048218,1789526738.4677732
time/env/env/send_rollout_trajectories,104,103,1.4769010543823242,1789527380.5600328
time/env/env/send_rollout_trajectories,105,104,0.8765038847923279,1789528274.5009487
time/env/env/send_rollout_trajectories,106,105,0.9969916939735413,1789528932.5327666
time/env/env/send_rollout_trajectories,107,106,1.1547859907150269,1789529592.7913349
time/env/env/send_rollout_trajectories,108,107,1.1418052911758423,1789530256.9968977
time/env/env/send_rollout_trajectories,109,108,0.966815710067749,1789530913.177475
time/env/env/send_rollout_trajectories,110,109,0.7383178472518921,1789531866.2896852
time/env/env/send_rollout_trajectories,111,110,0.8100582361221313,1789532497.6502268
time/env/env/send_rollout_trajectories,112,111,0.7416340112686157,1789533174.9279053
time/env/env/send_rollout_trajectories,113,112,0.7443140149116516,1789533828.9860814
time/env/env/send_rollout_trajectories,114,113,1.1266148090362549,1789534565.1185384
time/env/env/send_rollout_trajectories,115,114,1.1111550331115723,1789535498.1454785
time/env/run_interact_once,1,0,730.748046875,1789452513.7156017
time/env/run_interact_once,2,1,645.3805541992188,1789453181.7679346
time/env/run_interact_once,3,2,678.8521728515625,1789453885.291533
time/env/run_interact_once,4,3,661.2977294921875,1789454567.9443574
time/env/run_interact_once,5,4,650.5562744140625,1789455534.1090076
time/env/run_interact_once,6,5,727.1573486328125,1789456278.5109344
time/env/run_interact_once,7,6,702.7220458984375,1789457002.3731694
time/env/run_interact_once,8,7,604.11669921875,1789457628.2930007
time/env/run_interact_once,9,8,646.0677490234375,1789458295.2882597
time/env/run_interact_once,10,9,695.011962890625,1789459334.4420624
time/env/run_interact_once,11,10,702.9033203125,1789460058.1947384
time/env/run_interact_once,12,11,702.6152954101562,1789460782.5402071
time/env/run_interact_once,13,12,646.5206298828125,1789461449.9357822
time/env/run_interact_once,14,13,641.9669189453125,1789462112.139849
time/env/run_interact_once,15,14,685.805419921875,1789463111.8477602
time/env/run_interact_once,16,15,645.8389282226562,1789463778.3979092
time/env/run_interact_once,17,16,706.7859497070312,1789464507.6691773
time/env/run_interact_once,18,17,666.7315063476562,1789465199.4091773
time/env/run_interact_once,19,18,657.1051025390625,1789465877.9330592
time/env/run_interact_once,20,19,663.6283569335938,1789466942.0004473
time/env/run_interact_once,21,20,712.875732421875,1789467675.9498646
time/env/run_interact_once,22,21,749.5060424804688,1789468449.8538194
time/env/run_interact_once,23,22,650.0048217773438,1789469122.5126169
time/env/run_interact_once,24,23,703.7055053710938,1789469849.5451975
time/env/run_interact_once,25,24,632.056396484375,1789470818.6175814
time/env/run_interact_once,26,25,688.9181518554688,1789471527.8385823
time/env/run_interact_once,27,26,693.5535888671875,1789472244.954535
time/env/run_interact_once,28,27,663.4865112304688,1789472933.4422054
time/env/run_interact_once,29,28,625.4398803710938,1789473579.3941565
time/env/run_interact_once,30,29,681.135498046875,1789474608.0080423
time/env/run_interact_once,31,30,687.3435668945312,1789475311.9774294
time/env/run_interact_once,32,31,719.2545776367188,1789476051.4369345
time/env/run_interact_once,33,32,624.2269287109375,1789476700.6147628
time/env/run_interact_once,34,33,614.4579467773438,1789477337.2892623
time/env/run_interact_once,35,34,665.5906372070312,1789478300.4028385
time/env/run_interact_once,36,35,621.9365844726562,1789478939.4844794
time/env/run_interact_once,37,36,627.0827026367188,1789479586.883073
time/env/run_interact_once,38,37,661.0071411132812,1789480268.552332
time/env/run_interact_once,39,38,640.563232421875,1789480933.1420457
time/env/run_interact_once,40,39,675.9639892578125,1789481951.2796886
time/env/run_interact_once,41,40,637.3854370117188,1789482609.732719
time/env/run_interact_once,42,41,693.4065551757812,1789483325.6342702
time/env/run_interact_once,43,42,653.9230346679688,1789484004.8483853
time/env/run_interact_once,44,43,645.1277465820312,1789484671.9983242
time/env/run_interact_once,45,44,644.2449951171875,1789485658.1399179
time/env/run_interact_once,46,45,687.5452270507812,1789486365.7419863
time/env/run_interact_once,47,46,645.8971557617188,1789487036.800436
time/env/run_interact_once,48,47,635.333251953125,1789487694.0087354
time/env/run_interact_once,49,48,663.5903930664062,1789488381.421139
time/env/run_interact_once,50,49,617.4630737304688,1789489328.6436718
time/env/run_interact_once,51,50,671.2335205078125,1789490016.579275
time/env/run_interact_once,52,51,620.2692260742188,1789490661.287425
time/env/run_interact_once,53,52,615.6080322265625,1789491298.8925858
time/env/run_interact_once,54,53,622.4063110351562,1789491944.943778
time/env/run_interact_once,55,54,624.5057983398438,1789492891.5462232
time/env/run_interact_once,56,55,635.3501586914062,1789493543.7296748
time/env/run_interact_once,57,56,633.0748291015625,1789494198.8649027
time/env/run_interact_once,58,57,625.3211669921875,1789494847.8829083
time/env/run_interact_once,59,58,615.088623046875,1789495488.3909123
time/env/run_interact_once,60,59,650.595458984375,1789496471.9402933
time/env/run_interact_once,61,60,620.0362548828125,1789497108.5486798
time/env/run_interact_once,62,61,614.3009033203125,1789497742.9921763
time/env/run_interact_once,63,62,623.8901977539062,1789498386.8988075
time/env/run_interact_once,64,63,606.2382202148438,1789499017.0112467
time/env/run_interact_once,65,64,651.0322875976562,1789500008.6289208
time/env/run_interact_once,66,65,644.9288330078125,1789500674.5095496
time/env/run_interact_once,67,66,637.2659912109375,1789501332.0562565
time/env/run_interact_once,68,67,668.130615234375,1789502024.0302012
time/env/run_interact_once,69,68,632.5248413085938,1789502677.4877012
time/env/run_interact_once,70,69,632.6198120117188,1789503669.538045
time/env/run_interact_once,71,70,619.7906494140625,1789504306.3287652
time/env/run_interact_once,72,71,625.0816040039062,1789504952.640865
time/env/run_interact_once,73,72,609.3192138671875,1789505582.5900686
time/env/run_interact_once,74,73,615.4539184570312,1789506217.8128762
time/env/run_interact_once,75,74,672.7536010742188,1789507204.9460464
time/env/run_interact_once,76,75,612.4283447265625,1789507834.0832286
time/env/run_interact_once,77,76,626.8713989257812,1789508483.9490042
time/env/run_interact_once,78,77,613.1658935546875,1789509120.612217
time/env/run_interact_once,79,78,618.3126220703125,1789509760.040156
time/env/run_interact_once,80,79,616.26611328125,1789510701.3078165
time/env/run_interact_once,81,80,647.3030395507812,1789511364.9522417
time/env/run_interact_once,82,81,634.1016845703125,1789512019.1138163
time/env/run_interact_once,83,82,613.4599609375,1789512652.4250674
time/env/run_interact_once,84,83,610.7747192382812,1789513284.997698
time/env/run_interact_once,85,84,611.605224609375,1789514190.5212922
time/env/run_interact_once,86,85,618.8185424804688,1789514826.570012
time/env/run_interact_once,87,86,612.3150024414062,1789515458.9781144
time/env/run_interact_once,88,87,626.6598510742188,1789516105.4971004
time/env/run_interact_once,89,88,630.8309936523438,1789516756.1879454
time/env/run_interact_once,90,89,619.3441162109375,1789517701.4595435
time/env/run_interact_once,91,90,614.63232421875,1789518333.2334864
time/env/run_interact_once,92,91,604.671142578125,1789518958.9953084
time/env/run_interact_once,93,92,619.4266967773438,1789519599.5404668
time/env/run_interact_once,94,93,619.8087158203125,1789520239.1321511
time/env/run_interact_once,95,94,612.3816528320312,1789521153.4416883
time/env/run_interact_once,96,95,630.6790161132812,1789521804.134738
time/env/run_interact_once,97,96,685.3410034179688,1789522510.0489619
time/env/run_interact_once,98,97,631.0923461914062,1789523160.9546587
time/env/run_interact_once,99,98,618.966796875,1789523799.5188143
time/env/run_interact_once,100,99,625.4063720703125,1789524756.7816374
time/env/run_interact_once,101,100,655.0415649414062,1789525428.1837134
time/env/run_interact_once,102,101,629.6461181640625,1789526077.4680243
time/env/run_interact_once,103,102,641.1514282226562,1789526738.467779
time/env/run_interact_once,104,103,619.7481689453125,1789527380.56004
time/env/run_interact_once,105,104,603.1630249023438,1789528274.50097
time/env/run_interact_once,106,105,641.44189453125,1789528932.5327718
time/env/run_interact_once,107,106,640.3240356445312,1789529592.7913423
time/env/run_interact_once,108,107,644.319091796875,1789530256.996904
time/env/run_interact_once,109,108,636.1720581054688,1789530913.1774814
time/env/run_interact_once,110,109,626.4912109375,1789531866.2896907
time/env/run_interact_once,111,110,614.8395385742188,1789532497.6502361
time/env/run_interact_once,112,111,657.8035888671875,1789533174.9279113
time/env/run_interact_once,113,112,634.4292602539062,1789533828.9860892
time/env/run_interact_once,114,113,716.1572875976562,1789534565.118546
time/env/run_interact_once,115,114,633.0872802734375,1789535498.1454916
time/env/interact,1,0,730.7481079101562,1789452513.7156088
time/env/interact,2,1,645.3805541992188,1789453181.7679405
time/env/interact,3,2,678.8522338867188,1789453885.291539
time/env/interact,4,3,661.2977294921875,1789454567.9443638
time/env/interact,5,4,650.5563354492188,1789455534.109013
time/env/interact,6,5,727.1574096679688,1789456278.5109398
time/env/interact,7,6,702.7220458984375,1789457002.3731751
time/env/interact,8,7,604.11669921875,1789457628.2930067
time/env/interact,9,8,646.0678100585938,1789458295.2882655
time/env/interact,10,9,695.0120239257812,1789459334.4420679
time/env/interact,11,10,702.9033813476562,1789460058.1947448
time/env/interact,12,11,702.6153564453125,1789460782.540213
time/env/interact,13,12,646.5206298828125,1789461449.9357884
time/env/interact,14,13,641.9669189453125,1789462112.1398554
time/env/interact,15,14,685.8054809570312,1789463111.8477697
time/env/interact,16,15,645.8389892578125,1789463778.3979166
time/env/interact,17,16,706.7860107421875,1789464507.669184
time/env/interact,18,17,666.7315673828125,1789465199.4091835
time/env/interact,19,18,657.1051635742188,1789465877.9330654
time/env/interact,20,19,663.62841796875,1789466942.0004551
time/env/interact,21,20,712.8758544921875,1789467675.9498708
time/env/interact,22,21,749.5060424804688,1789468449.853826
time/env/interact,23,22,650.0048828125,1789469122.512623
time/env/interact,24,23,703.7055053710938,1789469849.5452054
time/env/interact,25,24,632.056396484375,1789470818.617587
time/env/interact,26,25,688.9182739257812,1789471527.838588
time/env/interact,27,26,693.5535888671875,1789472244.9545407
time/env/interact,28,27,663.486572265625,1789472933.4422112
time/env/interact,29,28,625.4398803710938,1789473579.3941634
time/env/interact,30,29,681.135498046875,1789474608.0080478
time/env/interact,31,30,687.3436279296875,1789475311.9774354
time/env/interact,32,31,719.2545776367188,1789476051.4369397
time/env/interact,33,32,624.2269897460938,1789476700.6147783
time/env/interact,34,33,614.4580078125,1789477337.2892685
time/env/interact,35,34,665.5906982421875,1789478300.4028485
time/env/interact,36,35,621.9366455078125,1789478939.4844856
time/env/interact,37,36,627.0827026367188,1789479586.883079
time/env/interact,38,37,661.0071411132812,1789480268.552341
time/env/interact,39,38,640.563232421875,1789480933.142053
time/env/interact,40,39,675.9640502929688,1789481951.279698
time/env/interact,41,40,637.3855590820312,1789482609.7327256
time/env/interact,42,41,693.4066162109375,1789483325.634276
time/env/interact,43,42,653.923095703125,1789484004.848391
time/env/interact,44,43,645.1278076171875,1789484671.9983306
time/env/interact,45,44,644.2450561523438,1789485658.13993
time/env/interact,46,45,687.5453491210938,1789486365.7419932
time/env/interact,47,46,645.897216796875,1789487036.8004422
time/env/interact,48,47,635.333251953125,1789487694.0087419
time/env/interact,49,48,663.5903930664062,1789488381.4211454
time/env/interact,50,49,617.463134765625,1789489328.6436777
time/env/interact,51,50,671.2335815429688,1789490016.5792804
time/env/interact,52,51,620.269287109375,1789490661.2874308
time/env/interact,53,52,615.6080932617188,1789491298.8925922
time/env/interact,54,53,622.406494140625,1789491944.9437852
time/env/interact,55,54,624.505859375,1789492891.5462427
time/env/interact,56,55,635.3502197265625,1789493543.7296813
time/env/interact,57,56,633.0748901367188,1789494198.8649142
time/env/interact,58,57,625.3212280273438,1789494847.882926
time/env/interact,59,58,615.0886840820312,1789495488.3909178
time/env/interact,60,59,650.5955200195312,1789496471.9403007
time/env/interact,61,60,620.0364379882812,1789497108.5486856
time/env/interact,62,61,614.3009643554688,1789497742.9921832
time/env/interact,63,62,623.8902587890625,1789498386.8988137
time/env/interact,64,63,606.2382202148438,1789499017.0112524
time/env/interact,65,64,651.0322875976562,1789500008.6289294
time/env/interact,66,65,644.9288940429688,1789500674.5095568
time/env/interact,67,66,637.2659912109375,1789501332.0562658
time/env/interact,68,67,668.1306762695312,1789502024.0302074
time/env/interact,69,68,632.52490234375,1789502677.4877071
time/env/interact,70,69,632.619873046875,1789503669.538053
time/env/interact,71,70,619.7907104492188,1789504306.3287718
time/env/interact,72,71,625.0816040039062,1789504952.6408706
time/env/interact,73,72,609.3192749023438,1789505582.590074
time/env/interact,74,73,615.4539794921875,1789506217.8128822
time/env/interact,75,74,672.7536010742188,1789507204.946059
time/env/interact,76,75,612.4284057617188,1789507834.083234
time/env/interact,77,76,626.8714599609375,1789508483.9490106
time/env/interact,78,77,613.1658935546875,1789509120.612223
time/env/interact,79,78,618.3126220703125,1789509760.0401618
time/env/interact,80,79,616.26611328125,1789510701.3078218
time/env/interact,81,80,647.3031616210938,1789511364.9522517
time/env/interact,82,81,634.1016845703125,1789512019.1138237
time/env/interact,83,82,613.4599609375,1789512652.425074
time/env/interact,84,83,610.7747802734375,1789513284.9977045
time/env/interact,85,84,611.605224609375,1789514190.521298
time/env/interact,86,85,618.818603515625,1789514826.570018
time/env/interact,87,86,612.3150024414062,1789515458.97812
time/env/interact,88,87,626.6598510742188,1789516105.497106
time/env/interact,89,88,630.8310546875,1789516756.187951
time/env/interact,90,89,619.3441772460938,1789517701.45955
time/env/interact,91,90,614.6323852539062,1789518333.233492
time/env/interact,92,91,604.671142578125,1789518958.995316
time/env/interact,93,92,619.4266967773438,1789519599.5404727
time/env/interact,94,93,619.8087158203125,1789520239.1321568
time/env/interact,95,94,612.3817138671875,1789521153.4417045
time/env/interact,96,95,630.6791381835938,1789521804.1347442
time/env/interact,97,96,685.341064453125,1789522510.0489712
time/env/interact,98,97,631.0924072265625,1789523160.9546647
time/env/interact,99,98,618.9668579101562,1789523799.5188215
time/env/interact,100,99,625.4064331054688,1789524756.7816439
time/env/interact,101,100,655.0416259765625,1789525428.1837196
time/env/interact,102,101,629.6461181640625,1789526077.4680307
time/env/interact,103,102,641.1514282226562,1789526738.4677844
time/env/interact,104,103,619.7482299804688,1789527380.5600471
time/env/interact,105,104,603.1630859375,1789528274.5009902
time/env/interact,106,105,641.4419555664062,1789528932.5327775
time/env/interact,107,106,640.3240356445312,1789529592.7913494
time/env/interact,108,107,644.3191528320312,1789530256.9969099
time/env/interact,109,108,636.1720581054688,1789530913.177488
time/env/interact,110,109,626.4912109375,1789531866.2896965
time/env/interact,111,110,614.839599609375,1789532497.6502452
time/env/interact,112,111,657.8035888671875,1789533174.9279165
time/env/interact,113,112,634.4292602539062,1789533828.9860973
time/env/interact,114,113,716.1573486328125,1789534565.118554
time/env/interact,115,114,633.0872802734375,1789535498.1455054
time/rollout/sync_model_from_actor,1,0,17.979461669921875,1789452513.7156153
time/rollout/sync_model_from_actor,2,1,7.692643642425537,1789453181.767947
time/rollout/sync_model_from_actor,3,2,6.102397441864014,1789453885.291545
time/rollout/sync_model_from_actor,4,3,6.179880619049072,1789454567.9443696
time/rollout/sync_model_from_actor,5,4,10.382990837097168,1789455534.1093445
time/rollout/sync_model_from_actor,6,5,1.7878042459487915,1789456278.5109458
time/rollout/sync_model_from_actor,7,6,5.167721271514893,1789457002.3731804
time/rollout/sync_model_from_actor,8,7,4.8291707038879395,1789457628.2930121
time/rollout/sync_model_from_actor,9,8,5.763976097106934,1789458295.288272
time/rollout/sync_model_from_actor,10,9,11.410566329956055,1789459334.4425817
time/rollout/sync_model_from_actor,11,10,1.580695390701294,1789460058.194751
time/rollout/sync_model_from_actor,12,11,6.465186595916748,1789460782.5402188
time/rollout/sync_model_from_actor,13,12,5.576549530029297,1789461449.935794
time/rollout/sync_model_from_actor,14,13,5.1901726722717285,1789462112.1398613
time/rollout/sync_model_from_actor,15,14,11.43416690826416,1789463111.8482666
time/rollout/sync_model_from_actor,16,15,1.8773444890975952,1789463778.3979228
time/rollout/sync_model_from_actor,17,16,6.092417240142822,1789464507.669191
time/rollout/sync_model_from_actor,18,17,6.324237823486328,1789465199.4091895
time/rollout/sync_model_from_actor,19,18,6.361742973327637,1789465877.9330716
time/rollout/sync_model_from_actor,20,19,11.177457809448242,1789466942.0009162
time/rollout/sync_model_from_actor,21,20,1.6908624172210693,1789467675.9498765
time/rollout/sync_model_from_actor,22,21,5.566350936889648,1789468449.8538327
time/rollout/sync_model_from_actor,23,22,7.3135809898376465,1789469122.5126293
time/rollout/sync_model_from_actor,24,23,5.330533504486084,1789469849.5452132
time/rollout/sync_model_from_actor,25,24,11.411656379699707,1789470818.6179097
time/rollout/sync_model_from_actor,26,25,1.7246935367584229,1789471527.8385937
time/rollout/sync_model_from_actor,27,26,6.0551300048828125,1789472244.9545465
time/rollout/sync_model_from_actor,28,27,6.631611347198486,1789472933.4422164
time/rollout/sync_model_from_actor,29,28,5.428851127624512,1789473579.39417
time/rollout/sync_model_from_actor,30,29,10.60918140411377,1789474608.0084927
time/rollout/sync_model_from_actor,31,30,1.499022364616394,1789475311.9774418
time/rollout/sync_model_from_actor,32,31,5.162505149841309,1789476051.4369452
time/rollout/sync_model_from_actor,33,32,5.364920616149902,1789476700.6147943
time/rollout/sync_model_from_actor,34,33,6.1955366134643555,1789477337.2892754
time/rollout/sync_model_from_actor,35,34,11.63758659362793,1789478300.4034
time/rollout/sync_model_from_actor,36,35,1.7437162399291992,1789478939.4844916
time/rollout/sync_model_from_actor,37,36,5.207579135894775,1789479586.8830848
time/rollout/sync_model_from_actor,38,37,5.49423885345459,1789480268.552348
time/rollout/sync_model_from_actor,39,38,5.474698066711426,1789480933.1420603
time/rollout/sync_model_from_actor,40,39,11.017725944519043,1789481951.2799852
time/rollout/sync_model_from_actor,41,40,1.584708333015442,1789482609.7327316
time/rollout/sync_model_from_actor,42,41,5.9764323234558105,1789483325.6342816
time/rollout/sync_model_from_actor,43,42,6.398007392883301,1789484004.8483973
time/rollout/sync_model_from_actor,44,43,7.108205318450928,1789484671.998337
time/rollout/sync_model_from_actor,45,44,10.385126113891602,1789485658.1405497
time/rollout/sync_model_from_actor,46,45,2.0195603370666504,1789486365.7419996
time/rollout/sync_model_from_actor,47,46,6.448967456817627,1789487036.8004484
time/rollout/sync_model_from_actor,48,47,6.753756046295166,1789487694.008748
time/rollout/sync_model_from_actor,49,48,4.868891716003418,1789488381.4211524
time/rollout/sync_model_from_actor,50,49,11.44460678100586,1789489328.6441214
time/rollout/sync_model_from_actor,51,50,1.4971160888671875,1789490016.5792866
time/rollout/sync_model_from_actor,52,51,4.990608215332031,1789490661.2874362
time/rollout/sync_model_from_actor,53,52,7.192529201507568,1789491298.8925989
time/rollout/sync_model_from_actor,54,53,4.942420482635498,1789491944.9437919
time/rollout/sync_model_from_actor,55,54,11.127737998962402,1789492891.5469933
time/rollout/sync_model_from_actor,56,55,1.7354637384414673,1789493543.7296875
time/rollout/sync_model_from_actor,57,56,4.895152568817139,1789494198.864925
time/rollout/sync_model_from_actor,58,57,5.001834392547607,1789494847.8829424
time/rollout/sync_model_from_actor,59,58,6.753849983215332,1789495488.3909245
time/rollout/sync_model_from_actor,60,59,11.905131340026855,1789496471.940799
time/rollout/sync_model_from_actor,61,60,1.4690210819244385,1789497108.5486913
time/rollout/sync_model_from_actor,62,61,5.221920013427734,1789497742.9921894
time/rollout/sync_model_from_actor,63,62,5.2581892013549805,1789498386.8988194
time/rollout/sync_model_from_actor,64,63,4.877862930297852,1789499017.011259
time/rollout/sync_model_from_actor,65,64,10.932794570922852,1789500008.629305
time/rollout/sync_model_from_actor,66,65,1.7750953435897827,1789500674.5095642
time/rollout/sync_model_from_actor,67,66,5.516358375549316,1789501332.0562744
time/rollout/sync_model_from_actor,68,67,5.090461254119873,1789502024.030214
time/rollout/sync_model_from_actor,69,68,6.004242420196533,1789502677.487713
time/rollout/sync_model_from_actor,70,69,10.8767728805542,1789503669.5385737
time/rollout/sync_model_from_actor,71,70,1.6258018016815186,1789504306.3287787
time/rollout/sync_model_from_actor,72,71,6.258851528167725,1789504952.6408765
time/rollout/sync_model_from_actor,73,72,4.972517967224121,1789505582.5900807
time/rollout/sync_model_from_actor,74,73,4.80492639541626,1789506217.8128884
time/rollout/sync_model_from_actor,75,74,10.261381149291992,1789507204.946767
time/rollout/sync_model_from_actor,76,75,1.9917157888412476,1789507834.0832405
time/rollout/sync_model_from_actor,77,76,5.171706199645996,1789508483.949016
time/rollout/sync_model_from_actor,78,77,5.123243808746338,1789509120.612229
time/rollout/sync_model_from_actor,79,78,6.506540298461914,1789509760.040168
time/rollout/sync_model_from_actor,80,79,10.003898620605469,1789510701.3080797
time/rollout/sync_model_from_actor,81,80,1.4725122451782227,1789511364.9522579
time/rollout/sync_model_from_actor,82,81,5.117767333984375,1789512019.1138308
time/rollout/sync_model_from_actor,83,82,5.113603115081787,1789512652.4250803
time/rollout/sync_model_from_actor,84,83,5.063929557800293,1789513284.9977107
time/rollout/sync_model_from_actor,85,84,9.887551307678223,1789514190.5220819
time/rollout/sync_model_from_actor,86,85,1.7109843492507935,1789514826.570024
time/rollout/sync_model_from_actor,87,86,5.3717570304870605,1789515458.9781263
time/rollout/sync_model_from_actor,88,87,5.055433750152588,1789516105.497112
time/rollout/sync_model_from_actor,89,88,5.006120681762695,1789516756.187957
time/rollout/sync_model_from_actor,90,89,10.078147888183594,1789517701.4600363
time/rollout/sync_model_from_actor,91,90,1.630737543106079,1789518333.2334974
time/rollout/sync_model_from_actor,92,91,5.373337268829346,1789518958.9953241
time/rollout/sync_model_from_actor,93,92,5.4842023849487305,1789519599.5404782
time/rollout/sync_model_from_actor,94,93,4.945343017578125,1789520239.1321626
time/rollout/sync_model_from_actor,95,94,10.059903144836426,1789521153.443039
time/rollout/sync_model_from_actor,96,95,1.735742449760437,1789521804.1347504
time/rollout/sync_model_from_actor,97,96,6.019306659698486,1789522510.0489817
time/rollout/sync_model_from_actor,98,97,5.044493198394775,1789523160.9546707
time/rollout/sync_model_from_actor,99,98,4.86234712600708,1789523799.5188284
time/rollout/sync_model_from_actor,100,99,10.131263732910156,1789524756.7821262
time/rollout/sync_model_from_actor,101,100,1.4865553379058838,1789525428.1837256
time/rollout/sync_model_from_actor,102,101,4.744450569152832,1789526077.4680371
time/rollout/sync_model_from_actor,103,102,4.950582504272461,1789526738.4677904
time/rollout/sync_model_from_actor,104,103,5.3586883544921875,1789527380.5600538
time/rollout/sync_model_from_actor,105,104,10.9523344039917,1789528274.5015264
time/rollout/sync_model_from_actor,106,105,1.7007040977478027,1789528932.532783
time/rollout/sync_model_from_actor,107,106,5.094076156616211,1789529592.791356
time/rollout/sync_model_from_actor,108,107,5.242498397827148,1789530256.9969158
time/rollout/sync_model_from_actor,109,108,4.8831706047058105,1789530913.1774943
time/rollout/sync_model_from_actor,110,109,10.167519569396973,1789531866.2901983
time/rollout/sync_model_from_actor,111,110,1.603539228439331,1789532497.650254
time/rollout/sync_model_from_actor,112,111,4.887112140655518,1789533174.9279222
time/rollout/sync_model_from_actor,113,112,4.987185001373291,1789533828.9861064
time/rollout/sync_model_from_actor,114,113,5.264950275421143,1789534565.1185615
time/rollout/sync_model_from_actor,115,114,9.875727653503418,1789535498.1460516
time/rollout/predict,1,0,8.052586555480957,1789452513.716177
time/rollout/predict,2,1,7.138792037963867,1789453181.7683418
time/rollout/predict,3,2,7.442018508911133,1789453885.2917328
time/rollout/predict,4,3,7.311102390289307,1789454567.9449694
time/rollout/predict,5,4,9.050907135009766,1789455534.1093507
time/rollout/predict,6,5,7.3101983070373535,1789456278.511491
time/rollout/predict,7,6,7.339597702026367,1789457002.373513
time/rollout/predict,8,7,7.265857696533203,1789457628.2935867
time/rollout/predict,9,8,7.238091468811035,1789458295.2892718
time/rollout/predict,10,9,9.060592651367188,1789459334.4425879
time/rollout/predict,11,10,7.521137714385986,1789460058.1950827
time/rollout/predict,12,11,7.37148904800415,1789460782.5407085
time/rollout/predict,13,12,7.251765251159668,1789461449.9360306
time/rollout/predict,14,13,7.087789535522461,1789462112.1403675
time/rollout/predict,15,14,8.98898983001709,1789463111.8482773
time/rollout/predict,16,15,7.233426094055176,1789463778.3990316
time/rollout/predict,17,16,7.350954532623291,1789464507.6699347
time/rollout/predict,18,17,7.4300217628479,1789465199.409591
time/rollout/predict,19,18,7.1724090576171875,1789465877.9338334
time/rollout/predict,20,19,8.973522186279297,1789466942.000924
time/rollout/predict,21,20,7.300617218017578,1789467675.9506207
time/rollout/predict,22,21,7.500979900360107,1789468449.8546774
time/rollout/predict,23,22,7.192678451538086,1789469122.513405
time/rollout/predict,24,23,7.3872857093811035,1789469849.5458376
time/rollout/predict,25,24,9.007586479187012,1789470818.6179156
time/rollout/predict,26,25,7.3873982429504395,1789471527.839363
time/rollout/predict,27,26,7.407918453216553,1789472244.9553597
time/rollout/predict,28,27,7.353506088256836,1789472933.4427125
time/rollout/predict,29,28,7.1951823234558105,1789473579.3946629
time/rollout/predict,30,29,8.847830772399902,1789474608.008499
time/rollout/predict,31,30,7.159300804138184,1789475311.9779322
time/rollout/predict,32,31,7.309370517730713,1789476051.437587
time/rollout/predict,33,32,7.247472286224365,1789476700.6150522
time/rollout/predict,34,33,7.176024436950684,1789477337.289674
time/rollout/predict,35,34,8.893889427185059,1789478300.4034073
time/rollout/predict,36,35,7.168855667114258,1789478939.4849675
time/rollout/predict,37,36,7.276761531829834,1789479586.8833365
time/rollout/predict,38,37,7.2145185470581055,1789480268.552816
time/rollout/predict,39,38,7.2742719650268555,1789480933.142445
time/rollout/predict,40,39,8.690713882446289,1789481951.279994
time/rollout/predict,41,40,7.205489635467529,1789482609.7335446
time/rollout/predict,42,41,7.209832668304443,1789483325.634666
time/rollout/predict,43,42,7.163905143737793,1789484004.8487241
time/rollout/predict,44,43,7.087498664855957,1789484671.99861
time/rollout/predict,45,44,9.168802261352539,1789485658.1405613
time/rollout/predict,46,45,7.483450889587402,1789486365.742416
time/rollout/predict,47,46,7.494258403778076,1789487036.8011355
time/rollout/predict,48,47,7.200683116912842,1789487694.008923
time/rollout/predict,49,48,7.200642108917236,1789488381.421872
time/rollout/predict,50,49,8.831757545471191,1789489328.6441278
time/rollout/predict,51,50,7.192610740661621,1789490016.5800333
time/rollout/predict,52,51,7.166018009185791,1789490661.2879496
time/rollout/predict,53,52,7.081875801086426,1789491298.8929539
time/rollout/predict,54,53,7.1104936599731445,1789491944.9441898
time/rollout/predict,55,54,8.99310302734375,1789492891.546999
time/rollout/predict,56,55,7.063398361206055,1789493543.7299063
time/rollout/predict,57,56,7.269675254821777,1789494198.865603
time/rollout/predict,58,57,7.200620174407959,1789494847.8833606
time/rollout/predict,59,58,7.120208263397217,1789495488.3911035
time/rollout/predict,60,59,8.815726280212402,1789496471.9408064
time/rollout/predict,61,60,7.2725443840026855,1789497108.5493548
time/rollout/predict,62,61,7.1538519859313965,1789497742.9927359
time/rollout/predict,63,62,7.098470211029053,1789498386.8989842
time/rollout/predict,64,63,7.081669807434082,1789499017.0115454
time/rollout/predict,65,64,8.981500625610352,1789500008.629313
time/rollout/predict,66,65,7.1385908126831055,1789500674.5102475
time/rollout/predict,67,66,7.0218119621276855,1789501332.0567982
time/rollout/predict,68,67,7.1643877029418945,1789502024.030935
time/rollout/predict,69,68,7.019920825958252,1789502677.4882145
time/rollout/predict,70,69,8.84901237487793,1789503669.5385857
time/rollout/predict,71,70,7.011689186096191,1789504306.32932
time/rollout/predict,72,71,7.112159729003906,1789504952.6413612
time/rollout/predict,73,72,7.064694881439209,1789505582.590576
time/rollout/predict,74,73,7.628065586090088,1789506217.8135345
time/rollout/predict,75,74,8.877009391784668,1789507204.9467854
time/rollout/predict,76,75,7.011235237121582,1789507834.0837176
time/rollout/predict,77,76,7.145490646362305,1789508483.9497867
time/rollout/predict,78,77,7.02384614944458,1789509120.6129935
time/rollout/predict,79,78,7.17649507522583,1789509760.0406537
time/rollout/predict,80,79,8.71834659576416,1789510701.308086
time/rollout/predict,81,80,7.176491737365723,1789511364.9525192
time/rollout/predict,82,81,7.174571514129639,1789512019.1145
time/rollout/predict,83,82,7.003137588500977,1789512652.425824
time/rollout/predict,84,83,7.175436019897461,1789513284.9981954
time/rollout/predict,85,84,8.749397277832031,1789514190.5220907
time/rollout/predict,86,85,7.005589962005615,1789514826.570684
time/rollout/predict,87,86,7.021912097930908,1789515458.9784288
time/rollout/predict,88,87,7.009189128875732,1789516105.497469
time/rollout/predict,89,88,7.101995468139648,1789516756.1883836
time/rollout/predict,90,89,8.65451431274414,1789517701.4600422
time/rollout/predict,91,90,7.065266132354736,1789518333.2338634
time/rollout/predict,92,91,7.0395307540893555,1789518958.9955122
time/rollout/predict,93,92,7.014334678649902,1789519599.5406463
time/rollout/predict,94,93,7.0067925453186035,1789520239.1326818
time/rollout/predict,95,94,8.89173412322998,1789521153.4430454
time/rollout/predict,96,95,7.0657429695129395,1789521804.1355798
time/rollout/predict,97,96,7.0604567527771,1789522510.0497067
time/rollout/predict,98,97,7.062402248382568,1789523160.9551558
time/rollout/predict,99,98,7.0077056884765625,1789523799.5195966
time/rollout/predict,100,99,8.649483680725098,1789524756.7821333
time/rollout/predict,101,100,7.180285930633545,1789525428.1838894
time/rollout/predict,102,101,6.99657678604126,1789526077.4686818
time/rollout/predict,103,102,7.040730953216553,1789526738.4679518
time/rollout/predict,104,103,7.1710524559021,1789527380.560553
time/rollout/predict,105,104,8.639434814453125,1789528274.5015488
time/rollout/predict,106,105,7.0159687995910645,1789528932.5329409
time/rollout/predict,107,106,7.1298909187316895,1789529592.7918224
time/rollout/predict,108,107,7.257743835449219,1789530256.9975705
time/rollout/predict,109,108,7.124372482299805,1789530913.1782422
time/rollout/predict,110,109,8.846611022949219,1789531866.2902045
time/rollout/predict,111,110,6.993527412414551,1789532497.6505518
time/rollout/predict,112,111,7.170347213745117,1789533174.9281728
time/rollout/predict,113,112,7.027360439300537,1789533828.9865308
time/rollout/predict,114,113,7.211087703704834,1789534565.11936
time/rollout/predict,115,114,8.713932037353516,1789535498.1460655
time/rollout/generate_one_epoch,1,0,727.60009765625,1789452513.7161849
time/rollout/generate_one_epoch,2,1,643.1701049804688,1789453181.7683485
time/rollout/generate_one_epoch,3,2,675.5193481445312,1789453885.29174
time/rollout/generate_one_epoch,4,3,658.9085693359375,1789454567.9449756
time/rollout/generate_one_epoch,5,4,648.35791015625,1789455534.1093569
time/rollout/generate_one_epoch,6,5,724.153076171875,1789456278.511498
time/rollout/generate_one_epoch,7,6,700.3546752929688,1789457002.3735204
time/rollout/generate_one_epoch,8,7,602.5156860351562,1789457628.2936084
time/rollout/generate_one_epoch,9,8,644.2774047851562,1789458295.2892885
time/rollout/generate_one_epoch,10,9,693.489013671875,1789459334.4425945
time/rollout/generate_one_epoch,11,10,699.5621337890625,1789460058.1950898
time/rollout/generate_one_epoch,12,11,699.1837158203125,1789460782.5407162
time/rollout/generate_one_epoch,13,12,644.5914306640625,1789461449.9360375
time/rollout/generate_one_epoch,14,13,640.3074340820312,1789462112.1403744
time/rollout/generate_one_epoch,15,14,683.7415771484375,1789463111.8482869
time/rollout/generate_one_epoch,16,15,641.6314086914062,1789463778.3990521
time/rollout/generate_one_epoch,17,16,703.3431396484375,1789464507.6699433
time/rollout/generate_one_epoch,18,17,664.3666381835938,1789465199.4095976
time/rollout/generate_one_epoch,19,18,654.2783813476562,1789465877.9338505
time/rollout/generate_one_epoch,20,19,661.7412109375,1789466942.0009327
time/rollout/generate_one_epoch,21,20,709.5416259765625,1789467675.9506278
time/rollout/generate_one_epoch,22,21,747.3897094726562,1789468449.8546984
time/rollout/generate_one_epoch,23,22,648.1472778320312,1789469122.5134223
time/rollout/generate_one_epoch,24,23,701.4385375976562,1789469849.545854
time/rollout/generate_one_epoch,25,24,630.1021728515625,1789470818.617922
time/rollout/generate_one_epoch,26,25,685.4298706054688,1789471527.8393698
time/rollout/generate_one_epoch,27,26,691.5115966796875,1789472244.9553692
time/rollout/generate_one_epoch,28,27,661.2096557617188,1789472933.4427185
time/rollout/generate_one_epoch,29,28,622.7066040039062,1789473579.3946712
time/rollout/generate_one_epoch,30,29,679.6146240234375,1789474608.008505
time/rollout/generate_one_epoch,31,30,684.0639038085938,1789475311.9779387
time/rollout/generate_one_epoch,32,31,717.3187255859375,1789476051.4376035
time/rollout/generate_one_epoch,33,32,622.257080078125,1789476700.6150713
time/rollout/generate_one_epoch,34,33,612.6697387695312,1789477337.2896826
time/rollout/generate_one_epoch,35,34,663.8568725585938,1789478300.4034145
time/rollout/generate_one_epoch,36,35,619.659912109375,1789478939.4849746
time/rollout/generate_one_epoch,37,36,624.7553100585938,1789479586.8833435
time/rollout/generate_one_epoch,38,37,659.355224609375,1789480268.5528328
time/rollout/generate_one_epoch,39,38,638.0940551757812,1789480933.142453
time/rollout/generate_one_epoch,40,39,673.5005493164062,1789481951.2800038
time/rollout/generate_one_epoch,41,40,633.6873779296875,1789482609.7335515
time/rollout/generate_one_epoch,42,41,691.55224609375,1789483325.6346738
time/rollout/generate_one_epoch,43,42,651.6004028320312,1789484004.848731
time/rollout/generate_one_epoch,44,43,641.3074951171875,1789484671.9986165
time/rollout/generate_one_epoch,45,44,641.9089965820312,1789485658.1405737
time/rollout/generate_one_epoch,46,45,681.9911499023438,1789486365.742424
time/rollout/generate_one_epoch,47,46,642.564208984375,1789487036.8011582
time/rollout/generate_one_epoch,48,47,631.8279418945312,1789487694.00893
time/rollout/generate_one_epoch,49,48,661.585205078125,1789488381.4218934
time/rollout/generate_one_epoch,50,49,615.23583984375,1789489328.6441338
time/rollout/generate_one_epoch,51,50,668.2739868164062,1789490016.58005
time/rollout/generate_one_epoch,52,51,618.1036376953125,1789490661.2879565
time/rollout/generate_one_epoch,53,52,613.7344970703125,1789491298.892962
time/rollout/generate_one_epoch,54,53,619.7403564453125,1789491944.944198
time/rollout/generate_one_epoch,55,54,621.4907836914062,1789492891.5470054
time/rollout/generate_one_epoch,56,55,633.1080322265625,1789493543.7299125
time/rollout/generate_one_epoch,57,56,631.0392456054688,1789494198.8656323
time/rollout/generate_one_epoch,58,57,623.0384521484375,1789494847.8833797
time/rollout/generate_one_epoch,59,58,611.1348266601562,1789495488.3911102
time/rollout/generate_one_epoch,60,59,646.2582397460938,1789496471.940814
time/rollout/generate_one_epoch,61,60,617.1144409179688,1789497108.5493612
time/rollout/generate_one_epoch,62,61,612.2280883789062,1789497742.9927435
time/rollout/generate_one_epoch,63,62,622.21923828125,1789498386.898991
time/rollout/generate_one_epoch,64,63,603.8042602539062,1789499017.0115528
time/rollout/generate_one_epoch,65,64,648.7628173828125,1789500008.629322
time/rollout/generate_one_epoch,66,65,641.2072143554688,1789500674.510255
time/rollout/generate_one_epoch,67,66,635.6373901367188,1789501332.056817
time/rollout/generate_one_epoch,68,67,666.0560302734375,1789502024.030959
time/rollout/generate_one_epoch,69,68,630.3837890625,1789502677.488222
time/rollout/generate_one_epoch,70,69,630.5841674804688,1789503669.5385957
time/rollout/generate_one_epoch,71,70,617.021728515625,1789504306.3293414
time/rollout/generate_one_epoch,72,71,622.999755859375,1789504952.641368
time/rollout/generate_one_epoch,73,72,607.5343017578125,1789505582.5905828
time/rollout/generate_one_epoch,74,73,613.8311157226562,1789506217.8135412
time/rollout/generate_one_epoch,75,74,670.6008911132812,1789507204.9468007
time/rollout/generate_one_epoch,76,75,607.8153076171875,1789507834.0837245
time/rollout/generate_one_epoch,77,76,624.692138671875,1789508483.9497929
time/rollout/generate_one_epoch,78,77,610.9022827148438,1789509120.6130016
time/rollout/generate_one_epoch,79,78,616.2686767578125,1789509760.04066
time/rollout/generate_one_epoch,80,79,614.5368041992188,1789510701.3080916
time/rollout/generate_one_epoch,81,80,644.8281860351562,1789511364.9525268
time/rollout/generate_one_epoch,82,81,632.3609619140625,1789512019.1145077
time/rollout/generate_one_epoch,83,82,611.6041259765625,1789512652.4258406
time/rollout/generate_one_epoch,84,83,608.6884155273438,1789513284.9982023
time/rollout/generate_one_epoch,85,84,609.76806640625,1789514190.522098
time/rollout/generate_one_epoch,86,85,616.7294921875,1789514826.5707011
time/rollout/generate_one_epoch,87,86,610.4285888671875,1789515458.9784353
time/rollout/generate_one_epoch,88,87,624.8441162109375,1789516105.4974756
time/rollout/generate_one_epoch,89,88,629.1531372070312,1789516756.1883907
time/rollout/generate_one_epoch,90,89,617.4076538085938,1789517701.4600487
time/rollout/generate_one_epoch,91,90,611.3871459960938,1789518333.2338703
time/rollout/generate_one_epoch,92,91,602.8170166015625,1789518958.995521
time/rollout/generate_one_epoch,93,92,617.4886474609375,1789519599.540653
time/rollout/generate_one_epoch,94,93,617.8861694335938,1789520239.132689
time/rollout/generate_one_epoch,95,94,610.5560913085938,1789521153.4430518
time/rollout/generate_one_epoch,96,95,627.7677612304688,1789521804.1355877
time/rollout/generate_one_epoch,97,96,683.0089111328125,1789522510.0497339
time/rollout/generate_one_epoch,98,97,629.18603515625,1789523160.9551625
time/rollout/generate_one_epoch,99,98,616.9886474609375,1789523799.5196152
time/rollout/generate_one_epoch,100,99,623.5928955078125,1789524756.7821407
time/rollout/generate_one_epoch,101,100,653.0850219726562,1789525428.183896
time/rollout/generate_one_epoch,102,101,627.7398681640625,1789526077.4686978
time/rollout/generate_one_epoch,103,102,639.0236206054688,1789526738.4679582
time/rollout/generate_one_epoch,104,103,616.955322265625,1789527380.5605752
time/rollout/generate_one_epoch,105,104,600.8950805664062,1789528274.5015721
time/rollout/generate_one_epoch,106,105,638.7463989257812,1789528932.5329468
time/rollout/generate_one_epoch,107,106,638.5079956054688,1789529592.7918308
time/rollout/generate_one_epoch,108,107,642.4297485351562,1789530256.9975774
time/rollout/generate_one_epoch,109,108,634.15087890625,1789530913.1782591
time/rollout/generate_one_epoch,110,109,624.5889892578125,1789531866.2902107
time/rollout/generate_one_epoch,111,110,612.1103515625,1789532497.6505616
time/rollout/generate_one_epoch,112,111,656.0640869140625,1789533174.9281795
time/rollout/generate_one_epoch,113,112,632.7833862304688,1789533828.9865463
time/rollout/generate_one_epoch,114,113,714.32373046875,1789534565.1193705
time/rollout/generate_one_epoch,115,114,631.2027587890625,1789535498.1460793
time/rollout/rollout/generate,1,0,735.6249389648438,1789452513.7161915
time/rollout/rollout/generate,2,1,648.11279296875,1789453181.7683547
time/rollout/rollout/generate,3,2,683.2947998046875,1789453885.2917461
time/rollout/rollout/generate,4,3,664.2304077148438,1789454567.9449813
time/rollout/rollout/generate,5,4,653.4805908203125,1789455534.1093626
time/rollout/rollout/generate,6,5,729.95068359375,1789456278.5115037
time/rollout/rollout/generate,7,6,706.416259765625,1789457002.3735273
time/rollout/rollout/generate,8,7,607.2427978515625,1789457628.293618
time/rollout/rollout/generate,9,8,648.8597412109375,1789458295.2892973
time/rollout/rollout/generate,10,9,697.7899169921875,1789459334.4426012
time/rollout/rollout/generate,11,10,707.3280029296875,1789460058.195096
time/rollout/rollout/generate,12,11,705.4006958007812,1789460782.5407226
time/rollout/rollout/generate,13,12,649.3533325195312,1789461449.936044
time/rollout/rollout/generate,14,13,644.7242431640625,1789462112.1403804
time/rollout/rollout/generate,15,14,688.8818969726562,1789463111.8482962
time/rollout/rollout/generate,16,15,649.9962158203125,1789463778.3990617
time/rollout/rollout/generate,17,16,710.5234985351562,1789464507.6699498
time/rollout/rollout/generate,18,17,671.1859130859375,1789465199.409603
time/rollout/rollout/generate,19,18,659.8385009765625,1789465877.9338596
time/rollout/rollout/generate,20,19,668.0366821289062,1789466942.0009406
time/rollout/rollout/generate,21,20,717.5391845703125,1789467675.9506342
time/rollout/rollout/generate,22,21,753.9613037109375,1789468449.8547087
time/rollout/rollout/generate,23,22,652.7562255859375,1789469122.513431
time/rollout/rollout/generate,24,23,708.0383911132812,1789469849.5458627
time/rollout/rollout/generate,25,24,636.4453735351562,1789470818.6179285
time/rollout/rollout/generate,26,25,693.4495849609375,1789471527.8393762
time/rollout/rollout/generate,27,26,696.7843627929688,1789472244.9553761
time/rollout/rollout/generate,28,27,667.8919677734375,1789472933.4427252
time/rollout/rollout/generate,29,28,628.1741333007812,1789473579.3946786
time/rollout/rollout/generate,30,29,683.9230346679688,1789474608.0085108
time/rollout/rollout/generate,31,30,689.85009765625,1789475311.9779453
time/rollout/rollout/generate,32,31,721.9786376953125,1789476051.4376118
time/rollout/rollout/generate,33,32,628.875,1789476700.6150866
time/rollout/rollout/generate,34,33,616.969482421875,1789477337.289689
time/rollout/rollout/generate,35,34,668.3120727539062,1789478300.4034214
time/rollout/rollout/generate,36,35,624.6841430664062,1789478939.4849818
time/rollout/rollout/generate,37,36,629.7845458984375,1789479586.8833497
time/rollout/rollout/generate,38,37,663.72705078125,1789480268.5528414
time/rollout/rollout/generate,39,38,644.8240356445312,1789480933.1424592
time/rollout/rollout/generate,40,39,678.6910400390625,1789481951.2800133
time/rollout/rollout/generate,41,40,641.8665161132812,1789482609.7335584
time/rollout/rollout/generate,42,41,696.2271118164062,1789483325.6346798
time/rollout/rollout/generate,43,42,658.45166015625,1789484004.8487372
time/rollout/rollout/generate,44,43,647.7335205078125,1789484671.9986224
time/rollout/rollout/generate,45,44,648.11474609375,1789485658.140585
time/rollout/rollout/generate,46,45,691.8571166992188,1789486365.7424302
time/rollout/rollout/generate,47,46,650.2197265625,1789487036.801168
time/rollout/rollout/generate,48,47,638.1388549804688,1789487694.0089364
time/rollout/rollout/generate,49,48,668.06884765625,1789488381.421903
time/rollout/rollout/generate,50,49,620.55126953125,1789489328.6441395
time/rollout/rollout/generate,51,50,673.9755859375,1789490016.5800583
time/rollout/rollout/generate,52,51,624.6279907226562,1789490661.2879627
time/rollout/rollout/generate,53,52,618.3160400390625,1789491298.8929682
time/rollout/rollout/generate,54,53,626.9226684570312,1789491944.9442046
time/rollout/rollout/generate,55,54,627.2496337890625,1789492891.5470114
time/rollout/rollout/generate,56,55,637.9877319335938,1789493543.7299192
time/rollout/rollout/generate,57,56,637.4180297851562,1789494198.865648
time/rollout/rollout/generate,58,57,629.5798950195312,1789494847.8833976
time/rollout/rollout/generate,59,58,619.4783325195312,1789495488.3911166
time/rollout/rollout/generate,60,59,653.37744140625,1789496471.9408216
time/rollout/rollout/generate,61,60,622.6777954101562,1789497108.5493677
time/rollout/rollout/generate,62,61,616.8737182617188,1789497742.9927495
time/rollout/rollout/generate,63,62,626.5817260742188,1789498386.898997
time/rollout/rollout/generate,64,63,610.62548828125,1789499017.0115592
time/rollout/rollout/generate,65,64,653.740234375,1789500008.6293294
time/rollout/rollout/generate,66,65,649.2106323242188,1789500674.510261
time/rollout/rollout/generate,67,66,639.9057006835938,1789501332.056829
time/rollout/rollout/generate,68,67,672.5076293945312,1789502024.0309694
time/rollout/rollout/generate,69,68,635.1253662109375,1789502677.4882283
time/rollout/rollout/generate,70,69,636.835693359375,1789503669.5386045
time/rollout/rollout/generate,71,70,622.4391479492188,1789504306.3293517
time/rollout/rollout/generate,72,71,627.76513671875,1789504952.641374
time/rollout/rollout/generate,73,72,612.9574584960938,1789505582.590589
time/rollout/rollout/generate,74,73,618.126220703125,1789506217.813547
time/rollout/rollout/generate,75,74,676.7011108398438,1789507204.9468157
time/rollout/rollout/generate,76,75,614.7402954101562,1789507834.0837305
time/rollout/rollout/generate,77,76,631.1319580078125,1789508483.9497986
time/rollout/rollout/generate,78,77,617.3895874023438,1789509120.6130078
time/rollout/rollout/generate,79,78,620.9055786132812,1789509760.040666
time/rollout/rollout/generate,80,79,618.8291625976562,1789510701.3080978
time/rollout/rollout/generate,81,80,649.9281616210938,1789511364.9525325
time/rollout/rollout/generate,82,81,636.7872924804688,1789512019.1145144
time/rollout/rollout/generate,83,82,616.0384521484375,1789512652.4258497
time/rollout/rollout/generate,84,83,615.0198364257812,1789513284.998209
time/rollout/rollout/generate,85,84,614.2630004882812,1789514190.5221047
time/rollout/rollout/generate,86,85,621.3924560546875,1789514826.57071
time/rollout/rollout/generate,87,86,614.8927001953125,1789515458.9784412
time/rollout/rollout/generate,88,87,629.337646484375,1789516105.497481
time/rollout/rollout/generate,89,88,633.495849609375,1789516756.1883967
time/rollout/rollout/generate,90,89,621.8717041015625,1789517701.4600549
time/rollout/rollout/generate,91,90,617.96875,1789518333.2338767
time/rollout/rollout/generate,92,91,608.1923828125,1789518958.995528
time/rollout/rollout/generate,93,92,622.9285278320312,1789519599.5406594
time/rollout/rollout/generate,94,93,622.43701171875,1789520239.132695
time/rollout/rollout/generate,95,94,614.9354248046875,1789521153.4430573
time/rollout/rollout/generate,96,95,634.4657592773438,1789521804.1355941
time/rollout/rollout/generate,97,96,687.7846069335938,1789522510.0497484
time/rollout/rollout/generate,98,97,633.686767578125,1789523160.9551685
time/rollout/rollout/generate,99,98,621.4813232421875,1789523799.519625
time/rollout/rollout/generate,100,99,627.9774780273438,1789524756.782148
time/rollout/rollout/generate,101,100,657.5344848632812,1789525428.183902
time/rollout/rollout/generate,102,101,632.3836059570312,1789526077.4687066
time/rollout/rollout/generate,103,102,643.7855834960938,1789526738.467964
time/rollout/rollout/generate,104,103,623.8279418945312,1789527380.5605857
time/rollout/rollout/generate,105,104,605.849365234375,1789528274.501593
time/rollout/rollout/generate,106,105,643.7095947265625,1789528932.5329528
time/rollout/rollout/generate,107,106,642.89501953125,1789529592.7918375
time/rollout/rollout/generate,108,107,646.8565673828125,1789530256.9975839
time/rollout/rollout/generate,109,108,638.7590942382812,1789530913.178268
time/rollout/rollout/generate,110,109,629.0074462890625,1789531866.2902164
time/rollout/rollout/generate,111,110,617.3168334960938,1789532497.6505704
time/rollout/rollout/generate,112,111,660.131103515625,1789533174.9281855
time/rollout/rollout/generate,113,112,636.88623046875,1789533828.9865577
time/rollout/rollout/generate,114,113,718.6311645507812,1789534565.119379
time/rollout/rollout/generate,115,114,635.5537109375,1789535498.1460922
time/actor/actor/sync_model_to_rollout,1,0,19.01026725769043,1789452513.7161977
time/actor/actor/sync_model_to_rollout,2,1,2.9655768871307373,1789453181.7683604
time/actor/actor/sync_model_to_rollout,3,2,2.479085922241211,1789453885.291752
time/actor/actor/sync_model_to_rollout,4,3,2.735269069671631,1789454567.9449873
time/actor/actor/sync_model_to_rollout,5,4,5.080667972564697,1789455534.1093745
time/actor/actor/sync_model_to_rollout,6,5,2.045647621154785,1789456278.5115097
time/actor/actor/sync_model_to_rollout,7,6,2.419152021408081,1789457002.3735332
time/actor/actor/sync_model_to_rollout,8,7,2.2191696166992188,1789457628.2936254
time/actor/actor/sync_model_to_rollout,9,8,2.7306768894195557,1789458295.289305
time/actor/actor/sync_model_to_rollout,10,9,5.293284893035889,1789459334.4426138
time/actor/actor/sync_model_to_rollout,11,10,1.7378056049346924,1789460058.1951025
time/actor/actor/sync_model_to_rollout,12,11,2.9694976806640625,1789460782.5407286
time/actor/actor/sync_model_to_rollout,13,12,2.3933351039886475,1789461449.93605
time/actor/actor/sync_model_to_rollout,14,13,2.55297589302063,1789462112.140386
time/actor/actor/sync_model_to_rollout,15,14,5.229997158050537,1789463111.8483145
time/actor/actor/sync_model_to_rollout,16,15,1.9321669340133667,1789463778.3990698
time/actor/actor/sync_model_to_rollout,17,16,2.843191146850586,1789464507.6699567
time/actor/actor/sync_model_to_rollout,18,17,2.7518253326416016,1789465199.4096088
time/actor/actor/sync_model_to_rollout,19,18,3.065711736679077,1789465877.9338665
time/actor/actor/sync_model_to_rollout,20,19,5.024281978607178,1789466942.000956
time/actor/actor/sync_model_to_rollout,21,20,1.9777729511260986,1789467675.9506407
time/actor/actor/sync_model_to_rollout,22,21,2.4011738300323486,1789468449.8547163
time/actor/actor/sync_model_to_rollout,23,22,2.9542171955108643,1789469122.5134382
time/actor/actor/sync_model_to_rollout,24,23,2.386622190475464,1789469849.5458696
time/actor/actor/sync_model_to_rollout,25,24,5.2018256187438965,1789470818.6179416
time/actor/actor/sync_model_to_rollout,26,25,1.8953510522842407,1789471527.839382
time/actor/actor/sync_model_to_rollout,27,26,2.8517112731933594,1789472244.9553828
time/actor/actor/sync_model_to_rollout,28,27,3.0923120975494385,1789472933.4427314
time/actor/actor/sync_model_to_rollout,29,28,2.389971971511841,1789473579.3946865
time/actor/actor/sync_model_to_rollout,30,29,4.803226947784424,1789474608.008523
time/actor/actor/sync_model_to_rollout,31,30,1.676390290260315,1789475311.9779513
time/actor/actor/sync_model_to_rollout,32,31,2.423496961593628,1789476051.4376194
time/actor/actor/sync_model_to_rollout,33,32,2.178459405899048,1789476700.6151023
time/actor/actor/sync_model_to_rollout,34,33,2.88912296295166,1789477337.2896955
time/actor/actor/sync_model_to_rollout,35,34,5.019499778747559,1789478300.4034355
time/actor/actor/sync_model_to_rollout,36,35,1.9332984685897827,1789478939.4849887
time/actor/actor/sync_model_to_rollout,37,36,2.2584877014160156,1789479586.8833559
time/actor/actor/sync_model_to_rollout,38,37,2.493389368057251,1789480268.5528488
time/actor/actor/sync_model_to_rollout,39,38,2.4111459255218506,1789480933.1424663
time/actor/actor/sync_model_to_rollout,40,39,5.122777938842773,1789481951.2800333
time/actor/actor/sync_model_to_rollout,41,40,1.7489120960235596,1789482609.7335649
time/actor/actor/sync_model_to_rollout,42,41,2.7573623657226562,1789483325.6346867
time/actor/actor/sync_model_to_rollout,43,42,2.7568960189819336,1789484004.8487432
time/actor/actor/sync_model_to_rollout,44,43,2.7910830974578857,1789484671.9986284
time/actor/actor/sync_model_to_rollout,45,44,5.133847713470459,1789485658.1406069
time/actor/actor/sync_model_to_rollout,46,45,2.245253562927246,1789486365.7424374
time/actor/actor/sync_model_to_rollout,47,46,2.8134682178497314,1789487036.8011763
time/actor/actor/sync_model_to_rollout,48,47,2.761455774307251,1789487694.0089428
time/actor/actor/sync_model_to_rollout,49,48,2.2640814781188965,1789488381.42191
time/actor/actor/sync_model_to_rollout,50,49,5.4742631912231445,1789489328.6441512
time/actor/actor/sync_model_to_rollout,51,50,1.6767462491989136,1789490016.5800657
time/actor/actor/sync_model_to_rollout,52,51,2.3945839405059814,1789490661.2879694
time/actor/actor/sync_model_to_rollout,53,52,2.7981929779052734,1789491298.8929746
time/actor/actor/sync_model_to_rollout,54,53,2.4034032821655273,1789491944.9442117
time/actor/actor/sync_model_to_rollout,55,54,5.066324234008789,1789492891.5470233
time/actor/actor/sync_model_to_rollout,56,55,1.9306485652923584,1789493543.7299256
time/actor/actor/sync_model_to_rollout,57,56,2.385969400405884,1789494198.8656607
time/actor/actor/sync_model_to_rollout,58,57,2.3930232524871826,1789494847.8834138
time/actor/actor/sync_model_to_rollout,59,58,2.7192718982696533,1789495488.391123
time/actor/actor/sync_model_to_rollout,60,59,5.590832233428955,1789496471.9408374
time/actor/actor/sync_model_to_rollout,61,60,1.658093810081482,1789497108.549374
time/actor/actor/sync_model_to_rollout,62,61,2.288362741470337,1789497742.992757
time/actor/actor/sync_model_to_rollout,63,62,2.2628297805786133,1789498386.899003
time/actor/actor/sync_model_to_rollout,64,63,2.1154327392578125,1789499017.0115657
time/actor/actor/sync_model_to_rollout,65,64,5.075856685638428,1789500008.6293485
time/actor/actor/sync_model_to_rollout,66,65,1.9588693380355835,1789500674.5102687
time/actor/actor/sync_model_to_rollout,67,66,2.5123767852783203,1789501332.0568397
time/actor/actor/sync_model_to_rollout,68,67,2.30017352104187,1789502024.030978
time/actor/actor/sync_model_to_rollout,69,68,2.9764316082000732,1789502677.4882421
time/actor/actor/sync_model_to_rollout,70,69,4.95654296875,1789503669.5386224
time/actor/actor/sync_model_to_rollout,71,70,1.8547604084014893,1789504306.3293605
time/actor/actor/sync_model_to_rollout,72,71,2.8148181438446045,1789504952.64138
time/actor/actor/sync_model_to_rollout,73,72,2.2567672729492188,1789505582.5905945
time/actor/actor/sync_model_to_rollout,74,73,2.147197723388672,1789506217.8135529
time/actor/actor/sync_model_to_rollout,75,74,4.707221984863281,1789507204.9468427
time/actor/actor/sync_model_to_rollout,76,75,2.2430481910705566,1789507834.0837371
time/actor/actor/sync_model_to_rollout,77,76,2.4116885662078857,1789508483.9498043
time/actor/actor/sync_model_to_rollout,78,77,2.3608345985412598,1789509120.6130147
time/actor/actor/sync_model_to_rollout,79,78,2.7583694458007812,1789509760.040673
time/actor/actor/sync_model_to_rollout,80,79,4.573166370391846,1789510701.3081098
time/actor/actor/sync_model_to_rollout,81,80,1.650193691253662,1789511364.9525387
time/actor/actor/sync_model_to_rollout,82,81,2.3586783409118652,1789512019.1145217
time/actor/actor/sync_model_to_rollout,83,82,2.234736442565918,1789512652.425857
time/actor/actor/sync_model_to_rollout,84,83,2.3166756629943848,1789513284.9982157
time/actor/actor/sync_model_to_rollout,85,84,4.519019603729248,1789514190.522117
time/actor/actor/sync_model_to_rollout,86,85,1.8830596208572388,1789514826.5707178
time/actor/actor/sync_model_to_rollout,87,86,2.344259738922119,1789515458.978447
time/actor/actor/sync_model_to_rollout,88,87,2.2248058319091797,1789516105.4974873
time/actor/actor/sync_model_to_rollout,89,88,2.2570245265960693,1789516756.188403
time/actor/actor/sync_model_to_rollout,90,89,4.583587646484375,1789517701.4600668
time/actor/actor/sync_model_to_rollout,91,90,1.6480106115341187,1789518333.2338831
time/actor/actor/sync_model_to_rollout,92,91,2.3176939487457275,1789518958.9955351
time/actor/actor/sync_model_to_rollout,93,92,2.183263063430786,1789519599.5406659
time/actor/actor/sync_model_to_rollout,94,93,2.363233804702759,1789520239.1327014
time/actor/actor/sync_model_to_rollout,95,94,4.400530815124512,1789521153.4430707
time/actor/actor/sync_model_to_rollout,96,95,1.9476433992385864,1789521804.1356008
time/actor/actor/sync_model_to_rollout,97,96,2.7611496448516846,1789522510.0497608
time/actor/actor/sync_model_to_rollout,98,97,2.301468849182129,1789523160.9551742
time/actor/actor/sync_model_to_rollout,99,98,2.1532392501831055,1789523799.519634
time/actor/actor/sync_model_to_rollout,100,99,4.657110691070557,1789524756.7821617
time/actor/actor/sync_model_to_rollout,101,100,1.6409803628921509,1789525428.1839085
time/actor/actor/sync_model_to_rollout,102,101,2.156724452972412,1789526077.4687135
time/actor/actor/sync_model_to_rollout,103,102,2.316254138946533,1789526738.4679706
time/actor/actor/sync_model_to_rollout,104,103,2.3558809757232666,1789527380.5605943
time/actor/actor/sync_model_to_rollout,105,104,4.825743675231934,1789528274.5016336
time/actor/actor/sync_model_to_rollout,106,105,2.04464054107666,1789528932.532959
time/actor/actor/sync_model_to_rollout,107,106,2.240111827850342,1789529592.7918444
time/actor/actor/sync_model_to_rollout,108,107,2.359203338623047,1789530256.9975898
time/actor/actor/sync_model_to_rollout,109,108,2.1962180137634277,1789530913.1782753
time/actor/actor/sync_model_to_rollout,110,109,4.416186809539795,1789531866.2902281
time/actor/actor/sync_model_to_rollout,111,110,1.7362583875656128,1789532497.6505797
time/actor/actor/sync_model_to_rollout,112,111,2.192800283432007,1789533174.9281917
time/actor/actor/sync_model_to_rollout,113,112,2.2913801670074463,1789533828.9865677
time/actor/actor/sync_model_to_rollout,114,113,2.327766180038452,1789534565.119387
time/actor/actor/sync_model_to_rollout,115,114,4.62383508682251,1789535498.1461213
time/actor/actor/recv_traj,1,0,731.4819946289062,1789452513.7162035
time/actor/actor/recv_traj,2,1,645.7284545898438,1789453181.7683666
time/actor/actor/recv_traj,3,2,679.3547973632812,1789453885.2917607
time/actor/actor/recv_traj,4,3,661.6561889648438,1789454567.9449928
time/actor/actor/recv_traj,5,4,650.9247436523438,1789455534.1093807
time/actor/actor/recv_traj,6,5,727.531005859375,1789456278.5115159
time/actor/actor/recv_traj,7,6,703.205078125,1789457002.3735392
time/actor/actor/recv_traj,8,7,604.5435791015625,1789457628.2936325
time/actor/actor/recv_traj,9,8,646.4461669921875,1789458295.2893114
time/actor/actor/recv_traj,10,9,695.3687133789062,1789459334.4426198
time/actor/actor/recv_traj,11,10,703.415771484375,1789460058.1951096
time/actor/actor/recv_traj,12,11,703.0062866210938,1789460782.540735
time/actor/actor/recv_traj,13,12,646.9075317382812,1789461449.9360564
time/actor/actor/recv_traj,14,13,642.41943359375,1789462112.1403916
time/actor/actor/recv_traj,15,14,686.1691284179688,1789463111.8483248
time/actor/actor/recv_traj,16,15,646.3607788085938,1789463778.3990767
time/actor/actor/recv_traj,17,16,707.3455810546875,1789464507.6699624
time/actor/actor/recv_traj,18,17,667.2420043945312,1789465199.409615
time/actor/actor/recv_traj,19,18,657.4988403320312,1789465877.9338734
time/actor/actor/recv_traj,20,19,664.1082763671875,1789466942.0009646
time/actor/actor/recv_traj,21,20,713.4291381835938,1789467675.950647
time/actor/actor/recv_traj,22,21,750.0615234375,1789468449.8547227
time/actor/actor/recv_traj,23,22,650.38720703125,1789469122.5134447
time/actor/actor/recv_traj,24,23,704.2301025390625,1789469849.5458758
time/actor/actor/recv_traj,25,24,632.6036987304688,1789470818.617947
time/actor/actor/recv_traj,26,25,689.44873046875,1789471527.839388
time/actor/actor/recv_traj,27,26,693.9924926757812,1789472244.9553893
time/actor/actor/recv_traj,28,27,664.031982421875,1789472933.4427373
time/actor/actor/recv_traj,29,28,625.8342895507812,1789473579.3946939
time/actor/actor/recv_traj,30,29,681.4915161132812,1789474608.008529
time/actor/actor/recv_traj,31,30,687.7050170898438,1789475311.977958
time/actor/actor/recv_traj,32,31,719.6611938476562,1789476051.4376261
time/actor/actor/recv_traj,33,32,624.7825317382812,1789476700.6151183
time/actor/actor/recv_traj,34,33,614.831298828125,1789477337.2897015
time/actor/actor/recv_traj,35,34,665.9720458984375,1789478300.4034429
time/actor/actor/recv_traj,36,35,622.2923583984375,1789478939.4849951
time/actor/actor/recv_traj,37,36,627.4360961914062,1789479586.8833618
time/actor/actor/recv_traj,38,37,661.3734741210938,1789480268.5528557
time/actor/actor/recv_traj,39,38,641.0924682617188,1789480933.1424727
time/actor/actor/recv_traj,40,39,676.3333129882812,1789481951.2800422
time/actor/actor/recv_traj,41,40,637.9982299804688,1789482609.7335718
time/actor/actor/recv_traj,42,41,693.7882080078125,1789483325.6346931
time/actor/actor/recv_traj,43,42,654.47119140625,1789484004.8487487
time/actor/actor/recv_traj,44,43,645.5039672851562,1789484671.998634
time/actor/actor/recv_traj,45,44,644.7981567382812,1789485658.1406186
time/actor/actor/recv_traj,46,45,688.0540161132812,1789486365.7424448
time/actor/actor/recv_traj,47,46,646.4219360351562,1789487036.801184
time/actor/actor/recv_traj,48,47,635.7245483398438,1789487694.0089488
time/actor/actor/recv_traj,49,48,664.1389770507812,1789488381.4219172
time/actor/actor/recv_traj,50,49,617.8480224609375,1789489328.6441574
time/actor/actor/recv_traj,51,50,671.6434936523438,1789490016.5800724
time/actor/actor/recv_traj,52,51,620.8180541992188,1789490661.287976
time/actor/actor/recv_traj,53,52,616.0046997070312,1789491298.892981
time/actor/actor/recv_traj,54,53,622.9773559570312,1789491944.9442184
time/actor/actor/recv_traj,55,54,624.9607543945312,1789492891.5470293
time/actor/actor/recv_traj,56,55,635.7350463867188,1789493543.7299318
time/actor/actor/recv_traj,57,56,633.5946655273438,1789494198.865672
time/actor/actor/recv_traj,58,57,625.8972778320312,1789494847.8834312
time/actor/actor/recv_traj,59,58,615.6471557617188,1789495488.3911293
time/actor/actor/recv_traj,60,59,650.9937133789062,1789496471.940845
time/actor/actor/recv_traj,61,60,620.4239501953125,1789497108.54938
time/actor/actor/recv_traj,62,61,614.6707763671875,1789497742.992763
time/actor/actor/recv_traj,63,62,624.2810668945312,1789498386.899009
time/actor/actor/recv_traj,64,63,606.7926025390625,1789499017.0115721
time/actor/actor/recv_traj,65,64,651.4140014648438,1789500008.6293561
time/actor/actor/recv_traj,66,65,645.481689453125,1789500674.5102746
time/actor/actor/recv_traj,67,66,637.6634521484375,1789501332.0568485
time/actor/actor/recv_traj,68,67,668.6481323242188,1789502024.0309858
time/actor/actor/recv_traj,69,68,632.872314453125,1789502677.4882503
time/actor/actor/recv_traj,70,69,633.1072387695312,1789503669.5386317
time/actor/actor/recv_traj,71,70,620.1962890625,1789504306.3293674
time/actor/actor/recv_traj,72,71,625.4369506835938,1789504952.641386
time/actor/actor/recv_traj,73,72,609.833984375,1789505582.590601
time/actor/actor/recv_traj,74,73,615.808349609375,1789506217.813559
time/actor/actor/recv_traj,75,74,673.2659301757812,1789507204.9468558
time/actor/actor/recv_traj,76,75,612.7705078125,1789507834.0837436
time/actor/actor/recv_traj,77,76,627.3828735351562,1789508483.94981
time/actor/actor/recv_traj,78,77,613.6752319335938,1789509120.6130211
time/actor/actor/recv_traj,79,78,618.6762084960938,1789509760.0406792
time/actor/actor/recv_traj,80,79,616.6255493164062,1789510701.3081152
time/actor/actor/recv_traj,81,80,647.659423828125,1789511364.9525445
time/actor/actor/recv_traj,82,81,634.4541015625,1789512019.1145284
time/actor/actor/recv_traj,83,82,613.8160400390625,1789512652.425864
time/actor/actor/recv_traj,84,83,611.3051147460938,1789513284.9982219
time/actor/actor/recv_traj,85,84,612.007568359375,1789514190.522123
time/actor/actor/recv_traj,86,85,619.4684448242188,1789514826.5707242
time/actor/actor/recv_traj,87,86,612.6909790039062,1789515458.9784532
time/actor/actor/recv_traj,88,87,627.0851440429688,1789516105.497493
time/actor/actor/recv_traj,89,88,631.1975708007812,1789516756.1884089
time/actor/actor/recv_traj,90,89,619.7232055664062,1789517701.4600725
time/actor/actor/recv_traj,91,90,615.0383911132812,1789518333.233889
time/actor/actor/recv_traj,92,91,605.0814819335938,1789518958.9955428
time/actor/actor/recv_traj,93,92,619.8236083984375,1789519599.5406716
time/actor/actor/recv_traj,94,93,620.1942749023438,1789520239.1327078
time/actor/actor/recv_traj,95,94,612.7659301757812,1789521153.4430761
time/actor/actor/recv_traj,96,95,631.2457885742188,1789521804.1356072
time/actor/actor/recv_traj,97,96,685.7389526367188,1789522510.0497715
time/actor/actor/recv_traj,98,97,631.4838256835938,1789523160.9551806
time/actor/actor/recv_traj,99,98,619.380859375,1789523799.5196414
time/actor/actor/recv_traj,100,99,625.8062133789062,1789524756.7821684
time/actor/actor/recv_traj,101,100,655.4102172851562,1789525428.183914
time/actor/actor/recv_traj,102,101,630.0626831054688,1789526077.46872
time/actor/actor/recv_traj,103,102,641.5579223632812,1789526738.467977
time/actor/actor/recv_traj,104,103,620.3504028320312,1789527380.5606022
time/actor/actor/recv_traj,105,104,603.5829467773438,1789528274.5016534
time/actor/actor/recv_traj,106,105,641.844970703125,1789528932.532965
time/actor/actor/recv_traj,107,106,640.7019653320312,1789529592.791851
time/actor/actor/recv_traj,108,107,644.6788940429688,1789530256.9975955
time/actor/actor/recv_traj,109,108,636.5880126953125,1789530913.1782825
time/actor/actor/recv_traj,110,109,626.8637084960938,1789531866.2902336
time/actor/actor/recv_traj,111,110,615.193603515625,1789532497.650589
time/actor/actor/recv_traj,112,111,658.1450805664062,1789533174.9281976
time/actor/actor/recv_traj,113,112,634.7943725585938,1789533828.9865775
time/actor/actor/recv_traj,114,113,716.5440673828125,1789534565.1193945
time/actor/actor/recv_traj,115,114,633.4569091796875,1789535498.1461344
time/actor/actor/compute_adv,1,0,0.03996187821030617,1789452513.7162097
time/actor/actor/compute_adv,2,1,0.006049750838428736,1789453181.7683723
time/actor/actor/compute_adv,3,2,0.005955764092504978,1789453885.2917671
time/actor/actor/compute_adv,4,3,0.0054250541143119335,1789454567.9449987
time/actor/actor/compute_adv,5,4,0.005220298655331135,1789455534.1093864
time/actor/actor/compute_adv,6,5,0.0068906149826943874,1789456278.5115218
time/actor/actor/compute_adv,7,6,0.006250668782740831,1789457002.3735452
time/actor/actor/compute_adv,8,7,0.005730297416448593,1789457628.2936394
time/actor/actor/compute_adv,9,8,0.005659942980855703,1789458295.2893174
time/actor/actor/compute_adv,10,9,0.006922634784132242,1789459334.4426255
time/actor/actor/compute_adv,11,10,0.006860824767500162,1789460058.195116
time/actor/actor/compute_adv,12,11,0.005620385054498911,1789460782.5407412
time/actor/actor/compute_adv,13,12,0.005924405995756388,1789461449.9360626
time/actor/actor/compute_adv,14,13,0.006937285419553518,1789462112.1403975
time/actor/actor/compute_adv,15,14,0.006045948714017868,1789463111.848335
time/actor/actor/compute_adv,16,15,0.007855909876525402,1789463778.3990834
time/actor/actor/compute_adv,17,16,0.006421615369617939,1789464507.6699686
time/actor/actor/compute_adv,18,17,0.006101884879171848,1789465199.4096208
time/actor/actor/compute_adv,19,18,0.006263358984142542,1789465877.93388
time/actor/actor/compute_adv,20,19,0.006746009923517704,1789466942.0009727
time/actor/actor/compute_adv,21,20,0.00651900889351964,1789467675.9506536
time/actor/actor/compute_adv,22,21,0.007211099844425917,1789468449.8547294
time/actor/actor/compute_adv,23,22,0.005751941353082657,1789469122.5134504
time/actor/actor/compute_adv,24,23,0.006817367859184742,1789469849.5458817
time/actor/actor/compute_adv,25,24,0.008805547840893269,1789470818.6179535
time/actor/actor/compute_adv,26,25,0.005362749099731445,1789471527.8393936
time/actor/actor/compute_adv,27,26,0.007502968423068523,1789472244.955395
time/actor/actor/compute_adv,28,27,0.007698451168835163,1789472933.4427435
time/actor/actor/compute_adv,29,28,0.007117541041225195,1789473579.3947012
time/actor/actor/compute_adv,30,29,0.006448084022849798,1789474608.0085347
time/actor/actor/compute_adv,31,30,0.007622578181326389,1789475311.977964
time/actor/actor/compute_adv,32,31,0.004858006723225117,1789476051.4376326
time/actor/actor/compute_adv,33,32,0.007573997136205435,1789476700.6151335
time/actor/actor/compute_adv,34,33,0.006662221159785986,1789477337.2897074
time/actor/actor/compute_adv,35,34,0.006068896967917681,1789478300.4034495
time/actor/actor/compute_adv,36,35,0.0056531080044806,1789478939.4850016
time/actor/actor/compute_adv,37,36,0.0065948860719799995,1789479586.8833675
time/actor/actor/compute_adv,38,37,0.00698771420866251,1789480268.5528622
time/actor/actor/compute_adv,39,38,0.007281705737113953,1789480933.1424787
time/actor/actor/compute_adv,40,39,0.005443352274596691,1789481951.2800517
time/actor/actor/compute_adv,41,40,0.007998508401215076,1789482609.7335782
time/actor/actor/compute_adv,42,41,0.006321237422525883,1789483325.6346993
time/actor/actor/compute_adv,43,42,0.006708113010972738,1789484004.8487546
time/actor/actor/compute_adv,44,43,0.006317543797194958,1789484671.9986398
time/actor/actor/compute_adv,45,44,0.00744728185236454,1789485658.1406312
time/actor/actor/compute_adv,46,45,0.005979633890092373,1789486365.7424514
time/actor/actor/compute_adv,47,46,0.008363716304302216,1789487036.8011909
time/actor/actor/compute_adv,48,47,0.007178721018135548,1789487694.0089543
time/actor/actor/compute_adv,49,48,0.008487524464726448,1789488381.421924
time/actor/actor/compute_adv,50,49,0.0047001587226986885,1789489328.6441631
time/actor/actor/compute_adv,51,50,0.006783201824873686,1789490016.5800786
time/actor/actor/compute_adv,52,51,0.006754775997251272,1789490661.2879832
time/actor/actor/compute_adv,53,52,0.0071777598932385445,1789491298.8929875
time/actor/actor/compute_adv,54,53,0.008624870330095291,1789491944.9442253
time/actor/actor/compute_adv,55,54,0.0065385629422962666,1789492891.5470347
time/actor/actor/compute_adv,56,55,0.005992317106574774,1789493543.7299376
time/actor/actor/compute_adv,57,56,0.00749847199767828,1789494198.8656845
time/actor/actor/compute_adv,58,57,0.009227510541677475,1789494847.883448
time/actor/actor/compute_adv,59,58,0.01037108339369297,1789495488.391135
time/actor/actor/compute_adv,60,59,0.006085861008614302,1789496471.9408529
time/actor/actor/compute_adv,61,60,0.005839514080435038,1789497108.5493863
time/actor/actor/compute_adv,62,61,0.005695049185305834,1789497742.9927692
time/actor/actor/compute_adv,63,62,0.00573404086753726,1789498386.8990152
time/actor/actor/compute_adv,64,63,0.00894373282790184,1789499017.0115778
time/actor/actor/compute_adv,65,64,0.005783929955214262,1789500008.6293638
time/actor/actor/compute_adv,66,65,0.007148162927478552,1789500674.5102808
time/actor/actor/compute_adv,67,66,0.007334313355386257,1789501332.0568576
time/actor/actor/compute_adv,68,67,0.008043971844017506,1789502024.0309932
time/actor/actor/compute_adv,69,68,0.006986713968217373,1789502677.488256
time/actor/actor/compute_adv,70,69,0.006668546237051487,1789503669.5386405
time/actor/actor/compute_adv,71,70,0.007419269066303968,1789504306.3293738
time/actor/actor/compute_adv,72,71,0.005023397970944643,1789504952.6413922
time/actor/actor/compute_adv,73,72,0.0072791422717273235,1789505582.590607
time/actor/actor/compute_adv,74,73,0.007001489866524935,1789506217.813565
time/actor/actor/compute_adv,75,74,0.006376858334988356,1789507204.9468691
time/actor/actor/compute_adv,76,75,0.005102378781884909,1789507834.0837495
time/actor/actor/compute_adv,77,76,0.007582986727356911,1789508483.9498158
time/actor/actor/compute_adv,78,77,0.007472556084394455,1789509120.6130273
time/actor/actor/compute_adv,79,78,0.005810447037220001,1789509760.040685
time/actor/actor/compute_adv,80,79,0.0061837052926421165,1789510701.3081205
time/actor/actor/compute_adv,81,80,0.005862112622708082,1789511364.9525502
time/actor/actor/compute_adv,82,81,0.00580371730029583,1789512019.1145353
time/actor/actor/compute_adv,83,82,0.005928543861955404,1789512652.4258704
time/actor/actor/compute_adv,84,83,0.007612473797053099,1789513284.9982283
time/actor/actor/compute_adv,85,84,0.006830376107245684,1789514190.5221288
time/actor/actor/compute_adv,86,85,0.005363025702536106,1789514826.570731
time/actor/actor/compute_adv,87,86,0.006537506822496653,1789515458.978459
time/actor/actor/compute_adv,88,87,0.006284235045313835,1789516105.497499
time/actor/actor/compute_adv,89,88,0.005998118780553341,1789516756.1884146
time/actor/actor/compute_adv,90,89,0.005091243889182806,1789517701.4600778
time/actor/actor/compute_adv,91,90,0.0069655608385801315,1789518333.2338948
time/actor/actor/compute_adv,92,91,0.005071451887488365,1789518958.9955506
time/actor/actor/compute_adv,93,92,0.005060011986643076,1789519599.540677
time/actor/actor/compute_adv,94,93,0.0063738469034433365,1789520239.132714
time/actor/actor/compute_adv,95,94,0.005379281938076019,1789521153.443082
time/actor/actor/compute_adv,96,95,0.006901244167238474,1789521804.1356137
time/actor/actor/compute_adv,97,96,0.008319040760397911,1789522510.0497818
time/actor/actor/compute_adv,98,97,0.005884776823222637,1789523160.9551868
time/actor/actor/compute_adv,99,98,0.005580803845077753,1789523799.519649
time/actor/actor/compute_adv,100,99,0.005825491156429052,1789524756.782175
time/actor/actor/compute_adv,101,100,0.007544205989688635,1789525428.1839201
time/actor/actor/compute_adv,102,101,0.006091398186981678,1789526077.4687262
time/actor/actor/compute_adv,103,102,0.007698467932641506,1789526738.467983
time/actor/actor/compute_adv,104,103,0.006103143095970154,1789527380.5606093
time/actor/actor/compute_adv,105,104,0.006037608720362186,1789528274.5016732
time/actor/actor/compute_adv,106,105,0.0066693914122879505,1789528932.5329704
time/actor/actor/compute_adv,107,106,0.008133691735565662,1789529592.791858
time/actor/actor/compute_adv,108,107,0.005889554042369127,1789530256.9976013
time/actor/actor/compute_adv,109,108,0.004609833937138319,1789530913.1782887
time/actor/actor/compute_adv,110,109,0.00858278013765812,1789531866.2902389
time/actor/actor/compute_adv,111,110,0.007052361965179443,1789532497.6505978
time/actor/actor/compute_adv,112,111,0.0075239092111587524,1789533174.9282043
time/actor/actor/compute_adv,113,112,0.004958635196089745,1789533828.9865866
time/actor/actor/compute_adv,114,113,0.006161388009786606,1789534565.1194024
time/actor/actor/compute_adv,115,114,0.005797537975013256,1789535498.1461468
time/actor/run_training,1,0,14.90680980682373,1789452513.7162163
time/actor/run_training,2,1,12.151640892028809,1789453181.7683783
time/actor/run_training,3,2,14.043800354003906,1789453885.2917728
time/actor/run_training,4,3,12.162705421447754,1789454567.9450042
time/actor/run_training,5,4,12.182182312011719,1789455534.1093924
time/actor/run_training,6,5,12.310830116271973,1789456278.5115278
time/actor/run_training,7,6,12.196789741516113,1789457002.3735511
time/actor/run_training,8,7,13.767807960510254,1789457628.2936459
time/actor/run_training,9,8,12.27922248840332,1789458295.2893243
time/actor/run_training,10,9,13.337682723999023,1789459334.442631
time/actor/run_training,11,10,14.583287239074707,1789460058.1951227
time/actor/run_training,12,11,12.390310287475586,1789460782.5407472
time/actor/run_training,13,12,12.382275581359863,1789461449.936068
time/actor/run_training,14,13,12.203999519348145,1789462112.1404035
time/actor/run_training,15,14,14.17451000213623,1789463111.848344
time/actor/run_training,16,15,14.520788192749023,1789463778.3990896
time/actor/run_training,17,16,12.5603609085083,1789464507.6699748
time/actor/run_training,18,17,14.137856483459473,1789465199.409626
time/actor/run_training,19,18,12.234081268310547,1789465877.9338868
time/actor/run_training,20,19,14.54512882232666,1789466942.0009804
time/actor/run_training,21,20,14.357515335083008,1789467675.9506595
time/actor/run_training,22,21,14.28046703338623,1789468449.8547366
time/actor/run_training,23,22,12.476609230041504,1789469122.513456
time/actor/run_training,24,23,13.559357643127441,1789469849.5458875
time/actor/run_training,25,24,14.551058769226074,1789470818.6179593
time/actor/run_training,26,25,13.799012184143066,1789471527.8394
time/actor/run_training,27,26,14.181620597839355,1789472244.955401
time/actor/run_training,28,27,13.86198616027832,1789472933.4427495
time/actor/run_training,29,28,12.277451515197754,1789473579.3947082
time/actor/run_training,30,29,12.336155891418457,1789474608.0085402
time/actor/run_training,31,30,12.366043090820312,1789475311.97797
time/actor/run_training,32,31,12.245744705200195,1789476051.437639
time/actor/run_training,33,32,14.841259002685547,1789476700.6151488
time/actor/run_training,34,33,13.409526824951172,1789477337.289714
time/actor/run_training,35,34,12.291545867919922,1789478300.4034564
time/actor/run_training,36,35,12.374340057373047,1789478939.4850082
time/actor/run_training,37,36,12.316953659057617,1789479586.883373
time/actor/run_training,38,37,12.357919692993164,1789480268.5528686
time/actor/run_training,39,38,14.196487426757812,1789480933.142485
time/actor/run_training,40,39,12.287498474121094,1789481951.280061
time/actor/run_training,41,40,14.721040725708008,1789482609.7335844
time/actor/run_training,42,41,13.591169357299805,1789483325.6347058
time/actor/run_training,43,42,14.258194923400879,1789484004.8487606
time/actor/run_training,44,43,12.218093872070312,1789484671.9986458
time/actor/run_training,45,44,12.707648277282715,1789485658.1406424
time/actor/run_training,46,45,13.397796630859375,1789486365.7424574
time/actor/run_training,47,46,14.291996955871582,1789487036.8011975
time/actor/run_training,48,47,12.184803009033203,1789487694.0089607
time/actor/run_training,49,48,14.379962921142578,1789488381.4219308
time/actor/run_training,50,49,12.413899421691895,1789489328.6441693
time/actor/run_training,51,50,12.202009201049805,1789490016.5800843
time/actor/run_training,52,51,14.990778923034668,1789490661.2879896
time/actor/run_training,53,52,11.995429992675781,1789491298.8929937
time/actor/run_training,54,53,14.084126472473145,1789491944.9442313
time/actor/run_training,55,54,12.259769439697266,1789492891.5470402
time/actor/run_training,56,55,12.175370216369629,1789493543.7299433
time/actor/run_training,57,56,12.723658561706543,1789494198.8656952
time/actor/run_training,58,57,14.340415000915527,1789494847.883464
time/actor/run_training,59,58,14.179340362548828,1789495488.391141
time/actor/run_training,60,59,13.310283660888672,1789496471.9408596
time/actor/run_training,61,60,12.185644149780273,1789497108.5493922
time/actor/run_training,62,61,12.26346206665039,1789497742.9927752
time/actor/run_training,63,62,11.988175392150879,1789498386.8990211
time/actor/run_training,64,63,14.522993087768555,1789499017.011584
time/actor/run_training,65,64,12.103752136230469,1789500008.629372
time/actor/run_training,66,65,14.619560241699219,1789500674.5102882
time/actor/run_training,67,66,12.034939765930176,1789501332.056867
time/actor/run_training,68,67,14.2669677734375,1789502024.031
time/actor/run_training,69,68,12.231575012207031,1789502677.4882617
time/actor/run_training,70,69,14.43551254272461,1789503669.5386486
time/actor/run_training,71,70,12.401337623596191,1789504306.3293808
time/actor/run_training,72,71,12.199311256408691,1789504952.6413977
time/actor/run_training,73,72,11.940916061401367,1789505582.5906124
time/actor/run_training,74,73,12.211679458618164,1789506217.813571
time/actor/run_training,75,74,12.674949645996094,1789507204.9468825
time/actor/run_training,76,75,12.063565254211426,1789507834.083756
time/actor/run_training,77,76,13.458742141723633,1789508483.9498212
time/actor/run_training,78,77,14.05904769897461,1789509120.6130338
time/actor/run_training,79,78,11.91880989074707,1789509760.0406907
time/actor/run_training,80,79,12.055749893188477,1789510701.3081262
time/actor/run_training,81,80,11.99000072479248,1789511364.952556
time/actor/run_training,82,81,12.164783477783203,1789512019.114542
time/actor/run_training,83,82,12.067668914794922,1789512652.4258761
time/actor/run_training,84,83,12.397396087646484,1789513284.9982345
time/actor/run_training,85,84,12.17216968536377,1789514190.5221345
time/actor/run_training,86,85,12.681225776672363,1789514826.570741
time/actor/run_training,87,86,12.050308227539062,1789515458.9784653
time/actor/run_training,88,87,12.035210609436035,1789516105.4975045
time/actor/run_training,89,88,12.096623420715332,1789516756.1884203
time/actor/run_training,90,89,12.096684455871582,1789517701.460083
time/actor/run_training,91,90,12.054266929626465,1789518333.2339015
time/actor/run_training,92,91,12.110411643981934,1789518958.9955583
time/actor/run_training,93,92,12.049407005310059,1789519599.5406833
time/actor/run_training,94,93,12.129300117492676,1789520239.132721
time/actor/run_training,95,94,12.05799388885498,1789521153.443088
time/actor/run_training,96,95,14.1830472946167,1789521804.1356199
time/actor/run_training,97,96,12.010554313659668,1789522510.0497913
time/actor/run_training,98,97,12.086124420166016,1789523160.9551928
time/actor/run_training,99,98,12.136019706726074,1789523799.5196562
time/actor/run_training,100,99,12.139041900634766,1789524756.7821813
time/actor/run_training,101,100,12.127046585083008,1789525428.1839263
time/actor/run_training,102,101,12.074642181396484,1789526077.4687324
time/actor/run_training,103,102,12.179269790649414,1789526738.4679887
time/actor/run_training,104,103,12.821976661682129,1789527380.560616
time/actor/run_training,105,104,12.076252937316895,1789528274.5016956
time/actor/run_training,106,105,12.207221031188965,1789528932.5329769
time/actor/run_training,107,106,12.184535026550293,1789529592.791865
time/actor/run_training,108,107,12.024153709411621,1789530256.9976077
time/actor/run_training,109,108,12.454843521118164,1789530913.178295
time/actor/run_training,110,109,12.432671546936035,1789531866.2902448
time/actor/run_training,111,110,12.230509757995605,1789532497.6506069
time/actor/run_training,112,111,12.171822547912598,1789533174.9282103
time/actor/run_training,113,112,12.104857444763184,1789533828.9865956
time/actor/run_training,114,113,12.144258499145508,1789534565.1194096
time/actor/run_training,115,114,12.183700561523438,1789535498.1461604
train/actor/approx_kl,1,0,0.03279091790318489,1789452513.7162287
train/actor/approx_kl,2,1,0.04768632352352142,1789453181.7683852
train/actor/approx_kl,3,2,0.025393974035978317,1789453885.29178
train/actor/approx_kl,4,3,0.013911250978708267,1789454567.9450114
train/actor/approx_kl,5,4,0.0330447293817997,1789455534.1102195
train/actor/approx_kl,6,5,0.04823606461286545,1789456278.5115373
train/actor/approx_kl,7,6,0.013647379353642464,1789457002.373558
train/actor/approx_kl,8,7,0.016695285215973854,1789457628.2936587
train/actor/approx_kl,9,8,0.009515459649264812,1789458295.289333
train/actor/approx_kl,10,9,0.031632691621780396,1789459334.443123
train/actor/approx_kl,11,10,0.031759027391672134,1789460058.1951373
train/actor/approx_kl,12,11,0.021851221099495888,1789460782.5407557
train/actor/approx_kl,13,12,0.01174395252019167,1789461449.9360778
train/actor/approx_kl,14,13,-0.005182504188269377,1789462112.1404116
train/actor/approx_kl,15,14,0.017506277188658714,1789463111.849157
train/actor/approx_kl,16,15,0.017248384654521942,1789463778.3991003
train/actor/approx_kl,17,16,0.010426772758364677,1789464507.669985
train/actor/approx_kl,18,17,0.009775403887033463,1789465199.409633
train/actor/approx_kl,19,18,0.007411155384033918,1789465877.933895
train/actor/approx_kl,20,19,0.020275870338082314,1789466942.0014267
train/actor/approx_kl,21,20,0.01711549609899521,1789467675.9506667
train/actor/approx_kl,22,21,0.036516036838293076,1789468449.854747
train/actor/approx_kl,23,22,0.013350676745176315,1789469122.5134647
train/actor/approx_kl,24,23,0.005026374943554401,1789469849.545896
train/actor/approx_kl,25,24,0.0036013333592563868,1789470818.6181505
train/actor/approx_kl,26,25,0.0031785028986632824,1789471527.8394063
train/actor/approx_kl,27,26,0.0038339393213391304,1789472244.9554083
train/actor/approx_kl,28,27,0.016481680795550346,1789472933.4427567
train/actor/approx_kl,29,28,0.014838675037026405,1789473579.394717
train/actor/approx_kl,30,29,0.012655030936002731,1789474608.0089529
train/actor/approx_kl,31,30,0.0339481383562088,1789475311.9779768
train/actor/approx_kl,32,31,0.0013149104779586196,1789476051.4376478
train/actor/approx_kl,33,32,0.012742946855723858,1789476700.6151726
train/actor/approx_kl,34,33,0.005037391092628241,1789477337.2897255
train/actor/approx_kl,35,34,0.017079897224903107,1789478300.4041405
train/actor/approx_kl,36,35,0.01991289108991623,1789478939.485016
train/actor/approx_kl,37,36,0.0156629029661417,1789479586.8833802
train/actor/approx_kl,38,37,0.012512833811342716,1789480268.552878
train/actor/approx_kl,39,38,0.0070530204102396965,1789480933.1424966
train/actor/approx_kl,40,39,0.005003572441637516,1789481951.2803602
train/actor/approx_kl,41,40,0.00574125163257122,1789482609.7335913
train/actor/approx_kl,42,41,0.013145003467798233,1789483325.6347122
train/actor/approx_kl,43,42,0.014218440279364586,1789484004.8487678
train/actor/approx_kl,44,43,0.011874496005475521,1789484671.9986525
train/actor/approx_kl,45,44,0.012988438829779625,1789485658.141102
train/actor/approx_kl,46,45,0.023745501413941383,1789486365.742468
train/actor/approx_kl,47,46,0.0033567557111382484,1789487036.8012085
train/actor/approx_kl,48,47,0.003920555114746094,1789487694.0089679
train/actor/approx_kl,49,48,0.02618052065372467,1789488381.4219425
train/actor/approx_kl,50,49,0.01576719991862774,1789489328.6446195
train/actor/approx_kl,51,50,0.01947515271604061,1789490016.580093
train/actor/approx_kl,52,51,0.01170449610799551,1789490661.2879968
train/actor/approx_kl,53,52,0.005874288734048605,1789491298.8930006
train/actor/approx_kl,54,53,0.013541985303163528,1789491944.9442608
train/actor/approx_kl,55,54,0.03981555625796318,1789492891.5481167
train/actor/approx_kl,56,55,0.0035244342871010303,1789493543.7299497
train/actor/approx_kl,57,56,0.03208155184984207,1789494198.8657095
train/actor/approx_kl,58,57,0.011494917795062065,1789494847.883491
train/actor/approx_kl,59,58,0.02478635311126709,1789495488.391148
train/actor/approx_kl,60,59,0.003084258409217,1789496471.9413319
train/actor/approx_kl,61,60,0.004287303891032934,1789497108.549399
train/actor/approx_kl,62,61,0.03835177794098854,1789497742.9927838
train/actor/approx_kl,63,62,0.017450205981731415,1789498386.8990278
train/actor/approx_kl,64,63,0.00038760193274356425,1789499017.011591
train/actor/approx_kl,65,64,0.018975408747792244,1789500008.6295853
train/actor/approx_kl,66,65,0.029435468837618828,1789500674.5102983
train/actor/approx_kl,67,66,0.020491737872362137,1789501332.0568795
train/actor/approx_kl,68,67,0.021027730777859688,1789502024.0310123
train/actor/approx_kl,69,68,0.02817954681813717,1789502677.4882686
train/actor/approx_kl,70,69,0.00587420491501689,1789503669.5391552
train/actor/approx_kl,71,70,0.0239737406373024,1789504306.3293917
train/actor/approx_kl,72,71,0.054049134254455566,1789504952.6414044
train/actor/approx_kl,73,72,0.012911848723888397,1789505582.5906193
train/actor/approx_kl,74,73,0.021505314856767654,1789506217.8135793
train/actor/approx_kl,75,74,0.0030959199648350477,1789507204.9474218
train/actor/approx_kl,76,75,0.012130104005336761,1789507834.0837626
train/actor/approx_kl,77,76,0.010932071134448051,1789508483.9498277
train/actor/approx_kl,78,77,0.00962654035538435,1789509120.6130455
train/actor/approx_kl,79,78,0.006079043727368116,1789509760.040697
train/actor/approx_kl,80,79,0.02635306306183338,1789510701.308391
train/actor/approx_kl,81,80,0.008444644510746002,1789511364.9525635
train/actor/approx_kl,82,81,0.017034243792295456,1789512019.114552
train/actor/approx_kl,83,82,0.018524663522839546,1789512652.425885
train/actor/approx_kl,84,83,0.006211267318576574,1789513284.9982414
train/actor/approx_kl,85,84,0.012053729966282845,1789514190.5228696
train/actor/approx_kl,86,85,0.014364652335643768,1789514826.57075
train/actor/approx_kl,87,86,0.017141086980700493,1789515458.9784732
train/actor/approx_kl,88,87,0.010934092104434967,1789516105.4975107
train/actor/approx_kl,89,88,0.017244966700673103,1789516756.1884272
train/actor/approx_kl,90,89,0.01970207877457142,1789517701.460599
train/actor/approx_kl,91,90,0.03169514238834381,1789518333.2339082
train/actor/approx_kl,92,91,0.010710254311561584,1789518958.995568
train/actor/approx_kl,93,92,0.0014976346865296364,1789519599.5406897
train/actor/approx_kl,94,93,0.014940375462174416,1789520239.1327279
train/actor/approx_kl,95,94,0.027513155713677406,1789521153.4432995
train/actor/approx_kl,96,95,0.01822708547115326,1789521804.135627
train/actor/approx_kl,97,96,0.024056361988186836,1789522510.0498056
train/actor/approx_kl,98,97,0.01416849996894598,1789523160.9551997
train/actor/approx_kl,99,98,-0.003681849455460906,1789523799.5196662
train/actor/approx_kl,100,99,0.0044869412668049335,1789524756.7826755
train/actor/approx_kl,101,100,0.01726602017879486,1789525428.1839333
train/actor/approx_kl,102,101,0.009615826420485973,1789526077.468741
train/actor/approx_kl,103,102,0.0019159504445269704,1789526738.4679954
train/actor/approx_kl,104,103,0.005497408099472523,1789527380.5606267
train/actor/approx_kl,105,104,0.024905752390623093,1789528274.502221
train/actor/approx_kl,106,105,0.028933292254805565,1789528932.5329835
train/actor/approx_kl,107,106,0.0037305857986211777,1789529592.7918746
train/actor/approx_kl,108,107,0.009126074612140656,1789530256.9976165
train/actor/approx_kl,109,108,0.02701961249113083,1789530913.1783037
train/actor/approx_kl,110,109,0.005751580465584993,1789531866.290735
train/actor/approx_kl,111,110,0.012793561443686485,1789532497.6506188
train/actor/approx_kl,112,111,0.005973531864583492,1789533174.9282172
train/actor/approx_kl,113,112,0.005278898403048515,1789533828.9866092
train/actor/approx_kl,114,113,0.009290742687880993,1789534565.1194212
train/actor/approx_kl,115,114,0.007680645678192377,1789535498.1466708
train/actor/clip_fraction,1,0,0.07003670185804367,1789452513.7162552
train/actor/clip_fraction,2,1,0.10263136029243469,1789453181.7683914
train/actor/clip_fraction,3,2,0.049440786242485046,1789453885.2917862
train/actor/clip_fraction,4,3,0.049992408603429794,1789454567.9450176
train/actor/clip_fraction,5,4,0.07926660776138306,1789455534.1102262
train/actor/clip_fraction,6,5,0.07581864297389984,1789456278.5115435
train/actor/clip_fraction,7,6,0.020270291715860367,1789457002.373564
train/actor/clip_fraction,8,7,0.041429318487644196,1789457628.2936661
train/actor/clip_fraction,9,8,0.047348521649837494,1789458295.2893388
train/actor/clip_fraction,10,9,0.053068727254867554,1789459334.4431298
train/actor/clip_fraction,11,10,0.06088554114103317,1789460058.1951437
train/actor/clip_fraction,12,11,0.07077636569738388,1789460782.540767
train/actor/clip_fraction,13,12,0.03575843200087547,1789461449.9360838
train/actor/clip_fraction,14,13,0.02417665347456932,1789462112.1404178
train/actor/clip_fraction,15,14,0.08778868615627289,1789463111.8491688
train/actor/clip_fraction,16,15,0.041275158524513245,1789463778.399108
train/actor/clip_fraction,17,16,0.018334798514842987,1789464507.6699913
train/actor/clip_fraction,18,17,0.05922798439860344,1789465199.409639
train/actor/clip_fraction,19,18,0.052523598074913025,1789465877.9339013
train/actor/clip_fraction,20,19,0.06181633472442627,1789466942.0014353
train/actor/clip_fraction,21,20,0.05309361591935158,1789467675.9506729
train/actor/clip_fraction,22,21,0.0785289853811264,1789468449.8547535
train/actor/clip_fraction,23,22,0.03356759995222092,1789469122.5134711
train/actor/clip_fraction,24,23,0.050134915858507156,1789469849.5459018
train/actor/clip_fraction,25,24,0.02857314981520176,1789470818.6181579
train/actor/clip_fraction,26,25,0.017078617587685585,1789471527.8394125
train/actor/clip_fraction,27,26,0.03758975863456726,1789472244.9554143
train/actor/clip_fraction,28,27,0.06508198380470276,1789472933.442763
train/actor/clip_fraction,29,28,0.057658132165670395,1789473579.3947244
train/actor/clip_fraction,30,29,0.07931183278560638,1789474608.0089593
train/actor/clip_fraction,31,30,0.09167569130659103,1789475311.9779823
train/actor/clip_fraction,32,31,0.017517535015940666,1789476051.4376578
train/actor/clip_fraction,33,32,0.05062917247414589,1789476700.6151893
train/actor/clip_fraction,34,33,0.01639622636139393,1789477337.2897315
train/actor/clip_fraction,35,34,0.047774575650691986,1789478300.4041955
train/actor/clip_fraction,36,35,0.04921649396419525,1789478939.4850228
train/actor/clip_fraction,37,36,0.04667014628648758,1789479586.8833861
train/actor/clip_fraction,38,37,0.0370100699365139,1789480268.5528839
train/actor/clip_fraction,39,38,0.03701623156666756,1789480933.1425033
train/actor/clip_fraction,40,39,0.03135066479444504,1789481951.280373
train/actor/clip_fraction,41,40,0.010122316889464855,1789482609.7335973
train/actor/clip_fraction,42,41,0.06270452588796616,1789483325.6347182
train/actor/clip_fraction,43,42,0.027882767841219902,1789484004.8487735
train/actor/clip_fraction,44,43,0.025025056675076485,1789484671.9986584
train/actor/clip_fraction,45,44,0.03854025527834892,1789485658.1411133
train/actor/clip_fraction,46,45,0.054551348090171814,1789486365.7424748
train/actor/clip_fraction,47,46,0.03803586959838867,1789487036.8012152
train/actor/clip_fraction,48,47,0.021894801408052444,1789487694.0089738
train/actor/clip_fraction,49,48,0.08289037644863129,1789488381.4219494
train/actor/clip_fraction,50,49,0.043334513902664185,1789489328.6446266
train/actor/clip_fraction,51,50,0.04195031151175499,1789490016.580099
train/actor/clip_fraction,52,51,0.049824297428131104,1789490661.288005
train/actor/clip_fraction,53,52,0.01728609763085842,1789491298.8930068
train/actor/clip_fraction,54,53,0.04889713600277901,1789491944.9442682
train/actor/clip_fraction,55,54,0.09999603778123856,1789492891.5481706
train/actor/clip_fraction,56,55,0.043416425585746765,1789493543.7299557
train/actor/clip_fraction,57,56,0.06227922812104225,1789494198.8657205
train/actor/clip_fraction,58,57,0.03441255912184715,1789494847.8835073
train/actor/clip_fraction,59,58,0.0592685267329216,1789495488.3911548
train/actor/clip_fraction,60,59,0.02757442183792591,1789496471.9413404
train/actor/clip_fraction,61,60,0.02046283707022667,1789497108.549405
train/actor/clip_fraction,62,61,0.06439279019832611,1789497742.9927895
train/actor/clip_fraction,63,62,0.034812767058610916,1789498386.8990333
train/actor/clip_fraction,64,63,0.03746240586042404,1789499017.0115972
train/actor/clip_fraction,65,64,0.04166204482316971,1789500008.629593
train/actor/clip_fraction,66,65,0.08054260164499283,1789500674.5103045
train/actor/clip_fraction,67,66,0.06646338850259781,1789501332.0568883
train/actor/clip_fraction,68,67,0.035431861877441406,1789502024.0310197
train/actor/clip_fraction,69,68,0.06440357118844986,1789502677.4882746
train/actor/clip_fraction,70,69,0.029418576508760452,1789503669.5391726
train/actor/clip_fraction,71,70,0.10573408007621765,1789504306.3293986
train/actor/clip_fraction,72,71,0.09734112024307251,1789504952.6414115
train/actor/clip_fraction,73,72,0.04364078491926193,1789505582.5906253
train/actor/clip_fraction,74,73,0.05778438597917557,1789506217.813585
train/actor/clip_fraction,75,74,0.02807752788066864,1789507204.947436
train/actor/clip_fraction,76,75,0.043330732733011246,1789507834.0837686
train/actor/clip_fraction,77,76,0.035621527582407,1789508483.9498336
train/actor/clip_fraction,78,77,0.056504376232624054,1789509120.6130528
train/actor/clip_fraction,79,78,0.03221035748720169,1789509760.0407028
train/actor/clip_fraction,80,79,0.047157831490039825,1789510701.308398
train/actor/clip_fraction,81,80,0.04770318791270256,1789511364.9525692
train/actor/clip_fraction,82,81,0.06536272168159485,1789512019.114559
train/actor/clip_fraction,83,82,0.05806998535990715,1789512652.4258914
train/actor/clip_fraction,84,83,0.03906573727726936,1789513284.9982476
train/actor/clip_fraction,85,84,0.039946939796209335,1789514190.5228765
train/actor/clip_fraction,86,85,0.0501796156167984,1789514826.5707567
train/actor/clip_fraction,87,86,0.05169180408120155,1789515458.9784791
train/actor/clip_fraction,88,87,0.03207862377166748,1789516105.4975166
train/actor/clip_fraction,89,88,0.053905099630355835,1789516756.1884334
train/actor/clip_fraction,90,89,0.05884861201047897,1789517701.4606068
train/actor/clip_fraction,91,90,0.057602398097515106,1789518333.2339137
train/actor/clip_fraction,92,91,0.06611759215593338,1789518958.9955804
train/actor/clip_fraction,93,92,0.022271471098065376,1789519599.5406952
train/actor/clip_fraction,94,93,0.036727529019117355,1789520239.1327345
train/actor/clip_fraction,95,94,0.05901401489973068,1789521153.4433062
train/actor/clip_fraction,96,95,0.06273309886455536,1789521804.1356335
train/actor/clip_fraction,97,96,0.05281933397054672,1789522510.0498152
train/actor/clip_fraction,98,97,0.052824825048446655,1789523160.955206
train/actor/clip_fraction,99,98,0.055948421359062195,1789523799.5196736
train/actor/clip_fraction,100,99,0.043425239622592926,1789524756.7826838
train/actor/clip_fraction,101,100,0.048464275896549225,1789525428.183939
train/actor/clip_fraction,102,101,0.04084395617246628,1789526077.468747
train/actor/clip_fraction,103,102,0.02947387844324112,1789526738.4680014
train/actor/clip_fraction,104,103,0.05201555788516998,1789527380.5606341
train/actor/clip_fraction,105,104,0.06386609375476837,1789528274.5022438
train/actor/clip_fraction,106,105,0.06843001395463943,1789528932.53299
train/actor/clip_fraction,107,106,0.021449685096740723,1789529592.7918813
train/actor/clip_fraction,108,107,0.03242500126361847,1789530256.9976225
train/actor/clip_fraction,109,108,0.05963212251663208,1789530913.1783102
train/actor/clip_fraction,110,109,0.03937292844057083,1789531866.2907412
train/actor/clip_fraction,111,110,0.04528230428695679,1789532497.6506279
train/actor/clip_fraction,112,111,0.03005763702094555,1789533174.9282246
train/actor/clip_fraction,113,112,0.04600254446268082,1789533828.9866178
train/actor/clip_fraction,114,113,0.03553296998143196,1789534565.1194293
train/actor/clip_fraction,115,114,0.05303027480840683,1789535498.1466818
train/actor/clipped_ratio,1,0,0.9961360692977905,1789452513.716264
train/actor/clipped_ratio,2,1,0.9875597953796387,1789453181.768397
train/actor/clipped_ratio,3,2,0.9954586625099182,1789453885.2917917
train/actor/clipped_ratio,4,3,0.9952420592308044,1789454567.9450233
train/actor/clipped_ratio,5,4,0.9947597980499268,1789455534.1102319
train/actor/clipped_ratio,6,5,0.9883761405944824,1789456278.5115492
train/actor/clipped_ratio,7,6,0.9960556626319885,1789457002.3735695
train/actor/clipped_ratio,8,7,0.9962694644927979,1789457628.293673
train/actor/clipped_ratio,9,8,0.9960910677909851,1789458295.2893448
train/actor/clipped_ratio,10,9,0.9983798265457153,1789459334.4431355
train/actor/clipped_ratio,11,10,0.9889105558395386,1789460058.19515
train/actor/clipped_ratio,12,11,0.9924941062927246,1789460782.5407732
train/actor/clipped_ratio,13,12,0.9976977109909058,1789461449.9360895
train/actor/clipped_ratio,14,13,1.003808856010437,1789462112.1404235
train/actor/clipped_ratio,15,14,0.9939144849777222,1789463111.849179
train/actor/clipped_ratio,16,15,0.9972769618034363,1789463778.399114
train/actor/clipped_ratio,17,16,0.9987530708312988,1789464507.669997
train/actor/clipped_ratio,18,17,0.9961684942245483,1789465199.4096446
train/actor/clipped_ratio,19,18,1.0001220703125,1789465877.9339075
train/actor/clipped_ratio,20,19,0.9943790435791016,1789466942.001444
train/actor/clipped_ratio,21,20,0.9974890947341919,1789467675.9506786
train/actor/clipped_ratio,22,21,0.9910004138946533,1789468449.8547595
train/actor/clipped_ratio,23,22,0.99336838722229,1789469122.513477
train/actor/clipped_ratio,24,23,0.9974347352981567,1789469849.5459075
train/actor/clipped_ratio,25,24,0.9969724416732788,1789470818.6181633
train/actor/clipped_ratio,26,25,0.9983131885528564,1789471527.8394186
train/actor/clipped_ratio,27,26,0.9985700845718384,1789472244.9554203
train/actor/clipped_ratio,28,27,0.9966935515403748,1789472933.4427686
train/actor/clipped_ratio,29,28,0.9943720102310181,1789473579.3947313
train/actor/clipped_ratio,30,29,0.9952316880226135,1789474608.008965
train/actor/clipped_ratio,31,30,0.9905170798301697,1789475311.9779875
train/actor/clipped_ratio,32,31,1.0003714561462402,1789476051.4376645
train/actor/clipped_ratio,33,32,0.996595561504364,1789476700.6152039
train/actor/clipped_ratio,34,33,0.9976339340209961,1789477337.2897377
train/actor/clipped_ratio,35,34,0.9945455193519592,1789478300.4042234
train/actor/clipped_ratio,36,35,0.9949192404747009,1789478939.4850292
train/actor/clipped_ratio,37,36,0.9981101751327515,1789479586.8833914
train/actor/clipped_ratio,38,37,0.997186541557312,1789480268.5528893
train/actor/clipped_ratio,39,38,0.9995476007461548,1789480933.142509
train/actor/clipped_ratio,40,39,0.9975413084030151,1789481951.2803833
train/actor/clipped_ratio,41,40,0.9957305192947388,1789482609.7336035
train/actor/clipped_ratio,42,41,0.9972852468490601,1789483325.6347237
train/actor/clipped_ratio,43,42,0.9959448575973511,1789484004.8487797
train/actor/clipped_ratio,44,43,0.9942731261253357,1789484671.9986644
train/actor/clipped_ratio,45,44,0.9965502023696899,1789485658.141123
train/actor/clipped_ratio,46,45,0.9937746524810791,1789486365.742481
train/actor/clipped_ratio,47,46,0.9979028701782227,1789487036.801222
train/actor/clipped_ratio,48,47,0.9987027049064636,1789487694.0089803
train/actor/clipped_ratio,49,48,0.9909027218818665,1789488381.4219558
train/actor/clipped_ratio,50,49,0.9956009387969971,1789489328.6446335
train/actor/clipped_ratio,51,50,0.993030309677124,1789490016.580105
train/actor/clipped_ratio,52,51,0.9974563121795654,1789490661.288011
train/actor/clipped_ratio,53,52,1.0001482963562012,1789491298.893013
train/actor/clipped_ratio,54,53,0.9950825572013855,1789491944.9442747
train/actor/clipped_ratio,55,54,0.9877925515174866,1789492891.548199
train/actor/clipped_ratio,56,55,1.000342845916748,1789493543.729961
train/actor/clipped_ratio,57,56,0.9929968118667603,1789494198.8657308
train/actor/clipped_ratio,58,57,0.997351348400116,1789494847.8835225
train/actor/clipped_ratio,59,58,0.9952229857444763,1789495488.3911605
train/actor/clipped_ratio,60,59,0.9979431629180908,1789496471.9413483
train/actor/clipped_ratio,61,60,0.9967237114906311,1789497108.5494118
train/actor/clipped_ratio,62,61,0.9939514398574829,1789497742.9927976
train/actor/clipped_ratio,63,62,0.9979069232940674,1789498386.8990397
train/actor/clipped_ratio,64,63,1.0012991428375244,1789499017.0116036
train/actor/clipped_ratio,65,64,0.9944901466369629,1789500008.6296012
train/actor/clipped_ratio,66,65,0.9947153925895691,1789500674.5103104
train/actor/clipped_ratio,67,66,0.996328592300415,1789501332.0568967
train/actor/clipped_ratio,68,67,0.995434045791626,1789502024.0310266
train/actor/clipped_ratio,69,68,0.9910866618156433,1789502677.4882808
train/actor/clipped_ratio,70,69,0.9973806738853455,1789503669.539184
train/actor/clipped_ratio,71,70,0.9969522953033447,1789504306.3294048
train/actor/clipped_ratio,72,71,0.9875501394271851,1789504952.6414177
train/actor/clipped_ratio,73,72,0.9951187968254089,1789505582.5906312
train/actor/clipped_ratio,74,73,0.9982779026031494,1789506217.8135908
train/actor/clipped_ratio,75,74,0.9994666576385498,1789507204.9474497
train/actor/clipped_ratio,76,75,0.995935320854187,1789507834.083774
train/actor/clipped_ratio,77,76,0.9964934587478638,1789508483.949839
train/actor/clipped_ratio,78,77,0.998096764087677,1789509120.6130595
train/actor/clipped_ratio,79,78,0.9983749389648438,1789509760.0407083
train/actor/clipped_ratio,80,79,0.9892705678939819,1789510701.3084037
train/actor/clipped_ratio,81,80,1.000833511352539,1789511364.9525747
train/actor/clipped_ratio,82,81,0.9972830414772034,1789512019.1145668
train/actor/clipped_ratio,83,82,0.9955630302429199,1789512652.4258974
train/actor/clipped_ratio,84,83,0.9977165460586548,1789513284.9982533
train/actor/clipped_ratio,85,84,0.9985514879226685,1789514190.522882
train/actor/clipped_ratio,86,85,0.9943991899490356,1789514826.5707626
train/actor/clipped_ratio,87,86,0.9939099550247192,1789515458.978485
train/actor/clipped_ratio,88,87,0.9999393224716187,1789516105.4975224
train/actor/clipped_ratio,89,88,0.9952226877212524,1789516756.1884391
train/actor/clipped_ratio,90,89,0.9921349287033081,1789517701.4606125
train/actor/clipped_ratio,91,90,0.9930676221847534,1789518333.2339194
train/actor/clipped_ratio,92,91,0.9999799132347107,1789518958.9955883
train/actor/clipped_ratio,93,92,0.9994892477989197,1789519599.5407007
train/actor/clipped_ratio,94,93,0.9955637454986572,1789520239.1327398
train/actor/clipped_ratio,95,94,0.99611496925354,1789521153.4433126
train/actor/clipped_ratio,96,95,0.9931173324584961,1789521804.135639
train/actor/clipped_ratio,97,96,0.9951363205909729,1789522510.049825
train/actor/clipped_ratio,98,97,0.9960253834724426,1789523160.955212
train/actor/clipped_ratio,99,98,1.0032577514648438,1789523799.5196807
train/actor/clipped_ratio,100,99,0.9975789189338684,1789524756.7826912
train/actor/clipped_ratio,101,100,0.9955711960792542,1789525428.1839445
train/actor/clipped_ratio,102,101,0.9970323443412781,1789526077.4687529
train/actor/clipped_ratio,103,102,1.0006438493728638,1789526738.4680068
train/actor/clipped_ratio,104,103,0.9971405863761902,1789527380.5606422
train/actor/clipped_ratio,105,104,0.9914548397064209,1789528274.502266
train/actor/clipped_ratio,106,105,0.9931274056434631,1789528932.532996
train/actor/clipped_ratio,107,106,0.9975574016571045,1789529592.7918873
train/actor/clipped_ratio,108,107,0.998379111289978,1789530256.9976285
train/actor/clipped_ratio,109,108,0.994080126285553,1789530913.1783159
train/actor/clipped_ratio,110,109,1.0009419918060303,1789531866.2907472
train/actor/clipped_ratio,111,110,0.9948924779891968,1789532497.6506371
train/actor/clipped_ratio,112,111,0.9946174621582031,1789533174.92823
train/actor/clipped_ratio,113,112,0.9963926672935486,1789533828.9866264
train/actor/clipped_ratio,114,113,0.996777355670929,1789534565.119437
train/actor/clipped_ratio,115,114,0.9965530633926392,1789535498.1466918
train/actor/dual_cliped_ratio,1,0,0.0,1789452513.7169805
train/actor/dual_cliped_ratio,2,1,0.0,1789453181.7688081
train/actor/dual_cliped_ratio,3,2,0.0,1789453885.2919803
train/actor/dual_cliped_ratio,4,3,0.0,1789454567.945484
train/actor/dual_cliped_ratio,5,4,0.0,1789455534.1102376
train/actor/dual_cliped_ratio,6,5,0.0,1789456278.5120633
train/actor/dual_cliped_ratio,7,6,0.0,1789457002.3738835
train/actor/dual_cliped_ratio,8,7,0.0,1789457628.2942579
train/actor/dual_cliped_ratio,9,8,0.0,1789458295.2899787
train/actor/dual_cliped_ratio,10,9,0.0,1789459334.4431422
train/actor/dual_cliped_ratio,11,10,0.0,1789460058.1953523
train/actor/dual_cliped_ratio,12,11,0.0,1789460782.5413868
train/actor/dual_cliped_ratio,13,12,0.0,1789461449.9363449
train/actor/dual_cliped_ratio,14,13,0.0,1789462112.1412609
train/actor/dual_cliped_ratio,15,14,0.0,1789463111.849189
train/actor/dual_cliped_ratio,16,15,0.0,1789463778.3998585
train/actor/dual_cliped_ratio,17,16,0.0,1789464507.6706548
train/actor/dual_cliped_ratio,18,17,0.0,1789465199.4099987
train/actor/dual_cliped_ratio,19,18,0.0,1789465877.9344308
train/actor/dual_cliped_ratio,20,19,0.0,1789466942.0014544
train/actor/dual_cliped_ratio,21,20,0.0,1789467675.9511895
train/actor/dual_cliped_ratio,22,21,0.0,1789468449.8554137
train/actor/dual_cliped_ratio,23,22,0.0,1789469122.5141418
train/actor/dual_cliped_ratio,24,23,0.0,1789469849.5465958
train/actor/dual_cliped_ratio,25,24,0.0,1789470818.618169
train/actor/dual_cliped_ratio,26,25,0.0,1789471527.840007
train/actor/dual_cliped_ratio,27,26,0.0,1789472244.9558895
train/actor/dual_cliped_ratio,28,27,0.0,1789472933.443263
train/actor/dual_cliped_ratio,29,28,0.0,1789473579.395222
train/actor/dual_cliped_ratio,30,29,0.0,1789474608.008971
train/actor/dual_cliped_ratio,31,30,0.0,1789475311.9784749
train/actor/dual_cliped_ratio,32,31,0.0,1789476051.4380994
train/actor/dual_cliped_ratio,33,32,0.0,1789476700.6154397
train/actor/dual_cliped_ratio,34,33,0.0,1789477337.290144
train/actor/dual_cliped_ratio,35,34,0.0,1789478300.4042833
train/actor/dual_cliped_ratio,36,35,0.0,1789478939.485465
train/actor/dual_cliped_ratio,37,36,0.0,1789479586.883644
train/actor/dual_cliped_ratio,38,37,0.0,1789480268.5534759
train/actor/dual_cliped_ratio,39,38,0.0,1789480933.142898
train/actor/dual_cliped_ratio,40,39,0.0,1789481951.2803922
train/actor/dual_cliped_ratio,41,40,0.0,1789482609.7342799
train/actor/dual_cliped_ratio,42,41,0.0,1789483325.6352613
train/actor/dual_cliped_ratio,43,42,0.0,1789484004.84913
train/actor/dual_cliped_ratio,44,43,0.0,1789484671.9989345
train/actor/dual_cliped_ratio,45,44,0.0,1789485658.1411328
train/actor/dual_cliped_ratio,46,45,0.0,1789486365.7426755
train/actor/dual_cliped_ratio,47,46,0.0,1789487036.8021536
train/actor/dual_cliped_ratio,48,47,0.0,1789487694.0091577
train/actor/dual_cliped_ratio,49,48,0.0,1789488381.4228454
train/actor/dual_cliped_ratio,50,49,0.0,1789489328.6446404
train/actor/dual_cliped_ratio,51,50,0.0,1789490016.5805848
train/actor/dual_cliped_ratio,52,51,0.0,1789490661.288554
train/actor/dual_cliped_ratio,53,52,0.0,1789491298.8933656
train/actor/dual_cliped_ratio,54,53,0.0,1789491944.9447181
train/actor/dual_cliped_ratio,55,54,0.0,1789492891.548225
train/actor/dual_cliped_ratio,56,55,0.0,1789493543.730177
train/actor/dual_cliped_ratio,57,56,0.0,1789494198.8662417
train/actor/dual_cliped_ratio,58,57,0.0,1789494847.8838353
train/actor/dual_cliped_ratio,59,58,0.0,1789495488.391344
train/actor/dual_cliped_ratio,60,59,0.0,1789496471.941356
train/actor/dual_cliped_ratio,61,60,0.0,1789497108.550163
train/actor/dual_cliped_ratio,62,61,0.0,1789497742.993426
train/actor/dual_cliped_ratio,63,62,0.0,1789498386.8992016
train/actor/dual_cliped_ratio,64,63,0.0,1789499017.0118985
train/actor/dual_cliped_ratio,65,64,0.0,1789500008.6296096
train/actor/dual_cliped_ratio,66,65,0.0,1789500674.510645
train/actor/dual_cliped_ratio,67,66,0.0,1789501332.0574315
train/actor/dual_cliped_ratio,68,67,0.0,1789502024.0317435
train/actor/dual_cliped_ratio,69,68,0.0,1789502677.4886646
train/actor/dual_cliped_ratio,70,69,0.0,1789503669.5391943
train/actor/dual_cliped_ratio,71,70,0.0,1789504306.3299236
train/actor/dual_cliped_ratio,72,71,0.0,1789504952.641927
train/actor/dual_cliped_ratio,73,72,0.0,1789505582.591129
train/actor/dual_cliped_ratio,74,73,0.0,1789506217.8143435
train/actor/dual_cliped_ratio,75,74,0.0,1789507204.9474626
train/actor/dual_cliped_ratio,76,75,0.0,1789507834.0843542
train/actor/dual_cliped_ratio,77,76,0.0,1789508483.9503102
train/actor/dual_cliped_ratio,78,77,0.0,1789509120.6137886
train/actor/dual_cliped_ratio,79,78,0.0,1789509760.0415146
train/actor/dual_cliped_ratio,80,79,0.0,1789510701.308409
train/actor/dual_cliped_ratio,81,80,0.0,1789511364.9528358
train/actor/dual_cliped_ratio,82,81,0.0,1789512019.1150625
train/actor/dual_cliped_ratio,83,82,0.0,1789512652.4265203
train/actor/dual_cliped_ratio,84,83,0.0,1789513284.9987442
train/actor/dual_cliped_ratio,85,84,0.0,1789514190.522888
train/actor/dual_cliped_ratio,86,85,0.0,1789514826.5712714
train/actor/dual_cliped_ratio,87,86,0.0,1789515458.9787812
train/actor/dual_cliped_ratio,88,87,0.0,1789516105.4978943
train/actor/dual_cliped_ratio,89,88,0.0,1789516756.1888335
train/actor/dual_cliped_ratio,90,89,0.0,1789517701.4606187
train/actor/dual_cliped_ratio,91,90,0.0,1789518333.2342832
train/actor/dual_cliped_ratio,92,91,0.0,1789518958.9957633
train/actor/dual_cliped_ratio,93,92,0.0,1789519599.5408645
train/actor/dual_cliped_ratio,94,93,0.0,1789520239.133386
train/actor/dual_cliped_ratio,95,94,0.0,1789521153.4433186
train/actor/dual_cliped_ratio,96,95,0.0,1789521804.136192
train/actor/dual_cliped_ratio,97,96,0.0,1789522510.0504584
train/actor/dual_cliped_ratio,98,97,0.0,1789523160.955696
train/actor/dual_cliped_ratio,99,98,0.0,1789523799.5202663
train/actor/dual_cliped_ratio,100,99,0.0,1789524756.7826984
train/actor/dual_cliped_ratio,101,100,0.0,1789525428.184105
train/actor/dual_cliped_ratio,102,101,0.0,1789526077.4694164
train/actor/dual_cliped_ratio,103,102,0.0,1789526738.4681633
train/actor/dual_cliped_ratio,104,103,0.0,1789527380.5609744
train/actor/dual_cliped_ratio,105,104,0.0,1789528274.5022862
train/actor/dual_cliped_ratio,106,105,0.0,1789528932.5331638
train/actor/dual_cliped_ratio,107,106,0.0,1789529592.792524
train/actor/dual_cliped_ratio,108,107,0.0,1789530256.998491
train/actor/dual_cliped_ratio,109,108,0.0,1789530913.1788836
train/actor/dual_cliped_ratio,110,109,0.0,1789531866.2907536
train/actor/dual_cliped_ratio,111,110,0.0,1789532497.6509464
train/actor/dual_cliped_ratio,112,111,0.0,1789533174.9284787
train/actor/dual_cliped_ratio,113,112,0.0,1789533828.9873104
train/actor/dual_cliped_ratio,114,113,0.0,1789534565.1201906
train/actor/dual_cliped_ratio,115,114,0.0,1789535498.1467023
train/actor/dvac_chunk_factor_std,1,0,0.17571942508220673,1789452513.7170029
train/actor/dvac_chunk_factor_std,2,1,0.16500942409038544,1789453181.7688148
train/actor/dvac_chunk_factor_std,3,2,0.1789744347333908,1789453885.2919877
train/actor/dvac_chunk_factor_std,4,3,0.17283467948436737,1789454567.9454904
train/actor/dvac_chunk_factor_std,5,4,0.21109414100646973,1789455534.1102436
train/actor/dvac_chunk_factor_std,6,5,0.16910693049430847,1789456278.5120697
train/actor/dvac_chunk_factor_std,7,6,0.16522565484046936,1789457002.3738897
train/actor/dvac_chunk_factor_std,8,7,0.17778527736663818,1789457628.294281
train/actor/dvac_chunk_factor_std,9,8,0.17599055171012878,1789458295.289995
train/actor/dvac_chunk_factor_std,10,9,0.17700012028217316,1789459334.443152
train/actor/dvac_chunk_factor_std,11,10,0.17027124762535095,1789460058.1953607
train/actor/dvac_chunk_factor_std,12,11,0.18196259438991547,1789460782.5414035
train/actor/dvac_chunk_factor_std,13,12,0.18780101835727692,1789461449.9363515
train/actor/dvac_chunk_factor_std,14,13,0.1862751543521881,1789462112.141278
train/actor/dvac_chunk_factor_std,15,14,0.16407041251659393,1789463111.8491988
train/actor/dvac_chunk_factor_std,16,15,0.1933945268392563,1789463778.3998663
train/actor/dvac_chunk_factor_std,17,16,0.1785750687122345,1789464507.6706622
train/actor/dvac_chunk_factor_std,18,17,0.18815135955810547,1789465199.410005
train/actor/dvac_chunk_factor_std,19,18,0.20103535056114197,1789465877.934438
train/actor/dvac_chunk_factor_std,20,19,0.16408805549144745,1789466942.0014625
train/actor/dvac_chunk_factor_std,21,20,0.16922463476657867,1789467675.9511964
train/actor/dvac_chunk_factor_std,22,21,0.17702794075012207,1789468449.8554342
train/actor/dvac_chunk_factor_std,23,22,0.19521600008010864,1789469122.5141582
train/actor/dvac_chunk_factor_std,24,23,0.19410847127437592,1789469849.5466125
train/actor/dvac_chunk_factor_std,25,24,0.16442421078681946,1789470818.6181757
train/actor/dvac_chunk_factor_std,26,25,0.1789148598909378,1789471527.8400137
train/actor/dvac_chunk_factor_std,27,26,0.1989661455154419,1789472244.9558983
train/actor/dvac_chunk_factor_std,28,27,0.1942758411169052,1789472933.44327
train/actor/dvac_chunk_factor_std,29,28,0.210623100399971,1789473579.3952296
train/actor/dvac_chunk_factor_std,30,29,0.19553683698177338,1789474608.008977
train/actor/dvac_chunk_factor_std,31,30,0.19971521198749542,1789475311.9784813
train/actor/dvac_chunk_factor_std,32,31,0.20665571093559265,1789476051.4381058
train/actor/dvac_chunk_factor_std,33,32,0.1898684948682785,1789476700.615458
train/actor/dvac_chunk_factor_std,34,33,0.19404280185699463,1789477337.2901518
train/actor/dvac_chunk_factor_std,35,34,0.18686506152153015,1789478300.4043071
train/actor/dvac_chunk_factor_std,36,35,0.19370342791080475,1789478939.4854722
train/actor/dvac_chunk_factor_std,37,36,0.20519986748695374,1789479586.8836503
train/actor/dvac_chunk_factor_std,38,37,0.2055528312921524,1789480268.553493
train/actor/dvac_chunk_factor_std,39,38,0.19399936497211456,1789480933.142906
train/actor/dvac_chunk_factor_std,40,39,0.21588726341724396,1789481951.280402
train/actor/dvac_chunk_factor_std,41,40,0.1881425827741623,1789482609.7343023
train/actor/dvac_chunk_factor_std,42,41,0.1882849484682083,1789483325.635291
train/actor/dvac_chunk_factor_std,43,42,0.1939726173877716,1789484004.8491368
train/actor/dvac_chunk_factor_std,44,43,0.1822051852941513,1789484671.9989421
train/actor/dvac_chunk_factor_std,45,44,0.17449428141117096,1789485658.141143
train/actor/dvac_chunk_factor_std,46,45,0.19486644864082336,1789486365.742683
train/actor/dvac_chunk_factor_std,47,46,0.1989830881357193,1789487036.802176
train/actor/dvac_chunk_factor_std,48,47,0.19990384578704834,1789487694.0091643
train/actor/dvac_chunk_factor_std,49,48,0.2030511349439621,1789488381.4228673
train/actor/dvac_chunk_factor_std,50,49,0.1785586029291153,1789489328.644647
train/actor/dvac_chunk_factor_std,51,50,0.18487946689128876,1789490016.5805914
train/actor/dvac_chunk_factor_std,52,51,0.205318883061409,1789490661.288562
train/actor/dvac_chunk_factor_std,53,52,0.20428666472434998,1789491298.8933735
train/actor/dvac_chunk_factor_std,54,53,0.21478182077407837,1789491944.9447293
train/actor/dvac_chunk_factor_std,55,54,0.20148101449012756,1789492891.5482657
train/actor/dvac_chunk_factor_std,56,55,0.20358121395111084,1789493543.7301836
train/actor/dvac_chunk_factor_std,57,56,0.19298730790615082,1789494198.8662543
train/actor/dvac_chunk_factor_std,58,57,0.19751961529254913,1789494847.8838437
train/actor/dvac_chunk_factor_std,59,58,0.1940588355064392,1789495488.3913512
train/actor/dvac_chunk_factor_std,60,59,0.210285022854805,1789496471.9413629
train/actor/dvac_chunk_factor_std,61,60,0.21240969002246857,1789497108.5501692
train/actor/dvac_chunk_factor_std,62,61,0.2066764384508133,1789497742.9934435
train/actor/dvac_chunk_factor_std,63,62,0.20785033702850342,1789498386.8992083
train/actor/dvac_chunk_factor_std,64,63,0.20820488035678864,1789499017.011906
train/actor/dvac_chunk_factor_std,65,64,0.1991964429616928,1789500008.6296172
train/actor/dvac_chunk_factor_std,66,65,0.1871914267539978,1789500674.5106533
train/actor/dvac_chunk_factor_std,67,66,0.18679559230804443,1789501332.0574489
train/actor/dvac_chunk_factor_std,68,67,0.1898818463087082,1789502024.0317702
train/actor/dvac_chunk_factor_std,69,68,0.19046711921691895,1789502677.4886813
train/actor/dvac_chunk_factor_std,70,69,0.22312787175178528,1789503669.5392044
train/actor/dvac_chunk_factor_std,71,70,0.20447687804698944,1789504306.3299453
train/actor/dvac_chunk_factor_std,72,71,0.20920827984809875,1789504952.6419332
train/actor/dvac_chunk_factor_std,73,72,0.22207453846931458,1789505582.5911357
train/actor/dvac_chunk_factor_std,74,73,0.22605782747268677,1789506217.8143501
train/actor/dvac_chunk_factor_std,75,74,0.21128930151462555,1789507204.947476
train/actor/dvac_chunk_factor_std,76,75,0.19216956198215485,1789507834.0843613
train/actor/dvac_chunk_factor_std,77,76,0.19319382309913635,1789508483.9503164
train/actor/dvac_chunk_factor_std,78,77,0.1964540332555771,1789509120.6138096
train/actor/dvac_chunk_factor_std,79,78,0.19773341715335846,1789509760.0415213
train/actor/dvac_chunk_factor_std,80,79,0.2125791609287262,1789510701.3084147
train/actor/dvac_chunk_factor_std,81,80,0.20432570576667786,1789511364.9528425
train/actor/dvac_chunk_factor_std,82,81,0.19083793461322784,1789512019.1150706
train/actor/dvac_chunk_factor_std,83,82,0.18719252943992615,1789512652.426537
train/actor/dvac_chunk_factor_std,84,83,0.19731967151165009,1789513284.9987507
train/actor/dvac_chunk_factor_std,85,84,0.19356931746006012,1789514190.5228944
train/actor/dvac_chunk_factor_std,86,85,0.1930229812860489,1789514826.5712783
train/actor/dvac_chunk_factor_std,87,86,0.18402910232543945,1789515458.9787881
train/actor/dvac_chunk_factor_std,88,87,0.1811533123254776,1789516105.4979012
train/actor/dvac_chunk_factor_std,89,88,0.17747297883033752,1789516756.1888404
train/actor/dvac_chunk_factor_std,90,89,0.19839738309383392,1789517701.4606247
train/actor/dvac_chunk_factor_std,91,90,0.19888253509998322,1789518333.2342894
train/actor/dvac_chunk_factor_std,92,91,0.19798560440540314,1789518958.9957714
train/actor/dvac_chunk_factor_std,93,92,0.20503221452236176,1789519599.5408711
train/actor/dvac_chunk_factor_std,94,93,0.18965545296669006,1789520239.1334033
train/actor/dvac_chunk_factor_std,95,94,0.20664983987808228,1789521153.4433243
train/actor/dvac_chunk_factor_std,96,95,0.21050338447093964,1789521804.1362004
train/actor/dvac_chunk_factor_std,97,96,0.18390518426895142,1789522510.0504837
train/actor/dvac_chunk_factor_std,98,97,0.19707906246185303,1789523160.9557023
train/actor/dvac_chunk_factor_std,99,98,0.2145499736070633,1789523799.5202854
train/actor/dvac_chunk_factor_std,100,99,0.20303626358509064,1789524756.7827063
train/actor/dvac_chunk_factor_std,101,100,0.20976442098617554,1789525428.1841116
train/actor/dvac_chunk_factor_std,102,101,0.1980307400226593,1789526077.4694326
train/actor/dvac_chunk_factor_std,103,102,0.18465064465999603,1789526738.4681702
train/actor/dvac_chunk_factor_std,104,103,0.20664535462856293,1789527380.5609848
train/actor/dvac_chunk_factor_std,105,104,0.1822180300951004,1789528274.5023055
train/actor/dvac_chunk_factor_std,106,105,0.18896330893039703,1789528932.53317
train/actor/dvac_chunk_factor_std,107,106,0.19906635582447052,1789529592.792543
train/actor/dvac_chunk_factor_std,108,107,0.18872860074043274,1789530256.9985075
train/actor/dvac_chunk_factor_std,109,108,0.19152481853961945,1789530913.17889
train/actor/dvac_chunk_factor_std,110,109,0.20280705392360687,1789531866.29076
train/actor/dvac_chunk_factor_std,111,110,0.1982189267873764,1789532497.6509569
train/actor/dvac_chunk_factor_std,112,111,0.1841229498386383,1789533174.9284852
train/actor/dvac_chunk_factor_std,113,112,0.18897587060928345,1789533828.9873266
train/actor/dvac_chunk_factor_std,114,113,0.20241321623325348,1789534565.1201997
train/actor/dvac_chunk_factor_std,115,114,0.18927544355392456,1789535498.146712
train/actor/dvac_group_count,1,0,16.0,1789452513.7170148
train/actor/dvac_group_count,2,1,16.0,1789453181.7688205
train/actor/dvac_group_count,3,2,16.0,1789453885.2919943
train/actor/dvac_group_count,4,3,16.0,1789454567.945496
train/actor/dvac_group_count,5,4,16.0,1789455534.110249
train/actor/dvac_group_count,6,5,16.0,1789456278.5120752
train/actor/dvac_group_count,7,6,16.0,1789457002.3738964
train/actor/dvac_group_count,8,7,16.0,1789457628.294291
train/actor/dvac_group_count,9,8,16.0,1789458295.2900038
train/actor/dvac_group_count,10,9,16.0,1789459334.4431593
train/actor/dvac_group_count,11,10,16.0,1789460058.1953676
train/actor/dvac_group_count,12,11,16.0,1789460782.5414126
train/actor/dvac_group_count,13,12,16.0,1789461449.936358
train/actor/dvac_group_count,14,13,16.0,1789462112.1412866
train/actor/dvac_group_count,15,14,16.0,1789463111.8492088
train/actor/dvac_group_count,16,15,16.0,1789463778.3998728
train/actor/dvac_group_count,17,16,16.0,1789464507.6706684
train/actor/dvac_group_count,18,17,16.0,1789465199.4100113
train/actor/dvac_group_count,19,18,16.0,1789465877.934444
train/actor/dvac_group_count,20,19,16.0,1789466942.00147
train/actor/dvac_group_count,21,20,16.0,1789467675.9512026
train/actor/dvac_group_count,22,21,16.0,1789468449.8554437
train/actor/dvac_group_count,23,22,16.0,1789469122.5141668
train/actor/dvac_group_count,24,23,16.0,1789469849.5466218
train/actor/dvac_group_count,25,24,16.0,1789470818.618182
train/actor/dvac_group_count,26,25,16.0,1789471527.8400197
train/actor/dvac_group_count,27,26,16.0,1789472244.955905
train/actor/dvac_group_count,28,27,16.0,1789472933.4432755
train/actor/dvac_group_count,29,28,16.0,1789473579.3952365
train/actor/dvac_group_count,30,29,16.0,1789474608.008983
train/actor/dvac_group_count,31,30,16.0,1789475311.9784875
train/actor/dvac_group_count,32,31,16.0,1789476051.438112
train/actor/dvac_group_count,33,32,16.0,1789476700.6154757
train/actor/dvac_group_count,34,33,16.0,1789477337.290158
train/actor/dvac_group_count,35,34,16.0,1789478300.4043288
train/actor/dvac_group_count,36,35,16.0,1789478939.4854784
train/actor/dvac_group_count,37,36,16.0,1789479586.8836563
train/actor/dvac_group_count,38,37,16.0,1789480268.5535018
train/actor/dvac_group_count,39,38,16.0,1789480933.1429121
train/actor/dvac_group_count,40,39,16.0,1789481951.280412
train/actor/dvac_group_count,41,40,16.0,1789482609.7343118
train/actor/dvac_group_count,42,41,16.0,1789483325.635304
train/actor/dvac_group_count,43,42,16.0,1789484004.849143
train/actor/dvac_group_count,44,43,16.0,1789484671.998948
train/actor/dvac_group_count,45,44,16.0,1789485658.1411536
train/actor/dvac_group_count,46,45,16.0,1789486365.7426894
train/actor/dvac_group_count,47,46,16.0,1789487036.8021843
train/actor/dvac_group_count,48,47,16.0,1789487694.0091712
train/actor/dvac_group_count,49,48,16.0,1789488381.422877
train/actor/dvac_group_count,50,49,16.0,1789489328.644653
train/actor/dvac_group_count,51,50,16.0,1789490016.5805974
train/actor/dvac_group_count,52,51,16.0,1789490661.2885685
train/actor/dvac_group_count,53,52,16.0,1789491298.8933802
train/actor/dvac_group_count,54,53,16.0,1789491944.9447362
train/actor/dvac_group_count,55,54,16.0,1789492891.548289
train/actor/dvac_group_count,56,55,16.0,1789493543.7301893
train/actor/dvac_group_count,57,56,16.0,1789494198.866266
train/actor/dvac_group_count,58,57,16.0,1789494847.8838508
train/actor/dvac_group_count,59,58,16.0,1789495488.3913577
train/actor/dvac_group_count,60,59,16.0,1789496471.9413707
train/actor/dvac_group_count,61,60,16.0,1789497108.5501757
train/actor/dvac_group_count,62,61,16.0,1789497742.9934525
train/actor/dvac_group_count,63,62,16.0,1789498386.899214
train/actor/dvac_group_count,64,63,16.0,1789499017.0119116
train/actor/dvac_group_count,65,64,16.0,1789500008.6296248
train/actor/dvac_group_count,66,65,16.0,1789500674.5106597
train/actor/dvac_group_count,67,66,16.0,1789501332.0574605
train/actor/dvac_group_count,68,67,16.0,1789502024.0317798
train/actor/dvac_group_count,69,68,16.0,1789502677.4886901
train/actor/dvac_group_count,70,69,16.0,1789503669.5392137
train/actor/dvac_group_count,71,70,16.0,1789504306.3299558
train/actor/dvac_group_count,72,71,16.0,1789504952.641939
train/actor/dvac_group_count,73,72,16.0,1789505582.5911424
train/actor/dvac_group_count,74,73,16.0,1789506217.8143563
train/actor/dvac_group_count,75,74,16.0,1789507204.9474893
train/actor/dvac_group_count,76,75,16.0,1789507834.0843673
train/actor/dvac_group_count,77,76,16.0,1789508483.9503226
train/actor/dvac_group_count,78,77,16.0,1789509120.6138191
train/actor/dvac_group_count,79,78,16.0,1789509760.041527
train/actor/dvac_group_count,80,79,16.0,1789510701.3084204
train/actor/dvac_group_count,81,80,16.0,1789511364.9528487
train/actor/dvac_group_count,82,81,16.0,1789512019.1150784
train/actor/dvac_group_count,83,82,16.0,1789512652.4265459
train/actor/dvac_group_count,84,83,16.0,1789513284.9987571
train/actor/dvac_group_count,85,84,16.0,1789514190.5229006
train/actor/dvac_group_count,86,85,16.0,1789514826.5712843
train/actor/dvac_group_count,87,86,16.0,1789515458.9787943
train/actor/dvac_group_count,88,87,16.0,1789516105.4979074
train/actor/dvac_group_count,89,88,16.0,1789516756.1888463
train/actor/dvac_group_count,90,89,16.0,1789517701.4606302
train/actor/dvac_group_count,91,90,16.0,1789518333.2342956
train/actor/dvac_group_count,92,91,16.0,1789518958.9957786
train/actor/dvac_group_count,93,92,16.0,1789519599.5408769
train/actor/dvac_group_count,94,93,16.0,1789520239.1334126
train/actor/dvac_group_count,95,94,16.0,1789521153.4433303
train/actor/dvac_group_count,96,95,16.0,1789521804.1362073
train/actor/dvac_group_count,97,96,16.0,1789522510.0504966
train/actor/dvac_group_count,98,97,16.0,1789523160.9557087
train/actor/dvac_group_count,99,98,16.0,1789523799.5202954
train/actor/dvac_group_count,100,99,16.0,1789524756.7827137
train/actor/dvac_group_count,101,100,16.0,1789525428.1841183
train/actor/dvac_group_count,102,101,16.0,1789526077.4694412
train/actor/dvac_group_count,103,102,16.0,1789526738.4681764
train/actor/dvac_group_count,104,103,16.0,1789527380.5609922
train/actor/dvac_group_count,105,104,16.0,1789528274.5023224
train/actor/dvac_group_count,106,105,16.0,1789528932.533176
train/actor/dvac_group_count,107,106,16.0,1789529592.7925534
train/actor/dvac_group_count,108,107,16.0,1789530256.9985163
train/actor/dvac_group_count,109,108,16.0,1789530913.178896
train/actor/dvac_group_count,110,109,16.0,1789531866.2907662
train/actor/dvac_group_count,111,110,16.0,1789532497.6509657
train/actor/dvac_group_count,112,111,16.0,1789533174.928491
train/actor/dvac_group_count,113,112,16.0,1789533828.9873383
train/actor/dvac_group_count,114,113,16.0,1789534565.1202078
train/actor/dvac_group_count,115,114,16.0,1789535498.1467216
train/actor/dvac_local_center_error,1,0,2.384185791015625e-07,1789452513.7170238
train/actor/dvac_local_center_error,2,1,2.384185791015625e-07,1789453181.7688267
train/actor/dvac_local_center_error,3,2,2.384185791015625e-07,1789453885.2920003
train/actor/dvac_local_center_error,4,3,2.384185791015625e-07,1789454567.9455023
train/actor/dvac_local_center_error,5,4,1.7881393432617188e-07,1789455534.1102545
train/actor/dvac_local_center_error,6,5,1.7881393432617188e-07,1789456278.5120811
train/actor/dvac_local_center_error,7,6,2.384185791015625e-07,1789457002.3739023
train/actor/dvac_local_center_error,8,7,1.7881393432617188e-07,1789457628.2942996
train/actor/dvac_local_center_error,9,8,1.7881393432617188e-07,1789458295.2900112
train/actor/dvac_local_center_error,10,9,1.7881393432617188e-07,1789459334.4431658
train/actor/dvac_local_center_error,11,10,1.7881393432617188e-07,1789460058.195374
train/actor/dvac_local_center_error,12,11,2.384185791015625e-07,1789460782.5414202
train/actor/dvac_local_center_error,13,12,2.384185791015625e-07,1789461449.9363642
train/actor/dvac_local_center_error,14,13,2.384185791015625e-07,1789462112.1412938
train/actor/dvac_local_center_error,15,14,2.384185791015625e-07,1789463111.8492184
train/actor/dvac_local_center_error,16,15,1.7881393432617188e-07,1789463778.3998795
train/actor/dvac_local_center_error,17,16,2.384185791015625e-07,1789464507.6706748
train/actor/dvac_local_center_error,18,17,1.7881393432617188e-07,1789465199.4100173
train/actor/dvac_local_center_error,19,18,1.7881393432617188e-07,1789465877.9344501
train/actor/dvac_local_center_error,20,19,1.7881393432617188e-07,1789466942.0014777
train/actor/dvac_local_center_error,21,20,2.384185791015625e-07,1789467675.9512086
train/actor/dvac_local_center_error,22,21,1.7881393432617188e-07,1789468449.8554513
train/actor/dvac_local_center_error,23,22,2.384185791015625e-07,1789469122.5141737
train/actor/dvac_local_center_error,24,23,2.384185791015625e-07,1789469849.5466287
train/actor/dvac_local_center_error,25,24,2.384185791015625e-07,1789470818.6181881
train/actor/dvac_local_center_error,26,25,1.7881393432617188e-07,1789471527.8400257
train/actor/dvac_local_center_error,27,26,2.384185791015625e-07,1789472244.9559112
train/actor/dvac_local_center_error,28,27,1.7881393432617188e-07,1789472933.4432821
train/actor/dvac_local_center_error,29,28,2.384185791015625e-07,1789473579.3952432
train/actor/dvac_local_center_error,30,29,2.384185791015625e-07,1789474608.008989
train/actor/dvac_local_center_error,31,30,1.7881393432617188e-07,1789475311.978494
train/actor/dvac_local_center_error,32,31,1.7881393432617188e-07,1789476051.438118
train/actor/dvac_local_center_error,33,32,2.384185791015625e-07,1789476700.6154916
train/actor/dvac_local_center_error,34,33,1.7881393432617188e-07,1789477337.290165
train/actor/dvac_local_center_error,35,34,1.7881393432617188e-07,1789478300.4043508
train/actor/dvac_local_center_error,36,35,1.7881393432617188e-07,1789478939.4854848
train/actor/dvac_local_center_error,37,36,2.384185791015625e-07,1789479586.8836617
train/actor/dvac_local_center_error,38,37,2.384185791015625e-07,1789480268.5535092
train/actor/dvac_local_center_error,39,38,1.7881393432617188e-07,1789480933.1429183
train/actor/dvac_local_center_error,40,39,1.7881393432617188e-07,1789481951.280421
train/actor/dvac_local_center_error,41,40,2.384185791015625e-07,1789482609.73432
train/actor/dvac_local_center_error,42,41,2.384185791015625e-07,1789483325.635314
train/actor/dvac_local_center_error,43,42,1.7881393432617188e-07,1789484004.849149
train/actor/dvac_local_center_error,44,43,1.7881393432617188e-07,1789484671.9989543
train/actor/dvac_local_center_error,45,44,1.7881393432617188e-07,1789485658.1411636
train/actor/dvac_local_center_error,46,45,2.384185791015625e-07,1789486365.7426963
train/actor/dvac_local_center_error,47,46,2.384185791015625e-07,1789487036.802191
train/actor/dvac_local_center_error,48,47,2.384185791015625e-07,1789487694.0091777
train/actor/dvac_local_center_error,49,48,2.384185791015625e-07,1789488381.422885
train/actor/dvac_local_center_error,50,49,1.7881393432617188e-07,1789489328.6446595
train/actor/dvac_local_center_error,51,50,2.384185791015625e-07,1789490016.5806038
train/actor/dvac_local_center_error,52,51,2.384185791015625e-07,1789490661.2885747
train/actor/dvac_local_center_error,53,52,2.384185791015625e-07,1789491298.893387
train/actor/dvac_local_center_error,54,53,1.7881393432617188e-07,1789491944.9447427
train/actor/dvac_local_center_error,55,54,1.7881393432617188e-07,1789492891.5483098
train/actor/dvac_local_center_error,56,55,1.7881393432617188e-07,1789493543.7301953
train/actor/dvac_local_center_error,57,56,1.7881393432617188e-07,1789494198.8662765
train/actor/dvac_local_center_error,58,57,2.384185791015625e-07,1789494847.883857
train/actor/dvac_local_center_error,59,58,2.384185791015625e-07,1789495488.3913643
train/actor/dvac_local_center_error,60,59,2.384185791015625e-07,1789496471.9413776
train/actor/dvac_local_center_error,61,60,1.7881393432617188e-07,1789497108.5501816
train/actor/dvac_local_center_error,62,61,2.980232238769531e-07,1789497742.9934597
train/actor/dvac_local_center_error,63,62,2.384185791015625e-07,1789498386.8992205
train/actor/dvac_local_center_error,64,63,1.7881393432617188e-07,1789499017.0119178
train/actor/dvac_local_center_error,65,64,1.7881393432617188e-07,1789500008.6296327
train/actor/dvac_local_center_error,66,65,1.7881393432617188e-07,1789500674.5106661
train/actor/dvac_local_center_error,67,66,2.384185791015625e-07,1789501332.0574698
train/actor/dvac_local_center_error,68,67,2.384185791015625e-07,1789502024.0317872
train/actor/dvac_local_center_error,69,68,2.384185791015625e-07,1789502677.4886973
train/actor/dvac_local_center_error,70,69,2.384185791015625e-07,1789503669.5392237
train/actor/dvac_local_center_error,71,70,1.7881393432617188e-07,1789504306.329964
train/actor/dvac_local_center_error,72,71,1.7881393432617188e-07,1789504952.6419446
train/actor/dvac_local_center_error,73,72,2.384185791015625e-07,1789505582.5911489
train/actor/dvac_local_center_error,74,73,2.384185791015625e-07,1789506217.8143623
train/actor/dvac_local_center_error,75,74,2.384185791015625e-07,1789507204.9475021
train/actor/dvac_local_center_error,76,75,2.384185791015625e-07,1789507834.084374
train/actor/dvac_local_center_error,77,76,2.384185791015625e-07,1789508483.9503286
train/actor/dvac_local_center_error,78,77,2.384185791015625e-07,1789509120.6138272
train/actor/dvac_local_center_error,79,78,1.7881393432617188e-07,1789509760.041533
train/actor/dvac_local_center_error,80,79,2.384185791015625e-07,1789510701.3084261
train/actor/dvac_local_center_error,81,80,1.7881393432617188e-07,1789511364.9528549
train/actor/dvac_local_center_error,82,81,1.7881393432617188e-07,1789512019.115086
train/actor/dvac_local_center_error,83,82,2.384185791015625e-07,1789512652.4265525
train/actor/dvac_local_center_error,84,83,1.7881393432617188e-07,1789513284.9987636
train/actor/dvac_local_center_error,85,84,3.5762786865234375e-07,1789514190.5229063
train/actor/dvac_local_center_error,86,85,2.384185791015625e-07,1789514826.5712898
train/actor/dvac_local_center_error,87,86,1.7881393432617188e-07,1789515458.9788005
train/actor/dvac_local_center_error,88,87,1.7881393432617188e-07,1789516105.4979134
train/actor/dvac_local_center_error,89,88,2.384185791015625e-07,1789516756.1888528
train/actor/dvac_local_center_error,90,89,2.384185791015625e-07,1789517701.4606361
train/actor/dvac_local_center_error,91,90,2.384185791015625e-07,1789518333.2343018
train/actor/dvac_local_center_error,92,91,2.384185791015625e-07,1789518958.9957867
train/actor/dvac_local_center_error,93,92,2.384185791015625e-07,1789519599.5408826
train/actor/dvac_local_center_error,94,93,1.7881393432617188e-07,1789520239.1334198
train/actor/dvac_local_center_error,95,94,2.384185791015625e-07,1789521153.4433365
train/actor/dvac_local_center_error,96,95,2.384185791015625e-07,1789521804.1362138
train/actor/dvac_local_center_error,97,96,1.7881393432617188e-07,1789522510.050508
train/actor/dvac_local_center_error,98,97,2.384185791015625e-07,1789523160.9557145
train/actor/dvac_local_center_error,99,98,2.384185791015625e-07,1789523799.520304
train/actor/dvac_local_center_error,100,99,1.7881393432617188e-07,1789524756.7827213
train/actor/dvac_local_center_error,101,100,2.384185791015625e-07,1789525428.184125
train/actor/dvac_local_center_error,102,101,2.384185791015625e-07,1789526077.4694488
train/actor/dvac_local_center_error,103,102,2.980232238769531e-07,1789526738.468182
train/actor/dvac_local_center_error,104,103,1.7881393432617188e-07,1789527380.5609987
train/actor/dvac_local_center_error,105,104,2.384185791015625e-07,1789528274.5023324
train/actor/dvac_local_center_error,106,105,2.384185791015625e-07,1789528932.5331824
train/actor/dvac_local_center_error,107,106,2.384185791015625e-07,1789529592.792562
train/actor/dvac_local_center_error,108,107,1.7881393432617188e-07,1789530256.9985235
train/actor/dvac_local_center_error,109,108,2.384185791015625e-07,1789530913.178902
train/actor/dvac_local_center_error,110,109,2.384185791015625e-07,1789531866.290772
train/actor/dvac_local_center_error,111,110,1.7881393432617188e-07,1789532497.650975
train/actor/dvac_local_center_error,112,111,1.7881393432617188e-07,1789533174.928497
train/actor/dvac_local_center_error,113,112,2.384185791015625e-07,1789533828.9873486
train/actor/dvac_local_center_error,114,113,2.384185791015625e-07,1789534565.1202157
train/actor/dvac_local_center_error,115,114,2.384185791015625e-07,1789535498.146731
train/actor/dvac_negative_adv_mass_ratio,1,0,1.0,1789452513.717031
train/actor/dvac_negative_adv_mass_ratio,2,1,1.0,1789453181.7688327
train/actor/dvac_negative_adv_mass_ratio,3,2,1.0,1789453885.2920058
train/actor/dvac_negative_adv_mass_ratio,4,3,1.0,1789454567.9455078
train/actor/dvac_negative_adv_mass_ratio,5,4,1.0,1789455534.1102602
train/actor/dvac_negative_adv_mass_ratio,6,5,1.0,1789456278.5120866
train/actor/dvac_negative_adv_mass_ratio,7,6,1.0,1789457002.3739085
train/actor/dvac_negative_adv_mass_ratio,8,7,1.0,1789457628.2943082
train/actor/dvac_negative_adv_mass_ratio,9,8,1.0,1789458295.2900178
train/actor/dvac_negative_adv_mass_ratio,10,9,1.0,1789459334.443172
train/actor/dvac_negative_adv_mass_ratio,11,10,1.0,1789460058.1953802
train/actor/dvac_negative_adv_mass_ratio,12,11,1.0,1789460782.5414271
train/actor/dvac_negative_adv_mass_ratio,13,12,1.0,1789461449.9363706
train/actor/dvac_negative_adv_mass_ratio,14,13,1.0,1789462112.1413
train/actor/dvac_negative_adv_mass_ratio,15,14,1.0,1789463111.8492274
train/actor/dvac_negative_adv_mass_ratio,16,15,1.0,1789463778.399886
train/actor/dvac_negative_adv_mass_ratio,17,16,1.0,1789464507.670681
train/actor/dvac_negative_adv_mass_ratio,18,17,1.0,1789465199.4100232
train/actor/dvac_negative_adv_mass_ratio,19,18,1.0,1789465877.9344566
train/actor/dvac_negative_adv_mass_ratio,20,19,1.0,1789466942.0014856
train/actor/dvac_negative_adv_mass_ratio,21,20,1.0,1789467675.9512146
train/actor/dvac_negative_adv_mass_ratio,22,21,1.0,1789468449.8554583
train/actor/dvac_negative_adv_mass_ratio,23,22,1.0,1789469122.5141802
train/actor/dvac_negative_adv_mass_ratio,24,23,1.0,1789469849.5466356
train/actor/dvac_negative_adv_mass_ratio,25,24,1.0,1789470818.618194
train/actor/dvac_negative_adv_mass_ratio,26,25,1.0,1789471527.8400311
train/actor/dvac_negative_adv_mass_ratio,27,26,1.0,1789472244.9559171
train/actor/dvac_negative_adv_mass_ratio,28,27,1.0,1789472933.443288
train/actor/dvac_negative_adv_mass_ratio,29,28,1.0,1789473579.3952503
train/actor/dvac_negative_adv_mass_ratio,30,29,1.0,1789474608.0089953
train/actor/dvac_negative_adv_mass_ratio,31,30,1.0,1789475311.9785001
train/actor/dvac_negative_adv_mass_ratio,32,31,1.0,1789476051.4381237
train/actor/dvac_negative_adv_mass_ratio,33,32,1.0,1789476700.6155074
train/actor/dvac_negative_adv_mass_ratio,34,33,1.0,1789477337.2901716
train/actor/dvac_negative_adv_mass_ratio,35,34,1.0,1789478300.4043715
train/actor/dvac_negative_adv_mass_ratio,36,35,1.0,1789478939.485491
train/actor/dvac_negative_adv_mass_ratio,37,36,1.0,1789479586.8836675
train/actor/dvac_negative_adv_mass_ratio,38,37,1.0,1789480268.5535157
train/actor/dvac_negative_adv_mass_ratio,39,38,1.0,1789480933.1429245
train/actor/dvac_negative_adv_mass_ratio,40,39,1.0,1789481951.2804308
train/actor/dvac_negative_adv_mass_ratio,41,40,1.0,1789482609.7343276
train/actor/dvac_negative_adv_mass_ratio,42,41,1.0,1789483325.6353223
train/actor/dvac_negative_adv_mass_ratio,43,42,1.0,1789484004.8491547
train/actor/dvac_negative_adv_mass_ratio,44,43,1.0,1789484671.99896
train/actor/dvac_negative_adv_mass_ratio,45,44,1.0,1789485658.141174
train/actor/dvac_negative_adv_mass_ratio,46,45,1.0,1789486365.7427025
train/actor/dvac_negative_adv_mass_ratio,47,46,1.0,1789487036.8021975
train/actor/dvac_negative_adv_mass_ratio,48,47,1.0,1789487694.009184
train/actor/dvac_negative_adv_mass_ratio,49,48,1.0,1789488381.422892
train/actor/dvac_negative_adv_mass_ratio,50,49,1.0,1789489328.6446657
train/actor/dvac_negative_adv_mass_ratio,51,50,1.0,1789490016.5806098
train/actor/dvac_negative_adv_mass_ratio,52,51,1.0,1789490661.2885811
train/actor/dvac_negative_adv_mass_ratio,53,52,1.0,1789491298.8933926
train/actor/dvac_negative_adv_mass_ratio,54,53,1.0,1789491944.9447496
train/actor/dvac_negative_adv_mass_ratio,55,54,1.0,1789492891.548332
train/actor/dvac_negative_adv_mass_ratio,56,55,1.0,1789493543.730201
train/actor/dvac_negative_adv_mass_ratio,57,56,1.0,1789494198.8662877
train/actor/dvac_negative_adv_mass_ratio,58,57,1.0,1789494847.8838634
train/actor/dvac_negative_adv_mass_ratio,59,58,1.0,1789495488.3913705
train/actor/dvac_negative_adv_mass_ratio,60,59,1.0,1789496471.9413853
train/actor/dvac_negative_adv_mass_ratio,61,60,1.0,1789497108.550188
train/actor/dvac_negative_adv_mass_ratio,62,61,1.0,1789497742.9934666
train/actor/dvac_negative_adv_mass_ratio,63,62,1.0,1789498386.8992262
train/actor/dvac_negative_adv_mass_ratio,64,63,1.0,1789499017.011924
train/actor/dvac_negative_adv_mass_ratio,65,64,1.0,1789500008.629641
train/actor/dvac_negative_adv_mass_ratio,66,65,1.0,1789500674.5106726
train/actor/dvac_negative_adv_mass_ratio,67,66,1.0,1789501332.0574791
train/actor/dvac_negative_adv_mass_ratio,68,67,1.0,1789502024.0317936
train/actor/dvac_negative_adv_mass_ratio,69,68,1.0,1789502677.4887037
train/actor/dvac_negative_adv_mass_ratio,70,69,1.0,1789503669.5392325
train/actor/dvac_negative_adv_mass_ratio,71,70,1.0,1789504306.3299716
train/actor/dvac_negative_adv_mass_ratio,72,71,1.0,1789504952.6419506
train/actor/dvac_negative_adv_mass_ratio,73,72,1.0,1789505582.5911546
train/actor/dvac_negative_adv_mass_ratio,74,73,1.0,1789506217.8143687
train/actor/dvac_negative_adv_mass_ratio,75,74,1.0,1789507204.9475155
train/actor/dvac_negative_adv_mass_ratio,76,75,1.0,1789507834.0843801
train/actor/dvac_negative_adv_mass_ratio,77,76,1.0,1789508483.9503348
train/actor/dvac_negative_adv_mass_ratio,78,77,1.0,1789509120.613835
train/actor/dvac_negative_adv_mass_ratio,79,78,1.0,1789509760.0415394
train/actor/dvac_negative_adv_mass_ratio,80,79,1.0,1789510701.3084319
train/actor/dvac_negative_adv_mass_ratio,81,80,1.0,1789511364.9528606
train/actor/dvac_negative_adv_mass_ratio,82,81,1.0,1789512019.1150937
train/actor/dvac_negative_adv_mass_ratio,83,82,1.0,1789512652.4265587
train/actor/dvac_negative_adv_mass_ratio,84,83,1.0,1789513284.99877
train/actor/dvac_negative_adv_mass_ratio,85,84,1.0,1789514190.522912
train/actor/dvac_negative_adv_mass_ratio,86,85,1.0,1789514826.5712955
train/actor/dvac_negative_adv_mass_ratio,87,86,1.0,1789515458.978807
train/actor/dvac_negative_adv_mass_ratio,88,87,1.0,1789516105.4979198
train/actor/dvac_negative_adv_mass_ratio,89,88,1.0,1789516756.188859
train/actor/dvac_negative_adv_mass_ratio,90,89,1.0,1789517701.4606419
train/actor/dvac_negative_adv_mass_ratio,91,90,1.0,1789518333.2343078
train/actor/dvac_negative_adv_mass_ratio,92,91,1.0,1789518958.995794
train/actor/dvac_negative_adv_mass_ratio,93,92,1.0,1789519599.5408885
train/actor/dvac_negative_adv_mass_ratio,94,93,1.0,1789520239.1334262
train/actor/dvac_negative_adv_mass_ratio,95,94,1.0,1789521153.4433424
train/actor/dvac_negative_adv_mass_ratio,96,95,1.0,1789521804.1362197
train/actor/dvac_negative_adv_mass_ratio,97,96,1.0,1789522510.0505178
train/actor/dvac_negative_adv_mass_ratio,98,97,1.0,1789523160.9557202
train/actor/dvac_negative_adv_mass_ratio,99,98,1.0,1789523799.5203114
train/actor/dvac_negative_adv_mass_ratio,100,99,1.0,1789524756.7827287
train/actor/dvac_negative_adv_mass_ratio,101,100,1.0,1789525428.184131
train/actor/dvac_negative_adv_mass_ratio,102,101,1.0,1789526077.4694552
train/actor/dvac_negative_adv_mass_ratio,103,102,1.0,1789526738.4681885
train/actor/dvac_negative_adv_mass_ratio,104,103,1.0,1789527380.5610056
train/actor/dvac_negative_adv_mass_ratio,105,104,1.0,1789528274.5023417
train/actor/dvac_negative_adv_mass_ratio,106,105,1.0,1789528932.5331886
train/actor/dvac_negative_adv_mass_ratio,107,106,1.0,1789529592.79257
train/actor/dvac_negative_adv_mass_ratio,108,107,1.0,1789530256.99853
train/actor/dvac_negative_adv_mass_ratio,109,108,1.0,1789530913.1789079
train/actor/dvac_negative_adv_mass_ratio,110,109,1.0,1789531866.290778
train/actor/dvac_negative_adv_mass_ratio,111,110,1.0,1789532497.650984
train/actor/dvac_negative_adv_mass_ratio,112,111,1.0,1789533174.928503
train/actor/dvac_negative_adv_mass_ratio,113,112,1.0,1789533828.9873576
train/actor/dvac_negative_adv_mass_ratio,114,113,1.0,1789534565.1202238
train/actor/dvac_negative_adv_mass_ratio,115,114,1.0,1789535498.1467402
train/actor/dvac_positive_adv_mass_ratio,1,0,1.0,1789452513.717038
train/actor/dvac_positive_adv_mass_ratio,2,1,1.0,1789453181.7688406
train/actor/dvac_positive_adv_mass_ratio,3,2,1.0,1789453885.2920115
train/actor/dvac_positive_adv_mass_ratio,4,3,1.0,1789454567.9455137
train/actor/dvac_positive_adv_mass_ratio,5,4,1.0000001192092896,1789455534.1102653
train/actor/dvac_positive_adv_mass_ratio,6,5,1.0,1789456278.5120919
train/actor/dvac_positive_adv_mass_ratio,7,6,0.9999999403953552,1789457002.3739145
train/actor/dvac_positive_adv_mass_ratio,8,7,1.0,1789457628.2943156
train/actor/dvac_positive_adv_mass_ratio,9,8,1.0,1789458295.290024
train/actor/dvac_positive_adv_mass_ratio,10,9,1.0000001192092896,1789459334.4431775
train/actor/dvac_positive_adv_mass_ratio,11,10,1.0000001192092896,1789460058.195387
train/actor/dvac_positive_adv_mass_ratio,12,11,1.0000001192092896,1789460782.5414338
train/actor/dvac_positive_adv_mass_ratio,13,12,0.9999999403953552,1789461449.936377
train/actor/dvac_positive_adv_mass_ratio,14,13,1.0000001192092896,1789462112.1413064
train/actor/dvac_positive_adv_mass_ratio,15,14,0.9999999403953552,1789463111.8492367
train/actor/dvac_positive_adv_mass_ratio,16,15,1.0000001192092896,1789463778.3998923
train/actor/dvac_positive_adv_mass_ratio,17,16,1.0,1789464507.670687
train/actor/dvac_positive_adv_mass_ratio,18,17,0.9999999403953552,1789465199.4100294
train/actor/dvac_positive_adv_mass_ratio,19,18,1.0,1789465877.9344625
train/actor/dvac_positive_adv_mass_ratio,20,19,0.9999999403953552,1789466942.0014927
train/actor/dvac_positive_adv_mass_ratio,21,20,0.9999998807907104,1789467675.9512208
train/actor/dvac_positive_adv_mass_ratio,22,21,1.0,1789468449.855465
train/actor/dvac_positive_adv_mass_ratio,23,22,1.0000001192092896,1789469122.514186
train/actor/dvac_positive_adv_mass_ratio,24,23,1.000000238418579,1789469849.5466418
train/actor/dvac_positive_adv_mass_ratio,25,24,0.9999998807907104,1789470818.6181998
train/actor/dvac_positive_adv_mass_ratio,26,25,1.0,1789471527.840037
train/actor/dvac_positive_adv_mass_ratio,27,26,1.0000001192092896,1789472244.9559226
train/actor/dvac_positive_adv_mass_ratio,28,27,0.9999998211860657,1789472933.443294
train/actor/dvac_positive_adv_mass_ratio,29,28,1.0000001192092896,1789473579.3952572
train/actor/dvac_positive_adv_mass_ratio,30,29,1.0,1789474608.0090008
train/actor/dvac_positive_adv_mass_ratio,31,30,1.0,1789475311.9785066
train/actor/dvac_positive_adv_mass_ratio,32,31,1.0000001192092896,1789476051.4381301
train/actor/dvac_positive_adv_mass_ratio,33,32,1.0000001192092896,1789476700.6155221
train/actor/dvac_positive_adv_mass_ratio,34,33,1.0,1789477337.2901785
train/actor/dvac_positive_adv_mass_ratio,35,34,1.0000001192092896,1789478300.4043941
train/actor/dvac_positive_adv_mass_ratio,36,35,1.0,1789478939.485498
train/actor/dvac_positive_adv_mass_ratio,37,36,1.0000001192092896,1789479586.8836732
train/actor/dvac_positive_adv_mass_ratio,38,37,1.0,1789480268.553522
train/actor/dvac_positive_adv_mass_ratio,39,38,1.0000001192092896,1789480933.1429307
train/actor/dvac_positive_adv_mass_ratio,40,39,0.9999999403953552,1789481951.2804406
train/actor/dvac_positive_adv_mass_ratio,41,40,1.0,1789482609.7343352
train/actor/dvac_positive_adv_mass_ratio,42,41,1.0000001192092896,1789483325.6353307
train/actor/dvac_positive_adv_mass_ratio,43,42,1.0,1789484004.849161
train/actor/dvac_positive_adv_mass_ratio,44,43,0.9999998807907104,1789484671.998966
train/actor/dvac_positive_adv_mass_ratio,45,44,1.0,1789485658.1411831
train/actor/dvac_positive_adv_mass_ratio,46,45,1.0,1789486365.742709
train/actor/dvac_positive_adv_mass_ratio,47,46,0.9999999403953552,1789487036.8022041
train/actor/dvac_positive_adv_mass_ratio,48,47,1.0,1789487694.00919
train/actor/dvac_positive_adv_mass_ratio,49,48,1.0,1789488381.422899
train/actor/dvac_positive_adv_mass_ratio,50,49,0.9999998211860657,1789489328.644672
train/actor/dvac_positive_adv_mass_ratio,51,50,1.0,1789490016.5806153
train/actor/dvac_positive_adv_mass_ratio,52,51,1.0,1789490661.2885876
train/actor/dvac_positive_adv_mass_ratio,53,52,1.0,1789491298.8933985
train/actor/dvac_positive_adv_mass_ratio,54,53,1.0,1789491944.944756
train/actor/dvac_positive_adv_mass_ratio,55,54,0.9999999403953552,1789492891.548354
train/actor/dvac_positive_adv_mass_ratio,56,55,1.0,1789493543.7302067
train/actor/dvac_positive_adv_mass_ratio,57,56,1.0000001192092896,1789494198.8662984
train/actor/dvac_positive_adv_mass_ratio,58,57,1.0000001192092896,1789494847.8838692
train/actor/dvac_positive_adv_mass_ratio,59,58,1.0000001192092896,1789495488.3913767
train/actor/dvac_positive_adv_mass_ratio,60,59,1.0000001192092896,1789496471.9413931
train/actor/dvac_positive_adv_mass_ratio,61,60,1.0000001192092896,1789497108.5501935
train/actor/dvac_positive_adv_mass_ratio,62,61,1.0,1789497742.993473
train/actor/dvac_positive_adv_mass_ratio,63,62,1.0000001192092896,1789498386.8992321
train/actor/dvac_positive_adv_mass_ratio,64,63,1.0000001192092896,1789499017.0119302
train/actor/dvac_positive_adv_mass_ratio,65,64,1.0000001192092896,1789500008.6296496
train/actor/dvac_positive_adv_mass_ratio,66,65,1.0000001192092896,1789500674.510679
train/actor/dvac_positive_adv_mass_ratio,67,66,0.9999999403953552,1789501332.057488
train/actor/dvac_positive_adv_mass_ratio,68,67,1.0000001192092896,1789502024.0318
train/actor/dvac_positive_adv_mass_ratio,69,68,1.0,1789502677.48871
train/actor/dvac_positive_adv_mass_ratio,70,69,1.0,1789503669.5392416
train/actor/dvac_positive_adv_mass_ratio,71,70,0.9999998211860657,1789504306.3299787
train/actor/dvac_positive_adv_mass_ratio,72,71,1.0,1789504952.6419566
train/actor/dvac_positive_adv_mass_ratio,73,72,0.9999998807907104,1789505582.5911603
train/actor/dvac_positive_adv_mass_ratio,74,73,1.0,1789506217.814375
train/actor/dvac_positive_adv_mass_ratio,75,74,1.0,1789507204.947529
train/actor/dvac_positive_adv_mass_ratio,76,75,1.0,1789507834.0843863
train/actor/dvac_positive_adv_mass_ratio,77,76,1.0,1789508483.9503405
train/actor/dvac_positive_adv_mass_ratio,78,77,1.0,1789509120.613842
train/actor/dvac_positive_adv_mass_ratio,79,78,1.0000001192092896,1789509760.0415447
train/actor/dvac_positive_adv_mass_ratio,80,79,1.0000001192092896,1789510701.3084378
train/actor/dvac_positive_adv_mass_ratio,81,80,1.0,1789511364.9528666
train/actor/dvac_positive_adv_mass_ratio,82,81,1.0000001192092896,1789512019.1151013
train/actor/dvac_positive_adv_mass_ratio,83,82,0.9999998807907104,1789512652.426565
train/actor/dvac_positive_adv_mass_ratio,84,83,1.0000001192092896,1789513284.9987767
train/actor/dvac_positive_adv_mass_ratio,85,84,0.9999999403953552,1789514190.5229177
train/actor/dvac_positive_adv_mass_ratio,86,85,1.0000001192092896,1789514826.5713007
train/actor/dvac_positive_adv_mass_ratio,87,86,1.0000001192092896,1789515458.9788134
train/actor/dvac_positive_adv_mass_ratio,88,87,0.9999999403953552,1789516105.497926
train/actor/dvac_positive_adv_mass_ratio,89,88,0.9999999403953552,1789516756.188865
train/actor/dvac_positive_adv_mass_ratio,90,89,0.9999999403953552,1789517701.4606478
train/actor/dvac_positive_adv_mass_ratio,91,90,1.0,1789518333.2343135
train/actor/dvac_positive_adv_mass_ratio,92,91,1.0,1789518958.9958014
train/actor/dvac_positive_adv_mass_ratio,93,92,1.0000001192092896,1789519599.5408943
train/actor/dvac_positive_adv_mass_ratio,94,93,0.9999998807907104,1789520239.1334329
train/actor/dvac_positive_adv_mass_ratio,95,94,1.0,1789521153.4433477
train/actor/dvac_positive_adv_mass_ratio,96,95,1.0,1789521804.1362257
train/actor/dvac_positive_adv_mass_ratio,97,96,1.0,1789522510.0505283
train/actor/dvac_positive_adv_mass_ratio,98,97,1.0,1789523160.9557273
train/actor/dvac_positive_adv_mass_ratio,99,98,1.0,1789523799.5203183
train/actor/dvac_positive_adv_mass_ratio,100,99,1.0,1789524756.7827356
train/actor/dvac_positive_adv_mass_ratio,101,100,1.0,1789525428.1841366
train/actor/dvac_positive_adv_mass_ratio,102,101,1.0000001192092896,1789526077.469462
train/actor/dvac_positive_adv_mass_ratio,103,102,1.0,1789526738.4681945
train/actor/dvac_positive_adv_mass_ratio,104,103,1.0,1789527380.561012
train/actor/dvac_positive_adv_mass_ratio,105,104,1.0,1789528274.5023515
train/actor/dvac_positive_adv_mass_ratio,106,105,1.0000001192092896,1789528932.5331945
train/actor/dvac_positive_adv_mass_ratio,107,106,1.0,1789529592.7925777
train/actor/dvac_positive_adv_mass_ratio,108,107,0.9999998807907104,1789530256.9985356
train/actor/dvac_positive_adv_mass_ratio,109,108,1.0000001192092896,1789530913.1789138
train/actor/dvac_positive_adv_mass_ratio,110,109,1.0,1789531866.2907832
train/actor/dvac_positive_adv_mass_ratio,111,110,1.0,1789532497.650993
train/actor/dvac_positive_adv_mass_ratio,112,111,1.0,1789533174.9285088
train/actor/dvac_positive_adv_mass_ratio,113,112,1.0,1789533828.987367
train/actor/dvac_positive_adv_mass_ratio,114,113,0.9999999403953552,1789534565.1202316
train/actor/dvac_positive_adv_mass_ratio,115,114,1.0000001192092896,1789535498.14675
train/actor/dvac_valid_chunks,1,0,389.0,1789452513.717044
train/actor/dvac_valid_chunks,2,1,365.0,1789453181.7688463
train/actor/dvac_valid_chunks,3,2,428.0,1789453885.2920172
train/actor/dvac_valid_chunks,4,3,365.0,1789454567.9455192
train/actor/dvac_valid_chunks,5,4,349.0,1789455534.110271
train/actor/dvac_valid_chunks,6,5,366.0,1789456278.5120976
train/actor/dvac_valid_chunks,7,6,455.0,1789457002.373921
train/actor/dvac_valid_chunks,8,7,419.0,1789457628.2943232
train/actor/dvac_valid_chunks,9,8,386.0,1789458295.2900302
train/actor/dvac_valid_chunks,10,9,409.0,1789459334.443183
train/actor/dvac_valid_chunks,11,10,445.0,1789460058.1953936
train/actor/dvac_valid_chunks,12,11,375.0,1789460782.54144
train/actor/dvac_valid_chunks,13,12,431.0,1789461449.9363832
train/actor/dvac_valid_chunks,14,13,410.0,1789462112.1413124
train/actor/dvac_valid_chunks,15,14,420.0,1789463111.849246
train/actor/dvac_valid_chunks,16,15,447.0,1789463778.3998983
train/actor/dvac_valid_chunks,17,16,419.0,1789464507.6706932
train/actor/dvac_valid_chunks,18,17,381.0,1789465199.4100347
train/actor/dvac_valid_chunks,19,18,374.0,1789465877.934468
train/actor/dvac_valid_chunks,20,19,297.0,1789466942.0015001
train/actor/dvac_valid_chunks,21,20,388.0,1789467675.9512265
train/actor/dvac_valid_chunks,22,21,442.0,1789468449.8554711
train/actor/dvac_valid_chunks,23,22,412.0,1789469122.5141919
train/actor/dvac_valid_chunks,24,23,379.0,1789469849.5466483
train/actor/dvac_valid_chunks,25,24,365.0,1789470818.6182058
train/actor/dvac_valid_chunks,26,25,451.0,1789471527.840043
train/actor/dvac_valid_chunks,27,26,374.0,1789472244.955932
train/actor/dvac_valid_chunks,28,27,459.0,1789472933.4432993
train/actor/dvac_valid_chunks,29,28,405.0,1789473579.3952637
train/actor/dvac_valid_chunks,30,29,450.0,1789474608.0090065
train/actor/dvac_valid_chunks,31,30,413.0,1789475311.9785125
train/actor/dvac_valid_chunks,32,31,393.0,1789476051.438136
train/actor/dvac_valid_chunks,33,32,445.0,1789476700.6155367
train/actor/dvac_valid_chunks,34,33,407.0,1789477337.2901845
train/actor/dvac_valid_chunks,35,34,411.0,1789478300.4044147
train/actor/dvac_valid_chunks,36,35,388.0,1789478939.4855042
train/actor/dvac_valid_chunks,37,36,407.0,1789479586.8836784
train/actor/dvac_valid_chunks,38,37,405.0,1789480268.5535283
train/actor/dvac_valid_chunks,39,38,422.0,1789480933.1429365
train/actor/dvac_valid_chunks,40,39,453.0,1789481951.2804494
train/actor/dvac_valid_chunks,41,40,405.0,1789482609.734342
train/actor/dvac_valid_chunks,42,41,453.0,1789483325.6353388
train/actor/dvac_valid_chunks,43,42,385.0,1789484004.8491695
train/actor/dvac_valid_chunks,44,43,358.0,1789484671.998972
train/actor/dvac_valid_chunks,45,44,428.0,1789485658.1411934
train/actor/dvac_valid_chunks,46,45,412.0,1789486365.742715
train/actor/dvac_valid_chunks,47,46,440.0,1789487036.8022168
train/actor/dvac_valid_chunks,48,47,419.0,1789487694.0091965
train/actor/dvac_valid_chunks,49,48,420.0,1789488381.4229057
train/actor/dvac_valid_chunks,50,49,382.0,1789489328.6446779
train/actor/dvac_valid_chunks,51,50,474.0,1789490016.580621
train/actor/dvac_valid_chunks,52,51,392.0,1789490661.288594
train/actor/dvac_valid_chunks,53,52,376.0,1789491298.8934047
train/actor/dvac_valid_chunks,54,53,475.0,1789491944.9447625
train/actor/dvac_valid_chunks,55,54,375.0,1789492891.5483737
train/actor/dvac_valid_chunks,56,55,401.0,1789493543.7302122
train/actor/dvac_valid_chunks,57,56,409.0,1789494198.8663087
train/actor/dvac_valid_chunks,58,57,380.0,1789494847.8838751
train/actor/dvac_valid_chunks,59,58,381.0,1789495488.3913827
train/actor/dvac_valid_chunks,60,59,359.0,1789496471.9414
train/actor/dvac_valid_chunks,61,60,444.0,1789497108.550199
train/actor/dvac_valid_chunks,62,61,411.0,1789497742.9934795
train/actor/dvac_valid_chunks,63,62,344.0,1789498386.8992376
train/actor/dvac_valid_chunks,64,63,422.0,1789499017.0119355
train/actor/dvac_valid_chunks,65,64,442.0,1789500008.6296573
train/actor/dvac_valid_chunks,66,65,382.0,1789500674.510685
train/actor/dvac_valid_chunks,67,66,447.0,1789501332.0575006
train/actor/dvac_valid_chunks,68,67,443.0,1789502024.0318067
train/actor/dvac_valid_chunks,69,68,477.0,1789502677.4887164
train/actor/dvac_valid_chunks,70,69,385.0,1789503669.5392501
train/actor/dvac_valid_chunks,71,70,411.0,1789504306.3299859
train/actor/dvac_valid_chunks,72,71,459.0,1789504952.6419625
train/actor/dvac_valid_chunks,73,72,343.0,1789505582.5911665
train/actor/dvac_valid_chunks,74,73,424.0,1789506217.814381
train/actor/dvac_valid_chunks,75,74,440.0,1789507204.9475415
train/actor/dvac_valid_chunks,76,75,356.0,1789507834.0843923
train/actor/dvac_valid_chunks,77,76,420.0,1789508483.9503465
train/actor/dvac_valid_chunks,78,77,395.0,1789509120.6138487
train/actor/dvac_valid_chunks,79,78,354.0,1789509760.041551
train/actor/dvac_valid_chunks,80,79,456.0,1789510701.308443
train/actor/dvac_valid_chunks,81,80,455.0,1789511364.9528723
train/actor/dvac_valid_chunks,82,81,450.0,1789512019.1151085
train/actor/dvac_valid_chunks,83,82,340.0,1789512652.4265707
train/actor/dvac_valid_chunks,84,83,261.0,1789513284.998782
train/actor/dvac_valid_chunks,85,84,483.0,1789514190.5229235
train/actor/dvac_valid_chunks,86,85,416.0,1789514826.5713065
train/actor/dvac_valid_chunks,87,86,365.0,1789515458.978823
train/actor/dvac_valid_chunks,88,87,486.0,1789516105.4979315
train/actor/dvac_valid_chunks,89,88,443.0,1789516756.188871
train/actor/dvac_valid_chunks,90,89,445.0,1789517701.4606538
train/actor/dvac_valid_chunks,91,90,347.0,1789518333.2343197
train/actor/dvac_valid_chunks,92,91,440.0,1789518958.9958086
train/actor/dvac_valid_chunks,93,92,451.0,1789519599.5408998
train/actor/dvac_valid_chunks,94,93,362.0,1789520239.1334388
train/actor/dvac_valid_chunks,95,94,432.0,1789521153.4433537
train/actor/dvac_valid_chunks,96,95,418.0,1789521804.1362317
train/actor/dvac_valid_chunks,97,96,394.0,1789522510.050538
train/actor/dvac_valid_chunks,98,97,393.0,1789523160.9557335
train/actor/dvac_valid_chunks,99,98,389.0,1789523799.520325
train/actor/dvac_valid_chunks,100,99,448.0,1789524756.7827423
train/actor/dvac_valid_chunks,101,100,446.0,1789525428.1841428
train/actor/dvac_valid_chunks,102,101,391.0,1789526077.4694684
train/actor/dvac_valid_chunks,103,102,396.0,1789526738.4682007
train/actor/dvac_valid_chunks,104,103,448.0,1789527380.5610187
train/actor/dvac_valid_chunks,105,104,424.0,1789528274.5023618
train/actor/dvac_valid_chunks,106,105,430.0,1789528932.5332
train/actor/dvac_valid_chunks,107,106,419.0,1789529592.792588
train/actor/dvac_valid_chunks,108,107,358.0,1789530256.9985418
train/actor/dvac_valid_chunks,109,108,441.0,1789530913.178919
train/actor/dvac_valid_chunks,110,109,418.0,1789531866.290789
train/actor/dvac_valid_chunks,111,110,424.0,1789532497.6510022
train/actor/dvac_valid_chunks,112,111,458.0,1789533174.9285145
train/actor/dvac_valid_chunks,113,112,487.0,1789533828.9873762
train/actor/dvac_valid_chunks,114,113,444.0,1789534565.1202493
train/actor/dvac_valid_chunks,115,114,449.0,1789535498.1467595
train/actor/dvac_weight_max,1,0,2.969053030014038,1789452513.7170508
train/actor/dvac_weight_max,2,1,3.560518741607666,1789453181.7688525
train/actor/dvac_weight_max,3,2,2.958850622177124,1789453885.292023
train/actor/dvac_weight_max,4,3,3.2311198711395264,1789454567.9455245
train/actor/dvac_weight_max,5,4,3.373544692993164,1789455534.111062
train/actor/dvac_weight_max,6,5,3.166506290435791,1789456278.5121033
train/actor/dvac_weight_max,7,6,3.226560592651367,1789457002.3739266
train/actor/dvac_weight_max,8,7,3.1527113914489746,1789457628.29433
train/actor/dvac_weight_max,9,8,2.9465696811676025,1789458295.2900364
train/actor/dvac_weight_max,10,9,3.195247173309326,1789459334.4436858
train/actor/dvac_weight_max,11,10,3.1848344802856445,1789460058.1953998
train/actor/dvac_weight_max,12,11,3.2404158115386963,1789460782.5414457
train/actor/dvac_weight_max,13,12,3.110436201095581,1789461449.9363894
train/actor/dvac_weight_max,14,13,3.3446528911590576,1789462112.1413183
train/actor/dvac_weight_max,15,14,2.9923222064971924,1789463111.8497784
train/actor/dvac_weight_max,16,15,3.1381778717041016,1789463778.399905
train/actor/dvac_weight_max,17,16,3.112441062927246,1789464507.6706994
train/actor/dvac_weight_max,18,17,3.2577600479125977,1789465199.4100409
train/actor/dvac_weight_max,19,18,2.945507049560547,1789465877.9344742
train/actor/dvac_weight_max,20,19,2.747743844985962,1789466942.0019262
train/actor/dvac_weight_max,21,20,2.9423341751098633,1789467675.951232
train/actor/dvac_weight_max,22,21,3.380657196044922,1789468449.8554776
train/actor/dvac_weight_max,23,22,3.369638681411743,1789469122.514198
train/actor/dvac_weight_max,24,23,3.302395820617676,1789469849.5466545
train/actor/dvac_weight_max,25,24,2.837101936340332,1789470818.6183994
train/actor/dvac_weight_max,26,25,3.0547358989715576,1789471527.8400483
train/actor/dvac_weight_max,27,26,3.529046058654785,1789472244.9559379
train/actor/dvac_weight_max,28,27,3.1891274452209473,1789472933.4433057
train/actor/dvac_weight_max,29,28,3.238975763320923,1789473579.3952708
train/actor/dvac_weight_max,30,29,2.9472131729125977,1789474608.0094326
train/actor/dvac_weight_max,31,30,3.3433895111083984,1789475311.978519
train/actor/dvac_weight_max,32,31,3.294255495071411,1789476051.4381416
train/actor/dvac_weight_max,33,32,3.0823426246643066,1789476700.6155512
train/actor/dvac_weight_max,34,33,3.526987314224243,1789477337.2901912
train/actor/dvac_weight_max,35,34,3.6917829513549805,1789478300.4051409
train/actor/dvac_weight_max,36,35,3.417479991912842,1789478939.4855103
train/actor/dvac_weight_max,37,36,3.5367581844329834,1789479586.8836846
train/actor/dvac_weight_max,38,37,3.466754674911499,1789480268.5535345
train/actor/dvac_weight_max,39,38,2.967348575592041,1789480933.1429427
train/actor/dvac_weight_max,40,39,3.9011037349700928,1789481951.2807322
train/actor/dvac_weight_max,41,40,2.8386752605438232,1789482609.7343493
train/actor/dvac_weight_max,42,41,3.0929908752441406,1789483325.6353467
train/actor/dvac_weight_max,43,42,3.299463987350464,1789484004.849175
train/actor/dvac_weight_max,44,43,3.30710506439209,1789484671.9989784
train/actor/dvac_weight_max,45,44,2.994277000427246,1789485658.1417794
train/actor/dvac_weight_max,46,45,3.4967174530029297,1789486365.7427208
train/actor/dvac_weight_max,47,46,2.99969744682312,1789487036.8022232
train/actor/dvac_weight_max,48,47,2.942504405975342,1789487694.009203
train/actor/dvac_weight_max,49,48,3.3668015003204346,1789488381.4229116
train/actor/dvac_weight_max,50,49,3.4587371349334717,1789489328.6451216
train/actor/dvac_weight_max,51,50,3.6095356941223145,1789490016.5806267
train/actor/dvac_weight_max,52,51,3.0583059787750244,1789490661.2885995
train/actor/dvac_weight_max,53,52,3.175349235534668,1789491298.8934104
train/actor/dvac_weight_max,54,53,3.756986379623413,1789491944.9447682
train/actor/dvac_weight_max,55,54,3.0726654529571533,1789492891.549067
train/actor/dvac_weight_max,56,55,3.1875741481781006,1789493543.7302177
train/actor/dvac_weight_max,57,56,3.0482890605926514,1789494198.8663201
train/actor/dvac_weight_max,58,57,3.0614194869995117,1789494847.8838818
train/actor/dvac_weight_max,59,58,3.0728182792663574,1789495488.3913887
train/actor/dvac_weight_max,60,59,3.5376663208007812,1789496471.9418893
train/actor/dvac_weight_max,61,60,3.3227882385253906,1789497108.5502048
train/actor/dvac_weight_max,62,61,2.9305872917175293,1789497742.9934855
train/actor/dvac_weight_max,63,62,3.38149356842041,1789498386.8992434
train/actor/dvac_weight_max,64,63,2.9557385444641113,1789499017.0119412
train/actor/dvac_weight_max,65,64,3.202133893966675,1789500008.629871
train/actor/dvac_weight_max,66,65,3.109290361404419,1789500674.5106912
train/actor/dvac_weight_max,67,66,3.2514536380767822,1789501332.0575097
train/actor/dvac_weight_max,68,67,2.9577808380126953,1789502024.0318131
train/actor/dvac_weight_max,69,68,3.7051663398742676,1789502677.488723
train/actor/dvac_weight_max,70,69,3.4087817668914795,1789503669.5395982
train/actor/dvac_weight_max,71,70,3.213054656982422,1789504306.329993
train/actor/dvac_weight_max,72,71,3.485292434692383,1789504952.6419687
train/actor/dvac_weight_max,73,72,3.0037989616394043,1789505582.5911732
train/actor/dvac_weight_max,74,73,3.558776378631592,1789506217.8143864
train/actor/dvac_weight_max,75,74,3.1277658939361572,1789507204.9481096
train/actor/dvac_weight_max,76,75,3.147490978240967,1789507834.084398
train/actor/dvac_weight_max,77,76,3.116365909576416,1789508483.9503524
train/actor/dvac_weight_max,78,77,3.1062092781066895,1789509120.6138551
train/actor/dvac_weight_max,79,78,3.121962308883667,1789509760.041557
train/actor/dvac_weight_max,80,79,3.1288774013519287,1789510701.3087003
train/actor/dvac_weight_max,81,80,3.638746500015259,1789511364.9528778
train/actor/dvac_weight_max,82,81,3.216240406036377,1789512019.1151164
train/actor/dvac_weight_max,83,82,2.8671696186065674,1789512652.4265764
train/actor/dvac_weight_max,84,83,3.6122217178344727,1789513284.998788
train/actor/dvac_weight_max,85,84,3.3795130252838135,1789514190.5237517
train/actor/dvac_weight_max,86,85,3.5706777572631836,1789514826.5713124
train/actor/dvac_weight_max,87,86,3.1764583587646484,1789515458.9788291
train/actor/dvac_weight_max,88,87,3.0599353313446045,1789516105.4979372
train/actor/dvac_weight_max,89,88,3.5159871578216553,1789516756.1888766
train/actor/dvac_weight_max,90,89,3.0098934173583984,1789517701.4611807
train/actor/dvac_weight_max,91,90,3.2170932292938232,1789518333.2343252
train/actor/dvac_weight_max,92,91,3.237990617752075,1789518958.9958162
train/actor/dvac_weight_max,93,92,3.453754425048828,1789519599.5409055
train/actor/dvac_weight_max,94,93,3.0789711475372314,1789520239.1334453
train/actor/dvac_weight_max,95,94,3.3590316772460938,1789521153.4435236
train/actor/dvac_weight_max,96,95,3.468596935272217,1789521804.1362484
train/actor/dvac_weight_max,97,96,3.077803373336792,1789522510.0505476
train/actor/dvac_weight_max,98,97,3.236926317214966,1789523160.9557395
train/actor/dvac_weight_max,99,98,3.3555126190185547,1789523799.5203314
train/actor/dvac_weight_max,100,99,2.892012119293213,1789524756.7832305
train/actor/dvac_weight_max,101,100,3.6358602046966553,1789525428.1841488
train/actor/dvac_weight_max,102,101,3.2052013874053955,1789526077.4694748
train/actor/dvac_weight_max,103,102,3.630448579788208,1789526738.4682064
train/actor/dvac_weight_max,104,103,3.0870842933654785,1789527380.5610247
train/actor/dvac_weight_max,105,104,3.547750473022461,1789528274.5030522
train/actor/dvac_weight_max,106,105,3.2474899291992188,1789528932.5332067
train/actor/dvac_weight_max,107,106,3.4435338973999023,1789529592.792595
train/actor/dvac_weight_max,108,107,3.554213523864746,1789530256.9985485
train/actor/dvac_weight_max,109,108,3.3904290199279785,1789530913.1789246
train/actor/dvac_weight_max,110,109,3.805358648300171,1789531866.2912836
train/actor/dvac_weight_max,111,110,4.055233478546143,1789532497.651011
train/actor/dvac_weight_max,112,111,2.923891305923462,1789533174.9285202
train/actor/dvac_weight_max,113,112,3.6344563961029053,1789533828.9873857
train/actor/dvac_weight_max,114,113,3.5795974731445312,1789534565.1202574
train/actor/dvac_weight_max,115,114,3.088954210281372,1789535498.1472542
train/actor/dvac_weight_mean,1,0,1.0,1789452513.7170572
train/actor/dvac_weight_mean,2,1,1.0,1789453181.7688584
train/actor/dvac_weight_mean,3,2,1.0,1789453885.2920287
train/actor/dvac_weight_mean,4,3,1.0,1789454567.94553
train/actor/dvac_weight_mean,5,4,1.0,1789455534.111068
train/actor/dvac_weight_mean,6,5,1.0,1789456278.5121093
train/actor/dvac_weight_mean,7,6,1.0000001192092896,1789457002.373933
train/actor/dvac_weight_mean,8,7,1.0,1789457628.294336
train/actor/dvac_weight_mean,9,8,1.0,1789458295.2900426
train/actor/dvac_weight_mean,10,9,0.9999999403953552,1789459334.4436922
train/actor/dvac_weight_mean,11,10,1.0000001192092896,1789460058.1954057
train/actor/dvac_weight_mean,12,11,0.9999999403953552,1789460782.5414517
train/actor/dvac_weight_mean,13,12,1.0,1789461449.9363954
train/actor/dvac_weight_mean,14,13,0.9999999403953552,1789462112.1413238
train/actor/dvac_weight_mean,15,14,1.0,1789463111.8497894
train/actor/dvac_weight_mean,16,15,1.0,1789463778.399911
train/actor/dvac_weight_mean,17,16,1.0000001192092896,1789464507.670705
train/actor/dvac_weight_mean,18,17,1.0,1789465199.4100468
train/actor/dvac_weight_mean,19,18,1.0,1789465877.9344797
train/actor/dvac_weight_mean,20,19,1.0,1789466942.001934
train/actor/dvac_weight_mean,21,20,0.9999999403953552,1789467675.951238
train/actor/dvac_weight_mean,22,21,1.0,1789468449.8554835
train/actor/dvac_weight_mean,23,22,1.0,1789469122.5142033
train/actor/dvac_weight_mean,24,23,1.0,1789469849.54666
train/actor/dvac_weight_mean,25,24,1.0,1789470818.6184077
train/actor/dvac_weight_mean,26,25,1.0,1789471527.8400538
train/actor/dvac_weight_mean,27,26,1.0,1789472244.955943
train/actor/dvac_weight_mean,28,27,0.9999999403953552,1789472933.4433115
train/actor/dvac_weight_mean,29,28,1.0,1789473579.395277
train/actor/dvac_weight_mean,30,29,1.0000001192092896,1789474608.0094395
train/actor/dvac_weight_mean,31,30,0.9999999403953552,1789475311.9785254
train/actor/dvac_weight_mean,32,31,1.0000001192092896,1789476051.4381475
train/actor/dvac_weight_mean,33,32,0.9999999403953552,1789476700.6155663
train/actor/dvac_weight_mean,34,33,1.0,1789477337.2901971
train/actor/dvac_weight_mean,35,34,1.0000001192092896,1789478300.4051929
train/actor/dvac_weight_mean,36,35,1.0,1789478939.485517
train/actor/dvac_weight_mean,37,36,1.0,1789479586.8836908
train/actor/dvac_weight_mean,38,37,0.9999999403953552,1789480268.5535405
train/actor/dvac_weight_mean,39,38,1.0000001192092896,1789480933.1429484
train/actor/dvac_weight_mean,40,39,1.0000001192092896,1789481951.2807426
train/actor/dvac_weight_mean,41,40,1.0,1789482609.7343564
train/actor/dvac_weight_mean,42,41,1.0,1789483325.635355
train/actor/dvac_weight_mean,43,42,1.0,1789484004.849181
train/actor/dvac_weight_mean,44,43,1.0,1789484671.9989839
train/actor/dvac_weight_mean,45,44,0.9999999403953552,1789485658.1418009
train/actor/dvac_weight_mean,46,45,1.0,1789486365.7427268
train/actor/dvac_weight_mean,47,46,1.0000001192092896,1789487036.8022292
train/actor/dvac_weight_mean,48,47,1.0000001192092896,1789487694.0092087
train/actor/dvac_weight_mean,49,48,1.0000001192092896,1789488381.4229178
train/actor/dvac_weight_mean,50,49,1.0,1789489328.6451283
train/actor/dvac_weight_mean,51,50,1.0,1789490016.5806332
train/actor/dvac_weight_mean,52,51,1.0,1789490661.2886055
train/actor/dvac_weight_mean,53,52,1.0000001192092896,1789491298.8934164
train/actor/dvac_weight_mean,54,53,1.0,1789491944.9447737
train/actor/dvac_weight_mean,55,54,1.0,1789492891.5490887
train/actor/dvac_weight_mean,56,55,1.0000001192092896,1789493543.7302253
train/actor/dvac_weight_mean,57,56,1.0,1789494198.8663309
train/actor/dvac_weight_mean,58,57,1.0,1789494847.8838875
train/actor/dvac_weight_mean,59,58,1.0000001192092896,1789495488.391395
train/actor/dvac_weight_mean,60,59,1.0,1789496471.9418976
train/actor/dvac_weight_mean,61,60,1.0,1789497108.5502102
train/actor/dvac_weight_mean,62,61,1.0,1789497742.9934914
train/actor/dvac_weight_mean,63,62,0.9999999403953552,1789498386.899249
train/actor/dvac_weight_mean,64,63,1.0,1789499017.0119464
train/actor/dvac_weight_mean,65,64,1.0,1789500008.6298764
train/actor/dvac_weight_mean,66,65,1.0,1789500674.510697
train/actor/dvac_weight_mean,67,66,1.0,1789501332.0575178
train/actor/dvac_weight_mean,68,67,1.0,1789502024.0318189
train/actor/dvac_weight_mean,69,68,1.0,1789502677.4887297
train/actor/dvac_weight_mean,70,69,1.0,1789503669.5396118
train/actor/dvac_weight_mean,71,70,1.0,1789504306.33
train/actor/dvac_weight_mean,72,71,1.0,1789504952.6419742
train/actor/dvac_weight_mean,73,72,1.0000001192092896,1789505582.5911787
train/actor/dvac_weight_mean,74,73,1.0,1789506217.814392
train/actor/dvac_weight_mean,75,74,0.9999998807907104,1789507204.94812
train/actor/dvac_weight_mean,76,75,1.0,1789507834.084404
train/actor/dvac_weight_mean,77,76,1.0000001192092896,1789508483.9503584
train/actor/dvac_weight_mean,78,77,1.0,1789509120.6138618
train/actor/dvac_weight_mean,79,78,1.0,1789509760.0415626
train/actor/dvac_weight_mean,80,79,1.0,1789510701.3087068
train/actor/dvac_weight_mean,81,80,1.0000001192092896,1789511364.9528835
train/actor/dvac_weight_mean,82,81,1.0000001192092896,1789512019.1151237
train/actor/dvac_weight_mean,83,82,1.0,1789512652.4265823
train/actor/dvac_weight_mean,84,83,1.0,1789513284.9987938
train/actor/dvac_weight_mean,85,84,1.0,1789514190.5237584
train/actor/dvac_weight_mean,86,85,1.0,1789514826.5713184
train/actor/dvac_weight_mean,87,86,1.0,1789515458.9788349
train/actor/dvac_weight_mean,88,87,0.9999999403953552,1789516105.4979427
train/actor/dvac_weight_mean,89,88,1.0000001192092896,1789516756.1888824
train/actor/dvac_weight_mean,90,89,1.0,1789517701.4611871
train/actor/dvac_weight_mean,91,90,1.0,1789518333.234331
train/actor/dvac_weight_mean,92,91,1.0,1789518958.9958231
train/actor/dvac_weight_mean,93,92,1.0,1789519599.5409114
train/actor/dvac_weight_mean,94,93,1.0,1789520239.133451
train/actor/dvac_weight_mean,95,94,1.0,1789521153.4435303
train/actor/dvac_weight_mean,96,95,1.0,1789521804.1362555
train/actor/dvac_weight_mean,97,96,1.0,1789522510.050558
train/actor/dvac_weight_mean,98,97,1.0,1789523160.955745
train/actor/dvac_weight_mean,99,98,1.0,1789523799.5203373
train/actor/dvac_weight_mean,100,99,1.0,1789524756.7832384
train/actor/dvac_weight_mean,101,100,1.0,1789525428.1841552
train/actor/dvac_weight_mean,102,101,0.9999999403953552,1789526077.4694808
train/actor/dvac_weight_mean,103,102,1.0,1789526738.468212
train/actor/dvac_weight_mean,104,103,1.0,1789527380.5610313
train/actor/dvac_weight_mean,105,104,1.0,1789528274.503058
train/actor/dvac_weight_mean,106,105,0.9999999403953552,1789528932.5332131
train/actor/dvac_weight_mean,107,106,0.9999998807907104,1789529592.7926023
train/actor/dvac_weight_mean,108,107,1.0,1789530256.9985542
train/actor/dvac_weight_mean,109,108,1.0,1789530913.1789298
train/actor/dvac_weight_mean,110,109,1.0000001192092896,1789531866.2912912
train/actor/dvac_weight_mean,111,110,1.0,1789532497.6510198
train/actor/dvac_weight_mean,112,111,1.0,1789533174.928526
train/actor/dvac_weight_mean,113,112,1.0,1789533828.987395
train/actor/dvac_weight_mean,114,113,1.0,1789534565.1202657
train/actor/dvac_weight_mean,115,114,1.0000001192092896,1789535498.1472607
train/actor/dvac_weight_min,1,0,0.2948724031448364,1789452513.717064
train/actor/dvac_weight_min,2,1,0.30910927057266235,1789453181.7688637
train/actor/dvac_weight_min,3,2,0.312267005443573,1789453885.2920344
train/actor/dvac_weight_min,4,3,0.2890373170375824,1789454567.9455352
train/actor/dvac_weight_min,5,4,0.29831579327583313,1789455534.1110742
train/actor/dvac_weight_min,6,5,0.3039555847644806,1789456278.5121148
train/actor/dvac_weight_min,7,6,0.2657666504383087,1789457002.373939
train/actor/dvac_weight_min,8,7,0.28792643547058105,1789457628.2943432
train/actor/dvac_weight_min,9,8,0.2847321629524231,1789458295.2900488
train/actor/dvac_weight_min,10,9,0.2691287696361542,1789459334.4436982
train/actor/dvac_weight_min,11,10,0.2830544710159302,1789460058.1954117
train/actor/dvac_weight_min,12,11,0.28126171231269836,1789460782.5414577
train/actor/dvac_weight_min,13,12,0.2940371632575989,1789461449.9364016
train/actor/dvac_weight_min,14,13,0.3280172049999237,1789462112.14133
train/actor/dvac_weight_min,15,14,0.2783192992210388,1789463111.8498
train/actor/dvac_weight_min,16,15,0.31465545296669006,1789463778.3999171
train/actor/dvac_weight_min,17,16,0.29725998640060425,1789464507.6707106
train/actor/dvac_weight_min,18,17,0.2946833074092865,1789465199.4100523
train/actor/dvac_weight_min,19,18,0.32496628165245056,1789465877.9344854
train/actor/dvac_weight_min,20,19,0.32899966835975647,1789466942.0019438
train/actor/dvac_weight_min,21,20,0.29668495059013367,1789467675.9512436
train/actor/dvac_weight_min,22,21,0.2612190544605255,1789468449.8554897
train/actor/dvac_weight_min,23,22,0.32200947403907776,1789469122.5142093
train/actor/dvac_weight_min,24,23,0.2989758849143982,1789469849.5466657
train/actor/dvac_weight_min,25,24,0.3049297630786896,1789470818.6184158
train/actor/dvac_weight_min,26,25,0.2492038458585739,1789471527.84006
train/actor/dvac_weight_min,27,26,0.32775700092315674,1789472244.955949
train/actor/dvac_weight_min,28,27,0.3062545955181122,1789472933.4433172
train/actor/dvac_weight_min,29,28,0.27792125940322876,1789473579.3952837
train/actor/dvac_weight_min,30,29,0.2811537981033325,1789474608.009446
train/actor/dvac_weight_min,31,30,0.29580146074295044,1789475311.9785316
train/actor/dvac_weight_min,32,31,0.2901526689529419,1789476051.4381535
train/actor/dvac_weight_min,33,32,0.27641892433166504,1789476700.6155806
train/actor/dvac_weight_min,34,33,0.28673243522644043,1789477337.2902033
train/actor/dvac_weight_min,35,34,0.27663809061050415,1789478300.4052222
train/actor/dvac_weight_min,36,35,0.2591351270675659,1789478939.485523
train/actor/dvac_weight_min,37,36,0.30688977241516113,1789479586.8836963
train/actor/dvac_weight_min,38,37,0.2768673300743103,1789480268.5535462
train/actor/dvac_weight_min,39,38,0.2927517890930176,1789480933.1429543
train/actor/dvac_weight_min,40,39,0.32553622126579285,1789481951.2807524
train/actor/dvac_weight_min,41,40,0.2570631802082062,1789482609.7343628
train/actor/dvac_weight_min,42,41,0.2953164577484131,1789483325.6353626
train/actor/dvac_weight_min,43,42,0.2745560109615326,1789484004.8491871
train/actor/dvac_weight_min,44,43,0.2972510755062103,1789484671.9989896
train/actor/dvac_weight_min,45,44,0.28880923986434937,1789485658.1418102
train/actor/dvac_weight_min,46,45,0.28405097126960754,1789486365.7427328
train/actor/dvac_weight_min,47,46,0.2690778374671936,1789487036.8022354
train/actor/dvac_weight_min,48,47,0.2577485144138336,1789487694.0092144
train/actor/dvac_weight_min,49,48,0.2919539213180542,1789488381.4229243
train/actor/dvac_weight_min,50,49,0.2729776203632355,1789489328.645134
train/actor/dvac_weight_min,51,50,0.28754758834838867,1789490016.5806396
train/actor/dvac_weight_min,52,51,0.27898961305618286,1789490661.2886114
train/actor/dvac_weight_min,53,52,0.2874610126018524,1789491298.8934228
train/actor/dvac_weight_min,54,53,0.30076122283935547,1789491944.944779
train/actor/dvac_weight_min,55,54,0.2574371099472046,1789492891.5491092
train/actor/dvac_weight_min,56,55,0.3049742877483368,1789493543.7302318
train/actor/dvac_weight_min,57,56,0.26776736974716187,1789494198.866341
train/actor/dvac_weight_min,58,57,0.28768590092658997,1789494847.8838933
train/actor/dvac_weight_min,59,58,0.2860758304595947,1789495488.3914008
train/actor/dvac_weight_min,60,59,0.30985260009765625,1789496471.9419055
train/actor/dvac_weight_min,61,60,0.2876960337162018,1789497108.550216
train/actor/dvac_weight_min,62,61,0.28097105026245117,1789497742.9934974
train/actor/dvac_weight_min,63,62,0.25848588347435,1789498386.8992546
train/actor/dvac_weight_min,64,63,0.2798742651939392,1789499017.0119522
train/actor/dvac_weight_min,65,64,0.298981249332428,1789500008.6298823
train/actor/dvac_weight_min,66,65,0.2959108054637909,1789500674.510703
train/actor/dvac_weight_min,67,66,0.2898365557193756,1789501332.0575264
train/actor/dvac_weight_min,68,67,0.26265648007392883,1789502024.0318248
train/actor/dvac_weight_min,69,68,0.276532381772995,1789502677.4887357
train/actor/dvac_weight_min,70,69,0.3043190836906433,1789503669.5396223
train/actor/dvac_weight_min,71,70,0.29199033975601196,1789504306.3300066
train/actor/dvac_weight_min,72,71,0.3036072850227356,1789504952.6419806
train/actor/dvac_weight_min,73,72,0.273171067237854,1789505582.5911844
train/actor/dvac_weight_min,74,73,0.2972947359085083,1789506217.8143985
train/actor/dvac_weight_min,75,74,0.32456108927726746,1789507204.94813
train/actor/dvac_weight_min,76,75,0.2926730513572693,1789507834.0844092
train/actor/dvac_weight_min,77,76,0.30670174956321716,1789508483.9503639
train/actor/dvac_weight_min,78,77,0.2840438187122345,1789509120.6138687
train/actor/dvac_weight_min,79,78,0.2784908711910248,1789509760.041568
train/actor/dvac_weight_min,80,79,0.27358338236808777,1789510701.3087125
train/actor/dvac_weight_min,81,80,0.2507311999797821,1789511364.9528887
train/actor/dvac_weight_min,82,81,0.2942572832107544,1789512019.1151307
train/actor/dvac_weight_min,83,82,0.31535467505455017,1789512652.4265878
train/actor/dvac_weight_min,84,83,0.31481561064720154,1789513284.9987996
train/actor/dvac_weight_min,85,84,0.3015638291835785,1789514190.5237644
train/actor/dvac_weight_min,86,85,0.27426883578300476,1789514826.5713239
train/actor/dvac_weight_min,87,86,0.28898268938064575,1789515458.9788406
train/actor/dvac_weight_min,88,87,0.2854432761669159,1789516105.4979484
train/actor/dvac_weight_min,89,88,0.3003043830394745,1789516756.188888
train/actor/dvac_weight_min,90,89,0.2770754098892212,1789517701.4611938
train/actor/dvac_weight_min,91,90,0.3108097314834595,1789518333.2343366
train/actor/dvac_weight_min,92,91,0.2825261354446411,1789518958.9958298
train/actor/dvac_weight_min,93,92,0.3039037883281708,1789519599.5409172
train/actor/dvac_weight_min,94,93,0.26694029569625854,1789520239.1334572
train/actor/dvac_weight_min,95,94,0.29871365427970886,1789521153.443537
train/actor/dvac_weight_min,96,95,0.24814194440841675,1789521804.136262
train/actor/dvac_weight_min,97,96,0.28341588377952576,1789522510.0505672
train/actor/dvac_weight_min,98,97,0.29566851258277893,1789523160.9557505
train/actor/dvac_weight_min,99,98,0.31186312437057495,1789523799.5203438
train/actor/dvac_weight_min,100,99,0.2987750470638275,1789524756.7832456
train/actor/dvac_weight_min,101,100,0.2971072793006897,1789525428.184161
train/actor/dvac_weight_min,102,101,0.29691407084465027,1789526077.469486
train/actor/dvac_weight_min,103,102,0.282684862613678,1789526738.4682183
train/actor/dvac_weight_min,104,103,0.2886843681335449,1789527380.5610383
train/actor/dvac_weight_min,105,104,0.30098772048950195,1789528274.503063
train/actor/dvac_weight_min,106,105,0.3013650178909302,1789528932.5332189
train/actor/dvac_weight_min,107,106,0.28197744488716125,1789529592.7926092
train/actor/dvac_weight_min,108,107,0.301064133644104,1789530256.99856
train/actor/dvac_weight_min,109,108,0.2798221707344055,1789530913.178935
train/actor/dvac_weight_min,110,109,0.2926334738731384,1789531866.291297
train/actor/dvac_weight_min,111,110,0.31127282977104187,1789532497.6510284
train/actor/dvac_weight_min,112,111,0.28801825642585754,1789533174.9285314
train/actor/dvac_weight_min,113,112,0.2850784659385681,1789533828.9874046
train/actor/dvac_weight_min,114,113,0.30478551983833313,1789534565.120274
train/actor/dvac_weight_min,115,114,0.29953253269195557,1789535498.1472673
train/actor/dvac_weight_sq_mean,1,0,1.0600882768630981,1789452513.7177453
train/actor/dvac_weight_sq_mean,2,1,1.0539352893829346,1789453181.7692804
train/actor/dvac_weight_sq_mean,3,2,1.0601071119308472,1789453885.2922313
train/actor/dvac_weight_sq_mean,4,3,1.0540286302566528,1789454567.9458728
train/actor/dvac_weight_sq_mean,5,4,1.0823949575424194,1789455534.1110842
train/actor/dvac_weight_sq_mean,6,5,1.053228735923767,1789456278.5126488
train/actor/dvac_weight_sq_mean,7,6,1.0537735223770142,1789457002.3742645
train/actor/dvac_weight_sq_mean,8,7,1.0613194704055786,1789457628.2947168
train/actor/dvac_weight_sq_mean,9,8,1.0596905946731567,1789458295.2906947
train/actor/dvac_weight_sq_mean,10,9,1.0662648677825928,1789459334.443704
train/actor/dvac_weight_sq_mean,11,10,1.059207797050476,1789460058.1956031
train/actor/dvac_weight_sq_mean,12,11,1.0681124925613403,1789460782.5420725
train/actor/dvac_weight_sq_mean,13,12,1.0688551664352417,1789461449.9366412
train/actor/dvac_weight_sq_mean,14,13,1.065773606300354,1789462112.141988
train/actor/dvac_weight_sq_mean,15,14,1.0507177114486694,1789463111.8498094
train/actor/dvac_weight_sq_mean,16,15,1.0688846111297607,1789463778.4004877
train/actor/dvac_weight_sq_mean,17,16,1.0625026226043701,1789464507.671242
train/actor/dvac_weight_sq_mean,18,17,1.0662455558776855,1789465199.4102485
train/actor/dvac_weight_sq_mean,19,18,1.076798915863037,1789465877.9349973
train/actor/dvac_weight_sq_mean,20,19,1.052773356437683,1789466942.0019555
train/actor/dvac_weight_sq_mean,21,20,1.054951786994934,1789467675.951724
train/actor/dvac_weight_sq_mean,22,21,1.0601422786712646,1789468449.8557673
train/actor/dvac_weight_sq_mean,23,22,1.070979118347168,1789469122.5149872
train/actor/dvac_weight_sq_mean,24,23,1.0702393054962158,1789469849.5473943
train/actor/dvac_weight_sq_mean,25,24,1.0496747493743896,1789470818.6184237
train/actor/dvac_weight_sq_mean,26,25,1.0594979524612427,1789471527.8402448
train/actor/dvac_weight_sq_mean,27,26,1.0762027502059937,1789472244.9564168
train/actor/dvac_weight_sq_mean,28,27,1.0630953311920166,1789472933.443837
train/actor/dvac_weight_sq_mean,29,28,1.0802485942840576,1789473579.395712
train/actor/dvac_weight_sq_mean,30,29,1.0682182312011719,1789474608.009452
train/actor/dvac_weight_sq_mean,31,30,1.0707639455795288,1789475311.9790459
train/actor/dvac_weight_sq_mean,32,31,1.0809910297393799,1789476051.4383764
train/actor/dvac_weight_sq_mean,33,32,1.0690521001815796,1789476700.6157815
train/actor/dvac_weight_sq_mean,34,33,1.0689868927001953,1789477337.2905955
train/actor/dvac_weight_sq_mean,35,34,1.066118597984314,1789478300.405246
train/actor/dvac_weight_sq_mean,36,35,1.0683133602142334,1789478939.4859686
train/actor/dvac_weight_sq_mean,37,36,1.0790332555770874,1789479586.8839533
train/actor/dvac_weight_sq_mean,38,37,1.0806244611740112,1789480268.5540166
train/actor/dvac_weight_sq_mean,39,38,1.068360686302185,1789480933.143367
train/actor/dvac_weight_sq_mean,40,39,1.0782805681228638,1789481951.280762
train/actor/dvac_weight_sq_mean,41,40,1.0687469244003296,1789482609.7350888
train/actor/dvac_weight_sq_mean,42,41,1.0639408826828003,1789483325.6358576
train/actor/dvac_weight_sq_mean,43,42,1.0676403045654297,1789484004.8495386
train/actor/dvac_weight_sq_mean,44,43,1.061339259147644,1789484671.9992707
train/actor/dvac_weight_sq_mean,45,44,1.0520132780075073,1789485658.141818
train/actor/dvac_weight_sq_mean,46,45,1.0717098712921143,1789486365.7429283
train/actor/dvac_weight_sq_mean,47,46,1.0717015266418457,1789487036.8030465
train/actor/dvac_weight_sq_mean,48,47,1.0714951753616333,1789487694.0093932
train/actor/dvac_weight_sq_mean,49,48,1.0712497234344482,1789488381.4238741
train/actor/dvac_weight_sq_mean,50,49,1.0609866380691528,1789489328.64514
train/actor/dvac_weight_sq_mean,51,50,1.062301754951477,1789490016.5816205
train/actor/dvac_weight_sq_mean,52,51,1.0805118083953857,1789490661.2891314
train/actor/dvac_weight_sq_mean,53,52,1.0773186683654785,1789491298.893779
train/actor/dvac_weight_sq_mean,54,53,1.0800023078918457,1789491944.9451795
train/actor/dvac_weight_sq_mean,55,54,1.0743460655212402,1789492891.5491292
train/actor/dvac_weight_sq_mean,56,55,1.0697925090789795,1789493543.7304716
train/actor/dvac_weight_sq_mean,57,56,1.0713590383529663,1789494198.8667495
train/actor/dvac_weight_sq_mean,58,57,1.0712933540344238,1789494847.8840969
train/actor/dvac_weight_sq_mean,59,58,1.0700230598449707,1789495488.3915863
train/actor/dvac_weight_sq_mean,60,59,1.0744669437408447,1789496471.9419134
train/actor/dvac_weight_sq_mean,61,60,1.0814045667648315,1789497108.550726
train/actor/dvac_weight_sq_mean,62,61,1.0752674341201782,1789497742.994167
train/actor/dvac_weight_sq_mean,63,62,1.0788196325302124,1789498386.89942
train/actor/dvac_weight_sq_mean,64,63,1.082282304763794,1789499017.012253
train/actor/dvac_weight_sq_mean,65,64,1.0742013454437256,1789500008.629888
train/actor/dvac_weight_sq_mean,66,65,1.0670640468597412,1789500674.5113177
train/actor/dvac_weight_sq_mean,67,66,1.0655856132507324,1789501332.0578246
train/actor/dvac_weight_sq_mean,68,67,1.0681719779968262,1789502024.0324008
train/actor/dvac_weight_sq_mean,69,68,1.0661280155181885,1789502677.4890633
train/actor/dvac_weight_sq_mean,70,69,1.0877686738967896,1789503669.5396318
train/actor/dvac_weight_sq_mean,71,70,1.0767872333526611,1789504306.330362
train/actor/dvac_weight_sq_mean,72,71,1.0736037492752075,1789504952.642411
train/actor/dvac_weight_sq_mean,73,72,1.0870652198791504,1789505582.5916834
train/actor/dvac_weight_sq_mean,74,73,1.0876165628433228,1789506217.815236
train/actor/dvac_weight_sq_mean,75,74,1.0798966884613037,1789507204.9481404
train/actor/dvac_weight_sq_mean,76,75,1.0688481330871582,1789507834.0849464
train/actor/dvac_weight_sq_mean,77,76,1.066437840461731,1789508483.9505813
train/actor/dvac_weight_sq_mean,78,77,1.0679340362548828,1789509120.6147158
train/actor/dvac_weight_sq_mean,79,78,1.0728322267532349,1789509760.0422847
train/actor/dvac_weight_sq_mean,80,79,1.0745017528533936,1789510701.308719
train/actor/dvac_weight_sq_mean,81,80,1.0745738744735718,1789511364.95315
train/actor/dvac_weight_sq_mean,82,81,1.064954400062561,1789512019.1156473
train/actor/dvac_weight_sq_mean,83,82,1.061251163482666,1789512652.4273963
train/actor/dvac_weight_sq_mean,84,83,1.0708452463150024,1789513284.999132
train/actor/dvac_weight_sq_mean,85,84,1.0670963525772095,1789514190.52377
train/actor/dvac_weight_sq_mean,86,85,1.0697461366653442,1789514826.5721507
train/actor/dvac_weight_sq_mean,87,86,1.0604068040847778,1789515458.9791234
train/actor/dvac_weight_sq_mean,88,87,1.0578066110610962,1789516105.4983232
train/actor/dvac_weight_sq_mean,89,88,1.0590342283248901,1789516756.189299
train/actor/dvac_weight_sq_mean,90,89,1.0716058015823364,1789517701.4612005
train/actor/dvac_weight_sq_mean,91,90,1.074747085571289,1789518333.2347162
train/actor/dvac_weight_sq_mean,92,91,1.0720176696777344,1789518958.995996
train/actor/dvac_weight_sq_mean,93,92,1.0737528800964355,1789519599.5410783
train/actor/dvac_weight_sq_mean,94,93,1.0650070905685425,1789520239.134078
train/actor/dvac_weight_sq_mean,95,94,1.0792750120162964,1789521153.4435432
train/actor/dvac_weight_sq_mean,96,95,1.0773470401763916,1789521804.1365318
train/actor/dvac_weight_sq_mean,97,96,1.06126868724823,1789522510.0512776
train/actor/dvac_weight_sq_mean,98,97,1.066955804824829,1789523160.9562786
train/actor/dvac_weight_sq_mean,99,98,1.0798331499099731,1789523799.520691
train/actor/dvac_weight_sq_mean,100,99,1.0704492330551147,1789524756.7832525
train/actor/dvac_weight_sq_mean,101,100,1.078677773475647,1789525428.184343
train/actor/dvac_weight_sq_mean,102,101,1.0694457292556763,1789526077.4703221
train/actor/dvac_weight_sq_mean,103,102,1.0594171285629272,1789526738.4683897
train/actor/dvac_weight_sq_mean,104,103,1.072756290435791,1789527380.5613325
train/actor/dvac_weight_sq_mean,105,104,1.060397982597351,1789528274.5030682
train/actor/dvac_weight_sq_mean,106,105,1.0606032609939575,1789528932.5333865
train/actor/dvac_weight_sq_mean,107,106,1.070696234703064,1789529592.7931905
train/actor/dvac_weight_sq_mean,108,107,1.065731406211853,1789530256.9992127
train/actor/dvac_weight_sq_mean,109,108,1.0702694654464722,1789530913.179698
train/actor/dvac_weight_sq_mean,110,109,1.0724142789840698,1789531866.291303
train/actor/dvac_weight_sq_mean,111,110,1.0681312084197998,1789532497.6513243
train/actor/dvac_weight_sq_mean,112,111,1.0588700771331787,1789533174.9290226
train/actor/dvac_weight_sq_mean,113,112,1.0617469549179077,1789533828.9881
train/actor/dvac_weight_sq_mean,114,113,1.0733615159988403,1789534565.1210403
train/actor/dvac_weight_sq_mean,115,114,1.0656259059906006,1789535498.1472738
train/actor/entropy_loss,1,0,0.0,1789452513.717767
train/actor/entropy_loss,2,1,0.0,1789453181.7692869
train/actor/entropy_loss,3,2,0.0,1789453885.292252
train/actor/entropy_loss,4,3,0.0,1789454567.9458792
train/actor/entropy_loss,5,4,0.0,1789455534.1110907
train/actor/entropy_loss,6,5,0.0,1789456278.512655
train/actor/entropy_loss,7,6,0.0,1789457002.3742712
train/actor/entropy_loss,8,7,0.0,1789457628.2947404
train/actor/entropy_loss,9,8,0.0,1789458295.2907114
train/actor/entropy_loss,10,9,0.0,1789459334.4437099
train/actor/entropy_loss,11,10,0.0,1789460058.1956108
train/actor/entropy_loss,12,11,0.0,1789460782.5420895
train/actor/entropy_loss,13,12,0.0,1789461449.9366496
train/actor/entropy_loss,14,13,0.0,1789462112.142005
train/actor/entropy_loss,15,14,0.0,1789463111.8498192
train/actor/entropy_loss,16,15,0.0,1789463778.4004958
train/actor/entropy_loss,17,16,0.0,1789464507.6712492
train/actor/entropy_loss,18,17,0.0,1789465199.4102554
train/actor/entropy_loss,19,18,0.0,1789465877.9350045
train/actor/entropy_loss,20,19,0.0,1789466942.0019646
train/actor/entropy_loss,21,20,0.0,1789467675.95173
train/actor/entropy_loss,22,21,0.0,1789468449.8557756
train/actor/entropy_loss,23,22,0.0,1789469122.5149937
train/actor/entropy_loss,24,23,0.0,1789469849.547411
train/actor/entropy_loss,25,24,0.0,1789470818.618434
train/actor/entropy_loss,26,25,0.0,1789471527.8402514
train/actor/entropy_loss,27,26,0.0,1789472244.956425
train/actor/entropy_loss,28,27,0.0,1789472933.4438431
train/actor/entropy_loss,29,28,0.0,1789473579.3957195
train/actor/entropy_loss,30,29,0.0,1789474608.0094578
train/actor/entropy_loss,31,30,0.0,1789475311.979053
train/actor/entropy_loss,32,31,0.0,1789476051.4383833
train/actor/entropy_loss,33,32,0.0,1789476700.6158006
train/actor/entropy_loss,34,33,0.0,1789477337.2906036
train/actor/entropy_loss,35,34,0.0,1789478300.40527
train/actor/entropy_loss,36,35,0.0,1789478939.485975
train/actor/entropy_loss,37,36,0.0,1789479586.8839595
train/actor/entropy_loss,38,37,0.0,1789480268.5540335
train/actor/entropy_loss,39,38,0.0,1789480933.1433837
train/actor/entropy_loss,40,39,0.0,1789481951.2807705
train/actor/entropy_loss,41,40,0.0,1789482609.7351124
train/actor/entropy_loss,42,41,0.0,1789483325.635867
train/actor/entropy_loss,43,42,0.0,1789484004.849546
train/actor/entropy_loss,44,43,0.0,1789484671.999278
train/actor/entropy_loss,45,44,0.0,1789485658.1418262
train/actor/entropy_loss,46,45,0.0,1789486365.742936
train/actor/entropy_loss,47,46,0.0,1789487036.8030543
train/actor/entropy_loss,48,47,0.0,1789487694.0094004
train/actor/entropy_loss,49,48,0.0,1789488381.4238822
train/actor/entropy_loss,50,49,0.0,1789489328.6451464
train/actor/entropy_loss,51,50,0.0,1789490016.5816364
train/actor/entropy_loss,52,51,0.0,1789490661.289139
train/actor/entropy_loss,53,52,0.0,1789491298.893786
train/actor/entropy_loss,54,53,0.0,1789491944.9451878
train/actor/entropy_loss,55,54,0.0,1789492891.54915
train/actor/entropy_loss,56,55,0.0,1789493543.7304783
train/actor/entropy_loss,57,56,0.0,1789494198.8667612
train/actor/entropy_loss,58,57,0.0,1789494847.884105
train/actor/entropy_loss,59,58,0.0,1789495488.3915935
train/actor/entropy_loss,60,59,0.0,1789496471.9419208
train/actor/entropy_loss,61,60,0.0,1789497108.550733
train/actor/entropy_loss,62,61,0.0,1789497742.9941835
train/actor/entropy_loss,63,62,0.0,1789498386.899426
train/actor/entropy_loss,64,63,0.0,1789499017.0122597
train/actor/entropy_loss,65,64,0.0,1789500008.6298933
train/actor/entropy_loss,66,65,0.0,1789500674.5113401
train/actor/entropy_loss,67,66,0.0,1789501332.0578399
train/actor/entropy_loss,68,67,0.0,1789502024.0324097
train/actor/entropy_loss,69,68,0.0,1789502677.4890795
train/actor/entropy_loss,70,69,0.0,1789503669.5396416
train/actor/entropy_loss,71,70,0.0,1789504306.3303695
train/actor/entropy_loss,72,71,0.0,1789504952.6424174
train/actor/entropy_loss,73,72,0.0,1789505582.5916903
train/actor/entropy_loss,74,73,0.0,1789506217.8152432
train/actor/entropy_loss,75,74,0.0,1789507204.9481514
train/actor/entropy_loss,76,75,0.0,1789507834.084953
train/actor/entropy_loss,77,76,0.0,1789508483.9505875
train/actor/entropy_loss,78,77,0.0,1789509120.614737
train/actor/entropy_loss,79,78,0.0,1789509760.0422916
train/actor/entropy_loss,80,79,0.0,1789510701.3087244
train/actor/entropy_loss,81,80,0.0,1789511364.953157
train/actor/entropy_loss,82,81,0.0,1789512019.1156542
train/actor/entropy_loss,83,82,0.0,1789512652.4274168
train/actor/entropy_loss,84,83,0.0,1789513284.999139
train/actor/entropy_loss,85,84,0.0,1789514190.5237765
train/actor/entropy_loss,86,85,0.0,1789514826.572157
train/actor/entropy_loss,87,86,0.0,1789515458.9791303
train/actor/entropy_loss,88,87,0.0,1789516105.4983304
train/actor/entropy_loss,89,88,0.0,1789516756.1893067
train/actor/entropy_loss,90,89,0.0,1789517701.4612064
train/actor/entropy_loss,91,90,0.0,1789518333.234723
train/actor/entropy_loss,92,91,0.0,1789518958.9960039
train/actor/entropy_loss,93,92,0.0,1789519599.541085
train/actor/entropy_loss,94,93,0.0,1789520239.134094
train/actor/entropy_loss,95,94,0.0,1789521153.4435496
train/actor/entropy_loss,96,95,0.0,1789521804.1365395
train/actor/entropy_loss,97,96,0.0,1789522510.051303
train/actor/entropy_loss,98,97,0.0,1789523160.9562855
train/actor/entropy_loss,99,98,0.0,1789523799.5207076
train/actor/entropy_loss,100,99,0.0,1789524756.7832592
train/actor/entropy_loss,101,100,0.0,1789525428.1843498
train/actor/entropy_loss,102,101,0.0,1789526077.470339
train/actor/entropy_loss,103,102,0.0,1789526738.468396
train/actor/entropy_loss,104,103,0.0,1789527380.5613403
train/actor/entropy_loss,105,104,0.0,1789528274.5030727
train/actor/entropy_loss,106,105,0.0,1789528932.5333927
train/actor/entropy_loss,107,106,0.0,1789529592.7932096
train/actor/entropy_loss,108,107,0.0,1789530256.9992197
train/actor/entropy_loss,109,108,0.0,1789530913.1797044
train/actor/entropy_loss,110,109,0.0,1789531866.2913086
train/actor/entropy_loss,111,110,0.0,1789532497.6513352
train/actor/entropy_loss,112,111,0.0,1789533174.9290285
train/actor/entropy_loss,113,112,0.0,1789533828.98812
train/actor/entropy_loss,114,113,0.0,1789534565.1210616
train/actor/entropy_loss,115,114,0.0,1789535498.14728
train/actor/grad_norm,1,0,31.314315795898438,1789452513.717777
train/actor/grad_norm,2,1,37.14822769165039,1789453181.769293
train/actor/grad_norm,3,2,34.16645050048828,1789453885.292259
train/actor/grad_norm,4,3,23.186267852783203,1789454567.945885
train/actor/grad_norm,5,4,33.67898178100586,1789455534.1110969
train/actor/grad_norm,6,5,39.89740753173828,1789456278.5126607
train/actor/grad_norm,7,6,21.054935455322266,1789457002.3742776
train/actor/grad_norm,8,7,34.85980987548828,1789457628.2947505
train/actor/grad_norm,9,8,22.79914093017578,1789458295.2907202
train/actor/grad_norm,10,9,28.494781494140625,1789459334.4437158
train/actor/grad_norm,11,10,32.47578430175781,1789460058.1956172
train/actor/grad_norm,12,11,37.57054138183594,1789460782.5420985
train/actor/grad_norm,13,12,22.14642333984375,1789461449.936657
train/actor/grad_norm,14,13,19.57206916809082,1789462112.1420138
train/actor/grad_norm,15,14,38.98807144165039,1789463111.849829
train/actor/grad_norm,16,15,30.335777282714844,1789463778.4005032
train/actor/grad_norm,17,16,19.25164031982422,1789464507.6712558
train/actor/grad_norm,18,17,33.01068115234375,1789465199.4102614
train/actor/grad_norm,19,18,27.58440399169922,1789465877.9350107
train/actor/grad_norm,20,19,29.99737548828125,1789466942.001973
train/actor/grad_norm,21,20,27.68891143798828,1789467675.9517357
train/actor/grad_norm,22,21,43.843414306640625,1789468449.855782
train/actor/grad_norm,23,22,26.69630241394043,1789469122.5149999
train/actor/grad_norm,24,23,17.45439910888672,1789469849.5474195
train/actor/grad_norm,25,24,20.330921173095703,1789470818.6184428
train/actor/grad_norm,26,25,18.628646850585938,1789471527.8402576
train/actor/grad_norm,27,26,23.04157829284668,1789472244.9564312
train/actor/grad_norm,28,27,40.36917495727539,1789472933.4438488
train/actor/grad_norm,29,28,29.7828426361084,1789473579.3957267
train/actor/grad_norm,30,29,53.59447479248047,1789474608.0094643
train/actor/grad_norm,31,30,48.37770080566406,1789475311.9790595
train/actor/grad_norm,32,31,16.00711441040039,1789476051.4383898
train/actor/grad_norm,33,32,29.492624282836914,1789476700.615816
train/actor/grad_norm,34,33,12.971822738647461,1789477337.2906098
train/actor/grad_norm,35,34,23.280437469482422,1789478300.405293
train/actor/grad_norm,36,35,35.15393829345703,1789478939.485982
train/actor/grad_norm,37,36,31.597030639648438,1789479586.8839657
train/actor/grad_norm,38,37,26.641372680664062,1789480268.5540419
train/actor/grad_norm,39,38,20.95609474182129,1789480933.1433907
train/actor/grad_norm,40,39,19.949081420898438,1789481951.2807798
train/actor/grad_norm,41,40,12.445894241333008,1789482609.7351232
train/actor/grad_norm,42,41,27.15240478515625,1789483325.6358747
train/actor/grad_norm,43,42,20.75186538696289,1789484004.8495522
train/actor/grad_norm,44,43,20.238065719604492,1789484671.999284
train/actor/grad_norm,45,44,22.673789978027344,1789485658.1418335
train/actor/grad_norm,46,45,32.17353820800781,1789486365.742942
train/actor/grad_norm,47,46,28.965282440185547,1789487036.8030605
train/actor/grad_norm,48,47,28.557693481445312,1789487694.0094068
train/actor/grad_norm,49,48,39.21820068359375,1789488381.4238894
train/actor/grad_norm,50,49,33.24959945678711,1789489328.645153
train/actor/grad_norm,51,50,32.0058708190918,1789490016.581645
train/actor/grad_norm,52,51,31.872665405273438,1789490661.2891445
train/actor/grad_norm,53,52,15.84114933013916,1789491298.8937914
train/actor/grad_norm,54,53,26.396732330322266,1789491944.945195
train/actor/grad_norm,55,54,43.684879302978516,1789492891.5491707
train/actor/grad_norm,56,55,27.801029205322266,1789493543.7304847
train/actor/grad_norm,57,56,41.890342712402344,1789494198.8667727
train/actor/grad_norm,58,57,23.371261596679688,1789494847.8841112
train/actor/grad_norm,59,58,29.479270935058594,1789495488.3916
train/actor/grad_norm,60,59,21.416576385498047,1789496471.9419284
train/actor/grad_norm,61,60,15.777088165283203,1789497108.5507395
train/actor/grad_norm,62,61,37.681251525878906,1789497742.9941921
train/actor/grad_norm,63,62,29.884498596191406,1789498386.8994324
train/actor/grad_norm,64,63,20.072261810302734,1789499017.012266
train/actor/grad_norm,65,64,21.625995635986328,1789500008.6298993
train/actor/grad_norm,66,65,46.528289794921875,1789500674.51135
train/actor/grad_norm,67,66,42.60083770751953,1789501332.0578508
train/actor/grad_norm,68,67,34.080013275146484,1789502024.0324166
train/actor/grad_norm,69,68,37.301513671875,1789502677.4890885
train/actor/grad_norm,70,69,17.6998348236084,1789503669.539651
train/actor/grad_norm,71,70,37.43388366699219,1789504306.3303761
train/actor/grad_norm,72,71,53.61457824707031,1789504952.6424234
train/actor/grad_norm,73,72,23.762828826904297,1789505582.591696
train/actor/grad_norm,74,73,27.19516372680664,1789506217.8152497
train/actor/grad_norm,75,74,22.11916732788086,1789507204.9481616
train/actor/grad_norm,76,75,23.368751525878906,1789507834.0849593
train/actor/grad_norm,77,76,28.94936752319336,1789508483.9505932
train/actor/grad_norm,78,77,37.00187683105469,1789509120.6147473
train/actor/grad_norm,79,78,23.661540985107422,1789509760.0422983
train/actor/grad_norm,80,79,34.892086029052734,1789510701.3087308
train/actor/grad_norm,81,80,28.88889503479004,1789511364.953163
train/actor/grad_norm,82,81,41.353309631347656,1789512019.11566
train/actor/grad_norm,83,82,32.82615661621094,1789512652.4274292
train/actor/grad_norm,84,83,23.688983917236328,1789513284.999145
train/actor/grad_norm,85,84,33.11349868774414,1789514190.5237825
train/actor/grad_norm,86,85,32.95994567871094,1789514826.572163
train/actor/grad_norm,87,86,28.251834869384766,1789515458.9791365
train/actor/grad_norm,88,87,23.552352905273438,1789516105.498337
train/actor/grad_norm,89,88,37.566261291503906,1789516756.1893125
train/actor/grad_norm,90,89,31.791738510131836,1789517701.4612129
train/actor/grad_norm,91,90,36.29231643676758,1789518333.2347288
train/actor/grad_norm,92,91,42.13285446166992,1789518958.9960108
train/actor/grad_norm,93,92,29.18610382080078,1789519599.5410905
train/actor/grad_norm,94,93,24.97164535522461,1789520239.1341023
train/actor/grad_norm,95,94,32.738975524902344,1789521153.4435556
train/actor/grad_norm,96,95,35.16535186767578,1789521804.1365454
train/actor/grad_norm,97,96,26.537351608276367,1789522510.0513165
train/actor/grad_norm,98,97,27.03841781616211,1789523160.956291
train/actor/grad_norm,99,98,23.862720489501953,1789523799.5207164
train/actor/grad_norm,100,99,35.371402740478516,1789524756.783266
train/actor/grad_norm,101,100,31.73772430419922,1789525428.1843555
train/actor/grad_norm,102,101,20.04380989074707,1789526077.470348
train/actor/grad_norm,103,102,18.414508819580078,1789526738.4684021
train/actor/grad_norm,104,103,33.32684326171875,1789527380.5613468
train/actor/grad_norm,105,104,31.77291488647461,1789528274.5030773
train/actor/grad_norm,106,105,31.483699798583984,1789528932.533399
train/actor/grad_norm,107,106,16.847835540771484,1789529592.7932196
train/actor/grad_norm,108,107,20.748472213745117,1789530256.9992259
train/actor/grad_norm,109,108,41.14176940917969,1789530913.1797101
train/actor/grad_norm,110,109,29.054956436157227,1789531866.2913144
train/actor/grad_norm,111,110,34.645843505859375,1789532497.6513445
train/actor/grad_norm,112,111,28.612010955810547,1789533174.9290347
train/actor/grad_norm,113,112,37.28803634643555,1789533828.9881322
train/actor/grad_norm,114,113,26.858068466186523,1789534565.1210732
train/actor/grad_norm,115,114,34.73212432861328,1789535498.1472857
train/actor/lr,1,0,4.999999873689376e-06,1789452513.7177851
train/actor/lr,2,1,4.999999873689376e-06,1789453181.769299
train/actor/lr,3,2,4.999999873689376e-06,1789453885.2922654
train/actor/lr,4,3,4.999999873689376e-06,1789454567.9458907
train/actor/lr,5,4,4.999999873689376e-06,1789455534.1111028
train/actor/lr,6,5,4.999999873689376e-06,1789456278.5126665
train/actor/lr,7,6,4.999999873689376e-06,1789457002.3742845
train/actor/lr,8,7,4.999999873689376e-06,1789457628.29476
train/actor/lr,9,8,4.999999873689376e-06,1789458295.2907274
train/actor/lr,10,9,4.999999873689376e-06,1789459334.443722
train/actor/lr,11,10,4.999999873689376e-06,1789460058.1956234
train/actor/lr,12,11,4.999999873689376e-06,1789460782.5421057
train/actor/lr,13,12,4.999999873689376e-06,1789461449.9366653
train/actor/lr,14,13,4.999999873689376e-06,1789462112.1420214
train/actor/lr,15,14,4.999999873689376e-06,1789463111.8498385
train/actor/lr,16,15,4.999999873689376e-06,1789463778.4005096
train/actor/lr,17,16,4.999999873689376e-06,1789464507.671263
train/actor/lr,18,17,4.999999873689376e-06,1789465199.4102676
train/actor/lr,19,18,4.999999873689376e-06,1789465877.9350169
train/actor/lr,20,19,4.999999873689376e-06,1789466942.001981
train/actor/lr,21,20,4.999999873689376e-06,1789467675.9517417
train/actor/lr,22,21,4.999999873689376e-06,1789468449.8557878
train/actor/lr,23,22,4.999999873689376e-06,1789469122.515006
train/actor/lr,24,23,4.999999873689376e-06,1789469849.5474272
train/actor/lr,25,24,4.999999873689376e-06,1789470818.618449
train/actor/lr,26,25,4.999999873689376e-06,1789471527.8402636
train/actor/lr,27,26,4.999999873689376e-06,1789472244.9564376
train/actor/lr,28,27,4.999999873689376e-06,1789472933.4438548
train/actor/lr,29,28,4.999999873689376e-06,1789473579.3957343
train/actor/lr,30,29,4.999999873689376e-06,1789474608.0094705
train/actor/lr,31,30,4.999999873689376e-06,1789475311.9790654
train/actor/lr,32,31,4.999999873689376e-06,1789476051.438396
train/actor/lr,33,32,4.999999873689376e-06,1789476700.6158338
train/actor/lr,34,33,4.999999873689376e-06,1789477337.290616
train/actor/lr,35,34,4.999999873689376e-06,1789478300.4053144
train/actor/lr,36,35,4.999999873689376e-06,1789478939.4859886
train/actor/lr,37,36,4.999999873689376e-06,1789479586.8839722
train/actor/lr,38,37,4.999999873689376e-06,1789480268.554049
train/actor/lr,39,38,4.999999873689376e-06,1789480933.1433976
train/actor/lr,40,39,4.999999873689376e-06,1789481951.280789
train/actor/lr,41,40,4.999999873689376e-06,1789482609.7351317
train/actor/lr,42,41,4.999999873689376e-06,1789483325.635883
train/actor/lr,43,42,4.999999873689376e-06,1789484004.8495586
train/actor/lr,44,43,4.999999873689376e-06,1789484671.9992898
train/actor/lr,45,44,4.999999873689376e-06,1789485658.1418407
train/actor/lr,46,45,4.999999873689376e-06,1789486365.7429485
train/actor/lr,47,46,4.999999873689376e-06,1789487036.8030667
train/actor/lr,48,47,4.999999873689376e-06,1789487694.009413
train/actor/lr,49,48,4.999999873689376e-06,1789488381.4238958
train/actor/lr,50,49,4.999999873689376e-06,1789489328.6451592
train/actor/lr,51,50,4.999999873689376e-06,1789490016.5816522
train/actor/lr,52,51,4.999999873689376e-06,1789490661.2891514
train/actor/lr,53,52,4.999999873689376e-06,1789491298.8937976
train/actor/lr,54,53,4.999999873689376e-06,1789491944.9452019
train/actor/lr,55,54,4.999999873689376e-06,1789492891.5491917
train/actor/lr,56,55,4.999999873689376e-06,1789493543.730491
train/actor/lr,57,56,4.999999873689376e-06,1789494198.866785
train/actor/lr,58,57,4.999999873689376e-06,1789494847.8841178
train/actor/lr,59,58,4.999999873689376e-06,1789495488.3916063
train/actor/lr,60,59,4.999999873689376e-06,1789496471.9419353
train/actor/lr,61,60,4.999999873689376e-06,1789497108.5507462
train/actor/lr,62,61,4.999999873689376e-06,1789497742.9941993
train/actor/lr,63,62,4.999999873689376e-06,1789498386.8994389
train/actor/lr,64,63,4.999999873689376e-06,1789499017.0122724
train/actor/lr,65,64,4.999999873689376e-06,1789500008.6299057
train/actor/lr,66,65,4.999999873689376e-06,1789500674.511359
train/actor/lr,67,66,4.999999873689376e-06,1789501332.0578613
train/actor/lr,68,67,4.999999873689376e-06,1789502024.0324225
train/actor/lr,69,68,4.999999873689376e-06,1789502677.489096
train/actor/lr,70,69,4.999999873689376e-06,1789503669.5396602
train/actor/lr,71,70,4.999999873689376e-06,1789504306.3303826
train/actor/lr,72,71,4.999999873689376e-06,1789504952.6424294
train/actor/lr,73,72,4.999999873689376e-06,1789505582.591702
train/actor/lr,74,73,4.999999873689376e-06,1789506217.8152556
train/actor/lr,75,74,4.999999873689376e-06,1789507204.9481719
train/actor/lr,76,75,4.999999873689376e-06,1789507834.0849655
train/actor/lr,77,76,4.999999873689376e-06,1789508483.9505992
train/actor/lr,78,77,4.999999873689376e-06,1789509120.614756
train/actor/lr,79,78,4.999999873689376e-06,1789509760.042305
train/actor/lr,80,79,4.999999873689376e-06,1789510701.3087366
train/actor/lr,81,80,4.999999873689376e-06,1789511364.9531693
train/actor/lr,82,81,4.999999873689376e-06,1789512019.1156664
train/actor/lr,83,82,4.999999873689376e-06,1789512652.4274368
train/actor/lr,84,83,4.999999873689376e-06,1789513284.9991515
train/actor/lr,85,84,4.999999873689376e-06,1789514190.5237887
train/actor/lr,86,85,4.999999873689376e-06,1789514826.5721693
train/actor/lr,87,86,4.999999873689376e-06,1789515458.9791427
train/actor/lr,88,87,4.999999873689376e-06,1789516105.4983437
train/actor/lr,89,88,4.999999873689376e-06,1789516756.189319
train/actor/lr,90,89,4.999999873689376e-06,1789517701.4612193
train/actor/lr,91,90,4.999999873689376e-06,1789518333.2347353
train/actor/lr,92,91,4.999999873689376e-06,1789518958.9960186
train/actor/lr,93,92,4.999999873689376e-06,1789519599.5410967
train/actor/lr,94,93,4.999999873689376e-06,1789520239.1341097
train/actor/lr,95,94,4.999999873689376e-06,1789521153.443562
train/actor/lr,96,95,4.999999873689376e-06,1789521804.136552
train/actor/lr,97,96,4.999999873689376e-06,1789522510.0513275
train/actor/lr,98,97,4.999999873689376e-06,1789523160.9562967
train/actor/lr,99,98,4.999999873689376e-06,1789523799.520724
train/actor/lr,100,99,4.999999873689376e-06,1789524756.7832725
train/actor/lr,101,100,4.999999873689376e-06,1789525428.1843622
train/actor/lr,102,101,4.999999873689376e-06,1789526077.4703557
train/actor/lr,103,102,4.999999873689376e-06,1789526738.4684086
train/actor/lr,104,103,4.999999873689376e-06,1789527380.5613534
train/actor/lr,105,104,4.999999873689376e-06,1789528274.5030823
train/actor/lr,106,105,4.999999873689376e-06,1789528932.5334058
train/actor/lr,107,106,4.999999873689376e-06,1789529592.7932289
train/actor/lr,108,107,4.999999873689376e-06,1789530256.9992318
train/actor/lr,109,108,4.999999873689376e-06,1789530913.179717
train/actor/lr,110,109,4.999999873689376e-06,1789531866.2913206
train/actor/lr,111,110,4.999999873689376e-06,1789532497.6513538
train/actor/lr,112,111,4.999999873689376e-06,1789533174.9290411
train/actor/lr,113,112,4.999999873689376e-06,1789533828.9881432
train/actor/lr,114,113,4.999999873689376e-06,1789534565.1210823
train/actor/lr,115,114,4.999999873689376e-06,1789535498.1472921
train/actor/policy_loss,1,0,-0.003467255737632513,1789452513.7177923
train/actor/policy_loss,2,1,-0.0027571488171815872,1789453181.7693064
train/actor/policy_loss,3,2,-0.00012444716412574053,1789453885.2922719
train/actor/policy_loss,4,3,-0.006709307432174683,1789454567.9458966
train/actor/policy_loss,5,4,-0.0015085029881447554,1789455534.1111083
train/actor/policy_loss,6,5,0.007848996669054031,1789456278.5126722
train/actor/policy_loss,7,6,-0.0022982475347816944,1789457002.3742907
train/actor/policy_loss,8,7,-0.0048566353507339954,1789457628.2947683
train/actor/policy_loss,9,8,-0.005170877557247877,1789458295.2907336
train/actor/policy_loss,10,9,0.0006168234394863248,1789459334.4437282
train/actor/policy_loss,11,10,0.0027564954943954945,1789460058.19563
train/actor/policy_loss,12,11,0.0041089896112680435,1789460782.5421124
train/actor/policy_loss,13,12,-0.0034739053808152676,1789461449.936673
train/actor/policy_loss,14,13,-0.0037667204160243273,1789462112.1420279
train/actor/policy_loss,15,14,0.0011658990988507867,1789463111.8498478
train/actor/policy_loss,16,15,0.00037031807005405426,1789463778.400516
train/actor/policy_loss,17,16,-0.001122787594795227,1789464507.67127
train/actor/policy_loss,18,17,-0.001025176141411066,1789465199.4102738
train/actor/policy_loss,19,18,-0.0025120736099779606,1789465877.9350233
train/actor/policy_loss,20,19,-0.005213005468249321,1789466942.0019884
train/actor/policy_loss,21,20,0.00039725773967802525,1789467675.9517474
train/actor/policy_loss,22,21,0.010700207203626633,1789468449.8558
train/actor/policy_loss,23,22,0.0014174755197018385,1789469122.5150115
train/actor/policy_loss,24,23,-0.007863964885473251,1789469849.5474334
train/actor/policy_loss,25,24,-0.003654119558632374,1789470818.6184547
train/actor/policy_loss,26,25,-0.0016950136050581932,1789471527.840269
train/actor/policy_loss,27,26,-0.004206506535410881,1789472244.9564435
train/actor/policy_loss,28,27,-0.0052228933200240135,1789472933.443861
train/actor/policy_loss,29,28,0.002025418449193239,1789473579.395741
train/actor/policy_loss,30,29,0.006050311494618654,1789474608.0094767
train/actor/policy_loss,31,30,0.003297049319371581,1789475311.9790711
train/actor/policy_loss,32,31,-0.004534566774964333,1789476051.438402
train/actor/policy_loss,33,32,0.00010944507084786892,1789476700.6158566
train/actor/policy_loss,34,33,-0.0011905794963240623,1789477337.2906225
train/actor/policy_loss,35,34,-0.003044228069484234,1789478300.4053347
train/actor/policy_loss,36,35,0.0009692301973700523,1789478939.4859946
train/actor/policy_loss,37,36,0.0022172306198626757,1789479586.883978
train/actor/policy_loss,38,37,0.0016035210574045777,1789480268.5540557
train/actor/policy_loss,39,38,-0.004282656125724316,1789480933.143404
train/actor/policy_loss,40,39,-0.003925503697246313,1789481951.2807984
train/actor/policy_loss,41,40,-0.0025972360745072365,1789482609.7351394
train/actor/policy_loss,42,41,-0.0008121670689433813,1789483325.6358976
train/actor/policy_loss,43,42,-0.00011414941400289536,1789484004.849564
train/actor/policy_loss,44,43,0.002145146019756794,1789484671.9992955
train/actor/policy_loss,45,44,-0.004323939792811871,1789485658.1418476
train/actor/policy_loss,46,45,0.0027475091628730297,1789486365.7429547
train/actor/policy_loss,47,46,-0.0009426552569493651,1789487036.8030722
train/actor/policy_loss,48,47,-0.003280241508036852,1789487694.0094194
train/actor/policy_loss,49,48,0.005953045561909676,1789488381.423902
train/actor/policy_loss,50,49,0.005352935753762722,1789489328.6451652
train/actor/policy_loss,51,50,0.0040511214174330235,1789490016.581659
train/actor/policy_loss,52,51,0.001917847665026784,1789490661.2891576
train/actor/policy_loss,53,52,-0.0017092435155063868,1789491298.8938038
train/actor/policy_loss,54,53,0.002311370335519314,1789491944.9452093
train/actor/policy_loss,55,54,0.007898183539509773,1789492891.549214
train/actor/policy_loss,56,55,0.0010253756772726774,1789493543.7304971
train/actor/policy_loss,57,56,0.006349304690957069,1789494198.8667958
train/actor/policy_loss,58,57,-0.0026881510857492685,1789494847.8841243
train/actor/policy_loss,59,58,0.0021301694214344025,1789495488.391613
train/actor/policy_loss,60,59,-0.0017310493858531117,1789496471.941942
train/actor/policy_loss,61,60,-0.0020189336501061916,1789497108.5507524
train/actor/policy_loss,62,61,0.011205981485545635,1789497742.994209
train/actor/policy_loss,63,62,0.00020827323896810412,1789498386.899445
train/actor/policy_loss,64,63,-0.006471181288361549,1789499017.0122783
train/actor/policy_loss,65,64,-0.00307457335293293,1789500008.6299112
train/actor/policy_loss,66,65,0.007446864619851112,1789500674.5113666
train/actor/policy_loss,67,66,0.004658205434679985,1789501332.0578704
train/actor/policy_loss,68,67,0.0027208123356103897,1789502024.0324295
train/actor/policy_loss,69,68,0.01016808021813631,1789502677.4891024
train/actor/policy_loss,70,69,-0.006090268958359957,1789503669.5396693
train/actor/policy_loss,71,70,0.005081736482679844,1789504306.3303893
train/actor/policy_loss,72,71,0.013487588614225388,1789504952.642435
train/actor/policy_loss,73,72,0.00024250952992588282,1789505582.5917084
train/actor/policy_loss,74,73,0.0015212201979011297,1789506217.815261
train/actor/policy_loss,75,74,0.0005331521388143301,1789507204.948182
train/actor/policy_loss,76,75,-0.00011361052747815847,1789507834.0849717
train/actor/policy_loss,77,76,0.0022272630594670773,1789508483.950605
train/actor/policy_loss,78,77,0.003530435962602496,1789509120.614764
train/actor/policy_loss,79,78,0.00012940505985170603,1789509760.0423105
train/actor/policy_loss,80,79,0.010794027708470821,1789510701.308743
train/actor/policy_loss,81,80,-0.003084695665165782,1789511364.953176
train/actor/policy_loss,82,81,0.0035079405643045902,1789512019.1156754
train/actor/policy_loss,83,82,-0.0007563878316432238,1789512652.427443
train/actor/policy_loss,84,83,0.0005754493759013712,1789513284.9991572
train/actor/policy_loss,85,84,-0.001556014409288764,1789514190.5237947
train/actor/policy_loss,86,85,-0.004490294493734837,1789514826.572175
train/actor/policy_loss,87,86,0.0025954318698495626,1789515458.9791486
train/actor/policy_loss,88,87,-0.0036650649271905422,1789516105.4983494
train/actor/policy_loss,89,88,0.007509664632380009,1789516756.1893249
train/actor/policy_loss,90,89,0.0014889815356582403,1789517701.4612253
train/actor/policy_loss,91,90,0.0020965556614100933,1789518333.2347412
train/actor/policy_loss,92,91,-0.0019924473017454147,1789518958.9960263
train/actor/policy_loss,93,92,0.0037784609012305737,1789519599.5411026
train/actor/policy_loss,94,93,-0.0019960496574640274,1789520239.134116
train/actor/policy_loss,95,94,-0.00183579558506608,1789521153.4435682
train/actor/policy_loss,96,95,0.0007410354446619749,1789521804.1365583
train/actor/policy_loss,97,96,0.0005684848874807358,1789522510.0513375
train/actor/policy_loss,98,97,-0.003938998561352491,1789523160.956303
train/actor/policy_loss,99,98,-0.006445321720093489,1789523799.5207307
train/actor/policy_loss,100,99,0.0006807325407862663,1789524756.78328
train/actor/policy_loss,101,100,0.0010756603442132473,1789525428.1843681
train/actor/policy_loss,102,101,-0.0006596164312213659,1789526077.4703653
train/actor/policy_loss,103,102,-0.001094634411856532,1789526738.4684145
train/actor/policy_loss,104,103,-0.0005367593839764595,1789527380.5613601
train/actor/policy_loss,105,104,-0.0017557510873302817,1789528274.5030866
train/actor/policy_loss,106,105,-0.001233409158885479,1789528932.5334117
train/actor/policy_loss,107,106,0.0002791030565276742,1789529592.7932363
train/actor/policy_loss,108,107,-0.003417559899389744,1789530256.9992378
train/actor/policy_loss,109,108,0.0076856003142893314,1789530913.1797235
train/actor/policy_loss,110,109,0.0017036309000104666,1789531866.2913265
train/actor/policy_loss,111,110,-0.0016514293383806944,1789532497.6513631
train/actor/policy_loss,112,111,0.000623856671154499,1789533174.9290469
train/actor/policy_loss,113,112,0.0020845280960202217,1789533828.9881527
train/actor/policy_loss,114,113,-0.0007548655848950148,1789534565.1210911
train/actor/policy_loss,115,114,0.0009521290194243193,1789535498.147298
train/actor/policy_loss_abs,1,0,0.6424633264541626,1789452513.7178001
train/actor/policy_loss_abs,2,1,0.5905769467353821,1789453181.7693121
train/actor/policy_loss_abs,3,2,0.6960455179214478,1789453885.292278
train/actor/policy_loss_abs,4,3,0.6409057378768921,1789454567.945902
train/actor/policy_loss_abs,5,4,0.5943771004676819,1789455534.1111135
train/actor/policy_loss_abs,6,5,0.6039879322052002,1789456278.512678
train/actor/policy_loss_abs,7,6,0.7615698575973511,1789457002.3742967
train/actor/policy_loss_abs,8,7,0.7006272077560425,1789457628.294776
train/actor/policy_loss_abs,9,8,0.6231778860092163,1789458295.2907393
train/actor/policy_loss_abs,10,9,0.7666022777557373,1789459334.443734
train/actor/policy_loss_abs,11,10,0.7283382415771484,1789460058.1956367
train/actor/policy_loss_abs,12,11,0.6945441961288452,1789460782.542119
train/actor/policy_loss_abs,13,12,0.7741605043411255,1789461449.9366808
train/actor/policy_loss_abs,14,13,0.7331377267837524,1789462112.1420338
train/actor/policy_loss_abs,15,14,0.6825254559516907,1789463111.849857
train/actor/policy_loss_abs,16,15,0.7528978586196899,1789463778.4005227
train/actor/policy_loss_abs,17,16,0.7206279039382935,1789464507.6712766
train/actor/policy_loss_abs,18,17,0.6715878248214722,1789465199.4102802
train/actor/policy_loss_abs,19,18,0.6582175493240356,1789465877.9350293
train/actor/policy_loss_abs,20,19,0.48098844289779663,1789466942.0019958
train/actor/policy_loss_abs,21,20,0.64186692237854,1789467675.9517536
train/actor/policy_loss_abs,22,21,0.7633888721466064,1789468449.8558068
train/actor/policy_loss_abs,23,22,0.7155607342720032,1789469122.5150173
train/actor/policy_loss_abs,24,23,0.6455301642417908,1789469849.5474396
train/actor/policy_loss_abs,25,24,0.5473957061767578,1789470818.6184607
train/actor/policy_loss_abs,26,25,0.715766429901123,1789471527.840275
train/actor/policy_loss_abs,27,26,0.6499354243278503,1789472244.9564493
train/actor/policy_loss_abs,28,27,0.7243510484695435,1789472933.4438667
train/actor/policy_loss_abs,29,28,0.7220572233200073,1789473579.395748
train/actor/policy_loss_abs,30,29,0.7764907479286194,1789474608.0094824
train/actor/policy_loss_abs,31,30,0.7426140308380127,1789475311.9790769
train/actor/policy_loss_abs,32,31,0.7268850207328796,1789476051.4384086
train/actor/policy_loss_abs,33,32,0.7613121271133423,1789476700.6158738
train/actor/policy_loss_abs,34,33,0.7462724447250366,1789477337.290629
train/actor/policy_loss_abs,35,34,0.7017959356307983,1789478300.4053555
train/actor/policy_loss_abs,36,35,0.6857813596725464,1789478939.4860005
train/actor/policy_loss_abs,37,36,0.711039662361145,1789479586.8839839
train/actor/policy_loss_abs,38,37,0.7171886563301086,1789480268.5540624
train/actor/policy_loss_abs,39,38,0.7250634431838989,1789480933.1434107
train/actor/policy_loss_abs,40,39,0.8195049166679382,1789481951.280807
train/actor/policy_loss_abs,41,40,0.7097842693328857,1789482609.735147
train/actor/policy_loss_abs,42,41,0.7766299843788147,1789483325.6359053
train/actor/policy_loss_abs,43,42,0.6710120439529419,1789484004.8495703
train/actor/policy_loss_abs,44,43,0.6187587976455688,1789484671.999301
train/actor/policy_loss_abs,45,44,0.7122299671173096,1789485658.141854
train/actor/policy_loss_abs,46,45,0.709922194480896,1789486365.7429614
train/actor/policy_loss_abs,47,46,0.7509301900863647,1789487036.8030787
train/actor/policy_loss_abs,48,47,0.7420892715454102,1789487694.0094256
train/actor/policy_loss_abs,49,48,0.7160756587982178,1789488381.4239082
train/actor/policy_loss_abs,50,49,0.7383207678794861,1789489328.6451714
train/actor/policy_loss_abs,51,50,0.7889200448989868,1789490016.5816658
train/actor/policy_loss_abs,52,51,0.689067542552948,1789490661.289164
train/actor/policy_loss_abs,53,52,0.6598000526428223,1789491298.8938105
train/actor/policy_loss_abs,54,53,0.7912843227386475,1789491944.945216
train/actor/policy_loss_abs,55,54,0.6753331422805786,1789492891.5492342
train/actor/policy_loss_abs,56,55,0.6858074069023132,1789493543.7305028
train/actor/policy_loss_abs,57,56,0.6964536905288696,1789494198.8668067
train/actor/policy_loss_abs,58,57,0.6794765591621399,1789494847.8841338
train/actor/policy_loss_abs,59,58,0.6634671688079834,1789495488.3916194
train/actor/policy_loss_abs,60,59,0.6315914392471313,1789496471.941949
train/actor/policy_loss_abs,61,60,0.7363681197166443,1789497108.5507586
train/actor/policy_loss_abs,62,61,0.7473046779632568,1789497742.9942153
train/actor/policy_loss_abs,63,62,0.5816525220870972,1789498386.8994508
train/actor/policy_loss_abs,64,63,0.7795180082321167,1789499017.0122843
train/actor/policy_loss_abs,65,64,0.7220333814620972,1789500008.6299171
train/actor/policy_loss_abs,66,65,0.67168128490448,1789500674.511374
train/actor/policy_loss_abs,67,66,0.7666738033294678,1789501332.0578792
train/actor/policy_loss_abs,68,67,0.7895765900611877,1789502024.0324368
train/actor/policy_loss_abs,69,68,0.8038369417190552,1789502677.4891083
train/actor/policy_loss_abs,70,69,0.6527630686759949,1789503669.5396786
train/actor/policy_loss_abs,71,70,0.7224372625350952,1789504306.3303967
train/actor/policy_loss_abs,72,71,0.8191491365432739,1789504952.6424415
train/actor/policy_loss_abs,73,72,0.5988709926605225,1789505582.5917141
train/actor/policy_loss_abs,74,73,0.6714299917221069,1789506217.8152668
train/actor/policy_loss_abs,75,74,0.7458531856536865,1789507204.948192
train/actor/policy_loss_abs,76,75,0.597199022769928,1789507834.0849776
train/actor/policy_loss_abs,77,76,0.7054108381271362,1789508483.9506106
train/actor/policy_loss_abs,78,77,0.6351809501647949,1789509120.614771
train/actor/policy_loss_abs,79,78,0.5887827277183533,1789509760.042317
train/actor/policy_loss_abs,80,79,0.7291953563690186,1789510701.3087482
train/actor/policy_loss_abs,81,80,0.7940016984939575,1789511364.9531817
train/actor/policy_loss_abs,82,81,0.7421772480010986,1789512019.1156816
train/actor/policy_loss_abs,83,82,0.5738215446472168,1789512652.427449
train/actor/policy_loss_abs,84,83,0.4758502244949341,1789513284.9991634
train/actor/policy_loss_abs,85,84,0.8092037439346313,1789514190.5238001
train/actor/policy_loss_abs,86,85,0.6752915978431702,1789514826.572181
train/actor/policy_loss_abs,87,86,0.5993173122406006,1789515458.9791546
train/actor/policy_loss_abs,88,87,0.8323291540145874,1789516105.4983556
train/actor/policy_loss_abs,89,88,0.762258768081665,1789516756.1893306
train/actor/policy_loss_abs,90,89,0.7941186428070068,1789517701.461231
train/actor/policy_loss_abs,91,90,0.5681143999099731,1789518333.2347474
train/actor/policy_loss_abs,92,91,0.7205712199211121,1789518958.9960341
train/actor/policy_loss_abs,93,92,0.7704452276229858,1789519599.5411081
train/actor/policy_loss_abs,94,93,0.5979626774787903,1789520239.134122
train/actor/policy_loss_abs,95,94,0.7289590835571289,1789521153.4435742
train/actor/policy_loss_abs,96,95,0.7175694704055786,1789521804.1365652
train/actor/policy_loss_abs,97,96,0.6665394306182861,1789522510.0513475
train/actor/policy_loss_abs,98,97,0.6257342100143433,1789523160.956309
train/actor/policy_loss_abs,99,98,0.6410334706306458,1789523799.520737
train/actor/policy_loss_abs,100,99,0.7444452047348022,1789524756.7832866
train/actor/policy_loss_abs,101,100,0.7297042608261108,1789525428.1843755
train/actor/policy_loss_abs,102,101,0.6600855588912964,1789526077.4703717
train/actor/policy_loss_abs,103,102,0.6473574638366699,1789526738.468421
train/actor/policy_loss_abs,104,103,0.7541462182998657,1789527380.561367
train/actor/policy_loss_abs,105,104,0.7374157309532166,1789528274.503091
train/actor/policy_loss_abs,106,105,0.696403980255127,1789528932.533418
train/actor/policy_loss_abs,107,106,0.6382783651351929,1789529592.7932436
train/actor/policy_loss_abs,108,107,0.6373723149299622,1789530256.999244
train/actor/policy_loss_abs,109,108,0.7330744862556458,1789530913.1797295
train/actor/policy_loss_abs,110,109,0.700630784034729,1789531866.2913327
train/actor/policy_loss_abs,111,110,0.6929872632026672,1789532497.6513722
train/actor/policy_loss_abs,112,111,0.7211219072341919,1789533174.9290526
train/actor/policy_loss_abs,113,112,0.8168785572052002,1789533828.9881616
train/actor/policy_loss_abs,114,113,0.819848895072937,1789534565.121099
train/actor/policy_loss_abs,115,114,0.7946298122406006,1789535498.1473043
train/actor/ratio,1,0,1.0657098293304443,1789452513.7178068
train/actor/ratio,2,1,1.0055447816848755,1789453181.7693183
train/actor/ratio,3,2,1.0248472690582275,1789453885.292284
train/actor/ratio,4,3,1.010056495666504,1789454567.945908
train/actor/ratio,5,4,1.0086017847061157,1789455534.1111195
train/actor/ratio,6,5,0.9929517507553101,1789456278.5126832
train/actor/ratio,7,6,0.997313380241394,1789457002.3743021
train/actor/ratio,8,7,0.9956845045089722,1789457628.2947836
train/actor/ratio,9,8,1.0043798685073853,1789458295.290745
train/actor/ratio,10,9,1.0094884634017944,1789459334.4437413
train/actor/ratio,11,10,0.9839962720870972,1789460058.1956427
train/actor/ratio,12,11,1.011376142501831,1789460782.542125
train/actor/ratio,13,12,0.9961593747138977,1789461449.9366884
train/actor/ratio,14,13,1.010923147201538,1789462112.14204
train/actor/ratio,15,14,1.0093748569488525,1789463111.849867
train/actor/ratio,16,15,0.9942168593406677,1789463778.4005291
train/actor/ratio,17,16,0.9979471564292908,1789464507.6712828
train/actor/ratio,18,17,1.006471872329712,1789465199.4102874
train/actor/ratio,19,18,1.0025086402893066,1789465877.9350355
train/actor/ratio,20,19,1.0152925252914429,1789466942.0020032
train/actor/ratio,21,20,1.0005362033843994,1789467675.9517598
train/actor/ratio,22,21,1.0020238161087036,1789468449.8558133
train/actor/ratio,23,22,0.9987134337425232,1789469122.5150228
train/actor/ratio,24,23,1.0009267330169678,1789469849.5474455
train/actor/ratio,25,24,1.000974178314209,1789470818.6184669
train/actor/ratio,26,25,0.9993964433670044,1789471527.8402808
train/actor/ratio,27,26,1.005505919456482,1789472244.9564555
train/actor/ratio,28,27,0.9998337030410767,1789472933.443873
train/actor/ratio,29,28,0.9975709915161133,1789473579.3957543
train/actor/ratio,30,29,1.0182714462280273,1789474608.009488
train/actor/ratio,31,30,0.9945471286773682,1789475311.9790828
train/actor/ratio,32,31,1.0016508102416992,1789476051.4384143
train/actor/ratio,33,32,0.9985551238059998,1789476700.6158895
train/actor/ratio,34,33,0.9970557689666748,1789477337.2906349
train/actor/ratio,35,34,0.9995128512382507,1789478300.4053764
train/actor/ratio,36,35,1.004390001296997,1789478939.4860063
train/actor/ratio,37,36,1.0104480981826782,1789479586.8839903
train/actor/ratio,38,37,0.9965581893920898,1789480268.5540688
train/actor/ratio,39,38,1.0076613426208496,1789480933.1434174
train/actor/ratio,40,39,1.0002139806747437,1789481951.2808166
train/actor/ratio,41,40,0.9956492185592651,1789482609.7351542
train/actor/ratio,42,41,1.0012028217315674,1789483325.6359131
train/actor/ratio,43,42,0.9933413863182068,1789484004.8495762
train/actor/ratio,44,43,0.9936974048614502,1789484671.9993062
train/actor/ratio,45,44,0.996643602848053,1789485658.1418607
train/actor/ratio,46,45,0.9950165152549744,1789486365.7429678
train/actor/ratio,47,46,1.005605697631836,1789487036.8030844
train/actor/ratio,48,47,1.006324052810669,1789487694.0094323
train/actor/ratio,49,48,0.9992327690124512,1789488381.423915
train/actor/ratio,50,49,1.000753402709961,1789489328.6451774
train/actor/ratio,51,50,0.9915705919265747,1789490016.5816717
train/actor/ratio,52,51,1.0105876922607422,1789490661.2891705
train/actor/ratio,53,52,0.9995595216751099,1789491298.8938174
train/actor/ratio,54,53,1.001460075378418,1789491944.9452226
train/actor/ratio,55,54,0.99173903465271,1789492891.5492544
train/actor/ratio,56,55,1.0061815977096558,1789493543.7305093
train/actor/ratio,57,56,0.9937841892242432,1789494198.8668191
train/actor/ratio,58,57,0.9980512857437134,1789494847.884143
train/actor/ratio,59,58,0.9929696321487427,1789495488.3916256
train/actor/ratio,60,59,1.000490665435791,1789496471.9419549
train/actor/ratio,61,60,0.9983397722244263,1789497108.5507646
train/actor/ratio,62,61,0.9983487725257874,1789497742.994221
train/actor/ratio,63,62,1.001125454902649,1789498386.8994565
train/actor/ratio,64,63,1.0032267570495605,1789499017.01229
train/actor/ratio,65,64,0.9939852952957153,1789500008.6299229
train/actor/ratio,66,65,1.0018011331558228,1789500674.511381
train/actor/ratio,67,66,1.0070594549179077,1789501332.0578878
train/actor/ratio,68,67,0.9924123287200928,1789502024.0324433
train/actor/ratio,69,68,0.9928305745124817,1789502677.4891143
train/actor/ratio,70,69,0.9974110126495361,1789503669.5396876
train/actor/ratio,71,70,1.0215749740600586,1789504306.330403
train/actor/ratio,72,71,0.9894955158233643,1789504952.6424477
train/actor/ratio,73,72,0.9955728054046631,1789505582.5917199
train/actor/ratio,74,73,1.0073400735855103,1789506217.815273
train/actor/ratio,75,74,1.0011426210403442,1789507204.9482017
train/actor/ratio,76,75,0.9991159439086914,1789507834.0849838
train/actor/ratio,77,76,1.0000863075256348,1789508483.9506168
train/actor/ratio,78,77,1.0221004486083984,1789509120.6147778
train/actor/ratio,79,78,1.0024287700653076,1789509760.0423226
train/actor/ratio,80,79,1.0029847621917725,1789510701.3087544
train/actor/ratio,81,80,1.0092427730560303,1789511364.953188
train/actor/ratio,82,81,1.0133213996887207,1789512019.1156874
train/actor/ratio,83,82,1.0055360794067383,1789512652.427455
train/actor/ratio,84,83,1.002206802368164,1789513284.9991696
train/actor/ratio,85,84,1.005466341972351,1789514190.5238056
train/actor/ratio,86,85,1.0009653568267822,1789514826.5721877
train/actor/ratio,87,86,0.9943602085113525,1789515458.9791608
train/actor/ratio,88,87,0.9991379976272583,1789516105.4983618
train/actor/ratio,89,88,1.005738377571106,1789516756.189337
train/actor/ratio,90,89,0.9918455481529236,1789517701.4612372
train/actor/ratio,91,90,0.9937620759010315,1789518333.2347534
train/actor/ratio,92,91,1.0035043954849243,1789518958.9960415
train/actor/ratio,93,92,1.011798620223999,1789519599.541114
train/actor/ratio,94,93,0.9991751313209534,1789520239.134128
train/actor/ratio,95,94,0.9961624145507812,1789521153.4435806
train/actor/ratio,96,95,1.0032175779342651,1789521804.1365716
train/actor/ratio,97,96,0.9952346086502075,1789522510.051358
train/actor/ratio,98,97,0.9980471730232239,1789523160.9563153
train/actor/ratio,99,98,1.0090231895446777,1789523799.5207431
train/actor/ratio,100,99,1.0052992105484009,1789524756.7832935
train/actor/ratio,101,100,1.0015642642974854,1789525428.1843815
train/actor/ratio,102,101,0.9975455403327942,1789526077.4703784
train/actor/ratio,103,102,1.004488468170166,1789526738.4684267
train/actor/ratio,104,103,1.0061447620391846,1789527380.5613735
train/actor/ratio,105,104,0.9933179616928101,1789528274.5030959
train/actor/ratio,106,105,0.9875361919403076,1789528932.533424
train/actor/ratio,107,106,1.0007630586624146,1789529592.793251
train/actor/ratio,108,107,0.9992585182189941,1789530256.99925
train/actor/ratio,109,108,0.99379563331604,1789530913.1797352
train/actor/ratio,110,109,1.0030850172042847,1789531866.2913387
train/actor/ratio,111,110,0.999142050743103,1789532497.6513813
train/actor/ratio,112,111,1.0027323961257935,1789533174.929059
train/actor/ratio,113,112,1.0091837644577026,1789533828.9881697
train/actor/ratio,114,113,1.0024598836898804,1789534565.1211069
train/actor/ratio,115,114,1.010739803314209,1789535498.1473107
train/actor/ratio_abs,1,0,0.14375539124011993,1789452513.7178133
train/actor/ratio_abs,2,1,0.11996738612651825,1789453181.769324
train/actor/ratio_abs,3,2,0.08924948424100876,1789453885.2922902
train/actor/ratio_abs,4,3,0.06711248308420181,1789454567.9459133
train/actor/ratio_abs,5,4,0.09440793097019196,1789455534.111898
train/actor/ratio_abs,6,5,0.09963379800319672,1789456278.5126889
train/actor/ratio_abs,7,6,0.041520968079566956,1789457002.374308
train/actor/ratio_abs,8,7,0.052873797714710236,1789457628.29479
train/actor/ratio_abs,9,8,0.05612676218152046,1789458295.2907507
train/actor/ratio_abs,10,9,0.08006377518177032,1789459334.4442296
train/actor/ratio_abs,11,10,0.06580163538455963,1789460058.195649
train/actor/ratio_abs,12,11,0.0987490862607956,1789460782.542131
train/actor/ratio_abs,13,12,0.04237069934606552,1789461449.936696
train/actor/ratio_abs,14,13,0.04085231199860573,1789462112.1420465
train/actor/ratio_abs,15,14,0.09120577573776245,1789463111.8506076
train/actor/ratio_abs,16,15,0.05079024285078049,1789463778.4005358
train/actor/ratio_abs,17,16,0.03184492141008377,1789464507.6712894
train/actor/ratio_abs,18,17,0.06789448112249374,1789465199.4102955
train/actor/ratio_abs,19,18,0.05475626885890961,1789465877.9350412
train/actor/ratio_abs,20,19,0.0812424048781395,1789466942.0024397
train/actor/ratio_abs,21,20,0.06159299239516258,1789467675.9517655
train/actor/ratio_abs,22,21,0.10123050212860107,1789468449.8558197
train/actor/ratio_abs,23,22,0.047943197190761566,1789469122.5150285
train/actor/ratio_abs,24,23,0.0487503781914711,1789469849.5474515
train/actor/ratio_abs,25,24,0.03852749243378639,1789470818.618627
train/actor/ratio_abs,26,25,0.032771557569503784,1789471527.840289
train/actor/ratio_abs,27,26,0.04633861780166626,1789472244.956462
train/actor/ratio_abs,28,27,0.06330420821905136,1789472933.4438791
train/actor/ratio_abs,29,28,0.059722237288951874,1789473579.3957613
train/actor/ratio_abs,30,29,0.09948272258043289,1789474608.009734
train/actor/ratio_abs,31,30,0.08962681889533997,1789475311.9790885
train/actor/ratio_abs,32,31,0.029799852520227432,1789476051.43842
train/actor/ratio_abs,33,32,0.05137237161397934,1789476700.615906
train/actor/ratio_abs,34,33,0.02578653208911419,1789477337.2906406
train/actor/ratio_abs,35,34,0.05274385213851929,1789478300.4061458
train/actor/ratio_abs,36,35,0.07313024252653122,1789478939.4860122
train/actor/ratio_abs,37,36,0.0739041343331337,1789479586.8839962
train/actor/ratio_abs,38,37,0.04458809643983841,1789480268.5540748
train/actor/ratio_abs,39,38,0.04845134913921356,1789480933.143423
train/actor/ratio_abs,40,39,0.04179544746875763,1789481951.281071
train/actor/ratio_abs,41,40,0.01946527510881424,1789482609.7351613
train/actor/ratio_abs,42,41,0.06328660994768143,1789483325.6359215
train/actor/ratio_abs,43,42,0.04103534296154976,1789484004.8495824
train/actor/ratio_abs,44,43,0.04208347573876381,1789484671.999312
train/actor/ratio_abs,45,44,0.04811834543943405,1789485658.142441
train/actor/ratio_abs,46,45,0.06538857519626617,1789486365.7429743
train/actor/ratio_abs,47,46,0.055170588195323944,1789487036.8030906
train/actor/ratio_abs,48,47,0.0474013090133667,1789487694.0094388
train/actor/ratio_abs,49,48,0.09068016707897186,1789488381.4239206
train/actor/ratio_abs,50,49,0.06457781791687012,1789489328.645631
train/actor/ratio_abs,51,50,0.05371624976396561,1789490016.5816772
train/actor/ratio_abs,52,51,0.07043468952178955,1789490661.2891762
train/actor/ratio_abs,53,52,0.0299130417406559,1789491298.893823
train/actor/ratio_abs,54,53,0.06262507289648056,1789491944.9452293
train/actor/ratio_abs,55,54,0.11208575963973999,1789492891.5500786
train/actor/ratio_abs,56,55,0.05720837786793709,1789493543.730515
train/actor/ratio_abs,57,56,0.07963132858276367,1789494198.8668306
train/actor/ratio_abs,58,57,0.04174646735191345,1789494847.8841515
train/actor/ratio_abs,59,58,0.06420911848545074,1789495488.3916314
train/actor/ratio_abs,60,59,0.041263699531555176,1789496471.9421365
train/actor/ratio_abs,61,60,0.033050037920475006,1789497108.5507703
train/actor/ratio_abs,62,61,0.09455680102109909,1789497742.9942267
train/actor/ratio_abs,63,62,0.05485038831830025,1789498386.8994625
train/actor/ratio_abs,64,63,0.03932002931833267,1789499017.0122955
train/actor/ratio_abs,65,64,0.046320561319589615,1789500008.630089
train/actor/ratio_abs,66,65,0.09287282824516296,1789500674.511388
train/actor/ratio_abs,67,66,0.08408448100090027,1789501332.0578964
train/actor/ratio_abs,68,67,0.04935940355062485,1789502024.0324497
train/actor/ratio_abs,69,68,0.07157772034406662,1789502677.4891202
train/actor/ratio_abs,70,69,0.038978010416030884,1789503669.5398626
train/actor/ratio_abs,71,70,0.12044013291597366,1789504306.3304098
train/actor/ratio_abs,72,71,0.11334551125764847,1789504952.6424537
train/actor/ratio_abs,73,72,0.046077288687229156,1789505582.5917258
train/actor/ratio_abs,74,73,0.07872925698757172,1789506217.8152785
train/actor/ratio_abs,75,74,0.03877048194408417,1789507204.9484773
train/actor/ratio_abs,76,75,0.057052597403526306,1789507834.08499
train/actor/ratio_abs,77,76,0.047878116369247437,1789508483.9506228
train/actor/ratio_abs,78,77,0.09202557802200317,1789509120.614784
train/actor/ratio_abs,79,78,0.04679352790117264,1789509760.0423288
train/actor/ratio_abs,80,79,0.08234850317239761,1789510701.3089933
train/actor/ratio_abs,81,80,0.058493103832006454,1789511364.9531934
train/actor/ratio_abs,82,81,0.08306713402271271,1789512019.1156933
train/actor/ratio_abs,83,82,0.07169611006975174,1789512652.4274614
train/actor/ratio_abs,84,83,0.0473659411072731,1789513284.9991758
train/actor/ratio_abs,85,84,0.05670216679573059,1789514190.5244963
train/actor/ratio_abs,86,85,0.0629844218492508,1789514826.5721939
train/actor/ratio_abs,87,86,0.0575217679142952,1789515458.9791667
train/actor/ratio_abs,88,87,0.04367098957300186,1789516105.4983683
train/actor/ratio_abs,89,88,0.07891617715358734,1789516756.1893437
train/actor/ratio_abs,90,89,0.06740705668926239,1789517701.4617267
train/actor/ratio_abs,91,90,0.06826183199882507,1789518333.2347589
train/actor/ratio_abs,92,91,0.0649029091000557,1789518958.9960485
train/actor/ratio_abs,93,92,0.05416153371334076,1789519599.5411205
train/actor/ratio_abs,94,93,0.05102291703224182,1789520239.134134
train/actor/ratio_abs,95,94,0.06742464751005173,1789521153.443756
train/actor/ratio_abs,96,95,0.07579883933067322,1789521804.1365778
train/actor/ratio_abs,97,96,0.06177668273448944,1789522510.0513678
train/actor/ratio_abs,98,97,0.05075440555810928,1789523160.9563217
train/actor/ratio_abs,99,98,0.04814822971820831,1789523799.5207493
train/actor/ratio_abs,100,99,0.05742761865258217,1789524756.783975
train/actor/ratio_abs,101,100,0.07218489795923233,1789525428.1843874
train/actor/ratio_abs,102,101,0.047176577150821686,1789526077.4703846
train/actor/ratio_abs,103,102,0.042277704924345016,1789526738.4684327
train/actor/ratio_abs,104,103,0.06711461395025253,1789527380.56138
train/actor/ratio_abs,105,104,0.06956124305725098,1789528274.5036013
train/actor/ratio_abs,106,105,0.06381496787071228,1789528932.5334299
train/actor/ratio_abs,107,106,0.032192885875701904,1789529592.7932584
train/actor/ratio_abs,108,107,0.037555281072854996,1789530256.999257
train/actor/ratio_abs,109,108,0.0675448626279831,1789530913.1797419
train/actor/ratio_abs,110,109,0.05268832668662071,1789531866.291828
train/actor/ratio_abs,111,110,0.059849176555871964,1789532497.6513906
train/actor/ratio_abs,112,111,0.050304241478443146,1789533174.9290652
train/actor/ratio_abs,113,112,0.05861608684062958,1789533828.9881787
train/actor/ratio_abs,114,113,0.05139441043138504,1789534565.1211164
train/actor/ratio_abs,115,114,0.06932541728019714,1789535498.1476586
train/actor/total_loss,1,0,-0.00043340696720406413,1789452513.7178197
train/actor/total_loss,2,1,-0.0003446436021476984,1789453181.76933
train/actor/total_loss,3,2,-1.5555895515717566e-05,1789453885.292296
train/actor/total_loss,4,3,-0.0008386634290218353,1789454567.9459193
train/actor/total_loss,5,4,-0.00018856287351809442,1789455534.1119046
train/actor/total_loss,6,5,0.000981124583631754,1789456278.5126944
train/actor/total_loss,7,6,-0.0002872809418477118,1789457002.3743145
train/actor/total_loss,8,7,-0.0006070794188417494,1789457628.2947965
train/actor/total_loss,9,8,-0.0006463596946559846,1789458295.2907567
train/actor/total_loss,10,9,7.71029299357906e-05,1789459334.4442415
train/actor/total_loss,11,10,0.0003445619367994368,1789460058.1956549
train/actor/total_loss,12,11,0.0005136237014085054,1789460782.5421367
train/actor/total_loss,13,12,-0.00043423817260190845,1789461449.936704
train/actor/total_loss,14,13,-0.0004708400520030409,1789462112.142053
train/actor/total_loss,15,14,0.00014573738735634834,1789463111.8506243
train/actor/total_loss,16,15,4.628975875675678e-05,1789463778.4005418
train/actor/total_loss,17,16,-0.00014034844934940338,1789464507.6712952
train/actor/total_loss,18,17,-0.00012814701767638326,1789465199.410305
train/actor/total_loss,19,18,-0.0003140092012472451,1789465877.9350476
train/actor/total_loss,20,19,-0.0006516256835311651,1789466942.0024476
train/actor/total_loss,21,20,4.9657217459753156e-05,1789467675.951771
train/actor/total_loss,22,21,0.001337525900453329,1789468449.8558261
train/actor/total_loss,23,22,0.0001771844399627298,1789469122.5150342
train/actor/total_loss,24,23,-0.0009829956106841564,1789469849.547457
train/actor/total_loss,25,24,-0.0004567649448290467,1789470818.6186333
train/actor/total_loss,26,25,-0.00021187670063227415,1789471527.8402948
train/actor/total_loss,27,26,-0.0005258133169263601,1789472244.9564672
train/actor/total_loss,28,27,-0.0006528616650030017,1789472933.4438846
train/actor/total_loss,29,28,0.0002531773061491549,1789473579.395768
train/actor/total_loss,30,29,0.0007562889368273318,1789474608.0097406
train/actor/total_loss,31,30,0.00041213116492144763,1789475311.9790947
train/actor/total_loss,32,31,-0.0005668208468705416,1789476051.4384255
train/actor/total_loss,33,32,1.3680633855983615e-05,1789476700.615922
train/actor/total_loss,34,33,-0.0001488224370405078,1789477337.290647
train/actor/total_loss,35,34,-0.00038052850868552923,1789478300.4061983
train/actor/total_loss,36,35,0.00012115377467125654,1789478939.486018
train/actor/total_loss,37,36,0.00027715382748283446,1789479586.884002
train/actor/total_loss,38,37,0.00020044013217557222,1789480268.5540807
train/actor/total_loss,39,38,-0.0005353320157155395,1789480933.1434283
train/actor/total_loss,40,39,-0.0004906879621557891,1789481951.2810812
train/actor/total_loss,41,40,-0.00032465450931340456,1789482609.735168
train/actor/total_loss,42,41,-0.00010152088361792266,1789483325.6359289
train/actor/total_loss,43,42,-1.426867675036192e-05,1789484004.8495884
train/actor/total_loss,44,43,0.00026814325246959925,1789484671.9993174
train/actor/total_loss,45,44,-0.0005404924741014838,1789485658.1424632
train/actor/total_loss,46,45,0.0003434386453591287,1789486365.7429802
train/actor/total_loss,47,46,-0.00011783190711867064,1789487036.803096
train/actor/total_loss,48,47,-0.0004100301885046065,1789487694.009445
train/actor/total_loss,49,48,0.0007441306952387094,1789488381.4239264
train/actor/total_loss,50,49,0.0006691169692203403,1789489328.6456373
train/actor/total_loss,51,50,0.0005063901771791279,1789490016.5816834
train/actor/total_loss,52,51,0.000239730958128348,1789490661.2891817
train/actor/total_loss,53,52,-0.00021365543943829834,1789491298.8938286
train/actor/total_loss,54,53,0.0002889212919399142,1789491944.9452353
train/actor/total_loss,55,54,0.0009872729424387217,1789492891.5501049
train/actor/total_loss,56,55,0.00012817195965908468,1789493543.7305212
train/actor/total_loss,57,56,0.0007936630863696337,1789494198.866841
train/actor/total_loss,58,57,-0.00033601888571865857,1789494847.8841617
train/actor/total_loss,59,58,0.0002662711776793003,1789495488.3916378
train/actor/total_loss,60,59,-0.00021638117323163897,1789496471.9421425
train/actor/total_loss,61,60,-0.00025236670626327395,1789497108.5507758
train/actor/total_loss,62,61,0.0014007476856932044,1789497742.9942324
train/actor/total_loss,63,62,2.6034154871013016e-05,1789498386.8994682
train/actor/total_loss,64,63,-0.0008088976610451937,1789499017.0123012
train/actor/total_loss,65,64,-0.00038432166911661625,1789500008.630095
train/actor/total_loss,66,65,0.000930858077481389,1789500674.5113945
train/actor/total_loss,67,66,0.0005822756793349981,1789501332.0579052
train/actor/total_loss,68,67,0.0003401015419512987,1789502024.032456
train/actor/total_loss,69,68,0.0012710100272670388,1789502677.4891257
train/actor/total_loss,70,69,-0.0007612836197949946,1789503669.5398774
train/actor/total_loss,71,70,0.0006352170603349805,1789504306.3304157
train/actor/total_loss,72,71,0.0016859485767781734,1789504952.6424594
train/actor/total_loss,73,72,3.0313691240735352e-05,1789505582.5917315
train/actor/total_loss,74,73,0.00019015252473764122,1789506217.8152845
train/actor/total_loss,75,74,6.664401735179126e-05,1789507204.9484842
train/actor/total_loss,76,75,-1.420131593476981e-05,1789507834.0849955
train/actor/total_loss,77,76,0.00027840788243338466,1789508483.9506292
train/actor/total_loss,78,77,0.000441304495325312,1789509120.6147907
train/actor/total_loss,79,78,1.6175632481463253e-05,1789509760.0423346
train/actor/total_loss,80,79,0.0013492534635588527,1789510701.3089998
train/actor/total_loss,81,80,-0.00038558695814572275,1789511364.9531994
train/actor/total_loss,82,81,0.0004384925705380738,1789512019.1156995
train/actor/total_loss,83,82,-9.454847895540297e-05,1789512652.4274678
train/actor/total_loss,84,83,7.19311719876714e-05,1789513284.9991817
train/actor/total_loss,85,84,-0.0001945018011610955,1789514190.5245128
train/actor/total_loss,86,85,-0.0005612868117168546,1789514826.5721996
train/actor/total_loss,87,86,0.00032442898373119533,1789515458.979172
train/actor/total_loss,88,87,-0.0004581331158988178,1789516105.4983742
train/actor/total_loss,89,88,0.0009387080790475011,1789516756.1893497
train/actor/total_loss,90,89,0.00018612269195728004,1789517701.461733
train/actor/total_loss,91,90,0.00026206945767626166,1789518333.234765
train/actor/total_loss,92,91,-0.00024905591271817684,1789518958.9960556
train/actor/total_loss,93,92,0.0004723076126538217,1789519599.5411263
train/actor/total_loss,94,93,-0.0002495062071830034,1789520239.1341403
train/actor/total_loss,95,94,-0.00022947444813326,1789521153.4437625
train/actor/total_loss,96,95,9.262943058274686e-05,1789521804.1365845
train/actor/total_loss,97,96,7.106061093509197e-05,1789522510.0513766
train/actor/total_loss,98,97,-0.0004923748201690614,1789523160.9563282
train/actor/total_loss,99,98,-0.0008056652150116861,1789523799.5207553
train/actor/total_loss,100,99,8.509156759828329e-05,1789524756.783982
train/actor/total_loss,101,100,0.0001344575430266559,1789525428.1843932
train/actor/total_loss,102,101,-8.245205390267074e-05,1789526077.4703908
train/actor/total_loss,103,102,-0.0001368293014820665,1789526738.4684389
train/actor/total_loss,104,103,-6.709492299705744e-05,1789527380.5613859
train/actor/total_loss,105,104,-0.00021946888591628522,1789528274.5036063
train/actor/total_loss,106,105,-0.00015417614486068487,1789528932.533436
train/actor/total_loss,107,106,3.4887882065959275e-05,1789529592.7932649
train/actor/total_loss,108,107,-0.000427194987423718,1789530256.999263
train/actor/total_loss,109,108,0.0009607000392861664,1789530913.1797478
train/actor/total_loss,110,109,0.00021295386250130832,1789531866.291835
train/actor/total_loss,111,110,-0.0002064286672975868,1789532497.6513996
train/actor/total_loss,112,111,7.798208389431238e-05,1789533174.9290712
train/actor/total_loss,113,112,0.0002605660120025277,1789533828.9881878
train/actor/total_loss,114,113,-9.435819811187685e-05,1789534565.1211233
train/actor/total_loss,115,114,0.00011901612742803991,1789535498.1476645
train/actor/dvac_weight_ess_fraction,1,0,0.9433176517486572,1789452513.7178264
train/actor/dvac_weight_ess_fraction,2,1,0.9488248825073242,1789453181.7693355
train/actor/dvac_weight_ess_fraction,3,2,0.9433009028434753,1789453885.292302
train/actor/dvac_weight_ess_fraction,4,3,0.9487408399581909,1789454567.9459248
train/actor/dvac_weight_ess_fraction,5,4,0.9238771796226501,1789455534.1119108
train/actor/dvac_weight_ess_fraction,6,5,0.9494614005088806,1789456278.5126996
train/actor/dvac_weight_ess_fraction,7,6,0.9489707350730896,1789457002.374321
train/actor/dvac_weight_ess_fraction,8,7,0.9422233700752258,1789457628.294805
train/actor/dvac_weight_ess_fraction,9,8,0.943671703338623,1789458295.2907627
train/actor/dvac_weight_ess_fraction,10,9,0.9378531575202942,1789459334.4442475
train/actor/dvac_weight_ess_fraction,11,10,0.9441020488739014,1789460058.195661
train/actor/dvac_weight_ess_fraction,12,11,0.9362308382987976,1789460782.5421429
train/actor/dvac_weight_ess_fraction,13,12,0.9355804324150085,1789461449.9367125
train/actor/dvac_weight_ess_fraction,14,13,0.9382854700088501,1789462112.142059
train/actor/dvac_weight_ess_fraction,15,14,0.9517304301261902,1789463111.8506362
train/actor/dvac_weight_ess_fraction,16,15,0.9355546832084656,1789463778.400548
train/actor/dvac_weight_ess_fraction,17,16,0.9411743879318237,1789464507.6713018
train/actor/dvac_weight_ess_fraction,18,17,0.9378702640533447,1789465199.4103131
train/actor/dvac_weight_ess_fraction,19,18,0.9286785125732422,1789465877.9350533
train/actor/dvac_weight_ess_fraction,20,19,0.9498720765113831,1789466942.002455
train/actor/dvac_weight_ess_fraction,21,20,0.947910487651825,1789467675.9517775
train/actor/dvac_weight_ess_fraction,22,21,0.9432696104049683,1789468449.8558323
train/actor/dvac_weight_ess_fraction,23,22,0.9337249994277954,1789469122.51504
train/actor/dvac_weight_ess_fraction,24,23,0.9343704581260681,1789469849.5474625
train/actor/dvac_weight_ess_fraction,25,24,0.9526760578155518,1789470818.6186407
train/actor/dvac_weight_ess_fraction,26,25,0.9438432455062866,1789471527.8403008
train/actor/dvac_weight_ess_fraction,27,26,0.9291929602622986,1789472244.9564736
train/actor/dvac_weight_ess_fraction,28,27,0.9406493306159973,1789472933.4438903
train/actor/dvac_weight_ess_fraction,29,28,0.9257128238677979,1789473579.3957741
train/actor/dvac_weight_ess_fraction,30,29,0.9361385107040405,1789474608.0097468
train/actor/dvac_weight_ess_fraction,31,30,0.9339125156402588,1789475311.9791007
train/actor/dvac_weight_ess_fraction,32,31,0.9250772595405579,1789476051.4384315
train/actor/dvac_weight_ess_fraction,33,32,0.9354079961776733,1789476700.6159372
train/actor/dvac_weight_ess_fraction,34,33,0.9354651570320129,1789477337.290653
train/actor/dvac_weight_ess_fraction,35,34,0.9379822015762329,1789478300.4062288
train/actor/dvac_weight_ess_fraction,36,35,0.9360549449920654,1789478939.4860241
train/actor/dvac_weight_ess_fraction,37,36,0.9267554879188538,1789479586.884008
train/actor/dvac_weight_ess_fraction,38,37,0.9253907799720764,1789480268.5540864
train/actor/dvac_weight_ess_fraction,39,38,0.9360136985778809,1789480933.1434348
train/actor/dvac_weight_ess_fraction,40,39,0.9274026155471802,1789481951.2810917
train/actor/dvac_weight_ess_fraction,41,40,0.9356752038002014,1789482609.7351754
train/actor/dvac_weight_ess_fraction,42,41,0.9399018287658691,1789483325.6359367
train/actor/dvac_weight_ess_fraction,43,42,0.9366450309753418,1789484004.8495944
train/actor/dvac_weight_ess_fraction,44,43,0.9422057867050171,1789484671.999323
train/actor/dvac_weight_ess_fraction,45,44,0.9505582451820374,1789485658.1424732
train/actor/dvac_weight_ess_fraction,46,45,0.9330883622169495,1789486365.7429864
train/actor/dvac_weight_ess_fraction,47,46,0.9330958127975464,1789487036.8031023
train/actor/dvac_weight_ess_fraction,48,47,0.9332755208015442,1789487694.0094507
train/actor/dvac_weight_ess_fraction,49,48,0.9334893822669983,1789488381.4239323
train/actor/dvac_weight_ess_fraction,50,49,0.942518949508667,1789489328.6456442
train/actor/dvac_weight_ess_fraction,51,50,0.941352128982544,1789490016.5816896
train/actor/dvac_weight_ess_fraction,52,51,0.9254873394966125,1789490661.2891877
train/actor/dvac_weight_ess_fraction,53,52,0.9282307028770447,1789491298.8938346
train/actor/dvac_weight_ess_fraction,54,53,0.9259239435195923,1789491944.9452415
train/actor/dvac_weight_ess_fraction,55,54,0.9307987689971924,1789492891.5501204
train/actor/dvac_weight_ess_fraction,56,55,0.9347609281539917,1789493543.730527
train/actor/dvac_weight_ess_fraction,57,56,0.9333938956260681,1789494198.8668518
train/actor/dvac_weight_ess_fraction,58,57,0.9334511160850525,1789494847.8841708
train/actor/dvac_weight_ess_fraction,59,58,0.9345595240592957,1789495488.3916447
train/actor/dvac_weight_ess_fraction,60,59,0.930694043636322,1789496471.9421492
train/actor/dvac_weight_ess_fraction,61,60,0.9247233271598816,1789497108.550782
train/actor/dvac_weight_ess_fraction,62,61,0.9300011992454529,1789497742.9942386
train/actor/dvac_weight_ess_fraction,63,62,0.9269388914108276,1789498386.8994737
train/actor/dvac_weight_ess_fraction,64,63,0.9239733219146729,1789499017.0123072
train/actor/dvac_weight_ess_fraction,65,64,0.9309241771697998,1789500008.630101
train/actor/dvac_weight_ess_fraction,66,65,0.9371508955955505,1789500674.511402
train/actor/dvac_weight_ess_fraction,67,66,0.9384511113166809,1789501332.0579135
train/actor/dvac_weight_ess_fraction,68,67,0.9361788630485535,1789502024.0324624
train/actor/dvac_weight_ess_fraction,69,68,0.93797367811203,1789502677.4891317
train/actor/dvac_weight_ess_fraction,70,69,0.9193131327629089,1789503669.5398886
train/actor/dvac_weight_ess_fraction,71,70,0.9286885857582092,1789504306.3304217
train/actor/dvac_weight_ess_fraction,72,71,0.931442379951477,1789504952.642465
train/actor/dvac_weight_ess_fraction,73,72,0.9199082255363464,1789505582.5917373
train/actor/dvac_weight_ess_fraction,74,73,0.9194416999816895,1789506217.815293
train/actor/dvac_weight_ess_fraction,75,74,0.9260143041610718,1789507204.9484909
train/actor/dvac_weight_ess_fraction,76,75,0.9355866312980652,1789507834.0850012
train/actor/dvac_weight_ess_fraction,77,76,0.937701404094696,1789508483.950635
train/actor/dvac_weight_ess_fraction,78,77,0.9363874197006226,1789509120.6147976
train/actor/dvac_weight_ess_fraction,79,78,0.9321122169494629,1789509760.0423403
train/actor/dvac_weight_ess_fraction,80,79,0.9306638836860657,1789510701.3090055
train/actor/dvac_weight_ess_fraction,81,80,0.9306016564369202,1789511364.9532046
train/actor/dvac_weight_ess_fraction,82,81,0.939007580280304,1789512019.115705
train/actor/dvac_weight_ess_fraction,83,82,0.9422839879989624,1789512652.4274735
train/actor/dvac_weight_ess_fraction,84,83,0.9338417649269104,1789513284.9991877
train/actor/dvac_weight_ess_fraction,85,84,0.9371225237846375,1789514190.5245218
train/actor/dvac_weight_ess_fraction,86,85,0.9348012208938599,1789514826.5722053
train/actor/dvac_weight_ess_fraction,87,86,0.943034291267395,1789515458.9791775
train/actor/dvac_weight_ess_fraction,88,87,0.9453522562980652,1789516105.49838
train/actor/dvac_weight_ess_fraction,89,88,0.9442567825317383,1789516756.1893559
train/actor/dvac_weight_ess_fraction,90,89,0.9331789612770081,1789517701.461739
train/actor/dvac_weight_ess_fraction,91,90,0.9304514527320862,1789518333.2347708
train/actor/dvac_weight_ess_fraction,92,91,0.9328204393386841,1789518958.9960628
train/actor/dvac_weight_ess_fraction,93,92,0.9313129782676697,1789519599.5411322
train/actor/dvac_weight_ess_fraction,94,93,0.9389609098434448,1789520239.1341474
train/actor/dvac_weight_ess_fraction,95,94,0.9265478849411011,1789521153.4437683
train/actor/dvac_weight_ess_fraction,96,95,0.9282060265541077,1789521804.1365912
train/actor/dvac_weight_ess_fraction,97,96,0.942268431186676,1789522510.0513864
train/actor/dvac_weight_ess_fraction,98,97,0.9372459650039673,1789523160.9563339
train/actor/dvac_weight_ess_fraction,99,98,0.9260690212249756,1789523799.520761
train/actor/dvac_weight_ess_fraction,100,99,0.9341872334480286,1789524756.7839887
train/actor/dvac_weight_ess_fraction,101,100,0.9270609021186829,1789525428.1843987
train/actor/dvac_weight_ess_fraction,102,101,0.9350637197494507,1789526077.470397
train/actor/dvac_weight_ess_fraction,103,102,0.9439152479171753,1789526738.4684443
train/actor/dvac_weight_ess_fraction,104,103,0.9321781992912292,1789527380.5613923
train/actor/dvac_weight_ess_fraction,105,104,0.9430421590805054,1789528274.5036113
train/actor/dvac_weight_ess_fraction,106,105,0.9428595304489136,1789528932.533442
train/actor/dvac_weight_ess_fraction,107,106,0.9339714646339417,1789529592.7932725
train/actor/dvac_weight_ess_fraction,108,107,0.9383227229118347,1789530256.9992697
train/actor/dvac_weight_ess_fraction,109,108,0.9343441128730774,1789530913.179754
train/actor/dvac_weight_ess_fraction,110,109,0.9324756860733032,1789531866.2918413
train/actor/dvac_weight_ess_fraction,111,110,0.9362145662307739,1789532497.651409
train/actor/dvac_weight_ess_fraction,112,111,0.9444029331207275,1789533174.9290767
train/actor/dvac_weight_ess_fraction,113,112,0.9418439865112305,1789533828.988197
train/actor/dvac_weight_ess_fraction,114,113,0.9316525459289551,1789534565.1211307
train/actor/dvac_weight_ess_fraction,115,114,0.9384158253669739,1789535498.1476712
eval/success_at_end,5,4,0.28125,1789455534.084047
eval/success_at_end,10,9,0.34375,1789459301.74368
eval/success_at_end,15,14,0.28125,1789463111.8190527
eval/success_at_end,20,19,0.34375,1789466909.568213
eval/success_at_end,25,24,0.4375,1789470818.6021771
eval/success_at_end,30,29,0.375,1789474575.8331542
eval/success_at_end,35,34,0.4375,1789478300.3748121
eval/success_at_end,40,39,0.5625,1789481921.7241359
eval/success_at_end,45,44,0.4375,1789485658.104412
eval/success_at_end,50,49,0.40625,1789489300.0358622
eval/success_at_end,55,54,0.5625,1789492891.5154765
eval/success_at_end,60,59,0.625,1789496441.2273889
eval/success_at_end,65,64,0.65625,1789500008.610334
eval/success_at_end,70,69,0.625,1789503638.656227
eval/success_at_end,75,74,0.53125,1789507204.9151418
eval/success_at_end,80,79,0.4375,1789510672.2713444
eval/success_at_end,85,84,0.53125,1789514190.4971235
eval/success_at_end,90,89,0.5,1789517670.926576
eval/success_at_end,95,94,0.53125,1789521153.410101
eval/success_at_end,100,99,0.53125,1789524728.570389
eval/success_at_end,105,104,0.5625,1789528274.4760659
eval/success_at_end,110,109,0.5,1789531836.9152296
eval/success_at_end,115,114,0.46875,1789535498.1209505
eval/episode_len,5,4,200.0,1789455534.0841756
eval/episode_len,10,9,200.0,1789459301.7438116
eval/episode_len,15,14,200.0,1789463111.8192015
eval/episode_len,20,19,200.0,1789466909.5684
eval/episode_len,25,24,200.0,1789470818.6022334
eval/episode_len,30,29,200.0,1789474575.8332508
eval/episode_len,35,34,200.0,1789478300.374885
eval/episode_len,40,39,200.0,1789481921.7241998
eval/episode_len,45,44,200.0,1789485658.1045086
eval/episode_len,50,49,200.0,1789489300.0360196
eval/episode_len,55,54,200.0,1789492891.5156076
eval/episode_len,60,59,200.0,1789496441.227467
eval/episode_len,65,64,200.0,1789500008.610448
eval/episode_len,70,69,200.0,1789503638.6564012
eval/episode_len,75,74,200.0,1789507204.9152255
eval/episode_len,80,79,200.0,1789510672.271495
eval/episode_len,85,84,200.0,1789514190.4972067
eval/episode_len,90,89,200.0,1789517670.9267128
eval/episode_len,95,94,200.0,1789521153.4102595
eval/episode_len,100,99,200.0,1789524728.5705292
eval/episode_len,105,104,200.0,1789528274.4762287
eval/episode_len,110,109,200.0,1789531836.915376
eval/episode_len,115,114,200.0,1789535498.1211147
eval/success_once,5,4,0.28125,1789455534.084202
eval/success_once,10,9,0.34375,1789459301.7438333
eval/success_once,15,14,0.28125,1789463111.819232
eval/success_once,20,19,0.34375,1789466909.568426
eval/success_once,25,24,0.4375,1789470818.6022422
eval/success_once,30,29,0.375,1789474575.8332636
eval/success_once,35,34,0.4375,1789478300.374897
eval/success_once,40,39,0.5625,1789481921.7242117
eval/success_once,45,44,0.4375,1789485658.1045244
eval/success_once,50,49,0.40625,1789489300.0360513
eval/success_once,55,54,0.5625,1789492891.5156326
eval/success_once,60,59,0.625,1789496441.2274814
eval/success_once,65,64,0.65625,1789500008.61047
eval/success_once,70,69,0.625,1789503638.6564407
eval/success_once,75,74,0.53125,1789507204.9152353
eval/success_once,80,79,0.4375,1789510672.2715256
eval/success_once,85,84,0.53125,1789514190.4972208
eval/success_once,90,89,0.5,1789517670.926736
eval/success_once,95,94,0.53125,1789521153.410287
eval/success_once,100,99,0.53125,1789524728.570557
eval/success_once,105,104,0.5625,1789528274.4762797
eval/success_once,110,109,0.5,1789531836.9154072
eval/success_once,115,114,0.46875,1789535498.1211464
eval/reward,5,4,0.0014062499394640326,1789455534.0842223
eval/reward,10,9,0.0017187499906867743,1789459301.7438488
eval/reward,15,14,0.0014062499394640326,1789463111.819256
eval/reward,20,19,0.0017187499906867743,1789466909.5684454
eval/reward,25,24,0.002187499776482582,1789470818.6022487
eval/reward,30,29,0.0018749997252598405,1789474575.833273
eval/reward,35,34,0.002187499776482582,1789478300.3749053
eval/reward,40,39,0.0028124998789280653,1789481921.7242208
eval/reward,45,44,0.002187499776482582,1789485658.1045363
eval/reward,50,49,0.002031249925494194,1789489300.0360754
eval/reward,55,54,0.0028124998789280653,1789492891.5156517
eval/reward,60,59,0.003124999813735485,1789496441.2274923
eval/reward,65,64,0.003281249897554517,1789500008.6104867
eval/reward,70,69,0.0031250000465661287,1789503638.656466
eval/reward,75,74,0.0026562500279396772,1789507204.9152422
eval/reward,80,79,0.0021875000093132257,1789510672.2715492
eval/reward,85,84,0.0026562497951090336,1789514190.4972303
eval/reward,90,89,0.0024999999441206455,1789517670.9267542
eval/reward,95,94,0.0026562500279396772,1789521153.4103072
eval/reward,100,99,0.0026562500279396772,1789524728.570577
eval/reward,105,104,0.002812500111758709,1789528274.4763024
eval/reward,110,109,0.0024999999441206455,1789531836.9154298
eval/reward,115,114,0.002343749860301614,1789535498.1211696
eval/return,5,4,0.28125,1789455534.0842605
eval/return,10,9,0.34375,1789459301.743862
eval/return,15,14,0.28125,1789463111.8192797
eval/return,20,19,0.34375,1789466909.5684626
eval/return,25,24,0.4375,1789470818.6022542
eval/return,30,29,0.375,1789474575.833282
eval/return,35,34,0.4375,1789478300.3749135
eval/return,40,39,0.5625,1789481921.7242286
eval/return,45,44,0.4375,1789485658.1045475
eval/return,50,49,0.40625,1789489300.0360997
eval/return,55,54,0.5625,1789492891.5156722
eval/return,60,59,0.625,1789496441.2275019
eval/return,65,64,0.65625,1789500008.6105015
eval/return,70,69,0.625,1789503638.6564877
eval/return,75,74,0.53125,1789507204.9152505
eval/return,80,79,0.4375,1789510672.2715702
eval/return,85,84,0.53125,1789514190.4972394
eval/return,90,89,0.5,1789517670.92677
eval/return,95,94,0.53125,1789521153.4103289
eval/return,100,99,0.53125,1789524728.5705953
eval/return,105,104,0.5625,1789528274.476322
eval/return,110,109,0.5,1789531836.9154494
eval/return,115,114,0.46875,1789535498.1211948
eval/num_trajectories,5,4,32.0,1789455534.084364
eval/num_trajectories,10,9,32.0,1789459301.743969
eval/num_trajectories,15,14,32.0,1789463111.8193777
eval/num_trajectories,20,19,32.0,1789466909.568579
eval/num_trajectories,25,24,32.0,1789470818.6023014
eval/num_trajectories,30,29,32.0,1789474575.8333569
eval/num_trajectories,35,34,32.0,1789478300.3749688
eval/num_trajectories,40,39,32.0,1789481921.7242932
eval/num_trajectories,45,44,32.0,1789485658.104619
eval/num_trajectories,50,49,32.0,1789489300.0362086
eval/num_trajectories,55,54,32.0,1789492891.5157733
eval/num_trajectories,60,59,32.0,1789496441.2275715
eval/num_trajectories,65,64,32.0,1789500008.6105893
eval/num_trajectories,70,69,32.0,1789503638.6565878
eval/num_trajectories,75,74,32.0,1789507204.9153051
eval/num_trajectories,80,79,32.0,1789510672.2716844
eval/num_trajectories,85,84,32.0,1789514190.4972994
eval/num_trajectories,90,89,32.0,1789517670.9268668
eval/num_trajectories,95,94,32.0,1789521153.4104385
eval/num_trajectories,100,99,32.0,1789524728.570708
eval/num_trajectories,105,104,32.0,1789528274.4764452
eval/num_trajectories,110,109,32.0,1789531836.9155598
eval/num_trajectories,115,114,32.0,1789535498.1213222
time/eval,5,4,295.1682434082031,1789455534.1089692
time/eval,10,9,289.9856262207031,1789459334.4420252
time/eval,15,14,291.2525939941406,1789463111.847698
time/eval,20,19,343.74188232421875,1789466942.0003946
time/eval,25,24,312.5196228027344,1789470818.6175416
time/eval,30,29,294.9415283203125,1789474608.0080075
time/eval,35,34,275.7662353515625,1789478300.4027681
time/eval,40,39,291.5342102050781,1789481951.279626
time/eval,45,44,319.8877868652344,1789485658.1398318
time/eval,50,49,279.6506042480469,1789489328.6436355
time/eval,55,54,300.6442565917969,1789492891.5460901
time/eval,60,59,279.8799743652344,1789496471.940246
time/eval,65,64,319.6740417480469,1789500008.628869
time/eval,70,69,304.77117919921875,1789503669.5379894
time/eval,75,74,292.5295104980469,1789507204.9459608
time/eval,80,79,276.30316162109375,1789510701.3077822
time/eval,85,84,273.88250732421875,1789514190.5212498
time/eval,90,89,275.708740234375,1789517701.4595068
time/eval,95,94,282.0645751953125,1789521153.441584
time/eval,100,99,283.62152099609375,1789524756.7815962
time/eval,105,104,269.8139343261719,1789528274.5008411
time/eval,110,109,277.1957702636719,1789531866.289655
time/eval,115,114,280.16552734375,1789535498.1454053
time/env/evaluate,5,4,289.9755859375,1789455534.1093366
time/env/evaluate,10,9,283.79931640625,1789459334.442574
time/env/evaluate,15,14,285.08184814453125,1789463111.8482563
time/env/evaluate,20,19,337.7523498535156,1789466942.000906
time/env/evaluate,25,24,306.5345764160156,1789470818.617903
time/env/evaluate,30,29,289.4016418457031,1789474608.0084856
time/env/evaluate,35,34,270.56927490234375,1789478300.403392
time/env/evaluate,40,39,286.4828186035156,1789481951.279971
time/env/evaluate,45,44,314.53887939453125,1789485658.1405358
time/env/evaluate,50,49,274.0425109863281,1789489328.6441147
time/env/evaluate,55,54,295.7550964355469,1789492891.5469854
time/env/evaluate,60,59,274.1241455078125,1789496471.9407897
time/env/evaluate,65,64,314.7145690917969,1789500008.6292965
time/env/evaluate,70,69,298.5999755859375,1789503669.5385559
time/env/evaluate,75,74,287.22528076171875,1789507204.9467297
time/env/evaluate,80,79,271.23052978515625,1789510701.308072
time/env/evaluate,85,84,268.96600341796875,1789514190.5220652
time/env/evaluate,90,89,270.59503173828125,1789517701.4600294
time/env/evaluate,95,94,277.1147155761719,1789521153.4430308
time/env/evaluate,100,99,278.6822204589844,1789524756.7821171
time/env/evaluate,105,104,264.8973083496094,1789528274.5015035
time/env/evaluate,110,109,272.02081298828125,1789531866.2901912
time/env/evaluate,115,114,275.28924560546875,1789535498.146037
time/rollout/evaluate,5,4,171.49974060058594,1789455534.1093683
time/rollout/evaluate,10,9,152.1396026611328,1789459334.4426076
time/rollout/evaluate,15,14,160.8058319091797,1789463111.8483055
time/rollout/evaluate,20,19,192.36317443847656,1789466942.0009482
time/rollout/evaluate,25,24,155.0138397216797,1789470818.6179352
time/rollout/evaluate,30,29,146.796630859375,1789474608.008517
time/rollout/evaluate,35,34,154.13304138183594,1789478300.4034288
time/rollout/evaluate,40,39,150.09217834472656,1789481951.2800236
time/rollout/evaluate,45,44,153.26097106933594,1789485658.140596
time/rollout/evaluate,50,49,145.66513061523438,1789489328.6441457
time/rollout/evaluate,55,54,173.80126953125,1789492891.5470169
time/rollout/evaluate,60,59,153.96038818359375,1789496471.9408298
time/rollout/evaluate,65,64,162.27813720703125,1789500008.6293406
time/rollout/evaluate,70,69,179.03843688964844,1789503669.5386136
time/rollout/evaluate,75,74,148.54531860351562,1789507204.9468293
time/rollout/evaluate,80,79,149.39353942871094,1789510701.308104
time/rollout/evaluate,85,84,150.96669006347656,1789514190.5221112
time/rollout/evaluate,90,89,149.45974731445312,1789517701.4600608
time/rollout/evaluate,95,94,157.30006408691406,1789521153.4430637
time/rollout/evaluate,100,99,151.18812561035156,1789524756.782155
time/rollout/evaluate,105,104,145.3218994140625,1789528274.5016131
time/rollout/evaluate,110,109,151.9755096435547,1789531866.2902224
time/rollout/evaluate,115,114,148.48789978027344,1789535498.146107
