
╭──────────────────────────────────────────────────────────────────────────────────────────────────────────────────────╮
├──────────────────────────────────────────────────── Metric Table ────────────────────────────────────────────────────┤
│ Global Step:    1/500 │ Progress: ░░░░░░░░░░░░░░░░░░░░░░░░░░░░░░░░░░░░░░░░ │   0.2%                                  │
│ Elapsed: 00:24 │ ETA: 03:20:51 │ Step Time: 24.152s                                                                  │
├──────────────────────────────────────────────────────── Time ────────────────────────────────────────────────────────┤
│                                                                                                                      │
│actor/actor/recv_traj=20.204           │actor/actor/sync_model_to_rollout=2.910│actor/run_training=0.438              │
│cal_adv_and_returns=0.0029             │env/compute_bootstrap_rewards=8.08e-04 │env/env/bootstrap_step=7.153          │
│env/env/send_rollout_trajectories=0.422│env/env_interact_step=7.711            │env/interact=19.446                   │
│env/run_interact_once=19.446           │generate_rollouts=20.307               │rollout/generate_one_epoch=18.804     │
│rollout/predict=3.365                  │rollout/rollout/generate=18.806        │step=24.136                           │
│sync_weights=3.385                     │                                       │                                      │
│                                                                                                                      │
├──────────────────────────────────────────────────── Environment ─────────────────────────────────────────────────────┤
│                                                                                                                      │
│episode_len=200.0                      │num_trajectories=2                     │return=0.0                            │
│reward=0.0                             │success_once=0.0                       │                                      │
│                                                                                                                      │
├────────────────────────────────────────────────────── Rollout ───────────────────────────────────────────────────────┤
│                                                                                                                      │
│qam/global_inserts=20.000              │qam/global_total_inserts=20.000        │qam/local_inserts=10.000              │
│qam/local_replay_size=10.000           │                                       │                                      │
│                                                                                                                      │
├─────────────────────────────────────────────────── Training/Other ───────────────────────────────────────────────────┤
│                                                                                                                      │
│qam/am_enabled_next_update=0.0000      │qam/am_updates_run=0.0000              │qam/configured_phase=2.000            │
│qam/critic_updates=0.0000              │qam/fine_policy_version=0.0000         │qam/fine_updates=0.0000               │
│qam/global_inserts=20.000              │qam/global_total_inserts=20.000        │qam/local_inserts=10.000              │
│qam/local_replay_size=10.000           │qam/pending_update_credit=0.0000       │qam/phase=1.000                       │
│qam/q_only_anchor_global_inserts=-1.000│qam/replay_ready=0.0000                │qam/updates_run=0.0000                │
│                                                                                                                      │
╰──────────────────────────────────────────────────────────────────────────────────────────────────────────────────────╯


╭──────────────────────────────────────────────────────────────────────────────────────────────────────────────────────╮
├──────────────────────────────────────────────────── Metric Table ────────────────────────────────────────────────────┤
│ Global Step:    2/500 │ Progress: ░░░░░░░░░░░░░░░░░░░░░░░░░░░░░░░░░░░░░░░░ │   0.4%                                  │
│ Elapsed: 00:44 │ ETA: 03:03:11 │ Step Time: 22.070s                                                                  │
├──────────────────────────────────────────────────────── Time ────────────────────────────────────────────────────────┤
│                                                                                                                      │
│actor/actor/recv_traj=18.713           │actor/actor/sync_model_to_rollout=0.391│actor/run_training=0.334              │
│cal_adv_and_returns=0.0028             │env/compute_bootstrap_rewards=7.96e-04 │env/env/bootstrap_step=6.929          │
│env/env/send_rollout_trajectories=0.478│env/env_interact_step=7.539            │env/interact=18.346                   │
│env/run_interact_once=18.346           │generate_rollouts=18.804               │rollout/generate_one_epoch=17.695     │
│rollout/predict=3.077                  │rollout/rollout/generate=17.695        │step=19.969                           │
│sync_weights=0.824                     │                                       │                                      │
│                                                                                                                      │
├──────────────────────────────────────────────────── Environment ─────────────────────────────────────────────────────┤
│                                                                                                                      │
│episode_len=200.0                      │num_trajectories=2                     │return=0.0                            │
│reward=0.0                             │success_once=0.0                       │                                      │
│                                                                                                                      │
├────────────────────────────────────────────────────── Rollout ───────────────────────────────────────────────────────┤
│                                                                                                                      │
│qam/global_inserts=20.000              │qam/global_total_inserts=40.000        │qam/local_inserts=10.000              │
│qam/local_replay_size=20.000           │                                       │                                      │
│                                                                                                                      │
├─────────────────────────────────────────────────── Training/Other ───────────────────────────────────────────────────┤
│                                                                                                                      │
│qam/am_enabled_next_update=0.0000      │qam/am_updates_run=0.0000              │qam/configured_phase=2.000            │
│qam/critic_updates=0.0000              │qam/fine_policy_version=0.0000         │qam/fine_updates=0.0000               │
│qam/global_inserts=20.000              │qam/global_total_inserts=40.000        │qam/local_inserts=10.000              │
│qam/local_replay_size=20.000           │qam/pending_update_credit=0.0000       │qam/phase=1.000                       │
│qam/q_only_anchor_global_inserts=-1.000│qam/replay_ready=0.0000                │qam/updates_run=0.0000                │
│                                                                                                                      │
╰──────────────────────────────────────────────────────────────────────────────────────────────────────────────────────╯


╭──────────────────────────────────────────────────────────────────────────────────────────────────────────────────────╮
├──────────────────────────────────────────────────── Metric Table ────────────────────────────────────────────────────┤
│ Global Step:    3/500 │ Progress: ░░░░░░░░░░░░░░░░░░░░░░░░░░░░░░░░░░░░░░░░ │   0.6%                                  │
│ Elapsed: 01:04 │ ETA: 02:57:42 │ Step Time: 21.455s                                                                  │
├──────────────────────────────────────────────────────── Time ────────────────────────────────────────────────────────┤
│                                                                                                                      │
│actor/actor/recv_traj=19.068           │actor/actor/sync_model_to_rollout=0.389│actor/run_training=0.324              │
│cal_adv_and_returns=0.0028             │env/compute_bootstrap_rewards=8.39e-04 │env/env/bootstrap_step=7.054          │
│env/env/send_rollout_trajectories=0.443│env/env_interact_step=7.649            │env/interact=18.728                   │
│env/run_interact_once=18.728           │generate_rollouts=19.162               │rollout/generate_one_epoch=18.036     │
│rollout/predict=2.978                  │rollout/rollout/generate=18.036        │step=20.205                           │
│sync_weights=0.713                     │                                       │                                      │
│                                                                                                                      │
├──────────────────────────────────────────────────── Environment ─────────────────────────────────────────────────────┤
│                                                                                                                      │
│episode_len=200.0                      │num_trajectories=2                     │return=0.0                            │
│reward=0.0                             │success_once=0.0                       │                                      │
│                                                                                                                      │
├────────────────────────────────────────────────────── Rollout ───────────────────────────────────────────────────────┤
│                                                                                                                      │
│qam/global_inserts=20.000              │qam/global_total_inserts=60.000        │qam/local_inserts=10.000              │
│qam/local_replay_size=30.000           │                                       │                                      │
│                                                                                                                      │
├─────────────────────────────────────────────────── Training/Other ───────────────────────────────────────────────────┤
│                                                                                                                      │
│qam/am_enabled_next_update=0.0000      │qam/am_updates_run=0.0000              │qam/configured_phase=2.000            │
│qam/critic_updates=0.0000              │qam/fine_policy_version=0.0000         │qam/fine_updates=0.0000               │
│qam/global_inserts=20.000              │qam/global_total_inserts=60.000        │qam/local_inserts=10.000              │
│qam/local_replay_size=30.000           │qam/pending_update_credit=0.0000       │qam/phase=1.000                       │
│qam/q_only_anchor_global_inserts=-1.000│qam/replay_ready=0.0000                │qam/updates_run=0.0000                │
│                                                                                                                      │
╰──────────────────────────────────────────────────────────────────────────────────────────────────────────────────────╯


╭──────────────────────────────────────────────────────────────────────────────────────────────────────────────────────╮
├──────────────────────────────────────────────────── Metric Table ────────────────────────────────────────────────────┤
│ Global Step:    4/500 │ Progress: ░░░░░░░░░░░░░░░░░░░░░░░░░░░░░░░░░░░░░░░░ │   0.8%                                  │
│ Elapsed: 01:24 │ ETA: 02:54:51 │ Step Time: 21.152s                                                                  │
├──────────────────────────────────────────────────────── Time ────────────────────────────────────────────────────────┤
│                                                                                                                      │
│actor/actor/recv_traj=19.011           │actor/actor/sync_model_to_rollout=0.390│actor/run_training=0.398              │
│cal_adv_and_returns=0.0027             │env/compute_bootstrap_rewards=8.49e-04 │env/env/bootstrap_step=6.927          │
│env/env/send_rollout_trajectories=0.416│env/env_interact_step=7.654            │env/interact=18.670                   │
│env/run_interact_once=18.670           │generate_rollouts=19.103               │rollout/generate_one_epoch=18.036     │
│rollout/predict=3.107                  │rollout/rollout/generate=18.037        │step=20.226                           │
│sync_weights=0.719                     │                                       │                                      │
│                                                                                                                      │
├──────────────────────────────────────────────────── Environment ─────────────────────────────────────────────────────┤
│                                                                                                                      │
│episode_len=200.0                      │num_trajectories=2                     │return=0.5                            │
│reward=0.0025                          │success_once=0.5                       │                                      │
│                                                                                                                      │
├────────────────────────────────────────────────────── Rollout ───────────────────────────────────────────────────────┤
│                                                                                                                      │
│qam/global_inserts=19.000              │qam/global_total_inserts=79.000        │qam/local_inserts=9.500               │
│qam/local_replay_size=39.500           │                                       │                                      │
│                                                                                                                      │
├─────────────────────────────────────────────────── Training/Other ───────────────────────────────────────────────────┤
│                                                                                                                      │
│qam/am_enabled_next_update=0.0000      │qam/am_updates_run=0.0000              │qam/configured_phase=2.000            │
│qam/critic_updates=0.0000              │qam/fine_policy_version=0.0000         │qam/fine_updates=0.0000               │
│qam/global_inserts=19.000              │qam/global_total_inserts=79.000        │qam/local_inserts=9.500               │
│qam/local_replay_size=39.500           │qam/pending_update_credit=0.0000       │qam/phase=1.000                       │
│qam/q_only_anchor_global_inserts=-1.000│qam/replay_ready=1.000                 │qam/updates_run=0.0000                │
│                                                                                                                      │
╰──────────────────────────────────────────────────────────────────────────────────────────────────────────────────────╯


╭──────────────────────────────────────────────────────────────────────────────────────────────────────────────────────╮
├──────────────────────────────────────────────────── Metric Table ────────────────────────────────────────────────────┤
│ Global Step:    5/500 │ Progress: ░░░░░░░░░░░░░░░░░░░░░░░░░░░░░░░░░░░░░░░░ │   1.0%                                  │
│ Elapsed: 01:44 │ ETA: 02:52:58 │ Step Time: 20.967s                                                                  │
├──────────────────────────────────────────────────────── Time ────────────────────────────────────────────────────────┤
│                                                                                                                      │
│actor/actor/recv_traj=19.050           │actor/actor/sync_model_to_rollout=0.387│actor/run_training=0.329              │
│cal_adv_and_returns=0.0025             │env/compute_bootstrap_rewards=7.63e-04 │env/env/bootstrap_step=6.933          │
│env/env/send_rollout_trajectories=0.473│env/env_interact_step=7.712            │env/interact=18.697                   │
│env/run_interact_once=18.697           │generate_rollouts=19.147               │rollout/generate_one_epoch=18.050     │
│rollout/predict=3.043                  │rollout/rollout/generate=18.051        │step=20.210                           │
│sync_weights=0.729                     │                                       │                                      │
│                                                                                                                      │
├──────────────────────────────────────────────────── Environment ─────────────────────────────────────────────────────┤
│                                                                                                                      │
│episode_len=200.0                      │num_trajectories=2                     │return=0.0                            │
│reward=0.0                             │success_once=0.0                       │                                      │
│                                                                                                                      │
├────────────────────────────────────────────────────── Rollout ───────────────────────────────────────────────────────┤
│                                                                                                                      │
│qam/global_inserts=20.000              │qam/global_total_inserts=99.000        │qam/local_inserts=10.000              │
│qam/local_replay_size=49.500           │                                       │                                      │
│                                                                                                                      │
├─────────────────────────────────────────────────── Training/Other ───────────────────────────────────────────────────┤
│                                                                                                                      │
│qam/am_enabled_next_update=0.0000      │qam/am_updates_run=0.0000              │qam/configured_phase=2.000            │
│qam/critic_updates=0.0000              │qam/fine_policy_version=0.0000         │qam/fine_updates=0.0000               │
│qam/global_inserts=20.000              │qam/global_total_inserts=99.000        │qam/local_inserts=10.000              │
│qam/local_replay_size=49.500           │qam/pending_update_credit=0.0000       │qam/phase=1.000                       │
│qam/q_only_anchor_global_inserts=-1.000│qam/replay_ready=1.000                 │qam/updates_run=0.0000                │
│                                                                                                                      │
╰──────────────────────────────────────────────────────────────────────────────────────────────────────────────────────╯


╭──────────────────────────────────────────────────────────────────────────────────────────────────────────────────────╮
├──────────────────────────────────────────────────── Metric Table ────────────────────────────────────────────────────┤
│ Global Step:    6/500 │ Progress: ░░░░░░░░░░░░░░░░░░░░░░░░░░░░░░░░░░░░░░░░ │   1.2%                                  │
│ Elapsed: 02:05 │ ETA: 02:52:13 │ Step Time: 20.918s                                                                  │
├──────────────────────────────────────────────────────── Time ────────────────────────────────────────────────────────┤
│                                                                                                                      │
│actor/actor/recv_traj=19.381           │actor/actor/sync_model_to_rollout=0.401│actor/run_training=0.347              │
│cal_adv_and_returns=0.0024             │env/compute_bootstrap_rewards=8.43e-04 │env/env/bootstrap_step=7.307          │
│env/env/send_rollout_trajectories=0.470│env/env_interact_step=7.712            │env/interact=19.028                   │
│env/run_interact_once=19.028           │generate_rollouts=19.479               │rollout/generate_one_epoch=18.315     │
│rollout/predict=3.016                  │rollout/rollout/generate=18.316        │step=20.657                           │
│sync_weights=0.826                     │                                       │                                      │
│                                                                                                                      │
├──────────────────────────────────────────────────── Environment ─────────────────────────────────────────────────────┤
│                                                                                                                      │
│episode_len=200.0                      │num_trajectories=2                     │return=0.0                            │
│reward=0.0                             │success_once=0.0                       │                                      │
│                                                                                                                      │
├────────────────────────────────────────────────────── Rollout ───────────────────────────────────────────────────────┤
│                                                                                                                      │
│qam/global_inserts=20.000              │qam/global_total_inserts=119.0         │qam/local_inserts=10.000              │
│qam/local_replay_size=59.500           │                                       │                                      │
│                                                                                                                      │
├─────────────────────────────────────────────────── Training/Other ───────────────────────────────────────────────────┤
│                                                                                                                      │
│qam/am_enabled_next_update=0.0000      │qam/am_updates_run=0.0000              │qam/configured_phase=2.000            │
│qam/critic_updates=0.0000              │qam/fine_policy_version=0.0000         │qam/fine_updates=0.0000               │
│qam/global_inserts=20.000              │qam/global_total_inserts=119.0         │qam/local_inserts=10.000              │
│qam/local_replay_size=59.500           │qam/pending_update_credit=0.0000       │qam/phase=1.000                       │
│qam/q_only_anchor_global_inserts=-1.000│qam/replay_ready=1.000                 │qam/updates_run=0.0000                │
│                                                                                                                      │
╰──────────────────────────────────────────────────────────────────────────────────────────────────────────────────────╯


╭──────────────────────────────────────────────────────────────────────────────────────────────────────────────────────╮
├──────────────────────────────────────────────────── Metric Table ────────────────────────────────────────────────────┤
│ Global Step:    7/500 │ Progress: ░░░░░░░░░░░░░░░░░░░░░░░░░░░░░░░░░░░░░░░░ │   1.4%                                  │
│ Elapsed: 02:26 │ ETA: 02:51:26 │ Step Time: 20.864s                                                                  │
├──────────────────────────────────────────────────────── Time ────────────────────────────────────────────────────────┤
│                                                                                                                      │
│actor/actor/recv_traj=19.272           │actor/actor/sync_model_to_rollout=0.400│actor/run_training=0.371              │
│cal_adv_and_returns=0.0027             │env/compute_bootstrap_rewards=8.41e-04 │env/env/bootstrap_step=7.279          │
│env/env/send_rollout_trajectories=0.433│env/env_interact_step=7.590            │env/interact=18.908                   │
│env/run_interact_once=18.908           │generate_rollouts=19.366               │rollout/generate_one_epoch=18.236     │
│rollout/predict=3.113                  │rollout/rollout/generate=18.236        │step=20.523                           │
│sync_weights=0.780                     │                                       │                                      │
│                                                                                                                      │
├──────────────────────────────────────────────────── Environment ─────────────────────────────────────────────────────┤
│                                                                                                                      │
│episode_len=200.0                      │num_trajectories=2                     │return=0.0                            │
│reward=0.0                             │success_once=0.0                       │                                      │
│                                                                                                                      │
├────────────────────────────────────────────────────── Rollout ───────────────────────────────────────────────────────┤
│                                                                                                                      │
│qam/global_inserts=20.000              │qam/global_total_inserts=139.0         │qam/local_inserts=10.000              │
│qam/local_replay_size=69.500           │                                       │                                      │
│                                                                                                                      │
├─────────────────────────────────────────────────── Training/Other ───────────────────────────────────────────────────┤
│                                                                                                                      │
│qam/am_enabled_next_update=0.0000      │qam/am_updates_run=0.0000              │qam/configured_phase=2.000            │
│qam/critic_updates=0.0000              │qam/fine_policy_version=0.0000         │qam/fine_updates=0.0000               │
│qam/global_inserts=20.000              │qam/global_total_inserts=139.0         │qam/local_inserts=10.000              │
│qam/local_replay_size=69.500           │qam/pending_update_credit=0.0000       │qam/phase=1.000                       │
│qam/q_only_anchor_global_inserts=-1.000│qam/replay_ready=1.000                 │qam/updates_run=0.0000                │
│                                                                                                                      │
╰──────────────────────────────────────────────────────────────────────────────────────────────────────────────────────╯


╭──────────────────────────────────────────────────────────────────────────────────────────────────────────────────────╮
├──────────────────────────────────────────────────── Metric Table ────────────────────────────────────────────────────┤
│ Global Step:    8/500 │ Progress: ░░░░░░░░░░░░░░░░░░░░░░░░░░░░░░░░░░░░░░░░ │   1.6%                                  │
│ Elapsed: 02:46 │ ETA: 02:50:50 │ Step Time: 20.835s                                                                  │
├──────────────────────────────────────────────────────── Time ────────────────────────────────────────────────────────┤
│                                                                                                                      │
│actor/actor/recv_traj=19.427           │actor/actor/sync_model_to_rollout=0.394│actor/run_training=0.342              │
│cal_adv_and_returns=0.0022             │env/compute_bootstrap_rewards=7.07e-04 │env/env/bootstrap_step=7.255          │
│env/env/send_rollout_trajectories=0.447│env/env_interact_step=7.866            │env/interact=19.058                   │
│env/run_interact_once=19.058           │generate_rollouts=19.522               │rollout/generate_one_epoch=18.390     │
│rollout/predict=3.023                  │rollout/rollout/generate=18.390        │step=20.611                           │
│sync_weights=0.742                     │                                       │                                      │
│                                                                                                                      │
├──────────────────────────────────────────────────── Environment ─────────────────────────────────────────────────────┤
│                                                                                                                      │
│episode_len=200.0                      │num_trajectories=2                     │return=0.5                            │
│reward=0.0025                          │success_once=0.5                       │                                      │
│                                                                                                                      │
├────────────────────────────────────────────────────── Rollout ───────────────────────────────────────────────────────┤
│                                                                                                                      │
│qam/global_inserts=19.000              │qam/global_total_inserts=158.0         │qam/local_inserts=9.500               │
│qam/local_replay_size=79.000           │                                       │                                      │
│                                                                                                                      │
├─────────────────────────────────────────────────── Training/Other ───────────────────────────────────────────────────┤
│                                                                                                                      │
│qam/am_enabled_next_update=0.0000      │qam/am_updates_run=0.0000              │qam/configured_phase=2.000            │
│qam/critic_updates=0.0000              │qam/fine_policy_version=0.0000         │qam/fine_updates=0.0000               │
│qam/global_inserts=19.000              │qam/global_total_inserts=158.0         │qam/local_inserts=9.500               │
│qam/local_replay_size=79.000           │qam/pending_update_credit=0.0000       │qam/phase=1.000                       │
│qam/q_only_anchor_global_inserts=-1.000│qam/replay_ready=1.000                 │qam/updates_run=0.0000                │
│                                                                                                                      │
╰──────────────────────────────────────────────────────────────────────────────────────────────────────────────────────╯


╭──────────────────────────────────────────────────────────────────────────────────────────────────────────────────────╮
├──────────────────────────────────────────────────── Metric Table ────────────────────────────────────────────────────┤
│ Global Step:    9/500 │ Progress: ░░░░░░░░░░░░░░░░░░░░░░░░░░░░░░░░░░░░░░░░ │   1.8%                                  │
│ Elapsed: 03:06 │ ETA: 02:49:51 │ Step Time: 20.758s                                                                  │
├──────────────────────────────────────────────────────── Time ────────────────────────────────────────────────────────┤
│                                                                                                                      │
│actor/actor/recv_traj=18.979           │actor/actor/sync_model_to_rollout=0.384│actor/run_training=0.329              │
│cal_adv_and_returns=0.0026             │env/compute_bootstrap_rewards=7.81e-04 │env/env/bootstrap_step=6.785          │
│env/env/send_rollout_trajectories=0.473│env/env_interact_step=7.869            │env/interact=18.611                   │
│env/run_interact_once=18.611           │generate_rollouts=19.073               │rollout/generate_one_epoch=17.956     │
│rollout/predict=2.986                  │rollout/rollout/generate=17.957        │step=20.122                           │
│sync_weights=0.714                     │                                       │                                      │
│                                                                                                                      │
├──────────────────────────────────────────────────── Environment ─────────────────────────────────────────────────────┤
│                                                                                                                      │
│episode_len=200.0                      │num_trajectories=2                     │return=0.0                            │
│reward=0.0                             │success_once=0.0                       │                                      │
│                                                                                                                      │
├────────────────────────────────────────────────────── Rollout ───────────────────────────────────────────────────────┤
│                                                                                                                      │
│qam/global_inserts=20.000              │qam/global_total_inserts=178.0         │qam/local_inserts=10.000              │
│qam/local_replay_size=89.000           │                                       │                                      │
│                                                                                                                      │
├─────────────────────────────────────────────────── Training/Other ───────────────────────────────────────────────────┤
│                                                                                                                      │
│qam/am_enabled_next_update=0.0000      │qam/am_updates_run=0.0000              │qam/configured_phase=2.000            │
│qam/critic_updates=0.0000              │qam/fine_policy_version=0.0000         │qam/fine_updates=0.0000               │
│qam/global_inserts=20.000              │qam/global_total_inserts=178.0         │qam/local_inserts=10.000              │
│qam/local_replay_size=89.000           │qam/pending_update_credit=0.0000       │qam/phase=1.000                       │
│qam/q_only_anchor_global_inserts=-1.000│qam/replay_ready=1.000                 │qam/updates_run=0.0000                │
│                                                                                                                      │
╰──────────────────────────────────────────────────────────────────────────────────────────────────────────────────────╯


╭──────────────────────────────────────────────────────────────────────────────────────────────────────────────────────╮
├──────────────────────────────────────────────────── Metric Table ────────────────────────────────────────────────────┤
│ Global Step:   10/500 │ Progress: ░░░░░░░░░░░░░░░░░░░░░░░░░░░░░░░░░░░░░░░░ │   2.0%                                  │
│ Elapsed: 03:27 │ ETA: 02:49:11 │ Step Time: 20.718s                                                                  │
├──────────────────────────────────────────────────────── Time ────────────────────────────────────────────────────────┤
│                                                                                                                      │
│actor/actor/recv_traj=19.193           │actor/actor/sync_model_to_rollout=0.392│actor/run_training=0.325              │
│cal_adv_and_returns=0.0027             │env/compute_bootstrap_rewards=7.62e-04 │env/env/bootstrap_step=7.158          │
│env/env/send_rollout_trajectories=0.386│env/env_interact_step=7.734            │env/interact=18.831                   │
│env/run_interact_once=18.831           │generate_rollouts=19.287               │rollout/generate_one_epoch=18.242     │
│rollout/predict=3.020                  │rollout/rollout/generate=18.242        │step=20.346                           │
│sync_weights=0.728                     │                                       │                                      │
│                                                                                                                      │
├──────────────────────────────────────────────────── Environment ─────────────────────────────────────────────────────┤
│                                                                                                                      │
│episode_len=200.0                      │num_trajectories=2                     │return=0.5                            │
│reward=0.0025                          │success_once=0.5                       │                                      │
│                                                                                                                      │
├────────────────────────────────────────────────────── Rollout ───────────────────────────────────────────────────────┤
│                                                                                                                      │
│qam/global_inserts=19.000              │qam/global_total_inserts=197.0         │qam/local_inserts=9.500               │
│qam/local_replay_size=98.500           │                                       │                                      │
│                                                                                                                      │
├─────────────────────────────────────────────────── Training/Other ───────────────────────────────────────────────────┤
│                                                                                                                      │
│qam/am_enabled_next_update=0.0000      │qam/am_updates_run=0.0000              │qam/configured_phase=2.000            │
│qam/critic_updates=0.0000              │qam/fine_policy_version=0.0000         │qam/fine_updates=0.0000               │
│qam/global_inserts=19.000              │qam/global_total_inserts=197.0         │qam/local_inserts=9.500               │
│qam/local_replay_size=98.500           │qam/pending_update_credit=0.0000       │qam/phase=1.000                       │
│qam/q_only_anchor_global_inserts=-1.000│qam/replay_ready=1.000                 │qam/updates_run=0.0000                │
│                                                                                                                      │
╰──────────────────────────────────────────────────────────────────────────────────────────────────────────────────────╯


╭──────────────────────────────────────────────────────────────────────────────────────────────────────────────────────╮
├──────────────────────────────────────────────────── Metric Table ────────────────────────────────────────────────────┤
│ Global Step:   11/500 │ Progress: ░░░░░░░░░░░░░░░░░░░░░░░░░░░░░░░░░░░░░░░░ │   2.2%                                  │
│ Elapsed: 03:47 │ ETA: 02:48:28 │ Step Time: 20.671s                                                                  │
├──────────────────────────────────────────────────────── Time ────────────────────────────────────────────────────────┤
│                                                                                                                      │
│actor/actor/recv_traj=18.939           │actor/actor/sync_model_to_rollout=0.388│actor/run_training=0.326              │
│cal_adv_and_returns=0.0025             │env/compute_bootstrap_rewards=8.09e-04 │env/env/bootstrap_step=6.782          │
│env/env/send_rollout_trajectories=0.463│env/env_interact_step=7.665            │env/interact=18.600                   │
│env/run_interact_once=18.600           │generate_rollouts=19.033               │rollout/generate_one_epoch=17.875     │
│rollout/predict=3.058                  │rollout/rollout/generate=17.875        │step=20.183                           │
│sync_weights=0.818                     │                                       │                                      │
│                                                                                                                      │
├──────────────────────────────────────────────────── Environment ─────────────────────────────────────────────────────┤
│                                                                                                                      │
│episode_len=200.0                      │num_trajectories=2                     │return=0.5                            │
│reward=0.0025                          │success_once=0.5                       │                                      │
│                                                                                                                      │
├────────────────────────────────────────────────────── Rollout ───────────────────────────────────────────────────────┤
│                                                                                                                      │
│qam/global_inserts=20.000              │qam/global_total_inserts=217.0         │qam/local_inserts=10.000              │
│qam/local_replay_size=108.5            │                                       │                                      │
│                                                                                                                      │
├─────────────────────────────────────────────────── Training/Other ───────────────────────────────────────────────────┤
│                                                                                                                      │
│qam/am_enabled_next_update=0.0000      │qam/am_updates_run=0.0000              │qam/configured_phase=2.000            │
│qam/critic_updates=0.0000              │qam/fine_policy_version=0.0000         │qam/fine_updates=0.0000               │
│qam/global_inserts=20.000              │qam/global_total_inserts=217.0         │qam/local_inserts=10.000              │
│qam/local_replay_size=108.5            │qam/pending_update_credit=0.0000       │qam/phase=1.000                       │
│qam/q_only_anchor_global_inserts=-1.000│qam/replay_ready=1.000                 │qam/updates_run=0.0000                │
│                                                                                                                      │
╰──────────────────────────────────────────────────────────────────────────────────────────────────────────────────────╯


╭──────────────────────────────────────────────────────────────────────────────────────────────────────────────────────╮
├──────────────────────────────────────────────────── Metric Table ────────────────────────────────────────────────────┤
│ Global Step:   12/500 │ Progress: ░░░░░░░░░░░░░░░░░░░░░░░░░░░░░░░░░░░░░░░░ │   2.4%                                  │
│ Elapsed: 04:07 │ ETA: 02:47:48 │ Step Time: 20.631s                                                                  │
├──────────────────────────────────────────────────────── Time ────────────────────────────────────────────────────────┤
│                                                                                                                      │
│actor/actor/recv_traj=18.870           │actor/actor/sync_model_to_rollout=0.395│actor/run_training=0.378              │
│cal_adv_and_returns=0.0028             │env/compute_bootstrap_rewards=7.82e-04 │env/env/bootstrap_step=6.884          │
│env/env/send_rollout_trajectories=0.473│env/env_interact_step=7.606            │env/interact=18.525                   │
│env/run_interact_once=18.525           │generate_rollouts=18.968               │rollout/generate_one_epoch=17.869     │
│rollout/predict=3.064                  │rollout/rollout/generate=17.870        │step=20.174                           │
│sync_weights=0.821                     │                                       │                                      │
│                                                                                                                      │
├──────────────────────────────────────────────────── Environment ─────────────────────────────────────────────────────┤
│                                                                                                                      │
│episode_len=200.0                      │num_trajectories=2                     │return=0.0                            │
│reward=0.0                             │success_once=0.0                       │                                      │
│                                                                                                                      │
├────────────────────────────────────────────────────── Rollout ───────────────────────────────────────────────────────┤
│                                                                                                                      │
│qam/global_inserts=20.000              │qam/global_total_inserts=237.0         │qam/local_inserts=10.000              │
│qam/local_replay_size=118.5            │                                       │                                      │
│                                                                                                                      │
├─────────────────────────────────────────────────── Training/Other ───────────────────────────────────────────────────┤
│                                                                                                                      │
│qam/am_enabled_next_update=0.0000      │qam/am_updates_run=0.0000              │qam/configured_phase=2.000            │
│qam/critic_updates=0.0000              │qam/fine_policy_version=0.0000         │qam/fine_updates=0.0000               │
│qam/global_inserts=20.000              │qam/global_total_inserts=237.0         │qam/local_inserts=10.000              │
│qam/local_replay_size=118.5            │qam/pending_update_credit=0.0000       │qam/phase=1.000                       │
│qam/q_only_anchor_global_inserts=-1.000│qam/replay_ready=1.000                 │qam/updates_run=0.0000                │
│                                                                                                                      │
╰──────────────────────────────────────────────────────────────────────────────────────────────────────────────────────╯


╭──────────────────────────────────────────────────────────────────────────────────────────────────────────────────────╮
├──────────────────────────────────────────────────── Metric Table ────────────────────────────────────────────────────┤
│ Global Step:   13/500 │ Progress: █░░░░░░░░░░░░░░░░░░░░░░░░░░░░░░░░░░░░░░░ │   2.6%                                  │
│ Elapsed: 04:27 │ ETA: 02:47:05 │ Step Time: 20.587s                                                                  │
├──────────────────────────────────────────────────────── Time ────────────────────────────────────────────────────────┤
│                                                                                                                      │
│actor/actor/recv_traj=18.856           │actor/actor/sync_model_to_rollout=0.393│actor/run_training=0.335              │
│cal_adv_and_returns=0.0030             │env/compute_bootstrap_rewards=7.99e-04 │env/env/bootstrap_step=6.758          │
│env/env/send_rollout_trajectories=0.457│env/env_interact_step=7.881            │env/interact=18.488                   │
│env/run_interact_once=18.488           │generate_rollouts=18.947               │rollout/generate_one_epoch=17.933     │
│rollout/predict=3.043                  │rollout/rollout/generate=17.933        │step=20.027                           │
│sync_weights=0.738                     │                                       │                                      │
│                                                                                                                      │
├──────────────────────────────────────────────────── Environment ─────────────────────────────────────────────────────┤
│                                                                                                                      │
│episode_len=200.0                      │num_trajectories=2                     │return=0.5                            │
│reward=0.0025                          │success_once=0.5                       │                                      │
│                                                                                                                      │
├────────────────────────────────────────────────────── Rollout ───────────────────────────────────────────────────────┤
│                                                                                                                      │
│qam/global_inserts=19.000              │qam/global_total_inserts=256.0         │qam/local_inserts=9.500               │
│qam/local_replay_size=128.0            │                                       │                                      │
│                                                                                                                      │
├─────────────────────────────────────────────────── Training/Other ───────────────────────────────────────────────────┤
│                                                                                                                      │
│qam/am_enabled_next_update=0.0000      │qam/am_updates_run=0.0000              │qam/configured_phase=2.000            │
│qam/critic_updates=0.0000              │qam/fine_policy_version=0.0000         │qam/fine_updates=0.0000               │
│qam/global_inserts=19.000              │qam/global_total_inserts=256.0         │qam/local_inserts=9.500               │
│qam/local_replay_size=128.0            │qam/pending_update_credit=0.0000       │qam/phase=1.000                       │
│qam/q_only_anchor_global_inserts=-1.000│qam/replay_ready=1.000                 │qam/updates_run=0.0000                │
│                                                                                                                      │
╰──────────────────────────────────────────────────────────────────────────────────────────────────────────────────────╯


╭──────────────────────────────────────────────────────────────────────────────────────────────────────────────────────╮
├──────────────────────────────────────────────────── Metric Table ────────────────────────────────────────────────────┤
│ Global Step:   14/500 │ Progress: █░░░░░░░░░░░░░░░░░░░░░░░░░░░░░░░░░░░░░░░ │   2.8%                                  │
│ Elapsed: 04:47 │ ETA: 02:46:35 │ Step Time: 20.567s                                                                  │
├──────────────────────────────────────────────────────── Time ────────────────────────────────────────────────────────┤
│                                                                                                                      │
│actor/actor/recv_traj=19.154           │actor/actor/sync_model_to_rollout=0.383│actor/run_training=0.328              │
│cal_adv_and_returns=0.0029             │env/compute_bootstrap_rewards=8.26e-04 │env/env/bootstrap_step=6.969          │
│env/env/send_rollout_trajectories=0.461│env/env_interact_step=7.823            │env/interact=18.815                   │
│env/run_interact_once=18.815           │generate_rollouts=19.248               │rollout/generate_one_epoch=18.178     │
│rollout/predict=3.054                  │rollout/rollout/generate=18.179        │step=20.291                           │
│sync_weights=0.709                     │                                       │                                      │
│                                                                                                                      │
├──────────────────────────────────────────────────── Environment ─────────────────────────────────────────────────────┤
│                                                                                                                      │
│episode_len=200.0                      │num_trajectories=2                     │return=0.0                            │
│reward=0.0                             │success_once=0.0                       │                                      │
│                                                                                                                      │
├────────────────────────────────────────────────────── Rollout ───────────────────────────────────────────────────────┤
│                                                                                                                      │
│qam/global_inserts=20.000              │qam/global_total_inserts=276.0         │qam/local_inserts=10.000              │
│qam/local_replay_size=138.0            │                                       │                                      │
│                                                                                                                      │
├─────────────────────────────────────────────────── Training/Other ───────────────────────────────────────────────────┤
│                                                                                                                      │
│qam/am_enabled_next_update=0.0000      │qam/am_updates_run=0.0000              │qam/configured_phase=2.000            │
│qam/critic_updates=0.0000              │qam/fine_policy_version=0.0000         │qam/fine_updates=0.0000               │
│qam/global_inserts=20.000              │qam/global_total_inserts=276.0         │qam/local_inserts=10.000              │
│qam/local_replay_size=138.0            │qam/pending_update_credit=0.0000       │qam/phase=1.000                       │
│qam/q_only_anchor_global_inserts=-1.000│qam/replay_ready=1.000                 │qam/updates_run=0.0000                │
│                                                                                                                      │
╰──────────────────────────────────────────────────────────────────────────────────────────────────────────────────────╯


╭──────────────────────────────────────────────────────────────────────────────────────────────────────────────────────╮
├──────────────────────────────────────────────────── Metric Table ────────────────────────────────────────────────────┤
│ Global Step:   15/500 │ Progress: █░░░░░░░░░░░░░░░░░░░░░░░░░░░░░░░░░░░░░░░ │   3.0%                                  │
│ Elapsed: 05:08 │ ETA: 02:46:08 │ Step Time: 20.554s                                                                  │
├──────────────────────────────────────────────────────── Time ────────────────────────────────────────────────────────┤
│                                                                                                                      │
│actor/actor/recv_traj=19.210           │actor/actor/sync_model_to_rollout=0.390│actor/run_training=0.327              │
│cal_adv_and_returns=0.0025             │env/compute_bootstrap_rewards=7.69e-04 │env/env/bootstrap_step=6.838          │
│env/env/send_rollout_trajectories=0.456│env/env_interact_step=7.822            │env/interact=18.867                   │
│env/run_interact_once=18.867           │generate_rollouts=19.307               │rollout/generate_one_epoch=18.147     │
│rollout/predict=3.152                  │rollout/rollout/generate=18.147        │step=20.356                           │
│sync_weights=0.716                     │                                       │                                      │
│                                                                                                                      │
├──────────────────────────────────────────────────── Environment ─────────────────────────────────────────────────────┤
│                                                                                                                      │
│episode_len=200.0                      │num_trajectories=2                     │return=0.0                            │
│reward=0.0                             │success_once=0.0                       │                                      │
│                                                                                                                      │
├────────────────────────────────────────────────────── Rollout ───────────────────────────────────────────────────────┤
│                                                                                                                      │
│qam/global_inserts=20.000              │qam/global_total_inserts=296.0         │qam/local_inserts=10.000              │
│qam/local_replay_size=148.0            │                                       │                                      │
│                                                                                                                      │
├─────────────────────────────────────────────────── Training/Other ───────────────────────────────────────────────────┤
│                                                                                                                      │
│qam/am_enabled_next_update=0.0000      │qam/am_updates_run=0.0000              │qam/configured_phase=2.000            │
│qam/critic_updates=0.0000              │qam/fine_policy_version=0.0000         │qam/fine_updates=0.0000               │
│qam/global_inserts=20.000              │qam/global_total_inserts=296.0         │qam/local_inserts=10.000              │
│qam/local_replay_size=148.0            │qam/pending_update_credit=0.0000       │qam/phase=1.000                       │
│qam/q_only_anchor_global_inserts=-1.000│qam/replay_ready=1.000                 │qam/updates_run=0.0000                │
│                                                                                                                      │
╰──────────────────────────────────────────────────────────────────────────────────────────────────────────────────────╯


╭──────────────────────────────────────────────────────────────────────────────────────────────────────────────────────╮
├──────────────────────────────────────────────────── Metric Table ────────────────────────────────────────────────────┤
│ Global Step:   16/500 │ Progress: █░░░░░░░░░░░░░░░░░░░░░░░░░░░░░░░░░░░░░░░ │   3.2%                                  │
│ Elapsed: 05:28 │ ETA: 02:45:28 │ Step Time: 20.513s                                                                  │
├──────────────────────────────────────────────────────── Time ────────────────────────────────────────────────────────┤
│                                                                                                                      │
│actor/actor/recv_traj=18.689           │actor/actor/sync_model_to_rollout=0.388│actor/run_training=0.324              │
│cal_adv_and_returns=0.0025             │env/compute_bootstrap_rewards=8.48e-04 │env/env/bootstrap_step=7.100          │
│env/env/send_rollout_trajectories=0.465│env/env_interact_step=7.115            │env/interact=18.373                   │
│env/run_interact_once=18.373           │generate_rollouts=18.786               │rollout/generate_one_epoch=17.641     │
│rollout/predict=3.073                  │rollout/rollout/generate=17.642        │step=19.883                           │
│sync_weights=0.768                     │                                       │                                      │
│                                                                                                                      │
├──────────────────────────────────────────────────── Environment ─────────────────────────────────────────────────────┤
│                                                                                                                      │
│episode_len=200.0                      │num_trajectories=2                     │return=1.0                            │
│reward=0.005                           │success_once=1.0                       │                                      │
│                                                                                                                      │
├────────────────────────────────────────────────────── Rollout ───────────────────────────────────────────────────────┤
│                                                                                                                      │
│qam/global_inserts=18.000              │qam/global_total_inserts=314.0         │qam/local_inserts=9.000               │
│qam/local_replay_size=157.0            │                                       │                                      │
│                                                                                                                      │
├─────────────────────────────────────────────────── Training/Other ───────────────────────────────────────────────────┤
│                                                                                                                      │
│qam/am_enabled_next_update=0.0000      │qam/am_updates_run=0.0000              │qam/configured_phase=2.000            │
│qam/critic_updates=0.0000              │qam/fine_policy_version=0.0000         │qam/fine_updates=0.0000               │
│qam/global_inserts=18.000              │qam/global_total_inserts=314.0         │qam/local_inserts=9.000               │
│qam/local_replay_size=157.0            │qam/pending_update_credit=0.0000       │qam/phase=1.000                       │
│qam/q_only_anchor_global_inserts=-1.000│qam/replay_ready=1.000                 │qam/updates_run=0.0000                │
│                                                                                                                      │
╰──────────────────────────────────────────────────────────────────────────────────────────────────────────────────────╯


╭──────────────────────────────────────────────────────────────────────────────────────────────────────────────────────╮
├──────────────────────────────────────────────────── Metric Table ────────────────────────────────────────────────────┤
│ Global Step:   17/500 │ Progress: █░░░░░░░░░░░░░░░░░░░░░░░░░░░░░░░░░░░░░░░ │   3.4%                                  │
│ Elapsed: 05:48 │ ETA: 02:45:00 │ Step Time: 20.498s                                                                  │
├──────────────────────────────────────────────────────── Time ────────────────────────────────────────────────────────┤
│                                                                                                                      │
│actor/actor/recv_traj=18.932           │actor/actor/sync_model_to_rollout=0.383│actor/run_training=0.394              │
│cal_adv_and_returns=0.0026             │env/compute_bootstrap_rewards=8.17e-04 │env/env/bootstrap_step=7.087          │
│env/env/send_rollout_trajectories=0.473│env/env_interact_step=7.573            │env/interact=18.546                   │
│env/run_interact_once=18.546           │generate_rollouts=19.022               │rollout/generate_one_epoch=17.859     │
│rollout/predict=2.923                  │rollout/rollout/generate=17.860        │step=20.235                           │
│sync_weights=0.813                     │                                       │                                      │
│                                                                                                                      │
├──────────────────────────────────────────────────── Environment ─────────────────────────────────────────────────────┤
│                                                                                                                      │
│episode_len=200.0                      │num_trajectories=2                     │return=0.0                            │
│reward=0.0                             │success_once=0.0                       │                                      │
│                                                                                                                      │
├────────────────────────────────────────────────────── Rollout ───────────────────────────────────────────────────────┤
│                                                                                                                      │
│qam/global_inserts=20.000              │qam/global_total_inserts=334.0         │qam/local_inserts=10.000              │
│qam/local_replay_size=167.0            │                                       │                                      │
│                                                                                                                      │
├─────────────────────────────────────────────────── Training/Other ───────────────────────────────────────────────────┤
│                                                                                                                      │
│qam/am_enabled_next_update=0.0000      │qam/am_updates_run=0.0000              │qam/configured_phase=2.000            │
│qam/critic_updates=0.0000              │qam/fine_policy_version=0.0000         │qam/fine_updates=0.0000               │
│qam/global_inserts=20.000              │qam/global_total_inserts=334.0         │qam/local_inserts=10.000              │
│qam/local_replay_size=167.0            │qam/pending_update_credit=0.0000       │qam/phase=1.000                       │
│qam/q_only_anchor_global_inserts=-1.000│qam/replay_ready=1.000                 │qam/updates_run=0.0000                │
│                                                                                                                      │
╰──────────────────────────────────────────────────────────────────────────────────────────────────────────────────────╯


╭──────────────────────────────────────────────────────────────────────────────────────────────────────────────────────╮
├──────────────────────────────────────────────────── Metric Table ────────────────────────────────────────────────────┤
│ Global Step:   18/500 │ Progress: █░░░░░░░░░░░░░░░░░░░░░░░░░░░░░░░░░░░░░░░ │   3.6%                                  │
│ Elapsed: 06:08 │ ETA: 02:44:33 │ Step Time: 20.484s                                                                  │
├──────────────────────────────────────────────────────── Time ────────────────────────────────────────────────────────┤
│                                                                                                                      │
│actor/actor/recv_traj=19.056           │actor/actor/sync_model_to_rollout=0.389│actor/run_training=0.347              │
│cal_adv_and_returns=0.0025             │env/compute_bootstrap_rewards=7.69e-04 │env/env/bootstrap_step=7.291          │
│env/env/send_rollout_trajectories=0.380│env/env_interact_step=7.534            │env/interact=18.687                   │
│env/run_interact_once=18.687           │generate_rollouts=19.148               │rollout/generate_one_epoch=18.137     │
│rollout/predict=2.958                  │rollout/rollout/generate=18.137        │step=20.237                           │
│sync_weights=0.736                     │                                       │                                      │
│                                                                                                                      │
├──────────────────────────────────────────────────── Environment ─────────────────────────────────────────────────────┤
│                                                                                                                      │
│episode_len=200.0                      │num_trajectories=2                     │return=0.0                            │
│reward=0.0                             │success_once=0.0                       │                                      │
│                                                                                                                      │
├────────────────────────────────────────────────────── Rollout ───────────────────────────────────────────────────────┤
│                                                                                                                      │
│qam/global_inserts=20.000              │qam/global_total_inserts=354.0         │qam/local_inserts=10.000              │
│qam/local_replay_size=177.0            │                                       │                                      │
│                                                                                                                      │
├─────────────────────────────────────────────────── Training/Other ───────────────────────────────────────────────────┤
│                                                                                                                      │
│qam/am_enabled_next_update=0.0000      │qam/am_updates_run=0.0000              │qam/configured_phase=2.000            │
│qam/critic_updates=0.0000              │qam/fine_policy_version=0.0000         │qam/fine_updates=0.0000               │
│qam/global_inserts=20.000              │qam/global_total_inserts=354.0         │qam/local_inserts=10.000              │
│qam/local_replay_size=177.0            │qam/pending_update_credit=0.0000       │qam/phase=1.000                       │
│qam/q_only_anchor_global_inserts=-1.000│qam/replay_ready=1.000                 │qam/updates_run=0.0000                │
│                                                                                                                      │
╰──────────────────────────────────────────────────────────────────────────────────────────────────────────────────────╯


╭──────────────────────────────────────────────────────────────────────────────────────────────────────────────────────╮
├──────────────────────────────────────────────────── Metric Table ────────────────────────────────────────────────────┤
│ Global Step:   19/500 │ Progress: █░░░░░░░░░░░░░░░░░░░░░░░░░░░░░░░░░░░░░░░ │   3.8%                                  │
│ Elapsed: 06:28 │ ETA: 02:44:06 │ Step Time: 20.470s                                                                  │
├──────────────────────────────────────────────────────── Time ────────────────────────────────────────────────────────┤
│                                                                                                                      │
│actor/actor/recv_traj=19.026           │actor/actor/sync_model_to_rollout=0.394│actor/run_training=0.332              │
│cal_adv_and_returns=0.0024             │env/compute_bootstrap_rewards=7.97e-04 │env/env/bootstrap_step=6.857          │
│env/env/send_rollout_trajectories=0.443│env/env_interact_step=7.806            │env/interact=18.658                   │
│env/run_interact_once=18.658           │generate_rollouts=19.124               │rollout/generate_one_epoch=18.040     │
│rollout/predict=3.031                  │rollout/rollout/generate=18.040        │step=20.209                           │
│sync_weights=0.748                     │                                       │                                      │
│                                                                                                                      │
├──────────────────────────────────────────────────── Environment ─────────────────────────────────────────────────────┤
│                                                                                                                      │
│episode_len=200.0                      │num_trajectories=2                     │return=0.0                            │
│reward=0.0                             │success_once=0.0                       │                                      │
│                                                                                                                      │
├────────────────────────────────────────────────────── Rollout ───────────────────────────────────────────────────────┤
│                                                                                                                      │
│qam/global_inserts=20.000              │qam/global_total_inserts=374.0         │qam/local_inserts=10.000              │
│qam/local_replay_size=187.0            │                                       │                                      │
│                                                                                                                      │
├─────────────────────────────────────────────────── Training/Other ───────────────────────────────────────────────────┤
│                                                                                                                      │
│qam/am_enabled_next_update=0.0000      │qam/am_updates_run=0.0000              │qam/configured_phase=2.000            │
│qam/critic_updates=0.0000              │qam/fine_policy_version=0.0000         │qam/fine_updates=0.0000               │
│qam/global_inserts=20.000              │qam/global_total_inserts=374.0         │qam/local_inserts=10.000              │
│qam/local_replay_size=187.0            │qam/pending_update_credit=0.0000       │qam/phase=1.000                       │
│qam/q_only_anchor_global_inserts=-1.000│qam/replay_ready=1.000                 │qam/updates_run=0.0000                │
│                                                                                                                      │
╰──────────────────────────────────────────────────────────────────────────────────────────────────────────────────────╯


╭──────────────────────────────────────────────────────────────────────────────────────────────────────────────────────╮
├──────────────────────────────────────────────────── Metric Table ────────────────────────────────────────────────────┤
│ Global Step:   20/500 │ Progress: █░░░░░░░░░░░░░░░░░░░░░░░░░░░░░░░░░░░░░░░ │   4.0%                                  │
│ Elapsed: 06:49 │ ETA: 02:43:50 │ Step Time: 20.481s                                                                  │
├──────────────────────────────────────────────────────── Time ────────────────────────────────────────────────────────┤
│                                                                                                                      │
│actor/actor/recv_traj=19.504           │actor/actor/sync_model_to_rollout=0.390│actor/run_training=0.347              │
│cal_adv_and_returns=0.0027             │env/compute_bootstrap_rewards=7.56e-04 │env/env/bootstrap_step=7.100          │
│env/env/send_rollout_trajectories=0.400│env/env_interact_step=8.092            │env/interact=19.157                   │
│env/run_interact_once=19.157           │generate_rollouts=19.596               │rollout/generate_one_epoch=18.479     │
│rollout/predict=3.004                  │rollout/rollout/generate=18.480        │step=20.668                           │
│sync_weights=0.720                     │                                       │                                      │
│                                                                                                                      │
├──────────────────────────────────────────────────── Environment ─────────────────────────────────────────────────────┤
│                                                                                                                      │
│episode_len=200.0                      │num_trajectories=2                     │return=0.0                            │
│reward=0.0                             │success_once=0.0                       │                                      │
│                                                                                                                      │
├────────────────────────────────────────────────────── Rollout ───────────────────────────────────────────────────────┤
│                                                                                                                      │
│qam/global_inserts=20.000              │qam/global_total_inserts=394.0         │qam/local_inserts=10.000              │
│qam/local_replay_size=197.0            │                                       │                                      │
│                                                                                                                      │
├─────────────────────────────────────────────────── Training/Other ───────────────────────────────────────────────────┤
│                                                                                                                      │
│qam/am_enabled_next_update=0.0000      │qam/am_updates_run=0.0000              │qam/configured_phase=2.000            │
│qam/critic_updates=0.0000              │qam/fine_policy_version=0.0000         │qam/fine_updates=0.0000               │
│qam/global_inserts=20.000              │qam/global_total_inserts=394.0         │qam/local_inserts=10.000              │
│qam/local_replay_size=197.0            │qam/pending_update_credit=0.0000       │qam/phase=1.000                       │
│qam/q_only_anchor_global_inserts=-1.000│qam/replay_ready=1.000                 │qam/updates_run=0.0000                │
│                                                                                                                      │
╰──────────────────────────────────────────────────────────────────────────────────────────────────────────────────────╯


╭──────────────────────────────────────────────────────────────────────────────────────────────────────────────────────╮
├──────────────────────────────────────────────────── Metric Table ────────────────────────────────────────────────────┤
│ Global Step:   21/500 │ Progress: █░░░░░░░░░░░░░░░░░░░░░░░░░░░░░░░░░░░░░░░ │   4.2%                                  │
│ Elapsed: 07:10 │ ETA: 02:43:33 │ Step Time: 20.487s                                                                  │
├──────────────────────────────────────────────────────── Time ────────────────────────────────────────────────────────┤
│                                                                                                                      │
│actor/actor/recv_traj=19.398           │actor/actor/sync_model_to_rollout=0.390│actor/run_training=0.347              │
│cal_adv_and_returns=0.0027             │env/compute_bootstrap_rewards=7.68e-04 │env/env/bootstrap_step=7.230          │
│env/env/send_rollout_trajectories=0.385│env/env_interact_step=7.871            │env/interact=19.051                   │
│env/run_interact_once=19.051           │generate_rollouts=19.496               │rollout/generate_one_epoch=18.411     │
│rollout/predict=3.033                  │rollout/rollout/generate=18.412        │step=20.578                           │
│sync_weights=0.729                     │                                       │                                      │
│                                                                                                                      │
├──────────────────────────────────────────────────── Environment ─────────────────────────────────────────────────────┤
│                                                                                                                      │
│episode_len=200.0                      │num_trajectories=2                     │return=0.5                            │
│reward=0.0025                          │success_once=0.5                       │                                      │
│                                                                                                                      │
├────────────────────────────────────────────────────── Rollout ───────────────────────────────────────────────────────┤
│                                                                                                                      │
│qam/global_inserts=20.000              │qam/global_total_inserts=414.0         │qam/local_inserts=10.000              │
│qam/local_replay_size=207.0            │                                       │                                      │
│                                                                                                                      │
├─────────────────────────────────────────────────── Training/Other ───────────────────────────────────────────────────┤
│                                                                                                                      │
│qam/am_enabled_next_update=0.0000      │qam/am_updates_run=0.0000              │qam/configured_phase=2.000            │
│qam/critic_updates=0.0000              │qam/fine_policy_version=0.0000         │qam/fine_updates=0.0000               │
│qam/global_inserts=20.000              │qam/global_total_inserts=414.0         │qam/local_inserts=10.000              │
│qam/local_replay_size=207.0            │qam/pending_update_credit=0.0000       │qam/phase=1.000                       │
│qam/q_only_anchor_global_inserts=-1.000│qam/replay_ready=1.000                 │qam/updates_run=0.0000                │
│                                                                                                                      │
╰──────────────────────────────────────────────────────────────────────────────────────────────────────────────────────╯


╭──────────────────────────────────────────────────────────────────────────────────────────────────────────────────────╮
├──────────────────────────────────────────────────── Metric Table ────────────────────────────────────────────────────┤
│ Global Step:   22/500 │ Progress: █░░░░░░░░░░░░░░░░░░░░░░░░░░░░░░░░░░░░░░░ │   4.4%                                  │
│ Elapsed: 07:30 │ ETA: 02:43:06 │ Step Time: 20.474s                                                                  │
├──────────────────────────────────────────────────────── Time ────────────────────────────────────────────────────────┤
│                                                                                                                      │
│actor/actor/recv_traj=19.036           │actor/actor/sync_model_to_rollout=0.395│actor/run_training=0.342              │
│cal_adv_and_returns=0.0025             │env/compute_bootstrap_rewards=7.66e-04 │env/env/bootstrap_step=7.004          │
│env/env/send_rollout_trajectories=0.469│env/env_interact_step=7.806            │env/interact=18.684                   │
│env/run_interact_once=18.684           │generate_rollouts=19.129               │rollout/generate_one_epoch=17.957     │
│rollout/predict=3.087                  │rollout/rollout/generate=17.958        │step=20.203                           │
│sync_weights=0.726                     │                                       │                                      │
│                                                                                                                      │
├──────────────────────────────────────────────────── Environment ─────────────────────────────────────────────────────┤
│                                                                                                                      │
│episode_len=200.0                      │num_trajectories=2                     │return=0.0                            │
│reward=0.0                             │success_once=0.0                       │                                      │
│                                                                                                                      │
├────────────────────────────────────────────────────── Rollout ───────────────────────────────────────────────────────┤
│                                                                                                                      │
│qam/global_inserts=20.000              │qam/global_total_inserts=434.0         │qam/local_inserts=10.000              │
│qam/local_replay_size=217.0            │                                       │                                      │
│                                                                                                                      │
├─────────────────────────────────────────────────── Training/Other ───────────────────────────────────────────────────┤
│                                                                                                                      │
│qam/am_enabled_next_update=0.0000      │qam/am_updates_run=0.0000              │qam/configured_phase=2.000            │
│qam/critic_updates=0.0000              │qam/fine_policy_version=0.0000         │qam/fine_updates=0.0000               │
│qam/global_inserts=20.000              │qam/global_total_inserts=434.0         │qam/local_inserts=10.000              │
│qam/local_replay_size=217.0            │qam/pending_update_credit=0.0000       │qam/phase=1.000                       │
│qam/q_only_anchor_global_inserts=-1.000│qam/replay_ready=1.000                 │qam/updates_run=0.0000                │
│                                                                                                                      │
╰──────────────────────────────────────────────────────────────────────────────────────────────────────────────────────╯


╭──────────────────────────────────────────────────────────────────────────────────────────────────────────────────────╮
├──────────────────────────────────────────────────── Metric Table ────────────────────────────────────────────────────┤
│ Global Step:   23/500 │ Progress: █░░░░░░░░░░░░░░░░░░░░░░░░░░░░░░░░░░░░░░░ │   4.6%                                  │
│ Elapsed: 07:50 │ ETA: 02:42:46 │ Step Time: 20.475s                                                                  │
├──────────────────────────────────────────────────────── Time ────────────────────────────────────────────────────────┤
│                                                                                                                      │
│actor/actor/recv_traj=19.201           │actor/actor/sync_model_to_rollout=0.401│actor/run_training=0.333              │
│cal_adv_and_returns=0.0021             │env/compute_bootstrap_rewards=7.65e-04 │env/env/bootstrap_step=7.111          │
│env/env/send_rollout_trajectories=0.490│env/env_interact_step=7.852            │env/interact=18.837                   │
│env/run_interact_once=18.837           │generate_rollouts=19.297               │rollout/generate_one_epoch=18.104     │
│rollout/predict=3.122                  │rollout/rollout/generate=18.104        │step=20.458                           │
│sync_weights=0.823                     │                                       │                                      │
│                                                                                                                      │
├──────────────────────────────────────────────────── Environment ─────────────────────────────────────────────────────┤
│                                                                                                                      │
│episode_len=200.0                      │num_trajectories=2                     │return=0.0                            │
│reward=0.0                             │success_once=0.0                       │                                      │
│                                                                                                                      │
├────────────────────────────────────────────────────── Rollout ───────────────────────────────────────────────────────┤
│                                                                                                                      │
│qam/global_inserts=20.000              │qam/global_total_inserts=454.0         │qam/local_inserts=10.000              │
│qam/local_replay_size=227.0            │                                       │                                      │
│                                                                                                                      │
├─────────────────────────────────────────────────── Training/Other ───────────────────────────────────────────────────┤
│                                                                                                                      │
│qam/am_enabled_next_update=0.0000      │qam/am_updates_run=0.0000              │qam/configured_phase=2.000            │
│qam/critic_updates=0.0000              │qam/fine_policy_version=0.0000         │qam/fine_updates=0.0000               │
│qam/global_inserts=20.000              │qam/global_total_inserts=454.0         │qam/local_inserts=10.000              │
│qam/local_replay_size=227.0            │qam/pending_update_credit=0.0000       │qam/phase=1.000                       │
│qam/q_only_anchor_global_inserts=-1.000│qam/replay_ready=1.000                 │qam/updates_run=0.0000                │
│                                                                                                                      │
╰──────────────────────────────────────────────────────────────────────────────────────────────────────────────────────╯


╭──────────────────────────────────────────────────────────────────────────────────────────────────────────────────────╮
├──────────────────────────────────────────────────── Metric Table ────────────────────────────────────────────────────┤
│ Global Step:   24/500 │ Progress: █░░░░░░░░░░░░░░░░░░░░░░░░░░░░░░░░░░░░░░░ │   4.8%                                  │
│ Elapsed: 08:11 │ ETA: 02:42:32 │ Step Time: 20.488s                                                                  │
├──────────────────────────────────────────────────────── Time ────────────────────────────────────────────────────────┤
│                                                                                                                      │
│actor/actor/recv_traj=19.595           │actor/actor/sync_model_to_rollout=0.395│actor/run_training=0.331              │
│cal_adv_and_returns=0.0029             │env/compute_bootstrap_rewards=7.90e-04 │env/env/bootstrap_step=7.382          │
│env/env/send_rollout_trajectories=0.388│env/env_interact_step=7.807            │env/interact=19.216                   │
│env/run_interact_once=19.216           │generate_rollouts=19.695               │rollout/generate_one_epoch=18.587     │
│rollout/predict=3.056                  │rollout/rollout/generate=18.587        │step=20.782                           │
│sync_weights=0.751                     │                                       │                                      │
│                                                                                                                      │
├──────────────────────────────────────────────────── Environment ─────────────────────────────────────────────────────┤
│                                                                                                                      │
│episode_len=200.0                      │num_trajectories=2                     │return=0.0                            │
│reward=0.0                             │success_once=0.0                       │                                      │
│                                                                                                                      │
├────────────────────────────────────────────────────── Rollout ───────────────────────────────────────────────────────┤
│                                                                                                                      │
│qam/global_inserts=20.000              │qam/global_total_inserts=474.0         │qam/local_inserts=10.000              │
│qam/local_replay_size=237.0            │                                       │                                      │
│                                                                                                                      │
├─────────────────────────────────────────────────── Training/Other ───────────────────────────────────────────────────┤
│                                                                                                                      │
│qam/am_enabled_next_update=0.0000      │qam/am_updates_run=0.0000              │qam/configured_phase=2.000            │
│qam/critic_updates=0.0000              │qam/fine_policy_version=0.0000         │qam/fine_updates=0.0000               │
│qam/global_inserts=20.000              │qam/global_total_inserts=474.0         │qam/local_inserts=10.000              │
│qam/local_replay_size=237.0            │qam/pending_update_credit=0.0000       │qam/phase=1.000                       │
│qam/q_only_anchor_global_inserts=-1.000│qam/replay_ready=1.000                 │qam/updates_run=0.0000                │
│                                                                                                                      │
╰──────────────────────────────────────────────────────────────────────────────────────────────────────────────────────╯


╭──────────────────────────────────────────────────────────────────────────────────────────────────────────────────────╮
├──────────────────────────────────────────────────── Metric Table ────────────────────────────────────────────────────┤
│ Global Step:   25/500 │ Progress: ██░░░░░░░░░░░░░░░░░░░░░░░░░░░░░░░░░░░░░░ │   5.0%                                  │
│ Elapsed: 08:48 │ ETA: 02:47:15 │ Step Time: 21.128s                                                                  │
├──────────────────────────────────────────────────────── Time ────────────────────────────────────────────────────────┤
│                                                                                                                      │
│actor/actor/recv_traj=19.360           │actor/actor/sync_model_to_rollout=0.395│actor/run_training=0.331              │
│cal_adv_and_returns=0.0024             │env/compute_bootstrap_rewards=7.84e-04 │env/env/bootstrap_step=7.127          │
│env/env/send_rollout_trajectories=0.444│env/env_interact_step=7.722            │env/interact=18.990                   │
│env/run_interact_once=18.990           │generate_rollouts=19.453               │rollout/generate_one_epoch=18.284     │
│rollout/predict=3.089                  │rollout/rollout/generate=18.284        │step=36.473                           │
│sync_weights=0.732                     │                                       │                                      │
│                                                                                                                      │
├──────────────────────────────────────────────────── Environment ─────────────────────────────────────────────────────┤
│                                                                                                                      │
│episode_len=200.0                      │num_trajectories=2                     │return=0.0                            │
│reward=0.0                             │success_once=0.0                       │                                      │
│                                                                                                                      │
├────────────────────────────────────────────────────── Rollout ───────────────────────────────────────────────────────┤
│                                                                                                                      │
│qam/global_inserts=20.000              │qam/global_total_inserts=494.0         │qam/local_inserts=10.000              │
│qam/local_replay_size=247.0            │                                       │                                      │
│                                                                                                                      │
├─────────────────────────────────────────────────── Training/Other ───────────────────────────────────────────────────┤
│                                                                                                                      │
│qam/am_enabled_next_update=0.0000      │qam/am_updates_run=0.0000              │qam/configured_phase=2.000            │
│qam/critic_updates=0.0000              │qam/fine_policy_version=0.0000         │qam/fine_updates=0.0000               │
│qam/global_inserts=20.000              │qam/global_total_inserts=494.0         │qam/local_inserts=10.000              │
│qam/local_replay_size=247.0            │qam/pending_update_credit=0.0000       │qam/phase=1.000                       │
│qam/q_only_anchor_global_inserts=-1.000│qam/replay_ready=1.000                 │qam/updates_run=0.0000                │
│                                                                                                                      │
╰──────────────────────────────────────────────────────────────────────────────────────────────────────────────────────╯


╭──────────────────────────────────────────────────────────────────────────────────────────────────────────────────────╮
├──────────────────────────────────────────────────── Metric Table ────────────────────────────────────────────────────┤
│ Global Step:   26/500 │ Progress: ██░░░░░░░░░░░░░░░░░░░░░░░░░░░░░░░░░░░░░░ │   5.2%                                  │
│ Elapsed: 09:10 │ ETA: 02:47:11 │ Step Time: 21.163s                                                                  │
├──────────────────────────────────────────────────────── Time ────────────────────────────────────────────────────────┤
│                                                                                                                      │
│actor/actor/recv_traj=18.846           │actor/actor/sync_model_to_rollout=0.367│actor/run_training=2.397              │
│cal_adv_and_returns=0.0025             │env/compute_bootstrap_rewards=8.09e-04 │env/env/bootstrap_step=7.155          │
│env/env/send_rollout_trajectories=0.405│env/env_interact_step=7.558            │env/interact=18.451                   │
│env/run_interact_once=18.451           │generate_rollouts=18.913               │rollout/generate_one_epoch=17.794     │
│rollout/predict=3.025                  │rollout/rollout/generate=17.794        │step=22.012                           │
│sync_weights=0.696                     │                                       │                                      │
│                                                                                                                      │
├──────────────────────────────────────────────────── Environment ─────────────────────────────────────────────────────┤
│                                                                                                                      │
│episode_len=200.0                      │num_trajectories=2                     │return=0.5                            │
│reward=0.0025                          │success_once=0.5                       │                                      │
│                                                                                                                      │
├────────────────────────────────────────────────────── Rollout ───────────────────────────────────────────────────────┤
│                                                                                                                      │
│qam/global_inserts=19.000              │qam/global_total_inserts=513.0         │qam/local_inserts=9.500               │
│qam/local_replay_size=256.5            │                                       │                                      │
│                                                                                                                      │
├─────────────────────────────────────────────────── Training/Other ───────────────────────────────────────────────────┤
│                                                                                                                      │
│qam/am_enabled_next_update=0.0000      │qam/am_updates_run=0.0000              │qam/configured_phase=2.000            │
│qam/critic_grad_norm=110.4             │qam/critic_loss=2.248                  │qam/critic_updates=1.000              │
│qam/fine_policy_version=0.0000         │qam/fine_updates=0.0000                │qam/global_inserts=19.000             │
│qam/global_total_inserts=513.0         │qam/local_inserts=9.500                │qam/local_replay_size=256.5           │
│qam/pending_update_credit=0.0000       │qam/phase=1.000                        │qam/q_mean=-0.243                     │
│qam/q_only_anchor_global_inserts=512.0 │qam/q_std_heads=1.358                  │qam/replay_ready=1.000                │
│qam/td_target_mean=-0.788              │qam/updates_run=1.000                  │                                      │
│                                                                                                                      │
╰──────────────────────────────────────────────────────────────────────────────────────────────────────────────────────╯


╭──────────────────────────────────────────────────────────────────────────────────────────────────────────────────────╮
├──────────────────────────────────────────────────── Metric Table ────────────────────────────────────────────────────┤
│ Global Step:   27/500 │ Progress: ██░░░░░░░░░░░░░░░░░░░░░░░░░░░░░░░░░░░░░░ │   5.4%                                  │
│ Elapsed: 10:00 │ ETA: 02:55:21 │ Step Time: 22.244s                                                                  │
├──────────────────────────────────────────────────────── Time ────────────────────────────────────────────────────────┤
│                                                                                                                      │
│actor/actor/recv_traj=19.104           │actor/actor/sync_model_to_rollout=0.409│actor/run_training=30.400             │
│cal_adv_and_returns=0.0024             │env/compute_bootstrap_rewards=8.14e-04 │env/env/bootstrap_step=7.047          │
│env/env/send_rollout_trajectories=0.435│env/env_interact_step=7.828            │env/interact=18.692                   │
│env/run_interact_once=18.692           │generate_rollouts=19.199               │rollout/generate_one_epoch=18.044     │
│rollout/predict=3.001                  │rollout/rollout/generate=18.044        │step=50.340                           │
│sync_weights=0.736                     │                                       │                                      │
│                                                                                                                      │
├──────────────────────────────────────────────────── Environment ─────────────────────────────────────────────────────┤
│                                                                                                                      │
│episode_len=200.0                      │num_trajectories=2                     │return=0.0                            │
│reward=0.0                             │success_once=0.0                       │                                      │
│                                                                                                                      │
├────────────────────────────────────────────────────── Rollout ───────────────────────────────────────────────────────┤
│                                                                                                                      │
│qam/global_inserts=20.000              │qam/global_total_inserts=533.0         │qam/local_inserts=10.000              │
│qam/local_replay_size=266.5            │                                       │                                      │
│                                                                                                                      │
├─────────────────────────────────────────────────── Training/Other ───────────────────────────────────────────────────┤
│                                                                                                                      │
│qam/am_enabled_next_update=0.0000      │qam/am_updates_run=0.0000              │qam/configured_phase=2.000            │
│qam/critic_grad_norm=38.229            │qam/critic_loss=3.991                  │qam/critic_updates=21.000             │
│qam/fine_policy_version=0.0000         │qam/fine_updates=0.0000                │qam/global_inserts=20.000             │
│qam/global_total_inserts=533.0         │qam/local_inserts=10.000               │qam/local_replay_size=266.5           │
│qam/pending_update_credit=0.0000       │qam/phase=1.000                        │qam/q_mean=-2.350                     │
│qam/q_only_anchor_global_inserts=512.0 │qam/q_std_heads=0.934                  │qam/replay_ready=1.000                │
│qam/td_target_mean=-2.212              │qam/updates_run=20.000                 │                                      │
│                                                                                                                      │
╰──────────────────────────────────────────────────────────────────────────────────────────────────────────────────────╯


╭──────────────────────────────────────────────────────────────────────────────────────────────────────────────────────╮
├──────────────────────────────────────────────────── Metric Table ────────────────────────────────────────────────────┤
│ Global Step:   28/500 │ Progress: ██░░░░░░░░░░░░░░░░░░░░░░░░░░░░░░░░░░░░░░ │   5.6%                                  │
│ Elapsed: 10:51 │ ETA: 03:02:54 │ Step Time: 23.251s                                                                  │
├──────────────────────────────────────────────────────── Time ────────────────────────────────────────────────────────┤
│                                                                                                                      │
│actor/actor/recv_traj=19.493           │actor/actor/sync_model_to_rollout=0.449│actor/run_training=29.987             │
│cal_adv_and_returns=0.0025             │env/compute_bootstrap_rewards=7.73e-04 │env/env/bootstrap_step=7.195          │
│env/env/send_rollout_trajectories=0.404│env/env_interact_step=7.899            │env/interact=19.135                   │
│env/run_interact_once=19.135           │generate_rollouts=19.585               │rollout/generate_one_epoch=18.477     │
│rollout/predict=3.025                  │rollout/rollout/generate=18.478        │step=50.433                           │
│sync_weights=0.856                     │                                       │                                      │
│                                                                                                                      │
├──────────────────────────────────────────────────── Environment ─────────────────────────────────────────────────────┤
│                                                                                                                      │
│episode_len=200.0                      │num_trajectories=2                     │return=0.0                            │
│reward=0.0                             │success_once=0.0                       │                                      │
│                                                                                                                      │
├────────────────────────────────────────────────────── Rollout ───────────────────────────────────────────────────────┤
│                                                                                                                      │
│qam/global_inserts=20.000              │qam/global_total_inserts=553.0         │qam/local_inserts=10.000              │
│qam/local_replay_size=276.5            │                                       │                                      │
│                                                                                                                      │
├─────────────────────────────────────────────────── Training/Other ───────────────────────────────────────────────────┤
│                                                                                                                      │
│qam/am_enabled_next_update=0.0000      │qam/am_updates_run=0.0000              │qam/configured_phase=2.000            │
│qam/critic_grad_norm=4.056             │qam/critic_loss=0.198                  │qam/critic_updates=41.000             │
│qam/fine_policy_version=0.0000         │qam/fine_updates=0.0000                │qam/global_inserts=20.000             │
│qam/global_total_inserts=553.0         │qam/local_inserts=10.000               │qam/local_replay_size=276.5           │
│qam/pending_update_credit=0.0000       │qam/phase=1.000                        │qam/q_mean=-2.521                     │
│qam/q_only_anchor_global_inserts=512.0 │qam/q_std_heads=0.185                  │qam/replay_ready=1.000                │
│qam/td_target_mean=-2.525              │qam/updates_run=20.000                 │                                      │
│                                                                                                                      │
╰──────────────────────────────────────────────────────────────────────────────────────────────────────────────────────╯


╭──────────────────────────────────────────────────────────────────────────────────────────────────────────────────────╮
├──────────────────────────────────────────────────── Metric Table ────────────────────────────────────────────────────┤
│ Global Step:   29/500 │ Progress: ██░░░░░░░░░░░░░░░░░░░░░░░░░░░░░░░░░░░░░░ │   5.8%                                  │
│ Elapsed: 11:38 │ ETA: 03:09:11 │ Step Time: 24.102s                                                                  │
├──────────────────────────────────────────────────────── Time ────────────────────────────────────────────────────────┤
│                                                                                                                      │
│actor/actor/recv_traj=18.373           │actor/actor/sync_model_to_rollout=0.404│actor/run_training=28.639             │
│cal_adv_and_returns=0.0032             │env/compute_bootstrap_rewards=7.54e-04 │env/env/bootstrap_step=6.919          │
│env/env/send_rollout_trajectories=0.429│env/env_interact_step=7.473            │env/interact=18.028                   │
│env/run_interact_once=18.028           │generate_rollouts=18.470               │rollout/generate_one_epoch=17.382     │
│rollout/predict=2.867                  │rollout/rollout/generate=17.382        │step=47.888                           │
│sync_weights=0.771                     │                                       │                                      │
│                                                                                                                      │
├──────────────────────────────────────────────────── Environment ─────────────────────────────────────────────────────┤
│                                                                                                                      │
│episode_len=200.0                      │num_trajectories=2                     │return=0.5                            │
│reward=0.0025                          │success_once=0.5                       │                                      │
│                                                                                                                      │
├────────────────────────────────────────────────────── Rollout ───────────────────────────────────────────────────────┤
│                                                                                                                      │
│qam/global_inserts=19.000              │qam/global_total_inserts=572.0         │qam/local_inserts=9.500               │
│qam/local_replay_size=286.0            │                                       │                                      │
│                                                                                                                      │
├─────────────────────────────────────────────────── Training/Other ───────────────────────────────────────────────────┤
│                                                                                                                      │
│qam/am_enabled_next_update=0.0000      │qam/am_updates_run=0.0000              │qam/configured_phase=2.000            │
│qam/critic_grad_norm=2.998             │qam/critic_loss=0.156                  │qam/critic_updates=60.000             │
│qam/fine_policy_version=0.0000         │qam/fine_updates=0.0000                │qam/global_inserts=19.000             │
│qam/global_total_inserts=572.0         │qam/local_inserts=9.500                │qam/local_replay_size=286.0           │
│qam/pending_update_credit=0.0000       │qam/phase=1.000                        │qam/q_mean=-1.909                     │
│qam/q_only_anchor_global_inserts=512.0 │qam/q_std_heads=0.120                  │qam/replay_ready=1.000                │
│qam/td_target_mean=-1.907              │qam/updates_run=19.000                 │                                      │
│                                                                                                                      │
╰──────────────────────────────────────────────────────────────────────────────────────────────────────────────────────╯


╭──────────────────────────────────────────────────────────────────────────────────────────────────────────────────────╮
├──────────────────────────────────────────────────── Metric Table ────────────────────────────────────────────────────┤
│ Global Step:   30/500 │ Progress: ██░░░░░░░░░░░░░░░░░░░░░░░░░░░░░░░░░░░░░░ │   6.0%                                  │
│ Elapsed: 12:25 │ ETA: 03:14:47 │ Step Time: 24.866s                                                                  │
├──────────────────────────────────────────────────────── Time ────────────────────────────────────────────────────────┤
│                                                                                                                      │
│actor/actor/recv_traj=18.821           │actor/actor/sync_model_to_rollout=0.410│actor/run_training=27.282             │
│cal_adv_and_returns=0.0026             │env/compute_bootstrap_rewards=7.47e-04 │env/env/bootstrap_step=7.320          │
│env/env/send_rollout_trajectories=0.385│env/env_interact_step=7.315            │env/interact=18.505                   │
│env/run_interact_once=18.505           │generate_rollouts=18.914               │rollout/generate_one_epoch=17.878     │
│rollout/predict=3.056                  │rollout/rollout/generate=17.878        │step=47.015                           │
│sync_weights=0.812                     │                                       │                                      │
│                                                                                                                      │
├──────────────────────────────────────────────────── Environment ─────────────────────────────────────────────────────┤
│                                                                                                                      │
│episode_len=200.0                      │num_trajectories=2                     │return=1.0                            │
│reward=0.005                           │success_once=1.0                       │                                      │
│                                                                                                                      │
├────────────────────────────────────────────────────── Rollout ───────────────────────────────────────────────────────┤
│                                                                                                                      │
│qam/global_inserts=18.000              │qam/global_total_inserts=590.0         │qam/local_inserts=9.000               │
│qam/local_replay_size=295.0            │                                       │                                      │
│                                                                                                                      │
├─────────────────────────────────────────────────── Training/Other ───────────────────────────────────────────────────┤
│                                                                                                                      │
│qam/am_enabled_next_update=0.0000      │qam/am_updates_run=0.0000              │qam/configured_phase=2.000            │
│qam/critic_grad_norm=3.180             │qam/critic_loss=0.111                  │qam/critic_updates=78.000             │
│qam/fine_policy_version=0.0000         │qam/fine_updates=0.0000                │qam/global_inserts=18.000             │
│qam/global_total_inserts=590.0         │qam/local_inserts=9.000                │qam/local_replay_size=295.0           │
│qam/pending_update_credit=0.0000       │qam/phase=1.000                        │qam/q_mean=-1.793                     │
│qam/q_only_anchor_global_inserts=512.0 │qam/q_std_heads=0.131                  │qam/replay_ready=1.000                │
│qam/td_target_mean=-1.804              │qam/updates_run=18.000                 │                                      │
│                                                                                                                      │
╰──────────────────────────────────────────────────────────────────────────────────────────────────────────────────────╯


╭──────────────────────────────────────────────────────────────────────────────────────────────────────────────────────╮
├──────────────────────────────────────────────────── Metric Table ────────────────────────────────────────────────────┤
│ Global Step:   31/500 │ Progress: ██░░░░░░░░░░░░░░░░░░░░░░░░░░░░░░░░░░░░░░ │   6.2%                                  │
│ Elapsed: 13:16 │ ETA: 03:20:51 │ Step Time: 25.696s                                                                  │
├──────────────────────────────────────────────────────── Time ────────────────────────────────────────────────────────┤
│                                                                                                                      │
│actor/actor/recv_traj=19.435           │actor/actor/sync_model_to_rollout=0.394│actor/run_training=30.308             │
│cal_adv_and_returns=0.0026             │env/compute_bootstrap_rewards=8.40e-04 │env/env/bootstrap_step=7.163          │
│env/env/send_rollout_trajectories=0.463│env/env_interact_step=7.930            │env/interact=19.076                   │
│env/run_interact_once=19.076           │generate_rollouts=19.530               │rollout/generate_one_epoch=18.342     │
│rollout/predict=2.927                  │rollout/rollout/generate=18.342        │step=50.583                           │
│sync_weights=0.739                     │                                       │                                      │
│                                                                                                                      │
├──────────────────────────────────────────────────── Environment ─────────────────────────────────────────────────────┤
│                                                                                                                      │
│episode_len=200.0                      │num_trajectories=2                     │return=0.0                            │
│reward=0.0                             │success_once=0.0                       │                                      │
│                                                                                                                      │
├────────────────────────────────────────────────────── Rollout ───────────────────────────────────────────────────────┤
│                                                                                                                      │
│qam/global_inserts=20.000              │qam/global_total_inserts=610.0         │qam/local_inserts=10.000              │
│qam/local_replay_size=305.0            │                                       │                                      │
│                                                                                                                      │
├─────────────────────────────────────────────────── Training/Other ───────────────────────────────────────────────────┤
│                                                                                                                      │
│qam/am_enabled_next_update=0.0000      │qam/am_updates_run=0.0000              │qam/configured_phase=2.000            │
│qam/critic_grad_norm=2.494             │qam/critic_loss=0.092                  │qam/critic_updates=98.000             │
│qam/fine_policy_version=0.0000         │qam/fine_updates=0.0000                │qam/global_inserts=20.000             │
│qam/global_total_inserts=610.0         │qam/local_inserts=10.000               │qam/local_replay_size=305.0           │
│qam/pending_update_credit=0.0000       │qam/phase=1.000                        │qam/q_mean=-1.723                     │
│qam/q_only_anchor_global_inserts=512.0 │qam/q_std_heads=0.110                  │qam/replay_ready=1.000                │
│qam/td_target_mean=-1.728              │qam/updates_run=20.000                 │                                      │
│                                                                                                                      │
╰──────────────────────────────────────────────────────────────────────────────────────────────────────────────────────╯


╭──────────────────────────────────────────────────────────────────────────────────────────────────────────────────────╮
├──────────────────────────────────────────────────── Metric Table ────────────────────────────────────────────────────┤
│ Global Step:   32/500 │ Progress: ██░░░░░░░░░░░░░░░░░░░░░░░░░░░░░░░░░░░░░░ │   6.4%                                  │
│ Elapsed: 14:07 │ ETA: 03:26:29 │ Step Time: 26.473s                                                                  │
├──────────────────────────────────────────────────────── Time ────────────────────────────────────────────────────────┤
│                                                                                                                      │
│actor/actor/recv_traj=19.361           │actor/actor/sync_model_to_rollout=0.406│actor/run_training=30.254             │
│cal_adv_and_returns=0.0028             │env/compute_bootstrap_rewards=7.91e-04 │env/env/bootstrap_step=7.102          │
│env/env/send_rollout_trajectories=0.388│env/env_interact_step=7.939            │env/interact=18.975                   │
│env/run_interact_once=18.974           │generate_rollouts=19.455               │rollout/generate_one_epoch=18.351     │
│rollout/predict=3.043                  │rollout/rollout/generate=18.351        │step=50.544                           │
│sync_weights=0.829                     │                                       │                                      │
│                                                                                                                      │
├──────────────────────────────────────────────────── Environment ─────────────────────────────────────────────────────┤
│                                                                                                                      │
│episode_len=200.0                      │num_trajectories=2                     │return=0.0                            │
│reward=0.0                             │success_once=0.0                       │                                      │
│                                                                                                                      │
├────────────────────────────────────────────────────── Rollout ───────────────────────────────────────────────────────┤
│                                                                                                                      │
│qam/global_inserts=20.000              │qam/global_total_inserts=630.0         │qam/local_inserts=10.000              │
│qam/local_replay_size=315.0            │                                       │                                      │
│                                                                                                                      │
├─────────────────────────────────────────────────── Training/Other ───────────────────────────────────────────────────┤
│                                                                                                                      │
│qam/am_enabled_next_update=0.0000      │qam/am_updates_run=0.0000              │qam/configured_phase=2.000            │
│qam/critic_grad_norm=3.579             │qam/critic_loss=0.137                  │qam/critic_updates=118.0              │
│qam/fine_policy_version=0.0000         │qam/fine_updates=0.0000                │qam/global_inserts=20.000             │
│qam/global_total_inserts=630.0         │qam/local_inserts=10.000               │qam/local_replay_size=315.0           │
│qam/pending_update_credit=0.0000       │qam/phase=1.000                        │qam/q_mean=-1.665                     │
│qam/q_only_anchor_global_inserts=512.0 │qam/q_std_heads=0.153                  │qam/replay_ready=1.000                │
│qam/td_target_mean=-1.659              │qam/updates_run=20.000                 │                                      │
│                                                                                                                      │
╰──────────────────────────────────────────────────────────────────────────────────────────────────────────────────────╯


╭──────────────────────────────────────────────────────────────────────────────────────────────────────────────────────╮
├──────────────────────────────────────────────────── Metric Table ────────────────────────────────────────────────────┤
│ Global Step:   33/500 │ Progress: ██░░░░░░░░░░░░░░░░░░░░░░░░░░░░░░░░░░░░░░ │   6.6%                                  │
│ Elapsed: 14:57 │ ETA: 03:31:43 │ Step Time: 27.202s                                                                  │
├──────────────────────────────────────────────────────── Time ────────────────────────────────────────────────────────┤
│                                                                                                                      │
│actor/actor/recv_traj=19.337           │actor/actor/sync_model_to_rollout=0.399│actor/run_training=30.293             │
│cal_adv_and_returns=0.0025             │env/compute_bootstrap_rewards=7.57e-04 │env/env/bootstrap_step=7.170          │
│env/env/send_rollout_trajectories=0.411│env/env_interact_step=7.828            │env/interact=18.945                   │
│env/run_interact_once=18.945           │generate_rollouts=19.433               │rollout/generate_one_epoch=18.257     │
│rollout/predict=2.997                  │rollout/rollout/generate=18.257        │step=50.515                           │
│sync_weights=0.783                     │                                       │                                      │
│                                                                                                                      │
├──────────────────────────────────────────────────── Environment ─────────────────────────────────────────────────────┤
│                                                                                                                      │
│episode_len=200.0                      │num_trajectories=2                     │return=0.0                            │
│reward=0.0                             │success_once=0.0                       │                                      │
│                                                                                                                      │
├────────────────────────────────────────────────────── Rollout ───────────────────────────────────────────────────────┤
│                                                                                                                      │
│qam/global_inserts=20.000              │qam/global_total_inserts=650.0         │qam/local_inserts=10.000              │
│qam/local_replay_size=325.0            │                                       │                                      │
│                                                                                                                      │
├─────────────────────────────────────────────────── Training/Other ───────────────────────────────────────────────────┤
│                                                                                                                      │
│qam/am_enabled_next_update=0.0000      │qam/am_updates_run=0.0000              │qam/configured_phase=2.000            │
│qam/critic_grad_norm=1.829             │qam/critic_loss=0.082                  │qam/critic_updates=138.0              │
│qam/fine_policy_version=0.0000         │qam/fine_updates=0.0000                │qam/global_inserts=20.000             │
│qam/global_total_inserts=650.0         │qam/local_inserts=10.000               │qam/local_replay_size=325.0           │
│qam/pending_update_credit=0.0000       │qam/phase=1.000                        │qam/q_mean=-1.610                     │
│qam/q_only_anchor_global_inserts=512.0 │qam/q_std_heads=0.088                  │qam/replay_ready=1.000                │
│qam/td_target_mean=-1.605              │qam/updates_run=20.000                 │                                      │
│                                                                                                                      │
╰──────────────────────────────────────────────────────────────────────────────────────────────────────────────────────╯


╭──────────────────────────────────────────────────────────────────────────────────────────────────────────────────────╮
├──────────────────────────────────────────────────── Metric Table ────────────────────────────────────────────────────┤
│ Global Step:   34/500 │ Progress: ██░░░░░░░░░░░░░░░░░░░░░░░░░░░░░░░░░░░░░░ │   6.8%                                  │
│ Elapsed: 15:48 │ ETA: 03:36:39 │ Step Time: 27.897s                                                                  │
├──────────────────────────────────────────────────────── Time ────────────────────────────────────────────────────────┤
│                                                                                                                      │
│actor/actor/recv_traj=19.365           │actor/actor/sync_model_to_rollout=0.410│actor/run_training=30.536             │
│cal_adv_and_returns=0.0028             │env/compute_bootstrap_rewards=7.97e-04 │env/env/bootstrap_step=7.345          │
│env/env/send_rollout_trajectories=0.472│env/env_interact_step=7.649            │env/interact=19.012                   │
│env/run_interact_once=19.012           │generate_rollouts=19.464               │rollout/generate_one_epoch=18.272     │
│rollout/predict=2.960                  │rollout/rollout/generate=18.272        │step=50.782                           │
│sync_weights=0.776                     │                                       │                                      │
│                                                                                                                      │
├──────────────────────────────────────────────────── Environment ─────────────────────────────────────────────────────┤
│                                                                                                                      │
│episode_len=200.0                      │num_trajectories=2                     │return=0.0                            │
│reward=0.0                             │success_once=0.0                       │                                      │
│                                                                                                                      │
├────────────────────────────────────────────────────── Rollout ───────────────────────────────────────────────────────┤
│                                                                                                                      │
│qam/global_inserts=20.000              │qam/global_total_inserts=670.0         │qam/local_inserts=10.000              │
│qam/local_replay_size=335.0            │                                       │                                      │
│                                                                                                                      │
├─────────────────────────────────────────────────── Training/Other ───────────────────────────────────────────────────┤
│                                                                                                                      │
│qam/am_enabled_next_update=0.0000      │qam/am_updates_run=0.0000              │qam/configured_phase=2.000            │
│qam/critic_grad_norm=2.135             │qam/critic_loss=0.085                  │qam/critic_updates=158.0              │
│qam/fine_policy_version=0.0000         │qam/fine_updates=0.0000                │qam/global_inserts=20.000             │
│qam/global_total_inserts=670.0         │qam/local_inserts=10.000               │qam/local_replay_size=335.0           │
│qam/pending_update_credit=0.0000       │qam/phase=1.000                        │qam/q_mean=-1.557                     │
│qam/q_only_anchor_global_inserts=512.0 │qam/q_std_heads=0.108                  │qam/replay_ready=1.000                │
│qam/td_target_mean=-1.551              │qam/updates_run=20.000                 │                                      │
│                                                                                                                      │
╰──────────────────────────────────────────────────────────────────────────────────────────────────────────────────────╯


╭──────────────────────────────────────────────────────────────────────────────────────────────────────────────────────╮
├──────────────────────────────────────────────────── Metric Table ────────────────────────────────────────────────────┤
│ Global Step:   35/500 │ Progress: ██░░░░░░░░░░░░░░░░░░░░░░░░░░░░░░░░░░░░░░ │   7.0%                                  │
│ Elapsed: 16:37 │ ETA: 03:40:53 │ Step Time: 28.503s                                                                  │
├──────────────────────────────────────────────────────── Time ────────────────────────────────────────────────────────┤
│                                                                                                                      │
│actor/actor/recv_traj=19.126           │actor/actor/sync_model_to_rollout=0.421│actor/run_training=29.052             │
│cal_adv_and_returns=0.0027             │env/compute_bootstrap_rewards=8.05e-04 │env/env/bootstrap_step=7.111          │
│env/env/send_rollout_trajectories=0.435│env/env_interact_step=7.684            │env/interact=18.769                   │
│env/run_interact_once=18.769           │generate_rollouts=19.223               │rollout/generate_one_epoch=18.066     │
│rollout/predict=3.020                  │rollout/rollout/generate=18.067        │step=49.106                           │
│sync_weights=0.825                     │                                       │                                      │
│                                                                                                                      │
├──────────────────────────────────────────────────── Environment ─────────────────────────────────────────────────────┤
│                                                                                                                      │
│episode_len=200.0                      │num_trajectories=2                     │return=0.5                            │
│reward=0.0025                          │success_once=0.5                       │                                      │
│                                                                                                                      │
├────────────────────────────────────────────────────── Rollout ───────────────────────────────────────────────────────┤
│                                                                                                                      │
│qam/global_inserts=19.000              │qam/global_total_inserts=689.0         │qam/local_inserts=9.500               │
│qam/local_replay_size=344.5            │                                       │                                      │
│                                                                                                                      │
├─────────────────────────────────────────────────── Training/Other ───────────────────────────────────────────────────┤
│                                                                                                                      │
│qam/am_enabled_next_update=0.0000      │qam/am_updates_run=0.0000              │qam/configured_phase=2.000            │
│qam/critic_grad_norm=1.860             │qam/critic_loss=0.071                  │qam/critic_updates=177.0              │
│qam/fine_policy_version=0.0000         │qam/fine_updates=0.0000                │qam/global_inserts=19.000             │
│qam/global_total_inserts=689.0         │qam/local_inserts=9.500                │qam/local_replay_size=344.5           │
│qam/pending_update_credit=0.0000       │qam/phase=1.000                        │qam/q_mean=-1.517                     │
│qam/q_only_anchor_global_inserts=512.0 │qam/q_std_heads=0.105                  │qam/replay_ready=1.000                │
│qam/td_target_mean=-1.511              │qam/updates_run=19.000                 │                                      │
│                                                                                                                      │
╰──────────────────────────────────────────────────────────────────────────────────────────────────────────────────────╯


╭──────────────────────────────────────────────────────────────────────────────────────────────────────────────────────╮
├──────────────────────────────────────────────────── Metric Table ────────────────────────────────────────────────────┤
│ Global Step:   36/500 │ Progress: ██░░░░░░░░░░░░░░░░░░░░░░░░░░░░░░░░░░░░░░ │   7.2%                                  │
│ Elapsed: 17:26 │ ETA: 03:44:46 │ Step Time: 29.066s                                                                  │
├──────────────────────────────────────────────────────── Time ────────────────────────────────────────────────────────┤
│                                                                                                                      │
│actor/actor/recv_traj=19.301           │actor/actor/sync_model_to_rollout=0.412│actor/run_training=28.590             │
│cal_adv_and_returns=0.0027             │env/compute_bootstrap_rewards=7.75e-04 │env/env/bootstrap_step=7.016          │
│env/env/send_rollout_trajectories=0.441│env/env_interact_step=7.906            │env/interact=18.933                   │
│env/run_interact_once=18.933           │generate_rollouts=19.396               │rollout/generate_one_epoch=18.246     │
│rollout/predict=3.093                  │rollout/rollout/generate=18.247        │step=48.745                           │
│sync_weights=0.753                     │                                       │                                      │
│                                                                                                                      │
├──────────────────────────────────────────────────── Environment ─────────────────────────────────────────────────────┤
│                                                                                                                      │
│episode_len=200.0                      │num_trajectories=2                     │return=0.5                            │
│reward=0.0025                          │success_once=0.5                       │                                      │
│                                                                                                                      │
├────────────────────────────────────────────────────── Rollout ───────────────────────────────────────────────────────┤
│                                                                                                                      │
│qam/global_inserts=19.000              │qam/global_total_inserts=708.0         │qam/local_inserts=9.500               │
│qam/local_replay_size=354.0            │                                       │                                      │
│                                                                                                                      │
├─────────────────────────────────────────────────── Training/Other ───────────────────────────────────────────────────┤
│                                                                                                                      │
│qam/am_enabled_next_update=0.0000      │qam/am_updates_run=0.0000              │qam/configured_phase=2.000            │
│qam/critic_grad_norm=2.202             │qam/critic_loss=0.075                  │qam/critic_updates=196.0              │
│qam/fine_policy_version=0.0000         │qam/fine_updates=0.0000                │qam/global_inserts=19.000             │
│qam/global_total_inserts=708.0         │qam/local_inserts=9.500                │qam/local_replay_size=354.0           │
│qam/pending_update_credit=0.0000       │qam/phase=1.000                        │qam/q_mean=-1.445                     │
│qam/q_only_anchor_global_inserts=512.0 │qam/q_std_heads=0.106                  │qam/replay_ready=1.000                │
│qam/td_target_mean=-1.462              │qam/updates_run=19.000                 │                                      │
│                                                                                                                      │
╰──────────────────────────────────────────────────────────────────────────────────────────────────────────────────────╯


╭──────────────────────────────────────────────────────────────────────────────────────────────────────────────────────╮
├──────────────────────────────────────────────────── Metric Table ────────────────────────────────────────────────────┤
│ Global Step:   37/500 │ Progress: ██░░░░░░░░░░░░░░░░░░░░░░░░░░░░░░░░░░░░░░ │   7.4%                                  │
│ Elapsed: 18:16 │ ETA: 03:48:43 │ Step Time: 29.640s                                                                  │
├──────────────────────────────────────────────────────── Time ────────────────────────────────────────────────────────┤
│                                                                                                                      │
│actor/actor/recv_traj=19.301           │actor/actor/sync_model_to_rollout=0.402│actor/run_training=30.109             │
│cal_adv_and_returns=0.0025             │env/compute_bootstrap_rewards=8.04e-04 │env/env/bootstrap_step=7.099          │
│env/env/send_rollout_trajectories=0.475│env/env_interact_step=7.794            │env/interact=18.941                   │
│env/run_interact_once=18.941           │generate_rollouts=19.397               │rollout/generate_one_epoch=18.201     │
│rollout/predict=3.005                  │rollout/rollout/generate=18.202        │step=50.271                           │
│sync_weights=0.758                     │                                       │                                      │
│                                                                                                                      │
├──────────────────────────────────────────────────── Environment ─────────────────────────────────────────────────────┤
│                                                                                                                      │
│episode_len=200.0                      │num_trajectories=2                     │return=0.0                            │
│reward=0.0                             │success_once=0.0                       │                                      │
│                                                                                                                      │
├────────────────────────────────────────────────────── Rollout ───────────────────────────────────────────────────────┤
│                                                                                                                      │
│qam/global_inserts=20.000              │qam/global_total_inserts=728.0         │qam/local_inserts=10.000              │
│qam/local_replay_size=364.0            │                                       │                                      │
│                                                                                                                      │
├─────────────────────────────────────────────────── Training/Other ───────────────────────────────────────────────────┤
│                                                                                                                      │
│qam/am_enabled_next_update=0.0000      │qam/am_updates_run=0.0000              │qam/configured_phase=2.000            │
│qam/critic_grad_norm=2.065             │qam/critic_loss=0.071                  │qam/critic_updates=216.0              │
│qam/fine_policy_version=0.0000         │qam/fine_updates=0.0000                │qam/global_inserts=20.000             │
│qam/global_total_inserts=728.0         │qam/local_inserts=10.000               │qam/local_replay_size=364.0           │
│qam/pending_update_credit=0.0000       │qam/phase=1.000                        │qam/q_mean=-1.425                     │
│qam/q_only_anchor_global_inserts=512.0 │qam/q_std_heads=0.113                  │qam/replay_ready=1.000                │
│qam/td_target_mean=-1.416              │qam/updates_run=20.000                 │                                      │
│                                                                                                                      │
╰──────────────────────────────────────────────────────────────────────────────────────────────────────────────────────╯


╭──────────────────────────────────────────────────────────────────────────────────────────────────────────────────────╮
├──────────────────────────────────────────────────── Metric Table ────────────────────────────────────────────────────┤
│ Global Step:   38/500 │ Progress: ███░░░░░░░░░░░░░░░░░░░░░░░░░░░░░░░░░░░░░ │   7.6%                                  │
│ Elapsed: 19:07 │ ETA: 03:52:26 │ Step Time: 30.187s                                                                  │
├──────────────────────────────────────────────────────── Time ────────────────────────────────────────────────────────┤
│                                                                                                                      │
│actor/actor/recv_traj=19.299           │actor/actor/sync_model_to_rollout=0.417│actor/run_training=30.269             │
│cal_adv_and_returns=0.0026             │env/compute_bootstrap_rewards=8.29e-04 │env/env/bootstrap_step=7.367          │
│env/env/send_rollout_trajectories=0.471│env/env_interact_step=7.854            │env/interact=18.925                   │
│env/run_interact_once=18.925           │generate_rollouts=19.395               │rollout/generate_one_epoch=18.220     │
│rollout/predict=3.027                  │rollout/rollout/generate=18.220        │step=50.419                           │
│sync_weights=0.748                     │                                       │                                      │
│                                                                                                                      │
├──────────────────────────────────────────────────── Environment ─────────────────────────────────────────────────────┤
│                                                                                                                      │
│episode_len=200.0                      │num_trajectories=2                     │return=0.0                            │
│reward=0.0                             │success_once=0.0                       │                                      │
│                                                                                                                      │
├────────────────────────────────────────────────────── Rollout ───────────────────────────────────────────────────────┤
│                                                                                                                      │
│qam/global_inserts=20.000              │qam/global_total_inserts=748.0         │qam/local_inserts=10.000              │
│qam/local_replay_size=374.0            │                                       │                                      │
│                                                                                                                      │
├─────────────────────────────────────────────────── Training/Other ───────────────────────────────────────────────────┤
│                                                                                                                      │
│qam/am_enabled_next_update=0.0000      │qam/am_updates_run=0.0000              │qam/configured_phase=2.000            │
│qam/critic_grad_norm=2.261             │qam/critic_loss=0.075                  │qam/critic_updates=236.0              │
│qam/fine_policy_version=0.0000         │qam/fine_updates=0.0000                │qam/global_inserts=20.000             │
│qam/global_total_inserts=748.0         │qam/local_inserts=10.000               │qam/local_replay_size=374.0           │
│qam/pending_update_credit=0.0000       │qam/phase=1.000                        │qam/q_mean=-1.389                     │
│qam/q_only_anchor_global_inserts=512.0 │qam/q_std_heads=0.121                  │qam/replay_ready=1.000                │
│qam/td_target_mean=-1.386              │qam/updates_run=20.000                 │                                      │
│                                                                                                                      │
╰──────────────────────────────────────────────────────────────────────────────────────────────────────────────────────╯


╭──────────────────────────────────────────────────────────────────────────────────────────────────────────────────────╮
├──────────────────────────────────────────────────── Metric Table ────────────────────────────────────────────────────┤
│ Global Step:   39/500 │ Progress: ███░░░░░░░░░░░░░░░░░░░░░░░░░░░░░░░░░░░░░ │   7.8%                                  │
│ Elapsed: 19:57 │ ETA: 03:55:57 │ Step Time: 30.710s                                                                  │
├──────────────────────────────────────────────────────── Time ────────────────────────────────────────────────────────┤
│                                                                                                                      │
│actor/actor/recv_traj=19.221           │actor/actor/sync_model_to_rollout=0.414│actor/run_training=30.512             │
│cal_adv_and_returns=0.0027             │env/compute_bootstrap_rewards=7.79e-04 │env/env/bootstrap_step=7.052          │
│env/env/send_rollout_trajectories=0.465│env/env_interact_step=7.842            │env/interact=18.846                   │
│env/run_interact_once=18.846           │generate_rollouts=19.319               │rollout/generate_one_epoch=18.150     │
│rollout/predict=2.906                  │rollout/rollout/generate=18.150        │step=50.584                           │
│sync_weights=0.747                     │                                       │                                      │
│                                                                                                                      │
├──────────────────────────────────────────────────── Environment ─────────────────────────────────────────────────────┤
│                                                                                                                      │
│episode_len=200.0                      │num_trajectories=2                     │return=0.0                            │
│reward=0.0                             │success_once=0.0                       │                                      │
│                                                                                                                      │
├────────────────────────────────────────────────────── Rollout ───────────────────────────────────────────────────────┤
│                                                                                                                      │
│qam/global_inserts=20.000              │qam/global_total_inserts=768.0         │qam/local_inserts=10.000              │
│qam/local_replay_size=384.0            │                                       │                                      │
│                                                                                                                      │
├─────────────────────────────────────────────────── Training/Other ───────────────────────────────────────────────────┤
│                                                                                                                      │
│qam/am_enabled_next_update=0.0000      │qam/am_updates_run=0.0000              │qam/configured_phase=2.000            │
│qam/critic_grad_norm=1.845             │qam/critic_loss=0.066                  │qam/critic_updates=256.0              │
│qam/fine_policy_version=0.0000         │qam/fine_updates=0.0000                │qam/global_inserts=20.000             │
│qam/global_total_inserts=768.0         │qam/local_inserts=10.000               │qam/local_replay_size=384.0           │
│qam/pending_update_credit=0.0000       │qam/phase=1.000                        │qam/q_mean=-1.362                     │
│qam/q_only_anchor_global_inserts=512.0 │qam/q_std_heads=0.110                  │qam/replay_ready=1.000                │
│qam/td_target_mean=-1.353              │qam/updates_run=20.000                 │                                      │
│                                                                                                                      │
╰──────────────────────────────────────────────────────────────────────────────────────────────────────────────────────╯


╭──────────────────────────────────────────────────────────────────────────────────────────────────────────────────────╮
├──────────────────────────────────────────────────── Metric Table ────────────────────────────────────────────────────┤
│ Global Step:   40/500 │ Progress: ███░░░░░░░░░░░░░░░░░░░░░░░░░░░░░░░░░░░░░ │   8.0%                                  │
│ Elapsed: 20:47 │ ETA: 03:59:09 │ Step Time: 31.194s                                                                  │
├──────────────────────────────────────────────────────── Time ────────────────────────────────────────────────────────┤
│                                                                                                                      │
│actor/actor/recv_traj=19.060           │actor/actor/sync_model_to_rollout=0.410│actor/run_training=30.074             │
│cal_adv_and_returns=0.0027             │env/compute_bootstrap_rewards=7.61e-04 │env/env/bootstrap_step=7.034          │
│env/env/send_rollout_trajectories=0.420│env/env_interact_step=7.790            │env/interact=18.677                   │
│env/run_interact_once=18.677           │generate_rollouts=19.158               │rollout/generate_one_epoch=18.029     │
│rollout/predict=3.053                  │rollout/rollout/generate=18.029        │step=50.038                           │
│sync_weights=0.800                     │                                       │                                      │
│                                                                                                                      │
├──────────────────────────────────────────────────── Environment ─────────────────────────────────────────────────────┤
│                                                                                                                      │
│episode_len=200.0                      │num_trajectories=2                     │return=0.0                            │
│reward=0.0                             │success_once=0.0                       │                                      │
│                                                                                                                      │
├────────────────────────────────────────────────────── Rollout ───────────────────────────────────────────────────────┤
│                                                                                                                      │
│qam/global_inserts=20.000              │qam/global_total_inserts=788.0         │qam/local_inserts=10.000              │
│qam/local_replay_size=394.0            │                                       │                                      │
│                                                                                                                      │
├─────────────────────────────────────────────────── Training/Other ───────────────────────────────────────────────────┤
│                                                                                                                      │
│qam/am_enabled_next_update=0.0000      │qam/am_updates_run=0.0000              │qam/configured_phase=2.000            │
│qam/critic_grad_norm=1.318             │qam/critic_loss=0.053                  │qam/critic_updates=276.0              │
│qam/fine_policy_version=0.0000         │qam/fine_updates=0.0000                │qam/global_inserts=20.000             │
│qam/global_total_inserts=788.0         │qam/local_inserts=10.000               │qam/local_replay_size=394.0           │
│qam/pending_update_credit=0.0000       │qam/phase=1.000                        │qam/q_mean=-1.327                     │
│qam/q_only_anchor_global_inserts=512.0 │qam/q_std_heads=0.081                  │qam/replay_ready=1.000                │
│qam/td_target_mean=-1.330              │qam/updates_run=20.000                 │                                      │
│                                                                                                                      │
╰──────────────────────────────────────────────────────────────────────────────────────────────────────────────────────╯


╭──────────────────────────────────────────────────────────────────────────────────────────────────────────────────────╮
├──────────────────────────────────────────────────── Metric Table ────────────────────────────────────────────────────┤
│ Global Step:   41/500 │ Progress: ███░░░░░░░░░░░░░░░░░░░░░░░░░░░░░░░░░░░░░ │   8.2%                                  │
│ Elapsed: 21:38 │ ETA: 04:02:14 │ Step Time: 31.665s                                                                  │
├──────────────────────────────────────────────────────── Time ────────────────────────────────────────────────────────┤
│                                                                                                                      │
│actor/actor/recv_traj=19.543           │actor/actor/sync_model_to_rollout=0.401│actor/run_training=30.040             │
│cal_adv_and_returns=0.0055             │env/compute_bootstrap_rewards=7.57e-04 │env/env/bootstrap_step=7.384          │
│env/env/send_rollout_trajectories=0.477│env/env_interact_step=7.885            │env/interact=19.160                   │
│env/run_interact_once=19.160           │generate_rollouts=19.636               │rollout/generate_one_epoch=18.440     │
│rollout/predict=3.042                  │rollout/rollout/generate=18.440        │step=50.477                           │
│sync_weights=0.793                     │                                       │                                      │
│                                                                                                                      │
├──────────────────────────────────────────────────── Environment ─────────────────────────────────────────────────────┤
│                                                                                                                      │
│episode_len=200.0                      │num_trajectories=2                     │return=0.0                            │
│reward=0.0                             │success_once=0.0                       │                                      │
│                                                                                                                      │
├────────────────────────────────────────────────────── Rollout ───────────────────────────────────────────────────────┤
│                                                                                                                      │
│qam/global_inserts=20.000              │qam/global_total_inserts=808.0         │qam/local_inserts=10.000              │
│qam/local_replay_size=404.0            │                                       │                                      │
│                                                                                                                      │
├─────────────────────────────────────────────────── Training/Other ───────────────────────────────────────────────────┤
│                                                                                                                      │
│qam/am_enabled_next_update=0.0000      │qam/am_updates_run=0.0000              │qam/configured_phase=2.000            │
│qam/critic_grad_norm=1.373             │qam/critic_loss=0.051                  │qam/critic_updates=296.0              │
│qam/fine_policy_version=0.0000         │qam/fine_updates=0.0000                │qam/global_inserts=20.000             │
│qam/global_total_inserts=808.0         │qam/local_inserts=10.000               │qam/local_replay_size=404.0           │
│qam/pending_update_credit=0.0000       │qam/phase=1.000                        │qam/q_mean=-1.322                     │
│qam/q_only_anchor_global_inserts=512.0 │qam/q_std_heads=0.096                  │qam/replay_ready=1.000                │
│qam/td_target_mean=-1.322              │qam/updates_run=20.000                 │                                      │
│                                                                                                                      │
╰──────────────────────────────────────────────────────────────────────────────────────────────────────────────────────╯


╭──────────────────────────────────────────────────────────────────────────────────────────────────────────────────────╮
├──────────────────────────────────────────────────── Metric Table ────────────────────────────────────────────────────┤
│ Global Step:   42/500 │ Progress: ███░░░░░░░░░░░░░░░░░░░░░░░░░░░░░░░░░░░░░ │   8.4%                                  │
│ Elapsed: 22:28 │ ETA: 04:05:07 │ Step Time: 32.112s                                                                  │
├──────────────────────────────────────────────────────── Time ────────────────────────────────────────────────────────┤
│                                                                                                                      │
│actor/actor/recv_traj=19.365           │actor/actor/sync_model_to_rollout=0.408│actor/run_training=30.200             │
│cal_adv_and_returns=0.0027             │env/compute_bootstrap_rewards=7.57e-04 │env/env/bootstrap_step=7.015          │
│env/env/send_rollout_trajectories=0.465│env/env_interact_step=7.833            │env/interact=19.017                   │
│env/run_interact_once=19.017           │generate_rollouts=19.460               │rollout/generate_one_epoch=18.276     │
│rollout/predict=3.072                  │rollout/rollout/generate=18.277        │step=50.407                           │
│sync_weights=0.741                     │                                       │                                      │
│                                                                                                                      │
├──────────────────────────────────────────────────── Environment ─────────────────────────────────────────────────────┤
│                                                                                                                      │
│episode_len=200.0                      │num_trajectories=2                     │return=0.5                            │
│reward=0.0025                          │success_once=0.5                       │                                      │
│                                                                                                                      │
├────────────────────────────────────────────────────── Rollout ───────────────────────────────────────────────────────┤
│                                                                                                                      │
│qam/global_inserts=20.000              │qam/global_total_inserts=828.0         │qam/local_inserts=10.000              │
│qam/local_replay_size=414.0            │                                       │                                      │
│                                                                                                                      │
├─────────────────────────────────────────────────── Training/Other ───────────────────────────────────────────────────┤
│                                                                                                                      │
│qam/am_enabled_next_update=0.0000      │qam/am_updates_run=0.0000              │qam/configured_phase=2.000            │
│qam/critic_grad_norm=1.472             │qam/critic_loss=0.047                  │qam/critic_updates=316.0              │
│qam/fine_policy_version=0.0000         │qam/fine_updates=0.0000                │qam/global_inserts=20.000             │
│qam/global_total_inserts=828.0         │qam/local_inserts=10.000               │qam/local_replay_size=414.0           │
│qam/pending_update_credit=0.0000       │qam/phase=1.000                        │qam/q_mean=-1.275                     │
│qam/q_only_anchor_global_inserts=512.0 │qam/q_std_heads=0.088                  │qam/replay_ready=1.000                │
│qam/td_target_mean=-1.278              │qam/updates_run=20.000                 │                                      │
│                                                                                                                      │
╰──────────────────────────────────────────────────────────────────────────────────────────────────────────────────────╯


╭──────────────────────────────────────────────────────────────────────────────────────────────────────────────────────╮
├──────────────────────────────────────────────────── Metric Table ────────────────────────────────────────────────────┤
│ Global Step:   43/500 │ Progress: ███░░░░░░░░░░░░░░░░░░░░░░░░░░░░░░░░░░░░░ │   8.6%                                  │
│ Elapsed: 23:17 │ ETA: 04:07:31 │ Step Time: 32.497s                                                                  │
├──────────────────────────────────────────────────────── Time ────────────────────────────────────────────────────────┤
│                                                                                                                      │
│actor/actor/recv_traj=19.123           │actor/actor/sync_model_to_rollout=0.400│actor/run_training=28.726             │
│cal_adv_and_returns=0.0023             │env/compute_bootstrap_rewards=8.48e-04 │env/env/bootstrap_step=7.075          │
│env/env/send_rollout_trajectories=0.466│env/env_interact_step=7.663            │env/interact=18.789                   │
│env/run_interact_once=18.789           │generate_rollouts=19.220               │rollout/generate_one_epoch=18.060     │
│rollout/predict=2.983                  │rollout/rollout/generate=18.060        │step=48.672                           │
│sync_weights=0.722                     │                                       │                                      │
│                                                                                                                      │
├──────────────────────────────────────────────────── Environment ─────────────────────────────────────────────────────┤
│                                                                                                                      │
│episode_len=200.0                      │num_trajectories=2                     │return=1.0                            │
│reward=0.005                           │success_once=1.0                       │                                      │
│                                                                                                                      │
├────────────────────────────────────────────────────── Rollout ───────────────────────────────────────────────────────┤
│                                                                                                                      │
│qam/global_inserts=19.000              │qam/global_total_inserts=847.0         │qam/local_inserts=9.500               │
│qam/local_replay_size=423.5            │                                       │                                      │
│                                                                                                                      │
├─────────────────────────────────────────────────── Training/Other ───────────────────────────────────────────────────┤
│                                                                                                                      │
│qam/am_enabled_next_update=0.0000      │qam/am_updates_run=0.0000              │qam/configured_phase=2.000            │
│qam/critic_grad_norm=1.395             │qam/critic_loss=0.043                  │qam/critic_updates=335.0              │
│qam/fine_policy_version=0.0000         │qam/fine_updates=0.0000                │qam/global_inserts=19.000             │
│qam/global_total_inserts=847.0         │qam/local_inserts=9.500                │qam/local_replay_size=423.5           │
│qam/pending_update_credit=0.0000       │qam/phase=1.000                        │qam/q_mean=-1.255                     │
│qam/q_only_anchor_global_inserts=512.0 │qam/q_std_heads=0.080                  │qam/replay_ready=1.000                │
│qam/td_target_mean=-1.247              │qam/updates_run=19.000                 │                                      │
│                                                                                                                      │
╰──────────────────────────────────────────────────────────────────────────────────────────────────────────────────────╯


╭──────────────────────────────────────────────────────────────────────────────────────────────────────────────────────╮
├──────────────────────────────────────────────────── Metric Table ────────────────────────────────────────────────────┤
│ Global Step:   44/500 │ Progress: ███░░░░░░░░░░░░░░░░░░░░░░░░░░░░░░░░░░░░░ │   8.8%                                  │
│ Elapsed: 24:07 │ ETA: 04:10:02 │ Step Time: 32.899s                                                                  │
├──────────────────────────────────────────────────────── Time ────────────────────────────────────────────────────────┤
│                                                                                                                      │
│actor/actor/recv_traj=19.340           │actor/actor/sync_model_to_rollout=0.409│actor/run_training=29.989             │
│cal_adv_and_returns=0.0027             │env/compute_bootstrap_rewards=7.87e-04 │env/env/bootstrap_step=7.341          │
│env/env/send_rollout_trajectories=0.455│env/env_interact_step=7.787            │env/interact=18.962                   │
│env/run_interact_once=18.962           │generate_rollouts=19.436               │rollout/generate_one_epoch=18.341     │
│rollout/predict=3.154                  │rollout/rollout/generate=18.341        │step=50.174                           │
│sync_weights=0.743                     │                                       │                                      │
│                                                                                                                      │
├──────────────────────────────────────────────────── Environment ─────────────────────────────────────────────────────┤
│                                                                                                                      │
│episode_len=200.0                      │num_trajectories=2                     │return=0.0                            │
│reward=0.0                             │success_once=0.0                       │                                      │
│                                                                                                                      │
├────────────────────────────────────────────────────── Rollout ───────────────────────────────────────────────────────┤
│                                                                                                                      │
│qam/global_inserts=20.000              │qam/global_total_inserts=867.0         │qam/local_inserts=10.000              │
│qam/local_replay_size=433.5            │                                       │                                      │
│                                                                                                                      │
├─────────────────────────────────────────────────── Training/Other ───────────────────────────────────────────────────┤
│                                                                                                                      │
│qam/am_enabled_next_update=0.0000      │qam/am_updates_run=0.0000              │qam/configured_phase=2.000            │
│qam/critic_grad_norm=1.813             │qam/critic_loss=0.048                  │qam/critic_updates=355.0              │
│qam/fine_policy_version=0.0000         │qam/fine_updates=0.0000                │qam/global_inserts=20.000             │
│qam/global_total_inserts=867.0         │qam/local_inserts=10.000               │qam/local_replay_size=433.5           │
│qam/pending_update_credit=0.0000       │qam/phase=1.000                        │qam/q_mean=-1.201                     │
│qam/q_only_anchor_global_inserts=512.0 │qam/q_std_heads=0.110                  │qam/replay_ready=1.000                │
│qam/td_target_mean=-1.210              │qam/updates_run=20.000                 │                                      │
│                                                                                                                      │
╰──────────────────────────────────────────────────────────────────────────────────────────────────────────────────────╯


╭──────────────────────────────────────────────────────────────────────────────────────────────────────────────────────╮
├──────────────────────────────────────────────────── Metric Table ────────────────────────────────────────────────────┤
│ Global Step:   45/500 │ Progress: ███░░░░░░░░░░░░░░░░░░░░░░░░░░░░░░░░░░░░░ │   9.0%                                  │
│ Elapsed: 24:57 │ ETA: 04:12:21 │ Step Time: 33.279s                                                                  │
├──────────────────────────────────────────────────────── Time ────────────────────────────────────────────────────────┤
│                                                                                                                      │
│actor/actor/recv_traj=18.740           │actor/actor/sync_model_to_rollout=0.718│actor/run_training=30.032             │
│cal_adv_and_returns=0.0026             │env/compute_bootstrap_rewards=8.21e-04 │env/env/bootstrap_step=6.815          │
│env/env/send_rollout_trajectories=0.452│env/env_interact_step=7.486            │env/interact=18.380                   │
│env/run_interact_once=18.380           │generate_rollouts=18.832               │rollout/generate_one_epoch=17.695     │
│rollout/predict=3.051                  │rollout/rollout/generate=17.696        │step=49.961                           │
│sync_weights=1.093                     │                                       │                                      │
│                                                                                                                      │
├──────────────────────────────────────────────────── Environment ─────────────────────────────────────────────────────┤
│                                                                                                                      │
│episode_len=200.0                      │num_trajectories=2                     │return=0.0                            │
│reward=0.0                             │success_once=0.0                       │                                      │
│                                                                                                                      │
├────────────────────────────────────────────────────── Rollout ───────────────────────────────────────────────────────┤
│                                                                                                                      │
│qam/global_inserts=20.000              │qam/global_total_inserts=887.0         │qam/local_inserts=10.000              │
│qam/local_replay_size=443.5            │                                       │                                      │
│                                                                                                                      │
├─────────────────────────────────────────────────── Training/Other ───────────────────────────────────────────────────┤
│                                                                                                                      │
│qam/am_enabled_next_update=0.0000      │qam/am_updates_run=0.0000              │qam/configured_phase=2.000            │
│qam/critic_grad_norm=1.403             │qam/critic_loss=0.040                  │qam/critic_updates=375.0              │
│qam/fine_policy_version=0.0000         │qam/fine_updates=0.0000                │qam/global_inserts=20.000             │
│qam/global_total_inserts=887.0         │qam/local_inserts=10.000               │qam/local_replay_size=443.5           │
│qam/pending_update_credit=0.0000       │qam/phase=1.000                        │qam/q_mean=-1.171                     │
│qam/q_only_anchor_global_inserts=512.0 │qam/q_std_heads=0.090                  │qam/replay_ready=1.000                │
│qam/td_target_mean=-1.173              │qam/updates_run=20.000                 │                                      │
│                                                                                                                      │
╰──────────────────────────────────────────────────────────────────────────────────────────────────────────────────────╯


╭──────────────────────────────────────────────────────────────────────────────────────────────────────────────────────╮
├──────────────────────────────────────────────────── Metric Table ────────────────────────────────────────────────────┤
│ Global Step:   46/500 │ Progress: ███░░░░░░░░░░░░░░░░░░░░░░░░░░░░░░░░░░░░░ │   9.2%                                  │
│ Elapsed: 25:47 │ ETA: 04:14:36 │ Step Time: 33.650s                                                                  │
├──────────────────────────────────────────────────────── Time ────────────────────────────────────────────────────────┤
│                                                                                                                      │
│actor/actor/recv_traj=19.038           │actor/actor/sync_model_to_rollout=0.406│actor/run_training=30.375             │
│cal_adv_and_returns=0.0028             │env/compute_bootstrap_rewards=7.31e-04 │env/env/bootstrap_step=6.960          │
│env/env/send_rollout_trajectories=0.415│env/env_interact_step=7.735            │env/interact=18.674                   │
│env/run_interact_once=18.674           │generate_rollouts=19.129               │rollout/generate_one_epoch=18.023     │
│rollout/predict=2.980                  │rollout/rollout/generate=18.023        │step=50.307                           │
│sync_weights=0.795                     │                                       │                                      │
│                                                                                                                      │
├──────────────────────────────────────────────────── Environment ─────────────────────────────────────────────────────┤
│                                                                                                                      │
│episode_len=200.0                      │num_trajectories=2                     │return=0.0                            │
│reward=0.0                             │success_once=0.0                       │                                      │
│                                                                                                                      │
├────────────────────────────────────────────────────── Rollout ───────────────────────────────────────────────────────┤
│                                                                                                                      │
│qam/global_inserts=20.000              │qam/global_total_inserts=907.0         │qam/local_inserts=10.000              │
│qam/local_replay_size=453.5            │                                       │                                      │
│                                                                                                                      │
├─────────────────────────────────────────────────── Training/Other ───────────────────────────────────────────────────┤
│                                                                                                                      │
│qam/am_enabled_next_update=0.0000      │qam/am_updates_run=0.0000              │qam/configured_phase=2.000            │
│qam/critic_grad_norm=1.255             │qam/critic_loss=0.042                  │qam/critic_updates=395.0              │
│qam/fine_policy_version=0.0000         │qam/fine_updates=0.0000                │qam/global_inserts=20.000             │
│qam/global_total_inserts=907.0         │qam/local_inserts=10.000               │qam/local_replay_size=453.5           │
│qam/pending_update_credit=0.0000       │qam/phase=1.000                        │qam/q_mean=-1.134                     │
│qam/q_only_anchor_global_inserts=512.0 │qam/q_std_heads=0.088                  │qam/replay_ready=1.000                │
│qam/td_target_mean=-1.128              │qam/updates_run=20.000                 │                                      │
│                                                                                                                      │
╰──────────────────────────────────────────────────────────────────────────────────────────────────────────────────────╯


╭──────────────────────────────────────────────────────────────────────────────────────────────────────────────────────╮
├──────────────────────────────────────────────────── Metric Table ────────────────────────────────────────────────────┤
│ Global Step:   47/500 │ Progress: ███░░░░░░░░░░░░░░░░░░░░░░░░░░░░░░░░░░░░░ │   9.4%                                  │
│ Elapsed: 26:38 │ ETA: 04:16:43 │ Step Time: 34.004s                                                                  │
├──────────────────────────────────────────────────────── Time ────────────────────────────────────────────────────────┤
│                                                                                                                      │
│actor/actor/recv_traj=19.174           │actor/actor/sync_model_to_rollout=0.409│actor/run_training=30.227             │
│cal_adv_and_returns=0.0025             │env/compute_bootstrap_rewards=6.98e-04 │env/env/bootstrap_step=7.126          │
│env/env/send_rollout_trajectories=0.407│env/env_interact_step=7.697            │env/interact=18.814                   │
│env/run_interact_once=18.814           │generate_rollouts=19.270               │rollout/generate_one_epoch=18.145     │
│rollout/predict=3.017                  │rollout/rollout/generate=18.146        │step=50.265                           │
│sync_weights=0.762                     │                                       │                                      │
│                                                                                                                      │
├──────────────────────────────────────────────────── Environment ─────────────────────────────────────────────────────┤
│                                                                                                                      │
│episode_len=200.0                      │num_trajectories=2                     │return=0.5                            │
│reward=0.0025                          │success_once=0.5                       │                                      │
│                                                                                                                      │
├────────────────────────────────────────────────────── Rollout ───────────────────────────────────────────────────────┤
│                                                                                                                      │
│qam/global_inserts=20.000              │qam/global_total_inserts=927.0         │qam/local_inserts=10.000              │
│qam/local_replay_size=463.5            │                                       │                                      │
│                                                                                                                      │
├─────────────────────────────────────────────────── Training/Other ───────────────────────────────────────────────────┤
│                                                                                                                      │
│qam/am_enabled_next_update=0.0000      │qam/am_updates_run=0.0000              │qam/configured_phase=2.000            │
│qam/critic_grad_norm=1.595             │qam/critic_loss=0.047                  │qam/critic_updates=415.0              │
│qam/fine_policy_version=0.0000         │qam/fine_updates=0.0000                │qam/global_inserts=20.000             │
│qam/global_total_inserts=927.0         │qam/local_inserts=10.000               │qam/local_replay_size=463.5           │
│qam/pending_update_credit=0.0000       │qam/phase=1.000                        │qam/q_mean=-1.105                     │
│qam/q_only_anchor_global_inserts=512.0 │qam/q_std_heads=0.097                  │qam/replay_ready=1.000                │
│qam/td_target_mean=-1.090              │qam/updates_run=20.000                 │                                      │
│                                                                                                                      │
╰──────────────────────────────────────────────────────────────────────────────────────────────────────────────────────╯


╭──────────────────────────────────────────────────────────────────────────────────────────────────────────────────────╮
├──────────────────────────────────────────────────── Metric Table ────────────────────────────────────────────────────┤
│ Global Step:   48/500 │ Progress: ███░░░░░░░░░░░░░░░░░░░░░░░░░░░░░░░░░░░░░ │   9.6%                                  │
│ Elapsed: 27:28 │ ETA: 04:18:42 │ Step Time: 34.342s                                                                  │
├──────────────────────────────────────────────────────── Time ────────────────────────────────────────────────────────┤
│                                                                                                                      │
│actor/actor/recv_traj=19.271           │actor/actor/sync_model_to_rollout=0.413│actor/run_training=30.108             │
│cal_adv_and_returns=0.0022             │env/compute_bootstrap_rewards=7.81e-04 │env/env/bootstrap_step=6.994          │
│env/env/send_rollout_trajectories=0.472│env/env_interact_step=7.948            │env/interact=18.926                   │
│env/run_interact_once=18.926           │generate_rollouts=19.372               │rollout/generate_one_epoch=18.185     │
│rollout/predict=2.934                  │rollout/rollout/generate=18.186        │step=50.230                           │
│sync_weights=0.744                     │                                       │                                      │
│                                                                                                                      │
├──────────────────────────────────────────────────── Environment ─────────────────────────────────────────────────────┤
│                                                                                                                      │
│episode_len=200.0                      │num_trajectories=2                     │return=0.0                            │
│reward=0.0                             │success_once=0.0                       │                                      │
│                                                                                                                      │
├────────────────────────────────────────────────────── Rollout ───────────────────────────────────────────────────────┤
│                                                                                                                      │
│qam/global_inserts=20.000              │qam/global_total_inserts=947.0         │qam/local_inserts=10.000              │
│qam/local_replay_size=473.5            │                                       │                                      │
│                                                                                                                      │
├─────────────────────────────────────────────────── Training/Other ───────────────────────────────────────────────────┤
│                                                                                                                      │
│qam/am_enabled_next_update=0.0000      │qam/am_updates_run=0.0000              │qam/configured_phase=2.000            │
│qam/critic_grad_norm=1.512             │qam/critic_loss=0.035                  │qam/critic_updates=435.0              │
│qam/fine_policy_version=0.0000         │qam/fine_updates=0.0000                │qam/global_inserts=20.000             │
│qam/global_total_inserts=947.0         │qam/local_inserts=10.000               │qam/local_replay_size=473.5           │
│qam/pending_update_credit=0.0000       │qam/phase=1.000                        │qam/q_mean=-1.079                     │
│qam/q_only_anchor_global_inserts=512.0 │qam/q_std_heads=0.088                  │qam/replay_ready=1.000                │
│qam/td_target_mean=-1.089              │qam/updates_run=20.000                 │                                      │
│                                                                                                                      │
╰──────────────────────────────────────────────────────────────────────────────────────────────────────────────────────╯


╭──────────────────────────────────────────────────────────────────────────────────────────────────────────────────────╮
├──────────────────────────────────────────────────── Metric Table ────────────────────────────────────────────────────┤
│ Global Step:   49/500 │ Progress: ███░░░░░░░░░░░░░░░░░░░░░░░░░░░░░░░░░░░░░ │   9.8%                                  │
│ Elapsed: 28:19 │ ETA: 04:20:40 │ Step Time: 34.680s                                                                  │
├──────────────────────────────────────────────────────── Time ────────────────────────────────────────────────────────┤
│                                                                                                                      │
│actor/actor/recv_traj=19.929           │actor/actor/sync_model_to_rollout=0.396│actor/run_training=30.145             │
│cal_adv_and_returns=0.0026             │env/compute_bootstrap_rewards=8.10e-04 │env/env/bootstrap_step=7.400          │
│env/env/send_rollout_trajectories=0.467│env/env_interact_step=8.012            │env/interact=19.576                   │
│env/run_interact_once=19.576           │generate_rollouts=20.022               │rollout/generate_one_epoch=18.868     │
│rollout/predict=3.104                  │rollout/rollout/generate=18.868        │step=50.900                           │
│sync_weights=0.727                     │                                       │                                      │
│                                                                                                                      │
├──────────────────────────────────────────────────── Environment ─────────────────────────────────────────────────────┤
│                                                                                                                      │
│episode_len=200.0                      │num_trajectories=2                     │return=0.0                            │
│reward=0.0                             │success_once=0.0                       │                                      │
│                                                                                                                      │
├────────────────────────────────────────────────────── Rollout ───────────────────────────────────────────────────────┤
│                                                                                                                      │
│qam/global_inserts=20.000              │qam/global_total_inserts=967.0         │qam/local_inserts=10.000              │
│qam/local_replay_size=483.5            │                                       │                                      │
│                                                                                                                      │
├─────────────────────────────────────────────────── Training/Other ───────────────────────────────────────────────────┤
│                                                                                                                      │
│qam/am_enabled_next_update=0.0000      │qam/am_updates_run=0.0000              │qam/configured_phase=2.000            │
│qam/critic_grad_norm=0.945             │qam/critic_loss=0.028                  │qam/critic_updates=455.0              │
│qam/fine_policy_version=0.0000         │qam/fine_updates=0.0000                │qam/global_inserts=20.000             │
│qam/global_total_inserts=967.0         │qam/local_inserts=10.000               │qam/local_replay_size=483.5           │
│qam/pending_update_credit=0.0000       │qam/phase=1.000                        │qam/q_mean=-1.069                     │
│qam/q_only_anchor_global_inserts=512.0 │qam/q_std_heads=0.060                  │qam/replay_ready=1.000                │
│qam/td_target_mean=-1.071              │qam/updates_run=20.000                 │                                      │
│                                                                                                                      │
╰──────────────────────────────────────────────────────────────────────────────────────────────────────────────────────╯


╭──────────────────────────────────────────────────────────────────────────────────────────────────────────────────────╮
├──────────────────────────────────────────────────── Metric Table ────────────────────────────────────────────────────┤
│ Global Step:   50/500 │ Progress: ████░░░░░░░░░░░░░░░░░░░░░░░░░░░░░░░░░░░░ │  10.0%                                  │
│ Elapsed: 29:26 │ ETA: 04:24:55 │ Step Time: 35.323s                                                                  │
├──────────────────────────────────────────────────────── Time ────────────────────────────────────────────────────────┤
│                                                                                                                      │
│actor/actor/recv_traj=19.287           │actor/actor/sync_model_to_rollout=0.405│actor/run_training=28.716             │
│cal_adv_and_returns=0.0027             │env/compute_bootstrap_rewards=7.42e-04 │env/env/bootstrap_step=6.993          │
│env/env/send_rollout_trajectories=0.469│env/env_interact_step=7.815            │env/interact=18.907                   │
│env/run_interact_once=18.907           │generate_rollouts=19.378               │rollout/generate_one_epoch=18.168     │
│rollout/predict=3.008                  │rollout/rollout/generate=18.169        │step=66.803                           │
│sync_weights=0.802                     │                                       │                                      │
│                                                                                                                      │
├──────────────────────────────────────────────────── Environment ─────────────────────────────────────────────────────┤
│                                                                                                                      │
│episode_len=200.0                      │num_trajectories=2                     │return=0.5                            │
│reward=0.0025                          │success_once=0.5                       │                                      │
│                                                                                                                      │
├────────────────────────────────────────────────────── Rollout ───────────────────────────────────────────────────────┤
│                                                                                                                      │
│qam/global_inserts=19.000              │qam/global_total_inserts=986.0         │qam/local_inserts=9.500               │
│qam/local_replay_size=493.0            │                                       │                                      │
│                                                                                                                      │
├─────────────────────────────────────────────────── Training/Other ───────────────────────────────────────────────────┤
│                                                                                                                      │
│qam/am_enabled_next_update=0.0000      │qam/am_updates_run=0.0000              │qam/configured_phase=2.000            │
│qam/critic_grad_norm=1.377             │qam/critic_loss=0.035                  │qam/critic_updates=474.0              │
│qam/fine_policy_version=0.0000         │qam/fine_updates=0.0000                │qam/global_inserts=19.000             │
│qam/global_total_inserts=986.0         │qam/local_inserts=9.500                │qam/local_replay_size=493.0           │
│qam/pending_update_credit=0.0000       │qam/phase=1.000                        │qam/q_mean=-1.023                     │
│qam/q_only_anchor_global_inserts=512.0 │qam/q_std_heads=0.057                  │qam/replay_ready=1.000                │
│qam/td_target_mean=-1.023              │qam/updates_run=19.000                 │                                      │
│                                                                                                                      │
╰──────────────────────────────────────────────────────────────────────────────────────────────────────────────────────╯


╭──────────────────────────────────────────────────────────────────────────────────────────────────────────────────────╮
├──────────────────────────────────────────────────── Metric Table ────────────────────────────────────────────────────┤
│ Global Step:   51/500 │ Progress: ████░░░░░░░░░░░░░░░░░░░░░░░░░░░░░░░░░░░░ │  10.2%                                  │
│ Elapsed: 30:14 │ ETA: 04:26:15 │ Step Time: 35.581s                                                                  │
├──────────────────────────────────────────────────────── Time ────────────────────────────────────────────────────────┤
│                                                                                                                      │
│actor/actor/recv_traj=18.899           │actor/actor/sync_model_to_rollout=0.364│actor/run_training=28.634             │
│cal_adv_and_returns=0.0028             │env/compute_bootstrap_rewards=8.06e-04 │env/env/bootstrap_step=7.144          │
│env/env/send_rollout_trajectories=0.434│env/env_interact_step=7.661            │env/interact=18.556                   │
│env/run_interact_once=18.556           │generate_rollouts=18.993               │rollout/generate_one_epoch=17.798     │
│rollout/predict=3.048                  │rollout/rollout/generate=17.798        │step=48.432                           │
│sync_weights=0.799                     │                                       │                                      │
│                                                                                                                      │
├──────────────────────────────────────────────────── Environment ─────────────────────────────────────────────────────┤
│                                                                                                                      │
│episode_len=200.0                      │num_trajectories=2                     │return=0.5                            │
│reward=0.0025                          │success_once=0.5                       │                                      │
│                                                                                                                      │
├────────────────────────────────────────────────────── Rollout ───────────────────────────────────────────────────────┤
│                                                                                                                      │
│qam/global_inserts=19.000              │qam/global_total_inserts=1005.0        │qam/local_inserts=9.500               │
│qam/local_replay_size=502.5            │                                       │                                      │
│                                                                                                                      │
├─────────────────────────────────────────────────── Training/Other ───────────────────────────────────────────────────┤
│                                                                                                                      │
│qam/am_enabled_next_update=0.0000      │qam/am_updates_run=0.0000              │qam/configured_phase=2.000            │
│qam/critic_grad_norm=1.256             │qam/critic_loss=0.026                  │qam/critic_updates=493.0              │
│qam/fine_policy_version=0.0000         │qam/fine_updates=0.0000                │qam/global_inserts=19.000             │
│qam/global_total_inserts=1005.0        │qam/local_inserts=9.500                │qam/local_replay_size=502.5           │
│qam/pending_update_credit=0.0000       │qam/phase=1.000                        │qam/q_mean=-0.998                     │
│qam/q_only_anchor_global_inserts=512.0 │qam/q_std_heads=0.074                  │qam/replay_ready=1.000                │
│qam/td_target_mean=-0.993              │qam/updates_run=19.000                 │                                      │
│                                                                                                                      │
╰──────────────────────────────────────────────────────────────────────────────────────────────────────────────────────╯

