/data/chenyiteng/projects/rlinf-shenzhen/worktrees/rlt-pi0-robotwin-ar-7d07a421/examples/embodiment/train_embodied_agent.py:35: Hydra14MigrationWarning: 
version_base="1.1" selects Hydra 1.1 compatibility behavior.
Hydra 1.4 will remove this compatibility behavior.
Before upgrading to Hydra 1.4, set version_base="1.3" and test your application.
See https://hydra.cc/docs/upgrades/1.3_to_1.4/prepare_for_1_4/ for preparation instructions.
  @hydra.main(
/home/chenyiteng/venvs/rlinf-7d07-openpi-robotwin/lib/python3.11/site-packages/hydra/_internal/hydra.py:119: UserWarning: Future Hydra versions will no longer change working directory at job runtime by default.
See https://hydra.cc/docs/1.2/upgrades/1.1_to_1.2/changes_to_job_working_dir/ for more information.
  ret = run_job(
[INFO 16:54:58 RLinf] RLinf Ray code sync is enabled (py_modules=('/data/chenyiteng/projects/rlinf-shenzhen/worktrees/rlt-pi0-robotwin-ar-7d07a421/rlinf',)); workers receive only the rlinf package from the launch node. Disable with RLINF_CODE_WORKING_DIR=0.
2026-08-23 16:54:58,976	INFO worker.py:1683 -- Using address 172.17.0.1:6389 set in the environment variable RAY_ADDRESS
2026-08-23 16:54:58,983	INFO worker.py:1833 -- Connecting to existing Ray cluster at address: 172.17.0.1:6389...
2026-08-23 16:54:59,057	INFO worker.py:2015 -- Connected to Ray cluster. View the dashboard at [1m[32mhttp://127.0.0.1:8266 [39m[22m
[INFO 16:55:01 RLinf] RLinf is running on a cluster with 1 node and 8 accelerators. The nodes' details are: 
node_labels: []
node_rank: 0
ray_id: 2730f38e60da6b4c0f68d8779893624a0917240589c544541c894c54
node_ip: 172.17.0.1
num_cpus: 128
python_interpreter_path: /home/chenyiteng/venvs/rlinf-7d07-openpi-robotwin/bin/python
hardware_resources:
- type: Accelerator
  infos:
  - type: Accelerator
    model: NV_GPU:H100 80GB HBM3
  - type: Accelerator
    model: NV_GPU:H100 80GB HBM3
  - type: Accelerator
    model: NV_GPU:H100 80GB HBM3
  - type: Accelerator
    model: NV_GPU:H100 80GB HBM3
  - type: Accelerator
    model: NV_GPU:H100 80GB HBM3
  - type: Accelerator
    model: NV_GPU:H100 80GB HBM3
  - type: Accelerator
    model: NV_GPU:H100 80GB HBM3
  - type: Accelerator
    model: NV_GPU:H100 80GB HBM3
profiler_backends: []

Node groups' details are: 
label: cluster
nodes: '0'
hardware_type: Accelerator
ignore_hardware: false
env_configs: null

label: node
nodes: '0'
hardware_type: null
ignore_hardware: true
env_configs: null

[INFO 16:55:01 FlexiblePlacementStrategy] 
[36m(_RemoteNodeProbe pid=391442)[0m /data/chenyiteng/projects/rlinf-shenzhen/worktrees/rlt-pi0-robotwin-ar-7d07a421/rlinf/scheduler/cluster/node.py:532: UserWarning: Python interpreter used to launch Ray on node with IP 172.17.0.1 is different from that on the head node /home/chenyiteng/venvs/rlinf-7d07-openpi-robotwin/bin/python. Keep using the current interpreter /home/chenyiteng/venvs/rlinf-7d07-openpi-robotwin/bin/python3 on this node.[INFO 16:55:01 FlexiblePlacementStrategy] Using flexible placement with hardware ranks: [[4], [5]], node groups: ['cluster'].
[INFO 16:55:01 FlexiblePlacementStrategy] 
[INFO 16:55:01 FlexiblePlacementStrategy] Using flexible placement with hardware ranks: [[4], [5]], node groups: ['cluster'].

[36m(_RemoteNodeProbe pid=391442)[0m   warnings.warn(
{
  "env": {
    "train": {
      "env_type": "robotwin",
      "total_num_envs": 8,
      "auto_reset": false,
      "ignore_terminations": false,
      "reward_coef": 1.0,
      "use_custom_reward": true,
      "use_rel_reward": false,
      "center_crop": false,
      "seed": 0,
      "group_size": 1,
      "use_fixed_reset_state_ids": false,
      "max_steps_per_rollout_epoch": 200,
      "max_episode_steps": 200,
      "is_eval": false,
      "assets_path": "/data/chenyiteng/projects/rlinf-shenzhen/RoboTwin-RLinf-support",
      "seeds_path": "/data/chenyiteng/projects/rlinf-shenzhen/worktrees/rlt-pi0-robotwin-ar-7d07a421/rlinf/envs/robotwin/seeds/train_seeds.json",
      "video_cfg": {
        "save_video": false,
        "info_on_video": true,
        "video_base_dir": "/data/chenyiteng/results/rlinf-rlt/formal-current-ar-stage2-8env250-20260824-v3/video/train"
      },
      "enable_offload": true,
      "task_config": {
        "task_name": "adjust_bottle",
        "step_lim": 200,
        "planner_backend": "mplib",
        "render_freq": 0,
        "episode_num": 100,
        "use_seed": false,
        "save_freq": 15,
        "embodiment": [
          "aloha-agilex"
        ],
        "language_num": 100,
        "domain_randomization": {
          "random_background": false,
          "cluttered_table": false,
          "clean_background_rate": 1,
          "random_head_camera_dis": 0,
          "random_table_height": 0,
          "random_light": false,
          "crazy_random_light_rate": 0
        },
        "camera": {
          "head_camera_type": "D435",
          "wrist_camera_type": "D435",
          "collect_head_camera": true,
          "collect_wrist_camera": true
        },
        "data_type": {
          "rgb": true,
          "third_view": false,
          "depth": false,
          "pointcloud": false,
          "observer": false,
          "endpose": false,
          "qpos": true,
          "mesh_segmentation": false,
          "actor_segmentation": false
        },
        "pcd_down_sample_num": 1024,
        "pcd_crop": true,
        "save_path": "/data/chenyiteng/results/rlinf-rlt/formal-current-ar-stage2-8env250-20260824-v3/robotwin_data/train",
        "clear_cache_freq": 1,
        "collect_data": true,
        "eval_video_log": true
      },
      "rollout_epoch": 1
    },
    "eval": {
      "env_type": "robotwin",
      "total_num_envs": 4,
      "auto_reset": false,
      "ignore_terminations": true,
      "reward_coef": 1.0,
      "use_custom_reward": true,
      "use_rel_reward": false,
      "center_crop": false,
      "seed": 0,
      "group_size": 1,
      "use_fixed_reset_state_ids": false,
      "max_steps_per_rollout_epoch": 200,
      "max_episode_steps": 200,
      "is_eval": true,
      "assets_path": "/data/chenyiteng/projects/rlinf-shenzhen/RoboTwin-RLinf-support",
      "seeds_path": "/data/chenyiteng/projects/rlinf-shenzhen/worktrees/rlt-pi0-robotwin-ar-7d07a421/rlinf/envs/robotwin/seeds/eval_seeds_adjust_bottle_rlt_periodic20_v1.json",
      "video_cfg": {
        "save_video": false,
        "info_on_video": true,
        "video_base_dir": "/data/chenyiteng/results/rlinf-rlt/formal-current-ar-stage2-8env250-20260824-v3/video/eval"
      },
      "enable_offload": false,
      "task_config": {
        "task_name": "adjust_bottle",
        "step_lim": 200,
        "planner_backend": "mplib",
        "render_freq": 0,
        "episode_num": 100,
        "use_seed": false,
        "save_freq": 15,
        "embodiment": [
          "aloha-agilex"
        ],
        "language_num": 100,
        "domain_randomization": {
          "random_background": false,
          "cluttered_table": false,
          "clean_background_rate": 1,
          "random_head_camera_dis": 0,
          "random_table_height": 0,
          "random_light": false,
          "crazy_random_light_rate": 0
        },
        "camera": {
          "head_camera_type": "D435",
          "wrist_camera_type": "D435",
          "collect_head_camera": true,
          "collect_wrist_camera": true
        },
        "data_type": {
          "rgb": true,
          "third_view": false,
          "depth": false,
          "pointcloud": false,
          "observer": false,
          "endpose": false,
          "qpos": true,
          "mesh_segmentation": false,
          "actor_segmentation": false
        },
        "pcd_down_sample_num": 1024,
        "pcd_crop": true,
        "save_path": "/data/chenyiteng/results/rlinf-rlt/formal-current-ar-stage2-8env250-20260824-v3/robotwin_data/eval",
        "clear_cache_freq": 1,
        "collect_data": true,
        "eval_video_log": true
      },
      "rollout_epoch": 5
    },
    "group_name": "EnvGroup",
    "enable_offload": true
  },
  "actor": {
    "fsdp_config": {
      "strategy": "fsdp",
      "sharding_strategy": "no_shard",
      "gradient_checkpointing": false,
      "cpu_offload": false,
      "offload_pin_memory": false,
      "reshard_after_forward": true,
      "enable_gradient_accumulation": true,
      "forward_prefetch": false,
      "limit_all_gathers": false,
      "backward_prefetch": null,
      "use_orig_params": false,
      "use_liger_kernel": false,
      "mixed_precision": {
        "param_dtype": "fp32",
        "reduce_dtype": "fp32",
        "buffer_dtype": "fp32"
      },
      "amp_autocast": {
        "enabled": false,
        "precision": "bf16"
      },
      "grad_scaler": {
        "enabled": false,
        "init_scale": null,
        "growth_interval": null
      }
    },
    "group_name": "ActorGroup",
    "training_backend": "fsdp",
    "micro_batch_size": 128,
    "global_batch_size": 512,
    "seed": 1234,
    "enable_offload": false,
    "model": {
      "model_type": "rlt_mlp_policy",
      "precision": "fp32",
      "z_dim": 2048,
      "proprio_dim": 14,
      "action_dim": 14,
      "num_action_chunks": 10,
      "ref_num_action_chunks": 10,
      "add_value_head": false,
      "add_q_head": true,
      "q_head_type": "default",
      "fixed_std": 0.002,
      "is_lora": false,
      "lora_rank": 32
    },
    "optim": {
      "clip_grad": 10.0,
      "lr": 0.0001,
      "lr_scheduler": "torch_constant"
    },
    "critic_optim": {
      "clip_grad": 10.0,
      "lr": 0.0001,
      "lr_scheduler": "torch_constant"
    }
  },
  "weight_syncer": {
    "type": "patch",
    "patch": {
      "snapshot_device": "cpu",
      "delta_encoding": true,
      "compression": "none",
      "init_sync": {
        "enabled": true,
        "prefixes": null,
        "bucket_size": 134217728
      }
    }
  },
  "cluster": {
    "num_nodes": 1,
    "component_placement": {
      "actor,env,rollout": "4-5"
    },
    "tracer": {
      "enable": false
    }
  },
  "runner": {
    "task_type": "embodied",
    "logger": {
      "log_path": "/data/chenyiteng/results/rlinf-rlt/formal-current-ar-stage2-8env250-20260824-v3",
      "project_name": "rlinf-rlt",
      "experiment_name": "robotwin_adjust_bottle_rlt_stage2_current_ar_8env250_output_isolated_v2",
      "logger_backends": [
        "tensorboard"
      ]
    },
    "max_epochs": 1000,
    "max_steps": 250,
    "only_eval": false,
    "weight_sync_interval": 1,
    "val_check_interval": 25,
    "save_interval": 25,
    "resume_dir": null,
    "ckpt_path": null,
    "per_worker_log": false,
    "per_worker_log_path": null,
    "overlap_env_bootstrap": false
  },
  "algorithm": {
    "update_epoch": 5,
    "group_size": 1,
    "adv_type": "embodied_sac",
    "loss_type": "rlt_ac",
    "loss_agg_func": "token-mean",
    "agg_q": "min",
    "actor_agg_q": "q1",
    "enable_drq": false,
    "q_head_type": "default",
    "bootstrap_type": "standard",
    "gamma": 0.99,
    "tau": 0.005,
    "rlt_route": {
      "type": "full_task"
    },
    "rlt_transition_replay": {
      "enable": true,
      "compact": true,
      "bootstrap_on_truncation": true
    },
    "rlt_schedule": {
      "enable": true,
      "max_updates_per_train_step": 1600,
      "warmup_min_size": 10000,
      "warmup_post_collect_updates": 30000,
      "train_every_episodes": 0,
      "train_every_transitions": 1
    },
    "q_weight": 1.0,
    "bc_weight": 1.0,
    "reference_dropout_prob": 0.5,
    "actor_weight_schedule": {
      "enable": true,
      "warmup_updates": 20000,
      "ramp_updates": 50000,
      "warmup_bc_weight": 7.0,
      "warmup_q_weight": 0.05,
      "online_bc_weight": 2.5,
      "online_q_weight": 0.45
    },
    "entropy_tuning": {
      "alpha_type": "fixed_alpha",
      "initial_alpha": 0.0,
      "optim": {
        "lr": 0.0003,
        "lr_scheduler": "torch_constant",
        "clip_grad": 10.0
      }
    },
    "replay_buffer": {
      "enable_cache": true,
      "cache_size": 50000,
      "sample_window_size": 50000,
      "min_buffer_size": 1,
      "auto_save": false
    },
    "target_update_freq": 1,
    "target_update_type": "all",
    "critic_actor_ratio": 2,
    "critic_subsample_size": 0,
    "backup_entropy": false,
    "rlt_resume": {
      "enable": true,
      "schema_version": 1,
      "contract": {
        "current_base_commit": "7d07a4212ee6858cc333e1d4fab7a37256d1f839",
        "model_identity": "exact_pi0",
        "reconstruction": "current_causal_ar",
        "stage1_manifest_path": "/data/chenyiteng/results/rlinf-rlt/formal-current-ar-stage1-2k-stage2-8env250-20260824-v2/stage1/artifacts/stage1_artifact_manifest.json",
        "stage1_manifest_id": "sz-rlt-stage1-current-ar-clean50-2k-v1",
        "stage1_manifest_sha256": "ffeeaa44ebe34aa5ea10fe89c8aee3f28d0ab3ee1361c355f301020224a4b6dd",
        "norm_stats_sha256": "649ed92b431bd70627febdb00b2385e35fcab5088e72a4e4a4845585f8ce4f6a",
        "train_vla": false,
        "prefix_seq_len": 768,
        "image_only": true,
        "use_mask": true,
        "z_dim": 2048,
        "action_horizon": 50,
        "action_chunk": 10,
        "action_dim": 14,
        "canonical_adapter_version": "robotwin_aloha_canonical_v1",
        "route": "full_task",
        "replay": "compact_transition",
        "bootstrap": "pure_truncation_only"
      }
    }
  },
  "rollout": {
    "group_name": "RolloutGroup",
    "backend": "huggingface",
    "enable_offload": false,
    "pipeline_stage_num": 1,
    "collect_transitions": true,
    "collect_prev_infos": false,
    "model": {
      "model_type": "rlt_mlp_policy",
      "model_path": null,
      "precision": "fp32",
      "action_dim": 14,
      "num_action_chunks": 10,
      "ref_num_action_chunks": 10,
      "z_dim": 2048,
      "proprio_dim": 14,
      "add_q_head": true,
      "q_head_type": "default",
      "fixed_std": 0.002,
      "is_lora": false,
      "lora_rank": 32
    },
    "rlt_feature_model": {
      "model_type": "openpi",
      "model_path": "/data/chenyiteng/results/rlinf-rlt/formal-current-ar-stage1-2k-stage2-8env250-20260824-v2/stage1/robotwin_adjust_bottle_rlt_stage1_current_ar_clean50_2k_v1/checkpoints/global_step_2000",
      "precision": null,
      "num_action_chunks": 10,
      "action_dim": 14,
      "add_value_head": false,
      "is_lora": false,
      "lora_rank": 32,
      "openpi_data": {
        "repo_id": "physical-intelligence/robotwin",
        "default_prompt": "adjust the bottle",
        "norm_stats_path": "/data/chenyiteng/models/rlinf/RLinf-Pi0-RoboTwin-SFT-adjust_bottle@92684e50/physical-intelligence/robotwin/norm_stats.json"
      },
      "openpi": {
        "config_name": "pi0_aloha_robotwin",
        "num_images_in_input": 3,
        "action_horizon": 50,
        "action_chunk": 10,
        "action_env_dim": 14,
        "num_steps": 4,
        "state_indices": [],
        "train_expert_only": false,
        "add_value_head": false,
        "detach_critic_input": true,
        "noise_method": "flow_ode",
        "rtc_enabled": false,
        "use_rlt": true,
        "rlt_train_vla": false,
        "rlt_alpha": 0.0,
        "rlt_input_dim": 2048,
        "rlt_embed_dim": 2048,
        "rlt_prefix_seq_len": 768,
        "rlt_num_layers": 2,
        "rlt_num_heads": 8,
        "rlt_mlp_ratio": 4.0,
        "rlt_image_only": true,
        "rlt_use_mask": true,
        "rlt_action_adapter": "robotwin_aloha_canonical_v1"
      }
    },
    "enable_torch_compile": false,
    "enable_cuda_graph": false
  },
  "reward": {
    "use_reward_model": false
  },
  "critic": {
    "use_critic_model": false
  }
}
[INFO 16:55:01 FlexiblePlacementStrategy] 
[INFO 16:55:01 FlexiblePlacementStrategy] Using flexible placement with hardware ranks: [[4], [5]], node groups: ['cluster'].
[INFO 16:55:01 FlexiblePlacementStrategy] Generated 2 placements: [Placement(rank=0, cluster_node_rank=0, placement_node_rank=0, local_accelerator_rank=4, accelerator_type='NV_GPU', local_rank=0, local_world_size=2, visible_accelerators=['4'], isolate_accelerator=True, local_hardware_ranks=[4], node_group_label='cluster'), Placement(rank=1, cluster_node_rank=0, placement_node_rank=0, local_accelerator_rank=5, accelerator_type='NV_GPU', local_rank=1, local_world_size=2, visible_accelerators=['5'], isolate_accelerator=True, local_hardware_ranks=[5], node_group_label='cluster')].
[INFO 16:55:01 FlexiblePlacementStrategy] Generated 2 placements: [Placement(rank=0, cluster_node_rank=0, placement_node_rank=0, local_accelerator_rank=4, accelerator_type='NV_GPU', local_rank=0, local_world_size=2, visible_accelerators=['4'], isolate_accelerator=True, local_hardware_ranks=[4], node_group_label='cluster'), Placement(rank=1, cluster_node_rank=0, placement_node_rank=0, local_accelerator_rank=5, accelerator_type='NV_GPU', local_rank=1, local_world_size=2, visible_accelerators=['5'], isolate_accelerator=True, local_hardware_ranks=[5], node_group_label='cluster')].
[INFO 16:55:01 FlexiblePlacementStrategy] Generated 2 placements: [Placement(rank=0, cluster_node_rank=0, placement_node_rank=0, local_accelerator_rank=4, accelerator_type='NV_GPU', local_rank=0, local_world_size=2, visible_accelerators=['4'], isolate_accelerator=True, local_hardware_ranks=[4], node_group_label='cluster'), Placement(rank=1, cluster_node_rank=0, placement_node_rank=0, local_accelerator_rank=5, accelerator_type='NV_GPU', local_rank=1, local_world_size=2, visible_accelerators=['5'], isolate_accelerator=True, local_hardware_ranks=[5], node_group_label='cluster')].
[INFO 16:55:02 NodePlacementStrategy] 
[INFO 16:55:02 NodePlacementStrategy] Using node placement with node ranks: [0], node groups: ['node'].
[INFO 16:55:02 NodePlacementStrategy] Generated 1 placements: [Placement(rank=0, cluster_node_rank=0, placement_node_rank=0, local_accelerator_rank='0', accelerator_type='NV_GPU', local_rank=0, local_world_size=1, visible_accelerators=['0', '1', '2', '3', '4', '5', '6', '7'], isolate_accelerator=True, local_hardware_ranks=[], node_group_label='cluster')].
[INFO 16:55:02 NodePlacementStrategy] 
[INFO 16:55:02 NodePlacementStrategy] Using node placement with node ranks: [0], node groups: ['node'].
[INFO 16:55:02 NodePlacementStrategy] Generated 1 placements: [Placement(rank=0, cluster_node_rank=0, placement_node_rank=0, local_accelerator_rank='0', accelerator_type='NV_GPU', local_rank=0, local_world_size=1, visible_accelerators=['0', '1', '2', '3', '4', '5', '6', '7'], isolate_accelerator=True, local_hardware_ranks=[], node_group_label='cluster')].
[INFO 16:55:02 NodePlacementStrategy] 
[INFO 16:55:02 NodePlacementStrategy] Using node placement with node ranks: [0], node groups: ['node'].
[INFO 16:55:02 NodePlacementStrategy] Generated 1 placements: [Placement(rank=0, cluster_node_rank=0, placement_node_rank=0, local_accelerator_rank='0', accelerator_type='NV_GPU', local_rank=0, local_world_size=1, visible_accelerators=['0', '1', '2', '3', '4', '5', '6', '7'], isolate_accelerator=True, local_hardware_ranks=[], node_group_label='cluster')].
WARNING: All log messages before absl::InitializeLog() is called are written to STDERR
I0000 00:00:1787504102.544956  390911 port.cc:153] oneDNN custom operations are on. You may see slightly different numerical results due to floating-point round-off errors from different computation orders. To turn them off, set the environment variable `TF_ENABLE_ONEDNN_OPTS=0`.
I0000 00:00:1787504102.594906  390911 cpu_feature_guard.cc:227] This TensorFlow binary is optimized to use available CPU instructions in performance-critical operations.
To enable the following instructions: AVX2 AVX512F AVX512_VNNI AVX512_BF16 AVX512_FP16 AVX_VNNI AMX_TILE AMX_INT8 AMX_BF16 FMA, in other operations, rebuild TensorFlow with the appropriate compiler flags.
WARNING: All log messages before absl::InitializeLog() is called are written to STDERR
I0000 00:00:1787504104.390053  390911 port.cc:153] oneDNN custom operations are on. You may see slightly different numerical results due to floating-point round-off errors from different computation orders. To turn them off, set the environment variable `TF_ENABLE_ONEDNN_OPTS=0`.
[36m(MultiStepRolloutWorker pid=391539)[0m [INFO 16:55:07 FlexiblePlacementStrategy] 
[36m(MultiStepRolloutWorker pid=391539)[0m [INFO 16:55:07 FlexiblePlacementStrategy] Using flexible placement with hardware ranks: [[4], [5]], node groups: ['cluster'].
[36m(EnvWorker pid=391542)[0m [INFO 16:55:07 FlexiblePlacementStrategy] 
[36m(EnvWorker pid=391542)[0m [INFO 16:55:07 FlexiblePlacementStrategy] Using flexible placement with hardware ranks: [[4], [5]], node groups: ['cluster'].
[36m(EnvWorker pid=391559)[0m [INFO 16:55:07 FlexiblePlacementStrategy] 
[36m(EnvWorker pid=391559)[0m [INFO 16:55:07 FlexiblePlacementStrategy] Using flexible placement with hardware ranks: [[4], [5]], node groups: ['cluster'].
[36m(MultiStepRolloutWorker pid=391541)[0m [INFO 16:55:08 FlexiblePlacementStrategy] 
[36m(MultiStepRolloutWorker pid=391541)[0m [INFO 16:55:08 FlexiblePlacementStrategy] Using flexible placement with hardware ranks: [[4], [5]], node groups: ['cluster'].
[36m(RolloutGroup(rank=0) pid=391539)[0m WARNING: All log messages before absl::InitializeLog() is called are written to STDERR
[36m(RolloutGroup(rank=0) pid=391539)[0m I0000 00:00:1787504110.275446  392520 port.cc:153] oneDNN custom operations are on. You may see slightly different numerical results due to floating-point round-off errors from different computation orders. To turn them off, set the environment variable `TF_ENABLE_ONEDNN_OPTS=0`.
[36m(RolloutGroup(rank=1) pid=391541)[0m WARNING: All log messages before absl::InitializeLog() is called are written to STDERR
[36m(RolloutGroup(rank=1) pid=391541)[0m I0000 00:00:1787504110.597902  392530 port.cc:153] oneDNN custom operations are on. You may see slightly different numerical results due to floating-point round-off errors from different computation orders. To turn them off, set the environment variable `TF_ENABLE_ONEDNN_OPTS=0`.
[36m(RolloutGroup(rank=0) pid=391539)[0m WARNING: All log messages before absl::InitializeLog() is called are written to STDERR
[36m(RolloutGroup(rank=0) pid=391539)[0m I0000 00:00:1787504111.596986  392520 port.cc:153] oneDNN custom operations are on. You may see slightly different numerical results due to floating-point round-off errors from different computation orders. To turn them off, set the environment variable `TF_ENABLE_ONEDNN_OPTS=0`.
[36m(RolloutGroup(rank=1) pid=391541)[0m WARNING: All log messages before absl::InitializeLog() is called are written to STDERR
[36m(RolloutGroup(rank=1) pid=391541)[0m I0000 00:00:1787504111.721998  392530 port.cc:153] oneDNN custom operations are on. You may see slightly different numerical results due to floating-point round-off errors from different computation orders. To turn them off, set the environment variable `TF_ENABLE_ONEDNN_OPTS=0`.
[36m(RLTACFSDPPolicy pid=391536)[0m [INFO 16:55:12 ActorGroup-Rank-0][fsdp_model_manager.py:133] [FSDP] AMP is disabled.
[36m(RLTACFSDPPolicy pid=391536)[0m [INFO 16:55:12 FlexiblePlacementStrategy] 
[36m(RLTACFSDPPolicy pid=391536)[0m [INFO 16:55:12 FlexiblePlacementStrategy] Using flexible placement with hardware ranks: [[4], [5]], node groups: ['cluster'].
[36m(RLTACFSDPPolicy pid=391538)[0m [INFO 16:55:12 FlexiblePlacementStrategy] 
[36m(RLTACFSDPPolicy pid=391538)[0m [INFO 16:55:12 FlexiblePlacementStrategy] Using flexible placement with hardware ranks: [[4], [5]], node groups: ['cluster'].
[36m(RLTACFSDPPolicy pid=391538)[0m [INFO 16:55:12 ActorGroup-Rank-1][fsdp_model_manager.py:133] [FSDP] AMP is disabled.
[36m(RolloutGroup(rank=1) pid=391541)[0m INFO:root:Loaded norm stats from /data/chenyiteng/models/rlinf/RLinf-Pi0-RoboTwin-SFT-adjust_bottle@92684e50/physical-intelligence/robotwin
[36m(RolloutGroup(rank=0) pid=391539)[0m INFO:root:Loaded norm stats from /data/chenyiteng/models/rlinf/RLinf-Pi0-RoboTwin-SFT-adjust_bottle@92684e50/physical-intelligence/robotwin
[36m(ActorGroup(rank=0) pid=391536)[0m [INFO 16:56:03 ActorGroup-Rank-0][fsdp_sac_policy_worker.py:92] [FSDP] Gradient checkpointing is disabled
[36m(ActorGroup(rank=0) pid=391536)[0m /home/chenyiteng/venvs/rlinf-7d07-openpi-robotwin/lib/python3.11/site-packages/torch/distributed/fsdp/wrap.py:485: FutureWarning: The `NO_SHARD` sharding strategy is deprecated. If having issues, please use `DistributedDataParallel` instead.
[36m(ActorGroup(rank=0) pid=391536)[0m   return wrapper_cls(module, **kwargs)
[36m(ActorGroup(rank=1) pid=391538)[0m /home/chenyiteng/venvs/rlinf-7d07-openpi-robotwin/lib/python3.11/site-packages/torch/distributed/fsdp/wrap.py:485: FutureWarning: The `NO_SHARD` sharding strategy is deprecated. If having issues, please use `DistributedDataParallel` instead.
[36m(ActorGroup(rank=1) pid=391538)[0m   return wrapper_cls(module, **kwargs)
[36m(ActorGroup(rank=1) pid=391538)[0m [INFO 16:56:03 ActorGroup-Rank-1][fsdp_sac_policy_worker.py:92] [FSDP] Gradient checkpointing is disabled
[36m(ActorGroup(rank=0) pid=391536)[0m [WARNING 16:56:04 ActorGroup-Rank-0][buffer.py:264] auto_save is disabled, enabling cache with size 50000
[36m(ActorGroup(rank=0) pid=391536)[0m /data/chenyiteng/ray/rlt-dsrl-v3/session_2026-08-23_16-27-53_911161_321906/runtime_resources/py_modules_files/_ray_pkg_33682a6bbf162cf6/rlinf/hybrid_engines/fsdp/strategy/fsdp.py:173: FutureWarning: The `NO_SHARD` sharding strategy is deprecated. If having issues, please use `DistributedDataParallel` instead.
[36m(ActorGroup(rank=0) pid=391536)[0m   fsdp_model = FSDP(
[36m(ActorGroup(rank=1) pid=391538)[0m /data/chenyiteng/ray/rlt-dsrl-v3/session_2026-08-23_16-27-53_911161_321906/runtime_resources/py_modules_files/_ray_pkg_33682a6bbf162cf6/rlinf/hybrid_engines/fsdp/strategy/fsdp.py:173: FutureWarning: The `NO_SHARD` sharding strategy is deprecated. If having issues, please use `DistributedDataParallel` instead.
[36m(ActorGroup(rank=1) pid=391538)[0m   fsdp_model = FSDP(
[36m(ActorGroup(rank=1) pid=391538)[0m [WARNING 16:56:04 ActorGroup-Rank-1][buffer.py:264] auto_save is disabled, enabling cache with size 50000
[36m(RolloutGroup(rank=0) pid=391539)[0m Generating Rollout Epochs:   0%|          | 0/1 [00:00<?, ?it/s]
[36m(RolloutGroup(rank=0) pid=391539)[0m Generating Rollout Epochs: 100%|██████████| 1/1 [01:36<00:00, 96.46s/it]Generating Rollout Epochs: 100%|██████████| 1/1 [01:36<00:00, 96.46s/it]
[36m(ActorGroup(rank=0) pid=391536)[0m /home/chenyiteng/venvs/rlinf-7d07-openpi-robotwin/lib/python3.11/site-packages/torch/distributed/c10d_logger.py:83: UserWarning: barrier(): using the device under current context. You can specify `device_id` in `init_process_group` to mute this warning.
[36m(ActorGroup(rank=0) pid=391536)[0m   return func(*args, **kwargs)

╭──────────────────────────────────────────────────────────────────────────────────────────────────────────────────────╮
├──────────────────────────────────────────────────── Metric Table ────────────────────────────────────────────────────┤
│ Global Step:    1/250 │ Progress: ░░░░░░░░░░░░░░░░░░░░░░░░░░░░░░░░░░░░░░░░ │   0.4%                                  │
│ Elapsed: 01:40 │ ETA: 06:56:08 │ Step Time: 100.276s                                                                 │
├──────────────────────────────────────────────────────── Time ────────────────────────────────────────────────────────┤
│                                                                                                                      │
│actor/actor/compute_adv=4.68e-05       │actor/actor/recv_traj=98.527           │actor/actor/sync_model_to_rollout=1.1…│
│actor_training=0.013                   │cal_adv_and_returns=0.0054             │env/compute_bootstrap_rewards=0.0029  │
│env/env/bootstrap_step=34.280          │env/env/send_rollout_trajectories=0.671│env/env_interact_step=56.361          │
│env/interact=98.238                    │env/run_interact_once=96.967           │generate_rollouts=98.576              │
│rollout/generate_one_epoch=96.458      │rollout/rollout/generate=96.460        │rollout/sync_model_from_actor=1.627   │
│step=100.2                             │sync_weights=1.631                     │                                      │
│                                                                                                                      │
├──────────────────────────────────────────────────── Environment ─────────────────────────────────────────────────────┤
│                                                                                                                      │
│episode_len=200.0                      │num_trajectories=8                     │return=0.0                            │
│reward=0.0                             │success_once=0.0                       │                                      │
│                                                                                                                      │
├─────────────────────────────────────────────────── Replay Buffer ────────────────────────────────────────────────────┤
│                                                                                                                      │
│cache_size=80.000                      │num_trajectories=80.000                │total_samples=80.000                  │
│                                                                                                                      │
├─────────────────────────────────────────────────── Training/Other ───────────────────────────────────────────────────┤
│                                                                                                                      │
│replay/actor_switch_rate=0.0000        │replay/done_rate=0.050                 │replay/intervention_rate=0.0000       │
│replay/intervention_requested_rate=0.0…│replay/record_transition_rate=1.000    │replay/reward_mean=0.0000             │
│replay/reward_positive_rate=0.0000     │replay/transition_count=80.000         │rlt/actor_updates_run=0.0000          │
│rlt/critic_updates_run=0.0000          │rlt/desired_total_updates=0.0000       │rlt/global_min_replay_size=80.000     │
│rlt/global_total_transitions_added=160…│rlt/global_transitions_since_train=160…│rlt/max_updates_per_train_step=1600.0 │
│rlt/min_replay_buffer_size=10000.0     │rlt/pending_update_budget=0.0000       │rlt/ready_for_online=0.0000           │
│rlt/should_train=0.0000                │rlt/skip_reason=1.000                  │rlt/train_every_episodes=0.0000       │
│rlt/train_every_transitions=1.000      │rlt/update_epoch=5.000                 │rlt/update_step=0.0000                │
│rlt/updates_scheduled=0.0000           │rlt/updates_to_run=0.0000              │rlt/warmup_required_updates=3.00e+04  │
│                                                                                                                      │
╰──────────────────────────────────────────────────────────────────────────────────────────────────────────────────────╯

[36m(RolloutGroup(rank=0) pid=391539)[0m Generating Rollout Epochs:   0%|          | 0/1 [00:00<?, ?it/s]
[36m(RolloutGroup(rank=0) pid=391539)[0m Generating Rollout Epochs: 100%|██████████| 1/1 [01:33<00:00, 93.65s/it]Generating Rollout Epochs: 100%|██████████| 1/1 [01:33<00:00, 93.65s/it]

╭──────────────────────────────────────────────────────────────────────────────────────────────────────────────────────╮
├──────────────────────────────────────────────────── Metric Table ────────────────────────────────────────────────────┤
│ Global Step:    2/250 │ Progress: ░░░░░░░░░░░░░░░░░░░░░░░░░░░░░░░░░░░░░░░░ │   0.8%                                  │
│ Elapsed: 03:20 │ ETA: 06:54:13 │ Step Time: 100.214s                                                                 │
├──────────────────────────────────────────────────────── Time ────────────────────────────────────────────────────────┤
│                                                                                                                      │
│actor/actor/compute_adv=6.62e-05       │actor/actor/recv_traj=99.314           │actor/actor/sync_model_to_rollout=0.0…│
│actor_training=0.0057                  │cal_adv_and_returns=0.0055             │env/compute_bootstrap_rewards=0.0027  │
│env/env/bootstrap_step=38.349          │env/env/send_rollout_trajectories=0.528│env/env_interact_step=56.343          │
│env/interact=99.258                    │env/run_interact_once=98.415           │generate_rollouts=99.360              │
│rollout/generate_one_epoch=97.857      │rollout/rollout/generate=97.857        │rollout/sync_model_from_actor=0.740   │
│step=100.1                             │sync_weights=0.747                     │                                      │
│                                                                                                                      │
├──────────────────────────────────────────────────── Environment ─────────────────────────────────────────────────────┤
│                                                                                                                      │
│episode_len=200.0                      │num_trajectories=8                     │return=1.25                           │
│reward=0.00625                         │success_once=0.125                     │                                      │
│                                                                                                                      │
├─────────────────────────────────────────────────── Replay Buffer ────────────────────────────────────────────────────┤
│                                                                                                                      │
│cache_size=155.5                       │num_trajectories=155.5                 │total_samples=155.5                   │
│                                                                                                                      │
├─────────────────────────────────────────────────── Training/Other ───────────────────────────────────────────────────┤
│                                                                                                                      │
│replay/actor_switch_rate=0.0000        │replay/done_rate=0.053                 │replay/intervention_rate=0.0000       │
│replay/intervention_requested_rate=0.0…│replay/record_transition_rate=1.000    │replay/reward_mean=0.0070             │
│replay/reward_positive_rate=0.0070     │replay/transition_count=75.500         │rlt/actor_updates_run=0.0000          │
│rlt/critic_updates_run=0.0000          │rlt/desired_total_updates=0.0000       │rlt/global_min_replay_size=151.0      │
│rlt/global_total_transitions_added=311…│rlt/global_transitions_since_train=311…│rlt/max_updates_per_train_step=1600.0 │
│rlt/min_replay_buffer_size=10000.0     │rlt/pending_update_budget=0.0000       │rlt/ready_for_online=0.0000           │
│rlt/should_train=0.0000                │rlt/skip_reason=1.000                  │rlt/train_every_episodes=0.0000       │
│rlt/train_every_transitions=1.000      │rlt/update_epoch=5.000                 │rlt/update_step=0.0000                │
│rlt/updates_scheduled=0.0000           │rlt/updates_to_run=0.0000              │rlt/warmup_required_updates=3.00e+04  │
│                                                                                                                      │
╰──────────────────────────────────────────────────────────────────────────────────────────────────────────────────────╯

[36m(ActorGroup(rank=0) pid=391536)[0m /home/chenyiteng/venvs/rlinf-7d07-openpi-robotwin/lib/python3.11/site-packages/torch/distributed/c10d_logger.py:83: UserWarning: barrier(): using the device under current context. You can specify `device_id` in `init_process_group` to mute this warning.
[36m(ActorGroup(rank=0) pid=391536)[0m   return func(*args, **kwargs)
[36m(RolloutGroup(rank=0) pid=391539)[0m Generating Rollout Epochs:   0%|          | 0/1 [00:00<?, ?it/s]
[36m(RolloutGroup(rank=0) pid=391539)[0m Generating Rollout Epochs: 100%|██████████| 1/1 [01:32<00:00, 92.07s/it]Generating Rollout Epochs: 100%|██████████| 1/1 [01:32<00:00, 92.08s/it]

╭──────────────────────────────────────────────────────────────────────────────────────────────────────────────────────╮
├──────────────────────────────────────────────────── Metric Table ────────────────────────────────────────────────────┤
│ Global Step:    3/250 │ Progress: ░░░░░░░░░░░░░░░░░░░░░░░░░░░░░░░░░░░░░░░░ │   1.2%                                  │
│ Elapsed: 04:58 │ ETA: 06:50:16 │ Step Time: 99.664s                                                                  │
├──────────────────────────────────────────────────────── Time ────────────────────────────────────────────────────────┤
│                                                                                                                      │
│actor/actor/compute_adv=5.18e-05       │actor/actor/recv_traj=97.756           │actor/actor/sync_model_to_rollout=0.0…│
│actor_training=0.0062                  │cal_adv_and_returns=0.0055             │env/compute_bootstrap_rewards=0.0023  │
│env/env/bootstrap_step=37.028          │env/env/send_rollout_trajectories=0.478│env/env_interact_step=55.692          │
│env/interact=97.705                    │env/run_interact_once=96.806           │generate_rollouts=97.804              │
│rollout/generate_one_epoch=96.319      │rollout/rollout/generate=96.320        │rollout/sync_model_from_actor=0.715   │
│step=98.535                            │sync_weights=0.719                     │                                      │
│                                                                                                                      │
├──────────────────────────────────────────────────── Environment ─────────────────────────────────────────────────────┤
│                                                                                                                      │
│episode_len=200.0                      │num_trajectories=8                     │return=1.25                           │
│reward=0.00625                         │success_once=0.125                     │                                      │
│                                                                                                                      │
├─────────────────────────────────────────────────── Replay Buffer ────────────────────────────────────────────────────┤
│                                                                                                                      │
│cache_size=231.0                       │num_trajectories=231.0                 │total_samples=231.0                   │
│                                                                                                                      │
├─────────────────────────────────────────────────── Training/Other ───────────────────────────────────────────────────┤
│                                                                                                                      │
│replay/actor_switch_rate=0.0000        │replay/done_rate=0.053                 │replay/intervention_rate=0.0000       │
│replay/intervention_requested_rate=0.0…│replay/record_transition_rate=1.000    │replay/reward_mean=0.0070             │
│replay/reward_positive_rate=0.0070     │replay/transition_count=75.500         │rlt/actor_updates_run=0.0000          │
│rlt/critic_updates_run=0.0000          │rlt/desired_total_updates=0.0000       │rlt/global_min_replay_size=231.0      │
│rlt/global_total_transitions_added=462…│rlt/global_transitions_since_train=462…│rlt/max_updates_per_train_step=1600.0 │
│rlt/min_replay_buffer_size=10000.0     │rlt/pending_update_budget=0.0000       │rlt/ready_for_online=0.0000           │
│rlt/should_train=0.0000                │rlt/skip_reason=1.000                  │rlt/train_every_episodes=0.0000       │
│rlt/train_every_transitions=1.000      │rlt/update_epoch=5.000                 │rlt/update_step=0.0000                │
│rlt/updates_scheduled=0.0000           │rlt/updates_to_run=0.0000              │rlt/warmup_required_updates=3.00e+04  │
│                                                                                                                      │
╰──────────────────────────────────────────────────────────────────────────────────────────────────────────────────────╯

[36m(ActorGroup(rank=0) pid=391536)[0m /home/chenyiteng/venvs/rlinf-7d07-openpi-robotwin/lib/python3.11/site-packages/torch/distributed/c10d_logger.py:83: UserWarning: barrier(): using the device under current context. You can specify `device_id` in `init_process_group` to mute this warning.
[36m(ActorGroup(rank=0) pid=391536)[0m   return func(*args, **kwargs)
[36m(RolloutGroup(rank=0) pid=391539)[0m Generating Rollout Epochs:   0%|          | 0/1 [00:00<?, ?it/s]
[36m(RolloutGroup(rank=0) pid=391539)[0m Generating Rollout Epochs: 100%|██████████| 1/1 [01:29<00:00, 89.41s/it]Generating Rollout Epochs: 100%|██████████| 1/1 [01:29<00:00, 89.41s/it]
[36m(ActorGroup(rank=0) pid=391536)[0m /home/chenyiteng/venvs/rlinf-7d07-openpi-robotwin/lib/python3.11/site-packages/torch/distributed/c10d_logger.py:83: UserWarning: barrier(): using the device under current context. You can specify `device_id` in `init_process_group` to mute this warning.
[36m(ActorGroup(rank=0) pid=391536)[0m   return func(*args, **kwargs)

╭──────────────────────────────────────────────────────────────────────────────────────────────────────────────────────╮
├──────────────────────────────────────────────────── Metric Table ────────────────────────────────────────────────────┤
│ Global Step:    4/250 │ Progress: ░░░░░░░░░░░░░░░░░░░░░░░░░░░░░░░░░░░░░░░░ │   1.6%                                  │
│ Elapsed: 06:36 │ ETA: 06:46:28 │ Step Time: 99.141s                                                                  │
├──────────────────────────────────────────────────────── Time ────────────────────────────────────────────────────────┤
│                                                                                                                      │
│actor/actor/compute_adv=7.20e-05       │actor/actor/recv_traj=96.802           │actor/actor/sync_model_to_rollout=0.0…│
│actor_training=0.0064                  │cal_adv_and_returns=0.0062             │env/compute_bootstrap_rewards=0.0023  │
│env/env/bootstrap_step=36.587          │env/env/send_rollout_trajectories=0.483│env/env_interact_step=55.315          │
│env/interact=96.744                    │env/run_interact_once=95.828           │generate_rollouts=96.849              │
│rollout/generate_one_epoch=95.343      │rollout/rollout/generate=95.343        │rollout/sync_model_from_actor=0.679   │
│step=97.545                            │sync_weights=0.683                     │                                      │
│                                                                                                                      │
├──────────────────────────────────────────────────── Environment ─────────────────────────────────────────────────────┤
│                                                                                                                      │
│episode_len=200.0                      │num_trajectories=8                     │return=1.375                          │
│reward=0.006875                        │success_once=0.125                     │                                      │
│                                                                                                                      │
├─────────────────────────────────────────────────── Replay Buffer ────────────────────────────────────────────────────┤
│                                                                                                                      │
│cache_size=306.0                       │num_trajectories=306.0                 │total_samples=306.0                   │
│                                                                                                                      │
├─────────────────────────────────────────────────── Training/Other ───────────────────────────────────────────────────┤
│                                                                                                                      │
│replay/actor_switch_rate=0.0000        │replay/done_rate=0.054                 │replay/intervention_rate=0.0000       │
│replay/intervention_requested_rate=0.0…│replay/record_transition_rate=1.000    │replay/reward_mean=0.0071             │
│replay/reward_positive_rate=0.0071     │replay/transition_count=75.000         │rlt/actor_updates_run=0.0000          │
│rlt/critic_updates_run=0.0000          │rlt/desired_total_updates=0.0000       │rlt/global_min_replay_size=301.0      │
│rlt/global_total_transitions_added=612…│rlt/global_transitions_since_train=612…│rlt/max_updates_per_train_step=1600.0 │
│rlt/min_replay_buffer_size=10000.0     │rlt/pending_update_budget=0.0000       │rlt/ready_for_online=0.0000           │
│rlt/should_train=0.0000                │rlt/skip_reason=1.000                  │rlt/train_every_episodes=0.0000       │
│rlt/train_every_transitions=1.000      │rlt/update_epoch=5.000                 │rlt/update_step=0.0000                │
│rlt/updates_scheduled=0.0000           │rlt/updates_to_run=0.0000              │rlt/warmup_required_updates=3.00e+04  │
│                                                                                                                      │
╰──────────────────────────────────────────────────────────────────────────────────────────────────────────────────────╯

[36m(RolloutGroup(rank=0) pid=391539)[0m Generating Rollout Epochs:   0%|          | 0/1 [00:00<?, ?it/s]
[36m(RolloutGroup(rank=0) pid=391539)[0m Generating Rollout Epochs: 100%|██████████| 1/1 [01:32<00:00, 92.09s/it]Generating Rollout Epochs: 100%|██████████| 1/1 [01:32<00:00, 92.09s/it]

╭──────────────────────────────────────────────────────────────────────────────────────────────────────────────────────╮
├──────────────────────────────────────────────────── Metric Table ────────────────────────────────────────────────────┤
│ Global Step:    5/250 │ Progress: ░░░░░░░░░░░░░░░░░░░░░░░░░░░░░░░░░░░░░░░░ │   2.0%                                  │
│ Elapsed: 08:10 │ ETA: 06:40:56 │ Step Time: 98.190s                                                                  │
├──────────────────────────────────────────────────────── Time ────────────────────────────────────────────────────────┤
│                                                                                                                      │
│actor/actor/compute_adv=5.65e-05       │actor/actor/recv_traj=93.583           │actor/actor/sync_model_to_rollout=0.0…│
│actor_training=0.0057                  │cal_adv_and_returns=0.0054             │env/compute_bootstrap_rewards=0.0024  │
│env/env/bootstrap_step=36.869          │env/env/send_rollout_trajectories=0.475│env/env_interact_step=51.106          │
│env/interact=93.541                    │env/run_interact_once=92.578           │generate_rollouts=93.628              │
│rollout/generate_one_epoch=92.094      │rollout/rollout/generate=92.095        │rollout/sync_model_from_actor=0.716   │
│step=94.360                            │sync_weights=0.720                     │                                      │
│                                                                                                                      │
├──────────────────────────────────────────────────── Environment ─────────────────────────────────────────────────────┤
│                                                                                                                      │
│episode_len=200.0                      │num_trajectories=8                     │return=2.375                          │
│reward=0.011875                        │success_once=0.25                      │                                      │
│                                                                                                                      │
├─────────────────────────────────────────────────── Replay Buffer ────────────────────────────────────────────────────┤
│                                                                                                                      │
│cache_size=377.5                       │num_trajectories=377.5                 │total_samples=377.5                   │
│                                                                                                                      │
├─────────────────────────────────────────────────── Training/Other ───────────────────────────────────────────────────┤
│                                                                                                                      │
│replay/actor_switch_rate=0.0000        │replay/done_rate=0.056                 │replay/intervention_rate=0.0000       │
│replay/intervention_requested_rate=0.0…│replay/record_transition_rate=1.000    │replay/reward_mean=0.014              │
│replay/reward_positive_rate=0.014      │replay/transition_count=71.500         │rlt/actor_updates_run=0.0000          │
│rlt/critic_updates_run=0.0000          │rlt/desired_total_updates=0.0000       │rlt/global_min_replay_size=373.0      │
│rlt/global_total_transitions_added=755…│rlt/global_transitions_since_train=755…│rlt/max_updates_per_train_step=1600.0 │
│rlt/min_replay_buffer_size=10000.0     │rlt/pending_update_budget=0.0000       │rlt/ready_for_online=0.0000           │
│rlt/should_train=0.0000                │rlt/skip_reason=1.000                  │rlt/train_every_episodes=0.0000       │
│rlt/train_every_transitions=1.000      │rlt/update_epoch=5.000                 │rlt/update_step=0.0000                │
│rlt/updates_scheduled=0.0000           │rlt/updates_to_run=0.0000              │rlt/warmup_required_updates=3.00e+04  │
│                                                                                                                      │
╰──────────────────────────────────────────────────────────────────────────────────────────────────────────────────────╯

[36m(ActorGroup(rank=0) pid=391536)[0m /home/chenyiteng/venvs/rlinf-7d07-openpi-robotwin/lib/python3.11/site-packages/torch/distributed/c10d_logger.py:83: UserWarning: barrier(): using the device under current context. You can specify `device_id` in `init_process_group` to mute this warning.
[36m(ActorGroup(rank=0) pid=391536)[0m   return func(*args, **kwargs)
[36m(RolloutGroup(rank=0) pid=391539)[0m Generating Rollout Epochs:   0%|          | 0/1 [00:00<?, ?it/s]
[36m(RolloutGroup(rank=0) pid=391539)[0m Generating Rollout Epochs: 100%|██████████| 1/1 [01:37<00:00, 97.18s/it]Generating Rollout Epochs: 100%|██████████| 1/1 [01:37<00:00, 97.18s/it]

╭──────────────────────────────────────────────────────────────────────────────────────────────────────────────────────╮
├──────────────────────────────────────────────────── Metric Table ────────────────────────────────────────────────────┤
│ Global Step:    6/250 │ Progress: ░░░░░░░░░░░░░░░░░░░░░░░░░░░░░░░░░░░░░░░░ │   2.4%                                  │
│ Elapsed: 09:51 │ ETA: 06:40:43 │ Step Time: 98.540s                                                                  │
├──────────────────────────────────────────────────────── Time ────────────────────────────────────────────────────────┤
│                                                                                                                      │
│actor/actor/compute_adv=4.48e-05       │actor/actor/recv_traj=99.553           │actor/actor/sync_model_to_rollout=0.0…│
│actor_training=0.0058                  │cal_adv_and_returns=0.0052             │env/compute_bootstrap_rewards=0.0020  │
│env/env/bootstrap_step=38.269          │env/env/send_rollout_trajectories=0.484│env/env_interact_step=55.752          │
│env/interact=99.491                    │env/run_interact_once=98.419           │generate_rollouts=99.596              │
│rollout/generate_one_epoch=97.902      │rollout/rollout/generate=97.902        │rollout/sync_model_from_actor=0.651   │
│step=100.3                             │sync_weights=0.655                     │                                      │
│                                                                                                                      │
├──────────────────────────────────────────────────── Environment ─────────────────────────────────────────────────────┤
│                                                                                                                      │
│episode_len=200.0                      │num_trajectories=8                     │return=0.0                            │
│reward=0.0                             │success_once=0.0                       │                                      │
│                                                                                                                      │
├─────────────────────────────────────────────────── Replay Buffer ────────────────────────────────────────────────────┤
│                                                                                                                      │
│cache_size=457.5                       │num_trajectories=457.5                 │total_samples=457.5                   │
│                                                                                                                      │
├─────────────────────────────────────────────────── Training/Other ───────────────────────────────────────────────────┤
│                                                                                                                      │
│replay/actor_switch_rate=0.0000        │replay/done_rate=0.050                 │replay/intervention_rate=0.0000       │
│replay/intervention_requested_rate=0.0…│replay/record_transition_rate=1.000    │replay/reward_mean=0.0000             │
│replay/reward_positive_rate=0.0000     │replay/transition_count=80.000         │rlt/actor_updates_run=0.0000          │
│rlt/critic_updates_run=0.0000          │rlt/desired_total_updates=0.0000       │rlt/global_min_replay_size=453.0      │
│rlt/global_total_transitions_added=915…│rlt/global_transitions_since_train=915…│rlt/max_updates_per_train_step=1600.0 │
│rlt/min_replay_buffer_size=10000.0     │rlt/pending_update_budget=0.0000       │rlt/ready_for_online=0.0000           │
│rlt/should_train=0.0000                │rlt/skip_reason=1.000                  │rlt/train_every_episodes=0.0000       │
│rlt/train_every_transitions=1.000      │rlt/update_epoch=5.000                 │rlt/update_step=0.0000                │
│rlt/updates_scheduled=0.0000           │rlt/updates_to_run=0.0000              │rlt/warmup_required_updates=3.00e+04  │
│                                                                                                                      │
╰──────────────────────────────────────────────────────────────────────────────────────────────────────────────────────╯

[36m(ActorGroup(rank=0) pid=391536)[0m /home/chenyiteng/venvs/rlinf-7d07-openpi-robotwin/lib/python3.11/site-packages/torch/distributed/c10d_logger.py:83: UserWarning: barrier(): using the device under current context. You can specify `device_id` in `init_process_group` to mute this warning.
[36m(ActorGroup(rank=0) pid=391536)[0m   return func(*args, **kwargs)
[36m(RolloutGroup(rank=0) pid=391539)[0m Generating Rollout Epochs:   0%|          | 0/1 [00:00<?, ?it/s]
[36m(RolloutGroup(rank=0) pid=391539)[0m Generating Rollout Epochs: 100%|██████████| 1/1 [01:26<00:00, 86.73s/it]Generating Rollout Epochs: 100%|██████████| 1/1 [01:26<00:00, 86.73s/it]

╭──────────────────────────────────────────────────────────────────────────────────────────────────────────────────────╮
├──────────────────────────────────────────────────── Metric Table ────────────────────────────────────────────────────┤
│ Global Step:    7/250 │ Progress: █░░░░░░░░░░░░░░░░░░░░░░░░░░░░░░░░░░░░░░░ │   2.8%                                  │
│ Elapsed: 11:28 │ ETA: 06:38:28 │ Step Time: 98.389s                                                                  │
├──────────────────────────────────────────────────────── Time ────────────────────────────────────────────────────────┤
│                                                                                                                      │
│actor/actor/compute_adv=3.02e-05       │actor/actor/recv_traj=96.685           │actor/actor/sync_model_to_rollout=0.0…│
│actor_training=0.0036                  │cal_adv_and_returns=0.0023             │env/compute_bootstrap_rewards=0.0021  │
│env/env/bootstrap_step=33.157          │env/env/send_rollout_trajectories=0.498│env/env_interact_step=57.670          │
│env/interact=96.647                    │env/run_interact_once=95.913           │generate_rollouts=96.727              │
│rollout/generate_one_epoch=95.570      │rollout/rollout/generate=95.570        │rollout/sync_model_from_actor=0.720   │
│step=97.457                            │sync_weights=0.724                     │                                      │
│                                                                                                                      │
├──────────────────────────────────────────────────── Environment ─────────────────────────────────────────────────────┤
│                                                                                                                      │
│episode_len=200.0                      │num_trajectories=8                     │return=1.375                          │
│reward=0.006875                        │success_once=0.125                     │                                      │
│                                                                                                                      │
├─────────────────────────────────────────────────── Replay Buffer ────────────────────────────────────────────────────┤
│                                                                                                                      │
│cache_size=532.5                       │num_trajectories=532.5                 │total_samples=532.5                   │
│                                                                                                                      │
├─────────────────────────────────────────────────── Training/Other ───────────────────────────────────────────────────┤
│                                                                                                                      │
│replay/actor_switch_rate=0.0000        │replay/done_rate=0.054                 │replay/intervention_rate=0.0000       │
│replay/intervention_requested_rate=0.0…│replay/record_transition_rate=1.000    │replay/reward_mean=0.0071             │
│replay/reward_positive_rate=0.0071     │replay/transition_count=75.000         │rlt/actor_updates_run=0.0000          │
│rlt/critic_updates_run=0.0000          │rlt/desired_total_updates=0.0000       │rlt/global_min_replay_size=523.0      │
│rlt/global_total_transitions_added=106…│rlt/global_transitions_since_train=106…│rlt/max_updates_per_train_step=1600.0 │
│rlt/min_replay_buffer_size=10000.0     │rlt/pending_update_budget=0.0000       │rlt/ready_for_online=0.0000           │
│rlt/should_train=0.0000                │rlt/skip_reason=1.000                  │rlt/train_every_episodes=0.0000       │
│rlt/train_every_transitions=1.000      │rlt/update_epoch=5.000                 │rlt/update_step=0.0000                │
│rlt/updates_scheduled=0.0000           │rlt/updates_to_run=0.0000              │rlt/warmup_required_updates=3.00e+04  │
│                                                                                                                      │
╰──────────────────────────────────────────────────────────────────────────────────────────────────────────────────────╯

[36m(ActorGroup(rank=0) pid=391536)[0m /home/chenyiteng/venvs/rlinf-7d07-openpi-robotwin/lib/python3.11/site-packages/torch/distributed/c10d_logger.py:83: UserWarning: barrier(): using the device under current context. You can specify `device_id` in `init_process_group` to mute this warning.
[36m(ActorGroup(rank=0) pid=391536)[0m   return func(*args, **kwargs)
[36m(RolloutGroup(rank=0) pid=391539)[0m Generating Rollout Epochs:   0%|          | 0/1 [00:00<?, ?it/s]
[36m(RolloutGroup(rank=0) pid=391539)[0m Generating Rollout Epochs: 100%|██████████| 1/1 [01:27<00:00, 87.55s/it]Generating Rollout Epochs: 100%|██████████| 1/1 [01:27<00:00, 87.55s/it]

╭──────────────────────────────────────────────────────────────────────────────────────────────────────────────────────╮
├──────────────────────────────────────────────────── Metric Table ────────────────────────────────────────────────────┤
│ Global Step:    8/250 │ Progress: █░░░░░░░░░░░░░░░░░░░░░░░░░░░░░░░░░░░░░░░ │   3.2%                                  │
│ Elapsed: 12:58 │ ETA: 06:32:26 │ Step Time: 97.301s                                                                  │
├──────────────────────────────────────────────────────── Time ────────────────────────────────────────────────────────┤
│                                                                                                                      │
│actor/actor/compute_adv=9.21e-05       │actor/actor/recv_traj=89.043           │actor/actor/sync_model_to_rollout=0.0…│
│actor_training=0.0060                  │cal_adv_and_returns=0.0083             │env/compute_bootstrap_rewards=0.0021  │
│env/env/bootstrap_step=32.592          │env/env/send_rollout_trajectories=0.479│env/env_interact_step=50.609          │
│env/interact=88.999                    │env/run_interact_once=88.054           │generate_rollouts=89.086              │
│rollout/generate_one_epoch=87.548      │rollout/rollout/generate=87.549        │rollout/sync_model_from_actor=0.549   │
│step=89.653                            │sync_weights=0.551                     │                                      │
│                                                                                                                      │
├──────────────────────────────────────────────────── Environment ─────────────────────────────────────────────────────┤
│                                                                                                                      │
│episode_len=200.0                      │num_trajectories=8                     │return=2.25                           │
│reward=0.01125                         │success_once=0.25                      │                                      │
│                                                                                                                      │
├─────────────────────────────────────────────────── Replay Buffer ────────────────────────────────────────────────────┤
│                                                                                                                      │
│cache_size=604.5                       │num_trajectories=604.5                 │total_samples=604.5                   │
│                                                                                                                      │
├─────────────────────────────────────────────────── Training/Other ───────────────────────────────────────────────────┤
│                                                                                                                      │
│replay/actor_switch_rate=0.0000        │replay/done_rate=0.056                 │replay/intervention_rate=0.0000       │
│replay/intervention_requested_rate=0.0…│replay/record_transition_rate=1.000    │replay/reward_mean=0.014              │
│replay/reward_positive_rate=0.014      │replay/transition_count=72.000         │rlt/actor_updates_run=0.0000          │
│rlt/critic_updates_run=0.0000          │rlt/desired_total_updates=0.0000       │rlt/global_min_replay_size=594.0      │
│rlt/global_total_transitions_added=120…│rlt/global_transitions_since_train=120…│rlt/max_updates_per_train_step=1600.0 │
│rlt/min_replay_buffer_size=10000.0     │rlt/pending_update_budget=0.0000       │rlt/ready_for_online=0.0000           │
│rlt/should_train=0.0000                │rlt/skip_reason=1.000                  │rlt/train_every_episodes=0.0000       │
│rlt/train_every_transitions=1.000      │rlt/update_epoch=5.000                 │rlt/update_step=0.0000                │
│rlt/updates_scheduled=0.0000           │rlt/updates_to_run=0.0000              │rlt/warmup_required_updates=3.00e+04  │
│                                                                                                                      │
╰──────────────────────────────────────────────────────────────────────────────────────────────────────────────────────╯

[36m(ActorGroup(rank=0) pid=391536)[0m /home/chenyiteng/venvs/rlinf-7d07-openpi-robotwin/lib/python3.11/site-packages/torch/distributed/c10d_logger.py:83: UserWarning: barrier(): using the device under current context. You can specify `device_id` in `init_process_group` to mute this warning.
[36m(ActorGroup(rank=0) pid=391536)[0m   return func(*args, **kwargs)
[36m(RolloutGroup(rank=0) pid=391539)[0m Generating Rollout Epochs:   0%|          | 0/1 [00:00<?, ?it/s]
[36m(RolloutGroup(rank=0) pid=391539)[0m Generating Rollout Epochs: 100%|██████████| 1/1 [01:30<00:00, 90.41s/it]Generating Rollout Epochs: 100%|██████████| 1/1 [01:30<00:00, 90.41s/it]

╭──────────────────────────────────────────────────────────────────────────────────────────────────────────────────────╮
├──────────────────────────────────────────────────── Metric Table ────────────────────────────────────────────────────┤
│ Global Step:    9/250 │ Progress: █░░░░░░░░░░░░░░░░░░░░░░░░░░░░░░░░░░░░░░░ │   3.6%                                  │
│ Elapsed: 14:32 │ ETA: 06:29:35 │ Step Time: 96.996s                                                                  │
├──────────────────────────────────────────────────────── Time ────────────────────────────────────────────────────────┤
│                                                                                                                      │
│actor/actor/compute_adv=4.83e-05       │actor/actor/recv_traj=93.753           │actor/actor/sync_model_to_rollout=0.0…│
│actor_training=0.0060                  │cal_adv_and_returns=0.0057             │env/compute_bootstrap_rewards=0.0022  │
│env/env/bootstrap_step=37.389          │env/env/send_rollout_trajectories=0.516│env/env_interact_step=50.185          │
│env/interact=93.698                    │env/run_interact_once=92.729           │generate_rollouts=93.801              │
│rollout/generate_one_epoch=92.180      │rollout/rollout/generate=92.181        │rollout/sync_model_from_actor=0.707   │
│step=94.524                            │sync_weights=0.710                     │                                      │
│                                                                                                                      │
├──────────────────────────────────────────────────── Environment ─────────────────────────────────────────────────────┤
│                                                                                                                      │
│episode_len=200.0                      │num_trajectories=8                     │return=2.5                            │
│reward=0.0125                          │success_once=0.25                      │                                      │
│                                                                                                                      │
├─────────────────────────────────────────────────── Replay Buffer ────────────────────────────────────────────────────┤
│                                                                                                                      │
│cache_size=675.5                       │num_trajectories=675.5                 │total_samples=675.5                   │
│                                                                                                                      │
├─────────────────────────────────────────────────── Training/Other ───────────────────────────────────────────────────┤
│                                                                                                                      │
│replay/actor_switch_rate=0.0000        │replay/done_rate=0.056                 │replay/intervention_rate=0.0000       │
│replay/intervention_requested_rate=0.0…│replay/record_transition_rate=1.000    │replay/reward_mean=0.014              │
│replay/reward_positive_rate=0.014      │replay/transition_count=71.000         │rlt/actor_updates_run=0.0000          │
│rlt/critic_updates_run=0.0000          │rlt/desired_total_updates=0.0000       │rlt/global_min_replay_size=665.0      │
│rlt/global_total_transitions_added=135…│rlt/global_transitions_since_train=135…│rlt/max_updates_per_train_step=1600.0 │
│rlt/min_replay_buffer_size=10000.0     │rlt/pending_update_budget=0.0000       │rlt/ready_for_online=0.0000           │
│rlt/should_train=0.0000                │rlt/skip_reason=1.000                  │rlt/train_every_episodes=0.0000       │
│rlt/train_every_transitions=1.000      │rlt/update_epoch=5.000                 │rlt/update_step=0.0000                │
│rlt/updates_scheduled=0.0000           │rlt/updates_to_run=0.0000              │rlt/warmup_required_updates=3.00e+04  │
│                                                                                                                      │
╰──────────────────────────────────────────────────────────────────────────────────────────────────────────────────────╯

[36m(ActorGroup(rank=0) pid=391536)[0m /home/chenyiteng/venvs/rlinf-7d07-openpi-robotwin/lib/python3.11/site-packages/torch/distributed/c10d_logger.py:83: UserWarning: barrier(): using the device under current context. You can specify `device_id` in `init_process_group` to mute this warning.
[36m(ActorGroup(rank=0) pid=391536)[0m   return func(*args, **kwargs)
[36m(RolloutGroup(rank=0) pid=391539)[0m Generating Rollout Epochs:   0%|          | 0/1 [00:00<?, ?it/s]
[36m(RolloutGroup(rank=0) pid=391539)[0m Generating Rollout Epochs: 100%|██████████| 1/1 [01:37<00:00, 97.29s/it]Generating Rollout Epochs: 100%|██████████| 1/1 [01:37<00:00, 97.29s/it]
[36m(ActorGroup(rank=0) pid=391536)[0m /home/chenyiteng/venvs/rlinf-7d07-openpi-robotwin/lib/python3.11/site-packages/torch/distributed/c10d_logger.py:83: UserWarning: barrier(): using the device under current context. You can specify `device_id` in `init_process_group` to mute this warning.
[36m(ActorGroup(rank=0) pid=391536)[0m   return func(*args, **kwargs)

╭──────────────────────────────────────────────────────────────────────────────────────────────────────────────────────╮
├──────────────────────────────────────────────────── Metric Table ────────────────────────────────────────────────────┤
│ Global Step:   10/250 │ Progress: █░░░░░░░░░░░░░░░░░░░░░░░░░░░░░░░░░░░░░░░ │   4.0%                                  │
│ Elapsed: 16:12 │ ETA: 06:29:00 │ Step Time: 97.252s                                                                  │
├──────────────────────────────────────────────────────── Time ────────────────────────────────────────────────────────┤
│                                                                                                                      │
│actor/actor/compute_adv=9.97e-05       │actor/actor/recv_traj=98.754           │actor/actor/sync_model_to_rollout=0.0…│
│actor_training=0.0061                  │cal_adv_and_returns=0.0059             │env/compute_bootstrap_rewards=0.0024  │
│env/env/bootstrap_step=37.739          │env/env/send_rollout_trajectories=0.534│env/env_interact_step=55.051          │
│env/interact=98.711                    │env/run_interact_once=97.786           │generate_rollouts=98.806              │
│rollout/generate_one_epoch=97.286      │rollout/rollout/generate=97.287        │rollout/sync_model_from_actor=0.713   │
│step=99.535                            │sync_weights=0.717                     │                                      │
│                                                                                                                      │
├──────────────────────────────────────────────────── Environment ─────────────────────────────────────────────────────┤
│                                                                                                                      │
│episode_len=200.0                      │num_trajectories=8                     │return=0.0                            │
│reward=0.0                             │success_once=0.0                       │                                      │
│                                                                                                                      │
├─────────────────────────────────────────────────── Replay Buffer ────────────────────────────────────────────────────┤
│                                                                                                                      │
│cache_size=755.5                       │num_trajectories=755.5                 │total_samples=755.5                   │
│                                                                                                                      │
├─────────────────────────────────────────────────── Training/Other ───────────────────────────────────────────────────┤
│                                                                                                                      │
│replay/actor_switch_rate=0.0000        │replay/done_rate=0.050                 │replay/intervention_rate=0.0000       │
│replay/intervention_requested_rate=0.0…│replay/record_transition_rate=1.000    │replay/reward_mean=0.0000             │
│replay/reward_positive_rate=0.0000     │replay/transition_count=80.000         │rlt/actor_updates_run=0.0000          │
│rlt/critic_updates_run=0.0000          │rlt/desired_total_updates=0.0000       │rlt/global_min_replay_size=745.0      │
│rlt/global_total_transitions_added=151…│rlt/global_transitions_since_train=151…│rlt/max_updates_per_train_step=1600.0 │
│rlt/min_replay_buffer_size=10000.0     │rlt/pending_update_budget=0.0000       │rlt/ready_for_online=0.0000           │
│rlt/should_train=0.0000                │rlt/skip_reason=1.000                  │rlt/train_every_episodes=0.0000       │
│rlt/train_every_transitions=1.000      │rlt/update_epoch=5.000                 │rlt/update_step=0.0000                │
│rlt/updates_scheduled=0.0000           │rlt/updates_to_run=0.0000              │rlt/warmup_required_updates=3.00e+04  │
│                                                                                                                      │
╰──────────────────────────────────────────────────────────────────────────────────────────────────────────────────────╯

[36m(RolloutGroup(rank=0) pid=391539)[0m Generating Rollout Epochs:   0%|          | 0/1 [00:00<?, ?it/s]
[36m(RolloutGroup(rank=0) pid=391539)[0m Generating Rollout Epochs: 100%|██████████| 1/1 [01:37<00:00, 97.81s/it]Generating Rollout Epochs: 100%|██████████| 1/1 [01:37<00:00, 97.81s/it]

╭──────────────────────────────────────────────────────────────────────────────────────────────────────────────────────╮
├──────────────────────────────────────────────────── Metric Table ────────────────────────────────────────────────────┤
│ Global Step:   11/250 │ Progress: █░░░░░░░░░░░░░░░░░░░░░░░░░░░░░░░░░░░░░░░ │   4.4%                                  │
│ Elapsed: 17:52 │ ETA: 06:28:27 │ Step Time: 97.521s                                                                  │
├──────────────────────────────────────────────────────── Time ────────────────────────────────────────────────────────┤
│                                                                                                                      │
│actor/actor/compute_adv=4.44e-05       │actor/actor/recv_traj=99.350           │actor/actor/sync_model_to_rollout=0.0…│
│actor_training=0.0061                  │cal_adv_and_returns=0.0054             │env/compute_bootstrap_rewards=0.0024  │
│env/env/bootstrap_step=38.534          │env/env/send_rollout_trajectories=0.506│env/env_interact_step=55.500          │
│env/interact=99.310                    │env/run_interact_once=98.332           │generate_rollouts=99.412              │
│rollout/generate_one_epoch=97.807      │rollout/rollout/generate=97.808        │rollout/sync_model_from_actor=0.746   │
│step=100.2                             │sync_weights=0.750                     │                                      │
│                                                                                                                      │
├──────────────────────────────────────────────────── Environment ─────────────────────────────────────────────────────┤
│                                                                                                                      │
│episode_len=200.0                      │num_trajectories=8                     │return=1.0                            │
│reward=0.005                           │success_once=0.125                     │                                      │
│                                                                                                                      │
├─────────────────────────────────────────────────── Replay Buffer ────────────────────────────────────────────────────┤
│                                                                                                                      │
│cache_size=832.0                       │num_trajectories=832.0                 │total_samples=832.0                   │
│                                                                                                                      │
├─────────────────────────────────────────────────── Training/Other ───────────────────────────────────────────────────┤
│                                                                                                                      │
│replay/actor_switch_rate=0.0000        │replay/done_rate=0.052                 │replay/intervention_rate=0.0000       │
│replay/intervention_requested_rate=0.0…│replay/record_transition_rate=1.000    │replay/reward_mean=0.0068             │
│replay/reward_positive_rate=0.0068     │replay/transition_count=76.500         │rlt/actor_updates_run=0.0000          │
│rlt/critic_updates_run=0.0000          │rlt/desired_total_updates=0.0000       │rlt/global_min_replay_size=818.0      │
│rlt/global_total_transitions_added=166…│rlt/global_transitions_since_train=166…│rlt/max_updates_per_train_step=1600.0 │
│rlt/min_replay_buffer_size=10000.0     │rlt/pending_update_budget=0.0000       │rlt/ready_for_online=0.0000           │
│rlt/should_train=0.0000                │rlt/skip_reason=1.000                  │rlt/train_every_episodes=0.0000       │
│rlt/train_every_transitions=1.000      │rlt/update_epoch=5.000                 │rlt/update_step=0.0000                │
│rlt/updates_scheduled=0.0000           │rlt/updates_to_run=0.0000              │rlt/warmup_required_updates=3.00e+04  │
│                                                                                                                      │
╰──────────────────────────────────────────────────────────────────────────────────────────────────────────────────────╯

[36m(ActorGroup(rank=0) pid=391536)[0m /home/chenyiteng/venvs/rlinf-7d07-openpi-robotwin/lib/python3.11/site-packages/torch/distributed/c10d_logger.py:83: UserWarning: barrier(): using the device under current context. You can specify `device_id` in `init_process_group` to mute this warning.
[36m(ActorGroup(rank=0) pid=391536)[0m   return func(*args, **kwargs)
[36m(RolloutGroup(rank=0) pid=391539)[0m Generating Rollout Epochs:   0%|          | 0/1 [00:00<?, ?it/s]
[36m(RolloutGroup(rank=0) pid=391539)[0m Generating Rollout Epochs: 100%|██████████| 1/1 [01:37<00:00, 97.15s/it]Generating Rollout Epochs: 100%|██████████| 1/1 [01:37<00:00, 97.15s/it]

╭──────────────────────────────────────────────────────────────────────────────────────────────────────────────────────╮
├──────────────────────────────────────────────────── Metric Table ────────────────────────────────────────────────────┤
│ Global Step:   12/250 │ Progress: █░░░░░░░░░░░░░░░░░░░░░░░░░░░░░░░░░░░░░░░ │   4.8%                                  │
│ Elapsed: 19:32 │ ETA: 06:27:28 │ Step Time: 97.682s                                                                  │
├──────────────────────────────────────────────────────── Time ────────────────────────────────────────────────────────┤
│                                                                                                                      │
│actor/actor/compute_adv=4.67e-05       │actor/actor/recv_traj=98.610           │actor/actor/sync_model_to_rollout=0.0…│
│actor_training=0.0050                  │cal_adv_and_returns=0.0053             │env/compute_bootstrap_rewards=0.0019  │
│env/env/bootstrap_step=36.872          │env/env/send_rollout_trajectories=0.515│env/env_interact_step=56.483          │
│env/interact=98.563                    │env/run_interact_once=97.652           │generate_rollouts=98.656              │
│rollout/generate_one_epoch=97.152      │rollout/rollout/generate=97.153        │rollout/sync_model_from_actor=0.750   │
│step=99.423                            │sync_weights=0.755                     │                                      │
│                                                                                                                      │
├──────────────────────────────────────────────────── Environment ─────────────────────────────────────────────────────┤
│                                                                                                                      │
│episode_len=200.0                      │num_trajectories=8                     │return=0.0                            │
│reward=0.0                             │success_once=0.0                       │                                      │
│                                                                                                                      │
├─────────────────────────────────────────────────── Replay Buffer ────────────────────────────────────────────────────┤
│                                                                                                                      │
│cache_size=912.0                       │num_trajectories=912.0                 │total_samples=912.0                   │
│                                                                                                                      │
├─────────────────────────────────────────────────── Training/Other ───────────────────────────────────────────────────┤
│                                                                                                                      │
│replay/actor_switch_rate=0.0000        │replay/done_rate=0.050                 │replay/intervention_rate=0.0000       │
│replay/intervention_requested_rate=0.0…│replay/record_transition_rate=1.000    │replay/reward_mean=0.0000             │
│replay/reward_positive_rate=0.0000     │replay/transition_count=80.000         │rlt/actor_updates_run=0.0000          │
│rlt/critic_updates_run=0.0000          │rlt/desired_total_updates=0.0000       │rlt/global_min_replay_size=898.0      │
│rlt/global_total_transitions_added=182…│rlt/global_transitions_since_train=182…│rlt/max_updates_per_train_step=1600.0 │
│rlt/min_replay_buffer_size=10000.0     │rlt/pending_update_budget=0.0000       │rlt/ready_for_online=0.0000           │
│rlt/should_train=0.0000                │rlt/skip_reason=1.000                  │rlt/train_every_episodes=0.0000       │
│rlt/train_every_transitions=1.000      │rlt/update_epoch=5.000                 │rlt/update_step=0.0000                │
│rlt/updates_scheduled=0.0000           │rlt/updates_to_run=0.0000              │rlt/warmup_required_updates=3.00e+04  │
│                                                                                                                      │
╰──────────────────────────────────────────────────────────────────────────────────────────────────────────────────────╯

[36m(ActorGroup(rank=0) pid=391536)[0m /home/chenyiteng/venvs/rlinf-7d07-openpi-robotwin/lib/python3.11/site-packages/torch/distributed/c10d_logger.py:83: UserWarning: barrier(): using the device under current context. You can specify `device_id` in `init_process_group` to mute this warning.
[36m(ActorGroup(rank=0) pid=391536)[0m   return func(*args, **kwargs)
[36m(RolloutGroup(rank=0) pid=391539)[0m Generating Rollout Epochs:   0%|          | 0/1 [00:00<?, ?it/s]
[36m(RolloutGroup(rank=0) pid=391539)[0m Generating Rollout Epochs: 100%|██████████| 1/1 [01:38<00:00, 98.03s/it]Generating Rollout Epochs: 100%|██████████| 1/1 [01:38<00:00, 98.03s/it]

╭──────────────────────────────────────────────────────────────────────────────────────────────────────────────────────╮
├──────────────────────────────────────────────────── Metric Table ────────────────────────────────────────────────────┤
│ Global Step:   13/250 │ Progress: ██░░░░░░░░░░░░░░░░░░░░░░░░░░░░░░░░░░░░░░ │   5.2%                                  │
│ Elapsed: 21:12 │ ETA: 06:26:39 │ Step Time: 97.887s                                                                  │
├──────────────────────────────────────────────────────── Time ────────────────────────────────────────────────────────┤
│                                                                                                                      │
│actor/actor/compute_adv=4.49e-05       │actor/actor/recv_traj=99.542           │actor/actor/sync_model_to_rollout=0.0…│
│actor_training=0.0062                  │cal_adv_and_returns=0.0064             │env/compute_bootstrap_rewards=0.0022  │
│env/env/bootstrap_step=36.963          │env/env/send_rollout_trajectories=0.480│env/env_interact_step=56.535          │
│env/interact=99.493                    │env/run_interact_once=98.527           │generate_rollouts=99.587              │
│rollout/generate_one_epoch=98.029      │rollout/rollout/generate=98.030        │rollout/sync_model_from_actor=0.711   │
│step=100.3                             │sync_weights=0.716                     │                                      │
│                                                                                                                      │
├──────────────────────────────────────────────────── Environment ─────────────────────────────────────────────────────┤
│                                                                                                                      │
│episode_len=200.0                      │num_trajectories=8                     │return=0.0                            │
│reward=0.0                             │success_once=0.0                       │                                      │
│                                                                                                                      │
├─────────────────────────────────────────────────── Replay Buffer ────────────────────────────────────────────────────┤
│                                                                                                                      │
│cache_size=992.0                       │num_trajectories=992.0                 │total_samples=992.0                   │
│                                                                                                                      │
├─────────────────────────────────────────────────── Training/Other ───────────────────────────────────────────────────┤
│                                                                                                                      │
│replay/actor_switch_rate=0.0000        │replay/done_rate=0.050                 │replay/intervention_rate=0.0000       │
│replay/intervention_requested_rate=0.0…│replay/record_transition_rate=1.000    │replay/reward_mean=0.0000             │
│replay/reward_positive_rate=0.0000     │replay/transition_count=80.000         │rlt/actor_updates_run=0.0000          │
│rlt/critic_updates_run=0.0000          │rlt/desired_total_updates=0.0000       │rlt/global_min_replay_size=978.0      │
│rlt/global_total_transitions_added=198…│rlt/global_transitions_since_train=198…│rlt/max_updates_per_train_step=1600.0 │
│rlt/min_replay_buffer_size=10000.0     │rlt/pending_update_budget=0.0000       │rlt/ready_for_online=0.0000           │
│rlt/should_train=0.0000                │rlt/skip_reason=1.000                  │rlt/train_every_episodes=0.0000       │
│rlt/train_every_transitions=1.000      │rlt/update_epoch=5.000                 │rlt/update_step=0.0000                │
│rlt/updates_scheduled=0.0000           │rlt/updates_to_run=0.0000              │rlt/warmup_required_updates=3.00e+04  │
│                                                                                                                      │
╰──────────────────────────────────────────────────────────────────────────────────────────────────────────────────────╯

[36m(ActorGroup(rank=0) pid=391536)[0m /home/chenyiteng/venvs/rlinf-7d07-openpi-robotwin/lib/python3.11/site-packages/torch/distributed/c10d_logger.py:83: UserWarning: barrier(): using the device under current context. You can specify `device_id` in `init_process_group` to mute this warning.
[36m(ActorGroup(rank=0) pid=391536)[0m   return func(*args, **kwargs)
[36m(RolloutGroup(rank=0) pid=391539)[0m Generating Rollout Epochs:   0%|          | 0/1 [00:00<?, ?it/s]
[36m(RolloutGroup(rank=0) pid=391539)[0m Generating Rollout Epochs: 100%|██████████| 1/1 [01:35<00:00, 95.29s/it]Generating Rollout Epochs: 100%|██████████| 1/1 [01:35<00:00, 95.29s/it]

╭──────────────────────────────────────────────────────────────────────────────────────────────────────────────────────╮
├──────────────────────────────────────────────────── Metric Table ────────────────────────────────────────────────────┤
│ Global Step:   14/250 │ Progress: ██░░░░░░░░░░░░░░░░░░░░░░░░░░░░░░░░░░░░░░ │   5.6%                                  │
│ Elapsed: 22:50 │ ETA: 06:24:58 │ Step Time: 97.875s                                                                  │
├──────────────────────────────────────────────────────── Time ────────────────────────────────────────────────────────┤
│                                                                                                                      │
│actor/actor/compute_adv=4.09e-05       │actor/actor/recv_traj=96.888           │actor/actor/sync_model_to_rollout=0.0…│
│actor_training=0.0058                  │cal_adv_and_returns=0.0054             │env/compute_bootstrap_rewards=0.0022  │
│env/env/bootstrap_step=38.900          │env/env/send_rollout_trajectories=0.508│env/env_interact_step=51.838          │
│env/interact=96.836                    │env/run_interact_once=95.830           │generate_rollouts=96.936              │
│rollout/generate_one_epoch=95.290      │rollout/rollout/generate=95.292        │rollout/sync_model_from_actor=0.725   │
│step=97.677                            │sync_weights=0.729                     │                                      │
│                                                                                                                      │
├──────────────────────────────────────────────────── Environment ─────────────────────────────────────────────────────┤
│                                                                                                                      │
│episode_len=200.0                      │num_trajectories=8                     │return=2.5                            │
│reward=0.0125                          │success_once=0.25                      │                                      │
│                                                                                                                      │
├─────────────────────────────────────────────────── Replay Buffer ────────────────────────────────────────────────────┤
│                                                                                                                      │
│cache_size=1063.0                      │num_trajectories=1063.0                │total_samples=1063.0                  │
│                                                                                                                      │
├─────────────────────────────────────────────────── Training/Other ───────────────────────────────────────────────────┤
│                                                                                                                      │
│replay/actor_switch_rate=0.0000        │replay/done_rate=0.056                 │replay/intervention_rate=0.0000       │
│replay/intervention_requested_rate=0.0…│replay/record_transition_rate=1.000    │replay/reward_mean=0.014              │
│replay/reward_positive_rate=0.014      │replay/transition_count=71.000         │rlt/actor_updates_run=0.0000          │
│rlt/critic_updates_run=0.0000          │rlt/desired_total_updates=0.0000       │rlt/global_min_replay_size=1049.0     │
│rlt/global_total_transitions_added=212…│rlt/global_transitions_since_train=212…│rlt/max_updates_per_train_step=1600.0 │
│rlt/min_replay_buffer_size=10000.0     │rlt/pending_update_budget=0.0000       │rlt/ready_for_online=0.0000           │
│rlt/should_train=0.0000                │rlt/skip_reason=1.000                  │rlt/train_every_episodes=0.0000       │
│rlt/train_every_transitions=1.000      │rlt/update_epoch=5.000                 │rlt/update_step=0.0000                │
│rlt/updates_scheduled=0.0000           │rlt/updates_to_run=0.0000              │rlt/warmup_required_updates=3.00e+04  │
│                                                                                                                      │
╰──────────────────────────────────────────────────────────────────────────────────────────────────────────────────────╯

[36m(ActorGroup(rank=0) pid=391536)[0m /home/chenyiteng/venvs/rlinf-7d07-openpi-robotwin/lib/python3.11/site-packages/torch/distributed/c10d_logger.py:83: UserWarning: barrier(): using the device under current context. You can specify `device_id` in `init_process_group` to mute this warning.
[36m(ActorGroup(rank=0) pid=391536)[0m   return func(*args, **kwargs)
[36m(RolloutGroup(rank=0) pid=391539)[0m Generating Rollout Epochs:   0%|          | 0/1 [00:00<?, ?it/s]
[36m(RolloutGroup(rank=0) pid=391539)[0m Generating Rollout Epochs: 100%|██████████| 1/1 [01:30<00:00, 90.99s/it]Generating Rollout Epochs: 100%|██████████| 1/1 [01:30<00:00, 90.99s/it]

╭──────────────────────────────────────────────────────────────────────────────────────────────────────────────────────╮
├──────────────────────────────────────────────────── Metric Table ────────────────────────────────────────────────────┤
│ Global Step:   15/250 │ Progress: ██░░░░░░░░░░░░░░░░░░░░░░░░░░░░░░░░░░░░░░ │   6.0%                                  │
│ Elapsed: 24:22 │ ETA: 06:22:00 │ Step Time: 97.533s                                                                  │
├──────────────────────────────────────────────────────── Time ────────────────────────────────────────────────────────┤
│                                                                                                                      │
│actor/actor/compute_adv=6.98e-05       │actor/actor/recv_traj=91.965           │actor/actor/sync_model_to_rollout=0.0…│
│actor_training=0.0036                  │cal_adv_and_returns=0.0037             │env/compute_bootstrap_rewards=0.0014  │
│env/env/bootstrap_step=37.846          │env/env/send_rollout_trajectories=0.330│env/env_interact_step=49.422          │
│env/interact=91.931                    │env/run_interact_once=91.326           │generate_rollouts=92.009              │
│rollout/generate_one_epoch=90.989      │rollout/rollout/generate=90.990        │rollout/sync_model_from_actor=0.712   │
│step=92.733                            │sync_weights=0.716                     │                                      │
│                                                                                                                      │
├──────────────────────────────────────────────────── Environment ─────────────────────────────────────────────────────┤
│                                                                                                                      │
│episode_len=200.0                      │num_trajectories=8                     │return=3.625                          │
│reward=0.018125001                     │success_once=0.375                     │                                      │
│                                                                                                                      │
├─────────────────────────────────────────────────── Replay Buffer ────────────────────────────────────────────────────┤
│                                                                                                                      │
│cache_size=1130.0                      │num_trajectories=1130.0                │total_samples=1130.0                  │
│                                                                                                                      │
├─────────────────────────────────────────────────── Training/Other ───────────────────────────────────────────────────┤
│                                                                                                                      │
│replay/actor_switch_rate=0.0000        │replay/done_rate=0.060                 │replay/intervention_rate=0.0000       │
│replay/intervention_requested_rate=0.0…│replay/record_transition_rate=1.000    │replay/reward_mean=0.023              │
│replay/reward_positive_rate=0.023      │replay/transition_count=67.000         │rlt/actor_updates_run=0.0000          │
│rlt/critic_updates_run=0.0000          │rlt/desired_total_updates=0.0000       │rlt/global_min_replay_size=1111.0     │
│rlt/global_total_transitions_added=226…│rlt/global_transitions_since_train=226…│rlt/max_updates_per_train_step=1600.0 │
│rlt/min_replay_buffer_size=10000.0     │rlt/pending_update_budget=0.0000       │rlt/ready_for_online=0.0000           │
│rlt/should_train=0.0000                │rlt/skip_reason=1.000                  │rlt/train_every_episodes=0.0000       │
│rlt/train_every_transitions=1.000      │rlt/update_epoch=5.000                 │rlt/update_step=0.0000                │
│rlt/updates_scheduled=0.0000           │rlt/updates_to_run=0.0000              │rlt/warmup_required_updates=3.00e+04  │
│                                                                                                                      │
╰──────────────────────────────────────────────────────────────────────────────────────────────────────────────────────╯

[36m(ActorGroup(rank=0) pid=391536)[0m /home/chenyiteng/venvs/rlinf-7d07-openpi-robotwin/lib/python3.11/site-packages/torch/distributed/c10d_logger.py:83: UserWarning: barrier(): using the device under current context. You can specify `device_id` in `init_process_group` to mute this warning.
[36m(ActorGroup(rank=0) pid=391536)[0m   return func(*args, **kwargs)
[36m(RolloutGroup(rank=0) pid=391539)[0m Generating Rollout Epochs:   0%|          | 0/1 [00:00<?, ?it/s]
[36m(RolloutGroup(rank=0) pid=391539)[0m Generating Rollout Epochs: 100%|██████████| 1/1 [01:34<00:00, 94.19s/it]Generating Rollout Epochs: 100%|██████████| 1/1 [01:34<00:00, 94.19s/it]

╭──────────────────────────────────────────────────────────────────────────────────────────────────────────────────────╮
├──────────────────────────────────────────────────── Metric Table ────────────────────────────────────────────────────┤
│ Global Step:   16/250 │ Progress: ██░░░░░░░░░░░░░░░░░░░░░░░░░░░░░░░░░░░░░░ │   6.4%                                  │
│ Elapsed: 25:59 │ ETA: 06:20:03 │ Step Time: 97.449s                                                                  │
├──────────────────────────────────────────────────────── Time ────────────────────────────────────────────────────────┤
│                                                                                                                      │
│actor/actor/compute_adv=4.24e-05       │actor/actor/recv_traj=95.625           │actor/actor/sync_model_to_rollout=0.0…│
│actor_training=0.0057                  │cal_adv_and_returns=0.0054             │env/compute_bootstrap_rewards=0.0020  │
│env/env/bootstrap_step=34.239          │env/env/send_rollout_trajectories=0.479│env/env_interact_step=55.491          │
│env/interact=95.582                    │env/run_interact_once=94.698           │generate_rollouts=95.676              │
│rollout/generate_one_epoch=94.193      │rollout/rollout/generate=94.194        │rollout/sync_model_from_actor=0.474   │
│step=96.165                            │sync_weights=0.477                     │                                      │
│                                                                                                                      │
├──────────────────────────────────────────────────── Environment ─────────────────────────────────────────────────────┤
│                                                                                                                      │
│episode_len=200.0                      │num_trajectories=8                     │return=0.0                            │
│reward=0.0                             │success_once=0.0                       │                                      │
│                                                                                                                      │
├─────────────────────────────────────────────────── Replay Buffer ────────────────────────────────────────────────────┤
│                                                                                                                      │
│cache_size=1210.0                      │num_trajectories=1210.0                │total_samples=1210.0                  │
│                                                                                                                      │
├─────────────────────────────────────────────────── Training/Other ───────────────────────────────────────────────────┤
│                                                                                                                      │
│replay/actor_switch_rate=0.0000        │replay/done_rate=0.050                 │replay/intervention_rate=0.0000       │
│replay/intervention_requested_rate=0.0…│replay/record_transition_rate=1.000    │replay/reward_mean=0.0000             │
│replay/reward_positive_rate=0.0000     │replay/transition_count=80.000         │rlt/actor_updates_run=0.0000          │
│rlt/critic_updates_run=0.0000          │rlt/desired_total_updates=0.0000       │rlt/global_min_replay_size=1191.0     │
│rlt/global_total_transitions_added=242…│rlt/global_transitions_since_train=242…│rlt/max_updates_per_train_step=1600.0 │
│rlt/min_replay_buffer_size=10000.0     │rlt/pending_update_budget=0.0000       │rlt/ready_for_online=0.0000           │
│rlt/should_train=0.0000                │rlt/skip_reason=1.000                  │rlt/train_every_episodes=0.0000       │
│rlt/train_every_transitions=1.000      │rlt/update_epoch=5.000                 │rlt/update_step=0.0000                │
│rlt/updates_scheduled=0.0000           │rlt/updates_to_run=0.0000              │rlt/warmup_required_updates=3.00e+04  │
│                                                                                                                      │
╰──────────────────────────────────────────────────────────────────────────────────────────────────────────────────────╯

[36m(ActorGroup(rank=0) pid=391536)[0m /home/chenyiteng/venvs/rlinf-7d07-openpi-robotwin/lib/python3.11/site-packages/torch/distributed/c10d_logger.py:83: UserWarning: barrier(): using the device under current context. You can specify `device_id` in `init_process_group` to mute this warning.
[36m(ActorGroup(rank=0) pid=391536)[0m   return func(*args, **kwargs)
[36m(RolloutGroup(rank=0) pid=391539)[0m Generating Rollout Epochs:   0%|          | 0/1 [00:00<?, ?it/s]
[36m(RolloutGroup(rank=0) pid=391539)[0m Generating Rollout Epochs: 100%|██████████| 1/1 [01:31<00:00, 91.83s/it]Generating Rollout Epochs: 100%|██████████| 1/1 [01:31<00:00, 91.83s/it]

╭──────────────────────────────────────────────────────────────────────────────────────────────────────────────────────╮
├──────────────────────────────────────────────────── Metric Table ────────────────────────────────────────────────────┤
│ Global Step:   17/250 │ Progress: ██░░░░░░░░░░░░░░░░░░░░░░░░░░░░░░░░░░░░░░ │   6.8%                                  │
│ Elapsed: 27:33 │ ETA: 06:17:40 │ Step Time: 97.256s                                                                  │
├──────────────────────────────────────────────────────── Time ────────────────────────────────────────────────────────┤
│                                                                                                                      │
│actor/actor/compute_adv=4.86e-05       │actor/actor/recv_traj=93.349           │actor/actor/sync_model_to_rollout=0.0…│
│actor_training=0.0066                  │cal_adv_and_returns=0.0060             │env/compute_bootstrap_rewards=0.0021  │
│env/env/bootstrap_step=36.981          │env/env/send_rollout_trajectories=0.485│env/env_interact_step=50.549          │
│env/interact=93.306                    │env/run_interact_once=92.337           │generate_rollouts=93.394              │
│rollout/generate_one_epoch=91.834      │rollout/rollout/generate=91.835        │rollout/sync_model_from_actor=0.719   │
│step=94.130                            │sync_weights=0.723                     │                                      │
│                                                                                                                      │
├──────────────────────────────────────────────────── Environment ─────────────────────────────────────────────────────┤
│                                                                                                                      │
│episode_len=200.0                      │num_trajectories=8                     │return=2.5                            │
│reward=0.0125                          │success_once=0.25                      │                                      │
│                                                                                                                      │
├─────────────────────────────────────────────────── Replay Buffer ────────────────────────────────────────────────────┤
│                                                                                                                      │
│cache_size=1281.0                      │num_trajectories=1281.0                │total_samples=1281.0                  │
│                                                                                                                      │
├─────────────────────────────────────────────────── Training/Other ───────────────────────────────────────────────────┤
│                                                                                                                      │
│replay/actor_switch_rate=0.0000        │replay/done_rate=0.056                 │replay/intervention_rate=0.0000       │
│replay/intervention_requested_rate=0.0…│replay/record_transition_rate=1.000    │replay/reward_mean=0.014              │
│replay/reward_positive_rate=0.014      │replay/transition_count=71.000         │rlt/actor_updates_run=0.0000          │
│rlt/critic_updates_run=0.0000          │rlt/desired_total_updates=0.0000       │rlt/global_min_replay_size=1262.0     │
│rlt/global_total_transitions_added=256…│rlt/global_transitions_since_train=256…│rlt/max_updates_per_train_step=1600.0 │
│rlt/min_replay_buffer_size=10000.0     │rlt/pending_update_budget=0.0000       │rlt/ready_for_online=0.0000           │
│rlt/should_train=0.0000                │rlt/skip_reason=1.000                  │rlt/train_every_episodes=0.0000       │
│rlt/train_every_transitions=1.000      │rlt/update_epoch=5.000                 │rlt/update_step=0.0000                │
│rlt/updates_scheduled=0.0000           │rlt/updates_to_run=0.0000              │rlt/warmup_required_updates=3.00e+04  │
│                                                                                                                      │
╰──────────────────────────────────────────────────────────────────────────────────────────────────────────────────────╯

[36m(ActorGroup(rank=0) pid=391536)[0m /home/chenyiteng/venvs/rlinf-7d07-openpi-robotwin/lib/python3.11/site-packages/torch/distributed/c10d_logger.py:83: UserWarning: barrier(): using the device under current context. You can specify `device_id` in `init_process_group` to mute this warning.
[36m(ActorGroup(rank=0) pid=391536)[0m   return func(*args, **kwargs)
[36m(RolloutGroup(rank=0) pid=391539)[0m Generating Rollout Epochs:   0%|          | 0/1 [00:00<?, ?it/s]
[36m(RolloutGroup(rank=0) pid=391539)[0m Generating Rollout Epochs: 100%|██████████| 1/1 [01:28<00:00, 88.74s/it]Generating Rollout Epochs: 100%|██████████| 1/1 [01:28<00:00, 88.74s/it]
[36m(ActorGroup(rank=0) pid=391536)[0m /home/chenyiteng/venvs/rlinf-7d07-openpi-robotwin/lib/python3.11/site-packages/torch/distributed/c10d_logger.py:83: UserWarning: barrier(): using the device under current context. You can specify `device_id` in `init_process_group` to mute this warning.
[36m(ActorGroup(rank=0) pid=391536)[0m   return func(*args, **kwargs)

╭──────────────────────────────────────────────────────────────────────────────────────────────────────────────────────╮
├──────────────────────────────────────────────────── Metric Table ────────────────────────────────────────────────────┤
│ Global Step:   18/250 │ Progress: ██░░░░░░░░░░░░░░░░░░░░░░░░░░░░░░░░░░░░░░ │   7.2%                                  │
│ Elapsed: 29:14 │ ETA: 06:16:47 │ Step Time: 97.448s                                                                  │
├──────────────────────────────────────────────────────── Time ────────────────────────────────────────────────────────┤
│                                                                                                                      │
│actor/actor/compute_adv=4.32e-05       │actor/actor/recv_traj=99.910           │actor/actor/sync_model_to_rollout=0.0…│
│actor_training=0.0066                  │cal_adv_and_returns=0.0054             │env/compute_bootstrap_rewards=0.0021  │
│env/env/bootstrap_step=37.851          │env/env/send_rollout_trajectories=0.495│env/env_interact_step=55.985          │
│env/interact=99.855                    │env/run_interact_once=98.942           │generate_rollouts=99.957              │
│rollout/generate_one_epoch=98.415      │rollout/rollout/generate=98.415        │rollout/sync_model_from_actor=0.713   │
│step=100.7                             │sync_weights=0.718                     │                                      │
│                                                                                                                      │
├──────────────────────────────────────────────────── Environment ─────────────────────────────────────────────────────┤
│                                                                                                                      │
│episode_len=200.0                      │num_trajectories=8                     │return=2.5                            │
│reward=0.0125                          │success_once=0.25                      │                                      │
│                                                                                                                      │
├─────────────────────────────────────────────────── Replay Buffer ────────────────────────────────────────────────────┤
│                                                                                                                      │
│cache_size=1352.0                      │num_trajectories=1352.0                │total_samples=1352.0                  │
│                                                                                                                      │
├─────────────────────────────────────────────────── Training/Other ───────────────────────────────────────────────────┤
│                                                                                                                      │
│replay/actor_switch_rate=0.0000        │replay/done_rate=0.057                 │replay/intervention_rate=0.0000       │
│replay/intervention_requested_rate=0.0…│replay/record_transition_rate=1.000    │replay/reward_mean=0.016              │
│replay/reward_positive_rate=0.016      │replay/transition_count=71.000         │rlt/actor_updates_run=0.0000          │
│rlt/critic_updates_run=0.0000          │rlt/desired_total_updates=0.0000       │rlt/global_min_replay_size=1342.0     │
│rlt/global_total_transitions_added=270…│rlt/global_transitions_since_train=270…│rlt/max_updates_per_train_step=1600.0 │
│rlt/min_replay_buffer_size=10000.0     │rlt/pending_update_budget=0.0000       │rlt/ready_for_online=0.0000           │
│rlt/should_train=0.0000                │rlt/skip_reason=1.000                  │rlt/train_every_episodes=0.0000       │
│rlt/train_every_transitions=1.000      │rlt/update_epoch=5.000                 │rlt/update_step=0.0000                │
│rlt/updates_scheduled=0.0000           │rlt/updates_to_run=0.0000              │rlt/warmup_required_updates=3.00e+04  │
│                                                                                                                      │
╰──────────────────────────────────────────────────────────────────────────────────────────────────────────────────────╯

[36m(RolloutGroup(rank=0) pid=391539)[0m Generating Rollout Epochs:   0%|          | 0/1 [00:00<?, ?it/s]
[36m(RolloutGroup(rank=0) pid=391539)[0m Generating Rollout Epochs: 100%|██████████| 1/1 [01:31<00:00, 91.21s/it]Generating Rollout Epochs: 100%|██████████| 1/1 [01:31<00:00, 91.21s/it]

╭──────────────────────────────────────────────────────────────────────────────────────────────────────────────────────╮
├──────────────────────────────────────────────────── Metric Table ────────────────────────────────────────────────────┤
│ Global Step:   19/250 │ Progress: ███░░░░░░░░░░░░░░░░░░░░░░░░░░░░░░░░░░░░░ │   7.6%                                  │
│ Elapsed: 30:55 │ ETA: 06:15:53 │ Step Time: 97.635s                                                                  │
├──────────────────────────────────────────────────────── Time ────────────────────────────────────────────────────────┤
│                                                                                                                      │
│actor/actor/compute_adv=3.27e-05       │actor/actor/recv_traj=100.2            │actor/actor/sync_model_to_rollout=0.0…│
│actor_training=0.0038                  │cal_adv_and_returns=0.0035             │env/compute_bootstrap_rewards=0.0022  │
│env/env/bootstrap_step=37.549          │env/env/send_rollout_trajectories=0.462│env/env_interact_step=56.977          │
│env/interact=100.2                     │env/run_interact_once=99.492           │generate_rollouts=100.3               │
│rollout/generate_one_epoch=99.136      │rollout/rollout/generate=99.136        │rollout/sync_model_from_actor=0.701   │
│step=101.0                             │sync_weights=0.705                     │                                      │
│                                                                                                                      │
├──────────────────────────────────────────────────── Environment ─────────────────────────────────────────────────────┤
│                                                                                                                      │
│episode_len=200.0                      │num_trajectories=8                     │return=1.25                           │
│reward=0.00625                         │success_once=0.125                     │                                      │
│                                                                                                                      │
├─────────────────────────────────────────────────── Replay Buffer ────────────────────────────────────────────────────┤
│                                                                                                                      │
│cache_size=1427.5                      │num_trajectories=1427.5                │total_samples=1427.5                  │
│                                                                                                                      │
├─────────────────────────────────────────────────── Training/Other ───────────────────────────────────────────────────┤
│                                                                                                                      │
│replay/actor_switch_rate=0.0000        │replay/done_rate=0.053                 │replay/intervention_rate=0.0000       │
│replay/intervention_requested_rate=0.0…│replay/record_transition_rate=1.000    │replay/reward_mean=0.0070             │
│replay/reward_positive_rate=0.0070     │replay/transition_count=75.500         │rlt/actor_updates_run=0.0000          │
│rlt/critic_updates_run=0.0000          │rlt/desired_total_updates=0.0000       │rlt/global_min_replay_size=1413.0     │
│rlt/global_total_transitions_added=285…│rlt/global_transitions_since_train=285…│rlt/max_updates_per_train_step=1600.0 │
│rlt/min_replay_buffer_size=10000.0     │rlt/pending_update_budget=0.0000       │rlt/ready_for_online=0.0000           │
│rlt/should_train=0.0000                │rlt/skip_reason=1.000                  │rlt/train_every_episodes=0.0000       │
│rlt/train_every_transitions=1.000      │rlt/update_epoch=5.000                 │rlt/update_step=0.0000                │
│rlt/updates_scheduled=0.0000           │rlt/updates_to_run=0.0000              │rlt/warmup_required_updates=3.00e+04  │
│                                                                                                                      │
╰──────────────────────────────────────────────────────────────────────────────────────────────────────────────────────╯

[36m(ActorGroup(rank=0) pid=391536)[0m /home/chenyiteng/venvs/rlinf-7d07-openpi-robotwin/lib/python3.11/site-packages/torch/distributed/c10d_logger.py:83: UserWarning: barrier(): using the device under current context. You can specify `device_id` in `init_process_group` to mute this warning.
[36m(ActorGroup(rank=0) pid=391536)[0m   return func(*args, **kwargs)
[36m(RolloutGroup(rank=0) pid=391539)[0m Generating Rollout Epochs:   0%|          | 0/1 [00:00<?, ?it/s]
[36m(RolloutGroup(rank=0) pid=391539)[0m Generating Rollout Epochs: 100%|██████████| 1/1 [01:22<00:00, 82.76s/it]Generating Rollout Epochs: 100%|██████████| 1/1 [01:22<00:00, 82.76s/it]

╭──────────────────────────────────────────────────────────────────────────────────────────────────────────────────────╮
├──────────────────────────────────────────────────── Metric Table ────────────────────────────────────────────────────┤
│ Global Step:   20/250 │ Progress: ███░░░░░░░░░░░░░░░░░░░░░░░░░░░░░░░░░░░░░ │   8.0%                                  │
│ Elapsed: 32:20 │ ETA: 06:11:55 │ Step Time: 97.023s                                                                  │
├──────────────────────────────────────────────────────── Time ────────────────────────────────────────────────────────┤
│                                                                                                                      │
│actor/actor/compute_adv=1.60e-05       │actor/actor/recv_traj=84.825           │actor/actor/sync_model_to_rollout=0.0…│
│actor_training=0.0027                  │cal_adv_and_returns=0.0030             │env/compute_bootstrap_rewards=0.0015  │
│env/env/bootstrap_step=32.378          │env/env/send_rollout_trajectories=0.332│env/env_interact_step=47.707          │
│env/interact=84.790                    │env/run_interact_once=84.073           │generate_rollouts=84.866              │
│rollout/generate_one_epoch=83.719      │rollout/rollout/generate=83.719        │rollout/sync_model_from_actor=0.498   │
│step=85.374                            │sync_weights=0.502                     │                                      │
│                                                                                                                      │
├──────────────────────────────────────────────────── Environment ─────────────────────────────────────────────────────┤
│                                                                                                                      │
│episode_len=200.0                      │num_trajectories=8                     │return=1.25                           │
│reward=0.00625                         │success_once=0.125                     │                                      │
│                                                                                                                      │
├─────────────────────────────────────────────────── Replay Buffer ────────────────────────────────────────────────────┤
│                                                                                                                      │
│cache_size=1503.0                      │num_trajectories=1503.0                │total_samples=1503.0                  │
│                                                                                                                      │
├─────────────────────────────────────────────────── Training/Other ───────────────────────────────────────────────────┤
│                                                                                                                      │
│replay/actor_switch_rate=0.0000        │replay/done_rate=0.053                 │replay/intervention_rate=0.0000       │
│replay/intervention_requested_rate=0.0…│replay/record_transition_rate=1.000    │replay/reward_mean=0.0070             │
│replay/reward_positive_rate=0.0070     │replay/transition_count=75.500         │rlt/actor_updates_run=0.0000          │
│rlt/critic_updates_run=0.0000          │rlt/desired_total_updates=0.0000       │rlt/global_min_replay_size=1484.0     │
│rlt/global_total_transitions_added=300…│rlt/global_transitions_since_train=300…│rlt/max_updates_per_train_step=1600.0 │
│rlt/min_replay_buffer_size=10000.0     │rlt/pending_update_budget=0.0000       │rlt/ready_for_online=0.0000           │
│rlt/should_train=0.0000                │rlt/skip_reason=1.000                  │rlt/train_every_episodes=0.0000       │
│rlt/train_every_transitions=1.000      │rlt/update_epoch=5.000                 │rlt/update_step=0.0000                │
│rlt/updates_scheduled=0.0000           │rlt/updates_to_run=0.0000              │rlt/warmup_required_updates=3.00e+04  │
│                                                                                                                      │
╰──────────────────────────────────────────────────────────────────────────────────────────────────────────────────────╯

[36m(ActorGroup(rank=0) pid=391536)[0m /home/chenyiteng/venvs/rlinf-7d07-openpi-robotwin/lib/python3.11/site-packages/torch/distributed/c10d_logger.py:83: UserWarning: barrier(): using the device under current context. You can specify `device_id` in `init_process_group` to mute this warning.
[36m(ActorGroup(rank=0) pid=391536)[0m   return func(*args, **kwargs)
[36m(RolloutGroup(rank=0) pid=391539)[0m Generating Rollout Epochs:   0%|          | 0/1 [00:00<?, ?it/s]
[36m(RolloutGroup(rank=0) pid=391539)[0m Generating Rollout Epochs: 100%|██████████| 1/1 [01:24<00:00, 84.01s/it]Generating Rollout Epochs: 100%|██████████| 1/1 [01:24<00:00, 84.02s/it]

╭──────────────────────────────────────────────────────────────────────────────────────────────────────────────────────╮
├──────────────────────────────────────────────────── Metric Table ────────────────────────────────────────────────────┤
│ Global Step:   21/250 │ Progress: ███░░░░░░░░░░░░░░░░░░░░░░░░░░░░░░░░░░░░░ │   8.4%                                  │
│ Elapsed: 33:45 │ ETA: 06:08:12 │ Step Time: 96.476s                                                                  │
├──────────────────────────────────────────────────────── Time ────────────────────────────────────────────────────────┤
│                                                                                                                      │
│actor/actor/compute_adv=3.26e-05       │actor/actor/recv_traj=84.953           │actor/actor/sync_model_to_rollout=0.0…│
│actor_training=0.0042                  │cal_adv_and_returns=0.0045             │env/compute_bootstrap_rewards=0.0019  │
│env/env/bootstrap_step=30.973          │env/env/send_rollout_trajectories=0.348│env/env_interact_step=48.896          │
│env/interact=84.924                    │env/run_interact_once=84.355           │generate_rollouts=84.993              │
│rollout/generate_one_epoch=84.014      │rollout/rollout/generate=84.016        │rollout/sync_model_from_actor=0.498   │
│step=85.503                            │sync_weights=0.501                     │                                      │
│                                                                                                                      │
├──────────────────────────────────────────────────── Environment ─────────────────────────────────────────────────────┤
│                                                                                                                      │
│episode_len=200.0                      │num_trajectories=8                     │return=2.375                          │
│reward=0.011875                        │success_once=0.25                      │                                      │
│                                                                                                                      │
├─────────────────────────────────────────────────── Replay Buffer ────────────────────────────────────────────────────┤
│                                                                                                                      │
│cache_size=1574.5                      │num_trajectories=1574.5                │total_samples=1574.5                  │
│                                                                                                                      │
├─────────────────────────────────────────────────── Training/Other ───────────────────────────────────────────────────┤
│                                                                                                                      │
│replay/actor_switch_rate=0.0000        │replay/done_rate=0.056                 │replay/intervention_rate=0.0000       │
│replay/intervention_requested_rate=0.0…│replay/record_transition_rate=1.000    │replay/reward_mean=0.014              │
│replay/reward_positive_rate=0.014      │replay/transition_count=71.500         │rlt/actor_updates_run=0.0000          │
│rlt/critic_updates_run=0.0000          │rlt/desired_total_updates=0.0000       │rlt/global_min_replay_size=1556.0     │
│rlt/global_total_transitions_added=314…│rlt/global_transitions_since_train=314…│rlt/max_updates_per_train_step=1600.0 │
│rlt/min_replay_buffer_size=10000.0     │rlt/pending_update_budget=0.0000       │rlt/ready_for_online=0.0000           │
│rlt/should_train=0.0000                │rlt/skip_reason=1.000                  │rlt/train_every_episodes=0.0000       │
│rlt/train_every_transitions=1.000      │rlt/update_epoch=5.000                 │rlt/update_step=0.0000                │
│rlt/updates_scheduled=0.0000           │rlt/updates_to_run=0.0000              │rlt/warmup_required_updates=3.00e+04  │
│                                                                                                                      │
╰──────────────────────────────────────────────────────────────────────────────────────────────────────────────────────╯

[36m(ActorGroup(rank=0) pid=391536)[0m /home/chenyiteng/venvs/rlinf-7d07-openpi-robotwin/lib/python3.11/site-packages/torch/distributed/c10d_logger.py:83: UserWarning: barrier(): using the device under current context. You can specify `device_id` in `init_process_group` to mute this warning.
[36m(ActorGroup(rank=0) pid=391536)[0m   return func(*args, **kwargs)
[36m(RolloutGroup(rank=0) pid=391539)[0m Generating Rollout Epochs:   0%|          | 0/1 [00:00<?, ?it/s]
[36m(RolloutGroup(rank=0) pid=391539)[0m Generating Rollout Epochs: 100%|██████████| 1/1 [01:26<00:00, 86.61s/it]Generating Rollout Epochs: 100%|██████████| 1/1 [01:26<00:00, 86.61s/it]

╭──────────────────────────────────────────────────────────────────────────────────────────────────────────────────────╮
├──────────────────────────────────────────────────── Metric Table ────────────────────────────────────────────────────┤
│ Global Step:   22/250 │ Progress: ███░░░░░░░░░░░░░░░░░░░░░░░░░░░░░░░░░░░░░ │   8.8%                                  │
│ Elapsed: 35:15 │ ETA: 06:05:19 │ Step Time: 96.138s                                                                  │
├──────────────────────────────────────────────────────── Time ────────────────────────────────────────────────────────┤
│                                                                                                                      │
│actor/actor/compute_adv=3.73e-05       │actor/actor/recv_traj=88.457           │actor/actor/sync_model_to_rollout=0.0…│
│actor_training=0.0035                  │cal_adv_and_returns=0.0027             │env/compute_bootstrap_rewards=0.0020  │
│env/env/bootstrap_step=31.894          │env/env/send_rollout_trajectories=0.334│env/env_interact_step=51.573          │
│env/interact=88.421                    │env/run_interact_once=87.771           │generate_rollouts=88.500              │
│rollout/generate_one_epoch=87.420      │rollout/rollout/generate=87.420        │rollout/sync_model_from_actor=0.503   │
│step=89.014                            │sync_weights=0.507                     │                                      │
│                                                                                                                      │
├──────────────────────────────────────────────────── Environment ─────────────────────────────────────────────────────┤
│                                                                                                                      │
│episode_len=200.0                      │num_trajectories=8                     │return=0.0                            │
│reward=0.0                             │success_once=0.0                       │                                      │
│                                                                                                                      │
├─────────────────────────────────────────────────── Replay Buffer ────────────────────────────────────────────────────┤
│                                                                                                                      │
│cache_size=1654.5                      │num_trajectories=1654.5                │total_samples=1654.5                  │
│                                                                                                                      │
├─────────────────────────────────────────────────── Training/Other ───────────────────────────────────────────────────┤
│                                                                                                                      │
│replay/actor_switch_rate=0.0000        │replay/done_rate=0.050                 │replay/intervention_rate=0.0000       │
│replay/intervention_requested_rate=0.0…│replay/record_transition_rate=1.000    │replay/reward_mean=0.0000             │
│replay/reward_positive_rate=0.0000     │replay/transition_count=80.000         │rlt/actor_updates_run=0.0000          │
│rlt/critic_updates_run=0.0000          │rlt/desired_total_updates=0.0000       │rlt/global_min_replay_size=1636.0     │
│rlt/global_total_transitions_added=330…│rlt/global_transitions_since_train=330…│rlt/max_updates_per_train_step=1600.0 │
│rlt/min_replay_buffer_size=10000.0     │rlt/pending_update_budget=0.0000       │rlt/ready_for_online=0.0000           │
│rlt/should_train=0.0000                │rlt/skip_reason=1.000                  │rlt/train_every_episodes=0.0000       │
│rlt/train_every_transitions=1.000      │rlt/update_epoch=5.000                 │rlt/update_step=0.0000                │
│rlt/updates_scheduled=0.0000           │rlt/updates_to_run=0.0000              │rlt/warmup_required_updates=3.00e+04  │
│                                                                                                                      │
╰──────────────────────────────────────────────────────────────────────────────────────────────────────────────────────╯

[36m(ActorGroup(rank=0) pid=391536)[0m /home/chenyiteng/venvs/rlinf-7d07-openpi-robotwin/lib/python3.11/site-packages/torch/distributed/c10d_logger.py:83: UserWarning: barrier(): using the device under current context. You can specify `device_id` in `init_process_group` to mute this warning.
[36m(ActorGroup(rank=0) pid=391536)[0m   return func(*args, **kwargs)
[36m(RolloutGroup(rank=0) pid=391539)[0m Generating Rollout Epochs:   0%|          | 0/1 [00:00<?, ?it/s]
[36m(RolloutGroup(rank=0) pid=391539)[0m Generating Rollout Epochs: 100%|██████████| 1/1 [01:21<00:00, 81.20s/it]Generating Rollout Epochs: 100%|██████████| 1/1 [01:21<00:00, 81.20s/it]
[36m(ActorGroup(rank=0) pid=391536)[0m /home/chenyiteng/venvs/rlinf-7d07-openpi-robotwin/lib/python3.11/site-packages/torch/distributed/c10d_logger.py:83: UserWarning: barrier(): using the device under current context. You can specify `device_id` in `init_process_group` to mute this warning.
[36m(ActorGroup(rank=0) pid=391536)[0m   return func(*args, **kwargs)

╭──────────────────────────────────────────────────────────────────────────────────────────────────────────────────────╮
├──────────────────────────────────────────────────── Metric Table ────────────────────────────────────────────────────┤
│ Global Step:   23/250 │ Progress: ███░░░░░░░░░░░░░░░░░░░░░░░░░░░░░░░░░░░░░ │   9.2%                                  │
│ Elapsed: 36:37 │ ETA: 06:01:31 │ Step Time: 95.558s                                                                  │
├──────────────────────────────────────────────────────── Time ────────────────────────────────────────────────────────┤
│                                                                                                                      │
│actor/actor/compute_adv=3.51e-05       │actor/actor/recv_traj=82.250           │actor/actor/sync_model_to_rollout=0.0…│
│actor_training=0.0031                  │cal_adv_and_returns=0.0033             │env/compute_bootstrap_rewards=0.0016  │
│env/env/bootstrap_step=30.774          │env/env/send_rollout_trajectories=0.326│env/env_interact_step=46.671          │
│env/interact=82.224                    │env/run_interact_once=81.550           │generate_rollouts=82.289              │
│rollout/generate_one_epoch=81.204      │rollout/rollout/generate=81.205        │rollout/sync_model_from_actor=0.476   │
│step=82.775                            │sync_weights=0.478                     │                                      │
│                                                                                                                      │
├──────────────────────────────────────────────────── Environment ─────────────────────────────────────────────────────┤
│                                                                                                                      │
│episode_len=200.0                      │num_trajectories=8                     │return=2.75                           │
│reward=0.01375                         │success_once=0.25                      │                                      │
│                                                                                                                      │
├─────────────────────────────────────────────────── Replay Buffer ────────────────────────────────────────────────────┤
│                                                                                                                      │
│cache_size=1724.5                      │num_trajectories=1724.5                │total_samples=1724.5                  │
│                                                                                                                      │
├─────────────────────────────────────────────────── Training/Other ───────────────────────────────────────────────────┤
│                                                                                                                      │
│replay/actor_switch_rate=0.0000        │replay/done_rate=0.057                 │replay/intervention_rate=0.0000       │
│replay/intervention_requested_rate=0.0…│replay/record_transition_rate=1.000    │replay/reward_mean=0.014              │
│replay/reward_positive_rate=0.014      │replay/transition_count=70.000         │rlt/actor_updates_run=0.0000          │
│rlt/critic_updates_run=0.0000          │rlt/desired_total_updates=0.0000       │rlt/global_min_replay_size=1706.0     │
│rlt/global_total_transitions_added=344…│rlt/global_transitions_since_train=344…│rlt/max_updates_per_train_step=1600.0 │
│rlt/min_replay_buffer_size=10000.0     │rlt/pending_update_budget=0.0000       │rlt/ready_for_online=0.0000           │
│rlt/should_train=0.0000                │rlt/skip_reason=1.000                  │rlt/train_every_episodes=0.0000       │
│rlt/train_every_transitions=1.000      │rlt/update_epoch=5.000                 │rlt/update_step=0.0000                │
│rlt/updates_scheduled=0.0000           │rlt/updates_to_run=0.0000              │rlt/warmup_required_updates=3.00e+04  │
│                                                                                                                      │
╰──────────────────────────────────────────────────────────────────────────────────────────────────────────────────────╯

[36m(RolloutGroup(rank=0) pid=391539)[0m Generating Rollout Epochs:   0%|          | 0/1 [00:00<?, ?it/s]
[36m(RolloutGroup(rank=0) pid=391539)[0m Generating Rollout Epochs: 100%|██████████| 1/1 [01:33<00:00, 93.91s/it]Generating Rollout Epochs: 100%|██████████| 1/1 [01:33<00:00, 93.91s/it]

╭──────────────────────────────────────────────────────────────────────────────────────────────────────────────────────╮
├──────────────────────────────────────────────────── Metric Table ────────────────────────────────────────────────────┤
│ Global Step:   24/250 │ Progress: ███░░░░░░░░░░░░░░░░░░░░░░░░░░░░░░░░░░░░░ │   9.6%                                  │
│ Elapsed: 38:13 │ ETA: 05:59:56 │ Step Time: 95.559s                                                                  │
├──────────────────────────────────────────────────────── Time ────────────────────────────────────────────────────────┤
│                                                                                                                      │
│actor/actor/compute_adv=3.28e-05       │actor/actor/recv_traj=95.031           │actor/actor/sync_model_to_rollout=0.0…│
│actor_training=0.0047                  │cal_adv_and_returns=0.0034             │env/compute_bootstrap_rewards=0.0021  │
│env/env/bootstrap_step=32.162          │env/env/send_rollout_trajectories=0.482│env/env_interact_step=57.068          │
│env/interact=94.999                    │env/run_interact_once=94.291           │generate_rollouts=95.070              │
│rollout/generate_one_epoch=93.912      │rollout/rollout/generate=93.912        │rollout/sync_model_from_actor=0.483   │
│step=95.565                            │sync_weights=0.486                     │                                      │
│                                                                                                                      │
├──────────────────────────────────────────────────── Environment ─────────────────────────────────────────────────────┤
│                                                                                                                      │
│episode_len=200.0                      │num_trajectories=8                     │return=1.375                          │
│reward=0.006875                        │success_once=0.125                     │                                      │
│                                                                                                                      │
├─────────────────────────────────────────────────── Replay Buffer ────────────────────────────────────────────────────┤
│                                                                                                                      │
│cache_size=1799.5                      │num_trajectories=1799.5                │total_samples=1799.5                  │
│                                                                                                                      │
├─────────────────────────────────────────────────── Training/Other ───────────────────────────────────────────────────┤
│                                                                                                                      │
│replay/actor_switch_rate=0.0000        │replay/done_rate=0.054                 │replay/intervention_rate=0.0000       │
│replay/intervention_requested_rate=0.0…│replay/record_transition_rate=1.000    │replay/reward_mean=0.0071             │
│replay/reward_positive_rate=0.0071     │replay/transition_count=75.000         │rlt/actor_updates_run=0.0000          │
│rlt/critic_updates_run=0.0000          │rlt/desired_total_updates=0.0000       │rlt/global_min_replay_size=1786.0     │
│rlt/global_total_transitions_added=359…│rlt/global_transitions_since_train=359…│rlt/max_updates_per_train_step=1600.0 │
│rlt/min_replay_buffer_size=10000.0     │rlt/pending_update_budget=0.0000       │rlt/ready_for_online=0.0000           │
│rlt/should_train=0.0000                │rlt/skip_reason=1.000                  │rlt/train_every_episodes=0.0000       │
│rlt/train_every_transitions=1.000      │rlt/update_epoch=5.000                 │rlt/update_step=0.0000                │
│rlt/updates_scheduled=0.0000           │rlt/updates_to_run=0.0000              │rlt/warmup_required_updates=3.00e+04  │
│                                                                                                                      │
╰──────────────────────────────────────────────────────────────────────────────────────────────────────────────────────╯

[36m(ActorGroup(rank=0) pid=391536)[0m /home/chenyiteng/venvs/rlinf-7d07-openpi-robotwin/lib/python3.11/site-packages/torch/distributed/c10d_logger.py:83: UserWarning: barrier(): using the device under current context. You can specify `device_id` in `init_process_group` to mute this warning.
[36m(ActorGroup(rank=0) pid=391536)[0m   return func(*args, **kwargs)
[36m(RolloutGroup(rank=0) pid=391539)[0m Generating Rollout Epochs:   0%|          | 0/1 [00:00<?, ?it/s]
[36m(RolloutGroup(rank=0) pid=391539)[0m Generating Rollout Epochs: 100%|██████████| 1/1 [01:26<00:00, 86.67s/it]Generating Rollout Epochs: 100%|██████████| 1/1 [01:26<00:00, 86.67s/it]
[36m(ActorGroup(rank=0) pid=391536)[0m /home/chenyiteng/venvs/rlinf-7d07-openpi-robotwin/lib/python3.11/site-packages/torch/distributed/c10d_logger.py:83: UserWarning: barrier(): using the device under current context. You can specify `device_id` in `init_process_group` to mute this warning.
[36m(ActorGroup(rank=0) pid=391536)[0m   return func(*args, **kwargs)
[36m(RolloutGroup(rank=0) pid=391539)[0m Evaluating Rollout Epochs:   0%|          | 0/5 [00:00<?, ?it/s]
[36m(RolloutGroup(rank=0) pid=391539)[0m Evaluating Rollout Epochs:  20%|██        | 1/5 [00:42<02:51, 42.86s/it]
[36m(RolloutGroup(rank=0) pid=391539)[0m Evaluating Rollout Epochs:  40%|████      | 2/5 [01:23<02:04, 41.63s/it]
[36m(RolloutGroup(rank=0) pid=391539)[0m Evaluating Rollout Epochs:  60%|██████    | 3/5 [02:03<01:21, 40.90s/it]
[36m(RolloutGroup(rank=0) pid=391539)[0m Evaluating Rollout Epochs:  80%|████████  | 4/5 [02:44<00:40, 40.71s/it]
[36m(RolloutGroup(rank=0) pid=391539)[0m Evaluating Rollout Epochs: 100%|██████████| 5/5 [03:23<00:00, 40.35s/it]Evaluating Rollout Epochs: 100%|██████████| 5/5 [03:23<00:00, 40.76s/it]
[INFO 17:39:19 RLinf] Saving checkpoint at step 25.
[36m(ActorGroup(rank=0) pid=391536)[0m /home/chenyiteng/venvs/rlinf-7d07-openpi-robotwin/lib/python3.11/site-packages/torch/distributed/c10d_logger.py:83: UserWarning: barrier(): using the device under current context. You can specify `device_id` in `init_process_group` to mute this warning.
[36m(ActorGroup(rank=0) pid=391536)[0m   return func(*args, **kwargs)
[36m(ActorGroup(rank=0) pid=391536)[0m /home/chenyiteng/venvs/rlinf-7d07-openpi-robotwin/lib/python3.11/site-packages/torch/distributed/fsdp/_optim_utils.py:1173: UserWarning: `_get_pg_default_device` will be deprecated, it only stays for backward-compatibility reason. If you need to find a device for object collectives, please use `_get_object_coll_device`. If you need to query the device types supported by group, please use `_device_capability(group)`. 
[36m(ActorGroup(rank=0) pid=391536)[0m   device = _get_pg_default_device(group)
[36m(ActorGroup(rank=0) pid=391536)[0m /home/chenyiteng/venvs/rlinf-7d07-openpi-robotwin/lib/python3.11/site-packages/torch/distributed/fsdp/_optim_utils.py:1173: UserWarning: `_get_pg_default_device` will be deprecated, it only stays for backward-compatibility reason. If you need to find a device for object collectives, please use `_get_object_coll_device`. If you need to query the device types supported by group, please use `_device_capability(group)`. 
[36m(ActorGroup(rank=0) pid=391536)[0m   device = _get_pg_default_device(group)
[36m(ActorGroup(rank=1) pid=391538)[0m /home/chenyiteng/venvs/rlinf-7d07-openpi-robotwin/lib/python3.11/site-packages/torch/distributed/fsdp/_optim_utils.py:1173: UserWarning: `_get_pg_default_device` will be deprecated, it only stays for backward-compatibility reason. If you need to find a device for object collectives, please use `_get_object_coll_device`. If you need to query the device types supported by group, please use `_device_capability(group)`. 
[36m(ActorGroup(rank=1) pid=391538)[0m   device = _get_pg_default_device(group)
[36m(ActorGroup(rank=1) pid=391538)[0m /home/chenyiteng/venvs/rlinf-7d07-openpi-robotwin/lib/python3.11/site-packages/torch/distributed/fsdp/_optim_utils.py:1173: UserWarning: `_get_pg_default_device` will be deprecated, it only stays for backward-compatibility reason. If you need to find a device for object collectives, please use `_get_object_coll_device`. If you need to query the device types supported by group, please use `_device_capability(group)`. 
[36m(ActorGroup(rank=1) pid=391538)[0m   device = _get_pg_default_device(group)
Exception occurred while running RLTACFSDPPolicy's function save_checkpoint: exception is The actor died unexpectedly before finishing this task.
	class_name: RLTACFSDPPolicy
	actor_id: dd9d7e2355d5c74abb9b9a8c0b000000
	pid: 391536
	name: ActorGroup:0
	namespace: RLinf
	ip: 172.17.0.1
The actor is dead because it was killed by `ray.kill`.
Error executing job with overrides: ['cluster.component_placement={actor\\,env\\,rollout:4-5}', 'runner.logger.log_path=/data/chenyiteng/results/rlinf-rlt/formal-current-ar-stage2-8env250-20260824-v3', 'runner.logger.experiment_name=robotwin_adjust_bottle_rlt_stage2_current_ar_8env250_output_isolated_v2', 'runner.resume_dir=null', 'runner.ckpt_path=null', 'env.train.video_cfg.save_video=false', 'env.train.video_cfg.video_base_dir=/data/chenyiteng/results/rlinf-rlt/formal-current-ar-stage2-8env250-20260824-v3/video/train', 'env.train.task_config.save_path=/data/chenyiteng/results/rlinf-rlt/formal-current-ar-stage2-8env250-20260824-v3/robotwin_data/train', 'env.eval.video_cfg.save_video=false', 'env.eval.video_cfg.video_base_dir=/data/chenyiteng/results/rlinf-rlt/formal-current-ar-stage2-8env250-20260824-v3/video/eval', 'env.eval.task_config.save_path=/data/chenyiteng/results/rlinf-rlt/formal-current-ar-stage2-8env250-20260824-v3/robotwin_data/eval']
Traceback (most recent call last):
  File "/data/chenyiteng/projects/rlinf-shenzhen/worktrees/rlt-pi0-robotwin-ar-7d07a421/examples/embodiment/train_embodied_agent.py", line 183, in <module>
    main()
  File "/home/chenyiteng/venvs/rlinf-7d07-openpi-robotwin/lib/python3.11/site-packages/hydra/main.py", line 94, in decorated_main
    _run_hydra(
  File "/home/chenyiteng/venvs/rlinf-7d07-openpi-robotwin/lib/python3.11/site-packages/hydra/_internal/utils.py", line 394, in _run_hydra
    _run_app(
  File "/home/chenyiteng/venvs/rlinf-7d07-openpi-robotwin/lib/python3.11/site-packages/hydra/_internal/utils.py", line 457, in _run_app
    run_and_report(
  File "/home/chenyiteng/venvs/rlinf-7d07-openpi-robotwin/lib/python3.11/site-packages/hydra/_internal/utils.py", line 223, in run_and_report
    raise ex
  File "/home/chenyiteng/venvs/rlinf-7d07-openpi-robotwin/lib/python3.11/site-packages/hydra/_internal/utils.py", line 220, in run_and_report
    return func()
           ^^^^^^
  File "/home/chenyiteng/venvs/rlinf-7d07-openpi-robotwin/lib/python3.11/site-packages/hydra/_internal/utils.py", line 458, in <lambda>
    lambda: hydra.run(
            ^^^^^^^^^^
  File "/home/chenyiteng/venvs/rlinf-7d07-openpi-robotwin/lib/python3.11/site-packages/hydra/_internal/hydra.py", line 132, in run
    _ = ret.return_value
        ^^^^^^^^^^^^^^^^
  File "/home/chenyiteng/venvs/rlinf-7d07-openpi-robotwin/lib/python3.11/site-packages/hydra/core/utils.py", line 260, in return_value
    raise self._return_value
  File "/home/chenyiteng/venvs/rlinf-7d07-openpi-robotwin/lib/python3.11/site-packages/hydra/core/utils.py", line 186, in run_job
    ret.return_value = task_function(task_cfg)
                       ^^^^^^^^^^^^^^^^^^^^^^^
  File "/data/chenyiteng/projects/rlinf-shenzhen/worktrees/rlt-pi0-robotwin-ar-7d07a421/examples/embodiment/train_embodied_agent.py", line 172, in main
    runner.run()
  File "/data/chenyiteng/projects/rlinf-shenzhen/worktrees/rlt-pi0-robotwin-ar-7d07a421/rlinf/runners/embodied_runner.py", line 545, in run
    eval_metrics = self._maybe_eval_and_checkpoint(_step)
                   ^^^^^^^^^^^^^^^^^^^^^^^^^^^^^^^^^^^^^^
  File "/data/chenyiteng/projects/rlinf-shenzhen/worktrees/rlt-pi0-robotwin-ar-7d07a421/rlinf/runners/embodied_runner.py", line 327, in _maybe_eval_and_checkpoint
    self._save_checkpoint()
  File "/data/chenyiteng/projects/rlinf-shenzhen/worktrees/rlt-pi0-robotwin-ar-7d07a421/rlinf/runners/embodied_runner.py", line 653, in _save_checkpoint
    self.actor.save_checkpoint(actor_save_path, self.global_step).wait()
  File "/data/chenyiteng/projects/rlinf-shenzhen/worktrees/rlt-pi0-robotwin-ar-7d07a421/rlinf/scheduler/worker/worker_group.py", line 546, in wait
    self._wait_thread.join()
  File "/home/chenyiteng/.local/share/uv/python/cpython-3.11.14-linux-x86_64-gnu/lib/python3.11/threading.py", line 1119, in join
    self._wait_for_tstate_lock()
  File "/home/chenyiteng/.local/share/uv/python/cpython-3.11.14-linux-x86_64-gnu/lib/python3.11/threading.py", line 1139, in _wait_for_tstate_lock
    if lock.acquire(block, timeout):
       ^^^^^^^^^^^^^^^^^^^^^^^^^^^^
  File "/data/chenyiteng/projects/rlinf-shenzhen/worktrees/rlt-pi0-robotwin-ar-7d07a421/rlinf/scheduler/cluster/cluster.py", line 477, in signal_handler
    actor = ray.get_actor(actor_state.name)
            ^^^^^^^^^^^^^^^^^^^^^^^^^^^^^^^
  File "/home/chenyiteng/venvs/rlinf-7d07-openpi-robotwin/lib/python3.11/site-packages/ray/_private/auto_init_hook.py", line 22, in auto_init_wrapper
    return fn(*args, **kwargs)
           ^^^^^^^^^^^^^^^^^^^
  File "/home/chenyiteng/venvs/rlinf-7d07-openpi-robotwin/lib/python3.11/site-packages/ray/_private/client_mode_hook.py", line 134, in wrapper
    return func(*args, **kwargs)
           ^^^^^^^^^^^^^^^^^^^^^
  File "/home/chenyiteng/venvs/rlinf-7d07-openpi-robotwin/lib/python3.11/site-packages/ray/_private/worker.py", line 3446, in get_actor
    return worker.core_worker.get_named_actor_handle(name, namespace or "")
           ^^^^^^^^^^^^^^^^^^^^^^^^^^^^^^^^^^^^^^^^^^^^^^^^^^^^^^^^^^^^^^^^
  File "python/ray/_raylet.pyx", line 4514, in ray._raylet.CoreWorker.get_named_actor_handle
  File "python/ray/includes/common.pxi", line 109, in ray._raylet.check_status
ValueError: Failed to look up actor with name 'NodeManager'. This could because 1. You are trying to look up a named actor you didn't create. 2. The named actor died. 3. You did not use a namespace matching the namespace of the actor.
